Hinf,Tw,eta,H,F,G,T
-0.6,1.046764710372206,0.0,0.0,0.0,0.0,1.046764710372206
-0.6,1.046764710372206,0.05,-0.0011659944346258035,0.022934701957516644,0.02938492200027513,1.0460567798339901
-0.6,1.046764710372206,0.1,-0.004512264434668248,0.04362897272920835,0.058658003530126415,1.04534888363956
-0.6,1.046764710372206,0.15000000000000002,-0.009821727331128606,0.06222123372043891,0.08772022079826725,1.044641106592997
-0.6,1.046764710372206,0.2,-0.016890903171872047,0.07884508775425865,0.11648538780393053,1.0439335834885042
-0.6,1.046764710372206,0.25,-0.025529424193417336,0.09362915104061297,0.144878985855472,1.0432264937959632
-0.6,1.046764710372206,0.30000000000000004,-0.035559529800773856,0.10669693427253957,0.17283708260189604,1.0425200565917985
-0.6,1.046764710372206,0.35000000000000003,-0.04681555187817576,0.11816676752887839,0.20030533393144365,1.0418145257142581
-0.6,1.046764710372206,0.4,-0.059143394558904654,0.128151764053267,0.22723806276818473,1.0411101851301439
-0.6,1.046764710372206,0.45,-0.07240001236326603,0.1367598183546243,0.25359740936236813,1.0404073445056539
-0.6,1.046764710372206,0.5,-0.08645288934748502,0.14409363443260298,0.27935254814507376,1.0397063349785514
-0.6,1.046764710372206,0.55,-0.10117952252515555,0.15025078027145256,0.3044789666203375,1.039007505132104
-0.6,1.046764710372206,0.6000000000000001,-0.11646691221782178,0.15532376506658005,0.328957802112861,1.0383112171732516
-0.6,1.046764710372206,0.65,-0.13221106046484954,0.15940013595007307,0.35277523248715387,1.0376178433188399
-0.6,1.046764710372206,0.7000000000000001,-0.14831648079970844,0.16256259126466516,0.37592191721520674,1.0369277623941617
-0.6,1.046764710372206,0.75,-0.16469571919016424,0.16488910770075538,0.3983924853999068,1.0362413566481083
-0.6,1.046764710372206,0.8,-0.18126888907933203,0.16645307885874078,0.42018506756848767,1.0355590087885171
-0.6,1.046764710372206,0.8500000000000001,-0.19796322016934925,0.16732346303004178,0.441300868236731,1.0348810992405602
-0.6,1.046764710372206,0.9,-0.2147126226168296,0.16756493820529617,0.4617437764165058,1.0342080036297392
-0.6,1.046764710372206,0.9500000000000001,-0.231457267177232,0.16723806251861212,0.4815200113973508,1.0335400904897782
-0.6,1.046764710372206,1.0,-0.24814318107116587,0.16639943852265085,0.5006378012810774,1.0328777191942278
-0.6,1.046764710372206,1.05,-0.2647218610574519,0.1651018798621108,0.5191070918880175,1.0322212381091498
-0.6,1.046764710372206,1.1,-0.281149902821517,0.16339457907323482,0.5369392837854509,1.0315709829627835
-0.6,1.046764710372206,1.1500000000000001,-0.29738864710931856,0.1613232753849801,0.554146995315196,1.0309272754267156
-0.6,1.046764710372206,1.2000000000000002,-0.3134038429988238,0.1589304215344776,0.5707438496179665,1.0302904219017854
-0.6,1.046764710372206,1.25,-0.32916532741303245,0.15625534873563127,0.5867442837678521,1.0296607125008028
-0.6,1.046764710372206,1.3,-0.34464672098597454,0.1533344290558438,0.6021633782419756,1.0290384202191396
-0.6,1.046764710372206,1.35,-0.35982514031130897,0.15020123456267348,0.6170167050577042,1.0284238002833794
-0.6,1.046764710372206,1.4000000000000001,-0.37468092574160755,0.14688669270001306,0.6313201930130055,1.0278170896675385
-0.6,1.046764710372206,1.4500000000000002,-0.3891973843754784,0.1434192374426567,0.6450900085651469,1.0272185067658124
-0.6,1.046764710372206,1.5,-0.4033605481410521,0.13982495585950122,0.6583424509786713,1.0266282512104568
-0.6,1.046764710372206,1.55,-0.41715894633035766,0.13612772978950574,0.6710938604652714,1.0260465038231497
-0.6,1.046764710372206,1.6,-0.4305833918721237,0.13234937240125613,0.6833605381262379,1.0254734266881451
-0.6,1.046764710372206,1.6500000000000001,-0.44362678100328723,0.12850975946705154,0.6951586765923926,1.024909163335548
-0.6,1.046764710372206,1.7000000000000002,-0.4562839059365126,0.12462695523630385,0.7065043003367704,1.0243538390232383
-0.6,1.046764710372206,1.75,-0.4685512798306508,0.12071733284103318,0.7174132147116797,1.0238075611062203
-0.6,1.046764710372206,1.8,-0.48042697341764734,0.11679568920875712,0.727900962834438,1.0232704194825495
-0.6,1.046764710372206,1.85,-0.4919104628458366,0.11287535449546515,0.7379827895149051,1.0227424871054354
-0.6,1.046764710372206,1.9000000000000001,-0.5030024882811783,0.10896829608407971,0.7476736114829033,1.0222238205516057
-0.6,1.046764710372206,1.9500000000000002,-0.5137049226586289,0.10508521722212186,0.7569879932348387,1.0217144606365702
-0.6,1.046764710372206,2.0,-0.5240206499691866,0.10123565039655899,0.7659401278763573,1.0212144330680184
-0.6,1.046764710372206,2.0500000000000003,-0.5339534525900466,0.09742804556435428,0.7745438223918619,1.0207237491291705
-0.6,1.046764710372206,2.1,-0.5435079072236243,0.09366985337438734,0.7828124868221407,1.0202424063845419
-0.6,1.046764710372206,2.15,-0.5526892889595656,0.08996760353048275,0.7907591268784173,1.0197703894011982
-0.6,1.046764710372206,2.2,-0.5615034829283105,0.08632697845653786,0.7983963395648387,1.0193076704792092
-0.6,1.046764710372206,2.25,-0.5699569030526849,0.08275288243344998,0.8057363114220379,1.0188542103856018
-0.6,1.046764710372206,2.3000000000000003,-0.5780564174777614,0.07924950638398215,0.8127908190420073,1.018409959086731
-0.6,1.046764710372206,2.35,-0.5858092802918985,0.07582038848611913,0.8195712315392085,1.0179748564745432
-0.6,1.046764710372206,2.4000000000000004,-0.5932230691362336,0.07246847079808266,0.8260885146948331,1.0175488330827565
-0.6,1.046764710372206,2.45,-0.600305628285904,0.06919615207921438,0.8323532365204827,1.0171318107895144
-0.6,1.046764710372206,2.5,-0.6070650168087416,0.06600533699057644,0.8383755740144867,1.0167237035035257
-0.6,1.046764710372206,2.5500000000000003,-0.6135094614529499,0.0628974818575693,0.8441653209087208,1.016324417831206
-0.6,1.046764710372206,2.6,-0.6196473139504951,0.05987363717428161,0.8497318962262921,1.0159338537227158
-0.6,1.046764710372206,2.6500000000000004,-0.6254870124330153,0.056934487025838545,0.855084353490953,1.0155519050952049
-0.6,1.046764710372206,2.7,-0.6310370466551387,0.05408038560083521,0.8602313904476844,1.015178460431913
-0.6,1.046764710372206,2.75,-0.6363059267269027,0.05131139096116139,0.8651813591708025,1.0148134033561247
-0.6,1.046764710372206,2.8000000000000003,-0.641302155079519,0.04862729623125965,0.8699422764511795,1.0144566131792407
-0.6,1.046764710372206,2.85,-0.6460342014179211,0.04602765836321194,0.8745218343679539,1.014107965422515
-0.6,1.046764710372206,2.9000000000000004,-0.6505104804364034,0.04351182462812082,0.8789274109625205,1.0137673323122198
-0.6,1.046764710372206,2.95,-0.654739332085226,0.041078956978122264,0.8831660809437238,1.0134345832482268
-0.6,1.046764710372206,3.0,-0.6587290041812521,0.03872805441710498,0.8872446263631864,1.0131095852461587
-0.6,1.046764710372206,3.0500000000000003,-0.6624876371627482,0.03645797351189049,0.8911695472085962,1.0127922033534313
-0.6,1.046764710372206,3.1,-0.6660232508017255,0.03426744716929089,0.8949470718707876,1.0124823010396269
-0.6,1.046764710372206,3.1500000000000004,-0.6693437327048944,0.03215510179816442,0.8985831674474851,1.0121797405617838
-0.6,1.046764710372206,3.2,-0.6724568284513983,0.030119472969369763,0.9020835498529217,1.011884383305237
-0.6,1.046764710372206,3.25,-0.675370133228174,0.0281590196804143,0.9054536937080455,1.0115960901007703
-0.6,1.046764710372206,3.3000000000000003,-0.6780910848317179,0.026272137325626038,0.9086988419909907,1.0113147215188691
-0.6,1.046764710372206,3.35,-0.6806269579107135,0.024457169466880035,0.9118240154317525,1.0110401381419263
-0.6,1.046764710372206,3.4000000000000004,-0.6829848593304131,0.022712418494293108,0.9148340216388186,1.010772200815287
-0.6,1.046764710372206,3.45,-0.6851717245483748,0.021036155260880353,0.9177334639487849,1.0105107708780525
-0.6,1.046764710372206,3.5,-0.6871943149015085,0.01942662776995366,0.9205267499928601,1.01025571037455
-0.6,1.046764710372206,3.5500000000000003,-0.6890592157146966,0.01788206898904718,0.9232180999766398,1.0100068822474253
-0.6,1.046764710372206,3.6,-0.6907728351498572,0.016400703859375063,0.925811554671688,1.009764150513283
-0.6,1.046764710372206,3.6500000000000004,-0.6923414037206479,0.014980755565274017,0.9283109831192555,1.009527380421789
-0.6,1.046764710372206,3.7,-0.6937709744026807,0.013620451123750849,0.9307200900480646,1.0092964385991758
-0.6,1.046764710372206,3.75,-0.6950674232731592,0.012318026350143898,0.9330424230093707,1.0090711931770164
-0.6,1.046764710372206,3.8000000000000003,-0.6962364506183216,0.011071730252016186,0.9352813792336273,1.0088515139071736
-0.6,1.046764710372206,3.85,-0.6972835824522223,0.009879828899716855,0.9374402122139819,1.0086372722637507
-0.6,1.046764710372206,3.9000000000000004,-0.698214172396095,0.008740608818578507,0.9395220380225847,1.0084283415328896
-0.6,1.046764710372206,3.95,-0.6990334038729871,0.007652379944448474,0.9415298413662697,1.008224596891203
-0.6,1.046764710372206,4.0,-0.699746292577175,0.0066134781811790265,0.9434664813886531,1.008025915473599
-0.6,1.046764710372206,4.05,-0.7003576891816605,0.005622267595817454,0.9453346972260537,1.0078321764312572
-0.6,1.046764710372206,4.1000000000000005,-0.7008722822499616,0.004677142284532654,0.9471371133248768,1.0076432609804393
-0.6,1.046764710372206,4.15,-0.7012946013208275,0.0037765279397847357,0.948876244528303,1.00745905244281
-0.6,1.046764710372206,4.2,-0.7016290201367864,0.002918883146877979,0.9505545009402148,1.0072794362779114
-0.6,1.046764710372206,4.25,-0.7018797599898662,0.0021027004358299827,0.9521741925743368,1.0071043001083988
-0.6,1.046764710372206,4.3,-0.7020508931604577,0.001326507112429704,0.9537375337965461,1.006933533738601
-0.6,1.046764710372206,4.3500000000000005,-0.7021463464280159,0.0005888658904396287,0.9552466475682717,1.0067670291669648
-0.6,1.046764710372206,4.4,-0.7021699046348937,-0.00011162465488679493,0.9567035694987889,1.0066046805928843
-0.6,1.046764710372206,4.45,-0.7021252142868941,-0.0007763297934608457,0.9581102517140947,1.0064463844184035
-0.6,1.046764710372206,4.5,-0.7020157871759994,-0.0014065784902130174,0.9594685665499018,1.0062920392452448
-0.6,1.046764710372206,4.55,-0.7018450040122485,-0.002003663382601964,0.9607803100761262,1.006141545867593
-0.6,1.046764710372206,4.6000000000000005,-0.7016161180528885,-0.0025688408715548515,0.9620472054600223,1.005994807261029
-0.6,1.046764710372206,4.65,-0.7013322587180331,-0.0031033313128410404,0.9632709061749628,1.0058517285679893
-0.6,1.046764710372206,4.7,-0.7009964351830071,-0.0036083192970133107,0.9644529990616119,1.0057122170801027
-0.6,1.046764710372206,4.75,-0.7006115399386772,-0.004084954007097093,0.9655950072480444,1.0055761822177285
-0.6,1.046764710372206,4.800000000000001,-0.7001803523121289,-0.00453434964417401,0.9666983929351228,1.0054435355069933
-0.6,1.046764710372206,4.8500000000000005,-0.6997055419411992,-0.004957585911896949,0.9677645600532482,1.0053141905546161
-0.6,1.046764710372206,4.9,-0.6991896721973988,-0.005355708551794836,0.9687948567963327,1.0051880630207797
-0.6,1.046764710372206,4.95,-0.6986352035527288,-0.005729729921981654,0.9697905780386566,1.0050650705902893
-0.6,1.046764710372206,5.0,-0.6980444968866646,-0.006080629612578923,0.970752967640033,1.0049451329422445
-0.6,1.046764710372206,5.050000000000001,-0.6974198167302,-0.006409355091801479,0.9716832206444675,1.0048281717184269
-0.6,1.046764710372206,5.1000000000000005,-0.6967633344443448,-0.0067168223772423805,0.9725824853773212,1.0047141104906026
-0.6,1.046764710372206,5.15,-0.696077131330856,-0.007003916727432465,0.973451865445736,1.004602874726901
-0.6,1.046764710372206,5.2,-0.6953632016733311,-0.007271493349243868,0.9742924216469048,1.0044943917574507
-0.6,1.046764710372206,5.25,-0.6946234557071227,-0.007520378117159341,0.9751051737885394,1.004388590739404
-0.6,1.046764710372206,5.300000000000001,-0.6938597225168858,-0.007751368300844285,0.9758911024257246,1.0042854026214827
-0.6,1.046764710372206,5.3500000000000005,-0.6930737528609259,-0.007965233297835973,0.976651150518139,1.0041847601081964
-0.6,1.046764710372206,5.4,-0.6922672219218751,-0.008162715368512279,0.9773862250114377,1.004086597623804
-0.6,1.046764710372206,5.45,-0.6914417319835704,-0.008344530370816991,0.9780971983464362,1.0039908512761622
-0.6,1.046764710372206,5.5,-0.6905988150343363,-0.008511368492507776,0.9787849098995474,1.003897458820521
-0.6,1.046764710372206,5.550000000000001,-0.6897399352970996,-0.008663894978955214,0.9794501673577616,1.0038063596233764
-0.6,1.046764710372206,5.6000000000000005,-0.6888664916870184,-0.008802750854760195,0.980093748031319,1.0037174946264338
-0.6,1.046764710372206,5.65,-0.6879798201974112,-0.008928553637674778,0.9807164001070569,1.003630806310768
-0.6,1.046764710372206,5.7,-0.6870811962149159,-0.009041898043508098,0.9813188438452803,1.0035462386612355
-0.6,1.046764710372206,5.75,-0.6861718367648519,-0.009143356680878713,0.981901772722857,1.0034637371311836
-0.6,1.046764710372206,5.800000000000001,-0.6852529026878462,-0.009233480734836444,0.9824658545251248,1.0033832486075214
-0.6,1.046764710372206,5.8500000000000005,-0.6843255007488139,-0.009312800638523546,0.9830117323890549,1.00330472137619
-0.6,1.046764710372206,5.9,-0.6833906856794457,-0.009381826732177436,0.9835400257999993,1.0032281050880631
-0.6,1.046764710372206,5.95,-0.6824494621554268,-0.00944104990889708,0.9840513315442473,1.0031533507253148
-0.6,1.046764710372206,6.0,-0.6815027867096648,-0.009490942246702284,0.9845462246194973,1.0030804105682924
-0.6,1.046764710372206,6.050000000000001,-0.6805515695828828,-0.009531957626512322,0.9850252591052365,1.0030092381629054
-0.6,1.046764710372206,6.1000000000000005,-0.6795966765129915,-0.009564532335756942,0.9854889689949494,1.0029397882885638
-0.6,1.046764710372206,6.15,-0.6786389304647082,-0.00958908565741055,0.9859378689919572,1.0028720169266705
-0.6,1.046764710372206,6.2,-0.6776791133009272,-0.009606020444309898,0.9863724552706088,1.0028058812296963
-0.6,1.046764710372206,6.25,-0.6767179673973723,-0.009615723678677456,0.9867932062044521,1.00274133949084
-0.6,1.046764710372206,6.300000000000001,-0.6757561972020608,-0.009618567016827654,0.987200583062967,1.002678351114287
-0.6,1.046764710372206,6.3500000000000005,-0.6747944707411,-0.009614907319081942,0.9875950306782992,1.002616876586071
-0.6,1.046764710372206,6.4,-0.6738334210723179,-0.009605087164961518,0.9879769780834303,1.0025568774455484
-0.6,1.046764710372206,6.45,-0.6728736476882056,-0.009589435353764537,0.9883468391231007,1.0024983162574812
-0.6,1.046764710372206,6.5,-0.6719157178696085,-0.009568267390667719,0.988705013038766,1.0024411565847349
-0.6,1.046764710372206,6.550000000000001,-0.670960167991588,-0.009541885958520934,0.9890518850287788,1.0023853629615913
-0.6,1.046764710372206,6.6000000000000005,-0.670007504782844,-0.009510581375528742,0.9893878267849551,1.0023309008676689
-0.6,1.046764710372206,6.65,-0.6690582065400587,-0.009474632039033601,0.9897131970066073,1.0022777367024596
-0.6,1.046764710372206,6.7,-0.6681127242985173,-0.009434304855634675,0.9900283418930816,1.0022258377604587
-0.6,1.046764710372206,6.75,-0.6671714829603367,-0.00938985565789085,0.9903335956157814,1.002175172206902
-0.6,1.046764710372206,6.800000000000001,-0.6662348823816183,-0.009341529607869804,0.9906292807706224,1.0021257090540994
-0.6,1.046764710372206,6.8500000000000005,-0.6653032984198283,-0.009289561587815503,0.9909157088117937,1.0020774181383414
-0.6,1.046764710372206,6.9,-0.6643770839426896,-0.009234176578214851,0.9911931804676872,1.0020302700974002
-0.6,1.046764710372206,6.95,-0.663456569799848,-0.009175590023550947,0.991461986139793,1.001984236348591
-0.6,1.046764710372206,7.0,-0.6625420657585502,-0.009114008186035163,0.9917224062853245,1.001939289067402
-0.6,1.046764710372206,7.050000000000001,-0.6616338614045403,-0.009049628487614007,0.9919747117843113,1.001895401166672
-0.6,1.046764710372206,7.1000000000000005,-0.6607322270093533,-0.008982639840548288,0.9922191642918416,1.001852546276317
-0.6,1.046764710372206,7.15,-0.6598374143651446,-0.008913222966863707,0.9924560165761239,1.0018106987235873
-0.6,1.046764710372206,7.2,-0.6589496575881636,-0.008841550706971282,0.9926855128429882,1.001769833513851
-0.6,1.046764710372206,7.25,-0.6580691738919359,-0.00876778831775534,0.9929078890474352,1.001729926311888
-0.6,1.046764710372206,7.300000000000001,-0.6571961643311902,-0.008692093760424716,0.9931233731927854,1.0016909534236929
-0.6,1.046764710372206,7.3500000000000005,-0.6563308145175286,-0.008614617978420318,0.9933321856179913,1.0016528917787642
-0.6,1.046764710372206,7.4,-0.655473295307808,-0.008535505165669118,0.9935345392736114,1.0016157189128798
-0.6,1.046764710372206,7.45,-0.654623763466169,-0.008454893025470523,0.9937306399869409,1.0015794129513453
-0.6,1.046764710372206,7.5,-0.653782362300621,-0.008372913020297456,0.9939206867167845,1.0015439525926968
-0.6,1.046764710372206,7.550000000000001,-0.6529492222750761,-0.008289690612789283,0.9941048717982871,1.001509317092862
-0.6,1.046764710372206,7.6000000000000005,-0.6521244615976791,-0.008205345498209156,0.9942833811782733,1.0014754862497564
-0.6,1.046764710372206,7.65,-0.6513081867862832,-0.00811999182863303,0.9944563946414935,1.0014424403883089
-0.6,1.046764710372206,7.7,-0.6505004932118752,-0.00803373842913213,0.9946240860281547,1.0014101603459051
-0.6,1.046764710372206,7.75,-0.649701465620755,-0.007946689006205087,0.994786623443114,1.0013786274582444
-0.6,1.046764710372206,7.800000000000001,-0.6489111786362235,-0.007858942348710046,0.9949441694570877,1.0013478235455853
-0.6,1.046764710372206,7.8500000000000005,-0.6481296972405357,-0.007770592521541389,0.9950968813001975,1.0013177308993881
-0.6,1.046764710372206,7.9,-0.6473570772378355,-0.007681729052289418,0.9952449110481931,1.00128833226933
-0.6,1.046764710372206,7.95,-0.6465933656987736,-0.007592437111115695,0.9953884058016358,1.0012596108506895
-0.6,1.046764710372206,8.0,-0.6458386013874762,-0.007502797684070478,0.9955275078583506,1.0012315502720852
-0.6,1.046764710372206,8.05,-0.6450928151715222,-0.00741288774007249,0.9956623548794179,1.001204134583572
-0.6,1.046764710372206,8.1,-0.6443560304155448,-0.007322780391765666,0.9957930800489648,1.0011773482450677
-0.6,1.046764710372206,8.15,-0.6436282633590695,-0.0072325450504610875,0.9959198122280243,1.001151176115113
-0.6,1.046764710372206,8.200000000000001,-0.6429095234791594,-0.0071422475753666155,0.9960426761026843,1.0011256034399538
-0.6,1.046764710372206,8.25,-0.6421998138384294,-0.007051950417300747,0.9961617923267798,1.001100615842932
-0.6,1.046764710372206,8.3,-0.641499131418967,-0.0069617127570813855,0.9962772776593257,1.001076199314185
-0.6,1.046764710372206,8.35,-0.6408074674426792,-0.006871590638774652,0.9963892450969223,1.001052340200631
-0.6,1.046764710372206,8.4,-0.64012480767856,-0.006781637097982948,0.9964978040013218,1.0010290251962541
-0.6,1.046764710372206,8.450000000000001,-0.6394511327373684,-0.006691902285346107,0.9966030602223545,1.0010062413326564
-0.6,1.046764710372206,8.5,-0.6387864183541777,-0.006602433585424179,0.9967051162163955,1.0009839759698844
-0.6,1.046764710372206,8.55,-0.6381306356592481,-0.006513275731124608,0.9968040711605517,1.0009622167875216
-0.6,1.046764710372206,8.6,-0.637483751437664,-0.006424470913831976,0.9969000210627345,1.0009409517760315
-0.6,1.046764710372206,8.65,-0.6368457283781487,-0.006336058889392758,0.996993058867783,1.00092016922835
-0.6,1.046764710372206,8.700000000000001,-0.6362165253114752,-0.0062480770801030755,0.9970832745597916,1.0008998577317243
-0.6,1.046764710372206,8.75,-0.6355960974388593,-0.006160560672842221,0.9971707552607845,1.0008800061597756
-0.6,1.046764710372206,8.8,-0.634984396550719,-0.006073542713490246,0.9972555853258852,1.0008606036647967
-0.6,1.046764710372206,8.85,-0.6343813712361688,-0.00598705419776307,0.99733784643511,1.000841639670266
-0.6,1.046764710372206,8.9,-0.6337869670836055,-0.0059011241585943475,0.997417617681931,1.0008231038635784
-0.6,1.046764710372206,8.950000000000001,-0.6332011268727213,-0.005815779750188612,0.9974949756587029,1.0008049861889838
-0.6,1.046764710372206,9.0,-0.6326237907582816,-0.005731046328866472,0.9975699945391042,1.00078727684072
-0.6,1.046764710372206,9.05,-0.6320548964459762,-0.005646947530817814,0.9976427461576874,1.0007699662563547
-0.6,1.046764710372206,9.1,-0.6314943793606584,-0.005563505346875914,0.9977133000866565,1.000753045110307
-0.6,1.046764710372206,9.15,-0.6309421728072537,-0.005480740194420387,0.9977817237099681,1.0007365043075538
-0.6,1.046764710372206,9.200000000000001,-0.6303982081246293,-0.005398670986514141,0.9978480822948674,1.0007203349775204
-0.6,1.046764710372206,9.25,-0.6298624148326912,-0.005317315198375167,0.9979124390609471,1.000704528468144
-0.6,1.046764710372206,9.3,-0.629334720772967,-0.005236688931280761,0.9979748552468226,1.000689076340097
-0.6,1.046764710372206,9.35,-0.6288150522429307,-0.005156806973998347,0.998035390174515,1.0006739703611858
-0.6,1.046764710372206,9.4,-0.6283033341243051,-0.005077682861833663,0.9980941013116282,1.0006592025009016
-0.6,1.046764710372206,9.450000000000001,-0.6277994900055764,-0.004999328933383902,0.998151044331393,1.0006447649251249
-0.6,1.046764710372206,9.5,-0.6273034422989425,-0.004921756385080312,0.9982062731706677,1.0006306499909818
-0.6,1.046764710372206,9.55,-0.6268151123519133,-0.0048449753236016885,0.998259840085961,1.0006168502418447
-0.6,1.046764710372206,9.600000000000001,-0.6263344205537682,-0.0047689948162375284,0.9983117957075556,1.0006033584024707
-0.6,1.046764710372206,9.65,-0.62586128643707,-0.004693822939276306,0.9983621890917985,1.0005901673742812
-0.6,1.046764710372206,9.700000000000001,-0.6253956287744361,-0.004619466824492265,0.998411067771625,1.0005772702307718
-0.6,1.046764710372206,9.75,-0.62493736567074,-0.004545932703800927,0.9984584778053801,1.000564660213046
-0.6,1.046764710372206,9.8,-0.624486414650937,-0.004473225952151367,0.9985044638240005,1.0005523307254847
-0.6,1.046764710372206,9.850000000000001,-0.6240426927436771,-0.004401351128720637,0.998549069076614,1.0005402753315222
-0.6,1.046764710372206,9.9,-0.6236061165608812,-0.004330312016473505,0.9985923354746131,1.0005284877495555
-0.6,1.046764710372206,9.950000000000001,-0.6231766023734329,-0.004260111660148303,0.9986343036342584,1.000516961848951
-0.6,1.046764710372206,10.0,-0.6227540661831517,-0.004190752402727408,0.9986750129178618,1.0005056916461745
-0.6,1.046764710372206,10.05,-0.622338423791186,-0.004122235920449089,0.9987145014736053,1.0004946713010252
-0.6,1.046764710372206,10.100000000000001,-0.621929590862982,-0.004054563256414962,0.9987528062740353,1.0004838951129675
-0.6,1.046764710372206,10.15,-0.621527482989957,-0.003987734852845469,0.9987899631532878,1.0004733575175722
-0.6,1.046764710372206,10.200000000000001,-0.621132015748017,-0.003921750582034258,0.9988260068430818,1.000463053083051
-0.6,1.046764710372206,10.25,-0.6207431047530446,-0.0038566097760497687,0.9988609710075292,1.0004529765068888
-0.6,1.046764710372206,10.3,-0.6203606657134794,-0.003792311255231316,0.9988948882767956,1.0004431226125634
-0.6,1.046764710372206,10.350000000000001,-0.6199846144801138,-0.003728853355524675,0.9989277902796697,1.0004334863463633
-0.6,1.046764710372206,10.4,-0.6196148670932111,-0.00366623395470085,0.9989597076750486,1.0004240627742822
-0.6,1.046764710372206,10.450000000000001,-0.6192513398270603,-0.003604450497499988,0.9989906701824104,1.000414847079006
-0.6,1.046764710372206,10.5,-0.618893949232074,-0.003543500019740873,0.9990207066112814,1.000405834556979
-0.6,1.046764710372206,10.55,-0.6185426121745222,-0.0034833791714350007,0.9990498448897535,1.0003970206155492
-0.6,1.046764710372206,10.600000000000001,-0.618197245874011,-0.0034240842389427545,0.9990781120920673,1.00038840077019
-0.6,1.046764710372206,10.65,-0.6178577679387868,-0.003365611166207822,0.9991055344653075,1.0003799706417993
-0.6,1.046764710372206,10.700000000000001,-0.6175240963989665,-0.0033079555751048236,0.9991321374552257,1.0003717259540699
-0.6,1.046764710372206,10.75,-0.6171961497377746,-0.0032511127849334767,0.999157945731242,1.0003636625309302
-0.6,1.046764710372206,10.8,-0.6168738469208688,-0.0031950778310918916,0.9991829832106242,1.0003557762940567
-0.6,1.046764710372206,10.850000000000001,-0.6165571074238408,-0.0031398454829599746,0.9992072730819024,1.0003480632604453
-0.6,1.046764710372206,10.9,-0.6162458512579609,-0.003085410261022996,0.9992308378275202,1.0003405195400583
-0.6,1.046764710372206,10.950000000000001,-0.6159399989942477,-0.003031766453264218,0.9992536992457681,1.0003331413335252
-0.6,1.046764710372206,11.0,-0.6156394717859325,-0.0029789081308543974,0.9992758784720067,1.00032592492991
-0.6,1.046764710372206,11.05,-0.6153441913893831,-0.0029268291631650363,0.9992973959992127,1.0003188667045304
-0.6,1.046764710372206,11.100000000000001,-0.615054080183561,-0.0028755232321311364,0.9993182716978759,1.0003119631168491
-0.6,1.046764710372206,11.15,-0.6147690611880676,-0.002824983845988387,0.999338524835248,1.0003052107084034
-0.6,1.046764710372206,11.200000000000001,-0.6144890580798508,-0.0027752043524086755,0.9993581740939903,1.0002986061008
-0.6,1.046764710372206,11.25,-0.6142139952086196,-0.00272617795105718,0.9993772375902246,1.0002921459937626
-0.6,1.046764710372206,11.3,-0.6139437976110358,-0.002677897705592949,0.9993957328910071,1.0002858271632251
-0.6,1.046764710372206,11.350000000000001,-0.6136783910237258,-0.0026303565551347814,0.9994136770312552,1.0002796464594779
-0.6,1.046764710372206,11.4,-0.6134177018951791,-0.002583547325212685,0.9994310865301335,1.000273600805366
-0.6,1.046764710372206,11.450000000000001,-0.6131616573965696,-0.0025374627382249468,0.9994479774069216,1.0002676871945244
-0.6,1.046764710372206,11.5,-0.6129101854315603,-0.002492095423419941,0.9994643651963854,1.0002619026896726
-0.6,1.046764710372206,11.55,-0.6126632146451304,-0.002447437926421065,0.9994802649636583,1.0002562444209397
-0.6,1.046764710372206,11.600000000000001,-0.6124206744314754,-0.0024034827183124956,0.9994956913186547,1.0002507095842428
-0.6,1.046764710372206,11.65,-0.6121824949410214,-0.0023602222043029824,0.999510658430036,1.000245295439704
-0.6,1.046764710372206,11.700000000000001,-0.6119486070865915,-0.002317648731984003,0.9995251800387295,1.000239999310107
-0.6,1.046764710372206,11.75,-0.6117189425487698,-0.0022757545991982644,0.999539269471027,1.0002348185793934
-0.6,1.046764710372206,11.8,-0.6114934337805009,-0.0022345320615336606,0.999552939651276,1.0002297506912021
-0.6,1.046764710372206,11.850000000000001,-0.6112720140109537,-0.002193973339457533,0.9995662031141673,1.0002247931474373
-0.6,1.046764710372206,11.9,-0.6110546172486946,-0.00215407062510531,0.9995790720166425,1.0002199435068821
-0.6,1.046764710372206,11.950000000000001,-0.6108411782841996,-0.0021148160887371576,0.9995915581494308,1.0002151993838435
-0.6,1.046764710372206,12.0,-0.6106316326917354,-0.0020762018848758074,0.9996036729482207,1.00021055844683
-0.6,1.046764710372206,12.05,-0.6104259168306433,-0.0020382201581382237,0.9996154275044905,1.0002060184172656
-0.6,1.046764710372206,12.100000000000001,-0.6102239678460573,-0.0020008630487731473,0.9996268325759932,1.0002015770682355
-0.6,1.046764710372206,12.15,-0.6100257236690795,-0.001964122697916465,0.9996378985969251,1.0001972322232642
-0.6,1.046764710372206,12.200000000000001,-0.6098311230164462,-0.0019279912525754523,0.9996486356877711,1.0001929817551218
-0.6,1.046764710372206,12.25,-0.6096401053897071,-0.0018924608703529801,0.9996590536648475,1.000188823584664
-0.6,1.046764710372206,12.3,-0.6094526110739443,-0.0018575237239219435,0.999669162049548,1.0001847556796977
-0.6,1.046764710372206,12.350000000000001,-0.6092685811360552,-0.001823172005260192,0.9996789700773042,1.0001807760538781
-0.6,1.046764710372206,12.4,-0.609087957422624,-0.0017893979296554848,0.999688486706269,1.000176882765631
-0.6,1.046764710372206,12.450000000000001,-0.608910682557403,-0.0017561937394899594,0.9996977206257307,1.0001730739171035
-0.6,1.046764710372206,12.5,-0.608736699938421,-0.0017235517078129563,0.9997066802642673,1.0001693476531395
-0.6,1.046764710372206,12.55,-0.6085659537347515,-0.0016914641417110437,0.9997153737976496,1.0001657021602817
-0.6,1.046764710372206,12.600000000000001,-0.6083983888829457,-0.0016599233854834056,0.9997238091565017,1.0001621356657986
-0.6,1.046764710372206,12.65,-0.6082339510831608,-0.001628921823630699,0.9997319940337225,1.000158646436734
-0.6,1.046764710372206,12.700000000000001,-0.6080725867949957,-0.0015984518836651455,0.999739935891682,1.0001552327789813
-0.6,1.046764710372206,12.75,-0.6079142432330551,-0.0015685060387491657,0.9997476419691969,1.000151893036381
-0.6,1.046764710372206,12.8,-0.6077588683622561,-0.0015390768101698428,0.9997551192882846,1.0001486255898377
-0.6,1.046764710372206,12.850000000000001,-0.6076064108928966,-0.0015101567696560762,0.9997623746607212,1.0001454288564633
-0.6,1.046764710372206,12.9,-0.6074568202754963,-0.0014817385415449489,0.9997694146943888,1.0001423012887354
-0.6,1.046764710372206,12.950000000000001,-0.6073100466954319,-0.0014538148048038873,0.9997762457994325,1.0001392413736827
-0.6,1.046764710372206,13.0,-0.6071660410673745,-0.00142637829491448,0.999782874194231,1.000136247632085
-0.6,1.046764710372206,13.05,-0.607024755029547,-0.0013994218056243024,0.9997893059111765,1.0001333186176964
-0.6,1.046764710372206,13.100000000000001,-0.6068861409378105,-0.0013729381905717886,0.9997955468022874,1.0001304529164825
-0.6,1.046764710372206,13.15,-0.6067501518595965,-0.001346920364790373,0.9998016025446417,1.0001276491458821
-0.6,1.046764710372206,13.200000000000001,-0.606616741567696,-0.001321361306096499,0.9998074786456506,1.0001249059540844
-0.6,1.046764710372206,13.25,-0.6064858645339116,-0.001296254056367048,0.999813180448166,1.0001222220193207
-0.6,1.046764710372206,13.3,-0.6063574759225934,-0.0012715917227107479,0.9998187131354365,1.000119596049177
-0.6,1.046764710372206,13.350000000000001,-0.606231531584058,-0.0012473674785384433,0.9998240817359099,1.0001170267799226
-0.6,1.046764710372206,13.4,-0.6061079880479086,-0.0012235745645366176,0.9998292911278853,1.0001145129758533
-0.6,1.046764710372206,13.450000000000001,-0.6059868025162635,-0.0012002062895485972,0.9998343460440383,1.0001120534286516
-0.6,1.046764710372206,13.5,-0.6058679328568991,-0.0011772560313675292,0.9998392510757868,1.0001096469567605
-0.6,1.046764710372206,13.55,-0.6057513375963209,-0.0011547172374452043,0.9998440106775427,1.0001072924047758
-0.6,1.046764710372206,13.600000000000001,-0.6056369759127654,-0.0011325834255205788,0.9998486291708264,1.0001049886428492
-0.6,1.046764710372206,13.65,-0.6055248076291454,-0.001110848184171663,0.9998531107482566,1.0001027345661078
-0.6,1.046764710372206,13.700000000000001,-0.6054147932059444,-0.001089505173294393,0.999857459477417,1.0001005290940834
-0.6,1.046764710372206,13.75,-0.6053068937340629,-0.0010685481245118716,0.9998616793046139,1.000098371170167
-0.6,1.046764710372206,13.8,-0.6052010709276333,-0.001047970841517371,0.9998657740585091,1.0000962597610583
-0.6,1.046764710372206,13.850000000000001,-0.6050972871167996,-0.0010277672003541124,0.9998697474536498,1.0000941938562427
-0.6,1.046764710372206,13.9,-0.6049955052404719,-0.0010079311496350083,0.999873603093892,1.0000921724674774
-0.6,1.046764710372206,13.950000000000001,-0.604895688839066,-0.0009884567107052253,0.999877344475714,1.000090194628284
-0.6,1.046764710372206,14.0,-0.604797802047223,-0.0009693379777504053,0.9998809749914354,1.0000882593934595
-0.6,1.046764710372206,14.05,-0.6047018095865269,-0.0009505691178532721,0.9998844979323387,1.0000863658385946
-0.6,1.046764710372206,14.100000000000001,-0.6046076767582144,-0.0009321443710010958,0.9998879164916932,1.000084513059609
-0.6,1.046764710372206,14.15,-0.6045153694358874,-0.0009140580500467248,0.9998912337676866,1.000082700172288
-0.6,1.046764710372206,14.200000000000001,-0.6044248540582324,-0.0008963045406253942,0.9998944527662762,1.000080926311842
-0.6,1.046764710372206,14.25,-0.6043360976217489,-0.0008788783010296572,0.9998975764039433,1.0000791906324638
-0.6,1.046764710372206,14.3,-0.6042490676734911,-0.0008617738620447623,0.9999006075103729,1.000077492306907
-0.6,1.046764710372206,14.350000000000001,-0.6041637323038304,-0.0008449858267464131,0.9999035488310474,1.0000758305260662
-0.6,1.046764710372206,14.4,-0.6040800601392375,-0.0008285088702630923,0.9999064030297664,1.0000742044985755
-0.6,1.046764710372206,14.450000000000001,-0.6039980203350899,-0.0008123377395048423,0.9999091726910847,1.0000726134504048
-0.6,1.046764710372206,14.5,-0.603917582568507,-0.0007964672528603932,0.9999118603226841,1.0000710566244755
-0.6,1.046764710372206,14.55,-0.6038387170312206,-0.000780892299864424,0.9999144683576661,1.0000695332802825
-0.6,1.046764710372206,14.600000000000001,-0.6037613944224749,-0.0007656078408367122,0.9999169991567836,1.0000680426935211
-0.6,1.046764710372206,14.65,-0.6036855859419662,-0.0007506089064948045,0.9999194550105982,1.000066584155727
-0.6,1.046764710372206,14.700000000000001,-0.6036112632828238,-0.0007358905975417858,0.9999218381415789,1.0000651569739234
-0.6,1.046764710372206,14.75,-0.6035383986246295,-0.0007214480842307085,0.9999241507061304,1.000063760470275
-0.6,1.046764710372206,14.8,-0.6034669646264859,-0.0007072766059071379,0.9999263947965698,1.0000623939817517
-0.6,1.046764710372206,14.850000000000001,-0.6033969344201279,-0.0006933714705311438,0.9999285724430323,1.0000610568597967
-0.6,1.046764710372206,14.9,-0.6033282816030847,-0.0006797280541801529,0.9999306856153348,1.0000597484700098
-0.6,1.046764710372206,14.950000000000001,-0.6032609802318928,-0.0006663418005339583,0.9999327362247667,1.0000584681918268
-0.6,1.046764710372206,15.0,-0.6031950048153601,-0.0006532082203430526,0.999934726125838,1.0000572154182155
-0.6,1.046764710372206,15.05,-0.6031303303078863,-0.000640322890881487,0.9999366571179751,1.0000559895553771
-0.6,1.046764710372206,15.100000000000001,-0.6030669321028345,-0.0006276814553854131,0.9999385309471577,1.000054790022448
-0.6,1.046764710372206,15.15,-0.603004786025966,-0.0006152796224783285,0.9999403493075173,1.0000536162512188
-0.6,1.046764710372206,15.200000000000001,-0.6029438683289277,-0.0006031131655841741,0.9999421138428755,1.00005246768585
-0.6,1.046764710372206,15.25,-0.6028841556828011,-0.0005911779223290771,0.9999438261482474,1.0000513437825986
-0.6,1.046764710372206,15.3,-0.6028256251717145,-0.0005794697939329155,0.9999454877712971,1.0000502440095538
-0.6,1.046764710372206,15.350000000000001,-0.6027682542865098,-0.0005679847445914054,0.9999471002137407,1.0000491678463705
-0.6,1.046764710372206,15.4,-0.602712020918481,-0.0005567188008497334,0.9999486649327222,1.000048114784021
-0.6,1.046764710372206,15.450000000000001,-0.6026569033531671,-0.0005456680509684216,0.9999501833421363,1.0000470843245366
-0.6,1.046764710372206,15.5,-0.6026028802642144,-0.0005348286442823284,0.9999516568139171,1.0000460759807714
-0.6,1.046764710372206,15.55,-0.6025499307073016,-0.0005241967905534815,0.999953086679286,1.000045089276156
-0.6,1.046764710372206,15.600000000000001,-0.6024980341141299,-0.0005137687593184382,0.9999544742299644,1.0000441237444755
-0.6,1.046764710372206,15.65,-0.6024471702864798,-0.0005035408792309285,0.9999558207193494,1.0000431789296276
-0.6,1.046764710372206,15.700000000000001,-0.6023973193903313,-0.0004935095374003718,0.9999571273636523,1.0000422543854122
-0.6,1.046764710372206,15.75,-0.6023484619500554,-0.0004836711787269283,0.9999583953430053,1.0000413496753067
-0.6,1.046764710372206,15.8,-0.6023005788426656,-0.00047402230523362174,0.9999596258025366,1.0000404643722556
-0.6,1.046764710372206,15.850000000000001,-0.6022536512921434,-0.0004645594753962311,0.9999608198534066,1.0000395980584622
-0.6,1.046764710372206,15.9,-0.6022076608638254,-0.0004552793034712931,0.9999619785738256,1.000038750325186
-0.6,1.046764710372206,15.950000000000001,-0.6021625894588604,-0.0004461784588228827,0.9999631030100226,1.0000379207725416
-0.6,1.046764710372206,16.0,-0.6021184193087344,-0.00043725366524865875,0.9999641941772077,1.0000371090093068
-0.6,1.046764710372206,16.05,-0.6020751329698596,-0.00042850170030547634,0.999965253060485,1.0000363146527316
-0.6,1.046764710372206,16.1,-0.6020327133182354,-0.0004199193946352102,0.9999662806157531,1.0000355373283543
-0.6,1.046764710372206,16.150000000000002,-0.6019911435441725,-0.0004115036312911046,0.9999672777705693,1.000034776669816
-0.6,1.046764710372206,16.2,-0.6019504071470883,-0.0004032513450649833,0.9999682454249934,1.0000340323186883
-0.6,1.046764710372206,16.25,-0.6019104879303642,-0.0003951595218158545,0.9999691844524043,1.000033303924295
-0.6,1.046764710372206,16.3,-0.6018713699962759,-0.00038722519780014393,0.9999700957002934,1.000032591143546
-0.6,1.046764710372206,16.35,-0.6018330377409863,-0.0003794454590039061,0.9999709799910315,1.0000318936407686
-0.6,1.046764710372206,16.400000000000002,-0.6017954758496055,-0.0003718174404773787,0.999971838122617,1.0000312110875496
-0.6,1.046764710372206,16.45,-0.6017586692913189,-0.0003643383256721573,0.9999726708693977,1.0000305431625702
-0.6,1.046764710372206,16.5,-0.6017226033145792,-0.0003570053457812546,0.9999734789827752,1.0000298895514583
-0.6,1.046764710372206,16.55,-0.601687263442367,-0.00034981577908235203,0.9999742631918845,1.000029249946632
-0.6,1.046764710372206,16.6,-0.6016526354675132,-0.0003427669502844552,0.9999750242042563,1.000028624047153
-0.6,1.046764710372206,16.650000000000002,-0.6016187054480875,-0.0003358562298782231,0.999975762706456,1.0000280115585813
-0.6,1.046764710372206,16.7,-0.601585459702855,-0.0003290810334901707,0.9999764793647098,1.0000274121928352
-0.6,1.046764710372206,16.75,-0.6015528848067925,-0.0003224388212409784,0.9999771748255046,1.0000268256680505
-0.6,1.046764710372206,16.8,-0.6015209675866705,-0.0003159270971080889,0.9999778497161762,1.000026251708445
-0.6,1.046764710372206,16.85,-0.6014896951166995,-0.00030954340829276186,0.9999785046454756,1.00002569004419
-0.6,1.046764710372206,16.900000000000002,-0.6014590547142388,-0.0003032853445917866,0.9999791402041236,1.000025140411275
-0.6,1.046764710372206,16.95,-0.6014290339355663,-0.0002971505377740246,0.9999797569653409,1.000024602551384
-0.6,1.046764710372206,17.0,-0.6013996205717138,-0.0002911366609618425,0.9999803554853733,1.0000240762117736
-0.6,1.046764710372206,17.05,-0.601370802644359,-0.0002852414280177388,0.9999809363039894,1.000023561145149
-0.6,1.046764710372206,17.1,-0.6013425684017828,-0.0002794625929360648,0.9999814999449725,1.0000230571095439
-0.6,1.046764710372206,17.150000000000002,-0.6013149063148875,-0.00027379794924024635,0.9999820469165964,1.00002256386821
-0.6,1.046764710372206,17.2,-0.6012878050732687,-0.00026824532938527775,0.9999825777120794,1.0000220811895
-0.6,1.046764710372206,17.25,-0.601261253581357,-0.00026280260416592754,0.9999830928100377,1.0000216088467577
-0.6,1.046764710372206,17.3,-0.6012352409546068,-0.0002574676821304922,0.999983592674913,1.000021146618208
-0.6,1.046764710372206,17.35,-0.6012097565157544,-0.00025223850900027184,0.9999840777573964,1.0000206942868548
-0.6,1.046764710372206,17.400000000000002,-0.6011847897911267,-0.0002471130670949616,0.9999845484948338,1.0000202516403747
-0.6,1.046764710372206,17.45,-0.6011603305070087,-0.00024208937476377334,0.9999850053116235,1.0000198184710145
-0.6,1.046764710372206,17.5,-0.6011363685860713,-0.00023716548582255407,0.9999854486195967,1.0000193945754945
-0.6,1.046764710372206,17.55,-0.601112894143849,-0.00023233948899692097,0.9999858788183956,1.0000189797549104
-0.6,1.046764710372206,17.6,-0.6010898974852791,-0.00022760950737138528,0.9999862962958279,1.0000185738146397
-0.6,1.046764710372206,17.650000000000002,-0.6010673691012893,-0.00022297369784457995,0.9999867014282231,1.0000181765642475
-0.6,1.046764710372206,17.7,-0.6010452996654481,-0.0002184302505906046,0.9999870945807708,1.0000177878173957
-0.6,1.046764710372206,17.75,-0.6010236800306594,-0.0002139773885264897,0.9999874761078487,1.000017407391755
-0.6,1.046764710372206,17.8,-0.6010025012259165,-0.0002096133667858635,0.9999878463533463,1.0000170351089186
-0.6,1.046764710372206,17.85,-0.6009817544531068,-0.0002053364721987905,0.9999882056509747,1.000016670794316
-0.6,1.046764710372206,17.900000000000002,-0.6009614310838675,-0.0002011450227778267,0.9999885543245661,1.0000163142771314
-0.6,1.046764710372206,17.95,-0.6009415226564928,-0.00019703736721027397,0.9999888926883698,1.0000159653902223
-0.6,1.046764710372206,18.0,-0.6009220208728927,-0.00019301188435667956,0.9999892210473339,1.0000156239700375
-0.6,1.046764710372206,18.05,-0.6009029175955992,-0.00018906698275555269,0.9999895396973829,1.0000152898565444
-0.6,1.046764710372206,18.1,-0.6008842048448241,-0.00018520110013427036,0.9999898489256789,1.0000149628931467
-0.6,1.046764710372206,18.150000000000002,-0.6008658747955655,-0.00018141270292627558,0.9999901490108917,1.0000146429266166
-0.6,1.046764710372206,18.2,-0.6008479197747594,-0.00017770028579440242,0.9999904402234412,1.0000143298070174
-0.6,1.046764710372206,18.25,-0.600830332258483,-0.0001740623711604405,0.9999907228257453,1.000014023387634
-0.6,1.046764710372206,18.3,-0.6008131048692007,-0.0001704975087408383,0.9999909970724574,1.0000137235249045
-0.6,1.046764710372206,18.35,-0.600796230373058,-0.00016700427508865693,0.9999912632106948,1.0000134300783483
-0.6,1.046764710372206,18.400000000000002,-0.6007797016772228,-0.00016358127314155478,0.9999915214802638,1.000013142910505
-0.6,1.046764710372206,18.45,-0.6007635118272671,-0.00016022713177590885,0.999991772113874,1.000012861886866
-0.6,1.046764710372206,18.5,-0.6007476540045967,-0.00015694050536708593,0.9999920153373502,1.0000125868758079
-0.6,1.046764710372206,18.55,-0.6007321215239244,-0.00015372007335568954,0.9999922513698348,1.0000123177485383
-0.6,1.046764710372206,18.6,-0.600716907830783,-0.0001505645398198827,0.9999924804239873,1.0000120543790274
-0.6,1.046764710372206,18.650000000000002,-0.6007020064990856,-0.00014747263305366385,0.9999927027061759,1.000011796643951
-0.6,1.046764710372206,18.7,-0.6006874112287233,-0.00014444310515115722,0.9999929184166624,1.0000115444226327
-0.6,1.046764710372206,18.75,-0.6006731158432054,-0.00014147473159669067,0.9999931277497842,1.0000112975969875
-0.6,1.046764710372206,18.8,-0.6006591142873435,-0.00013856631086092081,0.9999933308941296,1.0000110560514623
-0.6,1.046764710372206,18.85,-0.6006454006249711,-0.00013571666400265445,0.9999935280327069,1.0000108196729849
-0.6,1.046764710372206,18.900000000000002,-0.600631969036705,-0.00013292463427651697,0.999993719343112,1.0000105883509105
-0.6,1.046764710372206,18.95,-0.6006188138177444,-0.00013018908674637493,0.9999939049976854,1.0000103619769671
-0.6,1.046764710372206,19.0,-0.600605929375712,-0.0001275089079044077,0.9999940851636717,1.000010140445206
-0.6,1.046764710372206,19.05,-0.6005933102285259,-0.00012488300529590543,0.9999942600033659,1.0000099236519508
-0.6,1.046764710372206,19.1,-0.6005809510023166,-0.00012231030714961546,0.9999944296742641,1.0000097114957507
-0.6,1.046764710372206,19.150000000000002,-0.6005688464293755,-0.00011978976201365739,0.9999945943292026,1.0000095038773296
-0.6,1.046764710372206,19.200000000000003,-0.6005569913461394,-0.00011732033839695532,0.9999947541164966,1.000009300699541
-0.6,1.046764710372206,19.25,-0.6005453806912148,-0.00011490102441611266,0.999994909180076,1.0000091018673218
-0.6,1.046764710372206,19.3,-0.6005340095034327,-0.0001125308274476856,0.9999950596596118,1.0000089072876477
-0.6,1.046764710372206,19.35,-0.6005228729199402,-0.0001102087737858211,0.9999952056906442,1.0000087168694891
-0.6,1.046764710372206,19.400000000000002,-0.6005119661743256,-0.00010793390830516265,0.9999953474047052,1.0000085305237676
-0.6,1.046764710372206,19.450000000000003,-0.6005012845947756,-0.00010570529412903297,0.9999954849294359,1.0000083481633155
-0.6,1.046764710372206,19.5,-0.60049082360227,-0.00010352201230275409,0.9999956183887022,1.0000081697028336
-0.6,1.046764710372206,19.55,-0.6004805787087999,-0.00010138316147215275,0.9999957479027076,1.0000079950588516
-0.6,1.046764710372206,19.6,-0.6004705455156296,-9.928785756710548e-05,0.9999958735880979,1.0000078241496866
-0.6,1.046764710372206,19.650000000000002,-0.6004607197115784,-9.723523349009029e-05,0.9999959955580734,1.0000076568954088
-0.6,1.046764710372206,19.700000000000003,-0.600451097071342,-9.522443880974514e-05,0.9999961139224814,1.000007493217801
-0.6,1.046764710372206,19.75,-0.600441673453838,-9.325463945931335e-05,0.999996228787925,1.0000073330403214
-0.6,1.046764710372206,19.8,-0.6004324448005868,-9.132501743989532e-05,0.9999963402578526,1.0000071762880691
-0.6,1.046764710372206,19.85,-0.6004234071341175,-8.943477052854887e-05,0.9999964484326528,1.0000070228877485
-0.6,1.046764710372206,19.900000000000002,-0.6004145565564037,-8.758311199115006e-05,0.9999965534097468,1.000006872767635
-0.6,1.046764710372206,19.950000000000003,-0.600405889247331,-8.576927029977735e-05,0.9999966552836738,1.000006725857538
-0.6,1.046764710372206,20.0,-0.6003974014631889,-8.39924888549204e-05,0.9999967541461785,1.0000065820887758
-0.6,1.046764710372206,20.1,-0.6003809498680203,-8.054715331310752e-05,0.9999969431904082,1.0000063037078353
-0.6,1.046764710372206,20.28615468146082,-0.6003521013926358,-7.450086764329613e-05,0.9999972662692399,1.0000058164750756
-0.6,1.046764710372206,20.47403342090323,-0.6003251819689204,-6.885321430695318e-05,0.999997557727082,1.0000053629152812
-0.6,1.046764710372206,20.663652185564246,-0.600300082813376,-6.358229755982551e-05,0.9999978203861041,1.000004941015694
-0.6,1.046764710372206,20.855027090560313,-0.6002766998114342,-5.866710401883811e-05,0.9999980568441091,1.0000045488613385
-0.6,1.046764710372206,21.04817440025684,-0.600254933414506,-5.408748887872948e-05,0.9999982694898014,1.0000041846317154
-0.6,1.046764710372206,21.243110529650455,-0.6002346885330003,-4.98241608117183e-05,0.999998460517235,1.0000038465975283
-0.6,1.046764710372206,21.439852045764102,-0.6002158744258111,-4.585866566812779e-05,0.9999986319394681,1.000003533117437
-0.6,1.046764710372206,21.638415669054964,-0.6001984045867211,-4.217336909362311e-05,0.9999987856014572,1.00000324263486
-0.6,1.046764710372206,21.83881827483555,-0.6001821966281844,-3.875143817652799e-05,0.9999989231922071,1.0000029736748017
-0.6,1.046764710372206,22.04107689470784,-0.6001671721629138,-3.557682223561901e-05,0.9999990462562217,1.0000027248407433
-0.6,1.046764710372206,22.245208718010712,-0.6001532566836932,-3.263423285619561e-05,0.9999991562042597,1.0000024948115678
-0.6,1.046764710372206,22.4512310932809,-0.6001403794418151,-2.9909123278316582e-05,0.9999992543234447,1.0000022823385446
-0.6,1.046764710372206,22.659161529727328,-0.6001284733245421,-2.7387667238205846e-05,0.9999993417867459,1.0000020862423697
-0.6,1.046764710372206,22.86901769871915,-0.6001174747319645,-2.5056737359591935e-05,0.9999994196618575,1.000001905410258
-0.6,1.046764710372206,23.080817435287667,-0.6001073234536244,-2.2903883188025898e-05,0.9999994889195043,1.000001738793104
-0.6,1.046764710372206,23.294578739641963,-0.6000979625452603,-2.0917308957157272e-05,0.9999995504412046,1.0000015854026973
-0.6,1.046764710372206,23.510319778698783,-0.6000893382060092,-1.9085851171470686e-05,0.9999996050265116,1.0000014443090148
-0.6,1.046764710372206,23.72805888762644,-0.6000813996563905,-1.739895608606489e-05,0.9999996533997582,1.0000013146375628
-0.6,1.046764710372206,23.947814571403043,-0.6000740990173722,-1.5846657159123627e-05,0.9999996962163361,1.0000011955668051
-0.6,1.046764710372206,24.169605506389228,-0.6000673911908064,-1.441955254865328e-05,0.9999997340685297,1.0000010863256525
-0.6,1.046764710372206,24.39345054191539,-0.6000612337414911,-1.3108782720356036e-05,0.9999997674909312,1.0000009861910237
-0.6,1.046764710372206,24.619368701883577,-0.6000555867810964,-1.1906008228886093e-05,0.9999997969654524,1.0000008944854775
-0.6,1.046764710372206,24.847379186384366,-0.6000504128541712,-1.0803387730418283e-05,0.999999822925976,1.0000008105749272
-0.6,1.046764710372206,25.077501373328523,-0.6000456768264135,-9.793556279730266e-06,0.9999998457626388,1.0000007338664134
-0.6,1.046764710372206,25.30975482009396,-0.6000413457753786,-8.869603960662384e-06,0.9999998658257953,1.0000006638059644
-0.6,1.046764710372206,25.544159265187808,-0.600037388883761,-8.025054894413226e-06,0.9999998834296682,1.0000005998765247
-0.6,1.046764710372206,25.780734629923902,-0.600033777335382,-7.2538466657284815e-06,0.9999998988557022,1.000000541595956
-0.6,1.046764710372206,26.019501020115914,-0.6000304842139838,-6.550310202865949e-06,0.9999999123556558,1.0000004885151161
-0.6,1.046764710372206,26.260478727786037,-0.6000274844049229,-5.9091501432125995e-06,0.99999992415443,1.000000440216008
-0.6,1.046764710372206,26.503688232889502,-0.6000247544998399,-5.325425712237974e-06,0.9999999344526664,1.0000003963100053
-0.6,1.046764710372206,26.74915020505521,-0.6000222727043609,-4.794532139798897e-06,0.9999999434291196,1.000000356436143
-0.6,1.046764710372206,26.99688550534226,-0.6000200187488948,-4.312182634010903e-06,0.9999999512428283,1.0000003202594903
-0.6,1.046764710372206,27.246915188012967,-0.6000179738025566,-3.874390929445451e-06,0.9999999580350951,1.0000002874695813
-0.6,1.046764710372206,27.499260502322162,-0.6000161203902507,-3.4774544228873456e-06,0.9999999639312896,1.0000002577789247
-0.6,1.046764710372206,27.753942894323053,-0.6000144423129351,-3.1179379068630485e-06,0.9999999690424898,1.0000002309215759
-0.6,1.046764710372206,28.010984008689945,-0.6000129245710749,-2.7926579079850475e-06,0.999999973466971,1.0000002066517772
-0.6,1.046764710372206,28.270405690557713,-0.6000115532912849,-2.498667634297984e-06,0.9999999772915568,1.0000001847426632
-0.6,1.046764710372206,28.532229987378305,-0.6000103156561449,-2.233242533247659e-06,0.9999999805928463,1.0000001649850287
-0.6,1.046764710372206,28.79647915079459,-0.6000091998371698,-1.9938664592820654e-06,0.9999999834383156,1.0000001471861615
-0.6,1.046764710372206,29.063175638531384,-0.6000081949308935,-1.7782184478573954e-06,0.9999999858873203,1.0000001311687279
-0.6,1.046764710372206,29.332342116304055,-0.6000072908980233,-1.5841600904693554e-06,0.9999999879919954,1.0000001167697272
-0.6,1.046764710372206,29.604001459744886,-0.6000064785056071,-1.409723503381072e-06,0.9999999897980626,1.0000001038394934
-0.6,1.046764710372206,29.8781767563471,-0.6000057492721479,-1.2530998809899898e-06,0.9999999913455617,1.0000000922407561
-0.6,1.046764710372206,30.154891307427096,-0.6000050954155901,-1.1126286230894388e-06,0.9999999926695021,1.0000000818477557
-0.6,1.046764710372206,30.43416863010471,-0.6000045098040986,-9.867870240094238e-07,0.9999999938004489,1.0000000725454044
-0.6,1.046764710372206,30.716032459301825,-0.6000039859095418,-8.741805101794476e-07,0.9999999947650442,1.0000000642285023
-0.6,1.046764710372206,31.00050674975963,-0.6000035177635907,-7.735334117662227e-07,0.9999999955864752,1.0000000568009948
-0.6,1.046764710372206,31.287615678074335,-0.6000030999163413,-6.83680252851799e-07,0.9999999962848913,1.000000050175281
-0.6,1.046764710372206,31.577383644751972,-0.6000027273973656,-6.035575440590923e-07,0.9999999968777724,1.0000000442715595
-0.6,1.046764710372206,31.869835276282085,-0.6000023956791019,-5.321960607315463e-07,0.9999999973802595,1.0000000390172228
-0.6,1.046764710372206,32.16499542723059,-0.6000021006424873,-4.687135892750112e-07,0.9999999978054477,1.000000034346283
-0.6,1.046764710372206,32.462889182352235,-0.6000018385447459,-4.123081238772664e-07,0.9999999981646396,1.0000000301988412
-0.6,1.046764710372206,32.763541858722334,-0.6000016059892391,-3.622514955967885e-07,0.9999999984675799,1.0000000265205926
-0.6,1.046764710372206,33.06697900788844,-0.6000013998972951,-3.1788341549354147e-07,0.9999999987226533,1.0000000232623587
-0.6,1.046764710372206,33.373226418041924,-0.6000012174819265,-2.7860591361717576e-07,0.9999999989370639,1.0000000203796653
-0.6,1.046764710372206,33.68231011620963,-0.6000010562233545,-2.4387815541259596e-07,0.9999999991169879,1.0000000178323356
-0.6,1.046764710372206,33.99425637046573,-0.6000009138462516,-2.1321161757020313e-07,0.9999999992677147,1.0000000155841233
-0.6,1.046764710372206,34.30909169216431,-0.6000007882986248,-1.861656051378027e-07,0.9999999993937642,1.0000000136023666
-0.6,1.046764710372206,34.62684283819243,-0.6000006777322484,-1.6234309230397363e-07,0.9999999994989935,1.000000011857675
-0.6,1.046764710372206,34.94753681324406,-0.6000005804845705,-1.41386869370907e-07,0.9999999995866875,1.0000000103236317
-0.6,1.046764710372206,35.2712008721152,-0.6000004950620075,-1.2297597892409754e-07,0.999999999659639,1.0000000089765253
-0.6,1.046764710372206,35.597862522020144,-0.6000004201245429,-1.0682242455105227e-07,0.9999999997202176,1.0000000077950986
-0.6,1.046764710372206,35.927549524929255,-0.6000003544715552,-9.266813601704753e-08,0.9999999997704307,1.0000000067603223
-0.6,1.046764710372206,36.26028989992831,-0.6000002970287888,-8.028217519566854e-08,0.9999999998119772,1.000000005855181
-0.6,1.046764710372206,36.59611192559986,-0.6000002468363955,-6.945816772229674e-08,0.9999999998462887,1.000000005064483
-0.6,1.046764710372206,36.93504414242648,-0.6000002030379721,-6.001194572846888e-08,0.9999999998745736,1.0000000043746808
-0.6,1.046764710372206,37.27711535521626,-0.6000001648705167,-5.177938778004436e-08,0.9999999998978464,1.000000003773712
-0.6,1.046764710372206,37.62235463555102,-0.6000001316552427,-4.4614442527404946e-08,0.9999999999169592,1.000000003250849
-0.6,1.046764710372206,37.97079132425686,-0.6000001027891835,-3.838732335833752e-08,0.9999999999326258,1.0000000027965652
-0.6,1.046764710372206,38.32245503389777,-0.6000000777375247,-3.298286182239129e-08,0.9999999999454428,1.0000000024024134
-0.6,1.046764710372206,38.67737565129239,-0.6000000560266152,-2.8299008234505674e-08,0.9999999999559083,1.0000000020609126
-0.6,1.046764710372206,39.03558334005395,-0.6000000372375983,-2.4245468498063516e-08,0.9999999999644368,1.0000000017654471
-0.6,1.046764710372206,39.3971085431537,-0.6000000210006208,-2.0742466705196798e-08,0.9999999999713726,1.000000001510176
-0.6,1.046764710372206,39.761981985508335,-0.6000000069895757,-1.7719623759232518e-08,0.9999999999770023,1.0000000012899475
-0.6,1.046764710372206,40.1302346765911,-0.5999999949173344,-1.511494273558037e-08,0.9999999999815627,1.0000000011002281
-0.6,1.046764710372206,40.50189791306716,-0.5999999845314378,-1.2873892334383753e-08,0.9999999999852487,1.000000000937031
-0.6,1.046764710372206,40.87700328145351,-0.5999999756102069,-1.0948580233677886e-08,0.9999999999882224,1.0000000007968546
-0.6,1.046764710372206,41.25558266080338,-0.5999999679592427,-9.297008840565538e-09,0.9999999999906154,1.0000000006766325
-0.6,1.046764710372206,41.63766822541544,-0.5999999614082875,-7.882406208628562e-09,0.9999999999925385,1.000000000573679
-0.6,1.046764710372206,42.02329244756837,-0.5999999558084117,-6.672625627142436e-09,0.9999999999940791,1.000000000485648
-0.6,1.046764710372206,42.41248810028041,-0.5999999510295081,-5.639607652628791e-09,0.9999999999953121,1.0000000004104916
-0.6,1.046764710372206,42.80528826009479,-0.5999999469580583,-4.7588989357596795e-09,0.9999999999962952,1.0000000003464264
-0.6,1.046764710372206,43.20172630989064,-0.5999999434951555,-4.009222559319517e-09,0.9999999999970783,1.0000000002919014
-0.6,1.046764710372206,43.60183594172025,-0.599999940554746,-3.3720949993767562e-09,0.9999999999977011,1.0000000002455687
-0.6,1.046764710372206,44.00565115967241,-0.5999999380620823,-2.8314852927953336e-09,0.9999999999981943,1.0000000002062595
-0.6,1.046764710372206,44.413206282762204,-0.5999999359523522,-2.3735121834533957e-09,0.9999999999985855,1.0000000001729639
-0.6,1.046764710372206,44.824535947847835,-0.5999999341694697,-1.9861755554710645e-09,0.9999999999988939,1.000000000144807
-0.6,1.046764710372206,45.23967511257426,-0.59999993266501,-1.6591186645804142e-09,0.9999999999991374,1.0000000001210345
-0.6,1.046764710372206,45.65865905834403,-0.5999999313972647,-1.3834179889135145e-09,0.999999999999329,1.0000000001009977
-0.6,1.046764710372206,46.081523393315884,-0.5999999303304094,-1.1513978154720365e-09,0.9999999999994796,1.0000000000841365
-0.6,1.046764710372206,46.50830405543093,-0.5999999294337621,-9.5646695614767e-10,0.9999999999995974,1.0000000000699723
-0.6,1.046764710372206,46.93903731546684,-0.5999999286811281,-7.929751938016339e-10,0.9999999999996897,1.000000000058094
-0.6,1.046764710372206,47.37375978012049,-0.5999999280502123,-6.5608730793981e-10,0.999999999999762,1.0000000000481486
-0.6,1.046764710372206,47.81250839511901,-0.5999999275220985,-5.416727199638672e-10,0.9999999999998185,1.000000000039837
-0.6,1.046764710372206,48.25532044835962,-0.5999999270807834,-4.4620899981624963e-10,0.9999999999998621,1.0000000000329032
-0.6,1.046764710372206,48.70223357307873,-0.5999999267127615,-3.66697644526418e-10,0.9999999999998961,1.0000000000271279
-0.6,1.046764710372206,49.15328575105025,-0.5999999264066567,-3.0059070373219664e-10,0.9999999999999223,1.0000000000223266
-0.6,1.046764710372206,49.608515315813406,-0.5999999261528944,-2.457269858028471e-10,0.9999999999999426,1.0000000000183429
-0.6,1.046764710372206,50.067960955930815,-0.5999999259434131,-2.002766794886072e-10,0.9999999999999574,1.0000000000150426
-0.6,1.046764710372206,50.5316617182763,-0.599999925771417,-1.6269336021479046e-10,0.9999999999999687,1.000000000012314
-0.6,1.046764710372206,50.99965701135351,-0.5999999256311562,-1.3167254234635593e-10,0.9999999999999774,1.0000000000100617
-0.6,1.046764710372206,51.47198660864504,-0.5999999255177424,-1.0611584598698135e-10,0.9999999999999837,1.000000000008207
-0.6,1.046764710372206,51.9486906519927,-0.599999925426996,-8.510018792120192e-11,0.9999999999999879,1.0000000000066813
-0.6,1.046764710372206,52.429809655009066,-0.5999999253553181,-6.785126123586824e-11,0.9999999999999909,1.0000000000054294
-0.6,1.046764710372206,52.91538450652049,-0.5999999252995893,-5.372079879521949e-11,0.9999999999999926,1.0000000000044038
-0.6,1.046764710372206,53.40545647404229,-0.5999999252570887,-4.216710116082625e-11,0.9999999999999941,1.0000000000035658
-0.6,1.046764710372206,53.90006720728585,-0.5999999252254333,-3.273839515098313e-11,0.9999999999999952,1.0000000000028821
-0.6,1.046764710372206,54.39925874169825,-0.5999999252025326,-2.5058635311571193e-11,0.9999999999999956,1.0000000000023253
-0.6,1.046764710372206,54.90307350203484,-0.5999999251865589,-1.881545019322925e-11,0.9999999999999962,1.000000000001873
-0.6,1.046764710372206,55.41155430596479,-0.5999999251759236,-1.3749862097293587e-11,0.9999999999999964,1.0000000000015064
-0.6,1.046764710372206,55.924744367709856,-0.5999999251692607,-9.647598221931159e-12,0.999999999999997,1.0000000000012093
-0.6,1.046764710372206,56.442687301717264,-0.5999999251654212,-6.331743088405879e-12,0.9999999999999976,1.0000000000009694
-0.6,1.046764710372206,56.96542712636624,-0.5999999251634593,-3.6565266653174584e-12,0.9999999999999983,1.000000000000776
-0.6,1.046764710372206,57.493008267708944,-0.5999999251626272,-1.5020941795366494e-12,0.9999999999999996,1.0000000000006208
-0.6,1.046764710372206,58.02547556324627,-0.5999999251623631,2.2988678486908704e-13,1.0000000000000002,1.0000000000004958
-0.6,1.046764710372206,58.562874265738245,-0.5999999251622812,1.6199171697474122e-12,1.0000000000000018,1.0000000000003961
-0.6,1.046764710372206,59.10525004705015,-0.5999999251621537,2.7337505430798757e-12,1.0000000000000027,1.000000000000316
-0.6,1.046764710372206,59.65264900203377,-0.5999999251618946,3.6249723517549588e-12,1.0000000000000038,1.0000000000002522
-0.6,1.046764710372206,60.2051176524451,-0.5999999251615372,4.337156607999019e-12,1.000000000000005,1.0000000000002018
-0.6,1.046764710372206,60.76270295089797,-0.5999999251612103,4.905643844592948e-12,1.0000000000000062,1.0000000000001612
-0.6,1.046764710372206,61.325452284854336,-0.5999999251611117,5.359037821497423e-12,1.0000000000000069,1.0000000000001288
-0.6,1.046764710372206,61.89341348065174,-0.5999999251614845,5.7204257858421585e-12,1.000000000000008,1.000000000000104
-0.6,1.046764710372206,62.466634807567864,-0.5999999251625896,6.008405053449329e-12,1.0000000000000087,1.000000000000084
-0.6,1.046764710372206,63.0451649819227,-0.5999999251646827,6.237921108365874e-12,1.0000000000000087,1.0000000000000682
-0.6,1.046764710372206,63.629053171218956,-0.5999999251679929,6.420949203302794e-12,1.0000000000000084,1.000000000000055
-0.6,1.046764710372206,64.21834899832058,-0.5999999251727044,6.567071244523538e-12,1.0000000000000082,1.0000000000000455
-0.6,1.046764710372206,64.81310254566993,-0.5999999251789425,6.683936171482781e-12,1.000000000000008,1.0000000000000375
-0.6,1.046764710372206,65.4133643595444,-0.5999999251867648,6.7776375350274465e-12,1.0000000000000073,1.0000000000000315
-0.6,1.046764710372206,66.01918545435197,-0.5999999251961569,6.853022161105919e-12,1.0000000000000062,1.0000000000000266
-0.6,1.046764710372206,66.63061731696679,-0.5999999252070308,6.913943871018556e-12,1.0000000000000056,1.0000000000000229
-0.6,1.046764710372206,67.24771191110499,-0.599999925219232,6.963459734294448e-12,1.0000000000000047,1.0000000000000198
-0.6,1.046764710372206,67.87052168174088,-0.5999999252325456,7.0039938011777785e-12,1.0000000000000036,1.0000000000000175
-0.6,1.046764710372206,68.49909955956402,-0.5999999252467104,7.037471299324658e-12,1.0000000000000024,1.0000000000000155
-0.6,1.046764710372206,69.13349896547759,-0.5999999252614305,7.065419304522968e-12,1.0000000000000018,1.0000000000000135
-0.6,1.046764710372206,69.77377381513884,-0.5999999252763936,7.089050898601599e-12,1.0000000000000016,1.0000000000000127
-0.6,1.046764710372206,70.41997852354069,-0.5999999252912844,7.109322536757553e-12,1.0000000000000007,1.0000000000000113
-0.6,1.046764710372206,71.0721680096366,-0.5999999253058043,7.126996540989912e-12,1.0000000000000007,1.0000000000000102
-0.6,1.046764710372206,71.73039770100793,-0.5999999253196822,7.142680567192672e-12,1.0000000000000009,1.0000000000000102
-0.6,1.046764710372206,72.39472353857458,-0.5999999253326915,7.156842197874266e-12,1.0000000000000009,1.0000000000000095
-0.6,1.046764710372206,73.06520198134909,-0.5999999253446577,7.169853594587375e-12,1.0000000000000016,1.0000000000000089
-0.6,1.046764710372206,73.74189001123509,-0.5999999253554671,7.182002373519129e-12,1.000000000000002,1.0000000000000084
-0.6,1.046764710372206,74.42484513786997,-0.5999999253650711,7.193505313725985e-12,1.0000000000000024,1.000000000000008
-0.6,1.046764710372206,75.11412540351232,-0.5999999253734877,7.20452228587817e-12,1.0000000000000038,1.000000000000008
-0.6,1.046764710372206,75.80978938797494,-0.5999999253807975,7.215164620292733e-12,1.0000000000000044,1.0000000000000078
-0.6,1.046764710372206,76.51189621360336,-0.5999999253871403,7.2255072181690375e-12,1.0000000000000053,1.0000000000000073
-0.6,1.046764710372206,77.22050555030022,-0.5999999253927059,7.2355889124087315e-12,1.0000000000000058,1.0000000000000069
-0.6,1.046764710372206,77.93567762059672,-0.5999999253977237,7.2454271089361365e-12,1.0000000000000073,1.000000000000007
-0.6,1.046764710372206,78.65747320477065,-0.5999999254024524,7.255020655370824e-12,1.000000000000008,1.000000000000006
-0.6,1.046764710372206,79.38595364601184,-0.5999999254071655,7.264340898067161e-12,1.0000000000000084,1.000000000000006
-0.6,1.046764710372206,80.12118085563553,-0.59999992541214,7.273365462992543e-12,1.0000000000000093,1.000000000000006
-0.6,1.046764710372206,80.86321731834431,-0.5999999254176398,7.282051948404369e-12,1.0000000000000093,1.0000000000000056
-0.6,1.046764710372206,81.61212609753805,-0.5999999254239086,7.29036758207112e-12,1.0000000000000093,1.000000000000005
-0.6,1.046764710372206,82.36797084067375,-0.5999999254311562,7.298271345881166e-12,1.0000000000000095,1.000000000000005
-0.6,1.046764710372206,83.13081578467474,-0.5999999254395502,7.305730364896963e-12,1.000000000000009,1.0000000000000042
-0.6,1.046764710372206,83.90072576138992,-0.5999999254492102,7.31271944599144e-12,1.0000000000000089,1.0000000000000047
-0.6,1.046764710372206,84.67776620310352,-0.5999999254602013,7.319220550067292e-12,1.0000000000000078,1.000000000000004
-0.6,1.046764710372206,85.46200314809617,-0.5999999254725366,7.32522717463574e-12,1.0000000000000075,1.000000000000004
-0.6,1.046764710372206,86.25350324625728,-0.5999999254861724,7.330740550093226e-12,1.0000000000000067,1.0000000000000036
-0.6,1.046764710372206,87.05233376474918,-0.5999999255010159,7.335778095020242e-12,1.0000000000000058,1.0000000000000033
-0.6,1.046764710372206,87.85856259372419,-0.5999999255169277,7.340363369765326e-12,1.0000000000000053,1.0000000000000029
-0.6,1.046764710372206,88.67225825209441,-0.5999999255337294,7.34452969931218e-12,1.0000000000000044,1.0000000000000033
-0.6,1.046764710372206,89.49348989335462,-0.5999999255512127,7.348320505296579e-12,1.0000000000000033,1.0000000000000024
-0.6,1.046764710372206,90.32232731145982,-0.5999999255691482,7.351782558174298e-12,1.000000000000003,1.0000000000000022
-0.6,1.046764710372206,91.15884094675663,-0.5999999255872946,7.354971956747115e-12,1.0000000000000022,1.0000000000000022
-0.6,1.046764710372206,92.0031018919696,-0.5999999256054116,7.357940825835661e-12,1.0000000000000018,1.0000000000000022
-0.6,1.046764710372206,92.85518189824359,-0.5999999256232667,7.3607428668425e-12,1.0000000000000018,1.0000000000000024
-0.6,1.046764710372206,93.71515338124135,-0.5999999256406462,7.36342707191459e-12,1.0000000000000018,1.000000000000002
-0.6,1.046764710372206,94.58308942729796,-0.599999925657364,7.366041062935383e-12,1.000000000000002,1.000000000000002
-0.6,1.046764710372206,95.45906379963219,-0.5999999256732672,7.368622565052752e-12,1.000000000000002,1.0000000000000016
-0.6,1.046764710372206,96.34315094461576,-0.5999999256882417,7.371199209674866e-12,1.0000000000000024,1.0000000000000016
-0.6,1.046764710372206,97.23542599809973,-0.5999999257022169,7.373789322382285e-12,1.0000000000000027,1.0000000000000013
-0.6,1.046764710372206,98.13596479180039,-0.5999999257151674,7.376399449775744e-12,1.000000000000004,1.000000000000002
-0.6,1.046764710372206,99.04484385974408,-0.5999999257271107,7.379024082693912e-12,1.0000000000000044,1.0000000000000013
-0.6,1.046764710372206,99.96214044477135,-0.5999999257381096,7.381645930566855e-12,1.0000000000000049,1.000000000000001
-0.6,1.046764710372206,100.88793250510167,-0.5999999257482661,7.38423463757374e-12,1.0000000000000058,1.0000000000000013
-0.6,1.046764710372206,101.82229872095873,-0.5999999257577174,7.386750815870983e-12,1.0000000000000064,1.0000000000000009
-0.6,1.046764710372206,102.76531850125772,-0.5999999257666304,7.38914343598102e-12,1.0000000000000078,1.0000000000000009
-0.6,1.046764710372206,103.71707199035326,-0.5999999257751945,7.391359355527999e-12,1.0000000000000082,1.0000000000000009
-0.6,1.046764710372206,104.67764007485148,-0.5999999257836153,7.393335118265394e-12,1.000000000000009,1.0000000000000004
-0.6,1.046764710372206,105.64710439048359,-0.5999999257921041,7.395001062352049e-12,1.00000000000001,1.0
-0.6,1.046764710372206,106.62554732904427,-0.5999999258008736,7.396298253577914e-12,1.0000000000000104,1.0
-0.6,1.046764710372206,107.61305204539366,-0.5999999258101273,7.397154233482323e-12,1.0000000000000104,0.9999999999999991
-0.6,1.046764710372206,108.60970246452491,-0.5999999258200547,7.397512646280463e-12,1.0000000000000109,0.9999999999999992
-0.6,1.046764710372206,109.61558328869602,-0.5999999258308234,7.397318308426926e-12,1.0000000000000109,0.9999999999999988
-0.6,1.046764710372206,110.63078000462876,-0.599999925842575,7.396529854306298e-12,1.0000000000000107,0.9999999999999986
-0.6,1.046764710372206,111.65537889077429,-0.5999999258554187,7.395112927695284e-12,1.0000000000000107,0.9999999999999984
-0.6,1.046764710372206,112.68946702464496,-0.5999999258694306,7.393047042291086e-12,1.0000000000000104,0.999999999999998
-0.6,1.046764710372206,113.73313229021528,-0.5999999258846507,7.390327316477998e-12,1.0000000000000098,0.9999999999999977
-0.6,1.046764710372206,114.78646338539066,-0.5999999259010816,7.386964116886417e-12,1.0000000000000093,0.9999999999999979
-0.6,1.046764710372206,115.84954982954602,-0.5999999259186909,7.382984213061193e-12,1.0000000000000084,0.9999999999999973
-0.6,1.046764710372206,116.92248197113297,-0.5999999259374116,7.378426989985468e-12,1.0000000000000082,0.9999999999999977
-0.6,1.046764710372206,118.00535099535914,-0.5999999259571452,7.373356097613828e-12,1.0000000000000073,0.9999999999999974
-0.6,1.046764710372206,119.09824893193696,-0.599999925977767,7.367843571908901e-12,1.0000000000000067,0.9999999999999973
-0.6,1.046764710372206,120.2012686629055,-0.5999999259991288,7.361975722847589e-12,1.0000000000000058,0.9999999999999971
-0.6,1.046764710372206,121.31450393052383,-0.5999999260210647,7.355859017401523e-12,1.000000000000005,0.9999999999999974
-0.6,1.046764710372206,122.43804934523853,-0.5999999260433982,7.349603958938228e-12,1.0000000000000042,0.9999999999999973
-0.6,1.046764710372206,123.5720003937234,-0.5999999260659464,7.343327588976523e-12,1.000000000000004,0.9999999999999977
-0.6,1.046764710372206,124.7164534469956,-0.5999999260885264,7.337165156821276e-12,1.0000000000000036,0.9999999999999973
-0.6,1.046764710372206,125.87150576860506,-0.5999999261109612,7.33124729968485e-12,1.000000000000003,0.9999999999999979
-0.6,1.046764710372206,127.03725552290106,-0.5999999261330857,7.325704002219552e-12,1.0000000000000029,0.999999999999998
-0.6,1.046764710372206,128.21380178337475,-0.5999999261547494,7.320674196675983e-12,1.0000000000000027,0.9999999999999986
-0.6,1.046764710372206,129.40124454107954,-0.5999999261758239,7.316285100054112e-12,1.0000000000000029,0.9999999999999984
-0.6,1.046764710372206,130.59968471312828,-0.5999999261962038,7.312661739658847e-12,1.0000000000000029,0.9999999999999991
-0.6,1.046764710372206,131.8092241512703,-0.5999999262158101,7.309920572262981e-12,1.000000000000003,0.9999999999999996
-0.6,1.046764710372206,133.02996565054787,-0.599999926234593,7.3081666555752e-12,1.0000000000000038,0.9999999999999994
-0.6,1.046764710372206,134.26201295803162,-0.5999999262525326,7.307493854281591e-12,1.0000000000000042,1.0000000000000004
-0.6,1.046764710372206,135.5054707816382,-0.5999999262696375,7.307981714218566e-12,1.0000000000000047,1.0000000000000009
-0.6,1.046764710372206,136.76044479902887,-0.5999999262859458,7.309694832869986e-12,1.0000000000000056,1.0000000000000013
-0.6,1.046764710372206,138.02704166659132,-0.5999999263015225,7.312681698913473e-12,1.000000000000006,1.0000000000000018
-0.6,1.046764710372206,139.30536902850287,-0.5999999263164588,7.316974154628143e-12,1.0000000000000069,1.0000000000000024
-0.6,1.046764710372206,140.5955355258802,-0.5999999263308667,7.322585683342707e-12,1.0000000000000078,1.000000000000003
-0.6,1.046764710372206,141.8976508060113,-0.5999999263448771,7.329514574855787e-12,1.0000000000000082,1.0000000000000036
-0.6,1.046764710372206,143.21182553167466,-0.5999999263586364,7.337742063392834e-12,1.0000000000000089,1.0000000000000038
-0.6,1.046764710372206,144.53817139054382,-0.5999999263723007,7.347233632168393e-12,1.0000000000000098,1.0000000000000049
-0.6,1.046764710372206,145.87680110468003,-0.5999999263860328,7.357934799985348e-12,1.0000000000000102,1.0000000000000049
-0.6,1.046764710372206,147.22782844011104,-0.5999999263999983,7.369788860072815e-12,1.0000000000000107,1.0000000000000056
-0.6,1.046764710372206,148.59136821650102,-0.5999999264143584,7.382713287867628e-12,1.000000000000011,1.0000000000000058
-0.6,1.046764710372206,149.9675363169076,-0.5999999264292695,7.396622607107233e-12,1.0000000000000113,1.0000000000000062
-0.6,1.046764710372206,151.35644969763095,-0.5999999264448774,7.411419908984224e-12,1.0000000000000115,1.0000000000000064
-0.6,1.046764710372206,152.75822639815343,-0.5999999264613126,7.427002026642788e-12,1.0000000000000118,1.0000000000000062
-0.6,1.046764710372206,154.17298555117182,-0.5999999264786909,7.443259917101541e-12,1.0000000000000118,1.0000000000000069
-0.6,1.046764710372206,155.60084739272125,-0.5999999264971072,7.46007932220811e-12,1.0000000000000115,1.0000000000000069
-0.6,1.046764710372206,157.0419332723941,-0.5999999265166363,7.477348595268484e-12,1.000000000000011,1.000000000000007
-0.6,1.046764710372206,158.4963656636536,-0.5999999265373293,7.494951500737792e-12,1.0000000000000107,1.0000000000000073
-0.6,1.046764710372206,159.96426817424148,-0.5999999265592142,7.512777134425847e-12,1.0000000000000102,1.000000000000007
-0.6,1.046764710372206,161.44576555668382,-0.5999999265822964,7.530717310705141e-12,1.0000000000000098,1.000000000000007
-0.6,1.046764710372206,162.94098371889282,-0.5999999266065572,7.548669191056922e-12,1.0000000000000098,1.0000000000000075
-0.6,1.046764710372206,164.4500497348682,-0.5999999266319567,7.566536420154944e-12,1.0000000000000089,1.0000000000000075
-0.6,1.046764710372206,165.97309185549548,-0.5999999266584329,7.584230696843546e-12,1.0000000000000075,1.0000000000000067
-0.6,1.046764710372206,167.5102395194472,-0.5999999266859066,7.60167180213073e-12,1.000000000000007,1.0000000000000069
-0.6,1.046764710372206,169.06162336418203,-0.5999999267142813,7.618789862427152e-12,1.0000000000000064,1.0000000000000069
-0.6,1.046764710372206,170.6273752370482,-0.5999999267434469,7.635524640244168e-12,1.0000000000000056,1.0000000000000067
-0.6,1.046764710372206,172.20762820648835,-0.599999926773283,7.651829523976441e-12,1.0000000000000049,1.0000000000000064
-0.6,1.046764710372206,173.80251657334924,-0.5999999268036602,7.667664040932756e-12,1.0000000000000038,1.0000000000000064
-0.6,1.046764710372206,175.41217588229446,-0.5999999268344448,7.682999698516706e-12,1.0000000000000033,1.0000000000000058
-0.6,1.046764710372206,177.0367429333253,-0.5999999268655025,7.697819347786636e-12,1.0000000000000027,1.0000000000000056
-0.6,1.046764710372206,178.67635579340572,-0.5999999268966988,7.712117773871028e-12,1.0000000000000024,1.0000000000000056
-0.6,1.046764710372206,180.33115380819694,-0.5999999269279053,7.725901072644009e-12,1.0000000000000018,1.0000000000000053
-0.6,1.046764710372206,182.00127761389967,-0.5999999269589995,7.739177240772801e-12,1.0000000000000016,1.0000000000000049
-0.6,1.046764710372206,183.68686914920713,-0.5999999269898699,7.751968408888928e-12,1.0000000000000009,1.0000000000000047
-0.6,1.046764710372206,185.38807166736675,-0.5999999270204166,7.76430629685136e-12,1.0000000000000009,1.0000000000000042
-0.6,1.046764710372206,187.10502974835543,-0.5999999270505537,7.776224962829106e-12,1.0000000000000009,1.0000000000000047
-0.6,1.046764710372206,188.83788931116757,-0.5999999270802114,7.787767459984241e-12,1.0000000000000007,1.0000000000000042
-0.6,1.046764710372206,190.58679762621514,-0.5999999271093364,7.798980376681044e-12,1.0000000000000007,1.0000000000000036
-0.6,1.046764710372206,192.35190332784438,-0.5999999271378935,7.809914703558771e-12,1.0000000000000009,1.0000000000000038
-0.6,1.046764710372206,194.13335642696757,-0.5999999271658654,7.820625999667066e-12,1.000000000000001,1.0000000000000036
-0.6,1.046764710372206,195.93130832381254,-0.5999999271932533,7.831170126272499e-12,1.0000000000000018,1.0000000000000033
-0.6,1.046764710372206,197.74591182078862,-0.5999999272200767,7.84160529426067e-12,1.000000000000002,1.0000000000000033
-0.6,1.046764710372206,199.5773211354742,-0.5999999272463713,7.851989667087825e-12,1.0000000000000024,1.000000000000003
-0.6,1.046764710372206,201.42569191372198,-0.5999999272721906,7.862381912825679e-12,1.0000000000000029,1.0000000000000029
-0.6,1.046764710372206,203.29118124288746,-0.5999999272976021,7.872837781424111e-12,1.0000000000000038,1.0000000000000027
-0.6,1.046764710372206,205.1739476651793,-0.5999999273226868,7.883412366407767e-12,1.0000000000000042,1.000000000000003
-0.6,1.046764710372206,207.07415119113296,-0.5999999273475387,7.894158776470534e-12,1.0000000000000047,1.0000000000000027
-0.6,1.046764710372206,208.99195331321022,-0.5999999273722597,7.905125915900572e-12,1.0000000000000056,1.0000000000000033
-0.6,1.046764710372206,210.92751701952352,-0.5999999273969614,7.916359467305176e-12,1.0000000000000058,1.0000000000000033
-0.6,1.046764710372206,212.88100680768738,-0.5999999274217593,7.927903421615612e-12,1.0000000000000064,1.000000000000003
-0.6,1.046764710372206,214.8525886987991,-0.5999999274467734,7.93979407743398e-12,1.000000000000007,1.0000000000000033
-0.6,1.046764710372206,216.84243025154836,-0.5999999274721252,7.952065211893898e-12,1.0000000000000075,1.0000000000000036
-0.6,1.046764710372206,218.85070057645706,-0.5999999274979335,7.964747453104006e-12,1.000000000000008,1.0000000000000036
-0.6,1.046764710372206,220.87757035025237,-0.5999999275243165,7.977865182920854e-12,1.0000000000000087,1.0000000000000036
-0.6,1.046764710372206,222.92321183037146,-0.5999999275513854,7.991438678254838e-12,1.0000000000000089,1.0000000000000036
-0.6,1.046764710372206,224.9877988696007,-0.5999999275792453,8.005485351305527e-12,1.000000000000009,1.0000000000000042
-0.6,1.046764710372206,227.07150693085165,-0.5999999276079936,8.020016621486737e-12,1.0000000000000089,1.0000000000000042
-0.6,1.046764710372206,229.17451310207272,-0.5999999276377164,8.035037978968203e-12,1.000000000000009,1.0000000000000038
-0.6,1.046764710372206,231.29699611129922,-0.5999999276684898,8.0505569584666e-12,1.0000000000000095,1.000000000000004
-0.6,1.046764710372206,233.4391363418438,-0.5999999277003772,8.06657015096281e-12,1.000000000000009,1.0000000000000044
-0.6,1.046764710372206,235.60111584762504,-0.5999999277334296,8.083075897721489e-12,1.000000000000009,1.000000000000005
-0.6,1.046764710372206,237.78311836864148,-0.5999999277676837,8.100067316745113e-12,1.0000000000000087,1.0000000000000047
-0.6,1.046764710372206,239.98532934658564,-0.5999999278031634,8.117534776085002e-12,1.0000000000000087,1.000000000000005
-0.6,1.046764710372206,242.20793594060487,-0.5999999278398783,8.135466031751978e-12,1.0000000000000084,1.000000000000005
-0.6,1.046764710372206,244.4511270432073,-0.5999999278778245,8.153846774122745e-12,1.0000000000000075,1.000000000000005
-0.6,1.046764710372206,246.71509329631496,-0.5999999279169856,8.172659961510296e-12,1.0000000000000075,1.0000000000000049
-0.6,1.046764710372206,249.00002710746668,-0.5999999279573318,8.191887230436343e-12,1.0000000000000069,1.0000000000000053
-0.6,1.046764710372206,251.3061226661696,-0.5999999279988218,8.211508856153849e-12,1.0000000000000062,1.0000000000000056
-0.6,1.046764710372206,253.6335759604023,-0.5999999280414037,8.231503291482884e-12,1.000000000000006,1.0000000000000056
-0.6,1.046764710372206,255.98258479327197,-0.5999999280850161,8.251849153398242e-12,1.0000000000000056,1.0000000000000058
-0.6,1.046764710372206,258.3533487998248,-0.599999928129589,8.272519986437802e-12,1.0000000000000049,1.0000000000000056
-0.6,1.046764710372206,260.7460694640121,-0.5999999281750451,8.293496201847427e-12,1.000000000000004,1.0000000000000053
-0.6,1.046764710372206,263.1609501358149,-0.5999999282213018,8.314750157167312e-12,1.0000000000000036,1.0000000000000056
-0.6,1.046764710372206,265.59819604852424,-0.5999999282682715,8.336257582615281e-12,1.000000000000003,1.0000000000000058
-0.6,1.046764710372206,268.0580143361851,-0.5999999283158656,8.357994118658081e-12,1.0000000000000027,1.0000000000000056
-0.6,1.046764710372206,270.5406140511989,-0.5999999283639922,8.379933805345084e-12,1.000000000000002,1.0000000000000058
-0.6,1.046764710372206,273.0462061820903,-0.5999999284125611,8.402050319124032e-12,1.0000000000000013,1.0000000000000056
-0.6,1.046764710372206,275.57500367143905,-0.5999999284614832,8.424319821886731e-12,1.0000000000000013,1.000000000000006
-0.6,1.046764710372206,278.1272214339776,-0.5999999285106719,8.44671672412756e-12,1.0000000000000009,1.000000000000005
-0.6,1.046764710372206,280.7030763748543,-0.5999999285600456,8.469216211099656e-12,1.0000000000000004,1.0000000000000056
-0.6,1.046764710372206,283.30278740807006,-0.5999999286095282,8.491793653704337e-12,1.0,1.0000000000000056
-0.6,1.046764710372206,285.9265754750807,-0.5999999286590495,8.51442252652542e-12,1.0,1.0000000000000056
-0.6,1.046764710372206,288.57466356357577,-0.5999999287085472,8.537079842592542e-12,0.9999999999999997,1.000000000000005
-0.6,1.046764710372206,291.24727672642865,-0.5999999287579676,8.559742021690214e-12,0.9999999999999996,1.000000000000005
-0.6,1.046764710372206,293.94464210082356,-0.5999999288072646,8.582384678125581e-12,0.9999999999999993,1.0000000000000049
-0.6,1.046764710372206,296.6669889275594,-0.5999999288564032,8.604984362868783e-12,0.9999999999999997,1.000000000000005
-0.6,1.046764710372206,299.4145485705322,-0.5999999289053574,8.627517631337768e-12,0.9999999999999997,1.0000000000000047
-0.6,1.046764710372206,302.18755453639716,-0.5999999289541118,8.64996236473741e-12,0.9999999999999998,1.0000000000000047
-0.6,1.046764710372206,304.9862424944146,-0.5999999290026609,8.672296395905372e-12,1.0000000000000002,1.0000000000000044
-0.6,1.046764710372206,307.81085029647846,-0.5999999290510094,8.69449754024845e-12,1.0000000000000002,1.0000000000000044
-0.6,1.046764710372206,310.6616179973303,-0.599999929099172,8.716545109724971e-12,1.0000000000000007,1.0000000000000042
-0.6,1.046764710372206,313.5387878749621,-0.5999999291471736,8.738417732082882e-12,1.0000000000000009,1.0000000000000044
-0.6,1.046764710372206,316.44260445120455,-0.5999999291950482,8.760095811378013e-12,1.0000000000000009,1.0000000000000038
-0.6,1.046764710372206,319.3733145125105,-0.5999999292428377,8.781560008455437e-12,1.0000000000000016,1.000000000000004
-0.6,1.046764710372206,322.3311671309267,-0.599999929290594,8.802791197576038e-12,1.000000000000002,1.0000000000000038
-0.6,1.046764710372206,325.31641368526283,-0.5999999293383744,8.823771670559641e-12,1.0000000000000022,1.0000000000000042
-0.6,1.046764710372206,328.32930788245454,-0.5999999293862442,8.844484595824377e-12,1.000000000000003,1.0000000000000036
-0.6,1.046764710372206,331.37010577912685,-0.5999999294342742,8.864912636931727e-12,1.000000000000003,1.0000000000000036
-0.6,1.046764710372206,334.4390658033531,-0.59999992948254,8.885043005684644e-12,1.0000000000000038,1.0000000000000036
-0.6,1.046764710372206,337.53644877662083,-0.599999929531121,8.904858745981595e-12,1.0000000000000044,1.000000000000003
-0.6,1.046764710372206,340.66251793599554,-0.5999999295801006,8.924351307230162e-12,1.0000000000000047,1.0000000000000036
-0.6,1.046764710372206,343.81753895649405,-0.5999999296295622,8.943504572407986e-12,1.0000000000000058,1.000000000000003
-0.6,1.046764710372206,347.00177997366285,-0.5999999296795925,8.962308926760938e-12,1.000000000000006,1.0000000000000029
-0.6,1.046764710372206,350.2155116063659,-0.5999999297302774,8.9807576660306e-12,1.0000000000000062,1.000000000000003
-0.6,1.046764710372206,353.4590069797847,-0.5999999297817014,8.998843972637913e-12,1.0000000000000067,1.0000000000000029
-0.6,1.046764710372206,356.73254174862967,-0.5999999298339483,9.016558999230513e-12,1.0000000000000075,1.0000000000000029
-0.6,1.046764710372206,360.0363941205664,-0.599999929887099,9.033899510346405e-12,1.0000000000000075,1.0000000000000029
-0.6,1.046764710372206,363.37084487986095,-0.5999999299412304,9.050862858366836e-12,1.0000000000000078,1.0000000000000027
-0.6,1.046764710372206,366.73617741124224,-0.5999999299964166,9.067447863203556e-12,1.000000000000008,1.0000000000000029
-0.6,1.046764710372206,370.13267772398575,-0.5999999300527258,9.083655810687333e-12,1.0000000000000082,1.0000000000000024
-0.6,1.046764710372206,373.5606344762222,-0.5999999301102211,9.099487214734164e-12,1.000000000000008,1.0000000000000022
-0.6,1.046764710372206,377.02033899946696,-0.59999993016896,9.114947981534703e-12,1.0000000000000082,1.000000000000002
-0.6,1.046764710372206,380.5120853233824,-0.5999999302289938,9.130043077167187e-12,1.0000000000000082,1.0000000000000024
-0.6,1.046764710372206,384.03617020076405,-0.5999999302903658,9.144778798504953e-12,1.0000000000000084,1.0000000000000022
-0.6,1.046764710372206,387.5928931327621,-0.5999999303531143,9.159165124074494e-12,1.0000000000000089,1.0000000000000029
-0.6,1.046764710372206,391.18255639433437,-0.5999999304172688,9.173211754040545e-12,1.0000000000000084,1.0000000000000022
-0.6,1.046764710372206,394.8054650599374,-0.5999999304828519,9.186930842020552e-12,1.0000000000000087,1.0000000000000024
-0.6,1.046764710372206,398.4619270294508,-0.5999999305498788,9.200335637601696e-12,1.000000000000008,1.0000000000000022
-0.6,1.046764710372206,402.15225305434814,-0.5999999306183578,9.213440855193136e-12,1.0000000000000082,1.0000000000000018
-0.6,1.046764710372206,405.87675676410373,-0.5999999306882898,9.226262198889469e-12,1.0000000000000078,1.0000000000000024
-0.6,1.046764710372206,409.6357546928489,-0.5999999307596678,9.238816725187319e-12,1.0000000000000075,1.0000000000000022
-0.6,1.046764710372206,413.4295663062725,-0.5999999308324799,9.25112264106161e-12,1.000000000000007,1.0000000000000022
-0.6,1.046764710372206,417.25851402877123,-0.5999999309067054,9.26319805293899e-12,1.0000000000000069,1.0000000000000024
-0.6,1.046764710372206,421.12292327085265,-0.5999999309823195,9.27506383072773e-12,1.0000000000000069,1.0000000000000022
-0.6,1.046764710372206,425.02312245678996,-0.5999999310592901,9.286739029246257e-12,1.0000000000000062,1.0000000000000022
-0.6,1.046764710372206,428.95944305253283,-0.5999999311375817,9.298245160401392e-12,1.0000000000000058,1.0000000000000018
-0.6,1.046764710372206,432.9322195938791,-0.5999999312171522,9.309602100421946e-12,1.000000000000005,1.000000000000002
-0.6,1.046764710372206,436.9417897149054,-0.5999999312979567,9.32083179037334e-12,1.0000000000000049,1.0000000000000018
-0.6,1.046764710372206,440.98849417666133,-0.5999999313799461,9.331955681468323e-12,1.0000000000000044,1.0000000000000022
-0.6,1.046764710372206,445.0726768961314,-0.5999999314630684,9.342992672152828e-12,1.0000000000000038,1.000000000000002
-0.6,1.046764710372206,449.19468497546023,-0.5999999315472692,9.353965368305202e-12,1.0000000000000038,1.000000000000002
-0.6,1.046764710372206,453.3548687314555,-0.5999999316324919,9.364891572605644e-12,1.0000000000000029,1.000000000000002
-0.6,1.046764710372206,457.55358172535705,-0.5999999317186797,9.375791297319999e-12,1.0000000000000029,1.0000000000000022
-0.6,1.046764710372206,461.7911807928867,-0.5999999318057745,9.386684675821561e-12,1.0000000000000022,1.000000000000002
-0.6,1.046764710372206,466.0680260745743,-0.5999999318937176,9.397584882473973e-12,1.000000000000002,1.000000000000002
-0.6,1.046764710372206,470.3844810463644,-0.5999999319824524,9.408510529704995e-12,1.0000000000000018,1.0000000000000018
-0.6,1.046764710372206,474.7409125505084,-0.5999999320719224,9.419476940170866e-12,1.0000000000000013,1.0000000000000018
-0.6,1.046764710372206,479.1376908267404,-0.5999999321620727,9.430497402372934e-12,1.000000000000001,1.0000000000000018
-0.6,1.046764710372206,483.57518954374194,-0.5999999322528511,9.441581802616046e-12,1.0000000000000009,1.0000000000000016
-0.6,1.046764710372206,488.0537858309,-0.5999999323442075,9.452741358795448e-12,1.0000000000000002,1.0000000000000022
-0.6,1.046764710372206,492.5738603103579,-0.5999999324360958,9.46398516796272e-12,1.0000000000000002,1.000000000000002
-0.6,1.046764710372206,497.1357971293627,-0.5999999325284724,9.475318364205195e-12,1.0000000000000002,1.0000000000000016
-0.6,1.046764710372206,501.7399839929145,-0.5999999326212981,9.486744981004036e-12,1.0,1.0000000000000018
-0.6,1.046764710372206,506.3868121967132,-0.5999999327145379,9.498269386878761e-12,0.9999999999999998,1.0000000000000018
-0.6,1.046764710372206,511.0766766604169,-0.599999932808161,9.509890179963816e-12,0.9999999999999996,1.0000000000000018
-0.6,1.046764710372206,515.809975961202,-0.5999999329021418,9.521606331323607e-12,0.9999999999999996,1.0000000000000018
-0.6,1.046764710372206,520.5871123676386,-0.5999999329964592,9.533413589074033e-12,0.9999999999999997,1.0000000000000013
-0.6,1.046764710372206,525.4084918738774,-0.5999999330910968,9.545305283933662e-12,0.9999999999999994,1.0000000000000016
-0.6,1.046764710372206,530.2745242341559,-0.5999999331860444,9.557273883364718e-12,0.9999999999999997,1.0000000000000013
-0.6,1.046764710372206,535.1856229976182,-0.5999999332812962,9.569308175470198e-12,0.9999999999999999,1.0000000000000016
-0.6,1.046764710372206,540.1422055434659,-0.5999999333768519,9.581395350197313e-12,1.0,1.0000000000000016
-0.6,1.046764710372206,545.1446931164259,-0.599999933472716,9.593520683999593e-12,1.0000000000000002,1.0000000000000016
-0.6,1.046764710372206,550.1935108625528,-0.5999999335688988,9.605667023435566e-12,1.0000000000000004,1.0000000000000016
-0.6,1.046764710372206,555.2890878653604,-0.5999999336654149,9.617815326111562e-12,1.0000000000000007,1.0000000000000016
-0.6,1.046764710372206,560.4318571822878,-0.5999999337622848,9.629944307332724e-12,1.0000000000000004,1.0000000000000013
-0.6,1.046764710372206,565.6222558815047,-0.5999999338595325,9.642031469132545e-12,1.000000000000001,1.0000000000000013
-0.6,1.046764710372206,570.8607250790558,-0.5999999339571873,9.654052017124461e-12,1.0000000000000016,1.0000000000000013
-0.6,1.046764710372206,576.1477099763489,-0.5999999340552827,9.665978788326185e-12,1.0000000000000018,1.0000000000000013
-0.6,1.046764710372206,581.4836598979924,-0.5999999341538558,9.677783986893709e-12,1.0000000000000022,1.0000000000000013
-0.6,1.046764710372206,586.8690283299819,-0.5999999342529474,9.689438292657378e-12,1.0000000000000022,1.0000000000000013
-0.6,1.046764710372206,592.3042729582397,-0.5999999343526026,9.700909708221735e-12,1.0000000000000027,1.0000000000000009
-0.6,1.046764710372206,597.7898557075149,-0.5999999344528685,9.712167699937453e-12,1.000000000000003,1.0000000000000013
-0.6,1.046764710372206,603.3262427806361,-0.5999999345537952,9.72317695817292e-12,1.0000000000000038,1.000000000000001
-0.6,1.046764710372206,608.913904698138,-0.5999999346554358,9.733904932408588e-12,1.0000000000000036,1.0000000000000009
-0.6,1.046764710372206,614.5533163382452,-0.5999999347578445,9.744314987069926e-12,1.000000000000004,1.0000000000000009
-0.6,1.046764710372206,620.2449569772324,-0.599999934861078,9.754371415064626e-12,1.0000000000000044,1.0000000000000007
-0.6,1.046764710372206,625.9893103301563,-0.5999999349651939,9.764038201302252e-12,1.000000000000005,1.0000000000000009
-0.6,1.046764710372206,631.7868645919671,-0.59999993507025,9.773278092192192e-12,1.0000000000000056,1.0000000000000007
-0.6,1.046764710372206,637.638112478994,-0.5999999351763057,9.782054060486993e-12,1.0000000000000058,1.0000000000000007
-0.6,1.046764710372206,643.5435512708254,-0.5999999352834202,9.790328277945621e-12,1.0000000000000062,1.0000000000000007
-0.6,1.046764710372206,649.5036828525664,-0.5999999353916523,9.798065689880474e-12,1.0000000000000064,1.0000000000000004
-0.6,1.046764710372206,655.5190137574945,-0.5999999355010602,9.805226258711579e-12,1.0000000000000069,1.0000000000000004
-0.6,1.046764710372206,661.5900552101086,-0.5999999356117015,9.811775130797267e-12,1.0000000000000073,1.0000000000000002
-0.6,1.046764710372206,667.7173231695753,-0.5999999357236322,9.817673753355128e-12,1.0000000000000075,1.0000000000000004
-0.6,1.046764710372206,673.9013383735801,-0.5999999358369069,9.82288927860071e-12,1.000000000000008,1.0000000000000002
-0.6,1.046764710372206,680.1426263825831,-0.5999999359515782,9.827384926948662e-12,1.000000000000008,1.0000000000000002
-0.6,1.046764710372206,686.4417176244827,-0.5999999360676967,9.831127106261442e-12,1.0000000000000084,1.0000000000000004
-0.6,1.046764710372206,692.7991474396972,-0.5999999361853104,9.834082180130627e-12,1.000000000000009,1.0
-0.6,1.046764710372206,699.215456126661,-0.5999999363044647,9.836219729059817e-12,1.0000000000000089,0.9999999999999996
-0.6,1.046764710372206,705.6911889877423,-0.5999999364252023,9.837505936868386e-12,1.000000000000009,1.0
-0.6,1.046764710372206,712.2268963755895,-0.5999999365475619,9.837913281378475e-12,1.000000000000009,0.9999999999999998
-0.6,1.046764710372206,718.8231337398989,-0.5999999366715804,9.837413315850286e-12,1.0000000000000095,0.9999999999999997
-0.6,1.046764710372206,725.4804616746267,-0.5999999367972897,9.835978847849764e-12,1.0000000000000093,0.9999999999999997
-0.6,1.046764710372206,732.1994459656265,-0.599999936924719,9.833585530375754e-12,1.0000000000000095,0.9999999999999998
-0.6,1.046764710372206,738.9806576387373,-0.5999999370538934,9.830208733901413e-12,1.00000000000001,0.9999999999999996
-0.6,1.046764710372206,745.8246730083114,-0.5999999371848341,9.825827764548e-12,1.00000000000001,0.9999999999999992
-0.6,1.046764710372206,752.7320737261965,-0.599999937317559,9.820422095668622e-12,1.0000000000000098,0.9999999999999993
-0.6,1.046764710372206,759.7034468311634,-0.5999999374520814,9.813973329839155e-12,1.0000000000000098,0.9999999999999994
-0.6,1.046764710372206,766.7393847988028,-0.5999999375884103,9.806465559251369e-12,1.00000000000001,0.9999999999999992
-0.6,1.046764710372206,773.8404855918722,-0.5999999377265517,9.797884288771895e-12,1.0000000000000098,0.999999999999999
-0.6,1.046764710372206,781.0073527111184,-0.599999937866507,9.788216885360006e-12,1.0000000000000098,0.9999999999999992
-0.6,1.046764710372206,788.2405952465664,-0.5999999380082734,9.777452927989524e-12,1.0000000000000098,0.9999999999999989
-0.6,1.046764710372206,795.5408279292831,-0.5999999381518453,9.7655837767439e-12,1.0000000000000095,0.9999999999999992
-0.6,1.046764710372206,802.9086711836236,-0.5999999382972112,9.75260273433396e-12,1.0000000000000093,0.999999999999999
-0.6,1.046764710372206,810.3447511799583,-0.5999999384443582,9.738505451146828e-12,1.0000000000000093,0.9999999999999988
-0.6,1.046764710372206,817.8496998878867,-0.5999999385932682,9.723288980111563e-12,1.0000000000000093,0.9999999999999988
-0.6,1.046764710372206,825.4241551299497,-0.5999999387439194,9.706952610691842e-12,1.0000000000000089,0.9999999999999988
-0.6,1.046764710372206,833.0687606358348,-0.5999999388962884,9.689497444465194e-12,1.0000000000000087,0.9999999999999986
-0.6,1.046764710372206,840.7841660970844,-0.5999999390503463,9.67092721405949e-12,1.0000000000000082,0.9999999999999986
-0.6,1.046764710372206,848.5710272223139,-0.5999999392060628,9.651245926577024e-12,1.0000000000000082,0.9999999999999986
-0.6,1.046764710372206,856.4300057929329,-0.5999999393634033,9.63046093310835e-12,1.0000000000000082,0.9999999999999984
-0.6,1.046764710372206,864.3617697193946,-0.5999999395223315,9.608580682784191e-12,1.0000000000000078,0.9999999999999987
-0.6,1.046764710372206,872.3669930979535,-0.5999999396828082,9.585615430098257e-12,1.0000000000000075,0.9999999999999984
-0.6,1.046764710372206,880.4463562679581,-0.5999999398447915,9.561576937165305e-12,1.0000000000000073,0.9999999999999983
-0.6,1.046764710372206,888.6005458696701,-0.5999999400082378,9.536478725563059e-12,1.0000000000000069,0.9999999999999984
-0.6,1.046764710372206,896.8302549026189,-0.599999940173101,9.510336543461163e-12,1.0000000000000067,0.9999999999999983
-0.6,1.046764710372206,905.1361827845002,-0.5999999403393333,9.483166692748108e-12,1.000000000000006,0.9999999999999983
-0.6,1.046764710372206,913.5190354106156,-0.5999999405068862,9.454986735164143e-12,1.000000000000006,0.9999999999999982
-0.6,1.046764710372206,921.9795252138629,-0.5999999406757089,9.425816746421302e-12,1.0000000000000056,0.999999999999998
-0.6,1.046764710372206,930.5183712252855,-0.5999999408457498,9.39567679703403e-12,1.0000000000000056,0.9999999999999984
-0.6,1.046764710372206,939.1362991351807,-0.5999999410169564,9.364588877871264e-12,1.0000000000000049,0.9999999999999983
-0.6,1.046764710372206,947.8340413547725,-0.5999999411892756,9.332576164287123e-12,1.0000000000000049,0.9999999999999979
-0.6,1.046764710372206,956.6123370784595,-0.599999941362653,9.299662797646584e-12,1.0000000000000044,0.9999999999999978
-0.6,1.046764710372206,965.4719323466358,-0.5999999415370355,9.26587313001682e-12,1.000000000000004,0.9999999999999979
-0.6,1.046764710372206,974.4135801090915,-0.5999999417123685,9.231233802200145e-12,1.000000000000004,0.999999999999998
-0.6,1.046764710372206,983.4380402890077,-0.5999999418885981,9.195771567668898e-12,1.0000000000000036,0.9999999999999977
-0.6,1.046764710372206,992.5460798475383,-0.5999999420656708,9.15951361781247e-12,1.0000000000000036,0.999999999999998
-0.6,1.046764710372206,1001.7384728489908,-0.5999999422435334,9.122486935843438e-12,1.0000000000000029,0.9999999999999979
-0.6,1.046764710372206,1011.0160005266158,-0.5999999424221335,9.084721345864001e-12,1.0000000000000027,0.9999999999999979
-0.6,1.046764710372206,1020.3794513489946,-0.5999999426014195,9.046245683364438e-12,1.0000000000000024,0.9999999999999976
-0.6,1.046764710372206,1029.8296210870567,-0.5999999427813411,9.007089520229868e-12,1.0000000000000022,0.9999999999999974
-0.6,1.046764710372206,1039.3673128817031,-0.5999999429618486,8.967281835242762e-12,1.0000000000000022,0.9999999999999977
-0.6,1.046764710372206,1048.993337312066,-0.5999999431428938,8.926854182052638e-12,1.000000000000002,0.9999999999999978
-0.6,1.046764710372206,1058.7085124643972,-0.5999999433244307,8.88583591645373e-12,1.0000000000000018,0.9999999999999977
-0.6,1.046764710372206,1068.5136640015942,-0.5999999435064142,8.844256487465023e-12,1.0000000000000016,0.9999999999999974
-0.6,1.046764710372206,1078.4096252333723,-0.599999943688801,8.802148375627824e-12,1.0000000000000013,0.9999999999999978
-0.6,1.046764710372206,1088.3972371870843,-0.59999994387155,8.759540216184482e-12,1.0000000000000013,0.9999999999999974
-0.6,1.046764710372206,1098.4773486791944,-0.5999999440546218,8.716462752239605e-12,1.000000000000001,0.9999999999999977
-0.6,1.046764710372206,1108.650816387419,-0.5999999442379791,8.672945753188213e-12,1.0000000000000007,0.9999999999999978
-0.6,1.046764710372206,1118.9185049235327,-0.5999999444215867,8.629019519077457e-12,1.0000000000000007,0.9999999999999974
-0.6,1.046764710372206,1129.2812869068487,-0.5999999446054117,8.584712986911049e-12,1.0000000000000007,0.9999999999999976
-0.6,1.046764710372206,1139.740043038382,-0.5999999447894234,8.540055718873095e-12,1.0000000000000004,0.9999999999999978
-0.6,1.046764710372206,1150.2956621756925,-0.5999999449735933,8.49507675155983e-12,1.0000000000000007,0.9999999999999974
-0.6,1.046764710372206,1160.9490414084332,-0.5999999451578959,8.449803888848806e-12,1.0000000000000009,0.9999999999999974
-0.6,1.046764710372206,1171.7010861345848,-0.5999999453423074,8.404265106208032e-12,1.0000000000000007,0.9999999999999978
-0.6,1.046764710372206,1182.5527101374053,-0.5999999455268068,8.358487927913123e-12,1.0000000000000007,0.9999999999999976
-0.6,1.046764710372206,1193.5048356630894,-0.5999999457113755,8.312498659852265e-12,1.0000000000000007,0.9999999999999976
-0.6,1.046764710372206,1204.55839349915,-0.5999999458959973,8.266323722340074e-12,1.0000000000000007,0.9999999999999978
-0.6,1.046764710372206,1215.7143230535173,-0.5999999460806585,8.219988343698152e-12,1.0000000000000007,0.9999999999999977
-0.6,1.046764710372206,1226.9735724343827,-0.5999999462653478,8.173517299084218e-12,1.0000000000000007,0.9999999999999977
-0.6,1.046764710372206,1238.33709853077,-0.5999999464500569,8.12693459569925e-12,1.0000000000000007,0.9999999999999977
-0.6,1.046764710372206,1249.8058670938608,-0.5999999466347788,8.080263545911294e-12,1.0000000000000007,0.9999999999999974
-0.6,1.046764710372206,1261.3808528190714,-0.5999999468195103,8.033526516015401e-12,1.000000000000001,0.9999999999999974
-0.6,1.046764710372206,1273.0630394288874,-0.5999999470042494,7.986745328739956e-12,1.000000000000001,0.9999999999999974
-0.6,1.046764710372206,1284.8534197564702,-0.5999999471889966,7.939940836140473e-12,1.000000000000001,0.9999999999999974
-0.6,1.046764710372206,1296.7529958300336,-0.5999999473737555,7.893133378316144e-12,1.0000000000000016,0.9999999999999976
-0.6,1.046764710372206,1308.7627789579997,-0.5999999475585307,7.846341356015379e-12,1.0000000000000013,0.9999999999999978
-0.6,1.046764710372206,1320.883789814951,-0.5999999477433298,7.799584117267472e-12,1.0000000000000016,0.9999999999999977
-0.6,1.046764710372206,1333.1170585283726,-0.5999999479281621,7.752878468139361e-12,1.0000000000000016,0.9999999999999979
-0.6,1.046764710372206,1345.4636247661995,-0.5999999481130387,7.706241642027506e-12,1.000000000000002,0.9999999999999979
-0.6,1.046764710372206,1357.924537825179,-0.5999999482979734,7.659689053717161e-12,1.0000000000000022,0.9999999999999976
-0.6,1.046764710372206,1370.500856720038,-0.5999999484829811,7.613235885742673e-12,1.0000000000000022,0.9999999999999979
-0.6,1.046764710372206,1383.1936502734964,-0.5999999486680785,7.566896055391369e-12,1.0000000000000024,0.9999999999999978
-0.6,1.046764710372206,1396.0039972070938,-0.5999999488532844,7.520682302472669e-12,1.0000000000000029,0.9999999999999978
-0.6,1.046764710372206,1408.9329862328714,-0.5999999490386186,7.474608359950418e-12,1.0000000000000029,0.9999999999999977
-0.6,1.046764710372206,1421.9817161458968,-0.599999949224103,7.428683933906486e-12,1.0000000000000029,0.9999999999999977
-0.6,1.046764710372206,1435.1512959176512,-0.5999999494097603,7.382921257900508e-12,1.0000000000000033,0.9999999999999977
-0.6,1.046764710372206,1448.4428447902692,-0.5999999495956148,7.337329912582402e-12,1.0000000000000038,0.9999999999999979
-0.6,1.046764710372206,1461.8574923716699,-0.5999999497816917,7.291917960513923e-12,1.000000000000004,0.9999999999999979
-0.6,1.046764710372206,1475.3963787315492,-0.5999999499680178,7.24669539957517e-12,1.000000000000004,0.999999999999998
-0.6,1.046764710372206,1489.0606544982772,-0.59999995015462,7.201667023693629e-12,1.0000000000000044,0.9999999999999981
-0.6,1.046764710372206,1502.8514809566846,-0.5999999503415271,7.156842468940554e-12,1.0000000000000044,0.9999999999999979
-0.6,1.046764710372206,1516.7700301467542,-0.5999999505287681,7.1122254297797715e-12,1.0000000000000047,0.9999999999999979
-0.6,1.046764710372206,1530.8174849632353,-0.5999999507163726,7.067823186600729e-12,1.0000000000000049,0.9999999999999981
-0.6,1.046764710372206,1544.9950392561707,-0.599999950904371,7.023638823953227e-12,1.000000000000005,0.9999999999999982
-0.6,1.046764710372206,1559.3038979323546,-0.5999999510927938,6.979676035878518e-12,1.0000000000000056,0.9999999999999979
-0.6,1.046764710372206,1573.7452770577393,-0.5999999512816726,6.9359394009875705e-12,1.0000000000000058,0.9999999999999982
-0.6,1.046764710372206,1588.3204039607824,-0.5999999514710382,6.8924302158372465e-12,1.0000000000000062,0.999999999999998
-0.6,1.046764710372206,1603.0305173367537,-0.5999999516609228,6.849150536308913e-12,1.0000000000000062,0.9999999999999982
-0.6,1.046764710372206,1617.8768673530133,-0.5999999518513576,6.8061022584047745e-12,1.0000000000000064,0.9999999999999981
-0.6,1.046764710372206,1632.8607157552478,-0.5999999520423743,6.7632863125349704e-12,1.0000000000000064,0.9999999999999982
-0.6,1.046764710372206,1647.9833359747165,-0.5999999522340045,6.720702368280387e-12,1.0000000000000064,0.9999999999999982
-0.6,1.046764710372206,1663.2460132364645,-0.5999999524262795,6.6783501257230195e-12,1.0000000000000069,0.9999999999999983
-0.6,1.046764710372206,1678.6500446685554,-0.5999999526192299,6.636229287078852e-12,1.000000000000007,0.999999999999998
-0.6,1.046764710372206,1694.1967394123092,-0.5999999528128869,6.594337974846632e-12,1.0000000000000073,0.9999999999999983
-0.6,1.046764710372206,1709.8874187335668,-0.59999995300728,6.55267537118021e-12,1.0000000000000073,0.9999999999999982
-0.6,1.046764710372206,1725.7234161349695,-0.5999999532024396,6.5112385696849e-12,1.0000000000000078,0.9999999999999983
-0.6,1.046764710372206,1741.706077469303,-0.5999999533983938,6.470025380040279e-12,1.000000000000008,0.9999999999999982
-0.6,1.046764710372206,1757.8367610538646,-0.599999953595172,6.4290327057951745e-12,1.0000000000000082,0.9999999999999986
-0.6,1.046764710372206,1774.1168377859105,-0.5999999537928011,6.3882580728180754e-12,1.0000000000000084,0.9999999999999984
-0.6,1.046764710372206,1790.547691259161,-0.5999999539913079,6.3476973902883824e-12,1.0000000000000084,0.9999999999999983
-0.6,1.046764710372206,1807.1307178813868,-0.5999999541907183,6.307346872261669e-12,1.0000000000000084,0.9999999999999982
-0.6,1.046764710372206,1823.867326993091,-0.5999999543910574,6.26720259107089e-12,1.0000000000000087,0.9999999999999983
-0.6,1.046764710372206,1840.7589409872808,-0.5999999545923489,6.227260374803086e-12,1.0000000000000089,0.9999999999999988
-0.6,1.046764710372206,1857.8069954303487,-0.5999999547946158,6.187514859071679e-12,1.0000000000000089,0.9999999999999986
-0.6,1.046764710372206,1875.012939184082,-0.5999999549978798,6.147962620589698e-12,1.000000000000009,0.9999999999999987
-0.6,1.046764710372206,1892.378234528796,-0.5999999552021615,6.1085978224288775e-12,1.000000000000009,0.9999999999999988
-0.6,1.046764710372206,1909.9043572876058,-0.5999999554074805,6.069415722046925e-12,1.0000000000000093,0.9999999999999984
-0.6,1.046764710372206,1927.592796951861,-0.5999999556138551,6.030411241732489e-12,1.0000000000000095,0.9999999999999986
-0.6,1.046764710372206,1945.4450568077177,-0.5999999558213018,5.99157882007971e-12,1.0000000000000095,0.9999999999999986
-0.6,1.046764710372206,1963.4626540639163,-0.5999999560298366,5.9529130033269205e-12,1.0000000000000095,0.9999999999999987
-0.6,1.046764710372206,1981.6471199807077,-0.5999999562394737,5.914408456848193e-12,1.0000000000000098,0.9999999999999986
-0.6,1.046764710372206,2000.0,-0.5999999564502259,5.8760597629686566e-12,1.0000000000000098,0.9999999999999988
-0.532,1.048021584028849,0.0,0.0,0.0,0.0,1.048021584028849
-0.532,1.048021584028849,0.05,-0.0011649231090201818,0.022913761496471556,0.029299624619265066,1.047301267596174
-0.532,1.048021584028849,0.1,-0.004508166361909474,0.04358979103276803,0.058487505131878684,1.0465809860761681
-0.532,1.048021584028849,0.15000000000000002,-0.00981289564889367,0.062166089856194214,0.08746469215053929,1.0458608256787068
-0.532,1.048021584028849,0.2,-0.016875839058459415,0.07877586527051413,0.11614505412903327,1.0451409234341889
-0.532,1.048021584028849,0.25,-0.02550679841923056,0.09354736226590543,0.14445411085087703,1.0444214617917649
-0.532,1.048021584028849,0.30000000000000004,-0.03552814675197347,0.10660374420008682,0.17232795598473155,1.043702663466264
-0.532,1.048021584028849,0.35000000000000003,-0.04677431603438753,0.11806301722266449,0.19971226209305482,1.042984786512761
-0.532,1.048021584028849,0.4,-0.0590912794071814,0.12803799352309675,0.22656136215463474,1.0422681196155617
-0.532,1.048021584028849,0.45,-0.0723360311486114,0.13663628885641788,0.25283740222421774,1.0415529775842662
-0.532,1.048021584028849,0.5,-0.08637606837719321,0.14396035015778819,0.2785095603257014,1.0408396970540663
-0.532,1.048021584028849,0.55,-0.10108887672086064,0.1501075093955121,0.30355332707677485,1.040128632390822
-0.532,1.048021584028849,0.6000000000000001,-0.11636142213087465,0.1551700601321731,0.32794984388624526,1.0394201518034845
-0.532,1.048021584028849,0.65,-0.13208965220443886,0.15923535356455984,0.35168529486307804,1.0387146336677686
-0.532,1.048021584028849,0.7000000000000001,-0.1481780068792311,0.16238591109564124,0.3747503488354406,1.038012463065499
-0.532,1.048021584028849,0.75,-0.16453894222482116,0.16469955075646903,0.3971396481088174,1.0373140285440265
-0.532,1.048021584028849,0.8,-0.18109246644591054,0.1662495250431511,0.4188513407972282,1.0366197190994495
-0.532,1.048021584028849,0.8500000000000001,-0.19776569090492785,0.16710466796473622,0.43988665374876246,1.0359299213865616
-0.532,1.048021584028849,0.9,-0.21449239589790203,0.1673295493130091,0.4602495032565189,1.0352450171572012
-0.532,1.048021584028849,0.9500000000000001,-0.23121261193669929,0.1669846343650423,0.4799461409043438,1.0345653809273363
-0.532,1.048021584028849,1.0,-0.24787221787649796,0.16612644741557134,0.4989848320439342,1.033891377871735
-0.532,1.048021584028849,1.05,-0.2644225547026186,0.16480773770868293,0.5173755645383018,1.0332233619436013
-0.532,1.048021584028849,1.1,-0.28082005650939507,0.16307764649833542,0.5351297855384586,1.0325616742150356
-0.532,1.048021584028849,1.1500000000000001,-0.29702589824829306,0.16098187411543063,0.5522601641849386,1.031906641432807
-0.532,1.048021584028849,1.2000000000000002,-0.31300565963574933,0.15856284605583323,0.5687803782456154,1.0312585747825678
-0.532,1.048021584028849,1.25,-0.3287290060338575,0.15585987722999906,0.5847049228164344,1.0306177688535052
-0.532,1.048021584028849,1.3,-0.34416938565720573,0.15290933363111012,0.6000489393218393,1.0299845007943325
-0.532,1.048021584028849,1.35,-0.3593037424097512,0.1497447907851823,0.6148280631580463,1.0293590296506738
-0.532,1.048021584028849,1.4000000000000001,-0.3741122446101814,0.14639718844433672,0.6290582884248473,1.028741595873182
-0.532,1.048021584028849,1.4500000000000002,-0.388578029158215,0.142894981073742,0.6427558482899226,1.0281324209851523
-0.532,1.048021584028849,1.5,-0.4026869602618958,0.13926428376394923,0.6559371096242618,1.0275317073980543
-0.532,1.048021584028849,1.55,-0.41642740246922827,0.13552901327402697,0.6686184806382517,1.0269396383631215
-0.532,1.048021584028849,1.6,-0.42979000777068993,0.1317110239775726,0.6808163303351189,1.0263563780470983
-0.532,1.048021584028849,1.6500000000000001,-0.4427675160263735,0.12783023854366,0.6925469186815457,1.0257820717202526
-0.532,1.048021584028849,1.7000000000000002,-0.455354568020353,0.12390477323845601,0.7038263364748257,1.0252168460449902
-0.532,1.048021584028849,1.75,-0.46754753078797767,0.11995105778106256,0.7146704539616234,1.024660809453605
-0.532,1.048021584028849,1.8,-0.4793443347920998,0.11598394972954242,0.7250948773353179,1.024114052604125
-0.532,1.048021584028849,1.85,-0.4907443222652487,0.11201684341037654,0.7351149123069557,1.0235766489036502
-0.532,1.048021584028849,1.9000000000000001,-0.5017481060653889,0.1080617734371283,0.7447455340091826,1.0230486550890654
-0.532,1.048021584028849,1.9500000000000002,-0.5123574385926156,0.10412951289224778,0.7540013625532783,1.0225301118555852
-0.532,1.048021584028849,2.0,-0.5225750903409104,0.10022966627008754,0.7628966436164584,1.0220210445241777
-0.532,1.048021584028849,2.0500000000000003,-0.5324047375317088,0.09637075729964255,0.7714452334901083,1.0215214637395271
-0.532,1.048021584028849,2.1,-0.5418508582326734,0.0925603117825565,0.7796605880696339,1.0210313661908346
-0.532,1.048021584028849,2.15,-0.5509186364615615,0.08880493559587864,0.7875557553133622,1.0205507353484007
-0.532,1.048021584028849,2.2,-0.5596138738659577,0.08511038802019959,0.7951433707414142,1.0200795422095459
-0.532,1.048021584028849,2.25,-0.5679429085593356,0.08148165056242285,0.8024356555858426,1.0196177460480644
-0.532,1.048021584028849,2.3000000000000003,-0.5759125406413872,0.07792299144880327,0.8094444172407403,1.0191652951620171
-0.532,1.048021584028849,2.35,-0.5835299639304458,0.07443802596822044,0.8161810516955395,1.018722127615232
-0.532,1.048021584028849,2.4000000000000004,-0.5908027034958767,0.07102977284821019,0.8226565476666317,1.0182881719684673
-0.532,1.048021584028849,2.45,-0.5977385586363135,0.06770070684725125,0.8288814921717503,1.0178633479967003
-0.532,1.048021584028849,2.5,-0.6043455509627327,0.0644528077464136,0.8348660773184474,1.0174475673895043
-0.532,1.048021584028849,2.5500000000000003,-0.6106318772298129,0.06128760592189323,0.8406201081026441,1.017040734431966
-0.532,1.048021584028849,2.6,-0.6166058665562191,0.05820622467735476,0.8461530110357247,1.016642746663988
-0.532,1.048021584028849,2.6500000000000004,-0.6222759417018414,0.055209419511533,0.85147384343915,1.0162534955162634
-0.532,1.048021584028849,2.7,-0.6276505841110245,0.052297614492350174,0.8565913032642334,1.0158728669215293
-0.532,1.048021584028849,2.75,-0.6327383024600352,0.04947093590401812,0.8615137393116828,1.0155007419000803
-0.532,1.048021584028849,2.8000000000000003,-0.6375476044558329,0.04672924332833259,0.8662491617408085,1.0151369971187916
-0.532,1.048021584028849,2.85,-0.6420869716328755,0.044072158315729484,0.8708052527721876,1.0147815054231837
-0.532,1.048021584028849,2.9000000000000004,-0.6463648369008799,0.04149909079575685,0.8751893775000459,1.0144341363422957
-0.532,1.048021584028849,2.95,-0.650389564615076,0.039009263370498745,0.8794085947418424,1.014094756566349
-0.532,1.048021584028849,3.0,-0.654169432965409,0.03660173362824559,0.8834696678626565,1.013763230397368
-0.532,1.048021584028849,3.0500000000000003,-0.6577126185022897,0.03427541460839628,0.8873790755209698,1.013439420173076
-0.532,1.048021584028849,3.1,-0.6610271826287323,0.03202909354226953,0.8911430222905289,1.0131231866645385
-0.532,1.048021584028849,3.1500000000000004,-0.6641210598942294,0.02986144898822584,0.8947674491201253,1.0128143894481223
-0.532,1.048021584028849,3.2,-0.6670020479306147,0.02777106647331347,0.8982580435995363,1.012512887252456
-0.532,1.048021584028849,3.25,-0.6696777988790903,0.025756452747570106,0.9016202500054928,1.012218538281154
-0.532,1.048021584028849,3.3000000000000003,-0.6721558121709128,0.023816048751178487,0.9048592791065503,1.0119312005121062
-0.532,1.048021584028849,3.35,-0.6744434285389095,0.02194824138889998,0.9079801177101334,1.0116507319742296
-0.532,1.048021584028849,3.4000000000000004,-0.6765478251494795,0.020151374200621457,0.9109875379388717,1.0113769910025698
-0.532,1.048021584028849,3.45,-0.6784760117532661,0.018423757011460155,0.9138861062267505,1.0111098364727067
-0.532,1.048021584028849,3.5,-0.6802348277580721,0.01676367463968618,0.9166801920284897,1.010849128015393
-0.532,1.048021584028849,3.5500000000000003,-0.6818309401319708,0.01516939473575479,0.9193739762381664,1.0105947262124004
-0.532,1.048021584028849,3.6,-0.683270842049937,0.013639174820992387,0.9219714593152551,1.0103464927745316
-0.532,1.048021584028849,3.6500000000000004,-0.6845608522043342,0.012171268589951012,0.9244764691181692,1.0101042907027302
-0.532,1.048021584028849,3.7,-0.6857071147077131,0.010763931536143282,0.9268926684469823,1.0098679844332454
-0.532,1.048021584028849,3.75,-0.686715599524183,0.009415425956782039,0.9292235622983909,1.0096374399677641
-0.532,1.048021584028849,3.8000000000000003,-0.6875921033721275,0.008124025388282378,0.9314725048371014,1.0094125249894048
-0.532,1.048021584028849,3.85,-0.6883422510457905,0.006888018520627395,0.9336427060887902,1.0091931089654513
-0.532,1.048021584028849,3.9000000000000004,-0.6889714971067569,0.005705712635251767,0.9357372383605712,1.008979063237676
-0.532,1.048021584028849,3.95,-0.6894851278992031,0.004575436607851145,0.937759042395514,1.0087702611010594
-0.532,1.048021584028849,4.0,-0.6898882638459389,0.003495543514472662,0.9397109332682665,1.008566577871701
-0.532,1.048021584028849,4.05,-0.690185861985832,0.002464412876379156,0.9415956060292303,1.0083678909446683
-0.532,1.048021584028849,4.1000000000000005,-0.6903827187172568,0.0014804525764933844,0.9434156411049875,1.0081740798425156
-0.532,1.048021584028849,4.15,-0.6904834727162563,0.0005421004777173348,0.9451735094629088,1.0079850262551444
-0.532,1.048021584028849,4.2,-0.6904926080017966,-0.0003521742289276759,0.9468715775479666,1.0078006140716746
-0.532,1.048021584028849,4.25,-0.6904144571234699,-0.0012038699205863996,0.9485121119998556,1.0076207294049413
-0.532,1.048021584028849,4.3,-0.6902532044493043,-0.0020144516595706936,0.9500972841584951,1.0074452606092048
-0.532,1.048021584028849,4.3500000000000005,-0.6900128895331056,-0.002785350509270153,0.9516291743659765,1.007274098291633
-0.532,1.048021584028849,4.4,-0.6896974105422583,-0.003517963028936844,0.9531097760729069,1.0071071353180865
-0.532,1.048021584028849,4.45,-0.6893105277284274,-0.004213650928953906,0.9545409997569904,1.0069442668136845
-0.532,1.048021584028849,4.5,-0.6888558669252367,-0.004873740869725566,0.95592467666154,1.0067853901586383
-0.532,1.048021584028849,4.55,-0.6883369230587922,-0.005499524388742174,0.9572625623614636,1.006630404979774
-0.532,1.048021584028849,4.6000000000000005,-0.6877570636587113,-0.006092257941686512,0.9585563401640308,1.0064792131381544
-0.532,1.048021584028849,4.65,-0.6871195323590769,-0.006653163044662356,0.9598076243516052,1.006331718713189
-0.532,1.048021584028849,4.7,-0.686427452380186,-0.0071834265057494125,0.9610179632732301,1.0061878279835859
-0.532,1.048021584028849,4.75,-0.6856838299832057,-0.00768420073512692,0.9621888422918127,1.006047449405473
-0.532,1.048021584028849,4.800000000000001,-0.684891557890777,-0.008156604123966236,0.9633216865933694,1.0059104935880065
-0.532,1.048021584028849,4.8500000000000005,-0.6840534186673346,-0.00860172148317612,0.9644178638646097,1.0057768732667496
-0.532,1.048021584028849,4.9,-0.6831720880535234,-0.00902060453389912,0.9654786868448811,1.0056465032750903
-0.532,1.048021584028849,4.95,-0.6822501382496927,-0.009414272442407121,0.9665054157582795,1.0055193005139393
-0.532,1.048021584028849,5.0,-0.6812900411440371,-0.009783712392733738,0.9674992606315073,1.0053951839199506
-0.532,1.048021584028849,5.050000000000001,-0.6802941714816234,-0.01012988019101552,0.9684613835028238,1.0052740744324595
-0.532,1.048021584028849,5.1000000000000005,-0.6792648099712026,-0.010453700896096157,0.9693929005272295,1.005155894959337
-0.532,1.048021584028849,5.15,-0.6782041463273815,-0.0107560694714827,0.9702948839827908,1.0050405703419556
-0.532,1.048021584028849,5.2,-0.6771142822463257,-0.011037851454232205,0.9711683641828237,1.004928027319402
-0.532,1.048021584028849,5.25,-0.6759972343136831,-0.01129988363679702,0.972014331298421,1.00481819449211
-0.532,1.048021584028849,5.300000000000001,-0.6748549368438228,-0.011542974758267406,0.9728337370956311,1.0047110022850434
-0.532,1.048021584028849,5.3500000000000005,-0.673689244649813,-0.011767906201826335,0.9736274965914049,1.0046063829105545
-0.532,1.048021584028849,5.4,-0.6725019357437559,-0.011975432695574528,0.9743964896322105,1.00450427033103
-0.532,1.048021584028849,5.45,-0.6712947139673207,-0.012166283014197726,0.9751415623990692,1.004404600221438
-0.532,1.048021584028849,5.5,-0.6700692115524194,-0.012341160679234074,0.9758635288425752,1.0043073099318571
-0.532,1.048021584028849,5.550000000000001,-0.6688269916121717,-0.012500744655959767,0.9765631720512917,1.0042123384500836
-0.532,1.048021584028849,5.6000000000000005,-0.6675695505624321,-0.012645690045148693,0.9772412455567597,1.0041196263643892
-0.532,1.048021584028849,5.65,-0.6662983204743445,-0.012776628768177553,0.9778984745782089,1.0040291158264976
-0.532,1.048021584028849,5.7,-0.6650146713585885,-0.01289417024414332,0.9785355572098967,1.0039407505148483
-0.532,1.048021584028849,5.75,-0.6637199133821151,-0.01299890205783812,0.9791531655538609,1.003854475598186
-0.532,1.048021584028849,5.800000000000001,-0.6624152990183942,-0.013091390617587694,0.9797519468007528,1.003770237699551
-0.532,1.048021584028849,5.8500000000000005,-0.6611020251322733,-0.013172181802104855,0.9803325242612774,1.0036879848606897
-0.532,1.048021584028849,5.9,-0.6597812350006762,-0.013241801595641624,0.9808954983506236,1.0036076665069336
-0.532,1.048021584028849,5.95,-0.6584540202704371,-0.0133007567108424,0.9814414475281863,1.0035292334125825
-0.532,1.048021584028849,6.0,-0.6571214228545916,-0.013349535198807331,0.9819709291947469,1.0034526376668134
-0.532,1.048021584028849,6.050000000000001,-0.6557844367684632,-0.013388607045971888,0.9824844805491654,1.003377832640147
-0.532,1.048021584028849,6.1000000000000005,-0.6544440099068928,-0.013418424757494694,0.9829826194065551,1.0033047729514883
-0.532,1.048021584028849,6.15,-0.6531010457639461,-0.013439423926923167,0.9834658449797927,1.0032334144357575
-0.532,1.048021584028849,6.2,-0.6517564050964342,-0.013452023791976287,0.9839346386261444,1.0031637141121301
-0.532,1.048021584028849,6.25,-0.6504109075325775,-0.013456627776344716,0.9843894645606724,1.0030956301528964
-0.532,1.048021584028849,6.300000000000001,-0.6490653331271728,-0.013453624017464133,0.984830770538036,1.003029121852942
-0.532,1.048021584028849,6.3500000000000005,-0.6477204238646048,-0.013443385880266322,0.9852589885041931,1.0029641495998713
-0.532,1.048021584028849,6.4,-0.646376885111084,-0.013426272456955072,0.9856745352194449,1.0029006748447638
-0.532,1.048021584028849,6.45,-0.6450353870174945,-0.013402629052892566,0.9860778128541928,1.0028386600735668
-0.532,1.048021584028849,6.5,-0.6436965658742508,-0.013372787658714812,0.9864692095587079,1.0027780687791394
-0.532,1.048021584028849,6.550000000000001,-0.6423610254195575,-0.01333706740882366,0.9868491000081459,1.0027188654339279
-0.532,1.048021584028849,6.6000000000000005,-0.6410293381024579,-0.013295775026428584,0.9872178459239841,1.00266101546328
-0.532,1.048021584028849,6.65,-0.6397020463020535,-0.013249205255332498,0.9875757965729902,1.0026044852194007
-0.532,1.048021584028849,6.7,-0.6383796635042305,-0.013197641278674854,0.9879232892447793,1.0025492419559268
-0.532,1.048021584028849,6.75,-0.6370626754372184,-0.013141355124861304,0.9882606497089736,1.0024952538031304
-0.532,1.048021584028849,6.800000000000001,-0.6357515411672546,-0.013080608060921484,0.9885881926529148,1.0024424897437427
-0.532,1.048021584028849,6.8500000000000005,-0.634446694155602,-0.01301565097354837,0.9889062221008253,1.0023909195893788
-0.532,1.048021584028849,6.9,-0.6331485432781279,-0.012946724738080912,0.9892150318153102,1.0023405139575685
-0.532,1.048021584028849,6.95,-0.6318574738086162,-0.01287406057569865,0.9895149056819823,1.0022912442493837
-0.532,1.048021584028849,7.0,-0.6305738483669536,-0.01279788039910266,0.9898061180780195,1.0022430826276405
-0.532,1.048021584028849,7.050000000000001,-0.6292980078333085,-0.012718397146960513,0.990088934225378,1.0021960019956793
-0.532,1.048021584028849,7.1000000000000005,-0.628030272229388,-0.01263581510739582,0.9903636105293708,1.0021499759767076
-0.532,1.048021584028849,7.15,-0.6267709415678437,-0.012550330230804105,0.9906303949032792,1.0021049788936973
-0.532,1.048021584028849,7.2,-0.6255202966708698,-0.012462130432276975,0.9908895270796321,1.0020609857498222
-0.532,1.048021584028849,7.25,-0.6242785999590196,-0.012371395883916041,0.991141238908762,1.002017972209426
-0.532,1.048021584028849,7.300000000000001,-0.623046096211243,-0.012278299297316313,0.9913857546452075,1.0019759145795173
-0.532,1.048021584028849,7.3500000000000005,-0.6218230132971244,-0.012183006196497188,0.9916232912225104,1.0019347897917625
-0.532,1.048021584028849,7.4,-0.6206095628822778,-0.012085675181555452,0.9918540585169335,1.0018945753849886
-0.532,1.048021584028849,7.45,-0.6194059411078243,-0.011986458183312457,0.992078259600583,1.0018552494881645
-0.532,1.048021584028849,7.5,-0.6182123292448604,-0.011885500709222755,0.99229609098442,1.001816790803864
-0.532,1.048021584028849,7.550000000000001,-0.6170288943247765,-0.011782942080808297,0.9925077428515986,1.001779178592188
-0.532,1.048021584028849,7.6000000000000005,-0.6158557897462802,-0.011678915662876793,0.9927133992815605,1.0017423926551445
-0.532,1.048021584028849,7.65,-0.6146931558599247,-0.01157354908477878,0.9929132384652946,1.00170641332147
-0.532,1.048021584028849,7.7,-0.6135411205309309,-0.011466964453952459,0.9931074329121458,1.0016712214318753
-0.532,1.048021584028849,7.75,-0.612399799681062,-0.011359278562000169,0.9932961496485435,1.0016367983247267
-0.532,1.048021584028849,7.800000000000001,-0.6112692978102635,-0.011250603083535132,0.9934795504089985,1.001603125822119
-0.532,1.048021584028849,7.8500000000000005,-0.6101497084987901,-0.01114104476803121,0.9936577918196979,1.0015701862163606
-0.532,1.048021584028849,7.9,-0.6090411148904825,-0.011030705624903384,0.9938310255750321,1.001537962256842
-0.532,1.048021584028849,7.95,-0.6079435901578636,-0.010919683102040287,0.9939993986073371,1.0015064371372828
-0.532,1.048021584028849,8.0,-0.6068571979496816,-0.010808070258005023,0.9941630532501508,1.0014755944833456
-0.532,1.048021584028849,8.05,-0.6057819928215278,-0.010695955928114495,0.9943221273952685,1.0014454183406116
-0.532,1.048021584028849,8.1,-0.6047180206501187,-0.010583424884601724,0.9944767546438357,1.0014158931629005
-0.532,1.048021584028849,8.15,-0.6036653190318312,-0.010470557991060144,0.9946270644517555,1.0013870038009316
-0.532,1.048021584028849,8.200000000000001,-0.6026239176660523,-0.010357432351363143,0.9947731822696319,1.0013587354913134
-0.532,1.048021584028849,8.25,-0.6015938387238909,-0.010244121453246432,0.9949152296774811,1.0013310738458523
-0.532,1.048021584028849,8.3,-0.6005750972027777,-0.010130695306735419,0.9950533245144358,1.0013040048411739
-0.532,1.048021584028849,8.35,-0.5995677012674719,-0.010017220577594478,0.9951875810036325,1.0012775148086441
-0.532,1.048021584028849,8.4,-0.5985716525779649,-0.00990376071596909,0.9953181098725051,1.0012515904245889
-0.532,1.048021584028849,8.450000000000001,-0.5975869466047553,-0.00979037608038742,0.9954450184686469,1.0012262187007919
-0.532,1.048021584028849,8.5,-0.5966135729319652,-0.009677124057281841,0.9955684108714419,1.0012013869752758
-0.532,1.048021584028849,8.55,-0.5956515155487262,-0.00956405917618653,0.9956883879996284,1.0011770829033482
-0.532,1.048021584028849,8.6,-0.5947007531292757,-0.00945123322076197,0.9958050477149579,1.0011532944489094
-0.532,1.048021584028849,8.65,-0.5937612593021616,-0.0093386953357923,0.9959184849221141,1.001130009876014
-0.532,1.048021584028849,8.700000000000001,-0.5928330029089595,-0.009226492130297068,0.996028791665038,1.0011072177406832
-0.532,1.048021584028849,8.75,-0.5919159482528734,-0.009114667776893823,0.9961360572197977,1.0010849068829457
-0.532,1.048021584028849,8.8,-0.5910100553375915,-0.009003264107543998,0.9962403681841516,1.0010630664191187
-0.532,1.048021584028849,8.85,-0.5901152800967464,-0.008892320705809574,0.996341808563923,1.001041685734312
-0.532,1.048021584028849,8.9,-0.5892315746143184,-0.008781874995744446,0.9964404598563268,1.001020754475148
-0.532,1.048021584028849,8.950000000000001,-0.5883588873363143,-0.00867196232753965,0.9965364011303517,1.0010002625426975
-0.532,1.048021584028849,9.0,-0.5874971632740267,-0.00856261606003756,0.9966297091043228,1.000980200085613
-0.532,1.048021584028849,9.05,-0.5866463441991977,-0.008453867640227045,0.9967204582207558,1.0009605574934732
-0.532,1.048021584028849,9.1,-0.58580636883136,-0.008345746679826715,0.996808720718604,1.0009413253903126
-0.532,1.048021584028849,9.15,-0.5849771730176602,-0.008238281029060277,0.996894566702993,1.0009224946283364
-0.532,1.048021584028849,9.200000000000001,-0.5841586899054285,-0.008131496847724448,0.9969780642125529,1.0009040562818246
-0.532,1.048021584028849,9.25,-0.5833508501077675,-0.008025418673646156,0.997059279284429,1.0008860016412109
-0.532,1.048021584028849,9.3,-0.5825535818624124,-0.007920069488622504,0.9971382760170647,1.0008683222073276
-0.532,1.048021584028849,9.35,-0.5817668111841179,-0.007815470781933821,0.9972151166308372,1.0008510096858196
-0.532,1.048021584028849,9.4,-0.5809904620108075,-0.007711642611516678,0.99728986152663,1.0008340559817235
-0.532,1.048021584028849,9.450000000000001,-0.5802244563437182,-0.007608603662881101,0.9973625693424255,1.0008174531941947
-0.532,1.048021584028849,9.5,-0.5794687143817657,-0.00750637130585279,0.9974332970079739,1.0008011936113954
-0.532,1.048021584028849,9.55,-0.578723154650339,-0.007404961649218649,0.9975020997976295,1.0007852697055157
-0.532,1.048021584028849,9.600000000000001,-0.5779876941247418,-0.007304389593351066,0.9975690313814161,1.000769674127956
-0.532,1.048021584028849,9.65,-0.5772622483484722,-0.007204668880883609,0.9976341438743773,1.0007543997046275
-0.532,1.048021584028849,9.700000000000001,-0.5765467315465338,-0.007105812145508309,0.997697487884295,1.0007394394314038
-0.532,1.048021584028849,9.75,-0.5758410567339625,-0.0070078309589621576,0.99775911255781,1.0007247864696882
-0.532,1.048021584028849,9.8,-0.5751451358197545,-0.006910735876268181,0.9978190656250301,1.000710434142119
-0.532,1.048021584028849,9.850000000000001,-0.5744588797063497,-0.006814536479293882,0.9978773934426597,1.0006963759283871
-0.532,1.048021584028849,9.9,-0.5737821983848522,-0.006719241418687691,0.9979341410357184,1.0006826054611802
-0.532,1.048021584028849,9.950000000000001,-0.5731150010261359,-0.006624858454252045,0.9979893521378834,1.0006691165222337
-0.532,1.048021584028849,10.0,-0.5724571960679883,-0.006531394493809431,0.9980430692305288,1.0006559030385025
-0.532,1.048021584028849,10.05,-0.5718086912984452,-0.006438855630615607,0.9980953335804872,1.000642959078429
-0.532,1.048021584028849,10.100000000000001,-0.5711693939354505,-0.006347247179372738,0.9981461852765848,1.0006302788483303
-0.532,1.048021584028849,10.15,-0.570539210702982,-0.006256573710892651,0.9981956632650048,1.0006178566888728
-0.532,1.048021584028849,10.200000000000001,-0.5699180479037755,-0.006166839085459129,0.9982438053834995,1.0006056870716558
-0.532,1.048021584028849,10.25,-0.5693058114887696,-0.0060780464849361,0.9982906483945155,1.0005937645958836
-0.532,1.048021584028849,10.3,-0.5687024071233993,-0.005990198443667034,0.9983362280172514,1.0005820839851365
-0.532,1.048021584028849,10.350000000000001,-0.5681077402508561,-0.005903296878209231,0.998380578958692,1.0005706400842278
-0.532,1.048021584028849,10.4,-0.567521716152424,-0.005817343115944892,0.9984237349436587,1.0005594278561487
-0.532,1.048021584028849,10.450000000000001,-0.5669442400050086,-0.005732337922609723,0.998465728743904,1.000548442379097
-0.532,1.048021584028849,10.5,-0.5663752169359625,-0.005648281528778059,0.998506592206286,1.0005376788435918
-0.532,1.048021584028849,10.55,-0.5658145520753102,-0.005565173655342143,0.9985463562800527,1.000527132549662
-0.532,1.048021584028849,10.600000000000001,-0.5652621506054727,-0.00548301353802197,0.9985850510432743,1.0005167989041184
-0.532,1.048021584028849,10.65,-0.5647179178085862,-0.005401799950940653,0.9986227057284363,1.0005066734178962
-0.532,1.048021584028849,10.700000000000001,-0.5641817591115103,-0.005321531229299035,0.9986593487472406,1.0004967517034695
-0.532,1.048021584028849,10.75,-0.5636535801286114,-0.0052422052911821025,0.9986950077146324,1.0004870294723427
-0.532,1.048021584028849,10.8,-0.5631332867024085,-0.00516381965852859,0.9987297094720728,1.0004775025326034
-0.532,1.048021584028849,10.850000000000001,-0.5626207849421644,-0.005086371477293912,0.9987634801100995,1.0004681667865452
-0.532,1.048021584028849,10.9,-0.5621159812605012,-0.005009857536835626,0.9987963449901812,1.0004590182283541
-0.532,1.048021584028849,10.950000000000001,-0.5616187824081182,-0.004934274288549456,0.9988283287659024,1.0004500529418594
-0.532,1.048021584028849,11.0,-0.5611290955066837,-0.004859617863783078,0.9988594554034941,1.0004412670983431
-0.532,1.048021584028849,11.05,-0.56064682807997,-0.004785884091053549,0.9988897482017343,1.0004326569544058
-0.532,1.048021584028849,11.100000000000001,-0.5601718880833092,-0.004713068512593758,0.9989192298112434,1.000424218849898
-0.532,1.048021584028849,11.15,-0.5597041839314213,-0.00464116640025201,0.9989479222531827,1.0004159492058995
-0.532,1.048021584028849,11.200000000000001,-0.5592436245246903,-0.004570172770768178,0.9989758469373873,1.000407844522754
-0.532,1.048021584028849,11.25,-0.5587901192739418,-0.004500082400448987,0.9990030246799517,1.0003999013781608
-0.532,1.048021584028849,11.3,-0.558343578123784,-0.004430889839264102,0.9990294757202752,1.0003921164253085
-0.532,1.048021584028849,11.350000000000001,-0.5579039115745675,-0.0043625894243840115,0.9990552197375931,1.0003844863910674
-0.532,1.048021584028849,11.4,-0.557471030703018,-0.0042951752931799534,0.9990802758670171,1.0003770080742256
-0.532,1.048021584028849,11.450000000000001,-0.5570448471815969,-0.0042286413957051735,0.9991046627150778,1.0003696783437706
-0.532,1.048021584028849,11.5,-0.556625273296634,-0.004162981506676609,0.9991283983748157,1.0003624941372156
-0.532,1.048021584028849,11.55,-0.5562122219652916,-0.004098189236974737,0.9991515004404096,1.0003554524589753
-0.532,1.048021584028849,11.600000000000001,-0.5558056067513951,-0.004034258044679376,0.9991739860213721,1.0003485503787761
-0.532,1.048021584028849,11.65,-0.5554053418801841,-0.0039711812456580155,0.9991958717563174,1.000341785030116
-0.532,1.048021584028849,11.700000000000001,-0.5550113422520271,-0.003908952023723072,0.9992171738263274,1.0003351536087564
-0.532,1.048021584028849,11.75,-0.5546235234551341,-0.0038475634403736473,0.9992379079679083,1.0003286533712612
-0.532,1.048021584028849,11.8,-0.5542418017773211,-0.003787008444136869,0.9992580894855755,1.0003222816335668
-0.532,1.048021584028849,11.850000000000001,-0.5538660942168525,-0.0037272798795234376,0.9992777332640559,1.0003160357695953
-0.532,1.048021584028849,11.9,-0.5534963184924095,-0.003668370495611313,0.9992968537801369,1.0003099132098954
-0.532,1.048021584028849,11.950000000000001,-0.5531323930522147,-0.003610272954271184,0.9993154651141617,1.000303911440327
-0.532,1.048021584028849,12.0,-0.5527742370823543,-0.003552979838046671,0.9993335809611902,1.0002980280007752
-0.532,1.048021584028849,12.05,-0.5524217705143231,-0.0034964836577019076,0.9993512146418259,1.0002922604838949
-0.532,1.048021584028849,12.100000000000001,-0.5520749140318353,-0.0034407768594486576,0.9993683791127349,1.0002866065338916
-0.532,1.048021584028849,12.15,-0.5517335890769259,-0.003385851831864568,0.9993850869768478,1.0002810638453326
-0.532,1.048021584028849,12.200000000000001,-0.5513977178553757,-0.0033317009125140382,0.9994013504932691,1.0002756301619864
-0.532,1.048021584028849,12.25,-0.5510672233414898,-0.003278316394282362,0.9994171815868989,1.0002703032756899
-0.532,1.048021584028849,12.3,-0.5507420292822536,-0.003225690531433827,0.9994325918577669,1.000265081025252
-0.532,1.048021584028849,12.350000000000001,-0.5504220602009023,-0.0031738155454038796,0.9994475925901068,1.0002599612953735
-0.532,1.048021584028849,12.4,-0.55010724139992,-0.00312268363033501,0.9994621947611569,1.000254942015605
-0.532,1.048021584028849,12.450000000000001,-0.5497974989635014,-0.0030722869583659183,0.9994764090497135,1.0002500211593222
-0.532,1.048021584028849,12.5,-0.5494927597594957,-0.003022617684682978,0.9994902458444327,1.0002451967427333
-0.532,1.048021584028849,12.55,-0.549192951440858,-0.0029736679523427977,0.9995037152518944,1.0002404668239058
-0.532,1.048021584028849,12.600000000000001,-0.5488980024466308,-0.0029254298968743354,0.9995168271044351,1.0002358295018208
-0.532,1.048021584028849,12.65,-0.5486078420024763,-0.002877895650668697,0.9995295909677522,1.0002312829154505
-0.532,1.048021584028849,12.700000000000001,-0.5483224001207804,-0.002831057347164558,0.9995420161482952,1.0002268252428588
-0.532,1.048021584028849,12.75,-0.5480416076003507,-0.0027849071248367222,0.9995541117004401,1.0002224547003198
-0.532,1.048021584028849,12.8,-0.5477653960257205,-0.0027394371309952172,0.9995658864334586,1.0002181695414618
-0.532,1.048021584028849,12.850000000000001,-0.54749369776609,-0.002694639525401923,0.9995773489182943,1.0002139680564373
-0.532,1.048021584028849,12.9,-0.5472264459739075,-0.0026505064837116306,0.9995885074941366,1.000209848571098
-0.532,1.048021584028849,12.950000000000001,-0.5469635745831191,-0.002607030200744053,0.9995993702748153,1.0002058094462092
-0.532,1.048021584028849,13.0,-0.5467050183071006,-0.002564202893593057,0.9996099451550072,1.0002018490766658
-0.532,1.048021584028849,13.05,-0.5464507126362822,-0.002522016804579575,0.999620239816272,1.0001979658907412
-0.532,1.048021584028849,13.100000000000001,-0.5462005938354872,-0.002480464204053519,0.9996302617329096,1.0001941583493446
-0.532,1.048021584028849,13.15,-0.5459545989410003,-0.0024395373930510117,0.9996400181776596,1.0001904249453
-0.532,1.048021584028849,13.200000000000001,-0.5457126657573713,-0.0023992287058119963,0.9996495162272343,1.0001867642026467
-0.532,1.048021584028849,13.25,-0.5454747328539777,-0.002359530512163752,0.9996587627676963,1.0001831746759453
-0.532,1.048021584028849,13.3,-0.545240739561355,-0.002320435219775332,0.9996677644996858,1.0001796549496154
-0.532,1.048021584028849,13.350000000000001,-0.5450106259673027,-0.002281935276287897,0.999676527943498,1.0001762036372737
-0.532,1.048021584028849,13.4,-0.5447843329127886,-0.002244023171325707,0.999685059444019,1.0001728193811004
-0.532,1.048021584028849,13.450000000000001,-0.5445618019876551,-0.002206691438392367,0.999693365175527,1.000169500851214
-0.532,1.048021584028849,13.5,-0.5443429755261382,-0.0021699326566567085,0.9997014511463481,1.0001662467450603
-0.532,1.048021584028849,13.55,-0.544127796602218,-0.0021337394526326865,0.9997093232033941,1.0001630557868224
-0.532,1.048021584028849,13.600000000000001,-0.5439162090248018,-0.002098104501757309,0.9997169870365642,1.000159926726835
-0.532,1.048021584028849,13.65,-0.5437081573327559,-0.0020630205298706613,0.9997244481830265,1.000156858341023
-0.532,1.048021584028849,13.700000000000001,-0.5435035867897929,-0.0020284803146018017,0.9997317120313814,1.0001538494303417
-0.532,1.048021584028849,13.75,-0.543302443379227,-0.0019944766866642556,0.9997387838257048,1.0001508988202439
-0.532,1.048021584028849,13.8,-0.5431046737986004,-0.0019610025310647415,0.9997456686694834,1.0001480053601446
-0.532,1.048021584028849,13.850000000000001,-0.5429102254541963,-0.0019280507882284631,0.9997523715294366,1.0001451679229107
-0.532,1.048021584028849,13.9,-0.5427190464554419,-0.0018956144550443803,0.999758897239234,1.0001423854043539
-0.532,1.048021584028849,13.950000000000001,-0.5425310856092098,-0.0018636865858336338,0.9997652505031083,1.000139656722742
-0.532,1.048021584028849,14.0,-0.5423462924140294,-0.0018322602932442087,0.9997714358993682,1.0001369808183138
-0.532,1.048021584028849,14.05,-0.542164617054209,-0.0018013287490748848,0.9997774578838156,1.0001343566528138
-0.532,1.048021584028849,14.100000000000001,-0.5419860103938822,-0.001770885185031211,0.9997833207930663,1.0001317832090333
-0.532,1.048021584028849,14.15,-0.5418104239709789,-0.0017409228934164983,0.9997890288477761,1.0001292594903572
-0.532,1.048021584028849,14.200000000000001,-0.5416378099911348,-0.001711435227760297,0.9997945861557851,1.0001267845203339
-0.532,1.048021584028849,14.25,-0.541468121321538,-0.0016824156033870227,0.9997999967151686,1.0001243573422398
-0.532,1.048021584028849,14.3,-0.5413013114847218,-0.0016538574979273286,0.9998052644172042,1.0001219770186662
-0.532,1.048021584028849,14.350000000000001,-0.541137334652313,-0.0016257544517744192,0.9998103930492616,1.0001196426311094
-0.532,1.048021584028849,14.4,-0.5409761456387331,-0.0015981000684878095,0.9998153862976084,1.000117353279571
-0.532,1.048021584028849,14.450000000000001,-0.540817699894865,-0.0015708880151466614,0.9998202477501393,1.0001151080821686
-0.532,1.048021584028849,14.5,-0.5406619535016844,-0.0015441120226548674,0.9998249808990332,1.0001129061747498
-0.532,1.048021584028849,14.55,-0.5405088631638666,-0.0015177658860000241,0.9998295891433316,1.0001107467105275
-0.532,1.048021584028849,14.600000000000001,-0.540358386203367,-0.0014918434644681823,0.9998340757914533,1.000108628859708
-0.532,1.048021584028849,14.65,-0.5402104805529827,-0.001466338681816437,0.9998384440636348,1.0001065518091392
-0.532,1.048021584028849,14.700000000000001,-0.5400651047499015,-0.001441245526405114,0.9998426970943035,1.0001045147619594
-0.532,1.048021584028849,14.75,-0.5399222179292358,-0.0014165580512913718,0.999846837934391,1.0001025169372593
-0.532,1.048021584028849,14.8,-0.5397817798175518,-0.001392270374286096,0.9998508695535795,1.0001005575697477
-0.532,1.048021584028849,14.850000000000001,-0.5396437507263954,-0.001368376677975406,0.9998547948424831,1.0000986359094248
-0.532,1.048021584028849,14.9,-0.5395080915458138,-0.0013448712097088229,0.9998586166147801,1.0000967512212673
-0.532,1.048021584028849,14.950000000000001,-0.5393747637378847,-0.0013217482815553214,0.9998623376092728,1.000094902784914
-0.532,1.048021584028849,15.0,-0.5392437293302474,-0.0012990022702288565,0.9998659604919035,1.0000930898943614
-0.532,1.048021584028849,15.05,-0.5391149509096455,-0.0012766276169848755,0.9998694878577127,1.000091311857671
-0.532,1.048021584028849,15.100000000000001,-0.538988391615479,-0.0012546188274890964,0.9998729222327347,1.0000895679966706
-0.532,1.048021584028849,15.15,-0.538864015133373,-0.001232970471659978,0.9998762660758569,1.0000878576466763
-0.532,1.048021584028849,15.200000000000001,-0.5387417856887607,-0.001211677183486088,0.9998795217806128,1.0000861801562102
-0.532,1.048021584028849,15.25,-0.5386216680404883,-0.001190733660819655,0.9998826916769396,1.000084534886729
-0.532,1.048021584028849,15.3,-0.5385036274744397,-0.0011701346651475256,0.999885778032881,1.0000829212123599
-0.532,1.048021584028849,15.350000000000001,-0.5383876297971847,-0.0011498750213406114,0.9998887830562403,1.000081338519636
-0.532,1.048021584028849,15.4,-0.5382736413296565,-0.0011299496173829895,0.9998917088962009,1.0000797862072446
-0.532,1.048021584028849,15.450000000000001,-0.5381616289008521,-0.0011103534040816702,0.9998945576448885,1.0000782636857761
-0.532,1.048021584028849,15.5,-0.5380515598415672,-0.0010910813947581244,0.9998973313389032,1.0000767703774824
-0.532,1.048021584028849,15.55,-0.5379434019781573,-0.001072128664922512,0.9999000319607987,1.0000753057160348
-0.532,1.048021584028849,15.600000000000001,-0.5378371236263403,-0.001053490351931567,0.9999026614405329,1.0000738691462934
-0.532,1.048021584028849,15.65,-0.5377326935850244,-0.0010351616546310854,0.9999052216568686,1.0000724601240787
-0.532,1.048021584028849,15.700000000000001,-0.5376300811301791,-0.0010171378329838338,0.9999077144387454,1.0000710781159443
-0.532,1.048021584028849,15.75,-0.5375292560087426,-0.0009994142076838435,0.9999101415666081,1.0000697225989639
-0.532,1.048021584028849,15.8,-0.5374301884325654,-0.000981986159757736,0.999912504773702,1.0000683930605128
-0.532,1.048021584028849,15.850000000000001,-0.5373328490723994,-0.0009648491301540544,0.999914805747333,1.0000670889980603
-0.532,1.048021584028849,15.9,-0.5372372090519242,-0.0009479986193211891,0.9999170461300929,1.0000658099189665
-0.532,1.048021584028849,15.950000000000001,-0.5371432399418176,-0.0009314301867747548,0.9999192275210536,1.0000645553402756
-0.532,1.048021584028849,16.0,-0.5370509137538717,-0.0009151394506549792,0.9999213514769237,1.0000633247885278
-0.532,1.048021584028849,16.05,-0.5369602029351501,-0.0008991220872749434,0.9999234195131826,1.00006211779956
-0.532,1.048021584028849,16.1,-0.5368710803621958,-0.000883373830660144,0.9999254331051781,1.0000609339183237
-0.532,1.048021584028849,16.150000000000002,-0.5367835193352787,-0.0008678904720801688,0.9999273936891935,1.0000597726986964
-0.532,1.048021584028849,16.2,-0.5366974935726978,-0.000852667859572879,0.9999293026634887,1.0000586337033037
-0.532,1.048021584028849,16.25,-0.5366129772051262,-0.0008377018974618594,0.9999311613893153,1.000057516503343
-0.532,1.048021584028849,16.3,-0.5365299447700068,-0.0008229885458676217,0.9999329711918995,1.0000564206784097
-0.532,1.048021584028849,16.35,-0.5364483712059972,-0.0008085238202129746,0.9999347333614003,1.0000553458163286
-0.532,1.048021584028849,16.400000000000002,-0.5363682318474641,-0.000794303790723278,0.9999364491538457,1.0000542915129909
-0.532,1.048021584028849,16.45,-0.5362895024190268,-0.0007803245819218646,0.9999381197920361,1.000053257372187
-0.532,1.048021584028849,16.5,-0.5362121590301552,-0.0007665823721212263,0.9999397464664331,1.0000522430054533
-0.532,1.048021584028849,16.55,-0.5361361781698142,-0.0007530733929103547,0.9999413303360143,1.0000512480319137
-0.532,1.048021584028849,16.6,-0.5360615367011637,-0.0007397939286386656,0.9999428725291143,1.0000502720781312
-0.532,1.048021584028849,16.650000000000002,-0.535988211856307,-0.0007267403158969347,0.9999443741442365,1.0000493147779521
-0.532,1.048021584028849,16.7,-0.5359161812310937,-0.0007139089429956307,0.9999458362508459,1.0000483757723697
-0.532,1.048021584028849,16.75,-0.5358454227799754,-0.0007012962494409973,0.9999472598901422,1.0000474547093732
-0.532,1.048021584028849,16.8,-0.5357759148109102,-0.0006888987254093107,0.999948646075809,1.000046551243813
-0.532,1.048021584028849,16.85,-0.5357076359803246,-0.0006767129112195515,0.9999499957947436,1.000045665037262
-0.532,1.048021584028849,16.900000000000002,-0.5356405652881252,-0.0006647353968049506,0.9999513100077715,1.0000447957578835
-0.532,1.048021584028849,16.95,-0.5355746820727644,-0.0006529628211835905,0.9999525896503322,1.0000439430802965
-0.532,1.048021584028849,17.0,-0.535509966006359,-0.0006413918719284532,0.9999538356331601,1.0000431066854507
-0.532,1.048021584028849,17.05,-0.535446397089862,-0.0006300192846372368,0.9999550488429348,1.000042286260501
-0.532,1.048021584028849,17.1,-0.5353839556482848,-0.0006188418424020334,0.9999562301429205,1.0000414814986782
-0.532,1.048021584028849,17.150000000000002,-0.5353226223259794,-0.0006078563752793717,0.9999573803735875,1.000040692099176
-0.532,1.048021584028849,17.2,-0.5352623780819643,-0.0005970597597607084,0.999958500353216,1.00003991776703
-0.532,1.048021584028849,17.25,-0.535203204185311,-0.0005864489182436285,0.9999595908784856,1.0000391582130002
-0.532,1.048021584028849,17.3,-0.5351450822105779,-0.0005760208185040891,0.9999606527250432,1.0000384131534585
-0.532,1.048021584028849,17.35,-0.5350879940333012,-0.0005657724731697779,0.9999616866480683,1.0000376823102795
-0.532,1.048021584028849,17.400000000000002,-0.5350319218255357,-0.0005557009391948937,0.9999626933828085,1.0000369654107297
-0.532,1.048021584028849,17.45,-0.5349768480514476,-0.000545803317336487,0.9999636736451092,1.0000362621873613
-0.532,1.048021584028849,17.5,-0.5349227554629628,-0.0005360767516326376,0.9999646281319284,1.000035572377907
-0.532,1.048021584028849,17.55,-0.5348696270954622,-0.0005265184288824979,0.9999655575218384,1.0000348957251817
-0.532,1.048021584028849,17.6,-0.5348174462635346,-0.0005171255781285143,0.9999664624755084,1.0000342319769777
-0.532,1.048021584028849,17.650000000000002,-0.5347661965567759,-0.0005078954701409279,0.99996734363618,1.0000335808859673
-0.532,1.048021584028849,17.7,-0.5347158618356441,-0.0004988254169046742,0.9999682016301327,1.0000329422096088
-0.532,1.048021584028849,17.75,-0.5346664262273612,-0.0004899127711089048,0.9999690370671255,1.0000323157100515
-0.532,1.048021584028849,17.8,-0.5346178741218703,-0.0004811549256391701,0.9999698505408394,1.0000317011540416
-0.532,1.048021584028849,17.85,-0.5345701901678402,-0.0004725493130724955,0.9999706426293021,1.0000310983128355
-0.532,1.048021584028849,17.900000000000002,-0.5345233592687207,-0.00046409340517538673,0.999971413895298,1.0000305069621067
-0.532,1.048021584028849,17.95,-0.5344773665788498,-0.0004557847124049247,0.9999721648867778,1.0000299268818642
-0.532,1.048021584028849,18.0,-0.534432197499608,-0.00044762078341303803,0.9999728961372449,1.0000293578563606
-0.532,1.048021584028849,18.05,-0.5343878376756243,-0.000439599204554085,0.999973608166141,1.0000287996740174
-0.532,1.048021584028849,18.1,-0.534344272991029,-0.0004317175993957714,0.9999743014792164,1.0000282521273345
-0.532,1.048021584028849,18.150000000000002,-0.5343014895657585,-0.00042397362823361586,0.9999749765688918,1.0000277150128183
-0.532,1.048021584028849,18.2,-0.5342594737519037,-0.0004163649876088784,0.9999756339146123,1.0000271881308966
-0.532,1.048021584028849,18.25,-0.5342182121301108,-0.0004088894098302065,0.9999762739831869,1.0000266712858468
-0.532,1.048021584028849,18.3,-0.5341776915060276,-0.00040154466249891834,0.9999768972291269,1.0000261642857171
-0.532,1.048021584028849,18.35,-0.5341378989067984,-0.00039432854803811564,0.9999775040949657,1.0000256669422551
-0.532,1.048021584028849,18.400000000000002,-0.534098821577602,-0.0003872389032256246,0.9999780950115799,1.000025179070834
-0.532,1.048021584028849,18.45,-0.5340604469782437,-0.0003802735987307772,0.9999786703984944,1.0000247004903837
-0.532,1.048021584028849,18.5,-0.5340227627797843,-0.0003734305386552077,0.9999792306641829,1.0000242310233187
-0.532,1.048021584028849,18.55,-0.5339857568612222,-0.0003667076600776527,0.9999797762063599,1.0000237704954722
-0.532,1.048021584028849,18.6,-0.5339494173062175,-0.00036010293260269337,0.9999803074122656,1.0000233187360295
-0.532,1.048021584028849,18.650000000000002,-0.5339137323998607,-0.00035361435791375075,0.9999808246589393,1.000022875577461
-0.532,1.048021584028849,18.7,-0.5338786906254877,-0.0003472399693300413,0.9999813283134934,1.000022440855459
-0.532,1.048021584028849,18.75,-0.5338442806615372,-0.00034097783136775276,0.9999818187333712,1.0000220144088765
-0.532,1.048021584028849,18.8,-0.5338104913784535,-0.0003348260393054793,0.9999822962666037,1.0000215960796626
-0.532,1.048021584028849,18.85,-0.533777311835631,-0.00032878271875372685,0.9999827612520592,1.0000211857128047
-0.532,1.048021584028849,18.900000000000002,-0.5337447312784026,-0.0003228460252287711,0.9999832140196848,1.0000207831562695
-0.532,1.048021584028849,18.95,-0.5337127391350694,-0.0003170141437307269,0.9999836548907374,1.0000203882609426
-0.532,1.048021584028849,19.0,-0.5336813250139744,-0.00031128528832588775,0.9999840841780205,1.0000200008805762
-0.532,1.048021584028849,19.05,-0.5336504787006152,-0.0003056577017333742,0.9999845021861006,1.000019620871727
-0.532,1.048021584028849,19.1,-0.5336201901548007,-0.00030012965491606257,0.999984909211529,1.0000192480937078
-0.532,1.048021584028849,19.150000000000002,-0.5335904495078453,-0.00029469944667584794,0.9999853055430498,1.0000188824085319
-0.532,1.048021584028849,19.200000000000003,-0.5335612470598063,-0.000289365403253199,0.9999856914618075,1.0000185236808585
-0.532,1.048021584028849,19.25,-0.53353257327676,-0.00028412587793105455,0.9999860672415481,1.000018171777946
-0.532,1.048021584028849,19.3,-0.5335044187881152,-0.00027897925064302543,0.9999864331488116,1.0000178265695967
-0.532,1.048021584028849,19.35,-0.5334767743839712,-0.0002739239275859363,0.9999867894431265,1.0000174879281112
-0.532,1.048021584028849,19.400000000000002,-0.5334496310125079,-0.0002689583408366795,0.9999871363771891,1.0000171557282378
-0.532,1.048021584028849,19.450000000000003,-0.5334229797774166,-0.00026408094797337095,0.9999874741970464,1.0000168298471261
-0.532,1.048021584028849,19.5,-0.533396811935372,-0.00025929023170086115,0.9999878031422734,1.0000165101642806
-0.532,1.048021584028849,19.55,-0.5333711188935344,-0.00025458469948047325,0.99998812344614,1.0000161965615153
-0.532,1.048021584028849,19.6,-0.5333458922070952,-0.0002499628831641205,0.9999884353357785,1.0000158889229067
-0.532,1.048021584028849,19.650000000000002,-0.5333211235768555,-0.0002454233386326362,0.9999887390323466,1.0000155871347542
-0.532,1.048021584028849,19.700000000000003,-0.5332968048468401,-0.0002409646454384026,0.9999890347511828,1.000015291085533
-0.532,1.048021584028849,19.75,-0.5332729280019497,-0.00023658540645222066,0.999989322701962,1.000015000665856
-0.532,1.048021584028849,19.8,-0.5332494851656462,-0.00023228424751441952,0.9999896030888418,1.000014715768429
-0.532,1.048021584028849,19.85,-0.5332264685976728,-0.00022805981709022257,0.9999898761106111,1.0000144362880117
-0.532,1.048021584028849,19.900000000000002,-0.5332038706918092,-0.00022391078592920146,0.9999901419608292,1.0000141621213787
-0.532,1.048021584028849,19.950000000000003,-0.5331816839736606,-0.0002198358467290747,0.9999904008279639,1.0000138931672793
-0.532,1.048021584028849,20.0,-0.5331599010984788,-0.00021583371380354103,0.9999906528955267,1.000013629326402
-0.532,1.048021584028849,20.1,-0.5331175181334187,-0.0002080428301471091,0.9999911373419762,1.0000131165965198
-0.532,1.048021584028849,20.28615468146082,-0.5330426547717372,-0.0001942684025832577,0.999991973268774,1.0000122129936517
-0.532,1.048021584028849,20.47403342090323,-0.5329721256728261,-0.0001812758346567365,0.9999927370001076,1.0000113641819628
-0.532,1.048021584028849,20.663652185564246,-0.5329057277477215,-0.00016902991842790004,0.9999934341311113,1.0000105673612694
-0.532,1.048021584028849,20.855027090560313,-0.53284326437543,-0.0001574964421909233,0.9999940698803242,1.0000098198417855
-0.532,1.048021584028849,21.04817440025684,-0.5327845453750316,-0.00014664219785769802,0.9999946491103846,1.0000091190415672
-0.532,1.048021584028849,21.243110529650455,-0.532729386966753,-0.0001364349858041912,0.9999951763479382,1.0000084624839276
-0.532,1.048021584028849,21.439852045764102,-0.5326776117225352,-0.0001268436172794896,0.9999956558027491,1.00000784779483
-0.532,1.048021584028849,21.638415669054964,-0.5326290485066602,-0.00011783791448100481,0.9999960913860464,1.0000072727002665
-0.532,1.048021584028849,21.83881827483555,-0.5325835324069834,-0.00010938870840236005,0.9999964867280892,1.0000067350236141
-0.532,1.048021584028849,22.04107689470784,-0.5325409046573529,-0.00010146783456244776,0.9999968451949857,1.0000062326829948
-0.532,1.048021584028849,22.245208718010712,-0.5325010125517834,-9.404812672659321e-05,0.9999971699047651,1.0000057636886133
-0.532,1.048021584028849,22.4512310932809,-0.5324637093509587,-8.710340873171924e-05,0.9999974637427224,1.0000053261401045
-0.532,1.048021584028849,22.659161529727328,-0.5324288541816398,-8.060848452887415e-05,0.9999977293760471,1.0000049182238824
-0.532,1.048021584028849,22.86901769871915,-0.5323963119295335,-7.453912655686045e-05,0.9999979692677591,1.0000045382104876
-0.532,1.048021584028849,23.080817435287667,-0.5323659531261918,-6.88720625609304e-05,0.9999981856899551,1.0000041844519525
-0.532,1.048021584028849,23.294578739641963,-0.5323376538304844,-6.358496097035637e-05,0.9999983807364013,1.0000038553791777
-0.532,1.048021584028849,23.510319778698783,-0.5323112955051833,-5.8656414947988346e-05,0.9999985563344769,1.0000035494993227
-0.532,1.048021584028849,23.72805888762644,-0.532286764889198,-5.406592522390459e-05,0.9999987142564903,1.0000032653932232
-0.532,1.048021584028849,23.947814571403043,-0.5322639538659705,-4.9793881823950885e-05,0.9999988561303891,1.0000030017128263
-0.532,1.048021584028849,24.169605506389228,-0.5322427593285477,-4.5821544802151824e-05,0.9999989834498872,1.000002757178657
-0.532,1.048021584028849,24.39345054191539,-0.5322230830418267,-4.213102408401404e-05,0.9999990975840212,1.0000025305773144
-0.532,1.048021584028849,24.619368701883577,-0.5322048315024566,-3.870525852526806e-05,0.999999199786158,1.0000023207590016
-0.532,1.048021584028849,24.847379186384366,-0.532187915796879,-3.552799428803835e-05,0.9999992912024845,1.0000021266350902
-0.532,1.048021584028849,25.077501373328523,-0.5321722514579593,-3.258376263350952e-05,0.999999372879983,1.0000019471757258
-0.532,1.048021584028849,25.30975482009396,-0.5321577583206643,-2.9857857226834383e-05,0.9999994457739235,1.0000017814074722
-0.532,1.048021584028849,25.544159265187808,-0.5321443603772041,-2.7336311046987792e-05,0.999999510754898,1.0000016284110032
-0.532,1.048021584028849,25.780734629923902,-0.5321319856320651,-2.500587299028451e-05,0.9999995686153976,1.0000014873188363
-0.532,1.048021584028849,26.019501020115914,-0.5321205659573082,-2.2853984252857798e-05,0.9999996200759771,1.000001357313116
-0.532,1.048021584028849,26.260478727786037,-0.5321100369485147,-2.086875457336833e-05,0.9999996657910057,1.0000012376234462
-0.532,1.048021584028849,26.503688232889502,-0.5321003377817255,-1.9038938413171293e-05,0.9999997063540408,1.0000011275247742
-0.532,1.048021584028849,26.74915020505521,-0.5320914110716904,-1.7353911147138104e-05,0.9999997423028267,1.0000010263353265
-0.532,1.048021584028849,26.99688550534226,-0.5320832027317397,-1.5803645334079358e-05,0.9999997741239517,1.0000009334145983
-0.532,1.048021584028849,27.246915188012967,-0.532075661835547,-1.4378687131498737e-05,0.9999998022571759,1.000000848161398
-0.532,1.048021584028849,27.499260502322162,-0.5320687404810425,-1.3070132915093306e-05,0.9999998270994446,1.0000007700119489
-0.532,1.048021584028849,27.753942894323053,-0.5320623936567022,-1.186960615915462e-05,0.9999998490086095,1.0000006984380438
-0.532,1.048021584028849,28.010984008689945,-0.5320565791104312,-1.0769234629792635e-05,0.9999998683068717,1.000000632945262
-0.532,1.048021584028849,28.270405690557713,-0.5320512572212237,-9.76162793846752e-06,0.999999885283968,1.0000005730712376
-0.532,1.048021584028849,28.532229987378305,-0.5320463908737721,-8.839855499402152e-06,0.9999999002001027,1.000000518383989
-0.532,1.048021584028849,28.79647915079459,-0.5320419453361753,-7.997424930014773e-06,0.9999999132886597,1.0000004684803072
-0.532,1.048021584028849,29.063175638531384,-0.5320378881408786,-7.228260929604493e-06,0.9999999247586923,1.000000422984199
-0.532,1.048021584028849,29.332342116304055,-0.5320341889689615,-6.5266846675664246e-06,0.9999999347972134,1.0000003815453886
-0.532,1.048021584028849,29.604001459744886,-0.5320308195378733,-5.887393708456114e-06,0.9999999435712965,1.000000343837878
-0.532,1.048021584028849,29.8781767563471,-0.5320277534926959,-5.3054424975497874e-06,0.9999999512300007,1.00000030955856
-0.532,1.048021584028849,30.154891307427096,-0.5320249663010037,-4.7762234269599545e-06,0.9999999579061353,1.0000002784258946
-0.532,1.048021584028849,30.43416863010471,-0.532022435151374,-4.29544849881084e-06,0.999999963717869,1.0000002501786316
-0.532,1.048021584028849,30.716032459301825,-0.5320201388555751,-3.859131598750913e-06,0.9999999687701981,1.0000002245745971
-0.532,1.048021584028849,31.00050674975963,-0.5320180577544633,-3.463571389898149e-06,0.9999999731562874,1.0000002013895262
-0.532,1.048021584028849,31.287615678074335,-0.5320161736275895,-3.1053348342469293e-06,0.999999976958685,1.0000001804159522
-0.532,1.048021584028849,31.577383644751972,-0.5320144696065071,-2.781241345893551e-06,0.9999999802504304,1.0000001614621485
-0.532,1.048021584028849,31.869835276282085,-0.5320129300917656,-2.488347577570582e-06,0.9999999830960575,1.0000001443511193
-0.532,1.048021584028849,32.16499542723059,-0.5320115406735482,-2.2239328397028165e-06,0.9999999855525024,1.000000128919639
-0.532,1.048021584028849,32.462889182352235,-0.532010288055917,-1.985485148742515e-06,0.9999999876699254,1.0000001150173403
-0.532,1.048021584028849,32.763541858722334,-0.5320091599846045,-1.7706878994948115e-06,0.9999999894924525,1.000000102505853
-0.532,1.048021584028849,33.06697900788844,-0.5320081451782896,-1.5774071540887102e-06,0.9999999910588427,1.0000000912579792
-0.532,1.048021584028849,33.373226418041924,-0.5320072332632855,-1.4036795386328167e-06,0.9999999924030929,1.0000000811569256
-0.532,1.048021584028849,33.68231011620963,-0.5320064147115567,-1.2477007367225897e-06,0.9999999935549759,1.0000000720955635
-0.532,1.048021584028849,33.99425637046573,-0.5320056807819854,-1.107814567777099e-06,0.9999999945405241,1.0000000639757431
-0.532,1.048021584028849,34.30909169216431,-0.5320050234647943,-9.82502636707611e-07,0.9999999953824693,1.0000000567076393
-0.532,1.048021584028849,34.62684283819243,-0.532004435429028,-8.7037454034956e-07,0.9999999961006257,1.0000000502091386
-0.532,1.048021584028849,34.94753681324406,-0.5320039099730064,-7.701586151319002e-07,0.99999999671224,1.0000000444052644
-0.532,1.048021584028849,35.2712008721152,-0.5320034409776375,-6.806932095712988e-07,0.9999999972323003,1.0000000392276323
-0.532,1.048021584028849,35.597862522020144,-0.5320030228625034,-6.009184645138615e-07,0.9999999976738096,1.0000000346139448
-0.532,1.048021584028849,35.927549524929255,-0.5320026505446033,-5.298685834623477e-07,0.9999999980480323,1.0000000305075163
-0.532,1.048021584028849,36.26028989992831,-0.5320023193996597,-4.6666457492614084e-07,0.9999999983647118,1.0000000268568259
-0.532,1.048021584028849,36.59611192559986,-0.532002025225882,-4.1050744833566523e-07,0.999999998632258,1.000000023615106
-0.532,1.048021584028849,36.93504414242648,-0.5320017642100782,-3.6067184493492535e-07,0.9999999988579227,1.0000000207399515
-0.532,1.048021584028849,37.27711535521626,-0.5320015328960205,-3.1650008493854596e-07,0.9999999990479455,1.0000000181929622
-0.532,1.048021584028849,37.62235463555102,-0.5320013281549499,-2.773966121479052e-07,0.9999999992076877,1.000000015939405
-0.532,1.048021584028849,37.97079132425686,-0.5320011471581245,-2.4282281746325926e-07,0.999999999341747,1.0000000139479026
-0.532,1.048021584028849,38.32245503389777,-0.5320009873513065,-2.12292222707794e-07,0.9999999994540616,1.000000012190146
-0.532,1.048021584028849,38.67737565129239,-0.5320008464310838,-1.8536600654651113e-07,0.9999999995479956,1.0000000106406248
-0.532,1.048021584028849,39.03558334005395,-0.5320007223229324,-1.6164885451376722e-07,0.9999999996264206,1.0000000092763803
-0.532,1.048021584028849,39.3971085431537,-0.5320006131609167,-1.4078511553879815e-07,0.9999999996917825,1.000000008076778
-0.532,1.048021584028849,39.761981985508335,-0.5320005172689338,-1.2245524776639199e-07,0.9999999997461607,1.000000007023292
-0.532,1.048021584028849,40.1302346765911,-0.5320004331434113,-1.0637253691669994e-07,0.9999999997913213,1.000000006099317
-0.532,1.048021584028849,40.50189791306716,-0.532000359437366,-9.228007096216022e-08,0.9999999998287573,1.0000000052899836
-0.532,1.048021584028849,40.87700328145351,-0.5320002949457368,-7.994795531082794e-08,0.9999999998597356,1.0000000045819977
-0.532,1.048021584028849,41.25558266080338,-0.5320002385919136,-6.917075341841671e-08,0.9999999998853216,1.000000003963488
-0.532,1.048021584028849,41.63766822541544,-0.5320001894153756,-5.976513813797173e-08,0.9999999999064157,1.0000000034238679
-0.532,1.048021584028849,42.02329244756837,-0.532000146560369,-5.156773983062548e-08,0.9999999999237741,1.00000000295371
-0.532,1.048021584028849,42.41248810028041,-0.5320001092655503,-4.443317780802821e-08,0.9999999999380313,1.0000000025446296
-0.532,1.048021584028849,42.80528826009479,-0.5320000768545259,-3.8232262294802126e-08,0.9999999999497183,1.000000002189181
-0.532,1.048021584028849,43.20172630989064,-0.5320000487272274,-3.2850354724315787e-08,0.9999999999592808,1.0000000018807618
-0.532,1.048021584028849,43.60183594172025,-0.5320000243520546,-2.8185874747837916e-08,0.9999999999670899,1.0000000016135224
-0.532,1.048021584028849,44.00565115967241,-0.5320000032587386,-2.4148943011466257e-08,0.9999999999734535,1.0000000013822923
-0.532,1.048021584028849,44.413206282762204,-0.5319999850318601,-2.066014927372204e-08,0.9999999999786299,1.0000000011825048
-0.532,1.048021584028849,44.824535947847835,-0.5319999693049811,-1.7649436108688202e-08,0.9999999999828307,1.0000000010101315
-0.532,1.048021584028849,45.23967511257426,-0.5319999557553368,-1.5055088911817154e-08,0.999999999986235,1.000000000861627
-0.532,1.048021584028849,45.65865905834403,-0.5319999440990433,-1.2822823622403967e-08,0.9999999999889859,1.0000000007338736
-0.532,1.048021584028849,46.081523393315884,-0.5319999340867787,-1.0904963978263329e-08,0.9999999999912051,1.000000000624134
-0.532,1.048021584028849,46.50830405543093,-0.5319999254998996,-9.259700762469238e-09,0.9999999999929912,1.000000000530009
-0.532,1.048021584028849,46.93903731546684,-0.531999918146952,-7.850425934896402e-09,0.9999999999944258,1.000000000449398
-0.532,1.048021584028849,47.37375978012049,-0.5319999118605443,-6.6451350768033254e-09,0.9999999999955757,1.0000000003804657
-0.532,1.048021584028849,47.81250839511901,-0.5319999064945481,-5.615892012466256e-09,0.9999999999964955,1.0000000003216105
-0.532,1.048021584028849,48.25532044835962,-0.5319999019215974,-4.73834994293814e-09,0.9999999999972294,1.0000000002714375
-0.532,1.048021584028849,48.70223357307873,-0.5319998980308572,-3.9913238461988435e-09,0.9999999999978139,1.0000000002287321
-0.532,1.048021584028849,49.15328575105025,-0.5319998947260363,-3.356409289181659e-09,0.9999999999982782,1.0000000001924405
-0.532,1.048021584028849,49.608515315813406,-0.5319998919236167,-2.8176431884682833e-09,0.9999999999986473,1.000000000161648
-0.532,1.048021584028849,50.067960955930815,-0.5319998895512834,-2.3612024229310666e-09,0.999999999998939,1.0000000001355642
-0.532,1.048021584028849,50.5316617182763,-0.5319998875465307,-1.9751365508353867e-09,0.9999999999991694,1.000000000113504
-0.532,1.048021584028849,50.99965701135351,-0.5319998858554248,-1.6491311380099256e-09,0.9999999999993517,1.0000000000948779
-0.532,1.048021584028849,51.47198660864504,-0.5319998844315122,-1.3742986011776015e-09,0.9999999999994952,1.0000000000791769
-0.532,1.048021584028849,51.9486906519927,-0.5319998832348526,-1.1429936701229106e-09,0.9999999999996079,1.0000000000659635
-0.532,1.048021584028849,52.429809655009066,-0.531999882231167,-9.486508588969422e-10,0.9999999999996964,1.0000000000548628
-0.532,1.048021584028849,52.91538450652049,-0.5319998813910876,-7.856415825625997e-10,0.9999999999997656,1.0000000000455525
-0.532,1.048021584028849,53.40545647404229,-0.5319998806894952,-6.491487594320235e-10,0.9999999999998197,1.000000000037757
-0.532,1.048021584028849,53.90006720728585,-0.5319998801049445,-5.350569771597794e-10,0.9999999999998624,1.0000000000312415
-0.532,1.048021584028849,54.39925874169825,-0.5319998796191531,-4.398564366626941e-10,0.999999999999895,1.000000000025805
-0.532,1.048021584028849,54.90307350203484,-0.5319998792165621,-3.6055912093667705e-10,0.9999999999999202,1.0000000000212776
-0.532,1.048021584028849,55.41155430596479,-0.5319998788839493,-2.9462576802928704e-10,0.9999999999999402,1.0000000000175133
-0.532,1.048021584028849,55.924744367709856,-0.5319998786100947,-2.399023536539531e-10,0.9999999999999548,1.0000000000143892
-0.532,1.048021584028849,56.442687301717264,-0.5319998783854923,-1.945649688407226e-10,0.999999999999966,1.0000000000118012
-0.532,1.048021584028849,56.96542712636624,-0.5319998782020993,-1.570720700369517e-10,0.9999999999999748,1.0000000000096612
-0.532,1.048021584028849,57.493008267708944,-0.5319998780531199,-1.261231691674122e-10,0.99999999999998,1.000000000007895
-0.532,1.048021584028849,58.02547556324627,-0.5319998779328234,-1.006232004628297e-10,0.9999999999999839,1.0000000000064397
-0.532,1.048021584028849,58.562874265738245,-0.5319998778363836,-7.96518151624198e-11,0.9999999999999872,1.0000000000052436
-0.532,1.048021584028849,59.10525004705015,-0.5319998777597447,-6.243698191681782e-11,0.9999999999999889,1.0000000000042615
-0.532,1.048021584028849,59.65264900203377,-0.5319998776995067,-4.833233371244799e-11,0.9999999999999899,1.0000000000034572
-0.532,1.048021584028849,60.2051176524451,-0.5319998776528253,-3.679776548321461e-11,0.9999999999999901,1.0000000000028
-0.532,1.048021584028849,60.76270295089797,-0.5319998776173287,-2.7382853346701146e-11,0.9999999999999903,1.0000000000022635
-0.532,1.048021584028849,61.325452284854336,-0.5319998775910458,-1.971270758821056e-11,0.9999999999999902,1.0000000000018265
-0.532,1.048021584028849,61.89341348065174,-0.5319998775723447,-1.34759175173598e-11,0.9999999999999909,1.000000000001472
-0.532,1.048021584028849,62.466634807567864,-0.5319998775598787,-8.41433731966493e-12,0.9999999999999909,1.0000000000011844
-0.532,1.048021584028849,63.0451649819227,-0.5319998775525423,-4.314395291486471e-12,0.9999999999999911,1.0000000000009512
-0.532,1.048021584028849,63.629053171218956,-0.5319998775494309,-9.997594257300778e-13,0.999999999999991,1.0000000000007623
-0.532,1.048021584028849,64.21834899832058,-0.5319998775498073,1.6748689956939178e-12,0.9999999999999917,1.0000000000006113
-0.532,1.048021584028849,64.81310254566993,-0.5319998775530715,3.828966830636796e-12,0.9999999999999922,1.0000000000004892
-0.532,1.048021584028849,65.4133643595444,-0.531999877558737,5.560582364102319e-12,0.9999999999999932,1.0000000000003912
-0.532,1.048021584028849,66.01918545435197,-0.5319998775664072,6.950018039976505e-12,0.999999999999994,1.0000000000003124
-0.532,1.048021584028849,66.63061731696679,-0.5319998775757586,8.06290735160995e-12,0.9999999999999949,1.0000000000002496
-0.532,1.048021584028849,67.24771191110499,-0.531999877586524,8.952788315611657e-12,0.999999999999996,1.0000000000001992
-0.532,1.048021584028849,67.87052168174088,-0.5319998775984811,9.663241848768198e-12,0.9999999999999971,1.0000000000001594
-0.532,1.048021584028849,68.49909955956402,-0.5319998776114413,1.0229672760362936e-11,0.9999999999999979,1.0000000000001275
-0.532,1.048021584028849,69.13349896547759,-0.5319998776252416,1.0680784731941871e-11,0.9999999999999982,1.0000000000001021
-0.532,1.048021584028849,69.77377381513884,-0.5319998776397394,1.1039800944084311e-11,0.9999999999999988,1.0000000000000822
-0.532,1.048021584028849,70.41997852354069,-0.5319998776548078,1.132545298310074e-11,0.9999999999999989,1.0000000000000662
-0.532,1.048021584028849,71.0721680096366,-0.5319998776703341,1.1552838008909092e-11,0.9999999999999987,1.0000000000000542
-0.532,1.048021584028849,71.73039770100793,-0.5319998776862159,1.1734070552899158e-11,0.9999999999999989,1.0000000000000437
-0.532,1.048021584028849,72.39472353857458,-0.5319998777023639,1.1878854356547066e-11,0.9999999999999984,1.000000000000036
-0.532,1.048021584028849,73.06520198134909,-0.5319998777187002,1.1994929289898567e-11,0.9999999999999978,1.0000000000000295
-0.532,1.048021584028849,73.74189001123509,-0.5319998777351596,1.2088453058286817e-11,0.999999999999997,1.0000000000000249
-0.532,1.048021584028849,74.42484513786997,-0.531999877751691,1.216429861728761e-11,0.9999999999999959,1.0000000000000207
-0.532,1.048021584028849,75.11412540351232,-0.531999877768258,1.2226303270356286e-11,0.9999999999999947,1.000000000000018
-0.532,1.048021584028849,75.80978938797494,-0.5319998777848395,1.2277469557815779e-11,0.9999999999999933,1.0000000000000153
-0.532,1.048021584028849,76.51189621360336,-0.5319998778014303,1.2320131618985964e-11,0.9999999999999929,1.0000000000000133
-0.532,1.048021584028849,77.22050555030022,-0.5319998778180397,1.2356092002794327e-11,0.9999999999999915,1.0000000000000113
-0.532,1.048021584028849,77.93567762059672,-0.5319998778346924,1.2386726123991103e-11,0.9999999999999903,1.0000000000000102
-0.532,1.048021584028849,78.65747320477065,-0.5319998778514256,1.2413076963525194e-11,0.9999999999999892,1.0000000000000089
-0.532,1.048021584028849,79.38595364601184,-0.5319998778682867,1.2435926732307349e-11,0.9999999999999887,1.0000000000000078
-0.532,1.048021584028849,80.12118085563553,-0.531999877885332,1.2455853512168606e-11,0.9999999999999879,1.000000000000007
-0.532,1.048021584028849,80.86321731834431,-0.5319998779026222,1.2473289800795894e-11,0.9999999999999877,1.0000000000000067
-0.532,1.048021584028849,81.61212609753805,-0.5319998779202195,1.2488546817295644e-11,0.9999999999999876,1.0000000000000056
-0.532,1.048021584028849,82.36797084067375,-0.5319998779381855,1.2501866067053417e-11,0.9999999999999877,1.0000000000000053
-0.532,1.048021584028849,83.13081578467474,-0.5319998779565749,1.2513427561631806e-11,0.9999999999999877,1.0000000000000047
-0.532,1.048021584028849,83.90072576138992,-0.531999877975436,1.2523381399917811e-11,0.9999999999999887,1.0000000000000042
-0.532,1.048021584028849,84.67776620310352,-0.531999877994804,1.2531857603998264e-11,0.9999999999999891,1.0000000000000038
-0.532,1.048021584028849,85.46200314809617,-0.5319998780147024,1.253897924803036e-11,0.9999999999999903,1.0000000000000033
-0.532,1.048021584028849,86.25350324625728,-0.5319998780351389,1.2544870531396015e-11,0.9999999999999912,1.0000000000000033
-0.532,1.048021584028849,87.05233376474918,-0.5319998780561058,1.254966322604442e-11,0.9999999999999925,1.0000000000000029
-0.532,1.048021584028849,87.85856259372419,-0.5319998780775789,1.2553492570551362e-11,0.9999999999999933,1.0000000000000027
-0.532,1.048021584028849,88.67225825209441,-0.531999878099519,1.2556510777982829e-11,0.9999999999999948,1.0000000000000029
-0.532,1.048021584028849,89.49348989335462,-0.5319998781218728,1.2558865944682537e-11,0.9999999999999957,1.0000000000000024
-0.532,1.048021584028849,90.32232731145982,-0.5319998781445754,1.2560724825175263e-11,0.9999999999999964,1.0000000000000022
-0.532,1.048021584028849,91.15884094675663,-0.5319998781675528,1.2562239536905316e-11,0.9999999999999968,1.0000000000000022
-0.532,1.048021584028849,92.0031018919696,-0.5319998781907244,1.2563574845995583e-11,0.999999999999998,1.0000000000000018
-0.532,1.048021584028849,92.85518189824359,-0.5319998782140077,1.2564872897565525e-11,0.9999999999999984,1.000000000000002
-0.532,1.048021584028849,93.71515338124135,-0.5319998782373205,1.2566276188982388e-11,0.9999999999999984,1.0000000000000018
-0.532,1.048021584028849,94.58308942729796,-0.5319998782605866,1.2567899452903432e-11,0.9999999999999986,1.0000000000000022
-0.532,1.048021584028849,95.45906379963219,-0.5319998782837364,1.256984381465193e-11,0.9999999999999979,1.0000000000000018
-0.532,1.048021584028849,96.34315094461576,-0.531999878306713,1.2572183154429263e-11,0.9999999999999977,1.0000000000000016
-0.532,1.048021584028849,97.23542599809973,-0.531999878329473,1.2574965197455397e-11,0.9999999999999968,1.0000000000000013
-0.532,1.048021584028849,98.13596479180039,-0.5319998783519898,1.2578210519154368e-11,0.9999999999999963,1.000000000000002
-0.532,1.048021584028849,99.04484385974408,-0.5319998783742531,1.2581911054524991e-11,0.9999999999999952,1.0000000000000016
-0.532,1.048021584028849,99.96214044477135,-0.5319998783962733,1.2586031480749186e-11,0.999999999999994,1.000000000000001
-0.532,1.048021584028849,100.88793250510167,-0.5319998784180779,1.2590506601859344e-11,0.999999999999993,1.0000000000000016
-0.532,1.048021584028849,101.82229872095873,-0.5319998784397126,1.2595254325115041e-11,0.9999999999999918,1.000000000000001
-0.532,1.048021584028849,102.76531850125772,-0.5319998784612398,1.2600164954835188e-11,0.9999999999999906,1.000000000000001
-0.532,1.048021584028849,103.71707199035326,-0.5319998784827358,1.2605113488795125e-11,0.9999999999999895,1.0000000000000009
-0.532,1.048021584028849,104.67764007485148,-0.5319998785042891,1.2609966919529706e-11,0.9999999999999885,1.0000000000000007
-0.532,1.048021584028849,105.64710439048359,-0.531999878525996,1.2614576350150252e-11,0.9999999999999876,1.0000000000000004
-0.532,1.048021584028849,106.62554732904427,-0.5319998785479583,1.261880559807815e-11,0.9999999999999869,1.0000000000000004
-0.532,1.048021584028849,107.61305204539366,-0.5319998785702785,1.2622504688489753e-11,0.999999999999986,0.9999999999999999
-0.532,1.048021584028849,108.60970246452491,-0.5319998785930573,1.2625539768519566e-11,0.9999999999999859,1.0
-0.532,1.048021584028849,109.61558328869602,-0.5319998786163888,1.2627791882849445e-11,0.9999999999999857,0.9999999999999996
-0.532,1.048021584028849,110.63078000462876,-0.5319998786403576,1.2629151690634765e-11,0.9999999999999857,0.9999999999999992
-0.532,1.048021584028849,111.65537889077429,-0.5319998786650355,1.2629539933801518e-11,0.9999999999999858,0.999999999999999
-0.532,1.048021584028849,112.68946702464496,-0.5319998786904788,1.2628896271804732e-11,0.9999999999999861,0.9999999999999989
-0.532,1.048021584028849,113.73313229021528,-0.5319998787167264,1.2627187174116586e-11,0.9999999999999867,0.9999999999999986
-0.532,1.048021584028849,114.78646338539066,-0.5319998787437978,1.262440789341073e-11,0.9999999999999872,0.9999999999999983
-0.532,1.048021584028849,115.84954982954602,-0.5319998787716931,1.2620582008238479e-11,0.9999999999999883,0.999999999999998
-0.532,1.048021584028849,116.92248197113297,-0.5319998788003923,1.2615761983733422e-11,0.999999999999989,0.9999999999999978
-0.532,1.048021584028849,118.00535099535914,-0.5319998788298557,1.2610028442205452e-11,0.9999999999999899,0.9999999999999979
-0.532,1.048021584028849,119.09824893193696,-0.5319998788600258,1.2603486913390373e-11,0.9999999999999909,0.9999999999999977
-0.532,1.048021584028849,120.2012686629055,-0.5319998788908279,1.259626210465063e-11,0.9999999999999919,0.9999999999999976
-0.532,1.048021584028849,121.31450393052383,-0.5319998789221748,1.2588513798423778e-11,0.9999999999999926,0.9999999999999979
-0.532,1.048021584028849,122.43804934523853,-0.5319998789539669,1.2580400354887395e-11,0.9999999999999937,0.9999999999999976
-0.532,1.048021584028849,123.5720003937234,-0.5319998789860975,1.2572103221133483e-11,0.9999999999999944,0.9999999999999977
-0.532,1.048021584028849,124.7164534469956,-0.5319998790184555,1.2563810637717453e-11,0.9999999999999946,0.9999999999999977
-0.532,1.048021584028849,125.87150576860506,-0.5319998790509287,1.2555714258583824e-11,0.9999999999999958,0.9999999999999977
-0.532,1.048021584028849,127.03725552290106,-0.5319998790834084,1.254800395306326e-11,0.9999999999999957,0.9999999999999977
-0.532,1.048021584028849,128.21380178337475,-0.5319998791157919,1.2540865219044654e-11,0.999999999999996,0.9999999999999981
-0.532,1.048021584028849,129.40124454107954,-0.5319998791479864,1.2534476331077667e-11,0.9999999999999961,0.9999999999999981
-0.532,1.048021584028849,130.59968471312828,-0.531999879179912,1.252899855523512e-11,0.9999999999999962,0.9999999999999988
-0.532,1.048021584028849,131.8092241512703,-0.5319998792115043,1.252458009409306e-11,0.9999999999999958,0.999999999999999
-0.532,1.048021584028849,133.02996565054787,-0.5319998792427161,1.2521347085201679e-11,0.9999999999999952,0.9999999999999991
-0.532,1.048021584028849,134.26201295803162,-0.53199987927352,1.2519404065329415e-11,0.999999999999995,0.9999999999999997
-0.532,1.048021584028849,135.5054707816382,-0.5319998793039084,1.2518831177057326e-11,0.9999999999999947,1.0000000000000002
-0.532,1.048021584028849,136.76044479902887,-0.5319998793338939,1.251968320263103e-11,0.999999999999994,1.0000000000000007
-0.532,1.048021584028849,138.02704166659132,-0.5319998793635102,1.2521987788425399e-11,0.9999999999999933,1.000000000000001
-0.532,1.048021584028849,139.30536902850287,-0.5319998793928105,1.2525747646315344e-11,0.9999999999999927,1.0000000000000013
-0.532,1.048021584028849,140.5955355258802,-0.5319998794218661,1.2530936079478311e-11,0.999999999999992,1.0000000000000018
-0.532,1.048021584028849,141.8976508060113,-0.5319998794507645,1.2537506299734735e-11,0.9999999999999912,1.000000000000002
-0.532,1.048021584028849,143.21182553167466,-0.5319998794796075,1.2545385744684638e-11,0.9999999999999908,1.0000000000000027
-0.532,1.048021584028849,144.53817139054382,-0.5319998795085087,1.255447837820895e-11,0.99999999999999,1.0000000000000029
-0.532,1.048021584028849,145.87680110468003,-0.5319998795375895,1.2564673965234865e-11,0.9999999999999892,1.0000000000000033
-0.532,1.048021584028849,147.22782844011104,-0.5319998795669768,1.2575845406471859e-11,0.9999999999999888,1.0000000000000036
-0.532,1.048021584028849,148.59136821650102,-0.5319998795967994,1.2587845655339762e-11,0.9999999999999885,1.0000000000000038
-0.532,1.048021584028849,149.9675363169076,-0.5319998796271846,1.2600527886485243e-11,0.999999999999988,1.0000000000000042
-0.532,1.048021584028849,151.35644969763095,-0.5319998796582548,1.2613732663200572e-11,0.9999999999999879,1.0000000000000044
-0.532,1.048021584028849,152.75822639815343,-0.5319998796901249,1.2627300152200625e-11,0.999999999999988,1.0000000000000042
-0.532,1.048021584028849,154.17298555117182,-0.531999879722899,1.2641069704351745e-11,0.9999999999999878,1.0000000000000049
-0.532,1.048021584028849,155.60084739272125,-0.5319998797566673,1.2654884169440912e-11,0.9999999999999882,1.0000000000000049
-0.532,1.048021584028849,157.0419332723941,-0.5319998797915048,1.2668591801400911e-11,0.9999999999999885,1.0000000000000049
-0.532,1.048021584028849,158.4963656636536,-0.5319998798274689,1.2682050448737438e-11,0.999999999999989,1.0000000000000044
-0.532,1.048021584028849,159.96426817424148,-0.5319998798645984,1.2695129628915384e-11,0.9999999999999893,1.0000000000000044
-0.532,1.048021584028849,161.44576555668382,-0.5319998799029128,1.2707712039278356e-11,0.9999999999999901,1.0000000000000047
-0.532,1.048021584028849,162.94098371889282,-0.5319998799424109,1.2719695778491703e-11,0.9999999999999909,1.0000000000000044
-0.532,1.048021584028849,164.4500497348682,-0.5319998799830715,1.2730995598862403e-11,0.9999999999999916,1.0000000000000047
-0.532,1.048021584028849,165.97309185549548,-0.5319998800248552,1.2741542864327172e-11,0.9999999999999925,1.000000000000004
-0.532,1.048021584028849,167.5102395194472,-0.5319998800677039,1.2751290061125312e-11,0.9999999999999931,1.000000000000004
-0.532,1.048021584028849,169.06162336418203,-0.5319998801115423,1.2760201874293438e-11,0.9999999999999942,1.0000000000000038
-0.532,1.048021584028849,170.6273752370482,-0.5319998801562814,1.2768268013163172e-11,0.9999999999999952,1.0000000000000036
-0.532,1.048021584028849,172.20762820648835,-0.5319998802018182,1.2775494386187145e-11,0.9999999999999958,1.0000000000000033
-0.532,1.048021584028849,173.80251657334924,-0.5319998802480411,1.2781901464599856e-11,0.9999999999999964,1.000000000000003
-0.532,1.048021584028849,175.41217588229446,-0.5319998802948301,1.2787525696605102e-11,0.9999999999999977,1.0000000000000027
-0.532,1.048021584028849,177.0367429333253,-0.5319998803420611,1.2792420857309206e-11,0.9999999999999981,1.0000000000000022
-0.532,1.048021584028849,178.67635579340572,-0.5319998803896081,1.2796650178277158e-11,0.9999999999999984,1.000000000000002
-0.532,1.048021584028849,180.33115380819694,-0.5319998804373468,1.2800294144348418e-11,0.9999999999999993,1.000000000000002
-0.532,1.048021584028849,182.00127761389967,-0.5319998804851563,1.2803436634914228e-11,0.9999999999999996,1.0000000000000016
-0.532,1.048021584028849,183.68686914920713,-0.5319998805329237,1.280617024294863e-11,0.9999999999999994,1.0000000000000018
-0.532,1.048021584028849,185.38807166736675,-0.531999880580544,1.2808596908688258e-11,0.9999999999999999,1.000000000000001
-0.532,1.048021584028849,187.10502974835543,-0.5319998806279254,1.2810819929043402e-11,0.9999999999999999,1.0000000000000013
-0.532,1.048021584028849,188.83788931116757,-0.531999880674989,1.281294369021242e-11,1.0,1.000000000000001
-0.532,1.048021584028849,190.58679762621514,-0.5319998807216714,1.2815075350821044e-11,0.9999999999999993,1.0000000000000007
-0.532,1.048021584028849,192.35190332784438,-0.5319998807679265,1.2817317687185866e-11,0.9999999999999992,1.0000000000000009
-0.532,1.048021584028849,194.13335642696757,-0.5319998808137257,1.2819772357264528e-11,0.999999999999999,1.0000000000000009
-0.532,1.048021584028849,195.93130832381254,-0.531999880859059,1.2822535496526685e-11,0.9999999999999983,1.0000000000000007
-0.532,1.048021584028849,197.74591182078862,-0.5319998809039351,1.282569780770841e-11,0.9999999999999976,1.0000000000000009
-0.532,1.048021584028849,199.5773211354742,-0.5319998809483812,1.2829342195091049e-11,0.9999999999999969,1.0000000000000007
-0.532,1.048021584028849,201.42569191372198,-0.5319998809924423,1.2833545366401612e-11,0.9999999999999959,1.0000000000000007
-0.532,1.048021584028849,203.29118124288746,-0.531999881036181,1.2838373147666826e-11,0.9999999999999951,1.0000000000000007
-0.532,1.048021584028849,205.1739476651793,-0.5319998810796759,1.2843884411489945e-11,0.9999999999999943,1.000000000000001
-0.532,1.048021584028849,207.07415119113296,-0.5319998811230198,1.2850125714249058e-11,0.9999999999999933,1.000000000000001
-0.532,1.048021584028849,208.99195331321022,-0.5319998811663182,1.2857139018270876e-11,0.9999999999999928,1.0000000000000016
-0.532,1.048021584028849,210.92751701952352,-0.5319998812096867,1.2864948627965312e-11,0.9999999999999919,1.0000000000000018
-0.532,1.048021584028849,212.88100680768738,-0.5319998812532508,1.2873578568624252e-11,0.9999999999999916,1.0000000000000016
-0.532,1.048021584028849,214.8525886987991,-0.5319998812971416,1.2883038927227207e-11,0.999999999999991,1.0000000000000022
-0.532,1.048021584028849,216.84243025154836,-0.5319998813414933,1.289332835756158e-11,0.9999999999999898,1.0000000000000018
-0.532,1.048021584028849,218.85070057645706,-0.5319998813864432,1.2904440654260006e-11,0.9999999999999895,1.0000000000000024
-0.532,1.048021584028849,220.87757035025237,-0.5319998814321264,1.2916361005629123e-11,0.9999999999999888,1.0000000000000027
-0.532,1.048021584028849,222.92321183037146,-0.5319998814786752,1.2929070505166156e-11,0.9999999999999882,1.0000000000000029
-0.532,1.048021584028849,224.9877988696007,-0.5319998815262166,1.294254030540515e-11,0.9999999999999881,1.000000000000003
-0.532,1.048021584028849,227.07150693085165,-0.5319998815748695,1.295673568076698e-11,0.9999999999999881,1.0000000000000033
-0.532,1.048021584028849,229.17451310207272,-0.5319998816247437,1.2971620218879614e-11,0.9999999999999872,1.0000000000000036
-0.532,1.048021584028849,231.29699611129922,-0.5319998816759377,1.2987152270882428e-11,0.9999999999999877,1.0000000000000038
-0.532,1.048021584028849,233.4391363418438,-0.5319998817285365,1.3003285506016484e-11,0.9999999999999877,1.000000000000004
-0.532,1.048021584028849,235.60111584762504,-0.5319998817826121,1.3019973653689877e-11,0.9999999999999879,1.0000000000000047
-0.532,1.048021584028849,237.78311836864148,-0.53199988183822,1.3037166686586065e-11,0.9999999999999879,1.0000000000000042
-0.532,1.048021584028849,239.98532934658564,-0.5319998818954015,1.3054814710001097e-11,0.9999999999999883,1.0000000000000047
-0.532,1.048021584028849,242.20793594060487,-0.5319998819541802,1.3072866782926274e-11,0.9999999999999886,1.0000000000000047
-0.532,1.048021584028849,244.4511270432073,-0.531999882014564,1.309127229288292e-11,0.9999999999999892,1.0000000000000047
-0.532,1.048021584028849,246.71509329631496,-0.5319998820765439,1.3109980497444704e-11,0.9999999999999899,1.0000000000000049
-0.532,1.048021584028849,249.00002710746668,-0.5319998821400959,1.3128941886504505e-11,0.9999999999999906,1.000000000000005
-0.532,1.048021584028849,251.3061226661696,-0.5319998822051795,1.3148107804403838e-11,0.9999999999999909,1.000000000000005
-0.532,1.048021584028849,253.6335759604023,-0.5319998822717402,1.3167430534578316e-11,0.9999999999999919,1.0000000000000049
-0.532,1.048021584028849,255.98258479327197,-0.5319998823397104,1.3186865701092759e-11,0.9999999999999922,1.000000000000005
-0.532,1.048021584028849,258.3533487998248,-0.5319998824090098,1.320636811856937e-11,0.999999999999993,1.0000000000000049
-0.532,1.048021584028849,260.7460694640121,-0.5319998824795478,1.3225895079695309e-11,0.9999999999999938,1.0000000000000049
-0.532,1.048021584028849,263.1609501358149,-0.5319998825512248,1.3245405620035203e-11,0.9999999999999944,1.000000000000005
-0.532,1.048021584028849,265.59819604852424,-0.5319998826239334,1.3264860866201454e-11,0.9999999999999953,1.0000000000000049
-0.532,1.048021584028849,268.0580143361851,-0.5319998826975615,1.3284221121413897e-11,0.9999999999999958,1.000000000000005
-0.532,1.048021584028849,270.5406140511989,-0.5319998827719925,1.3303449864863994e-11,0.999999999999996,1.000000000000005
-0.532,1.048021584028849,273.0462061820903,-0.5319998828471082,1.3322512405605186e-11,0.9999999999999973,1.0000000000000047
-0.532,1.048021584028849,275.57500367143905,-0.5319998829227901,1.3341371202144938e-11,0.9999999999999976,1.000000000000005
-0.532,1.048021584028849,278.1272214339776,-0.5319998829989221,1.3359992222969938e-11,0.9999999999999981,1.0000000000000044
-0.532,1.048021584028849,280.7030763748543,-0.5319998830753917,1.3378341556874183e-11,0.9999999999999989,1.0000000000000042
-0.532,1.048021584028849,283.30278740807006,-0.5319998831520908,1.3396384794554403e-11,0.9999999999999987,1.0000000000000042
-0.532,1.048021584028849,285.9265754750807,-0.5319998832289198,1.3414086367613002e-11,0.9999999999999993,1.000000000000004
-0.532,1.048021584028849,288.57466356357577,-0.5319998833057856,1.3431413186296062e-11,0.9999999999999993,1.0000000000000036
-0.532,1.048021584028849,291.24727672642865,-0.5319998833826063,1.3448330674180302e-11,0.9999999999999998,1.0000000000000038
-0.532,1.048021584028849,293.94464210082356,-0.5319998834593095,1.3464802290110108e-11,0.9999999999999996,1.0000000000000033
-0.532,1.048021584028849,296.6669889275594,-0.5319998835358355,1.3480793177265355e-11,0.9999999999999997,1.000000000000003
-0.532,1.048021584028849,299.4145485705322,-0.5319998836121368,1.3496266100859765e-11,0.9999999999999994,1.0000000000000027
-0.532,1.048021584028849,302.18755453639716,-0.5319998836881789,1.3511184393614195e-11,0.9999999999999989,1.0000000000000024
-0.532,1.048021584028849,304.9862424944146,-0.531999883763941,1.3525509840192693e-11,0.9999999999999991,1.0000000000000022
-0.532,1.048021584028849,307.81085029647846,-0.5319998838394161,1.3539204246969054e-11,0.9999999999999989,1.000000000000002
-0.532,1.048021584028849,310.6616179973303,-0.5319998839146107,1.3552228579608321e-11,0.9999999999999984,1.0000000000000018
-0.532,1.048021584028849,313.5387878749621,-0.5319998839895453,1.3564544325827644e-11,0.9999999999999979,1.0000000000000018
-0.532,1.048021584028849,316.44260445120455,-0.5319998840642531,1.357611145566859e-11,0.9999999999999976,1.0000000000000009
-0.532,1.048021584028849,319.3733145125105,-0.5319998841387814,1.3586891200476256e-11,0.9999999999999973,1.0000000000000013
-0.532,1.048021584028849,322.3311671309267,-0.5319998842131882,1.359684441433184e-11,0.9999999999999964,1.000000000000001
-0.532,1.048021584028849,325.31641368526283,-0.531999884287543,1.3605934191066836e-11,0.9999999999999958,1.0000000000000007
-0.532,1.048021584028849,328.32930788245454,-0.5319998843619265,1.3614121810857427e-11,0.9999999999999951,1.0000000000000007
-0.532,1.048021584028849,331.37010577912685,-0.5319998844364274,1.362137025958666e-11,0.9999999999999951,0.9999999999999998
-0.532,1.048021584028849,334.4390658033531,-0.5319998845111443,1.3627648922678159e-11,0.9999999999999938,1.0000000000000002
-0.532,1.048021584028849,337.53644877662083,-0.5319998845861812,1.3632921712144451e-11,0.9999999999999932,0.9999999999999997
-0.532,1.048021584028849,340.66251793599554,-0.5319998846616484,1.3637160058737138e-11,0.9999999999999927,0.9999999999999998
-0.532,1.048021584028849,343.81753895649405,-0.5319998847376598,1.3640334214133893e-11,0.9999999999999921,0.9999999999999998
-0.532,1.048021584028849,347.00177997366285,-0.5319998848143331,1.3642420779525586e-11,0.9999999999999913,0.9999999999999992
-0.532,1.048021584028849,350.2155116063659,-0.5319998848917874,1.3643397413810763e-11,0.9999999999999909,0.9999999999999991
-0.532,1.048021584028849,353.4590069797847,-0.5319998849701413,1.3643247725982207e-11,0.9999999999999903,0.9999999999999988
-0.532,1.048021584028849,356.73254174862967,-0.5319998850495122,1.3641955715905829e-11,0.99999999999999,0.999999999999999
-0.532,1.048021584028849,360.0363941205664,-0.5319998851300157,1.3639510547075951e-11,0.9999999999999893,0.9999999999999982
-0.532,1.048021584028849,363.37084487986095,-0.5319998852117632,1.3635908825300756e-11,0.9999999999999895,0.9999999999999988
-0.532,1.048021584028849,366.73617741124224,-0.5319998852948609,1.363114789575517e-11,0.9999999999999889,0.9999999999999984
-0.532,1.048021584028849,370.13267772398575,-0.531999885379409,1.3625231046673617e-11,0.9999999999999887,0.9999999999999982
-0.532,1.048021584028849,373.5606344762222,-0.5319998854655008,1.3618167957138904e-11,0.9999999999999883,0.9999999999999981
-0.532,1.048021584028849,377.02033899946696,-0.5319998855532214,1.3609969057693887e-11,0.9999999999999883,0.9999999999999978
-0.532,1.048021584028849,380.5120853233824,-0.5319998856426468,1.360065369468328e-11,0.9999999999999882,0.9999999999999978
-0.532,1.048021584028849,384.03617020076405,-0.5319998857338438,1.3590245589314012e-11,0.9999999999999885,0.9999999999999979
-0.532,1.048021584028849,387.5928931327621,-0.5319998858268691,1.3578771983158004e-11,0.9999999999999881,0.9999999999999982
-0.532,1.048021584028849,391.18255639433437,-0.5319998859217676,1.3566265294084921e-11,0.9999999999999882,0.9999999999999981
-0.532,1.048021584028849,394.8054650599374,-0.5319998860185752,1.3552763125428023e-11,0.9999999999999888,0.9999999999999981
-0.532,1.048021584028849,398.4619270294508,-0.5319998861173149,1.3538307532726977e-11,0.9999999999999888,0.9999999999999979
-0.532,1.048021584028849,402.15225305434814,-0.5319998862179989,1.352294462687478e-11,0.9999999999999889,0.9999999999999978
-0.532,1.048021584028849,405.87675676410373,-0.5319998863206288,1.3506724644214818e-11,0.9999999999999893,0.9999999999999977
-0.532,1.048021584028849,409.6357546928489,-0.5319998864251939,1.3489701678981322e-11,0.9999999999999895,0.9999999999999978
-0.532,1.048021584028849,413.4295663062725,-0.5319998865316736,1.3471933377575445e-11,0.9999999999999901,0.999999999999998
-0.532,1.048021584028849,417.25851402877123,-0.5319998866400362,1.3453480091840865e-11,0.9999999999999902,0.9999999999999976
-0.532,1.048021584028849,421.12292327085265,-0.5319998867502401,1.343440572882101e-11,0.9999999999999909,0.999999999999998
-0.532,1.048021584028849,425.02312245678996,-0.5319998868622345,1.3414775114435443e-11,0.999999999999991,0.9999999999999977
-0.532,1.048021584028849,428.95944305253283,-0.5319998869759592,1.3394656480397028e-11,0.9999999999999918,0.999999999999998
-0.532,1.048021584028849,432.9322195938791,-0.5319998870913464,1.3374119019280426e-11,0.9999999999999923,0.9999999999999979
-0.532,1.048021584028849,436.9417897149054,-0.5319998872083198,1.3353231856491541e-11,0.9999999999999926,0.9999999999999979
-0.532,1.048021584028849,440.98849417666133,-0.5319998873267984,1.3332067097927562e-11,0.9999999999999932,0.9999999999999979
-0.532,1.048021584028849,445.0726768961314,-0.531999887446694,1.3310694760576552e-11,0.9999999999999938,0.9999999999999983
-0.532,1.048021584028849,449.19468497546023,-0.5319998875679143,1.3289184089782183e-11,0.9999999999999941,0.9999999999999982
-0.532,1.048021584028849,453.3548687314555,-0.5319998876903629,1.3267606577457976e-11,0.9999999999999947,0.999999999999998
-0.532,1.048021584028849,457.55358172535705,-0.5319998878139414,1.3246029534818029e-11,0.9999999999999952,0.9999999999999982
-0.532,1.048021584028849,461.7911807928867,-0.5319998879385486,1.3224518639216596e-11,0.9999999999999959,0.9999999999999979
-0.532,1.048021584028849,466.0680260745743,-0.5319998880640828,1.3203138410934673e-11,0.9999999999999962,0.999999999999998
-0.532,1.048021584028849,470.3844810463644,-0.5319998881904429,1.3181951958231047e-11,0.999999999999997,0.9999999999999981
-0.532,1.048021584028849,474.7409125505084,-0.5319998883175282,1.316101675421644e-11,0.9999999999999973,0.999999999999998
-0.532,1.048021584028849,479.1376908267404,-0.5319998884452403,1.3140386721770487e-11,0.9999999999999978,0.999999999999998
-0.532,1.048021584028849,483.57518954374194,-0.5319998885734839,1.312011454241084e-11,0.9999999999999981,0.9999999999999983
-0.532,1.048021584028849,488.0537858309,-0.5319998887021667,1.3100249201583987e-11,0.9999999999999986,0.9999999999999986
-0.532,1.048021584028849,492.5738603103579,-0.5319998888312022,1.3080829768465685e-11,0.9999999999999986,0.9999999999999982
-0.532,1.048021584028849,497.1357971293627,-0.5319998889605076,1.3061898146730515e-11,0.9999999999999992,0.9999999999999984
-0.532,1.048021584028849,501.7399839929145,-0.5319998890900076,1.3043485725404853e-11,0.9999999999999991,0.9999999999999981
-0.532,1.048021584028849,506.3868121967132,-0.5319998892196327,1.3025621460640058e-11,0.9999999999999994,0.9999999999999984
-0.532,1.048021584028849,511.0766766604169,-0.5319998893493203,1.3008328159581466e-11,0.9999999999999999,0.9999999999999986
-0.532,1.048021584028849,515.809975961202,-0.5319998894790162,1.2991623202056035e-11,0.9999999999999999,0.9999999999999984
-0.532,1.048021584028849,520.5871123676386,-0.5319998896086735,1.2975518682623751e-11,0.9999999999999997,0.9999999999999983
-0.532,1.048021584028849,525.4084918738774,-0.5319998897382542,1.296002165887135e-11,0.9999999999999997,0.9999999999999983
-0.532,1.048021584028849,530.2745242341559,-0.531999889867729,1.2945132822280893e-11,0.9999999999999997,0.9999999999999982
-0.532,1.048021584028849,535.1856229976182,-0.5319998899970768,1.293084725127334e-11,0.9999999999999999,0.9999999999999987
-0.532,1.048021584028849,540.1422055434659,-0.5319998901262867,1.2917154894460875e-11,1.0,0.9999999999999986
-0.532,1.048021584028849,545.1446931164259,-0.5319998902553553,1.29040402205958e-11,0.9999999999999998,0.9999999999999986
-0.532,1.048021584028849,550.1935108625528,-0.5319998903842895,1.2891482057451616e-11,0.9999999999999997,0.9999999999999987
-0.532,1.048021584028849,555.2890878653604,-0.5319998905131044,1.2879454417480325e-11,0.9999999999999992,0.9999999999999984
-0.532,1.048021584028849,560.4318571822878,-0.5319998906418238,1.2867925717314964e-11,0.9999999999999991,0.9999999999999983
-0.532,1.048021584028849,565.6222558815047,-0.5319998907704804,1.2856860194745049e-11,0.9999999999999987,0.9999999999999984
-0.532,1.048021584028849,570.8607250790558,-0.5319998908991149,1.2846217106445159e-11,0.9999999999999986,0.9999999999999986
-0.532,1.048021584028849,576.1477099763489,-0.531999891027776,1.2835951199133725e-11,0.9999999999999981,0.9999999999999988
-0.532,1.048021584028849,581.4836598979924,-0.5319998911565196,1.2826012928159858e-11,0.9999999999999973,0.9999999999999988
-0.532,1.048021584028849,586.8690283299819,-0.531999891285409,1.2816350285826744e-11,0.9999999999999977,0.9999999999999987
-0.532,1.048021584028849,592.3042729582397,-0.5319998914145136,1.2806905941060431e-11,0.9999999999999969,0.9999999999999988
-0.532,1.048021584028849,597.7898557075149,-0.531999891543909,1.2797620366336985e-11,0.9999999999999966,0.9999999999999988
-0.532,1.048021584028849,603.3262427806361,-0.5319998916736765,1.2788430112695357e-11,0.9999999999999961,0.9999999999999987
-0.532,1.048021584028849,608.913904698138,-0.5319998918039018,1.2779272950667157e-11,0.9999999999999958,0.9999999999999987
-0.532,1.048021584028849,614.5533163382452,-0.5319998919346753,1.2770078379431629e-11,0.9999999999999952,0.9999999999999984
-0.532,1.048021584028849,620.2449569772324,-0.5319998920660904,1.2760780464333052e-11,0.9999999999999948,0.9999999999999987
-0.532,1.048021584028849,625.9893103301563,-0.5319998921982443,1.27513061602662e-11,0.9999999999999947,0.9999999999999983
-0.532,1.048021584028849,631.7868645919671,-0.5319998923312352,1.2741586070081854e-11,0.9999999999999939,0.9999999999999987
-0.532,1.048021584028849,637.638112478994,-0.5319998924651642,1.2731546655206773e-11,0.9999999999999936,0.9999999999999982
-0.532,1.048021584028849,643.5435512708254,-0.5319998926001327,1.2721116640971615e-11,0.999999999999993,0.9999999999999983
-0.532,1.048021584028849,649.5036828525664,-0.5319998927362425,1.2710224688219857e-11,0.9999999999999929,0.9999999999999987
-0.532,1.048021584028849,655.5190137574945,-0.531999892873595,1.2698795326445163e-11,0.9999999999999923,0.9999999999999984
-0.532,1.048021584028849,661.5900552101086,-0.5319998930122904,1.2686761958981943e-11,0.9999999999999919,0.9999999999999982
-0.532,1.048021584028849,667.7173231695753,-0.5319998931524278,1.2674051912585987e-11,0.9999999999999915,0.9999999999999984
-0.532,1.048021584028849,673.9013383735801,-0.5319998932941036,1.266059829012531e-11,0.999999999999991,0.9999999999999981
-0.532,1.048021584028849,680.1426263825831,-0.5319998934374114,1.264633229133031e-11,0.9999999999999908,0.9999999999999981
-0.532,1.048021584028849,686.4417176244827,-0.5319998935824418,1.2631190911368308e-11,0.9999999999999909,0.999999999999998
-0.532,1.048021584028849,692.7991474396972,-0.5319998937292809,1.2615111931683691e-11,0.9999999999999903,0.999999999999998
-0.532,1.048021584028849,699.215456126661,-0.5319998938780113,1.2598034895311137e-11,0.99999999999999,0.9999999999999979
-0.532,1.048021584028849,705.6911889877423,-0.5319998940287098,1.2579903273007343e-11,0.99999999999999,0.999999999999998
-0.532,1.048021584028849,712.2268963755895,-0.5319998941814488,1.2560664140610277e-11,0.9999999999999899,0.9999999999999982
-0.532,1.048021584028849,718.8231337398989,-0.5319998943362942,1.2540266811254904e-11,0.9999999999999897,0.999999999999998
-0.532,1.048021584028849,725.4804616746267,-0.5319998944933065,1.2518665204433115e-11,0.9999999999999893,0.9999999999999978
-0.532,1.048021584028849,732.1994459656265,-0.53199989465254,1.2495814672806368e-11,0.9999999999999891,0.9999999999999978
-0.532,1.048021584028849,738.9806576387373,-0.531999894814042,1.2471677592092152e-11,0.9999999999999893,0.9999999999999978
-0.532,1.048021584028849,745.8246730083114,-0.5319998949778534,1.2446218268721908e-11,0.999999999999989,0.9999999999999978
-0.532,1.048021584028849,752.7320737261965,-0.5319998951440081,1.2419406204178478e-11,0.9999999999999893,0.9999999999999977
-0.532,1.048021584028849,759.7034468311634,-0.5319998953125326,1.2391214357595378e-11,0.9999999999999891,0.9999999999999976
-0.532,1.048021584028849,766.7393847988028,-0.5319998954834463,1.2361620494421125e-11,0.9999999999999891,0.9999999999999974
-0.532,1.048021584028849,773.8404855918722,-0.531999895656762,1.2330606657354068e-11,0.9999999999999893,0.9999999999999973
-0.532,1.048021584028849,781.0073527111184,-0.5319998958324846,1.2298159170430213e-11,0.9999999999999892,0.9999999999999976
-0.532,1.048021584028849,788.2405952465664,-0.5319998960106119,1.2264269015095271e-11,0.9999999999999892,0.9999999999999973
-0.532,1.048021584028849,795.5408279292831,-0.5319998961911347,1.2228931466933187e-11,0.9999999999999897,0.9999999999999974
-0.532,1.048021584028849,802.9086711836236,-0.5319998963740363,1.2192146424856608e-11,0.9999999999999898,0.9999999999999973
-0.532,1.048021584028849,810.3447511799583,-0.5319998965592939,1.2153917531157568e-11,0.99999999999999,0.9999999999999973
-0.532,1.048021584028849,817.8496998878867,-0.5319998967468773,1.2114253849932677e-11,0.9999999999999901,0.9999999999999977
-0.532,1.048021584028849,825.4241551299497,-0.5319998969367495,1.2073167195800027e-11,0.9999999999999902,0.999999999999997
-0.532,1.048021584028849,833.0687606358348,-0.5319998971288683,1.2030675750345429e-11,0.9999999999999906,0.9999999999999972
-0.532,1.048021584028849,840.7841660970844,-0.5319998973231841,1.1986798731595728e-11,0.999999999999991,0.999999999999997
-0.532,1.048021584028849,848.5710272223139,-0.5319998975196422,1.1941562467764355e-11,0.9999999999999913,0.999999999999997
-0.532,1.048021584028849,856.4300057929329,-0.5319998977181828,1.1894994701108352e-11,0.9999999999999915,0.9999999999999973
-0.532,1.048021584028849,864.3617697193946,-0.5319998979187397,1.1847129260287649e-11,0.9999999999999918,0.9999999999999971
-0.532,1.048021584028849,872.3669930979535,-0.5319998981212435,1.1797999799023668e-11,0.9999999999999923,0.999999999999997
-0.532,1.048021584028849,880.4463562679581,-0.5319998983256192,1.174764738091181e-11,0.9999999999999927,0.9999999999999973
-0.532,1.048021584028849,888.6005458696701,-0.5319998985317878,1.169611404265055e-11,0.999999999999993,0.9999999999999971
-0.532,1.048021584028849,896.8302549026189,-0.5319998987396676,1.1643444987630098e-11,0.9999999999999931,0.9999999999999971
-0.532,1.048021584028849,905.1361827845002,-0.5319998989491727,1.1589688927214166e-11,0.9999999999999937,0.9999999999999972
-0.532,1.048021584028849,913.5190354106156,-0.5319998991602145,1.1534896088519089e-11,0.999999999999994,0.999999999999997
-0.532,1.048021584028849,921.9795252138629,-0.5319998993727025,1.1479121666838131e-11,0.999999999999994,0.9999999999999971
-0.532,1.048021584028849,930.5183712252855,-0.5319998995865436,1.142241934455167e-11,0.9999999999999944,0.9999999999999969
-0.532,1.048021584028849,939.1362991351807,-0.5319998998016433,1.1364848829727323e-11,0.999999999999995,0.9999999999999969
-0.532,1.048021584028849,947.8340413547725,-0.5319999000179068,1.13064676291012e-11,0.9999999999999952,0.999999999999997
-0.532,1.048021584028849,956.6123370784595,-0.5319999002352368,1.1247338536982298e-11,0.9999999999999958,0.9999999999999969
-0.532,1.048021584028849,965.4719323466358,-0.5319999004535375,1.1187523705858236e-11,0.9999999999999961,0.9999999999999968
-0.532,1.048021584028849,974.4135801090915,-0.5319999006727121,1.112708634258057e-11,0.9999999999999966,0.9999999999999967
-0.532,1.048021584028849,983.4380402890077,-0.5319999008926647,1.1066092145376487e-11,0.9999999999999968,0.9999999999999969
-0.532,1.048021584028849,992.5460798475383,-0.5319999011133005,1.100460669501492e-11,0.9999999999999971,0.9999999999999967
-0.532,1.048021584028849,1001.7384728489908,-0.5319999013345258,1.0942695419360789e-11,0.9999999999999972,0.999999999999997
-0.532,1.048021584028849,1011.0160005266158,-0.5319999015562487,1.0880426000887036e-11,0.9999999999999977,0.999999999999997
-0.532,1.048021584028849,1020.3794513489946,-0.5319999017783787,1.0817863905602529e-11,0.9999999999999979,0.9999999999999967
-0.532,1.048021584028849,1029.8296210870567,-0.531999902000829,1.0755076996570708e-11,0.9999999999999982,0.999999999999997
-0.532,1.048021584028849,1039.3673128817031,-0.5319999022235148,1.0692130791485759e-11,0.9999999999999982,0.9999999999999971
-0.532,1.048021584028849,1048.993337312066,-0.5319999024463536,1.0629092439901339e-11,0.9999999999999987,0.999999999999997
-0.532,1.048021584028849,1058.7085124643972,-0.5319999026692679,1.0566027423148045e-11,0.9999999999999988,0.9999999999999969
-0.532,1.048021584028849,1068.5136640015942,-0.5319999028921825,1.0502998999072348e-11,0.9999999999999991,0.9999999999999971
-0.532,1.048021584028849,1078.4096252333723,-0.531999903115027,1.0440073901696204e-11,0.9999999999999991,0.999999999999997
-0.532,1.048021584028849,1088.3972371870843,-0.5319999033377342,1.0377312582268906e-11,0.9999999999999996,0.9999999999999971
-0.532,1.048021584028849,1098.4773486791944,-0.5319999035602423,1.0314777952170897e-11,0.9999999999999996,0.999999999999997
-0.532,1.048021584028849,1108.650816387419,-0.5319999037824937,1.0252530167153125e-11,0.9999999999999997,0.999999999999997
-0.532,1.048021584028849,1118.9185049235327,-0.5319999040044352,1.0190627849435144e-11,0.9999999999999999,0.9999999999999969
-0.532,1.048021584028849,1129.2812869068487,-0.531999904226019,1.0129128136934056e-11,0.9999999999999998,0.9999999999999971
-0.532,1.048021584028849,1139.740043038382,-0.5319999044472026,1.0068087119515735e-11,0.9999999999999998,0.9999999999999969
-0.532,1.048021584028849,1150.2956621756925,-0.5319999046679477,1.0007557572737489e-11,1.0000000000000002,0.9999999999999971
-0.532,1.048021584028849,1160.9490414084332,-0.5319999048882224,9.947592038504724e-12,0.9999999999999999,0.9999999999999971
-0.532,1.048021584028849,1171.7010861345848,-0.5319999051079999,9.888239599931086e-12,1.0000000000000004,0.999999999999997
-0.532,1.048021584028849,1182.5527101374053,-0.5319999053272587,9.829548011678088e-12,1.0000000000000002,0.9999999999999972
-0.532,1.048021584028849,1193.5048356630894,-0.5319999055459826,9.77156242703754e-12,0.9999999999999999,0.9999999999999974
-0.532,1.048021584028849,1204.55839349915,-0.5319999057641618,9.714325844651897e-12,0.9999999999999999,0.9999999999999973
-0.532,1.048021584028849,1215.7143230535173,-0.5319999059817911,9.657879052049111e-12,0.9999999999999999,0.9999999999999974
-0.532,1.048021584028849,1226.9735724343827,-0.5319999061988715,9.602260213075021e-12,0.9999999999999999,0.9999999999999974
-0.532,1.048021584028849,1238.33709853077,-0.5319999064154091,9.547505250045323e-12,0.9999999999999998,0.9999999999999973
-0.532,1.048021584028849,1249.8058670938608,-0.5319999066314157,9.493647469069161e-12,0.9999999999999993,0.9999999999999972
-0.532,1.048021584028849,1261.3808528190714,-0.5319999068469086,9.440717780639236e-12,0.9999999999999994,0.9999999999999972
-0.532,1.048021584028849,1273.0630394288874,-0.5319999070619099,9.388744544109065e-12,0.999999999999999,0.9999999999999974
-0.532,1.048021584028849,1284.8534197564702,-0.5319999072764476,9.337753421053581e-12,0.9999999999999989,0.9999999999999978
-0.532,1.048021584028849,1296.7529958300336,-0.5319999074905548,9.287767907246059e-12,0.9999999999999987,0.9999999999999977
-0.532,1.048021584028849,1308.7627789579997,-0.5319999077042687,9.238808311264402e-12,0.9999999999999986,0.9999999999999974
-0.532,1.048021584028849,1320.883789814951,-0.5319999079176326,9.190892841034299e-12,0.9999999999999986,0.9999999999999973
-0.532,1.048021584028849,1333.1170585283726,-0.5319999081306934,9.144037833074442e-12,0.9999999999999982,0.9999999999999979
-0.532,1.048021584028849,1345.4636247661995,-0.5319999083435035,9.098255593309187e-12,0.9999999999999981,0.9999999999999979
-0.532,1.048021584028849,1357.924537825179,-0.5319999085561193,9.053557019733462e-12,0.9999999999999976,0.9999999999999978
-0.532,1.048021584028849,1370.500856720038,-0.5319999087686014,9.009950458253791e-12,0.9999999999999976,0.9999999999999979
-0.532,1.048021584028849,1383.1936502734964,-0.531999908981014,8.967441514576004e-12,0.9999999999999971,0.9999999999999978
-0.532,1.048021584028849,1396.0039972070938,-0.5319999091934259,8.9260340587227e-12,0.999999999999997,0.999999999999998
-0.532,1.048021584028849,1408.9329862328714,-0.531999909405909,8.885728325633171e-12,0.9999999999999967,0.9999999999999979
-0.532,1.048021584028849,1421.9817161458968,-0.531999909618539,8.846523770041485e-12,0.9999999999999963,0.9999999999999981
-0.532,1.048021584028849,1435.1512959176512,-0.5319999098313944,8.808416759340377e-12,0.999999999999996,0.9999999999999981
-0.532,1.048021584028849,1448.4428447902692,-0.5319999100445569,8.771401517424365e-12,0.999999999999996,0.9999999999999982
-0.532,1.048021584028849,1461.8574923716699,-0.531999910258111,8.735470694914025e-12,0.9999999999999954,0.999999999999998
-0.532,1.048021584028849,1475.3963787315492,-0.5319999104721433,8.700615007008382e-12,0.9999999999999952,0.999999999999998
-0.532,1.048021584028849,1489.0606544982772,-0.5319999106867436,8.66682128400658e-12,0.9999999999999949,0.9999999999999984
-0.532,1.048021584028849,1502.8514809566846,-0.5319999109020025,8.634077426698613e-12,0.9999999999999944,0.9999999999999983
-0.532,1.048021584028849,1516.7700301467542,-0.5319999111180133,8.602368041570278e-12,0.9999999999999944,0.9999999999999982
-0.532,1.048021584028849,1530.8174849632353,-0.5319999113348706,8.571674444176963e-12,0.9999999999999937,0.9999999999999986
-0.532,1.048021584028849,1544.9950392561707,-0.5319999115526705,8.541979256377268e-12,0.9999999999999938,0.9999999999999986
-0.532,1.048021584028849,1559.3038979323546,-0.5319999117715101,8.51326217121766e-12,0.9999999999999932,0.9999999999999984
-0.532,1.048021584028849,1573.7452770577393,-0.5319999119914871,8.485500661245488e-12,0.9999999999999932,0.9999999999999986
-0.532,1.048021584028849,1588.3204039607824,-0.5319999122127007,8.458670953196896e-12,0.9999999999999927,0.9999999999999986
-0.532,1.048021584028849,1603.0305173367537,-0.5319999124352492,8.432748745351693e-12,0.9999999999999926,0.9999999999999989
-0.532,1.048021584028849,1617.8768673530133,-0.5319999126592326,8.407708414983387e-12,0.9999999999999921,0.9999999999999988
-0.532,1.048021584028849,1632.8607157552478,-0.5319999128847495,8.383522844872124e-12,0.9999999999999918,0.9999999999999988
-0.532,1.048021584028849,1647.9833359747165,-0.5319999131118991,8.360163251030513e-12,0.9999999999999921,0.9999999999999987
-0.532,1.048021584028849,1663.2460132364645,-0.5319999133407799,8.337600869226833e-12,0.9999999999999916,0.999999999999999
-0.532,1.048021584028849,1678.6500446685554,-0.5319999135714896,8.315805430187514e-12,0.999999999999991,0.9999999999999988
-0.532,1.048021584028849,1694.1967394123092,-0.5319999138041253,8.294745096354785e-12,0.9999999999999908,0.9999999999999989
-0.532,1.048021584028849,1709.8874187335668,-0.5319999140387827,8.274388320457979e-12,0.9999999999999906,0.999999999999999
-0.532,1.048021584028849,1725.7234161349695,-0.5319999142755565,8.25470361029932e-12,0.9999999999999905,0.9999999999999992
-0.532,1.048021584028849,1741.706077469303,-0.5319999145145398,8.235656982293589e-12,0.9999999999999901,0.9999999999999991
-0.532,1.048021584028849,1757.8367610538646,-0.5319999147558241,8.217215085828926e-12,0.9999999999999898,0.9999999999999992
-0.532,1.048021584028849,1774.1168377859105,-0.5319999149994993,8.199343525724183e-12,0.9999999999999897,0.999999999999999
-0.532,1.048021584028849,1790.547691259161,-0.531999915245653,8.182008044039854e-12,0.9999999999999898,0.9999999999999993
-0.532,1.048021584028849,1807.1307178813868,-0.5319999154943709,8.165173452476372e-12,0.9999999999999895,0.9999999999999991
-0.532,1.048021584028849,1823.867326993091,-0.5319999157457364,8.14880524941831e-12,0.9999999999999891,0.9999999999999993
-0.532,1.048021584028849,1840.7589409872808,-0.5319999159998301,8.132867389803238e-12,0.999999999999989,0.9999999999999991
-0.532,1.048021584028849,1857.8069954303487,-0.5319999162567309,8.117325422732108e-12,0.9999999999999887,0.9999999999999994
-0.532,1.048021584028849,1875.012939184082,-0.5319999165165139,8.102143957195402e-12,0.9999999999999887,0.9999999999999993
-0.532,1.048021584028849,1892.378234528796,-0.5319999167792524,8.087287411119893e-12,0.9999999999999885,0.9999999999999993
-0.532,1.048021584028849,1909.9043572876058,-0.5319999170450163,8.072720434707747e-12,0.9999999999999887,0.9999999999999994
-0.532,1.048021584028849,1927.592796951861,-0.5319999173138727,8.05840805925635e-12,0.9999999999999881,0.9999999999999994
-0.532,1.048021584028849,1945.4450568077177,-0.5319999175858849,8.044316152724084e-12,0.9999999999999882,0.9999999999999993
-0.532,1.048021584028849,1963.4626540639163,-0.5319999178611142,8.030408979675916e-12,0.9999999999999881,0.9999999999999992
-0.532,1.048021584028849,1981.6471199807077,-0.5319999181396179,8.016653213539989e-12,0.999999999999988,0.9999999999999993
-0.532,1.048021584028849,2000.0,-0.5319999184214494,8.003014744310754e-12,0.9999999999999879,0.9999999999999993
-0.3,1.0385768076184925,0.0,0.0,0.0,0.0,1.0385768076184925
-0.3,1.0385768076184925,0.05,-0.0011808698216472955,0.023228860406402038,0.029471028276679478,1.0379987556734338
-0.3,1.0385768076184925,0.1,-0.004570438568917125,0.04419756116700246,0.05882878383157898,1.0374207321301996
-0.3,1.0385768076184925,0.15000000000000002,-0.009949686730760028,0.06304524047118575,0.08797294408097787,1.0368428071318252
-0.3,1.0385768076184925,0.2,-0.017113267930414584,0.07990619042664328,0.11681616075967363,1.0362650921899548
-0.3,1.0385768076184925,0.25,-0.025869015463728745,0.09490968853289507,0.14528288037412446,1.0356877358037442
-0.3,1.0385768076184925,0.30000000000000004,-0.03603743449510974,0.10817987861986805,0.17330825501907643,1.03511091927843
-0.3,1.0385768076184925,0.35000000000000003,-0.04745118459431631,0.11983569589537907,0.20083713678048848,1.03453485272627
-0.3,1.0385768076184925,0.4,-0.059954556772745915,0.12999083113554877,0.22782314964359332,1.0339597712390172
-0.3,1.0385768076184925,0.45,-0.07340294872121539,0.13875372942812272,0.25422783340619565,1.0333859312259852
-0.3,1.0385768076184925,0.5,-0.08766234144783919,0.14622761923797956,0.2800198545864646,1.0328136069155431
-0.3,1.0385768076184925,0.55,-0.10260878018016437,0.15251056790533835,0.3051742797296623,1.0322430870205765
-0.3,1.0385768076184925,0.6000000000000001,-0.11812786201794347,0.1576955600097523,0.329671906873978,1.0316746715702558
-0.3,1.0385768076184925,0.65,-0.13411423236932335,0.16187059533677564,0.35349865124342705,1.0311086689115296
-0.3,1.0385768076184925,0.7000000000000001,-0.15047109211531012,0.16511880346945532,0.37664498150511727,1.030545392884197
-0.3,1.0385768076184925,0.75,-0.16710971686794104,0.16751857229413583,0.3991054031663537,1.029985160173463
-0.3,1.0385768076184925,0.8,-0.18394898974900176,0.16914368795994408,0.42087798590024184,1.029428287843293
-0.3,1.0385768076184925,0.8500000000000001,-0.20091494858400705,0.17006348406473493,0.44196393178120624,1.028875091053283
-0.3,1.0385768076184925,0.9,-0.2179403484174668,0.17034299805776773,0.4623671815882841,1.0283258809607068
-0.3,1.0385768076184925,0.9500000000000001,-0.23496423997242427,0.17004313305193516,0.48209405649684345,1.0277809628083059
-0.3,1.0385768076184925,1.0,-0.2519315644324891,0.1692208234266705,0.5011529326312226,1.0272406341971878
-0.3,1.0385768076184925,1.05,-0.26879276498900406,0.1679292027774729,0.5195539460933623,1.0267051835429466
-0.3,1.0385768076184925,1.1,-0.28550341519715183,0.16621777293013737,0.5373087262172389,1.026174888711891
-0.3,1.0385768076184925,1.1500000000000001,-0.30202386423133626,0.16413257288780944,0.5544301549270894,1.0256500158331254
-0.3,1.0385768076184925,1.2000000000000002,-0.31831889904271987,0.16171634671766816,0.5709321501996266,1.025130818281058
-0.3,1.0385768076184925,1.25,-0.33435742316963546,0.15900870951198087,0.5868294717474604,1.0246175358219958
-0.3,1.0385768076184925,1.3,-0.35011215201138063,0.15604631067596775,0.6021375471532163,1.0241103939175662
-0.3,1.0385768076184925,1.35,-0.3655593243133909,0.1528629939030177,0.6168723167915505,1.0236096031769635
-0.3,1.0385768076184925,1.4000000000000001,-0.38067842943673974,0.14948995329681106,0.6310500959797598,1.0231153589494297
-0.3,1.0385768076184925,1.4500000000000002,-0.39545195000537764,0.14595588519026909,0.6446874528970534,1.0226278410478746
-0.3,1.0385768076184925,1.5,-0.40986511953572846,0.1422871352935066,0.657801100907908,1.0221472135942327
-0.3,1.0385768076184925,1.55,-0.42390569454234833,0.13850784087758014,0.6704078040162174,1.0216736249769234
-0.3,1.0385768076184925,1.6,-0.4375637405759077,0.1346400677681993,0.6825242942643953,1.0212072079106964
-0.3,1.0385768076184925,1.6500000000000001,-0.4508314316935223,0.13070394198415103,0.6941671999750214,1.020748079589162
-0.3,1.0385768076184925,1.7000000000000002,-0.463702862843796,0.12671777590941413,0.7053529838122132,1.0202963419204554
-0.3,1.0385768076184925,1.75,-0.47617387459215393,0.12269818893621291,0.7160978897154915,1.0198520818366357
-0.3,1.0385768076184925,1.8,-0.4882418896135378,0.11866022255896035,0.7264178978307576,1.0194153716677727
-0.3,1.0385768076184925,1.85,-0.4999057604165043,0.11461744993654556,0.7363286866309329,1.0189862695719925
-0.3,1.0385768076184925,1.9000000000000001,-0.5111656277649166,0.11058207997313427,0.745845601483001,1.0185648200131592
-0.3,1.0385768076184925,1.9500000000000002,-0.5220227892412559,0.10656505599592504,0.7549836289786725,1.0181510542783438
-0.3,1.0385768076184925,2.0,-0.5324795773996889,0.10257614913247103,0.7637573764027016,1.0177449910276692
-0.3,1.0385768076184925,2.0500000000000003,-0.5425392469891724,0.09862404651058389,0.7721810557662129,1.017346636869669
-0.3,1.0385768076184925,2.1,-0.5522058707504658,0.09471643442080901,0.780268471882223,1.016955986955783
-0.3,1.0385768076184925,2.15,-0.5614842432934034,0.09086007659531493,0.7880330140070645,1.0165730255881358
-0.3,1.0385768076184925,2.2,-0.5703797925635112,0.08706088776806599,0.795487650614725,1.0161977268352862
-0.3,1.0385768076184925,2.25,-0.5788984984273181,0.08332400268961464,0.8026449269113309,1.0158300551511077
-0.3,1.0385768076184925,2.3000000000000003,-0.5870468179353397,0.07965384077603964,0.8095169647343018,1.0154699659924962
-0.3,1.0385768076184925,2.35,-0.594831616843995,0.07605416657570545,0.816115464515147,1.0151174064320603
-0.3,1.0385768076184925,2.4000000000000004,-0.6022601069893028,0.07252814623987744,0.8224517090166896,1.014772315762409
-0.3,1.0385768076184925,2.45,-0.6093397891162359,0.0690784001840046,0.8285365685847681,1.0144346260891035
-0.3,1.0385768076184925,2.5,-0.6160784007865361,0.06570705212587293,0.8343805076813439,1.0141042629097328
-0.3,1.0385768076184925,2.5500000000000003,-0.6224838690124882,0.06241577468503827,0.8399935924906208,1.0137811456769819
-0.3,1.0385768076184925,2.6,-0.628564267286898,0.05920583172512899,0.8453854994122902,1.0134651883438865
-0.3,1.0385768076184925,2.6500000000000004,-0.6343277766960919,0.0560781176169341,0.8505655242766249,1.0131562998898358
-0.3,1.0385768076184925,2.7,-0.6397826508157096,0.053033193595800825,0.8555425921348632,1.0128543848261533
-0.3,1.0385768076184925,2.75,-0.6449371841033249,0.05007132138188488,0.860325267495378,1.0125593436803888
-0.3,1.0385768076184925,2.8000000000000003,-0.6497996835197289,0.047192494226346325,0.8649217648915741,1.012271073458688
-0.3,1.0385768076184925,2.85,-0.6543784431300483,0.04439646554076632,0.8693399596814428,1.0119894680858323
-0.3,1.0385768076184925,2.9000000000000004,-0.6586817214534875,0.0416827752609713,0.873587398991346,1.0117144188227485
-0.3,1.0385768076184925,2.95,-0.6627177213446818,0.039050774090175454,0.8776713127279911,1.011445814661453
-0.3,1.0385768076184925,3.0,-0.6664945722015343,0.03649964575995896,0.8815986245927984,1.011183542697562
-0.3,1.0385768076184925,3.0500000000000003,-0.6700203143060492,0.03402842744115617,0.8853759630420588,1.010927488480626
-0.3,1.0385768076184925,3.1,-0.6733028851174853,0.03163602843028296,0.8890096721445127,1.0106775363426561
-0.3,1.0385768076184925,3.1500000000000004,-0.6763501073508128,0.029321247230739252,0.8925058222953322,1.0104335697053353
-0.3,1.0385768076184925,3.2,-0.6791696786866646,0.02708278714171798,0.8958702207520455,1.0101954713664498
-0.3,1.0385768076184925,3.25,-0.6817691629705767,0.024919270461568506,0.8991084219637666,1.0099631237661744
-0.3,1.0385768076184925,3.3000000000000003,-0.6841559827690866,0.022829251406333156,0.9022257376702585,1.009736409233893
-0.3,1.0385768076184925,3.35,-0.6863374131588433,0.020811227838317632,0.9052272467519158,1.0095152102162694
-0.3,1.0385768076184925,3.4000000000000004,-0.6883205766332002,0.018863651893888722,0.9081178048157843,1.0092994094873196
-0.3,1.0385768076184925,3.45,-0.6901124390192895,0.01698493959423251,0.9109020535062747,1.00908889034127
-0.3,1.0385768076184925,3.5,-0.6917198063073399,0.015173479517556767,0.9135844295322892,1.008883536768977
-0.3,1.0385768076184925,3.5500000000000003,-0.6931493223023922,0.01342764060619685,0.916169173405219,1.0086832336187161
-0.3,1.0385768076184925,3.6,-0.6944074670162275,0.011745779177283675,0.918660337884591,1.008487866742131
-0.3,1.0385768076184925,3.6500000000000004,-0.6955005557238718,0.010126245201059689,0.921061796130153,1.008297323126131
-0.3,1.0385768076184925,3.7,-0.6964347386148234,0.008567387906584543,0.9233772495609504,1.0081114910115143
-0.3,1.0385768076184925,3.75,-0.6972160009742846,0.007067560770451261,0.9256102354234196,1.0079302599991018
-0.3,1.0385768076184925,3.8000000000000003,-0.6978501638347357,0.005625125940236632,0.9277641340717792,1.0077535211441022
-0.3,1.0385768076184925,3.85,-0.6983428850431468,0.0042384581407266895,0.9298421759650496,1.0075811670394519
-0.3,1.0385768076184925,3.9000000000000004,-0.6986996606940847,0.0029059481074892274,0.9318474483859576,1.0074130918888475
-0.3,1.0385768076184925,3.95,-0.6989258268836384,0.0016260055890991762,0.9337829018876269,1.0072491915701218
-0.3,1.0385768076184925,4.0,-0.69902656174336,0.0003970619562540309,0.9356513564746234,1.0070893636896443
-0.3,1.0385768076184925,4.05,-0.6990068877171621,-0.0007824275468590494,0.9374555075253294,1.0069335076283663
-0.3,1.0385768076184925,4.1000000000000005,-0.69887167404736,-0.0019139818762802959,0.9391979314630045,1.0067815245801175
-0.3,1.0385768076184925,4.15,-0.6986256394388956,-0.0029990925569332717,0.9408810911831484,1.0066333175827122
-0.3,1.0385768076184925,4.2,-0.6982733548734792,-0.004039222318430333,0.94250734124497,1.0064887915424396
-0.3,1.0385768076184925,4.25,-0.6978192465478789,-0.0050358039724338185,0.9440789328348598,1.0063478532524315
-0.3,1.0385768076184925,4.3,-0.6972675989131133,-0.0059902395080268555,0.9455980185098541,1.0062104114054167
-0.3,1.0385768076184925,4.3500000000000005,-0.6966225577936938,-0.0069038993834519375,0.9470666567290302,1.0060763766013103
-0.3,1.0385768076184925,4.4,-0.6958881335683155,-0.007778121994346752,0.9484868161807798,1.0059456613501006
-0.3,1.0385768076184925,4.45,-0.6950682043954614,-0.008614213300251524,0.9498603799137908,1.0058181800704253
-0.3,1.0385768076184925,4.5,-0.6941665194691692,-0.009413446592687112,0.9511891492794652,1.0056938490842326
-0.3,1.0385768076184925,4.55,-0.6931867022917847,-0.01017706238951798,0.9524748476933806,1.0055725866078995
-0.3,1.0385768076184925,4.6000000000000005,-0.692132253951868,-0.010906268441622307,0.953719124223214,1.0054543127401376
-0.3,1.0385768076184925,4.65,-0.6910065563966526,-0.011602239839102859,0.9549235570103942,1.005338949447014
-0.3,1.0385768076184925,4.7,-0.6898128756895562,-0.012266119205391302,0.9560896565325444,1.0052264205443784
-0.3,1.0385768076184925,4.75,-0.6885543652443311,-0.012899016968630947,0.9572188687135863,1.0051166516779837
-0.3,1.0385768076184925,4.800000000000001,-0.6872340690284691,-0.013502011700677207,0.958312577888155,1.0050095703015485
-0.3,1.0385768076184925,4.8500000000000005,-0.6858549247294662,-0.01407615051493204,0.9593721096267765,1.0049051056530078
-0.3,1.0385768076184925,4.9,-0.6844197668784562,-0.014622449515038787,0.9603987334280201,1.004803188729177
-0.3,1.0385768076184925,4.95,-0.6829313299265868,-0.015141894287207367,0.9613936652836451,1.0047037522590232
-0.3,1.0385768076184925,5.0,-0.6813922512701996,-0.015635440429623757,0.9623580701225131,1.004606730675753
-0.3,1.0385768076184925,5.050000000000001,-0.6798050742215379,-0.01610401411302739,0.9632930641388427,1.0045120600878745
-0.3,1.0385768076184925,5.1000000000000005,-0.6781722509222067,-0.016548512667114896,0.964199717010149,1.00441967824941
-0.3,1.0385768076184925,5.15,-0.6764961451970852,-0.016969805187959357,0.9650790540100126,1.0043295245293937
-0.3,1.0385768076184925,5.2,-0.6747790353467883,-0.017368733162117542,0.9659320580205939,1.0042415398808118
-0.3,1.0385768076184925,5.25,-0.6730231168771363,-0.01774611110354141,0.9667596714496213,1.0041556668090819
-0.3,1.0385768076184925,5.300000000000001,-0.6712305051644544,-0.0181027271998163,0.9675627980563732,1.004071849340215
-0.3,1.0385768076184925,5.3500000000000005,-0.6694032380558536,-0.018439343964617903,0.9683423046909795,1.0039900329887463
-0.3,1.0385768076184925,5.4,-0.6675432784039484,-0.01875669889361966,0.9690990229511747,1.0039101647255317
-0.3,1.0385768076184925,5.45,-0.6656525165357889,-0.01905550512138983,0.9698337507604609,1.0038321929455047
-0.3,1.0385768076184925,5.5,-0.6637327726560287,-0.01933645207709966,0.9705472538714506,1.0037560674354635
-0.3,1.0385768076184925,5.550000000000001,-0.6617857991845888,-0.019600206137119113,0.9712402672980007,1.0036817393419606
-0.3,1.0385768076184925,5.6000000000000005,-0.6598132830292763,-0.019847411272810367,0.971913496679563,1.0036091611393603
-0.3,1.0385768076184925,5.65,-0.6578168477939647,-0.020078689692040134,0.9725676195810431,1.0035382865981195
-0.3,1.0385768076184925,5.7,-0.6557980559230706,-0.020294642473123847,0.9732032867312854,1.0034690707533476
-0.3,1.0385768076184925,5.75,-0.6537584107831513,-0.020495850190088486,0.9738211232031633,1.0034014698736713
-0.3,1.0385768076184925,5.800000000000001,-0.6516993586825496,-0.02068287352829878,0.9744217295381155,1.003335441430479
-0.3,1.0385768076184925,5.8500000000000005,-0.6496222908300564,-0.02085625388963259,0.9750056828178283,1.003270944067546
-0.3,1.0385768076184925,5.9,-0.6475285452336367,-0.021016513986520755,0.9755735376856368,1.0032079375710896
-0.3,1.0385768076184925,5.95,-0.6454194085403206,-0.021164158424281706,0.9761258273200857,1.0031463828402751
-0.3,1.0385768076184925,6.0,-0.6432961178184335,-0.021299674271285422,0.9766630643630027,1.0030862418582016
-0.3,1.0385768076184925,6.050000000000001,-0.6411598622833615,-0.021423531616574662,0.9771857418042676,1.0030274776633759
-0.3,1.0385768076184925,6.1000000000000005,-0.6390117849681295,-0.0215361841146553,0.9776943338254172,1.0029700543217062
-0.3,1.0385768076184925,6.15,-0.636852984340083,-0.021638069517242602,0.9781892966040671,1.0029139368990139
-0.3,1.0385768076184925,6.2,-0.6346845158650171,-0.02172961019181667,0.9786710690810778,1.0028590914340847
-0.3,1.0385768076184925,6.25,-0.6325073935200841,-0.021811213626900607,0.9791400736922542,1.0028054849122647
-0.3,1.0385768076184925,6.300000000000001,-0.6303225912568566,-0.021883272924027145,0.9795967170663296,1.002753085239609
-0.3,1.0385768076184925,6.3500000000000005,-0.6281310444158822,-0.021946167276406373,0.9800413906908478,1.0027018612175802
-0.3,1.0385768076184925,6.4,-0.6259336510940832,-0.02200026243434884,0.9804744715475135,1.0026517825183152
-0.3,1.0385768076184925,6.45,-0.6237312734663192,-0.02204591115753386,0.9808963227184901,1.0026028196604422
-0.3,1.0385768076184925,6.5,-0.6215247390624307,-0.02208345365424511,0.9813072939650473,1.0025549439854617
-0.3,1.0385768076184925,6.550000000000001,-0.6193148420010289,-0.02211321800772289,0.9817077222798939,1.0025081276346868
-0.3,1.0385768076184925,6.6000000000000005,-0.6171023441813207,-0.02213552058980613,0.9820979324144719,1.0024623435267317
-0.3,1.0385768076184925,6.65,-0.6148879764341855,-0.022150666462057968,0.9824782373824159,1.0024175653355596
-0.3,1.0385768076184925,6.7,-0.6126724396337525,-0.022158949764585927,0.9828489389403182,1.0023737674690687
-0.3,1.0385768076184925,6.75,-0.6104564057706683,-0.022160654092782377,0.9832103280469022,1.002330925048223
-0.3,1.0385768076184925,6.800000000000001,-0.6082405189882514,-0.02215605286222326,0.9835626853016238,1.0022890138867186
-0.3,1.0385768076184925,6.8500000000000005,-0.606025396582702,-0.02214540966197301,0.9839062813636978,1.0022480104711704
-0.3,1.0385768076184925,6.9,-0.6038116299685197,-0.022128978596551607,0.9842413773524741,1.0022078919418271
-0.3,1.0385768076184925,6.95,-0.6015997856102544,-0.0221070046168257,0.9845682252300637,1.002168636073789
-0.3,1.0385768076184925,7.0,-0.5993904059217041,-0.022079723840091135,0.9848870681670423,1.0021302212587346
-0.3,1.0385768076184925,7.050000000000001,-0.5971840101336269,-0.022047363859615716,0.9851981408920492,1.0020926264871408
-0.3,1.0385768076184925,7.1000000000000005,-0.59498109513103,-0.0220101440439154,0.9855016700260325,1.002055831330983
-0.3,1.0385768076184925,7.15,-0.5927821362610526,-0.021968275826035638,0.9857978744018743,1.0020198159269191
-0.3,1.0385768076184925,7.2,-0.5905875881124297,-0.02192196298311084,0.9860869653700758,1.0019845609599303
-0.3,1.0385768076184925,7.25,-0.5883978852675059,-0.021871401906473423,0.9863691470911649,1.0019500476474263
-0.3,1.0385768076184925,7.300000000000001,-0.5862134430277185,-0.021816781862581985,0.986644616815439,1.0019162577237959
-0.3,1.0385768076184925,7.3500000000000005,-0.5840346581134565,-0.021758285245035886,0.9869135651506475,1.0018831734253861
-0.3,1.0385768076184925,7.4,-0.5818619093391646,-0.021696087817940433,0.9871761763181605,1.0018507774759209
-0.3,1.0385768076184925,7.45,-0.5796955582645337,-0.021630358950883152,0.9874326283981723,1.0018190530723263
-0.3,1.0385768076184925,7.5,-0.5775359498225998,-0.021561261845777936,0.9876830935644433,1.00178798387097
-0.3,1.0385768076184925,7.550000000000001,-0.5753834129255443,-0.02148895375582891,0.987927738309056,1.0017575539742918
-0.3,1.0385768076184925,7.6000000000000005,-0.5732382610489645,-0.021413586196862282,0.9881667236576581,1.001727747917827
-0.3,1.0385768076184925,7.65,-0.5711007927953666,-0.021335305151268098,0.9884002053756236,1.0016985506576046
-0.3,1.0385768076184925,7.7,-0.5689712924376019,-0.021254251264789935,0.9886283341655409,1.0016699475579118
-0.3,1.0385768076184925,7.75,-0.5668500304429619,-0.021170560036394757,0.9888512558564421,1.0016419243794223
-0.3,1.0385768076184925,7.800000000000001,-0.5647372639786068,-0.021084362001449395,0.9890691115851267,1.0016144672676675
-0.3,1.0385768076184925,7.8500000000000005,-0.5626332373989924,-0.020995782908425464,0.989282037969958,1.0015875627418522
-0.3,1.0385768076184925,7.9,-0.5605381827159445,-0.020904943889348108,0.9894901672774642,1.0015611976839986
-0.3,1.0385768076184925,7.95,-0.5584523200519881,-0.020811961624198672,0.989693627582066,1.0015353593284133
-0.3,1.0385768076184925,8.0,-0.5563758580775422,-0.020716948499476015,0.9898925429192438,1.0015100352514639
-0.3,1.0385768076184925,8.05,-0.5543089944325504,-0.02062001276111505,0.9900870334324446,1.0014852133616643
-0.3,1.0385768076184925,8.1,-0.5522519161331059,-0.020521258661955616,0.990277215513991,1.0014608818900528
-0.3,1.0385768076184925,8.15,-0.5502047999636072,-0.020420786603949845,0.9904632019402798,1.0014370293808583
-0.3,1.0385768076184925,8.200000000000001,-0.5481678128549611,-0.02031869327528934,0.9906451020015093,1.0014136446824435
-0.3,1.0385768076184925,8.25,-0.5461411122493294,-0.02021507178262953,0.9908230216261825,1.001390716938524
-0.3,1.0385768076184925,8.3,-0.5441248464518962,-0.02011001177858196,0.9909970635006143,1.0013682355796476
-0.3,1.0385768076184925,8.35,-0.5421191549701231,-0.02000359958464075,0.9911673271836711,1.0013461903149237
-0.3,1.0385768076184925,8.4,-0.5401241688409325,-0.019895918309703796,0.9913339092169349,1.001324571124015
-0.3,1.0385768076184925,8.450000000000001,-0.5381400109462484,-0.01978704796434449,0.9914969032305079,1.0013033682493577
-0.3,1.0385768076184925,8.5,-0.5361667963173132,-0.019677065570984423,0.9916564000446386,1.0012825721886176
-0.3,1.0385768076184925,8.55,-0.5342046324281767,-0.01956604527011293,0.9918124877673531,1.00126217368738
-0.3,1.0385768076184925,8.6,-0.5322536194787485,-0.01945405842269425,0.9919652518882599,1.0012421637320486
-0.3,1.0385768076184925,8.65,-0.5303138506677837,-0.01934117370889875,0.9921147753687035,1.0012225335429692
-0.3,1.0385768076184925,8.700000000000001,-0.5283854124561672,-0.019227457223289734,0.9922611387284094,1.0012032745677553
-0.3,1.0385768076184925,8.75,-0.5264683848208432,-0.01911297256659313,0.9924044201287833,1.0011843784748136
-0.3,1.0385768076184925,8.8,-0.5245628414997274,-0.018997780934172908,0.9925446954529972,1.0011658371470635
-0.3,1.0385768076184925,8.85,-0.5226688502279284,-0.018881941201331125,0.992682038383004,1.0011476426758499
-0.3,1.0385768076184925,8.9,-0.5207864729655934,-0.01876551000554694,0.9928165204736124,1.001129787355042
-0.3,1.0385768076184925,8.950000000000001,-0.5189157661176771,-0.018648541825765468,0.9929482112237388,1.0011122636752958
-0.3,1.0385768076184925,9.0,-0.5170567807459272,-0.018531089058842955,0.993077178144959,1.0010950643185035
-0.3,1.0385768076184925,9.05,-0.5152095627733706,-0.018413202093251844,0.9932034868274795,1.001078182152403
-0.3,1.0385768076184925,9.1,-0.5133741531815648,-0.018294929380144327,0.9933272010036185,1.001061610225354
-0.3,1.0385768076184925,9.15,-0.5115505882008772,-0.018176317501871042,0.9934483826089189,1.001045341761261
-0.3,1.0385768076184925,9.200000000000001,-0.5097388994940425,-0.01805741123804694,0.9935670918409808,1.0010293701546609
-0.3,1.0385768076184925,9.25,-0.5079391143332388,-0.017938253629253564,0.9936833872161093,1.0010136889659496
-0.3,1.0385768076184925,9.3,-0.5061512557709106,-0.017818886038463835,0.9937973256238664,1.0009982919167544
-0.3,1.0385768076184925,9.35,-0.5043753428045664,-0.017699348210272074,0.9939089623796186,1.000983172885446
-0.3,1.0385768076184925,9.4,-0.5026113905357593,-0.017579678328009305,0.994018351275152,1.00096832590278
-0.3,1.0385768076184925,9.450000000000001,-0.5008594103234617,-0.017459913068820786,0.9941255446274488,1.000953745147676
-0.3,1.0385768076184925,9.5,-0.49911940993203135,-0.017340087656779947,0.9942305933256753,1.000939424943116
-0.3,1.0385768076184925,9.55,-0.49739139367395546,-0.01722023591411021,0.9943335468764819,1.0009253597521661
-0.3,1.0385768076184925,9.600000000000001,-0.49567536254756694,-0.017100390310583934,0.9944344534476637,1.0009115441741208
-0.3,1.0385768076184925,9.65,-0.4939713143699025,-0.0169805820111644,0.9945333599102504,1.0008979729407566
-0.3,1.0385768076184925,9.700000000000001,-0.49227924390488015,-0.016860840921955226,0.9946303118790984,1.000884640912702
-0.3,1.0385768076184925,9.75,-0.49059914298695445,-0.01674119573451852,0.9947253537520263,1.0008715430759076
-0.3,1.0385768076184925,9.8,-0.4889310006404237,-0.016621673968621478,0.9948185287475738,1.0008586745382315
-0.3,1.0385768076184925,9.850000000000001,-0.48727480319452665,-0.016502302013468324,0.9949098789414155,1.000846030526113
-0.3,1.0385768076184925,9.9,-0.48563053439449055,-0.016383105167472833,0.9949994453015049,1.000833606381357
-0.3,1.0385768076184925,9.950000000000001,-0.48399817550867047,-0.016264107676624447,0.9950872677219772,1.0008213975580034
-0.3,1.0385768076184925,10.0,-0.4823777054319157,-0.016145332771499165,0.9951733850558733,1.0008093996192915
-0.3,1.0385768076184925,10.05,-0.4807691007853033,-0.01602680270296428,0.9952578351467287,1.0007976082347196
-0.3,1.0385768076184925,10.100000000000001,-0.4791723360123628,-0.015908538776624553,0.9953406548590674,1.0007860191771807
-0.3,1.0385768076184925,10.15,-0.47758738347191876,-0.015790561386055328,0.9954218801078432,1.0007746283201897
-0.3,1.0385768076184925,10.200000000000001,-0.4760142135276697,-0.015672890044866616,0.9955015458868736,1.0007634316351874
-0.3,1.0385768076184925,10.25,-0.47445279463462137,-0.015555543417640453,0.9955796862962999,1.0007524251889257
-0.3,1.0385768076184925,10.3,-0.47290309342248016,-0.015438539349782432,0.9956563345691122,1.000741605140929
-0.3,1.0385768076184925,10.350000000000001,-0.47136507477612155,-0.015321894896326505,0.9957315230967801,1.000730967741027
-0.3,1.0385768076184925,10.4,-0.46983870191322674,-0.015205626349730965,0.995805283454011,1.0007205093269618
-0.3,1.0385768076184925,10.450000000000001,-0.4683239364591937,-0.015089749266701941,0.9958776464226791,1.0007102263220615
-0.3,1.0385768076184925,10.5,-0.46682073851941547,-0.014974278494079738,0.9959486420149564,1.0007001152329855
-0.3,1.0385768076184925,10.55,-0.46532906674901664,-0.014859228193821322,0.9960182994956672,1.0006901726475295
-0.3,1.0385768076184925,10.600000000000001,-0.46384887842013744,-0.01474461186711196,0.9960866474039034,1.0006803952324979
-0.3,1.0385768076184925,10.65,-0.46238012948684865,-0.014630442377636992,0.9961537135739237,1.0006707797316359
-0.3,1.0385768076184925,10.700000000000001,-0.4609227746477825,-0.014516731974044043,0.9962195251553645,1.0006613229636194
-0.3,1.0385768076184925,10.75,-0.45947676740655563,-0.0144034923116248,0.9962841086327895,1.000652021820106
-0.3,1.0385768076184925,10.8,-0.45804206013005944,-0.01429073447324399,0.996347489844597,1.0006428732638386
-0.3,1.0385768076184925,10.850000000000001,-0.45661860410469635,-0.01417846898954302,0.9964096940013162,1.0006338743268035
-0.3,1.0385768076184925,10.9,-0.4552063495906274,-0.014066705858443714,0.9964707457033068,1.0006250221084447
-0.3,1.0385768076184925,10.950000000000001,-0.45380524587410104,-0.013955454563977369,0.9965306689578917,1.000616313773921
-0.3,1.0385768076184925,11.0,-0.4524152413179333,-0.013844724094463438,0.9965894871959333,1.0006077465524224
-0.3,1.0385768076184925,11.05,-0.45103628341019475,-0.013734522960060332,0.9966472232878819,1.0005993177355235
-0.3,1.0385768076184925,11.100000000000001,-0.4496683188111773,-0.01362485920971155,0.996703899559319,1.0005910246755971
-0.3,1.0385768076184925,11.15,-0.448311293398687,-0.01351574044750785,0.9967595378059922,1.000582864784255
-0.3,1.0385768076184925,11.200000000000001,-0.4469651523117338,-0.013407173848486685,0.9968141593083895,1.0005748355308481
-0.3,1.0385768076184925,11.25,-0.445629839992663,-0.013299166173888715,0.9968677848458442,1.0005669344410022
-0.3,1.0385768076184925,11.3,-0.44430530022778975,-0.013191723785890428,0.996920434710205,1.00055915909519
-0.3,1.0385768076184925,11.350000000000001,-0.4429914761865813,-0.01308485266183174,0.9969721287190704,1.0005515071273552
-0.3,1.0385768076184925,11.4,-0.44168831045944407,-0.012978558407956095,0.9970228862286208,1.0005439762235637
-0.3,1.0385768076184925,11.450000000000001,-0.4403957450941591,-0.0128728462726804,0.9970727261460454,1.0005365641206947
-0.3,1.0385768076184925,11.5,-0.43911372163101325,-0.012767721159411414,0.9971216669415863,1.0005292686051739
-0.3,1.0385768076184925,11.55,-0.43784218113667184,-0.012663187638924277,0.9971697266602195,1.0005220875117362
-0.3,1.0385768076184925,11.600000000000001,-0.4365810642368358,-0.012559249961318953,0.9972169229329648,1.0005150187222207
-0.3,1.0385768076184925,11.65,-0.43533031114772347,-0.012455912067568959,0.9972632729878645,1.0005080601644072
-0.3,1.0385768076184925,11.700000000000001,-0.43408986170642083,-0.012353177600677041,0.9973087936606204,1.0005012098108768
-0.3,1.0385768076184925,11.75,-0.4328596554001331,-0.012251049916451255,0.997353501404909,1.0004944656779062
-0.3,1.0385768076184925,11.8,-0.431639631394382,-0.012149532093914837,0.99739741230239,1.000487825824395
-0.3,1.0385768076184925,11.850000000000001,-0.43042972856017736,-0.012048626945362717,0.99744054207241,1.0004812883508174
-0.3,1.0385768076184925,11.9,-0.42922988550020486,-0.011948337026076741,0.9974829060814179,1.0004748513982062
-0.3,1.0385768076184925,11.950000000000001,-0.4280400405740568,-0.011848664643711676,0.9975245193520995,1.000468513147164
-0.3,1.0385768076184925,12.0,-0.42686013192254313,-0.011749611867363481,0.9975653965722405,1.000462271816898
-0.3,1.0385768076184925,12.05,-0.425690097491111,-0.011651180536330462,0.9976055521033301,1.0004561256642865
-0.3,1.0385768076184925,12.100000000000001,-0.42452987505240225,-0.01155337226857856,0.9976449999889055,1.0004500729829637
-0.3,1.0385768076184925,12.15,-0.42337940222798154,-0.011456188468920419,0.9976837539626573,1.000444112102436
-0.3,1.0385768076184925,12.200000000000001,-0.42223861650925937,-0.011359630336918511,0.997721827456296,1.0004382413872168
-0.3,1.0385768076184925,12.25,-0.42110745527763627,-0.011263698874521643,0.9977592336071888,1.0004324592359881
-0.3,1.0385768076184925,12.3,-0.4199858558238987,-0.011168394893443985,0.9977959852657751,1.0004267640807805
-0.3,1.0385768076184925,12.350000000000001,-0.4188737553668874,-0.011073719022295776,0.9978320950027687,1.0004211543861807
-0.3,1.0385768076184925,12.4,-0.41777109107146554,-0.010979671713473763,0.9978675751161533,1.0004156286485533
-0.3,1.0385768076184925,12.450000000000001,-0.4166778000658061,-0.010886253249820043,0.997902437637976,1.0004101853952903
-0.3,1.0385768076184925,12.5,-0.41559381945802776,-0.010793463751056906,0.9979366943409463,1.0004048231840736
-0.3,1.0385768076184925,12.55,-0.41451908635219287,-0.010701303180005626,0.9979703567448497,1.000399540602163
-0.3,1.0385768076184925,12.600000000000001,-0.41345353786369893,-0.010609771348596324,0.9980034361227775,1.0003943362656986
-0.3,1.0385768076184925,12.65,-0.4123971111340706,-0.010518867923676128,0.9980359435071814,1.0003892088190232
-0.3,1.0385768076184925,12.700000000000001,-0.4113497433451897,-0.010428592432622587,0.9980678896957603,1.0003841569340237
-0.3,1.0385768076184925,12.75,-0.4103113717329634,-0.010338944268768746,0.9980992852571764,1.0003791793094885
-0.3,1.0385768076184925,12.8,-0.4092819336004643,-0.010249922696646482,0.9981301405366168,1.0003742746704773
-0.3,1.0385768076184925,12.850000000000001,-0.4082613663305541,-0.010161526857054123,0.9981604656612001,1.0003694417677194
-0.3,1.0385768076184925,12.9,-0.40724960739800453,-0.010073755771954384,0.9981902705452289,1.000364679377013
-0.3,1.0385768076184925,12.950000000000001,-0.40624659438114247,-0.009986608349208255,0.9982195648953032,1.0003599862986488
-0.3,1.0385768076184925,13.0,-0.4052522649730248,-0.009900083387150498,0.9982483582152893,1.0003553613568488
-0.3,1.0385768076184925,13.05,-0.4042665569921665,-0.009814179579011996,0.9982766598111543,1.0003508033992143
-0.3,1.0385768076184925,13.100000000000001,-0.4032894083928308,-0.009728895517194136,0.9983044787956663,1.000346311296193
-0.3,1.0385768076184925,13.15,-0.40232075727490424,-0.00964422969740024,0.998331824092969,1.0003418839405553
-0.3,1.0385768076184925,13.200000000000001,-0.40136054189336073,-0.00956018052262875,0.998358704443035,1.0003375202468914
-0.3,1.0385768076184925,13.25,-0.4004087006673357,-0.00947674630703292,0.9983851284059919,1.0003332191511105
-0.3,1.0385768076184925,13.3,-0.3994651721888232,-0.00939392527965133,0.9984111043663367,1.0003289796099633
-0.3,1.0385768076184925,13.350000000000001,-0.39852989523100224,-0.009311715588013737,0.9984366405370382,1.0003248006005685
-0.3,1.0385768076184925,13.4,-0.39760280875621296,-0.00923011530162621,0.9984617449635257,1.0003206811199563
-0.3,1.0385768076184925,13.450000000000001,-0.396683851923589,-0.00914912241533977,0.9984864255275773,1.000316620184623
-0.3,1.0385768076184925,13.5,-0.39577296409635887,-0.009068734852606205,0.9985106899510975,1.0003126168300922
-0.3,1.0385768076184925,13.55,-0.3948700848488291,-0.008988950468625051,0.9985345457998033,1.000308670110494
-0.3,1.0385768076184925,13.600000000000001,-0.3939751539730569,-0.008909767053385143,0.9985580004868084,1.0003047790981479
-0.3,1.0385768076184925,13.65,-0.3930881114852255,-0.008831182334604356,0.9985810612761119,1.000300942883163
-0.3,1.0385768076184925,13.700000000000001,-0.3922088976317296,-0.008753193980570863,0.9986037352860029,1.0002971605730426
-0.3,1.0385768076184925,13.75,-0.3913374528949818,-0.008675799602889075,0.9986260294923675,1.0002934312922995
-0.3,1.0385768076184925,13.8,-0.3904737179989512,-0.008598996759133743,0.9986479507319178,1.000289754182083
-0.3,1.0385768076184925,13.850000000000001,-0.3896176339144386,-0.00852278295541473,0.9986695057053303,1.0002861283998155
-0.3,1.0385768076184925,13.9,-0.38876914186410105,-0.008447155648855896,0.9986907009803121,1.0002825531188344
-0.3,1.0385768076184925,13.950000000000001,-0.3879281833272322,-0.008372112249990633,0.9987115429945802,1.0002790275280473
-0.3,1.0385768076184925,14.0,-0.38709470004430796,-0.008297650125076824,0.9987320380587678,1.0002755508315901
-0.3,1.0385768076184925,14.05,-0.38626863402130235,-0.008223766598333985,0.9987521923592583,1.0002721222485005
-0.3,1.0385768076184925,14.100000000000001,-0.38544992753378604,-0.008150458954105069,0.9987720119609437,1.0002687410123936
-0.3,1.0385768076184925,14.15,-0.3846385231308096,-0.008077724438945298,0.9987915028099179,1.0002654063711478
-0.3,1.0385768076184925,14.200000000000001,-0.3838343636385832,-0.008005560263640696,0.9988106707360961,1.0002621175865984
-0.3,1.0385768076184925,14.25,-0.3830373921639556,-0.007933963605158188,0.9988295214557724,1.000258873934239
-0.3,1.0385768076184925,14.3,-0.38224755209770317,-0.007862931608530022,0.9988480605741149,1.000255674702928
-0.3,1.0385768076184925,14.350000000000001,-0.3814647871176312,-0.007792461388674176,0.9988662935875919,1.0002525191946052
-0.3,1.0385768076184925,14.4,-0.38068904119149843,-0.007722550032153106,0.9988842258863462,1.0002494067240124
-0.3,1.0385768076184925,14.450000000000001,-0.37992025857976586,-0.007653194598872824,0.9989018627565032,1.0002463366184233
-0.3,1.0385768076184925,14.5,-0.37915838383817957,-0.007584392123724086,0.9989192093824237,1.0002433082173754
-0.3,1.0385768076184925,14.55,-0.3784033618201933,-0.00751613961816779,0.9989362708489073,1.0002403208724169
-0.3,1.0385768076184925,14.600000000000001,-0.3776551376792307,-0.007448434071766226,0.9989530521433336,1.0002373739468484
-0.3,1.0385768076184925,14.65,-0.3769136568708033,-0.007381272453661986,0.9989695581577531,1.000234466815481
-0.3,1.0385768076184925,14.700000000000001,-0.37617886515447485,-0.007314651714006227,0.9989857936909313,1.0002315988643926
-0.3,1.0385768076184925,14.75,-0.3754507085956944,-0.007248568785337974,0.999001763450338,1.0002287694906942
-0.3,1.0385768076184925,14.8,-0.37472913356748494,-0.007183020583915946,0.9990174720540919,1.0002259781023006
-0.3,1.0385768076184925,14.850000000000001,-0.3740140867520078,-0.007118004011004503,0.9990329240328555,1.0002232241177071
-0.3,1.0385768076184925,14.9,-0.373305515141997,-0.007053515954115211,0.9990481238316867,1.0002205069657688
-0.3,1.0385768076184925,14.950000000000001,-0.37260336604207156,-0.006989553288205379,0.9990630758118448,1.0002178260854888
-0.3,1.0385768076184925,15.0,-0.3719075870699333,-0.006926112876834991,0.9990777842525534,1.0002151809258069
-0.3,1.0385768076184925,15.05,-0.3712181261574478,-0.0068631915732834895,0.999092253352722,1.0002125709454006
-0.3,1.0385768076184925,15.100000000000001,-0.370534931551616,-0.0068007862216274036,0.9991064872326246,1.000209995612481
-0.3,1.0385768076184925,15.15,-0.36985795181544323,-0.00673889365778044,0.9991204899355434,1.0002074544046025
-0.3,1.0385768076184925,15.200000000000001,-0.369187135828702,-0.006677510710496937,0.9991342654293657,1.0002049468084684
-0.3,1.0385768076184925,15.25,-0.3685224327885985,-0.006616634202340062,0.9991478176081521,1.0002024723197498
-0.3,1.0385768076184925,15.3,-0.36786379221034593,-0.006556260950615785,0.9991611502936643,1.0002000304429017
-0.3,1.0385768076184925,15.350000000000001,-0.3672111639276421,-0.006496387768273709,0.999174267236849,1.0001976206909864
-0.3,1.0385768076184925,15.4,-0.36656449809306274,-0.0064370114647759194,0.9991871721193063,1.0001952425855003
-0.3,1.0385768076184925,15.450000000000001,-0.3659237451783673,-0.00637812884693472,0.9991998685547027,1.0001928956562052
-0.3,1.0385768076184925,15.5,-0.3652888559747239,-0.0063197367197204,0.9992123600901678,1.0001905794409631
-0.3,1.0385768076184925,15.55,-0.36465978159285356,-0.006261831887039925,0.9992246502076493,1.0001882934855726
-0.3,1.0385768076184925,15.600000000000001,-0.3640364734631012,-0.006204411152487456,0.9992367423252385,1.0001860373436144
-0.3,1.0385768076184925,15.65,-0.3634188833354293,-0.006147471320067592,0.9992486397984707,1.0001838105762957
-0.3,1.0385768076184925,15.700000000000001,-0.36280696327934414,-0.006091009194892316,0.999260345921586,1.0001816127522964
-0.3,1.0385768076184925,15.75,-0.362200665683751,-0.0060350215838523135,0.9992718639287744,1.000179443447627
-0.3,1.0385768076184925,15.8,-0.3615999432567448,-0.005979505296263612,0.9992831969953786,1.0001773022454785
-0.3,1.0385768076184925,15.850000000000001,-0.3610047490253386,-0.005924457144490295,0.9992943482390796,1.0001751887360875
-0.3,1.0385768076184925,15.9,-0.36041503633512795,-0.0058698739445439685,0.9993053207210528,1.0001731025165943
-0.3,1.0385768076184925,15.950000000000001,-0.35983075884989985,-0.005815752516660842,0.9993161174470947,1.0001710431909088
-0.3,1.0385768076184925,16.0,-0.3592518705511819,-0.005762089685857127,0.9993267413687273,1.0001690103695795
-0.3,1.0385768076184925,16.05,-0.35867832573773994,-0.005708882282463236,0.9993371953842819,1.000167003669665
-0.3,1.0385768076184925,16.1,-0.3581100790250205,-0.005656127142637835,0.9993474823399492,1.0001650227146068
-0.3,1.0385768076184925,16.150000000000002,-0.35754708534454566,-0.005603821108861982,0.9993576050308133,1.0001630671341077
-0.3,1.0385768076184925,16.2,-0.35698929994325623,-0.005551961030414305,0.9993675662018598,1.0001611365640097
-0.3,1.0385768076184925,16.25,-0.3564366783828108,-0.00550054376382758,0.9993773685489623,1.0001592306461764
-0.3,1.0385768076184925,16.3,-0.35588917653883845,-0.005449566173327539,0.9993870147198497,1.0001573490283797
-0.3,1.0385768076184925,16.35,-0.35534675060014925,-0.005399025131254216,0.9993965073150449,1.000155491364183
-0.3,1.0385768076184925,16.400000000000002,-0.3548093570679026,-0.005348917518466609,0.9994058488887926,1.0001536573128365
-0.3,1.0385768076184925,16.45,-0.35427695275473653,-0.005299240224731028,0.9994150419499584,1.000151846539163
-0.3,1.0385768076184925,16.5,-0.3537494947838581,-0.005249990149093753,0.9994240889629135,1.0001500587134582
-0.3,1.0385768076184925,16.55,-0.35322694058809745,-0.005201164200238445,0.9994329923483982,1.0001482935113817
-0.3,1.0385768076184925,16.6,-0.3527092479089274,-0.005152759296828811,0.9994417544843669,1.000146550613862
-0.3,1.0385768076184925,16.650000000000002,-0.3521963747954475,-0.005104772367836977,0.9994503777068131,1.0001448297069917
-0.3,1.0385768076184925,16.7,-0.3516882796033389,-0.00505720035285805,0.999458864310582,1.0001431304819346
-0.3,1.0385768076184925,16.75,-0.35118492099378507,-0.0050100402024112825,0.9994672165501591,1.00014145263483
-0.3,1.0385768076184925,16.8,-0.35068625793236485,-0.004963288878228291,0.9994754366404446,1.0001397958667
-0.3,1.0385768076184925,16.85,-0.3501922496879171,-0.004916943353528711,0.9994835267575144,1.0001381598833567
-0.3,1.0385768076184925,16.900000000000002,-0.3497028558313779,-0.004871000613283713,0.9994914890393569,1.0001365443953174
-0.3,1.0385768076184925,16.95,-0.34921803623459136,-0.004825457654467743,0.999499325586605,1.0001349491177138
-0.3,1.0385768076184925,17.0,-0.34873775106909755,-0.004780311486298889,0.9995070384632411,1.0001333737702098
-0.3,1.0385768076184925,17.05,-0.3482619608048958,-0.004735559130468225,0.9995146296972963,1.0001318180769165
-0.3,1.0385768076184925,17.1,-0.3477906262091846,-0.00469119762135848,0.9995221012815307,1.0001302817663105
-0.3,1.0385768076184925,17.150000000000002,-0.3473237083450817,-0.004647224006252336,0.9995294551740975,1.0001287645711547
-0.3,1.0385768076184925,17.2,-0.34686116857032373,-0.004603635345530808,0.9995366932992004,1.000127266228421
-0.3,1.0385768076184925,17.25,-0.3464029685359463,-0.004560428712861853,0.9995438175477267,1.000125786479212
-0.3,1.0385768076184925,17.3,-0.3459490701849443,-0.004517601195379684,0.9995508297778781,1.0001243250686864
-0.3,1.0385768076184925,17.35,-0.3454994357509171,-0.00447514989385494,0.9995577318157796,1.0001228817459866
-0.3,1.0385768076184925,17.400000000000002,-0.3450540277566965,-0.004433071922856143,0.9995645254560818,1.0001214562641667
-0.3,1.0385768076184925,17.45,-0.3446128090129575,-0.004391364410902594,0.9995712124625452,1.0001200483801191
-0.3,1.0385768076184925,17.5,-0.34417574261681566,-0.0043500245006090595,0.9995777945686206,1.0001186578545112
-0.3,1.0385768076184925,17.55,-0.34374279195041163,-0.004309049348822573,0.9995842734780076,1.0001172844517132
-0.3,1.0385768076184925,17.6,-0.343313920679479,-0.004268436126751409,0.9995906508652069,1.0001159279397314
-0.3,1.0385768076184925,17.650000000000002,-0.34288909275190305,-0.004228182020086673,0.9995969283760644,1.0001145880901492
-0.3,1.0385768076184925,17.7,-0.3424682723962666,-0.004188284229116666,0.9996031076282984,1.0001132646780562
-0.3,1.0385768076184925,17.75,-0.3420514241203837,-0.004148739968834279,0.999609190212016,1.000111957481992
-0.3,1.0385768076184925,17.8,-0.34163851270982487,-0.0041095464690375835,0.9996151776902258,1.0001106662838815
-0.3,1.0385768076184925,17.85,-0.3412295032264317,-0.004070700974423939,0.999621071599333,1.0001093908689764
-0.3,1.0385768076184925,17.900000000000002,-0.34082436100682245,-0.004032200744677776,0.9996268734496255,1.0001081310257978
-0.3,1.0385768076184925,17.95,-0.34042305166088943,-0.003994043054552195,0.9996325847257567,1.0001068865460765
-0.3,1.0385768076184925,18.0,-0.34002554107028876,-0.003956225193944742,0.999638206887209,1.0001056572246994
-0.3,1.0385768076184925,18.05,-0.3396317953869221,-0.003918744467967383,0.9996437413687544,1.0001044428596526
-0.3,1.0385768076184925,18.1,-0.3392417810314122,-0.003881598197010973,0.9996491895809037,1.0001032432519668
-0.3,1.0385768076184925,18.150000000000002,-0.3388554646915737,-0.003844783716804411,0.9996545529103498,1.0001020582056683
-0.3,1.0385768076184925,18.2,-0.3384728133208755,-0.003808298378468506,0.9996598327203943,1.0001008875277229
-0.3,1.0385768076184925,18.25,-0.3380937941369005,-0.0037721395485649564,0.9996650303513751,1.0000997310279858
-0.3,1.0385768076184925,18.3,-0.3377183746197986,-0.0037363046091404397,0.9996701471210813,1.000098588519155
-0.3,1.0385768076184925,18.35,-0.3373465225107382,-0.00370079095776597,0.9996751843251552,1.0000974598167185
-0.3,1.0385768076184925,18.400000000000002,-0.33697820581035137,-0.003665596007571836,0.9996801432374958,1.000096344738908
-0.3,1.0385768076184925,18.45,-0.3366133927771774,-0.0036307171872780935,0.9996850251106476,1.0000952431066548
-0.3,1.0385768076184925,18.5,-0.3362520519261023,-0.0035961519412208045,0.9996898311761836,1.0000941547435367
-0.3,1.0385768076184925,18.55,-0.33589415202679773,-0.003561897729374298,0.9996945626450797,1.000093079475741
-0.3,1.0385768076184925,18.6,-0.3355396621021556,-0.0035279520273693585,0.9996992207080859,1.000092017132015
-0.3,1.0385768076184925,18.650000000000002,-0.3351885514267222,-0.003494312326507704,0.9997038065360854,1.0000909675436243
-0.3,1.0385768076184925,18.7,-0.33484078952513197,-0.003460976133772722,0.999708321280445,1.000089930544311
-0.3,1.0385768076184925,18.75,-0.3344963461705379,-0.0034279409718366355,0.9997127660733703,1.0000889059702511
-0.3,1.0385768076184925,18.8,-0.33415519138304417,-0.003395204379064295,0.9997171420282382,1.0000878936600122
-0.3,1.0385768076184925,18.85,-0.3338172954281358,-0.003362763909513566,0.9997214502399343,1.0000868934545166
-0.3,1.0385768076184925,18.900000000000002,-0.33348262881511104,-0.003330617132932624,0.9997256917851798,1.0000859051970004
-0.3,1.0385768076184925,18.95,-0.3331511622955121,-0.003298761634754014,0.9997298677228516,1.000084928732973
-0.3,1.0385768076184925,19.0,-0.3328228668615568,-0.003267195016085847,0.9997339790942976,1.000083963910183
-0.3,1.0385768076184925,19.05,-0.33249771374457326,-0.0032359148937000553,0.9997380269236456,1.0000830105785776
-0.3,1.0385768076184925,19.1,-0.3321756744134329,-0.0032049189000178777,0.9997420122181068,1.0000820685902694
-0.3,1.0385768076184925,19.150000000000002,-0.3318567205729869,-0.0031742046830926596,0.9997459359682684,1.0000811377994976
-0.3,1.0385768076184925,19.200000000000003,-0.3315408241625039,-0.0031437699065900754,0.9997497991483922,1.000080218062594
-0.3,1.0385768076184925,19.25,-0.3312279573541105,-0.00311361224976585,0.9997536027166952,1.0000793092379516
-0.3,1.0385768076184925,19.3,-0.3309180925512315,-0.0030837294074410513,0.9997573476156295,1.000078411185985
-0.3,1.0385768076184925,19.35,-0.33061120238703723,-0.0030541190899751407,0.9997610347721609,1.0000775237691018
-0.3,1.0385768076184925,19.400000000000002,-0.3303072597228884,-0.0030247790232366773,0.9997646650980373,1.000076646851669
-0.3,1.0385768076184925,19.450000000000003,-0.33000623764678844,-0.002995706948571966,0.9997682394900509,1.000075780299981
-0.3,1.0385768076184925,19.5,-0.32970810947183654,-0.0029669006227715945,0.9997717588303026,1.0000749239822275
-0.3,1.0385768076184925,19.55,-0.32941284873468407,-0.0029383578180349305,0.9997752239864524,1.0000740777684651
-0.3,1.0385768076184925,19.6,-0.32912042919399626,-0.0029100763219328065,0.9997786358119721,1.0000732415305829
-0.3,1.0385768076184925,19.650000000000002,-0.3288308248289165,-0.002882053937368233,0.9997819951463894,1.0000724151422786
-0.3,1.0385768076184925,19.700000000000003,-0.3285440098375344,-0.002854288482535425,0.9997853028155309,1.000071598479024
-0.3,1.0385768076184925,19.75,-0.32825995863535823,-0.002826777790877042,0.9997885596317548,1.0000707914180411
-0.3,1.0385768076184925,19.8,-0.32797864585379366,-0.0027995197110398484,0.9997917663941858,1.0000699938382709
-0.3,1.0385768076184925,19.85,-0.3277000463386232,-0.002772512106828752,0.999794923888941,1.000069205620346
-0.3,1.0385768076184925,19.900000000000002,-0.3274241351484939,-0.0027457528571593376,0.9997980328893548,1.000068426646567
-0.3,1.0385768076184925,19.950000000000003,-0.32715088755340704,-0.0027192398560089257,0.9998010941561962,1.0000676568008726
-0.3,1.0385768076184925,20.0,-0.3268802790332158,-0.0026929710123662466,0.9998041084378859,1.0000668959688146
-0.3,1.0385768076184925,20.1,-0.3263468821771984,-0.0026411575083047103,0.9998099989790079,1.0000654008957282
-0.3,1.0385768076184925,20.28615468146082,-0.3253811407857627,-0.0025472272212016898,0.9998204913096304,1.0000627095647892
-0.3,1.0385768076184925,20.47403342090323,-0.3244413037224168,-0.0024556662798600913,0.9998304868310811,1.0000601097442383
-0.3,1.0385768076184925,20.663652185564246,-0.3235270394443667,-0.0023664516418274236,0.9998400046071791,1.0000575990206992
-0.3,1.0385768076184925,20.855027090560313,-0.32263800877742166,-0.0022795592574134747,0.9998490631741628,1.000055175026694
-0.3,1.0385768076184925,21.04817440025684,-0.3217738652753218,-0.002194964106265832,0.9998576805480037,1.0000528354398872
-0.3,1.0385768076184925,21.243110529650455,-0.3209342555843264,-0.0021126402343845468,0.9998658742317752,1.0000505779823594
-0.3,1.0385768076184925,21.439852045764102,-0.3201188198126423,-0.002032560791558955,0.9998736612230799,1.0000484004199015
-0.3,1.0385768076184925,21.638415669054964,-0.3193271919042482,-0.0019546980692069014,0.9998810580215384,1.0000463005613358
-0.3,1.0385768076184925,21.83881827483555,-0.3185590000166384,-0.0018790235385942094,0.9998880806363343,1.0000442762578496
-0.3,1.0385768076184925,22.04107689470784,-0.3178138669019951,-0.0018055078894096109,0.9998947445938311,1.0000423254023665
-0.3,1.0385768076184925,22.245208718010712,-0.3170914102912825,-0.0017341210686678578,0.9999010649452461,1.0000404459289205
-0.3,1.0385768076184925,22.4512310932809,-0.316391243280737,-0.0016648323199112912,0.9999070562743895,1.0000386358120659
-0.3,1.0385768076184925,22.659161529727328,-0.31571297472023063,-0.001597610222677686,0.9999127327054701,1.0000368930662968
-0.3,1.0385768076184925,22.86901769871915,-0.31505620960297176,-0.0015324227321998629,0.9999181079109636,1.0000352157454944
-0.3,1.0385768076184925,23.080817435287667,-0.31442054945600706,-0.0014692372193001743,0.9999231951195383,1.0000336019423837
-0.3,1.0385768076184925,23.294578739641963,-0.3138055927309935,-0.0014080205104409506,0.9999280071240476,1.000032049788017
-0.3,1.0385768076184925,23.510319778698783,-0.31321093519469956,-0.0013487389278896455,0.9999325562895742,1.0000305574512676
-0.3,1.0385768076184925,23.72805888762644,-0.31263617031869906,-0.0012913583299556898,0.9999368545615347,1.0000291231383445
-0.3,1.0385768076184925,23.947814571403043,-0.31208088966771935,-0.0012358441512539153,0.9999409134738281,1.0000277450923187
-0.3,1.0385768076184925,24.169605506389228,-0.3115446832860941,-0.0011821614429478912,0.9999447441570435,1.0000264215926686
-0.3,1.0385768076184925,24.39345054191539,-0.31102714008177695,-0.0011302749129248318,0.9999483573467013,1.0000251509548355
-0.3,1.0385768076184925,24.619368701883577,-0.3105278482073535,-0.001080148965852271,0.999951763391543,1.0000239315297927
-0.3,1.0385768076184925,24.847379186384366,-0.31004639543749574,-0.0010317477430654277,0.9999549722618502,1.0000227617036308
-0.3,1.0385768076184925,25.077501373328523,-0.3095823695422861,-0.000985035162233175,0.9999579935577935,1.0000216398971464
-0.3,1.0385768076184925,25.30975482009396,-0.30913535865584524,-0.0009399749567494469,0.9999608365178124,1.00002056456545
-0.3,1.0385768076184925,25.544159265187808,-0.30870495163969386,-0.000896530714796398,0.9999635100270068,1.0000195341975773
-0.3,1.0385768076184925,25.780734629923902,-0.30829073844027816,-0.0008546659180248531,0.9999660226255445,1.0000185473161103
-0.3,1.0385768076184925,26.019501020115914,-0.30789231044010734,-0.0008143439797974502,0.9999683825170748,1.000017602476809
-0.3,1.0385768076184925,26.260478727786037,-0.3075092608019517,-0.0007755282829397739,0.9999705975771412,1.000016698268247
-0.3,1.0385768076184925,26.503688232889502,-0.30714118480557406,-0.0007381822169446795,0.999972675361594,1.0000158333114548
-0.3,1.0385768076184925,26.74915020505521,-0.3067876801764807,-0.0007022692145755043,0.9999746231149741,1.0000150062595652
-0.3,1.0385768076184925,26.99688550534226,-0.3064483474062105,-0.0006677527878143857,0.9999764477788954,1.0000142157974696
-0.3,1.0385768076184925,27.246915188012967,-0.3061227900636902,-0.0006345965631024976,0.9999781560003865,1.000013460641469
-0.3,1.0385768076184925,27.499260502322162,-0.3058106150972242,-0.0006027643158201913,0.999979754140204,1.0000127395389369
-0.3,1.0385768076184925,27.753942894323053,-0.3055114331267057,-0.0005722200039560608,0.999981248281098,1.0000120512679755
-0.3,1.0385768076184925,28.010984008689945,-0.3052248587256631,-0.0005429278009153627,0.9999826442360397,1.0000113946370817
-0.3,1.0385768076184925,28.270405690557713,-0.3049505106927841,-0.000514852127419943,0.9999839475563806,1.0000107684848072
-0.3,1.0385768076184925,28.532229987378305,-0.3046880123125796,-0.0004879576824534382,0.9999851635399551,1.0000101716794176
-0.3,1.0385768076184925,28.79647915079459,-0.30443699160488036,-0.0004622094732076789,0.9999862972391127,1.0000096031185604
-0.3,1.0385768076184925,29.063175638531384,-0.30419708156287667,-0.00043757284398834097,0.9999873534686728,1.0000090617289188
-0.3,1.0385768076184925,29.332342116304055,-0.3039679203794367,-0.0004140135040402481,0.9999883368137922,1.0000085464658721
-0.3,1.0385768076184925,29.604001459744886,-0.30374915166146654,-0.00039149755425528694,0.9999892516377453,1.0000080563131517
-0.3,1.0385768076184925,29.8781767563471,-0.30354042463209135,-0.00036999151272861674,0.9999901020896059,1.0000075902824903
-0.3,1.0385768076184925,30.154891307427096,-0.3033413943204735,-0.0003494623391315897,0.9999908921118241,1.0000071474132735
-0.3,1.0385768076184925,30.43416863010471,-0.30315172173910004,-0.0003298774578729965,0.9999916254476993,1.0000067267721848
-0.3,1.0385768076184925,30.716032459301825,-0.3029710740484101,-0.00031120478002299876,0.999992305648728,1.0000063274528437
-0.3,1.0385768076184925,31.00050674975963,-0.30279912470865844,-0.0002934127239776712,0.9999929360818376,1.000005948575444
-0.3,1.0385768076184925,31.287615678074335,-0.3026355536189473,-0.0002764702348451558,0.9999935199364928,1.000005589286383
-0.3,1.0385768076184925,31.577383644751972,-0.3024800472433938,-0.0002603468025378142,0.9999940602316684,1.0000052487578885
-0.3,1.0385768076184925,31.869835276282085,-0.3023322987244322,-0.00024501247855824085,0.999994559822689,1.000004926187642
-0.3,1.0385768076184925,32.16499542723059,-0.30219200798328827,-0.00023043789147047825,0.9999950214079234,1.0000046207983868
-0.3,1.0385768076184925,32.462889182352235,-0.3020588818077044,-0.000216594261051156,0.9999954475353404,1.0000043318375473
-0.3,1.0385768076184925,32.763541858722334,-0.30193263392701497,-0.0002034534111189568,0.9999958406089112,1.000004058576824
-0.3,1.0385768076184925,33.06697900788844,-0.30181298507472387,-0.0001909877810440711,0.9999962028948659,1.0000038003117997
-0.3,1.0385768076184925,33.373226418041924,-0.30169966303875206,-0.00017917043594307424,0.9999965365277866,1.0000035563615266
-0.3,1.0385768076184925,33.68231011620963,-0.30159240269956133,-0.0001679750755677265,0.9999968435165542,1.0000033260681198
-0.3,1.0385768076184925,33.99425637046573,-0.3014909460563882,-0.0001573760418999335,0.9999971257501259,1.0000031087963337
-0.3,1.0385768076184925,34.30909169216431,-0.3013950422418417,-0.00014734832546812088,0.99999738500316,1.0000029039331442
-0.3,1.0385768076184925,34.62684283819243,-0.30130444752514846,-0.0001378675704036337,0.999997622941469,1.0000027108873168
-0.3,1.0385768076184925,34.94753681324406,-0.30121892530434485,-0.0001289100782588582,0.9999978411273195,1.0000025290889791
-0.3,1.0385768076184925,35.2712008721152,-0.3011382460877359,-0.0001204528106117358,0.9999980410245533,1.0000023579891797
-0.3,1.0385768076184925,35.597862522020144,-0.3010621874649607,-0.00011247339048422025,0.9999982240035585,1.000002197059448
-0.3,1.0385768076184925,35.927549524929255,-0.3009905340680166,-0.00010495010260496674,0.9999983913460656,1.0000020457913532
-0.3,1.0385768076184925,36.26028989992831,-0.30092307752261227,-9.78618925490948e-05,0.9999985442497791,1.0000019036960517
-0.3,1.0385768076184925,36.59611192559986,-0.3008596163902335,-9.11883647903047e-05,0.9999986838328508,1.0000017703038393
-0.3,1.0385768076184925,36.93504414242648,-0.3007999561013213,-8.49097797028421e-05,0.9999988111381825,1.000001645163695
-0.3,1.0385768076184925,37.27711535521626,-0.3007439088799683,-7.900704955295085e-05,0.9999989271375694,1.0000015278428298
-0.3,1.0385768076184925,37.62235463555102,-0.300691293660564,-7.346173352118088e-05,0.9999990327356865,1.0000014179262227
-0.3,1.0385768076184925,37.97079132425686,-0.3006419359968182,-6.825603179880712e-05,0.9999991287739067,1.0000013150161688
-0.3,1.0385768076184925,38.32245503389777,-0.3005956679636118,-6.337277880293818e-05,0.9999992160339732,1.0000012187318177
-0.3,1.0385768076184925,38.67737565129239,-0.3005523280521298,-5.8795435556306336e-05,0.9999992952415084,1.0000011287087118
-0.3,1.0385768076184925,39.03558334005395,-0.3005117610587379,-5.4508081278776265e-05,0.9999993670693751,1.0000010445983316
-0.3,1.0385768076184925,39.3971085431537,-0.3004738179680755,-5.04954042384954e-05,0.9999994321408883,1.0000009660676337
-0.3,1.0385768076184925,39.761981985508335,-0.30043835583083434,-4.674269191137496e-05,0.9999994910328786,1.000000892798597
-0.3,1.0385768076184925,40.1302346765911,-0.30040523763669963,-4.323582049796164e-05,0.9999995442786157,1.0000008244877665
-0.3,1.0385768076184925,40.50189791306716,-0.3003743321829279,-3.996124384723155e-05,0.9999995923705878,1.0000007608458001
-0.3,1.0385768076184925,40.87700328145351,-0.30034551393903264,-3.6905981836715324e-05,0.9999996357631511,1.0000007015970205
-0.3,1.0385768076184925,41.25558266080338,-0.3003186629080423,-3.405760825855973e-05,0.9999996748750379,1.0000006464789664
-0.3,1.0385768076184925,41.63766822541544,-0.3002936644847911,-3.140423826055784e-05,0.9999997100917454,1.000000595241954
-0.3,1.0385768076184925,42.02329244756837,-0.30027040931168997,-2.8934515390985794e-05,0.9999997417677906,1.000000547648636
-0.3,1.0385768076184925,42.41248810028041,-0.30024879313241465,-2.663759829532252e-05,0.999999770228851,1.0000005034735693
-0.3,1.0385768076184925,42.80528826009479,-0.3002287166439377,-2.450314711220295e-05,0.9999997957737834,1.0000004625027872
-0.3,1.0385768076184925,43.20172630989064,-0.3002100853473125,-2.252130961501041e-05,0.9999998186765335,1.0000004245333791
-0.3,1.0385768076184925,43.60183594172025,-0.30019280939760645,-2.068270714444623e-05,0.9999998391879305,1.0000003893730711
-0.3,1.0385768076184925,44.00565115967241,-0.300176803453363,-1.8978420376181998e-05,0.9999998575373846,1.0000003568398186
-0.3,1.0385768076184925,44.413206282762204,-0.3001619865259559,-1.739997496640535e-05,0.9999998739344775,1.0000003267614064
-0.3,1.0385768076184925,44.824535947847835,-0.3001482818291851,-1.5939327116570564e-05,0.9999998885704572,1.000000298975048
-0.3,1.0385768076184925,45.23967511257426,-0.3001356166294448,-1.4588849097158197e-05,0.999999901619644,1.0000002733270041
-0.3,1.0385768076184925,45.65865905834403,-0.30012392209677813,-1.3341314768567334e-05,0.9999999132407406,1.0000002496721991
-0.3,1.0385768076184925,46.081523393315884,-0.3001131331571189,-1.2189885135589731e-05,0.999999923578066,1.0000002278738498
-0.3,1.0385768076184925,46.50830405543093,-0.30010318834600436,-1.1128093970057161e-05,0.9999999327627029,1.0000002078031063
-0.3,1.0385768076184925,46.93903731546684,-0.30009402966402215,-1.014983353444379e-05,0.9999999409135688,1.0000001893386943
-0.3,1.0385768076184925,47.37375978012049,-0.30008560243424526,-9.249340437322757e-06,0.9999999481384162,1.0000001723665712
-0.3,1.0385768076184925,47.81250839511901,-0.3000778551618895,-8.421181649582398e-06,0.9999999545347629,1.0000001567795902
-0.3,1.0385768076184925,48.25532044835962,-0.30007073939640866,-7.660240708404614e-06,0.9999999601907558,1.0000001424771743
-0.3,1.0385768076184925,48.70223357307873,-0.300064209596233,-6.961704134000048e-06,0.9999999651859705,1.000000129364997
-0.3,1.0385768076184925,49.15328575105025,-0.30005822299633167,-6.321048082121745e-06,0.9999999695921606,1.000000117354676
-0.3,1.0385768076184925,49.608515315813406,-0.30005273947877015,-5.734025253401258e-06,0.9999999734739411,1.000000106363475
-0.3,1.0385768076184925,50.067960955930815,-0.30004772144640995,-5.196652078606423e-06,0.9999999768894249,1.0000000963140125
-0.3,1.0385768076184925,50.5316617182763,-0.3000431336998876,-4.705196196929667e-06,0.999999979890812,1.0000000871339885
-0.3,1.0385768076184925,50.99965701135351,-0.3000389433179831,-4.256164242581067e-06,0.9999999825249302,1.0000000787559087
-0.3,1.0385768076184925,51.47198660864504,-0.3000351195414817,-3.84628995300028e-06,0.9999999848337326,1.0000000711168284
-0.3,1.0385768076184925,51.9486906519927,-0.3000316336606053,-3.4725226102557737e-06,0.9999999868547548,1.0000000641581022
-0.3,1.0385768076184925,52.429809655009066,-0.30002845890608026,-3.1320158253725585e-06,0.9999999886215378,1.0000000578251427
-0.3,1.0385768076184925,52.91538450652049,-0.30002557034388716,-2.8221166736401895e-06,0.999999990164012,1.0000000520671892
-0.3,1.0385768076184925,53.40545647404229,-0.3000229447737269,-2.5403551872651396e-06,0.999999991508849,1.000000046837089
-0.3,1.0385768076184925,53.90006720728585,-0.30002056063121635,-2.284434210212199e-06,0.9999999926797846,1.0000000420910797
-0.3,1.0385768076184925,54.39925874169825,-0.30001839789382007,-2.0522196184532277e-06,0.9999999936979121,1.0000000377885903
-0.3,1.0385768076184925,54.90307350203484,-0.3000164379905039,-1.841730907556879e-06,0.9999999945819529,1.0000000338920447
-0.3,1.0385768076184925,55.41155430596479,-0.30001466371509117,-1.651132148019141e-06,0.9999999953484984,1.000000030366679
-0.3,1.0385768076184925,55.924744367709856,-0.3000130591432839,-1.478723307592061e-06,0.9999999960122296,1.000000027180359
-0.3,1.0385768076184925,56.442687301717264,-0.30001160955330913,-1.3229319386096895e-06,0.9999999965861235,1.0000000243034166
-0.3,1.0385768076184925,56.96542712636624,-0.3000103013501363,-1.182305227167401e-06,0.9999999970816285,1.0000000217084906
-0.3,1.0385768076184925,57.493008267708944,-0.3000091219932038,-1.0555024000516378e-06,0.9999999975088342,1.0000000193703673
-0.3,1.0385768076184925,58.02547556324627,-0.30000805992759105,-9.412874843006515e-07,0.9999999978766182,1.000000017265845
-0.3,1.0385768076184925,58.562874265738245,-0.30000710451855894,-8.385224134402123e-07,0.9999999981927801,1.0000000153735908
-0.3,1.0385768076184925,59.10525004705015,-0.30000624598938386,-7.461604736544116e-07,0.9999999984641612,1.0000000136740128
-0.3,1.0385768076184925,59.65264900203377,-0.30000547536240063,-6.632400824360344e-07,0.9999999986967559,1.0000000121491395
-0.3,1.0385768076184925,60.2051176524451,-0.3000047844031693,-5.888788916615056e-07,0.9999999988958062,1.0000000107825022
-0.3,1.0385768076184925,60.76270295089797,-0.300004165567675,-5.222682064405078e-07,0.9999999990658894,1.0000000095590278
-0.3,1.0385768076184925,61.325452284854336,-0.3000036119524691,-4.626677107016474e-07,0.9999999992109975,1.0000000084649323
-0.3,1.0385768076184925,61.89341348065174,-0.3000031172476581,-4.094004899532056e-07,0.999999999334605,1.0000000074876318
-0.3,1.0385768076184925,62.466634807567864,-0.3000026756926415,-3.618483414580426e-07,0.9999999994397328,1.0000000066156425
-0.3,1.0385768076184925,63.0451649819227,-0.30000228203450313,-3.1944736171676714e-07,0.999999999529002,1.0000000058385057
-0.3,1.0385768076184925,63.629053171218956,-0.3000019314889542,-2.816838009587826e-07,0.9999999996046831,1.000000005146699
-0.3,1.0385768076184925,64.21834899832058,-0.30000161970372896,-2.4809017422605715e-07,0.9999999996687415,1.0000000045315702
-0.3,1.0385768076184925,64.81310254566993,-0.30000134272433077,-2.1824161851555104e-07,0.9999999997228735,1.0000000039852608
-0.3,1.0385768076184925,65.4133643595444,-0.30000109696202737,-1.91752485464758e-07,0.9999999997685428,1.0000000035006453
-0.3,1.0385768076184925,66.01918545435197,-0.30000087916399376,-1.6827315899904432e-07,0.9999999998070076,1.0000000030712706
-0.3,1.0385768076184925,66.63061731696679,-0.3000006863854999,-1.4748708749525148e-07,0.9999999998393508,1.0000000026912985
-0.3,1.0385768076184925,67.24771191110499,-0.3000005159640438,-1.2910802007335468e-07,0.9999999998665002,1.0000000023554538
-0.3,1.0385768076184925,67.87052168174088,-0.3000003654953281,-1.1287743677557733e-07,0.9999999998892517,1.000000002058976
-0.3,1.0385768076184925,68.49909955956402,-0.30000023281098165,-9.856216257077331e-08,0.999999999908284,1.0000000017975752
-0.3,1.0385768076184925,69.13349896547759,-0.30000011595793125,-8.595215531641464e-08,0.9999999999241781,1.0000000015673887
-0.3,1.0385768076184925,69.77377381513884,-0.30000001317932284,-7.485845806641785e-08,0.999999999937428,1.0000000013649466
-0.3,1.0385768076184925,70.41997852354069,-0.2999999228969064,-6.511130626736054e-08,0.9999999999484542,1.0000000011871302
-0.3,1.0385768076184925,71.0721680096366,-0.2999998436947881,-5.655838085203383e-08,0.9999999999576132,1.0000000010311454
-0.3,1.0385768076184925,71.73039770100793,-0.2999997743044672,-4.906319831588719e-08,0.9999999999652079,1.00000000089449
-0.3,1.0385768076184925,72.39472353857458,-0.2999997135910712,-4.250362927108502e-08,0.9999999999714934,1.000000000774924
-0.3,1.0385768076184925,73.06520198134909,-0.29999966054071037,-3.677053735498645e-08,0.9999999999766868,1.00000000067045
-0.3,1.0385768076184925,73.74189001123509,-0.2999996142488753,-3.176653051837492e-08,0.9999999999809693,1.000000000579284
-0.3,1.0385768076184925,74.42484513786997,-0.2999995739098043,-2.7404817217875384e-08,0.9999999999844938,1.0000000004998377
-0.3,1.0385768076184925,75.11412540351232,-0.2999995388067511,-2.3608160278981485e-08,0.9999999999873898,1.0000000004306995
-0.3,1.0385768076184925,75.80978938797494,-0.2999995083030894,-2.030792156034292e-08,0.999999999989764,1.0000000003706133
-0.3,1.0385768076184925,76.51189621360336,-0.2999994818341936,-1.7443190880846728e-08,0.999999999991707,1.0000000003184673
-0.3,1.0385768076184925,77.22050555030022,-0.29999945890003527,-1.4959993021746235e-08,0.9999999999932941,1.0000000002732745
-0.3,1.0385768076184925,77.93567762059672,-0.29999943905844567,-1.2810566903563496e-08,0.9999999999945881,1.0000000002341642
-0.3,1.0385768076184925,78.65747320477065,-0.29999942191899187,-1.0952711412635061e-08,0.9999999999956407,1.0000000002003648
-0.3,1.0385768076184925,79.38595364601184,-0.29999940713742007,-9.3491926508254e-09,0.999999999996495,1.0000000001711973
-0.3,1.0385768076184925,80.12118085563553,-0.2999993944106231,-7.967207692147589e-09,0.9999999999971877,1.0000000001460634
-0.3,1.0385768076184925,80.86321731834431,-0.29999938347209026,-6.777900198268902e-09,0.9999999999977481,1.0000000001244373
-0.3,1.0385768076184925,81.61212609753805,-0.29999937408780225,-5.7559236375220376e-09,0.9999999999981999,1.0000000001058569
-0.3,1.0385768076184925,82.36797084067375,-0.2999993660525354,-4.8790480041450995e-09,0.9999999999985636,1.0000000000899172
-0.3,1.0385768076184925,83.13081578467474,-0.299999359186542,-4.127806312926677e-09,0.9999999999988558,1.0000000000762623
-0.3,1.0385768076184925,83.90072576138992,-0.2999993533325755,-3.485177369129332e-09,0.9999999999990908,1.0000000000645843
-0.3,1.0385768076184925,84.67776620310352,-0.2999993483532306,-2.936301523713739e-09,0.9999999999992779,1.0000000000546105
-0.3,1.0385768076184925,85.46200314809617,-0.29999934412857354,-2.468226442148864e-09,0.9999999999994281,1.000000000046107
-0.3,1.0385768076184925,86.25350324625728,-0.299999340554032,-2.069680073700238e-09,0.9999999999995475,1.0000000000388671
-0.3,1.0385768076184925,87.05233376474918,-0.299999337538527,-1.7308682556530163e-09,0.9999999999996421,1.0000000000327132
-0.3,1.0385768076184925,87.85856259372419,-0.2999993350028165,-1.443294582622477e-09,0.9999999999997174,1.0000000000274911
-0.3,1.0385768076184925,88.67225825209441,-0.2999993328780374,-1.1996003680816996e-09,0.9999999999997771,1.0000000000230669
-0.3,1.0385768076184925,89.49348989335462,-0.2999993311044192,-9.93422691886678e-10,0.9999999999998239,1.0000000000193232
-0.3,1.0385768076184925,90.32232731145982,-0.2999993296301563,-8.192686967812e-10,0.999999999999861,1.0000000000161622
-0.3,1.0385768076184925,91.15884094675663,-0.2999993284104157,-6.724045101824727e-10,0.9999999999998904,1.000000000013497
-0.3,1.0385768076184925,92.0031018919696,-0.29999932740647267,-5.487571943376887e-10,0.999999999999913,1.0000000000112534
-0.3,1.0385768076184925,92.85518189824359,-0.2999993265849495,-4.448283954385269e-10,0.9999999999999314,1.0000000000093685
-0.3,1.0385768076184925,93.71515338124135,-0.29999932591715295,-3.5761842918902746e-10,0.9999999999999454,1.0000000000077869
-0.3,1.0385768076184925,94.58308942729796,-0.29999932537849267,-2.8455962401802973e-10,0.9999999999999566,1.000000000006462
-0.3,1.0385768076184925,95.45906379963219,-0.29999932494797205,-2.2345793944620302e-10,0.9999999999999651,1.0000000000053546
-0.3,1.0385768076184925,96.34315094461576,-0.2999993246077406,-1.7244189242871094e-10,0.9999999999999719,1.0000000000044302
-0.3,1.0385768076184925,97.23542599809973,-0.2999993243426999,-1.299179780078272e-10,0.9999999999999771,1.00000000000366
-0.3,1.0385768076184925,98.13596479180039,-0.29999932414015607,-9.453181926195724e-11,0.999999999999982,1.0000000000030198
-0.3,1.0385768076184925,99.04484385974408,-0.29999932398950907,-6.513437204493346e-11,0.9999999999999849,1.0000000000024873
-0.3,1.0385768076184925,99.96214044477135,-0.29999932388198014,-4.075258464737438e-11,0.9999999999999873,1.0000000000020461
-0.3,1.0385768076184925,100.88793250510167,-0.29999932381036337,-2.0563973486572362e-11,0.9999999999999896,1.0000000000016815
-0.3,1.0385768076184925,101.82229872095873,-0.2999993237688058,-3.874625359816129e-12,0.9999999999999909,1.0000000000013798
-0.3,1.0385768076184925,102.76531850125772,-0.29999932375260824,9.899788710502853e-12,0.9999999999999919,1.0000000000011309
-0.3,1.0385768076184925,103.71707199035326,-0.2999993237580462,2.1250382051583776e-11,0.9999999999999927,1.0000000000009264
-0.3,1.0385768076184925,104.67764007485148,-0.2999993237822077,3.058912225616221e-11,0.9999999999999933,1.0000000000007572
-0.3,1.0385768076184925,105.64710439048359,-0.2999993238228483,3.826091468999497e-11,0.999999999999994,1.0000000000006193
-0.3,1.0385768076184925,106.62554732904427,-0.29999932387826017,4.4553949075854616e-11,0.999999999999994,1.0000000000005058
-0.3,1.0385768076184925,107.61305204539366,-0.2999993239471557,4.970856571087577e-11,0.9999999999999942,1.0000000000004126
-0.3,1.0385768076184925,108.60970246452491,-0.29999932402856516,5.392478878156616e-11,0.9999999999999938,1.0000000000003366
-0.3,1.0385768076184925,109.61558328869602,-0.29999932412174596,5.7368773377095577e-11,0.9999999999999938,1.0000000000002744
-0.3,1.0385768076184925,110.63078000462876,-0.29999932422610576,6.017826505640178e-11,0.9999999999999934,1.0000000000002236
-0.3,1.0385768076184925,111.65537889077429,-0.29999932434113746,6.246723621561966e-11,0.9999999999999932,1.0000000000001823
-0.3,1.0385768076184925,112.68946702464496,-0.29999932446636574,6.432981120661023e-11,0.9999999999999931,1.0000000000001483
-0.3,1.0385768076184925,113.73313229021528,-0.2999993246013044,6.584357921824379e-11,0.9999999999999926,1.0000000000001208
-0.3,1.0385768076184925,114.78646338539066,-0.2999993247454252,6.707238523468309e-11,0.9999999999999919,1.0000000000000984
-0.3,1.0385768076184925,115.84954982954602,-0.2999993248981363,6.806867458910821e-11,0.9999999999999918,1.00000000000008
-0.3,1.0385768076184925,116.92248197113297,-0.29999932505876936,6.887546228685739e-11,0.9999999999999916,1.0000000000000655
-0.3,1.0385768076184925,118.00535099535914,-0.2999993252265754,6.952797853397377e-11,0.9999999999999911,1.000000000000053
-0.3,1.0385768076184925,119.09824893193696,-0.29999932540072866,7.005503673554205e-11,0.9999999999999906,1.0000000000000429
-0.3,1.0385768076184925,120.2012686629055,-0.2999993255803352,7.048018666818221e-11,0.9999999999999905,1.000000000000035
-0.3,1.0385768076184925,121.31450393052383,-0.299999325764448,7.082265126271262e-11,0.9999999999999901,1.0000000000000286
-0.3,1.0385768076184925,122.43804934523853,-0.29999932595208534,7.109811740881425e-11,0.9999999999999898,1.0000000000000226
-0.3,1.0385768076184925,123.5720003937234,-0.2999993261422526,7.13193835383287e-11,0.9999999999999899,1.0000000000000182
-0.3,1.0385768076184925,124.7164534469956,-0.29999932633396564,7.149689553559926e-11,0.9999999999999895,1.0000000000000149
-0.3,1.0385768076184925,125.87150576860506,-0.29999932652627453,7.163917038349957e-11,0.9999999999999896,1.0000000000000118
-0.3,1.0385768076184925,127.03725552290106,-0.2999993267182875,7.175316824967417e-11,0.9999999999999893,1.0000000000000095
-0.3,1.0385768076184925,128.21380178337475,-0.2999993269091932,7.184457748922395e-11,0.9999999999999897,1.0000000000000078
-0.3,1.0385768076184925,129.40124454107954,-0.2999993270982812,7.191804906619822e-11,0.9999999999999893,1.0000000000000062
-0.3,1.0385768076184925,130.59968471312828,-0.29999932728496004,7.197739235599734e-11,0.9999999999999901,1.0000000000000053
-0.3,1.0385768076184925,131.8092241512703,-0.29999932746877034,7.202572977292145e-11,0.9999999999999901,1.0000000000000044
-0.3,1.0385768076184925,133.02996565054787,-0.29999932764939613,7.20656182099275e-11,0.9999999999999903,1.0000000000000036
-0.3,1.0385768076184925,134.26201295803162,-0.2999993278266716,7.20991507518837e-11,0.9999999999999906,1.0000000000000033
-0.3,1.0385768076184925,135.5054707816382,-0.29999932800058215,7.212803918630854e-11,0.9999999999999911,1.0000000000000033
-0.3,1.0385768076184925,136.76044479902887,-0.29999932817126346,7.215367625165359e-11,0.9999999999999918,1.0000000000000033
-0.3,1.0385768076184925,138.02704166659132,-0.2999993283389948,7.21771901917765e-11,0.9999999999999921,1.0000000000000033
-0.3,1.0385768076184925,139.30536902850287,-0.29999932850419003,7.219948544446896e-11,0.9999999999999922,1.000000000000003
-0.3,1.0385768076184925,140.5955355258802,-0.2999993286673836,7.222127753712888e-11,0.9999999999999931,1.000000000000003
-0.3,1.0385768076184925,141.8976508060113,-0.2999993288292144,7.224312098161961e-11,0.9999999999999931,1.0000000000000036
-0.3,1.0385768076184925,143.21182553167466,-0.29999932899040754,7.226543263118375e-11,0.9999999999999936,1.000000000000004
-0.3,1.0385768076184925,144.53817139054382,-0.2999993291517532,7.228850895390284e-11,0.9999999999999941,1.0000000000000044
-0.3,1.0385768076184925,145.87680110468003,-0.29999932931408485,7.231255722414306e-11,0.9999999999999941,1.0000000000000047
-0.3,1.0385768076184925,147.22782844011104,-0.2999993294782569,7.233767822603544e-11,0.9999999999999946,1.0000000000000049
-0.3,1.0385768076184925,148.59136821650102,-0.2999993296451218,7.236391247261051e-11,0.9999999999999949,1.0000000000000053
-0.3,1.0385768076184925,149.9675363169076,-0.29999932981550814,7.239123809031617e-11,0.999999999999995,1.0000000000000058
-0.3,1.0385768076184925,151.35644969763095,-0.2999993299901994,7.241957561135885e-11,0.9999999999999949,1.0000000000000058
-0.3,1.0385768076184925,152.75822639815343,-0.2999993301699152,7.244880796038663e-11,0.9999999999999951,1.0000000000000056
-0.3,1.0385768076184925,154.17298555117182,-0.299999330355293,7.247878125679502e-11,0.9999999999999951,1.0000000000000062
-0.3,1.0385768076184925,155.60084739272125,-0.29999933054687433,7.250932257451704e-11,0.9999999999999951,1.0000000000000064
-0.3,1.0385768076184925,157.0419332723941,-0.29999933074509194,7.254023295150279e-11,0.9999999999999949,1.0000000000000064
-0.3,1.0385768076184925,158.4963656636536,-0.29999933095026143,7.257130864053817e-11,0.9999999999999946,1.0000000000000067
-0.3,1.0385768076184925,159.96426817424148,-0.2999993311625746,7.260233964507834e-11,0.9999999999999946,1.0000000000000064
-0.3,1.0385768076184925,161.44576555668382,-0.2999993313820972,7.263311765212936e-11,0.9999999999999946,1.0000000000000064
-0.3,1.0385768076184925,162.94098371889282,-0.2999993316087692,7.266344080058743e-11,0.9999999999999941,1.0000000000000069
-0.3,1.0385768076184925,164.4500497348682,-0.2999993318424079,7.269311799876037e-11,0.9999999999999943,1.0000000000000067
-0.3,1.0385768076184925,165.97309185549548,-0.2999993320827148,7.272197361535176e-11,0.9999999999999941,1.0000000000000062
-0.3,1.0385768076184925,167.5102395194472,-0.2999993323292841,7.274984681634452e-11,0.9999999999999934,1.0000000000000062
-0.3,1.0385768076184925,169.06162336418203,-0.29999933258161443,7.277660223341827e-11,0.999999999999994,1.000000000000006
-0.3,1.0385768076184925,170.6273752370482,-0.2999993328391218,7.280212201283891e-11,0.9999999999999934,1.0000000000000053
-0.3,1.0385768076184925,172.20762820648835,-0.2999993331011547,7.282631454872087e-11,0.9999999999999931,1.0000000000000053
-0.3,1.0385768076184925,173.80251657334924,-0.2999993333670103,7.284911422204586e-11,0.999999999999993,1.0000000000000049
-0.3,1.0385768076184925,175.41217588229446,-0.2999993336359516,7.287047770346672e-11,0.9999999999999929,1.0000000000000044
-0.3,1.0385768076184925,177.0367429333253,-0.2999993339072251,7.289038136807741e-11,0.9999999999999926,1.0000000000000042
-0.3,1.0385768076184925,178.67635579340572,-0.2999993341800777,7.290883317975136e-11,0.9999999999999928,1.0000000000000038
-0.3,1.0385768076184925,180.33115380819694,-0.29999933445377397,7.29258601654989e-11,0.9999999999999929,1.0000000000000033
-0.3,1.0385768076184925,182.00127761389967,-0.2999993347276133,7.29415081384498e-11,0.9999999999999928,1.0000000000000027
-0.3,1.0385768076184925,183.68686914920713,-0.29999933500094395,7.295584666777635e-11,0.9999999999999931,1.0000000000000029
-0.3,1.0385768076184925,185.38807166736675,-0.29999933527317774,7.296895837582432e-11,0.9999999999999932,1.000000000000002
-0.3,1.0385768076184925,187.10502974835543,-0.2999993355438022,7.298094396808226e-11,0.9999999999999934,1.0000000000000022
-0.3,1.0385768076184925,188.83788931116757,-0.2999993358123906,7.299191491223175e-11,0.9999999999999934,1.0000000000000018
-0.3,1.0385768076184925,190.58679762621514,-0.29999933607861057,7.300199506412702e-11,0.9999999999999936,1.000000000000001
-0.3,1.0385768076184925,192.35190332784438,-0.29999933634223036,7.30113157156569e-11,0.9999999999999941,1.0000000000000013
-0.3,1.0385768076184925,194.13335642696757,-0.2999993366031225,7.302001489613194e-11,0.9999999999999947,1.000000000000001
-0.3,1.0385768076184925,195.93130832381254,-0.29999933686126595,7.302823444938639e-11,0.9999999999999947,1.0000000000000007
-0.3,1.0385768076184925,197.74591182078862,-0.2999993371167452,7.303611795544182e-11,0.9999999999999952,1.0000000000000009
-0.3,1.0385768076184925,199.5773211354742,-0.2999993373697481,7.304380953841483e-11,0.9999999999999956,1.0000000000000002
-0.3,1.0385768076184925,201.42569191372198,-0.29999933762056163,7.30514504992612e-11,0.999999999999996,1.0000000000000007
-0.3,1.0385768076184925,203.29118124288746,-0.2999993378695643,7.305918115727485e-11,0.9999999999999964,1.0
-0.3,1.0385768076184925,205.1739476651793,-0.2999993381172193,7.306713329749767e-11,0.9999999999999966,1.0000000000000002
-0.3,1.0385768076184925,207.07415119113296,-0.29999933836406406,7.307543607160789e-11,0.9999999999999973,1.0
-0.3,1.0385768076184925,208.99195331321022,-0.2999993386107006,7.308420944614987e-11,0.9999999999999974,1.0000000000000004
-0.3,1.0385768076184925,210.92751701952352,-0.2999993388577822,7.309356737017512e-11,0.9999999999999981,1.0000000000000002
-0.3,1.0385768076184925,212.88100680768738,-0.2999993391060019,7.310361303520983e-11,0.9999999999999986,1.0000000000000007
-0.3,1.0385768076184925,214.8525886987991,-0.2999993393560797,7.31144396875537e-11,0.9999999999999989,1.0000000000000004
-0.3,1.0385768076184925,216.84243025154836,-0.2999993396087486,7.312613650473282e-11,0.9999999999999997,1.000000000000001
-0.3,1.0385768076184925,218.85070057645706,-0.29999933986474225,7.313877453519261e-11,1.0000000000000002,1.0000000000000016
-0.3,1.0385768076184925,220.87757035025237,-0.29999934012478124,7.315242380332046e-11,1.0000000000000004,1.0000000000000016
-0.3,1.0385768076184925,222.92321183037146,-0.29999934038956166,7.316713803006837e-11,1.0000000000000004,1.0000000000000013
-0.3,1.0385768076184925,224.9877988696007,-0.299999340659743,7.318296193597743e-11,1.0000000000000009,1.000000000000002
-0.3,1.0385768076184925,227.07150693085165,-0.29999934093593705,7.31999342468174e-11,1.0000000000000009,1.0000000000000022
-0.3,1.0385768076184925,229.17451310207272,-0.29999934121869926,7.321808146522963e-11,1.0000000000000009,1.0000000000000022
-0.3,1.0385768076184925,231.29699611129922,-0.2999993415085197,7.323742156614822e-11,1.0000000000000016,1.0000000000000029
-0.3,1.0385768076184925,233.4391363418438,-0.29999934180581556,7.325796407252443e-11,1.000000000000002,1.0000000000000029
-0.3,1.0385768076184925,235.60111584762504,-0.2999993421109263,7.327971052371912e-11,1.0000000000000018,1.0000000000000033
-0.3,1.0385768076184925,237.78311836864148,-0.29999934242410875,7.33026541478779e-11,1.000000000000002,1.000000000000003
-0.3,1.0385768076184925,239.98532934658564,-0.299999342745535,7.332678027931403e-11,1.000000000000002,1.000000000000004
-0.3,1.0385768076184925,242.20793594060487,-0.29999934307529047,7.335206728937508e-11,1.000000000000002,1.0000000000000042
-0.3,1.0385768076184925,244.4511270432073,-0.29999934341337475,7.337848700060733e-11,1.0000000000000022,1.0000000000000044
-0.3,1.0385768076184925,246.71509329631496,-0.29999934375970255,7.340600426518112e-11,1.0000000000000018,1.0000000000000044
-0.3,1.0385768076184925,249.00002710746668,-0.2999993441141078,7.343457727421638e-11,1.0000000000000022,1.0000000000000047
-0.3,1.0385768076184925,251.3061226661696,-0.29999934447634663,7.346415792715406e-11,1.0000000000000022,1.0000000000000049
-0.3,1.0385768076184925,253.6335759604023,-0.2999993448461035,7.349469462534704e-11,1.0000000000000022,1.0000000000000053
-0.3,1.0385768076184925,255.98258479327197,-0.29999934522299776,7.352612801447435e-11,1.000000000000002,1.000000000000005
-0.3,1.0385768076184925,258.3533487998248,-0.29999934560659064,7.355839275512404e-11,1.000000000000002,1.0000000000000056
-0.3,1.0385768076184925,260.7460694640121,-0.29999934599639355,7.359142241970463e-11,1.0000000000000016,1.0000000000000056
-0.3,1.0385768076184925,263.1609501358149,-0.2999993463918759,7.362514090727137e-11,1.0000000000000016,1.0000000000000053
-0.3,1.0385768076184925,265.59819604852424,-0.2999993467924763,7.365946883444117e-11,1.0000000000000016,1.0000000000000053
-0.3,1.0385768076184925,268.0580143361851,-0.2999993471976097,7.369432572452038e-11,1.0000000000000016,1.000000000000005
-0.3,1.0385768076184925,270.5406140511989,-0.29999934760667823,7.372962342471442e-11,1.000000000000001,1.0000000000000049
-0.3,1.0385768076184925,273.0462061820903,-0.2999993480190807,7.376527111929632e-11,1.0000000000000013,1.000000000000005
-0.3,1.0385768076184925,275.57500367143905,-0.29999934843422127,7.380117357899766e-11,1.0000000000000016,1.0000000000000053
-0.3,1.0385768076184925,278.1272214339776,-0.2999993488515195,7.383723400470139e-11,1.0000000000000009,1.0000000000000056
-0.3,1.0385768076184925,280.7030763748543,-0.29999934927041855,7.38733519300905e-11,1.0000000000000013,1.0000000000000047
-0.3,1.0385768076184925,283.30278740807006,-0.2999993496903933,7.390942360834298e-11,1.0000000000000013,1.0000000000000044
-0.3,1.0385768076184925,285.9265754750807,-0.29999935011095785,7.394534365846075e-11,1.0000000000000013,1.0000000000000044
-0.3,1.0385768076184925,288.57466356357577,-0.29999935053167254,7.398100515640563e-11,1.0000000000000013,1.0000000000000044
-0.3,1.0385768076184925,291.24727672642865,-0.29999935095214986,7.401630060243537e-11,1.0000000000000016,1.0000000000000044
-0.3,1.0385768076184925,293.94464210082356,-0.2999993513720598,7.405112127482096e-11,1.000000000000001,1.000000000000004
-0.3,1.0385768076184925,296.6669889275594,-0.2999993517911336,7.408535929157967e-11,1.0000000000000013,1.0000000000000036
-0.3,1.0385768076184925,299.4145485705322,-0.29999935220916735,7.411890645455848e-11,1.0000000000000016,1.0000000000000036
-0.3,1.0385768076184925,302.18755453639716,-0.29999935262602473,7.415165673198865e-11,1.0000000000000016,1.0000000000000033
-0.3,1.0385768076184925,304.9862424944146,-0.29999935304163744,7.418350583398863e-11,1.0000000000000016,1.000000000000003
-0.3,1.0385768076184925,307.81085029647846,-0.2999993534560065,7.421435239340944e-11,1.0000000000000018,1.0000000000000027
-0.3,1.0385768076184925,310.6616179973303,-0.29999935386920157,7.424409858754764e-11,1.0000000000000022,1.0000000000000024
-0.3,1.0385768076184925,313.5387878749621,-0.2999993542813593,7.427265034581384e-11,1.000000000000002,1.0000000000000024
-0.3,1.0385768076184925,316.44260445120455,-0.2999993546926814,7.429991917576734e-11,1.000000000000002,1.0000000000000022
-0.3,1.0385768076184925,319.3733145125105,-0.2999993551034317,7.43258224339305e-11,1.0000000000000024,1.0000000000000016
-0.3,1.0385768076184925,322.3311671309267,-0.2999993555139319,7.435028315561476e-11,1.0000000000000024,1.0000000000000013
-0.3,1.0385768076184925,325.31641368526283,-0.2999993559245582,7.437323206124611e-11,1.0000000000000024,1.000000000000001
-0.3,1.0385768076184925,328.32930788245454,-0.29999935633573527,7.439460814671814e-11,1.0000000000000029,1.0000000000000009
-0.3,1.0385768076184925,331.37010577912685,-0.2999993567479312,7.441435821255768e-11,1.0000000000000024,1.0000000000000009
-0.3,1.0385768076184925,334.4390658033531,-0.29999935716165216,7.443243760676872e-11,1.000000000000003,1.000000000000001
-0.3,1.0385768076184925,337.53644877662083,-0.2999993575774357,7.444881249289666e-11,1.0000000000000029,1.0
-0.3,1.0385768076184925,340.66251793599554,-0.29999935799584393,7.446345894425456e-11,1.0000000000000036,1.0000000000000007
-0.3,1.0385768076184925,343.81753895649405,-0.2999993584174577,7.447636193250054e-11,1.0000000000000038,1.0
-0.3,1.0385768076184925,347.00177997366285,-0.29999935884286955,7.448751908023643e-11,1.000000000000004,0.9999999999999994
-0.3,1.0385768076184925,350.2155116063659,-0.2999993592726775,7.449693798247308e-11,1.0000000000000036,0.9999999999999994
-0.3,1.0385768076184925,353.4590069797847,-0.29999935970747754,7.450463744214587e-11,1.0000000000000044,0.9999999999999998
-0.3,1.0385768076184925,356.73254174862967,-0.2999993601478585,7.451064956423691e-11,1.0000000000000044,0.9999999999999994
-0.3,1.0385768076184925,360.0363941205664,-0.29999936059439464,7.451501221828673e-11,1.0000000000000038,0.9999999999999993
-0.3,1.0385768076184925,363.37084487986095,-0.299999361047641,7.451778003095027e-11,1.000000000000004,0.9999999999999992
-0.3,1.0385768076184925,366.73617741124224,-0.29999936150812717,7.451901719737535e-11,1.0000000000000042,0.9999999999999993
-0.3,1.0385768076184925,370.13267772398575,-0.29999936197635235,7.451879854848981e-11,1.0000000000000047,0.9999999999999991
-0.3,1.0385768076184925,373.5606344762222,-0.29999936245278075,7.451720595842433e-11,1.000000000000004,0.999999999999999
-0.3,1.0385768076184925,377.02033899946696,-0.29999936293783763,7.451433525238213e-11,1.0000000000000044,0.9999999999999994
-0.3,1.0385768076184925,380.5120853233824,-0.2999993634319054,7.451029022403407e-11,1.0000000000000044,0.9999999999999991
-0.3,1.0385768076184925,384.03617020076405,-0.299999363935321,7.450518132033969e-11,1.0000000000000042,0.9999999999999991
-0.3,1.0385768076184925,387.5928931327621,-0.29999936444837316,7.449912994924985e-11,1.0000000000000042,0.9999999999999994
-0.3,1.0385768076184925,391.18255639433437,-0.2999993649713004,7.449226299304791e-11,1.0000000000000044,0.9999999999999993
-0.3,1.0385768076184925,394.8054650599374,-0.2999993655042899,7.448471285358532e-11,1.0000000000000042,0.9999999999999996
-0.3,1.0385768076184925,398.4619270294508,-0.29999936604747635,7.447661883592059e-11,1.0000000000000038,0.9999999999999993
-0.3,1.0385768076184925,402.15225305434814,-0.2999993666009425,7.446812366760159e-11,1.0000000000000038,0.9999999999999994
-0.3,1.0385768076184925,405.87675676410373,-0.29999936716471926,7.44593736662255e-11,1.0000000000000038,0.9999999999999993
-0.3,1.0385768076184925,409.6357546928489,-0.29999936773878555,7.445051744853485e-11,1.0000000000000036,0.9999999999999996
-0.3,1.0385768076184925,413.4295663062725,-0.2999993683230716,7.44417054116608e-11,1.0000000000000033,0.9999999999999997
-0.3,1.0385768076184925,417.25851402877123,-0.2999993689174591,7.443308627916177e-11,1.0000000000000033,0.9999999999999998
-0.3,1.0385768076184925,421.12292327085265,-0.29999936952178435,7.442481025721834e-11,1.0000000000000036,1.0
-0.3,1.0385768076184925,425.02312245678996,-0.299999370135841,7.441702344243714e-11,1.0000000000000033,0.9999999999999999
-0.3,1.0385768076184925,428.95944305253283,-0.2999993707593828,7.440987082031277e-11,1.0000000000000029,1.0
-0.3,1.0385768076184925,432.9322195938791,-0.29999937139212723,7.440349280856077e-11,1.0000000000000029,1.0000000000000004
-0.3,1.0385768076184925,436.9417897149054,-0.2999993720337587,7.439802016076691e-11,1.0000000000000027,1.0000000000000002
-0.3,1.0385768076184925,440.98849417666133,-0.2999993726839334,7.439358413546441e-11,1.0000000000000024,1.0000000000000007
-0.3,1.0385768076184925,445.0726768961314,-0.2999993733422823,7.439030520722521e-11,1.0000000000000022,1.0000000000000004
-0.3,1.0385768076184925,449.19468497546023,-0.2999993740084165,7.438829430820382e-11,1.000000000000002,1.0000000000000007
-0.3,1.0385768076184925,453.3548687314555,-0.2999993746819302,7.438765607357696e-11,1.0000000000000018,1.0000000000000009
-0.3,1.0385768076184925,457.55358172535705,-0.2999993753624069,7.438848402367005e-11,1.0000000000000022,1.0000000000000007
-0.3,1.0385768076184925,461.7911807928867,-0.2999993760494218,7.439086026786629e-11,1.0000000000000018,1.000000000000001
-0.3,1.0385768076184925,466.0680260745743,-0.29999937674254784,7.439485448851589e-11,1.0000000000000016,1.0000000000000013
-0.3,1.0385768076184925,470.3844810463644,-0.299999377441359,7.440052715160695e-11,1.0000000000000013,1.0000000000000013
-0.3,1.0385768076184925,474.7409125505084,-0.29999937814543504,7.44079261433565e-11,1.0000000000000013,1.0000000000000016
-0.3,1.0385768076184925,479.1376908267404,-0.2999993788543654,7.44170822845344e-11,1.000000000000001,1.0000000000000016
-0.3,1.0385768076184925,483.57518954374194,-0.2999993795677529,7.442801586265865e-11,1.000000000000001,1.0000000000000016
-0.3,1.0385768076184925,488.0537858309,-0.29999938028521766,7.444073344909966e-11,1.000000000000001,1.0000000000000018
-0.3,1.0385768076184925,492.5738603103579,-0.2999993810064007,7.445522540980736e-11,1.0000000000000009,1.0000000000000016
-0.3,1.0385768076184925,497.1357971293627,-0.2999993817309668,7.447147226093557e-11,1.0000000000000009,1.0000000000000018
-0.3,1.0385768076184925,501.7399839929145,-0.29999938245860736,7.448943502646337e-11,1.0000000000000007,1.0000000000000016
-0.3,1.0385768076184925,506.3868121967132,-0.2999993831890438,7.450906346646185e-11,1.0000000000000007,1.0000000000000016
-0.3,1.0385768076184925,511.0766766604169,-0.29999938392202896,7.453029372732835e-11,1.0000000000000009,1.000000000000002
-0.3,1.0385768076184925,515.809975961202,-0.2999993846573499,7.455304567671259e-11,1.0000000000000009,1.0000000000000018
-0.3,1.0385768076184925,520.5871123676386,-0.2999993853948287,7.457722776068617e-11,1.000000000000001,1.0000000000000018
-0.3,1.0385768076184925,525.4084918738774,-0.29999938613432514,7.46027344246432e-11,1.0000000000000004,1.0000000000000016
-0.3,1.0385768076184925,530.2745242341559,-0.2999993868757366,7.462944695208223e-11,1.0000000000000007,1.000000000000002
-0.3,1.0385768076184925,535.1856229976182,-0.2999993876189993,7.465723469969663e-11,1.0000000000000007,1.0000000000000016
-0.3,1.0385768076184925,540.1422055434659,-0.29999938836408874,7.468595520264789e-11,1.0000000000000009,1.000000000000002
-0.3,1.0385768076184925,545.1446931164259,-0.2999993891110194,7.471545459611201e-11,1.0000000000000009,1.0000000000000018
-0.3,1.0385768076184925,550.1935108625528,-0.2999993898598451,7.474556880667313e-11,1.0000000000000009,1.000000000000002
-0.3,1.0385768076184925,555.2890878653604,-0.2999993906106581,7.47761241373126e-11,1.000000000000001,1.0000000000000016
-0.3,1.0385768076184925,560.4318571822878,-0.2999993913635883,7.480693709520034e-11,1.000000000000001,1.0000000000000016
-0.3,1.0385768076184925,565.6222558815047,-0.299999392118802,7.483781758117075e-11,1.0000000000000013,1.0000000000000018
-0.3,1.0385768076184925,570.8607250790558,-0.29999939287650174,7.486856657993172e-11,1.000000000000001,1.0000000000000013
-0.3,1.0385768076184925,576.1477099763489,-0.2999993936369228,7.489897975686122e-11,1.0000000000000016,1.0000000000000016
-0.3,1.0385768076184925,581.4836598979924,-0.2999993944003328,7.492884696594123e-11,1.0000000000000013,1.000000000000001
-0.3,1.0385768076184925,586.8690283299819,-0.2999993951670297,7.495795277734417e-11,1.0000000000000018,1.0000000000000013
-0.3,1.0385768076184925,592.3042729582397,-0.2999993959373389,7.498607908864245e-11,1.000000000000002,1.000000000000001
-0.3,1.0385768076184925,597.7898557075149,-0.29999939671161147,7.501300540934204e-11,1.000000000000002,1.0000000000000009
-0.3,1.0385768076184925,603.3262427806361,-0.2999993974902216,7.503850715629851e-11,1.000000000000002,1.0000000000000007
-0.3,1.0385768076184925,608.913904698138,-0.299999398273564,7.506236250352621e-11,1.0000000000000022,1.0000000000000007
-0.3,1.0385768076184925,614.5533163382452,-0.2999993990620514,7.508434589069699e-11,1.000000000000002,1.0000000000000007
-0.3,1.0385768076184925,620.2449569772324,-0.2999993998561113,7.510423737656146e-11,1.0000000000000024,1.0000000000000002
-0.3,1.0385768076184925,625.9893103301563,-0.29999940065618397,7.512181338922676e-11,1.0000000000000022,1.0000000000000002
-0.3,1.0385768076184925,631.7868645919671,-0.29999940146271903,7.51368572902816e-11,1.0000000000000024,0.9999999999999998
-0.3,1.0385768076184925,637.638112478994,-0.2999994022761731,7.514915627123398e-11,1.0000000000000024,0.9999999999999999
-0.3,1.0385768076184925,643.5435512708254,-0.29999940309700635,7.515849953021796e-11,1.0000000000000027,0.9999999999999996
-0.3,1.0385768076184925,649.5036828525664,-0.2999994039256804,7.516468130159387e-11,1.0000000000000027,0.9999999999999998
-0.3,1.0385768076184925,655.5190137574945,-0.29999940476265535,7.516750544636263e-11,1.0000000000000027,0.9999999999999994
-0.3,1.0385768076184925,661.5900552101086,-0.29999940560838706,7.516678073582103e-11,1.000000000000003,0.9999999999999992
-0.3,1.0385768076184925,667.7173231695753,-0.29999940646332424,7.516232158211302e-11,1.000000000000003,0.9999999999999991
-0.3,1.0385768076184925,673.9013383735801,-0.2999994073279067,7.515395275923587e-11,1.0000000000000033,0.9999999999999984
-0.3,1.0385768076184925,680.1426263825831,-0.29999940820256227,7.514150697865668e-11,1.0000000000000033,0.9999999999999986
-0.3,1.0385768076184925,686.4417176244827,-0.29999940908770495,7.512482611021821e-11,1.0000000000000036,0.9999999999999987
-0.3,1.0385768076184925,692.7991474396972,-0.2999994099837328,7.510376241978538e-11,1.000000000000003,0.9999999999999982
-0.3,1.0385768076184925,699.215456126661,-0.2999994108910253,7.507817675843716e-11,1.000000000000003,0.9999999999999983
-0.3,1.0385768076184925,705.6911889877423,-0.2999994118099421,7.504794171976995e-11,1.0000000000000036,0.9999999999999979
-0.3,1.0385768076184925,712.2268963755895,-0.29999941274082176,7.501294029535965e-11,1.0000000000000033,0.9999999999999979
-0.3,1.0385768076184925,718.8231337398989,-0.2999994136839784,7.497306771487366e-11,1.000000000000003,0.9999999999999976
-0.3,1.0385768076184925,725.4804616746267,-0.2999994146397027,7.492822754979548e-11,1.000000000000003,0.9999999999999973
-0.3,1.0385768076184925,732.1994459656265,-0.29999941560825893,7.487833885043987e-11,1.000000000000003,0.9999999999999972
-0.3,1.0385768076184925,738.9806576387373,-0.29999941658988466,7.482332960038849e-11,1.0000000000000033,0.9999999999999971
-0.3,1.0385768076184925,745.8246730083114,-0.2999994175847897,7.476314016315084e-11,1.0000000000000033,0.9999999999999968
-0.3,1.0385768076184925,752.7320737261965,-0.2999994185931555,7.469772261655731e-11,1.000000000000003,0.9999999999999967
-0.3,1.0385768076184925,759.7034468311634,-0.2999994196151343,7.462704102699757e-11,1.0000000000000033,0.999999999999997
-0.3,1.0385768076184925,766.7393847988028,-0.29999942065084945,7.455107121921278e-11,1.0000000000000029,0.9999999999999963
-0.3,1.0385768076184925,773.8404855918722,-0.2999994217003947,7.446980013226356e-11,1.0000000000000029,0.9999999999999963
-0.3,1.0385768076184925,781.0073527111184,-0.2999994227638339,7.438322624719316e-11,1.0000000000000029,0.9999999999999961
-0.3,1.0385768076184925,788.2405952465664,-0.2999994238412022,7.429135935531298e-11,1.0000000000000027,0.9999999999999961
-0.3,1.0385768076184925,795.5408279292831,-0.2999994249325051,7.419422001909566e-11,1.0000000000000027,0.9999999999999961
-0.3,1.0385768076184925,802.9086711836236,-0.29999942603771945,7.409183995016161e-11,1.0000000000000029,0.9999999999999961
-0.3,1.0385768076184925,810.3447511799583,-0.29999942715679423,7.398426005612608e-11,1.0000000000000024,0.9999999999999958
-0.3,1.0385768076184925,817.8496998878867,-0.2999994282896509,7.387153293713974e-11,1.0000000000000024,0.9999999999999954
-0.3,1.0385768076184925,825.4241551299497,-0.2999994294361843,7.375371940034151e-11,1.0000000000000024,0.9999999999999952
-0.3,1.0385768076184925,833.0687606358348,-0.2999994305962637,7.363089019953551e-11,1.0000000000000022,0.9999999999999953
-0.3,1.0385768076184925,840.7841660970844,-0.29999943176973376,7.350312481096832e-11,1.000000000000002,0.9999999999999952
-0.3,1.0385768076184925,848.5710272223139,-0.2999994329564154,7.337051087456296e-11,1.000000000000002,0.9999999999999953
-0.3,1.0385768076184925,856.4300057929329,-0.2999994341561078,7.323314501576612e-11,1.000000000000002,0.999999999999995
-0.3,1.0385768076184925,864.3617697193946,-0.2999994353685889,7.309112973957149e-11,1.0000000000000018,0.9999999999999948
-0.3,1.0385768076184925,872.3669930979535,-0.2999994365936175,7.294457550260522e-11,1.0000000000000018,0.9999999999999944
-0.3,1.0385768076184925,880.4463562679581,-0.299999437830934,7.279359873315074e-11,1.000000000000001,0.9999999999999946
-0.3,1.0385768076184925,888.6005458696701,-0.2999994390802625,7.263832263863863e-11,1.000000000000001,0.9999999999999947
-0.3,1.0385768076184925,896.8302549026189,-0.29999944034131215,7.247887330872538e-11,1.000000000000001,0.9999999999999947
-0.3,1.0385768076184925,905.1361827845002,-0.2999994416137785,7.231538618261796e-11,1.0000000000000013,0.9999999999999948
-0.3,1.0385768076184925,913.5190354106156,-0.2999994428973456,7.214799597999889e-11,1.0000000000000007,0.9999999999999943
-0.3,1.0385768076184925,921.9795252138629,-0.2999994441916874,7.197684614630106e-11,1.0000000000000009,0.9999999999999944
-0.3,1.0385768076184925,930.5183712252855,-0.29999944549646945,7.18020781649089e-11,1.0000000000000004,0.9999999999999943
-0.3,1.0385768076184925,939.1362991351807,-0.29999944681135027,7.162384081383449e-11,1.0000000000000004,0.9999999999999943
-0.3,1.0385768076184925,947.8340413547725,-0.29999944813598345,7.144228259250582e-11,1.0000000000000004,0.9999999999999943
-0.3,1.0385768076184925,956.6123370784595,-0.2999994494700193,7.125755448205029e-11,1.0000000000000004,0.9999999999999942
-0.3,1.0385768076184925,965.4719323466358,-0.29999945081310564,7.106980832166032e-11,1.0000000000000002,0.999999999999994
-0.3,1.0385768076184925,974.4135801090915,-0.2999994521648905,7.087919623612241e-11,1.0000000000000002,0.9999999999999941
-0.3,1.0385768076184925,983.4380402890077,-0.2999994535250233,7.068587248272556e-11,0.9999999999999999,0.9999999999999941
-0.3,1.0385768076184925,992.5460798475383,-0.29999945489315577,7.048998798209154e-11,1.0,0.9999999999999942
-0.3,1.0385768076184925,1001.7384728489908,-0.2999994562689443,7.029169553042693e-11,1.0,0.9999999999999941
-0.3,1.0385768076184925,1011.0160005266158,-0.2999994576520509,7.009114754532397e-11,0.9999999999999996,0.9999999999999941
-0.3,1.0385768076184925,1020.3794513489946,-0.29999945904214453,6.988848943559819e-11,0.9999999999999996,0.999999999999994
-0.3,1.0385768076184925,1029.8296210870567,-0.2999994604389029,6.968386977258545e-11,0.9999999999999994,0.999999999999994
-0.3,1.0385768076184925,1039.3673128817031,-0.29999946184201265,6.947743431286226e-11,0.9999999999999992,0.9999999999999942
-0.3,1.0385768076184925,1048.993337312066,-0.29999946325117194,6.926932428936697e-11,0.9999999999999992,0.9999999999999939
-0.3,1.0385768076184925,1058.7085124643972,-0.29999946466609057,6.905967763706406e-11,0.999999999999999,0.9999999999999937
-0.3,1.0385768076184925,1068.5136640015942,-0.2999994660864913,6.884863080837334e-11,0.9999999999999993,0.999999999999994
-0.3,1.0385768076184925,1078.4096252333723,-0.2999994675121108,6.863631423592277e-11,0.9999999999999993,0.999999999999994
-0.3,1.0385768076184925,1088.3972371870843,-0.29999946894270063,6.842285616756591e-11,0.999999999999999,0.9999999999999938
-0.3,1.0385768076184925,1098.4773486791944,-0.2999994703780281,6.820837932636105e-11,0.999999999999999,0.9999999999999937
-0.3,1.0385768076184925,1108.650816387419,-0.2999994718178766,6.799300255493007e-11,0.9999999999999991,0.9999999999999941
-0.3,1.0385768076184925,1118.9185049235327,-0.29999947326204657,6.777683977407732e-11,0.9999999999999991,0.9999999999999942
-0.3,1.0385768076184925,1129.2812869068487,-0.29999947471035654,6.755999984642935e-11,0.9999999999999993,0.9999999999999942
-0.3,1.0385768076184925,1139.740043038382,-0.29999947616264216,6.73425867019886e-11,0.9999999999999989,0.9999999999999936
-0.3,1.0385768076184925,1150.2956621756925,-0.2999994776187587,6.712469851040625e-11,0.999999999999999,0.9999999999999942
-0.3,1.0385768076184925,1160.9490414084332,-0.29999947907857955,6.690642820537372e-11,0.9999999999999992,0.9999999999999939
-0.3,1.0385768076184925,1171.7010861345848,-0.29999948054199727,6.668786334526028e-11,0.9999999999999992,0.9999999999999942
-0.3,1.0385768076184925,1182.5527101374053,-0.2999994820089238,6.646908606082784e-11,0.9999999999999993,0.9999999999999942
-0.3,1.0385768076184925,1193.5048356630894,-0.29999948347929056,6.625017192007945e-11,0.9999999999999991,0.999999999999994
-0.3,1.0385768076184925,1204.55839349915,-0.299999484953048,6.60311915481667e-11,0.999999999999999,0.9999999999999941
-0.3,1.0385768076184925,1215.7143230535173,-0.29999948643016655,6.581220958689449e-11,0.9999999999999992,0.9999999999999942
-0.3,1.0385768076184925,1226.9735724343827,-0.2999994879106353,6.559328460905294e-11,0.9999999999999996,0.9999999999999943
-0.3,1.0385768076184925,1238.33709853077,-0.2999994893944627,6.537446962329066e-11,0.9999999999999996,0.9999999999999942
-0.3,1.0385768076184925,1249.8058670938608,-0.2999994908816759,6.515581179260414e-11,0.9999999999999993,0.999999999999994
-0.3,1.0385768076184925,1261.3808528190714,-0.299999492372321,6.493735245682673e-11,0.9999999999999996,0.9999999999999942
-0.3,1.0385768076184925,1273.0630394288874,-0.2999994938664617,6.47191273433306e-11,0.9999999999999996,0.9999999999999941
-0.3,1.0385768076184925,1284.8534197564702,-0.2999994953641797,6.45011668272357e-11,0.9999999999999997,0.9999999999999943
-0.3,1.0385768076184925,1296.7529958300336,-0.2999994968655743,6.428349510805236e-11,0.9999999999999999,0.9999999999999944
-0.3,1.0385768076184925,1308.7627789579997,-0.299999498370761,6.406613114506681e-11,1.0,0.9999999999999943
-0.3,1.0385768076184925,1320.883789814951,-0.29999949987987207,6.384908931161973e-11,0.9999999999999997,0.9999999999999947
-0.3,1.0385768076184925,1333.1170585283726,-0.2999995013930549,6.363237771949096e-11,1.0000000000000002,0.9999999999999946
-0.3,1.0385768076184925,1345.4636247661995,-0.29999950291047217,6.34160004902311e-11,1.0,0.9999999999999949
-0.3,1.0385768076184925,1357.924537825179,-0.2999995044323008,6.319995586610924e-11,1.0000000000000004,0.9999999999999949
-0.3,1.0385768076184925,1370.500856720038,-0.299999505958731,6.2984237168915e-11,1.0000000000000002,0.9999999999999944
-0.3,1.0385768076184925,1383.1936502734964,-0.2999995074899658,6.276883451841258e-11,1.0000000000000007,0.9999999999999947
-0.3,1.0385768076184925,1396.0039972070938,-0.29999950902622025,6.255373181187067e-11,1.0000000000000009,0.9999999999999948
-0.3,1.0385768076184925,1408.9329862328714,-0.2999995105677212,6.233891055957641e-11,1.0000000000000009,0.9999999999999948
-0.3,1.0385768076184925,1421.9817161458968,-0.2999995121147051,6.212434573253941e-11,1.000000000000001,0.9999999999999947
-0.3,1.0385768076184925,1435.1512959176512,-0.299999513667418,6.191001180516946e-11,1.0000000000000009,0.9999999999999948
-0.3,1.0385768076184925,1448.4428447902692,-0.2999995152261151,6.16958766675031e-11,1.0000000000000009,0.9999999999999949
-0.3,1.0385768076184925,1461.8574923716699,-0.2999995167910592,6.148190525074966e-11,1.0000000000000013,0.9999999999999948
-0.3,1.0385768076184925,1475.3963787315492,-0.29999951836251976,6.126806033045528e-11,1.0000000000000013,0.9999999999999949
-0.3,1.0385768076184925,1489.0606544982772,-0.29999951994077284,6.105430075202654e-11,1.0000000000000013,0.9999999999999952
-0.3,1.0385768076184925,1502.8514809566846,-0.2999995215260992,6.084058277053802e-11,1.0000000000000016,0.9999999999999949
-0.3,1.0385768076184925,1516.7700301467542,-0.2999995231187842,6.062686000092679e-11,1.0000000000000016,0.9999999999999951
-0.3,1.0385768076184925,1530.8174849632353,-0.29999952471911634,6.04130832867775e-11,1.0000000000000018,0.9999999999999951
-0.3,1.0385768076184925,1544.9950392561707,-0.2999995263273869,6.019920187839305e-11,1.0000000000000018,0.9999999999999949
-0.3,1.0385768076184925,1559.3038979323546,-0.29999952794388873,5.998516214301238e-11,1.0000000000000022,0.999999999999995
-0.3,1.0385768076184925,1573.7452770577393,-0.2999995295689154,5.977090885596175e-11,1.0000000000000022,0.9999999999999952
-0.3,1.0385768076184925,1588.3204039607824,-0.29999953120276057,5.95563861395248e-11,1.0000000000000022,0.9999999999999953
-0.3,1.0385768076184925,1603.0305173367537,-0.29999953284571684,5.934153516966108e-11,1.0000000000000022,0.9999999999999954
-0.3,1.0385768076184925,1617.8768673530133,-0.29999953449807537,5.912629763076154e-11,1.0000000000000027,0.9999999999999949
-0.3,1.0385768076184925,1632.8607157552478,-0.2999995361601245,5.891061230507832e-11,1.0000000000000029,0.9999999999999951
-0.3,1.0385768076184925,1647.9833359747165,-0.2999995378321495,5.869441956498568e-11,1.0000000000000027,0.9999999999999952
-0.3,1.0385768076184925,1663.2460132364645,-0.2999995395144316,5.847765673330817e-11,1.000000000000003,0.9999999999999954
-0.3,1.0385768076184925,1678.6500446685554,-0.29999954120724703,5.826026221711204e-11,1.000000000000003,0.9999999999999954
-0.3,1.0385768076184925,1694.1967394123092,-0.2999995429108668,5.804217306106307e-11,1.0000000000000029,0.9999999999999954
-0.3,1.0385768076184925,1709.8874187335668,-0.2999995446255551,5.7823328485462365e-11,1.0000000000000029,0.9999999999999956
-0.3,1.0385768076184925,1725.7234161349695,-0.29999954635157045,5.760366480459484e-11,1.000000000000003,0.9999999999999957
-0.3,1.0385768076184925,1741.706077469303,-0.2999995480891626,5.738312073395915e-11,1.0000000000000033,0.9999999999999956
-0.3,1.0385768076184925,1757.8367610538646,-0.29999954983857385,5.716163504854752e-11,1.0000000000000033,0.9999999999999952
-0.3,1.0385768076184925,1774.1168377859105,-0.2999995516000377,5.693914743317114e-11,1.0000000000000033,0.9999999999999956
-0.3,1.0385768076184925,1790.547691259161,-0.29999955337377804,5.671559711331173e-11,1.0000000000000036,0.9999999999999956
-0.3,1.0385768076184925,1807.1307178813868,-0.2999995551600095,5.6490924853362676e-11,1.0000000000000036,0.9999999999999953
-0.3,1.0385768076184925,1823.867326993091,-0.2999995569589362,5.626507336725009e-11,1.0000000000000033,0.9999999999999958
-0.3,1.0385768076184925,1840.7589409872808,-0.2999995587707514,5.6037985824497905e-11,1.0000000000000036,0.9999999999999959
-0.3,1.0385768076184925,1857.8069954303487,-0.2999995605956373,5.580960572693895e-11,1.0000000000000038,0.9999999999999956
-0.3,1.0385768076184925,1875.012939184082,-0.2999995624337645,5.557988050458297e-11,1.000000000000004,0.9999999999999957
-0.3,1.0385768076184925,1892.378234528796,-0.2999995642852916,5.5348757306472997e-11,1.000000000000004,0.9999999999999957
-0.3,1.0385768076184925,1909.9043572876058,-0.2999995661503649,5.511618473382458e-11,1.0000000000000036,0.9999999999999958
-0.3,1.0385768076184925,1927.592796951861,-0.29999956802911826,5.488211412617883e-11,1.0000000000000042,0.9999999999999957
-0.3,1.0385768076184925,1945.4450568077177,-0.2999995699216722,5.464649841747843e-11,1.0000000000000042,0.9999999999999959
-0.3,1.0385768076184925,1963.4626540639163,-0.29999957182813464,5.440929260341056e-11,1.000000000000004,0.9999999999999959
-0.3,1.0385768076184925,1981.6471199807077,-0.2999995737485998,5.417045322494759e-11,1.000000000000004,0.999999999999996
-0.3,1.0385768076184925,2000.0,-0.2999995756831484,5.392993973474178e-11,1.000000000000004,0.9999999999999959
-0.15,1.030668636733709,0.0,0.0,0.0,0.0,1.030668636733709
-0.15,1.030668636733709,0.05,-0.0011920715259594995,0.02344972071667434,0.029710994485260715,1.0302022551961794
-0.15,1.030668636733709,0.1,-0.004613999768967118,0.04462094971926118,0.05930765389949019,1.0297358967913395
-0.15,1.030668636733709,0.15000000000000002,-0.010045000992631576,0.06365419814624722,0.08868872446852456,1.029269618652357
-0.15,1.030668636733709,0.2,-0.017278098787421363,0.08068505987874229,0.117766055244391,1.028803511614102
-0.15,1.030668636733709,0.25,-0.02611962285647998,0.09584404358573538,0.14646340404836153,1.028337696649363
-0.15,1.030668636733709,0.30000000000000004,-0.036388694304455405,0.10925645459403391,0.17471533528562183,1.0278723214670775
-0.15,1.030668636733709,0.35000000000000003,-0.04791670142223774,0.12104232117744784,0.2024662027021626,1.027407557258358
-0.15,1.030668636733709,0.4,-0.06054677016522927,0.13131636025416998,0.22966921086881367,1.0269435955814308
-0.15,1.030668636733709,0.45,-0.07413323204746934,0.14018797786130707,0.256285549773465,1.0264806453806177
-0.15,1.030668636733709,0.5,-0.08854109497211562,0.14776130013883387,0.2822835974046142,1.026018930137606
-0.15,1.030668636733709,0.55,-0.10364551809983905,0.15413523089978692,0.3076381856354333,1.0255586851554557
-0.15,1.030668636733709,0.6000000000000001,-0.11933129243308291,0.15940353218974107,0.33232992508160664,1.025100154977321
-0.15,1.030668636733709,0.65,-0.1354923330437797,0.16365492454526404,0.35634458492354343,1.0246435909427194
-0.15,1.030668636733709,0.7000000000000001,-0.15203117891909254,0.1669732039491502,0.3796725239577713,1.024189248884593
-0.15,1.030668636733709,0.75,-0.16885850861792714,0.16943737275014265,0.40230816938898917,1.0237373869703792
-0.15,1.030668636733709,0.8,-0.1858926665393711,0.17112178206706344,0.4242495400904746,1.0232882636899403
-0.15,1.030668636733709,0.8500000000000001,-0.20305920619145237,0.17209628343256625,0.44549781126072174,1.0228421359926039
-0.15,1.030668636733709,0.9,-0.22029044801309206,0.17242638765162638,0.4660569175829636,1.022399257574779
-0.15,1.030668636733709,0.9500000000000001,-0.2375250527484261,0.17217342905342323,0.4859331921627042,1.0219598773186975
-0.15,1.030668636733709,1.0,-0.25470761345663795,0.17139473350599205,0.5051350386736455,1.0215242378818348
-0.15,1.030668636733709,1.05,-0.27178826198019834,0.17014378873871855,0.5236726342877962,1.021092574435549
-0.15,1.030668636733709,1.1,-0.2887222941001019,0.1684704156813231,0.5415576611051208,1.0206651135504765
-0.15,1.030668636733709,1.1500000000000001,-0.3054698119866079,0.16642093967966365,0.5588030639281122,1.0202420722252568
-0.15,1.030668636733709,1.2000000000000002,-0.32199538221645374,0.16403836058799195,0.5754228323520865,1.019823657054251
-0.15,1.030668636733709,1.25,-0.33826771204571626,0.16136252086650849,0.5914318052625412,1.0194100635291021
-0.15,1.030668636733709,1.3,-0.3542593424313108,0.1584302709319817,0.6068454959448412,1.0190014754682777
-0.15,1.030668636733709,1.35,-0.3699463562927602,0.15527563111787804,0.6216799361217986,1.0185980645680999
-0.15,1.030668636733709,1.4000000000000001,-0.38530810345322747,0.1519299497003555,0.6359515373410278,1.0181999900682845
-0.15,1.030668636733709,1.4500000000000002,-0.4003269416943817,0.1484220565378595,0.6496769682349885,1.017807398524596
-0.15,1.030668636733709,1.5,-0.4149879921650628,0.1447784119549003,0.662873046273688,1.0174204236809712
-0.15,1.030668636733709,1.55,-0.42927890929513796,0.14102325057574516,0.6755566427235595,1.0170391864332697
-0.15,1.030668636733709,1.6,-0.44318966547919425,0.13717871988188776,0.6877445996151149,1.0166637948767265
-0.15,1.030668636733709,1.6500000000000001,-0.45671234932013105,0.13326501332834859,0.69945365760664,1.0162943444292005
-0.15,1.030668636733709,1.7000000000000002,-0.46984097639952954,0.12930049790847942,0.7107003937121478,1.0159309180224427
-0.15,1.030668636733709,1.75,-0.4825713125687886,0.1253018361056142,0.7215011679389035,1.015573586353702
-0.15,1.030668636733709,1.8,-0.49490070955529736,0.1212841022130858,0.7318720779527665,1.0152224081902905
-0.15,1.030668636733709,1.85,-0.5068279519196758,0.11726089304202132,0.7418289209583698,1.014877430719977
-0.15,1.030668636733709,1.9000000000000001,-0.5183531144880382,0.11324443306927771,0.7513871620462077,1.0145386899404278
-0.15,1.030668636733709,1.9500000000000002,-0.5294774299570737,0.10924567410636754,0.7605619083201157,1.0142062110812609
-0.15,1.030668636733709,2.0,-0.5402031664295046,0.10527438959463106,0.7693678881761683,1.0138800090526776
-0.15,1.030668636733709,2.0500000000000003,-0.5505335142447892,0.1013392636525276,0.7778194351578537,1.0135600889150453
-0.15,1.030668636733709,2.1,-0.5604724813216191,0.09744797501801401,0.7859304758626567,1.0132464463642339
-0.15,1.030668636733709,2.15,-0.5700247964844632,0.09360727604289867,0.7937145214222292,1.0129390682279118
-0.15,1.030668636733709,2.2,-0.5791958204809058,0.08982306690713641,0.8011846621220224,1.012637932968451
-0.15,1.030668636733709,2.25,-0.5879914643344191,0.08610046522955545,0.8083535647668284,1.0123430111884921
-0.15,1.030668636733709,2.3000000000000003,-0.5964181144928663,0.08244387125772372,0.8152334724361519,1.012054266135635
-0.15,1.030668636733709,2.35,-0.6044825642007364,0.0788570288237964,0.8218362063079889,1.0117716542031177
-0.15,1.030668636733709,2.4000000000000004,-0.6121919506637822,0.07534308225549284,0.8281731692615708,1.011495125423704
-0.15,1.030668636733709,2.45,-0.6195536977079493,0.07190462943206548,0.8342553509990661,1.0112246239543834
-0.15,1.030668636733709,2.5,-0.6265754636374552,0.06854377117445648,0.8400933344532402,1.0109600885497885
-0.15,1.030668636733709,2.5500000000000003,-0.6332650939181856,0.0652621571569694,0.8456973032727592,1.0107014530225975
-0.15,1.030668636733709,2.6,-0.6396305782717331,0.06206102852487836,0.8510770501994059,1.0104486466894258
-0.15,1.030668636733709,2.6500000000000004,-0.6456800118120055,0.05894125739861608,0.8562419861720771,1.0102015948010308
-0.15,1.030668636733709,2.7,-0.6514215599421409,0.05590338344067245,0.8612011500111957,1.009960218955875
-0.15,1.030668636733709,2.75,-0.6568634267816871,0.0529476476562404,0.8659632185542299,1.009724437496315
-0.15,1.030668636733709,2.8000000000000003,-0.6620138268888187,0.05007402359307917,0.870536517128463,1.009494165886913
-0.15,1.030668636733709,2.85,-0.6668809600123085,0.04728224610013466,0.8749290302610978,1.0092693170745164
-0.15,1.030668636733709,2.9000000000000004,-0.6714729885980472,0.04457183779824754,0.8791484125394037,1.0090498018299472
-0.15,1.030668636733709,2.95,-0.6757980178015013,0.04194213340988412,0.8832019995449695,1.0088355290712598
-0.15,1.030668636733709,3.0,-0.6798640778028667,0.039392302088306276,0.8870968187963338,1.0086264061686805
-0.15,1.030668636733709,3.0500000000000003,-0.6836791082572075,0.03692136788003458,0.8908396006434426,1.0084223392314215
-0.15,1.030668636733709,3.1,-0.687250944723115,0.03452822844789775,0.8944367890655867,1.0082232333766814
-0.15,1.030668636733709,3.1500000000000004,-0.6905873069068835,0.03221167217545856,0.8978945523317897,1.0080289929812178
-0.15,1.030668636733709,3.2,-0.6936957885523024,0.029970393767194972,0.9012187934891369,1.007839521915933
-0.15,1.030668636733709,3.25,-0.6965838488118092,0.027803008452528505,0.9044151606503228,1.0076547237639897
-0.15,1.030668636733709,3.3000000000000003,-0.6992588049538769,0.02570806489566138,0.9074890570568356,1.0074745020230074
-0.15,1.030668636733709,3.35,-0.7017278262853706,0.023684056907228194,0.9104456508987427,1.007298760291918
-0.15,1.030668636733709,3.4000000000000004,-0.7039979291861258,0.021729434048009217,0.9132898848760277,1.0071274024431052
-0.15,1.030668636733709,3.45,-0.7060759731614429,0.01984261120940401,0.9160264854899767,1.0069603327804502
-0.15,1.030668636733709,3.5,-0.7079686578187091,0.018021977250034172,0.9186599720561501,1.0067974561839286
-0.15,1.030668636733709,3.5500000000000003,-0.7096825206731476,0.016265902762743416,0.9211946654331847,1.0066386782414125
-0.15,1.030668636733709,3.6,-0.7112239356900852,0.014572747041390405,0.9236346964639917,1.0064839053683223
-0.15,1.030668636733709,3.6500000000000004,-0.7125991124791002,0.01294086431218921,0.9259840141279138,1.0063330449157706
-0.15,1.030668636733709,3.7,-0.7138140960669904,0.011368609289944973,0.9282463934041605,1.0061860052678433
-0.15,1.030668636733709,3.75,-0.7148747671880867,0.009854342115350478,0.9304254428482912,1.006042695928639
-0.15,1.030668636733709,3.8000000000000003,-0.7157868430389054,0.008396432725557484,0.9325246118848146,1.0059030275996765
-0.15,1.030668636733709,3.85,-0.7165558784485283,0.006993264706502619,0.934547197819968,1.0057669122482633
-0.15,1.030668636733709,3.9000000000000004,-0.7171872674174588,0.005643238671950761,0.9364963525797031,1.0056342631674131
-0.15,1.030668636733709,3.95,-0.7176862449781788,0.004344775210910593,0.9383750891785431,1.0055049950278594
-0.15,1.030668636733709,4.0,-0.7180578893321908,0.0030963174419678255,0.9401862879256296,1.0053790239226958
-0.15,1.030668636733709,4.05,-0.7183071242218779,0.001896333210169235,0.9419327023747112,1.0052562674051746
-0.15,1.030668636733709,4.1000000000000005,-0.7184387215006375,0.000743316959360049,0.9436169650251948,1.0051366445201453
-0.15,1.030668636733709,4.15,-0.7184573038704305,-0.00036420868967374447,0.9452415927816615,1.0050200758295977
-0.15,1.030668636733709,4.2,-0.7183673477608874,-0.0014276916272902146,0.9468089921794179,1.0049064834327721
-0.15,1.030668636733709,4.25,-0.7181731863275942,-0.0024485491835577857,0.9483214643838039,1.0047957909812493
-0.15,1.030668636733709,4.3,-0.7178790125491518,-0.0034281672736276646,0.9497812099710089,1.0046879236894253
-0.15,1.030668636733709,4.3500000000000005,-0.7174888824034618,-0.0043678997381632985,0.9511903334981878,1.0045828083407584
-0.15,1.030668636733709,4.4,-0.7170067181041768,-0.005269067858867465,0.9525508478706006,1.0044803732901366
-0.15,1.030668636733709,4.45,-0.7164363113790799,-0.006132960030809861,0.9538646785134722,1.0043805484627186
-0.15,1.030668636733709,4.5,-0.7157813267735602,-0.006960831574798137,0.9551336673561063,1.004283265349546
-0.15,1.030668636733709,4.55,-0.7150453049644805,-0.007753904674464369,0.9563595766357291,1.0041884570002595
-0.15,1.030668636733709,4.6000000000000005,-0.7142316660720643,-0.00851336842405901,0.9575440925283083,1.0040960580131513
-0.15,1.030668636733709,4.65,-0.7133437129598287,-0.009240378974167398,0.9586888286135133,1.0040060045228651
-0.15,1.030668636733709,4.7,-0.7123846345144358,-0.009936059763692221,0.9597953291807174,1.0039182341859516
-0.15,1.030668636733709,4.75,-0.7113575088987169,-0.010601501827487104,0.9608650723828113,1.0038326861645313
-0.15,1.030668636733709,4.800000000000001,-0.710265306771849,-0.011237764169987256,0.9618994732443653,1.0037493011082552
-0.15,1.030668636733709,4.8500000000000005,-0.7091108944710378,-0.011845874196068286,0.9628998865304912,1.0036680211347824
-0.15,1.030668636733709,4.9,-0.7078970371492636,-0.01242682819117871,0.9638676094825153,1.0035887898089437
-0.15,1.030668636733709,4.95,-0.7066264018639047,-0.012981591843540573,0.9648038844264016,1.0035115521207607
-0.15,1.030668636733709,5.0,-0.7053015606115046,-0.013511100801901842,0.9657099012596204,1.003436254462486
-0.15,1.030668636733709,5.050000000000001,-0.7039249933046259,-0.01401626126295504,0.966586799821955,1.0033628446047977
-0.15,1.030668636733709,5.1000000000000005,-0.7024990906875693,-0.014497950583117192,0.967435672155537,1.0032912716722924
-0.15,1.030668636733709,5.15,-0.7010261571886374,-0.014957017909897289,0.9682575646591849,1.0032214861183864
-0.15,1.030668636733709,5.2,-0.6995084137074284,-0.015394284828563401,0.9690534801419153,1.0031534396997555
-0.15,1.030668636733709,5.25,-0.6979480003363154,-0.015810546020268025,0.9698243797803066,1.0030870854503924
-0.15,1.030668636733709,5.300000000000001,-0.6963469790157082,-0.016206569928194997,0.970571184984187,1.0030223776553993
-0.15,1.030668636733709,5.3500000000000005,-0.6947073361229409,-0.016583099428665815,0.9712947791749507,1.002959271824587
-0.15,1.030668636733709,5.4,-0.6930309849947269,-0.016940852504478875,0.9719960094805824,1.0028977246659656
-0.15,1.030668636733709,5.45,-0.6913197683831372,-0.01728052291806679,0.9726756883513419,1.0028376940591879
-0.15,1.030668636733709,5.5,-0.6895754608450654,-0.017602780882336695,0.973334595099842,1.002779139029028
-0.15,1.030668636733709,5.550000000000001,-0.6877997710651887,-0.017908273727314943,0.9739734773691089,1.002722019718935
-0.15,1.030668636733709,5.6000000000000005,-0.6859943441125687,-0.018197626560949528,0.9745930525320569,1.0026662973647202
-0.15,1.030668636733709,5.65,-0.6841607636312121,-0.018471442922635438,0.9751940090256207,1.002611934268431
-0.15,1.030668636733709,5.7,-0.6823005539651765,-0.018730305428218144,0.9757770076226976,1.0025588937724483
-0.15,1.030668636733709,5.75,-0.6804151822190396,-0.018974776405404452,0.976342682644825,1.0025071402338368
-0.15,1.030668636733709,5.800000000000001,-0.6785060602548231,-0.019205398518666202,0.9768916431184742,1.0024566389989973
-0.15,1.030668636733709,5.8500000000000005,-0.6765745466266212,-0.019422695382863668,0.9774244738776262,1.0024073563786422
-0.15,1.030668636733709,5.9,-0.6746219484543359,-0.019627172164942416,0.9779417366152234,1.0023592596231132
-0.15,1.030668636733709,5.95,-0.6726495232379569,-0.01981931617317276,0.9784439708859319,1.002312316898072
-0.15,1.030668636733709,6.0,-0.670658480613846,-0.019999597433503827,0.9789316950625704,1.0022664972605901
-0.15,1.030668636733709,6.050000000000001,-0.6686499840544292,-0.02016846925269577,0.9794054072484051,1.0022217706356267
-0.15,1.030668636733709,6.1000000000000005,-0.6666251525126511,-0.020326368767977613,0.9798655861474482,1.0021781077929452
-0.15,1.030668636733709,6.15,-0.6645850620124757,-0.02047371748305091,0.9803126918947597,1.0021354803244484
-0.15,1.030668636733709,6.2,-0.6625307471866976,-0.020610921790325924,0.9807471668486759,1.0020938606219612
-0.15,1.030668636733709,6.25,-0.6604632027632784,-0.020738373479334524,0.9811694363467885,1.0020532218554539
-0.15,1.030668636733709,6.300000000000001,-0.6583833850014655,-0.020856450231316815,0.9815799094274121,1.0020135379517285
-0.15,1.030668636733709,6.3500000000000005,-0.6562922130789461,-0.02096551610002307,0.9819789795181844,1.001974783573554
-0.15,1.030668636733709,6.4,-0.6541905704313512,-0.021065921978813202,0.9823670250933804,1.0019369340992639
-0.15,1.030668636733709,6.45,-0.6520793060454614,-0.02115800605417096,0.9827444103014272,1.001899965602813
-0.15,1.030668636733709,6.5,-0.6499592357074933,-0.021242094245780694,0.9831114855640377,1.0018638548343013
-0.15,1.030668636733709,6.550000000000001,-0.6478311432078783,-0.02131850063334075,0.9834685881483326,1.0018285792009416
-0.15,1.030668636733709,6.6000000000000005,-0.6456957815039381,-0.021387527870310664,0.983816042713212,1.0017941167485025
-0.15,1.030668636733709,6.65,-0.643553873841845,-0.021449467584808587,0.9841541618312187,1.001760446143191
-0.15,1.030668636733709,6.7,-0.6414061148392247,-0.021504600767891506,0.9844832464870469,1.0017275466539912
-0.15,1.030668636733709,6.75,-0.6392531715297004,-0.021553198149465044,0.9848035865538041,1.0016953981354446
-0.15,1.030668636733709,6.800000000000001,-0.637095684370639,-0.02159552056208061,0.9851154612480829,1.0016639810108785
-0.15,1.030668636733709,6.8500000000000005,-0.6349342682152814,-0.02163181929288636,0.9854191395648306,1.0016332762560565
-0.15,1.030668636733709,6.9,-0.6327695132504093,-0.0216623364240064,0.9857148806929831,1.001603265383266
-0.15,1.030668636733709,6.95,-0.6306019859006342,-0.021687305161626983,0.9860029344127574,1.0015739304258273
-0.15,1.030668636733709,7.0,-0.6284322297003733,-0.02170695015407322,0.9862835414754673,1.0015452539230107
-0.15,1.030668636733709,7.050000000000001,-0.6262607661345353,-0.021721487799161217,0.9865569339666812,1.0015172189053687
-0.15,1.030668636733709,7.1000000000000005,-0.6240880954489338,-0.021731126541112637,0.986823335653494,1.0014898088804636
-0.15,1.030668636733709,7.15,-0.6219146974314126,-0.0217360671573182,0.9870829623166676,1.0014630078189872
-0.15,1.030668636733709,7.2,-0.619741032164678,-0.021736503035235777,0.9873360220683239,1.0014368001412717
-0.15,1.030668636733709,7.25,-0.6175675407518035,-0.021732620439707168,0.9875827156558866,1.0014111707041657
-0.15,1.030668636733709,7.300000000000001,-0.6153946460153681,-0.021724598770975153,0.9878232367528779,1.0013861047882928
-0.15,1.030668636733709,7.3500000000000005,-0.6132227531711756,-0.021712610813679128,0.9880577722372056,1.0013615880856541
-0.15,1.030668636733709,7.4,-0.6110522504774732,-0.021696822977104183,0.988286502457501,1.0013376066876027
-0.15,1.030668636733709,7.45,-0.6088835098605698,-0.021677395526954177,0.9885096014880597,1.0013141470731441
-0.15,1.030668636733709,7.5,-0.606716887517716,-0.021654482808914858,0.9887272373729101,1.0012911960975845
-0.15,1.030668636733709,7.550000000000001,-0.6045527244980868,-0.021628233464268305,0.9889395723595081,1.0012687409815006
-0.15,1.030668636733709,7.6000000000000005,-0.6023913472626583,-0.02159879063781452,0.9891467631225245,1.001246769300037
-0.15,1.030668636733709,7.65,-0.6002330682237444,-0.021566292178350887,0.9893489609781854,1.001225268972505
-0.15,1.030668636733709,7.7,-0.5980781862649216,-0.021530870831954523,0.9895463120895831,1.0012042282522933
-0.15,1.030668636733709,7.75,-0.5959269872420393,-0.021492654428306703,0.9897389576633818,1.0011836357170747
-0.15,1.030668636733709,7.800000000000001,-0.5937797444659783,-0.021451766060292726,0.9899270341382854,1.001163480259293
-0.15,1.030668636733709,7.8500000000000005,-0.5916367191678016,-0.02140832425710486,0.9901106733656576,1.0011437510769443
-0.15,1.030668636733709,7.9,-0.5894981609469105,-0.021362443151069777,0.9902900027826393,1.001124437664619
-0.15,1.030668636733709,7.95,-0.587364308202806,-0.02131423263841592,0.990465145578092,1.0011055298048146
-0.15,1.030668636733709,8.0,-0.5852353885510332,-0.021263798534190553,0.9906362208516982,1.0010870175595088
-0.15,1.030668636733709,8.05,-0.5831116192238734,-0.021211242721529827,0.9908033437665207,1.0010688912619823
-0.15,1.030668636733709,8.1,-0.5809932074563353,-0.021156663295479525,0.990966625695304,1.0010511415088816
-0.15,1.030668636733709,8.15,-0.5788803508579757,-0.02110015470155836,0.9911261743608033,1.0010337591525307
-0.15,1.030668636733709,8.200000000000001,-0.5767732377710787,-0.02104180786924958,0.9912820939704018,1.001016735293459
-0.15,1.030668636733709,8.25,-0.5746720476156982,-0.020981710340601208,0.9914344853452648,1.001000061273164
-0.15,1.030668636733709,8.3,-0.57257695122205,-0.02091994639410937,0.9915834460442727,1.0009837286670922
-0.15,1.030668636733709,8.35,-0.5704881111507408,-0.02085659716405372,0.9917290704829611,1.0009677292778167
-0.15,1.030668636733709,8.4,-0.5684056820012853,-0.020791740755448783,0.9918714500476862,1.000952055128444
-0.15,1.030668636733709,8.450000000000001,-0.5663298107093536,-0.02072545235476901,0.9920106732052208,1.000936698456197
-0.15,1.030668636733709,8.5,-0.5642606368331776,-0.02065780433660101,0.99214682560798,1.0009216517062067
-0.15,1.030668636733709,8.55,-0.5621982928295144,-0.020588866366370497,0.9922799901950669,1.0009069075254824
-0.15,1.030668636733709,8.6,-0.5601429043195646,-0.02051870549928733,0.9924102472893159,1.000892458757073
-0.15,1.030668636733709,8.65,-0.5580945903452051,-0.02044738627564624,0.9925376746905057,1.0008782984343916
-0.15,1.030668636733709,8.700000000000001,-0.5560534636158989,-0.020374970812617188,0.9926623477649096,1.0008644197757275
-0.15,1.030668636733709,8.75,-0.5540196307466226,-0.020301518892653612,0.9927843395313338,1.0008508161789125
-0.15,1.030668636733709,8.8,-0.5519931924871233,-0.02022708804864317,0.9929037207437974,1.000837481216154
-0.15,1.030668636733709,8.85,-0.5499742439428363,-0.020151733645920825,0.993020559970991,1.0008244086290177
-0.15,1.030668636733709,8.9,-0.5479628747877505,-0.02007550896126002,0.9931349236726618,1.000811592323575
-0.15,1.030668636733709,8.950000000000001,-0.5459591694695116,-0.01999846525895371,0.9932468762730405,1.0007990263656834
-0.15,1.030668636733709,9.0,-0.5439632074070502,-0.0199206518640924,0.9933564802314384,1.0007867049764143
-0.15,1.030668636733709,9.05,-0.541975063181,-0.01984211623314382,0.9934637961101452,1.0007746225276273
-0.15,1.030668636733709,9.1,-0.5399948067171703,-0.019762904021933567,0.9935688826397221,1.0007627735376623
-0.15,1.030668636733709,9.15,-0.538022503463324,-0.01968305915112344,0.9936717967818061,1.0007511526671742
-0.15,1.030668636733709,9.200000000000001,-0.5360582145595119,-0.019602623869280637,0.9937725937895359,1.0007397547150891
-0.15,1.030668636733709,9.25,-0.5341019970022011,-0.019521638813627014,0.9938713272656869,1.000728574614683
-0.15,1.030668636733709,9.3,-0.5321539038024209,-0.019440143068554884,0.9939680492186156,1.000717607429776
-0.15,1.030668636733709,9.35,-0.5302139841381636,-0.019358174221992656,0.9940628101160986,1.0007068483510448
-0.15,1.030668636733709,9.4,-0.5282822835012402,-0.019275768419699992,0.9941556589371594,1.0006962926924456
-0.15,1.030668636733709,9.450000000000001,-0.5263588438388122,-0.019192960417570123,0.9942466432219623,1.0006859358877402
-0.15,1.030668636733709,9.5,-0.5244437036897889,-0.019109783632013093,0.9943358091198475,1.0006757734871352
-0.15,1.030668636733709,9.55,-0.5225368983162865,-0.019026270188491828,0.9944232014355857,1.0006658011540097
-0.15,1.030668636733709,9.600000000000001,-0.5206384598303334,-0.018942450968279807,0.99450886367393,1.0006560146617542
-0.15,1.030668636733709,9.65,-0.5187484173159981,-0.018858355653506482,0.994592838082524,1.0006464098906924
-0.15,1.030668636733709,9.700000000000001,-0.5168667969471076,-0.018774012770554592,0.9946751656932413,1.0006369828251083
-0.15,1.030668636733709,9.75,-0.5149936221007132,-0.01868944973187044,0.9947558863620061,1.0006277295503423
-0.15,1.030668636733709,9.8,-0.5131289134664738,-0.01860469287624668,0.9948350388071744,1.0006186462499993
-0.15,1.030668636733709,9.850000000000001,-0.5112726891520842,-0.018519767507634295,0.994912660646517,1.0006097292032168
-0.15,1.030668636733709,9.9,-0.5094249647849098,-0.018434697932538685,0.9949887884328636,1.0006009747820295
-0.15,1.030668636733709,9.950000000000001,-0.5075857536099492,-0.018349507496052467,0.9950634576884688,1.0005923794488045
-0.15,1.030668636733709,10.0,-0.5057550665842679,-0.01826421861657603,0.995136702938138,1.0005839397537533
-0.15,1.030668636733709,10.05,-0.5039329124680211,-0.01817885281927444,0.9952085577411741,1.000575652332524
-0.15,1.030668636733709,10.100000000000001,-0.5021192979121907,-0.018093430768317785,0.9952790547221774,1.0005675139038566
-0.15,1.030668636733709,10.15,-0.5003142275431531,-0.01800797229795028,0.9953482256007602,1.0005595212673102
-0.15,1.030668636733709,10.200000000000001,-0.49851770404419243,-0.017922496442431587,0.9954161012202061,1.0005516713010612
-0.15,1.030668636733709,10.25,-0.4967297282340658,-0.017837021464892248,0.9954827115751105,1.0005439609597593
-0.15,1.030668636733709,10.3,-0.49495029914272937,-0.017751564885143643,0.9955480858380616,1.0005363872724509
-0.15,1.030668636733709,10.350000000000001,-0.493179414084328,-0.017666143506481137,0.9956122523853808,1.000528947340568
-0.15,1.030668636733709,10.4,-0.4914170687275411,-0.01758077344151778,0.9956752388219609,1.0005216383359634
-0.15,1.030668636733709,10.450000000000001,-0.4896632571633903,-0.01749547013708461,0.9957370720052475,1.000514457499016
-0.15,1.030668636733709,10.5,-0.4879179719705966,-0.01741024839823183,0.995797778068381,1.0005074021367852
-0.15,1.030668636733709,10.55,-0.48618120427857214,-0.017325122411364486,0.9958573824425476,1.000500469621219
-0.15,1.030668636733709,10.600000000000001,-0.4844529438281418,-0.017240105766544347,0.9959159098785529,1.0004936573874177
-0.15,1.030668636733709,10.65,-0.48273317903007157,-0.017155211478988856,0.9959733844676563,1.0004869629319444
-0.15,1.030668636733709,10.700000000000001,-0.4810218970214858,-0.017070452009796885,0.9960298296616988,1.0004803838111855
-0.15,1.030668636733709,10.75,-0.47931908372025084,-0.016985839285929765,0.9960852682925404,1.0004739176397621
-0.15,1.030668636733709,10.8,-0.4776247238773983,-0.01690138471947479,0.996139722590835,1.000467562088981
-0.15,1.030668636733709,10.850000000000001,-0.47593880112766157,-0.016817099226217987,0.9961932142041754,1.0004613148853374
-0.15,1.030668636733709,10.9,-0.4742612980381901,-0.016732993243551295,0.9962457642146213,1.000455173809053
-0.15,1.030668636733709,10.950000000000001,-0.4725921961555111,-0.016649076747738616,0.9962973931556418,1.0004491366926638
-0.15,1.030668636733709,11.0,-0.47093147605080143,-0.016565359270564375,0.9963481210284901,1.0004432014196447
-0.15,1.030668636733709,11.05,-0.46927911736352473,-0.016481849915387054,0.9963979673180243,1.0004373659230683
-0.15,1.030668636733709,11.100000000000001,-0.4676350988435024,-0.016398557372619783,0.9964469510080176,1.0004316281843164
-0.15,1.030668636733709,11.15,-0.46599939839146237,-0.01631548993465848,0.9964950905959408,1.0004259862318128
-0.15,1.030668636733709,11.200000000000001,-0.46437199309812816,-0.016232655510278228,0.9965424041072731,1.0004204381397988
-0.15,1.030668636733709,11.25,-0.462752859281896,-0.016150061638516996,0.9965889091093344,1.0004149820271468
-0.15,1.030668636733709,11.3,-0.46114197252515,-0.016067715502065465,0.99663462272466,1.000409616056201
-0.15,1.030668636733709,11.350000000000001,-0.4595393077092615,-0.01598562394018094,0.9966795616439487,1.0004043384316554
-0.15,1.030668636733709,11.4,-0.45794483904832306,-0.01590379346114278,0.9967237421385761,1.0003991473994616
-0.15,1.030668636733709,11.450000000000001,-0.45635854012165605,-0.015822230254265764,0.9967671800727106,1.0003940412457673
-0.15,1.030668636733709,11.5,-0.45478038390513925,-0.015740940201487717,0.9968098909150344,1.0003890182958863
-0.15,1.030668636733709,11.55,-0.4532103428013936,-0.015659928888546643,0.9968518897500851,1.0003840769132946
-0.15,1.030668636733709,11.600000000000001,-0.4516483886688726,-0.015579201615762291,0.9968931912892319,1.0003792154986584
-0.15,1.030668636733709,11.65,-0.45009449284988645,-0.015498763408436497,0.9969338098813038,1.0003744324888852
-0.15,1.030668636733709,11.700000000000001,-0.44854862619760344,-0.015418619026886024,0.996973759522875,1.0003697263562041
-0.15,1.030668636733709,11.75,-0.4470107591020644,-0.015338772976121224,0.9970130538682219,1.0003650956072707
-0.15,1.030668636733709,11.8,-0.44548086151524247,-0.015259229515183178,0.9970517062389713,1.0003605387822971
-0.15,1.030668636733709,11.850000000000001,-0.4439589029751834,-0.015179992666151802,0.9970897296334309,1.0003560544542067
-0.15,1.030668636733709,11.9,-0.4424448526292599,-0.015101066222836537,0.9971271367356399,1.00035164122781
-0.15,1.030668636733709,11.950000000000001,-0.44093867925656893,-0.015022453759161168,0.9971639399241218,1.0003472977390047
-0.15,1.030668636733709,12.0,-0.43944035128950665,-0.014944158637253764,0.9972001512803773,1.0003430226540009
-0.15,1.030668636733709,12.05,-0.43794983683454347,-0.014866184015252144,0.9972357825970974,1.0003388146685617
-0.15,1.030668636733709,12.100000000000001,-0.4364671036922375,-0.014788532854835237,0.9972708453861323,1.0003346725072662
-0.15,1.030668636733709,12.15,-0.43499211937650223,-0.014711207928490023,0.9973053508862096,1.0003305949227983
-0.15,1.030668636733709,12.200000000000001,-0.4335248511331655,-0.01463421182652355,0.9973393100704119,1.0003265806952466
-0.15,1.030668636733709,12.25,-0.432065265957837,-0.014557546963829134,0.997372733653426,1.0003226286314297
-0.15,1.030668636733709,12.3,-0.4306133306131131,-0.014481215586415339,0.9974056320985711,1.0003187375642355
-0.15,1.030668636733709,12.350000000000001,-0.42916901164514293,-0.014405219777706514,0.9974380156246084,1.0003149063519818
-0.15,1.030668636733709,12.4,-0.427732275399575,-0.014329561464622583,0.9974698942123478,1.0003111338777921
-0.15,1.030668636733709,12.450000000000001,-0.42630308803690836,-0.014254242423446308,0.9975012776110482,1.000307419048989
-0.15,1.030668636733709,12.5,-0.42488141554726955,-0.014179264285485294,0.9975321753446293,1.0003037607965037
-0.15,1.030668636733709,12.55,-0.42346722376463464,-0.01410462854253615,0.9975625967176918,1.0003001580743012
-0.15,1.030668636733709,12.600000000000001,-0.4220604783805153,-0.014030336552157772,0.9975925508213594,1.0002966098588226
-0.15,1.030668636733709,12.65,-0.42066114495712953,-0.013956389542760399,0.9976220465389425,1.0002931151484378
-0.15,1.030668636733709,12.700000000000001,-0.4192691889400719,-0.013882788618517128,0.9976510925514351,1.0002896729629192
-0.15,1.030668636733709,12.75,-0.41788457567050424,-0.013809534764104004,0.9976796973428511,1.0002862823429257
-0.15,1.030668636733709,12.8,-0.41650727039687835,-0.013736628849274683,0.997707869205389,1.0002829423494966
-0.15,1.030668636733709,12.850000000000001,-0.41513723828621485,-0.01366407163327575,0.997735616244462,1.000279652063571
-0.15,1.030668636733709,12.9,-0.4137744444349435,-0.013591863769107877,0.9977629463835656,1.0002764105855033
-0.15,1.030668636733709,12.950000000000001,-0.412418853879326,-0.013520005807638654,0.9977898673690055,1.0002732170346063
-0.15,1.030668636733709,13.0,-0.41107043160547924,-0.013448498201571957,0.9978163867744954,1.000270070548698
-0.15,1.030668636733709,13.05,-0.40972914255900234,-0.01337734130927908,0.9978425120056055,1.0002669702836637
-0.15,1.030668636733709,13.100000000000001,-0.4083949516542285,-0.013306535398496402,0.9978682503040917,1.0002639154130257
-0.15,1.030668636733709,13.15,-0.40706782378311623,-0.013236080649894235,0.9978936087520984,1.0002609051275302
-0.15,1.030668636733709,13.200000000000001,-0.4057477238237852,-0.01316597716052134,0.997918594276237,1.0002579386347397
-0.15,1.030668636733709,13.25,-0.4044346166487143,-0.013096224947129509,0.9979432136515456,1.0002550151586398
-0.15,1.030668636733709,13.3,-0.4031284671326123,-0.013026823949382345,0.9979674735053379,1.0002521339392525
-0.15,1.030668636733709,13.350000000000001,-0.4018292401599733,-0.012957774032952247,0.9979913803209434,1.0002492942322623
-0.15,1.030668636733709,13.4,-0.4005369006323247,-0.01288907499250946,0.9980149404413329,1.000246495308651
-0.15,1.030668636733709,13.450000000000001,-0.3992514134751837,-0.012820726554607184,0.9980381600726483,1.0002437364543442
-0.15,1.030668636733709,13.5,-0.39797274364472573,-0.012752728380465858,0.9980610452876306,1.0002410169698603
-0.15,1.030668636733709,13.55,-0.3967008561341829,-0.012685080068660625,0.9980836020289493,1.0002383361699778
-0.15,1.030668636733709,13.600000000000001,-0.39543571597997446,-0.012617781157715037,0.9981058361124351,1.0002356933834013
-0.15,1.030668636733709,13.65,-0.394177288267584,-0.01255083112860429,0.9981277532302318,1.0002330879524466
-0.15,1.030668636733709,13.700000000000001,-0.3929255381371887,-0.01248422940717114,0.9981493589538448,1.0002305192327225
-0.15,1.030668636733709,13.75,-0.39168043078905207,-0.012417975366457484,0.9981706587371197,1.0002279865928323
-0.15,1.030668636733709,13.8,-0.39044193148868783,-0.012352068328954647,0.9981916579191263,1.000225489414072
-0.15,1.030668636733709,13.850000000000001,-0.38921000557180047,-0.012286507568774852,0.9982123617269686,1.0002230270901424
-0.15,1.030668636733709,13.9,-0.3879846184490159,-0.012221292313747037,0.9982327752785167,1.00022059902687
-0.15,1.030668636733709,13.950000000000001,-0.3867657356104034,-0.012156421747439182,0.9982529035850589,1.000218204641929
-0.15,1.030668636733709,14.0,-0.3855533226298,-0.012091895011109953,0.9982727515538861,1.000215843364574
-0.15,1.030668636733709,14.05,-0.3843473451689455,-0.012027711205591995,0.9982923239908028,1.00021351463538
-0.15,1.030668636733709,14.100000000000001,-0.38314776898142944,-0.011963869393109238,0.9983116256025693,1.0002112179059883
-0.15,1.030668636733709,14.15,-0.38195455991646216,-0.011900368599030368,0.9983306609992775,1.0002089526388536
-0.15,1.030668636733709,14.200000000000001,-0.3807676839224738,-0.011837207813560917,0.9983494346966629,1.0002067183070085
-0.15,1.030668636733709,14.25,-0.3795871070505472,-0.011774385993375663,0.9983679511183541,1.0002045143938223
-0.15,1.030668636733709,14.3,-0.3784127954576916,-0.011711902063193823,0.998386214598059,1.0002023403927738
-0.15,1.030668636733709,14.350000000000001,-0.37724471540996063,-0.011649754917298673,0.9984042293816952,1.0002001958072237
-0.15,1.030668636733709,14.4,-0.37608283328542386,-0.011587943421003605,0.9984219996294633,1.0001980801502008
-0.15,1.030668636733709,14.450000000000001,-0.3749271155769917,-0.011526466412066477,0.9984395294178603,1.0001959929441824
-0.15,1.030668636733709,14.5,-0.3737775288951042,-0.01146532270205391,0.9984568227416445,1.0001939337208874
-0.15,1.030668636733709,14.55,-0.37263403997028655,-0.011404511077657411,0.9984738835157464,1.0001919020210788
-0.15,1.030668636733709,14.600000000000001,-0.371496615655572,-0.01134403030196281,0.998490715577128,1.000189897394356
-0.15,1.030668636733709,14.65,-0.3703652229288049,-0.01128387911567457,0.9985073226865923,1.0001879193989696
-0.15,1.030668636733709,14.700000000000001,-0.36923982889481993,-0.011224056238296734,0.9985237085305482,1.0001859676016263
-0.15,1.030668636733709,14.75,-0.3681204007875088,-0.011164560369271664,0.9985398767227279,1.0001840415773104
-0.15,1.030668636733709,14.8,-0.3670069059717714,-0.011105390189078312,0.9985558308058536,1.0001821409090996
-0.15,1.030668636733709,14.850000000000001,-0.3658993119453628,-0.011046544360291172,0.998571574253273,1.0001802651879914
-0.15,1.030668636733709,14.9,-0.36479758634063314,-0.01098802152860127,0.9985871104705393,1.0001784140127328
-0.15,1.030668636733709,14.950000000000001,-0.3637016969261694,-0.010929820323800719,0.9986024427969578,1.0001765869896506
-0.15,1.030668636733709,15.0,-0.36261161160833855,-0.010871939360731648,0.9986175745070891,1.000174783732492
-0.15,1.030668636733709,15.05,-0.3615272984327389,-0.010814377240201192,0.9986325088122179,1.000173003862262
-0.15,1.030668636733709,15.100000000000001,-0.36044872558556107,-0.010757132549863248,0.9986472488617778,1.0001712470070712
-0.15,1.030668636733709,15.15,-0.35937586139486005,-0.01070020386506841,0.9986617977447445,1.0001695128019819
-0.15,1.030668636733709,15.200000000000001,-0.3583086743317471,-0.010643589749683125,0.9986761584909909,1.0001678008888604
-0.15,1.030668636733709,15.25,-0.35724713301149813,-0.010587288756878926,0.9986903340726078,1.0001661109162328
-0.15,1.030668636733709,15.3,-0.3561912061945861,-0.010531299429893032,0.9987043274051932,1.0001644425391458
-0.15,1.030668636733709,15.350000000000001,-0.35514086278763646,-0.010475620302760976,0.9987181413491049,1.000162795419024
-0.15,1.030668636733709,15.4,-0.35409607184431385,-0.010420249901022553,0.9987317787106874,1.0001611692235421
-0.15,1.030668636733709,15.450000000000001,-0.3530568025661348,-0.010365186742401566,0.9987452422434604,1.000159563626487
-0.15,1.030668636733709,15.5,-0.3520230243032176,-0.010310429337460722,0.9987585346492839,1.0001579783076349
-0.15,1.030668636733709,15.55,-0.35099470655496473,-0.010255976190232122,0.998771658579491,1.0001564129526204
-0.15,1.030668636733709,15.600000000000001,-0.34997181897068586,-0.01020182579882441,0.9987846166359927,1.000154867252821
-0.15,1.030668636733709,15.65,-0.34895433135015863,-0.010147976656007201,0.9987974113723552,1.000153340905232
-0.15,1.030668636733709,15.700000000000001,-0.34794221364413347,-0.010094427249773759,0.9988100452948517,1.0001518336123514
-0.15,1.030668636733709,15.75,-0.3469354359547832,-0.010041176063882457,0.9988225208634881,1.0001503450820675
-0.15,1.030668636733709,15.8,-0.3459339685360978,-0.009988221578377808,0.9988348404929989,1.0001488750275451
-0.15,1.030668636733709,15.850000000000001,-0.34493778179423185,-0.009935562270091845,0.9988470065538263,1.000147423167118
-0.15,1.030668636733709,15.9,-0.34394684628779687,-0.009883196613126359,0.9988590213730688,1.0001459892241829
-0.15,1.030668636733709,15.950000000000001,-0.34296113272811235,-0.009831123079316714,0.9988708872354091,1.0001445729270952
-0.15,1.030668636733709,16.0,-0.34198061197940777,-0.009779340138677912,0.9988826063840206,1.0001431740090658
-0.15,1.030668636733709,16.05,-0.341005255058982,-0.009727846259833427,0.9988941810214493,1.0001417922080655
-0.15,1.030668636733709,16.1,-0.34003503313732064,-0.009676639910427437,0.9989056133104756,1.0001404272667254
-0.15,1.030668636733709,16.150000000000002,-0.3390699175381736,-0.009625719557520935,0.9989169053749557,1.000139078932241
-0.15,1.030668636733709,16.2,-0.3381098797385929,-0.00957508366797242,0.9989280593006424,1.0001377469562855
-0.15,1.030668636733709,16.25,-0.3371548913689339,-0.009524730708803499,0.9989390771359853,1.0001364310949117
-0.15,1.030668636733709,16.3,-0.3362049242128214,-0.009474659147550083,0.9989499608929113,1.0001351311084699
-0.15,1.030668636733709,16.35,-0.3352599502070796,-0.009424867452599524,0.9989607125475901,1.0001338467615148
-0.15,1.030668636733709,16.400000000000002,-0.3343199414416322,-0.009375354093514286,0.9989713340411791,1.0001325778227301
-0.15,1.030668636733709,16.45,-0.3333848701593674,-0.009326117541342483,0.9989818272805467,1.0001313240648368
-0.15,1.030668636733709,16.5,-0.33245470875597516,-0.009277156268915834,0.9989921941389855,1.000130085264518
-0.15,1.030668636733709,16.55,-0.331529429779755,-0.009228468751135444,0.9990024364569066,1.0001288612023398
-0.15,1.030668636733709,16.6,-0.3306090059313951,-0.009180053465245756,0.9990125560425109,1.0001276516626705
-0.15,1.030668636733709,16.650000000000002,-0.32969341006372394,-0.009131908891097143,0.999022554672456,1.0001264564336072
-0.15,1.030668636733709,16.7,-0.32878261518144,-0.009084033511397489,0.9990324340924979,1.0001252753069039
-0.15,1.030668636733709,16.75,-0.3278765944408119,-0.009036425811953163,0.9990421960181224,1.0001241080778978
-0.15,1.030668636733709,16.8,-0.32697532114935907,-0.00898908428189973,0.9990518421351616,1.000122954545437
-0.15,1.030668636733709,16.85,-0.32607876876550795,-0.008942007413922749,0.999061374100392,1.000121814511813
-0.15,1.030668636733709,16.900000000000002,-0.325186910898227,-0.008895193704468968,0.9990707935421268,1.000120687782695
-0.15,1.030668636733709,16.95,-0.32429972130664003,-0.008848641653948304,0.9990801020607855,1.0001195741670603
-0.15,1.030668636733709,17.0,-0.32341717389962327,-0.008802349766926898,0.9990893012294546,1.0001184734771325
-0.15,1.030668636733709,17.05,-0.3225392427353791,-0.008756316552311495,0.9990983925944408,1.000117385528319
-0.15,1.030668636733709,17.1,-0.3216659020209947,-0.008710540523525524,0.9991073776757977,1.0001163101391435
-0.15,1.030668636733709,17.150000000000002,-0.320797126111982,-0.00866502019867712,0.9991162579678564,1.0001152471311936
-0.15,1.030668636733709,17.2,-0.3199328895118025,-0.008619754100719426,0.9991250349397309,1.000114196329057
-0.15,1.030668636733709,17.25,-0.3190731668713748,-0.008574740757603271,0.9991337100358219,1.0001131575602624
-0.15,1.030668636733709,17.3,-0.3182179329885689,-0.008529978702422725,0.9991422846763007,1.0001121306552274
-0.15,1.030668636733709,17.35,-0.31736716280768495,-0.008485466473553594,0.9991507602575894,1.000111115447199
-0.15,1.030668636733709,17.400000000000002,-0.3165208314189188,-0.008441202614785167,0.9991591381528274,1.0001101117722018
-0.15,1.030668636733709,17.45,-0.3156789140578146,-0.008397185675445467,0.9991674197123238,1.0001091194689842
-0.15,1.030668636733709,17.5,-0.3148413861047052,-0.008353414210520146,0.9991756062640079,1.0001081383789667
-0.15,1.030668636733709,17.55,-0.31400822308414184,-0.008309886780765392,0.9991836991138587,1.000107168346191
-0.15,1.030668636733709,17.6,-0.31317940066431016,-0.008266601952814864,0.9991916995463391,1.0001062092172688
-0.15,1.030668636733709,17.650000000000002,-0.3123548946564387,-0.008223558299281085,0.9991996088248044,1.0001052608413374
-0.15,1.030668636733709,17.7,-0.3115346810141957,-0.00818075439885122,0.9992074281919134,1.000104323070007
-0.15,1.030668636733709,17.75,-0.31071873583307724,-0.008138188836377756,0.9992151588700282,1.0001033957573167
-0.15,1.030668636733709,17.8,-0.309907035349786,-0.008095860202963934,0.9992228020615986,1.0001024787596893
-0.15,1.030668636733709,17.85,-0.3090995559416017,-0.008053767096044348,0.9992303589495493,1.000101571935886
-0.15,1.030668636733709,17.900000000000002,-0.3082962741257452,-0.008011908119460847,0.9992378306976469,1.0001006751469612
-0.15,1.030668636733709,17.95,-0.30749716655873216,-0.007970281883533745,0.999245218450869,1.0000997882562233
-0.15,1.030668636733709,18.0,-0.306702210035723,-0.007928887005128733,0.9992525233357568,1.000098911129188
-0.15,1.030668636733709,18.05,-0.3059113814898641,-0.007887722107719498,0.9992597464607667,1.0000980436335432
-0.15,1.030668636733709,18.1,-0.305124657991623,-0.007846785821446215,0.999266888916609,1.0000971856391008
-0.15,1.030668636733709,18.150000000000002,-0.3043420167481211,-0.007806076783170161,0.9992739517765848,1.0000963370177662
-0.15,1.030668636733709,18.2,-0.30356343510245565,-0.007765593636524412,0.9992809360969099,1.0000954976434944
-0.15,1.030668636733709,18.25,-0.30278889053302166,-0.0077253350319609415,0.9992878429170349,1.0000946673922513
-0.15,1.030668636733709,18.3,-0.3020183606528271,-0.007685299626794145,0.9992946732599596,1.000093846141983
-0.15,1.030668636733709,18.35,-0.30125182320880345,-0.007645486085240969,0.9993014281325372,1.000093033772571
-0.15,1.030668636733709,18.400000000000002,-0.30048925608111454,-0.007605893078457701,0.9993081085257745,1.0000922301658042
-0.15,1.030668636733709,18.45,-0.2997306372824595,-0.0075665192845736935,0.999314715415125,1.0000914352053414
-0.15,1.030668636733709,18.5,-0.298975944957374,-0.007527363388721816,0.9993212497607755,1.0000906487766745
-0.15,1.030668636733709,18.55,-0.29822515738152816,-0.0074884240830662505,0.9993277125079285,1.0000898707671002
-0.15,1.030668636733709,18.6,-0.29747825296102187,-0.007449700066827251,0.9993341045870741,1.0000891010656852
-0.15,1.030668636733709,18.650000000000002,-0.2967352102316779,-0.0074111900463031755,0.9993404269142626,1.000088339563232
-0.15,1.030668636733709,18.7,-0.2959960078583327,-0.007372892734890022,0.9993466803913663,1.0000875861522514
-0.15,1.030668636733709,18.75,-0.2952606246341258,-0.00733480685309829,0.9993528659063358,1.0000868407269288
-0.15,1.030668636733709,18.8,-0.2945290394797868,-0.007296931128567486,0.9993589843334556,1.000086103183096
-0.15,1.030668636733709,18.85,-0.293801231442923,-0.0072592642960782475,0.9993650365335893,1.0000853734182011
-0.15,1.030668636733709,18.900000000000002,-0.2930771796973038,-0.007221805097562266,0.999371023354424,1.00008465133128
-0.15,1.030668636733709,18.95,-0.2923568635421451,-0.007184552282109949,0.999376945630704,1.0000839368229257
-0.15,1.030668636733709,19.0,-0.29164026240139324,-0.0071475046059760565,0.9993828041844667,1.000083229795266
-0.15,1.030668636733709,19.05,-0.2909273558230088,-0.007110660832583347,0.9993885998252678,1.0000825301519287
-0.15,1.030668636733709,19.1,-0.2902181234782496,-0.007074019732524245,0.9993943333504047,1.000081837798024
-0.15,1.030668636733709,19.150000000000002,-0.289512545160953,-0.007037580083560668,0.9994000055451351,1.0000811526401092
-0.15,1.030668636733709,19.200000000000003,-0.2888106007868202,-0.007001340670622081,0.9994056171828897,1.0000804745861702
-0.15,1.030668636733709,19.25,-0.28811227039269927,-0.006965300285801859,0.9994111690254834,1.0000798035455938
-0.15,1.030668636733709,19.3,-0.2874175341358686,-0.006929457728351936,0.9994166618233183,1.0000791394291406
-0.15,1.030668636733709,19.35,-0.28672637229332326,-0.0068938118046759774,0.9994220963155871,1.0000784821489261
-0.15,1.030668636733709,19.400000000000002,-0.2860387652610581,-0.006858361328320941,0.9994274732304661,1.0000778316183943
-0.15,1.030668636733709,19.450000000000003,-0.28535469355335563,-0.006823105119967248,0.9994327932853145,1.000077187752292
-0.15,1.030668636733709,19.5,-0.28467413780207373,-0.006788042007417553,0.9994380571868561,1.0000765504666518
-0.15,1.030668636733709,19.55,-0.28399707875593233,-0.006753170825584105,0.9994432656313695,1.000075919678765
-0.15,1.030668636733709,19.6,-0.28332349727980505,-0.0067184904164749515,0.9994484193048695,1.0000752953071619
-0.15,1.030668636733709,19.650000000000002,-0.2826533743540104,-0.006683999629178834,0.9994535188832816,1.0000746772715903
-0.15,1.030668636733709,19.700000000000003,-0.2819866910736032,-0.006649697319848891,0.9994585650326192,1.0000740654929943
-0.15,1.030668636733709,19.75,-0.2813234286476716,-0.0066155823516853025,0.9994635584091547,1.0000734598934928
-0.15,1.030668636733709,19.8,-0.2806635683986312,-0.006581653594916817,0.9994684996595855,1.0000728603963627
-0.15,1.030668636733709,19.85,-0.2800070917615248,-0.006547909926781214,0.9994733894211986,1.000072266926014
-0.15,1.030668636733709,19.900000000000002,-0.279353980283322,-0.006514350231504915,0.9994782283220326,1.000071679407974
-0.15,1.030668636733709,19.950000000000003,-0.2787042156222216,-0.006480973400281458,0.9994830169810343,1.000071097768868
-0.15,1.030668636733709,20.0,-0.27805777954695643,-0.006447778331249236,0.9994877560082122,1.000070521936399
-0.15,1.030668636733709,20.1,-0.2767748207773745,-0.006381929106896358,0.9994970875633634,1.0000693874074689
-0.15,1.030668636733709,20.28615468146082,-0.27442131104291095,-0.006261242838896494,0.9995139523432385,1.000067334636044
-0.15,1.030668636733709,20.47403342090323,-0.2720911020479289,-0.0061418917617501135,0.9995303302656096,1.0000653380101525
-0.15,1.030668636733709,20.663652185564246,-0.2697843204979324,-0.006023877953313991,0.9995462336553813,1.00006339604377
-0.15,1.030668636733709,20.855027090560313,-0.26750108802689476,-0.0059072031358163805,0.9995616745352759,1.000061507289774
-0.15,1.030668636733709,21.04817440025684,-0.26524152117071753,-0.0057918686869388525,0.999576664634137,1.000059670339008
-0.15,1.030668636733709,21.243110529650455,-0.2630057313395441,-0.00567787565040524,0.9995912153949984,1.0000578838193601
-0.15,1.030668636733709,21.439852045764102,-0.260793824789026,-0.00556522474608934,0.9996053379829088,1.0000561463948596
-0.15,1.030668636733709,21.638415669054964,-0.25860590259063515,-0.005453916379652961,0.9996190432925417,1.0000544567647898
-0.15,1.030668636733709,21.83881827483555,-0.25644206060111957,-0.0053439506517258565,0.9996323419555697,1.000052813662817
-0.15,1.030668636733709,22.04107689470784,-0.25430238943120315,-0.005235327366639213,0.99964524434783,1.000051215856138
-0.15,1.030668636733709,22.245208718010712,-0.25218697441362947,-0.005128046040724462,0.9996577605962715,1.0000496621446409
-0.15,1.030668636733709,22.4512310932809,-0.2500958955706458,-0.005022105910188946,0.9996699005856977,1.0000481513600825
-0.15,1.030668636733709,22.659161529727328,-0.24802922758102924,-0.004917505938580365,0.9996816739653072,1.0000466823652878
-0.15,1.030668636733709,22.86901769871915,-0.2459870397467475,-0.004814244823851703,0.9996930901550338,1.0000452540533569
-0.15,1.030668636733709,23.080817435287667,-0.2439693959593548,-0.004712321005038315,0.9997041583516957,1.0000438653468937
-0.15,1.030668636733709,23.294578739641963,-0.24197635466622563,-0.004611732668559272,0.9997148875349591,1.0000425151972485
-0.15,1.030668636733709,23.510319778698783,-0.2400079688367229,-0.004512477754154503,0.9997252864731142,1.0000412025837782
-0.15,1.030668636733709,23.72805888762644,-0.23806428592841525,-0.0044145539604697834,0.9997353637286752,1.000039926513117
-0.15,1.030668636733709,23.947814571403043,-0.23614534785345384,-0.004317958750301533,0.999745127663808,1.000038686018471
-0.15,1.030668636733709,24.169605506389228,-0.23425119094522606,-0.0042226893555130565,0.9997545864455845,1.0000374801589165
-0.15,1.030668636733709,24.39345054191539,-0.23238184592541392,-0.0041287427816344485,0.9997637480510783,1.0000363080187271
-0.15,1.030668636733709,24.619368701883577,-0.23053733787158268,-0.0040361158121579675,0.9997726202722894,1.0000351687067037
-0.15,1.030668636733709,24.847379186384366,-0.2287176861854348,-0.003944805012540798,0.9997812107209278,1.0000340613555256
-0.15,1.030668636733709,25.077501373328523,-0.22692290456186284,-0.0038548067339272867,0.9997895268330292,1.0000329851211132
-0.15,1.030668636733709,25.30975482009396,-0.22515300095894045,-0.0037661171166024905,0.9997975758734345,1.0000319391820083
-0.15,1.030668636733709,25.544159265187808,-0.22340797756898578,-0.0036787320931892225,0.9998053649401192,1.000030922738765
-0.15,1.030668636733709,25.780734629923902,-0.22168783079083607,-0.003592647391600405,0.9998129009683867,1.000029935013356
-0.15,1.030668636733709,26.019501020115914,-0.21999255120346806,-0.003507858537758818,0.9998201907349243,1.0000289752485936
-0.15,1.030668636733709,26.260478727786037,-0.21832212354109878,-0.0034243608580963726,0.9998272408617238,1.000028042707561
-0.15,1.030668636733709,26.503688232889502,-0.21667652666990525,-0.003342149481844909,0.9998340578198844,1.0000271366730646
-0.15,1.030668636733709,26.74915020505521,-0.21505573356648783,-0.0032612193431304677,0.9998406479332773,1.0000262564470859
-0.15,1.030668636733709,26.99688550534226,-0.21345971129822452,-0.00318156518288344,0.9998470173821015,1.0000254013502603
-0.15,1.030668636733709,27.246915188012967,-0.21188842100564168,-0.0031031815505763497,0.999853172206317,1.0000245707213613
-0.15,1.030668636733709,27.499260502322162,-0.2103418178869458,-0.0030260628058017204,0.9998591183089646,1.0000237639167964
-0.15,1.030668636733709,27.753942894323053,-0.20881985118485413,-0.0029502031197020297,0.9998648614593784,1.0000229803101213
-0.15,1.030668636733709,28.010984008689945,-0.2073224641758676,-0.002875596476263893,0.99987040729629,1.0000222192915567
-0.15,1.030668636733709,28.270405690557713,-0.205849594162131,-0.0028022366734887783,0.9998757613308314,1.00002148026753
-0.15,1.030668636733709,28.532229987378305,-0.20440117246602407,-0.0027301173244523545,0.9998809289494345,1.0000207626602122
-0.15,1.030668636733709,28.79647915079459,-0.2029771244276337,-0.002659231858264643,0.9998859154166404,1.0000200659070824
-0.15,1.030668636733709,29.063175638531384,-0.20157736940524917,-0.0025895735209432212,0.99989072587781,1.000019389460494
-0.15,1.030668636733709,29.332342116304055,-0.20020182077902565,-0.0025211353762115835,0.9998953653617482,1.0000187327872523
-0.15,1.030668636733709,29.604001459744886,-0.19885038595795557,-0.0024539103062347603,0.9998998387832383,1.000018095368208
-0.15,1.030668636733709,29.8781767563471,-0.1975229663902852,-0.002387891012304424,0.9999041509454951,1.0000174766978565
-0.15,1.030668636733709,30.154891307427096,-0.19621945757750728,-0.0023230700154852806,0.9999083065425352,1.0000168762839483
-0.15,1.030668636733709,30.43416863010471,-0.194939749092056,-0.002259439657235184,0.999912310161474,1.0000162936471149
-0.15,1.030668636733709,30.716032459301825,-0.1936837245988257,-0.0021969921000103278,0.9999161662847406,1.000015728320496
-0.15,1.030668636733709,31.00050674975963,-0.19245126188062642,-0.002135719327867893,0.9999198792922251,1.0000151798493846
-0.15,1.030668636733709,31.287615678074335,-0.1912422328676916,-0.0020756131470777072,0.9999234534633573,1.0000146477908751
-0.15,1.030668636733709,31.577383644751972,-0.1900565036713372,-0.0020166651867545176,0.999926892979116,1.0000141317135283
-0.15,1.030668636733709,31.869835276282085,-0.18889393462187742,-0.0019588668995225507,0.9999302019239762,1.0000136311970382
-0.15,1.030668636733709,32.16499542723059,-0.18775438031089503,-0.0019022095622238202,0.9999333842877941,1.0000131458319133
-0.15,1.030668636733709,32.462889182352235,-0.18663768963795632,-0.0018466842766813017,0.9999364439676353,1.0000126752191627
-0.15,1.030668636733709,32.763541858722334,-0.1855437058618637,-0.0017922819705282304,0.9999393847695434,1.0000122189699983
-0.15,1.030668636733709,33.06697900788844,-0.18447226665653052,-0.001738993398114387,0.9999422104102598,1.000011776705532
-0.15,1.030668636733709,33.373226418041924,-0.18342320417155983,-0.001686809141500102,0.9999449245188865,1.0000113480564992
-0.15,1.030668636733709,33.68231011620963,-0.18239634509760125,-0.0016357196115484294,0.9999475306385078,1.000010932662975
-0.15,1.030668636733709,33.99425637046573,-0.18139151073655738,-0.001585715049125817,0.9999500322277551,1.0000105301741071
-0.15,1.030668636733709,34.30909169216431,-0.18040851707669964,-0.0015367855264211453,0.9999524326623387,1.0000101402478527
-0.15,1.030668636733709,34.62684283819243,-0.17944717487274742,-0.0014889209483928067,0.999954735236529,1.0000097625507278
-0.15,1.030668636733709,34.94753681324406,-0.17850728973095212,-0.0014421110543531976,0.9999569431646013,1.000009396757559
-0.15,1.030668636733709,35.2712008721152,-0.17758866219921848,-0.0013963454196995564,0.9999590595822437,1.0000090425512433
-0.15,1.030668636733709,35.597862522020144,-0.17669108786228432,-0.001351613457799741,0.9999610875479272,1.0000086996225193
-0.15,1.030668636733709,35.927549524929255,-0.17581435744196325,-0.0013079044220411541,0.9999630300442439,1.0000083676697429
-0.15,1.030668636733709,36.26028989992831,-0.17495825690244832,-0.001265207408050547,0.9999648899792123,1.0000080463986691
-0.15,1.030668636733709,36.59611192559986,-0.17412256756065664,-0.0012235113560919836,0.9999666701875513,1.0000077355222416
-0.15,1.030668636733709,36.93504414242648,-0.17330706620158282,-0.0011828050536497612,0.9999683734319295,1.0000074347603904
-0.15,1.030668636733709,37.27711535521626,-0.1725115251986226,-0.0011430771382026346,0.9999700024041863,1.0000071438398326
-0.15,1.030668636733709,37.62235463555102,-0.17173571263880527,-0.0011043161001949102,0.9999715597265283,1.0000068624938845
-0.15,1.030668636733709,37.97079132425686,-0.17097939245287366,-0.0010665102862098055,0.9999730479527009,1.0000065904622748
-0.15,1.030668636733709,38.32245503389777,-0.17024232455013039,-0.0010296479023494784,0.9999744695691434,1.0000063274909685
-0.15,1.030668636733709,38.67737565129239,-0.16952426495796402,-0.0009937170178257386,0.9999758269961185,1.0000060733319922
-0.15,1.030668636733709,39.03558334005395,-0.1688249659659559,-0.0009587055687647705,0.9999771225888283,1.00000582774327
-0.15,1.030668636733709,39.3971085431537,-0.16814417627445963,-0.000924601362228538,0.9999783586385093,1.000005590488461
-0.15,1.030668636733709,39.761981985508335,-0.16748164114753247,-0.0008913920804546948,0.999979537373515,1.0000053613368056
-0.15,1.030668636733709,40.1302346765911,-0.16683710257009077,-0.0008590652853164423,0.9999806609603801,1.0000051400629757
-0.15,1.030668636733709,40.50189791306716,-0.1662102994091489,-0.0008276084230027272,0.999981731504876,1.0000049264469284
-0.15,1.030668636733709,40.87700328145351,-0.1656009675789876,-0.0007970088289185464,0.9999827510530525,1.0000047202737696
-0.15,1.030668636733709,41.25558266080338,-0.16500884021009124,-0.0007672537328044624,0.999983721592264,1.0000045213336168
-0.15,1.030668636733709,41.63766822541544,-0.16443364782167527,-0.0007383302640734503,0.999984645052196,1.0000043294214727
-0.15,1.030668636733709,42.02329244756837,-0.16387511849761568,-0.000710225457362585,0.999985523305869,1.000004144337099
-0.15,1.030668636733709,42.41248810028041,-0.16333297806557817,-0.0006829262582961847,0.9999863581706472,1.000003965884897
-0.15,1.030668636733709,42.80528826009479,-0.16280695027913225,-0.0006564195294562558,0.9999871514092306,1.00000379387379
-0.15,1.030668636733709,43.20172630989064,-0.16229675700262064,-0.0006306920565552604,0.9999879047306451,1.0000036281171167
-0.15,1.030668636733709,43.60183594172025,-0.1618021183985426,-0.0006057305548054067,0.9999886197912237,1.00000346843252
-0.15,1.030668636733709,44.00565115967241,-0.16132275311719874,-0.0005815216754779306,0.999989298195586,1.0000033146418479
-0.15,1.030668636733709,44.413206282762204,-0.16085837848832962,-0.0005580520126449035,0.9999899414976093,1.00000316657105
-0.15,1.030668636733709,44.824535947847835,-0.160408710714474,-0.0005353081100954225,0.9999905512013962,1.0000030240500872
-0.15,1.030668636733709,45.23967511257426,-0.15997346506576018,-0.00051327646841726,0.9999911287622382,1.0000028869128386
-0.15,1.030668636733709,45.65865905834403,-0.1595523560758371,-0.0004919435522341773,0.9999916755875794,1.0000027549970132
-0.15,1.030668636733709,46.081523393315884,-0.159145097738642,-0.000471295797588488,0.9999921930379683,1.0000026281440648
-0.15,1.030668636733709,46.50830405543093,-0.1587514037057013,-0.00045131961945770404,0.9999926824280165,1.000002506199115
-0.15,1.030668636733709,46.93903731546684,-0.15837098748364914,-0.00043200141939335647,0.9999931450273476,1.000002389010871
-0.15,1.030668636733709,47.37375978012049,-0.15800356263165038,-0.00041332759326950965,0.9999935820615443,1.0000022764315528
-0.15,1.030668636733709,47.81250839511901,-0.15764884295840997,-0.0003952845391277684,0.9999939947130972,1.000002168316822
-0.15,1.030668636733709,48.25532044835962,-0.15730654271844935,-0.0003778586651050998,0.9999943841223441,1.0000020645257108
-0.15,1.030668636733709,48.70223357307873,-0.15697637680732926,-0.0003610363974301375,0.9999947513884113,1.0000019649205576
-0.15,1.030668636733709,49.15328575105025,-0.15665806095550042,-0.00034480418847320936,0.9999950975701526,1.0000018693669417
-0.15,1.030668636733709,49.608515315813406,-0.15635131192046112,-0.00032914852483484906,0.9999954236870797,1.0000017777336234
-0.15,1.030668636733709,50.067960955930815,-0.15605584767690478,-0.0003140559354571443,0.9999957307202948,1.0000016898924835
-0.15,1.030668636733709,50.5316617182763,-0.15577138760454176,-0.00029951299974194227,0.9999960196134211,1.0000016057184669
-0.15,1.030668636733709,50.99965701135351,-0.15549765267327934,-0.00028550635565960505,0.9999962912735202,1.0000015250895269
-0.15,1.030668636733709,51.47198660864504,-0.15523436562545254,-0.00027202270783181987,0.9999965465720165,1.0000014478865735
-0.15,1.030668636733709,51.9486906519927,-0.15498125115479514,-0.0002590488355717347,0.9999967863456127,1.000001373993422
-0.15,1.030668636733709,52.429809655009066,-0.15473803608185072,-0.00024657160086460965,0.999997011397198,1.0000013032967419
-0.15,1.030668636733709,52.91538450652049,-0.15450444952552367,-0.00023457795627212805,0.9999972224967546,1.0000012356860128
-0.15,1.030668636733709,53.40545647404229,-0.15428022307048092,-0.00022305495274349882,0.9999974203822591,1.0000011710534724
-0.15,1.030668636733709,53.90006720728585,-0.15406509093011728,-0.00021198974731654845,0.999997605760574,1.0000011092940764
-0.15,1.030668636733709,54.39925874169825,-0.15385879010481024,-0.00020136961069222014,0.9999977793083364,1.0000010503054508
-0.15,1.030668636733709,54.90307350203484,-0.15366106053519624,-0.00019118193466598337,0.9999979416728396,1.0000009939878538
-0.15,1.030668636733709,55.41155430596479,-0.15347164525021048,-0.0001814142394000641,0.9999980934729052,1.000000940244131
-0.15,1.030668636733709,55.924744367709856,-0.15329029050964785,-0.00017205418052066647,0.9999982352997456,1.000000888979673
-0.15,1.030668636733709,56.442687301717264,-0.1531167459410123,-0.00016308955602474363,0.9999983677178249,1.0000008401023812
-0.15,1.030668636733709,56.96542712636624,-0.1529507646704357,-0.00015450831298145367,0.9999984912657042,1.000000793522624
-0.15,1.030668636733709,57.493008267708944,-0.15279210344746597,-0.00014629855401386996,0.9999986064568769,1.000000749153201
-0.15,1.030668636733709,58.02547556324627,-0.15264052276353665,-0.0001384485435471048,0.9999987137806016,1.0000007069093038
-0.15,1.030668636733709,58.562874265738245,-0.1524957869639499,-0.00013094671380975434,0.9999988137027157,1.0000006667084802
-0.15,1.030668636733709,59.10525004705015,-0.15235766435322093,-0.000123781670576148,0.9999989066664412,1.0000006284705973
-0.15,1.030668636733709,59.65264900203377,-0.15222592729365278,-0.00011694219863774713,0.9999989930931806,1.0000005921178048
-0.15,1.030668636733709,60.2051176524451,-0.15210035229702543,-0.00011041726699276482,0.999999073383298,1.0000005575744988
-0.15,1.030668636733709,60.76270295089797,-0.1519807201093067,-0.0001041960337439885,0.9999991479168886,1.0000005247672865
-0.15,1.030668636733709,61.325452284854336,-0.15186681578830888,-9.826785069560333e-05,0.9999992170545356,1.000000493624952
-0.15,1.030668636733709,61.89341348065174,-0.15175842877423512,-9.262226764083508e-05,0.9999992811380536,1.000000464078419
-0.15,1.030668636733709,62.466634807567864,-0.15165535295307878,-8.724903633308842e-05,0.9999993404912142,1.0000004360607155
-0.15,1.030668636733709,63.0451649819227,-0.15155738671285987,-8.21381141342872e-05,0.9999993954204641,1.000000409506942
-0.15,1.030668636733709,63.629053171218956,-0.1514643329926957,-7.727966733514102e-05,0.9999994462156245,1.0000003843542309
-0.15,1.030668636733709,64.21834899832058,-0.1513759993247306,-7.266407414307369e-05,0.9999994931505738,1.0000003605417174
-0.15,1.030668636733709,64.81310254566993,-0.15129219786895615,-6.828192733453077e-05,0.999999536483917,1.0000003380104996
-0.15,1.030668636733709,65.4133643595444,-0.1512127454409819,-6.412403656952185e-05,0.9999995764596421,1.0000003167036058
-0.15,1.030668636733709,66.01918545435197,-0.15113746353282473,-6.018143036722205e-05,0.9999996133077529,1.000000296565959
-0.15,1.030668636733709,66.63061731696679,-0.1510661783268068,-5.6445357742514254e-05,0.9999996472448953,1.0000002775443393
-0.15,1.030668636733709,67.24771191110499,-0.1509987207026652,-5.290728950440853e-05,0.9999996784749575,1.0000002595873523
-0.15,1.030668636733709,67.87052168174088,-0.15093492623799457,-4.955891921827522e-05,0.9999997071896627,1.0000002426453902
-0.15,1.030668636733709,68.49909955956402,-0.15087463520215505,-4.639216383482097e-05,0.9999997335691363,1.0000002266705963
-0.15,1.030668636733709,69.13349896547759,-0.1508176925437965,-4.3399163989748466e-05,0.9999997577824637,1.0000002116168316
-0.15,1.030668636733709,69.77377381513884,-0.15076394787216027,-4.057228397898044e-05,0.9999997799882263,1.000000197439636
-0.15,1.030668636733709,70.41997852354069,-0.15071325543233663,-3.7904111415182034e-05,0.9999998003350253,1.0000001840961938
-0.15,1.030668636733709,71.0721680096366,-0.1506654740746637,-3.538745657237445e-05,0.9999998189619801,1.0000001715452955
-0.15,1.030668636733709,71.73039770100793,-0.15062046721847175,-3.301535142605787e-05,0.9999998359992214,1.0000001597473052
-0.15,1.030668636733709,72.39472353857458,-0.15057810281038295,-3.078104839725477e-05,0.9999998515683559,1.0000001486641192
-0.15,1.030668636733709,73.06520198134909,-0.15053825327739045,-2.8678018809519296e-05,0.9999998657829241,1.000000138259133
-0.15,1.030668636733709,73.74189001123509,-0.15050079547494882,-2.6699951068739754e-05,0.9999998787488328,1.0000001284972049
-0.15,1.030668636733709,74.42484513786997,-0.15046561063031758,-2.484074857617623e-05,0.9999998905647786,1.0000001193446164
-0.15,1.030668636733709,75.11412540351232,-0.15043258428140655,-2.3094527385813266e-05,0.9999999013226497,1.0000001107690386
-0.15,1.030668636733709,75.80978938797494,-0.15040160621138138,-2.1455613617611004e-05,0.999999911107914,1.0000001027394931
-0.15,1.030668636733709,76.51189621360336,-0.15037257037928958,-1.9918540638792854e-05,0.9999999199999898,1.0000000952263193
-0.15,1.030668636733709,77.22050555030022,-0.1503453748469755,-1.8478046025650733e-05,0.9999999280726024,1.0000000882011333
-0.15,1.030668636733709,77.93567762059672,-0.1503199217025561,-1.7129068318826943e-05,0.9999999353941267,1.0000000816367942
-0.15,1.030668636733709,78.65747320477065,-0.15029611698073014,-1.586674358523938e-05,0.9999999420279077,1.0000000755073677
-0.15,1.030668636733709,79.38595364601184,-0.15027387058019698,-1.468640180014179e-05,0.9999999480325745,1.0000000697880906
-0.15,1.030668636733709,80.12118085563553,-0.15025309617846122,-1.3583563062977593e-05,0.9999999534623373,1.0000000644553346
-0.15,1.030668636733709,80.86321731834431,-0.1502337111442964,-1.2553933660789891e-05,0.9999999583672652,1.000000059486568
-0.15,1.030668636733709,81.61212609753805,-0.15021563644814412,-1.1593401993096294e-05,0.9999999627935579,1.0000000548603254
-0.15,1.030668636733709,82.36797084067375,-0.1501987965707157,-1.0698034372044112e-05,0.9999999667837991,1.0000000505561701
-0.15,1.030668636733709,83.13081578467474,-0.15018311941006468,-9.864070711736628e-06,0.9999999703771961,1.000000046554658
-0.15,1.030668636733709,83.90072576138992,-0.15016853618739143,-9.087920120442753e-06,0.9999999736098146,1.000000042837307
-0.15,1.030668636733709,84.67776620310352,-0.15015498135183433,-8.366156409288163e-06,0.9999999765147868,1.00000003938656
-0.15,1.030668636733709,85.46200314809617,-0.15014239248449954,-7.69551353083208e-06,0.9999999791225251,1.000000036185754
-0.15,1.030668636733709,86.25350324625728,-0.1501307102019669,-7.07288096067695e-06,0.9999999814609077,1.000000033219084
-0.15,1.030668636733709,87.05233376474918,-0.15011987805951024,-6.495299034979779e-06,0.9999999835554673,1.0000000304715748
-0.15,1.030668636733709,87.85856259372419,-0.15010984245425413,-5.95995425638398e-06,0.9999999854295574,1.0000000279290453
-0.15,1.030668636733709,88.67225825209441,-0.1501005525284851,-5.464174580575897e-06,0.9999999871045187,1.00000002557808
-0.15,1.030668636733709,89.49348989335462,-0.15009196007332273,-5.005424695165899e-06,0.9999999885998268,1.0000000234059951
-0.15,1.030668636733709,90.32232731145982,-0.15008401943294924,-4.581301302281423e-06,0.9999999899332376,1.0000000214008136
-0.15,1.030668636733709,91.15884094675663,-0.150076687409582,-4.1895284156620915e-06,0.9999999911209182,1.0000000195512293
-0.15,1.030668636733709,92.0031018919696,-0.15006992316936793,-3.827952682706745e-06,0.9999999921775733,1.0000000178465829
-0.15,1.030668636733709,92.85518189824359,-0.15006368814936424,-3.494538741226262e-06,0.9999999931165614,1.0000000162768317
-0.15,1.030668636733709,93.71515338124135,-0.15005794596576125,-3.187364620293597e-06,0.999999993950003,1.000000014832522
-0.15,1.030668636733709,94.58308942729796,-0.15005266232349318,-2.904617193954047e-06,0.9999999946888825,1.0000000135047633
-0.15,1.030668636733709,95.45906379963219,-0.1500478049273688,-2.644587695955147e-06,0.9999999953431438,1.0000000122852022
-0.15,1.030668636733709,96.34315094461576,-0.1500433433948494,-2.4056673032080383e-06,0.999999995921776,1.0000000111659946
-0.15,1.030668636733709,97.23542599809973,-0.1500392491705833,-2.1863427950031654e-06,0.999999996432896,1.0000000101397855
-0.15,1.030668636733709,98.13596479180039,-0.1500354954428028,-1.9851922944770437e-06,0.9999999968838249,1.0000000091996815
-0.15,1.030668636733709,99.04484385974408,-0.15003205706167358,-1.8008810982539267e-06,0.999999997281154,1.0000000083392255
-0.15,1.030668636733709,99.96214044477135,-0.1500289104596821,-1.6321575995982812e-06,0.9999999976308162,1.0000000075523834
-0.15,1.030668636733709,100.88793250510167,-0.1500260335741302,-1.4778493098331453e-06,0.9999999979381391,1.0000000068335126
-0.15,1.030668636733709,101.82229872095873,-0.15002340577180123,-1.3368589822602627e-06,0.9999999982079036,1.000000006177345
-0.15,1.030668636733709,102.76531850125772,-0.15002100777585195,-1.20816084222385e-06,0.9999999984443948,1.0000000055789682
-0.15,1.030668636733709,103.71707199035326,-0.15001882159497162,-1.090796926448713e-06,0.9999999986514458,1.0000000050338032
-0.15,1.030668636733709,104.67764007485148,-0.15001683045484546,-9.838735342569215e-07,0.9999999988324837,1.0000000045375887
-0.15,1.030668636733709,105.64710439048359,-0.1500150187319469,-8.865577927495299e-07,0.9999999989905656,1.000000004086361
-0.15,1.030668636733709,106.62554732904427,-0.15001337188967784,-7.980743376066046e-07,0.9999999991284185,1.000000003676437
-0.15,1.030668636733709,107.61305204539366,-0.15001187641686514,-7.177021105569141e-07,0.9999999992484684,1.0000000033043976
-0.15,1.030668636733709,108.60970246452491,-0.150010519768616,-6.447712743392864e-07,0.9999999993528711,1.000000002967074
-0.15,1.030668636733709,109.61558328869602,-0.1500092903095261,-5.786602453128635e-07,0.9999999994435423,1.00000000266153
-0.15,1.030668636733709,110.63078000462876,-0.1500081772592274,-5.187928436725221e-07,0.9999999995221774,1.0000000023850486
-0.15,1.030668636733709,111.65537889077429,-0.1500071706402575,-4.6463556070460663e-07,0.9999999995902794,1.0000000021351176
-0.15,1.030668636733709,112.68946702464496,-0.15000626122822358,-4.1569494226831385e-07,0.9999999996491752,1.0000000019094182
-0.15,1.030668636733709,113.73313229021528,-0.15000544050422968,-3.7151508728450344e-07,0.9999999997000367,1.0000000017058106
-0.15,1.030668636733709,114.78646338539066,-0.15000470060953133,-3.316752597554415e-07,0.9999999997438972,1.0000000015223232
-0.15,1.030668636733709,115.84954982954602,-0.15000403430237486,-2.9578761254142637e-07,0.999999999781664,1.000000001357141
-0.15,1.030668636733709,116.92248197113297,-0.15000343491697524,-2.634950208641191e-07,0.9999999998141373,1.000000001208596
-0.15,1.030668636733709,118.00535099535914,-0.1500028963245822,-2.344690232866808e-07,0.9999999998420168,1.0000000010751533
-0.15,1.030668636733709,119.09824893193696,-0.15000241289658184,-2.0840786771302743e-07,0.9999999998659168,1.0000000009554084
-0.15,1.030668636733709,120.2012686629055,-0.15000197946957447,-1.8503465974324613e-07,0.9999999998863744,1.0000000008480712
-0.15,1.030668636733709,121.31450393052383,-0.15000159131237117,-1.6409561061758777e-07,0.999999999903858,1.0000000007519618
-0.15,1.030668636733709,122.43804934523853,-0.15000124409484641,-1.4535838176350603e-07,0.9999999999187776,1.000000000666002
-0.15,1.030668636733709,123.5720003937234,-0.15000093385858343,-1.2861052295885972e-07,0.9999999999314888,1.0000000005892047
-0.15,1.030668636733709,124.7164534469956,-0.15000065698924614,-1.1365800086623408e-07,0.9999999999423015,1.000000000520671
-0.15,1.030668636733709,125.87150576860506,-0.15000041019061383,-1.0032381483271258e-07,0.9999999999514849,1.000000000459582
-0.15,1.030668636733709,127.03725552290106,-0.15000019046021007,-8.844669657586708e-08,0.999999999959271,1.0000000004051912
-0.15,1.030668636733709,128.21380178337475,-0.14999999506645997,-7.78798905028268e-08,0.9999999999658629,1.0000000003568206
-0.15,1.030668636733709,129.40124454107954,-0.14999982152730898,-6.849001130281724e-08,0.9999999999714332,1.0000000003138536
-0.15,1.030668636733709,130.59968471312828,-0.14999966759023656,-6.015597547956901e-08,0.9999999999761329,1.0000000002757328
-0.15,1.030668636733709,131.8092241512703,-0.14999953121359938,-5.276800348896281e-08,0.9999999999800915,1.0000000002419511
-0.15,1.030668636733709,133.02996565054787,-0.14999941054923913,-4.622668917432674e-08,0.9999999999834195,1.0000000002120506
-0.15,1.030668636733709,134.26201295803162,-0.1499993039262911,-4.044213323742563e-08,0.9999999999862135,1.0000000001856182
-0.15,1.030668636733709,135.5054707816382,-0.14999920983613127,-3.533313750559908e-08,0.9999999999885546,1.0000000001622804
-0.15,1.030668636733709,136.76044479902887,-0.1499991269184016,-3.082645683818949e-08,0.9999999999905127,1.0000000001416995
-0.15,1.030668636733709,138.02704166659132,-0.14999905394805294,-2.6856105565324668e-08,0.9999999999921472,1.0000000001235732
-0.15,1.030668636733709,139.30536902850287,-0.1499989898233502,-2.3362715434912065e-08,0.9999999999935095,1.0000000001076288
-0.15,1.030668636733709,140.5955355258802,-0.14999893355478192,-2.029294211889576e-08,0.9999999999946436,1.000000000093621
-0.15,1.030668636733709,141.8976508060113,-0.1499988842548224,-1.759891741852353e-08,0.9999999999955844,1.0000000000813312
-0.15,1.030668636733709,143.21182553167466,-0.14999884112849352,-1.5237744412379554e-08,0.999999999996365,1.0000000000705622
-0.15,1.030668636733709,144.53817139054382,-0.14999880346467687,-1.3171032869649795e-08,0.9999999999970113,1.0000000000611382
-0.15,1.030668636733709,145.87680110468003,-0.14999877062812933,-1.1364472336358621e-08,0.999999999997545,1.0000000000529026
-0.15,1.030668636733709,147.22782844011104,-0.14999874205215535,-9.787440499057335e-09,0.9999999999979852,1.0000000000457145
-0.15,1.030668636733709,148.59136821650102,-0.14999871723189268,-8.412644354917206e-09,0.9999999999983477,1.0000000000394496
-0.15,1.030668636733709,149.9675363169076,-0.1499986957181712,-7.215792039918464e-09,0.9999999999986459,1.0000000000339961
-0.15,1.030668636733709,151.35644969763095,-0.14999867711190304,-6.175293073417564e-09,0.9999999999988906,1.0000000000292562
-0.15,1.030668636733709,152.75822639815343,-0.14999866105896856,-5.271985036740624e-09,0.999999999999092,1.0000000000251414
-0.15,1.030668636733709,154.17298555117182,-0.14999864724556186,-4.488884711315741e-09,0.9999999999992571,1.0000000000215752
-0.15,1.030668636733709,155.60084739272125,-0.1499986353939605,-3.810961837772281e-09,0.9999999999993924,1.0000000000184877
-0.15,1.030668636733709,157.0419332723941,-0.14999862525869057,-3.2249337687442e-09,0.9999999999995031,1.0000000000158196
-0.15,1.030668636733709,158.4963656636536,-0.1499986166230535,-2.7190793887571405e-09,0.9999999999995941,1.0000000000135159
-0.15,1.030668636733709,159.96426817424148,-0.14999860929598863,-2.2830707324586556e-09,0.9999999999996684,1.000000000011531
-0.15,1.030668636733709,161.44576555668382,-0.14999860310924334,-1.907820884011119e-09,0.9999999999997293,1.0000000000098228
-0.15,1.030668636733709,162.94098371889282,-0.149998597914826,-1.5853467917237328e-09,0.9999999999997801,1.0000000000083547
-0.15,1.030668636733709,164.4500497348682,-0.14999859358271744,-1.3086457356568546e-09,0.9999999999998211,1.0000000000070952
-0.15,1.030668636733709,165.97309185549548,-0.14999858999882013,-1.071584271519279e-09,0.9999999999998547,1.0000000000060156
-0.15,1.030668636733709,167.5102395194472,-0.14999858706312205,-8.687985522064975e-10,0.9999999999998829,1.000000000005092
-0.15,1.030668636733709,169.06162336418203,-0.1499985846880583,-6.956050018872786e-10,0.999999999999906,1.0000000000043034
-0.15,1.030668636733709,170.6273752370482,-0.14999858279704978,-5.479204156324138e-10,0.9999999999999248,1.0000000000036309
-0.15,1.030668636733709,172.20762820648835,-0.14999858132320432,-4.221905838903579e-10,0.9999999999999407,1.0000000000030576
-0.15,1.030668636733709,173.80251657334924,-0.1499985802081632,-3.1532667144577185e-10,0.9999999999999533,1.0000000000025706
-0.15,1.030668636733709,175.41217588229446,-0.1499985794010793,-2.2464855547859305e-10,0.9999999999999638,1.0000000000021574
-0.15,1.030668636733709,177.0367429333253,-0.1499985788577129,-1.4783451217819576e-10,0.9999999999999726,1.0000000000018068
-0.15,1.030668636733709,178.67635579340572,-0.14999857853963305,-8.287654999642799e-11,0.999999999999979,1.0000000000015101
-0.15,1.030668636733709,180.33115380819694,-0.14999857841351424,-2.8040873364307494e-11,0.9999999999999841,1.0000000000012592
-0.15,1.030668636733709,182.00127761389967,-0.14999857845051517,1.816708144932663e-11,0.9999999999999879,1.0000000000010483
-0.15,1.030668636733709,183.68686914920713,-0.14999857862573404,5.703349936847487e-11,0.9999999999999912,1.0000000000008702
-0.15,1.030668636733709,185.38807166736675,-0.14999857891772786,8.966336894732948e-11,0.9999999999999926,1.00000000000072
-0.15,1.030668636733709,187.10502974835543,-0.1499985793080917,1.170043869092812e-10,0.9999999999999939,1.000000000000595
-0.15,1.030668636733709,188.83788931116757,-0.14999857978108716,1.39867947968503e-10,0.9999999999999942,1.00000000000049
-0.15,1.030668636733709,190.58679762621514,-0.14999858032331695,1.5894753332580436e-10,0.9999999999999933,1.0000000000004017
-0.15,1.030668636733709,192.35190332784438,-0.14999858092343815,1.74834804334405e-10,0.9999999999999921,1.0000000000003284
-0.15,1.030668636733709,194.13335642696757,-0.14999858157190915,1.880336489982213e-10,0.9999999999999907,1.0000000000002671
-0.15,1.030668636733709,195.93130832381254,-0.14999858226076698,1.9897242952145728e-10,0.9999999999999883,1.0000000000002158
-0.15,1.030668636733709,197.74591182078862,-0.14999858298342983,2.080146371278092e-10,0.9999999999999861,1.000000000000174
-0.15,1.030668636733709,199.5773211354742,-0.14999858373452182,2.1546814572348103e-10,0.9999999999999829,1.0000000000001388
-0.15,1.030668636733709,201.42569191372198,-0.149998584509718,2.2159323599481276e-10,0.99999999999998,1.00000000000011
-0.15,1.030668636733709,203.29118124288746,-0.14999858530560475,2.2660953230994062e-10,0.9999999999999769,1.0000000000000862
-0.15,1.030668636733709,205.1739476651793,-0.14999858611955616,2.307020032214797e-10,0.9999999999999738,1.0000000000000657
-0.15,1.030668636733709,207.07415119113296,-0.14999858694962195,2.3402612312724507e-10,0.999999999999971,1.00000000000005
-0.15,1.030668636733709,208.99195331321022,-0.14999858779442768,2.367123314257637e-10,0.9999999999999676,1.0000000000000364
-0.15,1.030668636733709,210.92751701952352,-0.14999858865308352,2.388698386585937e-10,0.999999999999965,1.0000000000000255
-0.15,1.030668636733709,212.88100680768738,-0.1499985895251034,2.4058990631488944e-10,0.9999999999999621,1.0000000000000169
-0.15,1.030668636733709,214.8525886987991,-0.14999859041032976,2.419486501879412e-10,0.9999999999999599,1.0000000000000098
-0.15,1.030668636733709,216.84243025154836,-0.14999859130886792,2.4300942533821393e-10,0.9999999999999576,1.0000000000000038
-0.15,1.030668636733709,218.85070057645706,-0.1499985922210252,2.438248700554378e-10,0.9999999999999554,0.9999999999999996
-0.15,1.030668636733709,220.87757035025237,-0.14999859314725633,2.4443863745908006e-10,0.9999999999999543,0.9999999999999957
-0.15,1.030668636733709,222.92321183037146,-0.1499985940881155,2.4488686031589965e-10,0.9999999999999526,0.999999999999993
-0.15,1.030668636733709,224.9877988696007,-0.14999859504421248,2.451994065384672e-10,0.9999999999999524,0.9999999999999905
-0.15,1.030668636733709,227.07150693085165,-0.14999859601617457,2.454009227192486e-10,0.9999999999999525,0.9999999999999889
-0.15,1.030668636733709,229.17451310207272,-0.14999859700461324,2.4551172274173266e-10,0.999999999999952,0.9999999999999875
-0.15,1.030668636733709,231.29699611129922,-0.14999859801009535,2.455485389582127e-10,0.9999999999999529,0.9999999999999868
-0.15,1.030668636733709,233.4391363418438,-0.14999859903311893,2.4552513972135567e-10,0.9999999999999535,0.9999999999999858
-0.15,1.030668636733709,235.60111584762504,-0.14999860007409338,2.454528583816637e-10,0.9999999999999556,0.9999999999999858
-0.15,1.030668636733709,237.78311836864148,-0.1499986011333231,2.453410278246792e-10,0.9999999999999566,0.999999999999985
-0.15,1.030668636733709,239.98532934658564,-0.1499986022109967,2.4519734209716577e-10,0.999999999999959,0.9999999999999851
-0.15,1.030668636733709,242.20793594060487,-0.1499986033071776,2.450281593100244e-10,0.9999999999999607,0.9999999999999851
-0.15,1.030668636733709,244.4511270432073,-0.14999860442180063,2.4483874803108176e-10,0.9999999999999634,0.9999999999999849
-0.15,1.030668636733709,246.71509329631496,-0.14999860555467015,2.4463349169416846e-10,0.9999999999999661,0.9999999999999853
-0.15,1.030668636733709,249.00002710746668,-0.149998606705462,2.4441605710451056e-10,0.9999999999999689,0.9999999999999857
-0.15,1.030668636733709,251.3061226661696,-0.14999860787372835,2.4418952687016165e-10,0.9999999999999718,0.9999999999999861
-0.15,1.030668636733709,253.6335759604023,-0.14999860905890458,2.4395651296743e-10,0.9999999999999749,0.9999999999999862
-0.15,1.030668636733709,255.98258479327197,-0.14999861026031908,2.437192431844135e-10,0.9999999999999775,0.999999999999987
-0.15,1.030668636733709,258.3533487998248,-0.14999861147720447,2.434796313623351e-10,0.999999999999981,0.9999999999999872
-0.15,1.030668636733709,260.7460694640121,-0.14999861270871048,2.4323933735606083e-10,0.9999999999999837,0.9999999999999875
-0.15,1.030668636733709,263.1609501358149,-0.1499986139539186,2.4299980117058255e-10,0.9999999999999868,0.999999999999988
-0.15,1.030668636733709,265.59819604852424,-0.14999861521185717,2.427622887322195e-10,0.9999999999999892,0.9999999999999883
-0.15,1.030668636733709,268.0580143361851,-0.14999861648151802,2.425279099982445e-10,0.9999999999999915,0.9999999999999889
-0.15,1.030668636733709,270.5406140511989,-0.14999861776187204,2.4229763970354226e-10,0.9999999999999937,0.9999999999999892
-0.15,1.030668636733709,273.0462061820903,-0.14999861905188697,2.4207233384880476e-10,0.9999999999999954,0.9999999999999898
-0.15,1.030668636733709,275.57500367143905,-0.149998620350543,2.4185273957956953e-10,0.9999999999999972,0.9999999999999902
-0.15,1.030668636733709,278.1272214339776,-0.149998621656849,2.416394982304398e-10,0.9999999999999984,0.9999999999999906
-0.15,1.030668636733709,280.7030763748543,-0.14999862296985822,2.414331580865249e-10,0.9999999999999998,0.9999999999999911
-0.15,1.030668636733709,283.30278740807006,-0.1499986242886826,2.4123417078995993e-10,1.0000000000000007,0.9999999999999915
-0.15,1.030668636733709,285.9265754750807,-0.14999862561250593,2.410428981990786e-10,1.0000000000000009,0.9999999999999917
-0.15,1.030668636733709,288.57466356357577,-0.14999862694059654,2.4085961351922844e-10,1.0000000000000007,0.9999999999999919
-0.15,1.030668636733709,291.24727672642865,-0.1499986282723178,2.4068449679589597e-10,1.0000000000000009,0.9999999999999925
-0.15,1.030668636733709,293.94464210082356,-0.149998629607137,2.4051764690289877e-10,1.0,0.9999999999999929
-0.15,1.030668636733709,296.6669889275594,-0.14999863094463378,2.403590730591291e-10,0.999999999999999,0.999999999999993
-0.15,1.030668636733709,299.4145485705322,-0.14999863228450544,2.4020870149957783e-10,0.9999999999999978,0.9999999999999932
-0.15,1.030668636733709,302.18755453639716,-0.14999863362657143,2.400663768453468e-10,0.9999999999999961,0.9999999999999937
-0.15,1.030668636733709,304.9862424944146,-0.1499986349707757,2.3993186354756003e-10,0.9999999999999947,0.9999999999999938
-0.15,1.030668636733709,307.81085029647846,-0.14999863631718777,2.3980485038230317e-10,0.9999999999999923,0.999999999999994
-0.15,1.030668636733709,310.6616179973303,-0.14999863766600147,2.3968495297659467e-10,0.9999999999999902,0.9999999999999943
-0.15,1.030668636733709,313.5387878749621,-0.14999863901753285,2.395717193287369e-10,0.9999999999999878,0.9999999999999941
-0.15,1.030668636733709,316.44260445120455,-0.1499986403722155,2.394646322501778e-10,0.9999999999999853,0.9999999999999941
-0.15,1.030668636733709,319.3733145125105,-0.14999864173059585,2.3936311762794956e-10,0.9999999999999823,0.9999999999999944
-0.15,1.030668636733709,322.3311671309267,-0.14999864309332575,2.392665483921834e-10,0.9999999999999795,0.9999999999999944
-0.15,1.030668636733709,325.31641368526283,-0.1499986444611543,2.3917425010955167e-10,0.999999999999977,0.9999999999999943
-0.15,1.030668636733709,328.32930788245454,-0.14999864583491926,2.3908550726138217e-10,0.9999999999999739,0.9999999999999948
-0.15,1.030668636733709,331.37010577912685,-0.14999864721553657,2.389995733507113e-10,0.9999999999999709,0.9999999999999943
-0.15,1.030668636733709,334.4390658033531,-0.14999864860398968,2.3891567267421576e-10,0.9999999999999682,0.9999999999999946
-0.15,1.030668636733709,337.53644877662083,-0.14999865000131782,2.388330099297308e-10,0.9999999999999655,0.9999999999999946
-0.15,1.030668636733709,340.66251793599554,-0.14999865140860474,2.387507743858457e-10,0.9999999999999629,0.9999999999999943
-0.15,1.030668636733709,343.81753895649405,-0.1499986528269656,2.386681541031827e-10,0.9999999999999605,0.999999999999994
-0.15,1.030668636733709,347.00177997366285,-0.1499986542575351,2.3858433116451647e-10,0.9999999999999579,0.9999999999999946
-0.15,1.030668636733709,350.2155116063659,-0.14999865570145537,2.3849849992948967e-10,0.9999999999999556,0.9999999999999939
-0.15,1.030668636733709,353.4590069797847,-0.14999865715986305,2.384098615575078e-10,0.9999999999999538,0.9999999999999943
-0.15,1.030668636733709,356.73254174862967,-0.14999865863387796,2.3831763867519543e-10,0.9999999999999521,0.9999999999999941
-0.15,1.030668636733709,360.0363941205664,-0.14999866012459137,2.3822107825161324e-10,0.9999999999999507,0.999999999999994
-0.15,1.030668636733709,363.37084487986095,-0.1499986616330551,2.3811945799270167e-10,0.9999999999999497,0.9999999999999939
-0.15,1.030668636733709,366.73617741124224,-0.1499986631602712,2.3801208409540533e-10,0.9999999999999485,0.9999999999999937
-0.15,1.030668636733709,370.13267772398575,-0.14999866470718234,2.3789830305563424e-10,0.9999999999999476,0.9999999999999936
-0.15,1.030668636733709,373.5606344762222,-0.14999866627466332,2.3777750412633833e-10,0.9999999999999472,0.9999999999999932
-0.15,1.030668636733709,377.02033899946696,-0.14999866786351304,2.3764911654279114e-10,0.9999999999999473,0.9999999999999931
-0.15,1.030668636733709,380.5120853233824,-0.14999866947444782,2.375126191734111e-10,0.9999999999999469,0.9999999999999928
-0.15,1.030668636733709,384.03617020076405,-0.14999867110809545,2.37367538120068e-10,0.999999999999947,0.9999999999999926
-0.15,1.030668636733709,387.5928931327621,-0.1499986727649908,2.3721345017956356e-10,0.9999999999999482,0.9999999999999927
-0.15,1.030668636733709,391.18255639433437,-0.14999867444557147,2.370499800187369e-10,0.9999999999999488,0.9999999999999923
-0.15,1.030668636733709,394.8054650599374,-0.14999867615017595,2.3687680567193913e-10,0.9999999999999498,0.9999999999999922
-0.15,1.030668636733709,398.4619270294508,-0.1499986778790415,2.3669365388911033e-10,0.9999999999999514,0.999999999999992
-0.15,1.030668636733709,402.15225305434814,-0.14999867963230398,2.365003019543635e-10,0.9999999999999525,0.9999999999999915
-0.15,1.030668636733709,405.87675676410373,-0.14999868140999842,2.362965751301024e-10,0.9999999999999547,0.9999999999999918
-0.15,1.030668636733709,409.6357546928489,-0.14999868321206036,2.360823455012532e-10,0.999999999999956,0.9999999999999912
-0.15,1.030668636733709,413.4295663062725,-0.1499986850383286,2.3585753071108484e-10,0.9999999999999586,0.9999999999999911
-0.15,1.030668636733709,417.25851402877123,-0.1499986868885484,2.356220886726002e-10,0.9999999999999605,0.9999999999999906
-0.15,1.030668636733709,421.12292327085265,-0.14999868876237596,2.353760199849715e-10,0.9999999999999625,0.9999999999999909
-0.15,1.030668636733709,425.02312245678996,-0.14999869065938312,2.351193595814224e-10,0.9999999999999648,0.9999999999999903
-0.15,1.030668636733709,428.95944305253283,-0.1499986925790634,2.3485217555171354e-10,0.9999999999999676,0.9999999999999903
-0.15,1.030668636733709,432.9322195938791,-0.14999869452083803,2.3457456851096275e-10,0.9999999999999697,0.9999999999999903
-0.15,1.030668636733709,436.9417897149054,-0.1499986964840629,2.342866640920462e-10,0.9999999999999722,0.9999999999999896
-0.15,1.030668636733709,440.98849417666133,-0.149998698468036,2.339886077430109e-10,0.9999999999999747,0.9999999999999898
-0.15,1.030668636733709,445.0726768961314,-0.14999870047200498,2.3368057154828484e-10,0.999999999999977,0.9999999999999895
-0.15,1.030668636733709,449.19468497546023,-0.14999870249517505,2.3336273533548294e-10,0.9999999999999796,0.9999999999999895
-0.15,1.030668636733709,453.3548687314555,-0.1499987045367173,2.330352937464003e-10,0.9999999999999818,0.9999999999999889
-0.15,1.030668636733709,457.55358172535705,-0.14999870659577688,2.3269844830846776e-10,0.9999999999999838,0.9999999999999889
-0.15,1.030668636733709,461.7911807928867,-0.14999870867148143,2.3235240741295416e-10,0.9999999999999861,0.9999999999999883
-0.15,1.030668636733709,466.0680260745743,-0.14999871076294924,2.3199737628635758e-10,0.999999999999988,0.9999999999999888
-0.15,1.030668636733709,470.3844810463644,-0.14999871286929745,2.31633560953694e-10,0.9999999999999897,0.9999999999999882
-0.15,1.030668636733709,474.7409125505084,-0.14999871498965012,2.3126115993381687e-10,0.9999999999999913,0.999999999999988
-0.15,1.030668636733709,479.1376908267404,-0.14999871712314594,2.3088036288001271e-10,0.9999999999999931,0.9999999999999875
-0.15,1.030668636733709,483.57518954374194,-0.14999871926894548,2.304913467659979e-10,0.9999999999999944,0.9999999999999875
-0.15,1.030668636733709,488.0537858309,-0.14999872142623843,2.3009427710232507e-10,0.9999999999999957,0.9999999999999872
-0.15,1.030668636733709,492.5738603103579,-0.14999872359425018,2.29689302046368e-10,0.9999999999999967,0.9999999999999868
-0.15,1.030668636733709,497.1357971293627,-0.14999872577224785,2.2927654895733601e-10,0.9999999999999974,0.9999999999999869
-0.15,1.030668636733709,501.7399839929145,-0.14999872795954614,2.2885612904772993e-10,0.9999999999999979,0.9999999999999862
-0.15,1.030668636733709,506.3868121967132,-0.1499987301555124,2.284281271989679e-10,0.9999999999999987,0.9999999999999863
-0.15,1.030668636733709,511.0766766604169,-0.1499987323595708,2.2799260778392472e-10,0.9999999999999987,0.9999999999999866
-0.15,1.030668636733709,515.809975961202,-0.14999873457120705,2.2754961241423092e-10,0.9999999999999986,0.999999999999986
-0.15,1.030668636733709,520.5871123676386,-0.14999873678997083,2.2709915492694036e-10,0.9999999999999983,0.999999999999986
-0.15,1.030668636733709,525.4084918738774,-0.1499987390154794,2.2664122611571257e-10,0.9999999999999977,0.9999999999999853
-0.15,1.030668636733709,530.2745242341559,-0.14999874124741902,2.2617579147981322e-10,0.9999999999999971,0.9999999999999855
-0.15,1.030668636733709,535.1856229976182,-0.1499987434855468,2.2570279140847336e-10,0.9999999999999964,0.999999999999985
-0.15,1.030668636733709,540.1422055434659,-0.14999874572969163,2.2522214126735735e-10,0.9999999999999957,0.9999999999999851
-0.15,1.030668636733709,545.1446931164259,-0.14999874797975413,2.2473373290802376e-10,0.9999999999999942,0.9999999999999849
-0.15,1.030668636733709,550.1935108625528,-0.14999875023570686,2.242374350085122e-10,0.999999999999993,0.9999999999999848
-0.15,1.030668636733709,555.2890878653604,-0.14999875249759284,2.237330939446811e-10,0.9999999999999917,0.9999999999999845
-0.15,1.030668636733709,560.4318571822878,-0.14999875476552485,2.232205356357005e-10,0.9999999999999899,0.9999999999999843
-0.15,1.030668636733709,565.6222558815047,-0.14999875703968288,2.2269956625333142e-10,0.9999999999999885,0.9999999999999843
-0.15,1.030668636733709,570.8607250790558,-0.149998759320312,2.221699743063703e-10,0.9999999999999865,0.999999999999984
-0.15,1.030668636733709,576.1477099763489,-0.1499987616077196,2.2163153332436754e-10,0.9999999999999848,0.9999999999999836
-0.15,1.030668636733709,581.4836598979924,-0.14999876390227182,2.2108400111213537e-10,0.9999999999999826,0.9999999999999833
-0.15,1.030668636733709,586.8690283299819,-0.14999876620439023,2.20527124395645e-10,0.9999999999999808,0.9999999999999836
-0.15,1.030668636733709,592.3042729582397,-0.14999876851454763,2.1996063994860372e-10,0.9999999999999786,0.9999999999999833
-0.15,1.030668636733709,597.7898557075149,-0.1499987708332637,2.1938427479213022e-10,0.9999999999999765,0.9999999999999831
-0.15,1.030668636733709,603.3262427806361,-0.1499987731611007,2.1879775405131228e-10,0.999999999999974,0.999999999999983
-0.15,1.030668636733709,608.913904698138,-0.1499987754986584,2.1820079627088493e-10,0.9999999999999717,0.9999999999999826
-0.15,1.030668636733709,614.5533163382452,-0.14999877784656915,2.1759311920818088e-10,0.9999999999999701,0.9999999999999826
-0.15,1.030668636733709,620.2449569772324,-0.149998780205493,2.1697444304575983e-10,0.9999999999999675,0.9999999999999821
-0.15,1.030668636733709,625.9893103301563,-0.14999878257611227,2.1634449061369545e-10,0.9999999999999657,0.999999999999982
-0.15,1.030668636733709,631.7868645919671,-0.14999878495912652,2.15702989556292e-10,0.9999999999999634,0.9999999999999819
-0.15,1.030668636733709,637.638112478994,-0.14999878735524694,2.1504967643256303e-10,0.9999999999999617,0.9999999999999818
-0.15,1.030668636733709,643.5435512708254,-0.14999878976519126,2.1438429800462218e-10,0.9999999999999594,0.9999999999999817
-0.15,1.030668636733709,649.5036828525664,-0.14999879218967868,2.1370661065706402e-10,0.9999999999999578,0.9999999999999816
-0.15,1.030668636733709,655.5190137574945,-0.1499987946294244,2.1301638712400652e-10,0.9999999999999558,0.9999999999999816
-0.15,1.030668636733709,661.5900552101086,-0.14999879708513492,2.12313416030394e-10,0.9999999999999541,0.9999999999999812
-0.15,1.030668636733709,667.7173231695753,-0.14999879955750298,2.1159750040118164e-10,0.9999999999999527,0.9999999999999809
-0.15,1.030668636733709,673.9013383735801,-0.149998802047203,2.1086846583902801e-10,0.9999999999999512,0.9999999999999811
-0.15,1.030668636733709,680.1426263825831,-0.14999880455488648,2.1012615732783507e-10,0.9999999999999496,0.9999999999999809
-0.15,1.030668636733709,686.4417176244827,-0.14999880708117766,2.0937044254484472e-10,0.9999999999999485,0.9999999999999808
-0.15,1.030668636733709,692.7991474396972,-0.14999880962666992,2.0860121295766707e-10,0.9999999999999475,0.9999999999999808
-0.15,1.030668636733709,699.215456126661,-0.14999881219192138,2.0781838183352672e-10,0.9999999999999464,0.9999999999999803
-0.15,1.030668636733709,705.6911889877423,-0.14999881477745203,2.0702189217589893e-10,0.9999999999999457,0.9999999999999807
-0.15,1.030668636733709,712.2268963755895,-0.14999881738374013,2.062117111543081e-10,0.9999999999999448,0.9999999999999803
-0.15,1.030668636733709,718.8231337398989,-0.14999882001121967,2.0538783297696768e-10,0.9999999999999445,0.9999999999999805
-0.15,1.030668636733709,725.4804616746267,-0.14999882266027745,2.0455028051609604e-10,0.999999999999944,0.9999999999999802
-0.15,1.030668636733709,732.1994459656265,-0.14999882533125128,2.0369910562014113e-10,0.9999999999999439,0.9999999999999803
-0.15,1.030668636733709,738.9806576387373,-0.14999882802442757,2.0283438680827305e-10,0.9999999999999438,0.9999999999999801
-0.15,1.030668636733709,745.8246730083114,-0.14999883074004033,2.0195623318740566e-10,0.9999999999999439,0.9999999999999803
-0.15,1.030668636733709,752.7320737261965,-0.14999883347826948,2.0106478150374758e-10,0.9999999999999443,0.9999999999999805
-0.15,1.030668636733709,759.7034468311634,-0.14999883623924012,2.0016019751098776e-10,0.9999999999999447,0.9999999999999801
-0.15,1.030668636733709,766.7393847988028,-0.14999883902302188,1.9924267529134684e-10,0.9999999999999449,0.9999999999999803
-0.15,1.030668636733709,773.8404855918722,-0.1499988418296287,1.9831243735928514e-10,0.9999999999999454,0.9999999999999802
-0.15,1.030668636733709,781.0073527111184,-0.14999884465901883,1.973697336020008e-10,0.999999999999946,0.9999999999999801
-0.15,1.030668636733709,788.2405952465664,-0.1499988475110953,1.9641484079640194e-10,0.9999999999999469,0.99999999999998
-0.15,1.030668636733709,795.5408279292831,-0.14999885038570634,1.9544806223487722e-10,0.9999999999999483,0.9999999999999802
-0.15,1.030668636733709,802.9086711836236,-0.1499988532826465,1.9446972649874112e-10,0.9999999999999495,0.9999999999999805
-0.15,1.030668636733709,810.3447511799583,-0.1499988562016578,1.9348018654746073e-10,0.9999999999999504,0.9999999999999802
-0.15,1.030668636733709,817.8496998878867,-0.14999885914243097,1.924798194822312e-10,0.9999999999999518,0.9999999999999801
-0.15,1.030668636733709,825.4241551299497,-0.14999886210460744,1.9146902495327126e-10,0.999999999999953,0.9999999999999802
-0.15,1.030668636733709,833.0687606358348,-0.14999886508778137,1.904482226908847e-10,0.9999999999999545,0.9999999999999802
-0.15,1.030668636733709,840.7841660970844,-0.14999886809150112,1.894178540669105e-10,0.9999999999999561,0.9999999999999805
-0.15,1.030668636733709,848.5710272223139,-0.1499988711152721,1.8837837843049698e-10,0.9999999999999578,0.9999999999999805
-0.15,1.030668636733709,856.4300057929329,-0.14999887415855936,1.8733027282775185e-10,0.9999999999999594,0.9999999999999805
-0.15,1.030668636733709,864.3617697193946,-0.1499988772207899,1.8627403059262908e-10,0.9999999999999614,0.9999999999999808
-0.15,1.030668636733709,872.3669930979535,-0.1499988803013555,1.8521015997961666e-10,0.9999999999999628,0.999999999999981
-0.15,1.030668636733709,880.4463562679581,-0.14999888339961598,1.8413918150447725e-10,0.9999999999999648,0.9999999999999809
-0.15,1.030668636733709,888.6005458696701,-0.1499988865149017,1.8306162842098992e-10,0.9999999999999669,0.999999999999981
-0.15,1.030668636733709,896.8302549026189,-0.14999888964651717,1.8197804341779987e-10,0.9999999999999685,0.9999999999999809
-0.15,1.030668636733709,905.1361827845002,-0.14999889279374387,1.808889791875367e-10,0.9999999999999704,0.9999999999999813
-0.15,1.030668636733709,913.5190354106156,-0.14999889595584362,1.7979499416134624e-10,0.9999999999999719,0.9999999999999815
-0.15,1.030668636733709,921.9795252138629,-0.1499988991320621,1.7869665411928302e-10,0.999999999999974,0.9999999999999815
-0.15,1.030668636733709,930.5183712252855,-0.14999890232163146,1.7759452650567122e-10,0.9999999999999759,0.9999999999999816
-0.15,1.030668636733709,939.1362991351807,-0.1499989055237744,1.764891850720325e-10,0.9999999999999776,0.999999999999982
-0.15,1.030668636733709,947.8340413547725,-0.1499989087377069,1.7538120121036887e-10,0.9999999999999795,0.9999999999999818
-0.15,1.030668636733709,956.6123370784595,-0.14999891196264176,1.742711492067171e-10,0.9999999999999809,0.999999999999982
-0.15,1.030668636733709,965.4719323466358,-0.14999891519779174,1.7315959947868922e-10,0.9999999999999826,0.9999999999999821
-0.15,1.030668636733709,974.4135801090915,-0.1499989184423726,1.7204712126481182e-10,0.9999999999999843,0.9999999999999822
-0.15,1.030668636733709,983.4380402890077,-0.14999892169560625,1.7093427752663108e-10,0.999999999999986,0.9999999999999825
-0.15,1.030668636733709,992.5460798475383,-0.1499989249567242,1.6982162686310314e-10,0.9999999999999875,0.9999999999999826
-0.15,1.030668636733709,1001.7384728489908,-0.14999892822496952,1.687097208576508e-10,0.9999999999999892,0.9999999999999829
-0.15,1.030668636733709,1011.0160005266158,-0.14999893149960056,1.6759910316652474e-10,0.9999999999999905,0.9999999999999829
-0.15,1.030668636733709,1020.3794513489946,-0.14999893477989343,1.664903062100706e-10,0.9999999999999918,0.9999999999999833
-0.15,1.030668636733709,1029.8296210870567,-0.14999893806514433,1.653838549983498e-10,0.999999999999993,0.999999999999983
-0.15,1.030668636733709,1039.3673128817031,-0.1499989413546722,1.6428026127811835e-10,0.9999999999999942,0.9999999999999835
-0.15,1.030668636733709,1048.993337312066,-0.14999894464782124,1.6318002487596107e-10,0.999999999999995,0.9999999999999836
-0.15,1.030668636733709,1058.7085124643972,-0.1499989479439628,1.6208363102780387e-10,0.9999999999999961,0.9999999999999838
-0.15,1.030668636733709,1068.5136640015942,-0.14999895124249762,1.6099155229705482e-10,0.9999999999999971,0.9999999999999841
-0.15,1.030668636733709,1078.4096252333723,-0.14999895454285764,1.5990424575033437e-10,0.9999999999999978,0.9999999999999843
-0.15,1.030668636733709,1088.3972371870843,-0.14999895784450792,1.5882215204833426e-10,0.9999999999999983,0.9999999999999846
-0.15,1.030668636733709,1098.4773486791944,-0.14999896114694797,1.5774569507700286e-10,0.9999999999999992,0.9999999999999847
-0.15,1.030668636733709,1108.650816387419,-0.1499989644497136,1.5667528286001263e-10,0.9999999999999994,0.9999999999999848
-0.15,1.030668636733709,1118.9185049235327,-0.1499989677523777,1.5561130490082197e-10,1.0,0.9999999999999851
-0.15,1.030668636733709,1129.2812869068487,-0.14999897105455173,1.5455413168916063e-10,1.0000000000000007,0.9999999999999853
-0.15,1.030668636733709,1139.740043038382,-0.14999897435588663,1.5350411636443935e-10,1.0000000000000004,0.9999999999999853
-0.15,1.030668636733709,1150.2956621756925,-0.14999897765607353,1.5246159232088073e-10,1.0000000000000007,0.9999999999999857
-0.15,1.030668636733709,1160.9490414084332,-0.14999898095484437,1.5142687393525224e-10,1.0000000000000004,0.999999999999986
-0.15,1.030668636733709,1171.7010861345848,-0.14999898425197267,1.504002553306512e-10,1.0000000000000007,0.9999999999999861
-0.15,1.030668636733709,1182.5527101374053,-0.14999898754727345,1.4938201164334294e-10,1.0000000000000004,0.9999999999999863
-0.15,1.030668636733709,1193.5048356630894,-0.14999899084060378,1.4837239730552966e-10,1.0000000000000002,0.9999999999999866
-0.15,1.030668636733709,1204.55839349915,-0.14999899413186266,1.4737164712369789e-10,0.9999999999999999,0.9999999999999867
-0.15,1.030668636733709,1215.7143230535173,-0.1499989974209909,1.463799756229415e-10,0.9999999999999997,0.9999999999999871
-0.15,1.030668636733709,1226.9735724343827,-0.149999000707971,1.453975775353073e-10,0.9999999999999991,0.9999999999999873
-0.15,1.030668636733709,1238.33709853077,-0.14999900399282662,1.444246273514657e-10,0.9999999999999983,0.9999999999999873
-0.15,1.030668636733709,1249.8058670938608,-0.14999900727562213,1.4346127991207334e-10,0.9999999999999977,0.9999999999999872
-0.15,1.030668636733709,1261.3808528190714,-0.14999901055646214,1.4250767002477982e-10,0.999999999999997,0.9999999999999878
-0.15,1.030668636733709,1273.0630394288874,-0.14999901383549055,1.4156391364982167e-10,0.9999999999999963,0.9999999999999881
-0.15,1.030668636733709,1284.8534197564702,-0.14999901711288974,1.406301066484745e-10,0.9999999999999951,0.9999999999999883
-0.15,1.030668636733709,1296.7529958300336,-0.1499990203888796,1.3970632694186785e-10,0.9999999999999942,0.9999999999999883
-0.15,1.030668636733709,1308.7627789579997,-0.14999902366371656,1.3879263329591237e-10,0.999999999999993,0.9999999999999886
-0.15,1.030668636733709,1320.883789814951,-0.14999902693769235,1.3788906607686567e-10,0.9999999999999922,0.9999999999999887
-0.15,1.030668636733709,1333.1170585283726,-0.14999903021113273,1.3699564832014174e-10,0.999999999999991,0.9999999999999889
-0.15,1.030668636733709,1345.4636247661995,-0.1499990334843961,1.361123857269502e-10,0.99999999999999,0.9999999999999891
-0.15,1.030668636733709,1357.924537825179,-0.14999903675787235,1.352392667521537e-10,0.9999999999999886,0.9999999999999896
-0.15,1.030668636733709,1370.500856720038,-0.1499990400319811,1.343762623649901e-10,0.9999999999999873,0.9999999999999896
-0.15,1.030668636733709,1383.1936502734964,-0.14999904330717026,1.3352333039498716e-10,0.9999999999999859,0.9999999999999898
-0.15,1.030668636733709,1396.0039972070938,-0.14999904658391447,1.3268041088988415e-10,0.9999999999999843,0.9999999999999899
-0.15,1.030668636733709,1408.9329862328714,-0.14999904986271337,1.318474300154707e-10,0.9999999999999833,0.9999999999999901
-0.15,1.030668636733709,1421.9817161458968,-0.1499990531440901,1.31024299699704e-10,0.9999999999999816,0.9999999999999901
-0.15,1.030668636733709,1435.1512959176512,-0.14999905642858935,1.3021091713956198e-10,0.9999999999999807,0.9999999999999902
-0.15,1.030668636733709,1448.4428447902692,-0.14999905971677577,1.29407168511759e-10,0.9999999999999791,0.9999999999999905
-0.15,1.030668636733709,1461.8574923716699,-0.14999906300923194,1.286129257219214e-10,0.9999999999999776,0.9999999999999908
-0.15,1.030668636733709,1475.3963787315492,-0.14999906630655702,1.278280492386537e-10,0.999999999999976,0.9999999999999912
-0.15,1.030668636733709,1489.0606544982772,-0.14999906960936457,1.270523896139827e-10,0.9999999999999745,0.999999999999991
-0.15,1.030668636733709,1502.8514809566846,-0.1499990729182807,1.2628578534374437e-10,0.999999999999973,0.9999999999999915
-0.15,1.030668636733709,1516.7700301467542,-0.1499990762339426,1.2552806501948583e-10,0.9999999999999718,0.9999999999999918
-0.15,1.030668636733709,1530.8174849632353,-0.14999907955699646,1.2477904824143396e-10,0.9999999999999701,0.9999999999999916
-0.15,1.030668636733709,1544.9950392561707,-0.14999908288809552,1.24038547392428e-10,0.9999999999999687,0.9999999999999917
-0.15,1.030668636733709,1559.3038979323546,-0.14999908622789876,1.2330636401807755e-10,0.9999999999999672,0.999999999999992
-0.15,1.030668636733709,1573.7452770577393,-0.14999908957706862,1.2258229376271822e-10,0.9999999999999658,0.999999999999992
-0.15,1.030668636733709,1588.3204039607824,-0.14999909293626948,1.2186612709936423e-10,0.9999999999999643,0.9999999999999923
-0.15,1.030668636733709,1603.0305173367537,-0.14999909630616604,1.2115764556909776e-10,0.9999999999999631,0.9999999999999922
-0.15,1.030668636733709,1617.8768673530133,-0.14999909968742137,1.2045662635956163e-10,0.9999999999999617,0.9999999999999926
-0.15,1.030668636733709,1632.8607157552478,-0.14999910308069528,1.197628427914305e-10,0.9999999999999601,0.9999999999999927
-0.15,1.030668636733709,1647.9833359747165,-0.14999910648664308,1.1907606118333932e-10,0.999999999999959,0.9999999999999926
-0.15,1.030668636733709,1663.2460132364645,-0.14999910990591328,1.1839604766478342e-10,0.9999999999999577,0.9999999999999929
-0.15,1.030668636733709,1678.6500446685554,-0.14999911333914678,1.1772256258550312e-10,0.9999999999999567,0.999999999999993
-0.15,1.030668636733709,1694.1967394123092,-0.14999911678697475,1.170553641771459e-10,0.9999999999999553,0.9999999999999931
-0.15,1.030668636733709,1709.8874187335668,-0.14999912025001788,1.1639420921508753e-10,0.9999999999999541,0.9999999999999932
-0.15,1.030668636733709,1725.7234161349695,-0.14999912372888413,1.157388521668196e-10,0.999999999999953,0.9999999999999931
-0.15,1.030668636733709,1741.706077469303,-0.149999127224168,1.150890480906453e-10,0.9999999999999519,0.9999999999999934
-0.15,1.030668636733709,1757.8367610538646,-0.14999913073644924,1.1444455021843e-10,0.9999999999999509,0.9999999999999937
-0.15,1.030668636733709,1774.1168377859105,-0.14999913426629113,1.1380511215231168e-10,0.99999999999995,0.9999999999999939
-0.15,1.030668636733709,1790.547691259161,-0.14999913781423985,1.131704871259668e-10,0.9999999999999494,0.9999999999999939
-0.15,1.030668636733709,1807.1307178813868,-0.14999914138082293,1.1254043112462292e-10,0.9999999999999486,0.9999999999999939
-0.15,1.030668636733709,1823.867326993091,-0.14999914496654854,1.119147002286138e-10,0.9999999999999475,0.9999999999999941
-0.15,1.030668636733709,1840.7589409872808,-0.14999914857190433,1.1129305300611379e-10,0.9999999999999469,0.9999999999999942
-0.15,1.030668636733709,1857.8069954303487,-0.1499991521973564,1.1067524873599887e-10,0.9999999999999462,0.9999999999999943
-0.15,1.030668636733709,1875.012939184082,-0.1499991558433485,1.1006105131489968e-10,0.9999999999999457,0.9999999999999946
-0.15,1.030668636733709,1892.378234528796,-0.1499991595103014,1.0945022630438186e-10,0.999999999999945,0.9999999999999942
-0.15,1.030668636733709,1909.9043572876058,-0.14999916319861195,1.0884254292458869e-10,0.9999999999999447,0.9999999999999944
-0.15,1.030668636733709,1927.592796951861,-0.1499991669086522,1.0823777444655119e-10,0.9999999999999439,0.999999999999995
-0.15,1.030668636733709,1945.4450568077177,-0.14999917064076915,1.0763569740078282e-10,0.9999999999999434,0.9999999999999949
-0.15,1.030668636733709,1963.4626540639163,-0.14999917439528412,1.0703609272859846e-10,0.9999999999999433,0.9999999999999948
-0.15,1.030668636733709,1981.6471199807077,-0.149999178172492,1.0643874625757413e-10,0.999999999999943,0.999999999999995
-0.15,1.030668636733709,2000.0,-0.14999918197266104,1.0584344850880816e-10,0.9999999999999427,0.9999999999999951
-0.1,1.0302193722744544,0.0,0.0,0.0,0.0,1.0302193722744544
-0.1,1.0302193722744544,0.05,-0.0011923267186830357,0.023454649138954117,0.029736715065148522,1.0297586227425302
-0.1,1.0302193722744544,0.1,-0.004614952608135891,0.04462982166290843,0.059359072922145734,1.0292978960687829
-0.1,1.0302193722744544,0.15000000000000002,-0.010047002117187304,0.06366616004544096,0.08876580489639468,1.028837248707894
-0.1,1.0302193722744544,0.2,-0.017281419700001157,0.08069938205177227,0.11786875174540745,1.028376770415058
-0.1,1.0302193722744544,0.25,-0.026124467981768297,0.09586011291909241,0.1465916683170759,1.0279165807239263
-0.1,1.0302193722744544,0.30000000000000004,-0.03639521229889473,0.10927376738046488,0.1748691202150285,1.0274568255847367
-0.1,1.0302193722744544,0.35000000000000003,-0.04792499575137848,0.12106047612308722,0.20264546553201843,1.0269976741486326
-0.1,1.0302193722744544,0.4,-0.06055690897040841,0.1313350516666628,0.22987391542755287,1.0265393156893983
-0.1,1.0302193722744544,0.45,-0.0741452574321733,0.1402069890282041,0.25651566792280067,1.0260819566577515
-0.1,1.0302193722744544,0.5,-0.0885550315517475,0.14778049690337652,0.28253910978844876,1.0256258178664708
-0.1,1.0302193722744544,0.55,-0.10366138091501576,0.15415455543940604,0.30791908182776495,1.0251711318068055
-0.1,1.0302193722744544,0.6000000000000001,-0.11934909434319042,0.1594229970012424,0.3326362032213967,1.0247181400980985
-0.1,1.0302193722744544,0.65,-0.13551209139590545,0.16367460663947012,0.3566762509181647,1.0242670910734122
-0.1,1.0302193722744544,0.7000000000000001,-0.1520529217829894,0.16699323925693435,0.38002959033048045,1.0238182375043514
-0.1,1.0302193722744544,0.75,-0.16888228035563727,0.16945795074100506,0.40269065383990427,1.0233718344682747
-0.1,1.0302193722744544,0.8,-0.18591853293217603,0.17114314058088595,0.42465746383468256,1.0229281373606596
-0.1,1.0302193722744544,0.8500000000000001,-0.2030872590143105,0.17211870372461094,0.44593119720160773,1.0224874000548578
-0.1,1.0302193722744544,0.9,-0.22032080913342564,0.17245018965054223,0.46651578837318414,1.0220498732106844
-0.1,1.0302193722744544,0.9500000000000001,-0.23755787777696585,0.17219896683153393,0.486417568200128,1.0216158027323472
-0.1,1.0302193722744544,1.0,-0.25474309493476793,0.17142239096090436,0.5056449360742441,1.0211854283752695
-0.1,1.0302193722744544,1.05,-0.2718266321588852,0.1701739754849119,0.5242080628726059,1.020758982500373
-0.1,1.0302193722744544,1.1,-0.28876382731064726,0.16850356315002488,0.5421186224337138,1.020336688973336
-0.1,1.0302193722744544,1.1500000000000001,-0.3055148266472147,0.1664574974250722,0.5593895494063267,1.0199187622054737
-0.1,1.0302193722744544,1.2000000000000002,-0.32204424245729324,0.16407879279749327,0.5760348214376103,1.019505406331906
-0.1,1.0302193722744544,1.25,-0.33832082900018756,0.16140730307218867,0.5920692637879137,1.0190968145219514
-0.1,1.0302193722744544,1.3,-0.3543171752372935,0.1584798869204524,0.6075083745735588,1.018693168415913
-0.1,1.0302193722744544,1.35,-0.37000941276000726,0.1553305700350181,0.6223681689497671,1.0182946376818671
-0.1,1.0302193722744544,1.4000000000000001,-0.3853769404425371,0.15199070334719844,0.6366650406524301,1.0179013796855176
-0.1,1.0302193722744544,1.4500000000000002,-0.40040216528044037,0.1484891168535613,0.6504156394186081,1.0175135392658443
-0.1,1.0302193722744544,1.5,-0.4150702575433629,0.14485226868236944,0.6636367629030413,1.0171312486089605
-0.1,1.0302193722744544,1.55,-0.42936892042265845,0.14110438910514542,0.6763452618018895,1.0167546272124401
-0.1,1.0302193722744544,1.6,-0.44328817453372793,0.13726761926693568,0.6885579569841409,1.0163837819322783
-0.1,1.0302193722744544,1.6500000000000001,-0.4568201560064775,0.1333621444700779,0.7002915675160601,1.016018807104678
-0.1,1.0302193722744544,1.7000000000000002,-0.46995892705321296,0.12940632190085977,0.7115626485453012,1.0156597847349853
-0.1,1.0302193722744544,1.75,-0.48270029906718454,0.12541680273715716,0.7223875380886833,1.0153067847461714
-0.1,1.0302193722744544,1.8,-0.4950416681123252,0.12140864861839605,0.7327823118407247,1.014959865279592
-0.1,1.0302193722744544,1.85,-0.5069818617893032,0.11739544249710371,0.7427627451890029,1.0146190730409672
-0.1,1.0302193722744544,1.9000000000000001,-0.5185209965370138,0.11338939392427477,0.7523442816877001,1.0142844436848921
-0.1,1.0302193722744544,1.9500000000000002,-0.5296603450991039,0.10940143884928544,0.7615420073023071,1.0139560022315304
-0.1,1.0302193722744544,2.0,-0.5404022139758017,0.10544133403955626,0.7703706297961538,1.0136337635095227
-0.1,1.0302193722744544,2.0500000000000003,-0.5507498302162688,0.10151774624582885,0.7788444626833634,1.013317732619562
-0.1,1.0302193722744544,2.1,-0.5607072367098366,0.09763833625603356,0.7869774132232987,1.0130079054135046
-0.1,1.0302193722744544,2.15,-0.5702791954319061,0.09380983799466276,0.7947829739786931,1.0127042689842856
-0.1,1.0302193722744544,2.2,-0.5794710983923561,0.09003813283567208,0.8022742175035105,1.0124068021623442
-0.1,1.0302193722744544,2.25,-0.5882888859651499,0.08632831930549922,0.8094637937672001,1.0121154760146642
-0.1,1.0302193722744544,2.3000000000000003,-0.5967389720426126,0.08268477835903498,0.8163639299595645,1.0118302543429414
-0.1,1.0302193722744544,2.35,-0.6048281754026885,0.07911123441553054,0.8229864323551567,1.0115510941777792
-0.1,1.0302193722744544,2.4000000000000004,-0.6125636568459111,0.07561081234374081,0.8293426899481947,1.0112779462661814
-0.1,1.0302193722744544,2.45,-0.6199528618287418,0.0721860905863379,0.8354436795984551,1.0110107555499646
-0.1,1.0302193722744544,2.5,-0.62700346832534,0.06883915061297792,0.8412999724556113,1.010749461633038
-0.1,1.0302193722744544,2.5500000000000003,-0.6337233395430568,0.06557162288955792,0.8469217414542197,1.0104939992358222
-0.1,1.0302193722744544,2.6,-0.6401204810526598,0.062384729548300606,0.8523187696941164,1.010244298635363
-0.1,1.0302193722744544,2.6500000000000004,-0.6462030019454272,0.059279323939525265,0.857500459541619,1.01000028608995
-0.1,1.0302193722744544,2.7,-0.6519790797378726,0.05625592724145847,0.8624758423056889,1.0097618842473188
-0.1,1.0302193722744544,2.75,-0.657456928813033,0.05331476229934342,0.8672535883602659,1.0095290125357028
-0.1,1.0302193722744544,2.8000000000000003,-0.6626447721775329,0.05045578485954904,0.8718420175994175,1.0093015875372504
-0.1,1.0302193722744544,2.85,-0.6675508162664116,0.04767871235844961,0.8762491101258777,1.0090795233434477
-0.1,1.0302193722744544,2.9000000000000004,-0.6721832285052778,0.04498305041963532,0.880482517086146,1.0088627318924
-0.1,1.0302193722744544,2.95,-0.6765501173679203,0.04236811720661379,0.8845495715766593,1.0086511232879287
-0.1,1.0302193722744544,3.0,-0.6806595147251044,0.039833065771638254,0.88845729955573,1.0084446061005934
-0.1,1.0302193722744544,3.0500000000000003,-0.6845193603267518,0.03737690453472879,0.8922124307051242,1.008243087650832
-0.1,1.0302193722744544,3.1,-0.6881374882722671,0.034998516020390454,0.8958214091932962,1.0080464742745336
-0.1,1.0302193722744544,3.1500000000000004,-0.6915216153097603,0.03269667397302226,0.8992904042996106,1.0078546715714038
-0.1,1.0302193722744544,3.2,-0.6946793307886794,0.03047005896559436,0.9026253208653768,1.0076675846365917
-0.1,1.0302193722744544,3.25,-0.697618088091904,0.028317272609876164,0.9058318095432576,1.007485118276056
-0.1,1.0302193722744544,3.3000000000000003,-0.7003451973954724,0.026236850470358196,0.9089152768217731,1.0073071772062279
-0.1,1.0302193722744544,3.35,-0.7028678196349015,0.024227273778046895,0.9118808948060917,1.0071336662385504
-0.1,1.0302193722744544,3.4000000000000004,-0.7051929615811756,0.022286980034543595,0.9147336107403141,1.0069644904494863
-0.1,1.0302193722744544,3.45,-0.707327471938885,0.020414372591262935,0.9174781562599471,1.0067995553366367
-0.1,1.0302193722744544,3.5,-0.7092780383760511,0.018607829283309694,0.9201190563662871,1.0066387669615877
-0.1,1.0302193722744544,3.5500000000000003,-0.7110511853888816,0.016865710192422955,0.9226606381171266,1.0064820320801227
-0.1,1.0302193722744544,3.6,-0.7126532729037466,0.0151863646085176,0.9251070390304996,1.0063292582604706
-0.1,1.0302193722744544,3.6500000000000004,-0.7140904955265508,0.013568137254703058,0.9274622152001414,1.0061803539901852
-0.1,1.0302193722744544,3.7,-0.7153688823640785,0.01200937383624429,0.9297299491231027,1.0060352287723147
-0.1,1.0302193722744544,3.75,-0.7164942973570628,0.01050842596974007,0.9319138572413832,1.0058937932114589
-0.1,1.0302193722744544,3.8000000000000003,-0.7174724400756126,0.009063655544834565,0.9340173972007176,1.0057559590903369
-0.1,1.0302193722744544,3.85,-0.7183088469321743,0.007673438567037096,0.9360438748306678,1.0056216394374236
-0.1,1.0302193722744544,3.9000000000000004,-0.719008892766758,0.006336168526702088,0.9379964508510675,1.0054907485862548
-0.1,1.0302193722744544,3.95,-0.7195777927570595,0.005050259335905745,0.9398781473105564,1.0053632022269279
-0.1,1.0302193722744544,4.0,-0.7200206046057512,0.0038141478718425443,0.9416918537635312,1.0052389174503347
-0.1,1.0302193722744544,4.05,-0.720342230960213,0.002626296162444313,0.9434403331922919,1.0051178127856306
-0.1,1.0302193722744544,4.1000000000000005,-0.7205474220260504,0.0014851932471896,0.9451262276815156,1.0049998082314398
-0.1,1.0302193722744544,4.15,-0.7206407783431557,0.00038935674351408064,0.9467520638524568,1.0048848252812292
-0.1,1.0302193722744544,4.2,-0.7206267536997085,-0.0006626658531557005,0.94832025806446,1.0047727869433283
-0.1,1.0302193722744544,4.25,-0.7205096581639088,-0.0016722961099505363,0.9498331213914666,1.004663617755991
-0.1,1.0302193722744544,4.3,-0.7202936612150407,-0.0026409238139679533,0.9512928643812921,1.0045572437978971
-0.1,1.0302193722744544,4.3500000000000005,-0.7199827949554167,-0.0035699063247531396,0.9527016016053999,1.004453592694482
-0.1,1.0302193722744544,4.4,-0.7195809573839723,-0.004460568101854444,0.9540613560069255,1.0043525936204385
-0.1,1.0302193722744544,4.45,-0.7190919157121001,-0.005314200389123031,0.955374063054566,1.004254177298725
-0.1,1.0302193722744544,4.5,-0.7185193097032841,-0.006132061038969369,0.9566415747098805,1.0041582759963994
-0.1,1.0302193722744544,4.55,-0.7178666550204302,-0.006915374461221582,0.9578656632154203,1.0040648235175724
-0.1,1.0302193722744544,4.6000000000000005,-0.7171373465678326,-0.007665331682553879,0.9590480247109168,1.0039737551937482
-0.1,1.0302193722744544,4.65,-0.7163346618179675,-0.008383090503679113,0.9601902826846384,1.003885007871826
-0.1,1.0302193722744544,4.7,-0.7154617641158573,-0.009069775742630182,0.9612939912667997,1.0037985198999855
-0.1,1.0302193722744544,4.75,-0.714521705955441,-0.009726479553499564,0.9623606383717402,1.0037142311117007
-0.1,1.0302193722744544,4.800000000000001,-0.7135174322230046,-0.01035426181096882,0.9633916486953812,1.0036320828080676
-0.1,1.0302193722744544,4.8500000000000005,-0.7124517834026682,-0.010954150551847232,0.9643883865742631,1.0035520177386712
-0.1,1.0302193722744544,4.9,-0.7113274987385426,-0.011527142465654774,0.9653521587122476,1.003473980081138
-0.1,1.0302193722744544,4.95,-0.7101472193479074,-0.01207420342703567,0.9662842167807749,1.0033979154195674
-0.1,1.0302193722744544,5.0,-0.7089134912799177,-0.012596269063478546,0.9671857598983413,1.0033237707219835
-0.1,1.0302193722744544,5.050000000000001,-0.7076287685149701,-0.01309424535245282,0.9680579369946396,1.0032514943169555
-0.1,1.0302193722744544,5.1000000000000005,-0.7062954159009341,-0.013569009242651505,0.9689018490646364,1.0031810358695117
-0.1,1.0302193722744544,5.15,-0.7049157120236911,-0.014021409294563865,0.9697185513175934,1.003112346356476
-0.1,1.0302193722744544,5.2,-0.703491852010641,-0.014452266336088085,0.9705090552259032,1.0030453780413326
-0.1,1.0302193722744544,5.25,-0.7020259502667953,-0.014862374129341062,0.971274330478352,1.0029800844487218
-0.1,1.0302193722744544,5.300000000000001,-0.7005200431436732,-0.015252500045229567,0.9720153068422688,1.0029164203386558
-0.1,1.0302193722744544,5.3500000000000005,-0.6989760915414336,-0.015623385742719695,0.9727328759388186,1.0028543416805544
-0.1,1.0302193722744544,5.4,-0.6973959834446003,-0.015975747850081098,0.9734278929355031,1.0027938056271513
-0.1,1.0302193722744544,5.45,-0.695781536391511,-0.016310278645691925,0.9741011781597715,1.0027347704883698
-0.1,1.0302193722744544,5.5,-0.6941344998773626,-0.01662764673627236,0.9747535186374605,1.0026771957052116
-0.1,1.0302193722744544,5.550000000000001,-0.6924565576905793,-0.016928497730671142,0.9753856695596205,1.0026210418237256
-0.1,1.0302193722744544,5.6000000000000005,-0.690749330182251,-0.017213454907561754,0.9759983556811237,1.0025662704691005
-0.1,1.0302193722744544,5.65,-0.6890143764685901,-0.01748311987561703,0.9765922726542865,1.0025128443199391
-0.1,1.0302193722744544,5.7,-0.6872531965667076,-0.017738073224921953,0.9771680883006207,1.0024607270827486
-0.1,1.0302193722744544,5.75,-0.6854672334644052,-0.017978875168557902,0.9777264438236241,1.0024098834666764
-0.1,1.0302193722744544,5.800000000000001,-0.6836578751251272,-0.01820606617344866,0.9782679549654599,1.0023602791585435
-0.1,1.0302193722744544,5.8500000000000005,-0.6818264564295213,-0.018420167579699654,0.9787932131101794,1.0023118807981866
-0.1,1.0302193722744544,5.9,-0.6799742610552941,-0.01862168220778971,0.9793027863360529,1.0022646559541413
-0.1,1.0302193722744544,5.95,-0.6781025232971276,-0.018811094953089143,0.9797972204194312,1.00221857309969
-0.1,1.0302193722744544,6.0,-0.676212429828386,-0.018988873367281583,0.9802770397924652,1.0021736015892897
-0.1,1.0302193722744544,6.050000000000001,-0.6743051214062101,-0.019155468226358587,0.9807427484568794,1.0021297116353984
-0.1,1.0302193722744544,6.1000000000000005,-0.672381694521434,-0.019311314084939857,0.9811948308559105,1.0020868742857136
-0.1,1.0302193722744544,6.15,-0.6704432029945826,-0.019456829816744625,0.9816337527063955,1.0020450614008294
-0.1,1.0302193722744544,6.2,-0.6684906595190854,-0.01959241914110628,0.9820599617929231,1.0020042456323353
-0.1,1.0302193722744544,6.25,-0.6665250371527562,-0.019718471135480194,0.9824738887258572,1.0019644004013402
-0.1,1.0302193722744544,6.300000000000001,-0.664547270758608,-0.019835360733946837,0.9828759476649526,1.0019254998774556
-0.1,1.0302193722744544,6.3500000000000005,-0.6625582583960937,-0.01994344921175739,0.983266537010202,1.0018875189582153
-0.1,1.0302193722744544,6.4,-0.6605588626639923,-0.020043084656009173,0.9836460400614783,1.0018504332489566
-0.1,1.0302193722744544,6.45,-0.6585499119962498,-0.020134602422573703,0.9840148256484487,1.001814219043144
-0.1,1.0302193722744544,6.5,-0.6565322019122016,-0.020218325579430253,0.9843732487321818,1.0017788533031553
-0.1,1.0302193722744544,6.550000000000001,-0.6545064962226814,-0.020294565336584032,0.9847216509797783,1.0017443136415056
-0.1,1.0302193722744544,6.6000000000000005,-0.6524735281935633,-0.02036362146277161,0.9850603613133114,1.0017105783025362
-0.1,1.0302193722744544,6.65,-0.650434001668278,-0.020425782689174478,0.9853896964342925,1.0016776261445344
-0.1,1.0302193722744544,6.7,-0.648388592150803,-0.02048132710037862,0.9857099613248069,1.0016454366223055
-0.1,1.0302193722744544,6.75,-0.6463379478505514,-0.02053052251283181,0.9860214497264306,1.001613989770178
-0.1,1.0302193722744544,6.800000000000001,-0.6442826906904793,-0.02057362684106035,0.9863244445979679,1.0015832661854422
-0.1,1.0302193722744544,6.8500000000000005,-0.6422234172796275,-0.02061088845191728,0.9866192185530042,1.0015532470122175
-0.1,1.0302193722744544,6.9,-0.6401606998512352,-0.020642546507140324,0.9869060342782204,1.0015239139257384
-0.1,1.0302193722744544,6.95,-0.6380950871674443,-0.0206688312945029,0.9871851449333674,1.0014952491170575
-0.1,1.0302193722744544,7.0,-0.6360271053915955,-0.020689964547845986,0.9874567945337622,1.0014672352781582
-0.1,1.0302193722744544,7.050000000000001,-0.6339572589290463,-0.020706159756280106,0.9877212183161084,1.0014398555874606
-0.1,1.0302193722744544,7.1000000000000005,-0.6318860312374527,-0.020717622462848025,0.9879786430884299,1.0014130936957317
-0.1,1.0302193722744544,7.15,-0.6298138856074458,-0.020724550552939057,0.9882292875648392,1.0013869337123742
-0.1,1.0302193722744544,7.2,-0.6277412659146581,-0.020727134532744197,0.9884733626858558,1.0013613601920968
-0.1,1.0302193722744544,7.25,-0.625668597344064,-0.02072555779804006,0.9887110719249323,1.0013363581219552
-0.1,1.0302193722744544,7.300000000000001,-0.6235962870876268,-0.02071999689358663,0.9889426115818273,1.0013119129087584
-0.1,1.0302193722744544,7.3500000000000005,-0.6215247250162351,-0.020710621763420783,0.9891681710634234,1.001288010366823
-0.1,1.0302193722744544,7.4,-0.6194542843269241,-0.020697595992323722,0.9893879331525767,1.0012646367060827
-0.1,1.0302193722744544,7.45,-0.6173853221663432,-0.02068107703873624,0.98960207426553,1.001241778520534
-0.1,1.0302193722744544,7.5,-0.6153181802314092,-0.020661216459390997,0.9898107646984267,1.001219422777009
-0.1,1.0302193722744544,7.550000000000001,-0.613253185348037,-0.02063816012592618,0.9900141688634029,1.0011975568042781
-0.1,1.0302193722744544,7.6000000000000005,-0.6111906500287971,-0.020612048433739243,0.9902124455147511,1.0011761682824647
-0.1,1.0302193722744544,7.65,-0.6091308730102813,-0.020583016503334568,0.9904057479655805,1.0011552452327668
-0.1,1.0302193722744544,7.7,-0.6070741397709222,-0.0205511943744125,0.9905942242954248,1.0011347760074776
-0.1,1.0302193722744544,7.75,-0.6050207230299501,-0.020516707192941984,0.9907780175491946,1.0011147492803019
-0.1,1.0302193722744544,7.800000000000001,-0.6029708832281286,-0.020479675391452425,0.9909572659278535,1.0010951540369524
-0.1,1.0302193722744544,7.8500000000000005,-0.6009248689908823,-0.020440214862775242,0.991132102971208,1.0010759795660265
-0.1,1.0302193722744544,7.9,-0.5988829175743886,-0.020398437127458542,0.9913026577331462,1.0010572154501471
-0.1,1.0302193722744544,7.95,-0.5968452552952018,-0.020354449495073063,0.9914690549496682,1.0010388515573752
-0.1,1.0302193722744544,8.0,-0.5948120979439543,-0.020308355219621203,0.9916314152000245,1.0010208780328644
-0.1,1.0302193722744544,8.05,-0.5927836511836727,-0.0202602536492544,0.9917898550612745,1.001003285290777
-0.1,1.0302193722744544,8.1,-0.5907601109332555,-0.020210240370499163,0.991944487256543,1.0009860640064283
-0.1,1.0302193722744544,8.15,-0.5887416637366357,-0.020158407347184985,0.992095420797264,1.0009692051086778
-0.1,1.0302193722744544,8.200000000000001,-0.5867284871181689,-0.02010484305426227,0.9922427611196633,1.0009526997725362
-0.1,1.0302193722744544,8.25,-0.5847207499247691,-0.02004963260669219,0.9923866102157463,1.0009365394120044
-0.1,1.0302193722744544,8.3,-0.5827186126553122,-0.01999285788358492,0.9925270667590125,1.0009207156731168
-0.1,1.0302193722744544,8.35,-0.5807222277778102,-0.01993459764775673,0.9926642262251423,1.0009052204272013
-0.1,1.0302193722744544,8.4,-0.5787317400348517,-0.019874927660871573,0.9927981810078652,1.0008900457643404
-0.1,1.0302193722744544,8.450000000000001,-0.5767472867377763,-0.019813920794326412,0.9929290205302145,1.000875183987025
-0.1,1.0302193722744544,8.5,-0.5747689980500316,-0.01975164713603546,0.9930568313513786,1.0008606276040042
-0.1,1.0302193722744544,8.55,-0.5727969972601387,-0.019688174093262015,0.993181697269324,1.0008463693243168
-0.1,1.0302193722744544,8.6,-0.5708314010446718,-0.019623566491643027,0.9933036994193805,1.0008324020515023
-0.1,1.0302193722744544,8.65,-0.5688723197216184,-0.019557886670545012,0.9934229163689574,1.0008187188779916
-0.1,1.0302193722744544,8.700000000000001,-0.5669198574944849,-0.01949119457488671,0.9935394242085587,1.0008053130796601
-0.1,1.0302193722744544,8.75,-0.5649741126874702,-0.01942354784355806,0.9936532966392426,1.0007921781105504
-0.1,1.0302193722744544,8.8,-0.5630351779720263,-0.019355001894560925,0.9937646050566956,1.000779307597751
-0.1,1.0302193722744544,8.85,-0.5611031405850999,-0.019285610006993036,0.9938734186320385,1.000766695336427
-0.1,1.0302193722744544,8.9,-0.559178082539344,-0.01921542339999165,0.9939798043895295,1.0007543352850108
-0.1,1.0302193722744544,8.950000000000001,-0.5572600808255669,-0.01914449130874962,0.9940838272812689,1.000742221560527
-0.1,1.0302193722744544,9.0,-0.555349207607686,-0.019072861057712647,0.9941855502590452,1.0007303484340615
-0.1,1.0302193722744544,9.05,-0.5534455304104506,-0.019000578131062436,0.9942850343434392,1.0007187103263682
-0.1,1.0302193722744544,9.1,-0.5515491123001814,-0.01892768624058665,0.9943823386902985,1.0007073018036128
-0.1,1.0302193722744544,9.15,-0.5496600120587788,-0.018854227391033054,0.9944775206546853,1.0006961175732316
-0.1,1.0302193722744544,9.200000000000001,-0.547778284351251,-0.018780241943041665,0.9945706358524157,1.0006851524799292
-0.1,1.0302193722744544,9.25,-0.5459039798870003,-0.018705768673745314,0.9946617382192754,1.0006744015017903
-0.1,1.0302193722744544,9.3,-0.5440371455751034,-0.018630844835125396,0.9947508800680128,1.0006638597465032
-0.1,1.0302193722744544,9.35,-0.5421778246738312,-0.01855550621020714,0.9948381121432015,1.0006535224477076
-0.1,1.0302193722744544,9.4,-0.5403260569346181,-0.01847978716717483,0.9949234836740589,1.0006433849614436
-0.1,1.0302193722744544,9.450000000000001,-0.5384818787407173,-0.018403720711484887,0.9950070424252954,1.000633442762712
-0.1,1.0302193722744544,9.5,-0.5366453232407429,-0.01832733853605164,0.99508883474609,1.0006236914421345
-0.1,1.0302193722744544,9.55,-0.5348164204773053,-0.018250671069578093,0.9951689056172504,1.0006141267027118
-0.1,1.0302193722744544,9.600000000000001,-0.5329951975109385,-0.018173747523101004,0.995247298696643,1.0006047443566901
-0.1,1.0302193722744544,9.65,-0.5311816785394928,-0.018096595934817123,0.9953240563629546,1.0005955403225022
-0.1,1.0302193722744544,9.700000000000001,-0.5293758850131822,-0.018019243213255078,0.9953992197578614,1.0005865106218217
-0.1,1.0302193722744544,9.75,-0.5275778357454309,-0.01794171517885461,0.9954728288266502,1.0005776513766824
-0.1,1.0302193722744544,9.8,-0.5257875470196942,-0.017864036604013197,0.9955449223573832,1.000568958806706
-0.1,1.0302193722744544,9.850000000000001,-0.5240050326923851,-0.01778623125165702,0.9956155380186287,1.0005604292263914
-0.1,1.0302193722744544,9.9,-0.5222303042920531,-0.01770832191239185,0.995684712395846,1.000552059042501
-0.1,1.0302193722744544,9.950000000000001,-0.5204633711149411,-0.017630330440286692,0.9957524810264534,1.0005438447515138
-0.1,1.0302193722744544,10.0,-0.5187042403170484,-0.017552277787341815,0.9958188784336478,1.00053578293716
-0.1,1.0302193722744544,10.05,-0.5169529170028173,-0.017474184036689825,0.9958839381590113,1.0005278702680231
-0.1,1.0302193722744544,10.100000000000001,-0.5152094043105585,-0.017396068434577572,0.9959476927939657,1.000520103495221
-0.1,1.0302193722744544,10.15,-0.5134737034947267,-0.017317949421174313,0.9960101740101038,1.0005124794501437
-0.1,1.0302193722744544,10.200000000000001,-0.5117458140051501,-0.017239844660249994,0.9960714125884578,1.0005049950422713
-0.1,1.0302193722744544,10.25,-0.5100257335633264,-0.0171617710677659,0.9961314384477283,1.000497647257043
-0.1,1.0302193722744544,10.3,-0.5083134582358805,-0.0170837448394181,0.9961902806715325,1.000490433153798
-0.1,1.0302193722744544,10.350000000000001,-0.5066089825052895,-0.01700578147717312,0.9962479675346922,1.000483349863774
-0.1,1.0302193722744544,10.4,-0.5049122993379699,-0.01692789581483298,0.9963045265286068,1.0004763945881618
-0.1,1.0302193722744544,10.450000000000001,-0.503223400249827,-0.016850102042666053,0.9963599843857484,1.0004695645962176
-0.1,1.0302193722744544,10.5,-0.5015422753693622,-0.0167724137311385,0.9964143671033054,1.0004628572234358
-0.1,1.0302193722744544,10.55,-0.49986891349842555,-0.01669484385377966,0.9964676999660097,1.0004562698697654
-0.1,1.0302193722744544,10.600000000000001,-0.4982033021707092,-0.0166174048092136,0.9965200075681836,1.0004497999978874
-0.1,1.0302193722744544,10.65,-0.4965454277080688,-0.016540108442388082,0.996571313835024,1.0004434451315363
-0.1,1.0302193722744544,10.700000000000001,-0.49489527527475374,-0.016462966065030123,0.9966216420431637,1.00043720285387
-0.1,1.0302193722744544,10.75,-0.4932528289296344,-0.01638598847535779,0.9966710148405347,1.0004310708058948
-0.1,1.0302193722744544,10.8,-0.4916180716764962,-0.01630918597707472,0.9967194542655481,1.0004250466849214
-0.1,1.0302193722744544,10.850000000000001,-0.4899909855124866,-0.016232568397674948,0.9967669817656367,1.000419128243083
-0.1,1.0302193722744544,10.9,-0.4883715514747757,-0.016156145106082792,0.9968136182151635,1.0004133132858792
-0.1,1.0302193722744544,10.950000000000001,-0.4867597496855042,-0.01607992502965285,0.9968593839327314,1.0004075996707742
-0.1,1.0302193722744544,11.0,-0.48515555939508664,-0.01600391667055363,0.9969042986979162,1.0004019853058272
-0.1,1.0302193722744544,11.05,-0.48355895902391816,-0.01592812812155739,0.996948381767432,1.0003964681483666
-0.1,1.0302193722744544,11.100000000000001,-0.48196992620255974,-0.015852567081258512,0.9969916518907691,1.0003910462037018
-0.1,1.0302193722744544,11.15,-0.4803884378104416,-0.0157772408687409,0.9970341273253065,1.0003857175238664
-0.1,1.0302193722744544,11.200000000000001,-0.4788144700131458,-0.015702156437715248,0.997075825850923,1.0003804802064038
-0.1,1.0302193722744544,11.25,-0.4772479982983153,-0.015627320390145312,0.9971167647841354,1.0003753323931852
-0.1,1.0302193722744544,11.3,-0.4756889975102303,-0.015552738989382038,0.9971569609917623,1.0003702722692576
-0.1,1.0302193722744544,11.350000000000001,-0.4741374418831082,-0.015478418172823794,0.9971964309041456,1.000365298061729
-0.1,1.0302193722744544,11.4,-0.47259330507315817,-0.015404363564119837,0.997235190527941,1.0003604080386839
-0.1,1.0302193722744544,11.450000000000001,-0.47105656018943887,-0.015330580484933872,0.9972732554584893,1.0003556005081249
-0.1,1.0302193722744544,11.5,-0.4695271798235581,-0.015257073966283884,0.9973106408917871,1.0003508738169524
-0.1,1.0302193722744544,11.55,-0.46800513607825106,-0.015183848759473583,0.9973473616360736,1.0003462263499636
-0.1,1.0302193722744544,11.600000000000001,-0.46649040059487384,-0.015110909346630473,0.997383432123038,1.0003416565288885
-0.1,1.0302193722744544,11.65,-0.464982944579855,-0.015038259950864927,0.9974188664186742,1.000337162811444
-0.1,1.0302193722744544,11.700000000000001,-0.4634827388301357,-0.014965904546063965,0.9974536782337804,1.0003327436904217
-0.1,1.0302193722744544,11.75,-0.4619897537576323,-0.01489384686633324,0.9974878809341302,1.0003283976927964
-0.1,1.0302193722744544,11.8,-0.460503959412763,-0.014822090415099791,0.9975214875503151,1.000324123378863
-0.1,1.0302193722744544,11.850000000000001,-0.4590253255070645,-0.014750638473888132,0.9975545107872764,1.0003199193413925
-0.1,1.0302193722744544,11.9,-0.45755382143493667,-0.01467949411078132,0.9975869630335362,1.0003157842048154
-0.1,1.0302193722744544,11.950000000000001,-0.4560894162945457,-0.014608660188578641,0.997618856370138,1.0003117166244264
-0.1,1.0302193722744544,12.0,-0.4546320789079184,-0.014538139372660751,0.9976502025793044,1.000307715285612
-0.1,1.0302193722744544,12.05,-0.4531817778402564,-0.014467934138572884,0.9976810131528254,1.0003037789030949
-0.1,1.0302193722744544,12.100000000000001,-0.451738481418502,-0.014398046779336445,0.9977112993001811,1.0002999062202038
-0.1,1.0302193722744544,12.15,-0.4503021577491838,-0.01432847941249863,0.9977410719564198,1.0002960960081648
-0.1,1.0302193722744544,12.200000000000001,-0.44887277473556975,-0.014259233986929628,0.9977703417897804,1.0002923470654053
-0.1,1.0302193722744544,12.25,-0.44745030009415465,-0.01419031228937655,0.9977991192090887,1.0002886582168795
-0.1,1.0302193722744544,12.3,-0.44603470137050705,-0.0141217159507827,0.9978274143709199,1.0002850283134173
-0.1,1.0302193722744544,12.350000000000001,-0.44462594595450333,-0.014053446452380746,0.997855237186543,1.0002814562310849
-0.1,1.0302193722744544,12.4,-0.4432240010949668,-0.013985505131567953,0.9978825973286528,1.0002779408705622
-0.1,1.0302193722744544,12.450000000000001,-0.4418288339137399,-0.013917893187571145,0.9979095042378929,1.000274481156544
-0.1,1.0302193722744544,12.5,-0.44044041141920653,-0.013850611686909072,0.997935967129187,1.000271076037149
-0.1,1.0302193722744544,12.55,-0.4390587005192878,-0.013783661568659449,0.9979619949978678,1.0002677244833498
-0.1,1.0302193722744544,12.600000000000001,-0.43768366803392816,-0.013717043649537596,0.9979875966256302,1.000264425488417
-0.1,1.0302193722744544,12.65,-0.4363152807070914,-0.013650758628793362,0.9980127805863,1.0002611780673756
-0.1,1.0302193722744544,12.700000000000001,-0.43495350521828263,-0.013584807092933084,0.9980375552514273,1.0002579812564825
-0.1,1.0302193722744544,12.75,-0.4335983081936144,-0.013519189520272477,0.9980619287957175,1.0002548341127084
-0.1,1.0302193722744544,12.8,-0.43224965621642913,-0.013453906285326722,0.9980859092022928,1.000251735713243
-0.1,1.0302193722744544,12.850000000000001,-0.43090751583749937,-0.01338895766304357,0.9981095042678073,1.0002486851550076
-0.1,1.0302193722744544,12.9,-0.4295718535848094,-0.013324343832884847,0.998132721607395,1.000245681554178
-0.1,1.0302193722744544,12.950000000000001,-0.42824263597294493,-0.01326006488276192,0.9981555686594882,1.000242724045733
-0.1,1.0302193722744544,13.0,-0.42691982951209,-0.013196120812830362,0.9981780526904777,1.0002398117829958
-0.1,1.0302193722744544,13.05,-0.4256034007166583,-0.013132511539148621,0.9982001807992502,1.000236943937203
-0.1,1.0302193722744544,13.100000000000001,-0.4242933161135562,-0.01306923689720561,0.998221959921578,1.000234119697078
-0.1,1.0302193722744544,13.15,-0.4229895422501026,-0.013006296645321963,0.998243396834394,1.000231338268417
-0.1,1.0302193722744544,13.200000000000001,-0.4216920457016085,-0.012943690467929347,0.9982644981599309,1.0002285988736843
-0.1,1.0302193722744544,13.25,-0.4204007930786295,-0.012881417978732011,0.9982852703697461,1.0002259007516219
-0.1,1.0302193722744544,13.3,-0.4191157510339058,-0.012819478723755056,0.9983057197886296,1.000223243156865
-0.1,1.0302193722744544,13.350000000000001,-0.41783688626899596,-0.012757872184283054,0.9983258525983946,1.0002206253595687
-0.1,1.0302193722744544,13.4,-0.416564165540616,-0.01269659777969322,0.9983456748415622,1.0002180466450459
-0.1,1.0302193722744544,13.450000000000001,-0.415297555666697,-0.012635654870186629,0.9983651924249421,1.000215506313415
-0.1,1.0302193722744544,13.5,-0.4140370235321671,-0.012575042759421161,0.9983844111231034,1.00021300367925
-0.1,1.0302193722744544,13.55,-0.41278253609447263,-0.012514760697049637,0.998403336581755,1.0002105380712527
-0.1,1.0302193722744544,13.600000000000001,-0.41153406038884344,-0.012454807881166461,0.9984219743210221,1.0002081088319172
-0.1,1.0302193722744544,13.65,-0.41029156353331386,-0.01239518346066601,0.9984403297386355,1.0002057153172175
-0.1,1.0302193722744544,13.700000000000001,-0.4090550127335113,-0.012335886537515805,0.9984584081130258,1.000203356896293
-0.1,1.0302193722744544,13.75,-0.4078243752872153,-0.012276916168947554,0.998476214606333,1.0002010329511462
-0.1,1.0302193722744544,13.8,-0.4065996185887035,-0.012218271369568894,0.9984937542673297,1.0001987428763495
-0.1,1.0302193722744544,13.850000000000001,-0.40538071013288557,-0.012159951113398583,0.9985110320342659,1.0001964860787558
-0.1,1.0302193722744544,13.9,-0.40416761751924024,-0.012101954335827916,0.9985280527376267,1.000194261977218
-0.1,1.0302193722744544,13.950000000000001,-0.4029603084555564,-0.012044279935510849,0.9985448211028212,1.0001920700023168
-0.1,1.0302193722744544,14.0,-0.4017587507614926,-0.011986926776185357,0.998561341752791,1.0001899095960942
-0.1,1.0302193722744544,14.05,-0.40056291237195774,-0.011929893688428509,0.9985776192105473,1.0001877802117918
-0.1,1.0302193722744544,14.100000000000001,-0.39937276134032296,-0.011873179471347457,0.998593657901642,1.0001856813135999
-0.1,1.0302193722744544,14.15,-0.39818826584146655,-0.01181678289420863,0.9986094621565627,1.0001836123764098
-0.1,1.0302193722744544,14.200000000000001,-0.3970093941746677,-0.011760702698007355,0.9986250362130693,1.000181572885573
-0.1,1.0302193722744544,14.25,-0.39583611476634295,-0.011704937596979803,0.9986403842184612,1.0001795623366658
-0.1,1.0302193722744544,14.3,-0.3946683961726418,-0.011649486280059577,0.9986555102317862,1.0001775802352608
-0.1,1.0302193722744544,14.350000000000001,-0.393506207081902,-0.01159434741228049,0.9986704182259865,1.0001756260967043
-0.1,1.0302193722744544,14.4,-0.39234951631696846,-0.01153951963612776,0.9986851120899894,1.0001736994458983
-0.1,1.0302193722744544,14.450000000000001,-0.39119829283738516,-0.011485001572839174,0.998699595630735,1.0001717998170867
-0.1,1.0302193722744544,14.5,-0.3900525057414617,-0.011430791823658073,0.9987138725751562,1.0001699267536497
-0.1,1.0302193722744544,14.55,-0.3889121242682187,-0.01137688897103989,0.9987279465721023,1.0001680798079011
-0.1,1.0302193722744544,14.600000000000001,-0.3877771177992191,-0.011323291579813688,0.9987418211942083,1.0001662585408913
-0.1,1.0302193722744544,14.65,-0.38664745586028637,-0.011269998198300393,0.9987554999397212,1.0001644625222155
-0.1,1.0302193722744544,14.700000000000001,-0.38552310812311463,-0.011217007359389254,0.9987689862342668,1.000162691329825
-0.1,1.0302193722744544,14.75,-0.38440404440677545,-0.011164317581573853,0.9987822834325806,1.0001609445498432
-0.1,1.0302193722744544,14.8,-0.3832902346791242,-0.011111927369949199,0.9987953948201839,1.000159221776391
-0.1,1.0302193722744544,14.850000000000001,-0.3821816490581067,-0.011059835217171141,0.9988083236150203,1.0001575226114081
-0.1,1.0302193722744544,14.9,-0.3810782578129752,-0.011008039604379554,0.9988210729690472,1.0001558466644855
-0.1,1.0302193722744544,14.950000000000001,-0.3799800313654114,-0.010956539002086488,0.9988336459697867,1.0001541935526983
-0.1,1.0302193722744544,15.0,-0.37888694029056114,-0.010905331871030308,0.9988460456418323,1.000152562900443
-0.1,1.0302193722744544,15.05,-0.37779895531798763,-0.010854416662997489,0.9988582749483217,1.0001509543392826
-0.1,1.0302193722744544,15.100000000000001,-0.3767160473325378,-0.010803791821612566,0.998870336792363,1.0001493675077886
-0.1,1.0302193722744544,15.15,-0.375638187375135,-0.010753455783097934,0.9988822340184343,1.000147802051392
-0.1,1.0302193722744544,15.200000000000001,-0.37456534664349067,-0.010703406977004146,0.9988939694137354,1.0001462576222369
-0.1,1.0302193722744544,15.25,-0.3734974964927463,-0.010653643826911856,0.9989055457095145,1.000144733879034
-0.1,1.0302193722744544,15.3,-0.37243460843604215,-0.01060416475110649,0.998916965582354,1.000143230486925
-0.1,1.0302193722744544,15.350000000000001,-0.3713766541450174,-0.010554968163226415,0.9989282316554239,1.000141747117341
-0.1,1.0302193722744544,15.4,-0.37032360545024895,-0.010506052472885743,0.9989393464997084,1.0001402834478736
-0.1,1.0302193722744544,15.450000000000001,-0.3692754343416205,-0.010457416086272361,0.9989503126351914,1.0001388391621393
-0.1,1.0302193722744544,15.5,-0.3682321129686369,-0.010409057406722403,0.9989611325320246,1.000137413949658
-0.1,1.0302193722744544,15.55,-0.36719361364067676,-0.010360974835271656,0.9989718086116494,1.0001360075057204
-0.1,1.0302193722744544,15.600000000000001,-0.36615990882719135,-0.010313166771184948,0.998982343247906,1.0001346195312772
-0.1,1.0302193722744544,15.65,-0.3651309711578488,-0.010265631612464082,0.9989927387681056,1.0001332497328108
-0.1,1.0302193722744544,15.700000000000001,-0.36410677342262776,-0.010218367756335271,0.9990029974540754,1.0001318978222242
-0.1,1.0302193722744544,15.75,-0.3630872885718626,-0.01017137359971665,0.9990131215431828,1.0001305635167275
-0.1,1.0302193722744544,15.8,-0.36207248971624123,-0.010124647539666506,0.9990231132293279,1.0001292465387257
-0.1,1.0302193722744544,15.850000000000001,-0.36106235012675914,-0.010078187973813147,0.9990329746639127,1.0001279466157127
-0.1,1.0302193722744544,15.9,-0.3600568432346295,-0.010031993300766744,0.9990427079567903,1.000126663480164
-0.1,1.0302193722744544,15.950000000000001,-0.3590559426311543,-0.009986061920514003,0.9990523151771812,1.000125396869434
-0.1,1.0302193722744544,16.0,-0.35805962206755737,-0.009940392234796166,0.9990617983545782,1.000124146525657
-0.1,1.0302193722744544,16.05,-0.3570678554547777,-0.009894982647470959,0.9990711594796191,1.0001229121956443
-0.1,1.0302193722744544,16.1,-0.35608061686323184,-0.009849831564858984,0.9990804005049448,1.0001216936307962
-0.1,1.0302193722744544,16.150000000000002,-0.35509788052253954,-0.009804937396075231,0.9990895233460289,1.0001204905869971
-0.1,1.0302193722744544,16.2,-0.3541196208212199,-0.00976029855334614,0.9990985298819949,1.000119302824534
-0.1,1.0302193722744544,16.25,-0.3531458123063573,-0.00971591345231259,0.9991074219564086,1.0001181301079998
-0.1,1.0302193722744544,16.3,-0.3521764296832369,-0.009671780512319731,0.9991162013780498,1.0001169722062087
-0.1,1.0302193722744544,16.35,-0.3512114478149562,-0.009627898156693558,0.9991248699216706,1.000115828892109
-0.1,1.0302193722744544,16.400000000000002,-0.350250841722008,-0.009584264813005188,0.9991334293287283,1.0001146999427026
-0.1,1.0302193722744544,16.45,-0.34929458658183893,-0.009540878913322956,0.9991418813081077,1.0001135851389578
-0.1,1.0302193722744544,16.5,-0.3483426577283872,-0.0094977388944529,0.9991502275368186,1.0001124842657332
-0.1,1.0302193722744544,16.55,-0.34739503065159527,-0.009454843198168061,0.9991584696606839,1.0001113971116982
-0.1,1.0302193722744544,16.6,-0.346451680996903,-0.009412190271426894,0.9991666092950047,1.0001103234692568
-0.1,1.0302193722744544,16.650000000000002,-0.3455125845647192,-0.009369778566581225,0.9991746480252099,1.0001092631344712
-0.1,1.0302193722744544,16.7,-0.3445777173098767,-0.009327606541574234,0.9991825874074987,1.000108215906993
-0.1,1.0302193722744544,16.75,-0.3436470553410648,-0.009285672660128556,0.9991904289694546,1.0001071815899856
-0.1,1.0302193722744544,16.8,-0.34272057492024965,-0.009243975391925206,0.9991981742106558,1.0001061599900576
-0.1,1.0302193722744544,16.85,-0.34179825246207296,-0.00920251321277329,0.9992058246032642,1.0001051509171972
-0.1,1.0302193722744544,16.900000000000002,-0.34088006453323844,-0.009161284604771145,0.9992133815926049,1.0001041541846987
-0.1,1.0302193722744544,16.95,-0.3399659878518812,-0.009120288056458974,0.9992208465977263,1.000103169609103
-0.1,1.0302193722744544,17.0,-0.3390559992869229,-0.009079522062963462,0.9992282210119557,1.0001021970101303
-0.1,1.0302193722744544,17.05,-0.33815007585741497,-0.00903898512613455,0.9992355062034333,1.0001012362106196
-0.1,1.0302193722744544,17.1,-0.3372481947318655,-0.008998675754674673,0.9992427035156379,1.0001002870364646
-0.1,1.0302193722744544,17.150000000000002,-0.3363503332275558,-0.008958592464260803,0.9992498142678982,1.0000993493165586
-0.1,1.0302193722744544,17.2,-0.335456468809846,-0.008918733777659409,0.9992568397558975,1.0000984228827303
-0.1,1.0302193722744544,17.25,-0.3345665790914655,-0.008879098224834804,0.999263781252156,1.0000975075696916
-0.1,1.0302193722744544,17.3,-0.33368064183179663,-0.008839684343050883,0.9992706400065144,1.0000966032149785
-0.1,1.0302193722744544,17.35,-0.3327986349361462,-0.008800490676966703,0.9992774172465974,1.0000957096588963
-0.1,1.0302193722744544,17.400000000000002,-0.3319205364550069,-0.00876151577872601,0.9992841141782697,1.0000948267444685
-0.1,1.0302193722744544,17.45,-0.33104632458331035,-0.008722758208040894,0.9992907319860803,1.0000939543173806
-0.1,1.0302193722744544,17.5,-0.33017597765967066,-0.008684216532270009,0.9992972718336989,1.000093092225933
-0.1,1.0302193722744544,17.55,-0.3293094741656215,-0.00864588932649128,0.9993037348643395,1.0000922403209869
-0.1,1.0302193722744544,17.6,-0.3284467927248428,-0.008607775173569457,0.9993101222011773,1.0000913984559179
-0.1,1.0302193722744544,17.650000000000002,-0.32758791210238203,-0.008569872664218743,0.9993164349477509,1.0000905664865651
-0.1,1.0302193722744544,17.7,-0.3267328112038687,-0.008532180397060543,0.9993226741883628,1.0000897442711878
-0.1,1.0302193722744544,17.75,-0.3258814690747212,-0.008494696978676653,0.9993288409884633,1.0000889316704153
-0.1,1.0302193722744544,17.8,-0.32503386489934966,-0.008457421023657945,0.9993349363950305,1.0000881285472059
-0.1,1.0302193722744544,17.85,-0.3241899780003514,-0.008420351154648831,0.9993409614369412,1.0000873347667993
-0.1,1.0302193722744544,17.900000000000002,-0.3233497878377038,-0.008383486002387558,0.9993469171253314,1.000086550196674
-0.1,1.0302193722744544,17.95,-0.3225132740079497,-0.008346824205742577,0.9993528044539488,1.000085774706508
-0.1,1.0302193722744544,18.0,-0.32168041624338234,-0.008310364411745097,0.9993586243995016,1.0000850081681332
-0.1,1.0302193722744544,18.05,-0.32085119441122323,-0.00827410527561796,0.999364377921993,1.0000842504554974
-0.1,1.0302193722744544,18.1,-0.3200255885127985,-0.008238045460801017,0.9993700659650516,1.0000835014446239
-0.1,1.0302193722744544,18.150000000000002,-0.31920357868271376,-0.008202183638973121,0.9993756894562581,1.0000827610135727
-0.1,1.0302193722744544,18.2,-0.3183851451880229,-0.008166518490070829,0.9993812493074559,1.000082029042403
-0.1,1.0302193722744544,18.25,-0.31757026842739866,-0.008131048702304028,0.9993867464150635,1.0000813054131348
-0.1,1.0302193722744544,18.3,-0.31675892893029994,-0.008095772972168552,0.9993921816603746,1.0000805900097134
-0.1,1.0302193722744544,18.35,-0.31595110735613596,-0.008060690004455875,0.9993975559098544,1.0000798827179727
-0.1,1.0302193722744544,18.400000000000002,-0.3151467844934347,-0.008025798512260091,0.9994028700154258,1.0000791834256006
-0.1,1.0302193722744544,18.45,-0.31434594125900456,-0.00799109721698219,0.9994081248147578,1.000078492022107
-0.1,1.0302193722744544,18.5,-0.31354855869709974,-0.007956584848331826,0.9994133211315328,1.0000778083987865
-0.1,1.0302193722744544,18.55,-0.3127546179785853,-0.007922260144326631,0.9994184597757239,1.0000771324486868
-0.1,1.0302193722744544,18.6,-0.31196410040010103,-0.007888121851289138,0.9994235415438568,1.0000764640665778
-0.1,1.0302193722744544,18.650000000000002,-0.3111769873832274,-0.007854168723841518,0.9994285672192688,1.0000758031489192
-0.1,1.0302193722744544,18.7,-0.3103932604736513,-0.007820399524898117,0.999433537572359,1.0000751495938303
-0.1,1.0302193722744544,18.75,-0.3096129013403341,-0.007786813025655965,0.9994384533608396,1.0000745033010574
-0.1,1.0302193722744544,18.8,-0.3088358917746803,-0.007753408005583235,0.9994433153299753,1.0000738641719469
-0.1,1.0302193722744544,18.85,-0.308062213689708,-0.007720183252405941,0.9994481242128223,1.0000732321094148
-0.1,1.0302193722744544,18.900000000000002,-0.30729184911922186,-0.007687137562092668,0.9994528807304578,1.0000726070179198
-0.1,1.0302193722744544,18.95,-0.30652478021698637,-0.0076542697388376464,0.9994575855922064,1.000071988803432
-0.1,1.0302193722744544,19.0,-0.30576098925590356,-0.0076215785950422025,0.9994622394958678,1.0000713773734098
-0.1,1.0302193722744544,19.05,-0.30500045862719133,-0.007589062951294517,0.9994668431279247,1.0000707726367708
-0.1,1.0302193722744544,19.1,-0.3042431708395656,-0.007556721636347989,0.999471397163764,1.000070174503865
-0.1,1.0302193722744544,19.150000000000002,-0.3034891085184239,-0.007524553487098049,0.999475902267879,1.0000695828864516
-0.1,1.0302193722744544,19.200000000000003,-0.3027382544050328,-0.0074925573485576475,0.9994803590940763,1.000068997697671
-0.1,1.0302193722744544,19.25,-0.30199059135571843,-0.007460732073831431,0.999484768285674,1.0000684188520226
-0.1,1.0302193722744544,19.3,-0.3012461023410582,-0.007429076524088587,0.999489130475697,1.0000678462653383
-0.1,1.0302193722744544,19.35,-0.3005047704450781,-0.007397589568534615,0.9994934462870677,1.00006727985476
-0.1,1.0302193722744544,19.400000000000002,-0.29976657886445196,-0.007366270084381829,0.9994977163327934,1.0000667195387178
-0.1,1.0302193722744544,19.450000000000003,-0.29903151090770347,-0.0073351169568188455,0.9995019412161497,1.0000661652369032
-0.1,1.0302193722744544,19.5,-0.2982995499944142,-0.0073041290789790745,0.9995061215308596,1.000065616870252
-0.1,1.0302193722744544,19.55,-0.2975706796544302,-0.007273305351908073,0.9995102578612689,1.0000650743609174
-0.1,1.0302193722744544,19.6,-0.2968448835270778,-0.007242644684530173,0.9995143507825164,1.0000645376322521
-0.1,1.0302193722744544,19.650000000000002,-0.2961221453603793,-0.00721214599361408,0.9995184008607072,1.0000640066087871
-0.1,1.0302193722744544,19.700000000000003,-0.295402449010273,-0.007181808203737676,0.9995224086530717,1.000063481216207
-0.1,1.0302193722744544,19.75,-0.29468577843983756,-0.0071516302472520365,0.999526374708131,1.000062961381335
-0.1,1.0302193722744544,19.8,-0.29397211771851917,-0.007121611064244666,0.9995302995658534,1.000062447032111
-0.1,1.0302193722744544,19.85,-0.29326145102136364,-0.00709174960250212,0.9995341837578091,1.0000619380975706
-0.1,1.0302193722744544,19.900000000000002,-0.29255376262825145,-0.007062044817471792,0.9995380278073245,1.0000614345078294
-0.1,1.0302193722744544,19.950000000000003,-0.2918490369231356,-0.007032495672223225,0.9995418322296244,1.0000609361940602
-0.1,1.0302193722744544,20.0,-0.2911472583932863,-0.007003101137408744,0.9995455975319881,1.0000604430884796
-0.1,1.0302193722744544,20.1,-0.28975248132053005,-0.006944771819365262,0.9995530127670981,1.0000594722358382
-0.1,1.0302193722744544,20.28615468146082,-0.28718685594134963,-0.006837797757398562,0.9995664183974822,1.00005771794807
-0.1,1.0302193722744544,20.47403342090323,-0.2846374607350337,-0.00673191136174879,0.9995794435148871,1.0000560145723592
-0.1,1.0302193722744544,20.663652185564246,-0.28210440446685403,-0.0066271096215794675,0.9995920989380337,1.000054360650494
-0.1,1.0302193722744544,20.855027090560313,-0.27958779391342065,-0.006523389284903082,0.9996043951658421,1.0000527547640776
-0.1,1.0302193722744544,21.04817440025684,-0.27708773389427044,-0.006420746872427458,0.99961634238691,1.000051195533572
-0.1,1.0302193722744544,21.243110529650455,-0.27460432730069384,-0.00631917869089642,0.9996279504887341,1.0000496816173583
-0.1,1.0302193722744544,21.439852045764102,-0.27213767512184767,-0.006218680845935919,0.999639229066675,1.0000482117108076
-0.1,1.0302193722744544,21.638415669054964,-0.2696878764682995,-0.006119249254416796,0.9996501874326892,1.0000467845453787
-0.1,1.0302193722744544,21.83881827483555,-0.26725502859320016,-0.00602087965634508,0.9996608346238051,1.0000453988877223
-0.1,1.0302193722744544,22.04107689470784,-0.2648392269113432,-0.005923567626290742,0.9996711794103792,1.00004405353881
-0.1,1.0302193722744544,22.245208718010712,-0.26244056501636126,-0.00582730858436592,0.9996812303041124,1.0000427473330724
-0.1,1.0302193722744544,22.4512310932809,-0.26005913469629405,-0.005732097806762989,0.9996909955658471,1.0000414791375616
-0.1,1.0302193722744544,22.659161529727328,-0.25769502594770677,-0.005637930435863443,0.9997004832131456,1.0000402478511223
-0.1,1.0302193722744544,22.86901769871915,-0.2553483269884629,-0.005544801489927919,0.9997097010276509,1.000039052403587
-0.1,1.0302193722744544,23.080817435287667,-0.2530191242691733,-0.005452705872377766,0.9997186565622425,1.0000378917549788
-0.1,1.0302193722744544,23.294578739641963,-0.2507075024832703,-0.005361638380678604,0.9997273571479871,1.0000367648947392
-0.1,1.0302193722744544,23.510319778698783,-0.2484135445755715,-0.005271593714835938,0.9997358099008896,1.0000356708409648
-0.1,1.0302193722744544,23.72805888762644,-0.24613733174916785,-0.005182566485512844,0.9997440217284489,1.0000346086396639
-0.1,1.0302193722744544,23.947814571403043,-0.24387894347043573,-0.005094551221779957,0.9997519993360284,1.0000335773640259
-0.1,1.0302193722744544,24.169605506389228,-0.24163845747198495,-0.005007542378507068,0.9997597492330362,1.0000325761137103
-0.1,1.0302193722744544,24.39345054191539,-0.23941594975338737,-0.004921534343406465,0.9997672777389303,1.0000316040141457
-0.1,1.0302193722744544,24.619368701883577,-0.23721149457958313,-0.004836521443737168,0.9997745909890425,1.0000306602158497
-0.1,1.0302193722744544,24.847379186384366,-0.23502516447692823,-0.004752497952679475,0.9997816949402388,1.0000297438937584
-0.1,1.0302193722744544,25.077501373328523,-0.23285703022692333,-0.004669458095388916,0.9997885953764017,1.0000288542465745
-0.1,1.0302193722744544,25.30975482009396,-0.2307071608577318,-0.004587396054738633,0.9997952979137613,1.000027990496129
-0.1,1.0302193722744544,25.544159265187808,-0.22857562363364947,-0.004506305976758848,0.9998018080060592,1.0000271518867563
-0.1,1.0302193722744544,25.780734629923902,-0.22646248404273073,-0.004426181975782073,0.9998081309495638,1.0000263376846859
-0.1,1.0302193722744544,26.019501020115914,-0.2243678057827883,-0.004347018139302349,0.9998142718879308,1.0000255471774446
-0.1,1.0302193722744544,26.260478727786037,-0.22229165074598484,-0.004268808532556927,0.9998202358169185,1.0000247796732769
-0.1,1.0302193722744544,26.503688232889502,-0.2202340790021993,-0.004191547202838278,0.999826027588965,1.0000240345005746
-0.1,1.0302193722744544,26.74915020505521,-0.2181951487813048,-0.004115228183544318,0.9998316519176159,1.0000233110073233
-0.1,1.0302193722744544,26.99688550534226,-0.21617491645445497,-0.0040398454979747814,0.9998371133818285,1.0000226085605606
-0.1,1.0302193722744544,27.246915188012967,-0.2141734365143913,-0.003965393162881022,0.9998424164301392,1.0000219265458479
-0.1,1.0302193722744544,27.499260502322162,-0.212190761554752,-0.003891865191776975,0.9998475653847017,1.0000212643667534
-0.1,1.0302193722744544,27.753942894323053,-0.21022694224830013,-0.003819255598018391,0.9998525644452025,1.0000206214443494
-0.1,1.0302193722744544,28.010984008689945,-0.20828202732396345,-0.0037475583976574645,0.9998574176926578,1.0000199972167219
-0.1,1.0302193722744544,28.270405690557713,-0.20635606354256508,-0.0036767676120800603,0.9998621290930875,1.0000193911384907
-0.1,1.0302193722744544,28.532229987378305,-0.20444909567112823,-0.00360687727043216,0.9998667025010783,1.0000188026803443
-0.1,1.0302193722744544,28.79647915079459,-0.20256116645565814,-0.0035378814118423893,0.9998711416632369,1.0000182313285806
-0.1,1.0302193722744544,29.063175638531384,-0.20069231659234893,-0.0034697740874471356,0.9998754502215313,1.0000176765846698
-0.1,1.0302193722744544,29.332342116304055,-0.19884258469720206,-0.003402549362224692,0.9998796317165296,1.000017137964816
-0.1,1.0302193722744544,29.604001459744886,-0.1970120072741015,-0.0033362013166446393,0.9998836895905343,1.0000166149995375
-0.1,1.0302193722744544,29.8781767563471,-0.19520061868143862,-0.003270724048138682,0.9998876271906203,1.0000161072332558
-0.1,1.0302193722744544,30.154891307427096,-0.19340845109742394,-0.00320611167239875,0.9998914477715735,1.000015614223897
-0.1,1.0302193722744544,30.43416863010471,-0.19163553448426154,-0.003142358324508446,0.9998951544987407,1.0000151355425009
-0.1,1.0302193722744544,30.716032459301825,-0.18988189655137067,-0.0030794581599131892,0.9998987504507801,1.0000146707728406
-0.1,1.0302193722744544,31.00050674975963,-0.18814756271785782,-0.0030174053552349373,0.9999022386223314,1.000014219511055
-0.1,1.0302193722744544,31.287615678074335,-0.1864325560744258,-0.002956194108936837,0.999905621926595,1.0000137813652863
-0.1,1.0302193722744544,31.577383644751972,-0.18473689734487939,-0.00289581864184301,0.9999089031978312,1.0000133559553315
-0.1,1.0302193722744544,31.869835276282085,-0.18306060484736186,-0.0028362731975188644,0.9999120851937746,1.000012942912301
-0.1,1.0302193722744544,32.16499542723059,-0.18140369445541762,-0.0027775520425171187,0.9999151705979759,1.0000125418782848
-0.1,1.0302193722744544,32.462889182352235,-0.1797661795589272,-0.0027196494664943733,0.9999181620220593,1.0000121525060335
-0.1,1.0302193722744544,32.763541858722334,-0.1781480710249356,-0.002662559782203495,0.9999210620079132,1.0000117744586392
-0.1,1.0302193722744544,33.06697900788844,-0.17654937715835406,-0.0026062773253664757,0.9999238730298067,1.0000114074092317
-0.1,1.0302193722744544,33.373226418041924,-0.17497010366249982,-0.002550796454432817,0.9999265974964333,1.0000110510406834
-0.1,1.0302193722744544,33.68231011620963,-0.17341025359942544,-0.002496111550228036,0.9999292377528937,1.0000107050453158
-0.1,1.0302193722744544,33.99425637046573,-0.1718698273499938,-0.0024422170154972246,0.9999317960826045,1.0000103691246205
-0.1,1.0302193722744544,34.30909169216431,-0.17034882257366585,-0.002389107274348082,0.9999342747091521,1.000010042988984
-0.1,1.0302193722744544,34.62684283819243,-0.16884723416799363,-0.0023367767715982116,0.9999366757980771,1.0000097263574237
-0.1,1.0302193722744544,34.94753681324406,-0.16736505422784054,-0.0022852199720311463,0.9999390014586064,1.000009418957327
-0.1,1.0302193722744544,35.2712008721152,-0.1659022720043872,-0.0022344313595655924,0.9999412537453201,1.0000091205242012
-0.1,1.0302193722744544,35.597862522020144,-0.16445887386401536,-0.0021844054363423545,0.9999434346597673,1.0000088308014279
-0.1,1.0302193722744544,35.927549524929255,-0.16303484324719683,-0.0021351367217333135,0.9999455461520241,1.0000085495400255
-0.1,1.0302193722744544,36.26028989992831,-0.16163016062754068,-0.0020866197512768125,0.9999475901222038,1.0000082764984182
-0.1,1.0302193722744544,36.59611192559986,-0.16024480347117664,-0.0020388490755437693,0.9999495684219074,1.000008011442213
-0.1,1.0302193722744544,36.93504414242648,-0.15887874619665712,-0.00199181925893872,0.9999514828556335,1.0000077541439798
-0.1,1.0302193722744544,37.27711535521626,-0.1575319601355703,-0.001945524878440215,0.9999533351821351,1.0000075043830408
-0.1,1.0302193722744544,37.62235463555102,-0.1562044134940416,-0.0018999605222844924,0.9999551271157284,1.0000072619452633
-0.1,1.0302193722744544,37.97079132425686,-0.15489607131529395,-0.001855120788597005,0.9999568603275641,1.000007026622861
-0.1,1.0302193722744544,38.32245503389777,-0.15360689544340805,-0.0018110002839756968,0.9999585364468448,1.000006798214199
-0.1,1.0302193722744544,38.67737565129239,-0.15233684448840415,-0.001767593622030403,0.9999601570620091,1.0000065765236055
-0.1,1.0302193722744544,39.03558334005395,-0.1510858737927388,-0.0017248954218825575,0.9999617237218685,1.0000063613611896
-0.1,1.0302193722744544,39.3971085431537,-0.14985393539928404,-0.0016829003066293857,0.9999632379367089,1.0000061525426607
-0.1,1.0302193722744544,39.761981985508335,-0.148640978020833,-0.0016416029017768587,0.9999647011793534,1.0000059498891603
-0.1,1.0302193722744544,40.1302346765911,-0.1474469470111635,-0.001600997833645641,0.9999661148861837,1.0000057532270905
-0.1,1.0302193722744544,40.50189791306716,-0.1462717843376744,-0.0015610797277543107,0.9999674804581316,1.0000055623879511
-0.1,1.0302193722744544,40.87700328145351,-0.145115428555612,-0.0015218432071841003,0.9999687992616333,1.000005377208187
-0.1,1.0302193722744544,41.25558266080338,-0.14397781478390181,-0.0014832828909295754,0.9999700726295502,1.000005197529026
-0.1,1.0302193722744544,41.63766822541544,-0.14285887468261552,-0.0014453933922393858,0.9999713018620561,1.0000050231963393
-0.1,1.0302193722744544,42.02329244756837,-0.14175853643211486,-0.001408169316951628,0.9999724882274977,1.0000048540604913
-0.1,1.0302193722744544,42.41248810028041,-0.1406767247139353,-0.0013716052618280253,0.9999736329632183,1.0000046899762012
-0.1,1.0302193722744544,42.80528826009479,-0.13961336069349267,-0.0013356958128913643,0.9999747372763612,1.0000045308024064
-0.1,1.0302193722744544,43.20172630989064,-0.13856836200471748,-0.0013004355437705231,0.999975802344634,1.0000043764021336
-0.1,1.0302193722744544,43.60183594172025,-0.13754164273673905,-0.001265819014057486,0.9999768293170563,1.000004226642367
-0.1,1.0302193722744544,44.00565115967241,-0.13653311342276364,-0.001231840767680733,0.9999778193146754,1.000004081393926
-0.1,1.0302193722744544,44.413206282762204,-0.13554268103129496,-0.001198495331299398,0.9999787734312593,1.0000039405313463
-0.1,1.0302193722744544,44.824535947847835,-0.1345702489598576,-0.0011657772127225104,0.9999796927339619,1.000003803932761
-0.1,1.0302193722744544,45.23967511257426,-0.13361571703138447,-0.0011336808993578377,0.9999805782639691,1.0000036714797884
-0.1,1.0302193722744544,45.65865905834403,-0.1326789814934205,-0.0011022008566945992,0.999981431037123,1.000003543057425
-0.1,1.0302193722744544,46.081523393315884,-0.13175993502028913,-0.0010713315268244704,0.9999822520445173,1.0000034185539328
-0.1,1.0302193722744544,46.50830405543093,-0.13085846671835277,-0.001041067327005268,0.9999830422530814,1.000003297860744
-0.1,1.0302193722744544,46.93903731546684,-0.12997446213447866,-0.0010114026482716235,0.9999838026061378,1.0000031808723568
-0.1,1.0302193722744544,47.37375978012049,-0.1291078032678038,-0.0009823318540970226,0.9999845340239424,1.0000030674862386
-0.1,1.0302193722744544,47.81250839511901,-0.12825836858487313,-0.000953849279111517,0.9999852374042079,1.0000029576027358
-0.1,1.0302193722744544,48.25532044835962,-0.1274260330382025,-0.0009259492278793978,0.9999859136226085,1.0000028511249774
-0.1,1.0302193722744544,48.70223357307873,-0.12661066808830299,-0.0008986259737410894,0.9999865635332638,1.000002747958794
-0.1,1.0302193722744544,49.15328575105025,-0.1258121417291855,-0.0008718737577234535,0.9999871879692156,1.0000026480126258
-0.1,1.0302193722744544,49.608515315813406,-0.12503031851735585,-0.0008456867875227295,0.99998778774288,1.0000025511974473
-0.1,1.0302193722744544,50.067960955930815,-0.12426505960429633,-0.0008200592365641002,0.9999883636464898,1.0000024574266806
-0.1,1.0302193722744544,50.5316617182763,-0.12351622277243422,-0.0007949852431420186,0.9999889164525205,1.0000023666161242
-0.1,1.0302193722744544,50.99965701135351,-0.12278366247458819,-0.0007704589096451638,0.9999894469141056,1.0000022786838743
-0.1,1.0302193722744544,51.47198660864504,-0.12206722987689116,-0.0007464743018698858,0.9999899557654347,1.000002193550254
-0.1,1.0302193722744544,51.9486906519927,-0.12136677290519114,-0.000723025448425889,0.9999904437221434,1.000002111137744
-0.1,1.0302193722744544,52.429809655009066,-0.12068213629493661,-0.0007001063402377204,0.9999909114816893,1.000002031370914
-0.1,1.0302193722744544,52.91538450652049,-0.12001316164456194,-0.0006777109301455906,0.9999913597237183,1.0000019541763578
-0.1,1.0302193722744544,53.40545647404229,-0.11935968747239227,-0.000655833132608777,0.999991789110418,1.0000018794826304
-0.1,1.0302193722744544,53.90006720728585,-0.11872154927709319,-0.0006344668235148233,0.9999922002868626,1.000001807220186
-0.1,1.0302193722744544,54.39925874169825,-0.11809857960169491,-0.0006136058400974906,0.999992593881349,1.000001737321321
-0.1,1.0302193722744544,54.90307350203484,-0.1174906081012186,-0.0005932439809662223,0.9999929705057228,1.0000016697201133
-0.1,1.0302193722744544,55.41155430596479,-0.11689746161393211,-0.0005733750062497541,0.999993330755698,1.0000016043523727
-0.1,1.0302193722744544,55.924744367709856,-0.1163189642362553,-0.0005539926378561579,0.9999936752111609,1.0000015411555814
-0.1,1.0302193722744544,56.442687301717264,-0.11575493740132796,-0.000535090559851544,0.9999940044364789,1.000001480068849
-0.1,1.0302193722744544,56.96542712636624,-0.11520519996123865,-0.0005166624189592183,0.9999943189807915,1.000001421032858
-0.1,1.0302193722744544,57.493008267708944,-0.11466956827290292,-0.0004987018251810176,0.9999946193782998,1.0000013639898195
-0.1,1.0302193722744544,58.02547556324627,-0.11414785628755704,-0.0004812023525420915,0.9999949061485469,1.0000013088834239
-0.1,1.0302193722744544,58.562874265738245,-0.11363987564382183,-0.0004641575399603273,0.9999951797966975,1.0000012556588014
-0.1,1.0302193722744544,59.10525004705015,-0.1131454357642666,-0.00044756089224112615,0.9999954408138024,1.000001204262472
-0.1,1.0302193722744544,59.65264900203377,-0.11266434395539006,-0.0004314058811980922,0.9999956896770688,1.000001154642312
-0.1,1.0302193722744544,60.2051176524451,-0.11219640551091081,-0.00041568594689977924,0.9999959268501194,1.0000011067475096
-0.1,1.0302193722744544,60.76270295089797,-0.11174142381824934,-0.00040039449904240385,0.9999961527832457,1.0000010605285266
-0.1,1.0302193722744544,61.325452284854336,-0.11129920046806209,-0.00038552491844801576,0.9999963679136624,1.0000010159370636
-0.1,1.0302193722744544,61.89341348065174,-0.11086953536667803,-0.0003710705586873534,0.9999965726657533,1.0000009729260255
-0.1,1.0302193722744544,62.466634807567864,-0.11045222685127652,-0.0003570247478262479,0.999996767451316,1.0000009314494807
-0.1,1.0302193722744544,63.0451649819227,-0.11004707180763318,-0.00034338079029401335,0.999996952669802,1.0000008914626377
-0.1,1.0302193722744544,63.629053171218956,-0.10965386579025765,-0.0003301319688720017,0.9999971287085545,1.0000008529218072
-0.1,1.0302193722744544,64.21834899832058,-0.10927240314473927,-0.0003172715468001209,0.9999972959430434,1.0000008157843743
-0.1,1.0302193722744544,64.81310254566993,-0.10890247713211317,-0.0003047927699986268,0.9999974547370941,1.0000007800087674
-0.1,1.0302193722744544,65.4133643595444,-0.10854388005506037,-0.0002926888694022743,0.9999976054431214,1.0000007455544324
-0.1,1.0302193722744544,66.01918545435197,-0.10819640338575258,-0.00028095306340349536,0.9999977484023524,1.0000007123818042
-0.1,1.0302193722744544,66.63061731696679,-0.10785983789515254,-0.00026957856040082516,0.9999978839450536,1.000000680452283
-0.1,1.0302193722744544,67.24771191110499,-0.10753397378358252,-0.00025855856144852866,0.9999980123907511,1.0000006497282055
-0.1,1.0302193722744544,67.87052168174088,-0.10721860081237243,-0.00024788626300298756,0.9999981340484553,1.0000006201728255
-0.1,1.0302193722744544,68.49909955956402,-0.10691350843640021,-0.00023755485976093883,0.9999982492168766,1.0000005917502894
-0.1,1.0302193722744544,69.13349896547759,-0.10661848593733567,-0.00022755754758453756,0.9999983581846428,1.0000005644256122
-0.1,1.0302193722744544,69.77377381513884,-0.10633332255739657,-0.00021788752650758845,0.9999984612305184,1.0000005381646606
-0.1,1.0302193722744544,70.41997852354069,-0.10605780763342679,-0.0002085380038172123,0.9999985586236144,1.0000005129341287
-0.1,1.0302193722744544,71.0721680096366,-0.10579173073109824,-0.00019950219720471895,0.9999986506236037,1.0000004887015215
-0.1,1.0302193722744544,71.73039770100793,-0.10553488177903812,-0.00019077333797926888,0.9999987374809322,1.000000465435135
-0.1,1.0302193722744544,72.39472353857458,-0.10528705120267534,-0.00018234467433752855,0.9999988194370297,1.000000443104038
-0.1,1.0302193722744544,73.06520198134909,-0.10504803005759757,-0.0001742094746823742,0.9999988967245168,1.0000004216780574
-0.1,1.0302193722744544,73.74189001123509,-0.10481761016220137,-0.0001663610309833153,0.9999989695674142,1.0000004011277577
-0.1,1.0302193722744544,74.42484513786997,-0.1045955842294149,-0.00015879266217120306,0.9999990381813475,1.000000381424429
-0.1,1.0302193722744544,75.11412540351232,-0.10438174599726677,-0.0001514977175595401,0.9999991027737548,1.0000003625400706
-0.1,1.0302193722744544,75.80978938797494,-0.10417589035806903,-0.00014446958028451655,0.9999991635440867,1.0000003444473753
-0.1,1.0302193722744544,76.51189621360336,-0.10397781348598038,-0.00013770167075579355,0.9999992206840106,1.000000327119716
-0.1,1.0302193722744544,77.22050555030022,-0.10378731296271196,-0.0001311874501099105,0.9999992743776143,1.0000003105311337
-0.1,1.0302193722744544,77.93567762059672,-0.10360418790113698,-0.00012492042365808462,0.9999993248015977,1.0000002946563222
-0.1,1.0302193722744544,78.65747320477065,-0.10342823906656685,-0.00011889414432015957,0.99999937212548,1.000000279470617
-0.1,1.0302193722744544,79.38595364601184,-0.10325926899545795,-0.00011310221603635542,0.9999994165117906,1.000000264949984
-0.1,1.0302193722744544,80.12118085563553,-0.1030970821113169,-0.00010753829714857105,0.999999458116266,1.0000002510710042
-0.1,1.0302193722744544,80.86321731834431,-0.10294148483757799,-0.00010219610374287194,0.999999497088041,1.000000237810866
-0.1,1.0302193722744544,81.61212609753805,-0.10279228570723445,-9.70694129450346e-05,0.9999995335698438,1.000000225147354
-0.1,1.0302193722744544,82.36797084067375,-0.10264929546901286,-9.215206616095738e-05,0.9999995676981829,1.0000002130588368
-0.1,1.0302193722744544,83.13081578467474,-0.10251232718989058,-8.743797225396084e-05,0.9999995996035357,1.000000201524256
-0.1,1.0302193722744544,83.90072576138992,-0.10238119635376948,-8.292111065111749e-05,0.9999996294105348,1.000000190523121
-0.1,1.0302193722744544,84.67776620310352,-0.10225572095612809,-7.859553437096337e-05,0.9999996572381493,1.0000001800354918
-0.1,1.0302193722744544,85.46200314809617,-0.10213572159449301,-7.445537296510969e-05,0.9999996831998718,1.000000170041977
-0.1,1.0302193722744544,86.25350324625728,-0.10202102155457862,-7.049483536659557e-05,0.9999997074038912,1.000000160523718
-0.1,1.0302193722744544,87.05233376474918,-0.10191144689196494,-6.670821263802007e-05,0.9999997299532739,1.0000001514623857
-0.1,1.0302193722744544,87.85856259372419,-0.10180682650919262,-6.308988061283492e-05,0.9999997509461362,1.0000001428401664
-0.1,1.0302193722744544,88.67225825209441,-0.10170699222817413,-5.963430242352505e-05,0.9999997704758192,1.0000001346397565
-0.1,1.0302193722744544,89.49348989335462,-0.10161177885782964,-5.633603091068769e-05,0.9999997886310522,1.0000001268443524
-0.1,1.0302193722744544,90.32232731145982,-0.10152102425687674,-5.318971090749908e-05,0.9999998054961253,1.0000001194376422
-0.1,1.0302193722744544,91.15884094675663,-0.10143456939171143,-5.0190081394371344e-05,0.9999998211510507,1.0000001124037987
-0.1,1.0302193722744544,92.0031018919696,-0.10135225838933586,-4.733197751904876e-05,0.9999998356717221,1.0000001057274677
-0.1,1.0302193722744544,92.85518189824359,-0.10127393858529933,-4.461033247788923e-05,0.9999998491300749,1.0000000993937628
-0.1,1.0302193722744544,93.71515338124135,-0.10119946056663294,-4.2020179254414054e-05,0.9999998615942379,1.0000000933882571
-0.1,1.0302193722744544,94.58308942729796,-0.10112867820977046,-3.955665221181437e-05,0.9999998731286888,1.0000000876969735
-0.1,1.0302193722744544,95.45906379963219,-0.10106144871345847,-3.721498853645995e-05,0.9999998837943985,1.0000000823063766
-0.1,1.0302193722744544,96.34315094461576,-0.10099763262667302,-3.499052953005638e-05,0.9999998936489792,1.0000000772033675
-0.1,1.0302193722744544,97.23542599809973,-0.10093709387156784,-3.287872174849894e-05,0.9999999027468242,1.000000072375271
-0.1,1.0302193722744544,98.13596479180039,-0.10087969976149219,-3.0875117986057886e-05,0.9999999111392475,1.0000000678098342
-0.1,1.0302193722744544,99.04484385974408,-0.10082532101412517,-2.897537810396905e-05,0.9999999188746165,1.0000000634952104
-0.1,1.0302193722744544,99.96214044477135,-0.10077383175978567,-2.7175269703056946e-05,0.9999999259984855,1.0000000594199585
-0.1,1.0302193722744544,100.88793250510167,-0.10072510954498326,-2.5470668640483278e-05,0.9999999325537247,1.0000000555730315
-0.1,1.0302193722744544,101.82229872095873,-0.10067903533128973,-2.3857559391251645e-05,0.9999999385806387,1.000000051943767
-0.1,1.0302193722744544,102.76531850125772,-0.1006354934896167,-2.233203525552828e-05,0.9999999441170939,1.0000000485218843
-0.1,1.0302193722744544,103.71707199035326,-0.10059437178999703,-2.0890298413402345e-05,0.9999999491986322,1.000000045297471
-0.1,1.0302193722744544,104.67764007485148,-0.10055556138697554,-1.9528659829078233e-05,0.9999999538585845,1.0000000422609785
-0.1,1.0302193722744544,105.64710439048359,-0.10051895680072429,-1.8243539007036075e-05,0.9999999581281808,1.0000000394032131
-0.1,1.0302193722744544,106.62554732904427,-0.1004844558940075,-1.7031463603083965e-05,0.9999999620366576,1.0000000367153261
-0.1,1.0302193722744544,107.61305204539366,-0.10045195984512893,-1.5889068893600392e-05,0.999999965611359,1.0000000341888091
-0.1,1.0302193722744544,108.60970246452491,-0.10042137311700469,-1.4813097106817245e-05,0.9999999688778376,1.0000000318154851
-0.1,1.0302193722744544,109.61558328869602,-0.10039260342251047,-1.3800396620130512e-05,0.9999999718599469,1.0000000295874971
-0.1,1.0302193722744544,110.63078000462876,-0.10036556168626332,-1.2847921028052075e-05,0.9999999745799374,1.0000000274973055
-0.1,1.0302193722744544,111.65537889077429,-0.10034016200300248,-1.1952728085469241e-05,0.9999999770585418,1.0000000255376764
-0.1,1.0302193722744544,112.68946702464496,-0.10031632159274302,-1.1111978531396854e-05,0.9999999793150621,1.000000023701674
-0.1,1.0302193722744544,113.73313229021528,-0.10029396075288037,-1.0322934798571757e-05,0.9999999813674488,1.0000000219826541
-0.1,1.0302193722744544,114.78646338539066,-0.10027300280743145,-9.582959614487067e-06,0.9999999832323833,1.0000000203742554
-0.1,1.0302193722744544,115.84954982954602,-0.10025337405360123,-8.889514499727833e-06,0.9999999849253474,1.0000000188703906
-0.1,1.0302193722744544,116.92248197113297,-0.10023500370586862,-8.240158169608356e-06,0.9999999864607002,1.0000000174652413
-0.1,1.0302193722744544,118.00535099535914,-0.1002178238377876,-7.63254484531909e-06,0.999999987851743,1.0000000161532459
-0.1,1.0302193722744544,119.09824893193696,-0.10020176932170428,-7.064422480859654e-06,0.9999999891107858,1.000000014929096
-0.1,1.0302193722744544,120.2012686629055,-0.10018677776658773,-6.533630912205713e-06,0.9999999902492106,1.0000000137877265
-0.1,1.0302193722744544,121.31450393052383,-0.10017278945417749,-6.038099935171729e-06,0.9999999912775285,1.0000000127243076
-0.1,1.0302193722744544,122.43804934523853,-0.10015974727364614,-5.5758473185062826e-06,0.9999999922054377,1.0000000117342391
-0.1,1.0302193722744544,123.5720003937234,-0.10014759665497693,-5.144976758758809e-06,0.999999993041878,1.0000000108131404
-0.1,1.0302193722744544,124.7164534469956,-0.10013628550125163,-4.743675783457328e-06,0.9999999937950784,1.0000000099568451
-0.1,1.0302193722744544,125.87150576860506,-0.1001257641200422,-4.370213609073784e-06,0.9999999944726095,1.0000000091613934
-0.1,1.0302193722744544,127.03725552290106,-0.10011598515409538,-4.0229389602384355e-06,0.9999999950814242,1.0000000084230223
-0.1,1.0302193722744544,128.21380178337475,-0.10010690351149398,-3.7002778565190174e-06,0.999999995627905,1.000000007738162
-0.1,1.0302193722744544,129.40124454107954,-0.10009847629547375,-3.4007313730030884e-06,0.999999996117902,1.0000000071034272
-0.1,1.0302193722744544,130.59968471312828,-0.10009066273406933,-3.122873380793022e-06,0.9999999965567735,1.0000000065156085
-0.1,1.0302193722744544,131.8092241512703,-0.1000834241097531,-2.8653482733701348e-06,0.999999996949419,1.0000000059716683
-0.1,1.0302193722744544,133.02996565054787,-0.10007672368922883,-2.6268686845736464e-06,0.9999999973003159,1.000000005468734
-0.1,1.0302193722744544,134.26201295803162,-0.10007052665352835,-2.4062132038246743e-06,0.9999999976135514,1.0000000050040878
-0.1,1.0302193722744544,135.5054707816382,-0.10006480002855705,-2.2022240939444255e-06,0.9999999978928494,1.0000000045751647
-0.1,1.0302193722744544,136.76044479902887,-0.1000595126162222,-2.0138050167540716e-06,0.9999999981416018,1.0000000041795436
-0.1,1.0302193722744544,138.02704166659132,-0.10005463492627216,-1.839918771383197e-06,0.999999998362892,1.0000000038149406
-0.1,1.0302193722744544,139.30536902850287,-0.10005013910896447,-1.6795850499733824e-06,0.9999999985595225,1.0000000034792063
-0.1,1.0302193722744544,140.5955355258802,-0.10004599888867322,-1.5318782152347964e-06,0.9999999987340366,1.0000000031703162
-0.1,1.0302193722744544,141.8976508060113,-0.10004218949853846,-1.3959251040037209e-06,0.9999999988887359,1.0000000028863658
-0.1,1.0302193722744544,143.21182553167466,-0.10003868761624994,-1.2709028607628474e-06,0.9999999990257069,1.0000000026255675
-0.1,1.0302193722744544,144.53817139054382,-0.10003547130105142,-1.1560368047082194e-06,0.9999999991468337,1.000000002386241
-0.1,1.0302193722744544,145.87680110468003,-0.10003251993204257,-1.0505983338043888e-06,0.9999999992538187,1.0000000021668123
-0.1,1.0302193722744544,147.22782844011104,-0.10002981414784784,-9.539028688470273e-07,0.9999999993481964,1.0000000019658044
-0.1,1.0302193722744544,148.59136821650102,-0.10002733578771378,-8.653078404203774e-07,0.9999999994313485,1.0000000017818367
-0.1,1.0302193722744544,149.9675363169076,-0.10002506783408947,-7.842107212451596e-07,0.9999999995045191,1.000000001613617
-0.1,1.0302193722744544,151.35644969763095,-0.1000229943567369,-7.100471062382602e-07,0.9999999995688238,1.0000000014599362
-0.1,1.0302193722744544,152.75822639815343,-0.10002110045841166,-6.422888422269728e-07,0.999999999625266,1.0000000013196688
-0.1,1.0302193722744544,154.17298555117182,-0.10001937222214705,-5.804422091368698e-07,0.9999999996747416,1.0000000011917616
-0.1,1.0302193722744544,155.60084739272125,-0.10001779666016969,-5.240461540747727e-07,0.9999999997180554,1.0000000010752357
-0.1,1.0302193722744544,157.0419332723941,-0.10001636166446698,-4.7267057958217913e-07,0.9999999997559244,1.0000000009691787
-0.1,1.0302193722744544,158.4963656636536,-0.10001505595902208,-4.259146870330396e-07,0.9999999997889889,1.0000000008727423
-0.1,1.0302193722744544,159.96426817424148,-0.10001386905372643,-3.834053759462164e-07,0.9999999998178205,1.0000000007851384
-0.1,1.0302193722744544,161.44576555668382,-0.10001279119997465,-3.4479569974249546e-07,0.999999999842927,1.0000000007056358
-0.1,1.0302193722744544,162.94098371889282,-0.10001181334794089,-3.097633782692035e-07,0.9999999998647602,1.000000000633556
-0.1,1.0302193722744544,164.4500497348682,-0.10001092710553276,-2.780093672134755e-07,0.9999999998837197,1.0000000005682714
-0.1,1.0302193722744544,165.97309185549548,-0.100010124699013,-2.4925648431706397e-07,0.9999999999001615,1.0000000005091996
-0.1,1.0302193722744544,167.5102395194472,-0.10000939893527538,-2.2324809215760692e-07,0.9999999999144,1.0000000004558045
-0.1,1.0302193722744544,169.06162336418203,-0.1000087431657579,-1.9974683704656282e-07,0.9999999999267128,1.000000000407589
-0.1,1.0302193722744544,170.6273752370482,-0.1000081512519727,-1.785334434712472e-07,0.9999999999373452,1.000000000364096
-0.1,1.0302193722744544,172.20762820648835,-0.10000761753262737,-1.5940556334851882e-07,0.9999999999465128,1.000000000324904
-0.1,1.0302193722744544,173.80251657334924,-0.10000713679231164,-1.4217667924183144e-07,0.9999999999544066,1.000000000289624
-0.1,1.0302193722744544,175.41217588229446,-0.10000670423171808,-1.266750605121153e-07,0.9999999999611926,1.0000000002578997
-0.1,1.0302193722744544,177.0367429333253,-0.10000631543936463,-1.1274277134849117e-07,0.9999999999670175,1.0000000002294034
-0.1,1.0302193722744544,178.67635579340572,-0.10000596636478336,-1.0023472947844052e-07,0.9999999999720103,1.0000000002038332
-0.1,1.0302193722744544,180.33115380819694,-0.10000565329313753,-8.901781424208388e-08,0.9999999999762829,1.0000000001809153
-0.1,1.0302193722744544,182.00127761389967,-0.10000537282122851,-7.897002270823281e-08,0.9999999999799332,1.000000000160396
-0.1,1.0302193722744544,183.68686914920713,-0.10000512183485001,-6.997967239144312e-08,0.9999999999830472,1.0000000001420446
-0.1,1.0302193722744544,185.38807166736675,-0.10000489748744813,-6.194464909208246e-08,0.9999999999856989,1.0000000001256506
-0.1,1.0302193722744544,187.10502974835543,-0.10000469718004253,-5.4771698341429365e-08,0.9999999999879536,1.0000000001110227
-0.1,1.0302193722744544,188.83788931116757,-0.10000451854236356,-4.837575888512825e-08,0.9999999999898673,1.0000000000979843
-0.1,1.0302193722744544,190.58679762621514,-0.10000435941516038,-4.267933662697311e-08,0.9999999999914883,1.0000000000863762
-0.1,1.0302193722744544,192.35190332784438,-0.100004217833632,-3.761191742723561e-08,0.9999999999928599,1.0000000000760547
-0.1,1.0302193722744544,194.13335642696757,-0.100004092011936,-3.3109417148401045e-08,0.9999999999940176,1.0000000000668865
-0.1,1.0302193722744544,195.93130832381254,-0.10000398032872622,-2.91136673260228e-08,0.9999999999949932,1.000000000058753
-0.1,1.0302193722744544,197.74591182078862,-0.10000388131367347,-2.5571934864587273e-08,0.9999999999958141,1.0000000000515463
-0.1,1.0302193722744544,199.5773211354742,-0.10000379363492129,-2.243647416279931e-08,0.9999999999965029,1.000000000045168
-0.1,1.0302193722744544,201.42569191372198,-0.10000371608743056,-1.9664110073291804e-08,0.9999999999970804,1.0000000000395302
-0.1,1.0302193722744544,203.29118124288746,-0.10000364758216666,-1.721585016835089e-08,0.999999999997563,1.0000000000345528
-0.1,1.0302193722744544,205.1739476651793,-0.10000358713608379,-1.505652475736169e-08,0.9999999999979665,1.0000000000301639
-0.1,1.0302193722744544,207.07415119113296,-0.10000353386286145,-1.31544531726155e-08,0.9999999999983022,1.0000000000262992
-0.1,1.0302193722744544,208.99195331321022,-0.10000348696435009,-1.1481134867125818e-08,0.9999999999985818,1.0000000000228997
-0.1,1.0302193722744544,210.92751701952352,-0.10000344572268195,-1.0010963890151718e-08,0.9999999999988137,1.0000000000199134
-0.1,1.0302193722744544,212.88100680768738,-0.10000340949300783,-8.720965380197865e-09,0.999999999999006,1.0000000000172935
-0.1,1.0302193722744544,214.8525886987991,-0.10000337769681752,-7.5905527239719e-09,0.9999999999991653,1.0000000000149984
-0.1,1.0302193722744544,216.84243025154836,-0.10000334981580675,-6.60130410803144e-09,0.9999999999992969,1.00000000001299
-0.1,1.0302193722744544,218.85070057645706,-0.10000332538625252,-5.736757227657044e-09,0.9999999999994059,1.0000000000112352
-0.1,1.0302193722744544,220.87757035025237,-0.10000330399386204,-4.9822209399176184e-09,0.9999999999994962,1.0000000000097045
-0.1,1.0302193722744544,222.92321183037146,-0.10000328526906012,-4.3246027546596595e-09,0.9999999999995706,1.0000000000083695
-0.1,1.0302193722744544,224.9877988696007,-0.10000326888268386,-3.7522510493673955e-09,0.9999999999996325,1.0000000000072082
-0.1,1.0302193722744544,227.07150693085165,-0.1000032545420527,-3.254810992745009e-09,0.9999999999996831,1.000000000006199
-0.1,1.0302193722744544,229.17451310207272,-0.10000324198738526,-2.8230931666657957e-09,0.9999999999997259,1.000000000005323
-0.1,1.0302193722744544,231.29699611129922,-0.10000323098853563,-2.4489539774664697e-09,0.9999999999997619,1.0000000000045641
-0.1,1.0302193722744544,233.4391363418438,-0.10000322134202275,-2.1251869460813733e-09,0.9999999999997919,1.0000000000039073
-0.1,1.0302193722744544,235.60111584762504,-0.10000321286832968,-1.8454240594433512e-09,0.9999999999998181,1.0000000000033404
-0.1,1.0302193722744544,237.78311836864148,-0.10000320540944836,-1.6040463882812534e-09,0.9999999999998391,1.00000000000285
-0.1,1.0302193722744544,239.98532934658564,-0.10000319882665148,-1.3961032216738796e-09,0.9999999999998583,1.0000000000024285
-0.1,1.0302193722744544,242.20793594060487,-0.10000319299846906,-1.217239035634926e-09,0.999999999999875,1.0000000000020655
-0.1,1.0302193722744544,244.4511270432073,-0.10000318781885414,-1.0636276365866012e-09,0.9999999999998893,1.000000000001754
-0.1,1.0302193722744544,246.71509329631496,-0.1000031831955191,-9.319128693418718e-10,0.9999999999999021,1.0000000000014866
-0.1,1.0302193722744544,249.00002710746668,-0.10000317904842868,-8.191553270851398e-10,0.999999999999914,1.0000000000012579
-0.1,1.0302193722744544,251.3061226661696,-0.10000317530843449,-7.22784528995481e-10,0.9999999999999244,1.0000000000010625
-0.1,1.0302193722744544,253.6335759604023,-0.10000317191603926,-6.405560811038905e-10,0.9999999999999342,1.000000000000896
-0.1,1.0302193722744544,255.98258479327197,-0.10000316882027804,-5.705133537389114e-10,0.9999999999999423,1.0000000000007534
-0.1,1.0302193722744544,258.3533487998248,-0.10000316597770693,-5.109532724488201e-10,0.9999999999999508,1.000000000000633
-0.1,1.0302193722744544,260.7460694640121,-0.1000031633514883,-4.6039581379962e-10,0.9999999999999576,1.0000000000005305
-0.1,1.0302193722744544,263.1609501358149,-0.10000316091056481,-4.1755686838656273e-10,0.9999999999999639,1.0000000000004439
-0.1,1.0302193722744544,265.59819604852424,-0.10000315862891425,-3.8132411551898605e-10,0.9999999999999697,1.0000000000003706
-0.1,1.0302193722744544,268.0580143361851,-0.10000315648487713,-3.5073564465080246e-10,0.9999999999999752,1.0000000000003082
-0.1,1.0302193722744544,270.5406140511989,-0.10000315446055186,-3.249610211075887e-10,0.9999999999999792,1.0000000000002558
-0.1,1.0302193722744544,273.0462061820903,-0.10000315254125064,-3.032845280713466e-10,0.999999999999983,1.0000000000002125
-0.1,1.0302193722744544,275.57500367143905,-0.10000315071501177,-2.850904132259364e-10,0.9999999999999865,1.0000000000001756
-0.1,1.0302193722744544,278.1272214339776,-0.10000314897216253,-2.6984986298886143e-10,0.9999999999999882,1.0000000000001448
-0.1,1.0302193722744544,280.7030763748543,-0.10000314730492996,-2.5710956643213536e-10,0.9999999999999903,1.0000000000001195
-0.1,1.0302193722744544,283.30278740807006,-0.10000314570709415,-2.464816565420381e-10,0.999999999999991,1.0000000000000973
-0.1,1.0302193722744544,285.9265754750807,-0.10000314417368127,-2.3763491412298404e-10,0.9999999999999916,1.0000000000000795
-0.1,1.0302193722744544,288.57466356357577,-0.1000031427006932,-2.302870521494955e-10,0.9999999999999911,1.000000000000065
-0.1,1.0302193722744544,291.24727672642865,-0.1000031412848713,-2.2419799115819074e-10,0.9999999999999905,1.0000000000000528
-0.1,1.0302193722744544,293.94464210082356,-0.10000313992349001,-2.1916398755876046e-10,0.9999999999999885,1.0000000000000424
-0.1,1.0302193722744544,296.6669889275594,-0.10000313861418045,-2.1501251704817494e-10,0.9999999999999863,1.000000000000034
-0.1,1.0302193722744544,299.4145485705322,-0.10000313735477878,-2.115978399819005e-10,0.9999999999999835,1.000000000000027
-0.1,1.0302193722744544,302.18755453639716,-0.10000313614320021,-2.087971415719271e-10,0.9999999999999803,1.000000000000021
-0.1,1.0302193722744544,304.9862424944146,-0.1000031349773341,-2.065071949792451e-10,0.999999999999977,1.0000000000000169
-0.1,1.0302193722744544,307.81085029647846,-0.10000313385495979,-2.0464147162607045e-10,0.9999999999999726,1.000000000000013
-0.1,1.0302193722744544,310.6616179973303,-0.10000313277368139,-2.031276483960607e-10,0.9999999999999681,1.0000000000000095
-0.1,1.0302193722744544,313.5387878749621,-0.10000313173087871,-2.0190545594726133e-10,0.9999999999999635,1.0000000000000075
-0.1,1.0302193722744544,316.44260445120455,-0.1000031307236743,-2.0092482951512986e-10,0.9999999999999583,1.0000000000000049
-0.1,1.0302193722744544,319.3733145125105,-0.10000312974891361,-2.001443183635054e-10,0.9999999999999534,1.000000000000003
-0.1,1.0302193722744544,322.3311671309267,-0.10000312880315769,-1.9952972501877059e-10,0.9999999999999483,1.0000000000000018
-0.1,1.0302193722744544,325.31641368526283,-0.100003127882687,-1.9905292853429034e-10,0.9999999999999434,1.0000000000000007
-0.1,1.0302193722744544,328.32930788245454,-0.10000312698351463,-1.986908970274313e-10,0.9999999999999384,0.9999999999999996
-0.1,1.0302193722744544,331.37010577912685,-0.10000312610140723,-1.9842483116272613e-10,0.9999999999999333,0.9999999999999987
-0.1,1.0302193722744544,334.4390658033531,-0.10000312523191429,-1.9823943334342813e-10,0.9999999999999282,0.9999999999999972
-0.1,1.0302193722744544,337.53644877662083,-0.10000312437040133,-1.9812230492354327e-10,0.9999999999999228,0.9999999999999971
-0.1,1.0302193722744544,340.66251793599554,-0.10000312351208954,-1.9806341062119173e-10,0.9999999999999191,0.9999999999999959
-0.1,1.0302193722744544,343.81753895649405,-0.10000312265209794,-1.9805464401084002e-10,0.9999999999999151,0.9999999999999959
-0.1,1.0302193722744544,347.00177997366285,-0.10000312178548855,-1.9808945756864544e-10,0.9999999999999108,0.9999999999999951
-0.1,1.0302193722744544,350.2155116063659,-0.10000312090731306,-1.9816254285541422e-10,0.9999999999999079,0.9999999999999944
-0.1,1.0302193722744544,353.4590069797847,-0.10000312001266012,-1.982695781410268e-10,0.9999999999999045,0.9999999999999938
-0.1,1.0302193722744544,356.73254174862967,-0.10000311909670302,-1.98407003844507e-10,0.9999999999999021,0.9999999999999937
-0.1,1.0302193722744544,360.0363941205664,-0.10000311815474587,-1.9857184590706164e-10,0.9999999999998997,0.9999999999999929
-0.1,1.0302193722744544,363.37084487986095,-0.10000311718226867,-1.98761570919979e-10,0.9999999999998984,0.999999999999993
-0.1,1.0302193722744544,366.73617741124224,-0.10000311617497032,-1.9897395946202951e-10,0.9999999999998971,0.9999999999999926
-0.1,1.0302193722744544,370.13267772398575,-0.10000311512880843,-1.9920701563825188e-10,0.9999999999998964,0.9999999999999921
-0.1,1.0302193722744544,373.5606344762222,-0.10000311404003655,-1.994588857600483e-10,0.9999999999998963,0.9999999999999918
-0.1,1.0302193722744544,377.02033899946696,-0.10000311290523754,-1.99727801935951e-10,0.9999999999998966,0.9999999999999913
-0.1,1.0302193722744544,380.5120853233824,-0.10000311172135302,-2.0001203504535099e-10,0.9999999999998979,0.9999999999999915
-0.1,1.0302193722744544,384.03617020076405,-0.10000311048570852,-2.003098596119451e-10,0.9999999999998991,0.9999999999999911
-0.1,1.0302193722744544,387.5928931327621,-0.10000310919603476,-2.0061953666158465e-10,0.9999999999999009,0.9999999999999912
-0.1,1.0302193722744544,391.18255639433437,-0.10000310785048379,-2.0093929326762783e-10,0.9999999999999032,0.9999999999999911
-0.1,1.0302193722744544,394.8054650599374,-0.10000310644764096,-2.0126731808294273e-10,0.9999999999999056,0.9999999999999912
-0.1,1.0302193722744544,398.4619270294508,-0.10000310498653214,-2.01601761010616e-10,0.9999999999999087,0.9999999999999909
-0.1,1.0302193722744544,402.15225305434814,-0.10000310346662633,-2.0194073498356386e-10,0.999999999999912,0.9999999999999909
-0.1,1.0302193722744544,405.87675676410373,-0.10000310188783389,-2.022823241474966e-10,0.9999999999999161,0.9999999999999913
-0.1,1.0302193722744544,409.6357546928489,-0.10000310025050027,-2.0262459439562978e-10,0.9999999999999197,0.999999999999991
-0.1,1.0302193722744544,413.4295663062725,-0.10000309855539609,-2.0296560393598526e-10,0.9999999999999241,0.9999999999999917
-0.1,1.0302193722744544,417.25851402877123,-0.10000309680370222,-2.033034216910995e-10,0.9999999999999287,0.9999999999999915
-0.1,1.0302193722744544,421.12292327085265,-0.10000309499699238,-2.036361377111625e-10,0.9999999999999328,0.9999999999999919
-0.1,1.0302193722744544,425.02312245678996,-0.10000309313721158,-2.0396188061254548e-10,0.9999999999999374,0.999999999999992
-0.1,1.0302193722744544,428.95944305253283,-0.1000030912266515,-2.0427883732816128e-10,0.9999999999999422,0.9999999999999922
-0.1,1.0302193722744544,432.9322195938791,-0.10000308926792366,-2.0458526109972511e-10,0.999999999999947,0.9999999999999928
-0.1,1.0302193722744544,436.9417897149054,-0.10000308726392927,-2.048794924029297e-10,0.9999999999999515,0.9999999999999932
-0.1,1.0302193722744544,440.98849417666133,-0.10000308521782775,-2.05159972687432e-10,0.9999999999999564,0.9999999999999936
-0.1,1.0302193722744544,445.0726768961314,-0.1000030831330032,-2.0542525231191557e-10,0.9999999999999606,0.9999999999999938
-0.1,1.0302193722744544,449.19468497546023,-0.10000308101302961,-2.0567401439121122e-10,0.9999999999999651,0.9999999999999946
-0.1,1.0302193722744544,453.3548687314555,-0.10000307886163497,-2.0590506606560695e-10,0.9999999999999692,0.9999999999999947
-0.1,1.0302193722744544,457.55358172535705,-0.10000307668266478,-2.061173688530538e-10,0.9999999999999731,0.9999999999999949
-0.1,1.0302193722744544,461.7911807928867,-0.10000307448004561,-2.063100275602296e-10,0.9999999999999772,0.9999999999999958
-0.1,1.0302193722744544,466.0680260745743,-0.10000307225774809,-2.0648231275057574e-10,0.9999999999999807,0.9999999999999964
-0.1,1.0302193722744544,470.3844810463644,-0.1000030700197509,-2.0663365032508262e-10,0.9999999999999843,0.9999999999999968
-0.1,1.0302193722744544,474.7409125505084,-0.1000030677700051,-2.067636332094992e-10,0.999999999999987,0.999999999999997
-0.1,1.0302193722744544,479.1376908267404,-0.10000306551239957,-2.0687202001434722e-10,0.9999999999999896,0.9999999999999976
-0.1,1.0302193722744544,483.57518954374194,-0.10000306325072783,-2.0695873195246624e-10,0.999999999999992,0.9999999999999983
-0.1,1.0302193722744544,488.0537858309,-0.10000306098865613,-2.070238527088906e-10,0.999999999999994,0.9999999999999987
-0.1,1.0302193722744544,492.5738603103579,-0.1000030587296935,-2.0706762652683177e-10,0.9999999999999958,0.9999999999999992
-0.1,1.0302193722744544,497.1357971293627,-0.10000305647716361,-2.0709044822233305e-10,0.9999999999999964,0.9999999999999998
-0.1,1.0302193722744544,501.7399839929145,-0.10000305423417893,-2.0709286166828805e-10,0.9999999999999972,1.0000000000000002
-0.1,1.0302193722744544,506.3868121967132,-0.10000305200361707,-2.0707555010701145e-10,0.9999999999999981,1.0000000000000004
-0.1,1.0302193722744544,511.0766766604169,-0.1000030497880995,-2.0703932895267985e-10,0.999999999999998,1.0000000000000007
-0.1,1.0302193722744544,515.809975961202,-0.10000304758997265,-2.0698513268798313e-10,0.999999999999998,1.000000000000001
-0.1,1.0302193722744544,520.5871123676386,-0.10000304541129204,-2.0691401126686207e-10,0.999999999999997,1.0000000000000013
-0.1,1.0302193722744544,525.4084918738774,-0.10000304325380863,-2.0682711214691468e-10,0.9999999999999959,1.0000000000000018
-0.1,1.0302193722744544,530.2745242341559,-0.10000304111895805,-2.0672567452629079e-10,0.9999999999999949,1.0000000000000022
-0.1,1.0302193722744544,535.1856229976182,-0.10000303900785239,-2.066110133488774e-10,0.999999999999993,1.0000000000000024
-0.1,1.0302193722744544,540.1422055434659,-0.10000303692127462,-2.064845104794845e-10,0.9999999999999912,1.0000000000000029
-0.1,1.0302193722744544,545.1446931164259,-0.10000303485967578,-2.0634760066659603e-10,0.9999999999999889,1.000000000000003
-0.1,1.0302193722744544,550.1935108625528,-0.1000030328231749,-2.0620175944614106e-10,0.9999999999999865,1.0000000000000033
-0.1,1.0302193722744544,555.2890878653604,-0.10000303081156066,-2.0604849117625098e-10,0.9999999999999836,1.0000000000000033
-0.1,1.0302193722744544,560.4318571822878,-0.10000302882429636,-2.0588931741584738e-10,0.9999999999999803,1.0000000000000033
-0.1,1.0302193722744544,565.6222558815047,-0.10000302686052666,-2.0572576459516734e-10,0.9999999999999774,1.0000000000000036
-0.1,1.0302193722744544,570.8607250790558,-0.10000302491908633,-2.055593519380248e-10,0.999999999999974,1.0000000000000036
-0.1,1.0302193722744544,576.1477099763489,-0.10000302299851183,-2.0539158173595278e-10,0.9999999999999705,1.000000000000004
-0.1,1.0302193722744544,581.4836598979924,-0.10000302109705352,-2.0522393024507728e-10,0.9999999999999666,1.0000000000000038
-0.1,1.0302193722744544,586.8690283299819,-0.10000301921269103,-2.0505783340432782e-10,0.9999999999999631,1.0000000000000038
-0.1,1.0302193722744544,592.3042729582397,-0.10000301734314894,-2.0489468184220434e-10,0.999999999999959,1.0000000000000038
-0.1,1.0302193722744544,597.7898557075149,-0.10000301548591471,-2.0473581017521087e-10,0.9999999999999555,1.000000000000004
-0.1,1.0302193722744544,603.3262427806361,-0.10000301363825745,-2.045824912448114e-10,0.9999999999999513,1.0000000000000036
-0.1,1.0302193722744544,608.913904698138,-0.10000301179724792,-2.0443592800021315e-10,0.9999999999999473,1.0000000000000033
-0.1,1.0302193722744544,614.5533163382452,-0.10000300995977933,-2.0429724442617045e-10,0.9999999999999435,1.0000000000000036
-0.1,1.0302193722744544,620.2449569772324,-0.10000300812258886,-2.0416748782749244e-10,0.9999999999999396,1.0000000000000033
-0.1,1.0302193722744544,625.9893103301563,-0.10000300628227994,-2.0404761408506828e-10,0.9999999999999359,1.0000000000000033
-0.1,1.0302193722744544,631.7868645919671,-0.1000030044353445,-2.0393849529598845e-10,0.9999999999999323,1.0000000000000029
-0.1,1.0302193722744544,637.638112478994,-0.10000300257818581,-2.0384090552715384e-10,0.999999999999929,1.0000000000000029
-0.1,1.0302193722744544,643.5435512708254,-0.10000300070714141,-2.0375552678401168e-10,0.9999999999999253,1.0000000000000024
-0.1,1.0302193722744544,649.5036828525664,-0.10000299881850541,-2.0368294471292268e-10,0.9999999999999221,1.0000000000000024
-0.1,1.0302193722744544,655.5190137574945,-0.10000299690855134,-2.0362365090132026e-10,0.9999999999999191,1.0000000000000022
-0.1,1.0302193722744544,661.5900552101086,-0.1000029949735538,-2.0357803411017392e-10,0.9999999999999163,1.000000000000002
-0.1,1.0302193722744544,667.7173231695753,-0.10000299300981035,-2.035463941472738e-10,0.9999999999999137,1.0000000000000018
-0.1,1.0302193722744544,673.9013383735801,-0.10000299101366207,-2.0352893312506476e-10,0.9999999999999111,1.0000000000000013
-0.1,1.0302193722744544,680.1426263825831,-0.10000298898151408,-2.0352576414062415e-10,0.9999999999999089,1.0000000000000013
-0.1,1.0302193722744544,686.4417176244827,-0.10000298690985449,-2.035369067896771e-10,0.9999999999999073,1.0000000000000013
-0.1,1.0302193722744544,692.7991474396972,-0.10000298479527286,-2.035623000191799e-10,0.9999999999999051,1.0000000000000007
-0.1,1.0302193722744544,699.215456126661,-0.10000298263447746,-2.0360179588480492e-10,0.9999999999999037,1.0000000000000007
-0.1,1.0302193722744544,705.6911889877423,-0.10000298042431173,-2.0365517203425197e-10,0.999999999999903,1.0
-0.1,1.0302193722744544,712.2268963755895,-0.1000029781617687,-2.0372213029696784e-10,0.9999999999999016,0.9999999999999998
-0.1,1.0302193722744544,718.8231337398989,-0.10000297584400532,-2.0380230606045678e-10,0.999999999999901,0.9999999999999996
-0.1,1.0302193722744544,725.4804616746267,-0.10000297346835461,-2.0389526939284763e-10,0.9999999999999006,0.9999999999999992
-0.1,1.0302193722744544,732.1994459656265,-0.10000297103233699,-2.0400053255082176e-10,0.9999999999999003,0.9999999999999992
-0.1,1.0302193722744544,738.9806576387373,-0.10000296853367015,-2.0411755545897564e-10,0.9999999999999005,0.9999999999999988
-0.1,1.0302193722744544,745.8246730083114,-0.1000029659702772,-2.0424575249300592e-10,0.9999999999999009,0.9999999999999987
-0.1,1.0302193722744544,752.7320737261965,-0.10000296334029425,-2.0438449531817323e-10,0.9999999999999014,0.9999999999999983
-0.1,1.0302193722744544,759.7034468311634,-0.10000296064207585,-2.0453312070014881e-10,0.9999999999999023,0.9999999999999981
-0.1,1.0302193722744544,766.7393847988028,-0.10000295787419933,-2.046909369858405e-10,0.9999999999999034,0.9999999999999978
-0.1,1.0302193722744544,773.8404855918722,-0.10000295503546801,-2.0485722788926417e-10,0.9999999999999044,0.9999999999999979
-0.1,1.0302193722744544,781.0073527111184,-0.10000295212491289,-2.0503125950108314e-10,0.9999999999999061,0.9999999999999977
-0.1,1.0302193722744544,788.2405952465664,-0.10000294914179292,-2.052122858814572e-10,0.999999999999908,0.9999999999999974
-0.1,1.0302193722744544,795.5408279292831,-0.10000294608559444,-2.053995540691437e-10,0.9999999999999102,0.9999999999999973
-0.1,1.0302193722744544,802.9086711836236,-0.1000029429560289,-2.055923094069778e-10,0.9999999999999124,0.9999999999999973
-0.1,1.0302193722744544,810.3447511799583,-0.1000029397530298,-2.0578980103135276e-10,0.9999999999999143,0.999999999999997
-0.1,1.0302193722744544,817.8496998878867,-0.1000029364767485,-2.0599128665276396e-10,0.9999999999999171,0.999999999999997
-0.1,1.0302193722744544,825.4241551299497,-0.10000293312754854,-2.0619603531160353e-10,0.9999999999999195,0.9999999999999966
-0.1,1.0302193722744544,833.0687606358348,-0.10000292970599967,-2.0640333567549916e-10,0.9999999999999225,0.9999999999999967
-0.1,1.0302193722744544,840.7841660970844,-0.1000029262128703,-2.0661249623782683e-10,0.9999999999999251,0.9999999999999969
-0.1,1.0302193722744544,848.5710272223139,-0.10000292264911959,-2.0682285007212345e-10,0.999999999999928,0.9999999999999966
-0.1,1.0302193722744544,856.4300057929329,-0.10000291901588827,-2.0703375982186224e-10,0.9999999999999312,0.9999999999999964
-0.1,1.0302193722744544,864.3617697193946,-0.1000029153144892,-2.072446195251733e-10,0.9999999999999344,0.9999999999999963
-0.1,1.0302193722744544,872.3669930979535,-0.10000291154639701,-2.074548568355121e-10,0.9999999999999374,0.9999999999999964
-0.1,1.0302193722744544,880.4463562679581,-0.10000290771323703,-2.0766393610950887e-10,0.9999999999999407,0.9999999999999962
-0.1,1.0302193722744544,888.6005458696701,-0.10000290381677418,-2.0787136111443127e-10,0.999999999999944,0.9999999999999967
-0.1,1.0302193722744544,896.8302549026189,-0.10000289985890091,-2.080766765863395e-10,0.9999999999999474,0.9999999999999966
-0.1,1.0302193722744544,905.1361827845002,-0.10000289584162507,-2.082794671585707e-10,0.9999999999999505,0.9999999999999964
-0.1,1.0302193722744544,913.5190354106156,-0.1000028917670573,-2.0847936434513073e-10,0.9999999999999538,0.9999999999999966
-0.1,1.0302193722744544,921.9795252138629,-0.1000028876373985,-2.0867604066778323e-10,0.999999999999957,0.9999999999999964
-0.1,1.0302193722744544,930.5183712252855,-0.10000288345492679,-2.088692131965315e-10,0.9999999999999599,0.9999999999999966
-0.1,1.0302193722744544,939.1362991351807,-0.10000287922198446,-2.0905864644773235e-10,0.9999999999999631,0.9999999999999962
-0.1,1.0302193722744544,947.8340413547725,-0.10000287494096509,-2.092441465493857e-10,0.9999999999999665,0.9999999999999967
-0.1,1.0302193722744544,956.6123370784595,-0.10000287061430053,-2.0942556598897552e-10,0.9999999999999691,0.9999999999999964
-0.1,1.0302193722744544,965.4719323466358,-0.10000286624444782,-2.0960279940950765e-10,0.9999999999999721,0.9999999999999968
-0.1,1.0302193722744544,974.4135801090915,-0.10000286183387677,-2.0977578611741855e-10,0.9999999999999749,0.9999999999999968
-0.1,1.0302193722744544,983.4380402890077,-0.10000285738505717,-2.099445054814572e-10,0.9999999999999776,0.9999999999999969
-0.1,1.0302193722744544,992.5460798475383,-0.10000285290044654,-2.1010897820888878e-10,0.9999999999999803,0.9999999999999971
-0.1,1.0302193722744544,1001.7384728489908,-0.10000284838247807,-2.1026926400616953e-10,0.9999999999999827,0.999999999999997
-0.1,1.0302193722744544,1011.0160005266158,-0.1000028438335491,-2.1042545938356894e-10,0.9999999999999852,0.999999999999997
-0.1,1.0302193722744544,1020.3794513489946,-0.10000283925600985,-2.1057769624757986e-10,0.9999999999999872,0.9999999999999973
-0.1,1.0302193722744544,1029.8296210870567,-0.10000283465215241,-2.10726140226444e-10,0.9999999999999889,0.9999999999999974
-0.1,1.0302193722744544,1039.3673128817031,-0.10000283002420043,-2.108709881110169e-10,0.999999999999991,0.9999999999999971
-0.1,1.0302193722744544,1048.993337312066,-0.10000282537429929,-2.1101246587027956e-10,0.9999999999999928,0.9999999999999976
-0.1,1.0302193722744544,1058.7085124643972,-0.10000282070450668,-2.1115082542647886e-10,0.9999999999999943,0.9999999999999973
-0.1,1.0302193722744544,1068.5136640015942,-0.10000281601678361,-2.112863440423775e-10,0.9999999999999958,0.9999999999999977
-0.1,1.0302193722744544,1078.4096252333723,-0.10000281131298636,-2.114193187087835e-10,0.9999999999999972,0.9999999999999974
-0.1,1.0302193722744544,1088.3972371870843,-0.10000280659485855,-2.1155006694348485e-10,0.9999999999999981,0.9999999999999977
-0.1,1.0302193722744544,1098.4773486791944,-0.10000280186402428,-2.116789231622835e-10,0.9999999999999992,0.9999999999999978
-0.1,1.0302193722744544,1108.650816387419,-0.10000279712198135,-2.1180623431027602e-10,0.9999999999999998,0.9999999999999978
-0.1,1.0302193722744544,1118.9185049235327,-0.10000279237009556,-2.1193235965139407e-10,1.0000000000000004,0.9999999999999983
-0.1,1.0302193722744544,1129.2812869068487,-0.10000278760959533,-2.120576664147869e-10,1.0000000000000007,0.9999999999999983
-0.1,1.0302193722744544,1139.740043038382,-0.1000027828415672,-2.121825283815556e-10,1.0000000000000007,0.9999999999999983
-0.1,1.0302193722744544,1150.2956621756925,-0.10000277806695171,-2.1230732187922225e-10,1.0000000000000009,0.9999999999999984
-0.1,1.0302193722744544,1160.9490414084332,-0.10000277328653985,-2.1243242542561232e-10,1.0000000000000007,0.9999999999999983
-0.1,1.0302193722744544,1171.7010861345848,-0.10000276850097062,-2.125582146336134e-10,1.0000000000000007,0.9999999999999988
-0.1,1.0302193722744544,1182.5527101374053,-0.10000276371072862,-2.1268506255559498e-10,1.0000000000000002,0.9999999999999988
-0.1,1.0302193722744544,1193.5048356630894,-0.1000027589161425,-2.128133344454063e-10,0.9999999999999993,0.9999999999999989
-0.1,1.0302193722744544,1204.55839349915,-0.10000275411738402,-2.129433881298971e-10,0.9999999999999988,0.9999999999999989
-0.1,1.0302193722744544,1215.7143230535173,-0.10000274931446763,-2.130755701831795e-10,0.9999999999999977,0.999999999999999
-0.1,1.0302193722744544,1226.9735724343827,-0.10000274450725069,-2.1321021441809484e-10,0.9999999999999967,0.999999999999999
-0.1,1.0302193722744544,1238.33709853077,-0.10000273969543405,-2.1334763993336804e-10,0.9999999999999954,0.9999999999999992
-0.1,1.0302193722744544,1249.8058670938608,-0.10000273487856338,-2.1348814922379355e-10,0.999999999999994,0.9999999999999991
-0.1,1.0302193722744544,1261.3808528190714,-0.10000273005603093,-2.1363202634901814e-10,0.9999999999999928,0.9999999999999992
-0.1,1.0302193722744544,1273.0630394288874,-0.10000272522707762,-2.137795352376053e-10,0.999999999999991,0.9999999999999992
-0.1,1.0302193722744544,1284.8534197564702,-0.10000272039079587,-2.1393091873697696e-10,0.9999999999999892,0.9999999999999993
-0.1,1.0302193722744544,1296.7529958300336,-0.10000271554613277,-2.1408639599570046e-10,0.9999999999999877,0.9999999999999996
-0.1,1.0302193722744544,1308.7627789579997,-0.10000271069189337,-2.142461631132755e-10,0.9999999999999858,0.9999999999999996
-0.1,1.0302193722744544,1320.883789814951,-0.10000270582674507,-2.1441038959510796e-10,0.9999999999999839,0.9999999999999997
-0.1,1.0302193722744544,1333.1170585283726,-0.10000270094922165,-2.1457921979693637e-10,0.9999999999999812,0.9999999999999996
-0.1,1.0302193722744544,1345.4636247661995,-0.10000269605772791,-2.1475276973205145e-10,0.9999999999999798,0.9999999999999996
-0.1,1.0302193722744544,1357.924537825179,-0.10000269115054493,-2.1493112858577077e-10,0.9999999999999774,0.9999999999999998
-0.1,1.0302193722744544,1370.500856720038,-0.10000268622583522,-2.1511435658436947e-10,0.9999999999999748,0.9999999999999999
-0.1,1.0302193722744544,1383.1936502734964,-0.10000268128164823,-2.1530248415592174e-10,0.9999999999999725,0.9999999999999998
-0.1,1.0302193722744544,1396.0039972070938,-0.10000267631592644,-2.1549551349558233e-10,0.99999999999997,0.9999999999999999
-0.1,1.0302193722744544,1408.9329862328714,-0.10000267132651099,-2.156934155474782e-10,0.9999999999999677,0.9999999999999997
-0.1,1.0302193722744544,1421.9817161458968,-0.10000266631114842,-2.1589613238956067e-10,0.9999999999999655,0.9999999999999997
-0.1,1.0302193722744544,1435.1512959176512,-0.10000266126749667,-2.1610357688248785e-10,0.9999999999999628,0.9999999999999999
-0.1,1.0302193722744544,1448.4428447902692,-0.10000265619313188,-2.1631563024505032e-10,0.9999999999999605,1.0
-0.1,1.0302193722744544,1461.8574923716699,-0.1000026510855551,-2.1653214489245346e-10,0.9999999999999578,0.9999999999999999
-0.1,1.0302193722744544,1475.3963787315492,-0.10000264594219886,-2.1675294416394792e-10,0.9999999999999551,1.0
-0.1,1.0302193722744544,1489.0606544982772,-0.10000264076043429,-2.1697782175880882e-10,0.9999999999999527,1.0000000000000002
-0.1,1.0302193722744544,1502.8514809566846,-0.100002635537578,-2.1720654354398545e-10,0.9999999999999499,0.9999999999999998
-0.1,1.0302193722744544,1516.7700301467542,-0.10000263027089891,-2.1743884719248272e-10,0.9999999999999477,0.9999999999999998
-0.1,1.0302193722744544,1530.8174849632353,-0.10000262495762534,-2.1767444246521175e-10,0.9999999999999447,1.0
-0.1,1.0302193722744544,1544.9950392561707,-0.10000261959495205,-2.1791301334708793e-10,0.9999999999999423,0.9999999999999998
-0.1,1.0302193722744544,1559.3038979323546,-0.10000261418004702,-2.1815421667386687e-10,0.9999999999999399,0.9999999999999998
-0.1,1.0302193722744544,1573.7452770577393,-0.10000260871005834,-2.1839768736476998e-10,0.9999999999999375,1.0000000000000002
-0.1,1.0302193722744544,1588.3204039607824,-0.10000260318212136,-2.1864303208269836e-10,0.9999999999999352,1.0000000000000002
-0.1,1.0302193722744544,1603.0305173367537,-0.10000259759336502,-2.1888983929864585e-10,0.9999999999999329,1.0
-0.1,1.0302193722744544,1617.8768673530133,-0.10000259194091887,-2.1913767043550167e-10,0.9999999999999307,1.0000000000000002
-0.1,1.0302193722744544,1632.8607157552478,-0.10000258622191939,-2.193860712267503e-10,0.9999999999999286,1.0000000000000002
-0.1,1.0302193722744544,1647.9833359747165,-0.10000258043351652,-2.1963456344340975e-10,0.9999999999999265,1.0
-0.1,1.0302193722744544,1663.2460132364645,-0.1000025745728799,-2.1988265294900247e-10,0.9999999999999243,1.0000000000000002
-0.1,1.0302193722744544,1678.6500446685554,-0.10000256863720512,-2.2012982805100644e-10,0.9999999999999222,1.0
-0.1,1.0302193722744544,1694.1967394123092,-0.10000256262371954,-2.2037555949425173e-10,0.9999999999999204,0.9999999999999999
-0.1,1.0302193722744544,1709.8874187335668,-0.10000255652968822,-2.2061930538076162e-10,0.9999999999999184,0.9999999999999999
-0.1,1.0302193722744544,1725.7234161349695,-0.10000255035241948,-2.2086050786167507e-10,0.9999999999999168,0.9999999999999999
-0.1,1.0302193722744544,1741.706077469303,-0.10000254408927031,-2.210985994720337e-10,0.999999999999915,1.0
-0.1,1.0302193722744544,1757.8367610538646,-0.10000253773765169,-2.2133300048277319e-10,0.9999999999999135,1.0
-0.1,1.0302193722744544,1774.1168377859105,-0.10000253129503352,-2.2156312268653666e-10,0.999999999999912,1.0
-0.1,1.0302193722744544,1790.547691259161,-0.10000252475894944,-2.2178836738229322e-10,0.9999999999999103,1.0
-0.1,1.0302193722744544,1807.1307178813868,-0.10000251812700152,-2.220081316362412e-10,0.9999999999999091,0.9999999999999999
-0.1,1.0302193722744544,1823.867326993091,-0.10000251139686449,-2.2222180603196632e-10,0.9999999999999079,0.9999999999999999
-0.1,1.0302193722744544,1840.7589409872808,-0.10000250456628991,-2.2242877614166783e-10,0.9999999999999065,0.9999999999999999
-0.1,1.0302193722744544,1857.8069954303487,-0.1000024976331102,-2.2262842565916113e-10,0.9999999999999057,1.0000000000000002
-0.1,1.0302193722744544,1875.012939184082,-0.1000024905952422,-2.2282013613344456e-10,0.9999999999999046,0.9999999999999998
-0.1,1.0302193722744544,1892.378234528796,-0.10000248345069059,-2.2300328810268325e-10,0.9999999999999042,0.9999999999999998
-0.1,1.0302193722744544,1909.9043572876058,-0.10000247619755119,-2.2317726437822363e-10,0.9999999999999036,1.0000000000000004
-0.1,1.0302193722744544,1927.592796951861,-0.10000246883401394,-2.2334144901322145e-10,0.9999999999999026,1.0000000000000002
-0.1,1.0302193722744544,1945.4450568077177,-0.10000246135836535,-2.2349522920764667e-10,0.999999999999902,1.0
-0.1,1.0302193722744544,1963.4626540639163,-0.1000024537689916,-2.2363799661298007e-10,0.9999999999999016,0.9999999999999999
-0.1,1.0302193722744544,1981.6471199807077,-0.10000244606438004,-2.237691489549552e-10,0.9999999999999013,1.0000000000000002
-0.1,1.0302193722744544,2000.0,-0.10000243824312184,-2.2388808996517524e-10,0.9999999999999011,1.0000000000000002
-0.08,1.0306073313980206,0.0,0.0,0.0,0.0,1.0306073313980206
-0.08,1.0306073313980206,0.05,-0.0011916334797818838,0.02344094265359974,0.02972951075165918,1.030140709572187
-0.08,1.0306073313980206,0.1,-0.004612241559433863,0.0446033290965263,0.05934473080498626,1.0296741108823664
-0.08,1.0306073313980206,0.15000000000000002,-0.010041039217257361,0.06362775432441435,0.0887444514657933,1.0292075924689836
-0.08,1.0306073313980206,0.2,-0.01727105524558736,0.08064989084863437,0.11784056689381775,1.0287412451767506
-0.08,1.0306073313980206,0.25,-0.026108632870022453,0.0958003208860081,0.14655687930248426,1.0282751899892044
-0.08,1.0306073313980206,0.30000000000000004,-0.03637291415393821,0.10920441837398893,0.17482799610984287,1.0278095746255345
-0.08,1.0306073313980206,0.35000000000000003,-0.04789531473936383,0.12098227540408113,0.2025983121090544,1.0273445702854813
-0.08,1.0306073313980206,0.4,-0.0605189930780306,0.13124866806129057,0.22982107044050168,1.02688036853341
-0.08,1.0306073313980206,0.45,-0.07409832053608637,0.14011305703801885,0.2564574967445797,1.0264171783166778
-0.08,1.0306073313980206,0.5,-0.08849834955141786,0.1476796187535805,0.28247600137528384,1.025955223116508
-0.08,1.0306073313980206,0.55,-0.10359428735357973,0.15404730305701084,0.30785144497997663,1.0254947382318782
-0.08,1.0306073313980206,0.6000000000000001,-0.1192709800111965,0.1593099139158129,0.3325644631180749,1.025035968198276
-0.08,1.0306073313980206,0.65,-0.13542239845547435,0.16355620980054592,0.3566008459022967,1.024579164344244
-0.08,1.0306073313980206,0.7000000000000001,-0.15195114443461716,0.16687002076427668,0.3799509689281736,1.0241245824888465
-0.08,1.0306073313980206,0.75,-0.1687679594605432,0.16933037948412985,0.4026092719950741,1.0236724807833573
-0.08,1.0306073313980206,0.8,-0.1857912560406188,0.17101166378620775,0.4245737823474533,1.0232231176998743
-0.08,1.0306073313980206,0.8500000000000001,-0.20294665724209043,0.1719837484095469,0.44584567935563263,1.0227767501692095
-0.08,1.0306073313980206,0.9,-0.22016655458439377,0.17231216398382526,0.4664288977427109,1.0223336318693954
-0.08,1.0306073313980206,0.9500000000000001,-0.2373896838941808,0.17205826140187203,0.48632976662637534,1.0218940116654025
-0.08,1.0306073313980206,1.0,-0.25456071202971453,0.1712793799543089,0.5055566818018009,1.021458132199568
-0.08,1.0306073313980206,1.05,-0.27162984765487114,0.17002901777364202,0.524119808839703,1.0210262286312415
-0.08,1.0306073313980206,1.1,-0.28855246452887534,0.16835700329612716,0.5420308147076748,1.020598527523209
-0.08,1.0306073313980206,1.1500000000000001,-0.30528874144593987,0.16630966660083255,0.5593026257581629,1.0201752458714048
-0.08,1.0306073313980206,1.2000000000000002,-0.3218033236935348,0.16393000962714968,0.5759492100506188,1.0197565902735535
-0.08,1.0306073313980206,1.25,-0.3380649975089039,0.16125787439878145,0.5919853820933099,1.0193427562316364
-0.08,1.0306073313980206,1.3,-0.354046380983058,0.1583301085012205,0.6074266282079817,1.018933927582235
-0.08,1.0306073313980206,1.35,-0.36972363473088754,0.15518072717002326,0.62228895083028,1.0185302760482824
-0.08,1.0306073313980206,1.4000000000000001,-0.38507618657384146,0.15184107144573145,0.6365887301631716,1.0181319609052262
-0.08,1.0306073313980206,1.4500000000000002,-0.40008647020602933,0.14833996194216822,0.6503426017037617,1.01773912875423
-0.08,1.0306073313980206,1.5,-0.4147396813460293,0.14470384785883852,0.6635673482619386,1.017351913394701
-0.08,1.0306073313980206,1.55,-0.429023548971444,0.1409569509431204,0.676279805181374,1.0169704357883527
-0.08,1.0306073313980206,1.6,-0.44292811869521515,0.13712140417522425,0.688496777562717,1.0165948041068582
-0.08,1.0306073313980206,1.6500000000000001,-0.4564455497933488,0.13321738501042454,0.7002349683750472,1.0162251138552005
-0.08,1.0306073313980206,1.7000000000000002,-0.4695699268615601,0.12926324306821554,0.7115109164226453,1.0158614480629076
-0.08,1.0306073313980206,1.75,-0.4822970838408216,0.12527562220641708,0.7223409432105586,1.015503877535538
-0.08,1.0306073313980206,1.8,-0.4946244387041172,0.12126957696108441,0.7327411078257356,1.015152461159029
-0.08,1.0306073313980206,1.85,-0.5065508394888676,0.11725868337119569,0.7427271690202228,1.014807246249787
-0.08,1.0306073313980206,1.9000000000000001,-0.5180764221412923,0.11325514424035854,0.7523145537481754,1.0144682689437163
-0.08,1.0306073313980206,1.9500000000000002,-0.5292024788419261,0.1092698889161749,0.7615183314694625,1.0141355546177997
-0.08,1.0306073313980206,2.0,-0.5399313352937272,0.10531266769211495,0.7703531935902942,1.0138091183381814
-0.08,1.0306073313980206,2.0500000000000003,-0.5502662367573389,0.10139214095743557,0.7788334374656503,1.0134889653291559
-0.08,1.0306073313980206,2.1,-0.5602112431804049,0.09751596323797315,0.78697295443893,1.0131750914578355
-0.08,1.0306073313980206,2.15,-0.5697711330162942,0.09369086228463966,0.7947852214412274,1.0128674837297418
-0.08,1.0306073313980206,2.2,-0.5789513146162253,0.08992271337745236,0.8022832957161942,1.0125661207909695
-0.08,1.0306073313980206,2.25,-0.587757744337846,0.08621660902141343,0.8094798122771606,1.0122709734329884
-0.08,1.0306073313980206,2.3000000000000003,-0.596196851201686,0.08257692421684633,0.8163869837409348,1.0119820050965525
-0.08,1.0306073313980206,2.35,-0.6042754681302276,0.07900737749104148,0.8230166022175264,1.011699172371579
-0.08,1.0306073313980206,2.4000000000000004,-0.6120007694241941,0.07551108788040631,0.8293800429670002,1.0114224254902402
-0.08,1.0306073313980206,2.45,-0.6193802137579593,0.07209062805300792,0.835488269563992,1.0111517088108557
-0.08,1.0306073313980206,2.5,-0.6264214920373696,0.068748073760712,0.8413518403374451,1.0108869612905282
-0.08,1.0306073313980206,2.5500000000000003,-0.6331324798111545,0.06548504980829173,0.8469809158779262,1.0106281169447695
-0.08,1.0306073313980206,2.6,-0.6395211941565908,0.062302772724029246,0.8523852674275445,1.0103751052926409
-0.08,1.0306073313980206,2.6500000000000004,-0.6455957548887831,0.05920209031258627,0.857574285988124,1.0101278517862302
-0.08,1.0306073313980206,2.7,-0.6513643497261644,0.05618351826641371,0.8625569920019602,1.0098862782235045
-0.08,1.0306073313980206,2.75,-0.6568352029350197,0.05324727400685761,0.8673420454765055,1.0096503031438333
-0.08,1.0306073313980206,2.8000000000000003,-0.6620165470639542,0.050393307920559106,0.87193775643974,1.0094198422056577
-0.08,1.0306073313980206,2.85,-0.6669165975580654,0.047621332150832175,0.8763520956269771,1.0091948085459772
-0.08,1.0306073313980206,2.9000000000000004,-0.6715435301529654,0.0449308470975206,0.8805927053124769,1.0089751131214735
-0.08,1.0306073313980206,2.95,-0.6759054609270098,0.042321165772448065,0.8846669102105726,1.0087606650312497
-0.08,1.0306073313980206,3.0,-0.680010428794563,0.03979143615105378,0.8885817283811932,1.0085513718212875
-0.08,1.0306073313980206,3.0500000000000003,-0.6838663801556154,0.03734066165423089,0.8923438820837566,1.0083471397708175
-0.08,1.0306073313980206,3.1,-0.687481155433287,0.034967719887821304,0.8959598085315907,1.0081478741609236
-0.08,1.0306073313980206,3.1500000000000004,-0.6908624773104247,0.032671379760719696,0.8994356705063029,1.0079534795257556
-0.08,1.0306073313980206,3.2,-0.6940179405577316,0.030450317096135437,0.902777366798075,1.0077638598868017
-0.08,1.0306073313980206,3.25,-0.6969550033796694,0.02830312884427807,0.9059905424435841,1.007578918970727
-0.08,1.0306073313980206,3.3000000000000003,-0.6996809801849845,0.026228345998596945,0.9090805987383886,1.007398560411329
-0.08,1.0306073313980206,3.35,-0.7022030356468011,0.024224445311739513,0.9120527030051075,1.0072226879362018
-0.08,1.0306073313980206,3.4000000000000004,-0.7045281798906343,0.022289859901623434,0.9149117981026699,1.0070512055386993
-0.08,1.0306073313980206,3.45,-0.7066632646568347,0.020422988832462973,0.9176626116654113,1.0068840176358598
-0.08,1.0306073313980206,3.5,-0.7086149803201028,0.018622205750257272,0.9203096650638185,1.0067210292129096
-0.08,1.0306073313980206,3.5500000000000003,-0.7103898536906391,0.016885866647146162,0.9228572820813997,1.0065621459549956
-0.08,1.0306073313980206,3.6,-0.7119942465480599,0.015212316824165606,0.925309597304483,1.0064072743668122
-0.08,1.0306073313980206,3.6500000000000004,-0.713434354862385,0.013599897117286732,0.9276705642236855,1.0062563218807363
-0.08,1.0306073313980206,3.7,-0.7147162086426854,0.012046949447207876,0.9299439630475714,1.0061091969541376
-0.08,1.0306073313980206,3.75,-0.7158456723371807,0.010551821749176378,0.9321334082304095,1.0059658091564545
-0.08,1.0306073313980206,3.8000000000000003,-0.7168284457012026,0.009112872335157306,0.9342423557172101,1.0058260692466814
-0.08,1.0306073313980206,3.85,-0.7176700650561325,0.007728473736925233,0.9362741099102303,1.0056898892418216
-0.08,1.0306073313980206,3.9000000000000004,-0.718375904879702,0.006397016075135421,0.9382318303620274,1.0055571824769172
-0.08,1.0306073313980206,3.95,-0.7189511796877353,0.005116909996118409,0.9401185382008226,1.005427863657193
-0.08,1.0306073313980206,4.0,-0.719400946181736,0.003886589215030238,0.9419371222945343,1.0053018489028425
-0.08,1.0306073313980206,4.05,-0.7197301056418305,0.0027045127010722624,0.9436903451602962,1.0051790557869809
-0.08,1.0306073313980206,4.1000000000000005,-0.7199434065414948,0.0015691665377581005,0.9453808486266084,1.0050594033672613
-0.08,1.0306073313980206,4.15,-0.7200454473535243,0.0004790654886466504,0.9470111592555513,1.0049428122115958
-0.08,1.0306073313980206,4.2,-0.7200406795109366,-0.0005672457034296831,0.9485836935326482,1.0048292044184624
-0.08,1.0306073313980206,4.25,-0.7199334104853411,-0.0015711912578406089,0.9501007628320933,1.0047185036321946
-0.08,1.0306073313980206,4.3,-0.7197278069495023,-0.002534163514610711,0.9515645781650884,1.0046106350536648
-0.08,1.0306073313980206,4.3500000000000005,-0.7194278979987557,-0.00345752228805192,0.9529772547190681,1.0045055254467437
-0.08,1.0306073313980206,4.4,-0.719037578414651,-0.004342594395570443,0.9543408161955168,1.0044031031408913
-0.08,1.0306073313980206,4.45,-0.7185606119610165,-0.005190673343308137,0.9556571989540361,1.0043032980302182
-0.08,1.0306073313980206,4.5,-0.7180006347060078,-0.006003019151821336,0.9569282559701932,1.0042060415693286
-0.08,1.0306073313980206,4.55,-0.7173611583636038,-0.006780858306432918,0.9581557606145703,1.0041112667662544
-0.08,1.0306073313980206,4.6000000000000005,-0.7166455736456142,-0.0075253838182184,0.9593414102602471,1.0040189081727484
-0.08,1.0306073313980206,4.65,-0.7158571536123484,-0.008237755382812927,0.9604868297258234,1.0039289018722057
-0.08,1.0306073313980206,4.7,-0.7149990570081444,-0.008919099625358806,0.9615935745608603,1.00384118546545
-0.08,1.0306073313980206,4.75,-0.7140743315679605,-0.00957051042095694,0.9626631341804518,1.003755698054621
-0.08,1.0306073313980206,4.800000000000001,-0.7130859172831344,-0.010193049280950314,0.9636969348554242,1.0036723802253598
-0.08,1.0306073313980206,4.8500000000000005,-0.7120366496177023,-0.010787745796251896,0.96469634256446,1.0035911740275145
-0.08,1.0306073313980206,4.9,-0.7109292626702787,-0.011355598129747301,0.965662665714221,1.003512022954515
-0.08,1.0306073313980206,4.95,-0.709766392279561,-0.01189757355055226,0.9665971577333534,1.0034348719216124
-0.08,1.0306073313980206,5.0,-0.7085505790733905,-0.01241460900359441,0.9675010195460245,1.0033596672431333
-0.08,1.0306073313980206,5.050000000000001,-0.7072842714618235,-0.012907611708623878,0.968375401930442,1.0032863566088785
-0.08,1.0306073313980206,5.1000000000000005,-0.7059698285740484,-0.013377459783337394,0.9692214077675959,1.003214889059821
-0.08,1.0306073313980206,5.15,-0.7046095231377862,-0.01382500288583515,0.9700400941852536,1.0031452149632085
-0.08,1.0306073313980206,5.2,-0.7032055442985469,-0.01425106287211734,0.9708324746020354,1.003077285987193
-0.08,1.0306073313980206,5.25,-0.7017600003753065,-0.014656434464774092,0.971599520676203,1.0030110550750793
-0.08,1.0306073313980206,5.300000000000001,-0.7002749215490367,-0.015041885929431021,0.9723421641635894,1.0029464764192986
-0.08,1.0306073313980206,5.3500000000000005,-0.6987522624811278,-0.01540815975588457,0.9730612986889314,1.0028835054351872
-0.08,1.0306073313980206,5.4,-0.6971939048598561,-0.015755973341201598,0.9737577814346393,1.002822098734646
-0.08,1.0306073313980206,5.45,-0.6956016598744326,-0.016086019672366166,0.974432434750926,1.0027622140997552
-0.08,1.0306073313980206,5.5,-0.6939772706174462,-0.016398968006339124,0.9750860476909718,1.0027038104564103
-0.08,1.0306073313980206,5.550000000000001,-0.6923224144174769,-0.016695464545651975,0.9757193774746944,1.0026468478480286
-0.08,1.0306073313980206,5.6000000000000005,-0.6906387051041646,-0.01697613310788914,0.9763331508845005,1.0025912874093899
-0.08,1.0306073313980206,5.65,-0.6889276952080231,-0.01724157578762516,0.9769280655962554,1.0025370913406544
-0.08,1.0306073313980206,5.7,-0.6871908780969564,-0.01749237360957458,0.9775047914485527,1.002484222881592
-0.08,1.0306073313980206,5.75,-0.6854296900508532,-0.017729087171886038,0.978063971653214,1.0024326462860702
-0.08,1.0306073313980206,5.800000000000001,-0.6836455122750608,-0.01795225727867013,0.9786062239498404,1.002382326796833
-0.08,1.0306073313980206,5.8500000000000005,-0.6818396728530568,-0.01816240556099128,0.9791321417070741,1.0023332306205908
-0.08,1.0306073313980206,5.9,-0.6800134486383971,-0.018360035085682607,0.9796422949731146,1.002285324903462
-0.08,1.0306073313980206,5.95,-0.6781680670860394,-0.018545630951457167,0.9801372314779185,1.0022385777067702
-0.08,1.0306073313980206,6.0,-0.6763047080233909,-0.018719660871892422,0.980617477589393,1.0021929579832363
-0.08,1.0306073313980206,6.050000000000001,-0.6744245053618191,-0.018882575744956866,0.9810835392257751,1.0021484355535586
-0.08,1.0306073313980206,6.1000000000000005,-0.6725285487498548,-0.019034810208830806,0.9815359027262928,1.0021049810834266
-0.08,1.0306073313980206,6.15,-0.6706178851697264,-0.019176783183846562,0.9819750356821044,1.0020625660609408
-0.08,1.0306073313980206,6.2,-0.6686935204792085,-0.019308898400439693,0.9824013877294016,1.0020211627744833
-0.08,1.0306073313980206,6.25,-0.6667564209009201,-0.019431544913060324,0.9828153913064916,1.0019807442910205
-0.08,1.0306073313980206,6.300000000000001,-0.6648075144612415,-0.019545097600046715,0.9832174623765738,1.001941284434868
-0.08,1.0306073313980206,6.3500000000000005,-0.6628476923808548,-0.01964991764950729,0.9836080011178346,1.0019027577668929
-0.08,1.0306073313980206,6.4,-0.6608778104187029,-0.019746353031299332,0.9839873925824267,1.0018651395641796
-0.08,1.0306073313980206,6.45,-0.658898690170873,-0.0198347389552261,0.9843560073258083,1.0018284058001574
-0.08,1.0306073313980206,6.5,-0.6569111203256359,-0.019915398315606212,0.9847142020078449,1.001792533125168
-0.08,1.0306073313980206,6.550000000000001,-0.6549158578756584,-0.019988642122394467,0.9850623199670129,1.0017574988475035
-0.08,1.0306073313980206,6.6000000000000005,-0.6529136292882539,-0.020054769919057212,0.9854006917689812,1.0017232809148917
-0.08,1.0306073313980206,6.65,-0.6509051316344855,-0.020114070187423692,0.9857296357307791,1.0016898578964295
-0.08,1.0306073313980206,6.7,-0.6488910336779659,-0.02016682073975185,0.986049458421698,1.0016572089649662
-0.08,1.0306073313980206,6.75,-0.6468719769242919,-0.020213289098260336,0.9863604551420284,1.0016253138799245
-0.08,1.0306073313980206,6.800000000000001,-0.6448485766321711,-0.02025373286238985,0.9866629103806693,1.0015941529705663
-0.08,1.0306073313980206,6.8500000000000005,-0.6428214227874489,-0.020288400064065196,0.9869570982525993,1.0015637071196768
-0.08,1.0306073313980206,6.9,-0.6407910810413615,-0.020317529511237307,0.9872432829171598,1.0015339577476874
-0.08,1.0306073313980206,6.95,-0.6387580936144166,-0.020341351119989016,0.9875217189780374,1.00150488679721
-0.08,1.0306073313980206,7.0,-0.6367229801673477,-0.02036008623549207,0.9877926518658016,1.001476476717984
-0.08,1.0306073313980206,7.050000000000001,-0.634686238640555,-0.02037394794210568,0.9880563182038102,1.0014487104522272
-0.08,1.0306073313980206,7.1000000000000005,-0.6326483460634031,-0.020383141362907368,0.9883129461582582,1.0014215714203911
-0.08,1.0306073313980206,7.15,-0.6306097593346146,-0.020387863948947076,0.9885627557730918,1.0013950435072956
-0.08,1.0306073313980206,7.2,-0.6285709159749037,-0.020388305758514927,0.9888059592904982,1.0013691110486544
-0.08,1.0306073313980206,7.25,-0.6265322348528463,-0.02038464972671052,0.9890427614576357,1.001343758817971
-0.08,1.0306073313980206,7.300000000000001,-0.6244941168848693,-0.020377071925599836,0.9892733598202288,1.0013189720138058
-0.08,1.0306073313980206,7.3500000000000005,-0.6224569457101435,-0.020365741815242103,0.9894979450036322,1.0012947362473936
-0.08,1.0306073313980206,7.4,-0.6204210883410869,-0.020350822485865443,0.9897167009819475,1.0012710375306173
-0.08,1.0306073313980206,7.45,-0.6183868957901413,-0.020332470891466083,0.98992980533572,1.0012478622643268
-0.08,1.0306073313980206,7.5,-0.6163547036734709,-0.020310838075100802,0.9901374294987513,1.0012251972269848
-0.08,1.0306073313980206,7.550000000000001,-0.6143248327922399,-0.020286069386137476,0.9903397389945126,1.001203029563644
-0.08,1.0306073313980206,7.6000000000000005,-0.612297589692146,-0.020258304689723786,0.9905368936626286,1.0011813467752435
-0.08,1.0306073313980206,7.65,-0.6102732672019251,-0.020227678568727404,0.9907290478758872,1.001160136708212
-0.08,1.0306073313980206,7.7,-0.6082521449515719,-0.02019432051839665,0.9909163507481933,1.001139387544375
-0.08,1.0306073313980206,7.75,-0.6062344898710549,-0.020158355133983872,0.9910989463338785,1.0011190877911622
-0.08,1.0306073313980206,7.800000000000001,-0.6042205566703114,-0.020119902291567737,0.9912769738187496,1.0010992262720897
-0.08,1.0306073313980206,7.8500000000000005,-0.6022105883013142,-0.020079077322305412,0.9914505677032508,1.0010797921175374
-0.08,1.0306073313980206,7.9,-0.6002048164029964,-0.02003599118033874,0.9916198579780832,1.0010607747557856
-0.08,1.0306073313980206,7.95,-0.5982034617297679,-0.01999075060457264,0.9917849702926184,1.0010421639043248
-0.08,1.0306073313980206,8.0,-0.596206734564348,-0.019943458274538143,0.9919460261164296,1.0010239495614166
-0.08,1.0306073313980206,8.05,-0.594214835115558,-0.01989421296054622,0.9921031428942363,1.0010061219979134
-0.08,1.0306073313980206,8.1,-0.5922279539016826,-0.0198431096683324,0.9922564341945602,1.0009886717493108
-0.08,1.0306073313980206,8.15,-0.5902462721199516,-0.019790239778386724,0.9924060098523619,1.0009715896080489
-0.08,1.0306073313980206,8.200000000000001,-0.5882699620026298,-0.01973569118015707,0.9925519761059229,1.000954866616031
-0.08,1.0306073313980206,8.25,-0.5862991871601746,-0.019679548401308637,0.9926944357282297,1.0009384940573784
-0.08,1.0306073313980206,8.3,-0.5843341029118673,-0.019621892732216338,0.9928334881530831,1.0009224634513927
-0.08,1.0306073313980206,8.35,-0.5823748566043174,-0.019562802345861285,0.9929692295961876,1.0009067665457314
-0.08,1.0306073313980206,8.4,-0.5804215879181929,-0.01950235241329729,0.9931017531714081,1.0008913953097929
-0.08,1.0306073313980206,8.450000000000001,-0.5784744291635491,-0.019440615214847433,0.993231149002423,1.000876341928295
-0.08,1.0306073313980206,8.5,-0.576533505564104,-0.019377660247185815,0.9933575043299638,1.0008615987950467
-0.08,1.0306073313980206,8.55,-0.5745989355308246,-0.019313554326454478,0.9934809036148297,1.000847158506909
-0.08,1.0306073313980206,8.6,-0.5726708309251871,-0.019248361687559903,0.9936014286368585,1.0008330138579389
-0.08,1.0306073313980206,8.65,-0.5707492973124794,-0.01918214407978941,0.9937191585900229,1.0008191578337067
-0.08,1.0306073313980206,8.700000000000001,-0.5688344342055288,-0.019114960858882132,0.99383417017383,1.0008055836057828
-0.08,1.0306073313980206,8.75,-0.5669263352992276,-0.01904686907568514,0.9939465376811526,1.0007922845263988
-0.08,1.0306073313980206,8.8,-0.5650250886962357,-0.01897792356152045,0.9940563330826734,1.0007792541232599
-0.08,1.0306073313980206,8.85,-0.5631307771242338,-0.018908177010384324,0.9941636261080654,1.0007664860945162
-0.08,1.0306073313980206,8.9,-0.5612434781450917,-0.018837680058096235,0.9942684843240492,1.0007539743038922
-0.08,1.0306073313980206,8.950000000000001,-0.5593632643562972,-0.018766481358510185,0.9943709732094619,1.0007417127759521
-0.08,1.0306073313980206,9.0,-0.557490203584975,-0.01869462765689736,0.9944711562274553,1.0007296956915144
-0.08,1.0306073313980206,9.05,-0.5556243590748144,-0.01862216386060557,0.9945690948949458,1.0007179173832061
-0.08,1.0306073313980206,9.1,-0.5537657896661909,-0.01854913310709619,0.9946648488494356,1.000706372331144
-0.08,1.0306073313980206,9.15,-0.5519145499697476,-0.018475576829456754,0.9947584759132996,1.00069505515875
-0.08,1.0306073313980206,9.200000000000001,-0.5500706905336916,-0.01840153481948293,0.994850032155653,1.0006839606286935
-0.08,1.0306073313980206,9.25,-0.5482342580050236,-0.018327045288420794,0.9949395719519019,1.0006730836389532
-0.08,1.0306073313980206,9.3,-0.5464052952849152,-0.01825214492545654,0.9950271480410534,1.0006624192189963
-0.08,1.0306073313980206,9.35,-0.5445838416784289,-0.018176868954038135,0.9951128115809,1.0006519625260748
-0.08,1.0306073313980206,9.4,-0.5427699330387596,-0.018101251186109498,0.9951966122011455,1.0006417088416317
-0.08,1.0306073313980206,9.450000000000001,-0.5409636019061727,-0.01802532407433576,0.9952785980545661,1.000631653567813
-0.08,1.0306073313980206,9.5,-0.5391648776418052,-0.0179491187623945,0.9953588158662835,1.00062179222409
-0.08,1.0306073313980206,9.55,-0.5373737865564907,-0.01787266513340551,0.9954373109812235,1.0006121204439735
-0.08,1.0306073313980206,9.600000000000001,-0.5355903520347698,-0.017795991856568612,0.9955141274098334,1.000602633971832
-0.08,1.0306073313980206,9.65,-0.533814594654241,-0.017719126432076838,0.9955893078721313,1.000593328659806
-0.08,1.0306073313980206,9.700000000000001,-0.532046532300421,-0.01764209523436955,0.9956628938401534,1.000584200464811
-0.08,1.0306073313980206,9.75,-0.5302861802772572,-0.017564923553787394,0.9957349255788505,1.000575245445627
-0.08,1.0306073313980206,9.8,-0.528533551413473,-0.017487635636689355,0.9958054421855203,1.0005664597600836
-0.08,1.0306073313980206,9.850000000000001,-0.5267886561648868,-0.01741025472408923,0.9958744816278013,1.0005578396623191
-0.08,1.0306073313980206,9.9,-0.5250515027128776,-0.01733280308886696,0.9959420807803171,1.0005493815001258
-0.08,1.0306073313980206,9.950000000000001,-0.5233220970591431,-0.017255302071608306,0.9960082754599977,1.0005410817123734
-0.08,1.0306073313980206,10.0,-0.5216004431169133,-0.017177772115124047,0.9960731004601429,1.0005329368265077
-0.08,1.0306073313980206,10.05,-0.5198865427987588,-0.017100232797698216,0.9961365895832766,1.0005249434561225
-0.08,1.0306073313980206,10.100000000000001,-0.5181803961011485,-0.017022702865112815,0.9961987756728343,1.0005170982986065
-0.08,1.0306073313980206,10.15,-0.5164820011858824,-0.01694520026149474,0.9962596906437287,1.0005093981328546
-0.08,1.0306073313980206,10.200000000000001,-0.5147913544585377,-0.016867742159029104,0.996319365511844,1.0005018398170502
-0.08,1.0306073313980206,10.25,-0.5131084506440464,-0.016790344986580982,0.996377830422491,1.0004944202865107
-0.08,1.0306073313980206,10.3,-0.5114332828595215,-0.016713024457266686,0.996435114677865,1.0004871365515953
-0.08,1.0306073313980206,10.350000000000001,-0.5097658426844373,-0.016635795595013506,0.9964912467635544,1.0004799856956788
-0.08,1.0306073313980206,10.4,-0.5081061202282608,-0.016558672760145773,0.9965462543741169,1.0004729648731794
-0.08,1.0306073313980206,10.450000000000001,-0.5064541041956298,-0.01648166967403348,0.9966001644377783,1.0004660713076432
-0.08,1.0306073313980206,10.5,-0.504809781949162,-0.01640479944283858,0.9966530031402764,1.0004593022898922
-0.08,1.0306073313980206,10.55,-0.5031731395699729,-0.016328074580392163,0.9967047959478819,1.0004526551762152
-0.08,1.0306073313980206,10.600000000000001,-0.5015441619159792,-0.01625150703023535,0.9967555676296321,1.0004461273866225
-0.08,1.0306073313980206,10.65,-0.49992283267805887,-0.016175108186854612,0.9968053422788042,1.0004397164031409
-0.08,1.0306073313980206,10.700000000000001,-0.49830913443413133,-0.016098888916141682,0.9968541433336554,1.0004334197681648
-0.08,1.0306073313980206,10.75,-0.49670304870122933,-0.016022859575106744,0.9969019935974635,1.0004272350828531
-0.08,1.0306073313980206,10.8,-0.49510455598561726,-0.01594703003087273,0.9969489152578801,1.0004211600055708
-0.08,1.0306073313980206,10.850000000000001,-0.4935136358310246,-0.015871409678977218,0.9969949299056399,1.0004151922503768
-0.08,1.0306073313980206,10.9,-0.49193026686505104,-0.01579600746100772,0.9970400585526348,1.0004093295855552
-0.08,1.0306073313980206,10.950000000000001,-0.49035442684380576,-0.01572083188159501,0.9970843216493869,1.0004035698321878
-0.08,1.0306073313980206,11.0,-0.4887860926948391,-0.015645891024788285,0.9971277391019312,1.000397910862768
-0.08,1.0306073313980206,11.05,-0.48722524055842814,-0.01557119256983472,0.9971703302881416,1.0003923505998538
-0.08,1.0306073313980206,11.100000000000001,-0.48567184582727657,-0.01549674380638599,0.9972121140735162,1.0003868870147603
-0.08,1.0306073313980206,11.15,-0.48412588318468297,-0.015422551649152258,0.9972531088264276,1.0003815181262885
-0.08,1.0306073313980206,11.200000000000001,-0.48258732664124304,-0.015348622652024333,0.9972933324328895,1.0003762419994875
-0.08,1.0306073313980206,11.25,-0.4810561495701397,-0.015274963021683704,0.9973328023108234,1.0003710567444601
-0.08,1.0306073313980206,11.3,-0.47953232474107615,-0.015201578630718842,0.9973715354238599,1.0003659605151907
-0.08,1.0306073313980206,11.350000000000001,-0.4780158243529125,-0.015128475030266413,0.9974095482946943,1.000360951508415
-0.08,1.0306073313980206,11.4,-0.47650662006505423,-0.015055657462194475,0.9974468570180025,1.0003560279625192
-0.08,1.0306073313980206,11.450000000000001,-0.47500468302764676,-0.014983130870844637,0.9974834772729388,1.0003511881564684
-0.08,1.0306073313980206,11.5,-0.4735099839106277,-0.014910899914349426,0.9975194243352299,1.000346430408764
-0.08,1.0306073313980206,11.55,-0.4720224929316777,-0.014838968975540006,0.9975547130888769,1.0003417530764367
-0.08,1.0306073313980206,11.600000000000001,-0.4705421798831207,-0.01476734217245985,0.9975893580374855,1.0003371545540622
-0.08,1.0306073313980206,11.65,-0.4690690141578142,-0.014696023368498193,0.9976233733152263,1.0003326332728022
-0.08,1.0306073313980206,11.700000000000001,-0.4676029647740678,-0.014625016182157561,0.9976567726974497,1.0003281876994796
-0.08,1.0306073313980206,11.75,-0.46614400039962506,-0.014554323996468417,0.9976895696109604,1.0003238163356716
-0.08,1.0306073313980206,11.8,-0.46469208937475054,-0.014483949968064019,0.9977217771439689,1.0003195177168343
-0.08,1.0306073313980206,11.850000000000001,-0.4632471997344469,-0.014413897035927718,0.9977534080557213,1.0003152904114474
-0.08,1.0306073313980206,11.9,-0.46180929922983494,-0.014344167929824672,0.9977844747858328,1.0003111330201826
-0.08,1.0306073313980206,11.950000000000001,-0.46037835534872557,-0.014274765178429426,0.997814989463323,1.000307044175097
-0.08,1.0306073313980206,12.0,-0.4589543353354098,-0.014205691117160475,0.997844963915368,1.0003030225388487
-0.08,1.0306073313980206,12.05,-0.4575372062096909,-0.014136947895732244,0.9978744096757811,1.0002990668039307
-0.08,1.0306073313980206,12.100000000000001,-0.4561269347851831,-0.01406853748543502,0.9979033379932256,1.0002951756919285
-0.08,1.0306073313980206,12.15,-0.45472348768689874,-0.01400046168615238,0.9979317598391754,1.000291347952798
-0.08,1.0306073313980206,12.200000000000001,-0.4533268313681478,-0.013932722133125899,0.9979596859156318,1.0002875823641622
-0.08,1.0306073313980206,12.25,-0.45193693212676667,-0.013865320303476019,0.997987126662591,1.0002838777306269
-0.08,1.0306073313980206,12.3,-0.4505537561207015,-0.013798257522488035,0.9980140922652944,1.0002802328831126
-0.08,1.0306073313980206,12.350000000000001,-0.4491772693829644,-0.013731534969671751,0.9980405926612491,1.000276646678214
-0.08,1.0306073313980206,12.4,-0.4478074378359798,-0.013665153684602629,0.9980666375470356,1.000273117997561
-0.08,1.0306073313980206,12.450000000000001,-0.44644422730534467,-0.013599114572552773,0.9980922363849072,1.0002696457472133
-0.08,1.0306073313980206,12.5,-0.44508760353302024,-0.013533418409918792,0.9981173984091883,1.0002662288570587
-0.08,1.0306073313980206,12.55,-0.44373753218997475,-0.013468065849454381,0.9981421326324802,1.0002628662802353
-0.08,1.0306073313980206,12.600000000000001,-0.44239397888829685,-0.013403057425314146,0.9981664478516783,1.0002595569925645
-0.08,1.0306073313980206,12.65,-0.44105690919279883,-0.013338393557915744,0.9981903526538064,1.0002562999920035
-0.08,1.0306073313980206,12.700000000000001,-0.43972628863212826,-0.013274074558626786,0.9982138554216808,1.0002530942981063
-0.08,1.0306073313980206,12.75,-0.4384020827094073,-0.013210100634282662,0.998236964339397,1.0002499389515074
-0.08,1.0306073313980206,12.8,-0.4370842569124176,-0.01314647189154152,0.9982596873976586,1.0002468330134093
-0.08,1.0306073313980206,12.850000000000001,-0.4357727767233518,-0.013083188341082094,0.9982820323989455,1.0002437755650926
-0.08,1.0306073313980206,12.9,-0.43446760762814246,-0.013020249901649957,0.9983040069625283,1.000240765707433
-0.08,1.0306073313980206,12.950000000000001,-0.43316871512539545,-0.01295765640395782,0.9983256185293344,1.0002378025604333
-0.08,1.0306073313980206,13.0,-0.431876064734935,-0.012895407594444722,0.9983468743666687,1.000234885262769
-0.08,1.0306073313980206,13.05,-0.43058962200598416,-0.01283350313889959,0.9983677815728039,1.0002320129713431
-0.08,1.0306073313980206,13.100000000000001,-0.42930935252498914,-0.012771942625953556,0.9983883470814193,1.000229184860854
-0.08,1.0306073313980206,13.15,-0.42803522192310983,-0.012710725570445948,0.9984085776659284,1.0002264001233732
-0.08,1.0306073313980206,13.200000000000001,-0.4267671958833835,-0.012649851416668446,0.9984284799436666,1.000223657967938
-0.08,1.0306073313980206,13.25,-0.425505240147579,-0.012589319541491617,0.9984480603799657,1.0002209576201508
-0.08,1.0306073313980206,13.3,-0.42424932052275394,-0.012529129257378068,0.9984673252921034,1.0002182983217875
-0.08,1.0306073313980206,13.350000000000001,-0.4229994028875241,-0.012469279815286227,0.9984862808531434,1.000215679330425
-0.08,1.0306073313980206,13.4,-0.4217554531980576,-0.012409770407468587,0.9985049330956631,1.000213099919063
-0.08,1.0306073313980206,13.450000000000001,-0.4205174374938066,-0.012350600170168298,0.9985232879153758,1.000210559375773
-0.08,1.0306073313980206,13.5,-0.419285321902981,-0.012291768186217446,0.9985413510746436,1.0002080570033405
-0.08,1.0306073313980206,13.55,-0.4180590726477768,-0.012233273487540774,0.9985591282058982,1.0002055921189306
-0.08,1.0306073313980206,13.600000000000001,-0.4168386560493688,-0.012175115057567966,0.9985766248149563,1.0002031640537492
-0.08,1.0306073313980206,13.65,-0.415624038532671,-0.012117291833557904,0.9985938462842466,1.0002007721527213
-0.08,1.0306073313980206,13.700000000000001,-0.4144151866308756,-0.01205980270883779,0.9986107978759413,1.000198415774176
-0.08,1.0306073313980206,13.75,-0.41321206698977847,-0.012002646534960386,0.9986274847350031,1.000196094289536
-0.08,1.0306073313980206,13.8,-0.4120146463718933,-0.011945822123782122,0.9986439118921412,1.0001938070830207
-0.08,1.0306073313980206,13.850000000000001,-0.41082289166036606,-0.011889328249464771,0.9986600842666885,1.0001915535513495
-0.08,1.0306073313980206,13.9,-0.4096367698626943,-0.011833163650403655,0.9986760066693978,1.0001893331034597
-0.08,1.0306073313980206,13.950000000000001,-0.40845624811425324,-0.01177732703108465,0.9986916838051574,1.0001871451602284
-0.08,1.0306073313980206,14.0,-0.4072812936816407,-0.011721817063872736,0.9987071202756331,1.0001849891542014
-0.08,1.0306073313980206,14.05,-0.4061118739658424,-0.011666632390734432,0.9987223205818362,1.0001828645293251
-0.08,1.0306073313980206,14.100000000000001,-0.404947956505225,-0.01161177162489636,0.998737289126622,1.0001807707406958
-0.08,1.0306073313980206,14.15,-0.40378950897836074,-0.011557233352442273,0.9987520302171126,1.0001787072543022
-0.08,1.0306073313980206,14.200000000000001,-0.40263649920669126,-0.011503016133850751,0.998766548067066,1.0001766735467845
-0.08,1.0306073313980206,14.25,-0.4014888951570329,-0.011449118505475435,0.9987808467991642,1.000174669105192
-0.08,1.0306073313980206,14.3,-0.4003466649439332,-0.011395538980970128,0.9987949304472519,1.0001726934267547
-0.08,1.0306073313980206,14.350000000000001,-0.39920977683188,-0.011342276052660416,0.9988088029585075,1.0001707460186517
-0.08,1.0306073313980206,14.4,-0.3980781992373699,-0.011289328192863868,0.9988224681955559,1.0001688263977944
-0.08,1.0306073313980206,14.450000000000001,-0.3969519007308419,-0.01123669385516053,0.9988359299385239,1.0001669340906036
-0.08,1.0306073313980206,14.5,-0.39583085003847895,-0.011184371475615448,0.99884919188704,1.0001650686328045
-0.08,1.0306073313980206,14.55,-0.394715016043889,-0.011132359473955017,0.9988622576621824,1.0001632295692204
-0.08,1.0306073313980206,14.600000000000001,-0.3936043677896614,-0.011080656254698628,0.9988751308083703,1.0001614164535684
-0.08,1.0306073313980206,14.65,-0.3924988744788104,-0.011029260208247226,0.9988878147952084,1.000159628848268
-0.08,1.0306073313980206,14.700000000000001,-0.3913985054761101,-0.010978169711930346,0.998900313019279,1.0001578663242459
-0.08,1.0306073313980206,14.75,-0.390303230309321,-0.010927383131013048,0.9989126288058877,1.000156128460755
-0.08,1.0306073313980206,14.8,-0.3892130186703207,-0.010876898819664103,0.9989247654107646,1.000154414845188
-0.08,1.0306073313980206,14.850000000000001,-0.3881278404161346,-0.010826715121886894,0.9989367260217137,1.0001527250729003
-0.08,1.0306073313980206,14.9,-0.38704766556987713,-0.010776830372414148,0.9989485137602266,1.0001510587470406
-0.08,1.0306073313980206,14.950000000000001,-0.38597246432160726,-0.010727242897568122,0.9989601316830492,1.0001494154783783
-0.08,1.0306073313980206,15.0,-0.38490220702909633,-0.010677951016086935,0.998971582783707,1.0001477948851383
-0.08,1.0306073313980206,15.05,-0.3838368642185239,-0.010628953039918773,0.9989828699939909,1.0001461965928429
-0.08,1.0306073313980206,15.100000000000001,-0.3827764065850915,-0.010580247274984729,0.9989939961854049,1.0001446202341535
-0.08,1.0306073313980206,15.15,-0.38172080499356703,-0.010531832021911434,0.9990049641705778,1.000143065448716
-0.08,1.0306073313980206,15.200000000000001,-0.38067003047876175,-0.010483705576734746,0.9990157767046289,1.0001415318830122
-0.08,1.0306073313980206,15.25,-0.3796240542459391,-0.010435866231575212,0.9990264364865129,1.0001400191902137
-0.08,1.0306073313980206,15.3,-0.37858284767116485,-0.010388312275286544,0.9990369461603172,1.000138527030039
-0.08,1.0306073313980206,15.350000000000001,-0.3775463823015918,-0.010341041994077866,0.9990473083165301,1.0001370550686128
-0.08,1.0306073313980206,15.4,-0.37651462985569395,-0.010294053672110828,0.9990575254932804,1.0001356029783328
-0.08,1.0306073313980206,15.450000000000001,-0.3754875622234393,-0.010247345592072295,0.9990676001775364,1.0001341704377342
-0.08,1.0306073313980206,15.5,-0.37446515146641535,-0.010200916035723638,0.9990775348062844,1.000132757131362
-0.08,1.0306073313980206,15.55,-0.37344736981790044,-0.010154763284427305,0.9990873317676657,1.0001313627496424
-0.08,1.0306073313980206,15.600000000000001,-0.37243418968288916,-0.010108885619651571,0.9990969934020952,1.0001299869887605
-0.08,1.0306073313980206,15.65,-0.37142558363806855,-0.010063281323454175,0.9991065220033465,1.0001286295505385
-0.08,1.0306073313980206,15.700000000000001,-0.37042152443175175,-0.010017948678945626,0.999115919819607,1.0001272901423173
-0.08,1.0306073313980206,15.75,-0.36942198498376616,-0.009972885970732896,0.9991251890545111,1.0001259684768453
-0.08,1.0306073313980206,15.8,-0.3684269383853011,-0.009928091485344142,0.9991343318681457,1.0001246642721586
-0.08,1.0306073313980206,15.850000000000001,-0.3674363578987145,-0.0098835635116352,0.9991433503780297,1.0001233772514777
-0.08,1.0306073313980206,15.9,-0.36645021695729985,-0.009839300341178437,0.9991522466600689,1.000122107143095
-0.08,1.0306073313980206,15.950000000000001,-0.36546848916501623,-0.009795300268634606,0.9991610227494858,1.0001208536802735
-0.08,1.0306073313980206,16.0,-0.364491148296182,-0.009751561592108327,0.9991696806417303,1.0001196166011417
-0.08,1.0306073313980206,16.05,-0.36351816829513206,-0.009708082613487738,0.9991782222933654,1.0001183956485946
-0.08,1.0306073313980206,16.1,-0.3625495232758423,-0.009664861638768917,0.999186649622927,1.0001171905701962
-0.08,1.0306073313980206,16.150000000000002,-0.3615851875215202,-0.009621896978365596,0.9991949645117687,1.000116001118082
-0.08,1.0306073313980206,16.2,-0.3606251354841642,-0.009579186947404622,0.999203168804882,1.0001148270488671
-0.08,1.0306073313980206,16.25,-0.35966934178409155,-0.009536729866007851,0.9992112643116989,1.000113668123554
-0.08,1.0306073313980206,16.3,-0.3587177812094393,-0.009494524059560812,0.9992192528068704,1.0001125241074436
-0.08,1.0306073313980206,16.35,-0.35777042871563286,-0.009452567858968568,0.9992271360310282,1.0001113947700464
-0.08,1.0306073313980206,16.400000000000002,-0.35682725942483196,-0.009410859600899471,0.9992349156915326,1.0001102798850006
-0.08,1.0306073313980206,16.45,-0.35588824862534646,-0.00936939762801696,0.9992425934631923,1.000109179229984
-0.08,1.0306073313980206,16.5,-0.35495337177103053,-0.009328180289200004,0.9992501709889747,1.0001080925866375
-0.08,1.0306073313980206,16.55,-0.35402260448065137,-0.009287205939752618,0.9992576498806983,1.0001070197404807
-0.08,1.0306073313980206,16.6,-0.3530959225372362,-0.009246472941602673,0.9992650317196999,1.0001059604808376
-0.08,1.0306073313980206,16.650000000000002,-0.35217330188739643,-0.009205979663490585,0.9992723180574988,1.000104914600757
-0.08,1.0306073313980206,16.7,-0.35125471864063373,-0.00916572448114815,0.999279510416434,1.000103881896941
-0.08,1.0306073313980206,16.75,-0.350340149068625,-0.009125705777467826,0.9992866102902924,1.0001028621696708
-0.08,1.0306073313980206,16.8,-0.3494295696044906,-0.00908592194266299,0.9992936191449183,1.0001018552227359
-0.08,1.0306073313980206,16.85,-0.34852295684204393,-0.009046371374419299,0.9993005384188114,1.0001008608633621
-0.08,1.0306073313980206,16.900000000000002,-0.34762028753502805,-0.009007052478037599,0.9993073695237084,1.0000998789021487
-0.08,1.0306073313980206,16.95,-0.3467215385963337,-0.008967963666568646,0.9993141138451495,1.0000989091529955
-0.08,1.0306073313980206,17.0,-0.3458266870972071,-0.008929103360939977,0.9993207727430372,1.0000979514330417
-0.08,1.0306073313980206,17.05,-0.34493571026644276,-0.008890469990075166,0.9993273475521737,1.000097005562603
-0.08,1.0306073313980206,17.1,-0.3440485854895647,-0.008852061991005798,0.999333839582792,1.000096071365103
-0.08,1.0306073313980206,17.150000000000002,-0.34316529030799753,-0.008813877808976382,0.9993402501210741,1.0000951486670204
-0.08,1.0306073313980206,17.2,-0.3422858024182275,-0.008775915897542485,0.9993465804296505,1.0000942372978243
-0.08,1.0306073313980206,17.25,-0.3414100996709537,-0.008738174718662405,0.9993528317480969,1.0000933370899163
-0.08,1.0306073313980206,17.3,-0.3405381600702319,-0.00870065274278246,0.9993590052934131,1.0000924478785755
-0.08,1.0306073313980206,17.35,-0.33966996177261033,-0.008663348448916336,0.9993651022604934,1.0000915695019013
-0.08,1.0306073313980206,17.400000000000002,-0.3388054830862583,-0.008626260324718523,0.9993711238225854,1.0000907018007552
-0.08,1.0306073313980206,17.45,-0.33794470247008984,-0.008589386866552239,0.9993770711317376,1.0000898446187168
-0.08,1.0306073313980206,17.5,-0.33708759853288167,-0.008552726579551851,0.9993829453192371,1.0000889978020209
-0.08,1.0306073313980206,17.55,-0.33623415003238555,-0.008516277977680297,0.9993887474960387,1.0000881611995134
-0.08,1.0306073313980206,17.6,-0.33538433587443733,-0.008480039583781282,0.9993944787531792,1.0000873346625963
-0.08,1.0306073313980206,17.650000000000002,-0.3345381351120615,-0.00844400992962689,0.9994001401621907,1.0000865180451837
-0.08,1.0306073313980206,17.7,-0.3336955269445739,-0.008408187555960461,0.9994057327754944,1.0000857112036503
-0.08,1.0306073313980206,17.75,-0.3328564907166802,-0.008372571012535112,0.9994112576267932,1.0000849139967842
-0.08,1.0306073313980206,17.8,-0.33202100591757266,-0.008337158858147894,0.9994167157314514,1.0000841262857436
-0.08,1.0306073313980206,17.85,-0.3311890521800251,-0.008301949660669989,0.9994221080868664,1.0000833479340094
-0.08,1.0306073313980206,17.900000000000002,-0.3303606092794863,-0.008266941997072856,0.9994274356728341,1.0000825788073424
-0.08,1.0306073313980206,17.95,-0.32953565713317146,-0.008232134453450658,0.9994326994519029,1.0000818187737393
-0.08,1.0306073313980206,18.0,-0.328714175799154,-0.008197525625039044,0.99943790036972,1.0000810677033922
-0.08,1.0306073313980206,18.05,-0.327896145475454,-0.008163114116230453,0.9994430393553745,1.0000803254686446
-0.08,1.0306073313980206,18.1,-0.32708154649912957,-0.008128898540586026,0.9994481173217238,1.0000795919439522
-0.08,1.0306073313980206,18.150000000000002,-0.3262703593453655,-0.008094877520844423,0.9994531351657238,1.0000788670058458
-0.08,1.0306073313980206,18.2,-0.32546256462656237,-0.008061049688927393,0.9994580937687422,1.000078150532888
-0.08,1.0306073313980206,18.25,-0.3246581430914259,-0.008027413685942513,0.9994629939968702,1.0000774424056382
-0.08,1.0306073313980206,18.3,-0.32385707562405663,-0.007993968162183071,0.9994678367012259,1.0000767425066155
-0.08,1.0306073313980206,18.35,-0.3230593432430395,-0.007960711777125193,0.9994726227182477,1.000076050720259
-0.08,1.0306073313980206,18.400000000000002,-0.3222649271005349,-0.007927643199422402,0.9994773528699896,1.0000753669328966
-0.08,1.0306073313980206,18.45,-0.32147380848136975,-0.007894761106897668,0.9994820279643996,1.0000746910327085
-0.08,1.0306073313980206,18.5,-0.3206859688021276,-0.007862064186533048,0.9994866487955985,1.0000740229096912
-0.08,1.0306073313980206,18.55,-0.31990138961024506,-0.007829551134457094,0.9994912161441528,1.000073362455625
-0.08,1.0306073313980206,18.6,-0.3191200525831024,-0.0077972206559300235,0.9994957307773378,1.000072709564044
-0.08,1.0306073313980206,18.650000000000002,-0.31834193952712014,-0.007765071465326794,0.9995001934493967,1.0000720641301986
-0.08,1.0306073313980206,18.7,-0.31756703237685546,-0.007733102286118221,0.9995046049017952,1.0000714260510286
-0.08,1.0306073313980206,18.75,-0.3167953131940997,-0.007701311850850132,0.99950896586347,1.0000707952251298
-0.08,1.0306073313980206,18.8,-0.31602676416697745,-0.0076696989011207075,0.999513277051069,1.0000701715527254
-0.08,1.0306073313980206,18.85,-0.3152613676090484,-0.007638262187556095,0.9995175391691923,1.000069554935636
-0.08,1.0306073313980206,18.900000000000002,-0.3144991059584097,-0.007607000469784342,0.999521752910622,1.0000689452772489
-0.08,1.0306073313980206,18.95,-0.3137399617768004,-0.0075759125164076985,0.9995259189565497,1.0000683424824917
-0.08,1.0306073313980206,19.0,-0.3129839177487089,-0.007544997104973486,0.9995300379767992,1.0000677464578038
-0.08,1.0306073313980206,19.05,-0.31223095668048206,-0.007514253021943426,0.9995341106300448,1.00006715711111
-0.08,1.0306073313980206,19.1,-0.31148106149943605,-0.00748367906266171,0.9995381375640233,1.0000665743517914
-0.08,1.0306073313980206,19.150000000000002,-0.310734215252971,-0.007453274031321619,0.9995421194157421,1.000065998090662
-0.08,1.0306073313980206,19.200000000000003,-0.3099904011076868,-0.007423036740930991,0.9995460568116831,1.0000654282399408
-0.08,1.0306073313980206,19.25,-0.3092496023485038,-0.0073929660132765205,0.9995499503680048,1.0000648647132289
-0.08,1.0306073313980206,19.3,-0.3085118023777831,-0.007363060678886817,0.9995538006907316,1.000064307425481
-0.08,1.0306073313980206,19.35,-0.3077769847144542,-0.007333319576994551,0.9995576083759523,1.0000637562929862
-0.08,1.0306073313980206,19.400000000000002,-0.3070451329931424,-0.007303741555497447,0.9995613740100026,1.0000632112333414
-0.08,1.0306073313980206,19.450000000000003,-0.30631623096330124,-0.007274325470918427,0.9995650981696472,1.0000626721654275
-0.08,1.0306073313980206,19.5,-0.30559026248834825,-0.007245070188364785,0.9995687814222639,1.0000621390093898
-0.08,1.0306073313980206,19.55,-0.3048672115448043,-0.007215974581486493,0.9995724243260153,1.0000616116866112
-0.08,1.0306073313980206,19.6,-0.3041470622214365,-0.007187037532433767,0.9995760274300217,1.0000610901196947
-0.08,1.0306073313980206,19.650000000000002,-0.3034297987184063,-0.007158257931813817,0.9995795912745283,1.0000605742324384
-0.08,1.0306073313980206,19.700000000000003,-0.3027154053464196,-0.007129634678646863,0.9995831163910728,1.0000600639498167
-0.08,1.0306073313980206,19.75,-0.30200386652588385,-0.007101166680321529,0.9995866033026429,1.0000595591979606
-0.08,1.0306073313980206,19.8,-0.3012951667860666,-0.0070728528525495545,0.9995900525238368,1.000059059904134
-0.08,1.0306073313980206,19.85,-0.30058929076426105,-0.0070446921193199315,0.9995934645610178,1.0000585659967163
-0.08,1.0306073313980206,19.900000000000002,-0.2998862232049551,-0.007016683412852523,0.9995968399124647,1.0000580774051842
-0.08,1.0306073313980206,19.950000000000003,-0.29918594895900497,-0.006988825673551064,0.9996001790685194,1.000057594060087
-0.08,1.0306073313980206,20.0,-0.2984884529828144,-0.006961117849955769,0.9996034825117351,1.0000571158930385
-0.08,1.0306073313980206,20.1,-0.29710173618816965,-0.0069061477844392215,0.9996099841517537,1.0000561748246999
-0.08,1.0306073313980206,20.28615468146082,-0.294549333969424,-0.0068053763199081175,0.9996217244542073,1.0000544756391663
-0.08,1.0306073313980206,20.47403342090323,-0.29201095567495033,-0.006705682093062777,0.9996331144265607,1.000052827401168
-0.08,1.0306073313980206,20.663652185564246,-0.2894866724824602,-0.006607059795844571,0.9996441647637138,1.0000512286188785
-0.08,1.0306073313980206,20.855027090560313,-0.2869765539794482,-0.0065095038883063805,0.9996548858295496,1.0000496778414198
-0.08,1.0306073313980206,21.04817440025684,-0.2844806682172193,-0.006413008613292782,0.9996652876667945,1.000048173657885
-0.08,1.0306073313980206,21.243110529650455,-0.2819990817642462,-0.006317568010603775,0.9996753800066145,1.0000467146963787
-0.08,1.0306073313980206,21.439852045764102,-0.27953185975878564,-0.006223175930653391,0.999685172277953,1.0000452996230744
-0.08,1.0306073313980206,21.638415669054964,-0.2770790659605289,-0.006129826047634747,0.9996946736166289,1.0000439271412849
-0.08,1.0306073313980206,21.83881827483555,-0.2746407628009431,-0.00603751187220296,0.9997038928741719,1.0000425959905543
-0.08,1.0306073313980206,22.04107689470784,-0.27221701143191535,-0.005946226763687627,0.9997128386264372,1.0000413049457622
-0.08,1.0306073313980206,22.245208718010712,-0.2698078717722851,-0.0058559639418464355,0.9997215191819683,1.0000400528162485
-0.08,1.0306073313980206,22.4512310932809,-0.2674134025519145,-0.0057667164981712905,0.9997299425901385,1.000038838444949
-0.08,1.0306073313980206,22.659161529727328,-0.26503366135303386,-0.005678477406758365,0.9997381166490681,1.0000376607075543
-0.08,1.0306073313980206,22.86901769871915,-0.26266870464872577,-0.005591239534753161,0.9997460489133158,1.0000365185116789
-0.08,1.0306073313980206,23.080817435287667,-0.26031858783855333,-0.0055049956523813524,0.9997537467013609,1.00003541079605
-0.08,1.0306073313980206,23.294578739641963,-0.2579833652814757,-0.005419738442576204,0.9997612171028718,1.0000343365297135
-0.08,1.0306073313980206,23.510319778698783,-0.2556630903263019,-0.0053354605102127394,0.9997684669857715,1.000033294711252
-0.08,1.0306073313980206,23.72805888762644,-0.25335781534002016,-0.005252154390958776,0.9997755030031007,1.00003228436802
-0.08,1.0306073313980206,23.947814571403043,-0.25106759173437015,-0.005169812559752865,0.9997823315996855,1.0000313045553977
-0.08,1.0306073313980206,24.169605506389228,-0.2487924699910128,-0.005088427438918692,0.9997889590186126,1.0000303543560578
-0.08,1.0306073313980206,24.39345054191539,-0.2465324996856023,-0.005007991405925677,0.9997953913075233,1.0000294328792503
-0.08,1.0306073313980206,24.619368701883577,-0.2442877295109711,-0.004928496800805238,0.9998016343247159,1.0000285392600934
-0.08,1.0306073313980206,24.847379186384366,-0.24205820729952937,-0.004849935933232163,0.9998076937450817,1.0000276726588997
-0.08,1.0306073313980206,25.077501373328523,-0.23984398004486457,-0.004772301089280555,0.999813575065858,1.0000268322604908
-0.08,1.0306073313980206,25.30975482009396,-0.237645093922414,-0.004695584537863694,0.9998192836122197,1.0000260172735518
-0.08,1.0306073313980206,25.544159265187808,-0.23546159430899458,-0.00461977853686712,0.9998248245426998,1.0000252269299796
-0.08,1.0306073313980206,25.780734629923902,-0.2332935258009159,-0.0045448753389842325,0.9998302028544566,1.0000244604842627
-0.08,1.0306073313980206,26.019501020115914,-0.23114093223037913,-0.0044708671972633705,0.9998354233883787,1.0000237172128645
-0.08,1.0306073313980206,26.260478727786037,-0.22900385667988363,-0.004397746370375465,0.9998404908340413,1.0000229964136214
-0.08,1.0306073313980206,26.503688232889502,-0.22688234149441014,-0.004325505127610982,0.9998454097345133,1.0000222974051636
-0.08,1.0306073313980206,26.74915020505521,-0.22477642829122121,-0.004254135753614464,0.9998501844910185,1.0000216195263354
-0.08,1.0306073313980206,26.99688550534226,-0.22268615796723112,-0.004183630552865272,0.9998548193674587,1.0000209621356417
-0.08,1.0306073313980206,27.246915188012967,-0.2206115707039698,-0.0041139818539120444,0.9998593184947981,1.0000203246107022
-0.08,1.0306073313980206,27.499260502322162,-0.21855270597028556,-0.004045182013368925,0.9998636858753159,1.0000197063477174
-0.08,1.0306073313980206,27.753942894323053,-0.21650960252298776,-0.003977223419680712,0.999867925386726,1.00001910676095
-0.08,1.0306073313980206,28.010984008689945,-0.2144822984056896,-0.003910098496664143,0.9998720407861742,1.0000185252822174
-0.08,1.0306073313980206,28.270405690557713,-0.21247083094613775,-0.0038437997068322145,0.9998760357141109,1.0000179613603994
-0.08,1.0306073313980206,28.532229987378305,-0.21047523675229787,-0.00377831955450832,0.9998799136980429,1.0000174144609513
-0.08,1.0306073313980206,28.79647915079459,-0.20849555170743664,-0.003713650588736588,0.9998836781561724,1.0000168840654393
-0.08,1.0306073313980206,29.063175638531384,-0.2065318109643786,-0.0036497854059950635,0.9998873324009204,1.0000163696710775
-0.08,1.0306073313980206,29.332342116304055,-0.2045840489390439,-0.003586716652717931,0.9998908796423415,1.0000158707902826
-0.08,1.0306073313980206,29.604001459744886,-0.20265229930328615,-0.0035244370276330166,0.9998943229914294,1.000015386950238
-0.08,1.0306073313980206,29.8781767563471,-0.20073659497698182,-0.0034629392839208317,0.9998976654633239,1.0000149176924678
-0.08,1.0306073313980206,30.154891307427096,-0.19883696811924406,-0.0034022162312011086,0.9999009099804126,1.0000144625724237
-0.08,1.0306073313980206,30.43416863010471,-0.1969534501185962,-0.003342260737352992,0.9999040593753379,1.0000140211590844
-0.08,1.0306073313980206,30.716032459301825,-0.19508607158189886,-0.003283065730174597,0.9999071163939067,1.0000135930345573
-0.08,1.0306073313980206,31.00050674975963,-0.19323486232183604,-0.0032246241988878066,0.99991008369791,1.000013177793701
-0.08,1.0306073313980206,31.287615678074335,-0.19139985134278117,-0.003166929195493962,0.9999129638678496,1.00001277504375
-0.08,1.0306073313980206,31.577383644751972,-0.18958106682489645,-0.0031099738359856846,0.9999157594055823,1.000012384403954
-0.08,1.0306073313980206,31.869835276282085,-0.1877785361063886,-0.003053751301420213,0.9999184727368775,1.0000120055052222
-0.08,1.0306073313980206,32.16499542723059,-0.18599228566390444,-0.0029982548388592938,0.99992110621389,1.0000116379897819
-0.08,1.0306073313980206,32.462889182352235,-0.184222341091108,-0.00294347776218028,0.999923662117557,1.0000112815108426
-0.08,1.0306073313980206,32.763541858722334,-0.18246872707555867,-0.002889413452763171,0.9999261426599214,1.0000109357322713
-0.08,1.0306073313980206,33.06697900788844,-0.18073146737404722,-0.0028360553600578643,0.9999285499863659,1.000010600328276
-0.08,1.0306073313980206,33.373226418041924,-0.17901058478658935,-0.0027833970020359057,0.9999308861777924,1.0000102749830972
-0.08,1.0306073313980206,33.68231011620963,-0.17730610112929432,-0.002731431965530676,0.999933153252719,1.0000099593907081
-0.08,1.0306073313980206,33.99425637046573,-0.17561803720632002,-0.0026801539064699514,0.9999353531693094,1.0000096532545224
-0.08,1.0306073313980206,34.30909169216431,-0.1739464127811118,-0.002629556550004564,0.9999374878273427,1.0000093562871137
-0.08,1.0306073313980206,34.62684283819243,-0.17229124654708497,-0.0025796336905368265,0.9999395590701103,1.000009068209936
-0.08,1.0306073313980206,34.94753681324406,-0.17065255609786678,-0.002530379191652353,0.9999415686862577,1.000008788753061
-0.08,1.0306073313980206,35.2712008721152,-0.16903035789716023,-0.002481786985958745,0.9999435184115592,1.0000085176549116
-0.08,1.0306073313980206,35.597862522020144,-0.1674246672482442,-0.0024338510748347225,0.9999454099306384,1.0000082546620108
-0.08,1.0306073313980206,35.927549524929255,-0.165835498263069,-0.002386565528093052,0.9999472448786331,1.0000079995287412
-0.08,1.0306073313980206,36.26028989992831,-0.16426286383087574,-0.0023399244835607663,0.9999490248427981,1.0000077520170978
-0.08,1.0306073313980206,36.59611192559986,-0.1627067755862328,-0.0022939221465799625,0.9999507513640623,1.00000751189646
-0.08,1.0306073313980206,36.93504414242648,-0.16116724387637374,-0.0022485527894325853,0.9999524259385296,1.0000072789433647
-0.08,1.0306073313980206,37.27711535521626,-0.15964427772772288,-0.0022038107506922953,0.999954050018932,1.0000070529412892
-0.08,1.0306073313980206,37.62235463555102,-0.1581378848115038,-0.0021596904345066517,0.9999556250160327,1.0000068336804357
-0.08,1.0306073313980206,37.97079132425686,-0.15664807140836468,-0.002116186309812702,0.9999571522999819,1.0000066209575247
-0.08,1.0306073313980206,38.32245503389777,-0.15517484237197848,-0.002073292909488797,0.9999586332016285,1.0000064145755954
-0.08,1.0306073313980206,38.67737565129239,-0.15371820109162773,-0.0020310048294455646,0.9999600690137868,1.0000062143438113
-0.08,1.0306073313980206,39.03558334005395,-0.1522781494538236,-0.0019893167276587285,0.9999614609924592,1.000006020077267
-0.08,1.0306073313980206,39.3971085431537,-0.15085468780304975,-0.0019482233231463504,0.9999628103580217,1.0000058315968086
-0.08,1.0306073313980206,39.761981985508335,-0.14944781490175962,-0.0019077193948929723,0.9999641182963616,1.000005648728853
-0.08,1.0306073313980206,40.1302346765911,-0.1480575278897841,-0.001867799780723077,0.9999653859599865,1.0000054713052173
-0.08,1.0306073313980206,40.50189791306716,-0.14668382224331963,-0.001828459376126137,0.9999666144690841,1.0000052991629456
-0.08,1.0306073313980206,40.87700328145351,-0.14532669173368204,-0.0017896931330354977,0.9999678049125568,1.0000051321441505
-0.08,1.0306073313980206,41.25558266080338,-0.14398612838599562,-0.0017514960585632473,0.9999689583490108,1.0000049700958527
-0.08,1.0306073313980206,41.63766822541544,-0.1426621224379835,-0.001713863213693235,0.9999700758077209,1.0000048128698278
-0.08,1.0306073313980206,42.02329244756837,-0.14135466229899427,-0.001676789711934355,0.9999711582895534,1.0000046603224568
-0.08,1.0306073313980206,42.41248810028041,-0.14006373450937676,-0.0016402707179361928,0.9999722067678616,1.0000045123145833
-0.08,1.0306073313980206,42.80528826009479,-0.13878932370028058,-0.0016043014460691838,0.9999732221893501,1.0000043687113682
-0.08,1.0306073313980206,43.20172630989064,-0.13753141255392895,-0.0015688771589714055,0.9999742054749091,1.0000042293821618
-0.08,1.0306073313980206,43.60183594172025,-0.13628998176437995,-0.0015339931660641516,0.9999751575204175,1.0000040942003625
-0.08,1.0306073313980206,44.00565115967241,-0.13506500999877152,-0.0014996448220385094,0.9999760791975215,1.0000039630432969
-0.08,1.0306073313980206,44.413206282762204,-0.13385647385902055,-0.001465827525315064,0.9999769713543829,1.0000038357920908
-0.08,1.0306073313980206,44.824535947847835,-0.13266434784394338,-0.0014325367164789936,0.9999778348164031,1.0000037123315484
-0.08,1.0306073313980206,45.23967511257426,-0.131488604311759,-0.001399767876692767,0.9999786703869213,1.00000359255004
-0.08,1.0306073313980206,45.65865905834403,-0.1303292134429434,-0.001367516526088654,0.9999794788478895,1.0000034763393841
-0.08,1.0306073313980206,46.081523393315884,-0.1291861432034172,-0.0013357782221432282,0.999980260960518,1.0000033635947394
-0.08,1.0306073313980206,46.50830405543093,-0.12805935930806941,-0.0013045485580361206,0.9999810174659071,1.0000032542144994
-0.08,1.0306073313980206,46.93903731546684,-0.12694882518464248,-0.0012738231609951498,0.9999817490856503,1.0000031481001879
-0.08,1.0306073313980206,47.37375978012049,-0.12585450193803155,-0.0012435976906300108,0.999982456522417,1.0000030451563582
-0.08,1.0306073313980206,47.81250839511901,-0.1247763483150769,-0.0012138678372566392,0.9999831404605156,1.0000029452904997
-0.08,1.0306073313980206,48.25532044835962,-0.12371432066995425,-0.001184629320214383,0.9999838015664374,1.0000028484129393
-0.08,1.0306073313980206,48.70223357307873,-0.12266837293029015,-0.001155877886178045,0.9999844404893757,1.0000027544367533
-0.08,1.0306073313980206,49.15328575105025,-0.12163845656414318,-0.0011276093074668913,0.9999850578617363,1.0000026632776795
-0.08,1.0306073313980206,49.608515315813406,-0.12062452054801073,-0.0010998193803526922,0.9999856542996198,1.0000025748540295
-0.08,1.0306073313980206,50.067960955930815,-0.11962651133601634,-0.0010725039233688738,0.9999862304032906,1.0000024890866073
-0.08,1.0306073313980206,50.5316617182763,-0.11864437283044282,-0.0010456587756228711,0.9999867867576336,1.0000024058986299
-0.08,1.0306073313980206,50.99965701135351,-0.11767804635375903,-0.0010192797951137649,0.999987323932582,1.0000023252156465
-0.08,1.0306073313980206,51.47198660864504,-0.116727470622286,-0.0009933628570573843,0.9999878424835446,1.0000022469654668
-0.08,1.0306073313980206,51.9486906519927,-0.11579258172162459,-0.0009679038522210279,0.9999883429518086,1.0000021710780849
-0.08,1.0306073313980206,52.429809655009066,-0.11487331308395395,-0.0009428986852699883,0.9999888258649282,1.0000020974856112
-0.08,1.0306073313980206,52.91538450652049,-0.11396959546728798,-0.0009183432731282367,0.9999892917371039,1.0000020261222031
-0.08,1.0306073313980206,53.40545647404229,-0.11308135693675794,-0.0008942335433554847,0.9999897410695421,1.0000019569239977
-0.08,1.0306073313980206,53.90006720728585,-0.11220852284797068,-0.0008705654325430589,0.9999901743508073,1.0000018898290473
-0.08,1.0306073313980206,54.39925874169825,-0.11135101583247818,-0.0008473348847309858,0.9999905920571571,1.0000018247772606
-0.08,1.0306073313980206,54.90307350203484,-0.11050875578537986,-0.0008245378498487438,0.9999909946528691,1.0000017617103372
-0.08,1.0306073313980206,55.41155430596479,-0.10968165985507126,-0.0008021702821821528,0.999991382590553,1.000001700571716
-0.08,1.0306073313980206,55.924744367709856,-0.10886964243515014,-0.0007802281388690159,0.9999917563114507,1.0000016413065107
-0.08,1.0306073313980206,56.442687301717264,-0.10807261515848886,-0.0007587073784259474,0.9999921162457326,1.0000015838614627
-0.08,1.0306073313980206,56.96542712636624,-0.10729048689348819,-0.0007376039593090573,0.999992462812772,1.0000015281848835
-0.08,1.0306073313980206,57.493008267708944,-0.1065231637425338,-0.0007169138385110382,0.9999927964214205,1.000001474226606
-0.08,1.0306073313980206,58.02547556324627,-0.10577054904268575,-0.0006966329701971744,0.9999931174702675,1.000001421937932
-0.08,1.0306073313980206,58.562874265738245,-0.10503254336864572,-0.0006767573043829397,0.999993426347892,1.0000013712715883
-0.08,1.0306073313980206,59.10525004705015,-0.10430904453805515,-0.0006572827856556428,0.9999937234331048,1.0000013221816777
-0.08,1.0306073313980206,59.65264900203377,-0.10359994761919371,-0.0006382053519427055,0.9999940090951852,1.000001274623633
-0.08,1.0306073313980206,60.2051176524451,-0.10290514494115434,-0.0006195209333290358,0.9999942836941059,1.0000012285541784
-0.08,1.0306073313980206,60.76270295089797,-0.10222452610658234,-0.0006012254509259932,0.9999945475807508,1.0000011839312823
-0.08,1.0306073313980206,61.325452284854336,-0.10155797800707322,-0.000583314815794383,0.9999948010971252,1.0000011407141187
-0.08,1.0306073313980206,61.89341348065174,-0.1009053848413231,-0.0005657849279237958,0.9999950445765649,1.000001098863029
-0.08,1.0306073313980206,62.466634807567864,-0.1002666281361318,-0.0005486316752707906,0.9999952783439254,1.0000010583394825
-0.08,1.0306073313980206,63.0451649819227,-0.09964158677034875,-0.0005318509328580648,0.9999955027157775,1.0000010191060402
-0.08,1.0306073313980206,63.629053171218956,-0.09903013700184983,-0.000515438561937,0.9999957180005893,1.0000009811263202
-0.08,1.0306073313980206,64.21834899832058,-0.09843215249762305,-0.0004993904092157407,0.9999959244989046,1.0000009443649627
-0.08,1.0306073313980206,64.81310254566993,-0.09784750436702473,-0.0004837023061549354,0.9999961225035151,1.000000908787595
-0.08,1.0306073313980206,65.4133643595444,-0.09727606119826075,-0.00046837006833330485,0.9999963122996265,1.0000008743608046
-0.08,1.0306073313980206,66.01918545435197,-0.09671768909812628,-0.0004533894948850396,0.9999964941650209,1.0000008410521017
-0.08,1.0306073313980206,66.63061731696679,-0.09617225173502311,-0.00043875636801096903,0.9999966683702133,1.0000008088298955
-0.08,1.0306073313980206,67.24771191110499,-0.09563961038525924,-0.0004244664525654466,0.9999968351786025,1.000000777663461
-0.08,1.0306073313980206,67.87052168174088,-0.09511962398261604,-0.00041051549572069916,0.9999969948466206,1.0000007475229131
-0.08,1.0306073313980206,68.49909955956402,-0.09461214917115798,-0.000396899226710381,0.9999971476238732,1.0000007183791804
-0.08,1.0306073313980206,69.13349896547759,-0.09411704036124359,-0.0003836133566539354,0.9999972937532833,1.0000006902039769
-0.08,1.0306073313980206,69.77377381513884,-0.0936341497886842,-0.00037065357846321486,0.9999974334712203,1.0000006629697795
-0.08,1.0306073313980206,70.41997852354069,-0.09316332757699274,-0.0003580155668327394,0.9999975670076374,1.0000006366498038
-0.08,1.0306073313980206,71.0721680096366,-0.09270442180265033,-0.0003456949783148527,0.9999976945861992,1.000000611217978
-0.08,1.0306073313980206,71.73039770100793,-0.09225727856331847,-0.000333687451480712,0.9999978164244037,1.000000586648923
-0.08,1.0306073313980206,72.39472353857458,-0.09182174204891633,-0.00032198860716814085,0.9999979327337073,1.0000005629179312
-0.08,1.0306073313980206,73.06520198134909,-0.09139765461548599,-0.0003105940488170153,0.9999980437196446,1.0000005400009437
-0.08,1.0306073313980206,73.74189001123509,-0.09098485686176,-0.00029949936289266844,0.9999981495819436,1.0000005178745326
-0.08,1.0306073313980206,74.42484513786997,-0.09058318770835277,-0.00028870011939772535,0.999998250514641,1.0000004965158782
-0.08,1.0306073313980206,75.11412540351232,-0.09019248447949221,-0.0002781918724724536,0.9999983467061939,1.0000004759027552
-0.08,1.0306073313980206,75.80978938797494,-0.08981258298721062,-0.0002679701610835323,0.9999984383395897,1.00000045601351
-0.08,1.0306073313980206,76.51189621360336,-0.08944331761791428,-0.00025803050980094757,0.9999985255924527,1.0000004368270476
-0.08,1.0306073313980206,77.22050555030022,-0.0890845214212478,-0.00024836842966245937,0.9999986086371515,1.000000418322812
-0.08,1.0306073313980206,77.93567762059672,-0.08873602620117219,-0.00023897941912486237,0.9999986876409019,1.0000004004807717
-0.08,1.0306073313980206,78.65747320477065,-0.0883976626091673,-0.00022985896510101047,0.9999987627658702,1.0000003832814046
-0.08,1.0306073313980206,79.38595364601184,-0.08806926023947166,-0.0002210025440813727,0.9999988341692714,1.0000003667056814
-0.08,1.0306073313980206,80.12118085563553,-0.08775064772626133,-0.0002124056233385869,0.9999989020034713,1.0000003507350557
-0.08,1.0306073313980206,80.86321731834431,-0.08744165284266796,-0.00020406366221325362,0.9999989664160818,1.0000003353514453
-0.08,1.0306073313980206,81.61212609753805,-0.08714210260152623,-0.00019597211347901388,0.9999990275500596,1.0000003205372214
-0.08,1.0306073313980206,82.36797084067375,-0.08685182335773134,-0.00018812642478464943,0.9999990855438011,1.0000003062751983
-0.08,1.0306073313980206,83.13081578467474,-0.0865706409120803,-0.00018052204017070275,0.999999140531233,1.000000292548617
-0.08,1.0306073313980206,83.90072576138992,-0.08629838061645888,-0.00017315440165793702,0.9999991926419121,1.0000002793411382
-0.08,1.0306073313980206,84.67776620310352,-0.08603486748022543,-0.00016601895090466903,0.9999992420011101,1.000000266636826
-0.08,1.0306073313980206,85.46200314809617,-0.08577992627763403,-0.00015911113092977885,0.9999992887299115,1.0000002544201436
-0.08,1.0306073313980206,86.25350324625728,-0.08553338165612731,-0.00015242638789800858,0.9999993329452986,1.0000002426759378
-0.08,1.0306073313980206,87.05233376474918,-0.0852950582453216,-0.0001459601729639135,0.9999993747602448,1.000000231389431
-0.08,1.0306073313980206,87.85856259372419,-0.08506478076649604,-0.0001397079441706188,0.9999994142837996,1.0000002205462137
-0.08,1.0306073313980206,88.67225825209441,-0.08484237414239232,-0.00013366516839937316,0.9999994516211805,1.0000002101322332
-0.08,1.0306073313980206,89.49348989335462,-0.08462766360712139,-0.0001278273233656158,0.9999994868738576,1.0000002001337844
-0.08,1.0306073313980206,90.32232731145982,-0.08442047481597244,-0.00012218989965718716,0.9999995201396418,1.0000001905375049
-0.08,1.0306073313980206,91.15884094675663,-0.08422063395491156,-0.00011674840281002431,0.9999995515127703,1.0000001813303643
-0.08,1.0306073313980206,92.0031018919696,-0.08402796784955892,-0.00011149835541666502,0.9999995810839893,1.0000001724996554
-0.08,1.0306073313980206,92.85518189824359,-0.08384230407342844,-0.00010643529926253487,0.999999608940644,1.0000001640329927
-0.08,1.0306073313980206,93.71515338124135,-0.0836634710552186,-0.00010155479748508972,0.9999996351667567,1.0000001559182974
-0.08,1.0306073313980206,94.58308942729796,-0.08349129818494251,-9.685243675054949e-05,0.9999996598431153,1.0000001481437977
-0.08,1.0306073313980206,95.45906379963219,-0.08332561591868827,-9.232382944296953e-05,0.9999996830473519,1.0000001406980177
-0.08,1.0306073313980206,96.34315094461576,-0.08316625588180795,-8.796461586029443e-05,0.9999997048540276,1.0000001335697735
-0.08,1.0306073313980206,97.23542599809973,-0.08301305097033565,-8.377046641191665e-05,0.9999997253347127,1.0000001267481669
-0.08,1.0306073313980206,98.13596479180039,-0.08286583545044407,-7.973708381225766e-05,0.9999997445580684,1.00000012022258
-0.08,1.0306073313980206,99.04484385974408,-0.08272444505575359,-7.586020526480793e-05,0.9999997625899253,1.0000001139826655
-0.08,1.0306073313980206,99.96214044477135,-0.08258871708231912,-7.213560463109362e-05,0.9999997794933632,1.0000001080183492
-0.08,1.0306073313980206,100.88793250510167,-0.08245849048112369,-6.855909457899402e-05,0.9999997953287931,1.0000001023198188
-0.08,1.0306073313980206,101.82229872095873,-0.08233360594791923,-6.512652870488292e-05,0.9999998101540275,1.0000000968775196
-0.08,1.0306073313980206,102.76531850125772,-0.08221390601026206,-6.18338036241194e-05,0.9999998240243664,1.0000000916821516
-0.08,1.0306073313980206,103.71707199035326,-0.0820992351116005,-5.867686102445028e-05,0.9999998369926664,1.0000000867246637
-0.08,1.0306073313980206,104.67764007485148,-0.08198943969227786,-5.565168967702616e-05,0.9999998491094196,1.0000000819962491
-0.08,1.0306073313980206,105.64710439048359,-0.08188436826732598,-5.27543273997812e-05,0.9999998604228285,1.0000000774883415
-0.08,1.0306073313980206,106.62554732904427,-0.08178387150093049,-4.998086296810648e-05,0.9999998709788758,1.0000000731926104
-0.08,1.0306073313980206,107.61305204539366,-0.08168780227745792,-4.7327437967914366e-05,0.9999998808214029,1.000000069100956
-0.08,1.0306073313980206,108.60970246452491,-0.08159601576894376,-4.479024858627763e-05,0.999999889992175,1.0000000652055068
-0.08,1.0306073313980206,109.61558328869602,-0.08150836949894698,-4.236554733514152e-05,0.9999998985309569,1.0000000614986149
-0.08,1.0306073313980206,110.63078000462876,-0.08142472340268697,-4.004964470372719e-05,0.9999999064755813,1.000000057972851
-0.08,1.0306073313980206,111.65537889077429,-0.0813449398833847,-3.7838910735525534e-05,0.9999999138620133,1.0000000546210028
-0.08,1.0306073313980206,112.68946702464496,-0.08126888386473953,-3.572977652601498e-05,0.9999999207244241,1.0000000514360683
-0.08,1.0306073313980206,113.73313229021528,-0.08119642283948053,-3.371873563748624e-05,0.9999999270952518,1.0000000484112548
-0.08,1.0306073313980206,114.78646338539066,-0.08112742691394068,-3.1802345427676776e-05,0.9999999330052696,1.0000000455399742
-0.08,1.0306073313980206,115.84954982954602,-0.08106176884860854,-2.9977228289161332e-05,0.9999999384836483,1.0000000428158393
-0.08,1.0306073313980206,116.92248197113297,-0.08099932409462467,-2.8240072796787828e-05,0.9999999435580185,1.0000000402326592
-0.08,1.0306073313980206,118.00535099535914,-0.08093997082619402,-2.6587634760734848e-05,0.9999999482545329,1.000000037784436
-0.08,1.0306073313980206,119.09824893193696,-0.0808835899689004,-2.5016738183109907e-05,0.9999999525979247,1.000000035465365
-0.08,1.0306073313980206,120.2012686629055,-0.08083006522391362,-2.3524276116307855e-05,0.9999999566115672,1.0000000332698253
-0.08,1.0306073313980206,121.31450393052383,-0.08077928308809394,-2.210721142173376e-05,0.9999999603175309,1.00000003119238
-0.08,1.0306073313980206,122.43804934523853,-0.08073113287000509,-2.0762577427751442e-05,0.9999999637366399,1.000000029227772
-0.08,1.0306073313980206,123.5720003937234,-0.08068550670185978,-1.948747848613637e-05,0.9999999668885238,1.0000000273709204
-0.08,1.0306073313980206,124.7164534469956,-0.08064229954743124,-1.8279090426616247e-05,0.9999999697916753,1.0000000256169166
-0.08,1.0306073313980206,125.87150576860506,-0.08060140920597439,-1.713466090939001e-05,0.9999999724634967,1.0000000239610212
-0.08,1.0306073313980206,127.03725552290106,-0.08056273631221161,-1.6051509675907598e-05,0.9999999749203539,1.0000000223986607
-0.08,1.0306073313980206,128.21380178337475,-0.08052618433244753,-1.5027028698464187e-05,0.9999999771776237,1.0000000209254245
-0.08,1.0306073313980206,129.40124454107954,-0.08049165955688922,-1.4058682229535099e-05,0.9999999792497406,1.0000000195370593
-0.08,1.0306073313980206,130.59968471312828,-0.08045907108825648,-1.3144006752022706e-05,0.9999999811502445,1.0000000182294704
-0.08,1.0306073313980206,131.8092241512703,-0.08042833082677787,-1.2280610831980812e-05,0.9999999828918225,1.0000000169987109
-0.08,1.0306073313980206,133.02996565054787,-0.08039935345167804,-1.1466174875573811e-05,0.999999984486354,1.0000000158409852
-0.08,1.0306073313980206,134.26201295803162,-0.08037205639926949,-1.0698450792393306e-05,0.9999999859449518,1.0000000147526427
-0.08,1.0306073313980206,135.5054707816382,-0.08034635983777182,-9.975261567467193e-06,0.9999999872780014,1.0000000137301739
-0.08,1.0306073313980206,136.76044479902887,-0.0803221866389888,-9.294500744575663e-06,0.9999999884951993,1.000000012770207
-0.08,1.0306073313980206,138.02704166659132,-0.08029946234698104,-8.654131823715076e-06,0.9999999896055923,1.0000000118695054
-0.08,1.0306073313980206,139.30536902850287,-0.0802781151438785,-8.052187575779824e-06,0.9999999906176125,1.000000011024964
-0.08,1.0306073313980206,140.5955355258802,-0.0802580758129827,-7.486769277727167e-06,0.9999999915391081,1.0000000102336069
-0.08,1.0306073313980206,141.8976508060113,-0.08023927769931405,-6.95604587168365e-06,0.9999999923773839,1.0000000094925807
-0.08,1.0306073313980206,143.21182553167466,-0.0802216566677638,-6.458253051628938e-06,0.9999999931392247,1.0000000087991543
-0.08,1.0306073313980206,144.53817139054382,-0.08020515105901235,-5.991692281422492e-06,0.9999999938309321,1.0000000081507134
-0.08,1.0306073313980206,145.87680110468003,-0.08018970164338056,-5.554729748101312e-06,0.9999999944583495,1.0000000075447597
-0.08,1.0306073313980206,147.22782844011104,-0.08017525157277947,-5.145795254436671e-06,0.999999995026892,1.0000000069789043
-0.08,1.0306073313980206,148.59136821650102,-0.08016174633092742,-4.7633810549263975e-06,0.9999999955415719,1.0000000064508672
-0.08,1.0306073313980206,149.9675363169076,-0.08014913368200195,-4.406040639346979e-06,0.999999996007024,1.0000000059584722
-0.08,1.0306073313980206,151.35644969763095,-0.08013736361789386,-4.0723874681712565e-06,0.9999999964275309,1.0000000054996445
-0.08,1.0306073313980206,152.75822639815343,-0.08012638830422922,-3.761093664109277e-06,0.9999999968070433,1.0000000050724072
-0.08,1.0306073313980206,154.17298555117182,-0.08011616202532348,-3.470888664081186e-06,0.9999999971492037,1.0000000046748774
-0.08,1.0306073313980206,155.60084739272125,-0.08010664112822834,-3.2005578359316985e-06,0.9999999974573663,1.0000000043052653
-0.08,1.0306073313980206,157.0419332723941,-0.0800977839660297,-2.9489410641854775e-06,0.9999999977346173,1.0000000039618668
-0.08,1.0306073313980206,158.4963656636536,-0.08008955084055001,-2.7149313090701263e-06,0.9999999979837927,1.0000000036430658
-0.08,1.0306073313980206,159.96426817424148,-0.08008190394460551,-2.4974731430482448e-06,0.9999999982074941,1.0000000033473264
-0.08,1.0306073313980206,161.44576555668382,-0.08007480730396266,-2.2955612689734803e-06,0.999999998408109,1.0000000030731928
-0.08,1.0306073313980206,162.94098371889282,-0.08006822671913363,-2.1082390239403885e-06,0.9999999985878236,1.0000000028192846
-0.08,1.0306073313980206,164.4500497348682,-0.08006212970714555,-1.934596872791049e-06,0.9999999987486374,1.000000002584296
-0.08,1.0306073313980206,165.97309185549548,-0.0800564854434117,-1.7737708951300418e-06,0.9999999988923778,1.0000000023669897
-0.08,1.0306073313980206,167.5102395194472,-0.08005126470382798,-1.6249412696038074e-06,0.9999999990207139,1.0000000021661966
-0.08,1.0306073313980206,169.06162336418203,-0.08004643980720977,-1.4873307590188188e-06,0.9999999991351656,1.0000000019808128
-0.08,1.0306073313980206,170.6273752370482,-0.08004198455818164,-1.3602031998036134e-06,0.9999999992371198,1.0000000018097965
-0.08,1.0306073313980206,172.20762820648835,-0.08003787419062186,-1.242861999091994e-06,0.9999999993278352,1.0000000016521646
-0.08,1.0306073313980206,173.80251657334924,-0.08003408531176047,-1.1346486426213425e-06,0.999999999408458,1.0000000015069908
-0.08,1.0306073313980206,175.41217588229446,-0.08003059584702121,-1.0349412164027593e-06,0.9999999994800262,1.0000000013734034
-0.08,1.0306073313980206,177.0367429333253,-0.08002738498569305,-9.431529450235716e-07,0.9999999995434821,1.000000001250583
-0.08,1.0306073313980206,178.67635579340572,-0.08002443312750818,-8.58730749193483e-07,0.999999999599678,1.0000000011377583
-0.08,1.0306073313980206,180.33115380819694,-0.08002172183019983,-7.811538250422527e-07,0.9999999996493846,1.0000000010342063
-0.08,1.0306073313980206,182.00127761389967,-0.08001923375810488,-7.099322474080569e-07,0.9999999996932988,1.0000000009392482
-0.08,1.0306073313980206,183.68686914920713,-0.08001695263187096,-6.44605599273941e-07,0.9999999997320467,1.0000000008522478
-0.08,1.0306073313980206,185.38807166736675,-0.08001486317932183,-5.84741629232484e-07,0.9999999997661951,1.0000000007726095
-0.08,1.0306073313980206,187.10502974835543,-0.0800129510875288,-5.299349387359465e-07,0.9999999997962526,1.0000000006997765
-0.08,1.0306073313980206,188.83788931116757,-0.0800112029561296,-4.798057006909715e-07,0.9999999998226762,1.0000000006332281
-0.08,1.0306073313980206,190.58679762621514,-0.0800096062519318,-4.3399841075954476e-07,0.9999999998458751,1.0000000005724767
-0.08,1.0306073313980206,192.35190332784438,-0.08000814926483145,-3.9218067258506065e-07,0.9999999998662181,1.00000000051707
-0.08,1.0306073313980206,194.13335642696757,-0.08000682106507222,-3.540420179578421e-07,0.9999999998840331,1.000000000466585
-0.08,1.0306073313980206,195.93130832381254,-0.08000561146186658,-3.1929276278886625e-07,0.9999999998996141,1.0000000004206275
-0.08,1.0306073313980206,197.74591182078862,-0.08000451096339385,-2.8766289958260626e-07,0.999999999913224,1.0000000003788327
-0.08,1.0306073313980206,199.5773211354742,-0.08000351073818675,-2.5890102694975294e-07,0.9999999999250957,1.0000000003408591
-0.08,1.0306073313980206,201.42569191372198,-0.08000260257791313,-2.3277331654815777e-07,0.9999999999354379,1.0000000003063911
-0.08,1.0306073313980206,203.29118124288746,-0.08000177886155423,-2.0906251770069204e-07,0.9999999999444347,1.0000000002751364
-0.08,1.0306073313980206,205.1739476651793,-0.08000103252097897,-1.8756699977927907e-07,0.9999999999522512,1.0000000002468232
-0.08,1.0306073313980206,207.07415119113296,-0.08000035700790767,-1.6809983235492192e-07,0.9999999999590318,1.0000000002212006
-0.08,1.0306073313980206,208.99195331321022,-0.07999974626225566,-1.5048790293806893e-07,0.9999999999649071,1.0000000001980363
-0.08,1.0306073313980206,210.92751701952352,-0.07999919468184476,-1.3457107207267595e-07,0.9999999999699888,1.0000000001771154
-0.08,1.0306073313980206,212.88100680768738,-0.07999869709346558,-1.202013654032031e-07,0.9999999999743784,1.0000000001582405
-0.08,1.0306073313980206,214.8525886987991,-0.07999824872527207,-1.0724220224418338e-07,0.9999999999781647,1.0000000001412297
-0.08,1.0306073313980206,216.84243025154836,-0.07999784518048628,-9.556766009551531e-08,0.9999999999814254,1.000000000125914
-0.08,1.0306073313980206,218.85070057645706,-0.07999748241238788,-8.506177446536657e-08,0.9999999999842286,1.00000000011214
-0.08,1.0306073313980206,220.87757035025237,-0.07999715670056308,-7.561787328237752e-08,0.9999999999866342,1.0000000000997658
-0.08,1.0306073313980206,222.92321183037146,-0.0799968646283819,-6.713794511473568e-08,0.9999999999886965,1.0000000000886602
-0.08,1.0306073313980206,224.9877988696007,-0.07999660306167417,-5.9532040350120804e-08,0.9999999999904603,1.0000000000787048
-0.08,1.0306073313980206,227.07150693085165,-0.07999636912857015,-5.2717704437945476e-08,0.9999999999919658,1.0000000000697904
-0.08,1.0306073313980206,229.17451310207272,-0.07999616020047255,-4.661944227439341e-08,0.9999999999932488,1.0000000000618168
-0.08,1.0306073313980206,231.29699611129922,-0.0799959738741231,-4.1168212729715e-08,0.9999999999943402,1.000000000054692
-0.08,1.0306073313980206,233.4391363418438,-0.07999580795472748,-3.6300952319232464e-08,0.9999999999952657,1.000000000048334
-0.08,1.0306073313980206,235.60111584762504,-0.07999566044010067,-3.196012700446374e-08,0.9999999999960502,1.0000000000426665
-0.08,1.0306073313980206,237.78311836864148,-0.07999552950579401,-2.809331103870053e-08,0.9999999999967117,1.0000000000376195
-0.08,1.0306073313980206,239.98532934658564,-0.07999541349116555,-2.4652791828815292e-08,0.9999999999972699,1.0000000000331317
-0.08,1.0306073313980206,242.20793594060487,-0.07999531088635325,-2.159519972639721e-08,0.9999999999977383,1.0000000000291447
-0.08,1.0306073313980206,244.4511270432073,-0.07999522032011286,-1.8881161682798557e-08,0.999999999998131,1.0000000000256068
-0.08,1.0306073313980206,246.71509329631496,-0.07999514054847967,-1.6474977699054696e-08,0.9999999999984589,1.0000000000224716
-0.08,1.0306073313980206,249.00002710746668,-0.07999507044421582,-1.4344319008930399e-08,0.9999999999987321,1.0000000000196967
-0.08,1.0306073313980206,251.3061226661696,-0.07999500898700329,-1.245994695006573e-08,0.9999999999989589,1.0000000000172433
-0.08,1.0306073313980206,253.6335759604023,-0.07999495525434457,-1.0795451480043032e-08,0.9999999999991463,1.0000000000150768
-0.08,1.0306073313980206,255.98258479327197,-0.07999490841313268,-9.327008329860137e-09,0.9999999999993014,1.0000000000131664
-0.08,1.0306073313980206,258.3533487998248,-0.0799948677118534,-8.033153796210988e-09,0.9999999999994282,1.0000000000114837
-0.08,1.0306073313980206,260.7460694640121,-0.07999483247338338,-6.8945761878414074e-09,0.9999999999995322,1.0000000000100038
-0.08,1.0306073313980206,263.1609501358149,-0.0799948020883481,-5.8939230026177785e-09,0.9999999999996171,1.0000000000087026
-0.08,1.0306073313980206,265.59819604852424,-0.07999477600900583,-5.0156229010671025e-09,0.9999999999996867,1.0000000000075613
-0.08,1.0306073313980206,268.0580143361851,-0.07999475374362387,-4.245721584681125e-09,0.9999999999997428,1.0000000000065612
-0.08,1.0306073313980206,270.5406140511989,-0.07999473485131413,-3.5717307333494526e-09,0.9999999999997883,1.0000000000056857
-0.08,1.0306073313980206,273.0462061820903,-0.07999471893729855,-2.9824891522934842e-09,0.9999999999998264,1.0000000000049207
-0.08,1.0306073313980206,275.57500367143905,-0.079994705648573,-2.468035370152833e-09,0.9999999999998571,1.0000000000042526
-0.08,1.0306073313980206,278.1272214339776,-0.07999469466994193,-2.019490891109864e-09,0.9999999999998825,1.0000000000036702
-0.08,1.0306073313980206,280.7030763748543,-0.07999468572039663,-1.6289533811654526e-09,0.9999999999999043,1.0000000000031635
-0.08,1.0306073313980206,283.30278740807006,-0.07999467854981115,-1.2893991178054575e-09,0.9999999999999224,1.0000000000027223
-0.08,1.0306073313980206,285.9265754750807,-0.07999467293593121,-9.94594013506851e-10,0.9999999999999388,1.0000000000023395
-0.08,1.0306073313980206,288.57466356357577,-0.07999466868163309,-7.390125942024328e-10,0.9999999999999536,1.0000000000020075
-0.08,1.0306073313980206,291.24727672642865,-0.07999466561243104,-5.177643534803476e-10,0.9999999999999672,1.00000000000172
-0.08,1.0306073313980206,293.94464210082356,-0.0799946635742123,-3.265268937108568e-10,0.9999999999999803,1.0000000000014713
-0.08,1.0306073313980206,296.6669889275594,-0.07999466243118077,-1.614853490881898e-10,0.9999999999999929,1.000000000001256
-0.08,1.0306073313980206,299.4145485705322,-0.07999466206399122,-1.92775748896607e-11,1.0000000000000053,1.000000000001071
-0.08,1.0306073313980206,302.18755453639716,-0.07999466236805805,1.0305535524166255e-10,1.0000000000000184,1.0000000000009113
-0.08,1.0306073313980206,304.9862424944146,-0.0799946632520221,2.0811379032989968e-10,1.0000000000000315,1.0000000000007743
-0.08,1.0306073313980206,307.81085029647846,-0.07999466463636207,2.9817968910272903e-10,1.0000000000000449,1.0000000000006564
-0.08,1.0306073313980206,310.6616179973303,-0.07999466645213724,3.7525273655847523e-10,1.0000000000000582,1.0000000000005553
-0.08,1.0306073313980206,313.5387878749621,-0.07999466863984869,4.410827487380448e-10,1.000000000000072,1.0000000000004683
-0.08,1.0306073313980206,316.44260445120455,-0.079994671148409,4.971986955643306e-10,1.0000000000000855,1.0000000000003944
-0.08,1.0306073313980206,319.3733145125105,-0.07999467393420934,5.44934655187172e-10,1.0000000000000997,1.0000000000003308
-0.08,1.0306073313980206,322.3311671309267,-0.07999467696027503,5.854529751338716e-10,1.0000000000001135,1.0000000000002773
-0.08,1.0306073313980206,325.31641368526283,-0.0799946801955011,6.197649172774241e-10,1.0000000000001275,1.0000000000002311
-0.08,1.0306073313980206,328.32930788245454,-0.07999468361396078,6.48749016306576e-10,1.0000000000001414,1.0000000000001918
-0.08,1.0306073313980206,331.37010577912685,-0.0799946871942787,6.731673828939843e-10,1.0000000000001539,1.0000000000001585
-0.08,1.0306073313980206,334.4390658033531,-0.07999469091906415,6.936801612326486e-10,1.0000000000001674,1.0000000000001306
-0.08,1.0306073313980206,337.53644877662083,-0.07999469477439768,7.108583138044557e-10,1.0000000000001794,1.0000000000001066
-0.08,1.0306073313980206,340.66251793599554,-0.07999469874936667,7.251949189142456e-10,1.0000000000001912,1.0000000000000864
-0.08,1.0306073313980206,343.81753895649405,-0.079994702835645,7.371151317110115e-10,1.000000000000202,1.000000000000069
-0.08,1.0306073313980206,347.00177997366285,-0.07999470702711299,7.469849591995019e-10,1.0000000000002116,1.000000000000055
-0.08,1.0306073313980206,350.2155116063659,-0.07999471131951445,7.551189622848003e-10,1.0000000000002205,1.0000000000000426
-0.08,1.0306073313980206,353.4590069797847,-0.07999471571014653,7.617870247736856e-10,1.0000000000002287,1.0000000000000324
-0.08,1.0306073313980206,356.73254174862967,-0.07999472019758098,7.672202650637903e-10,1.0000000000002354,1.0000000000000242
-0.08,1.0306073313980206,360.0363941205664,-0.07999472478141312,7.71616232550026e-10,1.0000000000002407,1.0000000000000169
-0.08,1.0306073313980206,363.37084487986095,-0.07999472946203716,7.751434198873153e-10,1.0000000000002451,1.0000000000000113
-0.08,1.0306073313980206,366.73617741124224,-0.0799947342404448,7.779452104536036e-10,1.000000000000248,1.0000000000000058
-0.08,1.0306073313980206,370.13267772398575,-0.0799947391180469,7.801433162915315e-10,1.00000000000025,1.0000000000000013
-0.08,1.0306073313980206,373.5606344762222,-0.07999474409651468,7.818407599517097e-10,1.0000000000002502,0.999999999999998
-0.08,1.0306073313980206,377.02033899946696,-0.07999474917764064,7.831244716743774e-10,1.0000000000002496,0.9999999999999951
-0.08,1.0306073313980206,380.5120853233824,-0.07999475436321714,7.840675359531274e-10,1.0000000000002471,0.9999999999999926
-0.08,1.0306073313980206,384.03617020076405,-0.079994759654931,7.847311495936754e-10,1.0000000000002438,0.9999999999999907
-0.08,1.0306073313980206,387.5928931327621,-0.07999476505427425,7.851663005756663e-10,1.0000000000002398,0.9999999999999889
-0.08,1.0306073313980206,391.18255639433437,-0.07999477056246851,7.854152379093049e-10,1.0000000000002338,0.9999999999999873
-0.08,1.0306073313980206,394.8054650599374,-0.07999477618040343,7.855127304280344e-10,1.0000000000002274,0.9999999999999862
-0.08,1.0306073313980206,398.4619270294508,-0.07999478190858694,7.854871626817472e-10,1.0000000000002196,0.9999999999999848
-0.08,1.0306073313980206,402.15225305434814,-0.07999478774710754,7.853614780234219e-10,1.0000000000002107,0.9999999999999837
-0.08,1.0306073313980206,405.87675676410373,-0.0799947936956073,7.851539951634681e-10,1.0000000000002023,0.9999999999999832
-0.08,1.0306073313980206,409.6357546928489,-0.07999479975326437,7.848791146025226e-10,1.000000000000192,0.9999999999999825
-0.08,1.0306073313980206,413.4295663062725,-0.07999480591878531,7.845479291266911e-10,1.0000000000001816,0.9999999999999819
-0.08,1.0306073313980206,417.25851402877123,-0.0799948121904052,7.841687490740933e-10,1.0000000000001705,0.9999999999999812
-0.08,1.0306073313980206,421.12292327085265,-0.07999481856589573,7.837475620850093e-10,1.0000000000001594,0.9999999999999803
-0.08,1.0306073313980206,425.02312245678996,-0.0799948250425799,7.832884263255902e-10,1.0000000000001479,0.9999999999999798
-0.08,1.0306073313980206,428.95944305253283,-0.07999483161735338,7.827938146786483e-10,1.0000000000001357,0.9999999999999797
-0.08,1.0306073313980206,432.9322195938791,-0.07999483828671075,7.822649089479032e-10,1.0000000000001243,0.9999999999999795
-0.08,1.0306073313980206,436.9417897149054,-0.07999484504677676,7.817018591141756e-10,1.0000000000001121,0.9999999999999792
-0.08,1.0306073313980206,440.98849417666133,-0.07999485189334204,7.811040024132356e-10,1.0000000000001008,0.9999999999999784
-0.08,1.0306073313980206,445.0726768961314,-0.07999485882190172,7.804700603960757e-10,1.0000000000000897,0.9999999999999784
-0.08,1.0306073313980206,449.19468497546023,-0.07999486582769708,7.797983019796101e-10,1.0000000000000788,0.9999999999999779
-0.08,1.0306073313980206,453.3548687314555,-0.07999487290575956,7.790866848065315e-10,1.000000000000068,0.9999999999999777
-0.08,1.0306073313980206,457.55358172535705,-0.07999488005095622,7.783329870805474e-10,1.000000000000058,0.999999999999977
-0.08,1.0306073313980206,461.7911807928867,-0.07999488725803612,7.775349017731503e-10,1.000000000000049,0.9999999999999769
-0.08,1.0306073313980206,466.0680260745743,-0.07999489452167755,7.766901329746499e-10,1.0000000000000402,0.9999999999999762
-0.08,1.0306073313980206,470.3844810463644,-0.0799949018365349,7.757964724203601e-10,1.000000000000032,0.9999999999999761
-0.08,1.0306073313980206,474.7409125505084,-0.07999490919728526,7.748518556992184e-10,1.000000000000025,0.9999999999999758
-0.08,1.0306073313980206,479.1376908267404,-0.0799949165986738,7.738544220265747e-10,1.000000000000019,0.9999999999999755
-0.08,1.0306073313980206,483.57518954374194,-0.07999492403555836,7.728025495764765e-10,1.0000000000000135,0.9999999999999749
-0.08,1.0306073313980206,488.0537858309,-0.07999493150295153,7.716948920600568e-10,1.000000000000009,0.9999999999999747
-0.08,1.0306073313980206,492.5738603103579,-0.0799949389960613,7.705303993997511e-10,1.0000000000000058,0.9999999999999745
-0.08,1.0306073313980206,497.1357971293627,-0.07999494651032883,7.693083370799546e-10,1.000000000000003,0.9999999999999741
-0.08,1.0306073313980206,501.7399839929145,-0.07999495404146403,7.680282957096397e-10,1.0000000000000018,0.999999999999974
-0.08,1.0306073313980206,506.3868121967132,-0.07999496158547775,7.666901934919242e-10,1.0000000000000009,0.9999999999999739
-0.08,1.0306073313980206,511.0766766604169,-0.07999496913871115,7.652942762288692e-10,1.0000000000000016,0.9999999999999739
-0.08,1.0306073313980206,515.809975961202,-0.07999497669786182,7.638411123624296e-10,1.0000000000000029,0.9999999999999737
-0.08,1.0306073313980206,520.5871123676386,-0.07999498426000633,7.62331578683216e-10,1.000000000000005,0.9999999999999734
-0.08,1.0306073313980206,525.4084918738774,-0.07999499182261939,7.607668517739295e-10,1.0000000000000082,0.9999999999999732
-0.08,1.0306073313980206,530.2745242341559,-0.07999499938358968,7.59148385429546e-10,1.0000000000000124,0.999999999999973
-0.08,1.0306073313980206,535.1856229976182,-0.07999500694123156,7.574778946011453e-10,1.0000000000000175,0.9999999999999731
-0.08,1.0306073313980206,540.1422055434659,-0.07999501449429378,7.55757330737188e-10,1.0000000000000233,0.9999999999999731
-0.08,1.0306073313980206,545.1446931164259,-0.0799950220419644,7.539888587097801e-10,1.0000000000000295,0.9999999999999728
-0.08,1.0306073313980206,550.1935108625528,-0.07999502958387224,7.521748311727124e-10,1.0000000000000364,0.9999999999999728
-0.08,1.0306073313980206,555.2890878653604,-0.07999503712008504,7.503177618215008e-10,1.0000000000000444,0.9999999999999727
-0.08,1.0306073313980206,560.4318571822878,-0.07999504465110441,7.484202981744391e-10,1.000000000000053,0.9999999999999726
-0.08,1.0306073313980206,565.6222558815047,-0.07999505217785723,7.464851940169094e-10,1.0000000000000617,0.9999999999999728
-0.08,1.0306073313980206,570.8607250790558,-0.07999505970168479,7.44515281424637e-10,1.000000000000071,0.9999999999999725
-0.08,1.0306073313980206,576.1477099763489,-0.07999506722432845,7.425134443021105e-10,1.0000000000000808,0.9999999999999728
-0.08,1.0306073313980206,581.4836598979924,-0.07999507474791312,7.40482590963043e-10,1.0000000000000906,0.9999999999999726
-0.08,1.0306073313980206,586.8690283299819,-0.07999508227492816,7.38425626931151e-10,1.000000000000101,0.9999999999999729
-0.08,1.0306073313980206,592.3042729582397,-0.07999508980820591,7.363454331681512e-10,1.0000000000001115,0.9999999999999727
-0.08,1.0306073313980206,597.7898557075149,-0.07999509735089855,7.342448382513216e-10,1.000000000000122,0.9999999999999729
-0.08,1.0306073313980206,603.3262427806361,-0.07999510490645312,7.32126598900621e-10,1.0000000000001321,0.9999999999999728
-0.08,1.0306073313980206,608.913904698138,-0.07999511247858464,7.299933791871014e-10,1.0000000000001428,0.9999999999999729
-0.08,1.0306073313980206,614.5533163382452,-0.07999512007124848,7.27847726931128e-10,1.0000000000001532,0.999999999999973
-0.08,1.0306073313980206,620.2449569772324,-0.07999512768861129,7.256920637075226e-10,1.0000000000001634,0.9999999999999735
-0.08,1.0306073313980206,625.9893103301563,-0.07999513533502113,7.235286619533093e-10,1.0000000000001734,0.9999999999999734
-0.08,1.0306073313980206,631.7868645919671,-0.07999514301497715,7.213596355627508e-10,1.000000000000183,0.9999999999999732
-0.08,1.0306073313980206,637.638112478994,-0.07999515073309861,7.191869259654608e-10,1.0000000000001923,0.9999999999999735
-0.08,1.0306073313980206,643.5435512708254,-0.07999515849409422,7.170122933402842e-10,1.0000000000002014,0.9999999999999736
-0.08,1.0306073313980206,649.5036828525664,-0.07999516630273085,7.14837307089286e-10,1.0000000000002103,0.999999999999974
-0.08,1.0306073313980206,655.5190137574945,-0.07999517416380303,7.126633431569345e-10,1.000000000000218,0.9999999999999737
-0.08,1.0306073313980206,661.5900552101086,-0.07999518208210274,7.104915759024286e-10,1.0000000000002256,0.9999999999999738
-0.08,1.0306073313980206,667.7173231695753,-0.07999519006238959,7.083229748099403e-10,1.0000000000002325,0.9999999999999739
-0.08,1.0306073313980206,673.9013383735801,-0.07999519810936218,7.061583123024375e-10,1.0000000000002387,0.9999999999999739
-0.08,1.0306073313980206,680.1426263825831,-0.07999520622763014,7.039981510287335e-10,1.0000000000002451,0.999999999999974
-0.08,1.0306073313980206,686.4417176244827,-0.0799952144216873,7.018428591474737e-10,1.0000000000002498,0.999999999999974
-0.08,1.0306073313980206,692.7991474396972,-0.07999522269588628,6.996926093117723e-10,1.0000000000002542,0.9999999999999746
-0.08,1.0306073313980206,699.215456126661,-0.07999523105441424,6.975473806607552e-10,1.0000000000002582,0.999999999999974
-0.08,1.0306073313980206,705.6911889877423,-0.07999523950127006,6.954069725351405e-10,1.0000000000002616,0.9999999999999745
-0.08,1.0306073313980206,712.2268963755895,-0.07999524804024342,6.932710080726365e-10,1.0000000000002638,0.9999999999999742
-0.08,1.0306073313980206,718.8231337398989,-0.07999525667489511,6.911389428393655e-10,1.0000000000002658,0.9999999999999746
-0.08,1.0306073313980206,725.4804616746267,-0.07999526540853935,6.890100769923834e-10,1.0000000000002665,0.9999999999999744
-0.08,1.0306073313980206,732.1994459656265,-0.07999527424422766,6.868835661448817e-10,1.000000000000267,0.9999999999999746
-0.08,1.0306073313980206,738.9806576387373,-0.07999528318473484,6.847584307003232e-10,1.000000000000267,0.9999999999999746
-0.08,1.0306073313980206,745.8246730083114,-0.07999529223254628,6.826335685549284e-10,1.0000000000002656,0.9999999999999745
-0.08,1.0306073313980206,752.7320737261965,-0.07999530138984777,6.80507769623115e-10,1.0000000000002642,0.9999999999999747
-0.08,1.0306073313980206,759.7034468311634,-0.0799953106585167,6.783797267330084e-10,1.0000000000002618,0.9999999999999745
-0.08,1.0306073313980206,766.7393847988028,-0.07999532004011521,6.762480497240783e-10,1.000000000000259,0.9999999999999747
-0.08,1.0306073313980206,773.8404855918722,-0.07999532953588531,6.741112775548099e-10,1.0000000000002551,0.9999999999999746
-0.08,1.0306073313980206,781.0073527111184,-0.07999533914674577,6.719678933042173e-10,1.000000000000251,0.9999999999999745
-0.08,1.0306073313980206,788.2405952465664,-0.07999534887329063,6.698163364304008e-10,1.0000000000002462,0.9999999999999742
-0.08,1.0306073313980206,795.5408279292831,-0.07999535871578962,6.67655016119877e-10,1.0000000000002414,0.9999999999999744
-0.08,1.0306073313980206,802.9086711836236,-0.07999536867419031,6.654823243108093e-10,1.0000000000002356,0.9999999999999746
-0.08,1.0306073313980206,810.3447511799583,-0.07999537874812156,6.632966481433388e-10,1.0000000000002294,0.9999999999999744
-0.08,1.0306073313980206,817.8496998878867,-0.07999538893689892,6.610963824881861e-10,1.0000000000002232,0.9999999999999746
-0.08,1.0306073313980206,825.4241551299497,-0.07999539923953122,6.588799417094862e-10,1.0000000000002163,0.9999999999999742
-0.08,1.0306073313980206,833.0687606358348,-0.07999540965472868,6.566457699181465e-10,1.0000000000002087,0.9999999999999744
-0.08,1.0306073313980206,840.7841660970844,-0.07999542018091238,6.543923539440694e-10,1.0000000000002014,0.9999999999999739
-0.08,1.0306073313980206,848.5710272223139,-0.07999543081622479,6.521182302516489e-10,1.0000000000001936,0.9999999999999742
-0.08,1.0306073313980206,856.4300057929329,-0.07999544155854162,6.498219988976145e-10,1.0000000000001854,0.9999999999999739
-0.08,1.0306073313980206,864.3617697193946,-0.07999545240548457,6.475023277441532e-10,1.0000000000001772,0.999999999999974
-0.08,1.0306073313980206,872.3669930979535,-0.07999546335443525,6.451579627508454e-10,1.000000000000169,0.9999999999999739
-0.08,1.0306073313980206,880.4463562679581,-0.07999547440254963,6.427877366998622e-10,1.0000000000001603,0.999999999999974
-0.08,1.0306073313980206,888.6005458696701,-0.07999548554677353,6.403905713410099e-10,1.000000000000152,0.999999999999974
-0.08,1.0306073313980206,896.8302549026189,-0.07999549678385867,6.379654908878441e-10,1.0000000000001437,0.999999999999974
-0.08,1.0306073313980206,905.1361827845002,-0.07999550811037924,6.355116170526759e-10,1.000000000000135,0.9999999999999739
-0.08,1.0306073313980206,913.5190354106156,-0.07999551952274894,6.330281838961828e-10,1.0000000000001263,0.9999999999999739
-0.08,1.0306073313980206,921.9795252138629,-0.07999553101723855,6.305145347160021e-10,1.0000000000001181,0.9999999999999738
-0.08,1.0306073313980206,930.5183712252855,-0.07999554258999363,6.279701253514251e-10,1.0000000000001097,0.9999999999999739
-0.08,1.0306073313980206,939.1362991351807,-0.07999555423705226,6.253945317997794e-10,1.0000000000001017,0.999999999999974
-0.08,1.0306073313980206,947.8340413547725,-0.07999556595436344,6.227874443848777e-10,1.0000000000000937,0.9999999999999738
-0.08,1.0306073313980206,956.6123370784595,-0.07999557773780468,6.20148673175031e-10,1.0000000000000857,0.9999999999999744
-0.08,1.0306073313980206,965.4719323466358,-0.07999558958320045,6.174781468562648e-10,1.0000000000000786,0.9999999999999739
-0.08,1.0306073313980206,974.4135801090915,-0.07999560148633947,6.147759133103843e-10,1.000000000000071,0.9999999999999741
-0.08,1.0306073313980206,983.4380402890077,-0.07999561344299293,6.120421369898298e-10,1.0000000000000642,0.9999999999999742
-0.08,1.0306073313980206,992.5460798475383,-0.07999562544893131,6.092770980354988e-10,1.000000000000058,0.9999999999999742
-0.08,1.0306073313980206,1001.7384728489908,-0.07999563749994161,6.064811892796769e-10,1.0000000000000513,0.9999999999999742
-0.08,1.0306073313980206,1011.0160005266158,-0.0799956495918438,6.036549167422738e-10,1.0000000000000455,0.9999999999999745
-0.08,1.0306073313980206,1020.3794513489946,-0.07999566172050691,6.007988900621184e-10,1.00000000000004,0.9999999999999742
-0.08,1.0306073313980206,1029.8296210870567,-0.07999567388186464,5.979138264906365e-10,1.0000000000000349,0.9999999999999747
-0.08,1.0306073313980206,1039.3673128817031,-0.07999568607193021,5.950005416173354e-10,1.0000000000000298,0.9999999999999748
-0.08,1.0306073313980206,1048.993337312066,-0.07999569828681063,5.92059945395417e-10,1.0000000000000253,0.9999999999999749
-0.08,1.0306073313980206,1058.7085124643972,-0.07999571052272064,5.890930415323389e-10,1.0000000000000215,0.9999999999999749
-0.08,1.0306073313980206,1068.5136640015942,-0.07999572277599534,5.86100916359424e-10,1.0000000000000182,0.999999999999975
-0.08,1.0306073313980206,1078.4096252333723,-0.0799957350431026,5.830847387561088e-10,1.0000000000000153,0.9999999999999754
-0.08,1.0306073313980206,1088.3972371870843,-0.07999574732065448,5.800457528805138e-10,1.0000000000000124,0.9999999999999751
-0.08,1.0306073313980206,1098.4773486791944,-0.0799957596054179,5.769852707954866e-10,1.0000000000000104,0.9999999999999751
-0.08,1.0306073313980206,1108.650816387419,-0.07999577189432441,5.739046687983609e-10,1.0000000000000089,0.9999999999999758
-0.08,1.0306073313980206,1118.9185049235327,-0.07999578418447946,5.708053818956406e-10,1.0000000000000078,0.9999999999999757
-0.08,1.0306073313980206,1129.2812869068487,-0.07999579647317043,5.676888952082981e-10,1.0000000000000069,0.9999999999999759
-0.08,1.0306073313980206,1139.740043038382,-0.07999580875787402,5.645567407820426e-10,1.0000000000000062,0.999999999999976
-0.08,1.0306073313980206,1150.2956621756925,-0.07999582103626295,5.61410489149368e-10,1.0000000000000064,0.9999999999999766
-0.08,1.0306073313980206,1160.9490414084332,-0.07999583330621138,5.5825174508422e-10,1.000000000000007,0.9999999999999767
-0.08,1.0306073313980206,1171.7010861345848,-0.0799958455658001,5.550821403818497e-10,1.0000000000000084,0.999999999999977
-0.08,1.0306073313980206,1182.5527101374053,-0.07999585781332035,5.519033283940945e-10,1.0000000000000098,0.999999999999977
-0.08,1.0306073313980206,1193.5048356630894,-0.07999587004727707,5.487169781662274e-10,1.0000000000000115,0.9999999999999772
-0.08,1.0306073313980206,1204.55839349915,-0.07999588226639127,5.455247678747491e-10,1.0000000000000135,0.9999999999999775
-0.08,1.0306073313980206,1215.7143230535173,-0.07999589446960187,5.42328380372334e-10,1.0000000000000164,0.9999999999999776
-0.08,1.0306073313980206,1226.9735724343827,-0.07999590665606619,5.391294967398043e-10,1.0000000000000195,0.9999999999999781
-0.08,1.0306073313980206,1238.33709853077,-0.07999591882516033,5.35929791312167e-10,1.0000000000000229,0.9999999999999782
-0.08,1.0306073313980206,1249.8058670938608,-0.0799959309764783,5.32730926388135e-10,1.0000000000000262,0.9999999999999787
-0.08,1.0306073313980206,1261.3808528190714,-0.07999594310983088,5.295345471890766e-10,1.0000000000000306,0.999999999999979
-0.08,1.0306073313980206,1273.0630394288874,-0.07999595522524347,5.263422771797069e-10,1.000000000000035,0.999999999999979
-0.08,1.0306073313980206,1284.8534197564702,-0.0799959673229533,5.231557135488162e-10,1.0000000000000395,0.9999999999999795
-0.08,1.0306073313980206,1296.7529958300336,-0.07999597940340636,5.199764228343213e-10,1.0000000000000444,0.9999999999999793
-0.08,1.0306073313980206,1308.7627789579997,-0.07999599146725321,5.168059360439777e-10,1.0000000000000497,0.9999999999999799
-0.08,1.0306073313980206,1320.883789814951,-0.07999600351534475,5.136457466994135e-10,1.000000000000055,0.9999999999999803
-0.08,1.0306073313980206,1333.1170585283726,-0.07999601554872701,5.10497305151243e-10,1.0000000000000608,0.9999999999999805
-0.08,1.0306073313980206,1345.4636247661995,-0.07999602756863576,5.07362016226008e-10,1.000000000000067,0.9999999999999807
-0.08,1.0306073313980206,1357.924537825179,-0.07999603957649042,5.042412364775493e-10,1.0000000000000726,0.999999999999981
-0.08,1.0306073313980206,1370.500856720038,-0.07999605157388776,5.011362703585302e-10,1.000000000000079,0.9999999999999813
-0.08,1.0306073313980206,1383.1936502734964,-0.07999606356259495,4.980483683147535e-10,1.0000000000000853,0.9999999999999812
-0.08,1.0306073313980206,1396.0039972070938,-0.07999607554454252,4.949787238418606e-10,1.0000000000000917,0.9999999999999819
-0.08,1.0306073313980206,1408.9329862328714,-0.07999608752181661,4.919284722509984e-10,1.0000000000000984,0.9999999999999822
-0.08,1.0306073313980206,1421.9817161458968,-0.07999609949665137,4.888986888003184e-10,1.000000000000105,0.9999999999999823
-0.08,1.0306073313980206,1435.1512959176512,-0.07999611147142079,4.858903864812151e-10,1.0000000000001117,0.9999999999999827
-0.08,1.0306073313980206,1448.4428447902692,-0.0799961234486302,4.829045130521914e-10,1.0000000000001186,0.999999999999983
-0.08,1.0306073313980206,1461.8574923716699,-0.07999613543090797,4.799419551641815e-10,1.0000000000001252,0.9999999999999832
-0.08,1.0306073313980206,1475.3963787315492,-0.07999614742099669,4.770035316949037e-10,1.0000000000001323,0.9999999999999836
-0.08,1.0306073313980206,1489.0606544982772,-0.07999615942174428,4.740899967909889e-10,1.0000000000001388,0.9999999999999839
-0.08,1.0306073313980206,1502.8514809566846,-0.0799961714360951,4.712020373071348e-10,1.0000000000001457,0.9999999999999841
-0.08,1.0306073313980206,1516.7700301467542,-0.07999618346708084,4.683402742740537e-10,1.0000000000001525,0.9999999999999845
-0.08,1.0306073313980206,1530.8174849632353,-0.0799961955178115,4.655052622589059e-10,1.000000000000159,0.9999999999999846
-0.08,1.0306073313980206,1544.9950392561707,-0.07999620759146615,4.62697488039285e-10,1.0000000000001659,0.9999999999999851
-0.08,1.0306073313980206,1559.3038979323546,-0.07999621969128391,4.599173753172057e-10,1.000000000000172,0.9999999999999852
-0.08,1.0306073313980206,1573.7452770577393,-0.07999623182055476,4.571652805012039e-10,1.0000000000001785,0.9999999999999855
-0.08,1.0306073313980206,1588.3204039607824,-0.07999624398261067,4.544414943539047e-10,1.0000000000001847,0.9999999999999858
-0.08,1.0306073313980206,1603.0305173367537,-0.07999625618081628,4.517462468344194e-10,1.0000000000001907,0.999999999999986
-0.08,1.0306073313980206,1617.8768673530133,-0.07999626841856042,4.490797031432625e-10,1.000000000000197,0.9999999999999865
-0.08,1.0306073313980206,1632.8607157552478,-0.07999628069924714,4.464419683980645e-10,1.0000000000002027,0.9999999999999866
-0.08,1.0306073313980206,1647.9833359747165,-0.079996293026287,4.438330858448573e-10,1.0000000000002083,0.9999999999999868
-0.08,1.0306073313980206,1663.2460132364645,-0.07999630540308889,4.412530418407689e-10,1.0000000000002138,0.9999999999999868
-0.08,1.0306073313980206,1678.6500446685554,-0.07999631783305144,4.3870176572558836e-10,1.0000000000002192,0.9999999999999873
-0.08,1.0306073313980206,1694.1967394123092,-0.07999633031955516,4.3617913052357006e-10,1.000000000000224,0.9999999999999872
-0.08,1.0306073313980206,1709.8874187335668,-0.07999634286595432,4.3368495651724667e-10,1.0000000000002292,0.9999999999999878
-0.08,1.0306073313980206,1725.7234161349695,-0.07999635547556946,4.312190117447109e-10,1.000000000000234,0.9999999999999881
-0.08,1.0306073313980206,1741.706077469303,-0.0799963681516799,4.28781015442199e-10,1.000000000000238,0.9999999999999885
-0.08,1.0306073313980206,1757.8367610538646,-0.07999638089751644,4.263706383224997e-10,1.0000000000002423,0.9999999999999885
-0.08,1.0306073313980206,1774.1168377859105,-0.07999639371625455,4.2398750552510873e-10,1.0000000000002462,0.9999999999999887
-0.08,1.0306073313980206,1790.547691259161,-0.07999640661100763,4.2163119970492797e-10,1.0000000000002498,0.9999999999999887
-0.08,1.0306073313980206,1807.1307178813868,-0.0799964195848206,4.1930126010866694e-10,1.0000000000002534,0.9999999999999891
-0.08,1.0306073313980206,1823.867326993091,-0.07999643264066375,4.169971896373638e-10,1.0000000000002565,0.9999999999999896
-0.08,1.0306073313980206,1840.7589409872808,-0.07999644578142705,4.1471845242468895e-10,1.0000000000002596,0.9999999999999896
-0.08,1.0306073313980206,1857.8069954303487,-0.07999645900991426,4.124644789352476e-10,1.0000000000002625,0.9999999999999895
-0.08,1.0306073313980206,1875.012939184082,-0.07999647232883818,4.102346658432123e-10,1.0000000000002647,0.99999999999999
-0.08,1.0306073313980206,1892.378234528796,-0.07999648574081523,4.080283821992168e-10,1.0000000000002667,0.9999999999999899
-0.08,1.0306073313980206,1909.9043572876058,-0.07999649924836107,4.058449671864035e-10,1.000000000000269,0.9999999999999901
-0.08,1.0306073313980206,1927.592796951861,-0.0799965128538861,4.0368373497770597e-10,1.0000000000002702,0.9999999999999905
-0.08,1.0306073313980206,1945.4450568077177,-0.07999652655969156,4.0154397735413e-10,1.0000000000002713,0.9999999999999903
-0.08,1.0306073313980206,1963.4626540639163,-0.07999654036796569,3.994249637639108e-10,1.0000000000002727,0.9999999999999908
-0.08,1.0306073313980206,1981.6471199807077,-0.07999655428078034,3.973259459558172e-10,1.0000000000002733,0.9999999999999908
-0.08,1.0306073313980206,2000.0,-0.07999656830008775,3.952461585055875e-10,1.0000000000002738,0.999999999999991
-0.04,1.0318250688647954,0.0,0.0,0.0,0.0,1.0318250688647954
-0.04,1.0318250688647954,0.05,-0.0011898078666236595,0.023404919167152607,0.02969524538279718,1.031340839208327
-0.04,1.0318250688647954,0.1,-0.004605131699752184,0.044534116938015254,0.05927637370107999,1.0308566335240732
-0.04,1.0318250688647954,0.15000000000000002,-0.01002545917872468,0.06352798818421701,0.08864232957764064,1.0303725110169446
-0.04,1.0318250688647954,0.2,-0.017244073518092224,0.08052201554717167,0.11770514047354151,1.0298885658125578
-0.04,1.0318250688647954,0.25,-0.02606755333444378,0.09564660156273251,0.14638872402536027,1.0294049232619555
-0.04,1.0318250688647954,0.30000000000000004,-0.03631525843592464,0.10902695055570524,0.1746277871108474,1.028921736414606
-0.04,1.0318250688647954,0.35000000000000003,-0.04781880592741207,0.12078299490390373,0.20236680973487242,1.0284391826449981
-0.04,1.0318250688647954,0.4,-0.060421540716557885,0.13102936066687898,0.22955910753822178,1.0279574604236175
-0.04,1.0318250688647954,0.45,-0.07397800522693393,0.13987536795255848,0.2561659673264255,1.0274767862272418
-0.04,1.0318250688647954,0.5,-0.08835340973441984,0.14742506175994646,0.2821558505156322,1.0269973915867046
-0.04,1.0318250688647954,0.55,-0.10342310703421928,0.15377726938197459,0.3075036598142208,1.026519520272648
-0.04,1.0318250688647954,0.6000000000000001,-0.11907207603165224,0.1590256807707209,0.33219006482720465,1.0260434256211821
-0.04,1.0318250688647954,0.65,-0.13519441052356537,0.163258948587795,0.3562008825779338,1.0255693680024653
-0.04,1.0318250688647954,0.7000000000000001,-0.1516928240163793,0.1665608049319656,0.3795265092239299,1.0250976124354065
-0.04,1.0318250688647954,0.75,-0.16847816108296593,0.1690101920268422,0.40216139947934304,1.024628426351931
-0.04,1.0318250688647954,0.8,-0.18546892815026159,0.1706814043801996,0.42410359048232704,1.0241620775135531
-0.04,1.0318250688647954,0.8500000000000001,-0.2025908343904044,0.17164424018616714,0.44535426703288616,1.0236988320827367
-0.04,1.0318250688647954,0.9,-0.2197763501403434,0.17196415993654943,0.46591736531777284,1.023238952850299
-0.04,1.0318250688647954,0.9500000000000001,-0.23696428321046872,0.17170245043116572,0.48579921239433793,1.022782697619608
-0.04,1.0318250688647954,1.0,-0.2540993663930713,0.17091639255662952,0.505008198868514,1.0223303177469008
-0.04,1.0318250688647954,1.05,-0.2711318687079295,0.16965943137564196,0.5235544823450164,1.021882056836227
-0.04,1.0318250688647954,1.1,-0.2880172192876451,0.16798134724685648,0.5414497193617562,1.021438149586497
-0.04,1.0318250688647954,1.1500000000000001,-0.30471564750109176,0.16592842682893366,0.558706823658692,1.020998820786919
-0.04,1.0318250688647954,1.2000000000000002,-0.3211918453046664,0.16354363297039165,0.5753397487506556,1.020564284456384
-0.04,1.0318250688647954,1.25,-0.3374146419964096,0.16086677262126978,0.5913632928929182,1.0201347431214824
-0.04,1.0318250688647954,1.3,-0.353356695009267,0.15793466200840944,0.6067929246476578,1.019710387226931
-0.04,1.0318250688647954,1.35,-0.36899420154407614,0.1547812884311447,0.6216446273658399,1.0192913946717275
-0.04,1.0318250688647954,1.4000000000000001,-0.3843066237080726,0.1514379681395449,0.6359347610034698,1.0188779304638473
-0.04,1.0318250688647954,1.4500000000000002,-0.39927642673191344,0.14793349983966297,0.6496799397961618,1.0184701464857167
-0.04,1.0318250688647954,1.5,-0.41388883562935336,0.14429431345320878,0.6628969244123667,1.018068181362549
-0.04,1.0318250688647954,1.55,-0.4281316073694349,0.14054461384103653,0.6756025272963341,1.0176721604254495
-0.04,1.0318250688647954,1.6,-0.4419948140535348,0.1367065192651472,0.6878135300024002,1.0172821957610874
-0.04,1.0318250688647954,1.6500000000000001,-0.45547063955046785,0.13280019442025567,0.6995466114087566,1.0168983863396897
-0.04,1.0318250688647954,1.7000000000000002,-0.46855319181552585,0.1288439779235236,0.7108182857785135,1.0165208182133096
-0.04,1.0318250688647954,1.75,-0.48123832764799485,0.12485450420306635,0.7216448497117975,1.0161495647764727
-0.04,1.0318250688647954,1.8,-0.49352348710452276,0.12084681976647646,0.7320423371066853,1.0157846870815364
-0.04,1.0318250688647954,1.85,-0.5054075390772554,0.11683449386573916,0.7420264813166901,1.0154262342013691
-0.04,1.0318250688647954,1.9000000000000001,-0.5168906395353247,0.11282972360953064,0.7516126837570142,1.0150742436323124
-0.04,1.0318250688647954,1.9500000000000002,-0.527974100569814,0.10884343360477607,0.7608159882723896,1.0147287417308317
-0.04,1.0318250688647954,2.0,-0.5386602677086638,0.1048853702329726,0.7696510606372516,1.0143897441775902
-0.04,1.0318250688647954,2.0500000000000003,-0.5489524054378453,0.1009641906853133,0.7781321726137179,1.0140572564631325
-0.04,1.0318250688647954,2.1,-0.5588545921987447,0.09708754689767136,0.7862731900432615,1.0137312743897684
-0.04,1.0318250688647954,2.15,-0.5683716247067734,0.09326216454206283,0.7940875644945206,1.0134117845847483
-0.04,1.0318250688647954,2.2,-0.5775089298069971,0.08949391724308145,0.8015883280331707,1.013098765020217
-0.04,1.0318250688647954,2.25,-0.5862724824596859,0.08578789619546841,0.8087880907207132,1.0127921855358915
-0.04,1.0318250688647954,2.3000000000000003,-0.5946687299490445,0.0821484753641538,0.8156990404869521,1.012492008360787
-0.04,1.0318250688647954,2.35,-0.60270452297272,0.07857937245236485,0.8223329450556491,1.0121981886307467
-0.04,1.0318250688647954,2.4000000000000004,-0.6103870534454003,0.07508370582664241,0.8287011556345807,1.0119106748989202
-0.04,1.0318250688647954,2.45,-0.6177237978952042,0.07166404758888228,0.8348146121104786,1.0116294096367153
-0.04,1.0318250688647954,2.5,-0.6247224653561332,0.06832247298453568,0.8406838495164599,1.0113543297230854
-0.04,1.0318250688647954,2.5500000000000003,-0.6313909494558144,0.06506060633360856,0.8463190055644858,1.0110853669203266
-0.04,1.0318250688647954,2.6,-0.6377372849971922,0.06187966366800097,0.8517298290580609,1.0108224483348758
-0.04,1.0318250688647954,2.6500000000000004,-0.6437696091891413,0.05878049225532511,0.8569256890209307,1.0105654968618707
-0.04,1.0318250688647954,2.7,-0.6494961271023466,0.05576360718534095,0.8619155843961145,1.0103144316124935
-0.04,1.0318250688647954,2.75,-0.6549250805658906,0.05282922519020783,0.8667081541866237,1.0100691683233753
-0.04,1.0318250688647954,2.8000000000000003,-0.6600647198810587,0.04997729586396162,0.8713116879246843,1.0098296197475056
-0.04,1.0318250688647954,2.85,-0.6649232781799788,0.04720753044037722,0.8757341363703499,1.0095956960263244
-0.04,1.0318250688647954,2.9000000000000004,-0.6695089485643715,0.04451942828208586,0.8799831223530215,1.0093673050427887
-0.04,1.0318250688647954,2.95,-0.6738298641064457,0.04191230122760215,0.8840659516806869,1.0091443527554116
-0.04,1.0318250688647954,3.0,-0.6778940805051125,0.03938529593667708,0.8879896240518336,1.0089267435133593
-0.04,1.0318250688647954,3.0500000000000003,-0.6817095609516027,0.03693741436797813,0.8917608439140396,1.008714380352844
-0.04,1.0318250688647954,3.1,-0.6852841627541714,0.0345675325164876,0.8953860312214609,1.0085071652751092
-0.04,1.0318250688647954,3.1500000000000004,-0.6886256254703795,0.03227441753134524,0.8988713320507457,1.008304999506423
-0.04,1.0318250688647954,3.2,-0.6917415605236111,0.03005674332832798,0.902222629041444,1.0081077837405357
-0.04,1.0318250688647954,3.25,-0.6946394423793946,0.027913104804877097,0.9054455516327595,1.0079154183641237
-0.04,1.0318250688647954,3.3000000000000003,-0.697326601290208,0.025842030759566797,0.9085454860735663,1.0077278036657928
-0.04,1.0318250688647954,3.35,-0.699810217466943,0.02384199561208613,0.9115275851870985,1.0075448400292455
-0.04,1.0318250688647954,3.4000000000000004,-0.7020973164206776,0.021911430014118514,0.9143967778756408,1.0073664281112547
-0.04,1.0318250688647954,3.45,-0.7041947652117966,0.0200487304359381,0.9171577783540805,1.00719246900509
-0.04,1.0318250688647954,3.5,-0.7061092694347624,0.018252267808133552,0.9198150951041771,1.0070228643900638
-0.04,1.0318250688647954,3.5500000000000003,-0.7078473708885011,0.016520395292696815,0.9223730395441392,1.0068575166678604
-0.04,1.0318250688647954,3.6,-0.7094154459622262,0.014851455252815358,0.9248357344103812,1.0066963290863398
-0.04,1.0318250688647954,3.6500000000000004,-0.7108197047703428,0.013243785486096381,0.9272071218503203,1.0065392058514455
-0.04,1.0318250688647954,3.7,-0.7120661910128026,0.011695724781605361,0.9294909712267685,1.0063860522279071
-0.04,1.0318250688647954,3.75,-0.7131607824637599,0.010205617856977312,0.931690886635925,1.0062367746293623
-0.04,1.0318250688647954,3.8000000000000003,-0.7141091919464785,0.008771819727928683,0.9338103141421777,1.006091280698548
-0.04,1.0318250688647954,3.85,-0.7149169686570171,0.007392699558750272,0.9358525487339613,1.0059494793781523
-0.04,1.0318250688647954,3.9000000000000004,-0.7155894997452047,0.006066644038806037,0.9378207410058168,1.005811280972947
-0.04,1.0318250688647954,3.95,-0.716132012121353,0.004792060326714167,0.9397179035724607,1.0056765972037611
-0.04,1.0318250688647954,4.0,-0.7165495745021684,0.00356737860075966,0.9415469172212875,1.0055453412538455
-0.04,1.0318250688647954,4.05,-0.7168470997225906,0.0023910542511758003,0.9433105368101812,1.005417427808167
-0.04,1.0318250688647954,4.1000000000000005,-0.7170293473226964,0.001261569747226398,0.9450113969178308,1.0052927730861416
-0.04,1.0318250688647954,4.15,-0.7171009263847615,0.00017743620949519883,0.9466520172540186,1.0051712948682778
-0.04,1.0318250688647954,4.2,-0.7170662985639499,-0.000862805284574548,0.9482348078375133,1.0050529125172072
-0.04,1.0318250688647954,4.25,-0.7169297812411456,-0.0018605826360657699,0.9497620739493028,1.0049375469935333
-0.04,1.0318250688647954,4.3,-0.7166955507328481,-0.0028172918771554568,0.9512360208689468,1.0048251208669152
-0.04,1.0318250688647954,4.3500000000000005,-0.7163676455157372,-0.0037342965190671124,0.9526587584018564,1.004715558322779
-0.04,1.0318250688647954,4.4,-0.7159499694518136,-0.00461292707541983,0.9540323052052292,1.0046087851650274
-0.04,1.0318250688647954,4.45,-0.7154462950228194,-0.005454480742661324,0.9553585929203401,1.004504728815105
-0.04,1.0318250688647954,4.5,-0.7148602665928732,-0.0062602212208150475,0.9566394701187235,1.004403318307725
-0.04,1.0318250688647954,4.55,-0.714195403714734,-0.0070313786591945805,0.9578767060697172,1.0043044842835958
-0.04,1.0318250688647954,4.6000000000000005,-0.7134551044817175,-0.0077691497130488035,0.9590719943365998,1.0042081589794074
-0.04,1.0318250688647954,4.65,-0.7126426489109717,-0.008474697698313058,0.9602269562084582,1.0041142762153719
-0.04,1.0318250688647954,4.7,-0.7117612023309692,-0.009149152832765491,0.9613431439746641,1.0040227713805492
-0.04,1.0318250688647954,4.75,-0.7108138187411219,-0.009793612552929062,0.9624220440486995,1.0039335814162123
-0.04,1.0318250688647954,4.800000000000001,-0.7098034441150621,-0.01040914189702765,0.9634650799478134,1.0038466447974548
-0.04,1.0318250688647954,4.8500000000000005,-0.7087329196293115,-0.01099677394519848,0.9644736151348404,1.0037619015132568
-0.04,1.0318250688647954,4.9,-0.7076049848117619,-0.011557510308987882,0.9654489557282432,1.003679293045193
-0.04,1.0318250688647954,4.95,-0.706422280615604,-0.01209232166291373,0.9663923530862806,1.0035987623449492
-0.04,1.0318250688647954,5.0,-0.705187352431017,-0.012602148311570142,0.9673050062709545,1.0035202538108277
-0.04,1.0318250688647954,5.050000000000001,-0.7039026530479368,-0.013087900786381784,0.9681880643971951,1.0034437132633676
-0.04,1.0318250688647954,5.1000000000000005,-0.7025705455793149,-0.013550460466691594,0.9690426288725256,1.0033690879202393
-0.04,1.0318250688647954,5.15,-0.701193306347356,-0.013990680220393478,0.9698697555322386,1.0032963263705235
-0.04,1.0318250688647954,5.2,-0.6997731277279142,-0.0144093850598039,0.9706704566749235,1.0032253785484961
-0.04,1.0318250688647954,5.25,-0.6983121209426401,-0.014807372808909808,0.9714457030029542,1.0031561957070263
-0.04,1.0318250688647954,5.300000000000001,-0.6968123187860749,-0.015185414778538431,0.9721964254723944,1.0030887303906868
-0.04,1.0318250688647954,5.3500000000000005,-0.6952756782758774,-0.015544256446367675,0.9729235170565451,1.0030229364086582
-0.04,1.0318250688647954,5.4,-0.6937040832181782,-0.015884618139039592,0.9736278344272031,1.0029587688075172
-0.04,1.0318250688647954,5.45,-0.6920993466853336,-0.016207195713952946,0.9743101995575135,1.0028961838439723
-0.04,1.0318250688647954,5.5,-0.6904632134086625,-0.01651266123859577,0.9749714012501168,1.002835138957626
-0.04,1.0318250688647954,5.550000000000001,-0.6887973620928188,-0.01680166366553756,0.9756121965941463,1.0027755927438053
-0.04,1.0318250688647954,5.6000000000000005,-0.6871034076605341,-0.017074829501434814,0.9762333123544464,1.0027175049265344
-0.04,1.0318250688647954,5.65,-0.6853829034363538,-0.017332763468613566,0.9768354462962514,1.0026608363316871
-0.04,1.0318250688647954,5.7,-0.6836373432760503,-0.017576049157983657,0.9774192684484023,1.0026055488603598
-0.04,1.0318250688647954,5.75,-0.6818681636453572,-0.017805249672210133,0.9779854223080212,1.0025516054625112
-0.04,1.0318250688647954,5.800000000000001,-0.6800767456483767,-0.018020908258222747,0.9785345259894664,1.0024989701108973
-0.04,1.0318250688647954,5.8500000000000005,-0.678264417003215,-0.018223548928284764,0.9790671733202218,1.0024476077753404
-0.04,1.0318250688647954,5.9,-0.6764324539607295,-0.018413677068969563,0.9795839348862511,1.002397484397343
-0.04,1.0318250688647954,5.95,-0.6745820831618597,-0.018591780037508828,0.9800853590292491,1.002348566865086
-0.04,1.0318250688647954,6.0,-0.672714483429871,-0.018758327745080874,0.9805719727980943,1.002300822988824
-0.04,1.0318250688647954,6.050000000000001,-0.6708307874955739,-0.01891377322670128,0.9810442828566754,1.002254221476688
-0.04,1.0318250688647954,6.1000000000000005,-0.6689320836558016,-0.019058553197462844,0.9815027763502033,1.0022087319109287
-0.04,1.0318250688647954,6.15,-0.6670194173675666,-0.019193088594947134,0.9819479217319779,1.0021643247245882
-0.04,1.0318250688647954,6.2,-0.6650937927820426,-0.019317785107696838,0.9823801695525117,1.0021209711786314
-0.04,1.0318250688647954,6.25,-0.6631561742235086,-0.019433033689696802,0.9827999532127957,1.002078643339526
-0.04,1.0318250688647954,6.300000000000001,-0.6612074876185866,-0.01953921106086411,0.9832076896834359,1.0020373140572956
-0.04,1.0318250688647954,6.3500000000000005,-0.6592486218805298,-0.019636680193591643,0.9836037801912795,1.0019969569440335
-0.04,1.0318250688647954,6.4,-0.6572804302522312,-0.019725790785430363,0.9839886108750785,1.001957546352889
-0.04,1.0318250688647954,6.45,-0.6553037316102173,-0.019806879718028816,0.9843625534116666,1.0019190573575234
-0.04,1.0318250688647954,6.5,-0.6533193117304971,-0.019880271502479077,0.9847259656140589,1.0018814657320436
-0.04,1.0318250688647954,6.550000000000001,-0.6513279245159604,-0.019946278711244027,0.9850791920027849,1.0018447479313939
-0.04,1.0318250688647954,6.6000000000000005,-0.6493302931842573,-0.020005202396863684,0.9854225643517526,1.0018088810722288
-0.04,1.0318250688647954,6.65,-0.647327111414782,-0.02005733249765765,0.9857564022098179,1.0017738429142389
-0.04,1.0318250688647954,6.7,-0.6453190444535577,-0.020102948230658047,0.986081013399231,1.0017396118419482
-0.04,1.0318250688647954,6.75,-0.6433067301753645,-0.020142318472020915,0.9863966944920308,1.0017061668469593
-0.04,1.0318250688647954,6.800000000000001,-0.6412907801032285,-0.02017570212517661,0.9867037312654384,1.0016734875106583
-0.04,1.0318250688647954,6.8500000000000005,-0.6392717803862674,-0.020203348476988753,0.9870023991372211,1.0016415539873555
-0.04,1.0318250688647954,6.9,-0.6372502927377098,-0.020225497542199555,0.9872929635819816,1.0016103469878714
-0.04,1.0318250688647954,6.95,-0.6352268553355145,-0.020242380396444375,0.9875756805292507,1.001579847763558
-0.04,1.0318250688647954,7.0,-0.6332019836884164,-0.020254219498122845,0.9878507967442359,1.0015500380907378
-0.04,1.0318250688647954,7.050000000000001,-0.6311761714702938,-0.020261228999415806,0.9881185501920392,1.0015209002555685
-0.04,1.0318250688647954,7.1000000000000005,-0.6291498913255875,-0.02026361504673863,0.9883791703861006,1.0014924170393105
-0.04,1.0318250688647954,7.15,-0.6271235956480955,-0.02026157607092096,0.9886328787216134,1.001464571704007
-0.04,1.0318250688647954,7.2,-0.6250977173349308,-0.020255303067401958,0.9888798887945868,1.0014373479785492
-0.04,1.0318250688647954,7.25,-0.6230726705168481,-0.02024497986672784,0.9891204067072383,1.0014107300451367
-0.04,1.0318250688647954,7.300000000000001,-0.6210488512655564,-0.0202307833956358,0.989354631360326,1.0013847025261116
-0.04,1.0318250688647954,7.3500000000000005,-0.6190266382781965,-0.02021288392900509,0.9895827547330296,1.0013592504711626
-0.04,1.0318250688647954,7.4,-0.6170063935388084,-0.020191445332952328,0.9898049621509538,1.001334359344893
-0.04,1.0318250688647954,7.45,-0.6149884629564731,-0.020166625299343748,0.9900214325427819,1.0013100150147447
-0.04,1.0318250688647954,7.5,-0.6129731769798072,-0.0201385755719928,0.990232338686107,1.0012862037392625
-0.04,1.0318250688647954,7.550000000000001,-0.6109608511876311,-0.020107442164806616,0.9904378474429324,1.0012629121566963
-0.04,1.0318250688647954,7.6000000000000005,-0.6089517868558942,-0.02007336557214016,0.9906381199852967,1.0012401272739406
-0.04,1.0318250688647954,7.65,-0.6069462715012388,-0.020036480971611006,0.9908333120114877,1.0012178364557816
-0.04,1.0318250688647954,7.7,-0.6049445794019143,-0.019996918419622964,0.991023573953248,1.0011960274144662
-0.04,1.0318250688647954,7.75,-0.6029469720970527,-0.01995480303984094,0.9912090511743922,1.0011746881995744
-0.04,1.0318250688647954,7.800000000000001,-0.6009536988655388,-0.019910255204853008,0.9913898841612128,1.0011538071881838
-0.04,1.0318250688647954,7.8500000000000005,-0.5989649971858575,-0.01986339071125087,0.9915662087050438,1.0011333730753282
-0.04,1.0318250688647954,7.9,-0.5969810931783703,-0.01981432094835294,0.9917381560773253,1.0011133748647363
-0.04,1.0318250688647954,7.95,-0.5950022020313936,-0.019763153060788453,0.9919058531975128,1.0010938018598399
-0.04,1.0318250688647954,8.0,-0.5930285284123704,-0.019709990105154975,0.9920694227941294,1.0010746436550544
-0.04,1.0318250688647954,8.05,-0.5910602668652067,-0.019654931200955503,0.99222898355929,1.0010558901273114
-0.04,1.0318250688647954,8.1,-0.5890976021946502,-0.019598071676015166,0.9923846502969554,1.0010375314278501
-0.04,1.0318250688647954,8.15,-0.5871407098383306,-0.019539503206571416,0.9925365340652105,1.0010195579742476
-0.04,1.0318250688647954,8.200000000000001,-0.5851897562268744,-0.01947931395222578,0.992684742312821,1.0010019604426879
-0.04,1.0318250688647954,8.25,-0.5832448991323063,-0.01941758868593948,0.9928293790103198,1.000984729760465
-0.04,1.0318250688647954,8.3,-0.5813062880048013,-0.019354408919248996,0.9929705447758562,1.0009678570987057
-0.04,1.0318250688647954,8.35,-0.5793740642977655,-0.019289853022872807,0.9931083369960367,1.000951333865314
-0.04,1.0318250688647954,8.4,-0.5774483617811763,-0.019223996342874264,0.9932428499419835,1.0009351516981229
-0.04,1.0318250688647954,8.450000000000001,-0.5755293068431332,-0.019156911312540867,0.9933741748807935,1.000919302458257
-0.04,1.0318250688647954,8.5,-0.573617018779622,-0.019088667560134605,0.9935024001826189,1.0009037782236905
-0.04,1.0318250688647954,8.55,-0.5717116100725936,-0.019019332012663155,0.9936276114235398,1.0008885712829985
-0.04,1.0318250688647954,8.6,-0.5698131866565618,-0.018948968995816703,0.9937498914844192,1.0008736741292967
-0.04,1.0318250688647954,8.65,-0.567921848174041,-0.018877640330210332,0.9938693206459017,1.0008590794543675
-0.04,1.0318250688647954,8.700000000000001,-0.5660376882202582,-0.01880540542406722,0.9939859766797249,1.0008447801429528
-0.04,1.0318250688647954,8.75,-0.5641607945776685,-0.018732321362473294,0.9940999349365007,1.0008307692672302
-0.04,1.0318250688647954,8.8,-0.5622912494408612,-0.01865844299332943,0.9942112684301069,1.0008170400814487
-0.04,1.0318250688647954,8.85,-0.5604291296325001,-0.018583823010123044,0.9943200479188348,1.0008035860167206
-0.04,1.0318250688647954,8.9,-0.5585745068109453,-0.018508512031636403,0.9944263419834412,1.0007904006759865
-0.04,1.0318250688647954,8.950000000000001,-0.556727447670174,-0.018432558678705194,0.9945302171022069,1.0007774778291147
-0.04,1.0318250688647954,9.0,-0.5548880141325897,-0.018356009648136263,0.9946317377231495,1.000764811408153
-0.04,1.0318250688647954,9.05,-0.553056263535236,-0.018278909783890247,0.9947309663335003,1.00075239550273
-0.04,1.0318250688647954,9.1,-0.5512322488098446,-0.0182013021456302,0.9948279635265594,1.0007402243555863
-0.04,1.0318250688647954,9.15,-0.549416018657074,-0.018123228074734227,0.9949227880660242,1.0007282923582428
-0.04,1.0318250688647954,9.200000000000001,-0.5476076177151952,-0.018044727257866384,0.9950154969479228,1.0007165940467981
-0.04,1.0318250688647954,9.25,-0.5458070867234116,-0.017965837788196437,0.9951061454602208,1.000705124097857
-0.04,1.0318250688647954,9.3,-0.5440144626799127,-0.017886596224355827,0.9951947872402124,1.0006938773245697
-0.04,1.0318250688647954,9.35,-0.5422297789947303,-0.017807037647214436,0.9952814743297835,1.000682848672802
-0.04,1.0318250688647954,9.4,-0.5404530656373986,-0.017727195714558844,0.9953662572286313,1.0006720332174126
-0.04,1.0318250688647954,9.450000000000001,-0.5386843492794197,-0.017647102713750328,0.9954491849455179,1.0006614261586433
-0.04,1.0318250688647954,9.5,-0.5369236534315173,-0.01756678961243801,0.9955303050476525,1.0006510228186176
-0.04,1.0318250688647954,9.55,-0.5351709985756812,-0.017486286107399298,0.9956096637082554,1.0006408186379443
-0.04,1.0318250688647954,9.600000000000001,-0.5334264022920197,-0.01740562067157788,0.9956873057523914,1.0006308091724194
-0.04,1.0318250688647954,9.65,-0.5316898793804742,-0.01732482059938611,0.9957632747011408,1.0006209900898286
-0.04,1.0318250688647954,9.700000000000001,-0.5299614419774876,-0.01724391205033674,0.99583761281417,1.0006113571668487
-0.04,1.0318250688647954,9.75,-0.5282410996677518,-0.017162920091066354,0.9959103611307566,1.0006019062860272
-0.04,1.0318250688647954,9.8,-0.526528859591211,-0.0170818687358107,0.9959815595093541,1.0005926334328716
-0.04,1.0318250688647954,9.850000000000001,-0.5248247265455156,-0.01700078098538951,0.996051246665725,1.0005835346930072
-0.04,1.0318250688647954,9.9,-0.5231287030841637,-0.01691967886475666,0.9961194602097202,1.000574606249429
-0.04,1.0318250688647954,9.950000000000001,-0.5214407896105813,-0.016838583459169297,0.9961862366807428,1.0005658443798293
-0.04,1.0318250688647954,10.0,-0.5197609844683992,-0.01675751494902752,0.9962516115819596,1.0005572454540108
-0.04,1.0318250688647954,10.05,-0.5180892840282025,-0.016676492643434234,0.9963156194132976,1.0005488059313674
-0.04,1.0318250688647954,10.100000000000001,-0.5164256827709967,-0.016595535012522925,0.9963782937032823,1.0005405223584474
-0.04,1.0318250688647954,10.15,-0.5147701733686467,-0.016514659718599566,0.9964396670397545,1.0005323913665793
-0.04,1.0318250688647954,10.200000000000001,-0.5131227467615069,-0.01643388364614266,0.9964997710995125,1.0005244096695785
-0.04,1.0318250688647954,10.25,-0.5114833922334339,-0.016353222930703973,0.9965586366769231,1.000516574061508
-0.04,1.0318250688647954,10.3,-0.5098520974843586,-0.01627269298675114,0.996616293711534,1.0005088814145178
-0.04,1.0318250688647954,10.350000000000001,-0.5082288487005461,-0.01619230853449125,0.996672771314733,1.0005013286767364
-0.04,1.0318250688647954,10.4,-0.5066136306226522,-0.01611208362571345,0.9967280977954855,1.0004939128702306
-0.04,1.0318250688647954,10.450000000000001,-0.5050064266116557,-0.016032031668686924,0.9967823006851843,1.000486631089021
-0.04,1.0318250688647954,10.5,-0.5034072187127132,-0.015952165452149447,0.9968354067616508,1.0004794804971577
-0.04,1.0318250688647954,10.55,-0.5018159877169706,-0.015872497168419906,0.9968874420723134,1.0004724583268492
-0.04,1.0318250688647954,10.600000000000001,-0.5002327132213453,-0.015793038435667726,0.9969384319565937,1.000465561876649
-0.04,1.0318250688647954,10.65,-0.49865737368627705,-0.015713800319369926,0.9969884010675432,1.000458788509689
-0.04,1.0318250688647954,10.700000000000001,-0.49708994649144544,-0.01563479335298619,0.9970373733927305,1.0004521356519693
-0.04,1.0318250688647954,10.75,-0.4955304079894504,-0.015556027557880719,0.9970853722744425,1.0004456007906957
-0.04,1.0318250688647954,10.8,-0.49397873355744737,-0.015477512462518677,0.9971324204291916,1.0004391814726623
-0.04,1.0318250688647954,10.850000000000001,-0.4924348976467459,-0.015399257120964098,0.9971785399665771,1.0004328753026843
-0.04,1.0318250688647954,10.9,-0.4908988738303795,-0.015321270130704974,0.9972237524075157,1.0004266799420733
-0.04,1.0318250688647954,10.950000000000001,-0.48937063484867854,-0.015243559649830311,0.9972680787018648,1.0004205931071555
-0.04,1.0318250688647954,11.0,-0.4878501526528759,-0.01516613341358318,0.9973115392454581,1.0004146125678366
-0.04,1.0318250688647954,11.05,-0.4863373984468014,-0.015088998750312502,0.9973541538965807,1.0004087361461989
-0.04,1.0318250688647954,11.100000000000001,-0.48483234272672826,-0.01501216259684611,0.9973959419919035,1.0004029617151506
-0.04,1.0318250688647954,11.15,-0.4833349553194416,-0.014935631513305904,0.9974369223618883,1.0003972871971
-0.04,1.0318250688647954,11.200000000000001,-0.4818452054186188,-0.014859411697386034,0.9974771133456921,1.0003917105626778
-0.04,1.0318250688647954,11.25,-0.48036306161961134,-0.014783508998113678,0.9975165328055848,1.0003862298294908
-0.04,1.0318250688647954,11.3,-0.478888491952722,-0.014707928929111339,0.997555198140896,1.0003808430609087
-0.04,1.0318250688647954,11.350000000000001,-0.477421463915083,-0.014632676681379136,0.9975931263015099,1.0003755483648893
-0.04,1.0318250688647954,11.4,-0.47596194450122786,-0.014557757135614639,0.9976303338009274,1.0003703438928369
-0.04,1.0318250688647954,11.450000000000001,-0.4745099002324554,-0.01448317487408706,0.9976668367289002,1.0003652278384874
-0.04,1.0318250688647954,11.5,-0.4730652971850809,-0.014408934192082279,0.9977026507636678,1.0003601984368293
-0.04,1.0318250688647954,11.55,-0.47162810101765296,-0.014335039108934374,0.9977377911837942,1.000355253963053
-0.04,1.0318250688647954,11.600000000000001,-0.470198276997218,-0.014261493378658561,0.9977722728796314,1.0003503927315307
-0.04,1.0318250688647954,11.65,-0.4687757900246968,-0.014188300500200358,0.99780611036442,1.0003456130948218
-0.04,1.0318250688647954,11.700000000000001,-0.46736060465943324,-0.014115463727314825,0.9978393177850325,1.0003409134427108
-0.04,1.0318250688647954,11.75,-0.465952685142958,-0.014042986078089192,0.9978719089323812,1.0003362922012642
-0.04,1.0318250688647954,11.8,-0.4645519954220114,-0.01397087034412212,0.9979038972514958,1.0003317478319225
-0.04,1.0318250688647954,11.850000000000001,-0.4631584991708465,-0.01389911909937185,0.9979352958512844,1.00032727883061
-0.04,1.0318250688647954,11.9,-0.4617721598128368,-0.013827734708685228,0.9979661175139929,1.0003228837268714
-0.04,1.0318250688647954,11.950000000000001,-0.4603929405413968,-0.01375671933601934,0.9979963747043622,1.0003185610830332
-0.04,1.0318250688647954,12.0,-0.4590208043402265,-0.013686074952366694,0.9980260795785051,1.0003143094933893
-0.04,1.0318250688647954,12.05,-0.45765571400287264,-0.013615803343394677,0.9980552439925093,1.000310127583402
-0.04,1.0318250688647954,12.100000000000001,-0.4562976321516143,-0.013545906116809713,0.9980838795107676,1.0003060140089346
-0.04,1.0318250688647954,12.15,-0.45494652125565777,-0.013476384709455889,0.9981119974140588,1.0003019674554956
-0.04,1.0318250688647954,12.200000000000001,-0.45360234364864493,-0.013407240394157758,0.9981396087073755,1.0002979866375106
-0.04,1.0318250688647954,12.25,-0.45226506154546314,-0.013338474286316413,0.9981667241275147,1.0002940702976086
-0.04,1.0318250688647954,12.3,-0.4509346370583599,-0.013270087350267737,0.998193354150434,1.0002902172059318
-0.04,1.0318250688647954,12.350000000000001,-0.44961103221235876,-0.013202080405411445,0.9982195089983851,1.0002864261594604
-0.04,1.0318250688647954,12.4,-0.4482942089599774,-0.013134454132119016,0.9982451986468305,1.000282695981359
-0.04,1.0318250688647954,12.450000000000001,-0.446984129195262,-0.013067209077428579,0.9982704328311562,1.0002790255203375
-0.04,1.0318250688647954,12.5,-0.4456807547671387,-0.013000345660534292,0.9982952210531679,1.00027541365003
-0.04,1.0318250688647954,12.55,-0.44438404749210675,-0.012933864178077693,0.9983195725874067,1.000271859268391
-0.04,1.0318250688647954,12.600000000000001,-0.4430939691662851,-0.012867764809247997,0.9983434964872685,1.0002683612971084
-0.04,1.0318250688647954,12.65,-0.441810481576839,-0.012802047620698224,0.9983670015909404,1.0002649186810304
-0.04,1.0318250688647954,12.700000000000001,-0.44053354651281185,-0.012736712571283875,0.9983900965271608,1.0002615303876063
-0.04,1.0318250688647954,12.75,-0.43926312577539145,-0.012671759516630264,0.9984127897208093,1.0002581954063492
-0.04,1.0318250688647954,12.8,-0.43799918118763875,-0.012607188213534804,0.9984350893983281,1.0002549127482998
-0.04,1.0318250688647954,12.850000000000001,-0.4367416746037196,-0.012542998324210164,0.9984570035929901,1.0002516814455202
-0.04,1.0318250688647954,12.9,-0.4354905679176621,-0.012479189420373784,0.9984785401500005,1.0002485005505894
-0.04,1.0318250688647954,12.950000000000001,-0.4342458230716851,-0.012415760987189498,0.9984997067314582,1.000245369136114
-0.04,1.0318250688647954,13.0,-0.43300740206412097,-0.012352712427066278,0.9985205108211713,1.0002422862942573
-0.04,1.0318250688647954,13.05,-0.43177526695697277,-0.012290043063319352,0.9985409597293243,1.0002392511362745
-0.04,1.0318250688647954,13.100000000000001,-0.43054937988313047,-0.012227752143698567,0.9985610605970181,1.0002362627920622
-0.04,1.0318250688647954,13.15,-0.4293297030532799,-0.012165838843788657,0.9985808204006733,1.0002333204097207
-0.04,1.0318250688647954,13.200000000000001,-0.42811619876252754,-0.012104302270286015,0.9986002459563087,1.0002304231551264
-0.04,1.0318250688647954,13.25,-0.42690882939676494,-0.012043141464156304,0.9986193439236944,1.000227570211515
-0.04,1.0318250688647954,13.3,-0.42570755743879374,-0.011982355403677244,0.9986381208103859,1.000224760779077
-0.04,1.0318250688647954,13.350000000000001,-0.4245123454742277,-0.011921943007370425,0.9986565829756439,1.0002219940745627
-0.04,1.0318250688647954,13.4,-0.42332315619718824,-0.0118619031368263,0.9986747366342378,1.000219269330895
-0.04,1.0318250688647954,13.450000000000001,-0.42213995241580066,-0.011802234599426094,0.9986925878601501,1.0002165857967968
-0.04,1.0318250688647954,13.5,-0.4209626970575035,-0.011742936150963975,0.9987101425901609,1.000213942736425
-0.04,1.0318250688647954,13.55,-0.41979135317417604,-0.011684006498173484,0.9987274066273475,1.000211339429015
-0.04,1.0318250688647954,13.600000000000001,-0.4186258839470828,-0.011625444301161246,0.9987443856444699,1.0002087751685311
-0.04,1.0318250688647954,13.65,-0.4174662526916453,-0.011567248175751284,0.9987610851872709,1.0002062492633328
-0.04,1.0318250688647954,13.700000000000001,-0.4163124228620296,-0.011509416695743234,0.9987775106776805,1.0002037610358394
-0.04,1.0318250688647954,13.75,-0.4151643580555599,-0.011451948395087256,0.9987936674169275,1.000201309822214
-0.04,1.0318250688647954,13.8,-0.4140220220169436,-0.011394841769978811,0.9988095605885703,1.0001988949720475
-0.04,1.0318250688647954,13.850000000000001,-0.41288537864231534,-0.011338095280875938,0.9988251952614352,1.0001965158480532
-0.04,1.0318250688647954,13.9,-0.4117543919830893,-0.011281707354441808,0.9988405763924838,1.0001941718257694
-0.04,1.0318250688647954,13.950000000000001,-0.41062902624961767,-0.011225676385415237,0.9988557088295885,1.0001918622932724
-0.04,1.0318250688647954,14.0,-0.4095092458146569,-0.011170000738411508,0.99887059731424,1.0001895866508876
-0.04,1.0318250688647954,14.05,-0.4083950152166316,-0.011114678749656257,0.9988852464841801,1.000187344310918
-0.04,1.0318250688647954,14.100000000000001,-0.4072862991627002,-0.011059708728654416,0.998899660875955,1.0001851346973751
-0.04,1.0318250688647954,14.15,-0.4061830625316196,-0.011005088959796705,0.998913844927408,1.0001829572457137
-0.04,1.0318250688647954,14.200000000000001,-0.4050852703764116,-0.010950817703905932,0.9989278029800951,1.0001808114025796
-0.04,1.0318250688647954,14.25,-0.4039928879268256,-0.010896893199724844,0.9989415392816443,1.0001786966255564
-0.04,1.0318250688647954,14.3,-0.40290588059161125,-0.010843313665348133,0.9989550579880406,1.0001766123829259
-0.04,1.0318250688647954,14.350000000000001,-0.401824213960597,-0.010790077299600019,0.9989683631658566,1.0001745581534278
-0.04,1.0318250688647954,14.4,-0.4007478538065817,-0.010737182283359693,0.9989814587944221,1.0001725334260307
-0.04,1.0318250688647954,14.450000000000001,-0.39967676608704716,-0.010684626780836221,0.99899434876793,1.0001705376997054
-0.04,1.0318250688647954,14.5,-0.3986109169456984,-0.010632408940794834,0.9990070368974896,1.0001685704832
-0.04,1.0318250688647954,14.55,-0.39755027271384075,-0.010580526897736272,0.9990195269131279,1.0001666312948339
-0.04,1.0318250688647954,14.600000000000001,-0.39649479991159986,-0.010528978773030733,0.9990318224657296,1.0001647196622805
-0.04,1.0318250688647954,14.65,-0.39544446524899807,-0.010477762676008157,0.9990439271289335,1.0001628351223655
-0.04,1.0318250688647954,14.700000000000001,-0.394399235626895,-0.01042687670500629,0.9990558444009693,1.000160977220868
-0.04,1.0318250688647954,14.75,-0.3933590781378034,-0.010376318948378094,0.9990675777064578,1.0001591455123235
-0.04,1.0318250688647954,14.8,-0.39232396006659087,-0.010326087485459807,0.9990791303981514,1.0001573395598355
-0.04,1.0318250688647954,14.850000000000001,-0.39129384889107643,-0.010276180387501157,0.9990905057586368,1.0001555589348894
-0.04,1.0318250688647954,14.9,-0.39026871228253507,-0.010226595718558988,0.9991017070019895,1.0001538032171697
-0.04,1.0318250688647954,14.950000000000001,-0.3892485181061156,-0.010177331536355628,0.9991127372753849,1.0001520719943877
-0.04,1.0318250688647954,15.0,-0.38823323442118474,-0.010128385893103187,0.9991235996606691,1.000150364862102
-0.04,1.0318250688647954,15.05,-0.38722282948160697,-0.010079756836295063,0.9991342971758874,1.0001486814235574
-0.04,1.0318250688647954,15.100000000000001,-0.3862172717359606,-0.010031442409465683,0.9991448327767724,1.0001470212895147
-0.04,1.0318250688647954,15.15,-0.3852165298277084,-0.00998344065291974,0.9991552093581941,1.0001453840780947
-0.04,1.0318250688647954,15.200000000000001,-0.38422057259531883,-0.00993574960443188,0.9991654297555763,1.0001437694146174
-0.04,1.0318250688647954,15.25,-0.3832293690723506,-0.009888367299917943,0.9991754967462663,1.0001421769314505
-0.04,1.0318250688647954,15.3,-0.3822428884875011,-0.00984129177407878,0.999185413050883,1.0001406062678622
-0.04,1.0318250688647954,15.350000000000001,-0.3812611002646235,-0.009794521061017449,0.9991951813346159,1.0001390570698716
-0.04,1.0318250688647954,15.4,-0.38028397402271724,-0.009748053194831035,0.9992048042085063,1.0001375289901087
-0.04,1.0318250688647954,15.450000000000001,-0.37931147957588945,-0.009701886210177587,0.9992142842306801,1.0001360216876738
-0.04,1.0318250688647954,15.5,-0.3783435869332955,-0.00965601814281945,0.9992236239075638,1.0001345348280033
-0.04,1.0318250688647954,15.55,-0.37738026629905214,-0.009610447030143477,0.9992328256950546,1.0001330680827347
-0.04,1.0318250688647954,15.600000000000001,-0.3764214880721292,-0.00956517091165923,0.9992418919996772,1.0001316211295783
-0.04,1.0318250688647954,15.65,-0.37546722284621453,-0.00952018782947565,0.9992508251796967,1.0001301936521907
-0.04,1.0318250688647954,15.700000000000001,-0.37451744140955595,-0.009475495828757258,0.9992596275462122,1.00012878534005
-0.04,1.0318250688647954,15.75,-0.37357211474477503,-0.009431092958160369,0.9992683013642225,1.0001273958883374
-0.04,1.0318250688647954,15.8,-0.37263121402865246,-0.00938697727025012,0.999276848853659,1.0001260249978148
-0.04,1.0318250688647954,15.850000000000001,-0.3716947106318853,-0.009343146821899075,0.9992852721903992,1.0001246723747135
-0.04,1.0318250688647954,15.9,-0.3707625761188094,-0.009299599674667812,0.9992935735072519,1.0001233377306211
-0.04,1.0318250688647954,15.950000000000001,-0.36983478224709043,-0.009256333895168448,0.9993017548949198,1.000122020782367
-0.04,1.0318250688647954,16.0,-0.36891130096737823,-0.009213347555411446,0.9993098184029342,1.0001207212519208
-0.04,1.0318250688647954,16.05,-0.36799210442292396,-0.009170638733136423,0.9993177660405718,1.0001194388662817
-0.04,1.0318250688647954,16.1,-0.3670771649491573,-0.009128205512127556,0.9993255997777466,1.0001181733573816
-0.04,1.0318250688647954,16.150000000000002,-0.36616645507322504,-0.009086045982514009,0.999333321545875,1.000116924461979
-0.04,1.0318250688647954,16.2,-0.3652599475134853,-0.009044158241055972,0.9993409332387315,1.0001156919215635
-0.04,1.0318250688647954,16.25,-0.36435761517896176,-0.009002540391416984,0.9993484367132696,1.0001144754822593
-0.04,1.0318250688647954,16.3,-0.36345943116875384,-0.008961190544422766,0.9993558337904334,1.0001132748947332
-0.04,1.0318250688647954,16.35,-0.3625653687714041,-0.008920106818307152,0.999363126255942,1.0001120899140992
-0.04,1.0318250688647954,16.400000000000002,-0.36167540146422184,-0.008879287338945756,0.9993703158610621,1.0001109202998322
-0.04,1.0318250688647954,16.45,-0.36078950291256495,-0.008838730240077503,0.9993774043233524,1.000109765815679
-0.04,1.0318250688647954,16.5,-0.3599076469690811,-0.008798433663514715,0.9993843933274003,1.0001086262295713
-0.04,1.0318250688647954,16.55,-0.3590298076729066,-0.008758395759342083,0.9993912845255325,1.0001075013135463
-0.04,1.0318250688647954,16.6,-0.35815595924882837,-0.008718614686104886,0.9993980795385138,1.0001063908436603
-0.04,1.0318250688647954,16.650000000000002,-0.3572860761064066,-0.008679088610986877,0.9994047799562262,1.0001052945999087
-0.04,1.0318250688647954,16.7,-0.3564201328390657,-0.008639815709978306,0.9994113873383322,1.0001042123661512
-0.04,1.0318250688647954,16.75,-0.3555581042231489,-0.008600794168034245,0.9994179032149252,1.0001031439300332
-0.04,1.0318250688647954,16.8,-0.35469996521694563,-0.008562022179223795,0.999424329087158,1.0001020890829098
-0.04,1.0318250688647954,16.85,-0.35384569095969015,-0.008523497946870314,0.9994306664278638,1.000101047619775
-0.04,1.0318250688647954,16.900000000000002,-0.3529952567705347,-0.008485219683683147,0.999436916682157,1.0001000193391874
-0.04,1.0318250688647954,16.95,-0.3521486381475016,-0.008447185611881078,0.9994430812680215,1.0000990040432014
-0.04,1.0318250688647954,17.0,-0.35130581076641565,-0.008409393963307856,0.9994491615768862,1.000098001537301
-0.04,1.0318250688647954,17.05,-0.35046675047982184,-0.008371842979540073,0.9994551589741891,1.0000970116303272
-0.04,1.0318250688647954,17.1,-0.34963143331588586,-0.008334530911987706,0.9994610747999145,1.000096034134418
-0.04,1.0318250688647954,17.150000000000002,-0.3487998354772884,-0.008297456021987556,0.999466910369143,1.000095068864942
-0.04,1.0318250688647954,17.2,-0.34797193334010873,-0.008260616580889895,0.9994726669725609,1.0000941156404335
-0.04,1.0318250688647954,17.25,-0.34714770345270285,-0.008224010870138515,0.9994783458769784,1.0000931742825354
-0.04,1.0318250688647954,17.3,-0.3463271225345798,-0.008187637181344538,0.9994839483258253,1.0000922446159353
-0.04,1.0318250688647954,17.35,-0.34551016747527546,-0.008151493816354109,0.9994894755396381,1.000091326468309
-0.04,1.0318250688647954,17.400000000000002,-0.3446968153332293,-0.00811557908731027,0.9994949287165349,1.0000904196702614
-0.04,1.0318250688647954,17.45,-0.3438870433346623,-0.0080798913167092,0.9995003090326807,1.000089524055273
-0.04,1.0318250688647954,17.5,-0.34308082887246033,-0.008044428837451082,0.9995056176427422,1.00008863945964
-0.04,1.0318250688647954,17.55,-0.34227814950506374,-0.008009189992885763,0.9995108556803298,1.0000877657224256
-0.04,1.0318250688647954,17.6,-0.34147898295536333,-0.007974173136853497,0.9995160242584297,1.0000869026854031
-0.04,1.0318250688647954,17.650000000000002,-0.34068330710960404,-0.00793937663372074,0.9995211244698319,1.0000860501930078
-0.04,1.0318250688647954,17.7,-0.3398911000162994,-0.007904798858411508,0.9995261573875378,1.000085208092282
-0.04,1.0318250688647954,17.75,-0.33910233988515287,-0.007870438196434194,0.999531124065169,1.0000843762328302
-0.04,1.0318250688647954,17.8,-0.33831700508599005,-0.00783629304390419,0.99953602553736,1.000083554466768
-0.04,1.0318250688647954,17.85,-0.33753507414770023,-0.0078023618075624065,0.999540862820146,1.0000827426486745
-0.04,1.0318250688647954,17.900000000000002,-0.33675652575718873,-0.007768642904789887,0.9995456369113385,1.0000819406355475
-0.04,1.0318250688647954,17.95,-0.3359813387583362,-0.0077351347636186105,0.9995503487908955,1.0000811482867569
-0.04,1.0318250688647954,18.0,-0.33520949215096946,-0.007701835822738776,0.9995549994212815,1.000080365464
-0.04,1.0318250688647954,18.05,-0.33444096508984017,-0.0076687445315025,0.9995595897478194,1.0000795920312602
-0.04,1.0318250688647954,18.1,-0.33367573688361074,-0.007635859349924309,0.9995641206990352,1.0000788278547585
-0.04,1.0318250688647954,18.150000000000002,-0.332913786993849,-0.007603178748678357,0.9995685931869968,1.0000780728029197
-0.04,1.0318250688647954,18.2,-0.33215509503402724,-0.007570701209092638,0.99957300810764,1.0000773267463259
-0.04,1.0318250688647954,18.25,-0.33139964076852974,-0.007538425223140226,0.9995773663410941,1.0000765895576784
-0.04,1.0318250688647954,18.3,-0.33064740411166316,-0.007506349293427758,0.9995816687519917,1.0000758611117573
-0.04,1.0318250688647954,18.35,-0.3298983651266707,-0.007474471933181175,0.9995859161897828,1.0000751412853843
-0.04,1.0318250688647954,18.400000000000002,-0.3291525040247519,-0.007442791666228968,0.9995901094890316,1.0000744299573845
-0.04,1.0318250688647954,18.45,-0.32840980116408164,-0.00741130702698284,0.9995942494697114,1.0000737270085507
-0.04,1.0318250688647954,18.5,-0.32767023704883147,-0.007380016560416137,0.9995983369374933,1.0000730323216047
-0.04,1.0318250688647954,18.55,-0.32693379232819353,-0.007348918822039952,0.9996023726840287,1.0000723457811644
-0.04,1.0318250688647954,18.6,-0.326200447795402,-0.007318012377877101,0.9996063574872227,1.0000716672737084
-0.04,1.0318250688647954,18.650000000000002,-0.3254701843867539,-0.007287295804434022,0.9996102921115054,1.000070996687541
-0.04,1.0318250688647954,18.7,-0.3247429831806301,-0.0072567676886707375,0.9996141773080933,1.000070333912761
-0.04,1.0318250688647954,18.75,-0.32401882539651333,-0.007226426627968904,0.9996180138152491,1.0000696788412269
-0.04,1.0318250688647954,18.8,-0.3232976923940025,-0.007196271230098136,0.9996218023585325,1.0000690313665264
-0.04,1.0318250688647954,18.85,-0.3225795656718287,-0.0071663001131805175,0.9996255436510488,1.0000683913839445
-0.04,1.0318250688647954,18.900000000000002,-0.3218644268668622,-0.007136511905653649,0.9996292383936892,1.0000677587904345
-0.04,1.0318250688647954,18.95,-0.32115225775312056,-0.007106905246231972,0.9996328872753644,1.0000671334845839
-0.04,1.0318250688647954,19.0,-0.32044304024077297,-0.007077478783866733,0.9996364909732407,1.0000665153665909
-0.04,1.0318250688647954,19.05,-0.31973675637513954,-0.007048231177704544,0.9996400501529632,1.0000659043382296
-0.04,1.0318250688647954,19.1,-0.31903338833568984,-0.007019161097044579,0.9996435654688767,1.0000653003028264
-0.04,1.0318250688647954,19.150000000000002,-0.31833291843503586,-0.006990267221294508,0.9996470375642442,1.0000647031652286
-0.04,1.0318250688647954,19.200000000000003,-0.31763532911792536,-0.006961548239925272,0.9996504670714572,1.0000641128317802
-0.04,1.0318250688647954,19.25,-0.31694060296023047,-0.006933002852424706,0.9996538546122442,1.0000635292102944
-0.04,1.0318250688647954,19.3,-0.31624872266793463,-0.006904629768250059,0.9996572007978727,1.0000629522100268
-0.04,1.0318250688647954,19.35,-0.31555967107612054,-0.006876427706779585,0.9996605062293495,1.0000623817416492
-0.04,1.0318250688647954,19.400000000000002,-0.3148734311479536,-0.006848395397263075,0.9996637714976131,1.000061817717227
-0.04,1.0318250688647954,19.450000000000003,-0.31418998597366793,-0.006820531578771567,0.9996669971837256,1.0000612600501924
-0.04,1.0318250688647954,19.5,-0.3135093187695516,-0.006792835000146179,0.9996701838590595,1.0000607086553233
-0.04,1.0318250688647954,19.55,-0.31283141287693134,-0.006765304419946107,0.9996733320854793,1.000060163448714
-0.04,1.0318250688647954,19.6,-0.31215625176116185,-0.0067379386063959575,0.9996764424155199,1.0000596243477584
-0.04,1.0318250688647954,19.650000000000002,-0.3114838190106152,-0.006710736337332291,0.9996795153925631,1.0000590912711236
-0.04,1.0318250688647954,19.700000000000003,-0.31081409833567364,-0.006683696400149572,0.9996825515510053,1.0000585641387285
-0.04,1.0318250688647954,19.75,-0.31014707356772575,-0.0066568175917454606,0.9996855514164319,1.0000580428717216
-0.04,1.0318250688647954,19.8,-0.309482728658168,-0.0066300987184655475,0.9996885155057729,1.0000575273924615
-0.04,1.0318250688647954,19.85,-0.3088210476774104,-0.006603538596047597,0.9996914443274726,1.0000570176244932
-0.04,1.0318250688647954,19.900000000000002,-0.30816201481388783,-0.006577136049565231,0.9996943383816382,1.0000565134925286
-0.04,1.0318250688647954,19.950000000000003,-0.3075056143730773,-0.006550889913371202,0.9996971981602027,1.000056014922428
-0.04,1.0318250688647954,20.0,-0.30685183077652334,-0.006524799031040235,0.999700024147069,1.000055521841178
-0.04,1.0318250688647954,20.1,-0.30555205237689587,-0.006473078448030685,0.9997055766420714,1.0000545518586947
-0.04,1.0318250688647954,20.28615468146082,-0.3031597508434764,-0.006378409021711134,0.9997155705644839,1.0000528019895811
-0.04,1.0318250688647954,20.47403342090323,-0.30078064043838587,-0.006284938839616013,0.9997252250278751,1.0000511065543212
-0.04,1.0318250688647954,20.663652185564246,-0.29841471756054105,-0.0061926598038933404,0.9997345513014722,1.0000494639495365
-0.04,1.0318250688647954,20.855027090560313,-0.29606197628655884,-0.00610156354620794,0.9997435602996197,1.000047872615036
-0.04,1.0318250688647954,21.04817440025684,-0.29372240844141356,-0.006011641443965033,0.9997522625919932,1.0000463310328207
-0.04,1.0318250688647954,21.243110529650455,-0.29139600367948343,-0.005922884636021727,0.9997606684135549,1.0000448377261053
-0.04,1.0318250688647954,21.439852045764102,-0.289082749575431,-0.005835284037895164,0.9997687876742658,1.000043391258356
-0.04,1.0318250688647954,21.638415669054964,-0.28678263172284735,-0.005748830356475425,0.9997766299685547,1.0000419902323403
-0.04,1.0318250688647954,21.83881827483555,-0.28449563383741,-0.005663514104251281,0.999784204584544,1.0000406332891976
-0.04,1.0318250688647954,22.04107689470784,-0.2822217378605986,-0.00557932561305702,0.9997915205130516,1.0000393191075243
-0.04,1.0318250688647954,22.245208718010712,-0.27996092405984824,-0.00549625504734911,0.9997985864563518,1.0000380464024736
-0.04,1.0318250688647954,22.4512310932809,-0.2777131711214129,-0.005414292417022127,0.9998054108367177,1.0000368139248745
-0.04,1.0318250688647954,22.659161529727328,-0.2754784562330927,-0.005333427589774142,0.9998120018047453,1.0000356204603629
-0.04,1.0318250688647954,22.86901769871915,-0.2732567551552005,-0.005253650303032559,0.9998183672474534,1.0000344648285318
-0.04,1.0318250688647954,23.080817435287667,-0.2710480422795459,-0.005174950175451898,0.9998245147961774,1.0000333458820962
-0.04,1.0318250688647954,23.294578739641963,-0.26885229067761857,-0.0050973167179956935,0.9998304518342517,1.0000322625060738
-0.04,1.0318250688647954,23.510319778698783,-0.26666947214033987,-0.0050207393446144374,0.9998361855044927,1.000031213616982
-0.04,1.0318250688647954,23.72805888762644,-0.2644995572126278,-0.0049452073825317,0.9998417227164746,1.0000301981620496
-0.04,1.0318250688647954,23.947814571403043,-0.2623425152264426,-0.004870710082149889,0.9998470701536173,1.0000292151184438
-0.04,1.0318250688647954,24.169605506389228,-0.260198314335929,-0.004797236626586479,0.9998522342800784,1.0000282634925153
-0.04,1.0318250688647954,24.39345054191539,-0.25806692155777056,-0.004724776140850799,0.9998572213474628,1.0000273423190555
-0.04,1.0318250688647954,24.619368701883577,-0.25594830281900005,-0.0046533177006705465,0.9998620374013408,1.0000264506605687
-0.04,1.0318250688647954,24.847379186384366,-0.2538424230133737,-0.004582850340976329,0.9998666882876003,1.0000255876065638
-0.04,1.0318250688647954,25.077501373328523,-0.2517492460661992,-0.004513363064051939,0.9998711796586115,1.0000247522728554
-0.04,1.0318250688647954,25.30975482009396,-0.24966873500631837,-0.0044448448473575295,0.9998755169792313,1.0000239438008802
-0.04,1.0318250688647954,25.544159265187808,-0.2476008520429725,-0.0043772846510325494,0.9998797055326357,1.0000231613570323
-0.04,1.0318250688647954,25.780734629923902,-0.24554555864459135,-0.0043106714250853734,0.9998837504259913,1.0000224041320085
-0.04,1.0318250688647954,26.019501020115914,-0.24350281561625312,-0.004244994116276712,0.9998876565959652,1.0000216713401688
-0.04,1.0318250688647954,26.260478727786037,-0.2414725831726565,-0.004180241674704385,0.9998914288140847,1.0000209622189087
-0.04,1.0318250688647954,26.503688232889502,-0.23945482100392035,-0.004116403060097291,0.9998950716919441,1.0000202760280548
-0.04,1.0318250688647954,26.74915020505521,-0.23744948833228943,-0.004053467247827142,0.9998985896862538,1.0000196120492566
-0.04,1.0318250688647954,26.99688550534226,-0.23545654395881918,-0.003991423234646979,0.9999019871037618,1.000018969585409
-0.04,1.0318250688647954,27.246915188012967,-0.23347594630014032,-0.0039302600441655546,0.9999052681060201,1.0000183479600795
-0.04,1.0318250688647954,27.499260502322162,-0.231507653416437,-0.0038699667320671793,0.9999084367140162,1.0000177465169489
-0.04,1.0318250688647954,27.753942894323053,-0.229551623032609,-0.0038105323910863132,0.9999114968126742,1.0000171646192633
-0.04,1.0318250688647954,28.010984008689945,-0.2276078125551901,-0.003751946155745931,0.9999144521552193,1.0000166016493068
-0.04,1.0318250688647954,28.270405690557713,-0.22567617908788926,-0.0036941972068684093,0.9999173063674186,1.0000160570078755
-0.04,1.0318250688647954,28.532229987378305,-0.22375667944857625,-0.0036372747758668684,0.9999200629516917,1.0000155301137714
-0.04,1.0318250688647954,28.79647915079459,-0.2218492701901882,-0.003581168148824312,0.9999227252911053,1.000015020403306
-0.04,1.0318250688647954,29.063175638531384,-0.21995390762741562,-0.003525866670367176,0.999925296653245,1.0000145273298169
-0.04,1.0318250688647954,29.332342116304055,-0.21807054787023014,-0.0034713597473391812,0.9999277801939743,1.0000140503631914
-0.04,1.0318250688647954,29.604001459744886,-0.21619914686443137,-0.0034176368522808305,0.9999301789610789,1.0000135889894084
-0.04,1.0318250688647954,29.8781767563471,-0.21433966043851552,-0.003364687526719441,0.999932495897804,1.0000131427100867
-0.04,1.0318250688647954,30.154891307427096,-0.21249204435539426,-0.0033125013842743235,0.9999347338462827,1.0000127110420445
-0.04,1.0318250688647954,30.43416863010471,-0.21065625436691246,-0.0032610681135817362,0.9999368955508651,1.0000122935168732
-0.04,1.0318250688647954,30.716032459301825,-0.20883224626875474,-0.003210377481044068,0.9999389836613406,1.0000118896805168
-0.04,1.0318250688647954,31.00050674975963,-0.20701997595326274,-0.003160419333408231,0.9999410007360658,1.0000114990928661
-0.04,1.0318250688647954,31.287615678074335,-0.20521939945785836,-0.003111183600178485,0.9999429492449954,1.0000111213273606
-0.04,1.0318250688647954,31.577383644751972,-0.20343047300718622,-0.0030626602958689635,0.9999448315726237,1.0000107559706013
-0.04,1.0318250688647954,31.869835276282085,-0.20165315304769066,-0.0030148395221019863,0.9999466500208283,1.0000104026219718
-0.04,1.0318250688647954,32.16499542723059,-0.19988739627405797,-0.0029677114695582547,0.9999484068116312,1.000010060893271
-0.04,1.0318250688647954,32.462889182352235,-0.1981331596476911,-0.0029212664197851863,0.9999501040898737,1.0000097304083562
-0.04,1.0318250688647954,32.763541858722334,-0.1963904004081018,-0.0028754947468698183,0.9999517439258058,1.000009410802789
-0.04,1.0318250688647954,33.06697900788844,-0.19465907607869246,-0.0028303869189825652,0.9999533283175944,1.0000091017235009
-0.04,1.0318250688647954,33.373226418041924,-0.19293914446883026,-0.0027859334997977813,0.9999548591937532,1.0000088028284557
-0.04,1.0318250688647954,33.68231011620963,-0.19123056367434071,-0.0027421251497969385,0.9999563384154981,1.0000085137863326
-0.04,1.0318250688647954,33.99425637046573,-0.18953329207855935,-0.0026989526274594617,0.9999577677790211,1.0000082342762064
-0.04,1.0318250688647954,34.30909169216431,-0.1878472883558813,-0.0026564067903459706,0.9999591490177016,1.0000079639872457
-0.04,1.0318250688647954,34.62684283819243,-0.18617251147936698,-0.0026144785960780202,0.9999604838042364,1.0000077026184118
-0.04,1.0318250688647954,34.94753681324406,-0.18450892073345318,-0.00257315910321798,0.9999617737527124,1.0000074498781713
-0.04,1.0318250688647954,35.2712008721152,-0.1828564757322156,-0.002532439472052128,0.9999630204206019,1.0000072054842108
-0.04,1.0318250688647954,35.597862522020144,-0.18121513644301918,-0.0024923109652798163,0.9999642253107026,1.0000069691631654
-0.04,1.0318250688647954,35.927549524929255,-0.17958486321480752,-0.002452764948611197,0.9999653898730113,1.00000674065035
-0.04,1.0318250688647954,36.26028989992831,-0.1779656168097989,-0.0024137928912759767,0.9999665155065374,1.000006519689498
-0.04,1.0318250688647954,36.59611192559986,-0.1763573584370008,-0.002375386366445574,0.9999676035610557,1.0000063060325115
-0.04,1.0318250688647954,36.93504414242648,-0.17476004978575593,-0.002337537051571263,0.9999686553388074,1.0000060994392113
-0.04,1.0318250688647954,37.27711535521626,-0.17317365305751561,-0.002300236728641046,0.9999696720961392,1.0000058996771015
-0.04,1.0318250688647954,37.62235463555102,-0.17159813099416826,-0.002263477284358106,0.9999706550450953,1.0000057065211332
-0.04,1.0318250688647954,37.97079132425686,-0.1700334469015491,-0.0022272507102442853,0.9999716053549514,1.0000055197534816
-0.04,1.0318250688647954,38.32245503389777,-0.16847956466714967,-0.0021915491026718898,0.9999725241537027,1.0000053391633237
-0.04,1.0318250688647954,38.67737565129239,-0.1669364487715248,-0.002156364662827599,0.9999734125294988,1.000005164546625
-0.04,1.0318250688647954,39.03558334005395,-0.1654040642933992,-0.0021216896966122973,0.9999742715320348,1.0000049957059314
-0.04,1.0318250688647954,39.3971085431537,-0.16388237690895552,-0.002087516614480694,0.9999751021738936,1.0000048324501687
-0.04,1.0318250688647954,39.761981985508335,-0.16237135288621532,-0.0020538379312244797,0.9999759054318434,1.0000046745944438
-0.04,1.0318250688647954,40.1302346765911,-0.16087095907575907,-0.0020206462657027806,0.9999766822480946,1.0000045219598577
-0.04,1.0318250688647954,40.50189791306716,-0.15938116289923931,-0.0019879343405232253,0.9999774335315094,1.0000043743733154
-0.04,1.0318250688647954,40.87700328145351,-0.15790193233723274,-0.001955694981676779,0.9999781601587747,1.00000423166735
-0.04,1.0318250688647954,41.25558266080338,-0.15643323591791927,-0.001923921118129107,0.9999788629755353,1.0000040936799464
-0.04,1.0318250688647954,41.63766822541544,-0.15497504270791182,-0.0018926057813707944,0.9999795427974857,1.0000039602543715
-0.04,1.0318250688647954,42.02329244756837,-0.15352732230628086,-0.0018617421049284292,0.9999802004114269,1.0000038312390085
-0.04,1.0318250688647954,42.41248810028041,-0.15209004484246957,-0.0018313233238381964,0.9999808365762879,1.0000037064871998
-0.04,1.0318250688647954,42.80528826009479,-0.15066318097840192,-0.0018013427740833365,0.9999814520241113,1.0000035858570868
-0.04,1.0318250688647954,43.20172630989064,-0.1492467019146824,-0.0017717938919965702,0.9999820474610047,1.0000034692114657
-0.04,1.0318250688647954,43.60183594172025,-0.14784057940040568,-0.0017426702136284931,0.9999826235680628,1.0000033564176327
-0.04,1.0318250688647954,44.00565115967241,-0.14644478574577308,-0.0017139653740828385,0.9999831810022513,1.0000032473472498
-0.04,1.0318250688647954,44.413206282762204,-0.14505929383645585,-0.0016856731068195165,0.9999837203972703,1.000003141876202
-0.04,1.0318250688647954,44.824535947847835,-0.14368407714849651,-0.0016577872429264881,0.9999842423643774,1.0000030398844648
-0.04,1.0318250688647954,45.23967511257426,-0.14231910976248122,-0.0016303017103615708,0.9999847474931923,1.0000029412559746
-0.04,1.0318250688647954,45.65865905834403,-0.14096436637576146,-0.0016032105331655374,0.9999852363524665,1.0000028458785024
-0.04,1.0318250688647954,46.081523393315884,-0.13961982231164485,-0.0015765078306480206,0.9999857094908269,1.0000027536435294
-0.04,1.0318250688647954,46.50830405543093,-0.1382854535246896,-0.0015501878165479206,0.9999861674375021,1.0000026644461335
-0.04,1.0318250688647954,46.93903731546684,-0.13696123660151371,-0.0015242447981702295,0.9999866107030121,1.0000025781848687
-0.04,1.0318250688647954,47.37375978012049,-0.13564714875683637,-0.0014986731755012245,0.9999870397798379,1.0000024947616566
-0.04,1.0318250688647954,47.81250839511901,-0.13434316782479172,-0.0014734674403041488,0.9999874551430747,1.0000024140816763
-0.04,1.0318250688647954,48.25532044835962,-0.13304927224585447,-0.0014486221751974797,0.9999878572510508,1.0000023360532624
-0.04,1.0318250688647954,48.70223357307873,-0.1317654410499896,-0.0014241320527178091,0.9999882465459325,1.0000022605877987
-0.04,1.0318250688647954,49.15328575105025,-0.13049165383684533,-0.0013999918343692553,0.9999886234543058,1.0000021875996241
-0.04,1.0318250688647954,49.608515315813406,-0.12922789075396082,-0.0013761963696613008,0.9999889883877352,1.000002117005935
-0.04,1.0318250688647954,50.067960955930815,-0.1279741324740239,-0.001352740595136437,0.999989341743307,1.0000020487266903
-0.04,1.0318250688647954,50.5316617182763,-0.1267303601722149,-0.0013296195333891668,0.99998968390415,1.0000019826845268
-0.04,1.0318250688647954,50.99965701135351,-0.12549655550458697,-0.0013068282920772653,0.9999900152399379,1.0000019188046658
-0.04,1.0318250688647954,51.47198660864504,-0.12427270058829763,-0.0012843620629262972,0.9999903361073774,1.0000018570148355
-0.04,1.0318250688647954,51.9486906519927,-0.12305877798430863,-0.001262216120727869,0.9999906468506707,1.0000017972451825
-0.04,1.0318250688647954,52.429809655009066,-0.12185477068294513,-0.001240385822332084,0.999990947801974,1.000001739428198
-0.04,1.0318250688647954,52.91538450652049,-0.12066066209246072,-0.0012188666056344437,0.9999912392818268,1.000001683498638
-0.04,1.0318250688647954,53.40545647404229,-0.11947643603050677,-0.0011976539885572468,0.9999915215995752,1.0000016293934504
-0.04,1.0318250688647954,53.90006720728585,-0.11830207671817801,-0.0011767435680255926,0.999991795053774,1.0000015770517021
-0.04,1.0318250688647954,54.39925874169825,-0.11713756877611117,-0.001156131018938004,0.9999920599325802,1.0000015264145083
-0.04,1.0318250688647954,54.90307350203484,-0.11598289722195287,-0.0011358120931316996,0.9999923165141246,1.0000014774249681
-0.04,1.0318250688647954,55.41155430596479,-0.11483804746841986,-0.0011157826183426777,0.9999925650668818,1.000001430028096
-0.04,1.0318250688647954,55.924744367709856,-0.11370300532111859,-0.001096038497160852,0.9999928058500114,1.00000138417076
-0.04,1.0318250688647954,56.442687301717264,-0.11257775697530917,-0.0010765757059805713,0.9999930391137025,1.0000013398016194
-0.04,1.0318250688647954,56.96542712636624,-0.11146228901085312,-0.0010573902939470443,0.999993265099496,1.000001296871066
-0.04,1.0318250688647954,57.493008267708944,-0.11035658838470114,-0.0010384783818993399,0.9999934840405983,1.0000012553311657
-0.04,1.0318250688647954,58.02547556324627,-0.10926064242041367,-0.0010198361613106644,0.9999936961621837,1.0000012151356044
-0.04,1.0318250688647954,58.562874265738245,-0.10817443879438958,-0.0010014598932268461,0.9999939016816866,1.0000011762396324
-0.04,1.0318250688647954,59.10525004705015,-0.10709796551865511,-0.0009833459072039461,0.9999941008090804,1.0000011386000125
-0.04,1.0318250688647954,59.65264900203377,-0.10603121092026074,-0.0009654906002460042,0.9999942937471503,1.0000011021749702
-0.04,1.0318250688647954,60.2051176524451,-0.10497416361750535,-0.0009478904357438905,0.9999944806917536,1.0000010669241441
-0.04,1.0318250688647954,60.76270295089797,-0.1039268124933704,-0.0009305419424162571,0.9999946618320704,1.0000010328085396
-0.04,1.0318250688647954,61.325452284854336,-0.10288914666667304,-0.0009134417132534783,0.9999948373508456,1.0000009997904802
-0.04,1.0318250688647954,61.89341348065174,-0.10186115546153707,-0.0008965864044653208,0.9999950074246233,1.0000009678335693
-0.04,1.0318250688647954,62.466634807567864,-0.10084282837584414,-0.0008799727344331098,0.9999951722239688,1.0000009369026377
-0.04,1.0318250688647954,63.0451649819227,-0.09983415504932872,-0.0008635974826668642,0.9999953319136908,1.0000009069637126
-0.04,1.0318250688647954,63.629053171218956,-0.09883512523196392,-0.0008474574887677158,0.9999954866530425,1.0000008779839702
-0.04,1.0318250688647954,64.21834899832058,-0.0978457287532218,-0.00083154965139599,0.9999956365959287,1.0000008499317004
-0.04,1.0318250688647954,64.81310254566993,-0.09686595549269168,-0.0008158709272448468,0.9999957818910948,1.0000008227762676
-0.04,1.0318250688647954,65.4133643595444,-0.09589579535243566,-0.0008004183300195274,0.9999959226823163,1.0000007964880746
-0.04,1.0318250688647954,66.01918545435197,-0.09493523823131925,-0.0007851889294220248,0.9999960591085759,1.000000771038529
-0.04,1.0318250688647954,66.63061731696679,-0.0939842740014184,-0.0007701798501408641,0.9999961913042386,1.0000007464000071
-0.04,1.0318250688647954,67.24771191110499,-0.0930428924864666,-0.0007553882708457372,0.9999963193992153,1.0000007225458223
-0.04,1.0318250688647954,67.87052168174088,-0.09211108344217253,-0.0007408114231866012,0.999996443519127,1.0000006994501935
-0.04,1.0318250688647954,68.49909955956402,-0.09118883653812522,-0.0007264465907969116,0.9999965637854552,1.0000006770882135
-0.04,1.0318250688647954,69.13349896547759,-0.09027614134090949,-0.0007122911083006948,0.9999966803156936,1.00000065543582
-0.04,1.0318250688647954,69.77377381513884,-0.08937298729798236,-0.0006983423603231398,0.9999967932234906,1.0000006344697667
-0.04,1.0318250688647954,70.41997852354069,-0.08847936372182562,-0.0006845977805045708,0.9999969026187869,1.000000614167596
-0.04,1.0318250688647954,71.0721680096366,-0.08759525977386959,-0.0006710548505177135,0.9999970086079497,1.0000005945076107
-0.04,1.0318250688647954,71.73039770100793,-0.0867206644477021,-0.0006577110990881634,0.9999971112938996,1.00000057546885
-0.04,1.0318250688647954,72.39472353857458,-0.08585556655111645,-0.0006445641010182491,0.9999972107762343,1.0000005570310617
-0.04,1.0318250688647954,73.06520198134909,-0.08499995468661604,-0.0006316114762144404,0.9999973071513486,1.0000005391746822
-0.04,1.0318250688647954,73.74189001123509,-0.0841538172300699,-0.0006188508887185526,0.9999974005125467,1.0000005218808092
-0.04,1.0318250688647954,74.42484513786997,-0.08331714230731241,-0.0006062800457431363,0.9999974909501553,1.0000005051311793
-0.04,1.0318250688647954,75.11412540351232,-0.08248991776857988,-0.0005938966967114632,0.9999975785516275,1.0000004889081497
-0.04,1.0318250688647954,75.80978938797494,-0.08167213116077675,-0.0005816986323025115,0.9999976634016464,1.0000004731946726
-0.04,1.0318250688647954,76.51189621360336,-0.08086376969767069,-0.0005696836835014651,0.9999977455822229,1.0000004579742765
-0.04,1.0318250688647954,77.22050555030022,-0.08006482022820123,-0.0005578497206561456,0.9999978251727902,1.0000004432310474
-0.04,1.0318250688647954,77.93567762059672,-0.07927526920317142,-0.0005461946525398419,0.999997902250297,1.0000004289496085
-0.04,1.0318250688647954,78.65747320477065,-0.07849510264065321,-0.0005347164254208909,0.9999979768892917,1.000000415115103
-0.04,1.0318250688647954,79.38595364601184,-0.07772430609048613,-0.0005234130221393971,0.9999980491620112,1.000000401713173
-0.04,1.0318250688647954,80.12118085563553,-0.07696286459827409,-0.0005122824611913098,0.9999981191384585,1.000000388729947
-0.04,1.0318250688647954,80.86321731834431,-0.07621076266929336,-0.0005013227958200507,0.9999981868864835,1.0000003761520204
-0.04,1.0318250688647954,81.61212609753805,-0.07546798423271771,-0.0004905321131158151,0.9999982524718575,1.000000363966439
-0.04,1.0318250688647954,82.36797084067375,-0.0747345126065323,-0.00047990853312258566,0.9999983159583451,1.0000003521606855
-0.04,1.0318250688647954,83.13081578467474,-0.07401033046346847,-0.00046945020795272833,0.9999983774077741,1.0000003407226616
-0.04,1.0318250688647954,83.90072576138992,-0.07329541979823738,-0.00045915532090916414,0.9999984368801054,1.0000003296406783
-0.04,1.0318250688647954,84.67776620310352,-0.07258976189627163,-0.00044902208561484734,0.9999984944334915,1.000000318903435
-0.04,1.0318250688647954,85.46200314809617,-0.0718933373041169,-0.00043904874514936505,0.9999985501243452,1.000000308500014
-0.04,1.0318250688647954,86.25350324625728,-0.07120612580154348,-0.0004292335711924148,0.9999986040073946,1.00000029841986
-0.04,1.0318250688647954,87.05233376474918,-0.07052810637537421,-0.00041957486317389627,0.9999986561357437,1.0000002886527732
-0.04,1.0318250688647954,87.85856259372419,-0.0698592571949614,-0.00041007094743032447,0.9999987065609252,1.0000002791888924
-0.04,1.0318250688647954,88.67225825209441,-0.06919955558918532,-0.00040072017636740714,0.9999987553329569,1.0000002700186879
-0.04,1.0318250688647954,89.49348989335462,-0.06854897802479461,-0.0003915209276284977,0.9999988025003882,1.0000002611329466
-0.04,1.0318250688647954,90.32232731145982,-0.06790750008587584,-0.000382471603268836,0.9999988481103563,1.0000002525227618
-0.04,1.0318250688647954,91.15884094675663,-0.06727509645420607,-0.00037357062893546777,0.9999988922086269,1.0000002441795242
-0.04,1.0318250688647954,92.0031018919696,-0.0666517408902354,-0.0003648164530528013,0.9999989348396437,1.0000002360949094
-0.04,1.0318250688647954,92.85518189824359,-0.06603740621444051,-0.00035620754601387,0.9999989760465721,1.00000022826087
-0.04,1.0318250688647954,93.71515338124135,-0.06543206428880652,-0.0003477423993774233,0.999999015871339,1.0000002206696248
-0.04,1.0318250688647954,94.58308942729796,-0.06483568599821316,-0.00033941952507103937,0.9999990543546774,1.0000002133136494
-0.04,1.0318250688647954,95.45906379963219,-0.06424824123153511,-0.00033123745460052304,0.9999990915361632,1.000000206185669
-0.04,1.0318250688647954,96.34315094461576,-0.06366969886230793,-0.0003231947382659457,0.9999991274542525,1.0000001992786463
-0.04,1.0318250688647954,97.23542599809973,-0.06310002672885394,-0.00031528994438470435,0.9999991621463208,1.000000192585778
-0.04,1.0318250688647954,98.13596479180039,-0.06253919161381527,-0.00030752165852206506,0.9999991956486945,1.0000001861004841
-0.04,1.0318250688647954,99.04484385974408,-0.061987159223088124,-0.00029988848272964586,0.9999992279966854,1.000000179816397
-0.04,1.0318250688647954,99.96214044477135,-0.06144389416420828,-0.0002923890347923943,0.9999992592246258,1.000000173727362
-0.04,1.0318250688647954,100.88793250510167,-0.060909359924280954,-0.000285021947484564,0.9999992893658958,1.000000167827422
-0.04,1.0318250688647954,101.82229872095873,-0.06038351884759367,-0.000277785867835229,0.9999993184529549,1.0000001621108148
-0.04,1.0318250688647954,102.76531850125772,-0.0598663321130887,-0.00027067945640389424,0.999999346517372,1.000000156571966
-0.04,1.0318250688647954,103.71707199035326,-0.059357759711904046,-0.0002637013865667252,0.9999993735898507,1.000000151205481
-0.04,1.0318250688647954,104.67764007485148,-0.058857760425210404,-0.0002568503438138585,0.9999993997002559,1.0000001460061407
-0.04,1.0318250688647954,105.64710439048359,-0.058366291802593166,-0.0002501250250583707,0.9999994248776436,1.0000001409688941
-0.04,1.0318250688647954,106.62554732904427,-0.057883310141229,-0.00024352413795723703,0.9999994491502792,1.0000001360888522
-0.04,1.0318250688647954,107.61305204539366,-0.0574087704661098,-0.0002370464002448242,0.9999994725456655,1.0000001313612823
-0.04,1.0318250688647954,108.60970246452491,-0.05694262651155449,-0.0002306905390792225,0.9999994950905644,1.0000001267816063
-0.04,1.0318250688647954,109.61558328869602,-0.05648483070423445,-0.00022445529040180024,0.9999995168110178,1.0000001223453874
-0.04,1.0318250688647954,110.63078000462876,-0.05603533414791639,-0.00021833939831034598,0.9999995377323695,1.0000001180483349
-0.04,1.0318250688647954,111.65537889077429,-0.05559408661009768,-0.00021234161444606288,0.9999995578792843,1.0000001138862908
-0.04,1.0318250688647954,112.68946702464496,-0.05516103651068121,-0.00020646069739473468,0.9999995772757694,1.0000001098552296
-0.04,1.0318250688647954,113.73313229021528,-0.0547361309128002,-0.00020069541210232967,0.9999995959451908,1.0000001059512542
-0.04,1.0318250688647954,114.78646338539066,-0.054319315515872234,-0.00019504452930533072,0.9999996139102922,1.0000001021705875
-0.04,1.0318250688647954,115.84954982954602,-0.05391053465092449,-0.00018950682497604563,0.9999996311932124,1.000000098509572
-0.04,1.0318250688647954,116.92248197113297,-0.05350973127820213,-0.0001840810797832165,0.9999996478155021,1.000000094964665
-0.04,1.0318250688647954,118.00535099535914,-0.05311684698703676,-0.0001787660785681752,0.9999996637981382,1.0000000915324325
-0.04,1.0318250688647954,119.09824893193696,-0.052731821997929494,-0.00017356060983692636,0.9999996791615411,1.0000000882095474
-0.04,1.0318250688647954,120.2012686629055,-0.052354595166773696,-0.00016846346526845475,0.9999996939255892,1.0000000849927875
-0.04,1.0318250688647954,121.31450393052383,-0.05198510399112762,-0.00016347343923965785,0.9999997081096311,1.0000000818790256
-0.04,1.0318250688647954,122.43804934523853,-0.05162328461842849,-0.0001585893283673007,0.9999997217325026,1.0000000788652328
-0.04,1.0318250688647954,123.5720003937234,-0.051269071856034826,-0.00015380993106745895,0.9999997348125378,1.0000000759484735
-0.04,1.0318250688647954,124.7164534469956,-0.05092239918297256,-0.00014913404713288206,0.9999997473675808,1.0000000731258987
-0.04,1.0318250688647954,125.87150576860506,-0.05058319876326667,-0.00014456047732884335,0.9999997594150007,1.0000000703947474
-0.04,1.0318250688647954,127.03725552290106,-0.050251401460741064,-0.0001400880230079921,0.9999997709717021,1.000000067752341
-0.04,1.0318250688647954,128.21380178337475,-0.04992693685517702,-0.00013571548574477083,0.9999997820541364,1.0000000651960814
-0.04,1.0318250688647954,129.40124454107954,-0.04960973325973648,-0.00013144166699001413,0.9999997926783118,1.000000062723448
-0.04,1.0318250688647954,130.59968471312828,-0.049299717739567116,-0.00012726536774634663,0.999999802859807,1.0000000603319954
-0.04,1.0318250688647954,131.8092241512703,-0.04899681613152329,-0.0001231853882649663,0.9999998126137785,1.0000000580193493
-0.04,1.0318250688647954,133.02996565054787,-0.04870095306495866,-0.00011920052776449405,0.9999998219549718,1.000000055783206
-0.04,1.0318250688647954,134.26201295803162,-0.048412051983560536,-0.00011530958417248783,0.9999998308977315,1.00000005362133
-0.04,1.0318250688647954,135.5054707816382,-0.04813003516821718,-0.00011151135389023509,0.9999998394560095,1.0000000515315492
-0.04,1.0318250688647954,136.76044479902887,-0.047854823760927485,-0.0001078046315814339,0.9999998476433739,1.0000000495117558
-0.04,1.0318250688647954,138.02704166659132,-0.04758633778977858,-0.0001041882099853303,0.9999998554730194,1.000000047559901
-0.04,1.0318250688647954,139.30536902850287,-0.04732449619503179,-0.00010066087975485026,0.9999998629577744,1.000000045673997
-0.04,1.0318250688647954,140.5955355258802,-0.04706921685637019,-9.722142932021598e-05,0.9999998701101088,1.0000000438521104
-0.04,1.0318250688647954,141.8976508060113,-0.04682041662137174,-9.386864477849461e-05,0.9999998769421437,1.0000000420923647
-0.04,1.0318250688647954,143.21182553167466,-0.04657801133527861,-9.060130980950156e-05,0.9999998834656568,1.000000040392934
-0.04,1.0318250688647954,144.53817139054382,-0.04634191587213628,-8.741820561833499e-05,0.9999998896920922,1.0000000387520465
-0.04,1.0318250688647954,145.87680110468003,-0.04611204416738002,-8.43181109048916e-05,0.9999998956325654,1.0000000371679758
-0.04,1.0318250688647954,147.22782844011104,-0.045888309251941276,-8.129980186047693e-05,0.9999999012978731,1.0000000356390482
-0.04,1.0318250688647954,148.59136821650102,-0.04567062328794352,-7.836205219173633e-05,0.9999999066984963,1.0000000341636308
-0.04,1.0318250688647954,149.9675363169076,-0.045458897606048265,-7.550363317188944e-05,0.9999999118446115,1.0000000327401415
-0.04,1.0318250688647954,151.35644969763095,-0.04525304274450325,-7.272331371930681e-05,0.9999999167460929,1.0000000313670354
-0.04,1.0318250688647954,152.75822639815343,-0.04505296848992948,-7.001986050327792e-05,0.9999999214125229,1.0000000300428142
-0.04,1.0318250688647954,154.17298555117182,-0.04485858391987406,-6.739203807689708e-05,0.9999999258531943,1.0000000287660185
-0.04,1.0318250688647954,155.60084739272125,-0.04466979744713527,-6.483860903672445e-05,0.9999999300771194,1.000000027535227
-0.04,1.0318250688647954,157.0419332723941,-0.044486516865853455,-6.235833420897384e-05,0.9999999340930343,1.0000000263490574
-0.04,1.0318250688647954,158.4963656636536,-0.04430864939934141,-5.994997286181673e-05,0.9999999379094059,1.0000000252061652
-0.04,1.0318250688647954,159.96426817424148,-0.04413610174961243,-5.7612282943342086e-05,0.999999941534436,1.0000000241052398
-0.04,1.0318250688647954,161.44576555668382,-0.04396878014854411,-5.5344021344644365e-05,0.9999999449760694,1.0000000230450066
-0.04,1.0318250688647954,162.94098371889282,-0.04380659041060239,-5.314394418744818e-05,0.9999999482419967,1.000000022024224
-0.04,1.0318250688647954,164.4500497348682,-0.043649437987030956,-5.101080713559956e-05,0.9999999513396602,1.0000000210416828
-0.04,1.0318250688647954,165.97309185549548,-0.043497228021398555,-4.8943365729713294e-05,0.9999999542762623,1.000000020096206
-0.04,1.0318250688647954,167.5102395194472,-0.04334986540638177,-4.694037574417761e-05,0.9999999570587663,1.0000000191866458
-0.04,1.0318250688647954,169.06162336418203,-0.0432072548416494,-4.500059356568968e-05,0.9999999596939059,1.0000000183118865
-0.04,1.0318250688647954,170.6273752370482,-0.043069300892704006,-4.312277659241351e-05,0.9999999621881848,1.0000000174708397
-0.04,1.0318250688647954,172.20762820648835,-0.04293590805052813,-4.1305683652818735e-05,0.9999999645478871,1.0000000166624454
-0.04,1.0318250688647954,173.80251657334924,-0.04280698079187527,-3.9548075443183406e-05,0.9999999667790809,1.0000000158856717
-0.04,1.0318250688647954,175.41217588229446,-0.04268242364004245,-3.7848714982743916e-05,0.99999996888762,1.000000015139512
-0.04,1.0318250688647954,177.0367429333253,-0.04256214122595683,-3.620636808533907e-05,0.9999999708791537,1.0000000144229866
-0.04,1.0318250688647954,178.67635579340572,-0.04244603834940921,-3.4619803846471485e-05,0.9999999727591282,1.0000000137351408
-0.04,1.0318250688647954,180.33115380819694,-0.04233402004026718,-3.308779514452392e-05,0.9999999745327919,1.0000000130750444
-0.04,1.0318250688647954,182.00127761389967,-0.04222599161950408,-3.16091191549799e-05,0.9999999762052012,1.000000012441791
-0.04,1.0318250688647954,183.68686914920713,-0.04212185875988225,-3.0182557876305746e-05,0.9999999777812241,1.0000000118344976
-0.04,1.0318250688647954,185.38807166736675,-0.04202152754613581,-2.880689866624477e-05,0.999999979265545,1.0000000112523049
-0.04,1.0318250688647954,187.10502974835543,-0.041924904534503704,-2.7480934787135144e-05,0.9999999806626715,1.0000000106943736
-0.04,1.0318250688647954,188.83788931116757,-0.04183189681147043,-2.6203465958912727e-05,0.9999999819769342,1.000000010159888
-0.04,1.0318250688647954,190.58679762621514,-0.04174241205158128,-2.4973298918354112e-05,0.9999999832124953,1.0000000096480532
-0.04,1.0318250688647954,192.35190332784438,-0.041656358574205334,-2.3789247983156344e-05,0.9999999843733529,1.000000009158094
-0.04,1.0318250688647954,194.13335642696757,-0.04157364539913031,-2.2650135619360402e-05,0.9999999854633421,1.0000000086892566
-0.04,1.0318250688647954,195.93130832381254,-0.04149418230088082,-2.1554793010657565e-05,0.9999999864861434,1.0000000082408065
-0.04,1.0318250688647954,197.74591182078862,-0.04141787986166154,-2.0502060628058456e-05,0.9999999874452847,1.0000000078120288
-0.04,1.0318250688647954,199.5773211354742,-0.04134464952283528,-1.949078879841554e-05,0.9999999883441448,1.0000000074022262
-0.04,1.0318250688647954,201.42569191372198,-0.041274403634854934,-1.8519838270265258e-05,0.999999989185962,1.0000000070107218
-0.04,1.0318250688647954,203.29118124288746,-0.041207055505576344,-1.7588080775456722e-05,0.9999999899738325,1.0000000066368557
-0.04,1.0318250688647954,205.1739476651793,-0.04114251944688745,-1.669439958502814e-05,0.9999999907107185,1.0000000062799856
-0.04,1.0318250688647954,207.07415119113296,-0.041080710819595814,-1.5837690057804942e-05,0.9999999913994511,1.000000005939488
-0.04,1.0318250688647954,208.99195331321022,-0.04102154607652466,-1.501686018018921e-05,0.9999999920427345,1.0000000056147549
-0.04,1.0318250688647954,210.92751701952352,-0.04096494280377267,-1.4230831095643809e-05,0.9999999926431501,1.000000005305195
-0.04,1.0318250688647954,212.88100680768738,-0.04091081976009927,-1.3478537622369328e-05,0.9999999932031604,1.000000005010235
-0.04,1.0318250688647954,214.8525886987991,-0.04085909691440202,-1.2758928757742567e-05,0.9999999937251117,1.000000004729316
-0.04,1.0318250688647954,216.84243025154836,-0.040809695481257756,-1.2070968168067155e-05,0.9999999942112416,1.0000000044618957
-0.04,1.0318250688647954,218.85070057645706,-0.04076253795450205,-1.1413634662258144e-05,0.9999999946636773,1.0000000042074473
-0.04,1.0318250688647954,220.87757035025237,-0.04071754813882699,-1.078592264814161e-05,0.9999999950844446,1.0000000039654586
-0.04,1.0318250688647954,222.92321183037146,-0.040674651179378796,-1.0186842570060135e-05,0.9999999954754689,1.000000003735433
-0.04,1.0318250688647954,224.9877988696007,-0.040633773589340415,-9.615421326574209e-06,0.9999999958385777,1.0000000035168886
-0.04,1.0318250688647954,227.07150693085165,-0.04059484327548685,-9.07070266708406e-06,0.9999999961755082,1.0000000033093575
-0.04,1.0318250688647954,229.17451310207272,-0.040557789561702424,-8.55174756630069e-06,0.9999999964879058,1.0000000031123861
-0.04,1.0318250688647954,231.29699611129922,-0.04052254321045294,-8.057634575532562e-06,0.9999999967773325,1.0000000029255336
-0.04,1.0318250688647954,233.4391363418438,-0.04048903644220522,-7.587460149861476e-06,0.9999999970452654,1.0000000027483742
-0.04,1.0318250688647954,235.60111584762504,-0.040457202952791406,-7.140338950357604e-06,0.9999999972931047,1.0000000025804956
-0.04,1.0318250688647954,237.78311836864148,-0.040426977928714795,-6.715404120570939e-06,0.9999999975221712,1.0000000024214968
-0.04,1.0318250688647954,239.98532934658564,-0.04039829806039789,-6.311807536637696e-06,0.9999999977337162,1.0000000022709923
-0.04,1.0318250688647954,242.20793594060487,-0.04037110155337427,-5.928720030426039e-06,0.9999999979289191,1.0000000021286064
-0.04,1.0318250688647954,244.4511270432073,-0.04034532813742936,-5.56533158525187e-06,0.9999999981088935,1.0000000019939774
-0.04,1.0318250688647954,246.71509329631496,-0.04032091907369647,-5.2208515037895645e-06,0.9999999982746886,1.0000000018667563
-0.04,1.0318250688647954,249.00002710746668,-0.04029781715971885,-4.8945085479204615e-06,0.9999999984272917,1.0000000017466042
-0.04,1.0318250688647954,251.3061226661696,-0.04027596673248923,-4.585551050332505e-06,0.9999999985676336,1.0000000016331947
-0.04,1.0318250688647954,253.6335759604023,-0.04025531366948452,-4.293246997831179e-06,0.9999999986965877,1.0000000015262132
-0.04,1.0318250688647954,255.98258479327197,-0.04023580538771354,-4.01688408638174e-06,0.9999999988149749,1.0000000014253563
-0.04,1.0318250688647954,258.3533487998248,-0.040217390840802184,-3.755769748035294e-06,0.9999999989235667,1.0000000013303303
-0.04,1.0318250688647954,260.7460694640121,-0.04020002051414229,-3.509231149970825e-06,0.9999999990230841,1.0000000012408536
-0.04,1.0318250688647954,263.1609501358149,-0.04018364641813574,-3.276615165998473e-06,0.9999999991142051,1.000000001156655
-0.04,1.0318250688647954,265.59819604852424,-0.04016822207956927,-3.057288320940776e-06,0.9999999991975618,1.000000001077472
-0.04,1.0318250688647954,268.0580143361851,-0.04015370253115942,-2.850636708442186e-06,0.9999999992737475,1.0000000010030536
-0.04,1.0318250688647954,270.5406140511989,-0.04014004429931196,-2.656065882775627e-06,0.999999999343315,1.000000000933159
-0.04,1.0318250688647954,273.0462061820903,-0.04012720539014467,-2.473000725381975e-06,0.9999999994067811,1.0000000008675545
-0.04,1.0318250688647954,275.57500367143905,-0.04011514527382633,-2.300885286874334e-06,0.9999999994646265,1.0000000008060188
-0.04,1.0318250688647954,278.1272214339776,-0.04010382486728978,-2.1391826053772525e-06,0.9999999995172992,1.0000000007483363
-0.04,1.0318250688647954,280.7030763748543,-0.04009320651538106,-1.987374502099757e-06,0.9999999995652168,1.0000000006943044
-0.04,1.0318250688647954,283.30278740807006,-0.04008325397051059,-1.844961355107847e-06,0.9999999996087671,1.0000000006437249
-0.04,1.0318250688647954,285.9265754750807,-0.04007393237087687,-1.7114618523392076e-06,0.9999999996483105,1.0000000005964103
-0.04,1.0318250688647954,288.57466356357577,-0.04006520821733647,-1.5864127249176126e-06,0.9999999996841801,1.00000000055218
-0.04,1.0318250688647954,291.24727672642865,-0.04005704934899825,-1.4693684619109303e-06,0.9999999997166867,1.0000000005108638
-0.04,1.0318250688647954,293.94464210082356,-0.04004942491762218,-1.3599010076633713e-06,0.9999999997461152,1.0000000004722955
-0.04,1.0318250688647954,296.6669889275594,-0.04004230536090704,-1.2575994429125678e-06,0.9999999997727321,1.0000000004363188
-0.04,1.0318250688647954,299.4145485705322,-0.04003566237475245,-1.1620696508857598e-06,0.9999999997967813,1.000000000402784
-0.04,1.0318250688647954,302.18755453639716,-0.04002946888458453,-1.0729339696133186e-06,0.9999999998184885,1.0000000003715488
-0.04,1.0318250688647954,304.9862424944146,-0.0400236990158345,-9.898308317040482e-07,0.9999999998380629,1.000000000342477
-0.04,1.0318250688647954,307.81085029647846,-0.0400183280636622,-9.12414392818406e-07,0.999999999855695,1.0000000003154386
-0.04,1.0318250688647954,310.6616179973303,-0.0400133324620164,-8.403541500951767e-07,0.9999999998715619,1.0000000002903109
-0.04,1.0318250688647954,313.5387878749621,-0.0400086897521248,-7.733345517701991e-07,0.9999999998858248,1.0000000002669767
-0.04,1.0318250688647954,316.44260445120455,-0.04000437855050622,-7.110545992146521e-07,0.9999999998986323,1.0000000002453244
-0.04,1.0318250688647954,319.3733145125105,-0.040000378516597164,-6.532274426073103e-07,0.9999999999101211,1.00000000022525
-0.04,1.0318250688647954,322.3311671309267,-0.039996670320083756,-5.995799714363648e-07,0.9999999999204157,1.000000000206652
-0.04,1.0318250688647954,325.31641368526283,-0.03999323560802932,-5.498524009871302e-07,0.9999999999296303,1.0000000001894356
-0.04,1.0318250688647954,328.32930788245454,-0.03999005697188492,-5.037978559630543e-07,0.9999999999378685,1.0000000001735116
-0.04,1.0318250688647954,331.37010577912685,-0.03998711791446956,-4.611819523369542e-07,0.999999999945226,1.000000000158795
-0.04,1.0318250688647954,334.4390658033531,-0.03998440281700263,-4.217823784909863e-07,0.9999999999517889,1.0000000001452058
-0.04,1.0318250688647954,337.53644877662083,-0.03998189690626962,-3.8538847668344814e-07,0.9999999999576361,1.000000000132667
-0.04,1.0318250688647954,340.66251793599554,-0.039979586221997813,-3.5180082580983114e-07,0.99999999996284,1.0000000001211082
-0.04,1.0318250688647954,343.81753895649405,-0.039977457584516145,-3.208308264022294e-07,0.9999999999674646,1.000000000110462
-0.04,1.0318250688647954,347.00177997366285,-0.03997549856276869,-2.9230028874790937e-07,0.9999999999715697,1.0000000001006644
-0.04,1.0318250688647954,350.2155116063659,-0.039973697442748236,-2.6604102496131524e-07,0.9999999999752083,1.0000000000916556
-0.04,1.0318250688647954,353.4590069797847,-0.03997204319641149,-2.41894445819637e-07,0.9999999999784298,1.00000000008338
-0.04,1.0318250688647954,356.73254174862967,-0.039970525451133186,-2.1971116306276743e-07,0.9999999999812769,1.000000000075784
-0.04,1.0318250688647954,360.0363941205664,-0.03996913445975258,-1.9935059785526552e-07,0.9999999999837894,1.0000000000688183
-0.04,1.0318250688647954,363.37084487986095,-0.03996786107126018,-1.8068059605119368e-07,0.9999999999860035,1.0000000000624367
-0.04,1.0318250688647954,366.73617741124224,-0.03996669670216911,-1.6357705081602363e-07,0.9999999999879512,1.0000000000565956
-0.04,1.0318250688647954,370.13267772398575,-0.03996563330860984,-1.4792353314589893e-07,0.9999999999896614,1.0000000000512532
-0.04,1.0318250688647954,373.5606344762222,-0.039964663359183174,-1.336109307386787e-07,0.9999999999911596,1.000000000046373
-0.04,1.0318250688647954,377.02033899946696,-0.039963779808601184,-1.2053709565330348e-07,0.9999999999924705,1.0000000000419182
-0.04,1.0318250688647954,380.5120853233824,-0.03996297607214185,-1.0860650111086115e-07,0.9999999999936139,1.000000000037856
-0.04,1.0318250688647954,384.03617020076405,-0.03996224600093801,-9.772990776362107e-08,0.9999999999946093,1.0000000000341551
-0.04,1.0318250688647954,387.5928931327621,-0.03996158385811782,-8.782403970027693e-08,0.9999999999954737,1.000000000030787
-0.04,1.0318250688647954,391.18255639433437,-0.03996098429580851,-7.881127040969605e-08,0.9999999999962212,1.0000000000277243
-0.04,1.0318250688647954,394.8054650599374,-0.03996044233301262,-7.06193188835763e-08,0.9999999999968666,1.0000000000249427
-0.04,1.0318250688647954,398.4619270294508,-0.03995995333436074,-6.31809559933138e-08,0.9999999999974213,1.0000000000224183
-0.04,1.0318250688647954,402.15225305434814,-0.03995951298974193,-5.6433721231943477e-08,0.9999999999978962,1.0000000000201295
-0.04,1.0318250688647954,405.87675676410373,-0.039959117294809256,-5.031964988041006e-08,0.9999999999983015,1.000000000018058
-0.04,1.0318250688647954,409.6357546928489,-0.039958762532354426,-4.4785010613596335e-08,0.9999999999986446,1.0000000000161828
-0.04,1.0318250688647954,413.4295663062725,-0.03995844525454306,-3.978005352610961e-08,0.9999999999989347,1.0000000000144886
-0.04,1.0318250688647954,417.25851402877123,-0.03995816226599847,-3.525876853474114e-08,0.999999999999178,1.0000000000129583
-0.04,1.0318250688647954,421.12292327085265,-0.039957910607720186,-3.1178654065482396e-08,0.9999999999993798,1.0000000000115787
-0.04,1.0318250688647954,425.02312245678996,-0.03995768754182012,-2.7500495931991868e-08,0.9999999999995465,1.0000000000103355
-0.04,1.0318250688647954,428.95944305253283,-0.03995749053705838,-2.4188156248720132e-08,0.9999999999996826,1.0000000000092166
-0.04,1.0318250688647954,432.9322195938791,-0.03995731725515759,-2.1208372244321952e-08,0.9999999999997927,1.0000000000082108
-0.04,1.0318250688647954,436.9417897149054,-0.039957165537873665,-1.8530564772599698e-08,0.9999999999998797,1.0000000000073073
-0.04,1.0318250688647954,440.98849417666133,-0.039957033394799876,-1.6126656333305045e-08,0.9999999999999487,1.0000000000064964
-0.04,1.0318250688647954,445.0726768961314,-0.03995691899187877,-1.3970898379030793e-08,1.0000000000000009,1.0000000000057694
-0.04,1.0318250688647954,449.19468497546023,-0.03995682064059672,-1.2039707682033679e-08,1.0000000000000402,1.000000000005119
-0.04,1.0318250688647954,453.3548687314555,-0.03995673678783428,-1.0311511506634301e-08,1.0000000000000682,1.000000000004537
-0.04,1.0318250688647954,457.55358172535705,-0.03995666600634524,-8.766601327804712e-09,1.000000000000087,1.000000000004017
-0.04,1.0318250688647954,461.7911807928867,-0.039956606985837126,-7.386994839895524e-09,1.0000000000000993,1.0000000000035525
-0.04,1.0318250688647954,466.0680260745743,-0.039956558524625166,-6.156305970182734e-09,1.0000000000001052,1.0000000000031388
-0.04,1.0318250688647954,470.3844810463644,-0.03995651952183205,-5.0596226106282046e-09,1.000000000000108,1.0000000000027696
-0.04,1.0318250688647954,474.7409125505084,-0.039956488970105945,-4.083391800939189e-09,1.0000000000001072,1.0000000000024412
-0.04,1.0318250688647954,479.1376908267404,-0.03995646594882902,-3.215312049356754e-09,1.000000000000105,1.000000000002149
-0.04,1.0318250688647954,483.57518954374194,-0.039956449617789935,-2.444232515844375e-09,1.0000000000001017,1.0000000000018896
-0.04,1.0318250688647954,488.0537858309,-0.03995643921129322,-1.7600587643869785e-09,1.000000000000099,1.0000000000016596
-0.04,1.0318250688647954,492.5738603103579,-0.039956434032679976,-1.1536647858779917e-09,1.0000000000000964,1.000000000001455
-0.04,1.0318250688647954,497.1357971293627,-0.03995643344923428,-6.168110044247334e-10,1.000000000000095,1.000000000001274
-0.04,1.0318250688647954,501.7399839929145,-0.03995643688745129,-1.420679931023469e-10,1.0000000000000948,1.0000000000011136
-0.04,1.0318250688647954,506.3868121967132,-0.03995644382864258,2.7725440397811216e-10,1.0000000000000977,1.0000000000009721
-0.04,1.0318250688647954,511.0766766604169,-0.03995645380485679,6.471727970500403e-10,1.0000000000001026,1.0000000000008469
-0.04,1.0318250688647954,515.809975961202,-0.03995646639509314,9.73091127096715e-10,1.0000000000001104,1.0000000000007365
-0.04,1.0318250688647954,520.5871123676386,-0.03995648122178718,1.259856918482861e-09,1.0000000000001208,1.0000000000006388
-0.04,1.0318250688647954,525.4084918738774,-0.03995649794754897,1.5118132055927246e-09,1.0000000000001332,1.0000000000005527
-0.04,1.0318250688647954,530.2745242341559,-0.03995651627213464,1.7328463641471494e-09,1.0000000000001499,1.0000000000004767
-0.04,1.0318250688647954,535.1856229976182,-0.039956535929633774,1.9264300953853632e-09,1.0000000000001688,1.00000000000041
-0.04,1.0318250688647954,540.1422055434659,-0.03995655668585576,2.095665803506585e-09,1.0000000000001912,1.0000000000003515
-0.04,1.0318250688647954,545.1446931164259,-0.039956578335899356,2.2433195914539264e-09,1.0000000000002158,1.0000000000002998
-0.04,1.0318250688647954,550.1935108625528,-0.03995660070189092,2.371856095329862e-09,1.0000000000002431,1.0000000000002547
-0.04,1.0318250688647954,555.2890878653604,-0.03995662363087733,2.483469368546897e-09,1.0000000000002738,1.0000000000002147
-0.04,1.0318250688647954,560.4318571822878,-0.03995664699286133,2.580111017876828e-09,1.0000000000003062,1.0000000000001799
-0.04,1.0318250688647954,565.6222558815047,-0.03995667067896707,2.663515784694312e-09,1.000000000000341,1.0000000000001494
-0.04,1.0318250688647954,570.8607250790558,-0.039956694599725395,2.7352247549598774e-09,1.0000000000003775,1.0000000000001232
-0.04,1.0318250688647954,576.1477099763489,-0.03995671868346885,2.79660637350586e-09,1.0000000000004163,1.0000000000001001
-0.04,1.0318250688647954,581.4836598979924,-0.039956742874827304,2.848875429671041e-09,1.0000000000004565,1.00000000000008
-0.04,1.0318250688647954,586.8690283299819,-0.039956767133315765,2.893110174348174e-09,1.0000000000004976,1.0000000000000626
-0.04,1.0318250688647954,592.3042729582397,-0.03995679143200744,2.9302677088714506e-09,1.0000000000005402,1.000000000000047
-0.04,1.0318250688647954,597.7898557075149,-0.03995681575628458,2.96119780066432e-09,1.000000000000583,1.0000000000000346
-0.04,1.0318250688647954,603.3262427806361,-0.03995684010266166,2.9866552449099175e-09,1.0000000000006266,1.0000000000000235
-0.04,1.0318250688647954,608.913904698138,-0.039956864477675054,3.0073109023443257e-09,1.00000000000067,1.000000000000014
-0.04,1.0318250688647954,614.5533163382452,-0.03995688889683469,3.0237615328266957e-09,1.0000000000007137,1.000000000000006
-0.04,1.0318250688647954,620.2449569772324,-0.039956913383633004,3.0365385299564425e-09,1.000000000000757,0.9999999999999992
-0.04,1.0318250688647954,625.9893103301563,-0.03995693796860791,3.0461156538991066e-09,1.0000000000007996,0.9999999999999939
-0.04,1.0318250688647954,631.7868645919671,-0.0399569626884562,3.052915870080284e-09,1.000000000000841,0.9999999999999897
-0.04,1.0318250688647954,637.638112478994,-0.03995698758519428,3.057317373508529e-09,1.0000000000008817,0.9999999999999861
-0.04,1.0318250688647954,643.5435512708254,-0.039957012705364246,3.059658871739686e-09,1.000000000000921,0.9999999999999836
-0.04,1.0318250688647954,649.5036828525664,-0.03995703809928274,3.0602442245095306e-09,1.0000000000009588,0.9999999999999817
-0.04,1.0318250688647954,655.5190137574945,-0.03995706382033077,3.0593464864821994e-09,1.0000000000009948,0.9999999999999807
-0.04,1.0318250688647954,661.5900552101086,-0.039957089924282985,3.0572114340159474e-09,1.0000000000010285,0.9999999999999801
-0.04,1.0318250688647954,667.7173231695753,-0.03995711646867496,3.0540606212039924e-09,1.0000000000010603,0.9999999999999803
-0.04,1.0318250688647954,673.9013383735801,-0.03995714351220747,3.0500940292897754e-09,1.0000000000010896,0.9999999999999807
-0.04,1.0318250688647954,680.1426263825831,-0.03995717111418638,3.045492350935313e-09,1.0000000000011164,0.9999999999999812
-0.04,1.0318250688647954,686.4417176244827,-0.03995719933399769,3.0404189664442888e-09,1.000000000001141,0.9999999999999827
-0.04,1.0318250688647954,692.7991474396972,-0.03995722823061673,3.0350216272157607e-09,1.0000000000011622,0.999999999999984
-0.04,1.0318250688647954,699.215456126661,-0.0399572578621509,3.029433914592964e-09,1.000000000001181,0.9999999999999858
-0.04,1.0318250688647954,705.6911889877423,-0.0399572882854155,3.023776479019674e-09,1.0000000000011973,0.9999999999999877
-0.04,1.0318250688647954,712.2268963755895,-0.039957319555541666,3.018158109721493e-09,1.00000000000121,0.9999999999999901
-0.04,1.0318250688647954,718.8231337398989,-0.03995735172561665,3.0126766475250435e-09,1.0000000000012201,0.9999999999999928
-0.04,1.0318250688647954,725.4804616746267,-0.03995738484635499,3.0074197694149053e-09,1.0000000000012268,0.9999999999999951
-0.04,1.0318250688647954,732.1994459656265,-0.03995741896580094,3.0024656672109552e-09,1.0000000000012308,0.9999999999999979
-0.04,1.0318250688647954,738.9806576387373,-0.03995745412906113,2.9978836362065287e-09,1.0000000000012321,1.0000000000000007
-0.04,1.0318250688647954,745.8246730083114,-0.039957490378066965,2.9937345876788515e-09,1.0000000000012297,1.0000000000000036
-0.04,1.0318250688647954,752.7320737261965,-0.03995752775136649,2.9900715047209214e-09,1.0000000000012248,1.0000000000000062
-0.04,1.0318250688647954,759.7034468311634,-0.03995756628394486,2.98693984941885e-09,1.000000000001217,1.000000000000009
-0.04,1.0318250688647954,766.7393847988028,-0.03995760600707268,2.984377931551285e-09,1.0000000000012064,1.000000000000012
-0.04,1.0318250688647954,773.8404855918722,-0.039957646948181984,2.982417249796789e-09,1.0000000000011928,1.0000000000000144
-0.04,1.0318250688647954,781.0073527111184,-0.03995768913076855,2.981082810577435e-09,1.0000000000011768,1.0000000000000173
-0.04,1.0318250688647954,788.2405952465664,-0.03995773257432025,2.9803934329966657e-09,1.0000000000011582,1.00000000000002
-0.04,1.0318250688647954,795.5408279292831,-0.03995777729427024,2.9803620422275658e-09,1.0000000000011375,1.0000000000000224
-0.04,1.0318250688647954,802.9086711836236,-0.03995782330197432,2.9809959577090982e-09,1.0000000000011147,1.000000000000025
-0.04,1.0318250688647954,810.3447511799583,-0.03995787060471149,2.9822971767100026e-09,1.0000000000010891,1.0000000000000275
-0.04,1.0318250688647954,817.8496998878867,-0.03995791920570667,2.9842626598698494e-09,1.0000000000010618,1.00000000000003
-0.04,1.0318250688647954,825.4241551299497,-0.03995796910417452,2.98688461463261e-09,1.000000000001033,1.0000000000000315
-0.04,1.0318250688647954,833.0687606358348,-0.03995802029538349,2.990150782087466e-09,1.000000000001002,1.0000000000000338
-0.04,1.0318250688647954,840.7841660970844,-0.03995807277073875,2.994044726637577e-09,1.0000000000009697,1.0000000000000355
-0.04,1.0318250688647954,848.5710272223139,-0.03995812651788306,2.9985461289454767e-09,1.0000000000009361,1.000000000000037
-0.04,1.0318250688647954,856.4300057929329,-0.039958181520814304,3.003631079183456e-09,1.0000000000009013,1.0000000000000386
-0.04,1.0318250688647954,864.3617697193946,-0.0399582377600185,3.009272375789401e-09,1.0000000000008653,1.0000000000000397
-0.04,1.0318250688647954,872.3669930979535,-0.03995829521261728,3.0154398228239604e-09,1.000000000000829,1.0000000000000413
-0.04,1.0318250688647954,880.4463562679581,-0.03995835385252822,3.0221005309017355e-09,1.0000000000007916,1.0000000000000417
-0.04,1.0318250688647954,888.6005458696701,-0.03995841365063719,3.0292192131643265e-09,1.0000000000007543,1.0000000000000424
-0.04,1.0318250688647954,896.8302549026189,-0.039958474574981424,3.0367584866197627e-09,1.0000000000007163,1.0000000000000433
-0.04,1.0318250688647954,905.1361827845002,-0.039958536590941764,3.0446791642585713e-09,1.000000000000678,1.000000000000044
-0.04,1.0318250688647954,913.5190354106156,-0.039958599661443314,3.052940547963492e-09,1.00000000000064,1.000000000000044
-0.04,1.0318250688647954,921.9795252138629,-0.03995866374716294,3.061500715292544e-09,1.0000000000006024,1.000000000000044
-0.04,1.0318250688647954,930.5183712252855,-0.03995872880674271,3.0703167959174654e-09,1.0000000000005647,1.0000000000000442
-0.04,1.0318250688647954,939.1362991351807,-0.039958794797007806,3.0793452508306484e-09,1.0000000000005278,1.0000000000000437
-0.04,1.0318250688647954,947.8340413547725,-0.03995886167318802,3.08854213063879e-09,1.0000000000004916,1.000000000000043
-0.04,1.0318250688647954,956.6123370784595,-0.03995892938914157,3.097863336965698e-09,1.0000000000004559,1.0000000000000422
-0.04,1.0318250688647954,965.4719323466358,-0.03995899789758033,3.1072648621873203e-09,1.0000000000004217,1.0000000000000415
-0.04,1.0318250688647954,974.4135801090915,-0.03995906715029511,3.116703027484116e-09,1.0000000000003881,1.0000000000000406
-0.04,1.0318250688647954,983.4380402890077,-0.03995913709838025,3.1261347021972296e-09,1.000000000000356,1.0000000000000395
-0.04,1.0318250688647954,992.5460798475383,-0.039959207692456644,3.13551751427095e-09,1.000000000000325,1.0000000000000386
-0.04,1.0318250688647954,1001.7384728489908,-0.039959278882891885,3.1448100490682717e-09,1.0000000000002955,1.0000000000000373
-0.04,1.0318250688647954,1011.0160005266158,-0.0399593506200171,3.1539720298296994e-09,1.000000000000268,1.0000000000000355
-0.04,1.0318250688647954,1020.3794513489946,-0.039959422854339295,3.1629644873196386e-09,1.0000000000002418,1.0000000000000342
-0.04,1.0318250688647954,1029.8296210870567,-0.03995949553674879,3.1717499145163835e-09,1.0000000000002167,1.0000000000000324
-0.04,1.0318250688647954,1039.3673128817031,-0.03995956861872058,3.180292408398592e-09,1.0000000000001943,1.0000000000000309
-0.04,1.0318250688647954,1048.993337312066,-0.03995964205250942,3.188557796938876e-09,1.0000000000001732,1.0000000000000286
-0.04,1.0318250688647954,1058.7085124643972,-0.03995971579133782,3.1965137471259826e-09,1.0000000000001543,1.0000000000000273
-0.04,1.0318250688647954,1068.5136640015942,-0.03995978978957622,3.204129866066674e-09,1.000000000000137,1.000000000000025
-0.04,1.0318250688647954,1078.4096252333723,-0.039959864002915055,3.2113777844135766e-09,1.0000000000001223,1.0000000000000233
-0.04,1.0318250688647954,1088.3972371870843,-0.03995993838852837,3.218231222818117e-09,1.000000000000109,1.0000000000000209
-0.04,1.0318250688647954,1098.4773486791944,-0.03996001290522821,3.2246660508040855e-09,1.000000000000098,1.0000000000000189
-0.04,1.0318250688647954,1108.650816387419,-0.03996008751360976,3.230660327496483e-09,1.0000000000000893,1.0000000000000167
-0.04,1.0318250688647954,1118.9185049235327,-0.03996016217618684,3.2361943325213257e-09,1.0000000000000826,1.0000000000000147
-0.04,1.0318250688647954,1129.2812869068487,-0.03996023685751746,3.2412505832875837e-09,1.0000000000000777,1.0000000000000124
-0.04,1.0318250688647954,1139.740043038382,-0.03996031152431933,3.245813839961725e-09,1.0000000000000748,1.00000000000001
-0.04,1.0318250688647954,1150.2956621756925,-0.039960386145575136,3.249871100680806e-09,1.0000000000000746,1.000000000000008
-0.04,1.0318250688647954,1160.9490414084332,-0.03996046069262738,3.253411585095149e-09,1.0000000000000757,1.0000000000000058
-0.04,1.0318250688647954,1171.7010861345848,-0.0399605351392631,3.2564267076125497e-09,1.0000000000000793,1.0000000000000038
-0.04,1.0318250688647954,1182.5527101374053,-0.03996060946178787,3.258910041368763e-09,1.000000000000085,1.0000000000000016
-0.04,1.0318250688647954,1193.5048356630894,-0.039960683639089695,3.2608572747807055e-09,1.0000000000000921,0.9999999999999994
-0.04,1.0318250688647954,1204.55839349915,-0.03996075765269242,3.262266157636367e-09,1.0000000000001015,0.9999999999999974
-0.04,1.0318250688647954,1215.7143230535173,-0.03996083148679918,3.2631364410789308e-09,1.0000000000001126,0.9999999999999956
-0.04,1.0318250688647954,1226.9735724343827,-0.03996090512832554,3.2634698110231545e-09,1.0000000000001257,0.9999999999999934
-0.04,1.0318250688647954,1238.33709853077,-0.039960978566922975,3.2632698145469066e-09,1.0000000000001399,0.9999999999999916
-0.04,1.0318250688647954,1249.8058670938608,-0.03996105179499262,3.2625417813324257e-09,1.0000000000001563,0.9999999999999898
-0.04,1.0318250688647954,1261.3808528190714,-0.03996112480768957,3.2612927401805163e-09,1.000000000000174,0.9999999999999879
-0.04,1.0318250688647954,1273.0630394288874,-0.039961197602918004,3.2595313314039573e-09,1.0000000000001934,0.9999999999999862
-0.04,1.0318250688647954,1284.8534197564702,-0.03996127018131752,3.257267715298945e-09,1.000000000000214,0.9999999999999843
-0.04,1.0318250688647954,1296.7529958300336,-0.03996134254624077,3.2545134784830525e-09,1.0000000000002363,0.9999999999999828
-0.04,1.0318250688647954,1308.7627789579997,-0.03996141470372298,3.251281536156426e-09,1.0000000000002596,0.9999999999999815
-0.04,1.0318250688647954,1320.883789814951,-0.03996148666244338,3.2475860353911416e-09,1.000000000000284,0.9999999999999801
-0.04,1.0318250688647954,1333.1170585283726,-0.039961558433679316,3.243442253826192e-09,1.0000000000003093,0.9999999999999784
-0.04,1.0318250688647954,1345.4636247661995,-0.039961630031253026,3.2388664997359434e-09,1.0000000000003364,0.999999999999977
-0.04,1.0318250688647954,1357.924537825179,-0.03996170147147157,3.2338760129574534e-09,1.0000000000003635,0.9999999999999759
-0.04,1.0318250688647954,1370.500856720038,-0.039961772773060636,3.228488861732356e-09,1.0000000000003921,0.9999999999999748
-0.04,1.0318250688647954,1383.1936502734964,-0.039961843957092014,3.2227238444489433e-09,1.000000000000421,0.9999999999999736
-0.04,1.0318250688647954,1396.0039972070938,-0.03996191504690572,3.2166003904562295e-09,1.000000000000451,0.9999999999999728
-0.04,1.0318250688647954,1408.9329862328714,-0.039961986068026756,3.210138463378144e-09,1.0000000000004812,0.9999999999999717
-0.04,1.0318250688647954,1421.9817161458968,-0.03996205704807732,3.203358465717919e-09,1.0000000000005118,0.9999999999999711
-0.04,1.0318250688647954,1435.1512959176512,-0.039962128016684265,3.1962811438804037e-09,1.000000000000543,0.9999999999999704
-0.04,1.0318250688647954,1448.4428447902692,-0.03996219900538313,3.1889274990002775e-09,1.0000000000005742,0.9999999999999699
-0.04,1.0318250688647954,1461.8574923716699,-0.03996227004751816,3.1813186975773575e-09,1.0000000000006055,0.9999999999999689
-0.04,1.0318250688647954,1475.3963787315492,-0.03996234117813936,3.1734759875495145e-09,1.0000000000006375,0.9999999999999689
-0.04,1.0318250688647954,1489.0606544982772,-0.039962412433896984,3.165420612941683e-09,1.0000000000006695,0.9999999999999687
-0.04,1.0318250688647954,1502.8514809566846,-0.03996248385293324,3.157173739632506e-09,1.0000000000007008,0.9999999999999681
-0.04,1.0318250688647954,1516.7700301467542,-0.0399625554747725,3.148756376833238e-09,1.000000000000732,0.9999999999999681
-0.04,1.0318250688647954,1530.8174849632353,-0.03996262734020959,3.1401893071571975e-09,1.0000000000007638,0.9999999999999678
-0.04,1.0318250688647954,1544.9950392561707,-0.03996269949119693,3.131493015639407e-09,1.0000000000007943,0.9999999999999676
-0.04,1.0318250688647954,1559.3038979323546,-0.039962771970731004,3.122687629365562e-09,1.000000000000825,0.9999999999999677
-0.04,1.0318250688647954,1573.7452770577393,-0.039962844822738,3.1137928559503336e-09,1.0000000000008553,0.9999999999999676
-0.04,1.0318250688647954,1588.3204039607824,-0.039962918091959385,3.1048279268514057e-09,1.0000000000008846,0.999999999999968
-0.04,1.0318250688647954,1603.0305173367537,-0.039962991823837786,3.095811545284789e-09,1.0000000000009135,0.9999999999999679
-0.04,1.0318250688647954,1617.8768673530133,-0.03996306606440304,3.0867618403388873e-09,1.0000000000009417,0.999999999999968
-0.04,1.0318250688647954,1632.8607157552478,-0.039963140860159146,3.077696318686089e-09,1.0000000000009694,0.9999999999999685
-0.04,1.0318250688647954,1647.9833359747165,-0.03996321625797221,3.0686318280457515e-09,1.0000000000009963,0.999999999999969
-0.04,1.0318250688647954,1663.2460132364645,-0.03996329230495963,3.05958451946156e-09,1.0000000000010223,0.9999999999999695
-0.04,1.0318250688647954,1678.6500446685554,-0.039963369048380895,3.050569815827921e-09,1.0000000000010474,0.9999999999999698
-0.04,1.0318250688647954,1694.1967394123092,-0.03996344653553015,3.0416023821626763e-09,1.0000000000010716,0.9999999999999704
-0.04,1.0318250688647954,1709.8874187335668,-0.03996352481363072,3.0326961025515925e-09,1.000000000001095,0.9999999999999707
-0.04,1.0318250688647954,1725.7234161349695,-0.03996360392973196,3.0238640587092577e-09,1.000000000001117,0.9999999999999712
-0.04,1.0318250688647954,1741.706077469303,-0.03996368393060837,3.0151185117804992e-09,1.0000000000011384,0.999999999999972
-0.04,1.0318250688647954,1757.8367610538646,-0.03996376486266145,3.0064708895789195e-09,1.0000000000011584,0.9999999999999731
-0.04,1.0318250688647954,1774.1168377859105,-0.03996384677182435,2.997931775300964e-09,1.000000000001177,0.9999999999999735
-0.04,1.0318250688647954,1790.547691259161,-0.03996392970346923,2.9895108996584325e-09,1.0000000000011948,0.9999999999999741
-0.04,1.0318250688647954,1807.1307178813868,-0.03996401370231787,2.9812171387266918e-09,1.0000000000012117,0.9999999999999751
-0.04,1.0318250688647954,1823.867326993091,-0.03996409881235551,2.9730585110573778e-09,1.000000000001227,0.9999999999999756
-0.04,1.0318250688647954,1840.7589409872808,-0.0399641850767478,2.965042179840632e-09,1.0000000000012415,0.9999999999999762
-0.04,1.0318250688647954,1857.8069954303487,-0.03996427253776126,2.957174457109858e-09,1.000000000001254,0.999999999999977
-0.04,1.0318250688647954,1875.012939184082,-0.03996436123668735,2.9494608115764796e-09,1.0000000000012659,0.9999999999999779
-0.04,1.0318250688647954,1892.378234528796,-0.039964451213769764,2.9419058770024787e-09,1.0000000000012768,0.9999999999999788
-0.04,1.0318250688647954,1909.9043572876058,-0.039964542508135775,2.9345134637433444e-09,1.000000000001286,0.9999999999999799
-0.04,1.0318250688647954,1927.592796951861,-0.03996463515773092,2.9272865740224192e-09,1.000000000001294,0.9999999999999808
-0.04,1.0318250688647954,1945.4450568077177,-0.03996472919925748,2.920227415900842e-09,1.0000000000013003,0.9999999999999813
-0.04,1.0318250688647954,1963.4626540639163,-0.03996482466811691,2.9133374226856605e-09,1.0000000000013063,0.9999999999999825
-0.04,1.0318250688647954,1981.6471199807077,-0.03996492159835566,2.9066172706058764e-09,1.0000000000013105,0.9999999999999831
-0.04,1.0318250688647954,2000.0,-0.039965020022615004,2.9000669015853265e-09,1.0000000000013136,0.9999999999999839
-0.02,1.0319004109222831,0.0,0.0,0.0,0.0,1.0319004109222831
-0.02,1.0319004109222831,0.05,-0.0011897695093313941,0.023404157996216934,0.02969035353470082,1.0314153031635862
-0.02,1.0319004109222831,0.1,-0.0046049960065002995,0.044532757132104514,0.059266593352005244,1.030930219419863
-0.02,1.0319004109222831,0.15000000000000002,-0.010025159698748098,0.06352616778216828,0.08862766618545563,1.0304452190015634
-0.02,1.0319004109222831,0.2,-0.01724357366670437,0.08051984950933772,0.11768560048916997,1.0299603962022048
-0.02,1.0319004109222831,0.25,-0.026066826681252563,0.09564418316267884,0.1463643140077424,1.029475876596665
-0.02,1.0319004109222831,0.30000000000000004,-0.036314279070752506,0.10902435274369443,0.17459851305254068,1.0289918135079719
-0.02,1.0319004109222831,0.35000000000000003,-0.04781755212025264,0.12078027163964164,0.20233267657355136,1.0285083846279512
-0.02,1.0319004109222831,0.4,-0.0604200154326936,0.13102654822094287,0.2295201188361611,1.028025788782417
-0.02,1.0319004109222831,0.45,-0.07397619673654043,0.139872486167436,0.2561221250893408,1.0275442428360089
-0.02,1.0319004109222831,0.5,-0.08835130339095103,0.14742211527771823,0.28210715513475376,1.0270639787347042
-0.02,1.0319004109222831,0.55,-0.10342071097092824,0.1537742488367749,0.3074501101249969,1.0265852406863525
-0.02,1.0319004109222831,0.6000000000000001,-0.11906936435631504,0.15902256393363043,0.3321316582416183,1.0261082824817445
-0.02,1.0319004109222831,0.65,-0.13519138961661017,0.16325570148534707,0.35613761531130145,1.0256333649582927
-0.02,1.0319004109222831,0.7000000000000001,-0.15168946263558733,0.16655738291017905,0.3794583765608974,1.0251607536107192
-0.02,1.0319004109222831,0.75,-0.16847445145705964,0.16900654078946234,0.4020883961087999,1.0246907163508712
-0.02,1.0319004109222831,0.8,-0.18546483846241393,0.17067746097465786,0.42402571084803387,1.024223521420802
-0.02,1.0319004109222831,0.8500000000000001,-0.20258632883822958,0.17163993395568047,0.44527150572327057,1.0237594354602644
-0.02,1.0319004109222831,0.9,-0.2197714003392451,0.1719594134324869,0.465829717465594,1.0232987217309892
-0.02,1.0319004109222831,0.9500000000000001,-0.2369588256690217,0.1716971802758151,0.48570667407559226,1.0228416384978984
-0.02,1.0319004109222831,1.0,-0.25409335468000205,0.17091051027916399,0.5049107675156943,1.0223884375664598
-0.02,1.0319004109222831,1.05,-0.27112523855956583,0.16965284419597293,0.5234521571361069,1.0219393629754565
-0.02,1.0319004109222831,1.1,-0.28800988382538834,0.16797395882208135,0.5413425016003242,1.0214946498417
-0.02,1.0319004109222831,1.1500000000000001,-0.3047075321022934,0.1659201379671572,0.5585947171432472,1.0210545233534678
-0.02,1.0319004109222831,1.2000000000000002,-0.3211828561859884,0.16353434229458855,0.5752227601075447,1.020619197908477
-0.02,1.0319004109222831,1.25,-0.33740466320173634,0.16085637719764997,0.5912414318866412,1.0201888763903892
-0.02,1.0319004109222831,1.3,-0.35334561689323674,0.15792305794221295,0.6066662044701205,1.0197637495779919
-0.02,1.0319004109222831,1.35,-0.36898190424337285,0.15476837141677793,0.6215130648854326,1.0193439956806374
-0.02,1.0319004109222831,1.4000000000000001,-0.3842929623243345,0.15142363397314443,0.6357983769793097,1.0189297799922674
-0.02,1.0319004109222831,1.4500000000000002,-0.39926125193778395,0.14791764490186896,0.6495387590673947,1.0185212546562685
-0.02,1.0319004109222831,1.5,-0.413871998449812,0.14427683515331846,0.6627509760525837,1.0181185585336003
-0.02,1.0319004109222831,1.55,-0.4281129409011497,0.14052541102153837,0.6754518447275832,1.0177218171659579
-0.02,1.0319004109222831,1.6,-0.4419741334235863,0.1366854925762622,0.6876581510783707,1.0173311428254612
-0.02,1.0319004109222831,1.6500000000000001,-0.45544775736295107,0.1327772466650226,0.6993865784713154,1.016946634642797
-0.02,1.0319004109222831,1.7000000000000002,-0.4685279178359042,0.12881901436737284,0.7106536456813266,1.016568378805945
-0.02,1.0319004109222831,1.75,-0.4812104564590853,0.12482743285004312,0.7214756538097565,1.0161964488214268
-0.02,1.0319004109222831,1.8,-0.4934927976810583,0.12081755160928036,0.731868641218523,1.0158309058302435
-0.02,1.0319004109222831,1.85,-0.5053738053842373,0.1168029431102806,0.7418483456655611,1.015471798971189
-0.02,1.0319004109222831,1.9000000000000001,-0.5168536336946182,0.11279580787014652,0.7514301728869428,1.0151191657846323
-0.02,1.0319004109222831,1.9500000000000002,-0.5279335855079531,0.1088070740708429,0.760629170939104,1.0147730326501223
-0.02,1.0319004109222831,2.0,-0.5386159926173149,0.10484649181239085,0.7694600096775254,1.0144334152513972
-0.02,1.0319004109222831,2.0500000000000003,-0.548904110612161,0.10092272212789904,0.7779369647988468,1.0141003190629878
-0.02,1.0319004109222831,2.1,-0.5588020154246368,0.09704342089682329,0.7860739059185782,1.0137737398530653
-0.02,1.0319004109222831,2.15,-0.5683145008906679,0.09321531781326554,0.7938842882040322,1.0134536641976777
-0.02,1.0319004109222831,2.2,-0.5774469860195957,0.0894442905817245,0.8013811471298858,1.0131400700018087
-0.02,1.0319004109222831,2.25,-0.5862054358918458,0.08573543451819025,0.8085770959661331,1.0128329270231102
-0.02,1.0319004109222831,2.3000000000000003,-0.5945962912369773,0.08209312773558913,0.8154843256436926,1.0125321973946473
-0.02,1.0319004109222831,2.35,-0.6026264005592915,0.0785210920963609,0.8221146066750697,1.0122378361434305
-0.02,1.0319004109222831,2.4000000000000004,-0.6103029543404085,0.07502245012114794,0.828479292839467,1.0119497917019418
-0.02,1.0319004109222831,2.45,-0.6176334250810975,0.07159977804610675,0.8345893263730711,1.0116680064101295
-0.02,1.0319004109222831,2.5,-0.6246255156010923,0.06825515521950837,0.8404552444336288,1.011392417005709
-0.02,1.0319004109222831,2.5500000000000003,-0.6312871141235162,0.06499021002337814,0.8460871866327226,1.0111229551009067
-0.02,1.0319004109222831,2.6,-0.6376262529343918,0.06180616250169836,0.8514949034503618,1.0108595476441529
-0.02,1.0319004109222831,2.6500000000000004,-0.6436510689419374,0.05870386387436798,0.8566877653663499,1.0106021173655222
-0.02,1.0319004109222831,2.7,-0.6493697668817914,0.055683833113896276,0.8616747725620368,1.0103505832049477
-0.02,1.0319004109222831,2.75,-0.6547905867365931,0.052746290757520756,0.8664645650640442,1.010104860722466
-0.02,1.0319004109222831,2.8000000000000003,-0.6599217758889498,0.0498911901207697,0.8710654332175485,1.0098648624899322
-0.02,1.0319004109222831,2.85,-0.6647715650727308,0.047118246070920605,0.8754853283903967,1.0096304984638373
-0.02,1.0319004109222831,2.9000000000000004,-0.6693481466986152,0.044426961511975185,0.879731873821317,1.0094016763390672
-0.02,1.0319004109222831,2.95,-0.6736596547512079,0.041816651727124704,0.8838123755363667,1.0091783018835774
-0.02,1.0319004109222831,3.0,-0.6777141463811267,0.03928646671943508,0.8877338332680194,1.0089602792541177
-0.02,1.0319004109222831,3.0500000000000003,-0.6815195857407037,0.036835411685622835,0.8915029513208078,1.0087475112932096
-0.02,1.0319004109222831,3.1,-0.6850838303618885,0.034462365750949,0.8951261493360104,1.0085398998076964
-0.02,1.0319004109222831,3.1500000000000004,-0.6884146198386749,0.0321660990858883,0.8986095729152369,1.0083373458292406
-0.02,1.0319004109222831,3.2,-0.6915195662374347,0.029945288518122812,0.9019591040690812,1.0081397498572424
-0.02,1.0319004109222831,3.25,-0.6944061457120677,0.027798531747067652,0.9051803714624994,1.007947012084702
-0.02,1.0319004109222831,3.3000000000000003,-0.6970816911051549,0.025724360262526044,0.908278760433479,1.0077590326076002
-0.02,1.0319004109222831,3.35,-0.6995533855975142,0.02372125106376843,0.9112594227661459,1.0075757116184325
-0.02,1.0319004109222831,3.4000000000000004,-0.701828257549815,0.021787637269916994,0.9141272862035478,1.0073969495845065
-0.02,1.0319004109222831,3.45,-0.703913176570188,0.019921917706847956,0.9168870636890684,1.0072226474116779
-0.02,1.0319004109222831,3.5,-0.7058148506726236,0.018122465550070466,0.9195432623285053,1.007052706594172
-0.02,1.0319004109222831,3.5500000000000003,-0.707539824293558,0.016387636097523594,0.9221001920675023,1.0068870293511525
-0.02,1.0319004109222831,3.6,-0.709094476955206,0.01471577374120003,0.9245619740811956,1.006725518750731
-0.02,1.0319004109222831,3.6500000000000004,-0.7104850224621978,0.013105218202007822,0.9269325488748037,1.0065680788220541
-0.02,1.0319004109222831,3.7,-0.7117175086145746,0.011554310088195416,0.9292156840955709,1.0064146146561666
-0.02,1.0319004109222831,3.75,-0.7127978174591818,0.010061395833779699,0.9314149820579424,1.006265032496268
-0.02,1.0319004109222831,3.8000000000000003,-0.7137316660769851,0.008624832069585949,0.9335338869851587,1.0061192398180314
-0.02,1.0319004109222831,3.85,-0.7145246078497167,0.007242989475690062,0.935575691971567,1.0059771454005588
-0.02,1.0319004109222831,3.9000000000000004,-0.7151820341088155,0.005914256160324407,0.9375435456708766,1.0058386593886057
-0.02,1.0319004109222831,3.95,-0.7157091760673908,0.0046370406067851614,0.9394404587162332,1.0057036933466244
-0.02,1.0319004109222831,4.0,-0.716111106968481,0.0034097742266578244,0.9412693098785723,1.0055721603051742
-0.02,1.0319004109222831,4.05,-0.7163927444269561,0.0022309135547894012,0.9430328519700939,1.0054439748002537
-0.02,1.0319004109222831,4.1000000000000005,-0.7165588529724602,0.0010989421188348921,0.9447337174999904,1.0053190529060514
-0.02,1.0319004109222831,4.15,-0.7166140468035794,1.2372013814307934e-05,0.946374424089852,1.0051973122615945
-0.02,1.0319004109222831,4.2,-0.7165627927425278,-0.0010302547901521878,0.9479573796563288,1.0050786720917846
-0.02,1.0319004109222831,4.25,-0.7164094133505773,-0.0020303653809548468,0.9494848873687943,1.0049630532232323
-0.02,1.0319004109222831,4.3,-0.7161580901447119,-0.0029893550546006504,0.9509591503898244,1.0048503780953333
-0.02,1.0319004109222831,4.3500000000000005,-0.7158128668557416,-0.003908586660495112,0.9523822764063248,1.004740570766947
-0.02,1.0319004109222831,4.4,-0.7153776526868821,-0.004789390121974422,0.9537562819591117,1.004633556919087
-0.02,1.0319004109222831,4.45,-0.7148562255600331,-0.005633062113889778,0.9550830965786419,1.0045292638539338
-0.02,1.0319004109222831,4.5,-0.7142522353619866,-0.0064408658805938015,0.9563645667344595,1.0044276204905234
-0.02,1.0319004109222831,4.55,-0.7135692072146382,-0.007214031179063943,0.9576024596058061,1.004328557357416
-0.02,1.0319004109222831,4.6000000000000005,-0.7128105447887982,-0.007953754333147689,0.9587984666806056,1.0042320065826231
-0.02,1.0319004109222831,4.65,-0.7119795336642376,-0.008661198386068164,0.9599542071899538,1.0041379018810863
-0.02,1.0319004109222831,4.7,-0.7110793447174308,-0.00933749333941608,0.9610712313849754,1.0040461785399386
-0.02,1.0319004109222831,4.75,-0.7101130375021477,-0.009983736467889193,0.9621510236627916,1.003956773401805
-0.02,1.0319004109222831,4.800000000000001,-0.7090835635825539,-0.010600992700030674,0.9631950055481139,1.00386962484634
-0.02,1.0319004109222831,4.8500000000000005,-0.7079937697852581,-0.011190295056149827,0.9642045385368034,1.0037846727702278
-0.02,1.0319004109222831,4.9,-0.706846401352583,-0.011752645135473487,0.9651809268074913,1.003701858565815
-0.02,1.0319004109222831,4.95,-0.7056441049982528,-0.012289013645362156,0.9661254198071849,1.0036211250985583
-0.02,1.0319004109222831,5.0,-0.704389431882351,-0.01280034096612665,0.9670392147165272,1.0035424166834535
-0.02,1.0319004109222831,5.050000000000001,-0.7030848405302279,-0.013287537745605867,0.9679234588001652,1.0034656790605814
-0.02,1.0319004109222831,5.1000000000000005,-0.701732699718506,-0.013751485518218923,0.9687792516474799,1.0033908593699208
-0.02,1.0319004109222831,5.15,-0.7003352913419931,-0.014193037343705656,0.9696076473086958,1.0033179061255528
-0.02,1.0319004109222831,5.2,-0.698894813261889,-0.014613018461226531,0.9704096563312138,1.0032467691893687
-0.02,1.0319004109222831,5.25,-0.6974133821226802,-0.015012226954921739,0.9711862477007712,1.0031773997443918
-0.02,1.0319004109222831,5.300000000000001,-0.6958930361163349,-0.015391434427432462,0.9719383506918889,1.00310975026781
-0.02,1.0319004109222831,5.3500000000000005,-0.6943357376700492,-0.01575138667827068,0.9726668566318528,1.0030437745038097
-0.02,1.0319004109222831,5.4,-0.6927433760378707,-0.016092804384281352,0.9733726205822926,1.0029794274362875
-0.02,1.0319004109222831,5.45,-0.6911177697854616,-0.016416383779773648,0.9740564629422621,1.0029166652615196
-0.02,1.0319004109222831,5.5,-0.6894606691681906,-0.016722797334197945,0.9747191709765488,1.0028554453608467
-0.02,1.0319004109222831,5.550000000000001,-0.68777375841275,-0.017012694425514372,0.9753615002727505,1.0027957262734422
-0.02,1.0319004109222831,5.6000000000000005,-0.6860586579192159,-0.01728670200763437,0.9759841761305224,1.002737467669209
-0.02,1.0319004109222831,5.65,-0.6843169264025482,-0.017545425270523173,0.9765878948862321,1.0026806303218678
-0.02,1.0319004109222831,5.7,-0.6825500629900787,-0.017789448291730948,0.9771733251760863,1.0026251760822613
-0.02,1.0319004109222831,5.75,-0.6807595092855424,-0.018019334678280173,0.9777411091406766,1.0025710678519288
-0.02,1.0319004109222831,5.800000000000001,-0.6789466514025316,-0.018235628197980937,0.9782918635737418,1.0025182695569765
-0.02,1.0319004109222831,5.8500000000000005,-0.6771128219628014,-0.018438853399378032,0.9788261810178149,1.002466746122282
-0.02,1.0319004109222831,5.9,-0.6752593020492684,-0.018629516219657194,0.9793446308092856,1.0024164634460493
-0.02,1.0319004109222831,5.95,-0.6733873231009534,-0.018808104579954712,0.9798477600753098,1.002367388374747
-0.02,1.0319004109222831,6.0,-0.6714980687376695,-0.018975088967623368,0.980336094684875,1.002319488678446
-0.02,1.0319004109222831,6.050000000000001,-0.6695926765055928,-0.01913092300510884,0.9808101401562064,1.0022727330265677
-0.02,1.0319004109222831,6.1000000000000005,-0.6676722395399962,-0.019276044005183218,0.9812703825226268,1.002227090964073
-0.02,1.0319004109222831,6.15,-0.6657378081471084,-0.019410873512363827,0.9817172891588442,1.0021825328880805
-0.02,1.0319004109222831,6.2,-0.6637903913121366,-0.019535817830417534,0.9821513095695782,1.0021390300249486
-0.02,1.0319004109222831,6.25,-0.6618309581440345,-0.01965126853591057,0.9825728761423124,1.0020965544078067
-0.02,1.0319004109222831,6.300000000000001,-0.6598604392690612,-0.019757602977815956,0.9829824048659089,1.0020550788545588
-0.02,1.0319004109222831,6.3500000000000005,-0.6578797281845099,-0.019855184763231542,0.98338029601669,1.0020145769463484
-0.02,1.0319004109222831,6.4,-0.6558896825815733,-0.019944364229297334,0.9837669348135613,1.0019750230065043
-0.02,1.0319004109222831,6.45,-0.6538911256426938,-0.020025478901430114,0.9841426920436288,1.0019363920799502
-0.02,1.0319004109222831,6.5,-0.6518848473147764,-0.02009885393801902,0.9845079246597321,1.0018986599130908
-0.02,1.0319004109222831,6.550000000000001,-0.6498716055559786,-0.020164802561748456,0.9848629763511998,1.0018618029341713
-0.02,1.0319004109222831,6.6000000000000005,-0.6478521275510972,-0.020223626477735887,0.985208178089128,1.0018257982341015
-0.02,1.0319004109222831,6.65,-0.6458271108891458,-0.020275616278691837,0.9855438486473562,1.0017906235477507
-0.02,1.0319004109222831,6.7,-0.6437972246966829,-0.02032105183732756,0.9858702951003128,1.0017562572357037
-0.02,1.0319004109222831,6.75,-0.6417631107217119,-0.020360202686252698,0.9861878132988028,1.0017226782664719
-0.02,1.0319004109222831,6.800000000000001,-0.6397253843650903,-0.020393328385620434,0.9864966883247949,1.0016898661991636
-0.02,1.0319004109222831,6.8500000000000005,-0.6376846356590447,-0.020420678878789813,0.9867971949261793,1.0016578011665929
-0.02,1.0319004109222831,6.9,-0.6356414301950333,-0.02044249483628575,0.9870895979324485,1.001626463858836
-0.02,1.0319004109222831,6.95,-0.633596310005458,-0.020459007988344203,0.9873741526521893,1.0015958355072154
-0.02,1.0319004109222831,7.0,-0.631549794405288,-0.020470441446334513,0.9876511052532363,1.0015658978687199
-0.02,1.0319004109222831,7.050000000000001,-0.6295023808003641,-0.020477010013353933,0.9879206931262983,1.0015366332108302
-0.02,1.0319004109222831,7.1000000000000005,-0.6274545454689606,-0.02047892048428821,0.9881831452328237,1.0015080242967676
-0.02,1.0319004109222831,7.15,-0.6254067443222296,-0.020476371935631375,0.9884386824378348,1.001480054371143
-0.02,1.0319004109222831,7.2,-0.6233594136476375,-0.02046955600535372,0.98868751782843,1.0014527071459998
-0.02,1.0319004109222831,7.25,-0.6213129708376857,-0.02045865716310409,0.9889298570186109,1.001425966787246
-0.02,1.0319004109222831,7.300000000000001,-0.6192678151043589,-0.020443852971027254,0.9891658984410647,1.0013998179014671
-0.02,1.0319004109222831,7.3500000000000005,-0.617224328178139,-0.020425314335473375,0.9893958336265025,1.001374245523109
-0.02,1.0319004109222831,7.4,-0.6151828749891933,-0.020403205749871686,0.9896198474711173,1.0013492351020215
-0.02,1.0319004109222831,7.45,-0.6131438043276878,-0.02037768552903672,0.9898381184927095,1.0013247724913625
-0.02,1.0319004109222831,7.5,-0.6111074494800168,-0.020348906035170828,0.9900508190759946,1.0013008439358408
-0.02,1.0319004109222831,7.550000000000001,-0.6090741288381603,-0.02031701389582358,0.9902581157075819,1.0012774360603065
-0.02,1.0319004109222831,7.6000000000000005,-0.6070441464801584,-0.02028215021406409,0.9904601692010971,1.0012545358586589
-0.02,1.0319004109222831,7.65,-0.6050177927207718,-0.0202444507711186,0.9906571349128875,1.0012321306830911
-0.02,1.0319004109222831,7.7,-0.6029953446325844,-0.020204046221721388,0.9908491629487398,1.0012102082336303
-0.02,1.0319004109222831,7.75,-0.600977066538942,-0.02016106228242219,0.9910363983620155,1.0011887565480018
-0.02,1.0319004109222831,7.800000000000001,-0.5989632104810819,-0.020115619913088457,0.991218981343584,1.0011677639917738
-0.02,1.0319004109222831,7.8500000000000005,-0.5969540166625166,-0.020067835491834978,0.9913970474039229,1.0011472192488073
-0.02,1.0319004109222831,7.9,-0.5949497138740794,-0.02001782098360781,0.9915707275477345,1.0011271113119704
-0.02,1.0319004109222831,7.95,-0.5929505199030851,-0.019965684102642153,0.9917401484414088,1.0011074294741438
-0.02,1.0319004109222831,8.0,-0.5909566419297599,-0.019911528469008694,0.9919054325736556,1.0010881633194804
-0.02,1.0319004109222831,8.05,-0.5889682769135548,-0.019855453759454748,0.9920666984096006,1.0010693027149329
-0.02,1.0319004109222831,8.1,-0.586985611971251,-0.01979755585274024,0.9922240605386334,1.0010508378020246
-0.02,1.0319004109222831,8.15,-0.5850088247479593,-0.019737926969662298,0.9923776298162891,1.0010327589888752
-0.02,1.0319004109222831,8.200000000000001,-0.5830380837813256,-0.0196766558079547,0.9925275135004126,1.001015056942456
-0.02,1.0319004109222831,8.25,-0.5810735488585494,-0.019613827672243164,0.9926738153818663,1.0009977225810813
-0.02,1.0319004109222831,8.3,-0.5791153713652585,-0.019549524599230383,0.9928166359100078,1.0009807470671237
-0.02,1.0319004109222831,8.35,-0.5771636946249116,-0.01948382547827997,0.9929560723131696,1.000964121799946
-0.02,1.0319004109222831,8.4,-0.5752186542272285,-0.019416806167562483,0.9930922187143623,1.0009478384090484
-0.02,1.0319004109222831,8.450000000000001,-0.573280378344184,-0.019348539605921682,0.9932251662423908,1.000931888747416
-0.02,1.0319004109222831,8.5,-0.5713489880323033,-0.01927909592061452,0.9933550031385946,1.000916264885073
-0.02,1.0319004109222831,8.55,-0.5694245975203588,-0.01920854253107356,0.9934818148593956,1.0009009591028242
-0.02,1.0319004109222831,8.6,-0.5675073144819931,-0.019136944248835976,0.9936056841748303,1.0008859638861904
-0.02,1.0319004109222831,8.65,-0.5655972402932933,-0.019064363373778984,0.9937266912632391,1.0008712719195192
-0.02,1.0319004109222831,8.700000000000001,-0.5636944702758108,-0.018990859786797317,0.9938449138022722,1.00085687608028
-0.02,1.0319004109222831,8.75,-0.5617990939259498,-0.018916491039053625,0.9939604270563757,1.0008427694335302
-0.02,1.0319004109222831,8.8,-0.5599111951319927,-0.01884131243792898,0.9940733039608973,1.000828945226542
-0.02,1.0319004109222831,8.85,-0.5580308523802622,-0.018765377129795875,0.9941836152029578,1.0008153968835927
-0.02,1.0319004109222831,8.9,-0.5561581389520471,-0.01868873617973228,0.9942914292992248,1.0008021180009197
-0.02,1.0319004109222831,8.950000000000001,-0.5542931231128968,-0.018611438648290474,0.9943968126707191,1.0007891023418185
-0.02,1.0319004109222831,9.0,-0.5524358682957918,-0.0185335316654308,0.994499829714765,1.0007763438318855
-0.02,1.0319004109222831,9.05,-0.5505864332794937,-0.018455060501725958,0.9946005428742274,1.0007638365544185
-0.02,1.0319004109222831,9.1,-0.5487448723630918,-0.018376068636937356,0.9946990127041181,1.000751574745939
-0.02,1.0319004109222831,9.15,-0.5469112355374737,-0.018296597826061318,0.9947952979357045,1.0007395527918574
-0.02,1.0319004109222831,9.200000000000001,-0.5450855686541062,-0.018216688162938987,0.9948894555382084,1.0007277652222675
-0.02,1.0319004109222831,9.25,-0.5432679135912064,-0.01813637814152015,0.9949815407781996,1.0007162067078677
-0.02,1.0319004109222831,9.3,-0.5414583084171151,-0.01805570471486757,0.9950716072767736,1.0007048720560001
-0.02,1.0319004109222831,9.35,-0.5396567875504507,-0.017974703351985505,0.9951597070646102,1.000693756206813
-0.02,1.0319004109222831,9.4,-0.5378633819164685,-0.017893408092552417,0.9952458906349944,1.0006828542295367
-0.02,1.0319004109222831,9.450000000000001,-0.5360781190989664,-0.01781185159963532,0.9953302069948758,1.0006721613188714
-0.02,1.0319004109222831,9.5,-0.5343010234870457,-0.017730065210460114,0.995412703714065,1.0006616727914779
-0.02,1.0319004109222831,9.55,-0.5325321164160943,-0.017648078985309897,0.9954934269726121,1.0006513840825835
-0.02,1.0319004109222831,9.600000000000001,-0.530771416302461,-0.017565921754620368,0.99557242160647,1.000641290742677
-0.02,1.0319004109222831,9.65,-0.5290189387714146,-0.017483621164339255,0.9956497311514885,1.0006313884343119
-0.02,1.0319004109222831,9.700000000000001,-0.5272746967781835,-0.01740120371961435,0.9957253978858204,1.0006216729289992
-0.02,1.0319004109222831,9.75,-0.5255387007220259,-0.01731869482687228,0.9957994628707878,1.000612140104193
-0.02,1.0319004109222831,9.8,-0.5238109585534959,-0.017236118834348408,0.9958719659902904,1.0006027859403688
-0.02,1.0319004109222831,9.850000000000001,-0.5220914758752166,-0.017153499071125688,0.9959429459887867,1.000593606518185
-0.02,1.0319004109222831,9.9,-0.5203802560366423,-0.017070857884738458,0.9960124405079297,1.0005845980157293
-0.02,1.0319004109222831,9.950000000000001,-0.5186773002233855,-0.016988216677395057,0.9960804861218859,1.0005757567058475
-0.02,1.0319004109222831,10.0,-0.5169826075417879,-0.01690559594087156,0.9961471183714151,1.0005670789535495
-0.02,1.0319004109222831,10.05,-0.5152961750994254,-0.01682301529012605,0.9962123717967332,1.0005585612134942
-0.02,1.0319004109222831,10.100000000000001,-0.5136179980822658,-0.0167404934956821,0.9962762799692213,1.0005502000275448
-0.02,1.0319004109222831,10.15,-0.511948069829132,-0.01665804851482736,0.9963388755220232,1.0005419920224001
-0.02,1.0319004109222831,10.200000000000001,-0.5102863819040855,-0.016575697521671873,0.9964001901795662,1.0005339339072927
-0.02,1.0319004109222831,10.25,-0.5086329241672258,-0.016493456936108687,0.996460254786059,1.0005260224717527
-0.02,1.0319004109222831,10.3,-0.5069876848443134,-0.016411342451717843,0.9965190993329939,1.0005182545834412
-0.02,1.0319004109222831,10.350000000000001,-0.505350650595491,-0.016329369062653025,0.9965767529856989,1.0005106271860464
-0.02,1.0319004109222831,10.4,-0.5037218065832608,-0.016247551089548527,0.9966332441089701,1.000503137297238
-0.02,1.0319004109222831,10.450000000000001,-0.5021011365397627,-0.016165902204483055,0.9966886002918266,1.0004957820066798
-0.02,1.0319004109222831,10.5,-0.5004886228332895,-0.01608443545503488,0.9967428483714126,1.0004885584741106
-0.02,1.0319004109222831,10.55,-0.49888424653388613,-0.016003163287461923,0.9967960144560835,1.0004814639274644
-0.02,1.0319004109222831,10.600000000000001,-0.4972879874778158,-0.015922097569039086,0.9968481239477068,1.0004744956610607
-0.02,1.0319004109222831,10.65,-0.4956998243306174,-0.015841249609583243,0.9968992015632034,1.000467651033836
-0.02,1.0319004109222831,10.700000000000001,-0.4941197346484718,-0.01576063018219621,0.9969492713553634,1.0004609274676302
-0.02,1.0319004109222831,10.75,-0.4925476949375685,-0.015680249543253977,0.9969983567329559,1.0004543224455282
-0.02,1.0319004109222831,10.8,-0.4909836807111984,-0.015600117451669823,0.997046480480167,1.0004478335102358
-0.02,1.0319004109222831,10.850000000000001,-0.4894276665443285,-0.015520243187458004,0.9970936647753816,1.0004414582625152
-0.02,1.0319004109222831,10.9,-0.487879626125455,-0.015440635569623535,0.9971399312093432,1.0004351943596583
-0.02,1.0319004109222831,10.950000000000001,-0.4863395323056001,-0.015361302973402798,0.9971853008027058,1.0004290395140047
-0.02,1.0319004109222831,11.0,-0.48480735714438095,-0.015282253346878936,0.9972297940230064,1.0004229914915057
-0.02,1.0319004109222831,11.05,-0.4832830719531354,-0.01520349422699473,0.997273430801069,1.0004170481103203
-0.02,1.0319004109222831,11.100000000000001,-0.48176664733517693,-0.015125032754985585,0.9973162305468841,1.000411207239464
-0.02,1.0319004109222831,11.15,-0.4802580532232902,-0.015046875691253537,0.9973582121649452,1.0004054667974838
-0.02,1.0319004109222831,11.200000000000001,-0.47875725891464727,-0.01496902942970319,0.9973993940691025,1.000399824751176
-0.02,1.0319004109222831,11.25,-0.47726423310336846,-0.014891500011559547,0.9974397941969203,1.0003942791143448
-0.02,1.0319004109222831,11.3,-0.47577894391097353,-0.014814293138686471,0.9974794300235722,1.000388827946585
-0.02,1.0319004109222831,11.350000000000001,-0.4743013589150095,-0.014737414186424718,0.9975183185752836,1.0003834693521072
-0.02,1.0319004109222831,11.4,-0.472831445176132,-0.014660868215966936,0.997556476442345,1.000378201478595
-0.02,1.0319004109222831,11.450000000000001,-0.47136916926392775,-0.014584659986286858,0.9975939197916981,1.000373022516092
-0.02,1.0319004109222831,11.5,-0.4699144972817497,-0.014508793965639014,0.9976306643791255,1.0003679306959228
-0.02,1.0319004109222831,11.55,-0.46846739489080746,-0.014433274342644992,0.9976667255610467,1.0003629242896364
-0.02,1.0319004109222831,11.600000000000001,-0.4670278273337373,-0.014358105036981,0.9977021183059388,1.0003580016079927
-0.02,1.0319004109222831,11.65,-0.4655957594578294,-0.014283289709681773,0.9977368572053931,1.0003531609999632
-0.02,1.0319004109222831,11.700000000000001,-0.4641711557380536,-0.014208831773074443,0.9977709564848252,1.0003484008517687
-0.02,1.0319004109222831,11.75,-0.4627539802999869,-0.014134734400356029,0.9978044300138407,1.0003437195859388
-0.02,1.0319004109222831,11.8,-0.46134419694269535,-0.014061000534827414,0.9978372913162821,1.0003391156604005
-0.02,1.0319004109222831,11.850000000000001,-0.459941769161592,-0.013987632898796232,0.9978695535799538,1.0003345875675889
-0.02,1.0319004109222831,11.9,-0.45854666017124746,-0.013914634002160501,0.9979012296660453,1.000330133833583
-0.02,1.0319004109222831,11.950000000000001,-0.45715883292810333,-0.01384200615068462,0.9979323321182623,1.000325753017269
-0.02,1.0319004109222831,12.0,-0.4557782501530109,-0.013769751453978641,0.9979628731716735,1.0003214437095218
-0.02,1.0319004109222831,12.05,-0.4544048743534876,-0.013697871833191374,0.9979928647612804,1.00031720453241
-0.02,1.0319004109222831,12.100000000000001,-0.45303866784558594,-0.013626369028427726,0.998022318530323,1.0003130341384234
-0.02,1.0319004109222831,12.15,-0.4516795927752476,-0.013555244605899876,0.9980512458383366,1.0003089312097215
-0.02,1.0319004109222831,12.200000000000001,-0.4503276111390204,-0.013484499964821933,0.9980796577689499,1.0003048944574033
-0.02,1.0319004109222831,12.25,-0.4489826848040192,-0.013414136344057023,0.9981075651374548,1.000300922620793
-0.02,1.0319004109222831,12.3,-0.4476447755270208,-0.013344154828525811,0.9981349784981381,1.00029701446675
-0.02,1.0319004109222831,12.350000000000001,-0.44631384497260185,-0.013274556355384826,0.9981619081513939,1.0002931687889933
-0.02,1.0319004109222831,12.4,-0.44498985473023683,-0.013205341719982746,0.9981883641506192,1.0002893844074476
-0.02,1.0319004109222831,12.450000000000001,-0.4436727663303043,-0.01313651158160269,0.9982143563089028,1.0002856601676053
-0.02,1.0319004109222831,12.5,-0.4423625412589654,-0.013068066468997977,0.9982398942055106,1.0002819949399038
-0.02,1.0319004109222831,12.55,-0.44105914097190446,-0.013000006785728945,0.9982649871921758,1.0002783876191217
-0.02,1.0319004109222831,12.600000000000001,-0.43976252690693973,-0.012932332815307703,0.9982896443992022,1.0002748371237926
-0.02,1.0319004109222831,12.65,-0.4384726604955387,-0.012865044726157864,0.9983138747413864,1.0002713423956298
-0.02,1.0319004109222831,12.700000000000001,-0.4371895031732892,-0.01279814257639587,0.99833768692376,1.000267902398971
-0.02,1.0319004109222831,12.75,-0.4359130163893969,-0.012731626318440239,0.9983610894471652,1.0002645161202348
-0.02,1.0319004109222831,12.8,-0.4346431616152863,-0.012665495803454888,0.9983840906136633,1.0002611825673906
-0.02,1.0319004109222831,12.850000000000001,-0.4333799003524105,-0.012599750785632751,0.9984066985317847,1.0002579007694488
-0.02,1.0319004109222831,12.9,-0.4321231941393578,-0.012534390926325018,0.9984289211216237,1.0002546697759553
-0.02,1.0319004109222831,12.950000000000001,-0.43087300455837624,-0.01246941579802191,0.9984507661197863,1.0002514886565066
-0.02,1.0319004109222831,13.0,-0.4296292932414087,-0.012404824888190084,0.998472241084188,1.0002483565002718
-0.02,1.0319004109222831,13.05,-0.4283920218757556,-0.012340617602971952,0.9984933533987214,1.0002452724155364
-0.02,1.0319004109222831,13.100000000000001,-0.42716115220945783,-0.012276793270751723,0.9985141102777756,1.0002422355292435
-0.02,1.0319004109222831,13.15,-0.42593664605649395,-0.012213351145593137,0.9985345187706364,1.0002392449865607
-0.02,1.0319004109222831,13.200000000000001,-0.42471846530187657,-0.01215029041055318,0.9985545857657527,1.0002362999504508
-0.02,1.0319004109222831,13.25,-0.42350657190671226,-0.012087610180876463,0.9985743179948843,1.0002333996012571
-0.02,1.0319004109222831,13.3,-0.4223009279132935,-0.012025309507074415,0.9985937220371235,1.0002305431362948
-0.02,1.0319004109222831,13.350000000000001,-0.42110149545025644,-0.011963387377893148,0.9986128043228129,1.0002277297694588
-0.02,1.0319004109222831,13.4,-0.4199082367378429,-0.011901842723174343,0.9986315711373386,1.0002249587308356
-0.02,1.0319004109222831,13.450000000000001,-0.4187211140932855,-0.01184067441661264,0.9986500286248275,1.0002222292663325
-0.02,1.0319004109222831,13.5,-0.41754008993631136,-0.011779881278413023,0.9986681827917311,1.0002195406373076
-0.02,1.0319004109222831,13.55,-0.41636512679477083,-0.011719462077852162,0.9986860395103128,1.0002168921202168
-0.02,1.0319004109222831,13.600000000000001,-0.41519618731036145,-0.011659415535746629,0.9987036045220338,1.0002142830062648
-0.02,1.0319004109222831,13.65,-0.41403323424442634,-0.011599740326831389,0.9987208834408463,1.0002117126010672
-0.02,1.0319004109222831,13.700000000000001,-0.412876230483791,-0.011540435082051763,0.9987378817563927,1.0002091802243231
-0.02,1.0319004109222831,13.75,-0.4117251390465949,-0.011481498390771658,0.9987546048371166,1.000206685209489
-0.02,1.0319004109222831,13.8,-0.4105799230880776,-0.01142292880290125,0.9987710579332864,1.0002042269034694
-0.02,1.0319004109222831,13.850000000000001,-0.4094405459062656,-0.011364724830946546,0.9987872461799334,1.0002018046663106
-0.02,1.0319004109222831,13.9,-0.40830697094751744,-0.01130688495198388,0.9988031745997135,1.000199417870901
-0.02,1.0319004109222831,13.950000000000001,-0.4071791618118736,-0.011249407609561663,0.998818848105682,1.0001970659026842
-0.02,1.0319004109222831,14.0,-0.4060570822581723,-0.011192291215532009,0.9988342715040018,1.0001947481593731
-0.02,1.0319004109222831,14.05,-0.4049406962088847,-0.011135534151814798,0.9988494494965662,1.0001924640506747
-0.02,1.0319004109222831,14.100000000000001,-0.40382996775463387,-0.01107913477209614,0.9988643866835586,1.0001902129980227
-0.02,1.0319004109222831,14.15,-0.40272486115836914,-0.011023091403463966,0.9988790875659385,1.0001879944343122
-0.02,1.0319004109222831,14.200000000000001,-0.40162534085916946,-0.010967402347982581,0.9988935565478597,1.0001858078036463
-0.02,1.0319004109222831,14.25,-0.4005313714756545,-0.01091206588420845,0.9989077979390247,1.000183652561084
-0.02,1.0319004109222831,14.3,-0.39944291780900043,-0.010857080268649228,0.9989218159569724,1.0001815281724005
-0.02,1.0319004109222831,14.350000000000001,-0.39835994484555004,-0.010802443737168096,0.9989356147293074,1.000179434113846
-0.02,1.0319004109222831,14.4,-0.3972824177590245,-0.010748154506335136,0.9989491982958676,1.0001773698719172
-0.02,1.0319004109222831,14.450000000000001,-0.3962103019123424,-0.010694210774727785,0.9989625706108309,1.0001753349431277
-0.02,1.0319004109222831,14.5,-0.3951435628590679,-0.010640610724182032,0.9989757355447713,1.0001733288337906
-0.02,1.0319004109222831,14.55,-0.39408216634450677,-0.010587352520996183,0.9989886968866547,1.0001713510598043
-0.02,1.0319004109222831,14.600000000000001,-0.39302607830647374,-0.01053443431708877,0.9990014583457856,1.0001694011464377
-0.02,1.0319004109222831,14.65,-0.39197526487576645,-0.010481854251112283,0.9990140235536991,1.0001674786281316
-0.02,1.0319004109222831,14.700000000000001,-0.39092969237637615,-0.010429610449524323,0.9990263960660031,1.0001655830482932
-0.02,1.0319004109222831,14.75,-0.3898893273254716,-0.01037770102761752,0.9990385793641747,1.0001637139591082
-0.02,1.0319004109222831,14.8,-0.3888541364331938,-0.010326124090509944,0.9990505768573066,1.0001618709213431
-0.02,1.0319004109222831,14.850000000000001,-0.3878240866022968,-0.010274877734097057,0.9990623918838063,1.0001600535041633
-0.02,1.0319004109222831,14.9,-0.3867991449276737,-0.010223960045966986,0.9990740277130566,1.000158261284952
-0.02,1.0319004109222831,14.950000000000001,-0.3857792786958023,-0.010173369106279974,0.9990854875470258,1.000156493849133
-0.02,1.0319004109222831,15.0,-0.38476445538414494,-0.01012310298861363,0.9990967745218395,1.0001547507899966
-0.02,1.0319004109222831,15.05,-0.38375464266053433,-0.010073159760775,0.999107891709312,1.0001530317085336
-0.02,1.0319004109222831,15.100000000000001,-0.3827498083825726,-0.010023537485580715,0.9991188421184382,1.000151336213269
-0.02,1.0319004109222831,15.15,-0.38174992059707,-0.00997423422160621,0.9991296286968431,1.000149663920102
-0.02,1.0319004109222831,15.200000000000001,-0.3807549475395451,-0.009925248023905334,0.999140254332199,1.0001480144521477
-0.02,1.0319004109222831,15.25,-0.3797648576338,-0.00987657694470113,0.9991507218536031,1.0001463874395868
-0.02,1.0319004109222831,15.3,-0.3787796194915922,-0.009828219034048983,0.9991610340329226,1.000144782519514
-0.02,1.0319004109222831,15.350000000000001,-0.37779920191240246,-0.009780172340473027,0.9991711935860991,1.000143199335792
-0.02,1.0319004109222831,15.4,-0.37682357388331233,-0.00973243491157678,0.9991812031744296,1.0001416375389103
-0.02,1.0319004109222831,15.450000000000001,-0.3758527045789876,-0.00968500479462875,0.9991910654058065,1.000140096785844
-0.02,1.0319004109222831,15.5,-0.37488656336176884,-0.009637880037124224,0.9992007828359298,1.00013857673992
-0.02,1.0319004109222831,15.55,-0.3739251197818612,-0.009591058687323656,0.999210357969488,1.0001370770706821
-0.02,1.0319004109222831,15.600000000000001,-0.3729683435776181,-0.009544538794768782,0.9992197932613097,1.0001355974537631
-0.02,1.0319004109222831,15.65,-0.3720162046759027,-0.009498318410777036,0.9992290911174861,1.0001341375707555
-0.02,1.0319004109222831,15.700000000000001,-0.37106867319251985,-0.009452395588915129,0.9992382538964628,1.0001326971090911
-0.02,1.0319004109222831,15.75,-0.3701257194327004,-0.009406768385452489,0.9992472839101103,1.0001312757619178
-0.02,1.0319004109222831,15.8,-0.36918731389161935,-0.009361434859795167,0.9992561834247602,1.000129873227982
-0.02,1.0319004109222831,15.850000000000001,-0.36825342725493726,-0.009316393074901074,0.999264954662223,1.0001284892115114
-0.02,1.0319004109222831,15.9,-0.3673240303993391,-0.009271641097676914,0.9992735998007746,1.0001271234221063
-0.02,1.0319004109222831,15.950000000000001,-0.36639909439305945,-0.00922717699935777,0.9992821209761193,1.0001257755746253
-0.02,1.0319004109222831,16.0,-0.3654785904963732,-0.00918299885586963,0.9992905202823357,1.00012444538908
-0.02,1.0319004109222831,16.05,-0.364562490162036,-0.009139104748175747,0.9992987997727893,1.0001231325905273
-0.02,1.0319004109222831,16.1,-0.363650765035659,-0.009095492762607104,0.9993069614610307,1.0001218369089702
-0.02,1.0319004109222831,16.150000000000002,-0.36274338695600306,-0.009052160991177722,0.9993150073216661,1.0001205580792552
-0.02,1.0319004109222831,16.2,-0.3618403279551805,-0.009009107531885342,0.9993229392912105,1.000119295840972
-0.02,1.0319004109222831,16.25,-0.36094156025875285,-0.008966330488997835,0.9993307592689168,1.0001180499383608
-0.02,1.0319004109222831,16.3,-0.36004705628571465,-0.008923827973326097,0.9993384691175909,1.0001168201202184
-0.02,1.0319004109222831,16.35,-0.35915678864835743,-0.008881598102483576,0.9993460706643752,1.000115606139802
-0.02,1.0319004109222831,16.400000000000002,-0.35827073015201,-0.00883963900113327,0.9993535657015301,1.0001144077547452
-0.02,1.0319004109222831,16.45,-0.3573888537946461,-0.008797948801222326,0.9993609559871774,1.000113224726967
-0.02,1.0319004109222831,16.5,-0.35651113276636814,-0.008756525642204888,0.9993682432460426,1.0001120568225863
-0.02,1.0319004109222831,16.55,-0.35563754044875817,-0.008715367671253542,0.9993754291701692,1.0001109038118385
-0.02,1.0319004109222831,16.6,-0.35476805041410464,-0.008674473043459729,0.9993825154196203,1.0001097654689945
-0.02,1.0319004109222831,16.650000000000002,-0.35390263642450853,-0.008633839922023618,0.9993895036231594,1.000108641572278
-0.02,1.0319004109222831,16.7,-0.35304127243087485,-0.008593466478433754,0.9993963953789217,1.0001075319037895
-0.02,1.0319004109222831,16.75,-0.35218393257179526,-0.008553350892636884,0.9994031922550621,1.000106436249429
-0.02,1.0319004109222831,16.8,-0.3513305911723354,-0.008513491353198323,0.999409895790393,1.0001053543988199
-0.02,1.0319004109222831,16.85,-0.3504812227427292,-0.008473886057453181,0.9994165074950037,1.000104286145238
-0.02,1.0319004109222831,16.900000000000002,-0.34963580197700184,-0.008434533211648847,0.9994230288508693,1.000103231285537
-0.02,1.0319004109222831,16.95,-0.3487943037515183,-0.008395431031078968,0.9994294613124383,1.0001021896200788
-0.02,1.0319004109222831,17.0,-0.3479567031234856,-0.008356577740209347,0.9994358063072157,1.0001011609526689
-0.02,1.0319004109222831,17.05,-0.3471229753294062,-0.00831797157279601,0.9994420652363244,1.0001001450904843
-0.02,1.0319004109222831,17.1,-0.3462930957835041,-0.008279610771995643,0.9994482394750546,1.0000991418440075
-0.02,1.0319004109222831,17.150000000000002,-0.34546704007613005,-0.008241493590468925,0.9994543303734083,1.0000981510269698
-0.02,1.0319004109222831,17.2,-0.3446447839721618,-0.008203618290476758,0.9994603392566198,1.000097172456277
-0.02,1.0319004109222831,17.25,-0.3438263034094051,-0.00816598314396986,0.9994662674256726,1.0000962059519576
-0.02,1.0319004109222831,17.3,-0.3430115744970109,-0.008128586432671876,0.9994721161577986,1.000095251337099
-0.02,1.0319004109222831,17.35,-0.3422005735139146,-0.008091426448156264,0.9994778867069711,1.000094308437787
-0.02,1.0319004109222831,17.400000000000002,-0.34139327690730675,-0.008054501491917236,0.9994835803043822,1.000093377083051
-0.02,1.0319004109222831,17.45,-0.340589661291146,-0.008017809875434913,0.9994891981589115,1.0000924571048055
-0.02,1.0319004109222831,17.5,-0.33978970344471415,-0.007981349920235014,0.9994947414575823,1.0000915483377961
-0.02,1.0319004109222831,17.55,-0.33899338031122683,-0.007945119957943165,0.9995002113660104,1.0000906506195464
-0.02,1.0319004109222831,17.6,-0.33820066899649803,-0.00790911833033415,0.9995056090288389,1.0000897637903021
-0.02,1.0319004109222831,17.650000000000002,-0.33741154676766494,-0.007873343389376213,0.9995109355701649,1.0000888876929823
-0.02,1.0319004109222831,17.7,-0.3366259910519742,-0.007837793497270651,0.9995161920939584,1.0000880221731272
-0.02,1.0319004109222831,17.75,-0.33584397943563177,-0.00780246702648687,0.9995213796844685,1.0000871670788487
-0.02,1.0319004109222831,17.8,-0.335065489662714,-0.007767362359793043,0.9995264994066214,1.0000863222607834
-0.02,1.0319004109222831,17.85,-0.3342904996341427,-0.007732477890282606,0.9995315523064114,1.0000854875720424
-0.02,1.0319004109222831,17.900000000000002,-0.33351898740671926,-0.0076978120213967,0.9995365394112785,1.0000846628681668
-0.02,1.0319004109222831,17.95,-0.3327509311922165,-0.0076633631669427126,0.9995414617304853,1.0000838480070828
-0.02,1.0319004109222831,18.0,-0.33198630935652484,-0.007629129751109123,0.9995463202554761,1.0000830428490535
-0.02,1.0319004109222831,18.05,-0.331225100418849,-0.0075951102084767545,0.9995511159602364,1.0000822472566409
-0.02,1.0319004109222831,18.1,-0.3304672830509487,-0.007561302984026529,0.9995558498016359,1.000081461094656
-0.02,1.0319004109222831,18.150000000000002,-0.3297128360764217,-0.007527706533144034,0.9995605227197748,1.0000806842301242
-0.02,1.0319004109222831,18.2,-0.3289617384700201,-0.007494319321620752,0.9995651356383102,1.0000799165322396
-0.02,1.0319004109222831,18.25,-0.3282139693569956,-0.007461139825652368,0.999569689464786,1.0000791578723265
-0.02,1.0319004109222831,18.3,-0.32746950801247093,-0.007428166531834075,0.9995741850909478,1.000078408123799
-0.02,1.0319004109222831,18.35,-0.32672833386082234,-0.007395397937153075,0.9995786233930557,1.0000776671621239
-0.02,1.0319004109222831,18.400000000000002,-0.32599042647508086,-0.0073628325489784015,0.9995830052321862,1.0000769348647838
-0.02,1.0319004109222831,18.45,-0.32525576557633096,-0.007330468885048142,0.9995873314545337,1.0000762111112367
-0.02,1.0319004109222831,18.5,-0.32452433103311507,-0.00729830547345411,0.999591602891696,1.0000754957828817
-0.02,1.0319004109222831,18.55,-0.32379610286082816,-0.007266340852624277,0.9995958203609643,1.0000747887630264
-0.02,1.0319004109222831,18.6,-0.3230710612211029,-0.007234573571302768,0.9995999846655984,1.000074089936846
-0.02,1.0319004109222831,18.650000000000002,-0.32234918642117755,-0.007203002188527761,0.9996040965951001,1.0000733991913562
-0.02,1.0319004109222831,18.7,-0.321630458913245,-0.007171625273607297,0.9996081569254793,1.0000727164153733
-0.02,1.0319004109222831,18.75,-0.3209148592937754,-0.007140441406092975,0.9996121664195151,1.0000720414994864
-0.02,1.0319004109222831,18.8,-0.32020236830281346,-0.007109449175751903,0.9996161258270109,1.0000713743360234
-0.02,1.0319004109222831,18.85,-0.31949296682324335,-0.007078647182536674,0.9996200358850433,1.0000707148190202
-0.02,1.0319004109222831,18.900000000000002,-0.3187866358800211,-0.007048034036553675,0.9996238973182083,1.0000700628441899
-0.02,1.0319004109222831,18.95,-0.31808335663937226,-0.007017608358029682,0.9996277108388584,1.0000694183088894
-0.02,1.0319004109222831,19.0,-0.3173831104079539,-0.006987368777276888,0.9996314771473365,1.000068781112099
-0.02,1.0319004109222831,19.05,-0.31668587863197867,-0.00695731393465639,0.9996351969322067,1.0000681511543816
-0.02,1.0319004109222831,19.1,-0.31599164289630366,-0.006927442480540301,0.9996388708704762,1.0000675283378642
-0.02,1.0319004109222831,19.150000000000002,-0.3153003849234804,-0.006897753075272364,0.999642499627817,1.0000669125662045
-0.02,1.0319004109222831,19.200000000000003,-0.3146120865727708,-0.006868244389127374,0.9996460838587776,1.0000663037445647
-0.02,1.0319004109222831,19.25,-0.31392672983912767,-0.006838915102269324,0.9996496242069964,1.000065701779587
-0.02,1.0319004109222831,19.3,-0.3132442968521417,-0.0068097639047083455,0.9996531213054041,1.000065106579366
-0.02,1.0319004109222831,19.35,-0.31256476987495924,-0.0067807894962565824,0.9996565757764279,1.000064518053422
-0.02,1.0319004109222831,19.400000000000002,-0.31188813130316906,-0.006751990586482975,0.9996599882321873,1.0000639361126766
-0.02,1.0319004109222831,19.450000000000003,-0.31121436366366545,-0.006723365894667072,0.9996633592746872,1.0000633606694291
-0.02,1.0319004109222831,19.5,-0.31054344961348807,-0.0066949141497518955,0.9996666894960066,1.000062791637332
-0.02,1.0319004109222831,19.55,-0.3098753719386391,-0.006666634090295911,0.9996699794784852,1.0000622289313656
-0.02,1.0319004109222831,19.6,-0.30921011355288924,-0.006638524464424161,0.9996732297949029,1.0000616724678175
-0.02,1.0319004109222831,19.650000000000002,-0.308547657496566,-0.0066105840297786675,0.9996764410086578,1.0000611221642584
-0.02,1.0319004109222831,19.700000000000003,-0.30788798693533437,-0.006582811553468019,0.99967961367394,1.0000605779395182
-0.02,1.0319004109222831,19.75,-0.3072310851589723,-0.0065552058120163055,0.9996827483359015,1.0000600397136665
-0.02,1.0319004109222831,19.8,-0.30657693558014126,-0.006527765591311454,0.9996858455308244,1.0000595074079919
-0.02,1.0319004109222831,19.85,-0.3059255217331611,-0.006500489686552902,0.9996889057862826,1.0000589809449776
-0.02,1.0319004109222831,19.900000000000002,-0.30527682727278654,-0.006473376902198737,0.9996919296212995,1.0000584602482818
-0.02,1.0319004109222831,19.950000000000003,-0.304630835972993,-0.006446426051912327,0.9996949175465114,1.0000579452427214
-0.02,1.0319004109222831,20.0,-0.303987531725773,-0.006419635958508436,0.9996978700643134,1.000057435854247
-0.02,1.0319004109222831,20.1,-0.3027089205399849,-0.0063665333790383135,0.9997036708469823,1.0000564336379185
-0.02,1.0319004109222831,20.28615468146082,-0.30035675072778867,-0.006269349133170014,0.9997141104399357,1.0000546250915272
-0.02,1.0319004109222831,20.47403342090323,-0.29801908084877904,-0.006173416195231954,0.9997241936659812,1.0000528721429782
-0.02,1.0319004109222831,20.663652185564246,-0.29569590885377184,-0.00607872720833344,0.9997339321435865,1.0000511731797432
-0.02,1.0319004109222831,20.855027090560313,-0.29338722946236334,-0.005985274517107739,0.9997433371354711,1.0000495266322023
-0.02,1.0319004109222831,21.04817440025684,-0.29109303418172533,-0.005893050183780024,0.9997524195585862,1.0000479309726609
-0.02,1.0319004109222831,21.243110529650455,-0.28881331139087646,-0.0058020460037726965,0.9997611899938469,1.0000463847143815
-0.02,1.0319004109222831,21.439852045764102,-0.28654804648798954,-0.005712253520849987,0.9997696586956294,1.000044886410624
-0.02,1.0319004109222831,21.638415669054964,-0.2842972220895712,-0.005623664041799692,0.9997778356010302,1.000043434653715
-0.02,1.0319004109222831,21.83881827483555,-0.2820608182633469,-0.005536268650648134,0.999785730338898,1.0000420280741207
-0.02,1.0319004109222831,22.04107689470784,-0.27983881277232003,-0.005450058222404614,0.9997933522386365,1.0000406653395457
-0.02,1.0319004109222831,22.245208718010712,-0.2776311813062362,-0.005365023436333454,0.9998007103387879,1.0000393451540392
-0.02,1.0319004109222831,22.4512310932809,-0.2754378976786471,-0.005281154788755358,0.9998078133953934,1.0000380662571253
-0.02,1.0319004109222831,22.659161529727328,-0.27325893397259476,-0.005198442605384539,0.9998146698901464,1.0000368274229439
-0.02,1.0319004109222831,22.86901769871915,-0.2710942606248713,-0.005116877053212778,0.9998212880383327,1.0000356274594089
-0.02,1.0319004109222831,23.080817435287667,-0.26894384644689223,-0.005036448151956381,0.9998276757965624,1.0000344652073854
-0.02,1.0319004109222831,23.294578739641963,-0.2668076585883692,-0.004957145785085733,0.9998338408703126,1.0000333395398757
-0.02,1.0319004109222831,23.510319778698783,-0.264685662457092,-0.0048789597104592665,0.9998397907212593,1.0000322493612317
-0.02,1.0319004109222831,23.72805888762644,-0.26257782161337956,-0.004801879570584497,0.9998455325744289,1.0000311936063717
-0.02,1.0319004109222831,23.947814571403043,-0.2604840976604986,-0.004725894902527588,0.9998510734251597,1.0000301712400197
-0.02,1.0319004109222831,24.169605506389228,-0.25840445015230923,-0.004650995147490264,0.9998564200458776,1.0000291812559583
-0.02,1.0319004109222831,24.39345054191539,-0.25633883653669015,-0.004577169660069288,0.9998615789926966,1.0000282226762975
-0.02,1.0319004109222831,24.619368701883577,-0.25428721214832994,-0.0045044077172091785,0.9998665566118404,1.000027294550754
-0.02,1.0319004109222831,24.847379186384366,-0.25224953025794444,-0.004432698526854242,0.9998713590459002,1.0000263959559543
-0.02,1.0319004109222831,25.077501373328523,-0.2502257421777645,-0.0043620312363023385,0.9998759922399149,1.0000255259947415
-0.02,1.0319004109222831,25.30975482009396,-0.2482157974161253,-0.004292394940259266,0.9998804619472952,1.0000246837955058
-0.02,1.0319004109222831,25.544159265187808,-0.24621964386804987,-0.004223778688591175,0.999884773735587,1.0000238685115226
-0.02,1.0319004109222831,25.780734629923902,-0.24423722802452602,-0.004156171493771851,0.9998889329920724,1.0000230793203109
-0.02,1.0319004109222831,26.019501020115914,-0.24226849518118135,-0.00408956233802291,0.9998929449292233,1.0000223154230004
-0.02,1.0319004109222831,26.260478727786037,-0.2403133896274387,-0.0040239401801470545,0.9998968145900005,1.0000215760437117
-0.02,1.0319004109222831,26.503688232889502,-0.2383718547998426,-0.003959293962057935,0.9999005468530129,1.00002086042896
-0.02,1.0319004109222831,26.74915020505521,-0.23644383338770297,-0.0038956126150133863,0.9999041464375212,1.0000201678470575
-0.02,1.0319004109222831,26.99688550534226,-0.23452926738495267,-0.0038328850655629655,0.9999076179083171,1.0000194975875396
-0.02,1.0319004109222831,27.246915188012967,-0.23262809808836987,-0.003771100241223244,0.999910965680454,1.0000188489606032
-0.02,1.0319004109222831,27.499260502322162,-0.23074026604842432,-0.0037102470758971677,0.9999141940238528,1.0000182212965527
-0.02,1.0319004109222831,27.753942894323053,-0.228865710984188,-0.003650314515054704,0.999917307067772,1.000017613945263
-0.02,1.0319004109222831,28.010984008689945,-0.22700437167749304,-0.0035912915206920497,0.9999203088051578,1.0000170262756543
-0.02,1.0319004109222831,28.270405690557713,-0.2251561858634401,-0.0035331670760856064,0.9999232030968652,1.0000164576751795
-0.02,1.0319004109222831,28.532229987378305,-0.22332109013428236,-0.00347593019035467,0.999925993675766,1.000015907549321
-0.02,1.0319004109222831,28.79647915079459,-0.22149901987175613,-0.0034195699028437385,0.9999286841507345,1.000015375321102
-0.02,1.0319004109222831,29.063175638531384,-0.2196899092193394,-0.0033640752873320924,0.9999312780105237,1.0000148604306107
-0.02,1.0319004109222831,29.332342116304055,-0.21789369110118592,-0.0033094354560748423,0.9999337786275264,1.0000143623345306
-0.02,1.0319004109222831,29.604001459744886,-0.21611029728914452,-0.003255639563676529,0.9999361892614321,1.0000138805056873
-0.02,1.0319004109222831,29.8781767563471,-0.2143396585139457,-0.0032026768107960473,0.9999385130627761,1.0000134144326038
-0.02,1.0319004109222831,30.154891307427096,-0.21258170461189294,-0.003150536447679956,0.9999407530763856,1.0000129636190658
-0.02,1.0319004109222831,30.43416863010471,-0.21083636469472988,-0.0030992077775209162,0.999942912244731,1.0000125275837017
-0.02,1.0319004109222831,30.716032459301825,-0.20910356732810376,-0.0030486801596382174,0.9999449934111662,1.0000121058595672
-0.02,1.0319004109222831,31.00050674975963,-0.20738324070341976,-0.002998943012478841,0.999946999323089,1.0000116979937432
-0.02,1.0319004109222831,31.287615678074335,-0.2056753127888655,-0.0029499858164396538,0.999948932634996,1.0000113035469438
-0.02,1.0319004109222831,31.577383644751972,-0.2039797114478164,-0.0029017981165136756,0.9999507959114557,1.0000109220931346
-0.02,1.0319004109222831,31.869835276282085,-0.20229636451642682,-0.002854369524766101,0.9999525916299866,1.0000105532191588
-0.02,1.0319004109222831,32.16499542723059,-0.20062519983652685,-0.0028076897226484428,0.9999543221838529,1.0000101965243722
-0.02,1.0319004109222831,32.462889182352235,-0.19896614524451806,-0.0027617484631608812,0.9999559898847786,1.0000098516202918
-0.02,1.0319004109222831,32.763541858722334,-0.19731912852133443,-0.002716535572874794,0.9999575969655725,1.0000095181302477
-0.02,1.0319004109222831,33.06697900788844,-0.19568407731224913,-0.0026720409538277543,0.9999591455826846,1.0000091956890493
-0.02,1.0319004109222831,33.373226418041924,-0.19406091902803155,-0.002628254585303354,0.9999606378186789,1.000008883942656
-0.02,1.0319004109222831,33.68231011620963,-0.1924495807404563,-0.002585166525507183,0.9999620756846339,1.0000085825478593
-0.02,1.0319004109222831,33.99425637046573,-0.1908499890853311,-0.0025427669131486063,0.9999634611224686,1.00000829117197
-0.02,1.0319004109222831,34.30909169216431,-0.18926207018508856,-0.0025010459689359475,0.9999647960072026,1.0000080094925177
-0.02,1.0319004109222831,34.62684283819243,-0.18768574960072368,-0.002459993996990137,0.9999660821491435,1.0000077371969545
-0.02,1.0319004109222831,34.94753681324406,-0.18612095231973874,-0.0024196013861795297,0.9999673212960104,1.0000074739823697
-0.02,1.0319004109222831,35.2712008721152,-0.18456760278308867,-0.00237985861137623,0.9999685151349894,1.000007219555208
-0.02,1.0319004109222831,35.597862522020144,-0.18302562495030023,-0.0023407562346324075,0.9999696652947307,1.000006973630999
-0.02,1.0319004109222831,35.927549524929255,-0.18149494239831485,-0.0023022849062737565,0.9999707733472813,1.0000067359340934
-0.02,1.0319004109222831,36.26028989992831,-0.17997547844652004,-0.0022644353659065455,0.9999718408099572,1.0000065061974022
-0.02,1.0319004109222831,36.59611192559986,-0.17846715629816226,-0.002227198443334725,0.9999728691471613,1.000006284162148
-0.02,1.0319004109222831,36.93504414242648,-0.17696989918702827,-0.0021905650593841393,0.9999738597721409,1.0000060695776207
-0.02,1.0319004109222831,37.27711535521626,-0.17548363051805696,-0.002154526226632246,0.9999748140486929,1.0000058622009396
-0.02,1.0319004109222831,37.62235463555102,-0.174008273991342,-0.00211907305004302,0.9999757332928144,1.0000056617968212
-0.02,1.0319004109222831,37.97079132425686,-0.17254375370072564,-0.0020841967275089988,0.9999766187743001,1.0000054681373556
-0.02,1.0319004109222831,38.32245503389777,-0.17108999420064033,-0.0020498885503039124,0.9999774717182937,1.0000052810017879
-0.02,1.0319004109222831,38.67737565129239,-0.16964692053780345,-0.002016139903451331,0.9999782933067839,1.0000051001763042
-0.02,1.0319004109222831,39.03558334005395,-0.16821445824751405,-0.0019829422660161823,0.9999790846800584,1.0000049254538264
-0.02,1.0319004109222831,39.3971085431537,-0.16679253331735996,-0.0019502872113269256,0.9999798469381111,1.0000047566338082
-0.02,1.0319004109222831,39.761981985508335,-0.16538107212385242,-0.001918166407136864,0.9999805811420008,1.000004593522044
-0.02,1.0319004109222831,40.1302346765911,-0.1639800013496497,-0.0018865716157329354,0.99998128831517,1.000004435930475
-0.02,1.0319004109222831,40.50189791306716,-0.16258924789043483,-0.0018554946939997766,0.9999819694447222,1.0000042836770062
-0.02,1.0319004109222831,40.87700328145351,-0.16120873876110875,-0.0018249275934460185,0.9999826254826558,1.0000041365853254
-0.02,1.0319004109222831,41.25558266080338,-0.15983840101070537,-0.0017948623601981776,0.9999832573470592,1.0000039944847317
-0.02,1.0319004109222831,41.63766822541544,-0.15847816165441328,-0.001765291134966029,0.9999838659232738,1.0000038572099623
-0.02,1.0319004109222831,42.02329244756837,-0.1571279476293975,-0.0017362061529816414,0.9999844520650057,1.0000037246010305
-0.02,1.0319004109222831,42.41248810028041,-0.15578768577893104,-0.0017075997439125097,0.9999850165954184,1.000003596503064
-0.02,1.0319004109222831,42.80528826009479,-0.15445730286687623,-0.0016794643317478229,0.9999855603081776,1.0000034727661489
-0.02,1.0319004109222831,43.20172630989064,-0.1531367256219985,-0.0016517924346556385,0.9999860839684689,1.000003353245182
-0.02,1.0319004109222831,43.60183594172025,-0.15182588080917922,-0.0016245766648079764,0.9999865883139786,1.0000032377997183
-0.02,1.0319004109222831,44.00565115967241,-0.15052469532250023,-0.001597809728170379,0.9999870740558464,1.0000031262938334
-0.02,1.0319004109222831,44.413206282762204,-0.14923309629354356,-0.0015714844242525911,0.9999875418795845,1.000003018595982
-0.02,1.0319004109222831,44.824535947847835,-0.14795101120722295,-0.001545593645817368,0.999987992445964,1.0000029145788638
-0.02,1.0319004109222831,45.23967511257426,-0.1466783680170633,-0.001520130378545309,0.999988426391879,1.0000028141192934
-0.02,1.0319004109222831,45.65865905834403,-0.14541509525208943,-0.0014950877006546107,0.9999888443311773,1.0000027170980734
-0.02,1.0319004109222831,46.081523393315884,-0.14416112210833493,-0.0014704587824758608,0.9999892468554598,1.0000026233998693
-0.02,1.0319004109222831,46.50830405543093,-0.14291637851932837,-0.0014462368859833722,0.9999896345348638,1.0000025329130906
-0.02,1.0319004109222831,46.93903731546684,-0.14168079520164353,-0.0014224153642857272,0.9999900079188122,1.0000024455297771
-0.02,1.0319004109222831,47.37375978012049,-0.14045430367356368,-0.0013989876610793176,0.9999903675367366,1.0000023611454811
-0.02,1.0319004109222831,47.81250839511901,-0.1392368362469454,-0.0013759473100695913,0.9999907138987859,1.000002279659162
-0.02,1.0319004109222831,48.25532044835962,-0.13802832599432202,-0.0013532879343652643,0.9999910474964961,1.0000022009730787
-0.02,1.0319004109222831,48.70223357307873,-0.1368287066950208,-0.0013310032458510037,0.9999913688034535,1.0000021249926843
-0.02,1.0319004109222831,49.15328575105025,-0.1356379127654575,-0.001309087044544072,0.9999916782759258,1.0000020516265298
-0.02,1.0319004109222831,49.608515315813406,-0.13445587917974153,-0.001287533217939968,0.9999919763534727,1.000001980786164
-0.02,1.0319004109222831,50.067960955930815,-0.13328254138720813,-0.0012663357403514036,0.9999922634595401,1.0000019123860406
-0.02,1.0319004109222831,50.5316617182763,-0.13211783523349654,-0.001245488672244188,0.9999925400020309,1.0000018463434275
-0.02,1.0319004109222831,50.99965701135351,-0.13096169689131254,-0.001224986159572342,0.9999928063738601,1.0000017825783143
-0.02,1.0319004109222831,51.47198660864504,-0.12981406280613633,-0.001204822433113816,0.9999930629534841,1.0000017210133316
-0.02,1.0319004109222831,51.9486906519927,-0.12867486966090616,-0.0011849918078069997,0.999993310105421,1.000001661573664
-0.02,1.0319004109222831,52.429809655009066,-0.12754405436226077,-0.001165488682087156,0.9999935481807488,1.0000016041869695
-0.02,1.0319004109222831,52.91538450652049,-0.12642155404934477,-0.0011463075372211405,0.9999937775175854,1.000001548783302
-0.02,1.0319004109222831,53.40545647404229,-0.1253073061245956,-0.0011274429366380106,0.9999939984415535,1.000001495295036
-0.02,1.0319004109222831,53.90006720728585,-0.12420124830444684,-0.0011088895252527756,0.9999942112662317,1.0000014436567892
-0.02,1.0319004109222831,54.39925874169825,-0.1231033186865943,-0.0010906420287803338,0.9999944162935881,1.000001393805355
-0.02,1.0319004109222831,54.90307350203484,-0.12201345582945276,-0.0010726952530367919,0.9999946138143956,1.0000013456796288
-0.02,1.0319004109222831,55.41155430596479,-0.12093159883874817,-0.001055044083225674,0.999994804108644,1.000001299220546
-0.02,1.0319004109222831,55.924744367709856,-0.11985768745585688,-0.0010376834832070386,0.9999949874459226,1.0000012543710102
-0.02,1.0319004109222831,56.442687301717264,-0.11879166214254323,-0.0010206084947483082,0.9999951640857987,1.0000012110758347
-0.02,1.0319004109222831,56.96542712636624,-0.11773346415712231,-0.0010038142367563626,0.9999953342781867,1.00000116928168
-0.02,1.0319004109222831,57.493008267708944,-0.1166830356177651,-0.0009872959044913033,0.9999954982636907,1.0000011289369923
-0.02,1.0319004109222831,58.02547556324627,-0.11564031954958533,-0.0009710487687631083,0.9999956562739497,1.0000010899919474
-0.02,1.0319004109222831,58.562874265738245,-0.1146052599132627,-0.0009550681751132522,0.9999958085319609,1.0000010523983958
-0.02,1.0319004109222831,59.10525004705015,-0.11357780161415476,-0.0009393495429838673,0.9999959552523946,1.0000010161098047
-0.02,1.0319004109222831,59.65264900203377,-0.11255789049207593,-0.000923888364877649,0.9999960966419011,1.0000009810812103
-0.02,1.0319004109222831,60.2051176524451,-0.1115454732930837,-0.0009086802055118988,0.9999962328994011,1.0000009472691624
-0.02,1.0319004109222831,60.76270295089797,-0.11054049762564752,-0.000893720700970267,0.9999963642163695,1.0000009146316766
-0.02,1.0319004109222831,61.325452284854336,-0.10954291190443106,-0.0008790055578556894,0.9999964907771101,1.0000008831281895
-0.02,1.0319004109222831,61.89341348065174,-0.10855266528553327,-0.0008645305524476185,0.9999966127590154,1.0000008527195074
-0.02,1.0319004109222831,62.466634807567864,-0.10756970759741362,-0.0008502915298664346,0.9999967303328243,1.000000823367765
-0.02,1.0319004109222831,63.0451649819227,-0.1065939892718195,-0.0008362844032470848,0.999996843662866,1.00000079503638
-0.02,1.0319004109222831,63.629053171218956,-0.10562546127888711,-0.0008225051529235813,0.999996952907295,1.000000767690011
-0.02,1.0319004109222831,64.21834899832058,-0.10466407507019568,-0.0008089498256252331,0.9999970582183224,1.0000007412945198
-0.02,1.0319004109222831,64.81310254566993,-0.10370978253295364,-0.0007956145336846144,0.9999971597424315,1.0000007158169277
-0.02,1.0319004109222831,65.4133643595444,-0.10276253595775273,-0.0007824954542568964,0.9999972576205948,1.0000006912253794
-0.02,1.0319004109222831,66.01918545435197,-0.10182228802145772,-0.0007695888285493257,0.9999973519884747,1.0000006674891067
-0.02,1.0319004109222831,66.63061731696679,-0.10088899178588612,-0.0007568909610592599,0.9999974429766239,1.000000644578391
-0.02,1.0319004109222831,67.24771191110499,-0.09996260071201843,-0.0007443982188188063,0.9999975307106733,1.000000622464529
-0.02,1.0319004109222831,67.87052168174088,-0.09904306868861525,-0.0007321070306438343,0.9999976153115171,1.0000006011198
-0.02,1.0319004109222831,68.49909955956402,-0.0981303500733506,-0.0007200138863851439,0.9999976968954892,1.0000005805174328
-0.02,1.0319004109222831,69.13349896547759,-0.09722439974394138,-0.0007081153361795388,0.9999977755745338,1.0000005606315734
-0.02,1.0319004109222831,69.77377381513884,-0.0963251731562781,-0.000696407989698908,0.9999978514563694,1.000000541437255
-0.02,1.0319004109222831,70.41997852354069,-0.09543262640628175,-0.0006848885153955621,0.9999979246446462,1.0000005229103701
-0.02,1.0319004109222831,71.0721680096366,-0.0945467162921007,-0.000673553639742706,0.9999979952391006,1.0000005050276386
-0.02,1.0319004109222831,71.73039770100793,-0.09366740037334804,-0.0006624001464691765,0.9999980633357017,1.0000004877665813
-0.02,1.0319004109222831,72.39472353857458,-0.09279463702433155,-0.0006514248757883499,0.9999981290267907,1.0000004711054964
-0.02,1.0319004109222831,73.06520198134909,-0.09192838547862751,-0.0006406247236214287,0.9999981924012198,1.0000004550234278
-0.02,1.0319004109222831,73.74189001123509,-0.09106860586287026,-0.0006299966408159567,0.9999982535444816,1.000000439500144
-0.02,1.0319004109222831,74.42484513786997,-0.09021525921823956,-0.0006195376323608141,0.9999983125388364,1.0000004245161127
-0.02,1.0319004109222831,75.11412540351232,-0.08936830750879086,-0.0006092447565993706,0.999998369463434,1.0000004100524769
-0.02,1.0319004109222831,75.80978938797494,-0.08852771361644438,-0.0005991151244426856,0.9999984243944298,1.0000003960910315
-0.02,1.0319004109222831,76.51189621360336,-0.08769344132311638,-0.0005891458985849288,0.9999984774051007,1.0000003826142034
-0.02,1.0319004109222831,77.22050555030022,-0.08686545528107442,-0.00057933429272321,0.9999985285659488,1.0000003696050284
-0.02,1.0319004109222831,77.93567762059672,-0.08604372097313424,-0.0005696775707840276,0.9999985779448101,1.00000035704713
-0.02,1.0319004109222831,78.65747320477065,-0.08522820466473906,-0.0005601730461583575,0.9999986256069551,1.000000344924702
-0.02,1.0319004109222831,79.38595364601184,-0.08441887335027659,-0.0005508180809472756,0.9999986716151825,1.000000333222486
-0.02,1.0319004109222831,80.12118085563553,-0.08361569469617136,-0.0005416100852196113,0.999998716029918,1.000000321925757
-0.02,1.0319004109222831,80.86321731834431,-0.08281863698334696,-0.0005325465162827991,0.9999987589092983,1.0000003110202997
-0.02,1.0319004109222831,81.61212609753805,-0.08202766905158804,-0.0005236248779677844,0.9999988003092645,1.000000300492395
-0.02,1.0319004109222831,82.36797084067375,-0.08124276024813924,-0.0005148427199282455,0.9999988402836394,1.0000002903288039
-0.02,1.0319004109222831,83.13081578467474,-0.08046388038259998,-0.0005061976369541301,0.9999988788842117,1.0000002805167467
-0.02,1.0319004109222831,83.90072576138992,-0.07969099968980321,-0.000497687268299047,0.9999989161608142,1.0000002710438929
-0.02,1.0319004109222831,84.67776620310352,-0.07892408880193429,-0.0004893092970206796,0.9999989521613933,1.00000026189834
-0.02,1.0319004109222831,85.46200314809617,-0.07816311873067795,-0.0004810614493330871,0.9999989869320882,1.000000253068605
-0.02,1.0319004109222831,86.25350324625728,-0.0774080608596983,-0.00047294149396956555,0.999999020517294,1.0000002445436045
-0.02,1.0319004109222831,87.05233376474918,-0.07665888694727635,-0.00046494724155450297,0.9999990529597307,1.0000002363126448
-0.02,1.0319004109222831,87.85856259372419,-0.07591556913847895,-0.00045707654398262766,0.9999990843005084,1.000000228365406
-0.02,1.0319004109222831,88.67225825209441,-0.07517807998583548,-0.0004493272938040118,0.9999991145791867,1.0000002206919323
-0.02,1.0319004109222831,89.49348989335462,-0.07444639247714757,-0.00044169742361327804,0.9999991438338364,1.0000002132826147
-0.02,1.0319004109222831,90.32232731145982,-0.07372048006880053,-0.00043418490544155295,0.9999991721010948,1.0000002061281834
-0.02,1.0319004109222831,91.15884094675663,-0.07300031672274933,-0.0004267877501499988,0.999999199416222,1.0000001992196952
-0.02,1.0319004109222831,92.0031018919696,-0.07228587694525876,-0.0004195040068238456,0.9999992258131518,1.00000019254852
-0.02,1.0319004109222831,92.85518189824359,-0.07157713582545737,-0.0004123317621662791,0.9999992513245457,1.0000001861063321
-0.02,1.0319004109222831,93.71515338124135,-0.0708740690718356,-0.0004052691398917886,0.9999992759818379,1.0000001798850995
-0.02,1.0319004109222831,94.58308942729796,-0.0701766530449574,-0.0003983143001188496,0.999999299815287,1.0000001738770719
-0.02,1.0319004109222831,95.45906379963219,-0.06948486478486099,-0.0003914654387621236,0.9999993228540158,1.0000001680747734
-0.02,1.0319004109222831,96.34315094461576,-0.06879868203188813,-0.0003847207869247785,0.9999993451260593,1.0000001624709915
-0.02,1.0319004109222831,97.23542599809973,-0.06811808323997696,-0.00037807861029157065,0.9999993666584045,1.000000157058768
-0.02,1.0319004109222831,98.13596479180039,-0.06744304758178321,-0.00037153720852373367,0.9999993874770304,1.0000001518313912
-0.02,1.0319004109222831,99.04484385974408,-0.06677355494532668,-0.00036509491465676813,0.999999407606946,1.0000001467823845
-0.02,1.0319004109222831,99.96214044477135,-0.06610958592220208,-0.00035875009450242733,0.9999994270722296,1.0000001419055016
-0.02,1.0319004109222831,100.88793250510167,-0.06545112178770375,-0.00035250114605619564,0.999999445896063,1.0000001371947171
-0.02,1.0319004109222831,101.82229872095873,-0.06479814447351058,-0.0003463464989115738,0.9999994641007658,1.0000001326442174
-0.02,1.0319004109222831,102.76531850125772,-0.06415063653382842,-0.00034028461368247473,0.9999994817078283,1.0000001282483957
-0.02,1.0319004109222831,103.71707199035326,-0.06350858110609911,-0.00033431398143489026,0.9999994987379435,1.0000001240018423
-0.02,1.0319004109222831,104.67764007485148,-0.06287196186753609,-0.0003284331231288627,0.9999995152110385,1.0000001198993396
-0.02,1.0319004109222831,105.64710439048359,-0.06224076298885863,-0.00032264058907164326,0.9999995311463018,1.000000115935855
-0.02,1.0319004109222831,106.62554732904427,-0.06161496908663558,-0.0003169349583826464,0.9999995465622128,1.0000001121065334
-0.02,1.0319004109222831,107.61305204539366,-0.06099456517565006,-0.000311314838470678,0.9999995614765701,1.0000001084066907
-0.02,1.0319004109222831,108.60970246452491,-0.060379536622633595,-0.00030577886452359647,0.9999995759065151,1.0000001048318112
-0.02,1.0319004109222831,109.61558328869602,-0.059769869102615246,-0.00030032569901035247,0.9999995898685593,1.0000001013775373
-0.02,1.0319004109222831,110.63078000462876,-0.05916554855898866,-0.0002949540311951578,0.9999996033786073,1.0000000980396655
-0.02,1.0319004109222831,111.65537889077429,-0.05856656116821731,-0.0002896625766632688,0.9999996164519802,1.0000000948141425
-0.02,1.0319004109222831,112.68946702464496,-0.05797289330990091,-0.00028445007685773345,0.9999996291034391,1.0000000916970582
-0.02,1.0319004109222831,113.73313229021528,-0.05738453154270168,-0.00027931529862621965,0.9999996413472054,1.000000088684641
-0.02,1.0319004109222831,114.78646338539066,-0.05680146258640714,-0.0002742570337770046,0.9999996531969819,1.000000085773253
-0.02,1.0319004109222831,115.84954982954602,-0.056223673310175255,-0.0002692740986430309,0.9999996646659731,1.0000000829593854
-0.02,1.0319004109222831,116.92248197113297,-0.05565115072679399,-0.0002643653336529482,0.9999996757669045,1.0000000802396545
-0.02,1.0319004109222831,118.00535099535914,-0.05508388199257976,-0.0002595296029079905,0.9999996865120404,1.0000000776107956
-0.02,1.0319004109222831,119.09824893193696,-0.05452185441236521,-0.0002547657937636174,0.9999996969132009,1.0000000750696605
-0.02,1.0319004109222831,120.2012686629055,-0.053965055448865276,-0.0002500728164148664,0.999999706981782,1.0000000726132123
-0.02,1.0319004109222831,121.31450393052383,-0.05341347273559141,-0.00024544960348447134,0.9999997167287692,1.0000000702385226
-0.02,1.0319004109222831,122.43804934523853,-0.05286709409239004,-0.0002408951096129137,0.9999997261647527,1.000000067942766
-0.02,1.0319004109222831,123.5720003937234,-0.05232590754262873,-0.00023640831104973335,0.9999997352999465,1.0000000657232186
-0.02,1.0319004109222831,124.7164534469956,-0.051789901331023847,-0.00023198820524553913,0.9999997441441985,1.0000000635772521
-0.02,1.0319004109222831,125.87150576860506,-0.05125906394112266,-0.00022763381044438912,0.9999997527070068,1.0000000615023326
-0.02,1.0319004109222831,127.03725552290106,-0.05073338411148885,-0.0002233441652763212,0.9999997609975326,1.0000000594960141
-0.02,1.0319004109222831,128.21380178337475,-0.05021285084971189,-0.00021911832834999414,0.9999997690246131,1.0000000575559391
-0.02,1.0319004109222831,129.40124454107954,-0.0496974534434579,-0.00021495537784562706,0.9999997767967739,1.0000000556798336
-0.02,1.0319004109222831,130.59968471312828,-0.049187181467891604,-0.00021085441110848348,0.9999997843222407,1.0000000538655043
-0.02,1.0319004109222831,131.8092241512703,-0.04868202478892899,-0.00020681454424333504,0.9999997916089505,1.0000000521108345
-0.02,1.0319004109222831,133.02996565054787,-0.048181973561925655,-0.00020283491171045452,0.9999997986645632,1.000000050413783
-0.02,1.0319004109222831,134.26201295803162,-0.047687018225547856,-0.0001989146659237598,0.9999998054964726,1.0000000487723824
-0.02,1.0319004109222831,135.5054707816382,-0.04719714949072373,-0.00019505297685180407,0.9999998121118134,1.0000000471847332
-0.02,1.0319004109222831,136.76044479902887,-0.04671235832471689,-0.0001912490316223604,0.9999998185174743,1.0000000456490032
-0.02,1.0319004109222831,138.02704166659132,-0.04623263593050131,-0.00018750203413135078,0.999999824720106,1.0000000441634254
-0.02,1.0319004109222831,139.30536902850287,-0.0457579737217416,-0.000183811204656874,0.9999998307261307,1.0000000427262965
-0.02,1.0319004109222831,140.5955355258802,-0.045288363293793626,-0.00018017577947902855,0.9999998365417494,1.000000041335971
-0.02,1.0319004109222831,141.8976508060113,-0.044823796391237576,-0.00017659501050618757,0.9999998421729503,1.0000000399908635
-0.02,1.0319004109222831,143.21182553167466,-0.04436426487252819,-0.0001730681649083458,0.9999998476255193,1.0000000386894432
-0.02,1.0319004109222831,144.53817139054382,-0.04390976067240394,-0.00016959452475794228,0.9999998529050435,1.0000000374302342
-0.02,1.0319004109222831,145.87680110468003,-0.04346027576273366,-0.00016617338667863484,0.999999858016922,1.0000000362118122
-0.02,1.0319004109222831,147.22782844011104,-0.04301580211249238,-0.0001628040615022178,0.9999998629663716,1.0000000350328033
-0.02,1.0319004109222831,148.59136821650102,-0.04257633164755597,-0.00015948587393387775,0.9999998677584324,1.0000000338918806
-0.02,1.0319004109222831,149.9675363169076,-0.04214185621097787,-0.00015621816222578206,0.9999998723979773,1.0000000327877663
-0.02,1.0319004109222831,151.35644969763095,-0.04171236752437632,-0.00015300027785890828,0.9999998768897141,1.0000000317192261
-0.02,1.0319004109222831,152.75822639815343,-0.04128785715100028,-0.00014983158523290826,0.9999998812381979,1.0000000306850685
-0.02,1.0319004109222831,154.17298555117182,-0.0408683164609809,-0.0001467114613636541,0.9999998854478284,1.0000000296841451
-0.02,1.0319004109222831,155.60084739272125,-0.040453736599193234,-0.0001436392955880857,0.9999998895228628,1.0000000287153472
-0.02,1.0319004109222831,157.0419332723941,-0.040044108456071134,-0.00014061448927579415,0.9999998934674185,1.0000000277776047
-0.02,1.0319004109222831,158.4963656636536,-0.03963942264162861,-0.0001376364555468153,0.9999998972854767,1.0000000268698848
-0.02,1.0319004109222831,159.96426817424148,-0.03923966946284808,-0.0001347046189949596,0.9999999009808902,1.000000025991192
-0.02,1.0319004109222831,161.44576555668382,-0.038844838904504665,-0.00013181841541601706,0.9999999045573873,1.0000000251405652
-0.02,1.0319004109222831,162.94098371889282,-0.038454920613409896,-0.00012897729154015208,0.9999999080185752,1.0000000243170761
-0.02,1.0319004109222831,164.4500497348682,-0.03806990388596957,-0.0001261807047677683,0.9999999113679453,1.0000000235198288
-0.02,1.0319004109222831,165.97309185549548,-0.0376897776588784,-0.00012342812290819341,0.9999999146088773,1.00000002274796
-0.02,1.0319004109222831,167.5102395194472,-0.0373145305027009,-0.00012071902392048616,0.9999999177446457,1.0000000220006358
-0.02,1.0319004109222831,169.06162336418203,-0.0369441506180332,-0.00011805289565579413,0.9999999207784187,1.0000000212770508
-0.02,1.0319004109222831,170.6273752370482,-0.036578625833886894,-0.00011542923560068272,0.9999999237132667,1.0000000205764281
-0.02,1.0319004109222831,172.20762820648835,-0.036217943607903424,-0.00011284755062095456,0.9999999265521633,1.0000000198980183
-0.02,1.0319004109222831,173.80251657334924,-0.0358620910279772,-0.00011030735670554715,0.9999999292979904,1.0000000192410976
-0.02,1.0319004109222831,175.41217588229446,-0.03551105481485582,-0.00010780817871018437,0.9999999319535403,1.0000000186049667
-0.02,1.0319004109222831,177.0367429333253,-0.03516482132527776,-0.00010534955010053725,0.9999999345215189,1.0000000179889519
-0.02,1.0319004109222831,178.67635579340572,-0.03482337655521817,-0.00010293101269474294,0.999999937004551,1.0000000173924015
-0.02,1.0319004109222831,180.33115380819694,-0.0344867061428327,-0.00010055211640521954,0.999999939405179,1.0000000168146874
-0.02,1.0319004109222831,182.00127761389967,-0.03415479537071097,-9.821241897980743e-05,0.9999999417258709,1.0000000162552025
-0.02,1.0319004109222831,183.68686914920713,-0.03382762916708997,-9.591148574235968e-05,0.9999999439690188,1.0000000157133615
-0.02,1.0319004109222831,185.38807166736675,-0.033505192105718354,-9.364888933294315e-05,0.9999999461369439,1.0000000151885975
-0.02,1.0319004109222831,187.10502974835543,-0.03318746840410737,-9.142420944794852e-05,0.999999948231898,1.0000000146803654
-0.02,1.0319004109222831,188.83788931116757,-0.03287444191995624,-8.923703258041131e-05,0.9999999502560666,1.0000000141881369
-0.02,1.0319004109222831,190.58679762621514,-0.03256609614559481,-8.708695176093146e-05,0.9999999522115701,1.0000000137114031
-0.02,1.0319004109222831,192.35190332784438,-0.03226241420033732,-8.497356629962045e-05,0.9999999541004678,1.0000000132496718
-0.02,1.0319004109222831,194.13335642696757,-0.03196337882070043,-8.289648152953108e-05,0.9999999559247569,1.0000000128024675
-0.02,1.0319004109222831,195.93130832381254,-0.03166897234848936,-8.085530855204531e-05,0.9999999576863778,1.0000000123693313
-0.02,1.0319004109222831,197.74591182078862,-0.03137917671680971,-7.884966398472434e-05,0.9999999593872156,1.0000000119498205
-0.02,1.0319004109222831,199.5773211354742,-0.031093973434109707,-7.68791697121027e-05,0.9999999610290993,1.0000000115435053
-0.02,1.0319004109222831,201.42569191372198,-0.03081334356640295,-7.494345263992306e-05,0.9999999626138064,1.0000000111499725
-0.02,1.0319004109222831,203.29118124288746,-0.030537267717861177,-7.304214445326872e-05,0.9999999641430636,1.0000000107688227
-0.02,1.0319004109222831,205.1739476651793,-0.030265726010000063,-7.117488137904374e-05,0.9999999656185476,1.0000000103996682
-0.02,1.0319004109222831,207.07415119113296,-0.029998698059711313,-6.934130395319666e-05,0.9999999670418891,1.0000000100421362
-0.02,1.0319004109222831,208.99195331321022,-0.029736162956415242,-6.754105679306931e-05,0.9999999684146716,1.0000000096958659
-0.02,1.0319004109222831,210.92751701952352,-0.029478099238625308,-6.577378837517976e-05,0.9999999697384341,1.0000000093605073
-0.02,1.0319004109222831,212.88100680768738,-0.029224484870225827,-6.403915081872094e-05,0.9999999710146721,1.0000000090357237
-0.02,1.0319004109222831,214.8525886987991,-0.028975297216768118,-6.23367996749778e-05,0.9999999722448404,1.0000000087211893
-0.02,1.0319004109222831,216.84243025154836,-0.028730513022089822,-6.066639372286532e-05,0.9999999734303524,1.0000000084165876
-0.02,1.0319004109222831,218.85070057645706,-0.028490108385552982,-5.902759477065696e-05,0.9999999745725813,1.0000000081216145
-0.02,1.0319004109222831,220.87757035025237,-0.02825405874018614,-5.742006746399808e-05,0.9999999756728648,1.0000000078359745
-0.02,1.0319004109222831,222.92321183037146,-0.02802233883199951,-5.5843479100203765e-05,0.9999999767325009,1.000000007559383
-0.02,1.0319004109222831,224.9877988696007,-0.027794922700719208,-5.429749944881046e-05,0.9999999777527536,1.0000000072915631
-0.02,1.0319004109222831,227.07150693085165,-0.02757178366216612,-5.2781800578302593e-05,0.9999999787348509,1.0000000070322488
-0.02,1.0319004109222831,229.17451310207272,-0.027352894292475137,-5.12960566888798e-05,0.9999999796799885,1.00000000678118
-0.02,1.0319004109222831,231.29699611129922,-0.027138226414325443,-4.983994395115595e-05,0.9999999805893287,1.000000006538109
-0.02,1.0319004109222831,233.4391363418438,-0.026927751085319168,-4.8413140350576205e-05,0.999999981464001,1.0000000063027918
-0.02,1.0319004109222831,235.60111584762504,-0.026721438588617988,-4.701532553738177e-05,0.9999999823051062,1.0000000060749965
-0.02,1.0319004109222831,237.78311836864148,-0.02651925842591375,-4.564618068189228e-05,0.9999999831137125,1.000000005854494
-0.02,1.0319004109222831,239.98532934658564,-0.026321179312781412,-4.430538833491356e-05,0.9999999838908626,1.0000000056410667
-0.02,1.0319004109222831,242.20793594060487,-0.026127169176430175,-4.299263229303114e-05,0.9999999846375676,1.0000000054345013
-0.02,1.0319004109222831,244.4511270432073,-0.025937195155842984,-4.1707597468589e-05,0.9999999853548137,1.000000005234592
-0.02,1.0319004109222831,246.71509329631496,-0.02575122360426629,-4.044996976414958e-05,0.9999999860435579,1.000000005041141
-0.02,1.0319004109222831,249.00002710746668,-0.02556922009398939,-3.9219435951252364e-05,0.999999986704734,1.000000004853954
-0.02,1.0319004109222831,251.3061226661696,-0.025391149423328596,-3.801568355330429e-05,0.9999999873392488,1.000000004672844
-0.02,1.0319004109222831,253.6335759604023,-0.02521697562571534,-3.68384007324783e-05,0.9999999879479856,1.0000000044976305
-0.02,1.0319004109222831,255.98258479327197,-0.025046661980767448,-3.5687276180493235e-05,0.9999999885318033,1.0000000043281383
-0.02,1.0319004109222831,258.3533487998248,-0.024880171027213273,-3.456199901323049e-05,0.9999999890915374,1.000000004164197
-0.02,1.0319004109222831,260.7460694640121,-0.024717464577522868,-3.34622586691153e-05,0.9999999896280023,1.000000004005642
-0.02,1.0319004109222831,263.1609501358149,-0.02455850373409963,-3.238774481130449e-05,0.9999999901419877,1.0000000038523138
-0.02,1.0319004109222831,265.59819604852424,-0.024403248906874286,-3.133814723368246e-05,0.9999999906342651,1.0000000037040575
-0.02,1.0319004109222831,268.0580143361851,-0.02425165983214561,-3.0313155770758535e-05,0.9999999911055825,1.0000000035607226
-0.02,1.0319004109222831,270.5406140511989,-0.02410369559251216,-2.9312460211577343e-05,0.9999999915566692,1.0000000034221643
-0.02,1.0319004109222831,273.0462061820903,-0.02395931463774114,-2.8335750217790576e-05,0.9999999919882335,1.000000003288241
-0.02,1.0319004109222831,275.57500367143905,-0.02381847480642735,-2.7382715246073235e-05,0.9999999924009663,1.0000000031588159
-0.02,1.0319004109222831,278.1272214339776,-0.02368113334830233,-2.6453044475105533e-05,0.9999999927955354,1.000000003033756
-0.02,1.0319004109222831,280.7030763748543,-0.023547246947061846,-2.5546426737336513e-05,0.9999999931725952,1.0000000029129326
-0.02,1.0319004109222831,283.30278740807006,-0.0234167717435915,-2.4662550455843405e-05,0.9999999935327795,1.0000000027962204
-0.02,1.0319004109222831,285.9265754750807,-0.023289663359481228,-2.3801103586524135e-05,0.9999999938767041,1.0000000026834983
-0.02,1.0319004109222831,288.57466356357577,-0.02316587692073216,-2.2961773565967626e-05,0.9999999942049684,1.0000000025746485
-0.02,1.0319004109222831,291.24727672642865,-0.023045367081572045,-2.2144247265276576e-05,0.999999994518155,1.0000000024695561
-0.02,1.0319004109222831,293.94464210082356,-0.022928088048309862,-2.1348210950205837e-05,0.9999999948168296,1.00000000236811
-0.02,1.0319004109222831,296.6669889275594,-0.022813993603171795,-2.057335024790231e-05,0.9999999951015419,1.0000000022702027
-0.02,1.0319004109222831,299.4145485705322,-0.022703037128076104,-1.981935012057999e-05,0.9999999953728261,1.000000002175729
-0.02,1.0319004109222831,302.18755453639716,-0.022595171628315765,-1.90858948464375e-05,0.9999999956312007,1.0000000020845865
-0.02,1.0319004109222831,304.9862424944146,-0.022490349756130873,-1.8372668008112414e-05,0.9999999958771689,1.0000000019966764
-0.02,1.0319004109222831,307.81085029647846,-0.022388523834163704,-1.7679352488946185e-05,0.9999999961112193,1.0000000019119024
-0.02,1.0319004109222831,310.6616179973303,-0.022289645878800116,-1.7005630477310812e-05,0.9999999963338259,1.0000000018301711
-0.02,1.0319004109222831,313.5387878749621,-0.022193667623410684,-1.6351183479232936e-05,0.9999999965454484,1.000000001751391
-0.02,1.0319004109222831,316.44260445120455,-0.02210054054151247,-1.5715692339490206e-05,0.9999999967465324,1.0000000016754733
-0.02,1.0319004109222831,319.3733145125105,-0.022010215869879928,-1.5098837271355244e-05,0.9999999969375108,1.0000000016023327
-0.02,1.0319004109222831,322.3311671309267,-0.021922644631639655,-1.4500297895105868e-05,0.9999999971188017,1.000000001531884
-0.02,1.0319004109222831,325.31641368526283,-0.021837777659386312,-1.3919753285366594e-05,0.9999999972908113,1.0000000014640462
-0.02,1.0319004109222831,328.32930788245454,-0.021755565618361908,-1.3356882027332621e-05,0.9999999974539322,1.00000000139874
-0.02,1.0319004109222831,331.37010577912685,-0.02167595902974186,-1.281136228186338e-05,0.9999999976085434,1.0000000013358878
-0.02,1.0319004109222831,334.4390658033531,-0.021598908294070088,-1.2282871859386284e-05,0.9999999977550149,1.000000001275414
-0.02,1.0319004109222831,337.53644877662083,-0.02152436371488758,-1.1771088302515949e-05,0.999999997893701,1.000000001217246
-0.02,1.0319004109222831,340.66251793599554,-0.021452275522593538,-1.127568897722546e-05,0.9999999980249451,1.0000000011613117
-0.02,1.0319004109222831,343.81753895649405,-0.021382593898577322,-1.0796351172396319e-05,0.9999999981490806,1.0000000011075412
-0.02,1.0319004109222831,347.00177997366285,-0.021315268999654843,-1.0332752207469739e-05,0.9999999982664275,1.0000000010558674
-0.02,1.0319004109222831,350.2155116063659,-0.02125025098283727,-9.884569547947569e-06,0.9999999983772956,1.0000000010062238
-0.02,1.0319004109222831,353.4590069797847,-0.021187490030454996,-9.451480928371427e-06,0.9999999984819845,1.0000000009585457
-0.02,1.0319004109222831,356.73254174862967,-0.021126936375653188,-9.03316448244618e-06,0.9999999985807816,1.0000000009127707
-0.02,1.0319004109222831,360.0363941205664,-0.02106854032826797,-8.629298879840473e-06,0.9999999986739654,1.0000000008688374
-0.02,1.0319004109222831,363.37084487986095,-0.021012252301085547,-8.239563469260427e-06,0.9999999987618028,1.0000000008266865
-0.02,1.0319004109222831,366.73617741124224,-0.02095802283647795,-7.863638427275043e-06,0.9999999988445517,1.00000000078626
-0.02,1.0319004109222831,370.13267772398575,-0.020905802633402505,-7.5012049123864294e-06,0.9999999989224605,1.0000000007474996
-0.02,1.0319004109222831,373.5606344762222,-0.02085554257474327,-7.151945223795085e-06,0.9999999989957674,1.000000000710353
-0.02,1.0319004109222831,377.02033899946696,-0.020807193754965623,-6.815542964287231e-06,0.9999999990647016,1.0000000006747642
-0.02,1.0319004109222831,380.5120853233824,-0.020760707508046646,-6.491683206645739e-06,0.9999999991294843,1.0000000006406813
-0.02,1.0319004109222831,384.03617020076405,-0.02071603543563828,-6.180052662977766e-06,0.9999999991903256,1.0000000006080532
-0.02,1.0319004109222831,387.5928931327621,-0.020673129435410983,-5.880339856336396e-06,0.9999999992474297,1.0000000005768301
-0.02,1.0319004109222831,391.18255639433437,-0.020631941729521656,-5.592235293992986e-06,0.9999999993009906,1.000000000546964
-0.02,1.0319004109222831,394.8054650599374,-0.020592424893141385,-5.315431641730322e-06,0.9999999993511953,1.000000000518407
-0.02,1.0319004109222831,398.4619270294508,-0.02055453188297476,-5.0496238985047435e-06,0.9999999993982218,1.0000000004911132
-0.02,1.0319004109222831,402.15225305434814,-0.020518216065697,-4.794509570844864e-06,0.999999999442242,1.0000000004650376
-0.02,1.0319004109222831,405.87675676410373,-0.02048343124623123,-4.5497888463462125e-06,0.9999999994834201,1.0000000004401366
-0.02,1.0319004109222831,409.6357546928489,-0.02045013169578523,-4.315164765640918e-06,0.9999999995219109,1.0000000004163674
-0.02,1.0319004109222831,413.4295663062725,-0.020418272179563938,-4.090343392223684e-06,0.9999999995578661,1.0000000003936897
-0.02,1.0319004109222831,417.25851402877123,-0.020387807984072578,-3.875033979542127e-06,0.9999999995914272,1.0000000003720622
-0.02,1.0319004109222831,421.12292327085265,-0.02035869494392385,-3.6689491347687102e-06,0.9999999996227302,1.0000000003514455
-0.02,1.0319004109222831,425.02312245678996,-0.02033088946806313,-3.4718049786963547e-06,0.9999999996519061,1.0000000003318024
-0.02,1.0319004109222831,428.95944305253283,-0.020304348565324735,-3.2833213012298247e-06,0.9999999996790782,1.000000000313095
-0.02,1.0319004109222831,432.9322195938791,-0.020279029869235115,-3.103221711962443e-06,0.9999999997043648,1.000000000295288
-0.02,1.0319004109222831,436.9417897149054,-0.020254891661979177,-2.9312337853506433e-06,0.9999999997278783,1.0000000002783456
-0.02,1.0319004109222831,440.98849417666133,-0.020231892897450088,-2.767089200070157e-06,0.999999999749725,1.000000000262234
-0.02,1.0319004109222831,445.0726768961314,-0.02020999322330446,-2.610523872088667e-06,0.9999999997700071,1.0000000002469205
-0.02,1.0319004109222831,449.19468497546023,-0.020189153001950125,-2.4612780811247244e-06,0.9999999997888198,1.000000000232373
-0.02,1.0319004109222831,453.3548687314555,-0.020169333330396767,-2.3190965901128295e-06,0.9999999998062564,1.0000000002185596
-0.02,1.0319004109222831,457.55358172535705,-0.02015049605890555,-2.1837287573700377e-06,0.9999999998224018,1.0000000002054512
-0.02,1.0319004109222831,461.7911807928867,-0.020132603808378297,-2.054928641196897e-06,0.9999999998373404,1.0000000001930174
-0.02,1.0319004109222831,466.0680260745743,-0.020115619986432853,-1.9324550966636633e-06,0.9999999998511484,1.0000000001812308
-0.02,1.0319004109222831,470.3844810463644,-0.020099508802117083,-1.8160718643855671e-06,0.9999999998639003,1.000000000170063
-0.02,1.0319004109222831,474.7409125505084,-0.020084235279220156,-1.7055476511249685e-06,0.9999999998756656,1.0000000001594875
-0.02,1.0319004109222831,479.1376908267404,-0.02006976526814634,-1.6006562020700944e-06,0.9999999998865104,1.0000000001494795
-0.02,1.0319004109222831,483.57518954374194,-0.02005606545632247,-1.5011763647335796e-06,0.9999999998964972,1.0000000001400127
-0.02,1.0319004109222831,488.0537858309,-0.02004310337711796,-1.4068921443689994e-06,0.999999999905684,1.000000000131064
-0.02,1.0319004109222831,492.5738603103579,-0.020030847417262083,-1.3175927509259062e-06,0.999999999914127,1.00000000012261
-0.02,1.0319004109222831,497.1357971293627,-0.02001926682274984,-1.23307263750804e-06,0.999999999921878,1.0000000001146272
-0.02,1.0319004109222831,501.7399839929145,-0.020008331703235283,-1.1531315304162886e-06,0.9999999999289861,1.0000000001070943
-0.02,1.0319004109222831,506.3868121967132,-0.019998013034916547,-1.0775744508190969e-06,0.9999999999354976,1.0000000000999911
-0.02,1.0319004109222831,511.0766766604169,-0.019988282661924015,-1.0062117281631023e-06,0.9999999999414564,1.0000000000932965
-0.02,1.0319004109222831,515.809975961202,-0.01997911329622854,-9.38859005459879e-07,0.9999999999469025,1.000000000086991
-0.02,1.0319004109222831,520.5871123676386,-0.019970478516093296,-8.753372365907073e-07,0.9999999999518744,1.000000000081056
-0.02,1.0319004109222831,525.4084918738774,-0.019962352763097716,-8.154726758211547e-07,0.9999999999564075,1.0000000000754734
-0.02,1.0319004109222831,530.2745242341559,-0.019954711337767824,-7.590968597194299e-07,0.999999999960537,1.0000000000702258
-0.02,1.0319004109222831,535.1856229976182,-0.019947530393852296,-7.060465817131159e-07,0.999999999964293,1.0000000000652964
-0.02,1.0319004109222831,540.1422055434659,-0.019940786931287858,-6.561638595164818e-07,0.9999999999677055,1.0000000000606695
-0.02,1.0319004109222831,545.1446931164259,-0.019934458787902492,-6.092958957001279e-07,0.9999999999708016,1.000000000056328
-0.02,1.0319004109222831,550.1935108625528,-0.019928524629908455,-5.652950316713411e-07,0.999999999973607,1.000000000052259
-0.02,1.0319004109222831,555.2890878653604,-0.019922963941240854,-5.240186953601452e-07,0.9999999999761457,1.000000000048447
-0.02,1.0319004109222831,560.4318571822878,-0.01991775701180067,-4.853293429140677e-07,0.9999999999784398,1.0000000000448788
-0.02,1.0319004109222831,565.6222558815047,-0.019912884924663768,-4.490943947082312e-07,0.9999999999805106,1.000000000041541
-0.02,1.0319004109222831,570.8607250790558,-0.019908329542319945,-4.151861660017997e-07,0.9999999999823769,1.0000000000384215
-0.02,1.0319004109222831,576.1477099763489,-0.019904073492007932,-3.8348179255820327e-07,0.9999999999840563,1.0000000000355076
-0.02,1.0319004109222831,581.4836598979924,-0.019900100150213557,-3.5386315156976986e-07,0.999999999985566,1.000000000032789
-0.02,1.0319004109222831,586.8690283299819,-0.01989639362640011,-3.262167782185758e-07,0.999999999986921,1.0000000000302531
-0.02,1.0319004109222831,592.3042729582397,-0.019892938746039868,-3.0043377821107425e-07,0.9999999999881355,1.000000000027891
-0.02,1.0319004109222831,597.7898557075149,-0.019889721033016873,-2.76409736631783e-07,0.9999999999892226,1.0000000000256914
-0.02,1.0319004109222831,603.3262427806361,-0.019886726691470586,-2.540446234439907e-07,0.9999999999901946,1.000000000023645
-0.02,1.0319004109222831,608.913904698138,-0.01988394258715004,-2.3324269597462708e-07,0.9999999999910626,1.0000000000217435
-0.02,1.0319004109222831,614.5533163382452,-0.019881356228347462,-2.1391239872787016e-07,0.9999999999918368,1.0000000000199776
-0.02,1.0319004109222831,620.2449569772324,-0.019878955746479233,-1.9596626083000225e-07,0.9999999999925266,1.0000000000183393
-0.02,1.0319004109222831,625.9893103301563,-0.019876729876381206,-1.7932079144780433e-07,0.999999999993141,1.0000000000168203
-0.02,1.0319004109222831,631.7868645919671,-0.01987466793638318,-1.6389637348721105e-07,0.9999999999936873,1.0000000000154137
-0.02,1.0319004109222831,637.638112478994,-0.01987275980822687,-1.4961715586721948e-07,0.9999999999941735,1.000000000014112
-0.02,1.0319004109222831,643.5435512708254,-0.019870995916888252,-1.3641094469393952e-07,0.9999999999946054,1.0000000000129088
-0.02,1.0319004109222831,649.5036828525664,-0.0198693672103642,-1.2420909358963426e-07,0.9999999999949893,1.0000000000117975
-0.02,1.0319004109222831,655.5190137574945,-0.01986786513948062,-1.1294639347953519e-07,0.9999999999953315,1.0000000000107723
-0.02,1.0319004109222831,661.5900552101086,-0.019866481637776195,-1.0256096209251086e-07,0.9999999999956359,1.000000000009827
-0.02,1.0319004109222831,667.7173231695753,-0.01986520910151449,-9.29941334399825e-08,0.9999999999959077,1.0000000000089566
-0.02,1.0319004109222831,673.9013383735801,-0.019864040369873076,-8.41903475068149e-08,0.9999999999961506,1.0000000000081561
-0.02,1.0319004109222831,680.1426263825831,-0.019862968705356525,-7.609704039390246e-08,0.9999999999963682,1.00000000000742
-0.02,1.0319004109222831,686.4417176244827,-0.019861987774476435,-6.866453514154028e-08,0.9999999999965642,1.0000000000067448
-0.02,1.0319004109222831,692.7991474396972,-0.019861091628739256,-6.184593341766843e-08,0.9999999999967409,1.0000000000061262
-0.02,1.0319004109222831,699.215456126661,-0.01986027468597939,-5.5597008301956076e-08,0.9999999999969013,1.000000000005559
-0.02,1.0319004109222831,705.6911889877423,-0.019859531712071825,-4.98760983095967e-08,0.9999999999970481,1.00000000000504
-0.02,1.0319004109222831,712.2268963755895,-0.019858857803056098,-4.464400286338454e-08,0.9999999999971828,1.0000000000045657
-0.02,1.0319004109222831,718.8231337398989,-0.019858248367699526,-3.986387934287378e-08,0.9999999999973074,1.0000000000041327
-0.02,1.0319004109222831,725.4804616746267,-0.01985769911052559,-3.550114187521686e-08,0.9999999999974233,1.0000000000037381
-0.02,1.0319004109222831,732.1994459656265,-0.019857206015329552,-3.152336198918414e-08,0.999999999997532,1.0000000000033786
-0.02,1.0319004109222831,738.9806576387373,-0.01985676532920084,-2.7900171263725842e-08,0.999999999997635,1.0000000000030518
-0.02,1.0319004109222831,745.8246730083114,-0.01985637354706932,-2.4603166070170713e-08,0.9999999999977333,1.0000000000027545
-0.02,1.0319004109222831,752.7320737261965,-0.019856027396788753,-2.1605814515887053e-08,0.9999999999978273,1.0000000000024851
-0.02,1.0319004109222831,759.7034468311634,-0.019855723824769123,-1.8883365666616906e-08,0.9999999999979177,1.0000000000022407
-0.02,1.0319004109222831,766.7393847988028,-0.019855459982166458,-1.64127611321402e-08,0.9999999999980057,1.0000000000020197
-0.02,1.0319004109222831,773.8404855918722,-0.0198552332116361,-1.4172549069365989e-08,0.9999999999980914,1.0000000000018194
-0.02,1.0319004109222831,781.0073527111184,-0.01985504103465357,-1.2142800667418955e-08,0.9999999999981758,1.0000000000016387
-0.02,1.0319004109222831,788.2405952465664,-0.019854881139404215,-1.030502915178653e-08,0.9999999999982583,1.0000000000014757
-0.02,1.0319004109222831,795.5408279292831,-0.019854751369241443,-8.642111346584663e-09,0.9999999999983398,1.000000000001329
-0.02,1.0319004109222831,802.9086711836236,-0.01985464971171064,-7.138211819055655e-09,0.99999999999842,1.0000000000011966
-0.02,1.0319004109222831,810.3447511799583,-0.01985457428813441,-5.778709624041473e-09,0.9999999999984994,1.000000000001078
-0.02,1.0319004109222831,817.8496998878867,-0.01985452334375299,-4.550127656930419e-09,0.9999999999985779,1.000000000000971
-0.02,1.0319004109222831,825.4241551299497,-0.019854495238411644,-3.440064617603965e-09,0.9999999999986554,1.0000000000008749
-0.02,1.0319004109222831,833.0687606358348,-0.01985448843778601,-2.4371295786279775e-09,0.9999999999987322,1.000000000000789
-0.02,1.0319004109222831,840.7841660970844,-0.019854501505134323,-1.5308791438983857e-09,0.9999999999988077,1.0000000000007119
-0.02,1.0319004109222831,848.5710272223139,-0.019854533093564653,-7.117571817013095e-10,0.9999999999988823,1.0000000000006428
-0.02,1.0319004109222831,856.4300057929329,-0.019854581938803944,2.8962900475493757e-11,0.9999999999989557,1.0000000000005809
-0.02,1.0319004109222831,864.3617697193946,-0.019854646852454572,6.992333546197428e-10,0.9999999999990277,1.0000000000005254
-0.02,1.0319004109222831,872.3669930979535,-0.019854726715723615,1.3062848209521588e-09,0.9999999999990982,1.0000000000004756
-0.02,1.0319004109222831,880.4463562679581,-0.019854820473608738,1.8566766124033255e-09,0.9999999999991672,1.0000000000004314
-0.02,1.0319004109222831,888.6005458696701,-0.01985492712952432,2.356344595915647e-09,0.9999999999992341,1.0000000000003915
-0.02,1.0319004109222831,896.8302549026189,-0.01985504574035084,2.8106467410488265e-09,0.9999999999992996,1.0000000000003555
-0.02,1.0319004109222831,905.1361827845002,-0.01985517541188991,3.224406354875022e-09,0.9999999999993626,1.0000000000003233
-0.02,1.0319004109222831,913.5190354106156,-0.01985531529470728,3.6019530935190367e-09,0.9999999999994236,1.0000000000002942
-0.02,1.0319004109222831,921.9795252138629,-0.0198554645803455,3.947161777042795e-09,0.9999999999994819,1.0000000000002676
-0.02,1.0319004109222831,930.5183712252855,-0.019855622497888355,4.263489083003278e-09,0.9999999999995376,1.0000000000002442
-0.02,1.0319004109222831,939.1362991351807,-0.019855788310858415,4.55400818472507e-09,0.9999999999995909,1.0000000000002225
-0.02,1.0319004109222831,947.8340413547725,-0.01985596131442963,4.821441379113319e-09,0.999999999999641,1.0000000000002025
-0.02,1.0319004109222831,956.6123370784595,-0.019856140832936665,5.068190789729296e-09,0.9999999999996881,1.0000000000001845
-0.02,1.0319004109222831,965.4719323466358,-0.01985632621766292,5.296367194383291e-09,0.9999999999997327,1.0000000000001679
-0.02,1.0319004109222831,974.4135801090915,-0.019856516844889475,5.507817056166095e-09,0.9999999999997733,1.000000000000152
-0.02,1.0319004109222831,983.4380402890077,-0.019856712114187235,5.70414781221913e-09,0.9999999999998114,1.0000000000001377
-0.02,1.0319004109222831,992.5460798475383,-0.01985691144693518,5.886751499303124e-09,0.9999999999998458,1.0000000000001241
-0.02,1.0319004109222831,1001.7384728489908,-0.019857114285047862,6.056826776068185e-09,0.9999999999998764,1.0000000000001115
-0.02,1.0319004109222831,1011.0160005266158,-0.0198573200898956,6.21539940896274e-09,0.999999999999904,1.0000000000000993
-0.02,1.0319004109222831,1020.3794513489946,-0.019857528341401632,6.363341292092188e-09,0.9999999999999281,1.000000000000088
-0.02,1.0319004109222831,1029.8296210870567,-0.019857738537300523,6.501388067330103e-09,0.9999999999999486,1.0000000000000775
-0.02,1.0319004109222831,1039.3673128817031,-0.019857950192543068,6.630155402685006e-09,0.9999999999999655,1.0000000000000664
-0.02,1.0319004109222831,1048.993337312066,-0.019858162838833317,6.750153996533181e-09,0.9999999999999787,1.0000000000000566
-0.02,1.0319004109222831,1058.7085124643972,-0.019858376024283846,6.861803383745482e-09,0.9999999999999885,1.0000000000000469
-0.02,1.0319004109222831,1068.5136640015942,-0.019858589313176148,6.96544457948939e-09,0.9999999999999944,1.000000000000037
-0.02,1.0319004109222831,1078.4096252333723,-0.019858802285813472,7.061351646331553e-09,0.9999999999999973,1.0000000000000282
-0.02,1.0319004109222831,1088.3972371870843,-0.019859014538454373,7.14974222782495e-09,0.9999999999999969,1.0000000000000189
-0.02,1.0319004109222831,1098.4773486791944,-0.019859225683315277,7.23078711840145e-09,0.9999999999999929,1.00000000000001
-0.02,1.0319004109222831,1108.650816387419,-0.019859435348631747,7.3046189140632616e-09,0.9999999999999858,1.000000000000002
-0.02,1.0319004109222831,1118.9185049235327,-0.019859643178768097,7.371339807487835e-09,0.999999999999975,0.9999999999999936
-0.02,1.0319004109222831,1129.2812869068487,-0.019859848834365937,7.4310285768037e-09,0.9999999999999615,0.9999999999999856
-0.02,1.0319004109222831,1139.740043038382,-0.019860051992523078,7.48374681953746e-09,0.9999999999999447,0.9999999999999777
-0.02,1.0319004109222831,1150.2956621756925,-0.019860252346994275,7.529544480770303e-09,0.9999999999999254,0.99999999999997
-0.02,1.0319004109222831,1160.9490414084332,-0.019860449608406362,7.568464725729653e-09,0.9999999999999029,0.9999999999999626
-0.02,1.0319004109222831,1171.7010861345848,-0.01986064350448083,7.600548199245781e-09,0.9999999999998778,0.9999999999999556
-0.02,1.0319004109222831,1182.5527101374053,-0.019860833780257325,7.625836717403222e-09,0.9999999999998499,0.9999999999999485
-0.02,1.0319004109222831,1193.5048356630894,-0.01986102019831229,7.644376436160273e-09,0.9999999999998199,0.9999999999999416
-0.02,1.0319004109222831,1204.55839349915,-0.019861202538967414,7.65622053220387e-09,0.9999999999997874,0.9999999999999352
-0.02,1.0319004109222831,1215.7143230535173,-0.019861380600483168,7.661431439394912e-09,0.9999999999997528,0.9999999999999292
-0.02,1.0319004109222831,1226.9735724343827,-0.019861554199233102,7.660082674602136e-09,0.999999999999716,0.9999999999999232
-0.02,1.0319004109222831,1238.33709853077,-0.01986172316985528,7.652260289789908e-09,0.9999999999996775,0.9999999999999173
-0.02,1.0319004109222831,1249.8058670938608,-0.019861887365377476,7.638063982256912e-09,0.999999999999637,0.9999999999999116
-0.02,1.0319004109222831,1261.3808528190714,-0.019862046657313327,7.617607894582926e-09,0.9999999999995952,0.9999999999999069
-0.02,1.0319004109222831,1273.0630394288874,-0.01986220093572705,7.591021136071719e-09,0.9999999999995517,0.999999999999902
-0.02,1.0319004109222831,1284.8534197564702,-0.019862350109264855,7.558448050384446e-09,0.9999999999995068,0.9999999999998976
-0.02,1.0319004109222831,1296.7529958300336,-0.01986249410515129,7.520048258838973e-09,0.9999999999994608,0.9999999999998936
-0.02,1.0319004109222831,1308.7627789579997,-0.019862632869149417,7.475996503446914e-09,0.9999999999994141,0.9999999999998896
-0.02,1.0319004109222831,1320.883789814951,-0.019862766365483953,7.426482313078118e-09,0.999999999999366,0.9999999999998865
-0.02,1.0319004109222831,1333.1170585283726,-0.019862894576726742,7.371709511939215e-09,0.9999999999993182,0.9999999999998834
-0.02,1.0319004109222831,1345.4636247661995,-0.019863017503644383,7.311895599451734e-09,0.9999999999992687,0.9999999999998805
-0.02,1.0319004109222831,1357.924537825179,-0.019863135165008053,7.247271005769255e-09,0.9999999999992191,0.9999999999998781
-0.02,1.0319004109222831,1370.500856720038,-0.019863247597365664,7.1780782593881905e-09,0.9999999999991696,0.999999999999876
-0.02,1.0319004109222831,1383.1936502734964,-0.019863354854777162,7.104571065422849e-09,0.9999999999991198,0.9999999999998744
-0.02,1.0319004109222831,1396.0039972070938,-0.019863457008513413,7.0270133202700526e-09,0.9999999999990697,0.9999999999998729
-0.02,1.0319004109222831,1408.9329862328714,-0.019863554146719812,6.945678079321794e-09,0.9999999999990202,0.9999999999998718
-0.02,1.0319004109222831,1421.9817161458968,-0.019863646374045685,6.8608464736817045e-09,0.9999999999989706,0.9999999999998712
-0.02,1.0319004109222831,1435.1512959176512,-0.019863733811240642,6.772806613045335e-09,0.9999999999989215,0.9999999999998704
-0.02,1.0319004109222831,1448.4428447902692,-0.019863816594719603,6.681852461737391e-09,0.9999999999988729,0.9999999999998704
-0.02,1.0319004109222831,1461.8574923716699,-0.019863894876097684,6.588282710993844e-09,0.9999999999988252,0.9999999999998705
-0.02,1.0319004109222831,1475.3963787315492,-0.019863968821696765,6.492399658108671e-09,0.9999999999987778,0.9999999999998712
-0.02,1.0319004109222831,1489.0606544982772,-0.019864038612025632,6.394508084782017e-09,0.9999999999987313,0.9999999999998721
-0.02,1.0319004109222831,1502.8514809566846,-0.019864104441235146,6.294914162571379e-09,0.999999999998686,0.999999999999873
-0.02,1.0319004109222831,1516.7700301467542,-0.019864166516550687,6.193924377002111e-09,0.9999999999986412,0.9999999999998748
-0.02,1.0319004109222831,1530.8174849632353,-0.019864225057683614,6.091844479082077e-09,0.9999999999985979,0.9999999999998763
-0.02,1.0319004109222831,1544.9950392561707,-0.019864280296223686,5.988978474787732e-09,0.9999999999985562,0.9999999999998783
-0.02,1.0319004109222831,1559.3038979323546,-0.01986433247501462,5.885627648411595e-09,0.9999999999985153,0.9999999999998803
-0.02,1.0319004109222831,1573.7452770577393,-0.019864381847514486,5.782089630464394e-09,0.999999999998476,0.9999999999998829
-0.02,1.0319004109222831,1588.3204039607824,-0.01986442867714334,5.678657508939195e-09,0.9999999999984381,0.9999999999998853
-0.02,1.0319004109222831,1603.0305173367537,-0.019864473236619645,5.575618985238167e-09,0.9999999999984018,0.9999999999998885
-0.02,1.0319004109222831,1617.8768673530133,-0.0198645158072879,5.473255583730446e-09,0.999999999998367,0.9999999999998915
-0.02,1.0319004109222831,1632.8607157552478,-0.019864556678439085,5.371841911143729e-09,0.9999999999983338,0.9999999999998948
-0.02,1.0319004109222831,1647.9833359747165,-0.01986459614662606,5.271644959153225e-09,0.9999999999983025,0.9999999999998984
-0.02,1.0319004109222831,1663.2460132364645,-0.01986463451497569,5.172923476388604e-09,0.9999999999982724,0.9999999999999019
-0.02,1.0319004109222831,1678.6500446685554,-0.019864672092499605,5.075927374769991e-09,0.9999999999982444,0.9999999999999056
-0.02,1.0319004109222831,1694.1967394123092,-0.019864709193405276,4.980897201994368e-09,0.9999999999982186,0.9999999999999096
-0.02,1.0319004109222831,1709.8874187335668,-0.019864746136409324,4.888063661788865e-09,0.9999999999981943,0.9999999999999136
-0.02,1.0319004109222831,1725.7234161349695,-0.01986478324405451,4.797647185234582e-09,0.9999999999981716,0.9999999999999181
-0.02,1.0319004109222831,1741.706077469303,-0.01986482084203212,4.709857555491311e-09,0.9999999999981513,0.9999999999999223
-0.02,1.0319004109222831,1757.8367610538646,-0.01986485925851137,4.624893582330179e-09,0.9999999999981325,0.9999999999999267
-0.02,1.0319004109222831,1774.1168377859105,-0.019864898823477046,4.5429428285247615e-09,0.9999999999981158,0.9999999999999312
-0.02,1.0319004109222831,1790.547691259161,-0.019864939868077053,4.46418137949691e-09,0.9999999999981012,0.9999999999999356
-0.02,1.0319004109222831,1807.1307178813868,-0.019864982723980937,4.388773662284068e-09,0.9999999999980882,0.9999999999999398
-0.02,1.0319004109222831,1823.867326993091,-0.019865027722750818,4.3168723113301845e-09,0.9999999999980774,0.9999999999999448
-0.02,1.0319004109222831,1840.7589409872808,-0.01986507519522577,4.248618075485511e-09,0.9999999999980683,0.9999999999999495
-0.02,1.0319004109222831,1857.8069954303487,-0.01986512547092073,4.1841397647671545e-09,0.9999999999980612,0.9999999999999544
-0.02,1.0319004109222831,1875.012939184082,-0.019865178877441037,4.1235542422833905e-09,0.999999999998056,0.9999999999999586
-0.02,1.0319004109222831,1892.378234528796,-0.019865235739913428,4.066966447879094e-09,0.9999999999980526,0.9999999999999634
-0.02,1.0319004109222831,1909.9043572876058,-0.019865296380434324,4.014469463778117e-09,0.9999999999980516,0.9999999999999684
-0.02,1.0319004109222831,1927.592796951861,-0.019865361117536295,3.966144608334686e-09,0.9999999999980521,0.9999999999999729
-0.02,1.0319004109222831,1945.4450568077177,-0.01986543026567322,3.922061565283272e-09,0.999999999998054,0.9999999999999777
-0.02,1.0319004109222831,1963.4626540639163,-0.01986550413472495,3.882278542842703e-09,0.9999999999980579,0.9999999999999821
-0.02,1.0319004109222831,1981.6471199807077,-0.019865583029521825,3.846842458998128e-09,0.999999999998064,0.9999999999999869
-0.02,1.0319004109222831,2000.0,-0.019865667249389637,3.815789153774964e-09,0.9999999999980711,0.9999999999999911
