TITLE = "branch_Re1000_traditional_centrifugal"
VARIABLES = "pressure_gradient" "Tw" "thermal_rossby" "rotor_heat_flux_Tz" "G_mid" "H_min" "F_min" "F_max" "nodes" "max_rms_residual"
DATASETAUXDATA Source_File = "boussinesq_singularity_results/branch_Re1000_traditional_centrifugal.csv"
DATASETAUXDATA Converter = "convert_all_to_tecplot.py"
ZONE T="data", I=609, DATAPACKING=POINT
0.0979164800975601 1 0 2.864421913044199e-18 0.3146662892268516 -1.037685031548926 -0.1513475628950515 0.1696865426666601 1226 1.998093597685757e-07
0.0969164800975601 1.002338389214382 0.002338389214381564 -0.02295568139843478 0.3129445002998384 -1.034990332987935 -0.1505821260550141 0.1693338493108076 1228 1.987852998318773e-07
0.0959164800975601 1.004673708172472 0.004673708172472146 -0.04581892344090384 0.3112115778517901 -1.032341776406338 -0.1498111375933577 0.1689810195645961 1229 1.994779289614593e-07
0.0949164800975601 1.007005889094717 0.007005889094716888 -0.06858879342282835 0.3094673718587696 -1.029661433799101 -0.1490345177525479 0.1686280699753866 1233 1.987624965014312e-07
0.0939164800975601 1.009334860637126 0.009334860637126408 -0.09126432736162834 0.3077117303855774 -1.026942667425879 -0.1482521848264478 0.1682750181613306 1235 1.987204149406286e-07
0.09291648009756009 1.011660547701021 0.01166054770102121 -0.1138445287210103 0.3059444995881635 -1.024184691257987 -0.1474640550920847 0.1679218828658906 1236 1.99665397127315e-07
0.09191648009756009 1.013982871241277 0.01398287124127706 -0.1363283671558825 0.3041655237191704 -1.021386696602466 -0.14667004273784 0.1675686840129492 1239 1.986999964283841e-07
0.09091648009756009 1.016301748063436 0.01630174806343554 -0.1587147771849096 0.3023746451358934 -1.018612078038417 -0.1458700597885384 0.1672154427648219 1242 1.986093809306183e-07
0.08991648009756009 1.01861709061368 0.01861709061368044 -0.1810026568303512 0.3005717043110789 -1.015823590061911 -0.1450640160267627 0.1668621815809446 1245 1.974371206976636e-07
0.08891648009756009 1.020928806758596 0.02092880675859576 -0.2031908661966286 0.2987565398468864 -1.012992868676276 -0.1442518189108041 0.1665089242812529 1247 1.973689989976097e-07
0.08791648009756009 1.023236799557952 0.0232367995579521 -0.2252782260189732 0.2969289884921836 -1.010119000915077 -0.1434333734882571 0.1661556961090287 1249 1.997366685962654e-07
0.08691648009756009 1.025540967028254 0.02554096702825426 -0.2472635161610909 0.2950888851636952 -1.007201045980071 -0.142608582305631 0.1658025237972557 1253 1.999387005612362e-07
0.08591648009756009 1.027841201897696 0.02784120189769612 -0.2691454740680043 0.2932360629709544 -1.004314889180319 -0.1417773453132785 0.1654494356356698 1255 1.970890841620122e-07
0.08491648009756009 1.030137391350171 0.03013739135017057 -0.2909227931525525 0.2913703532454752 -1.001400512267195 -0.1409395597659381 0.1650964615425224 1257 1.993978562881432e-07
0.08391648009756009 1.03242941676225 0.03242941676225031 -0.3125941211516662 0.2894915855747441 -0.9984394327529627 -0.1401136448067472 0.1647436331359307 1260 1.965030130472974e-07
0.08291648009756009 1.034717153430822 0.03471715343082216 -0.3341580584301916 0.2875995878412336 -0.9954305813865125 -0.1392857672422077 0.164390983807307 1261 1.99584694179258e-07
0.08191648009756008 1.037000470289142 0.037000470289142 -0.3556131562113615 0.2856941862665464 -0.9923971285195433 -0.1384508785683831 0.1640385487992927 1263 1.99700213377598e-07
0.08091648009756008 1.039279229616385 0.03927922961638464 -0.3769579147793619 0.2837752054617099 -0.9893864634437263 -0.1376088608462967 0.1636863652830398 1267 1.970359722286259e-07
0.07991648009756008 1.041553286735178 0.041553286735178 -0.3981907816013709 0.2818424684836099 -0.9863250261529529 -0.1367595927566265 0.1633344724380592 1269 1.97840553705353e-07
0.07891648009756008 1.043822489704338 0.04382248970433822 -0.4193101494348768 0.2798957968983549 -0.9832115941683697 -0.1359029494599219 0.1629829115347898 1271 1.995945304807944e-07
0.07791648009756008 1.04608667899671 0.04608667899671004 -0.4403143543233237 0.2779350108517276 -0.9800449034665127 -0.1350388024495447 0.1626317260183734 1275 1.993733592189744e-07
0.07691648009756008 1.04834568717192 0.04834568717191989 -0.4612016735681 0.2759599291478111 -0.97692156252577 -0.1341670193962029 0.1622809615931359 1278 1.979739106305381e-07
0.07591648009756008 1.050599338542209 0.05059933854220899 -0.481970323657006 0.2739703693360709 -0.9737444400223761 -0.1332874639838234 0.1619306663101948 1279 1.984532248251445e-07
0.07491648009756008 1.052847448825082 0.0528474488250823 -0.5026184580859133 0.2719661478074746 -0.9705104486657501 -0.1323999957364136 0.1615808906554806 1280 1.985686191245259e-07
0.07391648009756008 1.055089824794528 0.05508982479452795 -0.5231441651667517 0.269947079900145 -0.9672181312196899 -0.1315044698358405 0.161231687637657 1280 1.990715649077092e-07
0.07291648009756008 1.057326263911705 0.05732626391170537 -0.5435454657167191 0.2679129800188422 -0.9639671184158325 -0.1306037522862429 0.1608831128817944 1281 1.993333331801356e-07
0.07191648009756008 1.059556553982635 0.05955655398263526 -0.563820310815646 0.2658636617572385 -0.96065632519684 -0.1297159425110724 0.1605352247140524 1281 1.9947393092873e-07
0.07091648009756008 1.061780472755425 0.0617804727554252 -0.5839665792856088 0.2637989380469677 -0.9572829936847591 -0.1288194494879968 0.1601880842604627 1283 1.997800917728542e-07
0.06991648009756007 1.063997787577436 0.06399778757743602 -0.6039820753644505 0.2617186213027742 -0.9538713699666049 -0.1279141044106239 0.1598417555302119 1284 1.965866129709498e-07
0.06891648009756007 1.066208254993773 0.06620825499377347 -0.6238645261029721 0.259622523597364 -0.9504729306733606 -0.1269997328654585 0.159496305512046 1285 1.968522144459057e-07
0.06791648009756007 1.068411620380699 0.06841162038069903 -0.6436115788452805 0.2575104568412514 -0.9470072092456098 -0.1260761545717939 0.1591518042616214 1285 1.981607573137991e-07
0.06691648009756007 1.070607617554833 0.07060761755483291 -0.6632207985556287 0.2553822329865558 -0.9434722996188007 -0.1251431830882624 0.158808324991846 1285 1.995171220822378e-07
0.06591648009756007 1.072795968407347 0.07279596840734714 -0.6826896651859623 0.2532376642413161 -0.9399458725849972 -0.124200625517004 0.1584659441575167 1288 1.976738026961102e-07
0.06491648009756007 1.074976382532736 0.07497638253273631 -0.7020155709511313 0.2510765633052294 -0.9363747059651516 -0.1232482821832615 0.1581247415384163 1288 1.982112439076414e-07
0.06391648009756007 1.077148556841722 0.07714855684172228 -0.7211958174637261 0.2488987436360595 -0.9327287269007213 -0.1222859462705632 0.1577848003251363 1289 1.982399963886205e-07
0.06291648009756007 1.079312175238449 0.07931217523844913 -0.740227613057641 0.2467040197158382 -0.9290552067222533 -0.1213234563971221 0.1574462071889632 1289 1.98527937406377e-07
0.06191648009756007 1.081466908244116 0.0814669082441164 -0.7591080697831863 0.2444922073689701 -0.9253635412525784 -0.1203655828774623 0.1571090523595108 1290 1.990394758126994e-07
0.06091648009756007 1.083612412707349 0.08361241270734943 -0.7778342006921052 0.2422631240750989 -0.9215906432965997 -0.1193968521603348 0.1567734296844223 1290 1.998588066065414e-07
0.05991648009756007 1.085748331470159 0.08574833147015881 -0.7964029167922601 0.2400165893410829 -0.9177744794396814 -0.118417018551559 0.156439436692326 1292 1.999671809028808e-07
0.05891648009756006 1.087874293123733 0.08787429312373329 -0.8148110243053863 0.2377524250695973 -0.9139448638404176 -0.1174258268605867 0.1561071746372163 1293 1.997067982488708e-07
0.05791648009756006 1.089989911748833 0.0899899117488332 -0.8330552216966357 0.2354704559866799 -0.9100266383604335 -0.1164230118367669 0.155776748540809 1294 1.989068783637516e-07
0.05691648009756006 1.092094786725615 0.092094786725615 -0.8511320968809616 0.2331705100847073 -0.9060695135676533 -0.1154082976100095 0.1554482672176152 1296 1.970471931618399e-07
0.05591648009756006 1.094188502583347 0.09418850258334732 -0.8690381244527254 0.2308524191060649 -0.9020815941631574 -0.1143813970755228 0.155125328754821 1296 1.980127475019515e-07
0.05491648009756006 1.096270628901596 0.09627062890159621 -0.8867696629404116 0.2285160190704798 -0.8979965268874593 -0.1133482619951942 0.1548083634462665 1297 1.986961483005271e-07
0.05391648009756006 1.098340720296529 0.09834072029652918 -0.9043229523516806 0.2261611508219772 -0.8938968544151741 -0.1123220683395272 0.1544937246996425 1297 1.994867960322481e-07
0.05291648009756006 1.10039831645973 0.1003983164597297 -0.921694111601927 0.22378766065048 -0.8897267313706096 -0.1112825176799208 0.1541815341150152 1299 1.987075168340353e-07
0.05191648009756006 1.102442942312289 0.102442942312289 -0.938879136451361 0.2213954009197099 -0.8854679568095606 -0.1102292619901537 0.1538719169383967 1300 1.974444025596553e-07
0.05091648009756006 1.104474108247111 0.104474108247111 -0.9558738974354557 0.2189842307743644 -0.881201762121266 -0.1091619376619192 0.1535650019758679 1301 1.987976552704171e-07
0.04991648009756006 1.106491310498993 0.1064913104989926 -0.9726741382583411 0.2165540168753589 -0.8768211599117487 -0.1080801645184077 0.1532609214795808 1302 1.985480486674828e-07
0.04891648009756006 1.108494031648944 0.1084940316489442 -0.9892754745081389 0.2141046341928533 -0.8724128973109662 -0.1069835447121731 0.1529598109998298 1304 1.98284057630096e-07
0.04791648009756005 1.110481741284338 0.1104817412843384 -1.005673392835927 0.2116359668496658 -0.8679155901819683 -0.1058811915057519 0.1526618091994852 1306 1.999308625035375e-07
0.04691648009756005 1.112453896833602 0.1124538968336017 -1.021863250668096 0.2091479090170489 -0.8633479838973925 -0.1047804218087129 0.1523670576265799 1309 1.976706837267165e-07
0.04591648009756005 1.114409944597554 0.1144099445975537 -1.037840276552112 0.2066403658633007 -0.8587188020804353 -0.1036632125769594 0.1520757004400581 1309 1.983887345367408e-07
0.04491648009756005 1.116349320998402 0.1163493209984021 -1.053599571224175 0.2041132545534754 -0.8539909187065556 -0.1025290701198834 0.1517878840841991 1309 1.990999611844533e-07
0.04391648009756005 1.118271454070382 0.1182714540703815 -1.069136109521829 0.2015665052997187 -0.8492125265841536 -0.1013774752210247 0.1515037569063747 1309 1.998031825450275e-07
0.04291648009756005 1.120175765213081 0.1201757652130813 -1.084444743229495 0.1990000624557964 -0.844321005389057 -0.1002078812152039 0.1512234687137017 1310 1.999122731209685e-07
0.04191648009756005 1.122061671228578 0.1220616712285778 -1.099520204974425 0.19641388565168 -0.8393734972353413 -0.09903387900744973 0.1509471702643786 1311 1.990471709676313e-07
0.04091648009756005 1.123928586658942 0.1239285866589424 -1.114357113247628 0.1938079509556823 -0.834312151856923 -0.09785413472778071 0.1506750126888395 1311 1.994136664633269e-07
0.03991648009756005 1.125775926436815 0.125775926436815 -1.128949978637582 0.1911822520516733 -0.8291725488017848 -0.09665422928482446 0.1504071468413528 1311 1.997830037006572e-07
0.03891648009756005 1.127603108848767 0.127603108848767 -1.143293211279405 0.1885368014124171 -0.8239318606844127 -0.09543346619754868 0.1501437225785276 1312 1.952523979388533e-07
0.03791648009756005 1.129409558800406 0.1294095588004058 -1.157381129484568 0.1858716314406727 -0.8185734793460616 -0.09419110740301946 0.1498848879691063 1312 1.963033571398473e-07
0.03691648009756004 1.131194711344985 0.1311947113449854 -1.171207969372533 0.1831867955356877 -0.8131399483724938 -0.09294138074482465 0.1496307884450359 1313 1.961046721249738e-07
0.03591648009756004 1.132958015417762 0.1329580154177621 -1.184767895251028 0.1804823690507329 -0.8075600023792286 -0.0916818651413403 0.1493815659028753 1313 1.965127611439315e-07
0.03491648009756004 1.134698937651683 0.1346989376516825 -1.198055010099805 0.1777584500501193 -0.8018869050981311 -0.09039785570092675 0.1491373577845257 1313 1.969091488896305e-07
0.03391648009756004 1.136416966119998 0.1364169661199977 -1.211063365406934 0.1750151598038004 -0.7960903826407201 -0.08908838483834242 0.1488982961686418 1313 1.972940693377003e-07
0.03291648009756004 1.138111613731786 0.1381116137317859 -1.223786968917792 0.1722526428786377 -0.7901426996446389 -0.08775977119301094 0.1486645069296288 1313 1.976677390231119e-07
0.03191648009756004 1.139782420912205 0.1397824209122054 -1.236219788367819 0.1694710666808559 -0.7840709861182867 -0.08642558105543478 0.1484361090397034 1313 1.980303581513631e-07
0.03091648009756004 1.141428957025834 0.1414289570258342 -1.248355748297223 0.1666706202367229 -0.7778681119937895 -0.08506214313805328 0.148213214123899 1313 1.98382114233329e-07
0.02991648009756004 1.14305081978518 0.1430508197851801 -1.260188715834172 0.1638515119347186 -0.77150046459647 -0.08366815148642442 0.14799592642016 1313 1.987231807656602e-07
0.02891648009756004 1.144647631589944 0.1446476315899436 -1.271712469649227 0.1610139658611308 -0.7649639388370348 -0.08225943976707399 0.1477843433539391 1313 1.990537137533398e-07
0.02791648009756004 1.146219031345774 0.1462190313457743 -1.282920644006705 0.1581582162400141 -0.7582528445430995 -0.08083004945883297 0.1475785570123928 1313 1.993738565726429e-07
0.02691648009756004 1.147764659782689 0.1477646597826889 -1.293806636775533 0.1552844993267053 -0.7513641065387743 -0.07936498178968851 0.1473786569027572 1313 1.996837398371539e-07
0.02591648009756004 1.149284135594208 0.1492841355942076 -1.304363466171622 0.1523930418873417 -0.7442906533954226 -0.07787436950864705 0.1471847345092582 1313 1.999834695993464e-07
0.02491648009756003 1.150777018785756 0.1507770187857558 -1.314583555505921 0.1494840450966006 -0.7370051317634566 -0.07636324961480855 0.1469968903337408 1314 1.959457978504199e-07
0.02391648009756003 1.15224275654839 0.1522427565483899 -1.324458418729601 0.146557662365448 -0.7294930991675398 -0.07480981655147848 0.1468152442964945 1314 1.961024774559182e-07
0.02291648009756003 1.153680605017843 0.1536806050178428 -1.333978208113769 0.1436139688289136 -0.7217401854517532 -0.07323140246340581 0.1466399507276647 1314 1.962164259593076e-07
0.02191648009756003 1.155089519177733 0.1550895191777328 -1.343131077984307 0.1406529200092613 -0.713742679836897 -0.07161735471627063 0.1464712193551788 1314 1.965236880653995e-07
0.02091648009756003 1.156467999680292 0.156467999680292 -1.351902297905074 0.1376742955643992 -0.7054633879002606 -0.06995885298098881 0.1463093443116121 1314 1.969074106953862e-07
0.01991648009756003 1.157813883187159 0.1578138831871594 -1.360273034295087 0.1346776231683969 -0.6968719051930827 -0.06827175761135362 0.1461547435245721 1314 1.97295453913463e-07
0.01891648009756003 1.159124059235932 0.1591240592359318 -1.368218696696381 0.1316620757196437 -0.6879402211714023 -0.06652860686149721 0.1460080114452422 1314 1.976881370808442e-07
0.01791648009756003 1.160394091691974 0.1603940916919742 -1.375706713338132 0.1286263319661749 -0.6786719878724613 -0.06475241821332475 0.1458699888571641 1314 1.980859167000361e-07
0.01691648009756003 1.161617720048703 0.1616177200487028 -1.382693579525703 0.1255683881504189 -0.6689823868775382 -0.06291514917618374 0.1457418538837859 1315 1.984893622325201e-07
0.01591648009756003 1.162786209732353 0.1627862097323534 -1.389120980794473 0.1224853023230619 -0.6588663523085772 -0.06102878853312772 0.1456252392165496 1315 1.988992341476302e-07
0.01586648009756002 1.162842987434634 0.1628429874346335 -1.389426362957567 0.122330418794047 -0.6583440444928248 -0.06093235888188841 0.1456197479809042 1315 1.989199145288044e-07
0.01581648009756002 1.162899596326356 0.1628995963263564 -1.389730145221342 0.1221754615776496 -0.6578195247910888 -0.06083572179416612 0.1456142912983188 1315 1.989406124531045e-07
0.01576648009756002 1.162956034625382 0.1629560346253822 -1.390032316153963 0.1220204300324058 -0.6573024349356047 -0.06073887636955121 0.1456088694985037 1315 1.989613306586808e-07
0.01571648009756002 1.163012300521488 0.1630123005214881 -1.390332864155877 0.1218653235092574 -0.6567845017883344 -0.06064182170192694 0.1456034829162994 1315 1.98982065677966e-07
0.01566648009756002 1.163068392176315 0.1630683921763145 -1.39063177745818 0.1217101413477915 -0.6562643287957234 -0.06054455687849601 0.1455981318916319 1315 1.990028217222882e-07
0.01561648009756002 1.163124307722982 0.163124307722982 -1.390929044120279 0.1215548828760606 -0.6557419021920832 -0.06044708097970977 0.1455928167695791 1315 1.990235972362303e-07
0.01556648009756002 1.163180045265707 0.1631800452657068 -1.391224652027524 0.1213995474103992 -0.6552172080931616 -0.06034939307919709 0.1455875379004384 1315 1.990443910970056e-07
0.01551648009756001 1.16323560287941 0.1632356028794095 -1.391518588888811 0.1212441342552381 -0.6546902324947755 -0.06025162761859601 0.1455822956397946 1315 1.990652037604468e-07
0.01546648009756001 1.16329097860932 0.1632909786093204 -1.391810842234151 0.1210886427029151 -0.654160961271428 -0.06015530556638952 0.1455770903485887 1315 1.990860384810694e-07
0.01541648009756001 1.163346170470583 0.1633461704705825 -1.392101399412228 0.1209330720334827 -0.6536293801749042 -0.06005876591899329 0.1455719223931874 1315 1.991068923912826e-07
0.01536648009756001 1.163401176447846 0.1634011764478465 -1.392390247587914 0.1207774215145135 -0.6530954748328449 -0.05996200770407349 0.1455667921454531 1315 1.991277671358416e-07
0.01531648009756001 1.163455994494864 0.1634559944948644 -1.392677373739754 0.120621690400901 -0.6525592307473018 -0.05986502994195236 0.1455616999828148 1315 1.99148661010002e-07
0.01526648009756001 1.163510622534077 0.1635106225340774 -1.392962764657437 0.1204658779346588 -0.6520206332932689 -0.05976783164552884 0.1455566462883394 1315 1.991695775151505e-07
0.01521648009756001 1.1635650584562 0.1635650584561998 -1.393246406939221 0.1203099833447149 -0.6514897665037127 -0.05967041182019826 0.1455516314508047 1315 1.991905130092886e-07
0.01516648009756 1.163619300119798 0.1636193001197976 -1.393528286989341 0.1201540058467043 -0.6509576666279014 -0.05957276946377081 0.1455466558647717 1315 1.992114688347445e-07
0.01511648009756 1.163673345350865 0.163673345350865 -1.393808391015378 0.1199979446427567 -0.650423181944439 -0.05947490356638891 0.1455417199306583 1315 1.992324471755581e-07
0.01506648009756 1.163727191942393 0.1637271919423926 -1.394086705025609 0.1198417989212817 -0.6498862972597967 -0.05937681311044338 0.1455368240548145 1315 1.992534481173618e-07
0.01501648009756 1.163780837653935 0.1637808376539349 -1.394363214826317 0.1196855678567502 -0.6493469972447603 -0.05927849707048814 0.1455319686495965 1315 1.992744688103698e-07
0.01496648009756 1.163834280211171 0.1638342802111705 -1.394637906019073 0.1195292506094722 -0.6488052664328119 -0.05917995441315446 0.1455271541334437 1315 1.992955109715617e-07
0.01491648009756 1.163887517305459 0.1638875173054595 -1.394910763997992 0.1193728463253709 -0.6482610892184851 -0.05908118409706307 0.1455223809309544 1315 1.993165760757861e-07
0.01486648009756 1.163940546593394 0.1639405465933943 -1.395181773946952 0.1192163541357534 -0.6477144498556974 -0.05898218507273555 0.1455176494729639 1315 1.993376637602705e-07
0.01481648009755999 1.163993365696349 0.1639933656963488 -1.39545092083679 0.119059773157077 -0.6471653324560549 -0.05888295628250421 0.1455129601966224 1315 1.99358772695845e-07
0.01476648009755999 1.164045972200019 0.1640459722000192 -1.395718189422458 0.1189031024907125 -0.646613720987134 -0.05878349666042101 0.1455083135454736 1315 1.993799049575396e-07
0.01471648009755999 1.164098363653963 0.1640983636539628 -1.395983564240149 0.1187463412227025 -0.646064143996825 -0.05868380513216439 0.1455037099695349 1315 1.994010584227194e-07
0.01466648009755999 1.164150537571132 0.1641505375711321 -1.396247029604401 0.1185894884235171 -0.6455189369298349 -0.05858388061494572 0.1454991499253773 1315 1.994222375439964e-07
0.01461648009755999 1.164202491427401 0.1642024914274014 -1.396508569605153 0.1184325431478044 -0.644971200753361 -0.0584837220174137 0.1454946338762069 1315 1.994434379197289e-07
0.01456648009755999 1.164254222661092 0.1642542226610917 -1.396768168104784 0.1182755044341369 -0.6444209187920774 -0.05838332823955746 0.1454901622919468 1315 1.994646619806174e-07
0.01451648009755999 1.16430572867249 0.1643057286724898 -1.397025808735111 0.1181183713047548 -0.6438680742165449 -0.05828269817260841 0.1454857356493194 1315 1.994859112051315e-07
0.01446648009755998 1.164357006823362 0.1643570068233615 -1.397281474894351 0.1179611427653036 -0.643312650041309 -0.0581818306989407 0.1454813544319304 1315 1.995071836210403e-07
0.01441648009755998 1.164408054436461 0.1644080544364614 -1.397535149744063 0.1178038178045684 -0.642754629122965 -0.05808072469196973 0.1454770191303529 1315 1.995284793181479e-07
0.01436648009755998 1.164458868795037 0.1644588687950368 -1.397786816206043 0.117646395394203 -0.6421939941581953 -0.05797937901604957 0.145472730242212 1315 1.995498008921977e-07
0.01431648009755998 1.164509447142327 0.1645094471423272 -1.398036456959196 0.1174888744884553 -0.6416307276817751 -0.05787779252636892 0.145468488272271 1315 1.995711466149895e-07
0.01426648009755998 1.164559786681059 0.1645597866810589 -1.398284054436365 0.1173312540238871 -0.6410648120645457 -0.0577759640688451 0.1454642937325182 1315 1.995925178904335e-07
0.01421648009755998 1.164609884572934 0.1646098845729338 -1.39852959082113 0.11717353291909 -0.6405002625990029 -0.05767389248001661 0.1454601471422535 1315 1.996139136517254e-07
0.01416648009755998 1.164659737938115 0.1646597379381152 -1.398773048044584 0.1170157100743962 -0.6399406364803414 -0.05757157658693441 0.1454560490281772 1315 1.996353348681794e-07
0.01411648009755997 1.164709343854706 0.1647093438547056 -1.399014407782048 0.1168577843715845 -0.6393783220035228 -0.05746901520705096 0.1454519999244788 1315 1.996567832422828e-07
0.01406648009755997 1.164758699358222 0.1647586993582224 -1.399253651449783 0.1166997546735811 -0.6388133008090215 -0.05736655708634642 0.1454480003729264 1315 1.996782557467918e-07
0.01401648009755997 1.164807801441067 0.1648078014410665 -1.39949076020164 0.1165416198241556 -0.6382455543615307 -0.05726533703709543 0.1454440509229577 1315 1.996997554957114e-07
0.01396648009755997 1.164856647051987 0.164856647051987 -1.399725714925694 0.1163833786476121 -0.6376750639477149 -0.05716386475297522 0.1454401521317711 1315 1.997212824721923e-07
0.01391648009755997 1.16490523309554 0.1649052330955401 -1.399958496240829 0.1162250299484742 -0.6371018106739225 -0.05706213898945895 0.1454363045644176 1315 1.997428346906647e-07
0.01386648009755997 1.164953556431543 0.1649535564315434 -1.4001890844933 0.1160665725111655 -0.636525775463863 -0.05696015849163565 0.1454325087938941 1315 1.997644163343604e-07
0.01381648009755997 1.165001613874525 0.1650016138745247 -1.400417459753247 0.1159080050996843 -0.6359469390562462 -0.05685792199408628 0.1454287654012372 1315 1.99786023380175e-07
0.01376648009755996 1.165049402193165 0.1650494021931652 -1.40064360181118 0.1157493264572727 -0.6353652820023813 -0.0567554282207579 0.145425074975617 1315 1.998076604555434e-07
0.01371648009755996 1.165096918109739 0.1650969181097395 -1.400867490174431 0.1155905353060802 -0.6347893480995478 -0.05665267588483612 0.1454214381144335 1315 1.998293232951299e-07
0.01366648009755996 1.165144158299547 0.1651441582995468 -1.401089104063555 0.1154316303468213 -0.634213840313908 -0.05654966368861499 0.1454178554234118 1315 1.998510159732519e-07
0.01361648009755996 1.165191119390342 0.1651911193903417 -1.401308422408717 0.1152726102584273 -0.6336354678029921 -0.0564463903233656 0.1454143275166996 1315 1.998727368662378e-07
0.01356648009755996 1.165237797961754 0.1652377979617543 -1.401525423846015 0.1151134736976924 -0.6330542102843161 -0.05634285446920183 0.1454108550169651 1315 1.998944870825349e-07
0.01351648009755996 1.16528419054471 0.1652841905447098 -1.40174008671379 0.1149542192989133 -0.6324700472739951 -0.05623905479494457 0.1454074385554951 1315 1.999162655082883e-07
0.01346648009755996 1.165330293620841 0.1653302936208405 -1.401952389048887 0.1147948456735224 -0.6318829580840698 -0.05613498995798337 0.1454040787722947 1315 1.999380755381346e-07
0.01341648009755995 1.165376103621892 0.1653761036218917 -1.402162308582873 0.1146353514097157 -0.6312929218197867 -0.05603065860413624 0.1454007763161876 1315 1.999599157973439e-07
0.01336648009755995 1.165421616929125 0.1654216169291252 -1.402369822738232 0.1144757350720725 -0.6306999173768332 -0.05592605936750673 0.1453975318449169 1315 1.999817844963277e-07
0.01331648009755995 1.165466829871041 0.1654668298710413 -1.402574908614559 0.1143159952002055 -0.6301039234306651 -0.05582119086991028 0.1453943460257205 1316 1.961049334533318e-07
0.01326648009755995 1.165511738731207 0.1655117387312068 -1.402777543034907 0.1141561303131925 -0.6295110137625523 -0.05571605172287171 0.1453912195332373 1316 1.961123383618384e-07
0.01321648009755995 1.165556339730628 0.1655563397306279 -1.402977702440429 0.1139961388995255 -0.6289210266525708 -0.05561064052318565 0.145388153053664 1316 1.961197109517991e-07
0.01316648009755995 1.165600629044283 0.1656006290442833 -1.403175362988798 0.1138360194263575 -0.6283280010168167 -0.05550495585705439 0.1453851472811453 1316 1.961270515175104e-07
0.01311648009755995 1.165644602791853 0.165644602791853 -1.403370500498533 0.113675770334261 -0.6277319145952975 -0.05539899629778835 0.1453822029195667 1316 1.961343589392428e-07
0.01306648009755994 1.165688257038832 0.1656882570388316 -1.403563090455378 0.1135153900377732 -0.6271327448992812 -0.0552927604060777 0.1453793206823568 1316 1.961416335695498e-07
0.01301648009755994 1.165731587795892 0.1657315877958916 -1.403753108008224 0.1133548769249668 -0.6265304692081547 -0.05518624672983308 0.1453765012925942 1316 1.961488722199337e-07
0.01296648009755994 1.165774591018244 0.165774591018244 -1.403940527964985 0.1131942293570149 -0.6259250645662235 -0.05507945380402262 0.145373745483115 1316 1.961560786512665e-07
0.01291648009755994 1.16581726260499 0.1658172626049901 -1.404125324788432 0.1130334456677466 -0.6253165077794598 -0.05497238015050737 0.1453710539966212 1316 1.961632506567614e-07
0.01286648009755994 1.165859598398471 0.1658595983984712 -1.404307472591995 0.1128725241631956 -0.6247047754121892 -0.05486502427787329 0.1453684275857902 1316 1.96170390207398e-07
0.01281648009755994 1.16590159418361 0.1659015941836102 -1.404486945135514 0.1127114631211405 -0.6240981095171138 -0.05475738468126056 0.1453658670133847 1316 1.961774910762556e-07
0.01276648009755994 1.165943245687249 0.1659432456872489 -1.404663715820962 0.1125502607906369 -0.6234922142067585 -0.05465054955289746 0.1453633730523639 1316 1.961845609484784e-07
0.01271648009755993 1.165984548577482 0.165984548577482 -1.40483775768812 0.1123889153915409 -0.6228830885617956 -0.05454421582347676 0.1453609464859948 1316 1.961915949002839e-07
0.01266648009755993 1.166025498462981 0.1660254984629808 -1.405009043410212 0.1122274251140249 -0.6222707080744866 -0.05443759021410944 0.1453585881079652 1316 1.961985940291658e-07
0.01261648009755993 1.166066090892316 0.1660660908923162 -1.405177545289503 0.1120657881180829 -0.6216550479762066 -0.05433067113635327 0.1453562987224967 1316 1.962055575668172e-07
0.01256648009755993 1.166106321353274 0.1661063213532741 -1.405343235252853 0.1119040025330294 -0.6210360832337289 -0.05422345698713801 0.1453540791444593 1316 1.962124851178781e-07
0.01251648009755993 1.166146185272165 0.1661461852721653 -1.405506084847228 0.1117420664569863 -0.6204137885454452 -0.05411594614857292 0.145351930199486 1316 1.962193778723669e-07
0.01246648009755993 1.166185678013132 0.1661856780131317 -1.405666065235182 0.1115799779563635 -0.6197881383375111 -0.05400813698775046 0.145349852724089 1316 1.962262352895399e-07
0.01241648009755993 1.166224794877444 0.166224794877444 -1.405823147190278 0.1114177350653273 -0.6191617273850094 -0.05390002785654701 0.1453478475657761 1316 1.962330563628386e-07
0.01236648009755992 1.166263531102799 0.1662635311027987 -1.405977301092488 0.1112553357852613 -0.6185417472810246 -0.05379161709142031 0.1453459155831681 1316 1.962398420195905e-07
0.01231648009755992 1.166301881862604 0.1663018818626041 -1.406128496923536 0.1110927780842156 -0.6179183511928175 -0.0536829030132023 0.1453440576461175 1316 1.9624659086722e-07
0.01226648009755992 1.166339842265266 0.166339842265266 -1.40627670426221 0.1109300598963479 -0.6172915123406784 -0.05357388392689008 0.1453422746358268 1316 1.962533009173412e-07
0.01221648009755992 1.166377407353465 0.1663774073534654 -1.406421892279627 0.1107671791213521 -0.6166612036503268 -0.05346455812143125 0.1453405674449692 1316 1.962599749519129e-07
0.01216648009755992 1.166414572103431 0.1664145721034314 -1.40656402973446 0.110604133623878 -0.616027397748579 -0.05335492386950717 0.1453389369778084 1316 1.962666130456289e-07
0.01211648009755992 1.166451331424209 0.1664513314242091 -1.406703084968118 0.1104409212329397 -0.6153900669589293 -0.05324497942731121 0.1453373841503209 1316 1.962732109834188e-07
0.01206648009755992 1.166487680156922 0.1664876801569217 -1.406839025899891 0.1102775397413131 -0.6147491832970526 -0.05313472303432358 0.1453359098903176 1316 1.962797743947125e-07
0.01201648009755991 1.166523613074029 0.1665236130740289 -1.406971820022046 0.1101139869049221 -0.6141059191988134 -0.0530241529130822 0.1453345151375669 1316 1.96286298983839e-07
0.01196648009755991 1.166559124878578 0.1665591248785776 -1.407101434394895 0.1099502604422131 -0.6134705104185102 -0.05291326726894897 0.1453332008439188 1316 1.962927858064201e-07
0.01191648009755991 1.16659421020345 0.1665942102034503 -1.4072278356418 0.1097863580335186 -0.6128314817538101 -0.05280206428987253 0.1453319679734292 1316 1.962992320409839e-07
0.01186648009755991 1.166628863610606 0.1666288636106059 -1.407350989944157 0.109622277320408 -0.6121888038584385 -0.05269054214614592 0.1453308175024853 1316 1.963056413814447e-07
0.01181648009755991 1.166663079590317 0.1666630795903166 -1.40747086303632 0.1094580159050269 -0.6115424470522467 -0.05257869899016071 0.1453297504199319 1316 1.963120119974674e-07
0.01176648009755991 1.166696852560401 0.1666968525604007 -1.407587420200512 0.1092935713494229 -0.6108923813161241 -0.05246653295615594 0.1453287677271976 1316 1.963183426683012e-07
0.01171648009755991 1.166730176865448 0.1667301768654481 -1.407700626261652 0.1091289411748603 -0.6102385762868182 -0.05235404215996266 0.1453278704384233 1316 1.963246330758551e-07
0.0116664800975599 1.166763046776043 0.1667630467760426 -1.40781044558218 0.1089641228611201 -0.6095810012516524 -0.05224122469874422 0.1453270595805898 1316 1.963308864576234e-07
0.0116164800975599 1.16679545648798 0.1667954564879801 -1.407916842056823 0.1087991138457874 -0.6089236288654855 -0.05212962843000559 0.1453263361936472 1316 1.963370972829878e-07
0.0115664800975599 1.166827400121479 0.1668274001214787 -1.408019779107319 0.1086339115235257 -0.6082713009314167 -0.05201807181750014 0.1453257013306446 1316 1.963432680572589e-07
0.0115164800975599 1.166858871720388 0.1668588717203876 -1.408119219677102 0.1084685132453363 -0.6076151284468631 -0.05190617869785968 0.1453251560578606 1316 1.963493984567732e-07
0.0114664800975599 1.16688986525139 0.1668898652513897 -1.408215126225955 0.1083029163178044 -0.6069550791542088 -0.05179394705604708 0.1453247014549346 1316 1.963554895800317e-07
0.0114164800975599 1.1669203746032 0.1669203746031995 -1.40830746072461 0.1081371180023298 -0.6062911204158523 -0.05168137485659233 0.1453243386149985 1316 1.963615393737218e-07
0.0113664800975599 1.166950393585757 0.1669503935857568 -1.40839618464931 0.1079711155143439 -0.6056232192082173 -0.05156846004329605 0.1453240686448093 1316 1.963675475236295e-07
0.01131648009755989 1.166979915929416 0.1669799159294161 -1.408481258976342 0.1078049060225099 -0.6049513421156365 -0.05145520053892732 0.1453238926648827 1316 1.963735135557435e-07
0.01126648009755989 1.167008935284131 0.1670089352841313 -1.408562644176517 0.1076384866479092 -0.6042754553241175 -0.05134159424491556 0.1453238118096264 1316 1.96379435908582e-07
0.01121648009755989 1.167037445218637 0.1670374452186367 -1.408640300209621 0.1074718544632108 -0.6036065597900817 -0.0512276390410366 0.1453238272274751 1316 1.963853183309285e-07
0.01116648009755989 1.167065439219623 0.1670654392196234 -1.408714186518815 0.1073050064918248 -0.602935654619264 -0.05111333278509278 0.1453239400810256 1316 1.963911566071601e-07
0.01111648009755989 1.167092910690911 0.1670929106909109 -1.408784262025014 0.1071379397070393 -0.6022606565080042 -0.05099867331258699 0.1453241515471724 1316 1.963969536158448e-07
0.01106648009755989 1.167119852952617 0.1671198529526172 -1.408850485121214 0.1069706510311407 -0.6015815298816711 -0.05088365843638978 0.1453244628172442 1316 1.964027078325351e-07
0.01101648009755989 1.167146259240323 0.1671462592403226 -1.408912813666786 0.1068031373345154 -0.6008982387312668 -0.05076828594640088 0.145324875097141 1316 1.964084152038383e-07
0.01096648009755988 1.167172122704231 0.1671721227042309 -1.408971204981733 0.1066353954347356 -0.6002107466063199 -0.05065255360920329 0.1453253896074713 1316 1.964140801293468e-07
0.01091648009755988 1.167197436408327 0.1671974364083271 -1.409025615840918 0.1064674220956254 -0.5995190166076334 -0.05053645916771096 0.1453260075836904 1316 1.964197014942299e-07
0.01086648009755988 1.167222193329533 0.1672221933295326 -1.409076002468242 0.1062992140263087 -0.5988320053495412 -0.05042000034080953 0.1453267302762391 1316 1.964252773869642e-07
0.01081648009755988 1.167246386356854 0.1672463863568543 -1.409122320530801 0.1061307678802386 -0.5981450020439559 -0.05030317482298971 0.1453275589506826 1316 1.964308112817637e-07
0.01076648009755988 1.167270008290535 0.167270008290535 -1.409164525133005 0.1059620802542069 -0.5974536690678983 -0.05018598028397338 0.14532849488785 1316 1.96436296376596e-07
0.01071648009755988 1.167293051841197 0.1672930518411972 -1.40920257081066 0.1057931476873338 -0.5967579675402856 -0.05006841436833257 0.1453295393839745 1316 1.964417363890927e-07
0.01066648009755988 1.167315509628985 0.1673155096289853 -1.40923641152502 0.1056239666600371 -0.5960578580894312 -0.04995047469510006 0.145330693750834 1316 1.96447130972649e-07
0.01061648009755987 1.167337374182708 0.167337374182708 -1.409266000656819 0.1054545335929806 -0.5953533008447504 -0.04983314011786087 0.1453319593158914 1316 1.964524788580324e-07
0.01056648009755987 1.167358637938974 0.1673586379389738 -1.409291291000252 0.1052848448460017 -0.5946442554282864 -0.04971640962556165 0.1453333374224366 1316 1.964577824409622e-07
0.01051648009755987 1.167379293241328 0.1673792932413283 -1.409312234756947 0.1051148967170161 -0.5939414384374418 -0.04959929356803675 0.1453348294297274 1316 1.964630363098804e-07
0.01046648009755987 1.167399332339389 0.1673993323393885 -1.409328783529898 0.1049446854409013 -0.5932368271022526 -0.04948178941527143 0.1453364367131317 1316 1.964682437012201e-07
0.01041648009755987 1.167418747387975 0.1674187473879754 -1.409340888317381 0.1047742071883564 -0.5925276260165292 -0.04936389460911805 0.1453381606642699 1316 1.964734016805897e-07
0.01036648009755987 1.167437530446246 0.1674375304462457 -1.409348499506837 0.104603458064739 -0.5918137925622701 -0.04924560656284799 0.1453400026911567 1316 1.964785128032391e-07
0.01031648009755987 1.167455673476822 0.1674556734768224 -1.409351566868739 0.1044324341088781 -0.5910952835651998 -0.04912692266069389 0.145341964218344 1316 1.964835759028037e-07
0.01026648009755986 1.167473168344925 0.1674731683449249 -1.409350039550428 0.1042611312918617 -0.5903720552850374 -0.04900784025738273 0.145344046687064 1316 1.964885884649104e-07
0.01021648009755986 1.1674900068175 0.1674900068175003 -1.409343866069951 0.1040895455158007 -0.5896466556778821 -0.04888835667765876 0.1453462515553714 1316 1.964935534158876e-07
0.01016648009755986 1.167506180562351 0.167506180562351 -1.409332994309854 0.1039176726125658 -0.5889275920869085 -0.04876846921579658 0.1453485802982871 1316 1.964984666464805e-07
0.01011648009755986 1.167521681147268 0.1675216811472677 -1.409317371510979 0.1037455083424987 -0.5882036983305002 -0.04864817513510357 0.1453510344079404 1316 1.965033290200716e-07
0.01006648009755986 1.16753650003916 0.1675365000391598 -1.409296944266247 0.1035730483930966 -0.5874749281717444 -0.04852747166741173 0.1453536153937125 1316 1.965081410918533e-07
0.01001648009755986 1.167550628603188 0.1675506286031883 -1.409271658514421 0.103400288377668 -0.5867412347515916 -0.04840635601255922 0.1453563247823792 1316 1.965129039475418e-07
0.009966480097559856 1.1675640581019 0.1675640581019 -1.409241459533867 0.1032272238339619 -0.5860025705776279 -0.04828482533785951 0.1453591641182534 1316 1.965176129154935e-07
0.009916480097559854 1.167576779694366 0.1675767796943657 -1.40920629193631 0.1030538502227662 -0.585258887512594 -0.04816287677756043 0.1453621349633281 1316 1.965222716187122e-07
0.009866480097559853 1.167588784435318 0.1675887844353181 -1.40916609966059 0.1028801629264785 -0.5845218840257153 -0.04804050743228987 0.1453652388974179 1316 1.965268763025503e-07
0.009816480097559852 1.167600063274296 0.1676000632742962 -1.409120825966414 0.1027061572476443 -0.5837819877663711 -0.04791771436849099 0.1453684775183015 1316 1.96531427569857e-07
0.00976648009755985 1.167610607054791 0.1676106070547909 -1.409070413428114 0.1025318284074662 -0.5830369490732699 -0.04779449461784353 0.1453718524418631 1316 1.965359274977262e-07
0.009716480097559849 1.167620406513397 0.167620406513397 -1.409014803928414 0.1023571715442799 -0.5822867169637871 -0.04767153567285892 0.145375365302233 1316 1.965403712191045e-07
0.009666480097559847 1.16762945227897 0.1676294522789696 -1.408953938652212 0.1021821817119981 -0.5815312397442352 -0.04754946066644977 0.1453790177519284 1316 1.96544762122616e-07
0.009616480097559846 1.167637734871785 0.167637734871785 -1.408887758080364 0.102006853878521 -0.5807704649965528 -0.04742694480291747 0.1453828114619932 1316 1.965490979642038e-07
0.009566480097559844 1.167645244702711 0.1676452447027115 -1.408816201983513 0.1018311829241127 -0.5800148781455636 -0.04730398491627372 0.1453867481221363 1316 1.965533781697141e-07
0.009516480097559843 1.167651972072383 0.167651972072383 -1.408739209415912 0.1016551636397418 -0.5792575380047851 -0.04718057780196848 0.1453908294408708 1316 1.965576013398347e-07
0.009466480097559841 1.167657907170385 0.1676579071703854 -1.408656718709307 0.1014787907253878 -0.5784947646155861 -0.04705672021621608 0.14539505714565 1316 1.96561768044028e-07
0.00941648009755984 1.167663040074447 0.1676630400744474 -1.408568667466829 0.1013020587883082 -0.577726502364344 -0.04693240887530709 0.1453994329830044 1316 1.965658808140577e-07
0.009366480097559839 1.167667360749645 0.1676673607496453 -1.408474992556948 0.1011249623412705 -0.5771503929366408 -0.04680764045490266 0.1454039587186761 1316 1.965699333636052e-07
0.009316480097559837 1.167670859047615 0.1676708590476148 -1.408375630107453 0.1009474958007441 -0.577098884046262 -0.04668241158931426 0.1454086361377525 1316 1.965739271689817e-07
0.009266480097559836 1.167673524705778 0.1676735247057783 -1.408270515499509 0.100769653485053 -0.5770480828784372 -0.04655671887076527 0.1454134670447984 1316 1.965778647367492e-07
0.009216480097559834 1.167675347346583 0.1676753473465828 -1.408159583361751 0.1005914296124881 -0.5769979996212534 -0.04643055884863621 0.1454184532639864 1316 1.965817426165379e-07
0.009166480097559833 1.167676316476753 0.1676763164767525 -1.408042767564454 0.1004128182993781 -0.5769486445888241 -0.04630392802869184 0.1454235966392256 1316 1.965855606488371e-07
0.009116480097559831 1.167676421486557 0.1676764214865569 -1.407920001213786 0.100233813558118 -0.5769000282229954 -0.04617682287228999 0.1454288990342885 1316 1.965893164160576e-07
0.00906648009755983 1.167675651649096 0.167675651649096 -1.407791216646127 0.1000544092951532 -0.5768521610950881 -0.04604923979557185 0.1454343623329357 1316 1.965930136411865e-07
0.009016480097559829 1.167673996119603 0.1676739961196028 -1.407656345422499 0.09987459930892068 -0.576805053907669 -0.04592117516863246 0.1454399884390384 1316 1.965966497858426e-07
0.008966480097559827 1.167671443934766 0.1676714439347657 -1.407515318323075 0.09969437728774293 -0.5767587174963592 -0.04579262531467155 0.145445779276698 1316 1.966002223912863e-07
0.008916480097559826 1.167667984012073 0.1676679840120732 -1.407368065341823 0.09951373680767589 -0.5767131628316747 -0.0456637308064825 0.1454517367903636 1316 1.966037321263407e-07
0.008866480097559824 1.167663605149178 0.1676636051491784 -1.407214515681253 0.09933267133030901 -0.5766684010209034 -0.0455362501418158 0.1454578629449464 1316 1.966071802751304e-07
0.008816480097559823 1.167658296023292 0.167658296023292 -1.407054597747303 0.0991511742005159 -0.5766244433100182 -0.04540826728923441 0.1454641597259307 1316 1.966105630428098e-07
0.008766480097559821 1.167652045190599 0.1676520451905985 -1.406888239144375 0.09896923864415504 -0.5765813010856244 -0.04527977831127617 0.1454706291394817 1316 1.966138816508859e-07
0.00871648009755982 1.167644841085703 0.167644841085703 -1.40671536667052 0.09878685776571891 -0.5765389858769481 -0.04515077921806998 0.1454772732125497 1316 1.96617134012712e-07
0.008666480097559819 1.167636672021107 0.1676366720211073 -1.406535906312805 0.09860402454593017 -0.5764975093578582 -0.04502126596633421 0.1454840939929701 1316 1.966203224370708e-07
0.008616480097559817 1.167627526186721 0.1676275261867206 -1.406349783242854 0.09842073183928461 -0.5764568833489292 -0.04489123445835096 0.1454910935495593 1316 1.966234436970975e-07
0.008566480097559816 1.167617391649404 0.1676173916494037 -1.406156921812602 0.09823697237153789 -0.5764171198195425 -0.0447606805409133 0.1454982739722059 1316 1.966264972532558e-07
0.008516480097559814 1.167606256352551 0.1676062563525511 -1.405957245550258 0.09805273873713667 -0.5763782308900272 -0.04462960000424687 0.1455056373719571 1316 1.966294824651579e-07
0.008466480097559813 1.167594108115717 0.1675941081157171 -1.405750677156516 0.09786802339659091 -0.5763402288338393 -0.04449798858090351 0.1455131858810995 1316 1.96632401883398e-07
0.008416480097559811 1.167580934634281 0.1675809346342809 -1.405537138501007 0.09768281867378779 -0.5763031260797847 -0.04436584194462626 0.1455209216532344 1316 1.966352493567982e-07
0.00836648009755981 1.167566723479161 0.1675667234791611 -1.405316550619039 0.0974971167532441 -0.5762669352142795 -0.0442331557091858 0.1455288468633468 1316 1.966380276888428e-07
0.008316480097559809 1.167551462096579 0.1675514620965795 -1.405088833708616 0.09731090967729771 -0.5762338683104515 -0.04409992542718611 0.145536963707868 1316 1.966407358005458e-07
0.008266480097559807 1.16753513780788 0.1675351378078802 -1.404853907127812 0.09712418934323407 -0.5762034583656388 -0.04396614658883895 0.1455452744047308 1316 1.966433713340757e-07
0.008216480097559806 1.167517737809402 0.1675177378094017 -1.404611689392437 0.09693694750034912 -0.5761739915373276 -0.04383181462070643 0.1455537811934171 1316 1.966459344670087e-07
0.008166480097559804 1.167499249172416 0.1674992491724161 -1.404362098174127 0.09674917574694469 -0.5761454808363665 -0.04369786398753246 0.1455624863349979 1316 1.966484258505699e-07
0.008116480097559803 1.167479658843128 0.1674796588431284 -1.404105050298793 0.09656086552725696 -0.5761179394385271 -0.04356450219310959 0.1455713921121634 1316 1.966508426461667e-07
0.008066480097559801 1.167458953642751 0.1674589536427507 -1.40384046174552 0.09637200812831451 -0.5760913806868885 -0.04343056681765489 0.145580500829245 1316 1.966531859716253e-07
0.0080164800975598 1.167437120267647 0.1674371202676466 -1.403568247645913 0.09618259467672585 -0.5760658180942594 -0.04329605294102089 0.1455898148122263 1316 1.966554527149476e-07
0.007966480097559799 1.167414145289562 0.1674141452895619 -1.403288322283952 0.09599261613539455 -0.5760412653456385 -0.04316095557132353 0.1455993364087431 1316 1.966576425725555e-07
0.007916480097559797 1.167390015155935 0.1673900151559351 -1.403000599096362 0.09580206330015971 -0.5760177363007122 -0.04302526964343971 0.145609067988073 1316 1.966597565919911e-07
0.007866480097559796 1.167364716190303 0.1673647161903029 -1.402704990673562 0.09561092679636138 -0.5759952449963902 -0.04288899001746273 0.1456190119411111 1316 1.966617932260021e-07
0.007816480097559794 1.167338234592804 0.1673382345928036 -1.402401408761221 0.09541919707532802 -0.5759738056493756 -0.04275211147711606 0.1456291706803334 1316 1.966637498380723e-07
0.007766480097559793 1.167310556440783 0.1673105564407833 -1.402089764262474 0.09522686441078583 -0.5759534326587721 -0.04261462872812199 0.1456395466397454 1316 1.966656274477608e-07
0.007716480097559791 1.167281667689517 0.1672816676895175 -1.401769967240835 0.09503391889518679 -0.5759341406087233 -0.04247653639652521 0.1456501422748156 1316 1.966674267948336e-07
0.00766648009755979 1.167251554173048 0.1672515541730477 -1.40144192692387 0.0948403504359555 -0.5759159442710876 -0.04233782902696861 0.1456609600623921 1316 1.966691427512006e-07
0.007616480097559788 1.167220201605151 0.1672202016051507 -1.401105551707675 0.09464614875165166 -0.5758988586081416 -0.04219850108092061 0.1456720025006022 1316 1.966707761473906e-07
0.007566480097559787 1.167187595580441 0.1671875955804414 -1.400760749162221 0.0944513033680478 -0.5758828987753153 -0.04205854693485132 0.1456832721087331 1316 1.96672325442592e-07
0.007516480097559786 1.167153721575623 0.1671537215756231 -1.40040742603763 0.09425580361412006 -0.5758680801239539 -0.04191855667636513 0.1456947714270911 1316 1.966737924148646e-07
0.007466480097559784 1.167118564950893 0.1671185649508928 -1.400045488271445 0.09405963861795086 -0.5758544182041047 -0.04177946568277803 0.1457065030168412 1316 1.966751742963062e-07
0.007416480097559783 1.167082110951516 0.1670821109515161 -1.399674840996975 0.09386279730254153 -0.575841928767326 -0.04163972402813976 0.1457184694598214 1316 1.966764700722767e-07
0.007366480097559781 1.167044344709578 0.1670443447095777 -1.399295388552774 0.0936652683815339 -0.5758306277695162 -0.04149932563377636 0.145730673358333 1316 1.966776781667862e-07
0.00731648009755978 1.167005251245925 0.167005251245925 -1.398907034493351 0.09346704035483933 -0.5758205313737578 -0.04135826432437331 0.1457431173349039 1316 1.966787979815418e-07
0.007266480097559778 1.166964815472314 0.166964815472314 -1.398509681601202 0.09326810150417365 -0.5758116559531733 -0.0412165338257663 0.1457558040320234 1316 1.966798303483791e-07
0.007216480097559777 1.166923022193777 0.1669230221937767 -1.398103231900251 0.09306843988849681 -0.5758040180937873 -0.04107412776266491 0.145768736111845 1316 1.966807728375028e-07
0.007166480097559776 1.166879856111219 0.1668798561112195 -1.397687586670788 0.09286804333935599 -0.5757976345973924 -0.0409310396563079 0.1457819162558579 1316 1.966816226927172e-07
0.007116480097559774 1.166835301824273 0.1668353018242725 -1.397262646466054 0.0926668994561318 -0.5757925224844092 -0.04078726292204672 0.1457953471645209 1316 1.966823815051801e-07
0.007066480097559773 1.166789343834408 0.1667893438344079 -1.396828311130545 0.09246499560118486 -0.5757886989967381 -0.04064279086685532 0.1458090315568597 1316 1.966830468715783e-07
0.007016480097559771 1.166741966548343 0.1667419665483432 -1.396384479820191 0.09226231889490438 -0.5757861816005915 -0.0404976166867628 0.1458229721700218 1316 1.966836180560874e-07
0.00696648009755977 1.166693154281752 0.166693154281752 -1.395931051024527 0.09205885621065493 -0.5757849879893033 -0.04035173346420609 0.1458371717587887 1316 1.966840935045973e-07
0.006916480097559768 1.166642891263304 0.1666428912633044 -1.395467922591023 0.0918545941696247 -0.5757851360861019 -0.04020598413833006 0.1458516330950393 1316 1.966844734471905e-07
0.006866480097559767 1.16659116163906 0.1665911616390596 -1.394994991751715 0.09164951913557037 -0.5757866440468392 -0.0400608342180371 0.1458663589671628 1316 1.966847534963475e-07
0.006816480097559766 1.166537949477232 0.1665379494772319 -1.394512155152289 0.09144361720946348 -0.5757895302626662 -0.03991494590283949 0.1458813521794176 1316 1.966849370042406e-07
0.006766480097559764 1.166483238773369 0.1664832387733688 -1.394019308883852 0.09123687422403333 -0.575793813362639 -0.03976831167582977 0.1458966155512299 1316 1.966850201959106e-07
0.006716480097559763 1.166427013455955 0.1664270134559553 -1.393516348517524 0.09102927573821108 -0.5757995122162454 -0.03962092388969561 0.1459121519164297 1316 1.966850011230532e-07
0.006666480097559761 1.166369257392489 0.1663692573924891 -1.39300316914211 0.09082080703147329 -0.5758066459358333 -0.03947277476346265 0.1459279641224185 1316 1.966848830458449e-07
0.00661648009755976 1.16630995439605 0.16630995439605 -1.392479665405052 0.09061145309808653 -0.5758152338789302 -0.03932385637913043 0.1459440550292626 1316 1.966846578140014e-07
0.006566480097559758 1.166249088232411 0.1662490882324106 -1.391945731556915 0.09040119864125473 -0.5758252956504267 -0.03917416067819706 0.1459604275087089 1316 1.966843289875967e-07
0.006516480097559757 1.166186642627716 0.1661866426277161 -1.391401261499683 0.09019002806717165 -0.5758368511046131 -0.03902367945806794 0.1459770844431132 1316 1.966838951129156e-07
0.006466480097559756 1.166122601276787 0.1661226012767869 -1.390846148839123 0.089977925478979 -0.5758499203470384 -0.03887240436834417 0.1459940287242782 1316 1.966833520998935e-07
0.006416480097559754 1.166056947852082 0.1660569478520819 -1.390280286941561 0.08976487467063593 -0.5758645237361737 -0.03872032690698519 0.1460112632521921 1316 1.966827027805514e-07
0.006366480097559753 1.165989666013376 0.1659896660133755 -1.38970356899537 0.08955085912070108 -0.575880681884847 -0.03856884475129967 0.146028790933659 1316 1.966819424337009e-07
0.006316480097559751 1.165920739418203 0.165920739418203 -1.38911588807757 0.08933586198603254 -0.5758984156614214 -0.03841734680779225 0.1460466146808152 1316 1.966810724049587e-07
0.00626648009755975 1.165850151733128 0.1658501517331283 -1.388517137225882 0.08911986609541107 -0.5759177461906863 -0.03826501120593299 0.1460647374095203 1316 1.966800869287137e-07
0.006216480097559748 1.165777886645904 0.1657778866459036 -1.387907209516714 0.08890285394309143 -0.5759386948544161 -0.03811182865348729 0.1460831620376135 1316 1.966789903330187e-07
0.006166480097559747 1.16570392787858 0.1657039278785801 -1.387285998149488 0.08868480768228966 -0.5759612832915668 -0.03795778968228234 0.1461018914830245 1316 1.966777792721104e-07
0.006116480097559746 1.165628259201651 0.1656282592016509 -1.386653396537835 0.08846570911861418 -0.5759855333980567 -0.03780288464340576 0.1461209286617273 1316 1.966764475535995e-07
0.006066480097559744 1.165550864449304 0.165550864449304 -1.386009298408196 0.0882455397034488 -0.5760114673260842 -0.03764710370223242 0.1461402764855236 1316 1.96675001866295e-07
0.006016480097559743 1.165471727535867 0.1654717275358673 -1.385353597906384 0.08802428052730042 -0.5760391074829317 -0.03749043683327055 0.1461599378596422 1316 1.966734351093573e-07
0.005966480097559741 1.16539083247355 0.1653908324735498 -1.384686189712801 0.0878019123131201 -0.5760684765291872 -0.03733287381482096 0.146179915680139 1316 1.966717487149007e-07
0.00591648009755974 1.165308163391567 0.165308163391567 -1.384006969166916 0.08757841540961454 -0.5760995973763269 -0.03717440422343883 0.1462002128310816 1316 1.966699381965092e-07
0.005866480097559738 1.165223704556776 0.1652237045567764 -1.383315832401846 0.08735376978456136 -0.5761324931835748 -0.0370170063366554 0.1462208321814989 1316 1.966680062511324e-07
0.005816480097559737 1.165137440395931 0.1651374403959311 -1.382612676489776 0.08712795501814599 -0.5761671873539682 -0.03685893831766134 0.146241776582078 1316 1.966659484973771e-07
0.005766480097559736 1.165049355519692 0.1650493555196924 -1.381897399599158 0.0869009502963408 -0.5762037035295303 -0.03669992130259093 0.1462630488615855 1316 1.966637635270279e-07
0.005716480097559734 1.164959434748535 0.1649594347485352 -1.381169901164636 0.08667273440434831 -0.5762420655854574 -0.03653994382743106 0.1462846518229899 1316 1.966614496625999e-07
0.005666480097559733 1.164867663140712 0.1648676631407122 -1.380430082070747 0.08644328572013313 -0.576282297623209 -0.03637899419140037 0.1463065882392595 1316 1.966590077277063e-07
0.005616480097559731 1.164774026022435 0.1647740260224353 -1.379677844850555 0.08621258220807274 -0.57632442396238 -0.03621706044989488 0.1463288608488083 1316 1.966564355612784e-07
0.00556648009755973 1.164678509020469 0.1646785090204688 -1.378913093900477 0.085980601412757 -0.5763684691312215 -0.03605413040715669 0.1463514723505574 1316 1.966537297146308e-07
0.005516480097559728 1.164581098097334 0.1645810980973341 -1.378135735712668 0.08574732045297363 -0.5764144578556623 -0.0358901916086533 0.14637442539858 1316 1.966508907320155e-07
0.005466480097559727 1.164481779589341 0.1644817795893407 -1.377345679126448 0.0855127160159197 -0.5764624150466711 -0.03572527765029585 0.146397722596292 1316 1.966479159877934e-07
0.005416480097559725 1.164380540247694 0.1643805402476939 -1.376542835600431 0.08527676435168345 -0.5765123657857749 -0.03556157662139027 0.1464213664901476 1316 1.966448049557109e-07
0.005366480097559724 1.164277367282941 0.1642773672829407 -1.375727119507163 0.08503944126804851 -0.5765643353085347 -0.03539681700057697 0.1464453595627957 1316 1.966415525199131e-07
0.005316480097559723 1.164172248413039 0.1641722484130386 -1.374898448452174 0.08480072212567548 -0.5766183489857619 -0.03523098500914444 0.1464697042256477 1316 1.966381626213896e-07
0.005266480097559721 1.164065171915373 0.164065171915373 -1.374056743619683 0.08456058183372621 -0.5766744323022247 -0.03506406656140314 0.1464944028108033 1316 1.966346316695167e-07
0.00521648009755972 1.163956126683064 0.163956126683064 -1.373201930147252 0.08431899484600025 -0.576732610832577 -0.03489604725481269 0.1465194575622747 1316 1.966309563906478e-07
0.005166480097559718 1.163845102285952 0.1638451022859517 -1.372333937532034 0.08407593515766462 -0.5767929102142079 -0.03472691235969193 0.1465448706264435 1316 1.966271374527085e-07
0.005116480097559717 1.163732089036674 0.163732089036674 -1.371452700071444 0.08383137630266504 -0.5768553561166785 -0.03455664680848981 0.1465706440416789 1316 1.966231728833412e-07
0.005066480097559715 1.163617078062303 0.1636170780623032 -1.370558157341407 0.0835852913519189 -0.5769199742073758 -0.03438523518459401 0.1465967797270382 1316 1.966190602603081e-07
0.005016480097559714 1.16350006138205 0.1635000613820496 -1.369650254715645 0.08333765291240215 -0.5769867901129734 -0.034214880455145 0.14662327946996 1316 1.966147985237769e-07
0.004966480097559713 1.163381031991592 0.163381031991592 -1.368728943929822 0.08308843312725471 -0.5770558293762391 -0.03404344887251091 0.1466501449128556 1316 1.966103874865073e-07
0.004916480097559711 1.163259983954653 0.1632599839546527 -1.36779418369473 0.08283760367704543 -0.5771271174076864 -0.03387081045529599 0.1466773775384892 1316 1.966058249132348e-07
0.00486648009755971 1.163136912502505 0.1631369125025048 -1.366845940363216 0.08258513578235335 -0.5772006794314974 -0.03369694801203051 0.146704978654029 1316 1.966011101656256e-07
0.004816480097559708 1.163011814142157 0.1630118141421573 -1.365884188655925 0.08233100020784201 -0.5772765404250961 -0.03352184393119984 0.1467329493736382 1316 1.965962396134247e-07
0.004766480097559707 1.162884686774065 0.1628846867740652 -1.364908912451602 0.08207516726802382 -0.5773547250516612 -0.03334548016642275 0.1467612905994581 1316 1.965912158173104e-07
0.004716480097559705 1.162755529820274 0.1627555298202739 -1.3639201056482 0.08181760683493705 -0.5774352575848036 -0.03316783822094475 0.1467900030008228 1316 1.965860348141873e-07
0.004666480097559704 1.162624344364038 0.1626243443640385 -1.362917773101818 0.08155828834798355 -0.5775181618245303 -0.03299029720303694 0.1468190869915236 1316 1.965806971754945e-07
0.004616480097559703 1.162491133302042 0.1624911333020425 -1.361901931651189 0.08129718082620742 -0.5776034610035191 -0.03281240110295413 0.146848542704924 1316 1.965751991096637e-07
0.004566480097559701 1.162355901510486 0.1623559015104863 -1.360872611236351 0.08103425288332833 -0.5776911776826152 -0.03263315485633102 0.1468783699666996 1316 1.965695432281093e-07
0.0045164800975597 1.16221865602645 0.1622186560264498 -1.359829856121061 0.08076947274588268 -0.5777813336343262 -0.0324525376865091 0.1469085682649552 1316 1.965637261295032e-07
0.004466480097559698 1.16207940624609 0.1620794062460904 -1.358773726229628 0.08050280827487033 -0.577873949712948 -0.03227052826774975 0.14693913671744 1316 1.965577503844643e-07
0.004416480097559697 1.161938164141426 0.1619381641414261 -1.35770429861007 0.08023422699135414 -0.5779690457097897 -0.03208710470428503 0.1469700740355488 1316 1.965516121429695e-07
0.004366480097559695 1.161794944497647 0.1617949444976474 -1.356621669036858 0.07996369610651756 -0.5780666401917709 -0.03190224450832326 0.1470013784847619 1316 1.965453119160922e-07
0.004316480097559694 1.161649765173136 0.1616497651731359 -1.355525953768099 0.07969118255674822 -0.5781667503214629 -0.03171798959804065 0.1470330478411322 1316 1.965388499389638e-07
0.004266480097559693 1.161502647384624 0.1615026473846237 -1.354417291473757 0.07941665304439102 -0.578269391656394 -0.0315325753431893 0.1470650793433819 1316 1.965322274553483e-07
0.004216480097559691 1.161353616020225 0.1613536160202254 -1.353295845353538 0.07914007408489637 -0.5783745779251713 -0.03134563792315761 0.1470974696401165 1316 1.965254414918615e-07
0.00416648009755969 1.161202699983402 0.1612026999834022 -1.352161805465311 0.07886141206118576 -0.5784823207776533 -0.03115715186116197 0.1471302147316024 1316 1.965184949844833e-07
0.004116480097559688 1.1610499325713 0.1610499325712995 -1.351015391287521 0.07858063328616413 -0.5785926295060626 -0.03096709094762836 0.1471633099054839 1316 1.965113886085022e-07
0.004066480097559687 1.160895351891333 0.1608953518913325 -1.349856854542019 0.07829770407443552 -0.5787055107335082 -0.03077542820980822 0.1471967496657376 1316 1.965041207226643e-07
0.004016480097559685 1.160739001320377 0.1607390013203769 -1.348686482307025 0.07801259082441854 -0.5788209680659362 -0.03058382562040104 0.1472305276540674 1316 1.964966958285325e-07
0.003966480097559684 1.160580930011494 0.1605809300114944 -1.347504600453802 0.07772526011222292 -0.5789390017029922 -0.03039129820719212 0.1472646365628432 1316 1.964891137856124e-07
0.003916480097559683 1.160421193453757 0.1604211934537572 -1.346311577444974 0.07743567879883795 -0.5790596080026659 -0.03019706613872897 0.1472990680385636 1316 1.96481379041166e-07
0.003866480097559681 1.160259854091465 0.160259854091465 -1.345107828537393 0.07714381415239627 -0.5791827789939062 -0.03000109859382133 0.1473338125746882 1316 1.964734904103037e-07
0.00381648009755968 1.160096982308549 0.1600969823085485 -1.343893822458121 0.07684963400480953 -0.5793085016405815 -0.02980336375607143 0.147368859343331 1316 1.964656114623244e-07
0.003766480097559678 1.15993265602384 0.1599326560238397 -1.342670078689743 0.07655310684717713 -0.5794367579661913 -0.02960391005102718 0.1474041962544236 1316 1.964574499484712e-07
0.003716480097559677 1.159766963242281 0.1597669632422809 -1.341437184747249 0.07625420209773769 -0.579567523292984 -0.02940500575975125 0.1474398095274516 1316 1.964491482135654e-07
0.003666480097559675 1.159600001881207 0.1596000018812069 -1.340195795036383 0.07595289025438187 -0.5797007661664451 -0.02920421399883141 0.1474756837093483 1316 1.964407130936161e-07
0.003616480097559674 1.159431881087662 0.1594318810876625 -1.33894663979677 0.07564914314124004 -0.5798364473180752 -0.02900149815415588 0.1475118014457343 1316 1.964321514128529e-07
0.003566480097559672 1.159262722403786 0.1592627224037861 -1.337690533023802 0.07534293417556084 -0.5799745186887544 -0.02879682039005527 0.1475481432749288 1316 1.964234672330686e-07
0.003516480097559671 1.159092661068154 0.1590926610681542 -1.336428381315768 0.07503423867170984 -0.5801149223283348 -0.0285901415910199 0.1475846873971499 1316 1.964146709304873e-07
0.00346648009755967 1.1589218474712 0.1589218474712004 -1.335161193769192 0.07472303418760429 -0.5802575891543309 -0.02838348019243229 0.1476214094155244 1316 1.964057708114256e-07
0.003416480097559668 1.158750448785554 0.1587504487855544 -1.33389009306372 0.07440930091973072 -0.5804024375499598 -0.02817515202466365 0.1476582820450118 1316 1.963967765886668e-07
0.003366480097559667 1.158578650795351 0.1585786507953506 -1.332616327899503 0.07409302215387423 -0.5805493717786946 -0.02796467570608691 0.147695274784739 1316 1.963877004869183e-07
0.003316480097559665 1.158406659952303 0.1584066599523033 -1.331341286975247 0.07377418477984087 -0.5806982801888831 -0.02775200565490645 0.1477323535485314 1316 1.963785562519223e-07
0.003266480097559664 1.158234705690766 0.1582347056907665 -1.330066514724765 0.07345277987981494 -0.5808490331777295 -0.02753715620003059 0.1477694802475844 1316 1.963693586096121e-07
0.003216480097559662 1.158063043039185 0.1580630430391847 -1.32879372906469 0.07312880340160248 -0.5810014808789228 -0.02732247171532926 0.1478066123182337 1316 1.963601243529146e-07
0.003166480097559661 1.157891955571498 0.1578919555714984 -1.327524841447176 0.07280225692992516 -0.581155450532262 -0.02710542293057098 0.1478437021866065 1316 1.963508737869755e-07
0.00311648009755966 1.157721758749335 0.1577217587493347 -1.326261979560003 0.07247314857119692 -0.5813107434866029 -0.02688595626777459 0.147880696660551 1316 1.963416265320426e-07
0.003066480097559658 1.15755280371448 0.1575528037144804 -1.325007513074222 0.07214149396993218 -0.5814671317790793 -0.02666401607224947 0.1479175362375834 1316 1.963324111335153e-07
0.003016480097559657 1.157385481601433 0.1573854816014328 -1.323764082908002 0.07180731747817545 -0.5816243542235953 -0.02644103938934694 0.1479541543156219 1316 1.963232541385024e-07
0.002966480097559655 1.157220228452147 0.1572202284521471 -1.322534634557064 0.07147065350323982 -0.58178211192967 -0.02621649827339163 0.1479904762909146 1316 1.963141843112193e-07
0.002916480097559654 1.157057530829879 0.1570575308298787 -1.321322456139874 0.07113154806373063 -0.5819400631584144 -0.02598927595359092 0.1480264185247337 1316 1.96305240026094e-07
0.002866480097559652 1.156897932246777 0.1568979322467767 -1.320131221922922 0.07079006058950027 -0.5820978174052378 -0.02575930622939908 0.1480618871569965 1316 1.962964616217311e-07
0.002816480097559651 1.15674204054132 0.1567420405413205 -1.318965042232346 0.07044626600804914 -0.5822549285781362 -0.02552774477774062 0.1480967767408521 1316 1.962878937852049e-07
0.00276648009755965 1.156590536367642 0.1565905363676423 -1.317828520828267 0.07010025716824678 -0.5824108871152898 -0.02529460909948477 0.1481309686672727 1316 1.962795904910656e-07
0.002716480097559648 1.156444182990284 0.1564441829902836 -1.316726821023873 0.06975214766245583 -0.5825651108551976 -0.02505847952688184 0.148164329342619 1316 1.962716057820629e-07
0.002666480097559647 1.156303837616356 0.1563038376163564 -1.315665742081191 0.06940207512064932 -0.5827169344353735 -0.02481927650849743 0.1481967080747277 1316 1.962640090735527e-07
0.002616480097559645 1.156170464544053 0.1561704645440534 -1.314651807719594 0.06905020506550619 -0.5828655969501462 -0.02457861496690252 0.1482279346139976 1316 1.962568722048205e-07
0.002566480097559644 1.15604515046412 0.15604515046412 -1.313692368944701 0.06869673543647464 -0.5830102275422658 -0.02433555189784557 0.1482578162847893 1316 1.96250284718217e-07
0.002516480097559642 1.155929122321969 0.1559291223219692 -1.312795723860893 0.06834190191438476 -0.5831498285342106 -0.02408911946226532 0.1482861346286891 1316 1.962443387849634e-07
0.002466480097559641 1.155823768235966 0.155823768235966 -1.311971257690503 0.06798598420754513 -0.5832832556200365 -0.02383949279264083 0.1483126414641569 1316 1.962391450131059e-07
0.00241648009755964 1.155730662076451 0.1557306620764509 -1.311229606913288 0.06762931349699529 -0.5834091945330573 -0.0235885874882462 0.1483370542459033 1316 1.962348278875587e-07
0.002366480097559638 1.155651592445905 0.1556515924459045 -1.310582852293965 0.06727228128471324 -0.5835261334731577 -0.02333396995150158 0.148359050580943 1316 1.962321336912726e-07
0.002316480097559637 1.155588596970407 0.1555885969704067 -1.310044746624695 0.06691534994676945 -0.5836323304132719 -0.02307552747403194 0.1483782617252379 1316 1.962454146230398e-07
0.002266480097559635 1.155544003025492 0.1555440030254924 -1.309630984326386 0.06655906536713997 -0.5837257741985012 -0.02281514203257539 0.1483942648433548 1316 1.962563291012161e-07
0.002216480097559634 1.155520476287391 0.1555204762873907 -1.309359521692981 0.06620407212167519 -0.583804138092216 -0.02255121075637432 0.1484065737613037 1316 1.962646509508605e-07
0.002166480097559632 1.155521078838633 0.1555210788386325 -1.309250958609209 0.06585113180151703 -0.583864724096593 -0.02228303610546443 0.1484146278767094 1316 1.962701259504838e-07
0.002116480097559631 1.15554933898433 0.1555493389843299 -1.309328995125591 0.06550114521885553 -0.5839043959619066 -0.0220121599994081 0.1484177788068892 1316 1.96272468734098e-07
0.00206648009755963 1.155609335476538 0.1556093354765375 -1.309620979458567 0.06515517943551612 -0.5839194982759293 -0.02173757959875765 0.1484152742494354 1316 1.962713646401782e-07
0.002016480097559628 1.155705800281312 0.1557058002813121 -1.310158572939513 0.06481450105234854 -0.5839057576521729 -0.02145826839395127 0.1484062382541317 1316 1.96266427250534e-07
0.001966480097559627 1.15584423980006 0.1558442398000603 -1.310978528487018 0.06448061588835188 -0.5838581660066219 -0.02117585966550654 0.1483896478911008 1316 1.962670883211697e-07
0.001916480097559625 1.15603109033876 0.1560310903387596 -1.312123683598294 0.06415532035736393 -0.5837708308945977 -0.02088905653294604 0.1483643033073179 1316 1.9628388205583e-07
0.001866480097559624 1.156273901063985 0.1562739010639849 -1.313644116825601 0.06384076272559373 -0.583636799138389 -0.0205969618515582 0.1483287923851583 1316 1.963049211544757e-07
0.001816480097559622 1.156581562603873 0.1565815626038729 -1.315598579986392 0.0635395205840566 -0.5834478364347274 -0.02030163467084379 0.1482814465229441 1316 1.963308493397744e-07
0.001766480097559621 1.156964587907855 0.1569645879078549 -1.31805623740283 0.0632546974266789 -0.583194156481548 -0.02000079034713666 0.1482202862014012 1316 1.963624146590703e-07
0.001716480097559619 1.157435458709115 0.1574354587091147 -1.321098782421118 0.06299004375064778 -0.5828640867827588 -0.01969458554752736 0.1481429537100344 1316 1.964004793861955e-07
0.001666480097559618 1.158009052788289 0.1580090527882887 -1.324823005100194 0.06275010925036421 -0.5824436565160594 -0.01938407290417675 0.1480466300260938 1316 1.964460397111575e-07
0.001616480097559617 1.158703169399865 0.1587031693998648 -1.329343886556276 0.06254043420874349 -0.5819160898169348 -0.01925768716094589 0.1479279323952922 1316 1.965002334323408e-07
0.001566480097559615 1.15953917107077 0.1595391710707699 -1.334798282401213 0.06236778971444257 -0.5812611871144092 -0.01926105918147772 0.1477827889674142 1316 1.965643622848491e-07
0.001516480097559614 1.160542757410004 0.1605427574100036 -1.341349213738957 0.06224047736045483 -0.5804545798162547 -0.01926196094179839 0.1476062872993473 1316 1.966398941698215e-07
0.001466480097559612 1.161744876643364 0.161744876643364 -1.34919068048392 0.0621686985992045 -0.5794668535391284 -0.0192594271732834 0.1473924954193209 1316 1.967278344641922e-07
0.001416480097559611 1.163182753560057 0.1631827535600567 -1.358552684018523 0.06216499879780932 -0.5782625617327607 -0.01925218264731826 0.1471342593509525 1316 1.968309510924395e-07
0.001366480097559609 1.164900962286569 0.1649009622865687 -1.369705750519871 0.06224478013700082 -0.5767992009763845 -0.01923855830464472 0.1468229907433924 1316 1.969506317153418e-07
0.001316480097559608 1.166952357924907 0.1669523579249068 -1.382963443151195 0.06242684504794097 -0.5750314909602127 -0.01921639718846412 0.1464484805247749 1316 1.970886508548097e-07
0.001266480097559607 1.169398497544094 0.1693984975440936 -1.398680135098266 0.06273387623890647 -0.5729012622959871 -0.01918296265659374 0.1459988103896609 1316 1.972466111855584e-07
0.001216480097559605 1.172308863873542 0.1723088638735419 -1.417239391766641 0.06319265090783723 -0.5703390415083889 -0.01913487798501402 0.1454604960792407 1316 1.974249991442208e-07
0.001166480097559604 1.17575781228087 0.1757578122808701 -1.439026265100141 0.06383362858859329 -0.5672744654397806 -0.01906815195716663 0.144819073816908 1316 1.976244140631525e-07
0.001116480097559602 1.179817773443871 0.1798177734438711 -1.464375464488789 0.06468935452272682 -0.5636393448456903 -0.0189783774808903 0.1440604180546619 1316 1.978419384577334e-07
0.001066480097559601 1.184547482478881 0.1845474824788809 -1.493490992812266 0.06579105266011909 -0.5593790994988996 -0.01886120465711784 0.1431730336951956 1316 1.980731250410323e-07
0.001016480097559599 1.18997557144812 0.1899755714481202 -1.526345299118154 0.06716312044679662 -0.5544686096430298 -0.01871314065019081 0.1421512604870205 1316 1.983101632297926e-07
0.000966480097559598 1.196083427731486 0.196083427731486 -1.562589265822523 0.06881633871489329 -0.5489286294953923 -0.01853255909768906 0.1409986289122308 1316 1.98542331006289e-07
0.0009164800975595966 1.202795218373839 0.2027952183738388 -1.601524679323139 0.07074222906749368 -0.5428350608614082 -0.01832054809491911 0.1397298210592611 1316 1.987574644607073e-07
0.0008664800975595952 1.209983035416528 0.209983035416528 -1.642180030674343 0.07291175328122784 -0.5363134393188757 -0.01808110531725047 0.1383696752147229 1317 1.989444284382629e-07
0.0008164800975595937 1.217488042935904 0.2174880429359036 -1.683476596988503 0.07527988710227125 -0.5295179769119037 -0.01782360081665622 0.1369490573315717 1317 1.990940596654625e-07
0.0007664800975595923 1.225148780050123 0.2251487800501226 -1.724414135100586 0.07779421851731774 -0.5226077435262045 -0.0175552636717775 0.1354993302963881 1317 1.999240444981509e-07
0.0007164800975595909 1.232824530870765 0.232824530870765 -1.76420032223228 0.08040365765896268 -0.51574659652111 -0.01727979178174062 0.1340477895407134 1319 1.992671245532399e-07
0.0006664800975595894 1.240407122060831 0.2404071220608315 -1.802294923884509 0.08306426401851626 -0.5090006120519753 -0.01700606026617318 0.1326153652924211 1319 1.992915020275291e-07
0.000616480097559588 1.247822016922246 0.2478220169222456 -1.838387810161983 0.08574155484181518 -0.5024378980883329 -0.01673833520486002 0.1312164194063577 1319 1.992799988036809e-07
0.0005664800975595866 1.255023234872783 0.2550232348727832 -1.872346410126703 0.08841027440279446 -0.4960990513089851 -0.01647566150978392 0.1298597478737467 1320 1.992353380285943e-07
0.0005164800975595851 1.261986314314587 0.2619863143145869 -1.90415989464624 0.09105292785983277 -0.490004174302039 -0.01622390362083484 0.1285499623585332 1320 1.99163553134214e-07
0.0004664800975595837 1.268701744573079 0.2687017445730786 -1.933893090543072 0.09365800879501829 -0.4841593264111171 -0.01598226119920056 0.1272887764368062 1320 1.990688564683964e-07
0.0004164800975595823 1.275169772861062 0.275169772861062 -1.961653158566366 0.09621838953256408 -0.4785615686074615 -0.01574850695316867 0.1260760203332989 1320 1.98954217352738e-07
0.0003664800975595808 1.281396655634871 0.2813966556348713 -1.987567439902748 0.09873003260932534 -0.4732025677393269 -0.01552598141343178 0.1249103716892846 1321 1.988232555244706e-07
0.0003164800975595794 1.287392100260866 0.2873921002608657 -2.011769614471963 0.1011910264561754 -0.4680899102255413 -0.01531398493771235 0.1237898529123325 1321 1.986790508121517e-07
0.000266480097559578 1.293167585654474 0.2931675856544738 -2.034391535224048 0.1036008912377805 -0.4631972616475418 -0.01510935468780229 0.1227121565437517 1321 1.985235451708971e-07
0.0002164800975595765 1.298735294095328 0.2987352940953276 -2.055558735240389 0.1059600907525511 -0.4585046960819404 -0.01491191049254101 0.1216748513126289 1321 1.991439996434815e-07
0.0001664800975595751 1.30410745275605 0.3041074527560497 -2.075388219323585 0.1082696943318653 -0.453999451188567 -0.01472636956243308 0.1206755084058971 1323 1.981862739654304e-07
0.0001164800975595737 1.30929594259334 0.3092959425933397 -2.093987625934041 0.1105311442536373 -0.449669284222676 -0.01454697731466542 0.1197117758289928 1323 1.980076090477758e-07
6.648009755957224e-05 1.314312080835907 0.3143120808359066 -2.111455190157333 0.1127460981799966 -0.4455026488990187 -0.01437343102581886 0.1187814191722427 1323 1.978235334968138e-07
1.648009755957081e-05 1.31916651171543 0.3191665117154303 -2.127880139961629 0.1149163220773539 -0.4414887734774093 -0.01420543260451343 0.1178823415293015 1323 1.976350991139259e-07
-3.351990244043063e-05 1.323869165528475 0.3238691655284747 -2.143343313618507 0.1170436189809183 -0.4376176777801361 -0.01404664076930665 0.1170125903223862 1324 1.974429164922005e-07
-8.351990244043206e-05 1.328429258821018 0.3284292588210183 -2.157917867298222 0.119129781915943 -0.4338801545875731 -0.01389308627802265 0.1161703563119972 1324 1.972481782586361e-07
-0.0001335199024404335 1.332855318529031 0.3328553185290306 -2.171669996584584 0.1211765636106599 -0.430267731270623 -0.01374402293330744 0.1153539681063846 1324 1.970509040637465e-07
-0.0001835199024404349 1.337155219550546 0.3371552195505456 -2.184659633879261 0.1231856575945774 -0.4267726212052598 -0.01359922278448114 0.1145618841952836 1324 1.968517408247523e-07
-0.0002335199024404364 1.341336228539418 0.3413362285394184 -2.196941097248879 0.1251586871748495 -0.4233876714206866 -0.01345847159038369 0.1137926838878455 1324 1.966510733167675e-07
-0.0002835199024404378 1.345405049914576 0.3454050499145764 -2.208563683633929 0.1270971997101059 -0.4201063099286235 -0.01332507559086232 0.1130450579151225 1324 1.964492481613226e-07
-0.0003335199024404392 1.349367871450613 0.3493678714506134 -2.219572203563708 0.1290026644701941 -0.4169261245786593 -0.01319536515022972 0.1123177991927987 1325 1.962464684271636e-07
-0.0003835199024404407 1.353230408031394 0.3532304080313939 -2.230007459547163 0.1308764728810238 -0.4138475139352563 -0.01306896568638759 0.1116097940062029 1325 1.960431983932125e-07
-0.0004335199024404421 1.356997942624425 0.3569979426244247 -2.239906670861208 0.1327199403083273 -0.4108551361485512 -0.01294572415301432 0.1109200137891675 1325 1.958394257960764e-07
-0.0004835199024404435 1.360675364356436 0.3606753643564364 -2.249303851072018 0.1345343088269823 -0.4079443098837459 -0.01282549718422993 0.1102475075106931 1325 1.964793948447827e-07
-0.0005335199024404449 1.364267203344825 0.3642672033448247 -2.258230141474864 0.1363207505558313 -0.4051107110906954 -0.01270815044296877 0.1095913947285225 1325 1.971679145270702e-07
-0.0005835199024404464 1.367777662491971 0.3677776624919713 -2.266714106241367 0.1380803712990171 -0.4023503400787068 -0.01259646357644811 0.10895085926309 1325 1.978496010551533e-07
-0.0006335199024404478 1.371210646341169 0.3712106463411693 -2.274781993379048 0.1398142143034724 -0.3996594918264471 -0.01248745554056323 0.1083251434673514 1326 1.985237851668067e-07
-0.0006835199024404492 1.374569787220869 0.3745697872208689 -2.282457965755822 0.1415232640127397 -0.3970347292360486 -0.01238084735609002 0.1077135430441482 1326 1.991935931854437e-07
-0.0007335199024404507 1.377858468832785 0.3778584688327853 -2.289764305439071 0.1432084497246365 -0.3944728591202144 -0.0122765420936207 0.1071154023772566 1326 1.998563592353481e-07
-0.0007835199024404521 1.381079847609903 0.3810798476099033 -2.296721595242882 0.1448706491193985 -0.3919709105634054 -0.01217444847022562 0.1065301103099745 1327 1.944130512403084e-07
-0.0008335199024404535 1.384236871968484 0.3842368719684841 -2.303348879751714 0.1465106916118953 -0.389526115495581 -0.01207448044492104 0.1059570963446948 1327 1.942104990289707e-07
-0.000883519902440455 1.3873322996793 0.3873322996793003 -2.309663808462413 0.1481293615145204 -0.3871358912298818 -0.01197655684464002 0.1053958272175769 1327 1.94008434821865e-07
-0.0009335199024404564 1.390368713594962 0.3903687135949616 -2.315682763519488 0.1497274010144161 -0.3847978247120156 -0.0118821378220604 0.1048458038009684 1327 1.93806913935891e-07
-0.0009835199024404578 1.393348535839168 0.393348535839168 -2.321420973537997 0.1513055129520933 -0.3825096583552885 -0.01179054630457377 0.1043065583114014 1327 1.954554374239882e-07
-0.001033519902440459 1.396274040654668 0.3962740406546676 -2.326892615420006 0.1528643634141215 -0.3802692772555944 -0.01170069108477797 0.1037776517839406 1328 1.934056431717372e-07
-0.001083519902440461 1.399147366043801 0.3991473660438007 -2.332110905563618 0.154404584146214 -0.3780746976426088 -0.01161251182701746 0.1032586717859321 1328 1.932059723046548e-07
-0.001133519902440462 1.401970524308203 0.4019705243082026 -2.337088181607208 0.1559267747913764 -0.3759240564515672 -0.01152595128086992 0.1027492303486336 1328 1.930069545043246e-07
-0.001183519902440464 1.404745411636143 0.4047454116361426 -2.341835976012652 0.1574315049712027 -0.3738156018641844 -0.01144095507739634 0.1022489620873118 1328 1.928086206326269e-07
-0.001233519902440465 1.407473816802265 0.4074738168022649 -2.346365082233146 0.1589193162126017 -0.3717476847464165 -0.01135747154144252 0.1017575224966159 1328 1.926109848380533e-07
-0.001283519902440466 1.410157429090797 0.4101574290907974 -2.350685614424837 0.1603907237351462 -0.3697187508701003 -0.01127545151821966 0.1012745863992437 1328 1.924140612015507e-07
-0.001333519902440468 1.412797845514828 0.4127978455148282 -2.354807061389404 0.1618462181075018 -0.3677273338424296 -0.01119484821315059 0.1007998465334045 1328 1.922178591235541e-07
-0.001383519902440469 1.415396577403714 0.4153965774037138 -2.358738335391902 0.163286266782848 -0.3657720486690607 -0.01111681441310744 0.1003330122647657 1328 1.923855659776089e-07
-0.001433519902440471 1.417955056421834 0.4179550564218339 -2.362487816413588 0.1647113155224477 -0.3638515858858985 -0.0110409354212078 0.09987380841033541 1328 1.960807913976162e-07
-0.001483519902440472 1.420474640074654 0.4204746400746542 -2.366063392329422 0.16612178971588 -0.3619647062022309 -0.01096628242106928 0.09942197416318353 1329 1.933457001020409e-07
-0.001533519902440474 1.422956616754762 0.4229566167547618 -2.369472495456215 0.1675180956066193 -0.3601102356017699 -0.01089281938400538 0.09897726210758945 1329 1.938211993939471e-07
-0.001583519902440475 1.425402210365235 0.4254022103652346 -2.372722135812172 0.1689006214285004 -0.3582892057390077 -0.01082051184910948 0.09853943731717361 1329 1.942935061246e-07
-0.001633519902440476 1.42781258455029 0.4278125845502896 -2.375818931369357 0.1702697384568346 -0.3565024968959392 -0.01074932683395849 0.09810827653003866 1329 1.947543707442093e-07
-0.001683519902440478 1.430188846692328 0.4301888466923276 -2.378769136272173 0.1716258020158072 -0.3547448383143988 -0.01067923274890476 0.09768356737021747 1329 1.952213465330769e-07
-0.001733519902440479 1.432532051370622 0.4325320513706219 -2.381578665440374 0.1729691523526024 -0.3530152834680284 -0.01061019932274732 0.09726510767364432 1329 1.956854463947879e-07
-0.001783519902440481 1.434843203773116 0.4348432037731165 -2.384253118329123 0.1743001155144558 -0.3513129316438615 -0.01054219752794848 0.09685270482430917 1329 1.961467363114182e-07
-0.001833519902440482 1.437123262733154 0.4371232627331543 -2.386797800110851 0.1756190041337853 -0.3496369250550525 -0.01047519951366485 0.09644617516335161 1329 1.966052912233576e-07
-0.001883519902440484 1.439373143557952 0.4393731435579524 -2.38921774125426 0.1769261181664388 -0.3479864461572302 -0.01040917854268554 0.09604534343900184 1329 1.970611748075582e-07
-0.001933519902440485 1.441593720645143 0.4415937206451426 -2.391517715531075 0.1782217455803775 -0.3463607151700184 -0.01034484300283464 0.0956500422979695 1329 1.975144479729201e-07
-0.001983519902440486 1.443785829905969 0.4437858299059692 -2.393702256597531 0.1795061629986082 -0.3447589877853934 -0.01028234944122781 0.09526011181462428 1329 1.988390578806766e-07
-0.002033519902440488 1.445950271023433 0.4459502710234333 -2.395775673342024 0.1807796363033477 -0.3431805530361173 -0.01022071520328532 0.09487539905247266 1330 1.984183654437996e-07
-0.002083519902440489 1.448087809479692 0.4480878094796923 -2.397742063696382 0.1820424211802381 -0.341624731381405 -0.01015991902470836 0.09449575767039772 1330 1.988592267229736e-07
-0.002133519902440491 1.450199178608746 0.450199178608746 -2.399605328276979 0.1832947636787132 -0.3400908727804813 -0.01009994041815341 0.09412104752468571 1330 1.993026713651303e-07
-0.002183519902440492 1.452285081282736 0.4522850812827364 -2.401369181849295 0.1845369006692689 -0.338578355101934 -0.01004075963822554 0.09375113434158715 1330 1.99743781345882e-07
-0.002233519902440494 1.454346191655607 0.4543461916556069 -2.403037164845889 0.1857690603247138 -0.3370865824903722 -0.01000850785550881 0.09338588937941276 1331 1.888118295038043e-07
-0.002283519902440495 1.45638315667176 0.4563831566717598 -2.404612653449146 0.1869914625358857 -0.3356149839498465 -0.009994729283638367 0.09302518913599489 1331 1.886293578197629e-07
-0.002333519902440497 1.458396597609921 0.4583965976099209 -2.406098869642665 0.188204319344149 -0.3341630119031285 -0.009981336869824333 0.09266891504976867 1331 1.88447625158138e-07
-0.002383519902440498 1.460387111358578 0.460387111358578 -2.407498889709354 0.1894078352960325 -0.3327301409956253 -0.00996837734232818 0.09231695325253159 1331 1.882665691325635e-07
-0.002433519902440499 1.462355271731033 0.4623552717310329 -2.408815652757758 0.1906022078148357 -0.3313158668700224 -0.009955748423652298 0.09196919431495391 1331 1.8808618032554e-07
-0.002483519902440501 1.464301630646669 0.4643016306466687 -2.410051968412546 0.1917876275349798 -0.3299197050648792 -0.009943439595006709 0.09162553301793215 1331 1.885182508413965e-07
-0.002533519902440502 1.466226719244833 0.4662267192448328 -2.411210524020817 0.1929642786192076 -0.3285411899777956 -0.009931440790268583 0.09128586813708361 1331 1.928756084363583e-07
-0.002583519902440504 1.468131048928481 0.4681310489284813 -2.412293891372744 0.1941323390573436 -0.3271798738952204 -0.009919742370628603 0.09095010224089806 1331 1.97393024308865e-07
-0.002633519902440505 1.470015112347804 0.4700151123478042 -2.413304532999065 0.1952919809494862 -0.325835326079476 -0.009908335100885873 0.09061814150057655 1332 1.880743441799735e-07
-0.002683519902440507 1.471879384293779 0.4718793842937792 -2.414244807911043 0.1964433707635241 -0.3245071319389889 -0.009897210127969231 0.09028989551725071 1332 1.88410756943766e-07
-0.002733519902440508 1.473724322610609 0.4737243226106089 -2.415116977322405 0.1975866696018933 -0.3231948921856602 -0.009886358959391932 0.08996527714583233 1332 1.887476764099577e-07
-0.002783519902440509 1.475550368956761 0.4755503689567611 -2.415923209535966 0.198722033422154 -0.3218982221286055 -0.00987577344512728 0.08964420234786817 1332 1.89083010931819e-07
-0.002833519902440511 1.477357949592611 0.477357949592611 -2.416665584867674 0.199849613268724 -0.3206167509476296 -0.009865445759192664 0.08932659003952065 1332 1.894168080201971e-07
-0.002883519902440512 1.479147476093486 0.4791474760934864 -2.417346100124488 0.2009695554827691 -0.3193501210350477 -0.00985536838300825 0.0890123619539096 1332 1.897490651894857e-07
-0.002933519902440514 1.480919346026083 0.480919346026083 -2.417966672827456 0.2020820019023136 -0.3180979873722624 -0.009845534089720378 0.0887014425105779 1332 1.900798348061937e-07
-0.002983519902440515 1.482673943586142 0.4826739435861416 -2.418529145176106 0.2031870900516947 -0.3168600169427269 -0.009835935929511968 0.08839375869246927 1332 1.904091224999509e-07
-0.003033519902440517 1.484411640200016 0.484411640200016 -2.419035287772707 0.2042849533210266 -0.315635888178787 -0.00982656721582649 0.08808923992990633 1332 1.907369739172878e-07
-0.003083519902440518 1.486132795092566 0.4861327950925665 -2.419486803123484 0.2053757211363104 -0.3144252904400763 -0.009817421512437335 0.08778781799109414 1332 1.910633844244521e-07
-0.003133519902440519 1.487837755823623 0.4878377558236233 -2.419885328932435 0.2064595191207644 -0.3132279235213351 -0.00980849262130192 0.0874894268787136 1332 1.913884046211764e-07
-0.003183519902440521 1.48952685879507 0.4895268587950703 -2.42023244120217 0.2075364692479073 -0.3120434971876932 -0.009799774571143175 0.08719400273220465 1332 1.917120359675208e-07
-0.003233519902440522 1.491200429730494 0.4912004297304939 -2.420529657155044 0.2086066899869151 -0.3108717307355797 -0.009791261606707433 0.08690148373536194 1332 1.920343103595549e-07
-0.003283519902440524 1.492858784129135 0.4928587841291345 -2.420778437986792 0.2096702964406967 -0.3097123525776035 -0.009782948178650365 0.08661181002890446 1332 1.958406222957468e-07
-0.003333519902440525 1.494502227695798 0.4945022276957984 -2.420980191463942 0.2107274004771361 -0.3085650998498374 -0.009774828934007919 0.0863249236276975 1332 1.998263584954677e-07
-0.003383519902440527 1.496131056750291 0.4961310567502915 -2.421136274384632 0.2117781108546097 -0.3074297180383001 -0.009766898707172207 0.08604076834194435 1333 1.929942506722989e-07
-0.003433519902440528 1.497745558603397 0.4977455586033972 -2.421247994847906 0.2128225333371795 -0.3063059606357488 -0.009759152511612827 0.08575928970480023 1333 1.933102737229261e-07
-0.003483519902440529 1.499346011943873 0.4993460119438726 -2.421316614533942 0.2138607708147505 -0.3051935887902102 -0.009751585531476979 0.08548043489797558 1333 1.936260732720568e-07
-0.003533519902440531 1.500932687165721 0.5009326871657207 -2.421343350680815 0.2148929234036205 -0.3040923710063413 -0.009744193114424843 0.08520415268872636 1333 1.939406332395455e-07
-0.003583519902440532 1.502505846708821 0.5025058467088208 -2.421329378088043 0.2159190885526298 -0.3030020828363235 -0.009736970764282916 0.08493039336438023 1333 1.942539725987977e-07
-0.003633519902440534 1.504065745370792 0.5040657453707924 -2.421275830960365 0.2169393611402567 -0.3019225065966417 -0.009729914134321976 0.08465910867237375 1333 1.945661206157336e-07
-0.003683519902440535 1.505612630605454 0.505612630605454 -2.421183804662848 0.2179538335679017 -0.3008534310973908 -0.009723019020856287 0.08439025176288707 1333 1.948770739250383e-07
-0.003733519902440537 1.507146742806735 0.5071467428067351 -2.421054357384154 0.2189625958489049 -0.2997946513850275 -0.009716281357181545 0.08412377713428745 1333 1.951868671807184e-07
-0.003783519902440538 1.508668315578884 0.5086683155788838 -2.420888511713636 0.2199657356935281 -0.2987459684977755 -0.009709697207830036 0.08385964058121861 1333 1.954954915912378e-07
-0.003833519902440539 1.51017757599376 0.5101775759937597 -2.420687256137474 0.220963338590119 -0.2977071892329458 -0.009703262763123074 0.08359779914518278 1333 1.958029787932834e-07
-0.003883519902440541 1.51167474483595 0.51167474483595 -2.420451546458758 0.2219554878826655 -0.2966781259254786 -0.009696974334002533 0.08333821106747259 1333 1.961093621606194e-07
-0.003933519902440542 1.513160036836398 0.5131600368363982 -2.420182307146037 0.2229422648449327 -0.2956585962370631 -0.00969082834712463 0.08308083574431917 1333 1.964146377418499e-07
-0.003983519902440544 1.514633660895184 0.5146336608951836 -2.419880432614585 0.22392374875136 -0.2946484229552371 -0.009684821340199762 0.08282563368413272 1333 1.967188093640299e-07
-0.004033519902440545 1.516095820294059 0.5160958202940591 -2.419546788444301 0.2249000169448935 -0.2936489115252019 -0.009678949957564154 0.08257256646671791 1333 1.970219026670829e-07
-0.004083519902440547 1.517546712899306 0.5175467128993059 -2.419182212537951 0.2258711449019064 -0.2926595881053379 -0.009673210945969221 0.08232159670435654 1333 1.973239441027567e-07
-0.004133519902440548 1.518986531355433 0.5189865313554332 -2.41878751622316 0.2268372062943628 -0.2916790716289286 -0.009667601150576214 0.08207268800465435 1333 1.976249265537865e-07
-0.004183519902440549 1.520415463270217 0.5204154632702169 -2.418363485301372 0.2277982730493627 -0.2907072046508735 -0.009662117511143844 0.08182580493505674 1333 1.998594138106146e-07
-0.004233519902440551 1.521833691392426 0.5218336913924264 -2.417910881050424 0.2287544154065267 -0.2897438339437855 -0.009656757058382127 0.08158091298877729 1334 1.982243313607502e-07
-0.004283519902440552 1.523241393776476 0.5232413937764759 -2.417430441158009 0.2297057019710687 -0.2887888103514284 -0.009651516910574851 0.08133797855322382 1334 1.985217280703519e-07
-0.004333519902440554 1.524638743952994 0.524638743952994 -2.416922880665211 0.230652199769501 -0.2878419886375875 -0.009646394270121844 0.08109696887733564 1334 1.988186609685459e-07
-0.004383519902440555 1.526025911074723 0.5260259110747225 -2.416388892794972 0.2315939742967074 -0.2869032273562171 -0.009641386420557377 0.08085785204360364 1334 1.991145805535276e-07
-0.004433519902440557 1.527403060069072 0.5274030600690718 -2.415829149795388 0.2325310895658592 -0.2859723887163435 -0.009636490723470807 0.08062059693885915 1334 1.994095500021584e-07
-0.004483519902440558 1.528770351779095 0.5287703517790949 -2.415244303723435 0.2334636081544557 -0.2850493384571232 -0.009631704615660947 0.08038517322727175 1334 1.997035389968666e-07
-0.00453351990244056 1.530127943099385 0.530127943099385 -2.41463498719666 0.234391591248848 -0.284133945727533 -0.009627025606403515 0.08015155132432715 1334 1.999965912464579e-07
-0.004583519902440561 1.531475987106959 0.5314759871069592 -2.41400181411359 0.2353150986872594 -0.2832260829706063 -0.009622451274829082 0.07991970237176464 1335 1.846086692924446e-07
-0.004633519902440562 1.532814633182905 0.5328146331829049 -2.413345380327074 0.2362341889996747 -0.28232562581583 -0.009617979267487076 0.07968959821431401 1335 1.848416980515474e-07
-0.004683519902440564 1.534144027138583 0.5341440271385827 -2.412666264325208 0.2371489194497978 -0.2814324529678746 -0.009613607295844312 0.07946121137551775 1335 1.850742899561577e-07
-0.004733519902440565 1.535464311324056 0.5354643113240558 -2.411965027832665 0.2380593460706195 -0.2805464461106955 -0.009609333134120678 0.07923451503699691 1335 1.853060817102867e-07
-0.004783519902440567 1.536775624741597 0.5367756247415971 -2.41124221642312 0.2389655237021955 -0.2796674898075622 -0.009605154617048793 0.07900948301673988 1335 1.855371145132042e-07
-0.004833519902440568 1.538078103150908 0.5380781031509079 -2.410498360090356 0.2398675060265843 -0.2787954714083237 -0.009601069637796566 0.0787860897489767 1335 1.857673715868774e-07
-0.00488351990244057 1.539371879170794 0.5393718791707938 -2.409733973797402 0.2407653456017119 -0.2779302809598918 -0.009597076145967354 0.07856431026473711 1335 1.861136588466889e-07
-0.004933519902440571 1.540657082376848 0.5406570823768475 -2.408949558002331 0.2416590938939802 -0.2770718111203033 -0.009593172145684024 0.07834412017317491 1335 1.874789931738385e-07
-0.004983519902440572 1.54193383939533 0.5419338393953299 -2.408145599161892 0.242548801309675 -0.2762199570761929 -0.009589355693753002 0.0781254956436235 1335 1.888507237702239e-07
-0.005033519902440574 1.543202273993421 0.543202273993421 -2.407322570214075 0.2434345172252265 -0.2753746164635144 -0.009585624897904621 0.07790841338834793 1335 1.912199969293483e-07
-0.005083519902440575 1.54446250716601 0.5444625071660103 -2.406480931040636 0.2443162900163711 -0.2745356892913584 -0.009581977915105505 0.07769285064596132 1335 1.940562443040881e-07
-0.005133519902440577 1.545714657219192 0.5457146572191922 -2.405621128910559 0.2451941670862683 -0.2737030778687197 -0.009578412949939758 0.07747878516547439 1335 1.969593232915561e-07
-0.005183519902440578 1.546958839850607 0.5469588398506071 -2.404743598905388 0.2460681948926125 -0.2728766867340802 -0.009574928253055634 0.07726619519094985 1335 1.999314444068632e-07
-0.00523351990244058 1.548195168227157 0.5481951682271573 -2.403848764328715 0.2469384189739307 -0.2720564225873597 -0.009571522119667757 0.07705505944666224 1336 1.958077548646904e-07
-0.005283519902440581 1.549423753057555 0.5494237530575554 -2.402937037090624 0.2478048839740727 -0.2712421942263444 -0.009568192888158734 0.07684535712324091 1336 1.972193161632341e-07
-0.005333519902440582 1.55064470266787 0.55064470266787 -2.40200881809798 0.2486676336680512 -0.2704339124807733 -0.009564938938636977 0.07663706786325868 1336 1.98637771330993e-07
-0.005383519902440584 1.551858123067132 0.551858123067132 -2.40106449760237 0.2495267109841963 -0.2696314901548671 -0.009561758691676085 0.07643017174870061 1337 1.999042705498903e-07
-0.005433519902440585 1.553064118014451 0.5530641180144513 -2.400104455548936 0.2503821580270596 -0.2688348419687311 -0.009558650607035439 0.07622464928815714 1340 1.998169742737977e-07
-0.005483519902440587 1.554262789084914 0.5542627890849137 -2.399129061915813 0.2512340161000134 -0.2680438845009048 -0.009555613182409231 0.07602048140425603 1342 1.993944952335809e-07
-0.005533519902440588 1.55545423573006 0.5554542357300598 -2.398138677029259 0.2520823257258818 -0.2672585361355843 -0.009552644952276517 0.07581764942212128 1343 1.996381415751437e-07
-0.00558351990244059 1.556638555337933 0.5566385553379329 -2.397133651872822 0.2529271266675516 -0.266478717010303 -0.00954974448676512 0.07561613505792139 1344 1.997145135364336e-07
-0.005633519902440591 1.557815843290669 0.5578158432906695 -2.396114328383381 0.2537684579477647 -0.2657043489657698 -0.009546910390564311 0.07541592040788658 1345 1.996256563824569e-07
-0.005683519902440592 1.558986193020072 0.5589861930200721 -2.395081039735964 0.2546063578682498 -0.2649353554975103 -0.009544141301878185 0.0752169879377132 1346 1.993743337182573e-07
-0.005733519902440594 1.560149696061252 0.560149696061252 -2.394034110617772 0.2554408640282266 -0.2641716617092149 -0.009541435891417916 0.07501932047233757 1347 1.98963995633402e-07
-0.005783519902440595 1.561306442104425 0.5613064421044247 -2.392973857491917 0.256272013342307 -0.2634131942677251 -0.009538792861431099 0.07482290118606395 1348 1.983987266435997e-07
-0.005833519902440597 1.562456519044683 0.5624565190446833 -2.391900588850425 0.2570998420577159 -0.2626598813597904 -0.009536210944770796 0.07462771359307818 1348 1.997242088411311e-07
-0.005883519902440598 1.563600013031548 0.5636000130315482 -2.390814605463161 0.2579243857715444 -0.2619116526491322 -0.009533688903973162 0.07443374153801102 1349 1.989882829234624e-07
-0.0059335199024406 1.564737008513195 0.5647370085131946 -2.389716200604474 0.2587456794459911 -0.2611684392379587 -0.009531225530431252 0.07424096918750456 1350 1.981056571808023e-07
-0.005983519902440601 1.565867588283818 0.5658675882838178 -2.388605660288081 0.2595637574249694 -0.260430173626012 -0.009528819643518821 0.07404938102119726 1350 1.993945567879019e-07
-0.006483519902440602 1.57683763666122 0.5768376366612205 -2.376890951803484 0.2675748164248539 -0.2533057241007807 -0.009507681281208741 0.07219542306406283 1356 1.987280867647747e-07
-0.006983519902440602 1.587246412687427 0.5872464126874271 -2.364230887117185 0.2752980212215232 -0.2466108788340295 -0.009491172947714628 0.07044791746388564 1360 1.973370735332695e-07
-0.007483519902440602 1.597155087295187 0.597155087295187 -2.350819637330513 0.2827595085932155 -0.2402963040497816 -0.009478471979277456 0.06879990187561598 1363 1.970435014558385e-07
-0.007983519902440603 1.606615159791658 0.6066151597916576 -2.336812199068588 0.2899816673142466 -0.2343207276808917 -0.009468910979024173 0.0672332477197528 1366 1.98999939421585e-07
-0.008483519902440603 1.615670418708255 0.6156704187082547 -2.322333489156779 0.2969838509900932 -0.2286492668698022 -0.009462902477414957 0.0657399104453059 1369 1.996761725750374e-07
-0.008983519902440604 1.624358425960529 0.624358425960529 -2.307485024363565 0.3037829255965813 -0.2232534806504708 -0.009459215025550324 0.06431299845837525 1371 1.993970382144017e-07
-0.009483519902440604 1.632711657628749 0.6327116576287495 -2.29234990552491 0.3103936962294323 -0.21811487325208 -0.009457401131760565 0.06294656075925664 1374 1.981132449285497e-07
-0.009983519902440605 1.64075839296097 0.6407583929609704 -2.276996589263012 0.3168292440869273 -0.2132019519843556 -0.009457138477837947 0.06163542163342229 1376 1.959139816421467e-07
-0.01048351990244061 1.648523415803581 0.6485234158035811 -2.261481778573165 0.3231011957222347 -0.2084954961640235 -0.009458155235032363 0.06037505036057756 1377 1.980083640390702e-07
-0.01098351990244061 1.656028574272597 0.6560285742725971 -2.245852663575982 0.3292199404875757 -0.2039786401492926 -0.00946022104839199 0.05916145736234587 1378 1.996423196030514e-07
-0.01148351990244061 1.663293231887223 0.6632932318872227 -2.23014867661028 0.3351948078534091 -0.1996365026791741 -0.009463527016302981 0.05799111057309426 1381 1.953248357056117e-07
-0.01198351990244061 1.670334634611884 0.6703346346118837 -2.214402879955252 0.341034213296577 -0.1954558865632758 -0.009468629608943128 0.05686086746441352 1382 1.95900633096374e-07
-0.01248351990244061 1.677168212037623 0.6771682120376235 -2.198643072578308 0.3467457793104959 -0.1914250332508959 -0.009474344959217115 0.05576791931854753 1383 1.960737522030037e-07
-0.01298351990244061 1.683807826466136 0.6838078264661358 -2.182892679802758 0.3523364365352853 -0.1875334206440075 -0.009480544428652491 0.05470974518260133 1384 1.964651336551508e-07
-0.01348351990244061 1.690265980404437 0.6902659804044373 -2.167171473693234 0.3578125088611485 -0.1837715953035985 -0.00948711687289187 0.05368407354440654 1385 1.976787852591776e-07
-0.01398351990244061 1.696553990576591 0.696553990576591 -2.151496160294299 0.3631797855057495 -0.1801310322458617 -0.009493966063118484 0.05268885021987961 1386 1.988669547892146e-07
-0.01448351990244061 1.702682134766535 0.7026821347665348 -2.135880861309043 0.368443582424171 -0.1766040170473417 -0.009501221093684198 0.05172221127652499 1387 1.992816657739693e-07
-0.01498351990244061 1.708659776454071 0.7086597764540707 -2.120337511469997 0.3736087949213439 -0.1731835461228971 -0.009510087895457589 0.05078246007012904 1388 1.977867943104319e-07
-0.01548351990244061 1.714495471175937 0.7144954711759373 -2.104876188111598 0.3786799429613336 -0.1698632419094201 -0.009519061325288979 0.04986804766375734 1389 1.960065057721823e-07
-0.01598351990244061 1.720197057752048 0.720197057752048 -2.089505385872789 0.3836612103767654 -0.1666372803548646 -0.009528082972505023 0.04897755604590332 1390 1.939686347587955e-07
-0.01648351990244061 1.725771736907188 0.7257717369071883 -2.074232246730452 0.3885564789566316 -0.1635003286235016 -0.009537101777141826 0.04810968367810838 1390 1.981229497411014e-07
-0.01698351990244061 1.731226139301184 0.7312261393011841 -2.059062753425221 0.393369358190988 -0.1604474913581475 -0.009546073092975144 0.04726323299855318 1391 1.955964788040277e-07
-0.01748351990244061 1.736566384735345 0.7365663847353454 -2.044001892865165 0.3981032113820365 -0.1574742640549671 -0.009554957883926863 0.04643709955438494 1391 1.995214465528512e-07
-0.01798351990244061 1.741798133716394 0.7417981337163944 -2.02905379450728 0.4027611785593244 -0.1545764925721841 -0.009565264400861254 0.04563026254317124 1394 1.965451769812197e-07
-0.01848351990244061 1.746926632737658 0.7469266327376576 -2.014221848173883 0.40734619677711 -0.1517503376774875 -0.009575730532943142 0.04484177651275522 1397 1.949088380143006e-07
-0.01898351990244061 1.75195675399703 0.75195675399703 -1.999508804509397 0.4118610180481768 -0.1489949299903846 -0.009586052776886914 0.04407076408548508 1398 1.976300995984631e-07
-0.01948351990244061 1.756893030479637 0.7568930304796371 -1.984916861019933 0.4163082253126552 -0.1463050690423999 -0.0095962061252855 0.04331640953588152 1400 1.990994412097599e-07
-0.01998351990244061 1.761739686982944 0.761739686982944 -1.970447735918798 0.4206902466653734 -0.1436767016692598 -0.009606168680610797 0.0425779531146838 1402 1.979937971355776e-07
-0.02048351990244061 1.766500667654883 0.7665006676548833 -1.956102731697285 0.4250093680784717 -0.141106985575438 -0.009615921305675509 0.04185468601399628 1404 1.997777836988041e-07
-0.02098351990244061 1.771179660504519 0.7711796605045189 -1.941882789987134 0.429267744808022 -0.1385932696356305 -0.009625811588013277 0.04114594588870222 1407 1.995940113994721e-07
-0.02148351990244061 1.775780119278003 0.7757801192780032 -1.927788539019538 0.4334674116476977 -0.1361330771405957 -0.009636997653360593 0.04045111286170176 1411 1.999482636944424e-07
-0.02198351990244062 1.780305283035466 0.7803052830354658 -1.913820334765851 0.4376102921705108 -0.1337240908395865 -0.009647954288481947 0.03976960595112135 1416 1.999128003084162e-07
-0.02248351990244062 1.784758193710933 0.7847581937109327 -1.899978296685898 0.4416982070748225 -0.1313641395546361 -0.009658668920007267 0.03910087986745484 1420 1.971231760608073e-07
-0.02298351990244062 1.789141711904475 0.789141711904475 -1.88626233883748 0.4457328817427077 -0.1290511861701968 -0.009669130620285907 0.03844442213481614 1422 1.998805695478005e-07
-0.02348351990244062 1.793458531112754 0.7934585311127542 -1.872672197011888 0.4497159530953471 -0.1267833168341978 -0.009679329937172035 0.03779975049828018 1424 1.988884226730679e-07
-0.02398351990244062 1.797711190584976 0.7977111905849759 -1.859207452426335 0.4536489758287022 -0.1245587312240129 -0.009689258742812866 0.03716641058298582 1426 1.977378472297663e-07
-0.02448351990244062 1.801902086958135 0.8019020869581353 -1.845867552452674 0.4575334280933897 -0.122375733755539 -0.009698942090814587 0.03654397377665473 1429 1.968915734383655e-07
-0.02498351990244062 1.806033484809342 0.8060334848093416 -1.832651828776275 0.4613707166788658 -0.120232725627253 -0.00971024607247894 0.03593203531020902 1430 1.9821802339921e-07
-0.02548351990244062 1.810107526244946 0.8101075262449455 -1.819559513322338 0.4651621817544375 -0.1181281976055774 -0.009721279185021716 0.03533021251451263 1431 1.993724183767136e-07
-0.02598351990244062 1.814126239629186 0.814126239629186 -1.806589752244981 0.4689091012111662 -0.1160607234708495 -0.009732036112485389 0.03473814323434787 1432 1.996075283391038e-07
-0.02648351990244062 1.818091547547469 0.8180915475474693 -1.793741618214006 0.4726126946490171 -0.1140289540504335 -0.0097425123803189 0.03415548438223821 1434 1.98830860995141e-07
-0.02698351990244062 1.822005274077196 0.8220052740771961 -1.781014121240361 0.4762741270369709 -0.1120316117807512 -0.009752704274710304 0.03358191061863063 1435 1.994247063518658e-07
-0.02748351990244062 1.825869151445695 0.8258691514456946 -1.768406218191357 0.4798945120873464 -0.1100674857381229 -0.009762608769416465 0.03301711314399327 1436 1.996799616897756e-07
-0.02798351990244062 1.829684826127973 0.8296848261279728 -1.755916821190998 0.4834749153618559 -0.1081354270956483 -0.009772223460383075 0.03246079859301917 1438 1.995988717075663e-07
-0.02848351990244062 1.833453864446573 0.8334538644465728 -1.743544805016811 0.4870163571420225 -0.1062343449592919 -0.009781925115685881 0.03191268801964941 1440 1.972299039989182e-07
-0.02898351990244062 1.837177757721137 0.8371777577211372 -1.731289013616981 0.4905198150850267 -0.1043632025460882 -0.009792908686645806 0.03137251596416088 1440 1.995693658837003e-07
-0.02948351990244062 1.840857927002987 0.840857927002987 -1.719148265880476 0.4939862266759023 -0.1025210136758948 -0.00980361032779477 0.03084002959577606 1441 1.981367248340422e-07
-0.02998351990244062 1.844495727448002 0.8444957274480016 -1.707121360705715 0.4974164915089436 -0.1007068395378757 -0.009814028667199192 0.0303149879212098 1441 1.999449235467374e-07
-0.03048351990244062 1.848092452345188 0.8480924523451878 -1.695207081489711 0.5008114733979138 -0.09891978571613158 -0.009824162750142569 0.02979716105580526 1444 1.970288205187056e-07
-0.03098351990244062 1.851649336849218 0.8516493368492175 -1.683404200069195 0.5041720023452778 -0.09715899943944034 -0.009834012001949954 0.02928632954859616 1444 1.991277817180159e-07
-0.03148351990244062 1.855167561424116 0.8551675614241161 -1.671711480222784 0.5074988763641926 -0.09542366704711117 -0.009843576192029304 0.02878228375978498 1445 1.969246251902424e-07
-0.03198351990244062 1.858648255044312 0.8586482550443117 -1.660127680731231 0.5107928631856492 -0.09371301163840046 -0.009852855403272793 0.02828482328242421 1445 1.9982740984067e-07
-0.03248351990244062 1.862092498156141 0.8620924981561409 -1.648651558092011 0.5140547018427548 -0.09202629090069032 -0.009861850002185838 0.02779375640754054 1448 1.965935989500479e-07
-0.03298351990244063 1.865501325436315 0.8655013254363151 -1.63728186888664 0.5172851041576205 -0.09036279509068068 -0.009871743128602442 0.02730889962621047 1448 1.985123677465246e-07
-0.03348351990244063 1.868875728346651 0.8688757283466515 -1.626017371890686 0.5204847561205931 -0.08872184516656628 -0.009882124408933202 0.02683007716850683 1449 1.970748246885918e-07
-0.03398351990244063 1.87221665752087 0.8722166575208696 -1.614856829898376 0.5236543191897868 -0.08710279104679731 -0.009892231412111908 0.0263571205730193 1450 1.982462363047802e-07
-0.03448351990244063 1.87552502498499 0.8755250249849904 -1.603799011327219 0.5267944315047565 -0.08550500999254849 -0.009902064742457679 0.02588986828653021 1451 1.973813525480746e-07
-0.03498351990244063 1.878801706218085 0.8788017062180851 -1.592842691639737 0.5299057090153753 -0.0839284444242282 -0.009911625204992452 0.0254281652925681 1451 1.986431551616984e-07
-0.03548351990244063 1.882047542118566 0.8820475421185661 -1.581986654535317 0.5329887465728073 -0.08237290910377042 -0.009920913786374143 0.02497186275722169 1451 1.998726447092507e-07
-0.03598351990244063 1.885263340768418 0.8852633407684183 -1.571229693051051 0.5360441189007491 -0.08083687027638614 -0.009929931639068284 0.02452081771138248 1454 1.979621585531625e-07
-0.03648351990244063 1.88844987912486 0.8884498791248603 -1.560570610474017 0.5390723815393003 -0.07931980257401465 -0.009938680066825084 0.02407489274626136 1454 1.99688430678155e-07
-0.03698351990244063 1.891607904662455 0.891607904662455 -1.550008221092871 0.5420740717717297 -0.07782120125337645 -0.009947160508623045 0.02363395571788429 1455 1.979934714169831e-07
-0.03748351990244063 1.894738136761882 0.8947381367618816 -1.539541350953442 0.5450497093921889 -0.07634058119821702 -0.009955622838458727 0.02319787949726479 1455 1.996805554317878e-07
-0.03798351990244063 1.897841268196258 0.8978412681962575 -1.529168838348261 0.5479997975600913 -0.07487747585430776 -0.009965505506677975 0.02276654170319408 1456 1.981642161684782e-07
-0.03848351990244063 1.900917966345057 0.9009179663450575 -1.518889534392285 0.5509248234749526 -0.07343143635939672 -0.00997513041843232 0.02233982448400471 1456 1.99819327839634e-07
-0.03898351990244063 1.903968874504416 0.9039688745044157 -1.50870230334463 0.5538252591366425 -0.07200203060688636 -0.009984498949598037 0.02191761428217778 1457 1.986335778073895e-07
-0.03948351990244063 1.906994612963849 0.9069946129638486 -1.498606023021986 0.5567015619501999 -0.07058884247631135 -0.009993612577294924 0.02149980164092265 1458 1.994545688609582e-07
-0.03998351990244063 1.909995780143846 0.9099957801438456 -1.488599585012251 0.5595541753887149 -0.06919147102242469 -0.0100024728695728 0.02108628099994983 1459 1.989656301657161e-07
-0.04048351990244063 1.91297295359147 0.9129729535914699 -1.478681894918256 0.5623835295642157 -0.06780952976577256 -0.01001108147661962 0.02067695051675901 1460 1.980072793347906e-07
-0.04098351990244063 1.915926690944233 0.9159266909442327 -1.468851872515852 0.5651900417878812 -0.06644264600721997 -0.01001944012401636 0.02027171189371901 1460 1.996059273661409e-07
-0.04148351990244063 1.918857530853152 0.9188575308531519 -1.459108451855756 0.5679741171100787 -0.06509046017212083 -0.01002755060390164 0.01987047021249956 1461 1.988216197415115e-07
-0.04198351990244063 1.921765993803527 0.921765993803527 -1.449450581382983 0.5707361487953958 -0.06375262522782373 -0.01003541476977955 0.01947313378691314 1462 1.982103110271249e-07
-0.04248351990244063 1.924652582954753 0.9246525829547534 -1.439877223940751 0.5734765188212991 -0.06242880608868719 -0.01004303452943389 0.01907961401239578 1462 1.99788690499642e-07
-0.04298351990244063 1.927517784899851 0.9275177848998515 -1.430387356787131 0.5761955983255969 -0.06111867907840757 -0.01005159115408746 0.01868982522991131 1463 1.993344867241862e-07
-0.04348351990244063 1.93036207036154 0.9303620703615401 -1.420979971610891 0.578893748015052 -0.05982193143791898 -0.01006063568298015 0.01830368460128318 1464 1.990312223334953e-07
-0.04398351990244063 1.933185894903845 0.9331858949038445 -1.411654074452837 0.5815713185933684 -0.05853826082302261 -0.0100694446745906 0.0179211119817738 1465 1.988667096983508e-07
-0.04448351990244064 1.935989699563265 0.9359896995632655 -1.402408685663314 0.5842286511358337 -0.05726737485921083 -0.01007801984755091 0.01754202980710791 1466 1.988286951208336e-07
-0.04498351990244064 1.938773911463607 0.9387739114636069 -1.393242839816622 0.5868660774585681 -0.05600899070859591 -0.01008636296239908 0.01716636298345666 1467 1.989048685558118e-07
-0.04548351990244064 1.941538944395831 0.9415389443958306 -1.384155585612804 0.5894839204676842 -0.05476283466193581 -0.0100944758171991 0.01679403878371252 1468 1.990829377535223e-07
-0.04598351990244064 1.944285199367926 0.9442851993679264 -1.375145985764757 0.5920824944916936 -0.053528641752204 -0.01010236024347333 0.01662419859144599 1469 1.965218639422902e-07
-0.04648351990244064 1.947013065124933 0.9470130651249327 -1.366213116874731 0.5946621055968921 -0.05230615538957537 -0.01011001810265003 0.01678071079890229 1469 1.965044728561787e-07
-0.04698351990244064 1.949722918651389 0.9497229186513891 -1.35735606928783 0.5972230518944358 -0.05109512700906248 -0.01011745128186116 0.01693661542542566 1469 1.964152570398376e-07
-0.04748351990244064 1.952415125630609 0.9524151256306095 -1.348573946961902 0.5997656238195477 -0.04989531574889396 -0.01012466169141089 0.01709192058185816 1469 1.962508704549787e-07
-0.04798351990244064 1.955090040899594 0.9550900408995937 -1.339865867301165 0.6022901044120349 -0.04870648813224798 -0.0101316512614668 0.01724663419649585 1469 1.965589155659467e-07
-0.04848351990244064 1.957748008872158 0.9577480088721577 -1.331230960997937 0.6047967695766744 -0.04752841777154472 -0.01013842193926673 0.01740076402091515 1469 1.980435674797544e-07
-0.04898351990244064 1.960389363943409 0.9603893639434091 -1.322668371865268 0.6072858883333819 -0.0463608850860872 -0.01014669624445311 0.017554317635582 1469 1.99521365538871e-07
-0.04948351990244064 1.963014430875737 0.9630144308757369 -1.314177256663973 0.609757723056813 -0.04520367703283791 -0.01015490618151795 0.01770730245529099 1471 1.992549730260837e-07
-0.04998351990244064 1.965623525161178 0.965623525161178 -1.30575678493017 0.6122125297020768 -0.0440565868542006 -0.01016290438089649 0.01785972573409779 1472 1.998193254973922e-07
