TITLE = "three_solutions_Tw1.160"
VARIABLES = "branch" "pressure_gradient" "z" "H" "F" "G" "T"
DATASETAUXDATA Source_File = "boussinesq_singularity_re_scan/Re800/three_solutions_Tw1.160.csv"
DATASETAUXDATA Converter = "convert_all_to_tecplot.py"
ZONE T="branch=1", I=1001, DATAPACKING=POINT
1 0.002594849802 0 0 -5.309943233866566e-30 1 1.16
1 0.002594849802 0.001 -0.0003340697432380197 0.0117013629676287 0.9853282483860655 1.158798724058688
1 0.002594849802 0.002 -0.00131164682182596 0.0227551153492094 0.9706749755038272 1.157597457601217
1 0.002594849802 0.003 -0.002896720378452149 0.03318323815935294 0.9560574840641132 1.156396224469377
1 0.002594849802 0.004 -0.005054512255753424 0.04300733617700744 0.9414918514909103 1.155195063363673
1 0.002594849802 0.005 -0.007751455752079498 0.0522486244818484 0.9269929902183983 1.153994026991055
1 0.002594849802 0.006 -0.01095517256429163 0.0609279170197171 0.9125747065172688 1.152793181224708
1 0.002594849802 0.007 -0.01463445053564636 0.06906561625990797 0.8982497555830575 1.151592604302631
1 0.002594849802 0.008 -0.01875921957766719 0.07668170477866321 0.884029895498226 1.15039238603388
1 0.002594849802 0.009000000000000001 -0.02330052814447676 0.08379573787073921 0.869925938088884 1.149192627035751
1 0.002594849802 0.01 -0.02823051926418926 0.0904268374616637 0.8559477977692621 1.14799343798892
1 0.002594849802 0.011 -0.03352240328526781 0.09659368852790633 0.8421045405945483 1.146794938887799
1 0.002594849802 0.012 -0.03915043775663631 0.102314533555458 0.8284044256583473 1.14559725837046
1 0.002594849802 0.013 -0.04508989752208921 0.1076071721432254 0.8148549519859513 1.144400532987756
1 0.002594849802 0.014 -0.05131705252606963 0.1124889582822013 0.8014628976105728 1.143204906554253
1 0.002594849802 0.015 -0.05780914250027674 0.1169767998287001 0.788234359310741 1.142010529490286
1 0.002594849802 0.016 -0.06454434911692752 0.121087160118477 0.7751747922324796 1.140817558168989
1 0.002594849802 0.017 -0.07150177514122735 0.124836057041658 0.7622890432513091 1.139626154322386
1 0.002594849802 0.018 -0.07866141507268065 0.1282390670242143 0.7495813884357935 1.138436484415332
1 0.002594849802 0.019 -0.08600413278871748 0.131311326359767 0.7370555644820408 1.137248719076676
1 0.002594849802 0.02 -0.09351163665066069 0.1340675344592738 0.7247148005162911 1.136063032531381
1 0.002594849802 0.021 -0.1011664526327629 0.1365219588990993 0.7125618496456052 1.134879602045763
1 0.002594849802 0.022 -0.1089519037060817 0.1386884377752478 0.7005990157295802 1.133698607410888
1 0.002594849802 0.023 -0.1168520820434984 0.1405803865584115 0.6888281830348535 1.132520230420917
1 0.002594849802 0.024 -0.1248518274566015 0.1422108021798487 0.6772508412992676 1.13134465438822
1 0.002594849802 0.025 -0.132936703798909 0.1435922687650968 0.6658681109381666 1.130172063668516
1 0.002594849802 0.026 -0.1410929738560342 0.1447369648549658 0.6546807679042312 1.129002643206197
1 0.002594849802 0.027 -0.1493075797258049 0.1456566679333834 0.6436892649562991 1.127836578100473
1 0.002594849802 0.028 -0.1575681172278041 0.1463627629919688 0.6328937548588353 1.126674053189088
1 0.002594849802 0.029 -0.1658628157626323 0.1468662483535881 0.6222941101453577 1.12551525265158
1 0.002594849802 0.03 -0.1741805165671238 0.1471777428890541 0.6118899428586558 1.124360359629902
1 0.002594849802 0.031 -0.1825106498372391 0.1473074944446434 0.6016806238884705 1.123209555874408
1 0.002594849802 0.032 -0.1908432165924317 0.1472653856847525 0.5916652996658639 1.122063021396259
1 0.002594849802 0.033 -0.1991687656427178 0.1470609434860576 0.5818429100590484 1.120920934154904
1 0.002594849802 0.034 -0.2074783752465639 0.1467033457200021 0.5722122037532278 1.119783469750662
1 0.002594849802 0.035 -0.2157636335252129 0.1462014291950466 0.562771753493048 1.118650801139849
1 0.002594849802 0.036 -0.2240166180522615 0.1455636985689293 0.5535199708980936 1.117523098378268
1 0.002594849802 0.037 -0.2322298794775576 0.144798332854486 0.5444551193847369 1.1164005283594
1 0.002594849802 0.038 -0.2403964211901284 0.1439131949975579 0.5355753277430857 1.115283254599893
1 0.002594849802 0.039 -0.2485096829595327 0.1429158390374428 0.5268786019244029 1.114171437018389
1 0.002594849802 0.04 -0.2565635236315669 0.1418135182184541 0.518362836617995 1.113065231739858
1 0.002594849802 0.041 -0.264552203243672 0.1406131938656975 0.5100258264008009 1.111964790929203
1 0.002594849802 0.042 -0.2724703685244018 0.1393215420741586 0.5018652755797794 1.110870262610396
1 0.002594849802 0.043 -0.2803130352357475 0.1379449630148313 0.4938788082901964 1.1097817905402
1 0.002594849802 0.044 -0.2880755738422302 0.1364895880546453 0.4860639773711539 1.108699514066066
1 0.002594849802 0.045 -0.295753694476929 0.1349612876449779 0.4784182729890067 1.107623568010492
1 0.002594849802 0.046 -0.3033434315181944 0.1333656798017347 0.4709391308500876 1.106554082583828
1 0.002594849802 0.047 -0.3108411309655383 0.1317081366381473 0.4636239395587868 1.105491183275837
1 0.002594849802 0.048 -0.3182434353384073 0.1299937930957832 0.4564700479486292 1.104434990804885
1 0.002594849802 0.049 -0.3255472713181884 0.1282275537367983 0.4494747716264527 1.103385621044603
1 0.002594849802 0.05 -0.3327498368817968 0.1264141001482385 0.442635399246166 1.102343184976381
1 0.002594849802 0.051 -0.3398485881924747 0.1245578987956502 0.4359491983993352 1.101307788668155
1 0.002594849802 0.052 -0.3468412287734468 0.1226632071726264 0.429413420994716 1.100279533227431
1 0.002594849802 0.053 -0.3537256967719725 0.1207340817725115 0.4230253084180944 1.09925851481153
1 0.002594849802 0.054 -0.3605001544535256 0.1187743843698369 0.4167820962347271 1.098244824610935
1 0.002594849802 0.055 -0.3671629773414659 0.1167877887819697 0.4106810186194767 1.097238548856632
1 0.002594849802 0.056 -0.3737127432241193 0.1147777879648973 0.4047193124374239 1.096239768850767
1 0.002594849802 0.057 -0.3801482229963658 0.1127476996408261 0.3988942210692277 1.095248560969029
1 0.002594849802 0.058 -0.3864683700591636 0.1107006734172193 0.3932029978927692 1.094264996717268
1 0.002594849802 0.059 -0.3926723115052353 0.1086396964545447 0.387642909551416 1.093289142758895
1 0.002594849802 0.06 -0.3987593390701242 0.1065675995050467 0.3822112389590939 1.092321060963709
1 0.002594849802 0.061 -0.4047289000808501 0.1044870631448103 0.3769052880006851 1.091360808474961
1 0.002594849802 0.062 -0.4105805895768264 0.1024006230367559 0.3717223801154932 1.090408437756578
1 0.002594849802 0.063 -0.4163141420252215 0.1003106757465117 0.3666598625736482 1.089463996668342
1 0.002594849802 0.064 -0.4219294236443607 0.09821948412220369 0.3617151085862526 1.08852752853729
1 0.002594849802 0.065 -0.4274264250092047 0.09612918254506148 0.3568855192220102 1.087599072234525
1 0.002594849802 0.066 -0.432805253917455 0.09404178206563303 0.3521685251375049 1.086678662257514
1 0.002594849802 0.067 -0.4380661285483902 0.09195917538852134 0.3475615881351554 1.085766328816288
1 0.002594849802 0.068 -0.4432093709545685 0.08988314164759639 0.343062202583394 1.084862097920693
1 0.002594849802 0.06900000000000001 -0.4482354006715386 0.08781535120878757 0.3386678966295422 1.083965991477386
1 0.002594849802 0.07000000000000001 -0.4531447288499776 0.08575737003296401 0.3343762333702712 1.083078027378185
1 0.002594849802 0.07100000000000001 -0.4579379522119858 0.08371066439751057 0.3301848117102483 1.082198219610376
1 0.002594849802 0.07200000000000001 -0.4626157479023821 0.0816766047123578 0.3260912673824658 1.081326578338762
1 0.002594849802 0.073 -0.4671788678265743 0.07965647009473471 0.3220932735075746 1.080463110025146
1 0.002594849802 0.074 -0.4716281338131628 0.0776514520969917 0.3181885413212159 1.079607817520742
1 0.002594849802 0.075 -0.4759644327542458 0.07566265858810468 0.3143748206954251 1.078760700170969
1 0.002594849802 0.076 -0.4801887118188816 0.07369111770917723 0.3106499004497615 1.077921753930134
1 0.002594849802 0.077 -0.4843019743024729 0.07173778112227705 0.3070116088687651 1.077090971451762
1 0.002594849802 0.078 -0.4883052751526596 0.06980352784904094 0.3034578137676037 1.076268342210107
1 0.002594849802 0.079 -0.4921997171031248 0.06788916741930846 0.2999864227768318 1.075453852597147
1 0.002594849802 0.08 -0.4959864468220289 0.06599544312904514 0.2965953834428934 1.074647486029249
1 0.002594849802 0.081 -0.499666651149935 0.06412303534135839 0.2932826831473896 1.073849223061003
1 0.002594849802 0.082 -0.5032415537935867 0.062272564217371 0.2900463492646501 1.073059041477587
1 0.002594849802 0.083 -0.5067124118427674 0.06044459289848594 0.2868844488885903 1.072276916412309
1 0.002594849802 0.08400000000000001 -0.5100805127195095 0.05863963013365428 0.2837950888067283 1.07150282044266
1 0.002594849802 0.08500000000000001 -0.5133471711677834 0.05685813298164396 0.2807764153108729 1.070736723693597
1 0.002594849802 0.08600000000000001 -0.5165137263415115 0.05510050953393614 0.2778266138523832 1.069978593945706
1 0.002594849802 0.08700000000000001 -0.5195815392040652 0.0533671211836456 0.2749439089500382 1.069228396725011
1 0.002594849802 0.08799999999999999 -0.5225519897842711 0.05165828545543908 0.2721265634802477 1.068486095423372
1 0.002594849802 0.089 -0.5254264751748003 0.04997427713788918 0.2693728794356025 1.067751651338573
1 0.002594849802 0.09 -0.5282064065363712 0.04831533233459709 0.266681195804943 1.067025023861025
1 0.002594849802 0.091 -0.5308932074180374 0.04668164933588088 0.2640498893008709 1.06630617050684
1 0.002594849802 0.092 -0.5334883116545945 0.04507339058197745 0.2614773740641523 1.065595047006403
1 0.002594849802 0.093 -0.535993161282791 0.04349068499009923 0.2589621008385848 1.064891607413711
1 0.002594849802 0.094 -0.5384092046923774 0.0419336299094759 0.2565025563805391 1.064195804199495
1 0.002594849802 0.095 -0.5407378949241832 0.04040229287057027 0.2540972629765021 1.063507588335946
1 0.002594849802 0.096 -0.5429806880510878 0.03889671319266658 0.2517447780534381 1.062826909376003
1 0.002594849802 0.097 -0.5451390416172683 0.03741690339492038 0.249443693984237 1.062153715524408
1 0.002594849802 0.098 -0.5472144131440436 0.0359628510523619 0.2471926372039503 1.061487953732711
1 0.002594849802 0.099 -0.549208258777357 0.03453452036231777 0.2449902675573075 1.060829569781002
1 0.002594849802 0.1 -0.5511220320304742 0.0331318535489649 0.2428352777556936 1.060178508352606
1 0.002594849802 0.101 -0.5529571825741164 0.03175477215779546 0.2407263929257148 1.059534713104376
1 0.002594849802 0.102 -0.5547151550363988 0.03040317820220449 0.2386623703417514 1.058898126730836
1 0.002594849802 0.103 -0.5563973879762995 0.02907695562632872 0.2366419985314787 1.058268691044734
1 0.002594849802 0.104 -0.5580053129267857 0.0277759715461783 0.2346640966029521 1.057646347047113
1 0.002594849802 0.105 -0.5595403534926934 0.02650007736539496 0.2327275136786288 1.057031034991667
1 0.002594849802 0.106 -0.5610039244687085 0.02524910980695224 0.2308311284172225 1.056422694445687
1 0.002594849802 0.107 -0.5623974309310988 0.02402289183635915 0.2289738487061739 1.05582126434672
1 0.002594849802 0.108 -0.5637222675775303 0.02282123379994049 0.2271546107891542 1.055226683069258
1 0.002594849802 0.109 -0.564979818081922 0.02164393439668415 0.225372378601448 1.054638888483475
1 0.002594849802 0.11 -0.5661714544729758 0.02049078155466525 0.2236261432071264 1.054057818009519
1 0.002594849802 0.111 -0.5672985365121376 0.01936155324464967 0.2219149223187042 1.053483408669287
1 0.002594849802 0.112 -0.5683624110192496 0.01825601821671217 0.2202377599729343 1.052915597135551
1 0.002594849802 0.113 -0.5693644114955237 0.01717393687332461 0.2185937257015656 1.052354319785802
1 0.002594849802 0.114 -0.5703058577210089 0.01611506202053933 0.216981913894063 1.051799512750423
1 0.002594849802 0.115 -0.5711880553523044 0.01507913954805922 0.2154014432553659 1.051251111957531
1 0.002594849802 0.116 -0.5720122955044475 0.01406590906361676 0.2138514563398749 1.050709053176144
1 0.002594849802 0.117 -0.5727798542623834 0.01307510447528812 0.2123311192268181 1.050173272058047
1 0.002594849802 0.118 -0.5734919925194437 0.01210645464999907 0.2108396207471011 1.049643704180109
1 0.002594849802 0.119 -0.5741499557610513 0.01115968398560915 0.2093761718852204 1.04912028508286
1 0.002594849802 0.12 -0.5747549738314224 0.0102345129314005 0.2079400052686 1.048602950306768
1 0.002594849802 0.121 -0.5753082606735241 0.009330658476533056 0.2065303747264917 1.048091635427522
1 0.002594849802 0.122 -0.5758110139867575 0.008447834605897465 0.2051465549757867 1.047586276091199
1 0.002594849802 0.123 -0.5762644152264516 0.00758575278663487 0.2037878409106903 1.047086808046428
1 0.002594849802 0.124 -0.5766696295282547 0.006744122396192452 0.2024535470504502 1.0465931671745
1 0.002594849802 0.125 -0.5770278056032067 0.005922651114281758 0.2011430070665658 1.046105289518033
1 0.002594849802 0.126 -0.5773400755985901 0.005121045293562916 0.1998555733728353 1.045623111309261
1 0.002594849802 0.127 -0.5776075548695018 0.004339010312714404 0.1985906168285122 1.045146568999122
1 0.002594849802 0.128 -0.577831342095887 0.003576250926419923 0.1973475260932116 1.044675599280707
1 0.002594849802 0.129 -0.5780125193111471 0.002832471578651841 0.1961257071233476 1.044210139112029
1 0.002594849802 0.13 -0.5781521518930061 0.002107376692021974 0.1949245827401455 1.043750125738083
1 0.002594849802 0.131 -0.5782512885153777 0.001400670944225239 0.193743592253949 1.043295496713017
1 0.002594849802 0.132 -0.5783109610076486 0.0007120595382255073 0.1925821911887269 1.042846189923871
1 0.002594849802 0.133 -0.5783321845549066 4.12484449238938e-05 0.191439850701647 1.042402143606651
1 0.002594849802 0.134 -0.5783159578018282 -0.0006120553741672136 0.1903160571285239 1.04196329636286
1 0.002594849802 0.135 -0.5782632629134488 -0.001248143758754419 0.1892103115932238 1.041529587175919
1 0.002594849802 0.136 -0.5781750655942309 -0.001867307148088416 0.1881221296671522 1.041100955428114
1 0.002594849802 0.137 -0.5780523150140325 -0.002469834377109347 0.187051041117054 1.040677340919664
1 0.002594849802 0.138 -0.5778959440646636 -0.003056012517240822 0.1859965893867264 1.040258683878697
1 0.002594849802 0.139 -0.5777068695163178 -0.003626126724549502 0.1849583311900433 1.039844924972556
1 0.002594849802 0.14 -0.5774859921278521 -0.004180460095204759 0.1839358361607583 1.039436005319494
1 0.002594849802 0.141 -0.5772341967142421 -0.004719293522602075 0.182928686546608 1.039031866501209
1 0.002594849802 0.142 -0.5769523521224676 -0.005242905546193487 0.1819364769809084 1.038632450577926
1 0.002594849802 0.143 -0.576641311523621 -0.005751572256426565 0.1809588140226578 1.038237700093394
1 0.002594849802 0.144 -0.5763019126041988 -0.006245567197686497 0.1799953157945967 1.0378475580819
1 0.002594849802 0.145 -0.5759349777099811 -0.006725161273125224 0.1790456116713991 1.03746196807606
1 0.002594849802 0.146 -0.5755413139471445 -0.00719062264759023 0.1781093420068565 1.037080874115681
1 0.002594849802 0.147 -0.5751217131947968 -0.007642216637979454 0.1771861579288026 1.036704220759493
1 0.002594849802 0.148 -0.5746769524167684 -0.008080205666808355 0.1762757209331726 1.036331953086149
1 0.002594849802 0.149 -0.5742077938741672 -0.008504849207008298 0.1753777025639099 1.035964016697771
1 0.002594849802 0.15 -0.5737149852905751 -0.008916403724628482 0.1744917841369301 1.03560035772456
1 0.002594849802 0.151 -0.5731992599754037 -0.00931512261707864 0.1736176564982597 1.035240922830664
1 0.002594849802 0.152 -0.5726613368626582 -0.009701256135946816 0.1727550198411946 1.034885659223097
1 0.002594849802 0.153 -0.5721019208304761 -0.01007505137682766 0.1719035833495789 1.034534514649619
1 0.002594849802 0.154 -0.5715217029246182 -0.01043675225564599 0.1710630649160484 1.034187437399517
1 0.002594849802 0.155 -0.5709213605356265 -0.01078659948003079 0.170233190898839 1.033844376305672
1 0.002594849802 0.156 -0.5703015575356646 -0.01112483051446086 0.1694136959084361 1.033505280747998
1 0.002594849802 0.157 -0.5696629443354012 -0.01145167952823696 0.1686043226454959 1.033170100660066
1 0.002594849802 0.158 -0.5690061582024766 -0.01176737741179278 0.167804821588566 1.03283878652457
1 0.002594849802 0.159 -0.5683318234882203 -0.01207215177634847 0.1670149507470624 1.03251128937196
1 0.002594849802 0.16 -0.5676405518097317 -0.0123662269466469 0.1662344754478858 1.032187560780507
1 0.002594849802 0.161 -0.566932942193581 -0.01264982394630611 0.165463168148012 1.031867552877815
1 0.002594849802 0.162 -0.5662095811445566 -0.0129231604650888 0.164700808291506 1.031551218345564
1 0.002594849802 0.163 -0.5654710429566975 -0.013186450894027 0.1639471820370424 1.031238510413188
1 0.002594849802 0.164 -0.5647178899375893 -0.01343990634195484 0.1632020820420709 1.030929382854863
1 0.002594849802 0.165 -0.5639506725901723 -0.01368373464384193 0.1624653072762385 1.030623789988026
1 0.002594849802 0.166 -0.5631699297583665 -0.01391814036105945 0.161736662857354 1.030321686673385
1 0.002594849802 0.167 -0.56237618870291 -0.01414332476328171 0.161015959925752 1.030023028318145
1 0.002594849802 0.168 -0.5615699654005152 -0.0143594858764632 0.1603030154072144 1.0297277708684
1 0.002594849802 0.169 -0.5607517647617108 -0.01456681851121354 0.1595976518249435 1.029435870804905
1 0.002594849802 0.17 -0.55992208080863 -0.01476551428221698 0.1588996971369085 1.029147285140424
1 0.002594849802 0.171 -0.5590813968189542 -0.01495576161925763 0.1582089845927072 1.028861971418596
1 0.002594849802 0.172 -0.5582301854052447 -0.01513774576006051 0.1575253526235488 1.028579887715949
1 0.002594849802 0.173 -0.5573689087992678 -0.01531164880653175 0.1568486446364895 1.028300992633419
1 0.002594849802 0.174 -0.5564980190606055 -0.01547764976107786 0.1561787088510499 1.02802524529125
1 0.002594849802 0.175 -0.5556179582478085 -0.01563592455361052 0.1555153981577854 1.027752605325495
1 0.002594849802 0.176 -0.554729158558088 -0.01578664606009604 0.1548585699937113 1.027483032886012
1 0.002594849802 0.177 -0.5538320424074776 -0.01592998410343142 0.154208086246238 1.027216488637539
1 0.002594849802 0.178 -0.5529270226985041 -0.01606610551445442 0.1535638130749794 1.026952933750666
1 0.002594849802 0.179 -0.5520145030177648 -0.01619517417322077 0.1529256207701016 1.026692329896141
1 0.002594849802 0.18 -0.551094877798693 -0.0163173510409031 0.1522933836296262 1.026434639240784
1 0.002594849802 0.181 -0.5501685324552431 -0.01643279418336722 0.1516669798512592 1.026179824444854
1 0.002594849802 0.182 -0.5492358434609403 -0.01654165877781378 0.151046291448714 1.025927848662386
1 0.002594849802 0.183 -0.5482971785989412 -0.01664409717593478 0.1504312040977001 1.025678675531888
1 0.002594849802 0.184 -0.5473528971475056 -0.01674025894788751 0.1498216070133583 1.025432269170283
1 0.002594849802 0.185 -0.5464033500332978 -0.01683029091704106 0.1492173928440274 1.025188594168428
1 0.002594849802 0.186 -0.5454488799579218 -0.01691433718667028 0.1486184575775031 1.024947615588054
1 0.002594849802 0.187 -0.5444898214744913 -0.01699253915060297 0.1480247004683047 1.024709298961538
1 0.002594849802 0.188 -0.5435265012197565 -0.0170650355565851 0.1474360239047992 1.024473610282527
1 0.002594849802 0.189 -0.5425592380869632 -0.01713196255126355 0.1468523333033406 1.024240515999698
1 0.002594849802 0.19 -0.5415883433691093 -0.01719345371624399 0.1462735370164523 1.024009983012047
1 0.002594849802 0.191 -0.540614120877664 -0.0172496400964601 0.1456995462517358 1.023781978665543
1 0.002594849802 0.192 -0.5396368670157223 -0.01730065021347227 0.1451302750087617 1.023556470752496
1 0.002594849802 0.193 -0.5386568709923516 -0.01734661012764098 0.1445656399646167 1.023333427502252
1 0.002594849802 0.194 -0.5376744149827352 -0.01738764348288066 0.1440055603826165 1.023112817574912
1 0.002594849802 0.195 -0.536689774261182 -0.01742387154289462 0.1434499580330758 1.022894610056519
1 0.002594849802 0.196 -0.5357032173117152 -0.01745541322014461 0.1428987571232678 1.022678774455556
1 0.002594849802 0.197 -0.5347150058972158 -0.01748238509076993 0.1423518842427521 1.022465280702007
1 0.002594849802 0.198 -0.5337253952564718 -0.01750490145458567 0.1418092682649386 1.022254099138257
1 0.002594849802 0.199 -0.5327346342518035 -0.01752307437872154 0.1412708402684854 1.022045200512868
1 0.002594849802 0.2 -0.5317429654918999 -0.01753701373321347 0.1407365334690283 1.02183855597577
1 0.002594849802 0.201 -0.5307506254342246 -0.01754682721978738 0.1402062831587716 1.021634137074686
1 0.002594849802 0.202 -0.5297578444498026 -0.01755262038762182 0.1396800266591877 1.021431915753984
1 0.002594849802 0.203 -0.5287648470036902 -0.01755449669050988 0.1391577032364783 1.02123186434587
1 0.002594849802 0.204 -0.5277718517904896 -0.0175525575287693 0.1386392540339874 1.0210339555643
1 0.002594849802 0.205 -0.5267790718472788 -0.01754690228361408 0.1381246220134536 1.020838162500245
1 0.002594849802 0.206 -0.5257867146479717 -0.01753762834519087 0.1376137519029739 1.020644458618116
1 0.002594849802 0.207 -0.5247949821635981 -0.0175248311286085 0.1371065901561295 1.020452817754491
1 0.002594849802 0.208 -0.5238040710270561 -0.01750860412784842 0.1366030848794821 1.020263214109643
1 0.002594849802 0.209 -0.5228141726570688 -0.01748903895554136 0.1361031857745343 1.020075622241661
1 0.002594849802 0.21 -0.5218254733616123 -0.01746622537573035 0.1356068440872396 1.019890017061831
1 0.002594849802 0.211 -0.5208381544244983 -0.01744025133077182 0.1351140125632318 1.019706373831134
1 0.002594849802 0.212 -0.5198523921611341 -0.01741120295721175 0.134624645412541 1.019524668158881
1 0.002594849802 0.213 -0.5188683580685157 -0.01737916463621529 0.1341386982474946 1.019344875994638
1 0.002594849802 0.214 -0.5178862189382663 -0.01734421903096441 0.1336561280329397 1.019166973622581
1 0.002594849802 0.215 -0.516906136951054 -0.01730644711756744 0.1331768930429018 1.018990937657045
1 0.002594849802 0.216 -0.5159282697557593 -0.01726592821056982 0.1327009528221088 1.018816745039121
1 0.002594849802 0.217 -0.5149527705208016 -0.01722273997837833 0.1322282681555594 1.018644373035255
1 0.002594849802 0.218 -0.5139797880703736 -0.01717695849011895 0.1317588010154083 1.018473799229588
1 0.002594849802 0.219 -0.5130094669872534 -0.01712865825052991 0.1312925145183274 1.018305001518571
1 0.002594849802 0.22 -0.5120419476987609 -0.01707791222888065 0.1308293728883431 1.018137958106714
1 0.002594849802 0.221 -0.5110773665489237 -0.01702479188293915 0.1303693414238062 1.017972647503306
1 0.002594849802 0.222 -0.5101158558455309 -0.01696936717373876 0.1299123864711669 1.017809048521015
1 0.002594849802 0.223 -0.5091575439836187 -0.01691170660887528 0.1294584753796068 1.017647140268645
1 0.002594849802 0.224 -0.5082025555387726 -0.01685187727485818 0.1290075764645591 1.017486902146044
1 0.002594849802 0.225 -0.5072510113451935 -0.01678994486398321 0.1285596589758825 1.017328313840052
1 0.002594849802 0.226 -0.5063030285613119 -0.0167259736966787 0.1281146930695336 1.017171355321377
1 0.002594849802 0.227 -0.5053587207127755 -0.0166600267354815 0.1276726497849859 1.017016006843208
1 0.002594849802 0.228 -0.5044181978041824 -0.01659216562485702 0.1272335010065322 1.016862248934408
1 0.002594849802 0.229 -0.5034815664035899 -0.0165224507210358 0.1267972194321149 1.016710062394704
1 0.002594849802 0.23 -0.5025489297132691 -0.01645094111684328 0.1263637785461004 1.016559428290859
1 0.002594849802 0.231 -0.501620387629232 -0.01637769466240375 0.1259331525950116 1.016410327953703
1 0.002594849802 0.232 -0.5006960367803861 -0.01630276797824641 0.1255053165680965 1.016262742976787
1 0.002594849802 0.233 -0.4997759706294827 -0.01622621649178217 0.1250802461643712 1.016116655210002
1 0.002594849802 0.234 -0.4988602795495332 -0.01614809446469899 0.1246579177660207 1.015972046755053
1 0.002594849802 0.235 -0.4979490508878256 -0.01606845501579453 0.1242383084151384 1.015828899961857
1 0.002594849802 0.236 -0.4970423692755806 -0.01598735023705575 0.1238213957400471 1.015687197404235
1 0.002594849802 0.237 -0.4961403154792006 -0.01590483075679227 0.1234071581844539 1.01554692197804
1 0.002594849802 0.238 -0.4952429686647518 -0.01582094659690356 0.1229955745272569 1.015408056712916
1 0.002594849802 0.239 -0.494350404645907 -0.01573574650767958 0.1225866242397178 1.015270584920595
1 0.002594849802 0.24 -0.4934626959803414 -0.01564927800265424 0.1221802874523714 1.015134490189274
1 0.002594849802 0.241 -0.4925799139659325 -0.01556158811656571 0.1217765445487591 1.014999756214499
1 0.002594849802 0.242 -0.4917021255439745 -0.01547272222644251 0.1213753767712659 1.014866367066192
1 0.002594849802 0.243 -0.4908293964655458 -0.01538272525582989 0.1209767655920766 1.014734306917488
1 0.002594849802 0.244 -0.4899617894711768 -0.01529164098079268 0.1205806930607433 1.014603560203377
1 0.002594849802 0.245 -0.4890993643778214 -0.01519951206172435 0.1201871417759864 1.01447411161544
1 0.002594849802 0.246 -0.4882421798713204 -0.01510638072715702 0.1197960945471813 1.014345945944883
1 0.002594849802 0.247 -0.4873902907264075 -0.01501228771081433 0.1194075348980154 1.014219048330316
1 0.002594849802 0.248 -0.4865437506494472 -0.01491727333762349 0.1190214465430696 1.014093404006105
1 0.002594849802 0.249 -0.4857026106445576 -0.01482137689819203 0.1186378136763443 1.013968998449564
1 0.002594849802 0.25 -0.4848669190919957 -0.01472463667775109 0.1182566209472634 1.013845817376034
1 0.002594849802 0.251 -0.4840367233569147 -0.01462709057240809 0.1178778531798539 1.013723846593275
1 0.002594849802 0.252 -0.4832120672948584 -0.01452877513169247 0.1175014957894665 1.013603072231269
1 0.002594849802 0.253 -0.4823929938027883 -0.01442972653696797 0.117127534349252 1.013483480508814
1 0.002594849802 0.254 -0.4815795433531874 -0.01432998003814463 0.1167559548284801 1.013365057870016
1 0.002594849802 0.255 -0.4807717540646421 -0.01422956997994551 0.1163867435721531 1.013247790979714
1 0.002594849802 0.256 -0.4799696631451179 -0.01412853035678031 0.1160198870692344 1.013131666588447
1 0.002594849802 0.257 -0.4791733046545043 -0.01402689395100771 0.115655372295523 1.013016671745535
1 0.002594849802 0.258 -0.4783827117929442 -0.01392469321367003 0.1152931863565162 1.012902793582644
1 0.002594849802 0.259 -0.4775979155861485 -0.01382195975763009 0.1149333166831047 1.012790019440339
1 0.002594849802 0.26 -0.4768189449489041 -0.01371872438135405 0.1145757510142842 1.01267833686383
1 0.002594849802 0.261 -0.4760458279794051 -0.01361501756815528 0.1142204772070128 1.012567733477779
1 0.002594849802 0.262 -0.4752785899530752 -0.01351086871110578 0.1138674835164728 1.012458197183837
1 0.002594849802 0.263 -0.4745172553745065 -0.01340630690530716 0.1135167583037255 1.01234971595999
1 0.002594849802 0.264 -0.4737618467987963 -0.01330136049207308 0.113168290195289 1.012242277977879
1 0.002594849802 0.265 -0.473012384888657 -0.01319605708041976 0.1128220680685064 1.012135871598849
1 0.002594849802 0.266 -0.472268889574775 -0.01309042399599808 0.1124780808966681 1.012030485257893
1 0.002594849802 0.267 -0.4715313782576014 -0.0129844875842896 0.112136317976292 1.011926107646766
1 0.002594849802 0.268 -0.4707998676467023 -0.01287827392292238 0.1117967686896284 1.011822727527985
1 0.002594849802 0.269 -0.4700743727043902 -0.01277180841194419 0.1114594226336979 1.011720333843569
1 0.002594849802 0.27 -0.4693549066970578 -0.01266511579320718 0.1111242696079364 1.011618915711392
1 0.002594849802 0.271 -0.4686414822350928 -0.0125582205538834 0.1107912994891258 1.011518462317592
1 0.002594849802 0.272 -0.4679341096615967 -0.01245114630026396 0.1104605024139485 1.011418963086315
1 0.002594849802 0.273 -0.4672327987006393 -0.01234391639794015 0.1101318685878183 1.011320407507299
1 0.002594849802 0.274 -0.4665375575108009 -0.01223655360362339 0.1098053883881587 1.011222785236681
1 0.002594849802 0.275 -0.4658483927312994 -0.01212908008260285 0.109481052353998 1.011126086093608
1 0.002594849802 0.276 -0.4651653104136631 -0.01202151777133135 0.1091588510860336 1.011030299960511
1 0.002594849802 0.277 -0.4644883145784169 -0.01191388781480096 0.1088387753915296 1.010935416940457
1 0.002594849802 0.278 -0.4638174086916166 -0.01180621114174878 0.1085208161321753 1.010841427197323
1 0.002594849802 0.279 -0.4631525948171456 -0.01169850813387143 0.1082049643056951 1.010748321049245
1 0.002594849802 0.28 -0.4624938736581566 -0.01159079864152528 0.1078912110371127 1.010656088965484
1 0.002594849802 0.281 -0.4618412453914919 -0.01148310230948078 0.1075795474999475 1.010564721473975
1 0.002594849802 0.282 -0.4611947083752732 -0.011375438071468 0.1072699650295047 1.010474209307214
1 0.002594849802 0.283 -0.4605542604711559 -0.01126782466693869 0.1069624550035139 1.010384543254077
1 0.002594849802 0.284 -0.4599198982853478 -0.01116028034389337 0.1066570089055714 1.010295714246475
1 0.002594849802 0.285 -0.4592916172058393 -0.01105282287298388 0.1063536183178323 1.010207713356448
1 0.002594849802 0.286 -0.4586694121494513 -0.01094546984016661 0.1060522748599149 1.010120531710443
1 0.002594849802 0.287 -0.4580532764049973 -0.01083823819259479 0.1057529702757576 1.010034160624605
1 0.002594849802 0.288 -0.457443202816934 -0.01073114470287722 0.1054556963416925 1.009948591467366
1 0.002594849802 0.289 -0.4568391831060869 -0.01062420570208347 0.1051604449147152 1.009863815739805
1 0.002594849802 0.29 -0.456241207903102 -0.01051743709239726 0.1048672079263954 1.009779825072976
1 0.002594849802 0.291 -0.4556492674169956 -0.01041085461005596 0.1045759773365642 1.00969661114839
1 0.002594849802 0.292 -0.455063350400125 -0.01030447341730946 0.1042867451981568 1.009614165823519
1 0.002594849802 0.293 -0.4544834452073097 -0.01019830851956466 0.1039995035881562 1.009532481004337
1 0.002594849802 0.294 -0.4539095391881788 -0.01009237452545679 0.1037142446432456 1.009451548719874
1 0.002594849802 0.295 -0.4533416187172307 -0.009986685658191738 0.1034309605547604 1.00937136111974
1 0.002594849802 0.296 -0.45277966979185 -0.009881255991839444 0.103149643534658 1.009291910400361
1 0.002594849802 0.297 -0.4522236771067437 -0.009776099084582884 0.1028702858621204 1.00921318892143
1 0.002594849802 0.298 -0.4516736250011583 -0.00967122835362561 0.102592879833469 1.009135189087645
1 0.002594849802 0.299 -0.4511294969155963 -0.009566656859515979 0.1023174177873811 1.009057903417898
1 0.002594849802 0.3 -0.4505912754188383 -0.009462397316305687 0.1020438921007303 1.008981324542988
1 0.002594849802 0.301 -0.4500589427425644 -0.009358462303969474 0.1017722951647063 1.008905445137163
1 0.002594849802 0.302 -0.4495324799541969 -0.009254863938632184 0.1015026194163957 1.008830258026211
1 0.002594849802 0.303 -0.4490118678035268 -0.009151614209644094 0.1012348573043408 1.008755756077703
1 0.002594849802 0.304 -0.4484970862373047 -0.009048724785619978 0.1009690013051819 1.008681932265215
1 0.002594849802 0.305 -0.4479881144235433 -0.008946207023530691 0.1007050439202538 1.008608779666219
1 0.002594849802 0.306 -0.4474849312291358 -0.008844072159749895 0.1004429776600378 1.008536291398529
1 0.002594849802 0.307 -0.4469875144812058 -0.008742331013373421 0.1001827950634619 1.008464460720676
1 0.002594849802 0.308 -0.4464958417232719 -0.008640994289433133 0.09992448867627005 1.008393280929986
1 0.002594849802 0.309 -0.4460098897819003 -0.00854007240436489 0.09966805106067408 1.00832274542224
1 0.002594849802 0.31 -0.4455296347885738 -0.008439575494140081 0.09941347479259359 1.008252847689715
1 0.002594849802 0.311 -0.4450550526060291 -0.008339513586191109 0.0991607524528922 1.00818358126216
1 0.002594849802 0.312 -0.4445861181692565 -0.008239896332327135 0.09890987663672943 1.008114939800048
1 0.002594849802 0.313 -0.4441228061602657 -0.008140733281659993 0.09866083994232946 1.008046916999893
1 0.002594849802 0.314 -0.4436650906216013 -0.008042033723445466 0.09841363497498845 1.007979506649688
1 0.002594849802 0.315 -0.4432129449760354 -0.007943806694352266 0.09816825434486183 1.007912702627094
1 0.002594849802 0.316 -0.4427663424067405 -0.007846061133290632 0.09792469066366884 1.007846498844595
1 0.002594849802 0.317 -0.4423252552700202 -0.007748805640783935 0.09768293654607742 1.007780889336168
1 0.002594849802 0.318 -0.4418896556967811 -0.007652048724817852 0.09744298460682263 1.007715868169297
1 0.002594849802 0.319 -0.4414595152482624 -0.007555798659209119 0.09720482746021375 1.007651429496498
1 0.002594849802 0.32 -0.4410348049337837 -0.007460063490100591 0.09696845771838555 1.007587567553655
1 0.002594849802 0.321 -0.4406154955493271 -0.007364851175510377 0.09673386799235398 1.007524276609029
1 0.002594849802 0.322 -0.4402015571549226 -0.007270169368341811 0.09650105088711478 1.007461551043853
1 0.002594849802 0.323 -0.4397929596100688 -0.007176025638037526 0.09626999900537243 1.007399385270526
1 0.002594849802 0.324 -0.4393896722675232 -0.007082427342820387 0.09604070494351677 1.007337773780529
1 0.002594849802 0.325 -0.4389916639893132 -0.006989381635494997 0.0958131612902668 1.007276711142895
1 0.002594849802 0.326 -0.438598903447814 -0.006896895589346939 0.09558736063113117 1.007216191956773
1 0.002594849802 0.327 -0.4382113586614662 -0.006804976002266411 0.09536329553864265 1.007156210926424
1 0.002594849802 0.328 -0.4378289974706169 -0.006713629596789984 0.09514095858122552 1.007096762785107
1 0.002594849802 0.329 -0.4374517872656611 -0.006622862904730994 0.09492034231646124 1.007037842339675
1 0.002594849802 0.33 -0.4370796950015006 -0.006532682272360188 0.09470143929006415 1.00697944446916
1 0.002594849802 0.331 -0.4367126874647692 -0.006443093974114498 0.09448424204294617 1.006921564080627
1 0.002594849802 0.332 -0.4363507308622352 -0.006354104035574516 0.09426874309778838 1.006864196178991
1 0.002594849802 0.333 -0.4359937912428444 -0.00626571841420627 0.09405493497180273 1.006807335796166
1 0.002594849802 0.334 -0.435641834256897 -0.0061779428950543 0.09384281016797864 1.006750978032594
1 0.002594849802 0.335 -0.435294825169123 -0.006090783095367071 0.09363236117433846 1.006695118055932
1 0.002594849802 0.336 -0.434952729095313 -0.006004244567421022 0.09342358047293105 1.006639751059951
1 0.002594849802 0.337 -0.434615510638365 -0.00591833263833104 0.09321646052375225 1.006584872329565
1 0.002594849802 0.338 -0.4342831342616891 -0.00583305257356043 0.09301099378035246 1.00653047717484
1 0.002594849802 0.339 -0.4339555640764634 -0.005748409482490568 0.09280717267964643 1.006476560969694
1 0.002594849802 0.34 -0.4336327638534727 -0.00566440832255019 0.0926049896414034 1.006423119150677
1 0.002594849802 0.341 -0.4333146972320566 -0.005581053992321896 0.09240443707860217 1.006370147178674
1 0.002594849802 0.342 -0.4330013273992994 -0.005498351186380041 0.09220550737954947 1.006317640599527
1 0.002594849802 0.343 -0.4326926174194034 -0.005416304543417068 0.09200819292545272 1.006265594982524
1 0.002594849802 0.344 -0.4323885300463843 -0.005334918560630255 0.09181248607928118 1.00621400595648
1 0.002594849802 0.345 -0.4320890277348046 -0.00525419759740804 0.09161837918545244 1.006162869208616
1 0.002594849802 0.346 -0.431794072823638 -0.005174145959761412 0.09142586458107306 1.006112180448846
1 0.002594849802 0.347 -0.4315036272545841 -0.005094767768577218 0.09123493457696515 1.006061935466319
1 0.002594849802 0.348 -0.4312176528615241 -0.005016067094011142 0.0910455814764671 1.006012130072061
1 0.002594849802 0.349 -0.4309361112062967 -0.00493804787774584 0.09085779756375376 1.005962760132629
1 0.002594849802 0.35 -0.4306589635884467 -0.004860713936281991 0.09067157510368641 1.005913821569081
1 0.002594849802 0.351 -0.4303861712063236 -0.00478406903762503 0.09048690635354191 1.00586531032365
1 0.002594849802 0.352 -0.4301176949109349 -0.004708116781515529 0.09030378354353873 1.005817222412523
1 0.002594849802 0.353 -0.4298534954591556 -0.00463286072156147 0.09012219889625124 1.005769553872308
1 0.002594849802 0.354 -0.429593533370481 -0.004558304294524111 0.08994214461472783 1.005722300791459
1 0.002594849802 0.355 -0.4293377689358944 -0.004484450823256523 0.08976361288247627 1.005675459309317
1 0.002594849802 0.356 -0.4290861623582729 -0.004411303586475612 0.08958659587535152 1.005629025584998
1 0.002594849802 0.357 -0.4288386735385742 -0.004338865709686899 0.08941108574207063 1.005582995846691
1 0.002594849802 0.358 -0.4285952622960809 -0.004267140276369519 0.0892370746237317 1.005537366341664
1 0.002594849802 0.359 -0.4283558882442488 -0.004196130263537529 0.08906455464200948 1.00549213336562
1 0.002594849802 0.36 -0.4281205107987895 -0.004125838544364185 0.08889351789925218 1.005447293261813
1 0.002594849802 0.361 -0.4278890892992308 -0.004056267951779285 0.08872395649025595 1.005402842391979
1 0.002594849802 0.362 -0.4276615828245792 -0.003987421178944883 0.08855586248317097 1.005358777182413
1 0.002594849802 0.363 -0.4274379503835241 -0.003919300880663953 0.08838922793870573 1.00531509407725
1 0.002594849802 0.364 -0.4272181508077054 -0.00385190961454657 0.08822404489862966 1.005271789565905
1 0.002594849802 0.365 -0.4270021427590938 -0.003785249843354146 0.0880603053859611 1.005228860182264
1 0.002594849802 0.366 -0.4267898848343576 -0.00371932399308165 0.08789800141640529 1.005186302477495
1 0.002594849802 0.367 -0.426581335407446 -0.003654134361965209 0.08773712497997971 1.005144113063157
1 0.002594849802 0.368 -0.4263764527923687 -0.003589683213158027 0.0875776680595613 1.005102288567497
1 0.002594849802 0.369 -0.4261751951523827 -0.00352597272090388 0.08741962261988274 1.005060825661131
1 0.002594849802 0.37 -0.4259775205067455 -0.003463004972631779 0.08726298060779394 1.005019721056295
1 0.002594849802 0.371 -0.4257833868193638 -0.003400782022110891 0.08710773396318261 1.004978971481397
1 0.002594849802 0.372 -0.4255927518660152 -0.003339305806081908 0.08695387460158367 1.004938573721382
1 0.002594849802 0.373 -0.4254055733720385 -0.003278578229130202 0.08680139443179233 1.004898524576818
1 0.002594849802 0.374 -0.4252218089361012 -0.003218601114334128 0.08665028534550395 1.004858820887952
1 0.002594849802 0.375 -0.4250414160363914 -0.003159376205137281 0.08650053921763415 1.004819459534006
1 0.002594849802 0.376 -0.4248643521048672 -0.003100905214099915 0.08635214791657682 1.004780437409357
1 0.002594849802 0.377 -0.4246905744170764 -0.003043189746344822 0.08620510328800829 1.004741751461347
1 0.002594849802 0.378 -0.4245200402068458 -0.002986231377456457 0.08605939717134511 1.004703398651958
1 0.002594849802 0.379 -0.4243527066034313 -0.002930031608129477 0.08591502139014633 1.00466537598036
1 0.002594849802 0.38 -0.4241885306372092 -0.002874591865842766 0.08577196775247921 1.004627680482257
1 0.002594849802 0.381 -0.4240274693007028 -0.002819913549674179 0.08563022806040048 1.004590309207559
1 0.002594849802 0.382 -0.4238694794591779 -0.002765997959839596 0.08548979409511957 1.004553259255838
1 0.002594849802 0.383 -0.423714517944197 -0.002712846369356671 0.08535065763212782 1.004516527740403
1 0.002594849802 0.384 -0.4235625415030812 -0.002660459982270546 0.08521281043245503 1.004480111809434
1 0.002594849802 0.385 -0.4234135068041535 -0.002608839935151137 0.08507624424307031 1.004444008645393
1 0.002594849802 0.386 -0.4232673704855975 -0.002557987338387364 0.08494095080549761 1.004408215444066
1 0.002594849802 0.387 -0.4231240890851964 -0.00250790321117618 0.08480692184246391 1.004372729447851
1 0.002594849802 0.388 -0.4229836191144219 -0.002458588547609518 0.08467414907156641 1.004337547912031
1 0.002594849802 0.389 -0.4228459170192497 -0.002410044278099912 0.08454262419745319 1.004302668124633
1 0.002594849802 0.39 -0.4227109391850031 -0.002362271270720084 0.08441233891224993 1.004268087405867
1 0.002594849802 0.391 -0.4225786419739845 -0.002315270369347847 0.08428328490324313 1.004233803088461
1 0.002594849802 0.392 -0.4224489816729008 -0.002269042333531272 0.08415545384110566 1.004199812548916
1 0.002594849802 0.393 -0.4223219145489782 -0.00222358789958631 0.08402883739200324 1.004166113175847
1 0.002594849802 0.394 -0.4221973968212762 -0.002178907744885628 0.08390342721074953 1.004132702388627
1 0.002594849802 0.395 -0.422075384665172 -0.00213500248905743 0.08377921494125098 1.004099577636879
1 0.002594849802 0.396 -0.4219558342396096 -0.00209187272931227 0.08365619222320989 1.004066736381987
1 0.002594849802 0.397 -0.421838701650905 -0.002049518984672006 0.08353435068199169 1.004034176126488
1 0.002594849802 0.398 -0.4217239429922229 -0.002007941752602552 0.08341368193910095 1.00400189438431
1 0.002594849802 0.399 -0.4216115143246226 -0.001967141475865223 0.08329417760634508 1.003969888698303
1 0.002594849802 0.4 -0.4215013716812213 -0.001927118543589768 0.08317582928629109 1.003938156639774
1 0.002594849802 0.401 -0.4213934710848145 -0.001887873324078995 0.08305862857795583 1.00390669579109
1 0.002594849802 0.402 -0.4212877685268931 -0.001849406112943595 0.08294256706835643 1.003875503773344
1 0.002594849802 0.403 -0.4211842199916777 -0.001811717185738635 0.08282763634130981 1.003844578218346
1 0.002594849802 0.404 -0.4210827814462097 -0.00177480676710859 0.08271382797262634 1.00381391678513
1 0.002594849802 0.405 -0.4209834088442274 -0.001738675031747823 0.08260113353057268 1.00378351715952
1 0.002594849802 0.406 -0.4208860581348334 -0.001703322134947619 0.08248954458053032 1.003753377037756
1 0.002594849802 0.407 -0.420790685255677 -0.001668748164227152 0.08237905267825024 1.003723494152548
1 0.002594849802 0.408 -0.4206972461426166 -0.001634953188392915 0.08226964937695128 1.003693866246697
1 0.002594849802 0.409 -0.420605696728242 -0.001601937228736783 0.0821613262235527 1.003664491088658
1 0.002594849802 0.41 -0.4205159929454933 -0.001569700259895666 0.08205407475913895 1.003635366472127
1 0.002594849802 0.411 -0.4204280907279793 -0.001538242238377836 0.08194788652257842 1.003606490200618
1 0.002594849802 0.412 -0.4203419460163899 -0.001507563057322929 0.08184275304548702 1.003577860112019
1 0.002594849802 0.413 -0.4202575147547442 -0.001477662592359793 0.08173866585761737 1.003549474053738
1 0.002594849802 0.414 -0.4201747528967937 -0.001448540674641854 0.08163561648413069 1.003521329897369
1 0.002594849802 0.415 -0.4200936164094116 -0.001420197091616297 0.08153359644605934 1.003493425538316
1 0.002594849802 0.416 -0.4200140612651029 -0.001392631613742096 0.08143259726288708 1.003465758881239
1 0.002594849802 0.417 -0.4199360434608101 -0.001365843952049595 0.08133261044921287 1.003438327863236
1 0.002594849802 0.418 -0.419859519001602 -0.001339833801133617 0.08123362751843689 1.003411130430386
1 0.002594849802 0.419 -0.4197844439144681 -0.001314600813832441 0.0811356399810641 1.003384164551596
1 0.002594849802 0.42 -0.4197107742515018 -0.001290144601915646 0.08103863934516164 1.003357428218248
1 0.002594849802 0.421 -0.4196384660750859 -0.001266464761184629 0.08094261711790902 1.003330919430468
1 0.002594849802 0.422 -0.4195674754883425 -0.001243560831535561 0.08084756480394228 1.003304636219013
1 0.002594849802 0.423 -0.4194977586070299 -0.001221432337390504 0.08075347390735482 1.003278576623121
1 0.002594849802 0.424 -0.4194292715802875 -0.001200078763845714 0.08066033593101839 1.003252738703601
1 0.002594849802 0.425 -0.4193619705936349 -0.001179499557286253 0.08056814237703284 1.003227120542494
1 0.002594849802 0.426 -0.4192958118472666 -0.001159694149040647 0.08047688474726127 1.003201720230107
1 0.002594849802 0.427 -0.4192307515974743 -0.001140661917680422 0.08038655454332533 1.0031765358857
1 0.002594849802 0.428 -0.4191667461174398 -0.00112240222716179 0.08029714326694827 1.003151565636553
1 0.002594849802 0.429 -0.4191037517245356 -0.001104914404286223 0.08020864242027417 1.003126807630338
1 0.002594849802 0.43 -0.4190417247831605 -0.001088197739248963 0.08012104350630798 1.003102260034816
1 0.002594849802 0.431 -0.4189806216765294 -0.001072251508002609 0.08003433802845546 1.003077921025561
1 0.002594849802 0.432 -0.4189203988584715 -0.001057074936552382 0.07994851749213347 1.003053788805541
1 0.002594849802 0.433 -0.4188610128037296 -0.001042667237054336 0.07986357340349003 1.003029861585314
1 0.002594849802 0.434 -0.4188024200414669 -0.001029027586446301 0.07977949727069851 1.003006137594741
1 0.002594849802 0.435 -0.4187445771579562 -0.001016155126936613 0.07969628060438642 1.002982615082694
1 0.002594849802 0.436 -0.41868744076221 -0.001004048987216487 0.07961391491620395 1.002959292305448
1 0.002594849802 0.437 -0.4186309675476221 -0.0009927082485331276 0.07953239172200727 1.002936167545219
1 0.002594849802 0.438 -0.4185751142323178 -0.0009821319789668603 0.07945170253899644 1.00291323909141
1 0.002594849802 0.439 -0.4185198375985563 -0.0009723192131039863 0.07937183888795822 1.00289050525171
1 0.002594849802 0.44 -0.4184650944952878 -0.0009632689524713147 0.07929279229368232 1.002867964351826
1 0.002594849802 0.441 -0.418410841797933 -0.000954980185723993 0.07921455428258542 1.002845614724476
1 0.002594849802 0.442 -0.4183570364793917 -0.0009474518562988852 0.07913711638742116 1.002823454726967
1 0.002594849802 0.443 -0.4183036355409319 -0.0009406828950721893 0.07906047014288144 1.002801482723422
1 0.002594849802 0.444 -0.4182505960572083 -0.0009346722009576389 0.07898460708875905 1.002779697095302
1 0.002594849802 0.445 -0.4181978751787034 -0.0009294186412917809 0.07890951877035032 1.002758096241154
1 0.002594849802 0.446 -0.418145430085928 -0.0009249210711122502 0.07883519673516391 1.002736678566176
1 0.002594849802 0.447 -0.4180932180693769 -0.0009211783022118383 0.07876163253910799 1.002715442498895
1 0.002594849802 0.448 -0.4180411964513888 -0.0009181891343597162 0.07868881774060393 1.002694386474306
1 0.002594849802 0.449 -0.417989322636533 -0.0009159523367189482 0.07861674390463784 1.002673508943857
1 0.002594849802 0.45 -0.417937554113949 -0.0009144666481869097 0.07854540260314949 1.002652808375216
1 0.002594849802 0.451 -0.4178858484062103 -0.0009137307958686291 0.07847478541085628 1.002632283242365
1 0.002594849802 0.452 -0.417834163157854 -0.0009137434653679508 0.07840488391286614 1.002611932041438
1 0.002594849802 0.453 -0.4177824560485932 -0.0009145033307391078 0.07833568969735484 1.002591753274712
1 0.002594849802 0.454 -0.4177306848488557 -0.0009160090366268789 0.07826719436047481 1.002571745460093
1 0.002594849802 0.455 -0.4176788074220331 -0.0009182591985660575 0.07819938950672976 1.002551907130897
1 0.002594849802 0.456 -0.4176267816682216 -0.000921252420745273 0.07813226674394587 1.00253223682644
1 0.002594849802 0.457 -0.4175745656209977 -0.0009249872673858797 0.07806581769225743 1.002512733107091
1 0.002594849802 0.458 -0.4175221173523209 -0.0009294622915760501 0.07800003397540044 1.002493394539058
1 0.002594849802 0.459 -0.4174693950330311 -0.0009346760180452588 0.07793490722644644 1.002474219703408
1 0.002594849802 0.46 -0.4174163569350196 -0.0009406269434262884 0.07787042908816259 1.002455207195862
1 0.002594849802 0.461 -0.4173629613700345 -0.0009473135533967338 0.07780659120716255 1.002436355617846
1 0.002594849802 0.462 -0.417309166794415 -0.00095473429500895 0.07774338524421143 1.002417663590811
1 0.002594849802 0.463 -0.4172549317059791 -0.0009628876045458443 0.07768080286418896 1.002399129741768
1 0.002594849802 0.464 -0.417200214709314 -0.0009717718908488198 0.07761883574261591 1.00238075271186
1 0.002594849802 0.465 -0.4171449745178769 -0.0009813855355454506 0.07755747556599964 1.002362531156181
1 0.002594849802 0.466 -0.4170891698880317 -0.0009917269096485228 0.07749671402519706 1.002344463735254
1 0.002594849802 0.467 -0.417032759731489 -0.001002794346711767 0.07743654282698578 1.002326549128666
1 0.002594849802 0.468 -0.4169757030044387 -0.001014586169834875 0.07737695368275012 1.002308786021296
1 0.002594849802 0.469 -0.4169179587774864 -0.001027100675470744 0.07731793831576772 1.002291173111485
1 0.002594849802 0.47 -0.4168594862376941 -0.00104033613362163 0.07725948846154089 1.002273709110859
1 0.002594849802 0.471 -0.4168002446179906 -0.001054290803968991 0.0772015958604038 1.002256392736215
1 0.002594849802 0.472 -0.4167401933171002 -0.001068962909739977 0.07714425227030723 1.002239222722518
1 0.002594849802 0.473 -0.4166792917811442 -0.001084350663978729 0.07708744945428021 1.002222197809771
1 0.002594849802 0.474 -0.4166174995780977 -0.001100452253764796 0.0770311791884452 1.002205316750812
1 0.002594849802 0.475 -0.4165547763997783 -0.001117265840380317 0.07697543326233511 1.002188578311138
1 0.002594849802 0.476 -0.4164910819867532 -0.001134789575037969 0.07692020347077684 1.00217198126118
1 0.002594849802 0.477 -0.4164263762555717 -0.001153021573352472 0.07686548162783804 1.002155524388689
1 0.002594849802 0.478 -0.4163606191730265 -0.001171959940985757 0.07681125955311603 1.002139206486226
1 0.002594849802 0.479 -0.4162937708350238 -0.00119160275821391 0.07675752908045048 1.002123026358586
1 0.002594849802 0.48 -0.4162257914685289 -0.001211948080067688 0.07670428205822681 1.002106982822648
1 0.002594849802 0.481 -0.4161566413520736 -0.001232993951720493 0.07665151034056662 1.002091074699995
1 0.002594849802 0.482 -0.4160862809501355 -0.001254738383467576 0.07659920580238667 1.002075300828737
1 0.002594849802 0.483 -0.4160146707802227 -0.001277179375844064 0.07654736032456547 1.002059660051575
1 0.002594849802 0.484 -0.4159417714960666 -0.001300314904482771 0.07649596580332327 1.00204415122289
1 0.002594849802 0.485 -0.415867543889531 -0.001324142920230171 0.07644501415051233 1.002028773208596
1 0.002594849802 0.486 -0.4157919488068083 -0.001348661364251365 0.0763944972841443 1.0020135248791
1 0.002594849802 0.487 -0.4157149472898153 -0.001373868143427426 0.07634440714451309 1.00199840512059
1 0.002594849802 0.488 -0.4156365004362368 -0.001399761155037393 0.0762947356782879 1.001983412823641
1 0.002594849802 0.489 -0.4155565694869657 -0.001426338271853868 0.07624547484853136 1.001968546889981
1 0.002594849802 0.49 -0.415475115827984 -0.001453597342236402 0.07619661663497754 1.001953806232358
1 0.002594849802 0.491 -0.4153921009023192 -0.001481536205005906 0.07614815302392461 1.001939189767815
1 0.002594849802 0.492 -0.4153074863583501 -0.001510152665177685 0.07610007602537612 1.001924696428471
1 0.002594849802 0.493 -0.4152212339029205 -0.001539444518291278 0.07605237765610628 1.001910325150639
1 0.002594849802 0.494 -0.4151333053929679 -0.001569409535694994 0.07600504995028941 1.001896074881295
1 0.002594849802 0.495 -0.41504366283738 -0.001600045464618506 0.07595808495976569 1.001881944577948
1 0.002594849802 0.496 -0.4149522683047718 -0.001631350042864992 0.07591147474332695 1.001867933202212
1 0.002594849802 0.497 -0.4148590840786159 -0.00166332097480401 0.07586521138483229 1.001854039730119
1 0.002594849802 0.498 -0.414764072503516 -0.001695955955426348 0.07581928697529018 1.00184026314171
1 0.002594849802 0.499 -0.414667196080976 -0.001729252655772584 0.07577369362407269 1.001826602427227
1 0.002594849802 0.5 -0.4145684174712383 -0.00176320872298658 0.07572842345917004 1.001813056586984
1 0.002594849802 0.501 -0.4144676993969268 -0.001797821794869725 0.07568346861589517 1.001799624625226
1 0.002594849802 0.502 -0.4143650048049386 -0.001833089476063976 0.0756388212559327 1.001786305559991
1 0.002594849802 0.503 -0.4142602967059434 -0.001869009361902648 0.07559447354847942 1.001773098413154
1 0.002594849802 0.504 -0.4141535382742598 -0.001905579023941737 0.07555041768201874 1.001760002216351
1 0.002594849802 0.505 -0.4140446928496804 -0.001942796009995919 0.07550664586456511 1.001747016010862
1 0.002594849802 0.506 -0.4139337238370129 -0.001980657858595605 0.07546315031181107 1.001734138841724
1 0.002594849802 0.507 -0.4138205948746888 -0.002019162075296308 0.07541992326707161 1.001721369767184
1 0.002594849802 0.508 -0.4137052696675383 -0.002058306156390378 0.07537695698152173 1.001708707849161
1 0.002594849802 0.509 -0.4135877120907485 -0.00209808757450335 0.07533424372650863 1.001696152158919
1 0.002594849802 0.51 -0.4134678861916812 -0.002138503778613914 0.07529177579378613 1.001683701776961
1 0.002594849802 0.511 -0.4133457560853335 -0.002179552208451107 0.0752495454831275 1.001671355787386
1 0.002594849802 0.512 -0.4132212861296365 -0.002221230270871596 0.0752075451231291 1.001659113286947
1 0.002594849802 0.513 -0.4130944407515371 -0.002263535363491876 0.07516576705058149 1.001646973375915
1 0.002594849802 0.514 -0.4129651845550233 -0.002306464860315128 0.07512420362329794 1.001634935163513
1 0.002594849802 0.515 -0.41283348232294 -0.002350016111736614 0.07508284722034006 1.001622997767816
1 0.002594849802 0.516 -0.4126992989083808 -0.002394186458915013 0.07504169022911683 1.001611160310347
1 0.002594849802 0.517 -0.4125625994166658 -0.002438973210164481 0.07500072506701509 1.001599421924755
1 0.002594849802 0.518 -0.4124233490247434 -0.002484373664561509 0.07495994415993726 1.001587781748059
1 0.002594849802 0.519 -0.4122815130932805 -0.002530385097570962 0.07491933995562708 1.001576238925861
1 0.002594849802 0.52 -0.4121370571684788 -0.002577004761038239 0.07487890492388699 1.001564792612248
1 0.002594849802 0.521 -0.4119899468694018 -0.00262422989756568 0.07483863154318275 1.001553441964611
1 0.002594849802 0.522 -0.4118401480766333 -0.002672057716871251 0.07479851232307058 1.001542186151968
1 0.002594849802 0.523 -0.4116876267450001 -0.002720485419419228 0.07475853978193223 1.001531024346568
1 0.002594849802 0.524 -0.4115323490197314 -0.00276951018201706 0.07471870646078024 1.001519955728894
1 0.002594849802 0.525 -0.4113742812382784 -0.002819129157795621 0.07467900492346785 1.001508979487561
1 0.002594849802 0.526 -0.4112133898135719 -0.002869339490618608 0.0746394277428165 1.001498094814356
1 0.002594849802 0.527 -0.4110496414293768 -0.002920138291364495 0.07459996752381273 1.001487300912216
1 0.002594849802 0.528 -0.4108830028463225 -0.002971522661625389 0.07456061688056827 1.001476596987183
1 0.002594849802 0.529 -0.4107134410221436 -0.00302348967924924 0.07452136845058872 1.001465982253188
1 0.002594849802 0.53 -0.4105409231135063 -0.00307603639830946 0.074482214894977 1.001455455931974
1 0.002594849802 0.531 -0.4103654163551828 -0.003129159863572362 0.07444314888409917 1.001445017248321
1 0.002594849802 0.532 -0.4101868882621298 -0.003182857086663679 0.07440416312152719 1.001434665437712
1 0.002594849802 0.533 -0.4100053064288017 -0.003237125069875232 0.0743652503202484 1.001424399738603
1 0.002594849802 0.534 -0.4098206386534903 -0.003291960791629845 0.07432640321738393 1.00141421939703
1 0.002594849802 0.535 -0.4096328529401621 -0.003347361206441538 0.07428761457438599 1.001404123666518
1 0.002594849802 0.536 -0.4094419173735292 -0.003403323259463285 0.07424887716225638 1.001394111803513
1 0.002594849802 0.537 -0.4092478003278895 -0.003459843862503882 0.07421018378621341 1.00138418307473
1 0.002594849802 0.538 -0.4090504702596867 -0.003516919917977567 0.07417152726117295 1.001374336749741
1 0.002594849802 0.539 -0.4088498958359751 -0.003574548304271672 0.07413290042690382 1.001364572105391
1 0.002594849802 0.54 -0.4086460459362687 -0.003632725875698583 0.07409429614822015 1.001354888425718
1 0.002594849802 0.541 -0.4084388895234838 -0.003691449477143403 0.07405570729976427 1.001345284997562
1 0.002594849802 0.542 -0.4082283958595878 -0.003750715919901306 0.07401712679137962 1.001335761117625
1 0.002594849802 0.543 -0.4080145342913605 -0.003810522005800852 0.0739785475428822 1.00132631608535
1 0.002594849802 0.544 -0.4077972743830147 -0.003870864512457061 0.07393996249964252 1.001316949207166
1 0.002594849802 0.545 -0.4075765859180581 -0.003931740193216298 0.07390136463277343 1.001307659796407
1 0.002594849802 0.546 -0.4073524387660787 -0.003993145791920778 0.07386274692348814 1.001298447169099
1 0.002594849802 0.547 -0.4071248031052548 -0.004055078018540823 0.07382410238916309 1.001289310650738
1 0.002594849802 0.548 -0.4068936492012664 -0.004117533573498334 0.07378542405741656 1.001280249569456
1 0.002594849802 0.549 -0.406658947544104 -0.004180509132790526 0.07374670498210752 1.00127126326009
1 0.002594849802 0.55 -0.406420668849948 -0.004244001347928874 0.07370793824352011 1.001262351064113
1 0.002594849802 0.551 -0.4061787839237586 -0.004308006860834851 0.07366911693230542 1.001253512325583
1 0.002594849802 0.552 -0.4059332638887106 -0.004372522279245637 0.07363023417622139 1.001244746397653
1 0.002594849802 0.553 -0.4056840799581938 -0.004437544201260035 0.07359128311353177 1.001236052636011
1 0.002594849802 0.554 -0.4054312035768489 -0.004503069200320638 0.07355225690941507 1.001227430402783
1 0.002594849802 0.555 -0.4051746064224654 -0.004569093825147918 0.0735131487561458 1.001218879066472
1 0.002594849802 0.556 -0.404914260264338 -0.004635614614779105 0.07347395185662763 1.001210397998065
1 0.002594849802 0.5570000000000001 -0.4046501371996919 -0.004702628073729931 0.07343465945179943 1.001201986577287
1 0.002594849802 0.5580000000000001 -0.4043822094187069 -0.004770130696781245 0.07339526479336603 1.001193644186296
1 0.002594849802 0.5590000000000001 -0.4041104493498223 -0.004838118953809776 0.07335576116061096 1.00118537021344
1 0.002594849802 0.5600000000000001 -0.4038348296616541 -0.004906589289718455 0.07331614186057546 1.001177164053191
1 0.002594849802 0.5610000000000001 -0.403555323117076 -0.004975538139627911 0.07327640021118839 1.001169025102408
1 0.002594849802 0.5620000000000001 -0.4032719028167067 -0.005044961903780761 0.07323652956933056 1.001160952766348
1 0.002594849802 0.5630000000000001 -0.4029845419568867 -0.005114856972583216 0.0731965233029058 1.001152946452604
1 0.002594849802 0.5640000000000001 -0.402693213979297 -0.005185219711277006 0.073156374808053 1.001145005574719
1 0.002594849802 0.5650000000000001 -0.4023978925728957 -0.005256046459866989 0.0731160775093234 1.001137129552121
1 0.002594849802 0.5660000000000001 -0.4020985515236799 -0.005327333548472338 0.07307562484241187 1.00112931780653
1 0.002594849802 0.5670000000000001 -0.401795164965309 -0.005399077271963798 0.07303501028287332 1.001121569767737
1 0.002594849802 0.5680000000000001 -0.4014877071299611 -0.005471273915270651 0.07299422731754066 1.00111388486778
1 0.002594849802 0.5690000000000001 -0.4011761525023105 -0.005543919737888721 0.07295326946213272 1.001106262544412
1 0.002594849802 0.5700000000000001 -0.4008604758214843 -0.005617010973806286 0.07291213026143085 1.001098702241043
1 0.002594849802 0.5710000000000001 -0.4005406519264599 -0.005690543847019741 0.07287080327161399 1.001091203403287
1 0.002594849802 0.5720000000000001 -0.4002166560139004 -0.00576451454589795 0.0728292820896239 1.001083765484515
1 0.002594849802 0.5730000000000001 -0.3998884633818146 -0.005838919248761212 0.07278756032393374 1.001076387940254
1 0.002594849802 0.5740000000000001 -0.3995560495879393 -0.005913754108222502 0.07274563161255054 1.001069070231527
1 0.002594849802 0.5750000000000001 -0.3992193904517179 -0.005989015251112696 0.07270348962319104 1.001061811824793
1 0.002594849802 0.5760000000000001 -0.3988784618952859 -0.006064698794163208 0.0726611280352228 1.001054612188629
1 0.002594849802 0.577 -0.3985332402085947 -0.006140800818095257 0.07261854056967611 1.001047470799067
1 0.002594849802 0.578 -0.398183701785799 -0.006217317393473796 0.07257572095936562 1.001040387134213
1 0.002594849802 0.579 -0.3978298232880921 -0.006294244564881323 0.07253266296728642 1.001033360677453
1 0.002594849802 0.58 -0.3974715816457047 -0.006371578350843424 0.07248936038678983 1.001026390917399
1 0.002594849802 0.581 -0.3971089538944311 -0.006449314759678687 0.07244580702313097 1.001019477344699
1 0.002594849802 0.582 -0.3967419174481212 -0.006527449763314286 0.07240199672412746 1.001012619457163
1 0.002594849802 0.583 -0.396370449827716 -0.006605979323414145 0.07235792334963442 1.001005816754599
1 0.002594849802 0.584 -0.3959945288285823 -0.006684899375386967 0.07231358079033449 1.000999068741887
1 0.002594849802 0.585 -0.3956141325225331 -0.006764205828312969 0.0722689629679141 1.00099237492893
1 0.002594849802 0.586 -0.3952292390898472 -0.006843894580959252 0.07222406381621692 1.000985734827589
1 0.002594849802 0.587 -0.3948398270992047 -0.006923961495326557 0.07217887731255108 1.000979147956607
1 0.002594849802 0.588 -0.3944458752292953 -0.007004402423047546 0.07213339744651619 1.000972613836647
1 0.002594849802 0.589 -0.3940473624406978 -0.007085213189232625 0.0720876182391887 1.000966131993249
1 0.002594849802 0.59 -0.3936442679779225 -0.007166389592398852 0.07204153374329887 1.000959701956779
1 0.002594849802 0.591 -0.3932365711968764 -0.007247927420646783 0.07199513802398881 1.000953323259483
1 0.002594849802 0.592 -0.3928242518523193 -0.007329822424946692 0.07194842519077144 1.000946995440225
1 0.002594849802 0.593 -0.3924072898119671 -0.007412070345799372 0.07190138936570645 1.000940718039711
1 0.002594849802 0.594 -0.3919856652329636 -0.007494666896925463 0.07185402470298335 1.000934490603335
1 0.002594849802 0.595 -0.3915593585639416 -0.007577607765197391 0.07180632538909958 1.000928312681128
1 0.002594849802 0.596 -0.3911283503678915 -0.007660888626971767 0.07175828562322056 1.00092218382493
1 0.002594849802 0.597 -0.3906926216172078 -0.007744505121126571 0.07170989964979523 1.00091610359294
1 0.002594849802 0.598 -0.3902521534002166 -0.007828452875973623 0.07166116172607638 1.000910071545125
1 0.002594849802 0.599 -0.389806927102281 -0.007912727492799074 0.07161206614210457 1.00090408724596
1 0.002594849802 0.6 -0.3893569244078819 -0.007997324545799241 0.07156260722088773 1.000898150264374
1 0.002594849802 0.601 -0.3889021271188452 -0.008082239598560619 0.07151277929836 1.000892260171034
1 0.002594849802 0.602 -0.3884425174570488 -0.008167468176862749 0.0714625767566595 1.000886416542718
1 0.002594849802 0.603 -0.3879780777633031 -0.008253005795828302 0.07141199399098788 1.000880618957905
1 0.002594849802 0.604 -0.3875087906831332 -0.008338847943324276 0.07136102542999832 1.000874866999402
1 0.002594849802 0.605 -0.3870346391688758 -0.008424990079902606 0.07130966553597723 1.000869160254298
1 0.002594849802 0.606 -0.3865556062932266 -0.008511427655417911 0.07125790878439794 1.000863498311351
1 0.002594849802 0.607 -0.3860716755596698 -0.008598156081613868 0.07120574969786762 1.00085788076519
1 0.002594849802 0.608 -0.3855828305936487 -0.00868517075949371 0.0711531828123191 1.000852307212079
1 0.002594849802 0.609 -0.3850890553330606 -0.008772467062593598 0.07110020269780774 1.000846777252439
1 0.002594849802 0.61 -0.38459033403037 -0.008860040336928767 0.07104680395869507 1.000841290490806
1 0.002594849802 0.611 -0.3840866510614373 -0.008947885917737363 0.07099298121279313 1.000835846533319
1 0.002594849802 0.612 -0.3835779912437307 -0.009035999101871054 0.07093872912598793 1.000830444991758
1 0.002594849802 0.613 -0.3830643395197262 -0.009124375175365823 0.07088404237775651 1.000825085479471
1 0.002594849802 0.614 -0.3825456811521499 -0.009213009396600679 0.07082891568237697 1.000819767613802
1 0.002594849802 0.615 -0.3820220017261058 -0.009301896996250151 0.07077334378911442 1.000814491016046
1 0.002594849802 0.616 -0.3814932869531522 -0.009391033194140749 0.07071732146095124 1.000809255309039
1 0.002594849802 0.617 -0.3809595229973478 -0.009480413171469432 0.07066084350989525 1.000804060121033
1 0.002594849802 0.618 -0.3804206961508279 -0.009570032098551649 0.07060390476181364 1.000798905081789
1 0.002594849802 0.619 -0.3798767930338242 -0.009659885117880322 0.07054650007806168 1.000793789824903
1 0.002594849802 0.62 -0.3793278005968055 -0.009749967344085456 0.07048862435567077 1.000788713987769
1 0.002594849802 0.621 -0.3787737059197722 -0.009840273880888021 0.07043027250565968 1.000783677209257
1 0.002594849802 0.622 -0.3782144965461813 -0.009930799793172679 0.07037143948903588 1.000778679133441
1 0.002594849802 0.623 -0.3776501601506518 -0.01002154013488723 0.07031212028093799 1.000773719405843
1 0.002594849802 0.624 -0.3770806847437893 -0.01011248993201849 0.07025230989268828 1.000768797675668
1 0.002594849802 0.625 -0.3765060586743362 -0.0102036441825597 0.07019200337198304 1.000763913595768
1 0.002594849802 0.626 -0.3759262704236595 -0.01029499787354502 0.07013119578077938 1.000759066820411
1 0.002594849802 0.627 -0.3753413089475918 -0.01038654595300554 0.07006988223199852 1.000754257008864
1 0.002594849802 0.628 -0.3747511633362278 -0.01047828335799166 0.07000805785296814 1.000749483821781
1 0.002594849802 0.629 -0.3741558230235734 -0.01057020499748402 0.06994571780790376 1.000744746923357
1 0.002594849802 0.63 -0.3735552777897039 -0.01066230575236934 0.06988285729810183 1.000740045981281
1 0.002594849802 0.631 -0.3729495175504245 -0.01075458049253729 0.06981947153939627 1.000735380664608
1 0.002594849802 0.632 -0.3723385327070565 -0.01084702404875116 0.0697555557995729 1.000730750647189
1 0.002594849802 0.633 -0.3717223137982937 -0.01093963124076222 0.06969110536110271 1.000726155604207
1 0.002594849802 0.634 -0.3711008517146922 -0.01103239686017538 0.06962611554405758 1.000721595214242
1 0.002594849802 0.635 -0.3704741377008337 -0.01112531567043418 0.06956058170630559 1.00071706915923
1 0.002594849802 0.636 -0.3698421631401444 -0.01121838242395996 0.06949449922053279 1.000712577122417
1 0.002594849802 0.637 -0.3692049199126448 -0.01131159183397134 0.06942786351237665 1.000708118791653
1 0.002594849802 0.638 -0.368562400038846 -0.01140493860265703 0.06936067002244187 1.000703693856063
1 0.002594849802 0.639 -0.3679145958990884 -0.01149841740401727 0.06929291422965567 1.000699302008037
1 0.002594849802 0.64 -0.3672615002357094 -0.01159202288385868 0.0692245916514653 1.000694942943181
1 0.002594849802 0.641 -0.36660310593301 -0.01168574967695444 0.0691556978204195 1.000690616358362
1 0.002594849802 0.642 -0.3659394063829789 -0.0117795923788487 0.06908622832302969 1.000686321954859
1 0.002594849802 0.643 -0.3652703951212155 -0.01187354557405214 0.06901617876105968 1.000682059435181
1 0.002594849802 0.644 -0.3645960660511234 -0.01196760381888171 0.06894554477532552 1.000677828504963
1 0.002594849802 0.645 -0.3639164134460779 -0.01206176164146587 0.06887432204589508 1.000673628872933
1 0.002594849802 0.646 -0.363231431724538 -0.01215601355890313 0.06880250626822434 1.000669460249019
1 0.002594849802 0.647 -0.3625411158237439 -0.01225035404908983 0.06873009319275394 1.000665322347391
1 0.002594849802 0.648 -0.3618454608276658 -0.0123447775789004 0.06865707858546513 1.000661214883392
1 0.002594849802 0.649 -0.3611444621960491 -0.0124392785870493 0.06858345825212844 1.000657137575368
1 0.002594849802 0.65 -0.3604381157665775 -0.01253385148410712 0.06850922803850541 1.000653090144626
1 0.002594849802 0.651 -0.3597264175251368 -0.01262849066963355 0.06843438380603513 1.000649072313632
1 0.002594849802 0.652 -0.3590093639874713 -0.012723190504069 0.06835892147217298 1.000645083808911
1 0.002594849802 0.653 -0.358286951819169 -0.01281794533685953 0.0682828369702058 1.000641124358121
1 0.002594849802 0.654 -0.3575591780695487 -0.01291274948936593 0.06820612627395356 1.000637193691794
1 0.002594849802 0.655 -0.3568260401738167 -0.01300759725489136 0.06812878539797271 1.000633291543304
1 0.002594849802 0.656 -0.3560875357184909 -0.01310248291576338 0.06805081037278915 1.000629417647136
1 0.002594849802 0.657 -0.3553436628309934 -0.01319740071533195 0.06797219728598519 1.000625571741667
1 0.002594849802 0.658 -0.3545944197916946 -0.01329234488599701 0.06789294224126768 1.000621753566358
1 0.002594849802 0.659 -0.3538398052726232 -0.01338730963219079 0.06781304138362611 1.000617962863428
1 0.002594849802 0.66 -0.353079818339614 -0.01348228913041755 0.06773249089953717 1.000614199377819
1 0.002594849802 0.661 -0.3523144582129111 -0.0135772775462584 0.06765128699174114 1.000610462855538
1 0.002594849802 0.662 -0.3515437246646601 -0.01367226900651983 0.06756942592108153 1.000606753046323
1 0.002594849802 0.663 -0.3507676176230433 -0.01376725762711998 0.06748690396482124 1.000603069700952
1 0.002594849802 0.664 -0.34998613741579 -0.01386223749617173 0.06740371744225983 1.000599412572843
1 0.002594849802 0.665 -0.3491992847723118 -0.01395720267403476 0.06731986271493892 1.000595781418028
1 0.002594849802 0.666 -0.3484070605795088 -0.01405214721021583 0.06723533616095928 1.000592175993555
1 0.002594849802 0.667 -0.3476094662871139 -0.01414706511571378 0.06715013421757679 1.000588596060051
1 0.002594849802 0.668 -0.3468065035039657 -0.01424195039071897 0.06706425333876286 1.000585041379137
1 0.002594849802 0.669 -0.3459981742462856 -0.01433679700782529 0.06697769002128248 1.000581511714967
1 0.002594849802 0.67 -0.3451844809397969 -0.01443159891209511 0.06689044080490038 1.000578006834194
1 0.002594849802 0.671 -0.3443654261707692 -0.0145263500378265 0.06680250224623684 1.000574526504449
1 0.002594849802 0.672 -0.3435410130991507 -0.01462104428114236 0.066713870962122 1.000571070496791
1 0.002594849802 0.673 -0.3427112450470395 -0.01471567552745568 0.0666245435863984 1.000567638583228
1 0.002594849802 0.674 -0.3418761257516862 -0.01481023763483979 0.06653451679646051 1.000564230538197
1 0.002594849802 0.675 -0.3410356593675939 -0.01490472443410664 0.06644378731346104 1.00056084613853
1 0.002594849802 0.676 -0.3401898502128412 -0.01499912974541147 0.06635235187570518 1.000557485161993
1 0.002594849802 0.677 -0.3393387031899286 -0.01509344735113529 0.06626020728276319 1.000554147389634
1 0.002594849802 0.678 -0.3384822233665186 -0.01518767102306702 0.0661673503515143 1.000550832603414
1 0.002594849802 0.679 -0.3376204162331176 -0.01528179450596227 0.06607377794314796 1.000547540587616
1 0.002594849802 0.68 -0.3367532877051507 -0.01537581151763528 0.06597948696336942 1.000544271128818
1 0.002594849802 0.681 -0.3358808438646155 -0.01546971576537075 0.06588447433533288 1.000541024014493
1 0.002594849802 0.6820000000000001 -0.3350030913885504 -0.01556350091915015 0.06578873704451056 1.000537799035256
1 0.002594849802 0.6830000000000001 -0.334120037122133 -0.01565716063850059 0.06569227209397968 1.000534595982594
1 0.002594849802 0.6840000000000001 -0.3332316883409815 -0.01575068855627307 0.06559507653188333 1.00053141465022
1 0.002594849802 0.6850000000000001 -0.3323380527532017 -0.01584407827874844 0.06549714745163521 1.000528254834043
1 0.002594849802 0.6860000000000001 -0.3314391382364296 -0.01593732340182531 0.06539848196439321 1.000525116330825
1 0.002594849802 0.6870000000000001 -0.3305349532738183 -0.01603041748464195 0.06529907724468111 1.00052199894034
1 0.002594849802 0.6880000000000001 -0.3296255065195947 -0.01612335407604036 0.06519893048492191 1.000518902463197
1 0.002594849802 0.6890000000000001 -0.3287108070659152 -0.01621612669859577 0.06509803892335575 1.000515826702131
1 0.002594849802 0.6900000000000001 -0.3277908644448799 -0.01630872884873695 0.0649963998442431 1.00051277146198
1 0.002594849802 0.6910000000000001 -0.3268656883610329 -0.0164011540126783 0.06489401054988167 1.000509736548403
1 0.002594849802 0.6920000000000001 -0.3259352891347468 -0.01649339564049038 0.06479086840697461 1.000506721769934
1 0.002594849802 0.6930000000000001 -0.3249996772603559 -0.01658544717212638 0.06468697080041598 1.00050372693591
1 0.002594849802 0.6940000000000001 -0.3240588636774889 -0.01667730202173535 0.06458231516166132 1.000500751857701
1 0.002594849802 0.6950000000000001 -0.3231128597730475 -0.01676895357779722 0.06447689896892864 1.000497796348691
1 0.002594849802 0.6960000000000001 -0.3221616771092401 -0.01686039521876639 0.06437071971876322 1.000494860223045
1 0.002594849802 0.6970000000000001 -0.3212053278742306 -0.01695162028764506 0.0642637749731436 1.000491943297683
1 0.002594849802 0.6980000000000001 -0.3202438244329784 -0.01704262211751826 0.06415606231252716 1.000489045390289
1 0.002594849802 0.6990000000000001 -0.3192771796029643 -0.01713339401618379 0.06404757936466782 1.000486166320494
1 0.002594849802 0.7000000000000001 -0.3183054066561281 -0.01722392926630236 0.06393832380481382 1.000483305909854
1 0.002594849802 0.7010000000000001 -0.317328519042523 -0.01731422114071945 0.06382829332682673 1.000480463980674
1 0.002594849802 0.7020000000000001 -0.3163465308480781 -0.01740426287759652 0.06371748569101345 1.00047764035789
1 0.002594849802 0.7030000000000001 -0.3153594563382923 -0.01749404770539953 0.06360589867644323 1.000474834867172
1 0.002594849802 0.704 -0.3143673102382585 -0.01758356882787967 0.06349353011020453 1.000472047336051
1 0.002594849802 0.705 -0.3133701077345565 -0.01767281942423858 0.06338037786759901 1.000469277593896
1 0.002594849802 0.706 -0.3123678641946236 -0.01776179266409476 0.06326643984282254 1.000466525470795
1 0.002594849802 0.707 -0.3113605956314652 -0.0178504816832286 0.06315171399750887 1.00046379079935
1 0.002594849802 0.708 -0.310348318240365 -0.01793887960796879 0.06303619831233163 1.000461073412866
1 0.002594849802 0.709 -0.3093310486831034 -0.01802697954055784 0.06291989081669132 1.000458373146424
1 0.002594849802 0.71 -0.3083088040898017 -0.01811477455933266 0.06280278958890444 1.000455689836865
1 0.002594849802 0.711 -0.3072816017741137 -0.01820225773330129 0.06268489272645614 1.000453023321715
1 0.002594849802 0.712 -0.3062494597047035 -0.01828942209855856 0.06256619839523814 1.000450373440906
1 0.002594849802 0.713 -0.3052123960351492 -0.01837626068201361 0.06244670478045261 1.000447740035036
1 0.002594849802 0.714 -0.3041704293922433 -0.01846276648717498 0.06232641011671774 1.000445122946406
1 0.002594849802 0.715 -0.3031235788777823 -0.01854893249434688 0.06220531268825141 1.000442522018996
1 0.002594849802 0.716 -0.3020718637796956 -0.01863475167478127 0.06208341079870693 1.000439937097442
1 0.002594849802 0.717 -0.3010153040500918 -0.01872021696782177 0.06196070282108432 1.000437368028675
1 0.002594849802 0.718 -0.2999539198285515 -0.01880532130391487 0.06183718714795629 1.000434814660268
1 0.002594849802 0.719 -0.298887731734384 -0.01889005759084981 0.06171286222197901 1.000432276841418
1 0.002594849802 0.72 -0.2978167608683608 -0.01897441871397062 0.06158772653606941 1.000429754422925
1 0.002594849802 0.721 -0.2967410285199041 -0.01905839754986838 0.06146177860283752 1.000427247256216
1 0.002594849802 0.722 -0.2956605566514889 -0.01914198694431159 0.06133501700514701 1.000424755194914
1 0.002594849802 0.723 -0.2945753674155353 -0.019225179734483 0.0612074403456866 1.000422278093249
1 0.002594849802 0.724 -0.2934854834504886 -0.01930796873570975 0.06107904727787074 1.000419815807006
1 0.002594849802 0.725 -0.2923909278824903 -0.01939034674169142 0.06094983650600932 1.0004173681935
1 0.002594849802 0.726 -0.2912917240287634 -0.01947230653769687 0.06081980675435261 1.000414935110646
1 0.002594849802 0.727 -0.2901878958881384 -0.01955384087933974 0.06068895681827293 1.000412516418454
1 0.002594849802 0.728 -0.2890794676517729 -0.01963494251398233 0.06055728551320883 1.000410111977514
1 0.002594849802 0.729 -0.2879664640029106 -0.01971560416799192 0.06042479170593773 1.000407721649902
1 0.002594849802 0.73 -0.2868489101184863 -0.0197958185469848 0.06029147431473703 1.000405345299154
1 0.002594849802 0.731 -0.2857268313688526 -0.01987557834849195 0.06015733227805992 1.000402982789378
1 0.002594849802 0.732 -0.2846002538141826 -0.0199548762416388 0.06002236460630602 1.000400633986683
1 0.002594849802 0.733 -0.28346920370926 -0.02003370488765708 0.05988657033016963 1.000398298757732
1 0.002594849802 0.734 -0.2823337078067645 -0.02011205692770337 0.05974994853226396 1.000395976970605
1 0.002594849802 0.735 -0.2811937933588051 -0.0201899249831194 0.05961249834727258 1.000393668494778
1 0.002594849802 0.736 -0.2800494878131439 -0.02026730166753013 0.05947421893027668 1.000391373200271
1 0.002594849802 0.737 -0.2789008193152114 -0.02034417956748771 0.0593351095090786 1.000389090959012
1 0.002594849802 0.738 -0.2777478162072276 -0.02042055126203151 0.05919516933198932 1.000386821643464
1 0.002594849802 0.739 -0.2765905073348502 -0.0204964093111054 0.05905439769978158 1.000384565127436
1 0.002594849802 0.74 -0.2754289220486308 -0.02057174625583429 0.05891279396583035 1.000382321286072
1 0.002594849802 0.741 -0.2742630898969017 -0.02064655463001842 0.05877035750411481 1.000380089995033
1 0.002594849802 0.742 -0.2730930411331231 -0.02072082694180125 0.05862708776205425 1.000377871131804
1 0.002594849802 0.743 -0.2719188062096128 -0.02079455569221792 0.05848298420777447 1.000375664574377
1 0.002594849802 0.744 -0.2707404160873815 -0.02086773336424778 0.05833804636236409 1.000373470202031
1 0.002594849802 0.745 -0.2695579022375088 -0.02094035242310729 0.05819227380000291 1.000371287895315
1 0.002594849802 0.746 -0.2683712963308689 -0.02101240532710381 0.05804566611566453 1.000369117535276
1 0.002594849802 0.747 -0.2671806307505097 -0.02108388451038778 0.05789822297841949 1.000366959004698
1 0.002594849802 0.748 -0.2659859380802885 -0.02115478240042945 0.05774994407822476 1.000364812186847
1 0.002594849802 0.749 -0.264787251417707 -0.02122509140774322 0.0576008291584548 1.000362676966221
1 0.002594849802 0.75 -0.2635846043752046 -0.02129480392619709 0.05745087801601645 1.000360553228526
1 0.002594849802 0.751 -0.262378030766907 -0.02136391234318921 0.05730009046878121 1.000358440859944
1 0.002594849802 0.752 -0.2611675651257249 -0.02143240902354477 0.05714846640930545 1.000356339748313
1 0.002594849802 0.753 -0.2599532421872038 -0.02150028632586053 0.05699600575119201 1.000354249781932
1 0.002594849802 0.754 -0.2587350972051675 -0.02156753659293796 0.05684270846186464 1.000352170850273
1 0.002594849802 0.755 -0.2575131659529201 -0.02163415215210917 0.05668857456266808 1.000350102843962
1 0.002594849802 0.756 -0.2562874844072176 -0.02170012532469934 0.05653360409606167 1.000348045654077
1 0.002594849802 0.757 -0.2550580892697514 -0.02176544841112909 0.05637779717970175 1.000345999173277
1 0.002594849802 0.758 -0.2538250174465425 -0.02183011370606606 0.05622115395242935 1.000343963294659
1 0.002594849802 0.759 -0.2525883063661868 -0.02189411348960389 0.05606367460725338 1.000341937912437
1 0.002594849802 0.76 -0.2513479939809623 -0.02195744002760457 0.05590535939143445 1.000339922921929
1 0.002594849802 0.761 -0.2501041184482293 -0.02202008558040991 0.05574620857347493 1.000337918218881
1 0.002594849802 0.762 -0.2488567186559506 -0.02208204238921007 0.05558622249750312 1.000335923700546
1 0.002594849802 0.763 -0.2476058336979757 -0.02214330268994148 0.0554254015289462 1.000333939264598
1 0.002594849802 0.764 -0.2463515031946713 -0.02220385870524865 0.0552637460876844 1.000331964809772
1 0.002594849802 0.765 -0.245093767293929 -0.02226370264484299 0.05510125664811715 1.000330000235857
1 0.002594849802 0.766 -0.2438326663502128 -0.0223228267134263 0.05493793370598775 1.000328045443048
1 0.002594849802 0.767 -0.2425682414537481 -0.02238122309838623 0.05477377783300338 1.00032610033298
1 0.002594849802 0.768 -0.2413005339020594 -0.02243888398237986 0.05460878962225822 1.000324164807685
1 0.002594849802 0.769 -0.2400295855227597 -0.02249580153611525 0.05444296972151724 1.000322238770211
1 0.002594849802 0.77 -0.2387554386744539 -0.02255196791872682 0.05427631883326297 1.000320322124606
1 0.002594849802 0.771 -0.2374781359236615 -0.02260737528487373 0.05410883768139679 1.000318414775308
1 0.002594849802 0.772 -0.2361977205772902 -0.02266201577382333 0.05394052706602293 1.000316516628125
1 0.002594849802 0.773 -0.2349142361508088 -0.0227158815206593 0.0537713878086922 1.000314627589246
1 0.002594849802 0.774 -0.2336277266929563 -0.02276896464992013 0.05360142078577061 1.000312747565824
1 0.002594849802 0.775 -0.2323382367865385 -0.02282125727599107 0.05343062692846522 1.00031087646597
1 0.002594849802 0.776 -0.2310458112234627 -0.02287275150934034 0.0532590071894472 1.000309014198163
1 0.002594849802 0.777 -0.2297504955400961 -0.02292343944705135 0.05308656259772215 1.00030716067219
1 0.002594849802 0.778 -0.2284523354824703 -0.02297331318259467 0.05291329420377094 1.000305315798197
1 0.002594849802 0.779 -0.2271513773326641 -0.02302236480036042 0.0527392031129546 1.000303479487254
1 0.002594849802 0.78 -0.2258476679094863 -0.02307058637606682 0.05256429048551738 1.000301651651338
1 0.002594849802 0.781 -0.224541254241874 -0.02311796998209707 0.05238855750318094 1.000299832202782
1 0.002594849802 0.782 -0.2232321841067159 -0.02316450767954143 0.05221200542401661 1.00029802105516
1 0.002594849802 0.783 -0.2219205054915032 -0.02321019152647194 0.05203463552756638 1.000296218122394
1 0.002594849802 0.784 -0.2206062669221286 -0.02325501357340586 0.05185644914823132 1.00029442331928
1 0.002594849802 0.785 -0.2192895174634511 -0.02329896586373084 0.05167744767525013 1.000292636561483
1 0.002594849802 0.786 -0.2179703063913156 -0.02334204043810535 0.05149763251931769 1.000290857765004
1 0.002594849802 0.787 -0.2166486837324073 -0.02338422932807155 0.0513170051673682 1.00028908684703
1 0.002594849802 0.788 -0.2153246997247806 -0.02342552456277181 0.05113556712776594 1.000287323725074
1 0.002594849802 0.789 -0.2139984051468054 -0.02346591816538041 0.05095331996362051 1.000285568317487
1 0.002594849802 0.79 -0.2126698513176087 -0.02350540215354512 0.05077026529273897 1.000283820543445
1 0.002594849802 0.791 -0.2113390897679873 -0.02354396854281428 0.05058640475432598 1.000282080322445
1 0.002594849802 0.792 -0.2100061727818389 -0.0235816093418813 0.05040174006358013 1.000280347575113
1 0.002594849802 0.793 -0.2086711528550188 -0.02361831655768209 0.05021627295705067 1.000278622222386
1 0.002594849802 0.794 -0.2073340830251543 -0.02365408219283197 0.05003000522581868 1.000276904186001
1 0.002594849802 0.795 -0.205995016871959 -0.02368889824608388 0.04984293871542091 1.000275193388478
1 0.002594849802 0.796 -0.2046540081873182 -0.02372275671474492 0.04965507529269301 1.000273489752646
1 0.002594849802 0.797 -0.2033111115178275 -0.02375564959161331 0.04946641690007392 1.000271793202406
1 0.002594849802 0.798 -0.201966381622443 -0.02378756886839597 0.04927696550123228 1.000270103661959
1 0.002594849802 0.799 -0.200619873802875 -0.02381850653418768 0.04908672311404799 1.000268421056265
1 0.002594849802 0.8 -0.1992716439037701 -0.02384845457594587 0.04889569181050563 1.000266745311032
1 0.002594849802 0.801 -0.1979217479822603 -0.02387740497985951 0.04870387368374707 1.000265076352261
1 0.002594849802 0.802 -0.196570242851121 -0.02390534973003966 0.04851127090197111 1.000263414106976
1 0.002594849802 0.803 -0.1952171855357004 -0.02393228081019603 0.04831788565444067 1.000261758502486
1 0.002594849802 0.804 -0.1938626336045903 -0.02395819020319563 0.04812372018419467 1.000260109466824
1 0.002594849802 0.805 -0.1925066451696727 -0.02398306989155414 0.04792877678790885 1.000258466928733
1 0.002594849802 0.806 -0.1911492785554334 -0.02400691185772005 0.04773305778322857 1.000256830817238
1 0.002594849802 0.8070000000000001 -0.1897905928422357 -0.0240297080845797 0.04753656556214313 1.000255201062338
1 0.002594849802 0.8080000000000001 -0.1884306473230288 -0.024051450555332 0.04733930253749273 1.000253577594304
1 0.002594849802 0.8090000000000001 -0.1870695018339865 -0.02407213125416358 0.04714127117533554 1.000251960344094
1 0.002594849802 0.8100000000000001 -0.1857072167544122 -0.02409174216675683 0.0469424739947738 1.000250349243349
1 0.002594849802 0.8110000000000001 -0.1843438526761301 -0.02411027527945211 0.04674291353564246 1.000248744223972
1 0.002594849802 0.8120000000000001 -0.1829794709463527 -0.02412772258162844 0.04654259241122945 1.000247145218799
1 0.002594849802 0.8130000000000001 -0.1816141331246856 -0.02414407606371519 0.04634151325540942 1.000245552160922
1 0.002594849802 0.8140000000000001 -0.180247901313414 -0.02415932771902111 0.04613967875458597 1.00024396498409
1 0.002594849802 0.8150000000000001 -0.1788808381572611 -0.02417346954425893 0.04593709164748065 1.000242383622703
1 0.002594849802 0.8160000000000001 -0.1775130065131794 -0.02418649353754847 0.04573375469325842 1.000240808011409
1 0.002594849802 0.8170000000000001 -0.1761444699922721 -0.02419839170273431 0.04552967072345629 1.000239238085748
1 0.002594849802 0.8180000000000001 -0.1747752924176318 -0.0242091560454731 0.04532484258987952 1.000237673781502
1 0.002594849802 0.8190000000000001 -0.1734055381539413 -0.02421877857625386 0.04511927319603373 1.00023611503508
1 0.002594849802 0.8200000000000001 -0.1720352721070811 -0.02422725131093929 0.0449129654968743 1.000234561783513
1 0.002594849802 0.8210000000000001 -0.170664559394655 -0.02423456626757229 0.04470592246745472 1.000233013964068
1 0.002594849802 0.8220000000000001 -0.169293465886408 -0.02424071547269214 0.04449814715391747 1.000231471514861
1 0.002594849802 0.8230000000000001 -0.167922057663451 -0.02424569095543609 0.04428964262229712 1.000229934374241
1 0.002594849802 0.8240000000000001 -0.1665504013468354 -0.02424948475178833 0.0440804119893512 1.000228402481155
1 0.002594849802 0.8250000000000001 -0.1651785640970046 -0.02425208890513808 0.04387045842226785 1.000226875775142
1 0.002594849802 0.8260000000000001 -0.1638066132853959 -0.02425349546185208 0.04365978510792845 1.000225354195967
1 0.002594849802 0.8270000000000001 -0.162434617032783 -0.02425369647965106 0.04344839530280543 1.000223837684205
1 0.002594849802 0.8280000000000001 -0.1610626436704569 -0.02425268401966389 0.04323629228282559 1.000222326180654
1 0.002594849802 0.8290000000000001 -0.1596907620674195 -0.02425045015194286 0.04302347937350352 1.000220819626682
1 0.002594849802 0.8300000000000001 -0.1583190416296765 -0.02424698695603878 0.04280995994960464 1.000219317964222
1 0.002594849802 0.8310000000000001 -0.1569475519732693 -0.02424228651530158 0.04259573740511963 1.000217821135425
1 0.002594849802 0.8320000000000001 -0.15557636345995 -0.02423634092737948 0.04238081520190402 1.000216329083212
1 0.002594849802 0.833 -0.1542055466609067 -0.0242291422941633 0.04216519682076484 1.000214841750719
1 0.002594849802 0.834 -0.1528351726822133 -0.02422068272860633 0.0419488857907941 1.000213359081628
1 0.002594849802 0.835 -0.1514653131639575 -0.02421095435531641 0.04173188568898466 1.000211881020155
1 0.002594849802 0.836 -0.1500960399550691 -0.02419994930354664 0.04151420011101965 1.00021040751073
1 0.002594849802 0.837 -0.1487274256457179 -0.02418765971988007 0.04129583271847886 1.000208938498517
1 0.002594849802 0.838 -0.1473595430341885 -0.02417407775600154 0.04107678719132167 1.000207473928886
1 0.002594849802 0.839 -0.1459924654502129 -0.02415919557686038 0.04085706725631215 1.000206013747727
1 0.002594849802 0.84 -0.1446262667539277 -0.02414300536127982 0.04063667668658476 1.000204557901444
1 0.002594849802 0.841 -0.1432610210128754 -0.02412549929359922 0.04041561927335834 1.000203106336641
1 0.002594849802 0.842 -0.1418968030304975 -0.02410666957860795 0.0401938988715241 1.000201659000628
1 0.002594849802 0.843 -0.1405336878167829 -0.02408650842708131 0.0399715193537078 1.000200215840911
1 0.002594849802 0.844 -0.1391717509090974 -0.02406500806532495 0.0397484846376717 1.000198776805492
1 0.002594849802 0.845 -0.1378110683709655 -0.02404216073580174 0.0395247986858273 1.000197341842866
1 0.002594849802 0.846 -0.1364517164716319 -0.02401795868738675 0.03930046547798953 1.000195910901723
1 0.002594849802 0.847 -0.1350937722100036 -0.0239923941926147 0.03907548905515065 1.000194483931422
1 0.002594849802 0.848 -0.1337373127897147 -0.02396545953091561 0.03884987347531522 1.000193060881515
1 0.002594849802 0.849 -0.1323824159370548 -0.02393714699958052 0.03862362283975749 1.000191641702027
1 0.002594849802 0.85 -0.1310291598995722 -0.02390744891440607 0.03839674129247851 1.000190226343457
1 0.002594849802 0.851 -0.1296776231285916 -0.02387635759852264 0.03816923299412244 1.000188814756489
1 0.002594849802 0.852 -0.1283278847979439 -0.02384386540202092 0.03794110216373001 1.00018740689245
1 0.002594849802 0.853 -0.1269800242841047 -0.02380996468282208 0.03771235303655039 1.000186002702851
1 0.002594849802 0.854 -0.1256341214808162 -0.02377464781910482 0.03748298988902633 1.000184602139658
1 0.002594849802 0.855 -0.1242902567975053 -0.02373790720996809 0.03725301703819233 1.00018320515529
1 0.002594849802 0.856 -0.1229485108451671 -0.023699735262792 0.03702243881688227 1.000181811702345
1 0.002594849802 0.857 -0.1216089649492003 -0.02366012441531056 0.03679125961324445 1.000180421734039
1 0.002594849802 0.858 -0.1202717006352978 -0.02361906711404963 0.03655948383074597 1.000179035203762
1 0.002594849802 0.859 -0.1189367999403428 -0.02357655582825632 0.0363271159117507 1.000177652065345
1 0.002594849802 0.86 -0.1176043454106362 -0.0235325830505803 0.03609416033685554 1.000176272273052
1 0.002594849802 0.861 -0.1162744197915684 -0.02348714128292638 0.03586062160152498 1.000174895781318
1 0.002594849802 0.862 -0.1149471065338563 -0.02344022306104172 0.03562650425313881 1.000173522545176
1 0.002594849802 0.863 -0.1136224892858856 -0.02339182093045353 0.03539181285341552 1.000172152519823
1 0.002594849802 0.864 -0.112300652200449 -0.02334192746194289 0.03515655200044157 1.000170785660883
1 0.002594849802 0.865 -0.1109816799327786 -0.02329053525224497 0.03492072632794246 1.000169421924395
1 0.002594849802 0.866 -0.1096656573344373 -0.02323763690835122 0.03468434048348697 1.000168061266565
1 0.002594849802 0.867 -0.1083526699522376 -0.02318322507468126 0.03444739916282687 1.000166703644172
1 0.002594849802 0.868 -0.1070428035277516 -0.02312729240645056 0.03420990707497772 1.000165349014158
1 0.002594849802 0.869 -0.105736144299449 -0.02306983158673163 0.03397186896255039 1.00016399733387
1 0.002594849802 0.87 -0.104432779000529 -0.02301083532717389 0.03373328960095393 1.000162648561063
1 0.002594849802 0.871 -0.1031327945574756 -0.0229502963507121 0.03349417377831928 1.000161302653649
1 0.002594849802 0.872 -0.1018362785809172 -0.02288820742139511 0.03325452632687853 1.000159959570093
1 0.002594849802 0.873 -0.1005433188730415 -0.02282456131511182 0.03301435209095306 1.00015861926902
1 0.002594849802 0.874 -0.09925400372467791 -0.02275935083828414 0.03277365594543138 1.000157281709446
1 0.002594849802 0.875 -0.09796842191292278 -0.02269256882860708 0.03253244279490057 1.000155946850779
1 0.002594849802 0.876 -0.09668666240481651 -0.0226242081361189 0.03229071755544648 1.000154614652581
1 0.002594849802 0.877 -0.09540881483938191 -0.02255426165576118 0.03204848518280815 1.000153285074952
1 0.002594849802 0.878 -0.09413496904370063 -0.02248272229538909 0.03180575064353526 1.000151958078142
1 0.002594849802 0.879 -0.0928652153244731 -0.02240958299614199 0.03156251893144903 1.000150633622783
1 0.002594849802 0.88 -0.09159964446543102 -0.02233483673320438 0.03131879506669884 1.000149311669888
1 0.002594849802 0.881 -0.09033834743660576 -0.0222584764951918 0.03107458407960337 1.000147992180618
1 0.002594849802 0.882 -0.08908141586676213 -0.02218049531951932 0.03082989103530388 1.000146675116656
1 0.002594849802 0.883 -0.08782894156891588 -0.02210088625761948 0.03058472100836476 1.00014536043983
1 0.002594849802 0.884 -0.08658101682588905 -0.02201964239703817 0.03033907909704685 1.000144048112344
1 0.002594849802 0.885 -0.08533773438750435 -0.02193675686221725 0.03009297042228626 1.000142738096767
1 0.002594849802 0.886 -0.08409918718592779 -0.02185222279214822 0.02984640011374778 1.000141430355815
1 0.002594849802 0.887 -0.0828654687976922 -0.02176603337862953 0.02959937333068896 1.000140124852712
1 0.002594849802 0.888 -0.08163667297945672 -0.02167818182861254 0.02935189524028937 1.000138821550824
1 0.002594849802 0.889 -0.08041289394706287 -0.02158866138807212 0.02910397102955883 1.000137520413881
1 0.002594849802 0.89 -0.07919422637250424 -0.02149746534281185 0.0288556059042349 1.000136221405972
1 0.002594849802 0.891 -0.07798076510584048 -0.02140458699433579 0.02860680507722763 1.000134924491329
1 0.002594849802 0.892 -0.07677260562598169 -0.02131001970107802 0.02835757378539425 1.00013362963468
1 0.002594849802 0.893 -0.07556984358751402 -0.02121375683779393 0.02810791727189494 1.000132336800893
1 0.002594849802 0.894 -0.07437257509274692 -0.02111579182125698 0.0278578407955508 1.000131045955189
1 0.002594849802 0.895 -0.07318089668845193 -0.0210161181110876 0.02760734962965711 1.000129757063145
1 0.002594849802 0.896 -0.07199490509485917 -0.02091472918379108 0.02735644905300512 1.000128470090474
1 0.002594849802 0.897 -0.07081469764434972 -0.02081161857704663 0.02710514436225607 1.000127185003379
1 0.002594849802 0.898 -0.06964037184019503 -0.02070677984605751 0.02685344085863236 1.000125901768196
1 0.002594849802 0.899 -0.0684720256210716 -0.02060020659112794 0.02660134385453366 1.000124620351615
1 0.002594849802 0.9 -0.06730975735756159 -0.02049189245851667 0.02634885867226274 1.000123340720667
1 0.002594849802 0.901 -0.0661536655887585 -0.0203818311125868 0.02609599063781717 1.000122062842524
1 0.002594849802 0.902 -0.06500384944798911 -0.02027001628324574 0.02584274508854004 1.000120786684835
1 0.002594849802 0.903 -0.06386040823433975 -0.02015644171916364 0.02558912736446688 1.000119512215386
1 0.002594849802 0.904 -0.06272344166909841 -0.02004110121728691 0.02533514281200139 1.000118239402305
1 0.002594849802 0.905 -0.06159304989201049 -0.01992398862371771 0.02508079678255097 1.000116968214063
1 0.002594849802 0.906 -0.06046933320603522 -0.01980509780391885 0.02482609462928774 1.000115698619265
1 0.002594849802 0.907 -0.05935239248919272 -0.01968442269340036 0.02457104170974272 1.000114430586992
1 0.002594849802 0.908 -0.05824232877977623 -0.0195619572477115 0.02431564338213967 1.000113164086457
1 0.002594849802 0.909 -0.0571392435241656 -0.01943769547395006 0.02405990500592548 1.000111899087213
1 0.002594849802 0.91 -0.0560432385728305 -0.01931163143166901 0.02380383194031277 1.000110635559153
1 0.002594849802 0.911 -0.05495441593379619 -0.01918375920107698 0.02354742954421592 1.000109373472303
1 0.002594849802 0.912 -0.0538728781696834 -0.01905407293707188 0.02329070317344561 1.00010811279716
1 0.002594849802 0.913 -0.05279872799753279 -0.018922566815907 0.02303365818237064 1.000106853504354
1 0.002594849802 0.914 -0.05173206852741685 -0.01878923506875834 0.02277629992109239 1.000105595564852
1 0.002594849802 0.915 -0.05067300325818255 -0.01865407198265978 0.02251863373389199 1.000104338949959
1 0.002594849802 0.916 -0.04962163584020229 -0.01851707186663644 0.02226066496255278 1.000103083631114
1 0.002594849802 0.917 -0.04857807045664495 -0.01837822910919116 0.02200239893780321 1.000101829580224
1 0.002594849802 0.918 -0.04754241143886812 -0.01823753812153999 0.02174384098665687 1.000100576769327
1 0.002594849802 0.919 -0.04651476349523696 -0.018094993373303 0.02148499642601517 1.000099325170802
1 0.002594849802 0.92 -0.04549523170659823 -0.01795058939346947 0.02122587056101682 1.000098074757362
1 0.002594849802 0.921 -0.0444839212989101 -0.01780432073439821 0.02096646869196346 1.000096825501855
1 0.002594849802 0.922 -0.04348093800775231 -0.01765618203286812 0.02070679609965083 1.000095577377598
1 0.002594849802 0.923 -0.0424863877102719 -0.01750616794977309 0.02044685805874567 1.00009433035804
1 0.002594849802 0.924 -0.04150037664359877 -0.01735427320800494 0.02018665982759592 1.000093084416968
1 0.002594849802 0.925 -0.04052301140004224 -0.0172004925934504 0.01992620664648086 1.00009183952851
1 0.002594849802 0.926 -0.03955439871021304 -0.0170448209167889 0.01966550374836085 1.000090595666924
1 0.002594849802 0.927 -0.03859464578974786 -0.01688725307822438 0.01940455633773056 1.000089352806942
1 0.002594849802 0.928 -0.0376438599888263 -0.0167277840035236 0.01914336961039765 1.00008811092343
1 0.002594849802 0.929 -0.03670214899955299 -0.01656640868416387 0.01888194873927669 1.000086869991592
1 0.002594849802 0.93 -0.0357696208508675 -0.01640312217836323 0.01862029887253846 1.000085629986977
1 0.002594849802 0.931 -0.03484638370279153 -0.01623791957060295 0.01835842514840835 1.000084390885265
1 0.002594849802 0.9320000000000001 -0.0339325461743096 -0.01607079604016352 0.01809633266717048 1.000083152662615
1 0.002594849802 0.9330000000000001 -0.03302821701150833 -0.01590174679338468 0.01783402651771852 1.000081915295318
1 0.002594849802 0.9340000000000001 -0.03213350528327406 -0.01573076710615399 0.01757151175910665 1.000080678760013
1 0.002594849802 0.9350000000000001 -0.03124852037590633 -0.015557852324972 0.0173087934185974 1.000079443033681
1 0.002594849802 0.9360000000000001 -0.03037337179914467 -0.01538299782412265 0.01704587651073529 1.00007820809344
1 0.002594849802 0.9370000000000001 -0.02950816949411116 -0.0152061990781429 0.01678276600212818 1.000076973916892
1 0.002594849802 0.9380000000000001 -0.02865302352115897 -0.01502745159017632 0.0165194668451436 1.000075740481775
1 0.002594849802 0.9390000000000001 -0.02780804424321175 -0.01484675093688262 0.01625598395498905 1.000074507766176
1 0.002594849802 0.9400000000000001 -0.02697334232007087 -0.01466409276953938 0.015992322207658 1.000073275748534
1 0.002594849802 0.9410000000000001 -0.02614902852689821 -0.01447947276878001 0.01572848646350689 1.000072044407425
1 0.002594849802 0.9420000000000001 -0.02533521404108907 -0.01429288672113249 0.01546448152443928 1.000070813721916
1 0.002594849802 0.9430000000000001 -0.02453201015095357 -0.01410433044333237 0.01520031217512209 1.000069583671216
1 0.002594849802 0.9440000000000001 -0.02373952842600147 -0.01391379982973692 0.01493598315536774 1.000068354234886
1 0.002594849802 0.9450000000000001 -0.02295788071093243 -0.0137212908534653 0.01467149915797897 1.000067125392849
1 0.002594849802 0.9460000000000001 -0.0221871789572748 -0.01352679951861958 0.01440686485705633 1.000065897125164
1 0.002594849802 0.9470000000000001 -0.02142753548801787 -0.01333032194103469 0.01414208485721339 1.000064669412396
1 0.002594849802 0.9480000000000001 -0.0206790627282888 -0.01313185426841011 0.01387716374268547 1.000063442235249
1 0.002594849802 0.9490000000000001 -0.01994187336186217 -0.01293139273031627 0.01361210604478814 1.000062215574794
1 0.002594849802 0.9500000000000001 -0.01921608032482212 -0.01272893363937503 0.01334691623966224 1.000060989412465
1 0.002594849802 0.9510000000000001 -0.01850179665108138 -0.01252447334087526 0.01308159878153687 1.000059763729843
1 0.002594849802 0.9520000000000001 -0.01779913571356101 -0.0123180082978826 0.01281615804360938 1.00005853850902
1 0.002594849802 0.9530000000000001 -0.01710821097806611 -0.01210953500704255 0.01255059837541429 1.000057313732235
1 0.002594849802 0.9540000000000001 -0.01642913614527405 -0.01189905005127084 0.0122849240651367 1.000056089382101
1 0.002594849802 0.9550000000000001 -0.01576202514405687 -0.01168655010097559 0.01201913933725995 1.000054865441605
1 0.002594849802 0.9560000000000001 -0.01510699199163037 -0.0114720318609758 0.01175324839100478 1.000053641893883
1 0.002594849802 0.9570000000000001 -0.01446415101002656 -0.01125549216012492 0.01148725533251676 1.000052418722599
1 0.002594849802 0.9580000000000001 -0.01383361660441394 -0.01103692786263238 0.0112211642408549 1.000051195911566
1 0.002594849802 0.9590000000000001 -0.01321550338979194 -0.01081633592353303 0.01095497912494493 1.00004997344498
1 0.002594849802 0.96 -0.01260992618396156 -0.01059371338995257 0.010688703921133 1.000048751307425
1 0.002594849802 0.961 -0.01201699988308066 -0.01036905734523308 0.01042234253701489 1.000047529483637
1 0.002594849802 0.962 -0.01143683965213023 -0.01014236500323079 0.01015589877458708 1.000046307958894
1 0.002594849802 0.963 -0.0108695607289689 -0.009913633614996942 0.009889376405201968 1.00004508671863
1 0.002594849802 0.964 -0.0103152785349338 -0.009682860527124682 0.009622779120954942 1.000043865748674
1 0.002594849802 0.965 -0.009774108667446891 -0.009450043183059257 0.00935611053214872 1.000042645035253
1 0.002594849802 0.966 -0.009246166791780761 -0.009215179064331851 0.009089374216717511 1.000041424564751
1 0.002594849802 0.967 -0.008731568804172736 -0.008978265789696217 0.008822573634015137 1.000040204324114
1 0.002594849802 0.968 -0.008230430662949787 -0.008739301017005123 0.008555712209067446 1.000038984300445
1 0.002594849802 0.969 -0.007742868482207495 -0.008498282504535963 0.008288793278198675 1.000037764481258
1 0.002594849802 0.97 -0.007268998524039345 -0.008255208112346859 0.008021820086412597 1.000036544854476
1 0.002594849802 0.971 -0.006808937107345016 -0.008010075740517056 0.007754795842603896 1.000035325408187
1 0.002594849802 0.972 -0.006362800742200161 -0.007762883433291789 0.007487723623680222 1.000034106131057
1 0.002594849802 0.973 -0.005930705989434135 -0.007513629275985742 0.007220606468420134 1.000032887011918
1 0.002594849802 0.974 -0.005512769536529982 -0.007262311459391151 0.006953447317159501 1.000031668040021
1 0.002594849802 0.975 -0.005109108189463577 -0.007008928281180682 0.006686249009097036 1.000030449205048
1 0.002594849802 0.976 -0.004719838799415738 -0.006753478081050391 0.006419014343469771 1.000029230496844
1 0.002594849802 0.977 -0.004345078366956825 -0.006495959350045226 0.006151745973734302 1.000028011905857
1 0.002594849802 0.978 -0.003984943931508081 -0.006236370622317667 0.005884446511311396 1.000026793422706
1 0.002594849802 0.979 -0.003639552628575927 -0.00597471054272367 0.005617118459171709 1.000025575038443
1 0.002594849802 0.98 -0.003309021681187619 -0.005710977868272901 0.005349764209074979 1.000024356744568
1 0.002594849802 0.981 -0.002993468345398176 -0.005445171400068683 0.005082386108867328 1.000023138532747
1 0.002594849802 0.982 -0.002693009982799879 -0.005177290097988355 0.004814986346481808 1.000021920395274
1 0.002594849802 0.983 -0.002407763981346981 -0.004907332967123115 0.004547567063817287 1.000020702324617
1 0.002594849802 0.984 -0.002137847793007617 -0.00463529912866803 0.004280130284085287 1.000019484313696
1 0.002594849802 0.985 -0.001883378924782583 -0.004361187821419673 0.004012677908993908 1.000018266355889
1 0.002594849802 0.986 -0.001644474903928025 -0.004084998330406896 0.00374521179230165 1.000017048444756
1 0.002594849802 0.987 -0.001421253317250599 -0.003806730107100383 0.003477733613438907 1.000015830574497
1 0.002594849802 0.988 -0.001213831764824585 -0.003526382650359255 0.003210245001728653 1.0000146127395
1 0.002594849802 0.989 -0.00102232787711475 -0.003243955580721006 0.002942747457382888 1.000013394934619
1 0.002594849802 0.99 -0.0008468593055648566 -0.002959448641946165 0.002675242348644406 1.000012177155183
1 0.002594849802 0.991 -0.0006875437084870905 -0.002672861626234092 0.002407730991704394 1.000010959396706
1 0.002594849802 0.992 -0.0005444987555544991 -0.002384194500134327 0.002140214513795505 1.000009741655373
1 0.002594849802 0.993 -0.000417842115988794 -0.002093447279826805 0.00187269398791445 1.000008523927555
1 0.002594849802 0.994 -0.0003076914541776837 -0.001800620108916123 0.001605170347387896 1.000007306210112
1 0.002594849802 0.995 -0.0002141644198199597 -0.001505713260022174 0.001337644382987268 1.000006088500393
1 0.002594849802 0.996 -0.0001373786554623319 -0.001208727056476914 0.001070116829285428 1.000004870795942
1 0.002594849802 0.997 -7.745176455247974e-05 -0.000909662004105987 0.0008025882171287339 1.000003653094994
1 0.002594849802 0.998 -3.450133572433114e-05 -0.0006085186606730127 0.0005350590189665214 1.000002435395979
1 0.002594849802 0.999 -8.64491590426374e-06 -0.0003052977172795672 0.000267529556942492 1.000001217697834
1 0.002594849802 1 -4.288104295474895e-21 -2.106167275682519e-20 -5.202816126472519e-20 1
ZONE T="branch=2", I=1001, DATAPACKING=POINT
2 0.004238063313 0 0 -2.724599407428029e-31 1 1.16
2 0.004238063313 0.001 -0.0003334557246060576 0.01167986836179715 0.9853635198559221 1.158795707933488
2 0.004238063313 0.002 -0.001309238679982983 0.0227133828154845 0.9707454848849584 1.15759142535716
2 0.004238063313 0.003 -0.002891407494913447 0.03312246800768465 0.9561631670428433 1.156387176128808
2 0.004238063313 0.004 -0.005045250356860284 0.04292867401026516 0.9416326158640826 1.15518299897502
2 0.004238063313 0.005 -0.007737263860579061 0.05215316285518879 0.9271687185594557 1.153978946638408
2 0.004238063313 0.006 -0.01093513004631465 0.06081669709345049 0.912785258651692 1.152775085036898
2 0.004238063313 0.007 -0.01460769423914769 0.06893962944467408 0.8984949708867912 1.151571492461826
2 0.004238063313 0.008 -0.01872494106495726 0.07654189436819651 0.8843095950265815 1.150368258783698
2 0.004238063313 0.009000000000000001 -0.02325797101567936 0.08364300066098915 0.8702399265474143 1.149165484688902
2 0.004238063313 0.01 -0.02817897657099454 0.09026202535378015 0.856295865335378 1.147963280934404
2 0.004238063313 0.011 -0.03346121504080617 0.09641761010839307 0.8424864645942662 1.146761767597627
2 0.004238063313 0.012 -0.03907898852337261 0.1021279556625096 0.8288199721173419 1.145561073405984
2 0.004238063313 0.013 -0.04500761409863651 0.1074108214030509 0.8153038770485709 1.144361335005547
2 0.004238063313 0.014 -0.05122340171362486 0.1122835226254374 0.8019449488457194 1.143162696311587
2 0.004238063313 0.015 -0.05770362895440416 0.1167629299809186 0.7887492769069677 1.141965307850242
2 0.004238063313 0.016 -0.06442651328853471 0.1208654710594993 0.7757223100866627 1.140769326105153
2 0.004238063313 0.017 -0.07137119129012418 0.1246071294433824 0.762868889964976 1.139574912923212
2 0.004238063313 0.018 -0.0785176893706396 0.1280034486525418 0.7501932882159518 1.138382234888132
2 0.004238063313 0.019 -0.08584690149557696 0.1310695334505143 0.7376992379596851 1.137191462751279
2 0.004238063313 0.02 -0.09334056436765438 0.1338200530631418 0.7253899654850761 1.136002770863476
2 0.004238063313 0.021 -0.1009812306355885 0.1362692461915379 0.7132682217245916 1.134816336619911
2 0.004238063313 0.022 -0.108752248343778 0.1384309233403979 0.7013363089596839 1.133632339943247
2 0.004238063313 0.023 -0.1166377332162608 0.1403184736347349 0.6895961104082315 1.132450962761675
2 0.004238063313 0.024 -0.1246225471587923 0.1419448688767203 0.6780491152305675 1.131272388523746
2 0.004238063313 0.025 -0.1326922747301899 0.143322669246373 0.6666964436801066 1.130096801723253
2 0.004238063313 0.026 -0.1408331981020951 0.1444640304863236 0.6555388719109342 1.128924387444288
2 0.004238063313 0.027 -0.1490322774972484 0.1453807084018263 0.6445768532007388 1.127755330927153
2 0.004238063313 0.028 -0.1572771256670898 0.146084067387058 0.6338105411051335 1.126589817151833
2 0.004238063313 0.029 -0.1655559878078451 0.1465850862188262 0.6232398091817447 1.125428030441032
2 0.004238063313 0.03 -0.1738577198744846 0.1468943652402633 0.6128642706933954 1.12427015408058
2 0.004238063313 0.031 -0.1821717657630433 0.1470221347529353 0.6026832979116521 1.123116369965205
2 0.004238063313 0.032 -0.1904881392252216 0.1469782608315586 0.5926960387810571 1.121966858250751
2 0.004238063313 0.033 -0.198797400892898 0.1467722546816019 0.5829014347863827 1.120821797041455
2 0.004238063313 0.034 -0.2070906399844753 0.1464132793926736 0.5732982363074705 1.119681362082357
2 0.004238063313 0.035 -0.215359454768793 0.1459101578492324 0.5638850178387083 1.118545726474246
2 0.004238063313 0.036 -0.2235959322043947 0.1452713816095711 0.5546601927839246 1.117415060416989
2 0.004238063313 0.037 -0.2317926316058949 0.1445051173848531 0.5456220263599642 1.116289530947556
2 0.004238063313 0.038 -0.2399425643543888 0.1436192165832739 0.5367686491572533 1.115169301725363
2 0.004238063313 0.039 -0.2480391775792674 0.1426212224432183 0.5280980689128435 1.11405453281095
2 0.004238063313 0.04 -0.2560763368949134 0.1415183781156976 0.5196081820746221 1.112945380470181
2 0.004238063313 0.041 -0.2640483085567903 0.1403176355098149 0.5112967849400739 1.111841997007717
2 0.004238063313 0.042 -0.2719497449960724 0.1390256619570645 0.5031615834890405 1.110744530586022
2 0.004238063313 0.043 -0.2797756672003829 0.1376488494871789 0.49520020347426 1.109653125098978
2 0.004238063313 0.044 -0.2875214504159705 0.1361933219232423 0.4874101992901036 1.108567920029662
2 0.004238063313 0.045 -0.295182809146902 0.1346649427440715 0.4797890625905482 1.107489050334606
2 0.004238063313 0.046 -0.3027557817643626 0.1330693235374129 0.4723342304978239 1.106416646356505
2 0.004238063313 0.047 -0.310236717911042 0.1314118305104622 0.4650430929568949 1.105350833715677
2 0.004238063313 0.048 -0.317622263430289 0.1296975931943744 0.4579130000645893 1.104291733259175
2 0.004238063313 0.049 -0.3249093480345775 0.1279315112145555 0.4509412686121289 1.103239460987374
2 0.004238063313 0.05 -0.3320951724653292 0.1261182616721042 0.4441251883582434 1.102194128006377
2 0.004238063313 0.051 -0.339177195409204 0.1242623069741504 0.4374620279200571 1.101155840506749
2 0.004238063313 0.052 -0.3461531226943373 0.1223679009638897 0.4309490401529717 1.100124699716467
2 0.004238063313 0.053 -0.3530208945778242 0.1204390968696322 0.4245834673121728 1.099100801911119
2 0.004238063313 0.054 -0.3597786752605693 0.1184797535672724 0.4183625457566623 1.098084238397194
2 0.004238063313 0.055 -0.3664248420471998 0.1164935423224055 0.4122835103816754 1.097075095519378
2 0.004238063313 0.056 -0.3729579743725632 0.114483953866421 0.4063435987021672 1.096073454691177
2 0.004238063313 0.057 -0.3793768446607806 0.1124543040074192 0.4005400546808793 1.095079392397254
2 0.004238063313 0.058 -0.3856804077423225 0.1104077407303084 0.3948701322136303 1.094092980250031
2 0.004238063313 0.059 -0.3918677920554246 0.1083472498485484 0.3893310984009784 1.093114285017059
2 0.004238063313 0.06 -0.3979382906123184 0.1062756610266068 0.3839202365571157 1.09214336866982
2 0.004238063313 0.061 -0.4038913519622129 0.1041956539958075 0.3786348489143764 1.091180288450787
2 0.004238063313 0.062 -0.4097265723253976 0.1021097638030319 0.37347225921067 1.09022509692063
2 0.004238063313 0.063 -0.4154436873211999 0.1000203866117623 0.3684298149702053 1.089277842033389
2 0.004238063313 0.064 -0.4210425643030821 0.09792978506809405 0.3635048896179359 1.088338567207881
2 0.004238063313 0.065 -0.4265231949750591 0.0958400935381019 0.3586948844005436 1.087407311404506
2 0.004238063313 0.066 -0.4318856882680142 0.09375332323132708 0.3539972301211053 1.086484109207555
2 0.004238063313 0.067 -0.4371302635080336 0.09167136717334631 0.3494093887014349 1.085568990911418
2 0.004238063313 0.068 -0.4422572439169636 0.08959600496942895 0.3449288546066178 1.084661982607854
2 0.004238063313 0.06900000000000001 -0.4472670502302724 0.08752890759608342 0.3405531560622291 1.083763106283002
2 0.004238063313 0.07000000000000001 -0.4521601948368364 0.08547164175356807 0.3362798562290382 1.082872379905751
2 0.004238063313 0.07100000000000001 -0.4569372757420757 0.08342567457699866 0.3321065540658767 1.081989817538078
2 0.004238063313 0.07200000000000001 -0.4615989714259175 0.08139237744328078 0.3280308853540426 1.081115429417113
2 0.004238063313 0.073 -0.4661460351863236 0.07937303053621229 0.324050523260665 1.080249222074664
2 0.004238063313 0.074 -0.4705792903074438 0.07736882656591421 0.3201631790699194 1.079391198429654
2 0.004238063313 0.075 -0.4748996252048603 0.0753808746420442 0.3163666027082241 1.07854135789295
2 0.004238063313 0.076 -0.4791079886432996 0.0734102042212716 0.3126585830589871 1.07769969648209
2 0.004238063313 0.077 -0.4832053855904022 0.07145776834901794 0.3090369484836341 1.076866206911647
2 0.004238063313 0.078 -0.4871928727458792 0.06952444749073047 0.3054995668905691 1.076040878714778
2 0.004238063313 0.079 -0.4910715546787776 0.06761105267406455 0.3020443460232031 1.075223698340277
2 0.004238063313 0.08 -0.4948425799787993 0.06571832874051203 0.2986692335635538 1.074414649259269
2 0.004238063313 0.081 -0.4985071374964972 0.06384695764039842 0.2953722170543656 1.073613712079101
2 0.004238063313 0.082 -0.5020664530396799 0.0619975611583609 0.2921513240595912 1.072820864635749
2 0.004238063313 0.083 -0.5055217858917422 0.06017070409020801 0.2890046218937391 1.072036082111414
2 0.004238063313 0.08400000000000001 -0.5088744257627468 0.05836689686536176 0.2859302175984454 1.071259337130622
2 0.004238063313 0.08500000000000001 -0.5121256897804577 0.05658659824448593 0.2829262577554887 1.070490599863558
2 0.004238063313 0.08600000000000001 -0.5152769195791661 0.05483021803801223 0.2799909281441019 1.069729838134286
2 0.004238063313 0.08700000000000001 -0.5183294787004924 0.05309811937107325 0.2771224536510399 1.068977017510599
2 0.004238063313 0.08799999999999999 -0.5212847498490009 0.05139062150956968 0.274319097562204 1.068232101424489
2 0.004238063313 0.089 -0.5241441328938881 0.04970800098908072 0.2715791623242135 1.067495051212247
2 0.004238063313 0.09 -0.5269090418688845 0.04805049566254693 0.2689009874239948 1.066765826301283
2 0.004238063313 0.091 -0.5295809032955123 0.04641830556908201 0.2662829501190035 1.06604438424321
2 0.004238063313 0.092 -0.5321611540807777 0.04481159489421548 0.2637234651431619 1.06533068080247
2 0.004238063313 0.093 -0.534651239432139 0.04323049429431645 0.2612209838824309 1.06462467006573
2 0.004238063313 0.094 -0.53705261100782 0.04167510284926113 0.2587739937851979 1.063926304535071
2 0.004238063313 0.095 -0.5393667252143542 0.04014548980946251 0.256381017880695 1.063235535212764
2 0.004238063313 0.096 -0.5415950415872137 0.03864169620137491 0.254040614390297 1.062552311680603
2 0.004238063313 0.097 -0.5437390212302076 0.0371637362364788 0.2517513765341446 1.061876582171003
2 0.004238063313 0.098 -0.5458001253194862 0.03571159916567515 0.2495119316474156 1.061208293662069
2 0.004238063313 0.099 -0.5477798137497496 0.03428525084420842 0.2473209405280859 1.060547391959383
2 0.004238063313 0.1 -0.5496795438759087 0.03288463513482307 0.2451770968942223 1.059893821770748
2 0.004238063313 0.101 -0.5515007693023966 0.0315096752008756 0.2430791269329435 1.059247526776524
2 0.004238063313 0.102 -0.5532449386827691 0.03016027465152054 0.2410257890336252 1.058608449693815
2 0.004238063313 0.103 -0.554913494690997 0.02883631900370118 0.2390158728929236 1.05797653235708
2 0.004238063313 0.104 -0.5565078730629854 0.02753767692243659 0.2370481988416223 1.05735171578825
2 0.004238063313 0.105 -0.5580295016931124 0.02626420133577157 0.2351216172785154 1.056733940261132
2 0.004238063313 0.106 -0.5594797997510869 0.02501573046567071 0.2332350081922198 1.056123145362397
2 0.004238063313 0.107 -0.5608601767730196 0.02379208875032095 0.2313872808538643 1.055519270048277
2 0.004238063313 0.108 -0.5621720319989042 0.02259308798211112 0.2295773729436976 1.054922252711304
2 0.004238063313 0.109 -0.5634167537256989 0.02141852827910706 0.2278042498858662 1.054332031239093
2 0.004238063313 0.11 -0.5645957186843489 0.02026819896109371 0.226066904285101 1.053748543068669
2 0.004238063313 0.111 -0.5657102914164555 0.01914187936276843 0.2243643554459937 1.05317172523829
2 0.004238063313 0.112 -0.5667618235990679 0.01803933956982456 0.2226956490486665 1.052601514436594
2 0.004238063313 0.113 -0.5677516536652927 0.01696034129211615 0.221059856318359 1.0520378470565
2 0.004238063313 0.114 -0.5686811063999323 0.01590463861479738 0.2194560733872815 1.051480659243408
2 0.004238063313 0.115 -0.5695514925356272 0.01487197867830691 0.2178834207516365 1.050929886940084
2 0.004238063313 0.116 -0.5703641083333776 0.01386210231261231 0.2163410428049772 1.050385465929853
2 0.004238063313 0.117 -0.5711202350930397 0.01287474461924843 0.2148281075131882 1.049847331878502
2 0.004238063313 0.118 -0.5718211389894995 0.01190963563014581 0.2133438056399964 1.049315420376629
2 0.004238063313 0.119 -0.5724680708545705 0.01096650087988712 0.2118873501478454 1.048789666978252
2 0.004238063313 0.12 -0.5730622659421288 0.01004506192630556 0.21045797568633 1.048270007237115
2 0.004238063313 0.121 -0.5736049436666938 0.00914503683898794 0.2090549381502995 1.047756376742003
2 0.004238063313 0.122 -0.5740973072600881 0.008266140655025999 0.2076775143650969 1.047248711151931
2 0.004238063313 0.123 -0.5745405437687392 0.00740808586600623 0.2063250013748107 1.046746946228338
2 0.004238063313 0.124 -0.5749358239763328 0.006570582846369185 0.2049967158888714 1.046251017865223
2 0.004238063313 0.125 -0.5752843022973674 0.005753340245596542 0.20369199380826 1.045760862117837
2 0.004238063313 0.126 -0.5755871166366612 0.004956065359055071 0.2024101898146572 1.045276415230987
2 0.004238063313 0.127 -0.5758453881598856 0.004178464481074763 0.2011506770729015 1.044797613668155
2 0.004238063313 0.128 -0.5760602214085554 0.003420243255481187 0.1999128465844588 1.044324394134966
2 0.004238063313 0.129 -0.576232704326992 0.002681106989252354 0.198696106682692 1.043856693601976
2 0.004238063313 0.13 -0.5763639082517503 0.001960760942161672 0.1974998825998341 1.043394449326752
2 0.004238063313 0.131 -0.5764548878621938 0.001258910603441384 0.1963236160903455 1.042937598876063
2 0.004238063313 0.132 -0.5765066810387535 0.0005752619620392317 0.1951667651546482 1.042486080149634
2 0.004238063313 0.133 -0.5765203090612689 -9.047825014283454e-05 0.1940288034573002 1.04203983139624
2 0.004238063313 0.134 -0.5764967767113446 -0.0007386023351752255 0.1929092198712878 1.041598791230249
2 0.004238063313 0.135 -0.5764370723317641 -0.001369401420614761 0.1918075180863909 1.041162898648062
2 0.004238063313 0.136 -0.5763421678443341 -0.001983165257586485 0.1907232162677145 1.040732093045069
2 0.004238063313 0.137 -0.5762130186748532 -0.00258018201682981 0.1896558468026791 1.040306314234734
2 0.004238063313 0.138 -0.5760505640079414 -0.003160738128930867 0.188604955781408 1.039885502458585
2 0.004238063313 0.139 -0.5758557269420539 -0.003725118132086131 0.1875701025886425 1.039469598397526
2 0.004238063313 0.14 -0.5756294145984953 -0.004273604527248312 0.1865508595525378 1.039058543183546
2 0.004238063313 0.141 -0.5753725181877174 -0.004806477635007654 0.1855468116378312 1.038652278412263
2 0.004238063313 0.142 -0.5750859129842371 -0.005324015444318026 0.1845575562166225 1.038250746158017
2 0.004238063313 0.143 -0.5747704586171709 -0.005826493516903944 0.1835827026072514 1.037853888978878
2 0.004238063313 0.144 -0.5744269992602191 -0.006314184889828656 0.182621871711315 1.03746164992366
2 0.004238063313 0.145 -0.5740563637743643 -0.006787359980028621 0.1816746957009076 1.037073972539723
2 0.004238063313 0.146 -0.573659365807896 -0.00724628648701693 0.1807408177449113 1.036690800881847
2 0.004238063313 0.147 -0.5732368038080031 -0.007691229283143723 0.1798198918031205 1.03631207952396
2 0.004238063313 0.148 -0.5727894613311395 -0.008122450366672567 0.1789115822191892 1.035937753560155
2 0.004238063313 0.149 -0.5723181072543683 -0.008540208806237159 0.1780155633995784 1.035567768608232
2 0.004238063313 0.15 -0.5718234959394615 -0.008944760683277129 0.1771315195366367 1.035202070814312
2 0.004238063313 0.151 -0.5713063673552256 -0.009336359030080836 0.1762591443659008 1.034840606858712
2 0.004238063313 0.152 -0.5707674471153477 -0.009715253752527284 0.1753981409824858 1.034483323964871
2 0.004238063313 0.153 -0.5702074467966393 -0.01008169161946981 0.1745482214833718 1.034130169897226
2 0.004238063313 0.154 -0.5696270641614122 -0.01043591623875485 0.1737091066847785 1.033781092961997
2 0.004238063313 0.155 -0.5690269833336054 -0.01077816802836244 0.1728805258781656 1.033436042009255
2 0.004238063313 0.156 -0.5684078749346508 -0.01110868418138134 0.1720622166161089 1.033094966436363
2 0.004238063313 0.157 -0.5677703961394565 -0.01142769861392812 0.1712539245494924 1.032757816194603
2 0.004238063313 0.158 -0.5671151909936974 -0.01173544198105979 0.17045540311436 1.032424541784643
2 0.004238063313 0.159 -0.5664428906394985 -0.01203214167616007 0.1696664132841142 1.032095094255165
2 0.004238063313 0.16 -0.565754113496547 -0.01231802182347506 0.1688867233554047 1.031769425202927
2 0.004238063313 0.161 -0.5650494654048607 -0.0125933032633252 0.1681161087600125 1.031447486774287
2 0.004238063313 0.162 -0.5643295396926475 -0.01285820351934536 0.1673543519211803 1.031129231669932
2 0.004238063313 0.163 -0.5635949174862699 -0.01311293683325488 0.1666012419803818 1.030814613138564
2 0.004238063313 0.164 -0.5628461679335749 -0.01335771418115814 0.1658565745808014 1.03050358497388
2 0.004238063313 0.165 -0.562083848384787 -0.01359274328170879 0.165120151680106 1.030196101513087
2 0.004238063313 0.166 -0.5613085045372362 -0.01381822859626315 0.1643917813857711 1.029892117636915
2 0.004238063313 0.167 -0.5605206705103137 -0.01403437131077531 0.1636712778288085 1.029591588772841
2 0.004238063313 0.168 -0.5597208691436549 -0.01424136938345836 0.1629584609260495 1.029294470887475
2 0.004238063313 0.169 -0.5589096122140751 -0.01443941757295877 0.1622531561915189 1.029000720482326
2 0.004238063313 0.17 -0.558087400612489 -0.01462870745763455 0.1615551945732067 1.028710294591153
2 0.004238063313 0.171 -0.5572547244869831 -0.01480942744649274 0.1608644123093564 1.028423150778819
2 0.004238063313 0.172 -0.5564120633212659 -0.0149817627720442 0.1601806508178594 1.028139247143308
2 0.004238063313 0.173 -0.5555598862181016 -0.01514589554626148 0.1595037564899564 1.027858542307241
2 0.004238063313 0.174 -0.5546986521070699 -0.01530200479672461 0.1588335805263373 1.027580995412763
2 0.004238063313 0.175 -0.5538288099148849 -0.01545026649350821 0.158169978795207 1.027306566118046
2 0.004238063313 0.176 -0.552950798704239 -0.01559085356766434 0.157512811707199 1.027035214595278
2 0.004238063313 0.177 -0.552065047753075 -0.01572393591212925 0.1568619441187681 1.026766901531733
2 0.004238063313 0.178 -0.551171976821443 -0.01584968044247877 0.1562172451535591 1.026501588120739
2 0.004238063313 0.179 -0.5502719963482721 -0.01596825113805457 0.1555785880603137 1.02623923605598
2 0.004238063313 0.18 -0.5493655076133314 -0.0160798090737645 0.1549458500897337 1.025979807527396
2 0.004238063313 0.181 -0.5484529028700847 -0.01618451244360935 0.1543189123858548 1.025723265218553
2 0.004238063313 0.182 -0.5475345654238397 -0.01628251656736846 0.1536976599018709 1.025469572306975
2 0.004238063313 0.183 -0.5466108698810621 -0.01637397395352392 0.1530819812457678 1.025218692454828
2 0.004238063313 0.184 -0.5456821823340831 -0.01645903434310104 0.1524717685573852 1.02497058980286
2 0.004238063313 0.185 -0.5447488605136225 -0.01653784474433134 0.1518669174018011 1.024725228965915
2 0.004238063313 0.186 -0.5438112539145039 -0.01661054945930984 0.1512673266751881 1.024482575029859
2 0.004238063313 0.187 -0.5428697038713105 -0.01667729009469593 0.1506728985316199 1.024242593551358
2 0.004238063313 0.188 -0.5419245437898303 -0.01673820562486352 0.1500835382499179 1.024005250548487
2 0.004238063313 0.189 -0.5409760993191857 -0.01679343243676347 0.1494991541274758 1.023770512494484
2 0.004238063313 0.19 -0.5400246884943324 -0.01684310436590891 0.1489196573881142 1.023538346313033
2 0.004238063313 0.191 -0.5390706218539695 -0.01688735272471695 0.1483449621006316 1.023308719374911
2 0.004238063313 0.192 -0.5381142025127633 -0.01692630631586729 0.1477749851152715 1.02308159949735
2 0.004238063313 0.193 -0.5371557263750709 -0.01696009149427323 0.1472096459490579 1.022856954934727
2 0.004238063313 0.194 -0.5361954822943861 -0.01698883221172456 0.1466488666942491 1.022634754372268
2 0.004238063313 0.195 -0.5352337522056125 -0.01701265005305729 0.1460925719388236 1.02241496692124
2 0.004238063313 0.196 -0.5342708112348487 -0.01703166426510147 0.1455406886961249 1.022197562115428
2 0.004238063313 0.197 -0.5333069277675841 -0.0170459917716632 0.1449931463497958 1.0219825099102
2 0.004238063313 0.198 -0.5323423636451808 -0.01705574723332942 0.1444498765551905 1.021769780673392
2 0.004238063313 0.199 -0.5313773743118329 -0.01706104309100184 0.1439108131605592 1.021559345179084
2 0.004238063313 0.2 -0.5304122089366821 -0.01706198960142753 0.1433758921385352 1.021351174602776
2 0.004238063313 0.201 -0.5294471105154269 -0.01705869486596372 0.1428450515254457 1.021145240517809
2 0.004238063313 0.202 -0.528482315934145 -0.01705126484640364 0.1423182313736465 1.020941514894212
2 0.004238063313 0.203 -0.527518056149247 -0.01703980342195079 0.1417953736668821 1.020739970089882
2 0.004238063313 0.204 -0.5265545563223556 -0.01702441243102728 0.1412764222525257 1.020540578844493
2 0.004238063313 0.205 -0.5255920359325328 -0.01700519170558622 0.1407613227826246 1.020343314274748
2 0.004238063313 0.206 -0.5246307088698473 -0.01698223909912933 0.1402500226616152 1.020148149870806
2 0.004238063313 0.207 -0.5236707834946712 -0.0169556505027976 0.1397424710051084 1.019955059494987
2 0.004238063313 0.208 -0.522712462801972 -0.01692551989909745 0.1392386185673282 1.019764017373308
2 0.004238063313 0.209 -0.5217559445446598 -0.01689193940157654 0.1387384176829345 1.019574998089584
2 0.004238063313 0.21 -0.5208014213363303 -0.01685499928752726 0.1382418222163566 1.019387976580806
2 0.004238063313 0.211 -0.5198490807370602 -0.0168147880248672 0.137748787516801 1.019202928133635
2 0.004238063313 0.212 -0.5188991053081671 -0.01677139228807249 0.1372592703826473 1.019019828383019
2 0.004238063313 0.213 -0.5179516727617942 -0.01672489700842449 0.1367732289993295 1.018838653304121
2 0.004238063313 0.214 -0.5170069560733674 -0.01667538541130601 0.1362906228894517 1.01865937920666
2 0.004238063313 0.215 -0.516065123575346 -0.01662293904704914 0.1358114128692954 1.018481982730452
2 0.004238063313 0.216 -0.5151263390356083 -0.01656763781642231 0.1353355610101453 1.018306440842006
2 0.004238063313 0.217 -0.5141907617077635 -0.01650955998610579 0.1348630306075556 1.018132730833105
2 0.004238063313 0.218 -0.5132585464670281 -0.01644878223536703 0.1343937861282488 1.017960830313143
2 0.004238063313 0.219 -0.5123298439124874 -0.01638537969085015 0.133927793167394 1.017790717203737
2 0.004238063313 0.22 -0.5114048004524011 -0.01631942595543022 0.1334650184113171 1.017622369734458
2 0.004238063313 0.221 -0.5104835583755952 -0.01625099313215225 0.1330054296042912 1.017455766439556
2 0.004238063313 0.222 -0.5095662558974877 -0.01618015183904247 0.1325489955220254 1.017290886156535
2 0.004238063313 0.223 -0.5086530272832683 -0.01610697125222238 0.1320956859263372 1.01712770801892
2 0.004238063313 0.224 -0.5077440029406789 -0.01603151913815351 0.1316454715286134 1.016966211451145
2 0.004238063313 0.225 -0.5068393094974478 -0.01595386188044143 0.1311983239578741 1.0168063761645
2 0.004238063313 0.226 -0.5059390698661396 -0.01587406450214849 0.130754215732284 1.016648182153996
2 0.004238063313 0.227 -0.5050434032861024 -0.01579219067980651 0.1303131202362976 1.016491609696969
2 0.004238063313 0.228 -0.504152425434947 -0.01570830278305257 0.129875011682026 1.016336639346269
2 0.004238063313 0.229 -0.5032662485125642 -0.01562246190435615 0.1294398650780257 1.016183251925439
2 0.004238063313 0.23 -0.5023849813112689 -0.01553472788377572 0.1290076562019814 1.016031428524881
2 0.004238063313 0.231 -0.5015087295632377 -0.01544515943599012 0.1285783615146938 1.015881150475753
2 0.004238063313 0.232 -0.5006375946420841 -0.01535381367101627 0.1281519584266352 1.015732399455545
2 0.004238063313 0.233 -0.4997716761160992 -0.0152607470339882 0.1277284247386093 1.015585157285642
2 0.004238063313 0.234 -0.4989110697695181 -0.01516601457558824 0.1273077390574056 1.015439406090866
2 0.004238063313 0.235 -0.4980558677082396 -0.01506966998997357 0.1268898807568902 1.015295128293457
2 0.004238063313 0.236 -0.4972061606144814 -0.01497176644608977 0.1264748295052472 1.015152306431156
2 0.004238063313 0.237 -0.4963620342431062 -0.01487235529416627 0.1260625659691905 1.01501092344453
2 0.004238063313 0.238 -0.4955235730016369 -0.01477148738680879 0.125653071082447 1.014870962385213
2 0.004238063313 0.239 -0.4946908578885474 -0.01466921231739497 0.1252463264494487 1.014732406586643
2 0.004238063313 0.24 -0.4938639665887123 -0.01456557845479075 0.1248423143121317 1.014595239658407
2 0.004238063313 0.241 -0.4930429755045305 -0.01446063369383817 0.1244410171569029 1.014459445317329
2 0.004238063313 0.242 -0.4922279565999356 -0.01435442428844544 0.1240424182985291 1.014325007654159
2 0.004238063313 0.243 -0.4914189806252642 -0.01424699604370244 0.1236465012729643 1.014191910862731
2 0.004238063313 0.244 -0.4906161152602186 -0.01413839362908642 0.1232532501714858 1.014060139398396
2 0.004238063313 0.245 -0.4898194251999327 -0.01402866061012706 0.122862649612402 1.013929677972745
2 0.004238063313 0.246 -0.4890289739844282 -0.01391784012505973 0.1224746844159991 1.013800511396864
2 0.004238063313 0.247 -0.4882448211560973 -0.01380597383334996 0.1220893400859108 1.013672624828726
2 0.004238063313 0.248 -0.48746702516429 -0.01369310299012186 0.1217066023079216 1.013546003521922
2 0.004238063313 0.249 -0.486695641692744 -0.013579267827509 0.1213264572248671 1.013420632972604
2 0.004238063313 0.25 -0.4859307237371042 -0.01346450758344718 0.1209488914125593 1.013296498914563
2 0.004238063313 0.251 -0.4851723232526505 -0.01334886111110127 0.1205738916126171 1.013173587173855
2 0.004238063313 0.252 -0.484420488594103 -0.01323236593232705 0.120201445126614 1.013051883898193
2 0.004238063313 0.253 -0.4836752671316975 -0.01311505920505078 0.1198315394050732 1.012931375323939
2 0.004238063313 0.254 -0.4829367037446993 -0.01299697716651313 0.119464162271996 1.012812047912345
2 0.004238063313 0.255 -0.4822048408911636 -0.01287815515937979 0.1190993019044102 1.012693888344962
2 0.004238063313 0.256 -0.4814797200920636 -0.01275862818013341 0.1187369466144099 1.012576883388871
2 0.004238063313 0.257 -0.4807613796251399 -0.01263843002767654 0.1183770851692188 1.012461020109312
2 0.004238063313 0.258 -0.4800498568813177 -0.01251759417360531 0.1180197064568189 1.01234628565369
2 0.004238063313 0.259 -0.4793451870076345 -0.01239615326152439 0.1176647996677195 1.012232667377852
2 0.004238063313 0.26 -0.4786474029699706 -0.01227413913066948 0.1173123542776155 1.012120152841813
2 0.004238063313 0.261 -0.4779565368900172 -0.01215158330902429 0.1169623598711874 1.012008729684857
2 0.004238063313 0.262 -0.4772726179675603 -0.0120285162479814 0.1166148063993584 1.011898385822581
2 0.004238063313 0.263 -0.4765956746033845 -0.01190496810474055 0.1162696839099174 1.011789109246719
2 0.004238063313 0.264 -0.4759257331765262 -0.01178096829230662 0.1159269826930607 1.011680888142165
2 0.004238063313 0.265 -0.4752628181006515 -0.01165654550081642 0.1155866932667177 1.011573710883003
2 0.004238063313 0.266 -0.4746069530287342 -0.01153172814070761 0.115248806235722 1.01146756591677
2 0.004238063313 0.267 -0.473958158980635 -0.01140654365506079 0.1149133124959327 1.011362441947032
2 0.004238063313 0.268 -0.4733164562561253 -0.01128101922264387 0.1145802030198696 1.011258327747909
2 0.004238063313 0.269 -0.4726818633328411 -0.01115518135363183 0.1142494689716283 1.01115521227249
2 0.004238063313 0.27 -0.472054396916932 -0.01102905590882546 0.1139211016944922 1.011053084649169
2 0.004238063313 0.271 -0.4714340730288732 -0.01090266849777339 0.1135950925999965 1.010951934074393
2 0.004238063313 0.272 -0.4708209053154718 -0.01077604386110647 0.1132714333272038 1.010851749981839
2 0.004238063313 0.273 -0.4702149067743313 -0.0106492065020571 0.1129501155747924 1.010752521870555
2 0.004238063313 0.274 -0.4696160887602284 -0.01052218032335294 0.1126311311901456 1.010654239405417
2 0.004238063313 0.275 -0.4690244610306022 -0.01039498864450766 0.1123144721589231 1.010556892413728
2 0.004238063313 0.276 -0.4684400327245974 -0.01026765455938645 0.1120001305193213 1.010460470785854
2 0.004238063313 0.277 -0.4678628108407105 -0.01014020038150264 0.1116880984836066 1.01036496463197
2 0.004238063313 0.278 -0.4672928017918966 -0.01001264821117552 0.1113783683093231 1.010270364122827
2 0.004238063313 0.279 -0.4667300105093196 -0.009885019609444795 0.1110709323666683 1.010176659582834
2 0.004238063313 0.28 -0.4661744404832033 -0.009757335613604139 0.110765783129742 1.010083841486914
2 0.004238063313 0.281 -0.4656260946459876 -0.009629617058308776 0.1104629131119813 1.009991900368422
2 0.004238063313 0.282 -0.4650849739987261 -0.009501884077429228 0.1101623149560331 1.009900826964412
2 0.004238063313 0.283 -0.4645510790141025 -0.009374156613378868 0.1098639813378014 1.009810612068069
2 0.004238063313 0.284 -0.4640244088276249 -0.009246454124268716 0.1095679050156297 1.009721246614983
2 0.004238063313 0.285 -0.4635049612743132 -0.009118795597844561 0.1092740788229845 1.009632721680233
2 0.004238063313 0.286 -0.4629927336857447 -0.008991199839865445 0.1089824956216238 1.009545028393053
2 0.004238063313 0.287 -0.4624877216500433 -0.008863685026696353 0.1086931483650115 1.009458158071471
2 0.004238063313 0.288 -0.4619899202783068 -0.008736269162741665 0.1084060300298308 1.009372102085544
2 0.004238063313 0.289 -0.4614993234743391 -0.008608969817409644 0.1081211336499838 1.009286851937323
2 0.004238063313 0.29 -0.4610159239676035 -0.008481804137602897 0.1078384523105028 1.009202399258158
2 0.004238063313 0.291 -0.4605397140329278 -0.008354789106750618 0.1075579791155069 1.009118735729604
2 0.004238063313 0.292 -0.4600706843704915 -0.008227941142869382 0.1072797072296078 1.009035853208232
2 0.004238063313 0.293 -0.4596088252495703 -0.008101276509483064 0.1070036298322937 1.008953743598851
2 0.004238063313 0.294 -0.4591541258488194 -0.007974811079291525 0.1067297401393204 1.008872398928641
2 0.004238063313 0.295 -0.4587065742858824 -0.007848560345353393 0.1064580313976714 1.008791811344673
2 0.004238063313 0.296 -0.4582661582676167 -0.007722539653833061 0.1061884968657864 1.008711973040566
2 0.004238063313 0.297 -0.4578328640779032 -0.007596763842766079 0.1059211298367589 1.008632876372229
2 0.004238063313 0.298 -0.457406677611164 -0.007471247611330549 0.1056559236116648 1.008554513740307
2 0.004238063313 0.299 -0.4569875837760476 -0.007346005307415399 0.1053928715105428 1.008476877658933
2 0.004238063313 0.3 -0.4565755665220445 -0.007221050937623662 0.1051319668682498 1.008399960753434
2 0.004238063313 0.301 -0.4561706094272699 -0.007096398376497799 0.1048732030248125 1.008323755692309
2 0.004238063313 0.302 -0.4557726947832017 -0.006972061041693859 0.1046165733336619 1.008248255294601
2 0.004238063313 0.303 -0.455381804529119 -0.006848052225993586 0.1043620711505527 1.008173452420849
2 0.004238063313 0.304 -0.4549979197127935 -0.006724384906244617 0.1041096898360102 1.008099340036878
2 0.004238063313 0.305 -0.4546210205144289 -0.006601071752301967 0.1038594227519493 1.008025911211679
2 0.004238063313 0.306 -0.4542510867782952 -0.006478125315221621 0.1036112632603148 1.007953159054299
2 0.004238063313 0.307 -0.4538880971846526 -0.006355557734976869 0.1033652047191198 1.007881076813482
2 0.004238063313 0.308 -0.4535320300950826 -0.00623338103916327 0.1031212404840972 1.007809657776479
2 0.004238063313 0.309 -0.4531828630644663 -0.006111606971037045 0.1028793639042115 1.007738895328255
2 0.004238063313 0.31 -0.4528405728625324 -0.005990246997502354 0.1026395683189287 1.007668782949529
2 0.004238063313 0.311 -0.4525051359549709 -0.005869312478512489 0.1024018470635821 1.007599314158205
2 0.004238063313 0.312 -0.4521765277538379 -0.005748814403854161 0.1021661934555726 1.007530482601863
2 0.004238063313 0.313 -0.4518547233826874 -0.005628763662097636 0.1019326008063139 1.00746228196384
2 0.004238063313 0.314 -0.4515396972347313 -0.005509170885691374 0.1017010624111724 1.007394706018192
2 0.004238063313 0.315 -0.4512314229922497 -0.005390046458093193 0.1014715715472913 1.007327748627895
2 0.004238063313 0.316 -0.4509298740622105 -0.005271400666389559 0.1012441214843498 1.007261403690451
2 0.004238063313 0.317 -0.4506350228973821 -0.005153243464031152 0.1010187054629316 1.007195665223801
2 0.004238063313 0.318 -0.4503468416892238 -0.005035584713215917 0.1007953167146901 1.007130527279094
2 0.004238063313 0.319 -0.4500653019676645 -0.004918434045209001 0.1005739484478746 1.007065983991755
2 0.004238063313 0.32 -0.4497903746186083 -0.00480180086670689 0.1003545938456248 1.007002029579809
2 0.004238063313 0.321 -0.4495220302785432 -0.004685694497477222 0.1001372460809925 1.006938658293365
2 0.004238063313 0.322 -0.4492602387194267 -0.004570123956253609 0.09992189828918184 1.006875864494438
2 0.004238063313 0.323 -0.4490049694764356 -0.004455098179408061 0.09970854359417183 1.00681364257591
2 0.004238063313 0.324 -0.4487561914852954 -0.004340625894856726 0.09949717509081295 1.006751987008979
2 0.004238063313 0.325 -0.4485138730980835 -0.004226715627737692 0.09928778584351992 1.006690892341627
2 0.004238063313 0.326 -0.4482779824408347 -0.004113375824684989 0.09908036890459584 1.006630353151654
2 0.004238063313 0.327 -0.4480484868560067 -0.004000614660384674 0.09887491728178914 1.006570364120903
2 0.004238063313 0.328 -0.447825353471429 -0.003888440235092948 0.0986714239698777 1.006510919959912
2 0.004238063313 0.329 -0.4476085488715502 -0.003776860460661358 0.09846988193016958 1.006452015452048
2 0.004238063313 0.33 -0.4473980391117237 -0.003665883065601195 0.09827028408953323 1.006393645452087
2 0.004238063313 0.331 -0.4471937900423816 -0.003555515707434634 0.09807262336120957 1.006335804842538
2 0.004238063313 0.332 -0.4469957668035587 -0.003445765797679679 0.09787689260890858 1.006278488602691
2 0.004238063313 0.333 -0.4468039343406936 -0.003336640680498972 0.09768308468208953 1.006221691738537
2 0.004238063313 0.334 -0.4466182571065557 -0.003228147529534499 0.09749119239357003 1.006165409323824
2 0.004238063313 0.335 -0.4464386990741774 -0.003120293352424286 0.09730120851884157 1.006109636498753
2 0.004238063313 0.336 -0.4462652240307821 -0.003013085092519604 0.0971131258186814 1.006054368429334
2 0.004238063313 0.337 -0.4460977951194421 -0.002906529470305666 0.09692693700082074 1.005999600371659
2 0.004238063313 0.338 -0.445936375306775 -0.0028006331452216 0.09674263475785221 1.005945327606678
2 0.004238063313 0.339 -0.4457809271126613 -0.00269540262213543 0.09656021174354168 1.005891545478421
2 0.004238063313 0.34 -0.4456314126219689 -0.002590844255372147 0.09637966057238356 1.005838249392798
2 0.004238063313 0.341 -0.4454877937510788 -0.002486964340947285 0.09620097384343307 1.005785434779751
2 0.004238063313 0.342 -0.4453500318322826 -0.00238376897264538 0.09602414410041429 1.005733097153127
2 0.004238063313 0.343 -0.445218088037873 -0.002281264188831636 0.09584916387135477 1.005681232049922
2 0.004238063313 0.344 -0.4450919231350748 -0.002179455887524378 0.09567602564409938 1.005629835065905
2 0.004238063313 0.345 -0.444971497496693 -0.002078349829987522 0.09550472186606708 1.0055789018545
2 0.004238063313 0.346 -0.4448567713427699 -0.00197795172450631 0.09533524496881615 1.005528428091527
2 0.004238063313 0.347 -0.4447477043638057 -0.001878267095538529 0.09516758732732035 1.005478409531006
2 0.004238063313 0.348 -0.4446442561052535 -0.001779301417140991 0.09500174130057509 1.005428841948538
2 0.004238063313 0.349 -0.4445463857453659 -0.001681060035710018 0.09483769920673206 1.005379721174513
2 0.004238063313 0.35 -0.4444540521048838 -0.001583548173185766 0.09467545332302364 1.005331043093083
2 0.004238063313 0.351 -0.4443672138660846 -0.001486771003284359 0.09451499591065406 1.005282803609285
2 0.004238063313 0.352 -0.4442858292313323 -0.00139073353230958 0.09435631917385082 1.00523499870109
2 0.004238063313 0.353 -0.4442098562715539 -0.001295440720640524 0.09419941530081197 1.005187624366604
2 0.004238063313 0.354 -0.4441392527249535 -0.001200897412312085 0.09404427643880936 1.005140676655047
2 0.004238063313 0.355 -0.4440739760058435 -0.001107108337873504 0.09389089469425281 1.005094151665805
2 0.004238063313 0.356 -0.4440139834031019 -0.001014078183891395 0.09373926215756742 1.005048045517758
2 0.004238063313 0.357 -0.4439592317709335 -0.0009218114841638693 0.09358937086252495 1.005002354397857
2 0.004238063313 0.358 -0.4439096778445214 -0.0008303127305578618 0.0934412128270075 1.004957074511855
2 0.004238063313 0.359 -0.4438652780577766 -0.0007395863086919708 0.0932947800283683 1.004912202113227
2 0.004238063313 0.36 -0.4438259885514075 -0.0006496365004870742 0.09315006440361102 1.004867733502299
2 0.004238063313 0.361 -0.4437917653525822 -0.000560467547665699 0.09300705787397257 1.004823664997597
2 0.004238063313 0.362 -0.4437625640951229 -0.0004720835522480966 0.09286575230494999 1.004779992981242
2 0.004238063313 0.363 -0.4437383403051758 -0.0003844885778868018 0.09272613954644794 1.004736713852918
2 0.004238063313 0.364 -0.4437190492363688 -0.0002976865909949056 0.09258821140863401 1.004693824056905
2 0.004238063313 0.365 -0.4437046458771984 -0.0002116814630223544 0.09245195966221249 1.004651320081266
2 0.004238063313 0.366 -0.4436950851135042 -0.0001264770285978409 0.09231737606248192 1.004609198431082
2 0.004238063313 0.367 -0.4436903214756133 -4.20769943086922e-05 0.0921844523103974 1.004567455670888
2 0.004238063313 0.368 -0.4436903093965703 4.151496844510936e-05 0.09205318009174712 1.004526088381641
2 0.004238063313 0.369 -0.4436950030632466 0.0001242952774625051 0.09192355105369597 1.004485093186007
2 0.004238063313 0.37 -0.4437043564231185 0.0002062604377095063 0.09179555680513536 1.004444466747608
2 0.004238063313 0.371 -0.4437183233309853 0.0002874069879590743 0.09166918894002826 1.004404205745986
2 0.004238063313 0.372 -0.4437368573208497 0.0003677315846169281 0.09154443899978157 1.004364306916316
2 0.004238063313 0.373 -0.4437599118389755 0.0004472309164371817 0.09142129851116429 1.004324767009144
2 0.004238063313 0.374 -0.4437874401096481 0.0005259017541954597 0.09129975896369517 1.004285582814057
2 0.004238063313 0.375 -0.4438193951414095 0.0006037409488750152 0.09117981181005329 1.00424675115899
2 0.004238063313 0.376 -0.4438557298592993 0.0006807453825751829 0.09106144848855968 1.004208268886782
2 0.004238063313 0.377 -0.443896396899493 0.0007569120457361238 0.09094466038707892 1.004170132892377
2 0.004238063313 0.378 -0.4439413488192112 0.000832237958611956 0.09082943887944911 1.004132340085123
2 0.004238063313 0.379 -0.4439905379759724 0.0009067202170707682 0.09071577530383688 1.004094887410942
2 0.004238063313 0.38 -0.4440439165333426 0.0009803559909752873 0.0906036609631958 1.004057771851693
2 0.004238063313 0.381 -0.44410143657984 0.001053142478902054 0.09049308714676514 1.004020990403206
2 0.004238063313 0.382 -0.4441630499445667 0.001125076979473198 0.09038404509567229 1.003984540110159
2 0.004238063313 0.383 -0.4442287083857768 0.001196156818862247 0.09027652603769369 1.003948418030733
2 0.004238063313 0.384 -0.4442983634825849 0.001266379393136604 0.09017052116667343 1.003912621257411
2 0.004238063313 0.385 -0.4443719666402824 0.001335742166812091 0.09006602164301791 1.003877146916387
2 0.004238063313 0.386 -0.4444494691969258 0.001404242630973899 0.08996301861411969 1.00384199214696
2 0.004238063313 0.387 -0.4445308222583854 0.001471878369348326 0.08986150318179129 1.003807154134268
2 0.004238063313 0.388 -0.4446159768671855 0.001538646991193575 0.0897614664352188 1.003772630076125
2 0.004238063313 0.389 -0.4447048839057436 0.001604546170556351 0.08966289943151584 1.003738417202544
2 0.004238063313 0.39 -0.4447974941013015 0.001669573644982039 0.08956579319624559 1.003704512775192
2 0.004238063313 0.391 -0.4448937581211047 0.001733727176671646 0.08947013874269995 1.003670914068046
2 0.004238063313 0.392 -0.4449936264254636 0.001797004613860162 0.08937592704126114 1.003637618398137
2 0.004238063313 0.393 -0.4450970494183042 0.001859403828512693 0.08928314905044467 1.00360462309441
2 0.004238063313 0.394 -0.4452039773611148 0.001920922752828116 0.08919179569864176 1.003571925516064
2 0.004238063313 0.395 -0.4453143603775307 0.001981559378088858 0.08910185788466005 1.003539523052055
2 0.004238063313 0.396 -0.4454281485379195 0.002041311718526019 0.08901332649580847 1.003507413102908
2 0.004238063313 0.397 -0.4455452917291983 0.002100177868512758 0.08892619237925323 1.003475593109637
2 0.004238063313 0.398 -0.4456657397883801 0.002158155944545936 0.08884044637107813 1.003444060524456
2 0.004238063313 0.399 -0.4457894424264914 0.002215244119295754 0.08875607927925033 1.003412812828045
2 0.004238063313 0.4 -0.4459163492328505 0.00227144062058105 0.08867308188417304 1.003381847529079
2 0.004238063313 0.401 -0.4460464097497788 0.002326743697648189 0.08859144495554312 1.003351162147125
2 0.004238063313 0.402 -0.4461795733580587 0.00238115167463667 0.08851115922574299 1.003320754239858
2 0.004238063313 0.403 -0.4463157893946195 0.002434662896379061 0.08843221541687156 1.003290621375505
2 0.004238063313 0.404 -0.4464550070857708 0.002487275760265664 0.08835460422495475 1.003260761149095
2 0.004238063313 0.405 -0.4465971755512079 0.002538988715332968 0.08827831632050417 1.003231171182032
2 0.004238063313 0.406 -0.4467422438694942 0.002589800230691226 0.08820334236412819 1.003201849105977
2 0.004238063313 0.407 -0.4468901609781639 0.002639708845674559 0.08812967298198042 1.003172792588506
2 0.004238063313 0.408 -0.4470408757765673 0.002688713119038105 0.08805729879073695 1.00314399930714
2 0.004238063313 0.409 -0.4471943370678376 0.002736811658880576 0.08798621038305994 1.00311546696467
2 0.004238063313 0.41 -0.4473504935626519 0.002784003121835022 0.0879163983281577 1.003087193288756
2 0.004238063313 0.411 -0.4475092939360603 0.002830286183405717 0.08784785318614191 1.003059176016735
2 0.004238063313 0.412 -0.4476706867413476 0.002875659585175688 0.08778056548553574 1.003031412919827
2 0.004238063313 0.413 -0.4478346204989454 0.002920122087020458 0.0877145257461906 1.003003901778635
2 0.004238063313 0.414 -0.4480010436466129 0.002963672495308381 0.08764972446600208 1.002976640397614
2 0.004238063313 0.415 -0.448169904542983 0.003006309662184236 0.08758615212146705 1.002949626604699
2 0.004238063313 0.416 -0.4483411515162455 0.003048032457598579 0.0875237991807896 1.002922858236959
2 0.004238063313 0.417 -0.4485147327909852 0.00308883981391113 0.08746265608343709 1.002896333163469
2 0.004238063313 0.418 -0.4486905965639632 0.00312873068077593 0.08740271326100546 1.002870049262168
2 0.004238063313 0.419 -0.4488686909620548 0.003167704051819245 0.08734396112517763 1.00284400443353
2 0.004238063313 0.42 -0.4490489640456047 0.003205758964007701 0.08728639006827432 1.002818196600226
2 0.004238063313 0.421 -0.4492313638494149 0.00324289447117294 0.08722999047511962 1.00279262369356
2 0.004238063313 0.422 -0.4494158383218665 0.003279109686319178 0.08717475270462077 1.002767283675101
2 0.004238063313 0.423 -0.4496023353882823 0.003314403738865551 0.08712066710860394 1.002742174514801
2 0.004238063313 0.424 -0.4497908029162148 0.003348775799983849 0.08706772402099827 1.002717294203933
2 0.004238063313 0.425 -0.4499811887186358 0.003382225082043879 0.08701591375837767 1.002692640754772
2 0.004238063313 0.426 -0.4501734405876243 0.003414750813453569 0.08696522663060359 1.002668212187764
2 0.004238063313 0.427 -0.4503675062451646 0.003446352278952555 0.08691565292439478 1.002644006552007
2 0.004238063313 0.428 -0.450563333394714 0.003477028778924688 0.08686718292016531 1.00262002190454
2 0.004238063313 0.429 -0.4507608696934881 0.003506779653562385 0.08681980688241202 1.00259625632259
2 0.004238063313 0.43 -0.4509600627555026 0.00353560428238288 0.08677351506024525 1.002572707903285
2 0.004238063313 0.431 -0.4511608601783129 0.003563502060218985 0.08672829769683169 1.002549374751497
2 0.004238063313 0.432 -0.4513632095049538 0.003590472435757437 0.08668414501491219 1.002526254999249
2 0.004238063313 0.433 -0.4515670582642606 0.003616514872658313 0.0866410472316826 1.002503346786096
2 0.004238063313 0.434 -0.4517723539498421 0.0036416288726993 0.08659899455035776 1.002480648270738
2 0.004238063313 0.435 -0.451979044022994 0.003665813975357239 0.0865579771606893 1.002458157630747
2 0.004238063313 0.436 -0.452187075932793 0.003689069734798036 0.08651798524723602 1.002435873051041
2 0.004238063313 0.437 -0.4523963970887168 0.003711395756898172 0.08647900897678176 1.002413792742306
2 0.004238063313 0.438 -0.4526069548901944 0.003732791661928638 0.0864410385113059 1.002391914922375
2 0.004238063313 0.439 -0.4528186967119986 0.003753257106820562 0.08640406400069346 1.002370237827255
2 0.004238063313 0.44 -0.4530315699070491 0.003772791784807126 0.08636807558323906 1.002348759710875
2 0.004238063313 0.441 -0.4532455218201231 0.003791395403272773 0.08633306339277505 1.002327478834142
2 0.004238063313 0.442 -0.4534604997707585 0.003809067719478381 0.08629901754793719 1.00230639348244
2 0.004238063313 0.443 -0.4536764510724443 0.003825808504585702 0.08626592816327606 1.002285501947948
2 0.004238063313 0.444 -0.4538933230242014 0.003841617565175327 0.08623378534308128 1.002264802540115
2 0.004238063313 0.445 -0.4541110629132935 0.003856494742944629 0.0862025791818698 1.002244293585431
2 0.004238063313 0.446 -0.4543296180227777 0.003870439893286678 0.08617229977040564 1.002223973417021
2 0.004238063313 0.447 -0.4545489356243538 0.003883452919923781 0.0861429371867567 1.002203840391288
2 0.004238063313 0.448 -0.4547689629875442 0.003895533740064619 0.08611448150560325 1.002183892871101
2 0.004238063313 0.449 -0.4549896473772692 0.003906682305296273 0.08608692279314087 1.002164129235762
2 0.004238063313 0.45 -0.4552109360564802 0.00391689860133433 0.08606025110755312 1.002144547880794
2 0.004238063313 0.451 -0.4554327762877405 0.003926182627211027 0.08603445650395727 1.002125147208031
2 0.004238063313 0.452 -0.4556551153357387 0.003934534429007818 0.08600952902719437 1.002105925641477
2 0.004238063313 0.453 -0.4558779004667501 0.003941954065951769 0.0859854587193923 1.002086881611293
2 0.004238063313 0.454 -0.4561010789520472 0.003948441630795148 0.08596223561591199 1.002068013563294
2 0.004238063313 0.455 -0.4563245980704685 0.003953997249614245 0.08593984974580408 1.002049319958748
2 0.004238063313 0.456 -0.456548405104186 0.003958621061494355 0.08591829113571652 1.002030799264943
2 0.004238063313 0.457 -0.4567724473506525 0.003962313251539484 0.08589754980435829 1.002012449970297
2 0.004238063313 0.458 -0.456996672112586 0.003965074017727429 0.08587761576837658 1.001994270569098
2 0.004238063313 0.459 -0.4572210267070845 0.003966903590883011 0.08585847903930992 1.001976259570564
2 0.004238063313 0.46 -0.4574454584681434 0.003967802234522534 0.08584012962402865 1.001958415498654
2 0.004238063313 0.461 -0.4576699147367359 0.003967770224930479 0.08582255752764062 1.001940736883067
2 0.004238063313 0.462 -0.457894342882014 0.003966807883613169 0.08580575274956941 1.00192322227367
2 0.004238063313 0.463 -0.4581186902820056 0.003964915544743458 0.08578970528780462 1.00190587022593
2 0.004238063313 0.464 -0.458342904338332 0.003962093574827093 0.08577440513682617 1.001888679309568
2 0.004238063313 0.465 -0.458566932478689 0.003958342372589958 0.08575984228802863 1.001871648108382
2 0.004238063313 0.466 -0.4587907221413341 0.003953662349347963 0.08574600673166109 1.00185477521165
2 0.004238063313 0.467 -0.4590142208054083 0.003948053961061185 0.08573288845446092 1.001838059227916
2 0.004238063313 0.468 -0.4592373759624884 0.003941517676209609 0.08572047744233646 1.001821498771078
2 0.004238063313 0.469 -0.4594601351368358 0.00393405399524596 0.08570876367922668 1.001805092468651
2 0.004238063313 0.47 -0.4596824458878506 0.003925663450523181 0.08569773714750974 1.00178883896161
2 0.004238063313 0.471 -0.4599042557890375 0.003916346586864949 0.08568738782901267 1.001772736896166
2 0.004238063313 0.472 -0.4601255124673546 0.003906103993367423 0.08567770570414289 1.001756784936955
2 0.004238063313 0.473 -0.4603461635657233 0.003894936271557022 0.08566868075306149 1.001740981753732
2 0.004238063313 0.474 -0.4605661567687587 0.003882844054717522 0.08566030295544327 1.001725326029278
2 0.004238063313 0.475 -0.4607854398052089 0.003869828007855363 0.08565256229087026 1.001709816459253
2 0.004238063313 0.476 -0.4610039604214442 0.003855888808383797 0.08564544873894561 1.00169445174433
2 0.004238063313 0.477 -0.4612216664297802 0.003841027177810592 0.08563895227986749 1.001679230602813
2 0.004238063313 0.478 -0.4614385056620056 0.003825243850037738 0.08563306289414849 1.001664151757908
2 0.004238063313 0.479 -0.4616544260005706 0.003808539590645373 0.08562777056324331 1.001649213945297
2 0.004238063313 0.48 -0.4618693753810221 0.003790915196892687 0.08562306526992756 1.00163441591299
2 0.004238063313 0.481 -0.4620833017600351 0.003772371478433829 0.08561893699754902 1.001619756413803
2 0.004238063313 0.482 -0.4622961531726982 0.003752909289021763 0.08561537573199085 1.001605234217442
2 0.004238063313 0.483 -0.46250787767708 0.003732529494818058 0.08561237145999108 1.00159084809831
2 0.004238063313 0.484 -0.4627184233908739 0.003711232993711323 0.08560991417060565 1.001576596842766
2 0.004238063313 0.485 -0.4629277384938396 0.003689020715351581 0.08560799385557365 1.001562479248986
2 0.004238063313 0.486 -0.4631357711903742 0.003665893601820963 0.08560660050773741 1.001548494119752
2 0.004238063313 0.487 -0.463342469775783 0.003641852639476078 0.08560572412434492 1.001534640274043
2 0.004238063313 0.488 -0.463547782571868 0.003616898827143942 0.08560535470401998 1.001520916535342
2 0.004238063313 0.489 -0.4637516579690518 0.003591033195547924 0.08560548224903106 1.001507321738597
2 0.004238063313 0.49 -0.4639540444288314 0.003564256807373562 0.08560609676564372 1.001493854730097
2 0.004238063313 0.491 -0.4641548904408692 0.003536570737821669 0.08560718826173898 1.001480514360548
2 0.004238063313 0.492 -0.464354144598302 0.003507976106704189 0.0856087467514085 1.001467299496197
2 0.004238063313 0.493 -0.4645517555243045 0.003478474046409788 0.08561076225062264 1.001454209007615
2 0.004238063313 0.494 -0.4647476719197308 0.003448065721505838 0.08561322478027751 1.00144124177638
2 0.004238063313 0.495 -0.4649418425655918 0.003416752328833717 0.08561612436653555 1.001428396694957
2 0.004238063313 0.496 -0.4651342162746201 0.003384535077876429 0.08561945103766969 1.001415672660049
2 0.004238063313 0.497 -0.4653247419757062 0.003351415223215681 0.08562319482990809 1.001403068583288
2 0.004238063313 0.498 -0.4655133686313558 0.003317394032157921 0.08562734578184421 1.001390583380458
2 0.004238063313 0.499 -0.4657000452909082 0.003282472804576556 0.08563189393823629 1.001378215977915
2 0.004238063313 0.5 -0.465884721093044 0.003246652873034801 0.0856368293503376 1.001365965312472
2 0.004238063313 0.501 -0.4660673452117638 0.003209935582904261 0.085642142071991 1.001353830325021
2 0.004238063313 0.502 -0.466247866950068 0.003172322325283933 0.08564782216668478 1.001341809970794
2 0.004238063313 0.503 -0.4664262356481965 0.00313381450418454 0.08565385970074393 1.001329903209018
2 0.004238063313 0.504 -0.466602400742501 0.003094413556670908 0.08566024474785988 1.001318109009078
2 0.004238063313 0.505 -0.4667763117679907 0.003054120953010491 0.08566696738941112 1.001306426350416
2 0.004238063313 0.506 -0.4669479182986459 0.003012938176483584 0.08567401770983069 1.001294854216392
2 0.004238063313 0.507 -0.4671171700504845 0.002970866756858047 0.08568138580483868 1.001283391604158
2 0.004238063313 0.508 -0.4672840167804469 0.002927908237036723 0.08568906177345015 1.001272037514704
2 0.004238063313 0.509 -0.4674484083510141 0.002884064193555707 0.08569703572321481 1.001260790958796
2 0.004238063313 0.51 -0.4676102947327991 0.002839336236756687 0.08570529777052939 1.001249650956869
2 0.004238063313 0.511 -0.4677696259390996 0.002793725990233651 0.08571383803529779 1.001238616533129
2 0.004238063313 0.512 -0.4679263521385214 0.002747235124950288 0.08572264665031019 1.001227686725051
2 0.004238063313 0.513 -0.4680804235443437 0.002699865325262134 0.08573171375209861 1.001216860573803
2 0.004238063313 0.514 -0.4682317904849911 0.002651618309822299 0.08574102948686911 1.001206137129961
2 0.004238063313 0.515 -0.4683804034066772 0.002602495831775805 0.08575058401080722 1.001195515453405
2 0.004238063313 0.516 -0.4685262128020862 0.002552499657791767 0.08576036748404771 1.001184994607647
2 0.004238063313 0.517 -0.4686691693327466 0.002501631602903658 0.08577037008117497 1.001174573668968
2 0.004238063313 0.518 -0.4688092237086884 0.002449893495824598 0.08578058198095238 1.00116425171721
2 0.004238063313 0.519 -0.468946326764891 0.002397287200308021 0.08579099337293276 1.001154027841265
2 0.004238063313 0.52 -0.4690804294639843 0.002343814615362138 0.08580159445775806 1.00114390113899
2 0.004238063313 0.521 -0.4692114828189365 0.002289477653820754 0.08581237544045275 1.001133870711735
2 0.004238063313 0.522 -0.4693394380253925 0.002234278277979776 0.08582332654202497 1.00112393567315
2 0.004238063313 0.523 -0.4694642463314116 0.002178218464130864 0.0858344379880913 1.00111409514031
2 0.004238063313 0.524 -0.4695858591200271 0.002121300224420362 0.08584570001615381 1.001104348239011
2 0.004238063313 0.525 -0.4697042279120109 0.002063525607082065 0.08585710287589531 1.001094694103681
2 0.004238063313 0.526 -0.469819304282429 0.002004896674503901 0.08586863682180765 1.001085131872115
2 0.004238063313 0.527 -0.4699310400031808 0.001945415539727346 0.08588029212587771 1.001075660693954
2 0.004238063313 0.528 -0.4700393869025864 0.001885084330131375 0.08589205906512445 1.001066279722143
2 0.004238063313 0.529 -0.470144296954204 0.001823905209828899 0.08590392792953391 1.001056988118027
2 0.004238063313 0.53 -0.4702457222796628 0.001761880379915993 0.08591588902235126 1.001047785051267
2 0.004238063313 0.531 -0.4703436150589387 0.001699012055995807 0.08592793265205224 1.001038669694771
2 0.004238063313 0.532 -0.4704379276833468 0.00163530250560076 0.08594004914610323 1.001029641232861
2 0.004238063313 0.533 -0.4705286126047289 0.001570754010965529 0.08595222883742222 1.001020698853041
2 0.004238063313 0.534 -0.4706156224306864 0.001505368891996084 0.08596446207296625 1.001011841750914
2 0.004238063313 0.535 -0.4706989099274853 0.00143914950653355 0.08597673921402166 1.001003069130097
2 0.004238063313 0.536 -0.4707784279238942 0.001372098227300823 0.08598905062752378 1.000994380197334
2 0.004238063313 0.537 -0.4708541294748979 0.001304217480300651 0.08600138670088492 1.000985774170373
2 0.004238063313 0.538 -0.4709259677002205 0.001235509706623154 0.08601373782738657 1.000977250270029
2 0.004238063313 0.539 -0.4709938958861391 0.001165977386018453 0.08602609441541645 1.000968807724923
2 0.004238063313 0.54 -0.4710578674884661 0.001095623037173304 0.0860384468887581 1.000960445771401
2 0.004238063313 0.541 -0.4711178360297808 0.001024449194050048 0.08605078567726132 1.000952163648824
2 0.004238063313 0.542 -0.471173755274147 0.0009524584453068962 0.08606310123273674 1.000943960607163
2 0.004238063313 0.543 -0.4712255790546924 0.0008796533950922553 0.08607538401328162 1.000935835899343
2 0.004238063313 0.544 -0.471273261382177 0.0008060366872478075 0.08608762449316637 1.000927788785815
2 0.004238063313 0.545 -0.471316756448056 0.0007316110055960923 0.08609981316312509 1.000919818534481
2 0.004238063313 0.546 -0.4713560185149297 0.0006563790496454893 0.08611194052037605 1.000911924416147
2 0.004238063313 0.547 -0.4713910021025604 0.0005803435750723017 0.08612399708558624 1.000904105711848
2 0.004238063313 0.548 -0.4714216618042137 0.0005035073534609026 0.08613597338612834 1.000896361705469
2 0.004238063313 0.549 -0.4714479524021663 0.0004258731971600221 0.08614785996661974 1.000888691688151
2 0.004238063313 0.55 -0.4714698288708492 0.0003474439595794321 0.08615964738921517 1.000881094958219
2 0.004238063313 0.551 -0.4714872462603353 0.0002682225102388131 0.08617132622297392 1.000873570816797
2 0.004238063313 0.552 -0.4715001598939603 0.0001882117763444357 0.08618288706190241 1.000866118574875
2 0.004238063313 0.553 -0.4715085251731228 0.0001074147014409321 0.0861943205071351 1.000858737546189
2 0.004238063313 0.554 -0.4715122976999174 2.583427093941922e-05 0.08620561717813194 1.000851427051471
2 0.004238063313 0.555 -0.4715114332803639 -5.652648757854183e-05 0.08621676771297422 1.00084418641838
2 0.004238063313 0.556 -0.4715058878007414 -0.0001396645299862449 0.08622776275707247 1.000837014977276
2 0.004238063313 0.5570000000000001 -0.471495617437127 -0.0002235767529144883 0.08623859298229927 1.000829912068029
2 0.004238063313 0.5580000000000001 -0.4714805784483447 -0.0003082600362156388 0.08624924906808282 1.000822877033159
2 0.004238063313 0.5590000000000001 -0.4714607273059143 -0.0003937112167491311 0.08625972171327108 1.000815909221931
2 0.004238063313 0.5600000000000001 -0.4714360206973682 -0.0004799270880720594 0.08627000163643216 1.00080900799029
2 0.004238063313 0.5610000000000001 -0.4714064153952404 -0.0005669044267525976 0.08628007956389382 1.000802172696783
2 0.004238063313 0.5620000000000001 -0.4713718684788427 -0.000654639948532613 0.0862899462499836 1.000795402709128
2 0.004238063313 0.5630000000000001 -0.4713323371150425 -0.0007431303519283135 0.0862995924570189 1.000788697397599
2 0.004238063313 0.5640000000000001 -0.4712877786957247 -0.0008323722913189046 0.08630900896784906 1.000782056138971
2 0.004238063313 0.5650000000000001 -0.4712381508411966 -0.0009223623766335405 0.08631818658616107 1.00077547831646
2 0.004238063313 0.5660000000000001 -0.4711834112616357 -0.001013097200362754 0.0863271161238397 1.000768963315793
2 0.004238063313 0.5670000000000001 -0.471123517991428 -0.001104573292568326 0.08633578842233544 1.000762510531537
2 0.004238063313 0.5680000000000001 -0.4710584291574507 -0.001196787165634594 0.08634419433153134 1.000756119360721
2 0.004238063313 0.5690000000000001 -0.4709881031242462 -0.001289735286653844 0.08635232472297619 1.000749789206645
2 0.004238063313 0.5700000000000001 -0.4709124984975145 -0.001383414077111412 0.08636017049019695 1.000743519478818
2 0.004238063313 0.5710000000000001 -0.4708315739778225 -0.001477819940600978 0.08636772253536552 1.000737309589167
2 0.004238063313 0.5720000000000001 -0.4707452886078308 -0.001572949216675577 0.08637497179181917 1.000731158958142
2 0.004238063313 0.5730000000000001 -0.4706536015277555 -0.001668798226757044 0.08638190920178021 1.000725067008567
2 0.004238063313 0.5740000000000001 -0.4705564721284522 -0.001765363245815704 0.08638852573029628 1.000719033169311
2 0.004238063313 0.5750000000000001 -0.4704538600549977 -0.001862640502055415 0.0863948123655601 1.000713056875224
2 0.004238063313 0.5760000000000001 -0.4703457250524605 -0.001960626205334569 0.08640076010486708 1.00070713756349
2 0.004238063313 0.577 -0.4702320272263443 -0.002059316499858654 0.08640635997831643 1.000701274679508
2 0.004238063313 0.578 -0.4701127267849009 -0.002158707511248798 0.08641160302535625 1.000695467670964
2 0.004238063313 0.579 -0.4699877842003233 -0.002258795317517235 0.08641648030944848 1.000689715991367
2 0.004238063313 0.58 -0.4698571602124175 -0.002359575948754069 0.08642098291839734 1.000684019099993
2 0.004238063313 0.581 -0.4697208156662338 -0.002461045416251896 0.08642510194957927 1.000678376458369
2 0.004238063313 0.582 -0.4695787117860541 -0.002563199664046773 0.08642882853485638 1.000672787535932
2 0.004238063313 0.583 -0.4694308099042289 -0.002666034617140255 0.08643215381591619 1.000667251804326
2 0.004238063313 0.584 -0.4692770716306784 -0.002769546151776193 0.08643506895968101 1.000661768740808
2 0.004238063313 0.585 -0.4691174588566522 -0.002873730095130857 0.08643756515864569 1.000656337828187
2 0.004238063313 0.586 -0.4689519335840249 -0.002978582255135222 0.0864396336153602 1.000650958551441
2 0.004238063313 0.587 -0.4687804582131504 -0.003084098370877507 0.08644126556858987 1.000645630403171
2 0.004238063313 0.588 -0.4686029952578976 -0.003190274161966877 0.08644245226741551 1.000640352878102
2 0.004238063313 0.589 -0.4684195075236572 -0.003297105298120759 0.08644318498740923 1.000635125476365
2 0.004238063313 0.59 -0.4682299581111878 -0.003404587398860071 0.08644345503098223 1.000629947703441
2 0.004238063313 0.591 -0.4680343102373784 -0.003512716064019343 0.08644325371109786 1.000624819066897
2 0.004238063313 0.592 -0.4678325275372909 -0.003621486823030242 0.08644257237871623 1.000619739081644
2 0.004238063313 0.593 -0.4676245737650734 -0.003730895185408801 0.08644140239561802 1.000614707264639
2 0.004238063313 0.594 -0.4674104129806654 -0.003840936609666286 0.0864397351513697 1.00060972313804
2 0.004238063313 0.595 -0.4671900095537289 -0.003951606503011173 0.08643756206368225 1.000604786229162
2 0.004238063313 0.596 -0.4669633279756859 -0.004062900252533579 0.08643487456133109 1.000599896067326
2 0.004238063313 0.597 -0.4667303331762611 -0.004174813173395231 0.08643166411292511 1.000595052188923
2 0.004238063313 0.598 -0.4664909902099585 -0.004287340560416002 0.08642792219841455 1.000590254132314
2 0.004238063313 0.599 -0.4662452644516544 -0.004400477656325019 0.08642364032687053 1.000585501440868
2 0.004238063313 0.6 -0.4659931216006114 -0.004514219651471023 0.08641881003685518 1.000580793662916
2 0.004238063313 0.601 -0.4657345274836022 -0.004628561715663869 0.08641342287852362 1.000576130348722
2 0.004238063313 0.602 -0.4654694483862569 -0.004743498945302401 0.0864074704437594 1.000571511055353
2 0.004238063313 0.603 -0.4651978507247982 -0.004859026416030062 0.08640094433632477 1.00056693534177
2 0.004238063313 0.604 -0.4649197012507035 -0.004975139150346538 0.08639383619048055 1.000562402771758
2 0.004238063313 0.605 -0.4646349670548006 -0.005091832117328084 0.08638613767136834 1.000557912913872
2 0.004238063313 0.606 -0.4643436153612946 -0.005209100265105296 0.08637784045626805 1.000553465338528
2 0.004238063313 0.607 -0.4640456138742157 -0.005326938466966134 0.08636893626614388 1.000549059622687
2 0.004238063313 0.608 -0.4637409304341135 -0.005445341575044538 0.08635941683439347 1.000544695345134
2 0.004238063313 0.609 -0.4634295332319685 -0.005564304387316427 0.08634927392633511 1.000540372089291
2 0.004238063313 0.61 -0.4631113908133646 -0.005683821647331513 0.08633849933960216 1.00053608944317
2 0.004238063313 0.611 -0.4627864718632431 -0.005803888077303063 0.08632708488452943 1.000531846996573
2 0.004238063313 0.612 -0.4624547455677346 -0.005924498323228954 0.08631502241715487 1.000527644345596
2 0.004238063313 0.613 -0.4621161812555268 -0.006045647009571577 0.08630230380652235 1.000523481088087
2 0.004238063313 0.614 -0.4617707486211949 -0.006167328705665363 0.08628892095506423 1.000519356826356
2 0.004238063313 0.615 -0.4614184177294477 -0.006289537925461608 0.08627486579900838 1.000515271167123
2 0.004238063313 0.616 -0.4610591587904399 -0.006412269161202529 0.08626013028786529 1.00051122371883
2 0.004238063313 0.617 -0.4606929425372585 -0.006535516827608735 0.08624470641893209 1.000507214095969
2 0.004238063313 0.618 -0.4603197398516904 -0.006659275317503152 0.08622858620310248 1.000503241914717
2 0.004238063313 0.619 -0.4599395219971342 -0.006783538967660598 0.08621176168617348 1.000499306795539
2 0.004238063313 0.62 -0.459552260622916 -0.006908302058567058 0.08619422494926504 1.000495408363138
2 0.004238063313 0.621 -0.4591579275299983 -0.007033558848647061 0.08617596808737921 1.00049154624387
2 0.004238063313 0.622 -0.4587564950643785 -0.00715930351757127 0.08615698324545394 1.000487720069909
2 0.004238063313 0.623 -0.4583479357269967 -0.007285530222771796 0.08613726258263321 1.000483929475043
2 0.004238063313 0.624 -0.45793222241638 -0.007412233064767565 0.08611679829452636 1.00048017409718
2 0.004238063313 0.625 -0.4575093284330268 -0.007539406086939416 0.08609558261364075 1.000476453578301
2 0.004238063313 0.626 -0.457079227235358 -0.007667043310276656 0.08607360778698409 1.000472767561975
2 0.004238063313 0.627 -0.4566418928492699 -0.007795138675863592 0.08605086611371561 1.000469115697356
2 0.004238063313 0.628 -0.456197299461936 -0.007923686102228465 0.08602734990782866 1.000465497635149
2 0.004238063313 0.629 -0.4557454216743309 -0.008052679450181377 0.08600305152139184 1.000461913030019
2 0.004238063313 0.63 -0.4552862345056734 -0.008182112522606609 0.08597796334499475 1.000458361540536
2 0.004238063313 0.631 -0.4548197131394825 -0.008311979099691091 0.08595207778436421 1.000454842826797
2 0.004238063313 0.632 -0.4543458333495052 -0.008442272880653669 0.08592538729966075 1.000451356554261
2 0.004238063313 0.633 -0.4538645710771883 -0.008572987541864875 0.08589788436652589 1.000447902389876
2 0.004238063313 0.634 -0.4533759026942101 -0.008704116701237228 0.08586956150033397 1.000444480004387
2 0.004238063313 0.635 -0.4528798050069813 -0.008835653918036025 0.08584041125665101 1.000441089072292
2 0.004238063313 0.636 -0.4523762549926724 -0.008967592728549566 0.08581042620683581 1.000437729269553
2 0.004238063313 0.637 -0.4518652302417225 -0.0090999265871297 0.08577959897902923 1.000434400277272
2 0.004238063313 0.638 -0.4513467085187713 -0.009232648925014861 0.08574792221751841 1.000431101777986
2 0.004238063313 0.639 -0.4508206680353207 -0.00936575311431535 0.08571538860802841 1.000427833457871
2 0.004238063313 0.64 -0.4502870874542865 -0.009499232467843911 0.08568199087819374 1.000424595006703
2 0.004238063313 0.641 -0.4497459456158799 -0.009633080275184606 0.08564772177211566 1.000421386115663
2 0.004238063313 0.642 -0.4491972219968806 -0.009767289743117833 0.0856125740930911 1.000418206480863
2 0.004238063313 0.643 -0.4486408962548404 -0.00990185405507436 0.08557654066124684 1.000415055799788
2 0.004238063313 0.644 -0.4480769485109837 -0.01003676633476106 0.08553961433989925 1.000411933773413
2 0.004238063313 0.645 -0.4475053593548033 -0.01017201964601241 0.0855017880360381 1.000408840106167
2 0.004238063313 0.646 -0.4469261095596901 -0.01030760702921229 0.08546305467381211 1.000405774503822
2 0.004238063313 0.647 -0.4463391805591335 -0.01044352144118093 0.08542340723904297 1.000402736676879
2 0.004238063313 0.648 -0.4457445539740293 -0.01057975581518341 0.08538283873508373 1.000399726337154
2 0.004238063313 0.649 -0.4451422119059135 -0.01071630302424378 0.08534134221027395 1.00039674319981
2 0.004238063313 0.65 -0.4445321369415969 -0.01085315588101871 0.08529891075843568 1.000393786983316
2 0.004238063313 0.651 -0.4439143118584485 -0.01099030717452373 0.08525553749125958 1.000390857407431
2 0.004238063313 0.652 -0.4432887201176662 -0.01112774960956399 0.08521121558464852 1.000387954196443
2 0.004238063313 0.653 -0.4426553453745412 -0.01126547586721612 0.08516593823275535 1.000385077075901
2 0.004238063313 0.654 -0.4420141717821073 -0.01140347856788151 0.08511969867656034 1.000382225774557
2 0.004238063313 0.655 -0.4413651839958079 -0.01154175027118312 0.08507249020437864 1.000379400024334
2 0.004238063313 0.656 -0.4407083668683544 -0.0116802835129452 0.08502430612312063 1.000376599558387
2 0.004238063313 0.657 -0.4400437059601825 -0.0118190707442537 0.08497513980650742 1.000373824114208
2 0.004238063313 0.658 -0.4393711870325538 -0.01195810439232657 0.08492498464724532 1.000371073430497
2 0.004238063313 0.659 -0.4386907963616847 -0.01209737682335904 0.08487383408675081 1.000368347249023
2 0.004238063313 0.66 -0.4380025207434404 -0.01223688034244477 0.08482168161566907 1.000365645314585
2 0.004238063313 0.661 -0.4373063471777029 -0.0123766072307557 0.08476852074398311 1.000362967373165
2 0.004238063313 0.662 -0.4366022633961067 -0.01251654968432168 0.08471434505114167 1.000360313174897
2 0.004238063313 0.663 -0.4358902573378783 -0.01265669987520038 0.08465914813632948 1.000357682471067
2 0.004238063313 0.664 -0.435170317474498 -0.01279704991416996 0.0846029236493638 1.000355075015901
2 0.004238063313 0.665 -0.4344424328144109 -0.0129375918506754 0.08454566529122332 1.000352490566522
2 0.004238063313 0.666 -0.4337065925768591 -0.01307831771015295 0.08448736678298241 1.000349928881187
2 0.004238063313 0.667 -0.4329627867369608 -0.01321921943262231 0.08442802191788895 1.000347389722122
2 0.004238063313 0.668 -0.4322110054842166 -0.01336028893406351 0.08436762450969205 1.000344872852657
2 0.004238063313 0.669 -0.4314512395577388 -0.01350151806901447 0.08430616842473287 1.000342378038932
2 0.004238063313 0.67 -0.4306834802509739 -0.01364289863054352 0.08424364758248279 1.00033990504986
2 0.004238063313 0.671 -0.4299077190749638 -0.0137844223876606 0.08418005592328072 1.000337453655433
2 0.004238063313 0.672 -0.4291239483208088 -0.01392608102381876 0.08411538746239555 1.000335023629444
2 0.004238063313 0.673 -0.4283321605007969 -0.014067866198402 0.08404963623637633 1.000332614746739
2 0.004238063313 0.674 -0.4275323486942168 -0.01420976950928719 0.08398279633635716 1.000330226784847
2 0.004238063313 0.675 -0.426724506552086 -0.01435178249284375 0.08391486190860441 1.000327859523951
2 0.004238063313 0.676 -0.4259086279498245 -0.01449389666137176 0.08384582712103657 1.000325512745266
2 0.004238063313 0.677 -0.4250847075671134 -0.01463610344161273 0.08377568621930276 1.000323186233635
2 0.004238063313 0.678 -0.4242527403116284 -0.01477839423624911 0.08370443347112304 1.00032087977491
2 0.004238063313 0.679 -0.4234127216754406 -0.01492076038649208 0.08363206320082631 1.000318593157506
2 0.004238063313 0.68 -0.4225646477397401 -0.0150631931721092 0.08355856978990492 1.000316326172373
2 0.004238063313 0.681 -0.421708514816924 -0.01520568384882763 0.08348394764229942 1.000314078611447
2 0.004238063313 0.6820000000000001 -0.4208443200478336 -0.01534822358695741 0.08340819124252069 1.000311850270128
2 0.004238063313 0.6830000000000001 -0.4199720608081038 -0.01549080353279997 0.08333129509795194 1.00030964094478
2 0.004238063313 0.6840000000000001 -0.4190917350751342 -0.01563341477132534 0.08325325377463544 1.000307450434216
2 0.004238063313 0.6850000000000001 -0.4182033414328008 -0.01577604832622836 0.08317406189783384 1.000305278539668
2 0.004238063313 0.6860000000000001 -0.4173068787029774 -0.01591869519723361 0.08309371411606373 1.000303125063307
2 0.004238063313 0.6870000000000001 -0.4164023465601045 -0.01606134629893703 0.08301220516128509 1.000300989810616
2 0.004238063313 0.6880000000000001 -0.4154897449201945 -0.01620399252201819 0.08292952978914056 1.000298872587994
2 0.004238063313 0.6890000000000001 -0.4145690743183395 -0.0163466246960718 0.0828456828160046 1.000296773204179
2 0.004238063313 0.6900000000000001 -0.4136403359134028 -0.01648923358969346 0.08276065911954995 1.000294691470215
2 0.004238063313 0.6910000000000001 -0.4127035311090103 -0.01663180994762073 0.08267445360151728 1.000292627198047
2 0.004238063313 0.6920000000000001 -0.4117586621853743 -0.01677434442990207 0.08258706124999084 1.000290580202774
2 0.004238063313 0.6930000000000001 -0.4108057316710252 -0.01691682767280452 0.08249847707755502 1.000288550300374
2 0.004238063313 0.6940000000000001 -0.4098447427308031 -0.01705925025186626 0.08240869615961649 1.000286537309052
2 0.004238063313 0.6950000000000001 -0.4088756991705201 -0.01720160268201263 0.08231771363497471 1.000284541049216
2 0.004238063313 0.6960000000000001 -0.4078986050474785 -0.01734387545446641 0.08222552466731724 1.000282561342131
2 0.004238063313 0.6970000000000001 -0.4069134653194396 -0.01748605897635535 0.08213212450959582 1.00028059801207
2 0.004238063313 0.6980000000000001 -0.4059202851991859 -0.01762814363120443 0.08203750844008502 1.000278650884145
2 0.004238063313 0.6990000000000001 -0.404919070552922 -0.01777011974227788 0.08194167180198496 1.00027671978559
2 0.004238063313 0.7000000000000001 -0.4039098279049009 -0.01791197757272592 0.08184461000399436 1.00027480454574
2 0.004238063313 0.7010000000000001 -0.4028925640375429 -0.0180537073621959 0.08174631848052455 1.000272904994747
2 0.004238063313 0.7020000000000001 -0.4018672866574099 -0.01819529926699212 0.08164679275818466 1.00027102096563
2 0.004238063313 0.7030000000000001 -0.4008340037327308 -0.01833674342003949 0.08154602838973252 1.000269152292207
2 0.004238063313 0.704 -0.399792723902121 -0.01847802989458449 0.08144402099496216 1.000267298810319
2 0.004238063313 0.705 -0.3987434564791631 -0.01861914870437354 0.0813407662612779 1.000265460357809
2 0.004238063313 0.706 -0.397686211042221 -0.01876008983989483 0.08123625990262318 1.000263636773296
2 0.004238063313 0.707 -0.3966209981172481 -0.01890084320920661 0.0811304977280782 1.000261827898133
2 0.004238063313 0.708 -0.3955478284984402 -0.01904139869725657 0.08102347557369852 1.000260033574433
2 0.004238063313 0.709 -0.3944667136671635 -0.01918174613001292 0.08091518934468812 1.000258253646236
2 0.004238063313 0.71 -0.3933776657964799 -0.01932187527467469 0.08080563501597313 1.000256487959489
2 0.004238063313 0.711 -0.3922806973307708 -0.01946177587547337 0.08069480858984487 1.000254736360877
2 0.004238063313 0.712 -0.3911758216851736 -0.01960143759528749 0.08058270616666723 1.00025299869969
2 0.004238063313 0.713 -0.3900630525495613 -0.01974085007420016 0.08046932387460458 1.000251274825938
2 0.004238063313 0.714 -0.3889424043175461 -0.01988000289413252 0.08035465791307753 1.000249564591471
2 0.004238063313 0.715 -0.3878138920909414 -0.02001888557908651 0.0802387045533339 1.000247867849948
2 0.004238063313 0.716 -0.3866775312493294 -0.0201574876304338 0.08012146009481051 1.000246184455736
2 0.004238063313 0.717 -0.3855333381658865 -0.02029579846943673 0.08000292093794015 1.000244514265678
2 0.004238063313 0.718 -0.3843813294949224 -0.02043380749492443 0.07988308351177713 1.000242857137303
2 0.004238063313 0.719 -0.3832215226108066 -0.02057150404850187 0.07976194431872852 1.000241212929891
2 0.004238063313 0.72 -0.3820539356123574 -0.02070887741482574 0.07963949993512083 1.000239581504443
2 0.004238063313 0.721 -0.3808785868825095 -0.02084591685630711 0.07951574696628771 1.000237962722633
2 0.004238063313 0.722 -0.3796954958202548 -0.02098261155666033 0.07939068212146061 1.000236356448491
2 0.004238063313 0.723 -0.3785046821120057 -0.02111895067757645 0.07926430213930666 1.0002347625467
2 0.004238063313 0.724 -0.377306166180274 -0.02125492332458232 0.07913660383392393 1.000233180883607
2 0.004238063313 0.725 -0.3760999691879753 -0.02139051854734991 0.07900758409540204 1.000231611327197
2 0.004238063313 0.726 -0.3748861125883736 -0.02152572537373821 0.07887723984364765 1.000230053746094
2 0.004238063313 0.727 -0.3736646188728291 -0.02166053275449336 0.07874556810533503 1.000228508011162
2 0.004238063313 0.728 -0.3724355108262882 -0.02179492961879644 0.07861256593737867 1.000226973993887
2 0.004238063313 0.729 -0.3711988119855172 -0.0219289048408479 0.07847823047417642 1.000225451567336
2 0.004238063313 0.73 -0.3699545466433158 -0.0220624472402107 0.07834255892816186 1.000223940606132
2 0.004238063313 0.731 -0.3687027393889347 -0.02219554561511607 0.07820554854238441 1.000222440985509
2 0.004238063313 0.732 -0.3674434158712869 -0.0223281886884395 0.07806719666948822 1.000220952582825
2 0.004238063313 0.733 -0.3661766020389007 -0.02246036516199851 0.07792750069314922 1.000219475276033
2 0.004238063313 0.734 -0.3649023246074933 -0.02259206368393855 0.07778645807654561 1.000218008944584
2 0.004238063313 0.735 -0.3636206110640822 -0.02272327284911036 0.07764406636289961 1.000216553469414
2 0.004238063313 0.736 -0.362331489198095 -0.02285398123156328 0.07750032312683368 1.000215108732032
2 0.004238063313 0.737 -0.361034987879667 -0.02298417733192306 0.07735522605533798 1.000213674615971
2 0.004238063313 0.738 -0.3597311362844271 -0.02311384963031391 0.07720877286720991 1.000212251005324
2 0.004238063313 0.739 -0.358419964370174 -0.02324298655462279 0.07706096136272611 1.000210837785612
2 0.004238063313 0.74 -0.3571015028808756 -0.02337157648091125 0.076911789424171 1.000209434843762
2 0.004238063313 0.741 -0.355775782868713 -0.02349960776501936 0.07676125496599605 1.000208042067245
2 0.004238063313 0.742 -0.3544428364870483 -0.02362706869147233 0.07660935601772709 1.000206659345458
2 0.004238063313 0.743 -0.3531026962004509 -0.02375394752490009 0.07645609064145328 1.000205286568326
2 0.004238063313 0.744 -0.3517553952702175 -0.02388023247925746 0.07630145698266882 1.000203923627131
2 0.004238063313 0.745 -0.3504009677582494 -0.02400591171827072 0.07614545327078635 1.000202570414488
2 0.004238063313 0.746 -0.3490394480402927 -0.02413097338607459 0.07598807776813096 1.000201226823533
2 0.004238063313 0.747 -0.3476708716131262 -0.02425540555777566 0.07582932885472991 1.000199892749225
2 0.004238063313 0.748 -0.3462952742902716 -0.02437919628924166 0.0756692049439065 1.000198568087027
2 0.004238063313 0.749 -0.3449126926960752 -0.02450233358735562 0.07550770453425483 1.000197252733689
2 0.004238063313 0.75 -0.3435231642694531 -0.02462480541049745 0.07534482621013515 1.000195946587224
2 0.004238063313 0.751 -0.3421267267686133 -0.0247465996981357 0.07518056858954064 1.000194649546143
2 0.004238063313 0.752 -0.3407234190919753 -0.02486770432317678 0.07501493041070194 1.000193361510682
2 0.004238063313 0.753 -0.3393132804600453 -0.02498810713999512 0.07484791044585151 1.00019208238156
2 0.004238063313 0.754 -0.3378963509177536 -0.02510779595579996 0.07467950755428823 1.000190812060713
2 0.004238063313 0.755 -0.3364726713380609 -0.02522675853115212 0.07450972068285196 1.000189550451278
2 0.004238063313 0.756 -0.3350422829184658 -0.02534498260843195 0.07433854881270707 1.000188297456862
2 0.004238063313 0.757 -0.3336052280151355 -0.02546245586610381 0.07416599104768411 1.000187052982708
2 0.004238063313 0.758 -0.3321615493114592 -0.02557916596485778 0.07399204652629003 1.000185816934519
2 0.004238063313 0.759 -0.3307112903283184 -0.02569510052016804 0.07381671447581351 1.000184589219149
2 0.004238063313 0.76 -0.3292544954275411 -0.02581024710284502 0.07363999421277539 1.000183369744594
2 0.004238063313 0.761 -0.3277912093005265 -0.02592459326630039 0.07346188508867985 1.000182158419292
2 0.004238063313 0.762 -0.3263214778150247 -0.02603812650285715 0.07328238658000402 1.000180955153237
2 0.004238063313 0.763 -0.3248453471709219 -0.02615083428787271 0.0731014981985411 1.000179759856853
2 0.004238063313 0.764 -0.323362864418095 -0.02626270405356818 0.07291921954648944 1.000178572441659
2 0.004238063313 0.765 -0.3218740774597038 -0.02637372318961616 0.07273555031687667 1.000177392820255
2 0.004238063313 0.766 -0.3203790345332837 -0.02648387906912321 0.07255049023833469 1.00017622090566
2 0.004238063313 0.767 -0.3188777850695787 -0.02659315900711646 0.07236403916663829 1.000175056612368
2 0.004238063313 0.768 -0.3173703788361468 -0.02670155030251717 0.07217619699347762 1.00017389985528
2 0.004238063313 0.769 -0.3158568664624278 -0.02680904021332085 0.07198696370246892 1.000172750550334
2 0.004238063313 0.77 -0.3143372994428647 -0.02691561595722063 0.07179633936954827 1.000171608614493
2 0.004238063313 0.771 -0.3128117296108379 -0.02702126473622763 0.07160432410683515 1.000170473965118
2 0.004238063313 0.772 -0.3112802100089165 -0.02712597369746502 0.0714109181556077 1.000169346520965
2 0.004238063313 0.773 -0.3097427940209114 -0.02722972997286129 0.07121612179361445 1.000168226201175
2 0.004238063313 0.774 -0.3081995359037629 -0.02733252065576089 0.07101993539193557 1.000167112925875
2 0.004238063313 0.775 -0.3066504907904803 -0.02743433280158322 0.07082235941534325 1.00016600661616
2 0.004238063313 0.776 -0.3050957141573154 -0.02753515345100118 0.07062339436532529 1.000164907193502
2 0.004238063313 0.777 -0.3035352627047596 -0.02763496959317396 0.0704230408743725 1.000163814580694
2 0.004238063313 0.778 -0.3019691934787098 -0.02773376820302873 0.07022129961195164 1.000162728700895
2 0.004238063313 0.779 -0.300397564408758 -0.02783153621938173 0.07001817134213867 1.000161649478197
2 0.004238063313 0.78 -0.2988204343109413 -0.02792826054563313 0.06981365692394224 1.000160576837607
2 0.004238063313 0.781 -0.2972378623485707 -0.02802392807142352 0.0696077572535669 1.000159510704491
2 0.004238063313 0.782 -0.2956499089232694 -0.02811852563843721 0.06940047335987481 1.000158451005463
2 0.004238063313 0.783 -0.2940566347859485 -0.02821204007514058 0.06919180630915471 1.000157397667488
2 0.004238063313 0.784 -0.2924581015810632 -0.02830445817649395 0.06898175726344091 1.000156350618409
2 0.004238063313 0.785 -0.2908543718491602 -0.0283957667046823 0.06877032748079581 1.000155309786938
2 0.004238063313 0.786 -0.2892455084818066 -0.02848595240916945 0.06855751825690064 1.000154275102126
2 0.004238063313 0.787 -0.2876315756219209 -0.02857500199520374 0.06834333102153972 1.000153246494207
2 0.004238063313 0.788 -0.2860126377652985 -0.02866290215588129 0.06812776724231438 1.000152223893743
2 0.004238063313 0.789 -0.2843887603103723 -0.0287496395535289 0.06791082848355215 1.000151207232131
2 0.004238063313 0.79 -0.2827600095605476 -0.02883520082047053 0.06769251640654471 1.000150196441589
2 0.004238063313 0.791 -0.2811264521736953 -0.02891957257739911 0.0674728327105624 1.000149191454654
2 0.004238063313 0.792 -0.2794881560709933 -0.02900274140471639 0.06725177923019467 1.000148192204984
2 0.004238063313 0.793 -0.2778451895297765 -0.02908469387178924 0.06702935783817218 1.000147198626549
2 0.004238063313 0.794 -0.2761976217383179 -0.0291654165200839 0.06680557050476223 1.000146210654104
2 0.004238063313 0.795 -0.2745455227979409 -0.02924489586396829 0.06658041929795734 1.000145228223186
2 0.004238063313 0.796 -0.2728889631675645 -0.02932311840732104 0.0663539063240198 1.000144251269632
2 0.004238063313 0.797 -0.2712280145802337 -0.02940007061783763 0.06612603382549596 1.000143279730338
2 0.004238063313 0.798 -0.2695627491281078 -0.02947573895334762 0.06589680408332553 1.000142313542496
2 0.004238063313 0.799 -0.2678932398217542 -0.02955010984678071 0.06566621947660886 1.000141352644042
2 0.004238063313 0.8 -0.2662195605920294 -0.02962316970700488 0.06543428248274231 1.000140396973649
2 0.004238063313 0.801 -0.2645417857301843 -0.02969490493359227 0.06520099561760771 1.000139446470275
2 0.004238063313 0.802 -0.2628599908112273 -0.02976530189422367 0.06496636153406249 1.000138501073881
2 0.004238063313 0.803 -0.2611742517719008 -0.0298343469479347 0.06473038292353087 1.000137560724705
2 0.004238063313 0.804 -0.2594846454739573 -0.02990202643199397 0.06449306257601911 1.000136625363693
2 0.004238063313 0.805 -0.2577912497057994 -0.02996832666277723 0.06425440338019288 1.000135694932484
2 0.004238063313 0.806 -0.2560941426186786 -0.03003323394860953 0.06401440826333724 1.000134769372987
2 0.004238063313 0.8070000000000001 -0.2543934036559957 -0.03009673457040038 0.06377308029010709 1.000133848628061
2 0.004238063313 0.8080000000000001 -0.2526891126251511 -0.03015881480168664 0.06353042256381226 1.000132932640827
2 0.004238063313 0.8090000000000001 -0.2509813502642543 -0.03021946089750334 0.06328643828654593 1.000132021355073
2 0.004238063313 0.8100000000000001 -0.2492701982435102 -0.03027865909529381 0.06304113075919893 1.000131114715246
2 0.004238063313 0.8110000000000001 -0.2475557385980672 -0.03033639562574765 0.06279450332132691 1.000130212666046
2 0.004238063313 0.8120000000000001 -0.2458380546623229 -0.030392656696799 0.06254655944992739 1.000129315153071
2 0.004238063313 0.8130000000000001 -0.2441172301365739 -0.03044742851033366 0.06229730266064819 1.000128422122169
2 0.004238063313 0.8140000000000001 -0.2423933496565811 -0.03050069725313329 0.0620467365678835 1.000127533519816
2 0.004238063313 0.8150000000000001 -0.2406664987946943 -0.03055244909782165 0.06179486488472017 1.000126649293111
2 0.004238063313 0.8160000000000001 -0.2389367634899277 -0.0306026702116176 0.06154169136285903 1.000125769389397
2 0.004238063313 0.8170000000000001 -0.2372042309862999 -0.03065134674382921 0.06128721989116625 1.000124893756861
2 0.004238063313 0.8180000000000001 -0.2354689888952457 -0.03069846483909252 0.0610314543970539 1.000124022343926
2 0.004238063313 0.8190000000000001 -0.2337311257674405 -0.03074401063046995 0.06077439890638577 1.000123155099615
2 0.004238063313 0.8200000000000001 -0.2319907310936516 -0.03078797024043272 0.06051605754335017 1.000122291973534
2 0.004238063313 0.8210000000000001 -0.2302478947326424 -0.03083032978744797 0.06025643447059501 1.000121432915521
2 0.004238063313 0.8220000000000001 -0.2285027078525398 -0.03087107537710199 0.05999553398728091 1.000120577876214
2 0.004238063313 0.8230000000000001 -0.2267552619900078 -0.03091019311173738 0.05973336043090204 1.000119726806473
2 0.004238063313 0.8240000000000001 -0.2250056496237092 -0.03094766908578696 0.05946991823683181 1.000118879657725
2 0.004238063313 0.8250000000000001 -0.2232539641748743 -0.03098348938679242 0.0592052119381166 1.000118036381948
2 0.004238063313 0.8260000000000001 -0.2215002994336579 -0.03101764009974452 0.05893924610599625 1.000117196931342
2 0.004238063313 0.8270000000000001 -0.2197447505024881 -0.03105010730196892 0.05867202544716552 1.000116361258861
2 0.004238063313 0.8280000000000001 -0.2179874128530395 -0.03108087706902841 0.0584035547063242 1.000115529317669
2 0.004238063313 0.8290000000000001 -0.216228382900689 -0.03110993547237367 0.05813383872517983 1.000114701061468
2 0.004238063313 0.8300000000000001 -0.2144677580047907 -0.0311372685803985 0.05786288244215633 1.00011387644448
2 0.004238063313 0.8310000000000001 -0.2127056358941333 -0.03116286246045133 0.05759069083348477 1.000113055421136
2 0.004238063313 0.8320000000000001 -0.2109421156111869 -0.03118670317761838 0.05731726900935767 1.000112237946583
2 0.004238063313 0.833 -0.2091772965679516 -0.03120877679675641 0.05704262211751929 1.000111423976165
2 0.004238063313 0.834 -0.207411279120739 -0.03122906938254258 0.05676675540152872 1.000110613465734
2 0.004238063313 0.835 -0.2056441645701451 -0.03124756700056638 0.05648967420037729 1.000109806371636
2 0.004238063313 0.836 -0.2038760545862771 -0.03126425571693051 0.05621138389034808 1.000109002650414
2 0.004238063313 0.837 -0.2021070521527769 -0.03127912160106666 0.05593188997972452 1.000108202259287
2 0.004238063313 0.838 -0.200337260622658 -0.03129215072376376 0.05565119801375449 1.000107405155664
2 0.004238063313 0.839 -0.1985667842927246 -0.0313033291596994 0.05536931363196319 1.00010661129743
2 0.004238063313 0.84 -0.1967957284032296 -0.03131264298856917 0.05508624256767249 1.000105820642943
2 0.004238063313 0.841 -0.195024198563565 -0.03132007829219365 0.05480199059084221 1.000105033150742
2 0.004238063313 0.842 -0.1932523016949032 -0.03132562116150416 0.05451656360097031 1.000104248780011
2 0.004238063313 0.843 -0.1914801450871732 -0.03132925769042949 0.05422996753378843 1.000103467490109
2 0.004238063313 0.844 -0.1897078369724037 -0.03133097398099292 0.05394220841739861 1.000102689240851
2 0.004238063313 0.845 -0.1879354865240556 -0.03133075614447912 0.05365329237168808 1.000101913992496
2 0.004238063313 0.846 -0.1861632032838939 -0.03132859029596372 0.05336322555237993 1.000101141705476
2 0.004238063313 0.847 -0.1843910981020463 -0.03132446256560748 0.05307201424173696 1.000100372340833
2 0.004238063313 0.848 -0.1826192821963115 -0.03131835908826337 0.05277966475737135 1.000099605859777
2 0.004238063313 0.849 -0.1808478677236868 -0.03131026601122398 0.05248618350696392 1.000098842223948
2 0.004238063313 0.85 -0.1790769677793658 -0.03130016949542666 0.05219157698756698 1.000098081395406
2 0.004238063313 0.851 -0.1773066958255317 -0.03128805570732034 0.0518958517311084 1.000097323336379
2 0.004238063313 0.852 -0.175537166627596 -0.0312739108346095 0.05159901439248425 1.000096568009669
2 0.004238063313 0.853 -0.1737684953170677 -0.03125772107144086 0.05130107166089173 1.000095815378241
2 0.004238063313 0.854 -0.1720007979605048 -0.03123947262888754 0.05100203031287329 1.000095065405463
2 0.004238063313 0.855 -0.1702341915581657 -0.03121915173619319 0.0507018972114999 1.000094318055108
2 0.004238063313 0.856 -0.1684687934754895 -0.03119674462988967 0.05040067925358877 1.000093573291102
2 0.004238063313 0.857 -0.1667047223742357 -0.03117223757413428 0.05009838345474249 1.00009283107792
2 0.004238063313 0.858 -0.1649420972801847 -0.03114561684133311 0.04979501686364183 1.000092091380189
2 0.004238063313 0.859 -0.1631810381487272 -0.03111686872545007 0.04949058661313953 1.00009135416292
2 0.004238063313 0.86 -0.1614216658631574 -0.03108597954329092 0.04918509991931658 1.000090619391509
2 0.004238063313 0.861 -0.1596641016696312 -0.03105293562078324 0.0488785640306907 1.000089887031498
2 0.004238063313 0.862 -0.1579084681018861 -0.03101772331805433 0.04857098630973099 1.000089157048948
2 0.004238063313 0.863 -0.1561548880550853 -0.03098032900534457 0.04826237415057555 1.000088429410065
2 0.004238063313 0.864 -0.1544034853472321 -0.03094073907923181 0.04795273502788254 1.000087704081425
2 0.004238063313 0.865 -0.1526543847170951 -0.03089893996395635 0.04764207649575112 1.000086981029962
2 0.004238063313 0.866 -0.1509077112634577 -0.03085491809477247 0.04733040613921607 1.000086260222754
2 0.004238063313 0.867 -0.1491635913620578 -0.03080865994791831 0.04701773165173687 1.000085541627374
2 0.004238063313 0.868 -0.1474221517469277 -0.03076015201166886 0.0467040607568349 1.000084825211531
2 0.004238063313 0.869 -0.1456835200667969 -0.03070938080556869 0.04638940125439071 1.000084110943283
2 0.004238063313 0.87 -0.1439478248826358 -0.0306563328817992 0.04607376101942133 1.000083398791036
2 0.004238063313 0.871 -0.14221519511204 -0.0306009948055083 0.04575714795617462 1.000082688723328
2 0.004238063313 0.872 -0.1404857609369828 -0.03054335318982837 0.04543957007106087 1.000081980709169
2 0.004238063313 0.873 -0.138759652894048 -0.03048339466191385 0.04512103539873514 1.000081274717703
2 0.004238063313 0.874 -0.1370370024249561 -0.03042110588527847 0.04480155204551052 1.000080570718403
2 0.004238063313 0.875 -0.1353179418737156 -0.03035647356120619 0.04448112818798324 1.000079868681075
2 0.004238063313 0.876 -0.1336026039370089 -0.03028948440596251 0.04415977203005957 1.000079168575651
2 0.004238063313 0.877 -0.1318911225613077 -0.03022012519102239 0.04383749187076616 1.000078470372516
2 0.004238063313 0.878 -0.1301836320434402 -0.03014838270393179 0.04351429603533442 1.000077774042179
2 0.004238063313 0.879 -0.1284802675743481 -0.03007424377384914 0.04319019291538049 1.000077079555468
2 0.004238063313 0.88 -0.1267811652358326 -0.02999769527300195 0.04286519096736897 1.000076386883525
2 0.004238063313 0.881 -0.1250864614578393 -0.02991872409067916 0.04253929867292504 1.000075695997618
2 0.004238063313 0.882 -0.1233962939034377 -0.02983731717883771 0.04221252460092666 1.000075006869444
2 0.004238063313 0.883 -0.121710800581211 -0.02975346150762094 0.04188487734418117 1.000074319470821
2 0.004238063313 0.884 -0.1200301203813234 -0.02966714409420832 0.0415563655560018 1.000073633773873
2 0.004238063313 0.885 -0.1183543930718468 -0.0295783520043198 0.0412269979485012 1.000072949751024
2 0.004238063313 0.886 -0.1166837587638698 -0.02948707232288455 0.04089678325656126 1.000072267374819
2 0.004238063313 0.887 -0.1150183587827965 -0.02939329220520245 0.04056573029357717 1.000071586618217
2 0.004238063313 0.888 -0.1133583347940934 -0.02929699882694465 0.04023384789434932 1.000070907454291
2 0.004238063313 0.889 -0.1117038293307158 -0.02919817941642069 0.03990114494766608 1.000070229856408
2 0.004238063313 0.89 -0.1100549857890032 -0.02909682125613296 0.03956763039441776 1.000069553798228
2 0.004238063313 0.891 -0.1084119479025657 -0.02899291165001195 0.03923331319561773 1.000068879253521
2 0.004238063313 0.892 -0.1067748605983064 -0.02888643798031802 0.03889820238113365 1.000068206196459
2 0.004238063313 0.893 -0.1051438691371106 -0.02877738765194072 0.03856230699945211 1.000067534601325
2 0.004238063313 0.894 -0.1035191196316506 -0.0286657481281981 0.03822563614585652 1.000066864442685
2 0.004238063313 0.895 -0.1019007590418323 -0.02855150693244386 0.03788819896035214 1.000066195695386
2 0.004238063313 0.896 -0.1002889346584496 -0.02843465161175369 0.03755000460015251 1.000065528334384
2 0.004238063313 0.897 -0.09868379494227628 -0.02831516979976259 0.03721106228069934 1.000064862335021
2 0.004238063313 0.898 -0.09708548868134033 -0.02819304915506987 0.03687138123299139 1.000064197672749
2 0.004238063313 0.899 -0.09549416549808791 -0.02806827740069166 0.0365309707269253 1.000063534323291
2 0.004238063313 0.9 -0.09390997584436861 -0.02794084232572395 0.03618984006902234 1.000062872262645
2 0.004238063313 0.901 -0.09233307049587652 -0.02781073174535778 0.03584799857981539 1.000062211466914
2 0.004238063313 0.902 -0.09076360137260588 -0.02767793356985912 0.0355054556264242 1.000061551912575
2 0.004238063313 0.903 -0.08920172071440403 -0.02754243573687501 0.03516222058817456 1.000060893576212
2 0.004238063313 0.904 -0.08764758157644538 -0.02740422625466777 0.03481830287464913 1.000060236434674
2 0.004238063313 0.905 -0.08610133782373769 -0.02726329320383736 0.03447371192320658 1.000059580465075
2 0.004238063313 0.906 -0.08456314363740704 -0.02711962469353587 0.03412845718172505 1.000058925644633
2 0.004238063313 0.907 -0.08303315431474848 -0.02697320893680974 0.03378254813196559 1.000058271950931
2 0.004238063313 0.908 -0.0815115254648137 -0.02682403417659011 0.03343599426424193 1.000057619361656
2 0.004238063313 0.909 -0.07999841349110567 -0.02667208873284517 0.03308880508970754 1.000056967854752
2 0.004238063313 0.91 -0.07849397558558902 -0.0265173610043657 0.03274099013765804 1.000056317408424
2 0.004238063313 0.911 -0.07699836924791288 -0.02635983942104113 0.03239255894410783 1.00005566800098
2 0.004238063313 0.912 -0.07551175306322451 -0.02619951252579823 0.032043521065141 1.000055019611082
2 0.004238063313 0.913 -0.07403428591961027 -0.02603636889404455 0.03169388606142565 1.000054372217495
2 0.004238063313 0.914 -0.07256612747688233 -0.0258703971848845 0.03134366350424315 1.000053725799241
2 0.004238063313 0.915 -0.07110743816007468 -0.02570158614297234 0.03099286297256531 1.000053080335591
2 0.004238063313 0.916 -0.06965837869273848 -0.02552992454670289 0.03064149404796062 1.000052435805921
2 0.004238063313 0.917 -0.06821911085061784 -0.02535540129699657 0.03028956631709995 1.000051792189958
2 0.004238063313 0.918 -0.06678979670283021 -0.02517800532994942 0.02993708936694154 1.000051149467525
2 0.004238063313 0.919 -0.06537059906557431 -0.02499772567226844 0.0295840727839897 1.000050507618701
2 0.004238063313 0.92 -0.06396168149509181 -0.02481455144319655 0.02923052615113813 1.000049866623814
2 0.004238063313 0.921 -0.06256320783621269 -0.02462847179846115 0.02887645904942173 1.000049226463292
2 0.004238063313 0.922 -0.0611753429499194 -0.02443947602617254 0.02852188104881384 1.000048587117909
2 0.004238063313 0.923 -0.05979825198022509 -0.02424755345241725 0.02816680171493902 1.00004794856854
2 0.004238063313 0.924 -0.05843210079158588 -0.02405269350107866 0.02781123060103009 1.000047310796307
2 0.004238063313 0.925 -0.05707705596130733 -0.02385488569583915 0.02745517724453011 1.000046673782585
2 0.004238063313 0.926 -0.05573328434456318 -0.02365411959971858 0.027098651176223 1.000046037508845
2 0.004238063313 0.927 -0.05440095377379576 -0.02345038491837208 0.02674166189843174 1.000045401956903
2 0.004238063313 0.928 -0.05308023235332753 -0.02324367139834461 0.02638421890414409 1.000044767108676
2 0.004238063313 0.929 -0.05177128887921251 -0.02303396889145502 0.02602633166112082 1.000044132946328
2 0.004238063313 0.93 -0.05047429283106487 -0.02282126735688068 0.02566800960824954 1.000043499452273
2 0.004238063313 0.931 -0.04918941395482349 -0.02260555679610627 0.02530926217260355 1.000042866609023
2 0.004238063313 0.9320000000000001 -0.04791682293185306 -0.02238682736392696 0.02495009873412591 1.000042234399437
2 0.004238063313 0.9330000000000001 -0.04665669070340688 -0.02216506925906254 0.0245905286580785 1.00004160280647
2 0.004238063313 0.9340000000000001 -0.04540918887159989 -0.02194027279329519 0.02423056127074004 1.000040971813329
2 0.004238063313 0.9350000000000001 -0.04417448969063542 -0.02171242839364264 0.02387020585550633 1.00004034140347
2 0.004238063313 0.9360000000000001 -0.04295276566864053 -0.02148152653252472 0.02350947167844031 1.000039711560448
2 0.004238063313 0.9370000000000001 -0.04174419020424273 -0.02124755784679967 0.02314836793850684 1.000039082268168
2 0.004238063313 0.9380000000000001 -0.04054893694308991 -0.02101051302041463 0.02278690381427644 1.000038453510629
2 0.004238063313 0.9390000000000001 -0.03936718015857234 -0.02077038285850112 0.02242508843064077 1.000037825272087
2 0.004238063313 0.9400000000000001 -0.03819909474242137 -0.02052715828964274 0.02206293085465493 1.000037197537049
2 0.004238063313 0.9410000000000001 -0.03704485582699712 -0.02028083029105369 0.0217004401301526 1.000036570290119
2 0.004238063313 0.9420000000000001 -0.03590463938701956 -0.02003139001599856 0.02133762521258163 1.000035943516258
2 0.004238063313 0.9430000000000001 -0.03477862163044659 -0.01977882866813357 0.02097449503090988 1.000035317200521
2 0.004238063313 0.9440000000000001 -0.03366697935751202 -0.01952313758077765 0.02061105844477773 1.000034691328224
2 0.004238063313 0.9450000000000001 -0.03256988995066875 -0.019264308219281 0.02024732424008013 1.000034065884937
2 0.004238063313 0.9460000000000001 -0.03148753101877036 -0.01900233210099583 0.0198833011732278 1.000033440856329
2 0.004238063313 0.9470000000000001 -0.03042008096153303 -0.01873720093145329 0.01951899788962548 1.000032816228429
2 0.004238063313 0.9480000000000001 -0.02936771839717357 -0.01846890647002672 0.01915442300173686 1.00003219198737
2 0.004238063313 0.9490000000000001 -0.02833062249826704 -0.01819744061461055 0.0187895850360904 1.00003156811954
2 0.004238063313 0.9500000000000001 -0.02730897298100494 -0.01792279540409629 0.01842449242860068 1.000030944611591
2 0.004238063313 0.9510000000000001 -0.02630294977277643 -0.0176449629329011 0.01805915357905962 1.000030321450279
2 0.004238063313 0.9520000000000001 -0.02531273353682857 -0.01736393549629984 0.01769357675229877 1.000029698622725
2 0.004238063313 0.9530000000000001 -0.02433850513917377 -0.01707970544701737 0.01732777017337257 1.000029076116152
2 0.004238063313 0.9540000000000001 -0.02338044595970289 -0.01679226528556231 0.01696174196383514 1.000028453918051
2 0.004238063313 0.9550000000000001 -0.02243873788072709 -0.01650160766281719 0.01659550013680298 1.00002783201618
2 0.004238063313 0.9560000000000001 -0.02151356297953297 -0.01620772528887553 0.01622905266225796 1.000027210398403
2 0.004238063313 0.9570000000000001 -0.02060510401059236 -0.01591061108795141 0.01586240734994382 1.000026589052959
2 0.004238063313 0.9580000000000001 -0.01971354391436335 -0.01561025804548354 0.01549557196262016 1.000025967968193
2 0.004238063313 0.9590000000000001 -0.01883906610202276 -0.01530665930438575 0.01512855414103538 1.000025347132724
2 0.004238063313 0.96 -0.01798185444325859 -0.0149998081677578 0.01476136139873575 1.000024726535446
2 0.004238063313 0.961 -0.01714209298544528 -0.01468969800176697 0.01439400119875321 1.000024106165361
2 0.004238063313 0.962 -0.01631996639063228 -0.01437632240058179 0.0140264808173064 1.000023486011857
2 0.004238063313 0.963 -0.01551565948898387 -0.01405967502354612 0.01365880747606031 1.000022866064435
2 0.004238063313 0.964 -0.01472935753541869 -0.01373974969762288 0.01329098825523474 1.000022246312875
2 0.004238063313 0.965 -0.01396124619661762 -0.0134165404202318 0.01292303008816823 1.000021626747241
2 0.004238063313 0.966 -0.01321151129854347 -0.0130900412558974 0.0125549398499487 1.000021007357708
2 0.004238063313 0.967 -0.01248033921530609 -0.01276024651167592 0.01218672420102089 1.000020388134854
2 0.004238063313 0.968 -0.01176791647011539 -0.01242715056393496 0.01181838973935739 1.000019769069368
2 0.004238063313 0.969 -0.01107442996203551 -0.0120907479672805 0.01144994290116458 1.000019150152229
2 0.004238063313 0.97 -0.01040006695217132 -0.01175103345752755 0.01108138995521366 1.000018531374714
2 0.004238063313 0.971 -0.009745014841336424 -0.01140800184182229 0.01071273710394809 1.000017912728213
2 0.004238063313 0.972 -0.009109461507758328 -0.01106164818505358 0.01034399030614688 1.000017294204529
2 0.004238063313 0.973 -0.008493594958552763 -0.01071196762575106 0.009975155449868491 1.000016675795585
2 0.004238063313 0.974 -0.007897603524716187 -0.01035895549179851 0.009606238240248059 1.000016057493605
2 0.004238063313 0.975 -0.00732167584645266 -0.01000260730354264 0.009237244193612092 1.000015439291119
2 0.004238063313 0.976 -0.0067660006828786 -0.009642918657084778 0.008868178751563744 1.000014821180776
2 0.004238063313 0.977 -0.00623076719538949 -0.009279885422187143 0.008499047081914412 1.000014203155653
2 0.004238063313 0.978 -0.005716164652804398 -0.00891350354678304 0.008129854273202643 1.000013585208954
2 0.004238063313 0.979 -0.005222382592633231 -0.008543769179790254 0.007760605209118135 1.000012967334191
2 0.004238063313 0.98 -0.004749610805504224 -0.008170678674362429 0.007391304562421829 1.000012349525199
2 0.004238063313 0.981 -0.004298039178881802 -0.007794228464035091 0.007021956922466438 1.000011731775933
2 0.004238063313 0.982 -0.003867857922769535 -0.007414415272652413 0.006652566573690466 1.000011114080797
2 0.004238063313 0.983 -0.003459257331819482 -0.007031235906966584 0.006283137712436452 1.000010496434322
2 0.004238063313 0.984 -0.003072427910820531 -0.006644687386873841 0.005913674307591094 1.000009878831365
2 0.004238063313 0.985 -0.002707560358185713 -0.006254766948811547 0.005544180094337888 1.000009261267113
2 0.004238063313 0.986 -0.002364845445749868 -0.005861471914435009 0.005174658715514868 1.000008643736882
2 0.004238063313 0.987 -0.002044474183333205 -0.005464799913101558 0.004805113477067491 1.000008026236455
2 0.004238063313 0.988 -0.001746637641259796 -0.00506474866202414 0.004435547587792656 1.000007408761747
2 0.004238063313 0.989 -0.001471527037921245 -0.004661316104258128 0.004065964005850928 1.00000679130901
2 0.004238063313 0.99 -0.00121933372228236 -0.004254500412245701 0.003696365432384979 1.000006173874842
2 0.004238063313 0.991 -0.0009902490919176125 -0.003844299848694822 0.003326754467047902 1.000005556455976
2 0.004238063313 0.992 -0.0007844646928069759 -0.003430713002162559 0.002957133339936357 1.000004939049627
2 0.004238063313 0.993 -0.0006021721058602502 -0.003013738554221507 0.002587504174766734 1.000004321653151
2 0.004238063313 0.994 -0.0004435629943171417 -0.002593375425527295 0.002217868820996242 1.000003704264255
2 0.004238063313 0.995 -0.0003088290852296169 -0.002169622779509963 0.001848228847347065 1.000003086881005
2 0.004238063313 0.996 -0.0001981621279893984 -0.00174247987512528 0.001478585711755705 1.000002469501606
2 0.004238063313 0.997 -0.0001117539255745551 -0.001311946316077156 0.001108940469457374 1.000001852124768
2 0.004238063313 0.998 -4.979628882959397e-05 -0.0008780218044559544 0.0007392940599563191 1.000001234749346
2 0.004238063313 0.999 -1.248104136999511e-05 -0.0004407062952137446 0.0003696471245887864 1.000000617374559
2 0.004238063313 1 6.352747104407253e-21 9.521893166008697e-20 -3.46674496648271e-20 1
ZONE T="branch=3", I=1001, DATAPACKING=POINT
3 0.017363753957 0 0 -1.965924999234944e-31 1 1.16
3 0.017363753957 0.001 -0.0003296269642787968 0.01154621599749112 0.9856217205376052 1.158777660321488
3 0.017363753957 0.002 -0.001294307703226899 0.02245615801473588 0.9712616782534521 1.157555330164993
3 0.017363753957 0.003 -0.002858659408245406 0.03275134105588796 0.9569369583287579 1.156333033470645
3 0.017363753957 0.004 -0.004988505997503765 0.04245291749251308 0.9426634452325569 1.155110809103096
3 0.017363753957 0.005 -0.007650857630761287 0.05158166354172165 0.9284558813232211 1.153888709999395
3 0.017363753957 0.006 -0.01081388842978499 0.06015796773386001 0.9143279240490879 1.152666802328799
3 0.017363753957 0.007 -0.01444691496883739 0.06820182046340859 0.9002921995220311 1.151445164691401
3 0.017363753957 0.008 -0.01852037295854459 0.07573280542886324 0.8863603550232458 1.150223887324302
3 0.017363753957 0.009000000000000001 -0.02300579445373349 0.08277009209184091 0.8725431084969751 1.149003071338745
3 0.017363753957 0.01 -0.0278757846108718 0.08933242941790148 0.8588502961020559 1.147782827975187
3 0.017363753957 0.011 -0.03310399520696542 0.09543814207301705 0.845290920004945 1.146563277853351
3 0.017363753957 0.012 -0.03866510513961957 0.1011051247316502 0.8318731886771821 1.145344550302299
3 0.017363753957 0.013 -0.04453479131357847 0.1063508414017758 0.818604562630546 1.14412678262906
3 0.017363753957 0.014 -0.05068970707623768 0.11119232250769 0.8054917924932946 1.142910119469524
3 0.017363753957 0.015 -0.05710745757994046 0.115646164120467 0.7925409577643059 1.141694712130254
3 0.017363753957 0.016 -0.0637665726420729 0.1197285292893715 0.7797575054869694 1.14048071793504
3 0.017363753957 0.017 -0.07064648646351013 0.1234551469119275 0.767146282779503 1.139268299630948
3 0.017363753957 0.018 -0.07772750897712774 0.1268413153989277 0.7547115734391731 1.138057624761585
3 0.017363753957 0.019 -0.08499080405913824 0.1299019037690725 0.7424571286268167 1.136848865097994
3 0.017363753957 0.02 -0.09241836523694351 0.1326513546243923 0.7303861979393653 1.135642196070282
3 0.017363753957 0.021 -0.0999929894413063 0.1351036888937065 0.7185015602638386 1.134437796212102
3 0.017363753957 0.022 -0.1076982568938704 0.1372725079550598 0.7068055499306455 1.133235846643707
3 0.017363753957 0.023 -0.1155185039279881 0.1391710001649177 0.6953000857461169 1.132036530549293
3 0.017363753957 0.024 -0.1234388019235826 0.1408119446916824 0.6839866955073917 1.130840032691489
3 0.017363753957 0.025 -0.1314449342331952 0.1422077169679456 0.672866540681229 1.129646538935621
3 0.017363753957 0.026 -0.139523371608789 0.1433702956075173 0.6619404407677004 1.128456235793894
3 0.017363753957 0.027 -0.1476612530186521 0.1443112666951128 0.6512088941225903 1.127269309990758
3 0.017363753957 0.028 -0.1558463605816275 0.1450418320350406 0.6406721007234316 1.126085948045209
3 0.017363753957 0.029 -0.1640670998529817 0.1455728147248163 0.630329981544849 1.124906335872965
3 0.017363753957 0.03 -0.1723124785238261 0.1459146660995804 0.6201821979329998 1.12373065840575
3 0.017363753957 0.031 -0.1805720839965897 0.1460774738711562 0.6102281706061758 1.122559099235705
3 0.017363753957 0.032 -0.1888360656196173 0.1460709677401129 0.600467096040822 1.121391840266511
3 0.017363753957 0.033 -0.1970951120925111 0.1459045284963405 0.5908979640823397 1.120229061399019
3 0.017363753957 0.034 -0.2053404334816981 0.1455871945656023 0.5815195730651861 1.119070940222274
3 0.017363753957 0.035 -0.2135637420045342 0.1451276696991306 0.5723305448171809 1.117917651726843
3 0.017363753957 0.036 -0.2217572319932011 0.1445343316220877 0.5633293392623621 1.116769368046311
3 0.017363753957 0.037 -0.229913563825785 0.1438152383253138 0.5545142671438411 1.115626258193713
3 0.017363753957 0.038 -0.2380258439484892 0.1429781373791326 0.5458835034305003 1.114488487844797
3 0.017363753957 0.039 -0.2460876088107957 0.1420304728789931 0.5374350989451001 1.113356219114871
3 0.017363753957 0.04 -0.2540928078630244 0.1409793933301004 0.5291669918017954 1.112229610360949
3 0.017363753957 0.041 -0.2620357859755615 0.1398317602890561 0.5210770184382724 1.11110881601304
3 0.017363753957 0.042 -0.2699112691879558 0.1385941548606791 0.5131629233438983 1.109993986391142
3 0.017363753957 0.043 -0.2777143473404411 0.137272886772986 0.5054223690741814 1.108885267576478
3 0.017363753957 0.044 -0.2854404599795544 0.1358740013072855 0.4978529450435782 1.107782801267102
3 0.017363753957 0.045 -0.2930853815658465 0.134403286988438 0.4904521760838061 1.106686724659825
3 0.017363753957 0.046 -0.3006452062926556 0.1328662838624833 0.483217530609641 1.105597170360505
3 0.017363753957 0.047 -0.3081163356606599 0.1312682898615892 0.4761464279264663 1.104514266273227
3 0.017363753957 0.048 -0.3154954636052554 0.1296143693377008 0.4692362455402042 1.103438135546899
3 0.017363753957 0.049 -0.3227795643251217 0.1279093596914271 0.4624843256751368 1.102368896499465
3 0.017363753957 0.05 -0.3299658796055799 0.1261578786074661 0.4558879815362242 1.101306662567857
3 0.017363753957 0.051 -0.337051905898678 0.1243643317373647 0.449444503202738 1.100251542284248
3 0.017363753957 0.052 -0.3440353836515868 0.1225329187063122 0.4431511630031907 1.099203639226592
3 0.017363753957 0.053 -0.3509142847481104 0.1206676409202765 0.4370052206971408 1.098163052026341
3 0.017363753957 0.054 -0.3576868021469583 0.1187723077103526 0.4310039281907627 1.097129874349312
3 0.017363753957 0.055 -0.3643513391674846 0.1168505429540341 0.4251445339922008 1.096104194900566
3 0.017363753957 0.056 -0.3709064986420346 0.1149057920302215 0.4194242873284247 1.095086097452629
3 0.017363753957 0.057 -0.3773510738753772 0.1129413273284818 0.4138404419972076 1.094075660845455
3 0.017363753957 0.058 -0.3836840381795272 0.1109602552340848 0.4083902598980922 1.093072959040703
3 0.017363753957 0.059 -0.3899045361683161 0.1089655216835909 0.4030710143395147 1.092078061146799
3 0.017363753957 0.06 -0.3960118748186238 0.1069599180898044 0.3978799930920782 1.091091031465463
3 0.017363753957 0.061 -0.4020055145277511 0.1049460874612191 0.3928145011444734 1.0901119295566
3 0.017363753957 0.062 -0.4078850613252447 0.1029265295668761 0.3878718633356624 1.089140810283292
3 0.017363753957 0.063 -0.4136502586835763 0.1009036066506288 0.3830494266906423 1.08817772388489
3 0.017363753957 0.064 -0.4193009799272595 0.09887954871736676 0.3783445625886677 1.087222716046355
3 0.017363753957 0.065 -0.4248372209191318 0.09685645869436045 0.3737546687399101 1.086275827973072
3 0.017363753957 0.066 -0.4302590930027977 0.09483631748226164 0.3692771709775814 1.085337096471224
3 0.017363753957 0.067 -0.4355668162330407 0.09282098885900762 0.3649095248787944 1.084406554032134
3 0.017363753957 0.068 -0.4407607129337388 0.09081222417898539 0.3606492172477468 1.083484228917713
3 0.017363753957 0.06900000000000001 -0.4458412013719985 0.08881166710216859 0.3564937673941862 1.082570145255769
3 0.017363753957 0.07000000000000001 -0.4508087899464923 0.08682085789014533 0.3524407283663536 1.081664323126656
3 0.017363753957 0.07100000000000001 -0.4556640712033111 0.0848412380599383 0.348487687877952 1.080766778672125
3 0.017363753957 0.07200000000000001 -0.4604077167322507 0.08287415414308787 0.3446322693879903 1.079877524175703
3 0.017363753957 0.073 -0.4650404715591927 0.08092086219878 0.3408721327294612 1.078996568180935
3 0.017363753957 0.074 -0.469563149349791 0.07898253149000134 0.3372049748975312 1.078123915582341
3 0.017363753957 0.075 -0.4739766275919455 0.07706024831401478 0.3336285306344768 1.077259567728943
3 0.017363753957 0.076 -0.4782818428518115 0.07515501990843033 0.3301405728055299 1.07640352253787
3 0.017363753957 0.077 -0.4824797866543022 0.07326777765845006 0.3267389129742865 1.075555774583383
3 0.017363753957 0.078 -0.4865715010485664 0.07139938089097787 0.3234214015324349 1.074716315217533
3 0.017363753957 0.079 -0.4905580747703968 0.06955061998622079 0.3201859280417974 1.073885132666086
3 0.017363753957 0.08 -0.4944406394205661 0.06772221959939585 0.3170304213932523 1.073062212134277
3 0.017363753957 0.081 -0.4982203657334678 0.06591484192699844 0.3139528497842344 1.072247535919965
3 0.017363753957 0.082 -0.5018984602921084 0.06412908940880235 0.3109512209294739 1.071441083505034
3 0.017363753957 0.083 -0.5054761620739967 0.06236550787946741 0.3080235818439859 1.070642831672475
3 0.017363753957 0.08400000000000001 -0.5089547394202316 0.0606245891707087 0.3051680188682034 1.069852754601704
3 0.017363753957 0.08500000000000001 -0.5123354870466014 0.05890677378928377 0.3023826575297198 1.069070823971296
3 0.017363753957 0.08600000000000001 -0.515619723154206 0.05721245361683448 0.2996656622484208 1.068297009066826
3 0.017363753957 0.08700000000000001 -0.5188087868435052 0.05554197416016435 0.2970152362908302 1.067531276870027
3 0.017363753957 0.08799999999999999 -0.5219040353971367 0.05389563735982082 0.2944296211075896 1.066773592179372
3 0.017363753957 0.089 -0.5249068422700195 0.05227370271391229 0.2919070971333854 1.06602391764842
3 0.017363753957 0.09 -0.5278185941488488 0.05067639130166261 0.2894459817139874 1.065282213974578
3 0.017363753957 0.091 -0.5306406892616045 0.04910388665029775 0.2870446298704039 1.064548439930544
3 0.017363753957 0.092 -0.5333745352864618 0.04755633668694088 0.2847014340436533 1.063822552452559
3 0.017363753957 0.093 -0.5360215472900144 0.0460338560526521 0.2824148233075225 1.063104506750172
3 0.017363753957 0.094 -0.5385831458939689 0.04453652804770649 0.2801832628130672 1.06239425639953
3 0.017363753957 0.095 -0.541060755585604 0.04306440637308821 0.278005253339158 1.061691753428146
3 0.017363753957 0.096 -0.5434558031083553 0.04161751673205644 0.2758793309350685 1.06099694839411
3 0.017363753957 0.097 -0.5457697159057093 0.04019585823744336 0.2738040667584307 1.060309790456796
3 0.017363753957 0.098 -0.5480039206463139 0.0387994052608978 0.271778066219103 1.059630227472541
3 0.017363753957 0.099 -0.550159841885161 0.03742810899498335 0.2697999683528426 1.058958206076766
3 0.017363753957 0.1 -0.5522389008172192 0.03608189885493097 0.2678684453032122 1.058293671758923
3 0.017363753957 0.101 -0.5542425140761635 0.03476068377166736 0.265982201894757 1.057636568932927
3 0.017363753957 0.102 -0.5561720925385401 0.03346435333893343 0.2641399753911765 1.056986841001164
3 0.017363753957 0.103 -0.5580290403152306 0.03219277927359303 0.2623405346192502 1.056344430435902
3 0.017363753957 0.104 -0.559814753807615 0.03094581665613961 0.2605826793140864 1.055709278849915
3 0.017363753957 0.105 -0.5615306208160993 0.02972330504699001 0.2588652395707275 1.055081327061266
3 0.017363753957 0.106 -0.563178019666758 0.02852506951985416 0.257187075383665 1.054460515154556
3 0.017363753957 0.107 -0.5647583183078854 0.02735092158840242 0.2555470763585337 1.053846782537625
3 0.017363753957 0.108 -0.5662728736674953 0.02620066034462787 0.2539441608500649 1.053240068009219
3 0.017363753957 0.109 -0.5677230310213903 0.02507407343236643 0.2523772753086772 1.052640309818412
3 0.017363753957 0.11 -0.5691101233828073 0.0239709379263196 0.2508453937288225 1.052047445719441
3 0.017363753957 0.111 -0.5704354708898106 0.02289102114923816 0.2493475171802138 1.051461413023918
3 0.017363753957 0.112 -0.5717003801370223 0.02183408141383466 0.2478826734971502 1.050882148650124
3 0.017363753957 0.113 -0.5729061438165224 0.02079986889731541 0.2464499164531285 1.050309589177921
3 0.017363753957 0.114 -0.5740540403291958 0.01978812639544526 0.2450483251289436 1.049743670897681
3 0.017363753957 0.115 -0.5751453333944685 0.01879859000628531 0.2436770033762305 1.049184329855768
3 0.017363753957 0.116 -0.5761812716427962 0.01783098976912835 0.2423350793578781 1.048631501898212
3 0.017363753957 0.117 -0.5771630881348645 0.01688505025306404 0.2410217052320343 1.048085122712875
3 0.017363753957 0.118 -0.578092000218481 0.01596049121736169 0.239736056377555 1.047545127872843
3 0.017363753957 0.119 -0.578969209327047 0.01505702818682716 0.2384773307965961 1.047011452875828
3 0.017363753957 0.12 -0.5797959007593801 0.01417437297628106 0.2372447486053642 1.046484033181118
3 0.017363753957 0.121 -0.5805732434316145 0.01331223418384185 0.236037551595251 1.045962804245449
3 0.017363753957 0.122 -0.5813023895444361 0.0124703176533167 0.2348550029232186 1.04544770155852
3 0.017363753957 0.123 -0.5819844746015019 0.01164832696237389 0.2336963863960677 1.044938660676255
3 0.017363753957 0.124 -0.5826206173495078 0.01084596385367693 0.2325610059152026 1.044435617251745
3 0.017363753957 0.125 -0.5832119196874901 0.01006292863061716 0.2314481850018493 1.043938507064623
3 0.017363753957 0.126 -0.5837594665409608 0.009298920532588163 0.2303572663860437 1.043447266049953
3 0.017363753957 0.127 -0.5842643256448613 0.008553638094387861 0.2292876117110923 1.042961830327739
3 0.017363753957 0.128 -0.5847275476799044 0.007826779497198731 0.2282386008801862 1.04248213622744
3 0.017363753957 0.129 -0.5851501663176529 0.007118042884361976 0.2272096315471882 1.04200812031156
3 0.017363753957 0.13 -0.5855331982266083 0.006427126653924375 0.2262001186801197 1.041539719398428
3 0.017363753957 0.131 -0.5858776430385837 0.005753729739088461 0.2252094941819313 1.041076870584986
3 0.017363753957 0.132 -0.5861844832210897 0.005097551884180537 0.2242372066137804 1.040619511270965
3 0.017363753957 0.133 -0.5864546842970254 0.00445829388739593 0.223282720604391 1.040167579175996
3 0.017363753957 0.134 -0.5866891949656288 0.003835657825135718 0.222345516387997 1.039721012356936
3 0.017363753957 0.135 -0.5868889471792641 0.003229347262571376 0.2214250894074457 1.039279749224992
3 0.017363753957 0.136 -0.5870548561780187 0.002639067458527576 0.2205209499683885 1.03884372856328
3 0.017363753957 0.137 -0.5871878204303047 0.002064525574345732 0.2196326229839713 1.038412889546358
3 0.017363753957 0.138 -0.5872887219087555 0.001505430832130474 0.2187596474452178 1.037987171751163
3 0.017363753957 0.139 -0.5873584262640581 0.0009614946673041645 0.2179015760053966 1.037566515169093
3 0.017363753957 0.14 -0.5873977829517979 0.0004324308746271932 0.2170579746223917 1.037150860218374
3 0.017363753957 0.141 -0.5874076253162251 -8.20442466282797e-05 0.2162284222463541 1.036740147757188
3 0.017363753957 0.142 -0.5873887705820641 -0.0005822117374000078 0.2154125105868726 1.036334319099225
3 0.017363753957 0.143 -0.5873420201655394 -0.001068349885788708 0.2146098436412855 1.035933316019581
3 0.017363753957 0.144 -0.5872681598831335 -0.001540734130265288 0.2138200373235049 1.035537080762498
3 0.017363753957 0.145 -0.5871679601123148 -0.001999636963966496 0.2130427191441721 1.035145556049789
3 0.017363753957 0.146 -0.5870421759094773 -0.0024453278362716 0.2122775279307369 1.034758685090283
3 0.017363753957 0.147 -0.5868915470394289 -0.002878073040001451 0.2115241136171149 1.034376411592005
3 0.017363753957 0.148 -0.5867167983053864 -0.003298135667999786 0.2107821368260075 1.033998679764018
3 0.017363753957 0.149 -0.586518639778784 -0.003705775559141867 0.2100512685394481 1.033625434320636
3 0.017363753957 0.15 -0.5862977669813429 -0.004101249241421329 0.209331189814549 1.033256620486641
3 0.017363753957 0.151 -0.586054861025502 -0.004484809869763476 0.2086215915342858 1.032892184003687
3 0.017363753957 0.152 -0.5857905886708918 -0.004856707146637716 0.2079221742189346 1.032532071139673
3 0.017363753957 0.153 -0.5855056026610964 -0.005217187315797498 0.2072326476580487 1.032176228687375
3 0.017363753957 0.154 -0.5852005419639316 -0.005566493140681051 0.2065527306195665 1.031824603965854
3 0.017363753957 0.155 -0.5848760319652421 -0.005904863877019772 0.2058821505985467 1.031477144823078
3 0.017363753957 0.156 -0.5845326846228169 -0.006232535238415721 0.2052206435965267 1.031133799639875
3 0.017363753957 0.157 -0.5841710985414768 -0.006549739343017284 0.2045679539535788 1.030794517336978
3 0.017363753957 0.158 -0.5837918593075444 -0.006856704734507215 0.2039238340254418 1.030459247371185
3 0.017363753957 0.159 -0.5833955397316529 -0.00715365638459457 0.2032880439278448 1.030127939734558
3 0.017363753957 0.16 -0.5829827000470071 -0.007440815687740045 0.2026603513154351 1.029800544954996
3 0.017363753957 0.161 -0.5825538880699245 -0.007718400447715029 0.202040531187376 1.029477014098234
3 0.017363753957 0.162 -0.5821096392870334 -0.007986624844415454 0.2014283657385909 1.029157298772981
3 0.017363753957 0.163 -0.581650477180896 -0.008245699474282735 0.2008236440775931 1.028841351125221
3 0.017363753957 0.164 -0.5811769134694967 -0.008495831370315551 0.2002261620026591 1.028529123835714
3 0.017363753957 0.165 -0.5806894483035758 -0.008737224013038497 0.1996357218081163 1.028220570118985
3 0.017363753957 0.166 -0.5801885704286553 -0.008970077332648598 0.1990521321137818 1.027915643723772
3 0.017363753957 0.167 -0.579674757279347 -0.009194587691218302 0.1984752077338292 1.027614298936639
3 0.017363753957 0.168 -0.5791484752915323 -0.009410947936438142 0.1979047694310299 1.027316490574915
3 0.017363753957 0.169 -0.5786101801343361 -0.009619347433986099 0.1973406437215056 1.027022173982926
3 0.017363753957 0.17 -0.5780603169026177 -0.009819972090114402 0.1967826627056061 1.026731305029776
3 0.017363753957 0.171 -0.5774993202767005 -0.01001300436512283 0.1962306639188243 1.02644384010861
3 0.017363753957 0.172 -0.5769276146199919 -0.01019862326716603 0.1956844902166812 1.026159736138996
3 0.017363753957 0.173 -0.5763456142746516 -0.01037700441458359 0.1951439895613418 1.02587895055892
3 0.017363753957 0.174 -0.5757537237831476 -0.01054832007660585 0.1946090148518445 1.025601441320107
3 0.017363753957 0.175 -0.5751523380731515 -0.01071273920394537 0.1940794237769301 1.025327166884903
3 0.017363753957 0.176 -0.5745418426122588 -0.0108704274502562 0.1935550786851664 1.025056086224643
3 0.017363753957 0.177 -0.5739226135060818 -0.01102154717454657 0.1930358464842695 1.024788158821061
3 0.017363753957 0.178 -0.573295017775511 -0.01116625750846808 0.1925215984563549 1.024523344657684
3 0.017363753957 0.179 -0.5726594135659546 -0.01130471440225535 0.1920122101107518 1.024261604214513
3 0.017363753957 0.18 -0.5720161503227882 -0.01143707066052403 0.1915075610563155 1.024002898464275
3 0.017363753957 0.181 -0.5713655689391889 -0.01156347596911743 0.191007534888632 1.023747188870129
3 0.017363753957 0.182 -0.5707080018526128 -0.0116840769037629 0.1905120191022611 1.02349443738632
3 0.017363753957 0.183 -0.570043773302658 -0.01179901699957511 0.190020904931199 1.023244606449237
3 0.017363753957 0.184 -0.5693731995268544 -0.01190843679986202 0.1895340872216184 1.022997658971686
3 0.017363753957 0.185 -0.5686965889255117 -0.01201247389498473 0.1890514643213901 1.022753558338718
3 0.017363753957 0.186 -0.5680142422014409 -0.01211126295258882 0.1885729379823974 1.022512268404863
3 0.017363753957 0.187 -0.5673264524533237 -0.01220493573065703 0.1880984132842771 1.02227375349421
3 0.017363753957 0.188 -0.5666335054138502 -0.01229362114718241 0.1876277984969922 1.022037978391337
3 0.017363753957 0.189 -0.5659356796315168 -0.01237744533005843 0.1871610049710788 1.021804908335355
3 0.017363753957 0.19 -0.5652332466242459 -0.01245653165737687 0.1866979470423035 1.021574509015476
3 0.017363753957 0.191 -0.5645264710102623 -0.0125310007895169 0.1862385419472855 1.021346746567938
3 0.017363753957 0.192 -0.5638156105973228 -0.01260097068516001 0.1857827097574199 1.021121587575648
3 0.017363753957 0.193 -0.5631009166013046 -0.01266655666964164 0.1853303732607706 1.020898999059143
3 0.017363753957 0.194 -0.5623826338138991 -0.01272787148460631 0.184881457867643 1.020678948470555
3 0.017363753957 0.195 -0.5616610007447763 -0.01278502532853268 0.1844358915285035 1.020461403689044
3 0.017363753957 0.196 -0.5609362497432628 -0.01283812588953156 0.1839936046612799 1.020246333017542
3 0.017363753957 0.197 -0.5602086070827552 -0.01288727836321929 0.1835545300942591 1.020033705182065
3 0.017363753957 0.198 -0.5594782931602924 -0.0129325855186898 0.1831186029648127 1.019823489322837
3 0.017363753957 0.199 -0.5587455226503536 -0.0129741477469799 0.1826857606383407 1.019615654988282
3 0.017363753957 0.2 -0.5580105046356362 -0.01301206310093589 0.1822559426377739 1.019410172130425
3 0.017363753957 0.201 -0.5572734427194603 -0.01304642732787055 0.1818290905810846 1.019207011101541
3 0.017363753957 0.202 -0.5565345351049654 -0.01307733388845437 0.1814051481320703 1.019006142653243
3 0.017363753957 0.203 -0.5557939747764483 -0.01310487401958668 0.1809840609136976 1.018807537927853
3 0.017363753957 0.204 -0.5550519496397019 -0.01312913678100086 0.1805657764386786 1.018611168452504
3 0.017363753957 0.205 -0.5543086426416892 -0.0131502090938419 0.1801502440490595 1.018417006134581
3 0.017363753957 0.206 -0.5535642318738038 -0.01316817577256688 0.1797374148626324 1.01822502325836
3 0.017363753957 0.207 -0.5528188906456571 -0.0131831195442221 0.1793272417306212 1.018035192483936
3 0.017363753957 0.208 -0.5520727876491287 -0.01319512110775175 0.1789196791636914 1.017847486838909
3 0.017363753957 0.209 -0.5513260870858419 -0.01320425917829333 0.1785146832726181 1.017661879712653
3 0.017363753957 0.21 -0.550578948776161 -0.01321061052403369 0.1781122117166318 1.017478344851866
3 0.017363753957 0.211 -0.5498315282535891 -0.01321424999692084 0.1777122236575692 1.017296856357238
3 0.017363753957 0.212 -0.5490839768331051 -0.01321525055185954 0.1773146797235843 1.017117388682293
3 0.017363753957 0.213 -0.5483364417589754 -0.01321368330219412 0.1769195419461019 1.016939916625421
3 0.017363753957 0.214 -0.5475890663200629 -0.01320961756141402 0.1765267737092194 1.016764415324368
3 0.017363753957 0.215 -0.5468419899486772 -0.01320312087800872 0.1761363397056373 1.016590860251926
3 0.017363753957 0.216 -0.5460953483064894 -0.01319425906470076 0.1757482058975207 1.016419227212682
3 0.017363753957 0.217 -0.5453492733474926 -0.01318309621722114 0.1753623394854547 1.016249492341808
3 0.017363753957 0.218 -0.5446038934506774 -0.01316969476585273 0.1749787088548323 1.016081632097477
3 0.017363753957 0.219 -0.5438593335239288 -0.01315411551439453 0.1745972835327963 1.015915623255597
3 0.017363753957 0.22 -0.5431157150933218 -0.01313641767285282 0.1742180341507239 1.01575144290567
3 0.017363753957 0.221 -0.5423731563810001 -0.01311665888501413 0.1738409324108916 1.015589068447656
3 0.017363753957 0.222 -0.5416317723629138 -0.01309489524656285 0.1734659510599845 1.015428477590738
3 0.017363753957 0.223 -0.5408916748874749 -0.01307118135268215 0.1730930638435995 1.015269648346148
3 0.017363753957 0.224 -0.5401529727688282 -0.0130455703342227 0.1727222454696811 1.015112559022148
3 0.017363753957 0.225 -0.5394157718672169 -0.01301811388815531 0.1723534715766552 1.014957188220093
3 0.017363753957 0.226 -0.538680175159309 -0.0129888623033857 0.1719867187051037 1.014803514831417
3 0.017363753957 0.227 -0.5379462827909235 -0.0129578644780545 0.1716219642752171 1.014651518036409
3 0.017363753957 0.228 -0.5372141921827709 -0.01292516796327349 0.1712591865482619 1.014501177297446
3 0.017363753957 0.229 -0.5364839981138889 -0.01289081899651577 0.1708983645955983 1.014352472354239
3 0.017363753957 0.23 -0.5357557927937123 -0.01285486252982088 0.1705394782716726 1.014205383220101
3 0.017363753957 0.231 -0.5350296659253518 -0.01281734225381543 0.1701825081900044 1.014059890179076
3 0.017363753957 0.232 -0.5343057047535551 -0.01277830061409551 0.1698274357040471 1.013915973784744
3 0.017363753957 0.233 -0.5335839941586068 -0.01273777885123324 0.1694742428746196 1.013773614853854
3 0.017363753957 0.234 -0.5328646167307076 -0.01269581703145685 0.1691229124437093 1.013632794461842
3 0.017363753957 0.235 -0.5321476528343788 -0.01265245407264722 0.1687734278116344 1.013493493939309
3 0.017363753957 0.236 -0.5314331806651994 -0.01260772776657425 0.1684257730167363 1.013355694869297
3 0.017363753957 0.237 -0.5307212762932716 -0.01256167479430745 0.1680799327191779 1.013219379086142
3 0.017363753957 0.238 -0.5300120137463122 -0.0125143307626664 0.1677358921734711 1.013084528669493
3 0.017363753957 0.239 -0.5293054650757251 -0.01246573023229538 0.1673936372063741 1.012951125940105
3 0.017363753957 0.24 -0.528601700413956 -0.01241590674152415 0.1670531541976246 1.012819153456521
3 0.017363753957 0.241 -0.5279007880251902 -0.01236489282686336 0.1667144300628078 1.012688594012513
3 0.017363753957 0.242 -0.5272027943445967 -0.01231272003742316 0.1663774522396812 1.012559430635967
3 0.017363753957 0.243 -0.5265077840515914 -0.01225941896800578 0.1660422086650465 1.012431646583302
3 0.017363753957 0.244 -0.5258158201283211 -0.01220501928470364 0.1657086877561425 1.012305225335516
3 0.017363753957 0.245 -0.5251269639105621 -0.01214954974672042 0.1653768783944285 1.012180150595077
3 0.017363753957 0.246 -0.5244412751328573 -0.01209303822519197 0.1650467699111676 1.012056406283514
3 0.017363753957 0.247 -0.523758811963824 -0.0120355117166181 0.1647183520759199 1.011933976540372
3 0.017363753957 0.248 -0.523079631070506 -0.01197699637280959 0.1643916150771096 1.011812845717976
3 0.017363753957 0.249 -0.5224037876699511 -0.01191751752415345 0.1640665495063944 1.011692998377751
3 0.017363753957 0.25 -0.5217313355742129 -0.01185709969950537 0.1637431463450488 1.011574419287303
3 0.017363753957 0.251 -0.5210623272303926 -0.01179576664341824 0.1634213969518642 1.011457093418168
3 0.017363753957 0.252 -0.5203968137522837 -0.01173354132861055 0.1631012930534977 1.011341005944818
3 0.017363753957 0.253 -0.5197348450180512 -0.01167044600767448 0.1627828267168379 1.011226142232988
3 0.017363753957 0.254 -0.5190764696116391 -0.01160650217247901 0.1624659903643934 1.011112487853085
3 0.017363753957 0.255 -0.5184217347564145 -0.0115417305080821 0.1621507767918571 1.011000028595504
3 0.017363753957 0.256 -0.517770687082288 -0.01147615134681734 0.1618371789575908 1.010888750347139
3 0.017363753957 0.257 -0.51712337135483 -0.01140978390038877 0.1615251903303158 1.010778639306826
3 0.017363753957 0.258 -0.516479831839026 -0.01134264707631602 0.1612148045155951 1.010669681759458
3 0.017363753957 0.259 -0.5158401115411279 -0.01127475901455259 0.1609060154631571 1.01056186420833
3 0.017363753957 0.26 -0.5152042522665974 -0.01120613711481858 0.1605988174510036 1.010455173370894
3 0.017363753957 0.261 -0.5145722953596787 -0.01113679849122647 0.1602932048831927 1.010349596047787
3 0.017363753957 0.262 -0.5139442805971134 -0.01106675927724753 0.1599891725926664 1.010245119329906
3 0.017363753957 0.263 -0.5133202473355827 -0.01099603534050616 0.1596867155273995 1.010141730388224
3 0.017363753957 0.264 -0.5127002338761839 -0.01092464187809556 0.1593858289247232 1.010039416596923
3 0.017363753957 0.265 -0.5120842775150161 -0.01085259344130818 0.159086508298074 1.009938165529458
3 0.017363753957 0.266 -0.511472415162484 -0.01077990433239701 0.1587887492669295 1.009837964836674
3 0.017363753957 0.267 -0.5108646824206423 -0.0107065879996378 0.1584925478117171 1.009738802439493
3 0.017363753957 0.268 -0.5102611145416931 -0.01063265766012754 0.1581979000097244 1.009640666333341
3 0.017363753957 0.269 -0.5096617458992908 -0.01055812594816405 0.1579048021819329 1.009543544702721
3 0.017363753957 0.27 -0.5090666100324786 -0.01048300493757697 0.157613250881995 1.009447425917546
3 0.017363753957 0.271 -0.5084757401602921 -0.0104073064861933 0.1573232427529431 1.009352298419742
3 0.017363753957 0.272 -0.5078891684185056 -0.01033104171224007 0.1570347747422406 1.009258150902532
3 0.017363753957 0.273 -0.5073069266539261 -0.01025422153405419 0.1567478438791016 1.009164972128461
3 0.017363753957 0.274 -0.5067290459882646 -0.01017685636634057 0.1564624473984738 1.009072751036014
3 0.017363753957 0.275 -0.5061555568560723 -0.01009895614029963 0.1561785827318871 1.008981476736202
3 0.017363753957 0.276 -0.5055864894287008 -0.01002053060091987 0.1558962473864114 1.008891138407044
3 0.017363753957 0.277 -0.5050218729885966 -0.009941588856683654 0.15561543912662 1.008801725460405
3 0.017363753957 0.278 -0.5044617365817208 -0.009862139844371535 0.1553361557862978 1.008713227372666
3 0.017363753957 0.279 -0.5039061086611245 -0.009782192068444294 0.1550583953734662 1.00862563378393
3 0.017363753957 0.28 -0.5033550171194819 -0.009701753619154195 0.1547821560627965 1.008538934494865
3 0.017363753957 0.281 -0.5028084896350774 -0.009620832427359297 0.1545074360930248 1.008453119368498
3 0.017363753957 0.282 -0.5022665531639692 -0.009539435880179655 0.1542342339214906 1.008368178485498
3 0.017363753957 0.283 -0.501729234470645 -0.009457571218387299 0.1539625480643554 1.008284101986578
3 0.017363753957 0.284 -0.5011965598397302 -0.00937524531456704 0.1536923771859211 1.008200880164838
3 0.017363753957 0.285 -0.5006685551036619 -0.009292464689388354 0.1534237200923488 1.008118503462834
3 0.017363753957 0.286 -0.5001452459221011 -0.009209235728229964 0.1531565756443605 1.008036962381167
3 0.017363753957 0.287 -0.4996266573742759 -0.00912556435608057 0.1528909428890736 1.007956247623035
3 0.017363753957 0.288 -0.4991128143859593 -0.009041456374350654 0.1526268209238279 1.007876349947534
3 0.017363753957 0.289 -0.4986037414989097 -0.008956917273852696 0.1523642089725015 1.007797260255626
3 0.017363753957 0.29 -0.4980994628941828 -0.008871952249399465 0.1521031063803132 1.007718969587416
3 0.017363753957 0.291 -0.4976000026152095 -0.008786566382145302 0.1518435125391774 1.007641469037055
3 0.017363753957 0.292 -0.4971053842444384 -0.008700764367631364 0.1515854270007473 1.007564749887328
3 0.017363753957 0.293 -0.4966156312428754 -0.008614550798240982 0.1513288493597803 1.007488803473072
3 0.017363753957 0.294 -0.4961307667679257 -0.008527930007400413 0.1510737793196925 1.007413621261227
3 0.017363753957 0.295 -0.4956508136927947 -0.008440906082658036 0.1508202166882537 1.00733919484831
3 0.017363753957 0.296 -0.4951757947824184 -0.00835348301729171 0.1505681613134178 1.00726551588117
3 0.017363753957 0.297 -0.494705732440169 -0.008265664485962597 0.1503176131808006 1.00719257618234
3 0.017363753957 0.298 -0.4942406489745194 -0.008177454078463054 0.1500685723132249 1.007120367622836
3 0.017363753957 0.299 -0.4937805664569246 -0.008088855171874059 0.149821038827356 1.00704888219672
3 0.017363753957 0.3 -0.4933255067377214 -0.007999870942268301 0.1495750129301288 1.006978112018756
3 0.017363753957 0.301 -0.492875491583141 -0.007910504488801739 0.1493304948632618 1.006908049250598
3 0.017363753957 0.302 -0.4924305424793338 -0.007820758651962047 0.1490874849878134 1.006838686217568
3 0.017363753957 0.303 -0.4919906808391979 -0.00773063620372738 0.1488459836971505 1.00677001529016
3 0.017363753957 0.304 -0.4915559278928193 -0.007640139744726102 0.1486059914661714 1.006702028953513
3 0.017363753957 0.305 -0.4911263047002391 -0.007549271714695557 0.1483675088483276 1.00663471980524
3 0.017363753957 0.306 -0.4907018322569133 -0.007458034491969998 0.1481305364273608 1.006568080486642
3 0.017363753957 0.307 -0.4902825313436599 -0.007366430249790498 0.1478950748910843 1.006502103791551
3 0.017363753957 0.308 -0.4898684226853164 -0.007274461107503718 0.1476611249555334 1.006436782555894
3 0.017363753957 0.309 -0.4894595268670489 -0.007182129050054237 0.1474286874079938 1.006372109722454
3 0.017363753957 0.31 -0.4890558643443234 -0.007089435937319905 0.1471977631045057 1.006308078338848
3 0.017363753957 0.311 -0.488657455523392 -0.006996383581627127 0.1469683529276374 1.006244681493422
3 0.017363753957 0.312 -0.4882643206469861 -0.006902973638030008 0.1467404578512239 1.006181912416708
3 0.017363753957 0.313 -0.487876479915221 -0.006809207720729226 0.1465140788738871 1.00611976437849
3 0.017363753957 0.314 -0.4874939534218042 -0.006715087342488002 0.146289217056851 1.006058230748173
3 0.017363753957 0.315 -0.487116761161512 -0.006620613922954532 0.1460658735218287 1.005997304992917
3 0.017363753957 0.316 -0.4867449230915759 -0.006525788846578188 0.1458440494138858 1.005936980617854
3 0.017363753957 0.317 -0.486378459044045 -0.006430613383168547 0.1456237459585135 1.005877251260717
3 0.017363753957 0.318 -0.4860173888182319 -0.006335088773303872 0.1454049644030722 1.005818110595839
3 0.017363753957 0.319 -0.4856617321314978 -0.006239216185499754 0.1451877060501713 1.005759552390475
3 0.017363753957 0.32 -0.4853115086245067 -0.006142996723619227 0.1449719722558574 1.005701570503053
3 0.017363753957 0.321 -0.4849667379087469 -0.006046431467328684 0.1447577643968157 1.005644158827425
3 0.017363753957 0.322 -0.4846274394974772 -0.005949521419614213 0.1445450839208605 1.005587311381139
3 0.017363753957 0.323 -0.4842936328779957 -0.005852267564575148 0.1443339322951629 1.005531022215896
3 0.017363753957 0.324 -0.4839653374722625 -0.005754670840390818 0.1441243110358023 1.005475285470083
3 0.017363753957 0.325 -0.4836425726401757 -0.005656732145909726 0.1439162217061862 1.005420095367167
3 0.017363753957 0.326 -0.4833253577178905 -0.005558452365570457 0.1437096658880066 1.005365446163665
3 0.017363753957 0.327 -0.4830137119601531 -0.005459832340885745 0.14350464522598 1.005311332231531
3 0.017363753957 0.328 -0.4827076545997655 -0.005360872903676755 0.1433011613819787 1.005257747974588
3 0.017363753957 0.329 -0.4824072048138285 -0.005261574863079676 0.1430992160612181 1.005204687877571
3 0.017363753957 0.33 -0.4821123817252609 -0.005161939011396682 0.1428988110108509 1.005152146504626
3 0.017363753957 0.331 -0.4818232044360604 -0.005061966135213602 0.1426999479942327 1.005100118450753
3 0.017363753957 0.332 -0.4815396919746336 -0.004961657008163495 0.1425026288305377 1.005048598418711
3 0.017363753957 0.333 -0.4812618633490072 -0.004861012402349653 0.1423068553541283 1.00499758114102
3 0.017363753957 0.334 -0.4809897375149479 -0.004760033087811224 0.1421126294377222 1.004947061425739
3 0.017363753957 0.335 -0.4807233333759227 -0.004658719837710671 0.1419199529911152 1.004897034155077
3 0.017363753957 0.336 -0.4804626698149822 -0.004557073427205055 0.141728827938424 1.004847494240056
3 0.017363753957 0.337 -0.4802077656414153 -0.004455094645072901 0.141539256253034 1.004798436692331
3 0.017363753957 0.338 -0.4799586396435198 -0.004352784285795999 0.141351239921718 1.00474985655135
3 0.017363753957 0.339 -0.4797153105552812 -0.004250143160063377 0.141164780965032 1.004701748927115
3 0.017363753957 0.34 -0.4794777970549512 -0.004147172099362501 0.1409798814361253 1.004654108998893
3 0.017363753957 0.341 -0.4792461177988157 -0.004043871944003319 0.1407965434007275 1.00460693197286
3 0.017363753957 0.342 -0.4790202913621516 -0.003940243571437139 0.1406147689677406 1.004560213149209
3 0.017363753957 0.343 -0.4788003362967081 -0.003836287871216961 0.1404345602577672 1.004513947854095
3 0.017363753957 0.344 -0.4785862710930056 -0.003732005765263119 0.1402559194209002 1.004468131479598
3 0.017363753957 0.345 -0.4783781141776924 -0.003627398211918633 0.1400788486355889 1.004422759482514
3 0.017363753957 0.346 -0.4781758839520847 -0.003522466184383346 0.1399033500912141 1.004377827344791
3 0.017363753957 0.347 -0.4779795987229852 -0.00341721071377348 0.1397294260145205 1.004333330636231
3 0.017363753957 0.348 -0.4777892767694303 -0.003311632848955299 0.1395570786423365 1.004289264950908
3 0.017363753957 0.349 -0.4776049362980135 -0.003205733685424966 0.139386310236857 1.004245625944507
3 0.017363753957 0.35 -0.4774265954391644 -0.003099514368882187 0.1392171230845392 1.004202409333209
3 0.017363753957 0.351 -0.4772542722930094 -0.002992976065204552 0.1390495194811747 1.004159610856703
3 0.017363753957 0.352 -0.4770879848461363 -0.002886120016493473 0.1388835017542634 1.004117226336812
3 0.017363753957 0.353 -0.4769277510516278 -0.002778947487574364 0.1387190722398061 1.00407525161805
3 0.017363753957 0.354 -0.4767735887751207 -0.00267145980245896 0.1385562332951251 1.004033682602535
3 0.017363753957 0.355 -0.4766255157901366 -0.002563658347485624 0.1383949872977685 1.003992515248954
3 0.017363753957 0.356 -0.4764835498335108 -0.002455544533850166 0.1382353366330417 1.003951745537974
3 0.017363753957 0.357 -0.4763477085046561 -0.00234711986505996 0.138077283712346 1.003911369527073
3 0.017363753957 0.358 -0.4762180093624209 -0.002238385871713603 0.1379208309540054 1.003871383294949
3 0.017363753957 0.359 -0.4760944698598754 -0.002129344154617156 0.1377659807936275 1.003831782974179
3 0.017363753957 0.36 -0.4759771073388082 -0.002019996387534303 0.137612735682999 1.003792564750251
3 0.017363753957 0.361 -0.4758659390966985 -0.001910344273188285 0.1374610980800793 1.003753724829213
3 0.017363753957 0.362 -0.4757609822654557 -0.001800389620702975 0.1373110704632678 1.003715259488969
3 0.017363753957 0.363 -0.4756622539282104 -0.001690134270114157 0.1371626553162906 1.003677165027277
3 0.017363753957 0.364 -0.4755697710410621 -0.001579580141303221 0.1370158551360677 1.003639437792302
3 0.017363753957 0.365 -0.4754835504268513 -0.00146872923639554 0.1368706724315872 1.003602074181716
3 0.017363753957 0.366 -0.4754036088553987 -0.001357583590057705 0.136727109716398 1.003565070612433
3 0.017363753957 0.367 -0.4753299628990833 -0.001246145355643874 0.1365851695187207 1.003528423568605
3 0.017363753957 0.368 -0.47526262907228 -0.001134416720747813 0.1364448543704692 1.003492129552968
3 0.017363753957 0.369 -0.475201623738535 -0.001022399961199294 0.1363061668125664 1.003456185115432
3 0.017363753957 0.37 -0.4751469631037036 -0.0009100974431447058 0.1361691093937844 1.003420586852244
3 0.017363753957 0.371 -0.4750986633109675 -0.0007975115683834527 0.1360336846658018 1.003385331377664
3 0.017363753957 0.372 -0.4750567402709526 -0.0006846448680616253 0.1358998951890331 1.003350415368893
3 0.017363753957 0.373 -0.4750212098261785 -0.0005714999104470748 0.1357677435259038 1.003315835520525
3 0.017363753957 0.374 -0.474992087642327 -0.0004580793593061406 0.1356372322435308 1.003281588571322
3 0.017363753957 0.375 -0.4749693892008328 -0.0003443859756965853 0.1355083639125237 1.003247671303434
3 0.017363753957 0.376 -0.474953129909983 -0.0002304225590158827 0.1353811411046874 1.003214080515869
3 0.017363753957 0.377 -0.474943324907592 -0.0001161920471936415 0.1352555663944213 1.003180813066576
3 0.017363753957 0.378 -0.4749399892525093 -1.697417759756486e-06 0.1351316423563916 1.003147865829793
3 0.017363753957 0.379 -0.4749431377988294 0.00011305825001698 0.1350093715654822 1.003115235721119
3 0.017363753957 0.38 -0.4749527851880137 0.000228071773597097 0.1348887565955494 1.003082919696788
3 0.017363753957 0.381 -0.4749689459771983 0.0003433399298003214 0.1347698000198694 1.003050914728825
3 0.017363753957 0.382 -0.4749916344127234 0.0004588593490665945 0.134652504407935 1.003019217844464
3 0.017363753957 0.383 -0.4750208646504568 0.0005746266201237567 0.1345368723276937 1.002987826086196
3 0.017363753957 0.384 -0.4750566506119633 0.0006906382246492293 0.1344229063426611 1.00295673653526
3 0.017363753957 0.385 -0.4750990059762277 0.0008068905359760882 0.1343106090106249 1.002925946310961
3 0.017363753957 0.386 -0.4751479443261299 0.0009233798848463984 0.1341999828869467 1.002895452547403
3 0.017363753957 0.387 -0.4752034788913873 0.00104010244899323 0.13409103051657 1.002865252430413
3 0.017363753957 0.388 -0.4752656227991879 0.001157054362660054 0.1339837544410078 1.002835343160119
3 0.017363753957 0.389 -0.4753343889114875 0.001274231648575543 0.133878157192503 1.002805721972956
3 0.017363753957 0.39 -0.4754097898163985 0.001391630216877114 0.1337742412926798 1.002776386141033
3 0.017363753957 0.391 -0.4754918379936444 0.001509245933481431 0.1336720092588153 1.002747332950329
3 0.017363753957 0.392 -0.4755805455257029 0.001627074505780957 0.1335714635908649 1.002718559735299
3 0.017363753957 0.393 -0.4756759243800074 0.001745111596207058 0.1334726067833917 1.002690063843801
3 0.017363753957 0.394 -0.4757779862266782 0.001863352751987646 0.1333754413166547 1.002661842657729
3 0.017363753957 0.395 -0.4758867424296362 0.001981793404270432 0.1332799696552075 1.002633893592416
3 0.017363753957 0.396 -0.4760022042317103 0.002100428938646568 0.1331861942572575 1.002606214076197
3 0.017363753957 0.397 -0.4761243824329883 0.00221925457769081 0.1330941175565118 1.002578801582857
3 0.017363753957 0.398 -0.4762532877056209 0.002338265497826686 0.1330037419792456 1.002551653598746
3 0.017363753957 0.399 -0.4763889303914257 0.002457456757299227 0.1329150699321983 1.002524767642126
3 0.017363753957 0.4 -0.4765313204927771 0.002576823295482528 0.132828103801117 1.002498141262619
3 0.017363753957 0.401 -0.4766804678779157 0.002696360005129229 0.1327428459633269 1.002471772022035
3 0.017363753957 0.402 -0.4768363819257098 0.002816061612427515 0.1326592987641979 1.002445657524809
3 0.017363753957 0.403 -0.4769990718738997 0.00293592279648425 0.1325774645395506 1.002419795387163
3 0.017363753957 0.404 -0.477168546596124 0.003055938115912632 0.1324973456002398 1.002394183255247
3 0.017363753957 0.405 -0.4773448145926389 0.003176102008310789 0.132418944230645 1.002368818804625
3 0.017363753957 0.406 -0.4775278842162591 0.003296408863841528 0.1323422627045698 1.002343699722298
3 0.017363753957 0.407 -0.4777177632829176 0.003416852903431284 0.1322673032561355 1.002318823735252
3 0.017363753957 0.408 -0.4779144594540002 0.003537428300236779 0.1321940681077203 1.002294188581528
3 0.017363753957 0.409 -0.4781179799924556 0.00365812910521955 0.1321225594511123 1.002269792027249
3 0.017363753957 0.41 -0.47832833175339 0.00377894924678424 0.132052779445948 1.002245631866138
3 0.017363753957 0.411 -0.4785455214309637 0.003899882605320275 0.1319847302390594 1.002221705902645
3 0.017363753957 0.412 -0.478769555134308 0.004020922890126739 0.1319184139296029 1.002198011978744
3 0.017363753957 0.413 -0.4790004388044243 0.004142063762270608 0.1318538326027251 1.002174547946786
3 0.017363753957 0.414 -0.479238177949143 0.004263298759496379 0.131790988307169 1.002151311685474
3 0.017363753957 0.415 -0.4794827776336358 0.004384621296014377 0.1317298830536638 1.002128301099416
3 0.017363753957 0.416 -0.4797342427484927 0.004506024737659273 0.131670518837833 1.00210551410329
3 0.017363753957 0.417 -0.4799925775507111 0.004627502278089919 0.1316128975993765 1.002082948646998
3 0.017363753957 0.418 -0.4802577861154768 0.004749047062483421 0.1315570212616457 1.002060602690182
3 0.017363753957 0.419 -0.4805298720498278 0.004870652112107877 0.1315028917055961 1.002038474217225
3 0.017363753957 0.42 -0.4808088384831284 0.004992310324252636 0.131450510768129 1.002016561236832
3 0.017363753957 0.421 -0.4810946883564514 0.005114014547678175 0.1313998802686696 1.001994861767163
3 0.017363753957 0.422 -0.481387423928511 0.005235757458610581 0.1313510019622293 1.001973373859453
3 0.017363753957 0.423 -0.4816870472624858 0.005357531684746105 0.1313038775850658 1.001952095574084
3 0.017363753957 0.424 -0.481993559918338 0.005479329729798314 0.1312585088248778 1.001931024994674
3 0.017363753957 0.425 -0.4823069629432857 0.00560114397356349 0.1312148973191024 1.001910160227685
3 0.017363753957 0.426 -0.4826272571825319 0.005722966747352828 0.1311730446852651 1.001889499388459
3 0.017363753957 0.427 -0.4829544427501519 0.005844790210276864 0.1311329524677602 1.001869040623407
3 0.017363753957 0.428 -0.4832885195509753 0.005966606473060582 0.131094622189761 1.001848782087535
3 0.017363753957 0.429 -0.4836294869515946 0.006088407522862227 0.1310580553195593 1.001828721957676
3 0.017363753957 0.43 -0.4839773437708757 0.006210185223468352 0.1310232532688225 1.001808858432126
3 0.017363753957 0.431 -0.4843320886119841 0.006331931390412796 0.1309902174268104 1.001789189717529
3 0.017363753957 0.432 -0.4846937192983774 0.006453637668026437 0.1309589491007249 1.001769714049721
3 0.017363753957 0.433 -0.4850622334306244 0.00657529565258369 0.1309294495740207 1.001750429672617
3 0.017363753957 0.434 -0.4854376280362215 0.006696896817678971 0.1309017200688031 1.001731334850645
3 0.017363753957 0.435 -0.4858198995601759 0.006818432514546918 0.1308757617440474 1.00171242786841
3 0.017363753957 0.436 -0.4862090442182007 0.006939894046583631 0.13085157573377 1.001693707018359
3 0.017363753957 0.437 -0.4866050573980945 0.007061272547621097 0.1308291630808112 1.001675170620387
3 0.017363753957 0.438 -0.4870079342512427 0.007182559103942727 0.1308085248016854 1.001656817001981
3 0.017363753957 0.439 -0.4874176693214379 0.00730374468049439 0.1307896618449574 1.001638644509918
3 0.017363753957 0.44 -0.4878342565355718 0.007424820121326335 0.1307725750894277 1.001620651509946
3 0.017363753957 0.441 -0.4882576895777905 0.007545776223240869 0.1307572653863369 1.001602836375189
3 0.017363753957 0.442 -0.4886879612566715 0.007666603615738289 0.1307437334864593 1.001585197504586
3 0.017363753957 0.443 -0.4891250641310218 0.007787292881452297 0.1307319801116189 1.001567733304214
3 0.017363753957 0.444 -0.4895689901179792 0.007907834483465563 0.1307220059089712 1.001550442198301
3 0.017363753957 0.445 -0.490019730483845 0.008028218765870681 0.1307138114491597 1.001533322628917
3 0.017363753957 0.446 -0.4904772762389153 0.00814843602627521 0.130707397272623 1.001516373045074
3 0.017363753957 0.447 -0.4909416174709891 0.008268476397856463 0.1307027638098935 1.001499591920074
3 0.017363753957 0.448 -0.4914127440049556 0.008388329967777736 0.130699911459887 1.001482977733938
3 0.017363753957 0.449 -0.4918906449905248 0.008507986705873119 0.1306988405400306 1.001466528983767
3 0.017363753957 0.45 -0.4923753088932356 0.008627436465325567 0.1306995512843935 1.001450244183455
3 0.017363753957 0.451 -0.4928667239096011 0.008746669053765208 0.1307020438941573 1.001434121853434
3 0.017363753957 0.452 -0.4933648772676065 0.008865674117863561 0.130706318451029 1.001418160537
3 0.017363753957 0.453 -0.4938697559194533 0.008984441259298811 0.1307123750023995 1.001402358783777
3 0.017363753957 0.454 -0.4943813461093425 0.009102959965070915 0.1307202135072637 1.00138671515947
3 0.017363753957 0.455 -0.4948996333646912 0.009221219608295575 0.1307298338343317 1.001371228245604
3 0.017363753957 0.456 -0.4954246029311583 0.009339209517635101 0.1307412358167123 1.001355896629856
3 0.017363753957 0.457 -0.4959562390409099 0.009456918864858201 0.1307544191583662 1.001340718921442
3 0.017363753957 0.458 -0.4964945256377657 0.009574336777927408 0.1307693835262108 1.001325693735539
3 0.017363753957 0.459 -0.4970394459255348 0.009691452273203323 0.1307861284917919 1.001310819702477
3 0.017363753957 0.46 -0.4975909823594721 0.009808254256353717 0.1308046535293786 1.001296095467491
3 0.017363753957 0.461 -0.4981491171006761 0.009924731589858423 0.1308249580749006 1.001281519681615
3 0.017363753957 0.462 -0.4987138312530202 0.01004087298395836 0.1308470414253864 1.001267091016184
3 0.017363753957 0.463 -0.4992851056198295 0.01015666710644112 0.1308709028380725 1.001252808148154
3 0.017363753957 0.464 -0.4998629202333369 0.01027210251699192 0.1308965414677969 1.001238669768763
3 0.017363753957 0.465 -0.5004472543464139 0.01038716766821768 0.1309239563650832 1.001224674583306
3 0.017363753957 0.466 -0.5010380869057585 0.01050185097096831 0.13095314653936 1.001210821302546
3 0.017363753957 0.467 -0.5016353957585122 0.01061614068909793 0.1309841108513459 1.001197108656394
3 0.017363753957 0.468 -0.5022391584394705 0.01073002504552562 0.1310168481192058 1.001183535380062
3 0.017363753957 0.469 -0.502849351682306 0.01084349215899066 0.1310513570516462 1.001170100222237
3 0.017363753957 0.47 -0.5034659514116044 0.01095653004519161 0.1310876362459936 1.001156801944871
3 0.017363753957 0.471 -0.5040889332341897 0.01106912667966655 0.1311256842557137 1.001143639315074
3 0.017363753957 0.472 -0.5047182716165625 0.01118126989679007 0.1311654994757249 1.00113061111803
3 0.017363753957 0.473 -0.5053539407015344 0.01129294749168582 0.1312070802556236 1.001117716143928
3 0.017363753957 0.474 -0.505995913801932 0.01140414715964416 0.1312504248284742 1.001104953195679
3 0.017363753957 0.475 -0.5066441633929717 0.01151485649737675 0.1312955313088872 1.00109232108872
3 0.017363753957 0.476 -0.5072986616209941 0.01162506306319746 0.1313423977648436 1.00107981864336
3 0.017363753957 0.477 -0.5079593794529846 0.01173475428068047 0.1313910220959382 1.001067444696979
3 0.017363753957 0.478 -0.5086262875213949 0.01184391753599977 0.1314414021536769 1.00105519809169
3 0.017363753957 0.479 -0.5092993556011196 0.01195254012026858 0.1314935356659658 1.001043077681623
3 0.017363753957 0.48 -0.5099785526022421 0.01206060923091023 0.1315474202351947 1.001031082332747
3 0.017363753957 0.481 -0.5106638470953788 0.01216811202888001 0.1316030534143609 1.001019210915639
3 0.017363753957 0.482 -0.5113552064346586 0.01227503554741261 0.1316604325782618 1.001007462317015
3 0.017363753957 0.483 -0.5120525976293805 0.01238136678436094 0.1317195550508491 1.000995835428063
3 0.017363753957 0.484 -0.512755986805124 0.01248709264771865 0.1317804180254336 1.000984329151339
3 0.017363753957 0.485 -0.5134653391969008 0.01259219995710822 0.1318430185627784 1.000972942400601
3 0.017363753957 0.486 -0.5141806196902323 0.01269667549778211 0.1319073536715047 1.000961674093962
3 0.017363753957 0.487 -0.5149017919190922 0.01280050593489122 0.1319734201722759 1.000950523164809
3 0.017363753957 0.488 -0.5156288191629212 0.01290367790039212 0.13204121483217 1.000939488550764
3 0.017363753957 0.489 -0.5163616637928118 0.0130061779420162 0.13211073428063 1.000928569200209
3 0.017363753957 0.49 -0.5171002872650956 0.01310799252487586 0.132181975007574 1.000917764072133
3 0.017363753957 0.491 -0.5178446506772106 0.01320910808198139 0.13225493344805 1.00090707212965
3 0.017363753957 0.492 -0.5185947138422254 0.01330951093446565 0.1323296058394749 1.000896492350344
3 0.017363753957 0.493 -0.5193504362096161 0.01340918737262531 0.1324059883629673 1.000886023715808
3 0.017363753957 0.494 -0.5201117762975362 0.01350812360860233 0.1324840770550856 1.000875665217836
3 0.017363753957 0.495 -0.5208786916868762 0.01360630577810941 0.1325638678059613 1.000865415858275
3 0.017363753957 0.496 -0.5216511395908926 0.01370371998719644 0.1326453564481577 1.000855274642882
3 0.017363753957 0.497 -0.5224290759080645 0.01380035223887083 0.13272853860705 1.000845240591134
3 0.017363753957 0.498 -0.5232124561649109 0.01389618850783421 0.1328134098490369 1.000835312726317
3 0.017363753957 0.499 -0.524001234935432 0.01399121469714443 0.1328999655891234 1.00082549008139
3 0.017363753957 0.5 -0.5247953658356757 0.01408541664006158 0.1329882010890833 1.00081577169885
3 0.017363753957 0.501 -0.5255948021060313 0.01417878014279515 0.1330781115504633 1.000806156624909
3 0.017363753957 0.502 -0.5263994956442872 0.01427129091796372 0.1331696919582132 1.000796643918807
3 0.017363753957 0.503 -0.5272093979686449 0.01436293465258427 0.1332629372356715 1.000787232643394
3 0.017363753957 0.504 -0.5280244596254962 0.01445369696898569 0.133357842148065 1.000777921870712
3 0.017363753957 0.505 -0.5288446301845282 0.0145435634267762 0.1334544013007054 1.000768710681867
3 0.017363753957 0.506 -0.5296698588325092 0.01463251956130028 0.1335526092360676 1.000759598161491
3 0.017363753957 0.507 -0.5305000933885452 0.01472055082438517 0.1336524602708008 1.000750583406603
3 0.017363753957 0.508 -0.5313352812853158 0.01480764264513606 0.133753948657362 1.000741665517652
3 0.017363753957 0.509 -0.5321753689664325 0.0148937803953742 0.1338570684835167 1.00073284360383
3 0.017363753957 0.51 -0.5330203018821147 0.01497894939172687 0.1339618136705776 1.000724116782953
3 0.017363753957 0.511 -0.5338700250932156 0.01506313492952048 0.1340681780744676 1.00071548417619
3 0.017363753957 0.512 -0.5347244822708017 0.01514632223126504 0.1341761553162706 1.000706944916498
3 0.017363753957 0.513 -0.5355836166935153 0.01522849649980482 0.1342857389503603 1.000698498140105
3 0.017363753957 0.514 -0.5364473706358277 0.01530964288855637 0.1343969223600021 1.000690142991559
3 0.017363753957 0.515 -0.5373156853643254 0.01538974650372179 0.1345096987556412 1.000681878623624
3 0.017363753957 0.516 -0.5381885017506431 0.01546879243334249 0.1346240612798479 1.000673704192262
3 0.017363753957 0.517 -0.5390657592576217 0.01554676570397597 0.1347400028315898 1.000665618864665
3 0.017363753957 0.518 -0.5399473969505681 0.01562365132574822 0.1348575162406787 1.000657621811146
3 0.017363753957 0.519 -0.5408333528778029 0.01569943426766859 0.1349765941595905 1.000649712209952
3 0.017363753957 0.52 -0.5417235640675896 0.0157740994599672 0.1350972290618093 1.000641889247165
3 0.017363753957 0.521 -0.5426179671485686 0.01584763181803203 0.1352194133505371 1.000634152111918
3 0.017363753957 0.522 -0.5435164973248735 0.01592001620773462 0.1353431391768942 1.000626500004063
3 0.017363753957 0.523 -0.5444190893989348 0.01599123748192807 0.1354683986204835 1.000618932126431
3 0.017363753957 0.524 -0.5453256771457967 0.01606128046111709 0.1355951835775593 1.000611447689428
3 0.017363753957 0.525 -0.546236193310724 0.01613012993591986 0.1357234857594343 1.000604045910946
3 0.017363753957 0.526 -0.5471505702356518 0.01619777068561021 0.1358532968048194 1.000596726011791
3 0.017363753957 0.527 -0.5480687388257699 0.0162641874525502 0.1359846080921889 1.000589487223013
3 0.017363753957 0.528 -0.5489906295813868 0.01632936496967595 0.1361174109262306 1.00058232877851
3 0.017363753957 0.529 -0.549916171967569 0.01639328794680182 0.136251696422513 1.000575249919423
3 0.017363753957 0.53 -0.550845294412463 0.01645594107320698 0.1363874555059622 1.000568249894057
3 0.017363753957 0.531 -0.5517779249381914 0.01651730903050347 0.1365246790266822 1.0005613279535
3 0.017363753957 0.532 -0.5527139901215499 0.0165773764766345 0.1366633575667454 1.00055448335865
3 0.017363753957 0.533 -0.5536534161323161 0.01663612806388925 0.1368034816322733 1.000547715373127
3 0.017363753957 0.534 -0.5545961280998444 0.01669354843112053 0.1369450415347666 1.000541023267493
3 0.017363753957 0.535 -0.5555420501121372 0.01674962220645579 0.1370880273896603 1.000534406319166
3 0.017363753957 0.536 -0.5564911058495463 0.01680433401421198 0.1372324292354562 1.000527863808236
3 0.017363753957 0.537 -0.5574432175423497 0.01685766846891766 0.1373782368352288 1.000521395024192
3 0.017363753957 0.538 -0.5583983070127626 0.01690961018339852 0.1375254398740535 1.000514999259137
3 0.017363753957 0.539 -0.5593562950402 0.0169601437671869 0.1376740278371803 1.000508675811827
3 0.017363753957 0.54 -0.5603171013611334 0.01700925382935687 0.1378239900086764 1.0005024239876
3 0.017363753957 0.541 -0.5612806453038718 0.01705692497920753 0.1379753155936846 1.000496243094355
3 0.017363753957 0.542 -0.5622468447459195 0.01710314183076503 0.1381279935149654 1.000490132449016
3 0.017363753957 0.543 -0.5632156171568165 0.01714788900048212 0.1382820126153574 1.000484091371014
3 0.017363753957 0.544 -0.5641868789638597 0.0171911511121167 0.1384373615329973 1.00047811918617
3 0.017363753957 0.545 -0.5651605455527776 0.01723291279969007 0.1385940287000551 1.000472215226631
3 0.017363753957 0.546 -0.5661365319017919 0.01727315870166182 0.1387520024679182 1.000466378827005
3 0.017363753957 0.547 -0.567114751541784 0.01731187347636461 0.1389112708991168 1.000460609330571
3 0.017363753957 0.548 -0.5680951175969622 0.01734904178886412 0.139071821974475 1.000454906083024
3 0.017363753957 0.549 -0.5690775421529094 0.01738464832258137 0.1392336434655942 1.000449268436205
3 0.017363753957 0.55 -0.5700619362581133 0.01741867778237289 0.1393967229336898 1.000443695748038
3 0.017363753957 0.551 -0.5710482105554263 0.01745111488192277 0.1395610478574803 1.000438187378816
3 0.017363753957 0.552 -0.5720362742481971 0.01748194437055819 0.1397266054208739 1.000432742697181
3 0.017363753957 0.553 -0.5730260361356353 0.01751115100882075 0.1398933827244388 1.000427361074102
3 0.017363753957 0.554 -0.5740174039851325 0.01753871958710389 0.1400613666553857 1.000422041886465
3 0.017363753957 0.555 -0.5750102845346799 0.01756463492885326 0.1402305438865152 1.000416784517018
3 0.017363753957 0.556 -0.5760045841197722 0.01758888187090522 0.1404009010065717 1.000411588350792
3 0.017363753957 0.5570000000000001 -0.5770002076487838 0.01761144530212422 0.140572424304101 1.000406452780867
3 0.017363753957 0.5580000000000001 -0.5779970596297767 0.01763231012724275 0.1407450999828371 1.000401377202564
3 0.017363753957 0.5590000000000001 -0.5789950435491154 0.01765146129278108 0.1409189140294387 1.000396361016913
3 0.017363753957 0.5600000000000001 -0.5799940618748076 0.01766888379036547 0.1410938522125552 1.000391403630599
3 0.017363753957 0.5610000000000001 -0.5809940166768168 0.01768456262974672 0.1412699002153887 1.00038650445251
3 0.017363753957 0.5620000000000001 -0.5819948086150917 0.01769848288969255 0.1414470434161622 1.000381662899302
3 0.017363753957 0.5630000000000001 -0.5829963379544327 0.01771062966966119 0.1416252671069881 1.000376878389797
3 0.017363753957 0.5640000000000001 -0.5839985039515034 0.01772098812326503 0.1418045563596348 1.000372150348327
3 0.017363753957 0.5650000000000001 -0.5850012048591221 0.01772954346170409 0.1419848960247189 1.000367478204688
3 0.017363753957 0.5660000000000001 -0.5860043385378788 0.01773628091920379 0.1421662708661977 1.000362861390805
3 0.017363753957 0.5670000000000001 -0.5870078014603418 0.01774118581658504 0.1423486653389202 1.000358299346109
3 0.017363753957 0.5680000000000001 -0.5880114897104856 0.01774424350034647 0.1425320638105136 1.000353791512124
3 0.017363753957 0.5690000000000001 -0.5890152983812621 0.01774543938392713 0.1427164504254705 1.000349337335704
3 0.017363753957 0.5700000000000001 -0.5900191215798816 0.0177447589512518 0.1429018091044778 1.000344936268984
3 0.017363753957 0.5710000000000001 -0.5910228530285507 0.01774218771433412 0.1430881236805435 1.00034058776616
3 0.017363753957 0.5720000000000001 -0.5920263850885009 0.01773771128993485 0.1432753776741337 1.00033629128869
3 0.017363753957 0.5730000000000001 -0.5930296097403568 0.01773131532563964 0.1434635545175792 1.000332046300056
3 0.017363753957 0.5740000000000001 -0.5940324179945106 0.01772298554916782 0.1436526374177978 1.000327852268901
3 0.017363753957 0.5750000000000001 -0.5950346998974206 0.01771270777202591 0.1438426093557673 1.000323708668979
3 0.017363753957 0.5760000000000001 -0.5960363451192214 0.01770046783902999 0.144033453223972 1.000319614976041
3 0.017363753957 0.577 -0.5970372420013313 0.01768625171844857 0.1442251515996596 1.000315570672868
3 0.017363753957 0.578 -0.5980372785140273 0.01767004541467639 0.144417686971241 1.000311575244206
3 0.017363753957 0.579 -0.599036341681931 0.01765183502582745 0.1446110415999786 1.000307628179797
3 0.017363753957 0.58 -0.6000343175913555 0.01763160674749238 0.1448051975196121 1.000303728974338
3 0.017363753957 0.581 -0.6010310919624682 0.01760934681394329 0.1450001366747908 1.000299877124462
3 0.017363753957 0.582 -0.6020265492243457 0.01758504160214128 0.1451958406930162 1.000296072133616
3 0.017363753957 0.583 -0.6030205734459091 0.01755867753062266 0.1453922911124757 1.00029231350715
3 0.017363753957 0.584 -0.6040130477788968 0.0175302411256041 0.1455894692430476 1.000288600755263
3 0.017363753957 0.585 -0.60500385446629 0.01749971902483883 0.1457873561660892 1.000284933392956
3 0.017363753957 0.586 -0.605992875396641 0.01746709791027773 0.1459859328734993 1.000281310937107
3 0.017363753957 0.587 -0.6069799912105514 0.01743236462630316 0.1461851800389471 1.000277732911208
3 0.017363753957 0.588 -0.6079650822010119 0.01739550606446193 0.1463850782465464 1.000274198840597
3 0.017363753957 0.589 -0.6089480277763057 0.01735650923829878 0.1465856078515481 1.000270708255314
3 0.017363753957 0.59 -0.6099287064695348 0.01731536128730574 0.1467867489802999 1.000267260690063
3 0.017363753957 0.591 -0.6109069964726703 0.01727204940082525 0.1469884816695651 1.000263855681369
3 0.017363753957 0.592 -0.611882774778523 0.01722656095085113 0.1471907856376684 1.000260492772176
3 0.017363753957 0.593 -0.6128559180464402 0.01717888336226295 0.1473936405133861 1.000257171507222
3 0.017363753957 0.594 -0.6138263020876313 0.0171290041965909 0.1475970256967178 1.00025389143581
3 0.017363753957 0.595 -0.6147938018758257 0.01707691115605232 0.1478009203590239 1.000250652111772
3 0.017363753957 0.596 -0.6157582920585356 0.01702259199849551 0.1480053035822099 1.00024745309071
3 0.017363753957 0.597 -0.6167196461386877 0.01696603468508591 0.1482101541304503 1.000244293934458
3 0.017363753957 0.598 -0.6176777373015263 0.01690722723571901 0.1484154506786394 1.000241174206596
3 0.017363753957 0.599 -0.6186324379249188 0.0168461578219053 0.1486211716736508 1.000238093475135
3 0.017363753957 0.6 -0.6195836195911651 0.0167828147708871 0.1488272953346627 1.000235051312488
3 0.017363753957 0.601 -0.6205311535729144 0.01671718647143666 0.1490337997917943 1.000232047292787
3 0.017363753957 0.602 -0.6214749100587083 0.01664926153672024 0.1492406628591012 1.000229080996222
3 0.017363753957 0.603 -0.622414758936858 0.01657902864459149 0.1494478622619009 1.000226152004674
3 0.017363753957 0.604 -0.6233505693333303 0.01650647663976926 0.1496553754989477 1.000223259904334
3 0.017363753957 0.605 -0.6242822096247338 0.01643159453802746 0.1498631798429534 1.000220404285672
3 0.017363753957 0.606 -0.6252095478962765 0.0163543714226768 0.1500712524782459 1.000217584740825
3 0.017363753957 0.607 -0.6261324512155519 0.01627479662287227 0.1502795702757603 1.000214800867819
3 0.017363753957 0.608 -0.6270507863690749 0.01619285953851552 0.1504881100185207 1.000212052266325
3 0.017363753957 0.609 -0.6279644194303992 0.01610854975188157 0.1506968482651766 1.000209338540203
3 0.017363753957 0.61 -0.628873215774299 0.01602185703187352 0.1509057613507291 1.000206659297468
3 0.017363753957 0.611 -0.6297770405041117 0.01593277122103479 0.1511148255227608 1.00020401414776
3 0.017363753957 0.612 -0.630675757778168 0.01584128242953554 0.151324016719177 1.000201402706442
3 0.017363753957 0.613 -0.6315692314945982 0.01574738084444227 0.1515333107910953 1.000198824590474
3 0.017363753957 0.614 -0.6324573248923748 0.01565105685093045 0.1517426833682106 1.000196279420888
3 0.017363753957 0.615 -0.6333399005667059 0.0155523010365956 0.1519521098597314 1.000193766822757
3 0.017363753957 0.616 -0.6342168208630639 0.01545110406886149 0.1521615655887161 1.000191286422732
3 0.017363753957 0.617 -0.6350879472607271 0.01534745690484916 0.1523710255733464 1.000188837853026
3 0.017363753957 0.618 -0.6359531410014005 0.01524135058480326 0.1525804647464485 1.000186420747404
3 0.017363753957 0.619 -0.6368122627259147 0.01513277636300802 0.152789857823167 1.000184034743591
3 0.017363753957 0.62 -0.6376651724908442 0.01502172571214527 0.1529991793021214 1.000181679483236
3 0.017363753957 0.621 -0.6385117301264905 0.01490819019098445 0.1532084035973622 1.000179354609523
3 0.017363753957 0.622 -0.6393517946820494 0.01479216167030346 0.1534175048239888 1.000177059771041
3 0.017363753957 0.623 -0.6401852249935436 0.01467363211029522 0.1536264570134961 1.000174794617888
3 0.017363753957 0.624 -0.6410118793589327 0.01455259370128284 0.1538352339842569 1.000172558804009
3 0.017363753957 0.625 -0.6418316155559696 0.01442903886811493 0.1540438093429057 1.000170351987162
3 0.017363753957 0.626 -0.6426442911613762 0.01430296012804433 0.1542521566134136 1.000168173826596
3 0.017363753957 0.627 -0.6434497630621964 0.01417435033283388 0.1544602490278877 1.000166023986812
3 0.017363753957 0.628 -0.6442478879584866 0.01404320243000247 0.1546680597369116 1.000163902133775
3 0.017363753957 0.629 -0.6450385220796218 0.01390950961341285 0.1548755616833512 1.000161807937188
3 0.017363753957 0.63 -0.6458215212033985 0.01377326532769367 0.1550827276039726 1.000159741070458
3 0.017363753957 0.631 -0.6465967409336165 0.01363446311623709 0.1552895301551181 1.000157701208439
3 0.017363753957 0.632 -0.6473640362822103 0.0134930968795835 0.1554959417095518 1.000155688031084
3 0.017363753957 0.633 -0.6481232621021119 0.01334916062040477 0.1557019345609341 1.000153701219772
3 0.017363753957 0.634 -0.6488742728475515 0.0132026486040141 0.1559074808014823 1.000151740459506
3 0.017363753957 0.635 -0.6496169225944143 0.01305355536280374 0.156112552323829 1.000149805438888
3 0.017363753957 0.636 -0.6503510652734258 0.01290187553431555 0.1563171209427669 1.000147895847922
3 0.017363753957 0.637 -0.6510765543276748 0.01274760413595819 0.1565211581990272 1.000146011381565
3 0.017363753957 0.638 -0.6517932430710381 0.01259073629366549 0.1567246355570065 1.000144151736153
3 0.017363753957 0.639 -0.6525009844952883 0.01243126741235246 0.1569275242868266 1.000142316611543
3 0.017363753957 0.64 -0.6531996312917044 0.01226919318035711 0.1571297954664391 1.000140505711079
3 0.017363753957 0.641 -0.6538890360370522 0.0121045093975636 0.1573314200988928 1.00013871873947
3 0.017363753957 0.642 -0.6545690509311182 0.01193721226646223 0.1575323689239544 1.000136955406224
3 0.017363753957 0.643 -0.6552395280760782 0.01176729810446357 0.1577326126081832 1.000135215422192
3 0.017363753957 0.644 -0.655900319333222 0.01159476352429819 0.1579321216319467 1.000133498501633
3 0.017363753957 0.645 -0.6565512763458207 0.01141960543845032 0.1581308662917783 1.000131804362192
3 0.017363753957 0.646 -0.6571922506750855 0.01124182087734003 0.1583288168126067 1.000130132722834
3 0.017363753957 0.647 -0.6578230936223353 0.01106140729669148 0.1585259431681503 1.000128483307176
3 0.017363753957 0.648 -0.6584436564246847 0.01087836227352782 0.1587222152624115 1.000126855840136
3 0.017363753957 0.649 -0.659053790164197 0.0106926836964845 0.15891760282222 1.000125250049935
3 0.017363753957 0.65 -0.6596533457920035 0.01050436977022214 0.1591120753998485 1.000123665668073
3 0.017363753957 0.651 -0.6602421742114337 0.01031341882370183 0.159305602479631 1.00012210242733
3 0.017363753957 0.652 -0.6608201261894169 0.01011982963378035 0.1594981533080812 1.000120560064989
3 0.017363753957 0.653 -0.6613870524638851 0.009923601104957422 0.1596896970658605 1.000119038319593
3 0.017363753957 0.654 -0.6619428037081495 0.009724732469543361 0.1598802027664305 1.000117536932883
3 0.017363753957 0.655 -0.6624872305562645 0.009523223292038098 0.1600696392589297 1.000116055649773
3 0.017363753957 0.656 -0.6630201836305345 0.009319073267562856 0.1602579753286005 1.000114594216416
3 0.017363753957 0.657 -0.6635415135467236 0.009112282561552188 0.1604451795375944 1.000113152383322
3 0.017363753957 0.658 -0.6640510709285924 0.008902851473373455 0.1606312203864542 1.000111729902217
3 0.017363753957 0.659 -0.6645487064302739 0.008690780646259803 0.1608160662194636 1.000110326527924
3 0.017363753957 0.66 -0.6650342707628696 0.00847607107164154 0.1609996852277905 1.000108942018331
3 0.017363753957 0.661 -0.6655076146635635 0.008258723877827754 0.1611820455431305 1.000107576132522
3 0.017363753957 0.662 -0.6659685889991661 0.00803874068561442 0.1613631150901779 1.000106228633797
3 0.017363753957 0.663 -0.666417044683247 0.007816123255946283 0.161542861736645 1.000104899286627
3 0.017363753957 0.664 -0.6668528327592574 0.007590873709494871 0.161721253205909 1.000103587858476
3 0.017363753957 0.665 -0.6672758044283412 0.007362994530928047 0.1618982570804231 1.000102294119768
3 0.017363753957 0.666 -0.6676858109573153 0.007132488347966427 0.1620738408879778 1.000101017842084
3 0.017363753957 0.667 -0.6680827038850187 0.006899358302674495 0.1622479719668286 1.00009975880107
3 0.017363753957 0.668 -0.6684663348375585 0.006663607683387 0.1624206176032636 1.000098516773509
3 0.017363753957 0.669 -0.6688365556748829 0.006425240153779581 0.1625917449521521 1.000097291539066
3 0.017363753957 0.67 -0.6691932185197916 0.006184259757061932 0.1627613210406265 1.000096082880266
3 0.017363753957 0.671 -0.6695361756020798 0.005940670685566052 0.162929312846356 1.000094890580747
3 0.017363753957 0.672 -0.6698652795720886 0.005694477667433548 0.1630956871763289 1.00009371442807
3 0.017363753957 0.673 -0.6701803832096512 0.005445685583082112 0.1632604107909725 1.000092554210887
3 0.017363753957 0.674 -0.6704813396367779 0.005194299703583323 0.1634234503332113 1.000091409720634
3 0.017363753957 0.675 -0.6707680023478395 0.004940325694764396 0.1635847723324223 1.000090280751499
3 0.017363753957 0.676 -0.6710402249872238 0.004683769377518543 0.163744343274111 1.000089167098743
3 0.017363753957 0.677 -0.6712978617743968 0.00442463712954628 0.1639021294933526 1.000088068561405
3 0.017363753957 0.678 -0.6715407671022192 0.004162935486692645 0.1640580972844606 1.000086984939576
3 0.017363753957 0.679 -0.6717687958183474 0.003898671390412698 0.164212212839167 1.000085916036024
3 0.017363753957 0.68 -0.671981803256561 0.003631852191766506 0.1643644422508516 1.000084861656168
3 0.017363753957 0.681 -0.6721796449453394 0.003362485402675976 0.1645147515750077 1.000083821606459
3 0.017363753957 0.6820000000000001 -0.6723621771486354 0.003090579112321258 0.1646631067383493 1.000082795696981
3 0.017363753957 0.6830000000000001 -0.6725292563493376 0.002816141573735777 0.1648094736330216 1.000081783738831
3 0.017363753957 0.6840000000000001 -0.672680739601921 0.00253918146010524 0.164953818064517 1.000080785545678
3 0.017363753957 0.6850000000000001 -0.6728164845648881 0.002259707868640124 0.1650961057561764 1.000079800933741
3 0.017363753957 0.6860000000000001 -0.6729363491377396 0.001977730063038224 0.1652363023998337 1.000078829720229
3 0.017363753957 0.6870000000000001 -0.6730401921215414 0.001693257904079299 0.1653743735815935 1.000077871725842
3 0.017363753957 0.6880000000000001 -0.6731278725834273 0.001406301421922718 0.1655102848595783 1.000076926772251
3 0.017363753957 0.6890000000000001 -0.6731992502829554 0.001116871080950233 0.1656440017221903 1.0000759946836
3 0.017363753957 0.6900000000000001 -0.6732541857056256 0.0008249777834999663 0.1657754895928856 1.000075075286477
3 0.017363753957 0.6910000000000001 -0.6732925396257995 0.0005306326038295037 0.1659047138703848 1.000074168408421
3 0.017363753957 0.6920000000000001 -0.673314173891005 0.0002338472323928773 0.1660316398721231 1.000073273880322
3 0.017363753957 0.6930000000000001 -0.6733189506635028 -6.536646565555936e-05 0.1661562328945316 1.000072391533998
3 0.017363753957 0.6940000000000001 -0.6733067329227227 -0.0003669961774004434 0.1662784581822534 1.000071521203641
3 0.017363753957 0.6950000000000001 -0.6732773844998158 -0.0006710291385862334 0.1663982809331874 1.000070662725784
3 0.017363753957 0.6960000000000001 -0.6732307695641635 -0.0009774524078224622 0.1665156663276592 1.000069815937872
3 0.017363753957 0.6970000000000001 -0.6731667535352115 -0.001286252409200407 0.1666305794905354 1.00006898068056
3 0.017363753957 0.6980000000000001 -0.673085202197276 -0.00159741538701947 0.1667429855330449 1.000068156795393
3 0.017363753957 0.6990000000000001 -0.6729859822803343 -0.001910927124871198 0.1668528495335506 1.000067344126188
3 0.017363753957 0.7000000000000001 -0.6728689614955653 -0.002226772942231441 0.1669601365428611 1.000066542519001
3 0.017363753957 0.7010000000000001 -0.6727340079431886 -0.00254493797646607 0.1670648116017589 1.000065751820763
3 0.017363753957 0.7020000000000001 -0.6725809911554457 -0.002865406712978151 0.1671668397227615 1.000064971881477
3 0.017363753957 0.7030000000000001 -0.6724097810809924 -0.003188163452540374 0.1672661859124977 1.000064202551995
3 0.017363753957 0.704 -0.6722202487462077 -0.003513192022923532 0.1673628151646299 1.00006344368534
3 0.017363753957 0.705 -0.6720122662916728 -0.003840475775676882 0.1674566924654288 1.00006269513668
3 0.017363753957 0.706 -0.6717857062991907 -0.004169997875528952 0.1675477827990668 1.000061956762017
3 0.017363753957 0.707 -0.6715404429693437 -0.004501740818763798 0.1676360511499904 1.000061228420283
3 0.017363753957 0.708 -0.6712763509720018 -0.004835686912473759 0.1677214625048825 1.000060509971227
3 0.017363753957 0.709 -0.6709933061901984 -0.005171817979169903 0.1678039818583204 1.00005980127667
3 0.017363753957 0.71 -0.6706911857574913 -0.005510115353767136 0.1678835742186061 1.000059102200477
3 0.017363753957 0.711 -0.670369867302134 -0.005850560179937753 0.1679602046002446 1.000058412607311
3 0.017363753957 0.712 -0.6700292302624317 -0.006193132917477001 0.1680338380478712 1.000057732364632
3 0.017363753957 0.713 -0.6696691546000982 -0.006537813832728592 0.1681044396168522 1.000057061340675
3 0.017363753957 0.714 -0.6692895216286191 -0.006884582696652328 0.1681719743922461 1.000056399405652
3 0.017363753957 0.715 -0.668890214051432 -0.007233418782031099 0.1682364074948865 1.000055746431726
3 0.017363753957 0.716 -0.6684711151213508 -0.007584301166296234 0.1682977040604742 1.000055102291816
3 0.017363753957 0.717 -0.6680321100967204 -0.007937208228705516 0.168355829285981 1.000054466861508
3 0.017363753957 0.718 -0.6675730848145758 -0.008292118151131334 0.1684107483879617 1.000053840017126
3 0.017363753957 0.719 -0.6670939266052675 -0.008649008610098858 0.1684624266353755 1.000053221636876
3 0.017363753957 0.72 -0.6665945243314011 -0.009007856774231934 0.168510829355911 1.000052611600818
3 0.017363753957 0.721 -0.6660747674607533 -0.009368639613031445 0.1685559219011418 1.000052009789736
3 0.017363753957 0.722 -0.6655345476659843 -0.009731333384751416 0.1685976697162969 1.000051416086947
3 0.017363753957 0.723 -0.6649737572547881 -0.01009591414667713 0.1686360382753872 1.000050830376473
3 0.017363753957 0.724 -0.664392290172412 -0.01046235744168532 0.1686709931284222 1.000050252544122
3 0.017363753957 0.725 -0.6637900420412818 -0.01083063829594602 0.1687024999079685 1.000049682477466
3 0.017363753957 0.726 -0.6631669091458062 -0.01120073153309699 0.1687305242798359 1.000049120064765
3 0.017363753957 0.727 -0.6625227901781435 -0.0115726112537662 0.1687550320370709 1.000048565196683
3 0.017363753957 0.728 -0.6618575845227916 -0.01194625135440454 0.168775989011034 1.000048017764555
3 0.017363753957 0.729 -0.6611711933484666 -0.01232162520895766 0.168793361133525 1.000047477661412
3 0.017363753957 0.73 -0.6604635196483404 -0.0126987056668408 0.1688071144435653 1.000046944781958
3 0.017363753957 0.731 -0.6597344671352893 -0.01307746537191412 0.1688172150231031 1.000046419021549
3 0.017363753957 0.732 -0.6589839421359371 -0.01345787623466251 0.1688236291160478 1.000045900277823
3 0.017363753957 0.733 -0.6582118517274043 -0.01383990995858484 0.1688263230144726 1.000045388449052
3 0.017363753957 0.734 -0.6574181049198407 -0.01422353771760518 0.1688252631361364 1.000044883435117
3 0.017363753957 0.735 -0.6566026126971961 -0.01460873015433735 0.1688204160314787 1.000044385137485
3 0.017363753957 0.736 -0.6557652868216438 -0.01499545770322833 0.168811748303859 1.00004389345824
3 0.017363753957 0.737 -0.6549060418778262 -0.01538369005646815 0.1687992267544041 1.000043408301628
3 0.017363753957 0.738 -0.6540247932597747 -0.01577339669687572 0.1687828182425535 1.000042929572493
3 0.017363753957 0.739 -0.6531214584452086 -0.01616454657171456 0.1687624897794398 1.000042457177205
3 0.017363753957 0.74 -0.6521959570367534 -0.016557108091264 0.1687382085350818 1.000041991023632
3 0.017363753957 0.741 -0.6512482094744549 -0.01695104945545986 0.1687099417427016 1.000041531020229
3 0.017363753957 0.742 -0.6502781392318423 -0.01734633811466902 0.1686776568701084 1.000041077077492
3 0.017363753957 0.743 -0.6492856706513377 -0.01774294130794989 0.1686413214538517 1.000040629106486
3 0.017363753957 0.744 -0.6482707303112395 -0.0181408257339754 0.1686009032088914 1.000040187019717
3 0.017363753957 0.745 -0.6472332470673008 -0.01853995754992736 0.168556370035972 1.000039750731106
3 0.017363753957 0.746 -0.6461731506724423 -0.01894030270092645 0.1685076899095944 1.000039320155127
3 0.017363753957 0.747 -0.6450903741259191 -0.01934182637686679 0.1684548310766021 1.000038895208186
3 0.017363753957 0.748 -0.6439848513558638 -0.01974449355486823 0.168397761863265 1.000038475807224
3 0.017363753957 0.749 -0.642856518679672 -0.02014826866804609 0.1683364508016306 1.00003806187054
3 0.017363753957 0.75 -0.6417053148458427 -0.02055311560474494 0.168270866637065 1.000037653317772
3 0.017363753957 0.751 -0.6405311795602099 -0.02095899804001326 0.1682009781994898 1.000037250069077
3 0.017363753957 0.752 -0.6393340559891479 -0.0213658788897531 0.1681267546297752 1.000036852046436
3 0.017363753957 0.753 -0.63811388828824 -0.02177372085612132 0.1680481651591371 1.000036459172334
3 0.017363753957 0.754 -0.6368706231565622 -0.02218248609492181 0.1679651792525236 1.000036071370534
3 0.017363753957 0.755 -0.635604209878692 -0.02259213621519464 0.1678777666163052 1.000035688566064
3 0.017363753957 0.756 -0.6343145987569861 -0.02300263261195456 0.1677858970524267 1.000035310684441
3 0.017363753957 0.757 -0.6330017437694015 -0.02341393591896955 0.1676895407131454 1.000034937652895
3 0.017363753957 0.758 -0.6316655999436367 -0.02382600655580932 0.1675886678521877 1.000034569399136
3 0.017363753957 0.759 -0.6303061250055917 -0.02423880439467097 0.1674832489854861 1.000034205852077
3 0.017363753957 0.76 -0.6289232794214394 -0.0246522887603392 0.1673732548989962 1.000033846941817
3 0.017363753957 0.761 -0.6275170247357094 -0.02506641876337257 0.1672586564854586 1.000033492598918
3 0.017363753957 0.762 -0.6260873263839177 -0.02548115275288193 0.167139425027944 1.000033142755556
3 0.017363753957 0.763 -0.6246341509119084 -0.02589644886386678 0.1670155319222917 1.000032797344352
3 0.017363753957 0.764 -0.6231574677185276 -0.02631226468432017 0.1668869488554617 1.000032456299063
3 0.017363753957 0.765 -0.6216572490976543 -0.02672855725557502 0.1667536478134568 1.00003211955456
3 0.017363753957 0.766 -0.6201334684820791 -0.02714528340508764 0.1666156009004369 1.000031787046147
3 0.017363753957 0.767 -0.6185861034107468 -0.02756239920064276 0.1664727806514497 1.000031458710645
3 0.017363753957 0.768 -0.6170151325934101 -0.0279798604965624 0.1663251597257546 1.000031134485295
3 0.017363753957 0.769 -0.6154205377473211 -0.02839762260196911 0.1661727111030033 1.000030814308402
3 0.017363753957 0.77 -0.6138023036391054 -0.0288156402815332 0.1660154080912435 1.000030498119317
3 0.017363753957 0.771 -0.6121604162346775 -0.02923386808696957 0.165853224128179 1.000030185857799
3 0.017363753957 0.772 -0.6104948658204812 -0.02965225981414977 0.1656861331233762 1.00002987746503
3 0.017363753957 0.773 -0.6088056439139847 -0.03007076904671391 0.1655141091221647 1.000029572882583
3 0.017363753957 0.774 -0.6070927451939304 -0.03048934882640382 0.1653371265198037 1.000029272053032
3 0.017363753957 0.775 -0.6053561675419386 -0.03090795165422511 0.1651551600695414 1.000028974919931
3 0.017363753957 0.776 -0.6035959100989521 -0.03132652981974154 0.1649681846658713 1.000028681427215
3 0.017363753957 0.777 -0.6018119765394365 -0.03174503486262603 0.1647761757164076 1.000028391520153
3 0.017363753957 0.778 -0.6000043718286653 -0.03216341811215413 0.1645791087761486 1.000028105144382
3 0.017363753957 0.779 -0.5981731042458092 -0.03258163036054951 0.1643769597797265 1.000027822246475
3 0.017363753957 0.78 -0.5963181854251522 -0.0329996218645745 0.1641697050494936 1.000027542773922
3 0.017363753957 0.781 -0.5944396283198193 -0.03341734267167495 0.1639573210606867 1.00002726667457
3 0.017363753957 0.782 -0.5925374506274601 -0.03383474208755197 0.16373978484306 1.000026993897517
3 0.017363753957 0.783 -0.5906116713957087 -0.03425176920996527 0.1635170735853999 1.0000267243922
3 0.017363753957 0.784 -0.588662313137125 -0.03466837260606315 0.1632891648858901 1.000026458108937
3 0.017363753957 0.785 -0.586689401869899 -0.03508450031441434 0.1630560367601944 1.000026194998901
3 0.017363753957 0.786 -0.5846929649898904 -0.03550010016702719 0.1628176673885065 1.000025935013599
3 0.017363753957 0.787 -0.5826730348458627 -0.03591511926457051 0.1625740355469152 1.000025678105707
3 0.017363753957 0.788 -0.5806296451949571 -0.03632950450286786 0.162325120182172 1.000025424228221
3 0.017363753957 0.789 -0.5785628334082159 -0.03674320225521222 0.1620709006801318 1.000025173334954
3 0.017363753957 0.79 -0.5764726405106485 -0.03715615837485124 0.1618113568737988 1.000024925380522
3 0.017363753957 0.791 -0.5743591089628928 -0.03756831851187662 0.161546468772313 1.000024680319855
3 0.017363753957 0.792 -0.5722222863836 -0.03797962759776696 0.1612762170218969 1.00002443810897
3 0.017363753957 0.793 -0.5700622218572227 -0.03839003036290897 0.1610005824510001 1.000024198704183
3 0.017363753957 0.794 -0.567878968228568 -0.03879947102492359 0.1607195463566988 1.000023962062576
3 0.017363753957 0.795 -0.5656725821420949 -0.0392078932916158 0.1604330905126683 1.000023728141977
3 0.017363753957 0.796 -0.5634431217347924 -0.03961524067170418 0.1601411968802347 1.000023496900509
3 0.017363753957 0.797 -0.5611906505028377 -0.04002145597039973 0.1598438480986208 1.000023268297307
3 0.017363753957 0.798 -0.5589152334644765 -0.04042648179624837 0.1595410270007218 1.000023042291787
3 0.017363753957 0.799 -0.5566169395417577 -0.04083026025651946 0.1592327169172632 1.000022818844077
3 0.017363753957 0.8 -0.5542958415989296 -0.0412327329606309 0.1589189016846617 1.000022597915002
3 0.017363753957 0.801 -0.5519520140484241 -0.04163384132366414 0.1585995653383549 1.00002237946566
3 0.017363753957 0.802 -0.5495855368584216 -0.04203352607473168 0.1582746926319185 1.000022163458093
3 0.017363753957 0.803 -0.5471964915740889 -0.04243172775139583 0.1579442685238702 1.000021949854605
3 0.017363753957 0.804 -0.5447849637843472 -0.04282838640319373 0.1576082784992957 1.000021738618164
3 0.017363753957 0.805 -0.5423510431592287 -0.04322344159554724 0.1572667085775575 1.000021529712384
3 0.017363753957 0.806 -0.5398948209711639 -0.04361683270498648 0.1569195449882029 1.000021323101136
3 0.017363753957 0.8070000000000001 -0.5374163942395803 -0.04400849844209374 0.1565667747183741 1.000021118749169
3 0.017363753957 0.8080000000000001 -0.5349158616142646 -0.04439837733171777 0.1562083849711868 1.000020916621474
3 0.017363753957 0.8090000000000001 -0.532393325924706 -0.04478640742572994 0.1558443635044389 1.00002071668366
3 0.017363753957 0.8100000000000001 -0.5298488942162796 -0.04517252630742786 0.1554746986381207 1.000020518901941
3 0.017363753957 0.8110000000000001 -0.5272826751893314 -0.04555667137736976 0.1550993789133049 1.000020323242765
3 0.017363753957 0.8120000000000001 -0.5246947834764338 -0.04593877939271462 0.1547183936670977 1.000020129673397
3 0.017363753957 0.8130000000000001 -0.5220853353921462 -0.04631878693141856 0.1543317324633068 1.000019938161331
3 0.017363753957 0.8140000000000001 -0.5194544515621644 -0.04669663011533568 0.1539393854477424 1.000019748674631
3 0.017363753957 0.8150000000000001 -0.5168022569581899 -0.04707224461512326 0.15354134335548 1.000019561181924
3 0.017363753957 0.8160000000000001 -0.5141288782576261 -0.04744556592557099 0.1531375971532374 1.000019375652056
3 0.017363753957 0.8170000000000001 -0.5114344482485933 -0.04781652892318559 0.1527281386409396 1.000019192054632
3 0.017363753957 0.8180000000000001 -0.5087191014508753 -0.04818506831252668 0.1523129598555664 1.000019010359467
3 0.017363753957 0.8190000000000001 -0.5059829768217934 -0.04855111836078251 0.1518920534424416 1.000018830536908
3 0.017363753957 0.8200000000000001 -0.503226217789615 -0.04891461290318377 0.1514654126621971 1.000018652557825
3 0.017363753957 0.8210000000000001 -0.5004489695369948 -0.04927548560669507 0.1510330310172567 1.000018476393287
3 0.017363753957 0.8220000000000001 -0.4976513835283229 -0.04963366954771781 0.1505949028788912 1.000018302015071
3 0.017363753957 0.8230000000000001 -0.4948336130071742 -0.04998909763869674 0.1501510228653271 1.00001812939515
3 0.017363753957 0.8240000000000001 -0.4919958157754982 -0.05034170237531565 0.149701386228301 1.000017958505987
3 0.017363753957 0.8250000000000001 -0.4891381542254237 -0.05069141584242581 0.1492459888596674 1.000017789320532
3 0.017363753957 0.8260000000000001 -0.4862607925498979 -0.05103816996495283 0.1487848269027323 1.00001762181192
3 0.017363753957 0.8270000000000001 -0.4833639013864092 -0.05138189610761335 0.1483178974034655 1.000017455953942
3 0.017363753957 0.8280000000000001 -0.4804476531967876 -0.05172252547990085 0.1478451976641588 1.000017291720568
3 0.017363753957 0.8290000000000001 -0.4775122251159765 -0.05205998889705934 0.1473667256443904 1.000017129086228
3 0.017363753957 0.8300000000000001 -0.4745577989820882 -0.05239421678653134 0.1468824799672161 1.000016968025798
3 0.017363753957 0.8310000000000001 -0.4715845584780192 -0.05272513942492085 0.1463924595162262 1.000016808514328
3 0.017363753957 0.8320000000000001 -0.4685926938850528 -0.05305268656163827 0.1458966641093575 1.000016650527476
3 0.017363753957 0.833 -0.4655823973513935 -0.05337678780035464 0.1453950938296109 1.000016494041064
3 0.017363753957 0.834 -0.4625538658064605 -0.05369737237492199 0.14488774943943 1.000016339031341
3 0.017363753957 0.835 -0.4595073009890453 -0.05401436915634528 0.1443746323864105 1.000016185474969
3 0.017363753957 0.836 -0.4564429065240133 -0.05432770687463129 0.1438557443870968 1.000016033348772
3 0.017363753957 0.837 -0.4533608927787441 -0.0546373137682923 0.1433310881215918 1.000015882630134
3 0.017363753957 0.838 -0.4502614720273301 -0.05494311794034149 0.1428006665430842 1.000015733296596
3 0.017363753957 0.839 -0.4471448614259961 -0.05524504715033733 0.1422644833044938 1.000015585326088
3 0.017363753957 0.84 -0.4440112830392103 -0.05554302882188369 0.1417225427636277 1.000015438696926
3 0.017363753957 0.841 -0.4408609608559141 -0.05583699024818536 0.1411748495548875 1.000015293387575
3 0.017363753957 0.842 -0.4376941257412122 -0.05612685826935425 0.1406214093026122 1.000015149377018
3 0.017363753957 0.843 -0.4345110105037086 -0.0564125596010047 0.1400622279114236 1.000015006644383
3 0.017363753957 0.844 -0.4313118529273263 -0.05669402064360757 0.1394973120038272 1.000014865169158
3 0.017363753957 0.845 -0.4280968957952203 -0.05697116749052135 0.1389266689247385 1.000014724931189
3 0.017363753957 0.846 -0.4248663838503132 -0.057243926116068 0.1383503063024367 1.000014585910458
3 0.017363753957 0.847 -0.4216205688340934 -0.05751222208259641 0.1377682327782934 1.000014448087426
3 0.017363753957 0.848 -0.4183597044651161 -0.05777598083972503 0.1371804572802229 1.000014311442688
3 0.017363753957 0.849 -0.4150840495221568 -0.05803512755219752 0.1365869894697507 1.000014175957174
3 0.017363753957 0.85 -0.4117938678657782 -0.05828958710844724 0.1359878397458274 1.000014041612142
3 0.017363753957 0.851 -0.4084894253482815 -0.05853928429000108 0.1353830187965441 1.000013908388976
3 0.017363753957 0.852 -0.4051709949309204 -0.05878414351026418 0.1347725383425919 1.000013776269505
3 0.017363753957 0.853 -0.4018388515821459 -0.05902408908244767 0.1341564103964072 1.00001364523568
3 0.017363753957 0.854 -0.3984932754066913 -0.05925904506712305 0.1335346477170275 1.00001351526976
3 0.017363753957 0.855 -0.395134551664642 -0.05948893528132271 0.1329072638131047 1.000013386354309
3 0.017363753957 0.856 -0.3917629676362527 -0.05971368344807328 0.132274272487089 1.000013258472009
3 0.017363753957 0.857 -0.3883788178083271 -0.05993321296887486 0.1316356885894361 1.000013131605948
3 0.017363753957 0.858 -0.3849823987013407 -0.06014744715834242 0.1309915272663606 1.000013005739331
3 0.017363753957 0.859 -0.3815740120387179 -0.06035630911266179 0.130341804420594 1.000012880855645
3 0.017363753957 0.86 -0.3781539647632503 -0.06055972171922838 0.1296865367135011 1.000012756938661
3 0.017363753957 0.861 -0.3747225658625727 -0.06075760778510675 0.1290257411036487 1.000012633972256
3 0.017363753957 0.862 -0.3712801316148955 -0.06094988984518613 0.1283594356084202 1.000012511940684
3 0.017363753957 0.863 -0.3678269803547025 -0.06113649036155553 0.1276876385436409 1.000012390828305
3 0.017363753957 0.864 -0.3643634356761356 -0.06131733161406959 0.1270103689881312 1.000012270619741
3 0.017363753957 0.865 -0.3608898264466104 -0.06149233571052817 0.1263276467848219 1.000012151299876
3 0.017363753957 0.866 -0.3574064835990812 -0.06166142469285307 0.1256394920758493 1.00001203285369
3 0.017363753957 0.867 -0.3539137454267552 -0.06182452038291174 0.1249459260678501 1.000011915266514
3 0.017363753957 0.868 -0.3504119522976203 -0.06198154454463657 0.1242469702671048 1.000011798523775
3 0.017363753957 0.869 -0.3469014498855124 -0.06213241879791525 0.1235426469455357 1.000011682611142
3 0.017363753957 0.87 -0.3433825891807746 -0.06227706462931472 0.1228329791407104 1.000011567514525
3 0.017363753957 0.871 -0.3398557232557866 -0.06241540347475909 0.1221179901898462 1.000011453219923
3 0.017363753957 0.872 -0.3363212125977217 -0.06254735660502656 0.1213977044946463 1.00001133971366
3 0.017363753957 0.873 -0.3327794197827261 -0.06267284524861061 0.1206721467560112 1.000011226982146
3 0.017363753957 0.874 -0.3292307127278984 -0.06279179053015872 0.1199413424388766 1.000011115012019
3 0.017363753957 0.875 -0.3256754646988387 -0.06290411348174524 0.1192053177709827 1.000011003790133
3 0.017363753957 0.876 -0.3221140510552595 -0.06300973510082526 0.1184640992784352 1.000010893303432
3 0.017363753957 0.877 -0.318546854610282 -0.06310857627742721 0.1177177145454925 1.000010783539151
3 0.017363753957 0.878 -0.3149742602756525 -0.06320055787573781 0.11696619145334 1.000010674484613
3 0.017363753957 0.879 -0.3113966583275192 -0.06328560069832435 0.1162095586408804 1.000010566127344
3 0.017363753957 0.88 -0.3078144444107128 -0.0633636254979625 0.1154478455021392 1.000010458455076
3 0.017363753957 0.881 -0.3042280162716087 -0.0634345530096292 0.1146810817263103 1.000010351455617
3 0.017363753957 0.882 -0.300637779131878 -0.06349830392143714 0.1139092980474229 1.000010245117051
3 0.017363753957 0.883 -0.2970441403167068 -0.06355479891290268 0.1131325254921479 1.000010139427538
3 0.017363753957 0.884 -0.2934475125268982 -0.06360395864620298 0.1123507958333526 1.000010034375427
3 0.017363753957 0.885 -0.2898483138397276 -0.06364570377856793 0.1115641415860027 1.000009929949258
3 0.017363753957 0.886 -0.2862469644365759 -0.06367995496705729 0.110772595554925 1.000009826137642
3 0.017363753957 0.887 -0.2826438919784706 -0.0637066328853164 0.1099761915687635 1.000009722929441
3 0.017363753957 0.888 -0.2790395262298505 -0.06372565821645555 0.1091749637422978 1.000009620313592
3 0.017363753957 0.889 -0.2754343023291674 -0.06373695167261577 0.1083689469192518 1.000009518279204
3 0.017363753957 0.89 -0.2718286607861566 -0.06374043400793619 0.1075581766665421 1.000009416815563
3 0.017363753957 0.891 -0.2682230442121163 -0.06373602599483831 0.106742688833316 1.000009315912019
3 0.017363753957 0.892 -0.2646179026839806 -0.06372364848872675 0.1059225202630505 1.000009215558159
3 0.017363753957 0.893 -0.2610136883767659 -0.06370322237336633 0.105097708076411 1.000009115743634
3 0.017363753957 0.894 -0.2574108588244812 -0.06367466861006019 0.104268290099457 1.000009016458258
3 0.017363753957 0.895 -0.2538098769136482 -0.06363790825120842 0.1034343048560762 1.000008917692005
3 0.017363753957 0.896 -0.2502112076244715 -0.06359286238679049 0.1025957911422062 1.000008819434913
3 0.017363753957 0.897 -0.2466153233695746 -0.06353945225919455 0.1017527887093338 1.000008721677236
3 0.017363753957 0.898 -0.243022698648869 -0.06347759915892244 0.1009053375745107 1.000008624409288
3 0.017363753957 0.899 -0.2394338132922092 -0.06340722450472351 0.1000534784297284 1.000008527621534
3 0.017363753957 0.9 -0.2358491524489913 -0.06332824985776464 0.09919725263236555 1.00000843130459
3 0.017363753957 0.901 -0.2322692033488342 -0.06324059683696141 0.09833670179887763 1.000008335449126
3 0.017363753957 0.902 -0.2286944606004822 -0.0631441872861969 0.09747186845231703 1.000008240046017
3 0.017363753957 0.903 -0.2251254208834602 -0.06303894311811126 0.09660279536675027 1.000008145086193
3 0.017363753957 0.904 -0.2215625861635235 -0.06292478642658575 0.09572952595317907 1.000008050560723
3 0.017363753957 0.905 -0.2180064636781579 -0.06280163950155088 0.09485210424781976 1.000007956460816
3 0.017363753957 0.906 -0.2144575627257796 -0.06266942471176294 0.09397057452994041 1.000007862777735
3 0.017363753957 0.907 -0.2109163999096547 -0.06252806472677318 0.09308498192535004 1.000007769502929
3 0.017363753957 0.908 -0.2073834938813543 -0.06237748230646402 0.09219537179312674 1.0000076766279
3 0.017363753957 0.909 -0.2038593685196422 -0.06221760044734333 0.09130179008304518 1.000007584144281
3 0.017363753957 0.91 -0.2003445529116928 -0.06204834239802429 0.09040428332149514 1.000007492043833
3 0.017363753957 0.911 -0.1968395781802232 -0.06186963150797616 0.08950289825856832 1.00000740031837
3 0.017363753957 0.912 -0.1933449826565959 -0.06168139150673125 0.08859768241875189 1.000007308959878
3 0.017363753957 0.913 -0.189861306691763 -0.06148354623670849 0.08768868353858252 1.000007217960392
3 0.017363753957 0.914 -0.1863890957888129 -0.06127601983486165 0.08677594989009897 1.000007127312073
3 0.017363753957 0.915 -0.1829289005797108 -0.06105873674887239 0.08585953026419833 1.000007037007198
3 0.017363753957 0.916 -0.1794812737002041 -0.06083162155031872 0.08493947365251743 1.000006947038094
3 0.017363753957 0.917 -0.1760467748755496 -0.0605945992737643 0.08401582973582049 1.000006857397252
3 0.017363753957 0.918 -0.1726259658153524 -0.06034759509026019 0.0830886483819325 1.000006768077208
3 0.017363753957 0.919 -0.1692194132895423 -0.06009053452599238 0.08215797992927645 1.000006679070614
3 0.017363753957 0.92 -0.1658276891004276 -0.05982334347923973 0.08122387516745661 1.000006590370236
3 0.017363753957 0.921 -0.1624513670156707 -0.05954594799629755 0.08028638505994323 1.000006501968882
3 0.017363753957 0.922 -0.1590910277493061 -0.05925827467328704 0.07934556115986829 1.000006413859518
3 0.017363753957 0.923 -0.1557472539576432 -0.05896025026754041 0.07840145517836196 1.000006326035152
3 0.017363753957 0.924 -0.1524206332479605 -0.05865180195501884 0.07745411922175653 1.000006238488899
3 0.017363753957 0.925 -0.1491117581456471 -0.05833285734809705 0.07650360576918122 1.000006151213986
3 0.017363753957 0.926 -0.1458212230960335 -0.05800334423245161 0.07554996744253636 1.000006064203679
3 0.017363753957 0.927 -0.1425496293225325 -0.05766319103466096 0.07459325733861542 1.000005977451392
3 0.017363753957 0.928 -0.1392975799415951 -0.05731232636845495 0.07363352867876059 1.000005890950578
3 0.017363753957 0.929 -0.1360656828928899 -0.05695067933282456 0.07267083499282877 1.000005804694798
3 0.017363753957 0.93 -0.1328545509012875 -0.05657817953070729 0.07170523009357825 1.000005718677714
3 0.017363753957 0.931 -0.1296647985588597 -0.05619475676489499 0.07073676790090773 1.000005632893025
3 0.017363753957 0.9320000000000001 -0.1264970470410662 -0.05580034157477309 0.06976550267841602 1.000005547334576
3 0.017363753957 0.9330000000000001 -0.1233519193596476 -0.05539486471414724 0.06879148877609863 1.000005461996248
3 0.017363753957 0.9340000000000001 -0.1202300432024855 -0.05497825749214463 0.06781478075367944 1.000005376872023
3 0.017363753957 0.9350000000000001 -0.1171320508901653 -0.05455045179288763 0.06683543335157126 1.000005291955982
3 0.017363753957 0.9360000000000001 -0.1140585765500289 -0.05411137972829314 0.06585350137684498 1.000005207242244
3 0.017363753957 0.9370000000000001 -0.1110102606703428 -0.05366097424762615 0.06486903983153734 1.000005122725063
3 0.017363753957 0.9380000000000001 -0.1079877455109796 -0.05319916854329996 0.06388210376091362 1.000005038398735
3 0.017363753957 0.9390000000000001 -0.1049916778405375 -0.05272589643687797 0.06289274830828526 1.000004954257648
3 0.017363753957 0.9400000000000001 -0.1020227088871855 -0.05224109239983671 0.06190102868233129 1.000004870296289
3 0.017363753957 0.9410000000000001 -0.0990814916172896 -0.05174469116091562 0.06090700011274595 1.000004786509183
3 0.017363753957 0.9420000000000001 -0.09616868510640243 -0.0512366283925383 0.05991071785682742 1.000004702890984
3 0.017363753957 0.9430000000000001 -0.09328495012865982 -0.05071684004061542 0.0589122371666162 1.000004619436388
3 0.017363753957 0.9440000000000001 -0.09043095177804607 -0.05018526275819644 0.05791161326685324 1.000004536140182
3 0.017363753957 0.9450000000000001 -0.08760735941319944 -0.04964183392743804 0.05690890131846283 1.00000445299725
3 0.017363753957 0.9460000000000001 -0.08481484405382581 -0.04908649121891751 0.05590415645228713 1.000004370002511
3 0.017363753957 0.9470000000000001 -0.08205408254614521 -0.04851917335940695 0.05489743363976145 1.000004287151015
3 0.017363753957 0.9480000000000001 -0.07932575335310846 -0.04793981938128717 0.0538887877929779 1.00000420443785
3 0.017363753957 0.9490000000000001 -0.07663053904593946 -0.0473483691066725 0.0528782736570101 1.000004121858197
3 0.017363753957 0.9500000000000001 -0.07396912624254126 -0.04674476317071481 0.05186594576937858 1.00000403940733
3 0.017363753957 0.9510000000000001 -0.07134220313568222 -0.04612894253001593 0.05085185858070308 1.000003957080561
3 0.017363753957 0.9520000000000001 -0.06875046342919865 -0.04550084931672474 0.04983606617462367 1.000003874873331
3 0.017363753957 0.9530000000000001 -0.06619460235244509 -0.04486042600269652 0.04881862251550503 1.000003792781119
3 0.017363753957 0.9540000000000001 -0.06367531900740309 -0.04420761593721917 0.04779958124598174 1.000003710799497
3 0.017363753957 0.9550000000000001 -0.06119331630028976 -0.04354236337179693 0.04677899564225869 1.00000362892413
3 0.017363753957 0.9560000000000001 -0.05874929889165136 -0.04286461298816151 0.0457569187938004 1.00000354715073
3 0.017363753957 0.9570000000000001 -0.0563439756051503 -0.04217431050637237 0.04473340332498622 1.000003465475112
3 0.017363753957 0.9580000000000001 -0.05397805802488998 -0.04147140237465723 0.0437085015017679 1.000003383893163
3 0.017363753957 0.9590000000000001 -0.05165226072936725 -0.04075583585148372 0.04268226517550014 1.000003302400849
3 0.017363753957 0.96 -0.04936730124609857 -0.04002755902141078 0.04165474575355993 1.000003220994216
3 0.017363753957 0.961 -0.04712390001426888 -0.03928652081409784 0.04062599416753591 1.00000313966939
3 0.017363753957 0.962 -0.04492278036361227 -0.03853267102965825 0.03959606083662752 1.000003058422577
3 0.017363753957 0.963 -0.04276466843635184 -0.03776596034739583 0.03856499564040565 1.000002977250064
3 0.017363753957 0.964 -0.04065029312832215 -0.03698634033987017 0.03753284788869916 1.000002896148219
3 0.017363753957 0.965 -0.03858038603896133 -0.03619376348982891 0.03649966628962596 1.000002815113492
3 0.017363753957 0.966 -0.03655568142839005 -0.03538818321061015 0.03546549891463715 1.000002734142412
3 0.017363753957 0.967 -0.03457691618883885 -0.03456955387350911 0.03443039315762516 1.000002653231595
3 0.017363753957 0.968 -0.03264482976407071 -0.03373783081685694 0.03339439570659511 1.000002572377737
3 0.017363753957 0.969 -0.03076016408640086 -0.03289297036097814 0.03235755251148289 1.000002491577621
3 0.017363753957 0.97 -0.02892366352173472 -0.03203492982630587 0.0313199087496169 1.00000241082811
3 0.017363753957 0.971 -0.02713607482066479 -0.03116366755530057 0.0302815087876031 1.000002330126156
3 0.017363753957 0.972 -0.02539814708185325 -0.03027914294199614 0.02924239613605644 1.000002249468792
3 0.017363753957 0.973 -0.02371063166883253 -0.02938131644146814 0.02820261342036535 1.000002168853143
3 0.017363753957 0.974 -0.02207428214265862 -0.02847014958576658 0.02716220234654938 1.000002088276419
3 0.017363753957 0.975 -0.0204898542016458 -0.02754560500331598 0.0261212036642285 1.000002007735915
3 0.017363753957 0.976 -0.01895810562603507 -0.02660764644247345 0.02507965712539785 1.000001927229018
3 0.017363753957 0.977 -0.01747979623269173 -0.02565623880342268 0.02403760143476554 1.000001846753205
3 0.017363753957 0.978 -0.0160556877891682 -0.02469134814807028 0.0229950742198577 1.000001766306041
3 0.017363753957 0.979 -0.01468654394170363 -0.02371294171703086 0.02195211199509186 1.000001685885184
3 0.017363753957 0.98 -0.0133731301492785 -0.02272098795040788 0.0209087501224019 1.000001605488384
3 0.017363753957 0.981 -0.01211621362137382 -0.02171545651310932 0.01986502276702865 1.000001525113484
3 0.017363753957 0.982 -0.01091656326329621 -0.02069631832925428 0.01882096284353501 1.00000144475842
3 0.017363753957 0.983 -0.009774949587378007 -0.01966354559252169 0.01777660198557493 1.000001364421228
3 0.017363753957 0.984 -0.008692144636016107 -0.01861711178425254 0.01673197050844025 1.000001284100034
3 0.017363753957 0.985 -0.007668921909643463 -0.01755699169569549 0.01568709736757582 1.000001203793065
3 0.017363753957 0.986 -0.00670605629706671 -0.01648316145518613 0.01464201011160602 1.000001123498644
3 0.017363753957 0.987 -0.005804324010685902 -0.01539559856521994 0.013596734824206 1.000001043215196
3 0.017363753957 0.988 -0.004964502494702963 -0.01429428191325625 0.01255129609394595 1.000000962941247
3 0.017363753957 0.989 -0.00418737034287685 -0.01317919179098259 0.0115057169756651 1.000000882675422
3 0.017363753957 0.99 -0.00347370721998801 -0.01205030991808946 0.01046001894721356 1.000000802416449
3 0.017363753957 0.991 -0.002824293784214593 -0.01090761947139866 0.009414221860046685 1.000000722163163
3 0.017363753957 0.992 -0.002239911611473382 -0.009751105124735053 0.00836834387726112 1.0000006419145
3 0.017363753957 0.993 -0.001721343100510695 -0.008580753060159395 0.007322401444025239 1.000000561669508
3 0.017363753957 0.994 -0.001269371385042103 -0.007396550988411259 0.006276409248244726 1.000000481427338
3 0.017363753957 0.995 -0.0008847802482715459 -0.006198488174247979 0.005230380175986188 1.000000401187251
3 0.017363753957 0.996 -0.0005683540367462682 -0.004986555467576829 0.004184325260101465 1.000000320948619
3 0.017363753957 0.997 -0.0003208775730122733 -0.003760745346225126 0.00313825361488989 1.000000240710924
3 0.017363753957 0.998 -0.0001431360574746367 -0.002521051927536582 0.002092172407736423 1.000000160473764
3 0.017363753957 0.999 -3.591497459048557e-05 -0.001267470989970514 0.001046086819658344 1.000000080236848
3 0.017363753957 1 1.95876369052557e-21 1.151893980925899e-19 -1.214170341293485e-19 0.9999999999999999
