TITLE = "branch_Re1000_traditional_centrifugal"
VARIABLES = "pressure_gradient" "Tw" "thermal_rossby" "rotor_heat_flux_Tz" "G_mid" "H_min" "F_min" "F_max" "nodes" "max_rms_residual"
DATASETAUXDATA Source_File = "boussinesq_singularity_convergence/branch_Re1000_traditional_centrifugal.csv"
DATASETAUXDATA Converter = "convert_all_to_tecplot.py"
ZONE T="data", I=1048, DATAPACKING=POINT
0.09791648002903 1 0 6.205627866520394e-18 0.3146662890958481 -1.03768503159933 -0.1513475628811033 0.1696865426883787 2588 1.996368738498399e-08
0.09691648002903 1.002338389216838 0.002338389216838044 -0.02295568142405058 0.3129445001681897 -1.03499033303339 -0.1505821260402118 0.1693338493318949 2591 1.997148700283196e-08
0.09591648002903 1.004673708177237 0.004673708177236779 -0.045818923490512 0.3112115777194586 -1.032341776455444 -0.149811137577697 0.1689810195850932 2596 1.999062918469269e-08
0.09491648002903 1.007005889102415 0.007005889102414731 -0.06858879350234252 0.3094673717258181 -1.029661433844413 -0.1490345177359805 0.1686280699951565 2601 1.998334566269477e-08
0.09391648002903 1.009334860647069 0.009334860647069343 -0.09126432746416925 0.307711730251931 -1.02694266746599 -0.1482521848090103 0.1682750181805182 2606 1.997902345672878e-08
0.09291648002903 1.01166054771321 0.01166054771321012 -0.1138445288464233 0.3059444994538186 -1.024184691292882 -0.1474640550737699 0.1679218828845009 2611 1.98637058337349e-08
0.09191648002903 1.013982871255764 0.01398287125576392 -0.136328367304498 0.3041655235841457 -1.021386696632042 -0.1466700427186431 0.1675686840309694 2616 1.987338928829007e-08
0.09091648002902999 1.016301748080425 0.01630174808042462 -0.1587147773584875 0.3023746450001925 -1.018612078072495 -0.1458700597684135 0.1672154427819814 2621 1.995912639934669e-08
0.08991648002902999 1.018617090632895 0.01861709063289485 -0.1810026570260808 0.3005717041746834 -1.015823590090504 -0.145064016005743 0.1668621815975239 2626 1.994665729501403e-08
0.08891648002902999 1.020928806779935 0.02092880677993536 -0.203190866413391 0.2987565397097652 -1.012992868699362 -0.144251818888882 0.1665089242972824 2630 1.997863470246806e-08
0.08791648002902999 1.023236799581464 0.02323679958146396 -0.2252782262570468 0.2969289883543526 -1.01011900093255 -0.143433373465427 0.166155696124496 2636 1.996331737603304e-08
0.08691648002902999 1.025540967054116 0.02554096705411646 -0.2472635164219486 0.295088885025158 -1.00720104599305 -0.1426085822818496 0.1658025238119051 2642 1.988514277440251e-08
0.08591648002902999 1.027841201925575 0.02784120192557515 -0.2691454743483646 0.2932360628316695 -1.004314889196096 -0.1417773452885754 0.1654494356497935 2647 1.99663853422054e-08
0.08491648002902999 1.030137391380041 0.03013739138004068 -0.2909227934520094 0.2913703531054356 -1.001400512277114 -0.1409395597403062 0.1650964615561256 2654 1.990402862033195e-08
0.08391648002902999 1.032429416794346 0.03242941679434597 -0.3125941214721951 0.2894915854339749 -0.9984394327580575 -0.1401136447811685 0.1647436331487348 2659 1.997614209536284e-08
0.08291648002902999 1.034717153464843 0.03471715346484339 -0.3341580587688705 0.287599587699695 -0.9954305813855795 -0.1392857672156895 0.1643909838196062 2665 1.992855520731705e-08
0.08191648002902999 1.037000470325071 0.03700047032507148 -0.3556131565678697 0.2856941861242321 -0.9923971285211078 -0.1384508785409164 0.1640385488110906 2670 1.993770156449724e-08
0.08091648002902999 1.039279229653967 0.03927922965396702 -0.3769579151510922 0.2837752053186159 -0.9893864634390894 -0.1376088608178745 0.163686365294181 2677 1.996508901560013e-08
0.07991648002902998 1.041553286775 0.04155328677499992 -0.3981907819936384 0.2818424683397533 -0.986325026143045 -0.1367595927272072 0.1633344724486116 2682 1.999605649252827e-08
0.07891648002902998 1.043822489745963 0.0438224897459627 -0.4193101498435055 0.2798957967536984 -0.9832115941520703 -0.1359029494295301 0.1629829115448654 2689 1.997389576525786e-08
0.07791648002902998 1.046086679039911 0.04608667903991126 -0.440314354745995 0.2779350107062686 -0.9800449034437324 -0.1350388024181716 0.1626317260278099 2697 1.998258349121676e-08
0.07691648002902998 1.048345687217229 0.04834568721722898 -0.4612016740095813 0.2759599290015629 -0.9769215625059401 -0.1341670193638087 0.1622809616020353 2705 1.999687296264046e-08
0.07591648002902998 1.050599338589201 0.05059933858920074 -0.4819703241132118 0.2739703691890042 -0.9737444399958487 -0.1332874639504296 0.1619306663186394 2712 1.994028953228237e-08
0.07491648002902998 1.052847448873595 0.05284744887359549 -0.5026184585552412 0.271966147659575 -0.9705104486324262 -0.1323999957020108 0.1615808906633047 2716 1.985515557828413e-08
0.07391648002902998 1.05508982484255 0.05508982484254976 -0.5231441656415932 0.2699470797519454 -0.9672181311644601 -0.13150446979927 0.1612316876455209 2717 1.993534787996819e-08
0.07291648002902998 1.057326263963476 0.05732626396347573 -0.5435454662137938 0.2679129798692597 -0.9639671183772479 -0.1306037522510371 0.1608831128887315 2720 1.987011849569922e-08
0.07191648002902998 1.059556554033782 0.05955655403378191 -0.5638203113170384 0.2658636616074111 -0.9606563251339043 -0.1297159424734963 0.160535224721041 2722 1.994368930643066e-08
0.07091648002902998 1.061780472810182 0.06178047281018162 -0.5839665798073249 0.2637989378956677 -0.957282993631846 -0.1288194494507011 0.1601880842663687 2724 1.988686511426899e-08
0.06991648002902998 1.063997787633651 0.06399778763365105 -0.6039820758980412 0.261718621150598 -0.9538713699150414 -0.1279141043722668 0.1598417555355215 2725 1.995984082290984e-08
0.06891648002902998 1.066208255051482 0.06620825505148176 -0.623864526648488 0.2596225234443108 -0.9504729306143197 -0.1269997328260284 0.1594963055169419 2729 1.99402283637639e-08
0.06791648002902997 1.068411620437611 0.06841162043761106 -0.6436115793929537 0.2575104566880819 -0.9470072091564742 -0.1260761545295814 0.1591518042665602 2731 1.997191723270769e-08
0.06691648002902997 1.070607617613162 0.07060761761316248 -0.6632207991141502 0.2553822328325261 -0.9434722995204055 -0.1251431830448424 0.1588083249963825 2734 1.999174514902501e-08
0.06591648002902997 1.072795968469169 0.07279596846916858 -0.6826896657631935 0.2532376640855601 -0.9399458725115575 -0.12420062547428 0.1584659441610634 2737 1.990521029719377e-08
0.06491648002902997 1.0749763825937 0.07497638259369954 -0.7020155715287157 0.2510765631494635 -0.9363747058558083 -0.1232482821373599 0.1581247415419736 2739 1.993233000855417e-08
0.06391648002902997 1.077148556906215 0.07714855690621469 -0.7211958180607251 0.2488987434784578 -0.9327287268110956 -0.1222859462255781 0.1577848003279327 2742 1.991701204587415e-08
0.06291648002902997 1.079312175302117 0.07931217530211732 -0.7402276136539047 0.2467040195583001 -0.929055206600745 -0.1213234563499883 0.1574462071917261 2745 1.992324892045869e-08
0.06191648002902997 1.081466908311146 0.08146690831114611 -0.7591080703981818 0.2444922072094846 -0.9253635411550889 -0.120365582831575 0.1571090523615836 2747 1.996862953316935e-08
0.06091648002902997 1.083612412773649 0.08361241277364906 -0.7778342013052409 0.2422631239157478 -0.9215906431530313 -0.119396852110489 0.1567734296864044 2751 1.996124428388814e-08
0.05991648002902997 1.085748331539363 0.08574833153936301 -0.7964029174215854 0.2400165891796615 -0.9177744793337582 -0.1184170185032818 0.1564394366935895 2754 1.994184397429829e-08
0.05891648002902997 1.08787429319409 0.0878742931940899 -0.814811024942145 0.237752424907205 -0.9139448637255078 -0.1174258268110894 0.1561071746381427 2759 1.994855998662441e-08
0.05791648002902997 1.089989911820234 0.0899899118202343 -0.8330552223398294 0.2354704558232943 -0.9100266382363412 -0.116423011786032 0.1557767485414235 2763 1.997479945971388e-08
0.05691648002902996 1.092094786798102 0.09209478679810235 -0.8511320975307142 0.2331705099203341 -0.9060695134433009 -0.1154082975580189 0.155448267217914 2764 1.998724829922161e-08
0.05591648002902996 1.094188502655728 0.09418850265572765 -0.869038125097805 0.2308524189419455 -0.9020815939730309 -0.1143813970182771 0.1551253287546223 2765 1.996799110025447e-08
0.05491648002902996 1.096270628976037 0.09627062897603711 -0.886769663601303 0.2285160189041049 -0.8979965267443487 -0.1133482619422416 0.1548083634458272 2765 1.997467851774003e-08
0.05391648002902996 1.098340720371352 0.09834072037135222 -0.9043229530068225 0.2261611506558301 -0.8938968542037468 -0.112322068280426 0.1544937246987281 2766 1.998129272793435e-08
0.05291648002902996 1.100398316535853 0.1003983165358528 -0.9216941122705258 0.2237876604820337 -0.8897267312157915 -0.1112825176242559 0.1541815341138939 2768 1.998812719681662e-08
0.05191648002902996 1.102442942389254 0.1024429423892541 -0.9388791371240637 0.2213954007502614 -0.885467956654476 -0.1102292619331792 0.1538719169370296 2768 1.999499473380712e-08
0.05091648002902996 1.104474108324931 0.1044741083249305 -0.9558738981115306 0.2189842306038455 -0.8812017619544993 -0.1091619376034936 0.1535650019742449 2769 1.989728481486167e-08
0.04991648002902996 1.106491310577558 0.1064913105775576 -0.9726741389374793 0.2165540167038363 -0.876821159735004 -0.1080801644586366 0.1532609214777367 2769 1.9944571952486e-08
0.04891648002902996 1.108494031728358 0.108494031728358 -0.9892754751901703 0.2141046340202505 -0.8724128971312698 -0.1069835446508861 0.1529598109977241 2770 1.999053201113017e-08
0.04791648002902996 1.110481741364521 0.1104817413645212 -1.005673393520449 0.2116359666760217 -0.8679155899905924 -0.1058811914446738 0.1526618091971482 2771 1.99985272082251e-08
0.04691648002902996 1.112453896914499 0.1124538969144986 -1.021863251354507 0.2091479088423583 -0.8633479837036692 -0.104780421746122 0.1523670576240212 2772 1.997639640723957e-08
0.04591648002902995 1.114409944678962 0.1144099446789621 -1.037840277238201 0.206640365687419 -0.8587188018725883 -0.1036632125127101 0.1520757004373446 2773 1.99455368349629e-08
0.04491648002902995 1.116349321080229 0.1163493210802289 -1.053599571909518 0.2041132543764708 -0.8539909184955441 -0.1025290700540434 0.1517878840813517 2774 1.992971559592826e-08
0.04391648002902995 1.118271454152564 0.1182714541525645 -1.069136110205771 0.2015665051215803 -0.8492125263597823 -0.1013774751535574 0.1515037569034096 2775 1.996831319753235e-08
0.04291648002902995 1.120175765295558 0.1201757652955584 -1.084444743911908 0.1990000622766826 -0.8443210051634131 -0.1002078811462331 0.1512234687106593 2776 1.980275869105457e-08
0.04191648002902995 1.122061671311201 0.1220616713112008 -1.099520205653739 0.196413885471651 -0.8393734969987178 -0.09903387893876092 0.150947170261084 2776 1.983071695266002e-08
0.04091648002902995 1.123928586741725 0.123928586741725 -1.114357113922984 0.1938079507743213 -0.8343121516129619 -0.09785413465715942 0.1506750126854723 2776 1.985864827549819e-08
0.03991648002902995 1.125775926519736 0.125775926519736 -1.128949979309053 0.1911822518691826 -0.8291725485429043 -0.09665422921241558 0.1504071468379234 2776 1.988655743963688e-08
0.03891648002902995 1.127603108931895 0.1276031089318947 -1.143293211947412 0.1885368012291657 -0.823931860425363 -0.09543346612358289 0.1501437225748427 2776 1.998987206508565e-08
0.03791648002902995 1.129409558883086 0.1294095588830861 -1.157381130143821 0.1858716312554579 -0.8185734790611972 -0.09419110732657517 0.1498848879654831 2777 1.994956122630605e-08
0.03691648002902995 1.131194711428327 0.1311947114283272 -1.171207970030581 0.1831867953503518 -0.8131399480936543 -0.09294138066900426 0.1496307884412527 2777 1.998044068271316e-08
0.03591648002902995 1.132958015500038 0.1329580155000378 -1.184767895896493 0.1804823688630116 -0.8075600020812165 -0.09168186506269928 0.1493815658992939 2778 1.999798305853962e-08
0.03491648002902994 1.134698937733598 0.1346989377335976 -1.198055010737004 0.1777584498610996 -0.8018869047809016 -0.09039785562014256 0.1491373577810037 2779 1.998661832482105e-08
0.03391648002902994 1.136416966201423 0.1364169662014225 -1.211063366034814 0.1750151596134418 -0.7960903823146973 -0.08908838475533673 0.1488982961652013 2780 1.984647339617672e-08
0.03291648002902994 1.138111613814082 0.1381116138140817 -1.223786969543232 0.172252642688204 -0.7901426993197314 -0.08775977111033123 0.1486645069259966 2780 1.987334588281652e-08
0.03191648002902994 1.139782420992168 0.1397824209921676 -1.236219788973385 0.1694710664876494 -0.7840709857589927 -0.08642558096962685 0.1484361090365286 2781 1.989950157541734e-08
0.03091648002902994 1.141428957104841 0.141428957104841 -1.248355748889819 0.166670620042026 -0.7778681116216286 -0.08506214304972236 0.1482132141209033 2781 1.9924951912108e-08
0.02991648002902994 1.143050819862895 0.1430508198628948 -1.260188716411631 0.1638515117383774 -0.7715004642096803 -0.083668151395436 0.1479959264174093 2781 1.994971140340329e-08
0.02891648002902994 1.144647631666029 0.144647631666029 -1.271712470209312 0.1610139656629979 -0.764963938433851 -0.08225943967527977 0.1477843433514976 2781 1.997379241534617e-08
0.02791648002902994 1.146219031419804 0.146219031419804 -1.282920644546661 0.158158216039893 -0.7582528441214059 -0.08083004936405168 0.14757855701034 2781 1.99972045675498e-08
0.02691648002902994 1.147764659853879 0.1477646598538793 -1.293806637290695 0.1552844991241826 -0.7513641060837081 -0.07936498169169705 0.1473786569012407 2782 1.996494123779888e-08
0.02591648002902994 1.149284135662365 0.1492841356623651 -1.304363466660197 0.1523930416823646 -0.7442906529167882 -0.07787436940935476 0.1471847345083052 2782 1.99914885619315e-08
0.02491648002902994 1.150777018864406 0.1507770188644062 -1.314583556037906 0.1494840448972736 -0.7370051313108766 -0.07636324951483324 0.1469968903306499 2783 1.987041205225626e-08
0.02391648002902994 1.152242756607049 0.1522427566070486 -1.324458419143838 0.1465576621536615 -0.7294930986275389 -0.07480981644451738 0.1468152442970865 2783 1.990376725013902e-08
0.02291648002902993 1.153680605069964 0.1536806050699637 -1.333978208479782 0.1436139686125235 -0.7217401848840989 -0.07323140235412778 0.1466399507294144 2783 1.993617879553e-08
0.02191648002902993 1.15508951922173 0.1550895192217296 -1.343131078292031 0.1406529197870726 -0.7137426792216709 -0.07161735460209799 0.1464712193583404 2783 1.996756969117446e-08
0.02091648002902993 1.15646799971432 0.1564679997143197 -1.351902298142599 0.1376742953347751 -0.7054633872266147 -0.06995885286338541 0.1463093443164709 2783 1.999791302589831e-08
0.01991648002902993 1.157813883260299 0.1578138832602987 -1.360273034734595 0.1346776229621882 -0.6968719046302403 -0.0682717574969382 0.146154743522598 2784 1.994267474677711e-08
0.01891648002902993 1.159124059308682 0.1591240593086825 -1.368218697119949 0.1316620755132131 -0.6879402205964427 -0.06652860674519938 0.1460080114434051 2784 1.995994029136842e-08
0.01791648002902993 1.16039409176167 0.1603940917616697 -1.375706713729175 0.1286263317562336 -0.6786719872508151 -0.06475241809164187 0.1458699888558839 2785 1.997660652765173e-08
0.01691648002902993 1.161617720117227 0.1616177201172273 -1.382693579895576 0.1255683879409068 -0.668982386242022 -0.06291514905220999 0.1457418538828155 2787 1.999266377211748e-08
0.01591648002902993 1.162786209797199 0.1627862097971988 -1.389120981126229 0.1224853021076432 -0.6588663516036632 -0.06102878840234115 0.1456252392162578 2791 1.998398267016588e-08
0.01589148002902993 1.162814619639089 0.1628146196390894 -1.389273871486079 0.122407869516835 -0.6586054733610973 -0.06098059945074984 0.1456224892997998 2791 1.998462449691622e-08
0.01586648002902993 1.162842987499023 0.1628429874990234 -1.389426363287074 0.1223304185821294 -0.6583440438052875 -0.06093235875172244 0.1456197479807504 2791 1.998526557924157e-08
0.01584148002902993 1.162871313156826 0.1628713131568258 -1.38957845511598 0.1222529492248541 -0.6580820612746495 -0.06088406619345008 0.145617015299861 2791 1.998590820444098e-08
0.01581648002902993 1.162899596390554 0.1628995963905537 -1.389730145548935 0.1221754613656219 -0.6578195241003147 -0.06083572166370066 0.145614291298203 2791 1.998655060107639e-08
0.01579148002902992 1.16292783697654 0.1629278369765403 -1.389881433151706 0.1220979549243526 -0.6575605651598276 -0.0607873250498311 0.1456115760171592 2791 1.99871934951264e-08
0.01576648002902992 1.162956034689384 0.1629560346893841 -1.390032316479624 0.1220204298202671 -0.6573024342568845 -0.06073887623878496 0.1456088694984264 2791 1.99878360423198e-08
0.01574148002902992 1.162984189301937 0.1629841893019373 -1.390182794077507 0.1219428859718826 -0.657043746806529 -0.06069037511709059 0.145606171784017 2791 1.998847885742626e-08
0.01571648002902992 1.163012300585292 0.1630123005852924 -1.390332864479588 0.1218653232970066 -0.6567845011063552 -0.06064182157085868 0.1456034829162612 2791 1.998912081551736e-08
0.01569148002902992 1.163040368308772 0.1630403683087724 -1.390482526209445 0.1217877417127311 -0.656524695446673 -0.06059321548578032 0.1456008029378092 2791 1.998976368603061e-08
0.01566648002902992 1.163068392239918 0.1630683922399181 -1.390631777779924 0.1217101411354275 -0.6562643281104658 -0.06054455674712451 0.1455981318916332 2791 1.999040729278094e-08
0.01564148002902992 1.163096372144475 0.1630963721444749 -1.390780617693067 0.1216325214807405 -0.6560033973733492 -0.06049584523973616 0.1455954698210295 2791 1.999105065282207e-08
0.01561648002902992 1.163124307786382 0.1631243077863822 -1.390929044440038 0.1215548826635824 -0.6557419015035283 -0.06044708084803375 0.1455928167696205 2791 1.999169429929334e-08
0.01559148002902992 1.163152198927761 0.1631521989277611 -1.391077056501049 0.1214772245981274 -0.6554798387617559 -0.06039826345600714 0.145590172781357 2791 1.999233745758234e-08
0.01556648002902992 1.163180045328901 0.163180045328901 -1.391224652345281 0.1213995471978058 -0.6552172074012893 -0.06034939294721527 0.1455875379005204 2791 1.999298112224013e-08
0.01554148002902992 1.163207846748248 0.1632078467482483 -1.391371830430814 0.1213218503752978 -0.6549540056678471 -0.06030046920478375 0.1455849121717244 2791 1.999362466448089e-08
0.01551648002902992 1.163235602942394 0.1632356029423945 -1.391518589204546 0.1212441340425283 -0.654690231799566 -0.06025162748874773 0.1455822956399177 2791 1.999426904850018e-08
0.01549148002902992 1.163263313666062 0.1632633136660617 -1.39166492710212 0.1211663981106598 -0.6544258840269572 -0.06020349360140119 0.1455796883503859 2791 1.999491287151155e-08
0.01546648002902992 1.163290978672094 0.1632909786720935 -1.391810842547846 0.1210886424900877 -0.6541609605728618 -0.06015530543622911 0.1455770903487535 2791 1.99955569162059e-08
0.01544148002902991 1.163318597711438 0.1633185977114384 -1.391956333954624 0.1210108670904328 -0.6538954596524068 -0.06010706287237276 0.1455745016809866 2791 1.999620187933878e-08
0.01541648002902991 1.163346170533141 0.1633461705331407 -1.392101399723866 0.1209330718205366 -0.6536293794729606 -0.0600587657885193 0.1455719223933944 2791 1.999684646598827e-08
0.01539148002902991 1.163373696884325 0.1633736968843253 -1.392246038245415 0.120855256588454 -0.653362718234088 -0.06001041406289938 0.1455693525326322 2791 1.99974911970825e-08
0.01536648002902991 1.163401176510187 0.1634011765101868 -1.392390247897473 0.1207774213014475 -0.653095474127504 -0.05996200757328463 0.1455667921457029 2791 1.999813561708788e-08
0.01534148002902991 1.163428609153975 0.1634286091539752 -1.392534027046516 0.1206995658659812 -0.6528276453370293 -0.05991354619698518 0.1455642412799596 2791 1.999878105572725e-08
0.01531648002902991 1.163455994556984 0.1634559945569838 -1.392677374047216 0.120621690187714 -0.652559230038543 -0.05986502981084724 0.1455616999831078 2791 1.999942539071826e-08
0.01529148002902991 1.163483332458472 0.1634833324584717 -1.392820287241986 0.1205437941714605 -0.6522902263996447 -0.05981645829123386 0.1455591683032249 2792 1.980954295770226e-08
0.01526648002902991 1.163510622595975 0.1635106225959755 -1.3929627649628 0.1204658777213495 -0.6520206325810713 -0.05976783151410606 0.1455566462886816 2792 1.980990529774416e-08
0.01524148002902991 1.163537864704641 0.1635378647046408 -1.393104805527271 0.1203879407404875 -0.6517549261516531 -0.05971914935485297 0.1455541339882952 2792 1.981026765426097e-08
0.01521648002902991 1.163565058517871 0.1635650585178705 -1.393246407242446 0.1203099831312822 -0.6514897658036234 -0.0596704116884565 0.1455516314511914 2792 1.981062992712987e-08
0.01519148002902991 1.163592203766977 0.1635922037669773 -1.393387568402775 0.1202320047952709 -0.6512240130206057 -0.05962161838940527 0.1455491387268716 2792 1.981099138841566e-08
0.01516648002902991 1.163619300181238 0.1636193001812383 -1.393528287290409 0.1201540056331469 -0.6509576659243482 -0.05957276933170865 0.1455466558652034 2792 1.981135324407954e-08
0.01514148002902991 1.163646347487882 0.1636463474878815 -1.393668562175132 0.1200759855447527 -0.6506907226282675 -0.05952386438889418 0.1455441829164226 2792 1.981171327608486e-08
0.01511648002902991 1.163673345412072 0.1636733454120722 -1.393808391314269 0.1199979444290733 -0.6504231812374004 -0.05947490343400494 0.1455417199311357 2792 1.981207389412381e-08
0.0150914800290299 1.1637002936769 0.1637002936768996 -1.393947772952606 0.1199198821842295 -0.6501550398483529 -0.05942588633959687 0.1455392669603225 2792 1.981243438699554e-08
0.0150664800290299 1.163727192003363 0.1637271920033632 -1.394086705322302 0.119841798707471 -0.6498862965492512 -0.05937681297773614 0.1455368240553381 2792 1.981279381618937e-08
0.0150414800290299 1.163754040110359 0.1637540401103588 -1.394225186642811 0.1197636938951693 -0.6496169494196908 -0.0593276832199964 0.1455343912679153 2792 1.981315343651359e-08
0.0150164800290299 1.163780837714665 0.1637808377146655 -1.394363215120791 0.1196855676428109 -0.6493469965306862 -0.05927849693745621 0.1455319686501671 2792 1.981351180665492e-08
0.0149914800290299 1.163807584530931 0.1638075845309308 -1.394500788950018 0.1196074198449904 -0.6490764359446189 -0.05922925400069624 0.145529556254589 2792 1.981387022591487e-08
0.0149664800290299 1.163834280271658 0.1638342802716577 -1.394637906311306 0.119529250395403 -0.6488052657151872 -0.05917995427979644 0.1455271541340617 2792 1.981422864415904e-08
0.0149414800290299 1.16386092464719 0.1638609246471905 -1.394774565372414 0.1194510591868379 -0.6485334838873523 -0.05913059764433338 0.145524762341853 2792 1.981458673510332e-08
0.0149164800290299 1.1638875173657 0.1638875173657 -1.394910764287962 0.1193728461111705 -0.6482610884972879 -0.05908118396337751 0.1455223809316206 2792 1.981494440503633e-08
0.0148914800290299 1.16391405813317 0.1639140581331704 -1.395046501199344 0.1192946110593558 -0.647988077572326 -0.05903171310549014 0.1455200099574143 2792 1.98153017657246e-08
0.0148664800290299 1.163940546653385 0.163940546653385 -1.395181774234639 0.1192163539214204 -0.6477144491309049 -0.05898218493872096 0.1455176494736788 2792 1.981565836733282e-08
0.0148414800290299 1.163966982627911 0.1639669826279107 -1.395316581508519 0.1191380745864557 -0.647440201182515 -0.0589325993306048 0.1455152995352559 2792 1.981601464943413e-08
0.0148164800290299 1.163993365756086 0.1639933657560857 -1.39545092112217 0.1190597729426101 -0.6471653317276449 -0.0588829561481591 0.1455129601973867 2792 1.981637100517535e-08
0.0147914800290299 1.164019695735003 0.1640196957350033 -1.39558479116319 0.1189814488770815 -0.6468898387577273 -0.05883325525788094 0.1455106315157148 2792 1.98167272791603e-08
0.0147664800290299 1.164045972259499 0.1640459722594989 -1.395718189705508 0.1189031022761101 -0.6466137202550838 -0.0587834965257439 0.145508313546288 2792 1.98170819653498e-08
0.01474148002902989 1.164072195022134 0.1640721950221338 -1.39585111480929 0.1188247330249703 -0.6463369741928698 -0.05873367981719541 0.1455060063455615 2792 1.981743729778548e-08
0.01471648002902989 1.164098363713182 0.1640983637131819 -1.395983564520847 0.1187463410079633 -0.6460641432769295 -0.05868380499715378 0.1455037099704 2792 1.981779127444508e-08
0.01469148002902989 1.164124478020615 0.1641244780206148 -1.396115536872548 0.1186679261084093 -0.645791854844049 -0.05863387193000502 0.1455014244780803 2792 1.981814631197934e-08
0.01466648002902989 1.164150537630087 0.1641505376300867 -1.396247029882724 0.1185894882086396 -0.6455189362062702 -0.05858388047960008 0.1454991499262938 2792 1.981849953824413e-08
0.01464148002902989 1.164176542224919 0.1641765422249193 -1.396378041555573 0.1185110271899889 -0.6452453852934935 -0.05853383050925174 0.1454968863731494 2792 1.981885405660723e-08
0.01461648002902989 1.164202491486088 0.1642024914860878 -1.396508569881077 0.118432542932787 -0.6449712000261039 -0.05848372188173151 0.1454946338771756 2792 1.981920724829946e-08
0.01459148002902989 1.164228385092205 0.1642283850922048 -1.396638612834897 0.1183540353163513 -0.6446963783149139 -0.05843355445926668 0.1454923924973232 2792 1.981955869316504e-08
0.01456648002902989 1.164254222719506 0.1642542227195063 -1.396768168378286 0.1182755042189782 -0.644420918061104 -0.05838332810353718 0.1454901622929682 2792 1.981991202114981e-08
0.01454148002902989 1.164280004041836 0.1642800040418357 -1.396897234457993 0.1181969495179354 -0.6441448171561636 -0.05833304267567253 0.145487943323914 2792 1.982026436178263e-08
0.01451648002902989 1.164305728730629 0.1643057287306289 -1.397025809006166 0.1181183710894533 -0.6438680734818314 -0.05828269803624856 0.1454857356503943 2792 1.982061509475158e-08
0.01449148002902989 1.164331396454899 0.1643313964548989 -1.397153889940259 0.1180397688087169 -0.6435906849100351 -0.05823229404528452 0.1454835393330755 2792 1.982096666890785e-08
0.01446648002902989 1.164357006881221 0.164357006881221 -1.397281475162935 0.1179611425498576 -0.6433126493028311 -0.05818183056223968 0.1454813544330596 2792 1.982131761210154e-08
0.01444148002902989 1.164382559673717 0.1643825596737165 -1.397408562561969 0.1178824921859446 -0.6430339645123423 -0.05813130744601018 0.1454791810118865 2792 1.982166880516599e-08
0.01441648002902989 1.164408054494038 0.1644080544940376 -1.397535150010152 0.1178038175889763 -0.6427546283806981 -0.05808072455492593 0.1454770191315369 2792 1.98220190252302e-08
0.01439148002902988 1.164433491001352 0.1644334910013516 -1.39766123536519 0.1177251186298721 -0.6424746387399709 -0.05803008174674715 0.1454748688544353 2792 1.982236862434948e-08
0.01436648002902988 1.164458868852326 0.1644588688523256 -1.397786816469612 0.1176463951784633 -0.6421939934121149 -0.05797937887866142 0.1454727302434517 2792 1.982271815451792e-08
0.01434148002902988 1.16448418770111 0.1644841877011103 -1.397911891150664 0.1175676471034849 -0.6419126902089013 -0.05792861580728002 0.1454706033619055 2792 1.982306717621364e-08
0.01431648002902988 1.164509447199325 0.1645094471993247 -1.398036457220218 0.1174888742725663 -0.6416307269318561 -0.05787779238863478 0.1454684882735672 2792 1.982341543418742e-08
0.01429148002902988 1.164534646996039 0.1645346469960391 -1.398160512474664 0.117410076552223 -0.6413481013721958 -0.05782690847817491 0.1454663850426619 2792 1.982376456712975e-08
0.01426648002902988 1.164559786737761 0.1645597867377608 -1.398284054694813 0.1173312538078472 -0.641064811310763 -0.05777596393076335 0.1454642937338715 2792 1.982411218383523e-08
0.01424148002902988 1.164584866068416 0.1645848660684164 -1.398407081645802 0.117252405903699 -0.6407808545179595 -0.05772495860067343 0.1454622144123377 2792 1.982445921691964e-08
0.01421648002902988 1.164609884629336 0.1646098846293362 -1.398529591076982 0.1171735327028974 -0.6405002618574096 -0.05767389234158565 0.1454601471436647 2792 1.982480704595898e-08
0.01419148002902988 1.164634842059239 0.164634842059239 -1.398651580721822 0.1170946340674111 -0.6402207837002387 -0.05762276500658399 0.145458091993922 2792 1.982515353079647e-08
0.01416648002902988 1.164659737994214 0.1646597379942139 -1.398773048297809 0.1170157098580493 -0.6399406357348516 -0.05757157644815257 0.1454560490296471 2792 1.982550087178362e-08
0.01414148002902988 1.164684572067705 0.1646845720677053 -1.398893991506341 0.116936759934452 -0.6396598156826309 -0.05752032651817218 0.1454540183178485 2792 1.982584665898607e-08
0.01411648002902988 1.164709343910496 0.1647093439104963 -1.399014408032622 0.1168577841550814 -0.6393783212541109 -0.0574690150679166 0.1454519999260082 2792 1.982619249050073e-08
0.01409148002902988 1.164734053150691 0.1647340531506913 -1.399134295545565 0.1167787823772117 -0.6390961501489102 -0.05741764194804928 0.1454499939220847 2792 1.982653797013339e-08
0.01406648002902987 1.164758699413701 0.1647586994137007 -1.399253651697678 0.1166997544569201 -0.6388133000556608 -0.05736655694935893 0.1454480003745161 2792 1.982688306262221e-08
0.01404148002902987 1.164783282322223 0.1647832823222228 -1.399372474124968 0.1166207002490766 -0.6385297686519392 -0.05731597837653155 0.1454460193522223 2792 1.982722746384411e-08
0.01401648002902987 1.164807801496228 0.1648078014962282 -1.399490760446829 0.1165416196073349 -0.6382455536041949 -0.05726533689974772 0.1454440509246084 2792 1.98275714837988e-08
0.01399148002902987 1.164832256552942 0.1648322565529419 -1.399608508265937 0.1164625123841223 -0.6379606525676801 -0.0572146323644065 0.1454420951615676 2792 1.98279169315254e-08
0.01396648002902987 1.164856647106827 0.1648566471068273 -1.399725715168147 0.1163833784306298 -0.6376750631863772 -0.05716386461526555 0.1454401521334837 2792 1.982825961745694e-08
0.01394148002902987 1.164880972769569 0.1648809727695693 -1.399842378722381 0.1163042175968022 -0.637388783092927 -0.05711303349643743 0.145438221911234 2792 1.982860313485616e-08
0.01391648002902987 1.164905233150055 0.1649052331500549 -1.399958496480519 0.1162250297313284 -0.6371018099085556 -0.05706213885138559 0.1454363045661929 2792 1.982894574532634e-08
0.01389148002902987 1.16492942785436 0.1649294278543598 -1.400074065977299 0.1161458146816305 -0.6368141412430013 -0.05701118052292076 0.1454344001702339 2792 1.982928820488644e-08
0.01386648002902987 1.164953556485728 0.1649535564857281 -1.400189084730199 0.1160665722938543 -0.6365257746944399 -0.05696015835319684 0.145432508795733 2792 1.982963027284182e-08
0.01384148002902987 1.164977618644556 0.164977618644556 -1.400303550239328 0.1159873024128588 -0.6362367078494101 -0.05690907218370708 0.1454306305155719 2792 1.982997223382827e-08
0.01381648002902987 1.165001613928375 0.1650016139283745 -1.400417459987324 0.1159080048822058 -0.635946938282739 -0.05685792185528019 0.1454287654031405 2792 1.983031331741904e-08
0.01379148002902987 1.165025541931832 0.1650255419318318 -1.400530811439234 0.1158286795441492 -0.635656463557465 -0.05680670720807626 0.1454269135323398 2792 1.983065432522449e-08
0.01376648002902987 1.165049402246676 0.1650494022466755 -1.400643602042407 0.1157493262396249 -0.6353652812247622 -0.05675542808158281 0.1454250749775856 2792 1.98309952189522e-08
0.01374148002902987 1.165073194461736 0.1650731944617356 -1.400755829226384 0.1156699448082398 -0.6350760332408961 -0.05670408431461065 0.1454232498138106 2792 1.983133507939365e-08
0.01371648002902986 1.165096918162906 0.1650969181629056 -1.400867490402778 0.1155905350882612 -0.6347893473341376 -0.05665267574529009 0.1454214381164681 2792 1.983167611003339e-08
0.01369148002902986 1.165120572933126 0.1651205729331255 -1.40097858296517 0.1155110969166057 -0.6345019502700461 -0.05660120221106647 0.1454196399615348 2792 1.983201529410878e-08
0.01366648002902986 1.165144158352364 0.1651441583523641 -1.401089104288992 0.1154316301288289 -0.6342138395443486 -0.05654966354869628 0.1454178554255134 2792 1.983235383157706e-08
0.01364148002902986 1.1651676739976 0.1651676739976 -1.40119905173141 0.1153521345591137 -0.6339250126404306 -0.05649805959424287 0.1454160845854366 2792 1.983269296845674e-08
0.01361648002902986 1.165191119442805 0.1651911194428048 -1.401308422631212 0.1152726100402596 -0.6336354670292544 -0.05644639018307235 0.1454143275188692 2792 1.983303095517035e-08
0.01359148002902986 1.165214494258924 0.165214494258924 -1.401417214308693 0.1151930564036711 -0.6333452001692776 -0.05639465514984919 0.1454125843039118 2792 1.983336984753275e-08
0.01356648002902986 1.165237798013859 0.1652377980138586 -1.401525424065538 0.1151134734793472 -0.6330542095063709 -0.05634285432853217 0.1454108550192035 2792 1.983370798895227e-08
0.01354148002902986 1.165261030272448 0.165261030272448 -1.401633049184705 0.1150338610958688 -0.6327624924737343 -0.05629098755236992 0.1454091397439254 2792 1.983404475972601e-08
0.01351648002902986 1.16528419059645 0.1652841905964504 -1.40174008693031 0.1149542190803884 -0.6324700464918132 -0.05623905465389659 0.1454074385578032 2792 1.983438110472757e-08
0.01349148002902986 1.165307278544525 0.1653072785445246 -1.401846534547506 0.1148745472586175 -0.6321768689682147 -0.05618705546492764 0.1454057515411109 2792 1.983471785457577e-08
0.01346648002902986 1.165330293672212 0.1653302936722121 -1.40195238926237 0.1147948454548157 -0.6318829572976212 -0.05613498981655522 0.1454040787746735 2792 1.983505450858433e-08
0.01344148002902986 1.165353235531917 0.1653532355319172 -1.402057648281777 0.1147151134917784 -0.6315883088617049 -0.05608285753914388 0.1454024203398702 2792 1.983539000369349e-08
0.01341648002902986 1.165376103672889 0.1653761036728891 -1.402162308793288 0.1146353511908249 -0.6312929210290411 -0.05603065846232599 0.145400776318638 2792 1.983572551903757e-08
0.01339148002902986 1.165398897641204 0.165398897641204 -1.402266367965023 0.1145555583717868 -0.6309967911550203 -0.0559783924149973 0.1453991467934741 2792 1.983606090314608e-08
0.01336648002902985 1.165421616979744 0.1654216169797436 -1.402369822945546 0.1144757348529955 -0.6306999165817603 -0.05592605922531244 0.1453975318474399 2792 1.983639513999806e-08
0.01334148002902985 1.165444261228179 0.1654442612281786 -1.402472670863741 0.11439588045127 -0.6304022946380169 -0.05587365872068017 0.1453959315641636 2792 1.983672965754515e-08
0.01331648002902985 1.165466829922948 0.1654668299229483 -1.402574908828691 0.1143159949819047 -0.6301039226390952 -0.05582119072775901 0.1453943460278439 2792 1.983706306443675e-08
0.01329148002902985 1.165489322597242 0.1654893225972425 -1.402676533929554 0.1142360782586572 -0.6298048739798203 -0.05576865507245221 0.1453927753232526 2792 1.98373981019308e-08
0.01326648002902985 1.165511738780981 0.1655117387809806 -1.40277754323544 0.1141561300937352 -0.6295110129753427 -0.05571605157990347 0.1453912195357387 2792 1.983773042509688e-08
0.01324148002902985 1.165534078000794 0.1655340780007943 -1.402877933795294 0.1140761502977843 -0.6292163978514781 -0.05566338007449191 0.1453896787512308 2792 1.983806316743953e-08
0.01321648002902985 1.165556339780006 0.1655563397800064 -1.40297770263776 0.1139961386798749 -0.628921025860961 -0.05561064037982745 0.1453881530562409 2792 1.983839652685844e-08
0.01319148002902985 1.165578523638612 0.1655785236386125 -1.403076846771066 0.11391609504749 -0.6286248942425186 -0.05555783231874593 0.1453866425378673 2792 1.983872809752484e-08
0.01316648002902985 1.165600629093261 0.165600629093261 -1.403175363182893 0.1138360192065113 -0.6283280002207748 -0.05550495571330429 0.1453851472837986 2792 1.983906075066224e-08
0.01314148002902985 1.165622655657233 0.1656226556572333 -1.403273248840252 0.1137559109612066 -0.6280303410061557 -0.05545201038477557 0.145383667382316 2792 1.983939204775351e-08
0.01311648002902985 1.165644602840424 0.1656446028404241 -1.403370500689356 0.1136757701142167 -0.6277319137947911 -0.05539899615364422 0.1453822029222975 2792 1.983972251968004e-08
0.01309148002902985 1.165666470149323 0.1656664701493227 -1.403467115655491 0.1135955964665418 -0.6274327157684171 -0.05534591283960091 0.1453807539932207 2792 1.984005381567847e-08
0.01306648002902985 1.165688257086991 0.1656882570869906 -1.403563090642893 0.1135153898175282 -0.6271327440942779 -0.05529276026153759 0.1453793206851662 2792 1.984038407255792e-08
0.01304148002902985 1.165709963153044 0.1657099631530441 -1.403658422534614 0.1134351499648547 -0.6268319959250259 -0.05523953823754247 0.1453779030888214 2792 1.984071334652091e-08
0.01301648002902984 1.165731587843633 0.165731587843633 -1.403753108192396 0.1133548767045188 -0.6265304683986213 -0.05518624658489483 0.1453765012954832 2792 1.984104350671448e-08
0.01299148002902984 1.16575313065142 0.1657531306514199 -1.40384714445654 0.1132745698308231 -0.6262281586382311 -0.05513288512006002 0.145375115397062 2792 1.984137255470646e-08
0.01296648002902984 1.165774591065562 0.1657745910655617 -1.403940528145777 0.1131942291363612 -0.6259250637521269 -0.05507945365868418 0.1453737454860846 2792 1.984170113579308e-08
0.01294148002902984 1.165795968571687 0.1657959685716872 -1.404033256057135 0.1131138544120039 -0.6256211808335816 -0.05502595201558906 0.145372391655698 2792 1.984203045691841e-08
0.01291648002902984 1.165817262651878 0.1658172626518781 -1.404125324965808 0.1130334454468847 -0.6253165069607661 -0.05497238000476668 0.1453710539996726 2792 1.984235777273523e-08
0.01289148002902984 1.165838472784649 0.1658384727846487 -1.404216731625025 0.1129530020283855 -0.6250110391966437 -0.05491873743937414 0.1453697326124055 2792 1.984268552821743e-08
0.01286648002902984 1.165859598444924 0.1658595984449238 -1.404307472765916 0.1128725239421227 -0.6247047745888646 -0.05486502413172821 0.1453684275889244 2792 1.984301249018607e-08
0.01284148002902984 1.165880639104019 0.1658806391040191 -1.404397545097378 0.1127920109719319 -0.6243998525762638 -0.05481123989329989 0.1453671390248906 2792 1.984334061805074e-08
0.01281648002902984 1.165901594229621 0.1659015942296209 -1.404486945305943 0.1127114628998539 -0.6240981087060057 -0.05475738453470899 0.1453658670166029 2792 1.984366580640036e-08
0.01279148002902984 1.165922463285764 0.1659224632857643 -1.404575670055639 0.1126308795061193 -0.6237955633186757 -0.05470360731086824 0.1453646116610005 2792 1.984399290827217e-08
0.01276648002902984 1.165943245732812 0.1659432457328123 -1.40466371598786 0.1125502605691339 -0.6234922133909712 -0.05465054940849572 0.1453633730556671 2792 1.984431816291907e-08
0.01274148002902984 1.165963941027436 0.1659639410274358 -1.404751079721227 0.1124696058654635 -0.6231880558836252 -0.05459741892985961 0.1453621512988341 2792 1.984464366173399e-08
0.01271648002902984 1.165984548622591 0.1659845486225915 -1.404837757851449 0.1123889151698188 -0.6228830877412941 -0.05454421567865918 0.1453609464893842 2792 1.984496986387123e-08
0.01269148002902984 1.166005067967501 0.1660050679675011 -1.404923746951191 0.1123081882550398 -0.622577305892444 -0.05449093945769716 0.1453597587268548 2792 1.984529418438299e-08
0.01266648002902983 1.16602549850763 0.1660254985076302 -1.405009043569932 0.1122274248920806 -0.6222707072492353 -0.0544375900688738 0.1453585881114418 2792 1.984561852133864e-08
0.01264148002902983 1.166045839684666 0.1660458396846665 -1.405093644233829 0.1121466248499937 -0.6219632887074092 -0.05438416731318125 0.1453574347440031 2792 1.984594189461234e-08
0.01261648002902983 1.166066090936499 0.166066090936499 -1.405177545445575 0.1120657878959138 -0.621655047146169 -0.05433067099069729 0.1453562987260618 2792 1.984626579667242e-08
0.01259148002902983 1.166086251697196 0.1660862516971962 -1.405260743684261 0.1119849137950427 -0.6213459794280639 -0.05427710090057958 0.1453551801598104 2792 1.984658956915629e-08
0.01256648002902983 1.166106321396984 0.1661063213969838 -1.405343235405235 0.1119040023106324 -0.6210360823988689 -0.05422345684105942 0.145354079148114 2792 1.984691277307199e-08
0.01254148002902983 1.166126299462225 0.1661262994622248 -1.405425017039962 0.1118230532039695 -0.6207253528874667 -0.05416973860943585 0.1453529957945139 2792 1.984723418745899e-08
0.01251648002902983 1.166146185315396 0.1661461853153956 -1.40550608499588 0.1117420662343585 -0.6204137877057254 -0.05411594600206935 0.1453519302032315 2792 1.984755664045277e-08
0.01249148002902983 1.166165978375066 0.166165978375066 -1.405586435656261 0.1116610411591056 -0.6201013836483769 -0.05406207881437568 0.1453508824791717 2792 1.984787810214861e-08
0.01246648002902983 1.166185678055876 0.1661856780558759 -1.405666065380063 0.1115799777335018 -0.6197881374928942 -0.05400813684081959 0.1453498527279265 2792 1.984820010062303e-08
0.01244148002902983 1.166205283768514 0.166205283768514 -1.405744970501789 0.1114988757108061 -0.6194740459993673 -0.0539541198749086 0.145348841055779 2792 1.984852111818317e-08
0.01241648002902983 1.166224794919696 0.1662247949196956 -1.405823147331345 0.1114177348422287 -0.6191617265525983 -0.05390002770918653 0.1453478475697068 2792 1.984884182464554e-08
0.01239148002902983 1.16624421091214 0.1662442109121405 -1.405900592153892 0.1113365548769138 -0.6188521618338209 -0.05384586013522719 0.1453468723773856 2792 1.984916203481976e-08
0.01236648002902983 1.16626353114455 0.1662635311445504 -1.405977301229698 0.1112553355619226 -0.6185417464436627 -0.05379161694362774 0.1453459155871933 2792 1.984948209463227e-08
0.01234148002902983 1.166282755011587 0.1662827550115871 -1.406053270793999 0.1111740766422151 -0.6182304770619752 -0.05373729792400233 0.1453449773082133 2792 1.98498013504169e-08
0.01231648002902982 1.166301881903849 0.1663018819038493 -1.406128497056847 0.1110927778606337 -0.6179183503504661 -0.05368290286497535 0.1453440576502384 2792 1.985012083883556e-08
0.01229148002902982 1.166320911207851 0.166320911207851 -1.406202976202959 0.1110114389578844 -0.6176053629525668 -0.05362843155417498 0.1453431567237746 2792 1.985043957264468e-08
0.01226648002902982 1.166339842305998 0.1663398423059979 -1.406276704391578 0.1109300596725194 -0.6172915114932981 -0.05357388377822623 0.1453422746400448 2792 1.985075799619203e-08
0.01224148002902982 1.166358674576566 0.1663586745765657 -1.406349677756316 0.1108486397409192 -0.6169767925791366 -0.05351925932274439 0.1453414115109924 2792 1.985107578472239e-08
0.01221648002902982 1.166377407393677 0.1663774073936768 -1.406421892405008 0.1107671788972738 -0.6166612027978781 -0.05346455797232812 0.1453405674492854 2792 1.985139419088236e-08
0.01219148002902982 1.166396040127277 0.1663960401272775 -1.406493344419562 0.1106856768735647 -0.6163447387184994 -0.05340977951055248 0.1453397425683199 2792 1.985171101242852e-08
0.01216648002902982 1.166414572143115 0.1664145721431152 -1.406564029855809 0.1106041333995465 -0.6160273968910212 -0.0533549237199622 0.1453389369822242 2792 1.985202842337138e-08
0.01214148002902982 1.166433002802715 0.166433002802715 -1.406633944743345 0.1105225482027275 -0.6157091738463667 -0.05329999038206447 0.1453381508058622 2792 1.985234472345381e-08
0.01211648002902982 1.166451331463358 0.1664513314633578 -1.406703085085389 0.1104409210083516 -0.6153900660962216 -0.05324497927732189 0.1453373841548375 2792 1.985266153348128e-08
0.01209148002902982 1.166469557478055 0.1664695574780553 -1.406771446858622 0.1103592515393786 -0.6150700701328909 -0.05318989018514555 0.1453366371454974 2792 1.985297680115889e-08
0.01206648002902982 1.166487680195528 0.1664876801955282 -1.406839026013038 0.110277539516465 -0.6147491824291543 -0.05313472288388745 0.1453359098949364 2792 1.985329266639314e-08
0.01204148002902982 1.166505698960183 0.1665056989601825 -1.406905818471788 0.110195784657945 -0.6144273994381226 -0.05307947715083365 0.145335202521 2792 1.985360793144322e-08
0.01201648002902982 1.166523613112086 0.1665236131120857 -1.406971820131024 0.1101139866798104 -0.6141059183430908 -0.05302415276219668 0.1453345151422892 2792 1.985392200694816e-08
0.01199148002902982 1.166541421986944 0.1665414219869439 -1.40703702685975 0.1100321452956908 -0.6137886646146313 -0.05296874949310813 0.1453338478781636 2792 1.98542373588581e-08
0.01196648002902981 1.166559124916077 0.1665591249160774 -1.407101434499656 0.1099502602168342 -0.6134705095575361 -0.05291326711761145 0.145333200848746 2792 1.985455117013931e-08
0.01194148002902981 1.166576721226398 0.1665767212263982 -1.40716503886497 0.1098683311520859 -0.6131514495344698 -0.05285770540865415 0.1453325741749256 2792 1.985486501473931e-08
0.01191648002902981 1.166594210240385 0.1665942102403852 -1.407227835742296 0.1097863578078689 -0.6128314808875416 -0.05280206413808036 0.1453319679783627 2792 1.98551778971954e-08
0.01189148002902981 1.166611591276061 0.1666115912760613 -1.407289820890458 0.1097043398881629 -0.6125105999381516 -0.05274634307662307 0.1453313823814919 2792 1.985549057496314e-08
0.01186648002902981 1.166628863646968 0.1666288636469684 -1.407350990040339 0.1096222770944837 -0.6121888029868328 -0.05269054199389651 0.1453308175075265 2792 1.985580320361455e-08
0.01184148002902981 1.166646026662144 0.1666460266621443 -1.407411338894725 0.1095401691258625 -0.6118660863130939 -0.05263466065838827 0.1453302734804624 2792 1.985611497162514e-08
0.01181648002902981 1.166663079626099 0.1666630796260988 -1.407470863128142 0.1094580156788242 -0.6115424461752592 -0.05257869883745138 0.1453297504250821 2792 1.985642677429691e-08
0.01179148002902981 1.166680021838789 0.1666800218387887 -1.407529558386698 0.1093758164473665 -0.6112178788103079 -0.05252265629729655 0.1453292484669583 2792 1.985673869686996e-08
0.01176648002902981 1.166696852595595 0.1666968525955945 -1.407587420287921 0.1092935711229382 -0.6108923804337104 -0.05246653280298396 0.1453287677324583 2792 1.985704876280965e-08
0.01174148002902981 1.166713571187296 0.1667135711872956 -1.407644444420595 0.1092112793944173 -0.6105659472392656 -0.05241032811841528 0.1453283083487481 2792 1.985735969373889e-08
0.01171648002902981 1.166730176900046 0.1667301769000455 -1.407700626344599 0.1091289409480895 -0.6102385753989338 -0.05235404200632541 0.145327870443796 2792 1.985766987243032e-08
0.01169148002902981 1.166746669015349 0.1667466690153492 -1.407755961590746 0.1090465554676256 -0.609910261062669 -0.05229767422827434 0.1453274541463767 2792 1.985798026906111e-08
0.01166648002902981 1.166763046810036 0.1667630468100361 -1.407810445660615 0.1089641226340592 -0.609581000358251 -0.05224122454463879 0.1453270595860759 2792 1.985828883173775e-08
0.01164148002902981 1.166779309556238 0.1667793095562375 -1.40786407402639 0.1088816421257643 -0.6092507893911135 -0.05218528101854366 0.1453266868932934 2792 1.985859890258156e-08
0.0116164800290298 1.166795456521361 0.166795456521361 -1.407916842130694 0.1087991136184324 -0.6089236279842067 -0.05212962827804424 0.1453263361992481 2792 1.985890698424757e-08
0.0115914800290298 1.166811486968066 0.1668114869680659 -1.407968745386421 0.1087165367850494 -0.6085979425817768 -0.0520738919097944 0.1453260076359815 2792 1.985921559467615e-08
0.0115664800290298 1.166827400154239 0.1668274001542387 -1.408019779176573 0.1086339112958725 -0.6082713000445527 -0.05201807166505945 0.1453257013363619 2792 1.985952366174551e-08
0.0115414800290298 1.166843195332968 0.1668431953329677 -1.408069938854091 0.1085512368184066 -0.6079436963755408 -0.05196216729385469 0.1453254174340886 2792 1.98598318710058e-08
0.0115164800290298 1.166858871752518 0.1668588717525183 -1.408119219741688 0.1084685130173808 -0.6076151275543666 -0.05190617854493677 0.1453251560636959 2792 1.986013864589972e-08
0.0114914800290298 1.166874428656309 0.1668744286563086 -1.40816761713168 0.1083857395547242 -0.607285589537092 -0.05185010516579427 0.1453249173605572 2792 1.986044581328513e-08
0.0114664800290298 1.166889865282883 0.1668898652828827 -1.408215126285819 0.1083029160895422 -0.6069550782560311 -0.05179394690263896 0.1453247014608893 2792 1.986075190087744e-08
0.0114414800290298 1.166905180865887 0.1669051808658875 -1.408261742435121 0.1082200422780918 -0.6066235896195632 -0.05173770350039626 0.1453245085017564 2792 1.986105865761368e-08
0.0114164800290298 1.166920374634046 0.1669203746340462 -1.408307460779697 0.1081371177737568 -0.6062911195119453 -0.05168137470269609 0.1453243386210742 2792 1.986136481313121e-08
0.0113914800290298 1.166935445811133 0.166935445811133 -1.408352276488583 0.1080541422270236 -0.6059576637931213 -0.05162496025186337 0.1453241919576141 2792 1.986166956714297e-08
0.0113664800290298 1.166950393615948 0.1669503936159482 -1.408396184699567 0.1079711152854555 -0.6056232182985312 -0.05156845988890869 0.1453240686510076 2792 1.986197530666523e-08
0.0113414800290298 1.166965217262293 0.1669652172622933 -1.408439180519017 0.1078880365936677 -0.6052877788389158 -0.05151187335351855 0.14532396884175 2792 1.986227952153491e-08
0.0113164800290298 1.166979915958944 0.1669799159589438 -1.408481259021713 0.1078049057933016 -0.6049513412001215 -0.05145520038404577 0.1453238926712051 2792 1.986258430368241e-08
0.0112914800290298 1.166994488909625 0.1669944889096249 -1.408522415250664 0.1077217225229992 -0.6046139011429034 -0.05139844071749988 0.145323840281609 2792 1.986288809556537e-08
0.01126648002902979 1.167008935312986 0.1670089353129862 -1.408562644216947 0.1076384864183765 -0.6042754544027228 -0.0513415940895368 0.1453238118160746 2792 1.986319064007535e-08
0.01124148002902979 1.167023254362575 0.1670232543625747 -1.408601940899517 0.1075551971119979 -0.603940487616445 -0.05128466023444952 0.1453238074185955 2792 1.986349460863551e-08
0.01121648002902979 1.16703744524681 0.1670374452468097 -1.40864030024505 0.1074718542333491 -0.6036065588807282 -0.05122763888515755 0.1453238272340507 2792 1.98637971189069e-08
0.01119148002902979 1.167051507148958 0.1670515071489578 -1.408677717167751 0.1073884574088102 -0.6032716157032647 -0.05117052977319701 0.1453238714082083 2792 1.986409968674381e-08
0.01116648002902979 1.167065439247105 0.1670654392471052 -1.408714186549188 0.1073050062616293 -0.6029356537039533 -0.0511133326287103 0.1453239400877302 2792 1.986440105046439e-08
0.01114148002902979 1.167079240714133 0.1670792407141335 -1.40874970323811 0.1072215004118942 -0.6025986684761963 -0.05105604718043595 0.1453240334201761 2792 1.986470343846946e-08
0.01111648002902979 1.167092910717692 0.1670929107176924 -1.408784262050272 0.1071379394765054 -0.6022606555866828 -0.05099867315569789 0.1453241515540077 2792 1.986500471921142e-08
0.01109148002902979 1.167106448420175 0.1671064484201747 -1.408817857768259 0.1070543230691478 -0.6019216105751745 -0.05094121028039507 0.1453242946385933 2792 1.986530560952438e-08
0.01106648002902979 1.167119852978689 0.1671198529786893 -1.408850485141299 0.1069706508002632 -0.6015815289542858 -0.05088365827899089 0.1453244628242119 2792 1.986560635866633e-08
0.01104148002902979 1.167133123545035 0.1671331235450351 -1.408882138885095 0.1068869222770209 -0.6012404062092636 -0.05082601687450228 0.1453246562620573 2792 1.986590669022645e-08
0.01101648002902979 1.167146259265675 0.1671462592656754 -1.408912813681637 0.1068031371032896 -0.6008982377977633 -0.05076828578848892 0.1453248751042427 2792 1.986620554516582e-08
0.01099148002902979 1.167159259281711 0.1671592592817113 -1.408942504179027 0.1067192948796082 -0.6005550191496245 -0.05071046474104239 0.145325119503805 2792 1.986650548632559e-08
0.01096648002902979 1.167172122728855 0.1671721227288547 -1.408971204991292 0.1066353952031564 -0.6002107456666429 -0.05065255345077499 0.1453253896147088 2792 1.986680545598941e-08
0.01094148002902979 1.167184848737403 0.1671848487374035 -1.408998910698211 0.1065514376677254 -0.5998654127223388 -0.05059455163480846 0.1453256855918511 2792 1.986710347683925e-08
0.01091648002902978 1.167197436432213 0.1671974364322129 -1.409025615845123 0.1064674218636876 -0.5995190156617272 -0.05053645900876302 0.1453260075910655 2792 1.986740112146908e-08
0.01089148002902978 1.167209884932671 0.1672098849326706 -1.409051314942755 0.1063833473779666 -0.5991738944632858 -0.05047827528674559 0.1453263557691264 2792 1.986769882334707e-08
0.01086648002902978 1.16722219335267 0.1672221933526699 -1.409076002467031 0.106299213794007 -0.598832004415592 -0.05042000018133862 0.1453267302837535 2792 1.98679972955757e-08
0.01084148002902978 1.167234360800583 0.1672343608005828 -1.409099672858893 0.106215020691743 -0.5984890415573305 -0.05036163340358813 0.1453271312936163 2792 1.986829428670915e-08
0.01081648002902978 1.167246386379234 0.1672463863792337 -1.409122320524113 0.1061307676475678 -0.5981450011036901 -0.05030317466299238 0.1453275589583381 2792 1.986859104329119e-08
0.01079148002902978 1.167258269185872 0.1672582691858719 -1.409143939833113 0.1060464542343019 -0.5977998782399555 -0.05024462366748957 0.1453280134385006 2792 1.986888758235166e-08
0.01076648002902978 1.167270008312146 0.1672700083121461 -1.409164525120776 0.1059620800211616 -0.5974536681212578 -0.05018598012344622 0.1453284948956484 2792 1.986918351547828e-08
0.01074148002902978 1.167281602844077 0.1672816028440769 -1.409184070686263 0.1058776445737267 -0.5971063658723219 -0.05012724373564495 0.145329003492293 2792 1.986947928319251e-08
0.01071648002902978 1.16729305186203 0.1672930518620297 -1.409202570792825 0.1057931474539085 -0.5967579665872109 -0.05006841420727208 0.1453295393919176 2792 1.986977540875578e-08
0.01069148002902978 1.167304354440689 0.1673043544406887 -1.409220019667619 0.1057085882199165 -0.5964084653290695 -0.05000949123990567 0.1453301027589814 2792 1.987006926121248e-08
0.01066648002902978 1.167315509649029 0.1673155096490293 -1.409236411501517 0.1056239664262261 -0.5960578571298624 -0.04995047453350272 0.1453306937589236 2792 1.987036343258399e-08
0.01064148002902978 1.167326516550292 0.1673265165502915 -1.409251740448922 0.1055392816235447 -0.5957061369901108 -0.04989136378638673 0.1453313125581686 2792 1.987065856823305e-08
0.01061648002902978 1.167337374201953 0.1673373742019528 -1.409266000627581 0.1054545333587782 -0.5953532998786268 -0.04983313995839572 0.1453319593241295 2792 1.987095201374127e-08
0.01059148002902978 1.167348081655701 0.1673480816557014 -1.40927918611839 0.1053697211749972 -0.5949993407322443 -0.04977482275058555 0.1453326342252133 2792 1.987124566374289e-08
0.01056648002902977 1.167358637957409 0.1673586379574088 -1.409291290965212 0.1052848446114021 -0.5946442544555465 -0.04971640946554613 0.145333337430825 2792 1.987153807802166e-08
0.01054148002902977 1.167369042147104 0.1673690421471037 -1.409302309174687 0.1051999032032888 -0.5942920351593908 -0.04965789978963205 0.1453340691113718 2792 1.987183076698107e-08
0.01051648002902977 1.167379293258943 0.1673792932589433 -1.409312234716039 0.1051148964820134 -0.5939414374765448 -0.04959929340746712 0.145334829438268 2792 1.987212428681309e-08
0.01049148002902977 1.167389390321188 0.1673893903211878 -1.409321061520886 0.105029823974957 -0.5935897028822598 -0.04954059000193075 0.1453356185839391 2792 1.987241594868564e-08
0.01046648002902977 1.167399332356173 0.1673993323561727 -1.409328783483055 0.1049446852054895 -0.5932368261346402 -0.04948178925414395 0.1453364367218265 2792 1.987270696414275e-08
0.01044148002902977 1.167409118380281 0.1674091183802811 -1.409335394458384 0.1048594796929339 -0.5928828019579137 -0.04942289084345576 0.1453372840263916 2792 1.987305152659877e-08
0.01041648002902977 1.167418747403918 0.1674187474039177 -1.409340888264534 0.1047742069525294 -0.5925276250421373 -0.04936389444742892 0.1453381606731207 2792 1.987374958655196e-08
0.01039148002902977 1.167428218431481 0.1674282184314806 -1.409345258680801 0.1046888664953947 -0.5921712900429019 -0.04930479974182565 0.1453390668385291 2792 1.987444837321519e-08
0.01036648002902977 1.167437530461335 0.1674375304613351 -1.409348499447918 0.1046034578284906 -0.5918137915810328 -0.04924560640059333 0.1453400027001656 2792 1.987514888818182e-08
0.01034148002902977 1.167446682485785 0.1674466824857852 -1.409350604267864 0.1045179804545824 -0.5914551242422879 -0.04918631409585004 0.145340968436617 2792 1.987584966708407e-08
0.01031648002902977 1.167455673491048 0.1674556734910477 -1.409351566803675 0.1044324338722018 -0.5910952825770508 -0.04912692249786978 0.1453419642275129 2792 1.987655140293303e-08
0.01029148002902977 1.167464502457225 0.1674645024572246 -1.409351380679249 0.1043468175756085 -0.5907342611000229 -0.04906743127506777 0.1453429902535296 2792 1.987725461273973e-08
0.01026648002902977 1.167473168358275 0.1674731683582753 -1.409350039479152 0.1042611310547512 -0.5903720542899094 -0.04900784009398527 0.145344046696395 2792 1.987795793447297e-08
0.01024148002902977 1.16748167016199 0.1674816701619903 -1.409347536748424 0.1041753737952285 -0.5900086565891038 -0.04894814861927466 0.1453451337388926 2792 1.987866275167577e-08
0.01021648002902976 1.167490006829964 0.1674900068299638 -1.409343865992388 0.1040895452782493 -0.5896466546944877 -0.04888835651368397 0.1453462515648666 2792 1.987936819455681e-08
0.01019148002902976 1.167498177317566 0.1674981773175661 -1.409339020676457 0.1040036449805926 -0.5892877238003384 -0.04882846343804159 0.1453474003592257 2792 1.988007518573527e-08
0.01016648002902976 1.167506180573917 0.1675061805739166 -1.409332994225934 0.1039176723745669 -0.5889275910964256 -0.0487684690512404 0.1453485803079483 2792 1.988078268334458e-08
0.01014148002902976 1.167514015541857 0.1675140155418571 -1.409325780025821 0.1038316269279696 -0.5885662508606854 -0.04870837301022225 0.1453497915980863 2792 1.98814912552182e-08
0.01011648002902976 1.167521681157924 0.1675216811579239 -1.409317371420628 0.1037455081040455 -0.588203697332858 -0.04864817496996185 0.1453510344177699 2792 1.988220062633507e-08
0.01009148002902976 1.167529176352321 0.1675291763523212 -1.409307761714174 0.103659315361445 -0.5878399247141457 -0.04858787458345056 0.1453523089562119 2792 1.988291127015668e-08
0.01006648002902976 1.167536500048895 0.1675365000488946 -1.409296944169392 0.1035730481541821 -0.587474927166871 -0.04852747150168037 0.1453536154037123 2792 1.98836237785951e-08
0.01004148002902976 1.167543651165102 0.1675436511651023 -1.409284912008137 0.1034867059315913 -0.5871086988141244 -0.04846696537362709 0.145354953951663 2792 1.988433557243499e-08
0.01001648002902976 1.16755062861199 0.1675506286119897 -1.409271658410986 0.1034002881382852 -0.5867412337394141 -0.04840635584623397 0.1453563247925515 2792 1.988504968159212e-08
0.009991480029029758 1.167557431294162 0.1675574312941619 -1.409257176517051 0.1033137942141103 -0.586372525986308 -0.0483456425643946 0.1453577281199662 2792 1.988576458837758e-08
0.009966480029029758 1.167564058109756 0.1675640581097564 -1.409241459423776 0.1032272235941036 -0.5860025695580727 -0.04828482517093621 0.1453591641286003 2792 1.988648092457689e-08
0.009941480029029757 1.167570507950417 0.1675705079504166 -1.409224500186746 0.1031405757084474 -0.5856313584173098 -0.0482239033066021 0.1453606330142566 2792 1.988719770565506e-08
0.009916480029029756 1.167576779701265 0.1675767797012648 -1.409206291819488 0.1030538499824251 -0.5852588864855852 -0.04816287661003461 0.1453621349738517 2792 1.988791580837469e-08
0.009891480029029755 1.167582872240875 0.1675828722408754 -1.409186827293283 0.1029670458363756 -0.5848899184718703 -0.04810174471775729 0.1453636702054204 2792 1.988863435435652e-08
0.009866480029029755 1.167588784441248 0.1675887844412478 -1.409166099536961 0.1028801626856471 -0.5845218830102539 -0.04804050726415724 0.1453652389081204 2792 1.988935536256783e-08
0.009841480029029754 1.167594515167781 0.1675945151677807 -1.409144101436714 0.102793199940551 -0.5841525745220271 -0.04797916388146722 0.1453668412822366 2792 1.989007620446851e-08
0.009816480029029753 1.167600063279244 0.167600063279244 -1.409120825835899 0.1027061570063151 -0.5837819867433321 -0.04791771419974711 0.1453684775291852 2792 1.989079893899112e-08
0.009791480029029753 1.167605427627754 0.1676054276277539 -1.409096265534838 0.1026190332830359 -0.5834101133670849 -0.04785615784686618 0.1453701478515188 2792 1.989152234140849e-08
0.009766480029029752 1.167610607058745 0.1676106070587446 -1.409070413290634 0.1025318281656313 -0.5830369480425738 -0.0477944944484839 0.1453718524529301 2792 1.989224773510642e-08
0.009741480029029751 1.167615600410943 0.1676156004109435 -1.409043261816963 0.1024445410437918 -0.5826624843750575 -0.04773272362803159 0.1453735915382569 2792 1.989297267104715e-08
0.00971648002902975 1.167620406516344 0.167620406516344 -1.409014803783891 0.1023571713019316 -0.5822867159253541 -0.04767153550560646 0.1453753653134857 2792 1.989370011447505e-08
0.00969148002902975 1.167625024200179 0.1676250242001793 -1.408985031817672 0.1022697183191394 -0.5819096362094308 -0.04761055291284068 0.145377173985757 2792 1.989442840938394e-08
0.009666480029029749 1.167629452280897 0.1676294522808968 -1.408953938500563 0.1021821814691283 -0.5815312386979835 -0.04754946049856512 0.1453790177633691 2792 1.989515762795493e-08
0.009641480029029748 1.167633689570131 0.1676336895701314 -1.408921516370619 0.1020945601201857 -0.5811515168160132 -0.04748825787059975 0.1453808968557823 2792 1.989588859147456e-08
0.009616480029029748 1.16763773487268 0.1676377348726799 -1.40888775792151 0.1020068536351217 -0.5807704639423993 -0.04742694463439587 0.145382811473624 2792 1.989662005518506e-08
0.009591480029029747 1.167641586986475 0.1676415869864754 -1.408852655602324 0.101919061371218 -0.5803915268729316 -0.04736552039301539 0.145384761828692 2792 1.989735295655741e-08
0.009566480029029746 1.167645244702561 0.1676452447025609 -1.408816201817371 0.1018311826801754 -0.580014877102776 -0.04730398474711038 0.1453867481339597 2792 1.989808753487868e-08
0.009541480029029745 1.167648706805065 0.1676487068050647 -1.408778388926 0.1017432169080619 -0.5796368827394548 -0.0472423372949017 0.1453887706035798 2792 1.989882304149923e-08
0.009516480029029745 1.167651972071174 0.167651972071174 -1.4087392092424 0.1016551633952583 -0.5792575369539563 -0.0471805776321584 0.1453908294528889 2792 1.989956015808012e-08
0.009491480029029744 1.167655039271111 0.1676550392711107 -1.408698655035413 0.1015670214764055 -0.5788768328686108 -0.04711870535217586 0.1453929248984118 2792 1.990029774859834e-08
0.009466480029029743 1.167657907168105 0.1676579071681048 -1.408656718528341 0.1014787904803493 -0.578494763556629 -0.04705672004575441 0.1453950571578654 2792 1.990103611997573e-08
0.009441480029029743 1.167660574518371 0.167660574518371 -1.408613391898759 0.1013904697300858 -0.5781113220416304 -0.04699462130117733 0.1453972264501631 2792 1.990177656288817e-08
0.009416480029029742 1.167663040071082 0.1676630400710821 -1.408568667278326 0.1013020585427059 -0.5777265012971693 -0.0469324087041887 0.1453994329954193 2792 1.990251849856721e-08
0.009391480029029741 1.167665302568346 0.1676653025683463 -1.408522536752592 0.1012135562293389 -0.5773402942462531 -0.04687008183797103 0.1454016770149532 2792 1.990326191690661e-08
0.00936648002902974 1.167667360745182 0.1676673607451815 -1.40847499236082 0.1011249620950956 -0.5771503928802681 -0.04680764028312255 0.1454039587312931 2792 1.990400627627704e-08
0.00934148002902974 1.167669213329491 0.1676692133294908 -1.408426026095791 0.1010362754390113 -0.5771245506021142 -0.0467450836176343 0.1454062783681803 2792 1.990475201147051e-08
0.009316480029029739 1.167670859042039 0.167670859042039 -1.408375629903618 0.1009474955539875 -0.5770988839908456 -0.04668241141686718 0.1454086361505739 2792 1.990549844067238e-08
0.009291480029029738 1.167672296596429 0.1676722965964292 -1.40832379568357 0.100858621726733 -0.577073394308276 -0.04661962325352792 0.1454110323046541 2792 1.990624618103717e-08
0.009266480029029737 1.167673524699077 0.1676735246990773 -1.40827051528788 0.1007696532377053 -0.5770480828239918 -0.04655671869764599 0.1454134670578267 2792 1.990699614905921e-08
0.009241480029029737 1.16767454204919 0.1676745420491903 -1.408215780521563 0.1006805893610498 -0.5770229508154026 -0.04649369731654917 0.145415940638727 2792 1.990774735021679e-08
0.009216480029029736 1.167675347338742 0.1676753473387425 -1.408159583142238 0.1005914293645399 -0.5769979995677943 -0.04643055867483941 0.145418453277224 2792 1.99084987001757e-08
0.009191480029029735 1.167675939252452 0.1676759392524521 -1.408101914859947 0.1005021725095153 -0.5769732303743825 -0.04636730233436832 0.145421005204424 2792 1.990925245900538e-08
0.009166480029029735 1.167676316467759 0.1676763164677588 -1.408042767336971 0.10041281805082 -0.5769486445363661 -0.04630392785421212 0.145423596652675 2792 1.991000737463705e-08
0.009141480029029734 1.167676477654802 0.1676764776548016 -1.407982132187658 0.10032336523674 -0.5769242433629808 -0.04624043479064666 0.1454262278555702 2792 1.991076395567956e-08
0.009116480029029733 1.167676421476396 0.1676764214763962 -1.407920000978243 0.1002338133089399 -0.5769000281715542 -0.04617682269712187 0.1454288990479523 2792 1.991152223243643e-08
0.009091480029029732 1.167676146588012 0.1676761465880123 -1.407856365226673 0.1001441615023988 -0.5768760002875611 -0.04611309112423608 0.1454316104659168 2792 1.99122811003304e-08
0.009066480029029732 1.167675651637754 0.1676756516377538 -1.407791216402436 0.1000544090453453 -0.5768521610446791 -0.04604923961970979 0.1454343623468164 2792 1.991304132102251e-08
0.009041480029029731 1.167674935266336 0.167674935266336 -1.407724545926384 0.09996455515919291 -0.5768285117848441 -0.04598526772835939 0.1454371549292644 2792 1.9913803347702e-08
0.00901648002902973 1.167673996107065 0.167673996107065 -1.407656345170568 0.09987459905847285 -0.576805053858308 -0.04592117499207071 0.1454399884531385 2792 1.991456642921392e-08
0.00899148002902973 1.167672832785817 0.167672832785817 -1.407586605458064 0.09978453995076797 -0.5767817886236958 -0.04585696094977148 0.1454428631595846 2792 1.991533150531861e-08
0.008966480029029729 1.167671443921018 0.1676714439210183 -1.407515318062814 0.09969437703664472 -0.5767587174480622 -0.04579262513740449 0.1454457792910201 2792 1.991609736746596e-08
0.008941480029029728 1.167669828123624 0.1676698281236244 -1.407442474209451 0.099604109509585 -0.5767358417069521 -0.04572816708789953 0.1454487370911381 2792 1.99168650700867e-08
0.008916480029029727 1.167667983997101 0.1676679839971014 -1.407368065073141 0.09951373655591682 -0.5767131627844577 -0.04566373063128533 0.1454517368049103 2792 1.991763538406276e-08
0.008891480029029727 1.167665910137406 0.1676659101374063 -1.407292081779426 0.09942325735474458 -0.5766906820732789 -0.04560005282800839 0.145454778678591 2792 1.991840536436968e-08
0.008866480029029726 1.167663605132968 0.1676636051329679 -1.407214515404057 0.0993326710778783 -0.576668400974783 -0.04553624996589329 0.1454578629597203 2792 1.991917799567614e-08
0.008841480029029725 1.167661067564669 0.167661067564669 -1.407135356972844 0.09924197688976225 -0.5766463208990652 -0.04547232155760161 0.1454609898971274 2792 1.991995151200025e-08
0.008816480029029725 1.167658296005828 0.1676582960058282 -1.4070545974615 0.09915117394740261 -0.5766244432650105 -0.04540826711258044 0.1454641597409344 2792 1.992072659851255e-08
0.008791480029029724 1.167655289022181 0.1676552890221814 -1.406972227795488 0.09906026140029449 -0.5766027695003545 -0.04534408613703238 0.1454673727425589 2792 1.992150420738073e-08
0.008766480029029723 1.167652045171867 0.1676520451718666 -1.406888238849872 0.09896923839034805 -0.5765813010417465 -0.04527977813388453 0.1454706291547179 2792 1.992228225330515e-08
0.008741480029029722 1.167648563005405 0.1676485630054052 -1.406802621449173 0.0988781040518137 -0.5765600393348123 -0.04521534260275762 0.1454739292314304 2792 1.992306262670067e-08
0.008716480029029722 1.167644841065688 0.1676448410656881 -1.406715366367224 0.09878685751120676 -0.5765389858342169 -0.04515077903993439 0.145477273228021 2792 1.99238437924069e-08
0.008691480029029721 1.167640877887958 0.1676408778879577 -1.406626464327027 0.09869549788723099 -0.5765181420037303 -0.04508608693832769 0.1454806614011225 2792 1.992462668504418e-08
0.00866648002902972 1.167636671999795 0.1676366719997946 -1.406535906000619 0.09860402429070139 -0.5764975093162908 -0.04502126578744834 0.1454840940086792 2792 1.992541110516882e-08
0.00864148002902972 1.167632221921103 0.1676322219211031 -1.406443682008937 0.09851243582446606 -0.5764770892540708 -0.04495631507337246 0.1454875713099495 2792 1.992619780357545e-08
0.008616480029029719 1.167627526164095 0.1676275261640954 -1.406349782921684 0.09842073158332734 -0.5764568833085431 -0.04489123427870824 0.145491093565509 2792 1.992698562033393e-08
0.008591480029029718 1.16762258323328 0.1676225832332805 -1.406254199257203 0.09832891065396193 -0.5764368929805467 -0.04482602288256265 0.1454946610372528 2792 1.992777611683116e-08
0.008566480029029717 1.16761739162545 0.1676173916254504 -1.406156921482351 0.09823697211484017 -0.5764171197803551 -0.04476068036050716 0.1454982739883988 2792 1.992856624080319e-08
0.008541480029029717 1.167611949829668 0.1676119498296678 -1.406057940012384 0.09814491503614438 -0.5763975652277433 -0.04469520618454399 0.1455019326834898 2792 1.992935906526978e-08
0.008516480029029716 1.167606256327255 0.1676062563272551 -1.405957245210832 0.09805273847968621 -0.5763782308520563 -0.0446295998230706 0.145505637388396 2792 1.993015430063933e-08
0.008491480029029715 1.167600309591784 0.1676003095917835 -1.405854827389392 0.09796044149882342 -0.5763591181922785 -0.04456386074084516 0.1455093883703176 2792 1.99309509808413e-08
0.008466480029029715 1.167594108089063 0.1675941080890633 -1.405750676807818 0.09786802313837521 -0.576340228797103 -0.04449798839895026 0.1455131858977871 2792 1.993174810904117e-08
0.008441480029029714 1.167587650277133 0.1675876502771332 -1.405644783673814 0.09777548243453704 -0.576321564225003 -0.0444319822547572 0.1455170302406713 2792 1.993254854310896e-08
0.008416480029029713 1.167580934606254 0.1675809346062536 -1.405537138142939 0.09768281841479408 -0.5763031260443013 -0.04436584176188915 0.1455209216701735 2792 1.993334947406071e-08
0.008391480029029712 1.167573959518898 0.1675739595188979 -1.405427730318507 0.09759003009783426 -0.5762849158332431 -0.04429956637018422 0.1455248604588357 2792 1.993415203611121e-08
0.008366480029029712 1.167566723449745 0.1675667234497451 -1.405316550251502 0.09749711649345959 -0.5762669351800676 -0.04423315552565781 0.1455288468805402 2792 1.993495757113584e-08
0.008341480029029711 1.167559224825675 0.1675592248256745 -1.405203587940483 0.09740407660249722 -0.576249422900751 -0.04416660867046458 0.1455328812105116 2792 1.993576404177398e-08
0.00831648002902971 1.16755146206576 0.1675514620657599 -1.405088833331516 0.09731090941670904 -0.5762338682816702 -0.04409992524286004 0.1455369637253184 2792 1.993657254558508e-08
0.00829148002902971 1.167543433581265 0.1675434335812653 -1.404972276318089 0.09721761391870043 -0.5762185462271471 -0.04403310467716122 0.1455410947028745 2792 1.99373826543549e-08
0.008266480029029709 1.167535137775641 0.1675351377756413 -1.404853906741047 0.09712418908182786 -0.5762034583381537 -0.04396614640370747 0.1455452744224409 2792 1.993819374844051e-08
0.008241480029029708 1.167526573044523 0.1675265730445232 -1.404733714388531 0.09703063387010565 -0.57618860622575 -0.0438990498488202 0.1455495031646266 2792 1.993900782782604e-08
0.008216480029029707 1.167517737775728 0.1675177377757284 -1.404611688995912 0.09693694723811155 -0.576173991511157 -0.04383181443476223 0.1455537812113899 2792 1.99398236952544e-08
0.008191480029029707 1.167508630349257 0.1675086303492574 -1.404487820245751 0.09684312813089126 -0.5761596158258293 -0.04376443957969674 0.1455581088460397 2792 1.994064056079654e-08
0.008166480029029706 1.167499249137293 0.1674992491372929 -1.404362097767743 0.09674917548386186 -0.5761454808115293 -0.04369786380359408 0.1455624863532361 2792 1.994146066902403e-08
0.008141480029029705 1.167489592504202 0.1674895925042021 -1.404234511138687 0.09665508822271433 -0.5761315881204003 -0.04363125429884664 0.1455669140189912 2792 1.994228171102293e-08
0.008116480029029705 1.16747965880654 0.1674796588065399 -1.404105049882451 0.09656086526331464 -0.5761179394150425 -0.04356450200833376 0.1455713921306699 2792 1.994310471045412e-08
0.008091480029029704 1.167469446393052 0.1674694463930519 -1.403973703469949 0.09646650551160404 -0.5761045363685879 -0.04349760632365891 0.1455759209769899 2792 1.99439297172665e-08
0.008066480029029703 1.167458953604681 0.1674589536046809 -1.403840461319121 0.09637200786349813 -0.5760913806647761 -0.04343056663203369 0.1455805008480226 2792 1.994475557179181e-08
0.008041480029029702 1.167448178774572 0.1674481787745721 -1.403705312794932 0.09627737120478472 -0.5760784739980309 -0.04336338231623243 0.1455851320351925 2792 1.994558385751122e-08
0.008016480029029702 1.167437120228081 0.1674371202280811 -1.403568247209361 0.09618259441102062 -0.5760658180735382 -0.04329605275454625 0.1455898148312777 2792 1.994641547064039e-08
0.007991480029029701 1.167425776282784 0.1674257762827835 -1.403429253821416 0.09608767634742736 -0.5760534146073232 -0.0432285773207365 0.1455945495304093 2792 1.994724802965205e-08
0.0079664800290297 1.167414145248485 0.167414145248485 -1.403288321837148 0.09599261586878538 -0.5760412653263284 -0.04316095538398732 0.1455993364280713 2792 1.994808219266985e-08
0.0079414800290297 1.167402225427233 0.1674022254272332 -1.403145440409672 0.09589741181932762 -0.5760293719684931 -0.04309318630885776 0.1456041758210993 2792 1.994891811271824e-08
0.007916480029029699 1.167390015113331 0.1673900151133314 -1.403000598639208 0.09580206303263127 -0.576017736282833 -0.04302526945523343 0.1456090680076807 2792 1.994975689506662e-08
0.007891480029029698 1.167377512593353 0.1673775125933528 -1.402853785573116 0.09570656833150894 -0.5760063600295199 -0.04295720417827686 0.1456140132873525 2792 1.995059723153523e-08
0.007866480029029697 1.167364716146157 0.1673647161461573 -1.40270499020596 0.09561092652789796 -0.575995244979962 -0.04288898982837793 0.1456190119610011 2792 1.995143915864452e-08
0.007841480029029697 1.16735162404291 0.1673516240429103 -1.40255420147956 0.0955151364227491 -0.5759843929168864 -0.04282062575110313 0.1456240643308601 2792 1.995228345025925e-08
0.007816480029029696 1.167338234547101 0.1673382345471006 -1.402401408283074 0.09541919680591368 -0.5759738056344191 -0.0427521112871441 0.1456291707005087 2792 1.995313086410814e-08
0.007791480029029695 1.167324545914565 0.1673245459145651 -1.402246599453084 0.09532310645602916 -0.5759634849381683 -0.04268344577226593 0.1456343313748699 2792 1.995397929392305e-08
0.007766480029029695 1.167310556393508 0.1673105563935082 -1.402089763773685 0.09522686414040427 -0.5759534326453075 -0.04261462853725406 0.1456395466602087 2792 1.9954829255794e-08
0.007741480029029694 1.167296264224531 0.167296264224531 -1.401930889976604 0.09513046861490186 -0.5759436505846574 -0.04254565890786106 0.1456448168641285 2792 1.995568185574015e-08
0.007716480029029693 1.167281667640655 0.1672816676406552 -1.401769966741309 0.09503391862382146 -0.5759341405967714 -0.04247653620475223 0.1456501422955696 2792 1.995653684093002e-08
0.007691480029029692 1.167266764867354 0.167266764867354 -1.401606982695153 0.09493721289977959 -0.5759249045340185 -0.04240725974345076 0.1456555232648055 2792 1.995739368148735e-08
0.007666480029029692 1.167251554122583 0.1672515541225834 -1.401441926413513 0.09484035016358947 -0.5759159442606689 -0.04233782883428153 0.1456609600834397 2792 1.995825268089706e-08
0.007641480029029691 1.167236033616814 0.1672360336168144 -1.401274786419951 0.09474332912413906 -0.5759072616529792 -0.04226824278231518 0.1456664530644023 2792 1.995911321776747e-08
0.00761648002902969 1.16722020155307 0.1672202015530697 -1.401105551186391 0.09464614847826773 -0.5758988585992776 -0.04219850088731016 0.1456720025219462 2792 1.995997668109997e-08
0.00759148002902969 1.167204056126961 0.167204056126961 -1.400934209133306 0.0945488069106418 -0.5758907370000498 -0.04212860244365462 0.1456776087716424 2792 1.996084154714646e-08
0.007566480029029689 1.167187595526729 0.1671875955267292 -1.400760748629918 0.09445130309362845 -0.575882898768027 -0.04205854674030781 0.145683272130376 2792 1.996170978072955e-08
0.007541480029029688 1.167170817933287 0.1671708179332874 -1.400585157994421 0.09435363568716845 -0.575875345828271 -0.04198833306073971 0.1456889929163413 2792 1.996257886100885e-08
0.007516480029029687 1.167153721520265 0.1671537215202652 -1.400407425494216 0.09425580333864747 -0.5758680801182627 -0.04191855648375108 0.1456947714490359 2792 1.996345096699237e-08
0.007491480029029687 1.167136304454058 0.1671363044540579 -1.400227539346159 0.09415780468276572 -0.5758611035879891 -0.04184909194290719 0.1457006080492562 2792 1.996432539437667e-08
0.007466480029029686 1.167118564893875 0.1671185648938753 -1.400045487716831 0.09405963834140676 -0.5758544182000321 -0.04177946548920042 0.1457065030390906 2792 1.996520133129906e-08
0.007441480029029685 1.167100500991797 0.1671005009917967 -1.399861258722832 0.09396130292350416 -0.5758480259296552 -0.04170967637170474 0.1457124567419133 2792 1.996608009604725e-08
0.007416480029029685 1.167082110892825 0.1670821108928253 -1.399674840431072 0.09386279702490735 -0.5758419287648938 -0.0416397238335885 0.1457184694823779 2792 1.996696085450249e-08
0.007391480029029684 1.167063392734949 0.1670633927349485 -1.399486220859111 0.09376411922824562 -0.5758361287066429 -0.04156960711204825 0.14572454158641 2792 1.99678439822203e-08
0.007366480029029683 1.1670443446492 0.1670443446492 -1.399295387975494 0.09366526810279083 -0.5758306277687463 -0.04149932543824093 0.1457306733811993 2792 1.996872901342076e-08
0.007341480029029682 1.167024964759724 0.1670249647597244 -1.399102329700115 0.09356624220431858 -0.5758254279780862 -0.04142887803721543 0.1457368651951922 2792 1.996961694456242e-08
0.007316480029029682 1.167005251183847 0.1670052511838467 -1.39890703390461 0.09346704007496807 -0.5758205313746722 -0.04135826412784308 0.1457431173580827 2792 1.997050766352645e-08
0.007291480029029681 1.166985202032144 0.1669852020321443 -1.398709488412757 0.09336766024310031 -0.5758159400117305 -0.04128748292274697 0.1457494302008036 2792 1.997139896820343e-08
0.00726648002902968 1.166964815408523 0.1669648154085226 -1.398509681000918 0.09326810122315464 -0.5758116559557939 -0.04121653362823038 0.145755804055517 2792 1.997229350158403e-08
0.007241480029029679 1.166944089410294 0.1669440894102936 -1.398307599398479 0.09316836151550432 -0.5758076812867912 -0.04114541544420403 0.1457622392556045 2792 1.997319077665992e-08
0.007216480029029679 1.16692302212826 0.1669230221282596 -1.398103231288342 0.09306843960630998 -0.5758040180981364 -0.04107412756411223 0.1457687361356561 2792 1.997409012957175e-08
0.007191480029029678 1.166901611646801 0.1669016116468007 -1.397896564307422 0.09296833396737203 -0.575800668496819 -0.04100266917485802 0.1457752950314596 2792 1.997499206816387e-08
0.007166480029029677 1.166879856043965 0.1668798560439646 -1.397687586047178 0.09286804305598113 -0.5757976346034923 -0.04093103945672706 0.1457819162799888 2792 1.997589639687645e-08
0.007141480029029677 1.166857753391563 0.1668577533915625 -1.397476284054177 0.09276756531476742 -0.5757949185525634 -0.04085923758331043 0.1457886002193909 2792 1.997680260774644e-08
0.007116480029029676 1.166835301755268 0.1668353017552684 -1.397262645830671 0.09266689917154811 -0.5757925224922821 -0.04078726272142618 0.145795347188974 2792 1.997771165486148e-08
0.007091480029029675 1.166812499194723 0.1668124991947233 -1.397046658835216 0.0925660430391735 -0.5757904485848295 -0.04071511403103976 0.1458021575291934 2792 1.997862246065089e-08
0.007066480029029674 1.166789343763643 0.1667893437636434 -1.396828310483318 0.09246499531537143 -0.5757886990064063 -0.04064279066518325 0.1458090315816373 2792 1.997953687680047e-08
0.007041480029029674 1.166765833509934 0.1667658335099342 -1.396607588148108 0.09236375438259009 -0.575787275947321 -0.04057029176987314 0.1458159696890119 2792 1.998045362970157e-08
0.007016480029029673 1.166741966475808 0.1667419664758079 -1.396384479161051 0.09226231860783961 -0.5757861816120777 -0.04049761648402706 0.1458229721951261 2792 1.998137153012746e-08
0.006991480029029672 1.166717740697907 0.1667177406979075 -1.396158970812688 0.09216068634253154 -0.5757854182194623 -0.04042476393937924 0.1458300394448748 2792 1.998229337732349e-08
0.006966480029029672 1.166693154207436 0.1666931542074361 -1.395931050353414 0.09205885592231713 -0.5757849880026296 -0.04035173326039441 0.1458371717842218 2792 1.998321701165263e-08
0.006941480029029671 1.16666820503029 0.1666682050302899 -1.395700704994286 0.09195682566692412 -0.5757848932091895 -0.04027852356418046 0.1458443695601822 2792 1.998414351914693e-08
0.00691648002902967 1.166642891187199 0.1666428911871993 -1.39546792190788 0.09185459387999154 -0.5757851361012906 -0.04020598393633997 0.1458516331208031 2792 1.998507244904845e-08
0.006891480029029669 1.166617210693874 0.1666172106938741 -1.395232688229178 0.0917521588489031 -0.5757857189557051 -0.04013350081020148 0.1458589628151447 2792 1.998600420265222e-08
0.006866480029029669 1.166591161561156 0.1665911615611559 -1.394994991056488 0.0916495188446194 -0.5757866440639124 -0.04006083401493295 0.1458663589932594 2792 1.99869378218949e-08
0.006841480029029668 1.166564741795177 0.1665647417951768 -1.394754817452428 0.0915466721215079 -0.5757879137321805 -0.039987982622923 0.1458738220061701 2792 1.998787389803659e-08
0.006816480029029667 1.166537949397523 0.166537949397523 -1.394512154444931 0.09144361691717165 -0.5757895302816463 -0.03991494569860785 0.1458813522058486 2792 1.998881296678356e-08
0.006791480029029667 1.166510782365407 0.1665107823654071 -1.394266989028301 0.09134035145227669 -0.5757914960483974 -0.03984172229837362 0.1458889499451918 2792 1.998975564270938e-08
0.006766480029029666 1.166483238691847 0.1664832386918473 -1.394019308164321 0.09123687393037734 -0.5757938133835482 -0.03976831147045694 0.1458966155779971 2792 1.999069928756298e-08
0.006741480029029665 1.166455316365853 0.1664553163658529 -1.393769098783403 0.0911331825377403 -0.5757964846533177 -0.03969471225484389 0.1459043494589375 2792 1.999164632640431e-08
0.006716480029029664 1.166427013372616 0.1664270133726162 -1.393516347785786 0.09102927544316726 -0.5757995122391052 -0.03962092368316757 0.1459121519435346 2792 1.999259560968106e-08
0.006691480029029664 1.166398327693717 0.1663983276937167 -1.393261042042794 0.09092515079781545 -0.5758028985375623 -0.03954694477860381 0.1459200233881312 2792 1.999354784290813e-08
0.006666480029029663 1.166369257307328 0.1663692573073277 -1.393003168398138 0.09082080673501745 -0.5758066459606656 -0.03947277455576506 0.1459279641498623 2792 1.999450296687372e-08
0.006641480029029662 1.166339800188435 0.1663398001884349 -1.392742713669274 0.09071624137009877 -0.5758107569357861 -0.03939841202059298 0.1459359745866249 2792 1.999546129795113e-08
0.006616480029029662 1.166309954309063 0.1663099543090631 -1.392479664648827 0.09061145280019423 -0.5758152339057558 -0.03932385617024863 0.1459440550570466 2792 1.999642109016266e-08
0.006591480029029661 1.166279717638511 0.1662797176385111 -1.392214008106061 0.09050643910406284 -0.5758200793289338 -0.03924910599300142 0.1459522059204531 2792 1.99973845026065e-08
0.00656648002902966 1.166249088143596 0.1662490881435961 -1.391945730788427 0.0904011983419012 -0.5758252956792669 -0.03917416046811593 0.1459604275368339 2792 1.999835010618911e-08
0.006541480029029659 1.166218063788908 0.1662180637889077 -1.391674819423155 0.09029572855515544 -0.5758308854463514 -0.03909901856573684 0.1459687202668065 2792 1.99993185268551e-08
0.006516480029029659 1.166186642537073 0.1661866425370728 -1.391401260718883 0.09019002776561329 -0.5758368511359195 -0.03902367924643631 0.145977084471596 2793 1.991370587432416e-08
0.006491480029029658 1.166154822349034 0.1661548223490341 -1.391125041367644 0.09008409397880485 -0.575843195267738 -0.03894814146277391 0.1459855205129209 2793 1.991392920082897e-08
0.006466480029029657 1.16612260118432 0.1661226011843195 -1.390846148046132 0.08997792517662695 -0.5758499203799692 -0.03887240415581786 0.1459940287530926 2793 1.991415102279389e-08
0.006441480029029657 1.166089977001362 0.1660899770013617 -1.390564567418165 0.08987151932433296 -0.5758570290249078 -0.03879646625838013 0.1460026095548449 2793 1.991437315629137e-08
0.006416480029029656 1.16605694775779 0.16605694775779 -1.390280286136333 0.08976487436674591 -0.5758645237711789 -0.03872032669321219 0.1460112632813491 2793 1.991459344611101e-08
0.006391480029029655 1.166023511410756 0.1660235114107558 -1.389993290844103 0.08965798822878078 -0.5758724072033459 -0.03864428224657371 0.1460199902961579 2793 1.991481405269122e-08
0.006366480029029654 1.165989665917263 0.1659896659172635 -1.389703568177938 0.0895508588152468 -0.5758806819219453 -0.03856884453920153 0.1460287909631585 2793 1.991503425906291e-08
0.006341480029029654 1.165955409234517 0.165955409234517 -1.389411104769509 0.08944348401064892 -0.5758893505435172 -0.03849319970007652 0.1460376656465229 2793 1.991525288738571e-08
0.006316480029029653 1.165920739320277 0.1659207393202773 -1.38911588724798 0.08933586167898752 -0.5758984157006311 -0.03841734659439913 0.1460466147106569 2793 1.991547245114505e-08
0.006291480029029652 1.165885654133235 0.165885654133235 -1.388817902242402 0.08922798966355805 -0.5759078800419056 -0.03834128407680559 0.1460556385201468 2793 1.991568951284909e-08
0.006266480029029652 1.165850151633398 0.1658501516333979 -1.388517136384195 0.08911986578674845 -0.575917746232024 -0.0382650109912271 0.1460647374397036 2793 1.991590752337829e-08
0.006241480029029651 1.165814229782492 0.1658142297824918 -1.388213576309727 0.08901148784983604 -0.5759280169517437 -0.03818852617074624 0.1460739118341055 2793 1.991612401049905e-08
0.00621648002902965 1.165777886544379 0.1657778865443791 -1.387907208663005 0.08890285363278398 -0.5759386948978984 -0.03811182843745049 0.1460831620681373 2793 1.991633993253179e-08
0.006191480029029649 1.16574111988549 0.1657411198854901 -1.387598020098459 0.08879396089403578 -0.5759497827833961 -0.03803491660228397 0.1460924885065285 2793 1.991655603412757e-08
0.006166480029029649 1.165703927775275 0.165703927775275 -1.38728599728385 0.08868480737031002 -0.5759612833372085 -0.03795778946489591 0.1461018915138874 2793 1.991677078572224e-08
0.006141480029029648 1.16566630818667 0.1656663081866698 -1.386971126903292 0.08857539077639355 -0.5759731993043538 -0.03788044581348659 0.1461113714546336 2793 1.991698444913367e-08
0.006116480029029647 1.165628259096582 0.1656282590965819 -1.386653395660381 0.08846570880493458 -0.5759855334458713 -0.03780288442465062 0.1461209286929274 2793 1.991719853745995e-08
0.006091480029029647 1.165589778486395 0.1655897784863949 -1.386332790281472 0.08835575912623488 -0.5759982885387896 -0.03772510406321743 0.1461305635925963 2793 1.991741146702455e-08
0.006066480029029646 1.16555086434249 0.1655508643424899 -1.386009297519055 0.08824553938804157 -0.5760114673760846 -0.03764710348208871 0.1461402765170586 2793 1.99176237448687e-08
0.006041480029029645 1.165511514656792 0.165511514656792 -1.385682904155302 0.08813504721533848 -0.5760250727666274 -0.03756888142207327 0.1461500678292436 2793 1.991783484839232e-08
0.006016480029029644 1.165471727427332 0.1654717274273316 -1.385353597005716 0.08802428021013738 -0.5760391075351277 -0.03749043661171814 0.1461599378915091 2793 1.991804673739174e-08
0.005991480029029644 1.165431500658832 0.1654315006588321 -1.385021362922951 0.08791323595126885 -0.5760535745220607 -0.03741176776713777 0.1461698870655553 2793 1.991825598552618e-08
0.005966480029029643 1.165390832363318 0.165390832363318 -1.384686188800778 0.08780191199417309 -0.5760684765835882 -0.03733287359183898 0.1461799157123346 2793 1.991846623303148e-08
0.005941480029029642 1.165349720560748 0.1653497205607479 -1.384348061578204 0.08769030587069106 -0.5760838165914656 -0.03725375277654325 0.1461900241919587 2793 1.99186756640149e-08
0.005916480029029642 1.16530816327967 0.1653081632796698 -1.384006968243748 0.08757841508885535 -0.5760995974329391 -0.03717440399900575 0.1462002128636016 2793 1.991888342071751e-08
0.005891480029029641 1.165266158557903 0.1652661585579034 -1.383662895839903 0.08746623713268188 -0.5761158220106298 -0.03709568776987143 0.1462104820853981 2793 1.991909152343278e-08
0.00586648002902964 1.165223704443248 0.1652237044432483 -1.383315831467764 0.08735376946196169 -0.5761324932424032 -0.03701700611371576 0.1462208322143386 2793 1.991929795985731e-08
0.005841480029029639 1.165180798994219 0.1651807989942193 -1.382965762291836 0.08724100951205357 -0.5761496140612274 -0.03693809002053507 0.1462312636061602 2793 1.991950389598907e-08
0.005816480029029639 1.165137440280811 0.165137440280811 -1.382612675545044 0.08712795469367758 -0.5761671874150147 -0.03685893809320851 0.146241776615232 2793 1.991970953019702e-08
0.005791480029029638 1.165093626385291 0.1650936263852913 -1.382256558533933 0.08701460239270928 -0.5761852162664484 -0.03677954892044986 0.1462523715944368 2793 1.991991424563395e-08
0.005766480029029637 1.165049355403025 0.1650493554030248 -1.381897398644078 0.08690094996997551 -0.5762037035927935 -0.03669992107660121 0.1462630488950475 2793 1.992011774710293e-08
0.005741480029029637 1.16500462544333 0.1650046254433302 -1.381535183345704 0.08678699476105123 -0.5762226523856914 -0.03662005312142312 0.1462738088665987 2793 1.992032184313955e-08
0.005716480029029636 1.16495943463037 0.16495943463037 -1.381169900199543 0.08667273407605808 -0.5762420656509334 -0.03653994359987996 0.1462846518567526 2793 1.992052405565019e-08
0.005691480029029635 1.164913781104075 0.1649137811040751 -1.380801536862908 0.08655816519946499 -0.5762619464082185 -0.03645959104192206 0.14629557821116 2793 1.992072575763349e-08
0.005666480029029634 1.164867663021105 0.1648676630211048 -1.380430081096017 0.08644328538989032 -0.5762822976908901 -0.03637899396226282 0.1463065882733149 2793 1.992092703936624e-08
0.005641480029029634 1.164821078555846 0.1648210785558457 -1.380055520768576 0.08632809187990707 -0.5763031225456503 -0.03629815086015203 0.1463176823844035 2793 1.992112721117066e-08
0.005616480029029633 1.164774025901448 0.1647740259014481 -1.37967784386661 0.08621258187584994 -0.5763244240322545 -0.03621706021914484 0.146328860883147 2793 1.992132589767588e-08
0.005591480029029632 1.164726503270905 0.1647265032709051 -1.379297038499583 0.08609675255762585 -0.5763462052231801 -0.03613572050686548 0.1463401241056379 2793 1.992152530095242e-08
0.005566480029029632 1.164678508898172 0.1646785088981719 -1.37891309290779 0.08598060107852731 -0.5763684692032729 -0.03605413017476734 0.146351472385169 2793 1.992172338007133e-08
0.005541480029029631 1.164630041039332 0.1646300410393315 -1.37852599547006 0.08586412456504937 -0.5763912190693655 -0.0359722876578876 0.1463629060520562 2793 1.992192031779174e-08
0.00551648002902963 1.164581097973805 0.1645810979738047 -1.37813573471176 0.08574732011671075 -0.5764144579298697 -0.03589019137459708 0.1463744254334529 2793 1.992211700860445e-08
0.005491480029029629 1.164531678005609 0.1645316780056085 -1.37774229931312 0.08563018480587849 -0.5764381889043403 -0.03580783972634548 0.1463860308531576 2793 1.992231245213792e-08
0.005466480029029629 1.164481779464665 0.1644817794646649 -1.3773456781179 0.08551271567759801 -0.5764624151230079 -0.03572527741754677 0.146397722631413 2793 1.992250707845256e-08
0.005441480029029628 1.164431400708162 0.164431400708162 -1.376945860142412 0.08539490974942754 -0.5764871397262796 -0.03564355837677372 0.1464095010846964 2793 1.992270139553412e-08
0.005416480029029627 1.164380540121968 0.1643805401219676 -1.376542834584893 0.08527676401127833 -0.576512365864208 -0.03556157638689591 0.1464213665255021 2793 1.992289417797582e-08
0.005391480029029627 1.164329196122103 0.1643291961221027 -1.376136590835277 0.08515827542526072 -0.576538096695922 -0.03547932975368105 0.1464333192621135 2793 1.992308677155043e-08
0.005366480029029626 1.164277367156269 0.1642773671562694 -1.375727118485347 0.08503944092553629 -0.5765643353890245 -0.03539681676430623 0.1464453595983672 2793 1.992327882770874e-08
0.005341480029029625 1.164225051705446 0.1642250517054458 -1.375314407339326 0.08492025741817751 -0.5765910851189459 -0.03531403568706436 0.1464574878334051 2793 1.992346931893096e-08
0.005316480029029624 1.16417224828554 0.1641722482855397 -1.374898447424873 0.0848007217810339 -0.5766183490682614 -0.03523098477106541 0.146469704261418 2793 1.992365829608414e-08
0.005291480029029624 1.164118955449113 0.1641189554491134 -1.374479229004554 0.08468083086360724 -0.5766461304259612 -0.03514766224593091 0.1464820091713766 2793 1.992384731312675e-08
0.005266480029029623 1.164065171787176 0.1640651717871757 -1.374056742587771 0.08456058148693436 -0.5766744323866783 -0.03506406632148273 0.1464944028467523 2793 1.992403563445181e-08
0.005241480029029622 1.164010895931049 0.1640108959310493 -1.373630978943195 0.08443997044348012 -0.5767032581498642 -0.03498019518742439 0.146506885565225 2793 1.992422238040597e-08
0.005216480029029621 1.163956126554312 0.1639561265543119 -1.373201929111699 0.08431899449703917 -0.5767326109189193 -0.0348960470130167 0.1465194575983797 2793 1.992440909254365e-08
0.005191480029029621 1.163900862374817 0.1639008623748175 -1.372769584419842 0.0841976503826497 -0.576762493900265 -0.03481161994674584 0.1465321192113883 2793 1.992459526900478e-08
0.00516648002902962 1.163845102156803 0.1638451021568028 -1.372333936493909 0.0840759348065173 -0.5767929103023632 -0.03472691211598484 0.1465448706626794 2793 1.992477819113881e-08
0.005141480029029619 1.163788844713076 0.1637888447130764 -1.371894977274531 0.08395384444595178 -0.5768238633346754 -0.03464192162664741 0.1465577122035925 2793 1.992496318253609e-08
0.005116480029029619 1.163732088907303 0.1637320889073026 -1.371452699031926 0.08383137594931681 -0.5768553562065595 -0.03455664656283481 0.146570644078018 2793 1.992514492693773e-08
0.005091480029029618 1.163674833656377 0.1636748336563767 -1.371007094381783 0.08370852593599326 -0.5768873921261025 -0.03447108498647484 0.1465836665220211 2793 1.992532670018687e-08
0.005066480029029617 1.163617077932902 0.1636170779329016 -1.370558156301799 0.08358529099635789 -0.5769199742988824 -0.03438523493695316 0.1465967797634496 2793 1.992550742115576e-08
0.005041480029029616 1.163558820767766 0.1635588207677658 -1.370105878148934 0.08346166769177739 -0.5769531059266597 -0.03430014869881542 0.1466099840215238 2793 1.992568707450854e-08
0.005016480029029616 1.163500061252831 0.1635000612528306 -1.369650253677386 0.08333765255461967 -0.5769867902059905 -0.03421488020845744 0.1466232795064095 2793 1.992586508382154e-08
0.004991480029029615 1.163440798543729 0.1634407985437294 -1.369191277057334 0.08321324208828322 -0.5770210303267614 -0.03412931421197182 0.1466366664187712 2793 1.992604374781309e-08
0.004966480029029614 1.163381031862789 0.1633810318627886 -1.368728942894493 0.08308843276724565 -0.5770558294706363 -0.03404344862373169 0.1466501449493055 2793 1.992622019372306e-08
0.004941480029029614 1.163320760502066 0.1633207605020661 -1.368263246250479 0.08296322103713263 -0.5770911908094182 -0.03395728133317608 0.1466637152782547 2793 1.992639632925953e-08
0.004916480029029613 1.163259983826524 0.1632599838265238 -1.367794182664083 0.0828376033148089 -0.5771271175033139 -0.03387081020438183 0.1466773775748975 2793 1.992657159704593e-08
0.004891480029029612 1.163198701277336 0.1631987012773359 -1.367321748173443 0.08271157598849244 -0.5771636126991001 -0.03378403307562552 0.1466911319970177 2793 1.992674417006817e-08
0.004866480029029611 1.163136912375335 0.163136912375335 -1.36684593933918 0.08258513541789324 -0.5772006795281862 -0.03369694775893631 0.1467049786903492 2793 1.992691778655588e-08
0.004841480029029611 1.16307461672461 0.1630746167246104 -1.366366753268549 0.08245827793437885 -0.5772383211045661 -0.03360955203963748 0.1467189177879945 2793 1.992708960458475e-08
0.00481648002902961 1.163011814016261 0.1630118140162611 -1.365884187640632 0.08233099984116753 -0.5772765405226543 -0.03352184367587867 0.1467329494098188 2793 1.992725961798341e-08
0.004791480029029609 1.162948504032309 0.1629485040323093 -1.365398240732645 0.08220329741355123 -0.5773153408549999 -0.03343382039815684 0.1467470736618154 2793 1.99274302261343e-08
0.004766480029029609 1.162884686649788 0.1628846866497884 -1.364908911447402 0.08207516689915048 -0.5773547251498719 -0.03334547990882612 0.1467612906354421 2793 1.992759831002015e-08
0.004741480029029608 1.162820361845006 0.1628203618450064 -1.364416199341981 0.0819466045182029 -0.5773946964287083 -0.03325681988159676 0.1467756004069279 2793 1.992776546441395e-08
0.004716480029029607 1.162755529697999 0.1627555296979992 -1.363920104657685 0.08181760646388732 -0.5774352576834222 -0.03316783796102193 0.1467900030365469 2793 1.992793142257807e-08
0.004691480029029606 1.162690190397178 0.1626901903971785 -1.363420628351315 0.08168816890268614 -0.5774764118735565 -0.0330787450374996 0.1468044985678596 2793 1.992809657250431e-08
0.004666480029029606 1.162624344244188 0.1626243442441877 -1.362917772127854 0.08155828797478799 -0.5775181619232802 -0.03299029694370093 0.1468190870269179 2793 1.992826068328367e-08
0.004641480029029605 1.162557991658973 0.1625579916589732 -1.362411538474617 0.08142795979453336 -0.5775605107182156 -0.03290151638310689 0.1468337684214342 2793 1.99284240597046e-08
0.004616480029029604 1.162491133185082 0.162491133185082 -1.361901930696945 0.08129718045090575 -0.5776034611020886 -0.0328124008411535 0.1468485427399108 2793 1.992858512457991e-08
0.004591480029029604 1.162423769495198 0.1624237694951984 -1.361388952955508 0.08116594600807149 -0.5776470158731927 -0.03272294777081602 0.1468634099507285 2793 1.992874623030641e-08
0.004566480029029603 1.162355901396931 0.1623559013969311 -1.360872610305325 0.08103425250597063 -0.5776911777806536 -0.03263315459200723 0.1468783700011927 2793 1.992890589062546e-08
0.004541480029029602 1.162287529838861 0.1622875298388613 -1.360352908736544 0.08090209596096276 -0.5777359495204877 -0.0325430186909608 0.1468934228165335 2793 1.992906420698636e-08
0.004516480029029601 1.162218655916869 0.1622186559168692 -1.359829855217123 0.08076947236653077 -0.5777813337314381 -0.03245253741960106 0.146908568298859 2793 1.992922130134702e-08
0.004491480029029601 1.162149280880746 0.1621492808807456 -1.359303457737449 0.08063637769404607 -0.5778273329905825 -0.03236170809489567 0.1469238063260576 2793 1.992937693953375e-08
0.0044664800290296 1.162079406141114 0.1620794061411142 -1.358773725357061 0.08050280789359943 -0.5778739498086893 -0.03227052799819374 0.1469391367506483 2793 1.992953128376825e-08
0.004441480029029599 1.162009033276669 0.1620090332766695 -1.358240668253529 0.08036875889490114 -0.577921186625321 -0.03217899437454701 0.1469545593985754 2793 1.992968555038841e-08
0.004416480029029599 1.161938164041752 0.1619381640417521 -1.35770429777362 0.08023422660825488 -0.5779690458036596 -0.03208710443201437 0.1469700740679438 2793 1.992983739745946e-08
0.004391480029029598 1.16186680037428 0.1618668003742796 -1.357164626486889 0.08009920692561019 -0.5780175296250449 -0.0319948553409491 0.1469856805276942 2793 1.992998848378949e-08
0.004366480029029597 1.161794944404048 0.1617949444040481 -1.356621668241784 0.07996369572169777 -0.5780666402832063 -0.0319022442332682 0.1470013785162123 2793 1.993013724539151e-08
0.004341480029029596 1.161722598461428 0.1617225984614279 -1.356075438224434 0.07982768885525342 -0.5781163798781705 -0.0318101330332278 0.1470171677398695 2793 1.993028611038244e-08
0.004316480029029596 1.161649765086468 0.1616497650864681 -1.355525953020233 0.07969118217033551 -0.5781667504098302 -0.03171798932303693 0.1470330478714921 2793 1.993043336549224e-08
0.004291480029029595 1.161576447038441 0.1615764470384409 -1.354973230678388 0.07955417149774238 -0.5782177537711477 -0.03162547102530929 0.1470490185487539 2793 1.993057997910439e-08
0.004266480029029594 1.161502647305838 0.1615026473058383 -1.354417290779575 0.07941665265653536 -0.5782693917409804 -0.03153257506521297 0.1470650793724887 2793 1.993072340668385e-08
0.004241480029029594 1.161428369116855 0.1614283691168554 -1.353858154506889 0.07927862145567444 -0.5783216659764977 -0.03143929832479748 0.147081229904918 2793 1.993086651639027e-08
0.004216480029029593 1.161353615950378 0.1613536159503783 -1.353295844720234 0.07914007369577328 -0.578374578005174 -0.03134563764212685 0.1470974696677892 2793 1.993100901106203e-08
0.004191480029029592 1.161278391547512 0.1612783915475118 -1.352730386034389 0.07900100517098112 -0.5784281292163252 -0.03125158981039071 0.1471137981404192 2793 1.993114892087079e-08
0.004166480029029591 1.161202699923668 0.1612026999236675 -1.352161804900886 0.07886141167099978 -0.578482320852169 -0.03115715157699099 0.1471302147576388 2793 1.993128829961048e-08
0.004141480029029591 1.161126545381252 0.1611265453812525 -1.351590129693979 0.07872128898324367 -0.5785371539983739 -0.0310623196426057 0.1471467189076311 2793 1.993142550095018e-08
0.00411648002902959 1.161049932522984 0.1610499325229842 -1.351015390800883 0.07858063289515296 -0.5785926295740733 -0.030967090660227 0.1471633099296585 2793 1.993156191577868e-08
0.004091480029029589 1.160972866265871 0.1609728662658707 -1.350437620716525 0.07843943919666764 -0.5786487483213084 -0.03087146123417452 0.1471799871116724 2793 1.993169659963293e-08
0.004066480029029589 1.160895351855892 0.1608953518558924 -1.349856854143098 0.07829770368287478 -0.5787055107938663 -0.03077542791908153 0.147196749687798 2793 1.993183110195366e-08
0.004041480029029588 1.160817394883423 0.1608173948834231 -1.349273128094626 0.07815542215683882 -0.5787629173454805 -0.03067945917117404 0.1472135968356869 2793 1.993196194134515e-08
0.004016480029029587 1.160739001299436 0.1607390012994361 -1.348686482006898 0.07801259043262665 -0.5788209681173481 -0.03058382532907371 0.1472305276737312 2793 1.993209361339693e-08
0.003991480029029586 1.160660177432537 0.1606601774325367 -1.348096957853006 0.07786920433853986 -0.5788796630249319 -0.03048777281260617 0.1472475412581289 2793 1.993222271137915e-08
0.003966480029029586 1.160580930006868 0.1605809300068681 -1.347504600264851 0.0777252597205679 -0.5789390017439963 -0.03039129791228612 0.147264636579794 2793 1.993235002389482e-08
0.003941480029029585 1.160501266160946 0.1605012661609464 -1.346909456660977 0.07758075244607621 -0.5789989836958299 -0.03029439686246803 0.1472818125610996 2793 1.993247656482823e-08
0.003916480029029584 1.160421193467473 0.1604211934674729 -1.346311577381039 0.07743567840774396 -0.579059608031613 -0.03019706584013145 0.1472990680524467 2793 1.993260151790675e-08
0.003891480029029584 1.160340719954183 0.1603407199541833 -1.345711015827366 0.0772900335277683 -0.5791208736158662 -0.03009930096363116 0.1473164018286465 2793 1.993272461699658e-08
0.003866480029029583 1.160259854125795 0.1602598541257949 -1.345107828613978 0.07714381376235203 -0.5791827790089311 -0.03000109829141311 0.1473338125851048 2793 1.993284592620455e-08
0.003841480029029582 1.160178604987119 0.1601786049871194 -1.344502075723551 0.0769970151064935 -0.5792453224484186 -0.02990245382069404 0.1473512989337979 2793 1.99329670708568e-08
0.003816480029029581 1.160096982067405 0.160096982067405 -1.343893820672756 0.07684963359909794 -0.579308501829561 -0.02980336348610385 0.1473688593990255 2793 1.993308515162236e-08
0.003791480029029581 1.160014995445988 0.1600149954459877 -1.34328313068651 0.07670166532843278 -0.5793723146843985 -0.02970382315828904 0.1473864924129283 2793 1.993320274340635e-08
0.00376648002902958 1.159932655779329 0.1599326557793295 -1.342670076881675 0.07655310643794766 -0.5794367581597265 -0.02960390978208391 0.1474041963107542 2793 1.993331876163434e-08
0.003741480029029579 1.159849974329526 0.1598499743295256 -1.342054734460759 0.07640395313248563 -0.5795018289937224 -0.02950469132673262 0.1474219693258597 2793 1.993343302557044e-08
0.003716480029029579 1.159766962994375 0.1597669629943748 -1.341437182916257 0.07625420168490982 -0.5795675234911715 -0.0294050054883393 0.1474398095844262 2793 1.993354513441218e-08
0.003691480029029578 1.159683634339106 0.1596836343391064 -1.340817506246289 0.0761038484431748 -0.5796338374971951 -0.02930484780074585 0.1474577150998776 2793 1.993365673366827e-08
0.003666480029029577 1.15960000162987 0.1596000016298702 -1.340195793182212 0.07595288983787161 -0.5797007663693892 -0.02920421372490715 0.1474756837669759 2793 1.993376623148309e-08
0.003641480029029576 1.159516078869098 0.1595160788690981 -1.339572137428995 0.0758013223902797 -0.579768304948266 -0.02910309864719868 0.1474937133555773 2793 1.993387422097746e-08
0.003616480029029576 1.159431880832855 0.1594318808328554 -1.33894663791913 0.07564914272095913 -0.5798364475258885 -0.02900149787767447 0.1475118015040251 2793 1.993398133577438e-08
0.003591480029029575 1.159347423110311 0.1593474231103111 -1.33831939908096 0.07549634755892118 -0.5799051878125773 -0.02889940664827309 0.1475299457121559 2793 1.993408629108497e-08
0.003566480029029574 1.159262722177008 0.1592627221770078 -1.337690531336392 0.07534293375519499 -0.5799745188793779 -0.02879682010799049 0.1475481433285873 2793 1.993419715451636e-08
0.003541480029029574 1.159177795314408 0.1591777953144085 -1.337060150555676 0.07518889827852272 -0.5800444332079264 -0.02869373333282625 0.1475663915638214 2793 1.993429974716347e-08
0.003516480029029573 1.159092660841116 0.1590926608411158 -1.33642837962674 0.07503423824812931 -0.5801149225213559 -0.02859014130615754 0.1475846874509167 2793 1.993440088807263e-08
0.003491480029029572 1.159007338040742 0.1590073380407417 -1.335795347966628 0.07487895093155388 -0.5801859778268286 -0.02848685224703961 0.1476030278570927 2793 1.993449916333962e-08
0.003466480029029571 1.158921847244234 0.1589218472442337 -1.335161192080789 0.07472303376081245 -0.5802575893495434 -0.02838347990811204 0.1476214094693435 2793 1.99345974972103e-08
0.003441480029029571 1.158836209885283 0.1588362098852829 -1.334526055939788 0.07456648434598642 -0.5803297464848185 -0.02827958155538414 0.1476398287845227 2793 1.993469297069639e-08
0.00341648002902957 1.158750448559033 0.1587504485590328 -1.333890091378469 0.07440930048974004 -0.5804024377471234 -0.0281751517373979 0.1476582820988198 2793 1.993478901800324e-08
0.003391480029029569 1.158664587084322 0.1586645870843217 -1.333253458519123 0.0742514802028343 -0.5804756507158398 -0.02807018490637386 0.1476767654965861 2793 1.993488120010188e-08
0.003366480029029568 1.158578650569695 0.1585786505696951 -1.332616326220255 0.07409302172070817 -0.5805493719775288 -0.02796467541581212 0.147695274838464 2793 1.993497423023739e-08
0.003341480029029568 1.15849266548345 0.1584926654834498 -1.331978872552735 0.07393392352120608 -0.5806235870644484 -0.02785861751801911 0.1477138057487721 2793 1.99350635023759e-08
0.003316480029029567 1.15840665972799 0.1584066597279901 -1.331341285305224 0.07377418434353564 -0.5806982803890615 -0.02775200536155716 0.1477323536020917 2793 1.993515359355489e-08
0.003291480029029566 1.158320662718796 0.1583206627187963 -1.330703762520884 0.07361380320854521 -0.5807734351742428 -0.02764483298861594 0.1477509135090002 2793 1.993524108305682e-08
0.003266480029029566 1.158234705468334 0.1582347054683335 -1.330066513067613 0.07345277944042168 -0.5808490333788721 -0.02753715590699024 0.1477694803008872 2793 1.993532729452498e-08
0.003241480029029565 1.158148820675249 0.158148820675249 -1.329429757244138 0.07329111268991279 -0.5809250556184811 -0.02743010593010429 0.1477880485137899 2793 1.993541195006276e-08
0.003216480029029564 1.158063042819242 0.158063042819242 -1.328793727424545 0.07312880295919034 -0.5810014810805874 -0.02732247141904217 0.1478066123711732 2793 1.993549510448489e-08
0.003191480029029563 1.157977408262013 0.1579774082620131 -1.328158668744016 0.0729658506284788 -0.5810782874343232 -0.02721424586373672 0.1478251657655793 2793 1.99355790088644e-08
0.003166480029029563 1.157891955354738 0.1578919553547382 -1.327524839828731 0.07280225648458408 -0.5811554507339353 -0.02710542263096244 0.1478437022390619 2793 1.993566021541629e-08
0.003141480029029562 1.15780672455255 0.1578067245525503 -1.326892513573221 0.07263802175147013 -0.5812329453156893 -0.02699599496109462 0.1478622149623128 2793 1.993574066695015e-08
0.003116480029029561 1.157721758536545 0.1577217585365449 -1.326261977968599 0.07247314812304169 -0.5813107436876874 -0.02688595596476678 0.1478806967123844 2793 1.993581954716847e-08
0.003091480029029561 1.157637102343877 0.1576371023438765 -1.325633536985523 0.07230763779830671 -0.5813888164120504 -0.02677529861942281 0.1478991398489004 2793 1.99358973107485e-08
0.00306648002902956 1.157552803506559 0.1575528035065592 -1.325007511515952 0.07214149351910691 -0.5814671319788789 -0.02666401576576145 0.1479175362886368 2793 1.993597404740241e-08
0.003041480029029559 1.157468912199631 0.1574689121996311 -1.324384240378158 0.07197471861062027 -0.5815456566713566 -0.02655232415766513 0.1479358774783502 2793 1.993605057277131e-08
0.003016480029029558 1.157385481399407 0.1573854813994069 -1.323764081389827 0.07180731702485917 -0.5816243544212997 -0.0264410390827486 0.1479541543657138 2793 1.993612496752914e-08
0.002991480029029558 1.157302567052605 0.1573025670526051 -1.323147412514491 0.07163929338740625 -0.5817031866543985 -0.02632909964001203 0.1479723573682124 2793 1.993619934240836e-08
0.002966480029029557 1.157220228257194 0.157220228257194 -1.322534633086966 0.07147065304765302 -0.581782112124333 -0.02621649796310294 0.1479904763398358 2793 1.993627446264828e-08
0.002941480029029556 1.157138527455896 0.1571385274558961 -1.321926165124029 0.07130140213283 -0.5818610867348639 -0.02610322602617895 0.1480085005353909 2793 1.993634669172401e-08
0.002916480029029556 1.157057530643352 0.1570575306433519 -1.32132245472703 0.07113154760614349 -0.5819400633489296 -0.02598927563951925 0.1480264185722425 2793 1.993641928314597e-08
0.002891480029029555 1.156977307588052 0.1569773075880523 -1.320723973583812 0.07096109732936379 -0.5820189915836826 -0.02587463844500237 0.1480442183892701 2793 1.993649199448775e-08
0.002866480029029554 1.156897932070237 0.1568979320702373 -1.320131220577909 0.07079006013024225 -0.5820978175903099 -0.02575930591144819 0.1480618872028132 2793 1.993656475409975e-08
0.002841480029029553 1.156819482137078 0.1568194821370783 -1.319544723513751 0.07061844587516836 -0.582176483817367 -0.02564326932982152 0.1480794114593521 2793 1.993663682422969e-08
0.002816480029029553 1.156742040376575 0.1567420403765754 -1.3189650409674 0.07044626554752097 -0.5822549287562439 -0.02552774445927862 0.1480967767846514 2793 1.993670877950604e-08
0.002791480029029552 1.156665694211741 0.1566656942117413 -1.318392764273178 0.07027353133220721 -0.5823330866672479 -0.02541154601548583 0.1481139679290654 2793 1.993678114097862e-08
0.002766480029029551 1.156590536216789 0.1565905362167894 -1.317828519657585 0.07010025670693507 -0.582410887284643 -0.02529460877689465 0.1481309687086753 2793 1.993685398364426e-08
0.002741480029029551 1.156516664457205 0.1565166644572054 -1.317272970532887 0.06992645654081542 -0.5824882554988312 -0.025176923116833 0.1481477619418998 2793 1.993692747239553e-08
0.00271648002902955 1.15644418285577 0.1564441828557699 -1.316726819964001 0.06975214720095141 -0.5825651110136822 -0.02505847920005366 0.1481643293811805 2793 1.993700120542422e-08
0.002691480029029549 1.156373201586793 0.1563732015867927 -1.316190813323559 0.06957734666773847 -0.5826413679768231 -0.02493926697689874 0.1481806516393105 2793 1.993707727414502e-08
0.002666480029029548 1.156303837501047 0.1563038375010468 -1.315665741151481 0.06940207465966987 -0.5827169345804858 -0.02481927617731718 0.1481967081099258 2793 1.993715414571297e-08
0.002641480029029548 1.156236214584138 0.1562362145841383 -1.315152442236996 0.06922635276852705 -0.5827917126302695 -0.02469891166098878 0.1482124768816363 2793 1.993723112237988e-08
0.002616480029029547 1.156170464451316 0.1561704644513155 -1.31465180694276 0.06905020460592323 -0.5828655970789116 -0.02457861463470717 0.148227934645216 2793 1.993731127583806e-08
0.002591480029029546 1.156106726882035 0.1561067268820346 -1.314164780792725 0.06887365596226974 -0.5829384755218627 -0.02445749840330288 0.1482430565932161 2793 1.993739283163137e-08
0.002566480029029546 1.156045150397932 0.1560451503979319 -1.313692368347536 0.06869673497934985 -0.5830102276511357 -0.02433555156100593 0.1482578163112968 2793 1.993747689907669e-08
0.002541480029029545 1.155985892888234 0.1559858928882341 -1.31323563739367 0.06851947233780883 -0.5830807246635308 -0.02421276244344575 0.1482721856605014 2793 1.993756312815522e-08
0.002516480029029544 1.155929122287052 0.1559291222870516 -1.312795723475135 0.06834190146101299 -0.5831498286189355 -0.02408911912065489 0.1482861346496149 2793 1.993765320465654e-08
0.002491480029029543 1.15587501730748 0.1558750173074799 -1.312373834799578 0.06816405873688583 -0.5832173917439408 -0.02396460938998816 0.148299631296657 2793 1.993774645349285e-08
0.002466480029029543 1.155823768237948 0.1558237682379475 -1.311971257553916 0.06798598375951068 -0.5832832556755075 -0.02383949244959246 0.1483126414784589 2793 1.993784356085435e-08
0.002441480029029542 1.15577557780684 0.1557755778068399 -1.311589361668266 0.06780771959248579 -0.5833472506388542 -0.02371449698064308 0.1483251287671595 2793 1.993794438729244e-08
0.002416480029029541 1.15573066212208 0.1557306621220795 -1.311229607071035 0.06762931305624269 -0.5834091945531025 -0.02358858714010662 0.1483370542523276 2793 1.993805129975631e-08
0.002391480029029541 1.155689251693082 0.1556892516930817 -1.310893550482643 0.06745081504179137 -0.5834688920575042 -0.02346174932075971 0.1483483763472759 2793 1.993816261104264e-08
0.00236648002902954 1.155651592543311 0.1556515925433111 -1.310582852800315 0.06727228085363779 -0.5835261334502887 -0.02333396959813964 0.1483590505779734 2793 1.993827906847209e-08
0.002341480029029539 1.155617947422606 0.1556179474226056 -1.310299287132189 0.06709377058494086 -0.5835806935312696 -0.02320523372322363 0.1483690293527802 2793 1.993840377424531e-08
0.002316480029029538 1.155588597129443 0.1555885971294426 -1.310044747545195 0.06691534952833411 -0.5836323303383577 -0.02307552711532173 0.1483782617110313 2793 1.993853438716314e-08
0.002291480029029538 1.1555638419545 0.1555638419544998 -1.309821258598301 0.06673708862624786 -0.5836807837670077 -0.02294555746607216 0.1483866930482677 2793 1.993867307047118e-08
0.002266480029029537 1.155544003258157 0.1555440032581574 -1.309630985740593 0.06655906496502531 -0.5837257740603559 -0.02281514167175848 0.1483942648156584 2793 1.99388212926848e-08
0.002241480029029536 1.155529425196043 0.1555294251960433 -1.309476246662447 0.0663813623176476 -0.5837670001564141 -0.02268369807535191 0.1484009141908746 2793 1.993897711132776e-08
0.002216480029029536 1.155520476608388 0.1555204766083875 -1.309359523697969 0.06620407174047513 -0.5838041378770636 -0.02255121038991127 0.1484065737173491 2793 1.993914416417302e-08
0.002191480029029535 1.155517553090787 0.1555175530907866 -1.309283477387839 0.06602729223007851 -0.5838368379418295 -0.02241766195511366 0.1484111709084989 2793 1.99393225468081e-08
0.002166480029029534 1.15552107926607 0.1555210792660702 -1.309250961323986 0.06585113144699356 -0.5838647237873872 -0.02228303573327806 0.148414627813076 2793 1.993951289666787e-08
0.002141480029029533 1.155531511279308 0.1555315112793081 -1.309265038411288 0.0656757065140962 -0.583887389171489 -0.02214772391889748 0.1484168605373521 2793 1.993971604904103e-08
0.002116480029029533 1.155549339540636 0.1555493395406355 -1.309328998696758 0.06550114489827165 -0.5839043955374487 -0.02201215962472201 0.1484177787193283 2793 1.993993471457665e-08
0.002091480029029532 1.155575091743544 0.1555750917435439 -1.309446378933725 0.06532758538516605 -0.5839152691124522 -0.02187545104643549 0.1484172849495737 2793 1.994016939372745e-08
0.002066480029029531 1.155609336189627 0.1556093361896274 -1.309620984067496 0.06515517915807305 -0.5839194977097353 -0.02173757921823683 0.1484152741326434 2793 1.99404198537279e-08
0.002041480029029531 1.155652685454536 0.1556526854545361 -1.309856910850037 0.064984090993449 -0.5839165272010405 -0.02159852478443777 0.1484116327822863 2793 1.994068962207727e-08
0.00201648002902953 1.155705800434089 0.155705800434089 -1.310158573814439 0.06481450058718433 -0.5839057576217046 -0.02145826800797657 0.1484062382428249 2793 1.994097955875566e-08
0.001991480029029529 1.155769394814239 0.1557693948142387 -1.31053073386568 0.06464660402762258 -0.5838865388661667 -0.02131733110196802 0.1483989578281577 2793 1.994129056997721e-08
0.001966480029029528 1.155844240013845 0.1558442400138447 -1.310978529772316 0.06448061543343024 -0.5838581659265983 -0.02117585927613767 0.1483896478687958 2793 1.994162589008188e-08
0.001941480029029528 1.155931170655111 0.1559311706551114 -1.311507512874539 0.06431676877682295 -0.5838198736216821 -0.02103310816387792 0.1483781526561802 2793 1.994198607420161e-08
0.001916480029029527 1.156031090623062 0.1560310906230618 -1.312123685357222 0.06415531991537109 -0.5837708307562834 -0.02088905613646019 0.1483643032722388 2793 1.994237334213521e-08
0.001891480029029526 1.156144979782651 0.1561449797826511 -1.312833542472309 0.06399654885868693 -0.5837101336458056 -0.02074368128068178 0.1483479162907117 2793 1.994279237107103e-08
0.001866480029029526 1.15627390143001 0.1562739014300103 -1.313644119132424 0.0638407622997605 -0.5836367989314283 -0.02059696144772201 0.1483287923352053 2793 1.994324249295033e-08
0.001841480029029525 1.156419010562927 0.1564190105629273 -1.314563041336651 0.0636882964446126 -0.5835497556041597 -0.02044989800585655 0.1483067144772283 2793 1.994372571332616e-08
0.001816480029029524 1.15658156306487 0.1565815630648704 -1.31559858292854 0.06353952017828095 -0.583447836146808 -0.02030163426272982 0.1482814464556261 2793 1.994424800431863e-08
0.001791480029029523 1.156762925906614 0.1567629259066141 -1.316759728224347 0.063394838609992 -0.5833297666936473 -0.02015193926136981 0.1482527306968832 2793 1.994481116473074e-08
0.001766480029029523 1.156964588556618 0.156964588556618 -1.318056241580064 0.06325469707228784 -0.5831941560242618 -0.02000078993173611 0.1482202860990701 2793 1.994538952180511e-08
0.001741480029029522 1.157188175270852 0.1571881752708517 -1.319498741572631 0.0631195854717731 -0.5830394837058835 -0.01984816341791021 0.1481838056412199 2793 1.994603504300202e-08
0.001716480029029521 1.157435459506746 0.1574354595067458 -1.321098787578728 0.06299004343405433 -0.5828640861934954 -0.01969458512759032 0.148142953580078 2793 1.994672993047274e-08
0.001691480029029521 1.157708379148657 0.1577083791486569 -1.322868969969592 0.06286666580955641 -0.5826661421423106 -0.0195401116668456 0.1480973624829048 2793 1.9947477950091e-08
0.00166648002902952 1.158009053761602 0.1580090537616021 -1.324823011407629 0.0627501089805152 -0.5824436557694257 -0.01938407247633839 0.148046629863395 2793 1.994828173567889e-08
0.001641480029029519 1.15833980359986 0.1583398035998604 -1.326975877015477 0.06264109790372628 -0.5821944385263663 -0.01925530912467039 0.1479903144712488 2793 1.994914541202791e-08
0.001616480029029518 1.158703170580067 0.1587031705800668 -1.329343894207649 0.06254043399639825 -0.5819160888832906 -0.01925768716375773 0.1479279321938771 2793 1.995007296746593e-08
0.001591480029029518 1.159101941342645 0.1591019413426453 -1.33194488229483 0.06244900395192592 -0.5816059701086154 -0.01925963173108107 0.1478589515449413 2793 1.995106683154095e-08
0.001566480029029517 1.159539172492915 0.1595391724929154 -1.334798291609984 0.06236778957218524 -0.5812611859603807 -0.01926105917983777 0.1477827887205504 2793 1.995213400882094e-08
0.001541480029029516 1.160018218058238 0.1600182180582383 -1.337925351370861 0.06229787869752601 -0.5808785542602513 -0.01926187279065204 0.1476988022144205 2793 1.995327636752326e-08
0.001516480029029516 1.1605427591108 0.1605427591108 -1.341349224721744 0.06224047730221077 -0.5804545784068357 -0.01926196093426859 0.1476062869999617 2793 1.995449910562549e-08
0.001491480029029515 1.161116835374477 0.161116835374477 -1.345095168306109 0.06219692279772263 -0.579985417014258 -0.01926119501253937 0.1475044683125588 2793 1.995580625456514e-08
0.001466480029029514 1.161744878442052 0.1617448784420523 -1.349190692205695 0.06216869854372681 -0.5794668520508762 -0.01925942716820394 0.1473924951025237 2793 1.995719918096044e-08
0.001441480029029513 1.162431745954261 0.162431745954261 -1.353665714008583 0.06215744949919766 -0.5788942561227302 -0.01925648776265996 0.1472694332825419 2793 1.995868366455334e-08
0.001416480029029513 1.163182755707421 0.1631827557074212 -1.358552697979553 0.06216499884453233 -0.5782625599233306 -0.01925218263483878 0.1471342589683068 2793 1.996025976916516e-08
0.001391480029029512 1.164003718128383 0.1640037181283829 -1.363886766617212 0.06219336525671456 -0.5775662213881125 -0.01924629017549619 0.1469858520139762 2793 1.996193008108103e-08
0.001366480029029511 1.164900964845638 0.1649009648456381 -1.369705767099582 0.06224478030793267 -0.5767991987856511 -0.01923855828231899 0.1468229902827384 2793 1.996369309497666e-08
0.00134148002902951 1.165881370152784 0.1658813701527837 -1.376050269068095 0.06232170516472044 -0.5759554736004739 -0.01922870130538542 0.1466443452752223 2793 1.996554798701732e-08
0.00131648002902951 1.166952360968698 0.1669523609686976 -1.382963462780064 0.06242684536918233 -0.5750314883305632 -0.0192163971532341 0.1464484799719934 2793 1.996748965666037e-08
0.001291480029029509 1.168121909428891 0.1681219094288908 -1.390490917948674 0.06256316196707394 -0.5740161005485935 -0.01920128481052717 0.1462338500348424 2793 1.996951309171189e-08
0.001266480029029508 1.169398500516052 0.1693985005160523 -1.398680154001576 0.06273387659802801 -0.5729012597378574 -0.01918296262140116 0.1459988098509857 2793 1.997160548384147e-08
0.001241480029029508 1.170791065252428 0.1707910652524285 -1.407579963009787 0.06294246738830037 -0.5716784973760867 -0.01916098781762332 0.1457416252758237 2793 1.99737512764701e-08
0.001216480029029507 1.172308868129713 0.1723088681297131 -1.417239418874715 0.0631926516204073 -0.5703390377511276 -0.01913487791262536 0.1454604952950554 2793 1.997595477431785e-08
0.001191480029029506 1.173961336310187 0.1739613363101871 -1.427706505078933 0.06348835038173599 -0.5688739652659162 -0.01910411471573644 0.1451535850561514 2793 1.997815863051646e-08
0.001166480029029505 1.175757817410004 0.1757578174100043 -1.439026297334037 0.06383362960497824 -0.5672744608672025 -0.01906815185241853 0.144819072865257 2793 1.998034106139328e-08
0.001141480029029505 1.177707255508904 0.1777072555089043 -1.45123866577047 0.0642326121063516 -0.5655321174234063 -0.01902642667274097 0.1444552132008861 2793 1.998246285687174e-08
0.001116480029029504 1.179817779462422 0.1798177794624216 -1.464375501823653 0.06468935585809867 -0.5636393394425269 -0.01897837734117944 0.1440604169321543 2793 1.998447361087173e-08
0.001091480029029503 1.18209620783077 0.1820962078307704 -1.478457551261662 0.06520769625106558 -0.5615898224809142 -0.01892346552908645 0.1436333479312465 2793 1.998631690391836e-08
0.001066480029029503 1.184547489449732 0.1845474894497321 -1.493491035373309 0.06579105435474847 -0.5593790932078364 -0.01886120447678159 0.1431730323894811 2793 1.998792549782518e-08
0.001041480029029502 1.187174117957041 0.1871741179570412 -1.509464362477513 0.06644221952484133 -0.5570050723277559 -0.01879119120466187 0.1426789733638535 2793 1.998922882293648e-08
0.001016480029029501 1.189975579367299 0.1899755793672995 -1.526345346572115 0.06716312252220402 -0.5544686024715981 -0.01871314042608044 0.1421512589987357 2793 1.999014711365504e-08
0.0009914800290295005 1.192947908608293 0.192947908608293 -1.544079420945681 0.067954623081407 -0.5517738671020556 -0.0186269164884371 0.141590649554204 2793 1.999060137162694e-08
0.0009664800290294998 1.196083436519943 0.1960834365199431 -1.562589317389258 0.06881634116656173 -0.5489286215230922 -0.01853255883021798 0.1409986272566163 2793 1.999051141811348e-08
0.000941480029029499 1.199370796549474 0.1993707965494742 -1.581776543575405 0.06974656123793391 -0.5459441696285949 -0.01843029642570222 0.1403773953725976 2793 1.998980460200173e-08
0.0009164800290294983 1.202795227902907 0.2027952279029066 -1.601524733953389 0.07074223187124488 -0.5428350522150394 -0.0183205477872374 0.1397298192612305 2794 1.998841185097374e-08
0.0008914800290294976 1.206339164176638 0.2063391641766379 -1.62170462344508 0.07179906934873044 -0.5396184595102214 -0.01820390524856077 0.1390593115156976 2794 1.998630476437353e-08
0.0008664800290294969 1.209983045523804 0.2099830455238039 -1.642180087083064 0.07291175640143918 -0.5363134301590117 -0.01808110497438864 0.1383696733058837 2794 1.998343317259978e-08
0.0008414800290294962 1.213706253638393 0.2137062536383934 -1.662814499921428 0.07407421108161334 -0.5329399361590287 -0.01795305225223499 0.1376649116466908 2795 1.997979470891503e-08
0.0008164800290294955 1.217488053379946 0.2174880533799461 -1.683476653670331 0.0752798904629312 -0.5295179674700345 -0.01782360045747253 0.1369490553587434 2795 1.997537377379595e-08
0.0007914800290294947 1.221308436058349 0.2213084360583486 -1.704045618069568 0.07652209207084144 -0.5260667181617817 -0.01769071772909713 0.1362259902970202 2795 1.997020343904258e-08
0.000766480029029494 1.225148790597026 0.2251487905970264 -1.724414190600593 0.0777942220419857 -0.52260773408001 -0.01755526329871183 0.1354993283051353 2795 1.996984167100476e-08
0.0007414800290294933 1.228992368064787 0.2289923680647865 -1.744490852859795 0.07909000983372882 -0.5191682685800908 -0.01741804347193121 0.1347723166486288 2797 1.995772739083631e-08
0.0007164800290294926 1.232824541344495 0.2328245413444947 -1.76420037567841 0.08040366127714252 -0.5157465871828468 -0.01727979140360229 0.1340477875651041 2797 1.995049559976976e-08
0.0006914800290294919 1.236632887369742 0.2366328873697416 -1.783483350964953 0.08172995173938243 -0.512354219612416 -0.01714115563412983 0.1333281425373775 2797 1.99426767421093e-08
0.0006664800290294912 1.240407132477538 0.2404071324775383 -1.802294975540918 0.08306426772601887 -0.5090006027932399 -0.01700605989149242 0.13261536332837 2798 1.993431685945497e-08
0.0006414800290294904 1.244139004041547 0.244139004041547 -1.820603394841524 0.08440260836017911 -0.5056932363533441 -0.01687171193767674 0.1319110413090435 2798 1.992546783422958e-08
0.0006164800290294897 1.247822026988517 0.2478220269885167 -1.838387858304733 0.08574155853014995 -0.5024378891989115 -0.01673833483955153 0.1312164175118922 2798 1.991618014960561e-08
0.000591480029029489 1.251451295871725 0.2514512958717248 -1.85563687018214 0.08707824416765209 -0.4992388274832265 -0.01660623639025639 0.1305324274024834 2799 1.990650252836505e-08
0.0005664800290294883 1.255023244581427 0.2550232445814269 -1.872346455185921 0.08841027804398477 -0.4960990427896169 -0.01647566115566977 0.1298597460499859 2799 1.989648236977123e-08
0.0005414800290294876 1.258535427989019 0.2585354279890191 -1.888518605446509 0.08973570223815178 -0.4930204669792522 -0.01634754982937345 0.1291988309056016 2799 1.988615804726745e-08
0.0005164800290294869 1.261986323687587 0.2619863236875872 -1.90415993679993 0.09105293145610339 -0.4900041661238498 -0.01622390328589556 0.1285499606006832 2800 1.987556771777671e-08
0.0004914800290294861 1.265375157518253 0.265375157518253 -1.919280556583013 0.09236069979069793 -0.487050510264151 -0.01610211644393713 0.1279132690524855 2800 1.986475056680268e-08
0.0004664800290294854 1.268701753579559 0.2687017535795591 -1.933893129692815 0.09365801232666325 -0.4841593185997459 -0.01598226087621891 0.1272887747507218 2800 1.989321279619943e-08
0.0004414800290294847 1.271966407598883 0.2719664075988835 -1.948012121759396 0.09494410217726502 -0.4813299814334418 -0.01586438255369533 0.1266764054528395 2800 1.99287834141395e-08
0.000416480029029484 1.275169781537449 0.2751697815374492 -1.961653195159747 0.09621839300026513 -0.4785615611244703 -0.01574850664097241 0.1260760187117125 2801 1.996409613483984e-08
0.0003914800290294833 1.278312816883802 0.2783128168838023 -1.974832733789786 0.09748046672124899 -0.4758528746671698 -0.01563480467009198 0.1254874187395679 2801 1.999916818392672e-08
0.0003664800290294826 1.281396664006605 0.281396664006605 -1.987567474210652 0.09873003601540818 -0.4732025605572573 -0.01552598111920233 0.1249103701270814 2802 1.980820371942825e-08
0.0003414800290294819 1.28442262507608 0.2844226250760804 -1.999874223429012 0.09996692102545518 -0.4706153104125774 -0.01541904804367754 0.1243446089083185 2802 1.981389941217651e-08
0.0003164800290294811 1.287392108314631 0.2873921083146307 -2.011769646467653 0.101191029788509 -0.4680899033878215 -0.01531398465431715 0.1237898514120463 2803 1.978485635221202e-08
0.0002914800290294804 1.290306591538504 0.2903065915385037 -2.023270109153644 0.1024023418278645 -0.4656177587349752 -0.01521076399096855 0.1232458012998943 2803 1.977308987147601e-08
0.0002664800290294797 1.293167593417167 0.2931675934171674 -2.034391565160268 0.1036008945005501 -0.4631972550909266 -0.01510935441427309 0.1227121551000381 2803 1.976128590377913e-08
0.000241480029029479 1.295976650887229 0.2959766508872292 -2.045149476944331 0.1047867716122436 -0.460826768862733 -0.01500972082235123 0.1221886065429862 2803 1.974945273883347e-08
0.0002164800290294783 1.298735301641645 0.2987353016416447 -2.055558763564221 0.1059600939911466 -0.4585046897335653 -0.01491191023030469 0.1216748499106992 2804 1.973759776042352e-08
0.0001914800290294776 1.301445070657147 0.3014450706571472 -2.065633768908213 0.1071210116746075 -0.4562294323795765 -0.01481835230303238 0.1211705826020096 2804 1.972572891535767e-08
0.0001664800290294768 1.30410745998854 0.3041074599885401 -2.075388245629452 0.1082696974617506 -0.4539994451399609 -0.01472636931395732 0.12067550706502 2804 1.974024577002153e-08
0.0001414800290294761 1.30672394115171 0.3067239411517102 -2.084835350833286 0.1094063415857993 -0.451813216289886 -0.01463592355217148 0.1201893322289211 2804 1.976954714479128e-08
0.0001164800290294754 1.309295949588017 0.3092959495880168 -2.09398765060099 0.1105311473354335 -0.4496692784005295 -0.01454697707253067 0.1197117745340829 2804 1.998989564668778e-08
9.148002902947469e-05 1.31182488076783 0.3118248807678299 -2.102857130930723 0.1116443274549091 -0.4475662112064282 -0.01445949200416867 0.1192425586465796 2805 1.982746296861658e-08
6.648002902947397e-05 1.314312087592301 0.3143120875923009 -2.111455213288475 0.1127461011929259 -0.4455026433025164 -0.01437343079229304 0.1187814179234401 2805 1.985610648428153e-08
4.148002902947326e-05 1.316758878813722 0.3167588788137221 -2.119792773324998 0.11383669189281 -0.443477252934142 -0.01428875638541825 0.1183280946829221 2805 1.988451591133573e-08
1.648002902947254e-05 1.319166518252337 0.3191665182523369 -2.127880161701626 0.1149163250260975 -0.4414887680878252 -0.01420543237890184 0.11788234032291 2805 1.991271925686335e-08
-8.519970970528173e-06 1.321536224629025 0.3215362246290245 -2.135727226152846 0.1159852265992351 -0.4395359660510018 -0.01412517696194349 0.1174439153223735 2806 1.994069683144222e-08
-3.351997097052889e-05 1.323869171872414 0.3238691718724145 -2.143343334183951 0.1170436218659379 -0.4376176725713664 -0.01404664055717697 0.1170125891532363 2806 1.996849713555653e-08
-5.851997097052961e-05 1.326166489782392 0.3261664897823917 -2.150737395890638 0.1180917342950021 -0.4357327607244009 -0.0139692871367569 0.1165881401254157 2806 1.999608306675869e-08
-8.351997097053032e-05 1.328429264964214 0.3284292649642138 -2.157917886599574 0.1191297847475999 -0.433880149566866 -0.013893086072129 0.1161703551815415 2807 1.959601073905102e-08
-0.000108519970970531 1.330658541956372 0.3306585419563721 -2.164892869031986 0.1201579908296695 -0.4320588026459287 -0.01381800757952055 0.1157590296561145 2807 1.958439234018168e-08
-0.0001335199709705318 1.332855324494548 0.3328553244945478 -2.171670014810345 0.1211765663884248 -0.4302677264153925 -0.01374402273353398 0.11535396701014 2807 1.990195266851985e-08
-0.0001585199709705325 1.335020576870993 0.3350205768709933 -2.178256625220139 0.1221857211275881 -0.4285059685945327 -0.01367110347149655 0.1149549785489897 2808 1.956127596277324e-08
-0.0001835199709705332 1.337155225348998 0.3371552253489976 -2.18465965110756 0.1231856603211507 -0.4267726165050535 -0.01359922259047739 0.114561883131174 2808 1.9564429934916e-08
-0.0002085199709705339 1.339260159604938 0.339260159604938 -2.190885711870275 0.1241765846079474 -0.4250667954096152 -0.01352835373859075 0.1141745068732291 2808 1.958836628737957e-08
-0.0002335199709705346 1.341336234180539 0.3413362341805395 -2.196941113550662 0.1251586898526656 -0.4233876668659551 -0.01345847140183585 0.1137926828539695 2808 1.961214760705739e-08
-0.0002585199709705353 1.343384269923512 0.3433842699235121 -2.202831865989111 0.1261321670613562 -0.4217344271151364 -0.01339122288240187 0.1134162508222223 2808 1.963577421992879e-08
-0.0002835199709705361 1.345405055407226 0.3454050554072261 -2.208563699073008 0.1270972023414004 -0.4201063055107065 -0.01332507541237288 0.1130450569097515 2808 1.999791768777442e-08
-0.0003085199709705368 1.347399348318836 0.3473993483188356 -2.214142078093702 0.128053976897621 -0.4185025629969548 -0.0132597963606738 0.1126789533513264 2809 1.9682585619009e-08
-0.0003335199709705375 1.349367876809915 0.3493678768099153 -2.219572218246342 0.1290026670576814 -0.4169261203004589 -0.01319536497629707 0.1123177982129951 2809 1.970577395366334e-08
-0.0003585199709705382 1.351311340802445 0.3513113408024449 -2.224859098289636 0.129943444320799 -0.415375728427641 -0.01313176117457916 0.1119614551298706 2809 1.972883364685438e-08
-0.0003835199709705389 1.353230413250764 0.3532304132507635 -2.23000747342871 0.1308764754253277 -0.4138475097844661 -0.01306896551700857 0.1116097930532325 2809 1.975173851210575e-08
-0.0004085199709705396 1.355125741353641 0.3551257413536408 -2.23502188743215 0.1318019224308818 -0.4123408432083817 -0.01300695919072047 0.1112626860080102 2809 1.977451720061533e-08
-0.0004335199709705403 1.356997947717752 0.3569979477177523 -2.239906684038036 0.1327199428118888 -0.4108551321119707 -0.0129457239878718 0.1109200128603353 2809 1.990401282401786e-08
-0.0004585199709705411 1.358847631471494 0.3588476314714937 -2.244666017681773 0.1336306895597604 -0.4093898033188965 -0.01288524228509058 0.1105816570953109 2810 1.981967581981413e-08
-0.0004835199709705418 1.360675369330077 0.3606753693300768 -2.249303863587872 0.1345343112914791 -0.4079443059552999 -0.01282549702313142 0.1102475066047643 2810 1.984206097642626e-08
-0.0005085199709705425 1.362481716611154 0.3624817166111536 -2.253824027252557 0.1354309523625068 -0.4065181103965 -0.01276647168687926 0.10991745348508 2810 1.986433398952785e-08
-0.0005335199709705432 1.364267208204669 0.3642672082046692 -2.258230153369855 0.136320752982837 -0.4051107072647698 -0.01270815028573477 0.1095913938443533 2810 1.988647639128207e-08
-0.0005585199709705439 1.366032359495715 0.3660323594957153 -2.262525734218477 0.1372038493345416 -0.4037216064786277 -0.01265189932863744 0.1092692276190619 2810 1.990849450837671e-08
-0.0005835199709705446 1.367777667243487 0.3677776672434871 -2.26671411755235 0.1380803736900085 -0.4023503363501059 -0.01259646342695979 0.1089508583996199 2810 1.993039916651662e-08
-0.0006085199709705454 1.369503610417438 0.3695036104174376 -2.270798514022332 0.1389504545299268 -0.4009964427283826 -0.01254165313886788 0.1086361932645672 2810 1.997887614030002e-08
-0.0006335199709705461 1.371210650992418 0.371210650992418 -2.274782004158772 0.139814216660361 -0.3996594881875803 -0.01248745539437558 0.1083251426230202 2811 1.997384142247822e-08
-0.0006585199709705468 1.372899234704831 0.3728992347048306 -2.278667544944425 0.1406717813284002 -0.3983390512563458 -0.01243385751775574 0.1080176200649624 2811 1.999540772689769e-08
-0.0006835199709705475 1.374569791770606 0.3745697917706063 -2.282457975997743 0.1415232663357872 -0.3970347256880098 -0.01238084721319491 0.1077135422191929 2812 1.944025787366664e-08
-0.0007085199709705482 1.37622273756856 0.3762227375685598 -2.286156025402438 0.1423687861505011 -0.3957461197676109 -0.0123284125509164 0.1074128286182252 2812 1.945954721269614e-08
-0.0007335199709705489 1.377858473288484 0.3778584732884838 -2.289764315191412 0.1432084520156127 -0.394472855655995 -0.01227654195382357 0.1071154015702325 2812 1.947872827033339e-08
-0.0007585199709705497 1.37947738654793 0.3794773865479304 -2.29328536652089 0.1440423720556254 -0.3932145687669842 -0.01222522418460867 0.1068211860372642 2812 1.9562560624286e-08
-0.0007835199709705504 1.381079851977644 0.3810798519776442 -2.296721604544429 0.1448706513798546 -0.3919709071773262 -0.01217444833335792 0.1065301095197179 2812 1.986577070682644e-08
-0.0008085199709705511 1.382666231778043 0.3826662317780427 -2.300075363010821 0.1456933921829016 -0.390741531066913 -0.01212420380562487 0.1062421019465897 2813 1.953571547976827e-08
-0.0008335199709705518 1.384236876248164 0.3842368762481636 -2.303348888602911 0.1465106938421479 -0.3895261121876841 -0.01207448031096276 0.1059570955712128 2813 1.955452983903199e-08
-0.0008585199709705525 1.385792124287996 0.3857921242879963 -2.306544345030497 0.1473226530121332 -0.3883243333601192 -0.01202526785191629 0.1056750248722941 2813 1.957326044296344e-08
-0.0008835199709705532 1.387332303876524 0.387332303876524 -2.309663816898457 0.1481293637160041 -0.387135887994941 -0.01197655671343683 0.1053958264597873 2813 1.959190093002325e-08
-0.000908519970970554 1.388857732525833 0.3888577325258333 -2.31270931335856 0.1489309174338557 -0.385960479639486 -0.01192860431834204 0.1051194389855204 2813 1.961045049336475e-08
-0.0009335199709705547 1.390368717710541 0.3903687177105413 -2.315682771546131 0.1497274031874986 -0.3847978215492627 -0.01188213769693396 0.1048458030587142 2813 1.962865589330791e-08
-0.0009585199709705554 1.391865557289165 0.3918655572891652 -2.318586059907836 0.1505189076253889 -0.383647636269068 -0.0118361210048126 0.1045748611631713 2813 1.964705640019602e-08
-0.0009835199709705561 1.393348539879143 0.3933485398791425 -2.321420981192602 0.15130551509838 -0.3825096552591024 -0.01179054618187237 0.1043065575835174 2813 1.986853229841334e-08
-0.001008519970970557 1.39481794524183 0.3948179452418303 -2.324189275452415 0.1520873077395282 -0.3813836185135784 -0.01174540538166013 0.1040408383296165 2814 1.968382236194993e-08
-0.001033519970970558 1.396274044623028 0.3962740446230277 -2.326892622726946 0.1528643655347234 -0.3802692742222792 -0.01170069096439314 0.1037776510696582 2814 1.97017516087909e-08
-0.001058519970970558 1.397717101112089 0.3977171011120892 -2.329532645795211 0.1536367663993331 -0.3791663784164419 -0.01165639548940256 0.10351694505975 2814 1.971982383198821e-08
-0.001083519970970559 1.3991473699413 0.3991473699413 -2.332110912528131 0.1544045862415062 -0.3780746946714503 -0.01161251170891736 0.1032586710851053 2814 1.973782081314892e-08
-0.00110851997097056 1.400565098802877 0.4005650988028775 -2.334628938308542 0.1551678990310071 -0.3769939937945357 -0.0115690325613163 0.1030027813979104 2814 1.97557356738981e-08
-0.00113351997097056 1.401970528138501 0.4019705281385011 -2.337088188251349 0.1559267768623843 -0.3759240535391867 -0.01152595116495438 0.1027492296605577 2814 1.977357987302474e-08
-0.001158519970970561 1.403363891417428 0.4033638914174276 -2.339490079322652 0.156681290016317 -0.3748646583312907 -0.01148326081218104 0.1024979708911433 2814 1.979134452804052e-08
-0.001183519970970562 1.40474541540173 0.4047454154017296 -2.341835982351482 0.1574315070186809 -0.3738155990082851 -0.01144095496359309 0.1022489614115078 2814 1.980903498202115e-08
-0.001208519970970563 1.406115320399333 0.4061153203993331 -2.344127223940393 0.1581774946974145 -0.3727766725706149 -0.01139902724251301 0.102002158797685 2814 1.99680049345478e-08
-0.001233519970970563 1.407473820506878 0.4074738205068784 -2.346365088288791 0.1589193182376317 -0.3717476819435579 -0.01135747142964767 0.1017575218323648 2815 1.984436408640085e-08
-0.001258519970970564 1.408821123833317 0.4088211238333175 -2.348550818878476 0.1596570412325145 -0.3707284357577073 -0.01131628145816427 0.1015150104611141 2815 1.986168651025278e-08
-0.001283519970970565 1.410157432733891 0.4101574327338915 -2.350685620194547 0.1603907257376854 -0.3697187481207854 -0.01127545140843794 0.1012745857466507 2815 1.987910339628979e-08
-0.001308519970970565 1.411482944006567 0.4114829440065668 -2.352770659206441 0.1611204323164334 -0.3687184384247991 -0.01123497550369052 0.1010362098303834 2815 1.989644660612983e-08
-0.001333519970970566 1.412797849099895 0.4127978490998947 -2.354807066893638 0.1618462200885651 -0.3677273311434524 -0.01119484810528449 0.1007998458917984 2815 1.99137210915864e-08
-0.001358519970970567 1.414102334303703 0.4141023343037027 -2.356795939652244 0.1625681467753351 -0.3667452556460596 -0.01115522526304655 0.1005654581111867 2815 1.993093053258204e-08
-0.001383519970970568 1.41539658093275 0.4153965809327504 -2.358738340642379 0.1632862687430578 -0.3657720460185926 -0.01111681430981829 0.1003330116337628 2815 1.994807742307153e-08
-0.001408519970970568 1.416680765502407 0.4166807655024067 -2.360635301072103 0.1640006410451124 -0.3648075408926871 -0.01107871925013987 0.1001024725353524 2815 1.996514888218631e-08
-0.001433519970970569 1.417955059896733 0.4179550598967328 -2.362487821421337 0.1647113174623962 -0.3638515832822105 -0.01104093531963089 0.09987380778957253 2815 1.998216637450632e-08
-0.00145851997097057 1.419219631530275 0.4192196315302754 -2.364296872614122 0.165418350542545 -0.3629040204261649 -0.01100345786103548 0.09964698523625318 2816 1.999922134468848e-08
-0.00148351997097057 1.420474643498431 0.4204746434984312 -2.366063397111589 0.1661217916364648 -0.3619647036425743 -0.01096628232112477 0.09942197355208203 2817 1.94184925675086e-08
-0.001508519970970571 1.421720254729713 0.4217202547297134 -2.367788310001239 0.1668216909358058 -0.3610334881811532 -0.01092940424751235 0.09919874222091564 2817 1.943358556092696e-08
-0.001533519970970572 1.422956620126688 0.4229566201266879 -2.369472500009113 0.1675180975077195 -0.3601102330868086 -0.01089281928570371 0.09897726150628915 2817 1.944871508917172e-08
-0.001558519970970573 1.4241838906973 0.4241838906972999 -2.371116830445888 0.1682110593273098 -0.3591948010723616 -0.01085652317634235 0.09875750242579819 2817 1.946379225119502e-08
-0.001583519970970573 1.425402213688153 0.4254022136881526 -2.372722140151811 0.168900623310965 -0.3582892032737675 -0.01082051175237506 0.09853943672512952 2817 1.947880498759414e-08
-0.001608519970970574 1.426611732708172 0.4266117327081715 -2.374289244376793 0.1695868353473446 -0.3573921565429214 -0.0107847809364182 0.09832303685395913 2817 1.949377473986937e-08
-0.001633519970970575 1.427812587848059 0.4278125878480592 -2.375818935626508 0.1702697403274881 -0.3565024944510541 -0.0107493267381969 0.09810827594267933 2817 1.950869733274417e-08
-0.001658519970970575 1.429004915794919 0.4290049157949185 -2.377311984471671 0.170949382173853 -0.355620094164701 -0.0107141452520741 0.09789512778007294 2817 1.961718884233222e-08
-0.001683519970970576 1.430188849942275 0.4301888499422752 -2.378769140322351 0.1716258038683258 -0.3547448359103191 -0.01067923265466558 0.09768356679188886 2817 1.984301590260999e-08
-0.001708519970970577 1.431364520496298 0.4313645204962981 -2.380191132172265 0.1722990474794142 -0.3538766028731547 -0.0106445852025234 0.09747356802016523 2818 1.955319364390795e-08
-0.001733519970970578 1.432532054574326 0.4325320545743261 -2.38157866929251 0.172969154187481 -0.3530152811033329 -0.01061019922998617 0.09726510710404387 2818 1.9567834211277e-08
-0.001758519970970578 1.433691576308202 0.4336915763082017 -2.382932441942946 0.1736361643116012 -0.352160759417918 -0.01057607114688629 0.09705816025968134 2818 1.958248582306429e-08
-0.001783519970970579 1.434843206932072 0.4348432069320722 -2.38425312199161 0.1743001173321665 -0.3513129293172066 -0.01054219743662298 0.09685270426315046 2818 1.959710489155484e-08
-0.00180851997097058 1.435987064875366 0.4359870648753659 -2.385541363554675 0.1749610519151886 -0.3504716848966281 -0.01050857465408593 0.09664871643236611 2818 1.961166599742941e-08
-0.00183351997097058 1.43712326584878 0.4371232658487798 -2.386797803591592 0.1756190059347795 -0.3496369227651664 -0.01047519942373449 0.09644617461036312 2818 1.962617721885626e-08
-0.001858519970970581 1.438251922927556 0.4382519229275559 -2.388023062478903 0.1762740164950309 -0.3488085419664519 -0.01044206843772685 0.09624505714910761 2818 1.964064323842186e-08
-0.001883519970970582 1.439373146631594 0.439373146631594 -2.389217744560702 0.1769261199511482 -0.3479864439029074 -0.0104091784541116 0.09604534289392594 2818 1.965505910063673e-08
-0.001908519970970583 1.440487045002556 0.4404870450025558 -2.390382438676891 0.1775753519298726 -0.3471705322628063 -0.0103765262950791 0.09584701116852253 2818 1.966943692247408e-08
-0.001933519970970583 1.441593723678079 0.4415937236780794 -2.391517718670243 0.1782217473492146 -0.3463607129501158 -0.01034484291779627 0.09565004176056158 2818 1.968376250176836e-08
-0.001958519970970584 1.442693285963247 0.4426932859632473 -2.392624143873305 0.1788653404375313 -0.3455568940169937 -0.0103134873615498 0.09545441490778613 2818 1.984835692259344e-08
-0.001983519970970585 1.443785832899795 0.4437858328997946 -2.393702259578035 0.1795061647520812 -0.3447589855984888 -0.01028234935740225 0.09526011128457963 2819 1.971232968578994e-08
-0.002008519970970585 1.444871463330527 0.4448714633305271 -2.394752597475241 0.1801442531962878 -0.3439668998516905 -0.01025142617146097 0.09506711198945322 2819 1.972647093568518e-08
-0.002033519970970586 1.445950273967007 0.4459502739670071 -2.395775676106159 0.1807796380381241 -0.3431805508921374 -0.01022071512093326 0.09487539853191909 2819 1.974061863179455e-08
-0.002058519970970587 1.447022359447366 0.4470223594473663 -2.396772001257824 0.1814123509256579 -0.3423998547391893 -0.01019021357294123 0.09468495282125949 2819 1.975471892734533e-08
-0.002083519970970588 1.448087812397584 0.4480878123975836 -2.397742066372133 0.1820424229037625 -0.3416247292584606 -0.01015991894324161 0.09449575715464252 2819 1.976878608948726e-08
-0.002108519970970588 1.44914672348838 0.4491467234883797 -2.398686352927831 0.1826698844296224 -0.3408550941083076 -0.01012982869503745 0.094307794206084 2819 1.978279644227831e-08
-0.002133519970970589 1.450199181490466 0.450199181490466 -2.399605330809941 0.1832947653878503 -0.3400908706879209 -0.01009994033781729 0.09412104701573219 2819 1.97967725977669e-08
-0.00215851997097059 1.451245273327851 0.4512452733278514 -2.4004994586653 0.1839170951051234 -0.3393319820872758 -0.01007025142622974 0.09393549897953055 2819 1.981070365706843e-08
-0.00218351997097059 1.452285084129291 0.4522850841292914 -2.401369184244812 0.1845369023643533 -0.3385783530388649 -0.01004075955899199 0.09375113383924318 2819 1.982460077474074e-08
-0.002208519970970591 1.453318697277955 0.4533186972779546 -2.40221494473302 0.1851542154184087 -0.3378299098711359 -0.01001553410601653 0.09356793567282763 2819 1.983844350458455e-08
-0.002233519970970592 1.454346194459378 0.4543461944593783 -2.403037167065522 0.1857690620034077 -0.3370865804635629 -0.01000850783570182 0.09338588888514077 2819 1.985225653522583e-08
-0.002258519970970593 1.455367655707787 0.4553676557077868 -2.403836268234786 0.1863814693515945 -0.3363482942032859 -0.01000157339479748 0.09320497819896413 2819 1.986933557793628e-08
-0.002283519970970593 1.456383159451079 0.4563831594510792 -2.404612655586067 0.1869914642038925 -0.3356149819430354 -0.009994729264139905 0.09302518864628921 2820 1.987978759117068e-08
-0.002308519970970594 1.457392782552849 0.4573927825528488 -2.405366727095335 0.1875990728216178 -0.3348865759617879 -0.009987973959204741 0.09284650556017469 2820 1.989344234804106e-08
-0.002333519970970595 1.458396600356597 0.4583966003565974 -2.406098871655395 0.1882043209989561 -0.3341630099235796 -0.009981336850978774 0.09266891456619146 2820 1.990709701249734e-08
-0.002358519970970595 1.459394686723704 0.459394686723704 -2.406809469327751 0.1888072340735713 -0.3334442188419404 -0.009974815085522651 0.09249240157506361 2820 1.992071159602491e-08
-0.002383519970970596 1.460387114073698 0.4603871140736977 -2.407498891603485 0.1894078369380013 -0.33273013904238 -0.009968377323944318 0.09231695277487582 2820 1.993427642676432e-08
-0.002408519970970597 1.461373953421787 0.4613739534217873 -2.408167501647843 0.1900061540502678 -0.3320207081273844 -0.009962022207072249 0.09214255462380838 2820 1.994780981253389e-08
-0.002433519970970598 1.462355274415406 0.4623552744154058 -2.408815654537448 0.1906022094442424 -0.3313158649423679 -0.009955748405714388 0.09196919384306525 2820 1.99613061037359e-08
-0.002458519970970598 1.463331145369565 0.4633311453695654 -2.409443697489281 0.191196026739703 -0.3306155495427527 -0.009949554619791121 0.09179685741003316 2820 1.997475960379502e-08
-0.002483519970970599 1.464301633301073 0.4643016333010728 -2.410051970081763 0.1917876291520907 -0.3299197031621321 -0.009943439577499699 0.09162553255166253 2820 1.998818287548869e-08
-0.0025085199709706 1.465266803961833 0.4652668039618328 -2.410640804469142 0.1923770395020398 -0.3292282681813112 -0.009937402034504496 0.09145520673802621 2821 1.938383331677399e-08
-0.0025335199709706 1.466226721870014 0.4662267218700145 -2.411210525583342 0.1929642802242797 -0.3285411880993003 -0.009931440773178209 0.09128586767629059 2821 1.952736182551987e-08
-0.002558519970970601 1.467181450342898 0.4671814503428984 -2.411761451341989 0.1935493733771374 -0.3278584075028963 -0.009925554601814428 0.09111750330436809 2821 1.970687516359984e-08
-0.002583519970970602 1.468131051525157 0.4681310515251571 -2.412293892832193 0.1941323406506243 -0.3271798720403492 -0.009919742353941184 0.09095010178544558 2821 1.988874587026598e-08
-0.002608519970970603 1.469075586419049 0.4690755864190486 -2.412808154501813 0.1947132033751937 -0.3265055283934083 -0.009914002887600026 0.09078365150215104 2822 1.943174931754966e-08
-0.002633519970970603 1.470015114911684 0.4700151149116836 -2.413304534334713 0.1952919825296026 -0.3258353242519997 -0.009908335084691362 0.09061814105128096 2822 1.944362021304918e-08
-0.002658519970970604 1.470949695803954 0.4709496958039536 -2.413783324032371 0.1958686987493589 -0.3251692082875041 -0.009902737850290194 0.09045355923821519 2822 1.94554885709261e-08
-0.002683519970970605 1.471879386835487 0.4718793868354867 -2.414244809174551 0.1964433723339316 -0.3245071301295788 -0.009897210112049089 0.09028989507209087 2822 1.946731658840803e-08
-0.002708519970970606 1.472804244711145 0.4728042447111449 -2.414689269385907 0.1970160232545025 -0.3238490403416775 -0.009891750819573561 0.09012713776068618 2822 1.947912372078418e-08
-0.002733519970970606 1.473724325125802 0.4737243251258023 -2.415116978492749 0.197586671161203 -0.3231948903981331 -0.009886358943837261 0.08996527670563428 2822 1.949090200192767e-08
-0.002758519970970607 1.47463968278853 0.4746396827885295 -2.415528204675482 0.1981553353901996 -0.3225446326618076 -0.009881033476613722 0.08980430149775299 2822 1.950264443910049e-08
-0.002783519970970608 1.475550371446055 0.4755503714460549 -2.415923210616171 0.1987220349705815 -0.3218982203624255 -0.009875773429926597 0.0896442019125151 2822 1.951434794656544e-08
-0.002808519970970608 1.476456443905526 0.4764564439055259 -2.416302253641403 0.1992867886310592 -0.321255607575565 -0.009870577835518176 0.08948496790565397 2822 1.952602801575349e-08
-0.002833519970970609 1.477357952056598 0.4773579520565985 -2.416665585860636 0.1998496148064784 -0.3206167492022806 -0.009865445744335026 0.08932658960889994 2822 1.953768215279602e-08
-0.00285851997097061 1.47825494689288 0.4782549468928803 -2.417013454300176 0.2004105316441581 -0.3199816009493364 -0.009860376226030473 0.08916905732584204 2822 1.954930043289557e-08
-0.002883519970970611 1.47914747853274 0.4791474785327396 -2.417346101032982 0.200969557010053 -0.3193501193100322 -0.009855368368483089 0.08901236152791256 2822 1.956089633753051e-08
-0.002908519970970611 1.480035596239517 0.4800355962395173 -2.417663763304422 0.2015267084947532 -0.3187222615455917 -0.009850421277330388 0.08885649285048734 2822 1.972315010239791e-08
-0.002933519970970612 1.480919348441153 0.4809193484411529 -2.417966673654145 0.2020820034193226 -0.3180979856671016 -0.009845534075517599 0.08870144208909993 2822 1.989215267135864e-08
-0.002958519970970613 1.481798782749344 0.4817987827493442 -2.418255060034673 0.2026354588410112 -0.3174772504178929 -0.009840705902858437 0.08854720019574625 2823 1.959551332492036e-08
-0.002983519970970613 1.48267394597756 0.4826739459775602 -2.418529145923543 0.2031870915586182 -0.3168600152569595 -0.009835935915621928 0.08839375827540941 2823 1.960696821283979e-08
-0.003008519970970614 1.483544884160047 0.4835448841600472 -2.418789150439085 0.2037369181182148 -0.3162462403415436 -0.009831223286101918 0.08824110758239782 2823 1.961841864683378e-08
-0.003033519970970615 1.484411642568297 0.4844116425682972 -2.419035288443344 0.2042849548180483 -0.3156358865119678 -0.00982656720223986 0.0880892395171671 2823 1.962984441393612e-08
-0.003058519970970616 1.48527426572855 0.4852742657285498 -2.419267770648895 0.2048312177138173 -0.3150289152755961 -0.009821966867229437 0.08793814562294777 2823 1.964122638507889e-08
-0.003083519970970616 1.486132797438208 0.4861327974382084 -2.419486803719677 0.2053757226236095 -0.3144252887917744 -0.009817421499145157 0.08778781758258107 2823 1.965259153887699e-08
-0.003108519970970617 1.486987280781903 0.4869872807819029 -2.419692590369301 0.2059184851327491 -0.313824969857104 -0.009812930330580243 0.087638247215423 2823 1.966393225174447e-08
-0.003133519970970618 1.487837758147105 0.4878377581471045 -2.419885329456445 0.2064595205985127 -0.3132279218911367 -0.009808492608295531 0.08748942647433593 2823 1.967523748058834e-08
-0.003158519970970618 1.488684271239319 0.4886842712393187 -2.420065216077444 0.2069988441547323 -0.3126341089224638 -0.009804107592878796 0.08734134744276129 2823 1.968651611444495e-08
-0.003183519970970619 1.489526861096855 0.4895268610968553 -2.420232441656174 0.207536470716273 -0.3120434955751973 -0.009799774558414366 0.08719400233187431 2823 1.969777761734451e-08
-0.00320851997097062 1.490365568105207 0.4903655681052075 -2.420387194031322 0.2080724149834056 -0.3114560470558191 -0.009795492792162486 0.08704738347781468 2823 1.970900465516208e-08
-0.003233519970970621 1.491200432011032 0.4912004320110321 -2.420529657541133 0.2086066914460612 -0.3108717291403988 -0.009791261594248174 0.08690148333899378 2823 1.97202098788736e-08
-0.003258519970970621 1.492031491935763 0.4920314919357633 -2.420660013105712 0.2091393143879841 -0.3102905081621564 -0.009787080277359262 0.08675629449347366 2823 1.973138472418944e-08
-0.003283519970970622 1.49285878638886 0.4928587863888605 -2.420778438306978 0.2096702978907811 -0.3097123509993634 -0.009782948166452995 0.08661180963641618 2823 1.974252629730621e-08
-0.003308519970970623 1.4936823532807 0.4936823532806998 -2.420885107466339 0.2101996558378658 -0.3091372250635754 -0.009778864598471477 0.08646802157760124 2823 1.986829824947303e-08
-0.003333519970970623 1.4945022299352 0.4945022299351995 -2.420980191720463 0.2107274019183351 -0.3085650982881185 -0.009774828922063767 0.08632492323899685 2824 1.976477153577983e-08
-0.003358519970970624 1.49531845310171 0.4953184531017103 -2.421063859093136 0.2112535496306071 -0.3079959391172327 -0.009770840497323735 0.08618250765246992 2824 1.977582103204776e-08
-0.003383519970970625 1.496131058967587 0.4961310589675867 -2.421136274569541 0.2117781122863155 -0.3074297164946453 -0.009766898695516325 0.08604076795736887 2824 1.978686964118734e-08
-0.003408519970970626 1.496940083169119 0.4969400831691186 -2.421197600162576 0.2123011030136548 -0.3068663998535839 -0.009763002898836743 0.08589969739841846 2824 1.979789599237638e-08
-0.003433519970970626 1.49774556080316 0.4977455608031598 -2.421247994981734 0.212822534760983 -0.3063059591062052 -0.00975915250015773 0.08575928932348351 2824 1.980888811924592e-08
-0.003458519970970627 1.498547526438068 0.4985475264380679 -2.421287615298324 0.2133424203002017 -0.3057483646336377 -0.009755346902791253 0.08561953718146453 2824 1.981986517719351e-08
-0.003483519970970628 1.499346014124429 0.4993460141244292 -2.421316614609202 0.2138607722300807 -0.3051935872762279 -0.009751585520255703 0.0854804345202347 2824 1.983081209644078e-08
-0.003508519970970628 1.50014105740551 0.5001410574055101 -2.421335143698749 0.2143776029794998 -0.3046415983240401 -0.009747867776049513 0.08534197498463013 2824 1.984172772349227e-08
-0.003533519970970629 1.500932689327443 0.5009326893274426 -2.421343350699179 0.2148929248106148 -0.3040923695076022 -0.009744193103430939 0.08520415231449111 2824 1.985263054552632e-08
-0.00355851997097063 1.501720942449159 0.5017209424491593 -2.421341381149202 0.2154067498219517 -0.303545872988885 -0.009740560945204035 0.0850669603427523 2824 1.986349980228265e-08
-0.003583519970970631 1.502505848852069 0.5025058488520691 -2.421329378051122 0.2159190899514223 -0.3030020813525187 -0.00973697075351025 0.08493039299358228 2824 1.98743619574913e-08
-0.003608519970970631 1.503287440149502 0.5032874401495024 -2.421307481926395 0.2164299569792757 -0.3024609675972253 -0.009733421989625806 0.08479444428056832 2824 1.988518493964945e-08
-0.003633519970970632 1.504065747495916 0.5040657474959158 -2.421275830869714 0.2169393625309768 -0.301922505127473 -0.009729914123764517 0.08465910830494718 2824 1.989598383131727e-08
-0.003658519970970633 1.504840801595871 0.5048408015958707 -2.421234560601663 0.2174473180800196 -0.3013866677453374 -0.009726446634885892 0.08452437925387966 2824 1.990676583292151e-08
-0.003683519970970633 1.505612632712792 0.5056126327127921 -2.421183804519968 0.2179538349506757 -0.3008534296425686 -0.009723019010508245 0.08439025139876773 2824 1.991751542165971e-08
-0.003708519970970634 1.506381270677515 0.5063812706775148 -2.421123693749422 0.2184589243206808 -0.3003227653928528 -0.009719630746526939 0.08425671909361244 2824 1.99282554785622e-08
-0.003733519970970635 1.507146744896618 0.5071467448966178 -2.421054357190494 0.2189625972238564 -0.2997946499442702 -0.00971628134703733 0.08412377677341303 2824 1.995456337377628e-08
-0.003758519970970636 1.507909084360605 0.5079090843606053 -2.420975921566857 0.2194648645526927 -0.2992690586118968 -0.009712970324161473 0.0839914189525955 2825 1.994965635898235e-08
-0.003783519970970636 1.508668317651631 0.5086683176516307 -2.420888511470596 0.2199657370607767 -0.298745967070811 -0.009709697197884268 0.08385964022352871 2825 1.996030397029436e-08
-0.003808519970970637 1.509424472951674 0.5094244729516741 -2.420792249408979 0.2204652253653959 -0.2982253513487232 -0.009706461495881898 0.08372843525495503 2825 1.997095187880146e-08
-0.003833519970970638 1.510177578049682 0.5101775780496816 -2.420687255846406 0.2209633399497816 -0.2977071878195094 -0.009703262753370504 0.08359779879061868 2825 1.998157615330718e-08
-0.003858519970970638 1.510927660349159 0.5109276603491595 -2.420573649247992 0.2214600911655251 -0.2971914531963614 -0.009700100512946876 0.08346772564780773 2825 1.999216919166944e-08
-0.003883519970970639 1.511674746875387 0.5116747468753866 -2.420451546121127 0.2219554892348695 -0.2966781245252809 -0.009696974324437384 0.08333821071596988 2826 1.948998533949081e-08
-0.00390851997097064 1.512418864282264 0.5124188642822636 -2.420321061055217 0.222449544252878 -0.2961671791788928 -0.009693883744753972 0.08320924895539793 2826 1.956422446043028e-08
-0.003933519970970641 1.513160038859568 0.5131600388595678 -2.420182306762789 0.2229422661897617 -0.2956585948499196 -0.009690828337743412 0.08308083539583694 2826 1.963861167381356e-08
-0.003958519970970641 1.513898296539296 0.513898296539296 -2.42003539411642 0.2234336648928868 -0.2951523495454507 -0.009687807674054312 0.08295296513526723 2826 1.971314576725823e-08
-0.003983519970970642 1.51463366290241 0.5146336629024104 -2.419880432187102 0.2239237500889365 -0.2946484215808722 -0.009684821330997007 0.08282563333860977 2826 1.978782940508568e-08
-0.004008519970970643 1.515366163185216 0.515366163185216 -2.419717528280718 0.2244125313859489 -0.2941469248672651 -0.009681868892411001 0.08269883523650313 2826 1.986266350428496e-08
-0.004033519970970643 1.516095822285622 0.5160958222856216 -2.419546787973766 0.2249000182753231 -0.293648910166098 -0.009678949948535251 0.0825725661241018 2826 1.99376464605829e-08
-0.004058519970970644 1.516822664769292 0.5168226647692924 -2.419368315148352 0.2253862201337931 -0.2931531375850059 -0.009676064095880692 0.08244682135989644 2827 1.995370385371382e-08
-0.004083519970970645 1.517546714875505 0.5175467148755051 -2.41918221202564 0.2258711462253032 -0.292659586758459 -0.009673210937109182 0.08232159636459045 2828 1.996642432860372e-08
-0.004108519970970646 1.518267996523187 0.5182679965231869 -2.418988579199844 0.2263548057029582 -0.2921682375993629 -0.00967039008090932 0.08219688661994239 2829 1.997581840738137e-08
-0.004133519970970646 1.5189865333165 0.5189865333164998 -2.418787515670044 0.2268372076108156 -0.291679070294081 -0.009667601141881282 0.08207268766769475 2830 1.998190510728244e-08
-0.004158519970970647 1.519702348550462 0.5197023485504619 -2.418579118871908 0.2273183608857011 -0.2911920652974339 -0.009664843740421297 0.08194899510849629 2831 1.998469792474209e-08
-0.004183519970970648 1.520415465216408 0.5204154652164077 -2.418363484708523 0.2277982743589699 -0.2907072033278417 -0.009662117502609799 0.08182580460085527 2832 1.998422254292492e-08
-0.004208519970970648 1.521125906007331 0.5211259060073308 -2.418140707580477 0.2282769567582353 -0.2902244653625742 -0.009659422060101995 0.08170311186011522 2834 1.998049952016268e-08
-0.004233519970970649 1.521833693323106 0.5218336933231063 -2.417910880415237 0.228754416709059 -0.2897438326331088 -0.009656757050021093 0.08158091265745399 2835 1.997356015613169e-08
-0.00425851997097065 1.522538849275598 0.522538849275598 -2.417674094695817 0.2292306627366063 -0.2892652866205931 -0.009654122114854216 0.08145920281890491 2836 1.996343098188708e-08
-0.004283519970970651 1.523241395693657 0.5232413956936575 -2.417430440488781 0.2297057032672695 -0.2887888090514064 -0.009651516902350553 0.08133797822439888 2837 1.995014634466273e-08
-0.004308519970970651 1.523941354128008 0.5239413541280085 -2.417180006471586 0.2301795466302543 -0.2883143818928232 -0.009648941065422134 0.08121723480682844 2838 1.993374417579614e-08
-0.004333519970970652 1.52463874585603 0.5246387458560302 -2.416922879959272 0.2306522010591372 -0.2878419873487695 -0.009646394262046627 0.08109696855113126 2839 1.991426078056934e-08
-0.004358519970970653 1.52533359188641 0.5253335918864097 -2.41665914693045 0.2311236746933796 -0.2873716078556947 -0.00964387615517316 0.08097717549339885 2839 1.99842261567232e-08
-0.004383519970970653 1.526025912963844 0.5260259129638438 -2.416388892053265 0.231593975579868 -0.28690322607841 -0.009641386412627484 0.08085785171997635 2840 1.996114117296909e-08
-0.004408519970970654 1.526715729573271 0.526715729573271 -2.416112198709291 0.232063111674284 -0.2864368249063255 -0.009638924707025934 0.08073899336665114 2841 1.993504297019236e-08
-0.004433519970970655 1.527403061944503 0.5274030619445031 -2.415829149018831 0.2325310908426316 -0.2859723874493593 -0.009636490715682636 0.08062059661776658 2842 1.990597638624103e-08
-0.004458519970970656 1.528087930056371 0.5280879300563706 -2.415539823864086 0.2329979208625868 -0.2855098970342605 -0.009634084120525851 0.08050265770542792 2842 1.99743325708138e-08
-0.004483519970970656 1.528770353641057 0.5287703536410566 -2.415244302912916 0.2334636094249255 -0.2850493372007781 -0.009631704608011028 0.08038517290867249 2843 1.994173396377273e-08
-0.004508519970970657 1.52945035218799 0.5294503521879899 -2.414942664640629 0.2339281641347907 -0.2845906916982086 -0.009629351869042393 0.0802681385527242 2844 1.990625222359358e-08
-0.004533519970970658 1.53012794494807 0.53012794494807 -2.414634986352959 0.2343915925130906 -0.2841339444816661 -0.009627025598888762 0.08015155100818487 2844 1.997348866042147e-08
-0.004558519970970659 1.530803150937603 0.5308031509376034 -2.414321344207714 0.2348539019977933 -0.2836790797086046 -0.009624725497104749 0.08003540669028118 2845 1.993453291676177e-08
-0.004583519970970659 1.531475988941977 0.5314759889419767 -2.414001813235213 0.2353150999451285 -0.283226081735562 -0.009622451267457132 0.07991970205816069 2846 1.989278949312976e-08
-0.00460851997097066 1.532146477519625 0.5321464775196247 -2.413676467359753 0.2357751936309044 -0.2827749351146632 -0.009620202617846125 0.0798044336141332 2846 1.995883592689723e-08
-0.004633519970970661 1.532814635005729 0.5328146350057288 -2.413345379419833 0.2362341902517296 -0.282325624590356 -0.009617979260231762 0.07968959790296304 2847 1.991368896254599e-08
-0.004658519970970661 1.533480479515648 0.5334804795156483 -2.413008621187189 0.2366920969261376 -0.2818781350963723 -0.009615780910565435 0.07957519151121195 2847 1.997917375769777e-08
-0.004683519970970662 1.534144028948763 0.5341440289487627 -2.412666263387304 0.2371489206958728 -0.2814324517523517 -0.009613607288714127 0.07946121106650471 2849 1.993065320894203e-08
-0.004708519970970663 1.534805300991648 0.5348053009916485 -2.412318375717144 0.2376046685269285 -0.2809885598610252 -0.009611458118397012 0.07934765323692063 2849 1.999556123762756e-08
-0.004733519970970664 1.535464313121786 0.5354643131217858 -2.411965026864862 0.2380593473107909 -0.2805464449049622 -0.009609333127112634 0.07923451473028534 2850 1.99437045124719e-08
-0.004758519970970664 1.536121082610627 0.5361210826106271 -2.411606284526832 0.2385129638654451 -0.2801060925438532 -0.009607232046077876 0.07912179229358321 2851 1.988927061356407e-08
-0.004783519970970665 1.53677562652705 0.5367756265270502 -2.411242215426095 0.2389655249365318 -0.2796674886114751 -0.009605154610160165 0.07900948271229725 2851 1.995286391755081e-08
-0.004808519970970666 1.537427961740565 0.5374279617405646 -2.410872885329676 0.239417037198415 -0.2792306191128694 -0.009603100557814451 0.07889758280979621 2852 1.989519018321144e-08
-0.004833519970970666 1.538078104924287 0.5380781049242866 -2.4104983590649 0.2398675072551651 -0.2787954702217146 -0.009601069631024211 0.078786089446765 2852 1.995815789948613e-08
-0.004858519970970667 1.538726072558273 0.5387260725582728 -2.410118700536975 0.2403169416416829 -0.2783620282774047 -0.00959906157523675 0.07867499952056832 2853 1.98972885264055e-08
-0.004883519970970668 1.539371880932279 0.5393718809322789 -2.409733972744215 0.240765346824609 -0.2779302797826105 -0.009597076139308471 0.07856430996472227 2853 1.995961796617517e-08
-0.004908519970970669 1.540015546148978 0.5400155461489784 -2.409344237794947 0.2412127292034117 -0.2775002114004619 -0.009595113075442358 0.07845401774828004 2854 1.989560393290155e-08
-0.004933519970970669 1.540657084126616 0.5406570841266161 -2.408949556922094 0.2416590951112638 -0.2770718099522035 -0.009593172139135841 0.07834411987532378 2854 1.995727876128598e-08
-0.00495851997097067 1.5412965106021 0.5412965106021004 -2.408549990499372 0.2421044508160906 -0.2766450624144894 -0.009591253089120658 0.07823461338437447 2855 1.989017332009548e-08
-0.004983519970970671 1.541933841133555 0.5419338411335548 -2.408145598055267 0.2425488025214139 -0.2762199559171315 -0.009589355687312878 0.07812549534790363 2855 1.995118075569672e-08
-0.005008519970970671 1.542569091103292 0.5425690911032923 -2.407736438288556 0.2429921563673628 -0.2757964777404985 -0.009587479698755459 0.07801676287176551 2856 1.988103819373247e-08
-0.005033519970970672 1.54320227572027 0.5432022757202699 -2.407322569081706 0.2434345184314873 -0.2753746153133522 -0.009585624891570003 0.07790841309472774 2856 1.994136323344016e-08
-0.005058519970970673 1.543833410022947 0.5438334100229469 -2.406904047515752 0.2438758947297318 -0.2749543562103492 -0.009583791036901858 0.07780044318792552 2857 1.986824144539039e-08
-0.005083519970970674 1.544462508881649 0.5444625088816488 -2.406480929883148 0.2443162912172201 -0.2745356881499589 -0.00958197790887385 0.07769285035440979 2857 1.992787618245181e-08
-0.005108519970970674 1.545089587001303 0.5450895870013035 -2.406053271701983 0.2447557137891889 -0.274118598992073 -0.009580185284533698 0.07758563182862485 2857 1.998760642417337e-08
-0.005133519970970675 1.545714658923794 0.545714658923794 -2.405621127728609 0.245194168281775 -0.2737030767359392 -0.009578412943808385 0.07747878487595891 2858 1.99107695733542e-08
-0.005158519970970676 1.5463377390304 0.5463377390304003 -2.405184551970532 0.2456316604728416 -0.2732891095180209 -0.00957666066945698 0.0773723067922775 2858 1.996979106955304e-08
-0.005183519970970676 1.546958841544317 0.5469588415443172 -2.404743597699516 0.2460681960828351 -0.2728766856097993 -0.009574928247022392 0.07726619490344323 2859 1.992858096769926e-08
-0.005208519970970677 1.547577980532828 0.547577980532828 -2.404298317463266 0.2465037807755138 -0.2724657934158613 -0.009573215464789208 0.07716044656490009 2860 1.994839679152314e-08
-0.005233519970970678 1.548195169909747 0.5481951699097467 -2.403848763098064 0.2469384201587823 -0.2720564214717708 -0.009571522113737014 0.07705505916120772 2861 1.986590740761917e-08
-0.005258519970970679 1.548810423437605 0.5488104234376046 -2.403394985740352 0.2473721197854296 -0.2716485584421509 -0.009569847987498341 0.07695003010562362 2861 1.992348361087133e-08
-0.005283519970970679 1.54942375472993 0.5494237547299299 -2.402937035838581 0.2478048851539075 -0.2712421931186937 -0.009568192882315038 0.07684535683966816 2861 1.998114686615435e-08
-0.00530851997097068 1.550035177253366 0.5500351772533665 -2.402474963164383 0.248236721709047 -0.2708373144183069 -0.009566556596997618 0.07674103683272017 2862 1.989510737557687e-08
-0.005333519970970681 1.550644704329806 0.5506447043298057 -2.4020088168237 0.2486676348427845 -0.2704339113812488 -0.009564938932884586 0.07663706758160982 2862 1.995203140635629e-08
-0.005358519970970681 1.551252349138595 0.5512523491385948 -2.401538645268144 0.2490976298949197 -0.2700319731692066 -0.009563339693800323 0.0765334466101978 2863 1.989171458387738e-08
-0.005383519970970682 1.551858124718432 0.551858124718432 -2.401064496305104 0.2495267121537532 -0.2696314890636312 -0.009561758686018823 0.07643017146901269 2863 1.99195077808194e-08
-0.005408519970970683 1.552462043969556 0.552462043969556 -2.400586417108868 0.2499548868568431 -0.2692324484638368 -0.00956019571822221 0.0763272397348343 2863 1.997576719326471e-08
-0.005433519970970684 1.553064119655622 0.5530641196556221 -2.400104454230525 0.2503821591916405 -0.268834840885357 -0.009558650601464861 0.07622464901033492 2864 1.991712389891331e-08
-0.005458519970970684 1.553664364405659 0.5536643644056591 -2.399618653608079 0.2508085342961592 -0.2684386559582386 -0.009557123149136421 0.07612239692370629 2864 1.993914683691975e-08
-0.005483519970970685 1.554262790716073 0.5542627907160731 -2.399129060576695 0.2512340172596664 -0.2680438834252983 -0.009555613176923689 0.07602048112827743 2864 1.999472560465525e-08
-0.005508519970970686 1.554859410952439 0.5548594109524392 -2.398635719878072 0.2516586131232921 -0.267650513140558 -0.009554120502776733 0.07591889930217288 2865 1.994240763245121e-08
-0.005533519970970686 1.555454237351352 0.555454237351352 -2.398138675669975 0.252082326880665 -0.2672585350676306 -0.009552644946873825 0.07581764914795938 2865 1.995406147028212e-08
-0.005558519970970687 1.556047282022337 0.5560472820223372 -2.397637971535926 0.2525051634785727 -0.2668679392780615 -0.00955118633158546 0.07571672839228216 2866 1.995918438738163e-08
-0.005583519970970688 1.55663855694949 0.5566385569494905 -2.397133650493845 0.2529271278175191 -0.2664787159498934 -0.00954974448144328 0.0756161347855514 2866 1.996755260752066e-08
-0.005608519970970689 1.557228073993372 0.5572280739933717 -2.396625755005545 0.2533482247523831 -0.2660908553660246 -0.009548319223104522 0.07551586610158185 2866 1.997590609636061e-08
-0.005633519970970689 1.557815844892631 0.5578158448926307 -2.396114326985206 0.2537684590929731 -0.2657043479127907 -0.009546910385321294 0.07541592013728254 2867 1.998424509589839e-08
-0.00565851997097069 1.558401881265703 0.5584018812657026 -2.395599407808024 0.2541878356046125 -0.2653191840784893 -0.00954551779890872 0.07531629471233353 2867 1.999258129583284e-08
-0.005683519970970691 1.558986194612554 0.5589861946125545 -2.395081038319005 0.2546063590087473 -0.264935354451865 -0.009544141296712305 0.07521698766885289 2868 1.996990019651798e-08
-0.005708519970970691 1.559568796316196 0.5595687963161962 -2.394559258840858 0.25502403398346 -0.2645528497207928 -0.009542780713579373 0.07511799687110955 2869 1.986565492409701e-08
-0.005733519970970692 1.560149697644372 0.5601496976443721 -2.394034109182443 0.2554408651640611 -0.2641716606708087 -0.009541435886327521 0.07501932020519947 2869 1.991825713330575e-08
-0.005758519970970693 1.560728909751127 0.5607289097511268 -2.393505628646766 0.2558568571436295 -0.2637917781837514 -0.009540106653715385 0.07492095557874827 2869 1.997093282508131e-08
-0.005783519970970694 1.561306443678321 0.5613064436783208 -2.392973856038704 0.2562720144735354 -0.2634131932364444 -0.009538792856414137 0.0748229009206221 2871 1.986363351905434e-08
-0.005808519970970694 1.561882310357149 0.5618823103571486 -2.3924388296727 0.2566863416639675 -0.2630358968993776 -0.009537494336979306 0.07472515418063828 2871 1.991550871570849e-08
-0.005833519970970695 1.562456520609705 0.5624565206097047 -2.391900587380579 0.2570998431844794 -0.2626598803353516 -0.00953621093982155 0.07462771332926721 2871 1.996745481882431e-08
-0.005858519970970696 1.563029085150383 0.5630290851503832 -2.391359166518721 0.2575125234644716 -0.2622851347982613 -0.009534942511180625 0.07453057635736555 2872 1.985718340234994e-08
-0.005883519970970696 1.563600014587327 0.563600014587327 -2.390814603975354 0.2579243868936969 -0.2619116516318369 -0.009533688899098305 0.07443374127589993 2872 1.99083237730483e-08
-0.005908519970970697 1.564169319423917 0.564169319423917 -2.390266936177948 0.2583354378227812 -0.261539422268359 -0.009532449953390974 0.07433720611566381 2872 1.995952800269649e-08
-0.005933519970970698 1.5647370100601 0.5647370100600997 -2.389716199100001 0.2587456805636821 -0.261168438227503 -0.009531225525624793 0.07424096892702421 2873 1.984637564112702e-08
-0.005958519970970699 1.565303096793767 0.5653030967937671 -2.38916242826793 0.2591551193901712 -0.2607986911151439 -0.009530015469090124 0.07414502777965892 2873 1.989676849992245e-08
-0.005983519970970699 1.565867589822169 0.5658675898221686 -2.388605658768073 0.2595637585383286 -0.2604301726221375 -0.009528819638775578 0.07404938076228798 2873 1.994722632927475e-08
-0.0060085199709707 1.566430499243171 0.5664304992431712 -2.388045925253079 0.2599716022069817 -0.2600628745232251 -0.009527637891344564 0.07395402598243322 2873 1.999775260155032e-08
-0.0065085199709707 1.577370853822488 0.5773708538224875 -2.376278599692244 0.2679675797920659 -0.2529612253772738 -0.009506753464910915 0.07210554224516356 2880 1.992387359533692e-08
-0.007008519970970701 1.587753261650038 0.5877532616500376 -2.363576733836945 0.2756771124607249 -0.246286490346355 -0.009490453581703005 0.07036344444528374 2885 1.988426347971437e-08
-0.007508519970970701 1.597638354095176 0.5976383540951762 -2.350132275519363 0.2831261294316265 -0.2399897866607807 -0.009477924336009436 0.06871970875804606 2890 1.992293168626401e-08
-0.008008519970970702 1.607077202988421 0.6070772029884208 -2.336098525109917 0.290336852386637 -0.2340301974062293 -0.009468505104103183 0.06715690093380357 2895 1.998248607477534e-08
-0.008508519970970702 1.616113253590947 0.616113253590947 -2.321599087312246 0.2973284987026666 -0.2283731232781004 -0.009462667955941398 0.06566704001936169 2899 1.994344267496495e-08
-0.009008519970970703 1.624783788841494 0.6247837888414944 -2.306734451451913 0.3041178220299483 -0.2229908620077427 -0.009459082740287084 0.06424328604380954 2903 1.995343376600562e-08
-0.009508519970970703 1.633121055647166 0.6331210556471658 -2.291586905040543 0.3107195339059814 -0.2178640367951584 -0.009457353602123322 0.06287973036491015 2907 1.990331051598025e-08
-0.0100085199709707 1.641153143165673 0.6411531431656734 -2.276224254571592 0.3171466368887095 -0.2129618740443343 -0.00945716099700126 0.06157123236247036 2910 1.979836960811915e-08
-0.0105085199709707 1.648904676183952 0.6489046761839523 -2.260702678789272 0.3234106908818418 -0.2082652809348788 -0.009458235366371574 0.06031329064979071 2913 1.987835082635629e-08
-0.0110085199709707 1.656397368659399 0.6563973686593991 -2.245068941711159 0.3295220283243905 -0.2037574991887457 -0.009460348227844632 0.05910194036401553 2915 1.993807901644619e-08
-0.0115085199709707 1.663650470128644 0.6636504701286436 -2.229362126855657 0.3354899297525221 -0.1994237383696221 -0.009463765378697031 0.05793367041684672 2918 1.994778095724607e-08
-0.01200851997097071 1.670681129066702 0.6706811290667019 -2.213615009082629 0.3413227683031189 -0.1952508786470443 -0.009468901968453724 0.05680535620425445 2921 1.990021179491066e-08
-0.01250851997097071 1.677504691167885 0.6775046911678846 -2.197855149125419 0.3470281296222079 -0.1912272277772142 -0.009474644422743121 0.05571420441908654 2923 1.984229328442469e-08
-0.01300851997097071 1.684134946123728 0.6841349461237278 -2.182105773771556 0.3526129121103436 -0.1873423208262973 -0.009480865046904615 0.05465770743360236 2926 1.97558573841225e-08
-0.01350851997097071 1.690584333268021 0.6905843332680208 -2.166386488814482 0.3580834113094976 -0.1835867539033419 -0.009487453499598867 0.05363360531859604 2927 1.99002511100374e-08
-0.01400851997097071 1.696864114092914 0.6968641140929142 -2.150713860419376 0.3634453913956519 -0.1799520451864971 -0.009494314238286731 0.05263985400808896 2929 1.998764783956266e-08
-0.01450851997097071 1.702984517873263 0.7029845178732625 -2.135101892126684 0.3687041461079925 -0.1764305180268421 -0.009501660904006946 0.05167459844860531 2932 1.986727963330767e-08
-0.01500851997097071 1.708954865302893 0.7089548653028928 -2.119562418474658 0.3738645509634098 -0.1730152020429382 -0.009510534549883714 0.05073614982094315 2937 1.995436274043291e-08
-0.01550851997097071 1.714783674030142 0.7147836740301423 -2.104105431547321 0.3789311082343486 -0.1696997489767974 -0.009519511712463539 0.04982296611192521 2944 1.99701930218398e-08
-0.01600851997097071 1.720478749198085 0.7204787491980853 -2.088739353220697 0.3839079858804944 -0.1664783607396603 -0.009528534373240938 0.04893363545935625 2950 1.995925821739354e-08
-0.01650851997097071 1.726047261488347 0.7260472614883473 -2.073471263185147 0.3887990514000456 -0.1633457275846198 -0.009537551814034245 0.04806686180638912 2957 1.985400279565818e-08
-0.01700851997097071 1.731495814692835 0.7314958146928345 -2.058307090750157 0.3936079013890163 -0.1602969747398908 -0.009546519687006823 0.04722145248983498 2963 1.997230201458745e-08
-0.01750851997097071 1.73683050446372 0.73683050446372 -2.043251776833309 0.3983378874562408 -0.1573276161483129 -0.009555399217877437 0.04639630745652456 2972 1.996855118589241e-08
-0.01800851997097071 1.742056969595362 0.7420569695953616 -2.028309411282361 0.4029921390293807 -0.1544335142053258 -0.009565790696868056 0.04559040985697755 2982 1.990739319932254e-08
-0.01850851997097071 1.747180436954548 0.7471804369545476 -2.0134833496961 0.4075735834965661 -0.1516108445843453 -0.009576250280847045 0.04480281780971856 2990 1.994855295805656e-08
-0.01900851997097071 1.752205760984733 0.7522057609847328 -1.998776313132044 0.4120849640549408 -0.1488589298850616 -0.009586564646464821 0.04403265716499299 2998 1.996818367286038e-08
-0.01950851997097071 1.757137458555893 0.757137458555893 -1.984190473469773 0.4165288555779017 -0.1461722142890497 -0.009596708950899148 0.04327911512522143 3004 1.996632640236039e-08
-0.02000851997097071 1.761979739805911 0.7619797398059114 -1.969727526704719 0.4209076787636816 -0.1435468453309345 -0.009606661442609681 0.04254143460284181 3009 1.994512344529578e-08
-0.02050851997097071 1.766736535516915 0.7667365355169149 -1.955388756048877 0.425223712787803 -0.1409799907023559 -0.009616403113991036 0.04181890921518866 3013 1.997917596901789e-08
-0.02100851997097071 1.771411521485637 0.7714115214856367 -1.941175086393287 0.4294791066486435 -0.138469008380791 -0.00962637612257594 0.04111087883168215 3018 1.991113816125603e-08
-0.02150851997097071 1.776008140277135 0.7760081402771348 -1.927087131426086 0.433675889367602 -0.1360114299710657 -0.00963755104262458 0.04041672560151166 3023 1.984351129566559e-08
-0.02200851997097071 1.780529620693479 0.7805296206934789 -1.913125234486495 0.4378159791823457 -0.1336049458320113 -0.009648495861846474 0.03973587040068042 3026 1.992530683758677e-08
-0.02250851997097071 1.784978995240728 0.7849789952407276 -1.899289504060717 0.4419011918521232 -0.1312473917633276 -0.009659198093495891 0.03906776964620674 3029 1.995048888537287e-08
-0.02300851997097072 1.789359115837414 0.7893591158374138 -1.8855798446812 0.4459332481780566 -0.1289367370600223 -0.009669646887485782 0.03841191243269449 3032 1.997014120235533e-08
-0.02350851997097072 1.793672667973579 0.7936726679735793 -1.871995983872947 0.4499137808272126 -0.1266710737691683 -0.009679832861356817 0.03776781795279388 3037 1.985659188298366e-08
-0.02400851997097072 1.797922183501117 0.7979221835011172 -1.858537495690948 0.4538443405378774 -0.1244486070064427 -0.00968974794995644 0.03713503316830257 3039 1.995504462979048e-08
-0.02450851997097072 1.802110052211783 0.8021100522117826 -1.845203821311552 0.4577264017732736 -0.122267646209356 -0.009699513627761842 0.03651313070315471 3043 1.985145806856273e-08
-0.02500851997097072 1.806238532338873 0.8062385323388732 -1.831994287071332 0.4615613678826593 -0.1201265972203846 -0.009710804206148685 0.03590170693330649 3044 1.997241373401104e-08
-0.02550851997097072 1.810309760100814 0.8103097601008138 -1.818908120290547 0.4653505758211793 -0.1180239551072835 -0.009721823628305358 0.03530038025179721 3048 1.983643317435477e-08
-0.02600851997097072 1.814325758390355 0.8143257583903547 -1.805944463168261 0.4690953004740676 -0.1159582976395175 -0.009732566622352664 0.03470878948994928 3050 1.999903042418266e-08
-0.02650851997097072 1.81828844469964 0.8182884446996399 -1.793102384997797 0.4727967586247246 -0.1139282793502673 -0.009743028753686626 0.03412659247813976 3052 1.999749571614423e-08
-0.02700851997097072 1.82219963836088 0.8221996383608796 -1.78038089291472 0.4764561126020952 -0.1119326261219284 -0.00975320634447443 0.03355346473152106 3055 1.990159710991429e-08
-0.02750851997097072 1.826061067172677 0.8260610671726774 -1.767778941360897 0.4800744736385617 -0.1099701302406157 -0.00976309640115719 0.03298909824784858 3056 1.99801716263778e-08
-0.02800851997097072 1.829874373473625 0.8298743734736251 -1.755295440424076 0.4836529049658146 -0.1080396458718191 -0.009772696549036784 0.03243320040612226 3058 1.99852729810593e-08
-0.02850851997097072 1.833641119717933 0.8336411197179334 -1.742929263190017 0.4871924246734483 -0.1061400849147983 -0.009782480960739961 0.03188549295601248 3060 1.997801120488452e-08
-0.02900851997097072 1.837362793601392 0.8373627936013919 -1.730679252227095 0.4906940083520436 -0.1042704131983404 -0.009793450474606101 0.03134571108922616 3062 1.994714704473508e-08
-0.02950851997097072 1.841040812780753 0.8410408127807534 -1.718544225306903 0.494158591540405 -0.1024296469846253 -0.009804137979606034 0.03081360258492916 3064 1.999652332092014e-08
-0.03000851997097072 1.844676529224682 0.8446765292246818 -1.706522980451875 0.4975870719943041 -0.1006168497517861 -0.00981454212544996 0.03028892702224488 3066 1.994725331267099e-08
-0.03050851997097072 1.848271233230482 0.8482712332304818 -1.694614300388588 0.5009803117925224 -0.09883112922885223 -0.00982466197753633 0.02977145505357585 3069 1.991177869265396e-08
-0.03100851997097072 1.851826157136985 0.8518261571369845 -1.682816956476311 0.5043391392941472 -0.09707163465973363 -0.009834496978900077 0.02926096773319386 3071 1.989011088203489e-08
-0.03150851997097072 1.855342478760913 0.8553424787609127 -1.671129712171167 0.5076643509598389 -0.09533755427529729 -0.009844046915601232 0.02875725589610843 3072 1.999408574957446e-08
-0.03200851997097072 1.85882132458113 0.8588213245811303 -1.659551326079277 0.5109567130484127 -0.093628112954854 -0.00985331188517541 0.02826011958275629 3075 1.999195232412965e-08
-0.03250851997097072 1.862263772692788 0.8622637726927875 -1.648080554645376 0.5142169631990934 -0.09194257006023775 -0.009862292267908327 0.02776936750549408 3077 1.982836725173832e-08
-0.03300851997097072 1.865670855551121 0.8656708555511214 -1.636716154518278 0.5174458119087056 -0.0902802174273922 -0.009872268710380813 0.0272848165532886 3077 1.993315741057984e-08
-0.03350851997097072 1.869043562522153 0.8690435625221533 -1.625456884629849 0.5206439439118302 -0.08864037750230605 -0.009882636265839307 0.02680629133145777 3078 1.97108198394396e-08
-0.03400851997097072 1.872382842258174 0.8723828422581736 -1.61430150801778 0.5238120194728993 -0.08702240160778524 -0.009892729569251872 0.0263336237332072 3078 1.980637704569444e-08
-0.03450851997097072 1.875689604909191 0.8756896049091913 -1.603248793423473 0.5269506755947214 -0.08542566833240196 -0.009902549235539864 0.02586665254091357 3078 1.989973310424816e-08
-0.03500851997097072 1.878964724187414 0.8789647241874137 -1.592297516686648 0.530060527152581 -0.08385019604559332 -0.009912096078962377 0.02540522305405881 3078 1.999080979662712e-08
-0.03550851997097072 1.882209039293478 0.8822090392934783 -1.581446461961558 0.5331421679573508 -0.08229564836263809 -0.009921371095157144 0.02494918674221614 3079 1.974943158833058e-08
-0.03600851997097072 1.885423356717261 0.8854233567172614 -1.570694422772707 0.536196171754303 -0.08076057039999555 -0.009930375444646063 0.02449840092076033 3079 1.983125307344052e-08
-0.03650851997097072 1.888608451921458 0.8886084519214581 -1.560040202929083 0.5392230931612028 -0.0792444378354798 -0.009939110437697221 0.02405272844780497 3079 1.991056825231449e-08
-0.03700851997097072 1.891765070918793 0.8917650709187934 -1.549482617310484 0.5422234685514613 -0.07774674694805224 -0.009947577520401553 0.02361203744039814 3079 1.998727696987007e-08
-0.03750851997097072 1.894893931749114 0.8948939317491142 -1.539020492541713 0.545197816884938 -0.07626701355724252 -0.009956123110477848 0.02317620100883282 3082 1.999799339576962e-08
-0.03800851997097072 1.897995725865174 0.8979957258651736 -1.528652667565354 0.5481466404910879 -0.07480477202952734 -0.00996599285994452 0.02274509700747638 3087 1.999868565074513e-08
-0.03850851997097073 1.901071119432909 0.9010711194329089 -1.518377994125289 0.5510704258070627 -0.07335957434728498 -0.009975604918961125 0.02231860780106019 3092 1.998661297808458e-08
-0.03900851997097073 1.904120754553231 0.9041207545532308 -1.508195337169892 0.5539696440744311 -0.07193098923513959 -0.009984960669199639 0.02189662004515761 3096 1.999857107915037e-08
-0.03950851997097073 1.907145250410478 0.9071452504104784 -1.498103575184034 0.5568447519969932 -0.07051860133984261 -0.009994061592227529 0.02147902447991294 3100 1.998925280531964e-08
-0.04000851997097073 1.910145204352978 0.9101452043529783 -1.488101600457447 0.5596961923624592 -0.06912201045966182 -0.01000290926030685 0.02106571573603504 3105 1.995343274977675e-08
-0.04050851997097073 1.913121192910422 0.9131211929104224 -1.478188319296601 0.5625243946303312 -0.0677408308197759 -0.01001150532788721 0.02065659215219925 3108 1.994781660876806e-08
-0.04100851997097073 1.916073772752466 0.9160737727524659 -1.46836265218627 0.5653297754882153 -0.06637469039041197 -0.01001985152371341 0.02025155560305959 3110 1.998553344582777e-08
-0.04150851997097073 1.919003481592595 0.9190034815925954 -1.458623533906326 0.5681127393786259 -0.06502323024473584 -0.01002794964355398 0.01985051133713655 3113 1.993710398507419e-08
-0.04200851997097073 1.921910839041008 0.9219108390410078 -1.448969913608638 0.5708736789982007 -0.06368610395373279 -0.01003580154349218 0.01945336782390318 3115 1.993923044510522e-08
-0.04250851997097073 1.924796347409854 0.9247963474098539 -1.439400754858894 0.5736129757709835 -0.06236297701559056 -0.01004340913370618 0.01906003660946005 3117 1.992393296058473e-08
-0.04300851997097073 1.927660492474097 0.9276604924740974 -1.429915035646926 0.5763310002975121 -0.06105352631720574 -0.01005204899812392 0.01867043218021201 3118 1.997953286689126e-08
-0.04350851997097073 1.93050374419083 0.9305037441908304 -1.420511748369499 0.5790281127811148 -0.05975743962570788 -0.01006108171017171 0.01828447183403066 3120 1.997183485464767e-08
-0.04400851997097073 1.933326557379813 0.9333265573798131 -1.411189899788441 0.5817046634329002 -0.05847441510797943 -0.01006987896980549 0.01790207555840293 3121 1.999479117818408e-08
-0.04450851997097073 1.93612937236765 0.9361293723676496 -1.401948510967395 0.5843609928566289 -0.05720416087638498 -0.01007844249786348 0.01752316591512755 3123 1.998917868146421e-08
-0.04500851997097073 1.938912615597982 0.9389126155979817 -1.392786617189426 0.5869974324147664 -0.05594639455897726 -0.01008677405686293 0.0171476679311298 3125 1.989055650853169e-08
-0.04550851997097073 1.941676700209808 0.9416767002098079 -1.383703267857995 0.5896143045767909 -0.05470084289262769 -0.01009487544663113 0.01677550899501312 3126 1.988818619679644e-08
-0.04600851997097073 1.9444220265859 0.9444220265859002 -1.374697526383426 0.5922119232507798 -0.05346724133763827 -0.01010274850026162 0.01663203878193641 3126 1.999886512488201e-08
-0.04650851997097073 1.947148982873116 0.9471489828731161 -1.36576847005674 0.5947905940992267 -0.05224533371252105 -0.01011039508035059 0.01678852041478106 3127 1.998018853257673e-08
-0.04700851997097073 1.94985794547655 0.9498579454765499 -1.356915189912137 0.5973506148401825 -0.05103487184753648 -0.0101178170754903 0.01694439487664008 3128 1.994972234659564e-08
-0.04750851997097073 1.952549279528681 0.9525492795286805 -1.348136790580476 0.599892275534193 -0.04983561525612373 -0.01012501639702964 0.01709967026911061 3129 1.990705867671653e-08
-0.04800851997097073 1.955223339335437 0.9552233393354372 -1.339432390134244 0.6024158588582015 -0.04864733082284737 -0.01013199497605293 0.01725435451151546 3129 1.999922079254571e-08
-0.04850851997097073 1.957880468800228 0.9578804688002283 -1.330801119925889 0.6049216403668666 -0.04746979250708074 -0.01013875476058519 0.01740845534674476 3130 1.993795868821103e-08
-0.04900851997097073 1.960521001827516 0.9605210018275157 -1.32224212441995 0.6074098887422487 -0.04630278106129354 -0.01014711179534324 0.01756198034685182 3131 1.986314083218339e-08
-0.04950851997097074 1.963145262706778 0.9631452627067778 -1.313754561020768 0.6098808660321927 -0.04514608376331383 -0.01015531110496877 0.01771493691841977 3131 1.994095116057887e-08
-0.05000851997097074 1.965753566478246 0.965753566478246 -1.305337599896054 0.612334827878247 -0.04399949416156854 -0.01016329876307013 0.01786733230770986 3132 1.98456658415849e-08
