TITLE = "three_solutions_Tw1.160"
VARIABLES = "branch" "pressure_gradient" "z" "H" "F" "G" "T"
DATASETAUXDATA Source_File = "boussinesq_singularity_convergence/three_solutions_Tw1.160.csv"
DATASETAUXDATA Converter = "convert_all_to_tecplot.py"
ZONE T="branch=1", I=1001, DATAPACKING=POINT
1 0.001542390341 0 0 -1.65293365373184e-32 1 1.16
1 0.001542390341 0.001 -0.0004174554947296766 0.01306397140823579 0.9835786066958199 1.158662194641896
1 0.001542390341 0.002 -0.001635457933610578 0.02532067672126861 0.967182961898961 1.157324404031036
1 0.001542390341 0.003 -0.003603924201570871 0.03680078397830601 0.950836985538166 1.155986665138641
1 0.001542390341 0.004 -0.006274692135445684 0.04753436695005265 0.9345627023375042 1.154649037792373
1 0.001542390341 0.005 -0.009601482212375717 0.05755088270636446 0.9183803467460204 1.153311603195563
1 0.001542390341 0.006 -0.01353985792010818 0.06687915237540532 0.902308463008212 1.151974462493229
1 0.001542390341 0.007 -0.01804718501004498 0.07554734488831769 0.8863640005943344 1.150637735381747
1 0.001542390341 0.008 -0.02308258980749443 0.08358296351705022 0.8705624052064544 1.149301558759552
1 0.001542390341 0.009000000000000001 -0.02860691675370535 0.09101283501732317 0.8549177055513808 1.147966085416923
1 0.001542390341 0.01 -0.03458268534036535 0.09786310119751987 0.8394425960624038 1.146631482763302
1 0.001542390341 0.011 -0.04097404658387574 0.1041592127434078 0.8241485157429119 1.145297931591022
1 0.001542390341 0.012 -0.04774673917749259 0.109925925135981 0.8090457232943863 1.143965624874639
1 0.001542390341 0.013 -0.05486804544385517 0.1151872965100521 0.7941433686864593 1.142634766605316
1 0.001542390341 0.014 -0.06230674720475269 0.1199666873073549 0.77944956131552 1.141305570659983
1 0.001542390341 0.015 -0.07003308169830723 0.1242867615739311 0.7649714348772664 1.139978259705311
1 0.001542390341 0.016 -0.07801869760812918 0.1281694897859341 0.7507152091103424 1.138653064136326
1 0.001542390341 0.017 -0.08623661133039928 0.1316361530615669 0.7366862485155731 1.13733022105004
1 0.001542390341 0.018 -0.09466116353195314 0.1347073486552483 0.7228891181924554 1.136009973254164
1 0.001542390341 0.019 -0.1032679761313103 0.1374029965918396 0.709327636877688 1.134692568311438
1 0.001542390341 0.02 -0.1120339096614339 0.1397423473932615 0.6960049273618079 1.133378257619474
1 0.001542390341 0.021 -0.1209370212243384 0.1417439907180307 0.6829234643078386 1.132067295526969
1 0.001542390341 0.022 -0.129956522993553 0.1434258648711677 0.6700851196358318 1.130759938486181
1 0.001542390341 0.023 -0.1390727413312051 0.1448052670874289 0.6574912055625685 1.129456444242049
1 0.001542390341 0.024 -0.148267076583959 0.1458988644925165 0.6451425153837371 1.128157071058228
1 0.001542390341 0.025 -0.1575219635944644 0.1467227056641625 0.6330393620948721 1.126862076980155
1 0.001542390341 0.026 -0.1668208329651654 0.1472922327170278 0.6211816149412845 1.125571719135244
1 0.001542390341 0.027 -0.1761480730991712 0.1476222938444328 0.6095687339877665 1.12428625307018
1 0.001542390341 0.028 -0.1854889930371968 0.14772715625618 0.5981998027948866 1.123005932125329
1 0.001542390341 0.029 -0.1948297861344004 0.147620519437203 0.5870735592749946 1.12173100684604
1 0.001542390341 0.03 -0.2041574945808355 0.1473155286785768 0.5761884248134822 1.12046172443062
1 0.001542390341 0.031 -0.2134599747819026 0.1468247888265298 0.5655425317308523 1.119198328214699
1 0.001542390341 0.032 -0.222725863622769 0.1461603781910752 0.5551337491555776 1.117941057191468
1 0.001542390341 0.033 -0.2319445456077153 0.1453338625796929 0.5449597073852404 1.116690145567419
1 0.001542390341 0.034 -0.2411061208895919 0.1443563094068945 0.5350178208014384 1.115445822352959
1 0.001542390341 0.035 -0.2502013741961873 0.1432383018371521 0.525305309404272 1.114208310987224
1 0.001542390341 0.036 -0.2592217446526997 0.1419899529253286 0.5158192190315298 1.112977828996356
1 0.001542390341 0.037 -0.2681592965000731 0.1406209197197015 0.5065564403246056 1.111754587684428
1 0.001542390341 0.038 -0.2770066906941556 0.1391404173050931 0.4975137265035999 1.110538791856285
1 0.001542390341 0.039 -0.2857571573937676 0.137557232747957 0.4886877100058 1.109330639571265
1 0.001542390341 0.04 -0.2944044693285845 0.1358797389187512 0.4800749180439599 1.108130321926833
1 0.001542390341 0.041 -0.3029429160378779 0.1341159081681258 0.4716717871382215 1.106938022871104
1 0.001542390341 0.042 -0.3113672789709733 0.1322733258347659 0.4634746766732651 1.105753919043184
1 0.001542390341 0.043 -0.3196728074290261 0.1303592035729874 0.4554798815314404 1.10457817964037
1 0.001542390341 0.044 -0.3278551953462365 0.1283803924746722 0.4476836438477053 1.10341096631097
1 0.001542390341 0.045 -0.3359105588953526 0.1263433959714092 0.4400821639326574 1.102252433071585
1 0.001542390341 0.046 -0.3438354149027565 0.1242543825034801 0.4326716104078141 1.10110272624771
1 0.001542390341 0.047 -0.3516266600585938 0.1221191979432213 0.4254481295954182 1.099961984436471
1 0.001542390341 0.048 -0.3592815508990737 0.119943377768596 0.4184078542033874 1.098830338490451
1 0.001542390341 0.049 -0.3667976845526449 0.1177321589713615 0.411546911343508 1.097707911521313
1 0.001542390341 0.05 -0.3741729802316985 0.115490491693487 0.4048614299202415 1.096594818922031
1 0.001542390341 0.051 -0.3814056614526906 0.1132230505853859 0.3983475474257629 1.095491168406582
1 0.001542390341 0.052 -0.3884942389650405 0.1109342458827134 0.39200141617524 1.094397060065974
1 0.001542390341 0.053 -0.3954374943684913 0.1086282342003102 0.3858192090143171 1.093312586439573
1 0.001542390341 0.054 -0.4022344644083673 0.1063089290334033 0.3797971245303511 1.092237832600392
1 0.001542390341 0.055 -0.4088844259221232 0.1039800109720665 0.3739313917962698 1.091172876253503
1 0.001542390341 0.056 -0.4153868814255104 0.1016449376216402 0.3682182746758942 1.090117787846302
1 0.001542390341 0.057 -0.4217415453157918 0.09930695323299969 0.3626540757171247 1.089072630689724
1 0.001542390341 0.058 -0.4279483306745597 0.09696909804247879 0.3572351396585812 1.088037461089384
1 0.001542390341 0.059 -0.4340073366525491 0.09463421732209608 0.3519578565741348 1.087012328485644
1 0.001542390341 0.06 -0.4399188364179041 0.09230497014236121 0.3468186646784547 1.08599727560169
1 0.001542390341 0.061 -0.4456832656486995 0.08998383785148288 0.3418140528151467 1.084992338598767
1 0.001542390341 0.062 -0.4513012115543544 0.08767313227129424 0.3369405626491395 1.083997547237602
1 0.001542390341 0.063 -0.4567734024049345 0.08537500361712279 0.3321947905820037 1.08301292504534
1 0.001542390341 0.064 -0.4621006975539309 0.08309144814219596 0.3275733894100117 1.082038489487072
1 0.001542390341 0.065 -0.4672840779353885 0.08082431551311262 0.3230730697420166 1.081074252141304
1 0.001542390341 0.066 -0.4723246370187795 0.07857531592079825 0.3186906011939792 1.080120218878632
1 0.001542390341 0.067 -0.4772235722065882 0.07634602692992952 0.3144228133769493 1.079176390042901
1 0.001542390341 0.068 -0.4819821766557984 0.07413790007520715 0.3102665966921859 1.07824276063432
1 0.001542390341 0.06900000000000001 -0.4866018315086998 0.0719522672083262 0.3062189029482079 1.077319320493895
1 0.001542390341 0.07000000000000001 -0.4910839985178164 0.06979034660068889 0.3022767458135175 1.076406054488595
1 0.001542390341 0.07100000000000001 -0.4954302130493862 0.06765324880799123 0.2984372011175496 1.075502942696745
1 0.001542390341 0.07200000000000001 -0.4996420774505753 0.0655419823024255 0.294697407011923 1.074609960593158
1 0.001542390341 0.073 -0.5037212547647721 0.06345745888038287 0.2910545640019611 1.073727079233643
1 0.001542390341 0.074 -0.507669462782346 0.06140049884952935 0.2875059348603012 1.072854265438382
1 0.001542390341 0.075 -0.5114884684128318 0.05937183600173444 0.2840488444323806 1.071991481973805
1 0.001542390341 0.076 -0.5151800823650997 0.05737212237806789 0.2806806793431254 1.071138687732629
1 0.001542390341 0.077 -0.5187461541225684 0.05540193283188653 0.2773988876137493 1.070295837911713
1 0.001542390341 0.078 -0.5221885672002566 0.05346176939755645 0.2742009781956521 1.069462884187534
1 0.001542390341 0.079 -0.5255092346723884 0.05155206546924661 0.271084520430372 1.068639774888928
1 0.001542390341 0.08 -0.5287100949585476 0.04967318979613561 0.2680471434426423 1.067826455166881
1 0.001542390341 0.081 -0.5317931078568982 0.04782545030009763 0.2650865354732873 1.067022867161151
1 0.001542390341 0.082 -0.5347602508134088 0.0460090977217183 0.2622004431583944 1.066228950163557
1 0.001542390341 0.083 -0.5376135154161712 0.04422432910153822 0.259386670759493 1.065444640777791
1 0.001542390341 0.08400000000000001 -0.5403549041049522 0.04247129110105475 0.2566430793514284 1.064669873075582
1 0.001542390341 0.08500000000000001 -0.5429864270859184 0.04075008316937245 0.2539675859728877 1.063904578749083
1 0.001542390341 0.08600000000000001 -0.5455100994418979 0.03906076056112429 0.2513581627443269 1.06314868725939
1 0.001542390341 0.08700000000000001 -0.5479279384289109 0.03740333721106962 0.2488128359578448 1.062402125981107
1 0.001542390341 0.08799999999999999 -0.5502419609501079 0.03577778847146239 0.2463296851420509 1.061664820342925
1 0.001542390341 0.089 -0.5524541811986664 0.03418405371651937 0.2439068421068584 1.060936693964122
1 0.001542390341 0.09 -0.5545666084613508 0.03262203881925752 0.2415424899715821 1.060217668786965
1 0.001542390341 0.091 -0.5565812450747872 0.03109161850572211 0.239234862179594 1.059507665204971
1 0.001542390341 0.092 -0.5585000845268019 0.0295926385914243 0.2369822415026603 1.058806602187044
1 0.001542390341 0.093 -0.5603251096957542 0.02812491810522733 0.2347829590367811 1.058114397397495
1 0.001542390341 0.094 -0.562058291220733 0.02668825130464109 0.2326353931931165 1.057430967311939
1 0.001542390341 0.095 -0.5637015859958716 0.0252824095871049 0.2305379686862126 1.056756227329088
1 0.001542390341 0.096 -0.5652569357823262 0.02390714330162085 0.2284891555216745 1.056090091878479
1 0.001542390341 0.097 -0.5667262659316793 0.02256218346491578 0.2264874679853576 1.05543247452418
1 0.001542390341 0.098 -0.5681114842152356 0.021247243386538 0.2245314636350254 1.054783288064528
1 0.001542390341 0.099 -0.5694144797532471 0.01996202020639742 0.2226197422970388 1.054142444627936
1 0.001542390341 0.1 -0.5706371220386737 0.01870619634864123 0.2207509450694455 1.053509855764833
1 0.001542390341 0.101 -0.5717812600502905 0.01747944089557042 0.2189237533328128 1.052885432535807
1 0.001542390341 0.102 -0.57284872145013 0.01628141088514304 0.2171368877701086 1.052269085596013
1 0.001542390341 0.103 -0.5738413118616371 0.01511175253593105 0.2153891073949745 1.051660725275939
1 0.001542390341 0.104 -0.5747608142207833 0.01397010240143503 0.21367920859475 1.051060261658563
1 0.001542390341 0.105 -0.5756089881976221 0.01285608845836616 0.2120060241852578 1.050467604653045
1 0.001542390341 0.106 -0.5763875696986418 0.01176933113498613 0.2103684224587867 1.049882664065001
1 0.001542390341 0.107 -0.5770982703983315 0.01070944426978752 0.2087653062935995 1.049305349663391
1 0.001542390341 0.108 -0.5777427773740682 0.009676036024470702 0.2071956122145557 1.048735571244217
1 0.001542390341 0.109 -0.5783227527604257 0.008668709732686342 0.2056583095192055 1.048173238691039
1 0.001542390341 0.11 -0.5788398334692486 0.007687064700594246 0.2041523993989686 1.047618262032464
1 0.001542390341 0.111 -0.579295630973327 0.006730696958743278 0.202676914059094 1.047070551496491
1 0.001542390341 0.112 -0.5796917310979762 0.005799199962522283 0.2012309158995325 1.0465300175623
1 0.001542390341 0.113 -0.5800296939030128 0.004892165252424414 0.199813496655935 1.045996571008786
1 0.001542390341 0.114 -0.5803110535667998 0.004009183068055443 0.1984237766012743 1.045470122960777
1 0.001542390341 0.115 -0.5805373183223304 0.00314984292323807 0.1970609037464142 1.044950584932497
1 0.001542390341 0.116 -0.5807099704430924 0.002313734142090481 0.1957240530427494 1.044437868868211
1 0.001542390341 0.117 -0.5808304662230577 0.001500446358753453 0.1944124256406145 1.043931887181107
1 0.001542390341 0.118 -0.580900236035149 0.0007095699818463205 0.1931252481158023 1.043432552788934
1 0.001542390341 0.119 -0.5809206843794548 -5.930337331733932e-05 0.1918617717511955 1.042939779148098
1 0.001542390341 0.12 -0.5808931899724412 -0.0008065804837190375 0.1906212718198277 1.042453480285296
1 0.001542390341 0.121 -0.5808191058748986 -0.001532666148700815 0.1894030468720117 1.041973570826679
1 0.001542390341 0.122 -0.5806997596044458 -0.002237962844719802 0.1882064180727298 1.041499966025906
1 0.001542390341 0.123 -0.5805364533160781 -0.002922870410874118 0.187030728513465 1.04103258178909
1 0.001542390341 0.124 -0.580330463964053 -0.003587785755888379 0.1858753425734331 1.040571334698808
1 0.001542390341 0.125 -0.5800830434959333 -0.004233102589988128 0.1847396452837518 1.040116142035987
1 0.001542390341 0.126 -0.5797954190766024 -0.004859211181372104 0.1836230416967696 1.039666921799624
1 0.001542390341 0.127 -0.5794687932904968 -0.005466498128477808 0.1825249563001411 1.039223592725963
1 0.001542390341 0.128 -0.5791043444028054 -0.006055346158982535 0.1814448324103739 1.038786074304719
1 0.001542390341 0.129 -0.5787032265965739 -0.006626133942089205 0.1803821316101647 1.0383542867949
1 0.001542390341 0.13 -0.5782665702349346 -0.007179235920567097 0.1793363331895018 1.037928151238781
1 0.001542390341 0.131 -0.5777954821463882 -0.007715022162157606 0.1783069335924062 1.037507589474038
1 0.001542390341 0.132 -0.5772910458844182 -0.008233858220089601 0.1772934459031193 1.037092524145757
1 0.001542390341 0.133 -0.5767543220381921 -0.008736105016761801 0.1762953993157681 1.036682878715708
1 0.001542390341 0.134 -0.5761863485159809 -0.009222118734608448 0.1753123386424989 1.036278577471625
1 0.001542390341 0.135 -0.5755881408481354 -0.009692250722578545 0.1743438238257462 1.035879545534897
1 0.001542390341 0.136 -0.5749606925076781 -0.01014684741778465 0.1733894294562109 1.035485708866703
1 0.001542390341 0.137 -0.5743049752031694 -0.01058625027132612 0.1724487443253384 1.035096994274371
1 0.001542390341 0.138 -0.5736219392158386 -0.01101079569415513 0.1715213709644714 1.034713329415203
1 0.001542390341 0.139 -0.5729125137079069 -0.01142081500565553 0.1706069252175499 1.034334642800629
1 0.001542390341 0.14 -0.5721776070460737 -0.01181663439451602 0.1697050358180108 1.033960863799019
1 0.001542390341 0.141 -0.5714181071383714 -0.01219857489143042 0.1688153439712089 1.033591922637165
1 0.001542390341 0.142 -0.5706348817425682 -0.01256695234240402 0.1679375029668141 1.033227750402268
1 0.001542390341 0.143 -0.56982877881294 -0.01292207739938574 0.1670711777804423 1.032868279041592
1 0.001542390341 0.144 -0.5690006268179092 -0.01326425551041212 0.1662160447043647 1.032513441362684
1 0.001542390341 0.145 -0.568151235069395 -0.01359378691939926 0.1653717909822877 1.032163171032465
1 0.001542390341 0.146 -0.5672813940622273 -0.01391096667511363 0.164538114449311 1.031817402575208
1 0.001542390341 0.147 -0.5663918757853372 -0.01421608463823745 0.1637147231977899 1.031476071371203
1 0.001542390341 0.148 -0.5654834340662201 -0.01450942550340772 0.1629013352344849 1.031139113653289
1 0.001542390341 0.149 -0.5645568048867932 -0.01479126881854298 0.1620976781627894 1.030806466504151
1 0.001542390341 0.15 -0.5636127067082581 -0.01506188901171782 0.1613034888687804 1.030478067852629
1 0.001542390341 0.151 -0.5626518408034694 -0.01532155542512807 0.1605185132120246 1.030153856469126
1 0.001542390341 0.152 -0.5616748915619689 -0.01557053234544719 0.1597425057386651 1.029833771961821
1 0.001542390341 0.153 -0.560682526823886 -0.01580907904712556 0.1589752293874485 1.029517754770953
1 0.001542390341 0.154 -0.5596753981863424 -0.01603744983149702 0.158216455217288 1.029205746163968
1 0.001542390341 0.155 -0.5586541413167482 -0.01625589407177255 0.1574659621383389 1.028897688229859
1 0.001542390341 0.156 -0.5576193762716291 -0.01646465626348542 0.1567235366473725 1.028593523872728
1 0.001542390341 0.157 -0.5565717077894502 -0.01666397607023436 0.1559889725822386 1.028293196806268
1 0.001542390341 0.158 -0.5555117256084942 -0.01685408838061937 0.1552620708706037 1.027996651546471
1 0.001542390341 0.159 -0.5544400047587298 -0.01703522336006308 0.1545426392971125 1.027703833405289
1 0.001542390341 0.16 -0.5533571058589246 -0.0172076065072106 0.1538304922737284 1.02741468848361
1 0.001542390341 0.161 -0.5522635754177753 -0.01737145871449905 0.1531254506139115 1.027129163663585
1 0.001542390341 0.162 -0.5511599461106333 -0.01752699632338678 0.1524273413230944 1.026847206601925
1 0.001542390341 0.163 -0.5500467370779906 -0.01767443118926789 0.1517359973845151 1.026568765721588
1 0.001542390341 0.164 -0.54892445419966 -0.0178139707407644 0.1510512575607593 1.026293790204462
1 0.001542390341 0.165 -0.5477935903729243 -0.01794581804256882 0.1503729661981466 1.026022229983462
1 0.001542390341 0.166 -0.5466546257935468 -0.01807017186145742 0.1497009730345091 1.025754035734095
1 0.001542390341 0.167 -0.5455080282141219 -0.01818722672665922 0.1490351330208456 1.025489158867007
1 0.001542390341 0.168 -0.5443542532213337 -0.01829717299861148 0.1483753061392077 1.02522755151908
1 0.001542390341 0.169 -0.5431937444907264 -0.01840019693188681 0.1477213572339468 1.024969166545523
1 0.001542390341 0.17 -0.5420269340444533 -0.01849648074086497 0.1470731558454783 1.02471395751148
1 0.001542390341 0.171 -0.5408542425110121 -0.01858620266779972 0.1464305760470248 1.024461878683189
1 0.001542390341 0.172 -0.5396760793641211 -0.01866953704517746 0.1457934962931408 1.024212885020124
1 0.001542390341 0.173 -0.538492843178032 -0.01874665436534341 0.1451617992651823 1.023966932165813
1 0.001542390341 0.174 -0.5373049218622024 -0.01881772134430853 0.1445353717281087 1.023723976439658
1 0.001542390341 0.175 -0.536112692898179 -0.01888290098767065 0.1439141043894991 1.023483974828336
1 0.001542390341 0.176 -0.5349165235778142 -0.01894235265833118 0.1432978917611688 1.023246884976825
1 0.001542390341 0.177 -0.5337167712224105 -0.0189962321386078 0.1426866320307649 1.023012665180396
1 0.001542390341 0.178 -0.5325137834161633 -0.01904469169864993 0.1420802269308882 1.022781274375406
1 0.001542390341 0.179 -0.5313078982207796 -0.01908788015919301 0.1414785816178053 1.02255267213107
1 0.001542390341 0.18 -0.5300994443917214 -0.01912594295593543 0.1408816045520971 1.022326818640865
1 0.001542390341 0.181 -0.5288887415952891 -0.01915902220524825 0.1402892073815663 1.02210367471364
1 0.001542390341 0.182 -0.5276761006083754 -0.01918725676450018 0.13970130483258 1.021883201765642
1 0.001542390341 0.183 -0.5264618235305827 -0.01921078229782457 0.1391178145994358 1.02166536181147
1 0.001542390341 0.184 -0.5252462039792164 -0.01922973133646292 0.1385386572418451 1.021450117455972
1 0.001542390341 0.185 -0.5240295272873332 -0.01924423334104822 0.1379637560834857 1.0212374318857
1 0.001542390341 0.186 -0.5228120706957688 -0.01925441476244676 0.1373930371146401 1.021027268860571
1 0.001542390341 0.187 -0.5215941035412147 -0.01926039910187496 0.1368264288981148 1.020819592705578
1 0.001542390341 0.188 -0.5203758874411896 -0.01926230697056744 0.1362638624780805 1.020614368302524
1 0.001542390341 0.189 -0.5191576764750424 -0.01926025614863725 0.1357052712920324 1.020411561081817
1 0.001542390341 0.19 -0.5179397173611577 -0.01925436164315362 0.135150591085732 1.020211137014346
1 0.001542390341 0.191 -0.5167222496304246 -0.01924473574542471 0.1345997598310273 1.020013062603429
1 0.001542390341 0.192 -0.5155055057959467 -0.01923148808744327 0.1340527176464802 1.019817304876834
1 0.001542390341 0.193 -0.5142897115197379 -0.01921472569774524 0.1335094067205037 1.019623831378845
1 0.001542390341 0.194 -0.5130750857757159 -0.01919455305639279 0.1329697712371516 1.019432610162403
1 0.001542390341 0.195 -0.511861841009156 -0.01917107214911298 0.1324337573044397 1.019243609781344
1 0.001542390341 0.196 -0.5106501832926701 -0.01914438252058864 0.1319013128851125 1.019056799282708
1 0.001542390341 0.197 -0.5094403124786995 -0.01911458132687123 0.1313723877297915 1.018872148199146
1 0.001542390341 0.198 -0.508232422349189 -0.01908176338714669 0.1308469333122576 1.018689626541376
1 0.001542390341 0.199 -0.5070267007618398 -0.01904602123460161 0.1303249027669826 1.018509204790722
1 0.001542390341 0.2 -0.5058233297930956 -0.01900744516642426 0.1298062508288073 1.018330853891755
1 0.001542390341 0.201 -0.5046224858779237 -0.01896612329294324 0.1292909337746935 1.018154545245022
1 0.001542390341 0.202 -0.5034243399463898 -0.01892214158588254 0.128778909367494 1.017980250699864
1 0.001542390341 0.203 -0.5022290575576231 -0.0188755839259449 0.128270136801533 1.017807942547299
1 0.001542390341 0.204 -0.5010367990306451 -0.01882653214950215 0.1277645766500913 1.017637593512995
1 0.001542390341 0.205 -0.4998477195722028 -0.01877506609442841 0.1272621908147095 1.017469176750338
1 0.001542390341 0.206 -0.4986619694016707 -0.01872126364508329 0.1267629424762462 1.0173026658336
1 0.001542390341 0.207 -0.4974796938730213 -0.01866520077643039 0.1262667960476442 1.017138034751194
1 0.001542390341 0.208 -0.4963010335943997 -0.01860695159748451 0.1257737171282304 1.016975257899002
1 0.001542390341 0.209 -0.4951261245448404 -0.01854658839389359 0.125283672459627 1.016814310073783
1 0.001542390341 0.21 -0.4939550981882559 -0.01848418166969106 0.124796629883199 1.016655166466697
1 0.001542390341 0.211 -0.4927880815847572 -0.01841980018822902 0.1243125582989861 1.016497802656904
1 0.001542390341 0.212 -0.4916251974993125 -0.01835351101228204 0.1238314276260784 1.016342194605275
1 0.001542390341 0.213 -0.4904665645082187 -0.01828537954349736 0.1233532087642888 1.016188318648153
1 0.001542390341 0.214 -0.4893122971029832 -0.01821546956102122 0.1228778735571868 1.016036151491217
1 0.001542390341 0.215 -0.4881625057917336 -0.01814384325933655 0.12240539475643 1.015885670203439
1 0.001542390341 0.216 -0.487017297198211 -0.01807056128532345 0.1219357459873496 1.015736852211133
1 0.001542390341 0.217 -0.4858767741583578 -0.01799568277453683 0.1214689017157522 1.015589675292097
1 0.001542390341 0.218 -0.4847410358149204 -0.01791926538685893 0.1210048372158206 1.015444117569816
1 0.001542390341 0.219 -0.4836101777097144 -0.01784136534137843 0.120543528539161 1.015300157507766
1 0.001542390341 0.22 -0.4824842918736603 -0.01776203745052927 0.1200849524849462 1.015157773903798
1 0.001542390341 0.221 -0.48136346691464 -0.01768133515350182 0.119629086571115 1.015016945884622
1 0.001542390341 0.222 -0.4802477881031891 -0.0175993105489231 0.1191759090065994 1.014877652900373
1 0.001542390341 0.223 -0.479137337456393 -0.01751601442694829 0.118725398664477 1.014739874719242
1 0.001542390341 0.224 -0.478032193819685 -0.01743149630063329 0.1182775350560916 1.014603591422201
1 0.001542390341 0.225 -0.4769324329466383 -0.01734580443661989 0.1178322983060967 1.014468783397804
1 0.001542390341 0.226 -0.4758381275768022 -0.01725898588514616 0.1173896691283889 1.014335431337086
1 0.001542390341 0.227 -0.4747493475115943 -0.01717108650938093 0.1169496288029063 1.01420351622854
1 0.001542390341 0.228 -0.4736661596885799 -0.01708215101420974 0.1165121591532088 1.014073019353155
1 0.001542390341 0.229 -0.4725886282538684 -0.01699222297435825 0.1160772425248724 1.01394392227954
1 0.001542390341 0.23 -0.4715168146327144 -0.0169013448618825 0.1156448617646608 1.013816206859132
1 0.001542390341 0.231 -0.4704507775983668 -0.01680955807303855 0.115215000200446 1.013689855221481
1 0.001542390341 0.232 -0.4693905733391805 -0.01671690295453173 0.1147876416218567 1.013564849769623
1 0.001542390341 0.233 -0.4683362555242796 -0.01662341882925928 0.1143627702615858 1.0134411731755
1 0.001542390341 0.234 -0.4672878753675405 -0.01652914402144661 0.1139403707773825 1.013318808375467
1 0.001542390341 0.235 -0.4662454816899699 -0.01643411588120441 0.1135204282346981 1.013197738565881
1 0.001542390341 0.236 -0.4652091209805199 -0.01633837080851858 0.1131029280899615 1.013077947198753
1 0.001542390341 0.237 -0.4641788374553514 -0.01624194427667425 0.1126878561744668 1.012959417977486
1 0.001542390341 0.238 -0.4631546731160939 -0.01614487085533356 0.1122751986787707 1.012842134852637
1 0.001542390341 0.239 -0.4621366678055837 -0.01604718423264371 0.1118649421378269 1.012726082017854
1 0.001542390341 0.24 -0.4611248592622084 -0.01594891723683144 0.1114570734166511 1.012611243905908
1 0.001542390341 0.241 -0.4601192831785822 -0.01585010185962472 0.1110515796956574 1.012497605184112
1 0.001542390341 0.242 -0.4591199732448021 -0.01575076927341671 0.1106484484586351 1.012385150751446
1 0.001542390341 0.243 -0.4581269612087855 -0.01565094985546742 0.1102476674784344 1.012273865733617
1 0.001542390341 0.244 -0.4571402769203818 -0.01555067320551125 0.1098492248053809 1.012163735479918
1 0.001542390341 0.245 -0.4561599483800959 -0.01544996816529213 0.1094531087552445 1.012054745559479
1 0.001542390341 0.246 -0.4551860017914172 -0.01534886283962216 0.1090593078970028 1.011946881756992
1 0.001542390341 0.247 -0.4542184615986826 -0.01524738461154373 0.1086678110428738 1.011840130070099
1 0.001542390341 0.248 -0.4532573505402017 -0.01514556016379051 0.1082786072364893 1.011734476704856
1 0.001542390341 0.249 -0.4523026896871173 -0.01504341549442938 0.1078916857432731 1.011629908072851
1 0.001542390341 0.25 -0.4513544984863042 -0.01494097593419069 0.1075070360404792 1.011526410787766
1 0.001542390341 0.251 -0.4504127948064264 -0.01483826616512912 0.107124647807086 1.011423971661449
1 0.001542390341 0.252 -0.449477594971278 -0.01473531023408557 0.1067445109155147 1.011322577701521
1 0.001542390341 0.253 -0.448548913806518 -0.01463213157168366 0.1063666154218866 1.011222216107217
1 0.001542390341 0.254 -0.4476267646738709 -0.01452875300619677 0.1059909515580507 1.01112287426674
1 0.001542390341 0.255 -0.4467111595088641 -0.01442519677889325 0.1056175097233561 1.011024539754106
1 0.001542390341 0.256 -0.445802108861331 -0.0143214845605434 0.1052462804763312 1.01092720032555
1 0.001542390341 0.257 -0.444899621924741 -0.01421763746334706 0.1048772545278176 1.010830843917326
1 0.001542390341 0.258 -0.4440037065772839 -0.01411367605772096 0.1045104227329711 1.010735458641896
1 0.001542390341 0.259 -0.4431143694119415 -0.01400962038456887 0.1041457760846731 1.010641032785506
1 0.001542390341 0.26 -0.44223161576966 -0.01390548996884537 0.103783305706755 1.010547554805296
1 0.001542390341 0.261 -0.4413554497749425 -0.01380130383413375 0.1034230028471714 1.010455013325998
1 0.001542390341 0.262 -0.4404858743616309 -0.01369708051319396 0.1030648588723216 1.010363397137936
1 0.001542390341 0.263 -0.4396228913089988 -0.01359283806277506 0.1027088652605081 1.010272695193518
1 0.001542390341 0.264 -0.4387665012681739 -0.01348859407445308 0.102355013596507 1.010182896605026
1 0.001542390341 0.265 -0.4379167037912774 -0.01338436568660051 0.1020032955660086 1.010093990641963
1 0.001542390341 0.266 -0.4370734973626852 -0.01328016959724123 0.1016537029500378 1.010005966728032
1 0.001542390341 0.267 -0.4362368794216726 -0.01317602207336138 0.1013062276202725 1.009918814439301
1 0.001542390341 0.268 -0.4354068463941071 -0.01307193896396072 0.1009608615337178 1.009832523500993
1 0.001542390341 0.269 -0.4345833937156503 -0.01296793570960927 0.1006175967282475 1.00974708378546
1 0.001542390341 0.27 -0.4337665158573409 -0.0128640273529938 0.1002764253180607 1.009662485309754
1 0.001542390341 0.271 -0.4329562063530391 -0.01276022855023719 0.09993733948914395 1.009578718232861
1 0.001542390341 0.272 -0.4321524578193042 -0.01265655357910316 0.09960033149542395 1.00949577285402
1 0.001542390341 0.273 -0.4313552619832141 -0.01255301635048059 0.09926539365445566 1.009413639609783
1 0.001542390341 0.274 -0.4305646097027274 -0.01244963041679695 0.09893251834377569 1.00933230907216
1 0.001542390341 0.275 -0.429780490989138 -0.01234640898129723 0.09860169799720783 1.009251771946398
1 0.001542390341 0.276 -0.4290028950311582 -0.012243364907998 0.09827292510119263 1.009172019068442
1 0.001542390341 0.277 -0.4282318102123621 -0.01214051072890514 0.09794619219163941 1.009093041403404
1 0.001542390341 0.278 -0.4274672241355965 -0.01203785865410676 0.09762149185045728 1.009014830042862
1 0.001542390341 0.279 -0.4267091236408482 -0.01193542057916851 0.09729881670258773 1.00893737620317
1 0.001542390341 0.28 -0.4259574948249445 -0.0118332080932861 0.09697815941301761 1.008860671223419
1 0.001542390341 0.281 -0.4252123230626848 -0.01173123248802735 0.09665951268383066 1.008784706563114
1 0.001542390341 0.282 -0.4244735930221429 -0.01162950476367149 0.09634286925164448 1.008709473800772
1 0.001542390341 0.283 -0.4237412886860856 -0.01152803563806852 0.09602822188484191 1.008634964631449
1 0.001542390341 0.284 -0.4230153933676465 -0.01142683555313 0.09571556338117039 1.008561170865193
1 0.001542390341 0.285 -0.4222958897276106 -0.01132591468198201 0.09540488656534397 1.008488084425177
1 0.001542390341 0.286 -0.4215827597929539 -0.01122528293663367 0.09509618428669508 1.008415697345569
1 0.001542390341 0.287 -0.420875984970267 -0.01112494997353565 0.09478944941709976 1.008344001770253
1 0.001542390341 0.288 -0.4201755460645488 -0.01102492520134821 0.09448467484879002 1.008272989950563
1 0.001542390341 0.289 -0.4194814232929567 -0.01092521778662949 0.09418185349242562 1.008202654243863
1 0.001542390341 0.29 -0.4187935962999716 -0.01082583666010335 0.09388097827518604 1.008132987111841
1 0.001542390341 0.291 -0.4181120441736668 -0.01072679052337819 0.0935820421389196 1.008063981118556
1 0.001542390341 0.292 -0.4174367454574849 -0.01062808785381316 0.09328503803847658 1.00799562892927
1 0.001542390341 0.293 -0.4167676781667306 -0.01052973691132188 0.0929899589400021 1.007927923308369
1 0.001542390341 0.294 -0.4161048198006367 -0.01043174574335021 0.09269679781940127 1.007860857118063
1 0.001542390341 0.295 -0.4154481473556741 -0.01033412219036134 0.09240554766083785 1.007794423316827
1 0.001542390341 0.296 -0.4147976373398303 -0.01023687389171609 0.09211620145529478 1.007728614957607
1 0.001542390341 0.297 -0.4141532657829472 -0.01014000828992595 0.09182875219924762 1.007663425186754
1 0.001542390341 0.298 -0.4135150082511988 -0.0100435326366063 0.0915431928933535 1.007598847242118
1 0.001542390341 0.299 -0.4128828398576861 -0.009947453996825855 0.09125951654124399 1.007534874451855
1 0.001542390341 0.3 -0.412256735274122 -0.009851779253900895 0.09097771614836007 1.007471500233004
1 0.001542390341 0.301 -0.4116366687433713 -0.00975651511453598 0.09069778472085251 1.007408718089838
1 0.001542390341 0.302 -0.4110226140885302 -0.009661668112535082 0.09041971526453846 1.007346521612891
1 0.001542390341 0.303 -0.4104145447256433 -0.009567244614005523 0.09014350078391681 1.007284904477207
1 0.001542390341 0.304 -0.4098124336730107 -0.009473250821152896 0.08986913428123235 1.007223860441253
1 0.001542390341 0.305 -0.4092162535614579 -0.009379692776466147 0.08959660875558928 1.007163383345611
1 0.001542390341 0.306 -0.4086259766453529 -0.00928657636720719 0.08932591720213093 1.007103467111465
1 0.001542390341 0.307 -0.4080415748105908 -0.009193907328643645 0.08905705261123216 1.007044105739714
1 0.001542390341 0.308 -0.4074630195857706 -0.00910169124859374 0.0887900079677819 1.006985293309363
1 0.001542390341 0.309 -0.4068902821503825 -0.009009933570732428 0.08852477625047249 1.006927023976531
1 0.001542390341 0.31 -0.4063233333438394 -0.008918639598240286 0.08826135043114261 1.006869291973246
1 0.001542390341 0.311 -0.4057621436751678 -0.008827814497720625 0.08799972347418615 1.006812091606061
1 0.001542390341 0.312 -0.405206683330038 -0.008737463302010593 0.08773988833594032 1.006755417255243
1 0.001542390341 0.313 -0.4046569221805967 -0.008647590914147204 0.08748183796418652 1.006699263373295
1 0.001542390341 0.314 -0.4041128297926791 -0.008558202110243203 0.08722556529762579 1.006643624484043
1 0.001542390341 0.315 -0.4035743754337616 -0.008469301542664688 0.08697106326541026 1.00658849518154
1 0.001542390341 0.316 -0.4030415280814967 -0.00838089374344551 0.08671832478673919 1.006533870128788
1 0.001542390341 0.317 -0.4025142564299123 -0.008292983126727322 0.08646734277040936 1.006479744056999
1 0.001542390341 0.318 -0.4019925288980742 -0.008205573992217816 0.08621811011449336 1.006426111764236
1 0.001542390341 0.319 -0.4014763136364478 -0.008118670527688472 0.08597061970596848 1.006372968114579
1 0.001542390341 0.32 -0.4009655785339149 -0.008032276811738471 0.08572486442040261 1.006320308037117
1 0.001542390341 0.321 -0.4004602912252979 -0.007946396816768314 0.08548083712170235 1.006268126524775
1 0.001542390341 0.322 -0.3999604190981692 -0.00786103441165195 0.08523853066186869 1.006216418633294
1 0.001542390341 0.323 -0.3994659292951234 -0.007776193362494857 0.0849979378805365 1.006165179481369
1 0.001542390341 0.324 -0.3989767887267791 -0.00769187733789442 0.08475905160510573 1.006114404247994
1 0.001542390341 0.325 -0.3984929640750952 -0.007608089910137562 0.08452186465042237 1.006064088172252
1 0.001542390341 0.326 -0.3980144217991572 -0.007524834557425197 0.08428636981859958 1.006014226552469
1 0.001542390341 0.327 -0.3975411281390356 -0.007442114665272537 0.08405255989874492 1.005964814745875
1 0.001542390341 0.328 -0.397073049123735 -0.007359933529637242 0.08382042766696056 1.005915848167146
1 0.001542390341 0.329 -0.3966101505774186 -0.007278294359320575 0.08358996588628283 1.005867322287358
1 0.001542390341 0.33 -0.396152398124749 -0.007197200277993885 0.08336116730659852 1.005819232633165
1 0.001542390341 0.331 -0.3956997571955387 -0.007116654325923656 0.08313402466453367 1.005771574786145
1 0.001542390341 0.332 -0.3952521930281993 -0.007036659461168658 0.08290853068327153 1.005724344382501
1 0.001542390341 0.333 -0.3948096706767653 -0.006957218562310483 0.08268467807264779 1.005677537111708
1 0.001542390341 0.334 -0.3943721550164103 -0.006878334430541374 0.08246245952917591 1.005631148715559
1 0.001542390341 0.335 -0.3939396107481895 -0.006800009791420912 0.08224186773604325 1.005585174987405
1 0.001542390341 0.336 -0.3935120024031848 -0.006722247296365015 0.0820228953630774 1.005539611771557
1 0.001542390341 0.337 -0.3930892943456022 -0.006645049523664949 0.08180553506664016 1.005494454963016
1 0.001542390341 0.338 -0.3926714507789896 -0.006568418980871245 0.08158977948979591 1.005449700506225
1 0.001542390341 0.339 -0.3922584357511359 -0.006492358106608205 0.08137562126240443 1.005405344394192
1 0.001542390341 0.34 -0.3918502131582977 -0.006416869272095093 0.08116305300118118 1.005361382667787
1 0.001542390341 0.341 -0.3914467467489045 -0.006341954782428965 0.08095206730972643 1.005317811415201
1 0.001542390341 0.342 -0.391048000126361 -0.006267616877447719 0.08074265677848298 1.005274626771696
1 0.001542390341 0.343 -0.3906539367545594 -0.006193857733812281 0.08053481398495962 1.005231824918456
1 0.001542390341 0.344 -0.390264519962243 -0.006120679466582996 0.0803285314938765 1.005189402081781
1 0.001542390341 0.345 -0.3898797129467844 -0.006048084130535557 0.08012380185727622 1.005147354532436
1 0.001542390341 0.346 -0.3894994787775158 -0.005976073721264056 0.07992061761460351 1.005105678585156
1 0.001542390341 0.347 -0.3891237803982791 -0.005904650175907711 0.0797189712927167 1.005064370598426
1 0.001542390341 0.348 -0.3887525806323221 -0.005833815374970752 0.07951885540615108 1.005023426973414
1 0.001542390341 0.349 -0.3883858421861979 -0.005763571143691657 0.07932026245730456 1.004982844153226
1 0.001542390341 0.35 -0.3880235276531559 -0.005693919253180452 0.07912318493658839 1.004942618622315
1 0.001542390341 0.351 -0.3876655995161476 -0.00562486142136521 0.07892761532254762 1.004902746906025
1 0.001542390341 0.352 -0.3873120201501671 -0.005556399313599861 0.07873354608191735 1.004863225570383
1 0.001542390341 0.353 -0.3869627518266083 -0.00548853454425633 0.07854096966991381 1.004824051221127
1 0.001542390341 0.354 -0.3866177567167605 -0.005421268677913837 0.07834987853045021 1.004785220503012
1 0.001542390341 0.355 -0.3862769968948644 -0.005354603230340958 0.0781602650963179 1.004746730099263
1 0.001542390341 0.356 -0.3859404343408419 -0.005288539669306023 0.07797212178933915 1.004708576731161
1 0.001542390341 0.357 -0.3856080309424592 -0.005223079415081363 0.07778544102046088 1.004670757157859
1 0.001542390341 0.358 -0.3852797484992146 -0.005158223841838005 0.07760021519006371 1.004633268175473
1 0.001542390341 0.359 -0.3849555487254818 -0.005093974278678851 0.07741643668819928 1.004596106616451
1 0.001542390341 0.36 -0.3846353932532777 -0.005030332010486055 0.07723409789479438 1.004559269349065
1 0.001542390341 0.361 -0.3843192436347545 -0.00496729827861329 0.07705319117982916 1.004522753277032
1 0.001542390341 0.362 -0.3840070613442192 -0.004904874281299969 0.07687370890346218 1.004486555339345
1 0.001542390341 0.363 -0.3836988077816068 -0.004843061174894982 0.07669564341634924 1.004450672509438
1 0.001542390341 0.364 -0.3833944442753187 -0.004781860074754622 0.07651898705989529 1.004415101794601
1 0.001542390341 0.365 -0.3830939320847428 -0.004721272055973297 0.07634373216647534 1.004379840235509
1 0.001542390341 0.366 -0.382797232402542 -0.004661298153973398 0.07616987105963224 1.004344884905877
1 0.001542390341 0.367 -0.3825043063565559 -0.004601939364841446 0.07599739605422798 1.004310232912308
1 0.001542390341 0.368 -0.3822151150129102 -0.004543196646403951 0.07582629945676561 1.00427588139352
1 0.001542390341 0.369 -0.3819296193785914 -0.004485070919008387 0.07565657356565011 1.004241827519798
1 0.001542390341 0.37 -0.3816477804037511 -0.004427563066152928 0.07548821067142104 1.004208068492576
1 0.001542390341 0.371 -0.3813695589838229 -0.004370673934987766 0.07532120305696502 1.004174601544104
1 0.001542390341 0.372 -0.3810949159613283 -0.004314404336583614 0.07515554299768898 1.004141423937321
1 0.001542390341 0.373 -0.380823812128667 -0.004258755046879877 0.07499122276183978 1.004108532965132
1 0.001542390341 0.374 -0.3805562082304609 -0.004203726807364565 0.07482823461076957 1.004075925949911
1 0.001542390341 0.375 -0.3802920649656732 -0.004149320325616841 0.07466657079917585 1.004043600243103
1 0.001542390341 0.376 -0.3800313429895789 -0.004095536275731807 0.07450622357532478 1.004011553224928
1 0.001542390341 0.377 -0.3797740029154961 -0.004042375298530587 0.07434718518124266 1.003979782304263
1 0.001542390341 0.378 -0.3795200053172938 -0.003989838002398311 0.07418944785302903 1.003948284917975
1 0.001542390341 0.379 -0.3792693107315348 -0.003937924963876865 0.07403300382112286 1.003917058530454
1 0.001542390341 0.38 -0.3790218796594357 -0.003886636728132206 0.07387784531054646 1.003886100633254
1 0.001542390341 0.381 -0.3787776725687141 -0.003835973809313166 0.07372396454113643 1.003855408744815
1 0.001542390341 0.382 -0.3785366498952608 -0.00378593669071112 0.07357135372775027 1.003824980410362
1 0.001542390341 0.383 -0.3782987720453988 -0.003736525825503036 0.07342000508056974 1.003794813201282
1 0.001542390341 0.384 -0.3780639993978502 -0.003687741637269108 0.0732699108053645 1.003764904714693
1 0.001542390341 0.385 -0.3778322923055598 -0.003639584520395272 0.0731210631037376 1.003735252573114
1 0.001542390341 0.386 -0.3776036110974372 -0.00359205484037517 0.07297345417336092 1.00370585442421
1 0.001542390341 0.387 -0.3773779160799859 -0.003545152933926432 0.07282707620819459 1.003676707940698
1 0.001542390341 0.388 -0.3771551675393406 -0.003498879109651976 0.07268192139877788 1.00364781081977
1 0.001542390341 0.389 -0.3769353257430814 -0.003453233648493008 0.07253798193248803 1.003619160782699
1 0.001542390341 0.39 -0.3767183509419376 -0.003408216804075769 0.07239524999378469 1.003590755574526
1 0.001542390341 0.391 -0.376504203371444 -0.003363828802964621 0.07225371776444822 1.00356259296383
1 0.001542390341 0.392 -0.3762928432535384 -0.003320069844741039 0.07211337742380934 1.003534670742644
1 0.001542390341 0.393 -0.3760842307984013 -0.003276940102594597 0.07197422114902548 1.003506986725918
1 0.001542390341 0.394 -0.3758783262061353 -0.003234439723720377 0.07183624111533311 1.003479538751154
1 0.001542390341 0.395 -0.3756750896683685 -0.003192568829617795 0.07169942949628944 1.003452324678117
1 0.001542390341 0.396 -0.3754744813698361 -0.003151327516301696 0.07156377846401143 1.003425342388623
1 0.001542390341 0.397 -0.3752764614899585 -0.003110715854349346 0.07142928018941391 1.003398589786464
1 0.001542390341 0.398 -0.3750809902045046 -0.003070733889430975 0.07129592684247023 1.003372064796911
1 0.001542390341 0.399 -0.3748880276871523 -0.003031381642659418 0.07116371059245624 1.00334576536637
1 0.001542390341 0.4 -0.3746975341110048 -0.002992659110847792 0.07103262360818784 1.003319689462122
1 0.001542390341 0.401 -0.3745094696501106 -0.002954566266684541 0.07090265805825938 1.003293835072123
1 0.001542390341 0.402 -0.3743237944810324 -0.00291710305875303 0.07077380611128883 1.003268200204938
1 0.001542390341 0.403 -0.374140468784349 -0.002880269412010124 0.07064605993616109 1.003242782889278
1 0.001542390341 0.404 -0.3739594527461146 -0.002844065228094818 0.07051941170226315 1.003217581173684
1 0.001542390341 0.405 -0.3737807065592966 -0.002808490385550591 0.07039385357971598 1.003192593126284
1 0.001542390341 0.406 -0.3736041904252473 -0.002773544739969541 0.07026937773961127 1.003167816834607
1 0.001542390341 0.407 -0.3734298645552692 -0.002739228123988512 0.07014597635426219 1.003143250405529
1 0.001542390341 0.408 -0.3732576891719737 -0.002705540347723032 0.0700236415974289 1.00311889196484
1 0.001542390341 0.409 -0.3730876245106474 -0.002672481199040726 0.06990236564454372 1.003094739656948
1 0.001542390341 0.41 -0.3729196308206258 -0.002640050443753358 0.06978214067293671 1.003070791644656
1 0.001542390341 0.411 -0.3727536683667227 -0.002608247825734459 0.06966295886206979 1.003047046108993
1 0.001542390341 0.412 -0.3725896974308005 -0.002577073066895387 0.06954481239379184 1.003023501249162
1 0.001542390341 0.413 -0.3724276783129975 -0.002546525867580886 0.06942769345254618 1.003000155282139
1 0.001542390341 0.414 -0.3722675713330132 -0.002516605906812253 0.06931159422558492 1.0029770064424
1 0.001542390341 0.415 -0.3721093368314252 -0.002487312842453366 0.06919650690318771 1.002954052981708
1 0.001542390341 0.416 -0.3719529351710845 -0.002458646311305582 0.0690824236788925 1.002931293168966
1 0.001542390341 0.417 -0.3717983267386974 -0.002430605929066621 0.06896933674975404 1.002908725290163
1 0.001542390341 0.418 -0.3716454719448976 -0.002403191291420508 0.0688572383163768 1.002886347647428
1 0.001542390341 0.419 -0.3714943312279205 -0.002376401972461559 0.06874612058348863 1.002864158560201
1 0.001542390341 0.42 -0.3713448650579194 -0.002350237522878237 0.0686359757606157 1.002842156366584
1 0.001542390341 0.421 -0.3711970339192756 -0.002324697483073186 0.06852679605942608 1.002820339412864
1 0.001542390341 0.422 -0.371050798346587 -0.002299781359818689 0.06841857369919851 1.002798706071898
1 0.001542390341 0.423 -0.370906118889366 -0.002275488650514113 0.06831130090148413 1.002777254723894
1 0.001542390341 0.424 -0.3707629561359869 -0.00225181882867903 0.0682049698937649 1.002755983767742
1 0.001542390341 0.425 -0.3706212707157288 -0.002228771344160713 0.06809957290979309 1.002734891620713
1 0.001542390341 0.426 -0.3704810232741741 -0.002206345637574391 0.06799510218582401 1.002713976707224
1 0.001542390341 0.427 -0.3703421745175848 -0.002184541116968169 0.06789154996746116 1.00269323747672
1 0.001542390341 0.428 -0.3702046851700547 -0.002163357181304851 0.06778890850306399 1.002672672385576
1 0.001542390341 0.429 -0.3700685160019734 -0.0021427932063927 0.06768717004815411 1.002652279907768
1 0.001542390341 0.43 -0.3699336278320085 -0.002122848545065331 0.06758632686574144 1.002632058534599
1 0.001542390341 0.431 -0.3697999814980067 -0.002103522541193167 0.0674863712218137 1.00261200676411
1 0.001542390341 0.432 -0.3696675379086435 -0.002084814507001171 0.06738729539337675 1.002592123117938
1 0.001542390341 0.433 -0.3695362579932593 -0.00206672374587836 0.06728909166065702 1.002572406124256
1 0.001542390341 0.434 -0.3694061027347103 -0.002049249538688031 0.06719175231222564 1.00255285432784
1 0.001542390341 0.435 -0.369277033171298 -0.002032391143923771 0.06709526964531105 1.002533466289811
1 0.001542390341 0.436 -0.3691490103632997 -0.002016147811349121 0.06699963596057518 1.002514240577647
1 0.001542390341 0.437 -0.3690219954516996 -0.002000518759881431 0.06690484357129968 1.002495175781098
1 0.001542390341 0.438 -0.3688959496009054 -0.001985503199818357 0.06681088479443228 1.002476270496079
1 0.001542390341 0.439 -0.3687708340358761 -0.001971100319477177 0.06671775195639872 1.002457523334183
1 0.001542390341 0.44 -0.3686466100440047 -0.001957309285330066 0.06662543739340199 1.002438932922434
1 0.001542390341 0.441 -0.3685232389373884 -0.001944129255321339 0.06653393344551486 1.002420497893862
1 0.001542390341 0.442 -0.3684006821184727 -0.001931559357242178 0.06644323246696329 1.002402216902534
1 0.001542390341 0.443 -0.3682789010158229 -0.00191959871045157 0.06635332681606548 1.002384088608342
1 0.001542390341 0.444 -0.3681578571254295 -0.001908246412800893 0.06626420886170184 1.00236611168599
1 0.001542390341 0.445 -0.3680375120125512 -0.001897501540751123 0.06617587098360127 1.002348284824771
1 0.001542390341 0.446 -0.3679178272698195 -0.001887363162410609 0.06608830556577952 1.002330606719651
1 0.001542390341 0.447 -0.3677987645896525 -0.001877830316335014 0.06600150500787112 1.002313076085485
1 0.001542390341 0.448 -0.3676802856932279 -0.001868902032810196 0.06591546171401012 1.00229569164264
1 0.001542390341 0.449 -0.3675623523758835 -0.001860577321023784 0.06583016809992852 1.002278452125489
1 0.001542390341 0.45 -0.3674449265089264 -0.00185285516916654 0.0657456165932296 1.002261356282205
1 0.001542390341 0.451 -0.3673279699936527 -0.001845734557228229 0.06566179962620187 1.002244402866331
1 0.001542390341 0.452 -0.3672114448404067 -0.001839214436165189 0.06557870964815146 1.002227590650229
1 0.001542390341 0.453 -0.3670953130908845 -0.001833293748804284 0.06549633911327252 1.002210918411477
1 0.001542390341 0.454 -0.3669795368675571 -0.001827971417227826 0.06541468048834539 1.002194384940913
1 0.001542390341 0.455 -0.3668640783754493 -0.001823246342860951 0.06533372625299722 1.00217798904244
1 0.001542390341 0.456 -0.3667488998521473 -0.001819117419058642 0.06525346889192016 1.002161729525045
1 0.001542390341 0.457 -0.3666339636533938 -0.001815583510590058 0.06517390090815771 1.002145605215541
1 0.001542390341 0.458 -0.3665192321688348 -0.001812643474215731 0.06509501481001162 1.002129614945681
1 0.001542390341 0.459 -0.3664046678754017 -0.00181029614625603 0.06501680311931168 1.00211375755978
1 0.001542390341 0.46 -0.3662902333390649 -0.001808540342666115 0.06493925837166389 1.002098031914537
1 0.001542390341 0.461 -0.3661758911608897 -0.001807374871443401 0.06486237310810117 1.002082436871466
1 0.001542390341 0.462 -0.3660616040690754 -0.00180679851238341 0.064786139889278 1.00206697130898
1 0.001542390341 0.463 -0.3659473348282403 -0.001806810037376518 0.06471055128145985 1.002051634110177
1 0.001542390341 0.464 -0.3658330462967097 -0.001807408198133418 0.06463559986533696 1.002036424170066
1 0.001542390341 0.465 -0.3657187014282471 -0.001808591726248951 0.06456127823626058 1.002021340395401
1 0.001542390341 0.466 -0.3656042632142124 -0.001810359345456136 0.06448757899535344 1.002006381697506
1 0.001542390341 0.467 -0.365489694781964 -0.001812709751613023 0.06441449476456892 1.001991547003735
1 0.001542390341 0.468 -0.3653749592977651 -0.001815641632760417 0.06434201817180688 1.001976835245888
1 0.001542390341 0.469 -0.3652600200279313 -0.001819153656980496 0.06427014186024542 1.001962245367073
1 0.001542390341 0.47 -0.3651448403405435 -0.001823244472450596 0.06419885848856563 1.001947776321543
1 0.001542390341 0.471 -0.3650293836437513 -0.001827912719567316 0.06412816072154773 1.00193342706789
1 0.001542390341 0.472 -0.3649136134904736 -0.001833157011127771 0.06405804124595292 1.001919196579929
1 0.001542390341 0.473 -0.3647974934749935 -0.001838975952185647 0.06398849275480807 1.001905083835699
1 0.001542390341 0.474 -0.3646809872979281 -0.00184536812802138 0.06391950795723016 1.001891087823975
1 0.001542390341 0.475 -0.3645640587679253 -0.001852332104186816 0.06385107957863985 1.001877207544124
1 0.001542390341 0.476 -0.3644466717361514 -0.001859866438520679 0.06378320035086882 1.001863441999635
1 0.001542390341 0.477 -0.364328790207232 -0.001867969661490929 0.06371586302882366 1.001849790208465
1 0.001542390341 0.478 -0.3642103782295962 -0.001876640295883088 0.06364906037398034 1.001836251192583
1 0.001542390341 0.479 -0.3640913999642343 -0.001885876844862283 0.06358278516467697 1.001822823984166
1 0.001542390341 0.48 -0.363971819686383 -0.00189567779200955 0.06351703019631705 1.001809507625463
1 0.001542390341 0.481 -0.363851601716227 -0.001906041613248118 0.06345178827101154 1.001796301162641
1 0.001542390341 0.482 -0.3637307105360358 -0.001916966757316353 0.06338705221498696 1.001783203655626
1 0.001542390341 0.483 -0.3636091106743032 -0.001928451665319404 0.06332281486132794 1.001770214168165
1 0.001542390341 0.484 -0.3634867667782687 -0.00194049475886504 0.06325906906071568 1.001757331773714
1 0.001542390341 0.485 -0.3633636436155922 -0.001953094440092252 0.06319580768162136 1.001744555555312
1 0.001542390341 0.486 -0.3632397060012963 -0.001966249103526209 0.06313302359950561 1.001731884599729
1 0.001542390341 0.487 -0.3631149189210602 -0.001979957116653681 0.0630707097149347 1.001719318006831
1 0.001542390341 0.488 -0.3629892474091955 -0.001994216839366581 0.06300885893560769 1.001706854880118
1 0.001542390341 0.489 -0.3628626566249092 -0.002009026612154904 0.06294746418751912 1.00169449433234
1 0.001542390341 0.49 -0.3627351118539703 -0.002024384756128196 0.06288651841514301 1.001682235485368
1 0.001542390341 0.491 -0.362606578431913 -0.002040289584815701 0.06282601457021128 1.001670077464629
1 0.001542390341 0.492 -0.3624770218734598 -0.002056739384818191 0.0627659456305039 1.001658019408023
1 0.001542390341 0.493 -0.3623464077443628 -0.002073732435169875 0.06270630458119525 1.001646060456914
1 0.001542390341 0.494 -0.3622147017413931 -0.002091266995572954 0.06264708442642063 1.001634199761477
1 0.001542390341 0.495 -0.3620818696940018 -0.002109341306412451 0.0625882781894514 1.001622436480583
1 0.001542390341 0.496 -0.3619478774837983 -0.002127953600516877 0.06252987890107266 1.001610769776488
1 0.001542390341 0.497 -0.3618126911800832 -0.002147102083862244 0.06247187961901533 1.001599198823341
1 0.001542390341 0.498 -0.3616762769055757 -0.002166784954876923 0.06241427340865406 1.001587722798592
1 0.001542390341 0.499 -0.3615386009201197 -0.002187000392703402 0.06235705335495859 1.001576340888092
1 0.001542390341 0.5 -0.3613996296223412 -0.002207746557206938 0.06230021256266087 1.001565052285985
1 0.001542390341 0.501 -0.3612593294654109 -0.002229021600710997 0.06224374414425035 1.001553856189647
1 0.001542390341 0.502 -0.3611176670986747 -0.002250823648730875 0.06218764124001866 1.001542751807793
1 0.001542390341 0.503 -0.3609746092272821 -0.002273150819244415 0.0621318969981391 1.001531738352293
1 0.001542390341 0.504 -0.3608301226996015 -0.002296001210967527 0.06207650458698518 1.001520815043027
1 0.001542390341 0.505 -0.3606841745088759 -0.002319372903357082 0.0620214571952904 1.001509981107797
1 0.001542390341 0.506 -0.3605367317052769 -0.002343263968334425 0.06196674801977854 1.001499235777479
1 0.001542390341 0.507 -0.3603877615436257 -0.002367672451027552 0.06191237028579356 1.001488578293783
1 0.001542390341 0.508 -0.3602372313369301 -0.002392596389029046 0.06185831722678843 1.001478007901424
1 0.001542390341 0.509 -0.360085108547507 -0.002418033800672834 0.06180458209699482 1.00146752385277
1 0.001542390341 0.51 -0.3599313607886377 -0.002443982685031709 0.06175115817157592 1.001457125407748
1 0.001542390341 0.511 -0.3597759557329153 -0.002470441033641332 0.06169803873390787 1.001446811829226
1 0.001542390341 0.512 -0.3596188612660565 -0.002497406811231334 0.0616452170967698 1.001436582390416
1 0.001542390341 0.513 -0.3594600453343482 -0.002524877974990391 0.06159268658126751 1.001426436367405
1 0.001542390341 0.514 -0.3592994760394787 -0.002552852462832553 0.06154044052983944 1.001416373043587
1 0.001542390341 0.515 -0.3591371216401942 -0.002581328193389775 0.06148847230640326 1.001406391709581
1 0.001542390341 0.516 -0.3589729504569377 -0.002610303077747944 0.06143677528330295 1.001396491658817
1 0.001542390341 0.517 -0.3588069310317578 -0.002639775000148701 0.0613853428630362 1.00138667219461
1 0.001542390341 0.518 -0.3586390319696596 -0.002669741837280143 0.06133416845663619 1.001376932623022
1 0.001542390341 0.519 -0.35846922203715 -0.002700201446521919 0.06128324549700045 1.001367272257102
1 0.001542390341 0.52 -0.3582974701638969 -0.002731151665933153 0.06123256743903175 1.001357690416805
1 0.001542390341 0.521 -0.3581237453436533 -0.002762590326011172 0.06118212774626416 1.001348186424775
1 0.001542390341 0.522 -0.3579480168002764 -0.002794515230347231 0.06113191991310712 1.001338759613108
1 0.001542390341 0.523 -0.3577702538229709 -0.002826924174959958 0.06108193744270651 1.001329409316526
1 0.001542390341 0.524 -0.3575904258685569 -0.002859814936509243 0.06103217386058409 1.001320134876436
1 0.001542390341 0.525 -0.3574085025631333 -0.002893185272279926 0.06098262271477349 1.001310935640849
1 0.001542390341 0.526 -0.357224453599279 -0.002927032931973097 0.06093327756213706 1.001301810960351
1 0.001542390341 0.527 -0.3570382489081978 -0.002961355638300263 0.06088413199110819 1.001292760194568
1 0.001542390341 0.528 -0.3568498584888396 -0.002996151106375269 0.0608351795990505 1.001283782705642
1 0.001542390341 0.529 -0.3566592525139016 -0.003031417031887876 0.06078641400619728 1.00127487786211
1 0.001542390341 0.53 -0.3564664013314972 -0.003067151091083589 0.06073782885578285 1.001266045038831
1 0.001542390341 0.531 -0.3562712753586221 -0.003103350952596513 0.06068941780006106 1.001257283613127
1 0.001542390341 0.532 -0.3560738452594475 -0.003140014257967968 0.06064117452352941 1.001248592970974
1 0.001542390341 0.533 -0.3558740817682985 -0.003177138641111191 0.06059309271980321 1.001239972500757
1 0.001542390341 0.534 -0.3556719557994016 -0.003214721716436346 0.06054516610584539 1.001231421596985
1 0.001542390341 0.535 -0.3554674384485611 -0.003252761078826902 0.06049738842209391 1.001222939660217
1 0.001542390341 0.536 -0.3552605008828756 -0.003291254315522159 0.06044975341819115 1.001214526093374
1 0.001542390341 0.537 -0.3550511145252056 -0.003330198986547761 0.06040225487667571 1.001206180307662
1 0.001542390341 0.538 -0.3548392508709828 -0.003369592644266026 0.06035488658938608 1.001197901716596
1 0.001542390341 0.539 -0.3546248816017219 -0.003409432821445055 0.06030764237197261 1.001189689739556
1 0.001542390341 0.54 -0.3544079785867051 -0.003449717031232073 0.06026051606402157 1.001181543801719
1 0.001542390341 0.541 -0.354188513768932 -0.00349044277909282 0.06021350151450344 1.00117346333052
1 0.001542390341 0.542 -0.3539664593557906 -0.00353160754314294 0.06016659260592015 1.001165447761339
1 0.001542390341 0.543 -0.35374178762967 -0.003573208793795283 0.06011978323025102 1.001157496531762
1 0.001542390341 0.544 -0.3535144710652542 -0.003615243981766712 0.06007306730373976 1.001149609084999
1 0.001542390341 0.545 -0.3532844823312158 -0.003657710538048815 0.06002643876701561 1.001141784869812
1 0.001542390341 0.546 -0.3530517941723798 -0.003700605885910457 0.05997989157026765 1.00113402333713
1 0.001542390341 0.547 -0.3528163796066326 -0.003743927421120553 0.05993341969783703 1.001126323945495
1 0.001542390341 0.548 -0.3525782117293036 -0.00378767253170216 0.05988701714371586 1.001118686155565
1 0.001542390341 0.549 -0.3523372638342634 -0.003831838585871515 0.05984067792660339 1.001111109433386
1 0.001542390341 0.55 -0.3520935094156258 -0.00387642293200658 0.05979439609002487 1.001103593250331
1 0.001542390341 0.551 -0.3518469220461068 -0.003921422910718038 0.05974816568723727 1.001096137079847
1 0.001542390341 0.552 -0.351597475580205 -0.00396683583495562 0.05970198080625845 1.001088740402681
1 0.001542390341 0.553 -0.3513451439523186 -0.004012659009877162 0.05965583554492761 1.00108140270161
1 0.001542390341 0.554 -0.3510899013016689 -0.004058889720715442 0.05960972402622587 1.001074123464575
1 0.001542390341 0.555 -0.3508317219740129 -0.00410552523274499 0.05956364039839339 1.001066902184627
1 0.001542390341 0.556 -0.3505705803961734 -0.004152562803425846 0.0595175788195712 1.001059738356809
1 0.001542390341 0.5570000000000001 -0.3503064512855292 -0.004199999662387274 0.05947153348326046 1.001052631483158
1 0.001542390341 0.5580000000000001 -0.3500393094418307 -0.004247833031418293 0.05942549859295162 1.001045581067665
1 0.001542390341 0.5590000000000001 -0.3497691298759717 -0.0042960601122589 0.05937946837770575 1.001038586619271
1 0.001542390341 0.5600000000000001 -0.3494958878117127 -0.004344678086565625 0.05933343709227022 1.00103164765182
1 0.001542390341 0.5610000000000001 -0.3492195585563588 -0.004393684128131305 0.05928739900146025 1.001024763681063
1 0.001542390341 0.5620000000000001 -0.3489401177165996 -0.004443075382741751 0.05924134840604346 1.001017934229467
1 0.001542390341 0.5630000000000001 -0.348657540983984 -0.004492848988292553 0.05919527961694281 1.001011158821369
1 0.001542390341 0.5640000000000001 -0.3483718042675639 -0.004543002062502335 0.05914918697107611 1.001004436985856
1 0.001542390341 0.5650000000000001 -0.3480828836956293 -0.004593531702877543 0.05910306483147072 1.000997768256719
1 0.001542390341 0.5660000000000001 -0.3477907554825096 -0.004644434999010434 0.05905690757138733 1.000991152169582
1 0.001542390341 0.5670000000000001 -0.3474953961508038 -0.004695709012306025 0.05901070960062638 1.00098458826651
1 0.001542390341 0.5680000000000001 -0.3471967823104731 -0.004747350796228221 0.05896446533930862 1.000978076091362
1 0.001542390341 0.5690000000000001 -0.3468948907953827 -0.004799357383933828 0.05891816923397089 1.000971615192559
1 0.001542390341 0.5700000000000001 -0.3465896986650486 -0.00485172578823708 0.05887181575768037 1.000965205123034
1 0.001542390341 0.5710000000000001 -0.3462811830675365 -0.00490445301398693 0.05882539939390211 1.000958845437478
1 0.001542390341 0.5720000000000001 -0.3459693214681243 -0.004957536037663466 0.05877891466322559 1.000952535696765
1 0.001542390341 0.5730000000000001 -0.345654091421971 -0.005010971827754561 0.05873235609672488 1.000946275463492
1 0.001542390341 0.5740000000000001 -0.3453354707145824 -0.005064757332310521 0.05868571825231 1.000940064304634
1 0.001542390341 0.5750000000000001 -0.3450134373635684 -0.005118889478908832 0.05863899571484099 1.000933901791496
1 0.001542390341 0.5760000000000001 -0.3446879694776154 -0.005173365187110753 0.05859218307974001 1.000927787497071
1 0.001542390341 0.577 -0.3443590454916216 -0.005228181347928222 0.05854527498013751 1.000921721000289
1 0.001542390341 0.578 -0.3440266439329021 -0.005283334844330393 0.0584982660598127 1.000915701881732
1 0.001542390341 0.579 -0.3436907435656016 -0.005338822538719903 0.05845115098980059 1.000909729726183
1 0.001542390341 0.58 -0.3433513233924636 -0.005394641272898377 0.05840392446850617 1.000903804122587
1 0.001542390341 0.581 -0.3430083625098511 -0.005450787880601132 0.05835658120506086 1.000897924661505
1 0.001542390341 0.582 -0.3426618403493949 -0.005507259166837536 0.0583091159468893 1.000892090939199
1 0.001542390341 0.583 -0.342311736437694 -0.005564051928524842 0.05826152345222954 1.000886302553519
1 0.001542390341 0.584 -0.3419580305447006 -0.005621162941888294 0.05821379850699634 1.000880559106347
1 0.001542390341 0.585 -0.3416007026855001 -0.005678588962427884 0.05816593592489592 1.000874860203559
1 0.001542390341 0.586 -0.3412397329713558 -0.005736326737528844 0.05811793053052591 1.000869205452587
1 0.001542390341 0.587 -0.34087510185791 -0.005794372985680299 0.05806977718736467 1.000863594466334
1 0.001542390341 0.588 -0.3405067898983395 -0.005852724417231966 0.05802147076986952 1.000858026859226
1 0.001542390341 0.589 -0.3401347778957373 -0.005911377721721416 0.05797300618059767 1.000852502249566
1 0.001542390341 0.59 -0.3397590469049018 -0.005970329567842614 0.05792437835032183 1.000847020259487
1 0.001542390341 0.591 -0.3393795780793832 -0.006029576616128698 0.0578755822208722 1.000841580512618
1 0.001542390341 0.592 -0.3389963529262742 -0.006089115498055715 0.05782661277355134 1.000836182637842
1 0.001542390341 0.593 -0.3386093530527826 -0.006148942836915798 0.05777746500080744 1.000830826265504
1 0.001542390341 0.594 -0.338218560322632 -0.006209055235076099 0.05772813392361519 1.000825511029672
1 0.001542390341 0.595 -0.3378239568578609 -0.006269449273949646 0.05767861459159235 1.000820236568091
1 0.001542390341 0.596 -0.3374255248818466 -0.006330121526745711 0.05762890206558161 1.000815002519943
1 0.001542390341 0.597 -0.3370232469807214 -0.006391068537467387 0.05757899144649503 1.000809808529457
1 0.001542390341 0.598 -0.3366171058433281 -0.006452286841892882 0.05752887784655867 1.000804654242264
1 0.001542390341 0.599 -0.3362070844216581 -0.006513772954771844 0.05747855640695578 1.00079953930757
1 0.001542390341 0.6 -0.3357931659326606 -0.006575523369799068 0.05742802229794465 1.000794463378113
1 0.001542390341 0.601 -0.3353753336972239 -0.006637534572426564 0.05737727070117771 1.000789426108013
1 0.001542390341 0.602 -0.3349535714082494 -0.006699803018765671 0.05732629683898027 1.000784427156231
1 0.001542390341 0.603 -0.334527862863955 -0.006762325156666188 0.05727509594516187 1.00077946618308
1 0.001542390341 0.604 -0.3340981921323725 -0.006825097412856968 0.05722366328292487 1.000774542852302
1 0.001542390341 0.605 -0.3336645435531639 -0.006888116192923013 0.05717199414498372 1.000769656831035
1 0.001542390341 0.606 -0.3332269015725425 -0.006951377894172182 0.05712008383561828 1.00076480778774
1 0.001542390341 0.607 -0.3327852510180319 -0.007014878884454468 0.05706792770039215 1.000759995395531
1 0.001542390341 0.608 -0.3323395768250901 -0.007078615523326736 0.05701552109652556 1.000755219328815
1 0.001542390341 0.609 -0.3318898642056809 -0.007142584149145663 0.05696285941107272 1.000750479265298
1 0.001542390341 0.61 -0.3314360986500964 -0.007206781079048742 0.05690993806104268 1.000745774885942
1 0.001542390341 0.611 -0.3309782657578031 -0.007271202621867379 0.05685675247518335 1.000741105872982
1 0.001542390341 0.612 -0.3305163515189081 -0.007335845056877914 0.05680329812414543 1.00073647191312
1 0.001542390341 0.613 -0.3300503420340804 -0.007400704655037785 0.05674957049041099 1.000731872694301
1 0.001542390341 0.614 -0.3295802236872091 -0.007465777666040067 0.05669556508674321 1.000727307907637
1 0.001542390341 0.615 -0.329105983147232 -0.007531060318298893 0.05664127745630899 1.000722777247368
1 0.001542390341 0.616 -0.3286276071948909 -0.007596548831899548 0.05658670315418997 1.000718280408953
1 0.001542390341 0.617 -0.3281450830109278 -0.007662239397297686 0.05653183777799829 1.000713817092144
1 0.001542390341 0.618 -0.3276583978892794 -0.007728128196610848 0.05647667693735466 1.000709386997885
1 0.001542390341 0.619 -0.3271675394138356 -0.007794211390645002 0.05642121627261443 1.00070498983016
1 0.001542390341 0.62 -0.3266724954602708 -0.007860485118884885 0.05636545145499194 1.000700625295958
1 0.001542390341 0.621 -0.3261732540187001 -0.007926945512470538 0.05630937816779465 1.000696293103439
1 0.001542390341 0.622 -0.3256698034886167 -0.007993588672863065 0.05625299213749729 1.000691992964883
1 0.001542390341 0.623 -0.3251621323853479 -0.008060410693173545 0.05619628910276294 1.000687724593715
1 0.001542390341 0.624 -0.324650229520918 -0.0081274076451731 0.05613926483344934 1.00068348770628
1 0.001542390341 0.625 -0.3241340840058824 -0.008194575579288666 0.05608191513073511 1.000679282021806
1 0.001542390341 0.626 -0.3236136850678778 -0.008261910537594279 0.05602423580807298 1.000675107260647
1 0.001542390341 0.627 -0.3230890223533082 -0.008329408532463547 0.05596622272272887 1.000670963147113
1 0.001542390341 0.628 -0.3225600856270531 -0.008397065567916175 0.0559078717443394 1.000666849406612
1 0.001542390341 0.629 -0.3220268649574392 -0.008464877626624167 0.05584917877420256 1.000662765767354
1 0.001542390341 0.63 -0.3214893507180746 -0.008532840669913567 0.05579013974540562 1.000658711960321
1 0.001542390341 0.631 -0.3209475334022905 -0.008600950650757642 0.05573075060349361 1.000654687717572
1 0.001542390341 0.632 -0.320401403931577 -0.008669203492438108 0.0556710073384798 1.000650692774963
1 0.001542390341 0.633 -0.3198509533485406 -0.008737595109887569 0.05561090595293307 1.000646726869408
1 0.001542390341 0.634 -0.3192961730059843 -0.008806121396705698 0.05555044248155688 1.000642789740509
1 0.001542390341 0.635 -0.3187370545687398 -0.008874778225167327 0.05548961299131896 1.000638881130526
1 0.001542390341 0.636 -0.3181735898240022 -0.008943561459203693 0.05542841356183084 1.000635000782756
1 0.001542390341 0.637 -0.3176057709965089 -0.009012466933096134 0.05536684031783633 1.000631148444141
1 0.001542390341 0.638 -0.3170335904347523 -0.009081490472791109 0.05530488939682226 1.000627323862635
1 0.001542390341 0.639 -0.3164570408041613 -0.009150627882941065 0.05524255696888954 1.000623526788774
1 0.001542390341 0.64 -0.3158761150889312 -0.009219874946919423 0.05517983923688453 1.000619756975647
1 0.001542390341 0.641 -0.3152908063982559 -0.009289227439774898 0.05511673241648592 1.000616014177334
1 0.001542390341 0.642 -0.3147011082882365 -0.00935868110698313 0.05505323276917717 1.000612298151416
1 0.001542390341 0.643 -0.3141070144413616 -0.009428231685709174 0.05498933656937448 1.000608608656445
1 0.001542390341 0.644 -0.3135085188637803 -0.009497874891888894 0.05492504012459363 1.00060494545345
1 0.001542390341 0.645 -0.3129056158871265 -0.009567606420251276 0.0548603397755828 1.000601308305908
1 0.001542390341 0.646 -0.3122982999706607 -0.009637421957229856 0.05479523187611333 1.000597696978253
1 0.001542390341 0.647 -0.3116865660298856 -0.009707317159799406 0.05472971282644164 1.000594111238271
1 0.001542390341 0.648 -0.3110704091093139 -0.009777287676659108 0.05466377903994878 1.000590550854685
1 0.001542390341 0.649 -0.3104498245838187 -0.009847329135371303 0.05459742696360625 1.000587015598592
1 0.001542390341 0.65 -0.3098248081604484 -0.009917437142391544 0.05453065307811032 1.000583505243438
1 0.001542390341 0.651 -0.3091953556764956 -0.009987607295920223 0.0544634538773731 1.000580019563588
1 0.001542390341 0.652 -0.3085614634347876 -0.01005783516485295 0.0543958259024792 1.000576558336622
1 0.001542390341 0.653 -0.3079231278697714 -0.01012811630985609 0.05432776570783165 1.000573121341019
1 0.001542390341 0.654 -0.30728034575292 -0.01019844627058059 0.05425926988191961 1.000569708357535
1 0.001542390341 0.655 -0.3066331141945366 -0.01026882056570025 0.05419033504745376 1.000566319169182
1 0.001542390341 0.656 -0.3059814304377716 -0.01033923470568558 0.05412095784055537 1.000562953559849
1 0.001542390341 0.657 -0.3053252922005465 -0.01040968417189814 0.05405113494521138 1.000559611316514
1 0.001542390341 0.658 -0.3046646973349967 -0.01048016443752849 0.05398086305892257 1.000556292227011
1 0.001542390341 0.659 -0.3039996440369054 -0.01055067095490384 0.05391013891377551 1.000552996081365
1 0.001542390341 0.66 -0.3033301308474957 -0.01062119915553487 0.0538389592765789 1.000549722671759
1 0.001542390341 0.661 -0.3026561564434214 -0.01069174446279306 0.053767320927748 1.000546471791219
1 0.001542390341 0.662 -0.3019777199852764 -0.01076230227118065 0.05369522069626176 1.000543243235733
1 0.001542390341 0.663 -0.3012948207704412 -0.01083286796709961 0.05362265542480964 1.000540036802113
1 0.001542390341 0.664 -0.3006074584465137 -0.01090343691627268 0.05354962199116952 1.000536852289267
1 0.001542390341 0.665 -0.2999156330130842 -0.01097400446379913 0.05347611730834477 1.000533689498174
1 0.001542390341 0.666 -0.2992193446077365 -0.01104456594671586 0.05340213830314237 1.000530548230625
1 0.001542390341 0.667 -0.2985185938610795 -0.01111511667347609 0.05332768195163431 1.000527428291245
1 0.001542390341 0.668 -0.2978133815430573 -0.01118565194451652 0.05325274524380047 1.000524329485453
1 0.001542390341 0.669 -0.297103708780337 -0.01125616703981218 0.05317732520521382 1.000521251620675
1 0.001542390341 0.67 -0.2963895770580657 -0.01132665721894149 0.05310141889717775 1.000518194506327
1 0.001542390341 0.671 -0.2956709880019187 -0.01139711773351061 0.05302502339499694 1.000515157952596
1 0.001542390341 0.672 -0.2949479437395844 -0.01146754380687525 0.05294813582394398 1.000512141772393
1 0.001542390341 0.673 -0.2942204465406061 -0.0115379306544719 0.05287075332339711 1.000509145779385
1 0.001542390341 0.674 -0.2934884990376826 -0.0116082734715277 0.05279287306883304 1.000506169789166
1 0.001542390341 0.675 -0.292752104228401 -0.01167856743313514 0.05271449227196415 1.000503213619235
1 0.001542390341 0.676 -0.2920112652533823 -0.0117488077065183 0.05263560815870189 1.00050027708783
1 0.001542390341 0.677 -0.2912659857641348 -0.01181898943103349 0.05255621800562826 1.000497360015802
1 0.001542390341 0.678 -0.290516269556509 -0.01188910773822919 0.05247631910362855 1.000494462224724
1 0.001542390341 0.679 -0.2897621207958565 -0.01195915773973276 0.05239590878019112 1.000491583538018
1 0.001542390341 0.68 -0.2890035440187386 -0.01202913452733517 0.05231498439954429 1.000488723780927
1 0.001542390341 0.681 -0.2882405439072204 -0.01209903318507715 0.05223354334031264 1.000485882779408
1 0.001542390341 0.6820000000000001 -0.2874731256629994 -0.01216884876956542 0.05215158303249182 1.000483060361917
1 0.001542390341 0.6830000000000001 -0.286701294634565 -0.0122385763297247 0.05206910092057743 1.000480256357604
1 0.001542390341 0.6840000000000001 -0.2859250565461567 -0.01230821089488402 0.0519860944861707 1.000477470597389
1 0.001542390341 0.6850000000000001 -0.2851444174994449 -0.01237774747487173 0.05190256124811433 1.00047470291394
1 0.001542390341 0.6860000000000001 -0.2843593837440334 -0.01244718107189877 0.05181849873984351 1.000471953140604
1 0.001542390341 0.6870000000000001 -0.2835699620577586 -0.0125165066612285 0.05173390454686035 1.000469221113125
1 0.001542390341 0.6880000000000001 -0.2827761593676564 -0.01258571921058305 0.05164877626936228 1.000466506667911
1 0.001542390341 0.6890000000000001 -0.2819779829826526 -0.01265481366845252 0.05156311154515088 1.000463809643065
1 0.001542390341 0.6900000000000001 -0.2811754405952127 -0.01272378496420055 0.0514769080497665 1.000461129878364
1 0.001542390341 0.6910000000000001 -0.2803685400481213 -0.01279262801972134 0.0513901634735363 1.000458467214238
1 0.001542390341 0.6920000000000001 -0.2795572897208334 -0.01286133773050202 0.05130287555954335 1.000455821493408
1 0.001542390341 0.6930000000000001 -0.2787416981443636 -0.0129299089846446 0.05121504206575914 1.000453192559235
1 0.001542390341 0.6940000000000001 -0.2779217742376359 -0.01299833665142197 0.05112666078825228 1.0004505802567
1 0.001542390341 0.6950000000000001 -0.2770975273090973 -0.01306661558139432 0.05103772956132104 1.00044798443239
1 0.001542390341 0.6960000000000001 -0.2762689668198511 -0.01313474061781583 0.05094824623424248 1.000445404933513
1 0.001542390341 0.6970000000000001 -0.2754361027759289 -0.01320270657812964 0.05085820870972877 1.000442841609476
1 0.001542390341 0.6980000000000001 -0.27459894533723 -0.01327050827256556 0.0507676149055708 1.000440294310293
1 0.001542390341 0.6990000000000001 -0.2737575050574489 -0.01333814049296737 0.05067646277814172 1.000437762887535
1 0.001542390341 0.7000000000000001 -0.2729117928856498 -0.01340559801292037 0.05058475032252723 1.000435247194303
1 0.001542390341 0.7010000000000001 -0.2720618199258354 -0.01347287559888314 0.05049247554898027 1.000432747084301
1 0.001542390341 0.7020000000000001 -0.2712075978349972 -0.013539967992156 0.05039963652185572 1.000430262413329
1 0.001542390341 0.7030000000000001 -0.2703491384262462 -0.01360686992701369 0.05030623132077364 1.000427793037777
1 0.001542390341 0.704 -0.2694864539122277 -0.01367357611982917 0.0502122580644118 1.000425338815516
1 0.001542390341 0.705 -0.2686195569066526 -0.01374008126921241 0.05011771491063282 1.00042289960589
1 0.001542390341 0.706 -0.2677484601803939 -0.01380638006684218 0.05002260003265109 1.000420475268813
1 0.001542390341 0.707 -0.2668731770651583 -0.01387246717994953 0.04992691165843401 1.00041806566621
1 0.001542390341 0.708 -0.265993721050962 -0.0139383372689442 0.04983064803139606 1.000415670660567
1 0.001542390341 0.709 -0.265110106032934 -0.01400398497686018 0.04973380743447276 1.00041329011579
1 0.001542390341 0.71 -0.2642223463128026 -0.01406940492950602 0.04963638819024421 1.000410923897192
1 0.001542390341 0.711 -0.2633304563516168 -0.01413459174597114 0.04953838863682157 1.000408571870633
1 0.001542390341 0.712 -0.2624344511788704 -0.01419954002166675 0.04943980716770129 1.000406233903895
1 0.001542390341 0.713 -0.2615343459844889 -0.01426424434540355 0.04934064219200319 1.000403909865299
1 0.001542390341 0.714 -0.2606301563689168 -0.01432869928918521 0.049240892158817 1.000401599624524
1 0.001542390341 0.715 -0.2597218983445544 -0.01439289940837034 0.04914055555732152 1.000399303052592
1 0.001542390341 0.716 -0.2588095880852119 -0.01445683925182718 0.04903963089239999 1.000397020021053
1 0.001542390341 0.717 -0.2578932423405021 -0.01452051334557519 0.0489381167249307 1.000394750403292
1 0.001542390341 0.718 -0.25697287802252 -0.01458391620927108 0.0488360116315851 1.00039249407321
1 0.001542390341 0.719 -0.2560485124590986 -0.01464704234637644 0.04873331422943634 1.000390250906007
1 0.001542390341 0.72 -0.255120163395193 -0.01470988624433167 0.04863002317607337 1.000388020778169
1 0.001542390341 0.721 -0.254187848739182 -0.01477244238433261 0.04852613714495581 1.000385803566684
1 0.001542390341 0.722 -0.2532515869823334 -0.01483470522561646 0.04842165486612209 1.000383599150297
1 0.001542390341 0.723 -0.2523113967803695 -0.01489666922131255 0.04831657508556583 1.000381407408245
1 0.001542390341 0.724 -0.2513672972097694 -0.01495832880901096 0.04821089659009445 1.000379228221008
1 0.001542390341 0.725 -0.250419307769096 -0.01501967841094841 0.04810461820743727 1.000377061470295
1 0.001542390341 0.726 -0.2494674481222699 -0.01508071244338011 0.04799773878135244 1.000374907038295
1 0.001542390341 0.727 -0.2485117385228955 -0.01514142530155433 0.04789025721273051 1.000372764808877
1 0.001542390341 0.728 -0.2475521993909204 -0.0152018113748837 0.04778217241857062 1.000370634666381
1 0.001542390341 0.729 -0.2465888515718538 -0.01526186503794185 0.04767348335707502 1.000368516496333
1 0.001542390341 0.73 -0.2456217163380323 -0.01532158065066142 0.04756418902775053 1.000366410185435
1 0.001542390341 0.731 -0.2446508151289976 -0.01538095256727407 0.04745428844628163 1.000364315620849
1 0.001542390341 0.732 -0.2436761699804596 -0.0154399751220184 0.04734378068600461 1.000362232691342
1 0.001542390341 0.733 -0.2426978030962718 -0.01549864264358715 0.04723266483650772 1.000360161286129
1 0.001542390341 0.734 -0.2417157371104247 -0.01555694944657916 0.04712094002894601 1.000358101295561
1 0.001542390341 0.735 -0.2407299950882476 -0.0156148898317097 0.04700860543613515 1.000356052611114
1 0.001542390341 0.736 -0.2397406002640314 -0.01567245809429115 0.04689566024720675 1.000354015124698
1 0.001542390341 0.737 -0.2387475764743886 -0.01572964851071953 0.04678210370942504 1.000351988729763
1 0.001542390341 0.738 -0.2377509477257811 -0.0157864553521525 0.04666793508643846 1.000349973320184
1 0.001542390341 0.739 -0.2367507384591407 -0.01584287287644422 0.0465531536837969 1.000347968790921
1 0.001542390341 0.74 -0.235746973551003 -0.01589889532836801 0.04643775884903717 1.00034597503801
1 0.001542390341 0.741 -0.2347396780485239 -0.01595451694761024 0.04632174994613846 1.000343991957902
1 0.001542390341 0.742 -0.2337288776069845 -0.01600973195608092 0.04620512639765022 1.000342019448518
1 0.001542390341 0.743 -0.2327145980531204 -0.016064534570777 0.04608788764262579 1.000340057408185
1 0.001542390341 0.744 -0.2316968656522138 -0.01611891899622802 0.04597003316232233 1.000338105736268
1 0.001542390341 0.745 -0.2306757071091536 -0.01617287942473113 0.04585156248027695 1.000336164333157
1 0.001542390341 0.746 -0.2296511493010054 -0.01622641004383032 0.04573247513658249 1.000334233099642
1 0.001542390341 0.747 -0.2286232197183931 -0.01627950502449701 0.04561277073029153 1.000332311937914
1 0.001542390341 0.748 -0.2275919460248949 -0.01633215853313288 0.04549244887706642 1.000330400750553
1 0.001542390341 0.749 -0.2265573563264393 -0.01638436472455412 0.04537150923503985 1.000328499441132
1 0.001542390341 0.75 -0.2255194791722903 -0.01643611774223901 0.04524995150488061 1.000326607914201
1 0.001542390341 0.751 -0.2244783432853362 -0.01648741172526454 0.04512777540391198 1.000324726074689
1 0.001542390341 0.752 -0.2234339780070653 -0.01653824079740298 0.04500498070875341 1.00032285382887
1 0.001542390341 0.753 -0.2223864128533088 -0.01658859907821824 0.04488156721272456 1.000320991083384
1 0.001542390341 0.754 -0.2213356777857666 -0.01663848067661686 0.04475753475184245 1.000319137745819
1 0.001542390341 0.755 -0.2202818032129115 -0.01668787969110823 0.0446328832048757 1.0003172937247
1 0.001542390341 0.756 -0.2192248197181745 -0.01673679021617033 0.0445076124673302 1.000315458928911
1 0.001542390341 0.757 -0.2181647585082178 -0.01678520633230876 0.0443817224942859 1.000313633268619
1 0.001542390341 0.758 -0.2171016509653174 -0.01683312211620025 0.04425521325759661 1.000311816654344
1 0.001542390341 0.759 -0.2160355289208351 -0.01688053163483869 0.04412808477199699 1.000310008997508
1 0.001542390341 0.76 -0.2149664246560392 -0.01692742894580796 0.04400033709514433 1.000308210210428
1 0.001542390341 0.761 -0.2138943706283698 -0.01697380810304862 0.04387197030149831 1.000306420205767
1 0.001542390341 0.762 -0.2128193999226974 -0.01701966314792583 0.04374298452530651 1.000304638897406
1 0.001542390341 0.763 -0.2117415458006548 -0.01706498811837361 0.04361337991764567 1.00030286619957
1 0.001542390341 0.764 -0.2106608419758627 -0.01710977704366418 0.04348315667260925 1.000301102027341
1 0.001542390341 0.765 -0.2095773226146611 -0.01715402394469343 0.0433523150273357 1.000299346296656
1 0.001542390341 0.766 -0.2084910220606509 -0.0171977228391203 0.04322085523581178 1.000297598923782
1 0.001542390341 0.767 -0.20740197528861 -0.01724086773349013 0.04308877761195615 1.000295859826151
1 0.001542390341 0.768 -0.2063102174510988 -0.01728345263133312 0.04295608248655174 1.000294128921518
1 0.001542390341 0.769 -0.2052157841552369 -0.01732547152858532 0.04282277023348235 1.000292406128462
1 0.001542390341 0.77 -0.2041187114633425 -0.01736691841388689 0.04268884126974613 1.000290691366375
1 0.001542390341 0.771 -0.2030190356159516 -0.01740778727306558 0.04255429602921452 1.000288984554962
1 0.001542390341 0.772 -0.201916793488052 -0.01744807208236241 0.04241913500575891 1.000287285615044
1 0.001542390341 0.773 -0.2008120221332994 -0.01748776681543747 0.04228335871012819 1.000285594467748
1 0.001542390341 0.774 -0.1997047590621348 -0.01752686543947116 0.04214696769620013 1.000283911034987
1 0.001542390341 0.775 -0.1985950422423285 -0.01756536191547512 0.04200996256097856 1.000282235239449
1 0.001542390341 0.776 -0.1974829098206881 -0.01760325020209147 0.04187234391834305 1.000280567004125
1 0.001542390341 0.777 -0.1963684005812547 -0.0176405242499675 0.04173411244215871 1.000278906253065
1 0.001542390341 0.778 -0.1952515534874822 -0.01767717800762213 0.04159526882315786 1.000277252910615
1 0.001542390341 0.779 -0.194132407961477 -0.01771320541825584 0.04145581379516867 1.000275606901869
1 0.001542390341 0.78 -0.1930110038844405 -0.01774860042007425 0.04131574813509501 1.000273968152663
1 0.001542390341 0.781 -0.1918873813172885 -0.01778335694937469 0.04117507263669432 1.000272336589118
1 0.001542390341 0.782 -0.1907615809604386 -0.01781746893611671 0.04103378815360627 1.000270712138371
1 0.001542390341 0.783 -0.1896336437080902 -0.01785093030849593 0.04089189555758514 1.000269094727857
1 0.001542390341 0.784 -0.1885036108945686 -0.01788373499076503 0.04074939576151413 1.000267484285697
1 0.001542390341 0.785 -0.1873715242570752 -0.01791587690382375 0.04060628971587129 1.000265880740631
1 0.001542390341 0.786 -0.1862374259033741 -0.01794734996571964 0.04046257840566529 1.000264284021963
1 0.001542390341 0.787 -0.1851013583294825 -0.01797814809170512 0.04031826285204184 1.00026269405958
1 0.001542390341 0.788 -0.1839633644160842 -0.01800826519447926 0.04017334411190238 1.000261110783942
1 0.001542390341 0.789 -0.1828234874274293 -0.0180376951844068 0.04002782327775407 1.000259534126076
1 0.001542390341 0.79 -0.181681771011473 -0.01806643196972758 0.03988170147767453 1.000257964017572
1 0.001542390341 0.791 -0.1805382592012565 -0.01809446945676392 0.03973497987538956 1.000256400390574
1 0.001542390341 0.792 -0.1793929964187877 -0.0181218015501252 0.03958765967057901 1.000254843177786
1 0.001542390341 0.793 -0.1782460274713789 -0.01814842215294716 0.0394397420984841 1.000253292312459
1 0.001542390341 0.794 -0.1770973975504766 -0.01817432516711512 0.03929122842974511 1.000251747728383
1 0.001542390341 0.795 -0.1759471522317326 -0.01819950449348104 0.03914211997035308 1.000250209359886
1 0.001542390341 0.796 -0.174795337476318 -0.01822395403208226 0.03899241806171354 1.000248677141825
1 0.001542390341 0.797 -0.1736419996347358 -0.01824766768236485 0.03884212408093612 1.000247151009591
1 0.001542390341 0.798 -0.1724871854430834 -0.01827063934342005 0.0386912394404301 1.000245630899097
1 0.001542390341 0.799 -0.1713309420218118 -0.01829286291421155 0.03853976558772923 1.000244116746772
1 0.001542390341 0.8 -0.1701733168757259 -0.0183143322938002 0.03838770400542942 1.000242608489553
1 0.001542390341 0.801 -0.169014357895228 -0.01833504138157423 0.03823505621123736 1.000241106064888
1 0.001542390341 0.802 -0.1678541133600568 -0.01835498407749175 0.03808182375824205 1.000239609410732
1 0.001542390341 0.803 -0.1666926319354758 -0.01837415428231396 0.03792800823449859 1.000238118465538
1 0.001542390341 0.804 -0.1655299626709592 -0.01839254589783634 0.03777361126283906 1.00023663316825
1 0.001542390341 0.805 -0.164366155000121 -0.01841015282712108 0.0376186345007956 1.000235153458302
1 0.001542390341 0.806 -0.1632012587418832 -0.0184269689747388 0.03746307964063238 1.00023367927561
1 0.001542390341 0.8070000000000001 -0.1620353241041351 -0.01844298824703074 0.0373069484095976 1.000232210560576
1 0.001542390341 0.8080000000000001 -0.1608684016798486 -0.01845820455233819 0.03715024256949494 1.000230747254079
1 0.001542390341 0.8090000000000001 -0.1597005424456907 -0.01847261180123764 0.03699296391648009 1.000229289297465
1 0.001542390341 0.8100000000000001 -0.1585317977618771 -0.01848620390678075 0.0368351142809679 1.000227836632547
1 0.001542390341 0.8110000000000001 -0.1573622193732628 -0.01849897478474794 0.03667669552764669 1.000226389201601
1 0.001542390341 0.8120000000000001 -0.1561918594129153 -0.01851091835393039 0.03651770955570874 1.000224946947364
1 0.001542390341 0.8130000000000001 -0.1550207703981576 -0.01852202853635557 0.03635815829840923 1.000223509813029
1 0.001542390341 0.8140000000000001 -0.1538490052291058 -0.01853229925752601 0.03619804372284758 1.000222077742236
1 0.001542390341 0.8150000000000001 -0.1526766171884462 -0.01854172444666709 0.03603736782985766 1.000220650679071
1 0.001542390341 0.8160000000000001 -0.1515036599424431 -0.0185502980369923 0.0358761326540032 1.000219228568062
1 0.001542390341 0.8170000000000001 -0.1503301875444197 -0.01855801396600577 0.03571434026378468 1.000217811354176
1 0.001542390341 0.8180000000000001 -0.1491562544307312 -0.0185648661757233 0.03555199276118572 1.000216398982817
1 0.001542390341 0.8190000000000001 -0.1479819154192253 -0.01857084861291485 0.03538909228143821 1.000214991399816
1 0.001542390341 0.8200000000000001 -0.1468072257089405 -0.01857595522935989 0.0352256409928948 1.00021358855143
1 0.001542390341 0.8210000000000001 -0.1456322408810276 -0.01858017998212476 0.03506164109700372 1.000212190384335
1 0.001542390341 0.8220000000000001 -0.1444570169021323 -0.01858351683388598 0.03489709482849034 1.000210796845632
1 0.001542390341 0.8230000000000001 -0.1432816101202983 -0.01858595975314647 0.0347320044548905 1.000209407882837
1 0.001542390341 0.8240000000000001 -0.1421060772633512 -0.01858750271448159 0.03456637227629896 1.000208023443873
1 0.001542390341 0.8250000000000001 -0.1409304754385146 -0.01858813969880218 0.03440020062522266 1.000206643477072
1 0.001542390341 0.8260000000000001 -0.1397548621332421 -0.01858786469364414 0.03423349186653394 1.000205267931165
1 0.001542390341 0.8270000000000001 -0.1385792952184942 -0.01858667169351284 0.03406624839762432 1.00020389675529
1 0.001542390341 0.8280000000000001 -0.1374038329445735 -0.01858455470009435 0.03389847264792478 1.000202529898983
1 0.001542390341 0.8290000000000001 -0.1362285339394312 -0.01858150772250479 0.03373016707863649 1.000201167312167
1 0.001542390341 0.8300000000000001 -0.1350534572081977 -0.01857752477756118 0.03356133418256405 1.000199808945157
1 0.001542390341 0.8310000000000001 -0.1338786621339219 -0.01857259989008336 0.03339197648404515 1.00019845474865
1 0.001542390341 0.8320000000000001 -0.1327042084807352 -0.01856672709326 0.03322209653907482 1.000197104673735
1 0.001542390341 0.833 -0.1315301563896215 -0.01855990042885437 0.03305169693481216 1.000195758671875
1 0.001542390341 0.834 -0.130356566376643 -0.01855211394745707 0.03288078028929266 1.000194416694911
1 0.001542390341 0.835 -0.1291834993323856 -0.01854336170876463 0.03270934925124006 1.000193078695053
1 0.001542390341 0.836 -0.1280110165225992 -0.01853363778189399 0.03253740649997124 1.000191744624882
1 0.001542390341 0.837 -0.1268391795912438 -0.01852293624577056 0.03236495474548827 1.000190414437349
1 0.001542390341 0.838 -0.125668050556194 -0.01851125118932819 0.03219199672797168 1.000189088085768
1 0.001542390341 0.839 -0.1244976918073862 -0.01849857671176519 0.03201853521747339 1.000187765523811
1 0.001542390341 0.84 -0.1233281661061722 -0.01848490692283083 0.03184457301370609 1.000186446705508
1 0.001542390341 0.841 -0.1221595365858605 -0.01847023594315243 0.03167011294592158 1.00018513158524
1 0.001542390341 0.842 -0.1209918667546342 -0.01845455790464606 0.03149515787296833 1.000183820117746
1 0.001542390341 0.843 -0.1198252204911946 -0.01843786695071035 0.03131971068277118 1.000182512258111
1 0.001542390341 0.844 -0.118659662042826 -0.01842015723648575 0.03114377429200397 1.000181207961765
1 0.001542390341 0.845 -0.1174952560246582 -0.01840142292914895 0.03096735164585512 1.000179907184479
1 0.001542390341 0.846 -0.1163320674201015 -0.01838165820825292 0.03079044571787788 1.000178609882362
1 0.001542390341 0.847 -0.1151701615836317 -0.01836085726616061 0.03061305951001097 1.000177316011867
1 0.001542390341 0.848 -0.1140096042363736 -0.01833901430823238 0.03043519605204435 1.000176025529779
1 0.001542390341 0.849 -0.1128504614640824 -0.01831612355308841 0.03025685840127084 1.000174738393213
1 0.001542390341 0.85 -0.1116927997163127 -0.01829217923291117 0.03007804964222664 1.000173454559612
1 0.001542390341 0.851 -0.1105366858067437 -0.01826717559379865 0.02989877288651174 1.000172173986747
1 0.001542390341 0.852 -0.1093821869158232 -0.01824110689622152 0.02971903127277098 1.000170896632713
1 0.001542390341 0.853 -0.1082293705862925 -0.01821396741520394 0.02953882796614596 1.000169622455929
1 0.001542390341 0.854 -0.1070783047210854 -0.0181857514405891 0.02935816615790464 1.000168351415131
1 0.001542390341 0.855 -0.1059290575823991 -0.01815645327734985 0.02917704906515555 1.000167083469368
1 0.001542390341 0.856 -0.1047816977919063 -0.0181260672459553 0.02899547993063658 1.000165818578006
1 0.001542390341 0.857 -0.1036362943332505 -0.01809458768285217 0.02881346202265381 1.000164556700724
1 0.001542390341 0.858 -0.1024929165475151 -0.01806200894063851 0.02863099863451951 1.000163297797511
1 0.001542390341 0.859 -0.1013516341310376 -0.01802832538833246 0.02844809308415878 1.000162041828662
1 0.001542390341 0.86 -0.1002125171343815 -0.01799353141169115 0.02826474871379621 1.000160788754773
1 0.001542390341 0.861 -0.09907563596242945 -0.01795762141359108 0.02808096888971117 1.000159538536747
1 0.001542390341 0.862 -0.09794106137672327 -0.01792058981453398 0.02789675700213168 1.000158291135789
1 0.001542390341 0.863 -0.0968088644908789 -0.01788243105281342 0.0277121164646585 1.000157046513399
1 0.001542390341 0.864 -0.09567911676831503 -0.01784313958478671 0.02752705071384795 1.000155804631375
1 0.001542390341 0.865 -0.09455189002112296 -0.01780270988520226 0.02734156320886953 1.00015456545181
1 0.001542390341 0.866 -0.09342725641003732 -0.01776113644759398 0.02715565743122608 1.000153328937085
1 0.001542390341 0.867 -0.09230528844661204 -0.01771841378481239 0.02696933688459972 1.000152095049876
1 0.001542390341 0.868 -0.09118605898858372 -0.01767453642918379 0.02678260509426206 1.000150863753149
1 0.001542390341 0.869 -0.0900696412375139 -0.01762949893278535 0.02659546560663235 1.000149635010152
1 0.001542390341 0.87 -0.08895610873755397 -0.01758329586778114 0.02640792198890477 1.00014840878442
1 0.001542390341 0.871 -0.08784553537528897 -0.01753592182683093 0.02621997782873145 1.000147185039768
1 0.001542390341 0.872 -0.08673799538174144 -0.01748737142364711 0.02603163673401766 1.000145963740296
1 0.001542390341 0.873 -0.08563356332768576 -0.01743763929314627 0.02584290233231816 1.000144744850383
1 0.001542390341 0.874 -0.08453231412120282 -0.01738672009172754 0.02565377827036991 1.000143528334686
1 0.001542390341 0.875 -0.08343432300633731 -0.01733460849761753 0.02546426821368758 1.000142314158135
1 0.001542390341 0.876 -0.08233966556280996 -0.01728129921129379 0.0252743758462076 1.000141102285935
1 0.001542390341 0.877 -0.08124841770784104 -0.01722678695606844 0.0250841048700295 1.000139892683568
1 0.001542390341 0.878 -0.080160655691418 -0.01717106647823174 0.02489345900479872 1.000138685316785
1 0.001542390341 0.879 -0.0790764560937617 -0.01711413254733394 0.02470244198721286 1.000137480151607
1 0.001542390341 0.88 -0.07799589582387302 -0.01705597995653925 0.02451105757058421 1.000136277154322
1 0.001542390341 0.881 -0.07691905211910892 -0.01699660352306456 0.02431930952444277 1.000135076291485
1 0.001542390341 0.882 -0.07584600254681705 -0.01693599808879026 0.02412720163422082 1.00013387752992
1 0.001542390341 0.883 -0.0747768249995592 -0.01687415852039586 0.02393473770062231 1.000132680836715
1 0.001542390341 0.884 -0.07371159769248796 -0.01681107970964531 0.02374192153910195 1.000131486179218
1 0.001542390341 0.885 -0.07265039916177987 -0.01674675657375042 0.02354875697939326 1.00013029352504
1 0.001542390341 0.886 -0.07159330826407019 -0.01668118405582513 0.02335524786506884 1.000129102842053
1 0.001542390341 0.887 -0.07054040417789006 -0.01661435712552446 0.02316139805316486 1.000127914098388
1 0.001542390341 0.888 -0.06949176639884845 -0.01654627077917191 0.02296721141353752 1.000126727262437
1 0.001542390341 0.889 -0.06844747473691765 -0.01647692004004846 0.02277269182831405 1.000125542302847
1 0.001542390341 0.89 -0.06740760931475027 -0.01640629995876574 0.02257784319138518 1.00012435918852
1 0.001542390341 0.891 -0.0663722505669679 -0.01633440561373637 0.02238266940792049 1.000123177888613
1 0.001542390341 0.892 -0.06534147924139132 -0.01626123211184181 0.02218717439392988 1.000121998372539
1 0.001542390341 0.893 -0.06431537639418383 -0.01618677458855144 0.02199136207560735 1.000120820609967
1 0.001542390341 0.894 -0.06329402338704447 -0.01611102820821546 0.02179523638875342 1.000119644570813
1 0.001542390341 0.895 -0.06227750188540569 -0.01603398816444807 0.02159880127823049 1.000118470225247
1 0.001542390341 0.896 -0.06126589385757036 -0.0159556496806145 0.02140206069743157 1.000117297543687
1 0.001542390341 0.897 -0.06025928157572646 -0.0158760080105286 0.02120501860777546 1.000116126496806
1 0.001542390341 0.898 -0.05925774761105366 -0.01579505843856347 0.02100767897803841 1.000114957055523
1 0.001542390341 0.899 -0.05826137483082373 -0.01571279627994852 0.02081004578374734 1.000113789191006
1 0.001542390341 0.9 -0.05727024639647505 -0.01562921688116303 0.02061212300659687 1.00011262287467
1 0.001542390341 0.901 -0.05628444576259306 -0.01554431562044037 0.02041391463386952 1.000111458078176
1 0.001542390341 0.902 -0.05530405667769946 -0.01545808790849638 0.02021542465786148 1.000110294773436
1 0.001542390341 0.903 -0.05432916317932521 -0.01537052918863142 0.02001665707520284 1.000109132932606
1 0.001542390341 0.904 -0.05335984959101631 -0.01528163493703173 0.01981761588622097 1.000107972528085
1 0.001542390341 0.905 -0.05239620052028209 -0.01519140066317392 0.01961830509431817 1.00010681353252
1 0.001542390341 0.906 -0.05143830085741349 -0.01509982191034696 0.01941872870534148 1.000105655918801
1 0.001542390341 0.907 -0.05048623577603688 -0.01500689425641229 0.0192188907269359 1.000104499660063
1 0.001542390341 0.908 -0.04954009072815622 -0.01491261331389724 0.019018795167854 1.000103344729685
1 0.001542390341 0.909 -0.04859995144106273 -0.014816974730301 0.0188184460372891 1.000102191101292
1 0.001542390341 0.91 -0.04766590391515355 -0.01471997418851042 0.01861784734421237 1.000101038748748
1 0.001542390341 0.911 -0.04673803442258203 -0.01462160740734046 0.0184170030966906 1.000099887646161
1 0.001542390341 0.912 -0.04581642950756607 -0.01452187014232709 0.0182159173011637 1.000098737767884
1 0.001542390341 0.913 -0.04490117598140203 -0.01442075818581198 0.01801459396174481 1.000097589088514
1 0.001542390341 0.914 -0.04399236091927698 -0.01431826736725338 0.01781303707952281 1.000096441582886
1 0.001542390341 0.915 -0.04309007165795394 -0.01421439355365374 0.01761125065185805 1.000095295226082
1 0.001542390341 0.916 -0.04219439579424828 -0.01410913265011927 0.01740923867164637 1.000094149993423
1 0.001542390341 0.917 -0.04130542118508 -0.01400248060068678 0.017207005126518 1.000093005860476
1 0.001542390341 0.918 -0.04042323594246227 -0.01389443338839953 0.01700455399812916 1.000091862803049
1 0.001542390341 0.919 -0.03954792843021446 -0.01378498703562338 0.01680188926143391 1.000090720797195
1 0.001542390341 0.92 -0.03867958726151036 -0.01367413760448667 0.01659901488393762 1.000089579819205
1 0.001542390341 0.921 -0.03781830129717442 -0.01356188119745974 0.0163959348249058 1.000088439845616
1 0.001542390341 0.922 -0.03696415964546703 -0.0134482139582167 0.01619265303448143 1.00008730085321
1 0.001542390341 0.923 -0.03611725165705053 -0.01333313207170258 0.01598917345296958 1.000086162819011
1 0.001542390341 0.924 -0.03527766692160141 -0.01321663176445485 0.01578550001007847 1.000085025720288
1 0.001542390341 0.925 -0.03444549526521731 -0.01309870930505634 0.01558163662413013 1.000083889534551
1 0.001542390341 0.926 -0.03362082674852687 -0.01297936100473524 0.01537758720121274 1.000082754239557
1 0.001542390341 0.927 -0.03280375166619674 -0.01285858321826323 0.01517335563421363 1.000081619813306
1 0.001542390341 0.928 -0.03199436054187775 -0.01273637234401365 0.0149689458020985 1.000080486234049
1 0.001542390341 0.929 -0.03119274412471456 -0.01261272482428894 0.01476436156912201 1.000079353480277
1 0.001542390341 0.93 -0.03039899338660727 -0.01248763714578697 0.01455960678399516 1.000078221530729
1 0.001542390341 0.931 -0.02961319952012822 -0.01236110584022243 0.01435468527898001 1.000077090364391
1 0.001542390341 0.9320000000000001 -0.02883545393773907 -0.01223312748526253 0.01414960086883585 1.000075959960497
1 0.001542390341 0.9330000000000001 -0.02806584826672 -0.01210369870457608 0.0139443573500949 1.000074830298531
1 0.001542390341 0.9340000000000001 -0.02730447434557481 -0.01197281616816727 0.01373895850024294 1.000073701358224
1 0.001542390341 0.9350000000000001 -0.02655142422114292 -0.01184047659285586 0.01353340807684315 1.000072573119557
1 0.001542390341 0.9360000000000001 -0.02580679014631613 -0.01170667674292092 0.01332770981657237 1.000071445562759
1 0.001542390341 0.9370000000000001 -0.02507066457895372 -0.01157141343107521 0.01312186743407825 1.000070318668315
1 0.001542390341 0.9380000000000001 -0.0243431401767976 -0.01143468351850525 0.01291588462125353 1.000069192416959
1 0.001542390341 0.9390000000000001 -0.02362430979377073 -0.01129648391521158 0.01270976504638741 1.000068066789681
1 0.001542390341 0.9400000000000001 -0.02291426647693516 -0.01115681158050361 0.01250351235324607 1.00006694176772
1 0.001542390341 0.9410000000000001 -0.02221310346400139 -0.01101566352366629 0.01229713016004982 1.000065817332572
1 0.001542390341 0.9420000000000001 -0.02152091418192921 -0.01087303680497467 0.01209062205823932 1.000064693465992
1 0.001542390341 0.9430000000000001 -0.02083779224183152 -0.01072892853572469 0.01188399161175087 1.000063570149987
1 0.001542390341 0.9440000000000001 -0.02016383143516416 -0.01058333587858039 0.01167724235613965 1.000062447366828
1 0.001542390341 0.9450000000000001 -0.01949912573052501 -0.01043625604808377 0.01147037779761729 1.000061325099038
1 0.001542390341 0.9460000000000001 -0.01884376927094885 -0.01028768631134543 0.01126340141196973 1.000060203329402
1 0.001542390341 0.9470000000000001 -0.01819785637218077 -0.01013762398910047 0.01105631664323089 1.000059082040971
1 0.001542390341 0.9480000000000001 -0.01756148151757183 -0.009986066455729923 0.01084912690296184 1.000057961217056
1 0.001542390341 0.9490000000000001 -0.01693473935415789 -0.009833011139615112 0.01064183556934733 1.000056840841231
1 0.001542390341 0.9500000000000001 -0.01631772468929507 -0.009678455523663173 0.01043444598619114 1.000055720897334
1 0.001542390341 0.9510000000000001 -0.01571053248773227 -0.009522397146022335 0.01022696146177493 1.000054601369471
1 0.001542390341 0.9520000000000001 -0.01511325786954405 -0.009364833601180627 0.01001938526743817 1.000053482242018
1 0.001542390341 0.9530000000000001 -0.01452599610502091 -0.009205762539977578 0.009811720636864387 1.000052363499617
1 0.001542390341 0.9540000000000001 -0.01394884261063499 -0.009045181669966059 0.009603970765152788 1.000051245127184
1 0.001542390341 0.9550000000000001 -0.01338189294550674 -0.008883088755953937 0.009396138807772746 1.000050127109903
1 0.001542390341 0.9560000000000001 -0.01282524280824732 -0.008719481620744778 0.009188227879364061 1.000049009433234
1 0.001542390341 0.9570000000000001 -0.01227898803453701 -0.008554358146280619 0.0089802410522227 1.000047892082912
1 0.001542390341 0.9580000000000001 -0.01174322459201345 -0.008387716273643682 0.008772181355597663 1.000046775044951
1 0.001542390341 0.9590000000000001 -0.01121804857612167 -0.008219554003425856 0.008564051774740049 1.000045658305641
1 0.001542390341 0.96 -0.0107035562064069 -0.008049869396286949 0.008355855249818259 1.000044541851551
1 0.001542390341 0.961 -0.01019984382311843 -0.007878660573721444 0.008147594674660851 1.000043425669533
1 0.001542390341 0.962 -0.009707007884419859 -0.007705925719246735 0.007939272895148161 1.000042309746723
1 0.001542390341 0.963 -0.009225144961278161 -0.007531663078394355 0.007730892708523765 1.000041194070544
1 0.001542390341 0.964 -0.008754351733195718 -0.007355870959087215 0.007522456862423762 1.000040078628704
1 0.001542390341 0.965 -0.008294724984323903 -0.007178547732214807 0.007313968053754902 1.000038963409198
1 0.001542390341 0.966 -0.007846361599820429 -0.006999691832426803 0.007105428927381937 1.000037848400312
1 0.001542390341 0.967 -0.007409358562676198 -0.006819301759367696 0.006896842074425529 1.000036733590628
1 0.001542390341 0.968 -0.006983812948609093 -0.006637376077657194 0.006688210031593003 1.00003561896902
1 0.001542390341 0.969 -0.006569821921675423 -0.006453913417275181 0.00647953528019115 1.000034504524661
1 0.001542390341 0.97 -0.006167482730198889 -0.006268912474154158 0.006270820244970105 1.000033390247017
1 0.001542390341 0.971 -0.005776892702872668 -0.006082372011000141 0.006062067292757463 1.000032276125856
1 0.001542390341 0.972 -0.005398149245188342 -0.005894290858574938 0.00585327873066409 1.000031162151252
1 0.001542390341 0.973 -0.005031349834337698 -0.005704667915664939 0.005644456805439123 1.000030048313581
1 0.001542390341 0.974 -0.004676592014701223 -0.005513502149473736 0.005435603702470216 1.000028934603526
1 0.001542390341 0.975 -0.004333973393586973 -0.005320792596231938 0.005226721544596621 1.000027821012076
1 0.001542390341 0.976 -0.004003591637068703 -0.005126538362045769 0.005017812390693193 1.000026707530532
1 0.001542390341 0.977 -0.003685544466001648 -0.00493073862422793 0.004808878233786434 1.000025594150509
1 0.001542390341 0.978 -0.003379929650936113 -0.004733392631254008 0.004599921000439298 1.000024480863937
1 0.001542390341 0.979 -0.003086845007480649 -0.004534499703162456 0.004390942549743471 1.000023367663063
1 0.001542390341 0.98 -0.002806388391845331 -0.004334059232181783 0.004181944672105807 1.000022254540452
1 0.001542390341 0.981 -0.002538657696407121 -0.004132070683607098 0.003972929087786126 1.000021141488989
1 0.001542390341 0.982 -0.002283750845297 -0.003928533597180356 0.003763897444926798 1.000020028501886
1 0.001542390341 0.983 -0.00204176578932944 -0.003723447587033366 0.003554851318973506 1.000018915572683
1 0.001542390341 0.984 -0.001812800501237974 -0.003516812342094715 0.003345792211664808 1.000017802695244
1 0.001542390341 0.985 -0.00159695297101743 -0.003308627626734114 0.003136721549796876 1.000016689863766
1 0.001542390341 0.986 -0.001394321201207664 -0.003098893281666957 0.002927640683719851 1.000015577072776
1 0.001542390341 0.987 -0.001205003202036342 -0.002887609225384503 0.002718550885285365 1.00001446431714
1 0.001542390341 0.988 -0.001029096986368707 -0.002674775454082304 0.00250945334730997 1.000013351592063
1 0.001542390341 0.989 -0.0008667005648134528 -0.0024603920420734 0.00230034918256802 1.000012238893087
1 0.001542390341 0.99 -0.0007179119408585323 -0.002244459142449423 0.002091239422540457 1.000011126216097
1 0.001542390341 0.991 -0.000582829105864444 -0.002026976988012971 0.001882125015875448 1.000010013557322
1 0.001542390341 0.992 -0.0004615500337468038 -0.001807945892758041 0.001673006826259407 1.00000890091334
1 0.001542390341 0.993 -0.0003541726759512392 -0.001587366251782448 0.001463885631930434 1.000007788281081
1 0.001542390341 0.994 -0.0002607949564277195 -0.001365238541706395 0.001254762124681305 1.000006675657825
1 0.001542390341 0.995 -0.0001815147665547437 -0.001141563321349657 0.001045636908598968 1.000005563041205
1 0.001542390341 0.996 -0.0001164299598334387 -0.0009163412326913182 0.0008365104984961925 1.000004450429212
1 0.001542390341 0.997 -6.563834609403197e-05 -0.0006895730024004396 0.0006273833177129246 1.000003337820198
1 0.001542390341 0.998 -2.923768650118785e-05 -0.000461259441730797 0.0004182556976877084 1.000002225212878
1 0.001542390341 0.999 -7.325688395276892e-06 -0.0002314014469436405 0.0002091278769784075 1.000001112606331
1 0.001542390341 1 2.236696376343387e-21 -1.061443331906874e-20 1.517945571164136e-20 0.9999999999999999
ZONE T="branch=2", I=1001, DATAPACKING=POINT
2 0.00378691921 0 0 -1.586072154786611e-31 1 1.16
2 0.00378691921 0.001 -0.0004164942662903046 0.01303393963876401 0.9836313054639754 1.158656829606585
2 0.00378691921 0.002 -0.001631704205310394 0.0252627489474151 0.9672883010726017 1.157313673985493
2 0.00378691921 0.003 -0.003595678422355985 0.03671699037581995 0.9509948542207679 1.155970570171157
2 0.00378691921 0.004 -0.006260379906005548 0.04742663556456971 0.9347729430086013 1.154627578094149
2 0.00378691921 0.005 -0.009579647934950418 0.0574210429001234 0.9186427607050676 1.153284779098371
2 0.00378691921 0.006 -0.01350915866567121 0.06672893825307316 0.9026228153810064 1.151942274505056
2 0.00378691921 0.007 -0.01800638460128251 0.07537839869433519 0.8867300249289687 1.150600184220481
2 0.00378691921 0.008 -0.02303055311557238 0.08339683899762958 0.8709798076842267 1.149258645384748
2 0.00378691921 0.009000000000000001 -0.02854260420639005 0.09081100074092757 0.8553861688366958 1.147917811059692
2 0.00378691921 0.01 -0.03450514763868946 0.09764694382830516 0.8399617828143936 1.146577848954378
2 0.00378691921 0.011 -0.04088241962421333 0.10393004026271 0.8247180718102854 1.145238940187048
2 0.00378691921 0.012 -0.0476402391767551 0.1096849700069667 0.8096652806130943 1.143901278082729
2 0.00378691921 0.013 -0.05474596425726977 0.1149357187848984 0.7948125479042254 1.142565067005887
2 0.00378691921 0.014 -0.06216844784951955 0.1197055776656112 0.780167974149621 1.141230521228029
2 0.00378691921 0.015 -0.06987799405600992 0.1240171442998859 0.7657386862389082 1.139897863830003
2 0.00378691921 0.016 -0.07784631431893781 0.1278923256744869 0.7515308990000621 1.1385673256391
2 0.00378691921 0.017 -0.0860464838676871 0.1313523422537699 0.7375499737101444 1.137239144201171
2 0.00378691921 0.018 -0.09445289845399027 0.1344177334012479 0.7238004737373001 1.135913562787878
2 0.00378691921 0.019 -0.1030412315052919 0.1371083639399286 0.7102862173988976 1.134590829439605
2 0.00378691921 0.02 -0.1117883916553325 0.1394434318038322 0.6970103282110445 1.133271196043917
2 0.00378691921 0.021 -0.1206724808616046 0.1414414766018104 0.6839752825528358 1.131954917450446
2 0.00378691921 0.022 -0.1296727530659314 0.1431203890511702 0.6711829549084414 1.130642250622057
2 0.00378691921 0.023 -0.1387695734648623 0.1444974211843286 0.6586346607756934 1.129333453822725
2 0.00378691921 0.024 -0.1479443784540586 0.1455891972334126 0.6463311973278946 1.128028785842338
2 0.00378691921 0.025 -0.157179636283341 0.1464117251148961 0.6342728819245326 1.126728505258598
2 0.00378691921 0.026 -0.1664588084592619 0.1469804084384042 0.6224595885605836 1.125432869736061
2 0.00378691921 0.027 -0.1757663119199483 0.1473100589728561 0.610890782344628 1.124142135362343
2 0.00378691921 0.028 -0.1850874820012781 0.1474149095093463 0.5995655520920886 1.122856556021452
2 0.00378691921 0.029 -0.1944085362382114 0.1473086270456831 0.5884826411062091 1.121576382804065
2 0.00378691921 0.03 -0.2037165390050864 0.1470043262442151 0.5776404762318407 1.120301863454522
2 0.00378691921 0.031 -0.2129993670113276 0.1465145831087022 0.5670371952571259 1.11903324185422
2 0.00378691921 0.032 -0.2222456756765732 0.1458514488219776 0.5566706727326201 1.117770757540946
2 0.00378691921 0.033 -0.2314448663763012 0.145026463709886 0.5465385442849172 1.116514645263731
2 0.00378691921 0.034 -0.2405870545731939 0.1440506712824297 0.5366382294898564 1.115265134572621
2 0.00378691921 0.035 -0.2496630388411256 0.142934632309686 0.5269669533707345 1.11402244944268
2 0.00378691921 0.036 -0.2586642707810564 0.141688438896691 0.5175217665862647 1.112786807931499
2 0.00378691921 0.037 -0.2675828258286905 0.1403217285224385 0.5082995643699534 1.111558421869381
2 0.00378691921 0.038 -0.2764113749389728 0.1388436980205303 0.499297104283014 1.110337496581486
2 0.00378691921 0.039 -0.2851431571555886 0.1372631174633943 0.4905110228346746 1.109124230640882
2 0.00378691921 0.04 -0.2937719530564749 0.1355883439254301 0.4819378510259921 1.107918815651555
2 0.00378691921 0.041 -0.3022920590664961 0.1338273351016347 0.4735740288707123 1.10672143606034
2 0.00378691921 0.042 -0.3106982626282455 0.1319876627595714 0.4654159189444813 1.105532268996698
2 0.00378691921 0.043 -0.3189858182106972 0.1300765260127726 0.4574598190128945 1.104351484139403
2 0.00378691921 0.044 -0.3271504241539187 0.1281007643901987 0.4497019737839495 1.103179243608862
2 0.00378691921 0.045 -0.3351882003348045 0.1260668706876145 0.4421385858309442 1.102015701883955
2 0.00378691921 0.046 -0.3430956666392344 0.1239810035875263 0.4347658257297459 1.10086100574221
2 0.00378691921 0.047 -0.3508697222262264 0.1218490000352046 0.4275798414524938 1.099715294222152
2 0.00378691921 0.048 -0.358507625561327 0.1196763873666035 0.4205767670581509 1.098578698606785
2 0.00378691921 0.049 -0.3660069752110411 0.1174683951725667 0.4137527307178102 1.097451342426884
2 0.00378691921 0.05 -0.3733656913800589 0.1152299668929578 0.4071038621119416 1.096333341482945
2 0.00378691921 0.051 -0.3805819981742795 0.1129657711342592 0.4006262992350292 1.095224803884614
2 0.00378691921 0.052 -0.3876544065700931 0.1106802127073658 0.3943161946414536 1.094125830106496
2 0.00378691921 0.053 -0.3945816980697134 0.1083774433841237 0.3881697211644335 1.093036513059277
2 0.00378691921 0.054 -0.4013629090320853 0.1060613723627161 0.3821830771394346 1.091956938174848
2 0.00378691921 0.055 -0.4079973156528733 0.1037356764478507 0.3763524911607906 1.090887183504583
2 0.00378691921 0.056 -0.4144844195819449 0.1014038099384335 0.3706742264002572 1.089827319829483
2 0.00378691921 0.057 -0.4208239341558788 0.0990690142265746 0.3651445845137931 1.088777410781312
2 0.00378691921 0.058 -0.4270157712281464 0.09673432710770424 0.3597599091620548 1.087737512973674
2 0.00378691921 0.059 -0.4330600285794475 0.09440259180240824 0.354516589168953 1.086707676142049
2 0.00378691921 0.06 -0.4389569778897479 0.09207646569222658 0.3494110613413057 1.085687943291856
2 0.00378691921 0.061 -0.4447070532529069 0.0897584287731952 0.3444398129710951 1.084678350853697
2 0.00378691921 0.062 -0.4503108402186135 0.08745079182741401 0.3395993840419056 1.083678928844818
2 0.00378691921 0.063 -0.4557690653407142 0.08515570431982239 0.3348863691581733 1.082689701036091
2 0.00378691921 0.064 -0.4610825862175921 0.08287516202074004 0.3302974192169928 1.081710685123625
2 0.00378691921 0.065 -0.4662523820055528 0.08061101436065965 0.3258292428395124 1.080741892904315
2 0.00378691921 0.066 -0.4712795443886836 0.07836497152166975 0.3214786075787014 1.079783330454637
2 0.00378691921 0.067 -0.4761652689902233 0.07613861126845607 0.3172423409202543 1.078834998311927
2 0.00378691921 0.068 -0.4809108472067047 0.0739333855272155 0.3131173310902858 1.077896891657635
2 0.00378691921 0.06900000000000001 -0.4855176584503485 0.07175062671629413 0.309100527684576 1.076969000501921
2 0.00378691921 0.07000000000000001 -0.4899871627845798 0.06959155383355574 0.3051889421330822 1.076051309868983
2 0.00378691921 0.07100000000000001 -0.4943208939371551 0.06745727830657147 0.3013796480122517 1.075143799982638
2 0.00378691921 0.07200000000000001 -0.4985204526761422 0.06534880961133416 0.2976697812171932 1.07424644645164
2 0.00378691921 0.073 -0.502587500533154 0.06326706066734043 0.2940565400036594 1.073359220454398
2 0.00378691921 0.074 -0.5065237538612759 0.06121285301287897 0.2905371849116502 1.072482088922563
2 0.00378691921 0.075 -0.5103309782136978 0.05918692176696637 0.2871090385804176 1.071615014723128
2 0.00378691921 0.076 -0.5140109830296621 0.05718992038410863 0.283769485464192 1.070757956838692
2 0.00378691921 0.077 -0.5175656166148301 0.05522242520787517 0.2805159714575357 1.069910870545555
2 0.00378691921 0.078 -0.5209967614029053 0.05328493983079374 0.2773460034373131 1.06907370758944
2 0.00378691921 0.079 -0.5243063294872755 0.05137789926496992 0.2742571487302325 1.068246416358477
2 0.00378691921 0.08 -0.5274962584107046 0.0495016739297393 0.2712470345130139 1.067428942053248
2 0.00378691921 0.081 -0.5305685072016324 0.04765657346238569 0.2683133471519262 1.066621226853671
2 0.00378691921 0.082 -0.5335250526460575 0.04584285035774457 0.2654538314881341 1.065823210082542
2 0.00378691921 0.083 -0.5363678857841212 0.04406070344355831 0.2626662900735932 1.065034828365612
2 0.00378691921 0.08400000000000001 -0.5390990086215712 0.0423102811960854 0.2599485823641941 1.06425601578802
2 0.00378691921 0.08500000000000001 -0.5417204310460699 0.04059168490182479 0.2572986238751197 1.063486704046937
2 0.00378691921 0.08600000000000001 -0.5442341679387459 0.03890497167095022 0.2547143853031797 1.062726822600359
2 0.00378691921 0.08700000000000001 -0.5466422364717396 0.03725015730783344 0.2521938916206767 1.061976298811932
2 0.00378691921 0.08799999999999999 -0.5489466535829137 0.03562721904472461 0.2497352211438648 1.061235058091803
2 0.00378691921 0.089 -0.5511494336192987 0.03403609814289478 0.2473365045809451 1.060503024033381
2 0.00378691921 0.09 -0.553252586141003 0.03247670236648634 0.2449959240629916 1.059780118546003
2 0.00378691921 0.091 -0.5552581138776598 0.03094890833407014 0.2427117121610756 1.059066261983458
2 0.00378691921 0.092 -0.557168010829777 0.02945256375270613 0.2404821508927245 1.058361373268384
2 0.00378691921 0.093 -0.5589842605079421 0.02798748953972652 0.2383055707195506 1.057665370012546
2 0.00378691921 0.094 -0.5607088343027609 0.02655348183618098 0.2361803495396489 1.056978168632984
2 0.00378691921 0.095 -0.5623436899788108 0.02515031391650514 0.234104911676992 1.056299684464061
2 0.00378691921 0.096 -0.5638907702861585 0.02377773799875665 0.2320777268699841 1.055629831865439
2 0.00378691921 0.097 -0.5653520016832251 0.02243548695957986 0.2300973092612593 1.054968524326029
2 0.00378691921 0.098 -0.5667292931654684 0.02112327595828916 0.2281622163896843 1.054315674563966
2 0.00378691921 0.099 -0.5680245351939391 0.01984080397356427 0.226271048187148 1.053671194622656
2 0.00378691921 0.1 -0.5692395987183235 0.01858775525663504 0.2244224459815187 1.053034995962947
2 0.00378691921 0.101 -0.5703763342892932 0.01736380070464722 0.222615091507126 1.052406989551501
2 0.00378691921 0.102 -0.5714365712551608 0.01616859915774236 0.2208477059240872 1.051787085945422
2 0.00378691921 0.103 -0.572422117038576 0.01500179862347479 0.2191190488468324 1.05117519537324
2 0.00378691921 0.104 -0.5733347564900264 0.01386303743209774 0.2174279173811675 1.050571227812299
2 0.00378691921 0.105 -0.5741762513021701 0.01275194532234488 0.2157731451880848 1.049975093062613
2 0.00378691921 0.106 -0.5749483395176672 0.01166814447216966 0.2141536015202929 1.049386700817397
2 0.00378691921 0.107 -0.5756527350568265 0.01061125045622963 0.2125681903355222 1.048805960730119
2 0.00378691921 0.108 -0.5762911273521868 0.009580873159233167 0.21101584935449 1.048232782478404
2 0.00378691921 0.109 -0.5768651810020616 0.008576617624839222 0.2094955491854107 1.047667075824735
2 0.00378691921 0.11 -0.5773765354897961 0.00759808485642932 0.2080062924434113 1.047108750674129
2 0.00378691921 0.111 -0.5778268049665815 0.006644872569248696 0.2065471128685651 1.046557717128652
2 0.00378691921 0.112 -0.5782175780423492 0.005716575891134753 0.2051170745049108 1.04601388553939
2 0.00378691921 0.113 -0.5785504176668852 0.004812788023109986 0.2037152708393103 1.045477166555148
2 0.00378691921 0.114 -0.578826861013191 0.003933100853723625 0.2023408240010198 1.044947471168826
2 0.00378691921 0.115 -0.5790484194128452 0.003077105534513971 0.2009928839600774 1.044424710761046
2 0.00378691921 0.116 -0.5792165783411117 0.002244393016463441 0.1996706277276515 1.04390879714095
2 0.00378691921 0.117 -0.5793327973963502 0.001434554550094827 0.1983732586122539 1.04339964258522
2 0.00378691921 0.118 -0.5793985103577364 0.000647182150320161 0.1971000054438376 1.042897159873873
2 0.00378691921 0.119 -0.5794151252329101 -0.0001181309709654034 0.1958501218531178 1.042401262324485
2 0.00378691921 0.12 -0.579384024346583 -0.0008617900034912096 0.1946228855522352 1.04191186382396
2 0.00378691921 0.121 -0.579306564467852 -0.001584198168295765 0.1934175976194154 1.041428878857826
2 0.00378691921 0.122 -0.5791840769222409 -0.002285756372121714 0.1922335818340029 1.040952222538408
2 0.00378691921 0.123 -0.5790178677716246 -0.002966862892576915 0.1910701839857629 1.040481810629894
2 0.00378691921 0.124 -0.5788092179756618 -0.003627913084780528 0.1899267712337052 1.040017559572464
2 0.00378691921 0.125 -0.5785593835853495 -0.004269299112907693 0.1888027314677918 1.039559386504281
2 0.00378691921 0.126 -0.5782695959665154 -0.004891409706344624 0.1876974726757658 1.039107209281322
2 0.00378691921 0.127 -0.5779410620016919 -0.005494629931665173 0.1866104223548451 1.038660946496655
2 0.00378691921 0.128 -0.577574964350796 -0.006079340991348995 0.1855410269027599 1.038220517496758
2 0.00378691921 0.129 -0.5771724616878738 -0.00664592003581465 0.1844887510527022 1.037785842397441
2 0.00378691921 0.13 -0.5767346889629327 -0.007194739995224464 0.1834530773120164 1.037356842097906
2 0.00378691921 0.131 -0.576262757686785 -0.007726169430672789 0.182433505406514 1.036933438292969
2 0.00378691921 0.132 -0.5757577561903803 -0.008240572394514589 0.1814295517643522 1.03651555348515
2 0.00378691921 0.133 -0.5752207499350593 -0.008738308313872817 0.1804407489833001 1.036103110994026
2 0.00378691921 0.134 -0.5746527817956765 -0.009219731881360289 0.1794666453365927 1.035696034965587
2 0.00378691921 0.135 -0.5740548723632358 -0.009685192961434674 0.1785068042829146 1.03529425038
2 0.00378691921 0.136 -0.5734280202650972 -0.01013503651194316 0.1775608039820972 1.034897683057812
2 0.00378691921 0.137 -0.572773202457599 -0.01056960250987203 0.1766282368454264 1.03450625966637
2 0.00378691921 0.138 -0.5720913745627811 -0.01098922589715215 0.1757087090725667 1.034119907723715
2 0.00378691921 0.139 -0.571383471176438 -0.01139423652920746 0.1748018402221437 1.033738555602792
2 0.00378691921 0.14 -0.5706504061912855 -0.01178495913581688 0.1739072627865349 1.033362132534315
2 0.00378691921 0.141 -0.5698930731334447 -0.01216171329382227 0.1730246217721993 1.032990568608307
2 0.00378691921 0.142 -0.5691123454706087 -0.01252481340047142 0.172153574310085 1.032623794776136
2 0.00378691921 0.143 -0.5683090769584054 -0.01287456866409808 0.1712937892552353 1.032261742850213
2 0.00378691921 0.144 -0.5674841019577611 -0.01321128309434179 0.1704449468155763 1.031904345504265
2 0.00378691921 0.145 -0.5666382357639178 -0.01353525550203257 0.1696067381847913 1.031551536272462
2 0.00378691921 0.146 -0.565772274945456 -0.01384677950827029 0.1687788651804014 1.031203249547433
2 0.00378691921 0.147 -0.5648869976552237 -0.01414614355162535 0.1679610399078391 1.030859420578978
2 0.00378691921 0.148 -0.5639831639743578 -0.01443363091032043 0.1671529844157956 1.030519985470628
2 0.00378691921 0.149 -0.5630615162278286 -0.01470951972172538 0.1663544303767344 1.030184881176973
2 0.00378691921 0.15 -0.5621227793089257 -0.01497408300941313 0.1655651187712534 1.029854045500014
2 0.00378691921 0.151 -0.5611676610111868 -0.01522758871731822 0.1647847995772336 1.029527417084584
2 0.00378691921 0.152 -0.560196852333113 -0.01547029974031095 0.1640132314813456 1.029204935414603
2 0.00378691921 0.153 -0.5592110278115728 -0.01570247396771652 0.1632501815834988 1.028886540807374
2 0.00378691921 0.154 -0.5582108458278255 -0.01592436432266454 0.1624954251229001 1.028572174408765
2 0.00378691921 0.155 -0.557196948920372 -0.01613621880733487 0.1617487452076564 1.028261778187559
2 0.00378691921 0.156 -0.5561699641032714 -0.0163382805536622 0.161009932548708 1.027955294929047
2 0.00378691921 0.157 -0.5551305031585653 -0.01653078786936123 0.1602787852129156 1.027652668229519
2 0.00378691921 0.158 -0.5540791629535806 -0.01671397429514057 0.1595551083704365 1.027353842488991
2 0.00378691921 0.159 -0.5530165257323305 -0.0168880686568234 0.158838714060586 1.027058762904885
2 0.00378691921 0.16 -0.551943159412093 -0.01705329512205136 0.1581294209609095 1.026767375465013
2 0.00378691921 0.161 -0.5508596178839421 -0.0172098732611609 0.1574270541601258 1.026479626939918
2 0.00378691921 0.162 -0.5497664412889751 -0.01735801810274055 0.1567314449474219 1.026195464876182
2 0.00378691921 0.163 -0.5486641563161295 -0.01749794019886301 0.1560424305971255 1.025914837588122
2 0.00378691921 0.164 -0.5475532764757948 -0.01762984568471491 0.155359854169138 1.025637694150483
2 0.00378691921 0.165 -0.5464343023773246 -0.01775393634177749 0.1546835643122417 1.025363984390536
2 0.00378691921 0.166 -0.5453077220093457 -0.01787040966417633 0.1540134150708342 1.025093658879655
2 0.00378691921 0.167 -0.5441740109975036 -0.01797945891940697 0.1533492657055793 1.024826668925867
2 0.00378691921 0.168 -0.5430336328809452 -0.01808127321743062 0.152690980510318 1.024562966564949
2 0.00378691921 0.169 -0.5418870393664116 -0.01817603757396049 0.1520384286423785 1.024302504552524
2 0.00378691921 0.17 -0.5407346705852402 -0.0182639329764894 0.1513914839554334 1.024045236355674
2 0.00378691921 0.171 -0.5395769553522884 -0.01834513645270681 0.1507500248353707 1.023791116144092
2 0.00378691921 0.172 -0.5384143114040906 -0.01841982113322758 0.1501139340479742 1.023540098782229
2 0.00378691921 0.173 -0.5372471456532854 -0.01848815632156552 0.1494830985835836 1.023292139820108
2 0.00378691921 0.174 -0.5360758544224946 -0.01855030755830686 0.1488574095131124 1.023047195485146
2 0.00378691921 0.175 -0.5349008236803486 -0.0186064366873908 0.1482367618463112 1.022805222673546
2 0.00378691921 0.176 -0.5337224292787778 -0.01865670192417623 0.1476210543926617 1.022566178941323
2 0.00378691921 0.177 -0.5325410371713208 -0.01870125791792497 0.1470101896322702 1.022330022496293
2 0.00378691921 0.178 -0.5313570036455741 -0.01874025582055903 0.146404073584323 1.022096712188858
2 0.00378691921 0.179 -0.5301706755368999 -0.01877384334977642 0.1458026156851504 1.021866207503771
2 0.00378691921 0.18 -0.5289823904436995 -0.01880216485377919 0.1452057286682543 1.021638468551541
2 0.00378691921 0.181 -0.5277924769434632 -0.01882536137732197 0.1446133284466248 1.021413456059525
2 0.00378691921 0.182 -0.5266012547915714 -0.01884357072239666 0.1440253340035017 1.021191131363955
2 0.00378691921 0.183 -0.5254090351323867 -0.01885692751435288 0.1434416672811755 1.020971456400876
2 0.00378691921 0.184 -0.5242161206933522 -0.01886556326263533 0.1428622530778963 1.020754393698025
2 0.00378691921 0.185 -0.5230228059802073 -0.0188696064227477 0.1422870189464945 1.020539906366401
2 0.00378691921 0.186 -0.5218293774721506 -0.01886918245900266 0.1417158950951346 1.020327958091613
2 0.00378691921 0.187 -0.5206361138041714 -0.01886441390323897 0.1411488142942999 1.020118513125915
2 0.00378691921 0.188 -0.5194432859533131 -0.01885542041571518 0.140585711784377 1.019911536279748
2 0.00378691921 0.189 -0.5182511574180092 -0.01884231884409511 0.1400265251873567 1.019706992913571
2 0.00378691921 0.19 -0.5170599843941079 -0.0188252232818336 0.1394711944213645 1.019504848929716
2 0.00378691921 0.191 -0.5158700159471391 -0.01880424512576163 0.1389196616180876 1.019305070764326
2 0.00378691921 0.192 -0.5146814941808088 -0.01877949313282902 0.1383718710430252 1.01910762537937
2 0.00378691921 0.193 -0.5134946544024533 -0.01875107347625255 0.1378277690182647 1.018912480254687
2 0.00378691921 0.194 -0.5123097252847756 -0.01871908980078249 0.1372873038479266 1.018719603380126
2 0.00378691921 0.195 -0.5111269290240252 -0.01868364327711874 0.1367504257461544 1.018528963247758
2 0.00378691921 0.196 -0.5099464814946868 -0.01864483265547279 0.1362170867675642 1.018340528844181
2 0.00378691921 0.197 -0.5087685924006656 -0.01860275431824544 0.1356872407400902 1.018154269642911
2 0.00378691921 0.198 -0.507593465423635 -0.0185575023320492 0.135160843199976 1.017970155596822
2 0.00378691921 0.199 -0.5064212983679477 -0.01850916849882443 0.1346378513290296 1.017788157130671
2 0.00378691921 0.2 -0.505252283302266 -0.01845784240608361 0.1341182238940353 1.017608245133731
2 0.00378691921 0.201 -0.5040866066979706 -0.01840361147628633 0.133601921188251 1.017430390952494
2 0.00378691921 0.202 -0.5029244495643515 -0.01834656101532409 0.1330889049749347 1.017254566383485
2 0.00378691921 0.203 -0.5017659875811701 -0.01828677426032442 0.1325791384326914 1.017080743666125
2 0.00378691921 0.204 -0.500611391228073 -0.01822433242655512 0.1320725861027368 1.016908895475686
2 0.00378691921 0.205 -0.4994608259109985 -0.01815931475346431 0.1315692138379858 1.016738994916353
2 0.00378691921 0.206 -0.4983144520856369 -0.01809179854986329 0.1310689887539072 1.016571015514364
2 0.00378691921 0.207 -0.4971724253779506 -0.01802185923823785 0.1305718791810924 1.016404931211262
2 0.00378691921 0.208 -0.4960348967022817 -0.01794957039837912 0.1300778546193698 1.016240716357196
2 0.00378691921 0.209 -0.4949020123765919 -0.01787500381014199 0.1295868856935348 1.016078345704323
2 0.00378691921 0.21 -0.4937739142349647 -0.01779822949536708 0.1290989441106269 1.015917794400307
2 0.00378691921 0.211 -0.4926507397374275 -0.01771931575897592 0.1286140026186954 1.015759037981909
2 0.00378691921 0.212 -0.4915326220771042 -0.01763832922923026 0.1281320349670163 1.015602052368678
2 0.00378691921 0.213 -0.4904196902851686 -0.01755533489732817 0.1276530158676132 1.015446813856695
2 0.00378691921 0.214 -0.4893120693331983 -0.01747039615616956 0.1271769209581462 1.015293299112424
2 0.00378691921 0.215 -0.4882098802330506 -0.01738357483832586 0.1267037267661025 1.01514148516665
2 0.00378691921 0.216 -0.4871132401343126 -0.01729493125322546 0.1262334106742471 1.014991349408511
2 0.00378691921 0.217 -0.4860222624193395 -0.01720452422354939 0.125765950887295 1.014842869579625
2 0.00378691921 0.218 -0.4849370567962977 -0.01711241112099299 0.1253013263996871 1.014696023768276
2 0.00378691921 0.219 -0.4838577293898661 -0.01701864790124715 0.124839516964518 1.014550790403699
2 0.00378691921 0.22 -0.4827843828297 -0.01692328913823261 0.1243805030635633 1.014407148250453
2 0.00378691921 0.221 -0.4817171163367125 -0.01682638805759959 0.1239242658783672 1.014265076402879
2 0.00378691921 0.222 -0.4806560258071838 -0.0167279965694901 0.1234707872623602 1.014124554279657
2 0.00378691921 0.223 -0.4796012038950705 -0.01662816530070255 0.1230200497139085 1.013985561618419
2 0.00378691921 0.224 -0.4785527400922127 -0.01652694362613101 0.1225720363503341 1.01384807847045
2 0.00378691921 0.225 -0.4775107208065294 -0.01642437969951058 0.1221267308828594 1.013712085195484
2 0.00378691921 0.226 -0.4764752294382565 -0.01632052048348134 0.1216841175924462 1.013577562456576
2 0.00378691921 0.227 -0.4754463464546165 -0.01621541177912051 0.1212441813064339 1.013444491215024
2 0.00378691921 0.228 -0.4744241494609545 -0.01610909825415845 0.1208069073763048 1.013312852725555
2 0.00378691921 0.229 -0.473408713274437 -0.01600162347228716 0.120372281655472 1.013182628531125
2 0.00378691921 0.23 -0.4724001099882442 -0.01589302991877718 0.1199402904792098 1.013053800458615
2 0.00378691921 0.231 -0.4713984090472848 -0.01578335903072229 0.1195109206430251 1.012926350613204
2 0.00378691921 0.232 -0.4704036773016196 -0.01567265121852569 0.1190841593852937 1.012800261375
2 0.00378691921 0.233 -0.4694159790824637 -0.01556094589637744 0.118659994366456 1.012675515393182
2 0.00378691921 0.234 -0.4684353762572054 -0.01544828150448374 0.1182384136521803 1.012552095582266
2 0.00378691921 0.235 -0.467461928290433 -0.01533469553372492 0.1178194056958568 1.012429985117653
2 0.00378691921 0.236 -0.4664956923097148 -0.01522022455223117 0.1174029593207725 1.012309167430552
2 0.00378691921 0.237 -0.4655367231525938 -0.01510490422458601 0.1169890637055854 1.012189626204867
2 0.00378691921 0.238 -0.464585073433496 -0.01498876933892347 0.1165777083670645 1.012071345371807
2 0.00378691921 0.239 -0.4636407935921056 -0.01487185382674866 0.1161688831460378 1.01195430910645
2 0.00378691921 0.24 -0.4627039319470306 -0.01475419078487914 0.115762578192826 1.011838501823648
2 0.00378691921 0.241 -0.4617745347536558 -0.01463581249905308 0.1153587839524526 1.01172390817335
2 0.00378691921 0.242 -0.460852646245401 -0.01451675046104261 0.1149574911525057 1.01161051303775
2 0.00378691921 0.243 -0.4599383086925512 -0.0143970353926878 0.1145586907888516 1.01149830152632
2 0.00378691921 0.244 -0.4590315624447185 -0.01427669726352202 0.1141623741139229 1.011387258972661
2 0.00378691921 0.245 -0.4581324459779646 -0.01415576531024731 0.1137685326246203 1.011277370930735
2 0.00378691921 0.246 -0.45724099594562 -0.01403426805765752 0.1133771580500694 1.011168623170569
2 0.00378691921 0.247 -0.456357247214436 -0.01391223333384833 0.1129882423414885 1.011061001675636
2 0.00378691921 0.248 -0.4554812329162607 -0.01378968829148746 0.1126017776603949 1.010954492638292
2 0.00378691921 0.249 -0.4546129844852455 -0.01366665942344931 0.1122177563688582 1.010849082456889
2 0.00378691921 0.25 -0.4537525316991682 -0.01354317258006188 0.1118361710194727 1.010744757732307
2 0.00378691921 0.251 -0.4528999027240253 -0.01341925298761019 0.1114570143452474 1.010641505264023
2 0.00378691921 0.252 -0.4520551241456513 -0.01329492526182162 0.1110802792511601 1.010539312047695
2 0.00378691921 0.253 -0.4512182210150678 -0.01317021342665156 0.11070595880445 1.010438165270988
2 0.00378691921 0.254 -0.4503892168810357 -0.01304514092812051 0.1103340462265205 1.010338052310913
2 0.00378691921 0.255 -0.4495681338262471 -0.01291973064955497 0.1099645348846462 1.010238960730656
2 0.00378691921 0.256 -0.4487549925064158 -0.01279400492791787 0.1095974182836504 1.010140878275965
2 0.00378691921 0.257 -0.447949812177883 -0.01266798556573743 0.1092326900588728 1.01004379287294
2 0.00378691921 0.258 -0.4471526107373839 -0.01254169384766667 0.1088703439682088 1.009947692624201
2 0.00378691921 0.259 -0.4463634047504849 -0.0124151505527033 0.1085103738853942 1.009852565806453
2 0.00378691921 0.26 -0.4455822094832454 -0.01228837596763064 0.1081527737931658 1.009758400867578
2 0.00378691921 0.261 -0.4448090389364578 -0.01216138990140304 0.107797537776433 1.009665186423316
2 0.00378691921 0.262 -0.4440439058697059 -0.01203421169567476 0.1074446600164324 1.009572911255252
2 0.00378691921 0.263 -0.4432868218362158 -0.01190686023937077 0.1070941347842254 1.009481564307293
2 0.00378691921 0.264 -0.4425377972076616 -0.01177935397945618 0.1067459564351417 1.009391134683441
2 0.00378691921 0.265 -0.4417968412018374 -0.01165171093276714 0.1064001194031558 1.00930161164513
2 0.00378691921 0.266 -0.4410639619126269 -0.01152394869865979 0.1060566181953068 1.009212984608182
2 0.00378691921 0.267 -0.4403391663309347 -0.01139608446828413 0.1057154473868484 1.009125243140962
2 0.00378691921 0.268 -0.4396224603752155 -0.01126813503738261 0.1053766016159633 1.009038376961154
2 0.00378691921 0.269 -0.4389138489130832 -0.01114011681576254 0.1050400755791774 1.008952375933716
2 0.00378691921 0.27 -0.4382133357854721 -0.0110120458376905 0.1047058640267523 1.008867230068444
2 0.00378691921 0.271 -0.437520923832857 -0.01088393777299512 0.1043739617581474 1.008782929517183
2 0.00378691921 0.272 -0.4368366149134323 -0.01075580793521873 0.104044363618003 1.008699464572136
2 0.00378691921 0.273 -0.4361604099298477 -0.01062767129284064 0.1037170644918707 1.008616825662909
2 0.00378691921 0.274 -0.435492308848008 -0.01049954247759257 0.1033920593024383 1.008535003354645
2 0.00378691921 0.275 -0.4348323107181546 -0.01037143579357458 0.1030693430057712 1.008453988345782
2 0.00378691921 0.276 -0.434180413697795 -0.0102433652269841 0.1027489105876439 1.008373771465507
2 0.00378691921 0.277 -0.4335366150674654 -0.01011534445326687 0.102430757060221 1.008294343672206
2 0.00378691921 0.278 -0.4329009112541436 -0.009987386846942751 0.1021148774586322 1.008215696050754
2 0.00378691921 0.279 -0.4322732978475846 -0.009859505488891659 0.1018012668378767 1.008137819810806
2 0.00378691921 0.28 -0.4316537696187023 -0.00973171317433404 0.1014899202697717 1.008060706284749
2 0.00378691921 0.281 -0.4310423205396193 -0.009604022421342152 0.1011808328400088 1.007984346925364
2 0.00378691921 0.282 -0.4304389437973116 -0.009476445477100406 0.1008739996454179 1.007908733304409
2 0.00378691921 0.283 -0.4298436318141138 -0.009348994326494225 0.1005694157912462 1.00783385711014
2 0.00378691921 0.284 -0.429256376261898 -0.009221680698481784 0.1002670763886283 1.007759710145737
2 0.00378691921 0.285 -0.4286771680780947 -0.009094516073068246 0.09996697655212616 1.007686284327439
2 0.00378691921 0.286 -0.4281059974832244 -0.008967511688739578 0.09966911139738657 1.007613571682393
2 0.00378691921 0.287 -0.4275428539926907 -0.008840678547932149 0.0993734760388942 1.007541564347365
2 0.00378691921 0.288 -0.4269877264347447 -0.00871402742452875 0.09908006558783365 1.007470254566458
2 0.00378691921 0.289 -0.4264406029627817 -0.008587568869420206 0.0987888751500333 1.007399634689684
2 0.00378691921 0.29 -0.4259014710692979 -0.008461313216589574 0.0984998998239965 1.007329697171244
2 0.00378691921 0.291 -0.4253703176012267 -0.008335270589594533 0.09821313469905893 1.007260434567564
2 0.00378691921 0.292 -0.4248471287701142 -0.008209450906336232 0.09792857485355042 1.007191839536111
2 0.00378691921 0.293 -0.424331890167869 -0.008083863885591624 0.09764621535314047 1.007123904833305
2 0.00378691921 0.294 -0.4238245867774156 -0.007958519051858522 0.09736605124917694 1.007056623313209
2 0.00378691921 0.295 -0.4233252029848549 -0.007833425740654111 0.09708807757712612 1.006989987925955
2 0.00378691921 0.296 -0.4228337225928843 -0.007708593104158653 0.09681228935514459 1.00692399171594
2 0.00378691921 0.297 -0.4223501288295666 -0.007584030115364581 0.09653868158258229 1.006858627820749
2 0.00378691921 0.298 -0.4218744043621507 -0.007459745573760573 0.09626724923872845 1.006793889469234
2 0.00378691921 0.299 -0.4214065313062946 -0.007335748109544005 0.09599798728147925 1.006729769980318
2 0.00378691921 0.3 -0.4209464912366626 -0.007212046188227127 0.09573089064611733 1.006666262761553
2 0.00378691921 0.301 -0.4204942651986795 -0.007088648115542846 0.09546595424422699 1.006603361307465
2 0.00378691921 0.302 -0.4200498337160762 -0.006965562041046701 0.09520317296248228 1.006541059198565
2 0.00378691921 0.303 -0.4196131768030332 -0.006842795963055586 0.09494254166172336 1.006479350099596
2 0.00378691921 0.304 -0.4191842739721613 -0.006720357732302781 0.09468405517589815 1.006418227758426
2 0.00378691921 0.305 -0.4187631042437404 -0.006598255055935107 0.09442770831112347 1.006357686004738
2 0.00378691921 0.306 -0.418349646156028 -0.006476495501770621 0.09417349584488392 1.006297718748501
2 0.00378691921 0.307 -0.4179438777717424 -0.006355086501418465 0.0939214125250577 1.006238319979075
2 0.00378691921 0.308 -0.4175457766887509 -0.006234035354563836 0.09367145306926522 1.006179483763595
2 0.00378691921 0.309 -0.4171553200469735 -0.006113349232132703 0.09342361216403876 1.006121204245962
2 0.00378691921 0.31 -0.4167724845364443 -0.005993035179754222 0.09317788446411682 1.006063475645637
2 0.00378691921 0.311 -0.4163972464063652 -0.005873100121450207 0.09293426459187654 1.006006292256244
2 0.00378691921 0.312 -0.4160295814706715 -0.005753550862330928 0.09269274713655826 1.005949648444747
2 0.00378691921 0.313 -0.4156694651174566 -0.005634394092307675 0.09245332665383754 1.005893538649965
2 0.00378691921 0.314 -0.4153168723149457 -0.005515636388826968 0.09221599766518417 1.005837957381653
2 0.00378691921 0.315 -0.4149717776185371 -0.005397284219864262 0.09198075465734942 1.005782899219394
2 0.00378691921 0.316 -0.4146341551787701 -0.00527934394711616 0.09174759208199057 1.005728358811313
2 0.00378691921 0.317 -0.4143039787460978 -0.00516182182832387 0.09151650435506083 1.005674330873327
2 0.00378691921 0.318 -0.4139812216792195 -0.005044724020485488 0.0912874858565644 1.005620810187783
2 0.00378691921 0.319 -0.4136658569502496 -0.004928056582212905 0.09106053093007277 1.005567791602614
2 0.00378691921 0.32 -0.4133578571508795 -0.004811825476315429 0.09083563388237086 1.005515270030317
2 0.00378691921 0.321 -0.4130571945002017 -0.004696036572749088 0.09061278898332388 1.005463240446648
2 0.00378691921 0.322 -0.4127638408468231 -0.004580695650133985 0.09039199046519777 1.005411697890265
2 0.00378691921 0.323 -0.4124777676761523 -0.004465808398513687 0.09017323252254562 1.005360637461493
2 0.00378691921 0.324 -0.41219894611789 -0.004351380422114891 0.08995650931216971 1.005310054321038
2 0.00378691921 0.325 -0.4119273469512832 -0.004237417241511665 0.08974181495290422 1.00525994368908
2 0.00378691921 0.326 -0.411662940609185 -0.004123924295488242 0.08952914352529284 1.005210300844561
2 0.00378691921 0.327 -0.4114056971799136 -0.004010906942381909 0.08931848907103251 1.005161121124828
2 0.00378691921 0.328 -0.4111555864156426 -0.003898370462917988 0.08910984559319141 1.005112399924177
2 0.00378691921 0.329 -0.4109125777382907 -0.003786320062403062 0.08890320705620182 1.005064132692802
2 0.00378691921 0.33 -0.4106766402441385 -0.003674760872585642 0.08869856738574718 1.00501631493596
2 0.00378691921 0.331 -0.4104477427073451 -0.003563697953251604 0.08849592046853881 1.004968942213323
2 0.00378691921 0.332 -0.410225853581414 -0.003453136293361191 0.08829526015185434 1.004922010138652
2 0.00378691921 0.333 -0.4100109410067493 -0.003343080813500324 0.08809658024385736 1.004875514378457
2 0.00378691921 0.334 -0.4098029728159012 -0.003233536367768903 0.08789987451368149 1.00482945065103
2 0.00378691921 0.335 -0.4096019165376379 -0.003124507745377326 0.08770513669140269 1.004783814725678
2 0.00378691921 0.336 -0.4094077393999942 -0.003015999672009013 0.08751236046789808 1.004738602422129
2 0.00378691921 0.337 -0.4092204083314074 -0.00290801681077735 0.08732153949446456 1.004693809610239
2 0.00378691921 0.338 -0.4090398899675529 -0.002800563764344568 0.08713266738321827 1.004649432208753
2 0.00378691921 0.339 -0.4088661506560341 -0.002693645076545464 0.08694573770725172 1.00460546618442
2 0.00378691921 0.34 -0.4086991564599874 -0.002587265233754515 0.08676074400067536 1.004561907551286
2 0.00378691921 0.341 -0.4085388731607327 -0.002481428666045887 0.08657767975854425 1.00451875237015
2 0.00378691921 0.342 -0.4083852662586318 -0.002376139747993189 0.08639653843654491 1.004475996748296
2 0.00378691921 0.343 -0.4082383009793004 -0.002271402800500873 0.08621731345145607 1.004433636838359
2 0.00378691921 0.344 -0.4080979422778223 -0.002167222092198806 0.08603999818136408 1.0043916688375
2 0.00378691921 0.345 -0.4079641548419536 -0.002063601840610521 0.08586458596576037 1.004350088986764
2 0.00378691921 0.346 -0.407836903094435 -0.001960546213137469 0.08569107010552386 1.004308893570578
2 0.00378691921 0.347 -0.4077161511936199 -0.001858059327721815 0.08551944386266608 1.004268078916509
2 0.00378691921 0.348 -0.4076018630391466 -0.001756145254429686 0.08534970046083803 1.004227641394219
2 0.00378691921 0.349 -0.4074940022757443 -0.001654808016647657 0.08518183308559134 1.004187577414704
2 0.00378691921 0.35 -0.4073925322960958 -0.001554051592078928 0.08501583488452048 1.004147883429707
2 0.00378691921 0.351 -0.4072974162428624 -0.001453879913575319 0.08485169896729093 1.00410855593125
2 0.00378691921 0.352 -0.4072086170091224 -0.001354296869680959 0.08468941840543409 1.004069591451428
2 0.00378691921 0.353 -0.4071260972435773 -0.001255306306001703 0.08452898623288765 1.004030986561432
2 0.00378691921 0.354 -0.4070498193540065 -0.001156912026230722 0.08437039544629202 1.003992737870856
2 0.00378691921 0.355 -0.4069797455098397 -0.001059117792996038 0.08421363900516823 1.003954842027152
2 0.00378691921 0.356 -0.4069158376439399 -0.0009619273285608556 0.08405870983198332 1.003917295715207
2 0.00378691921 0.357 -0.4068580574528862 -0.0008653443152638088 0.08390560081198789 1.003880095657153
2 0.00378691921 0.358 -0.4068063664017778 -0.0007693723967045316 0.08375430479377963 1.003843238611465
2 0.00378691921 0.359 -0.406760725727387 -0.0006740151786219701 0.08360481458962633 1.003806721372323
2 0.00378691921 0.36 -0.4067210964404853 -0.0005792762296137918 0.08345712297567172 1.003770540769113
2 0.00378691921 0.361 -0.4066874393274227 -0.0004851590817230148 0.08331122269203117 1.003734693666034
2 0.00378691921 0.362 -0.4066597149502866 -0.0003916672307885879 0.08316710644266562 1.003699176961934
2 0.00378691921 0.363 -0.4066378836513554 -0.000298804137473088 0.08302476689595986 1.003663987589469
2 0.00378691921 0.364 -0.4066219055559955 -0.0002065732280144035 0.08288419668506493 1.003629122514522
2 0.00378691921 0.365 -0.4066117405747767 -0.0001149778948348095 0.08274538840812529 1.003594578735737
2 0.00378691921 0.366 -0.4066073484048825 -2.402149702956697e-05 0.08260833462839906 1.003560353284168
2 0.00378691921 0.367 -0.4066086885301705 6.629263936016059e-05 0.08247302787416326 1.003526443223119
2 0.00378691921 0.368 -0.4066157202253231 0.0001559612204549329 0.08233946063929957 1.003492845647379
2 0.00378691921 0.369 -0.4066284025585243 0.000244980983894101 0.08220762538365022 1.003459557682677
2 0.00378691921 0.37 -0.4066466943933978 0.0003333486983216076 0.08207751453326127 1.003426576485263
2 0.00378691921 0.371 -0.4066705543902769 0.0004210611629818238 0.08194912048052229 1.003393899241572
2 0.00378691921 0.372 -0.406699941006189 0.0005081152075138543 0.08182243558409845 1.003361523168095
2 0.00378691921 0.373 -0.4067348124987429 0.0005945076911749961 0.08169745216951817 1.003329445510662
2 0.00378691921 0.374 -0.4067751269286178 0.0006802355022910992 0.08157416252953735 1.003297663543945
2 0.00378691921 0.375 -0.4068208421613517 0.0007652955578238763 0.0814525589243944 1.003266174571064
2 0.00378691921 0.376 -0.4068719158684955 0.0008496848030394217 0.08133263358196512 1.003234975923292
2 0.00378691921 0.377 -0.4069283055275414 0.0009334002113607031 0.08121437869771797 1.003204064959928
2 0.00378691921 0.378 -0.4069899684255817 0.001016438783690058 0.08109778643529879 1.003173439067636
2 0.00378691921 0.379 -0.4070568616616355 0.001098797547939525 0.08098284892689926 1.003143095659993
2 0.00378691921 0.38 -0.4071289421483129 0.001180473558668149 0.08086955827352005 1.003113032177118
2 0.00378691921 0.381 -0.407206166612874 0.001261463896813069 0.08075790654513716 1.003083246085405
2 0.00378691921 0.382 -0.4072884915971186 0.001341765669592418 0.0806478857806775 1.00305373487741
2 0.00378691921 0.383 -0.4073758734608444 0.001421376009912433 0.08053948798859642 1.003024496071241
2 0.00378691921 0.384 -0.4074682683840372 0.001500292075966316 0.08043270514724737 1.002995527210134
2 0.00378691921 0.385 -0.4075656323684288 0.001578511050931672 0.08032752920514973 1.002966825862118
2 0.00378691921 0.386 -0.4076679212384806 0.001656030142755485 0.08022395208116397 1.002938389619768
2 0.00378691921 0.387 -0.4077750906412497 0.001732846584100796 0.08012196566448448 1.002910216100103
2 0.00378691921 0.388 -0.4078870960496708 0.001808957631826064 0.08002156181520696 1.002882302944023
2 0.00378691921 0.389 -0.4080038927646293 0.001884360566642792 0.07992273236469644 1.002854647815916
2 0.00378691921 0.39 -0.4081254359164325 0.001959052692864659 0.07982546911585708 1.002827248403349
2 0.00378691921 0.391 -0.4082516804657316 0.002033031338239017 0.07972976384331391 1.002800102416844
2 0.00378691921 0.392 -0.4083825812033779 0.002106293853931704 0.07963560829342027 1.002773207589786
2 0.00378691921 0.393 -0.4085180927535502 0.002178837614068119 0.07954299418481264 1.002746561677899
2 0.00378691921 0.394 -0.4086581695757269 0.002250660015441301 0.07945191320877465 1.002720162458886
2 0.00378691921 0.395 -0.4088027659660862 0.002321758477305603 0.07936235702950699 1.002694007732146
2 0.00378691921 0.396 -0.4089518360583806 0.002392130441248459 0.07927431728431313 1.002668095318562
2 0.00378691921 0.397 -0.409105333823794 0.002461773371208597 0.07918778558361965 1.002642423060424
2 0.00378691921 0.398 -0.4092632130739321 0.002530684753069885 0.07910275351151658 1.002616988820946
2 0.00378691921 0.399 -0.4094254274627102 0.002598862094412814 0.07901921262611518 1.002591790483927
2 0.00378691921 0.4 -0.409591930487693 0.002666302924346683 0.07893715445981636 1.002566825953493
2 0.00378691921 0.401 -0.4097626754909356 0.002733004793416385 0.07885657051949874 1.002542093153903
2 0.00378691921 0.402 -0.4099376156588501 0.002798965273650093 0.07877745228654991 1.002517590029482
2 0.00378691921 0.403 -0.4101167040250753 0.002864181958198298 0.07869979121739051 1.002493314544172
2 0.00378691921 0.404 -0.4102998934722921 0.002928652461122764 0.07862357874382483 1.002469264681217
2 0.00378691921 0.405 -0.4104871367335155 0.002992374417262178 0.07854880627330572 1.002445438442926
2 0.00378691921 0.406 -0.4106783863929108 0.003055345482169576 0.07847546518912372 1.002421833850498
2 0.00378691921 0.407 -0.4108735948856799 0.003117563332186283 0.07840354685044772 1.002398448943961
2 0.00378691921 0.408 -0.4110727145008233 0.003179025664119754 0.07833304259283162 1.002375281781752
2 0.00378691921 0.409 -0.4112756973828932 0.00323973019506505 0.07826394372855622 1.002352330440433
2 0.00378691921 0.41 -0.4114824955332488 0.003299674662299739 0.07819624154688982 1.002329593014469
2 0.00378691921 0.411 -0.411693060810856 0.003358856823248362 0.07812992731427695 1.002307067616062
2 0.00378691921 0.412 -0.411907344932202 0.003417274455580037 0.0780649922743871 1.002284752375107
2 0.00378691921 0.413 -0.4121252994739599 0.003474925356919735 0.07800142764860306 1.002262645438798
2 0.00378691921 0.414 -0.4123468758746905 0.003531807344698159 0.07793922463635321 1.002240744971364
2 0.00378691921 0.415 -0.4125720254360681 0.003587918256072427 0.07787837441536678 1.002219049153861
2 0.00378691921 0.416 -0.4128006993236734 0.003643255947914648 0.07781886814186117 1.002197556184033
2 0.00378691921 0.417 -0.4130328485669418 0.003697818296931138 0.07776069695059751 1.00217626427626
2 0.00378691921 0.418 -0.4132684240617418 0.003751603199402664 0.07770385195535014 1.002155171661196
2 0.00378691921 0.419 -0.4135073765720333 0.003804608571059304 0.0776483242492285 1.00213427658553
2 0.00378691921 0.42 -0.4137496567310721 0.003856832347024094 0.07759410490492635 1.002113577311789
2 0.00378691921 0.421 -0.4139952150537481 0.003908272480064386 0.07754118497668974 1.002093072116823
2 0.00378691921 0.422 -0.4142440018832581 0.003958926948837076 0.07748955549213865 1.00207275929817
2 0.00378691921 0.423 -0.414495967491281 0.004008793742821116 0.07743920746781902 1.002052637161979
2 0.00378691921 0.424 -0.4147510619979304 0.004057870874601158 0.07739013189687978 1.002032704032604
2 0.00378691921 0.425 -0.4150092353737376 0.004106156379808006 0.07734231974947678 1.002012958252316
2 0.00378691921 0.426 -0.4152704375309887 0.004153648303080707 0.0772957619868273 1.001993398170353
2 0.00378691921 0.427 -0.4155346181775416 0.004200344721032295 0.07725044953890371 1.001974022160358
2 0.00378691921 0.428 -0.4158017269645091 0.004246243719251042 0.07720637332704236 1.001954828602735
2 0.00378691921 0.429 -0.416071713398715 0.004291343406254864 0.07716352425065294 1.001935815895058
2 0.00378691921 0.43 -0.4163445268446629 0.004335641913463206 0.07712189318761062 1.001916982451813
2 0.00378691921 0.431 -0.4166201166114499 0.004379137381251791 0.07708147100742092 1.001898326694062
2 0.00378691921 0.432 -0.4168984318138295 0.004421827981826065 0.07704224855035081 1.001879847065906
2 0.00378691921 0.433 -0.4171794215126425 0.004463711896337669 0.07700421664859083 1.001861542017835
2 0.00378691921 0.434 -0.4174630346316786 0.004504787328804141 0.07696736611383045 1.001843410016556
2 0.00378691921 0.435 -0.4177492199596414 0.004545052506109843 0.07693168773763738 1.001825449544757
2 0.00378691921 0.436 -0.4180379262326576 0.004584505664086112 0.07689717230376093 1.001807659091341
2 0.00378691921 0.437 -0.4183291020025723 0.004623145070398616 0.07686381056865405 1.001790037166994
2 0.00378691921 0.438 -0.4186226957701485 0.004660969001671241 0.07683159328123464 1.00177258228844
2 0.00378691921 0.439 -0.4189186559063322 0.004697975757434321 0.07680051117129846 1.001755292987746
2 0.00378691921 0.44 -0.4192169306542224 0.004734163660152798 0.07677055494988555 1.001738167812099
2 0.00378691921 0.441 -0.4195174682071747 0.004769531041269088 0.07674171532075021 1.001721205314566
2 0.00378691921 0.442 -0.4198202165843491 0.004804076264204011 0.07671398296222688 1.001704404068837
2 0.00378691921 0.443 -0.420125123756663 0.004837797701387212 0.07668734854563787 1.001687762654318
2 0.00378691921 0.444 -0.4204321375724804 0.004870693748293523 0.07666180272451475 1.001671279664949
2 0.00378691921 0.445 -0.420741205759594 0.004902762823496947 0.07663733613495173 1.001654953708992
2 0.00378691921 0.446 -0.421052275998902 0.004934003354617116 0.07661393940627137 1.001638783400284
2 0.00378691921 0.447 -0.4213652958072597 0.004964413801528443 0.07659160314418659 1.001622767372211
2 0.00378691921 0.448 -0.4216802126561415 0.004993992633201527 0.07657031794790221 1.001606904263576
2 0.00378691921 0.449 -0.4219969739017903 0.005022738341884445 0.07655007440011613 1.00159119272697
2 0.00378691921 0.45 -0.4223155267872204 0.005050649443181528 0.07653086306735969 1.00157563142857
2 0.00378691921 0.451 -0.4226358185114278 0.005077724461846949 0.0765126745098879 1.001560219039842
2 0.00378691921 0.452 -0.4229577961196259 0.005103961955293028 0.07649549926609019 1.001544954250808
2 0.00378691921 0.453 -0.4232814066145423 0.00512936049015101 0.07647932786833359 1.001529835756636
2 0.00378691921 0.454 -0.4236065968910822 0.005153918656652064 0.07646415083371451 1.001514862265584
2 0.00378691921 0.455 -0.4239333137383612 0.005177635068730102 0.07644995866438654 1.00150003249882
2 0.00378691921 0.456 -0.4242615039043909 0.005200508349607951 0.07643674185670392 1.001485345182536
2 0.00378691921 0.457 -0.4245911139938076 0.005222537155693091 0.07642449088683424 1.001470799060562
2 0.00378691921 0.458 -0.4249220905717008 0.005243720152769044 0.07641319622539022 1.001456392881619
2 0.00378691921 0.459 -0.425254380102864 0.005264056030629401 0.07640284832890393 1.001442125406877
2 0.00378691921 0.46 -0.425587928953862 0.005283543503204135 0.07639343764014227 1.001427995409786
2 0.00378691921 0.461 -0.4259226834531198 0.00530218129388523 0.07638495459653186 1.001414001668578
2 0.00378691921 0.462 -0.4262585897962801 0.00531996815989619 0.07637738961692837 1.001400142978267
2 0.00378691921 0.463 -0.4265955941424334 0.00533690286802736 0.07637073311508244 1.001386418138529
2 0.00378691921 0.464 -0.4269336425580422 0.005352984209575229 0.07636497549180915 1.001372825960891
2 0.00378691921 0.465 -0.4272726810190537 0.005368211000491854 0.07636010713529169 1.001359365268577
2 0.00378691921 0.466 -0.4276126554662987 0.005382582066397819 0.07635611842881468 1.001346034889366
2 0.00378691921 0.467 -0.4279535117186422 0.005396096267510484 0.07635299973864677 1.001332833667033
2 0.00378691921 0.468 -0.4282951955614566 0.005408752473838012 0.07635074142638447 1.001319760449794
2 0.00378691921 0.469 -0.4286376526953261 0.005420549580475453 0.07634933384179091 1.001306814097164
2 0.00378691921 0.47 -0.4289808287382087 0.005431486507777013 0.07634876732308836 1.001293993479817
2 0.00378691921 0.471 -0.429324669276041 0.005441562186004906 0.07634903220402574 1.001281297472769
2 0.00378691921 0.472 -0.4296691197838706 0.005450775580900308 0.07635011880283327 1.001268724966302
2 0.00378691921 0.473 -0.4300141257063886 0.005459125668251961 0.07635201743348596 1.001256274854934
2 0.00378691921 0.474 -0.4303596324115334 0.005466611449599946 0.07635471839918725 1.001243946043973
2 0.00378691921 0.475 -0.4307055851927117 0.005473231952430584 0.0763582119926508 1.00123173744938
2 0.00378691921 0.476 -0.4310519293144839 0.005478986214410333 0.07636248850252673 1.001219647991266
2 0.00378691921 0.477 -0.4313986099418959 0.005483873309682561 0.07636753820338987 1.001207676604324
2 0.00378691921 0.478 -0.431745572212859 0.005487892322727431 0.07637335136596193 1.001195822227298
2 0.00378691921 0.479 -0.4320927611967911 0.005491042364523843 0.076379918251217 1.001184083809244
2 0.00378691921 0.48 -0.4324401218969031 0.005493322572766733 0.07638722911065389 1.001172460309404
2 0.00378691921 0.481 -0.4327875992908262 0.005494732095635632 0.07639527419210321 1.001160950690989
2 0.00378691921 0.482 -0.4331351382683845 0.005495270118899643 0.07640404373071416 1.001149553931156
2 0.00378691921 0.483 -0.4334826836955867 0.005494935838986067 0.0764135279581712 1.001138269010941
2 0.00378691921 0.484 -0.4338301803784567 0.005493728479650491 0.07642371709740085 1.001127094921247
2 0.00378691921 0.485 -0.4341775730653923 0.00549164729221627 0.07643460136283516 1.001116030662728
2 0.00378691921 0.486 -0.4345248064825791 0.005488691538827851 0.07644617096562051 1.001105075239836
2 0.00378691921 0.487 -0.434871825280474 0.005484860520445457 0.07645841610557083 1.001094227670383
2 0.00378691921 0.488 -0.4352185740891434 0.005480153549040781 0.07647132697941157 1.001083486975891
2 0.00378691921 0.489 -0.435564997487453 0.00547456996482464 0.07648489377606903 1.001072852187339
2 0.00378691921 0.49 -0.4359110400055054 0.005468109136508372 0.07649910667692594 1.001062322345049
2 0.00378691921 0.491 -0.4362566461546704 0.00546077044399258 0.07651395586045054 1.001051896492985
2 0.00378691921 0.492 -0.4366017603830722 0.005452553307332071 0.07652943149508799 1.001041573687917
2 0.00378691921 0.493 -0.4369463271219868 0.005443457157977828 0.07654552374656058 1.001031352990175
2 0.00378691921 0.494 -0.4372902907605743 0.005433481456611049 0.07656222277372321 1.001021233469157
2 0.00378691921 0.495 -0.4376335956484019 0.005422625693426131 0.07657951872881257 1.001011214203227
2 0.00378691921 0.496 -0.437976186119905 0.00541088937020614 0.07659740176151179 1.00100129427424
2 0.00378691921 0.497 -0.4383180064591974 0.005398272030337302 0.07661586201275672 1.000991472776343
2 0.00378691921 0.498 -0.4386590009372137 0.005384773229017688 0.07663488962111688 1.000981748807102
2 0.00378691921 0.499 -0.4389991137921826 0.005370392551745611 0.07665447471920347 1.000972121472787
2 0.00378691921 0.5 -0.4393382892322437 0.005355129614623802 0.07667460743391329 1.000962589888276
2 0.00378691921 0.501 -0.4396764714541365 0.005338984045773731 0.07669527788994235 1.000953153171804
2 0.00378691921 0.502 -0.4400136046176784 0.005321955516477441 0.07671647620448759 1.000943810453413
2 0.00378691921 0.503 -0.4403496328733125 0.005304043710274815 0.07673819249272872 1.000934560866428
2 0.00378691921 0.504 -0.4406845003485372 0.005285248342153325 0.07676041686477816 1.00092540355254
2 0.00378691921 0.505 -0.4410181511506227 0.00526556915887289 0.0767831394259208 1.000916337661717
2 0.00378691921 0.506 -0.4413505293793113 0.005245005919672237 0.07680635027958709 1.00090736234715
2 0.00378691921 0.507 -0.4416815791113324 0.005223558428613939 0.07683003952293543 1.000898476773382
2 0.00378691921 0.508 -0.4420112444179916 0.005201226502493975 0.07685419725145073 1.000889680108117
2 0.00378691921 0.509 -0.4423394693577856 0.005178009990778588 0.0768788135564282 1.000880971527105
2 0.00378691921 0.51 -0.4426661979792251 0.005153908775949223 0.0769038785252102 1.000872350214056
2 0.00378691921 0.511 -0.4429913743273156 0.005128922753455344 0.07692938224362658 1.000863815355783
2 0.00378691921 0.512 -0.4433149424385006 0.005103051865336299 0.07695531479244776 1.000855366150023
2 0.00378691921 0.513 -0.4436368463479057 0.005076296066869052 0.07698166625111094 1.000847001797556
2 0.00378691921 0.514 -0.4439570300883817 0.005048655347296452 0.07700842669573277 1.000838721506905
2 0.00378691921 0.515 -0.4442754376934397 0.005020129730191512 0.07703558619934466 1.000830524494259
2 0.00378691921 0.516 -0.4445920131972675 0.004990719252612655 0.07706313483380475 1.000822409978794
2 0.00378691921 0.517 -0.4449067006405165 0.004960424000073272 0.07709106266711735 1.000814377190207
2 0.00378691921 0.518 -0.4452194440667892 0.004929244071856161 0.07711935976629214 1.000806425361124
2 0.00378691921 0.519 -0.445530187528369 0.004897179602575751 0.0771480161958841 1.000798553731631
2 0.00378691921 0.52 -0.4458388750892724 0.004864230762560907 0.07717702201822874 1.0007907615492
2 0.00378691921 0.521 -0.4461454508185427 0.00483039773617028 0.07720636729482706 1.000783048064182
2 0.00378691921 0.522 -0.4464498588073169 0.004795680758177367 0.07723604208453169 1.000775412537064
2 0.00378691921 0.523 -0.4467520431541249 0.004760080077683177 0.07726603644554006 1.00076785423116
2 0.00378691921 0.524 -0.4470519479775753 0.004723595980552998 0.07729634043446243 1.000760372416973
2 0.00378691921 0.525 -0.4473495174195312 0.004686228789816764 0.07732694410655908 1.000752966372125
2 0.00378691921 0.526 -0.4476446956314085 0.004647978843104254 0.07735783751659592 1.000745635377014
2 0.00378691921 0.527 -0.4479374268029814 0.004608846530509861 0.07738901071790355 1.000738378721816
2 0.00378691921 0.528 -0.4482276551360393 0.004568832257038493 0.07742045376349932 1.000731195699427
2 0.00378691921 0.529 -0.4485153248643107 0.004527936465955226 0.07745215670568867 1.000724085609681
2 0.00378691921 0.53 -0.4488003802567692 0.004486159639202158 0.077484109596305 1.000717047759276
2 0.00378691921 0.531 -0.4490827655966509 0.004443502273915455 0.07751630248703141 1.000710081457592
2 0.00378691921 0.532 -0.4493624252224766 0.004399964921830086 0.07754872542934386 1.000703186023436
2 0.00378691921 0.533 -0.4496393034895925 0.004355548150197866 0.07758136847475181 1.000696360778245
2 0.00378691921 0.534 -0.4499133447976274 0.004310252566085794 0.07761422167494079 1.000689605050147
2 0.00378691921 0.535 -0.4501844935939324 0.004264078816808235 0.07764727508201685 1.000682918173898
2 0.00378691921 0.536 -0.4504526943450236 0.004217027565490354 0.07768051874828547 1.000676299486836
2 0.00378691921 0.537 -0.4507178915903142 0.004169099532068673 0.07771394272709599 1.000669748335403
2 0.00378691921 0.538 -0.4509800298910493 0.004120295452624456 0.07774753707218496 1.000663264068578
2 0.00378691921 0.539 -0.4512390538656002 0.004070616104663814 0.07778129183837146 1.000656846041797
2 0.00378691921 0.54 -0.4514949081930429 0.0040200623075639 0.07781519708180744 1.000650493616896
2 0.00378691921 0.541 -0.4517475375767187 0.003968634897150108 0.0778492428592021 1.000644206158205
2 0.00378691921 0.542 -0.4519968868111909 0.003916334768343478 0.07788341922958987 1.000637983038842
2 0.00378691921 0.543 -0.4522429007180617 0.003863162832857357 0.07791771625275544 1.000631823634375
2 0.00378691921 0.544 -0.4524855241894204 0.003809120045489349 0.07795212399049628 1.000625727326607
2 0.00378691921 0.545 -0.4527247021915649 0.003754207404580126 0.0779866325068805 1.000619693503521
2 0.00378691921 0.546 -0.4529603797267567 0.003698425928979277 0.07802123186712587 1.000613721555969
2 0.00378691921 0.547 -0.453192501884714 0.003641776686729404 0.07805591213930235 1.000607810881627
2 0.00378691921 0.548 -0.4534210138179797 0.003584260779689871 0.07809066339365443 1.000601960882761
2 0.00378691921 0.549 -0.4536458607497039 0.003525879347016463 0.07812547570292905 1.000596170966635
2 0.00378691921 0.55 -0.4538669879759656 0.003466633565443379 0.07816033914253559 1.000590440545484
2 0.00378691921 0.551 -0.4540843408683874 0.003406524649693749 0.07819524379071817 1.000584769036491
2 0.00378691921 0.552 -0.4542978648773493 0.003345553853149695 0.07823017972875397 1.000579155861805
2 0.00378691921 0.553 -0.4545075055336996 0.003283722467775368 0.07826513704109418 1.000573600448456
2 0.00378691921 0.554 -0.4547132084509163 0.003221031824281622 0.07830010581552067 1.000568102228304
2 0.00378691921 0.555 -0.4549149193275195 0.003157483292413737 0.0783350761433122 1.000562660638011
2 0.00378691921 0.556 -0.4551125839498162 0.003093078281372329 0.07837003811942597 1.00055727511902
2 0.00378691921 0.5570000000000001 -0.4553061481953314 0.003027818240503346 0.07840498184271122 1.000551945117569
2 0.00378691921 0.5580000000000001 -0.4554955580344911 0.002961704659212069 0.07843989741604875 1.000546670084612
2 0.00378691921 0.5590000000000001 -0.4556807595328372 0.002894739067127972 0.07847477494651185 1.000541449475773
2 0.00378691921 0.5600000000000001 -0.4558616988535309 0.002826923034397169 0.07850960454553974 1.000536282751307
2 0.00378691921 0.5610000000000001 -0.4560383222602328 0.002758258172112785 0.07854437632912921 1.000531169376096
2 0.00378691921 0.5620000000000001 -0.4562105761207544 0.002688746133024075 0.07857908041806468 1.000526108819649
2 0.00378691921 0.5630000000000001 -0.4563784069087131 0.002618388611440088 0.07861370693805694 1.000521100556034
2 0.00378691921 0.5640000000000001 -0.4565417612057988 0.002547187343393581 0.07864824601990916 1.000516144063826
2 0.00378691921 0.5650000000000001 -0.4567005857043701 0.002475144106937166 0.07868268779969802 1.000511238826081
2 0.00378691921 0.5660000000000001 -0.4568548272104727 0.002402260722582147 0.07871702241897682 1.000506384330318
2 0.00378691921 0.5670000000000001 -0.4570044326477168 0.002328539054025843 0.07875124002502297 1.000501580068531
2 0.00378691921 0.5680000000000001 -0.4571493490589011 0.002253981008043625 0.07878533077097663 1.000496825537114
2 0.00378691921 0.5690000000000001 -0.45728952360833 0.00217858853465075 0.07881928481601219 1.000492120236819
2 0.00378691921 0.5700000000000001 -0.4574249035845045 0.002102363627401137 0.0788530923255283 1.000487463672723
2 0.00378691921 0.5710000000000001 -0.45755543640328 0.002025308323833603 0.07888674347136297 1.000482855354214
2 0.00378691921 0.5720000000000001 -0.4576810696119771 0.001947424706216406 0.07892022843206016 1.000478294795007
2 0.00378691921 0.5730000000000001 -0.4578017508909689 0.001868714901426378 0.0789535373930083 1.000473781513062
2 0.00378691921 0.5740000000000001 -0.4579174280560492 0.001789181081107525 0.07898666054661815 1.000469315030551
2 0.00378691921 0.5750000000000001 -0.4580280490612181 0.001708825461971318 0.07901958809252237 1.000464894873824
2 0.00378691921 0.5760000000000001 -0.4581335620019819 0.001627650306249245 0.07905231023780374 1.000460520573393
2 0.00378691921 0.577 -0.458233915119702 0.00154565792245348 0.07908481719728165 1.000456191663947
2 0.00378691921 0.578 -0.4583290568031414 0.001462850665241839 0.07911709919365138 1.00045190768428
2 0.00378691921 0.579 -0.4584189355908833 0.001379230935572038 0.07914914645766863 1.00044766817725
2 0.00378691921 0.58 -0.4585035001742104 0.001294801181002325 0.07918094922835922 1.000443472689749
2 0.00378691921 0.581 -0.45858269940055 0.001209563896149214 0.0792124977532615 1.000439320772691
2 0.00378691921 0.582 -0.4586564822780652 0.001123521623463101 0.07924378228873423 1.000435211981021
2 0.00378691921 0.583 -0.4587247979771567 0.001036676953077898 0.07927479310009622 1.000431145873648
2 0.00378691921 0.584 -0.4587875958329286 0.0009490325229596714 0.07930552046181856 1.000427122013403
2 0.00378691921 0.585 -0.4588448253481635 0.0008605910192065375 0.07933595465774519 1.000423139967014
2 0.00378691921 0.586 -0.4588964361969126 0.0007713551765103812 0.07936608598134992 1.000419199305092
2 0.00378691921 0.587 -0.4589423782293344 0.0006813277789461781 0.07939590473606717 1.000415299602137
2 0.00378691921 0.588 -0.4589826014731463 0.0005905116598050979 0.0794254012354324 1.000411440436476
2 0.00378691921 0.589 -0.4590170561361366 0.0004989097017364177 0.07945456580328202 1.000407621390223
2 0.00378691921 0.59 -0.4590456926092343 0.0004065248370454735 0.07948338877398556 1.000403842049251
2 0.00378691921 0.591 -0.4590684614702448 0.0003133600481581567 0.07951186049271849 1.000400102003181
2 0.00378691921 0.592 -0.4590853134889413 0.0002194183684226246 0.07953997131581671 1.000396400845387
2 0.00378691921 0.593 -0.4590961996284602 0.0001247028819247502 0.07956771161091772 1.000392738172937
2 0.00378691921 0.594 -0.459101071047857 2.921672362214981e-05 0.07959507175716893 1.000389113586551
2 0.00378691921 0.595 -0.4590998791052697 -6.70369203609872e-05 0.07962204214547199 1.000385526690578
2 0.00378691921 0.596 -0.4590925753618018 -0.0001640548122678668 0.07964861317877181 1.000381977092979
2 0.00378691921 0.597 -0.459079111586869 -0.0002618336618963778 0.07967477527243633 1.00037846440534
2 0.00378691921 0.598 -0.4590594397595332 -0.0003603701268023713 0.07970051885439841 1.000374988242806
2 0.00378691921 0.599 -0.4590335120710995 -0.0004596608121746619 0.07972583436537273 1.000371548224046
2 0.00378691921 0.6 -0.4590012809283721 -0.0005597022705445022 0.07975071225911264 1.000368143971228
2 0.00378691921 0.601 -0.4589626989576847 -0.000660491001319287 0.07977514300271658 1.000364775110006
2 0.00378691921 0.602 -0.4589177190105061 -0.0007620234499602865 0.07979911707703398 1.000361441269524
2 0.00378691921 0.603 -0.4588662941647061 -0.0008642960082056727 0.07982262497680766 1.000358142082364
2 0.00378691921 0.604 -0.4588083777271915 -0.0009673050139556758 0.07984565721089963 1.000354877184499
2 0.00378691921 0.605 -0.4587439232372518 -0.001071046750987549 0.07986820430256135 1.000351646215281
2 0.00378691921 0.606 -0.4586728844707381 -0.001175517448490297 0.0798902567897576 1.000348448817417
2 0.00378691921 0.607 -0.458595215445929 -0.001280713280234356 0.07991180522559985 1.000345284636982
2 0.00378691921 0.608 -0.4585108704247239 -0.001386630364815336 0.07993284017848915 1.000342153323357
2 0.00378691921 0.609 -0.4584198039153122 -0.001493264765550428 0.07995335223235103 1.000339054529201
2 0.00378691921 0.61 -0.458321970675609 -0.001600612490200042 0.07997333198691899 1.00033598791042
2 0.00378691921 0.611 -0.4582173257175811 -0.001708669490504861 0.07999277005807717 1.000332953126156
2 0.00378691921 0.612 -0.4581058243133754 -0.001817431661349042 0.08001165707832193 1.000329949838795
2 0.00378691921 0.613 -0.4579874219964327 -0.00192689484102555 0.08002998369690492 1.000326977713909
2 0.00378691921 0.614 -0.4578620745641871 -0.002037054811144902 0.08004774058007702 1.000324036420223
2 0.00378691921 0.615 -0.4577297380815895 -0.002147907296364653 0.08006491841138595 1.000321125629591
2 0.00378691921 0.616 -0.4575903688855779 -0.002259447963930095 0.08008150789203775 1.000318245016986
2 0.00378691921 0.617 -0.4574439235914727 -0.002371672422832577 0.0800974997413877 1.000315394260501
2 0.00378691921 0.618 -0.4572903590940023 -0.002484576224097269 0.08011288469708337 1.000312573041295
2 0.00378691921 0.619 -0.4571296325700295 -0.002598154860705286 0.08012765351531759 1.000309781043566
2 0.00378691921 0.62 -0.456961701482159 -0.002712403767332185 0.08014179697114018 1.000307017954522
2 0.00378691921 0.621 -0.4567865235833523 -0.002827318319893627 0.08015530585883898 1.00030428346437
2 0.00378691921 0.622 -0.4566040569235901 -0.002942893834700491 0.08016817099246125 1.000301577266323
2 0.00378691921 0.623 -0.4564142598508021 -0.003059125568769801 0.08018038320595561 1.000298899056543
2 0.00378691921 0.624 -0.4562170910136172 -0.003176008719761255 0.08019193335343455 1.000296248534115
2 0.00378691921 0.625 -0.4560125093650512 -0.003293538425725881 0.08020281230950038 1.00029362540102
2 0.00378691921 0.626 -0.4558004741672647 -0.003411709764657996 0.08021301096964607 1.000291029362123
2 0.00378691921 0.627 -0.4555809449984927 -0.003530517753648798 0.08022252025080791 1.000288460125179
2 0.00378691921 0.628 -0.4553538817538731 -0.003649957349221158 0.08023133109150628 1.000285917400782
2 0.00378691921 0.629 -0.4551192446482136 -0.003770023447281509 0.08023943445211706 1.000283400902335
2 0.00378691921 0.63 -0.4548769942197576 -0.003890710882879816 0.08024682131521213 1.000280910346022
2 0.00378691921 0.631 -0.4546270913350827 -0.004012014429769144 0.08025348268598038 1.000278445450803
2 0.00378691921 0.632 -0.4543694971962977 -0.004133928799559483 0.0802594095928125 1.000276005938416
2 0.00378691921 0.633 -0.4541041733417614 -0.004256448642076986 0.08026459308743968 1.000273591533324
2 0.00378691921 0.634 -0.4538310816488625 -0.004379568545332183 0.08026902424521402 1.00027120196269
2 0.00378691921 0.635 -0.4535501843378591 -0.004503283035292362 0.08027269416546345 1.000268836956353
2 0.00378691921 0.636 -0.4532614439769153 -0.004627586575450086 0.08027559397193329 1.000266496246814
2 0.00378691921 0.637 -0.4529648234895654 -0.004752473565979008 0.08027771481340375 1.000264179569244
2 0.00378691921 0.638 -0.4526602861553153 -0.004877938344118102 0.08027904786382602 1.000261886661432
2 0.00378691921 0.639 -0.4523477956124295 -0.005003975184157089 0.08027958432261122 1.000259617263758
2 0.00378691921 0.64 -0.4520273158618408 -0.005130578297222317 0.08027931541499984 1.000257371119172
2 0.00378691921 0.641 -0.4516988112723213 -0.005257741830855566 0.08027823239252399 1.000255147973181
2 0.00378691921 0.642 -0.4513622465882136 -0.005385459868173651 0.08027632653365835 1.000252947573855
2 0.00378691921 0.643 -0.4510175869299064 -0.005513726428278088 0.08027358914395255 1.000250769671774
2 0.00378691921 0.644 -0.4506647977966228 -0.005642535466258586 0.08027001155632878 1.000248614020007
2 0.00378691921 0.645 -0.4503038450703965 -0.005771880872993525 0.08026558513146519 1.000246480374088
2 0.00378691921 0.646 -0.4499346950213732 -0.00590175647474033 0.08026030125827921 1.000244368492007
2 0.00378691921 0.647 -0.4495573143158071 -0.006032156032300707 0.08025415135461225 1.000242278134205
2 0.00378691921 0.648 -0.449171670016403 -0.00616307324145612 0.08024712686735797 1.00024020906354
2 0.00378691921 0.649 -0.4487777295851005 -0.006294501732990171 0.08023921927276749 1.000238161045252
2 0.00378691921 0.65 -0.4483754608871103 -0.006426435072504686 0.08023042007684712 1.000236133846945
2 0.00378691921 0.651 -0.4479648321963441 -0.006558866760022999 0.08022072081586233 1.000234127238577
2 0.00378691921 0.652 -0.4475458122036733 -0.006691790229162674 0.08021011305705708 1.000232140992459
2 0.00378691921 0.653 -0.4471183700171292 -0.006825198847597071 0.08019858839877655 1.000230174883215
2 0.00378691921 0.654 -0.4466824751646774 -0.006959085917097379 0.08018613847077989 1.000228228687754
2 0.00378691921 0.655 -0.4462380975983095 -0.007093444673365349 0.08017275493465172 1.000226302185251
2 0.00378691921 0.656 -0.4457852076995962 -0.007228268285650775 0.08015842948432679 1.000224395157133
2 0.00378691921 0.657 -0.4453237762882062 -0.007363549855933579 0.0801431538468443 1.000222507387085
2 0.00378691921 0.658 -0.4448537746219561 -0.007499282419411666 0.08012691978246407 1.000220638661006
2 0.00378691921 0.659 -0.4443751743995689 -0.007635458944563363 0.08010971908498624 1.000218788766983
2 0.00378691921 0.66 -0.4438879477648151 -0.007772072332997759 0.08009154358217604 1.000216957495272
2 0.00378691921 0.661 -0.4433920673121849 -0.007909115419087683 0.08007238513630936 1.00021514463829
2 0.00378691921 0.662 -0.4428875060956636 -0.008046580969163051 0.08005223564496179 1.000213349990609
2 0.00378691921 0.663 -0.4423742376286233 -0.008184461682025133 0.08003108704111765 1.000211573348925
2 0.00378691921 0.664 -0.4418522358865586 -0.008322750189030075 0.08000893129349555 1.000209814512026
2 0.00378691921 0.665 -0.4413214753112713 -0.008461439053957824 0.07998576040698643 1.000208073280778
2 0.00378691921 0.666 -0.4407819308166567 -0.008600520772661855 0.07996156642321928 1.000206349458111
2 0.00378691921 0.667 -0.4402335777977321 -0.008739987772275691 0.07993634142138555 1.00020464284902
2 0.00378691921 0.668 -0.4396763921303615 -0.008879832411753658 0.07991007751833946 1.000202953260529
2 0.00378691921 0.669 -0.439110350173961 -0.009020046981976107 0.07988276686892903 1.000201280501666
2 0.00378691921 0.67 -0.4385354287757229 -0.00916062370563784 0.07985440166644654 1.000199624383442
2 0.00378691921 0.671 -0.4379516052765092 -0.00930155473691586 0.07982497414321435 1.000197984718845
2 0.00378691921 0.672 -0.4373588575201287 -0.009442832160691 0.07979447657144456 1.000196361322837
2 0.00378691921 0.673 -0.436757163852887 -0.009584447993115116 0.07976290126332938 1.000194754012318
2 0.00378691921 0.674 -0.4361465031262546 -0.009726394181738596 0.07973024057137684 1.000193162606103
2 0.00378691921 0.675 -0.4355268547011234 -0.00986866260541921 0.07969648688887311 1.000191586924904
2 0.00378691921 0.676 -0.4348981984538022 -0.0100112450740091 0.07966163265048785 1.00019002679132
2 0.00378691921 0.677 -0.4342605147855371 -0.01015413332759346 0.07962567033316922 1.000188482029836
2 0.00378691921 0.678 -0.4336137846218782 -0.01029731903708406 0.07958859245622286 1.000186952466791
2 0.00378691921 0.679 -0.4329579894153036 -0.0104407938043696 0.07955039158165145 1.000185437930351
2 0.00378691921 0.68 -0.4322931111495018 -0.01058454916224583 0.07951106031462828 1.000183938250492
2 0.00378691921 0.681 -0.4316191323454622 -0.010728576574123 0.0794705913041215 1.000182453258994
2 0.00378691921 0.6820000000000001 -0.430936036071234 -0.01087286743328354 0.07942897724382413 1.000180982789439
2 0.00378691921 0.6830000000000001 -0.430243805941101 -0.01101741306350175 0.07938621087222066 1.000179526677173
2 0.00378691921 0.6840000000000001 -0.4295424261181539 -0.01116220471921751 0.07934228497292933 1.000178084759291
2 0.00378691921 0.6850000000000001 -0.4288318813185916 -0.01130723358548839 0.07929719237518595 1.000176656874614
2 0.00378691921 0.6860000000000001 -0.4281121568179012 -0.01145249077771891 0.07925092595448678 1.000175242863685
2 0.00378691921 0.6870000000000001 -0.427383238460848 -0.0115979673409391 0.079203478633553 1.000173842568763
2 0.00378691921 0.6880000000000001 -0.4266451126604496 -0.01174365425045013 0.07915484338238356 1.000172455833794
2 0.00378691921 0.6890000000000001 -0.4258977664004912 -0.01188954241202169 0.07910501321859906 1.000171082504388
2 0.00378691921 0.6900000000000001 -0.4251411872398365 -0.01203562266186713 0.07905398120793525 1.000169722427805
2 0.00378691921 0.6910000000000001 -0.4243753633186912 -0.01218188576639552 0.07900174046490335 1.000168375452944
2 0.00378691921 0.6920000000000001 -0.4236002833688169 -0.01232832242151311 0.078948284153789 1.000167041430341
2 0.00378691921 0.6930000000000001 -0.4228159367122973 -0.01247492325329452 0.07889360548868951 1.000165720212141
2 0.00378691921 0.6940000000000001 -0.4220223132639864 -0.01262167881820432 0.0788376977338585 1.000164411652074
2 0.00378691921 0.6950000000000001 -0.4212194035358253 -0.01276857960309585 0.07878055420420788 1.000163115605442
2 0.00378691921 0.6960000000000001 -0.4204071986431782 -0.01291561602498721 0.07872216826598508 1.000161831929109
2 0.00378691921 0.6970000000000001 -0.4195856903152649 -0.01306277843038768 0.07866253333780553 1.0001605604815
2 0.00378691921 0.6980000000000001 -0.4187548708937104 -0.01321005709599408 0.07860164289067303 1.000159301122571
2 0.00378691921 0.6990000000000001 -0.4179147333349186 -0.01335744222893677 0.07853949044832398 1.000158053713788
2 0.00378691921 0.7000000000000001 -0.4170652712143861 -0.01350492396680296 0.07847606958773669 1.000156818118115
2 0.00378691921 0.7010000000000001 -0.4162064787331055 -0.01365249237743779 0.07841137393982463 1.000155594200004
2 0.00378691921 0.7020000000000001 -0.4153383507282056 -0.01380013745829766 0.07834539719050158 1.00015438182539
2 0.00378691921 0.7030000000000001 -0.4144608826712776 -0.01394784913717119 0.0782781330806839 1.000153180861667
2 0.00378691921 0.704 -0.4135740706706676 -0.01409561727245011 0.07820957540663258 1.00015199117767
2 0.00378691921 0.705 -0.4126779114757779 -0.0142434316531776 0.07813971802046925 1.000150812643654
2 0.00378691921 0.706 -0.4117724024835298 -0.01439128199887571 0.07806855483088398 1.000149645131292
2 0.00378691921 0.707 -0.4108575417492036 -0.01453915795892742 0.07799607980423262 1.00014848851367
2 0.00378691921 0.708 -0.4099333279845332 -0.01468704911332177 0.07792228696451883 1.00014734266526
2 0.00378691921 0.709 -0.4089997605599088 -0.01483494497294983 0.0778471703937333 1.000146207461903
2 0.00378691921 0.71 -0.4080568395086587 -0.01498283497967874 0.07777072423237462 1.000145082780795
2 0.00378691921 0.711 -0.4071045655335627 -0.01513070850620654 0.07769294268017092 1.000143968500477
2 0.00378691921 0.712 -0.4061429400178827 -0.01527855485547502 0.07761381999720784 1.000142864500834
2 0.00378691921 0.713 -0.4051719650232173 -0.01542636326143828 0.07753335050388938 1.00014177066307
2 0.00378691921 0.714 -0.4041916432916079 -0.01557412288938403 0.07745152858127209 1.000140686869689
2 0.00378691921 0.715 -0.4032019782497923 -0.015721822836034 0.07736834867159025 1.000139613004483
2 0.00378691921 0.716 -0.4022029740157593 -0.01586945212942719 0.07728380527898943 1.000138548952523
2 0.00378691921 0.717 -0.4011946354099607 -0.01601699972836545 0.07719789297068437 1.000137494600157
2 0.00378691921 0.718 -0.4001769679529187 -0.01616445452320484 0.07711060637689644 1.000136449834985
2 0.00378691921 0.719 -0.399149977867226 -0.01631180533620238 0.07702194019118205 1.000135414545844
2 0.00378691921 0.72 -0.3981136720817642 -0.01645904092164344 0.07693188917095994 1.000134388622791
2 0.00378691921 0.721 -0.3970680582382905 -0.01660614996575444 0.07684044813825591 1.000133371957102
2 0.00378691921 0.722 -0.3960131447028189 -0.01675312108618307 0.07674761198088866 1.000132364441261
2 0.00378691921 0.723 -0.3949489405629746 -0.01689994283281181 0.07665337565238269 1.000131365968946
2 0.00378691921 0.724 -0.3938754556298803 -0.01704660368813009 0.07655773417228894 1.000130376435003
2 0.00378691921 0.725 -0.3927927004423297 -0.01719309206738933 0.07646068262671303 1.000129395735443
2 0.00378691921 0.726 -0.391700686273397 -0.01733939631854604 0.07636221616906923 1.000128423767428
2 0.00378691921 0.727 -0.3905994251419773 -0.01748550472177868 0.07626233002129316 1.000127460429271
2 0.00378691921 0.728 -0.3894889298098796 -0.01763140549032242 0.07616101947372798 1.000126505620413
2 0.00378691921 0.729 -0.3883692137835916 -0.01777708677086689 0.07605827988543593 1.00012555924141
2 0.00378691921 0.73 -0.3872402913184004 -0.01792253664373929 0.07595410668472562 1.000124621193916
2 0.00378691921 0.731 -0.386102177425014 -0.01806774312287895 0.07584849536991402 1.00012369138068
2 0.00378691921 0.732 -0.3849548878812489 -0.01821269415539272 0.07574144151056368 1.000122769705544
2 0.00378691921 0.733 -0.3837984392288564 -0.01835737762241003 0.07563294074734099 1.000121856073418
2 0.00378691921 0.734 -0.382632848775157 -0.01850178133950643 0.07552298879231648 1.000120950390268
2 0.00378691921 0.735 -0.3814581345970982 -0.01864589305691501 0.07541158142948992 1.000120052563104
2 0.00378691921 0.736 -0.3802743155478803 -0.01878970045953359 0.07529871451555799 1.000119162499972
2 0.00378691921 0.737 -0.3790814112687771 -0.01893319116652039 0.07518438398117447 1.000118280109954
2 0.00378691921 0.738 -0.3778794421856893 -0.01907635273216862 0.07506858583077852 1.000117405303145
2 0.00378691921 0.739 -0.3766684295106403 -0.01921917264635549 0.07495131614288232 1.000116537990639
2 0.00378691921 0.74 -0.3754483952457633 -0.01936163833478282 0.07483257107059173 1.000115678084521
2 0.00378691921 0.741 -0.3742193621899195 -0.01950373715901733 0.07471234684237792 1.000114825497858
2 0.00378691921 0.742 -0.3729813539506393 -0.01964545641612887 0.0745906397633584 1.000113980144696
2 0.00378691921 0.743 -0.3717343949403969 -0.01978678333958319 0.07446744621509342 1.000113141940041
2 0.00378691921 0.744 -0.3704785103779599 -0.01992770509971671 0.0743427626558591 1.000112310799848
2 0.00378691921 0.745 -0.3692137262922958 -0.02006820880400639 0.07421658562116173 1.000111486641007
2 0.00378691921 0.746 -0.3679400695291711 -0.02020828149714427 0.07408891172451135 1.000110669381338
2 0.00378691921 0.747 -0.3666575677632019 -0.02034791016071997 0.07395973765872108 1.000109858939589
2 0.00378691921 0.748 -0.3653662494938413 -0.02048708171413073 0.07382906019566987 1.000109055235419
2 0.00378691921 0.749 -0.3640661440465764 -0.02062578301508168 0.07369687618655935 1.00010825818938
2 0.00378691921 0.75 -0.3627572815767438 -0.0207640008598854 0.07356318256241949 1.000107467722913
2 0.00378691921 0.751 -0.3614396930761002 -0.02090172198357166 0.07342797633488192 1.000106683758337
2 0.00378691921 0.752 -0.3601134103849657 -0.02103893305961589 0.07329125459749494 1.000105906218852
2 0.00378691921 0.753 -0.3587784661879214 -0.02117562070086552 0.07315301452545109 1.000105135028514
2 0.00378691921 0.754 -0.3574348940148434 -0.02131177146006547 0.07301325337582512 1.00010437011223
2 0.00378691921 0.755 -0.3560827282446196 -0.02144737183018786 0.0728719684880693 1.000103611395744
2 0.00378691921 0.756 -0.3547220041116798 -0.02158240824457767 0.07272915728478394 1.000102858805632
2 0.00378691921 0.757 -0.3533527577182164 -0.02171686707672911 0.07258481727304521 1.000102112269303
2 0.00378691921 0.758 -0.3519750260295884 -0.02185073464122702 0.0724389460440955 1.000101371714975
2 0.00378691921 0.759 -0.3505888468751833 -0.02198399719429743 0.07229154127356067 1.000100637071671
2 0.00378691921 0.76 -0.3491942589520266 -0.02211664093416774 0.07214260072193272 1.000099908269205
2 0.00378691921 0.761 -0.3477913018312586 -0.02224865200124902 0.07199212223533456 1.000099185238178
2 0.00378691921 0.762 -0.3463800159704192 -0.02238001647796218 0.07184010374685786 1.000098467909975
2 0.00378691921 0.763 -0.3449604427085508 -0.02251072038969314 0.07168654327621425 1.000097756216752
2 0.00378691921 0.764 -0.3435326242668837 -0.02264074970536833 0.07153143892992977 1.000097050091419
2 0.00378691921 0.765 -0.3420966037523248 -0.02277009033784544 0.07137478890181202 1.000096349467638
2 0.00378691921 0.766 -0.340652425163873 -0.02289872814413328 0.0712165914737069 1.000095654279813
2 0.00378691921 0.767 -0.3392001334049494 -0.02302664892526954 0.07105684501684285 1.000094964463089
2 0.00378691921 0.768 -0.3377397742781966 -0.02315383842728835 0.07089554799144125 1.000094279953336
2 0.00378691921 0.769 -0.3362713944859781 -0.02328028234182051 0.07073269894688532 1.000093600687142
2 0.00378691921 0.77 -0.3347950416337392 -0.0234059663065151 0.07056829652216962 1.000092926601801
2 0.00378691921 0.771 -0.3333107642363455 -0.02353087590529757 0.07040233944664559 1.000092257635308
2 0.00378691921 0.772 -0.331818611730445 -0.02365499666830082 0.07023482654136855 1.000091593726359
2 0.00378691921 0.773 -0.3303186344689581 -0.02377831407284397 0.07006575671866533 1.000090934814335
2 0.00378691921 0.774 -0.3288108837213847 -0.0239008135440569 0.0698951289822754 1.000090280839292
2 0.00378691921 0.775 -0.3272954116770254 -0.02402248045533292 0.06972294242777978 1.000089631741954
2 0.00378691921 0.776 -0.3257722714512339 -0.02414330012862591 0.06954919624333232 1.000088987463708
2 0.00378691921 0.777 -0.3242415170977908 -0.02426325783443636 0.0693738897110055 1.0000883479466
2 0.00378691921 0.778 -0.3227032036030832 -0.02438233879280003 0.06919702220631339 1.000087713133324
2 0.00378691921 0.779 -0.3211573868862105 -0.02450052817393645 0.06901859319832251 1.000087082967211
2 0.00378691921 0.78 -0.3196041238020575 -0.02461781109873286 0.06883860225005704 1.000086457392221
2 0.00378691921 0.781 -0.3180434721474462 -0.024734172639081 0.06865704901921278 1.000085836352941
2 0.00378691921 0.782 -0.3164754906735054 -0.0248495978179199 0.06847393325949735 1.000085219794578
2 0.00378691921 0.783 -0.3149002390795365 -0.02496407161023308 0.06828925482010649 1.000084607662952
2 0.00378691921 0.784 -0.31331777801291 -0.02507757894372051 0.06810301364580204 1.000083999904482
2 0.00378691921 0.785 -0.3117281690719809 -0.02519010469931408 0.06791520977729053 1.000083396466183
2 0.00378691921 0.786 -0.3101314748121274 -0.02530163371155458 0.06772584335191595 1.000082797295656
2 0.00378691921 0.787 -0.3085277587580982 -0.02541215076869312 0.06753491460498999 1.000082202341092
2 0.00378691921 0.788 -0.3069170853975616 -0.02552164061369524 0.06734242386921969 1.000081611551258
2 0.00378691921 0.789 -0.3052995201807854 -0.02563008794493605 0.06714837157474969 1.000081024875485
2 0.00378691921 0.79 -0.303675129523385 -0.02573747741674733 0.06695275824951091 1.000080442263664
2 0.00378691921 0.791 -0.3020439808122362 -0.02584379363983533 0.06675558451988854 1.000079863666244
2 0.00378691921 0.792 -0.3004061424177807 -0.02594902118144251 0.06655685111203719 1.000079289034227
2 0.00378691921 0.793 -0.2987616836872568 -0.02605314456635701 0.06635655885125791 1.000078718319154
2 0.00378691921 0.794 -0.2971106749441563 -0.02615614827763078 0.06615470866200185 1.000078151473104
2 0.00378691921 0.795 -0.2954531874907941 -0.02625801675715806 0.06595130156818572 1.00007758844868
2 0.00378691921 0.796 -0.2937892936140827 -0.02635873440613496 0.06574633869383063 1.000077029199012
2 0.00378691921 0.797 -0.2921190665977764 -0.02645828558528292 0.06553982126435715 1.000076473677748
2 0.00378691921 0.798 -0.2904425807153826 -0.02655665461586229 0.06533175060590957 1.000075921839049
2 0.00378691921 0.799 -0.2887599112293876 -0.02665382578041273 0.0651221281453179 1.000075373637578
2 0.00378691921 0.8 -0.2870711343936386 -0.02674978332336345 0.06491095541037643 1.000074829028496
2 0.00378691921 0.801 -0.285376327458966 -0.0268445114515349 0.06469823403044932 1.000074287967455
2 0.00378691921 0.802 -0.2836755686853469 -0.02693799433442582 0.06448396573773951 1.0000737504106
2 0.00378691921 0.803 -0.2819689373344958 -0.02703021610522925 0.06426815236655867 1.000073216314556
2 0.00378691921 0.804 -0.2802565136688525 -0.02712116086159489 0.06405079585324379 1.000072685636423
2 0.00378691921 0.805 -0.278538378953766 -0.02721081266627103 0.06383189823639546 1.000072158333767
2 0.00378691921 0.806 -0.2768146154629516 -0.02729915554764906 0.06361146165744523 1.000071634364619
2 0.00378691921 0.8070000000000001 -0.2750853064905535 -0.02738617350011564 0.06338948836189277 1.000071113687471
2 0.00378691921 0.8080000000000001 -0.2733505363434136 -0.02747185048506976 0.06316598069851874 1.000070596261272
2 0.00378691921 0.8090000000000001 -0.2716103903398152 -0.02755617043170646 0.06294094111925334 1.000070082045412
2 0.00378691921 0.8100000000000001 -0.269864954811459 -0.02763911723769057 0.06271437217936955 1.000069570999725
2 0.00378691921 0.8110000000000001 -0.2681143171087408 -0.02772067476974461 0.06248627653800808 1.000069063084479
2 0.00378691921 0.8120000000000001 -0.2663585656126927 -0.02780082686406776 0.06225665695937559 1.000068558260379
2 0.00378691921 0.8130000000000001 -0.2645977897269299 -0.02787955732735239 0.06202551631189883 1.000068056488556
2 0.00378691921 0.8140000000000001 -0.2628320798761432 -0.0279568499375887 0.0617928575680413 1.000067557730561
2 0.00378691921 0.8150000000000001 -0.2610615275078572 -0.02803268844477034 0.06155868380444748 1.000067061948359
2 0.00378691921 0.8160000000000001 -0.2592862250975153 -0.02810705657152626 0.06132299820241981 1.000066569104325
2 0.00378691921 0.8170000000000001 -0.2575062661602768 -0.02817993801360814 0.06108580404907122 1.000066079161245
2 0.00378691921 0.8180000000000001 -0.2557217452426438 -0.02825131644090488 0.06084710473641837 1.000065592082308
2 0.00378691921 0.8190000000000001 -0.2539327579206949 -0.02832117549826768 0.06060690376114255 1.000065107831092
2 0.00378691921 0.8200000000000001 -0.2521394008016158 -0.02838949880624759 0.06036520472468053 1.000064626371572
2 0.00378691921 0.8210000000000001 -0.2503417715285771 -0.02845626996177196 0.06012201133364792 1.000064147668104
2 0.00378691921 0.8220000000000001 -0.2485399687923666 -0.02852147253870196 0.05987732740093868 1.000063671685433
2 0.00378691921 0.8230000000000001 -0.2467340923226954 -0.02858509008884351 0.059631156844755 1.00006319838868
2 0.00378691921 0.8240000000000001 -0.2449242428861682 -0.02864710614279234 0.05938350368830884 1.000062727743337
2 0.00378691921 0.8250000000000001 -0.2431105222875751 -0.02870750421070365 0.05913437205985434 1.000062259715265
2 0.00378691921 0.8260000000000001 -0.2412930333745484 -0.0287662677830136 0.05888376619305195 1.000061794270686
2 0.00378691921 0.8270000000000001 -0.2394718800490077 -0.02882338033106879 0.05863169042800664 1.000061331376186
2 0.00378691921 0.8280000000000001 -0.2376471672581464 -0.02887882530813204 0.05837814921023238 1.000060870998707
2 0.00378691921 0.8290000000000001 -0.2358190009921321 -0.02893258615024707 0.05812314709029013 1.00006041310554
2 0.00378691921 0.8300000000000001 -0.23398748828515 -0.02898464627704023 0.05786668872375678 1.000059957664318
2 0.00378691921 0.8310000000000001 -0.2321527372198241 -0.02903498909248791 0.05760877887152372 1.000059504643021
2 0.00378691921 0.8320000000000001 -0.2303148569384517 -0.02908359798561952 0.05734942240076539 1.000059054009969
2 0.00378691921 0.833 -0.228473957633673 -0.02913045633151677 0.05708862428383591 1.000058605733812
2 0.00378691921 0.834 -0.2266301505458946 -0.0291755474921975 0.05682638959783918 1.000058159783534
2 0.00378691921 0.835 -0.2247835479640749 -0.02921885481744972 0.05656272352452914 1.00005771612844
2 0.00378691921 0.836 -0.2229342632298947 -0.02926036164564554 0.05629763135053618 1.00005727473816
2 0.00378691921 0.837 -0.2210824107487579 -0.02930005130451951 0.05603111846825666 1.000056835582643
2 0.00378691921 0.838 -0.219228105980146 -0.02933790711215996 0.05576319037467956 1.000056398632151
2 0.00378691921 0.839 -0.21737146543476 -0.0293739123779116 0.05549385267088424 1.000055963857259
2 0.00378691921 0.84 -0.2155126066750354 -0.02940805040324216 0.05522311106186618 1.000055531228844
2 0.00378691921 0.841 -0.2136516483190493 -0.02944030448260349 0.05495097135668421 1.000055100718088
2 0.00378691921 0.842 -0.211788710051262 -0.02947065790428724 0.05467743946926143 1.000054672296474
2 0.00378691921 0.843 -0.2099239126125601 -0.02949909395140675 0.05440252141713938 1.000054245935782
2 0.00378691921 0.844 -0.2080573777971093 -0.02952559590281831 0.05412622332089874 1.000053821608081
2 0.00378691921 0.845 -0.206189228452591 -0.0295501470340205 0.05384855140390463 1.000053399285729
2 0.00378691921 0.846 -0.2043195884838286 -0.02957273061806345 0.05356951199236715 1.000052978941369
2 0.00378691921 0.847 -0.202448582863247 -0.02959332992648369 0.05328911151604339 1.000052560547928
2 0.00378691921 0.848 -0.200576337620606 -0.0296119282302754 0.0530073565069167 1.000052144078611
2 0.00378691921 0.849 -0.1987029798395595 -0.02962850880083004 0.05272425359853532 1.000051729506897
2 0.00378691921 0.85 -0.1968286376576019 -0.0296430549108688 0.05243980952567096 1.000051316806536
2 0.00378691921 0.851 -0.1949534402693997 -0.02965554983540091 0.05215403112428486 1.000050905951548
2 0.00378691921 0.852 -0.1930775179369423 -0.0296659768527398 0.05186692533211974 1.000050496916217
2 0.00378691921 0.853 -0.1912010019789701 -0.02967431924546245 0.05157849918730174 1.000050089675093
2 0.00378691921 0.854 -0.1893240247672335 -0.02968056030136727 0.0512887598275919 1.000049684202982
2 0.00378691921 0.855 -0.1874467197261395 -0.02968468331444014 0.05099771448995125 1.000049280474946
2 0.00378691921 0.856 -0.1855692213357726 -0.02968667158586287 0.05070537051040414 1.000048878466297
2 0.00378691921 0.857 -0.1836916651417101 -0.02968650842511281 0.05041173532450838 1.000048478152604
2 0.00378691921 0.858 -0.1818141877441496 -0.0296841771509092 0.05011681646587742 1.00004807950968
2 0.00378691921 0.859 -0.1799369267938626 -0.02967966109218935 0.0498206215653392 1.00004768251358
2 0.00378691921 0.86 -0.1780600209915292 -0.02967294358910884 0.04952315835040085 1.000047287140603
2 0.00378691921 0.861 -0.1761836100904326 -0.02966400799410131 0.0492244346450004 1.000046893367284
2 0.00378691921 0.862 -0.1743078349059132 -0.02965283767306391 0.04892445836984274 1.000046501170397
2 0.00378691921 0.863 -0.172432837304199 -0.02963941600628966 0.04862323754083962 1.000046110526947
2 0.00378691921 0.864 -0.1705587601980473 -0.02962372638946207 0.04832078026817005 1.000045721414172
2 0.00378691921 0.865 -0.168685747545758 -0.02960575223469027 0.04801709475563744 1.000045333809534
2 0.00378691921 0.866 -0.1668139443535243 -0.02958547697162141 0.04771218930030039 1.00004494769072
2 0.00378691921 0.867 -0.1649434966844985 -0.02956288404871463 0.04740607229266125 1.000044563035644
2 0.00378691921 0.868 -0.1630745516473295 -0.02953795693415854 0.04709875221502148 1.000044179822437
2 0.00378691921 0.869 -0.1612072573914867 -0.02951067911688456 0.04679023764043785 1.000043798029449
2 0.00378691921 0.87 -0.1593417631059416 -0.02948103410763786 0.04648053723196419 1.000043417635243
2 0.00378691921 0.871 -0.1574782190211565 -0.02944900544014407 0.04616965974215154 1.000043038618596
2 0.00378691921 0.872 -0.1556167764177345 -0.02941457667247444 0.04585761401307548 1.000042660958496
2 0.00378691921 0.873 -0.1537575876146683 -0.0293777313879478 0.04554440897460438 1.00004228463414
2 0.00378691921 0.874 -0.1519008059643418 -0.02933845319616307 0.04523005364324526 1.00004190962493
2 0.00378691921 0.875 -0.1500465858508655 -0.02929672573410724 0.04491455712126215 1.000041535910468
2 0.00378691921 0.876 -0.1481950826916893 -0.02925253266737798 0.04459792859603545 1.000041163470562
2 0.00378691921 0.877 -0.1463464529458045 -0.0292058576916433 0.04428017733991329 1.000040792285219
2 0.00378691921 0.878 -0.1445008541017111 -0.02915668453352728 0.04396131270839031 1.000040422334641
2 0.00378691921 0.879 -0.1426584446720885 -0.02910499695166258 0.04364134413883691 1.000040053599227
2 0.00378691921 0.88 -0.1408193841917758 -0.02905077873783668 0.04332028114948587 1.000039686059568
2 0.00378691921 0.881 -0.138983833218988 -0.02899401371827257 0.04299813333864014 1.000039319696445
2 0.00378691921 0.882 -0.1371519533430414 -0.02893468575518616 0.04267491038433301 1.00003895449083
2 0.00378691921 0.883 -0.135323907172043 -0.02887277874765565 0.04235062204241495 1.000038590423881
2 0.00378691921 0.884 -0.1334998583272258 -0.02880827663269477 0.04202527814515988 1.000038227476944
2 0.00378691921 0.885 -0.1316799714405597 -0.02874116338643896 0.04169888860011135 1.000037865631544
2 0.00378691921 0.886 -0.1298644121555536 -0.02867142302548652 0.04137146338912764 1.000037504869388
2 0.00378691921 0.887 -0.128053347134472 -0.02859903960855755 0.04104301256783457 1.000037145172368
2 0.00378691921 0.888 -0.1262469440457528 -0.0285239972373467 0.04071354626361837 1.000036786522548
2 0.00378691921 0.889 -0.1244453715579989 -0.02844628005761847 0.04038307467410213 1.000036428902174
2 0.00378691921 0.89 -0.122648799337208 -0.0283658722604352 0.04005160806584274 1.000036072293662
2 0.00378691921 0.891 -0.1208573980471405 -0.02828275808356125 0.03971915677320187 1.000035716679601
2 0.00378691921 0.892 -0.1190713393559951 -0.0281969218132278 0.03938573119757431 1.000035362042756
2 0.00378691921 0.893 -0.117290795923559 -0.02810834778496898 0.03905134180528501 1.00003500836606
2 0.00378691921 0.894 -0.1155159413948501 -0.02801702038474073 0.03871599912592907 1.000034655632613
2 0.00378691921 0.895 -0.1137469503969515 -0.02792292405019279 0.03837971375091026 1.000034303825683
2 0.00378691921 0.896 -0.1119839985389244 -0.02782604327213903 0.03804249633212575 1.000033952928702
2 0.00378691921 0.897 -0.110227262417909 -0.02772636259643265 0.03770435758095271 1.00003360292527
2 0.00378691921 0.898 -0.1084769196060124 -0.02762386662478611 0.03736530826604769 1.000033253799147
2 0.00378691921 0.899 -0.1067331486435935 -0.02751854001591528 0.03702535921154338 1.000032905534256
2 0.00378691921 0.9 -0.1049961290356871 -0.02741036748685807 0.03668452129541934 1.000032558114677
2 0.00378691921 0.901 -0.1032660412514422 -0.02729933381451424 0.0363428054479884 1.000032211524652
2 0.00378691921 0.902 -0.1015430667296105 -0.02718542383763626 0.0360002226506232 1.000031865748581
2 0.00378691921 0.903 -0.09982738786517849 -0.02706862245763358 0.03565678393345656 1.000031520771019
2 0.00378691921 0.904 -0.09811918800228561 -0.02694891463974423 0.03531250037342838 1.000031176576677
2 0.00378691921 0.905 -0.09641865143022416 -0.02682628541440294 0.034967383092479 1.00003083315042
2 0.00378691921 0.906 -0.09472596338237844 -0.02670071987885448 0.0346214432558249 1.000030490477266
2 0.00378691921 0.907 -0.09304131004106557 -0.02657220319926576 0.0342746920704065 1.000030148542387
2 0.00378691921 0.908 -0.09136487852391481 -0.02644072061151534 0.03392714078248845 1.000029807331104
2 0.00378691921 0.909 -0.08969685687641096 -0.02630625742239495 0.03357880067555013 1.00002946682889
2 0.00378691921 0.91 -0.08803743406745333 -0.0261687990110305 0.03322968306829232 1.000029127021367
2 0.00378691921 0.911 -0.08638679998777254 -0.02602833083057325 0.03287979931268941 1.000028787894302
2 0.00378691921 0.912 -0.08474514545408321 -0.02588483841043952 0.03252916079213938 1.000028449433616
2 0.00378691921 0.913 -0.08311266219521614 -0.02573830735708652 0.03217777891896369 1.000028111625371
2 0.00378691921 0.914 -0.0814895428442764 -0.02558872335524667 0.0318256651321349 1.00002777445578
2 0.00378691921 0.915 -0.07987598093374414 -0.02543607216940535 0.03147283089508743 1.000027437911196
2 0.00378691921 0.916 -0.07827217089334373 -0.02528033964557462 0.03111928769353354 1.00002710197812
2 0.00378691921 0.917 -0.07667830805346705 -0.02512151171366764 0.03076504703329621 1.000026766643195
2 0.00378691921 0.918 -0.07509458863106229 -0.0249595743882622 0.03041012043770874 1.000026431893211
2 0.00378691921 0.919 -0.07352120972139617 -0.02479451376987103 0.03005451944517363 1.000026097715096
2 0.00378691921 0.92 -0.07195836929267783 -0.0246263160464805 0.02969825560676828 1.000025764095922
2 0.00378691921 0.921 -0.07040626618335344 -0.02445496749541245 0.02934134048381238 1.000025431022903
2 0.00378691921 0.922 -0.06886510010475615 -0.02428045448584084 0.02898378564536396 1.000025098483392
2 0.00378691921 0.923 -0.06733507162675539 -0.02410276347954461 0.02862560266551994 1.000024766464887
2 0.00378691921 0.924 -0.06581638217098641 -0.02392188103243797 0.02826680312079107 1.000024434955023
2 0.00378691921 0.925 -0.06430923399557582 -0.02373779379508006 0.02790739858753162 1.000024103941573
2 0.00378691921 0.926 -0.06281383021252157 -0.02355048851703751 0.02754740063916564 1.000023773412454
2 0.00378691921 0.927 -0.06133037476608504 -0.02335995204683048 0.02718682084341137 1.000023443355718
2 0.00378691921 0.928 -0.05985907242739895 -0.02316617133369548 0.02682567075950873 1.000023113759559
2 0.00378691921 0.929 -0.05840012879040435 -0.02296913342956976 0.02646396193534957 1.000022784612308
2 0.00378691921 0.93 -0.05695375026527837 -0.02276882549081388 0.02610170590456782 1.000022455902434
2 0.00378691921 0.931 -0.05552014406949052 -0.02256523477963655 0.02573891418365083 1.000022127618547
2 0.00378691921 0.9320000000000001 -0.05409951822479896 -0.0223583486663435 0.02537559826885703 1.000021799749392
2 0.00378691921 0.9330000000000001 -0.05269208154662834 -0.02214815463059312 0.02501176963327577 1.000021472283854
2 0.00378691921 0.9340000000000001 -0.05129804363936359 -0.02193464026348227 0.02464743972368312 1.000021145210954
2 0.00378691921 0.9350000000000001 -0.04991761488922049 -0.02171779326934752 0.02428261995739679 1.000020818519854
2 0.00378691921 0.9360000000000001 -0.04855100645484315 -0.02149760146724402 0.02391732171919616 1.000020492199851
2 0.00378691921 0.9370000000000001 -0.04719843026356979 -0.02127405279331689 0.02355155635793008 1.000020166240382
2 0.00378691921 0.9380000000000001 -0.04586009900040751 -0.02104713530209679 0.02318533518341195 1.000019840631021
2 0.00378691921 0.9390000000000001 -0.04453622610264927 -0.02081683716869451 0.0228186694629915 1.000019515361481
2 0.00378691921 0.9400000000000001 -0.04322702575216181 -0.02058314669068709 0.02245157041816826 1.000019190421614
2 0.00378691921 0.9410000000000001 -0.04193271286550612 -0.02034605228965558 0.02208404922131798 1.000018865801408
2 0.00378691921 0.9420000000000001 -0.04065350308943299 -0.02010554251368754 0.02171611699197925 1.000018541490992
2 0.00378691921 0.9430000000000001 -0.03938961278944103 -0.01986160603871676 0.02134778479358438 1.000018217480634
2 0.00378691921 0.9440000000000001 -0.03814125904368163 -0.01961423167083447 0.02097906362973876 1.000017893760741
2 0.00378691921 0.9450000000000001 -0.03690865963463599 -0.01936340834826681 0.02060996444058824 1.00001757032186
2 0.00378691921 0.9460000000000001 -0.03569203303873943 -0.01910912514297697 0.02024049809935123 1.000017247154677
2 0.00378691921 0.9470000000000001 -0.03449159842106357 -0.01885137126330749 0.01987067540827461 1.00001692425002
2 0.00378691921 0.9480000000000001 -0.03330757562344321 -0.01859013605536886 0.01950050709520256 1.000016601598857
2 0.00378691921 0.9490000000000001 -0.03214018515763084 -0.01832540900547541 0.01913000380955692 1.000016279192298
2 0.00378691921 0.9500000000000001 -0.03098964819633306 -0.01805717974222101 0.01875917611845591 1.000015957021594
2 0.00378691921 0.9510000000000001 -0.02985618656231724 -0.01778543803815126 0.01838803450305309 1.00001563507814
2 0.00378691921 0.9520000000000001 -0.02874002272223495 -0.01751017381255466 0.018016589354155 1.000015313353472
2 0.00378691921 0.9530000000000001 -0.02764137977430123 -0.01723137713290501 0.01764485096863242 1.000014991839272
2 0.00378691921 0.9540000000000001 -0.0265604814406581 -0.01694903821743024 0.01727282954509742 1.000014670527364
2 0.00378691921 0.9550000000000001 -0.02549755205773805 -0.01666314743729366 0.01690053517977292 1.000014349409719
2 0.00378691921 0.9560000000000001 -0.02445281656483009 -0.01637369531834162 0.01652797786264247 1.000014028478452
2 0.00378691921 0.9570000000000001 -0.02342650049699579 -0.01608067254405333 0.0161551674727243 1.000013707725826
2 0.00378691921 0.9580000000000001 -0.02241882997228322 -0.0157840699570416 0.01578211377433233 1.00001338714425
2 0.00378691921 0.9590000000000001 -0.02143003168325603 -0.01548387856176339 0.01540882641244807 1.000013066726283
2 0.00378691921 0.96 -0.02046033288664961 -0.01518008952681375 0.01503531490834376 1.00001274646463
2 0.00378691921 0.961 -0.01950996139137139 -0.01487269418675448 0.01466158865554915 1.000012426352147
2 0.00378691921 0.962 -0.01857914555045828 -0.01456168404523251 0.01428765691478055 1.000012106381843
2 0.00378691921 0.963 -0.01766811424780594 -0.01424705077654334 0.01391352881006128 1.000011786546875
2 0.00378691921 0.964 -0.01677709688881706 -0.01392878622849215 0.01353921332379032 1.000011466840556
2 0.00378691921 0.965 -0.01590632338931339 -0.01360688242480739 0.01316471929212468 1.000011147256349
2 0.00378691921 0.966 -0.01505602416294458 -0.0132813315670561 0.0127900554007736 1.000010827787875
2 0.00378691921 0.967 -0.01422643011213105 -0.01295212603794017 0.01241523017958372 1.000010508428909
2 0.00378691921 0.968 -0.01341777261428865 -0.012619258402927 0.01204025199853316 1.000010189173384
2 0.00378691921 0.969 -0.01263028351154728 -0.01228272141326953 0.01166512906250228 1.00000987001539
2 0.00378691921 0.97 -0.01186419509887977 -0.0119425080085464 0.01128986940642513 1.000009550949176
2 0.00378691921 0.971 -0.01111974011089072 -0.01159861131866869 0.01091448089092488 1.000009231969153
2 0.00378691921 0.972 -0.01039715171168759 -0.01125102466736386 0.01053897119656144 1.000008913069892
2 0.00378691921 0.973 -0.00969666348057863 -0.01089974157387687 0.01016334781971684 1.000008594246128
2 0.00378691921 0.974 -0.009018509400810212 -0.01054475575615754 0.009787618067078169 1.000008275492758
2 0.00378691921 0.975 -0.008362923846871666 -0.01018606113353342 0.009411789050572644 1.000007956804848
2 0.00378691921 0.976 -0.007730141570634467 -0.009823651828812169 0.009035867682862504 1.000007638177627
2 0.00378691921 0.977 -0.007120397690090739 -0.009457522171962187 0.008659860671266487 1.000007319606494
2 0.00378691921 0.978 -0.006533927674501742 -0.009087666701886994 0.008283774513558833 1.000007001087018
2 0.00378691921 0.979 -0.005970967332099831 -0.008714080169787164 0.007907615492179904 1.000006682614938
2 0.00378691921 0.98 -0.005431752796526318 -0.008336757541971511 0.007531389668974344 1.000006364186166
2 0.00378691921 0.981 -0.004916520512290287 -0.007955694002058249 0.007155102880569098 1.000006045796786
2 0.00378691921 0.982 -0.004425507222310985 -0.007570884954860491 0.00677876073198586 1.00000572744306
2 0.00378691921 0.983 -0.003958949952493405 -0.007182326028235338 0.00640236859238131 1.000005409121425
2 0.00378691921 0.984 -0.003517085998338637 -0.006790013076626898 0.006025931589006838 1.000005090828497
2 0.00378691921 0.985 -0.003100152910470316 -0.006393942184019896 0.005649454601775425 1.000004772561071
2 0.00378691921 0.986 -0.002708388479381486 -0.005994109666241556 0.005272942258551866 1.000004454316125
2 0.00378691921 0.987 -0.002342030721714954 -0.005590512075058853 0.004896398928480259 1.000004136090819
2 0.00378691921 0.988 -0.002001317864242319 -0.005183146200102297 0.004519828717698766 1.000003817882496
2 0.00378691921 0.989 -0.001686488329324608 -0.004772009072594959 0.004143235463076704 1.000003499688689
2 0.00378691921 0.99 -0.001397780719481828 -0.004357097968451134 0.003766622726642336 1.000003181507115
2 0.00378691921 0.991 -0.001135433801395937 -0.003938410410679085 0.003389993790820802 1.000002863335683
2 0.00378691921 0.992 -0.0008996864908613347 -0.003515944173695268 0.003013351651508246 1.000002545172493
2 0.00378691921 0.993 -0.0006907778361439727 -0.0030896972853208 0.002636699013800677 1.000002227015836
2 0.00378691921 0.994 -0.0005089470022329086 -0.002659668030699584 0.002260038285544322 1.000001908864199
2 0.00378691921 0.995 -0.0003544332544069559 -0.002225854955542529 0.001883371571663871 1.000001590716266
2 0.00378691921 0.996 -0.0002274759414621109 -0.001788256868629161 0.001506700669390427 1.000001272570916
2 0.00378691921 0.997 -0.000128314479263045 -0.001346872846341795 0.001130027061122419 1.000000954427232
2 0.00378691921 0.998 -5.718833345990853e-05 -0.0009017022347303656 0.0007533519102148655 1.000000636284493
2 0.00378691921 0.999 -1.433700247085683e-05 -0.0004527446536202448 0.0003766760543873056 1.000000318142186
2 0.00378691921 1 1.022395237115542e-21 -3.31442014135721e-20 -1.192608570001712e-20 1
ZONE T="branch=3", I=1001, DATAPACKING=POINT
3 0.018230452589 0 0 1.473071761142964e-32 1 1.16
3 0.018230452589 0.001 -0.0004106415512537237 0.01285121645318342 0.9839270500190956 1.158626593708814
3 0.018230452589 0.002 -0.00160888295682859 0.02491113546667529 0.9678794347767908 1.157253202310516
3 0.018230452589 0.003 -0.003545628836514489 0.03620972646616446 0.9518807025926844 1.155879863144878
3 0.018230452589 0.004 -0.006173661294201716 0.04677638725202728 0.9359525495151508 1.154506636642513
3 0.018230452589 0.005 -0.009447603035568197 0.0566399214685258 0.9201149210689394 1.153133604834674
3 0.018230452589 0.006 -0.01332387915960904 0.06582851920653958 0.9043861093322851 1.151760869910112
3 0.018230452589 0.007 -0.01776067782124267 0.07436974053935719 0.8887828455513104 1.150388552815872
3 0.018230452589 0.008 -0.02271790993647322 0.08229050180421467 0.8733203884970805 1.149016791899419
3 0.018230452589 0.009000000000000001 -0.02815716810175787 0.08961706444645869 0.8580126087469596 1.147645741590137
3 0.018230452589 0.01 -0.03404168488568565 0.09637502625170402 0.8428720690633792 1.146275571118668
3 0.018230452589 0.011 -0.04033629063803355 0.1025893148001603 0.8279101010348872 1.144906463272956
3 0.018230452589 0.012 -0.04700737095340077 0.1082841829839159 0.8131368781336001 1.143538613190176
3 0.018230452589 0.013 -0.05402282390241564 0.1134832064421321 0.798561485345063 1.142172227183942
3 0.018230452589 0.014 -0.06135201716950435 0.1182092827604559 0.7841919854939856 1.140807521606678
3 0.018230452589 0.015 -0.06896574518618828 0.1224846323061876 0.7700354824127597 1.139444721746874
3 0.018230452589 0.016 -0.07683618636360048 0.1263308005676677 0.7560981810761348 1.138084060761336
3 0.018230452589 0.017 -0.0849368605248132 0.1297686618697952 0.7423854448180817 1.136725778642609
3 0.018230452589 0.018 -0.09324258659785184 0.1328184243603107 0.7289018497614672 1.135370121221689
3 0.018230452589 0.019 -0.1017294406984393 0.1354996361283643 0.7156512365418835 1.13401733920651
3 0.018230452589 0.02 -0.1103747145631976 0.1378311924083742 0.7026367594958193 1.132667687256118
3 0.018230452589 0.021 -0.1191568745399364 0.1398313436937946 0.6898609333344217 1.131321423091341
3 0.018230452589 0.022 -0.128055521093068 0.141517704718717 0.6773256774613259 1.129978806641851
3 0.018230452589 0.023 -0.1370513488903902 0.1429072642122117 0.6650323580202291 1.128640099229975
3 0.018230452589 0.024 -0.1461261075351806 0.1440163953318861 0.6529818277558652 1.127305562791508
3 0.018230452589 0.025 -0.1552625629804917 0.144860866699934 0.6411744637809841 1.125975459133652
3 0.018230452589 0.026 -0.1644444596624572 0.1454558539670219 0.6296102033363474 1.124650049230133
3 0.018230452589 0.027 -0.17365648337828 0.1458159518379422 0.6182885776306704 1.123329592553491
3 0.018230452589 0.028 -0.1828842249276282 0.1459551864995137 0.6072087438448874 1.122014346444523
3 0.018230452589 0.029 -0.1921141445618995 0.1458870283765326 0.5963695153703744 1.120704565518657
3 0.018230452589 0.03 -0.201333537245582 0.1456244051680428 0.5857693903639419 1.119400501109048
3 0.018230452589 0.031 -0.2105304987466297 0.1451797151103482 0.5754065786923652 1.11810240074607
3 0.018230452589 0.032 -0.2196938925802994 0.1445648404091858 0.5652790273336962 1.116810507672726
3 0.018230452589 0.033 -0.2288133177980772 0.1437911608069555 0.555384444310458 1.115525060395566
3 0.018230452589 0.034 -0.237879077637706 0.1428695672363438 0.5457203212175198 1.114246292270512
3 0.018230452589 0.035 -0.2468821490415033 0.1418104755184244 0.5362839544082816 1.112974431122892
3 0.018230452589 0.036 -0.2558141530430013 0.1406238400696902 0.5270724649019266 1.111709698900973
3 0.018230452589 0.037 -0.264667326022373 0.1393191675834487 0.5180828170716056 1.110452311362146
3 0.018230452589 0.038 -0.2734344918165359 0.1379055306632027 0.5093118361739425 1.109202477791066
3 0.018230452589 0.039 -0.2821090346925778 0.1363915813702512 0.5007562247720243 1.107960400748695
3 0.018230452589 0.04 -0.2906848731762249 0.1347855646609693 0.4924125781063623 1.106726275851291
3 0.018230452589 0.041 -0.2991564347271902 0.1330953316904003 0.4842773984658135 1.105500291578327
3 0.018230452589 0.042 -0.3075186312530417 0.131328352960078 0.4763471086082716 1.104282629108259
3 0.018230452589 0.043 -0.3157668354421256 0.1294917312980861 0.4686180642802302 1.103073462181217
3 0.018230452589 0.044 -0.3238968579143023 0.1275922146460708 0.4610865658793815 1.101872956987349
3 0.018230452589 0.045 -0.3319049251751661 0.1256362086390042 0.4537488693049769 1.100681272079705
3 0.018230452589 0.046 -0.3397876583598411 0.123629788964259 0.4466011960386293 1.099498558310492
3 0.018230452589 0.047 -0.3475420527525892 0.1215787134874283 0.4396397424964079 1.098324958789541
3 0.018230452589 0.048 -0.3551654580602395 0.1194884341405091 0.4328606886915539 1.097160608863942
3 0.018230452589 0.049 -0.3626555594317957 0.117364108556783 0.4262602062445775 1.096005636117551
3 0.018230452589 0.05 -0.37001035920664 0.115210611445862 0.4198344657768942 1.094860160389207
3 0.018230452589 0.051 -0.3772281593750206 0.113032545702238 0.4135796437224341 1.093724293808489
3 0.018230452589 0.052 -0.3843075447316232 0.1108342532441176 0.4074919285901825 1.092598140847931
3 0.018230452589 0.053 -0.3912473667041829 0.1086198255794732 0.4015675267086628 1.091481798390588
3 0.018230452589 0.054 -0.3980467278429921 0.1063931140932161 0.3958026674825209 1.090375355811781
3 0.018230452589 0.055 -0.4047049669523162 0.1041577400546582 0.3901936081898369 1.089278895073948
3 0.018230452589 0.056 -0.4112216448458415 0.1019171043442429 0.3847366383474444 1.088192490833557
3 0.018230452589 0.057 -0.4175965307083569 0.09967439689923979 0.3794280836702494 1.087116210559064
3 0.018230452589 0.058 -0.4238295890455198 0.09743260587921765 0.3742643096492217 1.086050114658917
3 0.018230452589 0.059 -0.4299209672048759 0.09519452655149381 0.3692417247717877 1.084994256618622
3 0.018230452589 0.06 -0.4358709834502016 0.09296276989854058 0.3643567834070662 1.083948683145949
3 0.018230452589 0.061 -0.4416801155705924 0.09073977095084705 0.3596059883769033 1.082913434323423
3 0.018230452589 0.062 -0.4473489900094225 0.08852779684530188 0.3549858932337382 1.081888543767146
3 0.018230452589 0.063 -0.4528783714928057 0.0863289546159708 0.3504931042634773 1.08087403879126
3 0.018230452589 0.064 -0.4582691531434094 0.08414519871783541 0.3461242822325328 1.079869940577155
3 0.018230452589 0.065 -0.4635223470623765 0.0819783382880277 0.3418761438963503 1.078876264346685
3 0.018230452589 0.066 -0.4686390753592191 0.07983004415371542 0.3377454632837429 1.077893019538894
3 0.018230452589 0.067 -0.4736205616218129 0.07770185558091472 0.3337290727768599 1.076920209989139
3 0.018230452589 0.068 -0.4784681228014187 0.07559518678074606 0.329823863996704 1.075957834110475
3 0.018230452589 0.06900000000000001 -0.4831831615026417 0.07351133317160509 0.3260267885106939 1.075005885076425
3 0.018230452589 0.07000000000000001 -0.4877671586621604 0.07145147740371316 0.3223348583750156 1.074064351004623
3 0.018230452589 0.07100000000000001 -0.492221666601254 0.0694166951516432 0.3187451465241419 1.073133215140818
3 0.018230452589 0.07200000000000001 -0.4965483024376812 0.06740796068028265 0.3152547870193441 1.07221245604275
3 0.018230452589 0.073 -0.5007487418416576 0.06542615219182799 0.3118609751659612 1.071302047763523
3 0.018230452589 0.074 -0.5048247131236173 0.06347205695742837 0.308560967511021 1.070401960033981
3 0.018230452589 0.075 -0.5087779916400473 0.06154637623968873 0.3053520817308268 1.069512158443693
3 0.018230452589 0.076 -0.5126103945042637 0.05964973001198657 0.3022316964176857 1.068632604620229
3 0.018230452589 0.077 -0.516323775589478 0.05778266148037274 0.2991972507745467 1.067763256406368
3 0.018230452589 0.078 -0.51992002081126 0.05594564141534723 0.2962462442244387 1.066904068035036
3 0.018230452589 0.079 -0.5234010436783387 0.05413907229771541 0.2933762359435467 1.066054990301626
3 0.018230452589 0.08 -0.5267687810999813 0.05236329228463216 0.2905848443248967 1.065215970733464
3 0.018230452589 0.081 -0.5300251894387037 0.05061857900167376 0.2878697463793236 1.064386953756224
3 0.018230452589 0.082 -0.5331722407974636 0.04890515316656997 0.2852286770801036 1.063567880857089
3 0.018230452589 0.083 -0.5362119195306645 0.04722318205127864 0.2826594286559538 1.062758690744551
3 0.018230452589 0.08400000000000001 -0.5391462189692653 0.04557278278673554 0.2801598498390491 1.061959319504647
3 0.018230452589 0.08500000000000001 -0.5419771383501168 0.04395402551597176 0.2777278450730027 1.061169700753498
3 0.018230452589 0.08600000000000001 -0.5447066799400567 0.04236693640103233 0.2753613736855566 1.06038976578608
3 0.018230452589 0.08700000000000001 -0.5473368463456408 0.04081150048892018 0.2730584490305327 1.059619443721107
3 0.018230452589 0.08799999999999999 -0.5498696379998366 0.03928766444248125 0.2708171376021101 1.058858661642018
3 0.018230452589 0.089 -0.5523070508173152 0.0377953391403973 0.2686355581263748 1.058107344733952
3 0.018230452589 0.09 -0.5546510740101808 0.03633440215139475 0.2665118806335562 1.057365416416687
3 0.018230452589 0.091 -0.5569036880562992 0.03490470008753871 0.2644443255142379 1.056632798473523
3 0.018230452589 0.092 -0.5590668628126693 0.03350605084128485 0.2624311625627093 1.055909411176083
3 0.018230452589 0.093 -0.5611425557669028 0.03213824571138593 0.2604707100093268 1.055195173405073
3 0.018230452589 0.094 -0.5631327104197251 0.03080105142148358 0.2585613335455157 1.054490002766957
3 0.018230452589 0.095 -0.5650392547918374 0.0294942120358393 0.256701445343689 1.053793815706597
3 0.018230452589 0.096 -0.5668641000487492 0.02821745077644721 0.2548895030742846 1.053106527615869
3 0.018230452589 0.097 -0.5686091392374093 0.02697047174559456 0.2531240089220594 1.052428052938296
3 0.018230452589 0.098 -0.5702762461291798 0.02575296155816446 0.2514035086026465 1.051758305269765
3 0.018230452589 0.099 -0.5718672741632141 0.02456459088709234 0.2497265903820116 1.05109719745535
3 0.018230452589 0.1 -0.5733840554848828 0.02340501592577275 0.2480918841002477 1.050444641682298
3 0.018230452589 0.101 -0.5748284000741017 0.02227387977103201 0.2464980602011194 1.04980054956926
3 0.018230452589 0.102 -0.5762020949585727 0.02117081373012904 0.2449438287687372 1.049164832251808
3 0.018230452589 0.103 -0.577506903507728 0.02009543855533535 0.2434279385717689 1.048537400464344
3 0.018230452589 0.104 -0.5787445648024417 0.0190473656090616 0.2419491761170752 1.047918164618434
3 0.018230452589 0.105 -0.5799167930762722 0.01802619796267665 0.2405063647136348 1.047307034877678
3 0.018230452589 0.106 -0.5810252772259051 0.01703153143257334 0.2390983635450668 1.046703921229179
3 0.018230452589 0.107 -0.5820716803748072 0.01606295555358472 0.2377240667676958 1.046108733551676
3 0.018230452589 0.108 -0.5830576395210119 0.01512005450000617 0.2363824025891789 1.045521381680501
3 0.018230452589 0.109 -0.5839847652127219 0.01420240794566104 0.2350723323976527 1.044941775469319
3 0.018230452589 0.11 -0.5848546412894478 0.01330959187503575 0.2337928498869275 1.044369824848888
3 0.018230452589 0.111 -0.5856688246882129 0.01244117934542355 0.2325429801789461 1.04380543988271
3 0.018230452589 0.112 -0.5864288452561688 0.01159674119802266 0.2313217790065652 1.043248530820057
3 0.018230452589 0.113 -0.5871362056569178 0.01077584672800231 0.2301283318545486 1.042699008145842
3 0.018230452589 0.114 -0.5877923812774067 0.009978064308635499 0.2289617531607267 1.042156782628104
3 0.018230452589 0.115 -0.5883988201882994 0.009202961976084612 0.2278211855148525 1.041621765362759
3 0.018230452589 0.116 -0.5889569431554689 0.008450107974654389 0.2267057988583474 1.041093867815589
3 0.018230452589 0.117 -0.5894681436442222 0.00771907126599739 0.225614789739535 1.040573001862354
3 0.018230452589 0.118 -0.5899337879050089 0.007009422001976772 0.2245473805353965 1.04005907982579
3 0.018230452589 0.119 -0.5903552150474747 0.006320731965559935 0.223502818728272 1.039552014510958
3 0.018230452589 0.12 -0.5907337371567843 0.00565257497992672 0.222480376183039 1.039051719238171
3 0.018230452589 0.121 -0.5910706394498425 0.005004527285876037 0.221479348427482 1.038558107873474
3 0.018230452589 0.122 -0.5913671804147651 0.004376167894823525 0.2204990539828801 1.03807109485792
3 0.018230452589 0.123 -0.5916245920210436 0.003767078909808444 0.2195388336677722 1.037590595233839
3 0.018230452589 0.124 -0.5918440799097207 0.003176845825308712 0.2185980499511699 1.037116524670082
3 0.018230452589 0.125 -0.5920268236168061 0.002605057801510257 0.2176760863080228 1.036648799485155
3 0.018230452589 0.126 -0.5921739768276116 0.002051307913293526 0.2167723465792374 1.036187336668221
3 0.018230452589 0.127 -0.5922866676080943 0.001515193383718998 0.2158862543765674 1.035732053899455
3 0.018230452589 0.128 -0.5923659986974076 0.000996315789474929 0.2150172524660169 1.03528286956754
3 0.018230452589 0.129 -0.5924130477751238 0.0004942812533342883 0.2141648021952322 1.034839702786671
3 0.018230452589 0.13 -0.5924288677544519 8.700616170445739e-06 0.213328382924204 1.034402473411733
3 0.018230452589 0.131 -0.5924144870992316 -0.0004608104110922222 0.2125074914612314 1.033971102051636
3 0.018230452589 0.132 -0.5923709101141493 -0.0009146311043123824 0.2117016415385703 1.033545510082468
3 0.018230452589 0.133 -0.5922991172878647 -0.001353135607465353 0.2109103632708783 1.033125619657958
3 0.018230452589 0.134 -0.5922000656077211 -0.001776692820824307 0.2101332026524208 1.032711353719883
3 0.018230452589 0.135 -0.5920746888946644 -0.0021856663054364 0.2093697210581519 1.032302636006887
3 0.018230452589 0.136 -0.5919238981562845 -0.002580414203451337 0.2086194947503141 1.031899391061754
3 0.018230452589 0.137 -0.5917485819111271 -0.002961289162257749 0.2078821144198427 1.031501544238839
3 0.018230452589 0.138 -0.5915496065586767 -0.003328638279983813 0.2071571847140069 1.031109021709003
3 0.018230452589 0.139 -0.5913278167195064 -0.003682803053328168 0.2064443237979418 1.030721750464828
3 0.018230452589 0.14 -0.591084035591036 -0.00402411933833697 0.2057431629202751 1.030339658324475
3 0.018230452589 0.141 -0.5908190653169513 -0.004352917323651622 0.2050533459842381 1.029962673934233
3 0.018230452589 0.142 -0.5905336873272937 -0.004669521503953293 0.2043745291490821 1.029590726771495
3 0.018230452589 0.143 -0.5902286627179096 -0.004974250672012409 0.203706380420503 1.029223747145446
3 0.018230452589 0.144 -0.5899047325998745 -0.005267417909822333 0.2030485792705001 1.028861666198267
3 0.018230452589 0.145 -0.5895626184608694 -0.005549330589987111 0.2024008162613269 1.028504415905199
3 0.018230452589 0.146 -0.5892030225367217 -0.005820290386878245 0.2017627926746973 1.02815192907349
3 0.018230452589 0.147 -0.5888266281539791 -0.00608059328543837 0.2011342201672273 1.027804139341989
3 0.018230452589 0.148 -0.588434100106352 -0.006330529606172791 0.2005148204171097 1.027460981178626
3 0.018230452589 0.149 -0.5880260850018 -0.006570384026962492 0.1999043247962144 1.027122389878605
3 0.018230452589 0.15 -0.587603211618683 -0.00680043561297539 0.1993024740461264 1.026788301561618
3 0.018230452589 0.151 -0.5871660912693378 -0.007020957854197047 0.1987090179591025 1.026458653168135
3 0.018230452589 0.152 -0.5867153181357271 -0.007232218698874257 0.1981237150816196 1.026133382456473
3 0.018230452589 0.153 -0.5862514696341788 -0.007434480601035208 0.1975463324109516 1.025812427997941
3 0.018230452589 0.154 -0.5857751067520299 -0.007628000563321005 0.1969766451135971 1.025495729172813
3 0.018230452589 0.155 -0.5852867743910564 -0.00781303018619438 0.1964144362474073 1.025183226165486
3 0.018230452589 0.156 -0.5847870017162001 -0.007989815723063837 0.1958594964882344 1.024874859958856
3 0.018230452589 0.157 -0.584276302477851 -0.008158598130206279 0.1953116238759449 1.024570572329568
3 0.018230452589 0.158 -0.5837551753590627 -0.00831961312892566 0.1947706235549078 1.024270305841519
3 0.018230452589 0.159 -0.5832241042963227 -0.008473091262081811 0.1942363075331819 1.023974003840261
3 0.018230452589 0.16 -0.5826835588053113 -0.00861925795562612 0.1937084944451151 1.023681610446725
3 0.018230452589 0.161 -0.5821339943103122 -0.008758333584706018 0.1931870093180441 1.023393070550282
3 0.018230452589 0.162 -0.5815758524489334 -0.008890533533918513 0.1926716833555246 1.023108329802742
3 0.018230452589 0.163 -0.5810095613981554 -0.009016068268196646 0.1921623537162032 1.022827334610757
3 0.018230452589 0.164 -0.5804355361757997 -0.009135143397549421 0.191658863308626 1.022550032129172
3 0.018230452589 0.165 -0.5798541789455881 -0.009247959745719795 0.1911610605891541 1.022276370253806
3 0.018230452589 0.166 -0.5792658793245785 -0.009354713422350469 0.1906687993635559 1.022006297613673
3 0.018230452589 0.167 -0.5786710146678193 -0.009455595888992774 0.1901819386026631 1.02173976356417
3 0.018230452589 0.168 -0.5780699503711941 -0.009550794034352801 0.1897003422546014 1.021476718178805
3 0.018230452589 0.169 -0.5774630401516705 -0.009640490243185803 0.1892238790705608 1.021217112241911
3 0.018230452589 0.17 -0.5768506263300406 -0.009724862468245219 0.1887524224333606 1.02096089724085
3 0.018230452589 0.171 -0.576233040115068 -0.009804084304905836 0.188285850189287 1.020708025357775
3 0.018230452589 0.172 -0.5756106018668136 -0.009878325059573168 0.1878240444918532 1.020458449462338
3 0.018230452589 0.173 -0.5749836213754277 -0.009947749826115114 0.1873668916428853 1.020212123103087
3 0.018230452589 0.174 -0.5743523981193569 -0.01001251955596058 0.1869142819450731 1.019969000499831
3 0.018230452589 0.175 -0.5737172215251883 -0.01007279113056926 0.186466109557014 1.019729036535589
3 0.018230452589 0.176 -0.5730783712281627 -0.01012871743592214 0.1860222723511495 1.019492186748143
3 0.018230452589 0.177 -0.5724361173138168 -0.0101804474309179 0.1855826717817767 1.019258407322549
3 0.018230452589 0.178 -0.5717907205727245 -0.01022812622273351 0.1851472127509895 1.019027655082441
3 0.018230452589 0.179 -0.5711424327366329 -0.01027189513602741 0.1847158034842956 1.018799887482289
3 0.018230452589 0.18 -0.5704914967155748 -0.01031189178397342 0.1842883554084449 1.018575062599301
3 0.018230452589 0.181 -0.5698381468350927 -0.010348250140805 0.1838647830317973 1.01835313912499
3 0.018230452589 0.182 -0.5691826090564868 -0.01038110060850568 0.1834450038331816 1.018134076357677
3 0.018230452589 0.183 -0.5685251012081066 -0.01041057008954217 0.1830289381491641 1.017917834193885
3 0.018230452589 0.184 -0.567865833199943 -0.01043678205372125 0.1826165090694617 1.017704373120666
3 0.018230452589 0.185 -0.5672050072386876 -0.01045985660645071 0.1822076423343027 1.017493654207618
3 0.018230452589 0.186 -0.5665428180424923 -0.01047991055811329 0.1818022662340082 1.017285639098622
3 0.018230452589 0.187 -0.5658794530405536 -0.01049705748790561 0.1814003115157078 1.017080290004471
3 0.018230452589 0.188 -0.5652150925819622 -0.01051140781291692 0.1810017112888473 1.016877569694495
3 0.018230452589 0.189 -0.5645499101296536 -0.01052306885167971 0.180606400937534 1.016677441489079
3 0.018230452589 0.19 -0.5638840724544415 -0.01053214488878833 0.1802143180345888 1.016479869251913
3 0.018230452589 0.191 -0.5632177398284477 -0.01053873724032203 0.1798254022575288 1.016284817382002
3 0.018230452589 0.192 -0.5625510662050507 -0.01054294431409903 0.1794395953105321 1.016092250806529
3 0.018230452589 0.193 -0.5618841994065552 -0.01054486167447072 0.1790568408454943 1.0159021349728
3 0.018230452589 0.194 -0.5612172812986524 -0.01054458210197408 0.1786770843888114 1.015714435841043
3 0.018230452589 0.195 -0.5605504479646661 -0.01054219565378767 0.1783002732696504 1.015529119876965
3 0.018230452589 0.196 -0.5598838298789824 -0.01053778972475346 0.1779263565498935 1.015346154044115
3 0.018230452589 0.197 -0.5592175520685702 -0.01053144910362005 0.1775552849590836 1.015165505797045
3 0.018230452589 0.198 -0.5585517342808859 -0.01052325603321543 0.1771870108286983 1.014987143073639
3 0.018230452589 0.199 -0.5578864911401322 -0.01051329026588192 0.1768214880312066 1.014811034288247
3 0.018230452589 0.2 -0.5572219323030803 -0.01050162911950691 0.1764586719204184 1.014637148324607
3 0.018230452589 0.201 -0.5565581626139297 -0.0104883475339361 0.1760985192732776 1.014465454528599
3 0.018230452589 0.202 -0.5558952822487061 -0.01047351812300503 0.175740988235827 1.014295922701757
3 0.018230452589 0.203 -0.5552333868648867 -0.01045721122996833 0.175386038268686 1.014128523094013
3 0.018230452589 0.204 -0.5545725677408131 -0.01043949497859644 0.175033630096513 1.013963226397198
3 0.018230452589 0.205 -0.5539129119145078 -0.01042043532470589 0.1746837256585863 1.01380000373837
3 0.018230452589 0.206 -0.5532545023214287 -0.01040009610793145 0.174336288060626 1.013638826672976
3 0.018230452589 0.207 -0.5525974179230854 -0.01037853909950902 0.1739912815300879 1.013479667178739
3 0.018230452589 0.208 -0.551941733839885 -0.01035582405299185 0.1736486713711104 1.013322497648841
3 0.018230452589 0.209 -0.5512875214750698 -0.01033200875103138 0.1733084239227753 1.013167290885809
3 0.018230452589 0.21 -0.550634848637945 -0.01030714905246461 0.1729705065183321 1.013014020095254
3 0.018230452589 0.211 -0.5499837796659839 -0.01028129893953675 0.1726348874454829 1.012862658879462
3 0.018230452589 0.212 -0.5493343755389969 -0.01025451056151362 0.172301535909554 1.012713181231663
3 0.018230452589 0.213 -0.5486866939966669 -0.01022683428082257 0.1719704219964233 1.012565561529652
3 0.018230452589 0.214 -0.548040789648362 -0.01019831871563888 0.1716415166382008 1.012419774530076
3 0.018230452589 0.215 -0.5473967140821562 -0.01016901078268003 0.1713147915797324 1.012275795362575
3 0.018230452589 0.216 -0.5467545159726976 -0.01013895574005505 0.1709902193460096 1.012133599523809
3 0.018230452589 0.217 -0.546114241182227 -0.01010819722686387 0.1706677732119718 1.011993162872104
3 0.018230452589 0.218 -0.5454759328642174 -0.0100767773049721 0.1703474271721433 1.01185446162151
3 0.018230452589 0.219 -0.544839631560359 -0.01004473649759159 0.1700291559125502 1.011717472336478
3 0.018230452589 0.22 -0.5442053752966997 -0.0100121138279923 0.1697129347833408 1.011582171926407
3 0.018230452589 0.221 -0.5435731996786239 -0.009978946858209853 0.1693987397721736 1.011448537640085
3 0.018230452589 0.222 -0.5429431379799556 -0.009945271724840976 0.1690865474795865 1.011316547060715
3 0.018230452589 0.223 -0.5423152212340461 -0.009911123176706756 0.1687763350942569 1.011186178100392
3 0.018230452589 0.224 -0.5416894783191616 -0.009876534609658243 0.1684680803701464 1.01105740899516
3 0.018230452589 0.225 -0.5410659360429941 -0.009841538101454651 0.1681617616042445 1.01093021829995
3 0.018230452589 0.226 -0.5404446192260212 -0.009806164446593556 0.1678573576149578 1.01080458488343
3 0.018230452589 0.227 -0.5398255507798594 -0.009770443188543304 0.1675548477221398 1.010680487923384
3 0.018230452589 0.228 -0.5392087517870547 -0.009734402653574736 0.1672542117270473 1.010557906901599
3 0.018230452589 0.229 -0.5385942415760276 -0.009698069982047273 0.1669554298938561 1.010436821599286
3 0.018230452589 0.23 -0.5379820377951252 -0.009661471159722601 0.1666584829316799 1.010317212092395
3 0.018230452589 0.231 -0.5373721564855425 -0.009624631048999167 0.1663633519771321 1.010199058746842
3 0.018230452589 0.232 -0.5367646121500128 -0.009587573417838467 0.1660700185782429 1.010082342214241
3 0.018230452589 0.233 -0.5361594178224677 -0.009550320970056845 0.1657784646783271 1.009967043427173
3 0.018230452589 0.234 -0.535556585133609 -0.009512895373358298 0.1654886726011397 1.009853143594952
3 0.018230452589 0.235 -0.5349561243755863 -0.009475317287360943 0.1652006250364526 1.009740624199294
3 0.018230452589 0.236 -0.5343580445655719 -0.009437606391522583 0.1649143050260836 1.009629466989912
3 0.018230452589 0.237 -0.5337623535057922 -0.009399781411023251 0.1646296959510464 1.009519653980572
3 0.018230452589 0.238 -0.533169057844128 -0.009361860143809506 0.1643467815186624 1.009411167444721
3 0.018230452589 0.239 -0.5325781631313041 -0.009323859485641715 0.1640655457507371 1.009303989911586
3 0.018230452589 0.24 -0.5319896738771839 -0.009285795455109545 0.1637859729720872 1.009198104162171
3 0.018230452589 0.241 -0.5314035936060014 -0.009247683218532209 0.1635080477994392 1.009093493225197
3 0.018230452589 0.242 -0.5308199249086537 -0.009209537113057067 0.1632317551312567 1.00899014037346
3 0.018230452589 0.243 -0.5302386694952199 -0.009171370670735979 0.1629570801375352 1.008888029119808
3 0.018230452589 0.244 -0.5296598282446529 -0.009133196640837671 0.1626840082504804 1.008787143213539
3 0.018230452589 0.245 -0.5290834012537644 -0.009095027012281012 0.1624125251554163 1.008687466636671
3 0.018230452589 0.246 -0.5285093878845991 -0.00905687303535244 0.162142616782193 1.008588983600327
3 0.018230452589 0.247 -0.5279377868104439 -0.009018745242906698 0.1618742692970129 1.008491678541184
3 0.018230452589 0.248 -0.5273685960605725 -0.008980653471133412 0.1616074690946359 1.008395536117963
3 0.018230452589 0.249 -0.5268018130636679 -0.008942606879816276 0.161342202790975 1.00830054120798
3 0.018230452589 0.25 -0.5262374346899734 -0.008904613972106443 0.1610784572160635 1.008206678903756
3 0.018230452589 0.251 -0.5256754572921993 -0.008866682613821394 0.1608162194073786 1.008113934509684
3 0.018230452589 0.252 -0.5251158767452185 -0.008828820052273203 0.1605554766035093 1.008022293538764
3 0.018230452589 0.253 -0.5245586884846183 -0.00879103293469608 0.1602962162381348 1.007931741709362
3 0.018230452589 0.254 -0.524003887544086 -0.008753327326217359 0.160038425934323 1.00784226494204
3 0.018230452589 0.255 -0.5234514685916669 -0.008715708727391301 0.1597820934991307 1.007753849356432
3 0.018230452589 0.256 -0.5229014259649204 -0.008678182091306195 0.1595272069184953 1.007666481268183
3 0.018230452589 0.257 -0.5223537537050068 -0.008640751840268909 0.159273754352406 1.007580147185934
3 0.018230452589 0.258 -0.5218084455897763 -0.008603421882193669 0.1590217241303047 1.007494833808319
3 0.018230452589 0.259 -0.5212654951657272 -0.008566195626346206 0.1587711047468245 1.00741052802111
3 0.018230452589 0.26 -0.5207248957790249 -0.008529075998710329 0.1585218848577718 1.007327216894412
3 0.018230452589 0.261 -0.5201866406059193 -0.0084920654582668 0.158274053275902 1.007244887679386
3 0.018230452589 0.262 -0.5196507226812164 -0.008455166009708208 0.1580275989680028 1.007163527806288
3 0.018230452589 0.263 -0.5191171349271116 -0.008418379219963322 0.1577825110507755 1.007083124880902
3 0.018230452589 0.264 -0.5185858701801098 -0.008381706230982281 0.1575387787880716 1.007003666682361
3 0.018230452589 0.265 -0.518056921217556 -0.008345147773514892 0.1572963915878783 1.006925141160491
3 0.018230452589 0.266 -0.51753028078324 -0.008308704181598242 0.1570553389991062 1.006847536432745
3 0.018230452589 0.267 -0.5170059416120601 -0.008272375403800585 0.1568156107096036 1.006770840782417
3 0.018230452589 0.268 -0.5164838964539544 -0.008236161017742171 0.156577196543045 1.00669504265536
3 0.018230452589 0.269 -0.5159641380970097 -0.008200060241428919 0.1563400864570201 1.006620130657985
3 0.018230452589 0.27 -0.5154466593898978 -0.008164071945415543 0.1561042705408786 1.006546093554814
3 0.018230452589 0.271 -0.5149314532631782 -0.008128194665547983 0.1558697390133659 1.006472920265654
3 0.018230452589 0.272 -0.5144185127506092 -0.008092426612956723 0.155636482221367 1.006400599863965
3 0.018230452589 0.273 -0.513907831008773 -0.008056765686795395 0.1554044906375874 1.006329121573828
3 0.018230452589 0.274 -0.5133994013368108 -0.008021209484280672 0.1551737548593232 1.00625847476811
3 0.018230452589 0.275 -0.5128932171952432 -0.007985755311418322 0.1549442656069848 1.006188648966211
3 0.018230452589 0.276 -0.5123892722234945 -0.007950400194194948 0.1547160137223985 1.006119633831462
3 0.018230452589 0.277 -0.5118875602582219 -0.007915140887457985 0.1544889901681292 1.006051419169622
3 0.018230452589 0.278 -0.5113880753491686 -0.007879973886073062 0.1542631860257797 1.00598399492609
3 0.018230452589 0.279 -0.5108908117759089 -0.007844895433814416 0.1540385924952958 1.005917351184211
3 0.018230452589 0.28 -0.5103957640634816 -0.007809901532815887 0.1538152008940197 1.005851478163209
3 0.018230452589 0.281 -0.5099029269965984 -0.007774987953388536 0.153593002655508 1.005786366215782
3 0.018230452589 0.282 -0.5094122956353232 -0.007740150241912667 0.1533719893293072 1.005722005826728
3 0.018230452589 0.283 -0.5089238653276226 -0.007705383730595805 0.1531521525797262 1.00565838761037
3 0.018230452589 0.284 -0.5084376317234652 -0.007670683545344826 0.1529334841855566 1.005595502309001
3 0.018230452589 0.285 -0.5079535907876477 -0.007636044614088875 0.1527159760395329 1.005533340790979
3 0.018230452589 0.286 -0.5074717388110935 -0.007601461675382274 0.1524996201475413 1.005471894048506
3 0.018230452589 0.287 -0.506992072424179 -0.00756692928542266 0.1522844086287449 1.005411153196377
3 0.018230452589 0.288 -0.5065145886063982 -0.007532441826573375 0.1520703337147105 1.005351109469591
3 0.018230452589 0.289 -0.5060392846981152 -0.007497993514336282 0.1518573877494437 1.005291754221928
3 0.018230452589 0.29 -0.5055661584109218 -0.007463578404679178 0.1516455631891545 1.005233078924193
3 0.018230452589 0.291 -0.5050952078363875 -0.007429190401567588 0.1514348526017554 1.005175075162169
3 0.018230452589 0.292 -0.5046264314572907 -0.00739482326321233 0.1512252486672491 1.005117734635459
3 0.018230452589 0.293 -0.5041598281547639 -0.007360470609503403 0.1510167441771131 1.005061049155294
3 0.018230452589 0.294 -0.5036953972179702 -0.007326125928190841 0.1508093320345668 1.005005010643211
3 0.018230452589 0.295 -0.5032331383522838 -0.007291782581335952 0.1506030052545594 1.004949611129442
3 0.018230452589 0.296 -0.5027730516858117 -0.007257433811900756 0.1503977569634735 1.004894842751022
3 0.018230452589 0.297 -0.502315137778758 -0.007223072749318245 0.1501935803997045 1.004840697750725
3 0.018230452589 0.298 -0.5018593976283732 -0.007188692415969419 0.1499904689132232 1.004787168475037
3 0.018230452589 0.299 -0.5014058326767877 -0.007154285732668739 0.1497884159660084 1.004734247372944
3 0.018230452589 0.3 -0.500954444817278 -0.007119845524346169 0.1495874151321873 1.00468192699444
3 0.018230452589 0.301 -0.5005052363988369 -0.00708536452580945 0.1493874600978785 1.004630199988782
3 0.018230452589 0.302 -0.500058210233873 -0.007050835386720912 0.1491885446619032 1.004579059103515
3 0.018230452589 0.303 -0.4996133696012467 -0.007016250677235152 0.1489906627354627 1.004528497182592
3 0.018230452589 0.304 -0.4991707182524692 -0.006981602892875649 0.1487938083426802 1.004478507165263
3 0.018230452589 0.305 -0.4987302604162782 -0.006946884459543248 0.148597975620839 1.004429082084695
3 0.018230452589 0.306 -0.498292000801505 -0.006912087738553971 0.1484031588203104 1.004380215066359
3 0.018230452589 0.307 -0.4978559446032833 -0.006877205031097585 0.1482093523053473 1.004331899327135
3 0.018230452589 0.308 -0.4974220975044213 -0.00684222858314043 0.1480165505538269 1.004284128173571
3 0.018230452589 0.309 -0.4969904656801444 -0.006807150589770604 0.1478247481578555 1.00423689500086
3 0.018230452589 0.31 -0.496561055801182 -0.006771963199618107 0.1476339398240605 1.004190193291565
3 0.018230452589 0.311 -0.4961338750351448 -0.006736658519259521 0.1474441203735581 1.004144016614129
3 0.018230452589 0.312 -0.4957089310513955 -0.006701228617225519 0.1472552847427916 1.004098358622048
3 0.018230452589 0.313 -0.4952862320209752 -0.00666566552826162 0.1470674279832971 1.004053213052262
3 0.018230452589 0.314 -0.4948657866200459 -0.006629961257210873 0.1468805452623358 1.004008573724209
3 0.018230452589 0.315 -0.4944476040316643 -0.006594107782921437 0.1466946318632029 1.003964434538651
3 0.018230452589 0.316 -0.4940316939458529 -0.00655809706209907 0.1465096831852013 1.00392078947629
3 0.018230452589 0.317 -0.4936180665632691 -0.006521921032923487 0.1463256947444919 1.003877632597006
3 0.018230452589 0.318 -0.4932067325938734 -0.006485571618749088 0.14614266217385 1.003834958038376
3 0.018230452589 0.319 -0.49279770325921 -0.00644904073158642 0.1459605812232967 1.003792760014787
3 0.018230452589 0.32 -0.4923909902930156 -0.006412320275564307 0.1457794477603949 1.003751032816359
3 0.018230452589 0.321 -0.4919866059401521 -0.006375402150301757 0.1455992577702026 1.003709770807664
3 0.018230452589 0.322 -0.4915845629591846 -0.006338278254186336 0.1454200073561079 1.003668968427019
3 0.018230452589 0.323 -0.49118487461996 -0.00630094048758728 0.1452416927395535 1.003628620185111
3 0.018230452589 0.324 -0.4907875547048417 -0.006263380755990026 0.1450643102606415 1.003588720664191
3 0.018230452589 0.325 -0.4903926175082869 -0.006225590973072187 0.1448878563783945 1.00354926451706
3 0.018230452589 0.326 -0.4900000778347799 -0.006187563063657976 0.1447123276706677 1.003510246465893
3 0.018230452589 0.327 -0.4896099510004214 -0.006149288966705709 0.1445377208349477 1.003471661301584
3 0.018230452589 0.328 -0.4892222528295585 -0.006110760638097002 0.1443640326880255 1.00343350388247
3 0.018230452589 0.329 -0.4888369996550776 -0.006071970053472288 0.1441912601665561 1.003395769133585
3 0.018230452589 0.33 -0.4884542083170625 -0.006032909210972877 0.1440194003272681 1.003358452045725
3 0.018230452589 0.331 -0.4880738961598526 -0.005993570133833372 0.143848450346817 1.003321547674351
3 0.018230452589 0.332 -0.4876960810327268 -0.00595394487311986 0.1436784075225316 1.00328505113899
3 0.018230452589 0.333 -0.4873207812857128 -0.005914025510151053 0.1435092692720218 1.00324895762205
3 0.018230452589 0.334 -0.4869480157690232 -0.005873804159076989 0.143341033133678 1.003213262368126
3 0.018230452589 0.335 -0.4865778038308946 -0.005833272969333034 0.1431736967668144 1.003177960683135
3 0.018230452589 0.336 -0.4862101653138753 -0.005792424127918871 0.1430072579514534 1.003143047933303
3 0.018230452589 0.337 -0.4858451205546797 -0.005751249861923932 0.1428417145890053 1.003108519544605
3 0.018230452589 0.338 -0.4854826903765265 -0.005709742440358896 0.1426770647011089 1.003074371001341
3 0.018230452589 0.339 -0.4851228961005099 -0.005667894177746521 0.1425133064332441 1.003040597846998
3 0.018230452589 0.34 -0.4847657595204873 -0.005625697434208036 0.1423504380492461 1.003007195680816
3 0.018230452589 0.341 -0.4844113029144655 -0.005583144618914936 0.1421884579349334 1.002974160158726
3 0.018230452589 0.342 -0.4840595490432839 -0.005540228192480492 0.1420273645986391 1.002941486992769
3 0.018230452589 0.343 -0.4837105211425967 -0.005496940668560494 0.1418671566700426 1.002909171949779
3 0.018230452589 0.344 -0.4833642429179402 -0.005453274615681409 0.1417078328997754 1.00287721085046
3 0.018230452589 0.345 -0.4830207385412709 -0.005409222659178594 0.1415493921594054 1.002845599568665
3 0.018230452589 0.346 -0.4826800326488518 -0.005364777483314279 0.1413918334417994 1.002814334030844
3 0.018230452589 0.347 -0.4823421503419006 -0.005319931833812447 0.1412351558622568 1.002783410215821
3 0.018230452589 0.348 -0.4820071171781137 -0.00527467851916612 0.1410793586572545 1.002752824153565
3 0.018230452589 0.349 -0.48167495916619 -0.005229010412248512 0.140924441183966 1.002722571924336
3 0.018230452589 0.35 -0.4813457027617848 -0.005182920452073615 0.1407704029201592 1.002692649658014
3 0.018230452589 0.351 -0.4810193748647505 -0.005136401645769497 0.1406172434644694 1.002663053533585
3 0.018230452589 0.352 -0.4806960028189966 -0.005089447071027425 0.1404649625374356 1.002633779778938
3 0.018230452589 0.353 -0.4803756144036419 -0.005042049877152664 0.1403135599801581 1.00260482466972
3 0.018230452589 0.354 -0.4800582378270596 -0.004994203286488054 0.1401630357537292 1.002576184528544
3 0.018230452589 0.355 -0.4797439017222985 -0.004945900596022428 0.1400133899390405 1.002547855724363
3 0.018230452589 0.356 -0.4794326351437201 -0.004897135179241637 0.139864622736961 1.002519834671992
3 0.018230452589 0.357 -0.4791244675660952 -0.004847900488509245 0.1397167344692691 1.002492117831925
3 0.018230452589 0.358 -0.4788194288754599 -0.004798190055892666 0.1395697255772245 1.00246470170927
3 0.018230452589 0.359 -0.4785175493627369 -0.004747997494424395 0.1394235966209086 1.002437582853001
3 0.018230452589 0.36 -0.4782188597186696 -0.004697316499580093 0.1392783482789399 1.00241075785539
3 0.018230452589 0.361 -0.47792339102989 -0.004646140851026597 0.1391339813485531 1.002384223351555
3 0.018230452589 0.362 -0.4776311747772717 -0.004594464414949003 0.1389904967464206 1.002357976019293
3 0.018230452589 0.363 -0.4773422428265563 -0.004542281144679317 0.1388478955071407 1.002332012578086
3 0.018230452589 0.364 -0.477056627421599 -0.004489585081816909 0.1387061787824892 1.002306329788411
3 0.018230452589 0.365 -0.476774361178853 -0.004436370357594908 0.1385653478410401 1.002280924451201
3 0.018230452589 0.366 -0.476495477082899 -0.004382631194541499 0.1384254040681446 1.002255793407437
3 0.018230452589 0.367 -0.4762200084840689 -0.004328361908765976 0.1382863489666349 1.002230933537983
3 0.018230452589 0.368 -0.4759479890889016 -0.004273556910413009 0.1381481841552341 1.002206341762666
3 0.018230452589 0.369 -0.4756794529530544 -0.004218210704660613 0.1380109113677183 1.002182015039635
3 0.018230452589 0.37 -0.4754144344753703 -0.00416231789299056 0.1378745324524439 1.00215795036485
3 0.018230452589 0.371 -0.4751529683928944 -0.004105873174776761 0.137739049372223 1.002134144771711
3 0.018230452589 0.372 -0.4748950897777797 -0.004048871349540727 0.1376044642049055 1.002110595330904
3 0.018230452589 0.373 -0.4746408340276244 -0.003991307317250993 0.137470779141715 1.002087299149542
3 0.018230452589 0.374 -0.4743902368580842 -0.003933176079213952 0.1373379964863237 1.002064253370563
3 0.018230452589 0.375 -0.4741433342965525 -0.003874472739261474 0.1372061186542848 1.002041455172265
3 0.018230452589 0.376 -0.4739001626766837 -0.003815192505277773 0.1370751481728049 1.00201890176795
3 0.018230452589 0.377 -0.4736607586345893 -0.003755330691432871 0.1369450876811988 1.001996590405788
3 0.018230452589 0.378 -0.4734251590991035 -0.003694882718343541 0.1368159399291572 1.001974518368011
3 0.018230452589 0.379 -0.4731934012841286 -0.003633844113869784 0.1366877077757353 1.001952682970358
3 0.018230452589 0.38 -0.4729655226819512 -0.003572210514230515 0.1365603941886935 1.001931081561634
3 0.018230452589 0.381 -0.4727415610572911 -0.003509977665478275 0.1364340022441623 1.001909711523383
3 0.018230452589 0.382 -0.4725215544427943 -0.003447141425717534 0.1363085351269695 1.001888570269763
3 0.018230452589 0.383 -0.4723055411292668 -0.003383697765140745 0.1361839961288424 1.001867655246791
3 0.018230452589 0.384 -0.4720935596577824 -0.003319642766740951 0.1360603886473147 1.001846963931826
3 0.018230452589 0.385 -0.4718856488126558 -0.003254972627364362 0.1359377161849743 1.001826493833158
3 0.018230452589 0.386 -0.4716818476150329 -0.003189683659140399 0.1358159823490229 1.001806242489705
3 0.018230452589 0.387 -0.4714821953176833 -0.003123772291690073 0.1356951908514691 1.001786207470893
3 0.018230452589 0.388 -0.4712867313952417 -0.00305723507204833 0.1355753455072728 1.001766386375956
3 0.018230452589 0.389 -0.4710954955361021 -0.002990068665301248 0.135456450233173 1.001746776833451
3 0.018230452589 0.39 -0.4709085276350669 -0.002922269855582498 0.1353385090468431 1.001727376500874
3 0.018230452589 0.391 -0.4707258677864915 -0.002853835547464541 0.135221526066345 1.001708183064377
3 0.018230452589 0.392 -0.4705475562783796 -0.002784762768160863 0.1351055055101859 1.001689194238661
3 0.018230452589 0.393 -0.4703736335826657 -0.002715048667343662 0.13499045169541 1.001670407766316
3 0.018230452589 0.394 -0.4702041403469188 -0.002644690517712317 0.1348763690363496 1.001651821417373
3 0.018230452589 0.395 -0.4700391173866847 -0.002573685715939124 0.1347632620436903 1.001633432988944
3 0.018230452589 0.396 -0.4698786056781961 -0.002502031784025922 0.1346511353238196 1.001615240304958
3 0.018230452589 0.397 -0.4697226463517725 -0.002429726371502652 0.1345399935787427 1.00159724121606
3 0.018230452589 0.398 -0.469571280682175 -0.002356767255147602 0.1344298416041299 1.001579433598998
3 0.018230452589 0.399 -0.4694245500801416 -0.002283152339492243 0.1343206842879921 1.001561815356201
3 0.018230452589 0.4 -0.469282496084437 -0.002208879657720178 0.1342125266096587 1.001544384415445
3 0.018230452589 0.401 -0.4691451603541393 -0.002133947372992162 0.1341053736390194 1.001527138729605
3 0.018230452589 0.402 -0.4690125846613445 -0.002058353780642179 0.1339992305362982 1.001510076276564
3 0.018230452589 0.403 -0.4688848108816252 -0.001982097307805895 0.1338941025500599 1.001493195058638
3 0.018230452589 0.404 -0.4687618809854149 -0.001905176513865552 0.133789995015816 1.001476493102179
3 0.018230452589 0.405 -0.4686438370297817 -0.001827590091304814 0.1336869133549145 1.00145996845727
3 0.018230452589 0.406 -0.4685307211502993 -0.0017493368670039 0.1335848630736766 1.001443619197486
3 0.018230452589 0.407 -0.4684225755530587 -0.00167041580443327 0.1334838497630249 1.001427443419814
3 0.018230452589 0.408 -0.4683194425052578 -0.001590826003194529 0.1333838790964572 1.001411439244114
3 0.018230452589 0.409 -0.4682213643264538 -0.001510566699407891 0.1332849568285832 1.00139560481275
3 0.018230452589 0.41 -0.468128383380074 -0.001429637266524447 0.13318708879393 1.001379938290299
3 0.018230452589 0.411 -0.4680405420648815 -0.001348037216592041 0.1330902809059732 1.001364437863336
3 0.018230452589 0.412 -0.4679578828062937 -0.001265766202445611 0.1329945391566174 1.001349101740354
3 0.018230452589 0.413 -0.4678804480471307 -0.00118282401716362 0.1328998696141416 1.001333928151259
3 0.018230452589 0.414 -0.4678082802387539 -0.001099210594399515 0.1328062784216723 1.00131891534703
3 0.018230452589 0.415 -0.4677414218323261 -0.001014926009151959 0.1327137717959049 1.001304061599445
3 0.018230452589 0.416 -0.4676799152698828 -0.0009299704790010886 0.1326223560260295 1.001289365200877
3 0.018230452589 0.417 -0.4676238029749578 -0.0008443443662935841 0.132532037473062 1.001274824464222
3 0.018230452589 0.418 -0.4675731273435162 -0.0007580481775166942 0.1324428225677676 1.001260437722431
3 0.018230452589 0.419 -0.4675279307349985 -0.0006710825635742171 0.1323547178090718 1.001246203328183
3 0.018230452589 0.42 -0.4674882554633427 -0.0005834483205143045 0.132267729762701 1.001232119653633
3 0.018230452589 0.421 -0.4674541437876694 -0.0004951463907348954 0.1321818650600032 1.001218185090226
3 0.018230452589 0.422 -0.4674256379022179 -0.0004061778651606506 0.1320971303971271 1.001204398048621
3 0.018230452589 0.423 -0.4674027799274907 -0.0003165439825358548 0.1320135325329292 1.001190756958261
3 0.018230452589 0.424 -0.4673856119012176 -0.0002262461296445561 0.1319310782873278 1.001177260267062
3 0.018230452589 0.425 -0.4673741757691558 -0.0001352858419948332 0.1318497745398627 1.001163906441181
3 0.018230452589 0.426 -0.4673685133753984 -4.366480499135794e-05 0.1317696282284123 1.001150693964838
3 0.018230452589 0.427 -0.4673686664516242 4.86151438994645e-05 0.1316906463482182 1.00113762134025
3 0.018230452589 0.428 -0.4673746766084779 0.0001415520159372037 0.1316128359497831 1.001124687087222
3 0.018230452589 0.429 -0.467386585326474 0.0002351436709440851 0.131536204137169 1.001111889742865
3 0.018230452589 0.43 -0.467404433946588 0.0003293878166661229 0.1314607580664794 1.001099227861371
3 0.018230452589 0.431 -0.4674282636601989 0.0004242820076361675 0.1313865049444733 1.001086700013849
3 0.018230452589 0.432 -0.4674581154976569 0.0005198236430250142 0.1313134520274334 1.001074304788266
3 0.018230452589 0.433 -0.4674940303199259 0.0006160099675097639 0.1312416066190599 1.001062040789062
3 0.018230452589 0.434 -0.467536048809445 0.0007128380711689348 0.1311709760687172 1.001049906636884
3 0.018230452589 0.435 -0.467584211460524 0.0008103048888914534 0.1311015677698408 1.001037900968378
3 0.018230452589 0.436 -0.4676385585689341 0.0009084071992786987 0.1310333891584478 1.001026022436038
3 0.018230452589 0.437 -0.4676991302197979 0.001007141622517043 0.1309664477118478 1.001014269708145
3 0.018230452589 0.438 -0.4677659662795203 0.001106504621327374 0.1309007509465384 1.001002641468413
3 0.018230452589 0.439 -0.4678391063866257 0.001206492500920765 0.1308363064164044 1.000991136415733
3 0.018230452589 0.44 -0.467918589941975 0.001307101408458314 0.1307731217110499 1.000979753263986
3 0.018230452589 0.441 -0.4680044560980152 0.001408327331996157 0.1307112044542078 1.000968490741896
3 0.018230452589 0.442 -0.4680967437460016 0.001510166098385303 0.1306505623022909 1.000957347592975
3 0.018230452589 0.443 -0.4681954915082412 0.001612613374303191 0.1305912029422964 1.000946322575191
3 0.018230452589 0.444 -0.4683007377289263 0.001715664666272479 0.1305331340899586 1.000935414460731
3 0.018230452589 0.445 -0.4684125204641886 0.00181931532017521 0.1304763634880114 1.000924622035822
3 0.018230452589 0.446 -0.4685308774710233 0.001923560520245267 0.1304208989044952 1.000913944100595
3 0.018230452589 0.447 -0.4686558461938517 0.002028395287002005 0.130366748131149 1.000903379469037
3 0.018230452589 0.448 -0.4687874637571043 0.002133814478365 0.130313918981328 1.000892926968673
3 0.018230452589 0.449 -0.4689257669560702 0.002239812789738891 0.1302624192881156 1.00088258544035
3 0.018230452589 0.45 -0.4690707922468076 0.002346384753585731 0.1302122569025159 1.00087235373807
3 0.018230452589 0.451 -0.4692225757347564 0.002453524738469855 0.1301634396916619 1.000862230728858
3 0.018230452589 0.452 -0.4693811531606545 0.002561226947032395 0.1301159755370458 1.000852215292718
3 0.018230452589 0.453 -0.4695465598934859 0.002669485417190575 0.1300698723324564 1.000842306322342
3 0.018230452589 0.454 -0.4697188309213687 0.002778294022291829 0.1300251379820539 1.000832502722898
3 0.018230452589 0.455 -0.4698980008413393 0.002887646470748579 0.1299817803984948 1.00082280341188
3 0.018230452589 0.456 -0.4700841038476722 0.002997536305140877 0.1299398075010433 1.000813207318984
3 0.018230452589 0.457 -0.4702771737171639 0.003107956900239461 0.1298992272136384 1.000803713386064
3 0.018230452589 0.458 -0.4704772438024729 0.003218901464291061 0.1298600474628578 1.00079432056686
3 0.018230452589 0.459 -0.4706843470230679 0.003330363039245285 0.1298222761759586 1.000785027826806
3 0.018230452589 0.46 -0.4708985158549078 0.00344233450045634 0.1297859212789382 1.00077583414288
3 0.018230452589 0.461 -0.4711197823184871 0.003554808555849199 0.1297509906945493 1.000766738503491
3 0.018230452589 0.462 -0.471348177963503 0.003667777743999364 0.1297174923402043 1.000757739908445
3 0.018230452589 0.463 -0.4715837338626161 0.003781234435505721 0.129685434125972 1.000748837368681
3 0.018230452589 0.464 -0.4718264806024829 0.003895170833293862 0.1296548239525871 1.000740029906094
3 0.018230452589 0.465 -0.472076448273351 0.004009578972389534 0.1296256697094512 1.000731316553396
3 0.018230452589 0.466 -0.4723336664568538 0.004124450719154397 0.1295979792725519 1.000722696354013
3 0.018230452589 0.467 -0.4725981642100782 0.00423977776943116 0.1295717605022063 1.000714168362046
3 0.018230452589 0.468 -0.4728699700597758 0.004355551650005519 0.1295470212410944 1.00070573164203
3 0.018230452589 0.469 -0.4731491119935019 0.004471763718989712 0.1295237693122436 1.000697385268764
3 0.018230452589 0.47 -0.4734356174491527 0.004588405165672706 0.1295020125169714 1.000689128327187
3 0.018230452589 0.471 -0.4737295133025285 0.004705467009831901 0.1294817586327118 1.000680959912275
3 0.018230452589 0.472 -0.4740308258508282 0.004822940099952752 0.1294630154105972 1.000672879129006
3 0.018230452589 0.473 -0.4743395808073353 0.004940815114781266 0.1294457905735357 1.000664885092138
3 0.018230452589 0.474 -0.4746558032926927 0.005059082563791695 0.1294300918141748 1.00065697692605
3 0.018230452589 0.475 -0.474979517824405 0.005177732787118629 0.1294159267927878 1.000649153764619
3 0.018230452589 0.476 -0.4753107483041962 0.005296755954951261 0.1294033031350123 1.000641414751129
3 0.018230452589 0.477 -0.4756495180009552 0.005416142065837023 0.1293922284292688 1.000633759038241
3 0.018230452589 0.478 -0.4759958495459271 0.00553588094832601 0.12938271022489 1.000626185787779
3 0.018230452589 0.479 -0.476349764924149 0.005655962261526776 0.1293747560300671 1.000618694170584
3 0.018230452589 0.48 -0.476711285463945 0.005776375495125633 0.1293683733096849 1.0006112833664
3 0.018230452589 0.481 -0.4770804318241067 0.005897109968870312 0.1293635694829724 1.00060395256379
3 0.018230452589 0.482 -0.4774572239763161 0.006018154830967511 0.1293603519207626 1.000596700960101
3 0.018230452589 0.483 -0.4778416812008716 0.006139499059820466 0.1293587279436786 1.000589527761274
3 0.018230452589 0.484 -0.4782338220783151 0.006261131464676855 0.1293587048200668 1.000582432181699
3 0.018230452589 0.485 -0.4786336644789458 0.006383040685740676 0.1293602897637849 1.000575413444111
3 0.018230452589 0.486 -0.4790412255498544 0.006505215193752282 0.1293634899317689 1.000568470779515
3 0.018230452589 0.487 -0.479456521696854 0.006627643288490165 0.129368312421134 1.00056160342715
3 0.018230452589 0.488 -0.4798795685807715 0.006750313100602686 0.1293747642674249 1.000554810634308
3 0.018230452589 0.489 -0.4803103811092934 0.006873212592352011 0.1293828524425408 1.000548091656208
3 0.018230452589 0.49 -0.480748973426532 0.006996329557824048 0.1293925838524809 1.000541445755888
3 0.018230452589 0.491 -0.4811953588999414 0.007119651622612006 0.1294039653348299 1.000534872204141
3 0.018230452589 0.492 -0.4816495501017935 0.007243166242432993 0.1294170036557038 1.000528370279483
3 0.018230452589 0.493 -0.4821115588060629 0.0073668607050547 0.1294317055080699 1.000521939267978
3 0.018230452589 0.494 -0.4825813959805247 0.007490722131139276 0.1294480775096697 1.000515578463123
3 0.018230452589 0.495 -0.4830590717764023 0.007614737474556786 0.1294661262007252 1.000509287165752
3 0.018230452589 0.496 -0.4835445955152007 0.007738893522179574 0.1294858580413481 1.000503064683966
3 0.018230452589 0.497 -0.4840379756697657 0.007863176892624531 0.1295072794083321 1.000496910333111
3 0.018230452589 0.498 -0.4845392198617917 0.007987574038275267 0.1295303965935503 1.000490823435614
3 0.018230452589 0.499 -0.4850483348542037 0.008112071246229728 0.1295552158018805 1.000484803320872
3 0.018230452589 0.5 -0.4855653265409208 0.008236654638722644 0.1295817431488781 1.000478849325163
3 0.018230452589 0.501 -0.4860901999336437 0.008361310173038018 0.1296099846581124 1.000472960791586
3 0.018230452589 0.502 -0.4866229591425357 0.00848602364038821 0.1296399462578089 1.000467137070032
3 0.018230452589 0.503 -0.4871636073743878 0.008610780668031809 0.1296716337793316 1.000461377517038
3 0.018230452589 0.504 -0.4877121469253147 0.00873556672032866 0.1297050529551162 1.000455681495679
3 0.018230452589 0.505 -0.4882685791706716 0.008860367099276737 0.1297402094163135 1.000450048375489
3 0.018230452589 0.506 -0.4888329045518323 0.008985166944550137 0.129777108690059 1.000444477532398
3 0.018230452589 0.507 -0.4894051225565403 0.009109951232526298 0.1298157561959693 1.000438968348715
3 0.018230452589 0.508 -0.4899852317177575 0.009234704778499496 0.1298561572447146 1.000433520212983
3 0.018230452589 0.509 -0.490573229606712 0.009359412237846743 0.1298983170359672 1.000428132519882
3 0.018230452589 0.51 -0.4911691128230031 0.009484058106684493 0.1299422406560208 1.000422804670156
3 0.018230452589 0.511 -0.4917728769814124 0.009608626722039463 0.1299879330749979 1.000417536070552
3 0.018230452589 0.512 -0.4923845166919728 0.00973310226103556 0.130035399143205 1.000412326133804
3 0.018230452589 0.513 -0.4930040255595305 0.00985746874320245 0.1300846435898032 1.000407174278504
3 0.018230452589 0.514 -0.4936313961771816 0.009981710031755743 0.1301356710207771 1.000402079929002
3 0.018230452589 0.515 -0.4942666201166029 0.01010580983437866 0.130188485916537 1.000397042515344
3 0.018230452589 0.516 -0.4949096879149398 0.01022975170353314 0.1302430926290685 1.000392061473214
3 0.018230452589 0.517 -0.495560589054644 0.01035351903581803 0.130299495378153 1.000387136243921
3 0.018230452589 0.518 -0.4962193119637822 0.01047709507437195 0.1303576982501426 1.000382266274273
3 0.018230452589 0.519 -0.4968858440098939 0.01060046291027073 0.1304177051959567 1.00037745101649
3 0.018230452589 0.52 -0.4975601714905915 0.01072360548343928 0.1304795200286723 1.000372689928144
3 0.018230452589 0.521 -0.4982422796205686 0.01084650558311013 0.1305431464206235 1.000367982472103
3 0.018230452589 0.522 -0.4989321525112644 0.01096914584736476 0.1306085878994913 1.000363328116524
3 0.018230452589 0.523 -0.4996297731719458 0.01109150876562932 0.1306758478471922 1.000358726334729
3 0.018230452589 0.524 -0.5003351235040271 0.01121357668019228 0.1307449294979074 1.000354176605132
3 0.018230452589 0.525 -0.5010481842919793 0.01133533178725133 0.1308158359356691 1.000349678411174
3 0.018230452589 0.526 -0.5017689351905071 0.01145675613752661 0.1308885700914156 1.000345231241279
3 0.018230452589 0.527 -0.5024973547040997 0.01157783163599689 0.1309631347389581 1.000340834588841
3 0.018230452589 0.528 -0.5032334201889164 0.01169854004448647 0.1310395324939892 1.000336487952117
3 0.018230452589 0.529 -0.5039771078476046 0.01181886298330552 0.1311177658121533 1.00033219083415
3 0.018230452589 0.53 -0.5047283927205631 0.01193878193243677 0.1311978369866339 1.000327942742713
3 0.018230452589 0.531 -0.5054872486733389 0.01205827823231042 0.1312797481451734 1.000323743190269
3 0.018230452589 0.532 -0.5062536483761253 0.01217733308374704 0.1313635012459231 1.000319591693957
3 0.018230452589 0.533 -0.5070275633064809 0.01229592755063331 0.1314490980765795 1.000315487775493
3 0.018230452589 0.534 -0.5078089637446855 0.01241404256168739 0.1315365402525028 1.000311430961099
3 0.018230452589 0.535 -0.5085978187654021 0.01253165891178974 0.1316258292143142 1.000307420781452
3 0.018230452589 0.536 -0.509394096225344 0.01264875726292671 0.1317169662248851 1.000303456771642
3 0.018230452589 0.537 -0.5101977627427904 0.01276531814435173 0.1318099523650814 1.000299538471168
3 0.018230452589 0.538 -0.5110087837011636 0.01288132195534732 0.1319047885330339 1.000295665423838
3 0.018230452589 0.539 -0.511827123244966 0.01299674896711724 0.1320014754423124 1.000291837177704
3 0.018230452589 0.54 -0.5126527442718822 0.0131115793242657 0.1321000136195402 1.000288053285019
3 0.018230452589 0.541 -0.513485608420776 0.01322579304591619 0.1322004034013631 1.000284313302196
3 0.018230452589 0.542 -0.51432567605129 0.01333937002610271 0.1323026449300947 1.000280616789802
3 0.018230452589 0.543 -0.5151729062483122 0.01345229003661464 0.1324067381531291 1.000276963312468
3 0.018230452589 0.544 -0.5160272568185288 0.01356453272901729 0.1325126828211795 1.000273352438831
3 0.018230452589 0.545 -0.5168886842830204 0.01367607763628329 0.1326204784859168 1.000269783741487
3 0.018230452589 0.546 -0.5177571438656395 0.01378690417409305 0.1327301244969275 1.000266256796958
3 0.018230452589 0.547 -0.5186325894727737 0.01389699164146746 0.1328416199972701 1.000262771185689
3 0.018230452589 0.548 -0.5195149736987218 0.01400631922369198 0.1329549639230377 1.000259326491957
3 0.018230452589 0.549 -0.5204042478229089 0.01411486599446639 0.1330701550016687 1.000255922303825
3 0.018230452589 0.55 -0.5213003618030213 0.01422261091769213 0.133187191749619 1.000252558213093
3 0.018230452589 0.551 -0.5222032642638252 0.01432953284896026 0.1333060724693166 1.00024923381527
3 0.018230452589 0.552 -0.5231129024771692 0.01443561053643704 0.1334267952446414 1.000245948709571
3 0.018230452589 0.553 -0.5240292223682986 0.01454082262386271 0.1335493579406447 1.000242702498835
3 0.018230452589 0.554 -0.5249521685137684 0.01464514765283126 0.1336737582019392 1.000239494789477
3 0.018230452589 0.555 -0.52588168413517 0.01474856406473658 0.1337999934504156 1.000236325191446
3 0.018230452589 0.556 -0.5268177110884512 0.01485105020245389 0.1339280608822028 1.000233193318202
3 0.018230452589 0.5570000000000001 -0.5277601898442396 0.01495258431148902 0.1340579574630825 1.000230098786707
3 0.018230452589 0.5580000000000001 -0.5287090594951154 0.01505314454304695 0.134189679928373 1.000227041217354
3 0.018230452589 0.5590000000000001 -0.5296642577542674 0.01515270895644176 0.1343232247814085 1.000224020233921
3 0.018230452589 0.5600000000000001 -0.530625720949861 0.01525125552120435 0.1344585882913072 1.000221035463532
3 0.018230452589 0.5610000000000001 -0.5315933840149187 0.01534876211896243 0.1345957664899491 1.000218086536637
3 0.018230452589 0.5620000000000001 -0.5325671804680521 0.01544520654486437 0.1347347551673375 1.000215173087001
3 0.018230452589 0.5630000000000001 -0.5335470424217154 0.01554056651071188 0.1348755498716542 1.000212294751644
3 0.018230452589 0.5640000000000001 -0.5345329005816429 0.01563481964749973 0.1350181459078369 1.000209451170791
3 0.018230452589 0.5650000000000001 -0.5355246842419101 0.0157279435076872 0.1351625383354087 1.000206641987842
3 0.018230452589 0.5660000000000001 -0.5365223212754409 0.01581991556728165 0.1353087219654849 1.000203866849348
3 0.018230452589 0.5670000000000001 -0.537525738115234 0.01591071322754707 0.1354566913560935 1.00020112540501
3 0.018230452589 0.5680000000000001 -0.5385348597636166 0.01600031381819475 0.1356064408124101 1.000198417307614
3 0.018230452589 0.5690000000000001 -0.5395496097925063 0.01608869460005186 0.135757964385442 1.000195742212991
3 0.018230452589 0.5700000000000001 -0.5405699103392149 0.01617583276749834 0.1359112558699297 1.000193099779984
3 0.018230452589 0.5710000000000001 -0.5415956820976487 0.01626170545075839 0.1360663088013928 1.000190489670433
3 0.018230452589 0.5720000000000001 -0.542626844300121 0.01634628971790357 0.1362231164514253 1.000187911549167
3 0.018230452589 0.5730000000000001 -0.543663314727623 0.01642956257809455 0.1363816718281166 1.000185365083951
3 0.018230452589 0.5740000000000001 -0.5447050097109499 0.01651150098437718 0.1365419676748512 1.000182849945442
3 0.018230452589 0.5750000000000001 -0.5457518441273015 0.01659208183628588 0.1367039964682929 1.000180365807165
3 0.018230452589 0.5760000000000001 -0.5468037313922407 0.01667128198234689 0.1368677504154821 1.000177912345492
3 0.018230452589 0.577 -0.5478605834421868 0.0167490782223852 0.1370332214491204 1.000175489239644
3 0.018230452589 0.578 -0.5489223107457197 0.01682544731081003 0.1372004012281849 1.000173096171633
3 0.018230452589 0.579 -0.5499888223056087 0.01690036595953606 0.1373692811368528 1.000170732826229
3 0.018230452589 0.58 -0.5510600256562634 0.01697381084075407 0.1375398522825793 1.000168398890932
3 0.018230452589 0.581 -0.5521358268565181 0.01704575858964911 0.1377121054932584 1.000166094055956
3 0.018230452589 0.582 -0.5532161304729033 0.01711618580702005 0.137886031312513 1.000163818014231
3 0.018230452589 0.583 -0.5543008395919947 0.01718506906260045 0.1380616200005088 1.000161570461348
3 0.018230452589 0.584 -0.5553898558233854 0.01725238489810242 0.1382388615330139 1.000159351095528
3 0.018230452589 0.585 -0.5564830792980395 0.01731810983015437 0.1384177455995809 1.0001571596176
3 0.018230452589 0.586 -0.5575804086619703 0.01738222035323673 0.1385982616007846 1.000154995730982
3 0.018230452589 0.587 -0.5586817410603906 0.01744469294262211 0.138780398643534 1.000152859141684
3 0.018230452589 0.588 -0.5597869721511161 0.01750550405772278 0.1389641455420923 1.000150749558262
3 0.018230452589 0.589 -0.5608959961085193 0.01756463014525377 0.1391494908172817 1.000148666691782
3 0.018230452589 0.59 -0.5620087056228391 0.017622047642337 0.1393364226947801 1.000146610255803
3 0.018230452589 0.591 -0.5631249918948205 0.01767773297965654 0.1395249291024495 1.000144579966361
3 0.018230452589 0.592 -0.5642447446208481 0.01773166258472653 0.1397149976656879 1.000142575541972
3 0.018230452589 0.593 -0.5653678520074092 0.01778381288525594 0.1399066157086611 1.000140596703584
3 0.018230452589 0.594 -0.5664942007760682 0.01783416031242677 0.1400997702536624 1.000138643174555
3 0.018230452589 0.595 -0.5676236761637822 0.01788268130416316 0.1402944480195358 1.000136714680622
3 0.018230452589 0.596 -0.5687561619185744 0.01792935230850732 0.1404906354191087 1.000134810949902
3 0.018230452589 0.597 -0.5698915402857533 0.01797414978722182 0.1406883185546018 1.000132931712882
3 0.018230452589 0.598 -0.5710296920234417 0.01801705021916143 0.1408874832190795 1.000131076702385
3 0.018230452589 0.599 -0.572170496408605 0.01805803010366151 0.1410881148959731 1.00012924565354
3 0.018230452589 0.6 -0.5733138312384255 0.01809706596397017 0.1412901987576429 1.000127438303765
3 0.018230452589 0.601 -0.5744595728270806 0.01813413435084518 0.1414937196629296 1.000125654392752
3 0.018230452589 0.602 -0.5756075959931521 0.01816921184649627 0.1416986621526409 1.000123893662477
3 0.018230452589 0.603 -0.5767577740762236 0.01820227506795306 0.1419050104512263 1.000122155857154
3 0.018230452589 0.604 -0.5779099789439945 0.01823330067055847 0.1421127484664735 1.00012044072321
3 0.018230452589 0.605 -0.5790640809947681 0.01826226535156071 0.1423218597882213 1.000118748009276
3 0.018230452589 0.606 -0.5802199491553989 0.01828914585393092 0.1425323276860443 1.000117077466166
3 0.018230452589 0.607 -0.581377450870005 0.01831391897065008 0.1427441351048362 1.000115428846887
3 0.018230452589 0.608 -0.5825364521176284 0.01833656154806166 0.1429572646667139 1.000113801906602
3 0.018230452589 0.609 -0.5836968174204687 0.01835705048946354 0.1431716986708973 1.000112196402604
3 0.018230452589 0.61 -0.5848584098475319 0.01837536275885643 0.1433874190925847 1.000110612094301
3 0.018230452589 0.611 -0.5860210910138203 0.01839147538498078 0.143604407580785 1.000109048743206
3 0.018230452589 0.612 -0.5871847210704554 0.01840536546595207 0.1438226454540205 1.000107506112945
3 0.018230452589 0.613 -0.5883491587233936 0.01841701017258578 0.1440421137024628 1.000105983969216
3 0.018230452589 0.614 -0.5895142612428116 0.01842638675208119 0.1442627929880061 1.000104482079773
3 0.018230452589 0.615 -0.5906798844679635 0.01843347253192133 0.144484663643318 1.000103000214405
3 0.018230452589 0.616 -0.5918458828076832 0.01843824492412727 0.1447077056698343 1.000101538144933
3 0.018230452589 0.617 -0.5930121092320271 0.01844068143024414 0.1449318987336015 1.000100095645212
3 0.018230452589 0.618 -0.5941784152920355 0.0184407596446258 0.1451572221676503 1.0000986724911
3 0.018230452589 0.619 -0.5953446511302971 0.01843845725820249 0.145383654972271 1.000097268460432
3 0.018230452589 0.62 -0.5965106654870624 0.01843375206252727 0.1456111758142513 1.000095883333012
3 0.018230452589 0.621 -0.5976763057021245 0.01842662195424427 0.1458397630250505 1.000094516890603
3 0.018230452589 0.622 -0.5988414177080954 0.01841704494042698 0.1460693945968029 1.000093168916932
3 0.018230452589 0.623 -0.6000058460511976 0.01840499914180913 0.1463000481849327 1.000091839197661
3 0.018230452589 0.624 -0.6011694339030312 0.0183904627966277 0.1465317011086405 1.00009052752036
3 0.018230452589 0.625 -0.6023320230679912 0.01837341426480951 0.1467643303503411 1.000089233674502
3 0.018230452589 0.626 -0.6034934539865925 0.01835383203264941 0.1469979125540313 1.000087957451454
3 0.018230452589 0.627 -0.6046535657304916 0.01833169471850096 0.1472324240214788 1.00008669864448
3 0.018230452589 0.628 -0.6058121960242884 0.01830698107593948 0.1474678407150796 1.000085457048714
3 0.018230452589 0.629 -0.6069691812585208 0.01827966999767106 0.1477041382585659 1.000084232461137
3 0.018230452589 0.63 -0.608124356498425 0.01824974051985217 0.147941291936655 1.000083024680569
3 0.018230452589 0.631 -0.6092775554887745 0.01821717182697271 0.148179276693628 1.000081833507663
3 0.018230452589 0.632 -0.6104286106507554 0.01818194325789787 0.1484180671297258 1.000080658744906
3 0.018230452589 0.633 -0.6115773531047568 0.0181440343089488 0.1486576375042524 1.000079500196595
3 0.018230452589 0.634 -0.6127236126846101 0.01810342463786738 0.1488979617365122 1.000078357668815
3 0.018230452589 0.635 -0.613867217947735 0.01806009406826094 0.1491390134056826 1.000077230969432
3 0.018230452589 0.636 -0.6150079961815557 0.0180140225946839 0.1493807657496191 1.000076119908083
3 0.018230452589 0.637 -0.61614577340234 0.01796519038902834 0.1496231916614825 1.000075024296185
3 0.018230452589 0.638 -0.6172803743789503 0.01791357780350706 0.1498662636930894 1.000073943946905
3 0.018230452589 0.639 -0.6184116226483437 0.01785916537466332 0.1501099540560871 1.000072878675143
3 0.018230452589 0.64 -0.619539340527142 0.01780193382793158 0.1503542346220622 1.000071828297523
3 0.018230452589 0.641 -0.620663349119685 0.01774186408291047 0.1505990769215874 1.000070792632387
3 0.018230452589 0.642 -0.6217834683189463 0.01767893726009822 0.1508444521411052 1.0000697714998
3 0.018230452589 0.643 -0.6228995168312086 0.01761313468376244 0.1510903311265252 1.000068764721521
3 0.018230452589 0.644 -0.6240113121928383 0.01754443788598299 0.1513366843846448 1.000067772120991
3 0.018230452589 0.645 -0.6251186707833152 0.01747282861131894 0.1515834820835059 1.000066793523322
3 0.018230452589 0.646 -0.6262214078349808 0.01739828882226449 0.151830694051699 1.000065828755288
3 0.018230452589 0.647 -0.6273193374361393 0.01732080070632387 0.1520782897755282 1.000064877645335
3 0.018230452589 0.648 -0.6284122725566207 0.01724034667875165 0.1523262384028545 1.000063940023552
3 0.018230452589 0.649 -0.6295000250658357 0.01715690938661624 0.1525745087447707 1.000063015721659
3 0.018230452589 0.65 -0.6305824057472975 0.01707047171356227 0.1528230692762164 1.000062104572991
3 0.018230452589 0.651 -0.6316592243101244 0.01698101678543991 0.1530718881355571 1.000061206412499
3 0.018230452589 0.652 -0.6327302893944291 0.01688852797771238 0.1533209331220529 1.000060321076755
3 0.018230452589 0.653 -0.6337954085977257 0.01679298891805014 0.1535701716999491 1.000059448403922
3 0.018230452589 0.654 -0.634854388494272 0.01669438349040182 0.1538195710004104 1.000058588233742
3 0.018230452589 0.655 -0.6359070346511118 0.01659269583984012 0.1540690978224066 1.000057740407531
3 0.018230452589 0.656 -0.6369531516413803 0.016487910378354 0.154318718632581 1.000056904768163
3 0.018230452589 0.657 -0.6379925430520913 0.01638001179258027 0.1545683995630499 1.000056081160087
3 0.018230452589 0.658 -0.6390250115061079 0.0162689850478809 0.1548181064138689 1.000055269429304
3 0.018230452589 0.659 -0.6400503587069835 0.01615481538485616 0.1550678046638437 1.000054469423315
3 0.018230452589 0.66 -0.6410683854140721 0.01603748833736392 0.1553174594566644 1.000053680991182
3 0.018230452589 0.661 -0.6420788914881692 0.01591698972933084 0.1555670356117336 1.00005290398347
3 0.018230452589 0.662 -0.6430816759005873 0.01579330568279675 0.155816497622076 1.000052138252259
3 0.018230452589 0.663 -0.6440765367562553 0.01566642262159058 0.1560658096572329 1.000051383651124
3 0.018230452589 0.664 -0.6450632713104916 0.01553632727726379 0.1563149355637683 1.000050640035131
3 0.018230452589 0.665 -0.646041675988695 0.01540300669420539 0.1565638388667678 1.000049907260828
3 0.018230452589 0.666 -0.6470115464085396 0.01526644823382965 0.1568124827722995 1.000049185186228
3 0.018230452589 0.667 -0.6479726773965175 0.01512663958119484 0.1570608301675395 1.000048473670814
3 0.018230452589 0.668 -0.648924863012191 0.01498356874860973 0.1573088436239349 1.000047772575513
3 0.018230452589 0.669 -0.6498678965668609 0.01483722408168637 0.1575564853980376 1.000047081762703
3 0.018230452589 0.67 -0.6508015706448824 0.01468759426449902 0.1578037174333132 1.000046401096192
3 0.018230452589 0.671 -0.6517256771271798 0.01453466832373936 0.158050501362886 1.000045730441212
3 0.018230452589 0.672 -0.6526400072099069 0.01437843563549282 0.1582967985100186 1.000045069664414
3 0.018230452589 0.673 -0.6535443514298268 0.01421888592875921 0.1585425698915464 1.000044418633853
3 0.018230452589 0.674 -0.6544384996849117 0.01405600929160983 0.1587877762190527 1.000043777218981
3 0.018230452589 0.675 -0.6553222412572948 0.01388979617637429 0.1590323779009969 1.000043145290642
3 0.018230452589 0.676 -0.6561953648380906 0.0137202374037468 0.1592763350457482 1.000042522721055
3 0.018230452589 0.677 -0.6570576585482224 0.01354732416970464 0.159519607462436 1.000041909383813
3 0.018230452589 0.678 -0.6579089099648999 0.01337104804892572 0.159762154664657 1.000041305153868
3 0.018230452589 0.679 -0.6587489061441785 0.01319140100103384 0.1600039358720056 1.000040709907525
3 0.018230452589 0.68 -0.6595774336455555 0.01300837537579668 0.1602449100125286 1.000040123522433
3 0.018230452589 0.681 -0.6603942785580782 0.01282196391716594 0.1604850357260532 1.000039545877571
3 0.018230452589 0.6820000000000001 -0.6611992265233796 0.012632159770321 0.1607242713654227 1.00003897685325
3 0.018230452589 0.6830000000000001 -0.6619920627632175 0.01243895648496608 0.1609625750004777 1.000038416331091
3 0.018230452589 0.6840000000000001 -0.6627725721040217 0.01224234802164614 0.1611999044199531 1.000037864194026
3 0.018230452589 0.6850000000000001 -0.663540539003132 0.01204232875693825 0.161436217134269 1.000037320326284
3 0.018230452589 0.6860000000000001 -0.6642957475761722 0.01183889348740798 0.161671470379154 1.000036784613381
3 0.018230452589 0.6870000000000001 -0.66503798162233 0.01163203743676002 0.1619056211172831 1.000036256942118
3 0.018230452589 0.6880000000000001 -0.6657670246529177 0.01142175625899682 0.1621386260425306 1.000035737200563
3 0.018230452589 0.6890000000000001 -0.6664826599179245 0.01120804604478675 0.1623704415822479 1.000035225278047
3 0.018230452589 0.6900000000000001 -0.6671846704338945 0.01099090332663032 0.1626010239003952 1.000034721065158
3 0.018230452589 0.6910000000000001 -0.6678728390125342 0.0107703250827142 0.162830328901464 1.000034224453723
3 0.018230452589 0.6920000000000001 -0.6685469482882693 0.01054630874414958 0.1630583122325299 1.000033735336809
3 0.018230452589 0.6930000000000001 -0.6692067807477791 0.01031885219797374 0.1632849292877775 1.000033253608707
3 0.018230452589 0.6940000000000001 -0.669852118758569 0.01008795379355098 0.1635101352111681 1.000032779164926
3 0.018230452589 0.6950000000000001 -0.6704827445984753 0.009853612347694029 0.1637338848999199 1.000032311902184
3 0.018230452589 0.6960000000000001 -0.6710984404854726 0.009615827148397055 0.1639561330087289 1.000031851718397
3 0.018230452589 0.6970000000000001 -0.6716989886075312 0.009374597962140777 0.1641768339522516 1.000031398512676
3 0.018230452589 0.6980000000000001 -0.6722841711530726 0.009129925036718367 0.1643959419098987 1.000030952185309
3 0.018230452589 0.6990000000000001 -0.67285377034157 0.008881809107648294 0.1646134108289023 1.00003051263776
3 0.018230452589 0.7000000000000001 -0.6734075684546611 0.008630251403230848 0.1648291944281502 1.000030079772655
3 0.018230452589 0.7010000000000001 -0.6739453478671157 0.008375253648140521 0.1650432462027048 1.000029653493775
3 0.018230452589 0.7020000000000001 -0.6744668910790104 0.008116818070776055 0.1652555194267283 1.000029233706049
3 0.018230452589 0.7030000000000001 -0.6749719807470472 0.007854947405891427 0.1654659671585405 1.000028820315543
3 0.018230452589 0.704 -0.6754603997171813 0.007589644900999023 0.165674542244096 1.000028413229448
3 0.018230452589 0.705 -0.6759319310573196 0.007320914321340046 0.1658811973211752 1.000028012356079
3 0.018230452589 0.706 -0.6763863580894002 0.007048759953316614 0.1660858848242004 1.000027617604856
3 0.018230452589 0.707 -0.6768234644238934 0.006773186611863369 0.1662885569876141 1.000027228886306
3 0.018230452589 0.708 -0.6772430339919223 0.006494199642864262 0.1664891658511976 1.000026846112045
3 0.018230452589 0.709 -0.6776448510799078 0.0062118049295232 0.166687663263964 1.000026469194773
3 0.018230452589 0.71 -0.6780287003638238 0.005926008897226854 0.1668840008887098 1.000026098048266
3 0.018230452589 0.711 -0.6783943669423339 0.00563681851679584 0.1670781302071244 1.000025732587364
3 0.018230452589 0.712 -0.6787416363736242 0.005344241311853693 0.1672700025236339 1.000025372727967
3 0.018230452589 0.713 -0.6790702947082504 0.005048285361009848 0.167459568970971 1.00002501838702
3 0.018230452589 0.714 -0.6793801285257904 0.004748959304174087 0.1676467805144932 1.000024669482509
3 0.018230452589 0.715 -0.6796709249706167 0.004446272347289172 0.1678315879570943 1.000024325933449
3 0.018230452589 0.716 -0.6799424717860297 0.004140234265380691 0.1680139419446048 1.000023987659877
3 0.018230452589 0.717 -0.6801945573534182 0.003830855409897675 0.1681937929701086 1.000023654582844
3 0.018230452589 0.718 -0.6804269707257548 0.003518146710642175 0.1683710913797579 1.000023326624403
3 0.018230452589 0.719 -0.680639501666236 0.00320211968200281 0.1685457873775207 1.000023003707602
3 0.018230452589 0.72 -0.6808319406855261 0.00288278642753422 0.1687178310304531 1.000022685756475
3 0.018230452589 0.721 -0.6810040790768206 0.002560159642784649 0.1688871722743838 1.000022372696035
3 0.018230452589 0.722 -0.6811557089573193 0.002234252622581516 0.1690537609187126 1.000022064452261
3 0.018230452589 0.723 -0.6812866233022911 0.001905079262687895 0.1692175466524603 1.000021760952095
3 0.018230452589 0.724 -0.6813966159856673 0.001572654065929595 0.1693784790494494 1.000021462123425
3 0.018230452589 0.725 -0.6814854818187066 0.001236992146597835 0.1695365075739352 1.000021167895085
3 0.018230452589 0.726 -0.6815530165859158 0.0008981092330334826 0.1696915815865686 1.000020878196842
3 0.018230452589 0.727 -0.6815990170888139 0.0005560216748297725 0.1698436503496811 1.000020592959386
3 0.018230452589 0.728 -0.6816232811804745 0.0002107464441960479 0.1699926630335596 1.000020312114325
3 0.018230452589 0.729 -0.6816256078080368 -0.0001376988580480412 0.1701385687220624 1.000020035594171
3 0.018230452589 0.73 -0.6816057970527317 -0.0004892959982707083 0.1702813164186062 1.000019763332338
3 0.018230452589 0.731 -0.6815636501665786 -0.000844026107708385 0.1704208550523976 1.000019495263128
3 0.018230452589 0.732 -0.6814989696184094 -0.001201869675374656 0.1705571334842103 1.000019231321725
3 0.018230452589 0.733 -0.6814115591287949 -0.001562806547008797 0.1706901005128718 1.000018971444184
3 0.018230452589 0.734 -0.6813012237144249 -0.001926815919241637 0.1708197048813147 1.000018715567427
3 0.018230452589 0.735 -0.6811677697294303 -0.002293876335619082 0.1709458952829158 1.000018463629229
3 0.018230452589 0.736 -0.6810110049027658 -0.002663965684568345 0.1710686203679852 1.000018215568211
3 0.018230452589 0.737 -0.6808307383864579 -0.003037061192448314 0.1711878287500389 1.000017971323836
3 0.018230452589 0.738 -0.6806267807908093 -0.003413139422829708 0.1713034690124827 1.000017730836393
3 0.018230452589 0.739 -0.680398944230597 -0.003792176270848891 0.1714154897150989 1.000017494046994
3 0.018230452589 0.74 -0.680147042367611 -0.004174146959481591 0.1715238394007283 1.000017260897564
3 0.018230452589 0.741 -0.679870890448634 -0.004559026037816287 0.171628466602008 1.000017031330833
3 0.018230452589 0.742 -0.6795703053558595 -0.004946787374276669 0.1717293198481376 1.000016805290325
3 0.018230452589 0.743 -0.6792451056422689 -0.005337404156252465 0.1718263476717461 1.000016582720353
3 0.018230452589 0.744 -0.6788951115795823 -0.005730848884669751 0.1719194986158096 1.000016363566009
3 0.018230452589 0.745 -0.6785201452019322 -0.006127093370539966 0.1720087212406693 1.000016147773158
3 0.018230452589 0.746 -0.6781200303443377 -0.006526108733561628 0.1720939641310021 1.000015935288424
3 0.018230452589 0.747 -0.6776945926952348 -0.006927865395546361 0.1721751759030809 1.000015726059188
3 0.018230452589 0.748 -0.6772436598319129 -0.007332333080419104 0.1722523052118062 1.000015520033577
3 0.018230452589 0.749 -0.6767670612701429 -0.00773948080903398 0.1723253007580489 1.000015317160454
3 0.018230452589 0.75 -0.6762646285088969 -0.008149276896023915 0.1723941112959951 1.000015117389416
3 0.018230452589 0.751 -0.6757361950692097 -0.008561688948751658 0.1724586856403326 1.000014920670778
3 0.018230452589 0.752 -0.6751815965487507 -0.008976683860971602 0.1725189726740032 1.000014726955571
3 0.018230452589 0.753 -0.6746006706571998 -0.009394227813217583 0.1725749213553775 1.000014536195531
3 0.018230452589 0.754 -0.6739932572674732 -0.009814286267893891 0.1726264807260177 1.000014348343091
3 0.018230452589 0.755 -0.6733591984613871 -0.01023682396645089 0.1726735999183343 1.000014163351375
3 0.018230452589 0.756 -0.6726983385687937 -0.01066180492870599 0.1727162281629732 1.000013981174188
3 0.018230452589 0.757 -0.6720105242241151 -0.01108919244677417 0.1727543147970515 1.00001380176601
3 0.018230452589 0.758 -0.6712956044015344 -0.01151894908586107 0.1727878092714569 1.000013625081986
3 0.018230452589 0.759 -0.6705534304677244 -0.01195103667965902 0.1728166611590186 1.00001345107792
3 0.018230452589 0.76 -0.6697838562283515 -0.01238541632787408 0.1728408201624618 1.000013279710267
3 0.018230452589 0.761 -0.6689867379673636 -0.01282204839593732 0.1728602361219764 1.000013110936124
3 0.018230452589 0.762 -0.6681619345053983 -0.01326089250923742 0.1728748590239264 1.000012944713223
3 0.018230452589 0.763 -0.6673093072346542 -0.01370190755433606 0.1728846390082519 1.000012780999926
3 0.018230452589 0.764 -0.6664287201730268 -0.01414505167469929 0.1728895263770353 1.000012619755211
3 0.018230452589 0.765 -0.6655200400113318 -0.0145902822686012 0.1728894716027363 1.000012460938672
3 0.018230452589 0.766 -0.664583136152623 -0.01503755598924538 0.1728844253359204 1.000012304510508
3 0.018230452589 0.767 -0.6636178807723702 -0.01548682873933347 0.1728743384144318 1.000012150431513
3 0.018230452589 0.768 -0.6626241488528786 -0.01593805567271916 0.1728591618708707 1.000011998663074
3 0.018230452589 0.769 -0.6616018182387157 -0.01639119119050523 0.1728388469415411 1.000011849167159
3 0.018230452589 0.77 -0.6605507696845369 -0.01684618893934907 0.1728133450749473 1.000011701906313
3 0.018230452589 0.771 -0.6594708868942959 -0.01730300181201346 0.1727826079396567 1.000011556843649
3 0.018230452589 0.772 -0.6583620565830832 -0.01776158194230535 0.1727465874339226 1.00001141394284
3 0.018230452589 0.773 -0.6572241685109511 -0.01822188070718395 0.1727052356932102 1.000011273168115
3 0.018230452589 0.774 -0.6560571155395128 -0.01868384872325386 0.1726585050995077 1.000011134484249
3 0.018230452589 0.775 -0.6548607936802372 -0.01914743584549723 0.1726063482900609 1.000010997856557
3 0.018230452589 0.776 -0.6536351021334146 -0.01961259116827248 0.1725487181653464 1.000010863250887
3 0.018230452589 0.777 -0.6523799433515324 -0.02007926302065782 0.1724855678991249 1.000010730633614
3 0.018230452589 0.778 -0.651095223072361 -0.02054739896902773 0.1724168509459875 1.00001059997163
3 0.018230452589 0.779 -0.6497808503765933 -0.02101694581397287 0.1723425210510088 1.000010471232342
3 0.018230452589 0.78 -0.648436737736471 -0.02148784958948308 0.172262532258695 1.000010344383662
3 0.018230452589 0.781 -0.6470628010543614 -0.02196005556441193 0.1721768389210384 1.000010219393999
3 0.018230452589 0.782 -0.6456589597275367 -0.02243350823825947 0.1720853957079811 1.000010096232258
3 0.018230452589 0.783 -0.6442251366803684 -0.0229081513442307 0.1719881576149495 1.000009974867824
3 0.018230452589 0.784 -0.6427612584228716 -0.02338392784661234 0.1718850799728248 1.000009855270567
3 0.018230452589 0.785 -0.6412672550995127 -0.02386077994043065 0.171776118457078 1.000009737410827
3 0.018230452589 0.786 -0.6397430605272488 -0.02433864905339874 0.1716612290958736 1.000009621259409
3 0.018230452589 0.787 -0.6381886122615663 -0.02481747584217302 0.1715403682809198 1.00000950678758
3 0.018230452589 0.788 -0.6366038516276299 -0.02529720019590601 0.1714134927749565 1.000009393967061
3 0.018230452589 0.789 -0.6349887237795802 -0.02577776123410998 0.1712805597220168 1.000009282770017
3 0.018230452589 0.79 -0.6333431777493725 -0.02625909730681279 0.1711415266567172 1.000009173169057
3 0.018230452589 0.791 -0.6316671664841205 -0.02674114599700386 0.170996351512377 1.000009065137223
3 0.018230452589 0.792 -0.6299606469132398 -0.02722384411739875 0.1708449926322266 1.000008958647989
3 0.018230452589 0.793 -0.6282235799783952 -0.0277071277144974 0.1706874087768126 1.000008853675247
3 0.018230452589 0.794 -0.6264559306933898 -0.02819093206696412 0.1705235591345198 1.000008750193309
3 0.018230452589 0.795 -0.6246576681928765 -0.02867519168630406 0.170353403330981 1.000008648176899
3 0.018230452589 0.796 -0.6228287657688445 -0.02915984031982253 0.1701769014371771 1.000008547601142
3 0.018230452589 0.797 -0.6209692009387029 -0.02964481094793196 0.1699940139809701 1.000008448441565
3 0.018230452589 0.798 -0.6190789554738622 -0.0301300357887251 0.1698047019543871 1.000008350674088
3 0.018230452589 0.799 -0.6171580154600516 -0.03061544629690068 0.1696089268243668 1.00000825427502
3 0.018230452589 0.8 -0.6152063713457294 -0.03110097316498186 0.1694066505422523 1.000008159221048
3 0.018230452589 0.801 -0.6132240179775531 -0.03158654632680262 0.1691978355518318 1.000008065489241
3 0.018230452589 0.802 -0.6112109546692227 -0.0320720949553908 0.1689824448011595 1.000007973057035
3 0.018230452589 0.803 -0.6091671852285334 -0.03255754746806459 0.1687604417496774 1.000007881902234
3 0.018230452589 0.804 -0.6070927180179445 -0.03304283152593218 0.1685317903791461 1.000007792003
3 0.018230452589 0.805 -0.6049875660025138 -0.03352787403567272 0.1682964552031805 1.000007703337852
3 0.018230452589 0.806 -0.6028517467841814 -0.03401260115356235 0.1680544012751877 1.000007615885657
3 0.018230452589 0.8070000000000001 -0.600685282671187 -0.03449693828396622 0.1678055942004343 1.000007529625628
3 0.018230452589 0.8080000000000001 -0.5984882007034268 -0.03498081008496517 0.1675500001429619 1.000007444537315
3 0.018230452589 0.8090000000000001 -0.5962605327130865 -0.03546414046845682 0.1672875858366583 1.000007360600604
3 0.018230452589 0.8100000000000001 -0.5940023153719217 -0.03594685260251885 0.1670183185947907 1.00000727779571
3 0.018230452589 0.8110000000000001 -0.59171359022418 -0.03642886891598519 0.1667421663177952 1.000007196103169
3 0.018230452589 0.8120000000000001 -0.5893944037563963 -0.03691011109757981 0.1664590975055441 1.000007115503841
3 0.018230452589 0.8130000000000001 -0.5870448074208851 -0.03739050010207857 0.1661690812640063 1.000007035978895
3 0.018230452589 0.8140000000000001 -0.5846648576962431 -0.03786995615103852 0.1658720873164125 1.000006957509814
3 0.018230452589 0.8150000000000001 -0.5822546161337872 -0.0383483987357617 0.1655680860127348 1.000006880078382
3 0.018230452589 0.8160000000000001 -0.5798141493889424 -0.03882574662243106 0.165257048337279 1.000006803666685
3 0.018230452589 0.8170000000000001 -0.5773435292912038 -0.03930191785191759 0.1649389459210993 1.000006728257104
3 0.018230452589 0.8180000000000001 -0.5748428328655975 -0.03977682974648075 0.164613751048354 1.00000665383231
3 0.018230452589 0.8190000000000001 -0.5723121423928467 -0.04025039891115183 0.1642814366675099 1.000006580375259
3 0.018230452589 0.8200000000000001 -0.5697515454547787 -0.04072254123731505 0.1639419764007145 1.000006507869191
3 0.018230452589 0.8210000000000001 -0.5671611349639963 -0.04119317190841119 0.1635953445511388 1.000006436297622
3 0.018230452589 0.8220000000000001 -0.5645410092337925 -0.04166220540044881 0.1632415161154805 1.000006365644341
3 0.018230452589 0.8230000000000001 -0.5618912719974044 -0.04212955548924491 0.162880466789961 1.000006295893404
3 0.018230452589 0.8240000000000001 -0.5592120324676388 -0.04259513525248684 0.1625121729815095 1.000006227029133
3 0.018230452589 0.8250000000000001 -0.5565034053810435 -0.04305885707394642 0.1621366118169704 1.000006159036109
3 0.018230452589 0.8260000000000001 -0.5537655110256872 -0.04352063264975749 0.1617537611501371 1.00000609189917
3 0.018230452589 0.8270000000000001 -0.550998475310795 -0.04398037298966082 0.1613635995742809 1.000006025603403
3 0.018230452589 0.8280000000000001 -0.5482024297836299 -0.04443798842478495 0.1609661064277309 1.000005960134146
3 0.018230452589 0.8290000000000001 -0.5453775116883526 -0.04489338861041006 0.160561261804973 1.000005895476978
3 0.018230452589 0.8300000000000001 -0.5425238640087614 -0.04534648253082906 0.1601490465656271 1.000005831617718
3 0.018230452589 0.8310000000000001 -0.5396416354939935 -0.04579717850620377 0.1597294423411124 1.000005768542423
3 0.018230452589 0.8320000000000001 -0.536730980727648 -0.04624538419457205 0.1593024315471284 1.000005706237379
3 0.018230452589 0.833 -0.5337920601421218 -0.04669100660016677 0.158867997388757 1.000005644689102
3 0.018230452589 0.834 -0.5308250400764799 -0.04713395207690391 0.1584261238714045 1.000005583884331
3 0.018230452589 0.835 -0.5278300928175567 -0.04757412633390298 0.1579767958094793 1.000005523810026
3 0.018230452589 0.836 -0.5248073966233953 -0.04801143444292478 0.1575199988326206 1.000005464453365
3 0.018230452589 0.837 -0.5217571357916124 -0.04844578084116814 0.1570557193980546 1.000005405801738
3 0.018230452589 0.838 -0.5186795006710183 -0.04887706934012338 0.1565839447951516 1.000005347842747
3 0.018230452589 0.839 -0.5155746877182691 -0.04930520312980472 0.1561046631561319 1.000005290564198
3 0.018230452589 0.84 -0.5124428995371128 -0.04973008478494195 0.1556178634643686 1.000005233954101
3 0.018230452589 0.841 -0.5092843448993876 -0.05015161627300045 0.1551235355601081 1.000005178000665
3 0.018230452589 0.842 -0.5060992388123727 -0.05056969895779369 0.1546216701526135 1.000005122692296
3 0.018230452589 0.843 -0.5028878025275253 -0.05098423360886543 0.1541122588241063 1.000005068017592
3 0.018230452589 0.844 -0.4996502635956733 -0.05139512040648634 0.1535952940401507 1.000005013965342
3 0.018230452589 0.845 -0.4963868559041976 -0.05180225894852571 0.1530707691574971 1.00000496052452
3 0.018230452589 0.846 -0.4930978196954006 -0.0522055482590538 0.1525386784292178 1.000004907684283
3 0.018230452589 0.847 -0.4897834016325834 -0.05260488679279451 0.1519990170165418 1.00000485543397
3 0.018230452589 0.848 -0.4864438548057323 -0.05300017244502946 0.1514517809921049 1.000004803763095
3 0.018230452589 0.849 -0.4830794387850097 -0.05339130255737629 0.1508969673499166 1.000004752661346
3 0.018230452589 0.85 -0.4796904196556527 -0.05377817392534884 0.1503345740126559 1.000004702118584
3 0.018230452589 0.851 -0.4762770700335316 -0.05416068280753962 0.1497645998361371 1.000004652124838
3 0.018230452589 0.852 -0.4728396691296816 -0.05453872493093623 0.1491870446207308 1.000004602670298
3 0.018230452589 0.853 -0.4693785027527764 -0.05491219550133831 0.1486019091138406 1.000004553745323
3 0.018230452589 0.854 -0.4658938633606666 -0.05528098920993432 0.1480091950193492 1.000004505340425
3 0.018230452589 0.855 -0.462386050092777 -0.05564500024155682 0.1474089050042673 1.000004457446278
3 0.018230452589 0.856 -0.4588553687826702 -0.05600412228444157 0.1468010427024393 1.000004410053707
3 0.018230452589 0.857 -0.4553021320207584 -0.05635824853643002 0.1461856127254347 1.000004363153689
3 0.018230452589 0.858 -0.4517266591534018 -0.05670727171588881 0.1455626206641633 1.00000431673735
3 0.018230452589 0.859 -0.44812927633224 -0.05705108406910062 0.1449320730976858 1.000004270795961
3 0.018230452589 0.86 -0.4445103165438677 -0.05738957737921986 0.1442939775991094 1.00000422532094
3 0.018230452589 0.861 -0.4408701196192217 -0.05772264297660373 0.1436483427384355 1.000004180303841
3 0.018230452589 0.862 -0.4372090322941879 -0.0580501717459222 0.1429951780927933 1.000004135736361
3 0.018230452589 0.863 -0.4335274082051702 -0.05837205413756831 0.1423344942470983 1.000004091610331
3 0.018230452589 0.864 -0.429825607935952 -0.05868818017587785 0.1416663028021043 1.000004047917716
3 0.018230452589 0.865 -0.4261039990444298 -0.05899843946878979 0.1409906163794261 1.000004004650611
3 0.018230452589 0.866 -0.4223629560686435 -0.05930272121874368 0.1403074486234256 1.000003961801243
3 0.018230452589 0.867 -0.4186028605849885 -0.05960091423071748 0.1396168142106453 1.000003919361964
3 0.018230452589 0.868 -0.4148241012001003 -0.05989290692411661 0.1389187288494097 1.000003877325249
3 0.018230452589 0.869 -0.4110270735949842 -0.06017858734183581 0.138213209286979 1.000003835683699
3 0.018230452589 0.87 -0.4072121805485819 -0.06045784316062858 0.1375002733135747 1.000003794430032
3 0.018230452589 0.871 -0.4033798319402668 -0.06073056170256427 0.1367799397631866 1.000003753557084
3 0.018230452589 0.872 -0.3995304448053653 -0.06099662994401413 0.1360522285220533 1.00000371305781
3 0.018230452589 0.873 -0.3956644433232077 -0.06125593452800578 0.1353171605270945 1.000003672925275
3 0.018230452589 0.874 -0.3917822588582566 -0.06150836177414143 0.1345747577720185 1.000003633152657
3 0.018230452589 0.875 -0.3878843299802835 -0.0617537976896793 0.13382504331021 1.000003593733245
3 0.018230452589 0.876 -0.3839711024631516 -0.06199212798154428 0.1330680412543335 1.000003554660435
3 0.018230452589 0.877 -0.380043029337344 -0.06222323806628208 0.1323037767836912 1.000003515927728
3 0.018230452589 0.878 -0.3761005708740351 -0.06244701308286647 0.1315322761413686 1.000003477528729
3 0.018230452589 0.879 -0.372144194622947 -0.0626633379034874 0.1307535666391284 1.000003439457146
3 0.018230452589 0.88 -0.368174375428906 -0.06287209714534862 0.129967676659011 1.000003401706787
3 0.018230452589 0.881 -0.3641915954267432 -0.06307317518322537 0.1291746356515988 1.000003364271558
3 0.018230452589 0.882 -0.360196344090518 -0.06326645616040778 0.1283744741420646 1.000003327145463
3 0.018230452589 0.883 -0.3561891182134697 -0.06345182400194838 0.1275672237259014 1.000003290322599
3 0.018230452589 0.884 -0.3521704219423222 -0.06362916242633494 0.1267529170724245 1.000003253797157
3 0.018230452589 0.885 -0.3481407667899976 -0.06379835495800905 0.1259315879249171 1.000003217563419
3 0.018230452589 0.886 -0.3441006716264581 -0.06395928494046599 0.1251032710974098 1.000003181615757
3 0.018230452589 0.887 -0.3400506627243107 -0.06411183554820944 0.1242680024792157 1.000003145948634
3 0.018230452589 0.888 -0.3359912737345011 -0.06425588980042841 0.1234258190291046 1.000003110556595
3 0.018230452589 0.889 -0.331923045716785 -0.06439133057357135 0.122576758777216 1.000003075434273
3 0.018230452589 0.89 -0.3278465271483681 -0.06451804061459222 0.121720860823571 1.000003040576384
3 0.018230452589 0.891 -0.3237622739105206 -0.06463590255458962 0.1208581653332065 1.000003005977725
3 0.018230452589 0.892 -0.3196708493302379 -0.06474479892179737 0.1199887135389742 1.000002971633177
3 0.018230452589 0.893 -0.3155728241515425 -0.06484461215568225 0.1191125477340085 1.000002937537695
3 0.018230452589 0.894 -0.3114687765618352 -0.06493522462043844 0.1182297112718356 1.000002903686316
3 0.018230452589 0.895 -0.3073592921962289 -0.06501651861897109 0.1173402485630556 1.000002870074151
3 0.018230452589 0.896 -0.3032449641197653 -0.0650883764070741 0.1164442050686591 1.000002836696387
3 0.018230452589 0.897 -0.2991263928648001 -0.06515068020748521 0.1155416273008453 1.000002803548284
3 0.018230452589 0.898 -0.295004186397781 -0.06520331222439893 0.1146325628136225 1.000002770625176
3 0.018230452589 0.899 -0.2908789601411836 -0.06524615465790475 0.1137170602008782 1.000002737922465
3 0.018230452589 0.9 -0.2867513369733036 -0.06527908971872184 0.1127951690910185 1.000002705435625
3 0.018230452589 0.901 -0.2826219472059057 -0.06530199964291965 0.1118669401382808 1.000002673160198
3 0.018230452589 0.902 -0.278491428616991 -0.06531476670707048 0.1109324250213054 1.000002641091793
3 0.018230452589 0.903 -0.2743604264129205 -0.06531727324317724 0.1099916764316934 1.000002609226086
3 0.018230452589 0.904 -0.2702295932456314 -0.0653094016540839 0.1090447480697829 1.000002577558817
3 0.018230452589 0.905 -0.2660995892076498 -0.0652910344289807 0.1080916946370159 1.000002546085791
3 0.018230452589 0.906 -0.2619710818049969 -0.0652620541586771 0.1071325718250459 1.000002514802874
3 0.018230452589 0.907 -0.2578447459849857 -0.06522234355189192 0.1061674363117737 1.000002483705995
3 0.018230452589 0.908 -0.2537212640935584 -0.06517178545060112 0.1051963457476753 1.000002452791144
3 0.018230452589 0.909 -0.2496013258874709 -0.06511026284645646 0.104219358749009 1.000002422054369
3 0.018230452589 0.91 -0.2454856285242769 -0.06503765889708757 0.1032365348876602 1.000002391491779
3 0.018230452589 0.911 -0.2413748765303152 -0.06495385694194453 0.1022479346778292 1.000002361099537
3 0.018230452589 0.912 -0.2372697818231688 -0.06485874051977356 0.1012536195692171 1.000002330873866
3 0.018230452589 0.913 -0.2331710636640809 -0.06475219338439815 0.1002536519309254 1.000002300811043
3 0.018230452589 0.914 -0.2290794486647817 -0.06463409952219079 0.09924809504179499 1.000002270907401
3 0.018230452589 0.915 -0.2249956707721882 -0.06450434316920783 0.09823701307746278 1.000002241159324
3 0.018230452589 0.916 -0.220920471231286 -0.06436280882762718 0.0972204710943992 1.000002211563253
3 0.018230452589 0.917 -0.2168545986018694 -0.06420938128446918 0.09619853501990741 1.000002182115678
3 0.018230452589 0.918 -0.2127988087058939 -0.06404394562783346 0.09517127163338278 1.000002152813142
3 0.018230452589 0.919 -0.2087538646286052 -0.06386638726548001 0.09413874855346424 1.000002123652237
3 0.018230452589 0.92 -0.2047205366976818 -0.06367659194284385 0.0931010342220185 1.000002094629607
3 0.018230452589 0.921 -0.2006996024408215 -0.0634744457601049 0.09205819788528373 1.000002065741943
3 0.018230452589 0.922 -0.1966918465963534 -0.06325983519222621 0.09101030958032047 1.000002036985985
3 0.018230452589 0.923 -0.1926980610553808 -0.06303264710568082 0.08995744011340952 1.00000200835852
3 0.018230452589 0.924 -0.1887190448568494 -0.06279276877821208 0.08889966104367543 1.000001979856382
3 0.018230452589 0.925 -0.1847556041608462 -0.06254008791778881 0.08783704466369702 1.000001951476453
3 0.018230452589 0.926 -0.1808085522006818 -0.06227449268035724 0.08676966397750227 1.000001923215657
3 0.018230452589 0.927 -0.1768787092869463 -0.06199587169128507 0.08569759268308676 1.000001895070965
3 0.018230452589 0.928 -0.1729669027442785 -0.06170411406262586 0.08462090514772047 1.000001867039393
3 0.018230452589 0.929 -0.1690739668999885 -0.06139910941414501 0.08353967638768417 1.000001839117999
3 0.018230452589 0.93 -0.1652007430512037 -0.06108074789329179 0.08245398204519104 1.000001811303885
3 0.018230452589 0.931 -0.1613480794112206 -0.06074892019369908 0.08136389836296889 1.000001783594195
3 0.018230452589 0.9320000000000001 -0.157516831106544 -0.06040351757813997 0.08026950216244212 1.000001755986116
3 0.018230452589 0.9330000000000001 -0.1537078601081037 -0.06004443189639316 0.07917087081571325 1.000001728476875
3 0.018230452589 0.9340000000000001 -0.1499220352130137 -0.05967155560763963 0.0780680822210375 1.000001701063741
3 0.018230452589 0.9350000000000001 -0.1461602320052301 -0.05928478180154693 0.07696121477573037 1.000001673744024
3 0.018230452589 0.9360000000000001 -0.1424233327959238 -0.05888400421759936 0.07585034734706847 1.000001646515073
3 0.018230452589 0.9370000000000001 -0.1387122266130038 -0.05846911726969594 0.07473555924571552 1.000001619374277
3 0.018230452589 0.9380000000000001 -0.1350278091265796 -0.05804001606469727 0.07361693019414517 1.000001592319067
3 0.018230452589 0.9390000000000001 -0.1313709826234049 -0.05759659642632019 0.07249454029746849 1.000001565346908
3 0.018230452589 0.9400000000000001 -0.1277426559606764 -0.05713875491744997 0.07136847001199809 1.000001538455307
3 0.018230452589 0.9410000000000001 -0.1241437445001497 -0.05666638886040347 0.07023880011220064 1.000001511641808
3 0.018230452589 0.9420000000000001 -0.1205751700896052 -0.05617939636332122 0.06910561165893815 1.000001484903995
3 0.018230452589 0.9430000000000001 -0.1170378609823241 -0.05567767633949591 0.06796898596410628 1.000001458239486
3 0.018230452589 0.9440000000000001 -0.1135327518037195 -0.05516112853291594 0.06682900455642697 1.000001431645939
3 0.018230452589 0.9450000000000001 -0.1100607834978681 -0.05462965354194412 0.06568574914534303 1.000001405121049
3 0.018230452589 0.9460000000000001 -0.1066229032550541 -0.05408315284063764 0.06453930158376588 1.000001378662547
3 0.018230452589 0.9470000000000001 -0.1032200644845827 -0.05352152880711342 0.06338974383070305 1.000001352268201
3 0.018230452589 0.9480000000000001 -0.09985322672800412 -0.05294468474377893 0.06223715791190398 1.000001325935815
3 0.018230452589 0.9490000000000001 -0.09652335561738425 -0.05235252490470132 0.06108162588023728 1.000001299663229
3 0.018230452589 0.9500000000000001 -0.09323142281411045 -0.05174495452081594 0.05992322977460434 1.000001273448322
3 0.018230452589 0.9510000000000001 -0.08997840592950841 -0.0511218798224484 0.05876205157824727 1.000001247289004
3 0.018230452589 0.9520000000000001 -0.08676528848834567 -0.05048320806986122 0.05759817317534646 1.000001221183226
3 0.018230452589 0.9530000000000001 -0.08359305983549807 -0.04982884757452815 0.05643167630749543 1.000001195128972
3 0.018230452589 0.9540000000000001 -0.0804627150852497 -0.04915870772853291 0.05526264252830362 1.000001169124261
3 0.018230452589 0.9550000000000001 -0.07737525505185197 -0.04847269903149858 0.05409115315704071 1.00000114316715
3 0.018230452589 0.9560000000000001 -0.07433168616477902 -0.04777073311489458 0.05291728923218582 1.00000111725573
3 0.018230452589 0.9570000000000001 -0.07133302041318375 -0.04705272277306043 0.0517411314622119 1.000001091388128
3 0.018230452589 0.9580000000000001 -0.06838027526212911 -0.04631858198923923 0.05056276017664595 1.000001065562507
3 0.018230452589 0.9590000000000001 -0.06547447357841708 -0.04556822596429487 0.04938225527546005 1.000001039777065
3 0.018230452589 0.96 -0.06261664355267801 -0.04480157114544401 0.04819969617744555 1.000001014030037
3 0.018230452589 0.961 -0.05980781861969345 -0.04401853525541583 0.04701516176746134 1.000000988319693
3 0.018230452589 0.962 -0.05704903737698638 -0.04321903732207062 0.04582873034253841 1.000000962644337
3 0.018230452589 0.963 -0.05434134350113042 -0.04240299770834847 0.04464047955689916 1.000000937002313
3 0.018230452589 0.964 -0.05168578566229181 -0.04157033814268805 0.04345048636583648 1.000000911391998
3 0.018230452589 0.965 -0.04908341743689838 -0.04072098174991156 0.04225882696844941 1.000000885811806
3 0.018230452589 0.966 -0.04653529721811531 -0.03985485308249487 0.04106557674928796 1.000000860260188
3 0.018230452589 0.967 -0.04404248812610619 -0.03897187815289509 0.0398708102184802 1.000000834735632
3 0.018230452589 0.968 -0.04160605791181582 -0.03807198446491983 0.03867460095162215 1.000000809236661
3 0.018230452589 0.969 -0.03922707886391665 -0.03715510104725626 0.03747702152748808 1.000000783761836
3 0.018230452589 0.97 -0.03690662771126115 -0.03622115848678352 0.03627814346501271 1.000000758309757
3 0.018230452589 0.971 -0.03464578552087328 -0.03527008896146579 0.03507803715983393 1.00000073287906
3 0.018230452589 0.972 -0.03244563760013439 -0.03430182627616853 0.0338767718179634 1.000000707468418
3 0.018230452589 0.973 -0.03030727338894789 -0.03331630589600004 0.03267441539052694 1.000000682076543
3 0.018230452589 0.974 -0.02823178635593735 -0.03231346498262835 0.03147103450558437 1.000000656702188
3 0.018230452589 0.975 -0.02622027388995091 -0.03129324243025267 0.03026669439946999 1.000000631344141
3 0.018230452589 0.976 -0.02427383718724521 -0.03025557890110393 0.02906145884792209 1.000000606001231
3 0.018230452589 0.977 -0.02239358114188986 -0.02920041686418559 0.02785539009387244 1.000000580672327
3 0.018230452589 0.978 -0.020580614226977 -0.02812770063125746 0.02664854877698669 1.000000555356337
3 0.018230452589 0.979 -0.01883604837887369 -0.02703737639611346 0.02544099385982684 1.000000530052211
3 0.018230452589 0.98 -0.01716099887689731 -0.02592939227346311 0.02423278255378819 1.000000504758937
3 0.018230452589 0.981 -0.01555658421903253 -0.02480369833742503 0.0230239702449655 1.000000479475548
3 0.018230452589 0.982 -0.01402392599863945 -0.02366024666278492 0.02181461041700353 1.000000454201116
3 0.018230452589 0.983 -0.01256414877558746 -0.02249899136506084 0.02060475457464632 1.000000428934757
3 0.018230452589 0.984 -0.01117837994610058 -0.02131988864198094 0.01939445216560238 1.000000403675628
3 0.018230452589 0.985 -0.009867749609744104 -0.02012289681547403 0.01818375050158949 1.000000378422931
3 0.018230452589 0.986 -0.00863339043374077 -0.01890797637431737 0.01697269467846112 1.00000035317591
3 0.018230452589 0.987 -0.007476437514577905 -0.0176750900174553 0.0157613274954376 1.000000327933855
3 0.018230452589 0.988 -0.006398028236818221 -0.01642420269794989 0.01454968937352364 1.000000302696101
3 0.018230452589 0.989 -0.005399302129124439 -0.01515528166761269 0.01333781827310395 1.000000277462026
3 0.018230452589 0.99 -0.004481400717446075 -0.01386829652231838 0.01212574961075944 1.000000252231057
3 0.018230452589 0.991 -0.003645467375322686 -0.01256321924800589 0.01091351617534374 1.000000227002667
3 0.018230452589 0.992 -0.002892647171261157 -0.011240024267378 0.009701148043355121 1.000000201776374
3 0.018230452589 0.993 -0.002224086713113235 -0.009898688487252692 0.008488672493707381 1.000000176551747
3 0.018230452589 0.994 -0.00164093398944773 -0.008539191346616064 0.007276113921897042 1.000000151328401
3 0.018230452589 0.995 -0.001144338207866178 -0.007161514865373465 0.006063493753624668 1.000000126106002
3 0.018230452589 0.996 -0.0007354496302150746 -0.005765643693800036 0.004850830357924545 1.000000100884264
3 0.018230452589 0.997 -0.0004154194046493631 -0.004351565162698081 0.003638138959852011 1.000000075662953
3 0.018230452589 0.998 -0.0001853993944896709 -0.002919269334204605 0.0024254315528561 1.000000050441884
3 0.018230452589 0.999 -4.654200385189748e-05 -0.001468749053298816 0.001212716810842229 1.000000025220926
3 0.018230452589 1 1.914923118060259e-22 4.759685445590212e-21 -1.590176371657202e-20 0.9999999999999999
