TITLE = "three_solutions_Tw1.160"
VARIABLES = "branch" "pressure_gradient" "z" "H" "F" "G" "T"
DATASETAUXDATA Source_File = "boussinesq_singularity_re_scan/Re400/three_solutions_Tw1.160.csv"
DATASETAUXDATA Converter = "convert_all_to_tecplot.py"
ZONE T="branch=1", I=1001, DATAPACKING=POINT
1 0.023052840292 0 0 -3.02570998619843e-29 1 1.16
1 0.023052840292 0.001 -0.0001639626443336469 0.008144312882535419 0.9898918930943167 1.159124459854248
1 0.023052840292 0.002 -0.0006472905225942105 0.01596953557913423 0.9797902424417376 1.15824892211168
1 0.023052840292 0.003 -0.001437372444418214 0.02348327886986768 0.9697012144537539 1.157373392851577
1 0.023052840292 0.004 -0.002521900024441993 0.03069306596088854 0.959630669049952 1.156497882022243
1 0.023052840292 0.005 -0.003888864168526243 0.03760632988909331 0.9495841702915571 1.155622403285478
1 0.023052840292 0.006 -0.005526550695397464 0.04423041139694153 0.9395669974104869 1.154746973855631
1 0.023052840292 0.007 -0.007423537922465888 0.05057255634633984 0.9295841535970054 1.153871614365827
1 0.023052840292 0.008 -0.009568691478918284 0.05663991420350906 0.9196403770308171 1.152996348705766
1 0.023052840292 0.009000000000000001 -0.01195116123425934 0.06243953599678548 0.9097401495715558 1.152121203887823
1 0.023052840292 0.01 -0.01456037731460608 0.06797837272004875 0.8998877059884253 1.15124620990568
1 0.023052840292 0.011 -0.0173860452979908 0.0732632742080606 0.8900870435414658 1.150371399588425
1 0.023052840292 0.012 -0.02041814341014439 0.07830098740716987 0.8803419295617684 1.149496808477795
1 0.023052840292 0.013 -0.02364691712851737 0.08309815576524764 0.8706559109241883 1.14862247468259
1 0.023052840292 0.014 -0.02706287578615898 0.0876613179991575 0.8610323215606014 1.147748438755689
1 0.023052840292 0.015 -0.03065678835157977 0.09199690729755165 0.8514742904126866 1.146874743565303
1 0.023052840292 0.016 -0.03441967847945882 0.09611125096937867 0.8419847496623565 1.146001434163164
1 0.023052840292 0.017 -0.0383428214338775 0.1000105694228144 0.8325664412944088 1.145128557670764
1 0.023052840292 0.018 -0.0424177386445872 0.1037009762681986 0.8232219252126529 1.144256163148583
1 0.023052840292 0.019 -0.04663619413205206 0.1071884777378192 0.8139535857237248 1.143384301482924
1 0.023052840292 0.02 -0.0509901901939107 0.1104789725237408 0.8047636383735148 1.142513025268741
1 0.023052840292 0.021 -0.05547196244849269 0.1135782520315601 0.7956541369969912 1.141642388690929
1 0.023052840292 0.022 -0.06007397661290592 0.116491999928481 0.7866269793862233 1.14077244741919
1 0.023052840292 0.023 -0.06478892313730203 0.1192257927952077 0.7776839142200882 1.139903258491306
1 0.023052840292 0.024 -0.06960971356761539 0.1217851000621726 0.7688265466426315 1.139034880209629
1 0.023052840292 0.025 -0.07452947625117093 0.124175284341531 0.7600563441191841 1.138167372035269
1 0.023052840292 0.026 -0.07954155147936799 0.1264016021431925 0.7513746424510412 1.137300794482216
1 0.023052840292 0.027 -0.08463948709278017 0.1284692044668447 0.7427826513042902 1.13643520901695
1 0.023052840292 0.028 -0.08981703784663679 0.130383135478301 0.7342814574492331 1.135570677973006
1 0.023052840292 0.029 -0.0950681555639586 0.1321483360781167 0.7258720332266113 1.134707264431776
1 0.023052840292 0.03 -0.1003869873515556 0.1337696434094197 0.7175552400392373 1.133845032140578
1 0.023052840292 0.031 -0.1057678716647372 0.1352517915133745 0.7093318330498973 1.132984045421878
1 0.023052840292 0.032 -0.1112053359591856 0.1365994111661303 0.7012024649265841 1.132124369087336
1 0.023052840292 0.033 -0.1166940907203637 0.1378170317713398 0.6931676914137687 1.131266068344851
1 0.023052840292 0.034 -0.1222290248732407 0.1389090826108169 0.6852279759566238 1.130409208713798
1 0.023052840292 0.035 -0.1278052018745078 0.1398798937978795 0.6773836938205173 1.129553855944843
1 0.023052840292 0.036 -0.133417856350505 0.1407336969641819 0.6696351358549669 1.128700075941502
1 0.023052840292 0.037 -0.139062391746643 0.1414746253857109 0.6619825117168376 1.127847934682234
1 0.023052840292 0.038 -0.1447343747545434 0.1421067160518943 0.6544259545266882 1.126997498143578
1 0.023052840292 0.039 -0.1504295309917842 0.1426339111016019 0.6469655247551119 1.126148832228484
1 0.023052840292 0.04 -0.1561437413044997 0.1430600589613204 0.6396012136959534 1.125302002697794
1 0.023052840292 0.041 -0.1618730385629701 0.1433889152233815 0.6323329466523681 1.124457075102439
1 0.023052840292 0.042 -0.1676136053592729 0.1436241429916483 0.6251605856960795 1.123614114714261
1 0.023052840292 0.043 -0.1733617696355482 0.1437693145444972 0.6180839332312732 1.122773186462002
1 0.023052840292 0.044 -0.1791139970612911 0.1438279151852581 0.6111027366311212 1.121934354884724
1 0.023052840292 0.045 -0.1848668939060388 0.1438033404644768 0.6042166886770018 1.121097684054413
1 0.023052840292 0.046 -0.1906171991882831 0.1436989002537198 0.5974254321482184 1.120263237533548
1 0.023052840292 0.047 -0.1963617833560248 0.1435178186955247 0.5907285617969246 1.119431078313224
1 0.023052840292 0.048 -0.2020976443184121 0.1432632359097376 0.584125627240768 1.11860126876394
1 0.023052840292 0.049 -0.2078219034308077 0.1429382097914358 0.577616135768951 1.117773870590296
1 0.023052840292 0.05 -0.213531802296132 0.14254571733015 0.5711995547594306 1.116948944785431
1 0.023052840292 0.051 -0.2192246999595991 0.1420886556929302 0.5648753139161735 1.116126551584564
1 0.023052840292 0.052 -0.2248980708058895 0.1415698428437619 0.5586428072555919 1.115306750414298
1 0.023052840292 0.053 -0.2305495002810777 0.1409920197001098 0.5525013956927216 1.114489599859876
1 0.023052840292 0.054 -0.2361766815089507 0.1403578517391485 0.5464504092446499 1.113675157630646
1 0.023052840292 0.055 -0.2417774123588206 0.1396699303368303 0.5404891490225731 1.112863480525276
1 0.023052840292 0.056 -0.2473495928609935 0.1389307738859871 0.5346168890851907 1.11205462439546
1 0.023052840292 0.057 -0.2528912232356669 0.1381428284881426 0.5288328781077911 1.111248644104399
1 0.023052840292 0.058 -0.2584004000398759 0.1373084700414197 0.5231363414643472 1.11044559350655
1 0.023052840292 0.059 -0.2638753131025198 0.1364300058161368 0.5175264830174724 1.109645525423929
1 0.023052840292 0.06 -0.2693142428590722 0.1355096757797693 0.5120024867446736 1.108848491621316
1 0.023052840292 0.061 -0.2747155579913726 0.1345496537172648 0.5065635182604195 1.108054542779475
1 0.023052840292 0.062 -0.2800777135993589 0.1335520479627549 0.5012087262086512 1.107263728462404
1 0.023052840292 0.063 -0.2853992477562039 0.1325189033894446 0.4959372439168205 1.106476097108153
1 0.023052840292 0.064 -0.2906787787530541 0.1314522029272647 0.4907481908331724 1.105691696014849
1 0.023052840292 0.065 -0.2959150026951087 0.130353868847902 0.4856406738401972 1.104910571324948
1 0.023052840292 0.066 -0.3011066913635301 0.1292257638620324 0.4806137884924756 1.10413276800709
1 0.023052840292 0.067 -0.3062526905353042 0.1280696918650695 0.4756666201696217 1.103358329831545
1 0.023052840292 0.068 -0.3113519169247844 0.1268873998086167 0.4707982453693039 1.102587299370537
1 0.023052840292 0.06900000000000001 -0.3164033557244691 0.1256805791404778 0.4660077328457117 1.101819717992786
1 0.023052840292 0.07000000000000001 -0.3214060584524634 0.1244508670308185 0.4612941446572844 1.101055625855701
1 0.023052840292 0.07100000000000001 -0.326359141029907 0.123199847427428 0.45665653716232 1.100295061894924
1 0.023052840292 0.07200000000000001 -0.3312617822496668 0.1219290517953812 0.4520939619657124 1.09953806380717
1 0.023052840292 0.073 -0.3361132210791885 0.1206399608570275 0.4476054669097291 1.098784668058521
1 0.023052840292 0.074 -0.3409127544803527 0.1193340059410034 0.4431900969610787 1.098034909886176
1 0.023052840292 0.075 -0.3456597354951405 0.1180125701363501 0.4388468950344752 1.097288823297459
1 0.023052840292 0.076 -0.3503535715287526 0.1166769892923035 0.4345749027831906 1.096546441065979
1 0.023052840292 0.077 -0.3549937232394011 0.1153285524890583 0.4303731613760659 1.095807794714047
1 0.023052840292 0.078 -0.3595797010585 0.1139685046402342 0.4262407122170199 1.095072914555336
1 0.023052840292 0.079 -0.3641110648153394 0.1125980463684491 0.4221765976346956 1.094341829664766
1 0.023052840292 0.08 -0.368587421427564 0.111218335614554 0.4181798615348276 1.093614567897062
1 0.023052840292 0.081 -0.3730084232023081 0.1098304887343533 0.4142495500090843 1.092891155893226
1 0.023052840292 0.082 -0.3773737663973516 0.1084355813725941 0.4103847119310599 1.092171619081619
1 0.023052840292 0.083 -0.3816831894142265 0.1070346496995466 0.4065843994944207 1.091455981691286
1 0.023052840292 0.08400000000000001 -0.3859364713601893 0.1056286913261029 0.4028476687421644 1.090744266757075
1 0.023052840292 0.08500000000000001 -0.3901334305209956 0.1042186663203849 0.3991735800600327 1.090036496129069
1 0.023052840292 0.08600000000000001 -0.3942739227760744 0.1028054983043044 0.3955611986247533 1.089332690486095
1 0.023052840292 0.08700000000000001 -0.3983578403281184 0.101390075263281 0.3920095948636955 1.088632869341218
1 0.023052840292 0.08799999999999999 -0.4023851101322992 0.0999732506708801 0.3885178448392479 1.08793705105882
1 0.023052840292 0.089 -0.4063556926446165 0.09855584431857242 0.3850850306505116 1.087245252863223
1 0.023052840292 0.09 -0.4102695804350754 0.09713864329935473 0.3817102407823143 1.086557490853674
1 0.023052840292 0.091 -0.4141267969206313 0.095722402889998 0.3783925704459868 1.085873780017067
1 0.023052840292 0.092 -0.4179273951407631 0.09430784740684706 0.3751311219019461 1.085194134240853
1 0.023052840292 0.093 -0.4216714564555448 0.09289567116389795 0.3719250047309934 1.084518566330784
1 0.023052840292 0.094 -0.4253590894328735 0.09148653925010952 0.3687733361241849 1.08384708802329
1 0.023052840292 0.095 -0.4289904286923477 0.09008108836890277 0.365675241136094 1.083179710001066
1 0.023052840292 0.096 -0.4325656337185002 0.08867992773358736 0.3626298528945484 1.082516441911942
1 0.023052840292 0.097 -0.4360848878875187 0.08728363974304505 0.3596363128544412 1.081857292380395
1 0.023052840292 0.098 -0.4395483973026397 0.08589278089071406 0.3566937709564717 1.081202269028979
1 0.023052840292 0.099 -0.4429563898382043 0.0845078824566786 0.3538013858321385 1.080551378492386
1 0.023052840292 0.1 -0.446309114142841 0.08312945126179061 0.3509583249697052 1.07990462643477
1 0.023052840292 0.101 -0.4496068385845162 0.08175797051595145 0.3481637648172616 1.079262017571922
1 0.023052840292 0.102 -0.452849850502027 0.08039390030730344 0.3454168910121357 1.078623555679599
1 0.023052840292 0.103 -0.4560384552118406 0.07903767840786208 0.3427168984643333 1.077989243615589
1 0.023052840292 0.104 -0.4591729750355778 0.07768972107883045 0.3400629914134027 1.07735908334275
1 0.023052840292 0.105 -0.4622537484693268 0.07635042372487376 0.3374543835219575 1.076733075946813
1 0.023052840292 0.106 -0.465281129417827 0.07502016147579267 0.3348902979899339 1.076111221651696
1 0.023052840292 0.107 -0.4682554865255216 0.07369928964426695 0.3323699677220326 1.075493519829998
1 0.023052840292 0.108 -0.4711772022487311 0.07238814455124858 0.329892635295873 1.074879969030033
1 0.023052840292 0.109 -0.474046672071369 0.07108704418933563 0.3274575529803798 1.07427056699686
1 0.023052840292 0.11 -0.4768643037975978 0.06979628880278789 0.3250639827757224 1.073665310690418
1 0.023052840292 0.111 -0.4796305168958523 0.06851616140492293 0.3227111964766484 1.073064196301394
1 0.023052840292 0.112 -0.4823457419167975 0.06724692818976105 0.3203984757913941 1.072467219262757
1 0.023052840292 0.113 -0.4850104197201302 0.06598883925444869 0.3181251122598184 1.071874374275925
1 0.023052840292 0.114 -0.4876250008148297 0.06474212918235182 0.3158904072269302 1.071285655331432
1 0.023052840292 0.115 -0.4901899447608345 0.0635070175541774 0.3136936718411736 1.070701055726908
1 0.023052840292 0.116 -0.4927057196104752 0.06228370940543092 0.3115342270777671 1.070120568083025
1 0.023052840292 0.117 -0.4951728014043376 0.06107239559424427 0.309411403818525 1.069544184355595
1 0.023052840292 0.118 -0.4975916735330209 0.05987325343005734 0.3073245427331507 1.068971895860436
1 0.023052840292 0.119 -0.4999628261865459 0.05868644718323537 0.305272994218949 1.068403693293261
1 0.023052840292 0.12 -0.5022867558518349 0.05751212853293435 0.3032561183673393 1.067839566747133
1 0.023052840292 0.121 -0.5045639648400297 0.05635043696928448 0.3012732849562788 1.067279505728092
1 0.023052840292 0.122 -0.5067949608517648 0.05520150012015575 0.2993238734989255 1.066723499167443
1 0.023052840292 0.123 -0.5089802564560486 0.05406543429519106 0.2974072730988249 1.066171535445001
1 0.023052840292 0.124 -0.5111203686348147 0.05294234492875976 0.295522882364854 1.065623602407904
1 0.023052840292 0.125 -0.5132158183641267 0.05183232697027035 0.2936701093540826 1.065079687387249
1 0.023052840292 0.126 -0.5152671302168024 0.0507354652358703 0.2918483715407701 1.06453977721311
1 0.023052840292 0.127 -0.5172748319891874 0.04965183469718478 0.2900570958404806 1.064003858226714
1 0.023052840292 0.128 -0.5192394542811113 0.04858150094947251 0.2882957184478253 1.06347191630185
1 0.023052840292 0.129 -0.5211615301229198 0.04752452059456566 0.2865636847339835 1.062943936862402
1 0.023052840292 0.13 -0.523041594629455 0.04648094157923958 0.284860449172528 1.062419904897952
1 0.023052840292 0.131 -0.5248801846683712 0.04545080350119298 0.2831854752911242 1.061899804977989
1 0.023052840292 0.132 -0.5266778385411145 0.04443413786292591 0.2815382356765743 1.061383621263721
1 0.023052840292 0.133 -0.528435095649621 0.04343096847233439 0.2799182118020289 1.06087133752754
1 0.023052840292 0.134 -0.5301524961944688 0.04244131177200196 0.2783248939129909 1.060362937169142
1 0.023052840292 0.135 -0.5318305808917901 0.04146517713102712 0.2767577809414481 1.059858403229955
1 0.023052840292 0.136 -0.533469890698598 0.0405025671099085 0.2752163804452477 1.059357718406398
1 0.023052840292 0.137 -0.5350709665413209 0.03955347768274342 0.2737002085985756 1.058860865061154
1 0.023052840292 0.138 -0.5366343490565167 0.03861789857803546 0.2722087900140864 1.058367825240651
1 0.023052840292 0.139 -0.5381605783500212 0.03769581356033376 0.2707416576220897 1.057878580689685
1 0.023052840292 0.14 -0.5396501937679997 0.03678720068062949 0.2692983525772604 1.057393112864615
1 0.023052840292 0.141 -0.541103733671511 0.03589203250455156 0.2678784241896873 1.056911402945567
1 0.023052840292 0.142 -0.5425217352065735 0.0350102763059963 0.2664814299044679 1.056433431847058
1 0.023052840292 0.143 -0.5439047341076663 0.03414189435532995 0.26510693512299 1.055959180233494
1 0.023052840292 0.144 -0.5452532645089078 0.03328684415895004 0.2637545130789939 1.055488628532293
1 0.023052840292 0.145 -0.5465678587614441 0.03244507867302086 0.2624237447412328 1.055021756945805
1 0.023052840292 0.146 -0.5478490472503308 0.03161654649911263 0.2611142187393801 1.054558545462421
1 0.023052840292 0.147 -0.5490973582007171 0.03080119205224173 0.2598255313357213 1.054098973866473
1 0.023052840292 0.148 -0.5503133175342791 0.02999895580303515 0.2585572862488197 1.053643021751807
1 0.023052840292 0.149 -0.5514974487245343 0.0292097744803391 0.2573090945293107 1.053190668533425
1 0.023052840292 0.15 -0.5526502726536813 0.02843358125269244 0.2560805744611445 1.052741893458135
1 0.023052840292 0.151 -0.5537723074656733 0.02767030589523834 0.2548713514848548 1.05229667561457
1 0.023052840292 0.152 -0.5548640684036896 0.02691987493498141 0.2536810581637459 1.051854993942309
1 0.023052840292 0.153 -0.5559260677108974 0.02618221185286656 0.2525093340123537 1.05141682724362
1 0.023052840292 0.154 -0.5569588145229852 0.02545723725410152 0.2513558253741421 1.050982154193675
1 0.023052840292 0.155 -0.5579628147584099 0.02474486902138518 0.2502201853233479 1.050550953349969
1 0.023052840292 0.156 -0.5589385710022752 0.02404502245660059 0.249102073587552 1.050123203161262
1 0.023052840292 0.157 -0.5598865823707937 0.02335761040589784 0.2480011565102719 1.049698881975913
1 0.023052840292 0.158 -0.5608073444489082 0.02268254342704029 0.2469171068859614 1.049277968051907
1 0.023052840292 0.159 -0.561701349214016 0.02201972993165538 0.245849603841222 1.048860439565714
1 0.023052840292 0.16 -0.5625690849543429 0.02136907631385352 0.2447983327387658 1.048446274620533
1 0.023052840292 0.161 -0.5634110361789054 0.02073048706988927 0.2437629851007708 1.048035451254207
1 0.023052840292 0.162 -0.564227683505176 0.02010386490546768 0.242743258569384 1.047627947446771
1 0.023052840292 0.163 -0.5650195037740873 0.01948911092051447 0.2417388565460812 1.047223741129867
1 0.023052840292 0.164 -0.565786969642042 0.01888612460457574 0.2407494885824368 1.046822810191516
1 0.023052840292 0.165 -0.5665305491126419 0.01829480383321902 0.2397748708255166 1.046425132481824
1 0.023052840292 0.166 -0.5672507081315632 0.0177150457869637 0.2388147223138783 1.046030685835228
1 0.023052840292 0.167 -0.5679479057226114 0.01714674560310236 0.2378687714027067 1.045639448051512
1 0.023052840292 0.168 -0.5686225989315639 0.01658979790705561 0.2369367490097233 1.045251396924962
1 0.023052840292 0.169 -0.5692752397289077 0.01604409606760677 0.2360183925474481 1.044866510239386
1 0.023052840292 0.17 -0.56990627494557 0.01550953234502146 0.235113445775214 1.044484765778315
1 0.023052840292 0.171 -0.5705161493910117 0.014985998588225 0.2342216549142249 1.04410614132671
1 0.023052840292 0.172 -0.5711053006225426 0.01447338536225181 0.2333427747448285 1.043730614687134
1 0.023052840292 0.173 -0.5716741641379877 0.01397158292287307 0.2324765623995676 1.043358163670722
1 0.023052840292 0.174 -0.5722231701610548 0.01348048077770017 0.2316227809711187 1.042988766113537
1 0.023052840292 0.175 -0.572752743603981 0.01299996780789231 0.2307811993718592 1.042622399885212
1 0.023052840292 0.176 -0.573263307294346 0.01252993266793927 0.2299515887708456 1.04225904286982
1 0.023052840292 0.177 -0.573755276615286 0.01207026335243231 0.2291337281773833 1.041898673013315
1 0.023052840292 0.178 -0.5742290648457719 0.01162084771279632 0.2283273987537549 1.041541268282107
1 0.023052840292 0.179 -0.5746850798840923 0.01118157326881538 0.2275323871162966 1.041186806697397
1 0.023052840292 0.18 -0.5751237242325238 0.01075232730772858 0.2267484852030424 1.040835266342409
1 0.023052840292 0.181 -0.5755453982789469 0.01033299704084681 0.2259754870149909 1.040486625325729
1 0.023052840292 0.182 -0.5759504948874126 0.009923469527698535 0.2252131937157868 1.040140861854866
1 0.023052840292 0.183 -0.5763394048031408 0.009523631819519648 0.2244614084345987 1.039797954167692
1 0.023052840292 0.184 -0.5767125133593399 0.00913337097381507 0.2237199392787044 1.039457880581724
1 0.023052840292 0.185 -0.5770702004797162 0.008752574134178386 0.2229885992094668 1.039120619500091
1 0.023052840292 0.186 -0.5774128439710178 0.008381128490059639 0.2222672030694355 1.038786149360327
1 0.023052840292 0.187 -0.5777408141282547 0.008018921488454357 0.221555572228818 1.038454448729431
1 0.023052840292 0.188 -0.5780544791371846 0.007665840676352956 0.2208535298479397 1.038125496212893
1 0.023052840292 0.189 -0.5783542018009324 0.007321773878013489 0.2201609036200713 1.037799270516222
1 0.023052840292 0.19 -0.5786403395567836 0.006986609258419703 0.2194775256557865 1.037475750449785
1 0.023052840292 0.191 -0.5789132477443308 0.006660235125590008 0.2188032297771451 1.037154914865712
1 0.023052840292 0.192 -0.5791732742767692 0.006342540370560101 0.2181378557417515 1.036836742770351
1 0.023052840292 0.193 -0.5794207649869602 0.006033414070108037 0.2174812449339715 1.036521213215092
1 0.023052840292 0.194 -0.5796560604028819 0.005732745792572547 0.2168332428566899 1.036208305367742
1 0.023052840292 0.195 -0.5798794957756935 0.005440425647485311 0.2161936990239411 1.035897998516351
1 0.023052840292 0.196 -0.5800914042954227 0.005156343963773531 0.2155624645035197 1.03559027199661
1 0.023052840292 0.197 -0.5802921118688454 0.004880391907989887 0.2149393957489834 1.035285105318063
1 0.023052840292 0.198 -0.5804819423665161 0.004612460899153792 0.2143243506891384 1.034982478040457
1 0.023052840292 0.199 -0.5806612144697924 0.004352443014299703 0.2137171909870581 1.03468236985284
1 0.023052840292 0.2 -0.580830241707631 0.004100231026481248 0.2131177819407624 1.034384760576511
1 0.023052840292 0.201 -0.580989335597886 0.003855717986978026 0.212525990255996 1.034089630084978
1 0.023052840292 0.202 -0.5811388005630934 0.003618797979700064 0.2119416875156789 1.03379695844075
1 0.023052840292 0.203 -0.581278939045379 0.003389365391770074 0.211364746637953 1.033506725760486
1 0.023052840292 0.204 -0.5814100484425152 0.003167315394615487 0.2107950439202061 1.033218912299961
1 0.023052840292 0.205 -0.5815324211513146 0.002952543972241821 0.2102324589474941 1.032933498456257
1 0.023052840292 0.206 -0.5816463476177703 0.00274494743102127 0.2096768725778386 1.032650464682091
1 0.023052840292 0.207 -0.581752111414353 0.002544423255080592 0.2091281700774784 1.03236979163043
1 0.023052840292 0.208 -0.5818499941977086 0.002350869269152905 0.2085862379188668 1.032091460011279
1 0.023052840292 0.209 -0.5819402727467728 0.002164184175018082 0.2080509656267012 1.031815450680915
1 0.023052840292 0.21 -0.5820232190109866 0.001984267571677621 0.2075222456937252 1.031541744643418
1 0.023052840292 0.211 -0.5820991030568191 0.001811019412396656 0.2069999717616595 1.031270322960951
1 0.023052840292 0.212 -0.5821681883237582 0.001644340931802653 0.2064840414492587 1.031001166903795
1 0.023052840292 0.213 -0.5822307364063852 0.001484133731427883 0.2059743534629623 1.030734257801257
1 0.023052840292 0.214 -0.5822870042038909 0.001330300354731198 0.2054708092610815 1.030469577133777
1 0.023052840292 0.215 -0.5823372439716332 0.001182744300573742 0.2049733129765804 1.030207106533898
1 0.023052840292 0.216 -0.5823817061551796 0.001041369443832249 0.2044817697776184 1.029946827693845
1 0.023052840292 0.217 -0.582420634836833 0.0009060810100081791 0.2039960884139364 1.029688722518952
1 0.023052840292 0.218 -0.5824542723292233 0.0007767846086441649 0.2035161786143252 1.029432772974779
1 0.023052840292 0.219 -0.5824828564425096 0.0006533868330950996 0.2030419525842012 1.029178961180927
1 0.023052840292 0.22 -0.5825066205380651 0.0005357952685001432 0.2025733249349478 1.028927269411532
1 0.023052840292 0.221 -0.5825257962441418 0.0004239178894157142 0.2021102112089699 1.028677680001286
1 0.023052840292 0.222 -0.5825406091003809 0.0003176640620666641 0.2016525301683869 1.028430175500532
1 0.023052840292 0.223 -0.5825512829546334 0.000216943546343347 0.2012002014550181 1.028184738520379
1 0.023052840292 0.224 -0.5825580373516298 0.000121667108993821 0.2007531469356316 1.027941351827231
1 0.023052840292 0.225 -0.5825610875877947 3.174652710999208e-05 0.2003112906374181 1.027699998342872
1 0.023052840292 0.226 -0.582560647305075 -5.290602621824556e-05 0.1998745574234098 1.027460661049917
1 0.023052840292 0.227 -0.5825569243372888 -0.0001323769681909599 0.1994428750458868 1.027223323147098
1 0.023052840292 0.228 -0.5825501249056407 -0.0002067523188268739 0.1990161720461479 1.026987967893913
1 0.023052840292 0.229 -0.5825404511305879 -0.0002761170835494299 0.1985943789607601 1.026754578705009
1 0.023052840292 0.23 -0.5825281010869779 -0.0003405552533229196 0.1981774282627402 1.026523139149942
1 0.023052840292 0.231 -0.5825132712745684 -0.0004001504220550744 0.1977652531741453 1.026293632858858
1 0.023052840292 0.232 -0.5824961526671529 -0.0004549847744778564 0.1973577895050374 1.026066043676779
1 0.023052840292 0.233 -0.5824769347052806 -0.0005051400995448003 0.1969549737718738 1.025840355509017
1 0.023052840292 0.234 -0.5824558029313978 -0.000550697176191147 0.1965567442771404 1.025616552414746
1 0.023052840292 0.235 -0.5824329390446576 -0.000591735776362147 0.1961630410558244 1.025394618606476
1 0.023052840292 0.236 -0.5824085232482635 -0.0006283352783110151 0.1957738048129267 1.025174538356652
1 0.023052840292 0.237 -0.5823827304999726 -0.0006605736664831176 0.1953889785673011 1.024956296149927
1 0.023052840292 0.238 -0.5823557343029796 -0.0006885285348622327 0.1950085059690353 1.024739876530402
1 0.023052840292 0.239 -0.5823277044630875 -0.0007122764817780707 0.1946323322639319 1.024525264193797
1 0.023052840292 0.24 -0.5822988071426749 -0.0007318931152118083 0.194260404244867 1.024312443986704
1 0.023052840292 0.241 -0.5822692070862746 -0.0007474536563135803 0.1938926693028936 1.024101400814652
1 0.023052840292 0.242 -0.582239064069201 -0.0007590319594751258 0.1935290768937931 1.02389211979156
1 0.023052840292 0.243 -0.5822085364895043 -0.0007667014970118852 0.1931695770363104 1.023684586089642
1 0.023052840292 0.244 -0.5821777792448837 -0.0007705347676109304 0.1928141211720544 1.023478785029726
1 0.023052840292 0.245 -0.5821469437854087 -0.0007706033033978291 0.1924626621213604 1.023274702080328
1 0.023052840292 0.246 -0.5821161802197505 -0.0007669782592463573 0.1921151532375293 1.023072322767624
1 0.023052840292 0.247 -0.5820856339572366 -0.0007597294593583223 0.1917715497125237 1.022871632821444
1 0.023052840292 0.248 -0.5820554491053047 -0.0007489263566044635 0.1914318072393388 1.022672618028514
1 0.023052840292 0.249 -0.582025766463061 -0.0007346374581335678 0.1910958827770566 1.022475264320562
1 0.023052840292 0.25 -0.5819967235724497 -0.0007169303337697066 0.1907637345108444 1.02227955777325
1 0.023052840292 0.251 -0.5819684567083316 -0.0006958721877318402 0.1904353210997168 1.022085484518412
1 0.023052840292 0.252 -0.581941097708164 -0.0006715289364810937 0.190110602836467 1.021893030886065
1 0.023052840292 0.253 -0.5819147771805551 -0.0006439661376615528 0.1897895404588136 1.021702183261545
1 0.023052840292 0.254 -0.5818896226117569 -0.0006132484354973174 0.1894720958285388 1.021512928171103
1 0.023052840292 0.255 -0.5818657584150548 -0.0005794395701617933 0.1891582318952794 1.021325252280728
1 0.023052840292 0.256 -0.5818433078084757 -0.000542602929395564 0.1888479120289899 1.021139142310926
1 0.023052840292 0.257 -0.5818223898254735 -0.0005028006610862262 0.188541101047941 1.020954585174372
1 0.023052840292 0.258 -0.5818031223410549 -0.0004600945680963145 0.188237764164556 1.020771567837331
1 0.023052840292 0.259 -0.5817856202870519 -0.0004145455753332604 0.187937867586815 1.020590077402542
1 0.023052840292 0.26 -0.5817699956995651 -0.00036621373979436 0.1876413784855159 1.020410101107966
1 0.023052840292 0.261 -0.5817563594885123 -0.0003151587802931991 0.1873482644033593 1.020231626244294
1 0.023052840292 0.262 -0.5817448186221188 -0.0002614392271664301 0.1870584941636688 1.020054640287974
1 0.023052840292 0.263 -0.5817354789777123 -0.0002051132803901885 0.1867720369380259 1.019879130767208
1 0.023052840292 0.264 -0.5817284436613044 -0.0001462382995958097 0.1864888627774205 1.019705085341979
1 0.023052840292 0.265 -0.5817238130529772 -8.487081454677926e-05 0.1862089425826808 1.019532491802738
1 0.023052840292 0.266 -0.5817216864727808 -2.106703177919202e-05 0.1859322475827962 1.019361337990801
1 0.023052840292 0.267 -0.581722159531436 4.511797705004139e-05 0.1856587501359153 1.01919161192654
1 0.023052840292 0.268 -0.5817253268133242 0.000113629455440167 0.1853884229070025 1.019023301680186
1 0.023052840292 0.269 -0.5817312802957033 0.000184413448314223 0.1851212393355634 1.018856395448876
1 0.023052840292 0.27 -0.5817401093919728 0.0002574167913091301 0.1848571736089626 1.018690881555317
1 0.023052840292 0.271 -0.5817519025186142 0.0003325866279280974 0.1845962002032495 1.018526748371158
1 0.023052840292 0.272 -0.5817667446042877 0.0004098711817546155 0.1843382945869663 1.018363984440233
1 0.023052840292 0.273 -0.5817847196128011 0.0004892189760553718 0.1840834324980899 1.018202578354291
1 0.023052840292 0.274 -0.5818059090571737 0.000570579295969014 0.1838315903545515 1.018042518827019
1 0.023052840292 0.275 -0.5818303920407498 0.0006539021777245371 0.1835827452301857 1.017883794692693
1 0.023052840292 0.276 -0.5818582467299781 0.0007391379498969128 0.1833368744519188 1.017726394832574
1 0.023052840292 0.277 -0.5818895480139846 0.0008262379659682851 0.183093956215981 1.017570308293152
1 0.023052840292 0.278 -0.581924369875427 0.0009151538635816618 0.1828539689543512 1.017415524166874
1 0.023052840292 0.279 -0.5819627839945827 0.001005838002618471 0.1826168916937336 1.017262031663118
1 0.023052840292 0.28 -0.5820048597883098 0.00109824345447466 0.1823827040339013 1.017109820106835
1 0.023052840292 0.281 -0.5820506657934902 0.001192323567410253 0.1821513857956588 1.016958878868004
1 0.023052840292 0.282 -0.5821002674691667 0.001288032659708894 0.1819229175581836 1.016809197474867
1 0.023052840292 0.283 -0.5821537294232022 0.001385325318418829 0.1816972801060756 1.016660765499661
1 0.023052840292 0.284 -0.582211114101591 0.001484156813550498 0.1814744547419397 1.016513572626557
1 0.023052840292 0.285 -0.5822724818252886 0.001584483087513016 0.1812544232669033 1.016367608650308
1 0.023052840292 0.286 -0.5823378920891139 0.001686260344293375 0.1810371676742772 1.016222863408745
1 0.023052840292 0.287 -0.5824074014986276 0.001789445703834869 0.1808226706159499 1.016079326891045
1 0.023052840292 0.288 -0.5824810658604449 0.001893996539713907 0.1806109149219582 1.015936989128436
1 0.023052840292 0.289 -0.5825589389520333 0.001999870869896809 0.1804018838713503 1.015795840259136
1 0.023052840292 0.29 -0.5826410725564525 0.002107027346416998 0.1801955611746767 1.015655870527012
1 0.023052840292 0.291 -0.5827275176814387 0.00221542486791876 0.1799919307087386 1.015517070217081
1 0.023052840292 0.292 -0.5828183226233534 0.002325023196163515 0.1797909769192272 1.015379429758887
1 0.023052840292 0.293 -0.582913534928857 0.002435782331787057 0.1795926844054769 1.015242939622123
1 0.023052840292 0.294 -0.5830132002405616 0.002547662882216209 0.1793970381538511 1.015107590378597
1 0.023052840292 0.295 -0.5831173623297367 0.002660626051648292 0.1792040235220225 1.014973372700929
1 0.023052840292 0.296 -0.5832260642401872 0.002774633276339024 0.179013626010625 1.014840277301001
1 0.023052840292 0.297 -0.5833393464718097 0.002889646804366444 0.1788258316086613 1.014708295028541
1 0.023052840292 0.298 -0.583457248821136 0.003005629108379359 0.1786406264367833 1.014577416771558
1 0.023052840292 0.299 -0.5835798092983443 0.003122543231397233 0.1784579969470442 1.014447633515419
1 0.023052840292 0.3 -0.5837070641579962 0.003240352777138094 0.1782779299088011 1.014318936341581
1 0.023052840292 0.301 -0.5838390489721845 0.003359021567312263 0.1781004122134801 1.014191316368914
1 0.023052840292 0.302 -0.5839757969264759 0.003478514185938726 0.1779254311686593 1.01406476484763
1 0.023052840292 0.303 -0.5841173405465981 0.003598795427819917 0.1777529741938461 1.013939273064404
1 0.023052840292 0.304 -0.584263710682468 0.003719830623038942 0.1775830289900794 1.013814832398641
1 0.023052840292 0.305 -0.5844149365370304 0.003841585627669255 0.1774155835273 1.013691434321245
1 0.023052840292 0.306 -0.5845710466729981 0.003964026502249344 0.1772506258787954 1.013569070338744
1 0.023052840292 0.307 -0.5847320674142296 0.004087120022065023 0.1770881444693086 1.013447732082694
1 0.023052840292 0.308 -0.5848980244655688 0.004210833159958177 0.1769281278178503 1.013327411219355
1 0.023052840292 0.309 -0.585068941959715 0.004335133390399702 0.1767705646803043 1.013208099503236
1 0.023052840292 0.31 -0.5852448424842441 0.004459988680603755 0.1766154440381263 1.013089788775901
1 0.023052840292 0.311 -0.5854257480260875 0.004585367189297655 0.1764627549593601 1.012972470912809
1 0.023052840292 0.312 -0.5856116784716879 0.004711237744464253 0.1763124868056121 1.012856137908349
1 0.023052840292 0.313 -0.5858026531267102 0.004837569359004363 0.1761646290169577 1.012740781789915
1 0.023052840292 0.314 -0.5859986898217614 0.004964331515306391 0.1760191712304013 1.012626394668825
1 0.023052840292 0.315 -0.5861998049376751 0.00509149415677941 0.1758761032697758 1.012512968739172
1 0.023052840292 0.316 -0.5864060142916979 0.005219027405992644 0.1757354150305201 1.012400496227277
1 0.023052840292 0.317 -0.5866173317300679 0.005346902011421866 0.1755970966498951 1.012288969472519
1 0.023052840292 0.318 -0.5868337705540158 0.005475088894429567 0.1754611383295158 1.012178380845649
1 0.023052840292 0.319 -0.5870553426805261 0.005603559415277308 0.1753275304322444 1.012068722797182
1 0.023052840292 0.32 -0.5872820586659727 0.005732285365084877 0.1751962634731743 1.0119599878563
1 0.023052840292 0.321 -0.5875139285377897 0.005861238702390981 0.1750673280256277 1.011852168582808
1 0.023052840292 0.322 -0.5877509604734303 0.005990391970472303 0.174940714858569 1.011745257643935
1 0.023052840292 0.323 -0.5879931621387664 0.006119717874076068 0.1748164147927234 1.011639247736718
1 0.023052840292 0.324 -0.5882405399002755 0.006249189527831877 0.1746944187782314 1.011534131633967
1 0.023052840292 0.325 -0.58849309884711 0.006378780448638695 0.1745747178866141 1.011429902183227
1 0.023052840292 0.326 -0.5887508435718449 0.006508464309689332 0.1744573032356945 1.011326552261124
1 0.023052840292 0.327 -0.5890137769300871 0.006638215329935453 0.1743421660977792 1.011224074846323
1 0.023052840292 0.328 -0.5892819012970651 0.006768007878998745 0.1742292977857168 1.011122462945794
1 0.023052840292 0.329 -0.5895552178278205 0.006897816708938492 0.1741186897134174 1.011021709638473
1 0.023052840292 0.33 -0.5898337264777945 0.007027616947063681 0.1740103333887025 1.010921808074264
1 0.023052840292 0.331 -0.5901174267360488 0.007157383866465841 0.1739042203550782 1.01082275143069
1 0.023052840292 0.332 -0.590406316460112 0.007287093249192024 0.1738003422739096 1.010724532982163
1 0.023052840292 0.333 -0.5907003930562399 0.007416721017769079 0.1736986908371251 1.010627146029971
1 0.023052840292 0.334 -0.5909996527843734 0.007546243451273719 0.1735992578124994 1.010530583943738
1 0.023052840292 0.335 -0.5913040907773314 0.007675637178563545 0.1735020350373021 1.010434840160461
1 0.023052840292 0.336 -0.5916137017297087 0.007804878964373487 0.1734070143750513 1.010339908143364
1 0.023052840292 0.337 -0.591928478802857 0.007933946047735006 0.1733141877745903 1.01024578144766
1 0.023052840292 0.338 -0.5922484147339822 0.008062815798569439 0.1732235472064664 1.010152453654074
1 0.023052840292 0.339 -0.5925735011828243 0.008191465918990781 0.1731350846946891 1.010059918408206
1 0.023052840292 0.34 -0.592903728749538 0.008319874436946819 0.1730487923110998 1.009968169419624
1 0.023052840292 0.341 -0.5932390876222878 0.008448019506951692 0.172964662145418 1.009877200422788
1 0.023052840292 0.342 -0.5935795665475644 0.008575879725256384 0.172882686343844 1.00978700523949
1 0.023052840292 0.343 -0.5939251538729808 0.008703433809998535 0.1728028570664314 1.009697577715743
1 0.023052840292 0.344 -0.5942758369328115 0.008830660788646427 0.1727251665068658 1.009608911759149
1 0.023052840292 0.345 -0.5946316020646417 0.00895753999203938 0.1726496068874833 1.009521001338035
1 0.023052840292 0.346 -0.5949924352184977 0.009084050868851433 0.1725761704410888 1.009433840444367
1 0.023052840292 0.347 -0.5953583209879934 0.009210173278977739 0.1725048494314491 1.009347423153015
1 0.023052840292 0.348 -0.59572924359139 0.009335887195767386 0.172435636129243 1.009261743561849
1 0.023052840292 0.349 -0.596105186293312 0.009461172880491324 0.1723685228212521 1.009176795827212
1 0.023052840292 0.35 -0.5964861314202425 0.009586010876769765 0.1723035018059642 1.009092574163103
1 0.023052840292 0.351 -0.5968720609338465 0.009710381837888122 0.172240565385792 1.009009072805962
1 0.023052840292 0.352 -0.5972629555187352 0.009834266799818386 0.1721797058715875 1.008926286070954
1 0.023052840292 0.353 -0.5976587955060607 0.009957646904106157 0.172120915574993 1.008844208295075
1 0.023052840292 0.354 -0.5980595603288992 0.01008050356021669 0.1720641868082967 1.008762833870854
1 0.023052840292 0.355 -0.5984652285366702 0.01020281844033605 0.1720095118805635 1.008682157245565
1 0.023052840292 0.356 -0.5988757783351363 0.01032457331868932 0.1719568830990192 1.008602172887798
1 0.023052840292 0.357 -0.5992911867268502 0.01044575032556691 0.1719062927595043 1.008522875340905
1 0.023052840292 0.358 -0.5997114303812769 0.01056633168948544 0.1718577331532653 1.008444259168978
1 0.023052840292 0.359 -0.6001364851215026 0.0106862998882358 0.1718111965586044 1.008366318988849
1 0.023052840292 0.36 -0.6005663259376507 0.01080563764404407 0.1717666752374842 1.008289049469357
1 0.023052840292 0.361 -0.6010009274958761 0.01092432777407262 0.1717241614449663 1.008212445299587
1 0.023052840292 0.362 -0.6014402633278298 0.01104235342677005 0.1716836474073309 1.008136501239648
1 0.023052840292 0.363 -0.6018843066510273 0.01115969784197646 0.1716451253415433 1.008061212069356
1 0.023052840292 0.364 -0.6023330298847058 0.01127634449146588 0.1716085874397142 1.007986572618635
1 0.023052840292 0.365 -0.6027864046623058 0.01139227707445266 0.1715740258661301 1.007912577766828
1 0.023052840292 0.366 -0.6032444023116185 0.01150747937848775 0.1715414327737459 1.007839222412518
1 0.023052840292 0.367 -0.6037069930898579 0.01162193549939834 0.1715108002715233 1.007766501521787
1 0.023052840292 0.368 -0.6041741469577399 0.01173562961806058 0.171482120454986 1.007694410079448
1 0.023052840292 0.369 -0.6046458331224582 0.01184854613119645 0.1714553853844027 1.007622943117943
1 0.023052840292 0.37 -0.6051220200493028 0.01196066964721141 0.1714305870822007 1.007552095716695
1 0.023052840292 0.371 -0.605602675914962 0.01207198485673012 0.1714077175556131 1.007481862973418
1 0.023052840292 0.372 -0.6060877678850428 0.0121824767373391 0.1713867687546322 1.007412240050004
1 0.023052840292 0.373 -0.6065772628450695 0.01229213034580265 0.1713677326122258 1.00734322212616
1 0.023052840292 0.374 -0.6070711269687049 0.01240093093984237 0.1713506010170639 1.007274804426885
1 0.023052840292 0.375 -0.6075693257285676 0.01250886397429159 0.171335365811277 1.007206982221866
1 0.023052840292 0.376 -0.6080718243245461 0.01261591498054717 0.1713220188184491 1.007139750798187
1 0.023052840292 0.377 -0.6085785870008444 0.01272206975727577 0.1713105517934406 1.007073105503987
1 0.023052840292 0.378 -0.6090895777368689 0.01282731417690163 0.1713009564709831 1.007007041704356
1 0.023052840292 0.379 -0.6096047598389641 0.01293163429906474 0.1712932245336876 1.006941554807481
1 0.023052840292 0.38 -0.6101240959504904 0.01303501636707812 0.1712873476101119 1.00687664026408
1 0.023052840292 0.381 -0.6106475484568615 0.01313744669560393 0.1712833173073735 1.006812293541425
1 0.023052840292 0.382 -0.6111750788394217 0.01323891184843236 0.1712811251539685 1.006748510164913
1 0.023052840292 0.383 -0.6117066483289628 0.01333939845812159 0.1712807626555929 1.006685285676074
1 0.023052840292 0.384 -0.6122422175193758 0.01343889333179972 0.1712822212590944 1.006622615657478
1 0.023052840292 0.385 -0.6127817463770486 0.01353738344791097 0.1712854923508178 1.006560495732195
1 0.023052840292 0.386 -0.6133251946242064 0.01363485585145565 0.1712905672931846 1.006498921539062
1 0.023052840292 0.387 -0.6138725211271399 0.01373129781990006 0.1712974373615201 1.006437888772285
1 0.023052840292 0.388 -0.6144236845148768 0.01382669669489994 0.1713060938060669 1.006377393141441
1 0.023052840292 0.389 -0.6149786428132806 0.01392103998108054 0.171316527812474 1.006317430395208
1 0.023052840292 0.39 -0.6155373534538261 0.01401431534305836 0.1713287305003922 1.006257996320864
1 0.023052840292 0.391 -0.6160997736366902 0.0141065105076149 0.1713426929634353 1.006199086720715
1 0.023052840292 0.392 -0.616665859751061 0.0141976134187468 0.171358406200922 1.006140697449845
1 0.023052840292 0.393 -0.6172355679612767 0.01428761208045352 0.1713758611851542 1.006082824377998
1 0.023052840292 0.394 -0.6178088538600277 0.01437649464910036 0.1713950488189764 1.006025463412202
1 0.023052840292 0.395 -0.6183856724765646 0.01446424943070295 0.1714159599345954 1.005968610496299
1 0.023052840292 0.396 -0.6189659786208661 0.01455086478943383 0.1714385853363977 1.005912261588465
1 0.023052840292 0.397 -0.619549726333952 0.01463632929277492 0.1714629157284207 1.005856412697233
1 0.023052840292 0.398 -0.6201368694436061 0.0147206315643978 0.1714889417860624 1.005801059845119
1 0.023052840292 0.399 -0.6207273612354566 0.01480376037068602 0.1715166541111906 1.005746199090224
1 0.023052840292 0.4 -0.6213211544606658 0.01488570461826991 0.1715460432311616 1.005691826525791
1 0.023052840292 0.401 -0.6219182016623859 0.01496645326829362 0.1715770996440258 1.005637938258746
1 0.023052840292 0.402 -0.6225184546541886 0.01504599547258624 0.1716098137424548 1.005584530444096
1 0.023052840292 0.403 -0.6231218650472957 0.01512432043570893 0.1716441758891384 1.005531599250208
1 0.023052840292 0.404 -0.6237283839384267 0.01520141749618576 0.1716801763698709 1.005479140879436
1 0.023052840292 0.405 -0.6243379619170185 0.01527727612427664 0.1717178053927486 1.005427151567706
1 0.023052840292 0.406 -0.6249505493750654 0.01535188584145985 0.1717570531353417 1.005375627564024
1 0.023052840292 0.407 -0.6255660960119589 0.01542523634849412 0.1717979096657296 1.005324565163344
1 0.023052840292 0.408 -0.6261845513349679 0.01549731739575148 0.1718403650209189 1.005273960673391
1 0.023052840292 0.409 -0.6268058643628501 0.01556811885967901 0.1718844091582886 1.005223810434386
1 0.023052840292 0.41 -0.6274299836326477 0.01563763074079866 0.1719300319549482 1.005174110818652
1 0.023052840292 0.411 -0.6280568574939018 0.01570584308788611 0.1719772232564987 1.005124858211023
1 0.023052840292 0.412 -0.6286864336383635 0.01577274611875445 0.1720259727957605 1.005076049040285
1 0.023052840292 0.413 -0.6293186595752998 0.01583833009803363 0.1720762702736143 1.005027679747448
1 0.023052840292 0.414 -0.6299534823499606 0.01590258540936067 0.1721281053091483 1.004979746804615
1 0.023052840292 0.415 -0.6305908485499971 0.0159655025535953 0.1721814674391601 1.004932246714622
1 0.023052840292 0.416 -0.6312307045849405 0.01602707207720134 0.1722363461681695 1.004885175992273
1 0.023052840292 0.417 -0.6318729962394068 0.01608728468654219 0.1722927308853611 1.00483853119447
1 0.023052840292 0.418 -0.6325176691246386 0.01614613113230847 0.1723506109473138 1.004792308889812
1 0.023052840292 0.419 -0.6331646684110204 0.01620360227791 0.1724099756271568 1.004746505676688
1 0.023052840292 0.42 -0.633813938834162 0.01625968909789689 0.1724708141142001 1.004701118182932
1 0.023052840292 0.421 -0.6344654249604342 0.01631438261007326 0.172533115564897 1.004656143047846
1 0.023052840292 0.422 -0.6351190707624471 0.01636767398405666 0.1725968690184696 1.004611576951082
1 0.023052840292 0.423 -0.6357748200480775 0.01641955443159402 0.1726620634810472 1.004567416583509
1 0.023052840292 0.424 -0.636432616206322 0.01647001527160586 0.1727286878741071 1.004523658664557
1 0.023052840292 0.425 -0.6370924022130837 0.01651904792880273 0.1727967310342191 1.004480299941896
1 0.023052840292 0.426 -0.6377541208834661 0.01656664386908415 0.1728661817646882 1.004437337174203
1 0.023052840292 0.427 -0.6384177144684494 0.01661279470307727 0.1729370287502808 1.00439476715886
1 0.023052840292 0.428 -0.6390831250625111 0.01665749208161834 0.1730092606423448 1.00435258670402
1 0.023052840292 0.429 -0.6397502943621866 0.01670072775787755 0.1730828660067796 1.004310792645248
1 0.023052840292 0.43 -0.6404191636715993 0.01674249358616119 0.1731578333238845 1.004269381845223
1 0.023052840292 0.431 -0.6410896741421274 0.01678278146017064 0.1732341510404371 1.004228351177188
1 0.023052840292 0.432 -0.6417617663893423 0.01682158341220025 0.1733118074838974 1.004187697551565
1 0.023052840292 0.433 -0.6424353808801843 0.01685889151309727 0.1733907909481248 1.004147417889121
1 0.023052840292 0.434 -0.6431104577036911 0.0168946979318744 0.1734710896410978 1.00410750913696
1 0.023052840292 0.435 -0.6437869365763054 0.01692899493468864 0.1735526916848551 1.004067968268244
1 0.023052840292 0.436 -0.6444647570694456 0.01696177482555588 0.1736355851677948 1.00402879226629
1 0.023052840292 0.437 -0.645143858245905 0.01699303004185468 0.1737197580586894 1.003989978150158
1 0.023052840292 0.438 -0.6458241790274108 0.01702275305811115 0.1738051982926586 1.003951522948858
1 0.023052840292 0.439 -0.6465056579770581 0.01705093644348646 0.1738918937188353 1.003913423716728
1 0.023052840292 0.44 -0.6471882333044289 0.01707757286092344 0.1739798321003894 1.003875677533176
1 0.023052840292 0.441 -0.6478718430815199 0.01710265500993261 0.1740690011668536 1.003838281487379
1 0.023052840292 0.442 -0.6485564248979239 0.01712617571901614 0.1741593885282521 1.003801232702913
1 0.023052840292 0.443 -0.6492419162094766 0.01714812785265682 0.1742509817610185 1.003764528312931
1 0.023052840292 0.444 -0.6499282541320062 0.01716850436704826 0.1743437683557874 1.003728165474973
1 0.023052840292 0.445 -0.6506153754462983 0.01718729830940086 0.1744377357174919 1.003692141370718
1 0.023052840292 0.446 -0.6513032168027572 0.01720450276243413 0.1745328712175414 1.003656453191256
1 0.023052840292 0.447 -0.6519917143948121 0.01722011093430442 0.1746291621083345 1.003621098160812
1 0.023052840292 0.448 -0.6526808042892346 0.01723411606820808 0.1747265956088463 1.00358607351284
1 0.023052840292 0.449 -0.6533704222308857 0.01724651149670365 0.1748251588527037 1.003551376504295
1 0.023052840292 0.45 -0.6540605036475591 0.01725729064116911 0.1749248388883503 1.003517004415402
1 0.023052840292 0.451 -0.6547509838436807 0.0172664469576538 0.1750256227309182 1.003482954535454
1 0.023052840292 0.452 -0.6554417976914991 0.01727397402486367 0.1751274972773702 1.0034492241857
1 0.023052840292 0.453 -0.6561328799435364 0.01727986545581898 0.1752304493915066 1.003415810696288
1 0.023052840292 0.454 -0.6568241650480882 0.01728411495109963 0.1753344658524681 1.003382711420034
1 0.023052840292 0.455 -0.6575155871539711 0.01728671629844591 0.1754395333549616 1.003349923732205
1 0.023052840292 0.456 -0.6582070802935027 0.01728766331964136 0.1755456385606844 1.003317445016823
1 0.023052840292 0.457 -0.6588985780911382 0.01728694995708042 0.1756527680143166 1.003285272688746
1 0.023052840292 0.458 -0.6595900140584132 0.01728457018694983 0.1757609082277219 1.003253404171428
1 0.023052840292 0.459 -0.6602813214200117 0.01728051807171122 0.1758700456290085 1.003221836910206
1 0.023052840292 0.46 -0.6609724331184486 0.01727478775983781 0.1759801665628098 1.003190568372098
1 0.023052840292 0.461 -0.6616632819865012 0.01726737343341644 0.1760912573411333 1.003159596032579
1 0.023052840292 0.462 -0.6623538004730608 0.01725826939379517 0.1762033041604033 1.003128917396912
1 0.023052840292 0.463 -0.6630439209208213 0.01724746997578526 0.1763162931846509 1.003098529978663
1 0.023052840292 0.464 -0.6637335754027932 0.01723496959967845 0.1764302104952523 1.003068431312548
1 0.023052840292 0.465 -0.664422695726945 0.01722076277111229 0.1765450420912589 1.003038618954239
1 0.023052840292 0.466 -0.6651112135982037 0.01720484402909626 0.1766607739395543 1.003009090467577
1 0.023052840292 0.467 -0.6657990603613825 0.01718720803121001 0.1767773918931301 1.00297984344521
1 0.023052840292 0.468 -0.6664861672617721 0.01716784946834973 0.1768948817730795 1.002950875487812
1 0.023052840292 0.469 -0.6671724652920359 0.01714676311656143 0.1770132293191201 1.002922184216512
1 0.023052840292 0.47 -0.6678578851968353 0.01712394383702789 0.1771324201899706 1.00289376727271
1 0.023052840292 0.471 -0.668542357624456 0.01709938652423975 0.1772524400127078 1.002865622305711
1 0.023052840292 0.472 -0.6692258128867666 0.01707308619118908 0.1773732743024452 1.00283774699269
1 0.023052840292 0.473 -0.6699081812027767 0.01704503788421016 0.177494908542957 1.002810139018594
1 0.023052840292 0.474 -0.6705893925559014 0.01701523673489447 0.1776173281380871 1.002782796088165
1 0.023052840292 0.475 -0.6712693766985975 0.01698367796019217 0.1777405184121688 1.002755715925771
1 0.023052840292 0.476 -0.6719480632936146 0.016950356810465 0.1778644646584818 1.002728896263429
1 0.023052840292 0.477 -0.6726253816910274 0.0169152686550943 0.1779891520604908 1.002702334860149
1 0.023052840292 0.478 -0.6733012611547377 0.01687840889699189 0.1781145657709414 1.002676029482464
1 0.023052840292 0.479 -0.6739756307301479 0.01683977302484693 0.1782406908642476 1.00264997791608
1 0.023052840292 0.48 -0.6746484192488312 0.01679935661333535 0.1783675123369522 1.002624177965717
1 0.023052840292 0.481 -0.675319555459359 0.01675715527080626 0.1784950151551914 1.002598627443508
1 0.023052840292 0.482 -0.6759889678215304 0.01671316472569921 0.1786231841776399 1.002573324187734
1 0.023052840292 0.483 -0.6766565847157084 0.01666738074032538 0.1787520042329303 1.002548266043975
1 0.023052840292 0.484 -0.6773223343209978 0.01661979916368177 0.1788814600731068 1.002523450876389
1 0.023052840292 0.485 -0.6779861446199655 0.016570415931762 0.1790115363741237 1.002498876567566
1 0.023052840292 0.486 -0.6786479435189503 0.01651922701464294 0.1791422177822306 1.002474541007284
1 0.023052840292 0.487 -0.6793076586596871 0.01646622850408176 0.1792734888387638 1.002450442110673
1 0.023052840292 0.488 -0.6799652176112956 0.01641141652619188 0.1794053340557474 1.002426577799938
1 0.023052840292 0.489 -0.6806205477590955 0.01635478729504542 0.1795377378704975 1.002402946015306
1 0.023052840292 0.49 -0.6812735763093989 0.01629633711307897 0.1796706846461558 1.002379544714876
1 0.023052840292 0.491 -0.6819242303991592 0.01623606231736152 0.1798041587169152 1.002356371863721
1 0.023052840292 0.492 -0.6825724369252623 0.01617395936871843 0.1799381443147869 1.00233342545151
1 0.023052840292 0.493 -0.6832181227189087 0.01611002476295019 0.1800726256432519 1.002310703474774
1 0.023052840292 0.494 -0.6838612144452474 0.01604425508542986 0.1802075868330943 1.00228820394753
1 0.023052840292 0.495 -0.6845016386082577 0.01597664701159739 0.1803430119429696 1.002265924901142
1 0.023052840292 0.496 -0.6851393216495523 0.01590719725220436 0.1804788850033897 1.002243864373737
1 0.023052840292 0.497 -0.6857741897956725 0.01583590264428865 0.1806151899455955 1.002222020427315
1 0.023052840292 0.498 -0.6864061692145431 0.01576276006060752 0.1807519106731293 1.002200391130539
1 0.023052840292 0.499 -0.687035185926139 0.01568776646542253 0.1808890310189743 1.002178974569045
1 0.023052840292 0.5 -0.6876611658074753 0.01561091891507629 0.1810265347461562 1.002157768845306
1 0.023052840292 0.501 -0.6882840346803409 0.01553221450202338 0.1811644055904122 1.002136772068367
1 0.023052840292 0.502 -0.6889037181769999 0.01545165044795688 0.1813026271912925 1.00211598237045
1 0.023052840292 0.503 -0.6895201418783266 0.01536922401114993 0.1814411831615289 1.002095397890245
1 0.023052840292 0.504 -0.6901332312357652 0.01528493254360695 0.1815800570455554 1.002075016782926
1 0.023052840292 0.505 -0.6907429115764414 0.0151987734917169 0.181719232320144 1.002054837220019
1 0.023052840292 0.506 -0.6913491081795672 0.01511074433889332 0.1818586924356808 1.002034857379431
1 0.023052840292 0.507 -0.6919517461610046 0.01502084270113156 0.18199842074962 1.002015075461581
1 0.023052840292 0.508 -0.6925507505926382 0.01492906623197541 0.1821384005935256 1.00199548967317
1 0.023052840292 0.509 -0.6931460464359134 0.01483541268120011 0.182278615233048 1.001976098236913
1 0.023052840292 0.51 -0.6937375585470873 0.01473987989553591 0.1824190478685928 1.001956899391409
1 0.023052840292 0.511 -0.6943252117420079 0.01464246575975391 0.1825596816751304 1.001937891381454
1 0.023052840292 0.512 -0.6949089307000544 0.01454316829491088 0.1827004997381244 1.001919072473716
1 0.023052840292 0.513 -0.6954886400642433 0.01444198556067957 0.1828414851181242 1.00190044094097
1 0.023052840292 0.514 -0.6960642643866692 0.01433891571571544 0.1829826208122718 1.001881995071544
1 0.023052840292 0.515 -0.6966357281339077 0.0142339570184448 0.1831238897550041 1.001863733169202
1 0.023052840292 0.516 -0.6972029557398421 0.01412710776644617 0.1832652748563213 1.001845653543733
1 0.023052840292 0.517 -0.6977658715295435 0.01401836639761794 0.1834067589403124 1.001827754526174
1 0.023052840292 0.518 -0.6983243997995563 0.01390773138963268 0.1835483248071761 1.001810034453498
1 0.023052840292 0.519 -0.6988784647755956 0.01379520132212657 0.183689955196333 1.001792491677793
1 0.023052840292 0.52 -0.6994279906181105 0.01368077487754622 0.1838316327871614 1.001775124566147
1 0.023052840292 0.521 -0.699972901462808 0.0135644507786886 0.1839733402356497 1.0017579314915
1 0.023052840292 0.522 -0.7005131213650746 0.01344622789300529 0.1841150601156429 1.001740910847446
1 0.023052840292 0.523 -0.7010485743598486 0.01332610512896261 0.1842567749781683 1.001724061033344
1 0.023052840292 0.524 -0.7015791844319464 0.01320408150017967 0.1843984673162288 1.001707380463243
1 0.023052840292 0.525 -0.7021048755218026 0.01308015612632827 0.1845401195655728 1.001690867565771
1 0.023052840292 0.526 -0.7026255715533051 0.01295432816870709 0.1846817141396548 1.001674520775243
1 0.023052840292 0.527 -0.7031411963994094 0.01282659693787541 0.1848232333737288 1.001658338546045
1 0.023052840292 0.528 -0.7036516739209551 0.01269696178672195 0.1849646595813532 1.001642319338168
1 0.023052840292 0.529 -0.7041569279500263 0.01256542217666476 0.1851059750209424 1.001626461625879
1 0.023052840292 0.53 -0.7046568822958743 0.01243197767859844 0.1852471618965719 1.001610763897612
1 0.023052840292 0.531 -0.7051514607596636 0.01229662790639134 0.1853882023911692 1.001595224647329
1 0.023052840292 0.532 -0.7056405871219585 0.01215937262802068 0.1855290786135829 1.001579842388499
1 0.023052840292 0.533 -0.7061241851598117 0.01202021165517377 0.1856697726521394 1.001564615640036
1 0.023052840292 0.534 -0.7066021786435762 0.01187914491161047 0.185810266543031 1.001549542934728
1 0.023052840292 0.535 -0.7070744913430249 0.01173617243415212 0.1859505422711573 1.001534622819131
1 0.023052840292 0.536 -0.7075410470285779 0.01159129430400282 0.1860905818014672 1.001519853845173
1 0.023052840292 0.537 -0.70800176948138 0.01144451076153759 0.1862303670291364 1.001505234583737
1 0.023052840292 0.538 -0.708456582487949 0.01129582209228019 0.1863698798300428 1.001490763610997
1 0.023052840292 0.539 -0.7089054098508849 0.01114522869751632 0.1865091020310743 1.001476439516611
1 0.023052840292 0.54 -0.7093481753951899 0.01099273109531878 0.1866480154110066 1.001462260903612
1 0.023052840292 0.541 -0.7097848029555351 0.01083832984960647 0.1867866017299142 1.001448226380253
1 0.023052840292 0.542 -0.7102152164096729 0.01068202568871671 0.1869248426825936 1.001434334573204
1 0.023052840292 0.543 -0.7106393396499063 0.01052381938762437 0.1870627199458213 1.001420584114278
1 0.023052840292 0.544 -0.7110570966081529 0.01036371184088168 0.1872002151506651 1.001406973648383
1 0.023052840292 0.545 -0.7114684112624716 0.01020170406367422 0.1873373098833995 1.001393501833425
1 0.023052840292 0.546 -0.7118732076099111 0.01003779711854339 0.1874739857129018 1.001380167332381
1 0.023052840292 0.547 -0.7122714097240223 0.009871992237854304 0.187610224147461 1.001366968826115
1 0.023052840292 0.548 -0.7126629417023869 0.009704290702140687 0.1877460066786793 1.001353905000489
1 0.023052840292 0.549 -0.7130477277065072 0.009534693915435259 0.1878813147558729 1.001340974554085
1 0.023052840292 0.55 -0.7134256919685468 0.009363203406351158 0.1880161297870263 1.001328176198107
1 0.023052840292 0.551 -0.7137967587492844 0.009189820752405682 0.1881504331640873 1.001315508648684
1 0.023052840292 0.552 -0.7141608524205175 0.009014547706475534 0.1882842062233051 1.00130297063932
1 0.023052840292 0.553 -0.7145178973878638 0.008837386071171687 0.1884174302856333 1.001290560908366
1 0.023052840292 0.554 -0.7148678181459611 0.008658337776612322 0.1885500866333074 1.00127827820653
1 0.023052840292 0.555 -0.7152105392854264 0.008477404881524382 0.1886821565108406 1.001266121296772
1 0.023052840292 0.556 -0.7155459854354299 0.008294589495118403 0.188813621148127 1.001254088946837
1 0.023052840292 0.5570000000000001 -0.7158740813717946 0.008109893907603258 0.18894446172446 1.001242179941334
1 0.023052840292 0.5580000000000001 -0.7161947519142702 0.007923320460514884 0.1890746594052864 1.001230393069582
1 0.023052840292 0.5590000000000001 -0.7165079219975338 0.007734871626971853 0.1892041953210543 1.001218727132891
1 0.023052840292 0.5600000000000001 -0.7168135166783722 0.007544550012791901 0.1893330505682499 1.001207180944464
1 0.023052840292 0.5610000000000001 -0.7171114610623815 0.007352358275879331 0.1894612062302183 1.001195753322149
1 0.023052840292 0.5620000000000001 -0.7174016804385814 0.007158299260852407 0.1895886433450152 1.001184443100162
1 0.023052840292 0.5630000000000001 -0.7176841001503442 0.006962375865268853 0.1897153429383589 1.001173249117283
1 0.023052840292 0.5640000000000001 -0.7179586456826981 0.006764591122392676 0.1898412860048438 1.001162170223934
1 0.023052840292 0.5650000000000001 -0.7182252426697332 0.006564948202320582 0.18996645350902 1.001151205282074
1 0.023052840292 0.5660000000000001 -0.7184838168049286 0.006363450328854918 0.1900908264038353 1.001140353158167
1 0.023052840292 0.5670000000000001 -0.7187342940031054 0.006160100918278113 0.1902143856024791 1.001129612734554
1 0.023052840292 0.5680000000000001 -0.7189766002441872 0.00595490344143671 0.190337112007376 1.001118982898009
1 0.023052840292 0.5690000000000001 -0.7192106616773105 0.005747861509036696 0.1904589864938607 1.00110846254659
1 0.023052840292 0.5700000000000001 -0.7194364046284553 0.005538978872774727 0.1905799899113021 1.001098050589548
1 0.023052840292 0.5710000000000001 -0.7196537554938942 0.005328259339681033 0.1907001030990691 1.001087745940503
1 0.023052840292 0.5720000000000001 -0.7198626409303172 0.00511570691505673 0.1908193068625296 1.001077547528467
1 0.023052840292 0.5730000000000001 -0.7200629876705924 0.004901325660396744 0.1909375819979235 1.001067454286752
1 0.023052840292 0.5740000000000001 -0.7202547226451887 0.004685119781219671 0.1910549092785986 1.00105746515961
1 0.023052840292 0.5750000000000001 -0.7204377729900338 0.004467093628198865 0.1911712694561815 1.00104757910214
1 0.023052840292 0.5760000000000001 -0.7206120659225773 0.004247251608970855 0.1912866432739654 1.001037795073677
1 0.023052840292 0.577 -0.7207775289609193 0.004025598335233206 0.191401011447233 1.001028112048474
1 0.023052840292 0.578 -0.7209340897107404 0.003802138476504855 0.1915143546838406 1.001018529004949
1 0.023052840292 0.579 -0.7210816760045422 0.003576876850485656 0.1916266536731197 1.001009044932121
1 0.023052840292 0.58 -0.7212202159097315 0.003349818424182359 0.1917378890870941 1.000999658829519
1 0.023052840292 0.581 -0.7213496375867926 0.003120968223189121 0.1918480415911881 1.000990369700773
1 0.023052840292 0.582 -0.7214698695382492 0.00289033148292562 0.191957091829043 1.000981176563967
1 0.023052840292 0.583 -0.7215808403659321 0.002657913498251577 0.1920650204386436 1.000972078441215
1 0.023052840292 0.584 -0.7216824789285429 0.002423719716339865 0.1921718080439894 1.000963074364899
1 0.023052840292 0.585 -0.721774714349963 0.002187755737792806 0.192277435256359 1.000954163377577
1 0.023052840292 0.586 -0.7218574758590298 0.001950027223412058 0.1923818826822333 1.000945344525777
1 0.023052840292 0.587 -0.7219306930691582 0.001710540049539208 0.1924851309127818 1.000936616870022
1 0.023052840292 0.588 -0.7219942957051185 0.001469300153558588 0.1925871605353551 1.000927979474733
1 0.023052840292 0.589 -0.7220482137794239 0.001226313629257649 0.1926879521280346 1.000919431414269
1 0.023052840292 0.59 -0.7220923776008623 0.0009815867279287693 0.1927874862609446 1.000910971772839
1 0.023052840292 0.591 -0.7221267175953772 0.0007351257626565102 0.1928857435012831 1.000902599638494
1 0.023052840292 0.592 -0.7221511646171626 0.0004869372677056269 0.1929827044076554 1.000894314112818
1 0.023052840292 0.593 -0.7221656496441347 0.0002370278399636945 0.1930783495367567 1.000886114301174
1 0.023052840292 0.594 -0.7221701039736387 -1.459576324813113e-05 0.1931726594409074 1.000877999318535
1 0.023052840292 0.595 -0.7221644592311963 -0.000267926623092397 0.1932656146694154 1.000869968289399
1 0.023052840292 0.596 -0.7221486471720011 -0.0005229577573723743 0.1933571957706036 1.000862020341978
1 0.023052840292 0.597 -0.7221226000242896 -0.0007796819571686058 0.1934473832911736 1.000854154617572
1 0.023052840292 0.598 -0.7220862501527003 -0.001038091949387958 0.1935361577778957 1.000846370261134
1 0.023052840292 0.599 -0.722039530273784 -0.001298180296549589 0.1936234997782432 1.000838666426903
1 0.023052840292 0.6 -0.7219823734649664 -0.001559939395725837 0.1937093898418028 1.000831042278328
1 0.023052840292 0.601 -0.7219147129461707 -0.001823361579094965 0.1937938085191903 1.000823496982445
1 0.023052840292 0.602 -0.7218364824562516 -0.002088438946690816 0.1938767363666258 1.000816029718938
1 0.023052840292 0.603 -0.7217476158834537 -0.002355163532858389 0.1939581539424502 1.000808639671017
1 0.023052840292 0.604 -0.7216480475011983 -0.002623527203693671 0.1940380418109676 1.000801326030867
1 0.023052840292 0.605 -0.7215377119772562 -0.002893521656012558 0.194116380543908 1.000794087999563
1 0.023052840292 0.606 -0.7214165441350251 -0.003165138520240768 0.1941931507161154 1.000786924781649
1 0.023052840292 0.607 -0.7212844793637935 -0.003438369189381396 0.1942683329155225 1.00077983559388
1 0.023052840292 0.608 -0.7211414532155251 -0.00371320498927555 0.1943419077343068 1.000772819656414
1 0.023052840292 0.609 -0.7209874016613879 -0.003989637073763003 0.1944138557760561 1.000765876198075
1 0.023052840292 0.61 -0.7208222611011296 -0.004267656423683476 0.1944841576572814 1.000759004456267
1 0.023052840292 0.611 -0.7206459681035478 -0.004547253952035374 0.1945527939997665 1.000752203671741
1 0.023052840292 0.612 -0.7204584598513306 -0.004828420329281941 0.1946197454461275 1.000745473097032
1 0.023052840292 0.613 -0.7202596737034164 -0.005111146157299518 0.1946849926454223 1.000738811987958
1 0.023052840292 0.614 -0.7200495474727132 -0.005395421862335575 0.1947485162637529 1.000732219608695
1 0.023052840292 0.615 -0.7198280194356705 -0.005681237694046599 0.1948102969858291 1.000725695231697
1 0.023052840292 0.616 -0.7195950280514968 -0.005968583832847729 0.1948703155038653 1.000719238132645
1 0.023052840292 0.617 -0.7193505124422934 -0.006257450211693766 0.194928552538912 1.000712847598582
1 0.023052840292 0.618 -0.7190944119202678 -0.006547826693581971 0.1949849888207318 1.000706522919718
1 0.023052840292 0.619 -0.718826666287074 -0.006839702962393468 0.1950396051019524 1.000700263394317
1 0.023052840292 0.62 -0.7185472158435728 -0.007133068521971861 0.1950923821596809 1.000694068328625
1 0.023052840292 0.621 -0.7182560010873673 -0.007427912805576487 0.1951433007808341 1.000687937031995
1 0.023052840292 0.622 -0.7179529632289213 -0.007724224994289732 0.1951923417894287 1.00068186882473
1 0.023052840292 0.623 -0.7176380436829282 -0.008021994197926033 0.1952394860205369 1.000675863030182
1 0.023052840292 0.624 -0.7173111843896871 -0.008321209343851799 0.1952847143381038 1.000669918979463
1 0.023052840292 0.625 -0.7169723278250423 -0.008621859176108804 0.1953280076366121 1.000664036011373
1 0.023052840292 0.626 -0.7166214166758272 -0.008923932366874616 0.195369346822732 1.000658213467701
1 0.023052840292 0.627 -0.7162583943926237 -0.009227417331662536 0.1954087128487564 1.000652450700783
1 0.023052840292 0.628 -0.7158832046446222 -0.009532302413473522 0.1954460866804499 1.000646747065887
1 0.023052840292 0.629 -0.7154957916634278 -0.009838575769698755 0.1954814493186434 1.000641101925755
1 0.023052840292 0.63 -0.7150961002531701 -0.01014622537129179 0.1955147818009484 1.000635514650522
1 0.023052840292 0.631 -0.7146840754434629 -0.01045523911613072 0.1955460651796146 1.000629984613205
1 0.023052840292 0.632 -0.714259663079429 -0.01076560464119162 0.1955752805612934 1.000624511196965
1 0.023052840292 0.633 -0.7138228092394215 -0.01107730950976546 0.1956024090685965 1.000619093787784
1 0.023052840292 0.634 -0.7133734606016308 -0.0113903410965563 0.1956274318655785 1.000613731778833
1 0.023052840292 0.635 -0.7129115644543546 -0.01170468658690598 0.195650330159501 1.000608424570395
1 0.023052840292 0.636 -0.7124370683261052 -0.01202033309194396 0.1956710851747855 1.000603171565521
1 0.023052840292 0.637 -0.7119499206134859 -0.01233726745792915 0.1956896781992883 1.000597972177016
1 0.023052840292 0.638 -0.7114500699611781 -0.01265547645633989 0.1957060905393847 1.000592825820397
1 0.023052840292 0.639 -0.710937465651699 -0.01297494666728904 0.1957203035494508 1.000587731918092
1 0.023052840292 0.64 -0.7104120576158215 -0.01329566447880509 0.1957322986336762 1.000582689899358
1 0.023052840292 0.641 -0.7098737960394825 -0.01361761620364694 0.1957420572160024 1.000577699196119
1 0.023052840292 0.642 -0.7093226320300573 -0.01394078788602305 0.1957495607930871 1.000572759249664
1 0.023052840292 0.643 -0.7087585169580574 -0.01426516549434834 0.1957547908827359 1.000567869503889
1 0.023052840292 0.644 -0.7081814028703641 -0.01459073480310606 0.19575772905749 1.000563029409326
1 0.023052840292 0.645 -0.7075912425007856 -0.01491748139218902 0.195758356946487 1.000558238423068
1 0.023052840292 0.646 -0.7069879888534465 -0.01524539076524823 0.1957566562012772 1.000553496004764
1 0.023052840292 0.647 -0.7063715959079623 -0.01557444815401174 0.1957526085556515 1.000548801623055
1 0.023052840292 0.648 -0.7057420179223376 -0.0159046387134889 0.1957461957672451 1.000544154749087
1 0.023052840292 0.649 -0.7050992098699711 -0.01623594740241696 0.1957373996553371 1.000539554860369
1 0.023052840292 0.65 -0.7044431274503379 -0.01656835898266588 0.1957262021027569 1.00053500144071
1 0.023052840292 0.651 -0.7037737266485677 -0.01690185813898195 0.1957125850174747 1.000530493976368
1 0.023052840292 0.652 -0.703090964479976 -0.01723642928114155 0.1956965303994614 1.00052603196223
1 0.023052840292 0.653 -0.7023947982536962 -0.0175720567413701 0.1956780202752947 1.00052161489558
1 0.023052840292 0.654 -0.701685186033724 -0.01790872465351927 0.1956570367402717 1.000517242279809
1 0.023052840292 0.655 -0.7009620866497127 -0.0182464169525388 0.1956335619603598 1.000512913624345
1 0.023052840292 0.656 -0.7002254592324755 -0.01858511749546815 0.19560757812946 1.000508628440966
1 0.023052840292 0.657 -0.6994752639982811 -0.0189248098616733 0.195579067543462 1.000504386249719
1 0.023052840292 0.658 -0.6987114614728019 -0.019265477552235 0.1955480125276877 1.000500186572949
1 0.023052840292 0.659 -0.6979340129764364 -0.01960710386800988 0.1955143954834156 1.000496028938854
1 0.023052840292 0.66 -0.6971428806352036 -0.0199496719091728 0.1954781988898741 1.000491912881414
1 0.023052840292 0.661 -0.6963380268919346 -0.02029316469730193 0.1954394052570795 1.000487837936861
1 0.023052840292 0.662 -0.6955194153306914 -0.02063756497395914 0.195397997207243 1.000483803649345
1 0.023052840292 0.663 -0.6946870098606612 -0.02098285540178936 0.1953539573948949 1.000479809565221
1 0.023052840292 0.664 -0.6938407752259659 -0.02132901844162685 0.1953072685579125 1.000475855236443
1 0.023052840292 0.665 -0.6929806770166395 -0.0216760363521112 0.1952579135195544 1.000471940220503
1 0.023052840292 0.666 -0.6921066811553077 -0.0220238913127038 0.1952058751367813 1.000468064077048
1 0.023052840292 0.667 -0.6912187547620334 -0.02237256522088437 0.195151136389162 1.000464226373305
1 0.023052840292 0.668 -0.6903168652978422 -0.02272203989469149 0.195093680291528 1.000460426678607
1 0.023052840292 0.669 -0.6894009810991921 -0.02307229694904205 0.1950334899495951 1.000456664567649
1 0.023052840292 0.67 -0.6884710713890208 -0.02342331779542416 0.1949705485620349 1.000452939620417
1 0.023052840292 0.671 -0.687527105738742 -0.02377508376567585 0.1949048393641908 1.000449251418964
1 0.023052840292 0.672 -0.6865690549737669 -0.0241275759080818 0.1948363457246229 1.00044559955259
1 0.023052840292 0.673 -0.6855968902764006 -0.02448077519107332 0.1947650510501516 1.000441983612609
1 0.023052840292 0.674 -0.6846105837451125 -0.02483466237893616 0.1946909388461549 1.000438403195459
1 0.023052840292 0.675 -0.6836101084056369 -0.0251892180315835 0.1946139927186757 1.000434857902641
1 0.023052840292 0.676 -0.6825954376481513 -0.02554442262892051 0.1945341963134505 1.000431347337627
1 0.023052840292 0.677 -0.6815665461736647 -0.02590025636613697 0.1944515334202221 1.000427871110814
1 0.023052840292 0.678 -0.6805234090560828 -0.02625669935827324 0.1943659878700412 1.000424428834525
1 0.023052840292 0.679 -0.6794660023263815 -0.02661373151549878 0.1942775436003161 1.000421020125981
1 0.023052840292 0.68 -0.6783943029837459 -0.02697133254296796 0.1941861846569526 1.000417644607234
1 0.023052840292 0.681 -0.6773082884078319 -0.02732948206558761 0.1940918951286197 1.00041430190222
1 0.023052840292 0.6820000000000001 -0.6762079373461509 -0.02768815942281186 0.1939946592589487 1.000410991641491
1 0.023052840292 0.6830000000000001 -0.6750932289351602 -0.02804734387377003 0.1938944613359718 1.000407713457435
1 0.023052840292 0.6840000000000001 -0.6739641433094088 -0.02840701447230431 0.1937912857619941 1.000404466987114
1 0.023052840292 0.6850000000000001 -0.6728206616126957 -0.02876715006691142 0.1936851170557629 1.000401251872203
1 0.023052840292 0.6860000000000001 -0.6716627653853544 -0.02912772942572355 0.1935759397819017 1.000398067756179
1 0.023052840292 0.6870000000000001 -0.6704904375927015 -0.02948873103112233 0.1934637386711016 1.000394914288825
1 0.023052840292 0.6880000000000001 -0.6693036616050717 -0.02985013328511394 0.1933484985015891 1.00039179112168
1 0.023052840292 0.6890000000000001 -0.6681024218319641 -0.03021191438432081 0.1932302041738815 1.000388697910741
1 0.023052840292 0.6900000000000001 -0.6668867037332025 -0.03057405232001196 0.1931088407129822 1.000385634316406
1 0.023052840292 0.6910000000000001 -0.66565649318122 -0.03093652500310144 0.1929843931929224 1.000382600000788
1 0.023052840292 0.6920000000000001 -0.6644117775305748 -0.03129931005890861 0.1928568468650383 1.000379594632016
1 0.023052840292 0.6930000000000001 -0.6631525445569123 -0.03166238503245532 0.1927261870313705 1.000376617879892
1 0.023052840292 0.6940000000000001 -0.6618787831161016 -0.03202572726361279 0.1925923991243587 1.000373669418468
1 0.023052840292 0.6950000000000001 -0.6605904831553807 -0.03238931388722327 0.1924554687090582 1.000370748925992
1 0.023052840292 0.6960000000000001 -0.6592876350506556 -0.03275312195791404 0.1923153814027368 1.000367856082342
1 0.023052840292 0.6970000000000001 -0.6579702307170218 -0.03311712824534091 0.1921721230113161 1.000364990573134
1 0.023052840292 0.6980000000000001 -0.6566382625067037 -0.03348130943907252 0.1920256793946218 1.000362152085575
1 0.023052840292 0.6990000000000001 -0.6552917238931265 -0.03384564202409945 0.1918760365510618 1.00035934031092
1 0.023052840292 0.7000000000000001 -0.6539306094820304 -0.03421010228104962 0.1917231806198599 1.00035655494442
1 0.023052840292 0.7010000000000001 -0.6525549143238411 -0.03457466641061018 0.1915670977956642 1.000353795682881
1 0.023052840292 0.7020000000000001 -0.6511646350650658 -0.03493931032960044 0.1914077744732164 1.00035106222857
1 0.023052840292 0.7030000000000001 -0.6497597688053255 -0.03530400987509905 0.1912451971043859 1.00034835428527
1 0.023052840292 0.704 -0.6483403138062719 -0.03566874068052764 0.1910793522878665 1.000345671560618
1 0.023052840292 0.705 -0.6469062695026478 -0.03603347817596277 0.1909102267714235 1.000343013766051
1 0.023052840292 0.706 -0.6454576357898312 -0.03639819771195211 0.1907378073614789 1.000340380614491
1 0.023052840292 0.707 -0.6439944142159036 -0.03676287435677206 0.1905620810760562 1.000337771824053
1 0.023052840292 0.708 -0.6425166067979624 -0.03712748309944444 0.1903830349935476 1.000335187114294
1 0.023052840292 0.709 -0.6410242167557452 -0.03749199872661271 0.1902006563474541 1.000332626208437
1 0.023052840292 0.71 -0.6395172485226179 -0.03785639582295249 0.1900149325286419 1.000330088833324
1 0.023052840292 0.711 -0.6379957070084347 -0.03822064889416363 0.1898258509898804 1.000327574717201
1 0.023052840292 0.712 -0.6364595988320055 -0.03858473216577633 0.1896333994070918 1.000325083593259
1 0.023052840292 0.713 -0.6349089310969471 -0.038948619784695 0.1894375655198179 1.000322615196057
1 0.023052840292 0.714 -0.6333437121498333 -0.03931228569709043 0.1892383372310188 1.00032016926364
1 0.023052840292 0.715 -0.6317639515910921 -0.03967570364891095 0.1890357026093327 1.00031774553749
1 0.023052840292 0.716 -0.6301696595133667 -0.04003884730782666 0.1888296497885541 1.00031534376043
1 0.023052840292 0.717 -0.6285608477740379 -0.04040169006395586 0.1886201671371987 1.000312963679974
1 0.023052840292 0.718 -0.6269375287309427 -0.04076420522956602 0.1884072430906561 1.00031060504494
1 0.023052840292 0.719 -0.6252997160248266 -0.04112636591820956 0.1881908662560485 1.000308267607457
1 0.023052840292 0.72 -0.623647424590128 -0.04148814504533805 0.1879710254144885 1.00030595112292
1 0.023052840292 0.721 -0.6219806698690742 -0.04184951544896977 0.1877477094154976 1.000303655347994
1 0.023052840292 0.722 -0.6202994691238344 -0.04221044969271619 0.1875209073548763 1.000301380043804
1 0.023052840292 0.723 -0.6186038401325145 -0.04257092026326192 0.1872906083985472 1.000299124972708
1 0.023052840292 0.724 -0.6168938019956389 -0.04293089945097667 0.1870568018924652 1.000296889900211
1 0.023052840292 0.725 -0.6151693751467999 -0.04329035935063451 0.1868194773648659 1.000294674594917
1 0.023052840292 0.726 -0.6134305805427693 -0.04364927198057148 0.1865786244156381 1.000292478826634
1 0.023052840292 0.727 -0.6116774410147828 -0.04400760908839913 0.1863342329024653 1.000290302369404
1 0.023052840292 0.728 -0.6099099799252926 -0.04436534234587795 0.1860862927563893 1.00028814499844
1 0.023052840292 0.729 -0.6081282219981603 -0.04472244323124251 0.1858347940967446 1.000286006491939
1 0.023052840292 0.73 -0.6063321933291522 -0.04507888303002739 0.1855797272333948 1.000283886631038
1 0.023052840292 0.731 -0.6045219205523883 -0.04543463295247765 0.1853210825510814 1.000281785198018
1 0.023052840292 0.732 -0.6026974322301841 -0.045789663942343 0.1850588507037852 1.000279701979173
1 0.023052840292 0.733 -0.6008587574711223 -0.04614394686875236 0.1847930224220571 1.000277636761911
1 0.023052840292 0.734 -0.599005926783587 -0.04649745241049317 0.1845235886329419 1.000275589336465
1 0.023052840292 0.735 -0.5971389720860847 -0.04685015105694574 0.1842505404621929 1.000273559495858
1 0.023052840292 0.736 -0.5952579258504064 -0.04720201322350507 0.1839738691136399 1.000271547034199
1 0.023052840292 0.737 -0.5933628225293681 -0.04755300906385567 0.1836935660716894 1.000269551749397
1 0.023052840292 0.738 -0.5914536971368407 -0.04790310865844864 0.1834096229004977 1.000267573440417
1 0.023052840292 0.739 -0.5895305861242136 -0.04825228190097955 0.1831220313688302 1.000265611908905
1 0.023052840292 0.74 -0.5875935273905167 -0.04860049849943322 0.1828307834522478 1.000263666959147
1 0.023052840292 0.741 -0.5856425594027181 -0.04894772808927132 0.1825358712075488 1.000261738396458
1 0.023052840292 0.742 -0.5836777226606276 -0.04929394004959409 0.1822372869833037 1.000259826029756
1 0.023052840292 0.743 -0.5816990582396042 -0.04963910368781485 0.1819350232109695 1.000257929668955
1 0.023052840292 0.744 -0.5797066086894845 -0.04998318812858506 0.1816290725346153 1.00025604912651
1 0.023052840292 0.745 -0.5777004180444841 -0.05032616231495068 0.1813194278130733 1.000254184217378
1 0.023052840292 0.746 -0.5756805309211013 -0.05066799511905699 0.1810060819895263 1.000252334757485
1 0.023052840292 0.747 -0.5736469940193663 -0.05100865516260868 0.1806890283099437 1.000250500566172
1 0.023052840292 0.748 -0.5715998546290278 -0.05134811099733141 0.1803682601062653 1.000248681463723
1 0.023052840292 0.749 -0.5695391615504304 -0.05168633099659548 0.1800437709309053 1.000246877272827
1 0.023052840292 0.75 -0.5674649651041745 -0.05202328335668516 0.1797155545588611 1.000245087818537
1 0.023052840292 0.751 -0.5653773162071469 -0.0523589362047689 0.1793836048525342 1.00024331292683
1 0.023052840292 0.752 -0.5632762679092147 -0.05269325742407412 0.1790479159879071 1.000241552426907
1 0.023052840292 0.753 -0.5611618738637744 -0.05302621482972049 0.1787084822299505 1.000239806148866
1 0.023052840292 0.754 -0.5590341892700145 -0.05335777606329647 0.1783652980718025 1.000238073925078
1 0.023052840292 0.755 -0.5568932708823089 -0.05368790859424311 0.1780183582368261 1.000236355590152
1 0.023052840292 0.756 -0.5547391760649499 -0.05401657982483449 0.1776676575387716 1.000234650979567
1 0.023052840292 0.757 -0.5525719643632993 -0.05434375692048857 0.1773131911155004 1.000232959931856
1 0.023052840292 0.758 -0.5503916959396686 -0.05466940698055178 0.1769549541968024 1.000231282286397
1 0.023052840292 0.759 -0.5481984325363505 -0.0549934969360858 0.1765929422481273 1.000229617884717
1 0.023052840292 0.76 -0.5459922374847233 -0.0553159935513667 0.176227150972581 1.000227966570459
1 0.023052840292 0.761 -0.5437731747393082 -0.05563686352561836 0.1758575761665561 1.00022632818809
1 0.023052840292 0.762 -0.5415413104823091 -0.05595607332888441 0.1754842139607775 1.000224702584962
1 0.023052840292 0.763 -0.5392967115258779 -0.0562735893673398 0.1751070605807492 1.000223089609226
1 0.023052840292 0.764 -0.5370394462952427 -0.05658937788454727 0.1747261124948918 1.000221489111064
1 0.023052840292 0.765 -0.5347695848375036 -0.05690340496307308 0.1743413664164701 1.000219900942657
1 0.023052840292 0.766 -0.5324871978356885 -0.05721563662271335 0.1739528191548382 1.000218324956965
1 0.023052840292 0.767 -0.530192358245527 -0.05752603866235587 0.1735604678635468 1.000216761009673
1 0.023052840292 0.768 -0.5278851396652353 -0.05783457681939064 0.1731643097936713 1.000215208957221
1 0.023052840292 0.769 -0.5255656173380263 -0.0581412166746979 0.1727643424461917 1.000213668657966
1 0.023052840292 0.77 -0.5232338681605686 -0.05844592365438091 0.17236056357384 1.000212139972155
1 0.023052840292 0.771 -0.5208899696777709 -0.05874866312422349 0.1719529710281295 1.00021062276077
1 0.023052840292 0.772 -0.5185340017505478 -0.05904940023797391 0.1715415630142259 1.000209116887365
1 0.023052840292 0.773 -0.5161660448943486 -0.0593481000904227 0.1711263378374473 1.000207622216207
1 0.023052840292 0.774 -0.5137861813002758 -0.05964472762638579 0.1707072940596966 1.000206138613374
1 0.023052840292 0.775 -0.5113944948431843 -0.05993924764255545 0.1702844305012191 1.000204665946729
1 0.023052840292 0.776 -0.5089910700579739 -0.06023162487792493 0.169857746083608 1.000203204084823
1 0.023052840292 0.777 -0.5065759938370195 -0.06052182386892924 0.169427240091102 1.000201752898643
1 0.023052840292 0.778 -0.5041493537387548 -0.06080980909575622 0.1689929119105866 1.000200312259841
1 0.023052840292 0.779 -0.501711239026571 -0.06109554489558974 0.1685547611918655 1.000198882041783
1 0.023052840292 0.78 -0.4992617406765352 -0.06137899546457946 0.1681127878493174 1.000197462119516
1 0.023052840292 0.781 -0.4968009503360228 -0.06166012494396735 0.1676669919010934 1.00019605236874
1 0.023052840292 0.782 -0.494328962049398 -0.06193889728252248 0.1672173737364654 1.000194652667447
1 0.023052840292 0.783 -0.4918458705380472 -0.06221527637564856 0.166763933849695 1.000193262894263
1 0.023052840292 0.784 -0.489351772256182 -0.06248922598315387 0.1663066730039078 1.000191882929426
1 0.023052840292 0.785 -0.4868467653981514 -0.06276070973134039 0.165845592232636 1.00019051265476
1 0.023052840292 0.786 -0.4843309488403004 -0.06302969119456531 0.1653806926754511 1.000189151952706
1 0.023052840292 0.787 -0.4818044238933979 -0.06329613376540941 0.1649119758509409 1.000187800707868
1 0.023052840292 0.788 -0.4792672925556063 -0.0635600007861418 0.1644394433848585 1.000186458805442
1 0.023052840292 0.789 -0.476719658584254 -0.06382125547128467 0.1639630971773336 1.00018512613215
1 0.023052840292 0.79 -0.4741616275027187 -0.06407986090982216 0.1634829394042895 1.000183802576207
1 0.023052840292 0.791 -0.471593305526453 -0.06433578014192887 0.1629989723497791 1.000182488026408
1 0.023052840292 0.792 -0.4690148013405674 -0.06458897603731291 0.1625111986841241 1.000181182373586
1 0.023052840292 0.793 -0.4664262243273084 -0.0648394114185973 0.1620196211868011 1.000179885509138
1 0.023052840292 0.794 -0.4638276856528166 -0.06508704898894808 0.1615242429166966 1.000178597325892
1 0.023052840292 0.795 -0.4612192982735559 -0.06533185133440339 0.1610250672133842 1.000177317718087
1 0.023052840292 0.796 -0.4586011758474985 -0.06557378099550018 0.1605220975264631 1.000176046580508
1 0.023052840292 0.797 -0.4559734345351862 -0.06581280035423445 0.1600153376983423 1.000174783809859
1 0.023052840292 0.798 -0.4533361912033764 -0.06604887174891694 0.1595047916823709 1.000173529303378
1 0.023052840292 0.799 -0.450689564525746 -0.06628195740713425 0.1589904637158109 1.000172282959647
1 0.023052840292 0.8 -0.4480336749888431 -0.06651201944819873 0.1584723583209626 1.000171044678581
1 0.023052840292 0.801 -0.4453686437894787 -0.06673901994940329 0.1579504801318319 1.000169814360607
1 0.023052840292 0.802 -0.4426945946574979 -0.06696292084204289 0.1574248341809941 1.000168591907961
1 0.023052840292 0.803 -0.440011652037344 -0.06718368401730083 0.1568954256135233 1.00016737722338
1 0.023052840292 0.804 -0.4373199422016141 -0.06740127126481348 0.1563622598623281 1.00016617021087
1 0.023052840292 0.805 -0.4346195932565091 -0.06761564427524096 0.1558253426491088 1.000164970775688
1 0.023052840292 0.806 -0.4319107340265341 -0.06782676470087981 0.155284679808717 1.000163778823578
1 0.023052840292 0.8070000000000001 -0.429193495897122 -0.06803459406119068 0.1547402775794732 1.000162594261984
1 0.023052840292 0.8080000000000001 -0.4264680109759538 -0.06823909383927042 0.1541921423135091 1.000161416998822
1 0.023052840292 0.8090000000000001 -0.4237344132182197 -0.06844022542629147 0.1536402806540743 1.000160246943203
1 0.023052840292 0.8100000000000001 -0.4209928384315416 -0.06863795012419376 0.1530846995363102 1.000159084005418
1 0.023052840292 0.8110000000000001 -0.4182434231491381 -0.06883222920038391 0.1525254060096969 1.000157928096213
1 0.023052840292 0.8120000000000001 -0.4154863064903551 -0.06902302380321543 0.1519624075311445 1.000156779127936
1 0.023052840292 0.8130000000000001 -0.41272162830367 -0.06921029504860042 0.1513957116724156 1.00015563701338
1 0.023052840292 0.8140000000000001 -0.4099495303024547 -0.0693940039705957 0.1508253262989777 1.000154501666463
1 0.023052840292 0.8150000000000001 -0.4071701560693477 -0.06957411152421615 0.1502512595705768 1.00015337300221
1 0.023052840292 0.8160000000000001 -0.4043836499190934 -0.0697505786339485 0.1496735197622032 1.000152250936079
1 0.023052840292 0.8170000000000001 -0.4015901587749439 -0.06992336611963132 0.1490921155592139 1.000151135385035
1 0.023052840292 0.8180000000000001 -0.3987898302953641 -0.07009243477275957 0.1485070557625657 1.000150026266458
1 0.023052840292 0.8190000000000001 -0.3959828140190408 -0.07025774531348955 0.1479183494687474 1.000148923498789
1 0.023052840292 0.8200000000000001 -0.3931692613686786 -0.07041925839357444 0.1473260060701361 1.000147827001515
1 0.023052840292 0.8210000000000001 -0.3903493245047793 -0.07057693463841967 0.1467300350749524 1.000146736694523
1 0.023052840292 0.8220000000000001 -0.3875231582157886 -0.07073073458381189 0.1461304464036056 1.000145652499123
1 0.023052840292 0.8230000000000001 -0.3846909180306106 -0.07088061874146727 0.1455272500925317 1.000144574337014
1 0.023052840292 0.8240000000000001 -0.3818527613715488 -0.07102654756272948 0.1449204564747003 1.000143502130894
1 0.023052840292 0.8250000000000001 -0.3790088475575042 -0.0711684814416273 0.144310076179735 1.000142435804444
1 0.023052840292 0.8260000000000001 -0.3761593366500119 -0.07130638075019832 0.1436961199533689 1.000141375281724
1 0.023052840292 0.8270000000000001 -0.3733043913549197 -0.07144020578651698 0.1430785989541356 1.000140320488128
1 0.023052840292 0.8280000000000001 -0.3704441751229054 -0.07156991682903711 0.142457524456675 1.000139271349423
1 0.023052840292 0.8290000000000001 -0.3675788533089868 -0.07169547410725688 0.1418329080322665 1.000138227792311
1 0.023052840292 0.8300000000000001 -0.3647085931750959 -0.07181683780489942 0.1412047615486931 1.000137189744419
1 0.023052840292 0.8310000000000001 -0.3618335627297464 -0.07193396808823013 0.1405730969897529 1.000136157133732
1 0.023052840292 0.8320000000000001 -0.3589539326389397 -0.0720468250658363 0.1399379267513451 1.000135129889492
1 0.023052840292 0.833 -0.3560698743169711 -0.07215536883131156 0.139299263345178 1.000134107941287
1 0.023052840292 0.834 -0.3531815610910876 -0.07225955944116429 0.1386571195787351 1.000133091219591
1 0.023052840292 0.835 -0.350289168203414 -0.07235935691812172 0.1380115085548633 1.000132079655743
1 0.023052840292 0.836 -0.3473928716456801 -0.07245472127216446 0.1373624434919385 1.000131073181422
1 0.023052840292 0.837 -0.3444928500769575 -0.0725456124725134 0.1367099380183207 1.000130071729488
1 0.023052840292 0.838 -0.341589282907133 -0.07263199047820125 0.1360540058774743 1.000129075233129
1 0.023052840292 0.839 -0.3386823514652375 -0.07271381522350207 0.1353946611067271 1.000128083626364
1 0.023052840292 0.84 -0.3357722390006982 -0.07279104662136013 0.1347319180365585 1.000127096844029
1 0.023052840292 0.841 -0.3328591295146102 -0.07286364457686328 0.1340657911120696 1.000126114821276
1 0.023052840292 0.842 -0.3299432096818178 -0.07293156897189637 0.1333962951846967 1.000125137494373
1 0.023052840292 0.843 -0.3270246669295228 -0.07299477968314141 0.1327234452198369 1.000124164799894
1 0.023052840292 0.844 -0.3241036906077512 -0.07305323657530885 0.1320472564737072 1.000123196675196
1 0.023052840292 0.845 -0.3211804719899082 -0.07310689950469219 0.1313677444923102 1.000122233058404
1 0.023052840292 0.846 -0.3182552031021339 -0.07315572832479959 0.1306849249349074 1.000121273887944
1 0.023052840292 0.847 -0.315328078647149 -0.07319968288413768 0.1299988138617957 1.000120319103289
1 0.023052840292 0.848 -0.3123992940805582 -0.07323872303117765 0.1293094274456164 1.000119368644201
1 0.023052840292 0.849 -0.3094690467818682 -0.07327280861567148 0.1286167821455676 1.000118422451179
1 0.023052840292 0.85 -0.3065375360543169 -0.0733018994923344 0.1279208947060236 1.000117480465448
1 0.023052840292 0.851 -0.3036049619539129 -0.07332595551835017 0.1272217819827648 1.000116542628514
1 0.023052840292 0.852 -0.3006715272123704 -0.07334493656475587 0.1265194612255306 1.000115608882868
1 0.023052840292 0.853 -0.2977374353137632 -0.07335880250790477 0.1258139497942784 1.000114679171276
1 0.023052840292 0.854 -0.294802891664446 -0.07336751323915552 0.1251052653299483 1.000113753437199
1 0.023052840292 0.855 -0.2918681035921349 -0.07337102866868413 0.1243934257527101 1.000112831624779
1 0.023052840292 0.856 -0.288933279176282 -0.07336930871457495 0.12367844909176 1.000111913678423
1 0.023052840292 0.857 -0.2859986291673336 -0.07336231332828423 0.1229603537612664 1.000110999543471
1 0.023052840292 0.858 -0.2830643650664818 -0.07335000247212367 0.1222391582829424 1.000110089165518
1 0.023052840292 0.859 -0.2801307002927858 -0.07333233613761514 0.1215148814525019 1.000109182490814
1 0.023052840292 0.86 -0.2771978501814775 -0.07330927434943502 0.120787542337505 1.000108279466253
1 0.023052840292 0.861 -0.274266030817383 -0.0732807771457971 0.1200571601115929 1.000107380038979
1 0.023052840292 0.862 -0.2713354609476407 -0.07324680461848276 0.1193237543223431 1.000106484157016
1 0.023052840292 0.863 -0.2684063600673932 -0.07320731687585949 0.1185873446216176 1.000105591768628
1 0.023052840292 0.864 -0.2654789495823471 -0.07316227407020053 0.1178479509267853 1.000104702822697
1 0.023052840292 0.865 -0.2625534528062763 -0.07311163640176446 0.1171055934181395 1.000103817268715
1 0.023052840292 0.866 -0.2596300937992623 -0.07305536409017015 0.1163602923785021 1.000102935056408
1 0.023052840292 0.867 -0.2567090992709077 -0.07299341742949307 0.1156120684513996 1.000102056136332
1 0.023052840292 0.868 -0.2537906966749134 -0.072925756736322 0.1148609423807532 1.000101180459273
1 0.023052840292 0.869 -0.2508751153652516 -0.07285234238635017 0.1141069351658798 1.000100307976599
1 0.023052840292 0.87 -0.2479625865928391 -0.07277313481859449 0.11335006805845 1.000099438640255
1 0.023052840292 0.871 -0.2450533423504296 -0.07268809449745378 0.112590362408462 1.000098572402407
1 0.023052840292 0.872 -0.2421476172632588 -0.0725971819833862 0.1118278399110359 1.000097709216007
1 0.023052840292 0.873 -0.239245646695548 -0.07250035786549254 0.1110625223571252 1.000096849034222
1 0.023052840292 0.874 -0.2363476678984061 -0.07239758280769576 0.1102944317812368 1.000095991810774
1 0.023052840292 0.875 -0.2334539200056447 -0.072288817553104 0.109523590457899 1.000095137499926
1 0.023052840292 0.876 -0.2305646428872168 -0.07217402287643475 0.1087500207550725 1.000094286056155
1 0.023052840292 0.877 -0.2276800790241236 -0.07205315967080513 0.1079737453677476 1.000093437434681
1 0.023052840292 0.878 -0.2248004716299933 -0.07192618886431373 0.1071947870814675 1.000092591590926
1 0.023052840292 0.879 -0.2219260657887609 -0.07179307147613634 0.1064131689116396 1.000091748480841
1 0.023052840292 0.88 -0.2190571084495958 -0.07165376862103856 0.10562891409948 1.000090908060888
1 0.023052840292 0.881 -0.2161938472908465 -0.07150824145183599 0.1048420459740017 1.000090070287734
1 0.023052840292 0.882 -0.2133365325759319 -0.07135645126285092 0.1040525881704772 1.000089235118748
1 0.023052840292 0.883 -0.2104854152932502 -0.0711983593899439 0.1032605644086862 1.000088402511496
1 0.023052840292 0.884 -0.2076407482816184 -0.07103392727686723 0.1024659986226138 1.000087572424041
1 0.023052840292 0.885 -0.2048027862242829 -0.07086311647993399 0.1016689149558382 1.000086744814938
1 0.023052840292 0.886 -0.2019717845253964 -0.07068588860017032 0.1008693376333105 1.00008591964293
1 0.023052840292 0.887 -0.1991480011435039 -0.0705022054040173 0.1000672911626202 1.000085096867435
1 0.023052840292 0.888 -0.1963316947531471 -0.07031202870623895 0.0992628001290039 1.000084276448052
1 0.023052840292 0.889 -0.1935231258559783 -0.07011532044689148 0.09845588931414932 1.00008345834486
1 0.023052840292 0.89 -0.1907225567738206 -0.06991204269615643 0.09764658369099186 1.000082642518401
1 0.023052840292 0.891 -0.1879302505397751 -0.06970215757582489 0.09683490830657702 1.000081828929402
1 0.023052840292 0.892 -0.1851464727057922 -0.06948562739785241 0.09602088846393889 1.000081017539228
1 0.023052840292 0.893 -0.1823714895294551 -0.0692624145295422 0.09520454953603266 1.000080208309424
1 0.023052840292 0.894 -0.1796055690686089 -0.06903248148150624 0.09438591707228589 1.000079401201986
1 0.023052840292 0.895 -0.1768489811734356 -0.06879579091267227 0.09356501679276767 1.00007859617936
1 0.023052840292 0.896 -0.1741019963943637 -0.06855230554071988 0.09274187448350479 1.000077793204164
1 0.023052840292 0.897 -0.171364887760089 -0.06830198829913113 0.09191651615665025 1.000076992239629
1 0.023052840292 0.898 -0.1686379289931475 -0.06804480218401388 0.09108896788563524 1.000076193249159
1 0.023052840292 0.899 -0.1659213955858195 -0.06778071035345354 0.09025925589802697 1.000075396196589
1 0.023052840292 0.9 -0.1632155647911855 -0.06750967613270389 0.08942740656903424 1.000074601046188
1 0.023052840292 0.901 -0.1605207145500857 -0.06723166291317398 0.08859344633072909 1.000073807762387
1 0.023052840292 0.902 -0.1578371252358255 -0.06694663432865561 0.08775740180804861 1.000073016310211
1 0.023052840292 0.903 -0.1551650779022757 -0.06665455408311387 0.08691929967759522 1.000072226654845
1 0.023052840292 0.904 -0.152504855338731 -0.06635538606185311 0.08607916674527906 1.000071438761897
1 0.023052840292 0.905 -0.149856742059909 -0.06604909433690374 0.08523702993912276 1.000070652597386
1 0.023052840292 0.906 -0.1472210232542932 -0.06573564305413224 0.084392916233923 1.000069868127492
1 0.023052840292 0.907 -0.1445979864916141 -0.06541499662937265 0.08354685276049308 1.000069085318966
1 0.023052840292 0.908 -0.1419879200073544 -0.06508711955646725 0.08269886669067583 1.000068304138716
1 0.023052840292 0.909 -0.1393911137341559 -0.06475197653069867 0.08184898529816581 1.000067524554056
1 0.023052840292 0.91 -0.1368078592907195 -0.06440953245438677 0.08099723595057649 1.0000667465327
1 0.023052840292 0.911 -0.1342384489539523 -0.06405975231166489 0.08014364605115823 1.000065970042518
1 0.023052840292 0.912 -0.1316831773251678 -0.06370260138529359 0.07928824311855402 1.000065195051934
1 0.023052840292 0.913 -0.1291423396550205 -0.06333804504418425 0.07843105470072483 1.000064421529525
1 0.023052840292 0.914 -0.1266162328489606 -0.06296604887958229 0.07757210841726458 1.000063649444261
1 0.023052840292 0.915 -0.1241051554549922 -0.06258657871088925 0.07671143195069374 1.000062878765502
1 0.023052840292 0.916 -0.1216094066621384 -0.06219960044761589 0.07584905300693179 1.000062109462762
1 0.023052840292 0.917 -0.119129287921142 -0.06180508032771374 0.07498499936270546 1.000061341506093
1 0.023052840292 0.918 -0.1166651013140153 -0.06140298468375848 0.07411929881122011 1.000060574865697
1 0.023052840292 0.919 -0.1142171505309392 -0.06099328009240514 0.07325197918420008 1.00005980951216
1 0.023052840292 0.92 -0.1117857408568339 -0.06057593338045269 0.07238306834237343 1.000059045416451
1 0.023052840292 0.921 -0.1093711781987588 -0.06015091147344753 0.07151259415647747 1.000058282549688
1 0.023052840292 0.922 -0.1069737706567206 -0.0597181816564326 0.07064058451932939 1.000057520883518
1 0.023052840292 0.923 -0.1045938269421938 -0.05927771131790458 0.06976706732620744 1.000056760389736
1 0.023052840292 0.924 -0.1022316573237557 -0.05882946811310238 0.06889207047477203 1.000056001040512
1 0.023052840292 0.925 -0.0998875736124174 -0.05837341997033337 0.06801562185470758 1.000055242808397
1 0.023052840292 0.926 -0.09756188822068546 -0.05790953492565972 0.06713774935111733 1.000054485666086
1 0.023052840292 0.927 -0.09525491567889814 -0.05743778140703594 0.06625848081814294 1.000053729586796
1 0.023052840292 0.928 -0.0929669711072561 -0.05695812795508424 0.06537784409714394 1.000052974543891
1 0.023052840292 0.929 -0.09069837112736595 -0.05647054340082219 0.06449586699258164 1.000052220511108
1 0.023052840292 0.93 -0.08844943384627842 -0.05597499687227159 0.06361257726078724 1.000051467462557
1 0.023052840292 0.931 -0.08622047795005518 -0.05547145761461505 0.06272800263767316 1.000050715372495
1 0.023052840292 0.9320000000000001 -0.0840118241608518 -0.05495989529877034 0.06184217077067619 1.000049964215695
1 0.023052840292 0.9330000000000001 -0.08182379376719698 -0.05444027971795204 0.06095510927793856 1.000049213967078
1 0.023052840292 0.9340000000000001 -0.07965670949849252 -0.05391258098049304 0.06006684569817027 1.000048464601935
1 0.023052840292 0.9350000000000001 -0.07751089550769968 -0.05337676951675843 0.05917740747851587 1.000047716095931
1 0.023052840292 0.9360000000000001 -0.07538667650238223 -0.05283281588411089 0.05828682202857557 1.000046968424873
1 0.023052840292 0.9370000000000001 -0.07328437913753731 -0.0522806911010542 0.05739511660734598 1.000046221565091
1 0.023052840292 0.9380000000000001 -0.0712043306090757 -0.05172036631846678 0.05650231842670903 1.000045475493055
1 0.023052840292 0.9390000000000001 -0.06914685948819004 -0.05115181302822362 0.05560845457323121 1.000044730185613
1 0.023052840292 0.9400000000000001 -0.06711229570262532 -0.05057500307043988 0.05471355199510573 1.000043985619983
1 0.023052840292 0.9410000000000001 -0.0651009697083076 -0.04998990842253009 0.05381763758453258 1.00004324177353
1 0.023052840292 0.9420000000000001 -0.06311321381268786 -0.04939650156014393 0.0529207380162486 1.00004249862414
1 0.023052840292 0.9430000000000001 -0.061149360836608 -0.0487947551018677 0.05202287989871731 1.000041756149847
1 0.023052840292 0.9440000000000001 -0.05920974490530135 -0.04818464203440977 0.05112408966577653 1.000041014329059
1 0.023052840292 0.9450000000000001 -0.05729470142817965 -0.04756613572019976 0.05022439356263906 1.000040273140562
1 0.023052840292 0.9460000000000001 -0.05540456631430404 -0.04693920966977033 0.04932381775872524 1.00003953256329
1 0.023052840292 0.9470000000000001 -0.05353967722075366 -0.0463038379308035 0.04842238813431323 1.000038792576704
1 0.023052840292 0.9480000000000001 -0.05170037228831178 -0.045659994705002 0.04752013048288822 1.000038053160414
1 0.023052840292 0.9490000000000001 -0.04988699088570507 -0.04500765459066024 0.04661707037051879 1.000037314294412
1 0.023052840292 0.9500000000000001 -0.04809987358783278 -0.04434679259064605 0.04571323312090594 1.000036575959071
1 0.023052840292 0.9510000000000001 -0.04633936143849789 -0.04367738386727437 0.04480864396079116 1.000035838134917
1 0.023052840292 0.9520000000000001 -0.04460579711803795 -0.04299940416088262 0.04390332775122494 1.00003510080301
1 0.023052840292 0.9530000000000001 -0.0428995237585358 -0.04231282937747424 0.04299730924457316 1.000034363944566
1 0.023052840292 0.9540000000000001 -0.04122088563773271 -0.04161763584955892 0.04209061290948814 1.000033627541186
1 0.023052840292 0.9550000000000001 -0.03957022815562078 -0.0409138003445448 0.0411832629150052 1.000032891574864
1 0.023052840292 0.9560000000000001 -0.03794789714802399 -0.04020129980121157 0.04027528331066035 1.000032156027749
1 0.023052840292 0.9570000000000001 -0.0363542399674352 -0.03948011177933591 0.03936669769887514 1.000031420882538
1 0.023052840292 0.9580000000000001 -0.03478960438374495 -0.0387502140166076 0.03845752955012515 1.000030686122084
1 0.023052840292 0.9590000000000001 -0.03325433922408141 -0.03801158470868544 0.0375478019913798 1.000029951729641
1 0.023052840292 0.96 -0.031748794347681 -0.03726420251802819 0.03663753778925614 1.000029217688862
1 0.023052840292 0.961 -0.03027332001409342 -0.0365080462910112 0.03572675956696859 1.000028483983561
1 0.023052840292 0.962 -0.02882826787085494 -0.03574309554022748 0.03481548941436988 1.000027750598116
1 0.023052840292 0.963 -0.02741398994603877 -0.0349693299690724 0.03390374926475408 1.000027017517065
1 0.023052840292 0.964 -0.02603083923007894 -0.03418672977202494 0.03299156064467312 1.000026284725359
1 0.023052840292 0.965 -0.0246791696488283 -0.03339527564394502 0.03207894465617016 1.000025552208363
1 0.023052840292 0.966 -0.02335933549036078 -0.03259494847681614 0.03116592223264706 1.000024819951606
1 0.023052840292 0.967 -0.022071692292773 -0.03178572987644793 0.03025251368318775 1.0000240879412
1 0.023052840292 0.968 -0.02081659593519275 -0.0309676016530241 0.02933873913439162 1.000023356163424
1 0.023052840292 0.969 -0.01959440315743516 -0.03014054614267973 0.02842461823953876 1.000022624604982
1 0.023052840292 0.97 -0.01840547153115239 -0.02930454621729191 0.0275101701599405 1.000021893253009
1 0.023052840292 0.971 -0.01725015894941419 -0.02845958495976846 0.02659541386173986 1.000021162094809
1 0.023052840292 0.972 -0.0161288244075776 -0.02760564621697739 0.02568036759129 1.000020431118291
1 0.023052840292 0.973 -0.0150418271997391 -0.02674271405445255 0.02476504938528028 1.000019700311538
1 0.023052840292 0.974 -0.01398952737185216 -0.02587077310039616 0.02384947673732285 1.000018969663073
1 0.023052840292 0.975 -0.01297228569086728 -0.0249898085559875 0.02293366657847508 1.000018239161868
1 0.023052840292 0.976 -0.01199046320149462 -0.02409980584808068 0.02201763561688291 1.000017508797068
1 0.023052840292 0.977 -0.01104442189270616 -0.02320075122027552 0.02110139974119555 1.000016778558452
1 0.023052840292 0.978 -0.01013452400698838 -0.02229263114988408 0.02018497460205194 1.000016048435974
1 0.023052840292 0.979 -0.00926113242231868 -0.02137543271553995 0.01926837523430249 1.000015318420053
1 0.023052840292 0.98 -0.008424610619190063 -0.0204491436080464 0.01835161603677799 1.00001458850157
1 0.023052840292 0.981 -0.007625322348329216 -0.01951375180806051 0.01743471110409797 1.000013858671627
1 0.023052840292 0.982 -0.006863631992519626 -0.0185692459933237 0.01651767379570132 1.00001312892185
1 0.023052840292 0.983 -0.006139904332556543 -0.01761561532491665 0.01560051695322737 1.00001239924423
1 0.023052840292 0.984 -0.005454504570290529 -0.01665284949904886 0.01468325284120793 1.000011669631157
1 0.023052840292 0.985 -0.004807798307508037 -0.01568093875390131 0.0137658931345344 1.000010940075422
1 0.023052840292 0.986 -0.004200151525510059 -0.0146998738784166 0.01284844890372722 1.000010210570227
1 0.023052840292 0.987 -0.003631930566052016 -0.01370964622501258 0.0119309305957163 1.000009481109186
1 0.023052840292 0.988 -0.00310350210500676 -0.01271024771146302 0.01101334802662212 1.000008751686332
1 0.023052840292 0.989 -0.002615233128746241 -0.01170167082626395 0.01009571037084872 1.000008022296111
1 0.023052840292 0.99 -0.002167490911619599 -0.01068390863581662 0.009178026148230017 1.000007292933393
1 0.023052840292 0.991 -0.001760642993727549 -0.009656954793681564 0.008260303208777306 1.000006563593474
1 0.023052840292 0.992 -0.001395057159248379 -0.008620803554007026 0.007342548712518318 1.000005834272081
1 0.023052840292 0.993 -0.001071101409724897 -0.007575449773406356 0.006424769122641134 1.000005104965377
1 0.023052840292 0.994 -0.0007891439393501627 -0.006520888916550029 0.005506970194549416 1.00000437566996
1 0.023052840292 0.995 -0.0005495531109747626 -0.005457117063690733 0.00458915696277767 1.000003646382867
1 0.023052840292 0.996 -0.0003526974319833909 -0.00438413092038791 0.00367133372530706 1.000002917101581
1 0.023052840292 0.997 -0.0001989455298622613 -0.00330192783166754 0.002753504022552262 1.000002187824035
1 0.023052840292 0.998 -8.866612511239255e-05 -0.002210505783877613 0.001835670630984335 1.000001458548619
1 0.023052840292 0.999 -2.222800539503604e-05 -0.001109863410497274 0.0009178355522572448 1.000000729274174
1 0.023052840292 1 -3.679299364635867e-21 -1.094375395420656e-19 1.735254319134913e-20 0.9999999999999999
