TITLE = "Rotor-stator traditional-Boussinesq base flow at Tw=1.10"
VARIABLES = "z" "H" "F" "F_z" "G" "G_z" "T" "T_z" "pressure_gradient" "Tw"
ZONE T="Tw=1.10", I=2001, DATAPACKING=POINT
AUXDATA Model = "traditional_centrifugal"
AUXDATA Re_h = "1000"
AUXDATA Pr = "0.72"
AUXDATA Tw = "1.1"
AUXDATA Pressure_Gradient = "0.05311054913964245"
0.0000000000000000e+00 0.0000000000000000e+00 4.0162702853275507e-33 1.3820241789832920e+01 1.0000000000000000e+00 -1.6227852151440466e+01 1.0999999999999979e+00 -9.1833733672131779e-01 5.3110549139642450e-02 1.1000000000000001e+00
5.0000000000000001e-04 -1.0814791538697108e-04 6.8049153622430558e-03 1.3400728180634959e+01 9.9188664421934403e-01 -1.6224441416805536e+01 1.0995408313789399e+00 -9.1833695887771316e-01 5.3110549139642450e-02 1.1000000000000001e+00
1.0000000000000000e-03 -4.2819024798040396e-04 1.3402031086651639e-02 1.2989031945067570e+01 9.8377666630823990e-01 -1.6214384091789189e+01 1.0990816634154994e+00 -9.1833433704889056e-01 5.3110549139642450e-02 1.1000000000000001e+00
1.5000000000000000e-03 -9.5361741822639376e-04 1.9795238766612027e-02 1.2585084406674330e+01 9.7567332503004467e-01 -1.6197937117340764e+01 1.0986224977797776e+00 -9.1832729015215075e-01 5.3110549139642450e-02 1.1000000000000001e+00
2.0000000000000000e-03 -1.6780423619273271e-03 2.5988395212665247e-02 1.2188815129378083e+01 9.6757975244325301e-01 -1.6175350399837651e+01 1.0981633372154866e+00 -9.1831370463139350e-01 5.3110549139642450e-02 1.1000000000000001e+00
2.5000000000000001e-03 -2.5951994166956388e-03 3.1985321600656140e-02 1.1800152028746835e+01 9.5949895737723023e-01 -1.6146866976602553e+01 1.0977041855064764e+00 -9.1829153330494162e-01 5.3110549139642450e-02 1.1000000000000001e+00
3.0000000000000001e-03 -3.6989431822890854e-03 3.7789802674677207e-02 1.1419021479852752e+01 9.5143382882627736e-01 -1.6112723177275114e+01 1.0972450474438240e+00 -9.1825879426532386e-01 5.3110549139642450e-02 1.1000000000000001e+00
3.5000000000000001e-03 -4.9832473567212503e-03 4.3405586003061027e-02 1.1045348421787169e+01 9.4338713926388251e-01 -1.6073148781189616e+01 1.0967859287934620e+00 -9.1821356982645819e-01 5.3110549139642450e-02 1.1000000000000001e+00
4.0000000000000001e-03 -6.4422035494930089e-03 4.8836381285861638e-02 1.0679056458900650e+01 9.3536154787941073e-01 -1.6028367170927915e+01 1.0963268362643224e+00 -9.1815400551370718e-01 5.3110549139642450e-02 1.1000000000000001e+00
4.5000000000000005e-03 -8.0700200738519270e-03 5.4085859712107019e-02 1.0320067958829735e+01 9.2735960373881643e-01 -1.5978595482173898e+01 1.0958677774769738e+00 -9.1807830909286958e-01 5.3110549139642450e-02 1.1000000000000001e+00
5.0000000000000001e-03 -9.8610207194411142e-03 5.9157653365291774e-02 9.9683041473779941e+00 9.1938374887137231e-01 -1.5924044750014207e+01 1.0954087609327381e+00 -9.1798474963417009e-01 5.3110549139642450e-02 1.1000000000000001e+00
5.4999999999999997e-03 -1.1809643506841513e-02 6.4055354675555037e-02 9.6236852003160198e+00 9.1143632128415475e-01 -1.5864920051811396e+01 1.0949497959832648e+00 -9.1787165660765513e-01 5.3110549139642450e-02 1.1000000000000001e+00
6.0000000000000001e-03 -1.3910439425637777e-02 6.8782515916955292e-02 9.2861303321636957e+00 9.0351955790580796e-01 -1.5801420646759304e+01 1.0944908928005519e+00 -9.1773741900673211e-01 5.3110549139642450e-02 1.1000000000000001e+00
6.5000000000000006e-03 -1.6158071157026214e-02 7.3342648748489433e-02 8.9555578820221697e+00 8.9563559746155796e-01 -1.5733740112252615e+01 1.0940320623473971e+00 -9.1758048449651342e-01 5.3110549139642450e-02 1.1000000000000001e+00
7.0000000000000001e-03 -1.8547311783235956e-02 7.7739223797054002e-02 8.6318853965129811e+00 8.8778648328025933e-01 -1.5662066477130157e+01 1.0935733163482726e+00 -9.1739935858452126e-01 5.3110549139642450e-02 1.1000000000000001e+00
7.4999999999999997e-03 -2.1073043483169480e-02 8.1975670281640947e-02 8.3150297099005055e+00 8.7997416603662271e-01 -1.5586582351987126e+01 1.0931146672606027e+00 -9.1719260381004253e-01 5.3110549139642450e-02 1.1000000000000001e+00
8.0000000000000002e-03 -2.3730256218035702e-02 8.6055375676425502e-02 8.0049070214435964e+00 8.7220050642795477e-01 -1.5507465056524818e+01 1.0926561282464511e+00 -9.1695883895091534e-01 5.3110549139642450e-02 1.1000000000000001e+00
8.5000000000000006e-03 -2.6514046406501544e-02 8.9981685412011223e-02 7.7014329700508455e+00 8.6446727778830612e-01 -1.5424886744112431e+01 1.0921977131445961e+00 -9.1669673824452336e-01 5.3110549139642450e-02 1.1000000000000001e+00
9.0000000000000011e-03 -2.9419615590759080e-02 9.3757902613429839e-02 7.4045227062983150e+00 8.5677616864119821e-01 -1.5339014523632999e+01 1.0917394364429924e+00 -9.1640503062094847e-01 5.3110549139642450e-02 1.1000000000000001e+00
9.4999999999999998e-03 -3.2442269094980346e-02 9.7387287873462694e-02 7.1140909618686861e+00 8.4912878519199808e-01 -1.5250010578676779e+01 1.0912813132516128e+00 -9.1608249894646110e-01 5.3110549139642450e-02 1.1000000000000001e+00
1.0000000000000000e-02 -3.5577414677199021e-02 1.0087305906002830e-01 6.8300521164724568e+00 8.4152665376129709e-01 -1.5158032284160541e+01 1.0908233592756704e+00 -9.1572797927548655e-01 5.3110549139642450e-02 1.1000000000000001e+00
1.0500000000000001e-02 -3.8820561175672529e-02 1.0421839115639202e-01 6.5523202623107331e+00 8.3397122316057504e-01 -1.5063232320444484e+01 1.0903655907892074e+00 -9.1534036010936060e-01 5.3110549139642450e-02 1.1000000000000001e+00
1.0999999999999999e-02 -4.2167317150787337e-02 1.0742641613296168e-01 6.2808092661382293e+00 8.2646386701134955e-01 -1.4965758785012842e+01 1.0899080246090576e+00 -9.1491858166036555e-01 5.3110549139642450e-02 1.1000000000000001e+00
1.1500000000000000e-02 -4.5613389523099721e-02 1.1050022284965501e-01 6.0154328289847108e+00 8.1900588600930224e-01 -1.4865755301799974e+01 1.0894506780691746e+00 -9.1446163511944822e-01 5.3110549139642450e-02 1.1000000000000001e+00
1.2000000000000000e-02 -4.9154582208858752e-02 1.1344285698751168e-01 5.7561045435906042e+00 8.1159851013423623e-01 -1.4763361128204536e+01 1.0889935689953223e+00 -9.1396856192656617e-01 5.3110549139642450e-02 1.1000000000000001e+00
1.2500000000000001e-02 -5.2786794753864309e-02 1.1625732100844199e-01 5.5027379496131132e+00 8.0424290080705685e-01 -1.4658711259852572e+01 1.0885367156801347e+00 -9.1343845304249627e-01 5.3110549139642450e-02 1.1000000000000001e+00
1.3000000000000001e-02 -5.6506020966528452e-02 1.1894657414201125e-01 5.2552465866582372e+00 7.9694015299488896e-01 -1.4551936533165396e+01 1.0880801368585367e+00 -9.1287044822108521e-01 5.3110549139642450e-02 1.1000000000000001e+00
1.3500000000000000e-02 -6.0308347551018493e-02 1.2151353239816512e-01 5.0135440451932078e+00 7.8969129726539300e-01 -1.4443163725783489e+01 1.0876238516835293e+00 -9.1226373528105820e-01 5.3110549139642450e-02 1.1000000000000001e+00
1.4000000000000000e-02 -6.4189952740992956e-02 1.2396106860498807e-01 4.7775440153924613e+00 7.8249730179153820e-01 -1.4332515654909590e+01 1.0871678797023416e+00 -9.1161754937643957e-01 5.3110549139642450e-02 1.1000000000000001e+00
1.4500000000000001e-02 -6.8147104934612110e-02 1.2629201247052937e-01 4.5471603339686713e+00 7.7535907430790552e-01 -1.4220111273622466e+01 1.0867122408329424e+00 -9.1093117226484444e-01 5.3110549139642450e-02 1.1000000000000001e+00
1.4999999999999999e-02 -7.2176161332871497e-02 1.2850915066706456e-01 4.3223070290436985e+00 7.6827746401867658e-01 -1.4106065765152133e+01 1.0862569553409243e+00 -9.1020393157371826e-01 5.3110549139642450e-02 1.1000000000000001e+00
1.5500000000000000e-02 -7.6273566579797503e-02 1.3061522693787261e-01 4.1028983631058642e+00 7.6125326345973021e-01 -1.3990490635253074e+01 1.0858020438167519e+00 -9.0943520006290068e-01 5.3110549139642450e-02 1.1000000000000001e+00
1.6000000000000000e-02 -8.0435851407253761e-02 1.3261294222458267e-01 3.8888488741080596e+00 7.5428721031444934e-01 -1.3873493802630112e+01 1.0853475271533819e+00 -9.0862439488416180e-01 5.3110549139642450e-02 1.1000000000000001e+00
1.6500000000000001e-02 -8.4659631283409545e-02 1.3450495481495597e-01 3.6800734147515044e+00 7.4737998918521875e-01 -1.3755179687524780e+01 1.0848934265242511e+00 -9.0777097683654995e-01 5.3110549139642450e-02 1.1000000000000001e+00
1.7000000000000001e-02 -8.8941605066680265e-02 1.3629388050961905e-01 3.4764871900071479e+00 7.4053223332077867e-01 -1.3635649298451760e+01 1.0844397633616412e+00 -9.0687444961790220e-01 5.3110549139642450e-02 1.1000000000000001e+00
1.7500000000000002e-02 -9.3278553665043562e-02 1.3798229280722066e-01 3.2780057929199367e+00 7.3374452630078002e-01 -1.3515000317151774e+01 1.0839865593354177e+00 -9.0593435907197539e-01 5.3110549139642450e-02 1.1000000000000001e+00
1.8000000000000002e-02 -9.7667338701317719e-02 1.3957272310716309e-01 3.0845452387419185e+00 7.2701740367840240e-01 -1.3393327181795920e+01 1.0835338363321441e+00 -9.0495029243108605e-01 5.3110549139642450e-02 1.1000000000000001e+00
1.8499999999999999e-02 -1.0210490118557650e-01 1.4106766092874867e-01 2.8960219974435724e+00 7.2035135458153177e-01 -1.3270721168451157e+01 1.0830816164345807e+00 -9.0392187755453035e-01 5.3110549139642450e-02 1.1000000000000001e+00
1.9000000000000000e-02 -1.0658826019417880e-01 1.4246955414648721e-01 2.7123530246423408e+00 7.1374682327395900e-01 -1.3147270470882077e+01 1.0826299219015594e+00 -9.0284878216225273e-01 5.3110549139642450e-02 1.1000000000000001e+00
1.9500000000000000e-02 -1.1111451155693368e-01 1.4378080924023959e-01 2.5334557909983939e+00 7.0720421067683059e-01 -1.3023060278680578e+01 1.0821787751482488e+00 -9.0173071306434838e-01 5.3110549139642450e-02 1.1000000000000001e+00
2.0000000000000000e-02 -1.1568082655222976e-01 1.4500379155977669e-01 2.3592483101171822e+00 7.0072387585154228e-01 -1.2898172853780382e+01 1.0817281987268004e+00 -9.0056741538618434e-01 5.3110549139642450e-02 1.1000000000000001e+00
2.0500000000000001e-02 -1.2028445061059037e-01 1.4614082560301400e-01 2.1896491650007506e+00 6.9430613744485836e-01 -1.2772687605385943e+01 1.0812782153073868e+00 -8.9935867178930362e-01 5.3110549139642450e-02 1.1000000000000001e+00
2.1000000000000001e-02 -1.2492270202765476e-01 1.4719419530688260e-01 2.0245775330942117e+00 6.8795127509673148e-01 -1.2646681163323221e+01 1.0808288476596279e+00 -8.9810430168860589e-01 5.3110549139642450e-02 1.1000000000000001e+00
2.1500000000000002e-02 -1.2959297068603048e-01 1.4816614435067157e-01 1.8639532099604481e+00 6.8165953081210917e-01 -1.2520227449877613e+01 1.0803801186344140e+00 -8.9680416046556655e-01 5.3110549139642450e-02 1.1000000000000001e+00
2.1999999999999999e-02 -1.3429271678733826e-01 1.4905887647064048e-01 1.7076966316308395e+00 6.7543111029697778e-01 -1.2393397750110973e+01 1.0799320511461143e+00 -8.9545813867824187e-01 5.3110549139642450e-02 1.1000000000000001e+00
2.2499999999999999e-02 -1.3901946959421960e-01 1.4987455578557232e-01 1.5557288956664939e+00 6.6926618425970663e-01 -1.2266260780707407e+01 1.0794846681551926e+00 -8.9406616126808047e-01 5.3110549139642450e-02 1.1000000000000001e+00
2.3000000000000000e-02 -1.4377082618265807e-01 1.5061530713262841e-01 1.4079717809681105e+00 6.6316488967839771e-01 -1.2138882757373379e+01 1.0790379926512108e+00 -8.9262818676388744e-01 5.3110549139642450e-02 1.1000000000000001e+00
2.3500000000000000e-02 -1.4854445020546117e-01 1.5128321641257719e-01 1.2643477663777967e+00 6.5712733103470899e-01 -1.2011327460798709e+01 1.0785920476362358e+00 -8.9114420648357417e-01 5.3110549139642450e-02 1.1000000000000001e+00
2.4000000000000000e-02 -1.5333807066632690e-01 1.5188033094430900e-01 1.1247800481006887e+00 6.5115358151527480e-01 -1.1883656301235627e+01 1.0781468561086456e+00 -8.8961424373365061e-01 5.3110549139642450e-02 1.1000000000000001e+00
2.4500000000000001e-02 -1.5814948070563559e-01 1.5240865982755078e-01 9.8919255599173306e-01 6.4524368418100109e-01 -1.1755928381689074e+01 1.0777024410473339e+00 -8.8803835300730205e-01 5.3110549139642450e-02 1.1000000000000001e+00
2.5000000000000001e-02 -1.6297653639769197e-01 1.5287017431353256e-01 8.5750996873748053e-01 6.3939765310517482e-01 -1.1628200559761998e+01 1.0772588253963191e+00 -8.8641661918121495e-01 5.3110549139642450e-02 1.1000000000000001e+00
2.5500000000000002e-02 -1.6781715555967519e-01 1.5326680818305680e-01 7.2965772796740713e-01 6.3361547448103928e-01 -1.1500527508178413e+01 1.0768160320497528e+00 -8.8474915671161081e-01 5.3110549139642450e-02 1.1000000000000001e+00
2.6000000000000002e-02 -1.7266931657300419e-01 1.5360045813114853e-01 6.0556205133501440e-01 6.2789710769928031e-01 -1.1372961773990507e+01 1.0763740838373312e+00 -8.8303610883017958e-01 5.3110549139642450e-02 1.1000000000000001e+00
2.6499999999999999e-02 -1.7753105721653453e-01 1.5387298415826017e-01 4.8514994459193750e-01 6.2224248639641988e-01 -1.1245553836520349e+01 1.0759330035101087e+00 -8.8127764674000331e-01 5.3110549139642450e-02 1.1000000000000001e+00
2.7000000000000000e-02 -1.8240047351256511e-01 1.5408620996705694e-01 3.6834921269780407e-01 6.1665151947440289e-01 -1.1118352164030945e+01 1.0754928137267108e+00 -8.7947396881232831e-01 5.3110549139642450e-02 1.1000000000000001e+00
2.7500000000000000e-02 -1.8727571858534373e-01 1.5424192336460288e-01 2.5508846999157525e-01 6.1112409209221952e-01 -1.0991403269165612e+01 1.0750535370399550e+00 -8.7762529978443682e-01 5.3110549139642450e-02 1.1000000000000001e+00
2.8000000000000001e-02 -1.9215500153224629e-01 1.5434187666948521e-01 1.4529714945534894e-01 6.0566006663015814e-01 -1.0864751763176578e+01 1.0746151958838637e+00 -8.7573188995912277e-01 5.3110549139642450e-02 1.1000000000000001e+00
2.8500000000000001e-02 -1.9703658630821314e-01 1.5438778712314977e-01 3.8905511107880729e-02 6.0025928362712044e-01 -1.0738440408949124e+01 1.0741778125610835e+00 -8.7379401440646076e-01 5.3110549139642450e-02 1.1000000000000001e+00
2.9000000000000001e-02 -2.0191879062297813e-01 1.5438133730540002e-01 -6.4155350451179913e-02 5.9492156269183005e-01 -1.0612510172862452e+01 1.0737414092307005e+00 -8.7181197216809314e-01 5.3110549139642450e-02 1.1000000000000001e+00
2.9500000000000002e-02 -2.0679998485155626e-01 1.5432417555342376e-01 -1.6395349931203543e-01 5.8964670338837200e-01 -1.0487000275495840e+01 1.0733060078964509e+00 -8.6978608546468761e-01 5.3110549139642450e-02 1.1000000000000001e+00
2.9999999999999999e-02 -2.1167859095806649e-01 1.5421791638396504e-01 -2.6055615231219420e-01 5.8443448609665161e-01 -1.0361948241201326e+01 1.0728716303953312e+00 -8.6771669890704206e-01 5.3110549139642450e-02 1.1000000000000001e+00
3.0499999999999999e-02 -2.1655308143298083e-01 1.5406414091825640e-01 -3.5402967385263395e-01 5.7928467284833474e-01 -1.0237389946563002e+01 1.0724382983865988e+00 -8.6560417871132200e-01 5.3110549139642450e-02 1.1000000000000001e+00
3.1000000000000000e-02 -2.2142197824389553e-01 1.5386439730932605e-01 -4.4443957144489316e-01 5.7419700813881791e-01 -1.0113359667761957e+01 1.0720060333411641e+00 -8.6344891191891726e-01 5.3110549139642450e-02 1.1000000000000001e+00
3.1500000000000000e-02 -2.2628385179960461e-01 1.5362020117151906e-01 -5.3185049196771483e-01 5.6917121971586904e-01 -9.9898901268754852e+00 1.0715748565313714e+00 -8.6125130562127350e-01 5.3110549139642450e-02 1.1000000000000001e+00
3.2000000000000001e-02 -2.3113731992806053e-01 1.5333303601153311e-01 -6.1632621859780023e-01 5.6420701934528761e-01 -9.8670125371125934e+00 1.0711447890211681e+00 -8.5901178619038732e-01 5.3110549139642450e-02 1.1000000000000001e+00
3.2500000000000001e-02 -2.3598104686787388e-01 1.5300435366090059e-01 -6.9792966839605386e-01 5.5930410355424676e-01 -9.7447566470173737e+00 1.0707158516566537e+00 -8.5673079851525347e-01 5.3110549139642450e-02 1.1000000000000001e+00
3.3000000000000002e-02 -2.4081374227341124e-01 1.5263557470958644e-01 -7.7672289052434007e-01 5.5446215435281831e-01 -9.6231507836578078e+00 1.0702880650570130e+00 -8.5440880524472929e-01 5.3110549139642450e-02 1.1000000000000001e+00
3.3500000000000002e-02 -2.4563416023368939e-01 1.5222808894027745e-01 -8.5276706506527122e-01 5.4968083993412620e-01 -9.5022218948129442e+00 1.0698614496058232e+00 -8.5204628603732080e-01 5.3110549139642450e-02 1.1000000000000001e+00
3.4000000000000002e-02 -2.5044109830562156e-01 1.5178325576268120e-01 -9.2612250240966221e-01 5.4495981535348204e-01 -9.3819955901601073e+00 1.0694360254427318e+00 -8.4964373681850136e-01 5.3110549139642450e-02 1.1000000000000001e+00
3.4500000000000003e-02 -2.5523339655950084e-01 1.5130240464904965e-01 -9.9684864323217259e-01 5.4029872318760330e-01 -9.2624961815449964e+00 1.0690118124555124e+00 -8.4720166904520122e-01 5.3110549139642450e-02 1.1000000000000001e+00
3.5000000000000003e-02 -2.6000993663955074e-01 1.5078683556867128e-01 -1.0650040589754164e+00 5.3569719417354889e-01 -9.1437467222650959e+00 1.0685888302724791e+00 -8.4472060897891776e-01 5.3110549139642450e-02 1.1000000000000001e+00
3.5500000000000004e-02 -2.6476964083786236e-01 1.5023781942223288e-01 -1.1306464528535223e+00 5.3115484782835498e-01 -9.0257690454353199e+00 1.0681670982552653e+00 -8.4220109696719758e-01 5.3110549139642450e-02 1.1000000000000001e+00
3.6000000000000004e-02 -2.6951147118231289e-01 1.4965659847537008e-01 -1.1938326613409900e+00 5.2667129304965055e-01 -8.9085838014346255e+00 1.0677466354919536e+00 -8.3964368673407841e-01 5.3110549139642450e-02 1.1000000000000001e+00
3.6499999999999998e-02 -2.7423442853758856e-01 1.4904438679178289e-01 -1.2546186561447683e+00 5.2224612869793308e-01 -8.7922104944754764e+00 1.0673274607905685e+00 -8.3704894467956470e-01 5.3110549139642450e-02 1.1000000000000001e+00
3.6999999999999998e-02 -2.7893755172010293e-01 1.4840237066510092e-01 -1.3130595466216193e+00 5.1787894416071356e-01 -8.6766675182881379e+00 1.0669095926729091e+00 -8.3441744918875982e-01 5.3110549139642450e-02 1.1000000000000001e+00
3.7499999999999999e-02 -2.8361991662665087e-01 1.4773170904935926e-01 -1.3692095826230455e+00 5.1356931989901089e-01 -8.5619721909400539e+00 1.0664930493687288e+00 -8.3174978995093407e-01 5.3110549139642450e-02 1.1000000000000001e+00
3.7999999999999999e-02 -2.8828063537673781e-01 1.4703353398788360e-01 -1.4231221577484372e+00 5.0931682797663114e-01 -8.4481407888071232e+00 1.0660778488102511e+00 -8.2904656728881676e-01 5.3110549139642450e-02 1.1000000000000001e+00
3.8500000000000000e-02 -2.9291885546860424e-01 1.4630895104032643e-01 -1.4748498129854923e+00 5.0512103257263874e-01 -8.3351885797110015e+00 1.0656640086270146e+00 -8.2630839149841540e-01 5.3110549139642450e-02 1.1000000000000001e+00
3.9000000000000000e-02 -2.9753375894819717e-01 1.4555903970818501e-01 -1.5244442407365708e+00 5.0098149047758089e-01 -8.2231298552576693e+00 1.0652515461410530e+00 -8.2353588219945140e-01 5.3110549139642450e-02 1.1000000000000001e+00
3.9500000000000000e-02 -3.0212456159175788e-01 1.4478485385807621e-01 -1.5719562891958347e+00 4.9689775157369181e-01 -8.1119779623717800e+00 1.0648404783623930e+00 -8.2072966769688549e-01 5.3110549139642450e-02 1.1000000000000001e+00
4.0000000000000001e-02 -3.0669051210184672e-01 1.4398742214267082e-01 -1.6174359670619707e+00 4.9286935929950926e-01 -8.0017453340454292e+00 1.0644308219848695e+00 -8.1789038435373007e-01 5.3110549139642450e-02 1.1000000000000001e+00
4.0500000000000001e-02 -3.1123089131671849e-01 1.4316774841913096e-01 -1.6609324485696475e+00 4.8889585109929540e-01 -7.8924435193171485e+00 1.0640225933822498e+00 -8.1501867597536037e-01 5.3110549139642450e-02 1.1000000000000001e+00
4.1000000000000002e-02 -3.1574501143302858e-01 1.4232681216484144e-01 -1.7024940788212914e+00 4.8497675885763913e-01 -7.7840832124945409e+00 1.0636158086046621e+00 -8.1211519320553227e-01 5.3110549139642450e-02 1.1000000000000001e+00
4.1500000000000002e-02 -3.2023221524117673e-01 1.4146556889076711e-01 -1.7421683794197111e+00 4.8111160931971242e-01 -7.6766742816517795e+00 1.0632104833753271e+00 -8.0918059293417477e-01 5.3110549139642450e-02 1.1000000000000001e+00
4.2000000000000003e-02 -3.2469187537384736e-01 1.4058495055179537e-01 -1.7800020543692163e+00 4.7729992449742492e-01 -7.5702257963986996e+00 1.0628066330875798e+00 -8.0621553771727594e-01 5.3110549139642450e-02 1.1000000000000001e+00
4.2500000000000003e-02 -3.2912339356755782e-01 1.3968586595400131e-01 -1.8160409962323216e+00 4.7354122206185628e-01 -7.4647460549387041e+00 1.0624042728021819e+00 -8.0322069520899153e-01 5.3110549139642450e-02 1.1000000000000001e+00
4.3000000000000003e-02 -3.3352619993710325e-01 1.3876920115871882e-01 -1.8503302925274949e+00 4.6983501572232877e-01 -7.3602426104301957e+00 1.0620034172449089e+00 -8.0019673760609578e-01 5.3110549139642450e-02 1.1000000000000001e+00
4.3500000000000004e-02 -3.3789975226285057e-01 1.3783581988325155e-01 -1.8829142323518782e+00 4.6618081559245800e-01 -7.2567222966642726e+00 1.0616040808044129e+00 -7.9714434110490107e-01 5.3110549139642450e-02 1.1000000000000001e+00
4.3999999999999997e-02 -3.4224353529024032e-01 1.3688656389855189e-01 -1.9138363132310656e+00 4.6257812854358421e-01 -7.1541912530863341e+00 1.0612062775303601e+00 -7.9406418537067858e-01 5.3110549139642450e-02 1.1000000000000001e+00
4.4499999999999998e-02 -3.4655706004196085e-01 1.3592225342330483e-01 -1.9431392481663403e+00 4.5902645854583224e-01 -7.0526549491601234e+00 1.0608100211318243e+00 -7.9095695301976865e-01 5.3110549139642450e-02 1.1000000000000001e+00
4.4999999999999998e-02 -3.5083986314259658e-01 1.3494368751438446e-01 -1.9708649728685377e+00 4.5552530699714122e-01 -6.9521182080901260e+00 1.0604153249759418e+00 -7.8782332911442421e-01 5.3110549139642450e-02 1.1000000000000001e+00
4.5499999999999999e-02 -3.5509150615562607e-01 1.3395164445359894e-01 -1.9970546531661246e+00 4.5207417304058706e-01 -6.8525852299159418e+00 1.0600222020868080e+00 -7.8466400067044317e-01 5.3110549139642450e-02 1.1000000000000001e+00
4.5999999999999999e-02 -3.5931157493269761e-01 1.3294688213059619e-01 -2.0217486925735684e+00 4.4867255387030780e-01 -6.7540596139907239e+00 1.0596306651446199e+00 -7.8147965617762039e-01 5.3110549139642450e-02 1.1000000000000001e+00
4.6500000000000000e-02 -3.6349967897459201e-01 1.3193013842225110e-01 -2.0449867400233641e+00 4.4531994502636812e-01 -6.6565443808680200e+00 1.0592407264850598e+00 -7.7827098513303494e-01 5.3110549139642450e-02 1.1000000000000001e+00
4.7000000000000000e-02 -3.6765545080425566e-01 1.3090213156804209e-01 -2.0668076977347947e+00 4.4201584067881228e-01 -6.5600419935971477e+00 1.0588523980989037e+00 -7.7503867758722333e-01 5.3110549139642450e-02 1.1000000000000001e+00
4.7500000000000001e-02 -3.7177854535170013e-01 1.2986356054140916e-01 -2.0872497292104950e+00 4.3875973390121004e-01 -6.4645543784415942e+00 1.0584656916318587e+00 -7.7178342370322994e-01 5.3110549139642450e-02 1.1000000000000001e+00
4.8000000000000001e-02 -3.7586863935066950e-01 1.2881510541700744e-01 -2.1063502673490788e+00 4.3555111693398318e-01 -6.3700829450323786e+00 1.0580806183846108e+00 -7.6850591332850349e-01 5.3110549139642450e-02 1.1000000000000001e+00
4.8500000000000001e-02 -3.7992543074682839e-01 1.2775742773389850e-01 -2.1241460226673965e+00 4.3238948143779787e-01 -6.2766286059713687e+00 1.0576971893130864e+00 -7.6520683557961877e-01 5.3110549139642450e-02 1.1000000000000001e+00
4.9000000000000002e-02 -3.8394863811713825e-01 1.2669117085480947e-01 -2.1406729916296312e+00 4.2927431873729460e-01 -6.1841917959009267e+00 1.0573154150289212e+00 -7.6188687843980119e-01 5.3110549139642450e-02 1.1000000000000001e+00
4.9500000000000002e-02 -3.8793800010077656e-01 1.2561696032098749e-01 -2.1559664650571233e+00 4.2620512005540995e-01 -6.0927724900404803e+00 1.0569353058001245e+00 -7.5854672836918280e-01 5.3110549139642450e-02 1.1000000000000001e+00
5.0000000000000003e-02 -3.9189327484112696e-01 1.2453540420290192e-01 -2.1700610366210600e+00 4.2318137673856132e-01 -6.0023702222095237e+00 1.0565568715519345e+00 -7.5518706992773776e-01 5.3110549139642450e-02 1.1000000000000001e+00
5.0500000000000003e-02 -3.9581423943875377e-01 1.2344709344671814e-01 -2.1829906114077215e+00 4.2020258047294551e-01 -5.9129841023472522e+00 1.0561801218678613e+00 -7.5180858541082829e-01 5.3110549139642450e-02 1.1000000000000001e+00
5.1000000000000004e-02 -3.9970068941537018e-01 1.2235260221637557e-01 -2.1947884145422316e+00 4.1726822349220388e-01 -5.8246128335368486e+00 1.0558050659909068e+00 -7.4841195449725495e-01 5.3110549139642450e-02 1.1000000000000001e+00
5.1500000000000004e-02 -4.0355243818841346e-01 1.2125248823147196e-01 -2.2054869998719231e+00 4.1437779877669167e-01 -5.7372547285510596e+00 1.0554317128249584e+00 -7.4499785390975282e-01 5.3110549139642450e-02 1.1000000000000001e+00
5.2000000000000005e-02 -4.0736931655641390e-01 1.2014729310062786e-01 -2.2151182586890417e+00 4.1153080024460087e-01 -5.6509077259227700e+00 1.0550600709363496e+00 -7.4156695708777487e-01 5.3110549139642450e-02 1.1000000000000001e+00
5.2499999999999998e-02 -4.1115117219461639e-01 1.1903754265068640e-01 -2.2237134285006044e+00 4.0872672293515111e-01 -5.5655694055600309e+00 1.0546901485555809e+00 -7.3811993387252495e-01 5.3110549139642450e-02 1.1000000000000001e+00
5.2999999999999999e-02 -4.1489786916113464e-01 1.1792374725134085e-01 -2.2313031018219611e+00 4.0596506318409631e-01 -5.4812370039070419e+00 1.0543219535791961e+00 -7.3465745020403561e-01 5.3110549139642450e-02 1.1000000000000001e+00
5.3499999999999999e-02 -4.1860928741323761e-01 1.1680640213541657e-01 -2.2379172349968401e+00 4.0324531879176023e-01 -5.3979074286670556e+00 1.0539554935718030e+00 -7.3118016783020456e-01 5.3110549139642450e-02 1.1000000000000001e+00
5.3999999999999999e-02 -4.2228532233366239e-01 1.1568598771477090e-01 -2.2435851570360845e+00 4.0056698918381373e-01 -5.3155772730966051e+00 1.0535907757682441e+00 -7.2768874402765382e-01 5.3110549139642450e-02 1.1000000000000001e+00
5.4500000000000000e-02 -4.2592588426686329e-01 1.1456296989175452e-01 -2.2483355784664893e+00 3.9792957556501074e-01 -5.2342428298799746e+00 1.0532278070758962e+00 -7.2418383133425068e-01 5.3110549139642450e-02 1.1000000000000001e+00
5.5000000000000000e-02 -4.2953089806504791e-01 1.1343780036623963e-01 -2.2521966001838605e+00 3.9533258106609154e-01 -5.1539001045939470e+00 1.0528665940771054e+00 -7.2066607729313636e-01 5.3110549139642450e-02 1.1000000000000001e+00
5.5500000000000001e-02 -4.3310030264386434e-01 1.1231091693821023e-01 -2.2551957223041015e+00 3.9277551088405493e-01 -5.0745448287724395e+00 1.0525071430317465e+00 -7.1713612420810002e-01 5.3110549139642450e-02 1.1000000000000001e+00
5.6000000000000001e-02 -4.3663405054758148e-01 1.1118274380593257e-01 -2.2573598530072889e+00 3.9025787241599724e-01 -4.9961724725808017e+00 1.0521494598799011e+00 -7.1359460891013637e-01 5.3110549139642450e-02 1.1000000000000001e+00
5.6500000000000002e-02 -4.4013210752360127e-01 1.1005369185973535e-01 -2.2587153173703358e+00 3.8777917538670353e-01 -4.9187782571095244e+00 1.0517935502446496e+00 -7.1004216253502672e-01 5.3110549139642450e-02 1.1000000000000001e+00
5.7000000000000002e-02 -4.4359445210622117e-01 1.0892415897134645e-01 -2.2592878661803795e+00 3.8533893197019170e-01 -4.8423571662953258e+00 1.0514394194349734e+00 -7.0647941031173855e-01 5.3110549139642450e-02 1.1000000000000001e+00
5.7500000000000002e-02 -4.4702107520946721e-01 1.0779453027883917e-01 -2.2591026847257170e+00 3.8293665690538442e-01 -4.7669039584794275e+00 1.0510870724487575e+00 -7.0290697136148117e-01 5.3110549139642450e-02 1.1000000000000001e+00
5.8000000000000003e-02 -4.5041197972886249e-01 1.0666517846719489e-01 -2.2581844015593040e+00 3.8057186760609041e-01 -4.6924131776116624e+00 1.0507365139758931e+00 -6.9932545850722660e-01 5.3110549139642450e-02 1.1000000000000001e+00
5.8500000000000003e-02 -4.5376718015201273e-01 1.0553646404447793e-01 -2.2565570972293911e+00 3.7824408426547312e-01 -4.6188791641087672e+00 1.0503877484014734e+00 -6.9573547809349401e-01 5.3110549139642450e-02 1.1000000000000001e+00
5.9000000000000004e-02 -4.5708670217783937e-01 1.0440873561367123e-01 -2.2542443129744032e+00 3.7595282995517126e-01 -4.5462960653758353e+00 1.0500407798090725e+00 -6.9213762981622151e-01 5.3110549139642450e-02 1.1000000000000001e+00
5.9500000000000004e-02 -4.6037058234435391e-01 1.0328233014016078e-01 -2.2512690593765283e+00 3.7369763071924389e-01 -4.4746578459987418e+00 1.0496956119841143e+00 -6.8853250656250853e-01 5.3110549139642450e-02 1.1000000000000001e+00
5.9999999999999998e-02 -4.6361886766481691e-01 1.0215757321490962e-01 -2.2476538249709797e+00 3.7147801566309935e-01 -4.4039582976160148e+00 1.0493522484173121e+00 -6.8492069426003732e-01 5.3110549139642450e-02 1.1000000000000001e+00
6.0499999999999998e-02 -4.6683161527214395e-01 1.0103477931334748e-01 -2.2434205848073883e+00 3.6929351703756313e-01 -4.3341910484781714e+00 1.0490106923081846e+00 -6.8130277173597620e-01 5.3110549139642450e-02 1.1000000000000001e+00
6.0999999999999999e-02 -4.7000889207145397e-01 9.9914252049967262e-02 -2.2385908089582234e+00 3.6714367031825151e-01 -4.2653495727018953e+00 1.0486709465686399e+00 -6.7767931058513220e-01 5.3110549139642450e-02 1.1000000000000001e+00
6.1499999999999999e-02 -4.7315077440057901e-01 9.8796284428705083e-02 -2.2331854709732641e+00 3.6502801428038434e-01 -4.1974271992274650e+00 1.0483330138266225e+00 -6.7405087504717964e-01 5.3110549139642450e-02 1.1000000000000001e+00
6.2000000000000000e-02 -4.7625734769842509e-01 9.7681159089108738e-02 -2.2272250562758820e+00 3.6294609106919185e-01 -4.1304171204865954e+00 1.0479968964298199e+00 -6.7041802189274247e-01 5.3110549139642450e-02 1.1000000000000001e+00
6.2500000000000000e-02 -4.7932870618105888e-01 9.6569148548314068e-02 -2.2207295704977135e+00 3.6089744626606057e-01 -4.0643124007879488e+00 1.0476625964494237e+00 -6.6678130031811045e-01 5.3110549139642450e-02 1.1000000000000001e+00
6.3000000000000000e-02 -4.8236495252538591e-01 9.5460515438864066e-02 -2.2137185477490688e+00 3.5888162895055820e-01 -3.9991059844276506e+00 1.0473301156839412e+00 -6.6314125184837913e-01 5.3110549139642450e-02 1.1000000000000001e+00
6.3500000000000001e-02 -4.8536619756029065e-01 9.4355512742400394e-02 -2.2062110588223045e+00 3.5689819175847415e-01 -3.9347907035318630e+00 1.0469994556630535e+00 -6.5949841024879896e-01 5.3110549139642450e-02 1.1000000000000001e+00
6.4000000000000001e-02 -4.8833255996506347e-01 9.3254384019317446e-02 -2.1982257193284611e+00 3.5494669093598619e-01 -3.8713592856389778e+00 1.0466706176515157e+00 -6.5585330144416820e-01 5.3110549139642450e-02 1.1000000000000001e+00
6.4500000000000002e-02 -4.9126416597506944e-01 9.2157363634312789e-02 -2.1897806977599266e+00 3.5302668639012019e-01 -3.8088043610270796e+00 1.0463436026530972e+00 -6.5220644344597412e-01 5.3110549139642450e-02 1.1000000000000001e+00
6.5000000000000002e-02 -4.9416114909446784e-01 9.1064676977945958e-02 -2.1808937234806893e+00 3.5113774173560025e-01 -3.7471184697942359e+00 1.0460184114145519e+00 -6.4855834628713205e-01 5.3110549139642450e-02 1.1000000000000001e+00
6.5500000000000003e-02 -4.9702364981586128e-01 8.9976540684239825e-02 -2.1715820946420177e+00 3.4927942433821041e-01 -3.6862940686980146e+00 1.0456950444296258e+00 -6.4490951196411028e-01 5.3110549139642450e-02 1.1000000000000001e+00
6.6000000000000003e-02 -4.9985181534680168e-01 8.8893162844293563e-02 -2.1618626860183081e+00 3.4745130535481794e-01 -3.6263235377599985e+00 1.0453735019430852e+00 -6.4126043438616631e-01 5.3110549139642450e-02 1.1000000000000001e+00
6.6500000000000004e-02 -5.0264579934291687e-01 8.7814743216093075e-02 -2.1517519567686785e+00 3.4565295977010713e-01 -3.5671991866428234e+00 1.0450537839547747e+00 -6.3761159933162348e-01 5.3110549139642450e-02 1.1000000000000001e+00
6.7000000000000004e-02 -5.0540576164779272e-01 8.6741473430218083e-02 -2.1412659581055946e+00 3.4388396643029800e-01 -3.5089132608031517e+00 1.0447358902236861e+00 -6.3396348441063821e-01 5.3110549139642450e-02 1.1000000000000001e+00
6.7500000000000004e-02 -5.0813186803895882e-01 8.5673537192192076e-02 -2.1304203409046241e+00 3.4214390807361844e-01 -3.4514579474319267e+00 1.0444198202720598e+00 -6.3031655903497019e-01 5.3110549139642450e-02 1.1000000000000001e+00
6.8000000000000005e-02 -5.1082428998055829e-01 8.4611110480586949e-02 -2.1192303632071998e+00 3.4043237135808485e-01 -3.3948253811806750e+00 1.0441055733894833e+00 -6.2667128439360142e-01 5.3110549139642450e-02 1.1000000000000001e+00
6.8500000000000005e-02 -5.1348320438209805e-01 8.3554361741560515e-02 -2.1077108976470029e+00 3.3874894688639567e-01 -3.3390076496846679e+00 1.0437931486370073e+00 -6.2302811343463549e-01 5.3110549139642450e-02 1.1000000000000001e+00
6.9000000000000006e-02 -5.1610879336323801e-01 8.2503452079779285e-02 -2.0958764387945754e+00 3.3709322922807061e-01 -3.2839967988874768e+00 1.0434825448512737e+00 -6.1938749085320244e-01 5.3110549139642450e-02 1.1000000000000001e+00
6.9500000000000006e-02 -5.1870124402459128e-01 8.1458535445649127e-02 -2.0837411104130372e+00 3.3546481693899571e-01 -3.2297848381716041e+00 1.0431737606486391e+00 -6.1574985308504016e-01 5.3110549139642450e-02 1.1000000000000001e+00
7.0000000000000007e-02 -5.2126074822440249e-01 8.0419758818921439e-02 -2.0713186726251496e+00 3.3386331257846047e-01 -3.1763637453007880e+00 1.0428667944293102e+00 -6.1211562830557276e-01 5.3110549139642450e-02 1.1000000000000001e+00
7.0500000000000007e-02 -5.2378750236098470e-01 7.9387262388721624e-02 -2.0586225289910773e+00 3.3228832272377967e-01 -3.1237254711793008e+00 1.0425616443814696e+00 -6.0848523643429220e-01 5.3110549139642450e-02 1.1000000000000001e+00
7.1000000000000008e-02 -5.2628170716081146e-01 7.8361179730031774e-02 -2.0456657334954262e+00 3.3073945798260113e-01 -3.0718619444333948e+00 1.0422583084854009e+00 -6.0485908914422670e-01 5.3110549139642450e-02 1.1000000000000001e+00
7.1500000000000008e-02 -5.2874356747207074e-01 7.7341637976800479e-02 -2.0324609974498156e+00 3.2921633300290504e-01 -3.0207650758202118e+00 1.0419567845176099e+00 -6.0123758987647313e-01 5.3110549139642450e-02 1.1000000000000001e+00
7.2000000000000008e-02 -5.3117329206366448e-01 7.6328757991587656e-02 -2.0190206963032789e+00 3.2771856648086123e-01 -2.9704267624684850e+00 1.0416570700549368e+00 -5.9762113385943760e-01 5.3110549139642450e-02 1.1000000000000001e+00
7.2499999999999995e-02 -5.3357109342952935e-01 7.5322654531810376e-02 -2.0053568763611151e+00 3.2624578116661718e-01 -2.9208388919559667e+00 1.0413591624786558e+00 -5.9401010813262034e-01 5.3110549139642450e-02 1.1000000000000001e+00
7.2999999999999995e-02 -5.3593718759817066e-01 7.4323436412637778e-02 -1.9914812614119779e+00 3.2479760386809747e-01 -2.8719933462283058e+00 1.0410630589785641e+00 -5.9040489157476206e-01 5.3110549139642450e-02 1.1000000000000001e+00
7.3499999999999996e-02 -5.3827179394730584e-01 7.3331206666570142e-02 -1.9774052592622964e+00 3.2337366545290314e-01 -2.8238820053640143e+00 1.0407687565570500e+00 -5.8680585493615456e-01 5.3110549139642450e-02 1.1000000000000001e+00
7.3999999999999996e-02 -5.4057513502345689e-01 7.2346062699859146e-02 -1.9631399681840238e+00 3.2197360084830401e-01 -2.7764967511898706e+00 1.0404762520331536e+00 -5.8321336087509945e-01 5.3110549139642450e-02 1.1000000000000001e+00
7.4499999999999997e-02 -5.4284743636645538e-01 7.1368096445695500e-02 -1.9486961832691088e+00 3.2059704903948177e-01 -2.7298294707510018e+00 1.0401855420465995e+00 -5.7962776399817961e-01 5.3110549139642450e-02 1.1000000000000001e+00
7.4999999999999997e-02 -5.4508892633875228e-01 7.0397394514227746e-02 -1.9340844026915827e+00 3.1924365306608204e-01 -2.6838720596399539e+00 1.0398966230618134e+00 -5.7604941090419282e-01 5.3110549139642450e-02 1.1000000000000001e+00
7.5499999999999998e-02 -5.4729983595942711e-01 6.9434038339460810e-02 -1.9193148338774149e+00 3.1791306001714753e-01 -2.6386164251889452e+00 1.0396094913719145e+00 -5.7247864023158312e-01 5.3110549139642450e-02 1.1000000000000001e+00
7.5999999999999998e-02 -5.4948039874280286e-01 6.8478104323070443e-02 -1.9043973995816419e+00 3.1660492102450821e-01 -2.5940544895294404e+00 1.0393241431026807e+00 -5.6891578270918597e-01 5.3110549139642450e-02 1.1000000000000001e+00
7.6499999999999999e-02 -5.5163085054152539e-01 6.7529663975276433e-02 -1.8893417438784845e+00 3.1531889125461338e-01 -2.5501781925225937e+00 1.0390405742164917e+00 -5.6536116121028757e-01 5.3110549139642450e-02 1.1000000000000001e+00
7.6999999999999999e-02 -5.5375142939406441e-01 6.6588784052716135e-02 -1.8741572380587963e+00 3.1405462989895006e-01 -2.5069794945646247e+00 1.0387587805162439e+00 -5.6181509080967751e-01 5.3110549139642450e-02 1.1000000000000001e+00
7.7499999999999999e-02 -5.5584237537653602e-01 6.5655526693379082e-02 -1.8588529864359642e+00 3.1281180016309956e-01 -2.4644503792709238e+00 1.0384787576492329e+00 -5.5827787884356694e-01 5.3110549139642450e-02 1.1000000000000001e+00
7.8000000000000000e-02 -5.5790393045874809e-01 6.4729949548651092e-02 -1.8434378320606761e+00 3.1159006925449195e-01 -2.4225828560425660e+00 1.0382005011110087e+00 -5.5474982497221914e-01 5.3110549139642450e-02 1.1000000000000001e+00
7.8500000000000000e-02 -5.5993633836438450e-01 6.3812105912504274e-02 -1.8279203623444082e+00 3.1038910836892492e-01 -2.3813689625189296e+00 1.0379240062491955e+00 -5.5123122124513269e-01 5.3110549139642450e-02 1.1000000000000001e+00
7.9000000000000001e-02 -5.6193984443520384e-01 6.2902044847962593e-02 -1.8123089145970286e+00 3.0920859267582479e-01 -2.3408007669192554e+00 1.0376492682672807e+00 -5.4772235216878185e-01 5.3110549139642450e-02 1.1000000000000001e+00
7.9500000000000001e-02 -5.6391469549920448e-01 6.1999811310796758e-02 -1.7966115814737058e+00 3.0804820130238358e-01 -2.3008703702770541e+00 1.0373762822283710e+00 -5.4422349477662291e-01 5.3110549139642450e-02 1.1000000000000001e+00
8.0000000000000002e-02 -5.6586113974266439e-01 6.1105446270506993e-02 -1.7808362163323868e+00 3.0690761731661514e-01 -2.2615699085706273e+00 1.0371050430589099e+00 -5.4073491870125068e-01 5.3110549139642450e-02 1.1000000000000001e+00
8.0500000000000002e-02 -5.6777942658596503e-01 6.0218986828640256e-02 -1.7649904385024791e+00 3.0578652770938120e-01 -2.2228915547529917e+00 1.0368355455523592e+00 -5.3725688624857193e-01 5.3110549139642450e-02 1.1000000000000001e+00
8.1000000000000003e-02 -5.6966980656311927e-01 5.9340466334478620e-02 -1.7490816384648515e+00 3.0468462337544622e-01 -2.1848275206844492e+00 1.0365677843728425e+00 -5.3378965247385390e-01 5.3110549139642450e-02 1.1000000000000001e+00
8.1500000000000003e-02 -5.7153253120490222e-01 5.8469914498215182e-02 -1.7331169829482242e+00 3.0360159909353085e-01 -2.1473700589700400e+00 1.0363017540587527e+00 -5.3033346525966252e-01 5.3110549139642450e-02 1.1000000000000001e+00
8.2000000000000003e-02 -5.7336785292552572e-01 5.7607357501582530e-02 -1.7171034199378665e+00 3.0253715350548965e-01 -2.1105114647056000e+00 1.0360374490263187e+00 -5.2688856539542361e-01 5.3110549139642450e-02 1.1000000000000001e+00
8.2500000000000004e-02 -5.7517602491277764e-01 5.6752818105989034e-02 -1.7010476835979693e+00 3.0149098909464772e-01 -2.0742440771352535e+00 1.0357748635731303e+00 -5.2345518665850765e-01 5.3110549139642450e-02 1.1000000000000001e+00
8.3000000000000004e-02 -5.7695730102154075e-01 5.5906315758207460e-02 -1.6849562991084859e+00 3.0046281216334048e-01 -2.0385602812232166e+00 1.0355139918816261e+00 -5.2003355589672196e-01 5.3110549139642450e-02 1.1000000000000001e+00
8.3500000000000005e-02 -5.7871193567061763e-01 5.5067866693652483e-02 -1.6688355874167529e+00 2.9945233280970579e-01 -2.0034525091427997e+00 1.0352548280225338e+00 -5.1662389311208756e-01 5.3110549139642450e-02 1.1000000000000001e+00
8.4000000000000005e-02 -5.8044018374277628e-01 5.4237484037350840e-02 -1.6526916699086320e+00 2.9845926490369562e-01 -1.9689132416843007e+00 1.0349973659582741e+00 -5.1322641154592352e-01 5.3110549139642450e-02 1.1000000000000001e+00
8.4500000000000006e-02 -5.8214230048795601e-01 5.3415177902578860e-02 -1.6365304729957308e+00 2.9748332606242217e-01 -1.9349350095853197e+00 1.0347415995463203e+00 -5.0984131776499764e-01 5.3110549139642450e-02 1.1000000000000001e+00
8.5000000000000006e-02 -5.8381854142955802e-01 5.2600955487218756e-02 -1.6203577326201155e+00 2.9652423762486824e-01 -1.9015103947859524e+00 1.0344875225425119e+00 -5.0646881174865777e-01 5.3110549139642450e-02 1.1000000000000001e+00
8.5500000000000007e-02 -5.8546916227374823e-01 5.1794821167876474e-02 -1.6041789986774280e+00 2.9558172462599624e-01 -1.8686320316113501e+00 1.0342351286043283e+00 -5.0310908697684720e-01 5.3110549139642450e-02 1.1000000000000001e+00
8.6000000000000007e-02 -5.8709441882169899e-01 5.0996776591796363e-02 -1.5879996393588729e+00 2.9465551577030236e-01 -1.8362926078842192e+00 1.0339844112941146e+00 -4.9976233051889801e-01 5.3110549139642450e-02 1.1000000000000001e+00
8.6500000000000007e-02 -5.8869456688470345e-01 5.0206820766665189e-02 -1.5718248454164685e+00 2.9374534340477626e-01 -1.8044848659684918e+00 1.0337353640822646e+00 -4.9642872312313124e-01 5.3110549139642450e-02 1.1000000000000001e+00
8.7000000000000008e-02 -5.9026986220209776e-01 4.9424950148287967e-02 -1.5556596343486806e+00 2.9285094349137414e-01 -1.7732016037475007e+00 1.0334879803503605e+00 -4.9310843930704917e-01 5.3110549139642450e-02 1.1000000000000001e+00
8.7500000000000008e-02 -5.9182056036192354e-01 4.8651158726183523e-02 -1.5395088545078728e+00 2.9197205557902794e-01 -1.7424356755387669e+00 1.0332422533942642e+00 -4.8980164744804694e-01 5.3110549139642450e-02 1.1000000000000001e+00
8.7999999999999995e-02 -5.9334691672426310e-01 4.7885438107140271e-02 -1.5233771891305465e+00 2.9110842277522203e-01 -1.7121799929475752e+00 1.0329981764271650e+00 -4.8650850987456684e-01 5.3110549139642450e-02 1.1000000000000001e+00
8.8499999999999995e-02 -5.9484918634718298e-01 4.7127777596765917e-02 -1.5072691602909576e+00 2.9025979171717403e-01 -1.6824275256615946e+00 1.0327557425825811e+00 -4.8322918295759842e-01 5.3110549139642450e-02 1.1000000000000001e+00
8.8999999999999996e-02 -5.9632762391522975e-01 4.6378164279113364e-02 -1.4911891327821702e+00 2.8942591254258049e-01 -1.6531713021874046e+00 1.0325149449173154e+00 -4.7996381720256781e-01 5.3110549139642450e-02 1.1000000000000001e+00
8.9499999999999996e-02 -5.9778248367041265e-01 4.5636583094371623e-02 -1.4751413179221275e+00 2.8860653886002635e-01 -1.6244044105320476e+00 1.0322757764143646e+00 -4.7671255734141760e-01 5.3110549139642450e-02 1.1000000000000001e+00
8.9999999999999997e-02 -5.9921401934561425e-01 4.4903016914666270e-02 -1.4591297772861835e+00 2.8780142771907552e-01 -1.5961199988314254e+00 1.0320382299857851e+00 -4.7347554242482537e-01 5.3110549139642450e-02 1.1000000000000001e+00
9.0499999999999997e-02 -6.0062248410036434e-01 4.4177446618007148e-02 -1.4431584263670978e+00 2.8701033958006927e-01 -1.5683112759274167e+00 1.0318022984755082e+00 -4.7025290591449176e-01 5.3110549139642450e-02 1.1000000000000001e+00
9.0999999999999998e-02 -6.0200813045892099e-01 4.3459851160415931e-02 -1.4272310381631612e+00 2.8623303828366398e-01 -1.5409715118957108e+00 1.0315679746621123e+00 -4.6704477577542242e-01 5.3110549139642450e-02 1.1000000000000001e+00
9.1499999999999998e-02 -6.0337121025061347e-01 4.2750207646305528e-02 -1.4113512466981744e+00 2.8546929102006707e-01 -1.5140940385248765e+00 1.0313352512615481e+00 -4.6385127456824710e-01 5.3110549139642450e-02 1.1000000000000001e+00
9.1999999999999998e-02 -6.0471197455238068e-01 4.2048491397106098e-02 -1.3955225504712876e+00 2.8471886829806226e-01 -1.4876722497496178e+00 1.0311041209298182e+00 -4.6067251954140470e-01 5.3110549139642450e-02 1.1000000000000001e+00
9.2499999999999999e-02 -6.0603067363345209e-01 4.1354676018178459e-02 -1.3797483158380970e+00 2.8398154391383751e-01 -1.4616996020397408e+00 1.0308745762656097e+00 -4.5750862272314963e-01 5.3110549139642450e-02 1.1000000000000001e+00
9.2999999999999999e-02 -6.0732755690211437e-01 4.0668733464050026e-02 -1.3640317803240241e+00 2.8325709491963774e-01 -1.4361696147464711e+00 1.0306466098128824e+00 -4.5435969101332785e-01 5.3110549139642450e-02 1.1000000000000001e+00
9.3500000000000000e-02 -6.0860287285451031e-01 3.9990634102004236e-02 -1.3483760558706883e+00 2.8254530159227015e-01 -1.4110758704078625e+00 1.0304202140634073e+00 -4.5122582627485802e-01 5.3110549139642450e-02 1.1000000000000001e+00
9.4000000000000000e-02 -6.0985686902543645e-01 3.9320346774086599e-02 -1.3327841320186828e+00 2.8184594740141855e-01 -1.3864120150135508e+00 1.0301953814592657e+00 -4.4810712542496567e-01 5.3110549139642450e-02 1.1000000000000001e+00
9.4500000000000001e-02 -6.1108979194107294e-01 3.8657838857526397e-02 -1.3172588790251023e+00 2.8115881897785078e-01 -1.3621717582316126e+00 1.0299721043952974e+00 -4.4500368052601941e-01 5.3110549139642450e-02 1.1000000000000001e+00
9.5000000000000001e-02 -6.1230188707359812e-01 3.8003076323611738e-02 -1.3018030509171885e+00 2.8048370608153189e-01 -1.3383488735988192e+00 1.0297503752215054e+00 -4.4191557887593791e-01 5.3110549139642450e-02 1.1000000000000001e+00
9.5500000000000002e-02 -6.1349339879763642e-01 3.7356023795050340e-02 -1.2864192884830921e+00 2.7982040156965693e-01 -1.3149371986756966e+00 1.0295301862454171e+00 -4.3884290309812396e-01 5.3110549139642450e-02 1.1000000000000001e+00
9.6000000000000002e-02 -6.1466457034849153e-01 3.6716644601845171e-02 -1.2711101222005063e+00 2.7916870136463029e-01 -1.2919306351679183e+00 1.0293115297343973e+00 -4.3578573123087649e-01 5.3110549139642450e-02 1.1000000000000001e+00
9.6500000000000002e-02 -6.1581564378213960e-01 3.6084900835739973e-02 -1.2558779751062583e+00 2.7852840442194648e-01 -1.2693231490140580e+00 1.0290943979179197e+00 -4.3274413681632995e-01 5.3110549139642450e-02 1.1000000000000001e+00
9.7000000000000003e-02 -6.1694685993691856e-01 3.5460753403237656e-02 -1.2407251656055267e+00 2.7789931269805085e-01 -1.2471087704422799e+00 1.0288787829897925e+00 -4.2971818898878833e-01 5.3110549139642450e-02 1.1000000000000001e+00
9.7500000000000003e-02 -6.1805845839686635e-01 3.4844162077225405e-02 -1.2256539102219730e+00 2.7728123111818720e-01 -1.2252815939970501e+00 1.0286646771103405e+00 -4.2670795256243382e-01 5.3110549139642450e-02 1.1000000000000001e+00
9.8000000000000004e-02 -6.1915067745666941e-01 3.4235085547237039e-02 -1.2106663262897788e+00 2.7667396754424700e-01 -1.2038357785370819e+00 1.0284520724085433e+00 -4.2371348811837628e-01 5.3110549139642450e-02 1.1000000000000001e+00
9.8500000000000004e-02 -6.2022375408816988e-01 3.3633481468379321e-02 -1.1957644345883407e+00 2.7607733274263935e-01 -1.1827655472058471e+00 1.0282409609841301e+00 -4.2073485209100459e-01 5.3110549139642450e-02 1.1000000000000001e+00
9.9000000000000005e-02 -6.2127792390842107e-01 3.3039306508970273e-02 -1.1809501619224221e+00 2.7549114035214051e-01 -1.1620651873745012e+00 1.0280313349096319e+00 -4.1777209685369032e-01 5.3110549139642450e-02 1.1000000000000001e+00
9.9500000000000005e-02 -6.2231342114922217e-01 3.2452516396895156e-02 -1.1662253436466885e+00 2.7491520685179172e-01 -1.1417290505596134e+00 1.0278231862323901e+00 -4.1482527080373116e-01 5.3110549139642450e-02 1.1000000000000001e+00
1.0000000000000001e-01 -6.2333047862809599e-01 3.1873065964711150e-02 -1.1515917261358415e+00 2.7434935152885337e-01 -1.1217515523166197e+00 1.0276165069765248e+00 -4.1189441844651897e-01 5.3110549139642450e-02 1.1000000000000001e+00
1.0050000000000001e-01 -6.2432932772066962e-01 3.1300909193528528e-02 -1.1370509692013167e+00 2.7379339644682360e-01 -1.1021271721100274e+00 1.0274112891448579e+00 -4.0897958047891031e-01 5.3110549139642450e-02 1.1000000000000001e+00
1.0100000000000001e-01 -6.2531019833441626e-01 3.0735999255693439e-02 -1.1226046484552787e+00 2.7324716641354141e-01 -1.0828504531615342e+00 1.0272075247207990e+00 -4.0608079387176849e-01 5.3110549139642450e-02 1.1000000000000001e+00
1.0150000000000001e-01 -6.2627331888374993e-01 3.0178288556313410e-02 -1.1082542576244507e+00 2.7271048894933042e-01 -1.0639160022757599e+00 1.0270052056701853e+00 -4.0319809195172795e-01 5.3110549139642450e-02 1.1000000000000001e+00
1.0200000000000001e-01 -6.2721891626640935e-01 2.9627728773633882e-02 -1.0940012108129156e+00 2.7218319425524751e-01 -1.0453184896458203e+00 1.0268043239430862e+00 -4.0033150448208532e-01 5.3110549139642450e-02 1.1000000000000001e+00
1.0250000000000001e-01 -6.2814721584109534e-01 2.9084270898293740e-02 -1.0798468447150311e+00 2.7166511518144237e-01 -1.0270526486394944e+00 1.0266048714755625e+00 -3.9748105774280867e-01 5.3110549139642450e-02 1.1000000000000001e+00
1.0300000000000001e-01 -6.2905844140633027e-01 2.8547865271485277e-02 -1.0657924207793867e+00 2.7115608719563422e-01 -1.0091132755668710e+00 1.0264068401913904e+00 -3.9464677460964986e-01 5.3110549139642450e-02 1.1000000000000001e+00
1.0350000000000001e-01 -6.2995281518049751e-01 2.8018461622041885e-02 -1.0518391273245093e+00 2.7065594835172152e-01 -9.9149522943048007e-01 1.0262102220037423e+00 -3.9182867463233778e-01 5.3110549139642450e-02 1.1000000000000001e+00
1.0400000000000001e-01 -6.3083055778306052e-01 2.7496009102488665e-02 -1.0379880816086051e+00 2.7016453925848222e-01 -9.7419343165749150e-01 1.0260150088168309e+00 -3.8902677411190262e-01 5.3110549139642450e-02 1.1000000000000001e+00
1.0450000000000000e-01 -6.3169188821690081e-01 2.6980456324066048e-02 -1.0242403318526554e+00 2.6968170304842543e-01 -9.5720286581604819e-01 1.0258211925275156e+00 -3.8624108617704977e-01 5.3110549139642450e-02 1.1000000000000001e+00
1.0500000000000000e-01 -6.3253702385173993e-01 2.6471751390751704e-02 -1.0105968592179382e+00 2.6920728534679572e-01 -9.4051857731635247e-01 1.0256287650268676e+00 -3.8347162085958059e-01 5.3110549139642450e-02 1.1000000000000001e+00
1.0550000000000000e-01 -6.3336618040862080e-01 2.5969841932303967e-02 -9.9705857973884437e-01 2.6874113424073598e-01 -9.2413567309726141e-01 1.0254377182017018e+00 -3.8071838516885270e-01 5.3110549139642450e-02 1.1000000000000001e+00
1.0600000000000000e-01 -6.3417957194540775e-01 2.5474675136348192e-02 -9.8362634621168255e-01 2.6828310024862240e-01 -9.0804932129925453e-01 1.0252480439360681e+00 -3.7798138316526231e-01 5.3110549139642450e-02 1.1000000000000001e+00
1.0650000000000000e-01 -6.3497741084331305e-01 2.4986197779535955e-02 -9.7030095004150929e-01 2.6783303628952998e-01 -8.9225475092326967e-01 1.0250597341127090e+00 -3.7526061603279870e-01 5.3110549139642450e-02 1.1000000000000001e+00
1.0700000000000000e-01 -6.3575990779438585e-01 2.4504356257788622e-02 -9.5708312304646614e-01 2.6739079765288420e-01 -8.7674725147732357e-01 1.0248727806144784e+00 -3.7255608215060237e-01 5.3110549139642450e-02 1.1000000000000001e+00
1.0750000000000000e-01 -6.3652727178993795e-01 2.4029096615648022e-02 -9.4397353922061611e-01 2.6695624196829865e-01 -8.6152217261142072e-01 1.0246871753257278e+00 -3.6986777716352903e-01 5.3110549139642450e-02 1.1000000000000001e+00
1.0800000000000000e-01 -6.3727971010988194e-01 2.3560364574755265e-02 -9.3097281645609409e-01 2.6652922917560357e-01 -8.4657492374138144e-01 1.0245029101336549e+00 -3.6719569405171659e-01 5.3110549139642450e-02 1.1000000000000001e+00
1.0850000000000000e-01 -6.3801742831294561e-01 2.3098105561477542e-02 -9.1808151822523665e-01 2.6610962149507644e-01 -8.3190097366234839e-01 1.0243199769296187e+00 -3.6453982319914385e-01 5.3110549139642450e-02 1.1000000000000001e+00
1.0900000000000000e-01 -6.3874063022777261e-01 2.2642264733707926e-02 -9.0530015522450469e-01 2.6569728339783322e-01 -8.1749585015138682e-01 1.0241383676104228e+00 -3.6190015246122964e-01 5.3110549139642450e-02 1.1000000000000001e+00
1.0950000000000000e-01 -6.3944951794485083e-01 2.2192787006850845e-02 -8.9262918697981397e-01 2.6529208157643364e-01 -8.0335513956095617e-01 1.0239580740795595e+00 -3.5927666723141427e-01 5.3110549139642450e-02 1.1000000000000001e+00
1.1000000000000000e-01 -6.4014429180924493e-01 2.1749617079013555e-02 -8.8006902341418780e-01 2.6489388491569743e-01 -7.8947448640365847e-01 1.0237790882484274e+00 -3.5666935050673082e-01 5.3110549139642450e-02 1.1000000000000001e+00
1.1050000000000000e-01 -6.4082515041410748e-01 2.1312699455422746e-02 -8.6762002637849256e-01 2.6450256446373488e-01 -7.7584959292879230e-01 1.0236014020375119e+00 -3.5407818295236593e-01 5.3110549139642450e-02 1.1000000000000001e+00
1.1100000000000000e-01 -6.4149229059494317e-01 2.0881978472084450e-02 -8.5528251114588705e-01 2.6411799340320230e-01 -7.6247621869136761e-01 1.0234250073775348e+00 -3.5150314296520541e-01 5.3110549139642450e-02 1.1000000000000001e+00
1.1150000000000000e-01 -6.4214590742463462e-01 2.0457398318707989e-02 -8.4305674787159479e-01 2.6374004702274201e-01 -7.4935018011294552e-01 1.0232498962105747e+00 -3.4894420673640852e-01 5.3110549139642450e-02 1.1000000000000001e+00
1.1200000000000000e-01 -6.4278619420917416e-01 2.0038903060907456e-02 -8.3094296301772619e-01 2.6336860268865525e-01 -7.3646735003594976e-01 1.0230760604911528e+00 -3.4640134831296698e-01 5.3110549139642450e-02 1.1000000000000001e+00
1.1250000000000000e-01 -6.4341334248408055e-01 1.9626436661698970e-02 -8.1894134074398584e-01 2.6300353981680497e-01 -7.2382365727176556e-01 1.0229034921872893e+00 -3.4387453965825449e-01 5.3110549139642450e-02 1.1000000000000001e+00
1.1300000000000000e-01 -6.4402754201148160e-01 1.9219943002310769e-02 -8.0705202426497924e-01 2.6264473984475034e-01 -7.1141508614307203e-01 1.0227321832815324e+00 -3.4136375071157321e-01 5.3110549139642450e-02 1.1000000000000001e+00
1.1350000000000000e-01 -6.4462898077783382e-01 1.8819365902323044e-02 -7.9527511717470301e-01 2.6229208620412192e-01 -6.9923767602096998e-01 1.0225621257719533e+00 -3.3886894944669488e-01 5.3110549139642450e-02 1.1000000000000001e+00
1.1400000000000000e-01 -6.4521784499229717e-01 1.8424649139154283e-02 -7.8361068473964746e-01 2.6194546429319898e-01 -6.8728752085623412e-01 1.0223933116731174e+00 -3.3639010192943880e-01 5.3110549139642450e-02 1.1000000000000001e+00
1.1450000000000000e-01 -6.4579431908570506e-01 1.8035736466908300e-02 -7.7205875516032751e-01 2.6160476144973271e-01 -6.7556076870621184e-01 1.0222257330170204e+00 -3.3392717237424924e-01 5.3110549139642450e-02 1.1000000000000001e+00
1.1500000000000000e-01 -6.4635858571011717e-01 1.7652571634598022e-02 -7.6061932080201167e-01 2.6126986692401311e-01 -6.6405362125761258e-01 1.0220593818540034e+00 -3.3148012319978470e-01 5.3110549139642450e-02 1.1000000000000001e+00
1.1550000000000001e-01 -6.4691082573893421e-01 1.7275098403761666e-02 -7.4929233939529649e-01 2.6094067185217851e-01 -6.5276233334555722e-01 1.0218942502536348e+00 -3.2904891508352252e-01 5.3110549139642450e-02 1.1000000000000001e+00
1.1600000000000001e-01 -6.4745121826755092e-01 1.6903260565486466e-02 -7.3807773520708664e-01 2.6061706922977662e-01 -6.4168321246937132e-01 1.0217303303055694e+00 -3.2663350701538479e-01 5.3110549139642450e-02 1.1000000000000001e+00
1.1650000000000001e-01 -6.4797994061456599e-01 1.6537001956853620e-02 -7.2697540018322993e-01 2.6029895388553992e-01 -6.3081261830442770e-01 1.0215676141203769e+00 -3.2423385635042090e-01 5.3110549139642450e-02 1.1000000000000001e+00
1.1700000000000001e-01 -6.4849716832349291e-01 1.6176266476818836e-02 -7.1598519506270430e-01 2.5998622245541581e-01 -6.2014696221144405e-01 1.0214060938303482e+00 -3.2184991886051978e-01 5.3110549139642450e-02 1.1000000000000001e+00
1.1750000000000001e-01 -6.4900307516496125e-01 1.5820998101542836e-02 -7.0510695046405369e-01 2.5967877335684741e-01 -6.0968270674342129e-01 1.0212457615902724e+00 -3.1948164878516405e-01 5.3110549139642450e-02 1.1000000000000001e+00
1.1800000000000001e-01 -6.4949783313938791e-01 1.5471140899185762e-02 -6.9434046794467519e-01 2.5937650676330565e-01 -5.9941636515052166e-01 1.0210866095781930e+00 -3.1712899888123325e-01 5.3110549139642450e-02 1.1000000000000001e+00
1.1850000000000001e-01 -6.4998161248010089e-01 1.5126639044179413e-02 -6.8368552103347080e-01 2.5907932457907784e-01 -5.8934450088330659e-01 1.0209286299961344e+00 -3.1479192047186200e-01 5.3110549139642450e-02 1.1000000000000001e+00
1.1900000000000001e-01 -6.5045458165693182e-01 1.4787436830987977e-02 -6.7314185623796319e-01 2.5878713041427859e-01 -5.7946372709362415e-01 1.0207718150708083e+00 -3.1247036349438828e-01 5.3110549139642450e-02 1.1000000000000001e+00
1.1950000000000001e-01 -6.5091690738022767e-01 1.4453478687371872e-02 -6.6270919402583672e-01 2.5849982956012058e-01 -5.6977070613444736e-01 1.0206161570542944e+00 -3.1016427654736972e-01 5.3110549139642450e-02 1.1000000000000001e+00
1.2000000000000000e-01 -6.5136875460526800e-01 1.4124709187167338e-02 -6.5238722978153341e-01 2.5821732896443889e-01 -5.6026214905879412e-01 1.0204616482246980e+00 -3.0787360693668125e-01 5.3110549139642450e-02 1.1000000000000001e+00
1.2050000000000000e-01 -6.5181028653707718e-01 1.3801073062594274e-02 -6.4217563473845407e-01 2.5793953720747120e-01 -5.5093481511797271e-01 1.0203082808867854e+00 -3.0559830072070387e-01 5.3110549139642450e-02 1.1000000000000001e+00
1.2100000000000000e-01 -6.5224166463560707e-01 1.3482515216105160e-02 -6.3207405688724916e-01 2.5766636447789565e-01 -5.4178551125951457e-01 1.0201560473725959e+00 -3.0333830275461104e-01 5.3110549139642450e-02 1.1000000000000001e+00
1.2150000000000000e-01 -6.5266304862131563e-01 1.3168980731782916e-02 -6.2208212186114697e-01 2.5739772254909671e-01 -5.3281109162407958e-01 1.0200049400420335e+00 -3.0109355673378491e-01 5.3110549139642450e-02 1.1000000000000001e+00
1.2200000000000000e-01 -6.5307459648108945e-01 1.2860414886302534e-02 -6.1219943379833941e-01 2.5713352475568979e-01 -5.2400845704253463e-01 1.0198549512834352e+00 -2.9886400523634699e-01 5.3110549139642450e-02 1.1000000000000001e+00
1.2250000000000000e-01 -6.5347646447450070e-01 1.2556763159467551e-02 -6.0242557618199455e-01 2.5687368597030291e-01 -5.1537455453329362e-01 1.0197060735141203e+00 -2.9664958976481604e-01 5.3110549139642450e-02 1.1000000000000001e+00
1.2300000000000000e-01 -6.5386880714038853e-01 1.2257971244332574e-02 -5.9276011265839890e-01 2.5661812258061167e-01 -5.0690637680011663e-01 1.0195582991809162e+00 -2.9445025078690445e-01 5.3110549139642450e-02 1.1000000000000001e+00
1.2350000000000000e-01 -6.5425177730374362e-01 1.1963985056923454e-02 -5.8320258783366885e-01 2.5636675246663382e-01 -4.9860096173067187e-01 1.0194116207606672e+00 -2.9226592777546123e-01 5.3110549139642450e-02 1.1000000000000001e+00
1.2400000000000000e-01 -6.5462552608292146e-01 1.1674750745560857e-02 -5.7375252804986621e-01 2.5611949497825059e-01 -4.9045539189515897e-01 1.0192660307607218e+00 -2.9009655924758998e-01 5.3110549139642450e-02 1.1000000000000001e+00
1.2450000000000000e-01 -6.5499020289713383e-01 1.1390214699801929e-02 -5.6440944214057032e-01 2.5587627091298731e-01 -4.8246679404609344e-01 1.0191215217194010e+00 -2.8794208280293165e-01 5.3110549139642450e-02 1.1000000000000001e+00
1.2500000000000000e-01 -6.5534595547421448e-01 1.1110323559009691e-02 -5.5517282216642394e-01 2.5563700249404719e-01 -4.7463233861930881e-01 1.0189780862064470e+00 -2.8580243516112641e-01 5.3110549139642450e-02 1.1000000000000001e+00
1.2550000000000000e-01 -6.5569292985864491e-01 1.0835024220560319e-02 -5.4604214413110874e-01 2.5540161334859807e-01 -4.6694923923633119e-01 1.0188357168234554e+00 -2.8367755219846358e-01 5.3110549139642450e-02 1.1000000000000001e+00
1.2600000000000000e-01 -6.5603127041982534e-01 1.0564263847698692e-02 -5.3701686867815845e-01 2.5517002848631343e-01 -4.5941475220838618e-01 1.0186944062042862e+00 -2.8156736898373147e-01 5.3110549139642450e-02 1.1000000000000001e+00
1.2650000000000000e-01 -6.5636111986061607e-01 1.0297989877046188e-02 -5.2809644176932580e-01 2.5494217427814114e-01 -4.5202617604134476e-01 1.0185541470154598e+00 -2.7947181981329122e-01 5.3110549139642450e-02 1.1000000000000001e+00
1.2700000000000000e-01 -6.5668261922609883e-01 1.0036150025775060e-02 -5.1928029534459375e-01 2.5471797843532634e-01 -4.4478085094262620e-01 1.0184149319565350e+00 -2.7739083824536881e-01 5.3110549139642450e-02 1.1000000000000001e+00
1.2750000000000000e-01 -6.5699590791255968e-01 9.7786922984579652e-03 -5.1056784796429611e-01 2.5449736998868311e-01 -4.3767615833007845e-01 1.0182767537604684e+00 -2.7532435713357878e-01 5.3110549139642450e-02 1.1000000000000001e+00
1.2800000000000000e-01 -6.5730112367667548e-01 9.5255649936016144e-03 -5.0195850543376030e-01 2.5428027926811569e-01 -4.3070952034296189e-01 1.0181396051939586e+00 -2.7327230865969060e-01 5.3110549139642450e-02 1.1000000000000001e+00
1.2850000000000000e-01 -6.5759840264489744e-01 9.2767167098739937e-03 -4.9345166141084590e-01 2.5406663788238887e-01 -4.2387839935525190e-01 1.0180034790577750e+00 -2.7123462436564844e-01 5.3110549139642450e-02 1.1000000000000001e+00
1.2900000000000000e-01 -6.5788787932304882e-01 9.0320963520274557e-03 -4.8504669799699518e-01 2.5385637869912175e-01 -4.1718029749058766e-01 1.0178683681870706e+00 -2.6921123518486639e-01 5.3110549139642450e-02 1.1000000000000001e+00
1.2950000000000000e-01 -6.5816968660609854e-01 8.7916531365317512e-03 -4.7674298631191353e-01 2.5364943582503119e-01 -4.1061275613979997e-01 1.0177342654516759e+00 -2.6720207147279607e-01 5.3110549139642450e-02 1.1000000000000001e+00
1.3000000000000000e-01 -6.5844395578810366e-01 8.5553365969245135e-03 -4.6853988705229682e-01 2.5344574458641828e-01 -4.0417335548101829e-01 1.0176011637563824e+00 -2.6520706303678093e-01 5.3110549139642450e-02 1.1000000000000001e+00
1.3050000000000000e-01 -6.5871081657231279e-01 8.3230965888870904e-03 -4.6043675103497778e-01 2.5324524150989713e-01 -3.9785971400244996e-01 1.0174690560412090e+00 -2.6322613916520782e-01 5.3110549139642450e-02 1.1000000000000001e+00
1.3100000000000001e-01 -6.5897039708141802e-01 8.0948832950543895e-03 -4.5243291972483568e-01 2.5304786430336756e-01 -3.9166948802801599e-01 1.0173379352816541e+00 -2.6125922865596557e-01 5.3110549139642450e-02 1.1000000000000001e+00
1.3150000000000001e-01 -6.5922282386797881e-01 7.8706472295595204e-03 -4.4452772574799349e-01 2.5285355183720604e-01 -3.8560037124518765e-01 1.0172077944889342e+00 -2.5930625984423211e-01 5.3110549139642450e-02 1.1000000000000001e+00
1.3200000000000001e-01 -6.5946822192497723e-01 7.6503392423270516e-03 -4.3672049339044261e-01 2.5266224412569877e-01 -3.7965009423588542e-01 1.0170786267102083e+00 -2.5736716062958853e-01 5.3110549139642450e-02 1.1000000000000001e+00
1.3250000000000001e-01 -6.5970671469650088e-01 7.4339105231213285e-03 -4.2901053908246883e-01 2.5247388230871110e-01 -3.7381642401041681e-01 1.0169504250287882e+00 -2.5544185850247353e-01 5.3110549139642450e-02 1.1000000000000001e+00
1.3300000000000001e-01 -6.5993842408854697e-01 7.2213126053569544e-03 -4.2139717186921338e-01 2.5228840863359248e-01 -3.6809716354452454e-01 1.0168231825643381e+00 -2.5353028056999044e-01 5.3110549139642450e-02 1.1000000000000001e+00
1.3350000000000001e-01 -6.6016347047993496e-01 7.0124973696792086e-03 -4.1387969386768714e-01 2.5210576643731630e-01 -3.6249015131969775e-01 1.0166968924730588e+00 -2.5163235358107494e-01 5.3110549139642450e-02 1.1000000000000001e+00
1.3400000000000001e-01 -6.6038197273335197e-01 6.8074170473139935e-03 -4.0645740071067737e-01 2.5192590012883376e-01 -3.5699326086611483e-01 1.0165715479478621e+00 -2.4974800395104274e-01 5.3110549139642450e-02 1.1000000000000001e+00
1.3450000000000001e-01 -6.6059404820649370e-01 6.6060242232007793e-03 -3.9912958197770809e-01 2.5174875517165984e-01 -3.5160440030900880e-01 1.0164471422185288e+00 -2.4787715778551861e-01 5.3110549139642450e-02 1.1000000000000001e+00
1.3500000000000001e-01 -6.6079981276329525e-01 6.4082718389140807e-03 -3.9189552161338387e-01 2.5157427806668897e-01 -3.4632151191841720e-01 1.0163236685518611e+00 -2.4601974090375972e-01 5.3110549139642450e-02 1.1000000000000001e+00
1.3550000000000001e-01 -6.6099938078524989e-01 6.2141131953797968e-03 -3.8475449833342179e-01 2.5140241633523719e-01 -3.4114257166236528e-01 1.0162011202518171e+00 -2.4417567886138325e-01 5.3110549139642450e-02 1.1000000000000001e+00
1.3600000000000001e-01 -6.6119286518280074e-01 6.0235019553934047e-03 -3.7770578601865656e-01 2.5123311850231167e-01 -3.3606558876361264e-01 1.0160794906596393e+00 -2.4234489697250952e-01 5.3110549139642450e-02 1.1000000000000001e+00
1.3650000000000001e-01 -6.6138037740683364e-01 5.8363921459386268e-03 -3.7074865409739194e-01 2.5106633408008533e-01 -3.3108860525935396e-01 1.0159587731539690e+00 -2.4052732033133423e-01 5.3110549139642450e-02 1.1000000000000001e+00
1.3700000000000001e-01 -6.6156202746023096e-01 5.6527381603195693e-03 -3.6388236791626899e-01 2.5090201355159725e-01 -3.2620969556460200e-01 1.0158389611509500e+00 -2.3872287383313534e-01 5.3110549139642450e-02 1.1000000000000001e+00
1.3750000000000001e-01 -6.6173792390948705e-01 5.4724947601111542e-03 -3.5710618909994629e-01 2.5074010835467192e-01 -3.2142696603920257e-01 1.0157200481043251e+00 -2.3693148219472587e-01 5.3110549139642450e-02 1.1000000000000001e+00
1.3800000000000001e-01 -6.6190817389637868e-01 5.2956170769333823e-03 -3.5041937589986455e-01 2.5058057086605684e-01 -3.1673855455851202e-01 1.0156020275055180e+00 -2.3515306997436244e-01 5.3110549139642450e-02 1.1000000000000001e+00
1.3850000000000001e-01 -6.6207288314968205e-01 5.1220606140557996e-03 -3.4382118353235708e-01 2.5042335438577806e-01 -3.1214263008784598e-01 1.0154848928837104e+00 -2.3338756159112045e-01 5.3110549139642450e-02 1.1000000000000001e+00
1.3900000000000001e-01 -6.6223215599695950e-01 4.9517812478298839e-03 -3.3731086450641368e-01 2.5026841312169434e-01 -3.0763739226011699e-01 1.0153686378059039e+00 -2.3163488134374716e-01 5.3110549139642450e-02 1.1000000000000001e+00
1.3950000000000001e-01 -6.6238609537638138e-01 4.7847352289619623e-03 -3.3088766894128019e-01 2.5011570217426521e-01 -3.0322107095732864e-01 1.0152532558769776e+00 -2.2989495342900032e-01 5.3110549139642450e-02 1.1000000000000001e+00
1.4000000000000001e-01 -6.6253480284858179e-01 4.6208791836307274e-03 -3.2455084487415381e-01 2.4996517752153091e-01 -2.9889192589586655e-01 1.0151387407397336e+00 -2.2816770195948163e-01 5.3110549139642450e-02 1.1000000000000001e+00
1.4050000000000001e-01 -6.6267837860854462e-01 4.4601701144543005e-03 -3.1829963855821936e-01 2.4981679600430043e-01 -2.9464824621560409e-01 1.0150250860749359e+00 -2.2645305098097609e-01 5.3110549139642450e-02 1.1000000000000001e+00
1.4100000000000001e-01 -6.6281692149751059e-01 4.3025654013125495e-03 -3.1213329475126489e-01 2.4967051531154763e-01 -2.9048835007290980e-01 1.0149122856013379e+00 -2.2475092448930609e-01 5.3110549139642450e-02 1.1000000000000001e+00
1.4150000000000001e-01 -6.6295052901492857e-01 4.1480228020217011e-03 -3.0605105699512769e-01 2.4952629396599779e-01 -2.8641058423700405e-01 1.0148003330757047e+00 -2.2306124644671077e-01 5.3110549139642450e-02 1.1000000000000001e+00
1.4200000000000002e-01 -6.6307929733041993e-01 3.9965004528733838e-03 -3.0005216788615896e-01 2.4938409130991904e-01 -2.8241332369027677e-01 1.0146892222928257e+00 -2.2138394079775836e-01 5.3110549139642450e-02 1.1000000000000001e+00
1.4250000000000002e-01 -6.6320332129575232e-01 3.8479568690415770e-03 -2.9413586933693897e-01 2.4924386749111535e-01 -2.7849497123249856e-01 1.0145789470855180e+00 -2.1971893148480104e-01 5.3110549139642450e-02 1.1000000000000001e+00
1.4300000000000002e-01 -6.6332269445682346e-01 3.7023509448617944e-03 -2.8830140282946093e-01 2.4910558344911779e-01 -2.7465395708893231e-01 1.0144695013246257e+00 -2.1806614246298212e-01 5.3110549139642450e-02 1.1000000000000001e+00
1.4350000000000002e-01 -6.6343750906564380e-01 3.5596419539876867e-03 -2.8254800966000010e-01 2.4896920090157493e-01 -2.7088873852241635e-01 1.0143608789190095e+00 -2.1642549771480440e-01 5.3110549139642450e-02 1.1000000000000001e+00
1.4400000000000002e-01 -6.6354785609234268e-01 3.4197895494215134e-03 -2.7687493117587136e-01 2.4883468233082401e-01 -2.6719779944889344e-01 1.0142530738155284e+00 -2.1479692126426789e-01 5.3110549139642450e-02 1.1000000000000001e+00
1.4449999999999999e-01 -6.6365382523716632e-01 3.2827537634301431e-03 -2.7128140900426778e-01 2.4870199097065820e-01 -2.6357965005694745e-01 1.0141460799990163e+00 -2.1318033719058621e-01 5.3110549139642450e-02 1.1000000000000001e+00
1.4499999999999999e-01 -6.6375550494246804e-01 3.1484950073494894e-03 -2.6576668527338093e-01 2.4857109079328452e-01 -2.6003282643127407e-01 1.0140398914922508e+00 -2.1157566964148927e-01 5.3110549139642450e-02 1.1000000000000001e+00
1.4549999999999999e-01 -6.6385298240468793e-01 3.0169740712813011e-03 -2.6033000282600594e-01 2.4844194649647106e-01 -2.5655589018008557e-01 1.0139345023559163e+00 -2.0998284284612315e-01 5.3110549139642450e-02 1.1000000000000001e+00
1.4599999999999999e-01 -6.6394634358631566e-01 2.8881521236868071e-03 -2.5497060542581945e-01 2.4831452349088279e-01 -2.5314742806650214e-01 1.0138299066885590e+00 -2.0840178112755406e-01 5.3110549139642450e-02 1.1000000000000001e+00
1.4649999999999999e-01 -6.6403567322785551e-01 2.7619907108733534e-03 -2.4968773795649571e-01 2.4818878788759016e-01 -2.4980605164343719e-01 1.0137260986265384e+00 -2.0683240891488347e-01 5.3110549139642450e-02 1.1000000000000001e+00
1.4699999999999999e-01 -6.6412105485976991e-01 2.6384517563851364e-03 -2.4448064661385374e-01 2.4806470648576281e-01 -2.4653039689248799e-01 1.0136230723439696e+00 -2.0527465075498380e-01 5.3110549139642450e-02 1.1000000000000001e+00
1.4749999999999999e-01 -6.6420257081439693e-01 2.5174975603005191e-03 -2.3934857909121432e-01 2.4794224676054497e-01 -2.4331912386675655e-01 1.0135208220526628e+00 -2.0372843132386362e-01 5.3110549139642450e-02 1.1000000000000001e+00
1.4799999999999999e-01 -6.6428030223784185e-01 2.3990907984392743e-03 -2.3429078475814361e-01 2.4782137685110989e-01 -2.4017091633759088e-01 1.0134193420020556e+00 -2.0219367543766911e-01 5.3110549139642450e-02 1.1000000000000001e+00
1.4849999999999999e-01 -6.6435432910183756e-01 2.2831945214839382e-03 -2.2930651483275899e-01 2.4770206554889296e-01 -2.3708448144529048e-01 1.0133186264791405e+00 -2.0067030806333158e-01 5.3110549139642450e-02 1.1000000000000001e+00
1.4899999999999999e-01 -6.6442473021559156e-01 2.1697721540109424e-03 -2.2439502254772192e-01 2.4758428228598897e-01 -2.3405854935330833e-01 1.0132186698083865e+00 -1.9915825432886439e-01 5.3110549139642450e-02 1.1000000000000001e+00
1.4949999999999999e-01 -6.6449158323759672e-01 2.0587874934421889e-03 -2.1955556331011161e-01 2.4746799712372453e-01 -2.3109187290641847e-01 1.0131194663516563e+00 -1.9765743953332060e-01 5.3110549139642450e-02 1.1000000000000001e+00
1.4999999999999999e-01 -6.6455496468740372e-01 1.9502047089191351e-03 -2.1478739485533646e-01 2.4735318074140211e-01 -2.2818322729277346e-01 1.0130210105081181e+00 -1.9616778915641789e-01 5.3110549139642450e-02 1.1000000000000001e+00
1.5049999999999999e-01 -6.6461494995735404e-01 1.8439883401023022e-03 -2.1008977739524096e-01 2.4723980442521382e-01 -2.2533140970983262e-01 1.0129232967141530e+00 -1.9468922886783885e-01 5.3110549139642450e-02 1.1000000000000001e+00
1.5100000000000000e-01 -6.6467161332426872e-01 1.7401032958999816e-03 -2.0546197376056746e-01 2.4712784005732377e-01 -2.2253523903419778e-01 1.0128263194432583e+00 -1.9322168453621438e-01 5.3110549139642450e-02 1.1000000000000001e+00
1.5150000000000000e-01 -6.6472502796111288e-01 1.6385148531215352e-03 -2.0090324953786481e-01 2.4701726010510563e-01 -2.1979355549491467e-01 1.0127300732059457e+00 -1.9176508223779282e-01 5.3110549139642450e-02 1.1000000000000001e+00
1.5200000000000000e-01 -6.6477526594860858e-01 1.5391886550654727e-03 -1.9641287320103606e-01 2.4690803761054619e-01 -2.1710522035066945e-01 1.0126345525496343e+00 -1.9031934826480643e-01 5.3110549139642450e-02 1.1000000000000001e+00
1.5250000000000000e-01 -6.6482239828680345e-01 1.4420907100439943e-03 -1.9199011623766377e-01 2.4680014617981011e-01 -2.1446911557080373e-01 1.0125397520585420e+00 -1.8888440913354085e-01 5.3110549139642450e-02 1.1000000000000001e+00
1.5300000000000000e-01 -6.6486649490658434e-01 1.3471873898465599e-03 -1.8763425327025243e-01 2.4669355997296552e-01 -2.1188414352012400e-01 1.0124456663535706e+00 -1.8746019159211522e-01 5.3110549139642450e-02 1.1000000000000001e+00
1.5350000000000000e-01 -6.6490762468113984e-01 1.2544454281458583e-03 -1.8334456217253284e-01 2.4658825369386783e-01 -2.0934922664753428e-01 1.0123522900921882e+00 -1.8604662262798013e-01 5.3110549139642450e-02 1.1000000000000001e+00
1.5400000000000000e-01 -6.6494585543738571e-01 1.1638319188413974e-03 -1.7912032418089155e-01 2.4648420258019099e-01 -2.0686330717807605e-01 1.0122596179683088e+00 -1.8464362947513480e-01 5.3110549139642450e-02 1.1000000000000001e+00
1.5450000000000000e-01 -6.6498125396733132e-01 1.0753143143504033e-03 -1.7496082400111673e-01 2.4638138239361421e-01 -2.0442534680876878e-01 1.0121676447121648e+00 -1.8325113962107506e-01 5.3110549139642450e-02 1.1000000000000001e+00
1.5500000000000000e-01 -6.6501388603939038e-01 9.8886042384741012e-04 -1.7086534991058036e-01 2.4627976941016130e-01 -2.0203432640817370e-01 1.0120763650901814e+00 -1.8186908081347761e-01 5.3110549139642450e-02 1.1000000000000001e+00
1.5550000000000000e-01 -6.6504381640963017e-01 9.0443841145475495e-04 -1.6683319385598061e-01 2.4617934041069067e-01 -1.9968924571965449e-01 1.0119857739048428e+00 -1.8049738106662683e-01 5.3110549139642450e-02 1.1000000000000001e+00
1.5600000000000000e-01 -6.6507110883296039e-01 8.2201679438702205e-04 -1.6286365154677665e-01 2.4608007267153495e-01 -1.9738912306835427e-01 1.0118958659945583e+00 -1.7913596866759185e-01 5.3110549139642450e-02 1.1000000000000001e+00
1.5650000000000000e-01 -6.6509582607427564e-01 7.4156444104451970e-04 -1.5895602254435384e-01 2.4598194395527878e-01 -1.9513299507150117e-01 1.0118066362335243e+00 -1.7778477218215333e-01 5.3110549139642450e-02 1.1000000000000001e+00
1.5700000000000000e-01 -6.6511802991953339e-01 6.6305056906501027e-04 -1.5510961034710785e-01 2.4588493250168345e-01 -1.9291991635240052e-01 1.0117180795315839e+00 -1.7644372046049173e-01 5.3110549139642450e-02 1.1000000000000001e+00
1.5750000000000000e-01 -6.6513778118676570e-01 5.8644474333478997e-04 -1.5132372247155143e-01 2.4578901701875464e-01 -1.9074895925803734e-01 1.0116301908340817e+00 -1.7511274264264226e-01 5.3110549139642450e-02 1.1000000000000001e+00
1.5800000000000000e-01 -6.6515513973702634e-01 5.1171687396104422e-04 -1.4759767052955514e-01 2.4569417667395146e-01 -1.8861921358026018e-01 1.0115429651217194e+00 -1.7379176816372224e-01 5.3110549139642450e-02 1.1000000000000001e+00
1.5850000000000000e-01 -6.6517016448526733e-01 4.3883721420820778e-04 -1.4393077030184001e-01 2.4560039108553661e-01 -1.8652978628055997e-01 1.0114563974104069e+00 -1.7248072675893730e-01 5.3110549139642450e-02 1.1000000000000001e+00
1.5900000000000000e-01 -6.6518291341116520e-01 3.6777635839334272e-04 -1.4032234180774100e-01 2.4550764031405603e-01 -1.8447980121808041e-01 1.0113704827511099e+00 -1.7117954846836589e-01 5.3110549139642450e-02 1.1000000000000001e+00
1.5950000000000000e-01 -6.6519344356987442e-01 2.9850523974929021e-04 -1.3677170937142422e-01 2.4541590485395628e-01 -1.8246839888118752e-01 1.0112852162296968e+00 -1.6988816364153331e-01 5.3110549139642450e-02 1.1000000000000001e+00
1.6000000000000000e-01 -6.6520181110271082e-01 2.3099512825644947e-04 -1.3327820168464957e-01 2.4532516562533652e-01 -1.8049473612252281e-01 1.0112005929667824e+00 -1.6860650294177990e-01 5.3110549139642450e-02 1.1000000000000001e+00
1.6050000000000000e-01 -6.6520807124776227e-01 1.6521762844484957e-04 -1.2984115186617595e-01 2.4523540396583290e-01 -1.7855798589750974e-01 1.0111166081175720e+00 -1.6733449735042866e-01 5.3110549139642450e-02 1.1000000000000001e+00
1.6100000000000000e-01 -6.6521227835042784e-01 1.0114467716896029e-04 -1.2645989751791670e-01 2.4514660162263485e-01 -1.7665733700632116e-01 1.0110332568716984e+00 -1.6607207817075842e-01 5.3110549139642450e-02 1.1000000000000001e+00
1.6150000000000000e-01 -6.6521448587389720e-01 3.8748541350232331e-05 -1.2313378077784590e-01 2.4505874074462353e-01 -1.7479199383897004e-01 1.0109505344530629e+00 -1.6481917703178087e-01 5.3110549139642450e-02 1.1000000000000001e+00
1.6200000000000001e-01 -6.6521474640955447e-01 -2.1998184304330181e-05 -1.1986214836983453e-01 2.4497180387463868e-01 -1.7296117612381998e-01 1.0108684361196687e+00 -1.6357572589183239e-01 5.3110549139642450e-02 1.1000000000000001e+00
1.6250000000000001e-01 -6.6521311168730735e-01 -8.1122579606923641e-05 -1.1664435165049526e-01 2.4488577394187211e-01 -1.7116411867944384e-01 1.0107869571634580e+00 -1.6234165704198580e-01 5.3110549139642450e-02 1.1000000000000001e+00
1.6300000000000001e-01 -6.6520963258584065e-01 -1.3865140121558972e-04 -1.1347974665312202e-01 2.4480063425438461e-01 -1.6940007116979819e-01 1.0107060929101424e+00 -1.6111690310928536e-01 5.3110549139642450e-02 1.1000000000000001e+00
1.6350000000000001e-01 -6.6520435914279208e-01 -1.9461108498055978e-04 -1.1036769412882176e-01 2.4471636849174674e-01 -1.6766829786271681e-01 1.0106258387190366e+00 -1.5990139705981168e-01 5.3110549139642450e-02 1.1000000000000001e+00
1.6400000000000001e-01 -6.6519734056486601e-01 -2.4902774831529105e-04 -1.0730755958482389e-01 2.4463296069779358e-01 -1.6596807739140834e-01 1.0105461899828860e+00 -1.5869507220157389e-01 5.3110549139642450e-02 1.1000000000000001e+00
1.6450000000000001e-01 -6.6518862523786781e-01 -3.0192719258433337e-04 -1.0429871332014209e-01 2.4455039527350028e-01 -1.6429870251922965e-01 1.0104671421276963e+00 -1.5749786218723982e-01 5.3110549139642450e-02 1.1000000000000001e+00
1.6500000000000001e-01 -6.6517826073665987e-01 -3.5333490550756884e-04 -1.0134053045865495e-01 2.4446865696997513e-01 -1.6265947990766358e-01 1.0103886906125601e+00 -1.5630970101670824e-01 5.3110549139642450e-02 1.1000000000000001e+00
1.6550000000000001e-01 -6.6516629383503989e-01 -4.0327606357958939e-04 -9.8432390979683093e-02 2.4438773088156879e-01 -1.6104972988746888e-01 1.0103108309294826e+00 -1.5513052303952726e-01 5.3110549139642450e-02 1.1000000000000001e+00
1.6600000000000001e-01 -6.6515277051553778e-01 -4.5177553450225438e-04 -9.5573679746149678e-02 2.4430760243909871e-01 -1.5946878623300234e-01 1.0102335586032067e+00 -1.5396026295716411e-01 5.3110549139642450e-02 1.1000000000000001e+00
1.6650000000000001e-01 -6.6513773597914905e-01 -4.9885787963536781e-04 -9.2763786530297945e-02 2.4422825740318041e-01 -1.5791599593942024e-01 1.0101568691910359e+00 -1.5279885582512295e-01 5.3110549139642450e-02 1.1000000000000001e+00
1.6700000000000001e-01 -6.6512123465498374e-01 -5.4454735645804401e-04 -9.0002106037134738e-02 2.4414968185767158e-01 -1.5639071900300519e-01 1.0100807582826565e+00 -1.5164623705492222e-01 5.3110549139642450e-02 1.1000000000000001e+00
1.6750000000000001e-01 -6.6510331020983793e-01 -5.8886792104045557e-04 -8.7288037925657119e-02 2.4407186220322569e-01 -1.5489232820455104e-01 1.0100052214999611e+00 -1.5050234241593402e-01 5.3110549139642450e-02 1.1000000000000001e+00
1.6800000000000001e-01 -6.6508400555768332e-01 -6.3184323052491653e-04 -8.4620986827930275e-02 2.4399478515095410e-01 -1.5342020889577254e-01 1.0099302544968662e+00 -1.4936710803708986e-01 5.3110549139642450e-02 1.1000000000000001e+00
1.6850000000000001e-01 -6.6506336286907597e-01 -6.7349664561454294e-04 -8.2000362366095467e-02 2.4391843771619581e-01 -1.5197375878873720e-01 1.0098558529591342e+00 -1.4824047040845739e-01 5.3110549139642450e-02 1.1000000000000001e+00
1.6900000000000001e-01 -6.6504142358049556e-01 -7.1385123307435782e-04 -7.9425579167271512e-02 2.4384280721238666e-01 -1.5055238774804683e-01 1.0097820126041923e+00 -1.4712236638268411e-01 5.3110549139642450e-02 1.1000000000000001e+00
1.6950000000000001e-01 -6.6501822840360414e-01 -7.5292976823781684e-04 -7.6896056876512395e-02 2.4376788124503401e-01 -1.4915551758599360e-01 1.0097087291809503e+00 -1.4601273317631958e-01 5.3110549139642450e-02 1.1000000000000001e+00
1.7000000000000001e-01 -6.6499381733442087e-01 -7.9075473751858967e-04 -7.4411220167870273e-02 2.4369364770579335e-01 -1.4778258186062454e-01 1.0096359984696179e+00 -1.4491150837101785e-01 5.3110549139642450e-02 1.1000000000000001e+00
1.7050000000000001e-01 -6.6496822966241764e-01 -8.2734834092670093e-04 -7.1970498753623713e-02 2.4362009476664623e-01 -1.4643302567668265e-01 1.0095638162815233e+00 -1.4381862991462444e-01 5.3110549139642450e-02 1.1000000000000001e+00
1.7100000000000001e-01 -6.6494150397953100e-01 -8.6273249458746826e-04 -6.9573327391742101e-02 2.4354721087417799e-01 -1.4510630548941855e-01 1.0094921784589279e+00 -1.4273403612215183e-01 5.3110549139642450e-02 1.1000000000000001e+00
1.7150000000000001e-01 -6.6491367818910396e-01 -8.9692883326799460e-04 -6.7219145891541612e-02 2.4347498474394894e-01 -1.4380188891102108e-01 1.0094210808748449e+00 -1.4165766567663887e-01 5.3110549139642450e-02 1.1000000000000001e+00
1.7200000000000001e-01 -6.6488478951474606e-01 -9.2995871290459825e-04 -6.4907399117688946e-02 2.4340340535496297e-01 -1.4251925451986985e-01 1.0093505194328536e+00 -1.4058945762990604e-01 5.3110549139642450e-02 1.1000000000000001e+00
1.7250000000000001e-01 -6.6485487450910985e-01 -9.6184321313112081e-04 -6.2637536992595264e-02 2.4333246194423180e-01 -1.4125789167254807e-01 1.0092804900669141e+00 -1.3952935140320691e-01 5.3110549139642450e-02 1.1000000000000001e+00
1.7300000000000001e-01 -6.6482396906258723e-01 -9.9260313980736523e-04 -6.0409014497252153e-02 2.4326214400143278e-01 -1.4001730031858242e-01 1.0092109887411842e+00 -1.3847728678778035e-01 5.3110549139642450e-02 1.1000000000000001e+00
1.7350000000000002e-01 -6.6479210841192204e-01 -1.0222590275462634e-03 -5.8221291670574396e-02 2.4319244126366008e-01 -1.3879699081790378e-01 1.0091420114498328e+00 -1.3743320394530728e-01 5.3110549139642450e-02 1.1000000000000001e+00
1.7400000000000002e-01 -6.6475932714875197e-01 -1.0508311422444143e-03 -5.6073833607197351e-02 2.4312334371026287e-01 -1.3759648376079478e-01 1.0090735542168565e+00 -1.3639704340826675e-01 5.3110549139642450e-02 1.1000000000000001e+00
1.7450000000000002e-01 -6.6472565922806859e-01 -1.0783394836097583e-03 -5.3966110453879952e-02 2.4305484155777363e-01 -1.3641530979050848e-01 1.0090056130958918e+00 -1.3536874608020205e-01 5.3110549139642450e-02 1.1000000000000001e+00
1.7500000000000002e-01 -6.6469113797659474e-01 -1.1048037876864247e-03 -5.1897597404548378e-02 2.4298692525492596e-01 -1.3525300942849977e-01 1.0089381841700311e+00 -1.3434825323589911e-01 5.3110549139642450e-02 1.1000000000000001e+00
1.7550000000000002e-01 -6.6465579610108017e-01 -1.1302435293761249e-03 -4.9867774694026208e-02 2.4291958547775885e-01 -1.3410913290223717e-01 1.0088712635516361e+00 -1.3333550652147916e-01 5.3110549139642450e-02 1.1000000000000001e+00
1.7599999999999999e-01 -6.6461966569651609e-01 -1.1546779249548464e-03 -4.7876127590509465e-02 2.4285281312480819e-01 -1.3298323997558609e-01 1.0088048473821538e+00 -1.3233044795441012e-01 5.3110549139642450e-02 1.1000000000000001e+00
1.7649999999999999e-01 -6.6458277825427781e-01 -1.1781259345893574e-03 -4.5922146386728722e-02 2.4278659931237845e-01 -1.3187489978154801e-01 1.0087389318319280e+00 -1.3133301992343091e-01 5.3110549139642450e-02 1.1000000000000001e+00
1.7699999999999999e-01 -6.6454516467018632e-01 -1.2006062648476370e-03 -4.4005326389944290e-02 2.4272093536989908e-01 -1.3078369065752377e-01 1.0086735131000164e+00 -1.3034316518840000e-01 5.3110549139642450e-02 1.1000000000000001e+00
1.7749999999999999e-01 -6.6450685525248654e-01 -1.2221373712033752e-03 -4.2125167910801758e-02 2.4265581283536297e-01 -1.2970919998304289e-01 1.0086085874140038e+00 -1.2936082688006822e-01 5.3110549139642450e-02 1.1000000000000001e+00
1.7799999999999999e-01 -6.6446787972974852e-01 -1.2427374605340027e-03 -4.0281176251089755e-02 2.4259122345084599e-01 -1.2865102401992917e-01 1.0085441510298172e+00 -1.2838594849977975e-01 5.3110549139642450e-02 1.1000000000000001e+00
1.7849999999999999e-01 -6.6442826725868354e-01 -1.2624244936111561e-03 -3.8472861690451603e-02 2.4252715915810677e-01 -1.2760876775489252e-01 1.0084802002315394e+00 -1.2741847391910333e-01 5.3110549139642450e-02 1.1000000000000001e+00
1.7899999999999999e-01 -6.6438804643189198e-01 -1.2812161875879237e-03 -3.6699739471989991e-02 2.4246361209426165e-01 -1.2658204474434775e-01 1.0084167313312264e+00 -1.2645834737938974e-01 5.3110549139642450e-02 1.1000000000000001e+00
1.7949999999999999e-01 -6.6434724528553057e-01 -1.2991300184773673e-03 -3.4961329786902702e-02 2.4240057458753755e-01 -1.2557047696161180e-01 1.0083537406687204e+00 -1.2550551349126424e-01 5.3110549139642450e-02 1.1000000000000001e+00
1.7999999999999999e-01 -6.6430589130689677e-01 -1.3161832236225008e-03 -3.3257157758173603e-02 2.4233803915310140e-01 -1.2457369464642555e-01 1.0082912246114655e+00 -1.2455991723405609e-01 5.3110549139642450e-02 1.1000000000000001e+00
1.8049999999999999e-01 -6.6426401144193747e-01 -1.3323928041573036e-03 -3.1586753423354479e-02 2.4227599848896453e-01 -1.2359133615677133e-01 1.0082291795543252e+00 -1.2362150395516658e-01 5.3110549139642450e-02 1.1000000000000001e+00
1.8099999999999999e-01 -6.6422163210267526e-01 -1.3477755274577817e-03 -2.9949651716484671e-02 2.4221444547196136e-01 -1.2262304782297401e-01 1.0081676019193966e+00 -1.2269021936937936e-01 5.3110549139642450e-02 1.1000000000000001e+00
1.8149999999999999e-01 -6.6417877917456547e-01 -1.3623479295872781e-03 -2.8345392449084239e-02 2.4215337315379806e-01 -1.2166848380390338e-01 1.0081064881558286e+00 -1.2176600955810710e-01 5.3110549139642450e-02 1.1000000000000001e+00
1.8200000000000000e-01 -6.6413547802377448e-01 -1.3761263177308597e-03 -2.6773520290352845e-02 2.4209277475717306e-01 -1.2072730594541364e-01 1.0080458347396373e+00 -1.2084882096858421e-01 5.3110549139642450e-02 1.1000000000000001e+00
1.8250000000000000e-01 -6.6409175350437832e-01 -1.3891267726190122e-03 -2.5233584746594349e-02 2.4203264367196889e-01 -1.1979918364097029e-01 1.0079856381735233e+00 -1.1993860041300668e-01 5.3110549139642450e-02 1.1000000000000001e+00
1.8300000000000000e-01 -6.6404762996548494e-01 -1.4013651509403131e-03 -2.3725140139897641e-02 2.4197297345151292e-01 -1.1888379369443508e-01 1.0079258949866912e+00 -1.1903529506762076e-01 5.3110549139642450e-02 1.1000000000000001e+00
1.8350000000000000e-01 -6.6400313125827681e-01 -1.4128570877422013e-03 -2.2247745586116030e-02 2.4191375780890725e-01 -1.1798082018499770e-01 1.0078666017346658e+00 -1.1813885247176344e-01 5.3110549139642450e-02 1.1000000000000001e+00
1.8400000000000000e-01 -6.6395828074298602e-01 -1.4236179988238804e-03 -2.0800964972079557e-02 2.4185499061342336e-01 -1.1708995433408557e-01 1.0078077549991127e+00 -1.1724922052684909e-01 5.3110549139642450e-02 1.1000000000000001e+00
1.8450000000000000e-01 -6.6391310129579117e-01 -1.4336630831165117e-03 -1.9384366932165577e-02 2.4179666588696325e-01 -1.1621089437437478e-01 1.0077493513876556e+00 -1.1636634749531161e-01 5.3110549139642450e-02 1.1000000000000001e+00
1.8500000000000000e-01 -6.6386761531563754e-01 -1.4430073250509675e-03 -1.7997524824243792e-02 2.4173877780058617e-01 -1.1534334542085486e-01 1.0076913875336970e+00 -1.1549018199950251e-01 5.3110549139642450e-02 1.1000000000000001e+00
1.8550000000000000e-01 -6.6382184473098160e-01 -1.4516654969128891e-03 -1.6640016705022676e-02 2.4168132067109982e-01 -1.1448701934391971e-01 1.0076338600962385e+00 -1.1462067302054699e-01 5.3110549139642450e-02 1.1000000000000001e+00
1.8600000000000000e-01 -6.6377581100645966e-01 -1.4596521611842663e-03 -1.5311425304835249e-02 2.4162428895771487e-01 -1.1364163464447255e-01 1.0075767657597023e+00 -1.1375776989716038e-01 5.3110549139642450e-02 1.1000000000000001e+00
1.8650000000000000e-01 -6.6372953514948840e-01 -1.4669816728754147e-03 -1.4011338001796660e-02 2.4156767725875952e-01 -1.1280691633089006e-01 1.0075201012337514e+00 -1.1290142232441924e-01 5.3110549139642450e-02 1.1000000000000001e+00
1.8700000000000000e-01 -6.6368303771679094e-01 -1.4736681818428021e-03 -1.2739346795453979e-02 2.4151148030845571e-01 -1.1198259579795639e-01 1.0074638632531132e+00 -1.1205158035249607e-01 5.3110549139642450e-02 1.1000000000000001e+00
1.8750000000000000e-01 -6.6363633882084661e-01 -1.4797256350930466e-03 -1.1495048279940341e-02 2.4145569297375588e-01 -1.1116841070772306e-01 1.0074080485774004e+00 -1.1120819438535844e-01 5.3110549139642450e-02 1.1000000000000001e+00
1.8800000000000000e-01 -6.6358945813626979e-01 -1.4851677790728767e-03 -1.0278043616656660e-02 2.4140031025123909e-01 -1.1036410487226732e-01 1.0073526539909363e+00 -1.1037121517943330e-01 5.3110549139642450e-02 1.1000000000000001e+00
1.8850000000000000e-01 -6.6354241490611143e-01 -1.4900081619443715e-03 -9.0879385065157272e-03 2.4134532726406571e-01 -1.0956942813833774e-01 1.0072976763025780e+00 -1.0954059384223971e-01 5.3110549139642450e-02 1.1000000000000001e+00
1.8900000000000000e-01 -6.6349522794809812e-01 -1.4942601358491846e-03 -7.9243431616798192e-03 2.4129073925898784e-01 -1.0878413627374384e-01 1.0072431123455414e+00 -1.0871628183098359e-01 5.3110549139642450e-02 1.1000000000000001e+00
1.8950000000000000e-01 -6.6344791566079520e-01 -1.4979368591574969e-03 -6.7868722769070695e-03 2.4123654160341620e-01 -1.0800799085559012e-01 1.0071889589772269e+00 -1.0789823095112329e-01 5.3110549139642450e-02 1.1000000000000001e+00
1.9000000000000000e-01 -6.6340049602969975e-01 -1.5010512987020414e-03 -5.6751450005149079e-03 2.4118272978254335e-01 -1.0724075916031268e-01 1.0071352130790452e+00 -1.0708639335490659e-01 5.3110549139642450e-02 1.1000000000000001e+00
1.9050000000000000e-01 -6.6335298663326081e-01 -1.5036162319970576e-03 -4.5887849049817513e-03 2.4112929939652131e-01 -1.0648221405549264e-01 1.0070818715562437e+00 -1.0628072153987994e-01 5.3110549139642450e-02 1.1000000000000001e+00
1.9100000000000000e-01 -6.6330540464882826e-01 -1.5056442494415622e-03 -3.5274199572169836e-03 2.4107624615769349e-01 -1.0573213389343464e-01 1.0070289313377367e+00 -1.0548116834737242e-01 5.3110549139642450e-02 1.1000000000000001e+00
1.9150000000000000e-01 -6.6325776685853888e-01 -1.5071477565104783e-03 -2.4906824884318788e-03 2.4102356588787777e-01 -1.0499030240637940e-01 1.0069763893759307e+00 -1.0468768696094863e-01 5.3110549139642450e-02 1.1000000000000001e+00
1.9200000000000000e-01 -6.6321008965513017e-01 -1.5081389759296381e-03 -1.4782091637193726e-03 2.4097125451570209e-01 -1.0425650860344038e-01 1.0069242426465561e+00 -1.0390023090483862e-01 5.3110549139642450e-02 1.1000000000000001e+00
1.9250000000000000e-01 -6.6316238904768499e-01 -1.5086299498350349e-03 -4.8964095134967878e-04 2.4091930807399153e-01 -1.0353054666922526e-01 1.0068724881484956e+00 -1.0311875404234533e-01 5.3110549139642450e-02 1.1000000000000001e+00
1.9300000000000000e-01 -6.6311468066730817e-01 -1.5086325419162135e-03 4.7537690820042145e-04 2.4086772269720572e-01 -1.0281221586411801e-01 1.0068211229036166e+00 -1.0234321057423040e-01 5.3110549139642450e-02 1.1000000000000001e+00
1.9350000000000001e-01 -6.6306697977273210e-01 -1.5081584395432730e-03 1.4171949334577079e-03 2.4081649461892624e-01 -1.0210132042620937e-01 1.0067701439566012e+00 -1.0157355503708031e-01 5.3110549139642450e-02 1.1000000000000001e+00
1.9400000000000001e-01 -6.6301930125586261e-01 -1.5072191558808447e-03 2.3361594334686685e-03 2.4076562016939143e-01 -1.0139766947475627e-01 1.0067195483747808e+00 -1.0080974230164745e-01 5.3110549139642450e-02 1.1000000000000001e+00
1.9450000000000001e-01 -6.6297165964725513e-01 -1.5058260319853302e-03 3.2326125395197385e-03 2.4071509577307915e-01 -1.0070107691525046e-01 1.0066693332479673e+00 -1.0005172757117367e-01 5.3110549139642450e-02 1.1000000000000001e+00
1.9500000000000001e-01 -6.6292406912152413e-01 -1.5039902388857857e-03 4.1068922370562626e-03 2.4066491794633713e-01 -1.0001136134605991e-01 1.0066194956882883e+00 -9.9299466379696541e-02 5.3110549139642450e-02 1.1000000000000001e+00
1.9550000000000001e-01 -6.6287654350268665e-01 -1.5017227796483845e-03 4.9593323977857656e-03 2.4061508329505987e-01 -9.9328345966619949e-02 1.0065700328300224e+00 -9.8552914590339422e-02 5.3110549139642450e-02 1.1000000000000001e+00
1.9600000000000001e-01 -6.6282909626943809e-01 -1.4990344914239978e-03 5.7902628119401280e-03 2.4056558851241136e-01 -9.8651858487161848e-02 1.0065209418294343e+00 -9.7812028393586797e-02 5.3110549139642450e-02 1.1000000000000001e+00
1.9650000000000001e-01 -6.6278174056037031e-01 -1.4959360474820853e-03 6.6000092207636916e-03 2.4051643037659123e-01 -9.7981731039869985e-02 1.0064722198646125e+00 -9.7076764305539590e-02 5.3110549139642450e-02 1.1000000000000001e+00
1.9700000000000001e-01 -6.6273448917914479e-01 -1.4924379592384917e-03 7.3888933494067766e-03 2.4046760574864001e-01 -9.7317800091248005e-02 1.0064238641353045e+00 -9.6347079166135288e-02 5.3110549139642450e-02 1.1000000000000001e+00
1.9750000000000001e-01 -6.6268735459946615e-01 -1.4885505782000227e-03 8.1572329382807365e-03 2.4041911157032089e-01 -9.6659906357702094e-02 1.0063758718627631e+00 -9.5622930137490458e-02 5.3110549139642450e-02 1.1000000000000001e+00
1.9800000000000001e-01 -6.6264034897035506e-01 -1.4842840980694514e-03 8.9053417789638611e-03 2.4037094486195640e-01 -9.6007894717900680e-02 1.0063282402895699e+00 -9.4904274701871461e-02 5.3110549139642450e-02 1.1000000000000001e+00
1.9850000000000001e-01 -6.6259348412077745e-01 -1.4796485565505028e-03 9.6335297431082417e-03 2.4032310272044685e-01 -9.5361614134002889e-02 1.0062809666794965e+00 -9.4191070660230442e-02 5.3110549139642450e-02 1.1000000000000001e+00
1.9900000000000001e-01 -6.6254677156484720e-01 -1.4746538374466257e-03 1.0342102819235833e-02 2.4027558231717797e-01 -9.4720917566149754e-02 1.0062340483173271e+00 -9.3483276130097034e-02 5.3110549139642450e-02 1.1000000000000001e+00
1.9950000000000001e-01 -6.6250022250648610e-01 -1.4693096725078199e-03 1.1031363143698266e-02 2.4022838089608337e-01 -9.4085661894479228e-02 1.0061874825087103e+00 -9.2780849543941682e-02 5.3110549139642450e-02 1.1000000000000001e+00
2.0000000000000001e-01 -6.6245384784420414e-01 -1.4636256433494927e-03 1.1701609033929418e-02 2.4018149577170370e-01 -9.3455707840163160e-02 1.0061412665800038e+00 -9.2083749647349430e-02 5.3110549139642450e-02 1.1000000000000001e+00
2.0050000000000001e-01 -6.6240765817598368e-01 -1.4576111834360881e-03 1.2353135023853847e-02 2.4013492432724740e-01 -9.2830919885743615e-02 1.0060953978781071e+00 -9.1391935497011842e-02 5.3110549139642450e-02 1.1000000000000001e+00
2.0100000000000001e-01 -6.6236166380366257e-01 -1.4512755798296167e-03 1.2986231893751733e-02 2.4008866401279078e-01 -9.2211166202302144e-02 1.0060498737703223e+00 -9.0705366459171891e-02 5.3110549139642450e-02 1.1000000000000001e+00
2.0150000000000001e-01 -6.6231587473780429e-01 -1.4446279751920217e-03 1.3601186707097888e-02 2.4004271234339208e-01 -9.1596318571110252e-02 1.0060046916441858e+00 -9.0024002207489601e-02 5.3110549139642450e-02 1.1000000000000001e+00
2.0200000000000001e-01 -6.6227030070207094e-01 -1.4376773695541183e-03 1.4198282841866267e-02 2.3999706689734129e-01 -9.0986252312006036e-02 1.0059598489073216e+00 -8.9347802721360364e-02 5.3110549139642450e-02 1.1000000000000001e+00
2.0250000000000001e-01 -6.6222495113770752e-01 -1.4304326221510173e-03 1.4777800023979689e-02 2.3995172531440789e-01 -9.0380846210922905e-02 1.0059153429872920e+00 -8.8676728284052347e-02 5.3110549139642450e-02 1.1000000000000001e+00
2.0300000000000001e-01 -6.6217983520811985e-01 -1.4229024533171160e-03 1.5340014362768753e-02 2.3990668529409298e-01 -8.9779982446824891e-02 1.0058711713314337e+00 -8.8010739480670647e-02 5.3110549139642450e-02 1.1000000000000001e+00
2.0350000000000001e-01 -6.6213496180298637e-01 -1.4150954461596046e-03 1.5885198381084525e-02 2.3986194459400365e-01 -8.9183546524840687e-02 1.0058273314067259e+00 -8.7349797196563841e-02 5.3110549139642450e-02 1.1000000000000001e+00
2.0400000000000001e-01 -6.6209033954281848e-01 -1.4070200484688200e-03 1.6413621052027767e-02 2.3981750102815463e-01 -8.8591427204457215e-02 1.0057838206996226e+00 -8.6693862615171785e-02 5.3110549139642450e-02 1.1000000000000001e+00
2.0450000000000002e-01 -6.6204597678306187e-01 -1.3986845744087630e-03 1.6925547830344046e-02 2.3977335246538961e-01 -8.8003516433812906e-02 1.0057406367159143e+00 -8.6042897216315153e-02 5.3110549139642450e-02 1.1000000000000001e+00
2.0500000000000002e-01 -6.6200188161829576e-01 -1.3900972062689135e-03 1.7421240685823965e-02 2.3972949682780278e-01 -8.7419709283260261e-02 1.0056977769805822e+00 -8.5396862774312285e-02 5.3110549139642450e-02 1.1000000000000001e+00
2.0550000000000002e-01 -6.6195806188651796e-01 -1.3812659962707597e-03 1.7900958138574140e-02 2.3968593208916564e-01 -8.6839903878430630e-02 1.0056552390376376e+00 -8.4755721355931207e-02 5.3110549139642450e-02 1.1000000000000001e+00
2.0600000000000002e-01 -6.6191452517299920e-01 -1.3721988681659604e-03 1.8364955289146990e-02 2.3964265627346151e-01 -8.6264001338913751e-02 1.0056130204499971e+00 -8.4119435318772542e-02 5.3110549139642450e-02 1.1000000000000001e+00
2.0650000000000002e-01 -6.6187127881454821e-01 -1.3629036190552486e-03 1.8813483854936794e-02 2.3959966745335917e-01 -8.5691905712524344e-02 1.0055711187993168e+00 -8.3487967309114008e-02 5.3110549139642450e-02 1.1000000000000001e+00
2.0700000000000002e-01 -6.6182832990335105e-01 -1.3533879210005759e-03 1.9246792201449616e-02 2.3955696374879143e-01 -8.5123523915091912e-02 1.0055295316858619e+00 -8.2861280260185119e-02 5.3110549139642450e-02 1.1000000000000001e+00
2.0750000000000002e-01 -6.6178568529090109e-01 -1.3436593226937097e-03 1.9665125375444986e-02 2.3951454332553546e-01 -8.4558765669625113e-02 1.0054882567283623e+00 -8.2239337390277251e-02 5.3110549139642450e-02 1.1000000000000001e+00
2.0800000000000002e-01 -6.6174335159200526e-01 -1.3337252511750352e-03 2.0068725139817938e-02 2.3947240439380016e-01 -8.3997543445062980e-02 1.0054472915638597e+00 -8.1622102200696323e-02 5.3110549139642450e-02 1.1000000000000001e+00
2.0849999999999999e-01 -6.6170133518839114e-01 -1.3235930133565772e-03 2.0457830003549716e-02 2.3943054520690710e-01 -8.3439772400104278e-02 1.0054066338475853e+00 -8.1009538474135168e-02 5.3110549139642450e-02 1.1000000000000001e+00
2.0899999999999999e-01 -6.6165964223269158e-01 -1.3132697977505273e-03 2.0832675257583779e-02 2.3938896405992147e-01 -8.2885370323104376e-02 1.0053662812528004e+00 -8.0401610272526541e-02 5.3110549139642450e-02 1.1000000000000001e+00
2.0949999999999999e-01 -6.6161827865203604e-01 -1.3027626760035679e-03 2.1193493005787323e-02 2.3934765928837473e-01 -8.2334257576965580e-02 1.0053262314706697e+00 -7.9798281935315504e-02 5.3110549139642450e-02 1.1000000000000001e+00
2.0999999999999999e-01 -6.6157725015172242e-01 -1.2920786044831214e-03 2.1540512197659262e-02 2.3930662926699064e-01 -8.1786357043495808e-02 1.0052864822101208e+00 -7.9199518077573652e-02 5.3110549139642450e-02 1.1000000000000001e+00
2.1049999999999999e-01 -6.6153656221895907e-01 -1.2812244259096113e-03 2.1873958662654906e-02 2.3926587240841862e-01 -8.1241594067429784e-02 1.0052470311976989e+00 -7.8605283587964009e-02 5.3110549139642450e-02 1.1000000000000001e+00
2.1099999999999999e-01 -6.6149622012623588e-01 -1.2702068708050074e-03 2.2194055139792068e-02 2.3922538716204955e-01 -8.0699896405034929e-02 1.0052078761774457e+00 -7.8015543627113201e-02 5.3110549139642450e-02 1.1000000000000001e+00
2.1149999999999999e-01 -6.6145622893504441e-01 -1.2590325591324801e-03 2.2501021312851224e-02 2.3918517201279016e-01 -8.0161194169222544e-02 1.0051690149107475e+00 -7.7430263625484025e-02 5.3110549139642450e-02 1.1000000000000001e+00
2.1199999999999999e-01 -6.6141659349923132e-01 -1.2477080017538637e-03 2.2795073840876229e-02 2.3914522547991732e-01 -7.9625419779165388e-02 1.0051304451762113e+00 -7.6849409281654762e-02 5.3110549139642450e-02 1.1000000000000001e+00
2.1249999999999999e-01 -6.6137731846842596e-01 -1.2362396019348369e-03 2.3076426390301281e-02 2.3910554611593754e-01 -7.9092507909467744e-02 1.0050921647695308e+00 -7.6272946560447849e-02 5.3110549139642450e-02 1.1000000000000001e+00
2.1299999999999999e-01 -6.6133840829153168e-01 -1.2246336568922165e-03 2.3345289668579145e-02 2.3906613250545350e-01 -7.8562395439065014e-02 1.0050541715033436e+00 -7.5700841690916162e-02 5.3110549139642450e-02 1.1000000000000001e+00
2.1350000000000000e-01 -6.6129986721987322e-01 -1.2128963591690636e-03 2.3601871453304456e-02 2.3902698326410329e-01 -7.8035021404255001e-02 1.0050164632071170e+00 -7.5133061164724055e-02 5.3110549139642450e-02 1.1000000000000001e+00
2.1400000000000000e-01 -6.6126169931066447e-01 -1.2010337981873188e-03 2.3846376626610228e-02 2.3898809703746546e-01 -7.7510326948632718e-02 1.0049790377269985e+00 -7.4569571734048185e-02 5.3110549139642450e-02 1.1000000000000001e+00
2.1450000000000000e-01 -6.6122390843013779e-01 -1.1890519616297244e-03 2.4079007205079876e-02 2.3894947250003412e-01 -7.6988255277084403e-02 1.0049418929256992e+00 -7.4010340409872200e-02 5.3110549139642450e-02 1.1000000000000001e+00
2.1500000000000000e-01 -6.6118649825673970e-01 -1.1769567368655430e-03 2.4299962371173062e-02 2.3891110835419954e-01 -7.6468751609409608e-02 1.0049050266823616e+00 -7.3455334460138119e-02 5.3110549139642450e-02 1.1000000000000001e+00
2.1550000000000000e-01 -6.6114947228438370e-01 -1.1647539124147715e-03 2.4509438506043129e-02 2.3887300332923694e-01 -7.5951763133731212e-02 1.0048684368924241e+00 -7.2904521407761366e-02 5.3110549139642450e-02 1.1000000000000001e+00
2.1600000000000000e-01 -6.6111283382538732e-01 -1.1524491792511643e-03 2.4707629218062910e-02 2.3883515618035786e-01 -7.5437238963622782e-02 1.0048321214675091e+00 -7.2357869029028896e-02 5.3110549139642450e-02 1.1000000000000001e+00
2.1650000000000000e-01 -6.6107658601369934e-01 -1.1400481322699921e-03 2.4894725376314101e-02 2.3879756568773478e-01 -7.4925130092500056e-02 1.0047960783352803e+00 -7.1815345351534790e-02 5.3110549139642450e-02 1.1000000000000001e+00
2.1700000000000000e-01 -6.6104073180781753e-01 -1.1275562715960322e-03 2.5070915139806325e-02 2.3876023065558613e-01 -7.4415389351662975e-02 1.0047603054393284e+00 -7.1276918652497925e-02 5.3110549139642450e-02 1.1000000000000001e+00
2.1750000000000000e-01 -6.6100527399376530e-01 -1.1149790039317010e-03 2.5236383988103166e-02 2.3872314991126736e-01 -7.3907971368031691e-02 1.0047248007390457e+00 -7.0742557456942343e-02 5.3110549139642450e-02 1.1000000000000001e+00
2.1800000000000000e-01 -6.6097021518811860e-01 -1.1023216439403369e-03 2.5391314753237238e-02 2.3868632230437153e-01 -7.3402832521723194e-02 1.0046895622094940e+00 -7.0212230535747835e-02 5.3110549139642450e-02 1.1000000000000001e+00
2.1850000000000000e-01 -6.6093555784074309e-01 -1.0895894154787557e-03 2.5535887647544789e-02 2.3864974670588240e-01 -7.2899930906965005e-02 1.0046545878412958e+00 -6.9685906904071032e-02 5.3110549139642450e-02 1.1000000000000001e+00
2.1900000000000000e-01 -6.6090130423779569e-01 -1.0767874529825085e-03 2.5670280296165443e-02 2.3861342200730812e-01 -7.2399226290600527e-02 1.0046198756405007e+00 -6.9163555819322056e-02 5.3110549139642450e-02 1.1000000000000001e+00
2.1950000000000000e-01 -6.6086745650444134e-01 -1.0639208027017786e-03 2.5794667765483770e-02 2.3857734711986670e-01 -7.1900680073870182e-02 1.0045854236284697e+00 -6.8645146779510641e-02 5.3110549139642450e-02 1.1000000000000001e+00
2.2000000000000000e-01 -6.6083401660762220e-01 -1.0509944239740329e-03 2.5909222592877233e-02 2.3854152097367737e-01 -7.1404255253945947e-02 1.0045512298417594e+00 -6.8130649521461167e-02 5.3110549139642450e-02 1.1000000000000001e+00
2.2050000000000000e-01 -6.6080098635887274e-01 -1.0380131905287236e-03 2.6014114817656007e-02 2.3850594251696280e-01 -7.0909916385351782e-02 1.0045172923319903e+00 -6.7620034018903874e-02 5.3110549139642450e-02 1.1000000000000001e+00
2.2100000000000000e-01 -6.6076836741686640e-01 -1.0249818916512009e-03 2.6109512008131285e-02 2.3847061071529516e-01 -7.0417629544374083e-02 1.0044836091657470e+00 -6.7113270480924234e-02 5.3110549139642450e-02 1.1000000000000001e+00
2.2150000000000000e-01 -6.6073616129020563e-01 -1.0119052334880251e-03 2.6195579293061443e-02 2.3843552455082917e-01 -6.9927362291359860e-02 1.0044501784244437e+00 -6.6610329349985259e-02 5.3110549139642450e-02 1.1000000000000001e+00
2.2200000000000000e-01 -6.6070436933994792e-01 -9.9878784021280613e-04 2.6272479389249065e-02 2.3840068302157816e-01 -6.9439083635948390e-02 1.0044169982042175e+00 -6.6111181300306757e-02 5.3110549139642450e-02 1.1000000000000001e+00
2.2250000000000000e-01 -6.6067299278218017e-01 -9.8563425522564529e-04 2.6340372630349326e-02 2.3836608514069776e-01 -6.8952764002108591e-02 1.0043840666158141e+00 -6.5615797236119641e-02 5.3110549139642450e-02 1.1000000000000001e+00
2.2300000000000000e-01 -6.6064203269063304e-01 -9.7244894238176778e-04 2.6399416996779279e-02 2.3833172993577950e-01 -6.8468375193102102e-02 1.0043513817844629e+00 -6.5124148289801731e-02 5.3110549139642450e-02 1.1000000000000001e+00
2.2350000000000000e-01 -6.6061148999904917e-01 -9.5923628708878528e-04 2.6449768141960227e-02 2.3829761644818237e-01 -6.7985890359119075e-02 1.0043189418497791e+00 -6.4636205820359657e-02 5.3110549139642450e-02 1.1000000000000001e+00
2.2400000000000000e-01 -6.6058136550377333e-01 -9.4600059753476115e-04 2.6491579422662514e-02 2.3826374373235512e-01 -6.7505283963069651e-02 1.0042867449656343e+00 -6.4151941411500518e-02 5.3110549139642450e-02 1.1000000000000001e+00
2.2450000000000001e-01 -6.6055165986609865e-01 -9.3274610578616762e-04 2.6525001925706483e-02 2.3823011085519549e-01 -6.7026531748996157e-02 1.0042547893000568e+00 -6.3671326870048173e-02 5.3110549139642450e-02 1.1000000000000001e+00
2.2500000000000001e-01 -6.6052237361465760e-01 -9.1947696891653199e-04 2.6550184495784723e-02 2.3819671689541733e-01 -6.6549610710337104e-02 1.0042230730351169e+00 -6.3194334224240076e-02 5.3110549139642450e-02 1.1000000000000001e+00
2.2550000000000001e-01 -6.6049350714784794e-01 -9.0619727016162752e-04 2.6567273764299824e-02 2.3816356094292748e-01 -6.6074499058151659e-02 1.0041915943668100e+00 -6.2720935721911134e-02 5.3110549139642450e-02 1.1000000000000001e+00
2.2600000000000001e-01 -6.6046506073603206e-01 -8.9291101995221114e-04 2.6576414174735680e-02 2.3813064209823434e-01 -6.5601176191727339e-02 1.0041603515049609e+00 -6.2251103829011417e-02 5.3110549139642450e-02 1.1000000000000001e+00
2.2650000000000001e-01 -6.6043703452393965e-01 -8.7962215706763954e-04 2.6577748011867082e-02 2.3809795947185208e-01 -6.5129622667585096e-02 1.0041293426731008e+00 -6.1784811227729872e-02 5.3110549139642450e-02 1.1000000000000001e+00
2.2700000000000001e-01 -6.6040942853284457e-01 -8.6633454966823591e-04 2.6571415427525655e-02 2.3806551218373467e-01 -6.4659820170820170e-02 1.0040985661083688e+00 -6.1322030814950745e-02 5.3110549139642450e-02 1.1000000000000001e+00
2.2750000000000001e-01 -6.6038224266278400e-01 -8.5305199635564975e-04 2.6557554467402898e-02 2.3803329936271875e-01 -6.4191751486334644e-02 1.0040680200614045e+00 -6.0862735700595645e-02 5.3110549139642450e-02 1.1000000000000001e+00
2.2800000000000001e-01 -6.6035547669480599e-01 -8.3977822725732202e-04 2.6536301098788576e-02 2.3800132014597622e-01 -6.3725400470061366e-02 1.0040377027962331e+00 -6.0406899205857748e-02 5.3110549139642450e-02 1.1000000000000001e+00
2.2850000000000001e-01 -6.6032913029301199e-01 -8.2651690499692030e-04 2.6507789235036820e-02 2.3796957367849267e-01 -6.3260752022306715e-02 1.0040076125901742e+00 -5.9954494861758009e-02 5.3110549139642450e-02 1.1000000000000001e+00
2.2900000000000001e-01 -6.6030320300678136e-01 -8.1327162577637382e-04 2.6472150763619626e-02 2.3793805911254554e-01 -6.2797792059708937e-02 1.0039777477337246e+00 -5.9505496407323166e-02 5.3110549139642450e-02 1.1000000000000001e+00
2.2950000000000001e-01 -6.6027769427279104e-01 -8.0004592034502132e-04 2.6429515570930349e-02 2.3790677560720611e-01 -6.2336507489271963e-02 1.0039481065304616e+00 -5.9059877788084227e-02 5.3110549139642450e-02 1.1000000000000001e+00
2.3000000000000001e-01 -6.6025260341707137e-01 -7.8684325499426481e-04 2.6380011568045487e-02 2.3787572232785109e-01 -6.1876886182327194e-02 1.0039186872969403e+00 -5.8617613154465960e-02 5.3110549139642450e-02 1.1000000000000001e+00
2.3050000000000001e-01 -6.6022792965708921e-01 -7.7366703257407887e-04 2.6323764717346234e-02 2.3784489844568343e-01 -6.1418916948511738e-02 1.0038894883625851e+00 -5.8178676860073220e-02 5.3110549139642450e-02 1.1000000000000001e+00
2.3100000000000001e-01 -6.6020367210363984e-01 -7.6052059340343836e-04 2.6260899056057350e-02 2.3781430313727456e-01 -6.0962589511625982e-02 1.0038605080695988e+00 -5.7743043460287545e-02 5.3110549139642450e-02 1.1000000000000001e+00
2.3150000000000001e-01 -6.6017982976290657e-01 -7.4740721628367701e-04 2.6191536723132246e-02 2.3778393558410857e-01 -6.0507894484302403e-02 1.0038317447728513e+00 -5.7310687710500796e-02 5.3110549139642450e-02 1.1000000000000001e+00
2.3200000000000001e-01 -6.6015640153833322e-01 -7.3433011940684894e-04 2.6115797983077699e-02 2.3775379497214685e-01 -6.0054823344513654e-02 1.0038031968397880e+00 -5.6881584564657570e-02 5.3110549139642450e-02 1.1000000000000001e+00
2.3250000000000001e-01 -6.6013338623252604e-01 -7.2129246128729211e-04 2.6033801250661483e-02 2.3772388049140084e-01 -5.9603368412039344e-02 1.0037748626503291e+00 -5.6455709173693379e-02 5.3110549139642450e-02 1.1000000000000001e+00
2.3300000000000001e-01 -6.6011078254918143e-01 -7.0829734171299111e-04 2.5945663116409796e-02 2.3769419133551509e-01 -5.9153522824971660e-02 1.0037467405967653e+00 -5.6033036883874211e-02 5.3110549139642450e-02 1.1000000000000001e+00
2.3350000000000001e-01 -6.6008858909483970e-01 -6.9534780259832886e-04 2.5851498369204636e-02 2.3766472670136676e-01 -5.8705280517882041e-02 1.0037188290836725e+00 -5.5613543235435096e-02 5.3110549139642450e-02 1.1000000000000001e+00
2.3400000000000001e-01 -6.6006680438078891e-01 -6.8244682893169885e-04 2.5751420021998657e-02 2.3763548578867016e-01 -5.8258636198974909e-02 1.0036911265278023e+00 -5.5197203960870092e-02 5.3110549139642450e-02 1.1000000000000001e+00
2.3450000000000001e-01 -6.6004542682479794e-01 -6.6959734962553660e-04 2.5645539334651926e-02 2.3760646779959702e-01 -5.7813585328866088e-02 1.0036636313579956e+00 -5.4783994983519824e-02 5.3110549139642450e-02 1.1000000000000001e+00
2.3500000000000001e-01 -6.6002445475287663e-01 -6.5680223838743799e-04 2.5533965837581624e-02 2.3757767193840520e-01 -5.7370124099346588e-02 1.0036363420150853e+00 -5.4373892416059166e-02 5.3110549139642450e-02 1.1000000000000001e+00
2.3550000000000001e-01 -6.6000388640105812e-01 -6.4406431460918253e-04 2.5416807356135707e-02 2.3754909741107780e-01 -5.6928249412204195e-02 1.0036092569517956e+00 -5.3966872558890877e-02 5.3110549139642450e-02 1.1000000000000001e+00
2.3600000000000002e-01 -6.5998371991702121e-01 -6.3138634416417725e-04 2.5294170032242665e-02 2.3752074342497426e-01 -5.6487958859507963e-02 1.0035823746326609e+00 -5.3562911898826837e-02 5.3110549139642450e-02 1.1000000000000001e+00
2.3650000000000002e-01 -6.5996395336185076e-01 -6.1877104029223824e-04 2.5166158348961489e-02 2.3749260918848927e-01 -5.6049250703037477e-02 1.0035556935339203e+00 -5.3161987107434965e-02 5.3110549139642450e-02 1.1000000000000001e+00
2.3700000000000002e-01 -6.5994458471163975e-01 -6.0622106439376798e-04 2.5032875152329184e-02 2.3746469391072331e-01 -5.5612123855141818e-02 1.0035292121434336e+00 -5.2764075039672426e-02 5.3110549139642450e-02 1.1000000000000001e+00
2.3750000000000002e-01 -6.5992561185911636e-01 -5.9373902684306914e-04 2.4894421673955457e-02 2.3743699680116215e-01 -5.5176577859607161e-02 1.0035029289605886e+00 -5.2369152732423402e-02 5.3110549139642450e-02 1.1000000000000001e+00
2.3800000000000002e-01 -6.5990703261529127e-01 -5.8132748781783200e-04 2.4750897554279738e-02 2.3740951706936567e-01 -5.4742612872597948e-02 1.0034768424962057e+00 -5.1977197402946894e-02 5.3110549139642450e-02 1.1000000000000001e+00
2.3850000000000002e-01 -6.5988884471095732e-01 -5.6898895804363778e-04 2.4602400863274431e-02 2.3738225392466622e-01 -5.4310229644881532e-02 1.0034509512724574e+00 -5.1588186447601277e-02 5.3110549139642450e-02 1.1000000000000001e+00
2.3900000000000002e-01 -6.5987104579831513e-01 -5.5672589961880978e-04 2.4449028123841060e-02 2.3735520657587619e-01 -5.3879429503338440e-02 1.0034252538227684e+00 -5.1202097440248090e-02 5.3110549139642450e-02 1.1000000000000001e+00
2.3950000000000002e-01 -6.5985363345245374e-01 -5.4454072675520510e-04 2.4290874332673816e-02 2.3732837423100400e-01 -5.3450214333725779e-02 1.0033997486917345e+00 -5.0818908130931234e-02 5.3110549139642450e-02 1.1000000000000001e+00
2.3999999999999999e-01 -6.5983660517285392e-01 -5.3243580653635077e-04 2.4128032981808135e-02 2.3730175609697879e-01 -5.3022586563469261e-02 1.0033744344350348e+00 -5.0438596444464905e-02 5.3110549139642450e-02 1.1000000000000001e+00
2.4049999999999999e-01 -6.5981995838490359e-01 -5.2041345968739910e-04 2.3960596080685286e-02 2.3727535137938469e-01 -5.2596549144571847e-02 1.0033493096193382e+00 -5.0061140478945935e-02 5.3110549139642450e-02 1.1000000000000001e+00
2.4099999999999999e-01 -6.5980369044130616e-01 -5.0847596128253609e-04 2.3788654176348040e-02 2.3724915928220169e-01 -5.2172105537466547e-02 1.0033243728222245e+00 -4.9686518504470693e-02 5.3110549139642450e-02 1.1000000000000001e+00
2.4149999999999999e-01 -6.5978779862353787e-01 -4.9662554148656858e-04 2.3612296374859464e-02 2.3722317900755585e-01 -5.1749259694713751e-02 1.0032996226320963e+00 -4.9314708961694834e-02 5.3110549139642450e-02 1.1000000000000001e+00
2.4199999999999999e-01 -6.5977228014325262e-01 -4.8486438626790731e-04 2.3431610361934248e-02 2.3719740975547729e-01 -5.1328016045251328e-02 1.0032750576480907e+00 -4.8945690460470891e-02 5.3110549139642450e-02 1.1000000000000001e+00
2.4249999999999999e-01 -6.5975713214366816e-01 -4.7319463810356583e-04 2.3246682423439580e-02 2.3717185072366584e-01 -5.0908379478956739e-02 1.0032506764800002e+00 -4.8579441778487137e-02 5.3110549139642450e-02 1.1000000000000001e+00
2.4299999999999999e-01 -6.5974235170093032e-01 -4.6161839667343256e-04 2.3057597465674429e-02 2.3714650110726423e-01 -5.0490355331546874e-02 1.0032264777481859e+00 -4.8215941859918503e-02 5.3110549139642450e-02 1.1000000000000001e+00
2.4349999999999999e-01 -6.5972793582545242e-01 -4.5013771954346125e-04 2.2864439035413683e-02 2.3712136009863907e-01 -5.0073949369813409e-02 1.0032024600834955e+00 -4.7855169814091353e-02 5.3110549139642450e-02 1.1000000000000001e+00
2.4399999999999999e-01 -6.5971388146323873e-01 -4.3875462284207655e-04 2.2667289339853399e-02 2.3709642688716856e-01 -4.9659167777145789e-02 1.0031786221271812e+00 -4.7497104914145619e-02 5.3110549139642450e-02 1.1000000000000001e+00
2.4450000000000000e-01 -6.5970018549718523e-01 -4.2747108192552497e-04 2.2466229266316921e-02 2.3707170065903824e-01 -4.9246017139381475e-02 1.0031549625308189e+00 -4.7141726595711080e-02 5.3110549139642450e-02 1.1000000000000001e+00
2.4500000000000000e-01 -6.5968684474835915e-01 -4.1628903203289362e-04 2.2261338401742912e-02 2.3704718059704297e-01 -4.8834504430970621e-02 1.0031314799562239e+00 -4.6789014455595704e-02 5.3110549139642450e-02 1.1000000000000001e+00
2.4550000000000000e-01 -6.5967385597725570e-01 -4.0521036893094702e-04 2.2052695051957356e-02 2.3702286588039612e-01 -4.8424637001448147e-02 1.0031081730753748e+00 -4.6438948250485626e-02 5.3110549139642450e-02 1.1000000000000001e+00
2.4600000000000000e-01 -6.5966121588503401e-01 -3.9423694954846271e-04 2.1840376260716891e-02 2.3699875568454515e-01 -4.8016422562210809e-02 1.0030850405703322e+00 -4.6091507895658884e-02 5.3110549139642450e-02 1.1000000000000001e+00
2.4650000000000000e-01 -6.5964892111473850e-01 -3.8337059260403308e-04 2.1624457828649992e-02 2.3697484918099404e-01 -4.7609869173558639e-02 1.0030620811331596e+00 -4.5746673463696791e-02 5.3110549139642450e-02 1.1000000000000001e+00
2.4700000000000000e-01 -6.5963696825249729e-01 -3.7261307922340186e-04 2.1405014331966503e-02 2.3695114553713217e-01 -4.7204985232033723e-02 1.0030392934658441e+00 -4.5404425183209134e-02 5.3110549139642450e-02 1.1000000000000001e+00
2.4750000000000000e-01 -6.5962535382870147e-01 -3.6196615354700689e-04 2.1182119140954605e-02 2.3692764391606908e-01 -4.6801779458044729e-02 1.0030166762802215e+00 -4.5064743437571150e-02 5.3110549139642450e-02 1.1000000000000001e+00
2.4800000000000000e-01 -6.5961407431916463e-01 -3.5143152332787195e-04 2.0955844438267802e-02 2.3690434347647585e-01 -4.6400260883771069e-02 1.0029942282978959e+00 -4.4727608763672017e-02 5.3110549139642450e-02 1.1000000000000001e+00
2.4850000000000000e-01 -6.5960312614626226e-01 -3.4101086051956282e-04 2.0726261236990038e-02 2.3688124337243172e-01 -4.6000438841343687e-02 1.0029719482501649e+00 -4.4393001850676683e-02 5.3110549139642450e-02 1.1000000000000001e+00
2.4900000000000000e-01 -6.5959250568005645e-01 -3.3070580185786601e-04 2.0493439398597043e-02 2.3685834275327738e-01 -4.5602322951268655e-02 1.0029498348779453e+00 -4.4060903538785612e-02 5.3110549139642450e-02 1.1000000000000001e+00
2.4950000000000000e-01 -6.5958220923940136e-01 -3.2051794943257269e-04 2.0257447650693025e-02 2.3683564076347358e-01 -4.5205923111120455e-02 1.0029278869316953e+00 -4.3731294818008137e-02 5.3110549139642450e-02 1.1000000000000001e+00
2.5000000000000000e-01 -6.5957223309302959e-01 -3.1044887124999224e-04 2.0018353604541229e-02 2.3681313654246530e-01 -4.4811249484494643e-02 1.0029061031713402e+00 -4.3404156826947184e-02 5.3110549139642450e-02 1.1000000000000001e+00
2.5050000000000000e-01 -6.5956257346062086e-01 -3.0050010178633228e-04 1.9776223772391074e-02 2.3679082922455169e-01 -4.4418312490214260e-02 1.0028844823661998e+00 -4.3079470851595303e-02 5.3110549139642450e-02 1.1000000000000001e+00
2.5100000000000000e-01 -6.5955322651385173e-01 -2.9067314253168771e-04 1.9531123584590675e-02 2.3676871793876053e-01 -4.4027122791786971e-02 1.0028630232949145e+00 -4.2757218324143698e-02 5.3110549139642450e-02 1.1000000000000001e+00
2.5150000000000000e-01 -6.5954418837743833e-01 -2.8096946253236148e-04 1.9283117406736692e-02 2.3674680180872973e-01 -4.3637691287055753e-02 1.0028417247453711e+00 -4.2437380821769559e-02 5.3110549139642450e-02 1.1000000000000001e+00
2.5200000000000000e-01 -6.5953545513013867e-01 -2.7139049890860219e-04 1.9032268556107717e-02 2.3672507995259065e-01 -4.3250029098198521e-02 1.0028205855146328e+00 -4.2119940065505727e-02 5.3110549139642450e-02 1.1000000000000001e+00
2.5250000000000000e-01 -6.5952702280573916e-01 -2.6193765736348923e-04 1.8778639317893357e-02 2.3670355148285629e-01 -4.2864147561950283e-02 1.0027996044088727e+00 -4.1804877919124371e-02 5.3110549139642450e-02 1.1000000000000001e+00
2.5300000000000000e-01 -6.5951888739414644e-01 -2.5261231277064525e-04 1.8522290964103107e-02 2.3668221550633090e-01 -4.2480058219500551e-02 1.0027787802432788e+00 -4.1492176387626187e-02 5.3110549139642450e-02 1.1000000000000001e+00
2.5350000000000000e-01 -6.5951104484216105e-01 -2.4341580953960744e-04 1.8263283765249914e-02 2.3666107112398366e-01 -4.2097772807993150e-02 1.0027581118420243e+00 -4.1181817616727789e-02 5.3110549139642450e-02 1.1000000000000001e+00
2.5400000000000000e-01 -6.5950349105463046e-01 -2.3434946225299450e-04 1.8001677011052437e-02 2.3664011743088037e-01 -4.1717303250447507e-02 1.0027375980381570e+00 -4.0873783891065003e-02 5.3110549139642450e-02 1.1000000000000001e+00
2.5450000000000000e-01 -6.5949622189526469e-01 -2.2541455606778707e-04 1.7737529023462845e-02 2.3661935351607633e-01 -4.1338661647350609e-02 1.0027172376735543e+00 -4.0568057633459859e-02 5.3110549139642450e-02 1.1000000000000001e+00
2.5500000000000000e-01 -6.5948923318756281e-01 -2.1661234719691893e-04 1.7470897172414686e-02 2.3659877846252900e-01 -4.0961860267872505e-02 1.0026970295988544e+00 -4.0264621403792882e-02 5.3110549139642450e-02 1.1000000000000001e+00
2.5550000000000000e-01 -6.5948252071582991e-01 -2.0794406346108464e-04 1.7201837893958113e-02 2.3657839134703398e-01 -4.0586911540887192e-02 1.0026769726733640e+00 -3.9963457897504696e-02 5.3110549139642450e-02 1.1000000000000001e+00
2.5600000000000001e-01 -6.5947608022588877e-01 -1.9941090462142659e-04 1.6930406701264510e-02 2.3655819124011773e-01 -4.0213828047350575e-02 1.0026570657650304e+00 -3.9664549945122508e-02 5.3110549139642450e-02 1.1000000000000001e+00
2.5650000000000001e-01 -6.5946990742613643e-01 -1.9101404296653158e-04 1.6656658204069058e-02 2.3653817720599318e-01 -3.9842622511456600e-02 1.0026373077503352e+00 -3.9367880510534491e-02 5.3110549139642450e-02 1.1000000000000001e+00
2.5700000000000001e-01 -6.5946399798829958e-01 -1.8275462368197502e-04 1.6380646121034688e-02 2.3651834830247206e-01 -3.9473307793115898e-02 1.0026176975142502e+00 -3.9073432690285508e-02 5.3110549139642450e-02 1.1000000000000001e+00
2.5750000000000001e-01 -6.5945834754828625e-01 -1.7463376529365548e-04 1.6102423294614827e-02 2.3649870358089875e-01 -3.9105896880166024e-02 1.0025982339501731e+00 -3.8781189712494099e-02 5.3110549139642450e-02 1.1000000000000001e+00
2.5800000000000001e-01 -6.5945295170712093e-01 -1.6665256017563048e-04 1.5822041708102703e-02 2.3647924208610702e-01 -3.8740402880474353e-02 1.0025789159598382e+00 -3.8491134935413583e-02 5.3110549139642450e-02 1.1000000000000001e+00
2.5850000000000001e-01 -6.5944780603160469e-01 -1.5881207485594686e-04 1.5539552496114047e-02 2.3645996285633092e-01 -3.8376839015085006e-02 1.0025597424532890e+00 -3.8203251846977163e-02 5.3110549139642450e-02 1.1000000000000001e+00
2.5900000000000001e-01 -6.5944290605528311e-01 -1.5111335055655099e-04 1.5255005962821847e-02 2.3644086492318100e-01 -3.8015218610488233e-02 1.0025407123487764e+00 -3.7917524063141271e-02 5.3110549139642450e-02 1.1000000000000001e+00
2.5950000000000001e-01 -6.5943824727914513e-01 -1.4355740353273522e-04 1.4968451593673901e-02 2.3642194731157468e-01 -3.7655555091902666e-02 1.0025218245727170e+00 -3.7633935327209295e-02 5.3110549139642450e-02 1.1000000000000001e+00
2.6000000000000001e-01 -6.5943382517240867e-01 -1.3614522548038868e-04 1.4679938069402329e-02 2.3640320903968798e-01 -3.7297861976384648e-02 1.0025030780596313e+00 -3.7352469508791876e-02 5.3110549139642450e-02 1.1000000000000001e+00
2.6050000000000001e-01 -6.5942963517337716e-01 -1.2887778400252320e-04 1.4389513282029294e-02 2.3638464911893123e-01 -3.6942152865906498e-02 1.0024844717520571e+00 -3.7073110602425706e-02 5.3110549139642450e-02 1.1000000000000001e+00
2.6100000000000001e-01 -6.5942567269005437e-01 -1.2175602288953719e-04 1.4097224344839551e-02 2.3636626655387596e-01 -3.6588441441201228e-02 1.0024660046005232e+00 -3.6795842727137026e-02 5.3110549139642450e-02 1.1000000000000001e+00
2.6150000000000001e-01 -6.5942193310103081e-01 -1.1478086261499549e-04 1.3803117609458486e-02 2.3634806034224928e-01 -3.6236741455033396e-02 1.0024476755634530e+00 -3.6520650124851346e-02 5.3110549139642450e-02 1.1000000000000001e+00
2.6200000000000001e-01 -6.5941841175612992e-01 -1.0795320064656962e-04 1.3507238676942543e-02 2.3633002947487977e-01 -3.5887066726208783e-02 1.0024294836071248e+00 -3.6247517159744710e-02 5.3110549139642450e-02 1.1000000000000001e+00
2.6250000000000001e-01 -6.5941510397713332e-01 -1.0127391181929968e-04 1.3209632410966624e-02 2.3631217293566620e-01 -3.5539431133494420e-02 1.0024114277056084e+00 -3.5976428317245901e-02 5.3110549139642450e-02 1.1000000000000001e+00
2.6300000000000001e-01 -6.5941200505856579e-01 -9.4743848763363735e-05 1.2910342952830473e-02 2.3629448970156847e-01 -3.5193848609574536e-02 1.0023935068406866e+00 -3.5707368202710942e-02 5.3110549139642450e-02 1.1000000000000001e+00
2.6350000000000001e-01 -6.5940911026826843e-01 -8.8363842160036092e-05 1.2609413730932864e-02 2.3627697874254966e-01 -3.4850333135527191e-02 1.0023757200018297e+00 -3.5440321541004564e-02 5.3110549139642450e-02 1.1000000000000001e+00
2.6400000000000001e-01 -6.5940641484820883e-01 -8.2134701196165012e-05 1.2306887476743793e-02 2.3625963902158612e-01 -3.4508898734994464e-02 1.0023580661860989e+00 -3.5175273174974236e-02 5.3110549139642450e-02 1.1000000000000001e+00
2.6450000000000001e-01 -6.5940391401508192e-01 -7.6057213848149252e-05 1.2002806235288288e-02 2.3624246949462727e-01 -3.4169559468848858e-02 1.0023405443981110e+00 -3.4912208064827879e-02 5.3110549139642450e-02 1.1000000000000001e+00
2.6500000000000001e-01 -6.5940160296097716e-01 -7.0132147223225675e-05 1.1697211377543749e-02 2.3622546911057843e-01 -3.3832329429843259e-02 1.0023231536499804e+00 -3.4651111287176774e-02 5.3110549139642450e-02 1.1000000000000001e+00
2.6550000000000001e-01 -6.5939947685410005e-01 -6.4360247950928236e-05 1.1390143614489277e-02 2.3620863681130647e-01 -3.3497222737354775e-02 1.0023058929612372e+00 -3.4391968033763813e-02 5.3110549139642450e-02 1.1000000000000001e+00
2.6600000000000001e-01 -6.5939753083930552e-01 -5.8742242415968207e-05 1.1081643006095892e-02 2.3619197153159438e-01 -3.3164253532432596e-02 1.0022887613588078e+00 -3.4134763611062532e-02 5.3110549139642450e-02 1.1000000000000001e+00
2.6650000000000001e-01 -6.5939576003884015e-01 -5.3278837174112600e-05 1.0771748976242539e-02 2.3617547219916513e-01 -3.2833435972773876e-02 1.0022717578769198e+00 -3.3879483438812974e-02 5.3110549139642450e-02 1.1000000000000001e+00
2.6700000000000002e-01 -6.5939415955290004e-01 -4.7970719210686954e-05 1.0460500322614287e-02 2.3615913773465397e-01 -3.2504784227982038e-02 1.0022548815570709e+00 -3.3626113049425269e-02 5.3110549139642450e-02 1.1000000000000001e+00
2.6750000000000002e-01 -6.5939272446024599e-01 -4.2818556251824633e-05 1.0147935228341362e-02 2.3614296705160404e-01 -3.2178312474872281e-02 1.0022381314479678e+00 -3.3374638087061682e-02 5.3110549139642450e-02 1.1000000000000001e+00
2.6800000000000002e-01 -6.5939144981886610e-01 -3.7822997121953316e-05 9.8340912751347914e-03 2.3612695905648390e-01 -3.1854034892921330e-02 1.0022215066054541e+00 -3.3125044306416787e-02 5.3110549139642450e-02 1.1000000000000001e+00
2.6850000000000002e-01 -6.5939033066647446e-01 -3.2984671954790782e-05 9.5190054518060098e-03 2.3611111264865409e-01 -3.1531965659830290e-02 1.0022050060924865e+00 -3.2877317572333489e-02 5.3110549139642450e-02 1.1000000000000001e+00
2.6900000000000002e-01 -6.5938936202118992e-01 -2.8304192573201084e-05 9.2027141681767285e-03 2.3609542672040246e-01 -3.1212118947221028e-02 1.0021886289790471e+00 -3.2631443858398536e-02 5.3110549139642450e-02 1.1000000000000001e+00
2.6950000000000002e-01 -6.5938853888205506e-01 -2.3782152723662767e-05 8.8852532644124686e-03 2.3607990015692795e-01 -3.0894508916426311e-02 1.0021723743421100e+00 -3.2387409246371027e-02 5.3110549139642450e-02 1.1000000000000001e+00
2.7000000000000002e-01 -6.5938785622960505e-01 -1.9419128359334299e-05 8.5666580219351772e-03 2.3606453183634668e-01 -3.0579149714382976e-02 1.0021562412655873e+00 -3.2145199925302292e-02 5.3110549139642450e-02 1.1000000000000001e+00
2.7050000000000002e-01 -6.5938730902647535e-01 -1.5215677965800915e-05 8.2469631756869263e-03 2.3604932062972050e-01 -3.0266055469712533e-02 1.0021402288402546e+00 -3.1904802190365983e-02 5.3110549139642450e-02 1.1000000000000001e+00
2.7100000000000002e-01 -6.5938689221786939e-01 -1.1172342751343089e-05 7.9262029221942951e-03 2.3603426540103400e-01 -2.9955240288747322e-02 1.0021243361637320e+00 -3.1666202442490674e-02 5.3110549139642450e-02 1.1000000000000001e+00
2.7150000000000002e-01 -6.5938660073217947e-01 -7.2896469932253490e-06 7.6044109325203481e-03 2.3601936500723950e-01 -2.9646718251869306e-02 1.0021085623403987e+00 -3.1429387187012645e-02 5.3110549139642450e-02 1.1000000000000001e+00
2.7200000000000002e-01 -6.5938642948147108e-01 -3.5680982495153155e-06 7.2816203610542567e-03 2.3600461829825092e-01 -2.9340503409777313e-02 1.0020929064813606e+00 -3.1194343033128558e-02 5.3110549139642450e-02 1.1000000000000001e+00
2.7250000000000002e-01 -6.5938637336200823e-01 -8.1876157410953637e-09 6.9578638557299555e-03 2.3599002411695966e-01 -2.9036609779905468e-02 1.0020773677043981e+00 -3.0961056693051763e-02 5.3110549139642450e-02 1.1000000000000001e+00
2.7300000000000002e-01 -6.5938642725481311e-01 3.3896099789733905e-06 6.6331735694588221e-03 2.3597558129927193e-01 -2.8735051343066066e-02 1.0020619451338968e+00 -3.0729514980890334e-02 5.3110549139642450e-02 1.1000000000000001e+00
2.7350000000000002e-01 -6.5938658602610423e-01 6.6248356012473255e-06 6.3075811677536266e-03 2.3596128867409522e-01 -2.8435842039891562e-02 1.0020466379008262e+00 -3.0499704812295799e-02 5.3110549139642450e-02 1.1000000000000001e+00
2.7400000000000002e-01 -6.5938684452786578e-01 9.6970459983864849e-06 5.9811178407700961e-03 2.3594714506339182e-01 -2.8138995767744656e-02 1.0020314451426597e+00 -3.0271613203170993e-02 5.3110549139642450e-02 1.1000000000000001e+00
2.7450000000000002e-01 -6.5938719759829956e-01 1.2605813407881148e-05 5.6538143115746186e-03 2.3593314928218162e-01 -2.7844526377412335e-02 1.0020163660033432e+00 -3.0045227269145932e-02 5.3110549139642450e-02 1.1000000000000001e+00
2.7500000000000002e-01 -6.5938764006231243e-01 1.5350725325459586e-05 5.3257008456990950e-03 2.3591930013856585e-01 -2.7552447669992410e-02 1.0020013996332440e+00 -2.9820534224769237e-02 5.3110549139642450e-02 1.1000000000000001e+00
2.7550000000000002e-01 -6.5938816673203049e-01 1.7931384236537974e-05 4.9968072617834593e-03 2.3590559643377271e-01 -2.7262773394036426e-02 1.0019865451890855e+00 -2.9597521382432303e-02 5.3110549139642450e-02 1.1000000000000001e+00
2.7600000000000002e-01 -6.5938877240721250e-01 2.0347407464084856e-05 4.6671629387744565e-03 2.3589203696215189e-01 -2.6975517242363536e-02 1.0019718018339256e+00 -2.9376176152033494e-02 5.3110549139642450e-02 1.1000000000000001e+00
2.7650000000000002e-01 -6.5938945187577136e-01 2.2598426882578913e-05 4.3367968271032327e-03 2.3587862051123548e-01 -2.6690692849477372e-02 1.0019571687370821e+00 -2.9156486039738940e-02 5.3110549139642450e-02 1.1000000000000001e+00
2.7700000000000002e-01 -6.5939019991419745e-01 2.4684088747544662e-05 4.0057374564514588e-03 2.3586534586174809e-01 -2.6408313788640603e-02 1.0019426450740987e+00 -2.8938438647480795e-02 5.3110549139642450e-02 1.1000000000000001e+00
2.7750000000000002e-01 -6.5939101128801181e-01 2.6604053486696729e-05 3.6740129446738131e-03 2.3585221178763846e-01 -2.6128393569177611e-02 1.0019282300266998e+00 -2.8722021672182369e-02 5.3110549139642450e-02 1.1000000000000001e+00
2.7800000000000002e-01 -6.5939188075223887e-01 2.8357995457048480e-05 3.3416510076891689e-03 2.3583921705613109e-01 -2.5850945634060547e-02 1.0019139227827258e+00 -2.8507222904726584e-02 5.3110549139642450e-02 1.1000000000000001e+00
2.7850000000000003e-01 -6.5939280305179815e-01 2.9945602810258560e-05 3.0086789662698995e-03 2.3582636042772873e-01 -2.5575983357054917e-02 1.0018997225361128e+00 -2.8294030229635142e-02 5.3110549139642450e-02 1.1000000000000001e+00
2.7900000000000003e-01 -6.5939377292198253e-01 3.1366577233498512e-05 2.6751237563996987e-03 2.3581364065627883e-01 -2.5303520040584518e-02 1.0018856284868196e+00 -2.8082431623880098e-02 5.3110549139642450e-02 1.1000000000000001e+00
2.7950000000000003e-01 -6.5939478508885563e-01 3.2620633797799666e-05 2.3410119365597955e-03 2.3580105648899088e-01 -2.5033568913144219e-02 1.0018716398407983e+00 -2.7872415156403652e-02 5.3110549139642450e-02 1.1000000000000001e+00
2.8000000000000003e-01 -6.5939583426967396e-01 3.3707500770743870e-05 2.0063696960483787e-03 2.3578860666647397e-01 -2.4766143126971368e-02 1.0018577558099482e+00 -2.7663968987375651e-02 5.3110549139642450e-02 1.1000000000000001e+00
2.8050000000000003e-01 -6.5939691517332366e-01 3.4626919397400975e-05 1.6712228641589169e-03 2.3577628992279426e-01 -2.4501255756023299e-02 1.0018439756120536e+00 -2.7457081367204577e-02 5.3110549139642450e-02 1.1000000000000001e+00
2.8100000000000003e-01 -6.5939802250069124e-01 3.5378643782152641e-05 1.3355969165753502e-03 2.3576410498548381e-01 -2.4238919793417749e-02 1.0018302984707657e+00 -2.7251740636231113e-02 5.3110549139642450e-02 1.1000000000000001e+00
2.8150000000000003e-01 -6.5939915094510371e-01 3.5962440654475405e-05 9.9951698495340442e-04 2.3575205057561252e-01 -2.3979148149692646e-02 1.0018167236155324e+00 -2.7047935223588383e-02 5.3110549139642450e-02 1.1000000000000001e+00
2.8200000000000003e-01 -6.5940029519270316e-01 3.6378089234924181e-05 6.6300786374732482e-04 2.3574012540781084e-01 -2.3721953650518442e-02 1.0018032502815688e+00 -2.6845653646742500e-02 5.3110549139642450e-02 1.1000000000000001e+00
2.8250000000000003e-01 -6.5940144992284055e-01 3.6625381067898749e-05 3.2609401795577611e-04 2.3572832819031325e-01 -2.3467349034695061e-02 1.0017898777098138e+00 -2.6644884510781106e-02 5.3110549139642450e-02 1.1000000000000001e+00
2.8300000000000003e-01 -6.5940260980848009e-01 3.6704119824674474e-05 -1.1200408375885904e-05 2.3571665762502000e-01 -2.3215346952473993e-02 1.0017766051468697e+00 -2.6445616507465138e-02 5.3110549139642450e-02 1.1000000000000001e+00
2.8350000000000003e-01 -6.5940376951655222e-01 3.6614121200736546e-05 -3.4885158613984782e-04 2.3570511240751243e-01 -2.2965959963259761e-02 1.0017634318449875e+00 -2.6247838414936209e-02 5.3110549139642450e-02 1.1000000000000001e+00
2.8400000000000003e-01 -6.5940492370835868e-01 3.6355212704590622e-05 -6.8683599231839055e-04 2.3569369122712822e-01 -2.2719200534216319e-02 1.0017503570619943e+00 -2.6051539096623645e-02 5.3110549139642450e-02 1.1000000000000001e+00
2.8450000000000003e-01 -6.5940606703992710e-01 3.5927233540259502e-05 -1.0251304035966404e-03 2.3568239276699007e-01 -2.2475081038243774e-02 1.0017373800612694e+00 -2.5856707500804779e-02 5.3110549139642450e-02 1.1000000000000001e+00
2.8500000000000003e-01 -6.5940719416237970e-01 3.5330034458726456e-05 -1.3637118891623467e-03 2.3567121570405344e-01 -2.2233613752261471e-02 1.0017245001117021e+00 -2.5663332659923353e-02 5.3110549139642450e-02 1.1000000000000001e+00
2.8550000000000003e-01 -6.5940829972230885e-01 3.4563477581413971e-05 -1.7025578028437038e-03 2.3566015870917231e-01 -2.1994810855832332e-02 1.0017117164876317e+00 -2.5471403689680365e-02 5.3110549139642450e-02 1.1000000000000001e+00
2.8600000000000003e-01 -6.5940937836211433e-01 3.3627436312100038e-05 -2.0416457774575575e-03 2.3564922044711978e-01 -2.1758684429094410e-02 1.0016990284688339e+00 -2.5280909788754750e-02 5.3110549139642450e-02 1.1000000000000001e+00
2.8650000000000003e-01 -6.5941042472037659e-01 3.2521795146970954e-05 -2.3809537166559498e-03 2.3563839957666652e-01 -2.1525246451670404e-02 1.0016864353404529e+00 -2.5091840237755125e-02 5.3110549139642450e-02 1.1000000000000001e+00
2.8700000000000003e-01 -6.5941143343219466e-01 3.1246449572557688e-05 -2.7204597889588793e-03 2.3562769475061424e-01 -2.1294508800876556e-02 1.0016739363929767e+00 -2.4904184398799201e-02 5.3110549139642450e-02 1.1000000000000001e+00
2.8750000000000003e-01 -6.5941239912953253e-01 2.9801305934526425e-05 -3.0601424210718324e-03 2.3561710461584739e-01 -2.1066483250256340e-02 1.0016615309221963e+00 -2.4717931714860683e-02 5.3110549139642450e-02 1.1000000000000001e+00
2.8800000000000003e-01 -6.5941331644156742e-01 2.8186281280048184e-05 -3.3999802906296310e-03 2.3560662781340189e-01 -2.0841181468468573e-02 1.0016492182291494e+00 -2.4533071708897642e-02 5.3110549139642450e-02 1.1000000000000001e+00
2.8849999999999998e-01 -6.5941417999501584e-01 2.6401303283406025e-05 -3.7399523208935873e-03 2.3559626297849082e-01 -2.0618615017420936e-02 1.0016369976201069e+00 -2.4349593983585875e-02 5.3110549139642450e-02 1.1000000000000001e+00
2.8899999999999998e-01 -6.5941498441447710e-01 2.4446310075602689e-05 -4.0800376732538553e-03 2.3558600874058516e-01 -2.0398795351443205e-02 1.0016248684065072e+00 -2.4167488220313522e-02 5.3110549139642450e-02 1.1000000000000001e+00
2.8949999999999998e-01 -6.5941572432275641e-01 2.2321250156712777e-05 -4.4202157416618959e-03 2.3557586372345149e-01 -2.0181733815699252e-02 1.0016128299049323e+00 -2.3986744178778805e-02 5.3110549139642450e-02 1.1000000000000001e+00
2.8999999999999998e-01 -6.5941639434119237e-01 2.0026082280757699e-05 -4.7604661464404913e-03 2.3556582654520708e-01 -1.9967441644938931e-02 1.0016008814370696e+00 -2.3807351696364235e-02 5.3110549139642450e-02 1.1000000000000001e+00
2.9049999999999998e-01 -6.5941698908998148e-01 1.7560775315493628e-05 -5.1007687275999736e-03 2.3555589581839115e-01 -1.9755929962615475e-02 1.0015890223296575e+00 -2.3629300687300858e-02 5.3110549139642450e-02 1.1000000000000001e+00
2.9099999999999998e-01 -6.5941750318849279e-01 1.4925308180854053e-05 -5.4411035398700975e-03 2.3554607014999493e-01 -1.9547209779195072e-02 1.0015772519144714e+00 -2.3452581142413831e-02 5.3110549139642450e-02 1.1000000000000001e+00
2.9149999999999998e-01 -6.5941793125558701e-01 1.2119669696522559e-05 -5.7814508458204515e-03 2.3553634814154423e-01 -1.9341291991558769e-02 1.0015655695282613e+00 -2.3277183128158154e-02 5.3110549139642450e-02 1.1000000000000001e+00
2.9199999999999998e-01 -6.5941826790992597e-01 9.1438585077205940e-06 -6.1217911106751155e-03 2.3552672838914082e-01 -1.9138187381590701e-02 1.0015539745127304e+00 -2.3103096786233793e-02 5.3110549139642450e-02 1.1000000000000001e+00
2.9249999999999998e-01 -6.5941850777028377e-01 5.9978829849710029e-06 -6.4621049965886447e-03 2.3551720948352051e-01 -1.8937906615119255e-02 1.0015424662144949e+00 -2.2930312332986130e-02 5.3110549139642450e-02 1.1000000000000001e+00
2.9299999999999998e-01 -6.5941864545584961e-01 2.6817610999122417e-06 -6.8023733565033169e-03 2.3550779001012626e-01 -1.8740460241232451e-02 1.0015310439850347e+00 -2.2758820058604603e-02 5.3110549139642450e-02 1.1000000000000001e+00
2.9349999999999998e-01 -6.5941867558653455e-01 -8.0447962424251747e-07 -7.1425772295017767e-03 2.3549846854914222e-01 -1.8545858690740283e-02 1.0015197071806787e+00 -2.2588610326879883e-02 5.3110549139642450e-02 1.1000000000000001e+00
2.9399999999999998e-01 -6.5941859278326687e-01 -4.4608022486690631e-06 -7.4826978345097972e-03 2.3548924367557783e-01 -1.8354112275773455e-02 1.0015084551625459e+00 -2.2419673574279007e-02 5.3110549139642450e-02 1.1000000000000001e+00
2.9449999999999998e-01 -6.5941839166829219e-01 -8.2871604806395639e-06 -7.8227165654748670e-03 2.3548011395931215e-01 -1.8165231188523923e-02 1.0014972872965229e+00 -2.2252000309577167e-02 5.3110549139642450e-02 1.1000000000000001e+00
2.9499999999999998e-01 -6.5941806686546789e-01 -1.2283498760006165e-05 -8.1626149860841921e-03 2.3547107796515462e-01 -1.7979225500348920e-02 1.0014862029532263e+00 -2.2085581113283254e-02 5.3110549139642450e-02 1.1000000000000001e+00
2.9549999999999998e-01 -6.5941761300054946e-01 -1.6449752368674206e-05 -8.5023748241321705e-03 2.3546213425291956e-01 -1.7796105161256456e-02 1.0014752015079567e+00 -2.1920406636871410e-02 5.3110549139642450e-02 1.1000000000000001e+00
2.9599999999999999e-01 -6.5941702470148933e-01 -2.0785847468911031e-05 -8.8419779671799793e-03 2.3545328137746407e-01 -1.7615879998499021e-02 1.0014642823406821e+00 -2.1756467602549321e-02 5.3110549139642450e-02 1.1000000000000001e+00
2.9649999999999999e-01 -6.5941629659871148e-01 -2.5291701224259603e-05 -9.1814064568070623e-03 2.3544451788877258e-01 -1.7438559716340903e-02 1.0014534448359829e+00 -2.1593754802371041e-02 5.3110549139642450e-02 1.1000000000000001e+00
2.9699999999999999e-01 -6.5941542332540415e-01 -2.9967221849629175e-05 -9.5206424841363570e-03 2.3543584233200451e-01 -1.7264153894929225e-02 1.0014426883830299e+00 -2.1432259097884744e-02 5.3110549139642450e-02 1.1000000000000001e+00
2.9749999999999999e-01 -6.5941439951780034e-01 -3.4812308685100936e-05 -9.8596683849702018e-03 2.3542725324755687e-01 -1.7092671989537195e-02 1.0014320123755485e+00 -2.1271971419582279e-02 5.3110549139642450e-02 1.1000000000000001e+00
2.9799999999999999e-01 -6.5941321981544843e-01 -3.9826852291927979e-05 -1.0198466634639601e-02 2.3541874917113989e-01 -1.6924123330194628e-02 1.0014214162117734e+00 -2.1112882766162206e-02 5.3110549139642450e-02 1.1000000000000001e+00
2.9849999999999999e-01 -6.5941187886150565e-01 -4.5010734480363069e-05 -1.0537019843957255e-02 2.3541032863381844e-01 -1.6758517120393834e-02 1.0014108992944333e+00 -2.0954984204308708e-02 5.3110549139642450e-02 1.1000000000000001e+00
2.9899999999999999e-01 -6.5941037130299540e-01 -5.0363828416852476e-05 -1.0875310753985314e-02 2.3540199016209679e-01 -1.6595862437000078e-02 1.0014004610306992e+00 -2.0798266867840507e-02 5.3110549139642450e-02 1.1000000000000001e+00
2.9949999999999999e-01 -6.5940869179109118e-01 -5.5885998663355331e-05 -1.1213322231890260e-02 2.3539373227796900e-01 -1.6436168229233564e-02 1.0013901008321606e+00 -2.0642721957373881e-02 5.3110549139642450e-02 1.1000000000000001e+00
2.9999999999999999e-01 -6.5940683498138830e-01 -6.1577101239488862e-05 -1.1551037266474943e-02 2.3538555349898335e-01 -1.6279443318030662e-02 1.0013798181147942e+00 -2.0488340739795143e-02 5.3110549139642450e-02 1.1000000000000001e+00
3.0049999999999999e-01 -6.5940479553415920e-01 -6.7436983706223313e-05 -1.1888438963480937e-02 2.3537745233831869e-01 -1.6125696395797102e-02 1.0013696122989171e+00 -2.0335114547553830e-02 5.3110549139642450e-02 1.1000000000000001e+00
3.0099999999999999e-01 -6.5940256811464315e-01 -7.3465485183947152e-05 -1.2225510541823099e-02 2.3536942730482890e-01 -1.5974936025208563e-02 1.0013594828091756e+00 -2.0183034778451812e-02 5.3110549139642450e-02 1.1000000000000001e+00
3.0149999999999999e-01 -6.5940014739328867e-01 -7.9662436447192010e-05 -1.2562235328841960e-02 2.3536147690312778e-01 -1.5827170639241842e-02 1.0013494290744926e+00 -2.0032092894826634e-02 5.3110549139642450e-02 1.1000000000000001e+00
3.0199999999999999e-01 -6.5939752804603113e-01 -8.6027659953985417e-05 -1.2898596756472784e-02 2.3535359963364189e-01 -1.5682408540250038e-02 1.0013394505280451e+00 -1.9882280423229187e-02 5.3110549139642450e-02 1.1000000000000001e+00
3.0249999999999999e-01 -6.5939470475455564e-01 -9.2560969897298239e-05 -1.3234578357151789e-02 2.3534579399267644e-01 -1.5540657899422800e-02 1.0013295466072365e+00 -1.9733588953918108e-02 5.3110549139642450e-02 1.1000000000000001e+00
3.0299999999999999e-01 -6.5939167220654027e-01 -9.9262172277534794e-05 -1.3570163759545468e-02 2.3533805847249201e-01 -1.5401926756642330e-02 1.0013197167536489e+00 -1.9586010140181853e-02 5.3110549139642450e-02 1.1000000000000001e+00
3.0349999999999999e-01 -6.5938842509594342e-01 -1.0613106491152259e-04 -1.3905336685054134e-02 2.3533039156135210e-01 -1.5266223019362885e-02 1.0013099604130340e+00 -1.9439535698137406e-02 5.3110549139642450e-02 1.1000000000000001e+00
3.0399999999999999e-01 -6.5938495812323239e-01 -1.1316743751594407e-04 -1.4240080943519655e-02 2.3532279174360762e-01 -1.5133554462742739e-02 1.0013002770352604e+00 -1.9294157405946730e-02 5.3110549139642450e-02 1.1000000000000001e+00
3.0449999999999999e-01 -6.5938126599565650e-01 -1.2037107172748787e-04 -1.4574380429693147e-02 2.3531525749975224e-01 -1.5003928728796710e-02 1.0012906660742960e+00 -1.9149867103508317e-02 5.3110549139642450e-02 1.1000000000000001e+00
3.0499999999999999e-01 -6.5937734342750387e-01 -1.2774174114450862e-04 -1.4908219119495084e-02 2.3530778730648899e-01 -1.4877353325938505e-02 1.0012811269881761e+00 -1.9006656691972611e-02 5.3110549139642450e-02 1.1000000000000001e+00
3.0549999999999999e-01 -6.5937318514033261e-01 -1.3527921138934806e-04 -1.5241581066146471e-02 2.3530037963680783e-01 -1.4753835628921876e-02 1.0012716592389623e+00 -1.8864518133091653e-02 5.3110549139642450e-02 1.1000000000000001e+00
3.0599999999999999e-01 -6.5936878586325809e-01 -1.4298324010890645e-04 -1.5574450396929075e-02 2.3529303296003559e-01 -1.4633382877784915e-02 1.0012622622927301e+00 -1.8723443449027016e-02 5.3110549139642450e-02 1.1000000000000001e+00
3.0649999999999999e-01 -6.5936414033316926e-01 -1.5085357704788425e-04 -1.5906811309320933e-02 2.3528574574191999e-01 -1.4516002178065167e-02 1.0012529356195214e+00 -1.8583424721597883e-02 5.3110549139642450e-02 1.1000000000000001e+00
3.0700000000000000e-01 -6.5935924329499906e-01 -1.5888996406046029e-04 -1.6238648067747930e-02 2.3527851644468717e-01 -1.4401700500015352e-02 1.0012436786933252e+00 -1.8444454091985873e-02 5.3110549139642450e-02 1.1000000000000001e+00
3.0750000000000000e-01 -6.5935408950197483e-01 -1.6709213514302384e-04 -1.6569945000178114e-02 2.3527134352710929e-01 -1.4290484678212758e-02 1.0012344909920476e+00 -1.8306523760270560e-02 5.3110549139642450e-02 1.1000000000000001e+00
3.0800000000000000e-01 -6.5934867371584149e-01 -1.7545981648730080e-04 -1.6900686494630897e-02 2.3526422544458225e-01 -1.4182361411569979e-02 1.0012253719974726e+00 -1.8169625984805485e-02 5.3110549139642450e-02 1.1000000000000001e+00
3.0850000000000000e-01 -6.5934299070714908e-01 -1.8399272647313513e-04 -1.7230856996182795e-02 2.3525716064917793e-01 -1.4077337262331317e-02 1.0012163211952503e+00 -1.8033753082034885e-02 5.3110549139642450e-02 1.1000000000000001e+00
3.0900000000000000e-01 -6.5933703525545695e-01 -1.9269057573257574e-04 -1.7560441003503884e-02 2.3525014758972793e-01 -1.3975418656355593e-02 1.0012073380748505e+00 -1.7898897425772050e-02 5.3110549139642450e-02 1.1000000000000001e+00
3.0950000000000000e-01 -6.5933080214960427e-01 -2.0155306715377363e-04 -1.7889423065879151e-02 2.3524318471188271e-01 -1.3876611882382400e-02 1.0011984221295445e+00 -1.7765051446916803e-02 5.3110549139642450e-02 1.1000000000000001e+00
3.1000000000000000e-01 -6.5932428618795624e-01 -2.1057989590559899e-04 -1.8217787780119059e-02 2.3523627045818041e-01 -1.3780923091695286e-02 1.0011895728563771e+00 -1.7632207633010228e-02 5.3110549139642450e-02 1.1000000000000001e+00
3.1050000000000000e-01 -6.5931748217861796e-01 -2.1977074948248770e-04 -1.8545519787423265e-02 2.3522940326812403e-01 -1.3688358298188348e-02 1.0011807897561271e+00 -1.7500358527635915e-02 5.3110549139642450e-02 1.1000000000000001e+00
3.1100000000000000e-01 -6.5931038493972460e-01 -2.2912530769003396e-04 -1.8872603770621461e-02 2.3522258157823644e-01 -1.3598923377403451e-02 1.0011720723332980e+00 -1.7369496730245085e-02 5.3110549139642450e-02 1.1000000000000001e+00
3.1150000000000000e-01 -6.5930298929963660e-01 -2.3864324270089229e-04 -1.9199024451085542e-02 2.3521580382214352e-01 -1.3512624066867176e-02 1.0011634200960706e+00 -1.7239614895463856e-02 5.3110549139642450e-02 1.1000000000000001e+00
3.1200000000000000e-01 -6.5929529009721000e-01 -2.4832421905155225e-04 -1.9524766586007648e-02 2.3520906843063452e-01 -1.3429465965396459e-02 1.0011548325562900e+00 -1.7110705732822862e-02 5.3110549139642450e-02 1.1000000000000001e+00
3.1250000000000000e-01 -6.5928728218203791e-01 -2.5816789365960743e-04 -1.9849814965608659e-02 2.3520237383173209e-01 -1.3349454532803772e-02 1.0011463092294328e+00 -1.6982762006330317e-02 5.3110549139642450e-02 1.1000000000000001e+00
3.1300000000000000e-01 -6.5927896041465950e-01 -2.6817391586118281e-04 -2.0174154410335394e-02 2.3519571845076925e-01 -1.3272595090007697e-02 1.0011378496345749e+00 -1.6855776533897405e-02 5.3110549139642450e-02 1.1000000000000001e+00
3.1350000000000000e-01 -6.5927031966685257e-01 -2.7834192738991268e-04 -2.0497769768326280e-02 2.3518910071044657e-01 -1.3198892818100822e-02 1.0011294532943777e+00 -1.6729742187171388e-02 5.3110549139642450e-02 1.1000000000000001e+00
3.1400000000000000e-01 -6.5926135482182024e-01 -2.8867156242556673e-04 -2.0820645912674986e-02 2.3518251903091439e-01 -1.3128352758729140e-02 1.0011211197350469e+00 -1.6604651890870532e-02 5.3110549139642450e-02 1.1000000000000001e+00
3.1450000000000000e-01 -6.5925206077446208e-01 -2.9916244758432822e-04 -2.1142767738952673e-02 2.3517597182983516e-01 -1.3060979813427116e-02 1.0011128484863152e+00 -1.6480498622525343e-02 5.3110549139642450e-02 1.1000000000000001e+00
3.1500000000000000e-01 -6.5924243243161429e-01 -3.0981420192943942e-04 -2.1464120162698011e-02 2.3516945752245391e-01 -1.2996778743354680e-02 1.0011046390814156e+00 -1.6357275412069099e-02 5.3110549139642450e-02 1.1000000000000001e+00
3.1550000000000000e-01 -6.5923246471225261e-01 -3.2062643700201613e-04 -2.1784688116926850e-02 2.3516297452167492e-01 -1.2935754169441342e-02 1.0010964910570468e+00 -1.6234975341286390e-02 5.3110549139642450e-02 1.1000000000000001e+00
3.1600000000000000e-01 -6.5922215254778871e-01 -3.3159875679396230e-04 -2.2104456549813339e-02 2.3515652123812136e-01 -1.2877910571475875e-02 1.0010884039533618e+00 -1.6113591543653768e-02 5.3110549139642450e-02 1.1000000000000001e+00
3.1650000000000000e-01 -6.5921149088224984e-01 -3.4273075779016939e-04 -2.2423410422282262e-02 2.3515009608021639e-01 -1.2823252288518038e-02 1.0010803773139278e+00 -1.5993117203701234e-02 5.3110549139642450e-02 1.1000000000000001e+00
3.1700000000000000e-01 -6.5920047467255194e-01 -3.5402202895289353e-04 -2.2741534705763546e-02 2.3514369745424704e-01 -1.2771783518254374e-02 1.0010724106857090e+00 -1.5873545556764432e-02 5.3110549139642450e-02 1.1000000000000001e+00
3.1750000000000000e-01 -6.5918909888873900e-01 -3.6547215172646081e-04 -2.3058814379947678e-02 2.3513732376443555e-01 -1.2723508316758104e-02 1.0010645036190422e+00 -1.5754869888592000e-02 5.3110549139642450e-02 1.1000000000000001e+00
3.1800000000000000e-01 -6.5917735851418080e-01 -3.7708070006222717e-04 -2.3375234430588910e-02 2.3513097341301553e-01 -1.2678430598657810e-02 1.0010566556676015e+00 -1.5637083534816160e-02 5.3110549139642450e-02 1.1000000000000001e+00
3.1850000000000001e-01 -6.5916524854587455e-01 -3.8884724038595458e-04 -2.3690779847392443e-02 2.3512464480029374e-01 -1.2636554136241096e-02 1.0010488663883905e+00 -1.5520179880800620e-02 5.3110549139642450e-02 1.1000000000000001e+00
3.1900000000000001e-01 -6.5915276399461842e-01 -4.0077133163438024e-04 -2.4005435621913842e-02 2.3511833632473042e-01 -1.2597882559889941e-02 1.0010411353416995e+00 -1.5404152361027388e-02 5.3110549139642450e-02 1.1000000000000001e+00
3.1950000000000001e-01 -6.5913989988528743e-01 -4.1285252523425790e-04 -2.4319186745534575e-02 2.3511204638300442e-01 -1.2562419357449671e-02 1.0010334620910926e+00 -1.5288994458859532e-02 5.3110549139642450e-02 1.1000000000000001e+00
3.2000000000000001e-01 -6.5912665125707171e-01 -4.2509036510176808e-04 -2.4632018207467937e-02 2.3510577337008540e-01 -1.2530167874004034e-02 1.0010258462033832e+00 -1.5174699706164490e-02 5.3110549139642450e-02 1.1000000000000001e+00
3.2050000000000001e-01 -6.5911301316367210e-01 -4.3748438766233450e-04 -2.4943914992837619e-02 2.3509951567930928e-01 -1.2501131312060820e-02 1.0010182872485984e+00 -1.5061261682805855e-02 5.3110549139642450e-02 1.1000000000000001e+00
3.2100000000000001e-01 -6.5909898067360684e-01 -4.5003412181296464e-04 -2.5254862080761546e-02 2.3509327170244268e-01 -1.2475312730662628e-02 1.0010107847999739e+00 -1.4948674016498104e-02 5.3110549139642450e-02 1.1000000000000001e+00
3.2150000000000001e-01 -6.5908454887037871e-01 -4.6273908895393194e-04 -2.5564844442538859e-02 2.3508703982976142e-01 -1.2452715045838534e-02 1.0010033384339110e+00 -1.4836930382217691e-02 5.3110549139642450e-02 1.1000000000000001e+00
3.2200000000000001e-01 -6.5906971285275595e-01 -4.7559880296302017e-04 -2.5873847039835349e-02 2.3508081845011811e-01 -1.2433341029979662e-02 1.0009959477299657e+00 -1.4726024501975873e-02 5.3110549139642450e-02 1.1000000000000001e+00
3.2250000000000001e-01 -6.5905446773501064e-01 -4.8861277019024744e-04 -2.6181854822925944e-02 2.3507460595101418e-01 -1.2417193311622865e-02 1.0009886122708227e+00 -1.4615950144457282e-02 5.3110549139642450e-02 1.1000000000000001e+00
3.2300000000000001e-01 -6.5903880864711117e-01 -5.0178048947320379e-04 -2.6488852729030937e-02 2.3506840071867524e-01 -1.2404274375646803e-02 1.0009813316422651e+00 -1.4506701124531960e-02 5.3110549139642450e-02 1.1000000000000001e+00
3.2350000000000001e-01 -6.5902273073503537e-01 -5.1510145209483966e-04 -2.6794825680588708e-02 2.3506220113811743e-01 -1.2394586562383892e-02 1.0009741054331647e+00 -1.4398271303116611e-02 5.3110549139642450e-02 1.1000000000000001e+00
3.2400000000000001e-01 -6.5900622916093321e-01 -5.2857514181095478e-04 -2.7099758583710824e-02 2.3505600559322531e-01 -1.2388132068082130e-02 1.0009669332354454e+00 -1.4290654586608937e-02 5.3110549139642450e-02 1.1000000000000001e+00
3.2450000000000001e-01 -6.5898929910341220e-01 -5.4220103482015801e-04 -2.7403636326567542e-02 2.3504981246682030e-01 -1.2384912944281661e-02 1.0009598146440684e+00 -1.4183844926670014e-02 5.3110549139642450e-02 1.1000000000000001e+00
3.2500000000000001e-01 -6.5897193575777624e-01 -5.5597859975447855e-04 -2.7706443777853213e-02 2.3504362014073388e-01 -1.2384931097601502e-02 1.0009527492570107e+00 -1.4077836319877517e-02 5.3110549139642450e-02 1.1000000000000001e+00
3.2550000000000001e-01 -6.5895413433621686e-01 -5.6990729769084965e-04 -2.8008165785363779e-02 2.3503742699588198e-01 -1.2388188289940654e-02 1.0009457366752330e+00 -1.3972622807257095e-02 5.3110549139642450e-02 1.1000000000000001e+00
3.2600000000000001e-01 -6.5893589006813280e-01 -5.8398658210480716e-04 -2.8308787174451087e-02 2.3503123141233401e-01 -1.2394686137586158e-02 1.0009387765026732e+00 -1.3868198474149830e-02 5.3110549139642450e-02 1.1000000000000001e+00
3.2650000000000001e-01 -6.5891719820028893e-01 -5.9821589889443179e-04 -2.8608292746727479e-02 2.3502503176938902e-01 -1.2404426111680024e-02 1.0009318683462083e+00 -1.3764557449668816e-02 5.3110549139642450e-02 1.1000000000000001e+00
3.2700000000000001e-01 -6.5889805399710655e-01 -6.1259468634651223e-04 -2.8906667278641988e-02 2.3501882644564628e-01 -1.2417409537592036e-02 1.0009250118156430e+00 -1.3661693906490668e-02 5.3110549139642450e-02 1.1000000000000001e+00
3.2750000000000001e-01 -6.5887845274090406e-01 -6.2712237512358641e-04 -2.9203895520156137e-02 2.3501261381907865e-01 -1.2433637594704852e-02 1.0009182065236863e+00 -1.3559602060522724e-02 5.3110549139642450e-02 1.1000000000000001e+00
3.2800000000000001e-01 -6.5885838973208655e-01 -6.4179838827215527e-04 -2.9499962193547575e-02 2.3500639226710657e-01 -1.2453111316615752e-02 1.0009114520859235e+00 -1.3458276170452943e-02 5.3110549139642450e-02 1.1000000000000001e+00
3.2850000000000001e-01 -6.5883786028947333e-01 -6.5662214117273262e-04 -2.9794851992037807e-02 2.3500016016666933e-01 -1.2475831590236457e-02 1.0009047481208062e+00 -1.3357710537623265e-02 5.3110549139642450e-02 1.1000000000000001e+00
3.2900000000000001e-01 -6.5881685975045268e-01 -6.7159304156084771e-04 -3.0088549578730243e-02 2.3499391589430002e-01 -1.2501799156261118e-02 1.0008980942496200e+00 -1.3257899505507481e-02 5.3110549139642450e-02 1.1000000000000001e+00
3.2950000000000002e-01 -6.5879538347127875e-01 -6.8671048948987484e-04 -3.0381039585367441e-02 2.3498765782619790e-01 -1.2531014608531354e-02 1.0008914900964694e+00 -1.3158837459511451e-02 5.3110549139642450e-02 1.1000000000000001e+00
3.3000000000000002e-01 -6.5877342682731332e-01 -7.0197387731501474e-04 -3.0672306611205655e-02 2.3498138433830182e-01 -1.2563478393815958e-02 1.0008849352882587e+00 -1.3060518826653674e-02 5.3110549139642450e-02 1.1000000000000001e+00
3.3050000000000002e-01 -6.5875098521321529e-01 -7.1738258969878570e-04 -3.0962335222030169e-02 2.3497509380636439e-01 -1.2599190812009694e-02 1.0008784294546627e+00 -1.2962938075132909e-02 5.3110549139642450e-02 1.1000000000000001e+00
3.3100000000000002e-01 -6.5872805404327595e-01 -7.3293600355785313e-04 -3.1251109948949453e-02 2.3496878460602483e-01 -1.2638152015221310e-02 1.0008719722281183e+00 -1.2866089714207140e-02 5.3110549139642450e-02 1.1000000000000001e+00
3.3150000000000002e-01 -6.5870462875157088e-01 -7.4863348808164982e-04 -3.1538615287550566e-02 2.3496245511288333e-01 -1.2680362008239366e-02 1.0008655632437926e+00 -1.2769968293691840e-02 5.3110549139642450e-02 1.1000000000000001e+00
3.3200000000000002e-01 -6.5868070479226171e-01 -7.6447440469231841e-04 -3.1824835696829187e-02 2.3495610370257458e-01 -1.2725820647886285e-02 1.0008592021395692e+00 -1.2674568403768497e-02 5.3110549139642450e-02 1.1000000000000001e+00
3.3250000000000002e-01 -6.5865627763984314e-01 -7.8045810702611479e-04 -3.2109755598251667e-02 2.3494972875084211e-01 -1.2774527642789595e-02 1.0008528885560293e+00 -1.2579884674677955e-02 5.3110549139642450e-02 1.1000000000000001e+00
3.3300000000000002e-01 -6.5863134278932955e-01 -7.9658394093668795e-04 -3.2393359374968025e-02 2.3494332863361161e-01 -1.2826482553575028e-02 1.0008466221364229e+00 -1.2485911776305000e-02 5.3110549139642450e-02 1.1000000000000001e+00
3.3350000000000002e-01 -6.5860589575659900e-01 -8.1285124443909620e-04 -3.2675631370766789e-02 2.3493690172706638e-01 -1.2881684791939789e-02 1.0008404025266626e+00 -1.2392644418062673e-02 5.3110549139642450e-02 1.1000000000000001e+00
3.3400000000000002e-01 -6.5857993207854415e-01 -8.2925934772657220e-04 -3.2956555889432033e-02 2.3493044640772040e-01 -1.2940133621113816e-02 1.0008342293752910e+00 -1.2300077348410028e-02 5.3110549139642450e-02 1.1000000000000001e+00
3.3450000000000002e-01 -6.5855344731337895e-01 -8.4580757312799793e-04 -3.3236117193838566e-02 2.3492396105249347e-01 -1.3001828155200248e-02 1.0008281023334682e+00 -1.2208205354668607e-02 5.3110549139642450e-02 1.1000000000000001e+00
3.3500000000000002e-01 -6.5852643704088853e-01 -8.6249523508718584e-04 -3.3514299505190789e-02 2.3491744403878617e-01 -1.3066767358935860e-02 1.0008220210549532e+00 -1.2117023262727995e-02 5.3110549139642450e-02 1.1000000000000001e+00
3.3550000000000002e-01 -6.5849889686261665e-01 -8.7932164016442653e-04 -3.3791087002420866e-02 2.3491089374455279e-01 -1.3134950047876423e-02 1.0008159851960778e+00 -1.2026525936646631e-02 5.3110549139642450e-02 1.1000000000000001e+00
3.3600000000000002e-01 -6.5847082240221855e-01 -8.9628608697808472e-04 -3.4066463821297556e-02 2.3490430854837890e-01 -1.3206374887452877e-02 1.0008099944157385e+00 -1.1936708278541215e-02 5.3110549139642450e-02 1.1000000000000001e+00
3.3650000000000002e-01 -6.5844220930560804e-01 -9.1338786621999524e-04 -3.4340414053971202e-02 2.3489768682955356e-01 -1.3281040393426344e-02 1.0008040483753653e+00 -1.1847565228123136e-02 5.3110549139642450e-02 1.1000000000000001e+00
3.3700000000000002e-01 -6.5841305324127242e-01 -9.3062626061087342e-04 -3.4612921748226486e-02 2.3489102696814582e-01 -1.3358944931213005e-02 1.0007981467389127e+00 -1.1759091762522522e-02 5.3110549139642450e-02 1.1000000000000001e+00
3.3750000000000002e-01 -6.5838334990052594e-01 -9.4800054487790642e-04 -3.4883970906888211e-02 2.3488432734508052e-01 -1.3440086715632049e-02 1.0007922891728371e+00 -1.1671282896005485e-02 5.3110549139642450e-02 1.1000000000000001e+00
3.3800000000000002e-01 -6.5835309499769579e-01 -9.6550998575501139e-04 -3.5153545487392385e-02 2.3487758634221076e-01 -1.3524463811081829e-02 1.0007864753460751e+00 -1.1584133679590464e-02 5.3110549139642450e-02 1.1000000000000001e+00
3.3850000000000002e-01 -6.5832228427048523e-01 -9.8315384192239428e-04 -3.5421629401043687e-02 2.3487080234239777e-01 -1.3612074130577205e-02 1.0007807049300341e+00 -1.1497639200942454e-02 5.3110549139642450e-02 1.1000000000000001e+00
3.3900000000000002e-01 -6.5829091348011859e-01 -1.0009313640210256e-03 -3.5688206512734959e-02 2.3486397372958182e-01 -1.3702915436197220e-02 1.0007749775985646e+00 -1.1411794583927352e-02 5.3110549139642450e-02 1.1000000000000001e+00
3.3950000000000002e-01 -6.5825897841166270e-01 -1.0188417946063750e-03 -3.5953260640350239e-02 2.3485709888886100e-01 -1.3796985338392980e-02 1.0007692930279468e+00 -1.1326594988443229e-02 5.3110549139642450e-02 1.1000000000000001e+00
3.4000000000000002e-01 -6.5822647487428432e-01 -1.0368843681247139e-03 -3.6216775554328520e-02 2.3485017620656695e-01 -1.3894281295721917e-02 1.0007636508968738e+00 -1.1242035610148715e-02 5.3110549139642450e-02 1.1000000000000001e+00
3.4050000000000002e-01 -6.5819339870143601e-01 -1.0550583109125078e-03 -3.6478734977396260e-02 2.3484320407033737e-01 -1.3994800615013951e-02 1.0007580508864284e+00 -1.1158111680094264e-02 5.3110549139642450e-02 1.1000000000000001e+00
3.4100000000000003e-01 -6.5815974575122949e-01 -1.0733628411342959e-03 -3.6739122583968400e-02 2.3483618086919819e-01 -1.4098540450388716e-02 1.0007524926800744e+00 -1.1074818464620948e-02 5.3110549139642450e-02 1.1000000000000001e+00
3.4150000000000003e-01 -6.5812551190657742e-01 -1.0917971687966744e-03 -3.6997922000029188e-02 2.3482910499363344e-01 -1.4205497803695398e-02 1.0007469759636285e+00 -1.0992151264931960e-02 5.3110549139642450e-02 1.1000000000000001e+00
3.4200000000000003e-01 -6.5809069307552348e-01 -1.1103604957007167e-03 -3.7255116802679768e-02 2.3482197483566541e-01 -1.4315669523802678e-02 1.0007415004252505e+00 -1.0910105416930783e-02 5.3110549139642450e-02 1.1000000000000001e+00
3.4250000000000003e-01 -6.5805528519150214e-01 -1.1290520154173742e-03 -3.7510690519850509e-02 2.3481478878893194e-01 -1.4429052306318697e-02 1.0007360657554252e+00 -1.0828676290960241e-02 5.3110549139642450e-02 1.1000000000000001e+00
3.4300000000000003e-01 -6.5801928421352640e-01 -1.1478709132863923e-03 -3.7764626630184928e-02 2.3480754524875741e-01 -1.4545642693746858e-02 1.0007306716469389e+00 -1.0747859291448036e-02 5.3110549139642450e-02 1.1000000000000001e+00
3.4350000000000003e-01 -6.5798268612656918e-01 -1.1668163663528645e-03 -3.8016908562578326e-02 2.3480024261223817e-01 -1.4665437074482174e-02 1.0007253177948729e+00 -1.0667649856809907e-02 5.3110549139642450e-02 1.1000000000000001e+00
3.4400000000000003e-01 -6.5794548694170496e-01 -1.1858875433811086e-03 -3.8267519696209486e-02 2.3479287927831108e-01 -1.4788431683243246e-02 1.0007200038965767e+00 -1.0588043459037553e-02 5.3110549139642450e-02 1.1000000000000001e+00
3.4450000000000003e-01 -6.5790768269644551e-01 -1.2050836048061292e-03 -3.8516443360225368e-02 2.3478545364783554e-01 -1.4914622600343801e-02 1.0007147296516565e+00 -1.0509035603543373e-02 5.3110549139642450e-02 1.1000000000000001e+00
3.4500000000000003e-01 -6.5786926945500479e-01 -1.2244037027084773e-03 -3.8763662833594732e-02 2.3477796412367122e-01 -1.5044005751398181e-02 1.0007094947619601e+00 -1.0430621828909767e-02 5.3110549139642450e-02 1.1000000000000001e+00
3.4550000000000003e-01 -6.5783024330848683e-01 -1.2438469808130539e-03 -3.9009161345132964e-02 2.3477040911074906e-01 -1.5176576907466903e-02 1.0007042989315524e+00 -1.0352797706548296e-02 5.3110549139642450e-02 1.1000000000000001e+00
3.4600000000000003e-01 -6.5779060037527681e-01 -1.2634125744246801e-03 -3.9252922073174268e-02 2.3476278701615907e-01 -1.5312331684031783e-02 1.0006991418667108e+00 -1.0275558840607001e-02 5.3110549139642450e-02 1.1000000000000001e+00
3.4650000000000003e-01 -6.5775033680118045e-01 -1.2830996104422250e-03 -3.9494928145742167e-02 2.3475509624921778e-01 -1.5451265541420487e-02 1.0006940232758970e+00 -1.0198900867574088e-02 5.3110549139642450e-02 1.1000000000000001e+00
3.4700000000000003e-01 -6.5770944875976767e-01 -1.3029072073094503e-03 -3.9735162640366702e-02 2.3474733522155206e-01 -1.5593373784059592e-02 1.0006889428697492e+00 -1.0122819456128912e-02 5.3110549139642450e-02 1.1000000000000001e+00
3.4750000000000003e-01 -6.5766793245264199e-01 -1.3228344749896702e-03 -3.9973608584071105e-02 2.3473950234717766e-01 -1.5738651560165851e-02 1.0006839003610644e+00 -1.0047310306901097e-02 5.3110549139642450e-02 1.1000000000000001e+00
3.4800000000000003e-01 -6.5762578410962735e-01 -1.3428805149647825e-03 -4.0210248953527872e-02 2.3473159604257002e-01 -1.5887093861882036e-02 1.0006788954647767e+00 -9.9723691521427498e-03 5.3110549139642450e-02 1.1000000000000001e+00
3.4850000000000003e-01 -6.5758299998917058e-01 -1.3630444201701835e-03 -4.0445066674860877e-02 2.3472361472675435e-01 -1.6038695524230893e-02 1.0006739278979522e+00 -9.8979917556397297e-03 5.3110549139642450e-02 1.1000000000000001e+00
3.4900000000000003e-01 -6.5753957637847826e-01 -1.3833252750094839e-03 -4.0678044623943796e-02 2.3471555682137227e-01 -1.6193451225533034e-02 1.0006689973797629e+00 -9.8241739123304268e-03 5.3110549139642450e-02 1.1000000000000001e+00
3.4950000000000003e-01 -6.5749550959386771e-01 -1.4037221553050560e-03 -4.0909165626344370e-02 2.3470742075076736e-01 -1.6351355486641909e-02 1.0006641036314765e+00 -9.7509114481627544e-03 5.3110549139642450e-02 1.1000000000000001e+00
3.5000000000000003e-01 -6.5745079598104061e-01 -1.4242341282728194e-03 -4.1138412457437289e-02 2.3469920494206473e-01 -1.6512402670621429e-02 1.0006592463764425e+00 -9.6782002198626052e-03 5.3110549139642450e-02 1.1000000000000001e+00
3.5050000000000003e-01 -6.5740543191527046e-01 -1.4448602525218178e-03 -4.1365767842682838e-02 2.3469090782524113e-01 -1.6676586982872943e-02 1.0006544253400698e+00 -9.6060361146186098e-03 5.3110549139642450e-02 1.1000000000000001e+00
3.5100000000000003e-01 -6.5735941380181473e-01 -1.4655995779887957e-03 -4.1591214457554017e-02 2.3468252783321800e-01 -1.6843902470068502e-02 1.0006496402498211e+00 -9.5344150499971653e-03 5.3110549139642450e-02 1.1000000000000001e+00
3.5150000000000003e-01 -6.5731273807604917e-01 -1.4864511459538124e-03 -4.1814734927954129e-02 2.3467406340192684e-01 -1.7014343020563184e-02 1.0006448908351888e+00 -9.4633329735756642e-03 5.3110549139642450e-02 1.1000000000000001e+00
3.5199999999999998e-01 -6.5726540120382759e-01 -1.5074139889907979e-03 -4.2036311830282627e-02 2.3466551297039709e-01 -1.7187902363612655e-02 1.0006401768276862e+00 -9.3927858628052481e-03 5.3110549139642450e-02 1.1000000000000001e+00
3.5249999999999998e-01 -6.5721739968175819e-01 -1.5284871309427849e-03 -4.2255927691667368e-02 2.3465687498083582e-01 -1.7364574069038151e-02 1.0006354979608312e+00 -9.3227697247881460e-03 5.3110549139642450e-02 1.1000000000000001e+00
3.5299999999999998e-01 -6.5716873003739240e-01 -1.5496695869223085e-03 -4.2473564990357593e-02 2.3464814787869828e-01 -1.7544351547345707e-02 1.0006308539701265e+00 -9.2532805959745362e-03 5.3110549139642450e-02 1.1000000000000001e+00
3.5349999999999998e-01 -6.5711938882964593e-01 -1.5709603632459654e-03 -4.2689206155772791e-02 2.3463933011278318e-01 -1.7727228048639510e-02 1.0006262445930558e+00 -9.1843145420810891e-03 5.3110549139642450e-02 1.1000000000000001e+00
3.5399999999999998e-01 -6.5706937264893173e-01 -1.5923584574512074e-03 -4.2902833569029589e-02 2.3463042013529722e-01 -1.7913196663030102e-02 1.0006216695690571e+00 -9.1158676577380825e-03 5.3110549139642450e-02 1.1000000000000001e+00
3.5449999999999998e-01 -6.5701867811752679e-01 -1.6138628582472129e-03 -4.3114429563124966e-02 2.3462141640194478e-01 -1.8102250319835540e-02 1.0006171286395156e+00 -9.0479360663576047e-03 5.3110549139642450e-02 1.1000000000000001e+00
3.5499999999999998e-01 -6.5696730188985308e-01 -1.6354725454908303e-03 -4.3323976423281396e-02 2.3461231737200866e-01 -1.8294381787234849e-02 1.0006126215477502e+00 -8.9805159199195309e-03 5.3110549139642450e-02 1.1000000000000001e+00
3.5549999999999998e-01 -6.5691524065266471e-01 -1.6571864901881112e-03 -4.3531456387446502e-02 2.3460312150842028e-01 -1.8489583672381165e-02 1.0006081480389917e+00 -8.9136033986798018e-03 5.3110549139642450e-02 1.1000000000000001e+00
3.5599999999999998e-01 -6.5686249112548190e-01 -1.6790036544291293e-03 -4.3736851646459789e-02 2.3459382727785760e-01 -1.8687848420296100e-02 1.0006037078603791e+00 -8.8471947110924341e-03 5.3110549139642450e-02 1.1000000000000001e+00
3.5649999999999998e-01 -6.5680905006071821e-01 -1.7009229914062229e-03 -4.3940144344680847e-02 2.3458443315080879e-01 -1.8889168314275565e-02 1.0005993007609362e+00 -8.7812860934699272e-03 5.3110549139642450e-02 1.1000000000000001e+00
3.5699999999999998e-01 -6.5675491424405730e-01 -1.7229434453654641e-03 -4.4141316580284910e-02 2.3457493760166381e-01 -1.9093535475075737e-02 1.0005949264915632e+00 -8.7158738098566616e-03 5.3110549139642450e-02 1.1000000000000001e+00
3.5749999999999998e-01 -6.5670008049473694e-01 -1.7450639515836023e-03 -4.4340350405715497e-02 2.3456533910879604e-01 -1.9300941860556618e-02 1.0005905848050225e+00 -8.6509541518231172e-03 5.3110549139642450e-02 1.1000000000000001e+00
3.5799999999999998e-01 -6.5664454566573516e-01 -1.7672834363709710e-03 -4.4537227828283045e-02 2.3455563615463229e-01 -1.9511379265790624e-02 1.0005862754559205e+00 -8.5865234381851778e-03 5.3110549139642450e-02 1.1000000000000001e+00
3.5849999999999999e-01 -6.5658830664421475e-01 -1.7896008170068681e-03 -4.4731930810446817e-02 2.3454582722575346e-01 -1.9724839321939445e-02 1.0005819982007023e+00 -8.5225780149293662e-03 5.3110549139642450e-02 1.1000000000000001e+00
3.5899999999999999e-01 -6.5653136035164894e-01 -1.8120150017594853e-03 -4.4924441270535416e-02 2.3453591081295719e-01 -1.9941313496659292e-02 1.0005777527976289e+00 -8.4591142548860222e-03 5.3110549139642450e-02 1.1000000000000001e+00
3.5949999999999999e-01 -6.5647370374420366e-01 -1.8345248898382560e-03 -4.5114741083151590e-02 2.3452588541135133e-01 -2.0160793093273267e-02 1.0005735390067703e+00 -8.3961285576076902e-03 5.3110549139642450e-02 1.1000000000000001e+00
3.5999999999999999e-01 -6.5641533381302586e-01 -1.8571293713720541e-03 -4.5302812079726029e-02 2.3451574952043694e-01 -2.0383269250406715e-02 1.0005693565899905e+00 -8.3336173491711900e-03 5.3110549139642450e-02 1.1000000000000001e+00
3.6049999999999999e-01 -6.5635624758442968e-01 -1.8798273274137182e-03 -4.5488636049208657e-02 2.3450550164417749e-01 -2.0608732942093214e-02 1.0005652053109311e+00 -8.2715770819075194e-03 5.3110549139642450e-02 1.1000000000000001e+00
3.6099999999999999e-01 -6.5629644212035099e-01 -1.9026176298762762e-03 -4.5672194738462270e-02 2.3449514029110272e-01 -2.0837174976635515e-02 1.0005610849350051e+00 -8.2100042343301576e-03 5.3110549139642450e-02 1.1000000000000001e+00
3.6149999999999999e-01 -6.5623591451846808e-01 -1.9254991415547807e-03 -4.5853469853068277e-02 2.3448466397436990e-01 -2.1068585997012234e-02 1.0005569952293769e+00 -8.1488953108204854e-03 5.3110549139642450e-02 1.1000000000000001e+00
3.6199999999999999e-01 -6.5617466191259410e-01 -1.9484707160798060e-03 -4.6032443057836221e-02 2.3447407121185995e-01 -2.1302956480038486e-02 1.0005529359629517e+00 -8.0882468415109429e-03 5.3110549139642450e-02 1.1000000000000001e+00
3.6249999999999999e-01 -6.5611268147296664e-01 -1.9715311978971486e-03 -4.6209095977454331e-02 2.3446336052626088e-01 -2.1540276735994915e-02 1.0005489069063671e+00 -8.0280553820946329e-03 5.3110549139642450e-02 1.1000000000000001e+00
3.6299999999999999e-01 -6.5604997040643409e-01 -1.9946794222741914e-03 -4.6383410197266342e-02 2.3445253044513684e-01 -2.1780536908733151e-02 1.0005449078319713e+00 -7.9683175135653699e-03 5.3110549139642450e-02 1.1000000000000001e+00
3.6349999999999999e-01 -6.5598652595691931e-01 -2.0179142152372469e-03 -4.6555367263774558e-02 2.3444157950103486e-01 -2.2023726974522713e-02 1.0005409385138206e+00 -7.9090298421489215e-03 5.3110549139642450e-02 1.1000000000000001e+00
3.6399999999999999e-01 -6.5592234540553762e-01 -2.0412343935955080e-03 -4.6724948685523203e-02 2.3443050623154535e-01 -2.2269836742461378e-02 1.0005369987276584e+00 -7.8501889990001648e-03 5.3110549139642450e-02 1.1000000000000001e+00
3.6449999999999999e-01 -6.5585742607099595e-01 -2.0646387648959432e-03 -4.6892135933709472e-02 2.3441930917939985e-01 -2.2518855853625966e-02 1.0005330882509074e+00 -7.7917916400908069e-03 5.3110549139642450e-02 1.1000000000000001e+00
3.6499999999999999e-01 -6.5579176530988548e-01 -2.0881261274047435e-03 -4.7056910442925586e-02 2.3440798689255565e-01 -2.2770773780697286e-02 1.0005292068626579e+00 -7.7338344460262066e-03 5.3110549139642450e-02 1.1000000000000001e+00
3.6549999999999999e-01 -6.5572536051686725e-01 -2.1116952701157247e-03 -4.7219253612015497e-02 2.3439653792426476e-01 -2.3025579828067220e-02 1.0005253543436499e+00 -7.6763141217951539e-03 5.3110549139642450e-02 1.1000000000000001e+00
3.6599999999999999e-01 -6.5565820912514505e-01 -2.1353449726890647e-03 -4.7379146804684337e-02 2.3438496083318322e-01 -2.3283263130673665e-02 1.0005215304762693e+00 -7.6192273967039068e-03 5.3110549139642450e-02 1.1000000000000001e+00
3.6649999999999999e-01 -6.5559030860658007e-01 -2.1590740054775533e-03 -4.7536571350452923e-02 2.3437325418343066e-01 -2.3543812654416907e-02 1.0005177350445280e+00 -7.5625710240846212e-03 5.3110549139642450e-02 1.1000000000000001e+00
3.6699999999999999e-01 -6.5552165647209637e-01 -2.1828811294831367e-03 -4.7691508545366953e-02 2.3436141654469048e-01 -2.3807217195302741e-02 1.0005139678340567e+00 -7.5063417811874183e-03 5.3110549139642450e-02 1.1000000000000001e+00
3.6749999999999999e-01 -6.5545225027197707e-01 -2.2067650963403292e-03 -4.7843939652825788e-02 2.3434944649229489e-01 -2.4073465379065628e-02 1.0005102286320922e+00 -7.4505364690041391e-03 5.3110549139642450e-02 1.1000000000000001e+00
3.6799999999999999e-01 -6.5538208759604766e-01 -2.2307246483268526e-03 -4.7993845904513568e-02 2.3433734260729397e-01 -2.4342545661279701e-02 1.0005065172274621e+00 -7.3951519120274492e-03 5.3110549139642450e-02 1.1000000000000001e+00
3.6849999999999999e-01 -6.5531116607415896e-01 -2.2547585183040264e-03 -4.8141208501112448e-02 2.3432510347656790e-01 -2.4614446326184092e-02 1.0005028334105797e+00 -7.3401849581875437e-03 5.3110549139642450e-02 1.1000000000000001e+00
3.6899999999999999e-01 -6.5523948337629767e-01 -2.2788654297454867e-03 -4.8286008613321996e-02 2.3431272769288533e-01 -2.4889155487107635e-02 1.0004991769734253e+00 -7.2856324785713902e-03 5.3110549139642450e-02 1.1000000000000001e+00
3.6950000000000000e-01 -6.5516703721299741e-01 -2.3030440966956222e-03 -4.8428227382663142e-02 2.3430021385500566e-01 -2.5166661085606775e-02 1.0004955477095394e+00 -7.2314913673189709e-03 5.3110549139642450e-02 1.1000000000000001e+00
3.7000000000000000e-01 -6.5509382533563898e-01 -2.3272932237551622e-03 -4.8567845922389941e-02 2.3428756056776529e-01 -2.5446950891089254e-02 1.0004919454140109e+00 -7.1777585414536582e-03 5.3110549139642450e-02 1.1000000000000001e+00
3.7050000000000000e-01 -6.5501984553663029e-01 -2.3516115060942325e-03 -4.8704845318488905e-02 2.3427476644214612e-01 -2.5730012500931557e-02 1.0004883698834608e+00 -7.1244309406502844e-03 5.3110549139642450e-02 1.1000000000000001e+00
3.7100000000000000e-01 -6.5494509564990000e-01 -2.3759976293946531e-03 -4.8839206630494583e-02 2.3426183009539095e-01 -2.6015833339297027e-02 1.0004848209160389e+00 -7.0715055271743888e-03 5.3110549139642450e-02 1.1000000000000001e+00
3.7150000000000000e-01 -6.5486957355100173e-01 -2.4004502698812837e-03 -4.8970910892567068e-02 2.3424875015106048e-01 -2.6304400657571444e-02 1.0004812983114051e+00 -7.0189792856118326e-03 5.3110549139642450e-02 1.1000000000000001e+00
3.7200000000000000e-01 -6.5479327715753322e-01 -2.4249680942825817e-03 -4.9099939114388501e-02 2.3423552523913807e-01 -2.6595701533498134e-02 1.0004778018707232e+00 -6.9668492227690400e-03 5.3110549139642450e-02 1.1000000000000001e+00
3.7250000000000000e-01 -6.5471620442943723e-01 -2.4495497598185732e-03 -4.9226272282152948e-02 2.3422215399611684e-01 -2.6889722870804815e-02 1.0004743313966482e+00 -6.9151123675097216e-03 5.3110549139642450e-02 1.1000000000000001e+00
3.7300000000000000e-01 -6.5463835336918019e-01 -2.4741939142164824e-03 -4.9349891359629805e-02 2.3420863506506770e-01 -2.7186451399329955e-02 1.0004708866933130e+00 -6.8637657705315543e-03 5.3110549139642450e-02 1.1000000000000001e+00
3.7350000000000000e-01 -6.5455972202225421e-01 -2.4988991956551975e-03 -4.9470777289078650e-02 2.3419496709575777e-01 -2.7485873673836318e-02 1.0004674675663225e+00 -6.8128065043078284e-03 5.3110549139642450e-02 1.1000000000000001e+00
3.7400000000000000e-01 -6.5448030847727656e-01 -2.5236642327993745e-03 -4.9588910992379991e-02 2.3418114874470652e-01 -2.7787976074459899e-02 1.0004640738227382e+00 -6.7622316628270576e-03 5.3110549139642450e-02 1.1000000000000001e+00
3.7450000000000000e-01 -6.5440011086641436e-01 -2.5484876447623515e-03 -4.9704273372020713e-02 2.3416717867529241e-01 -2.8092744805844966e-02 1.0004607052710692e+00 -6.7120383614970146e-03 5.3110549139642450e-02 1.1000000000000001e+00
3.7500000000000000e-01 -6.5431912736568731e-01 -2.5733680410966846e-03 -4.9816845312159082e-02 2.3415305555784091e-01 -2.8400165896776648e-02 1.0004573617212642e+00 -6.6622237369875570e-03 5.3110549139642450e-02 1.1000000000000001e+00
3.7550000000000000e-01 -6.5423735619514467e-01 -2.5983040218125158e-03 -4.9926607679746708e-02 2.3413877806969247e-01 -2.8710225200318761e-02 1.0004540429846935e+00 -6.6127849470155684e-03 5.3110549139642450e-02 1.1000000000000001e+00
3.7600000000000000e-01 -6.5415479561937406e-01 -2.6232941773244424e-03 -5.0033541325541261e-02 2.3412434489532363e-01 -2.9022908392625616e-02 1.0004507488741483e+00 -6.5637191702889027e-03 5.3110549139642450e-02 1.1000000000000001e+00
3.7650000000000000e-01 -6.5407144394759698e-01 -2.6483370884885127e-03 -5.0137627085284464e-02 2.3410975472640222e-01 -2.9338200973406853e-02 1.0004474792038216e+00 -6.5150236062555718e-03 5.3110549139642450e-02 1.1000000000000001e+00
3.7700000000000000e-01 -6.5398729953409762e-01 -2.6734313265677108e-03 -5.0238845780774519e-02 2.3409500626189592e-01 -2.9656088265065172e-02 1.0004442337893029e+00 -6.4666954750114344e-03 5.3110549139642450e-02 1.1000000000000001e+00
3.7750000000000000e-01 -6.5390236077852915e-01 -2.6985754532252463e-03 -5.0337178221002123e-02 2.3408009820816145e-01 -2.9976555412337375e-02 1.0004410124475680e+00 -6.4187320171488716e-03 5.3110549139642450e-02 1.1000000000000001e+00
3.7800000000000000e-01 -6.5381662612608438e-01 -2.7237680205457917e-03 -5.0432605203326625e-02 2.3406502927901202e-01 -3.0299587382446317e-02 1.0004378149969635e+00 -6.3711304935496422e-03 5.3110549139642450e-02 1.1000000000000001e+00
3.7850000000000000e-01 -6.5373009406801563e-01 -2.7490075709850114e-03 -5.0525107514584743e-02 2.3404979819584151e-01 -3.0625168963913880e-02 1.0004346412572052e+00 -6.3238881853310402e-03 5.3110549139642450e-02 1.1000000000000001e+00
3.7900000000000000e-01 -6.5364276314172254e-01 -2.7742926374095468e-03 -5.0614665932310648e-02 2.3403440368767836e-01 -3.0953284767044256e-02 1.0004314910493592e+00 -6.2770023936042727e-03 5.3110549139642450e-02 1.1000000000000001e+00
3.7950000000000000e-01 -6.5355463193118724e-01 -2.7996217430652955e-03 -5.0701261225892788e-02 2.3401884449129637e-01 -3.1283919223067239e-02 1.0004283641958385e+00 -6.2304704393856443e-03 5.3110549139642450e-02 1.1000000000000001e+00
3.8000000000000000e-01 -6.5346569906728003e-01 -2.8249934015736229e-03 -5.0784874157777771e-02 2.3400311935130480e-01 -3.1617056583790604e-02 1.0004252605203905e+00 -6.1842896634508411e-03 5.3110549139642450e-02 1.1000000000000001e+00
3.8050000000000000e-01 -6.5337596322792779e-01 -2.8504061169556056e-03 -5.0865485484696132e-02 2.3398722702021527e-01 -3.1952680921768700e-02 1.0004221798480855e+00 -6.1384574261354047e-03 5.3110549139642450e-02 1.1000000000000001e+00
3.8100000000000001e-01 -6.5328542313864102e-01 -2.8758583835844453e-03 -5.0943075958865165e-02 2.3397116625856912e-01 -3.2290776129119715e-02 1.0004191220053111e+00 -6.0929711072829741e-03 5.3110549139642450e-02 1.1000000000000001e+00
3.8150000000000001e-01 -6.5319407757259496e-01 -2.9013486862285594e-03 -5.1017626329246703e-02 2.3395493583498986e-01 -3.2631325918029953e-02 1.0004160868197587e+00 -6.0478281060125172e-03 5.3110549139642450e-02 1.1000000000000001e+00
3.8200000000000001e-01 -6.5310192535106992e-01 -2.9268755000228480e-03 -5.1089117342785602e-02 2.3393853452629623e-01 -3.2974313819905718e-02 1.0004130741204156e+00 -6.0030258406328467e-03 5.3110549139642450e-02 1.1000000000000001e+00
3.8250000000000001e-01 -6.5300896534375685e-01 -2.9524372904680012e-03 -5.1157529745678304e-02 2.3392196111759309e-01 -3.3319723185039750e-02 1.0004100837375562e+00 -5.9585617485022942e-03 5.3110549139642450e-02 1.1000000000000001e+00
3.8300000000000001e-01 -6.5291519646892238e-01 -2.9780325134578611e-03 -5.1222844284644221e-02 2.3390521440233797e-01 -3.3667537182799245e-02 1.0004071155027288e+00 -5.9144332858364962e-03 5.3110549139642450e-02 1.1000000000000001e+00
3.8350000000000001e-01 -6.5282061769394217e-01 -3.0036596152349625e-03 -5.1285041708220944e-02 2.3388829318247123e-01 -3.4017738800450538e-02 1.0004041692487529e+00 -5.8706379276586319e-03 5.3110549139642450e-02 1.1000000000000001e+00
3.8400000000000001e-01 -6.5272522803537603e-01 -3.0293170324368077e-03 -5.1344102768054789e-02 2.3387119626846731e-01 -3.4370310843686892e-02 1.0004012448097019e+00 -5.8271731675751540e-03 5.3110549139642450e-02 1.1000000000000001e+00
3.8450000000000001e-01 -6.5262902655941180e-01 -3.0550031920703298e-03 -5.1400008220219208e-02 2.3385392247944992e-01 -3.4725235935792034e-02 1.0003983420208999e+00 -5.7840365176935020e-03 5.3110549139642450e-02 1.1000000000000001e+00
3.8500000000000001e-01 -6.5253201238217085e-01 -3.0807165115144491e-03 -5.1452738826544601e-02 2.3383647064328367e-01 -3.5082496517323605e-02 1.0003954607189112e+00 -5.7412255084869513e-03 5.3110549139642450e-02 1.1000000000000001e+00
3.8550000000000001e-01 -6.5243418466986869e-01 -3.1064553985506674e-03 -5.1502275355931423e-02 2.3381883959664021e-01 -3.5442074846323231e-02 1.0003926007415269e+00 -5.6987376886094123e-03 5.3110549139642450e-02 1.1000000000000001e+00
3.8600000000000001e-01 -6.5233554263935523e-01 -3.1322182513219598e-03 -5.1548598585736238e-02 2.3380102818513121e-01 -3.5803952997151840e-02 1.0003897619277633e+00 -5.6565706248475865e-03 5.3110549139642450e-02 1.1000000000000001e+00
3.8650000000000001e-01 -6.5223608555818213e-01 -3.1580034583823099e-03 -5.1591689303090646e-02 2.3378303526335834e-01 -3.6168112861043565e-02 1.0003869441178455e+00 -5.6147219019048577e-03 5.3110549139642450e-02 1.1000000000000001e+00
3.8700000000000001e-01 -6.5213581274505017e-01 -3.1838093986745713e-03 -5.1631528306297345e-02 2.3376485969503050e-01 -3.6534536145284048e-02 1.0003841471532038e+00 -5.5731891223220762e-03 5.3110549139642450e-02 1.1000000000000001e+00
3.8750000000000001e-01 -6.5203472357011505e-01 -3.2096344415364205e-03 -5.1668096406218285e-02 2.3374650035305630e-01 -3.6903204372913778e-02 1.0003813708764628e+00 -5.5319699063473629e-03 5.3110549139642450e-02 1.1000000000000001e+00
3.8800000000000001e-01 -6.5193281745514176e-01 -3.2354769467342792e-03 -5.1701374427625735e-02 2.3372795611960939e-01 -3.7274098882962903e-02 1.0003786151314309e+00 -5.4910618917576618e-03 5.3110549139642450e-02 1.1000000000000001e+00
3.8850000000000001e-01 -6.5183009387405189e-01 -3.2613352644257857e-03 -5.1731343210677690e-02 2.3370922588626472e-01 -3.7647200829300599e-02 1.0003758797630951e+00 -5.4504627338127203e-03 5.3110549139642450e-02 1.1000000000000001e+00
3.8900000000000001e-01 -6.5172655235298194e-01 -3.2872077352126597e-03 -5.1757983612260909e-02 2.3369030855404668e-01 -3.8022491181217428e-02 1.0003731646176088e+00 -5.4101701050468260e-03 5.3110549139642450e-02 1.1000000000000001e+00
3.8950000000000001e-01 -6.5162219247073538e-01 -3.3130926901221462e-03 -5.1781276507462386e-02 2.3367120303354888e-01 -3.8399950722621715e-02 1.0003704695422866e+00 -5.3701816951925302e-03 5.3110549139642450e-02 1.1000000000000001e+00
3.9000000000000001e-01 -6.5151701385908567e-01 -3.3389884506165087e-03 -5.1801202791013169e-02 2.3365190824502668e-01 -3.8779560051765784e-02 1.0003677943855931e+00 -5.3304952110552160e-03 5.3110549139642450e-02 1.1000000000000001e+00
3.9050000000000001e-01 -6.5141101620292585e-01 -3.3648933286303758e-03 -5.1817743378673960e-02 2.3363242311846255e-01 -3.9161299581507922e-02 1.0003651389971340e+00 -5.2911083763411441e-03 5.3110549139642450e-02 1.1000000000000001e+00
3.9100000000000001e-01 -6.5130419924082139e-01 -3.3908056265370095e-03 -5.1830879208798017e-02 2.3361274659370465e-01 -3.9545149538179419e-02 1.0003625032276517e+00 -5.2520189316131605e-03 5.3110549139642450e-02 1.1000000000000001e+00
3.9150000000000001e-01 -6.5119656276506011e-01 -3.4167236372045521e-03 -5.1840591243694480e-02 2.3359287762051412e-01 -3.9931089962197838e-02 1.0003598869290116e+00 -5.2132246340899895e-03 5.3110549139642450e-02 1.1000000000000001e+00
3.9200000000000002e-01 -6.5108810662210614e-01 -3.4426456439812432e-03 -5.1846860471173165e-02 2.3357281515868583e-01 -4.0319100707284616e-02 1.0003572899541973e+00 -5.1747232575727739e-03 5.3110549139642450e-02 1.1000000000000001e+00
3.9250000000000002e-01 -6.5097883071290152e-01 -3.4685699207085874e-03 -5.1849667906041522e-02 2.3355255817814280e-01 -4.0709161440217127e-02 1.0003547121573024e+00 -5.1365125923242185e-03 5.3110549139642450e-02 1.1000000000000001e+00
3.9300000000000002e-01 -6.5086873499301046e-01 -3.4944947317622067e-03 -5.1848994591520835e-02 2.3353210565899984e-01 -4.1101251641120579e-02 1.0003521533935187e+00 -5.0985904449028637e-03 5.3110549139642450e-02 1.1000000000000001e+00
3.9350000000000002e-01 -6.5075781947317546e-01 -3.5204183320221207e-03 -5.1844821600895652e-02 2.3351145659170552e-01 -4.1495350602356117e-02 1.0003496135191341e+00 -5.0609546381204639e-03 5.3110549139642450e-02 1.1000000000000001e+00
3.9400000000000002e-01 -6.5064608421935977e-01 -3.5463389669324256e-03 -5.1837130038892912e-02 2.3349060997708759e-01 -4.1891437429167330e-02 1.0003470923915179e+00 -5.0236030108485388e-03 5.3110549139642450e-02 1.1000000000000001e+00
3.9450000000000002e-01 -6.5053352935320208e-01 -3.5722548724904631e-03 -5.1825901043298900e-02 2.3346956482647596e-01 -4.2289491038922461e-02 1.0003445898691170e+00 -4.9865334179476101e-03 5.3110549139642450e-02 1.1000000000000001e+00
3.9500000000000002e-01 -6.5042015505231687e-01 -3.5981642752637927e-03 -5.1811115786505962e-02 2.3344832016179731e-01 -4.2689490160895308e-02 1.0003421058114492e+00 -4.9497437301507406e-03 5.3110549139642450e-02 1.1000000000000001e+00
3.9550000000000002e-01 -6.5030596155043086e-01 -3.6240653924346170e-03 -5.1792755476956338e-02 2.3342687501563833e-01 -4.3091413336589494e-02 1.0003396400790885e+00 -4.9132318339038025e-03 5.3110549139642450e-02 1.1000000000000001e+00
3.9600000000000002e-01 -6.5019094913794429e-01 -3.6499564317742997e-03 -5.1770801360876667e-02 2.3340522843139017e-01 -4.3495238918651279e-02 1.0003371925336664e+00 -4.8769956313244531e-03 5.3110549139642450e-02 1.1000000000000001e+00
3.9650000000000002e-01 -6.5007511816196317e-01 -3.6758355917064999e-03 -5.1745234723669209e-02 2.3338337946329232e-01 -4.3900945071551629e-02 1.0003347630378558e+00 -4.8410330400156538e-03 5.3110549139642450e-02 1.1000000000000001e+00
3.9700000000000002e-01 -6.4995846902675591e-01 -3.7017010613004742e-03 -5.1716036891598698e-02 2.3336132717655755e-01 -4.4308509770856389e-02 1.0003323514553688e+00 -4.8053419929975040e-03 5.3110549139642450e-02 1.1000000000000001e+00
3.9750000000000002e-01 -6.4984100219404994e-01 -3.7275510202919812e-03 -5.1683189233386662e-02 2.3333907064746676e-01 -4.4717910803038913e-02 1.0003299576509475e+00 -4.7699204385950036e-03 5.3110549139642450e-02 1.1000000000000001e+00
3.9800000000000002e-01 -6.4972271818316152e-01 -3.7533836391313385e-03 -5.1646673161679500e-02 2.3331660896343162e-01 -4.5129125765839238e-02 1.0003275814903543e+00 -4.7347663402840896e-03 5.3110549139642450e-02 1.1000000000000001e+00
3.9850000000000002e-01 -6.4960361757156027e-01 -3.7791970789623859e-03 -5.1606470134866314e-02 2.3329394122314157e-01 -4.5542132067205317e-02 1.0003252228403678e+00 -4.6998776766521179e-03 5.3110549139642450e-02 1.1000000000000001e+00
3.9900000000000002e-01 -6.4948370099489161e-01 -3.8049894916891121e-03 -5.1562561658479049e-02 2.3327106653660604e-01 -4.5956906926012848e-02 1.0003228815687732e+00 -4.6652524412181115e-03 5.3110549139642450e-02 1.1000000000000001e+00
3.9950000000000002e-01 -6.4936296914743330e-01 -3.8307590199732535e-03 -5.1514929286947245e-02 2.3324798402528099e-01 -4.6373427371366717e-02 1.0003205575443537e+00 -4.6308886423670793e-03 5.3110549139642450e-02 1.1000000000000001e+00
4.0000000000000002e-01 -6.4924142278238950e-01 -3.8565037972592437e-03 -5.1463554625237273e-02 2.3322469282216454e-01 -4.6791670242448416e-02 1.0003182506368877e+00 -4.5967843032418253e-03 5.3110549139642450e-02 1.1000000000000001e+00
4.0050000000000002e-01 -6.4911906271201147e-01 -3.8822219478259709e-03 -5.1408419330341709e-02 2.3320119207185819e-01 -4.7211612188912497e-02 1.0003159607171346e+00 -4.5629374615945373e-03 5.3110549139642450e-02 1.1000000000000001e+00
4.0100000000000002e-01 -6.4899588980816691e-01 -3.9079115867703849e-03 -5.1349505113179227e-02 2.3317748093071691e-01 -4.7633229669860035e-02 1.0003136876568344e+00 -4.5293461697487238e-03 5.3110549139642450e-02 1.1000000000000001e+00
4.0150000000000002e-01 -6.4887190500234893e-01 -3.9335708200776290e-03 -5.1286793739999580e-02 2.3315355856688902e-01 -4.8056498954598174e-02 1.0003114313286954e+00 -4.4960084944259213e-03 5.3110549139642450e-02 1.1000000000000001e+00
4.0200000000000002e-01 -6.4874710928613510e-01 -3.9591977446231177e-03 -5.1220267034204812e-02 2.3312942416044499e-01 -4.8481396121976453e-02 1.0003091916063904e+00 -4.4629225166823985e-03 5.3110549139642450e-02 1.1000000000000001e+00
4.0250000000000002e-01 -6.4862150371147598e-01 -3.9847904482016271e-03 -5.1149906878030921e-02 2.3310507690347279e-01 -4.8907897060271786e-02 1.0003069683645471e+00 -4.4300863318048628e-03 5.3110549139642450e-02 1.1000000000000001e+00
4.0300000000000002e-01 -6.4849508939080791e-01 -4.0103470095828085e-03 -5.1075695214055306e-02 2.3308051600013871e-01 -4.9335977467624706e-02 1.0003047614787415e+00 -4.3974980491673860e-03 5.3110549139642450e-02 1.1000000000000001e+00
4.0350000000000003e-01 -6.4836786749762343e-01 -4.0358654984996370e-03 -5.0997614047177418e-02 2.3305574066683940e-01 -4.9765612851048663e-02 1.0003025708254933e+00 -4.3651557921947351e-03 5.3110549139642450e-02 1.1000000000000001e+00
4.0400000000000003e-01 -6.4823983926647033e-01 -4.0613439757220702e-03 -5.0915645446025108e-02 2.3303075013224028e-01 -5.0196778527231575e-02 1.0003003962822559e+00 -4.3330576981952910e-03 5.3110549139642450e-02 1.1000000000000001e+00
4.0450000000000003e-01 -6.4811100599340965e-01 -4.0867804930637460e-03 -5.0829771544840405e-02 2.3300554363740547e-01 -5.0629449621910204e-02 1.0002982377274097e+00 -4.3012019183000447e-03 5.3110549139642450e-02 1.1000000000000001e+00
4.0500000000000003e-01 -6.4798136903629855e-01 -4.1121730934153373e-03 -5.0739974545201329e-02 2.3298012043589381e-01 -5.1063601069795801e-02 1.0002960950402580e+00 -4.2695866173620553e-03 5.3110549139642450e-02 1.1000000000000001e+00
4.0550000000000003e-01 -6.4785092981489423e-01 -4.1375198108038521e-03 -5.0646236717544375e-02 2.3295447979381828e-01 -5.1499207615052313e-02 1.0002939681010159e+00 -4.2382099738185073e-03 5.3110549139642450e-02 1.1000000000000001e+00
4.0600000000000003e-01 -6.4771968981142669e-01 -4.1628186703861342e-03 -5.0548540403224089e-02 2.3292862099000061e-01 -5.1936243810345492e-02 1.0002918567908090e+00 -4.2070701796553698e-03 5.3110549139642450e-02 1.1000000000000001e+00
4.0650000000000003e-01 -6.4758765057058487e-01 -4.1880676885260272e-03 -5.0446868015918134e-02 2.3290254331600743e-01 -5.2374684017688196e-02 1.0002897609916610e+00 -4.1761654402463055e-03 5.3110549139642450e-02 1.1000000000000001e+00
4.0700000000000003e-01 -6.4745481369997349e-01 -4.2132648728058809e-03 -5.0341202043575221e-02 2.3287624607628205e-01 -5.2814502407856435e-02 1.0002876805864898e+00 -4.1454939742938566e-03 5.3110549139642450e-02 1.1000000000000001e+00
4.0750000000000003e-01 -6.4732118087039014e-01 -4.2384082220642437e-03 -5.0231525050174863e-02 2.3284972858824024e-01 -5.3255672960358436e-02 1.0002856154591027e+00 -4.1150540137325194e-03 5.3110549139642450e-02 1.1000000000000001e+00
4.0800000000000003e-01 -6.4718675381592050e-01 -4.2634957264589936e-03 -5.0117819677261935e-02 2.3282299018232872e-01 -5.3698169463957127e-02 1.0002835654941846e+00 -4.0848438035957294e-03 5.3110549139642450e-02 1.1000000000000001e+00
4.0850000000000003e-01 -6.4705153433451024e-01 -4.2885253674660780e-03 -5.0000068646083896e-02 2.3279603020218170e-01 -5.4141965515762898e-02 1.0002815305772974e+00 -4.0548616019818020e-03 5.3110549139642450e-02 1.1000000000000001e+00
4.0900000000000003e-01 -6.4691552428793986e-01 -4.3134951179601951e-03 -4.9878254758990860e-02 2.3276884800465542e-01 -5.4587034522124447e-02 1.0002795105948694e+00 -4.0251056798986029e-03 5.3110549139642450e-02 1.1000000000000001e+00
4.0950000000000003e-01 -6.4677872560227823e-01 -4.3384029422312348e-03 -4.9752360901444338e-02 2.3274144295996077e-01 -5.5033349698090039e-02 1.0002775054341904e+00 -3.9955743212068450e-03 5.3110549139642450e-02 1.1000000000000001e+00
4.1000000000000003e-01 -6.4664114026815478e-01 -4.3632467960264256e-03 -4.9622370043812251e-02 2.3271381445175957e-01 -5.5480884067422721e-02 1.0002755149834051e+00 -3.9662658225266250e-03 5.3110549139642450e-02 1.1000000000000001e+00
4.1050000000000003e-01 -6.4650277034084325e-01 -4.3880246266173040e-03 -4.9488265242912631e-02 2.3268596187722113e-01 -5.5929610463169334e-02 1.0002735391315063e+00 -3.9371784931091702e-03 5.3110549139642450e-02 1.1000000000000001e+00
4.1100000000000003e-01 -6.4636361794083341e-01 -4.4127343728039047e-03 -4.9350029644227106e-02 2.3265788464718179e-01 -5.6379501526800747e-02 1.0002715777683302e+00 -3.9083106548039957e-03 5.3110549139642450e-02 1.1000000000000001e+00
4.1150000000000003e-01 -6.4622368525379392e-01 -4.4373739649989198e-03 -4.9207646483292712e-02 2.3262958218617624e-01 -5.6830529709150056e-02 1.0002696307845476e+00 -3.8796606419091270e-03 5.3110549139642450e-02 1.1000000000000001e+00
4.1200000000000003e-01 -6.4608297453102181e-01 -4.4619413252492430e-03 -4.9061099087769518e-02 2.3260105393257230e-01 -5.7282667269922406e-02 1.0002676980716596e+00 -3.8512268011164160e-03 5.3110549139642450e-02 1.1000000000000001e+00
4.1250000000000003e-01 -6.4594148808970819e-01 -4.4864343672826462e-03 -4.8910370879268597e-02 2.3257229933866638e-01 -5.7735886277759274e-02 1.0002657795219914e+00 -3.8230074914214194e-03 5.3110549139642450e-02 1.1000000000000001e+00
4.1300000000000003e-01 -6.4579922831301051e-01 -4.5108509965786150e-03 -4.8755445374902166e-02 2.3254331787073915e-01 -5.8190158610855997e-02 1.0002638750286843e+00 -3.7950010839997248e-03 5.3110549139642450e-02 1.1000000000000001e+00
4.1350000000000003e-01 -6.4565619765062388e-01 -4.5351891103781626e-03 -4.8596306189571309e-02 2.3251410900921679e-01 -5.8645455956153419e-02 1.0002619844856933e+00 -3.7672059621752744e-03 5.3110549139642450e-02 1.1000000000000001e+00
4.1400000000000003e-01 -6.4551239861873022e-01 -4.5594465977714617e-03 -4.8432937037347072e-02 2.3248467224870004e-01 -5.9101749810325101e-02 1.0002601077877755e+00 -3.7396205212759264e-03 5.3110549139642450e-02 1.1000000000000001e+00
4.1450000000000004e-01 -6.4536783380044360e-01 -4.5836213397246273e-03 -4.8265321733594393e-02 2.3245500709809994e-01 -5.9559011479339105e-02 1.0002582448304904e+00 -3.7122431685807284e-03 5.3110549139642450e-02 1.1000000000000001e+00
4.1500000000000004e-01 -6.4522250584606788e-01 -4.6077112091309977e-03 -4.8093444196830863e-02 2.3242511308073360e-01 -6.0017212078574092e-02 1.0002563955101893e+00 -3.6850723232329983e-03 5.3110549139642450e-02 1.1000000000000001e+00
4.1550000000000004e-01 -6.4507641747315891e-01 -4.6317140708858531e-03 -4.7917288450280648e-02 2.3239498973437761e-01 -6.0476322533487441e-02 1.0002545597240109e+00 -3.6581064161210577e-03 5.3110549139642450e-02 1.1000000000000001e+00
4.1600000000000004e-01 -6.4492957146709240e-01 -4.6556277819020430e-03 -4.7736838624234959e-02 2.3236463661143159e-01 -6.0936313578862165e-02 1.0002527373698762e+00 -3.6313438898476799e-03 5.3110549139642450e-02 1.1000000000000001e+00
4.1649999999999998e-01 -6.4478197068099896e-01 -4.6794501912010471e-03 -4.7552078957418524e-02 2.3233405327894477e-01 -6.1397155759844613e-02 1.0002509283464820e+00 -3.6047831985908003e-03 5.3110549139642450e-02 1.1000000000000001e+00
4.1699999999999998e-01 -6.4463361803620622e-01 -4.7031791399451501e-03 -4.7362993799168786e-02 2.3230323931875249e-01 -6.1858819431561823e-02 1.0002491325532943e+00 -3.5784228080526490e-03 5.3110549139642450e-02 1.1000000000000001e+00
4.1749999999999998e-01 -6.4448451652248628e-01 -4.7268124614933855e-03 -4.7169567611322800e-02 2.3227219432757187e-01 -6.2321274759291924e-02 1.0002473498905444e+00 -3.5522611953759343e-03 5.3110549139642450e-02 1.1000000000000001e+00
4.1799999999999998e-01 -6.4433466919810656e-01 -4.7503479814801587e-03 -4.6971784969771918e-02 2.3224091791705337e-01 -6.2784491719184848e-02 1.0002455802592214e+00 -3.5262968490288185e-03 5.3110549139642450e-02 1.1000000000000001e+00
4.1849999999999998e-01 -6.4418407919039500e-01 -4.7737835178368508e-03 -4.6769630566893233e-02 2.3220940971394607e-01 -6.3248440097568484e-02 1.0002438235610678e+00 -3.5005282687754335e-03 5.3110549139642450e-02 1.1000000000000001e+00
4.1899999999999998e-01 -6.4403274969566049e-01 -4.7971168808862933e-03 -4.6563089212899020e-02 2.3217766936012177e-01 -6.3713089492038313e-02 1.0002420796985731e+00 -3.4749539655415536e-03 5.3110549139642450e-02 1.1000000000000001e+00
4.1949999999999998e-01 -6.4388068397962761e-01 -4.8203458733804263e-03 -4.6352145838068647e-02 2.3214569651271241e-01 -6.4178409311133416e-02 1.0002403485749689e+00 -3.4495724613655327e-03 5.3110549139642450e-02 1.1000000000000001e+00
4.1999999999999998e-01 -6.4372788537767811e-01 -4.8434682905610302e-03 -4.6136785494661103e-02 2.3211349084420471e-01 -6.4644368774564351e-02 1.0002386300942232e+00 -3.4243822893174512e-03 5.3110549139642450e-02 1.1000000000000001e+00
4.2049999999999998e-01 -6.4357435729488621e-01 -4.8664819202422034e-03 -4.5916993358467995e-02 2.3208105204249066e-01 -6.5110936913987949e-02 1.0002369241610336e+00 -3.3993819933881837e-03 5.3110549139642450e-02 1.1000000000000001e+00
4.2099999999999999e-01 -6.4342010320658161e-01 -4.8893845428381495e-03 -4.5692754731314282e-02 2.3204837981103399e-01 -6.5578082572376684e-02 1.0002352306808249e+00 -3.3745701284609488e-03 5.3110549139642450e-02 1.1000000000000001e+00
4.2149999999999999e-01 -6.4326512665825297e-01 -4.9121739314609888e-03 -4.5464055042387090e-02 2.3201547386889135e-01 -6.6045774405161531e-02 1.0002335495597392e+00 -3.3499452601817590e-03 5.3110549139642450e-02 1.1000000000000001e+00
4.2199999999999999e-01 -6.4310943126597897e-01 -4.9348478519640748e-03 -4.5230879850518706e-02 2.3198233395085083e-01 -6.6513980879970194e-02 1.0002318807046355e+00 -3.3255059649120798e-03 5.3110549139642450e-02 1.1000000000000001e+00
4.2249999999999999e-01 -6.4295302071665672e-01 -4.9574040630075171e-03 -4.4993214846122516e-02 2.3194895980752589e-01 -6.6982670276914721e-02 1.0002302240230811e+00 -3.3012508296508501e-03 5.3110549139642450e-02 1.1000000000000001e+00
4.2299999999999999e-01 -6.4279589876802612e-01 -4.9798403161445551e-03 -4.4751045852741145e-02 2.3191535120540355e-01 -6.7451810689422298e-02 1.0002285794233463e+00 -3.2771784519274815e-03 5.3110549139642450e-02 1.1000000000000001e+00
4.2349999999999999e-01 -6.4263806924922628e-01 -5.0021543558556713e-03 -4.4504358829614683e-02 2.3188150792701251e-01 -6.7921370023671948e-02 1.0002269468144016e+00 -3.2532874397744023e-03 5.3110549139642450e-02 1.1000000000000001e+00
4.2399999999999999e-01 -6.4247953606068475e-01 -5.0243439196496990e-03 -4.4253139872986083e-02 2.3184742977094178e-01 -6.8391315999791383e-02 1.0002253261059098e+00 -3.2295764116021045e-03 5.3110549139642450e-02 1.1000000000000001e+00
4.2449999999999999e-01 -6.4232030317453992e-01 -5.0464067381129057e-03 -4.3997375218432985e-02 2.3181311655197906e-01 -6.8861616151661073e-02 1.0002237172082209e+00 -3.2060439961534735e-03 5.3110549139642450e-02 1.1000000000000001e+00
4.2499999999999999e-01 -6.4216037463485998e-01 -5.0683405349793874e-03 -4.3737051242824454e-02 2.3177856810120445e-01 -6.9332237827264206e-02 1.0002221200323715e+00 -3.1826888324285579e-03 5.3110549139642450e-02 1.1000000000000001e+00
4.2549999999999999e-01 -6.4199975455765190e-01 -5.0901430272213008e-03 -4.3472154465861799e-02 2.3174378426603623e-01 -6.9803148189574921e-02 1.0002205344900721e+00 -3.1595095695813717e-03 5.3110549139642450e-02 1.1000000000000001e+00
4.2599999999999999e-01 -6.4183844713141325e-01 -5.1118119250894772e-03 -4.3202671552712152e-02 2.3170876491040043e-01 -7.0274314216066225e-02 1.0002189604937086e+00 -3.1365048668933831e-03 5.3110549139642450e-02 1.1000000000000001e+00
4.2649999999999999e-01 -6.4167645661700456e-01 -5.1333449322177637e-03 -4.2928589315287494e-02 2.3167350991474625e-01 -7.0745702699962165e-02 1.0002173979563336e+00 -3.1136733936529995e-03 5.3110549139642450e-02 1.1000000000000001e+00
4.2699999999999999e-01 -6.4151378734806341e-01 -5.1547397456779944e-03 -4.2649894714623070e-02 2.3163801917618496e-01 -7.1217280250110843e-02 1.0002158467916633e+00 -3.0910138291114957e-03 5.3110549139642450e-02 1.1000000000000001e+00
4.2749999999999999e-01 -6.4135044373121197e-01 -5.1759940560553060e-03 -4.2366574862852641e-02 2.3160229260858264e-01 -7.1689013291399123e-02 1.0002143069140716e+00 -3.0685248624104443e-03 5.3110549139642450e-02 1.1000000000000001e+00
4.2799999999999999e-01 -6.4118643024605171e-01 -5.1971055475421944e-03 -4.2078617024739001e-02 2.3156633014260361e-01 -7.2160868065700087e-02 1.0002127782385850e+00 -3.0462051924821675e-03 5.3110549139642450e-02 1.1000000000000001e+00
4.2849999999999999e-01 -6.4102175144570817e-01 -5.2180718979858102e-03 -4.1786008620370900e-02 2.3153013172588127e-01 -7.2632810631455894e-02 1.0002112606808784e+00 -3.0240535280241449e-03 5.3110549139642450e-02 1.1000000000000001e+00
4.2899999999999999e-01 -6.4085641195668575e-01 -5.2388907789954510e-03 -4.1488737226412817e-02 2.3149369732302999e-01 -7.3104806864986230e-02 1.0002097541572696e+00 -3.0020685873827719e-03 5.3110549139642450e-02 1.1000000000000001e+00
4.2949999999999999e-01 -6.4069041647927405e-01 -5.2595598560035359e-03 -4.1186790578527796e-02 2.3145702691578471e-01 -7.3576822460433566e-02 1.0002082585847156e+00 -2.9802490985108262e-03 5.3110549139642450e-02 1.1000000000000001e+00
4.2999999999999999e-01 -6.4052376978774206e-01 -5.2800767883458789e-03 -4.0880156573368291e-02 2.3142012050309227e-01 -7.4048822930245131e-02 1.0002067738808065e+00 -2.9585937988974597e-03 5.3110549139642450e-02 1.1000000000000001e+00
4.3049999999999999e-01 -6.4035647673031826e-01 -5.3004392293595631e-03 -4.0568823270094090e-02 2.3138297810115235e-01 -7.4520773606180757e-02 1.0002052999637605e+00 -2.9371014354721732e-03 5.3110549139642450e-02 1.1000000000000001e+00
4.3099999999999999e-01 -6.4018854222972643e-01 -5.3206448264370449e-03 -4.0252778893129962e-02 2.3134559974358943e-01 -7.4992639638974859e-02 1.0002038367524222e+00 -2.9157707645801022e-03 5.3110549139642450e-02 1.1000000000000001e+00
4.3149999999999999e-01 -6.4001997128302512e-01 -5.3406912211367381e-03 -3.9932011833383636e-02 2.3130798548146125e-01 -7.5464385999701705e-02 1.0002023841662533e+00 -2.8946005518698942e-03 5.3110549139642450e-02 1.1000000000000001e+00
4.3200000000000000e-01 -6.3985076896200144e-01 -5.3605760492500994e-03 -3.9606510650710386e-02 2.3127013538339850e-01 -7.5935977479796413e-02 1.0002009421253315e+00 -2.8735895722526634e-03 5.3110549139642450e-02 1.1000000000000001e+00
4.3250000000000000e-01 -6.3968094041335388e-01 -5.3802969408868872e-03 -3.9276264075917312e-02 2.3123204953569473e-01 -7.6407378691606243e-02 1.0001995105503450e+00 -2.8527366098344397e-03 5.3110549139642450e-02 1.1000000000000001e+00
4.3300000000000000e-01 -6.3951049085865630e-01 -5.3998515205768245e-03 -3.8941261012265277e-02 2.3119372804234484e-01 -7.6878554069460467e-02 1.0001980893625866e+00 -2.8320404578235482e-03 5.3110549139642450e-02 1.1000000000000001e+00
4.3350000000000000e-01 -6.3933942559488444e-01 -5.4192374073306600e-03 -3.8601490538285627e-02 2.3115517102521771e-01 -7.7349467869415017e-02 1.0001966784839516e+00 -2.8114999185067345e-03 5.3110549139642450e-02 1.1000000000000001e+00
4.3400000000000000e-01 -6.3916774999423720e-01 -5.4384522147537589e-03 -3.8256941908962991e-02 2.3111637862406118e-01 -7.7820084170675513e-02 1.0001952778369310e+00 -2.7911138031410168e-03 5.3110549139642450e-02 1.1000000000000001e+00
4.3450000000000000e-01 -6.3899546950452046e-01 -5.4574935511193983e-03 -3.7907604558239438e-02 2.3107735099664170e-01 -7.8290366875697057e-02 1.0001938873446079e+00 -2.7708809319140653e-03 5.3110549139642450e-02 1.1000000000000001e+00
4.3500000000000000e-01 -6.3882258964931515e-01 -5.4763590194590586e-03 -3.7553468101029275e-02 2.3103808831883246e-01 -7.8760279710807138e-02 1.0001925069306536e+00 -2.7508001338790319e-03 5.3110549139642450e-02 1.1000000000000001e+00
4.3550000000000000e-01 -6.3864911602792473e-01 -5.4950462176678004e-03 -3.7194522334702725e-02 2.3099859078464957e-01 -7.9229786227338644e-02 1.0001911365193221e+00 -2.7308702468652022e-03 5.3110549139642450e-02 1.1000000000000001e+00
4.3600000000000000e-01 -6.3847505431589258e-01 -5.5135527385724564e-03 -3.6830757241958764e-02 2.3095885860642490e-01 -7.9698849801461275e-02 1.0001897760354470e+00 -2.7110901174549297e-03 5.3110549139642450e-02 1.1000000000000001e+00
4.3650000000000000e-01 -6.3830041026480366e-01 -5.5318761700481256e-03 -3.6462162991970151e-02 2.3091889201480750e-01 -8.0167433635662519e-02 1.0001884254044360e+00 -2.6914586008793236e-03 5.3110549139642450e-02 1.1000000000000001e+00
4.3700000000000000e-01 -6.3812518970265741e-01 -5.5500140950977741e-03 -3.6088729942924475e-02 2.3087869125890292e-01 -8.0635500758929612e-02 1.0001870845522667e+00 -2.6719745609799991e-03 5.3110549139642450e-02 1.1000000000000001e+00
4.3750000000000000e-01 -6.3794939853402066e-01 -5.5679640919475727e-03 -3.5710448644046988e-02 2.3083825660635979e-01 -8.1103014027446296e-02 1.0001857534054837e+00 -2.6526368701461998e-03 5.3110549139642450e-02 1.1000000000000001e+00
4.3800000000000000e-01 -6.3777304273995816e-01 -5.5857237341559668e-03 -3.5327309837062865e-02 2.3079758834340283e-01 -8.1569936125789860e-02 1.0001844318911914e+00 -2.6334444092286058e-03 5.3110549139642450e-02 1.1000000000000001e+00
4.3850000000000000e-01 -6.3759612837853807e-01 -5.6032905906891074e-03 -3.4939304459123952e-02 2.3075668677500621e-01 -8.2036229566853192e-02 1.0001831199370546e+00 -2.6143960675170503e-03 5.3110549139642450e-02 1.1000000000000001e+00
4.3900000000000000e-01 -6.3741866158461669e-01 -5.6206622260401590e-03 -3.4546423643912950e-02 2.3071555222489123e-01 -8.2501856693384237e-02 1.0001818174712882e+00 -2.5954907426398990e-03 5.3110549139642450e-02 1.1000000000000001e+00
4.3950000000000000e-01 -6.3724064857019647e-01 -5.6378362003153045e-03 -3.4148658724218822e-02 2.3067418503566495e-01 -8.2966779678253152e-02 1.0001805244226580e+00 -2.5767273405271278e-03 5.3110549139642450e-02 1.1000000000000001e+00
4.4000000000000000e-01 -6.3706209562456351e-01 -5.6548100693341371e-03 -3.3746001233964908e-02 2.3063258556890481e-01 -8.3430960525224834e-02 1.0001792407204748e+00 -2.5581047753496511e-03 5.3110549139642450e-02 1.1000000000000001e+00
4.4050000000000000e-01 -6.3688300911420237e-01 -5.6715813847423614e-03 -3.3338442909646666e-02 2.3059075420518901e-01 -8.3894361070221246e-02 1.0001779662945895e+00 -2.5396219694361760e-03 5.3110549139642450e-02 1.1000000000000001e+00
4.4100000000000000e-01 -6.3670339548328703e-01 -5.6881476940946057e-03 -3.2925975693310260e-02 2.3054869134426953e-01 -8.4356942981337724e-02 1.0001767010753904e+00 -2.5212778532516700e-03 5.3110549139642450e-02 1.1000000000000001e+00
4.4150000000000000e-01 -6.3652326125344760e-01 -5.7045065409764362e-03 -3.2508591733612403e-02 2.3050639740506601e-01 -8.4818667760441224e-02 1.0001754449937983e+00 -2.5030713653003012e-03 5.3110549139642450e-02 1.1000000000000001e+00
4.4200000000000000e-01 -6.3634261302411366e-01 -5.7206554650968394e-03 -3.2086283388427658e-02 2.3046387282580350e-01 -8.5279496743525599e-02 1.0001741979812628e+00 -2.4850014520897967e-03 5.3110549139642450e-02 1.1000000000000001e+00
4.4250000000000000e-01 -6.3616145747263686e-01 -5.7365920023936855e-03 -3.1659043226878986e-02 2.3042111806409554e-01 -8.5739391101562146e-02 1.0001729599697582e+00 -2.4670670680728948e-03 5.3110549139642450e-02 1.1000000000000001e+00
4.4300000000000000e-01 -6.3597980135418475e-01 -5.7523136851499969e-03 -3.1226864030748328e-02 2.3037813359697060e-01 -8.6198311841827857e-02 1.0001717308917792e+00 -2.4492671755671405e-03 5.3110549139642450e-02 1.1000000000000001e+00
4.4350000000000001e-01 -6.3579765150222156e-01 -5.7678180420842632e-03 -3.0789738797503480e-02 2.3033491992104529e-01 -8.6656219808019783e-02 1.0001705106803389e+00 -2.4316007447340725e-03 5.3110549139642450e-02 1.1000000000000001e+00
4.4400000000000001e-01 -6.3561501482825267e-01 -5.7831025984750508e-03 -3.0347660741311799e-02 2.3029147755251436e-01 -8.7113075681912219e-02 1.0001692992689615e+00 -2.4140667534856036e-03 5.3110549139642450e-02 1.1000000000000001e+00
4.4450000000000001e-01 -6.3543189832215430e-01 -5.7981648762600339e-03 -2.9900623295676002e-02 2.3024780702728709e-01 -8.7568839983803076e-02 1.0001680965916813e+00 -2.3966641874496055e-03 5.3110549139642450e-02 1.1000000000000001e+00
4.4500000000000001e-01 -6.3524830905227825e-01 -5.8130023941465438e-03 -2.9448620115463928e-02 2.3020390890106826e-01 -8.8023473073444339e-02 1.0001669025830378e+00 -2.3793920399134182e-03 5.3110549139642450e-02 1.1000000000000001e+00
4.4550000000000001e-01 -6.3506425416532808e-01 -5.8276126677313193e-03 -2.8991645078289656e-02 2.3015978374938129e-01 -8.8476935151436981e-02 1.0001657171780711e+00 -2.3622493117464740e-03 5.3110549139642450e-02 1.1000000000000001e+00
4.4600000000000001e-01 -6.3487974088682375e-01 -5.8419932095984473e-03 -2.8529692287585767e-02 2.3011543216774102e-01 -8.8929186259447082e-02 1.0001645403123216e+00 -2.3452350113801843e-03 5.3110549139642450e-02 1.1000000000000001e+00
4.4650000000000001e-01 -6.3469477652082673e-01 -5.8561415294464490e-03 -2.8062756073567355e-02 2.3007085477163927e-01 -8.9380186281921917e-02 1.0001633719218197e+00 -2.3283481547176333e-03 5.3110549139642450e-02 1.1000000000000001e+00
4.4700000000000001e-01 -6.3450936845025407e-01 -5.8700551341939310e-03 -2.7590830995893833e-02 2.3002605219668040e-01 -8.9829894946630406e-02 1.0001622119430886e+00 -2.3115877651003493e-03 5.3110549139642450e-02 1.1000000000000001e+00
4.4750000000000001e-01 -6.3432352413696425e-01 -5.8837315280952053e-03 -2.7113911845695227e-02 2.2998102509865936e-01 -9.0278271825675188e-02 1.0001610603131383e+00 -2.2949528732537951e-03 5.3110549139642450e-02 1.1000000000000001e+00
4.4800000000000001e-01 -6.3413725112161479e-01 -5.8971682128634521e-03 -2.6631993646920381e-02 2.2993577415358174e-01 -9.0725276336954902e-02 1.0001599169694597e+00 -2.2784425172127226e-03 5.3110549139642450e-02 1.1000000000000001e+00
4.4850000000000001e-01 -6.3395055702411074e-01 -5.9103626877763955e-03 -2.6145071659451725e-02 2.2989030005783553e-01 -9.1170867744485684e-02 1.0001587818500242e+00 -2.2620557423017325e-03 5.3110549139642450e-02 1.1000000000000001e+00
4.4900000000000001e-01 -6.3376344954330932e-01 -5.9233124498057326e-03 -2.5653141380016883e-02 2.2984460352817249e-01 -9.1615005160175900e-02 1.0001576548932785e+00 -2.2457916010481653e-03 5.3110549139642450e-02 1.1000000000000001e+00
4.4950000000000001e-01 -6.3357593645731702e-01 -5.9360149937294736e-03 -2.5156198544873359e-02 2.2979868530184216e-01 -9.2057647544463633e-02 1.0001565360381406e+00 -2.2296491531500181e-03 5.3110549139642450e-02 1.1000000000000001e+00
4.5000000000000001e-01 -6.3338802562355656e-01 -5.9484678122526131e-03 -2.4654239131828147e-02 2.2975254613666746e-01 -9.2498753707412146e-02 1.0001554252239988e+00 -2.2136274654233411e-03 5.3110549139642450e-02 1.1000000000000001e+00
4.5050000000000001e-01 -6.3319972497860466e-01 -5.9606683961336239e-03 -2.4147259361550249e-02 2.2970618681106059e-01 -9.2938282310239748e-02 1.0001543223907032e+00 -2.1977256117302326e-03 5.3110549139642450e-02 1.1000000000000001e+00
4.5100000000000001e-01 -6.3301104253862339e-01 -5.9726142342979693e-03 -2.3635255700724923e-02 2.2965960812419425e-01 -9.3376191865750524e-02 1.0001532274785681e+00 -2.1819426729600450e-03 5.3110549139642450e-02 1.1000000000000001e+00
4.5150000000000001e-01 -6.3282198639904441e-01 -5.9843028139697401e-03 -2.3118224862909612e-02 2.2961281089597840e-01 -9.3812440740167341e-02 1.0001521404283631e+00 -2.1662777369453579e-03 5.3110549139642450e-02 1.1000000000000001e+00
4.5200000000000001e-01 -6.3263256473484686e-01 -5.9957316207907311e-03 -2.2596163811238364e-02 2.2956579596719240e-01 -9.4246987153869088e-02 1.0001510611813145e+00 -2.1507298984310020e-03 5.3110549139642450e-02 1.1000000000000001e+00
4.5250000000000001e-01 -6.3244278580060631e-01 -6.0068981389461576e-03 -2.2069069760432110e-02 2.2951856419955799e-01 -9.4679789182571014e-02 1.0001499896790984e+00 -2.1352982590232988e-03 5.3110549139642450e-02 1.1000000000000001e+00
4.5300000000000001e-01 -6.3225265793031082e-01 -6.0177998512943726e-03 -2.1536940178072034e-02 2.2947111647575105e-01 -9.5110804758922918e-02 1.0001489258638374e+00 -2.1199819271205955e-03 5.3110549139642450e-02 1.1000000000000001e+00
4.5350000000000001e-01 -6.3206218953777460e-01 -6.0284342394883146e-03 -2.0999772787790048e-02 2.2942345369957187e-01 -9.5539991673052244e-02 1.0001478696781010e+00 -2.1047800178950965e-03 5.3110549139642450e-02 1.1000000000000001e+00
4.5400000000000001e-01 -6.3187138911630114e-01 -6.0387987841092157e-03 -2.0457565570066436e-02 2.2937557679591697e-01 -9.5967307574454999e-02 1.0001468210648961e+00 -2.0896916532118161e-03 5.3110549139642450e-02 1.1000000000000001e+00
4.5450000000000002e-01 -6.3168026523894127e-01 -6.0488909647924563e-03 -1.9910316764950597e-02 2.2932748671090947e-01 -9.6392709972835694e-02 1.0001457799676690e+00 -2.0747159615986640e-03 5.3110549139642450e-02 1.1000000000000001e+00
4.5500000000000002e-01 -6.3148882655852223e-01 -6.0587082603582891e-03 -1.9358024874058365e-02 2.2927918441196882e-01 -9.6816156239373716e-02 1.0001447463302997e+00 -2.0598520781974637e-03 5.3110549139642450e-02 1.1000000000000001e+00
4.5550000000000002e-01 -6.3129708180744337e-01 -6.0682481489446952e-03 -1.8800688661804149e-02 2.2923067088781884e-01 -9.7237603608390191e-02 1.0001437200970991e+00 -2.0450991446969427e-03 5.3110549139642450e-02 1.1000000000000001e+00
4.5600000000000002e-01 -6.3110503979806876e-01 -6.0775081081368481e-03 -1.8238307158623270e-02 2.2918194714865606e-01 -9.7657009178007084e-02 1.0001427012128052e+00 -2.0304563093151646e-03 5.3110549139642450e-02 1.1000000000000001e+00
4.5650000000000002e-01 -6.3091270942237021e-01 -6.0864856151027335e-03 -1.7670879661708917e-02 2.2913301422611704e-01 -9.8074329912095123e-02 1.0001416896225808e+00 -2.0159227267213561e-03 5.3110549139642450e-02 1.1000000000000001e+00
4.5700000000000002e-01 -6.3072009965216491e-01 -6.0951781467258291e-03 -1.7098405737745598e-02 2.2908387317340631e-01 -9.8489522641219088e-02 1.0001406852720094e+00 -2.0014975580070196e-03 5.3110549139642450e-02 1.1000000000000001e+00
4.5750000000000002e-01 -6.3052721953912183e-01 -6.1035831797408031e-03 -1.6520885224890546e-02 2.2903452506536301e-01 -9.8902544063992001e-02 1.0001396881070928e+00 -1.9871799706386662e-03 5.3110549139642450e-02 1.1000000000000001e+00
4.5800000000000002e-01 -6.3033407821453846e-01 -6.1116981908693902e-03 -1.5938318233960871e-02 2.2898497099846452e-01 -9.9313350748810258e-02 1.0001386980742464e+00 -1.9729691383931752e-03 5.3110549139642450e-02 1.1000000000000001e+00
4.5850000000000002e-01 -6.3014068488971098e-01 -6.1195206569579488e-03 -1.5350705151685184e-02 2.2893521209099310e-01 -9.9721899134632197e-02 1.0001377151202984e+00 -1.9588642413408065e-03 5.3110549139642450e-02 1.1000000000000001e+00
4.5900000000000002e-01 -6.2994704885555519e-01 -6.1270480551148549e-03 -1.4758046641376020e-02 2.2888524948299815e-01 -1.0012814553298270e-01 1.0001367391924849e+00 -1.9448644657698020e-03 5.3110549139642450e-02 1.1000000000000001e+00
4.5950000000000002e-01 -6.2975317948282394e-01 -6.1342778628500107e-03 -1.4160343645672840e-02 2.2883508433642197e-01 -1.0053204612900585e-01 1.0001357702384468e+00 -1.9309690041584872e-03 5.3110549139642450e-02 1.1000000000000001e+00
4.6000000000000002e-01 -6.2955908622209145e-01 -6.1412075582154817e-03 -1.3557597388504400e-02 2.2878471783516244e-01 -1.0093355698290843e-01 1.0001348082062287e+00 -1.9171770551296623e-03 5.3110549139642450e-02 1.1000000000000001e+00
4.6050000000000002e-01 -6.2936477860350692e-01 -6.1478346199442856e-03 -1.2949809376227759e-02 2.2873415118507251e-01 -1.0133263403176325e-01 1.0001338530442723e+00 -1.9034878233882455e-03 5.3110549139642450e-02 1.1000000000000001e+00
4.6100000000000002e-01 -6.2917026623714400e-01 -6.1541565275961092e-03 -1.2336981400905020e-02 2.2868338561412477e-01 -1.0172923309041057e-01 1.0001329047014174e+00 -1.8899005197048489e-03 5.3110549139642450e-02 1.1000000000000001e+00
4.6150000000000002e-01 -6.2897555881259959e-01 -6.1601707616962872e-03 -1.1719115540908849e-02 2.2863242237236853e-01 -1.0212330985351825e-01 1.0001319631268950e+00 -1.8764143608430521e-03 5.3110549139642450e-02 1.1000000000000001e+00
4.6200000000000002e-01 -6.2878066609918748e-01 -6.1658748038821917e-03 -1.1096214163671334e-02 2.2858126273205268e-01 -1.0251481989674453e-01 1.0001310282703284e+00 -1.8630285695324645e-03 5.3110549139642450e-02 1.1000000000000001e+00
4.6250000000000002e-01 -6.2858559794590130e-01 -6.1712661370487499e-03 -1.0468279927623347e-02 2.2852990798768502e-01 -1.0290371867827157e-01 1.0001301000817264e+00 -1.8497423744247127e-03 5.3110549139642450e-02 1.1000000000000001e+00
4.6300000000000002e-01 -6.2839036428114559e-01 -6.1763422454899986e-03 -9.8353157832827744e-03 2.2847835945602690e-01 -1.0328996154067729e-01 1.0001291785114823e+00 -1.8365550100332905e-03 5.3110549139642450e-02 1.1000000000000001e+00
4.6350000000000002e-01 -6.2819497511306144e-01 -6.1811006150530364e-03 -9.1973249765525660e-03 2.2842661847625528e-01 -1.0367350371196248e-01 1.0001282635103714e+00 -1.8234657167176759e-03 5.3110549139642450e-02 1.1000000000000001e+00
4.6400000000000002e-01 -6.2799944052910317e-01 -6.1855387332784232e-03 -8.5543110492560526e-03 2.2837468640991479e-01 -1.0405430030766555e-01 1.0001273550295460e+00 -1.8104737406131892e-03 5.3110549139642450e-02 1.1000000000000001e+00
4.6450000000000002e-01 -6.2780377069620863e-01 -6.1896540895534551e-03 -7.9062778418882065e-03 2.2832256464103759e-01 -1.0443230633213774e-01 1.0001264530205356e+00 -1.7975783336049767e-03 5.3110549139642450e-02 1.1000000000000001e+00
4.6500000000000002e-01 -6.2760797586073835e-01 -6.1934441752624757e-03 -7.2532294955283847e-03 2.2827025457619848e-01 -1.0480747668016793e-01 1.0001255574352415e+00 -1.7847787532855447e-03 5.3110549139642450e-02 1.1000000000000001e+00
4.6550000000000002e-01 -6.2741206634818436e-01 -6.1969064839311090e-03 -6.5951704528749355e-03 2.2821775764450497e-01 -1.0517976613892233e-01 1.0001246682259342e+00 -1.7720742628967337e-03 5.3110549139642450e-02 1.1000000000000001e+00
4.6600000000000003e-01 -6.2721605256347024e-01 -6.2000385113884660e-03 -5.9321054615598320e-03 2.2816507529775670e-01 -1.0554912938910062e-01 1.0001237853452523e+00 -1.7594641313143644e-03 5.3110549139642450e-02 1.1000000000000001e+00
4.6650000000000003e-01 -6.2701994499050639e-01 -6.2028377559087975e-03 -5.2640395746116585e-03 2.2811220901039198e-01 -1.0591552100710408e-01 1.0001229087461974e+00 -1.7469476329805846e-03 5.3110549139642450e-02 1.1000000000000001e+00
4.6700000000000003e-01 -6.2682375419233527e-01 -6.2053017183716320e-03 -4.5909781532047647e-03 2.2805916027960418e-01 -1.0627889546642555e-01 1.0001220383821334e+00 -1.7345240478787471e-03 5.3110549139642450e-02 1.1000000000000001e+00
4.6750000000000003e-01 -6.2662749081104530e-01 -6.2074279024168597e-03 -3.9129268685422821e-03 2.2800593062539307e-01 -1.0663920713936598e-01 1.0001211742067830e+00 -1.7221926614924331e-03 5.3110549139642450e-02 1.1000000000000001e+00
4.6800000000000003e-01 -6.2643116556745837e-01 -6.2092138145914523e-03 -3.2298917028334350e-03 2.2795252159054971e-01 -1.0699641029904210e-01 1.0001203161742238e+00 -1.7099527647494817e-03 5.3110549139642450e-02 1.1000000000000001e+00
4.6850000000000003e-01 -6.2623478926140308e-01 -6.2106569645199901e-03 -2.5418789526213733e-03 2.2789893474081280e-01 -1.0735045912067415e-01 1.0001194642388873e+00 -1.6978036540071420e-03 5.3110549139642450e-02 1.1000000000000001e+00
4.6900000000000003e-01 -6.2603837277124641e-01 -6.2117548650473722e-03 -1.8488952291700860e-03 2.2784517166480961e-01 -1.0770130768380640e-01 1.0001186183555553e+00 -1.6857446309868249e-03 5.3110549139642450e-02 1.1000000000000001e+00
4.6950000000000003e-01 -6.2584192705401420e-01 -6.2125050324058247e-03 -1.1509474612076999e-03 2.2779123397416925e-01 -1.0804890997381338e-01 1.0001177784793571e+00 -1.6737750027498463e-03 5.3110549139642450e-02 1.1000000000000001e+00
4.7000000000000003e-01 -6.2564546314528058e-01 -6.2129049863746460e-03 -4.4804289677635462e-04 2.2773712330356907e-01 -1.0839321988370984e-01 1.0001169445657681e+00 -1.6618940816578839e-03 5.3110549139642450e-02 1.1000000000000001e+00
4.7050000000000003e-01 -6.2544899215883054e-01 -6.2129522504292996e-03 2.5981089585087885e-04 2.2768284131071459e-01 -1.0873419121622493e-01 1.0001161165706047e+00 -1.6501011853189953e-03 5.3110549139642450e-02 1.1000000000000001e+00
4.7100000000000003e-01 -6.2525252528690700e-01 -6.2126443519202688e-03 9.7260602483402968e-04 2.2762838967649252e-01 -1.0907177768522504e-01 1.0001152944500249e+00 -1.6383956365732559e-03 5.3110549139642450e-02 1.1000000000000001e+00
4.7150000000000003e-01 -6.2505607379971884e-01 -6.2119788222166402e-03 1.6903342744574578e-03 2.2757377010490626e-01 -1.0940593291798457e-01 1.0001144781605222e+00 -1.6267767634298373e-03 5.3110549139642450e-02 1.1000000000000001e+00
4.7200000000000003e-01 -6.2485964904553537e-01 -6.2109531968799567e-03 2.4129871023968051e-03 2.2751898432318496e-01 -1.0973661045681141e-01 1.0001136676589266e+00 -1.6152438990435778e-03 5.3110549139642450e-02 1.1000000000000001e+00
4.7250000000000003e-01 -6.2466326245054904e-01 -6.2095650158285410e-03 3.1405556379063186e-03 2.2746403408182528e-01 -1.1006376376094976e-01 1.0001128629023990e+00 -1.6037963816768336e-03 5.3110549139642450e-02 1.1000000000000001e+00
4.7300000000000003e-01 -6.2446692551851557e-01 -6.2078118234888029e-03 3.8730306809652455e-03 2.2740892115456629e-01 -1.1038734620872098e-01 1.0001120638484298e+00 -1.5924335546474077e-03 5.3110549139642450e-02 1.1000000000000001e+00
4.7350000000000003e-01 -6.2427064983097058e-01 -6.2056911689824384e-03 4.6104026989379297e-03 2.2735364733853855e-01 -1.1070731109908385e-01 1.0001112704548376e+00 -1.5811547663146630e-03 5.3110549139642450e-02 1.1000000000000001e+00
4.7400000000000003e-01 -6.2407444704671633e-01 -6.2032006062706889e-03 5.3526618263467799e-03 2.2729821445419410e-01 -1.1102361165395438e-01 1.0001104826797651e+00 -1.5699593700188440e-03 5.3110549139642450e-02 1.1000000000000001e+00
4.7450000000000003e-01 -6.2387832890188710e-01 -6.2003376943350038e-03 6.0997978621532938e-03 2.2724262434541084e-01 -1.1133620101995165e-01 1.0001097004816761e+00 -1.5588467240584499e-03 5.3110549139642450e-02 1.1000000000000001e+00
4.7500000000000003e-01 -6.2368230720978624e-01 -6.1970999973458441e-03 6.8518002679861098e-03 2.2718687887953015e-01 -1.1164503227039486e-01 1.0001089238193555e+00 -1.5478161916534262e-03 5.3110549139642450e-02 1.1000000000000001e+00
4.7550000000000003e-01 -6.2348639386050142e-01 -6.1934850848160512e-03 7.6086581673544072e-03 2.2713097994732562e-01 -1.1195005840750943e-01 1.0001081526519042e+00 -1.5368671408949456e-03 5.3110549139642450e-02 1.1000000000000001e+00
4.7600000000000003e-01 -6.2329060082109189e-01 -6.1894905317963871e-03 8.3703603423087233e-03 2.2707492946314856e-01 -1.1225123236412742e-01 1.0001073869387387e+00 -1.5259989447319771e-03 5.3110549139642450e-02 1.1000000000000001e+00
4.7650000000000003e-01 -6.2309494013505196e-01 -6.1851139190202565e-03 9.1368952332980674e-03 2.2701872936485168e-01 -1.1254850700605459e-01 1.0001066266395875e+00 -1.5152109809127704e-03 5.3110549139642450e-02 1.1000000000000001e+00
4.7700000000000004e-01 -6.2289942392234721e-01 -6.1803528330911465e-03 9.9082509364698031e-03 2.2696238161388962e-01 -1.1284183513393860e-01 1.0001058717144886e+00 -1.5045026319630101e-03 5.3110549139642450e-02 1.1000000000000001e+00
4.7750000000000004e-01 -6.2270406437922443e-01 -6.1752048666558071e-03 1.0684415201942368e-02 2.2690588819535068e-01 -1.1313116948536017e-01 1.0001051221237884e+00 -1.4938732851503002e-03 5.3110549139642450e-02 1.1000000000000001e+00
4.7800000000000004e-01 -6.2250887377780295e-01 -6.1696676185594964e-03 1.1465375433088475e-02 2.2684925111792051e-01 -1.1341646273710368e-01 1.0001043778281378e+00 -1.4833223324357296e-03 5.3110549139642450e-02 1.1000000000000001e+00
4.7850000000000004e-01 -6.2231386446622972e-01 -6.1637386940498638e-03 1.2251118683201719e-02 2.2679247241402303e-01 -1.1369766750700037e-01 1.0001036387884912e+00 -1.4728491704608857e-03 5.3110549139642450e-02 1.1000000000000001e+00
4.7900000000000004e-01 -6.2211904886812019e-01 -6.1574157049219215e-03 1.3041631655440806e-02 2.2673555413973814e-01 -1.1397473635634055e-01 1.0001029049661023e+00 -1.4624532004914280e-03 5.3110549139642450e-02 1.1000000000000001e+00
4.7950000000000004e-01 -6.2192443948256471e-01 -6.1506962697122037e-03 1.3836900700152602e-02 2.2667849837489720e-01 -1.1424762179186555e-01 1.0001021763225242e+00 -1.4521338283959922e-03 5.3110549139642450e-02 1.1000000000000001e+00
4.7999999999999998e-01 -6.2173004888390970e-01 -6.1435780138762146e-03 1.4636911813193425e-02 2.2662130722310977e-01 -1.1451627626795366e-01 1.0001014528196057e+00 -1.4418904646119285e-03 5.3110549139642450e-02 1.1000000000000001e+00
4.8049999999999998e-01 -6.2153588972132556e-01 -6.1360585699453581e-03 1.5441650635285535e-02 2.2656398281172146e-01 -1.1478065218895382e-01 1.0001007344194892e+00 -1.4317225240985847e-03 5.3110549139642450e-02 1.1000000000000001e+00
4.8099999999999998e-01 -6.2134197471892816e-01 -6.1281355777391584e-03 1.6251102448694224e-02 2.2650652729194981e-01 -1.1504070191117385e-01 1.0001000210846080e+00 -1.4216294263247559e-03 5.3110549139642450e-02 1.1000000000000001e+00
4.8149999999999998e-01 -6.2114831667519654e-01 -6.1198066845102499e-03 1.7065252177262121e-02 2.2644894283879624e-01 -1.1529637774533581e-01 1.0000993127776852e+00 -1.4116105952142707e-03 5.3110549139642450e-02 1.1000000000000001e+00
4.8199999999999998e-01 -6.2095492846294842e-01 -6.1110695451452044e-03 1.7884084383760015e-02 2.2639123165113617e-01 -1.1554763195869339e-01 1.0000986094617299e+00 -1.4016654591256230e-03 5.3110549139642450e-02 1.1000000000000001e+00
4.8249999999999998e-01 -6.2076182302909388e-01 -6.1019218223460911e-03 1.8707583268260893e-02 2.2633339595174035e-01 -1.1579441677731230e-01 1.0000979111000379e+00 -1.3917934508189159e-03 5.3110549139642450e-02 1.1000000000000001e+00
4.8299999999999998e-01 -6.2056901339417625e-01 -6.0923611867889482e-03 1.9535732667572289e-02 2.2627543798722655e-01 -1.1603668438846590e-01 1.0000972176561851e+00 -1.3819940074108149e-03 5.3110549139642450e-02 1.1000000000000001e+00
4.8349999999999999e-01 -6.2037651265246130e-01 -6.0823853173442672e-03 2.0368516051929842e-02 2.2621736002819059e-01 -1.1627438694277076e-01 1.0000965290940296e+00 -1.3722665703624047e-03 5.3110549139642450e-02 1.1000000000000001e+00
4.8399999999999999e-01 -6.2018433397133133e-01 -6.0719919012217983e-03 2.1205916525124151e-02 2.2615916436911188e-01 -1.1650747655668291e-01 1.0000958453777062e+00 -1.3626105854267281e-03 5.3110549139642450e-02 1.1000000000000001e+00
4.8449999999999999e-01 -6.1999249059122785e-01 -6.0611786341779467e-03 2.2047916821884051e-02 2.2610085332843818e-01 -1.1673590531474178e-01 1.0000951664716271e+00 -1.3530255026291177e-03 5.3110549139642450e-02 1.1000000000000001e+00
4.8499999999999999e-01 -6.1980099582537729e-01 -6.0499432207013438e-03 2.2894499306307221e-02 2.2604242924860102e-01 -1.1695962527194514e-01 1.0000944923404775e+00 -1.3435107762353076e-03 5.3110549139642450e-02 1.1000000000000001e+00
4.8549999999999999e-01 -6.1960986305930621e-01 -6.0382833741726254e-03 2.3745645971372180e-02 2.2598389449596157e-01 -1.1717858845620524e-01 1.0000938229492149e+00 -1.3340658647079918e-03 5.3110549139642450e-02 1.1000000000000001e+00
4.8599999999999999e-01 -6.1941910575089476e-01 -6.0261968170931633e-03 2.4601338435653278e-02 2.2592525146093576e-01 -1.1739274687063345e-01 1.0000931582630668e+00 -1.3246902306950858e-03 5.3110549139642450e-02 1.1000000000000001e+00
4.8649999999999999e-01 -6.1922873742974827e-01 -6.0136812812294329e-03 2.5461557943542695e-02 2.2586650255789389e-01 -1.1760205249607547e-01 1.0000924982475270e+00 -1.3153833409791412e-03 5.3110549139642450e-02 1.1000000000000001e+00
4.8699999999999999e-01 -6.1903877169710653e-01 -6.0007345078269096e-03 2.6326285362671287e-02 2.2580765022523935e-01 -1.1780645729348257e-01 1.0000918428683563e+00 -1.3061446664583596e-03 5.3110549139642450e-02 1.1000000000000001e+00
4.8749999999999999e-01 -6.1884922222553951e-01 -5.9873542477994800e-03 2.7195501182400043e-02 2.2574869692541830e-01 -1.1800591320638101e-01 1.0000911920915789e+00 -1.2969736821158288e-03 5.3110549139642450e-02 1.1000000000000001e+00
4.8799999999999999e-01 -6.1866010275843775e-01 -5.9735382618903449e-03 2.8069185513414516e-02 2.2568964514485887e-01 -1.1820037216338697e-01 1.0000905458834792e+00 -1.2878698669776349e-03 5.3110549139642450e-02 1.1000000000000001e+00
4.8849999999999999e-01 -6.1847142711002878e-01 -5.9592843209089249e-03 2.8947318084466971e-02 2.2563049739409088e-01 -1.1838978608064248e-01 1.0000899042106033e+00 -1.2788327041015101e-03 5.3110549139642450e-02 1.1000000000000001e+00
4.8899999999999999e-01 -6.1828320916472579e-01 -5.9445902058745609e-03 2.9829878242696378e-02 2.2557125620763868e-01 -1.1857410686438644e-01 1.0000892670397521e+00 -1.2698616805280651e-03 5.3110549139642450e-02 1.1000000000000001e+00
4.8949999999999999e-01 -6.1809546287700257e-01 -5.9294537082367933e-03 3.0716844951091542e-02 2.2551192414409404e-01 -1.1875328641345476e-01 1.0000886343379842e+00 -1.2609562872624572e-03 5.3110549139642450e-02 1.1000000000000001e+00
4.8999999999999999e-01 -6.1790820227105991e-01 -5.9138726300684763e-03 3.1608196787047460e-02 2.2545250378611925e-01 -1.1892727662184352e-01 1.0000880060726107e+00 -1.2521160192447151e-03 5.3110549139642450e-02 1.1000000000000001e+00
4.9049999999999999e-01 -6.1772144144028862e-01 -5.8978447842275772e-03 3.2503911942045965e-02 2.2539299774038035e-01 -1.1909602938128100e-01 1.0000873822111944e+00 -1.2433403753093501e-03 5.3110549139642450e-02 1.1000000000000001e+00
4.9099999999999999e-01 -6.1753519454724959e-01 -5.8813679946022020e-03 3.3403968218430141e-02 2.2533340863766022e-01 -1.1925949658381654e-01 1.0000867627215475e+00 -1.2346288581743794e-03 5.3110549139642450e-02 1.1000000000000001e+00
4.9149999999999999e-01 -6.1734947582299904e-01 -5.8644400962533493e-03 3.4308343029825050e-02 2.2527373913274512e-01 -1.1941763012442488e-01 1.0000861475717304e+00 -1.2259809743943109e-03 5.3110549139642450e-02 1.1000000000000001e+00
4.9199999999999999e-01 -6.1716429956692820e-01 -5.8470589356414918e-03 3.5217013398648460e-02 2.2521399190449118e-01 -1.1957038190363582e-01 1.0000855367300492e+00 -1.2173962343424460e-03 5.3110549139642450e-02 1.1000000000000001e+00
4.9249999999999999e-01 -6.1697968014639870e-01 -5.8292223708232092e-03 3.6129955954736288e-02 2.2515416965582091e-01 -1.1971770383019055e-01 1.0000849301650534e+00 -1.2088741521822557e-03 5.3110549139642450e-02 1.1000000000000001e+00
4.9299999999999999e-01 -6.1679563199618070e-01 -5.8109282716136716e-03 3.7047146935112345e-02 2.2509427511364991e-01 -1.1985954782366900e-01 1.0000843278455342e+00 -1.2004142458284372e-03 5.3110549139642450e-02 1.1000000000000001e+00
4.9349999999999999e-01 -6.1661216961839227e-01 -5.7921745198396832e-03 3.7968562180801128e-02 2.2503431102899338e-01 -1.1999586581723305e-01 1.0000837297405245e+00 -1.1920160369363038e-03 5.3110549139642450e-02 1.1000000000000001e+00
4.9399999999999999e-01 -6.1642930758180392e-01 -5.7729590094812572e-03 3.8894177137351896e-02 2.2497428017684609e-01 -1.2012660976026142e-01 1.0000831358192936e+00 -1.1836790508564596e-03 5.3110549139642450e-02 1.1000000000000001e+00
4.9450000000000000e-01 -6.1624706052164024e-01 -5.7532796469043617e-03 3.9823966852402096e-02 2.2491418535624208e-01 -1.2025173162110932e-01 1.0000825460513485e+00 -1.1754028166177169e-03 5.3110549139642450e-02 1.1000000000000001e+00
4.9500000000000000e-01 -6.1606544313918477e-01 -5.7331343510608800e-03 4.0757905974375987e-02 2.2485402939024440e-01 -1.2037118338985751e-01 1.0000819604064297e+00 -1.1671868668994853e-03 5.3110549139642450e-02 1.1000000000000001e+00
4.9550000000000000e-01 -6.1588447020119264e-01 -5.7125210536515779e-03 4.1695968752346962e-02 2.2479381512586533e-01 -1.2048491708099261e-01 1.0000813788545113e+00 -1.1590307379942288e-03 5.3110549139642450e-02 1.1000000000000001e+00
4.9600000000000000e-01 -6.1570415653978905e-01 -5.6914376993870428e-03 4.2638129032894573e-02 2.2473354543416565e-01 -1.2059288473630610e-01 1.0000808013657982e+00 -1.1509339697972052e-03 5.3110549139642450e-02 1.1000000000000001e+00
4.9650000000000000e-01 -6.1552451705175071e-01 -5.6698822461278319e-03 4.3584360260734492e-02 2.2467322321012809e-01 -1.2069503842755684e-01 1.0000802279107244e+00 -1.1428961057627768e-03 5.3110549139642450e-02 1.1000000000000001e+00
4.9700000000000000e-01 -6.1534556669827201e-01 -5.6478526651232205e-03 4.4534635476339852e-02 2.2461285137270998e-01 -1.2079133025936115e-01 1.0000796584599505e+00 -1.1349166928879173e-03 5.3110549139642450e-02 1.1000000000000001e+00
4.9750000000000000e-01 -6.1516732050453604e-01 -5.6253469412143381e-03 4.5488927314717625e-02 2.2455243286482601e-01 -1.2088171237203355e-01 1.0000790929843646e+00 -1.1269952816855857e-03 5.3110549139642450e-02 1.1000000000000001e+00
4.9800000000000000e-01 -6.1498979355910288e-01 -5.6023630729973460e-03 4.6447208005366301e-02 2.2449197065326157e-01 -1.2096613694431790e-01 1.0000785314550764e+00 -1.1191314261485288e-03 5.3110549139642450e-02 1.1000000000000001e+00
4.9850000000000000e-01 -6.1481300101376546e-01 -5.5788990730921842e-03 4.7409449369183565e-02 2.2443146772876479e-01 -1.2104455619644341e-01 1.0000779738434196e+00 -1.1113246837393652e-03 5.3110549139642450e-02 1.1000000000000001e+00
4.9900000000000000e-01 -6.1463695808280938e-01 -5.5549529682809989e-03 4.8375622819204461e-02 2.2437092710591292e-01 -1.2111692239281154e-01 1.0000774201209472e+00 -1.1035746153484688e-03 5.3110549139642450e-02 1.1000000000000001e+00
4.9950000000000000e-01 -6.1446168004274038e-01 -5.5305227997527679e-03 4.9345699358286102e-02 2.2431035182315809e-01 -1.2118318784501678e-01 1.0000768702594309e+00 -1.0958807852780533e-03 5.3110549139642450e-02 1.1000000000000001e+00
5.0000000000000000e-01 -6.1428718223182355e-01 -5.5056066233093890e-03 5.0319649577966218e-02 2.2424974494280248e-01 -1.2124330491477804e-01 1.0000763242308608e+00 -1.0882427612164916e-03 5.3110549139642450e-02 1.1000000000000001e+00
5.0050000000000006e-01 -6.1411348004944577e-01 -5.4802025095288401e-03 5.1297443658519376e-02 2.2418910955090490e-01 -1.2129722601671820e-01 1.0000757820074404e+00 -1.0806601142034180e-03 5.3110549139642450e-02 1.1000000000000001e+00
5.0100000000000000e-01 -6.1394058895592796e-01 -5.4543085440416049e-03 5.2279051365921085e-02 2.2412844875736507e-01 -1.2134490362157808e-01 1.0000752435615878e+00 -1.0731324186201490e-03 5.3110549139642450e-02 1.1000000000000001e+00
5.0150000000000006e-01 -6.1376852447176333e-01 -5.4279228276670720e-03 5.3264442052697661e-02 2.2406776569578313e-01 -1.2138629025892442e-01 1.0000747088659334e+00 -1.0656592521490812e-03 5.3110549139642450e-02 1.1000000000000001e+00
5.0200000000000000e-01 -6.1359730217730646e-01 -5.4010434766639283e-03 5.4253584655678325e-02 2.2400706352349770e-01 -1.2142133852030139e-01 1.0000741778933175e+00 -1.0582401957583397e-03 5.3110549139642450e-02 1.1000000000000001e+00
5.0250000000000006e-01 -6.1342693771227874e-01 -5.3736686229389277e-03 5.5246447694941768e-02 2.2394634542155364e-01 -1.2145000106225154e-01 1.0000736506167889e+00 -1.0508748336769996e-03 5.3110549139642450e-02 1.1000000000000001e+00
5.0300000000000000e-01 -6.1325744677510519e-01 -5.3457964142098477e-03 5.6242999273972548e-02 2.2388561459460174e-01 -1.2147223060914097e-01 1.0000731270096035e+00 -1.0435627533614616e-03 5.3110549139642450e-02 1.1000000000000001e+00
5.0350000000000006e-01 -6.1308884512268302e-01 -5.3174250142893524e-03 5.7243207076690283e-02 2.2382487427097431e-01 -1.2148797995653217e-01 1.0000726070452235e+00 -1.0363035454861748e-03 5.3110549139642450e-02 1.1000000000000001e+00
5.0400000000000000e-01 -6.1292114856959790e-01 -5.2885526032192213e-03 5.8247038368409679e-02 2.2376412770253876e-01 -1.2149720197390944e-01 1.0000720906973135e+00 -1.0290968039045252e-03 5.3110549139642450e-02 1.1000000000000001e+00
5.0450000000000006e-01 -6.1275437298777335e-01 -5.2591773775261651e-03 5.9254459993670829e-02 2.2370337816472666e-01 -1.2149984960796145e-01 1.0000715779397422e+00 -1.0219421256339948e-03 5.3110549139642450e-02 1.1000000000000001e+00
5.0500000000000000e-01 -6.1258853430594262e-01 -5.2292975504332189e-03 6.0265438375272803e-02 2.2364262895649448e-01 -1.2149587588568964e-01 1.0000710687465777e+00 -1.0148391108322956e-03 5.3110549139642450e-02 1.1000000000000001e+00
5.0550000000000006e-01 -6.1242364850896003e-01 -5.1989113520220743e-03 6.1279939514538452e-02 2.2358188340021581e-01 -1.2148523391727689e-01 1.0000705630920872e+00 -1.0077873627649288e-03 5.3110549139642450e-02 1.1000000000000001e+00
5.0600000000000001e-01 -6.1225973163752401e-01 -5.1680170295243938e-03 6.2297928988409579e-02 2.2352114484174876e-01 -1.2146787689961935e-01 1.0000700609507360e+00 -1.0007864877962472e-03 5.3110549139642450e-02 1.1000000000000001e+00
5.0650000000000006e-01 -6.1209679978737264e-01 -5.1366128474533779e-03 6.3319371950526282e-02 2.2346041665028199e-01 -1.2144375811906610e-01 1.0000695622971854e+00 -9.9383609535173508e-04 5.3110549139642450e-02 1.1000000000000001e+00
5.0700000000000001e-01 -6.1193486910889139e-01 -5.1046970878650235e-03 6.4344233129133316e-02 2.2339970221835612e-01 -1.2141283095483189e-01 1.0000690671062915e+00 -9.8693579790371075e-04 5.3110549139642450e-02 1.1000000000000001e+00
5.0750000000000006e-01 -6.1177395580655214e-01 -5.0722680505717044e-03 6.5372476826212944e-02 2.2333900496181622e-01 -1.2137504888219190e-01 1.0000685753531027e+00 -9.8008521094828781e-04 5.3110549139642450e-02 1.1000000000000001e+00
5.0800000000000001e-01 -6.1161407613819885e-01 -5.0393240533038175e-03 6.6404066917853832e-02 2.2327832831969693e-01 -1.2133036547539067e-01 1.0000680870128589e+00 -9.7328395297413355e-04 5.3110549139642450e-02 1.1000000000000001e+00
5.0850000000000006e-01 -6.1145524641472326e-01 -5.0058634320081447e-03 6.7438966851426183e-02 2.2321767575428050e-01 -1.2127873441133344e-01 1.0000676020609911e+00 -9.6653164545380582e-04 5.3110549139642450e-02 1.1000000000000001e+00
5.0900000000000001e-01 -6.1129748299924114e-01 -4.9718845409767072e-03 6.8477139646774765e-02 2.2315705075093675e-01 -1.2122010947233611e-01 1.0000671204731177e+00 -9.5982791280742601e-04 5.3110549139642450e-02 1.1000000000000001e+00
5.0950000000000006e-01 -6.1114080230665624e-01 -4.9373857531130180e-03 6.9518547894215424e-02 2.2309645681813478e-01 -1.2115444454966776e-01 1.0000666422250448e+00 -9.5317238238885860e-04 5.3110549139642450e-02 1.1000000000000001e+00
5.1000000000000001e-01 -6.1098522080306839e-01 -4.9023654601478336e-03 7.0563153753763222e-02 2.2303589748738814e-01 -1.2108169364682998e-01 1.0000661672927633e+00 -9.4656468446352156e-04 5.3110549139642450e-02 1.1000000000000001e+00
5.1050000000000006e-01 -6.1083075500503037e-01 -4.8668220727996151e-03 7.1610918955616457e-02 2.2297537631313225e-01 -1.2100181088250281e-01 1.0000656956524494e+00 -9.4000445217825028e-04 5.3110549139642450e-02 1.1000000000000001e+00
5.1100000000000001e-01 -6.1067742147917869e-01 -4.8307540210799802e-03 7.2661804797411050e-02 2.2291489687277324e-01 -1.2091475049439586e-01 1.0000652272804609e+00 -9.3349132155295109e-04 5.3110549139642450e-02 1.1000000000000001e+00
5.1150000000000007e-01 -6.1052523684138738e-01 -4.7941597544192919e-03 7.3715772145536734e-02 2.2285446276652060e-01 -1.2082046684200458e-01 1.0000647621533376e+00 -9.2702493144557110e-04 5.3110549139642450e-02 1.1000000000000001e+00
5.1200000000000001e-01 -6.1037421775629219e-01 -4.7570377419379403e-03 7.4772781433221761e-02 2.2279407761739056e-01 -1.2071891441028197e-01 1.0000643002477989e+00 -9.2060492353878472e-04 5.3110549139642450e-02 1.1000000000000001e+00
5.1249999999999996e-01 -6.1022438093666065e-01 -4.7193864726637674e-03 7.5832792659868739e-02 2.2273374507114235e-01 -1.2061004781300010e-01 1.0000638415407430e+00 -9.1423094231857965e-04 5.3110549139642450e-02 1.1000000000000001e+00
5.1300000000000001e-01 -6.1007574314262769e-01 -4.6812044556912734e-03 7.6895765391649926e-02 2.2267346879614838e-01 -1.2049382179573016e-01 1.0000633860092445e+00 -9.0790263504522738e-04 5.3110549139642450e-02 1.1000000000000001e+00
5.1349999999999996e-01 -6.0992832118127482e-01 -4.6424902204937734e-03 7.7961658758852595e-02 2.2261325248343350e-01 -1.2037019123985318e-01 1.0000629336305540e+00 -9.0161965174521247e-04 5.3110549139642450e-02 1.1000000000000001e+00
5.1400000000000001e-01 -6.0978213190576558e-01 -4.6032423170455569e-03 7.9030431457316724e-02 2.2255309984650037e-01 -1.2023911116531846e-01 1.0000624843820964e+00 -8.9538164517747785e-04 5.3110549139642450e-02 1.1000000000000001e+00
5.1449999999999996e-01 -6.0963719221482560e-01 -4.5634593160978352e-03 8.0102041746617489e-02 2.2249301462132387e-01 -1.2010053673444343e-01 1.0000620382414700e+00 -8.8918827082058065e-04 5.3110549139642450e-02 1.1000000000000001e+00
5.1500000000000001e-01 -6.0949351905207971e-01 -4.5231398093976850e-03 8.1176447449509706e-02 2.2243300056627843e-01 -1.1995442325535527e-01 1.0000615951864442e+00 -8.8303918685204367e-04 5.3110549139642450e-02 1.1000000000000001e+00
5.1549999999999996e-01 -6.0935112940526071e-01 -4.4822824098456615e-03 8.2253605952639197e-02 2.2237306146200131e-01 -1.1980072618500191e-01 1.0000611551949579e+00 -8.7693405412038862e-04 5.3110549139642450e-02 1.1000000000000001e+00
5.1600000000000001e-01 -6.0921004030573944e-01 -4.4408857518143750e-03 8.3333474203987054e-02 2.2231320111142092e-01 -1.1963940113332125e-01 1.0000607182451209e+00 -8.7087253613732211e-04 5.3110549139642450e-02 1.1000000000000001e+00
5.1649999999999996e-01 -6.0907026882764170e-01 -4.3989484912670459e-03 8.4416008714427795e-02 2.2225342333957604e-01 -1.1947040386599839e-01 1.0000602843152084e+00 -8.6485429904523277e-04 5.3110549139642450e-02 1.1000000000000001e+00
5.1700000000000002e-01 -6.0893183208728363e-01 -4.3564693060377030e-03 8.5501165556019151e-02 2.2219373199359976e-01 -1.1929369030839172e-01 1.0000598533836633e+00 -8.5887901160477617e-04 5.3110549139642450e-02 1.1000000000000001e+00
5.1749999999999996e-01 -6.0879474724247418e-01 -4.3134468960515440e-03 8.6588900361555865e-02 2.2213413094263906e-01 -1.1910921654905300e-01 1.0000594254290935e+00 -8.5294634517499204e-04 5.3110549139642450e-02 1.1000000000000001e+00
5.1800000000000002e-01 -6.0865903149169931e-01 -4.2698799834804567e-03 8.7679168325404455e-02 2.2207462407770959e-01 -1.1891693884276465e-01 1.0000590004302692e+00 -8.4705597368633164e-04 5.3110549139642450e-02 1.1000000000000001e+00
5.1849999999999996e-01 -6.0852470207360132e-01 -4.2257673130680169e-03 8.8771924201047694e-02 2.2201521531171400e-01 -1.1871681361486820e-01 1.0000585783661244e+00 -8.4120757363313054e-04 5.3110549139642450e-02 1.1000000000000001e+00
5.1900000000000002e-01 -6.0839177626607710e-01 -4.1811076522438291e-03 8.9867122302771787e-02 2.2195590857925399e-01 -1.1850879746401459e-01 1.0000581592157540e+00 -8.3540082404227065e-04 5.3110549139642450e-02 1.1000000000000001e+00
5.1949999999999996e-01 -6.0826027138566863e-01 -4.1358997914080304e-03 9.0964716504062321e-02 2.2189670783660448e-01 -1.1829284716621642e-01 1.0000577429584119e+00 -8.2963540646122493e-04 5.3110549139642450e-02 1.1000000000000001e+00
5.2000000000000002e-01 -6.0813020478683144e-01 -4.0901425441524563e-03 9.2064660237279272e-02 2.2183761706162394e-01 -1.1806891967844231e-01 1.0000573295735113e+00 -8.2391100493886917e-04 5.3110549139642450e-02 1.1000000000000001e+00
5.2049999999999996e-01 -6.0800159386109309e-01 -4.0438347474140842e-03 9.3166906494610485e-02 2.2177864025360197e-01 -1.1783697214167853e-01 1.0000569190406230e+00 -8.1822730599951114e-04 5.3110549139642450e-02 1.1000000000000001e+00
5.2100000000000002e-01 -6.0787445603648216e-01 -3.9969752618058694e-03 9.4271407825730985e-02 2.2171978143326646e-01 -1.1759696188541403e-01 1.0000565113394735e+00 -8.1258399863560083e-04 5.3110549139642450e-02 1.1000000000000001e+00
5.2149999999999996e-01 -6.0774880877660697e-01 -3.9495629717268754e-03 9.5378116339613475e-02 2.2166104464258851e-01 -1.1734884643038096e-01 1.0000561064499438e+00 -8.0698077427755646e-04 5.3110549139642450e-02 1.1000000000000001e+00
5.2200000000000002e-01 -6.0762466958000216e-01 -3.9015967856504785e-03 9.6486983703044038e-02 2.2160243394474671e-01 -1.1709258349272966e-01 1.0000557043520699e+00 -8.0141732678221198e-04 5.3110549139642450e-02 1.1000000000000001e+00
5.2249999999999996e-01 -6.0750205597936202e-01 -3.8530756363463594e-03 9.7597961140415149e-02 2.2154395342402822e-01 -1.1682813098769639e-01 1.0000553050260383e+00 -7.9589335241434097e-04 5.3110549139642450e-02 1.1000000000000001e+00
5.2300000000000002e-01 -6.0738098554067443e-01 -3.8039984810312394e-03 9.8710999434808142e-02 2.2148560718566856e-01 -1.1655544703268356e-01 1.0000549084521886e+00 -7.9040854982161319e-04 5.3110549139642450e-02 1.1000000000000001e+00
5.2349999999999997e-01 -6.0726147586259682e-01 -3.7543643017055933e-03 9.9826048925767324e-02 2.2142739935584763e-01 -1.1627448995190182e-01 1.0000545146110098e+00 -7.8496262002757144e-04 5.3110549139642450e-02 1.1000000000000001e+00
5.2400000000000002e-01 -6.0714354457551856e-01 -3.7041721052589222e-03 1.0094305951124249e-01 2.2136933408148748e-01 -1.1598521827909450e-01 1.0000541234831395e+00 -7.7955526640254447e-04 5.3110549139642450e-02 1.1000000000000001e+00
5.2449999999999997e-01 -6.0702720934086196e-01 -3.6534209237616857e-03 1.0206198064622320e-01 2.2131141553020636e-01 -1.1568759076183534e-01 1.0000537350493628e+00 -7.7418619465252072e-04 5.3110549139642450e-02 1.1000000000000001e+00
5.2500000000000002e-01 -6.0691248785027918e-01 -3.6021098146874837e-03 1.0318276134266187e-01 2.2125364789021007e-01 -1.1538156636526448e-01 1.0000533492906132e+00 -7.6885511280132138e-04 5.3110549139642450e-02 1.1000000000000001e+00
5.2549999999999997e-01 -6.0679939782476333e-01 -3.5502378610611039e-03 1.0430535017068041e-01 2.2119603537012469e-01 -1.1506710427518518e-01 1.0000529661879669e+00 -7.6356173116649047e-04 5.3110549139642450e-02 1.1000000000000001e+00
5.2600000000000002e-01 -6.0668795701397105e-01 -3.4978041718004621e-03 1.0542969525647340e-01 2.2113858219897992e-01 -1.1474416390285977e-01 1.0000525857226463e+00 -7.5830576235249149e-04 5.3110549139642450e-02 1.1000000000000001e+00
5.2649999999999997e-01 -6.0657818319526835e-01 -3.4448078818170393e-03 1.0655574428437734e-01 2.2108129262600110e-01 -1.1441270488771502e-01 1.0000522078760166e+00 -7.5308692122270579e-04 5.3110549139642450e-02 1.1000000000000001e+00
5.2700000000000002e-01 -6.0647009417298470e-01 -3.3912481523108865e-03 1.0768344449563676e-01 2.2102417092055132e-01 -1.1407268710175843e-01 1.0000518326295844e+00 -7.4790492488868189e-04 5.3110549139642450e-02 1.1000000000000001e+00
5.2749999999999997e-01 -6.0636370777757542e-01 -3.3371241709930191e-03 1.0881274268845428e-01 2.2096722137201430e-01 -1.1372407065338136e-01 1.0000514599649977e+00 -7.4275949269297144e-04 5.3110549139642450e-02 1.1000000000000001e+00
5.2800000000000002e-01 -6.0625904186470969e-01 -3.2824351522301007e-03 1.0994358521933156e-01 2.2091044828961851e-01 -1.1336681589046602e-01 1.0000510898640442e+00 -7.3765034618588244e-04 5.3110549139642450e-02 1.1000000000000001e+00
5.2849999999999997e-01 -6.0615611431453842e-01 -3.2271803373916494e-03 1.1107591800110155e-01 2.2085385600240903e-01 -1.1300088340533535e-01 1.0000507223086501e+00 -7.3257720911892724e-04 5.3110549139642450e-02 1.1000000000000001e+00
5.2900000000000003e-01 -6.0605494303072449e-01 -3.1713589949449437e-03 1.1220968650513301e-01 2.2079744885903241e-01 -1.1262623403743269e-01 1.0000503572808792e+00 -7.2753980741782967e-04 5.3110549139642450e-02 1.1000000000000001e+00
5.2949999999999997e-01 -6.0595554593965006e-01 -3.1149704207531453e-03 1.1334483576022734e-01 2.2074123122766778e-01 -1.1224282887785599e-01 1.0000499947629320e+00 -7.2253786917217367e-04 5.3110549139642450e-02 1.1000000000000001e+00
5.3000000000000003e-01 -6.0585794098954371e-01 -3.0580139382971961e-03 1.1448131035280774e-01 2.2068520749589995e-01 -1.1185062927322267e-01 1.0000496347371444e+00 -7.1757112461884364e-04 5.3110549139642450e-02 1.1000000000000001e+00
5.3049999999999997e-01 -6.0576214614954682e-01 -3.0004888988171882e-03 1.1561905442838867e-01 2.2062938207053612e-01 -1.1144959682878461e-01 1.0000492771859864e+00 -7.1263930611964617e-04 5.3110549139642450e-02 1.1000000000000001e+00
5.3100000000000003e-01 -6.0566817940892392e-01 -2.9423946816641128e-03 1.1675801168975296e-01 2.2057375937756471e-01 -1.1103969341352778e-01 1.0000489220920616e+00 -7.0774214815496380e-04 5.3110549139642450e-02 1.1000000000000001e+00
5.3149999999999997e-01 -6.0557605877608089e-01 -2.8837306943892945e-03 1.1789812539928493e-01 2.2051834386193389e-01 -1.1062088116282322e-01 1.0000485694381054e+00 -7.0287938729777252e-04 5.3110549139642450e-02 1.1000000000000001e+00
5.3200000000000003e-01 -6.0548580227772364e-01 -2.8244963730448846e-03 1.1903933837801174e-01 2.2046313998747119e-01 -1.1019312248307452e-01 1.0000482192069851e+00 -6.9805076220363980e-04 5.3110549139642450e-02 1.1000000000000001e+00
5.3249999999999997e-01 -6.0539742795795037e-01 -2.7646911824053327e-03 1.2018159300592805e-01 2.2040815223674667e-01 -1.0975638005564274e-01 1.0000478713816972e+00 -6.9325601359478389e-04 5.3110549139642450e-02 1.1000000000000001e+00
5.3300000000000003e-01 -6.0531095387729528e-01 -2.7043146161046900e-03 1.2132483122360491e-01 2.2035338511088196e-01 -1.0931061683996263e-01 1.0000475259453681e+00 -6.8849488423849666e-04 5.3110549139642450e-02 1.1000000000000001e+00
5.3349999999999997e-01 -6.0522639811188483e-01 -2.6433661969929565e-03 1.2246899453051062e-01 2.2029884312949627e-01 -1.0885579607879219e-01 1.0000471828812523e+00 -6.8376711894103340e-04 5.3110549139642450e-02 1.1000000000000001e+00
5.3400000000000003e-01 -6.0514377875243963e-01 -2.5818454772192907e-03 1.2361402398748145e-01 2.2024453083047801e-01 -1.0839188130082715e-01 1.0000468421727309e+00 -6.7907246452256838e-04 5.3110549139642450e-02 1.1000000000000001e+00
5.3449999999999998e-01 -6.0506311390338818e-01 -2.5197520385349436e-03 1.2475986021590627e-01 2.2019045276989305e-01 -1.0791883632546138e-01 1.0000465038033111e+00 -6.7441066980756571e-04 5.3110549139642450e-02 1.1000000000000001e+00
5.3500000000000003e-01 -6.0498442168192157e-01 -2.4570854925135125e-03 1.2590644339819870e-01 2.2013661352183767e-01 -1.0743662526676537e-01 1.0000461677566259e+00 -6.6978148560940061e-04 5.3110549139642450e-02 1.1000000000000001e+00
5.3549999999999998e-01 -6.0490772021701800e-01 -2.3938454806842783e-03 1.2705371327953952e-01 2.2008301767824001e-01 -1.0694521253660165e-01 1.0000458340164315e+00 -6.6518466470958954e-04 5.3110549139642450e-02 1.1000000000000001e+00
5.3600000000000003e-01 -6.0483302764854086e-01 -2.3300316748923293e-03 1.2820160916635689e-01 2.2002966984879269e-01 -1.0644456285001876e-01 1.0000455025666082e+00 -6.6061996185187450e-04 5.3110549139642450e-02 1.1000000000000001e+00
5.3649999999999998e-01 -6.0476036212622930e-01 -2.2656437773756559e-03 1.2935006992892814e-01 2.1997657466071793e-01 -1.0593464122782711e-01 1.0000451733911575e+00 -6.5608713371811630e-04 5.3110549139642450e-02 1.1000000000000001e+00
5.3700000000000003e-01 -6.0468974180876200e-01 -2.2006815210697020e-03 1.3049903400072108e-01 2.1992373675866383e-01 -1.0541541300146576e-01 1.0000448464742020e+00 -6.5158593891899159e-04 5.3110549139642450e-02 1.1000000000000001e+00
5.3749999999999998e-01 -6.0462118486277949e-01 -2.1351446698264858e-03 1.3164843937901044e-01 2.1987116080454738e-01 -1.0488684381703360e-01 1.0000445217999860e+00 -6.4711613797918969e-04 5.3110549139642450e-02 1.1000000000000001e+00
5.3800000000000003e-01 -6.0455470946188594e-01 -2.0690330185431740e-03 1.3279822362676355e-01 2.1981885147734778e-01 -1.0434889963839597e-01 1.0000441993528715e+00 -6.4267749331738979e-04 5.3110549139642450e-02 1.1000000000000001e+00
5.3849999999999998e-01 -6.0449033378569117e-01 -2.0023463935260385e-03 1.3394832387128011e-01 2.1976681347302590e-01 -1.0380154675272332e-01 1.0000438791173394e+00 -6.3826976924056286e-04 5.3110549139642450e-02 1.1000000000000001e+00
5.3900000000000003e-01 -6.0442807601878956e-01 -1.9350846525606387e-03 1.3509867680693283e-01 2.1971505150428272e-01 -1.0324475177301955e-01 1.0000435610779881e+00 -6.3389273192073880e-04 5.3110549139642450e-02 1.1000000000000001e+00
5.3949999999999998e-01 -6.0436795434977442e-01 -1.8672476852180635e-03 1.3624921869466461e-01 2.1966357030044323e-01 -1.0267848164309522e-01 1.0000432452195318e+00 -6.2954614938605022e-04 5.3110549139642450e-02 1.1000000000000001e+00
5.4000000000000004e-01 -6.0430998697022698e-01 -1.7988354130720771e-03 1.3739988536276082e-01 2.1961237460728941e-01 -1.0210270364164359e-01 1.0000429315268011e+00 -6.2522979150645222e-04 5.3110549139642450e-02 1.1000000000000001e+00
5.4049999999999998e-01 -6.0425419207369824e-01 -1.7298477898230493e-03 1.3855061220887280e-01 2.1956146918684610e-01 -1.0151738538533697e-01 1.0000426199847408e+00 -6.2094342997445057e-04 5.3110549139642450e-02 1.1000000000000001e+00
5.4100000000000004e-01 -6.0420058785469222e-01 -1.6602848016648529e-03 1.3970133419883193e-01 2.1951085881728583e-01 -1.0092249483450307e-01 1.0000423105784093e+00 -6.1668683829958391e-04 5.3110549139642450e-02 1.1000000000000001e+00
5.4149999999999998e-01 -6.0414919250763477e-01 -1.5901464673482735e-03 1.4085198586952263e-01 2.1946054829268152e-01 -1.0031800029560418e-01 1.0000420032929784e+00 -6.1245979178606400e-04 5.3110549139642450e-02 1.1000000000000001e+00
5.4200000000000004e-01 -6.0410002422583997e-01 -1.5194328384880518e-03 1.4200250132854911e-01 2.1941054242287752e-01 -9.9703870426309002e-02 1.0000416981137308e+00 -6.0826206752412283e-04 5.3110549139642450e-02 1.1000000000000001e+00
5.4249999999999998e-01 -6.0405310120046463e-01 -1.4481439997781570e-03 1.4315281425515983e-01 2.1936084603331263e-01 -9.9080074239613125e-02 1.0000413950260605e+00 -6.0409344437626722e-04 5.3110549139642450e-02 1.1000000000000001e+00
5.4300000000000004e-01 -6.0400844161947009e-01 -1.3762800691102274e-03 1.4430285790241809e-01 2.1931146396479775e-01 -9.8446581106915662e-02 1.0000410940154725e+00 -5.9995370295870141e-04 5.3110549139642450e-02 1.1000000000000001e+00
5.4349999999999998e-01 -6.0396606366654870e-01 -1.3038411979434626e-03 1.4545256509619106e-01 2.1926240107340705e-01 -9.7803360763834057e-02 1.0000407950675800e+00 -5.9584262563601280e-04 5.3110549139642450e-02 1.1000000000000001e+00
5.4400000000000004e-01 -6.0392598552008192e-01 -1.2308275713604265e-03 1.4660186823816279e-01 2.1921366223022382e-01 -9.7150383312624031e-02 1.0000404981681057e+00 -5.9175999649962422e-04 5.3110549139642450e-02 1.1000000000000001e+00
5.4449999999999998e-01 -6.0388822535205955e-01 -1.1572394083749680e-03 1.4775069930566886e-01 2.1916525232119929e-01 -9.6487619227350441e-02 1.0000402033028781e+00 -5.8770560135946288e-04 5.3110549139642450e-02 1.1000000000000001e+00
5.4500000000000004e-01 -6.0385280132699826e-01 -1.0830769621447214e-03 1.4889898985278502e-01 2.1911717624696495e-01 -9.5815039358042808e-02 1.0000399104578339e+00 -5.8367922773070206e-04 5.3110549139642450e-02 1.1000000000000001e+00
5.4549999999999998e-01 -6.0381973160088731e-01 -1.0083405200842026e-03 1.5004667101263891e-01 2.1906943892260275e-01 -9.5132614933751677e-02 1.0000396196190156e+00 -5.7968066481588090e-04 5.3110549139642450e-02 1.1000000000000001e+00
5.4600000000000004e-01 -6.0378903432005493e-01 -9.3303040423673485e-04 1.5119367349658941e-01 2.1902204527752123e-01 -9.4440317568493054e-02 1.0000393307725688e+00 -5.7570970349975952e-04 5.3110549139642450e-02 1.1000000000000001e+00
5.4649999999999999e-01 -6.0376072762011868e-01 -8.5714697132281291e-04 1.5233992759737164e-01 2.1897500025519595e-01 -9.3738119263608255e-02 1.0000390439047460e+00 -5.7176613632858040e-04 5.3110549139642450e-02 1.1000000000000001e+00
5.4700000000000004e-01 -6.0373482962485614e-01 -7.8069061304794781e-04 1.5348536318911407e-01 2.1892830881301478e-01 -9.3025992413024658e-02 1.0000387590019013e+00 -5.6784975750202068e-04 5.3110549139642450e-02 1.1000000000000001e+00
5.4749999999999999e-01 -6.0371135844508972e-01 -7.0366175631251312e-04 1.5462990972858748e-01 2.1888197592207986e-01 -9.2303909807445919e-02 1.0000384760504912e+00 -5.6396036286043155e-04 5.3110549139642450e-02 1.1000000000000001e+00
5.4800000000000004e-01 -6.0369033217761525e-01 -6.2606086331860595e-04 1.5577349625766657e-01 2.1883600656697047e-01 -9.1571844637377817e-02 1.0000381950370749e+00 -5.6009774986760189e-04 5.3110549139642450e-02 1.1000000000000001e+00
5.4849999999999999e-01 -6.0367176890400909e-01 -5.4788843194405578e-04 1.5691605140269979e-01 2.1879040574560399e-01 -9.0829770499203086e-02 1.0000379159483113e+00 -5.5626171760580362e-04 5.3110549139642450e-02 1.1000000000000001e+00
5.4900000000000004e-01 -6.0365568668957192e-01 -4.6914499578248317e-04 1.5805750337779473e-01 2.1874517846897021e-01 -9.0077661397470171e-02 1.0000376387709604e+00 -5.5245206675580644e-04 5.3110549139642450e-02 1.1000000000000001e+00
5.4949999999999999e-01 -6.0364210358214998e-01 -3.8983112445114724e-04 1.5919777998501522e-01 2.1870032976096396e-01 -8.9315491750244114e-02 1.0000373634918807e+00 -5.4866859958913126e-04 5.3110549139642450e-02 1.1000000000000001e+00
5.5000000000000004e-01 -6.0363103761098813e-01 -3.0994742379718260e-04 1.6033680861580213e-01 2.1865586465817602e-01 -8.8543236393321512e-02 1.0000370900980295e+00 -5.4491111995573927e-04 5.3110549139642450e-02 1.1000000000000001e+00
5.5049999999999999e-01 -6.0362250678564111e-01 -2.2949453599840249e-04 1.6147451625357953e-01 2.1861178820964872e-01 -8.7760870583225140e-02 1.0000368185764617e+00 -5.4117943326744604e-04 5.3110549139642450e-02 1.1000000000000001e+00
5.5100000000000005e-01 -6.0361652909472174e-01 -1.4847313993834950e-04 1.6261082947332947e-01 2.1856810547672148e-01 -8.6968370003399242e-02 1.0000365489143295e+00 -5.3747334649312207e-04 5.3110549139642450e-02 1.1000000000000001e+00
5.5149999999999999e-01 -6.0361312250483878e-01 -6.6883951238256176e-05 1.6374567444500968e-01 2.1852482153275979e-01 -8.6165710766426706e-02 1.0000362810988803e+00 -5.3379266813946059e-04 5.3110549139642450e-02 1.1000000000000001e+00
5.5200000000000005e-01 -6.0361230495936991e-01 1.5272277436125169e-05 1.6487897693394554e-01 2.1848194146297362e-01 -8.5352869419459798e-02 1.0000360151174581e+00 -5.3013720824349327e-04 5.3110549139642450e-02 1.1000000000000001e+00
5.5249999999999999e-01 -6.0361409437728264e-01 9.7994756171761502e-05 1.6601066230241790e-01 2.1843947036419867e-01 -8.4529822948459496e-02 1.0000357509575006e+00 -5.2650677836074179e-04 5.3110549139642450e-02 1.1000000000000001e+00
5.5300000000000005e-01 -6.0361850865202904e-01 1.8128265771452873e-04 1.6714065551242258e-01 2.1839741334464391e-01 -8.3696548781148031e-02 1.0000354886065395e+00 -5.2290119154922981e-04 5.3110549139642450e-02 1.1000000000000001e+00
5.5349999999999999e-01 -6.0362556565023606e-01 2.6513511709306441e-04 1.6826888112545058e-01 2.1835577552372165e-01 -8.2853024793324972e-02 1.0000352280521994e+00 -5.1932026236485985e-04 5.3110549139642450e-02 1.1000000000000001e+00
5.5400000000000005e-01 -6.0363528321063809e-01 3.4955123159581731e-04 1.6939526330604535e-01 2.1831456203177113e-01 -8.1999229311001329e-02 1.0000349692821979e+00 -5.1576380684288192e-04 5.3110549139642450e-02 1.1000000000000001e+00
5.5449999999999999e-01 -6.0364767914280171e-01 4.3453006046514334e-04 1.7051972582238717e-01 2.1827377800986333e-01 -8.1135141115910192e-02 1.0000347122843443e+00 -5.1223164249068667e-04 5.3110549139642450e-02 1.1000000000000001e+00
5.5500000000000005e-01 -6.0366277122591472e-01 5.2007062469903304e-04 1.7164219204806039e-01 2.1823342860957134e-01 -8.0260739449759574e-02 1.0000344570465374e+00 -5.0872358827637573e-04 5.3110549139642450e-02 1.1000000000000001e+00
5.5549999999999999e-01 -6.0368057720766732e-01 6.0617190696408529e-04 1.7276258496495883e-01 2.1819351899271081e-01 -7.9376004017142246e-02 1.0000342035567675e+00 -5.0523946461337804e-04 5.3110549139642450e-02 1.1000000000000001e+00
5.5600000000000005e-01 -6.0370111480288158e-01 6.9283285121938339e-04 1.7388082716328715e-01 2.1815405433115401e-01 -7.8480914991961789e-02 1.0000339518031138e+00 -5.0177909335596949e-04 5.3110549139642450e-02 1.1000000000000001e+00
5.5649999999999999e-01 -6.0372440169244290e-01 7.8005236270230216e-04 1.7499684084524902e-01 2.1811503980654812e-01 -7.7575453019482987e-02 1.0000337017737448e+00 -4.9834229778144060e-04 5.3110549139642450e-02 1.1000000000000001e+00
5.5700000000000005e-01 -6.0375045552197470e-01 8.6782930762462323e-04 1.7611054782583799e-01 2.1807648061010626e-01 -7.6659599221911401e-02 1.0000334534569162e+00 -4.9492890258313448e-04 5.3110549139642450e-02 1.1000000000000001e+00
5.5750000000000000e-01 -6.0377929390059726e-01 9.5616251297859448e-04 1.7722186953477947e-01 2.1803838194236733e-01 -7.5733335202659263e-02 1.0000332068409712e+00 -4.9153873385944513e-04 5.3110549139642450e-02 1.1000000000000001e+00
5.5800000000000005e-01 -6.0381093439979627e-01 1.0450507664576669e-03 1.7833072701959113e-01 2.1800074901292893e-01 -7.4796643049200848e-02 1.0000329619143398e+00 -4.8817161909898808e-04 5.3110549139642450e-02 1.1000000000000001e+00
5.5850000000000000e-01 -6.0384539455199193e-01 1.1344928160803402e-03 1.7943704094580434e-01 2.1796358704024552e-01 -7.3849505339608781e-02 1.0000327186655382e+00 -4.8482738717628540e-04 5.3110549139642450e-02 1.1000000000000001e+00
5.5900000000000005e-01 -6.0388269184946941e-01 1.2244873701856718e-03 1.8054073160079118e-01 2.1792690125134148e-01 -7.2891905144508468e-02 1.0000324770831674e+00 -4.8150586833458210e-04 5.3110549139642450e-02 1.1000000000000001e+00
5.5950000000000000e-01 -6.0392284374300531e-01 1.3150330971313147e-03 1.8164171889475944e-01 2.1789069688158841e-01 -7.1923826032726623e-02 1.0000322371559127e+00 -4.7820689417914133e-04 5.3110549139642450e-02 1.1000000000000001e+00
5.6000000000000005e-01 -6.0396586764059701e-01 1.4061286251049741e-03 1.8273992236288014e-01 2.1785497917445376e-01 -7.0945252075558199e-02 1.0000319988725435e+00 -4.7493029766663329e-04 5.3110549139642450e-02 1.1000000000000001e+00
5.6050000000000000e-01 -6.0401178090631791e-01 1.4977725420526665e-03 1.8383526116849633e-01 2.1781975338122739e-01 -6.9956167849567208e-02 1.0000317622219130e+00 -4.7167591309086346e-04 5.3110549139642450e-02 1.1000000000000001e+00
5.6100000000000005e-01 -6.0406060085882873e-01 1.5899633953037279e-03 1.8492765410357970e-01 2.1778502476080261e-01 -6.8956558443220906e-02 1.0000315271929558e+00 -4.6844357607859176e-04 5.3110549139642450e-02 1.1000000000000001e+00
5.6150000000000000e-01 -6.0411234477030651e-01 1.6826996915757354e-03 1.8601701959268752e-01 2.1775079857938498e-01 -6.7946409458748358e-02 1.0000312937746896e+00 -4.6523312357299744e-04 5.3110549139642450e-02 1.1000000000000001e+00
5.6200000000000006e-01 -6.0416702986502513e-01 1.7759798966756216e-03 1.8710327569417534e-01 2.1771708011025490e-01 -6.6925707017845379e-02 1.0000310619562121e+00 -4.6204439382720061e-04 5.3110549139642450e-02 1.1000000000000001e+00
5.6250000000000000e-01 -6.0422467331805363e-01 1.8698024353163557e-03 1.8818634010250562e-01 2.1768387463350630e-01 -6.5894437765942421e-02 1.0000308317267019e+00 -4.5887722639404729e-04 5.3110549139642450e-02 1.1000000000000001e+00
5.6300000000000006e-01 -6.0428529225410199e-01 1.9641656910537437e-03 1.8926613015161273e-01 2.1765118743576536e-01 -6.4852588874938250e-02 1.0000306030754182e+00 -4.5573146211235393e-04 5.3110549139642450e-02 1.1000000000000001e+00
5.6350000000000000e-01 -6.0434890374597283e-01 2.0590680059125429e-03 1.9034256281559495e-01 2.1761902380995571e-01 -6.3800148049932004e-02 1.0000303759916989e+00 -4.5260694310287746e-04 5.3110549139642450e-02 1.1000000000000001e+00
5.6400000000000006e-01 -6.0441552481349159e-01 2.1545076804017761e-03 1.9141555471280750e-01 2.1758738905500208e-01 -6.2737103530972935e-02 1.0000301504649602e+00 -4.4950351275238246e-04 5.3110549139642450e-02 1.1000000000000001e+00
5.6450000000000000e-01 -6.0448517242204036e-01 2.2504829732188161e-03 1.9248502210729040e-01 2.1755628847557901e-01 -6.1663444098821928e-02 1.0000299264846970e+00 -4.4642101570740186e-04 5.3110549139642450e-02 1.1000000000000001e+00
5.6500000000000006e-01 -6.0455786348122853e-01 2.3469921010724078e-03 1.9355088091126996e-01 2.1752572738183842e-01 -6.0579159079207086e-02 1.0000297040404815e+00 -4.4335929786438268e-04 5.3110549139642450e-02 1.1000000000000001e+00
5.6550000000000000e-01 -6.0463361484372735e-01 2.4440332386277352e-03 1.9461304668867171e-01 2.1749571108912216e-01 -5.9484238345490596e-02 1.0000294831219616e+00 -4.4031820635644840e-04 5.3110549139642450e-02 1.1000000000000001e+00
5.6600000000000006e-01 -6.0471244330366447e-01 2.5416045181349120e-03 1.9567143465606324e-01 2.1746624491770966e-01 -5.8378672325484930e-02 1.0000292637188626e+00 -4.3729758954949268e-04 5.3110549139642450e-02 1.1000000000000001e+00
5.6650000000000000e-01 -6.0479436559555655e-01 2.6397040294543492e-03 1.9672595968687365e-01 2.1743733419251787e-01 -5.7262452003094488e-02 1.0000290458209846e+00 -4.3429729702684842e-04 5.3110549139642450e-02 1.1000000000000001e+00
5.6700000000000006e-01 -6.0487939839279670e-01 2.7383298197650339e-03 1.9777653631305062e-01 2.1740898424283514e-01 -5.6135568924119437e-02 1.0000288294182031e+00 -4.3131717958325643e-04 5.3110549139642450e-02 1.1000000000000001e+00
5.6750000000000000e-01 -6.0496755830629712e-01 2.8374798933936984e-03 1.9882307872774888e-01 2.1738120040203834e-01 -5.4998015200499864e-02 1.0000286145004673e+00 -4.2835708921538029e-04 5.3110549139642450e-02 1.1000000000000001e+00
5.6800000000000006e-01 -6.0505886188331715e-01 2.9371522117692069e-03 1.9986550078899951e-01 2.1735398800729874e-01 -5.3849783512901574e-02 1.0000284010578004e+00 -4.2541687910904545e-04 5.3110549139642450e-02 1.1000000000000001e+00
5.6850000000000001e-01 -6.0515332560579749e-01 3.0373446930533681e-03 2.0090371602090287e-01 2.1732735239931278e-01 -5.2690867117616988e-02 1.0000281890802991e+00 -4.2249640363547342e-04 5.3110549139642450e-02 1.1000000000000001e+00
5.6900000000000006e-01 -6.0525096588929927e-01 3.1380552121773693e-03 2.0193763761798056e-01 2.1730129892199751e-01 -5.1521259848084304e-02 1.0000279785581319e+00 -4.1959551833650846e-04 5.3110549139642450e-02 1.1000000000000001e+00
5.6950000000000001e-01 -6.0535179908144388e-01 3.2392816005541230e-03 2.0296717844705922e-01 2.1727583292221050e-01 -5.0340956120734651e-02 1.0000277694815398e+00 -4.1671407991880844e-04 5.3110549139642450e-02 1.1000000000000001e+00
5.7000000000000006e-01 -6.0545584146053166e-01 3.3410216459147640e-03 2.0399225105015628e-01 2.1725095974945616e-01 -4.9149950939209541e-02 1.0000275618408345e+00 -4.1385194624469254e-04 5.3110549139642450e-02 1.1000000000000001e+00
5.7050000000000001e-01 -6.0556310923436085e-01 3.4432730922720326e-03 2.0501276764829832e-01 2.1722668475558501e-01 -4.7948239896867237e-02 1.0000273556263994e+00 -4.1100897631986136e-04 5.3110549139642450e-02 1.1000000000000001e+00
5.7100000000000006e-01 -6.0567361853850521e-01 3.5460336395547638e-03 2.0602864014297792e-01 2.1720301329450745e-01 -4.6735819183752476e-02 1.0000271508286875e+00 -4.0818503028974438e-04 5.3110549139642450e-02 1.1000000000000001e+00
5.7150000000000001e-01 -6.0578738543525912e-01 3.6493009436549873e-03 2.0703978012062921e-01 2.1717995072188551e-01 -4.5512685587994997e-02 1.0000269474382215e+00 -4.0537996942528482e-04 5.3110549139642450e-02 1.1000000000000001e+00
5.7200000000000006e-01 -6.0590442591203386e-01 3.7530726161456533e-03 2.0804609885475114e-01 2.1715750239483786e-01 -4.4278836501684037e-02 1.0000267454455936e+00 -4.0259365611732261e-04 5.3110549139642450e-02 1.1000000000000001e+00
5.7250000000000001e-01 -6.0602475587994742e-01 3.8573462241242107e-03 2.0904750730898522e-01 2.1713567367163578e-01 -4.3034269925060521e-02 1.0000265448414636e+00 -3.9982595386778389e-04 5.3110549139642450e-02 1.1000000000000001e+00
5.7300000000000006e-01 -6.0614839117264296e-01 3.9621192901861035e-03 2.1004391614108978e-01 2.1711446991139643e-01 -4.1778984468928519e-02 1.0000263456165603e+00 -3.9707672727784288e-04 5.3110549139642450e-02 1.1000000000000001e+00
5.7350000000000001e-01 -6.0627534754450552e-01 4.0673892920628620e-03 2.1103523570466118e-01 2.1709389647377880e-01 -4.0512979361694616e-02 1.0000261477616796e+00 -3.9434584204439866e-04 5.3110549139642450e-02 1.1000000000000001e+00
5.7400000000000007e-01 -6.0640564066961689e-01 4.1731536626809168e-03 2.1202137605373705e-01 2.1707395871867233e-01 -3.9236254450630399e-02 1.0000259512676837e+00 -3.9163316494637693e-04 5.3110549139642450e-02 1.1000000000000001e+00
5.7450000000000001e-01 -6.0653928614010744e-01 4.2794097898845654e-03 2.1300224694515718e-01 2.1705466200588722e-01 -3.7948810207775414e-02 1.0000257561255019e+00 -3.8893856383931814e-04 5.3110549139642450e-02 1.1000000000000001e+00
5.7500000000000007e-01 -6.0667629946472257e-01 4.3861550162878609e-03 2.1397775784184297e-01 2.1703601169483977e-01 -3.6650647734087778e-02 1.0000255623261289e+00 -3.8626190764687502e-04 5.3110549139642450e-02 1.1000000000000001e+00
5.7550000000000001e-01 -6.0681669606763555e-01 4.4933866392578630e-03 2.1494781791691961e-01 2.1701801314424005e-01 -3.5341768761762794e-02 1.0000253698606252e+00 -3.8360306634942009e-04 5.3110549139642450e-02 1.1000000000000001e+00
5.7600000000000007e-01 -6.0696049128661045e-01 4.6011019105577445e-03 2.1591233605571533e-01 2.1700067171176982e-01 -3.4022175661324622e-02 1.0000251787201151e+00 -3.8096191098062652e-04 5.3110549139642450e-02 1.1000000000000001e+00
5.7650000000000001e-01 -6.0710770037196471e-01 4.7092980364168971e-03 2.1687122086048310e-01 2.1698399275376851e-01 -3.2691871442755198e-02 1.0000249888957877e+00 -3.7833831361428708e-04 5.3110549139642450e-02 1.1000000000000001e+00
5.7699999999999996e-01 -6.0725833848487876e-01 4.8179721772604531e-03 2.1782438065301057e-01 2.1696798162490841e-01 -3.1350859761408792e-02 1.0000248003788963e+00 -3.7573214735908027e-04 5.3110549139642450e-02 1.1000000000000001e+00
5.7750000000000001e-01 -6.0741242069593959e-01 4.9271214475693657e-03 2.1877172347809765e-01 2.1695264367787001e-01 -2.9999144922120996e-02 1.0000246131607562e+00 -3.7314328635038111e-04 5.3110549139642450e-02 1.1000000000000001e+00
5.7799999999999996e-01 -6.0756996198395197e-01 5.0367429158742760e-03 2.1971315710782993e-01 2.1693798426302380e-01 -2.8636731881421712e-02 1.0000244272327463e+00 -3.7057160573928413e-04 5.3110549139642450e-02 1.1000000000000001e+00
5.7850000000000001e-01 -6.0773097723404435e-01 5.1468336044039366e-03 2.2064858904385914e-01 2.1692400872809048e-01 -2.7263626254675134e-02 1.0000242425863077e+00 -3.6801698168929461e-04 5.3110549139642450e-02 1.1000000000000001e+00
5.7899999999999996e-01 -6.0789548123664550e-01 5.2573904891672768e-03 2.2157792652224423e-01 2.1691072241782414e-01 -2.5879834317063977e-02 1.0000240592129426e+00 -3.6547929136363530e-04 5.3110549139642450e-02 1.1000000000000001e+00
5.7950000000000002e-01 -6.0806348868574922e-01 5.3684104996897814e-03 2.2250107651631168e-01 2.1689813067367303e-01 -2.4485363009511103e-02 1.0000238771042145e+00 -3.6295841292019243e-04 5.3110549139642450e-02 1.1000000000000001e+00
5.7999999999999996e-01 -6.0823501417743864e-01 5.4798905188824035e-03 2.2341794574033397e-01 2.1688623883344427e-01 -2.3080219942737689e-02 1.0000236962517477e+00 -3.6045422550362328e-04 5.3110549139642450e-02 1.1000000000000001e+00
5.8050000000000002e-01 -6.0841007220869636e-01 5.5918273830465569e-03 2.2432844065395538e-01 2.1687505223098047e-01 -2.1664413399361336e-02 1.0000235166472267e+00 -3.5796660923477676e-04 5.3110549139642450e-02 1.1000000000000001e+00
5.8099999999999996e-01 -6.0858867717545606e-01 5.7042178815282472e-03 2.2523246746475639e-01 2.1686457619580193e-01 -2.0237952341079769e-02 1.0000233382823966e+00 -3.5549544520749679e-04 5.3110549139642450e-02 1.1000000000000001e+00
5.8150000000000002e-01 -6.0877084337159071e-01 5.8170587568127678e-03 2.2612993213321447e-01 2.1685481605278792e-01 -1.8800846409498639e-02 1.0000231611490593e+00 -3.5304061547639153e-04 5.3110549139642450e-02 1.1000000000000001e+00
5.8199999999999996e-01 -6.0895658498714023e-01 5.9303467042681563e-03 2.2702074037581582e-01 2.1684577712182188e-01 -1.7353105932057005e-02 1.0000229852390783e+00 -3.5060200305195955e-04 5.3110549139642450e-02 1.1000000000000001e+00
5.8250000000000002e-01 -6.0914591610681201e-01 6.0440783720239538e-03 2.2790479766894109e-01 2.1683746471744689e-01 -1.5894741926019907e-02 1.0000228105443729e+00 -3.4817949189297232e-04 5.3110549139642450e-02 1.1000000000000001e+00
5.8299999999999996e-01 -6.0933885070879457e-01 6.1582503609870507e-03 2.2878200925343589e-01 2.1682988414853663e-01 -1.4425766100463004e-02 1.0000226370569221e+00 -3.4577296689629165e-04 5.3110549139642450e-02 1.1000000000000001e+00
5.8350000000000002e-01 -6.0953540266275430e-01 6.2728592245029939e-03 2.2965228013747224e-01 2.1682304071791994e-01 -1.2946190863480807e-02 1.0000224647687606e+00 -3.4338231389376437e-04 5.3110549139642450e-02 1.1000000000000001e+00
5.8399999999999996e-01 -6.0973558572884101e-01 6.3879014684628185e-03 2.3051551510161869e-01 2.1681693972205984e-01 -1.1456029322861459e-02 1.0000222936719814e+00 -3.4100741964045248e-04 5.3110549139642450e-02 1.1000000000000001e+00
5.8450000000000002e-01 -6.0993941355587333e-01 6.5033735510550243e-03 2.3137161870221509e-01 2.1681158645068438e-01 -9.9552952919968879e-03 1.0000221237587332e+00 -3.3864817180991670e-04 5.3110549139642450e-02 1.1000000000000001e+00
5.8499999999999996e-01 -6.1014689967982294e-01 6.6192718826538861e-03 2.3222049527545957e-01 2.1680698618643182e-01 -8.4440032938118796e-03 1.0000219550212206e+00 -3.3630445898687959e-04 5.3110549139642450e-02 1.1000000000000001e+00
5.8550000000000002e-01 -6.1035805752263084e-01 6.7355928258473266e-03 2.3306204894212884e-01 2.1680314420451705e-01 -6.9221685626176784e-03 1.0000217874517037e+00 -3.3397617065740795e-04 5.3110549139642450e-02 1.1000000000000001e+00
5.8599999999999997e-01 -6.1057290039015089e-01 6.8523326951053258e-03 2.3389618361073627e-01 2.1680006577233790e-01 -5.3898070513452717e-03 1.0000216210424975e+00 -3.3166319720591154e-04 5.3110549139642450e-02 1.1000000000000001e+00
5.8650000000000002e-01 -6.1079144147117359e-01 6.9694877569000026e-03 2.3472280298271472e-01 2.1679775614915284e-01 -3.8469354320500742e-03 1.0000214557859721e+00 -3.2936542990380030e-04 5.3110549139642450e-02 1.1000000000000001e+00
5.8699999999999997e-01 -6.1101369383557258e-01 7.0870542294659217e-03 2.3554181055605081e-01 2.1679622058569706e-01 -2.2935711018079508e-03 1.0000212916745510e+00 -3.2708276090493565e-04 5.3110549139642450e-02 1.1000000000000001e+00
5.8750000000000002e-01 -6.1123967043277316e-01 7.2050282826992967e-03 2.3635310962958139e-01 2.1679546432381780e-01 -7.2973218656182369e-04 1.0000211287007126e+00 -3.2481508323854653e-04 5.3110549139642450e-02 1.1000000000000001e+00
5.8799999999999997e-01 -6.1146938409057172e-01 7.3234060381974367e-03 2.3715660330785573e-01 2.1679549259613631e-01 8.4456245715240923e-04 1.0000209668569870e+00 -3.2256229079977958e-04 5.3110549139642450e-02 1.1000000000000001e+00
5.8850000000000002e-01 -6.1170284751303039e-01 7.4421835689358444e-03 2.3795219450460120e-01 2.1679631062563640e-01 2.4292932349684669e-03 1.0000208061359583e+00 -3.2032427834678104e-04 5.3110549139642450e-02 1.1000000000000001e+00
5.8899999999999997e-01 -6.1194007327951794e-01 7.5613568994009695e-03 2.3873978594800935e-01 2.1679792362534048e-01 4.0244398143509759e-03 1.0000206465302628e+00 -3.1810094148978162e-04 5.3110549139642450e-02 1.1000000000000001e+00
5.8950000000000002e-01 -6.1218107384282139e-01 7.6809220053603465e-03 2.3951928018463972e-01 2.1680033679791144e-01 5.6299811187340123e-03 1.0000204880325883e+00 -3.1589217668669172e-04 5.3110549139642450e-02 1.1000000000000001e+00
5.8999999999999997e-01 -6.1242586152759770e-01 7.8008748137723943e-03 2.4029057958392039e-01 2.1680355533527834e-01 7.2458953237545982e-03 1.0000203306356745e+00 -3.1369788123627762e-04 5.3110549139642450e-02 1.1000000000000001e+00
5.9050000000000002e-01 -6.1267444852920239e-01 7.9212112028385993e-03 2.4105358634315513e-01 2.1680758441829420e-01 8.8721598556728513e-03 1.0000201743323125e+00 -3.1151795326904918e-04 5.3110549139642450e-02 1.1000000000000001e+00
5.9099999999999997e-01 -6.1292684691153121e-01 8.0419270016892589e-03 2.4180820249129781e-01 2.1681242921630625e-01 1.0508751384129926e-02 1.0000200191153437e+00 -3.0935229174443692e-04 5.3110549139642450e-02 1.1000000000000001e+00
5.9150000000000003e-01 -6.1318306860608596e-01 8.1630179905299843e-03 2.4255432989434178e-01 2.1681809488683187e-01 1.2155645821993086e-02 1.0000198649776595e+00 -3.0720079644027304e-04 5.3110549139642450e-02 1.1000000000000001e+00
5.9199999999999997e-01 -6.1344312541004808e-01 8.2844799004215246e-03 2.4329187025949220e-01 2.1682458657514525e-01 1.3812818319527468e-02 1.0000197119122025e+00 -3.0506336794854029e-04 5.3110549139642450e-02 1.1000000000000001e+00
5.9250000000000003e-01 -6.1370702898471896e-01 8.4063084132014968e-03 2.4402072513987594e-01 2.1683190941389419e-01 1.5480243260729729e-02 1.0000195599119637e+00 -3.0293990766878254e-04 5.3110549139642450e-02 1.1000000000000001e+00
5.9299999999999997e-01 -6.1397479085435613e-01 8.5284991615488387e-03 2.4474079593968645e-01 2.1684006852275395e-01 1.7157894261890263e-02 1.0000194089699832e+00 -3.0083031779933273e-04 5.3110549139642450e-02 1.1000000000000001e+00
5.9350000000000003e-01 -6.1424642240396710e-01 8.6510477286798008e-03 2.4545198391827663e-01 2.1684906900797951e-01 1.8845744164368957e-02 1.0000192590793502e+00 -2.9873450133456597e-04 5.3110549139642450e-02 1.1000000000000001e+00
5.9399999999999997e-01 -6.1452193487839901e-01 8.7739496485076309e-03 2.4615419019564297e-01 2.1685891596208129e-01 2.0543765034619049e-02 1.0000191102332023e+00 -2.9665236205477657e-04 5.3110549139642450e-02 1.1000000000000001e+00
5.9450000000000003e-01 -6.1480133938037873e-01 8.8972004054335922e-03 2.4684731575687330e-01 2.1686961446339728e-01 2.2251928158413949e-02 1.0000189624247244e+00 -2.9458380452205949e-04 5.3110549139642450e-02 1.1000000000000001e+00
5.9499999999999997e-01 -6.1508464686894049e-01 9.0207954342802887e-03 2.4753126145706236e-01 2.1688116957570083e-01 2.3970204037278234e-02 1.0000188156471499e+00 -2.9252873407396152e-04 5.3110549139642450e-02 1.1000000000000001e+00
5.9550000000000003e-01 -6.1537186815827483e-01 9.1447301203695999e-03 2.4820592802659622e-01 2.1689358634785116e-01 2.5698562387211153e-02 1.0000186698937583e+00 -2.9048705681502136e-04 5.3110549139642450e-02 1.1000000000000001e+00
5.9599999999999997e-01 -6.1566301391547429e-01 9.2689997992288602e-03 2.4887121607556378e-01 2.1690686981332744e-01 2.7436972131479647e-02 1.0000185251578766e+00 -2.8845867961411022e-04 5.3110549139642450e-02 1.1000000000000001e+00
5.9650000000000003e-01 -6.1595809465964979e-01 9.3935997567648113e-03 2.4952702609933511e-01 2.1692102498990484e-01 2.9185401400839521e-02 1.0000183814328774e+00 -2.8644351009467515e-04 5.3110549139642450e-02 1.1000000000000001e+00
5.9699999999999998e-01 -6.1625712075993788e-01 9.5185252290656414e-03 2.5017325848328353e-01 2.1693605687921255e-01 3.0943817527815758e-02 1.0000182387121805e+00 -2.8444145663076334e-04 5.3110549139642450e-02 1.1000000000000001e+00
5.9750000000000003e-01 -6.1656010243392012e-01 9.6437714023473124e-03 2.5080981350791137e-01 2.1695197046633247e-01 3.2712187043251989e-02 1.0000180969892500e+00 -2.8245242834088830e-04 5.3110549139642450e-02 1.1000000000000001e+00
5.9799999999999998e-01 -6.1686704974648388e-01 9.7693334130444075e-03 2.5143659135426555e-01 2.1696877071944676e-01 3.4490475675190618e-02 1.0000179562575962e+00 -2.8047633507988630e-04 5.3110549139642450e-02 1.1000000000000001e+00
5.9850000000000003e-01 -6.1717797260752394e-01 9.8952063475282199e-03 2.5205349210867761e-01 2.1698646258935417e-01 3.6278648341707055e-02 1.0000178165107738e+00 -2.7851308743632558e-04 5.3110549139642450e-02 1.1000000000000001e+00
5.9899999999999998e-01 -6.1749288077108566e-01 1.0021385242294288e-02 2.5266041576842635e-01 2.1700505100914672e-01 3.8076669151322337e-02 1.0000176777423828e+00 -2.7656259672311715e-04 5.3110549139642450e-02 1.1000000000000001e+00
5.9950000000000003e-01 -6.1781178383334456e-01 1.0147865083777052e-02 2.5325726224674189e-01 2.1702454089375348e-01 3.9884501397360099e-02 1.0000175399460656e+00 -2.7462477497366082e-04 5.3110549139642450e-02 1.1000000000000001e+00
5.9999999999999998e-01 -6.1813469123101494e-01 1.0274640808308798e-02 2.5384393137813538e-01 2.1704493713953077e-01 4.1702107554611234e-02 1.0000174031155107e+00 -2.7269953493593409e-04 5.3110549139642450e-02 1.1000000000000001e+00
6.0050000000000003e-01 -6.1846161224022944e-01 1.0401707302224665e-02 2.5442032292394851e-01 2.1706624462390742e-01 4.3529449278390753e-02 1.0000172672444483e+00 -2.7078679006463727e-04 5.3110549139642450e-02 1.1000000000000001e+00
6.0099999999999998e-01 -6.1879255597419391e-01 1.0529059401592537e-02 2.5498633657742065e-01 2.1708846820488290e-01 4.5366487397412537e-02 1.0000171323266525e+00 -2.6888645451868330e-04 5.3110549139642450e-02 1.1000000000000001e+00
6.0150000000000003e-01 -6.1912753138236454e-01 1.0656691892415296e-02 2.5554187196943551e-01 2.1711161272070525e-01 4.7213181914412650e-02 1.0000169983559395e+00 -2.6699844315214791e-04 5.3110549139642450e-02 1.1000000000000001e+00
6.0199999999999998e-01 -6.1946654724839567e-01 1.0784599510457885e-02 2.5608682867380428e-01 2.1713568298940120e-01 4.9069492000581111e-02 1.0000168653261694e+00 -2.6512267151054673e-04 5.3110549139642450e-02 1.1000000000000001e+00
6.0250000000000004e-01 -6.1980961218854624e-01 1.0912776941220285e-02 2.5662110621280437e-01 2.1716068380835801e-01 5.0935375992364064e-02 1.0000167332312422e+00 -2.6325905582512388e-04 5.3110549139642450e-02 1.1000000000000001e+00
6.0299999999999998e-01 -6.2015673465057464e-01 1.1041218820056107e-02 2.5714460406285305e-01 2.1718661995396638e-01 5.2810791390691766e-02 1.0000166020651013e+00 -2.6140751300528974e-04 5.3110549139642450e-02 1.1000000000000001e+00
6.0350000000000004e-01 -6.2050792291135370e-01 1.1169919731916018e-02 2.5765722165991128e-01 2.1721349618110114e-01 5.4695694853919473e-02 1.0000164718217308e+00 -2.5956796063617346e-04 5.3110549139642450e-02 1.1000000000000001e+00
6.0399999999999998e-01 -6.2086318507607929e-01 1.1298874211564010e-02 2.5815885840530389e-01 2.1724131722280093e-01 5.6590042198654524e-02 1.0000163424951558e+00 -2.5774031696991381e-04 5.3110549139642450e-02 1.1000000000000001e+00
6.0450000000000004e-01 -6.2122252907619346e-01 1.1428076743418461e-02 2.5864941367128813e-01 2.1727008778978452e-01 5.8493788394287489e-02 1.0000162140794424e+00 -2.5592450092204856e-04 5.3110549139642450e-02 1.1000000000000001e+00
6.0499999999999998e-01 -6.2158596266778599e-01 1.1557521761538790e-02 2.5912878680679574e-01 2.1729981257002456e-01 6.0406887559928027e-02 1.0000160865686971e+00 -2.5412043206600899e-04 5.3110549139642450e-02 1.1000000000000001e+00
6.0550000000000004e-01 -6.2195349343051110e-01 1.1687203649758816e-02 2.5959687714323143e-01 2.1733049622838926e-01 6.2329292963824827e-02 1.0000159599570659e+00 -2.5232803062582540e-04 5.3110549139642450e-02 1.1000000000000001e+00
6.0599999999999998e-01 -6.2232512876516100e-01 1.1817116741443671e-02 2.6005358400021278e-01 2.1736214340610521e-01 6.4260957016371953e-02 1.0000158342387353e+00 -2.5054721747375320e-04 5.3110549139642450e-02 1.1000000000000001e+00
6.0650000000000004e-01 -6.2270087589291145e-01 1.1947255319721163e-02 2.6049880669146147e-01 2.1739475872043942e-01 6.6201831271159542e-02 1.0000157094079303e+00 -2.4877791412187904e-04 5.3110549139642450e-02 1.1000000000000001e+00
6.0699999999999998e-01 -6.2308074185321971e-01 1.2077613617336667e-02 2.6093244453065517e-01 2.1742834676420209e-01 6.8151866419602095e-02 1.0000155854589157e+00 -2.4702004271863064e-04 5.3110549139642450e-02 1.1000000000000001e+00
6.0750000000000004e-01 -6.2346473350222609e-01 1.2208185816654815e-02 2.6135439683737560e-01 2.1746291210531307e-01 7.0111012288031446e-02 1.0000154623859951e+00 -2.4527352604345631e-04 5.3110549139642450e-02 1.1000000000000001e+00
6.0799999999999998e-01 -6.2385285751169173e-01 1.2338966049807089e-02 2.6176456294302364e-01 2.1749845928644213e-01 7.2079217837302395e-02 1.0000153401835099e+00 -2.4353828749980211e-04 5.3110549139642450e-02 1.1000000000000001e+00
6.0850000000000004e-01 -6.2424512036653657e-01 1.2469948398463934e-02 2.6216284219690161e-01 2.1753499282445440e-01 7.4056431155891334e-02 1.0000152188458407e+00 -2.4181425111279484e-04 5.3110549139642450e-02 1.1000000000000001e+00
6.0899999999999999e-01 -6.2464152836412046e-01 1.2601126894080479e-02 2.6254913397216645e-01 2.1757251721009549e-01 7.6042599461162763e-02 1.0000150983674043e+00 -2.4010134152116467e-04 5.3110549139642450e-02 1.1000000000000001e+00
6.0950000000000004e-01 -6.2504208761212177e-01 1.2732495517766880e-02 2.6292333767196924e-01 2.1761103690748082e-01 7.8037669094120729e-02 1.0000149787426569e+00 -2.3839948397385853e-04 5.3110549139642450e-02 1.1000000000000001e+00
6.0999999999999999e-01 -6.2544680402693809e-01 1.2864048200304670e-02 2.6328535273560405e-01 2.1765055635365499e-01 8.0041585516654287e-02 1.0000148599660907e+00 -2.3670860432491015e-04 5.3110549139642450e-02 1.1000000000000001e+00
6.1050000000000004e-01 -6.2585568333265063e-01 1.2995778822309742e-02 2.6363507864453833e-01 2.1769107995823145e-01 8.2054293311350487e-02 1.0000147420322352e+00 -2.3502862902666610e-04 5.3110549139642450e-02 1.1000000000000001e+00
6.1099999999999999e-01 -6.2626873105852499e-01 1.3127681214019638e-02 2.6397241492883711e-01 2.1773261210282069e-01 8.4075736174684598e-02 1.0000146249356567e+00 -2.3335948512753589e-04 5.3110549139642450e-02 1.1000000000000001e+00
6.1150000000000004e-01 -6.2668595253833537e-01 1.3259749155554683e-02 2.6429726117317492e-01 2.1777515714071888e-01 8.6105856918522669e-02 1.0000145086709569e+00 -2.3170110026420781e-04 5.3110549139642450e-02 1.1000000000000001e+00
6.1199999999999999e-01 -6.2710735290822062e-01 1.3391976376803583e-02 2.6460951702326035e-01 2.1781871939638414e-01 8.8144597464993715e-02 1.0000143932327752e+00 -2.3005340265837328e-04 5.3110549139642450e-02 1.1000000000000001e+00
6.1250000000000004e-01 -6.2753293710509150e-01 1.3524356557455848e-02 2.6490908219218590e-01 2.1786330316498945e-01 9.0191898843911975e-02 1.0000142786157851e+00 -2.2841632111176882e-04 5.3110549139642450e-02 1.1000000000000001e+00
6.1299999999999999e-01 -6.2796270986561986e-01 1.3656883327179530e-02 2.6519585646656735e-01 2.1790891271206175e-01 9.2247701192790271e-02 1.0000141648146965e+00 -2.2678978499965374e-04 5.3110549139642450e-02 1.1000000000000001e+00
6.1350000000000005e-01 -6.2839667572370961e-01 1.3789550265425473e-02 2.6546973971331372e-01 2.1795555227289368e-01 9.4311943750149896e-02 1.0000140518242540e+00 -2.2517372426861295e-04 5.3110549139642450e-02 1.1000000000000001e+00
6.1399999999999999e-01 -6.2883483900986015e-01 1.3922350901703066e-02 2.6573063188568841e-01 2.1800322605223582e-01 9.6384564857250707e-02 1.0000139396392378e+00 -2.2356806942906693e-04 5.3110549139642450e-02 1.1000000000000001e+00
6.1450000000000005e-01 -6.2927720384900832e-01 1.4055278715482738e-02 2.6597843303002194e-01 2.1805193822376071e-01 9.8465501953110768e-02 1.0000138282544617e+00 -2.2197275155209155e-04 5.3110549139642450e-02 1.1000000000000001e+00
6.1499999999999999e-01 -6.2972377415894121e-01 1.4188327136244025e-02 2.6621304329225909e-01 2.1810169292960929e-01 1.0055469157210090e-01 1.0000137176647748e+00 -2.2038770226463710e-04 5.3110549139642450e-02 1.1000000000000001e+00
6.1550000000000005e-01 -6.3017455364931430e-01 1.4321489543669271e-02 2.6643436292420131e-01 2.1815249428003045e-01 1.0265206934418010e-01 1.0000136078650594e+00 -2.1881285374323716e-04 5.3110549139642450e-02 1.1000000000000001e+00
6.1599999999999999e-01 -6.3062954581909281e-01 1.4454759267464744e-02 2.6664229229062492e-01 2.1820434635277594e-01 1.0475756998832471e-01 1.0000134988502323e+00 -2.1724813871187352e-04 5.3110549139642450e-02 1.1000000000000001e+00
6.1650000000000005e-01 -6.3108875395596065e-01 1.4588129587652099e-02 2.6683673187538481e-01 2.1825725319279765e-01 1.0687112731450639e-01 1.0000133906152429e+00 -2.1569349043475824e-04 5.3110549139642450e-02 1.1000000000000001e+00
6.1699999999999999e-01 -6.3155218113414802e-01 1.4721593734487505e-02 2.6701758228841405e-01 2.1831121881169901e-01 1.0899267421885700e-01 1.0000132831550750e+00 -2.1414884271325706e-04 5.3110549139642450e-02 1.1000000000000001e+00
6.1750000000000005e-01 -6.3201983021285235e-01 1.4855144888526834e-02 2.6718474427246608e-01 2.1836624718727576e-01 1.1112214268146003e-01 1.0000131764647444e+00 -2.1261412988126768e-04 5.3110549139642450e-02 1.1000000000000001e+00
6.1799999999999999e-01 -6.3249170383528941e-01 1.4988776180834582e-02 2.6733811870945440e-01 2.1842234226315643e-01 1.1325946376680079e-01 1.0000130705393002e+00 -2.1108928679916281e-04 5.3110549139642450e-02 1.1000000000000001e+00
6.1850000000000005e-01 -6.3296780442610701e-01 1.5122480692823728e-02 2.6747760662792081e-01 2.1847950794818100e-01 1.1540456761734395e-01 1.0000129653738234e+00 -2.0957424885170392e-04 5.3110549139642450e-02 1.1000000000000001e+00
6.1899999999999999e-01 -6.3344813419084223e-01 1.5256251456561992e-02 2.6760310920917296e-01 2.1853774811610324e-01 1.1755738345574993e-01 1.0000128609634280e+00 -2.0806895194109664e-04 5.3110549139642450e-02 1.1000000000000001e+00
6.1950000000000005e-01 -6.3393269511373596e-01 1.5390081454709314e-02 2.6771452779457200e-01 2.1859706660503048e-01 1.1971783958021281e-01 1.0000127573032587e+00 -2.0657333248400340e-04 5.3110549139642450e-02 1.1000000000000001e+00
6.2000000000000000e-01 -6.3442148895616735e-01 1.5523963620599667e-02 2.6781176389246464e-01 2.1865746721695897e-01 1.2188586336244371e-01 1.0000126543884928e+00 -2.0508732740708591e-04 5.3110549139642450e-02 1.1000000000000001e+00
6.2050000000000005e-01 -6.3491451725573800e-01 1.5657890838466401e-02 2.6789471918461555e-01 2.1871895371741579e-01 1.2406138124835779e-01 1.0000125522143393e+00 -2.0361087414116371e-04 5.3110549139642450e-02 1.1000000000000001e+00
6.2100000000000000e-01 -6.3541178132366205e-01 1.5791855943300757e-02 2.6796329553402592e-01 2.1878152983482158e-01 1.2624431875179984e-01 1.0000124507760373e+00 -2.0214391061918537e-04 5.3110549139642450e-02 1.1000000000000001e+00
6.2150000000000005e-01 -6.3591328224427357e-01 1.5925851721173948e-02 2.6801739499109700e-01 2.1884519926019896e-01 1.2843460045701968e-01 1.0000123500688571e+00 -2.0068637526953769e-04 5.3110549139642450e-02 1.1000000000000001e+00
6.2200000000000000e-01 -6.3641902087283198e-01 1.6059870909192780e-02 2.6805691980120427e-01 2.1890996564660051e-01 1.3063215001418069e-01 1.0000122500881006e+00 -1.9923820701315439e-04 5.3110549139642450e-02 1.1000000000000001e+00
6.2250000000000005e-01 -6.3692899783397150e-01 1.6193906195599472e-02 2.6808177241181724e-01 2.1897583260863973e-01 1.3283689013756031e-01 1.0000121508290991e+00 -1.9779934525920704e-04 5.3110549139642450e-02 1.1000000000000001e+00
6.2300000000000000e-01 -6.3744321352082123e-01 1.6327950220012735e-02 2.6809185547901665e-01 2.1904280372213461e-01 1.3504874260646596e-01 1.0000120522872142e+00 -1.9636972989948198e-04 5.3110549139642450e-02 1.1000000000000001e+00
6.2350000000000005e-01 -6.3796166809237631e-01 1.6461995573306711e-02 2.6808707187566400e-01 2.1911088252345523e-01 1.3726762825913877e-01 1.0000119544578381e+00 -1.9494930130639691e-04 5.3110549139642450e-02 1.1000000000000001e+00
6.2400000000000000e-01 -6.3848436147305454e-01 1.6596034797948082e-02 2.6806732469758360e-01 2.1918007250923835e-01 1.3949346699547774e-01 1.0000118573363919e+00 -1.9353800032656502e-04 5.3110549139642450e-02 1.1000000000000001e+00
6.2450000000000006e-01 -6.3901129335049955e-01 1.6730060387971382e-02 2.6803251727142102e-01 2.1925037713580464e-01 1.4172617777274735e-01 1.0000117609183261e+00 -1.9213576827798682e-04 5.3110549139642450e-02 1.1000000000000001e+00
6.2500000000000000e-01 -6.3954246317404495e-01 1.6864064789096411e-02 2.6798255316194697e-01 2.1932179981868530e-01 1.4396567860399018e-01 1.0000116651991218e+00 -1.9074254694589440e-04 5.3110549139642450e-02 1.1000000000000001e+00
6.2550000000000006e-01 -6.4007787015387541e-01 1.6998040398986180e-02 2.6791733617865204e-01 2.1939434393226834e-01 1.4621188655919362e-01 1.0000115701742873e+00 -1.8935827857732948e-04 5.3110549139642450e-02 1.1000000000000001e+00
6.2600000000000000e-01 -6.4061751325837879e-01 1.7131979567146228e-02 2.6783677038426751e-01 2.1946801280913081e-01 1.4846471775937195e-01 1.0000114758393606e+00 -1.8798290587921352e-04 5.3110549139642450e-02 1.1000000000000001e+00
6.2650000000000006e-01 -6.4116139121375970e-01 1.7265874595277682e-02 2.6774076010095754e-01 2.1954280973976123e-01 1.5072408737955936e-01 1.0000113821899081e+00 -1.8661637201214897e-04 5.3110549139642450e-02 1.1000000000000001e+00
6.2700000000000000e-01 -6.4170950250183678e-01 1.7399717737272075e-02 2.6762920991845957e-01 2.1961873797196552e-01 1.5298990964471468e-01 1.0000112892215247e+00 -1.8525862058770085e-04 5.3110549139642450e-02 1.1000000000000001e+00
6.2750000000000006e-01 -6.4226184535853081e-01 1.7533501199347767e-02 2.6750202470156720e-01 2.1969580071039058e-01 1.5526209782837144e-01 1.0000111969298331e+00 -1.8390959566437991e-04 5.3110549139642450e-02 1.1000000000000001e+00
6.2800000000000000e-01 -6.4281841777306459e-01 1.7667217140323925e-02 2.6735910959679676e-01 2.1977400111617332e-01 1.5754056425404697e-01 1.0000111053104841e+00 -1.8256924174242436e-04 5.3110549139642450e-02 1.1000000000000001e+00
6.2850000000000006e-01 -6.4337921748530336e-01 1.7800857671542124e-02 2.6720037004125791e-01 2.1985334230625883e-01 1.5982522028953350e-01 1.0000110143591556e+00 -1.8123750376191318e-04 5.3110549139642450e-02 1.1000000000000001e+00
6.2900000000000000e-01 -6.4394424198542288e-01 1.7934414857234349e-02 2.6702571176884637e-01 2.1993382735313011e-01 1.6211597635014963e-01 1.0000109240715533e+00 -1.7991432709680533e-04 5.3110549139642450e-02 1.1000000000000001e+00
6.2950000000000006e-01 -6.4451348851171086e-01 1.8067880714539061e-02 2.6683504081866488e-01 2.2001545928420452e-01 1.6441274189487073e-01 1.0000108344434102e+00 -1.7859965755229930e-04 5.3110549139642450e-02 1.1000000000000001e+00
6.3000000000000000e-01 -6.4508695404907412e-01 1.8201247213655986e-02 2.6662826354268049e-01 2.2009824108135376e-01 1.6671542542521098e-01 1.0000107454704870e+00 -1.7729344136095996e-04 5.3110549139642450e-02 1.1000000000000001e+00
6.3050000000000006e-01 -6.4566463532828711e-01 1.8334506278137399e-02 2.6640528661245372e-01 2.2018217568055737e-01 1.6902393448689768e-01 1.0000106571485690e+00 -1.7599562517768861e-04 5.3110549139642450e-02 1.1000000000000001e+00
6.3100000000000001e-01 -6.4624652882331790e-01 1.8467649784831810e-02 2.6616601702835929e-01 2.2026726597120627e-01 1.7133817566437062e-01 1.0000105694734707e+00 -1.7470615607788651e-04 5.3110549139642450e-02 1.1000000000000001e+00
6.3150000000000006e-01 -6.4683263075105935e-01 1.8600669564267931e-02 2.6591036212576930e-01 2.2035351479584148e-01 1.7365805458431291e-01 1.0000104824410307e+00 -1.7342498155171641e-04 5.3110549139642450e-02 1.1000000000000001e+00
6.3200000000000001e-01 -6.4742293706913157e-01 1.8733557400691665e-02 2.6563822958375299e-01 2.2044092494954060e-01 1.7598347591200422e-01 1.0000103960471152e+00 -1.7215204950154608e-04 5.3110549139642450e-02 1.1000000000000001e+00
6.3250000000000006e-01 -6.4801744347441748e-01 1.8866305032240738e-02 2.6534952743290097e-01 2.2052949917943607e-01 1.7831434335046129e-01 1.0000103102876161e+00 -1.7088730823820589e-04 5.3110549139642450e-02 1.1000000000000001e+00
6.3300000000000001e-01 -6.4861614540235690e-01 1.8998904151252376e-02 2.6504416406211112e-01 2.2061924018437243e-01 1.8065055964236726e-01 1.0000102251584506e+00 -1.6963070647614960e-04 5.3110549139642450e-02 1.1000000000000001e+00
6.3350000000000006e-01 -6.4921903802426728e-01 1.9131346404230972e-02 2.6472204822815604e-01 2.2071015061419694e-01 1.8299202656481239e-01 1.0000101406555615e+00 -1.6838219333165888e-04 5.3110549139642450e-02 1.1000000000000001e+00
6.3400000000000001e-01 -6.4982611624713460e-01 1.9263623392247017e-02 2.6438308906184904e-01 2.2080223306950700e-01 1.8533864493309110e-01 1.0000100567749175e+00 -1.6714171831732797e-04 5.3110549139642450e-02 1.1000000000000001e+00
6.3450000000000006e-01 -6.5043737471142593e-01 1.9395726670996639e-02 2.6402719607701686e-01 2.2089549010102855e-01 1.8769031459730875e-01 1.0000099735125116e+00 -1.6590923133958098e-04 5.3110549139642450e-02 1.1000000000000001e+00
6.3500000000000001e-01 -6.5105280778965169e-01 1.9527647750995542e-02 2.6365427917848683e-01 2.2098992420913149e-01 1.9004693444177387e-01 1.0000098908643631e+00 -1.6468468269506436e-04 5.3110549139642450e-02 1.1000000000000001e+00
6.3550000000000006e-01 -6.5167240958571182e-01 1.9659378097904179e-02 2.6326424866892045e-01 2.2108553784349294e-01 1.9240840238720588e-01 1.0000098088265141e+00 -1.6346802306598429e-04 5.3110549139642450e-02 1.1000000000000001e+00
6.3600000000000001e-01 -6.5229617393221173e-01 1.9790909132519297e-02 2.6285701525872590e-01 2.2118233340237470e-01 1.9477461538571592e-01 1.0000097273950330e+00 -1.6225920351836001e-04 5.3110549139642450e-02 1.1000000000000001e+00
6.3650000000000007e-01 -6.5292409439031907e-01 1.9922232231188695e-02 2.6243249007219510e-01 2.2128031323238048e-01 1.9714546942489120e-01 1.0000096465660120e+00 -1.6105817549671574e-04 5.3110549139642450e-02 1.1000000000000001e+00
6.3700000000000001e-01 -6.5355616424758523e-01 2.0053338725893127e-02 2.6199058465674763e-01 2.2137947962782603e-01 1.9952085952465243e-01 1.0000095663355670e+00 -1.5986489082167881e-04 5.3110549139642450e-02 1.1000000000000001e+00
6.3750000000000007e-01 -6.5419237651654250e-01 2.0184219904460808e-02 2.6153121099107346e-01 2.2147983483025394e-01 2.0190067973692419e-01 1.0000094866998388e+00 -1.5867930168649472e-04 5.3110549139642450e-02 1.1000000000000001e+00
6.3800000000000001e-01 -6.5483272393410086e-01 2.0314867010909284e-02 2.6105428149200538e-01 2.2158138102810196e-01 2.0428482314811042e-01 1.0000094076549910e+00 -1.5750136065254379e-04 5.3110549139642450e-02 1.1000000000000001e+00
6.3850000000000007e-01 -6.5547719895886647e-01 2.0445271245462648e-02 2.6055970902477327e-01 2.2168412035596877e-01 2.0667318187434869e-01 1.0000093291972110e+00 -1.5633102064763443e-04 5.3110549139642450e-02 1.1000000000000001e+00
6.3900000000000001e-01 -6.5612579377106273e-01 2.0575423764981154e-02 2.6004740690910394e-01 2.2178805489438169e-01 2.0906564706586869e-01 1.0000092513227110e+00 -1.5516823496090445e-04 5.3110549139642450e-02 1.1000000000000001e+00
6.3950000000000007e-01 -6.5677850027036933e-01 2.0705315683066963e-02 2.5951728892872894e-01 2.2189318666915930e-01 2.1146210890413047e-01 1.0000091740277248e+00 -1.5401295724048932e-04 5.3110549139642450e-02 1.1000000000000001e+00
6.4000000000000001e-01 -6.5743531007455291e-01 2.0834938070298799e-02 2.5896926933967856e-01 2.2199951765092540e-01 2.1386245660176662e-01 1.0000090973085103e+00 -1.5286514149016509e-04 5.3110549139642450e-02 1.1000000000000001e+00
6.4049999999999996e-01 -6.5809621451892053e-01 2.0964281954591442e-02 2.5840326287718157e-01 2.2210704975478451e-01 2.1626657840534749e-01 1.0000090211613475e+00 -1.5172474206503109e-04 5.3110549139642450e-02 1.1000000000000001e+00
6.4100000000000001e-01 -6.5876120465364185e-01 2.1093338321238681e-02 2.5781918476626020e-01 2.2221578483957571e-01 2.1867436159091122e-01 1.0000089455825398e+00 -1.5059171366984931e-04 5.3110549139642450e-02 1.1000000000000001e+00
6.4149999999999996e-01 -6.5943027124374021e-01 2.1222098113358276e-02 2.5721695072778056e-01 2.2232572470765147e-01 2.2108569246861071e-01 1.0000088705684129e+00 -1.4946601135414374e-04 5.3110549139642450e-02 1.1000000000000001e+00
6.4200000000000002e-01 -6.6010340476695017e-01 2.1350552232021779e-02 2.5659647698821980e-01 2.2243687110423394e-01 2.2350045638013744e-01 1.0000087961153148e+00 -1.4834759050994168e-04 5.3110549139642450e-02 1.1000000000000001e+00
6.4249999999999996e-01 -6.6078059541238654e-01 2.1478691536510070e-02 2.5595768028810345e-01 2.2254922571692878e-01 2.2591853769895395e-01 1.0000087222196161e+00 -1.4723640686853683e-04 5.3110549139642450e-02 1.1000000000000001e+00
6.4300000000000002e-01 -6.6146183308005591e-01 2.1606506844690190e-02 2.5530047788892457e-01 2.2266279017540797e-01 2.2833981983334722e-01 1.0000086488777089e+00 -1.4613241649633697e-04 5.3110549139642450e-02 1.1000000000000001e+00
6.4349999999999996e-01 -6.6214710737818838e-01 2.1733988933085042e-02 2.5462478758407392e-01 2.2277756605065288e-01 2.3076418522225375e-01 1.0000085760860080e+00 -1.4503557579324762e-04 5.3110549139642450e-02 1.1000000000000001e+00
6.4400000000000002e-01 -6.6283640762330021e-01 2.1861128537333723e-02 2.5393052770482905e-01 2.2289355485474530e-01 2.3319151534020155e-01 1.0000085038409487e+00 -1.4394584148796178e-04 5.3110549139642450e-02 1.1000000000000001e+00
6.4449999999999996e-01 -6.6352972283807277e-01 2.1987916352345649e-02 2.5321761713037899e-01 2.2301075804021708e-01 2.3562169069502606e-01 1.0000084321389893e+00 -1.4286317063577652e-04 5.3110549139642450e-02 1.1000000000000001e+00
6.4500000000000002e-01 -6.6422704175006486e-01 2.2114343032577827e-02 2.5248597529639205e-01 2.2312917699956561e-01 2.3805459082841088e-01 1.0000083609766079e+00 -1.4178752061546945e-04 5.3110549139642450e-02 1.1000000000000001e+00
6.4549999999999996e-01 -6.6492835279128448e-01 2.2240399192428525e-02 2.5173552220194906e-01 2.2324881306494418e-01 2.4049009431922574e-01 1.0000082903503054e+00 -1.4071884912531074e-04 5.3110549139642450e-02 1.1000000000000001e+00
6.4600000000000002e-01 -6.6563364409553438e-01 2.2366075406335183e-02 2.5096617842080021e-01 2.2336966750739515e-01 2.4292807877967490e-01 1.0000082202566030e+00 -1.3965711418148562e-04 5.3110549139642450e-02 1.1000000000000001e+00
6.4649999999999996e-01 -6.6634290349854775e-01 2.2491362209249164e-02 2.5017786510728551e-01 2.2349174153665360e-01 2.4536842086052196e-01 1.0000081506920424e+00 -1.3860227411357582e-04 5.3110549139642450e-02 1.1000000000000001e+00
6.4700000000000002e-01 -6.6705611853589442e-01 2.2616250096815713e-02 2.4937050400660596e-01 2.2361503630049195e-01 2.4781099624912847e-01 1.0000080816531864e+00 -1.3755428756244252e-04 5.3110549139642450e-02 1.1000000000000001e+00
6.4749999999999996e-01 -6.6777327644173812e-01 2.2740729525672347e-02 2.4854401746351906e-01 2.2373955288423664e-01 2.5025567967029572e-01 1.0000080131366191e+00 -1.3651311347722108e-04 5.3110549139642450e-02 1.1000000000000001e+00
6.4800000000000002e-01 -6.6849436414847263e-01 2.2864790913860338e-02 2.4769832842926995e-01 2.2386529231046776e-01 2.5270234488990911e-01 1.0000079451389445e+00 -1.3547871111148544e-04 5.3110549139642450e-02 1.1000000000000001e+00
6.4849999999999997e-01 -6.6921936828408379e-01 2.2988424640950678e-02 2.4683336047317553e-01 2.2399225553824256e-01 2.5515086471140985e-01 1.0000078776567862e+00 -1.3445104002171723e-04 5.3110549139642450e-02 1.1000000000000001e+00
6.4900000000000002e-01 -6.6994827517236288e-01 2.3111621048534033e-02 2.4594903778845900e-01 2.2412044346291304e-01 2.5760111098132193e-01 1.0000078106867893e+00 -1.3343006006296551e-04 5.3110549139642450e-02 1.1000000000000001e+00
6.4949999999999997e-01 -6.7068107083084205e-01 2.3234370440426172e-02 2.4504528520276567e-01 2.2424985691546540e-01 2.6005295458761030e-01 1.0000077442256174e+00 -1.3241573138680302e-04 5.3110549139642450e-02 1.1000000000000001e+00
6.5000000000000002e-01 -6.7141774096960183e-01 2.3356663082988768e-02 2.4412202818697273e-01 2.2438049666203988e-01 2.6250626546084976e-01 1.0000076782699558e+00 -1.3140801443842898e-04 5.3110549139642450e-02 1.1000000000000001e+00
6.5049999999999997e-01 -6.7215827099097181e-01 2.3478489205557673e-02 2.4317919286211312e-01 2.2451236340363931e-01 2.6496091257816445e-01 1.0000076128165079e+00 -1.3040686995298905e-04 5.3110549139642450e-02 1.1000000000000001e+00
6.5100000000000002e-01 -6.7290264598691707e-01 2.3599839000598748e-02 2.4221670601127412e-01 2.2464545777534489e-01 2.6741676396005620e-01 1.0000075478619967e+00 -1.2941225895408368e-04 5.3110549139642450e-02 1.1000000000000001e+00
6.5149999999999997e-01 -6.7365085073932818e-01 2.3720702624211793e-02 2.4123449508534153e-01 2.2477978034614707e-01 2.6987368667621831e-01 1.0000074834031663e+00 -1.2842414274960893e-04 5.3110549139642450e-02 1.1000000000000001e+00
6.5200000000000002e-01 -6.7440286971799324e-01 2.3841070196363078e-02 2.4023248821374529e-01 2.2491533161828231e-01 2.7233154684424454e-01 1.0000074194367778e+00 -1.2744248292977710e-04 5.3110549139642450e-02 1.1000000000000001e+00
6.5249999999999997e-01 -6.7515868707945537e-01 2.3960931801227766e-02 2.3921061421338108e-01 2.2505211202675540e-01 2.7479020963111767e-01 1.0000073559596137e+00 -1.2646724136433299e-04 5.3110549139642450e-02 1.1000000000000001e+00
6.5300000000000002e-01 -6.7591828666678544e-01 2.4080277487635981e-02 2.3816880259550921e-01 2.2519012193905899e-01 2.7724953925746509e-01 1.0000072929684733e+00 -1.2549838019901809e-04 5.3110549139642450e-02 1.1000000000000001e+00
6.5349999999999997e-01 -6.7668165200699204e-01 2.4199097269258330e-02 2.3710698357796817e-01 2.2532936165438117e-01 2.7970939899474373e-01 1.0000072304601764e+00 -1.2453586185412556e-04 5.3110549139642450e-02 1.1000000000000001e+00
6.5400000000000003e-01 -6.7744876631139639e-01 2.4317381125124472e-02 2.3602508809080811e-01 2.2546983140345175e-01 2.8216965117135989e-01 1.0000071684315606e+00 -1.2357964902050999e-04 5.3110549139642450e-02 1.1000000000000001e+00
6.5449999999999997e-01 -6.7821961247363893e-01 2.4435118999882387e-02 2.3492304778726689e-01 2.2561153134787609e-01 2.8463015717172502e-01 1.0000071068794825e+00 -1.2262970465767926e-04 5.3110549139642450e-02 1.1000000000000001e+00
6.5500000000000003e-01 -6.7899417306859644e-01 2.4552300804163645e-02 2.3380079505278534e-01 2.2575446157966167e-01 2.8709077743809036e-01 1.0000070458008172e+00 -1.2168599199111439e-04 5.3110549139642450e-02 1.1000000000000001e+00
6.5549999999999997e-01 -6.7977243035222390e-01 2.4668916415046271e-02 2.3265826301187756e-01 2.2589862212094824e-01 2.8955137147510618e-01 1.0000069851924580e+00 -1.2074847450888148e-04 5.3110549139642450e-02 1.1000000000000001e+00
6.5600000000000003e-01 -6.8055436625899868e-01 2.4784955676271578e-02 2.3149538554064406e-01 2.2604401292320941e-01 2.9201179784739661e-01 1.0000069250513164e+00 -1.1981711596022682e-04 5.3110549139642450e-02 1.1000000000000001e+00
6.5649999999999997e-01 -6.8133996240237593e-01 2.4900408398776303e-02 2.3031209727229066e-01 2.2619063386711430e-01 2.9447191418597041e-01 1.0000068653743217e+00 -1.1889188035175765e-04 5.3110549139642450e-02 1.1000000000000001e+00
6.5700000000000003e-01 -6.8212920007284095e-01 2.5015264360979932e-02 2.2910833360831737e-01 2.2633848476185930e-01 2.9693157718765312e-01 1.0000068061584215e+00 -1.1797273194559780e-04 5.3110549139642450e-02 1.1000000000000001e+00
6.5749999999999997e-01 -6.8292206023688340e-01 2.5129513309172284e-02 2.2788403072762545e-01 2.2648756534470002e-01 2.9939064261726089e-01 1.0000067474005812e+00 -1.1705963525681587e-04 5.3110549139642450e-02 1.1000000000000001e+00
6.5800000000000003e-01 -6.8371852353691620e-01 2.5243144957993860e-02 2.2663912559333962e-01 2.2663787528069307e-01 3.0184896531248345e-01 1.0000066890977835e+00 -1.1615255505017494e-04 5.3110549139642450e-02 1.1000000000000001e+00
6.5849999999999997e-01 -6.8451857028875374e-01 2.5356148990683929e-02 2.2537355596562039e-01 2.2678941416189194e-01 3.0430639918184960e-01 1.0000066312470290e+00 -1.1525145633877436e-04 5.3110549139642450e-02 1.1000000000000001e+00
6.5900000000000003e-01 -6.8532218048215521e-01 2.5468515059626714e-02 2.2408726040704705e-01 2.2694218150722531e-01 3.0676279721144478e-01 1.0000065738453359e+00 -1.1435630438039075e-04 5.3110549139642450e-02 1.1000000000000001e+00
6.5949999999999998e-01 -6.8612933377892238e-01 2.5580232786666560e-02 2.2278017829401900e-01 2.2709617676182778e-01 3.0921801146471906e-01 1.0000065168897392e+00 -1.1346706467570354e-04 5.3110549139642450e-02 1.1000000000000001e+00
6.6000000000000003e-01 -6.8694000951193901e-01 2.5691291763518750e-02 2.2145224982593489e-01 2.2725139929657753e-01 3.1167189308502297e-01 1.0000064603772916e+00 -1.1258370296582294e-04 5.3110549139642450e-02 1.1000000000000001e+00
6.6049999999999998e-01 -6.8775418668516430e-01 2.5801681552266469e-02 2.2010341603196382e-01 2.2740784840785089e-01 3.1412429230080252e-01 1.0000064043050625e+00 -1.1170618522918031e-04 5.3110549139642450e-02 1.1000000000000001e+00
6.6100000000000003e-01 -6.8857184397115678e-01 2.5911391685641692e-02 2.1873361878413827e-01 2.2756552331671362e-01 3.1657505842398853e-01 1.0000063486701383e+00 -1.1083447768021101e-04 5.3110549139642450e-02 1.1000000000000001e+00
6.6149999999999998e-01 -6.8939295971170000e-01 2.6020411667584193e-02 2.1734280080259799e-01 2.2772442316881636e-01 3.1902403985700473e-01 1.0000062934696219e+00 -1.0996854676585769e-04 5.3110549139642450e-02 1.1000000000000001e+00
6.6200000000000003e-01 -6.9021751191595770e-01 2.6128730973585933e-02 2.1593090566718415e-01 2.2788454703372532e-01 3.2147108409298086e-01 1.0000062387006341e+00 -1.0910835916385878e-04 5.3110549139642450e-02 1.1000000000000001e+00
6.6249999999999998e-01 -6.9104547825957541e-01 2.6236339051124481e-02 2.1449787782668883e-01 2.2804589390446678e-01 3.2391603771864380e-01 1.0000061843603110e+00 -1.0825388178038090e-04 5.3110549139642450e-02 1.1000000000000001e+00
6.6300000000000003e-01 -6.9187683608475803e-01 2.6343225320177199e-02 2.1304366260555280e-01 2.2820846269729528e-01 3.2635874641984303e-01 1.0000061304458061e+00 -1.0740508174704040e-04 5.3110549139642450e-02 1.1000000000000001e+00
6.6349999999999998e-01 -6.9271156239783582e-01 2.6449379173534845e-02 2.1156820621723946e-01 2.2837225225088084e-01 3.2879905498036455e-01 1.0000060769542887e+00 -1.0656192641963403e-04 5.3110549139642450e-02 1.1000000000000001e+00
6.6400000000000003e-01 -6.9354963386998525e-01 2.6554789977373889e-02 2.1007145576931679e-01 2.2853726132622296e-01 3.3123680728924609e-01 1.0000060238829442e+00 -1.0572438337479402e-04 5.3110549139642450e-02 1.1000000000000001e+00
6.6449999999999998e-01 -6.9439102683543563e-01 2.6659447071629701e-02 2.0855335927524288e-01 2.2870348860598186e-01 3.3367184634139174e-01 1.0000059712289753e+00 -1.0489242040834572e-04 5.3110549139642450e-02 1.1000000000000001e+00
6.6500000000000004e-01 -6.9523571729064493e-01 2.6763339770453604e-02 2.0701386566366425e-01 2.2887093269403100e-01 3.3610401424084280e-01 1.0000059189895991e+00 -1.0406600553303639e-04 5.3110549139642450e-02 1.1000000000000001e+00
6.6549999999999998e-01 -6.9608368089445682e-01 2.6866457362743266e-02 2.0545292478503779e-01 2.2903959211523905e-01 3.3853315220662056e-01 1.0000058671620504e+00 -1.0324510697569079e-04 5.3110549139642450e-02 1.1000000000000001e+00
6.6600000000000004e-01 -6.9693489296572264e-01 2.6968789112490489e-02 2.0387048742526515e-01 2.2920946531465550e-01 3.4095910057199758e-01 1.0000058157435781e+00 -1.0242969317598435e-04 5.3110549139642450e-02 1.1000000000000001e+00
6.6649999999999998e-01 -6.9778932848410924e-01 2.7070324259365636e-02 2.0226650531060839e-01 2.2938055065744223e-01 3.4338169879210306e-01 1.0000057647314480e+00 -1.0161973278325225e-04 5.3110549139642450e-02 1.1000000000000001e+00
6.6700000000000004e-01 -6.9864696208837118e-01 2.7171052019120873e-02 2.0064093111964657e-01 2.2955284642820795e-01 3.4580078544496812e-01 1.0000057141229413e+00 -1.0081519465490958e-04 5.3110549139642450e-02 1.1000000000000001e+00
6.6749999999999998e-01 -6.9950776807559789e-01 2.7270961584070122e-02 1.9899371849262043e-01 2.2972635083056839e-01 3.4821619823516808e-01 1.0000056639153549e+00 -1.0001604785428115e-04 5.3110549139642450e-02 1.1000000000000001e+00
6.6800000000000004e-01 -7.0037172040145734e-01 2.7370042123636341e-02 1.9732482203795512e-01 2.2990106198694404e-01 3.5062777400000184e-01 1.0000056141060003e+00 -9.9222261647882051e-05 5.3110549139642450e-02 1.1000000000000001e+00
6.6849999999999998e-01 -7.0123879267787403e-01 2.7468282784733272e-02 1.9563419734615362e-01 2.3007697793774395e-01 3.5303534870921965e-01 1.0000055646922050e+00 -9.8433805504239994e-05 5.3110549139642450e-02 1.1000000000000001e+00
6.6900000000000004e-01 -7.0210895817393315e-01 2.7565672692362334e-02 1.9392180099452280e-01 2.3025409664131721e-01 3.5543875747293413e-01 1.0000055156713112e+00 -9.7650649090848401e-05 5.3110549139642450e-02 1.1000000000000001e+00
6.6949999999999998e-01 -7.0298218981421545e-01 2.7662200950045578e-02 1.9218759055929918e-01 2.3043241597328987e-01 3.5783783454309331e-01 1.0000054670406773e+00 -9.6872762272655048e-05 5.3110549139642450e-02 1.1000000000000001e+00
6.7000000000000004e-01 -7.0385846017812459e-01 2.7757856640329447e-02 1.9043152462501628e-01 2.3061193372613550e-01 3.6023241331751782e-01 1.0000054187976759e+00 -9.6100115109985296e-05 5.3110549139642450e-02 1.1000000000000001e+00
6.7049999999999998e-01 -7.0473774150021717e-01 2.7852628825347805e-02 1.8865356279092590e-01 2.3079264760898821e-01 3.6262232634640196e-01 1.0000053709396943e+00 -9.5332677855950476e-05 5.3110549139642450e-02 1.1000000000000001e+00
6.7100000000000004e-01 -7.0562000566794580e-01 2.7946506547239135e-02 1.8685366568512737e-01 2.3097455524682656e-01 3.6500740533253151e-01 1.0000053234641348e+00 -9.4570420955314495e-05 5.3110549139642450e-02 1.1000000000000001e+00
6.7149999999999999e-01 -7.0650522422265560e-01 2.8039478828754620e-02 1.8503179496910152e-01 2.3115765418044518e-01 3.6738748113948194e-01 1.0000052763684146e+00 -9.3813315041592712e-05 5.3110549139642450e-02 1.1000000000000001e+00
6.7200000000000004e-01 -7.0739336835799271e-01 2.8131534673721981e-02 1.8318791334998083e-01 2.3134194186579607e-01 3.6976238379354792e-01 1.0000052296499660e+00 -9.3061330935603339e-05 5.3110549139642450e-02 1.1000000000000001e+00
6.7249999999999999e-01 -7.0828440891931121e-01 2.8222663067572269e-02 1.8132198458993862e-01 2.3152741567356949e-01 3.7213194248816672e-01 1.0000051833062349e+00 -9.2314439643488021e-05 5.3110549139642450e-02 1.1000000000000001e+00
6.7300000000000004e-01 -7.0917831640409545e-01 2.8312852977919245e-02 1.7943397351248308e-01 2.3171407288902385e-01 3.7449598559075847e-01 1.0000051373346823e+00 -9.1572612354239930e-05 5.3110549139642450e-02 1.1000000000000001e+00
6.7349999999999999e-01 -7.1007506095976891e-01 2.8402093355011742e-02 1.7752384601682095e-01 2.3190191071117056e-01 3.7685434064343393e-01 1.0000050917327834e+00 -9.0835820438620450e-05 5.3110549139642450e-02 1.1000000000000001e+00
6.7400000000000004e-01 -7.1097461238479109e-01 2.8490373132353225e-02 1.7559156908217383e-01 2.3209092625276695e-01 3.7920683437149399e-01 1.0000050464980275e+00 -9.0104035446395063e-05 5.3110549139642450e-02 1.1000000000000001e+00
6.7449999999999999e-01 -7.1187694012713920e-01 2.8577681227196127e-02 1.7363711078019181e-01 2.3228111653966224e-01 3.8155329268581178e-01 1.0000050016279183e+00 -8.9377229104952384e-05 5.3110549139642450e-02 1.1000000000000001e+00
6.7500000000000004e-01 -7.1278201328380209e-01 2.8664006541092444e-02 1.7166044028433705e-01 2.3247247851039088e-01 3.8389354068766501e-01 1.0000049571199732e+00 -8.8655373317415688e-05 5.3110549139642450e-02 1.1000000000000001e+00
6.7549999999999999e-01 -7.1368980060129317e-01 2.8749337960488345e-02 1.6966152787605060e-01 2.3266500901601911e-01 3.8622740267590067e-01 1.0000049129717243e+00 -8.7938440160292773e-05 5.3110549139642450e-02 1.1000000000000001e+00
6.7600000000000005e-01 -7.1460027047353680e-01 2.8833664357213063e-02 1.6764034495932323e-01 2.3285870481933296e-01 3.8855470214816462e-01 1.0000048691807171e+00 -8.7226401882438442e-05 5.3110549139642450e-02 1.1000000000000001e+00
6.7649999999999999e-01 -7.1551339094306077e-01 2.8916974589108649e-02 1.6559686406479288e-01 2.3305356259485199e-01 3.9087526180968307e-01 1.0000048257445113e+00 -8.6519230902428799e-05 5.3110549139642450e-02 1.1000000000000001e+00
6.7700000000000005e-01 -7.1642912969956107e-01 2.8999257500555781e-02 1.6353105886227459e-01 2.3324957892818285e-01 3.9318890357612624e-01 1.0000047826606799e+00 -8.5816899807242896e-05 5.3110549139642450e-02 1.1000000000000001e+00
6.7749999999999999e-01 -7.1734745407948242e-01 2.9080501923047529e-02 1.6144290417013804e-01 2.3344675031562392e-01 3.9549544857883928e-01 1.0000047399268095e+00 -8.5119381350468330e-05 5.3110549139642450e-02 1.1000000000000001e+00
6.7800000000000005e-01 -7.1826833106662957e-01 2.9160696675799475e-02 1.5933237596131852e-01 2.3364507316403146e-01 3.9779471717234816e-01 1.0000046975405008e+00 -8.4426648450065529e-05 5.3110549139642450e-02 1.1000000000000001e+00
6.7849999999999999e-01 -7.1919172729013015e-01 2.9239830566275028e-02 1.5719945137809455e-01 2.3384454379001035e-01 4.0008652893611091e-01 1.0000046554993680e+00 -8.3738674187381490e-05 5.3110549139642450e-02 1.1000000000000001e+00
6.7900000000000005e-01 -7.2011760902573108e-01 2.9317892390825353e-02 1.5504410873593846e-01 2.3404515841995086e-01 4.0237070268359354e-01 1.0000046138010379e+00 -8.3055431804653960e-05 5.3110549139642450e-02 1.1000000000000001e+00
6.7949999999999999e-01 -7.2104594219444551e-01 2.9394870935246419e-02 1.5286632753616111e-01 2.3424691318938931e-01 4.0464705646561067e-01 1.0000045724431519e+00 -8.2376894703760337e-05 5.3110549139642450e-02 1.1000000000000001e+00
6.8000000000000005e-01 -7.2197669236222961e-01 2.9470754975376420e-02 1.5066608847525539e-01 2.3444980414262714e-01 4.0691540757597777e-01 1.0000045314233634e+00 -8.1703036444511295e-05 5.3110549139642450e-02 1.1000000000000001e+00
6.8049999999999999e-01 -7.2290982474068777e-01 2.9545533277720467e-02 1.4844337345075043e-01 2.3465382723261524e-01 4.0917557255934167e-01 1.0000044907393399e+00 -8.1033830742531225e-05 5.3110549139642450e-02 1.1000000000000001e+00
6.8100000000000005e-01 -7.2384530418512483e-01 2.9619194600013325e-02 1.4619816557616686e-01 2.3485897832015076e-01 4.1142736721348455e-01 1.0000044503887617e+00 -8.0369251468319179e-05 5.3110549139642450e-02 1.1000000000000001e+00
6.8149999999999999e-01 -7.2478309519594120e-01 2.9691727691868421e-02 1.4393044918461953e-01 2.3506525317393603e-01 4.1367060659867527e-01 1.0000044103693218e+00 -7.9709272644884268e-05 5.3110549139642450e-02 1.1000000000000001e+00
6.8200000000000005e-01 -7.2572316191737385e-01 2.9763121295366856e-02 1.4164020984154849e-01 2.3527264746994886e-01 4.1590510504151312e-01 1.0000043706787265e+00 -7.9053868446556723e-05 5.3110549139642450e-02 1.1000000000000001e+00
6.8250000000000000e-01 -7.2666546813726607e-01 2.9833364145677894e-02 1.3932743435402628e-01 2.3548115679107579e-01 4.1813067614099203e-01 1.0000043313146951e+00 -7.8403013197372694e-05 5.3110549139642450e-02 1.1000000000000001e+00
6.8300000000000005e-01 -7.2760997728787535e-01 2.9902444971698316e-02 1.3699211077642723e-01 2.3569077662701687e-01 4.2034713277667041e-01 1.0000042922749595e+00 -7.7756681369063621e-05 5.3110549139642450e-02 1.1000000000000001e+00
6.8350000000000000e-01 -7.2855665244401513e-01 2.9970352496652513e-02 1.3463422842555783e-01 2.3590150237348828e-01 4.2255428711152732e-01 1.0000042535572644e+00 -7.7114847580169590e-05 5.3110549139642450e-02 1.1000000000000001e+00
6.8400000000000005e-01 -7.2950545632455532e-01 3.0037075438750404e-02 1.3225377788398304e-01 2.3611332933230580e-01 4.2475195060159987e-01 1.0000042151593664e+00 -7.6477486593797515e-05 5.3110549139642450e-02 1.1000000000000001e+00
6.8450000000000000e-01 -7.3045635129125763e-01 3.0102602511808154e-02 1.2985075101284180e-01 2.3632625271076463e-01 4.2693993400032676e-01 1.0000041770790360e+00 -7.5844573316498931e-05 5.3110549139642450e-02 1.1000000000000001e+00
6.8500000000000005e-01 -7.3140929934864596e-01 3.0166922425892070e-02 1.2742514096108756e-01 2.3654026762128882e-01 4.2911804736504350e-01 1.0000041393140560e+00 -7.5216082796739929e-05 5.3110549139642450e-02 1.1000000000000001e+00
6.8550000000000000e-01 -7.3236426214491523e-01 3.0230023887971687e-02 1.2497694217097306e-01 2.3675536908135639e-01 4.3128610006547569e-01 1.0000041018622203e+00 -7.4591990223000999e-05 5.3110549139642450e-02 1.1000000000000001e+00
6.8600000000000005e-01 -7.3332120097017373e-01 3.0291895602558076e-02 1.2250615039332284e-01 2.3697155201271056e-01 4.3344390078717770e-01 1.0000040647213368e+00 -7.3972270922938952e-05 5.3110549139642450e-02 1.1000000000000001e+00
6.8650000000000000e-01 -7.3428007675804496e-01 3.0352526272369541e-02 1.2001276269058488e-01 2.3718881124146668e-01 4.3559125754143524e-01 1.0000040278892248e+00 -7.3356900361268784e-05 5.3110549139642450e-02 1.1000000000000001e+00
6.8700000000000006e-01 -7.3524085008460616e-01 3.0411904598984622e-02 1.1749677744969730e-01 2.3740714149750455e-01 4.3772797767013422e-01 1.0000039913637158e+00 -7.2745854138703419e-05 5.3110549139642450e-02 1.1000000000000001e+00
6.8750000000000000e-01 -7.3620348116836043e-01 3.0470019283508853e-02 1.1495819439126247e-01 2.3762653741413367e-01 4.3985386785267705e-01 1.0000039551426538e+00 -7.2139107990511561e-05 5.3110549139642450e-02 1.1000000000000001e+00
6.8800000000000006e-01 -7.3716792987125246e-01 3.0526859027241445e-02 1.1239701457481545e-01 2.3784699352804106e-01 4.4196873411481236e-01 1.0000039192238952e+00 -7.1536637784721006e-05 5.3110549139642450e-02 1.1000000000000001e+00
6.8850000000000000e-01 -7.3813415569701157e-01 3.0582412532351805e-02 1.0981324041423776e-01 2.3806850427851056e-01 4.4407238183265552e-01 1.0000038836053073e+00 -7.0938419521333746e-05 5.3110549139642450e-02 1.1000000000000001e+00
6.8900000000000006e-01 -7.3910211779286250e-01 3.0636668502552620e-02 1.0720687568050237e-01 2.3829106400755623e-01 4.4616461574286509e-01 1.0000038482847708e+00 -7.0344429330323669e-05 5.3110549139642450e-02 1.1000000000000001e+00
6.8950000000000000e-01 -7.4007177494856657e-01 3.0689615643784973e-02 1.0457792551459136e-01 2.3851466695932619e-01 4.4824523994803339e-01 1.0000038132601774e+00 -6.9754643470642164e-05 5.3110549139642450e-02 1.1000000000000001e+00
6.9000000000000006e-01 -7.4104308559650511e-01 3.0741242664908037e-02 1.0192639643656970e-01 2.3873930727978684e-01 4.5031405792404117e-01 1.0000037785294307e+00 -6.9169038328857952e-05 5.3110549139642450e-02 1.1000000000000001e+00
6.9050000000000000e-01 -7.4201600781279708e-01 3.0791538278378515e-02 9.9252296350639757e-02 2.3896497901669211e-01 4.5237087252920793e-01 1.0000037440904461e+00 -6.8587590417465378e-05 5.3110549139642450e-02 1.1000000000000001e+00
6.9100000000000006e-01 -7.4299049931575567e-01 3.0840491200966005e-02 9.6555634560659395e-02 2.3919167611881462e-01 4.5441548600892168e-01 1.0000037099411512e+00 -6.8010276374148591e-05 5.3110549139642450e-02 1.1000000000000001e+00
6.9150000000000000e-01 -7.4396651746770337e-01 3.0888090154432404e-02 9.3836421772583709e-02 2.3941939243610386e-01 4.5644770000606988e-01 1.0000036760794848e+00 -6.7437072959895990e-05 5.3110549139642450e-02 1.1000000000000001e+00
6.9200000000000006e-01 -7.4494401927412779e-01 3.0934323866249468e-02 9.1094670107397593e-02 2.3964812171910502e-01 4.5846731556697379e-01 1.0000036425033971e+00 -6.6867957058066758e-05 5.3110549139642450e-02 1.1000000000000001e+00
6.9250000000000000e-01 -7.4592296138387026e-01 3.0979181070310946e-02 8.8330393110090472e-02 2.3987785761866137e-01 4.6047413314917218e-01 1.0000036092108502e+00 -6.6302905673115269e-05 5.3110549139642450e-02 1.1000000000000001e+00
6.9300000000000006e-01 -7.4690330009035788e-01 3.1022650507624525e-02 8.5543605754462237e-02 2.4010859368590753e-01 4.6246795263090285e-01 1.0000035761998178e+00 -6.5741895928997216e-05 5.3110549139642450e-02 1.1000000000000001e+00
6.9350000000000001e-01 -7.4788499133017139e-01 3.1064720927065904e-02 8.2734324458745623e-02 2.4034032337151243e-01 4.6444857331634126e-01 1.0000035434682846e+00 -6.5184905068487500e-05 5.3110549139642450e-02 1.1000000000000001e+00
6.9400000000000006e-01 -7.4886799068497245e-01 3.1105381086064102e-02 7.9902567087710583e-02 2.4057304002586405e-01 4.6641579394629218e-01 1.0000035110142467e+00 -6.4631910451403259e-05 5.3110549139642450e-02 1.1000000000000001e+00
6.9450000000000001e-01 -7.4985225338077022e-01 3.1144619751351171e-02 7.7048352965612146e-02 2.4080673689850385e-01 4.6836941270466348e-01 1.0000034788357119e+00 -6.4082889553735036e-05 5.3110549139642450e-02 1.1000000000000001e+00
6.9500000000000006e-01 -7.5083773428823097e-01 3.1182425699696807e-02 7.4171702885029264e-02 2.4104140713784919e-01 4.7030922722669594e-01 1.0000034469306986e+00 -6.3537819966450043e-05 5.3110549139642450e-02 1.1000000000000001e+00
6.9550000000000001e-01 -7.5182438792401363e-01 3.1218787718611789e-02 7.1272639111426339e-02 2.4127704379121043e-01 4.7223503460875788e-01 1.0000034152972370e+00 -6.2996679393997066e-05 5.3110549139642450e-02 1.1000000000000001e+00
6.9600000000000006e-01 -7.5281216844946541e-01 3.1253694607141405e-02 6.8351185398839262e-02 2.4151363980404802e-01 4.7414663141421964e-01 1.0000033839333680e+00 -6.2459445653674099e-05 5.3110549139642450e-02 1.1000000000000001e+00
6.9650000000000001e-01 -7.5380102967265394e-01 3.1287135176555410e-02 6.5407366991648189e-02 2.4175118802018433e-01 4.7604381368438414e-01 1.0000033528371437e+00 -6.1926096673960425e-05 5.3110549139642450e-02 1.1000000000000001e+00
6.9700000000000006e-01 -7.5479092504775880e-01 3.1319098251130280e-02 6.2441210637500667e-02 2.4198968118125466e-01 4.7792637694552348e-01 1.0000033220066278e+00 -6.1396610493707704e-05 5.3110549139642450e-02 1.1000000000000001e+00
6.9750000000000001e-01 -7.5578180767549430e-01 3.1349572668905562e-02 5.9452744596017279e-02 2.4222911192645105e-01 4.7979411621754164e-01 1.0000032914398933e+00 -6.0870965261024002e-05 5.3110549139642450e-02 1.1000000000000001e+00
6.9800000000000006e-01 -7.5677363030456191e-01 3.1378547282398556e-02 5.6441998643072484e-02 2.4246947279256426e-01 4.8164682602409292e-01 1.0000032611350258e+00 -6.0349139231870731e-05 5.3110549139642450e-02 1.1000000000000001e+00
6.9850000000000001e-01 -7.5776634533047060e-01 3.1406010959436854e-02 5.3409004086543733e-02 2.4271075621325600e-01 4.8348430039909068e-01 1.0000032310901210e+00 -5.9831110769483928e-05 5.3110549139642450e-02 1.1000000000000001e+00
6.9900000000000007e-01 -7.5875990479768152e-01 3.1431952583852445e-02 5.0353793767716953e-02 2.4295295451929902e-01 4.8530633289788189e-01 1.0000032013032856e+00 -5.9316858342807528e-05 5.3110549139642450e-02 1.1000000000000001e+00
6.9950000000000001e-01 -7.5975426039912242e-01 3.1456361056296137e-02 4.7276402074186104e-02 2.4319605993804569e-01 4.8711271660484062e-01 1.0000031717726368e+00 -5.8806360525747601e-05 5.3110549139642450e-02 1.1000000000000001e+00
7.0000000000000007e-01 -7.6074936347673561e-01 3.1479225295015525e-02 4.4176864948386310e-02 2.4344006459319459e-01 4.8890324414247904e-01 1.0000031424963030e+00 -5.8299595996131339e-05 5.3110549139642450e-02 1.1000000000000001e+00
7.0050000000000001e-01 -7.6174516502304035e-01 3.1500534236579940e-02 4.1055219891599284e-02 2.4368496050485777e-01 4.9067770768187191e-01 1.0000031134724223e+00 -5.7796543534396731e-05 5.3110549139642450e-02 1.1000000000000001e+00
7.0100000000000007e-01 -7.6274161568009147e-01 3.1520276836752542e-02 3.7911505979721552e-02 2.4393073958885061e-01 4.9243589894982359e-01 1.0000030846991443e+00 -5.7297182023063435e-05 5.3110549139642450e-02 1.1000000000000001e+00
7.0150000000000001e-01 -7.6373866574173077e-01 3.1538442071187361e-02 3.4745763864310580e-02 2.4417739365695923e-01 4.9417760924026488e-01 1.0000030561746289e+00 -5.6801490445267366e-05 5.3110549139642450e-02 1.1000000000000001e+00
7.0200000000000007e-01 -7.6473626515323601e-01 3.1555018936275922e-02 3.1558035785417812e-02 2.4442491441642988e-01 4.9590262942242358e-01 1.0000030278970455e+00 -5.6309447884073293e-05 5.3110549139642450e-02 1.1000000000000001e+00
7.0250000000000001e-01 -7.6573436351198976e-01 3.1569996449946361e-02 2.8348365579952330e-02 2.4467329346975783e-01 4.9761074995037224e-01 1.0000029998645761e+00 -5.5821033521510369e-05 5.3110549139642450e-02 1.1000000000000001e+00
7.0300000000000007e-01 -7.6673291006916178e-01 3.1583363652398021e-02 2.5116798685373073e-02 2.4492252231478187e-01 4.9930176087376482e-01 1.0000029720754107e+00 -5.5336226637347900e-05 5.3110549139642450e-02 1.1000000000000001e+00
7.0350000000000001e-01 -7.6773185372880381e-01 3.1595109607012901e-02 2.1863382155476105e-02 2.4517259234399227e-01 5.0097545184566172e-01 1.0000029445277514e+00 -5.4855006608618969e-05 5.3110549139642450e-02 1.1000000000000001e+00
7.0399999999999996e-01 -7.6873114305021573e-01 3.1605223401054927e-02 1.8588164661044231e-02 2.4542349484482767e-01 5.0263161213415064e-01 1.0000029172198099e+00 -5.4377352908248981e-05 5.3110549139642450e-02 1.1000000000000001e+00
7.0450000000000002e-01 -7.6973072624772776e-01 3.1613694146548528e-02 1.5291196502611744e-02 2.4567522099918479e-01 5.0427003063108999e-01 1.0000028901498075e+00 -5.3903245104428617e-05 5.3110549139642450e-02 1.1000000000000001e+00
7.0499999999999996e-01 -7.7073055119149902e-01 3.1620510981098394e-02 1.1972529618624852e-02 2.4592776188323251e-01 5.0589049586210222e-01 1.0000028633159772e+00 -5.3432662859721410e-05 5.3110549139642450e-02 1.1000000000000001e+00
7.0550000000000002e-01 -7.7173056540931584e-01 3.1625663068632945e-02 8.6322175888165729e-03 2.4618110846753308e-01 5.0749279599761055e-01 1.0000028367165608e+00 -5.2965585929924180e-05 5.3110549139642450e-02 1.1000000000000001e+00
7.0599999999999996e-01 -7.7273071608583455e-01 3.1629139600355204e-02 5.2703156499779649e-03 2.4643525161637067e-01 5.0907671886133676e-01 1.0000028103498104e+00 -5.2501994163641178e-05 5.3110549139642450e-02 1.1000000000000001e+00
7.0650000000000002e-01 -7.7373095006505810e-01 3.1630929795443227e-02 1.8868806962070951e-03 2.4669018208807753e-01 5.1064205194213186e-01 1.0000027842139889e+00 -5.2041867501004305e-05 5.3110549139642450e-02 1.1000000000000001e+00
7.0699999999999996e-01 -7.7473121385025834e-01 3.1631022901960446e-02 -1.5180287084210389e-03 2.4694589053456634e-01 5.1218858240329967e-01 1.0000027583073687e+00 -5.1585185973104370e-05 5.3110549139642450e-02 1.1000000000000001e+00
7.0750000000000002e-01 -7.7573145360490869e-01 3.1629408197695559e-02 -4.9443523219204928e-03 2.4720236750116992e-01 5.1371609709303867e-01 1.0000027326282321e+00 -5.1131929701167914e-05 5.3110549139642450e-02 1.1000000000000001e+00
7.0799999999999996e-01 -7.7673161515459754e-01 3.1626074990914042e-02 -8.3920282213431705e-03 2.4745960342678999e-01 5.1522438255576408e-01 1.0000027071748714e+00 -5.0682078895500430e-05 5.3110549139642450e-02 1.1000000000000001e+00
7.0850000000000002e-01 -7.7773164398642758e-01 3.1621012621348428e-02 -1.1860992787059415e-02 2.4771758864324850e-01 5.1671322504129791e-01 1.0000026819455889e+00 -5.0235613855108769e-05 5.3110549139642450e-02 1.1000000000000001e+00
7.0899999999999996e-01 -7.7873148525159885e-01 3.1614210460898733e-02 -1.5351180702911537e-02 2.4797631337564277e-01 5.1818241051688763e-01 1.0000026569386966e+00 -4.9792514966510651e-05 5.3110549139642450e-02 1.1000000000000001e+00
7.0950000000000002e-01 -7.7973108376548306e-01 3.1605657914574446e-02 -1.8862524943676507e-02 2.4823576774190279e-01 5.1963172467712682e-01 1.0000026321525159e+00 -4.9352762703220911e-05 5.3110549139642450e-02 1.1000000000000001e+00
7.0999999999999996e-01 -7.8073038400868577e-01 3.1595344421353949e-02 -2.2394956767358150e-02 2.4849594175265674e-01 5.2106095295483090e-01 1.0000026075853794e+00 -4.8916337624997713e-05 5.3110549139642450e-02 1.1000000000000001e+00
7.1050000000000002e-01 -7.8172933012908197e-01 3.1583259454943127e-02 -2.5948405712498721e-02 2.4875682531140911e-01 5.2246988053265186e-01 1.0000025832356272e+00 -4.8483220376862256e-05 5.3110549139642450e-02 1.1000000000000001e+00
7.1099999999999997e-01 -7.8272786594137311e-01 3.1569392524804993e-02 -2.9522799582512541e-02 2.4901840821391524e-01 5.2385829235295400e-01 1.0000025591016108e+00 -4.8053391688771609e-05 5.3110549139642450e-02 1.1000000000000001e+00
7.1150000000000002e-01 -7.8372593492978415e-01 3.1553733176859090e-02 -3.3118064446280016e-02 2.4928068014856752e-01 5.2522597313002395e-01 1.0000025351816908e+00 -4.7626832374510512e-05 5.3110549139642450e-02 1.1000000000000001e+00
7.1199999999999997e-01 -7.8472348024828409e-01 3.1536270994454732e-02 -3.6734124625741875e-02 2.4954363069597732e-01 5.2657270736057837e-01 1.0000025114742368e+00 -4.7203523331233975e-05 5.3110549139642450e-02 1.1000000000000001e+00
7.1250000000000002e-01 -7.8572044472179137e-01 3.1516995599249344e-02 -4.0370902688461961e-02 2.4980724932886897e-01 5.2789827933508449e-01 1.0000024879776288e+00 -4.6783445538777593e-05 5.3110549139642450e-02 1.1000000000000001e+00
7.1299999999999997e-01 -7.8671677084832514e-01 3.1495896651973325e-02 -4.4028319445292542e-02 2.5007152541228683e-01 5.2920247314964786e-01 1.0000024646902559e+00 -4.6366580058753027e-05 5.3110549139642450e-02 1.1000000000000001e+00
7.1350000000000002e-01 -7.8771240079873106e-01 3.1472963853498695e-02 -4.7706293934812190e-02 2.5033644820299594e-01 5.3048507271659273e-01 1.0000024416105164e+00 -4.5952908034267531e-05 5.3110549139642450e-02 1.1000000000000001e+00
7.1399999999999997e-01 -7.8870727641948712e-01 3.1448186945536617e-02 -5.1404743424349024e-02 2.5060200684989792e-01 5.3174586177683925e-01 1.0000024187368186e+00 -4.5542410688896653e-05 5.3110549139642450e-02 1.1000000000000001e+00
7.1450000000000002e-01 -7.8970133923308272e-01 3.1421555711641236e-02 -5.5123583397755041e-02 2.5086819039364133e-01 5.3298462391101331e-01 1.0000023960675799e+00 -4.5135069326278863e-05 5.3110549139642450e-02 1.1000000000000001e+00
7.1499999999999997e-01 -7.9069453043936067e-01 3.1393059978106416e-02 -5.8862727548234364e-02 2.5113498776654308e-01 5.3420114255119888e-01 1.0000023736012265e+00 -4.4730865329490057e-05 5.3110549139642450e-02 1.1000000000000001e+00
7.1550000000000002e-01 -7.9168679091779415e-01 3.1362689614735900e-02 -6.2622087776404142e-02 2.5140238779282686e-01 5.3539520099309923e-01 1.0000023513361949e+00 -4.4329780160208532e-05 5.3110549139642450e-02 1.1000000000000001e+00
7.1599999999999997e-01 -7.9267806122738116e-01 3.1330434535950795e-02 -6.6401574174837011e-02 2.5167037918804985e-01 5.3656658240731880e-01 1.0000023292709297e+00 -4.3931795358482786e-05 5.3110549139642450e-02 1.1000000000000001e+00
7.1650000000000003e-01 -7.9366828160956227e-01 3.1296284701483844e-02 -7.0201095029553157e-02 2.5193895055955107e-01 5.3771506985190620e-01 1.0000023074038857e+00 -4.3536892541778297e-05 5.3110549139642450e-02 1.1000000000000001e+00
7.1699999999999997e-01 -7.9465739198875940e-01 3.1260230117413711e-02 -7.4020556807973301e-02 2.5220809040608894e-01 5.3884044628405658e-01 1.0000022857335265e+00 -4.3145053404625043e-05 5.3110549139642450e-02 1.1000000000000001e+00
7.1750000000000003e-01 -7.9564533197386378e-01 3.1222260837079196e-02 -7.7859864152058270e-02 2.5247778711779389e-01 5.3994249457230348e-01 1.0000022642583246e+00 -4.2756259718050718e-05 5.3110549139642450e-02 1.1000000000000001e+00
7.1799999999999997e-01 -7.9663204086063044e-01 3.1182366961853860e-02 -8.1718919876755322e-02 2.5274802897643633e-01 5.4102099750893340e-01 1.0000022429767619e+00 -4.2370493328814502e-05 5.3110549139642450e-02 1.1000000000000001e+00
7.1850000000000003e-01 -7.9761745763175596e-01 3.1140538642291802e-02 -8.5597624954699178e-02 2.5301880415488359e-01 5.4207573782198604e-01 1.0000022218873299e+00 -4.1987736159218894e-05 5.3110549139642450e-02 1.1000000000000001e+00
7.1899999999999997e-01 -7.9860152095990111e-01 3.1096766078817797e-02 -8.9495878518159391e-02 2.5329010071757863e-01 5.4310649818793744e-01 1.0000022009885274e+00 -4.1607970206229195e-05 5.3110549139642450e-02 1.1000000000000001e+00
7.1950000000000003e-01 -7.9958416920839981e-01 3.1051039522791330e-02 -9.3413577847223331e-02 2.5356190662020872e-01 5.4411306124400838e-01 1.0000021802788641e+00 -4.1231177541169272e-05 5.3110549139642450e-02 1.1000000000000001e+00
7.1999999999999997e-01 -8.0056534043288829e-01 3.1003349277437597e-02 -9.7350618363240632e-02 2.5383420970968845e-01 5.4509520960078151e-01 1.0000021597568574e+00 -4.0857340309213445e-05 5.3110549139642450e-02 1.1000000000000001e+00
7.2050000000000003e-01 -8.0154497238382716e-01 3.0953685698625461e-02 -1.0130689362769817e-01 2.5410699772445910e-01 5.4605272585486653e-01 1.0000021394210341e+00 -4.0486440728682517e-05 5.3110549139642450e-02 1.1000000000000001e+00
7.2099999999999997e-01 -8.0252300250675923e-01 3.0902039196051376e-02 -1.0528229532708001e-01 2.5438025829397642e-01 5.4698539260161771e-01 1.0000021192699300e+00 -4.0118461090901013e-05 5.3110549139642450e-02 1.1000000000000001e+00
7.2150000000000003e-01 -8.0349936794544430e-01 3.0848400233923889e-02 -1.0927671327531063e-01 2.5465397893922176e-01 5.4789299244794809e-01 1.0000020993020893e+00 -3.9753383759382437e-05 5.3110549139642450e-02 1.1000000000000001e+00
7.2199999999999998e-01 -8.0447400554273485e-01 3.0792759332057107e-02 -1.1329003540216541e-01 2.5492814707240141e-01 5.4877530802523877e-01 1.0000020795160651e+00 -3.9391191169573819e-05 5.3110549139642450e-02 1.1000000000000001e+00
7.2250000000000003e-01 -8.0544685184235809e-01 3.0735107066817487e-02 -1.1732214774706837e-01 2.5520274999696235e-01 5.4963212200238265e-01 1.0000020599104202e+00 -3.9031865828400749e-05 5.3110549139642450e-02 1.1000000000000001e+00
7.2299999999999998e-01 -8.0641784309155717e-01 3.0675434071904234e-02 -1.2137293445838362e-01 2.5547777490792323e-01 5.5046321709868351e-01 1.0000020404837247e+00 -3.8675390313624694e-05 5.3110549139642450e-02 1.1000000000000001e+00
7.2350000000000003e-01 -8.0738691524154271e-01 3.0613731039570657e-02 -1.2544227777849098e-01 2.5575320889139536e-01 5.5126837609729795e-01 1.0000020212345579e+00 -3.8321747273741260e-05 5.3110549139642450e-02 1.1000000000000001e+00
7.2399999999999998e-01 -8.0835400395073131e-01 3.0549988721302164e-02 -1.2953005804670945e-01 2.5602903892512496e-01 5.5204738185816427e-01 1.0000020021615079e+00 -3.7970919427229600e-05 5.3110549139642450e-02 1.1000000000000001e+00
7.2450000000000003e-01 -8.0931904458580139e-01 3.0484197928938112e-02 -1.3363615368798865e-01 2.5630525187822700e-01 5.5280001733151429e-01 1.0000019832631721e+00 -3.7622889562341113e-05 5.3110549139642450e-02 1.1000000000000001e+00
7.2499999999999998e-01 -8.1028197222362086e-01 3.0416349535633928e-02 -1.3776044120705302e-01 2.5658183451123262e-01 5.5352606557133388e-01 1.0000019645381550e+00 -3.7277640536697036e-05 5.3110549139642450e-02 1.1000000000000001e+00
7.2550000000000003e-01 -8.1124272165401645e-01 3.0346434476642477e-02 -1.4190279518815330e-01 2.5685877347645381e-01 5.5422530974848783e-01 1.0000019459850711e+00 -3.6935155276700851e-05 5.3110549139642450e-02 1.1000000000000001e+00
7.2599999999999998e-01 -8.1220122738041733e-01 3.0274443750572675e-02 -1.4606308828035811e-01 2.5713605531753780e-01 5.5489753316488732e-01 1.0000019276025423e+00 -3.6595416777478263e-05 5.3110549139642450e-02 1.1000000000000001e+00
7.2650000000000003e-01 -8.1315742362320420e-01 3.0200368420059298e-02 -1.5024119120099949e-01 2.5741366647004327e-01 5.5554251926651776e-01 1.0000019093891992e+00 -3.6258408102184131e-05 5.3110549139642450e-02 1.1000000000000001e+00
7.2699999999999998e-01 -8.1411124432094062e-01 3.0124199612913034e-02 -1.5443697272464216e-01 2.5769159326120689e-01 5.5616005165755111e-01 1.0000018913436817e+00 -3.5924112381835327e-05 5.3110549139642450e-02 1.1000000000000001e+00
7.2750000000000004e-01 -8.1506262313245759e-01 3.0045928523096451e-02 -1.5865029967762329e-01 2.5796982191002649e-01 5.5674991411421959e-01 1.0000018734646374e+00 -3.5592512814955486e-05 5.3110549139642450e-02 1.1000000000000001e+00
7.2799999999999998e-01 -8.1601149343974355e-01 2.9965546411505724e-02 -1.6288103693825126e-01 2.5824833852765777e-01 5.5731189059814878e-01 1.0000018557507222e+00 -3.5263592667041187e-05 5.3110549139642450e-02 1.1000000000000001e+00
7.2850000000000004e-01 -8.1695778834879207e-01 2.9883044607265423e-02 -1.6712904742237183e-01 2.5852712911700587e-01 5.5784576527125718e-01 1.0000018382006011e+00 -3.4937335270539238e-05 5.3110549139642450e-02 1.1000000000000001e+00
7.2899999999999998e-01 -8.1790144069305470e-01 2.9798414508389312e-02 -1.7139419208731807e-01 2.5880617957333324e-01 5.5835132250886188e-01 1.0000018208129462e+00 -3.4613724024209302e-05 5.3110549139642450e-02 1.1000000000000001e+00
7.2950000000000004e-01 -8.1884238303485735e-01 2.9711647582957322e-02 -1.7567632992121349e-01 2.5908547568406315e-01 5.5882834691439398e-01 1.0000018035864386e+00 -3.4292742392996202e-05 5.3110549139642450e-02 1.1000000000000001e+00
7.2999999999999998e-01 -8.1978054766763864e-01 2.9622735370104975e-02 -1.7997531793789887e-01 2.5936500312889760e-01 5.5927662333367223e-01 1.0000017865197681e+00 -3.3974373907721046e-05 5.3110549139642450e-02 1.1000000000000001e+00
7.3050000000000004e-01 -8.2071586661896589e-01 2.9531669480803689e-02 -1.8429101117762306e-01 2.5964474748024785e-01 5.5969593686843699e-01 1.0000017696116319e+00 -3.3658602164594990e-05 5.3110549139642450e-02 1.1000000000000001e+00
7.3099999999999998e-01 -8.2164827165158760e-01 2.9438441599191623e-02 -1.8862326269288412e-01 2.5992469420286340e-01 5.6008607289197598e-01 1.0000017528607359e+00 -3.3345410825234204e-05 5.3110549139642450e-02 1.1000000000000001e+00
7.3150000000000004e-01 -8.2257769426699257e-01 2.9343043483223637e-02 -1.9297192355292514e-01 2.6020482865447403e-01 5.6044681706229715e-01 1.0000017362657938e+00 -3.3034783616071638e-05 5.3110549139642450e-02 1.1000000000000001e+00
7.3199999999999998e-01 -8.2350406570701218e-01 2.9245466965874860e-02 -1.9733684283336775e-01 2.6048513608562973e-01 5.6077795533743746e-01 1.0000017198255278e+00 -3.2726704328268558e-05 5.3110549139642450e-02 1.1000000000000001e+00
7.3250000000000004e-01 -8.2442731695621818e-01 2.9145703956141990e-02 -2.0171786761157753e-01 2.6076560163985518e-01 5.6107927399013380e-01 1.0000017035386675e+00 -3.2421156817446574e-05 5.3110549139642450e-02 1.1000000000000001e+00
7.3299999999999998e-01 -8.2534737874505981e-01 2.9043746439821577e-02 -2.0611484296783086e-01 2.6104621035411424e-01 5.6135055962153713e-01 1.0000016874039517e+00 -3.2118125003247553e-05 5.3110549139642450e-02 1.1000000000000001e+00
7.3350000000000004e-01 -8.2626418155113213e-01 2.8939586480875516e-02 -2.1052761197149300e-01 2.6132694715847954e-01 5.6159159917757118e-01 1.0000016714201259e+00 -3.1817592869381834e-05 5.3110549139642450e-02 1.1000000000000001e+00
7.3399999999999999e-01 -8.2717765560283341e-01 2.8833216222069451e-02 -2.1495601568603978e-01 2.6160779687680613e-01 5.6180217996214687e-01 1.0000016555859450e+00 -3.1519544463087091e-05 5.3110549139642450e-02 1.1000000000000001e+00
7.3450000000000004e-01 -8.2808773088116394e-01 2.8724627886201472e-02 -2.1939989315907951e-01 2.6188874422661201e-01 5.6198208965306684e-01 1.0000016399001701e+00 -3.1223963895074457e-05 5.3110549139642450e-02 1.1000000000000001e+00
7.3499999999999999e-01 -8.2899433712227899e-01 2.8613813777114753e-02 -2.2385908141814673e-01 2.6216977381926854e-01 5.6213111631707879e-01 1.0000016243615721e+00 -3.0930835339300387e-05 5.3110549139642450e-02 1.1000000000000001e+00
7.3550000000000004e-01 -8.2989740382075206e-01 2.8500766280471969e-02 -2.2833341547239103e-01 2.6245087016050034e-01 5.6224904842375867e-01 1.0000016089689288e+00 -3.0640143032566773e-05 5.3110549139642450e-02 1.1000000000000001e+00
7.3599999999999999e-01 -8.3079686023105936e-01 2.8385477865155273e-02 -2.3282272829909204e-01 2.6273201765009574e-01 5.6233567486259639e-01 1.0000015937210256e+00 -3.0351871274602234e-05 5.3110549139642450e-02 1.1000000000000001e+00
7.3650000000000004e-01 -8.3169263537133886e-01 2.8267941083891062e-02 -2.3732685084924904e-01 2.6301320058261474e-01 5.6239078495623762e-01 1.0000015786166567e+00 -3.0066004427562063e-05 5.3110549139642450e-02 1.1000000000000001e+00
7.3699999999999999e-01 -8.3258465802538340e-01 2.8148148574503526e-02 -2.4184561203798696e-01 2.6329440314730851e-01 5.6241416847697534e-01 1.0000015636546231e+00 -2.9782526916008096e-05 5.3110549139642450e-02 1.1000000000000001e+00
7.3750000000000004e-01 -8.3347285674535743e-01 2.8026093060936830e-02 -2.4637883874083108e-01 2.6357560942834940e-01 5.6240561566217628e-01 1.0000015488337342e+00 -2.9501423226715298e-05 5.3110549139642450e-02 1.1000000000000001e+00
7.3799999999999999e-01 -8.3435715985517911e-01 2.7901767354025053e-02 -2.5092635579590039e-01 2.6385680340536455e-01 5.6236491722831572e-01 1.0000015341528066e+00 -2.9222677908310412e-05 5.3110549139642450e-02 1.1000000000000001e+00
7.3850000000000005e-01 -8.3523749545223080e-01 2.7775164352925010e-02 -2.5548798599082295e-01 2.6413796895319086e-01 5.6229186438879064e-01 1.0000015196106657e+00 -2.8946275571381873e-05 5.3110549139642450e-02 1.1000000000000001e+00
7.3899999999999999e-01 -8.3611379141121567e-01 2.7646277045726742e-02 -2.6006355006887205e-01 2.6441908984261536e-01 5.6218624886716495e-01 1.0000015052061433e+00 -2.8672200888018764e-05 5.3110549139642450e-02 1.1000000000000001e+00
7.3950000000000005e-01 -8.3698597538635022e-01 2.7515098510730116e-02 -2.6465286671981469e-01 2.6470014974033740e-01 5.6204786291424413e-01 1.0000014909380797e+00 -2.8400438591819902e-05 5.3110549139642450e-02 1.1000000000000001e+00
7.3999999999999999e-01 -8.3785397481424340e-01 2.7381621917476125e-02 -2.6925575257665713e-01 2.6498113220923675e-01 5.6187649932386341e-01 1.0000014768053218e+00 -2.8130973477733719e-05 5.3110549139642450e-02 1.1000000000000001e+00
7.4050000000000005e-01 -8.3871771691740060e-01 2.7245840527510275e-02 -2.7387202221838880e-01 2.6526202070894345e-01 5.6167195144705617e-01 1.0000014628067257e+00 -2.7863790401729924e-05 5.3110549139642450e-02 1.1000000000000001e+00
7.4099999999999999e-01 -8.3957712870616252e-01 2.7107747695848013e-02 -2.7850148815729753e-01 2.6554279859563734e-01 5.6143401321058994e-01 1.0000014489411535e+00 -2.7598874280937528e-05 5.3110549139642450e-02 1.1000000000000001e+00
7.4150000000000005e-01 -8.4043213698265729e-01 2.6967336871568718e-02 -2.8314396084569349e-01 2.6582344912282224e-01 5.6116247913019635e-01 1.0000014352074762e+00 -2.7336210093216913e-05 5.3110549139642450e-02 1.1000000000000001e+00
7.4199999999999999e-01 -8.4128266834319687e-01 2.6824601599115119e-02 -2.8779924866719736e-01 2.6610395544133109e-01 5.6085714432822042e-01 1.0000014216045707e+00 -2.7075782877197285e-05 5.3110549139642450e-02 1.1000000000000001e+00
7.4250000000000005e-01 -8.4212864918131991e-01 2.6679535519331578e-02 -2.9246715793400785e-01 2.6638430059963425e-01 5.6051780454975675e-01 1.0000014081313229e+00 -2.6817577732144823e-05 5.3110549139642450e-02 1.1000000000000001e+00
7.4299999999999999e-01 -8.4297000569141500e-01 2.6532132370220438e-02 -2.9714749289017839e-01 2.6666446754444451e-01 5.6014425617693520e-01 1.0000013947866251e+00 -2.6561579817665542e-05 5.3110549139642450e-02 1.1000000000000001e+00
7.4350000000000005e-01 -8.4380666387089476e-01 2.6382385988438110e-02 -3.0184005569939720e-01 2.6694443912056465e-01 5.5973629624817378e-01 1.0000013815693776e+00 -2.6307774353867121e-05 5.3110549139642450e-02 1.1000000000000001e+00
7.4399999999999999e-01 -8.4463854952424011e-01 2.6230290309872072e-02 -3.0654464645227547e-01 2.6722419807169345e-01 5.5929372247137232e-01 1.0000013684784879e+00 -2.6056146620962068e-05 5.3110549139642450e-02 1.1000000000000001e+00
7.4450000000000005e-01 -8.4546558826560425e-01 2.6075839370960870e-02 -3.1126106315813468e-01 2.6750372704047704e-01 5.5881633324212676e-01 1.0000013555128702e+00 -2.5806681959328933e-05 5.3110549139642450e-02 1.1000000000000001e+00
7.4500000000000000e-01 -8.4628770552201815e-01 2.5919027309739193e-02 -3.1598910174278544e-01 2.6778300856885651e-01 5.5830392766020120e-01 1.0000013426714478e+00 -2.5559365769407391e-05 5.3110549139642450e-02 1.1000000000000001e+00
7.4550000000000005e-01 -8.4710482653713637e-01 2.5759848366584740e-02 -3.2072855605238176e-01 2.6806202509871035e-01 5.5775630554391020e-01 1.0000013299531489e+00 -2.5314183511426959e-05 5.3110549139642450e-02 1.1000000000000001e+00
7.4600000000000000e-01 -8.4791687637364643e-01 2.5598296885744842e-02 -3.2547921784166683e-01 2.6834075897174947e-01 5.5717326745008366e-01 1.0000013173569107e+00 -2.5071120705591882e-05 5.3110549139642450e-02 1.1000000000000001e+00
7.4650000000000005e-01 -8.4872377991740577e-01 2.5434367315893897e-02 -3.3024087678186598e-01 2.6861919243035753e-01 5.5655461468720113e-01 1.0000013048816774e+00 -2.4830162931709880e-05 5.3110549139642450e-02 1.1000000000000001e+00
7.4700000000000000e-01 -8.4952546188025291e-01 2.5268054211473906e-02 -3.3501332045296800e-01 2.6889730761768715e-01 5.5590014933416165e-01 1.0000012925263995e+00 -2.4591295829276124e-05 5.3110549139642450e-02 1.1000000000000001e+00
7.4750000000000005e-01 -8.5032184680338219e-01 2.5099352233743783e-02 -3.3979633434207002e-01 2.6917508657805062e-01 5.5520967425707612e-01 1.0000012802900355e+00 -2.4354505097390367e-05 5.3110549139642450e-02 1.1000000000000001e+00
7.4800000000000000e-01 -8.5111285906120360e-01 2.4928256151516500e-02 -3.4458970184778781e-01 2.6945251125759662e-01 5.5448299312372806e-01 1.0000012681715511e+00 -2.4119776494509822e-05 5.3110549139642450e-02 1.1000000000000001e+00
7.4850000000000005e-01 -8.5189842286399875e-01 2.4754760842713823e-02 -3.4939320426903347e-01 2.6972956350425786e-01 5.5371991042424040e-01 1.0000012561699179e+00 -2.3887095838652830e-05 5.3110549139642450e-02 1.1000000000000001e+00
7.4900000000000000e-01 -8.5267846226214095e-01 2.4578861294903932e-02 -3.5420662081348808e-01 2.7000622506862271e-01 5.5292023148412972e-01 1.0000012442841160e+00 -2.3656449007051265e-05 5.3110549139642450e-02 1.1000000000000001e+00
7.4950000000000006e-01 -8.5345290114912375e-01 2.4400552606659898e-02 -3.5902972859043902e-01 2.7028247760407981e-01 5.5208376248361890e-01 1.0000012325131320e+00 -2.3427821936252866e-05 5.3110549139642450e-02 1.1000000000000001e+00
7.5000000000000000e-01 -8.5422166326509841e-01 2.4219829988613120e-02 -3.6386230260967573e-01 2.7055830266725095e-01 5.5121031047473534e-01 1.0000012208559597e+00 -2.3201200622058978e-05 5.3110549139642450e-02 1.1000000000000001e+00
7.5050000000000006e-01 -8.5498467220085195e-01 2.4036688764178023e-02 -3.6870411578650375e-01 2.7083368171870409e-01 5.5029968339582658e-01 1.0000012093115995e+00 -2.2976571119296656e-05 5.3110549139642450e-02 1.1000000000000001e+00
7.5100000000000000e-01 -8.5574185140070880e-01 2.3851124371134864e-02 -3.7355493893105329e-01 2.7110859612295313e-01 5.4935169009292484e-01 1.0000011978790591e+00 -2.2753919542040138e-05 5.3110549139642450e-02 1.1000000000000001e+00
7.5150000000000006e-01 -8.5649312416683665e-01 2.3663132362144713e-02 -3.7841454075737219e-01 2.7138302714936269e-01 5.4836614033269226e-01 1.0000011865573528e+00 -2.2533232063281873e-05 5.3110549139642450e-02 1.1000000000000001e+00
7.5200000000000000e-01 -8.5723841366248876e-01 2.3472708406125860e-02 -3.8328268787681313e-01 2.7165695597234113e-01 5.4734284482226792e-01 1.0000011753455018e+00 -2.2314494915052059e-05 5.3110549139642450e-02 1.1000000000000001e+00
7.5250000000000006e-01 -8.5797764291571066e-01 2.3279848289308538e-02 -3.8815914479753483e-01 2.7193036367181672e-01 5.4628161522665097e-01 1.0000011642425350e+00 -2.2097694388372413e-05 5.3110549139642450e-02 1.1000000000000001e+00
7.5300000000000000e-01 -8.5871073482342886e-01 2.3084547915947076e-02 -3.9304367393009748e-01 2.7220323123398710e-01 5.4518226418325522e-01 1.0000011532474868e+00 -2.1882816833045886e-05 5.3110549139642450e-02 1.1000000000000001e+00
7.5350000000000006e-01 -8.5943761215460757e-01 2.2886803309927990e-02 -3.9793603557736934e-01 2.7247553955137344e-01 5.4404460532395360e-01 1.0000011423594000e+00 -2.1669848657891827e-05 5.3110549139642450e-02 1.1000000000000001e+00
7.5400000000000000e-01 -8.6015819755463252e-01 2.2686610615262212e-02 -4.0283598794421210e-01 2.7274726942375682e-01 5.4286845328789701e-01 1.0000011315773223e+00 -2.1458776330433864e-05 5.3110549139642450e-02 1.1000000000000001e+00
7.5450000000000006e-01 -8.6087241354877275e-01 2.2483966097476524e-02 -4.0774328713148056e-01 2.7301840155842227e-01 5.4165362374187587e-01 1.0000011209003097e+00 -2.1249586377032429e-05 5.3110549139642450e-02 1.1000000000000001e+00
7.5500000000000000e-01 -8.6158018254605351e-01 2.2278866144669538e-02 -4.1265768713611528e-01 2.7328891657067828e-01 5.4039993339797598e-01 1.0000011103274244e+00 -2.1042265382853198e-05 5.3110549139642450e-02 1.1000000000000001e+00
7.5550000000000006e-01 -8.6228142684345777e-01 2.2071307268208360e-02 -4.1757893985736294e-01 2.7355879498464281e-01 5.3910720002814283e-01 1.0000010998577351e+00 -2.0836799991669824e-05 5.3110549139642450e-02 1.1000000000000001e+00
7.5600000000000001e-01 -8.6297606862933751e-01 2.1861286104361884e-02 -4.2250679508728239e-01 2.7382801723335309e-01 5.3777524248690156e-01 1.0000010894903175e+00 -2.0633176906111796e-05 5.3110549139642450e-02 1.1000000000000001e+00
7.5650000000000006e-01 -8.6366402998787473e-01 2.1648799414767283e-02 -4.2744100052106121e-01 2.7409656365973462e-01 5.3640388072401590e-01 1.0000010792242533e+00 -2.0431382887364485e-05 5.3110549139642450e-02 1.1000000000000001e+00
7.5700000000000001e-01 -8.6434523290276333e-01 2.1433844087836450e-02 -4.3238130175162104e-01 2.7436441451689603e-01 5.3499293580535812e-01 1.0000010690586321e+00 -2.0231404755313569e-05 5.3110549139642450e-02 1.1000000000000001e+00
7.5750000000000006e-01 -8.6501959926125027e-01 2.1216417139810203e-02 -4.3732744227035614e-01 2.7463154996869321e-01 5.3354222993080869e-01 1.0000010589925483e+00 -2.0033229388523885e-05 5.3110549139642450e-02 1.1000000000000001e+00
7.5800000000000001e-01 -8.6568705085844400e-01 2.0996515715439364e-02 -4.4227916347395535e-01 2.7489795009055185e-01 5.3205158644881700e-01 1.0000010490251043e+00 -1.9836843724053671e-05 5.3110549139642450e-02 1.1000000000000001e+00
7.5850000000000006e-01 -8.6634750940098804e-01 2.0774137089640234e-02 -4.4723620465557429e-01 2.7516359486963510e-01 5.3052082987977300e-01 1.0000010391554084e+00 -1.9642234757711229e-05 5.3110549139642450e-02 1.1000000000000001e+00
7.5900000000000001e-01 -8.6700089651159196e-01 2.0549278667935305e-02 -4.5219830301575387e-01 2.7542846420584327e-01 5.2894978592849107e-01 1.0000010293825754e+00 -1.9449389543765622e-05 5.3110549139642450e-02 1.1000000000000001e+00
7.5950000000000006e-01 -8.6764713373293767e-01 2.0321937987871578e-02 -4.5716519365769503e-01 2.7569253791216208e-01 5.2733828150556050e-01 1.0000010197057270e+00 -1.9258295195098977e-05 5.3110549139642450e-02 1.1000000000000001e+00
7.6000000000000001e-01 -8.6828614253188607e-01 2.0092112720072906e-02 -4.6213660958862529e-01 2.7595579571527179e-01 5.2568614474547937e-01 1.0000010101239907e+00 -1.9068938883194546e-05 5.3110549139642450e-02 1.1000000000000001e+00
7.6050000000000006e-01 -8.6891784430389363e-01 1.9859800668902455e-02 -4.6711228172726832e-01 2.7621821725640594e-01 5.2399320502117741e-01 1.0000010006365005e+00 -1.8881307837958274e-05 5.3110549139642450e-02 1.1000000000000001e+00
7.6100000000000001e-01 -8.6954216037694665e-01 1.9624999774140190e-02 -4.7209193889568113e-01 2.7647978209157809e-01 5.2225929296803442e-01 1.0000009912423975e+00 -1.8695389347983260e-05 5.3110549139642450e-02 1.1000000000000001e+00
7.6150000000000007e-01 -8.7015901201616253e-01 1.9387708111394706e-02 -4.7707530783081320e-01 2.7674046969261296e-01 5.2048424049615116e-01 1.0000009819408280e+00 -1.8511170760266854e-05 5.3110549139642450e-02 1.1000000000000001e+00
7.6200000000000001e-01 -8.7076832042791941e-01 1.9147923893533338e-02 -4.8206211318044273e-01 2.7700025944754814e-01 5.1866788081217408e-01 1.0000009727309453e+00 -1.8328639480369927e-05 5.3110549139642450e-02 1.1000000000000001e+00
7.6250000000000007e-01 -8.7137000676422971e-01 1.8905645471729435e-02 -4.8705207750522589e-01 2.7725913066128915e-01 5.1681004843763068e-01 1.0000009636119094e+00 -1.8147782972410083e-05 5.3110549139642450e-02 1.1000000000000001e+00
7.6300000000000001e-01 -8.7196399212725884e-01 1.8660871336106163e-02 -4.9204492128678728e-01 2.7751706255650432e-01 5.1491057922339989e-01 1.0000009545828854e+00 -1.7968588758889387e-05 5.3110549139642450e-02 1.1000000000000001e+00
7.6350000000000007e-01 -8.7255019757352892e-01 1.8413600117432712e-02 -4.9704036292029152e-01 2.7777403427391228e-01 5.1296931037434956e-01 1.0000009456430459e+00 -1.7791044420962903e-05 5.3110549139642450e-02 1.1000000000000001e+00
7.6400000000000001e-01 -8.7312854411857865e-01 1.8163830587507250e-02 -5.0203811872661042e-01 2.7803002487334361e-01 5.1098608046137894e-01 1.0000009367915679e+00 -1.7615137598161018e-05 5.3110549139642450e-02 1.1000000000000001e+00
7.6450000000000007e-01 -8.7369895274132414e-01 1.7911561660595487e-02 -5.0703790294898288e-01 2.7828501333419758e-01 5.0896072944368576e-01 1.0000009280276372e+00 -1.7440855988551910e-05 5.3110549139642450e-02 1.1000000000000001e+00
7.6500000000000001e-01 -8.7426134438859437e-01 1.7656792394472823e-02 -5.1203942775573152e-01 2.7853897855614335e-01 5.0689309868729215e-01 1.0000009193504433e+00 -1.7268187348738883e-05 5.3110549139642450e-02 1.1000000000000001e+00
7.6550000000000007e-01 -8.7481563997975242e-01 1.7399521991046264e-02 -5.1704240324901618e-01 2.7879189936005100e-01 5.0478303097942545e-01 1.0000009107591832e+00 -1.7097119493690542e-05 5.3110549139642450e-02 1.1000000000000001e+00
7.6600000000000001e-01 -8.7536176041116631e-01 1.7139749798069127e-02 -5.2204653745813867e-01 2.7904375448834101e-01 5.0263037055376814e-01 1.0000009022530589e+00 -1.6927640297012411e-05 5.3110549139642450e-02 1.1000000000000001e+00
7.6650000000000007e-01 -8.7589962656092979e-01 1.6877475309491932e-02 -5.2705153635235547e-01 2.7929452260607618e-01 5.0043496310223035e-01 1.0000008938312797e+00 -1.6759737690670868e-05 5.3110549139642450e-02 1.1000000000000001e+00
7.6700000000000002e-01 -8.7642915929344867e-01 1.6612698166909259e-02 -5.3205710383825389e-01 2.7954418230147443e-01 4.9819665579765204e-01 1.0000008854930607e+00 -1.6593399665157806e-05 5.3110549139642450e-02 1.1000000000000001e+00
7.6750000000000007e-01 -8.7695027946414272e-01 1.6345418160593379e-02 -5.3706294176318714e-01 2.7979271208665635e-01 4.9591529731248263e-01 1.0000008772376214e+00 -1.6428614269488620e-05 5.3110549139642450e-02 1.1000000000000001e+00
7.6800000000000002e-01 -8.7746290792416126e-01 1.6075635230094344e-02 -5.4206874992466503e-01 2.8004009039861200e-01 4.9359073783305824e-01 1.0000008690641895e+00 -1.6265369611033827e-05 5.3110549139642450e-02 1.1000000000000001e+00
7.6849999999999996e-01 -8.7796696552512821e-01 1.5803349465969611e-02 -5.4707422606445932e-01 2.8028629559961465e-01 4.9122282908542975e-01 1.0000008609719970e+00 -1.6103653855790432e-05 5.3110549139642450e-02 1.1000000000000001e+00
7.6900000000000002e-01 -8.7846237312391506e-01 1.5528561110102732e-02 -5.5207906588203270e-01 2.8053130597834153e-01 4.8881142434685071e-01 1.0000008529602826e+00 -1.5943455228106319e-05 5.3110549139642450e-02 1.1000000000000001e+00
7.6949999999999996e-01 -8.7894905158745606e-01 1.5251270557155574e-02 -5.5708296303268112e-01 2.8077509975044368e-01 4.8635637846888108e-01 1.0000008450282909e+00 -1.5784762010844201e-05 5.3110549139642450e-02 1.1000000000000001e+00
7.7000000000000002e-01 -8.7942692179761350e-01 1.4971478355592477e-02 -5.6208560913168781e-01 2.8101765505934068e-01 4.8385754789620217e-01 1.0000008371752718e+00 -1.5627562545378862e-05 5.3110549139642450e-02 1.1000000000000001e+00
7.7049999999999996e-01 -8.7989590465598555e-01 1.4689185208256095e-02 -5.6708669376437215e-01 2.8125894997722295e-01 4.8131479068075783e-01 1.0000008294004814e+00 -1.5471845231427497e-05 5.3110549139642450e-02 1.1000000000000001e+00
7.7100000000000002e-01 -8.8035592108892724e-01 1.4404391974110628e-02 -5.7208590448101737e-01 2.8149896250553075e-01 4.7872796650814320e-01 1.0000008217031815e+00 -1.5317598527319411e-05 5.3110549139642450e-02 1.1000000000000001e+00
7.7149999999999996e-01 -8.8080689205236917e-01 1.4117099668526503e-02 -5.7708292681091844e-01 2.8173767057610288e-01 4.7609693670877584e-01 1.0000008140826397e+00 -1.5164810949718555e-05 5.3110549139642450e-02 1.1000000000000001e+00
7.7200000000000002e-01 -8.8124873853686470e-01 1.3827309464735564e-02 -5.8207744426132824e-01 2.8197505205180551e-01 4.7342156428137461e-01 1.0000008065381292e+00 -1.5013471073784744e-05 5.3110549139642450e-02 1.1000000000000001e+00
7.7249999999999996e-01 -8.8168138157261411e-01 1.3535022694844853e-02 -5.8706913832232732e-01 2.8221108472737344e-01 4.7070171391189103e-01 1.0000007990689292e+00 -1.4863567533168572e-05 5.3110549139642450e-02 1.1000000000000001e+00
7.7300000000000002e-01 -8.8210474223436397e-01 1.3240240850385497e-02 -5.9205768847755880e-01 2.8244574633044794e-01 4.6793725198747566e-01 1.0000007916743241e+00 -1.4715089019838188e-05 5.3110549139642450e-02 1.1000000000000001e+00
7.7349999999999997e-01 -8.8251874164670241e-01 1.2942965584068598e-02 -5.9704277219998780e-01 2.8267901452212191e-01 4.6512804662341450e-01 1.0000007843536045e+00 -1.4568024284345898e-05 5.3110549139642450e-02 1.1000000000000001e+00
7.7400000000000002e-01 -8.8292330098892136e-01 1.2643198710032952e-02 -6.0202406496659677e-01 2.8291086689811695e-01 4.6227396767394136e-01 1.0000007771060659e+00 -1.4422362135546509e-05 5.3110549139642450e-02 1.1000000000000001e+00
7.7449999999999997e-01 -8.8331834150029298e-01 1.2340942205302923e-02 -6.0700124025812541e-01 2.8314128098947039e-01 4.5937488675608062e-01 1.0000007699310105e+00 -1.4278091440754770e-05 5.3110549139642450e-02 1.1000000000000001e+00
7.7500000000000002e-01 -8.8370378448525511e-01 1.2036198210788057e-02 -6.1197396956471206e-01 2.8337023426342456e-01 4.5643067726864994e-01 1.0000007628277445e+00 -1.4135201125735254e-05 5.3110549139642450e-02 1.1000000000000001e+00
7.7549999999999997e-01 -8.8407955131839233e-01 1.1728969031805351e-02 -6.1694192239727941e-01 2.8359770412449897e-01 4.5344121440604157e-01 1.0000007557955812e+00 -1.3993680174524960e-05 5.3110549139642450e-02 1.1000000000000001e+00
7.7600000000000002e-01 -8.8444556345001213e-01 1.1419257139843575e-02 -6.2190476628419789e-01 2.8382366791510399e-01 4.5040637518566079e-01 1.0000007488338380e+00 -1.3853517629694007e-05 5.3110549139642450e-02 1.1000000000000001e+00
7.7649999999999997e-01 -8.8480174241104192e-01 1.1107065172774561e-02 -6.2686216678658790e-01 2.8404810291674371e-01 4.4732603845836871e-01 1.0000007419418389e+00 -1.3714702592059233e-05 5.3110549139642450e-02 1.1000000000000001e+00
7.7700000000000002e-01 -8.8514800981853714e-01 1.0792395936309580e-02 -6.3181378749891814e-01 2.8427098635076364e-01 4.4420008493264135e-01 1.0000007351189126e+00 -1.3577224220835225e-05 5.3110549139642450e-02 1.1000000000000001e+00
7.7749999999999997e-01 -8.8548428738102158e-01 1.0475252404985001e-02 -6.3675929005539333e-01 2.8449229537928744e-01 4.4102839719363540e-01 1.0000007283643937e+00 -1.3441071733618586e-05 5.3110549139642450e-02 1.1000000000000001e+00
7.7800000000000002e-01 -8.8581049690355174e-01 1.0155637722654150e-02 -6.4169833414203636e-01 2.8471200710632283e-01 4.3781085971673334e-01 1.0000007216776217e+00 -1.3306234406203890e-05 5.3110549139642450e-02 1.1000000000000001e+00
7.7849999999999997e-01 -8.8612656029356962e-01 9.8335552042599465e-03 -6.4663057749424868e-01 2.8493009857844515e-01 4.3454735889547680e-01 1.0000007150579420e+00 -1.3172701572837826e-05 5.3110549139642450e-02 1.1000000000000001e+00
7.7900000000000003e-01 -8.8643239956583209e-01 9.5090083360060244e-03 -6.5155567591275265e-01 2.8514654678602530e-01 4.3123778305158750e-01 1.0000007085047047e+00 -1.3040462625925768e-05 5.3110549139642450e-02 1.1000000000000001e+00
7.7949999999999997e-01 -8.8672793684814755e-01 9.1820007768116906e-03 -6.5647328326503762e-01 2.8536132866403824e-01 4.2788202245943557e-01 1.0000007020172657e+00 -1.2909507016175842e-05 5.3110549139642450e-02 1.1000000000000001e+00
7.8000000000000003e-01 -8.8701309438687292e-01 8.8525363592794806e-03 -6.6138305149254684e-01 2.8557442109304787e-01 4.2447996936511495e-01 1.0000006955949854e+00 -1.2779824252575187e-05 5.3110549139642450e-02 1.1000000000000001e+00
7.8049999999999997e-01 -8.8728779455205076e-01 8.5206190901571249e-03 -6.6628463062341914e-01 2.8578580090034617e-01 4.2103151799974486e-01 1.0000006892372306e+00 -1.2651403902199002e-05 5.3110549139642450e-02 1.1000000000000001e+00
7.8100000000000003e-01 -8.8755195984354407e-01 8.1862531521139387e-03 -6.7117766877101714e-01 2.8599544486070694e-01 4.1753656460784472e-01 1.0000006829433727e+00 -1.2524235590455680e-05 5.3110549139642450e-02 1.1000000000000001e+00
7.8149999999999997e-01 -8.8780551289599019e-01 7.8494429038724958e-03 -6.7606181215046957e-01 2.8620332969763868e-01 4.1399500745692436e-01 1.0000006767127883e+00 -1.2398309000786171e-05 5.3110549139642450e-02 1.1000000000000001e+00
7.8200000000000003e-01 -8.8804837648476642e-01 7.5101928816576650e-03 -6.8093670508102522e-01 2.8640943208425451e-01 4.1040674686220818e-01 1.0000006705448585e+00 -1.2273613874798802e-05 5.3110549139642450e-02 1.1000000000000001e+00
7.8249999999999997e-01 -8.8828047353163742e-01 7.1685078001464181e-03 -6.8580198999401543e-01 2.8661372864430440e-01 4.0677168520571122e-01 1.0000006644389707e+00 -1.2150140012237239e-05 5.3110549139642450e-02 1.1000000000000001e+00
7.8300000000000003e-01 -8.8850172710996489e-01 6.8243925528958796e-03 -6.9065730744629550e-01 2.8681619595334762e-01 4.0308972694924172e-01 1.0000006583945165e+00 -1.2027877270780632e-05 5.3110549139642450e-02 1.1000000000000001e+00
7.8349999999999997e-01 -8.8871206045112250e-01 6.4778522141233875e-03 -6.9550229611973635e-01 2.8701681053957762e-01 3.9936077866320940e-01 1.0000006524108933e+00 -1.1906815566279327e-05 5.3110549139642450e-02 1.1000000000000001e+00
7.8400000000000003e-01 -8.8891139694946697e-01 6.1288920387948306e-03 -7.0033659283839467e-01 2.8721554888509887e-01 3.9558474903572921e-01 1.0000006464875024e+00 -1.1786944872445197e-05 5.3110549139642450e-02 1.1000000000000001e+00
7.8449999999999998e-01 -8.8909966016853248e-01 5.7775174640678851e-03 -7.0515983257176584e-01 2.8741238742685798e-01 3.9176154889759124e-01 1.0000006406237514e+00 -1.1668255220976898e-05 5.3110549139642450e-02 1.1000000000000001e+00
7.8500000000000003e-01 -8.8927677384682724e-01 5.4237341102196749e-03 -7.0997164844357041e-01 2.8760730255772432e-01 3.8789109124128190e-01 1.0000006348190522e+00 -1.1550736701517635e-05 5.3110549139642450e-02 1.1000000000000001e+00
7.8549999999999998e-01 -8.8944266190310728e-01 5.0675477810416085e-03 -7.1477167174585921e-01 2.8780027062769425e-01 3.8397329123367857e-01 1.0000006290728214e+00 -1.1434379461446386e-05 5.3110549139642450e-02 1.1000000000000001e+00
7.8600000000000003e-01 -8.8959724844307342e-01 4.7089644656182093e-03 -7.1955953193953481e-01 2.8799126794478874e-01 3.8000806624523187e-01 1.0000006233844807e+00 -1.1319173706102131e-05 5.3110549139642450e-02 1.1000000000000001e+00
7.8649999999999998e-01 -8.8974045776435218e-01 4.3479903383730114e-03 -7.2433485667211095e-01 2.8818027077635189e-01 3.7599533585857559e-01 1.0000006177534573e+00 -1.1205109698465315e-05 5.3110549139642450e-02 1.1000000000000001e+00
7.8700000000000003e-01 -8.8987221436291930e-01 3.9846317605012451e-03 -7.2909727178191874e-01 2.8836725535004565e-01 3.7193502189368327e-01 1.0000006121791825e+00 -1.1092177759271642e-05 5.3110549139642450e-02 1.1000000000000001e+00
7.8749999999999998e-01 -8.8999244293903923e-01 3.6188952808757797e-03 -7.3384640130769618e-01 2.8855219785497654e-01 3.6782704842682379e-01 1.0000006066610925e+00 -1.0980368266959608e-05 5.3110549139642450e-02 1.1000000000000001e+00
7.8800000000000003e-01 -8.9010106840259939e-01 3.2507876364045569e-03 -7.3858186750339216e-01 2.8873507444293256e-01 3.6367134180289057e-01 1.0000006011986287e+00 -1.0869671657451311e-05 5.3110549139642450e-02 1.1000000000000001e+00
7.8849999999999998e-01 -8.9019801588008907e-01 2.8803157538081167e-03 -7.4330329083971303e-01 2.8891586122935325e-01 3.5946783066494670e-01 1.0000005957912370e+00 -1.0760078424364959e-05 5.3110549139642450e-02 1.1000000000000001e+00
7.8900000000000003e-01 -8.9028321071958227e-01 2.5074867496190484e-03 -7.4801029002249664e-01 2.8909453429464960e-01 3.5521644596228119e-01 1.0000005904383680e+00 -1.0651579118686137e-05 5.3110549139642450e-02 1.1000000000000001e+00
7.8949999999999998e-01 -8.9035657849738770e-01 2.1323079316042676e-03 -7.5270248199786338e-01 2.8927106968526123e-01 3.5091712097574268e-01 1.0000005851394773e+00 -1.0544164348870072e-05 5.3110549139642450e-02 1.1000000000000001e+00
7.9000000000000004e-01 -8.9041804502413058e-01 1.7547867996446323e-03 -7.5737948196265104e-01 2.8944544341483147e-01 3.4656979133656685e-01 1.0000005798940244e+00 -1.0437824780777428e-05 5.3110549139642450e-02 1.1000000000000001e+00
7.9049999999999998e-01 -8.9046753635013887e-01 1.3749310460558490e-03 -7.6204090337988351e-01 2.8961763146547359e-01 3.4217439503833275e-01 1.0000005747014744e+00 -1.0332551137444996e-05 5.3110549139642450e-02 1.1000000000000001e+00
7.9100000000000004e-01 -8.9050497877270351e-01 9.9274855735945254e-04 -7.6668635798140627e-01 2.8978760978881563e-01 3.3773087246680433e-01 1.0000005695612970e+00 -1.0228334199284802e-05 5.3110549139642450e-02 1.1000000000000001e+00
7.9149999999999998e-01 -8.9053029884105794e-01 6.0824741423693503e-04 -7.7131545578683292e-01 2.8995535430733926e-01 3.3323916640742823e-01 1.0000005644729657e+00 -1.0125164803745621e-05 5.3110549139642450e-02 1.1000000000000001e+00
7.9200000000000004e-01 -8.9054342336325065e-01 2.2143589293656656e-04 -7.7592780510969461e-01 2.9012084091550133e-01 3.2869922207077595e-01 1.0000005594359591e+00 -1.0023033845402223e-05 5.3110549139642450e-02 1.1000000000000001e+00
7.9249999999999998e-01 -8.9054427941236569e-01 -1.6767753387276081e-04 -7.8052301256869849e-01 2.9028404548095499e-01 3.2411098711123665e-01 1.0000005544497605e+00 -9.9219322758796608e-06 5.3110549139642450e-02 1.1000000000000001e+00
7.9300000000000004e-01 -8.9053279433195476e-01 -5.5908419682152073e-04 -7.8510068310389147e-01 2.9044494384584557e-01 3.1947441163853479e-01 1.0000005495138571e+00 -9.8218511036127505e-06 5.3110549139642450e-02 1.1000000000000001e+00
7.9349999999999998e-01 -8.9050889574357794e-01 -9.5277522807515121e-04 -7.8966041998038139e-01 2.9060351182793032e-01 3.1478944824785782e-01 1.0000005446277407e+00 -9.7227813940317811e-06 5.3110549139642450e-02 1.1000000000000001e+00
7.9400000000000004e-01 -8.9047251155177187e-01 -1.3487415614294050e-03 -7.9420182480787693e-01 2.9075972522193583e-01 3.1005605202672903e-01 1.0000005397909086e+00 -9.6247142692133925e-06 5.3110549139642450e-02 1.1000000000000001e+00
7.9449999999999998e-01 -8.9042356995114447e-01 -1.7469739309187548e-03 -7.9872449754782537e-01 2.9091355980074229e-01 3.0527418058055128e-01 1.0000005350028607e+00 -9.5276409079569519e-06 5.3110549139642450e-02 1.1000000000000001e+00
7.9500000000000004e-01 -8.9036199943272532e-01 -2.1474628699931640e-03 -8.0322803652553543e-01 2.9106499131665181e-01 3.0044379405109300e-01 1.0000005302631034e+00 -9.4315525456962312e-06 5.3110549139642450e-02 1.1000000000000001e+00
7.9549999999999998e-01 -8.9028772878944251e-01 -2.5501987112779112e-03 -8.0771203844700057e-01 2.9121399550271226e-01 2.9556485512756392e-01 1.0000005255711457e+00 -9.3364404742482384e-06 5.3110549139642450e-02 1.1000000000000001e+00
7.9600000000000004e-01 -8.9020068712393874e-01 -2.9551715848213193e-03 -8.1217609840376548e-01 2.9136054807391304e-01 2.9063732907695278e-01 1.0000005209265015e+00 -9.2422960419842234e-06 5.3110549139642450e-02 1.1000000000000001e+00
7.9649999999999999e-01 -8.9010080385352186e-01 -3.3623714182382416e-03 -8.1661980989301630e-01 2.9150462472855820e-01 2.8566118375027388e-01 1.0000005163286896e+00 -9.1491106534706240e-06 5.3110549139642450e-02 1.1000000000000001e+00
7.9700000000000004e-01 -8.8998800871747719e-01 -3.7717879353390184e-03 -8.2104276482575922e-01 2.9164620114951501e-01 2.8063638960813547e-01 1.0000005117772324e+00 -9.0568757695314549e-06 5.3110549139642450e-02 1.1000000000000001e+00
7.9749999999999999e-01 -8.8986223178354706e-01 -4.1834106553361831e-03 -8.2544455353978285e-01 2.9178525300552832e-01 2.7556291973901370e-01 1.0000005072716569e+00 -8.9655829071478497e-06 5.3110549139642450e-02 1.1000000000000001e+00
7.9800000000000004e-01 -8.8972340345344081e-01 -4.5972288926486356e-03 -8.2982476481716805e-01 2.9192175595257142e-01 2.7044074986981487e-01 1.0000005028114942e+00 -8.8752236391955368e-06 5.3110549139642450e-02 1.1000000000000001e+00
7.9849999999999999e-01 -8.8957145447092778e-01 -5.0132317551615175e-03 -8.3418298589029560e-01 2.9205568563511747e-01 2.6526985839641148e-01 1.0000004983962791e+00 -8.7857895946013671e-06 5.3110549139642450e-02 1.1000000000000001e+00
7.9900000000000004e-01 -8.8940631592676078e-01 -5.4314081444220876e-03 -8.3851880246250721e-01 2.9218701768752797e-01 2.6005022638919301e-01 1.0000004940255514e+00 -8.6972724579738237e-06 5.3110549139642450e-02 1.1000000000000001e+00
7.9949999999999999e-01 -8.8922791926620393e-01 -5.8517467542889470e-03 -8.4283179871730907e-01 2.9231572773536507e-01 2.5478183761864898e-01 1.0000004896988552e+00 -8.6096639696518003e-06 5.3110549139642450e-02 1.1000000000000001e+00
8.0000000000000004e-01 -8.8903619629563380e-01 -6.2742360701737165e-03 -8.4712155733221395e-01 2.9244179139675125e-01 2.4946467857335414e-01 1.0000004854157376e+00 -8.5229559255912685e-06 5.3110549139642450e-02 1.1000000000000001e+00
8.0049999999999999e-01 -8.8883107918807891e-01 -6.6988643688883189e-03 -8.5138765949690076e-01 2.9256518428374562e-01 2.4409873847001490e-01 1.0000004811757506e+00 -8.4371401770921907e-06 5.3110549139642450e-02 1.1000000000000001e+00
8.0100000000000005e-01 -8.8861250049158436e-01 -7.1256197169228524e-03 -8.5562968492041969e-01 2.9268588200369255e-01 2.3868400928411976e-01 1.0000004769784501e+00 -8.3522086309396090e-06 5.3110549139642450e-02 1.1000000000000001e+00
8.0149999999999999e-01 -8.8838039313410222e-01 -7.5544899706922863e-03 -8.5984721185237900e-01 2.9280386016062249e-01 2.3322048575479393e-01 1.0000004728233960e+00 -8.2681532490246436e-06 5.3110549139642450e-02 1.1000000000000001e+00
8.0200000000000005e-01 -8.8813469043122928e-01 -7.9854627752115343e-03 -8.6403981709322264e-01 2.9291909435662861e-01 2.2770816541031472e-01 1.0000004687101522e+00 -8.1849660483788855e-06 5.3110549139642450e-02 1.1000000000000001e+00
8.0249999999999999e-01 -8.8787532609292730e-01 -8.4185255633712919e-03 -8.6820707600892766e-01 2.9303156019327053e-01 2.2214704858580114e-01 1.0000004646382865e+00 -8.1026391010488971e-06 5.3110549139642450e-02 1.1000000000000001e+00
8.0300000000000005e-01 -8.8760223422908036e-01 -8.8536655558330846e-03 -8.7234856254983406e-01 2.9314123327297592e-01 2.1653713843266884e-01 1.0000004606073707e+00 -8.0211645338121661e-06 5.3110549139642450e-02 1.1000000000000001e+00
8.0349999999999999e-01 -8.8731534935813339e-01 -9.2908697593251047e-03 -8.7646384925904630e-01 2.9324808920046491e-01 2.1087844094938130e-01 1.0000004566169811e+00 -7.9405345283032102e-06 5.3110549139642450e-02 1.1000000000000001e+00
8.0400000000000005e-01 -8.8701460641193608e-01 -9.7301249669440992e-03 -8.8055250729415646e-01 2.9335210358416280e-01 2.0517096498553408e-01 1.0000004526666970e+00 -7.8607413206248790e-06 5.3110549139642450e-02 1.1000000000000001e+00
8.0449999999999999e-01 -8.8669994074369118e-01 -1.0171417756855905e-02 -8.8461410643858585e-01 2.9345325203763989e-01 1.9941472226729198e-01 1.0000004487561016e+00 -7.7817772013689518e-06 5.3110549139642450e-02 1.1000000000000001e+00
8.0500000000000005e-01 -8.8637128813478372e-01 -1.0614734491610696e-02 -8.8864821511716918e-01 2.9355151018105941e-01 1.9360972741469976e-01 1.0000004448847828e+00 -7.7036345154780275e-06 5.3110549139642450e-02 1.1000000000000001e+00
8.0549999999999999e-01 -8.8602858480035296e-01 -1.1060061318084341e-02 -8.9265440041562016e-01 2.9364685364260174e-01 1.8775599795054468e-01 1.0000004410523315e+00 -7.6263056619515317e-06 5.3110549139642450e-02 1.1000000000000001e+00
8.0600000000000005e-01 -8.8567176739819720e-01 -1.1507384165798374e-02 -8.9663222809017817e-01 2.9373925805996587e-01 1.8185355433111594e-01 1.0000004372583426e+00 -7.5497830939561770e-06 5.3110549139642450e-02 1.1000000000000001e+00
8.0649999999999999e-01 -8.8530077303356758e-01 -1.1956688747275212e-02 -9.0058126258982529e-01 2.9382869908179110e-01 1.7590241994952069e-01 1.0000004335024153e+00 -7.4740593184286802e-06 5.3110549139642450e-02 1.1000000000000001e+00
8.0700000000000005e-01 -8.8491553926731648e-01 -1.2407960556770034e-02 -9.0450106706873579e-01 2.9391515236916066e-01 1.6990262116095228e-01 1.0000004297841516e+00 -7.3991268960820997e-06 5.3110549139642450e-02 1.1000000000000001e+00
8.0750000000000000e-01 -8.8451600412283549e-01 -1.2861184869624462e-02 -9.0839120340271984e-01 2.9399859359709235e-01 1.6385418729961618e-01 1.0000004261031579e+00 -7.3249784412559888e-06 5.3110549139642450e-02 1.1000000000000001e+00
8.0800000000000005e-01 -8.8410210609162954e-01 -1.3316346742258994e-02 -9.1225123220934379e-01 2.9407899845598368e-01 1.5775715068691862e-01 1.0000004224590435e+00 -7.2516066216123730e-06 5.3110549139642450e-02 1.1000000000000001e+00
8.0850000000000000e-01 -8.8367378414248776e-01 -1.3773431010517041e-02 -9.1608071285881876e-01 2.9415634265319074e-01 1.5161154666221877e-01 1.0000004188514227e+00 -7.1790041582311793e-06 5.3110549139642450e-02 1.1000000000000001e+00
8.0900000000000005e-01 -8.8323097772621484e-01 -1.4232422290077937e-02 -9.1987920349671892e-01 2.9423060191445688e-01 1.4541741358529803e-01 1.0000004152799125e+00 -7.1071638252044728e-06 5.3110549139642450e-02 1.1000000000000001e+00
8.0950000000000000e-01 -8.8277362678397941e-01 -1.4693304975219671e-02 -9.2364626105752534e-01 2.9430175198547931e-01 1.3917479286144765e-01 1.0000004117441332e+00 -7.0360784496292789e-06 5.3110549139642450e-02 1.1000000000000001e+00
8.1000000000000005e-01 -8.8230167175434826e-01 -1.5156063238216430e-02 -9.2738144128195998e-01 2.9436976863344155e-01 1.3288372895791950e-01 1.0000004082437095e+00 -6.9657409114458654e-06 5.3110549139642450e-02 1.1000000000000001e+00
8.1050000000000000e-01 -8.8181505357886081e-01 -1.5620681029380468e-02 -9.3108429873772180e-01 2.9443462764847816e-01 1.2654426941144178e-01 1.0000004047782689e+00 -6.8961441431248116e-06 5.3110549139642450e-02 1.1000000000000001e+00
8.1100000000000005e-01 -8.8131371371145606e-01 -1.6087142075436607e-02 -9.3475438683166379e-01 2.9449630484533035e-01 1.2015646485886225e-01 1.0000004013474431e+00 -6.8272811297470469e-06 5.3110549139642450e-02 1.1000000000000001e+00
8.1150000000000000e-01 -8.8079759412313730e-01 -1.6555429879990972e-02 -9.3839125783296862e-01 2.9455477606477987e-01 1.1372036903877548e-01 1.0000003979508665e+00 -6.7591449085908521e-06 5.3110549139642450e-02 1.1000000000000001e+00
8.1200000000000006e-01 -8.8026663731051169e-01 -1.7025527722330656e-02 -9.4199446288782496e-01 2.9461001717527791e-01 1.0723603881633068e-01 1.0000003945881781e+00 -6.6917285691109728e-06 5.3110549139642450e-02 1.1000000000000001e+00
8.1250000000000000e-01 -8.7972078630291628e-01 -1.7497418656864019e-02 -9.4556355203762621e-01 2.9466200407451781e-01 1.0070353419920174e-01 1.0000003912590192e+00 -6.6250252527660276e-06 5.3110549139642450e-02 1.1000000000000001e+00
8.1300000000000006e-01 -8.7915998466798195e-01 -1.7971085513216838e-02 -9.4909807424033454e-01 2.9471071269091842e-01 9.4122918344342832e-02 1.0000003879630350e+00 -6.5590281526968318e-06 5.3110549139642450e-02 1.1000000000000001e+00
8.1350000000000000e-01 -8.7858417652131615e-01 -1.8446510894637197e-02 -9.5259757738394280e-01 2.9475611898535531e-01 8.7494257588505278e-02 1.0000003846998744e+00 -6.4937305137918286e-06 5.3110549139642450e-02 1.1000000000000001e+00
8.1400000000000006e-01 -8.7799330653108587e-01 -1.8923677178524403e-02 -9.5606160831011022e-01 2.9479819895259812e-01 8.0817621448939378e-02 1.0000003814691891e+00 -6.4291256322671447e-06 5.3110549139642450e-02 1.1000000000000001e+00
8.1450000000000000e-01 -8.7738731992674712e-01 -1.9402566515265073e-02 -9.5948971282995843e-01 2.9483692862300104e-01 7.4093082647909259e-02 1.0000003782706344e+00 -6.3652068556328976e-06 5.3110549139642450e-02 1.1000000000000001e+00
8.1500000000000006e-01 -8.7676616250625383e-01 -1.9883160827721704e-02 -9.6288143574315765e-01 2.9487228406411453e-01 6.7320717128085364e-02 1.0000003751038691e+00 -6.3019675825098218e-06 5.3110549139642450e-02 1.1000000000000001e+00
8.1550000000000000e-01 -8.7612978064160407e-01 -2.0365441811381318e-02 -9.6623632085988143e-01 2.9490424138218468e-01 6.0500604058541796e-02 1.0000003719685546e+00 -6.2394012623000704e-06 5.3110549139642450e-02 1.1000000000000001e+00
8.1600000000000006e-01 -8.7547812128876945e-01 -2.0849390932797314e-02 -9.6955391101559518e-01 2.9493277672396068e-01 5.3632825865035989e-02 1.0000003688643568e+00 -6.1775013952379127e-06 5.3110549139642450e-02 1.1000000000000001e+00
8.1650000000000000e-01 -8.7481113199219351e-01 -2.1334989430176341e-02 -9.7283374809510637e-01 2.9495786627813247e-01 4.6717468229791920e-02 1.0000003657909435e+00 -6.1162615319641942e-06 5.3110549139642450e-02 1.1000000000000001e+00
8.1700000000000006e-01 -8.7412876089369851e-01 -2.1822218312256975e-02 -9.7607537304951175e-01 2.9497948627708220e-01 3.9754620115614807e-02 1.0000003627479861e+00 -6.0556752734798449e-06 5.3110549139642450e-02 1.1000000000000001e+00
8.1750000000000000e-01 -8.7343095673977389e-01 -2.2311058357845411e-02 -9.7927832591614850e-01 2.9499761299853383e-01 3.2744373780699623e-02 1.0000003597351603e+00 -5.9957362709528381e-06 5.3110549139642450e-02 1.1000000000000001e+00
8.1800000000000006e-01 -8.7271766888709246e-01 -2.2801490116021419e-02 -9.8244214584114409e-01 2.9501222276706601e-01 2.5686824783777984e-02 1.0000003567521429e+00 -5.9364382253818125e-06 5.3110549139642450e-02 1.1000000000000001e+00
8.1850000000000001e-01 -8.7198884731268578e-01 -2.3293493904617154e-02 -9.8556637109552725e-01 2.9502329195599536e-01 1.8582072014140274e-02 1.0000003537986164e+00 -5.8777748876329258e-06 5.3110549139642450e-02 1.1000000000000001e+00
8.1900000000000006e-01 -8.7124444261834255e-01 -2.3787049810866337e-02 -9.8865053909969025e-01 2.9503079698881213e-01 1.1430217690412157e-02 1.0000003508742636e+00 -5.8197400580091943e-06 5.3110549139642450e-02 1.1000000000000001e+00
8.1950000000000001e-01 -8.7048440603969013e-01 -2.4282137690325035e-02 -9.9169418644147600e-01 2.9503471434099149e-01 4.2313673842543434e-03 1.0000003479787725e+00 -5.7623275861921865e-06 5.3110549139642450e-02 1.1000000000000001e+00
8.2000000000000006e-01 -8.6970868945355306e-01 -2.4778737166460039e-02 -9.9469684889700749e-01 2.9503502054167924e-01 -3.0143699655170849e-03 1.0000003451118333e+00 -5.7055313710395973e-06 5.3110549139642450e-02 1.1000000000000001e+00
8.2050000000000001e-01 -8.6891724538343140e-01 -2.5276827630910197e-02 -9.9765806145379832e-01 2.9503169217521669e-01 -1.0306882048631005e-02 1.0000003422731394e+00 -5.6493453602429643e-06 5.3110549139642450e-02 1.1000000000000001e+00
8.2100000000000006e-01 -8.6811002700991347e-01 -2.5776388242008886e-02 -1.0005773583282209e+00 2.9502470588309837e-01 -1.7646053153717423e-02 1.0000003394623873e+00 -5.5937635503507689e-06 5.3110549139642450e-02 1.1000000000000001e+00
8.2150000000000001e-01 -8.6728698817496686e-01 -2.6277397925493114e-02 -1.0034542729903349e+00 2.9501403836540341e-01 -2.5031764170528516e-02 1.0000003366792760e+00 -5.5387799863340142e-06 5.3110549139642450e-02 1.1000000000000001e+00
8.2200000000000006e-01 -8.6644808339118717e-01 -2.6779835373472689e-02 -1.0062883381831411e+00 2.9499966638266528e-01 -3.2463892566770090e-02 1.0000003339235086e+00 -5.4843887615163180e-06 5.3110549139642450e-02 1.1000000000000001e+00
8.2250000000000001e-01 -8.6559326784921742e-01 -2.7283679044070010e-02 -1.0090790859442642e+00 2.9498156675759252e-01 -3.9942312374676034e-02 1.0000003311947896e+00 -5.4305840173632654e-06 5.3110549139642450e-02 1.1000000000000001e+00
8.2300000000000006e-01 -8.6472249742317941e-01 -2.7788907161741629e-02 -1.0118260476296246e+00 2.9495971637660234e-01 -4.7466894187654159e-02 1.0000003284928276e+00 -5.3773599431346948e-06 5.3110549139642450e-02 1.1000000000000001e+00
8.2350000000000001e-01 -8.6383572868131830e-01 -2.8295497715844303e-02 -1.0145287539322576e+00 2.9493409219185279e-01 -5.5037505131043787e-02 1.0000003258173340e+00 -5.3247107758950240e-06 5.3110549139642450e-02 1.1000000000000001e+00
8.2400000000000007e-01 -8.6293291889017476e-01 -2.8803428461408417e-02 -1.0171867349075023e+00 2.9490467122266650e-01 -6.2654008865427602e-02 1.0000003231680221e+00 -5.2726308000756503e-06 5.3110549139642450e-02 1.1000000000000001e+00
8.2450000000000001e-01 -8.6201402602399513e-01 -2.9312676918154951e-02 -1.0197995199934060e+00 2.9487143055745846e-01 -7.0316265564011021e-02 1.0000003205446091e+00 -5.2211143473944898e-06 5.3110549139642450e-02 1.1000000000000001e+00
8.2500000000000007e-01 -8.6107900877219989e-01 -2.9823220370192308e-02 -1.0223666380332734e+00 2.9483434735548847e-01 -7.8024131900003277e-02 1.0000003179468147e+00 -5.1701557966375297e-06 5.3110549139642450e-02 1.1000000000000001e+00
8.2550000000000001e-01 -8.6012782654476394e-01 -3.0335035866395965e-02 -1.0248876172998602e+00 2.9479339884840261e-01 -8.5777461044204487e-02 1.0000003153743615e+00 -5.1197495733069660e-06 5.3110549139642450e-02 1.1000000000000001e+00
8.2600000000000007e-01 -8.5916043948307985e-01 -3.0848100219025086e-02 -1.0273619855155758e+00 2.9474856234233754e-01 -9.3576102636295830e-02 1.0000003128269741e+00 -5.0698901496190135e-06 5.3110549139642450e-02 1.1000000000000001e+00
8.2650000000000001e-01 -8.5817680846400590e-01 -3.1362390004557476e-02 -1.0297892698779807e+00 2.9469981521933464e-01 -1.0141990278923084e-01 1.0000003103043809e+00 -5.0205720440644741e-06 5.3110549139642450e-02 1.1000000000000001e+00
8.2700000000000007e-01 -8.5717689510942519e-01 -3.1877881562760869e-02 -1.0321689970813706e+00 2.9464713493932382e-01 -1.0930870406728843e-01 1.0000003078063127e+00 -4.9717898213180861e-06 5.3110549139642450e-02 1.1000000000000001e+00
8.2750000000000001e-01 -8.5616066179375994e-01 -3.2394550996445379e-02 -1.0345006933401593e+00 2.9459049904190593e-01 -1.1724234547426815e-01 1.0000003053325026e+00 -4.9235380920134391e-06 5.3110549139642450e-02 1.1000000000000001e+00
8.2800000000000007e-01 -8.5512807164928395e-01 -3.2912374171906060e-02 -1.0367838844135919e+00 2.9452988514789963e-01 -1.2522066245212243e-01 1.0000003028826872e+00 -4.8758115123875491e-06 5.3110549139642450e-02 1.1000000000000001e+00
8.2850000000000001e-01 -8.5407908857720416e-01 -3.3431326717589957e-02 -1.0390180956273232e+00 2.9446527096151609e-01 -1.3324348685280654e-01 1.0000003004566047e+00 -4.8286047842671637e-06 5.3110549139642450e-02 1.1000000000000001e+00
8.2900000000000007e-01 -8.5301367725156796e-01 -3.3951384024996985e-02 -1.0412028518992158e+00 2.9439663427176166e-01 -1.4131064694384732e-01 1.0000002980539964e+00 -4.7819126546281497e-06 5.3110549139642450e-02 1.1000000000000001e+00
8.2950000000000002e-01 -8.5193180312896710e-01 -3.4472521247804824e-02 -1.0433376777620789e+00 2.9432395295447444e-01 -1.4942196738708949e-01 1.0000002956746070e+00 -4.7357299154957265e-06 5.3110549139642450e-02 1.1000000000000001e+00
8.3000000000000007e-01 -8.5083343245608556e-01 -3.4994713301682696e-02 -1.0454220973879005e+00 2.9424720497413615e-01 -1.5757726922782439e-01 1.0000002933181826e+00 -4.6900514037132621e-06 5.3110549139642450e-02 1.1000000000000001e+00
8.3050000000000002e-01 -8.4971853227493832e-01 -3.5517934864794480e-02 -1.0474556346130361e+00 2.9416636838542048e-01 -1.6577636989446301e-01 1.0000002909844723e+00 -4.6448720005845403e-06 5.3110549139642450e-02 1.1000000000000001e+00
8.3100000000000007e-01 -8.4858707043415649e-01 -3.6042160376523288e-02 -1.0494378129611885e+00 2.9408142133543774e-01 -1.7401908317108736e-01 1.0000002886732284e+00 -4.6001866318489294e-06 5.3110549139642450e-02 1.1000000000000001e+00
8.3150000000000002e-01 -8.4743901559275114e-01 -3.6567364038435371e-02 -1.0513681556694563e+00 2.9399234206512154e-01 -1.8230521920418358e-01 1.0000002863842041e+00 -4.5559902672409187e-06 5.3110549139642450e-02 1.1000000000000001e+00
8.3200000000000007e-01 -8.4627433722994705e-01 -3.7093519813465092e-02 -1.0532461857122495e+00 2.9389910891131804e-01 -1.9063458448221726e-01 1.0000002841171574e+00 -4.5122779203816632e-06 5.3110549139642450e-02 1.1000000000000001e+00
8.3250000000000002e-01 -8.4509300565275813e-01 -3.7620601425788512e-02 -1.0550714258263358e+00 2.9380170030862407e-01 -1.9900698182570445e-01 1.0000002818718465e+00 -4.4690446485428364e-06 5.3110549139642450e-02 1.1000000000000001e+00
8.3299999999999996e-01 -8.4389499200113949e-01 -3.8148582361391792e-02 -1.0568433985365016e+00 2.9370009479093384e-01 -2.0742221038803371e-01 1.0000002796480336e+00 -4.4262855522872056e-06 5.3110549139642450e-02 1.1000000000000001e+00
8.3350000000000002e-01 -8.4268026825947107e-01 -3.8677435866853675e-02 -1.0585616261799211e+00 2.9359427099375218e-01 -2.1588006562876008e-01 1.0000002774454828e+00 -4.3839957754336744e-06 5.3110549139642450e-02 1.1000000000000001e+00
8.3399999999999996e-01 -8.4144880726016336e-01 -3.9207134950375401e-02 -1.0602256309324369e+00 2.9348420765556282e-01 -2.2438033932158494e-01 1.0000002752639603e+00 -4.3421705046177041e-06 5.3110549139642450e-02 1.1000000000000001e+00
8.3450000000000002e-01 -8.4020058269361519e-01 -3.9737652381026826e-02 -1.0618349348336391e+00 2.9336988361996713e-01 -2.3292281953481161e-01 1.0000002731032354e+00 -4.3008049691751436e-06 5.3110549139642450e-02 1.1000000000000001e+00
8.3499999999999996e-01 -8.3893556911580425e-01 -4.0268960688683582e-02 -1.0633890598127229e+00 2.9325127783754584e-01 -2.4150729062245616e-01 1.0000002709630795e+00 -4.2598944409018256e-06 5.3110549139642450e-02 1.1000000000000001e+00
8.3550000000000002e-01 -8.3765374195334352e-01 -4.0801032164660356e-02 -1.0648875277145831e+00 2.9312836936740294e-01 -2.5013353322624787e-01 1.0000002688432661e+00 -4.2194342336934936e-06 5.3110549139642450e-02 1.1000000000000001e+00
8.3599999999999997e-01 -8.3635507751515459e-01 -4.1333838860555451e-02 -1.0663298603255869e+00 2.9300113737954386e-01 -2.5880132424976915e-01 1.0000002667435712e+00 -4.1794197035014115e-06 5.3110549139642450e-02 1.1000000000000001e+00
8.3650000000000002e-01 -8.3503955299590160e-01 -4.1867352589347907e-02 -1.0677155794000506e+00 2.9286956115622220e-01 -2.6751043686774123e-01 1.0000002646637729e+00 -4.1398462478945713e-06 5.3110549139642450e-02 1.1000000000000001e+00
8.3699999999999997e-01 -8.3370714648606770e-01 -4.2401544924706033e-02 -1.0690442066864743e+00 2.9273362009412690e-01 -2.7626064050741694e-01 1.0000002626036519e+00 -4.1007093059367021e-06 5.3110549139642450e-02 1.1000000000000001e+00
8.3750000000000002e-01 -8.3235783697954591e-01 -4.2936387200992090e-02 -1.0703152639541968e+00 2.9259329370626402e-01 -2.8505170084083475e-01 1.0000002605629916e+00 -4.0620043579423325e-06 5.3110549139642450e-02 1.1000000000000001e+00
8.3799999999999997e-01 -8.3099160437859476e-01 -4.3471850513959444e-02 -1.0715282730198994e+00 2.9244856162349453e-01 -2.9388337978802015e-01 1.0000002585415764e+00 -4.0237269251171060e-06 5.3110549139642450e-02 1.1000000000000001e+00
8.3850000000000002e-01 -8.2960842950568414e-01 -4.4007905719665188e-02 -1.0726827557747813e+00 2.9229940359697565e-01 -3.0275543549211115e-01 1.0000002565391941e+00 -3.9858725695045201e-06 5.3110549139642450e-02 1.1000000000000001e+00
8.3899999999999997e-01 -8.2820829410675567e-01 -4.4544523435631783e-02 -1.0737782342111948e+00 2.9214579949948322e-01 -3.1166762232994277e-01 1.0000002545556339e+00 -3.9484368935510933e-06 5.3110549139642450e-02 1.1000000000000001e+00
8.3950000000000002e-01 -8.2679118086139836e-01 -4.5081674040224486e-02 -1.0748142304500363e+00 2.9198772932764350e-01 -3.2061969089452830e-01 1.0000002525906881e+00 -3.9114155399770543e-06 5.3110549139642450e-02 1.1000000000000001e+00
8.3999999999999997e-01 -8.2535707339043818e-01 -4.5619327672721810e-02 -1.0757902667681758e+00 2.9182517320383339e-01 -3.2961138798846756e-01 1.0000002506441503e+00 -3.8748041915299820e-06 5.3110549139642450e-02 1.1000000000000001e+00
8.4050000000000002e-01 -8.2390595626077290e-01 -4.6157454234081227e-02 -1.0767058656253414e+00 2.9165811137770792e-01 -3.3864245662846976e-01 1.0000002487158164e+00 -3.8385985706261035e-06 5.3110549139642450e-02 1.1000000000000001e+00
8.4099999999999997e-01 -8.2243781499739022e-01 -4.6696023385919688e-02 -1.0775605496926997e+00 2.9148652422870347e-01 -3.4771263602150415e-01 1.0000002468054847e+00 -3.8027944392892038e-06 5.3110549139642450e-02 1.1000000000000001e+00
8.4150000000000003e-01 -8.2095263608643376e-01 -4.7235004551743787e-02 -1.0783538418796113e+00 2.9131039226733091e-01 -3.5682166157679573e-01 1.0000002449129557e+00 -3.7673875987193396e-06 5.3110549139642450e-02 1.1000000000000001e+00
8.4199999999999997e-01 -8.1945040698547611e-01 -4.7774366916395347e-02 -1.0790852653621692e+00 2.9112969613745066e-01 -3.6596926488942377e-01 1.0000002430380317e+00 -3.7323738891582784e-06 5.3110549139642450e-02 1.1000000000000001e+00
8.4250000000000003e-01 -8.1793111613108804e-01 -4.8314079426193167e-02 -1.0797543436113857e+00 2.9094441661818699e-01 -3.7515517373502549e-01 1.0000002411805169e+00 -3.6977491896412512e-06 5.3110549139642450e-02 1.1000000000000001e+00
8.4299999999999997e-01 -8.1639475294355091e-01 -4.8854110789764593e-02 -1.0803606004204271e+00 2.9075453462544354e-01 -3.8437911207563674e-01 1.0000002393402183e+00 -3.6635094176403297e-06 5.3110549139642450e-02 1.1000000000000001e+00
8.4350000000000003e-01 -8.1484130783902542e-01 -4.9394429477101036e-02 -1.0809035599345942e+00 2.9056003121446355e-01 -3.9364080003703988e-01 1.0000002375169441e+00 -3.6296505289960056e-06 5.3110549139642450e-02 1.1000000000000001e+00
8.4399999999999997e-01 -8.1327077223242328e-01 -4.9935003720853362e-02 -1.0813827466781638e+00 2.9036088758109257e-01 -4.0293995392215470e-01 1.0000002357105047e+00 -3.5961685174905460e-06 5.3110549139642450e-02 1.1000000000000001e+00
8.4450000000000003e-01 -8.1168313854775664e-01 -5.0475801515852001e-02 -1.0817976855840632e+00 2.9015708506409144e-01 -4.1227628619591722e-01 1.0000002339207135e+00 -3.5630594147086894e-06 5.3110549139642450e-02 1.1000000000000001e+00
8.4499999999999997e-01 -8.1007840022568434e-01 -5.1016790619318353e-02 -1.0821479020227915e+00 2.8994860514706378e-01 -4.2164950548129504e-01 1.0000002321473840e+00 -3.5303192897885571e-06 5.3110549139642450e-02 1.1000000000000001e+00
8.4550000000000003e-01 -8.0845655172808295e-01 -5.1557938551766568e-02 -1.0824329218299753e+00 2.8973542945995379e-01 -4.3105931656657187e-01 1.0000002303903335e+00 -3.4979442490676456e-06 5.3110549139642450e-02 1.1000000000000001e+00
8.4599999999999997e-01 -8.0681758855036367e-01 -5.2099212596134023e-02 -1.0826522713377447e+00 2.8951753978166256e-01 -4.4050542038394019e-01 1.0000002286493797e+00 -3.4659304360080760e-06 5.3110549139642450e-02 1.1000000000000001e+00
8.4650000000000003e-01 -8.0516150722412783e-01 -5.2640579799145666e-02 -1.0828054774016198e+00 2.8929491804127450e-01 -4.4998751402440562e-01 1.0000002269243433e+00 -3.4342740307751359e-06 5.3110549139642450e-02 1.1000000000000001e+00
8.4699999999999998e-01 -8.0348830532759319e-01 -5.3182006970907920e-02 -1.0828920674313105e+00 2.8906754632040776e-01 -4.5950529072398022e-01 1.0000002252150468e+00 -3.4029712500942176e-06 5.3110549139642450e-02 1.1000000000000001e+00
8.4750000000000003e-01 -8.0179798149309400e-01 -5.3723460685195061e-02 -1.0829115694203517e+00 2.8883540685514814e-01 -4.6905843986116064e-01 1.0000002235213137e+00 -3.3720183470014055e-06 5.3110549139642450e-02 1.1000000000000001e+00
8.4799999999999998e-01 -8.0009053541151076e-01 -5.4264907280418502e-02 -1.0828635119739425e+00 2.8859848203752886e-01 -4.7864664696565473e-01 1.0000002218429707e+00 -3.3414116104930755e-06 5.3110549139642450e-02 1.1000000000000001e+00
8.4850000000000003e-01 -7.9836596784471137e-01 -5.4806312858839225e-02 -1.0827474243417150e+00 2.8835675441819691e-01 -4.8826959369840384e-01 1.0000002201798450e+00 -3.3111473654453078e-06 5.3110549139642450e-02 1.1000000000000001e+00
8.4899999999999998e-01 -7.9662428062799306e-01 -5.5347643287997537e-02 -1.0825628364446229e+00 2.8811020670760140e-01 -4.9792695786798541e-01 1.0000002185317667e+00 -3.2812219721985916e-06 5.3110549139642450e-02 1.1000000000000001e+00
8.4950000000000003e-01 -7.9486547668055907e-01 -5.5888864200387169e-02 -1.0823092789068542e+00 2.8785882177837613e-01 -5.0761841341829694e-01 1.0000002168985671e+00 -3.2516318264114898e-06 5.3110549139642450e-02 1.1000000000000001e+00
8.4999999999999998e-01 -7.9308956001297493e-01 -5.6429940993814862e-02 -1.0819862830861551e+00 2.8760258266727873e-01 -5.1734363042751508e-01 1.0000002152800795e+00 -3.2223733588118603e-06 5.3110549139642450e-02 1.1000000000000001e+00
8.5050000000000003e-01 -7.9129653573143233e-01 -5.6970838832441313e-02 -1.0815933811019192e+00 2.8734147257664516e-01 -5.2710227511840069e-01 1.0000002136761390e+00 -3.1934430348505361e-06 5.3110549139642450e-02 1.1000000000000001e+00
8.5099999999999998e-01 -7.8948641005031517e-01 -5.7511522646075425e-02 -1.0811301058693386e+00 2.8707547487710605e-01 -5.3689400983980595e-01 1.0000002120865825e+00 -3.1648373546158382e-06 5.3110549139642450e-02 1.1000000000000001e+00
8.5150000000000003e-01 -7.8765919029440346e-01 -5.8051957131673187e-02 -1.0805959911262557e+00 2.8680457310873053e-01 -5.4671849308469855e-01 1.0000002105112482e+00 -3.1365528524249059e-06 5.3110549139642450e-02 1.1000000000000001e+00
8.5199999999999998e-01 -7.8581488490940132e-01 -5.8592106753090983e-02 -1.0799905714661717e+00 2.8652875098343844e-01 -5.5657537947937874e-01 1.0000002089499764e+00 -3.1085860966750049e-06 5.3110549139642450e-02 1.1000000000000001e+00
8.5250000000000004e-01 -7.8395350346932469e-01 -5.9131935741523672e-02 -1.0793133823692316e+00 2.8624799238693982e-01 -5.6646431978408240e-01 1.0000002074026098e+00 -3.0809336895958442e-06 5.3110549139642450e-02 1.1000000000000001e+00
8.5299999999999998e-01 -7.8207505668060029e-01 -5.9671408096614233e-02 -1.0785639602305312e+00 2.8596228138016189e-01 -5.7638496090486213e-01 1.0000002058689912e+00 -3.0535922669082039e-06 5.3110549139642450e-02 1.1000000000000001e+00
8.5350000000000004e-01 -7.8017955639473147e-01 -6.0210487585836983e-02 -1.0777418423956360e+00 2.8567160220200905e-01 -5.8633694587678120e-01 1.0000002043489662e+00 -3.0265584977340359e-06 5.3110549139642450e-02 1.1000000000000001e+00
8.5399999999999998e-01 -7.7826701561026490e-01 -6.0749137746061499e-02 -1.0768465671873566e+00 2.8537593927046034e-01 -5.9631991388354499e-01 1.0000002028423820e+00 -2.9998290841952442e-06 5.3110549139642450e-02 1.1000000000000001e+00
8.5450000000000004e-01 -7.7633744848334529e-01 -6.1287321883391858e-02 -1.0758776739398326e+00 2.8507527718500603e-01 -6.0633350024843946e-01 1.0000002013490870e+00 -2.9734007612630993e-06 5.3110549139642450e-02 1.1000000000000001e+00
8.5499999999999998e-01 -7.7439087033503373e-01 -6.1825003073680954e-02 -1.0748347030301548e+00 2.8476960072858337e-01 -6.1637733643660353e-01 1.0000001998689316e+00 -2.9472702965124926e-06 5.3110549139642450e-02 1.1000000000000001e+00
8.5550000000000004e-01 -7.7242729765522000e-01 -6.2362144163713107e-02 -1.0737171959068490e+00 2.8445889486897230e-01 -6.2645105006862933e-01 1.0000001984017675e+00 -2.9214344897859167e-06 5.3110549139642450e-02 1.1000000000000001e+00
8.5599999999999998e-01 -7.7044674811538394e-01 -6.2898707770675841e-02 -1.0725246951267544e+00 2.8414314476159497e-01 -6.3655426490550970e-01 1.0000001969474486e+00 -2.8958901731000095e-06 5.3110549139642450e-02 1.1000000000000001e+00
8.5650000000000004e-01 -7.6844924057030362e-01 -6.3434656283792509e-02 -1.0712567443816727e+00 2.8382233575056198e-01 -6.4668660087000651e-01 1.0000001955058295e+00 -2.8706342102521599e-06 5.3110549139642450e-02 1.1000000000000001e+00
8.5699999999999998e-01 -7.6643479506863665e-01 -6.3969951864246227e-02 -1.0699128885335156e+00 2.8349645337112922e-01 -6.5684767403936239e-01 1.0000001940767667e+00 -2.8456634966688543e-06 5.3110549139642450e-02 1.1000000000000001e+00
8.5750000000000004e-01 -7.6440343286014134e-01 -6.4504556445775782e-02 -1.0684926736465286e+00 2.8316548335162611e-01 -6.6703709664941435e-01 1.0000001926601187e+00 -2.8209749591622641e-06 5.3110549139642450e-02 1.1000000000000001e+00
8.5799999999999998e-01 -7.6235517639940575e-01 -6.5038431735927896e-02 -1.0669956470159185e+00 2.8282941161481506e-01 -6.7725447710991959e-01 1.0000001912557450e+00 -2.7965655556003237e-06 5.3110549139642450e-02 1.1000000000000001e+00
8.5850000000000004e-01 -7.6029004935867739e-01 -6.5571539215624600e-02 -1.0654213572060705e+00 2.8248822428072567e-01 -6.8749941999146946e-01 1.0000001898635074e+00 -2.7724322748101628e-06 5.3110549139642450e-02 1.1000000000000001e+00
8.5899999999999999e-01 -7.5820807662931500e-01 -6.6103840140860598e-02 -1.0637693540770363e+00 2.8214190766764619e-01 -6.9777152604858517e-01 1.0000001884832677e+00 -2.7485721361932289e-06 5.3110549139642450e-02 1.1000000000000001e+00
8.5950000000000004e-01 -7.5610928433236657e-01 -6.6635295542718062e-02 -1.0620391888207119e+00 2.8179044829459554e-01 -7.0807039221440571e-01 1.0000001871148900e+00 -2.7249821895729715e-06 5.3110549139642450e-02 1.1000000000000001e+00
8.5999999999999999e-01 -7.5399369982570041e-01 -6.7165866228042048e-02 -1.0602304139936438e+00 2.8143383288323942e-01 -7.1839561160667531e-01 1.0000001857582408e+00 -2.7016595149544992e-06 5.3110549139642450e-02 1.1000000000000001e+00
8.6050000000000004e-01 -7.5186135170751911e-01 -6.7695512780766326e-02 -1.0583425835457525e+00 2.8107204835920840e-01 -7.2874677354494510e-01 1.0000001844131865e+00 -2.6786012222010730e-06 5.3110549139642450e-02 1.1000000000000001e+00
8.6099999999999999e-01 -7.4971226982926020e-01 -6.8224195561576093e-02 -1.0563752528598798e+00 2.8070508185496335e-01 -7.3912346353953551e-01 1.0000001830795957e+00 -2.6558044509351929e-06 5.3110549139642450e-02 1.1000000000000001e+00
8.6150000000000004e-01 -7.4754648529676571e-01 -6.8751874709673130e-02 -1.0543279787780595e+00 2.8033292071072580e-01 -7.4952526331649405e-01 1.0000001817573387e+00 -2.6332663701625194e-06 5.3110549139642450e-02 1.1000000000000001e+00
8.6199999999999999e-01 -7.4536403048085942e-01 -6.9278510142880501e-02 -1.0522003196387182e+00 2.7995555247696152e-01 -7.5995175081432331e-01 1.0000001804462868e+00 -2.6109841781196159e-06 5.3110549139642450e-02 1.1000000000000001e+00
8.6250000000000004e-01 -7.4316493902435421e-01 -6.9804061558402491e-02 -1.0499918353100148e+00 2.7957296491627859e-01 -7.7040250019202683e-01 1.0000001791463125e+00 -2.5889551020370159e-06 5.3110549139642450e-02 1.1000000000000001e+00
8.6299999999999999e-01 -7.4094924584536248e-01 -7.0328488434220487e-02 -1.0477020872186369e+00 2.7918514600470051e-01 -7.8087708184819682e-01 1.0000001778572900e+00 -2.5671763978227239e-06 5.3110549139642450e-02 1.1000000000000001e+00
8.6350000000000005e-01 -7.3871698715023015e-01 -7.0851750028858088e-02 -1.0453306383906440e+00 2.7879208393455601e-01 -7.9137506241225752e-01 1.0000001765790949e+00 -2.5456453499613717e-06 5.3110549139642450e-02 1.1000000000000001e+00
8.6399999999999999e-01 -7.3646820043443362e-01 -7.1373805383209712e-02 -1.0428770534774920e+00 2.7839376711534525e-01 -8.0189600477127809e-01 1.0000001753116037e+00 -2.5243592711474795e-06 5.3110549139642450e-02 1.1000000000000001e+00
8.6450000000000005e-01 -7.3420292449312186e-01 -7.1894613320741374e-02 -1.0403408987942144e+00 2.7799018417622812e-01 -8.1243946806895950e-01 1.0000001740546955e+00 -2.5033155021336151e-06 5.3110549139642450e-02 1.1000000000000001e+00
8.6499999999999999e-01 -7.3192119942800826e-01 -7.2414132448332905e-02 -1.0377217423532807e+00 2.7758132396790036e-01 -8.2300500771578056e-01 1.0000001728082484e+00 -2.4825114114974743e-06 5.3110549139642450e-02 1.1000000000000001e+00
8.6550000000000005e-01 -7.2962306665044263e-01 -7.2932321157747587e-02 -1.0350191538934079e+00 2.7716717556381554e-01 -8.3359217541013375e-01 1.0000001715721443e+00 -2.4619443953326323e-06 5.3110549139642450e-02 1.1000000000000001e+00
8.6599999999999999e-01 -7.2730856889438666e-01 -7.3449137625499109e-02 -1.0322327049216959e+00 2.7674772826309474e-01 -8.4420051913194238e-01 1.0000001703462651e+00 -2.4416118771464374e-06 5.3110549139642450e-02 1.1000000000000001e+00
8.6650000000000005e-01 -7.2497775021700472e-01 -7.3964539814746821e-02 -1.0293619687393440e+00 2.7632297159132235e-01 -8.5482958317147650e-01 1.0000001691304936e+00 -2.4215113075028026e-06 5.3110549139642450e-02 1.1000000000000001e+00
8.6699999999999999e-01 -7.2263065600917731e-01 -7.4478485475591327e-02 -1.0264065204808017e+00 2.7589289530303501e-01 -8.6547890813067174e-01 1.0000001679247152e+00 -2.4016401638713878e-06 5.3110549139642450e-02 1.1000000000000001e+00
8.6750000000000005e-01 -7.2026733300224299e-01 -7.4990932146003650e-02 -1.0233659371480976e+00 2.7545748938356812e-01 -8.7614803093557547e-01 1.0000001667288159e+00 -2.3819959503989628e-06 5.3110549139642450e-02 1.1000000000000001e+00
8.6799999999999999e-01 -7.1788782927084271e-01 -7.5501837153365184e-02 -1.0202397976396422e+00 2.7501674405022436e-01 -8.8683648485954691e-01 1.0000001655426820e+00 -2.3625761976078863e-06 5.3110549139642450e-02 1.1000000000000001e+00
8.6850000000000005e-01 -7.1549219424589716e-01 -7.6011157614443409e-02 -1.0170276827936149e+00 2.7457064975519391e-01 -8.9754379951950292e-01 1.0000001643662026e+00 -2.3433784622930754e-06 5.3110549139642450e-02 1.1000000000000001e+00
8.6899999999999999e-01 -7.1308047871490277e-01 -7.6518850437349059e-02 -1.0137291754133435e+00 2.7411919718627759e-01 -9.0826950090673098e-01 1.0000001631992670e+00 -2.3244003271747435e-06 5.3110549139642450e-02 1.1000000000000001e+00
8.6950000000000005e-01 -7.1065273483238212e-01 -7.7024872321932697e-02 -1.0103438603073840e+00 2.7366237726936787e-01 -9.1901311139077946e-01 1.0000001620417660e+00 -2.3056394007489001e-06 5.3110549139642450e-02 1.1000000000000001e+00
8.7000000000000000e-01 -7.0820901612647968e-01 -7.7529179760798483e-02 -1.0068713243242999e+00 2.7320018117026285e-01 -9.2977414973425720e-01 1.0000001608935918e+00 -2.2870933170634892e-06 5.3110549139642450e-02 1.1000000000000001e+00
8.7050000000000005e-01 -7.0574937750154954e-01 -7.8031729040917722e-02 -1.0033111563813972e+00 2.7273260029577212e-01 -9.4055213111826952e-01 1.0000001597546373e+00 -2.2687597354247327e-06 5.3110549139642450e-02 1.1000000000000001e+00
8.7100000000000000e-01 -7.0327387525113583e-01 -7.8532476243712929e-02 -9.9966294750935980e-01 2.7225962629664496e-01 -9.5134656714140375e-01 1.0000001586247971e+00 -2.2506363402937694e-06 5.3110549139642450e-02 1.1000000000000001e+00
8.7150000000000005e-01 -7.0078256705794595e-01 -7.9031377247079759e-02 -9.9592629087722817e-01 2.7178125106821222e-01 -9.6215696585269561e-01 1.0000001575039663e+00 -2.2327208409494172e-06 5.3110549139642450e-02 1.1000000000000001e+00
8.7200000000000000e-01 -6.9827551200423854e-01 -7.9528387725883012e-02 -9.9210078183339667e-01 2.7129746675285549e-01 -9.7298283175818145e-01 1.0000001563920420e+00 -2.2150109713405120e-06 5.3110549139642450e-02 1.1000000000000001e+00
8.7250000000000005e-01 -6.9575277057824447e-01 -8.0023463153059804e-02 -9.8818601794079097e-01 2.7080826574177946e-01 -9.8382366583826453e-01 1.0000001552889215e+00 -2.1975044898669927e-06 5.3110549139642450e-02 1.1000000000000001e+00
8.7300000000000000e-01 -6.9321440467650064e-01 -8.0516558801302970e-02 -9.8418159900551538e-01 2.7031364067605340e-01 -9.9467896557541358e-01 1.0000001541945038e+00 -2.1801991790944810e-06 5.3110549139642450e-02 1.1000000000000001e+00
8.7350000000000005e-01 -6.9066047761680094e-01 -8.1007629743260076e-02 -9.8008712712268786e-01 2.6981358444953607e-01 -1.0055482249561623e+00 1.0000001531086893e+00 -2.1630928456508608e-06 5.3110549139642450e-02 1.1000000000000001e+00
8.7400000000000000e-01 -6.8809105413785354e-01 -8.1496630853615346e-02 -9.7590220670099936e-01 2.6930809020943425e-01 -1.0164309345062359e+00 1.0000001520313784e+00 -2.1461833198993546e-06 5.3110549139642450e-02 1.1000000000000001e+00
8.7450000000000006e-01 -6.8550620040957266e-01 -8.1983516809691223e-02 -9.7162644450457281e-01 2.6879715135875021e-01 -1.0273265813000176e+00 1.0000001509624734e+00 -2.1294684557929212e-06 5.3110549139642450e-02 1.1000000000000001e+00
8.7500000000000000e-01 -6.8290598403932756e-01 -8.2468242092638075e-02 -9.6725944968853084e-01 2.6828076155800956e-01 -1.0382346489805516e+00 1.0000001499018776e+00 -2.1129461306606823e-06 5.3110549139642450e-02 1.1000000000000001e+00
8.7550000000000006e-01 -6.8029047407399579e-01 -8.2950760989190839e-02 -9.6280083382748827e-01 2.6775891472622787e-01 -1.0491546177896895e+00 1.0000001488494954e+00 -2.0966142449307846e-06 5.3110549139642450e-02 1.1000000000000001e+00
8.7600000000000000e-01 -6.7765974101288196e-01 -8.3431027591982287e-02 -9.5825021096258911e-01 2.6723160504382926e-01 -1.0600859645732366e+00 1.0000001478052321e+00 -2.0804707220274139e-06 5.3110549139642450e-02 1.1000000000000001e+00
8.7650000000000006e-01 -6.7501385680703241e-01 -8.3908995801687744e-02 -9.5360719762557178e-01 2.6669882695311187e-01 -1.0710281628183977e+00 1.0000001467689936e+00 -2.0645135080541806e-06 5.3110549139642450e-02 1.1000000000000001e+00
8.7700000000000000e-01 -6.7235289486943262e-01 -8.4384619327730337e-02 -9.4887141288149479e-01 2.6616057516067027e-01 -1.0819806826662766e+00 1.0000001457406877e+00 -2.0487405716509934e-06 5.3110549139642450e-02 1.1000000000000001e+00
8.7750000000000006e-01 -6.6967693008105156e-01 -8.4857851689561892e-02 -9.4404247836462518e-01 2.6561684463906732e-01 -1.0929429909347421e+00 1.0000001447202227e+00 -2.0331499037859279e-06 5.3110549139642450e-02 1.1000000000000001e+00
8.7800000000000000e-01 -6.6698603879262097e-01 -8.5328646218488957e-02 -9.3912001830677083e-01 2.6506763062772465e-01 -1.1039145511510595e+00 1.0000001437075079e+00 -2.0177395174866232e-06 5.3110549139642450e-02 1.1000000000000001e+00
8.7850000000000006e-01 -6.6428029883748652e-01 -8.5796956058106735e-02 -9.3410365958545960e-01 2.6451292863582188e-01 -1.1148948235604805e+00 1.0000001427024536e+00 -2.0025074477379401e-06 5.3110549139642450e-02 1.1000000000000001e+00
8.7900000000000000e-01 -6.6155978953058647e-01 -8.6262734166501612e-02 -9.2899303174750247e-01 2.6395273444266809e-01 -1.1258832651660313e+00 1.0000001417049709e+00 -1.9874517511758352e-06 5.3110549139642450e-02 1.1000000000000001e+00
8.7950000000000006e-01 -6.5882459167852137e-01 -8.6725933317065976e-02 -9.2378776705252053e-01 2.6338704410008595e-01 -1.1368793297443105e+00 1.0000001407149726e+00 -1.9725705059468554e-06 5.3110549139642450e-02 1.1000000000000001e+00
8.8000000000000000e-01 -6.5607478758539750e-01 -8.7186506099867611e-02 -9.1848750050915773e-01 2.6281585393402607e-01 -1.1478824678713122e+00 1.0000001397323717e+00 -1.9578618115057401e-06 5.3110549139642450e-02 1.1000000000000001e+00
8.8050000000000006e-01 -6.5331046105430202e-01 -8.7644404923547789e-02 -9.1309186990317692e-01 2.6223916054536928e-01 -1.1588921269577355e+00 1.0000001387570823e+00 -1.9433237883553257e-06 5.3110549139642450e-02 1.1000000000000001e+00
8.8100000000000001e-01 -6.5053169740008565e-01 -8.8099582015875560e-02 -9.0760051584679180e-01 2.6165696081280276e-01 -1.1699077512611809e+00 1.0000001377890200e+00 -1.9289545779452421e-06 5.3110549139642450e-02 1.1000000000000001e+00
8.8150000000000006e-01 -6.4773858344797974e-01 -8.8551989426010128e-02 -9.0201308180165096e-01 2.6106925189308644e-01 -1.1809287819284462e+00 1.0000001368281002e+00 -1.9147523423761906e-06 5.3110549139642450e-02 1.1000000000000001e+00
8.8200000000000001e-01 -6.4493120754353683e-01 -8.9001579025423744e-02 -8.9632921412317490e-01 2.6047603122339597e-01 -1.1919546570147692e+00 1.0000001358742401e+00 -1.9007152642623860e-06 5.3110549139642450e-02 1.1000000000000001e+00
8.8250000000000006e-01 -6.4210965955824084e-01 -8.9448302509363711e-02 -8.9054856209702116e-01 2.5987729652286556e-01 -1.2029848115128461e+00 1.0000001349273575e+00 -1.8868415465349153e-06 5.3110549139642450e-02 1.1000000000000001e+00
8.8300000000000001e-01 -6.3927403089068757e-01 -8.9892111398818780e-02 -8.8467077796694626e-01 2.5927304579330174e-01 -1.2140186773908772e+00 1.0000001339873714e+00 -1.8731294121902981e-06 5.3110549139642450e-02 1.1000000000000001e+00
8.8350000000000006e-01 -6.3642441447925913e-01 -9.0332957041199702e-02 -8.7869551698522630e-01 2.5866327732202149e-01 -1.2250556836086917e+00 1.0000001330542014e+00 -1.8595771041903746e-06 5.3110549139642450e-02 1.1000000000000001e+00
8.8400000000000001e-01 -6.3356090480038807e-01 -9.0770790612656721e-02 -8.7262243743506296e-01 2.5804798968201181e-01 -1.2360952561625811e+00 1.0000001321277681e+00 -1.8461828851770549e-06 5.3110549139642450e-02 1.1000000000000001e+00
8.8450000000000006e-01 -6.3068359787833483e-01 -9.1205563119116026e-02 -8.6645120067566117e-01 2.5742718173421780e-01 -1.2471368181082834e+00 1.0000001312079925e+00 -1.8329450373377926e-06 5.3110549139642450e-02 1.1000000000000001e+00
8.8500000000000001e-01 -6.2779259129056852e-01 -9.1637225397831423e-02 -8.6018147117895682e-01 2.5680085262901153e-01 -1.2581797895933067e+00 1.0000001302947972e+00 -1.8198618622148964e-06 5.3110549139642450e-02 1.1000000000000001e+00
8.8550000000000006e-01 -6.2488798416862090e-01 -9.2065728119421694e-02 -8.5381291655717051e-01 2.5616900180680424e-01 -1.2692235878979217e+00 1.0000001293881051e+00 -1.8069316804626426e-06 5.3110549139642450e-02 1.1000000000000001e+00
8.8600000000000001e-01 -6.2196987721065344e-01 -9.2491021788677116e-02 -8.4734520761433096e-01 2.5553162900084142e-01 -1.2802676274554015e+00 1.0000001284878404e+00 -1.7941528317486693e-06 5.3110549139642450e-02 1.1000000000000001e+00
8.8650000000000007e-01 -6.1903837267934148e-01 -9.2913056746933467e-02 -8.4077801836802513e-01 2.5488873423724484e-01 -1.2913113198995805e+00 1.0000001275939272e+00 -1.7815236744790316e-06 5.3110549139642450e-02 1.1000000000000001e+00
8.8700000000000001e-01 -6.1609357441148660e-01 -9.3331783173220828e-02 -8.3411102609523635e-01 2.5424031783724083e-01 -1.3023540740917392e+00 1.0000001267062919e+00 -1.7690425856669467e-06 5.3110549139642450e-02 1.1000000000000001e+00
8.8750000000000007e-01 -6.1313558782313760e-01 -9.3747151085908711e-02 -8.2734391136925844e-01 2.5358638041854109e-01 -1.3133952961565052e+00 1.0000001258248603e+00 -1.7567079607480170e-06 5.3110549139642450e-02 1.1000000000000001e+00
8.8800000000000001e-01 -6.1016451991012477e-01 -9.4159110344810476e-02 -8.2047635808695385e-01 2.5292692289585100e-01 -1.3244343895258581e+00 1.0000001249495600e+00 -1.7445182133459538e-06 5.3110549139642450e-02 1.1000000000000001e+00
8.8850000000000007e-01 -6.0718047926047991e-01 -9.4567610652121409e-02 -8.1350805352131439e-01 2.5226194648360689e-01 -1.3354707549638423e+00 1.0000001240803182e+00 -1.7324717751755602e-06 5.3110549139642450e-02 1.1000000000000001e+00
8.8900000000000001e-01 -6.0418357605195150e-01 -9.4972601554844910e-02 -8.0643868834256671e-01 2.5159145269589761e-01 -1.3465037906168897e+00 1.0000001232170646e+00 -1.7205670957780752e-06 5.3110549139642450e-02 1.1000000000000001e+00
8.8950000000000007e-01 -6.0117392206141496e-01 -9.5374032446058105e-02 -7.9926795666469963e-01 2.5091544334861776e-01 -1.3575328920449370e+00 1.0000001223597277e+00 -1.7088026423932129e-06 5.3110549139642450e-02 1.1000000000000001e+00
8.9000000000000001e-01 -5.9815163066973731e-01 -9.5771852566648150e-02 -7.9199555608258709e-01 2.5023392056075683e-01 -1.3685574522610273e+00 1.0000001215082386e+00 -1.6971768997804019e-06 5.3110549139642450e-02 1.1000000000000001e+00
8.9050000000000007e-01 -5.9511681686196305e-01 -9.6166011007485772e-02 -7.8462118769887457e-01 2.4954688675479170e-01 -1.3795768617785622e+00 1.0000001206625282e+00 -1.6856883699929575e-06 5.3110549139642450e-02 1.1000000000000001e+00
8.9100000000000001e-01 -5.9206959723958574e-01 -9.6556456710494606e-02 -7.7714455617760270e-01 2.4885434465935741e-01 -1.3905905086407058e+00 1.0000001198225277e+00 -1.6743355722828824e-06 5.3110549139642450e-02 1.1000000000000001e+00
8.9150000000000007e-01 -5.8901009001766336e-01 -9.6943138471130771e-02 -7.6956536976459233e-01 2.4815629730903788e-01 -1.4015977784736708e+00 1.0000001189881700e+00 -1.6631170428462746e-06 5.3110549139642450e-02 1.1000000000000001e+00
8.9200000000000002e-01 -5.8593841503403366e-01 -9.7326004939764121e-02 -7.6188334033468941e-01 2.4745274804643799e-01 -1.4125980545222592e+00 1.0000001181593885e+00 -1.6520313346988172e-06 5.3110549139642450e-02 1.1000000000000001e+00
8.9250000000000007e-01 -5.8285469375388144e-01 -9.7705004623509173e-02 -7.5409818342902368e-01 2.4674370052336619e-01 -1.4235907176934612e+00 1.0000001173361168e+00 -1.6410770175029349e-06 5.3110549139642450e-02 1.1000000000000001e+00
8.9300000000000002e-01 -5.7975904926958988e-01 -9.8080085888463772e-02 -7.4620961828154841e-01 2.4602915870110731e-01 -1.4345751466070382e+00 1.0000001165182899e+00 -1.6302526773503869e-06 5.3110549139642450e-02 1.1000000000000001e+00
8.9350000000000007e-01 -5.7665160631281986e-01 -9.8451196960915296e-02 -7.3821736787365977e-01 2.4530912685301115e-01 -1.4455507176300080e+00 1.0000001157058427e+00 -1.6195569166689177e-06 5.3110549139642450e-02 1.1000000000000001e+00
8.9400000000000002e-01 -5.7353249125124095e-01 -9.8818285929868938e-02 -7.3012115895388963e-01 2.4458360956414849e-01 -1.4565168049329538e+00 1.0000001148987117e+00 -1.6089883539776295e-06 5.3110549139642450e-02 1.1000000000000001e+00
8.9450000000000007e-01 -5.7040183209750683e-01 -9.9181300748549195e-02 -7.2192072208579616e-01 2.4385261173328615e-01 -1.4674727805303438e+00 1.0000001140968335e+00 -1.5985456237658872e-06 5.3110549139642450e-02 1.1000000000000001e+00
8.9500000000000002e-01 -5.6725975851353849e-01 -9.9540189236322851e-02 -7.1361579168539491e-01 2.4311613857395795e-01 -1.4784180143282837e+00 1.0000001133001453e+00 -1.5882273763264201e-06 5.3110549139642450e-02 1.1000000000000001e+00
8.9550000000000007e-01 -5.6410640181000404e-01 -9.9894899081004782e-02 -7.0520610604727829e-01 2.4237419561460374e-01 -1.4893518741786804e+00 1.0000001125085856e+00 -1.5780322775461224e-06 5.3110549139642450e-02 1.1000000000000001e+00
8.9600000000000002e-01 -5.6094189495820757e-01 -1.0024537784020070e-01 -6.9669140740027125e-01 2.4162678870106830e-01 -1.5002737259190650e+00 1.0000001117220927e+00 -1.5679590088147009e-06 5.3110549139642450e-02 1.1000000000000001e+00
8.9649999999999996e-01 -5.5776637258640649e-01 -1.0059157294388488e-01 -6.8807144192636027e-01 2.4087392399610974e-01 -1.5111829334321365e+00 1.0000001109406065e+00 -1.5580062667897394e-06 5.3110549139642450e-02 1.1000000000000001e+00
8.9700000000000002e-01 -5.5457997098854805e-01 -1.0093343169602149e-01 -6.7934595980926460e-01 2.4011560798126938e-01 -1.5220788586911000e+00 1.0000001101640668e+00 -1.5481727632790908e-06 5.3110549139642450e-02 1.1000000000000001e+00
8.9749999999999996e-01 -5.5138282812823725e-01 -1.0127090127658153e-01 -6.7051471527198914e-01 2.3935184745781707e-01 -1.5329608618118640e+00 1.0000001093924140e+00 -1.5384572250797934e-06 5.3110549139642450e-02 1.1000000000000001e+00
8.9800000000000002e-01 -5.4817508363784639e-01 -1.0160392874391347e-01 -6.6157746660254002e-01 2.3858264954675060e-01 -1.5438283011109306e+00 1.0000001086255901e+00 -1.5288583937769539e-06 5.3110549139642450e-02 1.1000000000000001e+00
8.9849999999999997e-01 -5.4495687883018296e-01 -1.0193246103622633e-01 -6.5253397621058173e-01 2.3780802169118742e-01 -1.5546805331509461e+00 1.0000001078635363e+00 -1.5193750256544000e-06 5.3110549139642450e-02 1.1000000000000001e+00
8.9900000000000002e-01 -5.4172835669439356e-01 -1.0225644497421392e-01 -6.4338401064561257e-01 2.3702797165572037e-01 -1.5655169128035957e+00 1.0000001071061959e+00 -1.5100058914692357e-06 5.3110549139642450e-02 1.1000000000000001e+00
8.9949999999999997e-01 -5.3848966190443759e-01 -1.0257582726279800e-01 -6.3412734064620191e-01 2.3624250752816806e-01 -1.5763367933002892e+00 1.0000001063535116e+00 -1.5007497763376856e-06 5.3110549139642450e-02 1.1000000000000001e+00
9.0000000000000002e-01 -5.3524094082272189e-01 -1.0289055449324000e-01 -6.2476374117764522e-01 2.3545163772038236e-01 -1.5871395262890833e+00 1.0000001056054275e+00 -1.4916054795797126e-06 5.3110549139642450e-02 1.1000000000000001e+00
9.0049999999999997e-01 -5.3198234149884116e-01 -1.0320057314557454e-01 -6.1529299145729643e-01 2.3465537096810041e-01 -1.5979244618964537e+00 1.0000001048618878e+00 -1.4825718145258106e-06 5.3110549139642450e-02 1.1000000000000001e+00
9.0100000000000002e-01 -5.2871401368098769e-01 -1.0350582959023640e-01 -6.0571487501219246e-01 2.3385371633321245e-01 -1.6086909487789871e+00 1.0000001041228375e+00 -1.4736476084296489e-06 5.3110549139642450e-02 1.1000000000000001e+00
9.0149999999999997e-01 -5.2543610881144942e-01 -1.0380627009072808e-01 -5.9602917969650615e-01 2.3304668320295868e-01 -1.6194383341897440e+00 1.0000001033882220e+00 -1.4648317022518972e-06 5.3110549139642450e-02 1.1000000000000001e+00
9.0200000000000002e-01 -5.2214878003478549e-01 -1.0410184080548816e-01 -5.8623569774140716e-01 2.3223428129154292e-01 -1.6301659640346813e+00 1.0000001026579879e+00 -1.4561229505494315e-06 5.3110549139642450e-02 1.1000000000000001e+00
9.0249999999999997e-01 -5.1885218220113261e-01 -1.0439248779009606e-01 -5.7633422579287319e-01 2.3141652064079474e-01 -1.6408731829345040e+00 1.0000001019320814e+00 -1.4475202213255718e-06 5.3110549139642450e-02 1.1000000000000001e+00
9.0300000000000002e-01 -5.1554647186454272e-01 -1.0467815699976950e-01 -5.6632456493657879e-01 2.3059341161985875e-01 -1.6515593342906050e+00 1.0000001012104502e+00 -1.4390223958445085e-06 5.3110549139642450e-02 1.1000000000000001e+00
9.0349999999999997e-01 -5.1223180729413653e-01 -1.0495879429113573e-01 -5.5620652075655941e-01 2.2976496492732834e-01 -1.6622237603432142e+00 1.0000001004930417e+00 -1.4306283685459872e-06 5.3110549139642450e-02 1.1000000000000001e+00
9.0400000000000003e-01 -5.0890834846916411e-01 -1.0523434542494292e-01 -5.4597990335187785e-01 2.2893119159026901e-01 -1.6728658022414731e+00 1.0000000997798046e+00 -1.4223370468380623e-06 5.3110549139642450e-02 1.1000000000000001e+00
9.0449999999999997e-01 -5.0557625708688780e-01 -1.0550475606805272e-01 -5.3564452738718527e-01 2.2809210296568641e-01 -1.6834848001058735e+00 1.0000000990706879e+00 -1.4141473509896531e-06 5.3110549139642450e-02 1.1000000000000001e+00
9.0500000000000003e-01 -5.0223569656551914e-01 -1.0576997179574103e-01 -5.2520021213063206e-01 2.2724771074102443e-01 -1.6940800930954079e+00 1.0000000983656405e+00 -1.4060582139861838e-06 5.3110549139642450e-02 1.1000000000000001e+00
9.0549999999999997e-01 -4.9888683204217055e-01 -1.0602993809425602e-01 -5.1464678147838949e-01 2.2639802693368727e-01 -1.7046510194778146e+00 1.0000000976646131e+00 -1.3980685813514630e-06 5.3110549139642450e-02 1.1000000000000001e+00
9.0600000000000003e-01 -4.9552983038370368e-01 -1.0628460036273822e-01 -5.0398406401430107e-01 2.2554306389301604e-01 -1.7151969166946814e+00 1.0000000969675555e+00 -1.3901774110643114e-06 5.3110549139642450e-02 1.1000000000000001e+00
9.0649999999999997e-01 -4.9216486018137046e-01 -1.0653390391597180e-01 -4.9321189302584484e-01 2.2468283429913549e-01 -1.7257171214353291e+00 1.0000000962744195e+00 -1.3823836733600028e-06 5.3110549139642450e-02 1.1000000000000001e+00
9.0700000000000003e-01 -4.8879209175835958e-01 -1.0677779398650535e-01 -4.8233010655534431e-01 2.2381735116425464e-01 -1.7362109697057198e+00 1.0000000955851558e+00 -1.3746863506260173e-06 5.3110549139642450e-02 1.1000000000000001e+00
9.0749999999999997e-01 -4.8541169717237315e-01 -1.0701621572704649e-01 -4.7133854743806874e-01 2.2294662783299335e-01 -1.7466777969011353e+00 1.0000000948997170e+00 -1.3670844372629590e-06 5.3110549139642450e-02 1.1000000000000001e+00
9.0800000000000003e-01 -4.8202385021315758e-01 -1.0724911421308181e-01 -4.6023706332633613e-01 2.2207067798171998e-01 -1.7571169378810356e+00 1.0000000942180556e+00 -1.3595769395135721e-06 5.3110549139642450e-02 1.1000000000000001e+00
9.0849999999999997e-01 -4.7862872641304860e-01 -1.0747643444494652e-01 -4.4902550675025293e-01 2.2118951562035924e-01 -1.7675277270414773e+00 1.0000000935401248e+00 -1.3521628753813055e-06 5.3110549139642450e-02 1.1000000000000001e+00
9.0900000000000003e-01 -4.7522650304116204e-01 -1.0769812135061543e-01 -4.3770373513292149e-01 2.2030315509104589e-01 -1.7779094983930721e+00 1.0000000928658774e+00 -1.3448412744400690e-06 5.3110549139642450e-02 1.1000000000000001e+00
9.0949999999999998e-01 -4.7181735911060668e-01 -1.0791411978795193e-01 -4.2627161084240534e-01 2.1941161106924831e-01 -1.7882615856366817e+00 1.0000000921952681e+00 -1.3376111777331194e-06 5.3110549139642450e-02 1.1000000000000001e+00
9.1000000000000003e-01 -4.6840147538066296e-01 -1.0812437454719892e-01 -4.1472900122997680e-01 2.1851489856390233e-01 -1.7985833222420242e+00 1.0000000915282510e+00 -1.3304716376389967e-06 5.3110549139642450e-02 1.1000000000000001e+00
9.1049999999999998e-01 -4.6497903435390670e-01 -1.0832883035365765e-01 -4.0307577865390848e-01 2.1761303291655923e-01 -1.8088740415273106e+00 1.0000000908647813e+00 -1.3234217177074620e-06 5.3110549139642450e-02 1.1000000000000001e+00
9.1100000000000003e-01 -4.6155022028640308e-01 -1.0852743186991139e-01 -3.9131182054126457e-01 2.1670602980299966e-01 -1.8191330767395202e+00 1.0000000902048147e+00 -1.3164604925798483e-06 5.3110549139642450e-02 1.1000000000000001e+00
9.1149999999999998e-01 -4.5811521918146469e-01 -1.0872012369865292e-01 -3.7943700940246666e-01 2.1579390523169059e-01 -1.8293597611365471e+00 1.0000000895483063e+00 -1.3095870478068633e-06 5.3110549139642450e-02 1.1000000000000001e+00
9.1200000000000003e-01 -4.5467421879648712e-01 -1.0890685038506491e-01 -3.6745123288398029e-01 2.1487667554470694e-01 -1.8395534280701804e+00 1.0000000888952132e+00 -1.3028004797504070e-06 5.3110549139642450e-02 1.1000000000000001e+00
9.1249999999999998e-01 -4.5122740864473748e-01 -1.0908755641940619e-01 -3.5535438380683337e-01 2.1395435741766494e-01 -1.8497134110708993e+00 1.0000000882454916e+00 -1.2960998954543647e-06 5.3110549139642450e-02 1.1000000000000001e+00
9.1300000000000003e-01 -4.4777497999203852e-01 -1.0926218623975033e-01 -3.4314636019006012e-01 2.1302696785866126e-01 -1.8598390439326133e+00 1.0000000875990991e+00 -1.2894844124871190e-06 5.3110549139642450e-02 1.1000000000000001e+00
9.1349999999999998e-01 -4.4431712586661054e-01 -1.0943068423436446e-01 -3.3082706531368272e-01 2.1209452420967947e-01 -1.8699296608012113e+00 1.0000000869559929e+00 -1.2829531588636307e-06 5.3110549139642450e-02 1.1000000000000001e+00
9.1400000000000003e-01 -4.4085404105236736e-01 -1.0959299474457311e-01 -3.1839640773260064e-01 2.1115704414483227e-01 -1.8799845962611703e+00 1.0000000863161320e+00 -1.2765052728708950e-06 5.3110549139642450e-02 1.1000000000000001e+00
9.1449999999999998e-01 -4.3738592209537691e-01 -1.0974906206727070e-01 -3.0585430133014113e-01 2.1021454567107012e-01 -1.8900031854261861e+00 1.0000000856794740e+00 -1.2701399029725753e-06 5.3110549139642450e-02 1.1000000000000001e+00
9.1500000000000004e-01 -4.3391296730522227e-01 -1.0989883045760493e-01 -2.9320066535682648e-01 2.0926704712789085e-01 -1.8999847640305829e+00 1.0000000850459785e+00 -1.2638562076843706e-06 5.3110549139642450e-02 1.1000000000000001e+00
9.1549999999999998e-01 -4.3043537675125876e-01 -1.1004224413177323e-01 -2.8043542445361291e-01 2.0831456718606362e-01 -1.9099286685193513e+00 1.0000000844156043e+00 -1.2576533554228472e-06 5.3110549139642450e-02 1.1000000000000001e+00
9.1600000000000004e-01 -4.2695335227205555e-01 -1.1017924726956103e-01 -2.6755850871605080e-01 2.0735712484879973e-01 -1.9198342361455509e+00 1.0000000837883116e+00 -1.2515305244290658e-06 5.3110549139642450e-02 1.1000000000000001e+00
9.1649999999999998e-01 -4.2346709746824940e-01 -1.1030978401723901e-01 -2.5456985370764706e-01 2.0639473944977621e-01 -1.9297008050615225e+00 1.0000000831640605e+00 -1.2454869026013876e-06 5.3110549139642450e-02 1.1000000000000001e+00
9.1700000000000004e-01 -4.1997681770858331e-01 -1.1043379849021111e-01 -2.4146940051427079e-01 2.0542743065360405e-01 -1.9395277144176948e+00 1.0000000825428117e+00 -1.2395216874026995e-06 5.3110549139642450e-02 1.1000000000000001e+00
9.1749999999999998e-01 -4.1648272013084908e-01 -1.1055123477579498e-01 -2.2825709578333317e-01 2.0445521845530434e-01 -1.9493143044609105e+00 1.0000000819245261e+00 -1.2336340857401480e-06 5.3110549139642450e-02 1.1000000000000001e+00
9.1800000000000004e-01 -4.1298501363768508e-01 -1.1066203693607639e-01 -2.1493289174680999e-01 2.0347812317879660e-01 -1.9590599166301039e+00 1.0000000813091650e+00 -1.2278233138199303e-06 5.3110549139642450e-02 1.1000000000000001e+00
9.1849999999999998e-01 -4.0948390890561615e-01 -1.1076614901060938e-01 -2.0149674628676170e-01 2.0249616547781799e-01 -1.9687638936630241e+00 1.0000000806966900e+00 -1.2220885970723615e-06 5.3110549139642450e-02 1.1000000000000001e+00
9.1900000000000004e-01 -4.0597961837743363e-01 -1.1086351501934662e-01 -1.8794862294815909e-01 2.0150936633370956e-01 -1.9784255796923307e+00 1.0000000800870639e+00 -1.2164291699916265e-06 5.3110549139642450e-02 1.1000000000000001e+00
9.1949999999999998e-01 -4.0247235626781824e-01 -1.1095407896542427e-01 -1.7428849099433102e-01 2.0051774705562997e-01 -1.9880443203529885e+00 1.0000000794802486e+00 -1.2108442760454427e-06 5.3110549139642450e-02 1.1000000000000001e+00
9.2000000000000004e-01 -3.9896233856382129e-01 -1.1103778483804116e-01 -1.6051632544656352e-01 1.9952132927977348e-01 -1.9976194628879642e+00 1.0000000788762071e+00 -1.2053331675588485e-06 5.3110549139642450e-02 1.1000000000000001e+00
9.2049999999999998e-01 -3.9544978302022027e-01 -1.1111457661537055e-01 -1.4663210710709132e-01 1.9852013496761511e-01 -2.0071503562497512e+00 1.0000000782749030e+00 -1.1998951055746808e-06 5.3110549139642450e-02 1.1000000000000001e+00
9.2100000000000004e-01 -3.9193490916810547e-01 -1.1118439826742603e-01 -1.3263582262599957e-01 1.9751418640654750e-01 -2.0166363512170418e+00 1.0000000776763001e+00 -1.1945293597798631e-06 5.3110549139642450e-02 1.1000000000000001e+00
9.2149999999999999e-01 -3.8841793830680721e-01 -1.1124719375902306e-01 -1.1852746451370436e-01 1.9650350620742385e-01 -2.0260768004958587e+00 1.0000000770803619e+00 -1.1892352083517817e-06 5.3110549139642450e-02 1.1000000000000001e+00
9.2200000000000004e-01 -3.8489909350905438e-01 -1.1130290705270422e-01 -1.0430703119746820e-01 1.9548811730448845e-01 -2.0354710588360989e+00 1.0000000764870529e+00 -1.1840119378701286e-06 5.3110549139642450e-02 1.1000000000000001e+00
9.2249999999999999e-01 -3.8137859962100573e-01 -1.1135148211171775e-01 -8.9974527061630782e-02 1.9446804295432454e-01 -2.0448184831449283e+00 1.0000000758963381e+00 -1.1788588432045167e-06 5.3110549139642450e-02 1.1000000000000001e+00
9.2300000000000004e-01 -3.7785668325712701e-01 -1.1139286290298711e-01 -7.5529962470586867e-02 1.9344330673383439e-01 -2.0541184325945134e+00 1.0000000753081826e+00 -1.1737752273802658e-06 5.3110549139642450e-02 1.1000000000000001e+00
9.2349999999999999e-01 -3.7433357280832480e-01 -1.1142699340014581e-01 -6.0973353837307072e-02 1.9241393254057465e-01 -2.0633702687491460e+00 1.0000000747225515e+00 -1.1687604015057663e-06 5.3110549139642450e-02 1.1000000000000001e+00
9.2400000000000004e-01 -3.7080949843338967e-01 -1.1145381758652992e-01 -4.6304723635492519e-02 1.9137994459003710e-01 -2.0725733556717065e+00 1.0000000741394108e+00 -1.1638136846250718e-06 5.3110549139642450e-02 1.1000000000000001e+00
9.2449999999999999e-01 -3.6728469206369374e-01 -1.1147327945824612e-01 -3.1524100457400971e-02 1.9034136741527874e-01 -2.0817270600497921e+00 1.0000000735587267e+00 -1.1589344036317331e-06 5.3110549139642450e-02 1.1000000000000001e+00
9.2500000000000004e-01 -3.6375938740273056e-01 -1.1148532302725171e-01 -1.6631519054750989e-02 1.8929822586557293e-01 -2.0908307513172941e+00 1.0000000729804652e+00 -1.1541218931599173e-06 5.3110549139642450e-02 1.1000000000000001e+00
9.2549999999999999e-01 -3.6023381992053072e-01 -1.1148989232438175e-01 -1.6270203619218697e-03 1.8825054510411543e-01 -2.0998838017685455e+00 1.0000000724045937e+00 -1.1493754954552047e-06 5.3110549139642450e-02 1.1000000000000001e+00
9.2600000000000005e-01 -3.5670822686128933e-01 -1.1148693140255732e-01 1.3489348433840297e-02 1.8719835060802495e-01 -2.1088855866965792e+00 1.0000000718310789e+00 -1.1446945603027872e-06 5.3110549139642450e-02 1.1000000000000001e+00
9.2649999999999999e-01 -3.5318284723434684e-01 -1.1147638433980832e-01 2.8717533880352884e-02 1.8614166816535410e-01 -2.1178354845050547e+00 1.0000000712598882e+00 -1.1400784448859448e-06 5.3110549139642450e-02 1.1000000000000001e+00
9.2700000000000005e-01 -3.4965792181837640e-01 -1.1145819524248771e-01 4.4057476201292030e-02 1.8508052387438834e-01 -2.1267328768445832e+00 1.0000000706909897e+00 -1.1355265137015958e-06 5.3110549139642450e-02 1.1000000000000001e+00
9.2749999999999999e-01 -3.4613369316044235e-01 -1.1143230824845492e-01 5.9509109254344071e-02 1.8401494414198588e-01 -2.1355771487428155e+00 1.0000000701243512e+00 -1.1310381384546582e-06 5.3110549139642450e-02 1.1000000000000001e+00
9.2800000000000005e-01 -3.4261040556991912e-01 -1.1139866753016130e-01 7.5072360507729002e-02 1.8294495568098659e-01 -2.1443676887253780e+00 1.0000000695599411e+00 -1.1266126979334929e-06 5.3110549139642450e-02 1.1000000000000001e+00
9.2849999999999999e-01 -3.3908830512561050e-01 -1.1135721729803645e-01 9.0747150968006215e-02 1.8187058550985596e-01 -2.1531038889657967e+00 1.0000000689977280e+00 -1.1222495779387480e-06 5.3110549139642450e-02 1.1000000000000001e+00
9.2900000000000005e-01 -3.3556763966623704e-01 -1.1130790180354094e-01 1.0653339516803423e-01 1.8079186094940539e-01 -2.1617851454031762e+00 1.0000000684376811e+00 -1.1179481711473173e-06 5.3110549139642450e-02 1.1000000000000001e+00
9.2949999999999999e-01 -3.3204865879411699e-01 -1.1125066534253071e-01 1.2243100110607937e-01 1.7970880962174082e-01 -2.1704108578891850e+00 1.0000000678797698e+00 -1.1137078770293905e-06 5.3110549139642450e-02 1.1000000000000001e+00
9.3000000000000005e-01 -3.2853161387369906e-01 -1.1118545225854641e-01 1.3843987020293574e-01 1.7862145944826260e-01 -2.1789804303271367e+00 1.0000000673239633e+00 -1.1095281017457307e-06 5.3110549139642450e-02 1.1000000000000001e+00
9.3049999999999999e-01 -3.2501675802500274e-01 -1.1111220694595814e-01 1.5455989727787905e-01 1.7752983864676716e-01 -2.1874932707999375e+00 1.0000000667702316e+00 -1.1054082580274512e-06 5.3110549139642450e-02 1.1000000000000001e+00
9.3100000000000005e-01 -3.2150434613017448e-01 -1.1103087385353481e-01 1.7079097047436284e-01 1.7643397573069675e-01 -2.1959487917323575e+00 1.0000000662185451e+00 -1.1013477651052501e-06 5.3110549139642450e-02 1.1000000000000001e+00
9.3149999999999999e-01 -3.1799463482350243e-01 -1.1094139748752734e-01 1.8713297124771117e-01 1.7533389950556252e-01 -2.2043464100146095e+00 1.0000000656688741e+00 -1.0973460485785155e-06 5.3110549139642450e-02 1.1000000000000001e+00
9.3200000000000005e-01 -3.1448788249454129e-01 -1.1084372241518749e-01 2.0358577430241859e-01 1.7422963906750741e-01 -2.2126855471605862e+00 1.0000000651211893e+00 -1.0934025403335845e-06 5.3110549139642450e-02 1.1000000000000001e+00
9.3250000000000000e-01 -3.1098434928612867e-01 -1.1073779326816600e-01 2.2014924754790177e-01 1.7312122380095094e-01 -2.2209656294562965e+00 1.0000000645754619e+00 -1.0895166784436717e-06 5.3110549139642450e-02 1.1000000000000001e+00
9.3300000000000005e-01 -3.0748429708731062e-01 -1.1062355474571825e-01 2.3682325207378513e-01 1.7200868337535766e-01 -2.2291860880951524e+00 1.0000000640316631e+00 -1.0856879070526087e-06 5.3110549139642450e-02 1.1000000000000001e+00
9.3350000000000000e-01 -3.0398798953933143e-01 -1.1050095161846250e-01 2.5360764207310682e-01 1.7089204774406944e-01 -2.2373463593531620e+00 1.0000000634897646e+00 -1.0819156763042638e-06 5.3110549139642450e-02 1.1000000000000001e+00
9.3400000000000005e-01 -3.0049569202514592e-01 -1.1036992873149416e-01 2.7050226482964679e-01 1.6977134714040784e-01 -2.2454458847186474e+00 1.0000000629497383e+00 -1.0781994422164012e-06 5.3110549139642450e-02 1.1000000000000001e+00
9.3450000000000000e-01 -2.9700767167198777e-01 -1.1023043100806419e-01 2.8750696065303577e-01 1.6864661207583073e-01 -2.2534841110622219e+00 1.0000000624115559e+00 -1.0745386665999203e-06 5.3110549139642450e-02 1.1000000000000001e+00
9.3500000000000005e-01 -2.9352419734882729e-01 -1.1008240345308946e-01 3.0462156283299630e-01 1.6751787333719020e-01 -2.2614604907950340e+00 1.0000000618751903e+00 -1.0709328169610984e-06 5.3110549139642450e-02 1.1000000000000001e+00
9.3550000000000000e-01 -2.9004553965879742e-01 -1.0992579115642179e-01 3.2184589761360388e-01 1.6638516198315692e-01 -2.2693744820116026e+00 1.0000000613406139e+00 -1.0673813663889972e-06 5.3110549139642450e-02 1.1000000000000001e+00
9.3600000000000005e-01 -2.8657197094456199e-01 -1.0976053929680096e-01 3.3917978411381539e-01 1.6524850934259377e-01 -2.2772255486786093e+00 1.0000000608077999e+00 -1.0638837934847896e-06 5.3110549139642450e-02 1.1000000000000001e+00
9.3650000000000000e-01 -2.8310376527734488e-01 -1.0958659314500209e-01 3.5662303431407444e-01 1.6410794701033043e-01 -2.2850131607708661e+00 1.0000000602767214e+00 -1.0604395822400486e-06 5.3110549139642450e-02 1.1000000000000001e+00
9.3700000000000006e-01 -2.7964119845889185e-01 -1.0940389806767860e-01 3.7417545298904320e-01 1.6296350684487526e-01 -2.2927367944536159e+00 1.0000000597473515e+00 -1.0570482219566775e-06 5.3110549139642450e-02 1.1000000000000001e+00
9.3750000000000000e-01 -2.7618454801837611e-01 -1.0921239953098978e-01 3.9183683765992372e-01 1.6181522096526932e-01 -2.3003959322509093e+00 1.0000000592196645e+00 -1.0537092071511945e-06 5.3110549139642450e-02 1.1000000000000001e+00
9.3800000000000006e-01 -2.7273409320429048e-01 -1.0901204310393516e-01 4.0960697856754419e-01 1.6066312174713984e-01 -2.3079900631962915e+00 1.0000000586936337e+00 -1.0504220374454520e-06 5.3110549139642450e-02 1.1000000000000001e+00
9.3850000000000000e-01 -2.6929011498918609e-01 -1.0880277446251056e-01 4.2748565858974130e-01 1.5950724182058829e-01 -2.3155186830357408e+00 1.0000000581692339e+00 -1.0471862174956502e-06 5.3110549139642450e-02 1.1000000000000001e+00
9.3900000000000006e-01 -2.6585289605819018e-01 -1.0858453939288934e-01 4.4547265322709972e-01 1.5834761406561298e-01 -2.3229812943700789e+00 1.0000000576464390e+00 -1.0440012568746943e-06 5.3110549139642450e-02 1.1000000000000001e+00
9.3950000000000000e-01 -2.6242272081035783e-01 -1.0835728379543770e-01 4.6356773053283901e-01 1.5718427160935322e-01 -2.3303774068500425e+00 1.0000000571252243e+00 -1.0408666699925661e-06 5.3110549139642450e-02 1.1000000000000001e+00
9.4000000000000006e-01 -2.5899987535498303e-01 -1.0812095368846344e-01 4.8177065106301353e-01 1.5601724782250573e-01 -2.3377065373552219e+00 1.0000000566055640e+00 -1.0377819760023413e-06 5.3110549139642450e-02 1.1000000000000001e+00
9.4050000000000000e-01 -2.5558464750296994e-01 -1.0787549521162001e-01 5.0008116784799750e-01 1.5484657631499479e-01 -2.3449682101527278e+00 1.0000000560874340e+00 -1.0347466986939273e-06 5.3110549139642450e-02 1.1000000000000001e+00
9.4100000000000006e-01 -2.5217732677088611e-01 -1.0762085463027282e-01 5.1849902630645817e-01 1.5367229093333115e-01 -2.3521619571149355e+00 1.0000000555708091e+00 -1.0317603664224952e-06 5.3110549139642450e-02 1.1000000000000001e+00
9.4150000000000000e-01 -2.4877820436898618e-01 -1.0735697833871824e-01 5.3702396422980792e-01 1.5249442575567418e-01 -2.3592873178683655e+00 1.0000000550556656e+00 -1.0288225119945954e-06 5.3110549139642450e-02 1.1000000000000001e+00
9.4200000000000006e-01 -2.4538757320190283e-01 -1.0708381286437732e-01 5.5565571170898931e-01 1.5131301508856798e-01 -2.3663438400020658e+00 1.0000000545419789e+00 -1.0259326725886974e-06 5.3110549139642450e-02 1.1000000000000001e+00
9.4250000000000000e-01 -2.4200572786436697e-01 -1.0680130487167297e-01 5.7439399108206168e-01 1.5012809346290087e-01 -2.3733310792573681e+00 1.0000000540297249e+00 -1.0230903896626692e-06 5.3110549139642450e-02 1.1000000000000001e+00
9.4300000000000006e-01 -2.3863296463202319e-01 -1.0650940116550668e-01 5.9323851690388407e-01 1.4893969562916479e-01 -2.3802485996947609e+00 1.0000000535188804e+00 -1.0202952088502169e-06 5.3110549139642450e-02 1.1000000000000001e+00
9.4350000000000001e-01 -2.3526958146478727e-01 -1.0620804869584569e-01 6.1218899585611497e-01 1.4774785655425463e-01 -2.3870959739269231e+00 1.0000000530094220e+00 -1.0175466798885105e-06 5.3110549139642450e-02 1.1000000000000001e+00
9.4400000000000006e-01 -2.3191587799434576e-01 -1.0589719456098153e-01 6.3124512673018285e-01 1.4655261141614623e-01 -2.3938727832741802e+00 1.0000000525013260e+00 -1.0148443565077289e-06 5.3110549139642450e-02 1.1000000000000001e+00
9.4450000000000001e-01 -2.2857215552477123e-01 -1.0557678601197043e-01 6.5040660034754139e-01 1.4535399560016790e-01 -2.4005786179898685e+00 1.0000000519945700e+00 -1.0121877963528585e-06 5.3110549139642450e-02 1.1000000000000001e+00
9.4500000000000006e-01 -2.2523871702465384e-01 -1.0524677045635566e-01 6.6967309951874454e-01 1.4415204469411791e-01 -2.4072130774446752e+00 1.0000000514891307e+00 -1.0095765608857258e-06 5.3110549139642450e-02 1.1000000000000001e+00
9.4550000000000001e-01 -2.2191586712386990e-01 -1.0490709546235816e-01 6.8904429897917285e-01 1.4294679448386988e-01 -2.4137757703384128e+00 1.0000000509849860e+00 -1.0070102152983889e-06 5.3110549139642450e-02 1.1000000000000001e+00
9.4600000000000006e-01 -2.1860391210756483e-01 -1.0455770876284416e-01 7.0851986533687328e-01 1.4173828094855145e-01 -2.4202663148997541e+00 1.0000000504821132e+00 -1.0044883284206034e-06 5.3110549139642450e-02 1.1000000000000001e+00
9.4650000000000001e-01 -2.1530315991105711e-01 -1.0419855825941987e-01 7.2809945701467405e-01 1.4052654025575098e-01 -2.4266843390938457e+00 1.0000000499804902e+00 -1.0020104726298768e-06 5.3110549139642450e-02 1.1000000000000001e+00
9.4700000000000006e-01 -2.1201392011441092e-01 -1.0382959202653552e-01 7.4778272419259861e-01 1.3931160875659257e-01 -2.4330294808311339e+00 1.0000000494800954e+00 -9.9957622376125749e-07 5.3110549139642450e-02 1.1000000000000001e+00
9.4750000000000001e-01 -2.0873650393691121e-01 -1.0345075831562171e-01 7.6756930874939833e-01 1.3809352298071323e-01 -2.4393013881785599e+00 1.0000000489809069e+00 -9.9718516101734725e-07 5.3110549139642450e-02 1.1000000000000001e+00
9.4800000000000006e-01 -2.0547122423141634e-01 -1.0306200555925632e-01 7.8745884420331980e-01 1.3687231963113181e-01 -2.4454997195731796e+00 1.0000000484829030e+00 -9.9483686687850138e-07 5.3110549139642450e-02 1.1000000000000001e+00
9.4850000000000001e-01 -2.0221839547863121e-01 -1.0266328237536773e-01 8.0745095565183311e-01 1.3564803557901806e-01 -2.4516241440383344e+00 1.0000000479860629e+00 -9.9253092701325827e-07 5.3110549139642450e-02 1.1000000000000001e+00
9.4900000000000007e-01 -1.9897833378111077e-01 -1.0225453757145264e-01 8.2754525971130644e-01 1.3442070785833649e-01 -2.4576743414013102e+00 1.0000000474903652e+00 -9.9026693018865326e-07 5.3110549139642450e-02 1.1000000000000001e+00
9.4950000000000001e-01 -1.9575135685718406e-01 -1.0183572014883026e-01 8.4774136445561843e-01 1.3319037366038972e-01 -2.4636500025134938e+00 1.0000000469957893e+00 -9.8804446818077044e-07 5.3110549139642450e-02 1.1000000000000001e+00
9.5000000000000007e-01 -1.9253778403475147e-01 -1.0140677930692772e-01 8.6803886935392949e-01 1.3195707032824902e-01 -2.4695508294729689e+00 1.0000000465023138e+00 -9.8586313568544654e-07 5.3110549139642450e-02 1.1000000000000001e+00
9.5050000000000001e-01 -1.8933793624497858e-01 -1.0096766444760176e-01 8.8843736520744487e-01 1.3072083535107912e-01 -2.4753765358495112e+00 1.0000000460099190e+00 -9.8372253022913553e-07 5.3110549139642450e-02 1.1000000000000001e+00
9.5100000000000007e-01 -1.8615213601588046e-01 -1.0051832517949576e-01 9.0893643408517444e-01 1.2948170635834852e-01 -2.4811268469122170e+00 1.0000000455185847e+00 -9.8162225207992845e-07 5.3110549139642450e-02 1.1000000000000001e+00
9.5150000000000001e-01 -1.8298070746565831e-01 -1.0005871132241513e-01 9.2953564925941912e-01 1.2823972111391901e-01 -2.4868014998584962e+00 1.0000000450282904e+00 -9.7956190415847562e-07 5.3110549139642450e-02 1.1000000000000001e+00
9.5200000000000007e-01 -1.7982397629592636e-01 -9.9588772911738357e-02 9.5023457514023091e-01 1.2699491751002043e-01 -2.4924002440456201e+00 1.0000000445390160e+00 -9.7754109194907357e-07 5.3110549139642450e-02 1.1000000000000001e+00
9.5250000000000001e-01 -1.7668226978483065e-01 -9.9108460202865289e-02 9.7103276720878062e-01 1.2574733356111442e-01 -2.4979228412246721e+00 1.0000000440507426e+00 -9.7555942341088182e-07 5.3110549139642450e-02 1.1000000000000001e+00
9.5300000000000007e-01 -1.7355591677993892e-01 -9.8617723675685637e-02 9.9192977195032361e-01 1.2449700739763239e-01 -2.5033690657761372e+00 1.0000000435634502e+00 -9.7361650888910279e-07 5.3110549139642450e-02 1.1000000000000001e+00
9.5350000000000001e-01 -1.7044524769160274e-01 -9.8116514039174901e-02 1.0129251267825818e+00 1.2324397725963697e-01 -2.5087387049528362e+00 1.0000000430771196e+00 -9.7171196102709492e-07 5.3110549139642450e-02 1.1000000000000001e+00
9.5400000000000007e-01 -1.6735059448466938e-01 -9.7604782235798118e-02 1.0340183599920110e+00 1.2198828149026117e-01 -2.5140315591125546e+00 1.0000000425917319e+00 -9.6984539467641207e-07 5.3110549139642450e-02 1.1000000000000001e+00
9.5450000000000002e-01 -1.6427229067180818e-01 -9.7082479446211525e-02 1.0552089906587609e+00 1.2072995852914789e-01 -2.5192474419675412e+00 1.0000000421072681e+00 -9.6801642680941978e-07 5.3110549139642450e-02 1.1000000000000001e+00
9.5500000000000007e-01 -1.6121067130589550e-01 -9.6549557093885380e-02 1.0764965285852117e+00 1.1946904690570537e-01 -2.5243861808299015e+00 1.0000000416237094e+00 -9.6622467643077692e-07 5.3110549139642450e-02 1.1000000000000001e+00
9.5550000000000002e-01 -1.5816607297140986e-01 -9.6005966849620275e-02 1.0978804742287174e+00 1.1820558523220442e-01 -2.5294476168511717e+00 1.0000000411410375e+00 -9.6446976448797404e-07 5.3110549139642450e-02 1.1000000000000001e+00
9.5600000000000007e-01 -1.5513883377793866e-01 -9.5451660636471078e-02 1.1193603186194045e+00 1.1693961219686298e-01 -2.5344316052849414e+00 1.0000000406592335e+00 -9.6275131378471166e-07 5.3110549139642450e-02 1.1000000000000001e+00
9.5650000000000002e-01 -1.5212929335072872e-01 -9.4886590634243650e-02 1.1409355432942234e+00 1.1567116655666940e-01 -2.5393380157255936e+00 1.0000000401782798e+00 -9.6106894889090058e-07 5.3110549139642450e-02 1.1000000000000001e+00
9.5700000000000007e-01 -1.4913779282333883e-01 -9.4310709284404187e-02 1.1626056202159314e+00 1.1440028713018455e-01 -2.5441667323703325e+00 1.0000000396981585e+00 -9.5942229605541296e-07 5.3110549139642450e-02 1.1000000000000001e+00
9.5750000000000002e-01 -1.4616467482929013e-01 -9.3723969294889270e-02 1.1843700116961395e+00 1.1312701279017452e-01 -2.5489176542755039e+00 1.0000000392188517e+00 -9.5781098311779464e-07 5.3110549139642450e-02 1.1000000000000001e+00
9.5800000000000007e-01 -1.4321028349272283e-01 -9.3126323644794909e-02 1.2062281703228377e+00 1.1185138245609159e-01 -2.5535906956063394e+00 1.0000000387403416e+00 -9.5623463941924809e-07 5.3110549139642450e-02 1.1000000000000001e+00
9.5850000000000002e-01 -1.4027496442111814e-01 -9.2517725589515334e-02 1.2281795388721295e+00 1.1057343508649171e-01 -2.5581857859115180e+00 1.0000000382626115e+00 -9.5469289571579949e-07 5.3110549139642450e-02 1.1000000000000001e+00
9.5900000000000007e-01 -1.3735906469511416e-01 -9.1898128665409085e-02 1.2502235502369807e+00 1.0929320967124447e-01 -2.5627028703714116e+00 1.0000000377856431e+00 -9.5318538408887754e-07 5.3110549139642450e-02 1.1000000000000001e+00
9.5950000000000002e-01 -1.3446293286037628e-01 -9.1267486694920574e-02 1.2723596273400533e+00 1.0801074522367038e-01 -2.5671419100713875e+00 1.0000000373094202e+00 -9.5171173785798587e-07 5.3110549139642450e-02 1.1000000000000001e+00
9.5999999999999996e-01 -1.3158691891846139e-01 -9.0625753791587729e-02 1.2945871830508577e+00 1.0672608077251543e-01 -2.5715028822686055e+00 1.0000000368339259e+00 -9.5027159149256766e-07 5.3110549139642450e-02 1.1000000000000001e+00
9.6050000000000002e-01 -1.2873137431672591e-01 -8.9972884364921041e-02 1.3169056201073781e+00 1.0543925535379854e-01 -2.5757857806513282e+00 1.0000000363591433e+00 -9.4886458052339021e-07 5.3110549139642450e-02 1.1000000000000001e+00
9.6099999999999997e-01 -1.2589665194021391e-01 -8.9308833125770315e-02 1.3393143310212599e+00 1.0415030800252698e-01 -2.5799906156249115e+00 1.0000000358850558e+00 -9.4749034145545040e-07 5.3110549139642450e-02 1.1000000000000001e+00
9.6150000000000002e-01 -1.2308310610072153e-01 -8.8633555091176375e-02 1.3618126980006369e+00 1.0285927774427467e-01 -2.5841174145688566e+00 1.0000000354116472e+00 -9.4614851167910711e-07 5.3110549139642450e-02 1.1000000000000001e+00
9.6199999999999997e-01 -1.2029109252783994e-01 -8.7947005589718727e-02 1.3844000928563140e+00 1.0156620358662290e-01 -2.5881662221207571e+00 1.0000000349389018e+00 -9.4483872938265341e-07 5.3110549139642450e-02 1.1000000000000001e+00
9.6250000000000002e-01 -1.1752096835901027e-01 -8.7249140266738218e-02 1.4070758769123977e+00 1.0027112451045507e-01 -2.5921371004528302e+00 1.0000000344668034e+00 -9.4356063346433423e-07 5.3110549139642450e-02 1.1000000000000001e+00
9.6299999999999997e-01 -1.1477309212864739e-01 -8.6539915089420591e-02 1.4298394009215036e+00 9.8974079461146378e-02 -2.5960301295399910e+00 1.0000000339953361e+00 -9.4231386344413946e-07 5.3110549139642450e-02 1.1000000000000001e+00
9.6350000000000002e-01 -1.1204782375915366e-01 -8.5819286352407473e-02 1.4526900049628428e+00 9.7675107339547387e-02 -2.5998454074564878e+00 1.0000000335244843e+00 -9.4109805937647123e-07 5.3110549139642450e-02 1.1000000000000001e+00
9.6399999999999997e-01 -1.0934552454920957e-01 -8.5087210682851369e-02 1.4756270183585301e+00 9.6374246992914053e-02 -2.6035830506408209e+00 1.0000000330542329e+00 -9.3991286176187083e-07 5.3110549139642450e-02 1.1000000000000001e+00
9.6450000000000002e-01 -1.0666655716394227e-01 -8.4343645046003959e-02 1.4986497595726260e+00 9.5071537205621684e-02 -2.6072431941894294e+00 1.0000000325845664e+00 -9.3875791145954059e-07 5.3110549139642450e-02 1.1000000000000001e+00
9.6499999999999997e-01 -1.0401128562414656e-01 -8.3588546750673967e-02 1.5217575361146054e+00 9.3767016689761409e-02 -2.6108259921419350e+00 1.0000000321154701e+00 -9.3763284959958728e-07 5.3110549139642450e-02 1.1000000000000001e+00
9.6550000000000002e-01 -1.0138007529467095e-01 -8.2821873454553510e-02 1.5449496444469450e+00 9.2460724075638517e-02 -2.6143316177583129e+00 1.0000000316469286e+00 -9.3653731749530273e-07 5.3110549139642450e-02 1.1000000000000001e+00
9.6599999999999997e-01 -9.8773292874104857e-02 -8.2043583169979575e-02 1.5682253698790358e+00 9.1152697902039628e-02 -2.6177602638186510e+00 1.0000000311789279e+00 -9.3547095655569816e-07 5.3110549139642450e-02 1.1000000000000001e+00
9.6650000000000003e-01 -9.6191306383027336e-02 -8.1253634269417327e-02 1.5915839864699677e+00 8.9842976606427247e-02 -2.6211121429064641e+00 1.0000000307114529e+00 -9.3443340819794161e-07 5.3110549139642450e-02 1.1000000000000001e+00
9.6699999999999997e-01 -9.3634485152625083e-02 -8.0451985491136135e-02 1.6150247569252736e+00 8.8531598514961701e-02 -2.6243874877010964e+00 1.0000000302444898e+00 -9.3342431375995831e-07 5.3110549139642450e-02 1.1000000000000001e+00
9.6750000000000003e-01 -9.1103199813030181e-02 -7.9638595944910739e-02 1.6385469324929531e+00 8.7218601832378090e-02 -2.6275865512701988e+00 1.0000000297780238e+00 -9.3244331441310322e-07 5.3110549139642450e-02 1.1000000000000001e+00
9.6799999999999997e-01 -8.8597822281489144e-02 -7.8813425117778765e-02 1.6621497528578009e+00 8.5904024631720755e-02 -2.6307096073635301e+00 1.0000000293120417e+00 -9.3149005107494009e-07 5.3110549139642450e-02 1.1000000000000001e+00
9.6850000000000003e-01 -8.6118725750346001e-02 -7.7976432879850469e-02 1.6858324460341652e+00 8.4587904843924949e-02 -2.6337569507081051e+00 1.0000000288465292e+00 -9.3056416432212235e-07 5.3110549139642450e-02 1.1000000000000001e+00
9.6899999999999997e-01 -8.3666284674830727e-02 -7.7127579490169754e-02 1.7095942282571857e+00 8.3270280247257689e-02 -2.6367288973041658e+00 1.0000000283814729e+00 -9.2966529430340896e-07 5.3110549139642450e-02 1.1000000000000001e+00
9.6950000000000003e-01 -8.1240874760659249e-02 -7.6266825602628874e-02 1.7334343038724245e+00 8.1951188456604845e-02 -2.6396257847223286e+00 1.0000000279168597e+00 -9.2879308065281041e-07 5.3110549139642450e-02 1.1000000000000001e+00
9.6999999999999997e-01 -7.8842872951457380e-02 -7.5394132271942485e-02 1.7573518652237450e+00 8.0630666912614182e-02 -2.6424479724017615e+00 1.0000000274526757e+00 -9.2794716240288944e-07 5.3110549139642450e-02 1.1000000000000001e+00
9.7050000000000003e-01 -7.6472657415989451e-02 -7.4509460959676380e-02 1.7813460925395721e+00 7.9308752870683313e-02 -2.6451958419493384e+00 1.0000000269889082e+00 -9.2712717789821819e-07 5.3110549139642450e-02 1.1000000000000001e+00
9.7099999999999997e-01 -7.4130607535209669e-02 -7.3612773540338738e-02 1.8054161538173332e+00 7.7985483389801852e-02 -2.6478697974397192e+00 1.0000000265255442e+00 -9.2633276470901177e-07 5.3110549139642450e-02 1.1000000000000001e+00
9.7150000000000003e-01 -7.1817103889093306e-02 -7.2704032307520136e-02 1.8295612047064735e+00 7.6660895321241387e-02 -2.6504702657158288e+00 1.0000000260625710e+00 -9.2556355954496515e-07 5.3110549139642450e-02 1.1000000000000001e+00
9.7199999999999998e-01 -6.9532528243287511e-02 -7.1783199980097717e-02 1.8537803883896218e+00 7.5335025297098984e-02 -2.6529976966900657e+00 1.0000000255999764e+00 -9.2481919816930378e-07 5.3110549139642450e-02 1.1000000000000001e+00
9.7250000000000003e-01 -6.7277263535559698e-02 -7.0850239708496951e-02 1.8780728354620932e+00 7.4007909718684844e-02 -2.6554525636461115e+00 1.0000000251377479e+00 -9.2409931531305853e-07 5.3110549139642450e-02 1.1000000000000001e+00
9.7299999999999998e-01 -6.5051693862058099e-02 -6.9905115081018460e-02 1.9024376638095468e+00 7.2679584744762993e-02 -2.6578353635412157e+00 1.0000000246758731e+00 -9.2340354458959069e-07 5.3110549139642450e-02 1.1000000000000001e+00
9.7350000000000003e-01 -6.2856204463368467e-02 -6.8947790130225520e-02 1.9268739784839184e+00 7.1350086279634350e-02 -2.6601466173089547e+00 1.0000000242143405e+00 -9.2273151840937458e-07 5.3110549139642450e-02 1.1000000000000001e+00
9.7399999999999998e-01 -6.0691181710358907e-02 -6.7978229339390753e-02 1.9513808715777117e+00 7.0019449961077160e-02 -2.6623868701618201e+00 1.0000000237531377e+00 -9.2208286789509151e-07 5.3110549139642450e-02 1.1000000000000001e+00
9.7450000000000003e-01 -5.8557013089817506e-02 -6.6996397649004683e-02 1.9759574220965577e+00 6.8687711148130201e-02 -2.6645566918940422e+00 1.0000000232922537e+00 -9.2145722279703008e-07 5.3110549139642450e-02 1.1000000000000001e+00
9.7499999999999998e-01 -5.6454087189894336e-02 -6.6002260463353057e-02 2.0006026958298890e+00 6.7354904908728710e-02 -2.6666566771844353e+00 1.0000000228316768e+00 -9.2085421140882328e-07 5.3110549139642450e-02 1.1000000000000001e+00
9.7550000000000003e-01 -5.4382793685329035e-02 -6.4995783657157080e-02 2.0253157452198947e+00 6.6021066007183410e-02 -2.6686874458991743e+00 1.0000000223713958e+00 -9.2027346048353784e-07 5.3110549139642450e-02 1.1000000000000001e+00
9.7599999999999998e-01 -5.2343523322480080e-02 -6.3976933582285525e-02 2.0500956092285438e+00 6.4686228891510947e-02 -2.6706496433944298e+00 1.0000000219113996e+00 -9.1971459515014439e-07 5.3110549139642450e-02 1.1000000000000001e+00
9.7650000000000003e-01 -5.0336667904117387e-02 -6.2945677074523212e-02 2.0749413132031176e+00 6.3350427680613428e-02 -2.6725439408182217e+00 1.0000000214516775e+00 -9.1917723883042003e-07 5.3110549139642450e-02 1.1000000000000001e+00
9.7699999999999998e-01 -4.8362620274012537e-02 -6.1901981460412786e-02 2.0998518687398069e+00 6.2013696151310228e-02 -2.6743710354118440e+00 1.0000000209922189e+00 -9.1866101315629157e-07 5.3110549139642450e-02 1.1000000000000001e+00
9.7750000000000004e-01 -4.6421774301307291e-02 -6.0845814564162853e-02 2.1248262735455850e+00 6.0676067725214083e-02 -2.6761316508106812e+00 1.0000000205330131e+00 -9.1816553788764085e-07 5.3110549139642450e-02 1.1000000000000001e+00
9.7799999999999998e-01 -4.4514524864671952e-02 -5.9777144714630616e-02 2.1498635112981757e+00 5.9337575455460478e-02 -2.6778265373442509e+00 1.0000000200740500e+00 -9.1769043083060869e-07 5.3110549139642450e-02 1.1000000000000001e+00
9.7850000000000004e-01 -4.2641267836239546e-02 -5.8695940752373860e-02 2.1749625515042550e+00 5.7998252013280377e-02 -2.6794564723354224e+00 1.0000000196153194e+00 -9.1723530775641720e-07 5.3110549139642450e-02 1.1000000000000001e+00
9.7899999999999998e-01 -4.0802400065307817e-02 -5.7602172036770399e-02 2.2001223493560027e+00 5.6658129674434156e-02 -2.6810222603980773e+00 1.0000000191568115e+00 -9.1679978232078928e-07 5.3110549139642450e-02 1.1000000000000001e+00
9.7950000000000004e-01 -3.8998319361813527e-02 -5.6495808453208327e-02 2.2253418455859135e+00 5.5317240305490706e-02 -2.6825247337336147e+00 1.0000000186985165e+00 -9.1638346598395961e-07 5.3110549139642450e-02 1.1000000000000001e+00
9.7999999999999998e-01 -3.7229424479587284e-02 -5.5376820420354272e-02 2.2506199663197179e+00 5.3975615349962362e-02 -2.6839647524260464e+00 1.0000000182404247e+00 -9.1598596793131635e-07 5.3110549139642450e-02 1.1000000000000001e+00
9.8050000000000004e-01 -3.5496115099373268e-02 -5.4245178897493383e-02 2.2759556229276088e+00 5.2633285814286751e-02 -2.6853432047355308e+00 1.0000000177825275e+00 -9.1560689499470699e-07 5.3110549139642450e-02 1.1000000000000001e+00
9.8099999999999998e-01 -3.3798791811625990e-02 -5.3100855391950773e-02 2.3013477118735599e+00 5.1290282253664575e-02 -2.6866610073902475e+00 1.0000000173248149e+00 -9.1524585157444369e-07 5.3110549139642450e-02 1.1000000000000001e+00
9.8150000000000004e-01 -3.2137856099051530e-02 -5.1943821966576570e-02 2.3267951145632408e+00 4.9946634757753974e-02 -2.6879191058758405e+00 1.0000000168672785e+00 -9.1490243956209167e-07 5.3110549139642450e-02 1.1000000000000001e+00
9.8199999999999998e-01 -3.0513710318921739e-02 -5.0774051247314038e-02 2.3522966971900550e+00 4.8602372936223590e-02 -2.6891184747228163e+00 1.0000000164099097e+00 -9.1457625826404056e-07 5.3110549139642450e-02 1.1000000000000001e+00
9.8250000000000004e-01 -2.8926757685144345e-02 -4.9591516430842392e-02 2.3778513105795467e+00 4.7257525904156480e-02 -2.6902601177916332e+00 1.0000000159526994e+00 -9.1426690432590237e-07 5.3110549139642450e-02 1.1000000000000001e+00
9.8299999999999998e-01 -2.7377402250097813e-02 -4.8396191292303478e-02 2.4034577900320109e+00 4.5912122267315669e-02 -2.6913450685552931e+00 1.0000000154956401e+00 -9.1397397165777919e-07 5.3110549139642450e-02 1.1000000000000001e+00
9.8350000000000004e-01 -2.5866048886218795e-02 -4.7188050193106457e-02 2.4291149551634632e+00 4.4566190107261261e-02 -2.6923743903793040e+00 1.0000000150387227e+00 -9.1369705136043648e-07 5.3110549139642450e-02 1.1000000000000001e+00
9.8399999999999999e-01 -2.4393103267334727e-02 -4.5967068088807836e-02 2.4548216097451356e+00 4.3219756966341123e-02 -2.6933491767982076e+00 1.0000000145819403e+00 -9.1343573165248815e-07 5.3110549139642450e-02 1.1000000000000001e+00
9.8450000000000004e-01 -2.2958971849745064e-02 -4.4733220537070552e-02 2.4805765415413985e+00 4.1872849832536981e-02 -2.6942705517890353e+00 1.0000000141252845e+00 -9.1318959779858579e-07 5.3110549139642450e-02 1.1000000000000001e+00
9.8499999999999999e-01 -2.1564061853056846e-02 -4.3486483705710378e-02 2.5063785221459911e+00 4.0525495124178045e-02 -2.6951396700414136e+00 1.0000000136687481e+00 -9.1295823203866651e-07 5.3110549139642450e-02 1.1000000000000001e+00
9.8550000000000004e-01 -2.0208781240761198e-02 -4.2226834380821775e-02 2.5322263068167734e+00 3.9177718674514209e-02 -2.6959577172240903e+00 1.0000000132123237e+00 -9.1274121351831054e-07 5.3110549139642450e-02 1.1000000000000001e+00
9.8599999999999999e-01 -1.8893538700559695e-02 -4.0954249974994535e-02 2.5581186343088103e+00 3.7829545716158340e-02 -2.6967259102477326e+00 1.0000000127560047e+00 -9.1253811822025085e-07 5.3110549139642450e-02 1.1000000000000001e+00
9.8650000000000004e-01 -1.7618743624413978e-02 -3.9668708535600179e-02 2.5840542267063435e+00 3.6481000865402576e-02 -2.6974454975231277e+00 1.0000000122997834e+00 -9.1234851889715216e-07 5.3110549139642450e-02 1.1000000000000001e+00
9.8699999999999999e-01 -1.6384806088340687e-02 -3.8370188753170401e-02 2.6100317892531848e+00 3.5132108106408662e-02 -2.6981177592151488e+00 1.0000000118436538e+00 -9.1217198500565696e-07 5.3110549139642450e-02 1.1000000000000001e+00
9.8750000000000004e-01 -1.5192136831937391e-02 -3.7058669969857502e-02 2.6360500101817932e+00 3.3782890775266167e-02 -2.6987440074921811e+00 1.0000000113876095e+00 -9.1200808264175695e-07 5.3110549139642450e-02 1.1000000000000001e+00
9.8799999999999999e-01 -1.4041147237645496e-02 -3.5734132187987017e-02 2.6621075605409028e+00 3.2433371543930174e-02 -2.6993255867707351e+00 1.0000000109316436e+00 -9.1185637447755203e-07 5.3110549139642450e-02 1.1000000000000001e+00
9.8850000000000005e-01 -1.2932249309739779e-02 -3.4396556078695767e-02 2.6882030940218886e+00 3.1083572404029491e-02 -2.6998638739550831e+00 1.0000000104757512e+00 -9.1171641969944121e-07 5.3110549139642450e-02 1.1000000000000001e+00
9.8899999999999999e-01 -1.1865855653038227e-02 -3.3045922990651469e-02 2.7143352467840907e+00 2.9733514650571405e-02 -2.7003602786709866e+00 1.0000000100199256e+00 -9.1158777394788439e-07 5.3110549139642450e-02 1.1000000000000001e+00
9.8950000000000005e-01 -1.0842379451334322e-02 -3.1682214958858583e-02 2.7405026372789991e+00 2.8383218865523193e-02 -2.7008162434938785e+00 1.0000000095641615e+00 -9.1146998925872405e-07 5.3110549139642450e-02 1.1000000000000001e+00
9.8999999999999999e-01 -9.8622344455548284e-03 -3.0305414713558704e-02 2.7667038660732128e+00 2.7032704901284010e-02 -2.7012332441711520e+00 1.0000000091084538e+00 -9.1136261400614203e-07 5.3110549139642450e-02 1.1000000000000001e+00
9.9050000000000005e-01 -8.9258349116331775e-03 -2.8915505689218034e-02 2.7929375156703959e+00 2.5681991864039161e-02 -2.7016127898383235e+00 1.0000000086527971e+00 -9.1126519284730803e-07 5.3110549139642450e-02 1.1000000000000001e+00
9.9099999999999999e-01 -8.0335956380997893e-03 -2.7512472033608425e-02 2.8192021503321949e+00 2.4331098097013074e-02 -2.7019564232286015e+00 1.0000000081971869e+00 -9.1117726666880733e-07 5.3110549139642450e-02 1.1000000000000001e+00
9.9150000000000005e-01 -7.1859319033752084e-03 -2.6096298616965170e-02 2.8454963158985795e+00 2.2980041163623250e-02 -2.7022657208752161e+00 1.0000000077416185e+00 -9.1109837253495358e-07 5.3110549139642450e-02 1.1000000000000001e+00
9.9199999999999999e-01 -6.3832594527811187e-03 -2.4666971041248351e-02 2.8718185396070739e+00 2.1628837830530379e-02 -2.7025422933069714e+00 1.0000000072860873e+00 -9.1102804363797592e-07 5.3110549139642450e-02 1.1000000000000001e+00
9.9250000000000005e-01 -5.6259944752521359e-03 -2.3224475649486844e-02 2.8981673299114230e+00 2.0277504050590846e-02 -2.7027877852361795e+00 1.0000000068305890e+00 -9.1096580925020443e-07 5.3110549139642450e-02 1.1000000000000001e+00
9.9299999999999999e-01 -4.9145535797526854e-03 -2.1768799535216574e-02 2.9245411762995808e+00 1.8926054945723862e-02 -2.7030038757387098e+00 1.0000000063751202e+00 -9.1091119467832695e-07 5.3110549139642450e-02 1.1000000000000001e+00
9.9350000000000005e-01 -4.2493537713935818e-03 -2.0299930552009200e-02 2.9509385491111284e+00 1.7574504789680874e-02 -2.7031922784261129e+00 1.0000000059196767e+00 -9.1086372121975607e-07 5.3110549139642450e-02 1.1000000000000001e+00
9.9399999999999999e-01 -3.6308124272455755e-03 -1.8817857323091877e-02 2.9773578993542857e+00 1.6222866990742001e-02 -2.7033547416090196e+00 1.0000000054642555e+00 -9.1082290612123805e-07 5.3110549139642450e-02 1.1000000000000001e+00
9.9450000000000005e-01 -3.0593472718470779e-03 -1.7322569251057827e-02 3.0037976585225481e+00 1.4871154074323113e-02 -2.7034930484519522e+00 1.0000000050088527e+00 -9.1078826253972549e-07 5.3110549139642450e-02 1.1000000000000001e+00
9.9500000000000000e-01 -2.5353763524046755e-03 -1.5814056527672274e-02 3.0302562384110181e+00 1.3519377665514467e-02 -2.7036090171189024e+00 1.0000000045534660e+00 -9.1075929950562688e-07 5.3110549139642450e-02 1.1000000000000001e+00
9.9550000000000005e-01 -2.0593180136795047e-03 -1.4292310143763020e-02 3.0567320309327295e+00 1.2167548471546323e-02 -2.7037045009093337e+00 1.0000000040980925e+00 -9.1073552188851471e-07 5.3110549139642450e-02 1.1000000000000001e+00
9.9600000000000000e-01 -1.6315908725628291e-03 -1.2757321899212923e-02 3.0832234079347312e+00 1.0815676264188419e-02 -2.7037813883845336e+00 1.0000000036427297e+00 -9.1071643036533803e-07 5.3110549139642450e-02 1.1000000000000001e+00
9.9650000000000005e-01 -1.2526137923310283e-03 -1.1209084413034731e-02 3.1097287210144411e+00 9.4637698620887757e-03 -2.7038416034835744e+00 1.0000000031873755e+00 -9.1070152139126965e-07 5.3110549139642450e-02 1.1000000000000001e+00
9.9700000000000000e-01 -9.2280585658249814e-04 -9.6475911335440322e-03 3.1362463013360911e+00 8.1118371130610070e-03 -2.7038871056287244e+00 1.0000000027320277e+00 -9.1069028717324528e-07 5.3110549139642450e-02 1.1000000000000001e+00
9.9750000000000005e-01 -6.4258634285019680e-04 -8.0728363486188594e-03 3.1627744594475757e+00 6.7598848763162833e-03 -2.7039198898199301e+00 1.0000000022766846e+00 -9.1068221564628189e-07 5.3110549139642450e-02 1.1000000000000001e+00
9.9800000000000000e-01 -4.1237469588954246e-04 -6.4848151960567755e-03 3.1893114850976585e+00 5.4079190046551493e-03 -2.7039419867179819e+00 1.0000000018213451e+00 -9.1067679045266404e-07 5.3110549139642450e-02 1.1000000000000001e+00
9.9850000000000005e-01 -2.3259050063637323e-04 -4.8835236740184867e-03 3.2158556470538331e+00 4.0559443266147722e-03 -2.7039554627160003e+00 1.0000000013660075e+00 -9.1067349092408012e-07 5.3110549139642450e-02 1.1000000000000001e+00
9.9900000000000000e-01 -1.0365345483364926e-04 -3.2689586515654416e-03 3.2424051929208941e+00 2.7039646285913470e-03 -2.7039624199987098e+00 1.0000000009106713e+00 -9.1067179206681902e-07 5.3110549139642450e-02 1.1000000000000001e+00
9.9950000000000006e-01 -2.5983341323093733e-05 -1.6411178792830371e-03 3.2689583489604472e+00 1.3519826369301996e-03 -2.7039649965892485e+00 1.0000000004553358e+00 -9.1067116455009583e-07 5.3110549139642450e-02 1.1000000000000001e+00
1.0000000000000000e+00 -3.9187681519699686e-23 1.2527896785707959e-21 3.2955133199113535e+00 1.8672362661871038e-20 -2.7039653663830991e+00 1.0000000000000000e+00 -9.1067107469760291e-07 5.3110549139642450e-02 1.1000000000000001e+00
