Hinf,Tw,eta,H,F,G,T
-0.6,1.0467646984722732,0.0,0.0,0.0,0.0,1.0467646984722732
-0.6,1.0467646984722732,0.05,-0.0011659944391386322,0.022934702313853715,0.029384922275583706,1.0460567681341553
-0.6,1.0467646984722732,0.1,-0.004512264533148524,0.04362897341396311,0.05865800407902652,1.0453488721398367
-0.6,1.0467646984722732,0.15000000000000002,-0.00982172748988599,0.06222123470744007,0.08772022161751862,1.044641095293344
-0.6,1.0467646984722732,0.2,-0.016890903423246215,0.07884508901899863,0.11648538888896323,1.0439335723888257
-0.6,1.0467646984722732,0.25,-0.02552942462421096,0.09362915256016766,0.14487898720057824,1.04322648289613
-0.6,1.0467646984722732,0.30000000000000004,-0.035559530372958593,0.10669693602547177,0.17283708420037414,1.0425200458916113
-0.6,1.0467646984722732,0.35000000000000003,-0.046815552621249645,0.11816676949516947,0.20030533577573192,1.0418145152134501
-0.6,1.0467646984722732,0.4,-0.05914339551676525,0.12815176621422575,0.227238064850026,1.0411101748283618
-0.6,1.0467646984722732,0.45,-0.07240001356694109,0.1367598206928165,0.25359741167289285,1.0404073344024487
-0.6,1.0467646984722732,0.5,-0.0864528907464069,0.14409363693176566,0.27935255067491543,1.0397063250733805
-0.6,1.0467646984722732,0.55,-0.10117952424252019,0.1502507829164369,0.30447896935975266,1.0390074954243178
-0.6,1.0467646984722732,0.6000000000000001,-0.11646691414782799,0.1553237678432637,0.3289578050517524,1.038311207662092
-0.6,1.0467646984722732,0.65,-0.13221106271548352,0.15940013884530027,0.35277523561523755,1.0376178340034306
-0.6,1.0467646984722732,0.7000000000000001,-0.14831648333965033,0.16256259426619224,0.37592192052199225,1.0369277532735233
-0.6,1.0467646984722732,0.75,-0.1646957220209032,0.1648891107971679,0.3983924888748164,1.0362413477211416
-0.6,1.0467646984722732,0.8,-0.18126889223268552,0.16645308203941517,0.42018507120090276,1.0355590000540082
-0.6,1.0467646984722732,0.8500000000000001,-0.197963223651178,0.16732346628508396,0.4413008720160299,1.0348810906971813
-0.6,1.0467646984722732,0.9,-0.2147126264284719,0.16756494152548895,0.46174378033210783,1.0342079952760488
-0.6,1.0467646984722732,0.9500000000000001,-0.23145727129197669,0.16723806589536097,0.48152001543877454,1.0335400823242231
-0.6,1.0467646984722732,1.0,-0.24814318556356227,0.16639944194794937,0.5006378054379848,1.0328777112151486
-0.6,1.0467646984722732,1.05,-0.26472186590436375,0.1651018833285002,0.5191070961501972,1.0322212303147849
-0.6,1.0467646984722732,1.1,-0.28114990796413486,0.16339458257374478,0.5369392881428819,1.0315709753512685
-0.6,1.0467646984722732,1.1500000000000001,-0.2973886526249901,0.16132327891310194,0.5541469997581009,1.0309272679960868
-0.6,1.0467646984722732,1.2000000000000002,-0.3134038489087754,0.1589304250841466,0.5707438541367826,1.0302904146499876
-0.6,1.0467646984722732,1.25,-0.32916533364514133,0.15625535230117676,0.5867442883532508,1.0296607054256948
-0.6,1.0467646984722732,1.3,-0.3446467275513148,0.153334432631953,0.6021633828849187,1.0290384133184958
-0.6,1.0467646984722732,1.35,-0.35982514726384507,0.1502012381443792,0.6170167097494497,1.0284237935548943
-0.6,1.0467646984722732,1.4000000000000001,-0.3746809330656335,0.14688669628267234,0.6313201977450893,1.027817083108835
-0.6,1.0467646984722732,1.4500000000000002,-0.38919739203977477,0.14341924102191753,0.6450900133294057,1.027218500374449
-0.6,1.0467646984722732,1.5,-0.40336055615640626,0.13982495943128015,0.658342455767263,1.0266282449839312
-0.6,1.0467646984722732,1.55,-0.4171589547081428,0.1361277333499744,0.6710938652706767,1.0260464977589014
-0.6,1.0467646984722732,1.6,-0.4305834006044904,0.13234937594682447,0.6833605429412566,1.0254734207835625
-0.6,1.0467646984722732,1.6500000000000001,-0.44362679009169204,0.128509762994351,0.6951586814101556,1.0249091575879787
-0.6,1.0467646984722732,1.7000000000000002,-0.4562839153872055,0.12462695874217296,0.7065043051507323,1.0243538334299904
-0.6,1.0467646984722732,1.75,-0.4685512896284365,0.12071733632250593,0.7174132195156167,1.023807555664568
-0.6,1.0467646984722732,1.8,-0.48042698354221147,0.11679569266304739,0.7279009676224555,1.0232704141897395
-0.6,1.0467646984722732,1.85,-0.4919104733063859,0.11287535791995543,0.7379827942814412,1.0227424819586906
-0.6,1.0467646984722732,1.9000000000000001,-0.5030024991040741,0.1089682994763154,0.7476736162227245,1.0222238155481311
-0.6,1.0467646984722732,1.9500000000000002,-0.5137049338428172,0.1050852205798068,0.7569879979430205,1.0217144557735591
-0.6,1.0467646984722732,2.0,-0.5240206614789346,0.10123565371754531,0.7659401325482791,1.0212144283426554
-0.6,1.0467646984722732,2.0500000000000003,-0.5339534643974791,0.09742804884662937,0.7745438270232085,1.0207237445386357
-0.6,1.0467646984722732,2.1,-0.5435079193414468,0.09366985661606571,0.782812491408912,1.0202424019260132
-0.6,1.0467646984722732,2.15,-0.5526893014207942,0.08996760672980485,0.7907591314169153,1.0197703850718602
-0.6,1.0467646984722732,2.2,-0.5615034957411806,0.08632698161187052,0.7983963440516465,1.0193076662762504
-0.6,1.0467646984722732,2.25,-0.5699569161865969,0.082752885543282,0.8057363158540098,1.018854206306226
-0.6,1.0467646984722732,2.3000000000000003,-0.5780564308937727,0.07924950944691456,0.8127908234162592,1.0184099551281547
-0.6,1.0467646984722732,2.35,-0.5858092939798315,0.07582039150085701,0.8195712358531261,1.0179748526340018
-0.6,1.0467646984722732,2.4000000000000004,-0.5932230831184679,0.07246847376343135,0.8260885189460673,1.0175488293575066
-0.6,1.0467646984722732,2.45,-0.6003056425880035,0.06919615499408117,0.8323532407069327,1.0171318071768325
-0.6,1.0467646984722732,2.5,-0.6070650314299809,0.06600533985397133,0.8383755781342833,1.0167237000007168
-0.6,1.0467646984722732,2.5500000000000003,-0.6135094763646294,0.0628974846686018,0.844165324960212,1.016324414435602
-0.6,1.0467646984722732,2.6,-0.6196473291196207,0.05987363993215487,0.8497319002080395,1.015933850431682
-0.6,1.0467646984722732,2.6500000000000004,-0.6254870278466671,0.056934489729842615,0.8550843574017251,1.0155519019061354
-0.6,1.0467646984722732,2.7,-0.6310370623246084,0.05408038825034418,0.8602313942864562,1.0151784573422369
-0.6,1.0467646984722732,2.75,-0.6363059426714006,0.05131139355563305,0.8651813629367433,1.0148134003633063
-0.6,1.0467646984722732,2.8000000000000003,-0.6413021713058613,0.04862729877023606,0.8699422801436377,1.014456610280781
-0.6,1.0467646984722732,2.85,-0.6460342179126745,0.04602766084631863,0.8745218379864426,1.0141079626159513
-0.6,1.0467646984722732,2.9000000000000004,-0.6505104971742908,0.04351182705506364,0.8789274145067084,1.013767329595131
-0.6,1.0467646984722732,2.95,-0.6547393490447977,0.04107895934868295,0.8831660844134296,1.0134345806182319
-0.6,1.0467646984722732,3.0,-0.6587290213553874,0.03872805673113706,0.8872446297583727,1.0131095827009173
-0.6,1.0467646984722732,3.0500000000000003,-0.6624876545576511,0.036457975769316704,0.8911695505293648,1.0127922008906438
-0.6,1.0467646984722732,3.1,-0.6660232684272185,0.034267449370102114,0.8949470751173668,1.012482298657037
-0.6,1.0467646984722732,3.1500000000000004,-0.6693437505639904,0.03215510394241872,0.8985831706202253,1.0121797382571784
-0.6,1.0467646984722732,3.2,-0.6724568465359341,0.03011947505719148,0.9020835529522778,1.0118843810764429
-0.6,1.0467646984722732,3.25,-0.6753701515220615,0.0281590217119915,0.9054536967345698,1.0115960879456591
-0.6,1.0467646984722732,3.3000000000000003,-0.6780911033183644,0.02627213930120754,0.9086988449453276,1.0113147194353562
-0.6,1.0467646984722732,3.35,-0.680626976579415,0.024457171386772135,0.9118240183146328,1.0110401361279693
-0.6,1.0467646984722732,3.4000000000000004,-0.682984878178261,0.022712420358856695,0.9148340244510537,1.010772198868888
-0.6,1.0467646984722732,3.45,-0.6851717435775118,0.021036157070528524,0.91773346669126,1.0105107689972552
-0.6,1.0467646984722732,3.5,-0.6871943341142036,0.019426629525150126,0.9205267526665278,1.0102557085574433
-0.6,1.0467646984722732,3.5500000000000003,-0.6890592351093264,0.017882070690304428,0.9232181025825135,1.01000688049214
-0.6,1.0467646984722732,3.6,-0.6907728547197045,0.01640070550725268,0.9258115572108323,1.0097641488179911
-0.6,1.0467646984722732,3.6500000000000004,-0.6923414234555257,0.014980757160376156,0.9283109855927828,1.009527378784708
-0.6,1.0467646984722732,3.7,-0.693770994291957,0.01362045266672385,0.9307200924571273,1.009296437018562
-0.6,1.0467646984722732,3.75,-0.6950674433083917,0.012318027841673575,0.9330424253551576,1.0090711916511699
-0.6,1.0467646984722732,3.8000000000000003,-0.6962364707943288,0.011071731692825342,0.9352813815173586,1.0088515124344333
-0.6,1.0467646984722732,3.85,-0.6972836027664597,0.009879830290562953,0.9374402144369071,1.0086372708424989
-0.6,1.0467646984722732,3.9000000000000004,-0.698214192847009,0.008740610160251482,0.9395220401859746,1.0084283401615477
-0.6,1.0467646984722732,3.95,-0.6990334244583547,0.007652381237768858,0.9415298434714149,1.0082245955682312
-0.6,1.0467646984722732,4.0,-0.6997463132931687,0.0066134794269957446,0.9434664834368583,1.0080259141974957
-0.6,1.0467646984722732,4.05,-0.7003577100228655,0.005622268795005849,0.9453346992186359,1.0078321752005621
-0.6,1.0467646984722732,4.1000000000000005,-0.7008723032100949,0.004677143437992305,0.9471371152631569,1.0076432597937268
-0.6,1.0467646984722732,4.15,-0.7012946223936615,0.003776529048437236,0.9488762464136079,1.0074590512986932
-0.6,1.0467646984722732,4.2,-0.701629041316828,0.0029188842116649035,0.9505545027738722,1.0072794351750407
-0.6,1.0467646984722732,4.25,-0.7018797812725696,0.0021027014577108,0.9521741943576698,1.007104299045458
-0.6,1.0467646984722732,4.3,-0.7020509145420155,0.0013265080923798266,0.9537375355308743,1.0069335327143112
-0.6,1.0467646984722732,4.3500000000000005,-0.7021463679049513,0.0005888668294486576,0.9552466492549084,1.0067670281800816
-0.6,1.0467646984722732,4.4,-0.7021699262036919,-0.00011162375581703271,0.9567035711390363,1.0066046796421952
-0.6,1.0467646984722732,4.45,-0.7021252359438371,-0.0007763289333180058,0.9581102533092434,1.0064463835027313
-0.6,1.0467646984722732,4.5,-0.7020158089172233,-0.0014065776679760705,0.9594685681012313,1.0062920383634442
-0.6,1.0467646984722732,4.55,-0.7018450258339239,-0.002003662597243002,0.9607803115848988,1.0061415450185511
-0.6,1.0467646984722732,4.6000000000000005,-0.7016161399514012,-0.0025688401220407575,0.9620472069274846,1.0059948064436623
-0.6,1.0467646984722732,4.65,-0.701332280690051,-0.003103330598135204,0.9632709076023422,1.0058517277812467
-0.6,1.0467646984722732,4.7,-0.700996457225408,-0.0036083186160771074,0.9644530004501183,1.005712216322963
-0.6,1.0467646984722732,4.75,-0.7006115620483798,-0.00408495335889141,0.9655950085988639,1.0055761814891986
-0.6,1.0467646984722732,4.800000000000001,-0.7001803744859215,-0.0045343490276605405,0.9666983942494222,1.0054435348061084
-0.6,1.0467646984722732,4.8500000000000005,-0.6997055641756502,-0.004957585326039538,0.9677645613321698,1.005314189880441
-0.6,1.0467646984722732,4.9,-0.6991896944889032,-0.005355707995560714,0.9687948580409963,1.0051880623724045
-0.6,1.0467646984722732,4.95,-0.6986352258976769,-0.005729729394342731,0.9697905792501581,1.005065069966833
-0.6,1.0467646984722732,5.0,-0.698044519281673,-0.0060806291125129934,0.9707529688194416,1.0049451323428509
-0.6,1.0467646984722732,5.050000000000001,-0.6974198391723195,-0.006409354618293505,0.9716832217928298,1.0048281711422637
-0.6,1.0467646984722732,5.1000000000000005,-0.6967633569311715,-0.006716821929285605,0.972582486495658,1.0047141099368642
-0.6,1.0467646984722732,5.15,-0.6960771538605006,-0.0070039163040295435,0.9734518665350429,1.004602874194804
-0.6,1.0467646984722732,5.2,-0.6953632242442573,-0.007271492949407886,0.9742924227081503,1.0044943912462383
-0.6,1.0467646984722732,5.25,-0.6946234783179066,-0.007520377739914842,0.9751051748226675,1.0043885902483387
-0.6,1.0467646984722732,5.300000000000001,-0.6938597451659642,-0.007751367945227915,0.9758911034336522,1.0042854021498524
-0.6,1.0467646984722732,5.3500000000000005,-0.6930737755464129,-0.007965232962897402,0.9766511515007565,1.0041847596553088
-0.6,1.0467646984722732,5.4,-0.6922672446414929,-0.008162715053314801,0.9773862259696099,1.0040865971889898
-0.6,1.0467646984722732,5.45,-0.6914417547347192,-0.008344530074438153,0.9780971992810027,1.003990850858772
-0.6,1.0467646984722732,5.5,-0.6905988378142607,-0.00851136821404007,0.9787849108113189,1.0038974584199256
-0.6,1.0467646984722732,5.550000000000001,-0.6897399581031275,-0.008663894717506625,0.9794501682475253,1.0038063592389654
-0.6,1.0467646984722732,5.6000000000000005,-0.6888665145167817,-0.008802750609454861,0.9800937488998366,1.0037174942576172
-0.6,1.0467646984722732,5.65,-0.6879798430490153,-0.008928553407653458,0.9807164009550648,1.0036308059569754
-0.6,1.0467646984722732,5.7,-0.6870812190869978,-0.00904189782792876,0.9813188446734897,1.0035462383219116
-0.6,1.0467646984722732,5.75,-0.6861718596565359,-0.009143356478917017,0.9819017735319562,1.0034637368057926
-0.6,1.0467646984722732,5.800000000000001,-0.6852529255986051,-0.009233480545686215,0.9824658553157788,1.003383248295545
-0.6,1.0467646984722732,5.8500000000000005,-0.6843255236782743,-0.009312800461397012,0.9830117331619032,1.003304721077126
-0.6,1.0467646984722732,5.9,-0.6833907086271925,-0.009381826566305637,0.9835400265556596,1.0032281048014244
-0.6,1.0467646984722732,5.95,-0.6824494851208434,-0.009441049753530039,0.9840513322833153,1.0031533504506305
-0.6,1.0467646984722732,6.0,-0.6815028096918492,-0.009490942101109217,0.9845462253425457,1.003080410305108
-0.6,1.0467646984722732,6.050000000000001,-0.6805515925806438,-0.009531957489981733,0.985025259812817,1.003009237910782
-0.6,1.0467646984722732,6.1000000000000005,-0.6795966995249245,-0.009564532207596704,0.985488969687592,1.0029397880470754
-0.6,1.0467646984722732,6.15,-0.6786389534893236,-0.00958908553694805,0.9859378696701732,1.002872016695406
-0.6,1.0467646984722732,6.2,-0.6776791363368009,-0.009606020330892025,0.9863724559348847,1.0028058810082574
-0.6,1.0467646984722732,6.25,-0.6767179904432827,-0.009615723571670705,0.98679320685526,1.0027413392788427
-0.6,1.0467646984722732,6.300000000000001,-0.6757562202570834,-0.00961856691561817,0.9872005837007564,1.002678350911359
-0.6,1.0467646984722732,6.3500000000000005,-0.6747944938046458,-0.009614907223075503,0.9875950313035039,1.0026168763918542
-0.6,1.0467646984722732,6.4,-0.6738334441441158,-0.009605087073583572,0.9879769786964653,1.0025568772596964
-0.6,1.0467646984722732,6.45,-0.6728736707682264,-0.009589435266460142,0.9883468397243644,1.0024983160796592
-0.6,1.0467646984722732,6.5,-0.6719157409579662,-0.009568267306901516,0.9887050136286396,1.0024411564146192
-0.6,1.0467646984722732,6.550000000000001,-0.6709601910884309,-0.009541885877777077,0.9890518856076272,1.002385362798869
-0.6,1.0467646984722732,6.6000000000000005,-0.6700075278882607,-0.00951058129731065,0.9893878273531287,1.002330900712041
-0.6,1.0467646984722732,6.65,-0.6690582296540171,-0.009474631962863907,0.9897131975644403,1.0022777365536342
-0.6,1.0467646984722732,6.7,-0.6681127474208439,-0.009434304781054973,0.9900283424408934,1.0022258376181543
-0.6,1.0467646984722732,6.75,-0.6671715060907359,-0.009389855584461482,0.9903335961538788,1.0021751720708492
-0.6,1.0467646984722732,6.800000000000001,-0.6662349055197258,-0.009341529535169604,0.9906292812992967,1.002125708924035
-0.6,1.0467646984722732,6.8500000000000005,-0.6653033215652789,-0.00928956151544155,0.9909157093313242,1.002077418014016
-0.6,1.0467646984722732,6.9,-0.6643771070951894,-0.00923417650578222,0.9911931809783404,1.00203026997857
-0.6,1.0467646984722732,6.95,-0.6634565929592329,-0.009175589950692403,0.9914619866418224,1.0019842362350224
-0.6,1.0467646984722732,7.0,-0.6625420889248175,-0.009114008112400958,0.9917224067789729,1.0019392889588707
-0.6,1.0467646984722732,7.050000000000001,-0.6616338845778524,-0.009049628412871547,0.9919747122698102,1.0018954010629595
-0.6,1.0467646984722732,7.1000000000000005,-0.660732250190012,-0.008982639764381862,0.9922191647694115,1.0018525461772134
-0.6,1.0467646984722732,7.15,-0.6598374375535426,-0.008913222888974235,0.9924560170459751,1.001810698628892
-0.6,1.0467646984722732,7.2,-0.6589496807847222,-0.008841550627076004,0.9926855133053227,1.0017698334233696
-0.6,1.0467646984722732,7.25,-0.6580691970970461,-0.008767788235587515,0.9929078895024442,1.0017299262254342
-0.6,1.0467646984722732,7.300000000000001,-0.6571961875451642,-0.008692093675733282,0.9931233736406506,1.0016909533410867
-0.6,1.0467646984722732,7.3500000000000005,-0.6563308377405733,-0.00861461789096962,0.9933321860588888,1.0016528916998328
-0.6,1.0467646984722732,7.4,-0.6554733185400222,-0.008535505075238444,0.9935345397077044,1.001615718837457
-0.6,1.0467646984722732,7.45,-0.6546237867075693,-0.008454892931853903,0.99373064041439,1.0015794128792699
-0.6,1.0467646984722732,7.5,-0.6537823855511892,-0.008372912923303194,0.9939206871377387,1.001543952523815
-0.6,1.0467646984722732,7.550000000000001,-0.6529492455348194,-0.008289690512239609,0.9941048722128906,1.0015093170270277
-0.6,1.0467646984722732,7.6000000000000005,-0.6521244848666897,-0.008205345393939849,0.9942833815866634,1.0014754861868262
-0.6,1.0467646984722732,7.65,-0.6513082100647949,-0.008119991720493049,0.9944563950437999,1.0014424403281454
-0.6,1.0467646984722732,7.7,-0.6505005165003018,-0.00803373831698326,0.9946240864245015,1.0014101602883787
-0.6,1.0467646984722732,7.75,-0.6497014889197023,-0.007946688889921519,0.9947866238336195,1.001378627403228
-0.6,1.0467646984722732,7.800000000000001,-0.648911201946474,-0.007858942228178062,0.9949441698418644,1.001347823492958
-0.6,1.0467646984722732,7.8500000000000005,-0.6481297205630107,-0.007770592396658987,0.9950968816793541,1.0013177308490346
-0.6,1.0467646984722732,7.9,-0.6473571005735318,-0.007681728922965918,0.9952449114218325,1.001288332221139
-0.6,1.0467646984722732,7.95,-0.6465933890486895,-0.007592436977271464,0.9953884061698566,1.001259610804553
-0.6,1.0467646984722732,8.0,-0.6458386247525347,-0.007502797545636504,0.9955275082212469,1.0012315502279017
-0.6,1.0467646984722732,8.05,-0.6450928385524992,-0.007412887596990059,0.9956623552370787,1.001204134541243
-0.6,1.0467646984722732,8.1,-0.6443560538130182,-0.00732278024398603,0.995793080401478,1.001177348204499
-0.6,1.0467646984722732,8.15,-0.6436282867733879,-0.007232544897945084,0.995919812575471,1.001151176076215
-0.6,1.0467646984722732,8.200000000000001,-0.6429095469104408,-0.007142247418084359,0.9960426764451453,1.0011256034026406
-0.6,1.0467646984722732,8.25,-0.6421998372865888,-0.007051950255231218,0.9961617926643285,1.0011006158071198
-0.6,1.0467646984722732,8.3,-0.6414991548837721,-0.0069617125902121406,0.996277277992037,1.0010761992797956
-0.6,1.0467646984722732,8.35,-0.6408074909238203,-0.006871590467101474,0.9963892454248643,1.0010523401675886
-0.6,1.0467646984722732,8.4,-0.6401248311757392,-0.006781636921509444,0.9964978043245626,1.0010290251644873
-0.6,1.0467646984722732,8.450000000000001,-0.639451156250384,-0.006691902104083432,0.9966030605409585,1.0010062413020955
-0.6,1.0467646984722732,8.5,-0.6387864418830032,-0.006602433399390661,0.9967051165304253,1.0009839759404635
-0.6,1.0467646984722732,8.55,-0.6381306592040955,-0.006513275540345439,0.9968040714700658,1.000962216759178
-0.6,1.0467646984722732,8.6,-0.6374837749990206,-0.006424470718338876,0.9969000213677904,1.0009409517487045
-0.6,1.0467646984722732,8.65,-0.6368457519567878,-0.006336058689223678,0.9969930591684371,1.0009201692019827
-0.6,1.0467646984722732,8.700000000000001,-0.6362165489084352,-0.006248076875301875,0.9970832748560982,1.0008998577062636
-0.6,1.0467646984722732,8.75,-0.6355961210553954,-0.006160560463458406,0.9971707555527969,1.0008800061351684
-0.6,1.0467646984722732,8.8,-0.6349844201882318,-0.006073542499578619,0.9972555856136509,1.000860603640992
-0.6,1.0467646984722732,8.85,-0.6343813948961177,-0.0059870539793835205,0.9973378467186824,1.000841639647218
-0.6,1.0467646984722732,8.9,-0.6337869907674122,-0.005901123935811519,0.9974176179613576,1.0008231038412427
-0.6,1.0467646984722732,8.950000000000001,-0.6332011505816761,-0.005815779523071686,0.9974949759340305,1.0008049861673156
-0.6,1.0467646984722732,9.0,-0.6326238144934597,-0.005731046097488829,0.997569994810378,1.00078727681968
-0.6,1.0467646984722732,9.05,-0.6320549202081744,-0.005646947295256881,0.9976427464249541,1.0007699662359044
-0.6,1.0467646984722732,9.1,-0.6314944031503488,-0.005563505107212807,0.9977133003499601,1.0007530450904083
-0.6,1.0467646984722732,9.15,-0.6309421966245754,-0.005480739950739735,0.9977817239693516,1.0007365042881726
-0.6,1.0467646984722732,9.200000000000001,-0.6303982319694004,-0.005398670738903814,0.9978480825503738,1.0007203349586247
-0.6,1.0467646984722732,9.25,-0.6298624387044532,-0.005317314946926017,0.9979124393126173,1.0007045284496998
-0.6,1.0467646984722732,9.3,-0.6293347446710514,-0.005236688676086421,0.9979748554946973,1.0006890763220766
-0.6,1.0467646984722732,9.35,-0.6288150761665425,-0.005156806715154993,0.9980353904186353,1.00067397034356
-0.6,1.0467646984722732,9.4,-0.6283033580726176,-0.005077682599439776,0.9980941015520337,1.0006592024836443
-0.6,1.0467646984722732,9.450000000000001,-0.6277995139778274,-0.004999328667540063,0.9981510445681225,1.0006447649082109
-0.6,1.0467646984722732,9.5,-0.6273034662945258,-0.004921756115888974,0.9982062734037598,1.0006306499743873
-0.6,1.0467646984722732,9.55,-0.6268151363704562,-0.0048449750511670026,0.9982598403154531,1.0006168502255468
-0.6,1.0467646984722732,9.600000000000001,-0.6263344445951919,-0.004768994540665111,0.998311795933486,1.0006033583864484
-0.6,1.0467646984722732,9.65,-0.6258613105016235,-0.004693822660673105,0.9983621893142032,1.0005901673585156
-0.6,1.0467646984722732,9.700000000000001,-0.6253956528627048,-0.0046194665429663195,0.9984110679905409,1.0005772702152422
-0.6,1.0467646984722732,9.75,-0.6249373897836282,-0.004545932419461255,0.9984584780208446,1.000564660197736
-0.6,1.0467646984722732,9.8,-0.6244864387896253,-0.00447322566510775,0.9985044640360491,1.0005523307103774
-0.6,1.0467646984722732,9.850000000000001,-0.6240427169095593,-0.004401350839083514,0.998549069285284,1.0005402753166028
-0.6,1.0467646984722732,9.9,-0.6236061407554818,-0.00433031172435381,0.998592335679939,1.0005284877348086
-0.6,1.0467646984722732,9.950000000000001,-0.6231766265983186,-0.004260111365657269,0.9986343038362764,1.0005169618343626
-0.6,1.0467646984722732,10.0,-0.6227540904398366,-0.004190752105976528,0.9986750131166082,1.0005056916317334
-0.6,1.0467646984722732,10.05,-0.6223384480810407,-0.004122235621549928,0.9987145016691159,1.0004946712867182
-0.6,1.0467646984722732,10.100000000000001,-0.6219296151871536,-0.0040545629554790165,0.9987528064663461,1.0004838950987842
-0.6,1.0467646984722732,10.15,-0.6215275073493011,-0.003987734549984098,0.9987899633424346,1.000473357503502
-0.6,1.0467646984722732,10.200000000000001,-0.621132040143055,-0.003921750277358506,0.9988260070290997,1.0004630530690848
-0.6,1.0467646984722732,10.25,-0.6207431291839368,-0.0038566094696702996,0.9988609711904526,1.0004529764930168
-0.6,1.0467646984722732,10.3,-0.6203606901800265,-0.0037923109472583,0.9988948884566617,1.0004431225987787
-0.6,1.0467646984722732,10.350000000000001,-0.619984638981778,-0.0037288530460676374,0.9989277904565124,1.0004334863326572
-0.6,1.0467646984722732,10.4,-0.6196148916291621,-0.003666233643868621,0.9989597078489045,1.0004240627606484
-0.6,1.0467646984722732,10.450000000000001,-0.6192513643962356,-0.003604450185400587,0.9989906703533135,1.0004148470654382
-0.6,1.0467646984722732,10.5,-0.6188939738332541,-0.0035434997064813997,0.9990207067792674,1.000405834543472
-0.6,1.0467646984722732,10.55,-0.6185426368064161,-0.003483378857121552,0.9990498450548558,1.0003970206020962
-0.6,1.0467646984722732,10.600000000000001,-0.6181972705353411,-0.0034240839236803506,0.9990781122543213,1.0003884007567874
-0.6,1.0467646984722732,10.65,-0.6178577926283757,-0.0033656108501003337,0.9991055346247465,1.0003799706284424
-0.6,1.0467646984722732,10.700000000000001,-0.6175241211158113,-0.0033079552582548537,0.9991321376118854,1.0003717259407543
-0.6,1.0467646984722732,10.75,-0.6171961744811134,-0.0032511124674423422,0.9991579458851547,1.0003636625176537
-0.6,1.0467646984722732,10.8,-0.6168738716902292,-0.0031950775130595277,0.9991829833618252,1.0003557762808155
-0.6,1.0467646984722732,10.850000000000001,-0.6165571322190688,-0.0031398451644848936,0.9992072732304245,1.0003480632472368
-0.6,1.0467646984722732,10.9,-0.6162458760792351,-0.0030854099422022406,0.9992308379733975,1.00034051952688
-0.6,1.0467646984722732,10.950000000000001,-0.615940023842069,-0.003031766134193269,0.9992536993890343,1.0003331413203758
-0.6,1.0467646984722732,11.0,-0.6156394966610951,-0.002978907811627181,0.9992758786126945,1.000325924916786
-0.6,1.0467646984722732,11.05,-0.615344216292932,-0.002926828843873865,0.9992973961373564,1.0003188666914316
-0.6,1.0467646984722732,11.100000000000001,-0.6150541051167329,-0.00287552291286668,0.9993182718335089,1.0003119631037745
-0.6,1.0467646984722732,11.15,-0.6147690861522226,-0.002824983526839628,0.9993385249684019,1.0003052106953507
-0.6,1.0467646984722732,11.200000000000001,-0.6144890830763979,-0.0027752040334629254,0.9993581742247007,1.0002986060877708
-0.6,1.0467646984722732,11.25,-0.6142140202389395,-0.0027261776323999746,0.9993772377185228,1.0002921459807543
-0.6,1.0467646984722732,11.3,-0.6139438226764058,-0.0026778973873081147,0.999395733016927,1.0002858271502384
-0.6,1.0467646984722732,11.350000000000001,-0.6136784161252549,-0.002630356237304363,0.9994136771548299,1.0002796464465133
-0.6,1.0467646984722732,11.4,-0.6134177270337459,-0.0025835470079169412,0.9994310866513957,1.0002736007924224
-0.6,1.0467646984722732,11.450000000000001,-0.613161682572778,-0.002537462421542346,0.9994479775259049,1.0002676871816025
-0.6,1.0467646984722732,11.5,-0.6129102106457074,-0.002492095107427149,0.9994643653131228,1.0002619026767732
-0.6,1.0467646984722732,11.55,-0.6126632398971912,-0.0024474376111928956,0.9994802650781807,1.0002562444080623
-0.6,1.0467646984722732,11.600000000000001,-0.6124206997211035,-0.0024034824039219525,0.9994956914309963,1.0002507095713884
-0.6,1.0467646984722732,11.65,-0.6121825202675647,-0.0023602218908212046,0.9995106585402282,1.0002452954268741
-0.6,1.0467646984722732,11.700000000000001,-0.6119486324491223,-0.0023176484194803145,0.9995251801468035,1.000239999297301
-0.6,1.0467646984722732,11.75,-0.611718967946129,-0.002275754287740097,0.9995392695770162,1.0002348185666143
-0.6,1.0467646984722732,11.8,-0.6114934592113497,-0.002234531751186585,0.9995529397552113,1.0002297506784494
-0.6,1.0467646984722732,11.850000000000001,-0.6112720394738341,-0.0021939730302852653,0.99956620321608,1.0002247931347124
-0.6,1.0467646984722732,11.9,-0.6110546427420958,-0.0021540703171696943,0.9995790721165635,1.0002199434941867
-0.6,1.0467646984722732,11.950000000000001,-0.6108412038066204,-0.0021148157820981696,0.9995915582473904,1.0002151993711783
-0.6,1.0467646984722732,12.0,-0.6106316582417495,-0.002076201579591578,0.9996036730442502,1.000210558434197
-0.6,1.0467646984722732,12.05,-0.6104259424069567,-0.0020382198542649977,0.9996154275986183,1.0002060184046653
-0.6,1.0467646984722732,12.100000000000001,-0.6102239934475595,-0.0020008627463653397,0.9996268326682508,1.00020157705567
-0.6,1.0467646984722732,12.15,-0.6100257492948837,-0.0019641223970266325,0.999637898687341,1.0001972322107346
-0.6,1.0467646984722732,12.200000000000001,-0.6098311486659208,-0.0019279909532543375,0.9996486357763755,1.0001929817426305
-0.6,1.0467646984722732,12.25,-0.6096401310624917,-0.0018924605726494946,0.9996590537516686,1.0001888235722112
-0.6,1.0467646984722732,12.3,-0.6094526367699553,-0.0018575234278832102,0.9996691621346141,1.0001847556672863
-0.6,1.0467646984722732,12.350000000000001,-0.6092686068554805,-0.0018231717109315527,0.9996789701606457,1.0001807760415093
-0.6,1.0467646984722732,12.4,-0.6090879831659024,-0.0017893976370805156,0.9996884867879118,1.000176882753306
-0.6,1.0467646984722732,12.450000000000001,-0.6089107083251948,-0.001756193448710495,0.9996977207057033,1.0001730739048242
-0.6,1.0467646984722732,12.5,-0.6087367257315718,-0.0017235514188691146,0.999706680342598,1.0001693476409075
-0.6,1.0467646984722732,12.55,-0.6085659795542456,-0.0016914638546412515,0.9997153738743654,1.000165702148099
-0.6,1.0467646984722732,12.600000000000001,-0.6083984147298565,-0.0016599231003244122,0.9997238092316298,1.000162135653666
-0.6,1.0467646984722732,12.65,-0.6082339769585988,-0.0016289215404176223,0.9997319941072905,1.0001586464246535
-0.6,1.0467646984722732,12.700000000000001,-0.6080726127000554,-0.0015984516024314748,0.9997399359637174,1.0001552327669547
-0.6,1.0467646984722732,12.75,-0.6079142691687637,-0.0015685057595268015,0.9997476420397249,1.0001518930244095
-0.6,1.0467646984722732,12.8,-0.6077588943295266,-0.0015390765329891343,0.9997551193573324,1.0001486255779233
-0.6,1.0467646984722732,12.850000000000001,-0.6076064368924853,-0.0015101564945458152,0.9997623747283141,1.0001454288446066
-0.6,1.0467646984722732,12.9,-0.6074568463079698,-0.001481738268532436,0.9997694147605535,1.0001423012769384
-0.6,1.0467646984722732,12.950000000000001,-0.6073100727611395,-0.001453814533914903,0.9997762458641951,1.000139241361947
-0.6,1.0467646984722732,13.0,-0.6071660671664315,-0.00142637802617341,0.9997828742576165,1.000136247620413
-0.6,1.0467646984722732,13.05,-0.6070247811618256,-0.0013994215390540233,0.9997893059732097,1.000133318606088
-0.6,1.0467646984722732,13.100000000000001,-0.606886167102941,-0.0013729379261938285,0.9997955468629929,1.0001304529049397
-0.6,1.0467646984722732,13.15,-0.6067501780569787,-0.0013469201026248582,0.9998016026040449,1.0001276491344062
-0.6,1.0467646984722732,13.200000000000001,-0.6066167677965147,-0.0013213610461621957,0.9998074787037746,1.000124905942677
-0.6,1.0467646984722732,13.25,-0.6064858907931664,-0.0012962537986813986,0.9998131805050356,1.000122222007982
-0.6,1.0467646984722732,13.3,-0.6063575022111259,-0.0012715914672898848,0.9998187131910747,1.000119596037909
-0.6,1.0467646984722732,13.350000000000001,-0.6062315579005905,-0.0012473672253972168,0.9998240817903392,1.0001170267687265
-0.6,1.0467646984722732,13.4,-0.6061080143910835,-0.0012235743136886313,0.9998292911811306,1.0001145129647306
-0.6,1.0467646984722732,13.450000000000001,-0.605986828884684,-0.001200206041006213,0.9998343460961199,1.000112053417603
-0.6,1.0467646984722732,13.5,-0.6058679592491711,-0.0011772557851419062,0.9998392511267269,1.0001096469457864
-0.6,1.0467646984722732,13.55,-0.605751364011093,-0.0011547169935463332,0.9998440107273644,1.0001072923938783
-0.6,1.0467646984722732,13.600000000000001,-0.605637002348766,-0.0011325831839572851,0.9998486292195513,1.0001049886320288
-0.6,1.0467646984722732,13.65,-0.6055248340852167,-0.0011108479449516446,0.999853110795904,1.0001027345553648
-0.6,1.0467646984722732,13.700000000000001,-0.6054148196810709,-0.001089504936424251,0.9998574595240096,1.0001005290834206
-0.6,1.0467646984722732,13.75,-0.6053069202273946,-0.0010685478899971497,0.9998616793501708,1.000098371159584
-0.6,1.0467646984722732,13.8,-0.605201097438503,-0.001047970609362539,0.9998657741030498,1.0000962597505558
-0.6,1.0467646984722732,13.850000000000001,-0.6050973136447313,-0.001027766970562638,0.9998697474971951,1.0000941938458225
-0.6,1.0467646984722732,13.9,-0.6049955317851877,-0.0010079309222093566,0.9998736031364605,1.0000921724571392
-0.6,1.0467646984722732,13.950000000000001,-0.6048957154004796,-0.0009884564856469167,0.9998773445173257,1.0000901946180296
-0.6,1.0467646984722732,14.0,-0.6047978286254335,-0.0009693377550600191,0.9998809750321089,1.0000882593832894
-0.6,1.0467646984722732,14.05,-0.6047018361818025,-0.000950568897530474,0.9998844979720927,1.0000863658285088
-0.6,1.0467646984722732,14.100000000000001,-0.6046077033709729,-0.0009321441530446877,0.9998879165305451,1.0000845130496083
-0.6,1.0467646984722732,14.15,-0.6045153960666736,-0.000914057834454661,0.9998912338056556,1.000082700162374
-0.6,1.0467646984722732,14.200000000000001,-0.6044248807076896,-0.0008963043273947835,0.9998944528033785,1.0000809263020138
-0.6,1.0467646984722732,14.25,-0.6043361242905906,-0.0008788780901568394,0.9998975764401973,1.0000791906227224
-0.6,1.0467646984722732,14.3,-0.6042490943624714,-0.0008617736535253052,0.9999006075457959,1.0000774922972528
-0.6,1.0467646984722732,14.350000000000001,-0.604163759013712,-0.0008449856205751413,0.9999035488656567,1.0000758305165005
-0.6,1.0467646984722732,14.4,-0.6040800868707618,-0.0008285086664341188,0.9999064030635779,1.0000742044890978
-0.6,1.0467646984722732,14.450000000000001,-0.6039980470889492,-0.0008123375380115959,0.9999091727241156,1.0000726134410154
-0.6,1.0467646984722732,14.5,-0.6039176093453196,-0.0007964670536956351,0.9999118603549498,1.0000710566151751
-0.6,1.0467646984722732,14.55,-0.6038387438315067,-0.0007808921030202782,0.9999144683891836,1.0000695332710707
-0.6,1.0467646984722732,14.600000000000001,-0.6037614212466372,-0.0007656076463046948,0.9999169991875682,1.000068042684399
-0.6,1.0467646984722732,14.65,-0.6036856127902761,-0.0007506087142658294,0.9999194550406655,1.0000665841466936
-0.6,1.0467646984722732,14.700000000000001,-0.60361129015541,-0.0007358904076062158,0.999921838170944,1.0000651569649806
-0.6,1.0467646984722732,14.75,-0.6035384255214715,-0.0007214478965783437,0.9999241507348092,1.000063760461422
-0.6,1.0467646984722732,14.8,-0.6034669915474122,-0.0007072764205272536,0.9999263948245753,1.0000623939729878
-0.6,1.0467646984722732,14.850000000000001,-0.6033969613648194,-0.0006933712874125107,0.9999285724703811,1.0000610568511232
-0.6,1.0467646984722732,14.9,-0.6033283085710793,-0.00067972787331105,0.9999306856420406,1.0000597484614262
-0.6,1.0467646984722732,14.950000000000001,-0.6032610072225991,-0.0006663416219022161,0.9999327362508422,1.0000584681833327
-0.6,1.0467646984722732,15.0,-0.6031950318280679,-0.0006532080439360375,0.9999347261512979,1.0000572154098117
-0.6,1.0467646984722732,15.05,-0.6031303573417843,-0.0006403227166861391,0.9999366571428326,1.0000559895470627
-0.6,1.0467646984722732,15.100000000000001,-0.6030669591570297,-0.0006276812833882567,0.9999385309714273,1.0000547900142238
-0.6,1.0467646984722732,15.15,-0.6030048130995024,-0.0006152794526655045,0.99994034933121,1.0000536162430842
-0.6,1.0467646984722732,15.200000000000001,-0.6029438954208082,-0.0006031129979414296,0.9999421138660043,1.000052467677804
-0.6,1.0467646984722732,15.25,-0.6028841827920103,-0.0005911777568418082,0.9999438261708263,1.000051343774642
-0.6,1.0467646984722732,15.3,-0.602825652297237,-0.0005794696305861707,0.9999454877933366,1.0000502440016856
-0.6,1.0467646984722732,15.350000000000001,-0.6027682814273542,-0.000567984583369906,0.9999471002352538,1.0000491678385923
-0.6,1.0467646984722732,15.4,-0.6027120480736976,-0.0005567186417378831,0.99994866495372,1.000048114776331
-0.6,1.0467646984722732,15.450000000000001,-0.6026569305218641,-0.0005456678939503353,0.9999501833626302,1.0000470843169351
-0.6,1.0467646984722732,15.5,-0.6026029074455762,-0.0005348284893418404,0.999951656833918,1.0000460759732575
-0.6,1.0467646984722732,15.55,-0.6025499579005986,-0.0005241966376741528,0.9999530866988054,1.0000450892687303
-0.6,1.0467646984722732,15.600000000000001,-0.6024980613187316,-0.0005137686084835913,0.9999544742490127,1.0000441237371367
-0.6,1.0467646984722732,15.65,-0.6024471975018594,-0.000503540730423651,0.9999558207379377,1.0000431789223758
-0.6,1.0467646984722732,15.700000000000001,-0.6023973466160736,-0.0004935093906035249,0.9999571273817895,1.0000422543782468
-0.6,1.0467646984722732,15.75,-0.6023484891858558,-0.00048367103392318124,0.9999583953607023,1.000041349668227
-0.6,1.0467646984722732,15.8,-0.6023006060883304,-0.0004740221624054503,0.9999596258198021,1.0000404643652612
-0.6,1.0467646984722732,15.850000000000001,-0.6022536785475869,-0.00046455933452593855,0.9999608198702522,1.0000395980515542
-0.6,1.0467646984722732,15.9,-0.6022076881290613,-0.00045527916454101564,0.9999619785902583,1.000038750318362
-0.6,1.0467646984722732,15.950000000000001,-0.6021626167339964,-0.00044617832181463005,0.9999631030260537,1.0000379207658021
-0.6,1.0467646984722732,16.0,-0.6021184465939599,-0.00043725353014428483,0.999964194192845,1.0000371090026505
-0.6,1.0467646984722732,16.05,-0.6020751602654368,-0.00042850156708673426,0.9999652530757382,1.0000363146461593
-0.6,1.0467646984722732,16.1,-0.6020327406244831,-0.0004199192632837491,0.9999662806306306,1.0000355373218648
-0.6,1.0467646984722732,16.150000000000002,-0.6019911708614557,-0.00041150350178846833,0.9999672777850795,1.0000347766634088
-0.6,1.0467646984722732,16.2,-0.6019504344758025,-0.0004032512173926462,0.9999682454391451,1.0000340323123629
-0.6,1.0467646984722732,16.25,-0.6019105152709217,-0.0003951593959552284,0.9999691844662058,1.0000333039180513
-0.6,1.0467646984722732,16.3,-0.6018713973490922,-0.0003872250737325758,0.9999700957137523,1.0000325911373824
-0.6,1.0467646984722732,16.35,-0.6018330651064661,-0.00037944533671069097,0.9999709800041559,1.0000318936346857
-0.6,1.0467646984722732,16.400000000000002,-0.6017955032281308,-0.0003718173199397895,0.9999718381354147,1.0000312110815452
-0.6,1.0467646984722732,16.45,-0.6017586966832376,-0.000364338206871431,0.9999726708818764,1.0000305431566459
-0.6,1.0467646984722732,16.5,-0.6017226307201958,-0.0003570052286986224,0.9999734789949423,1.0000298895456117
-0.6,1.0467646984722732,16.55,-0.6016872908619321,-0.00034981566369902213,0.9999742632037478,1.000029249940863
-0.6,1.0467646984722732,16.6,-0.6016526629012169,-0.0003427668365816531,0.9999750242158232,1.0000286240414613
-0.6,1.0467646984722732,16.650000000000002,-0.6016187328960556,-0.0003358561178371784,0.9999757627177328,1.000028011552966
-0.6,1.0467646984722732,16.7,-0.6015854871651446,-0.00032908092309212594,0.9999764793757038,1.0000274121872963
-0.6,1.0467646984722732,16.75,-0.6015529122833878,-0.0003224387124672025,0.9999771748362223,1.000026825662586
-0.6,1.0467646984722732,16.8,-0.6015209950774866,-0.00031592698993988013,0.9999778497266251,1.0000262517030563
-0.6,1.0467646984722732,16.85,-0.6014897226215807,-0.0003095433027114514,0.9999785046556615,1.0000256900388749
-0.6,1.0467646984722732,16.900000000000002,-0.6014590822329622,-0.0003032852405787523,0.9999791402140525,1.0000251404060323
-0.6,1.0467646984722732,16.95,-0.6014290614678467,-0.00029715043531069514,0.9999797569750203,1.0000246025462147
-0.6,1.0467646984722732,17.0,-0.6013996481172065,-0.00029113656002969823,0.999980355494808,1.0000240762066763
-0.6,1.0467646984722732,17.05,-0.6013708302026693,-0.0002852413285983092,0.9999809363131862,1.0000235611401225
-0.6,1.0467646984722732,17.1,-0.6013425959724719,-0.0002794624950109654,0.9999814999539374,1.0000230571045878
-0.6,1.0467646984722732,17.150000000000002,-0.6013149338974794,-0.0002737978527911339,0.9999820469253341,1.0000225638633242
-0.6,1.0467646984722732,17.2,-0.6012878326672602,-0.00026824523439390106,0.9999825777205964,1.0000220811846836
-0.6,1.0467646984722732,17.25,-0.601261281186223,-0.000262802510614103,0.9999830928183389,1.0000216088420095
-0.6,1.0467646984722732,17.3,-0.6012352685698129,-0.00025746759000011224,0.9999835926830039,1.0000211466135278
-0.6,1.0467646984722732,17.35,-0.6012097841407622,-0.000252238418273335,0.9999840777652819,1.0000206942822427
-0.6,1.0467646984722732,17.400000000000002,-0.6011848174254029,-0.0002471129777535409,0.9999845485025189,1.0000202516358287
-0.6,1.0467646984722732,17.45,-0.6011603581500332,-0.00024208928679002523,0.9999850053191135,1.000019818466534
-0.6,1.0467646984722732,17.5,-0.6011363962373426,-0.00023716539919874712,0.9999854486268968,1.0000193945710785
-0.6,1.0467646984722732,17.55,-0.6011129218028922,-0.00023233940370541792,0.9999858788255085,1.0000189797505599
-0.6,1.0467646984722732,17.6,-0.6010899251516498,-0.00022760942339465455,0.9999862963027605,1.0000185738103529
-0.6,1.0467646984722732,17.650000000000002,-0.6010673967745799,-0.00022297361516519936,0.9999867014349785,1.0000181765600233
-0.6,1.0467646984722732,17.7,-0.6010453273452899,-0.0002184301691912598,0.9999870945873525,1.0000177878132335
-0.6,1.0467646984722732,17.75,-0.6010237077167266,-0.000213977308389976,0.9999874761142623,1.0000174073876542
-0.6,1.0467646984722732,17.8,-0.6010025289179269,-0.00020961328789510374,0.9999878463595953,1.0000170351048783
-0.6,1.0467646984722732,17.85,-0.6009817821508233,-0.00020533639453683362,0.9999882056570639,1.0000166707903368
-0.6,1.0467646984722732,17.900000000000002,-0.6009614587870983,-0.0002011449463278293,0.9999885543304989,1.0000163142732126
-0.6,1.0467646984722732,17.95,-0.6009415503650893,-0.00019703729195553232,0.9999888926941501,1.0000159653863614
-0.6,1.0467646984722732,18.0,-0.6009220485867486,-0.00019301181028062305,0.9999892210529654,1.0000156239662354
-0.6,1.0467646984722732,18.05,-0.6009029453146487,-0.000189066909841735,0.999989539702868,1.0000152898527985
-0.6,1.0467646984722732,18.1,-0.6008842325690383,-0.00018520102836639503,0.9999898489310232,1.0000149628894581
-0.6,1.0467646984722732,18.150000000000002,-0.6008659025249483,-0.0001814126322881782,0.9999901490160972,1.0000146429229844
-0.6,1.0467646984722732,18.2,-0.6008479475093452,-0.0001777002162700591,0.9999904402285119,1.0000143298034405
-0.6,1.0467646984722732,18.25,-0.6008303599983305,-0.0001740623027339685,0.9999907228306848,1.0000140233841124
-0.6,1.0467646984722732,18.3,-0.6008131326143892,-0.00017049744139652264,0.9999909970772686,1.0000137235214361
-0.6,1.0467646984722732,18.35,-0.6007962581236835,-0.00016700420881091878,0.999991263215381,1.0000134300749337
-0.6,1.0467646984722732,18.400000000000002,-0.6007797294333913,-0.0001635812079149532,0.9999915214848271,1.000013142907143
-0.6,1.0467646984722732,18.45,-0.6007635395890933,-0.0001602270675851711,0.9999917721183184,1.000012861883555
-0.6,1.0467646984722732,18.5,-0.6007476817721972,-0.00015694044219709136,0.9999920153416789,1.0000125868725493
-0.6,1.0467646984722732,18.55,-0.6007321492974138,-0.00015372001119147295,0.99999225137405,1.0000123177453306
-0.6,1.0467646984722732,18.6,-0.6007169356102704,-0.00015056447864662817,0.9999924804280929,1.000012054375869
-0.6,1.0467646984722732,18.650000000000002,-0.6007020342846713,-0.00014747257285673164,0.9999927027101738,1.0000117966408426
-0.6,1.0467646984722732,18.7,-0.6006874390204949,-0.00014444304591604138,0.9999929184205554,1.0000115444195739
-0.6,1.0467646984722732,18.75,-0.6006731436412368,-0.00014147467330906093,0.9999931277535756,1.0000112975939763
-0.6,1.0467646984722732,18.8,-0.6006591420916917,-0.00013856625350660936,0.9999933308978208,1.000011056048498
-0.6,1.0467646984722732,18.85,-0.6006454284356733,-0.00013571660756764845,0.999993528036301,1.0000108196700674
-0.6,1.0467646984722732,18.900000000000002,-0.6006319968537803,-0.0001329245787469525,0.9999937193466113,1.0000105883480392
-0.6,1.0467646984722732,18.95,-0.6006188416411915,-0.00013018903210855565,0.9999939050010931,1.0000103619741414
-0.6,1.0467646984722732,19.0,-0.6006059572055087,-0.0001275088541447958,0.9999940851669893,1.0000101404424255
-0.6,1.0467646984722732,19.05,-0.6005933380646299,-0.0001248829524011226,0.9999942600065963,1.0000099236492148
-0.6,1.0467646984722732,19.1,-0.6005809788446663,-0.00012231025510644239,0.9999944296774097,1.0000097114930588
-0.6,1.0467646984722732,19.150000000000002,-0.6005688742778904,-0.00011978971080902671,0.9999945943322649,1.0000095038746808
-0.6,1.0467646984722732,19.200000000000003,-0.6005570192007226,-0.00011732028801796168,0.9999947541194785,1.000009300696935
-0.6,1.0467646984722732,19.25,-0.6005454085517534,-0.00011490097485000348,0.9999949091829786,1.0000091018647577
-0.6,1.0467646984722732,19.3,-0.6005340373698009,-0.0001125307786818653,0.9999950596624377,1.0000089072851248
-0.6,1.0467646984722732,19.35,-0.6005229007920005,-0.00011020872580784225,0.999995205693396,1.0000087168670073
-0.6,1.0467646984722732,19.400000000000002,-0.6005119940519317,-0.00010793386110273634,0.999995347407384,1.0000085305213262
-0.6,1.0467646984722732,19.450000000000003,-0.6005013124777743,-0.00010570524769001427,0.9999954849320444,1.0000083481609146
-0.6,1.0467646984722732,19.5,-0.6004908514905022,-0.00010352196661515669,0.9999956183912418,1.0000081697004715
-0.6,1.0467646984722732,19.55,-0.6004806066021073,-0.00010138311652413342,0.9999957479051793,1.0000079950565273
-0.6,1.0467646984722732,19.6,-0.6004705734138516,-9.928781334696514e-05,0.9999958735905049,1.0000078241474013
-0.6,1.0467646984722732,19.650000000000002,-0.6004607476145578,-9.723518998628618e-05,0.9999959955604161,1.000007656893161
-0.6,1.0467646984722732,19.700000000000003,-0.6004511249789244,-9.522439601088434e-05,0.999996113924763,1.0000074932155902
-0.6,1.0467646984722732,19.75,-0.6004417013658769,-9.325459735412492e-05,0.9999962287901456,1.000007333038147
-0.6,1.0467646984722732,19.8,-0.6004324727169421,-9.132497601726589e-05,0.9999963402600144,1.000007176285931
-0.6,1.0467646984722732,19.85,-0.6004234350546578,-8.94347297775197e-05,0.999996448434757,1.0000070228856461
-0.6,1.0467646984722732,19.900000000000002,-0.6004145844810083,-8.758307190087006e-05,0.9999965534117956,1.000006872765567
-0.6,1.0467646984722732,19.950000000000003,-0.6004059171758899,-8.576923085956402e-05,0.9999966552856685,1.0000067258555052
-0.6,1.0467646984722732,20.0,-0.6003974293956024,-8.399245005423164e-05,0.9999967541481194,1.0000065820867758
-0.6,1.0467646984722732,20.1,-0.6003809778078939,-8.054711576034022e-05,0.9999969431922473,1.0000063037059024
-0.6,1.0467646984722732,20.28615468146082,-0.6003521293457736,-7.450083230639928e-05,0.9999972662709026,1.0000058164732617
-0.6,1.0467646984722732,20.47403342090323,-0.6003252099350357,-6.885318107096441e-05,0.9999975577285837,1.0000053629135808
-0.6,1.0467646984722732,20.663652185564246,-0.6003001107924545,-6.358226631328717e-05,0.9999978203874582,1.0000049410141019
-0.6,1.0467646984722732,20.855027090560313,-0.6002767278034493,-5.866707465394523e-05,0.9999980568453288,1.0000045488598492
-0.6,1.0467646984722732,21.04817440025684,-0.6002549614191284,-5.408746129147346e-05,0.9999982694908995,1.000004184630324
-0.6,1.0467646984722732,21.243110529650455,-0.6002347165493886,-4.9824134902024816e-05,0.9999984605182219,1.0000038465962287
-0.6,1.0467646984722732,21.439852045764102,-0.6002159024525392,-4.585864133988224e-05,0.999998631940355,1.0000035331162256
-0.6,1.0467646984722732,21.638415669054964,-0.6001984326218792,-4.217334625472537e-05,0.999998785602253,1.0000032426337306
-0.6,1.0467646984722732,21.83881827483555,-0.6001822246696351,-3.875141673884404e-05,0.999998923192922,1.000002973673751
-0.6,1.0467646984722732,22.04107689470784,-0.6001672002086557,-3.557680211491969e-05,0.9999990462568625,1.0000027248397665
-0.6,1.0467646984722732,22.245208718010712,-0.6001532847322495,-3.2634213972003066e-05,0.9999991562048334,1.0000024948106603
-0.6,1.0467646984722732,22.4512310932809,-0.6001404074925629,-2.9909105553804207e-05,0.9999992543239572,1.0000022823377022
-0.6,1.0467646984722732,22.659161529727328,-0.6001285013778972,-2.7387650600040205e-05,0.9999993417872035,1.0000020862415886
-0.6,1.0467646984722732,22.86901769871915,-0.600117502789368,-2.5056721737838102e-05,0.9999994196622641,1.0000019054095346
-0.6,1.0467646984722732,23.080817435287667,-0.6001073515173213,-2.2903868516052802e-05,0.9999994889198646,1.0000017387924345
-0.6,1.0467646984722732,23.294578739641963,-0.6000979906178932,-2.091729517154307e-05,0.999999550441523,1.0000015854020794
-0.6,1.0467646984722732,23.510319778698783,-0.6000893662901,-1.9085838212007187e-05,0.999999605026792,1.0000014443084428
-0.6,1.0467646984722732,23.72805888762644,-0.600081427753803,-1.7398943895693687e-05,0.9999996534000044,1.0000013146370355
-0.6,1.0467646984722732,23.947814571403043,-0.6000741271288569,-1.5846645683923206e-05,0.9999996962165516,1.0000011955663193
-0.6,1.0467646984722732,24.169605506389228,-0.6000674193157225,-1.441954173782133e-05,0.9999997340687197,1.0000010863252058
-0.6,1.0467646984722732,24.39345054191539,-0.600061261877761,-1.3108772526109957e-05,0.9999997674910976,1.0000009861906125
-0.6,1.0467646984722732,24.619368701883577,-0.6000556149254205,-1.1905998606404277e-05,0.9999997969656007,1.0000008944851002
-0.6,1.0467646984722732,24.847379186384366,-0.6000504410024673,-1.0803378637696786e-05,0.9999998229261086,1.0000008105745806
-0.6,1.0467646984722732,25.077501373328523,-0.6000457049744189,-9.793547677441012e-06,0.9999998457627575,1.000000733866096
-0.6,1.0467646984722732,25.30975482009396,-0.6000413739193095,-8.869595811979478e-06,0.9999998658259028,1.0000006638056746
-0.6,1.0467646984722732,25.544159265187808,-0.600037417020921,-8.025047164831521e-06,0.9999998834297639,1.0000005998762604
-0.6,1.0467646984722732,25.780734629923902,-0.6000338054646122,-7.253839322877953e-06,0.9999998988557881,1.0000005415957147
-0.6,1.0467646984722732,26.019501020115914,-0.6000305123358777,-6.550303216381818e-06,0.9999999123557319,1.0000004885148972
-0.6,1.0467646984722732,26.260478727786037,-0.6000275125217611,-5.909143484605124e-06,0.9999999241544977,1.0000004402158098
-0.6,1.0467646984722732,26.503688232889502,-0.6000247826152556,-5.325419354785538e-06,0.9999999344527241,1.000000396309825
-0.6,1.0467646984722732,26.74915020505521,-0.6000223008227894,-4.794526058497239e-06,0.999999943429169,1.000000356435981
-0.6,1.0467646984722732,26.99688550534226,-0.6000200468748866,-4.3121768055374945e-06,0.9999999512428682,1.0000003202593433
-0.6,1.0467646984722732,27.246915188012967,-0.600018001940073,-3.87438533210673e-06,0.9999999580351281,1.000000287469449
-0.6,1.0467646984722732,27.499260502322162,-0.6000161485420453,-3.4774490366101606e-06,0.9999999639313163,1.0000002577788054
-0.6,1.0467646984722732,27.753942894323053,-0.6000144704801245,-3.117932713149683e-06,0.9999999690425115,1.0000002309214682
-0.6,1.0467646984722732,28.010984008689945,-0.6000129527529579,-2.7926528898506795e-06,0.9999999734669882,1.0000002066516798
-0.6,1.0467646984722732,28.270405690557713,-0.6000115814854396,-2.4986627761790157e-06,0.9999999772915731,1.0000001847425752
-0.6,1.0467646984722732,28.532229987378305,-0.600010343858783,-2.2332378209136204e-06,0.9999999805928614,1.0000001649849501
-0.6,1.0467646984722732,28.79647915079459,-0.6000092280436876,-1.9938618797009523e-06,0.9999999834383316,1.0000001471860902
-0.6,1.0467646984722732,29.063175638531384,-0.6000082231365361,-1.778213989070574e-06,0.999999985887338,1.0000001311686635
-0.6,1.0467646984722732,29.332342116304055,-0.6000073190985571,-1.584155741453806e-06,0.9999999879920136,1.0000001167696686
-0.6,1.0467646984722732,29.604001459744886,-0.6000065066978986,-1.4097192539614536e-06,0.9999999897980811,1.0000001038394402
-0.6,1.0467646984722732,29.8781767563471,-0.6000057774545718,-1.2530957217101572e-06,0.9999999913455809,1.000000092240708
-0.6,1.0467646984722732,30.154891307427096,-0.6000051235882076,-1.1126245451850254e-06,0.9999999926695219,1.0000000818477126
-0.6,1.0467646984722732,30.43416863010471,-0.6000045379685892,-9.8678301934455e-07,0.9999999938004678,1.0000000725453662
-0.6,1.0467646984722732,30.716032459301825,-0.600004014068913,-8.74176571268061e-07,0.999999994765061,1.000000064228468
-0.6,1.0467646984722732,31.00050674975963,-0.6000035459217126,-7.735295317432456e-07,0.9999999955864892,1.000000056800964
-0.6,1.0467646984722732,31.287615678074335,-0.6000031280773842,-6.836764255016796e-07,0.9999999962849025,1.0000000501752533
-0.6,1.0467646984722732,31.577383644751972,-0.6000027555652249,-6.035537638273782e-07,0.9999999968777817,1.0000000442715362
-0.6,1.0467646984722732,31.869835276282085,-0.600002423856892,-5.321923226980922e-07,0.9999999973802666,1.0000000390172021
-0.6,1.0467646984722732,32.16499542723059,-0.6000021288321745,-4.6870988915095984e-07,0.999999997805452,1.0000000343462647
-0.6,1.0467646984722732,32.462889182352235,-0.6000018667469594,-4.123044579313529e-07,0.9999999981646431,1.0000000301988254
-0.6,1.0467646984722732,32.763541858722334,-0.6000016342032772,-3.6224786057953234e-07,0.9999999984675834,1.0000000265205775
-0.6,1.0467646984722732,33.06697900788844,-0.6000014281213121,-3.178798085583087e-07,0.9999999987226572,1.0000000232623465
-0.6,1.0467646984722732,33.373226418041924,-0.6000012457132577,-2.786023321980493e-07,0.9999999989370687,1.0000000203796546
-0.6,1.0467646984722732,33.68231011620963,-0.6000010844589263,-2.4387459715702e-07,0.999999999116994,1.0000000178323263
-0.6,1.0467646984722732,33.99425637046573,-0.6000009420830116,-2.1320808022368958e-07,0.999999999267722,1.0000000155841144
-0.6,1.0467646984722732,34.30909169216431,-0.6000008165339276,-1.861620865119656e-07,0.9999999993937729,1.000000013602359
-0.6,1.0467646984722732,34.62684283819243,-0.6000007059641516,-1.623395902220625e-07,0.9999999994990034,1.0000000118576684
-0.6,1.0467646984722732,34.94753681324406,-0.6000006087120057,-1.413833816828053e-07,0.9999999995866986,1.0000000103236257
-0.6,1.0467646984722732,35.2712008721152,-0.600000523284813,-1.2297250352478254e-07,0.9999999996596498,1.0000000089765197
-0.6,1.0467646984722732,35.597862522020144,-0.6000004483433728,-1.0681895944103941e-07,0.9999999997202278,1.000000007795094
-0.6,1.0467646984722732,35.927549524929255,-0.6000003826876886,-9.266467934781792e-08,0.9999999997704407,1.0000000067603183
-0.6,1.0467646984722732,36.26028989992831,-0.600000325243878,-8.027872534668481e-08,0.9999999998119862,1.0000000058551781
-0.6,1.0467646984722732,36.59611192559986,-0.6000002750521989,-6.945472333580299e-08,0.9999999998462972,1.0000000050644808
-0.6,1.0467646984722732,36.93504414242648,-0.6000002312561101,-6.000850574888577e-08,0.9999999998745812,1.0000000043746793
-0.6,1.0467646984722732,37.27711535521626,-0.6000001930922908,-5.1775951443529315e-08,0.9999999998978537,1.0000000037737118
-0.6,1.0467646984722732,37.62235463555102,-0.6000001598815269,-4.461100935808078e-08,0.9999999999169665,1.0000000032508494
-0.6,1.0467646984722732,37.97079132425686,-0.6000001310204065,-3.838389309389698e-08,0.9999999999326329,1.0000000027965663
-0.6,1.0467646984722732,38.32245503389777,-0.600000105973725,-3.29794343487932e-08,0.9999999999454507,1.0000000024024154
-0.6,1.0467646984722732,38.67737565129239,-0.6000000842675536,-2.8295583503338602e-08,0.9999999999559165,1.0000000020609146
-0.6,1.0467646984722732,39.03558334005395,-0.6000000654828991,-2.424204643472953e-08,0.9999999999644458,1.0000000017654496
-0.6,1.0467646984722732,39.3971085431537,-0.6000000492499121,-2.0739047137998058e-08,0.9999999999713824,1.0000000015101789
-0.6,1.0467646984722732,39.761981985508335,-0.6000000352426018,-1.7716206357587748e-08,0.9999999999770129,1.0000000012899517
-0.6,1.0467646984722732,40.1302346765911,-0.6000000231740217,-1.511152699539039e-08,0.9999999999815734,1.0000000011002328
-0.6,1.0467646984722732,40.50189791306716,-0.6000000127919026,-1.2870477551970336e-08,0.9999999999852599,1.0000000009370351
-0.6,1.0467646984722732,40.87700328145351,-0.6000000038747078,-1.0945165569421854e-08,0.9999999999882332,1.0000000007968595
-0.6,1.0467646984722732,41.25558266080338,-0.599999996228088,-9.293593360601405e-09,0.9999999999906259,1.0000000006766374
-0.6,1.0467646984722732,41.63766822541544,-0.5999999896817156,-7.878988961332154e-09,0.9999999999925477,1.000000000573684
-0.6,1.0467646984722732,42.02329244756837,-0.5999999840864738,-6.669205728894842e-09,0.9999999999940874,1.0000000004856524
-0.6,1.0467646984722732,42.41248810028041,-0.5999999793119696,-5.6361843617347415e-09,0.9999999999953195,1.0000000004104956
-0.6,1.0467646984722732,42.80528826009479,-0.5999999752443447,-4.755471730627402e-09,0.9999999999963024,1.0000000003464304
-0.6,1.0467646984722732,43.20172630989064,-0.599999971784353,-4.005791173736968e-09,0.9999999999970852,1.0000000002919043
-0.6,1.0467646984722732,43.60183594172025,-0.5999999688456679,-3.368659448426098e-09,0.9999999999977081,1.0000000002455713
-0.6,1.0467646984722732,44.00565115967241,-0.5999999663533845,-2.8280458576145572e-09,0.9999999999982021,1.0000000002062623
-0.6,1.0467646984722732,44.413206282762204,-0.5999999642426963,-2.370069373453469e-09,0.9999999999985927,1.0000000001729656
-0.6,1.0467646984722732,44.824535947847835,-0.5999999624577044,-1.9827300495423167e-09,0.9999999999989027,1.0000000001448084
-0.6,1.0467646984722732,45.23967511257426,-0.5999999609503487,-1.6556712393171464e-09,0.9999999999991466,1.0000000001210356
-0.6,1.0467646984722732,45.65865905834403,-0.5999999596794341,-1.3799694295233091e-09,0.9999999999993382,1.000000000100998
-0.6,1.0467646984722732,46.081523393315884,-0.5999999586097451,-1.147948840458967e-09,0.9999999999994897,1.0000000000841367
-0.6,1.0467646984722732,46.50830405543093,-0.5999999577112372,-9.53018152133921e-10,0.9999999999996073,1.0000000000699723
-0.6,1.0467646984722732,46.93903731546684,-0.5999999569583062,-7.895269725556942e-10,0.9999999999996995,1.0000000000580935
-0.6,1.0467646984722732,47.37375978012049,-0.5999999563291271,-6.52639876305348e-10,0.9999999999997701,1.0000000000481486
-0.6,1.0467646984722732,47.81250839511901,-0.5999999558050712,-5.38226088300965e-10,0.9999999999998253,1.000000000039837
-0.6,1.0467646984722732,48.25532044835962,-0.5999999553701983,-4.427630014668652e-10,0.9999999999998671,1.0000000000329028
-0.6,1.0467646984722732,48.70223357307873,-0.599999955010823,-3.632519838882916e-10,0.9999999999998987,1.000000000027128
-0.6,1.0467646984722732,49.15328575105025,-0.5999999547151542,-2.971450157564013e-10,0.999999999999923,1.0000000000223268
-0.6,1.0467646984722732,49.608515315813406,-0.5999999544730046,-2.4228089389745326e-10,0.9999999999999414,1.0000000000183429
-0.6,1.0467646984722732,50.067960955930815,-0.599999954275562,-1.9682984322090473e-10,0.9999999999999555,1.0000000000150426
-0.6,1.0467646984722732,50.5316617182763,-0.5999999541152118,-1.592455560734345e-10,0.999999999999966,1.0000000000123137
-0.6,1.0467646984722732,50.99965701135351,-0.5999999539854027,-1.2822366014660729e-10,0.9999999999999748,1.0000000000100617
-0.6,1.0467646984722732,51.47198660864504,-0.5999999538805454,-1.026659242047371e-10,0.9999999999999809,1.0000000000082063
-0.6,1.0467646984722732,51.9486906519927,-0.5999999537959265,-8.164941060884111e-11,0.9999999999999866,1.0000000000066813
-0.6,1.0467646984722732,52.429809655009066,-0.5999999537276374,-6.43999262579379e-11,0.9999999999999908,1.000000000005429
-0.6,1.0467646984722732,52.91538450652049,-0.5999999536725026,-5.02692919415475e-11,0.9999999999999947,1.0000000000044036
-0.6,1.0467646984722732,53.40545647404229,-0.599999953628005,-3.8715842221783324e-11,0.9999999999999979,1.000000000003565
-0.6,1.0467646984722732,53.90006720728585,-0.5999999535922051,-2.928779219754639e-11,1.0000000000000004,1.0000000000028813
-0.6,1.0467646984722732,54.39925874169825,-0.5999999535636521,-2.1609049980930234e-11,1.000000000000003,1.0000000000023244
-0.6,1.0467646984722732,54.90307350203484,-0.5999999535412905,-1.53671537138415e-11,1.0000000000000053,1.0000000000018716
-0.6,1.0467646984722732,55.41155430596479,-0.5999999535243666,-1.030300707937419e-11,1.0000000000000062,1.0000000000015048
-0.6,1.0467646984722732,55.924744367709856,-0.599999953512335,-6.20222857067655e-12,1.0000000000000067,1.0000000000012077
-0.6,1.0467646984722732,56.442687301717264,-0.5999999535047756,-2.8877982842282435e-12,1.0000000000000067,1.000000000000968
-0.6,1.0467646984722732,56.96542712636624,-0.5999999535013224,-2.1385795032120209e-13,1.0000000000000069,1.000000000000775
-0.6,1.0467646984722732,57.493008267708944,-0.5999999535016072,1.9394929713434945e-12,1.000000000000005,1.0000000000006188
-0.6,1.0467646984722732,58.02547556324627,-0.5999999535052251,3.670595068198765e-12,1.000000000000004,1.000000000000494
-0.6,1.0467646984722732,58.562874265738245,-0.5999999535117146,5.0599153564468295e-12,1.0000000000000022,1.000000000000394
-0.6,1.0467646984722732,59.10525004705015,-0.5999999535205603,6.1731394178812515e-12,1.0000000000000013,1.0000000000003144
-0.6,1.0467646984722732,59.65264900203377,-0.5999999535312037,7.06376368195135e-12,1.0000000000000002,1.0000000000002507
-0.6,1.0467646984722732,60.2051176524451,-0.5999999535430747,7.775252421550245e-12,0.9999999999999996,1.0000000000002003
-0.6,1.0467646984722732,60.76270295089797,-0.5999999535556203,8.342847421268327e-12,0.9999999999999991,1.00000000000016
-0.6,1.0467646984722732,61.325452284854336,-0.5999999535683425,8.795081967939976e-12,0.9999999999999987,1.0000000000001281
-0.6,1.0467646984722732,61.89341348065174,-0.599999953580828,9.15499992263893e-12,0.9999999999999994,1.000000000000103
-0.6,1.0467646984722732,62.466634807567864,-0.5999999535927734,9.441207453917906e-12,0.9999999999999999,1.0000000000000835
-0.6,1.0467646984722732,63.0451649819227,-0.5999999536040016,9.668712432747548e-12,1.0000000000000009,1.000000000000068
-0.6,1.0467646984722732,63.629053171218956,-0.5999999536144659,9.849612082842252e-12,1.0000000000000018,1.0000000000000562
-0.6,1.0467646984722732,64.21834899832058,-0.5999999536242416,9.993659166519209e-12,1.000000000000003,1.0000000000000469
-0.6,1.0467646984722732,64.81310254566993,-0.5999999536335082,1.0108713359602383e-11,1.0000000000000044,1.0000000000000395
-0.6,1.0467646984722732,65.4133643595444,-0.5999999536425231,1.0201116070625051e-11,1.0000000000000058,1.0000000000000344
-0.6,1.0467646984722732,66.01918545435197,-0.5999999536515898,1.0275953614836837e-11,1.0000000000000069,1.00000000000003
-0.6,1.0467646984722732,66.63061731696679,-0.5999999536610221,1.0337320723229123e-11,1.000000000000007,1.0000000000000273
-0.6,1.0467646984722732,67.24771191110499,-0.5999999536711123,1.0388475369681342e-11,1.0000000000000075,1.0000000000000246
-0.6,1.0467646984722732,67.87052168174088,-0.5999999536821009,1.0432007236102597e-11,1.0000000000000069,1.0000000000000229
-0.6,1.0467646984722732,68.49909955956402,-0.5999999536941537,1.0469926109439473e-11,1.0000000000000067,1.0000000000000215
-0.6,1.0467646984722732,69.13349896547759,-0.5999999537073484,1.0503782526608303e-11,1.000000000000006,1.0000000000000207
-0.6,1.0467646984722732,69.77377381513884,-0.5999999537216686,1.0534732936016534e-11,1.000000000000005,1.00000000000002
-0.6,1.0467646984722732,70.41997852354069,-0.5999999537370112,1.0563608822182731e-11,1.000000000000004,1.0000000000000198
-0.6,1.0467646984722732,71.0721680096366,-0.5999999537531947,1.0590986319186758e-11,1.0000000000000024,1.0000000000000189
-0.6,1.0467646984722732,71.73039770100793,-0.5999999537699819,1.0617217221340955e-11,1.0000000000000018,1.000000000000019
-0.6,1.0467646984722732,72.39472353857458,-0.5999999537871042,1.0642514360337567e-11,1.0000000000000013,1.000000000000018
-0.6,1.0467646984722732,73.06520198134909,-0.5999999538042844,1.0666949257150849e-11,1.0000000000000007,1.000000000000018
-0.6,1.0467646984722732,73.74189001123509,-0.5999999538212653,1.0690544559007956e-11,1.0000000000000009,1.0000000000000173
-0.6,1.0467646984722732,74.42484513786997,-0.599999953837831,1.0713266816828241e-11,1.0000000000000013,1.000000000000017
-0.6,1.0467646984722732,75.11412540351232,-0.5999999538538239,1.0735079365077244e-11,1.0000000000000016,1.0000000000000167
-0.6,1.0467646984722732,75.80978938797494,-0.5999999538691582,1.0755956705797491e-11,1.0000000000000022,1.0000000000000164
-0.6,1.0467646984722732,76.51189621360336,-0.5999999538838224,1.0775904176328415e-11,1.0000000000000038,1.000000000000016
-0.6,1.0467646984722732,77.22050555030022,-0.5999999538978802,1.0794971615800282e-11,1.0000000000000047,1.0000000000000158
-0.6,1.0467646984722732,77.93567762059672,-0.5999999539114589,1.0813248429464e-11,1.000000000000006,1.000000000000015
-0.6,1.0467646984722732,78.65747320477065,-0.5999999539247385,1.0830870900440674e-11,1.0000000000000073,1.0000000000000147
-0.6,1.0467646984722732,79.38595364601184,-0.599999953937932,1.0848005028365427e-11,1.0000000000000082,1.0000000000000144
-0.6,1.0467646984722732,80.12118085563553,-0.5999999539512677,1.0864850553871424e-11,1.0000000000000089,1.0000000000000144
-0.6,1.0467646984722732,80.86321731834431,-0.599999953964968,1.0881608314904672e-11,1.0000000000000093,1.0000000000000142
-0.6,1.0467646984722732,81.61212609753805,-0.5999999539792313,1.0898477875717873e-11,1.00000000000001,1.000000000000014
-0.6,1.0467646984722732,82.36797084067375,-0.599999953994217,1.0915643677173076e-11,1.0000000000000093,1.0000000000000133
-0.6,1.0467646984722732,83.13081578467474,-0.5999999540100349,1.0933245997203659e-11,1.0000000000000095,1.0000000000000144
-0.6,1.0467646984722732,83.90072576138992,-0.5999999540267359,1.0951390038683739e-11,1.0000000000000082,1.0000000000000135
-0.6,1.0467646984722732,84.67776620310352,-0.5999999540443139,1.097012706039421e-11,1.000000000000008,1.0000000000000142
-0.6,1.0467646984722732,85.46200314809617,-0.5999999540627055,1.0989456626691153e-11,1.0000000000000069,1.000000000000014
-0.6,1.0467646984722732,86.25350324625728,-0.5999999540818016,1.1009322643667596e-11,1.000000000000006,1.0000000000000138
-0.6,1.0467646984722732,87.05233376474918,-0.5999999541014558,1.1029620493945628e-11,1.0000000000000047,1.000000000000014
-0.6,1.0467646984722732,87.85856259372419,-0.5999999541214983,1.1050204318562248e-11,1.0000000000000038,1.0000000000000135
-0.6,1.0467646984722732,88.67225825209441,-0.5999999541417513,1.1070901882593087e-11,1.0000000000000036,1.0000000000000135
-0.6,1.0467646984722732,89.49348989335462,-0.5999999541620433,1.1091527977668202e-11,1.0000000000000033,1.0000000000000142
-0.6,1.0467646984722732,90.32232731145982,-0.5999999541822217,1.1111882465195791e-11,1.0000000000000029,1.0000000000000135
-0.6,1.0467646984722732,91.15884094675663,-0.599999954202164,1.1131789618222847e-11,1.000000000000003,1.0000000000000129
-0.6,1.0467646984722732,92.0031018919696,-0.5999999542217862,1.1151087158552072e-11,1.0000000000000036,1.0000000000000129
-0.6,1.0467646984722732,92.85518189824359,-0.5999999542410481,1.1169653829835082e-11,1.0000000000000042,1.0000000000000124
-0.6,1.0467646984722732,93.71515338124135,-0.5999999542599531,1.1187402744223766e-11,1.000000000000005,1.000000000000012
-0.6,1.0467646984722732,94.58308942729796,-0.5999999542785457,1.1204295526156918e-11,1.0000000000000056,1.0000000000000115
-0.6,1.0467646984722732,95.45906379963219,-0.5999999542969078,1.1220337521297898e-11,1.0000000000000073,1.0000000000000113
-0.6,1.0467646984722732,96.34315094461576,-0.5999999543151493,1.123558048066004e-11,1.000000000000008,1.0000000000000109
-0.6,1.0467646984722732,97.23542599809973,-0.5999999543333997,1.125011204555869e-11,1.000000000000009,1.0000000000000098
-0.6,1.0467646984722732,98.13596479180039,-0.5999999543517975,1.126405387647067e-11,1.0000000000000093,1.0000000000000095
-0.6,1.0467646984722732,99.04484385974408,-0.5999999543704791,1.1277542872755009e-11,1.00000000000001,1.000000000000009
-0.6,1.0467646984722732,99.96214044477135,-0.5999999543895702,1.1290736381654461e-11,1.0000000000000095,1.0000000000000084
-0.6,1.0467646984722732,100.88793250510167,-0.5999999544091771,1.1303782717757354e-11,1.00000000000001,1.0000000000000087
-0.6,1.0467646984722732,101.82229872095873,-0.5999999544293798,1.1316825314073039e-11,1.0000000000000098,1.0000000000000082
-0.6,1.0467646984722732,102.76531850125772,-0.5999999544502285,1.1329986664991154e-11,1.0000000000000093,1.0000000000000078
-0.6,1.0467646984722732,103.71707199035326,-0.5999999544717424,1.1343362729835404e-11,1.0000000000000084,1.0000000000000078
-0.6,1.0467646984722732,104.67764007485148,-0.5999999544939087,1.1357019012783181e-11,1.0000000000000078,1.0000000000000075
-0.6,1.0467646984722732,105.64710439048359,-0.5999999545166868,1.1370983233452023e-11,1.0000000000000062,1.0000000000000075
-0.6,1.0467646984722732,106.62554732904427,-0.5999999545400131,1.138525648076142e-11,1.0000000000000056,1.0000000000000075
-0.6,1.0467646984722732,107.61305204539366,-0.599999954563805,1.1399801489895717e-11,1.0000000000000047,1.0000000000000075
-0.6,1.0467646984722732,108.60970246452491,-0.5999999545879698,1.1414557379225383e-11,1.0000000000000036,1.0000000000000075
-0.6,1.0467646984722732,109.61558328869602,-0.599999954612411,1.1429446408135667e-11,1.0000000000000027,1.0000000000000075
-0.6,1.0467646984722732,110.63078000462876,-0.5999999546370345,1.1444372504634934e-11,1.0000000000000024,1.0000000000000075
-0.6,1.0467646984722732,111.65537889077429,-0.5999999546617563,1.145924176251886e-11,1.0000000000000018,1.0000000000000075
-0.6,1.0467646984722732,112.68946702464496,-0.5999999546865066,1.1473959320682266e-11,1.0000000000000016,1.0000000000000073
-0.6,1.0467646984722732,113.73313229021528,-0.5999999547112338,1.1488445650897673e-11,1.0000000000000016,1.0000000000000078
-0.6,1.0467646984722732,114.78646338539066,-0.5999999547359073,1.1502641327235137e-11,1.000000000000002,1.0000000000000075
-0.6,1.0467646984722732,115.84954982954602,-0.5999999547605177,1.1516508974497945e-11,1.000000000000003,1.0000000000000082
-0.6,1.0467646984722732,116.92248197113297,-0.5999999547850766,1.1530041160005434e-11,1.0000000000000033,1.0000000000000082
-0.6,1.0467646984722732,118.00535099535914,-0.5999999548096148,1.1543258036764832e-11,1.0000000000000042,1.000000000000008
-0.6,1.0467646984722732,119.09824893193696,-0.5999999548341785,1.1556209814674453e-11,1.0000000000000053,1.0000000000000078
-0.6,1.0467646984722732,120.2012686629055,-0.5999999548588252,1.1568973912843275e-11,1.0000000000000064,1.0000000000000082
-0.6,1.0467646984722732,121.31450393052383,-0.5999999548836216,1.1581644941924433e-11,1.0000000000000075,1.0000000000000082
-0.6,1.0467646984722732,122.43804934523853,-0.5999999549086357,1.1594331508974918e-11,1.000000000000008,1.0000000000000078
-0.6,1.0467646984722732,123.5720003937234,-0.5999999549339348,1.1607156940579424e-11,1.000000000000009,1.0000000000000082
-0.6,1.0467646984722732,124.7164534469956,-0.5999999549595808,1.1620238775524467e-11,1.0000000000000098,1.0000000000000084
-0.6,1.0467646984722732,125.87150576860506,-0.599999954985626,1.1633687122813325e-11,1.00000000000001,1.000000000000008
-0.6,1.0467646984722732,127.03725552290106,-0.5999999550121135,1.1647594124066693e-11,1.0000000000000102,1.0000000000000084
-0.6,1.0467646984722732,128.21380178337475,-0.5999999550390718,1.1662035295536676e-11,1.00000000000001,1.000000000000008
-0.6,1.0467646984722732,129.40124454107954,-0.5999999550665173,1.1677049529026291e-11,1.0000000000000093,1.0000000000000075
-0.6,1.0467646984722732,130.59968471312828,-0.5999999550944528,1.1692649198759143e-11,1.0000000000000093,1.0000000000000082
-0.6,1.0467646984722732,131.8092241512703,-0.5999999551228697,1.170880822071385e-11,1.0000000000000082,1.0000000000000078
-0.6,1.0467646984722732,133.02996565054787,-0.5999999551517494,1.1725464934531675e-11,1.0000000000000078,1.0000000000000069
-0.6,1.0467646984722732,134.26201295803162,-0.599999955181065,1.1742524701468632e-11,1.0000000000000069,1.000000000000007
-0.6,1.0467646984722732,135.5054707816382,-0.5999999552107849,1.1759858380725686e-11,1.0000000000000062,1.000000000000007
-0.6,1.0467646984722732,136.76044479902887,-0.5999999552408745,1.1777315185124399e-11,1.0000000000000056,1.0000000000000069
-0.6,1.0467646984722732,138.02704166659132,-0.5999999552713003,1.1794717956490615e-11,1.0000000000000047,1.0000000000000067
-0.6,1.0467646984722732,139.30536902850287,-0.5999999553020305,1.1811883005062533e-11,1.000000000000004,1.0000000000000067
-0.6,1.0467646984722732,140.5955355258802,-0.5999999553330375,1.1828623191865334e-11,1.0000000000000033,1.000000000000006
-0.6,1.0467646984722732,141.8976508060113,-0.5999999553643012,1.1844740131870604e-11,1.0000000000000033,1.000000000000006
-0.6,1.0467646984722732,143.21182553167466,-0.5999999553958062,1.186006587266148e-11,1.0000000000000036,1.0000000000000058
-0.6,1.0467646984722732,144.53817139054382,-0.5999999554275465,1.1874439854175644e-11,1.0000000000000036,1.0000000000000053
-0.6,1.0467646984722732,145.87680110468003,-0.5999999554595209,1.1887731550111042e-11,1.0000000000000038,1.0000000000000049
-0.6,1.0467646984722732,147.22782844011104,-0.5999999554917375,1.1899840908012239e-11,1.0000000000000044,1.0000000000000049
-0.6,1.0467646984722732,148.59136821650102,-0.5999999555242067,1.1910702455556236e-11,1.0000000000000049,1.0000000000000042
-0.6,1.0467646984722732,149.9675363169076,-0.599999955556945,1.1920290197538044e-11,1.0000000000000058,1.000000000000004
-0.6,1.0467646984722732,151.35644969763095,-0.5999999555899703,1.1928615355432557e-11,1.0000000000000069,1.0000000000000036
-0.6,1.0467646984722732,152.75822639815343,-0.5999999556233022,1.1935729258443213e-11,1.0000000000000075,1.0000000000000033
-0.6,1.0467646984722732,154.17298555117182,-0.5999999556569585,1.1941716368321062e-11,1.0000000000000084,1.0000000000000033
-0.6,1.0467646984722732,155.60084739272125,-0.5999999556909561,1.1946693897609368e-11,1.0000000000000089,1.0000000000000022
-0.6,1.0467646984722732,157.0419332723941,-0.5999999557253071,1.1950806478323705e-11,1.00000000000001,1.0000000000000022
-0.6,1.0467646984722732,158.4963656636536,-0.5999999557600209,1.1954216285075465e-11,1.000000000000011,1.000000000000002
-0.6,1.0467646984722732,159.96426817424148,-0.5999999557951019,1.1957100459133168e-11,1.0000000000000115,1.0000000000000022
-0.6,1.0467646984722732,161.44576555668382,-0.5999999558305501,1.1959643255031771e-11,1.0000000000000113,1.0000000000000018
-0.6,1.0467646984722732,162.94098371889282,-0.5999999558663609,1.1962026347844697e-11,1.0000000000000118,1.0000000000000016
-0.6,1.0467646984722732,164.4500497348682,-0.599999955902527,1.1964423939957626e-11,1.0000000000000113,1.0000000000000013
-0.6,1.0467646984722732,165.97309185549548,-0.599999955939038,1.1966995085886165e-11,1.0000000000000115,1.0000000000000013
-0.6,1.0467646984722732,167.5102395194472,-0.5999999559758817,1.1969877620232244e-11,1.000000000000011,1.0000000000000013
-0.6,1.0467646984722732,169.06162336418203,-0.5999999560130466,1.1973183632728198e-11,1.0000000000000109,1.0000000000000016
-0.6,1.0467646984722732,170.6273752370482,-0.5999999560505209,1.1976997246994375e-11,1.0000000000000102,1.000000000000001
-0.6,1.0467646984722732,172.20762820648835,-0.5999999560882969,1.1981369600171567e-11,1.0000000000000095,1.000000000000001
-0.6,1.0467646984722732,173.80251657334924,-0.5999999561263694,1.1986320126178141e-11,1.0000000000000093,1.0000000000000018
-0.6,1.0467646984722732,175.41217588229446,-0.5999999561647368,1.1991833742143194e-11,1.0000000000000084,1.000000000000001
-0.6,1.0467646984722732,177.0367429333253,-0.5999999562034043,1.1997865672117951e-11,1.000000000000007,1.0000000000000013
-0.6,1.0467646984722732,178.67635579340572,-0.5999999562423812,1.2004339536061149e-11,1.0000000000000064,1.0000000000000013
-0.6,1.0467646984722732,180.33115380819694,-0.5999999562816822,1.2011161811702434e-11,1.000000000000006,1.0000000000000016
-0.6,1.0467646984722732,182.00127761389967,-0.5999999563213276,1.2018204433803232e-11,1.0000000000000053,1.0000000000000013
-0.6,1.0467646984722732,183.68686914920713,-0.5999999563613418,1.202533175367589e-11,1.000000000000005,1.0000000000000016
-0.6,1.0467646984722732,185.38807166736675,-0.5999999564017524,1.2032399384135963e-11,1.0000000000000047,1.0000000000000013
-0.6,1.0467646984722732,187.10502974835543,-0.599999956442589,1.2039249470125464e-11,1.0000000000000047,1.0000000000000013
-0.6,1.0467646984722732,188.83788931116757,-0.5999999564838825,1.204572917659661e-11,1.0000000000000047,1.0000000000000016
-0.6,1.0467646984722732,190.58679762621514,-0.5999999565256632,1.2051692211760604e-11,1.0000000000000047,1.000000000000001
-0.6,1.0467646984722732,192.35190332784438,-0.5999999565679593,1.2056996906324708e-11,1.0000000000000053,1.0000000000000013
-0.6,1.0467646984722732,194.13335642696757,-0.5999999566107946,1.2061519572894026e-11,1.0000000000000058,1.000000000000001
-0.6,1.0467646984722732,195.93130832381254,-0.5999999566541899,1.206515212891411e-11,1.000000000000006,1.0000000000000009
-0.6,1.0467646984722732,197.74591182078862,-0.5999999566981576,1.2067807084886623e-11,1.0000000000000064,1.000000000000001
-0.6,1.0467646984722732,199.5773211354742,-0.5999999567427056,1.2069417533111657e-11,1.0000000000000078,1.0000000000000007
-0.6,1.0467646984722732,201.42569191372198,-0.5999999567878325,1.206994071382553e-11,1.0000000000000084,1.0000000000000007
-0.6,1.0467646984722732,203.29118124288746,-0.5999999568335304,1.2069358921395501e-11,1.0000000000000093,1.0000000000000004
-0.6,1.0467646984722732,205.1739476651793,-0.5999999568797831,1.2067665702144758e-11,1.0000000000000098,1.0000000000000002
-0.6,1.0467646984722732,207.07415119113296,-0.5999999569265677,1.206488604636669e-11,1.0000000000000107,0.9999999999999997
-0.6,1.0467646984722732,208.99195331321022,-0.5999999569738542,1.2061057787311914e-11,1.0000000000000113,0.9999999999999991
-0.6,1.0467646984722732,210.92751701952352,-0.5999999570216084,1.2056239124708728e-11,1.000000000000012,0.9999999999999993
-0.6,1.0467646984722732,212.88100680768738,-0.5999999570697909,1.2050492289383972e-11,1.0000000000000122,0.9999999999999986
-0.6,1.0467646984722732,214.8525886987991,-0.5999999571183603,1.204389587255685e-11,1.0000000000000129,0.9999999999999987
-0.6,1.0467646984722732,216.84243025154836,-0.5999999571672742,1.2036527450678881e-11,1.0000000000000127,0.9999999999999982
-0.6,1.0467646984722732,218.85070057645706,-0.5999999572164909,1.2028470421410559e-11,1.0000000000000127,0.9999999999999979
-0.6,1.0467646984722732,220.87757035025237,-0.5999999572659717,1.2019807817341476e-11,1.0000000000000127,0.9999999999999973
-0.6,1.0467646984722732,222.92321183037146,-0.5999999573156817,1.2010615883856868e-11,1.0000000000000124,0.9999999999999973
-0.6,1.0467646984722732,224.9877988696007,-0.5999999573655913,1.2000964613028723e-11,1.0000000000000118,0.9999999999999972
-0.6,1.0467646984722732,227.07150693085165,-0.5999999574156794,1.199091581829399e-11,1.0000000000000113,0.999999999999997
-0.6,1.0467646984722732,229.17451310207272,-0.5999999574659316,1.1980519844777118e-11,1.0000000000000109,0.9999999999999964
-0.6,1.0467646984722732,231.29699611129922,-0.5999999575163426,1.1969815527856207e-11,1.0000000000000102,0.9999999999999967
-0.6,1.0467646984722732,233.4391363418438,-0.5999999575669172,1.1958829964709207e-11,1.0000000000000093,0.999999999999996
-0.6,1.0467646984722732,235.60111584762504,-0.5999999576176692,1.1947575539740546e-11,1.000000000000008,0.9999999999999959
-0.6,1.0467646984722732,237.78311836864148,-0.5999999576686212,1.193605678875874e-11,1.0000000000000075,0.9999999999999962
-0.6,1.0467646984722732,239.98532934658564,-0.5999999577198054,1.1924265712234439e-11,1.0000000000000067,0.9999999999999961
-0.6,1.0467646984722732,242.20793594060487,-0.5999999577712616,1.1912183113671445e-11,1.0000000000000053,0.9999999999999958
-0.6,1.0467646984722732,244.4511270432073,-0.5999999578230356,1.1899787655839797e-11,1.0000000000000053,0.9999999999999958
-0.6,1.0467646984722732,246.71509329631496,-0.5999999578751789,1.1887048073666026e-11,1.0000000000000044,0.9999999999999957
-0.6,1.0467646984722732,249.00002710746668,-0.599999957927747,1.1873931312628713e-11,1.0000000000000038,0.9999999999999956
-0.6,1.0467646984722732,251.3061226661696,-0.5999999579807971,1.1860404288520283e-11,1.0000000000000033,0.9999999999999953
-0.6,1.0467646984722732,253.6335759604023,-0.5999999580343861,1.1846439845310322e-11,1.0000000000000029,0.9999999999999959
-0.6,1.0467646984722732,255.98258479327197,-0.59999995808857,1.1832007277801009e-11,1.0000000000000027,0.9999999999999957
-0.6,1.0467646984722732,258.3533487998248,-0.599999958143401,1.1817086175303414e-11,1.0000000000000022,0.9999999999999956
-0.6,1.0467646984722732,260.7460694640121,-0.599999958198926,1.1801665309404135e-11,1.0000000000000022,0.9999999999999954
-0.6,1.0467646984722732,263.1609501358149,-0.5999999582551856,1.1785742056770536e-11,1.0000000000000024,0.999999999999996
-0.6,1.0467646984722732,265.59819604852424,-0.5999999583122124,1.1769322731051864e-11,1.0000000000000024,0.9999999999999957
-0.6,1.0467646984722732,268.0580143361851,-0.5999999583700297,1.175242803203596e-11,1.000000000000003,0.9999999999999959
-0.6,1.0467646984722732,270.5406140511989,-0.5999999584286517,1.1735088241727507e-11,1.0000000000000036,0.9999999999999963
-0.6,1.0467646984722732,273.0462061820903,-0.599999958488082,1.1717346066245833e-11,1.000000000000004,0.9999999999999958
-0.6,1.0467646984722732,275.57500367143905,-0.5999999585483136,1.169925840667832e-11,1.0000000000000047,0.9999999999999962
-0.6,1.0467646984722732,278.1272214339776,-0.5999999586093298,1.16808844807001e-11,1.0000000000000049,0.9999999999999962
-0.6,1.0467646984722732,280.7030763748543,-0.5999999586711043,1.1662300016227367e-11,1.0000000000000058,0.9999999999999963
-0.6,1.0467646984722732,283.30278740807006,-0.5999999587336009,1.1643587098673235e-11,1.0000000000000067,0.9999999999999963
-0.6,1.0467646984722732,285.9265754750807,-0.599999958796777,1.1624828595661274e-11,1.0000000000000075,0.9999999999999966
-0.6,1.0467646984722732,288.57466356357577,-0.5999999588605819,1.1606114575207115e-11,1.000000000000008,0.9999999999999963
-0.6,1.0467646984722732,291.24727672642865,-0.5999999589249608,1.1587536565401166e-11,1.0000000000000087,0.9999999999999967
-0.6,1.0467646984722732,293.94464210082356,-0.5999999589898547,1.1569180979441638e-11,1.0000000000000093,0.9999999999999967
-0.6,1.0467646984722732,296.6669889275594,-0.5999999590552033,1.155113174625857e-11,1.0000000000000098,0.999999999999997
-0.6,1.0467646984722732,299.4145485705322,-0.5999999591209462,1.1533470392153702e-11,1.0000000000000104,0.9999999999999967
-0.6,1.0467646984722732,302.18755453639716,-0.5999999591870242,1.1516263229248429e-11,1.0000000000000102,0.9999999999999973
-0.6,1.0467646984722732,304.9862424944146,-0.5999999592533828,1.1499572187079142e-11,1.0000000000000107,0.9999999999999971
-0.6,1.0467646984722732,307.81085029647846,-0.5999999593199706,1.148344358131057e-11,1.0000000000000109,0.999999999999997
-0.6,1.0467646984722732,310.6616179973303,-0.5999999593867451,1.1467910986847875e-11,1.0000000000000107,0.999999999999997
-0.6,1.0467646984722732,313.5387878749621,-0.5999999594536699,1.1452992333694495e-11,1.0000000000000104,0.9999999999999967
-0.6,1.0467646984722732,316.44260445120455,-0.5999999595207188,1.1438690440709582e-11,1.0000000000000107,0.9999999999999973
-0.6,1.0467646984722732,319.3733145125105,-0.5999999595878741,1.1424991373724794e-11,1.00000000000001,0.9999999999999972
-0.6,1.0467646984722732,322.3311671309267,-0.5999999596551303,1.141186510712801e-11,1.0000000000000095,0.9999999999999974
-0.6,1.0467646984722732,325.31641368526283,-0.5999999597224911,1.1399265178954047e-11,1.000000000000009,0.9999999999999973
-0.6,1.0467646984722732,328.32930788245454,-0.5999999597899718,1.138712877068761e-11,1.0000000000000089,0.9999999999999972
-0.6,1.0467646984722732,331.37010577912685,-0.5999999598575978,1.1375382903410583e-11,1.0000000000000082,0.9999999999999971
-0.6,1.0467646984722732,334.4390658033531,-0.5999999599254048,1.1363933700886732e-11,1.0000000000000078,0.9999999999999973
-0.6,1.0467646984722732,337.53644877662083,-0.5999999599934378,1.135268390463682e-11,1.000000000000007,0.999999999999997
-0.6,1.0467646984722732,340.66251793599554,-0.5999999600617504,1.1341522248161384e-11,1.0000000000000064,0.9999999999999972
-0.6,1.0467646984722732,343.81753895649405,-0.5999999601304027,1.1330331983382677e-11,1.0000000000000056,0.9999999999999971
-0.6,1.0467646984722732,347.00177997366285,-0.599999960199461,1.1318988734933862e-11,1.0000000000000049,0.9999999999999969
-0.6,1.0467646984722732,350.2155116063659,-0.5999999602689959,1.1307370344989513e-11,1.0000000000000047,0.999999999999997
-0.6,1.0467646984722732,353.4590069797847,-0.5999999603390804,1.1295348683337787e-11,1.0000000000000038,0.9999999999999971
-0.6,1.0467646984722732,356.73254174862967,-0.5999999604097891,1.1282803499484678e-11,1.0000000000000036,0.999999999999997
-0.6,1.0467646984722732,360.0363941205664,-0.5999999604811954,1.1269614574362593e-11,1.000000000000003,0.9999999999999967
-0.6,1.0467646984722732,363.37084487986095,-0.5999999605533713,1.1255671209935131e-11,1.0000000000000027,0.9999999999999966
-0.6,1.0467646984722732,366.73617741124224,-0.5999999606263843,1.1240875083418109e-11,1.0000000000000024,0.9999999999999968
-0.6,1.0467646984722732,370.13267772398575,-0.5999999607002966,1.1225133725151525e-11,1.0000000000000027,0.9999999999999967
-0.6,1.0467646984722732,373.5606344762222,-0.5999999607751644,1.1208370047381187e-11,1.0000000000000024,0.9999999999999964
-0.6,1.0467646984722732,377.02033899946696,-0.5999999608510357,1.119052256059888e-11,1.0000000000000022,0.999999999999996
-0.6,1.0467646984722732,380.5120853233824,-0.5999999609279496,1.1171546219231404e-11,1.0000000000000024,0.9999999999999966
-0.6,1.0467646984722732,384.03617020076405,-0.5999999610059354,1.1151411824787775e-11,1.0000000000000024,0.9999999999999963
-0.6,1.0467646984722732,387.5928931327621,-0.5999999610850127,1.1130108498381448e-11,1.0000000000000027,0.9999999999999963
-0.6,1.0467646984722732,391.18255639433437,-0.5999999611651902,1.1107643104827008e-11,1.0000000000000029,0.999999999999996
-0.6,1.0467646984722732,394.8054650599374,-0.5999999612464654,1.1084040600123164e-11,1.0000000000000036,0.9999999999999963
-0.6,1.0467646984722732,398.4619270294508,-0.5999999613288258,1.1059343100007957e-11,1.000000000000004,0.9999999999999961
-0.6,1.0467646984722732,402.15225305434814,-0.599999961412248,1.1033611675269055e-11,1.0000000000000044,0.9999999999999962
-0.6,1.0467646984722732,405.87675676410373,-0.599999961496699,1.1006920846140423e-11,1.000000000000005,0.9999999999999962
-0.6,1.0467646984722732,409.6357546928489,-0.5999999615821363,1.0979363702634022e-11,1.000000000000005,0.9999999999999959
-0.6,1.0467646984722732,413.4295663062725,-0.5999999616685097,1.0951041446337451e-11,1.0000000000000062,0.9999999999999961
-0.6,1.0467646984722732,417.25851402877123,-0.5999999617557615,1.0922074466419331e-11,1.0000000000000064,0.9999999999999958
-0.6,1.0467646984722732,421.12292327085265,-0.5999999618438276,1.089258633705321e-11,1.0000000000000073,0.9999999999999963
-0.6,1.0467646984722732,425.02312245678996,-0.5999999619326404,1.086271078237352e-11,1.0000000000000078,0.9999999999999961
-0.6,1.0467646984722732,428.95944305253283,-0.599999962022128,1.0832590462281432e-11,1.0000000000000084,0.9999999999999958
-0.6,1.0467646984722732,432.9322195938791,-0.5999999621122167,1.0802369984708237e-11,1.0000000000000089,0.999999999999996
-0.6,1.0467646984722732,436.9417897149054,-0.5999999622028327,1.0772191926803095e-11,1.0000000000000089,0.9999999999999962
-0.6,1.0467646984722732,440.98849417666133,-0.5999999622939038,1.0742204681969005e-11,1.0000000000000095,0.9999999999999961
-0.6,1.0467646984722732,445.0726768961314,-0.5999999623853604,1.0712548742117341e-11,1.0000000000000098,0.9999999999999968
-0.6,1.0467646984722732,449.19468497546023,-0.5999999624771349,1.068336120867895e-11,1.0000000000000102,0.9999999999999964
-0.6,1.0467646984722732,453.3548687314555,-0.5999999625691679,1.0654775057908157e-11,1.0000000000000102,0.9999999999999964
-0.6,1.0467646984722732,457.55358172535705,-0.5999999626614043,1.062690652142113e-11,1.0000000000000102,0.9999999999999963
-0.6,1.0467646984722732,461.7911807928867,-0.5999999627537969,1.0599869209521758e-11,1.0000000000000104,0.9999999999999967
-0.6,1.0467646984722732,466.0680260745743,-0.599999962846308,1.0573761207147094e-11,1.0000000000000102,0.9999999999999968
-0.6,1.0467646984722732,470.3844810463644,-0.5999999629389071,1.0548668008841367e-11,1.0000000000000102,0.9999999999999968
-0.6,1.0467646984722732,474.7409125505084,-0.5999999630315759,1.0524658434569941e-11,1.0000000000000102,0.999999999999997
-0.6,1.0467646984722732,479.1376908267404,-0.5999999631243043,1.050178759933672e-11,1.0000000000000098,0.9999999999999969
-0.6,1.0467646984722732,483.57518954374194,-0.5999999632170936,1.0480093558034906e-11,1.0000000000000095,0.9999999999999971
-0.6,1.0467646984722732,488.0537858309,-0.5999999633099559,1.0459597438119306e-11,1.0000000000000089,0.9999999999999972
-0.6,1.0467646984722732,492.5738603103579,-0.5999999634029121,1.0440304145330812e-11,1.0000000000000084,0.9999999999999977
-0.6,1.0467646984722732,497.1357971293627,-0.5999999634959954,1.0422200300921364e-11,1.000000000000008,0.9999999999999976
-0.6,1.0467646984722732,501.7399839929145,-0.5999999635892472,1.0405257289911457e-11,1.0000000000000075,0.9999999999999974
-0.6,1.0467646984722732,506.3868121967132,-0.599999963682718,1.0389429429721941e-11,1.000000000000007,0.9999999999999974
-0.6,1.0467646984722732,511.0766766604169,-0.5999999637764671,1.0374654914852534e-11,1.0000000000000069,0.9999999999999977
-0.6,1.0467646984722732,515.809975961202,-0.5999999638705605,1.0360858208952857e-11,1.0000000000000062,0.9999999999999981
-0.6,1.0467646984722732,520.5871123676386,-0.5999999639650716,1.0347949882829394e-11,1.0000000000000058,0.999999999999998
-0.6,1.0467646984722732,525.4084918738774,-0.5999999640600777,1.0335827449286285e-11,1.000000000000005,0.9999999999999979
-0.6,1.0467646984722732,530.2745242341559,-0.5999999641556619,1.0324378214216398e-11,1.0000000000000042,0.9999999999999977
-0.6,1.0467646984722732,535.1856229976182,-0.5999999642519085,1.0313480042209931e-11,1.000000000000004,0.9999999999999977
-0.6,1.0467646984722732,540.1422055434659,-0.5999999643489043,1.0302999558215198e-11,1.0000000000000029,0.9999999999999981
-0.6,1.0467646984722732,545.1446931164259,-0.5999999644467372,1.0292802062105817e-11,1.0000000000000029,0.9999999999999981
-0.6,1.0467646984722732,550.1935108625528,-0.5999999645454926,1.0282744843287938e-11,1.000000000000002,0.9999999999999983
-0.6,1.0467646984722732,555.2890878653604,-0.5999999646452554,1.0272678581909199e-11,1.0000000000000022,0.9999999999999981
-0.6,1.0467646984722732,560.4318571822878,-0.5999999647461056,1.0262459836449825e-11,1.000000000000002,0.9999999999999983
-0.6,1.0467646984722732,565.6222558815047,-0.5999999648481203,1.0251942387662002e-11,1.0000000000000016,0.9999999999999987
-0.6,1.0467646984722732,570.8607250790558,-0.59999996495137,1.0240978355547932e-11,1.000000000000001,0.9999999999999983
-0.6,1.0467646984722732,576.1477099763489,-0.5999999650559195,1.0229426364760999e-11,1.000000000000001,0.9999999999999981
-0.6,1.0467646984722732,581.4836598979924,-0.5999999651618253,1.021715152003314e-11,1.0000000000000007,0.999999999999998
-0.6,1.0467646984722732,586.8690283299819,-0.5999999652691368,1.0204020885711651e-11,1.0000000000000009,0.9999999999999982
-0.6,1.0467646984722732,592.3042729582397,-0.599999965377894,1.018991261768272e-11,1.0000000000000009,0.9999999999999983
-0.6,1.0467646984722732,597.7898557075149,-0.5999999654881276,1.0174711347802845e-11,1.0000000000000009,0.999999999999998
-0.6,1.0467646984722732,603.3262427806361,-0.5999999655998592,1.015831284861889e-11,1.000000000000001,0.9999999999999982
-0.6,1.0467646984722732,608.913904698138,-0.5999999657130995,1.0140622981991361e-11,1.0000000000000009,0.9999999999999979
-0.6,1.0467646984722732,614.5533163382452,-0.5999999658278503,1.0121559246702028e-11,1.0000000000000016,0.9999999999999978
-0.6,1.0467646984722732,620.2449569772324,-0.5999999659441025,1.0101051146994974e-11,1.0000000000000018,0.9999999999999978
-0.6,1.0467646984722732,625.9893103301563,-0.5999999660618374,1.0079041195958856e-11,1.0000000000000022,0.9999999999999977
-0.6,1.0467646984722732,631.7868645919671,-0.5999999661810264,1.0055483993524146e-11,1.0000000000000022,0.9999999999999972
-0.6,1.0467646984722732,637.638112478994,-0.5999999663016325,1.0030346955391544e-11,1.0000000000000029,0.9999999999999978
-0.6,1.0467646984722732,643.5435512708254,-0.5999999664236086,1.0003614206730255e-11,1.000000000000003,0.9999999999999973
-0.6,1.0467646984722732,649.5036828525664,-0.5999999665469014,9.975277272031786e-12,1.0000000000000036,0.9999999999999978
-0.6,1.0467646984722732,655.5190137574945,-0.5999999666714482,9.945345144198409e-12,1.000000000000004,0.999999999999997
-0.6,1.0467646984722732,661.5900552101086,-0.5999999667971799,9.913836326126536e-12,1.0000000000000049,0.9999999999999972
-0.6,1.0467646984722732,667.7173231695753,-0.599999966924023,9.88078512235868e-12,1.0000000000000047,0.9999999999999969
-0.6,1.0467646984722732,673.9013383735801,-0.5999999670518975,9.84623281989237e-12,1.0000000000000056,0.9999999999999969
-0.6,1.0467646984722732,680.1426263825831,-0.5999999671807207,9.81023454599297e-12,1.000000000000006,0.9999999999999962
-0.6,1.0467646984722732,686.4417176244827,-0.599999967310406,9.772853968670463e-12,1.0000000000000062,0.9999999999999968
-0.6,1.0467646984722732,692.7991474396972,-0.5999999674408645,9.734167192095973e-12,1.0000000000000064,0.999999999999997
-0.6,1.0467646984722732,699.215456126661,-0.5999999675720081,9.694252922914884e-12,1.0000000000000078,0.9999999999999964
-0.6,1.0467646984722732,705.6911889877423,-0.599999967703747,9.653203590409946e-12,1.0000000000000075,0.9999999999999969
-0.6,1.0467646984722732,712.2268963755895,-0.5999999678359934,9.6111116403985e-12,1.0000000000000082,0.9999999999999963
-0.6,1.0467646984722732,718.8231337398989,-0.5999999679686605,9.568078907192268e-12,1.0000000000000082,0.9999999999999964
-0.6,1.0467646984722732,725.4804616746267,-0.599999968101666,9.524212526971775e-12,1.0000000000000087,0.9999999999999963
-0.6,1.0467646984722732,732.1994459656265,-0.5999999682349298,9.479622069624316e-12,1.0000000000000089,0.999999999999996
-0.6,1.0467646984722732,738.9806576387373,-0.599999968368378,9.434414838065896e-12,1.000000000000009,0.9999999999999964
-0.6,1.0467646984722732,745.8246730083114,-0.5999999685019407,9.388707461942504e-12,1.0000000000000093,0.9999999999999963
-0.6,1.0467646984722732,752.7320737261965,-0.5999999686355552,9.342609268000116e-12,1.0000000000000093,0.9999999999999961
-0.6,1.0467646984722732,759.7034468311634,-0.5999999687691654,9.296233558215269e-12,1.0000000000000095,0.9999999999999964
-0.6,1.0467646984722732,766.7393847988028,-0.5999999689027226,9.249689862639665e-12,1.0000000000000093,0.999999999999996
-0.6,1.0467646984722732,773.8404855918722,-0.5999999690361848,9.203086942472438e-12,1.0000000000000093,0.999999999999996
-0.6,1.0467646984722732,781.0073527111184,-0.5999999691695191,9.156527750194132e-12,1.000000000000009,0.9999999999999963
-0.6,1.0467646984722732,788.2405952465664,-0.5999999693027014,9.110112865872423e-12,1.000000000000009,0.9999999999999962
-0.6,1.0467646984722732,795.5408279292831,-0.5999999694357152,9.063937395153207e-12,1.000000000000009,0.9999999999999962
-0.6,1.0467646984722732,802.9086711836236,-0.5999999695685533,9.018091257235239e-12,1.000000000000009,0.9999999999999963
-0.6,1.0467646984722732,810.3447511799583,-0.5999999697012166,8.972657853031333e-12,1.0000000000000087,0.9999999999999962
-0.6,1.0467646984722732,817.8496998878867,-0.5999999698337157,8.92771497857063e-12,1.0000000000000082,0.9999999999999962
-0.6,1.0467646984722732,825.4241551299497,-0.5999999699660686,8.883331722258135e-12,1.0000000000000082,0.9999999999999963
-0.6,1.0467646984722732,833.0687606358348,-0.5999999700983019,8.839572025340897e-12,1.0000000000000078,0.9999999999999966
-0.6,1.0467646984722732,840.7841660970844,-0.5999999702304506,8.796490455559237e-12,1.000000000000007,0.9999999999999961
-0.6,1.0467646984722732,848.5710272223139,-0.599999970362556,8.754135057155117e-12,1.0000000000000073,0.9999999999999964
-0.6,1.0467646984722732,856.4300057929329,-0.599999970494668,8.712544777068525e-12,1.0000000000000062,0.9999999999999964
-0.6,1.0467646984722732,864.3617697193946,-0.5999999706268417,8.671751509753184e-12,1.000000000000006,0.9999999999999967
-0.6,1.0467646984722732,872.3669930979535,-0.5999999707591387,8.631779496912254e-12,1.000000000000006,0.9999999999999968
-0.6,1.0467646984722732,880.4463562679581,-0.5999999708916265,8.592644577283583e-12,1.0000000000000053,0.9999999999999966
-0.6,1.0467646984722732,888.6005458696701,-0.5999999710243763,8.554355523746476e-12,1.0000000000000049,0.9999999999999969
-0.6,1.0467646984722732,896.8302549026189,-0.5999999711574636,8.516911664708364e-12,1.0000000000000044,0.9999999999999968
-0.6,1.0467646984722732,905.1361827845002,-0.5999999712909678,8.480307836079568e-12,1.000000000000004,0.9999999999999969
-0.6,1.0467646984722732,913.5190354106156,-0.5999999714249706,8.444531244554478e-12,1.0000000000000033,0.9999999999999967
-0.6,1.0467646984722732,921.9795252138629,-0.5999999715595554,8.409561320727012e-12,1.000000000000003,0.9999999999999973
-0.6,1.0467646984722732,930.5183712252855,-0.5999999716948062,8.375372282307819e-12,1.0000000000000027,0.9999999999999974
-0.6,1.0467646984722732,939.1362991351807,-0.5999999718308088,8.34193376388886e-12,1.0000000000000022,0.9999999999999971
-0.6,1.0467646984722732,947.8340413547725,-0.5999999719676475,8.309206605874368e-12,1.000000000000002,0.9999999999999972
-0.6,1.0467646984722732,956.6123370784595,-0.5999999721054055,8.27715239342737e-12,1.0000000000000016,0.9999999999999974
-0.6,1.0467646984722732,965.4719323466358,-0.5999999722441647,8.245723575783739e-12,1.0000000000000016,0.9999999999999976
-0.6,1.0467646984722732,974.4135801090915,-0.5999999723840045,8.214870561344858e-12,1.0000000000000009,0.9999999999999976
-0.6,1.0467646984722732,983.4380402890077,-0.5999999725250018,8.184541375385377e-12,1.0000000000000007,0.9999999999999977
-0.6,1.0467646984722732,992.5460798475383,-0.5999999726672285,8.154680448442491e-12,1.0000000000000009,0.9999999999999979
-0.6,1.0467646984722732,1001.7384728489908,-0.5999999728107533,8.12523011703053e-12,1.0000000000000004,0.999999999999998
-0.6,1.0467646984722732,1011.0160005266158,-0.5999999729556403,8.096132661940753e-12,1.0000000000000004,0.999999999999998
-0.6,1.0467646984722732,1020.3794513489946,-0.5999999731019474,8.067326570511382e-12,1.0,0.9999999999999978
-0.6,1.0467646984722732,1029.8296210870567,-0.5999999732497282,8.038752135409393e-12,0.9999999999999999,0.999999999999998
-0.6,1.0467646984722732,1039.3673128817031,-0.5999999733990297,8.01034929333956e-12,0.9999999999999999,0.9999999999999982
-0.6,1.0467646984722732,1048.993337312066,-0.5999999735498924,7.98205656243814e-12,0.9999999999999997,0.9999999999999983
-0.6,1.0467646984722732,1058.7085124643972,-0.599999973702351,7.953815384745781e-12,1.0,0.9999999999999981
-0.6,1.0467646984722732,1068.5136640015942,-0.5999999738564329,7.925567757810583e-12,1.0000000000000002,0.9999999999999981
-0.6,1.0467646984722732,1078.4096252333723,-0.599999974012159,7.897257387759102e-12,1.0000000000000002,0.9999999999999986
-0.6,1.0467646984722732,1088.3972371870843,-0.599999974169543,7.86883020787735e-12,1.0,0.999999999999998
-0.6,1.0467646984722732,1098.4773486791944,-0.5999999743285923,7.840234603124311e-12,1.0000000000000002,0.9999999999999981
-0.6,1.0467646984722732,1108.650816387419,-0.5999999744893064,7.811421852655906e-12,1.0000000000000004,0.9999999999999984
-0.6,1.0467646984722732,1118.9185049235327,-0.5999999746516785,7.782345860455673e-12,1.0000000000000007,0.9999999999999983
-0.6,1.0467646984722732,1129.2812869068487,-0.5999999748156951,7.752964162687473e-12,1.000000000000001,0.9999999999999984
-0.6,1.0467646984722732,1139.740043038382,-0.5999999749813357,7.723237976152204e-12,1.0000000000000013,0.9999999999999983
-0.6,1.0467646984722732,1150.2956621756925,-0.5999999751485738,7.693131845775658e-12,1.0000000000000018,0.9999999999999984
-0.6,1.0467646984722732,1160.9490414084332,-0.5999999753173769,7.66261531219254e-12,1.0000000000000018,0.9999999999999988
-0.6,1.0467646984722732,1171.7010861345848,-0.5999999754877063,7.631659755672955e-12,1.000000000000002,0.9999999999999987
-0.6,1.0467646984722732,1182.5527101374053,-0.599999975659518,7.600243335559913e-12,1.0000000000000027,0.9999999999999986
-0.6,1.0467646984722732,1193.5048356630894,-0.5999999758327633,7.568346108092904e-12,1.000000000000003,0.9999999999999989
-0.6,1.0467646984722732,1204.55839349915,-0.5999999760073879,7.535952323376239e-12,1.000000000000003,0.9999999999999988
-0.6,1.0467646984722732,1215.7143230535173,-0.5999999761833336,7.503053695720785e-12,1.0000000000000036,0.9999999999999987
-0.6,1.0467646984722732,1226.9735724343827,-0.5999999763605386,7.46964112188847e-12,1.0000000000000038,0.9999999999999984
-0.6,1.0467646984722732,1238.33709853077,-0.5999999765389373,7.435713523562905e-12,1.0000000000000044,0.9999999999999986
-0.6,1.0467646984722732,1249.8058670938608,-0.5999999767184618,7.40127109774767e-12,1.0000000000000047,0.9999999999999986
-0.6,1.0467646984722732,1261.3808528190714,-0.5999999768990413,7.366320880569489e-12,1.000000000000005,0.9999999999999987
-0.6,1.0467646984722732,1273.0630394288874,-0.599999977080602,7.330870025160366e-12,1.0000000000000053,0.9999999999999984
-0.6,1.0467646984722732,1284.8534197564702,-0.5999999772630711,7.294932838436656e-12,1.0000000000000058,0.9999999999999984
-0.6,1.0467646984722732,1296.7529958300336,-0.5999999774463723,7.258523493053165e-12,1.0000000000000062,0.9999999999999984
-0.6,1.0467646984722732,1308.7627789579997,-0.5999999776304302,7.221664255575214e-12,1.0000000000000067,0.9999999999999984
-0.6,1.0467646984722732,1320.883789814951,-0.5999999778151696,7.18437375126381e-12,1.000000000000007,0.9999999999999987
-0.6,1.0467646984722732,1333.1170585283726,-0.5999999780005145,7.146680061332537e-12,1.0000000000000073,0.9999999999999986
-0.6,1.0467646984722732,1345.4636247661995,-0.5999999781863916,7.108609636636683e-12,1.0000000000000078,0.9999999999999983
-0.6,1.0467646984722732,1357.924537825179,-0.5999999783727277,7.070191908955109e-12,1.000000000000008,0.9999999999999984
-0.6,1.0467646984722732,1370.500856720038,-0.5999999785594516,7.0314601157838994e-12,1.000000000000008,0.9999999999999986
-0.6,1.0467646984722732,1383.1936502734964,-0.5999999787464952,6.9924477250727895e-12,1.0000000000000084,0.9999999999999984
-0.6,1.0467646984722732,1396.0039972070938,-0.5999999789337921,6.9531906036112154e-12,1.0000000000000084,0.9999999999999988
-0.6,1.0467646984722732,1408.9329862328714,-0.5999999791212792,6.913726045780488e-12,1.000000000000009,0.9999999999999984
-0.6,1.0467646984722732,1421.9817161458968,-0.5999999793088977,6.874090946035234e-12,1.000000000000009,0.9999999999999982
-0.6,1.0467646984722732,1435.1512959176512,-0.5999999794965912,6.83432527494078e-12,1.000000000000009,0.9999999999999981
-0.6,1.0467646984722732,1448.4428447902692,-0.5999999796843081,6.794467859845889e-12,1.0000000000000095,0.9999999999999982
-0.6,1.0467646984722732,1461.8574923716699,-0.5999999798720003,6.7545587536581206e-12,1.0000000000000095,0.9999999999999984
-0.6,1.0467646984722732,1475.3963787315492,-0.5999999800596253,6.7146377354256855e-12,1.0000000000000095,0.9999999999999982
-0.6,1.0467646984722732,1489.0606544982772,-0.5999999802471447,6.674744602880609e-12,1.0000000000000093,0.9999999999999988
-0.6,1.0467646984722732,1502.8514809566846,-0.5999999804345252,6.634919263430213e-12,1.00000000000001,0.9999999999999984
-0.6,1.0467646984722732,1516.7700301467542,-0.5999999806217383,6.595199536951318e-12,1.0000000000000098,0.9999999999999983
-0.6,1.0467646984722732,1530.8174849632353,-0.5999999808087607,6.555624255893087e-12,1.0000000000000095,0.9999999999999984
-0.6,1.0467646984722732,1544.9950392561707,-0.5999999809955745,6.516230131717192e-12,1.0000000000000095,0.9999999999999984
-0.6,1.0467646984722732,1559.3038979323546,-0.5999999811821669,6.477053177567388e-12,1.0000000000000095,0.9999999999999984
-0.6,1.0467646984722732,1573.7452770577393,-0.5999999813685309,6.438127791859804e-12,1.0000000000000095,0.999999999999998
-0.6,1.0467646984722732,1588.3204039607824,-0.5999999815546643,6.399487011443283e-12,1.0000000000000093,0.9999999999999983
-0.6,1.0467646984722732,1603.0305173367537,-0.5999999817405705,6.361162170155022e-12,1.0000000000000093,0.9999999999999984
-0.6,1.0467646984722732,1617.8768673530133,-0.5999999819262575,6.323182750639875e-12,1.000000000000009,0.9999999999999983
-0.6,1.0467646984722732,1632.8607157552478,-0.5999999821117394,6.285576461258474e-12,1.0000000000000089,0.9999999999999986
-0.6,1.0467646984722732,1647.9833359747165,-0.5999999822970351,6.24836866215682e-12,1.0000000000000084,0.9999999999999982
-0.6,1.0467646984722732,1663.2460132364645,-0.5999999824821676,6.211582719051629e-12,1.0000000000000087,0.9999999999999986
-0.6,1.0467646984722732,1678.6500446685554,-0.5999999826671656,6.175240636062078e-12,1.0000000000000082,0.9999999999999983
-0.6,1.0467646984722732,1694.1967394123092,-0.5999999828520617,6.139360659031098e-12,1.0000000000000082,0.9999999999999984
-0.6,1.0467646984722732,1709.8874187335668,-0.5999999830368934,6.103958986361001e-12,1.0000000000000078,0.9999999999999987
-0.6,1.0467646984722732,1725.7234161349695,-0.5999999832217014,6.069050315202388e-12,1.0000000000000078,0.9999999999999987
-0.6,1.0467646984722732,1741.706077469303,-0.5999999834065318,6.0346465282581234e-12,1.000000000000007,0.9999999999999988
-0.6,1.0467646984722732,1757.8367610538646,-0.5999999835914329,6.000755924659641e-12,1.0000000000000073,0.9999999999999983
-0.6,1.0467646984722732,1774.1168377859105,-0.5999999837764568,5.967386422251098e-12,1.0000000000000069,0.9999999999999982
-0.6,1.0467646984722732,1790.547691259161,-0.5999999839616593,5.934542493869673e-12,1.0000000000000067,0.9999999999999983
-0.6,1.0467646984722732,1807.1307178813868,-0.5999999841470982,5.902224939210977e-12,1.0000000000000062,0.9999999999999988
-0.6,1.0467646984722732,1823.867326993091,-0.5999999843328344,5.870435101457794e-12,1.0000000000000058,0.9999999999999987
-0.6,1.0467646984722732,1840.7589409872808,-0.5999999845189308,5.8391683551117475e-12,1.000000000000006,0.9999999999999987
-0.6,1.0467646984722732,1857.8069954303487,-0.5999999847054516,5.808420338401416e-12,1.0000000000000056,0.9999999999999986
-0.6,1.0467646984722732,1875.012939184082,-0.5999999848924633,5.7781830568928e-12,1.0000000000000049,0.9999999999999988
-0.6,1.0467646984722732,1892.378234528796,-0.5999999850800339,5.748448498247181e-12,1.000000000000005,0.9999999999999988
-0.6,1.0467646984722732,1909.9043572876058,-0.5999999852682313,5.7192039212363726e-12,1.0000000000000044,0.999999999999999
-0.6,1.0467646984722732,1927.592796951861,-0.5999999854571247,5.690435423870864e-12,1.000000000000004,0.999999999999999
-0.6,1.0467646984722732,1945.4450568077177,-0.5999999856467835,5.6621274284634924e-12,1.000000000000004,0.9999999999999987
-0.6,1.0467646984722732,1963.4626540639163,-0.5999999858372773,5.634261581145249e-12,1.0000000000000036,0.9999999999999989
-0.6,1.0467646984722732,1981.6471199807077,-0.5999999860286747,5.606820537655752e-12,1.000000000000003,0.9999999999999987
-0.6,1.0467646984722732,2000.0,-0.5999999862210439,5.5797807300169606e-12,1.000000000000003,0.9999999999999987
-0.532,1.048021584018541,0.0,0.0,0.0,0.0,1.048021584018541
-0.532,1.048021584018541,0.05,-0.0011649231062528798,0.022913761487855417,0.02929962464535546,1.0473012675832214
-0.532,1.048021584018541,0.1,-0.004508166319325696,0.043589791015648936,0.0584875051841286,1.0465809860605833
-0.532,1.048021584018541,0.15000000000000002,-0.009812895619436124,0.06216608983079758,0.08746469222906743,1.0458608256604855
-0.532,1.048021584018541,0.2,-0.016875839028771288,0.07877586523716618,0.1161450542339965,1.0451409234133207
-0.532,1.048021584018541,0.25,-0.02550679837046599,0.09354736222503071,0.1444541109824765,1.044421461768249
-0.532,1.048021584018541,0.30000000000000004,-0.03552814670583298,0.10660374415220049,0.17232795614321042,1.0437026634400985
-0.532,1.048021584018541,0.35000000000000003,-0.046774316013771924,0.11806301716836379,0.1997122622786985,1.0429847864839479
-0.532,1.048021584018541,0.4,-0.059091279359856315,0.12803799346305308,0.22656136236775606,1.0422681195841088
-0.532,1.048021584018541,0.45,-0.07233603108670417,0.13663628879137588,0.2528374024651568,1.0415529775501733
-0.532,1.048021584018541,0.5,-0.08637606833785952,0.1439603500885539,0.2785095605948407,1.0408396970173375
-0.532,1.048021584018541,0.55,-0.10108887663563479,0.15010750932294942,0.30355332737449703,1.0401286323514678
-0.532,1.048021584018541,0.6000000000000001,-0.11636142207900646,0.15517006005719888,0.3279498442129746,1.0394201517615136
-0.532,1.048021584018541,0.65,-0.13208965210746929,0.15923535348813483,0.35168529521922137,1.0387146336231856
-0.532,1.048021584018541,0.7000000000000001,-0.14817800680444673,0.16238591101876665,0.37475034922144057,1.038012463018318
-0.532,1.048021584018541,0.75,-0.16453894212421666,0.16469955068018458,0.3971396485250916,1.0373140284942588
-0.532,1.048021584018541,0.8,-0.18109246634049875,0.1662495249685193,0.41885134124421136,1.0366197190471083
-0.532,1.048021584018541,0.8500000000000001,-0.19776569080767623,0.16710466789285308,0.43988665422686823,1.0359299213316595
-0.532,1.048021584018541,0.9,-0.21449239576171386,0.16732954924498125,0.460249503766149,1.0352450170997547
-0.532,1.048021584018541,0.9500000000000001,-0.23121261182936223,0.1669846343019974,0.47994614144589576,1.0345653808673612
-0.532,1.048021584018541,1.0,-0.24787221774753798,0.16612644735864918,0.49898483261775994,1.0338913778092498
-0.532,1.048021584018541,1.05,-0.26442255454904784,0.16480773765902093,0.5173755651447439,1.0332233618786273
-0.532,1.048021584018541,1.1,-0.2808200563891039,0.16307764645708128,0.5351297861778335,1.0325616741475943
-0.532,1.048021584018541,1.1500000000000001,-0.2970258981082271,0.16098187408373166,0.5522601648575076,1.0319066413629179
-0.532,1.048021584018541,1.2000000000000002,-0.31300565946888764,0.15856284603482193,0.5687803789516177,1.031258574710256
-0.532,1.048021584018541,1.25,-0.32872900589759374,0.15585987722080405,0.5847049235560814,1.030617768778795
-0.532,1.048021584018541,1.3,-0.3441693855242345,0.15290933363485348,0.6000489400952814,1.0299845007172495
-0.532,1.048021584018541,1.35,-0.3593037422464784,0.14974479080296355,0.6148280639653891,1.0293590295712436
-0.532,1.048021584018541,1.4000000000000001,-0.37411224445939856,0.14639718847723457,0.6290582892661674,1.0287415957914317
-0.532,1.048021584018541,1.4500000000000002,-0.38857802903676375,0.14289498112282079,0.642755849165244,1.0281324209011118
-0.532,1.048021584018541,1.5,-0.40268696013005456,0.13926428383025002,0.6559371105335485,1.027531707311754
-0.532,1.048021584018541,1.55,-0.41642740232468617,0.13552901335855871,0.6686184815814264,1.0269396382745908
-0.532,1.048021584018541,1.6,-0.4297900076534712,0.13171102408131652,0.6808163313120628,1.0263563779563647
-0.532,1.048021584018541,1.6500000000000001,-0.44276751593898533,0.12783023866757265,0.6925469196920853,1.0257820716273496
-0.532,1.048021584018541,1.7000000000000002,-0.45535456792943707,0.12390477338346181,0.7038263375187286,1.025216845949951
-0.532,1.048021584018541,1.75,-0.467547530692744,0.1199510579480473,0.7146704550386139,1.0246608093564606
-0.532,1.048021584018541,1.8,-0.4793443347278338,0.11598394991935664,0.7250948784450841,1.024114052504908
-0.532,1.048021584018541,1.85,-0.4907443222443206,0.11201684362383954,0.7351149134491328,1.0235766488023945
-0.532,1.048021584018541,1.9000000000000001,-0.5017481060616662,0.10806177367502366,0.7447455351833516,1.0230486549858056
-0.532,1.048021584018541,1.9500000000000002,-0.5123574385887807,0.10412951315531808,0.7540013637589753,1.0225301117503587
-0.532,1.048021584018541,2.0,-0.5225750903583056,0.1002296665590329,0.7628966448531884,1.0220210444170201
-0.532,1.048021584018541,2.0500000000000003,-0.5324047376007996,0.09637075761512497,0.7714452347573373,1.0215214636304735
-0.532,1.048021584018541,2.1,-0.5418508583533277,0.09256031212520235,0.7796605893667814,1.021031366079921
-0.532,1.048021584018541,2.15,-0.5509186366085999,0.08880493596627535,0.7875557566398034,1.0205507352356649
-0.532,1.048021584018541,2.2,-0.5596138740270217,0.0851103884188915,0.7951433720964883,1.0200795420950235
-0.532,1.048021584018541,2.25,-0.5679429087530782,0.0814816509899106,0.8024356569688668,1.0196177459317943
-0.532,1.048021584018541,2.3000000000000003,-0.5759125408963254,0.07792299190554672,0.8094444186510036,1.0191652950440362
-0.532,1.048021584018541,2.35,-0.5835299642544408,0.07443802645464259,0.8161810531322989,1.018722127495579
-0.532,1.048021584018541,2.4000000000000004,-0.5908027038720983,0.07102977336469624,0.8226565491291123,1.018288171847184
-0.532,1.048021584018541,2.45,-0.5977385590466096,0.06770070739414649,0.8288814936591468,1.0178633478738233
-0.532,1.048021584018541,2.5,-0.6043455514099761,0.06445280832402127,0.8348660788299357,1.0174475672650747
-0.532,1.048021584018541,2.5500000000000003,-0.6106318777364356,0.06128760653047543,0.8406201096373875,1.0170407343060224
-0.532,1.048021584018541,2.6,-0.6166058671435991,0.0582062253171358,0.8461530125928721,1.0166427465365713
-0.532,1.048021584018541,2.6500000000000004,-0.6222759423729568,0.05520942018270161,0.8514738450178289,1.016253495387413
-0.532,1.048021584018541,2.7,-0.6276505848521059,0.052297615195060466,0.856591304863555,1.0158728667912855
-0.532,1.048021584018541,2.75,-0.6327383032571338,0.049470936638388315,0.8615137409307426,1.0155007417684843
-0.532,1.048021584018541,2.8000000000000003,-0.63754760530974,0.046729244094443824,0.8662491633786946,1.0151369969858828
-0.532,1.048021584018541,2.85,-0.6420869725599017,0.04407215911362655,0.8708052544279861,1.014781505289002
-0.532,1.048021584018541,2.9000000000000004,-0.6463648379207533,0.04149909162544981,0.8751893791728407,1.0144341362068805
-0.532,1.048021584018541,2.95,-0.6503895657374251,0.03900926423196606,0.8794085964307128,1.0140947564297407
-0.532,1.048021584018541,3.0,-0.6541694341855863,0.03660173452143549,0.8834696695666785,1.0137632302596074
-0.532,1.048021584018541,3.0500000000000003,-0.6577126198084641,0.03427541553322756,0.8873790772392144,1.0134394200342038
-0.532,1.048021584018541,3.1,-0.6610271840135161,0.03202909449863114,0.8911430240220677,1.0131231865245947
-0.532,1.048021584018541,3.1500000000000004,-0.6641210613618691,0.029861449975976805,0.8947674508640364,1.0128143893071475
-0.532,1.048021584018541,3.2,-0.6670020494952802,0.027771067492283544,0.8982580453549037,1.0125128871104914
-0.532,1.048021584018541,3.25,-0.6696778005565786,0.025756453797561366,0.901620251771409,1.0122185381382376
-0.532,1.048021584018541,3.3000000000000003,-0.6721558139701207,0.023816049831967574,0.9048592808821155,1.0119312003682783
-0.532,1.048021584018541,3.35,-0.6744434304586199,0.021948242500239773,0.9079801194944537,1.011650731829528
-0.532,1.048021584018541,3.4000000000000004,-0.676547827181829,0.020151375342242234,0.9109875397310631,1.0113769908570356
-0.532,1.048021584018541,3.45,-0.678476013890925,0.018423758183070123,0.9138861080259346,1.011109836326377
-0.532,1.048021584018541,3.5,-0.6802348300003797,0.016763675840971597,0.9166801938338031,1.0108491278683072
-0.532,1.048021584018541,3.5500000000000003,-0.6818309424865636,0.015169395966380403,0.9193739780487582,1.010594726064598
-0.532,1.048021584018541,3.6,-0.6832708445294797,0.013639176080602361,0.9219714611302906,1.01034649262605
-0.532,1.048021584018541,3.6500000000000004,-0.6845608548207577,0.0121712698781702,0.9244764709368302,1.0101042905536066
-0.532,1.048021584018541,3.7,-0.6857071174673661,0.010763932852579036,0.9268926702684647,1.0098679842835165
-0.532,1.048021584018541,3.75,-0.6867156024263666,0.0094154273010255,0.9292235641219065,1.009637439817468
-0.532,1.048021584018541,3.8000000000000003,-0.6875921064113698,0.008124026759909754,0.9314725066618738,1.0094125248385777
-0.532,1.048021584018541,3.85,-0.6883422542163021,0.006888019919200744,0.9336427079140601,1.0091931088141304
-0.532,1.048021584018541,3.9000000000000004,-0.6889715004066126,0.0057057140603193265,0.9357372401855967,1.0089790630858964
-0.532,1.048021584018541,3.95,-0.6894851313322894,0.0045754380589478755,0.9377590442195709,1.0087702609488574
-0.532,1.048021584018541,4.0,-0.6898882674209853,0.003495544991120724,0.9397109350906503,1.0085665777191108
-0.532,1.048021584018541,4.05,-0.6901858657132947,0.002464414378088787,0.941595607849257,1.0083678907917257
-0.532,1.048021584018541,4.1000000000000005,-0.6903827226056727,0.0014804541027640123,0.9434156429219912,1.0081740796892544
-0.532,1.048021584018541,4.15,-0.690483476769723,0.0005421020280388327,0.9451735112762427,1.0079850261015986
-0.532,1.048021584018541,4.2,-0.6904926122195305,-0.0003521726550739146,0.9468715793570033,1.0078006139178775
-0.532,1.048021584018541,4.25,-0.6904144615014101,-0.0012038683237264862,0.9485121138039836,1.007620729250925
-0.532,1.048021584018541,4.3,-0.6902532089828981,-0.0020144500402374593,0.9500972859571223,1.007445260455002
-0.532,1.048021584018541,4.3500000000000005,-0.6900128942200415,-0.002785348868002691,0.9516291761585288,1.007274098137277
-0.532,1.048021584018541,4.4,-0.6896974153840894,-0.0035179613662800037,0.9531097778588291,1.0071071351636072
-0.532,1.048021584018541,4.45,-0.689310532730576,-0.004213649245458031,0.9545410015357473,1.0069442666591135
-0.532,1.048021584018541,4.5,-0.6888558720955442,-0.004873739165945917,0.9559246784326175,1.006785390004007
-0.532,1.048021584018541,4.55,-0.68833692840528,-0.005499522665238278,0.957262564124366,1.0066304048251113
-0.532,1.048021584018541,4.6000000000000005,-0.6877570691874342,-0.006092256199021393,0.9585563419182831,1.0064792129834899
-0.532,1.048021584018541,4.65,-0.6871195380728035,-0.006653161283401722,0.9598076260967489,1.006331718558552
-0.532,1.048021584018541,4.7,-0.6864274582782769,-0.007183424726460777,0.9610179650088269,1.0061878278290048
-0.532,1.048021584018541,4.75,-0.6856838360626173,-0.007684198938378975,0.9621888440174396,1.0060474492509754
-0.532,1.048021584018541,4.800000000000001,-0.6848915641477547,-0.00815660231032817,0.963321688308622,1.0059104934336198
-0.532,1.048021584018541,4.8500000000000005,-0.6840534250991855,-0.008601719653217207,0.9644178655691008,1.0057768731125014
-0.532,1.048021584018541,4.9,-0.683172094659912,-0.00902060268818835,0.9654786885382398,1.0056465031210058
-0.532,1.048021584018541,4.95,-0.6822501450331029,-0.009414270581512982,0.9665054174401533,1.0055193003600458
-0.532,1.048021584018541,5.0,-0.6812900481093415,-0.009783710517223836,0.9674992623015616,1.0053951837662731
-0.532,1.048021584018541,5.050000000000001,-0.6802941786349664,-0.010129878301456344,0.968461385160741,1.0052740742790207
-0.532,1.048021584018541,5.1000000000000005,-0.6792648173185846,-0.010453698993052665,0.9693929021727089,1.0051558948061636
-0.532,1.048021584018541,5.15,-0.6782041538733682,-0.010756067555517826,0.97029488561555,1.005040570189071
-0.532,1.048021584018541,5.2,-0.6771142899932269,-0.011037849525906392,0.9711683658025937,1.0049280271668282
-0.532,1.048021584018541,5.25,-0.6759972422613852,-0.01129988169666767,0.9720143329049481,1.00481819433987
-0.532,1.048021584018541,5.300000000000001,-0.6748549449902589,-0.011542972806888476,0.9728337386886771,1.0047110021331596
-0.532,1.048021584018541,5.3500000000000005,-0.6736892529918898,-0.011767904239747828,0.9736274981707457,1.0046063827590488
-0.532,1.048021584018541,5.4,-0.6725019442784663,-0.011975430723342144,0.9743964911976358,1.004504270179924
-0.532,1.048021584018541,5.45,-0.6712947226927393,-0.012166281032352688,0.9751415639503824,1.0044046000707527
-0.532,1.048021584018541,5.5,-0.6700692204683575,-0.012341158688312823,0.9758635303795932,1.0043073097816118
-0.532,1.048021584018541,5.550000000000001,-0.6688270007203564,-0.012500742656493887,0.976563173573844,1.0042123383002985
-0.532,1.048021584018541,5.6000000000000005,-0.6675695598662097,-0.012645688037664797,0.9772412470646913,1.004119626215083
-0.532,1.048021584018541,5.65,-0.6662983299780252,-0.012776626753197094,0.9778984760713777,1.0040291156776895
-0.532,1.048021584018541,5.7,-0.665014681066595,-0.012894168222182437,0.9785355586881723,1.0039407503665556
-0.532,1.048021584018541,5.75,-0.6637199232981634,-0.0129989000294075,0.9791531670171244,1.0038544754504273
-0.532,1.048021584018541,5.800000000000001,-0.6624153091448641,-0.013091388583192259,0.9797519482489008,1.0037702375523434
-0.532,1.048021584018541,5.8500000000000005,-0.6611020354698972,-0.013172179762243526,0.980332525694214,1.0036879847140485
-0.532,1.048021584018541,5.9,-0.659781245548584,-0.013241799550807122,0.9808954997682641,1.0036076663608755
-0.532,1.048021584018541,5.95,-0.6584540310265163,-0.013300754661520909,0.9814414489304574,1.0035292332671222
-0.532,1.048021584018541,6.0,-0.6571214338160644,-0.01334953314547835,0.9819709305815859,1.0034526375219666
-0.532,1.048021584018541,6.050000000000001,-0.6557844479325478,-0.013388604989108016,0.9824844819205176,1.0033778324959288
-0.532,1.048021584018541,6.1000000000000005,-0.6544440212714155,-0.013418422697561489,0.9829826207623751,1.003304772807913
-0.532,1.048021584018541,6.15,-0.6531010573277878,-0.013439421864379112,0.9834658463200473,1.0032334142928383
-0.532,1.048021584018541,6.2,-0.6517564168597374,-0.013452021727272723,0.9839346399508053,1.0031637139698815
-0.532,1.048021584018541,6.25,-0.6504109194967094,-0.013456625709925792,0.9843894658697209,1.0030956300113292
-0.532,1.048021584018541,6.300000000000001,-0.649065345294452,-0.013453621949766854,0.9848307718314648,1.0030291217120697
-0.532,1.048021584018541,6.3500000000000005,-0.6477204362378728,-0.013443383811720513,0.9852589897820012,1.0029641494597064
-0.532,1.048021584018541,6.4,-0.6463768976932038,-0.01342627038798338,0.9856745364816408,1.0029006747053173
-0.532,1.048021584018541,6.45,-0.6450353998108707,-0.01340262698391041,0.9860778141007913,1.002838659934851
-0.532,1.048021584018541,6.5,-0.6436965788804493,-0.013372785590130313,0.9864692107897314,1.0027780686411638
-0.532,1.048021584018541,6.550000000000001,-0.6423610386390813,-0.013337065341037636,0.9868491012236247,1.002718865296703
-0.532,1.048021584018541,6.6000000000000005,-0.6410293515347013,-0.013295772959834393,0.9872178471239541,1.002661015326817
-0.532,1.048021584018541,6.65,-0.6397020599454338,-0.013249203190315953,0.9875757977574935,1.0026044850837093
-0.532,1.048021584018541,6.7,-0.6383796773564563,-0.013197639215614246,0.9879232904138644,1.0025492418210153
-0.532,1.048021584018541,6.75,-0.6370626894956438,-0.013141353064127202,0.9882606508626942,1.0024952536690082
-0.532,1.048021584018541,6.800000000000001,-0.6357515554292646,-0.013080606002876773,0.9885881937913287,1.0024424896104176
-0.532,1.048021584018541,6.8500000000000005,-0.6344467086189609,-0.01301564891854822,0.9889062232239988,1.0023909194568588
-0.532,1.048021584018541,6.9,-0.6331485579412468,-0.012946722686472734,0.9892150329233106,1.0023405138258632
-0.532,1.048021584018541,6.95,-0.6318574886707066,-0.012874058527822219,0.9895149067748849,1.0022912441184997
-0.532,1.048021584018541,7.0,-0.6305738634280537,-0.0127978783552901,0.9898061191559028,1.0022430824975852
-0.532,1.048021584018541,7.050000000000001,-0.6292980230941851,-0.012718395107536359,0.9900889352883253,1.0021960018664584
-0.532,1.048021584018541,7.1000000000000005,-0.6280302876913444,-0.012635813072677134,0.9903636115774695,1.0021499758483279
-0.532,1.048021584018541,7.15,-0.6267709572324587,-0.012550328201100547,0.9906303959366207,1.0021049787661656
-0.532,1.048021584018541,7.2,-0.6255203125397115,-0.012462128407890847,0.9908895280983131,1.0020609856231433
-0.532,1.048021584018541,7.25,-0.6242786160333742,-0.012371393865142376,0.9911412399128815,1.0020179720836069
-0.532,1.048021584018541,7.300000000000001,-0.6230461124918913,-0.012278297284442909,0.9913857556348689,1.0019759144545615
-0.532,1.048021584018541,7.3500000000000005,-0.6218230297841906,-0.012183004189804673,0.9916232921978205,1.0019347896676758
-0.532,1.048021584018541,7.4,-0.6206095795751646,-0.012085673181317275,0.9918540594779996,1.0018945752617738
-0.532,1.048021584018541,7.45,-0.6194059580052408,-0.011986456189794895,0.9920782605475185,1.0018552493658264
-0.532,1.048021584018541,7.5,-0.6182123463449223,-0.01188549872268502,0.9922960919173388,1.0018167906824058
-0.532,1.048021584018541,7.550000000000001,-0.6170289116251755,-0.01178294010150248,0.9925077437706189,1.001779178471615
-0.532,1.048021584018541,7.6000000000000005,-0.6158558072444825,-0.011678913691047878,0.9927134001868,1.00174239253546
-0.532,1.048021584018541,7.65,-0.6146931735533883,-0.011573547120664725,0.9929132393568739,1.001706413202675
-0.532,1.048021584018541,7.7,-0.613541138417308,-0.011466962497784212,0.9931074337901887,1.0016712213139745
-0.532,1.048021584018541,7.75,-0.6123998177583632,-0.01135927661400173,0.9932961505131741,1.0016367982077214
-0.532,1.048021584018541,7.800000000000001,-0.6112693160769738,-0.0112506011439236,0.9934795512603419,1.0016031257060103
-0.532,1.048021584018541,7.8500000000000005,-0.6101497269539264,-0.01114104283701695,0.9936577926578841,1.0015701861011526
-0.532,1.048021584018541,7.9,-0.6090411335335856,-0.011030703702690029,0.9938310264001895,1.0015379621425353
-0.532,1.048021584018541,7.95,-0.6079436089889363,-0.010919681188824899,0.9939993994195958,1.0015064370238789
-0.532,1.048021584018541,8.0,-0.6068572169690798,-0.01080806835397818,0.9941630540496443,1.001475594370846
-0.532,1.048021584018541,8.05,-0.6057820120298173,-0.010695954033460407,0.9943221281821283,1.0014454182290167
-0.532,1.048021584018541,8.1,-0.6047180400479205,-0.010583422999498346,0.9944767554181965,1.0014158930522117
-0.532,1.048021584018541,8.15,-0.603665338619663,-0.01047055611567927,0.9946270652137538,1.0013870036911492
-0.532,1.048021584018541,8.200000000000001,-0.6026239374441892,-0.010357430485870518,0.994773183019403,1.0013587353824378
-0.532,1.048021584018541,8.25,-0.6015938586922518,-0.01024411959780181,0.994915230415162,1.001331073737882
-0.532,1.048021584018541,8.3,-0.6005751173608539,-0.010130693461492713,0.9950533252401641,1.0013040047341106
-0.532,1.048021584018541,8.35,-0.599567721614293,-0.01001721874270174,0.9951875817175464,1.0012775147024866
-0.532,1.048021584018541,8.4,-0.59857167311211,-0.00990375889156865,0.9953181105747428,1.0012515903193373
-0.532,1.048021584018541,8.450000000000001,-0.5975869673244031,-0.009790374266615899,0.9954450191593468,1.001226218596445
-0.532,1.048021584018541,8.5,-0.5966135938349739,-0.009677122254270257,0.9955684115507426,1.0012013868718328
-0.532,1.048021584018541,8.55,-0.5956515366327403,-0.009564057384060342,0.9956883886676686,1.0011770828008086
-0.532,1.048021584018541,8.6,-0.5947007743918427,-0.00945123143964112,0.9958050483718756,1.0011532943472699
-0.532,1.048021584018541,8.65,-0.5937612807408513,-0.009338693565791324,0.9959184855680476,1.0011300097752753
-0.532,1.048021584018541,8.700000000000001,-0.5928330245214768,-0.009226490371525132,0.9960287923001255,1.0011072176408435
-0.532,1.048021584018541,8.75,-0.59191597003715,-0.009114666029454828,0.9961360578441769,1.0010849067840029
-0.532,1.048021584018541,8.8,-0.5910100772918576,-0.009003262371536612,0.9962403687979595,1.0010630663210707
-0.532,1.048021584018541,8.85,-0.5901153022195738,-0.00889231898132744,0.9963418091672972,1.0010416856371578
-0.532,1.048021584018541,8.9,-0.5892315969046326,-0.008781873282876168,0.9964404604494044,1.0010207543788852
-0.532,1.048021584018541,8.950000000000001,-0.5883589097933755,-0.008671960626368913,0.9965364017132681,1.0010002624473229
-0.532,1.048021584018541,9.0,-0.5874971858973914,-0.008562614370643287,0.9966297096772132,1.0009801999911236
-0.532,1.048021584018541,9.05,-0.5866463669886502,-0.008453865962683493,0.9967204587837573,1.0009605573998686
-0.532,1.048021584018541,9.1,-0.5858063917868352,-0.008345745014203544,0.9968087212718502,1.0009413252975883
-0.532,1.048021584018541,9.15,-0.584977196139154,-0.008238279375422666,0.996894567246618,1.0009224945364896
-0.532,1.048021584018541,9.200000000000001,-0.5841587131929095,-0.008131495206133243,0.9969780647466908,1.000904056190853
-0.532,1.048021584018541,9.25,-0.5833508735610899,-0.008025417044157917,0.9970592798092125,1.0008860015511105
-0.532,1.048021584018541,9.3,-0.5825536054812457,-0.00792006787128962,0.9971382765326268,1.0008683221180954
-0.532,1.048021584018541,9.35,-0.5817668349678864,-0.007815469176804582,0.9972151171373071,1.0008510095974519
-0.532,1.048021584018541,9.4,-0.5809904859586537,-0.007711641018635396,0.9972898620241409,1.0008340558942168
-0.532,1.048021584018541,9.450000000000001,-0.5802244804544837,-0.007608602082288134,0.9973625698311064,1.0008174531075462
-0.532,1.048021584018541,9.5,-0.5794687386539936,-0.007506369737584644,0.9974332974879526,1.0008011935255998
-0.532,1.048021584018541,9.55,-0.5787231790822989,-0.00740496009330805,0.9975021002690351,1.000785269620571
-0.532,1.048021584018541,9.600000000000001,-0.57798771871447,-0.007304388049827037,0.9975690318443745,1.0007696740438565
-0.532,1.048021584018541,9.65,-0.5772622730938245,-0.007204667349771518,0.9976341443290152,1.0007543996213708
-0.532,1.048021584018541,9.700000000000001,-0.5765467564452499,-0.007105810626829918,0.9976974883307356,1.0007394393489835
-0.532,1.048021584018541,9.75,-0.5758410817837376,-0.0070078294527357405,0.9977591129961779,1.0007247863881021
-0.532,1.048021584018541,9.8,-0.5751451610183045,-0.006910734382508552,0.9978190660554473,1.0007104340613615
-0.532,1.048021584018541,9.850000000000001,-0.5744589050514802,-0.00681453499801245,0.9978773938652484,1.0006963758484548
-0.532,1.048021584018541,9.9,-0.5737822238745152,-0.006719239949892595,0.9979341414505971,1.0006826053820677
-0.532,1.048021584018541,9.950000000000001,-0.5731150266584757,-0.006624856997948185,0.9979893525451713,1.0006691164439372
-0.532,1.048021584018541,10.0,-0.5724572218413763,-0.006531393049998538,0.9980430696303445,1.0006559029610167
-0.532,1.048021584018541,10.05,-0.571808717211496,-0.0064388541992963545,0.9980953339729463,1.0006429590017503
-0.532,1.048021584018541,10.100000000000001,-0.5711694199870274,-0.006347245760540808,0.9981461856618039,1.0006302787724535
-0.532,1.048021584018541,10.15,-0.5705392368921837,-0.006256572304540817,0.9981956636430966,1.0006178566137935
-0.532,1.048021584018541,10.200000000000001,-0.5699180742299108,-0.006166837691577326,0.9982438057545774,1.0006056869973687
-0.532,1.048021584018541,10.25,-0.5693058379513218,-0.006078045103511537,0.9982906487586918,1.000593764522384
-0.532,1.048021584018541,10.3,-0.5687024337219814,-0.005990197074684272,0.998336228374637,1.0005820839124195
-0.532,1.048021584018541,10.350000000000001,-0.5681077669851582,-0.005903295521650233,0.998380579309396,1.000570640012289
-0.532,1.048021584018541,10.4,-0.5675217430221602,-0.005817341771789149,0.9984237352877898,1.0005594277849825
-0.532,1.048021584018541,10.450000000000001,-0.5669442670098637,-0.005732336590834295,0.9984657290815695,1.0005484423086992
-0.532,1.048021584018541,10.5,-0.5663752440755421,-0.005648280209357663,0.9985065925375917,1.0005376787739562
-0.532,1.048021584018541,10.55,-0.5658145793490955,-0.0055651723482491935,0.9985463566051042,1.000527132480784
-0.532,1.048021584018541,10.600000000000001,-0.5652621780127864,-0.005483012243226727,0.9985850513621737,1.0005167988359933
-0.532,1.048021584018541,10.65,-0.564717945348566,-0.005401798668411197,0.9986227060412873,1.0005066733505181
-0.532,1.048021584018541,10.700000000000001,-0.5641817867830919,-0.005321529959001365,0.9986593490541439,1.0004967516368335
-0.532,1.048021584018541,10.75,-0.5636536079305264,-0.005242204033080198,0.9986950080156877,1.0004870294064434
-0.532,1.048021584018541,10.8,-0.5631333146331897,-0.0051638184125844646,0.9987297097673794,1.0004775024674357
-0.532,1.048021584018541,10.850000000000001,-0.5626208130001634,-0.005086370243467651,0.9987634803997547,1.0004681667221031
-0.532,1.048021584018541,10.9,-0.5621160094439146,-0.005009856315085464,0.9987963452742811,1.0004590181646338
-0.532,1.048021584018541,10.950000000000001,-0.5616188107150194,-0.004934273078831799,0.998828329044541,1.0004500528788542
-0.532,1.048021584018541,11.0,-0.5611291239350619,-0.004859616666052574,0.9988594556767656,1.000441267036047
-0.532,1.048021584018541,11.05,-0.5606468566277729,-0.004785882905263135,0.9988897484697314,1.0004326568928146
-0.532,1.048021584018541,11.100000000000001,-0.5601719167484847,-0.004713067338694709,0.9989192300740568,1.0004242187890067
-0.532,1.048021584018541,11.15,-0.5597042127119592,-0.004641165238193972,0.9989479225109011,1.0004159491457016
-0.532,1.048021584018541,11.200000000000001,-0.5592436534186624,-0.004570171620499243,0.9989758471901005,1.0004078444632452
-0.532,1.048021584018541,11.25,-0.5587901482795339,-0.00450008126191573,0.9990030249277463,1.0003999013193334
-0.532,1.048021584018541,11.3,-0.5583436072393259,-0.004430888712411643,0.9990294759632361,1.000392116367158
-0.532,1.048021584018541,11.350000000000001,-0.5579039407985531,-0.004362588309156063,0.9990552199758073,1.0003844863335896
-0.532,1.048021584018541,11.4,-0.5574710600341173,-0.004295174189518855,0.9990802761005662,1.0003770080174148
-0.532,1.048021584018541,11.450000000000001,-0.5570448766186612,-0.004228640303551979,0.9991046629440442,1.0003696782876201
-0.532,1.048021584018541,11.5,-0.5566253028386929,-0.0041629804259711205,0.9991283985992815,1.0003624940817217
-0.532,1.048021584018541,11.55,-0.5562122516115411,-0.004098188167655546,0.9991515006604543,1.0003554524041298
-0.532,1.048021584018541,11.600000000000001,-0.5558056365011805,-0.004034256986683939,0.9991739862370737,1.0003485503245755
-0.532,1.048021584018541,11.65,-0.5554053717329768,-0.0039711801989227155,0.9991958719677547,1.0003417849765546
-0.532,1.048021584018541,11.700000000000001,-0.5550113722073937,-0.003908950988183226,0.9992171740335758,1.0003351535558278
-0.532,1.048021584018541,11.75,-0.5546235535127093,-0.0038475624159635888,0.9992379081710446,1.0003286533189608
-0.532,1.048021584018541,11.8,-0.5542418319367712,-0.003787007430790008,0.9992580896846731,1.0003222815818895
-0.532,1.048021584018541,11.850000000000001,-0.5538661244778432,-0.00372727887717227,0.9992777334591884,1.0003160357185341
-0.532,1.048021584018541,11.9,-0.553496348854575,-0.0036683695041874937,0.9992968539713759,1.0003099131594455
-0.532,1.048021584018541,11.950000000000001,-0.5531324235151279,-0.003610271973705565,0.999315465301579,1.0003039113904828
-0.532,1.048021584018541,12.0,-0.5527742676454996,-0.0035529788682693423,0.9993335811448556,1.0002980279515317
-0.532,1.048021584018541,12.05,-0.5524218011770768,-0.003496482698642238,0.9993512148218087,1.0002922604352453
-0.532,1.048021584018541,12.100000000000001,-0.5520749447934495,-0.0034407759110353284,0.9993683792891029,1.0002866064858322
-0.532,1.048021584018541,12.15,-0.5517336199365173,-0.0033858508940256275,0.9993850871496672,1.0002810637978563
-0.532,1.048021584018541,12.200000000000001,-0.551397748811924,-0.0033316999851769062,0.9994013506626074,1.0002756301150888
-0.532,1.048021584018541,12.25,-0.5510672543938351,-0.003278315477373883,0.9994171817528194,1.0002703032293647
-0.532,1.048021584018541,12.3,-0.5507420604291074,-0.0032256896248803097,0.9994325920203345,1.0002650809794937
-0.532,1.048021584018541,12.350000000000001,-0.5504220914408584,-0.0031738146491311235,0.9994475927493843,1.0002599612501784
-0.532,1.048021584018541,12.4,-0.5501072727314709,-0.0031226827442683127,0.9994621949172056,1.0002549419709656
-0.532,1.048021584018541,12.450000000000001,-0.5497975303850596,-0.0030722860824301413,0.9994764092025936,1.0002500211152345
-0.532,1.048021584018541,12.5,-0.549492791269417,-0.0030226168188025497,0.9994902459942048,1.0002451966991912
-0.532,1.048021584018541,12.55,-0.5491929830374647,-0.0029736670964417484,0.9995037153986168,1.0002404667809042
-0.532,1.048021584018541,12.600000000000001,-0.5488980341282391,-0.002925429050876323,0.9995168272481653,1.0002358294593536
-0.532,1.048021584018541,12.65,-0.5486078737674215,-0.002877894814497047,0.9995295911085471,1.0002312828735143
-0.532,1.048021584018541,12.700000000000001,-0.5483224319674408,-0.0028310565207422676,0.999542016286211,1.0002268252014466
-0.532,1.048021584018541,12.75,-0.5480416395271694,-0.002784906308086508,0.9995541118355309,1.000222454659426
-0.532,1.048021584018541,12.8,-0.5477654280312267,-0.0027394363238395264,0.9995658865657789,1.0002181695010832
-0.532,1.048021584018541,12.850000000000001,-0.5474937298489132,-0.002694638727762967,0.9995773490478962,1.0002139680165667
-0.532,1.048021584018541,12.9,-0.5472264781327911,-0.002650505695511425,0.9995885076210722,1.0002098485317317
-0.532,1.048021584018541,12.950000000000001,-0.54696360681693,-0.0026070294219044054,0.9995993703991356,1.00020580940734
-0.532,1.048021584018541,13.0,-0.5467050506148309,-0.0025642021240356518,0.9996099452767633,1.0002018490382905
-0.532,1.048021584018541,13.05,-0.5464507450170507,-0.0025220160442259304,0.9996202399355117,1.0001979658528537
-0.532,1.048021584018541,13.100000000000001,-0.5462006262885364,-0.0024804634528250696,0.9996302618496822,1.0001941583119396
-0.532,1.048021584018541,13.15,-0.5459546314656865,-0.002439536650869103,0.9996400182920125,1.0001904249083733
-0.532,1.048021584018541,13.200000000000001,-0.5457126983531548,-0.00239922797259791,0.9996495163392155,1.000186764166192
-0.532,1.048021584018541,13.25,-0.5454747655204097,-0.0023595297878387556,0.999658762877351,1.0001831746399594
-0.532,1.048021584018541,13.3,-0.5452407722980593,-0.002320434504260677,0.9996677646070589,1.0001796549140918
-0.532,1.048021584018541,13.350000000000001,-0.5450106587739597,-0.0022819345695048506,0.9996765280486334,1.000176203602208
-0.532,1.048021584018541,13.4,-0.5447843657891163,-0.002244022473195584,0.9996850595469623,1.0001728193464883
-0.532,1.048021584018541,13.450000000000001,-0.5445618349333886,-0.0022066907488365317,0.999693365276319,1.0001695008170501
-0.532,1.048021584018541,13.5,-0.5443430085410117,-0.0021699319755966113,0.9997014512450322,1.0001662467113395
-0.532,1.048021584018541,13.55,-0.5441278296859473,-0.002133738779989881,0.999709323300012,1.0001630557535395
-0.532,1.048021584018541,13.600000000000001,-0.5439162421770666,-0.0020981038374534803,0.9997169871311568,1.0001599266939867
-0.532,1.048021584018541,13.65,-0.5437081905531846,-0.0020630198738276254,0.9997244482756333,1.0001568583086027
-0.532,1.048021584018541,13.700000000000001,-0.5435036200779518,-0.002028479666741524,0.999731712122042,1.0001538493983457
-0.532,1.048021584018541,13.75,-0.5433024767346086,-0.001994476046908904,0.9997387839144584,1.0001508987886676
-0.532,1.048021584018541,13.8,-0.5431047072206172,-0.0019610018993366685,0.9997456687563678,1.0001480053289835
-0.532,1.048021584018541,13.850000000000001,-0.5429102589421756,-0.0019280501644502188,0.9997523716144888,1.00014516789216
-0.532,1.048021584018541,13.9,-0.5427190800086243,-0.0018956138391387595,0.9997588973224905,1.0001423853740086
-0.532,1.048021584018541,13.950000000000001,-0.5425311192267515,-0.0018636859777236409,0.9997652505846053,1.0001396566927976
-0.532,1.048021584018541,14.0,-0.5423463260950043,-0.0018322596928531266,0.9997714359791413,1.0001369807887657
-0.532,1.048021584018541,14.05,-0.5421646507976169,-0.0018013281563262458,0.9997774579619002,1.0001343566236576
-0.532,1.048021584018541,14.100000000000001,-0.5419860441986564,-0.0017708845998488298,0.9997833208694951,1.0001317831802643
-0.532,1.048021584018541,14.15,-0.5418104578359968,-0.0017409223157244763,0.9997890289225831,1.0001292594619726
-0.532,1.048021584018541,14.200000000000001,-0.5416378439152292,-0.001711434657483024,0.9997945862290033,1.000126784492327
-0.532,1.048021584018541,14.25,-0.5414681553035101,-0.0016824150404492145,0.9997999967868301,1.0001243573146066
-0.532,1.048021584018541,14.3,-0.5413013455233561,-0.001653856942254009,0.9998052644873404,1.0001219769914038
-0.532,1.048021584018541,14.350000000000001,-0.5411373687463885,-0.0016257539032909424,0.9998103931179039,1.000119642604213
-0.532,1.048021584018541,14.4,-0.5409761797870389,-0.0015980995271198714,0.9998153863647872,1.000117353253037
-0.532,1.048021584018541,14.450000000000001,-0.5408177340962125,-0.0015708874808202935,0.9998202478158839,1.0001151080559902
-0.532,1.048021584018541,14.5,-0.5406619877549204,-0.001544111495296466,0.9998249809633721,1.0001129061489251
-0.532,1.048021584018541,14.55,-0.5405088974678834,-0.001517765365536342,0.9998295892062946,1.0001107466850518
-0.532,1.048021584018541,14.600000000000001,-0.5403584205571128,-0.0014918429508263436,0.9998340758530684,1.0001086288345775
-0.532,1.048021584018541,14.65,-0.5402105149554698,-0.0014663381749239514,0.999838444123928,1.000106551784349
-0.532,1.048021584018541,14.700000000000001,-0.5400651392002123,-0.0014412450261898583,0.9998426971533032,1.0001045147375063
-0.532,1.048021584018541,14.75,-0.539922252426527,-0.0014165575576816475,0.999846837992124,1.0001025169131394
-0.532,1.048021584018541,14.8,-0.5397818143610584,-0.0013922698872105607,0.9998508696100706,1.0001005575459565
-0.532,1.048021584018541,14.850000000000001,-0.5396437853154298,-0.0013683761973631613,0.9998547948977584,1.0000986358859585
-0.532,1.048021584018541,14.9,-0.5395081261797663,-0.0013448707354893738,0.9998586166688634,1.000096751198122
-0.532,1.048021584018541,14.950000000000001,-0.5393747984162198,-0.0013217478136585803,0.999862337662189,1.0000949027620851
-0.532,1.048021584018541,15.0,-0.5392437640525003,-0.0012990018085851792,0.9998659605436782,1.000093089871847
-0.532,1.048021584018541,15.05,-0.5391149856754155,-0.0012766271615250366,0.9998694879083679,1.0000913118354655
-0.532,1.048021584018541,15.100000000000001,-0.5389884264244231,-0.0012546183781443254,0.9998729222822943,1.000089567974771
-0.532,1.048021584018541,15.15,-0.5388640499851981,-0.00123297002836194,0.9998762661243422,1.000087857625079
-0.532,1.048021584018541,15.200000000000001,-0.538741820583215,-0.0012116767461668955,0.9998795218280471,1.0000861801349112
-0.532,1.048021584018541,15.25,-0.538621702977352,-0.001190733229411887,0.9998826917233442,1.0000845348657255
-0.532,1.048021584018541,15.3,-0.5385036624535151,-0.0011701342395842205,0.9998857780782769,1.0000829211916475
-0.532,1.048021584018541,15.350000000000001,-0.5383876648182883,-0.001149874601555276,0.9998887831006488,1.0000813384992104
-0.532,1.048021584018541,15.4,-0.5382736763926079,-0.0011299492033095971,0.9998917089396429,1.0000797861871031
-0.532,1.048021584018541,15.450000000000001,-0.5381616640054668,-0.0011103529956546763,0.999894557687384,1.000078263665915
-0.532,1.048021584018541,15.5,-0.5380515949876467,-0.0010910809919124711,0.9998973313804719,1.0000767703578983
-0.532,1.048021584018541,15.55,-0.5379434371654839,-0.001072128267593621,0.9999000320014594,1.0000753056967244
-0.532,1.048021584018541,15.600000000000001,-0.5378371588546677,-0.0010534899600553548,0.9999026614803055,1.000073869127253
-0.532,1.048021584018541,15.65,-0.5377327288540736,-0.0010351612681439575,0.9999052216957713,1.000072460105305
-0.532,1.048021584018541,15.700000000000001,-0.5376301164396339,-0.0010171374518227023,0.9999077144767963,1.0000710780974333
-0.532,1.048021584018541,15.75,-0.5375292913582456,-0.000999413831786115,0.9999101416038257,1.0000697225807131
-0.532,1.048021584018541,15.8,-0.5374302238217163,-0.0009819857890613231,0.9999125048101037,1.000068393042519
-0.532,1.048021584018541,15.850000000000001,-0.5373328845007533,-0.0009648487645973816,0.9999148057829362,1.0000670889803205
-0.532,1.048021584018541,15.9,-0.5372372445189916,-0.0009479982588431934,0.9999170461649148,1.000065809901476
-0.532,1.048021584018541,15.950000000000001,-0.537143275447066,-0.00093142983131487,0.9999192275551102,1.000064555323032
-0.532,1.048021584018541,16.0,-0.5370509492967267,-0.0009151391001531604,0.9999213515102312,1.0000633247715276
-0.532,1.048021584018541,16.05,-0.5369602385150002,-0.0008991217416716583,0.9999234195457578,1.0000621177828009
-0.532,1.048021584018541,16.1,-0.5368711159783928,-0.000883373489896387,0.9999254331370364,1.000060933901802
-0.532,1.048021584018541,16.150000000000002,-0.5367835549871455,-0.00086789013609743,0.9999273937203491,1.0000597726824088
-0.532,1.048021584018541,16.2,-0.536697529259532,-0.0008526675283131748,0.9999293026939579,1.0000586336872483
-0.532,1.048021584018541,16.25,-0.5366130129262049,-0.0008377015708677332,0.9999311614191125,1.0000575164875163
-0.532,1.048021584018541,16.3,-0.5365299805245931,-0.0008229882238821128,0.9999329712210389,1.0000564206628084
-0.532,1.048021584018541,16.35,-0.5364484069933458,-0.0008085235027796547,0.9999347333898966,1.0000553458009502
-0.532,1.048021584018541,16.400000000000002,-0.5363682676668272,-0.0007943034777862279,0.9999364491817117,1.0000542914978316
-0.532,1.048021584018541,16.45,-0.5362895382696607,-0.0007803242734256838,0.9999381198192869,1.0000532573572445
-0.532,1.048021584018541,16.5,-0.5362121949113241,-0.000766582068011026,0.9999397464930802,1.0000522429907248
-0.532,1.048021584018541,16.55,-0.5361362140807974,-0.0007530730931317581,0.9999413303620713,1.000051248017397
-0.532,1.048021584018541,16.6,-0.5360615726412596,-0.0007397936331378053,0.9999428725545941,1.0000502720638227
-0.532,1.048021584018541,16.650000000000002,-0.5359882478248369,-0.0007267400246204524,0.999944374169151,1.0000493147638494
-0.532,1.048021584018541,16.7,-0.5359162172274082,-0.0007139086558906833,0.9999458362752083,1.0000483757584697
-0.532,1.048021584018541,16.75,-0.535845458803454,-0.0007012959664552355,0.9999472599139632,1.000047454695673
-0.532,1.048021584018541,16.8,-0.5357759508609681,-0.0006888984464908964,0.9999486460991014,1.0000465512303112
-0.532,1.048021584018541,16.85,-0.5357076720564117,-0.0006767126363171582,0.9999499958175185,1.0000456650239555
-0.532,1.048021584018541,16.900000000000002,-0.5356406013897294,-0.0006647351258677315,0.9999513100300388,1.000044795744769
-0.532,1.048021584018541,16.95,-0.5355747181994113,-0.0006529625541612047,0.999952589672104,1.0000439430673722
-0.532,1.048021584018541,17.0,-0.5355100021576126,-0.0006413916087710653,0.9999538356544468,1.0000431066727138
-0.532,1.048021584018541,17.05,-0.5354464332653236,-0.0006300190252954928,0.9999550488637473,1.0000422862479483
-0.532,1.048021584018541,17.1,-0.5353839918475944,-0.0006188415868270798,0.9999562301632683,1.000041481486308
-0.532,1.048021584018541,17.150000000000002,-0.535322658548811,-0.0006078561234228417,0.999957380393481,1.000040692086986
-0.532,1.048021584018541,17.2,-0.5352624143280259,-0.0005970595115747137,0.9999585003726653,1.0000399177550179
-0.532,1.048021584018541,17.25,-0.535203240454341,-0.000586448673680779,0.999959590897499,1.0000391582011625
-0.532,1.048021584018541,17.3,-0.5351451185023448,-0.000576020577517472,0.9999606527436318,1.000038413141794
-0.532,1.048021584018541,17.35,-0.5350880303475983,-0.0005657722357129659,0.9999616866662405,1.0000376822987855
-0.532,1.048021584018541,17.400000000000002,-0.5350319581621783,-0.0005557007052219298,0.9999626934005724,1.000036965399403
-0.532,1.048021584018541,17.45,-0.5349768844102702,-0.000545803086801901,0.999963673662475,1.0000362621762
-0.532,1.048021584018541,17.5,-0.5349227918438153,-0.0005360765244914279,0.999964628148904,1.00003557236691
-0.532,1.048021584018541,17.55,-0.5348696634982074,-0.0005265182050901389,0.9999655575384326,1.0000348957143463
-0.532,1.048021584018541,17.6,-0.5348174826880435,-0.0005171253576409554,0.9999664624917295,1.000034231966301
-0.532,1.048021584018541,17.650000000000002,-0.5347662330029247,-0.0005078952529145816,0.9999673436520362,1.0000335808754466
-0.532,1.048021584018541,17.7,-0.5347158983033115,-0.0004988252028964333,0.9999682016456308,1.0000329421992433
-0.532,1.048021584018541,17.75,-0.5346664627164257,-0.0004899125602761075,0.9999690370822745,1.0000323156998379
-0.532,1.048021584018541,17.8,-0.5346179106322057,-0.0004811547179396356,0.9999698505556467,1.0000317011439785
-0.532,1.048021584018541,17.85,-0.5345702266993154,-0.0004725491084645011,0.9999706426437752,1.0000310983029208
-0.532,1.048021584018541,17.900000000000002,-0.5345233958211955,-0.00046409320361767004,0.9999714139094449,1.000030506952339
-0.532,1.048021584018541,17.95,-0.5344774031521734,-0.0004557845138566789,0.9999721649006043,1.00002992687224
-0.532,1.048021584018541,18.0,-0.5344322340936182,-0.00044762058783391677,0.9999728961507588,1.0000293578468789
-0.532,1.048021584018541,18.05,-0.5343878742901453,-0.00043959901190418916,0.9999736081793492,1.0000287996646753
-0.532,1.048021584018541,18.1,-0.5343443096258708,-0.0004317174096356639,0.9999743014921256,1.000028252118131
-0.532,1.048021584018541,18.150000000000002,-0.534301526220716,-0.0004239734413243005,0.9999749765815085,1.000027715003751
-0.532,1.048021584018541,18.2,-0.5342595104267559,-0.0004163648035118116,0.999975633926943,1.000027188121964
-0.532,1.048021584018541,18.25,-0.5342182488246214,-0.00040888922850728103,0.9999762739952384,1.0000266712770467
-0.532,1.048021584018541,18.3,-0.5341777282199448,-0.0004015444839124801,0.9999768972409048,1.0000261642770474
-0.532,1.048021584018541,18.35,-0.5341379356398548,-0.00039432837215095133,0.9999775041064763,1.000025666933714
-0.532,1.048021584018541,18.400000000000002,-0.5340988583295165,-0.0003872387300009415,0.9999780950228285,1.0000251790624195
-0.532,1.048021584018541,18.45,-0.5340604837487212,-0.0003802734281322265,0.999978670409488,1.0000247004820944
-0.532,1.048021584018541,18.5,-0.5340227995685171,-0.00037343037064688423,0.9999792306749271,1.000024231015153
-0.532,1.048021584018541,18.55,-0.5339857936678915,-0.00036670749462405853,0.9999797762168603,1.0000237704874284
-0.532,1.048021584018541,18.6,-0.5339494541304944,-0.0003601027696687725,0.9999803074225265,1.0000233187281056
-0.532,1.048021584018541,18.650000000000002,-0.5339137692414073,-0.0003536141974648512,0.9999808246689674,1.0000228755696554
-0.532,1.048021584018541,18.7,-0.5338787274839597,-0.0003472398113319339,0.9999813283232927,1.0000224408477698
-0.532,1.048021584018541,18.75,-0.5338443175365842,-0.0003409776757866338,0.9999818187429473,1.000022014401302
-0.532,1.048021584018541,18.8,-0.5338105282697213,-0.00033482588610794095,0.9999822962759622,1.0000215960722014
-0.532,1.048021584018541,18.85,-0.533777348742763,-0.0003287825679067739,0.9999827612612046,1.0000211857054546
-0.532,1.048021584018541,18.900000000000002,-0.5337447682010414,-0.00032284587669981836,0.9999832140286211,1.0000207831490298
-0.532,1.048021584018541,18.95,-0.533712776072859,-0.0003170139974875799,0.9999836548994707,1.0000203882538117
-0.532,1.048021584018541,19.0,-0.5336813619665601,-0.0003112851443367573,0.999984084186555,1.0000200008735514
-0.532,1.048021584018541,19.05,-0.5336505156676464,-0.00030565755996684517,0.9999845021944407,1.0000196208648078
-0.532,1.048021584018541,19.1,-0.5336202271359317,-0.0003001295153411188,0.9999849092196793,1.0000192480868926
-0.532,1.048021584018541,19.150000000000002,-0.5335904865027367,-0.0002946993092618602,0.9999853055510135,1.000018882401819
-0.532,1.048021584018541,19.200000000000003,-0.533561284068126,-0.00028936526796990915,0.9999856914695897,1.0000185236742472
-0.532,1.048021584018541,19.25,-0.5335326102981837,-0.00028412574474857773,0.9999860672491525,1.0000181717714338
-0.532,1.048021584018541,19.3,-0.533504455822329,-0.0002789791195318573,0.9999864331562428,1.0000178265631823
-0.532,1.048021584018541,19.35,-0.5334768114306706,-0.0002739237985169327,0.9999867894503883,1.0000174879217938
-0.532,1.048021584018541,19.400000000000002,-0.5334496680713984,-0.00026895821378105836,0.9999871363842845,1.0000171557220159
-0.532,1.048021584018541,19.450000000000003,-0.5334230168482167,-0.00026408082290271665,0.9999874742039798,1.0000168298409982
-0.532,1.048021584018541,19.5,-0.5333968490178103,-0.000259290108587101,0.9999878031490486,1.000016510158245
-0.532,1.048021584018541,19.55,-0.5333711559873529,-0.0002545845782958969,0.9999881234527598,1.0000161965555707
-0.532,1.048021584018541,19.6,-0.5333459293120468,-0.0002499627638813656,0.9999884353422474,1.0000158889170518
-0.532,1.048021584018541,19.650000000000002,-0.5333211606927065,-0.00024542322122467235,0.9999887390386675,1.000015587128988
-0.532,1.048021584018541,19.700000000000003,-0.5332968419733688,-0.0002409645298785455,0.9999890347573585,1.0000152910798548
-0.532,1.048021584018541,19.75,-0.5332729651389472,-0.00023658529271411687,0.999989322707996,1.0000150006602637
-0.532,1.048021584018541,19.8,-0.5332495223129149,-0.00023228413557206331,0.9999896030947383,1.0000147157629216
-0.532,1.048021584018541,19.85,-0.5332265057550276,-0.00022805970691790683,0.9999898761163718,1.000014436282588
-0.532,1.048021584018541,19.900000000000002,-0.5332039078590772,-0.00022391067750158108,0.9999901419664576,1.0000141621160374
-0.532,1.048021584018541,19.950000000000003,-0.5331817211506797,-0.0002198357400211037,0.9999904008334632,1.0000138931620193
-0.532,1.048021584018541,20.0,-0.533159938285097,-0.00021583360879049587,0.9999906529008991,1.0000136293212212
-0.532,1.048021584018541,20.1,-0.5331175553388234,-0.00020804272845100012,0.9999911373471043,1.0000131165914963
-0.532,1.048021584018541,20.28615468146082,-0.5330426920108704,-0.00019426830681022031,0.9999919732734761,1.0000122129889073
-0.532,1.048021584018541,20.47403342090323,-0.5329721629447042,-0.00018127574454311472,0.9999927370044136,1.0000113641774853
-0.532,1.048021584018541,20.663652185564246,-0.5329057650516352,-0.0001690298337173447,0.9999934341350508,1.0000105673570463
-0.532,1.048021584018541,20.855027090560313,-0.5328433017108318,-0.0001574963626345141,0.9999940698839244,1.0000098198378053
-0.532,1.048021584018541,21.04817440025684,-0.5327845827414216,-0.00014664212321407975,0.9999946491136709,1.0000091190378178
-0.532,1.048021584018541,21.243110529650455,-0.5327294243635642,-0.00013643491583965347,0.9999951763509343,1.0000084624803982
-0.532,1.048021584018541,21.439852045764102,-0.532677649149032,-0.00012684355176803254,0.9999956558054796,1.0000078477915102
-0.532,1.048021584018541,21.638415669054964,-0.5326290859618472,-0.00011783785320438582,0.9999960913885317,1.0000072726971445
-0.532,1.048021584018541,21.83881827483555,-0.5325835698895425,-0.00010938865115001764,0.999996486730349,1.0000067350206818
-0.532,1.048021584018541,22.04107689470784,-0.5325409421656103,-0.00010146778113144186,0.9999968451970394,1.0000062326802424
-0.532,1.048021584018541,22.245208718010712,-0.5325010500837181,-9.404807692144895e-05,0.9999971699066296,1.0000057636860304
-0.532,1.048021584018541,22.4512310932809,-0.5324637469042581,-8.710336236427435e-05,0.9999974637444139,1.0000053261376836
-0.532,1.048021584018541,22.659161529727328,-0.5324288917537985,-8.060844141808943e-05,0.9999977293775808,1.0000049182216142
-0.532,1.048021584018541,22.86901769871915,-0.5323963495179943,-7.453908652863594e-05,0.999997969269148,1.0000045382083644
-0.532,1.048021584018541,23.080817435287667,-0.5323659907285132,-6.88720254479352e-05,0.9999981856912109,1.0000041844499667
-0.532,1.048021584018541,23.294578739641963,-0.5323376914445126,-6.3584926611862e-05,0.9999983807375366,1.0000038553773216
-0.532,1.048021584018541,23.510319778698783,-0.5323113331292105,-5.8656383189742803e-05,0.9999985563355008,1.0000035494975892
-0.532,1.048021584018541,23.72805888762644,-0.5322868025220785,-5.406589591802467e-05,0.9999987142574122,1.0000032653916053
-0.532,1.048021584018541,23.947814571403043,-0.5322639915071743,-4.979385482883248e-05,0.9999988561312178,1.0000030017113166
-0.532,1.048021584018541,24.169605506389228,-0.532242796978141,-4.582151998239909e-05,0.9999989834506314,1.0000027571772507
-0.532,1.048021584018541,24.39345054191539,-0.5322231207003715,-4.2131001310365045e-05,0.9999990975846866,1.000002530576005
-0.532,1.048021584018541,24.619368701883577,-0.5322048691708425,-3.8705237674475535e-05,0.9999991997867528,1.000002320757783
-0.532,1.048021584018541,24.847379186384366,-0.5321879534761044,-3.552797524280877e-05,0.9999992912030155,1.0000021266339576
-0.532,1.048021584018541,25.077501373328523,-0.5321722891488917,-3.258374528232184e-05,0.9999993728804552,1.0000019471746737
-0.532,1.048021584018541,25.30975482009396,-0.5321577960238137,-2.9857841463821814e-05,0.9999994457743437,1.0000017814064959
-0.532,1.048021584018541,25.544159265187808,-0.5321443980925458,-2.733629677172223e-05,0.9999995107552719,1.000001628410098
-0.532,1.048021584018541,25.780734629923902,-0.5321320233589313,-2.500586010759464e-05,0.9999995686157293,1.0000014873179977
-0.532,1.048021584018541,26.019501020115914,-0.5321206036943779,-2.2853972672600662e-05,0.9999996200762717,1.0000013573123394
-0.532,1.048021584018541,26.260478727786037,-0.5321100746938974,-2.086874421020497e-05,0.999999665791269,1.0000012376227285
-0.532,1.048021584018541,26.503688232889502,-0.5321003755331288,-1.9038929186362293e-05,0.9999997063542754,1.0000011275241112
-0.532,1.048021584018541,26.74915020505521,-0.5320914488266569,-1.7353902980322145e-05,0.9999997423030358,1.0000010263347143
-0.532,1.048021584018541,26.99688550534226,-0.53208324048791,-1.5803638155087948e-05,0.9999997741241378,1.0000009334140323
-0.532,1.048021584018541,27.246915188012967,-0.5320756995909178,-1.4378680872170004e-05,0.9999998022573421,1.000000848160876
-0.532,1.048021584018541,27.499260502322162,-0.5320687782341764,-1.3070127511099166e-05,0.9999998270995923,1.0000007700114677
-0.532,1.048021584018541,27.753942894323053,-0.5320624314068679,-1.1869601549866993e-05,0.99999984900874,1.0000006984376009
-0.532,1.048021584018541,28.010984008689945,-0.532056616857646,-1.0769230758103772e-05,0.999999868306987,1.0000006329448536
-0.532,1.048021584018541,28.270405690557713,-0.5320512949661964,-9.761624750693472e-06,0.9999998852840684,1.0000005730708617
-0.532,1.048021584018541,28.532229987378305,-0.5320464286177536,-8.839852945127122e-06,0.99999990020019,1.0000005183836431
-0.532,1.048021584018541,28.79647915079459,-0.5320419830807415,-7.997422961952739e-06,0.9999999132887348,1.0000004684799895
-0.532,1.048021584018541,29.063175638531384,-0.5320379258876733,-7.22825950347634e-06,0.9999999247587569,1.0000004229839072
-0.532,1.048021584018541,29.332342116304055,-0.5320342267194398,-6.5266837419683915e-06,0.9999999347972679,1.0000003815451208
-0.532,1.048021584018541,29.604001459744886,-0.5320308572930774,-5.887393244729604e-06,0.9999999435713417,1.000000343837632
-0.532,1.048021584018541,29.8781767563471,-0.5320277912530965,-5.305442459652357e-06,0.9999999512300377,1.000000309558334
-0.532,1.048021584018541,30.154891307427096,-0.5320250040664245,-4.776223781352047e-06,0.9999999579061667,1.0000002784256885
-0.532,1.048021584018541,30.43416863010471,-0.5320224729210051,-4.295449214311133e-06,0.9999999637178951,1.0000002501784437
-0.532,1.048021584018541,30.716032459301825,-0.5320201766280768,-3.8591326464385895e-06,0.9999999687702209,1.0000002245744255
-0.532,1.048021584018541,31.00050674975963,-0.5320180955281338,-3.46357274297454e-06,0.9999999731563071,1.0000002013893692
-0.532,1.048021584018541,31.287615678074335,-0.532016211400576,-3.1053364679243632e-06,0.9999999769587029,1.0000001804158092
-0.532,1.048021584018541,31.577383644751972,-0.5320145073770285,-2.781243237259237e-06,0.9999999802504479,1.0000001614620193
-0.532,1.048021584018541,31.869835276282085,-0.5320129678583131,-2.488349705446376e-06,0.9999999830960744,1.0000001443510016
-0.532,1.048021584018541,32.16499542723059,-0.5320115784350417,-2.2239351845191615e-06,0.9999999855525188,1.0000001289195322
-0.532,1.048021584018541,32.462889182352235,-0.5320103258117974,-1.9854876924115734e-06,0.9999999876699417,1.0000001150172433
-0.532,1.048021584018541,32.763541858722334,-0.5320091977348508,-1.7706906252383297e-06,0.9999999894924682,1.0000001025057645
-0.532,1.048021584018541,33.06697900788844,-0.5320081829233676,-1.5774100463454973e-06,0.9999999910588582,1.0000000912578995
-0.532,1.048021584018541,33.373226418041924,-0.5320072710040361,-1.4036825829106427e-06,0.9999999924031076,1.0000000811568532
-0.532,1.048021584018541,33.68231011620963,-0.5320064524490469,-1.2477039195029106e-06,0.9999999935549887,1.0000000720954982
-0.532,1.048021584018541,33.99425637046573,-0.5320057185173417,-1.1078178764345665e-06,0.9999999945405362,1.000000063975685
-0.532,1.048021584018541,34.30909169216431,-0.5320050611990434,-9.825060594371806e-07,0.9999999953824792,1.0000000567075868
-0.532,1.048021584018541,34.62684283819243,-0.5320044731629685,-8.703780661235127e-07,0.9999999961006336,1.0000000502090924
-0.532,1.048021584018541,34.94753681324406,-0.5320039477071209,-7.701622336854782e-07,0.9999999967122465,1.0000000444052233
-0.532,1.048021584018541,35.2712008721152,-0.5320034787120599,-6.806969113901878e-07,0.9999999972323041,1.0000000392275958
-0.532,1.048021584018541,35.597862522020144,-0.5320030605970333,-6.009222408358336e-07,0.999999997673812,1.000000034613913
-0.532,1.048021584018541,35.927549524929255,-0.5320026882787673,-5.298724262851283e-07,0.9999999980480341,1.0000000305074883
-0.532,1.048021584018541,36.26028989992831,-0.5320023571328008,-4.666684770018245e-07,0.9999999983647121,1.0000000268568026
-0.532,1.048021584018541,36.59611192559986,-0.5320020629572639,-4.1051140315073115e-07,0.9999999986322579,1.0000000236150863
-0.532,1.048021584018541,36.93504414242648,-0.5320018019389884,-3.606758467003465e-07,0.9999999988579225,1.0000000207399355
-0.532,1.048021584018541,37.27711535521626,-0.5320015706218535,-3.1650412850330925e-07,0.9999999990479456,1.0000000181929503
-0.532,1.048021584018541,37.62235463555102,-0.5320013658772637,-2.7740069296199083e-07,0.999999999207689,1.0000000159393958
-0.532,1.048021584018541,37.97079132425686,-0.5320011848766645,-2.4282693146388e-07,0.9999999993417498,1.000000013947897
-0.532,1.048021584018541,38.32245503389777,-0.5320010250659948,-2.1229636622070641e-07,0.9999999994540654,1.0000000121901436
-0.532,1.048021584018541,38.67737565129239,-0.5320008841419824,-1.8537017618495597e-07,0.9999999995480005,1.0000000106406246
-0.532,1.048021584018541,39.03558334005395,-0.5320007600301873,-1.6165304707212513e-07,0.9999999996264265,1.0000000092763834
-0.532,1.048021584018541,39.3971085431537,-0.5320006508646957,-1.4078932789877366e-07,0.9999999996917903,1.0000000080767828
-0.532,1.048021584018541,39.761981985508335,-0.5320005549693693,-1.2245947683188083e-07,0.9999999997461695,1.000000007023299
-0.532,1.048021584018541,40.1302346765911,-0.5320004708405589,-1.0637677956945046e-07,0.9999999997913297,1.0000000060993266
-0.532,1.048021584018541,40.50189791306716,-0.5320003971311826,-9.228432403274549e-08,0.9999999998287669,1.0000000052899956
-0.532,1.048021584018541,40.87700328145351,-0.5320003326360869,-7.995221560379106e-08,0.9999999998597444,1.0000000045820114
-0.532,1.048021584018541,41.25558266080338,-0.5320002762785946,-6.917501774882298e-08,0.9999999998853304,1.000000003963504
-0.532,1.048021584018541,41.63766822541544,-0.5320002270981625,-5.976940338235814e-08,0.9999999999064233,1.0000000034238852
-0.532,1.048021584018541,42.02329244756837,-0.5320001842390668,-5.157200300438376e-08,0.9999999999237801,1.000000002953728
-0.532,1.048021584018541,42.41248810028041,-0.5320001469400464,-4.443743614101685e-08,0.9999999999380347,1.0000000025446483
-0.532,1.048021584018541,42.80528826009479,-0.532000114524832,-3.8236513295209425e-08,0.9999999999497211,1.0000000021892008
-0.532,1.048021584018541,43.20172630989064,-0.5320000863935009,-3.2854596256348396e-08,0.9999999999592808,1.0000000018807818
-0.532,1.048021584018541,43.60183594172025,-0.5320000620145999,-2.819010506618412e-08,0.999999999967088,1.0000000016135426
-0.532,1.048021584018541,44.00565115967241,-0.5320000409179809,-2.4153160770812998e-08,0.9999999999734502,1.000000001382313
-0.532,1.048021584018541,44.413206282762204,-0.5320000226882989,-2.0664353541718716e-08,0.9999999999786253,1.000000001182525
-0.532,1.048021584018541,44.824535947847835,-0.5320000069591265,-1.7653626325442493e-08,0.9999999999828261,1.0000000010101513
-0.532,1.048021584018541,45.23967511257426,-0.5319999934076389,-1.5059264856360478e-08,0.999999999986229,1.0000000008616465
-0.532,1.048021584018541,45.65865905834403,-0.5319999817498232,-1.2826985343250366e-08,0.9999999999889805,1.0000000007338932
-0.532,1.048021584018541,46.081523393315884,-0.5319999717361712,-1.090911172768051e-08,0.9999999999911997,1.0000000006241527
-0.532,1.048021584018541,46.50830405543093,-0.5319999631478172,-9.263834927197794e-09,0.9999999999929868,1.0000000005300265
-0.532,1.048021584018541,46.93903731546684,-0.5319999557930742,-7.854546950861067e-09,0.9999999999944233,1.0000000004494154
-0.532,1.048021584018541,47.37375978012049,-0.5319999495043363,-6.6492433846926864e-09,0.9999999999955743,1.000000000380482
-0.532,1.048021584018541,47.81250839511901,-0.5319999441353074,-5.619988004926489e-09,0.9999999999964956,1.0000000003216267
-0.532,1.048021584018541,48.25532044835962,-0.5319999395585198,-4.742433935123656e-09,0.9999999999972307,1.0000000002714524
-0.532,1.048021584018541,48.70223357307873,-0.531999935663122,-3.995396052509107e-09,0.9999999999978169,1.0000000002287464
-0.532,1.048021584018541,49.15328575105025,-0.5319999323528918,-3.36046981985392e-09,0.9999999999982825,1.0000000001924543
-0.532,1.048021584018541,49.608515315813406,-0.5319999295444646,-2.8216920541121794e-09,0.9999999999986514,1.0000000001616616
-0.532,1.048021584018541,50.067960955930815,-0.5319999271657455,-2.36523955266053e-09,0.9999999999989442,1.0000000001355767
-0.532,1.048021584018541,50.5316617182763,-0.5319999251544917,-1.979161817146929e-09,0.9999999999991749,1.0000000001135163
-0.532,1.048021584018541,50.99965701135351,-0.5319999234570483,-1.653144355806037e-09,0.9999999999993563,1.0000000000948899
-0.532,1.048021584018541,51.47198660864504,-0.5319999220272248,-1.3782995675585194e-09,0.9999999999994988,1.0000000000791884
-0.532,1.048021584018541,51.9486906519927,-0.5319999208253001,-1.14698217058794e-09,0.999999999999611,1.0000000000659754
-0.532,1.048021584018541,52.429809655009066,-0.5319999198171443,-9.52626667555264e-10,0.9999999999996981,1.0000000000548748
-0.532,1.048021584018541,52.91538450652049,-0.5319999189734547,-7.89604481580318e-10,0.9999999999997662,1.0000000000455644
-0.532,1.048021584018541,53.40545647404229,-0.5319999182690855,-6.53098535311633e-10,0.999999999999819,1.0000000000377693
-0.532,1.048021584018541,53.90006720728585,-0.5319999176824746,-5.389934080424001e-10,0.9999999999998607,1.0000000000312543
-0.532,1.048021584018541,54.39925874169825,-0.5319999171951487,-4.4377930899590734e-10,0.9999999999998928,1.000000000025819
-0.532,1.048021584018541,54.90307350203484,-0.5319999167913014,-3.644682167935005e-10,0.9999999999999171,1.0000000000212912
-0.532,1.048021584018541,55.41155430596479,-0.5319999164574359,-2.9852086770774916e-10,0.999999999999936,1.0000000000175273
-0.532,1.048021584018541,55.924744367709856,-0.5319999161820588,-2.4378325063788184e-10,0.9999999999999504,1.0000000000144036
-0.532,1.048021584018541,56.442687301717264,-0.5319999159554204,-1.984314757101856e-10,0.9999999999999618,1.000000000011816
-0.532,1.048021584018541,56.96542712636624,-0.5319999157692886,-1.6092403513838797e-10,0.9999999999999709,1.0000000000096763
-0.532,1.048021584018541,57.493008267708944,-0.5319999156167536,-1.299604895011218e-10,0.9999999999999771,1.0000000000079101
-0.532,1.048021584018541,58.02547556324627,-0.5319999154920556,-1.0444584310873471e-10,0.9999999999999826,1.0000000000064553
-0.532,1.048021584018541,58.562874265738245,-0.5319999153904249,-8.345982721188932e-11,0.9999999999999859,1.0000000000052585
-0.532,1.048021584018541,59.10525004705015,-0.5319999153079419,-6.623050573230656e-11,0.999999999999989,1.0000000000042764
-0.532,1.048021584018541,59.65264900203377,-0.5319999152414044,-5.2111602265611755e-11,0.999999999999991,1.0000000000034717
-0.532,1.048021584018541,60.2051176524451,-0.531999915188209,-4.056311040366312e-11,0.9999999999999929,1.0000000000028135
-0.532,1.048021584018541,60.76270295089797,-0.5319999151462389,-3.1134680232121634e-11,0.9999999999999934,1.0000000000022766
-0.532,1.048021584018541,61.325452284854336,-0.5319999151137672,-2.3451476272407943e-11,0.9999999999999942,1.0000000000018392
-0.532,1.048021584018541,61.89341348065174,-0.5319999150893688,-1.720212124948278e-11,0.999999999999995,1.0000000000014835
-0.532,1.048021584018541,62.466634807567864,-0.5319999150718465,-1.2128453971517227e-11,0.9999999999999948,1.000000000001195
-0.532,1.048021584018541,63.0451649819227,-0.5319999150601716,-8.016862213655117e-12,0.9999999999999948,1.0000000000009612
-0.532,1.048021584018541,63.629053171218956,-0.531999915053437,-4.69092623726083e-12,0.999999999999995,1.0000000000007725
-0.532,1.048021584018541,64.21834899832058,-0.5319999150508242,-2.0052349401733427e-12,0.9999999999999947,1.000000000000621
-0.532,1.048021584018541,64.81310254566993,-0.5319999150515828,1.598300064215878e-13,0.9999999999999947,1.0000000000004983
-0.532,1.048021584018541,65.4133643595444,-0.5319999150550228,1.9024759349795563e-12,0.9999999999999946,1.0000000000003997
-0.532,1.048021584018541,66.01918545435197,-0.5319999150605118,3.3031749953593625e-12,0.9999999999999946,1.0000000000003213
-0.532,1.048021584018541,66.63061731696679,-0.531999915067481,4.4277107794319145e-12,0.9999999999999939,1.0000000000002591
-0.532,1.048021584018541,67.24771191110499,-0.5319999150754353,5.329762596618511e-12,0.999999999999994,1.0000000000002094
-0.532,1.048021584018541,67.87052168174088,-0.5319999150839622,6.053023541500048e-12,0.9999999999999943,1.0000000000001694
-0.532,1.048021584018541,68.49909955956402,-0.5319999150927397,6.632968336668261e-12,0.9999999999999942,1.0000000000001381
-0.532,1.048021584018541,69.13349896547759,-0.5319999151015435,7.098324131140493e-12,0.9999999999999946,1.000000000000113
-0.532,1.048021584018541,69.77377381513884,-0.5319999151102454,7.472289898739288e-12,0.9999999999999948,1.0000000000000935
-0.532,1.048021584018541,70.41997852354069,-0.5319999151188077,7.773537703328182e-12,0.9999999999999951,1.0000000000000786
-0.532,1.048021584018541,71.0721680096366,-0.5319999151272748,8.017056327746383e-12,0.999999999999995,1.000000000000066
-0.532,1.048021584018541,71.73039770100793,-0.5319999151357561,8.214822793566307e-12,0.9999999999999954,1.0000000000000564
-0.532,1.048021584018541,72.39472353857458,-0.5319999151444064,8.376380239436022e-12,0.9999999999999954,1.0000000000000488
-0.532,1.048021584018541,73.06520198134909,-0.5319999151534058,8.509317725435796e-12,0.9999999999999956,1.000000000000043
-0.532,1.048021584018541,73.74189001123509,-0.5319999151629369,8.619626116595758e-12,0.9999999999999953,1.0000000000000375
-0.532,1.048021584018541,74.42484513786997,-0.5319999151731637,8.71204868525878e-12,0.9999999999999953,1.0000000000000344
-0.532,1.048021584018541,75.11412540351232,-0.5319999151842139,8.790320428655757e-12,0.9999999999999949,1.000000000000031
-0.532,1.048021584018541,75.80978938797494,-0.5319999151961655,8.857388078411882e-12,0.999999999999995,1.0000000000000286
-0.532,1.048021584018541,76.51189621360336,-0.5319999152090391,8.915581050908432e-12,0.9999999999999948,1.0000000000000269
-0.532,1.048021584018541,77.22050555030022,-0.5319999152227932,8.966743455365137e-12,0.9999999999999948,1.000000000000025
-0.532,1.048021584018541,77.93567762059672,-0.5319999152373294,9.012360398682596e-12,0.9999999999999946,1.0000000000000233
-0.532,1.048021584018541,78.65747320477065,-0.5319999152524995,9.053614609731826e-12,0.9999999999999941,1.0000000000000229
-0.532,1.048021584018541,79.38595364601184,-0.5319999152681184,9.091477701761733e-12,0.9999999999999941,1.0000000000000215
-0.532,1.048021584018541,80.12118085563553,-0.5319999152839796,9.126758761280629e-12,0.9999999999999942,1.000000000000021
-0.532,1.048021584018541,80.86321731834431,-0.5319999152998736,9.160117177408249e-12,0.9999999999999939,1.0000000000000204
-0.532,1.048021584018541,81.61212609753805,-0.531999915315604,9.192107867354714e-12,0.9999999999999943,1.0000000000000204
-0.532,1.048021584018541,82.36797084067375,-0.5319999153310041,9.223204067769094e-12,0.9999999999999942,1.00000000000002
-0.532,1.048021584018541,83.13081578467474,-0.5319999153459509,9.25378162968616e-12,0.9999999999999946,1.0000000000000202
-0.532,1.048021584018541,83.90072576138992,-0.5319999153603735,9.284156660907142e-12,0.9999999999999943,1.0000000000000198
-0.532,1.048021584018541,84.67776620310352,-0.5319999153742597,9.314575984409899e-12,0.9999999999999948,1.00000000000002
-0.532,1.048021584018541,85.46200314809617,-0.5319999153876551,9.345223596367717e-12,0.9999999999999954,1.0000000000000204
-0.532,1.048021584018541,86.25350324625728,-0.5319999154006599,9.376226522590041e-12,0.9999999999999954,1.0000000000000204
-0.532,1.048021584018541,87.05233376474918,-0.531999915413419,9.407658010096004e-12,0.9999999999999953,1.0000000000000204
-0.532,1.048021584018541,87.85856259372419,-0.5319999154261125,9.439537952583545e-12,0.9999999999999961,1.0000000000000207
-0.532,1.048021584018541,88.67225825209441,-0.5319999154389387,9.471858615546166e-12,0.9999999999999963,1.0000000000000209
-0.532,1.048021584018541,89.49348989335462,-0.5319999154520999,9.504567359152911e-12,0.9999999999999963,1.000000000000021
-0.532,1.048021584018541,90.32232731145982,-0.531999915465787,9.537591509592483e-12,0.9999999999999964,1.000000000000021
-0.532,1.048021584018541,91.15884094675663,-0.5319999154801651,9.570839844945021e-12,0.9999999999999962,1.0000000000000207
-0.532,1.048021584018541,92.0031018919696,-0.5319999154953609,9.604213566454573e-12,0.9999999999999964,1.0000000000000209
-0.532,1.048021584018541,92.85518189824359,-0.5319999155114535,9.637612899145229e-12,0.9999999999999964,1.0000000000000207
-0.532,1.048021584018541,93.71515338124135,-0.5319999155284708,9.670946495984818e-12,0.9999999999999963,1.0000000000000207
-0.532,1.048021584018541,94.58308942729796,-0.5319999155463869,9.704135554226171e-12,0.999999999999996,1.00000000000002
-0.532,1.048021584018541,95.45906379963219,-0.5319999155651247,9.737120944708187e-12,0.9999999999999963,1.00000000000002
-0.532,1.048021584018541,96.34315094461576,-0.5319999155845632,9.769862122757469e-12,0.9999999999999958,1.0000000000000195
-0.532,1.048021584018541,97.23542599809973,-0.5319999156045466,9.802337646955725e-12,0.9999999999999954,1.0000000000000189
-0.532,1.048021584018541,98.13596479180039,-0.5319999156248965,9.83455246286852e-12,0.9999999999999954,1.0000000000000187
-0.532,1.048021584018541,99.04484385974408,-0.5319999156454241,9.866527150591782e-12,0.9999999999999949,1.0000000000000184
-0.532,1.048021584018541,99.96214044477135,-0.5319999156659451,9.89830063253416e-12,0.9999999999999944,1.000000000000018
-0.532,1.048021584018541,100.88793250510167,-0.5319999156862931,9.92991999784758e-12,0.9999999999999949,1.0000000000000178
-0.532,1.048021584018541,101.82229872095873,-0.531999915706329,9.961445868248418e-12,0.9999999999999946,1.0000000000000175
-0.532,1.048021584018541,102.76531850125772,-0.5319999157259531,9.992938638379491e-12,0.9999999999999947,1.000000000000017
-0.532,1.048021584018541,103.71707199035326,-0.5319999157451104,1.0024456201049909e-11,0.9999999999999944,1.000000000000017
-0.532,1.048021584018541,104.67764007485148,-0.5319999157637942,1.0056052380515276e-11,0.9999999999999944,1.0000000000000169
-0.532,1.048021584018541,105.64710439048359,-0.5319999157820456,1.0087770970556758e-11,0.9999999999999946,1.0000000000000167
-0.532,1.048021584018541,106.62554732904427,-0.5319999157999522,1.01196452182714e-11,0.9999999999999948,1.0000000000000169
-0.532,1.048021584018541,107.61305204539366,-0.5319999158176387,1.0151695651222686e-11,0.9999999999999949,1.0000000000000167
-0.532,1.048021584018541,108.60970246452491,-0.5319999158352614,1.0183922302348422e-11,0.9999999999999951,1.0000000000000164
-0.532,1.048021584018541,109.61558328869602,-0.5319999158529966,1.0216326663787478e-11,0.9999999999999951,1.0000000000000164
-0.532,1.048021584018541,110.63078000462876,-0.5319999158710284,1.0248881707799912e-11,0.9999999999999949,1.0000000000000164
-0.532,1.048021584018541,111.65537889077429,-0.531999915889538,1.0281557701608052e-11,0.9999999999999952,1.0000000000000164
-0.532,1.048021584018541,112.68946702464496,-0.531999915908691,1.0314321096130158e-11,0.9999999999999951,1.000000000000016
-0.532,1.048021584018541,113.73313229021528,-0.531999915928629,1.0347126711793538e-11,0.9999999999999954,1.0000000000000164
-0.532,1.048021584018541,114.78646338539066,-0.5319999159494593,1.037993126578524e-11,0.9999999999999949,1.0000000000000164
-0.532,1.048021584018541,115.84954982954602,-0.5319999159712502,1.0412690092572519e-11,0.9999999999999958,1.0000000000000164
-0.532,1.048021584018541,116.92248197113297,-0.5319999159940264,1.0445361948375739e-11,0.9999999999999956,1.0000000000000164
-0.532,1.048021584018541,118.00535099535914,-0.5319999160177685,1.04779101437024e-11,0.9999999999999956,1.0000000000000158
-0.532,1.048021584018541,119.09824893193696,-0.5319999160424167,1.0510305223644214e-11,0.9999999999999959,1.0000000000000155
-0.532,1.048021584018541,120.2012686629055,-0.5319999160678712,1.054251909797769e-11,0.9999999999999957,1.0000000000000155
-0.532,1.048021584018541,121.31450393052383,-0.5319999160940025,1.057453843300169e-11,0.9999999999999959,1.0000000000000153
-0.532,1.048021584018541,122.43804934523853,-0.5319999161206586,1.0606344654068175e-11,0.9999999999999958,1.000000000000015
-0.532,1.048021584018541,123.5720003937234,-0.5319999161476734,1.0637933234745241e-11,0.9999999999999964,1.0000000000000149
-0.532,1.048021584018541,124.7164534469956,-0.5319999161748784,1.0669299089209664e-11,0.9999999999999959,1.0000000000000144
-0.532,1.048021584018541,125.87150576860506,-0.5319999162021115,1.070043221183311e-11,0.9999999999999964,1.0000000000000142
-0.532,1.048021584018541,127.03725552290106,-0.5319999162292274,1.0731336327001089e-11,0.9999999999999971,1.0000000000000135
-0.532,1.048021584018541,128.21380178337475,-0.531999916256105,1.076199717989504e-11,0.9999999999999969,1.0000000000000133
-0.532,1.048021584018541,129.40124454107954,-0.5319999162826548,1.0792405200202454e-11,0.9999999999999969,1.000000000000013
-0.532,1.048021584018541,130.59968471312828,-0.5319999163088237,1.0822542126496852e-11,0.9999999999999978,1.0000000000000129
-0.532,1.048021584018541,131.8092241512703,-0.5319999163345971,1.0852384159128085e-11,0.9999999999999977,1.0000000000000122
-0.532,1.048021584018541,133.02996565054787,-0.5319999163599998,1.0881901165764109e-11,0.9999999999999978,1.0000000000000115
-0.532,1.048021584018541,134.26201295803162,-0.5319999163850948,1.0911057225149303e-11,0.9999999999999983,1.0000000000000118
-0.532,1.048021584018541,135.5054707816382,-0.5319999164099779,1.0939809929889695e-11,0.9999999999999983,1.0000000000000113
-0.532,1.048021584018541,136.76044479902887,-0.5319999164347738,1.0968114601896849e-11,0.9999999999999984,1.0000000000000107
-0.532,1.048021584018541,138.02704166659132,-0.5319999164596285,1.0995920443810776e-11,0.999999999999999,1.0000000000000107
-0.532,1.048021584018541,139.30536902850287,-0.5319999164847019,1.1023184024120925e-11,0.9999999999999994,1.0000000000000102
-0.532,1.048021584018541,140.5955355258802,-0.5319999165101574,1.1049852205874753e-11,0.9999999999999992,1.0000000000000093
-0.532,1.048021584018541,141.8976508060113,-0.5319999165361574,1.1075889800834355e-11,0.9999999999999994,1.0000000000000098
-0.532,1.048021584018541,143.21182553167466,-0.5319999165628495,1.1101262915390291e-11,0.9999999999999993,1.0000000000000093
-0.532,1.048021584018541,144.53817139054382,-0.5319999165903642,1.1125944602717372e-11,0.9999999999999996,1.0000000000000089
-0.532,1.048021584018541,145.87680110468003,-0.5319999166188056,1.1149925804445599e-11,0.9999999999999999,1.0000000000000087
-0.532,1.048021584018541,147.22782844011104,-0.5319999166482478,1.117320443635861e-11,0.9999999999999998,1.0000000000000082
-0.532,1.048021584018541,148.59136821650102,-0.5319999166787308,1.1195795322432704e-11,0.9999999999999999,1.0000000000000084
-0.532,1.048021584018541,149.9675363169076,-0.5319999167102605,1.1217728396764869e-11,0.9999999999999998,1.0000000000000082
-0.532,1.048021584018541,151.35644969763095,-0.5319999167428071,1.1239045530174537e-11,0.9999999999999996,1.000000000000008
-0.532,1.048021584018541,152.75822639815343,-0.5319999167763089,1.125980473999584e-11,0.9999999999999999,1.000000000000008
-0.532,1.048021584018541,154.17298555117182,-0.5319999168106747,1.1280074943351838e-11,1.0,1.0000000000000078
-0.532,1.048021584018541,155.60084739272125,-0.5319999168457893,1.12999321518346e-11,0.9999999999999997,1.0000000000000078
-0.532,1.048021584018541,157.0419332723941,-0.5319999168815192,1.1319469168119894e-11,0.9999999999999994,1.0000000000000073
-0.532,1.048021584018541,158.4963656636536,-0.5319999169177191,1.13387784522004e-11,0.9999999999999994,1.000000000000007
-0.532,1.048021584018541,159.96426817424148,-0.5319999169542401,1.1357950596129337e-11,0.9999999999999997,1.0000000000000073
-0.532,1.048021584018541,161.44576555668382,-0.5319999169909363,1.1377081845793912e-11,1.0000000000000002,1.000000000000007
-0.532,1.048021584018541,162.94098371889282,-0.5319999170276707,1.1396260609372908e-11,1.0000000000000002,1.000000000000007
-0.532,1.048021584018541,164.4500497348682,-0.5319999170643229,1.1415574192972025e-11,1.0000000000000002,1.0000000000000067
-0.532,1.048021584018541,165.97309185549548,-0.5319999171007942,1.1435093205995115e-11,0.9999999999999999,1.0000000000000067
-0.532,1.048021584018541,167.5102395194472,-0.5319999171370119,1.145487750488539e-11,1.0000000000000002,1.0000000000000069
-0.532,1.048021584018541,169.06162336418203,-0.5319999171729325,1.1474975789651311e-11,1.0000000000000007,1.000000000000007
-0.532,1.048021584018541,170.6273752370482,-0.531999917208543,1.149541926164805e-11,1.0000000000000002,1.0000000000000069
-0.532,1.048021584018541,172.20762820648835,-0.5319999172438616,1.1516221179989022e-11,1.0000000000000007,1.0000000000000067
-0.532,1.048021584018541,173.80251657334924,-0.5319999172789373,1.1537380185080897e-11,1.0000000000000013,1.000000000000007
-0.532,1.048021584018541,175.41217588229446,-0.5319999173138458,1.1558871403119579e-11,1.000000000000001,1.0000000000000069
-0.532,1.048021584018541,177.0367429333253,-0.5319999173486885,1.1580663651500212e-11,1.0000000000000009,1.0000000000000067
-0.532,1.048021584018541,178.67635579340572,-0.5319999173835861,1.1602701639200724e-11,1.0000000000000013,1.0000000000000067
-0.532,1.048021584018541,180.33115380819694,-0.5319999174186738,1.162491838200233e-11,1.0000000000000016,1.0000000000000067
-0.532,1.048021584018541,182.00127761389967,-0.5319999174540965,1.164723723874264e-11,1.0000000000000013,1.0000000000000062
-0.532,1.048021584018541,183.68686914920713,-0.531999917490002,1.1669570079198967e-11,1.0000000000000018,1.0000000000000069
-0.532,1.048021584018541,185.38807166736675,-0.531999917526535,1.1691822948763899e-11,1.0000000000000013,1.0000000000000064
-0.532,1.048021584018541,187.10502974835543,-0.5319999175638319,1.1713891451636523e-11,1.0000000000000016,1.0000000000000064
-0.532,1.048021584018541,188.83788931116757,-0.5319999176020151,1.1735675973515355e-11,1.0000000000000016,1.0000000000000064
-0.532,1.048021584018541,190.58679762621514,-0.5319999176411883,1.1757075817472384e-11,1.0000000000000016,1.000000000000006
-0.532,1.048021584018541,192.35190332784438,-0.5319999176814337,1.177798995680502e-11,1.0000000000000013,1.0000000000000062
-0.532,1.048021584018541,194.13335642696757,-0.5319999177228073,1.1798324312150753e-11,1.0000000000000016,1.0000000000000062
-0.532,1.048021584018541,195.93130832381254,-0.5319999177653396,1.1817991745767283e-11,1.000000000000001,1.0000000000000056
-0.532,1.048021584018541,197.74591182078862,-0.5319999178090324,1.1836912908289e-11,1.0000000000000013,1.0000000000000056
-0.532,1.048021584018541,199.5773211354742,-0.5319999178538609,1.1855017245410267e-11,1.0000000000000009,1.0000000000000056
-0.532,1.048021584018541,201.42569191372198,-0.531999917899775,1.1872247616442457e-11,1.0000000000000007,1.000000000000005
-0.532,1.048021584018541,203.29118124288746,-0.5319999179467001,1.188855619841156e-11,1.0000000000000007,1.0000000000000044
-0.532,1.048021584018541,205.1739476651793,-0.5319999179945425,1.1903902329449631e-11,1.0000000000000002,1.0000000000000044
-0.532,1.048021584018541,207.07415119113296,-0.5319999180431912,1.1918264643439534e-11,1.0000000000000002,1.0000000000000044
-0.532,1.048021584018541,208.99195331321022,-0.5319999180925242,1.1931624628262878e-11,0.9999999999999998,1.0000000000000038
-0.532,1.048021584018541,210.92751701952352,-0.5319999181424115,1.1943982021771597e-11,0.9999999999999997,1.0000000000000036
-0.532,1.048021584018541,212.88100680768738,-0.5319999181927212,1.1955337076327934e-11,0.9999999999999999,1.000000000000003
-0.532,1.048021584018541,214.8525886987991,-0.5319999182433226,1.196570680330499e-11,0.9999999999999996,1.0000000000000029
-0.532,1.048021584018541,216.84243025154836,-0.5319999182940943,1.1975108340972555e-11,0.9999999999999991,1.0000000000000024
-0.532,1.048021584018541,218.85070057645706,-0.5319999183449242,1.198356706850343e-11,0.9999999999999993,1.0000000000000018
-0.532,1.048021584018541,220.87757035025237,-0.5319999183957169,1.1991117020122998e-11,0.9999999999999989,1.0000000000000013
-0.532,1.048021584018541,222.92321183037146,-0.5319999184463949,1.1997790523826382e-11,0.9999999999999984,1.0000000000000016
-0.532,1.048021584018541,224.9877988696007,-0.531999918496902,1.2003627147443172e-11,0.9999999999999991,1.000000000000001
-0.532,1.048021584018541,227.07150693085165,-0.5319999185472034,1.2008665807042252e-11,0.9999999999999989,1.0000000000000009
-0.532,1.048021584018541,229.17451310207272,-0.5319999185972895,1.2012947678426926e-11,0.9999999999999991,1.0000000000000007
-0.532,1.048021584018541,231.29699611129922,-0.5319999186471729,1.201651446827568e-11,0.999999999999999,1.0000000000000002
-0.532,1.048021584018541,233.4391363418438,-0.5319999186968906,1.2019408067854055e-11,0.999999999999999,1.0000000000000002
-0.532,1.048021584018541,235.60111584762504,-0.5319999187465,1.202167306871329e-11,0.9999999999999991,0.9999999999999998
-0.532,1.048021584018541,237.78311836864148,-0.5319999187960782,1.2023348024354512e-11,0.999999999999999,0.9999999999999999
-0.532,1.048021584018541,239.98532934658564,-0.5319999188457191,1.202447988784855e-11,0.9999999999999991,0.9999999999999996
-0.532,1.048021584018541,242.20793594060487,-0.5319999188955306,1.2025106630632712e-11,0.9999999999999994,0.9999999999999997
-0.532,1.048021584018541,244.4511270432073,-0.5319999189456295,1.2025274815833586e-11,0.9999999999999996,0.9999999999999996
-0.532,1.048021584018541,246.71509329631496,-0.53199991899614,1.202502750105893e-11,0.9999999999999999,0.9999999999999993
-0.532,1.048021584018541,249.00002710746668,-0.531999919047188,1.2024410954485314e-11,0.9999999999999996,0.9999999999999994
-0.532,1.048021584018541,251.3061226661696,-0.5319999190988982,1.2023470268730494e-11,0.9999999999999997,0.9999999999999993
-0.532,1.048021584018541,253.6335759604023,-0.5319999191513903,1.2022258188836486e-11,0.9999999999999997,0.9999999999999994
-0.532,1.048021584018541,255.98258479327197,-0.5319999192047751,1.2020824667581262e-11,1.0,0.9999999999999993
-0.532,1.048021584018541,258.3533487998248,-0.5319999192591516,1.201922250943071e-11,0.9999999999999997,0.9999999999999993
-0.532,1.048021584018541,260.7460694640121,-0.5319999193146044,1.2017512327275902e-11,1.0000000000000002,0.9999999999999993
-0.532,1.048021584018541,263.1609501358149,-0.5319999193712015,1.2015752240182917e-11,1.0,0.9999999999999993
-0.532,1.048021584018541,265.59819604852424,-0.531999919428993,1.2014005363694435e-11,1.0,0.9999999999999994
-0.532,1.048021584018541,268.0580143361851,-0.5319999194880091,1.2012336105375425e-11,1.0000000000000002,0.9999999999999996
-0.532,1.048021584018541,270.5406140511989,-0.5319999195482604,1.2010812073153977e-11,1.0000000000000004,0.9999999999999998
-0.532,1.048021584018541,273.0462061820903,-0.5319999196097378,1.2009501398115854e-11,1.0000000000000002,1.0
-0.532,1.048021584018541,275.57500367143905,-0.5319999196724136,1.2008475002385343e-11,1.0000000000000002,1.0000000000000002
-0.532,1.048021584018541,278.1272214339776,-0.5319999197362422,1.2007800652361102e-11,1.0000000000000002,1.0
-0.532,1.048021584018541,280.7030763748543,-0.531999919801162,1.200754458761046e-11,1.0000000000000002,1.0000000000000004
-0.532,1.048021584018541,283.30278740807006,-0.5319999198670977,1.2007779816299509e-11,0.9999999999999999,1.0000000000000004
-0.532,1.048021584018541,285.9265754750807,-0.5319999199339626,1.200856559865465e-11,1.0,1.0000000000000004
-0.532,1.048021584018541,288.57466356357577,-0.531999920001661,1.2009958911184331e-11,1.0000000000000002,1.0000000000000007
-0.532,1.048021584018541,291.24727672642865,-0.5319999200700919,1.2012021516986483e-11,1.0000000000000002,1.000000000000001
-0.532,1.048021584018541,293.94464210082356,-0.531999920139152,1.2014794446925377e-11,1.0,1.0000000000000013
-0.532,1.048021584018541,296.6669889275594,-0.5319999202087374,1.2018327157830266e-11,0.9999999999999999,1.000000000000001
-0.532,1.048021584018541,299.4145485705322,-0.5319999202787483,1.202264833501207e-11,0.9999999999999997,1.0000000000000013
-0.532,1.048021584018541,302.18755453639716,-0.5319999203490906,1.2027784663872942e-11,0.9999999999999998,1.0000000000000016
-0.532,1.048021584018541,304.9862424944146,-0.5319999204196794,1.2033752084651352e-11,1.0000000000000002,1.0000000000000018
-0.532,1.048021584018541,307.81085029647846,-0.5319999204904403,1.2040555784180587e-11,1.0,1.0000000000000016
-0.532,1.048021584018541,310.6616179973303,-0.5319999205613123,1.2048192634874558e-11,1.0000000000000002,1.0000000000000018
-0.532,1.048021584018541,313.5387878749621,-0.5319999206322485,1.2056647318149986e-11,1.0,1.0000000000000016
-0.532,1.048021584018541,316.44260445120455,-0.5319999207032188,1.206589552917771e-11,1.0000000000000002,1.0000000000000022
-0.532,1.048021584018541,319.3733145125105,-0.5319999207742079,1.2075902628736628e-11,1.0,1.0000000000000018
-0.532,1.048021584018541,322.3311671309267,-0.5319999208452194,1.2086623798734775e-11,0.9999999999999998,1.0000000000000018
-0.532,1.048021584018541,325.31641368526283,-0.5319999209162725,1.2098005809437058e-11,1.0000000000000002,1.000000000000002
-0.532,1.048021584018541,328.32930788245454,-0.5319999209874039,1.2109985148051421e-11,1.0,1.0000000000000022
-0.532,1.048021584018541,331.37010577912685,-0.5319999210586642,1.2122493941783938e-11,1.0,1.0000000000000022
-0.532,1.048021584018541,334.4390658033531,-0.5319999211301197,1.2135454159161381e-11,0.9999999999999998,1.0000000000000022
-0.532,1.048021584018541,337.53644877662083,-0.5319999212018486,1.214878479490711e-11,1.0000000000000002,1.0000000000000022
-0.532,1.048021584018541,340.66251793599554,-0.5319999212739401,1.2162398736016413e-11,1.0,1.0000000000000022
-0.532,1.048021584018541,343.81753895649405,-0.5319999213464929,1.2176208589767272e-11,1.0000000000000002,1.0000000000000022
-0.532,1.048021584018541,347.00177997366285,-0.5319999214196116,1.2190123720781009e-11,1.0,1.000000000000002
-0.532,1.048021584018541,350.2155116063659,-0.5319999214934058,1.2204051604414141e-11,1.0000000000000002,1.0000000000000018
-0.532,1.048021584018541,353.4590069797847,-0.5319999215679865,1.221790417153952e-11,1.0000000000000004,1.000000000000002
-0.532,1.048021584018541,356.73254174862967,-0.531999921643465,1.2231594117769255e-11,1.0000000000000004,1.0000000000000022
-0.532,1.048021584018541,360.0363941205664,-0.5319999217199499,1.2245037932746413e-11,1.0000000000000007,1.0000000000000018
-0.532,1.048021584018541,363.37084487986095,-0.5319999217975442,1.225815626651728e-11,1.0000000000000004,1.0000000000000016
-0.532,1.048021584018541,366.73617741124224,-0.531999921876345,1.2270877253117071e-11,1.0000000000000004,1.0000000000000022
-0.532,1.048021584018541,370.13267772398575,-0.5319999219564411,1.2283134553210081e-11,1.0000000000000002,1.0000000000000016
-0.532,1.048021584018541,373.5606344762222,-0.5319999220379089,1.22948692118805e-11,1.0000000000000004,1.0000000000000018
-0.532,1.048021584018541,377.02033899946696,-0.5319999221208154,1.2306033092736351e-11,1.0000000000000004,1.0000000000000018
-0.532,1.048021584018541,380.5120853233824,-0.5319999222052139,1.2316585375521204e-11,1.0000000000000004,1.0000000000000018
-0.532,1.048021584018541,384.03617020076405,-0.531999922291144,1.2326495241191154e-11,1.0000000000000007,1.0000000000000013
-0.532,1.048021584018541,387.5928931327621,-0.5319999223786316,1.2335741272516469e-11,1.0000000000000004,1.0000000000000016
-0.532,1.048021584018541,391.18255639433437,-0.5319999224676878,1.2344311922152232e-11,1.0000000000000004,1.000000000000001
-0.532,1.048021584018541,394.8054650599374,-0.5319999225583106,1.2352205514358795e-11,1.0000000000000004,1.0000000000000016
-0.532,1.048021584018541,398.4619270294508,-0.5319999226504827,1.2359429177718174e-11,1.0000000000000004,1.0000000000000013
-0.532,1.048021584018541,402.15225305434814,-0.5319999227441753,1.2365999665812707e-11,1.0000000000000002,1.0000000000000009
-0.532,1.048021584018541,405.87675676410373,-0.531999922839346,1.2371942451565097e-11,1.0000000000000004,1.0000000000000009
-0.532,1.048021584018541,409.6357546928489,-0.5319999229359422,1.2377288282090582e-11,1.0,1.0000000000000009
-0.532,1.048021584018541,413.4295663062725,-0.5319999230339021,1.2382078633577035e-11,1.0000000000000004,1.0000000000000009
-0.532,1.048021584018541,417.25851402877123,-0.5319999231331533,1.238635817481954e-11,1.0,1.000000000000001
-0.532,1.048021584018541,421.12292327085265,-0.5319999232336193,1.2390182774707795e-11,1.0000000000000002,1.000000000000001
-0.532,1.048021584018541,425.02312245678996,-0.5319999233352166,1.2393599544587225e-11,0.9999999999999999,1.0000000000000007
-0.532,1.048021584018541,428.95944305253283,-0.5319999234378605,1.2396673480929472e-11,1.0000000000000002,1.0000000000000004
-0.532,1.048021584018541,432.9322195938791,-0.531999923541463,1.239946118643183e-11,1.0000000000000004,1.0000000000000007
-0.532,1.048021584018541,436.9417897149054,-0.5319999236459375,1.2402024722985171e-11,1.0,1.0000000000000004
-0.532,1.048021584018541,440.98849417666133,-0.5319999237511991,1.2404428055730883e-11,1.0,1.0000000000000002
-0.532,1.048021584018541,445.0726768961314,-0.5319999238571672,1.240672826563947e-11,1.0000000000000002,1.0000000000000009
-0.532,1.048021584018541,449.19468497546023,-0.5319999239637655,1.2408984706440767e-11,1.0000000000000004,1.0000000000000002
-0.532,1.048021584018541,453.3548687314555,-0.5319999240709254,1.2411251655673017e-11,1.0,1.0000000000000004
-0.532,1.048021584018541,457.55358172535705,-0.5319999241785855,1.2413580228398469e-11,1.0000000000000002,1.0000000000000002
-0.532,1.048021584018541,461.7911807928867,-0.5319999242866941,1.2416015049782272e-11,0.9999999999999998,1.0000000000000007
-0.532,1.048021584018541,466.0680260745743,-0.5319999243952095,1.2418597222419188e-11,0.9999999999999997,1.0000000000000007
-0.532,1.048021584018541,470.3844810463644,-0.5319999245041,1.242136098964642e-11,0.9999999999999999,1.0000000000000007
-0.532,1.048021584018541,474.7409125505084,-0.5319999246133466,1.2424333132124284e-11,1.0000000000000002,1.0000000000000007
-0.532,1.048021584018541,479.1376908267404,-0.5319999247229401,1.2427533976947488e-11,0.9999999999999998,1.0000000000000004
-0.532,1.048021584018541,483.57518954374194,-0.5319999248328849,1.2430976421852581e-11,1.0000000000000002,1.0000000000000007
-0.532,1.048021584018541,488.0537858309,-0.5319999249431956,1.2434665534260977e-11,1.0000000000000002,1.0000000000000004
-0.532,1.048021584018541,492.5738603103579,-0.5319999250538989,1.2438598701749778e-11,1.0000000000000002,1.0000000000000004
-0.532,1.048021584018541,497.1357971293627,-0.5319999251650328,1.2442766476579341e-11,1.0,1.0000000000000002
-0.532,1.048021584018541,501.7399839929145,-0.5319999252766449,1.2447150370847432e-11,1.0000000000000002,1.0000000000000004
-0.532,1.048021584018541,506.3868121967132,-0.5319999253887921,1.2451726648465559e-11,1.0000000000000002,1.0000000000000004
-0.532,1.048021584018541,511.0766766604169,-0.5319999255015412,1.245646245898431e-11,1.0000000000000004,1.0000000000000004
-0.532,1.048021584018541,515.809975961202,-0.5319999256149653,1.2461319904294555e-11,1.0000000000000004,1.0000000000000007
-0.532,1.048021584018541,520.5871123676386,-0.5319999257291449,1.2466255283756877e-11,1.0000000000000007,1.0000000000000002
-0.532,1.048021584018541,525.4084918738774,-0.5319999258441654,1.2471218223241769e-11,1.0000000000000004,1.0000000000000002
-0.532,1.048021584018541,530.2745242341559,-0.5319999259601156,1.2476155097354207e-11,1.0000000000000004,1.0
-0.532,1.048021584018541,535.1856229976182,-0.5319999260770886,1.2481006239523602e-11,1.0000000000000004,1.0000000000000002
-0.532,1.048021584018541,540.1422055434659,-0.5319999261951768,1.2485711048429985e-11,1.0000000000000004,1.0000000000000002
-0.532,1.048021584018541,545.1446931164259,-0.5319999263144743,1.2490202760172652e-11,1.0000000000000004,1.0000000000000004
-0.532,1.048021584018541,550.1935108625528,-0.5319999264350728,1.2494416645139237e-11,1.0000000000000002,1.0000000000000002
-0.532,1.048021584018541,555.2890878653604,-0.5319999265570629,1.2498283386578497e-11,1.0,1.0000000000000004
-0.532,1.048021584018541,560.4318571822878,-0.5319999266805298,1.2501734760618077e-11,1.0000000000000004,1.0000000000000004
-0.532,1.048021584018541,565.6222558815047,-0.5319999268055551,1.25047041397145e-11,1.0000000000000002,0.9999999999999999
-0.532,1.048021584018541,570.8607250790558,-0.5319999269322142,1.2507123332609567e-11,1.0000000000000007,0.9999999999999999
-0.532,1.048021584018541,576.1477099763489,-0.5319999270605764,1.2508927840859517e-11,1.0000000000000004,0.9999999999999999
-0.532,1.048021584018541,581.4836598979924,-0.531999927190702,1.25100534935479e-11,1.0,0.9999999999999998
-0.532,1.048021584018541,586.8690283299819,-0.5319999273226447,1.2510440831459355e-11,1.0000000000000004,0.9999999999999998
-0.532,1.048021584018541,592.3042729582397,-0.5319999274564482,1.251003279317897e-11,1.0000000000000004,0.9999999999999998
-0.532,1.048021584018541,597.7898557075149,-0.5319999275921479,1.2508778149714196e-11,1.0000000000000002,0.9999999999999999
-0.532,1.048021584018541,603.3262427806361,-0.5319999277297689,1.2506627754219995e-11,1.0000000000000002,0.9999999999999997
-0.532,1.048021584018541,608.913904698138,-0.5319999278693269,1.2503538593514579e-11,1.0000000000000002,0.9999999999999997
-0.532,1.048021584018541,614.5533163382452,-0.5319999280108283,1.2499472801111067e-11,1.0000000000000002,1.0
-0.532,1.048021584018541,620.2449569772324,-0.5319999281542696,1.2494397298847869e-11,1.0000000000000002,0.9999999999999996
-0.532,1.048021584018541,625.9893103301563,-0.5319999282996368,1.2488284885808218e-11,1.0000000000000002,0.9999999999999994
-0.532,1.048021584018541,631.7868645919671,-0.5319999284469086,1.248111463671905e-11,1.0000000000000002,0.9999999999999994
-0.532,1.048021584018541,637.638112478994,-0.5319999285960545,1.247287110437146e-11,0.9999999999999998,0.9999999999999993
-0.532,1.048021584018541,643.5435512708254,-0.5319999287470346,1.2463544360964409e-11,1.0000000000000002,0.9999999999999992
-0.532,1.048021584018541,649.5036828525664,-0.5319999288998032,1.2453130187497312e-11,1.0000000000000002,0.9999999999999991
-0.532,1.048021584018541,655.5190137574945,-0.5319999290543067,1.2441630175573719e-11,1.0,0.9999999999999991
-0.532,1.048021584018541,661.5900552101086,-0.5319999292104862,1.2429052251917726e-11,1.0,0.9999999999999989
-0.532,1.048021584018541,667.7173231695753,-0.531999929368277,1.241540513270063e-11,0.9999999999999994,0.9999999999999991
-0.532,1.048021584018541,673.9013383735801,-0.5319999295276107,1.240071158427654e-11,0.9999999999999994,0.9999999999999989
-0.532,1.048021584018541,680.1426263825831,-0.5319999296884147,1.2384989797121592e-11,0.9999999999999997,0.9999999999999989
-0.532,1.048021584018541,686.4417176244827,-0.5319999298506144,1.236826599929525e-11,0.9999999999999994,0.9999999999999991
-0.532,1.048021584018541,692.7991474396972,-0.5319999300141336,1.2350573001488272e-11,0.9999999999999994,0.9999999999999987
-0.532,1.048021584018541,699.215456126661,-0.5319999301788957,1.2331942636230596e-11,0.9999999999999992,0.9999999999999983
-0.532,1.048021584018541,705.6911889877423,-0.531999930344824,1.2312413038821065e-11,0.9999999999999991,0.9999999999999988
-0.532,1.048021584018541,712.2268963755895,-0.5319999305118429,1.2292023866449004e-11,0.9999999999999994,0.9999999999999986
-0.532,1.048021584018541,718.8231337398989,-0.5319999306798797,1.2270816905153577e-11,0.9999999999999991,0.9999999999999984
-0.532,1.048021584018541,725.4804616746267,-0.5319999308488631,1.2248839735210809e-11,0.999999999999999,0.9999999999999984
-0.532,1.048021584018541,732.1994459656265,-0.5319999310187273,1.2226135269165225e-11,0.9999999999999991,0.9999999999999982
-0.532,1.048021584018541,738.9806576387373,-0.5319999311894091,1.2202750120537909e-11,0.9999999999999992,0.9999999999999982
-0.532,1.048021584018541,745.8246730083114,-0.5319999313608512,1.217873485363884e-11,0.9999999999999991,0.9999999999999984
-0.532,1.048021584018541,752.7320737261965,-0.5319999315330023,1.2154135256226559e-11,0.9999999999999988,0.9999999999999981
-0.532,1.048021584018541,759.7034468311634,-0.5319999317058159,1.212899967796644e-11,0.9999999999999991,0.9999999999999981
-0.532,1.048021584018541,766.7393847988028,-0.5319999318792531,1.210337808638856e-11,0.999999999999999,0.999999999999998
-0.532,1.048021584018541,773.8404855918722,-0.5319999320532816,1.2077314449107757e-11,0.9999999999999989,0.9999999999999979
-0.532,1.048021584018541,781.0073527111184,-0.5319999322278764,1.2050856414625787e-11,0.9999999999999986,0.9999999999999979
-0.532,1.048021584018541,788.2405952465664,-0.5319999324030196,1.2024047839561331e-11,0.999999999999999,0.9999999999999981
-0.532,1.048021584018541,795.5408279292831,-0.5319999325787005,1.1996931723163413e-11,0.9999999999999989,0.9999999999999978
-0.532,1.048021584018541,802.9086711836236,-0.5319999327549166,1.196954907810424e-11,0.9999999999999992,0.9999999999999982
-0.532,1.048021584018541,810.3447511799583,-0.5319999329316721,1.1941938871540652e-11,0.999999999999999,0.9999999999999979
-0.532,1.048021584018541,817.8496998878867,-0.5319999331089794,1.1914137606553763e-11,0.9999999999999992,0.9999999999999979
-0.532,1.048021584018541,825.4241551299497,-0.5319999332868572,1.1886180273191334e-11,0.9999999999999988,0.999999999999998
-0.532,1.048021584018541,833.0687606358348,-0.5319999334653321,1.1858098095474124e-11,0.999999999999999,0.999999999999998
-0.532,1.048021584018541,840.7841660970844,-0.5319999336444359,1.1829920867886752e-11,0.999999999999999,0.9999999999999979
-0.532,1.048021584018541,848.5710272223139,-0.531999933824208,1.1801675086686615e-11,0.9999999999999991,0.999999999999998
-0.532,1.048021584018541,856.4300057929329,-0.5319999340046931,1.1773384356605458e-11,0.999999999999999,0.9999999999999979
-0.532,1.048021584018541,864.3617697193946,-0.5319999341859409,1.1745071443651317e-11,0.9999999999999991,0.9999999999999979
-0.532,1.048021584018541,872.3669930979535,-0.5319999343680066,1.171675372379118e-11,0.9999999999999991,0.999999999999998
-0.532,1.048021584018541,880.4463562679581,-0.531999934550949,1.1688447409018804e-11,0.9999999999999991,0.9999999999999979
-0.532,1.048021584018541,888.6005458696701,-0.5319999347348318,1.1660168581070612e-11,0.9999999999999992,0.9999999999999979
-0.532,1.048021584018541,896.8302549026189,-0.5319999349197205,1.1631925774978545e-11,0.999999999999999,0.9999999999999979
-0.532,1.048021584018541,905.1361827845002,-0.5319999351056841,1.1603729497570424e-11,0.999999999999999,0.9999999999999979
-0.532,1.048021584018541,913.5190354106156,-0.5319999352927933,1.1575586326780406e-11,0.9999999999999993,0.9999999999999977
-0.532,1.048021584018541,921.9795252138629,-0.5319999354811202,1.1547501646454418e-11,0.9999999999999992,0.9999999999999979
-0.532,1.048021584018541,930.5183712252855,-0.5319999356707373,1.1519478822160853e-11,0.999999999999999,0.999999999999998
-0.532,1.048021584018541,939.1362991351807,-0.5319999358617183,1.1491517475645954e-11,0.999999999999999,0.9999999999999979
-0.532,1.048021584018541,947.8340413547725,-0.5319999360541355,1.1463617675488795e-11,0.9999999999999996,0.999999999999998
-0.532,1.048021584018541,956.6123370784595,-0.5319999362480602,1.1435780478429607e-11,0.9999999999999994,0.9999999999999982
-0.532,1.048021584018541,965.4719323466358,-0.5319999364435627,1.1408000114922015e-11,0.9999999999999996,0.999999999999998
-0.532,1.048021584018541,974.4135801090915,-0.5319999366407114,1.1380274385401558e-11,0.9999999999999992,0.9999999999999983
-0.532,1.048021584018541,983.4380402890077,-0.5319999368395715,1.1352596915970474e-11,0.9999999999999992,0.9999999999999981
-0.532,1.048021584018541,992.5460798475383,-0.5319999370402058,1.1324964069024324e-11,0.9999999999999993,0.9999999999999981
-0.532,1.048021584018541,1001.7384728489908,-0.5319999372426735,1.1297369912486205e-11,0.9999999999999993,0.9999999999999982
-0.532,1.048021584018541,1011.0160005266158,-0.5319999374470298,1.1269807918638508e-11,0.9999999999999994,0.9999999999999987
-0.532,1.048021584018541,1020.3794513489946,-0.5319999376533262,1.1242271121346427e-11,0.9999999999999993,0.999999999999998
-0.532,1.048021584018541,1029.8296210870567,-0.5319999378616102,1.1214754121952639e-11,0.9999999999999994,0.9999999999999981
-0.532,1.048021584018541,1039.3673128817031,-0.5319999380719236,1.118724982930086e-11,0.9999999999999994,0.9999999999999983
-0.532,1.048021584018541,1048.993337312066,-0.531999938284304,1.1159752655867471e-11,0.9999999999999994,0.9999999999999984
-0.532,1.048021584018541,1058.7085124643972,-0.5319999384987845,1.1132256795614134e-11,0.9999999999999992,0.9999999999999984
-0.532,1.048021584018541,1068.5136640015942,-0.531999938715392,1.1104756898461347e-11,0.9999999999999993,0.9999999999999983
-0.532,1.048021584018541,1078.4096252333723,-0.531999938934149,1.1077248149623037e-11,0.9999999999999993,0.9999999999999988
-0.532,1.048021584018541,1088.3972371870843,-0.5319999391550725,1.104972660902327e-11,0.999999999999999,0.9999999999999982
-0.532,1.048021584018541,1098.4773486791944,-0.5319999393781747,1.1022189072499272e-11,0.9999999999999989,0.9999999999999986
-0.532,1.048021584018541,1108.650816387419,-0.5319999396034625,1.0994632629941215e-11,0.999999999999999,0.9999999999999987
-0.532,1.048021584018541,1118.9185049235327,-0.5319999398309372,1.0967055453979348e-11,0.999999999999999,0.9999999999999987
-0.532,1.048021584018541,1129.2812869068487,-0.531999940060596,1.0939457201456964e-11,0.9999999999999991,0.9999999999999984
-0.532,1.048021584018541,1139.740043038382,-0.5319999402924314,1.091183676410671e-11,0.9999999999999992,0.9999999999999988
-0.532,1.048021584018541,1150.2956621756925,-0.5319999405264303,1.0884195720118688e-11,0.9999999999999992,0.9999999999999987
-0.532,1.048021584018541,1160.9490414084332,-0.5319999407625763,1.0856534835994343e-11,0.999999999999999,0.9999999999999988
-0.532,1.048021584018541,1171.7010861345848,-0.5319999410008487,1.0828857398462325e-11,0.9999999999999989,0.9999999999999987
-0.532,1.048021584018541,1182.5527101374053,-0.5319999412412231,1.0801165957644753e-11,0.9999999999999988,0.9999999999999988
-0.532,1.048021584018541,1193.5048356630894,-0.5319999414836712,1.0773463922210278e-11,0.9999999999999989,0.9999999999999989
-0.532,1.048021584018541,1204.55839349915,-0.5319999417281622,1.0745757399168803e-11,0.9999999999999991,0.9999999999999987
-0.532,1.048021584018541,1215.7143230535173,-0.5319999419746619,1.0718050539667156e-11,0.9999999999999988,0.9999999999999989
-0.532,1.048021584018541,1226.9735724343827,-0.5319999422231337,1.0690350604120823e-11,0.9999999999999987,0.9999999999999989
-0.532,1.048021584018541,1238.33709853077,-0.5319999424735392,1.066266245293169e-11,0.9999999999999987,0.9999999999999986
-0.532,1.048021584018541,1249.8058670938608,-0.5319999427258382,1.063499254118478e-11,0.9999999999999986,0.9999999999999992
-0.532,1.048021584018541,1261.3808528190714,-0.5319999429799886,1.0607350694756326e-11,0.9999999999999988,0.9999999999999989
-0.532,1.048021584018541,1273.0630394288874,-0.5319999432359479,1.0579741315106148e-11,0.9999999999999986,0.9999999999999988
-0.532,1.048021584018541,1284.8534197564702,-0.5319999434936725,1.0552175244743736e-11,0.9999999999999982,0.999999999999999
-0.532,1.048021584018541,1296.7529958300336,-0.5319999437531187,1.0524657067535868e-11,0.9999999999999984,0.999999999999999
-0.532,1.048021584018541,1308.7627789579997,-0.5319999440142431,1.0497196172068899e-11,0.9999999999999984,0.999999999999999
-0.532,1.048021584018541,1320.883789814951,-0.5319999442770021,1.0469799393550727e-11,0.9999999999999983,0.9999999999999992
-0.532,1.048021584018541,1333.1170585283726,-0.5319999445413535,1.0442475613060942e-11,0.9999999999999981,0.999999999999999
-0.532,1.048021584018541,1345.4636247661995,-0.5319999448072555,1.0415229752743337e-11,0.9999999999999984,0.9999999999999992
-0.532,1.048021584018541,1357.924537825179,-0.5319999450746683,1.0388070169172738e-11,0.9999999999999986,0.9999999999999991
-0.532,1.048021584018541,1370.500856720038,-0.531999945343553,1.0361001772021015e-11,0.9999999999999982,0.999999999999999
-0.532,1.048021584018541,1383.1936502734964,-0.5319999456138736,1.0334030871060849e-11,0.9999999999999982,0.9999999999999991
-0.532,1.048021584018541,1396.0039972070938,-0.5319999458855958,1.0307163152590604e-11,0.9999999999999983,0.9999999999999989
-0.532,1.048021584018541,1408.9329862328714,-0.5319999461586873,1.0280401287679991e-11,0.9999999999999984,0.999999999999999
-0.532,1.048021584018541,1421.9817161458968,-0.5319999464331193,1.0253748837544973e-11,0.999999999999998,0.9999999999999989
-0.532,1.048021584018541,1435.1512959176512,-0.5319999467088652,1.0227208540834882e-11,0.9999999999999981,0.9999999999999991
-0.532,1.048021584018541,1448.4428447902692,-0.5319999469859014,1.0200782764516508e-11,0.9999999999999983,0.9999999999999992
-0.532,1.048021584018541,1461.8574923716699,-0.5319999472642079,1.0174470149038227e-11,0.9999999999999982,0.9999999999999991
-0.532,1.048021584018541,1475.3963787315492,-0.5319999475437672,1.0148270753344523e-11,0.9999999999999983,0.9999999999999991
-0.532,1.048021584018541,1489.0606544982772,-0.531999947824566,1.0122182397765712e-11,0.9999999999999984,0.9999999999999992
-0.532,1.048021584018541,1502.8514809566846,-0.5319999481065941,1.0096202535393105e-11,0.9999999999999987,0.9999999999999989
-0.532,1.048021584018541,1516.7700301467542,-0.5319999483898444,1.0070326398426843e-11,0.9999999999999984,0.999999999999999
-0.532,1.048021584018541,1530.8174849632353,-0.5319999486743135,1.0044549040024165e-11,0.9999999999999983,0.9999999999999991
-0.532,1.048021584018541,1544.9950392561707,-0.5319999489600019,1.0018862847465314e-11,0.9999999999999982,0.9999999999999988
-0.532,1.048021584018541,1559.3038979323546,-0.5319999492469132,9.993260242803449e-12,0.9999999999999984,0.9999999999999992
-0.532,1.048021584018541,1573.7452770577393,-0.5319999495350541,9.967731571329816e-12,0.9999999999999984,0.999999999999999
-0.532,1.048021584018541,1588.3204039607824,-0.5319999498244355,9.942266068144095e-12,0.9999999999999984,0.9999999999999991
-0.532,1.048021584018541,1603.0305173367537,-0.531999950115071,9.916851883303422e-12,0.9999999999999989,0.999999999999999
-0.532,1.048021584018541,1617.8768673530133,-0.5319999504069771,9.891475326267317e-12,0.9999999999999986,0.9999999999999992
-0.532,1.048021584018541,1632.8607157552478,-0.5319999507001744,9.866122528838602e-12,0.9999999999999983,0.9999999999999992
-0.532,1.048021584018541,1647.9833359747165,-0.5319999509946856,9.840776844057432e-12,0.9999999999999984,0.9999999999999992
-0.532,1.048021584018541,1663.2460132364645,-0.531999951290536,9.815421504092978e-12,0.9999999999999984,0.9999999999999992
-0.532,1.048021584018541,1678.6500446685554,-0.5319999515877538,9.790038492310775e-12,0.9999999999999983,0.9999999999999992
-0.532,1.048021584018541,1694.1967394123092,-0.5319999518863697,9.764607944286272e-12,0.9999999999999984,0.9999999999999988
-0.532,1.048021584018541,1709.8874187335668,-0.5319999521864173,9.739110383251717e-12,0.9999999999999984,0.9999999999999991
-0.532,1.048021584018541,1725.7234161349695,-0.5319999524879303,9.713523773470313e-12,0.9999999999999983,0.999999999999999
-0.532,1.048021584018541,1741.706077469303,-0.5319999527909463,9.687825218100359e-12,0.9999999999999988,0.9999999999999991
-0.532,1.048021584018541,1757.8367610538646,-0.5319999530955026,9.661992423737378e-12,0.9999999999999986,0.9999999999999989
-0.532,1.048021584018541,1774.1168377859105,-0.5319999534016391,9.635999992064302e-12,0.9999999999999987,0.9999999999999989
-0.532,1.048021584018541,1790.547691259161,-0.5319999537093961,9.609824032200886e-12,0.9999999999999983,0.9999999999999992
-0.532,1.048021584018541,1807.1307178813868,-0.5319999540188157,9.583437986863231e-12,0.9999999999999986,0.9999999999999991
-0.532,1.048021584018541,1823.867326993091,-0.5319999543299392,9.556816759056836e-12,0.9999999999999989,0.9999999999999989
-0.532,1.048021584018541,1840.7589409872808,-0.531999954642809,9.529932636121299e-12,0.9999999999999989,0.9999999999999993
-0.532,1.048021584018541,1857.8069954303487,-0.5319999549574677,9.502758493787107e-12,0.9999999999999991,0.9999999999999991
-0.532,1.048021584018541,1875.012939184082,-0.5319999552739573,9.47526591752159e-12,0.9999999999999988,0.9999999999999989
-0.532,1.048021584018541,1892.378234528796,-0.5319999555923199,9.44742904093396e-12,0.9999999999999988,0.9999999999999991
-0.532,1.048021584018541,1909.9043572876058,-0.5319999559125965,9.419217343074303e-12,0.9999999999999992,0.9999999999999989
-0.532,1.048021584018541,1927.592796951861,-0.5319999562348273,9.39060401103286e-12,0.9999999999999991,0.999999999999999
-0.532,1.048021584018541,1945.4450568077177,-0.5319999565590515,9.361560515962665e-12,0.9999999999999991,0.9999999999999992
-0.532,1.048021584018541,1963.4626540639163,-0.5319999568853068,9.332057773359402e-12,0.9999999999999991,0.9999999999999991
-0.532,1.048021584018541,1981.6471199807077,-0.531999957213629,9.302068970229082e-12,0.9999999999999991,0.9999999999999989
-0.532,1.048021584018541,2000.0,-0.5319999575440527,9.271564387716603e-12,0.9999999999999991,0.9999999999999989
-0.3,1.0385768099155694,0.0,0.0,0.0,0.0,1.0385768099155694
-0.3,1.0385768099155694,0.05,-0.0011808697869136937,0.02322886033572284,0.02947102822165467,1.037998757937176
-0.3,1.0385768099155694,0.1,-0.004570438549866149,0.04419756103107404,0.05882878372191685,1.0374207343606099
-0.3,1.0385768099155694,0.15000000000000002,-0.009949686670450313,0.0630452402750996,0.08797294391737308,1.0368428093289113
-0.3,1.0385768099155694,0.2,-0.017113267810659853,0.07990619017516881,0.116816160543075,1.0362650943537188
-0.3,1.0385768099155694,0.25,-0.025869015374507812,0.09490968823050566,0.14528288010573195,1.035687737934199
-0.3,1.0385768099155694,0.30000000000000004,-0.03603743433832762,0.10817987827073773,0.17330825470028355,1.0351109213756042
-0.3,1.0385768099155694,0.35000000000000003,-0.047451184416104686,0.11983569550342284,0.20083713641284318,1.0345348547902067
-0.3,1.0385768099155694,0.4,-0.05995455653820291,0.1299908307044141,0.22782314922882088,1.0339597732697685
-0.3,1.0385768099155694,0.45,-0.0734029484714769,0.1387537289612323,0.254227832946116,1.0333859332236204
-0.3,1.0385768099155694,0.5,-0.0876623410986701,0.14622761873851267,0.2800198540830153,1.0328136088801447
-0.3,1.0385768099155694,0.55,-0.10260877984565672,0.15251056737628457,0.3051742791848777,1.0322430889522456
-0.3,1.0385768099155694,0.6000000000000001,-0.11812786157118384,0.157695559453891,0.3296719062899159,1.0316746734691087
-0.3,1.0385768099155694,0.65,-0.13411423188429394,0.16187059475670196,0.353498650622256,1.0311086707776937
-0.3,1.0385768099155694,0.7000000000000001,-0.15047109160522484,0.1651188028676126,0.37664498084900355,1.0305453947178262
-0.3,1.0385768099155694,0.75,-0.16710971623971388,0.16751857167278855,0.39910540247748433,1.0299851619747205
-0.3,1.0385768099155694,0.8,-0.18394898907982365,0.16914368732121537,0.42087798518086117,1.029428289612359
-0.3,1.0385768099155694,0.8500000000000001,-0.20091494788749906,0.1700634834106268,0.4419639310335297,1.028875092790356
-0.3,1.0385768099155694,0.9,-0.21794034760803935,0.1703429973901421,0.4623671808145061,1.0283258826660036
-0.3,1.0385768099155694,0.9500000000000001,-0.23496423908408368,0.1700431323725341,0.48209405569918634,1.027780964482059
-0.3,1.0385768099155694,1.0,-0.2519315635292986,0.16922082273714337,0.5011529318118868,1.0272406358396449
-0.3,1.0385768099155694,1.05,-0.26879276400735214,0.16792920207937265,0.5195539452544814,1.026705185154373
-0.3,1.0385768099155694,1.1,-0.2855034140940929,0.16621777222491205,0.5373087253609281,1.0261748902925683
-0.3,1.0385768099155694,1.1500000000000001,-0.30202386307750895,0.16413257217682356,0.5544301540554597,1.0256500173833476
-0.3,1.0385768099155694,1.2000000000000002,-0.31831889786426765,0.161716346002225,0.5709321493147254,1.0251308198011337
-0.3,1.0385768099155694,1.25,-0.33435742189875345,0.15900870879331355,0.5868294708512626,1.024617537312248
-0.3,1.0385768099155694,1.3,-0.350112150624369,0.15604630995523008,0.6021375462476619,1.0241103953783293
-0.3,1.0385768099155694,1.35,-0.36555932286709947,0.15286299318130359,0.6168723158785496,1.0236096046085819
-0.3,1.0385768099155694,1.4000000000000001,-0.3806784279610365,0.1494899525751729,0.6310500950611596,1.02311536035226
-0.3,1.0385768099155694,1.4500000000000002,-0.3954519484589858,0.14595588446971317,0.6446874519746187,1.0226278424222839
-0.3,1.0385768099155694,1.5,-0.4098651178790731,0.14228713457498396,0.6578010999833429,1.0221472149405981
-0.3,1.0385768099155694,1.55,-0.423905692795094,0.13850784016199238,0.670407803091183,1.0216736262956274
-0.3,1.0385768099155694,1.6,-0.4375637387831259,0.13464006705641365,0.6825242933404989,1.0212072092021274
-0.3,1.0385768099155694,1.6500000000000001,-0.450831429862967,0.13070394127700646,0.694167199053799,1.0207480808537204
-0.3,1.0385768099155694,1.7000000000000002,-0.46370286093899743,0.1267177752077178,0.7053529828951156,1.0202963431585435
-0.3,1.0385768099155694,1.75,-0.47617387258221733,0.12269818824073547,0.7160978888039039,1.0198520830486613
-0.3,1.0385768099155694,1.8,-0.48824188751255665,0.11866022187043797,0.7264178969260172,1.0194153728541462
-0.3,1.0385768099155694,1.85,-0.49990575826581535,0.11461744925568729,0.7363286857343241,1.0189862707331279
-0.3,1.0385768099155694,1.9000000000000001,-0.5111656255834189,0.11058207930062923,0.7458456005957392,1.0185648211494753
-0.3,1.0385768099155694,1.9500000000000002,-0.5220227870043515,0.10656505533244445,0.7549836281018918,1.0181510553902606
-0.3,1.0385768099155694,2.0,-0.5324795750695456,0.1025761484786629,0.7637573755374648,1.0177449921156094
-0.3,1.0385768099155694,2.0500000000000003,-0.5425392445587385,0.09862404586706865,0.7721810549135294,1.0173466379340539
-0.3,1.0385768099155694,2.1,-0.5522058682515066,0.0947164337881815,0.7802684710430542,1.0169559879970336
-0.3,1.0385768099155694,2.15,-0.5614842407625008,0.09086007597415133,0.7880330131823177,1.016573026606673
-0.3,1.0385768099155694,2.2,-0.5703797900051082,0.08706088715893039,0.7954876498052376,1.0161977278315286
-0.3,1.0385768099155694,2.25,-0.5788984958117998,0.08332400209305876,0.8026449261178712,1.015830056125475
-0.3,1.0385768099155694,2.3000000000000003,-0.5870468152308,0.0796538401925966,0.8095169639575754,1.0154699669454057
-0.3,1.0385768099155694,2.35,-0.5948316140478074,0.07605416600588542,0.8161154637558109,1.0151174073639262
-0.3,1.0385768099155694,2.4000000000000004,-0.60226010413007,0.07252814568416849,0.8224517082753606,1.0147723166736424
-0.3,1.0385768099155694,2.45,-0.6093397862275912,0.06907839964287854,0.8285365678620129,1.0144346269801108
-0.3,1.0385768099155694,2.5,-0.6160783978789734,0.06570705159979062,0.8343805069776776,1.0141042637809188
-0.3,1.0385768099155694,2.5500000000000003,-0.6224838660674128,0.062415774174450364,0.8399935918064981,1.0137811465287467
-0.3,1.0385768099155694,2.6,-0.6285642642751113,0.059205831230472475,0.8453854987481121,1.0134651891766282
-0.3,1.0385768099155694,2.6500000000000004,-0.63432777360289,0.05607811713862736,0.850565523632746,1.0131563007039437
-0.3,1.0385768099155694,2.7,-0.6397826476522745,0.05303319313424234,0.8555425915116013,1.0128543856220145
-0.3,1.0385768099155694,2.75,-0.6449371808975848,0.050071320937454936,0.8603252668930169,1.0125593444583847
-0.3,1.0385768099155694,2.8000000000000003,-0.6497996802960402,0.04719249379941141,0.8649217643103594,1.0122710742191956
-0.3,1.0385768099155694,2.85,-0.6543784398936024,0.04439646513168207,0.8693399591215786,1.0119894688292215
-0.3,1.0385768099155694,2.9000000000000004,-0.65868171818956,0.04168277487008229,0.8735873984529926,1.011714419549387
-0.3,1.0385768099155694,2.95,-0.6627177180312626,0.039050773717813334,0.8776713122112682,1.0114458153717012
-0.3,1.0385768099155694,3.0,-0.6664945688253274,0.03649964540643962,0.8815986240977909,1.0111835433917757
-0.3,1.0385768099155694,3.0500000000000003,-0.6700203108712611,0.034028427106778246,0.8853759625688219,1.0109274891591542
-0.3,1.0385768099155694,3.1,-0.6733028816429536,0.03163602811532825,0.8890096716930753,1.0106775370058423
-0.3,1.0385768099155694,3.1500000000000004,-0.6763501038587357,0.02932124693547468,0.892505821865701,1.010433570353519
-0.3,1.0385768099155694,3.2,-0.6791696751905953,0.027082786866397663,0.8958702203441987,1.01019547199996
-0.3,1.0385768099155694,3.25,-0.681769159469603,0.02491927020643505,0.899108421577653,1.0099631243853369
-0.3,1.0385768099155694,3.3000000000000003,-0.6841559792506076,0.02282925117161761,0.9022257373057996,1.0097364098390267
-0.3,1.0385768099155694,3.35,-0.6863374096073493,0.020811227624238367,0.905227246409004,1.0095152108076872
-0.3,1.0385768099155694,3.4000000000000004,-0.6883205730396913,0.01886365170065015,0.9081178044942917,1.0092994100653292
-0.3,1.0385768099155694,3.45,-0.6901124353864272,0.01698493942202426,0.9109020532060523,1.0090888909061722
-0.3,1.0385768099155694,3.5,-0.6917198026482808,0.015173479366553716,0.9135844292531724,1.0088835373210665
-0.3,1.0385768099155694,3.5500000000000003,-0.6931493186346322,0.01342764047655975,0.9161691731470308,1.008683234158282
-0.3,1.0385768099155694,3.6,-0.6944074633539731,0.011745779069160408,0.9186603376471391,1.0084878672694566
-0.3,1.0385768099155694,3.6500000000000004,-0.6955005520726674,0.010126245114586221,0.9210617959132285,1.0082973236414923
-0.3,1.0385768099155694,3.7,-0.696434734970609,0.008567387841885663,0.9233772493643285,1.0081114915151834
-0.3,1.0385768099155694,3.75,-0.6972159973268215,0.007067560727640733,0.9256102352468601,1.0079302604913436
-0.3,1.0385768099155694,3.8000000000000003,-0.6978501601734199,0.0056251259194168,0.9277641339150233,1.0077535216251747
-0.3,1.0385768099155694,3.85,-0.6983428813624905,0.004238458141988179,0.9298421758278319,1.007581167509612
-0.3,1.0385768099155694,3.9000000000000004,-0.698699656996602,0.0029059481309104095,0.9318474482679977,1.0074130923483433
-0.3,1.0385768099155694,3.95,-0.6989258231792309,0.001626005634745995,0.9337829017886417,1.007249192019196
-0.3,1.0385768099155694,4.0,-0.6990265580457952,0.000397062024180307,0.935651356394322,1.007089364128534
-0.3,1.0385768099155694,4.05,-0.6990068840393134,-0.0007824274566111296,0.9374555074634172,1.0069335080573052
-0.3,1.0385768099155694,4.1000000000000005,-0.6988716703971549,-0.0019139817636793794,0.9391979314191787,1.0067815249993304
-0.3,1.0385768099155694,4.15,-0.6986256358174423,-0.0029990924219582093,0.9408810911571015,1.0066333179924227
-0.3,1.0385768099155694,4.2,-0.698273351275853,-0.0040392221610693925,0.9425073412363864,1.0064887919428651
-0.3,1.0385768099155694,4.25,-0.6978192429660479,-0.005035803792684505,0.9440789328434176,1.0063478536437847
-0.3,1.0385768099155694,4.3,-0.6972675953397678,-0.005990239305895708,0.9455980185352244,1.0062104117879034
-0.3,1.0385768099155694,4.3500000000000005,-0.696622554225552,-0.0069038991589547,0.9470666567708816,1.0060763769751349
-0.3,1.0385768099155694,4.4,-0.6958881300078217,-0.007778121747508587,0.9484868162387786,1.0059456617154603
-0.3,1.0385768099155694,4.45,-0.6950682008504324,-0.00861421303110722,0.9498603799876021,1.005818180427513
-0.3,1.0385768099155694,4.5,-0.6941665159506787,-0.009413446301280996,0.951189149368755,1.0056938494332357
-0.3,1.0385768099155694,4.55,-0.6931866988111233,-0.010177062075903694,0.9524748477978173,1.005572586949003
-0.3,1.0385768099155694,4.6000000000000005,-0.6921322505176264,-0.010906268105862283,0.9537191243424636,1.005454313073521
-0.3,1.0385768099155694,4.65,-0.6910065530128386,-0.011602239481267717,0.954923557144124,1.0053389497728527
-0.3,1.0385768099155694,4.7,-0.6898128723552465,-0.012266118825559238,0.956089656680422,1.0052264208628445
-0.3,1.0385768099155694,4.75,-0.6885543619548437,-0.012899016566887146,0.9572188688752765,1.0051166519892447
-0.3,1.0385768099155694,4.800000000000001,-0.6872340657775874,-0.013502011277113394,0.9583125780633235,1.0050095706057676
-0.3,1.0385768099155694,4.8500000000000005,-0.6858549215119752,-0.014076150069646362,0.9593721098150887,1.0049051059503467
-0.3,1.0385768099155694,4.9,-0.6844197636922363,-0.014622449048135755,0.960398733629142,1.0048031890197897
-0.3,1.0385768099155694,4.95,-0.6829313267736978,-0.015141893798797898,0.9613936654972449,1.0047037525430633
-0.3,1.0385768099155694,5.0,-0.6813922481567266,-0.015635439919825453,0.9623580703482641,1.0046067309533686
-0.3,1.0385768099155694,5.050000000000001,-0.6798050711563349,-0.0161040135819644,0.9632930643764205,1.0045120603592117
-0.3,1.0385768099155694,5.1000000000000005,-0.678172247914959,-0.016548512114917965,0.9641997172592361,1.0044196785146093
-0.3,1.0385768099155694,5.15,-0.676496142256259,-0.01696980461476545,0.9650790542702924,1.0043295247885948
-0.3,1.0385768099155694,5.2,-0.6747790324780122,-0.0173687325680694,0.965932058291754,1.0042415401341473
-0.3,1.0385768099155694,5.25,-0.6730231140824072,-0.017746110488787208,0.9667596717313532,1.0041556670566851
-0.3,1.0385768099155694,5.300000000000001,-0.6712305024423081,-0.018102726564508936,0.9675627983483714,1.0040718495822138
-0.3,1.0385768099155694,5.3500000000000005,-0.6694032354023857,-0.018439343308914617,0.9683423049929407,1.003990033225267
-0.3,1.0385768099155694,5.4,-0.6675432758143792,-0.018756698217681615,0.9690990232627976,1.0039101649566957
-0.3,1.0385768099155694,5.45,-0.6656525140061444,-0.01905550442538197,0.9698337510814475,1.003832193171434
-0.3,1.0385768099155694,5.5,-0.6637327701845374,-0.0193364513611906,0.9705472542015066,1.003756067656273
-0.3,1.0385768099155694,5.550000000000001,-0.6617857967724756,-0.019600205401481045,0.9712402676368366,1.003681739557765
-0.3,1.0385768099155694,5.6000000000000005,-0.6598132806808155,-0.019847410517619304,0.9719134970268937,1.0036091613502713
-0.3,1.0385768099155694,5.65,-0.6578168455158302,-0.020078688917475877,0.9725676199365891,1.003538286804247
-0.3,1.0385768099155694,5.7,-0.6557980537231766,-0.02029464167936993,0.9732032870947724,1.0034690709547955
-0.3,1.0385768099155694,5.75,-0.6537584086692804,-0.020495849377332193,0.9738211235743227,1.0034014700705451
-0.3,1.0385768099155694,5.800000000000001,-0.6516993566610786,-0.020682872696730827,0.9744217299166841,1.00333544162288
-0.3,1.0385768099155694,5.8500000000000005,-0.6496222889050474,-0.02085625303944679,0.9750056832035473,1.0032709442555718
-0.3,1.0385768099155694,5.9,-0.6475285434064657,-0.02101651311791379,0.9755735380782496,1.0032079377548369
-0.3,1.0385768099155694,5.95,-0.645419406809882,-0.021164157537452648,0.9761258277193425,1.0031463830198373
-0.3,1.0385768099155694,6.0,-0.6432961161818407,-0.021299673366435384,0.9766630647686565,1.0030862420336712
-0.3,1.0385768099155694,6.050000000000001,-0.6411598607369657,-0.021423530693906477,0.9771857422160753,1.0030274778348434
-0.3,1.0385768099155694,6.1000000000000005,-0.6390117835086344,-0.02153618317437334,0.9776943342431385,1.0029700544892588
-0.3,1.0385768099155694,6.15,-0.6368529829655287,-0.02163806855955266,0.9781892970274687,1.0029139370627373
-0.3,1.0385768099155694,6.2,-0.6346845145754434,-0.021729609216925867,0.9786710695099266,1.0028590915940627
-0.3,1.0385768099155694,6.25,-0.6325073923177784,-0.02181121263501746,0.9791400741263258,1.0028054850685795
-0.3,1.0385768099155694,6.300000000000001,-0.6303225901461555,-0.02188327191536153,0.9795967175054026,1.00275308539234
-0.3,1.0385768099155694,6.3500000000000005,-0.6281310434026003,-0.02194616625116969,0.9800413911347065,1.0027018613668062
-0.3,1.0385768099155694,6.4,-0.6259336501846924,-0.022000261392753864,0.9804744719959483,1.0026517826641117
-0.3,1.0385768099155694,6.45,-0.6237312726670523,-0.022045910099794785,0.9808963231712965,1.002602819802884
-0.3,1.0385768099155694,6.5,-0.6215247383784626,-0.022083452580577388,0.9813072944220244,1.0025549441246218
-0.3,1.0385768099155694,6.550000000000001,-0.6193148414358911,-0.02211321691834304,0.9817077227408452,1.0025081277706358
-0.3,1.0385768099155694,6.6000000000000005,-0.617102343736619,-0.02213551948493154,0.9820979328792067,1.0024623436595395
-0.3,1.0385768099155694,6.65,-0.6148879761096661,-0.02215066534190668,0.9824782378507472,1.0024175654652943
-0.3,1.0385768099155694,6.7,-0.6126724394276729,-0.022158948629376365,0.9828489394120625,1.0023737675957958
-0.3,1.0385768099155694,6.75,-0.6104564056803959,-0.02216065294273303,0.9832103285218796,1.0023309251720074
-0.3,1.0385768099155694,6.800000000000001,-0.6082405190109768,-0.022156051697552616,0.9835626857796583,1.0022890140076233
-0.3,1.0385768099155694,6.8500000000000005,-0.6060253967161426,-0.02214540848289936,0.983906281844616,1.0022480105892586
-0.3,1.0385768099155694,6.9,-0.6038116302114985,-0.02212897740329291,0.9842413778361074,1.0022078920571573
-0.3,1.0385768099155694,6.95,-0.601599785963077,-0.022107003409599715,0.9845682257162477,1.0021686361864215
-0.3,1.0385768099155694,7.0,-0.5993904063862742,-0.0220797226191152,0.9848870686556165,1.0021302213687284
-0.3,1.0385768099155694,7.050000000000001,-0.59718401071331,-0.022047362625106877,0.985198141382856,1.0020926265945507
-0.3,1.0385768099155694,7.1000000000000005,-0.5949810958302976,-0.022010142796090447,0.98550167051892,1.0020558314358647
-0.3,1.0385768099155694,7.15,-0.5927821370849689,-0.021968274565111134,0.9857978748966951,1.0020198160293263
-0.3,1.0385768099155694,7.2,-0.5905875890660726,-0.021921961709303092,0.9860869658666861,1.0019845610599158
-0.3,1.0385768099155694,7.25,-0.5883978863554098,-0.02187140061999849,0.9863691475894246,1.0019500477450431
-0.3,1.0385768099155694,7.300000000000001,-0.5862134442534159,-0.021816780563655554,0.9866446173152126,1.0019162578190928
-0.3,1.0385768099155694,7.3500000000000005,-0.5840346594791856,-0.021758283933873204,0.9869135656518035,1.0018831735184135
-0.3,1.0385768099155694,7.4,-0.5818619108457663,-0.02169608649475619,0.9871761768205688,1.0018507775667258
-0.3,1.0385768099155694,7.45,-0.5796955599115493,-0.02163035761589137,0.9874326289017091,1.0018190531609557
-0.3,1.0385768099155694,7.5,-0.5775359516085397,-0.021561260499191683,0.9876830940689848,1.00178798395747
-0.3,1.0385768099155694,7.550000000000001,-0.5753834148482858,-0.021488952397860417,0.9879277388144839,1.0017575540587091
-0.3,1.0385768099155694,7.6000000000000005,-0.5732382631062108,-0.02141358482772255,0.9881667241638554,1.001727748000204
-0.3,1.0385768099155694,7.65,-0.5711007949851111,-0.021335303771166964,0.9884002058824751,1.0016985507379847
-0.3,1.0385768099155694,7.7,-0.568971294758531,-0.021254249873935954,0.9886283346729369,1.0016699476363373
-0.3,1.0385768099155694,7.75,-0.5668500328947482,-0.021170558634995146,0.988851256364274,1.0016419244559347
-0.3,1.0385768099155694,7.800000000000001,-0.5647372665620567,-0.021084360589710024,0.9890691120932884,1.001614467342306
-0.3,1.0385768099155694,7.8500000000000005,-0.5626332401160489,-0.020995781486550916,0.989282038478349,1.0015875628146573
-0.3,1.0385768099155694,7.9,-0.5605381855695348,-0.020904942457541625,0.9894901677859855,1.0015611977550087
-0.3,1.0385768099155694,7.95,-0.55845232304576,-0.02081196018266221,0.9896936280906207,1.0015353593976661
-0.3,1.0385768099155694,8.0,-0.5563758612155149,-0.020716947048410317,0.9898925434277406,1.0015100353189967
-0.3,1.0385768099155694,8.05,-0.5543089977187314,-0.02062001130071956,0.990087033940792,1.0014852134275127
-0.3,1.0385768099155694,8.1,-0.5522519195711254,-0.02052125719242861,0.9902772160221033,1.001460881954252
-0.3,1.0385768099155694,8.15,-0.5502048035564027,-0.020420785125488335,0.9904632024480737,1.001437029443443
-0.3,1.0385768099155694,8.200000000000001,-0.5481678166045565,-0.020318691788089076,0.9906451025089036,1.0014136447434476
-0.3,1.0385768099155694,8.25,-0.5461411161567219,-0.020215070286884945,0.9908230221330967,1.0013907169979799
-0.3,1.0385768099155694,8.3,-0.5441248505170676,-0.02011001027448615,0.9909970640069746,1.0013682356375881
-0.3,1.0385768099155694,8.35,-0.5421191591921571,-0.020003598072385307,0.9911673276894024,1.0013461903713803
-0.3,1.0385768099155694,8.4,-0.5401241732182318,-0.01989591678947885,0.991333909721964,1.0013245711790193
-0.3,1.0385768099155694,8.450000000000001,-0.5381400154768137,-0.01978704643633858,0.9914969037347666,1.0013033683029393
-0.3,1.0385768099155694,8.5,-0.5361668009990573,-0.019677064035384443,0.9916564005480588,1.0012825722408067
-0.3,1.0385768099155694,8.55,-0.5342046372592343,-0.019566043727104042,0.9918124882698678,1.0012621737382044
-0.3,1.0385768099155694,8.6,-0.5322536244577505,-0.019454056872459925,0.9919652523898048,1.0012421637815374
-0.3,1.0385768099155694,8.65,-0.5303138557940709,-0.01934117215162067,0.992114775869216,1.001222533591151
-0.3,1.0385768099155694,8.700000000000001,-0.5283854177299192,-0.01922745565914782,0.9922611392278297,1.0012032746146577
-0.3,1.0385768099155694,8.75,-0.5264683902431156,-0.019112970995765508,0.9924044206270533,1.001184378520462
-0.3,1.0385768099155694,8.8,-0.5245628470723986,-0.01899777935683597,0.9925446959500592,1.001165837191483
-0.3,1.0385768099155694,8.85,-0.5226688559535626,-0.018881939617659552,0.992682038878805,1.0011476427190693
-0.3,1.0385768099155694,8.9,-0.5207864788472376,-0.01876550841571367,0.9928165209680999,1.0011297873970841
-0.3,1.0385768099155694,8.950000000000001,-0.5189157721586146,-0.01864854022994176,0.9929482117168617,1.0011122637161853
-0.3,1.0385768099155694,9.0,-0.5170567869494159,-0.0185310874571985,0.9930771786366696,1.0010950643582643
-0.3,1.0385768099155694,9.05,-0.5152095691423859,-0.018413200485954646,0.9932034873177313,1.0010781821910604
-0.3,1.0385768099155694,9.1,-0.5133741597185765,-0.018294927767360778,0.9933272014923676,1.0010616102629288
-0.3,1.0385768099155694,9.15,-0.5115505949076774,-0.01817631588376595,0.9934483830961214,1.0010453417977763
-0.3,1.0385768099155694,9.200000000000001,-0.5097389063716399,-0.018057409614783526,0.9935670923265965,1.001029370190139
-0.3,1.0385768099155694,9.25,-0.5079391213818242,-0.017938252000993367,0.993683387700098,1.0010136890004107
-0.3,1.0385768099155694,9.3,-0.5061512629898971,-0.017818884405366796,0.9937973261061914,1.000998291950221
-0.3,1.0385768099155694,9.35,-0.504375350192694,-0.017699346572496437,0.9939089628602411,1.0009831729179377
-0.3,1.0385768099155694,9.4,-0.5026113980912588,-0.01757967668571164,0.9940183517540387,1.0009683259343185
-0.3,1.0385768099155694,9.450000000000001,-0.5008594180442533,-0.017459911422155926,0.9941255451045639,1.0009537451782802
-0.3,1.0385768099155694,9.5,-0.49911941781594504,-0.017340086005900982,0.9942305938009859,1.0009394249728056
-0.3,1.0385768099155694,9.55,-0.4973914017189537,-0.017220234259168434,0.994333547349956,1.0009253597809595
-0.3,1.0385768099155694,9.600000000000001,-0.4956753707519491,-0.017100388651728884,0.9944344539192701,1.0009115442020364
-0.3,1.0385768099155694,9.65,-0.49397132273247524,-0.016980580348543807,0.9945333603799607,1.0008979729678134
-0.3,1.0385768099155694,9.700000000000001,-0.49227925242507925,-0.016860839255715007,0.9946303123468818,1.0008846409389174
-0.3,1.0385768099155694,9.75,-0.4905991516649173,-0.016741194064802806,0.9947253542178567,1.0008715431012998
-0.3,1.0385768099155694,9.8,-0.4889310094769959,-0.01662167229557264,0.9948185292114241,1.0008586745628165
-0.3,1.0385768099155694,9.850000000000001,-0.4872748121912163,-0.016502300337226956,0.9949098794032603,1.000846030549908
-0.3,1.0385768099155694,9.9,-0.48563054355336993,-0.016383103488177796,0.9949994457613207,1.0008336064043781
-0.3,1.0385768099155694,9.950000000000001,-0.4839981848322332,-0.016264105994412924,0.9950872681797404,1.0008213975802662
-0.3,1.0385768099155694,10.0,-0.4823777149229064,-0.016145331086506648,0.9951733855115624,1.0008093996408132
-0.3,1.0385768099155694,10.05,-0.48076911044652937,-0.016026801015324606,0.9952578356003235,1.000797608255515
-0.3,1.0385768099155694,10.100000000000001,-0.4791723458465059,-0.015908537086469974,0.9953406553105494,1.0007860191972653
-0.3,1.0385768099155694,10.15,-0.4775873934813567,-0.015790559693516476,0.9954218805571938,1.0007746283395775
-0.3,1.0385768099155694,10.200000000000001,-0.4760142237143253,-0.01567288835007254,0.995501546334075,1.0007634316538931
-0.3,1.0385768099155694,10.25,-0.47445280499984405,-0.015555541720718652,0.9955796867413361,1.0007524252069633
-0.3,1.0385768099155694,10.3,-0.47290310396697355,-0.015438537650858862,0.9956563350119685,1.0007416051583131
-0.3,1.0385768099155694,10.350000000000001,-0.4713650854999124,-0.015321893195525549,0.995731523537442,1.000730967757771
-0.3,1.0385768099155694,10.4,-0.46983871281568385,-0.015205624647175465,0.9958052838924653,1.000720509343079
-0.3,1.0385768099155694,10.450000000000001,-0.46832394753908935,-0.015089747562513236,0.9958776468589128,1.0007102263375656
-0.3,1.0385768099155694,10.5,-0.4668207497750258,-0.01497427678837756,0.9959486424489574,1.0007001152478887
-0.3,1.0385768099155694,10.55,-0.4653290781782516,-0.014859226486723836,0.996018299927424,1.000690172661844
-0.3,1.0385768099155694,10.600000000000001,-0.4638488900206924,-0.014744610158735773,0.9960866478334051,1.0006803952462364
-0.3,1.0385768099155694,10.65,-0.4623801412563671,-0.01463044066809714,0.99615371400116,1.0006707797448107
-0.3,1.0385768099155694,10.700000000000001,-0.46092278658401514,-0.014516730263453985,0.9962195255803259,1.0006613229762413
-0.3,1.0385768099155694,10.75,-0.4594767795075097,-0.014403490600096384,0.996284109055466,1.0006520218321875
-0.3,1.0385768099155694,10.8,-0.4580420723941309,-0.014290732760887543,0.9963474902649813,1.0006428732753911
-0.3,1.0385768099155694,10.850000000000001,-0.4566186165307705,-0.014178467276467254,0.9964096944193991,1.000633874337839
-0.3,1.0385768099155694,10.9,-0.4552063621781478,-0.014066704144755788,0.9964707461190816,1.000625022118973
-0.3,1.0385768099155694,10.950000000000001,-0.45380525862310245,-0.013955452849782939,0.9965306693713516,1.000616313783953
-0.3,1.0385768099155694,11.0,-0.45241525422903744,-0.013844722379866585,0.9965894876070701,1.0006077465619683
-0.3,1.0385768099155694,11.05,-0.4510362964845702,-0.013734521245163691,0.996647223696692,1.0005993177445947
-0.3,1.0385768099155694,11.100000000000001,-0.4496683320504673,-0.013624857494616253,0.9967038999657957,1.0005910246842027
-0.3,1.0385768099155694,11.15,-0.4483113068049099,-0.013515738732313567,0.9967595382101316,1.0005828647924049
-0.3,1.0385768099155694,11.200000000000001,-0.4469651658871645,-0.013407172133291711,0.9968141597101872,1.0005748355385526
-0.3,1.0385768099155694,11.25,-0.4456298537397002,-0.013299164458789895,0.9968677852452971,1.0005669344482697
-0.3,1.0385768099155694,11.3,-0.4443053141488184,-0.013191722070983278,0.9969204351073104,1.0005591591020304
-0.3,1.0385768099155694,11.350000000000001,-0.4429914902838401,-0.013084850947210425,0.996972129113827,1.0005515071337785
-0.3,1.0385768099155694,11.4,-0.4416883247349006,-0.012978556693713445,0.9970228866210267,1.0005439762295776
-0.3,1.0385768099155694,11.450000000000001,-0.4403957595494045,-0.012872844558907965,0.997072726536099,1.0005365641263084
-0.3,1.0385768099155694,11.5,-0.4391137362671774,-0.012767719446199432,0.9971216673292885,1.0005292686103957
-0.3,1.0385768099155694,11.55,-0.4378421959543651,-0.012663185926361722,0.9971697270455685,1.0005220875165746
-0.3,1.0385768099155694,11.600000000000001,-0.4365810792361192,-0.012559248249493523,0.9972169233159615,1.000515018726684
-0.3,1.0385768099155694,11.65,-0.4353303263281089,-0.012455910356567129,0.9972632733685107,1.000508060168504
-0.3,1.0385768099155694,11.700000000000001,-0.43408987706689706,-0.012353175890583996,0.9973087940389161,1.000501209814613
-0.3,1.0385768099155694,11.75,-0.43285967093922095,-0.012251048207350937,0.9973535017808566,1.0004944656812913
-0.3,1.0385768099155694,11.8,-0.4316396471102083,-0.012149530385889973,0.9973974126759908,1.0004878258274355
-0.3,1.0385768099155694,11.850000000000001,-0.4304297444505697,-0.012048625238494742,0.9974405424436659,1.000481288353522
-0.3,1.0385768099155694,11.9,-0.42922990156279683,-0.011948335320445863,0.9974829064503312,1.0004748514005815
-0.3,1.0385768099155694,11.950000000000001,-0.42804005680640134,-0.011848662939396891,0.9975245197186725,1.0004685131492168
-0.3,1.0385768099155694,12.0,-0.42686014832222663,-0.011749610164442491,0.9975653969364765,1.0004622718186365
-0.3,1.0385768099155694,12.05,-0.42569011405586127,-0.01165117883487978,0.9976055524652314,1.0004561256657165
-0.3,1.0385768099155694,12.100000000000001,-0.4245298917801899,-0.011553370568673444,0.9976450003484753,1.0004500729840915
-0.3,1.0385768099155694,12.15,-0.4233794191171052,-0.011456186770634928,0.9976837543198982,1.0004441121032686
-0.3,1.0385768099155694,12.200000000000001,-0.4222386335584132,-0.011359628640325484,0.9977218278112127,1.0004382413877615
-0.3,1.0385768099155694,12.25,-0.4211074724859572,-0.011263697179692717,0.9977592339597836,1.0004324592362501
-0.3,1.0385768099155694,12.3,-0.419985873190993,-0.01116839320044964,0.9977959856160517,1.0004267640807667
-0.3,1.0385768099155694,12.350000000000001,-0.4188737728928343,-0.011073717331205329,0.9978320953507333,1.0004211543858967
-0.3,1.0385768099155694,12.4,-0.4177711087567978,-0.010979670024355386,0.9978675754618088,1.000415628648006
-0.3,1.0385768099155694,12.450000000000001,-0.41667781791147196,-0.010886251562740779,0.9979024379813274,1.000410185394485
-0.3,1.0385768099155694,12.5,-0.4155938374653347,-0.01079346206608272,0.9979366946819983,1.0004048231830158
-0.3,1.0385768099155694,12.55,-0.41451910452273727,-0.0107013014972014,0.9979703570836077,1.000399540600858
-0.3,1.0385768099155694,12.600000000000001,-0.41345355619928154,-0.010609769668025874,0.998003436459247,1.0003943362641525
-0.3,1.0385768099155694,12.65,-0.4123971296366105,-0.01051886624540228,0.9980359438413684,1.0003892088172412
-0.3,1.0385768099155694,12.700000000000001,-0.41134976201662904,-0.010428590756707117,0.998067890027671,1.0003841569320115
-0.3,1.0385768099155694,12.75,-0.41031139057517696,-0.010338942595272457,0.9980992855868169,1.0003791793072498
-0.3,1.0385768099155694,12.8,-0.40928195261517303,-0.010249921025629211,0.998130140863994,1.000374274668019
-0.3,1.0385768099155694,12.850000000000001,-0.40826138551924535,-0.010161525188574754,0.9981604659863205,1.0003694417650455
-0.3,1.0385768099155694,12.9,-0.40724962676186693,-0.01007375410607086,0.9981902708681001,1.0003646793741277
-0.3,1.0385768099155694,12.950000000000001,-0.4062466139210106,-0.009986606685977591,0.9982195652159325,1.0003599862955577
-0.3,1.0385768099155694,13.0,-0.4052522846893414,-0.00990008172662881,0.998248358533685,1.0003553613535565
-0.3,1.0385768099155694,13.05,-0.4042665768849601,-0.009814177921254469,0.9982766601273226,1.0003508033957245
-0.3,1.0385768099155694,13.100000000000001,-0.40328942846171234,-0.009728893862255079,0.998304479109616,1.0003463112925108
-0.3,1.0385768099155694,13.15,-0.4023207775190759,-0.009644228045333074,0.9983318244047081,1.000341883936686
-0.3,1.0385768099155694,13.200000000000001,-0.4013605623116434,-0.009560178873486,0.998358704752572,1.0003375202428382
-0.3,1.0385768099155694,13.25,-0.4004087212582103,-0.009476744660866222,0.9983851287133344,1.0003332191468783
-0.3,1.0385768099155694,13.3,-0.39946519295048105,-0.009393923636511457,0.9984111046714926,1.0003289796055557
-0.3,1.0385768099155694,13.350000000000001,-0.3985299161614073,-0.009311713947950566,0.9984366408400162,1.0003248005959893
-0.3,1.0385768099155694,13.4,-0.39760282985317064,-0.009230113664688767,0.9984617452643347,1.0003206811152106
-0.3,1.0385768099155694,13.450000000000001,-0.39668387318481685,-0.009149120781576188,0.9984864258262253,1.000316620179714
-0.3,1.0385768099155694,13.5,-0.3957729855195611,-0.009068733222063748,0.9985106902475922,1.0003126168250231
-0.3,1.0385768099155694,13.55,-0.3948701064317683,-0.008988948841350146,0.9985345460941544,1.0003086701052692
-0.3,1.0385768099155694,13.600000000000001,-0.3939751757136205,-0.008909765429423346,0.9985580007790236,1.000304779092772
-0.3,1.0385768099155694,13.65,-0.3930881333814874,-0.008831180714000375,0.9985810615661997,1.0003009428776393
-0.3,1.0385768099155694,13.700000000000001,-0.39220891968200267,-0.008753192363368552,0.9986037355739722,1.0002971605673743
-0.3,1.0385768099155694,13.75,-0.39133747509786104,-0.00867579798913149,0.998626029778227,1.0002934312864893
-0.3,1.0385768099155694,13.8,-0.3904737403533444,-0.008598995148863076,0.9986479510156755,1.0002897541761355
-0.3,1.0385768099155694,13.850000000000001,-0.389617656419586,-0.00852278134867238,0.9986695059869949,1.0002861283937339
-0.3,1.0385768099155694,13.9,-0.38876916451958315,-0.00844715404568249,0.9986907012598927,1.0002825531126218
-0.3,1.0385768099155694,13.950000000000001,-0.3879282061329655,-0.008372110650425974,0.9987115432720856,1.0002790275217073
-0.3,1.0385768099155694,14.0,-0.3870947230005284,-0.00829764852915997,0.9987320383342069,1.0002755508251255
-0.3,1.0385768099155694,14.05,-0.3862686571285398,-0.008223765006103265,0.9987521926326399,1.0002721222419144
-0.3,1.0385768099155694,14.100000000000001,-0.38544995079282884,-0.008150457365598033,0.9987720122322772,1.0002687410056896
-0.3,1.0385768099155694,14.15,-0.3846385465426616,-0.008077722854198813,0.9987915030792127,1.0002654063643286
-0.3,1.0385768099155694,14.200000000000001,-0.3838343872044143,-0.008005558682690893,0.9988106710033606,1.0002621175796669
-0.3,1.0385768099155694,14.25,-0.3830374158850491,-0.007933962028040545,0.9988295217210169,1.0002588739271983
-0.3,1.0385768099155694,14.3,-0.38224757597540093,-0.007862930035279332,0.9988480608373491,1.0002556746957811
-0.3,1.0385768099155694,14.350000000000001,-0.3814648111532775,-0.007792459819324556,0.9988662938488251,1.0002525191873546
-0.3,1.0385768099155694,14.4,-0.38068906538638575,-0.007722548466738069,0.998884226145588,1.0002494067166612
-0.3,1.0385768099155694,14.450000000000001,-0.37992028293508373,-0.0076531930374252035,0.9989018630137637,1.0002463366109735
-0.3,1.0385768099155694,14.5,-0.379158408354969,-0.007584390566276134,0.9989192096377127,1.0002433082098305
-0.3,1.0385768099155694,14.55,-0.37840338649930466,-0.007516138064751137,0.9989362711022359,1.0002403208647783
-0.3,1.0385768099155694,14.600000000000001,-0.37765516252129117,-0.0074484325224119016,0.9989530523947102,1.0002373739391195
-0.3,1.0385768099155694,14.65,-0.3769136818761897,-0.007381270908400419,0.9989695584071884,1.0002344668076633
-0.3,1.0385768099155694,14.700000000000001,-0.3761788903232985,-0.007314650172867289,0.998985793938436,1.0002315988564898
-0.3,1.0385768099155694,14.75,-0.37545073392778794,-0.007248567248350933,0.9990017636959225,1.0002287694827083
-0.3,1.0385768099155694,14.8,-0.3747291590624049,-0.007183019051109494,0.9990174722977657,1.0002259780942346
-0.3,1.0385768099155694,14.850000000000001,-0.37401411240903953,-0.007118002482406773,0.9990329242746285,1.000223224109562
-0.3,1.0385768099155694,14.9,-0.37330554096017027,-0.007053514429753764,0.9990481240715702,1.0002205069575478
-0.3,1.0385768099155694,14.950000000000001,-0.3726033920201828,-0.006989551768107204,0.9990630760498483,1.000217826077192
-0.3,1.0385768099155694,15.0,-0.3719076132065725,-0.006926111361026531,0.999077784488688,1.0002151809174387
-0.3,1.0385768099155694,15.05,-0.37121815245103096,-0.006863190061790604,0.9990922535869968,1.000212570936962
-0.3,1.0385768099155694,15.100000000000001,-0.3705349580004226,-0.006800784714475412,0.9991064874650506,1.0002099956039747
-0.3,1.0385768099155694,15.15,-0.36985797841765444,-0.006738892154994087,0.9991204901661299,1.0002074543960295
-0.3,1.0385768099155694,15.200000000000001,-0.3691871625824409,-0.006677509212100425,0.9991342656581238,1.0002049467998313
-0.3,1.0385768099155694,15.25,-0.36852245969197295,-0.0066166327083570465,0.999147817835092,1.0002024723110512
-0.3,1.0385768099155694,15.3,-0.3678638192614854,-0.006556259461069353,0.9991611505187945,1.000200030434143
-0.3,1.0385768099155694,15.350000000000001,-0.367211191124738,-0.006496386283186412,0.9991742674601808,1.000197620682169
-0.3,1.0385768099155694,15.4,-0.366564525434402,-0.006437009984169761,0.999187172340849,1.000195242576626
-0.3,1.0385768099155694,15.450000000000001,-0.36592377266236403,-0.006378127370831172,0.9991998687744663,1.0001928956472763
-0.3,1.0385768099155694,15.5,-0.3652888835999461,-0.006319735248140403,0.999212360308163,1.0001905794319814
-0.3,1.0385768099155694,15.55,-0.36465980935804476,-0.006261830420003889,0.999224650423884,1.0001882934765396
-0.3,1.0385768099155694,15.600000000000001,-0.3640365013671966,-0.006204409690015266,0.9992367425397244,1.0001860373345322
-0.3,1.0385768099155694,15.65,-0.36341891137756654,-0.006147469862178639,0.9992486400112164,1.0001838105671654
-0.3,1.0385768099155694,15.700000000000001,-0.36280699145886813,-0.006091007741605476,0.9992603461326017,1.0001816127431193
-0.3,1.0385768099155694,15.75,-0.3622006940002133,-0.00603502013518597,0.9992718641380702,1.0001794434384053
-0.3,1.0385768099155694,15.8,-0.3615999717098982,-0.005979503852235677,0.9992831972029639,1.000177302236214
-0.3,1.0385768099155694,15.850000000000001,-0.36100477761512545,-0.005924455705118176,0.9992943484449648,1.000175188726782
-0.3,1.0385768099155694,15.9,-0.3604150650616653,-0.0058698725098446335,0.9993053209252466,1.000173102507249
-0.3,1.0385768099155694,15.950000000000001,-0.3598307877134593,-0.0058157510866508055,0.9993161176496076,1.0001710431815252
-0.3,1.0385768099155694,16.0,-0.35925189955216846,-0.005762088260552432,0.9993267415695697,1.0001690103601582
-0.3,1.0385768099155694,16.05,-0.35867835487666555,-0.005708880861879517,0.9993371955834633,1.0001670036602084
-0.3,1.0385768099155694,16.1,-0.35811010830247797,-0.0056561257267902934,0.9993474825374803,1.000165022705116
-0.3,1.0385768099155694,16.150000000000002,-0.35754711476118006,-0.0056038196977654005,0.9993576052267031,1.000163067124584
-0.3,1.0385768099155694,16.2,-0.35698932949973666,-0.005551959624083062,0.9993675663961187,1.0001611365544547
-0.3,1.0385768099155694,16.25,-0.35643670807980277,-0.0055005423622756676,0.9993773687416011,1.0001592306365918
-0.3,1.0385768099155694,16.3,-0.355889206376976,-0.00544956477656854,0.999387014910877,1.0001573490187659
-0.3,1.0385768099155694,16.35,-0.35534678058001107,-0.005399023739301339,0.9993965075044717,1.0001554913545425
-0.3,1.0385768099155694,16.400000000000002,-0.35480938718998795,-0.005348916131332685,0.9994058490766283,1.000153657303169
-0.3,1.0385768099155694,16.45,-0.35427698301944505,-0.0052992388424285275,0.9994150421362139,1.0001518465294716
-0.3,1.0385768099155694,16.5,-0.35374952519147246,-0.005249988771634774,0.9994240891475985,1.0001500587037422
-0.3,1.0385768099155694,16.55,-0.3532269711387693,-0.005201162827634733,0.9994329925315231,1.0001482935016435
-0.3,1.0385768099155694,16.6,-0.3527092786026668,-0.005152757929091759,0.9994417546659411,1.000146550604103
-0.3,1.0385768099155694,16.650000000000002,-0.35219640563211657,-0.0051047710049776105,0.9994503778868471,1.0001448296972117
-0.3,1.0385768099155694,16.7,-0.35168831058264793,-0.00505719899488707,0.999458864489086,1.0001431304721364
-0.3,1.0385768099155694,16.75,-0.35118495211529294,-0.005010038849339026,0.9994672167271422,1.0001414526250134
-0.3,1.0385768099155694,16.8,-0.3506862891954834,-0.004963287530064767,0.9994754368159185,1.000139795856867
-0.3,1.0385768099155694,16.85,-0.35019228109191686,-0.00491694201028358,0.9994835269314878,1.000138159873508
-0.3,1.0385768099155694,16.900000000000002,-0.34970288737539873,-0.0048709992749662945,0.9994914892118406,1.0001365443854535
-0.3,1.0385768099155694,16.95,-0.34921806791765525,-0.0048254563210870125,0.9994993257576082,1.0001349491078364
-0.3,1.0385768099155694,17.0,-0.34873778289012203,-0.004780310157863489,0.9995070386327738,1.0001333737603197
-0.3,1.0385768099155694,17.05,-0.34826199276271036,-0.004735557806986463,0.9995146298653684,1.0001318180670151
-0.3,1.0385768099155694,17.1,-0.34779065830254846,-0.004691196302838307,0.999522101448151,1.0001302817563977
-0.3,1.0385768099155694,17.150000000000002,-0.34732374057270265,-0.004647222692701388,0.9995294553392772,1.000128764561232
-0.3,1.0385768099155694,17.2,-0.3468612009308765,-0.0046036340369563795,0.999536693462948,1.0001272662184904
-0.3,1.0385768099155694,17.25,-0.3464030010280907,-0.004560427409270901,0.9995438177100521,1.0001257864692727
-0.3,1.0385768099155694,17.3,-0.3459491028073446,-0.004517599896778825,0.9995508299387912,1.0001243250587402
-0.3,1.0385768099155694,17.35,-0.3454994685022595,-0.004475148600250473,0.9995577319752891,1.0001228817360341
-0.3,1.0385768099155694,17.400000000000002,-0.34505406063570465,-0.004433070634254021,0.9995645256141968,1.0001214562542082
-0.3,1.0385768099155694,17.45,-0.34461284201840814,-0.004391363127308439,0.9995712126192765,1.0001200483701569
-0.3,1.0385768099155694,17.5,-0.34417577574755187,-0.004350023222028187,0.9995777947239762,1.000118657844545
-0.3,1.0385768099155694,17.55,-0.34374282520535393,-0.004309048075259956,0.9995842736319969,1.0001172844417434
-0.3,1.0385768099155694,17.6,-0.34331395405763476,-0.004268434858211709,0.9995906510178398,1.0001159279297605
-0.3,1.0385768099155694,17.650000000000002,-0.34288912625237317,-0.004228180756574227,0.9995969285273496,1.0001145880801763
-0.3,1.0385768099155694,17.7,-0.34246830601825057,-0.004188282970635518,0.999603107778244,1.000113264668083
-0.3,1.0385768099155694,17.75,-0.34205145786318186,-0.004148738715388135,0.9996091903606319,1.0001119574720188
-0.3,1.0385768099155694,17.8,-0.3416385465728391,-0.004109545220629867,0.9996151778375213,1.000110666273909
-0.3,1.0385768099155694,17.85,-0.3412295372091641,-0.00407069973105778,0.9996210717453167,1.0001093908590057
-0.3,1.0385768099155694,17.900000000000002,-0.3408243951088702,-0.00403219950635599,0.9996268735943072,1.000108131015829
-0.3,1.0385768099155694,17.95,-0.3404230858819402,-0.003994041821277334,0.9996325848691449,1.0001068865361114
-0.3,1.0385768099155694,18.0,-0.34002557541011347,-0.003956223965719048,0.9996382070293122,1.0001056572147373
-0.3,1.0385768099155694,18.05,-0.3396318298453657,-0.0039187432447928446,0.9996437415095814,1.0001044428496944
-0.3,1.0385768099155694,18.1,-0.33924181560838507,-0.003881596978889303,0.9996491897204646,1.0001032432420138
-0.3,1.0385768099155694,18.150000000000002,-0.33885549938703946,-0.00384478250373704,0.9996545530486519,1.0001020581957205
-0.3,1.0385768099155694,18.2,-0.338472848134841,-0.0038082971704566275,0.9996598328574484,1.0001008875177815
-0.3,1.0385768099155694,18.25,-0.3380938290694029,-0.0037721383456095024,0.9996650304871899,1.0000997310180515
-0.3,1.0385768099155694,18.3,-0.3377184096708941,-0.0037363034112420828,0.9996701472556642,1.0000985885092277
-0.3,1.0385768099155694,18.35,-0.3373465576804903,-0.0037007897649251596,0.9996751844585159,1.000097459806799
-0.3,1.0385768099155694,18.400000000000002,-0.3369782410988186,-0.0036655948197887728,0.9996801433696427,1.000096344728997
-0.3,1.0385768099155694,18.45,-0.33661342818440354,-0.0036307160045527353,0.9996850252415899,1.0000952430967522
-0.3,1.0385768099155694,18.5,-0.33625208745210533,-0.003596150763552896,0.9996898313059299,1.0000941547336442
-0.3,1.0385768099155694,18.55,-0.3358941876715604,-0.0035618965567633517,0.999694562773639,1.0000930794658585
-0.3,1.0385768099155694,18.6,-0.3355396978656177,-0.0035279508598146697,0.9996992208354679,1.0000920171221432
-0.3,1.0385768099155694,18.650000000000002,-0.33518858730877343,-0.003494311164008359,0.9997038066622972,1.0000909675337637
-0.3,1.0385768099155694,18.7,-0.3348408255256058,-0.0034609749763275664,0.999708321405497,1.000089930534463
-0.3,1.0385768099155694,18.75,-0.33449638228920753,-0.0034279398194443293,0.9997127661972705,1.0000889059604143
-0.3,1.0385768099155694,18.8,-0.3341552276196191,-0.0033952032317232745,0.9997171421509949,1.0000878936501878
-0.3,1.0385768099155694,18.85,-0.33381733178226003,-0.0033627627672220715,0.9997214503615558,1.0000868934447054
-0.3,1.0385768099155694,18.900000000000002,-0.3334826652863634,-0.0033306159956886833,0.9997256919056753,1.0000859051872026
-0.3,1.0385768099155694,18.95,-0.3331511988834058,-0.003298760502555461,0.9997298678422297,1.0000849287231894
-0.3,1.0385768099155694,19.0,-0.3328229035655433,-0.0032671938889303116,0.9997339792125669,1.0000839639004133
-0.3,1.0385768099155694,19.05,-0.3324977505640437,-0.0032359137715849587,0.999738027040815,1.0000830105688234
-0.3,1.0385768099155694,19.1,-0.3321757113477238,-0.0032049177829404463,0.9997420123341835,1.0000820685805305
-0.3,1.0385768099155694,19.150000000000002,-0.3318567576213849,-0.003174203571049924,0.9997459360832619,1.0000811377897743
-0.3,1.0385768099155694,19.200000000000003,-0.33154086132425176,-0.0031437687995788657,0.9997497992623107,1.000080218052888
-0.3,1.0385768099155694,19.25,-0.3312279946284131,-0.003113611147782789,0.9997536028295458,1.0000793092282614
-0.3,1.0385768099155694,19.3,-0.3309181299372644,-0.00308372831048258,0.9997573477274212,1.0000784111763108
-0.3,1.0385768099155694,19.35,-0.330611239883953,-0.003054117998037489,0.9997610348829027,1.000077523759446
-0.3,1.0385768099155694,19.400000000000002,-0.33030729732982467,-0.003024777936315885,0.9997646652077365,1.0000766468420315
-0.3,1.0385768099155694,19.450000000000003,-0.3300062753628752,-0.0029957058666638743,0.9997682395987162,1.0000757802903617
-0.3,1.0385768099155694,19.5,-0.32970814729620346,-0.0029668995458718385,0.999771758937941,1.0000749239726268
-0.3,1.0385768099155694,19.55,-0.3294128866664689,-0.0029383567461389623,0.9997752240930722,1.000074077758883
-0.3,1.0385768099155694,19.6,-0.3291204672323511,-0.0029100752550358746,0.9997786359175819,1.0000732415210205
-0.3,1.0385768099155694,19.650000000000002,-0.3288308629730138,-0.00288205287546539,0.9997819952509968,1.0000724151327356
-0.3,1.0385768099155694,19.700000000000003,-0.3285440480865732,-0.0028542874256215246,0.9997853029191428,1.0000715984695014
-0.3,1.0385768099155694,19.75,-0.32825999698857,-0.0028267767389467545,0.9997885597343797,1.0000707914085392
-0.3,1.0385768099155694,19.8,-0.32797868431044574,-0.0027995186640876334,0.9997917664958312,1.000069993828789
-0.3,1.0385768099155694,19.85,-0.32770008489802244,-0.002772511064848892,0.9997949239896147,1.0000692056108855
-0.3,1.0385768099155694,19.900000000000002,-0.32742417380998984,-0.002745751820145924,0.9997980329890638,1.0000684266371282
-0.3,1.0385768099155694,19.950000000000003,-0.3271509263163942,-0.002719238823955848,0.9998010942549491,1.0000676567914555
-0.3,1.0385768099155694,20.0,-0.32688031789713423,-0.0026929699852672267,0.9998041085356891,1.0000668959594192
-0.3,1.0385768099155694,20.1,-0.32634692124148124,-0.0026411564910941722,0.9998099990749348,1.0000654008863774
-0.3,1.0385768099155694,20.28615468146082,-0.32538118021873946,-0.0025472262223250777,0.9998204914021429,1.000062709555526
-0.3,1.0385768099155694,20.47403342090323,-0.32444134352340054,-0.002455665299381946,0.9998304869202498,1.0000601097350659
-0.3,1.0385768099155694,20.663652185564246,-0.3235270796136941,-0.0023664506798021386,0.999840004693075,1.000057599011623
-0.3,1.0385768099155694,20.855027090560313,-0.32263804931542844,-0.0022795583138854425,0.9998490632568576,1.0000551750177178
-0.3,1.0385768099155694,21.04817440025684,-0.32177390618128404,-0.002194963181269606,0.9998576806275709,1.0000528354310148
-0.3,1.0385768099155694,21.243110529650455,-0.32093429685561564,-0.002112639327945014,0.9998658743082888,1.0000505779735944
-0.3,1.0385768099155694,21.439852045764102,-0.320118861444297,-0.0020325599036913867,0.9998736612966141,1.0000484004112484
-0.3,1.0385768099155694,21.638415669054964,-0.31932723388906653,-0.001954697199916949,0.9998810580921681,1.0000463005527966
-0.3,1.0385768099155694,21.83881827483555,-0.3185590423457819,-0.0018790226878777434,0.9998880807041335,1.000044276249429
-0.3,1.0385768099155694,22.04107689470784,-0.31781390956598354,-0.001805507057252469,0.9998947446588745,1.0000423253940673
-0.3,1.0385768099155694,22.245208718010712,-0.31709145328116656,-0.0017341202550455281,0.9999010650076056,1.0000404459207455
-0.3,1.0385768099155694,22.4512310932809,-0.31639128658920074,-0.001664831524788544,0.9999070563341378,1.0000386358040174
-0.3,1.0385768099155694,22.659161529727328,-0.31571301834237836,-0.0015976094460082677,0.9999127327626792,1.0000368930583785
-0.3,1.0385768099155694,22.86901769871915,-0.3150562535366197,-0.0015324219739262315,0.9999181079657028,1.0000352157377077
-0.3,1.0385768099155694,23.080817435287667,-0.31442059370140063,-0.0014692364793533754,0.9999231951718796,1.000033601934732
-0.3,1.0385768099155694,23.294578739641963,-0.31380563728998373,-0.0014080197887406318,0.9999280071740604,1.0000320497805015
-0.3,1.0385768099155694,23.510319778698783,-0.31321098006952514,-0.0013487382243441831,0.9999325563373291,1.00003055744389
-0.3,1.0385768099155694,23.72805888762644,-0.3126362155106045,-0.0012913576444624217,0.9999368546071015,1.0000291231311065
-0.3,1.0385768099155694,23.947814571403043,-0.3120809351756746,-0.0012358434836994543,0.9999409135172769,1.000027745085222
-0.3,1.0385768099155694,24.169605506389228,-0.3115447291058704,-0.001182160793208459,0.9999447441984456,1.0000264215857146
-0.3,1.0385768099155694,24.39345054191539,-0.31102718620556896,-0.0011302742808665582,0.9999483573861265,1.0000251509480254
-0.3,1.0385768099155694,24.619368701883577,-0.31052789462403907,-0.0010801483513314524,0.9999517634290599,1.0000239315231279
-0.3,1.0385768099155694,24.847379186384366,-0.31004644213350296,-0.001031747145928682,0.9999549722975271,1.0000227616971114
-0.3,1.0385768099155694,25.077501373328523,-0.3095824165029324,-0.0009850345823175471,0.999957993591697,1.0000216398907742
-0.3,1.0385768099155694,25.30975482009396,-0.3091354058669145,-0.000939974393882443,0.9999608365500077,1.0000205645592257
-0.3,1.0385768099155694,25.544159265187808,-0.30870499908897786,-0.000896530168795951,0.9999635100575576,1.0000195341915006
-0.3,1.0385768099155694,25.780734629923902,-0.3082907861188119,-0.0008546653886993179,0.9999660226545117,1.0000185473101821
-0.3,1.0385768099155694,26.019501020115914,-0.3078923583428745,-0.0008143434669456687,0.9999683825445183,1.0000176024710297
-0.3,1.0385768099155694,26.260478727786037,-0.30750930892793255,-0.0007755277863511451,0.9999705976031219,1.0000166982626177
-0.3,1.0385768099155694,26.503688232889502,-0.30714123315711955,-0.0007381817363993915,0.9999726753861669,1.000015833305974
-0.3,1.0385768099155694,26.74915020505521,-0.30678772875811394,-0.0007022687498448283,0.9999746231381978,1.0000150062542335
-0.3,1.0385768099155694,26.99688550534226,-0.3064483962230481,-0.0006677523386611012,0.999976447800825,1.0000142157922849
-0.3,1.0385768099155694,27.246915188012967,-0.3061228391197501,-0.0006345961292813714,0.9999781560210779,1.000013460636432
-0.3,1.0385768099155694,27.499260502322162,-0.30581066439389243,-0.0006027638970785263,0.9999797541597109,1.0000127395340452
-0.3,1.0385768099155694,27.753942894323053,-0.3055114826616161,-0.0005722196000342413,0.9999812482994754,1.0000120512632293
-0.3,1.0385768099155694,28.010984008689945,-0.3052249084921672,-0.0005429274115473994,0.9999826442533394,1.0000113946324793
-0.3,1.0385768099155694,28.270405690557713,-0.3049505606800941,-0.0005148517523339848,0.9999839475726543,1.0000107684803465
-0.3,1.0385768099155694,28.532229987378305,-0.30468806250655495,-0.0004879573213722204,0.999985163555252,1.0000101716750978
-0.3,1.0385768099155694,28.79647915079459,-0.3044370419893296,-0.00046220912584894736,0.9999862972534812,1.0000096031143788
-0.3,1.0385768099155694,29.063175638531384,-0.3041971321211606,-0.00043757251006520725,0.9999873534821587,1.0000090617248742
-0.3,1.0385768099155694,29.332342116304055,-0.3039679710961251,-0.00041401318326154724,0.9999883368264386,1.0000085464619628
-0.3,1.0385768099155694,29.604001459744886,-0.3037492025237891,-0.00039149724632592644,0.9999892516495933,1.0000080563093747
-0.3,1.0385768099155694,29.8781767563471,-0.30354047563097153,-0.0003699912173499432,0.9999901021006952,1.0000075902788435
-0.3,1.0385768099155694,30.154891307427096,-0.3033414454509963,-0.00034946205600185065,0.9999908921221942,1.0000071474097567
-0.3,1.0385768099155694,30.43416863010471,-0.30315177300036333,-0.00032987718668774915,0.9999916254573866,1.0000067267687953
-0.3,1.0385768099155694,30.716032459301825,-0.30297112544280297,-0.0003112045204756717,0.9999923056577673,1.0000063274495787
-0.3,1.0385768099155694,31.00050674975963,-0.3027991762406933,-0.0002934124757601118,0.999992936090264,1.000005948572301
-0.3,1.0385768099155694,31.287615678074335,-0.3026356052938389,-0.00027646999764820987,0.9999935199443404,1.0000055892833606
-0.3,1.0385768099155694,31.577383644751972,-0.302480099065602,-0.0002603465760518989,0.9999940602389709,1.0000052487549844
-0.3,1.0385768099155694,31.869835276282085,-0.3023323506963881,-0.00024501226247390797,0.9999945598294782,1.0000049261848523
-0.3,1.0385768099155694,32.16499542723059,-0.30219206010447935,-0.00023043768547893542,0.999995021414231,1.0000046207957107
-0.3,1.0385768099155694,32.462889182352235,-0.30205893407423345,-0.0002165940648447021,0.9999954475411961,1.0000043318349807
-0.3,1.0385768099155694,32.763541858722334,-0.30193268633167347,-0.00020345322439138533,0.9999958406143444,1.0000040585743646
-0.3,1.0385768099155694,33.06697900788844,-0.30181303760753797,-0.00019098760349103876,0.9999962028999029,1.000003800309445
-0.3,1.0385768099155694,33.373226418041924,-0.30169971568789367,-0.00017917026726237183,0.9999965365324531,1.0000035563592735
-0.3,1.0385768099155694,33.68231011620963,-0.30159245545247254,-0.0001679749154595862,0.9999968435208743,1.0000033260659653
-0.3,1.0385768099155694,33.99425637046573,-0.301490998900939,-0.0001573758900673037,0.9999971257541217,1.0000031087942756
-0.3,1.0385768099155694,34.30909169216431,-0.3013950951673546,-0.00014734818161697507,0.9999973850068516,1.0000029039311786
-0.3,1.0385768099155694,34.62684283819243,-0.3013045005231517,-0.0001378674342433085,0.9999976229448762,1.0000027108854415
-0.3,1.0385768099155694,34.94753681324406,-0.30121897836896405,-0.0001289099495024261,0.9999978411304584,1.0000025290871906
-0.3,1.0385768099155694,35.2712008721152,-0.3011382992157008,-0.00012045268897643663,0.9999980410274418,1.000002357987475
-0.3,1.0385768099155694,35.597862522020144,-0.301062240655254,-0.00011247327569188723,0.9999982240062134,1.0000021970578257
-0.3,1.0385768099155694,35.927549524929255,-0.3009905873212506,-0.00010494999438248632,0.9999983913485021,1.0000020457898096
-0.3,1.0385768099155694,36.26028989992831,-0.3009231308402502,-9.786179062883306e-05,0.9999985442520131,1.0000019036945844
-0.3,1.0385768099155694,36.59611192559986,-0.30085966977378625,-9.118826891049216e-05,0.9999986838348969,1.0000017703024453
-0.3,1.0385768099155694,36.93504414242648,-0.3008000095516428,-8.490968960790687e-05,0.9999988111400552,1.0000016451623717
-0.3,1.0385768099155694,37.27711535521626,-0.3007439623967523,-7.900696499373615e-05,0.9999989271392826,1.000001527841574
-0.3,1.0385768099155694,37.62235463555102,-0.30069134724209645,-7.346165425511052e-05,0.9999990327372528,1.0000014179250323
-0.3,1.0385768099155694,37.97079132425686,-0.30064198964000544,-6.825595758992812e-05,0.999999128775339,1.0000013150150415
-0.3,1.0385768099155694,38.32245503389777,-0.3005957216642499,-6.337270942190158e-05,0.999999216035283,1.0000012187307512
-0.3,1.0385768099155694,38.67737565129239,-0.30055238180535004,-5.8795370780279596e-05,0.9999992952427055,1.0000011287077035
-0.3,1.0385768099155694,39.03558334005395,-0.3005118148595378,-5.450802089131792e-05,0.9999993670704689,1.0000010445973777
-0.3,1.0385768099155694,39.3971085431537,-0.30047387181183516,-5.049534802943688e-05,0.9999994321418875,1.0000009660667342
-0.3,1.0385768099155694,39.761981985508335,-0.3004384097137277,-4.674263967668503e-05,0.9999994910337903,1.0000008927977488
-0.3,1.0385768099155694,40.1302346765911,-0.3004052915559334,-4.3235772039712896e-05,0.9999995442794456,1.0000008244869667
-0.3,1.0385768099155694,40.50189791306716,-0.3003743861367703,-3.996119897353228e-05,0.999999592371343,1.000000760845047
-0.3,1.0385768099155694,40.87700328145351,-0.30034556792663347,-3.690594036179555e-05,0.9999996357638352,1.0000007015963113
-0.3,1.0385768099155694,41.25558266080338,-0.3003187169290801,-3.4057570002836376e-05,0.999999674875658,1.0000006464782998
-0.3,1.0385768099155694,41.63766822541544,-0.3002937185390106,-3.1404203050786396e-05,0.9999997100923045,1.0000005952413273
-0.3,1.0385768099155694,42.02329244756837,-0.3002704633984133,-2.8934483060414112e-05,0.9999997417682938,1.0000005476480462
-0.3,1.0385768099155694,42.41248810028041,-0.3002488472501116,-2.6637568683856813e-05,0.9999997702293039,1.0000005034730157
-0.3,1.0385768099155694,42.80528826009479,-0.3002287707899314,-2.4503120066534683e-05,0.999999795774191,1.0000004625022678
-0.3,1.0385768099155694,43.20172630989064,-0.30021013951767805,-2.252128498869848e-05,0.9999998186768997,1.0000004245328908
-0.3,1.0385768099155694,43.60183594172025,-0.3001928635872886,-2.068268479793888e-05,0.9999998391882609,1.0000003893726124
-0.3,1.0385768099155694,44.00565115967241,-0.3001768576565067,-1.8978400176757424e-05,0.9999998575376833,1.000000356839388
-0.3,1.0385768099155694,44.413206282762204,-0.30016204073641034,-1.7399956788020107e-05,0.9999998739347485,1.0000003267610023
-0.3,1.0385768099155694,44.824535947847835,-0.30014833604111707,-1.5939310839654527e-05,0.9999998885707039,1.0000002989746695
-0.3,1.0385768099155694,45.23967511257426,-0.30013567083797466,-1.4588834608332349e-05,0.9999999016198693,1.0000002733266489
-0.3,1.0385768099155694,45.65865905834403,-0.3001239762985537,-1.3341301960325998e-05,0.9999999132409474,1.0000002496718654
-0.3,1.0385768099155694,46.081523393315884,-0.3001131873507407,-1.2189873905969672e-05,0.9999999235782557,1.0000002278735372
-0.3,1.0385768099155694,46.50830405543093,-0.30010324253223825,-1.1128084222286796e-05,0.9999999327628766,1.0000002078028125
-0.3,1.0385768099155694,46.93903731546684,-0.30009408384576053,-1.014982517665429e-05,0.9999999409137271,1.0000001893384185
-0.3,1.0385768099155694,47.37375978012049,-0.30008565661620984,-9.249333382247422e-06,0.9999999481385607,1.0000001723663126
-0.3,1.0385768099155694,47.81250839511901,-0.3000779093500997,-8.421175814352893e-06,0.9999999545348929,1.0000001567793475
-0.3,1.0385768099155694,48.25532044835962,-0.3000707935974743,-7.660236014378049e-06,0.9999999601908711,1.0000001424769462
-0.3,1.0385768099155694,48.70223357307873,-0.30006426381654483,-6.961700506642199e-06,0.9999999651860734,1.0000001293647827
-0.3,1.0385768099155694,49.15328575105025,-0.30005827724124556,-6.3210454509282715e-06,0.9999999695922509,1.0000001173544741
-0.3,1.0385768099155694,49.608515315813406,-0.3000527937518762,-5.734023551856746e-06,0.9999999734740199,1.0000001063632842
-0.3,1.0385768099155694,50.067960955930815,-0.30004777574897334,-5.19665124413942e-06,0.999999976889494,1.0000000963138334
-0.3,1.0385768099155694,50.5316617182763,-0.3000431880305236,-4.705196170882164e-06,0.9999999798908729,1.0000000871338193
-0.3,1.0385768099155694,50.99965701135351,-0.30003899767261155,-4.256164970139666e-06,0.9999999825249846,1.000000078755749
-0.3,1.0385768099155694,51.47198660864504,-0.3000351739135639,-3.846291383109717e-06,0.9999999848337816,1.0000000711166772
-0.3,1.0385768099155694,51.9486906519927,-0.300031688041645,-3.47252469549149e-06,0.999999986854801,1.0000000641579592
-0.3,1.0385768099155694,52.429809655009066,-0.3000285132863364,-3.132018521760359e-06,0.9999999886215827,1.000000057825007
-0.3,1.0385768099155694,52.91538450652049,-0.30002562471322575,-2.8221199404572546e-06,0.9999999901640565,1.000000052067061
-0.3,1.0385768099155694,53.40545647404229,-0.30002299912252267,-2.540358986802186e-06,0.999999991508893,1.0000000468369674
-0.3,1.0385768099155694,53.90006720728585,-0.30002061495121557,-2.2844385075068032e-06,0.9999999926798292,1.000000042090965
-0.3,1.0385768099155694,54.39925874169825,-0.30001845217887413,-2.052224381045949e-06,0.9999999936979577,1.0000000377884812
-0.3,1.0385768099155694,54.90307350203484,-0.300016492237105,-1.8417361052296451e-06,0.9999999945819993,1.0000000338919421
-0.3,1.0385768099155694,55.41155430596479,-0.3000147179226572,-1.651137752562918e-06,0.999999995348544,1.0000000303665817
-0.3,1.0385768099155694,55.924744367709856,-0.3000131133141704,-1.4787292926203077e-06,0.9999999960122742,1.0000000271802671
-0.3,1.0385768099155694,56.442687301717264,-0.3000116636925489,-1.3229382793858721e-06,0.9999999965861656,1.0000000243033307
-0.3,1.0385768099155694,56.96542712636624,-0.30001035546493865,-1.1823119004998628e-06,0.9999999970816673,1.0000000217084095
-0.3,1.0385768099155694,57.493008267708944,-0.300009176092265,-1.0555093842107584e-06,0.9999999975088695,1.0000000193702907
-0.3,1.0385768099155694,58.02547556324627,-0.30000811402028615,-9.412947589720779e-07,0.9999999978766494,1.0000000172657728
-0.3,1.0385768099155694,58.562874265738245,-0.30000715861409144,-8.385299597078611e-07,0.9999999981928063,1.0000000153735218
-0.3,1.0385768099155694,59.10525004705015,-0.3000063000959746,-7.461682739956011e-07,0.999999998464184,1.0000000136739473
-0.3,1.0385768099155694,59.65264900203377,-0.3000055294865869,-6.632481207239323e-07,0.9999999986967751,1.0000000121490773
-0.3,1.0385768099155694,60.2051176524451,-0.3000048385492727,-5.888871531523033e-07,0.9999999988958227,1.000000010782443
-0.3,1.0385768099155694,60.76270295089797,-0.3000042197374822,-5.222766777589991e-07,0.9999999990659039,1.0000000095589703
-0.3,1.0385768099155694,61.325452284854336,-0.3000036661451412,-4.626763797834391e-07,0.9999999992110108,1.000000008464877
-0.3,1.0385768099155694,61.89341348065174,-0.300003171459867,-4.0940934599160026e-07,0.9999999993346185,1.0000000074875774
-0.3,1.0385768099155694,62.466634807567864,-0.300002729918912,-3.618573747994998e-07,0.9999999994397473,1.0000000066155903
-0.3,1.0385768099155694,63.0451649819227,-0.30000233626771716,-3.194565637541195e-07,0.9999999995290176,1.0000000058384535
-0.3,1.0385768099155694,63.629053171218956,-0.30000198572096637,-2.816931639990487e-07,0.9999999996047014,1.0000000051466484
-0.3,1.0385768099155694,64.21834899832058,-0.300001673926033,-2.480996913524332e-07,0.9999999996687625,1.000000004531519
-0.3,1.0385768099155694,64.81310254566993,-0.300001396928716,-2.182512834614974e-07,0.9999999997228972,1.0000000039852102
-0.3,1.0385768099155694,65.4133643595444,-0.30000115114117015,-1.9176229249595563e-07,0.9999999997685681,1.0000000035005954
-0.3,1.0385768099155694,66.01918545435197,-0.3000009333119369,-1.6828310280194446e-07,0.9999999998070347,1.0000000030712213
-0.3,1.0385768099155694,66.63061731696679,-0.3000007404979885,-1.4749716310703182e-07,0.9999999998393788,1.0000000026912497
-0.3,1.0385768099155694,67.24771191110499,-0.3000005700386976,-1.29118222832592e-07,0.9999999998665287,1.000000002355405
-0.3,1.0385768099155694,67.87052168174088,-0.30000041953165074,-1.1288776230105652e-07,0.9999999998892788,1.000000002058928
-0.3,1.0385768099155694,68.49909955956402,-0.30000028681021834,-9.857260676818626e-08,0.9999999999083103,1.0000000017975277
-0.3,1.0385768099155694,69.13349896547759,-0.30000016992279926,-8.596271440923784e-08,0.9999999999242026,1.0000000015673431
-0.3,1.0385768099155694,69.77377381513884,-0.3000000671136518,-7.486912862459656e-08,0.9999999999374504,1.000000001364901
-0.3,1.0385768099155694,70.41997852354069,-0.29999997680522505,-6.512208527810873e-08,0.9999999999484738,1.0000000011870864
-0.3,1.0385768099155694,71.0721680096366,-0.2999998975818996,-5.656926574994177e-08,0.9999999999576307,1.0000000010311028
-0.3,1.0385768099155694,71.73039770100793,-0.2999998281750518,-4.907418701572948e-08,0.9999999999652228,1.0000000008944474
-0.3,1.0385768099155694,72.39472353857458,-0.2999997674493467,-4.25147202008614e-08,0.9999999999715069,1.0000000007748833
-0.3,1.0385768099155694,73.06520198134909,-0.2999997143901753,-3.6781729439429133e-08,0.9999999999766991,1.0000000006704097
-0.3,1.0385768099155694,73.74189001123509,-0.29999966809214784,-3.1777823147057104e-08,0.9999999999809805,1.000000000579244
-0.3,1.0385768099155694,74.42484513786997,-0.29999962774855965,-2.7416210191416002e-08,0.9999999999845062,1.0000000004997993
-0.3,1.0385768099155694,75.11412540351232,-0.2999995926417524,-2.3619653731296388e-08,0.9999999999874027,1.0000000004306613
-0.3,1.0385768099155694,75.80978938797494,-0.2999995621342964,-2.0319515855774834e-08,0.9999999999897788,1.000000000370576
-0.3,1.0385768099155694,76.51189621360336,-0.299999535660927,-1.7454886508819616e-08,0.9999999999917241,1.0000000003184306
-0.3,1.0385768099155694,77.22050555030022,-0.29999951272117426,-1.4971790477334475e-08,0.9999999999933135,1.0000000002732383
-0.3,1.0385768099155694,77.93567762059672,-0.2999994928726311,-1.2822466578086965e-08,0.999999999994609,1.0000000002341276
-0.3,1.0385768099155694,78.65747320477065,-0.2999994757248131,-1.0964713503274914e-08,0.9999999999956636,1.0000000002003286
-0.3,1.0385768099155694,79.38595364601184,-0.29999946093356344,-9.361297092949131e-09,0.9999999999965199,1.0000000001711615
-0.3,1.0385768099155694,80.12118085563553,-0.29999944819596897,-7.979414096013068e-09,0.9999999999972129,1.0000000001460274
-0.3,1.0385768099155694,80.86321731834431,-0.29999943724575223,-6.790207842297093e-09,0.9999999999977732,1.0000000001244018
-0.3,1.0385768099155694,81.61212609753805,-0.2999994278491058,-5.768331491919967e-09,0.9999999999982244,1.0000000001058214
-0.3,1.0385768099155694,82.36797084067375,-0.2999994198009446,-4.891554781105072e-09,0.9999999999985869,1.000000000089881
-0.3,1.0385768099155694,83.13081578467474,-0.2999994129215447,-4.140410541928685e-09,0.9999999999988777,1.0000000000762268
-0.3,1.0385768099155694,83.90072576138992,-0.29999940705354416,-3.497877503545472e-09,0.9999999999991094,1.000000000064548
-0.3,1.0385768099155694,84.67776620310352,-0.2999994020592788,-2.9490960607048368e-09,0.9999999999992948,1.0000000000545748
-0.3,1.0385768099155694,85.46200314809617,-0.2999993978184243,-2.4811140558395667e-09,0.9999999999994414,1.0000000000460707
-0.3,1.0385768099155694,86.25350324625728,-0.29999939422592026,-2.082659733060656e-09,0.9999999999995581,1.0000000000388307
-0.3,1.0385768099155694,87.05233376474918,-0.2999993911901468,-1.7439393452927578e-09,0.9999999999996501,1.0000000000326763
-0.3,1.0385768099155694,87.85856259372419,-0.29999938863132647,-1.4564570043327268e-09,0.9999999999997236,1.0000000000274538
-0.3,1.0385768099155694,88.67225825209441,-0.29999938648012725,-1.2128546037373075e-09,0.9999999999997821,1.0000000000230287
-0.3,1.0385768099155694,89.49348989335462,-0.2999993846764369,-1.0067698470764358e-09,0.9999999999998281,1.0000000000192855
-0.3,1.0385768099155694,90.32232731145982,-0.2999993831682879,-8.327105082872815e-10,0.9999999999998649,1.000000000016124
-0.3,1.0385768099155694,91.15884094675663,-0.2999993819109086,-6.859433076991717e-10,0.999999999999895,1.000000000013458
-0.3,1.0385768099155694,92.0031018919696,-0.2999993808658812,-5.623958351846181e-10,0.999999999999919,1.0000000000112144
-0.3,1.0385768099155694,92.85518189824359,-0.29999938000038906,-4.5857017368939653e-10,0.9999999999999387,1.0000000000093288
-0.3,1.0385768099155694,93.71515338124135,-0.2999993792865388,-3.714669410826106e-10,0.9999999999999551,1.000000000007747
-0.3,1.0385768099155694,94.58308942729796,-0.2999993787007444,-2.98518627317334e-10,0.9999999999999688,1.000000000006422
-0.3,1.0385768099155694,95.45906379963219,-0.2999993782231662,-2.375311945426485e-10,0.9999999999999799,1.0000000000053146
-0.3,1.0385768099155694,96.34315094461576,-0.2999993778371975,-1.866329999824723e-10,0.9999999999999886,1.0000000000043903
-0.3,1.0385768099155694,97.23542599809973,-0.2999993775289934,-1.442302287301534e-10,0.9999999999999961,1.0000000000036198
-0.3,1.0385768099155694,98.13596479180039,-0.29999937728704296,-1.0896803466277224e-10,1.0000000000000018,1.0000000000029796
-0.3,1.0385768099155694,99.04484385974408,-0.2999993771017789,-7.969678875217843e-11,1.000000000000006,1.000000000002448
-0.3,1.0385768099155694,99.96214044477135,-0.29999937696523055,-5.5442738807762776e-11,1.0000000000000075,1.000000000002007
-0.3,1.0385768099155694,100.88793250510167,-0.29999937687071493,-3.53826367201781e-11,1.0000000000000102,1.0000000000016434
-0.3,1.0385768099155694,101.82229872095873,-0.2999993768125709,-1.8821751724077046e-11,1.0000000000000104,1.0000000000013425
-0.3,1.0385768099155694,102.76531850125772,-0.2999993767859338,-5.174925195669315e-12,1.0000000000000095,1.0000000000010947
-0.3,1.0385768099155694,103.71707199035326,-0.2999993767865512,6.049770947183836e-12,1.000000000000009,1.0000000000008915
-0.3,1.0385768099155694,104.67764007485148,-0.29999937681063715,1.5265076679875304e-11,1.000000000000007,1.0000000000007245
-0.3,1.0385768099155694,105.64710439048359,-0.29999937685476435,2.281660334131727e-11,1.0000000000000049,1.0000000000005875
-0.3,1.0385768099155694,106.62554732904427,-0.29999937691578943,2.8993163549820444e-11,1.0000000000000027,1.0000000000004758
-0.3,1.0385768099155694,107.61305204539366,-0.29999937699080764,3.403560998777695e-11,1.0000000000000007,1.0000000000003846
-0.3,1.0385768099155694,108.60970246452491,-0.2999993770771316,3.8144377935958414e-11,0.9999999999999984,1.0000000000003102
-0.3,1.0385768099155694,109.61558328869602,-0.2999993771722911,4.1485924385782765e-11,0.9999999999999967,1.0000000000002498
-0.3,1.0385768099155694,110.63078000462876,-0.2999993772740443,4.419816594247103e-11,0.999999999999996,1.000000000000201
-0.3,1.0385768099155694,111.65537889077429,-0.2999993773803991,4.63951635810773e-11,0.9999999999999952,1.0000000000001616
-0.3,1.0385768099155694,112.68946702464496,-0.2999993774896355,4.817101554936371e-11,0.9999999999999956,1.0000000000001288
-0.3,1.0385768099155694,113.73313229021528,-0.2999993776003283,4.9603209180284234e-11,0.9999999999999957,1.0000000000001033
-0.3,1.0385768099155694,114.78646338539066,-0.2999993777113633,5.0755406281517226e-11,0.9999999999999968,1.0000000000000815
-0.3,1.0385768099155694,115.84954982954602,-0.29999937782194525,5.167981737456224e-11,0.999999999999999,1.0000000000000648
-0.3,1.0385768099155694,116.92248197113297,-0.2999993779315945,5.241917557672042e-11,1.000000000000001,1.0000000000000508
-0.3,1.0385768099155694,118.00535099535914,-0.29999937804013305,5.300839319537643e-11,1.0000000000000029,1.0000000000000395
-0.3,1.0385768099155694,119.09824893193696,-0.2999993781476597,5.3475954384406233e-11,1.0000000000000056,1.0000000000000304
-0.3,1.0385768099155694,120.2012686629055,-0.29999937825451156,5.384505599775384e-11,1.000000000000008,1.000000000000023
-0.3,1.0385768099155694,121.31450393052383,-0.2999993783612207,5.4134570278925e-11,1.0000000000000107,1.000000000000017
-0.3,1.0385768099155694,122.43804934523853,-0.2999993784684612,5.43598312502195e-11,1.0000000000000122,1.000000000000012
-0.3,1.0385768099155694,123.5720003937234,-0.2999993785769929,5.453328730331408e-11,1.0000000000000138,1.000000000000008
-0.3,1.0385768099155694,124.7164534469956,-0.29999937868760485,5.4665031203363424e-11,1.0000000000000147,1.0000000000000042
-0.3,1.0385768099155694,125.87150576860506,-0.2999993788010596,5.476323376367003e-11,1.0000000000000155,1.0000000000000018
-0.3,1.0385768099155694,127.03725552290106,-0.2999993789180437,5.483451596054855e-11,1.000000000000016,0.9999999999999993
-0.3,1.0385768099155694,128.21380178337475,-0.29999937903912277,5.488420950072549e-11,1.000000000000015,0.9999999999999973
-0.3,1.0385768099155694,129.40124454107954,-0.2999993791647094,5.4916616948775995e-11,1.0000000000000144,0.9999999999999957
-0.3,1.0385768099155694,130.59968471312828,-0.2999993792950377,5.493519011717692e-11,1.0000000000000129,0.9999999999999949
-0.3,1.0385768099155694,131.8092241512703,-0.29999937943015137,5.494268550997836e-11,1.0000000000000107,0.9999999999999932
-0.3,1.0385768099155694,133.02996565054787,-0.29999937956990347,5.4941292308049585e-11,1.0000000000000084,0.9999999999999925
-0.3,1.0385768099155694,134.26201295803162,-0.29999937971396623,5.4932730425137564e-11,1.0000000000000062,0.9999999999999919
-0.3,1.0385768099155694,135.5054707816382,-0.2999993798618515,5.491834736943754e-11,1.0000000000000044,0.9999999999999916
-0.3,1.0385768099155694,136.76044479902887,-0.29999938001293774,5.48991631595374e-11,1.0000000000000018,0.9999999999999909
-0.3,1.0385768099155694,138.02704166659132,-0.29999938016650846,5.4875970221387145e-11,0.9999999999999998,0.9999999999999908
-0.3,1.0385768099155694,139.30536902850287,-0.29999938032178847,5.484933727239861e-11,0.9999999999999988,0.9999999999999903
-0.3,1.0385768099155694,140.5955355258802,-0.29999938047798713,5.4819689667147685e-11,0.999999999999997,0.9999999999999901
-0.3,1.0385768099155694,141.8976508060113,-0.2999993806343405,5.478731882843629e-11,0.9999999999999962,0.9999999999999903
-0.3,1.0385768099155694,143.21182553167466,-0.29999938079014926,5.4752441066688075e-11,0.9999999999999962,0.9999999999999902
-0.3,1.0385768099155694,144.53817139054382,-0.2999993809448136,5.471520074633757e-11,0.9999999999999961,0.9999999999999902
-0.3,1.0385768099155694,145.87680110468003,-0.29999938109786256,5.46757137609009e-11,0.9999999999999974,0.9999999999999898
-0.3,1.0385768099155694,147.22782844011104,-0.2999993812489754,5.463407523057808e-11,0.9999999999999983,0.9999999999999902
-0.3,1.0385768099155694,148.59136821650102,-0.29999938139799454,5.4590380023756926e-11,0.9999999999999997,0.9999999999999899
-0.3,1.0385768099155694,149.9675363169076,-0.2999993815449312,5.454473879810957e-11,1.0000000000000018,0.99999999999999
-0.3,1.0385768099155694,151.35644969763095,-0.2999993816899616,5.44972823479642e-11,1.0000000000000038,0.9999999999999899
-0.3,1.0385768099155694,152.75822639815343,-0.299999381833415,5.444817879869645e-11,1.000000000000006,0.9999999999999899
-0.3,1.0385768099155694,154.17298555117182,-0.299999381975756,5.439762266062274e-11,1.000000000000008,0.99999999999999
-0.3,1.0385768099155694,155.60084739272125,-0.29999938211755894,5.434584578993198e-11,1.00000000000001,0.9999999999999898
-0.3,1.0385768099155694,157.0419332723941,-0.2999993822594799,5.4293119441712183e-11,1.000000000000012,0.9999999999999902
-0.3,1.0385768099155694,158.4963656636536,-0.2999993824022237,5.4239736132299404e-11,1.0000000000000138,0.9999999999999901
-0.3,1.0385768099155694,159.96426817424148,-0.29999938254650976,5.4186017186795183e-11,1.0000000000000153,0.9999999999999902
-0.3,1.0385768099155694,161.44576555668382,-0.29999938269304083,5.4132295562491074e-11,1.0000000000000162,0.9999999999999905
-0.3,1.0385768099155694,162.94098371889282,-0.299999382842469,5.4078921213084614e-11,1.0000000000000167,0.9999999999999906
-0.3,1.0385768099155694,164.4500497348682,-0.29999938299536905,5.40262354861105e-11,1.0000000000000164,0.9999999999999905
-0.3,1.0385768099155694,165.97309185549548,-0.29999938315221353,5.3974573011582195e-11,1.0000000000000162,0.9999999999999905
-0.3,1.0385768099155694,167.5102395194472,-0.29999938331335446,5.392425044846246e-11,1.0000000000000158,0.9999999999999912
-0.3,1.0385768099155694,169.06162336418203,-0.29999938347901023,5.3875555744827265e-11,1.0000000000000144,0.9999999999999915
-0.3,1.0385768099155694,170.6273752370482,-0.2999993836492593,5.3828743962672217e-11,1.0000000000000129,0.9999999999999916
-0.3,1.0385768099155694,172.20762820648835,-0.29999938382404034,5.3784029323819244e-11,1.000000000000011,0.9999999999999918
-0.3,1.0385768099155694,173.80251657334924,-0.2999993840031579,5.3741580377156536e-11,1.0000000000000095,0.9999999999999929
-0.3,1.0385768099155694,175.41217588229446,-0.29999938418629446,5.370152013670132e-11,1.0000000000000073,0.9999999999999931
-0.3,1.0385768099155694,177.0367429333253,-0.29999938437302676,5.3663915428140623e-11,1.0000000000000056,0.9999999999999934
-0.3,1.0385768099155694,178.67635579340572,-0.29999938456284725,5.3628786151935285e-11,1.0000000000000042,0.999999999999994
-0.3,1.0385768099155694,180.33115380819694,-0.2999993847551863,5.359610831224687e-11,1.0000000000000022,0.9999999999999941
-0.3,1.0385768099155694,182.00127761389967,-0.29999938494944034,5.356579638164522e-11,1.0000000000000009,0.9999999999999944
-0.3,1.0385768099155694,183.68686914920713,-0.2999993851449963,5.3537735534781295e-11,1.0,0.9999999999999951
-0.3,1.0385768099155694,185.38807166736675,-0.2999993853412581,5.3511768738266843e-11,0.9999999999999993,0.9999999999999957
-0.3,1.0385768099155694,187.10502974835543,-0.2999993855376723,5.348770108024086e-11,0.9999999999999989,0.9999999999999963
-0.3,1.0385768099155694,188.83788931116757,-0.2999993857337492,5.346531676723128e-11,0.9999999999999989,0.9999999999999964
-0.3,1.0385768099155694,190.58679762621514,-0.29999938592908265,5.3444377156086925e-11,0.9999999999999996,0.9999999999999968
-0.3,1.0385768099155694,192.35190332784438,-0.29999938612336546,5.342462947957103e-11,1.0000000000000002,0.9999999999999971
-0.3,1.0385768099155694,194.13335642696757,-0.29999938631639944,5.3405813288318015e-11,1.0000000000000018,0.9999999999999976
-0.3,1.0385768099155694,195.93130832381254,-0.29999938650810304,5.338766530146224e-11,1.0000000000000029,0.999999999999998
-0.3,1.0385768099155694,197.74591182078862,-0.2999993866985115,5.3369926217384113e-11,1.0000000000000047,0.9999999999999979
-0.3,1.0385768099155694,199.5773211354742,-0.29999938688777483,5.3352344133255525e-11,1.0000000000000064,0.9999999999999981
-0.3,1.0385768099155694,201.42569191372198,-0.29999938707615087,5.3334680906173846e-11,1.0000000000000087,0.9999999999999982
-0.3,1.0385768099155694,203.29118124288746,-0.29999938726399283,5.331671062215434e-11,1.0000000000000107,0.9999999999999981
-0.3,1.0385768099155694,205.1739476651793,-0.2999993874517358,5.32982282283328e-11,1.0000000000000127,0.999999999999998
-0.3,1.0385768099155694,207.07415119113296,-0.2999993876398793,5.3279049960027696e-11,1.0000000000000144,0.9999999999999981
-0.3,1.0385768099155694,208.99195331321022,-0.2999993878289683,5.3259003499282636e-11,1.000000000000016,0.9999999999999974
-0.3,1.0385768099155694,210.92751701952352,-0.2999993880195729,5.323795186390359e-11,1.000000000000018,0.9999999999999972
-0.3,1.0385768099155694,212.88100680768738,-0.2999993882122672,5.321577390910588e-11,1.0000000000000189,0.9999999999999971
-0.3,1.0385768099155694,214.8525886987991,-0.29999938840761037,5.3192363691085194e-11,1.0000000000000202,0.9999999999999968
-0.3,1.0385768099155694,216.84243025154836,-0.2999993886061256,5.316764031660468e-11,1.0000000000000207,0.9999999999999962
-0.3,1.0385768099155694,218.85070057645706,-0.29999938880828464,5.3141544052268e-11,1.0000000000000209,0.9999999999999959
-0.3,1.0385768099155694,220.87757035025237,-0.29999938901449114,5.311403101782297e-11,1.0000000000000207,0.9999999999999956
-0.3,1.0385768099155694,222.92321183037146,-0.2999993892250698,5.3085073788500374e-11,1.00000000000002,0.9999999999999953
-0.3,1.0385768099155694,224.9877988696007,-0.2999993894402554,5.305466287594141e-11,1.000000000000019,0.9999999999999948
-0.3,1.0385768099155694,227.07150693085165,-0.2999993896601884,5.3022803815283065e-11,1.000000000000018,0.9999999999999948
-0.3,1.0385768099155694,229.17451310207272,-0.2999993898849116,5.2989516344931253e-11,1.000000000000017,0.9999999999999941
-0.3,1.0385768099155694,231.29699611129922,-0.299999390114371,5.29548343066385e-11,1.0000000000000153,0.9999999999999943
-0.3,1.0385768099155694,233.4391363418438,-0.2999993903484199,5.291880763074362e-11,1.0000000000000138,0.9999999999999941
-0.3,1.0385768099155694,235.60111584762504,-0.2999993905868259,5.2881498719255374e-11,1.000000000000012,0.9999999999999941
-0.3,1.0385768099155694,237.78311836864148,-0.2999993908292802,5.284298668984087e-11,1.0000000000000102,0.9999999999999937
-0.3,1.0385768099155694,239.98532934658564,-0.2999993910754104,5.2803361344217534e-11,1.000000000000008,0.9999999999999936
-0.3,1.0385768099155694,242.20793594060487,-0.29999939132479314,5.2762735120955043e-11,1.0000000000000062,0.9999999999999939
-0.3,1.0385768099155694,244.4511270432073,-0.29999939157696914,5.27212302290699e-11,1.0000000000000047,0.9999999999999934
-0.3,1.0385768099155694,246.71509329631496,-0.29999939183145946,5.267898852364803e-11,1.000000000000003,0.9999999999999938
-0.3,1.0385768099155694,249.00002710746668,-0.29999939208778065,5.2636170814379234e-11,1.000000000000002,0.9999999999999936
-0.3,1.0385768099155694,251.3061226661696,-0.2999993923454613,5.259294959418293e-11,1.000000000000001,0.9999999999999939
-0.3,1.0385768099155694,253.6335759604023,-0.2999993926040559,5.25495207407871e-11,1.0000000000000002,0.9999999999999941
-0.3,1.0385768099155694,255.98258479327197,-0.2999993928631594,5.2506091455337815e-11,1.0000000000000002,0.9999999999999939
-0.3,1.0385768099155694,258.3533487998248,-0.2999993931224187,5.246288763383152e-11,1.0,0.9999999999999947
-0.3,1.0385768099155694,260.7460694640121,-0.29999939338154347,5.2420149079491256e-11,1.0000000000000002,0.9999999999999948
-0.3,1.0385768099155694,263.1609501358149,-0.29999939364031414,5.2378127537339255e-11,1.000000000000001,0.9999999999999951
-0.3,1.0385768099155694,265.59819604852424,-0.2999993938985875,5.2337086303179616e-11,1.0000000000000018,0.9999999999999952
-0.3,1.0385768099155694,268.0580143361851,-0.299999394156301,5.2297295582210285e-11,1.0000000000000029,0.9999999999999956
-0.3,1.0385768099155694,270.5406140511989,-0.2999993944134732,5.225903001109184e-11,1.0000000000000044,0.9999999999999963
-0.3,1.0385768099155694,273.0462061820903,-0.29999939467020253,5.222256527930503e-11,1.0000000000000056,0.9999999999999963
-0.3,1.0385768099155694,275.57500367143905,-0.2999993949266646,5.218817382863429e-11,1.0000000000000075,0.9999999999999974
-0.3,1.0385768099155694,278.1272214339776,-0.29999939518310603,5.215612285008158e-11,1.0000000000000089,0.9999999999999977
-0.3,1.0385768099155694,280.7030763748543,-0.2999993954398369,5.21266623025655e-11,1.0000000000000109,0.9999999999999979
-0.3,1.0385768099155694,283.30278740807006,-0.2999993956972233,5.2100036456906596e-11,1.0000000000000129,0.9999999999999982
-0.3,1.0385768099155694,285.9265754750807,-0.29999939595567543,5.2076459527828344e-11,1.000000000000015,0.9999999999999989
-0.3,1.0385768099155694,288.57466356357577,-0.2999993962156373,5.205612552364263e-11,1.0000000000000162,0.9999999999999993
-0.3,1.0385768099155694,291.24727672642865,-0.29999939647757573,5.203919778716937e-11,1.000000000000018,0.9999999999999994
-0.3,1.0385768099155694,293.94464210082356,-0.299999396741967,5.202580992956652e-11,1.000000000000019,1.0000000000000002
-0.3,1.0385768099155694,296.6669889275594,-0.29999939700928635,5.2016058888358165e-11,1.0000000000000207,1.0000000000000002
-0.3,1.0385768099155694,299.4145485705322,-0.29999939727999503,5.200999903684871e-11,1.0000000000000218,1.0000000000000004
-0.3,1.0385768099155694,302.18755453639716,-0.2999993975545308,5.20076489468323e-11,1.000000000000022,1.000000000000001
-0.3,1.0385768099155694,304.9862424944146,-0.2999993978332972,5.200898010758046e-11,1.0000000000000226,1.0000000000000009
-0.3,1.0385768099155694,307.81085029647846,-0.2999993981166551,5.201392329337963e-11,1.0000000000000229,1.0000000000000013
-0.3,1.0385768099155694,310.6616179973303,-0.29999939840491463,5.202236613523883e-11,1.0000000000000224,1.0000000000000016
-0.3,1.0385768099155694,313.5387878749621,-0.29999939869832964,5.20341480348507e-11,1.0000000000000222,1.000000000000001
-0.3,1.0385768099155694,316.44260445120455,-0.29999939899709355,5.204907101307592e-11,1.0000000000000215,1.0000000000000022
-0.3,1.0385768099155694,319.3733145125105,-0.29999939930133523,5.206689533386434e-11,1.0000000000000204,1.000000000000002
-0.3,1.0385768099155694,322.3311671309267,-0.29999939961111977,5.208734407797434e-11,1.0000000000000193,1.000000000000002
-0.3,1.0385768099155694,325.31641368526283,-0.2999993999264468,5.2110105945180496e-11,1.0000000000000182,1.0000000000000024
-0.3,1.0385768099155694,328.32930788245454,-0.299999400247254,5.213484159244613e-11,1.0000000000000167,1.000000000000002
-0.3,1.0385768099155694,331.37010577912685,-0.29999940057341934,5.216118622874224e-11,1.0000000000000149,1.0000000000000022
-0.3,1.0385768099155694,334.4390658033531,-0.29999940090476696,5.21887522085205e-11,1.000000000000013,1.0000000000000024
-0.3,1.0385768099155694,337.53644877662083,-0.29999940124107133,5.221714207703365e-11,1.0000000000000118,1.0000000000000018
-0.3,1.0385768099155694,340.66251793599554,-0.2999994015820656,5.224594905385803e-11,1.00000000000001,1.000000000000002
-0.3,1.0385768099155694,343.81753895649405,-0.2999994019274487,5.227475606117166e-11,1.0000000000000084,1.0000000000000016
-0.3,1.0385768099155694,347.00177997366285,-0.2999994022768925,5.230316007329782e-11,1.0000000000000064,1.0000000000000018
-0.3,1.0385768099155694,350.2155116063659,-0.2999994026300518,5.2330762958228384e-11,1.0000000000000047,1.0000000000000016
-0.3,1.0385768099155694,353.4590069797847,-0.29999940298657213,5.2357177713944905e-11,1.0000000000000033,1.0000000000000016
-0.3,1.0385768099155694,356.73254174862967,-0.2999994033460983,5.2382045256086066e-11,1.0000000000000027,1.000000000000001
-0.3,1.0385768099155694,360.0363941205664,-0.2999994037082832,5.2405029945879036e-11,1.0000000000000013,1.000000000000001
-0.3,1.0385768099155694,363.37084487986095,-0.2999994040727958,5.242582015387799e-11,1.0000000000000004,1.0000000000000013
-0.3,1.0385768099155694,366.73617741124224,-0.29999940443932804,5.244415129956553e-11,1.0,1.0000000000000009
-0.3,1.0385768099155694,370.13267772398575,-0.29999940480760223,5.245978981568263e-11,1.0,1.0000000000000007
-0.3,1.0385768099155694,373.5606344762222,-0.2999994051773764,5.247254723283208e-11,0.9999999999999994,1.0000000000000002
-0.3,1.0385768099155694,377.02033899946696,-0.2999994055484496,5.248227816114076e-11,0.9999999999999996,1.0000000000000004
-0.3,1.0385768099155694,380.5120853233824,-0.29999940592066604,5.248888423570036e-11,1.0,1.0000000000000002
-0.3,1.0385768099155694,384.03617020076405,-0.29999940629391736,5.249231485512021e-11,1.0000000000000004,1.0
-0.3,1.0385768099155694,387.5928931327621,-0.2999994066681454,5.249256735620941e-11,1.0000000000000016,0.9999999999999998
-0.3,1.0385768099155694,391.18255639433437,-0.29999940704334227,5.248968508683366e-11,1.0000000000000022,0.9999999999999996
-0.3,1.0385768099155694,394.8054650599374,-0.2999994074195509,5.2483758281477634e-11,1.0000000000000033,0.9999999999999996
-0.3,1.0385768099155694,398.4619270294508,-0.2999994077968629,5.247492047590604e-11,1.0000000000000044,0.9999999999999996
-0.3,1.0385768099155694,402.15225305434814,-0.29999940817541737,5.2463348038910944e-11,1.0000000000000058,0.9999999999999992
-0.3,1.0385768099155694,405.87675676410373,-0.29999940855539725,5.244925602885435e-11,1.0000000000000073,0.999999999999999
-0.3,1.0385768099155694,409.6357546928489,-0.29999940893702587,5.243289112839321e-11,1.000000000000009,0.9999999999999992
-0.3,1.0385768099155694,413.4295663062725,-0.29999940932056224,5.241453612400605e-11,1.0000000000000104,0.9999999999999992
-0.3,1.0385768099155694,417.25851402877123,-0.2999994097062963,5.239449312804487e-11,1.0000000000000115,0.9999999999999987
-0.3,1.0385768099155694,421.12292327085265,-0.29999941009454356,5.23730929177243e-11,1.000000000000014,0.999999999999999
-0.3,1.0385768099155694,425.02312245678996,-0.2999994104856394,5.235067741639895e-11,1.000000000000015,0.9999999999999984
-0.3,1.0385768099155694,428.95944305253283,-0.2999994108799322,5.232760123386973e-11,1.0000000000000164,0.9999999999999986
-0.3,1.0385768099155694,432.9322195938791,-0.2999994112777788,5.230422379893284e-11,1.0000000000000178,0.9999999999999989
-0.3,1.0385768099155694,436.9417897149054,-0.2999994116795374,5.228090476038147e-11,1.0000000000000187,0.999999999999999
-0.3,1.0385768099155694,440.98849417666133,-0.2999994120855623,5.225799990487671e-11,1.0000000000000198,0.9999999999999996
-0.3,1.0385768099155694,445.0726768961314,-0.29999941249619755,5.223585402938488e-11,1.000000000000021,0.9999999999999992
-0.3,1.0385768099155694,449.19468497546023,-0.2999994129117726,5.221479539031409e-11,1.000000000000021,0.9999999999999989
-0.3,1.0385768099155694,453.3548687314555,-0.29999941333259705,5.2195134841847107e-11,1.0000000000000218,0.9999999999999992
-0.3,1.0385768099155694,457.55358172535705,-0.2999994137589562,5.217715454237866e-11,1.0000000000000222,0.9999999999999989
-0.3,1.0385768099155694,461.7911807928867,-0.29999941419110726,5.2161115448067066e-11,1.0000000000000222,0.9999999999999993
-0.3,1.0385768099155694,466.0680260745743,-0.29999941462927604,5.2147240186750174e-11,1.000000000000022,0.9999999999999994
-0.3,1.0385768099155694,470.3844810463644,-0.2999994150736549,5.213572169424335e-11,1.0000000000000218,0.9999999999999998
-0.3,1.0385768099155694,474.7409125505084,-0.29999941552440024,5.2126713259169885e-11,1.0000000000000215,0.9999999999999998
-0.3,1.0385768099155694,479.1376908267404,-0.2999994159816314,5.212032971937797e-11,1.0000000000000209,0.9999999999999998
-0.3,1.0385768099155694,483.57518954374194,-0.2999994164454299,5.211664570873101e-11,1.0000000000000202,1.0
-0.3,1.0385768099155694,488.0537858309,-0.2999994169158398,5.2115694700491064e-11,1.000000000000019,1.0
-0.3,1.0385768099155694,492.5738603103579,-0.29999941739286795,5.211746822116226e-11,1.0000000000000182,1.0000000000000004
-0.3,1.0385768099155694,497.1357971293627,-0.2999994178764856,5.2121917283973545e-11,1.0000000000000169,1.0000000000000002
-0.3,1.0385768099155694,501.7399839929145,-0.2999994183666299,5.21289499337379e-11,1.0000000000000158,1.0000000000000004
-0.3,1.0385768099155694,506.3868121967132,-0.29999941886320586,5.2138438216238515e-11,1.0000000000000142,1.0000000000000004
-0.3,1.0385768099155694,511.0766766604169,-0.29999941936608965,5.2150213608281897e-11,1.0000000000000129,1.0000000000000004
-0.3,1.0385768099155694,515.809975961202,-0.29999941987513146,5.2164073306526675e-11,1.0000000000000115,1.0000000000000009
-0.3,1.0385768099155694,520.5871123676386,-0.2999994203901584,5.217978156245049e-11,1.0000000000000102,1.0000000000000004
-0.3,1.0385768099155694,525.4084918738774,-0.2999994209109786,5.219707322482073e-11,1.0000000000000089,1.0000000000000004
-0.3,1.0385768099155694,530.2745242341559,-0.2999994214373854,5.221565103489328e-11,1.000000000000007,1.0000000000000007
-0.3,1.0385768099155694,535.1856229976182,-0.2999994219691598,5.223520140019841e-11,1.0000000000000062,1.0000000000000004
-0.3,1.0385768099155694,540.1422055434659,-0.2999994225060765,5.2255385428924613e-11,1.0000000000000047,1.000000000000001
-0.3,1.0385768099155694,545.1446931164259,-0.299999423047906,5.227585165481168e-11,1.0000000000000038,1.0000000000000002
-0.3,1.0385768099155694,550.1935108625528,-0.2999994235944192,5.2296233819243737e-11,1.0000000000000027,1.0000000000000009
-0.3,1.0385768099155694,555.2890878653604,-0.29999942414539194,5.231615881474467e-11,1.000000000000002,1.0000000000000007
-0.3,1.0385768099155694,560.4318571822878,-0.2999994247006072,5.2335246755705745e-11,1.000000000000001,1.0000000000000007
-0.3,1.0385768099155694,565.6222558815047,-0.2999994252598593,5.2353121705372404e-11,1.0000000000000007,1.0000000000000007
-0.3,1.0385768099155694,570.8607250790558,-0.2999994258229566,5.236940730870957e-11,1.0,1.0000000000000004
-0.3,1.0385768099155694,576.1477099763489,-0.299999426389725,5.238373696377057e-11,0.9999999999999994,1.0000000000000002
-0.3,1.0385768099155694,581.4836598979924,-0.2999994269600097,5.239575224718588e-11,0.9999999999999991,1.0
-0.3,1.0385768099155694,586.8690283299819,-0.29999942753367737,5.2405112386840053e-11,0.9999999999999991,1.0000000000000004
-0.3,1.0385768099155694,592.3042729582397,-0.29999942811061814,5.241149060869706e-11,0.9999999999999992,1.0000000000000002
-0.3,1.0385768099155694,597.7898557075149,-0.29999942869074686,5.2414583015042027e-11,0.9999999999999997,1.0
-0.3,1.0385768099155694,603.3262427806361,-0.2999994292740043,5.241410744345611e-11,1.0000000000000002,1.0
-0.3,1.0385768099155694,608.913904698138,-0.29999942986035705,5.240980700459136e-11,1.0000000000000004,0.9999999999999997
-0.3,1.0385768099155694,614.5533163382452,-0.299999430449799,5.240145254673783e-11,1.0000000000000013,0.9999999999999993
-0.3,1.0385768099155694,620.2449569772324,-0.29999943104234966,5.238884328562674e-11,1.000000000000002,0.9999999999999996
-0.3,1.0385768099155694,625.9893103301563,-0.2999994316380551,5.2371809870132935e-11,1.0000000000000029,0.9999999999999991
-0.3,1.0385768099155694,631.7868645919671,-0.2999994322369858,5.2350213264455586e-11,1.0000000000000036,0.9999999999999989
-0.3,1.0385768099155694,637.638112478994,-0.299999432839237,5.2323946892924866e-11,1.000000000000005,0.9999999999999987
-0.3,1.0385768099155694,643.5435512708254,-0.2999994334449258,5.2292936758108805e-11,1.0000000000000062,0.9999999999999986
-0.3,1.0385768099155694,649.5036828525664,-0.2999994340541906,5.225714229288997e-11,1.0000000000000073,0.9999999999999986
-0.3,1.0385768099155694,655.5190137574945,-0.2999994346671885,5.221655288227321e-11,1.0000000000000089,0.999999999999998
-0.3,1.0385768099155694,661.5900552101086,-0.29999943528409395,5.217119289602288e-11,1.0000000000000098,0.9999999999999982
-0.3,1.0385768099155694,667.7173231695753,-0.2999994359050954,5.2121115190956545e-11,1.0000000000000113,0.9999999999999979
-0.3,1.0385768099155694,673.9013383735801,-0.29999943653039457,5.206640361790021e-11,1.0000000000000127,0.9999999999999977
-0.3,1.0385768099155694,680.1426263825831,-0.2999994371602027,5.200716744951373e-11,1.0000000000000138,0.9999999999999978
-0.3,1.0385768099155694,686.4417176244827,-0.29999943779473864,5.1943549554140083e-11,1.000000000000015,0.9999999999999973
-0.3,1.0385768099155694,692.7991474396972,-0.299999438434226,5.187571107409133e-11,1.0000000000000158,0.9999999999999972
-0.3,1.0385768099155694,699.215456126661,-0.29999943907889126,5.180383989676512e-11,1.000000000000017,0.9999999999999973
-0.3,1.0385768099155694,705.6911889877423,-0.29999943972896087,5.172814421406828e-11,1.0000000000000182,0.9999999999999969
-0.3,1.0385768099155694,712.2268963755895,-0.2999994403846589,5.164885316336225e-11,1.0000000000000193,0.9999999999999968
-0.3,1.0385768099155694,718.8231337398989,-0.29999944104620496,5.1566207622569336e-11,1.0000000000000202,0.9999999999999964
-0.3,1.0385768099155694,725.4804616746267,-0.29999944171381226,5.1480468900314266e-11,1.000000000000021,0.999999999999996
-0.3,1.0385768099155694,732.1994459656265,-0.2999994423876848,5.1391905672903936e-11,1.0000000000000213,0.9999999999999964
-0.3,1.0385768099155694,738.9806576387373,-0.2999994430680165,5.1300797997521736e-11,1.0000000000000222,0.9999999999999962
-0.3,1.0385768099155694,745.8246730083114,-0.29999944375498877,5.120743092859139e-11,1.0000000000000224,0.9999999999999961
-0.3,1.0385768099155694,752.7320737261965,-0.29999944444877,5.111209728617495e-11,1.000000000000023,0.9999999999999959
-0.3,1.0385768099155694,759.7034468311634,-0.2999994451495128,5.101508945054029e-11,1.0000000000000235,0.9999999999999958
-0.3,1.0385768099155694,766.7393847988028,-0.2999994458573542,5.091670115324516e-11,1.0000000000000229,0.9999999999999959
-0.3,1.0385768099155694,773.8404855918722,-0.29999944657241445,5.0817222064167106e-11,1.000000000000023,0.999999999999996
-0.3,1.0385768099155694,781.0073527111184,-0.2999994472947964,5.071693879196027e-11,1.0000000000000229,0.9999999999999958
-0.3,1.0385768099155694,788.2405952465664,-0.2999994480245845,5.061613059976995e-11,1.0000000000000226,0.999999999999996
-0.3,1.0385768099155694,795.5408279292831,-0.2999994487618454,5.051506801291282e-11,1.000000000000022,0.999999999999996
-0.3,1.0385768099155694,802.9086711836236,-0.29999944950662777,5.0414011510758856e-11,1.000000000000022,0.9999999999999961
-0.3,1.0385768099155694,810.3447511799583,-0.2999994502589615,5.0313209434045096e-11,1.000000000000021,0.9999999999999958
-0.3,1.0385768099155694,817.8496998878867,-0.29999945101886,5.021289728804538e-11,1.00000000000002,0.9999999999999959
-0.3,1.0385768099155694,825.4241551299497,-0.2999994517863185,5.0113293928530164e-11,1.0000000000000193,0.9999999999999959
-0.3,1.0385768099155694,833.0687606358348,-0.29999945256131677,5.0014605260344505e-11,1.0000000000000184,0.9999999999999962
-0.3,1.0385768099155694,840.7841660970844,-0.29999945334381883,4.9917016714349607e-11,1.0000000000000178,0.9999999999999959
-0.3,1.0385768099155694,848.5710272223139,-0.2999994541337736,4.982069769952946e-11,1.0000000000000167,0.9999999999999958
-0.3,1.0385768099155694,856.4300057929329,-0.2999994549311177,4.9725800407496116e-11,1.000000000000016,0.9999999999999961
-0.3,1.0385768099155694,864.3617697193946,-0.2999994557357749,4.963245507607922e-11,1.0000000000000144,0.9999999999999963
-0.3,1.0385768099155694,872.3669930979535,-0.2999994565476585,4.9540774190502304e-11,1.0000000000000135,0.9999999999999962
-0.3,1.0385768099155694,880.4463562679581,-0.29999945736667244,4.945085026226123e-11,1.0000000000000122,0.9999999999999963
-0.3,1.0385768099155694,888.6005458696701,-0.2999994581927123,4.936275724400093e-11,1.0000000000000113,0.9999999999999963
-0.3,1.0385768099155694,896.8302549026189,-0.29999945902566777,4.927654942208987e-11,1.00000000000001,0.9999999999999967
-0.3,1.0385768099155694,905.1361827845002,-0.2999994598654233,4.919225930156277e-11,1.0000000000000093,0.9999999999999968
-0.3,1.0385768099155694,913.5190354106156,-0.2999994607118603,4.9109903340943874e-11,1.0000000000000082,0.9999999999999964
-0.3,1.0385768099155694,921.9795252138629,-0.29999946156485796,4.9029478357379616e-11,1.0000000000000073,0.9999999999999969
-0.3,1.0385768099155694,930.5183712252855,-0.29999946242429526,4.895096492257628e-11,1.0000000000000058,0.9999999999999968
-0.3,1.0385768099155694,939.1362991351807,-0.29999946329005234,4.887432433520158e-11,1.0000000000000049,0.9999999999999968
-0.3,1.0385768099155694,947.8340413547725,-0.29999946416201184,4.879950318595541e-11,1.000000000000004,0.9999999999999972
-0.3,1.0385768099155694,956.6123370784595,-0.2999994650400603,4.8726431456881305e-11,1.000000000000003,0.9999999999999973
-0.3,1.0385768099155694,965.4719323466358,-0.29999946592408955,4.8655027741309366e-11,1.0000000000000024,0.9999999999999972
-0.3,1.0385768099155694,974.4135801090915,-0.29999946681399786,4.858519266715145e-11,1.0000000000000016,0.9999999999999971
-0.3,1.0385768099155694,983.4380402890077,-0.2999994677096906,4.851681904875515e-11,1.0000000000000013,0.9999999999999973
-0.3,1.0385768099155694,992.5460798475383,-0.29999946861108245,4.8449787049241465e-11,1.0000000000000007,0.9999999999999976
-0.3,1.0385768099155694,1001.7384728489908,-0.29999946951809686,4.8383965080049996e-11,1.0,0.9999999999999974
-0.3,1.0385768099155694,1011.0160005266158,-0.2999994704306682,4.83192151841983e-11,1.0,0.9999999999999974
-0.3,1.0385768099155694,1020.3794513489946,-0.2999994713487415,4.8255391681497407e-11,0.9999999999999994,0.9999999999999978
-0.3,1.0385768099155694,1029.8296210870567,-0.2999994722722734,4.8192340759477085e-11,0.9999999999999992,0.999999999999998
-0.3,1.0385768099155694,1039.3673128817031,-0.2999994732012331,4.8129905570336925e-11,0.9999999999999991,0.9999999999999979
-0.3,1.0385768099155694,1048.993337312066,-0.29999947413560163,4.8067923683310896e-11,0.999999999999999,0.9999999999999979
-0.3,1.0385768099155694,1058.7085124643972,-0.29999947507537345,4.8006230662532644e-11,0.9999999999999994,0.9999999999999979
-0.3,1.0385768099155694,1068.5136640015942,-0.2999994760205555,4.794466060887911e-11,0.9999999999999994,0.999999999999998
-0.3,1.0385768099155694,1078.4096252333723,-0.2999994769711677,4.788304615466712e-11,0.9999999999999999,0.9999999999999981
-0.3,1.0385768099155694,1088.3972371870843,-0.2999994779272427,4.782122103796162e-11,1.0,0.9999999999999977
-0.3,1.0385768099155694,1098.4773486791944,-0.2999994788888265,4.77590204169363e-11,1.0000000000000002,0.9999999999999981
-0.3,1.0385768099155694,1108.650816387419,-0.2999994798559768,4.769628197049996e-11,1.0000000000000009,0.9999999999999981
-0.3,1.0385768099155694,1118.9185049235327,-0.29999948082876343,4.7632846427656935e-11,1.0000000000000013,0.9999999999999979
-0.3,1.0385768099155694,1129.2812869068487,-0.2999994818072684,4.756855912257579e-11,1.0000000000000018,0.9999999999999982
-0.3,1.0385768099155694,1139.740043038382,-0.2999994827915839,4.750327069176708e-11,1.0000000000000027,0.9999999999999983
-0.3,1.0385768099155694,1150.2956621756925,-0.29999948378181346,4.743683599486524e-11,1.0000000000000036,0.9999999999999984
-0.3,1.0385768099155694,1160.9490414084332,-0.29999948477806987,4.7369117718686693e-11,1.0000000000000044,0.9999999999999987
-0.3,1.0385768099155694,1171.7010861345848,-0.299999485780475,4.7299985796100915e-11,1.000000000000005,0.9999999999999984
-0.3,1.0385768099155694,1182.5527101374053,-0.2999994867891591,4.722931597546574e-11,1.0000000000000062,0.9999999999999979
-0.3,1.0385768099155694,1193.5048356630894,-0.29999948780426,4.7156994760323215e-11,1.0000000000000073,0.9999999999999979
-0.3,1.0385768099155694,1204.55839349915,-0.29999948882592187,4.708291401927847e-11,1.0000000000000082,0.9999999999999982
-0.3,1.0385768099155694,1215.7143230535173,-0.2999994898542947,4.700697585408506e-11,1.000000000000009,0.9999999999999984
-0.3,1.0385768099155694,1226.9735724343827,-0.2999994908895332,4.692909159763945e-11,1.00000000000001,0.9999999999999981
-0.3,1.0385768099155694,1238.33709853077,-0.29999949193179587,4.6849180938717055e-11,1.0000000000000109,0.9999999999999981
-0.3,1.0385768099155694,1249.8058670938608,-0.2999994929812441,4.676717427416487e-11,1.000000000000012,0.999999999999998
-0.3,1.0385768099155694,1261.3808528190714,-0.2999994940380416,4.668300783989555e-11,1.0000000000000129,0.9999999999999981
-0.3,1.0385768099155694,1273.0630394288874,-0.2999994951023523,4.659663169638139e-11,1.0000000000000138,0.999999999999998
-0.3,1.0385768099155694,1284.8534197564702,-0.2999994961743409,4.6508002841249436e-11,1.0000000000000149,0.9999999999999979
-0.3,1.0385768099155694,1296.7529958300336,-0.29999949725417124,4.6417087623342654e-11,1.0000000000000158,0.9999999999999981
-0.3,1.0385768099155694,1308.7627789579997,-0.2999994983420051,4.632386258635772e-11,1.0000000000000167,0.9999999999999979
-0.3,1.0385768099155694,1320.883789814951,-0.29999949943800197,4.6228312598446794e-11,1.0000000000000175,0.9999999999999979
-0.3,1.0385768099155694,1333.1170585283726,-0.2999995005423182,4.6130429098644954e-11,1.0000000000000184,0.9999999999999981
-0.3,1.0385768099155694,1345.4636247661995,-0.2999995016551057,4.603021628509633e-11,1.0000000000000193,0.9999999999999978
-0.3,1.0385768099155694,1357.924537825179,-0.2999995027765113,4.5927682795715434e-11,1.00000000000002,0.9999999999999978
-0.3,1.0385768099155694,1370.500856720038,-0.29999950390667685,4.582284553234768e-11,1.0000000000000207,0.9999999999999977
-0.3,1.0385768099155694,1383.1936502734964,-0.29999950504573764,4.5715730815157893e-11,1.000000000000021,0.9999999999999974
-0.3,1.0385768099155694,1396.0039972070938,-0.2999995061938221,4.5606370713282724e-11,1.0000000000000215,0.9999999999999981
-0.3,1.0385768099155694,1408.9329862328714,-0.2999995073510517,4.549480261910215e-11,1.0000000000000226,0.9999999999999974
-0.3,1.0385768099155694,1421.9817161458968,-0.29999950851753954,4.538107154513999e-11,1.0000000000000224,0.9999999999999972
-0.3,1.0385768099155694,1435.1512959176512,-0.2999995096933912,4.526522906631852e-11,1.0000000000000233,0.9999999999999974
-0.3,1.0385768099155694,1448.4428447902692,-0.29999951087870286,4.5147329550565945e-11,1.0000000000000235,0.9999999999999976
-0.3,1.0385768099155694,1461.8574923716699,-0.2999995120735623,4.502743306552119e-11,1.0000000000000238,0.9999999999999974
-0.3,1.0385768099155694,1475.3963787315492,-0.299999513278048,4.490560444744406e-11,1.0000000000000242,0.9999999999999976
-0.3,1.0385768099155694,1489.0606544982772,-0.29999951449222917,4.4781911835657286e-11,1.0000000000000246,0.9999999999999977
-0.3,1.0385768099155694,1502.8514809566846,-0.299999515716165,4.465642700017366e-11,1.0000000000000244,0.9999999999999973
-0.3,1.0385768099155694,1516.7700301467542,-0.2999995169499057,4.4529224117943203e-11,1.0000000000000242,0.9999999999999973
-0.3,1.0385768099155694,1530.8174849632353,-0.2999995181934914,4.440037926586636e-11,1.0000000000000244,0.9999999999999971
-0.3,1.0385768099155694,1544.9950392561707,-0.2999995194469529,4.426997129619678e-11,1.0000000000000242,0.9999999999999974
-0.3,1.0385768099155694,1559.3038979323546,-0.2999995207103113,4.413807974345376e-11,1.000000000000024,0.9999999999999973
-0.3,1.0385768099155694,1573.7452770577393,-0.2999995219835781,4.4004785194015497e-11,1.0000000000000238,0.999999999999997
-0.3,1.0385768099155694,1588.3204039607824,-0.29999952326675583,4.3870168693016415e-11,1.0000000000000235,0.9999999999999971
-0.3,1.0385768099155694,1603.0305173367537,-0.29999952455983764,4.373431131810811e-11,1.000000000000023,0.999999999999997
-0.3,1.0385768099155694,1617.8768673530133,-0.2999995258628081,4.35972939822207e-11,1.0000000000000229,0.999999999999997
-0.3,1.0385768099155694,1632.8607157552478,-0.299999527175643,4.345919638499556e-11,1.0000000000000224,0.9999999999999972
-0.3,1.0385768099155694,1647.9833359747165,-0.2999995284983102,4.332009744027118e-11,1.000000000000022,0.9999999999999973
-0.3,1.0385768099155694,1663.2460132364645,-0.29999952983076933,4.318007473613785e-11,1.0000000000000218,0.999999999999997
-0.3,1.0385768099155694,1678.6500446685554,-0.299999531172973,4.303920309423084e-11,1.0000000000000209,0.9999999999999972
-0.3,1.0385768099155694,1694.1967394123092,-0.299999532524866,4.289755677669754e-11,1.00000000000002,0.9999999999999971
-0.3,1.0385768099155694,1709.8874187335668,-0.2999995338863872,4.275520599698731e-11,1.0000000000000195,0.9999999999999971
-0.3,1.0385768099155694,1725.7234161349695,-0.29999953525746886,4.2612219413388575e-11,1.0000000000000187,0.9999999999999972
-0.3,1.0385768099155694,1741.706077469303,-0.2999995366380376,4.2468662890500946e-11,1.000000000000018,0.9999999999999972
-0.3,1.0385768099155694,1757.8367610538646,-0.2999995380280146,4.232459882297769e-11,1.0000000000000173,0.999999999999997
-0.3,1.0385768099155694,1774.1168377859105,-0.2999995394273164,4.218008405813134e-11,1.0000000000000169,0.9999999999999971
-0.3,1.0385768099155694,1790.547691259161,-0.29999954083585517,4.203517548016719e-11,1.000000000000016,0.999999999999997
-0.3,1.0385768099155694,1807.1307178813868,-0.2999995422535397,4.1889925331242743e-11,1.000000000000015,0.9999999999999971
-0.3,1.0385768099155694,1823.867326993091,-0.2999995436802747,4.174438098293664e-11,1.0000000000000147,0.9999999999999972
-0.3,1.0385768099155694,1840.7589409872808,-0.2999995451159629,4.159858695087842e-11,1.0000000000000138,0.9999999999999971
-0.3,1.0385768099155694,1857.8069954303487,-0.2999995465605039,4.1452582179790376e-11,1.000000000000013,0.9999999999999973
-0.3,1.0385768099155694,1875.012939184082,-0.2999995480137962,4.130640368577887e-11,1.0000000000000122,0.9999999999999969
-0.3,1.0385768099155694,1892.378234528796,-0.29999954947573665,4.116008349046878e-11,1.0000000000000115,0.999999999999997
-0.3,1.0385768099155694,1909.9043572876058,-0.29999955094622127,4.1013648946433724e-11,1.0000000000000104,0.9999999999999973
-0.3,1.0385768099155694,1927.592796951861,-0.2999995524251457,4.086712467542952e-11,1.00000000000001,0.9999999999999971
-0.3,1.0385768099155694,1945.4450568077177,-0.2999995539124056,4.07205300712173e-11,1.0000000000000093,0.9999999999999971
-0.3,1.0385768099155694,1963.4626540639163,-0.2999995554078972,4.057388076176491e-11,1.0000000000000084,0.9999999999999974
-0.3,1.0385768099155694,1981.6471199807077,-0.29999955691151736,4.0427188321401655e-11,1.0000000000000078,0.9999999999999973
-0.3,1.0385768099155694,2000.0,-0.2999995584231643,4.028046113713937e-11,1.000000000000007,0.9999999999999974
-0.15,1.030669123521854,0.0,0.0,0.0,0.0,1.030669123521854
-0.15,1.030669123521854,0.05,-0.0011920707851599522,0.023449707253963354,0.02971097948061591,1.030202735067817
-0.15,1.030669123521854,0.1,-0.004613996977765834,0.04462092392116702,0.05930762395507921,1.0297363697468145
-0.15,1.030669123521854,0.15000000000000002,-0.010044995056579277,0.06365416105442318,0.08868867970588093,1.0292700846928071
-0.15,1.030669123521854,0.2,-0.01727808856750771,0.08068501245361749,0.11776599583375108,1.0288039707419443
-0.15,1.030669123521854,0.25,-0.02611960745894179,0.09584398671095183,0.14646333020171204,1.028338148868744
-0.15,1.030669123521854,0.30000000000000004,-0.03638867274782504,0.10925638908078114,0.1747152472504716,1.0278727667842478
-0.15,1.030669123521854,0.35000000000000003,-0.04791667303402615,0.12104224776877429,0.20246610075608013,1.0274079956820064
-0.15,1.030669123521854,0.4,-0.060546733980603895,0.13131627962912545,0.22966909531461913,1.026944027122964
-0.15,1.030669123521854,0.45,-0.07413318748574349,0.14018789063908355,0.2562854209349355,1.0264810700544134
-0.15,1.030669123521854,0.5,-0.08854104139478637,0.14776120688264788,0.2822834556228601,1.026019347961215
-0.15,1.030669123521854,0.55,-0.10364545489668611,0.15413513212077512,0.30763803126553513,1.0255590961497714
-0.15,1.030669123521854,0.6000000000000001,-0.11933121913451965,0.1594034283505987,0.3323297584898159,1.025100559166706
-0.15,1.030669123521854,0.65,-0.135492249036504,0.1636548160638054,0.35634440648477994,1.024643988355102
-0.15,1.030669123521854,0.7000000000000001,-0.15203108399215098,0.16697309120173262,0.37967233405349277,1.0241896395515329
-0.15,1.030669123521854,0.75,-0.16885840207515093,0.16943725607487403,0.4023079684051774,1.023737770927097
-0.15,1.030669123521854,0.8,-0.18589254818679152,0.17112166176690247,0.424249328416226,1.0232886409753184
-0.15,1.030669123521854,0.8500000000000001,-0.20305907574276666,0.1720961597783275,0.4454975892866286,1.0228425066491682
-0.15,1.030669123521854,0.9,-0.22029030487274237,0.1724262608846673,0.46605668569993625,1.0223996216486513
-0.15,1.030669123521854,0.9500000000000001,-0.2375248968786519,0.17217329938834533,0.48593295076105864,1.0219602348595278
-0.15,1.030669123521854,1.0,-0.2547074445124958,0.17139460113314461,0.5051347881420193,1.0215245889427105
-0.15,1.030669123521854,1.05,-0.2717880795971546,0.1701436538264777,0.5236723750124311,1.0210929190728915
-0.15,1.030669123521854,1.1,-0.2887220981499762,0.16847027837832318,0.5415573934692347,1.0206654518239135
-0.15,1.030669123521854,1.1500000000000001,-0.30546960217028263,0.16642080011684948,0.5588027883112663,1.0202424041974922
-0.15,1.030669123521854,1.2000000000000002,-0.32199515832639825,0.16403821888051798,0.5754225491297317,1.0198239827909152
-0.15,1.030669123521854,1.25,-0.33826747395329804,0.1613623771155443,0.5914315148055675,1.019410383098599
-0.15,1.030669123521854,1.3,-0.35425908981470583,0.15843012522634828,0.6068451986191714,1.0190017889416154
-0.15,1.030669123521854,1.35,-0.36994608893085906,0.15527548353555629,0.6216796322881541,1.0185983720187177
-0.15,1.030669123521854,1.4000000000000001,-0.38530782133246694,0.15192980030992997,0.6359512273546679,1.0182002915718793
-0.15,1.030669123521854,1.4500000000000002,-0.4003266446276761,0.14842190539982994,0.6496766524453742,1.0178076941589453
-0.15,1.030669123521854,1.5,-0.41498767979664036,0.14477825912283004,0.6628727250242847,1.0174207135257538
-0.15,1.030669123521854,1.55,-0.4292785814718969,0.14102309609733174,0.6755563163517566,1.0170394705698784
-0.15,1.030669123521854,1.6,-0.44318932221842455,0.13717856379998655,0.6877442684520738,1.016664073388088
-0.15,1.030669123521854,1.6500000000000001,-0.4567119904747643,0.1332648556818842,0.6994533219770752,1.0162946173996077
-0.15,1.030669123521854,1.7000000000000002,-0.4698406016547653,0.1293003387332248,0.7107000539341889,1.0159311855373694
-0.15,1.030669123521854,1.75,-0.4825709217226426,0.12530167543489254,0.7215008243240643,1.0155738484996333
-0.15,1.030669123521854,1.8,-0.494900302580937,0.12128394007843472,0.731871730805896,1.0152226650545506
-0.15,1.030669123521854,1.85,-0.5068275287567483,0.11726072947379218,0.741828570577531,1.0148776823905756
-0.15,1.030669123521854,1.9000000000000001,-0.5183526749289062,0.11324426809714129,0.7513868087225717,1.0145389365058974
-0.15,1.030669123521854,1.9500000000000002,-0.5294769737679753,0.1092455077597418,0.7605615523379213,1.0142064526305081
-0.15,1.030669123521854,2.0,-0.5402026934834251,0.1052742219030636,0.769367529812717,1.0138802456748341
-0.15,1.030669123521854,2.0500000000000003,-0.5505330244855405,0.10133909464604134,0.7778190746834782,1.013560320699332
-0.15,1.030669123521854,2.1,-0.560471974649447,0.09744780472740362,0.7859301135406744,1.01324667339983
-0.15,1.030669123521854,2.15,-0.570024272729983,0.09360710449996922,0.7937141575089092,1.012939290603829
-0.15,1.030669123521854,2.2,-0.5791952794771444,0.08982289414489517,0.8011842968665809,1.0126381507734175
-0.15,1.030669123521854,2.25,-0.5879909059719841,0.08610029128237194,0.8083531984114432,1.0123432245108432
-0.15,1.030669123521854,2.3000000000000003,-0.5964175386940171,0.08244369616146206,0.8152331052159667,1.012054475063208
-0.15,1.030669123521854,2.35,-0.6044819708630924,0.07885685261591754,0.821835838451118,1.0117718588231568
-0.15,1.030669123521854,2.4000000000000004,-0.6121913396496684,0.07534290497512151,0.8281728009891159,1.0114953258227728
-0.15,1.030669123521854,2.45,-0.6195530688850625,0.07190445112003067,0.8342549825251516,1.0112248202182779
-0.15,1.030669123521854,2.5,-0.6265748169147414,0.06854359187331138,0.8400929659850586,1.010960280763466
-0.15,1.030669123521854,2.5500000000000003,-0.6332644292349254,0.06526197691099643,0.8456969350106125,1.0107016412701055
-0.15,1.030669123521854,2.6,-0.6396298955561407,0.062060847380078284,0.8510766823367478,1.0104488310538406
-0.15,1.030669123521854,2.6500000000000004,-0.6456793109571782,0.05894107540267817,0.8562416188955577,1.010201775364399
-0.15,1.030669123521854,2.7,-0.6514208408242623,0.055903200642927676,0.8612007835007298,1.009960395799162
-0.15,1.030669123521854,2.75,-0.656862689300449,0.05294746410760137,0.86596285298308,1.0097246106993618
-0.15,1.030669123521854,2.8000000000000003,-0.6620130709901765,0.0500738393459732,0.8705361526633227,1.0094943355283925
-0.15,1.030669123521854,2.85,-0.66688018567341,0.04728206120843233,0.8749286670621721,1.0092694832319014
-0.15,1.030669123521854,2.9000000000000004,-0.6714721957895453,0.04457165231718616,0.8791480507604896,1.009049964579476
-0.15,1.030669123521854,2.95,-0.6757972064605058,0.04194194739598487,0.8832016393335358,1.0088356884879162
-0.15,1.030669123521854,3.0,-0.6798632478381231,0.039392115599283004,0.8870964602936127,1.008626562326167
-0.15,1.030669123521854,3.0500000000000003,-0.6836782595806123,0.03692118097469635,0.8908392439845372,1.008422492202144
-0.15,1.030669123521854,3.1,-0.6872500772821298,0.03452804118604917,0.8944364343795885,1.0082233832317353
-0.15,1.030669123521854,3.1500000000000004,-0.6905864206942105,0.032211484617800025,0.8978941997419002,1.0080291397903742
-0.15,1.030669123521854,3.2,-0.6936948835877021,0.02997020597522543,0.9012184431127759,1.0078396657476336
-0.15,1.030669123521854,3.25,-0.6965829251106503,0.02780282048844968,0.9044148125992403,1.0076548646853425
-0.15,1.030669123521854,3.3000000000000003,-0.6992578625043004,0.025707876822282413,0.907488711437221,1.0074746400997865
-0.15,1.030669123521854,3.35,-0.7017268650480233,0.023683868787869277,0.9104453078113367,1.0072988955885647
-0.15,1.030669123521854,3.4000000000000004,-0.7039969491147514,0.02172924594640423,0.9132895444162511,1.00712753502273
-0.15,1.030669123521854,3.45,-0.7060749742301002,0.01984242318960367,0.9160261477480593,1.0069604627048405
-0.15,1.030669123521854,3.5,-0.7079676400390932,0.0180217893763117,0.9186596371172671,1.0067975835135554
-0.15,1.030669123521854,3.5500000000000003,-0.7096814840930468,0.01626571509950375,0.9211943333775932,1.0066388030354383
-0.15,1.030669123521854,3.6,-0.711222880375604,0.014572559653084129,0.9236343673671548,1.0064840276846143
-0.15,1.030669123521854,3.6500000000000004,-0.7125980384917787,0.012940677263230472,0.9259836880606288,1.0063331648109142
-0.15,1.030669123521854,3.7,-0.7138130034483403,0.011368422644633015,0.9282460704326773,1.0061861227971547
-0.15,1.030669123521854,3.75,-0.7148736559587464,0.00985415593779319,0.9304251230344404,1.006042811146183
-0.15,1.030669123521854,3.8000000000000003,-0.7157857132113968,0.00839624707959713,0.9325242952861293,1.005903140558278
-0.15,1.030669123521854,3.85,-0.7165547300460591,0.00699307965564375,0.9345468844898245,1.0057670229995317
-0.15,1.030669123521854,3.9000000000000004,-0.7171861004892137,0.00564305427929071,0.9364960425674485,1.005634371761755
-0.15,1.030669123521854,3.95,-0.7176850596043474,0.004344591539073842,0.938374782529631,1.0055051015144978
-0.15,1.030669123521854,4.0,-0.718056685617466,0.003096134553044426,0.9401859846817491,1.0053791283496905
-0.15,1.030669123521854,4.05,-0.7183059022814304,0.0018961511656577033,0.9419324025739119,1.0052563698194434
-0.15,1.030669123521854,4.1000000000000005,-0.7184374814453457,0.0007431358201144219,0.9436166687020059,1.0051367449674817
-0.15,1.030669123521854,4.15,-0.7184560457976614,-0.00036438886349315236,0.9452412999672096,1.0050201743546945
-0.15,1.030669123521854,4.2,-0.7183660717540258,-0.0014278707762630152,0.9468087029015441,1.004906580079242
-0.15,1.030669123521854,4.25,-0.7181718924636068,-0.0024487272490470884,0.948321178667178,1.0047958857916446
-0.15,1.030669123521854,4.3,-0.7178777009103648,-0.003428344197821142,0.9497809278372485,1.0046880167052594
-0.15,1.030669123521854,4.3500000000000005,-0.7174875530885568,-0.004368075464111956,0.9511900549659755,1.0045828996025297
-0.15,1.030669123521854,4.4,-0.7170053712343033,-0.005269242330521625,0.952550572955802,1.0044804628373467
-0.15,1.030669123521854,4.45,-0.7164349470972865,-0.0061331331930521826,0.9538644072292464,1.0043806363338943
-0.15,1.030669123521854,4.5,-0.71577994523839,-0.006961003373473594,0.9551333997130204,1.0042833515822638
-0.15,1.030669123521854,4.55,-0.7150439063405347,-0.007754075056406803,0.9563593126418577,1.0041885416311618
-0.15,1.030669123521854,4.6000000000000005,-0.7142302505210792,-0.008513537337114678,0.9575438321893384,1.0040961410779718
-0.15,1.030669123521854,4.65,-0.7133422806351961,-0.00924054636721578,0.9586885719328393,1.0040060860564484
-0.15,1.030669123521854,4.7,-0.7123831855606174,-0.009936225586664177,0.9597950761595394,1.0039183142222758
-0.15,1.030669123521854,4.75,-0.7113560434552283,-0.010601666031381025,0.9608648230202256,1.003832764736724
-0.15,1.030669123521854,4.800000000000001,-0.7102638249800584,-0.011237926706883283,0.9618992275374626,1.0037493782486175
-0.15,1.030669123521854,4.8500000000000005,-0.7091093964813503,-0.011846035019140904,0.9628996444744439,1.0036680968748108
-0.15,1.030669123521854,4.9,-0.707895523126418,-0.012426987254707584,0.9638673710706701,1.0035888641793431
-0.15,1.030669123521854,4.95,-0.7066248719889493,-0.01298174910291986,0.9648036496503686,1.0035116251514702
-0.15,1.030669123521854,5.0,-0.7053000150801474,-0.01351125621364757,0.9657096701093569,1.0034363261826946
-0.15,1.030669123521854,5.050000000000001,-0.7039234323227606,-0.014016414784710695,0.9665865722858493,1.0033629150429624
-0.15,1.030669123521854,5.1000000000000005,-0.7024975144654779,-0.014498102173657478,0.9674354482204865,1.0032913408561606
-0.15,1.030669123521854,5.15,-0.701024565935569,-0.01495716752912992,0.9682573443106693,1.0032215540750105
-0.15,1.030669123521854,5.2,-0.699506807627968,-0.015394432437529358,0.9690532633640697,1.003153506455511
-0.15,1.030669123521854,5.25,-0.6979463796293168,-0.015810691581140034,0.9698241665559892,1.0030871510309967
-0.15,1.030669123521854,5.300000000000001,-0.6963453438757968,-0.016206713404274938,0.9705709752950507,1.0030224420859297
-0.15,1.030669123521854,5.3500000000000005,-0.6947056867439325,-0.016583240784380754,0.9712945730015046,1.0029593351294959
-0.15,1.030669123521854,5.4,-0.6930293215738955,-0.016940991705376246,0.9719958068022585,1.0028977868690943
-0.15,1.030669123521854,5.45,-0.691318091125164,-0.017280659930808823,0.9726754891465584,1.0028377551837884
-0.15,1.030669123521854,5.5,-0.6895737699647133,-0.017602915674693943,0.9733343993460614,1.002779199097773
-0.15,1.030669123521854,5.550000000000001,-0.6877980667881503,-0.01790840626815914,0.9739732850429038,1.0027220787539362
-0.15,1.030669123521854,5.6000000000000005,-0.6859926266744288,-0.018197756820245777,0.9745928636091603,1.0026663553875421
-0.15,1.030669123521854,5.65,-0.6841590332749151,-0.018471570871433442,0.9751938234809859,1.0026119913001061
-0.15,1.030669123521854,5.7,-0.6822988109376708,-0.018730431038642716,0.9757768254305456,1.0025589498334901
-0.15,1.030669123521854,5.75,-0.68041342676791,-0.018974899650645197,0.9763425037786962,1.0025071953442546
-0.15,1.030669123521854,5.800000000000001,-0.6785042926256131,-0.019205519372966433,0.9768914675512768,1.0024566931783092
-0.15,1.030669123521854,5.8500000000000005,-0.6765727670613421,-0.019422813821508417,0.9774243015816767,1.0024074096458884
-0.15,1.030669123521854,5.9,-0.6746201571913489,-0.019627288164245915,0.9779415675622942,1.0023593119968688
-0.15,1.030669123521854,5.95,-0.6726477205131117,-0.01981942971046546,0.9784438050472898,1.0023123683964605
-0.15,1.030669123521854,6.0,-0.6706566666625101,-0.01999970848711875,0.9789315324090175,1.0022665479012942
-0.15,1.030669123521854,6.050000000000001,-0.6686481591139054,-0.020168577801954746,0.9794052477503186,1.0022218204359012
-0.15,1.030669123521854,6.1000000000000005,-0.6666233168244499,-0.020326474793177205,0.9798654297748183,1.0021781567696264
-0.15,1.030669123521854,6.15,-0.664583215824004,-0.02047382096544818,0.9803125386172261,1.0021355284939697
-0.15,1.030669123521854,6.2,-0.6625288907520646,-0.020611022712124043,0.9807470166355607,1.0020939080003575
-0.15,1.030669123521854,6.25,-0.6604613363431374,-0.02073847182366842,0.9811692891671335,1.0020532684583783
-0.15,1.030669123521854,6.300000000000001,-0.6583815088619744,-0.020856545982238475,0.9815797652500093,1.0020135837944593
-0.15,1.030669123521854,6.3500000000000005,-0.6562903274901041,-0.02096560924248683,0.9819788383116066,1.0019748286710053
-0.15,1.030669123521854,6.4,-0.654188675665042,-0.021066012498660837,0.9823668868260107,1.0019369784659953
-0.15,1.030669123521854,6.45,-0.6520774023735512,-0.02115809393811655,0.9827442749414839,1.0019000092530408
-0.15,1.030669123521854,6.5,-0.6499573234002981,-0.021242179481395274,0.9831113530796033,1.0018638977819043
-0.15,1.030669123521854,6.550000000000001,-0.6478292225332121,-0.02131858320903687,0.9834684585073759,1.001828621459474
-0.15,1.030669123521854,6.6000000000000005,-0.645693852726832,-0.02138760777532668,0.9838159158836111,1.0017941583312
-0.15,1.030669123521854,6.65,-0.6435519372249232,-0.0214495448091929,0.9841540377807835,1.0017604870629802
-0.15,1.030669123521854,6.7,-0.641404170643597,-0.02150467530248666,0.9844831251835406,1.0017275869234972
-0.15,1.030669123521854,6.75,-0.6392512200161835,-0.02155326998589197,0.9848034679649639,1.0016954377670013
-0.15,1.030669123521854,6.800000000000001,-0.6370937258010665,-0.021595589692722787,0.9851153453416372,1.001664020016533
-0.15,1.030669123521854,6.8500000000000005,-0.6349323028536893,-0.02163188571087421,0.9854190263085211,1.00163331464758
-0.15,1.030669123521854,6.9,-0.6327675413639104,-0.021662400123201676,0.9857147700545796,1.0016033031721585
-0.15,1.030669123521854,6.95,-0.6306000077598717,-0.02168736613660759,0.986002826360078,1.001573967623326
-0.15,1.030669123521854,7.0,-0.6284302455795084,-0.021707008400117838,0.9862834359763946,1.0015452905400972
-0.15,1.030669123521854,7.050000000000001,-0.6262587763108012,-0.021721543312234394,0.9865568309891726,1.001517254952774
-0.15,1.030669123521854,7.1000000000000005,-0.6240861002018455,-0.02173117931785005,0.9868232351656033,1.001489844368676
-0.15,1.030669123521854,7.15,-0.6219126970417652,-0.02173611719501186,0.9870828642865548,1.0014630427582607
-0.15,1.030669123521854,7.2,-0.619739026913474,-0.02173655033181942,0.9873359264642704,1.0014368345416271
-0.15,1.030669123521854,7.25,-0.6175655309192599,-0.02173266499374186,0.9875826224463028,1.0014112045754018
-0.15,1.030669123521854,7.300000000000001,-0.6153926318801145,-0.0217246405816348,0.9878231459063166,1.0013861381399873
-0.15,1.030669123521854,7.3500000000000005,-0.613220735009728,-0.021712649880736228,0.9880576837223741,1.0013616209271767
-0.15,1.030669123521854,7.4,-0.6110502285640173,-0.02169685930091555,0.9882864162432669,1.0013376390281115
-0.15,1.030669123521854,7.45,-0.6088814844670537,-0.021677429108446743,0.9885095175434635,1.0013141789215967
-0.15,1.030669123521854,7.5,-0.6067148589141983,-0.02165451364957171,0.9887271556671702,1.001291227462742
-0.15,1.030669123521854,7.550000000000001,-0.6045506929532811,-0.02162826156611481,0.9889394928620326,1.0012687718719344
-0.15,1.030669123521854,7.6000000000000005,-0.6023893130445692,-0.02159881600340449,0.9891466858029149,1.0012467997241292
-0.15,1.030669123521854,7.65,-0.6002310316003205,-0.02156631481075316,0.9893488858062458,1.001225298938457
-0.15,1.030669123521854,7.7,-0.5980761475046301,-0.021530890734739638,0.9895462390353289,1.0012042577681304
-0.15,1.030669123521854,7.75,-0.5959249466143005,-0.021492671605533833,0.9897388866970415,1.0011836647906478
-0.15,1.030669123521854,7.800000000000001,-0.5937777022414176,-0.021451780516496887,0.98992696523031,1.0011635088982864
-0.15,1.030669123521854,7.8500000000000005,-0.591634675618299,-0.021408335997284342,0.990110606486729,1.001143779288878
-0.15,1.030669123521854,7.9,-0.5894961163454541,-0.02136245218067385,0.9902899379036694,1.0011244654568523
-0.15,1.030669123521854,7.95,-0.58736226282318,-0.02131423896333276,0.9904650826702306,1.0011055571845522
-0.15,1.030669123521854,8.0,-0.5852333426673813,-0.021263802160735455,0.9906361598863389,1.0010870445338025
-0.15,1.030669123521854,8.05,-0.5831095731101903,-0.02121124365643352,0.9908032847153009,1.0010689178377343
-0.15,1.030669123521854,8.1,-0.5809911613859408,-0.02115666154587679,0.9909665685301118,1.0010511676928529
-0.15,1.030669123521854,8.15,-0.5788783051030236,-0.021100150274976765,0.9911261190537798,1.0010337849513389
-0.15,1.030669123521854,8.200000000000001,-0.5767711926021435,-0.02104180077359838,0.9912820404939426,1.0010167607135858
-0.15,1.030669123521854,8.25,-0.5746700033014633,-0.020981700584160407,0.991434433672023,1.0010000863209558
-0.15,1.030669123521854,8.3,-0.5725749080291294,-0.02091993398551889,0.9915833961471618,1.000983753348765
-0.15,1.030669123521854,8.35,-0.5704860693436188,-0.020856582112302853,0.9917290223351549,1.0009677535994608
-0.15,1.030669123521854,8.4,-0.5684036418423811,-0.02079172306986562,0.9918714036226223,1.0009520790960225
-0.15,1.030669123521854,8.450000000000001,-0.5663277724591831,-0.020725432045010154,0.9920106284766,1.0009367220755534
-0.15,1.030669123521854,8.5,-0.5642586007505841,-0.020657781412641366,0.99214678254977,1.000921674983066
-0.15,1.030669123521854,8.55,-0.56219625917195,-0.020588840838493397,0.9922799487815005,1.0009069304654554
-0.15,1.030669123521854,8.6,-0.5601408733433737,-0.0205186773780746,0.992410207494893,1.0008924813656537
-0.15,1.030669123521854,8.65,-0.5580925623058987,-0.02044735557196882,0.9925376364899957,1.000878320716968
-0.15,1.030669123521854,8.700000000000001,-0.5560514387683866,-0.020374937537625627,0.9926623111333494,1.0008644417375798
-0.15,1.030669123521854,8.75,-0.5540176093453805,-0.020301483057768983,0.9927843044440291,1.0008508378252157
-0.15,1.030669123521854,8.8,-0.5519911747862994,-0.020227049665548114,0.9929036871763225,1.000837502551978
-0.15,1.030669123521854,8.85,-0.54997223019628,-0.02015169272655092,0.9930205278991923,1.000824429659337
-0.15,1.030669123521854,8.9,-0.5479608652489656,-0.020075465517795255,0.9931348930726535,1.000811613053264
-0.15,1.030669123521854,8.950000000000001,-0.5459571643915511,-0.01999841930381014,0.9932468471212049,1.00079904679952
-0.15,1.030669123521854,9.0,-0.5439612070423575,-0.019920603409914157,0.9933564525044288,1.0007867251190872
-0.15,1.030669123521854,9.05,-0.5419730677812145,-0.019842065292795193,0.9934637697848838,1.000774642383732
-0.15,1.030669123521854,9.1,-0.5399928165329054,-0.019762850608491186,0.9935688576933942,1.000762793111705
-0.15,1.030669123521854,9.15,-0.5380205187439481,-0.019683003277868812,0.9936717731918682,1.000751171963575
-0.15,1.030669123521854,9.200000000000001,-0.5360562355529341,-0.019602565549692634,0.9937725715337081,1.0007397737381851
-0.15,1.030669123521854,9.25,-0.5341000239546789,-0.019521578061374643,0.9938713063219555,1.0007285933687253
-0.15,1.030669123521854,9.3,-0.5321519369584002,-0.01944007989749015,0.9939680295652278,1.0007176259189379
-0.15,1.030669123521854,9.35,-0.5302120237401569,-0.019358108646143474,0.9940627917315638,1.0007068665794192
-0.15,1.030669123521854,9.4,-0.5282803297897476,-0.01927570045326341,0.9941556418002492,1.0006963106640487
-0.15,1.030669123521854,9.450000000000001,-0.5263568970522841,-0.01919289007490544,0.9942466273117062,1.0006859536065134
-0.15,1.030669123521854,9.5,-0.5244417640646288,-0.01910971092763532,0.9943357944155317,1.0006757909569441
-0.15,1.030669123521854,9.55,-0.5225349660868911,-0.019026195137065147,0.9944231879167511,1.0006658183786494
-0.15,1.030669123521854,9.600000000000001,-0.5206365352291643,-0.018942373584611198,0.9945088513203738,1.0006560316449498
-0.15,1.030669123521854,9.65,-0.5187465005736752,-0.018858275952539555,0.9945928268742942,1.0006464266361002
-0.15,1.030669123521854,9.700000000000001,-0.5168648882925155,-0.018773930767363445,0.9946751556106369,1.0006369993363147
-0.15,1.030669123521854,9.75,-0.5149917217611245,-0.01868936544165377,0.9947558773855752,1.0006277458308723
-0.15,1.030669123521854,9.8,-0.5131270216676608,-0.01860460631432201,0.9948350309177115,1.00061866230331
-0.15,1.030669123521854,9.850000000000001,-0.511270806118433,-0.018519678689432318,0.9949126538250627,1.0006097450327047
-0.15,1.030669123521854,9.9,-0.5094230907395161,-0.018434606873597794,0.9949887826607006,1.0006009903910278
-0.15,1.030669123521854,9.950000000000001,-0.5075838887747002,-0.018349414212013446,0.9950634529471238,1.000592394840586
-0.15,1.030669123521854,10.0,-0.5057532111799007,-0.01826412312317689,0.9951366992093761,1.0005839549315352
-0.15,1.030669123521854,10.05,-0.5039310667141557,-0.01817875513234533,0.9952085550069975,1.0005756672994623
-0.15,1.030669123521854,10.100000000000001,-0.5021174620273411,-0.01809333090377613,0.9952790529648257,1.0005675286630529
-0.15,1.030669123521854,10.15,-0.5003124017447118,-0.018007870271795984,0.9953482248027069,1.0005595358218102
-0.15,1.030669123521854,10.200000000000001,-0.4985158885483909,-0.017922392270742386,0.9954161013641544,1.0005516856538565
-0.15,1.030669123521854,10.25,-0.4967279232559155,-0.01783691516381922,0.9954827126439952,1.000543975113789
-0.15,1.030669123521854,10.3,-0.49494850489594294,-0.017751456470906733,0.995548087815045,1.0005364012306035
-0.15,1.030669123521854,10.350000000000001,-0.4931776307812266,-0.01766603299536487,0.9956122552538481,1.0005289611056791
-0.15,1.030669123521854,10.4,-0.4914152965789526,-0.017580660849867064,0.9956752425655241,1.000521651910821
-0.15,1.030669123521854,10.450000000000001,-0.4896614963785447,-0.017495355481300528,0.9957370766077371,1.0005144708863596
-0.15,1.030669123521854,10.5,-0.4879162227570167,-0.017410131694767718,0.9957977835138478,1.0005074153393059
-0.15,1.030669123521854,10.55,-0.48617946684197316,-0.0173250036767219,0.9958573887152569,1.0005004826415622
-0.15,1.030669123521854,10.600000000000001,-0.48445121837234006,-0.017239985017269234,0.9959159169629841,1.0004936702281826
-0.15,1.030669123521854,10.65,-0.4827314657569046,-0.01715508873166782,0.9959733923485022,1.0004869755956862
-0.15,1.030669123521854,10.700000000000001,-0.4810201961307506,-0.01707032728105345,0.9960298383238612,1.0004803963004163
-0.15,1.030669123521854,10.75,-0.4793173954096611,-0.01698571259242072,0.9960852777211285,1.0004739299569503
-0.15,1.030669123521854,10.8,-0.4776230483425623,-0.016901256077886777,0.9961397327711632,1.0004675742365545
-0.15,1.030669123521854,10.850000000000001,-0.47593713856208153,-0.016816968653264007,0.9961932251217601,1.000461326865682
-0.15,1.030669123521854,10.9,-0.47425964863328296,-0.016732860755967357,0.996245775855181,1.0004551856245145
-0.15,1.030669123521854,10.950000000000001,-0.47259056010064904,-0.0166489423622805,0.9962974055050929,1.0004491483455502
-0.15,1.030669123521854,11.0,-0.4709298535333691,-0.01656522300400445,0.9963481340729444,1.0004432129122227
-0.15,1.030669123521854,11.05,-0.4692775085689935,-0.01648171178451121,0.9963979810437905,1.0004373772575696
-0.15,1.030669123521854,11.100000000000001,-0.46763350395551345,-0.016398417394224405,0.9964469654015929,1.000431639362935
-0.15,1.030669123521854,11.15,-0.46599781759191733,-0.01631534812554755,0.9964951056440147,1.0004259972567053
-0.15,1.030669123521854,11.200000000000001,-0.4643704265672839,-0.01623251188726054,0.9965424197967228,1.0004204490130886
-0.15,1.030669123521854,11.25,-0.46275130719845503,-0.016149916218403414,0.9965889254272213,1.0004149927509198
-0.15,1.030669123521854,11.3,-0.46114043506634733,-0.01606756830166622,0.9966346396582304,1.0004096266325109
-0.15,1.030669123521854,11.350000000000001,-0.45953778505094106,-0.01598547497630315,0.9966795791806297,1.0004043488625225
-0.15,1.030669123521854,11.4,-0.45794333136499915,-0.01590364275058786,0.9967237602659749,1.0003991576868727
-0.15,1.030669123521854,11.450000000000001,-0.45635704758656115,-0.015822077813827058,0.9967671987786109,1.0003940513916767
-0.15,1.030669123521854,11.5,-0.45477890669025195,-0.01574078604794815,0.9968099101873961,1.0003890283022179
-0.15,1.030669123521854,11.55,-0.45320888107744867,-0.0156597730386764,0.996851909577039,1.0003840867819411
-0.15,1.030669123521854,11.600000000000001,-0.4516469426053502,-0.015579044086316655,0.9968932116590826,1.0003792252314818
-0.15,1.030669123521854,11.65,-0.4500930626149849,-0.015498604216153655,0.9969338307825236,1.0003744420877183
-0.15,1.030669123521854,11.700000000000001,-0.44854721195819236,-0.015418458188484977,0.9969737809441013,1.0003697358228498
-0.15,1.030669123521854,11.75,-0.44700936102362554,-0.015338610508299771,0.9970130757982612,1.000365104943505
-0.15,1.030669123521854,11.8,-0.4454794797617959,-0.0152590654346159,0.9970517286667886,1.000360547989867
-0.15,1.030669123521854,11.850000000000001,-0.44395753770920754,-0.015179826989488115,0.9970897525481541,1.0003560635348308
-0.15,1.030669123521854,11.9,-0.4424435040116054,-0.01510089896669883,0.9971271601265548,1.0003516501831806
-0.15,1.030669123521854,11.950000000000001,-0.4409373474463729,-0.015022284940142999,0.9971639637806726,1.0003473065707889
-0.15,1.030669123521854,12.0,-0.43943903644410875,-0.014943988271918026,0.9972001755921612,1.000343031363839
-0.15,1.030669123521854,12.05,-0.4379485391094086,-0.014866012120129323,0.997235807353865,1.000338823258067
-0.15,1.030669123521854,12.100000000000001,-0.4364658232408908,-0.01478835944642176,0.9972708705777859,1.0003346809780302
-0.15,1.030669123521854,12.15,-0.4349908563504738,-0.014711033023246578,0.9973053765027988,1.000330603276385
-0.15,1.030669123521854,12.200000000000001,-0.43352360568195314,-0.014634035440873529,0.997339336102135,1.0003265889331987
-0.15,1.030669123521854,12.25,-0.4320640382288836,-0.014557369114157007,0.9973727600906256,1.0003226367552638
-0.15,1.030669123521854,12.3,-0.43061212075180305,-0.014481036289065241,0.9974056589317327,1.000318745575446
-0.15,1.030669123521854,12.350000000000001,-0.4291678197948158,-0.014405039048980718,0.9974380428443615,1.0003149142520424
-0.15,1.030669123521854,12.4,-0.42773110170155415,-0.014329379320780102,0.9974699218094588,1.0003111416681507
-0.15,1.030669123521854,12.450000000000001,-0.4263019326305494,-0.01425405888070154,0.9975013055764224,1.000307426731074
-0.15,1.030669123521854,12.5,-0.42488027857001825,-0.014179079360006697,0.9975322036693087,1.000303768371721
-0.15,1.030669123521854,12.55,-0.4234661053520986,-0.014104442250444943,0.9975626253928526,1.000300165544036
-0.15,1.030669123521854,12.600000000000001,-0.4220593786665432,-0.014030148909526695,0.9975925798383102,1.0002966172244387
-0.15,1.030669123521854,12.65,-0.42066006407389483,-0.013956200565612548,0.997622075889123,1.00029312241128
-0.15,1.030669123521854,12.700000000000001,-0.4192681270181605,-0.013882598322824789,0.9976511222264154,1.0002896801243122
-0.15,1.030669123521854,12.75,-0.4178835328389979,-0.013809343165787524,0.9976797273343266,1.0002862894041724
-0.15,1.030669123521854,12.8,-0.4165062467834373,-0.013736435964201432,0.997707899505183,1.0002829493118834
-0.15,1.030669123521854,12.850000000000001,-0.41513623401714944,-0.013663877477259051,0.9977356468445212,1.0002796589283636
-0.15,1.030669123521854,12.9,-0.41377345963527795,-0.013591668357906032,0.9977629772759594,1.000276417353949
-0.15,1.030669123521854,12.950000000000001,-0.4124178886728525,-0.013519809156953966,0.9977898985459259,1.000273223707935
-0.15,1.030669123521854,13.0,-0.41106948611479344,-0.013448300327049792,0.9978164182282523,1.000270077128122
-0.15,1.030669123521854,13.05,-0.40972821690552846,-0.013377142226506994,0.9978425437286257,1.0002669767703753
-0.15,1.030669123521854,13.100000000000001,-0.4083940459582302,-0.013306335123003294,0.997868282288921,1.0002639218082026
-0.15,1.030669123521854,13.15,-0.4070669381636897,-0.013235879197149457,0.9978936409913965,1.0002609114323318
-0.15,1.030669123521854,13.200000000000001,-0.40574685839884067,-0.013165774545933954,0.9979186267627763,1.0002579448503093
-0.15,1.030669123521854,13.25,-0.4044337715349445,-0.013096021186047467,0.9979432463782106,1.0002550212861028
-0.15,1.030669123521854,13.3,-0.4031276424454504,-0.013026619057091763,0.9979675064651236,1.0002521399797202
-0.15,1.030669123521854,13.350000000000001,-0.40182843601354107,-0.012957568024676649,0.9979914135069526,1.0002493001868282
-0.15,1.030669123521854,13.4,-0.40053611713937476,-0.012888867883409181,0.9980149738467773,1.0002465011783956
-0.15,1.030669123521854,13.450000000000001,-0.3992506507470362,-0.01282051835977856,0.998038193690845,1.0002437422403303
-0.15,1.030669123521854,13.5,-0.39797200179120495,-0.012752519114940677,0.9980610791120004,1.000241022673136
-0.15,1.030669123521854,13.55,-0.3967001352635554,-0.0126848697474055,0.9980836360530163,1.0002383417915768
-0.15,1.030669123521854,13.600000000000001,-0.3954350161988876,-0.012617569795630787,0.9981058703298262,1.000235698924344
-0.15,1.030669123521854,13.65,-0.39417660968101204,-0.012550618740525361,0.9981277876346722,1.0002330934137362
-0.15,1.030669123521854,13.700000000000001,-0.39292488084838684,-0.012484016007865062,0.9981493935391612,1.0002305246153518
-0.15,1.030669123521854,13.75,-0.3916797948995185,-0.012417760970624383,0.9981706934972338,1.0002279918977774
-0.15,1.030669123521854,13.8,-0.39044131709813606,-0.012351852951226643,0.998191692848058,1.0002254946422962
-0.15,1.030669123521854,13.850000000000001,-0.3892094127781444,-0.01228629122371569,0.9982123968188327,1.0002230322425958
-0.15,1.030669123521854,13.9,-0.38798404734836645,-0.012221075015851526,0.9982328105275203,1.0002206041044903
-0.15,1.030669123521854,13.950000000000001,-0.38676518629707496,-0.012156203511132837,0.9982529389855033,1.0002182096456398
-0.15,1.030669123521854,14.0,-0.3855527951963314,-0.012091675850748499,0.9982727871001621,1.0002158482952872
-0.15,1.030669123521854,14.05,-0.3843468397061298,-0.01202749113546103,0.9982923596773926,1.0002135194939945
-0.15,1.030669123521854,14.100000000000001,-0.3831472855783535,-0.011963648427423798,0.9983116614240424,1.0002112226933904
-0.15,1.030669123521854,14.15,-0.3819540986605563,-0.011900146751934605,0.998330696950293,1.000208957355918
-0.15,1.030669123521854,14.200000000000001,-0.3807672448995668,-0.011836985099127732,0.9983494707719636,1.0002067229545981
-0.15,1.030669123521854,14.25,-0.37958669034492715,-0.01177416242560639,0.9983679873127689,1.000204518972787
-0.15,1.030669123521854,14.3,-0.3784124011521695,-0.01171167765601793,0.9983862509065025,1.000202344903954
-0.15,1.030669123521854,14.350000000000001,-0.37724434358593584,-0.011649529684573445,0.9984042657991623,1.000200200251448
-0.15,1.030669123521854,14.4,-0.3760824840229483,-0.011587717376513906,0.9984220361510323,1.0001980845282867
-0.15,1.030669123521854,14.450000000000001,-0.3749267889548331,-0.011526239569524439,0.9984395660386887,1.0001959972569343
-0.15,1.030669123521854,14.5,-0.3737772249908046,-0.01146509507509875,0.9984568594569703,1.000193937969102
-0.15,1.030669123521854,14.55,-0.3726337588602149,-0.011404282679855186,0.9984739203208857,1.0001919062055407
-0.15,1.030669123521854,14.600000000000001,-0.3714963574149707,-0.011343801146806156,0.9984907524674733,1.000189901515839
-0.15,1.030669123521854,14.65,-0.37036498763182873,-0.011283649216582581,0.998507359657614,1.0001879234582371
-0.15,1.030669123521854,14.700000000000001,-0.3692396166145674,-0.011223825608614724,0.9985237455777912,1.0001859715994346
-0.15,1.030669123521854,14.75,-0.36812021159604136,-0.011164329022271019,0.9985399138418096,1.0001840455144015
-0.15,1.030669123521854,14.8,-0.3670067399401272,-0.01110515813795632,0.9985558679924671,1.000182144786208
-0.15,1.030669123521854,14.850000000000001,-0.3658991691435594,-0.011046311618170856,0.9985716115031825,1.000180269005842
-0.15,1.030669123521854,14.9,-0.36479746683766334,-0.01098778810853131,0.9985871477795791,1.0001784177720399
-0.15,1.030669123521854,14.950000000000001,-0.3637016007899869,-0.01092958623875528,0.9986024801610323,1.0001765906911204
-0.15,1.030669123521854,15.0,-0.3626115389058385,-0.010871704623610317,0.9986176119221737,1.0001747873768219
-0.15,1.030669123521854,15.05,-0.36152724922973123,-0.010814141863828824,0.9986325462743544,1.0001730074501394
-0.15,1.030669123521854,15.100000000000001,-0.3604486999467383,-0.010756896546989903,0.9986472863670766,1.0001712505391736
-0.15,1.030669123521854,15.15,-0.3593758593837636,-0.01069996724836933,0.9986618352893811,1.00016951627898
-0.15,1.030669123521854,15.200000000000001,-0.3583086960107289,-0.010643352531758568,0.9986761960712058,1.0001678043114153
-0.15,1.030669123521854,15.25,-0.35724717844168274,-0.010587050950254211,0.998690371684708,1.0001661142849976
-0.15,1.030669123521854,15.3,-0.3561912754358313,-0.010531061047018416,0.9987043650455473,1.000164445854764
-0.15,1.030669123521854,15.350000000000001,-0.35514095589849815,-0.010475381356011705,0.9987181790141458,1.0001627986821326
-0.15,1.030669123521854,15.4,-0.354096188882011,-0.01042001040269874,0.9987318163969081,1.0001611724347683
-0.15,1.030669123521854,15.450000000000001,-0.3530569435865199,-0.010364946704728265,0.9987452799474156,1.000159566786451
-0.15,1.030669123521854,15.5,-0.35202318936075105,-0.01031018877258791,0.9987585723675891,1.0001579814169486
-0.15,1.030669123521854,15.55,-0.3509948957026953,-0.010255735110234651,0.9987716963088201,1.0001564160118892
-0.15,1.030669123521854,15.600000000000001,-0.34997203226023693,-0.010201584215702086,0.998784654373079,1.0001548702626415
-0.15,1.030669123521854,15.65,-0.3489545688317205,-0.010147734581684782,0.9987974491139888,1.0001533438661927
-0.15,1.030669123521854,15.700000000000001,-0.3479424753664627,-0.010094184696101016,0.99881008303788,1.0001518365250344
-0.15,1.030669123521854,15.75,-0.34693572196520944,-0.010040933042634159,0.9988225586048142,1.0001503479470473
-0.15,1.030669123521854,15.8,-0.3459342788805358,-0.009987978101253856,0.9988348782295815,1.0001488778453886
-0.15,1.030669123521854,15.850000000000001,-0.3449381165172,-0.00993531834871726,0.9988470442826788,1.0001474259383865
-0.15,1.030669123521854,15.9,-0.34394720543244256,-0.009882952259051373,0.9988590590912569,1.0001459919494293
-0.15,1.030669123521854,15.950000000000001,-0.3429615163362409,-0.009830878304016867,0.9988709249400538,1.0001445756068654
-0.15,1.030669123521854,16.0,-0.3419810200915167,-0.009779094953554104,0.9988826440722932,1.0001431766439
-0.15,1.030669123521854,16.05,-0.34100568771429873,-0.009727600676212027,0.9988942186905733,1.0001417947984963
-0.15,1.030669123521854,16.1,-0.3400354903738428,-0.00967639393956035,0.9989056509577259,1.0001404298132788
-0.15,1.030669123521854,16.150000000000002,-0.33907039939271055,-0.009625473210585732,0.9989169429976564,1.0001390814354385
-0.15,1.030669123521854,16.2,-0.3381103862468089,-0.009574836956072435,0.9989280968961672,1.0001377494166397
-0.15,1.030669123521854,16.25,-0.33715542256539127,-0.00952448364296793,0.9989391147017561,1.0001364335129297
-0.15,1.030669123521854,16.3,-0.3362054801310213,-0.009474411738734121,0.9989499984263991,1.000135133484652
-0.15,1.030669123521854,16.35,-0.33526053087950264,-0.009424619711684474,0.9989607500463121,1.0001338490963576
-0.15,1.030669123521854,16.400000000000002,-0.33432054689977614,-0.009375106031307673,0.9989713715026992,1.0001325801167207
-0.15,1.030669123521854,16.45,-0.3333855004337808,-0.009325869168578214,0.9989818647024756,1.0001313263184595
-0.15,1.030669123521854,16.5,-0.33245536387628816,-0.009276907596254332,0.9989922315189789,1.00013008747825
-0.15,1.030669123521854,16.55,-0.33153010977470465,-0.009228219789163751,0.9990024737926626,1.0001288633766512
-0.15,1.030669123521854,16.6,-0.3306097108288475,-0.009179804224477717,0.9990125933317759,1.0001276537980286
-0.15,1.030669123521854,16.650000000000002,-0.3296941398906916,-0.009131659381973523,0.9990225919130159,1.0001264585304708
-0.15,1.030669123521854,16.7,-0.3287833699640926,-0.00908378374428616,0.9990324712821835,1.0001252773657292
-0.15,1.030669123521854,16.75,-0.3278773742044837,-0.009036175797149201,0.9990422331548052,1.0001241100991316
-0.15,1.030669123521854,16.8,-0.326976125918552,-0.008988834029625659,0.9990518792167558,1.0001229565295238
-0.15,1.030669123521854,16.85,-0.3260795985638884,-0.008941756934328608,0.9990614111248527,1.0001218164591912
-0.15,1.030669123521854,16.900000000000002,-0.3251877657486199,-0.008894943007632555,0.999070830507448,1.0001206896937982
-0.15,1.030669123521854,16.95,-0.3243006012310198,-0.008848390749875317,0.9990801389650016,1.0001195760423163
-0.15,1.030669123521854,17.0,-0.32341807891909996,-0.008802098665551083,0.9990893380706412,1.000118475316965
-0.15,1.030669123521854,17.05,-0.3225401728701823,-0.00875606526349486,0.9990984293707099,1.0001173873331446
-0.15,1.030669123521854,17.1,-0.32166685729045663,-0.008710289057058498,0.9991074143853002,1.0001163119093759
-0.15,1.030669123521854,17.150000000000002,-0.32079810653451857,-0.00866476856427877,0.9991162946087802,1.0001152488672411
-0.15,1.030669123521854,17.2,-0.31993389510489284,-0.008619502308037597,0.9991250715103018,1.0001141980313224
-0.15,1.030669123521854,17.25,-0.3190741976515415,-0.0085744888162148,0.999133746534301,1.0001131592291448
-0.15,1.030669123521854,17.3,-0.318218988971359,-0.008529726621833652,0.9991423211009858,1.0001121322911204
-0.15,1.030669123521854,17.35,-0.3173682440076503,-0.008485214263199333,0.9991507966068136,1.0001111170504924
-0.15,1.030669123521854,17.400000000000002,-0.31652193784960075,-0.00844095028403074,0.9991591744249592,1.0001101133432795
-0.15,1.030669123521854,17.45,-0.31568004573172814,-0.008396933233585679,0.9991674559057656,1.0001091210082278
-0.15,1.030669123521854,17.5,-0.3148425430333275,-0.00835316166677981,0.999175642377195,1.000108139886751
-0.15,1.030669123521854,17.55,-0.31400940527790167,-0.00830963414429953,0.9991837351452636,1.0001071698228872
-0.15,1.030669123521854,17.6,-0.313180608132583,-0.008266349232708954,0.9991917354944633,1.0001062106632452
-0.15,1.030669123521854,17.650000000000002,-0.31235612740754337,-0.008223305504551229,0.9991996446881828,1.0001052622569564
-0.15,1.030669123521854,17.7,-0.3115359390553941,-0.00818050153844444,0.9992074639691148,1.0001043244556265
-0.15,1.030669123521854,17.75,-0.31072001917057956,-0.008137935919172138,0.9992151945596507,1.000103397113292
-0.15,1.030669123521854,17.8,-0.30990834398875705,-0.008095607237768919,0.9992228376622728,1.0001024800863707
-0.15,1.030669123521854,17.85,-0.3091008898861735,-0.008053514091600949,0.999230394459937,1.000101573233621
-0.15,1.030669123521854,17.900000000000002,-0.30829763337902877,-0.008011655084441842,0.9992378661164394,1.0001006764160922
-0.15,1.030669123521854,17.95,-0.30749855112283603,-0.007970028826543974,0.9992452537767862,1.0000997894970876
-0.15,1.030669123521854,18.0,-0.3067036199117723,-0.007928633934705302,0.9992525585675495,1.0000989123421216
-0.15,1.030669123521854,18.05,-0.30591281667802295,-0.00788746903233203,0.9992597815972145,1.0000980448188757
-0.15,1.030669123521854,18.1,-0.30512611849111854,-0.007846532749497105,0.9992669239565194,1.0000971867971602
-0.15,1.030669123521854,18.150000000000002,-0.3043435025572684,-0.007805823722994793,0.9992739867187943,1.0000963381488759
-0.15,1.030669123521854,18.2,-0.30356494621868507,-0.0077653405963914275,0.9992809709402821,1.000095498747974
-0.15,1.030669123521854,18.25,-0.30279042695290576,-0.007725082020072478,0.9992878776604612,1.000094668470418
-0.15,1.030669123521854,18.3,-0.3020199223721083,-0.0076850466512861015,0.9992947079023574,1.0000938471941472
-0.15,1.030669123521854,18.35,-0.3012534102224223,-0.007645233154183241,0.9993014626728512,1.0000930347990433
-0.15,1.030669123521854,18.400000000000002,-0.3004908683832355,-0.007605640199854445,0.9993081429629748,1.0000922311668898
-0.15,1.030669123521854,18.45,-0.29973227486649817,-0.007566266466363548,0.9993147497482087,1.0000914361813416
-0.15,1.030669123521854,18.5,-0.29897760781602106,-0.00752711063877821,0.9993212839887637,1.0000906497278894
-0.15,1.030669123521854,18.55,-0.29822684550677203,-0.007488171409197628,0.999327746629868,1.0000898716938247
-0.15,1.030669123521854,18.6,-0.29747996634417107,-0.007449447476777298,0.9993341386020361,1.0000891019682112
-0.15,1.030669123521854,18.650000000000002,-0.2967369488633791,-0.007410937547751149,0.9993404608213425,1.0000883404418481
-0.15,1.030669123521854,18.7,-0.2959977717285876,-0.007372640335450922,0.9993467141896828,1.0000875870072432
-0.15,1.030669123521854,18.75,-0.29526241373230533,-0.0073345545603231725,0.999352899595032,1.000086841558579
-0.15,1.030669123521854,18.8,-0.29453085379464305,-0.007296678949943697,0.9993590179116963,1.000086103991684
-0.15,1.030669123521854,18.85,-0.2938030709625978,-0.007259012239029697,0.9993650700005641,1.0000853742040021
-0.15,1.030669123521854,18.900000000000002,-0.293079044409335,-0.007221553169449671,0.9993710567093436,1.0000846520945676
-0.15,1.030669123521854,18.95,-0.2923587534334711,-0.007184300490231081,0.9993769788728021,1.0000839375639705
-0.15,1.030669123521854,19.0,-0.29164217745835386,-0.007147252957566031,0.999382837312998,1.000083230514334
-0.15,1.030669123521854,19.05,-0.2909292960313441,-0.007110409334814849,0.9993886328395086,1.0000825308492851
-0.15,1.030669123521854,19.1,-0.29022008882309697,-0.0070737683925078025,0.9993943662496529,1.0000818384739296
-0.15,1.030669123521854,19.150000000000002,-0.28951453562684276,-0.007037328908344896,0.9994000383287083,1.0000811532948228
-0.15,1.030669123521854,19.200000000000003,-0.2888126163576684,-0.007001089667193979,0.9994056498501269,1.0000804752199466
-0.15,1.030669123521854,19.25,-0.2881143110517997,-0.006965049461086998,0.9994112015757435,1.0000798041586851
-0.15,1.030669123521854,19.3,-0.28741959986588395,-0.006929207089214792,0.9994166942559803,1.000079140021798
-0.15,1.030669123521854,19.35,-0.2867284630762746,-0.006893561357920148,0.999422128630049,1.000078482721397
-0.15,1.030669123521854,19.400000000000002,-0.2860408810783148,-0.006858111080689416,0.9994275054261461,1.0000778321709225
-0.15,1.030669123521854,19.450000000000003,-0.28535683438562437,-0.006822855078142665,0.9994328253616487,1.00007718828512
-0.15,1.030669123521854,19.5,-0.284676303629387,-0.006787792178022437,0.999438089143299,1.0000765509800176
-0.15,1.030669123521854,19.55,-0.28399926955763927,-0.006752921215181179,0.9994432974673957,1.0000759201729055
-0.15,1.030669123521854,19.6,-0.28332571303456155,-0.006718241031567364,0.9994484510199704,1.0000752957823114
-0.15,1.030669123521854,19.650000000000002,-0.2826556150397691,-0.006683750476210405,0.999453550476967,1.000074677727981
-0.15,1.030669123521854,19.700000000000003,-0.28198895666760704,-0.006649448405204404,0.9994585965044159,1.000074065930854
-0.15,1.030669123521854,19.75,-0.2813257191264459,-0.0066153336816907535,0.9994635897586068,1.0000734603130497
-0.15,1.030669123521854,19.8,-0.28066588373798,-0.0065814051758396695,0.9994685308862554,1.0000728607978389
-0.15,1.030669123521854,19.85,-0.28000943193652644,-0.006547661764830692,0.9994734205246637,1.0000722673096318
-0.15,1.030669123521854,19.900000000000002,-0.27935634526832787,-0.006514102332832218,0.9994782593018877,1.0000716797739528
-0.15,1.030669123521854,19.950000000000003,-0.27870660539085684,-0.006480725770980078,0.99948304783689,1.0000710981174243
-0.15,1.030669123521854,20.0,-0.2780601940721216,-0.006447530977355178,0.9994877867396962,1.0000705222677475
-0.15,1.030669123521854,20.1,-0.27677728473142466,-0.00638168232169644,0.9994971180450467,1.0000693877050364
-0.15,1.030669123521854,20.28615468146082,-0.2744238666954069,-0.006260997174490326,0.9995139823565187,1.000067334872925
-0.15,1.030669123521854,20.47403342090323,-0.2720937498016844,-0.006141647308013597,0.9995303598023298,1.0000653381885898
-0.15,1.030669123521854,20.663652185564246,-0.26978706071770236,-0.00602363479947429,0.9995462627079844,1.0000633961659668
-0.15,1.030669123521854,20.855027090560313,-0.26750392104111304,-0.005906961370391498,0.9995617030967976,1.0000615073578927
-0.15,1.030669123521854,21.04817440025684,-0.26524444727359997,-0.005791628397676921,0.9995766926982029,1.0000596703551723
-0.15,1.030669123521854,21.243110529650455,-0.2630087507929759,-0.005677636924223494,0.9995912429558116,1.000057883785655
-0.15,1.030669123521854,21.439852045764102,-0.2607969378236881,-0.005564987669012656,0.9996053650352485,1.0000561463133313
-0.15,1.030669123521854,21.638415669054964,-0.2586091094059823,-0.005453681036751877,0.9996190698317501,1.0000544566374472
-0.15,1.030669123521854,21.83881827483555,-0.2564453613640597,-0.00534371712705407,0.9996323679775456,1.0000528134916307
-0.15,1.030669123521854,22.04107689470784,-0.25430578427359835,-0.005235095743170527,0.9996452698490192,1.000051215643041
-0.15,1.030669123521854,22.245208718010712,-0.2521904634289817,-0.0051278164002892795,0.999657785573659,1.0000496618915282
-0.15,1.030669123521854,22.4512310932809,-0.2500994788105086,-0.005021878333410419,0.9996699250367975,1.0000481510688133
-0.15,1.030669123521854,22.659161529727328,-0.2480329050517491,-0.004917280504810337,0.9996816978881536,1.0000466820376845
-0.15,1.030669123521854,22.86901769871915,-0.24599081140708587,-0.004814021611106661,0.999693113548172,1.0000452536912054
-0.15,1.030669123521854,23.080817435287667,-0.24397326171937586,-0.004712100089935467,0.999704181214173,1.0000438649519434
-0.15,1.030669123521854,23.294578739641963,-0.2419803143875901,-0.004611514126252938,0.9997149098663148,1.000042514771214
-0.15,1.030669123521854,23.510319778698783,-0.2400120223342641,-0.004512261658272924,0.9997253082733689,1.0000412021283354
-0.15,1.030669123521854,23.72805888762644,-0.23806843297262056,-0.004414340383052493,0.9997353849983235,1.0000399260299095
-0.15,1.030669123521854,23.947814571403043,-0.2361495881733058,-0.004317747761737193,0.9997451484038042,1.0000386855091048
-0.15,1.030669123521854,24.169605506389228,-0.23425552423078894,-0.004222481024477952,0.9997546066573365,1.0000374796249647
-0.15,1.030669123521854,24.39345054191539,-0.23238627182960367,-0.004128537175031518,0.9997637677364306,1.000036307461726
-0.15,1.030669123521854,24.619368701883577,-0.23054185601072075,-0.004035912995056436,0.9997726394335175,1.0000351681281567
-0.15,1.030669123521854,24.847379186384366,-0.22872229613842018,-0.0039446050481163975,0.9997812293607206,1.0000340607568996
-0.15,1.030669123521854,25.077501373328523,-0.2269276058680701,-0.0038546096834031116,0.9997895449544809,1.0000329845038427
-0.15,1.030669123521854,25.30975482009396,-0.22515779311519638,-0.003765923039190605,0.9997975934800303,1.000031938547492
-0.15,1.030669123521854,25.544159265187808,-0.22341286002616217,-0.0036785410460330216,0.999805382035723,1.0000309220883692
-0.15,1.030669123521854,25.780734629923902,-0.22169280295067514,-0.0035924594297179367,0.9998129175572287,1.0000299343484116
-0.15,1.030669123521854,26.019501020115914,-0.21999761241622545,-0.0035076737139872463,0.9998202068215863,1.000028974570399
-0.15,1.030669123521854,26.260478727786037,-0.21832727310444355,-0.003424179223037609,0.9998272564511321,1.000028042017382
-0.15,1.030669123521854,26.503688232889502,-0.2166817638292932,-0.003341971083812675,0.9998340729172891,1.000027135972132
-0.15,1.030669123521854,26.74915020505521,-0.21506105751696855,-0.003261044228098921,0.999840662544245,1.000026255736598
-0.15,1.030669123521854,26.99688550534226,-0.21346512118737887,-0.0031813933944374036,0.9998470315124998,1.0000254006313822
-0.15,1.030669123521854,27.246915188012967,-0.21189391593716014,-0.003103013129863379,0.9998531858623023,1.0000245699952264
-0.15,1.030669123521854,27.499260502322162,-0.21034739692424448,-0.003025897791486043,0.9998591314969683,1.0000237631845046
-0.15,1.030669123521854,27.753942894323053,-0.20882551335413332,-0.0029500415479204248,0.9998648741860947,1.0000229795727391
-0.15,1.030669123521854,28.010984008689945,-0.20732820846812436,-0.0028754383805836958,0.9998704195686602,1.0000222185501206
-0.15,1.030669123521854,28.270405690557713,-0.20585541953383812,-0.0028020820848680306,0.9998757731560313,1.0000214795230409
-0.15,1.030669123521854,28.532229987378305,-0.2044070778384345,-0.0027299662712022502,0.999880940334861,1.0000207619136419
-0.15,1.030669123521854,28.79647915079459,-0.20298310868492317,-0.002659084366014405,0.9998859263698975,1.00002006515937
-0.15,1.030669123521854,29.063175638531384,-0.20158343139192386,-0.002589429612607496,0.9998907364066945,1.0000193887125457
-0.15,1.030669123521854,29.332342116304055,-0.2002079592971624,-0.0025209950719605454,0.9998953754742361,1.0000187320399443
-0.15,1.030669123521854,29.604001459744886,-0.19885659976487916,-0.002453773623467032,0.9998998484874712,1.0000180946223842
-0.15,1.030669123521854,29.8781767563471,-0.19752925419721934,-0.002387757965622944,0.9999041602497671,1.0000174759543299
-0.15,1.030669123521854,30.154891307427096,-0.1962258180495792,-0.0023229406166762777,0.9999083154552807,1.0000168755435026
-0.15,1.030669123521854,30.43416863010471,-0.1949461808498076,-0.0022593139152502465,0.9999123186912506,1.0000162929105016
-0.15,1.030669123521854,30.716032459301825,-0.19369022622113727,-0.0021968700209518332,0.9999161744402179,1.0000157275884354
-0.15,1.030669123521854,31.00050674975963,-0.19245783190872803,-0.002135600914977723,0.9999198870821724,1.0000151791225669
-0.15,1.030669123521854,31.287615678074335,-0.19124886980975997,-0.0020754984007293506,0.9999234608966283,1.0000146470699622
-0.15,1.030669123521854,31.577383644751972,-0.19006320600708823,-0.002016554104448627,0.9999269000646367,1.0000141309991508
-0.15,1.030669123521854,31.869835276282085,-0.1889007008065763,-0.0019587594758860628,0.9999302086707319,1.0000136304897982
-0.15,1.030669123521854,32.16499542723059,-0.18776120877830718,-0.0019021057890126168,0.9999333907048159,1.000013145132382
-0.15,1.030669123521854,32.462889182352235,-0.18664457880195298,-0.001846584142786574,0.9999364500639876,1.000012674527884
-0.15,1.030669123521854,32.763541858722334,-0.18555065411662258,-0.0017921854619866416,0.9999393905543119,1.0000122182874847
-0.15,1.030669123521854,33.06697900788844,-0.18447927237551076,-0.0017389004981221152,0.9999422158925383,1.0000117760322706
-0.15,1.030669123521854,33.373226418041924,-0.18343026570564072,-0.001686719830430915,0.9999449297077672,1.0000113473929462
-0.15,1.030669123521854,33.68231011620963,-0.18240346077291653,-0.0016356338669759152,0.999947535543066,1.0000109320095607
-0.15,1.030669123521854,33.99425637046573,-0.18139867885261407,-0.0015856328458498437,0.9999500368570419,1.000010529531232
-0.15,1.030669123521854,34.30909169216431,-0.18041573590533294,-0.0015367068364986697,0.9999524370253666,1.000010139615892
-0.15,1.030669123521854,34.62684283819243,-0.17945444265833999,-0.0014888457411730677,0.9999547393422634,1.0000097619300288
-0.15,1.030669123521854,34.94753681324406,-0.17851460469215188,-0.0014420392965173363,0.9999569470219503,1.000009396148442
-0.15,1.030669123521854,35.2712008721152,-0.17759602253216486,-0.001396277075304629,0.9999590632000475,1.000009041954003
-0.15,1.030669123521854,35.597862522020144,-0.17669849174512228,-0.0013515484883271122,0.9999610909349493,1.0000086990374246
-0.15,1.030669123521854,35.927549524929255,-0.17582180304023443,-0.001307842786449149,0.9999630332091601,1.0000083670970372
-0.15,1.030669123521854,36.26028989992831,-0.17496574237481877,-0.0012651490628313245,0.9999648929306024,1.0000080458385707
-0.15,1.030669123521854,36.59611192559986,-0.17413009106439478,-0.001223456255332477,0.9999666729338909,1.0000077349749446
-0.15,1.030669123521854,36.93504414242648,-0.17331462589724644,-0.0011827531490966293,0.9999683759815801,1.0000074342260634
-0.15,1.030669123521854,37.27711535521626,-0.17251911925353186,-0.0011430283793310541,0.9999700047653874,1.0000071433186235
-0.15,1.030669123521854,37.62235463555102,-0.17174333922906757,-0.001104270434281222,0.9999715619073908,1.000006861985915
-0.15,1.030669123521854,37.97079132425686,-0.1709870497639394,-0.0010664676584078408,0.9999730499611978,1.0000065899676465
-0.15,1.030669123521854,38.32245503389777,-0.17025001077607685,-0.0010296082557705504,0.9999744714131035,1.0000063270097594
-0.15,1.030669123521854,38.67737565129239,-0.16953197829988848,-0.0009936802936222453,0.99997582868322,1.0000060728642592
-0.15,1.030669123521854,39.03558334005395,-0.16883270462998753,-0.0009586717062173354,0.9999771241265932,1.000005827289049
-0.15,1.030669123521854,39.3971085431537,-0.16815193846995016,-0.0009245702988365874,0.999978360034297,1.0000055900477685
-0.15,1.030669123521854,39.761981985508335,-0.16748942508595682,-0.000891363752030492,0.9999795386345172,1.0000053609096367
-0.15,1.030669123521854,40.1302346765911,-0.16684490646508562,-0.000859039626082331,0.9999806620936178,1.0000051396493075
-0.15,1.030669123521854,40.50189791306716,-0.16621812147795018,-0.0008275853656915235,0.9999817325171949,1.0000049260467185
-0.15,1.030669123521854,40.87700328145351,-0.16560880604533382,-0.0007969883048768846,0.999982751951118,1.0000047198869577
-0.15,1.030669123521854,41.25558266080338,-0.16501669330845006,-0.0007672356720988625,0.9999837223825608,1.0000045209601256
-0.15,1.030669123521854,41.63766822541544,-0.16444151380247132,-0.0007383145955988654,0.9999846457410225,1.0000043290612084
-0.15,1.030669123521854,42.02329244756837,-0.1638829956330013,-0.0007102121089531527,0.9999855238993374,1.0000041439899507
-0.15,1.030669123521854,42.41248810028041,-0.163340864655217,-0.0006829151568379039,0.9999863586746804,1.0000039655507384
-0.15,1.030669123521854,42.80528826009479,-0.1628148446554652,-0.0006564106010012472,0.9999871518295607,1.0000037935524813
-0.15,1.030669123521854,43.20172630989064,-0.16230465753516019,-0.000630685226437341,0.9999879050728117,1.0000036278085034
-0.15,1.030669123521854,43.60183594172025,-0.16181002349686618,-0.0006057257477566618,0.9999886200605748,1.000003468136434
-0.15,1.030669123521854,44.00565115967241,-0.16133066123248777,-0.0005815188157459456,0.9999892983972748,1.0000033143581082
-0.15,1.030669123521854,44.413206282762204,-0.16086628811348525,-0.0005580510241104452,0.9999899416365952,1.0000031662994642
-0.15,1.030669123521854,44.824535947847835,-0.16041662038301974,-0.0005353089163902475,0.9999905512824441,1.0000030237904518
-0.15,1.030669123521854,45.23967511257426,-0.15998137334988735,-0.0005132789930417807,0.9999911287899216,1.0000028866649393
-0.15,1.030669123521854,45.65865905834403,-0.15956026158404546,-0.000491947718674755,0.9999916755662777,1.0000027547606258
-0.15,1.030669123521854,46.081523393315884,-0.15915299911346295,-0.0004713015294340866,0.9999921929718709,1.0000026279189569
-0.15,1.030669123521854,46.50830405543093,-0.1587592996219595,-0.0004513268405156394,0.9999926823211233,1.000002505985045
-0.15,1.030669123521854,46.93903731546684,-0.1583788766476342,-0.0004320100538038878,0.9999931448834709,1.00000238880759
-0.15,1.030669123521854,47.37375978012049,-0.15801144378143503,-0.00041333756561895803,0.9999935818843126,1.0000022762388048
-0.15,1.030669123521854,47.81250839511901,-0.15765671486539307,-0.0003952957745599709,0.9999939945059573,1.0000021681343447
-0.15,1.030669123521854,48.25532044835962,-0.15731440419003434,-0.00037787108943077973,0.9999943838885621,1.000002064353237
-0.15,1.030669123521854,48.70223357307873,-0.15698422669050147,-0.00036104993723397365,0.9999947511310807,1.0000019647578149
-0.15,1.030669123521854,49.15328575105025,-0.15666589814094553,-0.0003448187712182809,0.9999950972921929,1.0000018692136534
-0.15,1.030669123521854,49.608515315813406,-0.15635913534680193,-0.0003291640789641381,0.9999954233912436,1.0000017775895087
-0.15,1.030669123521854,50.067960955930815,-0.15606365633461408,-0.0003140723904918182,0.9999957304091719,1.000001689757259
-0.15,1.030669123521854,50.5316617182763,-0.15577918053912854,-0.000299530286376116,0.9999960192894394,1.0000016055918475
-0.15,1.030669123521854,50.99965701135351,-0.15550542898743672,-0.00028552440585133973,0.9999962909389534,1.0000015249712249
-0.15,1.030669123521854,51.47198660864504,-0.15524212447997146,-0.00027204145489010865,0.9999965462289864,1.0000014477763013
-0.15,1.030669123521854,51.9486906519927,-0.15498899176819717,-0.0002590682142392557,0.999996785996096,1.0000013738908908
-0.15,1.030669123521854,52.429809655009066,-0.15474575772883384,-0.00024659154739604613,0.9999970110430276,1.0000013032016637
-0.15,1.030669123521854,52.91538450652049,-0.1545121515344474,-0.00023459840850791752,0.9999972221396274,1.0000012355980987
-0.15,1.030669123521854,53.40545647404229,-0.1542879048202129,-0.00022307585017881736,0.9999974200237388,1.0000011709724361
-0.15,1.030669123521854,53.90006720728585,-0.15407275184662542,-0.00021201103116543846,0.9999976054020976,1.0000011092196328
-0.15,1.030669123521854,54.39925874169825,-0.1538664296578923,-0.0002013912239467217,0.9999977789512188,1.000001050237319
-0.15,1.030669123521854,54.90307350203484,-0.153668678235705,-0.00019120382215018333,0.9999979413182767,1.0000009939257528
-0.15,1.030669123521854,55.41155430596479,-0.15347924064805873,-0.00018143634781895866,0.9999980931219808,1.0000009401877832
-0.15,1.030669123521854,55.924744367709856,-0.15329786319276795,-0.0001720764585037557,0.9999982349534378,1.0000008889288072
-0.15,1.030669123521854,56.442687301717264,-0.15312429553532025,-0.00016311195416429455,0.9999983673770079,1.0000008400567277
-0.15,1.030669123521854,56.96542712636624,-0.15295829084072624,-0.00015453078386537398,0.9999984909311561,1.0000007934819182
-0.15,1.030669123521854,57.493008267708944,-0.15279960589904626,-0.0001463210522531141,0.9999986061292833,1.0000007491171827
-0.15,1.030669123521854,58.02547556324627,-0.15264800124431865,-0.00013847102579762284,0.9999987134605622,1.0000007068777188
-0.15,1.030669123521854,58.562874265738245,-0.1525032412666613,-0.0001309691387889363,0.9999988133907461,1.00000066668108
-0.15,1.030669123521854,59.10525004705015,-0.15236509431738215,-0.00012380399907380228,0.999998906362982,1.0000006284471383
-0.15,1.030669123521854,59.65264900203377,-0.1522333328069853,-0.00011696439352162943,0.9999989927985987,1.000000592098049
-0.15,1.030669123521854,60.2051176524451,-0.1521077332960224,-0.00011043929320874991,0.9999990730978926,1.0000005575582156
-0.15,1.030669123521854,60.76270295089797,-0.1519880765787801,-0.00010421785831096882,0.9999991476408959,1.0000005247542512
-0.15,1.030669123521854,61.325452284854336,-0.15187414775983907,-9.828944269524076e-05,0.999999216788133,1.0000004936149465
-0.15,1.030669123521854,61.89341348065174,-0.1517657363235595,-9.26435982023287e-05,0.9999992808813624,1.000000464071232
-0.15,1.030669123521854,62.466634807567864,-0.15166263619656778,-8.727007861314839e-05,0.9999993402443067,1.0000004360561439
-0.15,1.030669123521854,63.0451649819227,-0.15156464580331563,-8.215884329250177e-05,0.9999993951833661,1.0000004095047874
-0.15,1.030669123521854,63.629053171218956,-0.15147156811477888,-7.730006050497921e-05,0.9999994459883186,1.0000003843543046
-0.15,1.030669123521854,64.21834899832058,-0.15138321069034733,-7.268411039873296e-05,0.9999994929330038,1.000000360543837
-0.15,1.030669123521854,64.81310254566993,-0.15129938571294083,-6.830158765389074e-05,0.9999995362759929,1.0000003380144897
-0.15,1.030669123521854,65.4133643595444,-0.15121991001737156,-6.414330379345362e-05,0.9999995762612406,1.000000316709299
-0.15,1.030669123521854,66.01918545435197,-0.15114460511195676,-6.020028915546563e-05,0.9999996131187241,1.0000002965731953
-0.15,1.030669123521854,66.63061731696679,-0.15107329719338639,-5.646379452641036e-05,0.9999996470650633,1.000000277552965
-0.15,1.030669123521854,67.24771191110499,-0.15100581715484748,-5.2925292436682806e-05,0.9999996783041256,1.000000259597222
-0.15,1.030669123521854,67.87052168174088,-0.15094200058742563,-4.9576478120143494e-05,0.999999707027614,1.0000002426563654
-0.15,1.030669123521854,68.49909955956402,-0.1508816877748222,-4.6409270140600606e-05,0.9999997334156391,1.0000002266825458
-0.15,1.030669123521854,69.13349896547759,-0.1508247236814598,-4.34158106892572e-05,0.9999997576372721,1.0000002116296314
-0.15,1.030669123521854,69.77377381513884,-0.15077095793408526,-4.0588465557882215e-05,0.9999997798510841,1.0000001974531683
-0.15,1.030669123521854,70.41997852354069,-0.15072024479702034,-3.791982379358507e-05,0.9999998002056664,1.0000001841103483
-0.15,1.030669123521854,71.0721680096366,-0.1506724431412539,-3.5402697041833295e-05,0.999999818840131,1.0000001715599691
-0.15,1.030669123521854,71.73039770100793,-0.15062741640760893,-3.3030118585277164e-05,0.9999998358846042,1.0000001597623995
-0.15,1.030669123521854,72.39472353857458,-0.15058503256425457,-3.0795342086700925e-05,0.99999985146069,1.0000001486795445
-0.15,1.030669123521854,73.06520198134909,-0.15054516405886295,-2.869184004519843e-05,0.9999998656819256,1.000000138274804
-0.15,1.030669123521854,73.74189001123509,-0.1505076877657292,-2.6713301975413286e-05,0.9999998786542176,1.0000001285130422
-0.15,1.030669123521854,74.42484513786997,-0.1504724849281894,-2.485363232025307e-05,0.9999998904762641,1.0000001193605486
-0.15,1.030669123521854,75.11412540351232,-0.15043944109666682,-2.3106948108194688e-05,0.9999999012399549,1.0000001107849976
-0.15,1.030669123521854,75.80978938797494,-0.15040844606267947,-2.14675763667505e-05,0.9999999110307597,1.0000001027554184
-0.15,1.030669123521854,76.51189621360336,-0.1503793937891199,-1.993005130420948e-05,0.999999919928102,1.000000095242154
-0.15,1.030669123521854,77.22050555030022,-0.15035218233710868,-1.848911127218328e-05,0.9999999280057118,1.0000000882168265
-0.15,1.030669123521854,77.93567762059672,-0.15032671378969428,-1.7139695521822746e-05,0.9999999353319677,1.0000000816522994
-0.15,1.030669123521854,78.65747320477065,-0.1503028941726564,-1.5876940766940087e-05,0.9999999419702229,1.0000000755226446
-0.15,1.030669123521854,79.38595364601184,-0.1502806333726445,-1.4696177567438737e-05,0.9999999479791125,1.0000000698031013
-0.15,1.030669123521854,80.12118085563553,-0.1502598450528673,-1.3592926546735826e-05,0.9999999534128529,1.0000000644700457
-0.15,1.030669123521854,80.86321731834431,-0.15024044656653845,-1.2562894456916724e-05,0.9999999583215227,1.0000000595009524
-0.15,1.030669123521854,81.61212609753805,-0.15022235886827048,-1.1601970105432335e-05,0.9999999627513292,1.0000000548743575
-0.15,1.030669123521854,82.36797084067375,-0.1502055064236125,-1.0706220157287529e-05,0.9999999667448638,1.0000000505698285
-0.15,1.030669123521854,83.13081578467474,-0.15018981711692644,-9.871884826402935e-06,0.9999999703413452,1.0000000465679253
-0.15,1.030669123521854,83.90072576138992,-0.15017522215780713,-9.095373469990863e-06,0.9999999735768447,1.0000000428501679
-0.15,1.030669123521854,84.67776620310352,-0.15016165598625966,-8.373260099446922e-06,0.999999976484507,1.0000000393990043
-0.15,1.030669123521854,85.46200314809617,-0.15014905617686333,-7.702278821174013e-06,0.9999999790947507,1.0000000361977708
-0.15,1.030669123521854,86.25350324625728,-0.15013736334216315,-7.079319220466349e-06,0.9999999814354652,1.000000033230668
-0.15,1.030669123521854,87.05233376474918,-0.15012652103554008,-6.501421701306263e-06,0.9999999835321907,1.0000000304827217
-0.15,1.030669123521854,87.85856259372419,-0.15011647565382472,-5.9657727946182924e-06,0.9999999854082917,1.000000027939753
-0.15,1.030669123521854,88.67225825209441,-0.15010717633991827,-5.469700447107579e-06,0.9999999870851158,1.0000000255883488
-0.15,1.030669123521854,89.49348989335462,-0.15009857488568953,-5.0106693024671175e-06,0.9999999885821488,1.0000000234158273
-0.15,1.030669123521854,90.32232731145982,-0.15009062563540831,-4.586275986258865e-06,0.9999999899171538,1.0000000214102125
-0.15,1.030669123521854,91.15884094675663,-0.15008328538996676,-4.19424440531904e-06,0.9999999911063051,1.0000000195601992
-0.15,1.030669123521854,92.0031018919696,-0.15007651331212252,-3.832421072069247e-06,0.999999992164316,1.000000017855131
-0.15,1.030669123521854,92.85518189824359,-0.15007027083297983,-3.4987704635518597e-06,0.9999999931045518,1.0000000162849647
-0.15,1.030669123521854,93.71515338124135,-0.15006452155989863,-3.1913704245300604e-06,0.9999999939391405,1.000000014840249
-0.15,1.030669123521854,94.58308942729796,-0.1500592311859973,-2.9084076233995084e-06,0.9999999946790731,1.0000000135120934
-0.15,1.030669123521854,95.45906379963219,-0.15005436740138928,-2.6481730691295507e-06,0.9999999953342992,1.0000000122921455
-0.15,1.030669123521854,96.34315094461576,-0.15004989980626432,-2.409057696861357e-06,0.9999999959138136,1.0000000111725627
-0.15,1.030669123521854,97.23542599809973,-0.15004579982590302,-2.1895480292208965e-06,0.9999999964257397,1.0000000101459892
-0.15,1.030669123521854,98.13596479180039,-0.15004204062769,-1.988221919825671e-06,0.999999996877403,1.0000000092055321
-0.15,1.030669123521854,99.04484385974408,-0.15003859704017317,-1.8037443848964425e-06,0.9999999972754008,1.0000000083447371
-0.15,1.030669123521854,99.96214044477135,-0.15003544547419895,-1.6348635283018678e-06,0.9999999976256704,1.0000000075575672
-0.15,1.030669123521854,100.88793250510167,-0.15003256384614552,-1.4804065647800626e-06,0.9999999979335435,1.0000000068383814
-0.15,1.030669123521854,101.82229872095873,-0.1500299315032653,-1.3392759455793618e-06,0.9999999982038067,1.0000000061819125
-0.15,1.030669123521854,102.76531850125772,-0.15002752915114898,-1.210445590122069e-06,0.9999999984407474,1.000000005583246
-0.15,1.030669123521854,103.71707199035326,-0.15002533878331784,-1.0929572268525454e-06,0.9999999986482044,1.0000000050378057
-0.15,1.030669123521854,104.67764007485148,-0.1500233436129558,-9.859168458553252e-07,0.999999998829607,1.0000000045413286
-0.15,1.030669123521854,105.64710439048359,-0.15002152800679636,-8.884912653286662e-07,0.9999999989880173,1.0000000040898502
-0.15,1.030669123521854,106.62554732904427,-0.1500198774211806,-7.999048135406458e-07,0.9999999991261644,1.0000000036796883
-0.15,1.030669123521854,107.61305204539366,-0.1500183783403092,-7.194361274025851e-07,0.9999999992464779,1.0000000033074237
-0.15,1.030669123521854,108.60970246452491,-0.1500170182167124,-6.464150683675928e-07,0.9999999993511158,1.0000000029698863
-0.15,1.030669123521854,109.61558328869602,-0.15001578541396274,-5.802197559347679e-07,0.999999999441997,1.0000000026641402
-0.15,1.030669123521854,110.63078000462876,-0.15001466915165526,-5.202737186068659e-07,0.9999999995208203,1.000000002387469
-0.15,1.030669123521854,111.65537889077429,-0.15001365945267625,-4.6604316186246254e-07,0.9999999995890894,1.0000000021373585
-0.15,1.030669123521854,112.68946702464496,-0.15001274709277623,-4.170343522118398e-07,0.9999999996481336,1.0000000019114905
-0.15,1.030669123521854,113.73313229021528,-0.1500119235524537,-3.727911162381277e-07,0.9999999996991279,1.0000000017077246
-0.15,1.030669123521854,114.78646338539066,-0.1500111809711473,-3.328924530586057e-07,0.9999999997431053,1.0000000015240889
-0.15,1.030669123521854,115.84954982954602,-0.15001051210372346,-2.969502585025282e-07,0.999999999780977,1.0000000013587684
-0.15,1.030669123521854,116.92248197113297,-0.15000991027923102,-2.646071589473209e-07,0.9999999998135419,1.0000000012100931
-0.15,1.030669123521854,118.00535099535914,-0.15000936936188458,-2.3553445258663093e-07,0.9999999998415028,1.0000000010765298
-0.15,1.030669123521854,119.09824893193696,-0.15000888371422302,-2.094301556484323e-07,0.9999999998654747,1.0000000009566723
-0.15,1.030669123521854,120.2012686629055,-0.15000844816237943,-1.860171509423996e-07,0.999999999885995,1.0000000008492302
-0.15,1.030669123521854,121.31450393052383,-0.15000805796338654,-1.6504143593682177e-07,0.9999999999035345,1.0000000007530239
-0.15,1.030669123521854,122.43804934523853,-0.15000770877443279,-1.462704673965231e-07,0.9999999999185024,1.0000000006669736
-0.15,1.030669123521854,123.5720003937234,-0.15000739662397866,-1.2949159958481636e-07,0.9999999999312565,1.0000000005900933
-0.15,1.030669123521854,124.7164534469956,-0.15000711788463642,-1.1451061282398952e-07,0.9999999999421065,1.0000000005214833
-0.15,1.030669123521854,125.87150576860506,-0.1500068692477152,-1.0115032923969159e-07,0.9999999999513214,1.0000000004603233
-0.15,1.030669123521854,127.03725552290106,-0.1500066476993341,-8.924931237473972e-08,0.9999999999591355,1.000000000405867
-0.15,1.030669123521854,128.21380178337475,-0.1500064504980062,-7.866064738897047e-08,0.9999999999657512,1.0000000003574365
-0.15,1.030669123521854,129.40124454107954,-0.15000627515360362,-6.925079851169559e-08,0.9999999999713426,1.0000000003144147
-0.15,1.030669123521854,130.59968471312828,-0.15000611940761716,-6.089854036343449e-08,0.999999999976061,1.0000000002762435
-0.15,1.030669123521854,131.8092241512703,-0.15000598121463204,-5.3493959885589866e-08,0.9999999999800347,1.0000000002424152
-0.15,1.030669123521854,133.02996565054787,-0.15000585872495045,-4.6937525518997856e-08,0.9999999999833766,1.0000000002124732
-0.15,1.030669123521854,134.26201295803162,-0.15000575026829593,-4.1139220396543066e-08,0.9999999999861823,1.0000000001860023
-0.15,1.030669123521854,135.5054707816382,-0.1500056543385478,-3.601773630437965e-08,0.9999999999885338,1.0000000001626295
-0.15,1.030669123521854,136.76044479902887,-0.1500055695794558,-3.149972528071057e-08,0.9999999999905014,1.000000000142017
-0.15,1.030669123521854,138.02704166659132,-0.15000549477129763,-2.7519105716384954e-08,0.9999999999921452,1.0000000001238616
-0.15,1.030669123521854,139.30536902850287,-0.15000542881844037,-2.4016419962174e-08,0.9999999999935161,1.0000000001078913
-0.15,1.030669123521854,140.5955355258802,-0.15000537073777886,-2.093824048664639e-08,0.999999999994657,1.0000000000938598
-0.15,1.030669123521854,141.8976508060113,-0.1500053196480208,-1.823662175604869e-08,0.9999999999956055,1.0000000000815488
-0.15,1.030669123521854,143.21182553167466,-0.15000527475979256,-1.5868595039041053e-08,0.9999999999963926,1.0000000000707607
-0.15,1.030669123521854,144.53817139054382,-0.1500052353665404,-1.3795703463494187e-08,0.999999999997045,1.0000000000613196
-0.15,1.030669123521854,145.87680110468003,-0.1500052008361987,-1.1983574843532876e-08,0.9999999999975848,1.000000000053068
-0.15,1.030669123521854,147.22782844011104,-0.15000517060359722,-1.0401529677741222e-08,0.9999999999980308,1.0000000000458664
-0.15,1.030669123521854,148.59136821650102,-0.1500051441635747,-9.022222083457633e-09,0.9999999999983984,1.0000000000395886
-0.15,1.030669123521854,149.9675363169076,-0.15000512106476596,-7.821311325172948e-09,0.9999999999987015,1.000000000034124
-0.15,1.030669123521854,151.35644969763095,-0.15000510090402142,-6.777161826929932e-09,0.9999999999989504,1.0000000000293734
-0.15,1.030669123521854,152.75822639815343,-0.15000508332142132,-5.870569610895299e-09,0.9999999999991548,1.0000000000252498
-0.15,1.030669123521854,154.17298555117182,-0.1500050679958378,-5.084513223392582e-09,0.9999999999993218,1.0000000000216749
-0.15,1.030669123521854,155.60084739272125,-0.15000505464100042,-4.403927284318758e-09,0.9999999999994588,1.0000000000185811
-0.15,1.030669123521854,157.0419332723941,-0.15000504300201653,-3.815496977126149e-09,0.9999999999995702,1.000000000015906
-0.15,1.030669123521854,158.4963656636536,-0.15000503285229677,-3.3074717870290124e-09,0.9999999999996607,1.0000000000135973
-0.15,1.030669123521854,159.96426817424148,-0.1500050239908399,-2.869496953802112e-09,0.9999999999997347,1.0000000000116074
-0.15,1.030669123521854,161.44576555668382,-0.15000501623982612,-2.4924612273087027e-09,0.9999999999997934,1.0000000000098943
-0.15,1.030669123521854,162.94098371889282,-0.1500050094424776,-2.1683595485496054e-09,0.9999999999998403,1.0000000000084228
-0.15,1.030669123521854,164.4500497348682,-0.15000500346113957,-1.8901693643475008e-09,0.9999999999998779,1.0000000000071592
-0.15,1.030669123521854,165.97309185549548,-0.15000499817554755,-1.6517394495267147e-09,0.9999999999999081,1.0000000000060774
-0.15,1.030669123521854,167.5102395194472,-0.15000499348124297,-1.4476900940764106e-09,0.9999999999999314,1.0000000000051514
-0.15,1.030669123521854,169.06162336418203,-0.15000498928810974,-1.273323649391278e-09,0.9999999999999492,1.0000000000043612
-0.15,1.030669123521854,170.6273752370482,-0.15000498551900648,-1.124544501297685e-09,0.9999999999999629,1.0000000000036864
-0.15,1.030669123521854,172.20762820648835,-0.150004982108475,-9.977875740951814e-10,0.9999999999999735,1.000000000003112
-0.15,1.030669123521854,173.80251657334924,-0.15000497900151008,-8.899545664499898e-10,0.9999999999999809,1.0000000000026241
-0.15,1.030669123521854,175.41217588229446,-0.15000497615238245,-7.983571929879384e-10,0.9999999999999867,1.0000000000022098
-0.15,1.030669123521854,177.0367429333253,-0.15000497352350783,-7.206667252267192e-10,0.9999999999999908,1.0000000000018585
-0.15,1.030669123521854,178.67635579340572,-0.1500049710843622,-6.548692168231735e-10,0.9999999999999933,1.0000000000015619
-0.15,1.030669123521854,180.33115380819694,-0.15000496881044362,-5.992258448336298e-10,0.9999999999999952,1.000000000001311
-0.15,1.030669123521854,182.00127761389967,-0.15000496668228697,-5.522378407526777e-10,0.9999999999999967,1.0000000000010996
-0.15,1.030669123521854,183.68686914920713,-0.15000496468453484,-5.126155273214237e-10,0.9999999999999981,1.0000000000009217
-0.15,1.030669123521854,185.38807166736675,-0.1500049628050746,-4.792510297741979e-10,0.9999999999999993,1.0000000000007718
-0.15,1.030669123521854,187.10502974835543,-0.15000496103424776,-4.511942949222403e-10,1.0000000000000002,1.0000000000006464
-0.15,1.030669123521854,188.83788931116757,-0.150004959364138,-4.276320071680122e-10,1.0000000000000018,1.000000000000541
-0.15,1.030669123521854,190.58679762621514,-0.15000495778794654,-4.0786912202890697e-10,1.000000000000003,1.0000000000004527
-0.15,1.030669123521854,192.35190332784438,-0.1500049562994579,-3.9131271290407e-10,1.000000000000005,1.0000000000003793
-0.15,1.030669123521854,194.13335642696757,-0.1500049548925993,-3.7745786844434596e-10,1.000000000000007,1.000000000000318
-0.15,1.030669123521854,195.93130832381254,-0.15000495356109644,-3.65875391214106e-10,1.000000000000009,1.0000000000002667
-0.15,1.030669123521854,197.74591182078862,-0.15000495229822292,-3.5620110885444445e-10,1.0000000000000118,1.0000000000002243
-0.15,1.030669123521854,199.5773211354742,-0.1500049510966406,-3.481265916340867e-10,1.000000000000014,1.0000000000001885
-0.15,1.030669123521854,201.42569191372198,-0.1500049499483266,-3.413911022948383e-10,1.0000000000000164,1.0000000000001592
-0.15,1.030669123521854,203.29118124288746,-0.15000494884457766,-3.3577464521659614e-10,1.0000000000000187,1.0000000000001341
-0.15,1.030669123521854,205.1739476651793,-0.15000494777608356,-3.3109195631047765e-10,1.0000000000000209,1.000000000000114
-0.15,1.030669123521854,207.07415119113296,-0.1500049467330604,-3.2718733474699647e-10,1.0000000000000233,1.000000000000096
-0.15,1.030669123521854,208.99195331321022,-0.15000494570542916,-3.239301914356519e-10,1.0000000000000249,1.0000000000000817
-0.15,1.030669123521854,210.92751701952352,-0.15000494468303008,-3.2121122483433847e-10,1.0000000000000266,1.0000000000000693
-0.15,1.030669123521854,212.88100680768738,-0.15000494365585806,-3.189391597762099e-10,1.0000000000000278,1.0000000000000593
-0.15,1.030669123521854,214.8525886987991,-0.15000494261430822,-3.170379469803367e-10,1.0000000000000282,1.0000000000000506
-0.15,1.030669123521854,216.84243025154836,-0.15000494154941885,-3.1544436610509423e-10,1.0000000000000289,1.000000000000043
-0.15,1.030669123521854,218.85070057645706,-0.15000494045310042,-3.1410599211156937e-10,1.0000000000000289,1.0000000000000366
-0.15,1.030669123521854,220.87757035025237,-0.15000493931834238,-3.1297946311917123e-10,1.000000000000028,1.0000000000000315
-0.15,1.030669123521854,222.92321183037146,-0.150004938139387,-3.1202900148778406e-10,1.0000000000000275,1.0000000000000266
-0.15,1.030669123521854,224.9877988696007,-0.15000493691186556,-3.1122516024849226e-10,1.000000000000025,1.0000000000000222
-0.15,1.030669123521854,227.07150693085165,-0.1500049356328909,-3.1054376605263294e-10,1.000000000000024,1.0000000000000189
-0.15,1.030669123521854,229.17451310207272,-0.1500049343011045,-3.0996501235185477e-10,1.0000000000000224,1.0000000000000158
-0.15,1.030669123521854,231.29699611129922,-0.15000493291667413,-3.094727001060845e-10,1.00000000000002,1.0000000000000129
-0.15,1.030669123521854,233.4391363418438,-0.1500049314812463,-3.090535953536756e-10,1.0000000000000178,1.0000000000000102
-0.15,1.030669123521854,235.60111584762504,-0.15000492999785303,-3.0869687827733505e-10,1.0000000000000153,1.0000000000000084
-0.15,1.030669123521854,237.78311836864148,-0.1500049284707779,-3.0839369450015117e-10,1.0000000000000129,1.0000000000000062
-0.15,1.030669123521854,239.98532934658564,-0.15000492690538608,-3.081367676449792e-10,1.0000000000000102,1.0000000000000049
-0.15,1.030669123521854,242.20793594060487,-0.1500049253079248,-3.079200663076295e-10,1.0000000000000082,1.0000000000000036
-0.15,1.030669123521854,244.4511270432073,-0.15000492368530116,-3.077385482754567e-10,1.000000000000006,1.0000000000000027
-0.15,1.030669123521854,246.71509329631496,-0.15000492204484403,-3.0758792754973914e-10,1.000000000000004,1.0000000000000013
-0.15,1.030669123521854,249.00002710746668,-0.15000492039405944,-3.074644956502149e-10,1.000000000000002,1.0000000000000007
-0.15,1.030669123521854,251.3061226661696,-0.15000491874038527,-3.0736496608421913e-10,1.0000000000000013,1.0000000000000004
-0.15,1.030669123521854,253.6335759604023,-0.15000491709095437,-3.07286358467518e-10,1.0000000000000002,1.0
-0.15,1.030669123521854,255.98258479327197,-0.15000491545237216,-3.0722589490397296e-10,0.9999999999999996,1.0
-0.15,1.030669123521854,258.3533487998248,-0.15000491383051492,-3.071809390441483e-10,0.9999999999999994,0.9999999999999998
-0.15,1.030669123521854,260.7460694640121,-0.15000491223035556,-3.0714892330384055e-10,0.9999999999999996,1.0000000000000002
-0.15,1.030669123521854,263.1609501358149,-0.1500049106558193,-3.071273273622914e-10,1.0000000000000004,1.0000000000000002
-0.15,1.030669123521854,265.59819604852424,-0.15000490910967454,-3.071136481607461e-10,1.0000000000000013,1.0000000000000004
-0.15,1.030669123521854,268.0580143361851,-0.15000490759346016,-3.071053850373127e-10,1.0000000000000027,1.000000000000001
-0.15,1.030669123521854,270.5406140511989,-0.1500049061074499,-3.071000420569369e-10,1.0000000000000042,1.0000000000000016
-0.15,1.030669123521854,273.0462061820903,-0.15000490465065555,-3.0709513314001103e-10,1.000000000000006,1.0000000000000022
-0.15,1.030669123521854,275.57500367143905,-0.15000490322086527,-3.070881968480335e-10,1.0000000000000082,1.000000000000003
-0.15,1.030669123521854,278.1272214339776,-0.15000490181471732,-3.070768141249085e-10,1.0000000000000098,1.0000000000000036
-0.15,1.030669123521854,280.7030763748543,-0.15000490042780443,-3.070586326416938e-10,1.0000000000000122,1.0000000000000047
-0.15,1.030669123521854,283.30278740807006,-0.15000489905480566,-3.070313943748099e-10,1.0000000000000142,1.0000000000000058
-0.15,1.030669123521854,285.9265754750807,-0.15000489768964093,-3.06992952572696e-10,1.0000000000000162,1.0000000000000069
-0.15,1.030669123521854,288.57466356357577,-0.15000489632564437,-3.069413151156276e-10,1.0000000000000182,1.0000000000000073
-0.15,1.030669123521854,291.24727672642865,-0.15000489495574884,-3.0687465454439724e-10,1.0000000000000204,1.0000000000000082
-0.15,1.030669123521854,293.94464210082356,-0.15000489357267932,-3.0679134201311406e-10,1.0000000000000218,1.000000000000009
-0.15,1.030669123521854,296.6669889275594,-0.15000489216914722,-3.0668997245143337e-10,1.000000000000023,1.0000000000000102
-0.15,1.030669123521854,299.4145485705322,-0.15000489073804085,-3.065693683668355e-10,1.0000000000000242,1.000000000000011
-0.15,1.030669123521854,302.18755453639716,-0.15000488927260897,-3.0642861109745516e-10,1.0000000000000246,1.000000000000012
-0.15,1.030669123521854,304.9862424944146,-0.15000488776662965,-3.0626704089937276e-10,1.000000000000025,1.0000000000000124
-0.15,1.030669123521854,307.81085029647846,-0.15000488621456293,-3.0608426928343224e-10,1.000000000000025,1.000000000000013
-0.15,1.030669123521854,310.6616179973303,-0.15000488461168315,-3.0588017590218494e-10,1.000000000000025,1.0000000000000135
-0.15,1.030669123521854,313.5387878749621,-0.15000488295418718,-3.0565490681791536e-10,1.0000000000000244,1.0000000000000144
-0.15,1.030669123521854,316.44260445120455,-0.15000488123927794,-3.054088673028655e-10,1.000000000000024,1.0000000000000149
-0.15,1.030669123521854,319.3733145125105,-0.15000487946522018,-3.051427070533618e-10,1.0000000000000226,1.0000000000000153
-0.15,1.030669123521854,322.3311671309267,-0.15000487763137002,-3.0485730456985787e-10,1.0000000000000213,1.000000000000015
-0.15,1.030669123521854,325.31641368526283,-0.15000487573817603,-3.0455374515120643e-10,1.0000000000000202,1.000000000000016
-0.15,1.030669123521854,328.32930788245454,-0.1500048737871539,-3.0423329828802684e-10,1.0000000000000182,1.0000000000000164
-0.15,1.030669123521854,331.37010577912685,-0.15000487178083619,-3.0389738737559715e-10,1.0000000000000167,1.0000000000000162
-0.15,1.030669123521854,334.4390658033531,-0.15000486972269836,-3.035475621855927e-10,1.0000000000000142,1.0000000000000169
-0.15,1.030669123521854,337.53644877662083,-0.1500048676170637,-3.031854669518344e-10,1.0000000000000129,1.0000000000000164
-0.15,1.030669123521854,340.66251793599554,-0.15000486546899092,-3.0281280806520554e-10,1.0000000000000109,1.0000000000000167
-0.15,1.030669123521854,343.81753895649405,-0.15000486328414614,-3.0243131726248526e-10,1.000000000000009,1.0000000000000167
-0.15,1.030669123521854,347.00177997366285,-0.15000486106866368,-3.0204272557424213e-10,1.000000000000007,1.0000000000000167
-0.15,1.030669123521854,350.2155116063659,-0.15000485882899872,-3.0164872222734626e-10,1.0000000000000056,1.0000000000000164
-0.15,1.030669123521854,353.4590069797847,-0.15000485657177642,-3.0125093129271334e-10,1.0000000000000044,1.0000000000000164
-0.15,1.030669123521854,356.73254174862967,-0.15000485430363875,-3.008508811485845e-10,1.0000000000000033,1.0000000000000164
-0.15,1.030669123521854,360.0363941205664,-0.15000485203109573,-3.0044996980231107e-10,1.0000000000000022,1.0000000000000162
-0.15,1.030669123521854,363.37084487986095,-0.1500048497603816,-3.0004945158478726e-10,1.0000000000000016,1.000000000000016
-0.15,1.030669123521854,366.73617741124224,-0.15000484749732,-2.996504127367798e-10,1.0000000000000009,1.0000000000000162
-0.15,1.030669123521854,370.13267772398575,-0.1500048452472013,-2.9925374970350216e-10,1.0000000000000007,1.000000000000016
-0.15,1.030669123521854,373.5606344762222,-0.15000484301467365,-2.9886016239678124e-10,1.0000000000000007,1.000000000000016
-0.15,1.030669123521854,377.02033899946696,-0.15000484080364998,-2.9847013778240794e-10,1.000000000000001,1.0000000000000155
-0.15,1.030669123521854,380.5120853233824,-0.1500048386172327,-2.980839494982101e-10,1.0000000000000018,1.0000000000000158
-0.15,1.030669123521854,384.03617020076405,-0.15000483645765655,-2.977016523729722e-10,1.0000000000000027,1.0000000000000158
-0.15,1.030669123521854,387.5928931327621,-0.15000483432625136,-2.973230854739277e-10,1.000000000000004,1.0000000000000158
-0.15,1.030669123521854,391.18255639433437,-0.1500048322234238,-2.969478782972269e-10,1.0000000000000049,1.0000000000000158
-0.15,1.030669123521854,394.8054650599374,-0.15000483014865848,-2.965754580957889e-10,1.0000000000000067,1.0000000000000158
-0.15,1.030669123521854,398.4619270294508,-0.1500048281005379,-2.9620506362006984e-10,1.0000000000000084,1.0000000000000162
-0.15,1.030669123521854,402.15225305434814,-0.15000482607678017,-2.958357621590726e-10,1.0000000000000102,1.0000000000000158
-0.15,1.030669123521854,405.87675676410373,-0.15000482407429327,-2.95466461876482e-10,1.0000000000000118,1.0000000000000158
-0.15,1.030669123521854,409.6357546928489,-0.15000482208924384,-2.9509593869267274e-10,1.0000000000000135,1.0000000000000162
-0.15,1.030669123521854,413.4295663062725,-0.15000482011713975,-2.9472285183797776e-10,1.0000000000000153,1.0000000000000164
-0.15,1.030669123521854,417.25851402877123,-0.15000481815292285,-2.943457756363133e-10,1.0000000000000173,1.0000000000000167
-0.15,1.030669123521854,421.12292327085265,-0.15000481619107248,-2.9396321208905287e-10,1.0000000000000193,1.0000000000000167
-0.15,1.030669123521854,425.02312245678996,-0.15000481422571335,-2.9357362929497296e-10,1.000000000000021,1.0000000000000167
-0.15,1.030669123521854,428.95944305253283,-0.15000481225073012,-2.931754733588302e-10,1.0000000000000226,1.0000000000000175
-0.15,1.030669123521854,432.9322195938791,-0.1500048102598827,-2.927672033565013e-10,1.0000000000000242,1.0000000000000175
-0.15,1.030669123521854,436.9417897149054,-0.15000480824692206,-2.9234731088114954e-10,1.0000000000000258,1.0000000000000178
-0.15,1.030669123521854,440.98849417666133,-0.1500048062057042,-2.9191434742515004e-10,1.0000000000000269,1.0000000000000178
-0.15,1.030669123521854,445.0726768961314,-0.15000480413029899,-2.9146693398390315e-10,1.000000000000028,1.0000000000000184
-0.15,1.030669123521854,449.19468497546023,-0.15000480201509392,-2.9100379761323543e-10,1.0000000000000289,1.0000000000000187
-0.15,1.030669123521854,453.3548687314555,-0.15000479985488938,-2.9052377989643283e-10,1.0000000000000295,1.000000000000019
-0.15,1.030669123521854,457.55358172535705,-0.15000479764498464,-2.900258548205349e-10,1.0000000000000295,1.0000000000000195
-0.15,1.030669123521854,461.7911807928867,-0.1500047953812537,-2.895091418897841e-10,1.0000000000000295,1.0000000000000204
-0.15,1.030669123521854,466.0680260745743,-0.15000479306020922,-2.8897292247632813e-10,1.0000000000000298,1.0000000000000202
-0.15,1.030669123521854,470.3844810463644,-0.15000479067905437,-2.8841663913997354e-10,1.000000000000029,1.0000000000000207
-0.15,1.030669123521854,474.7409125505084,-0.1500047882357214,-2.878399114388223e-10,1.0000000000000284,1.000000000000021
-0.15,1.030669123521854,479.1376908267404,-0.15000478572889706,-2.872425342012225e-10,1.000000000000028,1.0000000000000209
-0.15,1.030669123521854,483.57518954374194,-0.15000478315803548,-2.86624480207468e-10,1.000000000000027,1.0000000000000215
-0.15,1.030669123521854,488.0537858309,-0.15000478052335683,-2.8598589863381935e-10,1.000000000000026,1.0000000000000215
-0.15,1.030669123521854,492.5738603103579,-0.1500047778258343,-2.8532711136928716e-10,1.0000000000000246,1.0000000000000218
-0.15,1.030669123521854,497.1357971293627,-0.15000477506716817,-2.8464860851040675e-10,1.0000000000000233,1.0000000000000222
-0.15,1.030669123521854,501.7399839929145,-0.15000477224974978,-2.8395103490157946e-10,1.000000000000022,1.0000000000000224
-0.15,1.030669123521854,506.3868121967132,-0.15000476937661336,-2.8323518988360723e-10,1.00000000000002,1.0000000000000229
-0.15,1.030669123521854,511.0766766604169,-0.15000476645138033,-2.82502004041984e-10,1.0000000000000187,1.0000000000000226
-0.15,1.030669123521854,515.809975961202,-0.1500047634781944,-2.8175253783901617e-10,1.000000000000017,1.0000000000000233
-0.15,1.030669123521854,520.5871123676386,-0.15000476046164996,-2.8098795583869225e-10,1.0000000000000153,1.0000000000000233
-0.15,1.030669123521854,525.4084918738774,-0.1500047574067151,-2.802095214193039e-10,1.0000000000000138,1.000000000000023
-0.15,1.030669123521854,530.2745242341559,-0.1500047543186507,-2.7941857435740527e-10,1.0000000000000127,1.0000000000000229
-0.15,1.030669123521854,535.1856229976182,-0.150004751202926,-2.7861651518370074e-10,1.000000000000011,1.0000000000000233
-0.15,1.030669123521854,540.1422055434659,-0.1500047480651335,-2.77804790559605e-10,1.0000000000000095,1.0000000000000229
-0.15,1.030669123521854,545.1446931164259,-0.15000474491090307,-2.7698487615163483e-10,1.0000000000000082,1.0000000000000233
-0.15,1.030669123521854,550.1935108625528,-0.15000474174581835,-2.761582569056206e-10,1.000000000000007,1.000000000000023
-0.15,1.030669123521854,555.2890878653604,-0.15000473857533392,-2.7532641454025485e-10,1.0000000000000062,1.000000000000023
-0.15,1.030669123521854,560.4318571822878,-0.1500047354046979,-2.744908081520046e-10,1.000000000000005,1.000000000000023
-0.15,1.030669123521854,565.6222558815047,-0.15000473223887756,-2.736528619742731e-10,1.0000000000000047,1.000000000000023
-0.15,1.030669123521854,570.8607250790558,-0.15000472908249154,-2.728139510293224e-10,1.0000000000000042,1.000000000000023
-0.15,1.030669123521854,576.1477099763489,-0.1500047259397483,-2.719753890138145e-10,1.0000000000000036,1.0000000000000224
-0.15,1.030669123521854,581.4836598979924,-0.1500047228143907,-2.7113841080572133e-10,1.0000000000000038,1.0000000000000224
-0.15,1.030669123521854,586.8690283299819,-0.15000471970964954,-2.703041709426358e-10,1.0000000000000038,1.0000000000000222
-0.15,1.030669123521854,592.3042729582397,-0.1500047166282042,-2.694737283345838e-10,1.0000000000000038,1.0000000000000222
-0.15,1.030669123521854,597.7898557075149,-0.15000471357215217,-2.686480409389697e-10,1.000000000000004,1.0000000000000218
-0.15,1.030669123521854,603.3262427806361,-0.15000471054298706,-2.678279580865674e-10,1.0000000000000049,1.000000000000022
-0.15,1.030669123521854,608.913904698138,-0.1500047075415845,-2.670142176727002e-10,1.0000000000000053,1.0000000000000213
-0.15,1.030669123521854,614.5533163382452,-0.15000470456819784,-2.6620744185981906e-10,1.0000000000000062,1.0000000000000213
-0.15,1.030669123521854,620.2449569772324,-0.15000470162246093,-2.654081349442552e-10,1.000000000000007,1.000000000000021
-0.15,1.030669123521854,625.9893103301563,-0.15000469870339983,-2.646166843923114e-10,1.0000000000000084,1.0000000000000209
-0.15,1.030669123521854,631.7868645919671,-0.15000469580945167,-2.6383336161715654e-10,1.0000000000000098,1.00000000000002
-0.15,1.030669123521854,637.638112478994,-0.1500046929384908,-2.6305832164812633e-10,1.0000000000000104,1.00000000000002
-0.15,1.030669123521854,643.5435512708254,-0.1500046900878617,-2.6229160994873565e-10,1.0000000000000122,1.00000000000002
-0.15,1.030669123521854,649.5036828525664,-0.15000468725441762,-2.6153316646780213e-10,1.0000000000000133,1.0000000000000195
-0.15,1.030669123521854,655.5190137574945,-0.15000468443456497,-2.6078283016252413e-10,1.000000000000015,1.0000000000000198
-0.15,1.030669123521854,661.5900552101086,-0.15000468162431174,-2.6004034544969105e-10,1.0000000000000167,1.0000000000000193
-0.15,1.030669123521854,667.7173231695753,-0.1500046788193202,-2.5930537243879005e-10,1.0000000000000184,1.0000000000000189
-0.15,1.030669123521854,673.9013383735801,-0.1500046760149627,-2.585774902936511e-10,1.0000000000000195,1.0000000000000187
-0.15,1.030669123521854,680.1426263825831,-0.15000467320637947,-2.5785620758073835e-10,1.0000000000000209,1.0000000000000184
-0.15,1.030669123521854,686.4417176244827,-0.15000467038853824,-2.5714097890700513e-10,1.000000000000022,1.0000000000000182
-0.15,1.030669123521854,692.7991474396972,-0.1500046675562943,-2.5643119811668147e-10,1.0000000000000235,1.0000000000000178
-0.15,1.030669123521854,699.215456126661,-0.1500046647044512,-2.5572622433851906e-10,1.0000000000000244,1.0000000000000173
-0.15,1.030669123521854,705.6911889877423,-0.1500046618278201,-2.550253797543761e-10,1.000000000000026,1.0000000000000173
-0.15,1.030669123521854,712.2268963755895,-0.15000465892127768,-2.5432796862475644e-10,1.0000000000000269,1.0000000000000169
-0.15,1.030669123521854,718.8231337398989,-0.15000465597982302,-2.5363327859173495e-10,1.0000000000000278,1.0000000000000167
-0.15,1.030669123521854,725.4804616746267,-0.1500046529986305,-2.5294059351105326e-10,1.0000000000000284,1.0000000000000162
-0.15,1.030669123521854,732.1994459656265,-0.1500046499731007,-2.522492047819658e-10,1.0000000000000286,1.000000000000016
-0.15,1.030669123521854,738.9806576387373,-0.15000464689890686,-2.5155841711286e-10,1.0000000000000295,1.0000000000000162
-0.15,1.030669123521854,745.8246730083114,-0.15000464377203773,-2.5086755248043696e-10,1.0000000000000298,1.0000000000000155
-0.15,1.030669123521854,752.7320737261965,-0.15000464058883614,-2.501759691179093e-10,1.0000000000000298,1.0000000000000155
-0.15,1.030669123521854,759.7034468311634,-0.15000463734603223,-2.4948305429883546e-10,1.0000000000000302,1.0000000000000155
-0.15,1.030669123521854,766.7393847988028,-0.15000463404077236,-2.487882436176669e-10,1.00000000000003,1.0000000000000149
-0.15,1.030669123521854,773.8404855918722,-0.1500046306706428,-2.4809101645276246e-10,1.0000000000000298,1.000000000000015
-0.15,1.030669123521854,781.0073527111184,-0.15000462723368813,-2.473909075002193e-10,1.000000000000029,1.0000000000000144
-0.15,1.030669123521854,788.2405952465664,-0.15000462372842407,-2.466875067797395e-10,1.0000000000000284,1.0000000000000144
-0.15,1.030669123521854,795.5408279292831,-0.15000462015384594,-2.45980465266105e-10,1.000000000000028,1.0000000000000144
-0.15,1.030669123521854,802.9086711836236,-0.1500046165094312,-2.45269496759755e-10,1.0000000000000275,1.0000000000000144
-0.15,1.030669123521854,810.3447511799583,-0.15000461279513697,-2.445543800263649e-10,1.0000000000000262,1.000000000000014
-0.15,1.030669123521854,817.8496998878867,-0.15000460901139367,-2.4383495946588394e-10,1.000000000000025,1.000000000000014
-0.15,1.030669123521854,825.4241551299497,-0.15000460515909284,-2.431111465216953e-10,1.000000000000024,1.0000000000000138
-0.15,1.030669123521854,833.0687606358348,-0.15000460123957096,-2.4238291829083896e-10,1.0000000000000229,1.0000000000000138
-0.15,1.030669123521854,840.7841660970844,-0.15000459725458967,-2.4165031725596477e-10,1.000000000000022,1.0000000000000138
-0.15,1.030669123521854,848.5710272223139,-0.15000459320631182,-2.4091344962324473e-10,1.0000000000000204,1.0000000000000135
-0.15,1.030669123521854,856.4300057929329,-0.15000458909727393,-2.4017248472825526e-10,1.000000000000019,1.000000000000013
-0.15,1.030669123521854,864.3617697193946,-0.15000458493035607,-2.394276495720206e-10,1.0000000000000175,1.000000000000013
-0.15,1.030669123521854,872.3669930979535,-0.15000458070874884,-2.386792268556256e-10,1.0000000000000162,1.0000000000000129
-0.15,1.030669123521854,880.4463562679581,-0.15000457643591814,-2.379275541995446e-10,1.0000000000000147,1.0000000000000129
-0.15,1.030669123521854,888.6005458696701,-0.15000457211556828,-2.371730152361317e-10,1.0000000000000133,1.0000000000000129
-0.15,1.030669123521854,896.8302549026189,-0.15000456775160317,-2.364160395830033e-10,1.0000000000000122,1.0000000000000129
-0.15,1.030669123521854,905.1361827845002,-0.15000456334808682,-2.356570970680607e-10,1.0000000000000107,1.0000000000000127
-0.15,1.030669123521854,913.5190354106156,-0.15000455890920367,-2.348966911227294e-10,1.0000000000000095,1.0000000000000127
-0.15,1.030669123521854,921.9795252138629,-0.15000455443921748,-2.3413535975402496e-10,1.0000000000000084,1.0000000000000124
-0.15,1.030669123521854,930.5183712252855,-0.1500045499424315,-2.33373660077232e-10,1.0000000000000069,1.0000000000000122
-0.15,1.030669123521854,939.1362991351807,-0.1500045454231488,-2.3261217408097614e-10,1.000000000000006,1.000000000000012
-0.15,1.030669123521854,947.8340413547725,-0.1500045408856328,-2.3185149974408396e-10,1.0000000000000044,1.0000000000000122
-0.15,1.030669123521854,956.6123370784595,-0.15000453633407002,-2.3109224054385078e-10,1.0000000000000036,1.000000000000012
-0.15,1.030669123521854,965.4719323466358,-0.15000453177253378,-2.3033501032000674e-10,1.0000000000000027,1.0000000000000118
-0.15,1.030669123521854,974.4135801090915,-0.15000452720494906,-2.295804211528826e-10,1.0000000000000016,1.0000000000000118
-0.15,1.030669123521854,983.4380402890077,-0.15000452263506042,-2.2882908101059234e-10,1.000000000000001,1.0000000000000115
-0.15,1.030669123521854,992.5460798475383,-0.15000451806640167,-2.280815888860606e-10,1.0000000000000004,1.0000000000000115
-0.15,1.030669123521854,1001.7384728489908,-0.15000451350226734,-2.2733853071283882e-10,1.0000000000000002,1.0000000000000113
-0.15,1.030669123521854,1011.0160005266158,-0.15000450894568776,-2.2660047794725178e-10,0.9999999999999994,1.0000000000000113
-0.15,1.030669123521854,1020.3794513489946,-0.15000450439940607,-2.2586797745553824e-10,0.9999999999999991,1.0000000000000109
-0.15,1.030669123521854,1029.8296210870567,-0.15000449986585826,-2.2514155542789108e-10,0.9999999999999991,1.000000000000011
-0.15,1.030669123521854,1039.3673128817031,-0.15000449534715626,-2.2442170909458131e-10,0.999999999999999,1.0000000000000109
-0.15,1.030669123521854,1048.993337312066,-0.15000449084507358,-2.237089045291151e-10,0.999999999999999,1.0000000000000104
-0.15,1.030669123521854,1058.7085124643972,-0.15000448636103444,-2.2300357784349915e-10,0.999999999999999,1.0000000000000107
-0.15,1.030669123521854,1068.5136640015942,-0.15000448189610507,-2.223061285832817e-10,0.9999999999999994,1.0000000000000107
-0.15,1.030669123521854,1078.4096252333723,-0.15000447745098905,-2.2161692064734093e-10,0.9999999999999999,1.0000000000000107
-0.15,1.030669123521854,1088.3972371870843,-0.1500044730260242,-2.2093627986308045e-10,1.0,1.0000000000000098
-0.15,1.030669123521854,1098.4773486791944,-0.1500044686211838,-2.2026449308081645e-10,1.0000000000000004,1.0000000000000098
-0.15,1.030669123521854,1108.650816387419,-0.15000446423607888,-2.196018080689116e-10,1.0000000000000013,1.00000000000001
-0.15,1.030669123521854,1118.9185049235327,-0.15000445986996444,-2.1894843170636828e-10,1.0000000000000018,1.0000000000000095
-0.15,1.030669123521854,1129.2812869068487,-0.1500044555217479,-2.1830453148195202e-10,1.0000000000000027,1.0000000000000093
-0.15,1.030669123521854,1139.740043038382,-0.15000445118999897,-2.176702345514136e-10,1.0000000000000038,1.0000000000000095
-0.15,1.030669123521854,1150.2956621756925,-0.15000444687296313,-2.170456288183427e-10,1.0000000000000047,1.000000000000009
-0.15,1.030669123521854,1160.9490414084332,-0.15000444256857623,-2.1643076406098203e-10,1.0000000000000058,1.000000000000009
-0.15,1.030669123521854,1171.7010861345848,-0.15000443827448118,-2.1582565227477507e-10,1.0000000000000067,1.000000000000009
-0.15,1.030669123521854,1182.5527101374053,-0.15000443398804614,-2.152302691627031e-10,1.0000000000000078,1.000000000000009
-0.15,1.030669123521854,1193.5048356630894,-0.1500044297063849,-2.1464455801431974e-10,1.000000000000009,1.0000000000000089
-0.15,1.030669123521854,1204.55839349915,-0.15000442542637754,-2.1406842515734268e-10,1.0000000000000102,1.0000000000000084
-0.15,1.030669123521854,1215.7143230535173,-0.15000442114469317,-2.1350174915380403e-10,1.0000000000000113,1.0000000000000082
-0.15,1.030669123521854,1226.9735724343827,-0.15000441685781296,-2.1294438051286988e-10,1.0000000000000124,1.0000000000000084
-0.15,1.030669123521854,1238.33709853077,-0.15000441256205405,-2.1239614007444492e-10,1.000000000000014,1.000000000000008
-0.15,1.030669123521854,1249.8058670938608,-0.15000440825359448,-2.1185682869942958e-10,1.0000000000000149,1.0000000000000078
-0.15,1.030669123521854,1261.3808528190714,-0.1500044039284975,-2.1132622198040302e-10,1.000000000000016,1.0000000000000075
-0.15,1.030669123521854,1273.0630394288874,-0.1500043995827371,-2.10804078125882e-10,1.0000000000000169,1.0000000000000073
-0.15,1.030669123521854,1284.8534197564702,-0.1500043952122228,-2.1029013869924342e-10,1.0000000000000184,1.0000000000000075
-0.15,1.030669123521854,1296.7529958300336,-0.15000439081282488,-2.0978413117874725e-10,1.0000000000000193,1.000000000000007
-0.15,1.030669123521854,1308.7627789579997,-0.15000438638039842,-2.0928577089478441e-10,1.0000000000000207,1.000000000000007
-0.15,1.030669123521854,1320.883789814951,-0.15000438191080792,-2.087947673422358e-10,1.0000000000000215,1.0000000000000067
-0.15,1.030669123521854,1333.1170585283726,-0.15000437739995032,-2.083108205082555e-10,1.0000000000000226,1.0000000000000067
-0.15,1.030669123521854,1345.4636247661995,-0.1500043728437782,-2.0783362882481198e-10,1.0000000000000235,1.0000000000000064
-0.15,1.030669123521854,1357.924537825179,-0.150004368238321,-2.0736288923394852e-10,1.0000000000000244,1.0000000000000067
-0.15,1.030669123521854,1370.500856720038,-0.15000436357970634,-2.0689829968646846e-10,1.000000000000025,1.0000000000000064
-0.15,1.030669123521854,1383.1936502734964,-0.1500043588641794,-2.0643956294309538e-10,1.0000000000000253,1.0000000000000062
-0.15,1.030669123521854,1396.0039972070938,-0.15000435408812174,-2.0598638597602422e-10,1.0000000000000264,1.0000000000000062
-0.15,1.030669123521854,1408.9329862328714,-0.1500043492480682,-2.055384854794419e-10,1.0000000000000266,1.000000000000006
-0.15,1.030669123521854,1421.9817161458968,-0.1500043443407232,-2.050955871660694e-10,1.0000000000000273,1.0000000000000056
-0.15,1.030669123521854,1435.1512959176512,-0.15000433936297516,-2.046574281778087e-10,1.0000000000000278,1.0000000000000058
-0.15,1.030669123521854,1448.4428447902692,-0.15000433431190932,-2.0422376031078615e-10,1.0000000000000284,1.0000000000000056
-0.15,1.030669123521854,1461.8574923716699,-0.15000432918481968,-2.0379434971808614e-10,1.0000000000000284,1.0000000000000053
-0.15,1.030669123521854,1475.3963787315492,-0.15000432397921898,-2.0336897964105862e-10,1.0000000000000286,1.0000000000000049
-0.15,1.030669123521854,1489.0606544982772,-0.1500043186928473,-2.029474505669955e-10,1.0000000000000289,1.0000000000000047
-0.15,1.030669123521854,1502.8514809566846,-0.15000431332367894,-2.025295814834954e-10,1.0000000000000286,1.0000000000000047
-0.15,1.030669123521854,1516.7700301467542,-0.15000430786992852,-2.0211521169053746e-10,1.0000000000000286,1.0000000000000044
-0.15,1.030669123521854,1530.8174849632353,-0.1500043023300545,-2.0170420104923376e-10,1.0000000000000284,1.0000000000000044
-0.15,1.030669123521854,1544.9950392561707,-0.1500042967027618,-2.0129643021494773e-10,1.0000000000000284,1.0000000000000042
-0.15,1.030669123521854,1559.3038979323546,-0.1500042909870032,-2.0089180128073276e-10,1.000000000000028,1.0000000000000044
-0.15,1.030669123521854,1573.7452770577393,-0.15000428518197895,-2.004902384748819e-10,1.0000000000000278,1.0000000000000044
-0.15,1.030669123521854,1588.3204039607824,-0.15000427928713506,-2.000916878821016e-10,1.0000000000000273,1.000000000000004
-0.15,1.030669123521854,1603.0305173367537,-0.15000427330216023,-1.9969611723937833e-10,1.0000000000000269,1.000000000000004
-0.15,1.030669123521854,1617.8768673530133,-0.15000426722698185,-1.9930351634605224e-10,1.0000000000000262,1.0000000000000038
-0.15,1.030669123521854,1632.8607157552478,-0.15000426106176037,-1.9891389649952728e-10,1.0000000000000258,1.0000000000000038
-0.15,1.030669123521854,1647.9833359747165,-0.15000425480688287,-1.9852728926732147e-10,1.0000000000000253,1.0000000000000038
-0.15,1.030669123521854,1663.2460132364645,-0.15000424846295538,-1.9814374740621175e-10,1.0000000000000246,1.0000000000000036
-0.15,1.030669123521854,1678.6500446685554,-0.15000424203079415,-1.9776334325625326e-10,1.0000000000000235,1.0000000000000033
-0.15,1.030669123521854,1694.1967394123092,-0.15000423551141637,-1.9738616789377831e-10,1.0000000000000229,1.000000000000003
-0.15,1.030669123521854,1709.8874187335668,-0.1500042289060294,-1.970123305182922e-10,1.0000000000000218,1.000000000000003
-0.15,1.030669123521854,1725.7234161349695,-0.15000422221602014,-1.9664195657018076e-10,1.000000000000021,1.0000000000000029
-0.15,1.030669123521854,1741.706077469303,-0.15000421544294273,-1.9627518883274077e-10,1.0000000000000204,1.0000000000000029
-0.15,1.030669123521854,1757.8367610538646,-0.15000420858850635,-1.9591218323843504e-10,1.0000000000000195,1.0000000000000027
-0.15,1.030669123521854,1774.1168377859105,-0.15000420165456238,-1.955531099856655e-10,1.000000000000018,1.0000000000000027
-0.15,1.030669123521854,1790.547691259161,-0.15000419464309095,-1.9519815256975797e-10,1.0000000000000175,1.0000000000000027
-0.15,1.030669123521854,1807.1307178813868,-0.150004187556187,-1.9484750233197446e-10,1.0000000000000162,1.0000000000000022
-0.15,1.030669123521854,1823.867326993091,-0.15000418039604677,-1.9450136276723266e-10,1.0000000000000158,1.0000000000000027
-0.15,1.030669123521854,1840.7589409872808,-0.15000417316495301,-1.9415994380358333e-10,1.0000000000000144,1.0000000000000024
-0.15,1.030669123521854,1857.8069954303487,-0.15000416586526122,-1.9382346250050127e-10,1.0000000000000133,1.0000000000000024
-0.15,1.030669123521854,1875.012939184082,-0.15000415849938484,-1.9349214133105793e-10,1.0000000000000127,1.0000000000000022
-0.15,1.030669123521854,1892.378234528796,-0.15000415106978107,-1.9316620476665862e-10,1.0000000000000118,1.000000000000002
-0.15,1.030669123521854,1909.9043572876058,-0.15000414357893663,-1.9284588007605482e-10,1.0000000000000104,1.000000000000002
-0.15,1.030669123521854,1927.592796951861,-0.15000413602935364,-1.9253139567717236e-10,1.0000000000000098,1.0000000000000018
-0.15,1.030669123521854,1945.4450568077177,-0.15000412842353553,-1.922229782416211e-10,1.0000000000000087,1.000000000000002
-0.15,1.030669123521854,1963.4626540639163,-0.1500041207639736,-1.9192085139108283e-10,1.0000000000000078,1.0000000000000018
-0.15,1.030669123521854,1981.6471199807077,-0.15000411305313366,-1.9162523601014036e-10,1.0000000000000073,1.0000000000000018
-0.15,1.030669123521854,2000.0,-0.15000410529344305,-1.9133634852479998e-10,1.0000000000000062,1.0000000000000018
-0.1,1.0302198335855797,0.0,0.0,0.0,0.0,1.0302198335855797
-0.1,1.0302198335855797,0.05,-0.0011923259719860296,0.023454636027500746,0.02973670144437945,1.0297590774024257
-0.1,1.0302198335855797,0.1,-0.004614949903288234,0.044629796511007284,0.0593590457438937,1.029298344077774
-0.1,1.0302198335855797,0.15000000000000002,-0.010046996316286689,0.06366612384540242,0.08876576427939918,1.0288376900670666
-0.1,1.0302198335855797,0.2,-0.017281409682296918,0.08069933572127425,0.11786869785628022,1.0283772051267415
-0.1,1.0302198335855797,0.25,-0.02612445295968462,0.09586005730523386,0.14659160136368257,1.027917008792111
-0.1,1.0302198335855797,0.30000000000000004,-0.03639519121779722,0.10927370326370506,0.1748690404404877,1.027457247015438
-0.1,1.0302198335855797,0.35000000000000003,-0.04792496798657869,0.1210604042212089,0.20264537320942913,1.0269980889502173
-0.1,1.0302198335855797,0.4,-0.06055687355888683,0.13133497263853292,0.2298738108553758,1.02653972387285
-0.1,1.0302198335855797,0.45,-0.07414521383429276,0.140206903477591,0.2565155514206058,1.0260823582369092
-0.1,1.0302198335855797,0.5,-0.08855497905791354,0.14778040538245243,0.28253898169341124,1.0256262128582294
-0.1,1.0302198335855797,0.55,-0.10366131903680331,0.1541544584523629,0.3079189424913217,1.0251715202312761
-0.1,1.0302198335855797,0.6000000000000001,-0.1193490224941502,0.15942289500756632,0.3326360530064115,1.0247185219787314
-0.1,1.0302198335855797,0.65,-0.13551200904681157,0.16367450005722245,0.3566760901964943,1.024267466437085
-0.1,1.0302198335855797,0.7000000000000001,-0.1520528287333811,0.1669931284658825,0.38002941948072233,1.0238186063814407
-0.1,1.0302198335855797,0.75,-0.16888217584044407,0.1694578360855242,0.40269047324534923,1.0233721968926752
-0.1,1.0302198335855797,0.8,-0.18591841683219715,0.1711430223727999,0.42465727388190705,1.0229284933697902
-0.1,1.0302198335855797,0.8500000000000001,-0.20308713106380671,0.17211858224595894,0.44593099827867755,1.022487749689644
-0.1,1.0302198335855797,0.9,-0.22032066867163813,0.17245006515597353,0.4665155808684411,1.0220502165155152
-0.1,1.0302198335855797,0.9500000000000001,-0.23755772481055487,0.17219883955079587,0.4864173525012205,1.0216161397550012
-0.1,1.0302198335855797,1.0,-0.2547429291844053,0.1714222611011363,0.5056447125669099,1.0211857591668387
-0.1,1.0302198335855797,1.05,-0.2718264532177184,0.17017384323268078,0.5242078319398593,1.0207593071151528
-0.1,1.0302198335855797,1.1,-0.28876363503726316,0.16850342867335966,0.5421183844551459,1.020337007468712
-0.1,1.0302198335855797,1.1500000000000001,-0.3055146208138844,0.16645736087533208,0.5593893047574087,1.0199190746417885
-0.1,1.0302198335855797,1.2000000000000002,-0.3220440228980321,0.1640786543110846,0.5760345704891298,1.0195057127723233
-0.1,1.0302198335855797,1.25,-0.33832059556221517,0.16140716277219994,0.5920690069054155,1.0190971150323025
-0.1,1.0302198335855797,1.3,-0.3543169275937406,0.15847974491811914,0.6075081121169034,1.0186934630645386
-0.1,1.0302198335855797,1.35,-0.3700091507558847,0.15533042643107986,0.6223679012728625,1.0182949265394472
-0.1,1.0302198335855797,1.4000000000000001,-0.38537666413490207,0.15199055823322202,0.6366647681028716,1.0179016628249085
-0.1,1.0302198335855797,1.4500000000000002,-0.40040187448212194,0.14848897031312006,0.6504153623372557,1.0175138167619096
-0.1,1.0302198335855797,1.5,-0.4150699518776419,0.1448521207920482,0.663636481623819,1.0171315205383966
-0.1,1.0302198335855797,1.55,-0.42936859978732633,0.1411042399354978,0.6763449766516966,1.0167548936535973
-0.1,1.0302198335855797,1.6,-0.4432878390443496,0.13726746888342647,0.6885576682826482,1.0163840429649869
-0.1,1.0302198335855797,1.6500000000000001,-0.4568198055636644,0.1333619929339049,0.7002912755754386,1.0160190628100874
-0.1,1.0302198335855797,1.7000000000000002,-0.46995856132976616,0.12940616926962703,0.7115623536700785,1.015660035195387
-0.1,1.0302198335855797,1.75,-0.48269991787398736,0.1254166490654902,0.7223872405757339,1.015307030044836
-0.1,1.0302198335855797,1.8,-0.4950412715030051,0.12140849395854621,0.7327820119792219,1.0149601055006054
-0.1,1.0302198335855797,1.85,-0.5069814497974555,0.11739528689949456,0.7427624432602907,1.0146193082690793
-0.1,1.0302198335855797,1.9000000000000001,-0.5185205690021168,0.11338923743794599,0.7523439779651904,1.0142846740053653
-0.1,1.0302198335855797,1.9500000000000002,-0.529659901800418,0.10940128152226122,0.7615417020514603,1.0139562277299943
-0.1,1.0302198335855797,2.0,-0.5404017548185654,0.10544117591918248,0.7703703232745014,1.0136339842718327
-0.1,1.0302198335855797,2.0500000000000003,-0.5507493552161402,0.10151758737908655,0.7788441551405121,1.0133179487316686
-0.1,1.0302198335855797,2.1,-0.5607067458519788,0.0976381766898055,0.7869771049009152,1.0130081169613263
-0.1,1.0302198335855797,2.15,-0.570278688614682,0.09380967777594133,0.7947826651105055,1.0127044760535893
-0.1,1.0302198335855797,2.2,-0.5794705754978008,0.09003797201172657,0.8022739083153415,1.0124070048386336
-0.1,1.0302198335855797,2.25,-0.5882883469314742,0.08632815792401906,0.8094634844770209,1.012115674383074
-0.1,1.0302198335855797,2.3000000000000003,-0.5967384168498165,0.08268461646825169,0.8163636207775382,1.0118304484881369
-0.1,1.0302198335855797,2.35,-0.6048276040148769,0.07911107206430948,0.8229861234836995,1.011551284183866
-0.1,1.0302198335855797,2.4000000000000004,-0.6125630691959898,0.07561064958163992,0.8293423815820493,1.01127813221662
-0.1,1.0302198335855797,2.45,-0.6199522578580258,0.07218592746364283,0.8354433719247766,1.0110109375274867
-0.1,1.0302198335855797,2.5,-0.6270028480183245,0.06883898718072524,0.8412996656540618,1.0107496397195772
-0.1,1.0302198335855797,2.5500000000000003,-0.6337227029108572,0.06557145919954764,0.8469214356970508,1.0104941735124497
-0.1,1.0302198335855797,2.6,-0.6401198280854703,0.062384565653094096,0.8523184651462573,1.010244469182224
-0.1,1.0302198335855797,2.6500000000000004,-0.6462023325903,0.05927915989242247,0.8575001563607814,1.0100004529862106
-0.1,1.0302198335855797,2.7,-0.651978393928415,0.05625576309645779,0.862475540642494,1.0097620475711113
-0.1,1.0302198335855797,2.75,-0.6574562265219124,0.05331459811109198,0.8672532883583867,1.0095291723640891
-0.1,1.0302198335855797,2.8000000000000003,-0.6626440534402189,0.05045562068329196,0.8718417193957102,1.0093017439461758
-0.1,1.0302198335855797,2.85,-0.6675500811531837,0.04767854824997897,0.876248813850508,1.0090796764077128
-0.1,1.0302198335855797,2.9000000000000004,-0.672182477066176,0.04498288643523562,0.8804822228627073,1.0088628816856275
-0.1,1.0302198335855797,2.95,-0.6765493495977808,0.04236795340299894,0.8845492795222959,1.0086512698825414
-0.1,1.0302198335855797,3.0,-0.6806587305770246,0.0398329022058781,0.8884570097812831,1.0084447495677924
-0.1,1.0302198335855797,3.0500000000000003,-0.6845185597623163,0.037376741264169386,0.8922121433152902,1.0082432280605769
-0.1,1.0302198335855797,3.1,-0.6881366713095011,0.034998353102574174,0.8958211242867943,1.0080466116955276
-0.1,1.0302198335855797,3.1500000000000004,-0.691520782034034,0.03269651146561179,0.8992901219693451,1.0078548060710877
-0.1,1.0302198335855797,3.2,-0.6946784813206026,0.03046989692630191,0.9026250411985797,1.007667716281133
-0.1,1.0302198335855797,3.25,-0.6976172225362407,0.028317111096394953,0.9058315326216334,1.0074852471303437
-0.1,1.0302198335855797,3.3000000000000003,-0.7003443158057454,0.026236689540293047,0.9089150027216389,1.0073073033338775
-0.1,1.0302198335855797,3.35,-0.7028669220152957,0.024227113488841753,0.9118806235985223,1.0071337897018966
-0.1,1.0302198335855797,3.4000000000000004,-0.7051920479221526,0.022286820443406578,0.9147333424913104,1.0069646113095936
-0.1,1.0302198335855797,3.45,-0.707326542262806,0.020414213755092055,0.9174778910305981,1.0067996736532985
-0.1,1.0302198335855797,3.5,-0.7092770927654453,0.01860767125862195,0.9201187942129437,1.0066388827933324
-0.1,1.0302198335855797,3.5500000000000003,-0.7110502239825622,0.016865553035289183,0.9226603790915586,1.0064821454842279
-0.1,1.0302198335855797,3.6,-0.7126522958653232,0.015186208374503095,0.9251067831800476,1.0063293692929687
-0.1,1.0302198335855797,3.6500000000000004,-0.714089503004399,0.0135679819988123,0.9274619625678604,1.0061804627058795
-0.1,1.0302198335855797,3.7,-0.71536787446439,0.012009219612868272,0.9297296997479,1.0060353352247895
-0.1,1.0302198335855797,3.75,-0.716493274142656,0.010508272832604314,0.9319136111581647,1.0058938974530978
-0.1,1.0302198335855797,3.8000000000000003,-0.7174714015889567,0.009063503546947743,0.9340171544405307,1.0057560611723328
-0.1,1.0302198335855797,3.85,-0.7183077932294095,0.007673287760640958,0.9360436354208602,1.0056217394098004
-0.1,1.0302198335855797,3.9000000000000004,-0.7190078239456152,0.006336018963223836,0.937996214815433,1.0054908464978805
-0.1,1.0302198335855797,3.95,-0.7195767089662605,0.00505011106591468,0.93987791466949,1.0053632981255323
-0.1,1.0302198335855797,4.0,-0.7200195060331681,0.0038140009450112256,0.9416916245341672,1.005239011382528
-0.1,1.0302198335855797,4.05,-0.7203411178067967,0.002626150627514436,0.9434401073886363,1.0051179047969252
-0.1,1.0302198335855797,4.1000000000000005,-0.7205462944779403,0.001485049151941799,0.9451260053145746,1.0049998983662654
-0.1,1.0302198335855797,4.15,-0.7206396365538446,0.0003892141347408263,0.9467518449303595,1.0048849135829552
-0.1,1.0302198335855797,4.2,-0.72062559778869,-0.0006628069296754815,0.948320042592578,1.0047728734542845
-0.1,1.0302198335855797,4.25,-0.7205084882308932,-0.001672435609475005,0.9498329093725393,1.0046637025174847
-0.1,1.0302198335855797,4.3,-0.7202924773627549,-0.002641061692814678,0.9512926558155465,1.0045573268502364
-0.1,1.0302198335855797,4.3500000000000005,-0.7199815973114255,-0.0035700425403195277,0.952701396490681,1.0044536740769945
-0.1,1.0302198335855797,4.4,-0.7195797461133393,-0.004460702612636006,0.9540611543388098,1.00435267337149
-0.1,1.0302198335855797,4.45,-0.719090691016969,-0.005314333154728677,0.9553738648264822,1.0042542554557419
-0.1,1.0302198335855797,4.5,-0.7185180718106167,-0.006132192020133812,0.9566413799132194,1.00415835259589
-0.1,1.0302198335855797,4.55,-0.7178654041632018,-0.006915503619814541,0.9578654718396349,1.0040648985951433
-0.1,1.0302198335855797,4.6000000000000005,-0.7171360829667209,-0.007665458981586596,0.9590478367436236,1.0039738287841278
-0.1,1.0302198335855797,4.65,-0.7163333856696548,-0.00838321590730858,0.9601900981117116,1.0038850800088843
-0.1,1.0302198335855797,4.7,-0.7154604755912375,-0.00906989921616152,0.9612938100724622,1.003798590616753
-0.1,1.0302198335855797,4.75,-0.7145204052074415,-0.009726601063387057,0.9623604605386535,1.0037143004403877
-0.1,1.0302198335855797,4.800000000000001,-0.7135161194006877,-0.010354381324815962,0.9633914742047386,1.003632150780085
-0.1,1.0302198335855797,4.8500000000000005,-0.7124504586666481,-0.010954268038405688,0.9643882154058759,1.003552084384649
-0.1,1.0302198335855797,4.9,-0.7113261622728488,-0.011527257894822368,0.9653519908446334,1.0034740454309423
-0.1,1.0302198335855797,4.95,-0.7101458713649991,-0.012074316769853143,0.966284052191244,1.00339797950232
-0.1,1.0302198335855797,5.0,-0.7089121320178884,-0.012596380292124967,0.9671855985630721,1.003323833566081
-0.1,1.0302198335855797,5.050000000000001,-0.7076273982283644,-0.013094354440239235,0.9680577788887598,1.0032515559500848
-0.1,1.0302198335855797,5.1000000000000005,-0.706294034848257,-0.013569116164013273,0.968901694162291,1.0031810963186711
-0.1,1.0302198335855797,5.15,-0.7049143204553109,-0.01402151402505121,0.9697183995920133,1.0031124056479899
-0.1,1.0302198335855797,5.2,-0.703490450160329,-0.014452368852355395,0.9705089066494672,1.00304543620087
-0.1,1.0302198335855797,5.25,-0.7020245383488407,-0.014862474409135067,0.9712741850226486,1.002980141501312
-0.1,1.0302198335855797,5.300000000000001,-0.7005186213558625,-0.015252598067376562,0.9720151644781568,1.0029164763087064
-0.1,1.0302198335855797,5.3500000000000005,-0.6989746600726411,-0.015623481487112328,0.9727327366364837,1.0028543965918646
-0.1,1.0302198335855797,5.4,-0.6973945424846829,-0.015975841297664592,0.9734277566645156,1.00279385950293
-0.1,1.0302198335855797,5.45,-0.6957800861408499,-0.016310369778450125,0.9741010448891427,1.0027348233512494
-0.1,1.0302198335855797,5.5,-0.6941330405537272,-0.016627735537213473,0.9747533883356944,1.0026772475772627
-0.1,1.0302198335855797,5.550000000000001,-0.6924550895318498,-0.016928584183813232,0.9753855421947686,1.0026210927264725
-0.1,1.0302198335855797,5.6000000000000005,-0.6907478534446508,-0.01721353899791778,0.975998231220831,1.0025663204235356
-0.1,1.0302198335855797,5.65,-0.6890128914211556,-0.017483201589179494,0.9765921510658419,1.0025128933465355
-0.1,1.0302198335855797,5.7,-0.6872517034834962,-0.01773815254864688,0.9771679695509928,1.002460775201474
-0.1,1.0302198335855797,5.75,-0.685465732616339,-0.017978952090348325,0.9777263278795083,1.002409930697008
-0.1,1.0302198335855797,5.800000000000001,-0.6836563667732508,-0.018206140682137408,0.9782678417933117,1.0023603255194795
-0.1,1.0302198335855797,5.8500000000000005,-0.6818249408210045,-0.01842023966503168,0.9787931026762529,1.0023119263082585
-0.1,1.0302198335855797,5.9,-0.679972738422805,-0.0186217518604041,0.9793026786064305,1.0022647006314285
-0.1,1.0302198335855797,5.95,-0.6781009938614432,-0.01881116216450064,0.9797971153600586,1.0022186169618286
-0.1,1.0302198335855797,6.0,-0.676210893803455,-0.018988938129862236,0.9802769373691834,1.0021736446534888
-0.1,1.0302198335855797,6.050000000000001,-0.6743035790054621,-0.019155530533319365,0.9807426486354565,1.0021297539184464
-0.1,1.0302198335855797,6.1000000000000005,-0.6723801459639825,-0.019311373930312358,0.9811947336020657,1.0020869158039916
-0.1,1.0302198335855797,6.15,-0.6704416485101162,-0.019456887195363076,0.9816336579858338,1.0020451021703243
-0.1,1.0302198335855797,6.2,-0.6684890993505822,-0.019592474048589652,0.9820598695713592,1.0020042856686446
-0.1,1.0302198335855797,6.25,-0.6665234715566626,-0.01971852356821468,0.9824737989690419,1.0019644397196878
-0.1,1.0302198335855797,6.300000000000001,-0.664545700002595,-0.01983541068906832,0.9828758603386983,1.001925538492698
-0.1,1.0302198335855797,6.3500000000000005,-0.6625566827549669,-0.01994349668713398,0.9832664520804026,1.0018875568848533
-0.1,1.0302198335855797,6.4,-0.6605572824145877,-0.020043129650223826,0.9836459574941314,1.0018504705011435
-0.1,1.0302198335855797,6.45,-0.6585483274122724,-0.02013464493490674,0.9840147454096748,1.0018142556346978
-0.1,1.0302198335855797,6.5,-0.6565306132598899,-0.020218365609841752,0.9843731707882377,1.0017788892475625
-0.1,1.0302198335855797,6.550000000000001,-0.6545049037579651,-0.020294602885696223,0.9847215752970766,1.0017443489519346
-0.1,1.0302198335855797,6.6000000000000005,-0.652471932161078,-0.020363656531851116,0.985060287858436,1.0017106129918434
-0.1,1.0302198335855797,6.65,-0.650432402302266,-0.020425815280114674,0.9853896251740099,1.001677660225274
-0.1,1.0302198335855797,6.7,-0.648386989677616,-0.020481357215682134,0.9857098922260805,1.0016454701067352
-0.1,1.0302198335855797,6.75,-0.646336342492241,-0.020530550155593033,0.9860213827564338,1.0016140226702686
-0.1,1.0302198335855797,6.800000000000001,-0.6442810826688323,-0.020573652014948422,0.9863243797240971,1.0015832985128843
-0.1,1.0302198335855797,6.8500000000000005,-0.642221806819986,-0.020610911161159356,0.9866191557428913,1.0015532787784316
-0.1,1.0302198335855797,6.9,-0.6401590871855201,-0.020642566756505092,0.9869059734997395,1.0015239451418763
-0.1,1.0302198335855797,6.95,-0.6380934725359837,-0.02066884908928472,0.9871850861546531,1.0014952797940155
-0.1,1.0302198335855797,7.0,-0.6360254890435506,-0.020689979893849256,0.9874567377232127,1.0014672654265786
-0.1,1.0302198335855797,7.050000000000001,-0.6339556411214587,-0.020706172659803953,0.9877211634423987,1.0014398852177417
-0.1,1.0302198335855797,7.1000000000000005,-0.6318844122331337,-0.02071763293067146,0.9879785901205161,1.0014131228180325
-0.1,1.0302198335855797,7.15,-0.6298122656720683,-0.02072455859230629,0.9882292364719703,1.0013869623366214
-0.1,1.0302198335855797,7.2,-0.6277396453134988,-0.020727140151350062,0.9884733134375758,1.0013613883279902
-0.1,1.0302198335855797,7.25,-0.6256669763388616,-0.02072556100401577,0.9887110244910888,1.0013363857789757
-0.1,1.0302198335855797,7.300000000000001,-0.6235946659339554,-0.020719997695485503,0.9889425659325728,1.0013119400961688
-0.1,1.0302198335855797,7.3500000000000005,-0.6215231039617145,-0.02071062017020415,0.9891681271692225,1.0012880370936792
-0.1,1.0302198335855797,7.4,-0.619452663610431,-0.0206975920133469,0.9893878909842061,1.0012646629812356
-0.1,1.0302198335855797,7.45,-0.6173837020182621,-0.020681070683734776,0.9896020337940867,1.0012418043526352
-0.1,1.0302198335855797,7.5,-0.6153165608748207,-0.020661207738466907,0.9898107258953237,1.0012194481745176
-0.1,1.0302198335855797,7.550000000000001,-0.6132515670006321,-0.020638149049534517,0.9900141317003799,1.0011975817754655
-0.1,1.0302198335855797,7.6000000000000005,-0.6111890329052275,-0.020612035012674893,0.9902124099638685,1.0011761928354175
-0.1,1.0302198335855797,7.65,-0.6091292573246374,-0.020583000748719396,0.990405713999228,1.0011552693753902
-0.1,1.0302198335855797,7.7,-0.6070725257390273,-0.020551176297682838,0.9905941918863225,1.001134799747505
-0.1,1.0302198335855797,7.75,-0.6050191108712071,-0.020516686805836442,0.9907779866703909,1.0011147726252956
-0.1,1.0302198335855797,7.800000000000001,-0.6029692731667319,-0.020479652706000127,0.9909572365527299,1.0010951769943082
-0.1,1.0302198335855797,7.8500000000000005,-0.6009232612562927,-0.02044018989128443,0.9911320750734819,1.00107600214298
-0.1,1.0302198335855797,7.9,-0.5988813124010579,-0.020398409882505433,0.9913026312868669,1.0010572376537743
-0.1,1.0302198335855797,7.95,-0.5968436529216234,-0.02035441998949126,0.9914690299292204,1.001038873394598
-0.1,1.0302198335855797,8.0,-0.5948104986111791,-0.02030832346649109,0.9916313915801299,1.0010208995104566
-0.1,1.0302198335855797,8.05,-0.5927820551334859,-0.020260219661893047,0.9917898328169864,1.001003306415364
-0.1,1.0302198335855797,8.1,-0.5907585184062213,-0.020210204162450326,0.991944466363251,1.0009860847844945
-0.1,1.0302198335855797,8.15,-0.5887400749702225,-0.020158368932209247,0.9920954012306885,1.0009692255465679
-0.1,1.0302198335855797,8.200000000000001,-0.5867269023451438,-0.020104802446327452,0.9922427428558582,1.0009527198764598
-0.1,1.0302198335855797,8.25,-0.5847191693720023,-0.020049589819963815,0.9923865932310918,1.000936559188037
-0.1,1.0302198335855797,8.3,-0.582717036543089,-0.019992812932416837,0.9925270510302203,1.0009207351272065
-0.1,1.0302198335855797,8.35,-0.5807206563196825,-0.01993455054668193,0.9926642117292479,1.0009052395651699
-0.1,1.0302198335855797,8.4,-0.5787301734380119,-0.019874878424593064,0.9927981677222273,1.0008900645918877
-0.1,1.0302198335855797,8.450000000000001,-0.5767457252038793,-0.019813869437708367,0.9929290084325149,1.0008752025097292
-0.1,1.0302198335855797,8.5,-0.5747674417763636,-0.019751593674094473,0.9930568204196171,1.000860645827328
-0.1,1.0302198335855797,8.55,-0.5727954464409976,-0.019688118541158685,0.9931816874818183,1.0008463872536082
-0.1,1.0302198335855797,8.6,-0.5708298558728158,-0.0196235088646736,0.9933036907547623,1.000832419691998
-0.1,1.0302198335855797,8.65,-0.5688707803896499,-0.01955782698413357,0.9934229088061722,1.0008187362348202
-0.1,1.0302198335855797,8.700000000000001,-0.5669183241960439,-0.019491132844577368,0.993539417726863,1.0008053301578446
-0.1,1.0302198335855797,8.75,-0.5649725856181427,-0.019423484085007516,0.9936532912182008,1.000792194915009
-0.1,1.0302198335855797,8.8,-0.5630336573299051,-0.019354936123531362,0.9937646006761757,1.0007793241332992
-0.1,1.0302198335855797,8.85,-0.561101626570972,-0.019285542239345223,0.9938734152722162,1.000766711607786
-0.1,1.0302198335855797,8.9,-0.5591765753565046,-0.01921535365167826,0.9939798020308787,1.0007543512968022
-0.1,1.0302198335855797,8.950000000000001,-0.557258580679301,-0.019144419595808867,0.9940838259045618,1.0007422373172787
-0.1,1.0302198335855797,9.0,-0.5553477147044831,-0.01907278739626209,0.9941855498453496,1.0007303639402085
-0.1,1.0302198335855797,9.05,-0.553444044957025,-0.019000502537292983,0.9942850348741178,1.0007187255862604
-0.1,1.0302198335855797,9.1,-0.5515476345023941,-0.01892760873075667,0.9943823401469993,1.0007073168215057
-0.1,1.0302198335855797,9.15,-0.5496585421205494,-0.018854147981462725,0.9944775230193454,1.0006961323532995
-0.1,1.0302198335855797,9.200000000000001,-0.547776822473548,-0.01878016065010742,0.9945706391072539,1.0006851670262622
-0.1,1.0302198335855797,9.25,-0.5459025262669768,-0.01870568551387428,0.99466174234679,1.000674415818395
-0.1,1.0302198335855797,9.3,-0.5440357004054452,-0.01863075982479016,0.9947508850509778,1.0006638738373086
-0.1,1.0302198335855797,9.35,-0.5421763881423401,-0.018555419365920492,0.9948381179646637,1.000653536316563
-0.1,1.0302198335855797,9.4,-0.540324629224061,-0.01847969850548457,0.9949234903173342,1.000643398612124
-0.1,1.0302198335855797,9.450000000000001,-0.5384804600289231,-0.018403630248968808,0.9950070498739663,1.0006334561989165
-0.1,1.0302198335855797,9.5,-0.5366439137009349,-0.01832724628931264,0.9950888429840002,1.0006237046674895
-0.1,1.0302198335855797,9.55,-0.5348150202786243,-0.018250577055239386,0.9951689146285024,1.0006141397207737
-0.1,1.0302198335855797,9.600000000000001,-0.5329938068191121,-0.018173651757801453,0.9952473084655953,1.0006047571709444
-0.1,1.0302198335855797,9.65,-0.531180297517595,-0.018096498435206762,0.995324066874218,1.0005955529363693
-0.1,1.0302198335855797,9.700000000000001,-0.5293745138224205,-0.01801914399599072,0.9953992309962961,1.000586523038651
-0.1,1.0302198335855797,9.75,-0.527576474545916,-0.017941614260595772,0.995472840777363,1.0005776635997639
-0.1,1.0302198335855797,9.8,-0.5257861959711304,-0.01786393400141796,0.9955449350057218,1.0005689708392618
-0.1,1.0302198335855797,9.850000000000001,-0.5240036919546501,-0.017786126981378287,0.9956155513501826,1.000560441071584
-0.1,1.0302198335855797,9.9,-0.5222289740256297,-0.01770821599107358,0.9956847263964411,1.000552070703431
-0.1,1.0302198335855797,9.950000000000001,-0.5204620514811855,-0.017630222884560478,0.9957524956821489,1.000543856231224
-0.1,1.0302198335855797,10.0,-0.5187029314782874,-0.017552168613823478,0.9958188937307336,1.0005357942386341
-0.1,1.0302198335855797,10.05,-0.5169516191222766,-0.017474073261976166,0.995883954084005,1.0005278813941882
-0.1,1.0302198335855797,10.100000000000001,-0.5152081175521399,-0.01739595607524335,0.995947709333609,1.0005201144489488
-0.1,1.0302198335855797,10.15,-0.5134724280226531,-0.017317835493769244,0.996010191151359,1.0005124902342524
-0.1,1.0302198335855797,10.200000000000001,-0.5117445499835119,-0.017239729181295932,0.9960714303185064,1.0005050056595248
-0.1,1.0302198335855797,10.25,-0.5100244811555595,-0.017161654053754007,0.9961314567539673,1.0004976577101528
-0.1,1.0302198335855797,10.3,-0.5083122176042101,-0.017083626306806314,0.9961902995415697,1.000490443445427
-0.1,1.0302198335855797,10.350000000000001,-0.5066077538101748,-0.01700566144238344,0.9962479869563424,1.0004833599965337
-0.1,1.0302198335855797,10.4,-0.5049110827375839,-0.016927774294249038,0.9963045464898937,1.0004764045646148
-0.1,1.0302198335855797,10.450000000000001,-0.5032221958995955,-0.016849979052630616,0.9963600048748958,1.0004695744188807
-0.1,1.0302198335855797,10.5,-0.5015410834215832,-0.016772289287951086,0.9964143881087358,1.000462866894778
-0.1,1.0302198335855797,10.55,-0.4998677341019912,-0.016694717973694224,0.9964677214763427,1.0004562793922103
-0.1,1.0302198335855797,10.600000000000001,-0.4982021354709351,-0.016617277508436303,0.9965200295722307,1.0004498093738137
-0.1,1.0302198335855797,10.65,-0.4965442738466332,-0.016539979737075026,0.9965713363217877,1.0004434543632796
-0.1,1.0302198335855797,10.700000000000001,-0.4948941343897459,-0.01646283597128528,0.996621665001833,1.000437211943723
-0.1,1.0302198335855797,10.75,-0.4932517011557052,-0.016385857009230856,0.9966710382604814,1.000431079756107
-0.1,1.0302198335855797,10.8,-0.4916169571450924,-0.01630905315455924,0.996719478136327,1.000425055497705
-0.1,1.0302198335855797,10.850000000000001,-0.4899898843521572,-0.01623243423470629,0.9967670060769799,1.0004191369206068
-0.1,1.0302198335855797,10.9,-0.4883704638115301,-0.016156009618536367,0.9968136429569787,1.0004133218302735
-0.1,1.0302198335855797,10.950000000000001,-0.48675867564320185,-0.016079788233342378,0.9968594090951006,1.0004076080841315
-0.1,1.0302198335855797,11.0,-0.4851544990958344,-0.01600377858122941,0.9969043242710892,1.0004019935902018
-0.1,1.0302198335855797,11.05,-0.4835579125884641,-0.01592798875490483,0.9969484077418285,1.0003964763057764
-0.1,1.0302198335855797,11.100000000000001,-0.48196889375065644,-0.015852426452896518,0.9969916782569728,1.000391054236129
-0.1,1.0302198335855797,11.15,-0.4803874194611708,-0.015777098994220536,0.9970341540740619,1.0003857254332567
-0.1,1.0302198335855797,11.200000000000001,-0.4788134658851879,-0.0157020133325184,0.9970758529731382,1.0003804879946698
-0.1,1.0302198335855797,11.25,-0.47724700851015506,-0.01562717606968339,0.9971167922708731,1.0003753400622033
-0.1,1.0302198335855797,11.3,-0.4756880221802966,-0.015552593468994885,0.9971569888342412,1.0003702798208731
-0.1,1.0302198335855797,11.350000000000001,-0.47413648112984025,-0.015478271467778516,0.9971964590937378,1.0003653054977544
-0.1,1.0302198335855797,11.4,-0.472592359015004,-0.015404215689609757,0.9972352190561677,1.0003604153608987
-0.1,1.0302198335855797,11.450000000000001,-0.471055628944788,-0.015330431456077601,0.9972732843170196,1.0003556077182778
-0.1,1.0302198335855797,11.5,-0.46952626351061444,-0.015256923798124314,0.9973106700724362,1.0003508809167627
-0.1,1.0302198335855797,11.55,-0.4680042348148563,-0.015183697466977052,0.997347391130798,1.0003462333411184
-0.1,1.0302198335855797,11.600000000000001,-0.46648951449829096,-0.015110756944685942,0.9973834619239362,1.0003416634130462
-0.1,1.0302198335855797,11.65,-0.46498207376652234,-0.015038106454283138,0.9974188965179831,1.0003371695902359
-0.1,1.0302198335855797,11.700000000000001,-0.46348188341540336,-0.014965749969576695,0.997453708623872,1.0003327503654484
-0.1,1.0302198335855797,11.75,-0.4619889138554951,-0.014893691224592593,0.9974879116075125,1.0003284042656337
-0.1,1.0302198335855797,11.8,-0.46050313513559665,-0.01482193372267748,0.9975215184996239,1.0003241298510563
-0.1,1.0302198335855797,11.850000000000001,-0.4590245169653795,-0.014750480745274831,0.9975545420052788,1.0003199257144624
-0.1,1.0302198335855797,11.9,-0.4575530287371565,-0.014679335360386023,0.997586994513127,1.0003157904802567
-0.1,1.0302198335855797,11.950000000000001,-0.45608863954681883,-0.014608500430728075,0.997618888104336,1.0003117228037073
-0.1,1.0302198335855797,12.0,-0.45463131821396785,-0.014537978621598778,0.9976502345612518,1.0003077213701768
-0.1,1.0302198335855797,12.05,-0.4531810333012718,-0.014467772408459981,0.9976810453757836,1.0003037848943614
-0.1,1.0302198335855797,12.100000000000001,-0.45173775313307835,-0.014397884084249196,0.9977113317575323,1.0002999121195695
-0.1,1.0302198335855797,12.15,-0.4503014458133045,-0.014328315766429227,0.997741104641661,1.0002961018169996
-0.1,1.0302198335855797,12.200000000000001,-0.4488720792426353,-0.014259069403785494,0.9977703746965246,1.0002923527850573
-0.1,1.0302198335855797,12.25,-0.44744962113505177,-0.014190146782979855,0.9977991523310619,1.0002886638486754
-0.1,1.0302198335855797,12.3,-0.44603403903371874,-0.014121549534870029,0.9978274477019577,1.0002850338586602
-0.1,1.0302198335855797,12.350000000000001,-0.4446253003262493,-0.014053279140602786,0.9978552707205924,1.0002814616910563
-0.1,1.0302198335855797,12.4,-0.44322337225937164,-0.013985336937489157,0.9978826310597647,1.0002779462465223
-0.1,1.0302198335855797,12.450000000000001,-0.4418282219530222,-0.013917724124669448,0.997909538160227,1.000274486449732
-0.1,1.0302198335855797,12.5,-0.4404398164138818,-0.013850441768575736,0.9979360012370051,1.0002710812487834
-0.1,1.0302198335855797,12.55,-0.4390581225483771,-0.013783490808198809,0.9979620292855348,1.0002677296146292
-0.1,1.0302198335855797,12.600000000000001,-0.4376831071751669,-0.013716872060166892,0.9979876310876103,1.0002644305405195
-0.1,1.0302198335855797,12.65,-0.4363147370371312,-0.01365058622364267,0.998012815217156,1.000261183041461
-0.1,1.0302198335855797,12.700000000000001,-0.4349529788128805,-0.013584633885045128,0.99803759004582,1.0002579861536902
-0.1,1.0302198335855797,12.75,-0.4335977991278024,-0.013519015522602599,0.998061963748401,1.0002548389341595
-0.1,1.0302198335855797,12.8,-0.43224916456466356,-0.013453731510742861,0.9980859443081185,1.000251740460041
-0.1,1.0302198335855797,12.850000000000001,-0.43090704167377986,-0.01338878212432617,0.9981095395217155,1.0002486898282363
-0.1,1.0302198335855797,12.9,-0.42957139698277313,-0.013324167542726905,0.9981327570044186,1.0002456861549065
-0.1,1.0302198335855797,12.950000000000001,-0.4282421970059264,-0.013259887853768998,0.9981556041947482,1.0002427285750097
-0.1,1.0302198335855797,13.0,-0.42691940825315344,-0.013195943057520603,0.9981780883591844,1.0002398162418533
-0.1,1.0302198335855797,13.05,-0.42560299723859396,-0.013132333069952788,0.9982002165966976,1.0002369483266569
-0.1,1.0302198335855797,13.100000000000001,-0.4242929304888529,-0.013069057726467192,0.9982219958431471,1.000234124018129
-0.1,1.0302198335855797,13.15,-0.4229891745508881,-0.0130061167852973,0.9982434328755465,1.0002313425220473
-0.1,1.0302198335855797,13.200000000000001,-0.4216916959995676,-0.012943509930787604,0.9982645343162124,1.0002286030608627
-0.1,1.0302198335855797,13.25,-0.42040046144490123,-0.01288123677655542,0.9982853066367817,1.0002259048733007
-0.1,1.0302198335855797,13.3,-0.4191154375389618,-0.012819296868538959,0.9983057561621236,1.0002232472139805
-0.1,1.0302198335855797,13.350000000000001,-0.41783659098250625,-0.012757689687936068,0.9983258890741284,1.0002206293530422
-0.1,1.0302198335855797,13.4,-0.4165638885313092,-0.01269641465403742,0.9983457114153943,1.000218050575786
-0.1,1.0302198335855797,13.450000000000001,-0.41529729700221185,-0.012635471126957667,0.9983652290928056,1.000215510182313
-0.1,1.0302198335855797,13.5,-0.4140367832789099,-0.012574858410268466,0.9983844478810046,1.0002130074871858
-0.1,1.0302198335855797,13.55,-0.4127823143174762,-0.012514575753536625,0.9984033734257729,1.00021054181909
-0.1,1.0302198335855797,13.600000000000001,-0.4115338571516361,-0.012454622354770713,0.9984220112473073,1.0002081125205078
-0.1,1.0302198335855797,13.65,-0.410291378897802,-0.012394997362779488,0.9984403667434084,1.000205718947399
-0.1,1.0302198335855797,13.700000000000001,-0.4090548467598769,-0.012335699879445093,0.9984584451925754,1.0002033604688891
-0.1,1.0302198335855797,13.75,-0.40782422803383306,-0.012276728961914103,0.9984762517570158,1.00020103646697
-0.1,1.0302198335855797,13.8,-0.406599490112077,-0.012218083624709272,0.9984937914855693,1.000198746336199
-0.1,1.0302198335855797,13.850000000000001,-0.40538060048760705,-0.012159762841764746,0.9985110693165501,1.0001964894834177
-0.1,1.0302198335855797,13.9,-0.404167526757971,-0.01210176554838749,0.998528090080508,1.0001942653274658
-0.1,1.0302198335855797,13.950000000000001,-0.4029602366290322,-0.01204409064314741,0.9985448585029161,1.0001920732989131
-0.1,1.0302198335855797,14.0,-0.4017586979185494,-0.011986736989698763,0.9985613792067761,1.0001899128397889
-0.1,1.0302198335855797,14.05,-0.4005628785595807,-0.011929703418535182,0.9985776567151622,1.000187783403324
-0.1,1.0302198335855797,14.100000000000001,-0.39937274660371147,-0.011872988728680707,0.9985936954536846,1.0001856844536965
-0.1,1.0302198335855797,14.15,-0.3981882702241216,-0.011816591689319023,0.9986094997528917,1.0001836154657882
-0.1,1.0302198335855797,14.200000000000001,-0.3970094177184895,-0.011760511041362987,0.9986250738505982,1.0001815759249366
-0.1,1.0302198335855797,14.25,-0.3958361575117443,-0.01170474549896673,0.9986404218941629,1.0001795653267085
-0.1,1.0302198335855797,14.3,-0.3946684581586698,-0.011649293750982108,0.998655547942691,1.0001775831766682
-0.1,1.0302198335855797,14.350000000000001,-0.39350628834636336,-0.011594154462361563,0.9986704559691764,1.0001756289901487
-0.1,1.0302198335855797,14.4,-0.3923496168965628,-0.011539326275509314,0.9986851498626025,1.000173702292043
-0.1,1.0302198335855797,14.450000000000001,-0.3911984127678341,-0.011484807811582483,0.9986996334299597,1.0001718026165833
-0.1,1.0302198335855797,14.5,-0.39005264505763576,-0.011430597671744185,0.9987139103982371,1.0001699295071418
-0.1,1.0302198335855797,14.55,-0.3889122830042595,-0.011376694438369937,0.9987279844163328,1.0001680825160228
-0.1,1.0302198335855797,14.600000000000001,-0.38777729598865057,-0.0113230966762093,0.9987418590569336,1.0001662612042652
-0.1,1.0302198335855797,14.65,-0.3866476535361172,-0.011269802933504072,0.9987555378183346,1.0001644651414558
-0.1,1.0302198335855797,14.700000000000001,-0.3855233253179265,-0.011216811743064768,0.9987690241262117,1.0001626939055364
-0.1,1.0302198335855797,14.75,-0.38440428115279685,-0.011164121623306598,0.9987823213353472,1.0001609470826225
-0.1,1.0302198335855797,14.8,-0.383290491008288,-0.011111731079246578,0.9987954327313104,1.0001592242668245
-0.1,1.0302198335855797,14.850000000000001,-0.38218192500209264,-0.011059638603463002,0.9988083615320902,1.000157525060074
-0.1,1.0302198335855797,14.9,-0.381078553403234,-0.011007842677018575,0.9988211108896903,1.0001558490719529
-0.1,1.0302198335855797,14.950000000000001,-0.3799803466331725,-0.010956341770348495,0.9988336838916764,1.0001541959195286
-0.1,1.0302198335855797,15.0,-0.37888727526682475,-0.010905134344114789,0.9988460835626881,1.00015256522719
-0.1,1.0302198335855797,15.05,-0.37779931003349904,-0.010854218850027892,0.9988583128659024,1.0001509566264897
-0.1,1.0302198335855797,15.100000000000001,-0.3767164218177503,-0.010803593731636777,0.9988703747044743,1.000149369755992
-0.1,1.0302198335855797,15.15,-0.3756385816601571,-0.010753257425088666,0.9988822719229201,1.000147804261121
-0.1,1.0302198335855797,15.200000000000001,-0.37456576075802356,-0.010703208359859323,0.9988940073084828,1.000146259794011
-0.1,1.0302198335855797,15.25,-0.3734979304660112,-0.010653444959455067,0.9989055835924496,1.000144736013367
-0.1,1.0302198335855797,15.3,-0.37243506229670015,-0.010603965642087378,0.9989170034514425,1.0001432325843223
-0.1,1.0302198335855797,15.350000000000001,-0.3713771279210854,-0.010554768821321135,0.9989282695086722,1.000141749178301
-0.1,1.0302198335855797,15.4,-0.37032409916901,-0.010505852906697363,0.9989393843351585,1.0001402854728865
-0.1,1.0302198335855797,15.450000000000001,-0.36927594802953595,-0.010457216304331319,0.9989503504509256,1.0001388411516887
-0.1,1.0302198335855797,15.5,-0.36823264665125777,-0.010408857417486922,0.9989611703261605,1.00013741590422
-0.1,1.0302198335855797,15.55,-0.3671941673425592,-0.010360774647128205,0.9989718463823407,1.000136009425766
-0.1,1.0302198335855797,15.600000000000001,-0.36616048257181727,-0.010312966392448669,0.9989823809933441,1.000134621417268
-0.1,1.0302198335855797,15.65,-0.3651315649675527,-0.010265431051379273,0.9989927764865156,1.0001332515852033
-0.1,1.0302198335855797,15.700000000000001,-0.36410738731853265,-0.010218167021075801,0.9990030351437171,1.0001318996414676
-0.1,1.0302198335855797,15.75,-0.3630879225738247,-0.010171172698386417,0.999013159202351,1.000130565303265
-0.1,1.0302198335855797,15.8,-0.36207314384280603,-0.010124446480299943,0.9990231508563492,1.000129248292994
-0.1,1.0302198335855797,15.850000000000001,-0.3610630243951277,-0.010077986764375607,0.9990330122571485,1.0001279483381418
-0.1,1.0302198335855797,15.9,-0.3600575376606372,-0.010031791949155008,0.9990427455146323,1.0001266651711782
-0.1,1.0302198335855797,15.950000000000001,-0.35905665722926267,-0.009985860434556737,0.9990523526980544,1.0001253985294514
-0.1,1.0302198335855797,16.0,-0.3580603568508556,-0.009940190622254357,0.9990618358369383,1.000124148155089
-0.1,1.0302198335855797,16.05,-0.3570686104349978,-0.00989478091603839,0.9990711969219533,1.0001229137948988
-0.1,1.0302198335855797,16.1,-0.3560813920507746,-0.009849629722162688,0.9990804379057688,1.000121695200272
-0.1,1.0302198335855797,16.150000000000002,-0.3550986759265102,-0.009804735449675956,0.9990895607038891,1.0001204921270896
-0.1,1.0302198335855797,16.2,-0.35412043644947516,-0.009760096510738768,0.9990985671954675,1.000119304335633
-0.1,1.0302198335855797,16.25,-0.3531466481655585,-0.00971571132092664,0.999107459224097,1.0001181315904877
-0.1,1.0302198335855797,16.3,-0.3521772857789132,-0.009671578299519751,0.9991162385985867,1.000116973660464
-0.1,1.0302198335855797,16.35,-0.351212324151572,-0.009627695869779603,0.9991249070937152,1.0001158303185052
-0.1,1.0302198335855797,16.400000000000002,-0.35025173830303524,-0.00958406245921325,0.9991334664509693,1.000114701341607
-0.1,1.0302198335855797,16.45,-0.349295503409835,-0.009540676499825403,0.999141918379258,1.0001135865107325
-0.1,1.0302198335855797,16.5,-0.3483435948050708,-0.009497536428358903,0.9991502645556192,1.0001124856107353
-0.1,1.0302198335855797,16.55,-0.3473959879779268,-0.00945464068652403,0.9991585066259,1.0001113984302805
-0.1,1.0302198335855797,16.6,-0.34645265857316104,-0.0094119877212169,0.9991666462054276,1.000110324761767
-0.1,1.0302198335855797,16.650000000000002,-0.34551358239057706,-0.009369575984727412,0.9991746848796569,1.000109264401252
-0.1,1.0302198335855797,16.7,-0.3445787353844741,-0.009327403934937232,0.9991826242048103,1.000108217148382
-0.1,1.0302198335855797,16.75,-0.3436480936630764,-0.009285470035507913,0.9991904657084955,1.0001071828063144
-0.1,1.0302198335855797,16.8,-0.3427216334879479,-0.00924377275605981,0.9991982108903151,1.0001061611816575
-0.1,1.0302198335855797,16.85,-0.34179933127338336,-0.009202310572341723,0.9992058612224538,1.00010515208439
-0.1,1.0302198335855797,16.900000000000002,-0.34088116358578974,-0.009161081966392145,0.9992134181502587,1.0001041553278047
-0.1,1.0302198335855797,16.95,-0.33996710714304773,-0.009120085426691812,0.9992208830928023,1.000103170728437
-0.1,1.0302198335855797,17.0,-0.3390571388138582,-0.009079319448308342,0.9992282574434337,1.000102198106003
-0.1,1.0302198335855797,17.05,-0.3381512356170779,-0.00903878253303302,0.9992355425703142,1.0001012372833376
-0.1,1.0302198335855797,17.1,-0.3372493747210382,-0.008998473189510027,0.9992427398169443,1.0001002880863303
-0.1,1.0302198335855797,17.150000000000002,-0.3363515334428544,-0.008958389933358448,0.9992498505026736,1.0000993503438695
-0.1,1.0302198335855797,17.2,-0.3354576892477214,-0.008918531287287318,0.9992568759232061,1.0000984238877817
-0.1,1.0302198335855797,17.25,-0.33456781974819827,-0.008878895781203853,0.9992638173510827,1.0000975085527721
-0.1,1.0302198335855797,17.3,-0.33368190270348497,-0.008839481952315313,0.9992706760361643,1.0000966041763748
-0.1,1.0302198335855797,17.35,-0.33279991601868486,-0.008800288345224467,0.9992774532060941,1.0000957105988904
-0.1,1.0302198335855797,17.400000000000002,-0.33192183774406375,-0.008761313512019179,0.9992841500667566,1.0000948276633381
-0.1,1.0302198335855797,17.45,-0.33104764607429477,-0.008722556012356102,0.9992907678027202,1.0000939552154016
-0.1,1.0302198335855797,17.5,-0.330177319347699,-0.008684014413538804,0.9992973075776737,1.0000930931033745
-0.1,1.0302198335855797,17.55,-0.3293108360454783,-0.008645687290590535,0.9993037705348491,1.000092241178117
-0.1,1.0302198335855797,17.6,-0.3284481747909384,-0.008607573226321786,0.9993101577974399,1.0000913992929992
-0.1,1.0302198335855797,17.650000000000002,-0.3275893143487101,-0.008569670811392907,0.9993164704690006,1.0000905673038587
-0.1,1.0302198335855797,17.7,-0.32673423362396053,-0.008531978644371841,0.999322709633854,1.0000897450689497
-0.1,1.0302198335855797,17.75,-0.32588291166160077,-0.008494495331787326,0.9993288763574667,1.000088932448899
-0.1,1.0302198335855797,17.8,-0.3250353276454885,-0.008457219488177578,0.9993349716868333,1.0000881293066601
-0.1,1.0302198335855797,17.85,-0.32419146089762585,-0.008420149736134775,0.9993409966508485,1.0000873355074709
-0.1,1.0302198335855797,17.900000000000002,-0.3233512908773518,-0.008383284706345308,0.9993469522606638,1.0000865509188066
-0.1,1.0302198335855797,17.95,-0.32251479718053244,-0.008346623037626193,0.9993528395100434,1.0000857754103403
-0.1,1.0302198335855797,18.0,-0.32168195953874745,-0.008310163376957584,0.9993586593757106,1.0000850088539026
-0.1,1.0302198335855797,18.05,-0.32085275781847206,-0.0082739043795117,0.9993644128176843,1.000084251123436
-0.1,1.0302198335855797,18.1,-0.3200271720202581,-0.00823784470867814,0.9993701007796102,1.0000835020949632
-0.1,1.0302198335855797,18.150000000000002,-0.31920518227791117,-0.008201983036085908,0.9993757241890815,1.0000827616465395
-0.1,1.0302198335855797,18.2,-0.3183867688576666,-0.008166318041622114,0.9993812839579588,1.0000820296582225
-0.1,1.0302198335855797,18.25,-0.3175719121573624,-0.00813084841344758,0.9993867809826739,1.0000813060120273
-0.1,1.0302198335855797,18.3,-0.31676059270561296,-0.008095572848009464,0.9993922161445353,1.0000805905918968
-0.1,1.0302198335855797,18.35,-0.3159527911609783,-0.008060490050050946,0.9993975903100217,1.0000798832836635
-0.1,1.0302198335855797,18.400000000000002,-0.31514848831113534,-0.00802559873261821,0.9994029043310714,1.0000791839750112
-0.1,1.0302198335855797,18.45,-0.3143476650720473,-0.007990897617064728,0.9994081590453648,1.0000784925554473
-0.1,1.0302198335855797,18.5,-0.3135503024871311,-0.007956385433052994,0.9994133552766002,1.0000778089162632
-0.1,1.0302198335855797,18.55,-0.31275638172642856,-0.007922060918553837,0.9994184938347619,1.0000771329505045
-0.1,1.0302198335855797,18.6,-0.3119658840857728,-0.007887922819843374,0.9994235755163902,1.0000764645529385
-0.1,1.0302198335855797,18.650000000000002,-0.3111787909859591,-0.007853969891497694,0.9994286011048332,1.0000758036200224
-0.1,1.0302198335855797,18.7,-0.3103950839719143,-0.007820200896385444,0.999433571370504,1.000075150049872
-0.1,1.0302198335855797,18.75,-0.3096147447118662,-0.007786614605658296,0.9994384870711267,1.0000745037422316
-0.1,1.0302198335855797,18.8,-0.30883775499651656,-0.007753209798739414,0.999443348951978,1.0000738645984448
-0.1,1.0302198335855797,18.85,-0.30806409673821333,-0.007719985263310125,0.9994481577461252,1.0000732325214252
-0.1,1.0302198335855797,18.900000000000002,-0.3072937519701244,-0.007686939795294693,0.9994529141746583,1.0000726074156294
-0.1,1.0302198335855797,18.95,-0.3065267028454133,-0.007654072198843364,0.999457618946914,1.0000719891870258
-0.1,1.0302198335855797,19.0,-0.3057629316364171,-0.007621381286313762,0.9994622727607011,1.000071377743069
-0.1,1.0302198335855797,19.05,-0.30500242073382583,-0.00758886587825074,0.9994668763025149,1.0000707729926748
-0.1,1.0302198335855797,19.1,-0.3042451526458641,-0.007556524803364676,0.9994714302477535,1.0000701748461913
-0.1,1.0302198335855797,19.150000000000002,-0.30349110999747425,-0.007524356898508291,0.9994759352609193,1.000069583215375
-0.1,1.0302198335855797,19.200000000000003,-0.3027402755295039,-0.007492361008652148,0.9994803919958307,1.0000689980133641
-0.1,1.0302198335855797,19.25,-0.30199263209789373,-0.007460535986858805,0.9994848010958153,1.000068419154655
-0.1,1.0302198335855797,19.3,-0.30124816267287,-0.007428880694255686,0.9994891631939089,1.000067846555078
-0.1,1.0302198335855797,19.35,-0.30050685033813884,-0.007397394000006832,0.9994934789130437,1.000067280131775
-0.1,1.0302198335855797,19.400000000000002,-0.299768678290083,-0.007366074781283385,0.9994977488662372,1.000066719803171
-0.1,1.0302198335855797,19.450000000000003,-0.2990336298369637,-0.007334921923233119,0.9995019736567743,1.0000661654889569
-0.1,1.0302198335855797,19.5,-0.29830168839812377,-0.007303934318948854,0.9995061538783864,1.000065617110065
-0.1,1.0302198335855797,19.55,-0.29757283750319447,-0.007273110869435909,0.9995102901154295,1.0000650745886486
-0.1,1.0302198335855797,19.6,-0.2968470607913074,-0.007242450483578654,0.9995143829430533,1.0000645378480575
-0.1,1.0302198335855797,19.650000000000002,-0.2961243420103062,-0.0072119520781061,0.9995184329273695,1.0000640068128195
-0.1,1.0302198335855797,19.700000000000003,-0.29540466501596613,-0.007181614577556762,0.999522440625618,1.000063481408619
-0.1,1.0302198335855797,19.75,-0.2946880137712153,-0.007151436914242631,0.9995264065863292,1.000062961562277
-0.1,1.0302198335855797,19.8,-0.293974372345358,-0.007121418028212432,0.9995303313494797,1.0000624472017303
-0.1,1.0302198335855797,19.85,-0.293263724913305,-0.007091556867214187,0.9995342154466484,1.0000619382560145
-0.1,1.0302198335855797,19.900000000000002,-0.2925560557548052,-0.007061852386657101,0.999538059401169,1.0000614346552412
-0.1,1.0302198335855797,19.950000000000003,-0.291851349253683,-0.007032303549572782,0.9995418637282772,1.0000609363305835
-0.1,1.0302198335855797,20.0,-0.29114958989707795,-0.007002909326575923,0.9995456289352568,1.0000604432142541
-0.1,1.0302198335855797,20.1,-0.2897548510780246,-0.006944580642978725,0.9995530439790595,1.0000594723405318
-0.1,1.0302198335855797,20.28615468146082,-0.28718929657686765,-0.006837607799579601,0.9995664492515797,1.0000577180149557
-0.1,1.0302198335855797,20.47403342090323,-0.28463997245787914,-0.006731722681676947,0.9995794740058448,1.000056014602906
-0.1,1.0302198335855797,20.663652185564246,-0.2821069874680715,-0.006626922277988938,0.9995921290608623,1.0000543606461343
-0.1,1.0302198335855797,20.855027090560313,-0.27959044836166647,-0.006523203336065335,0.9996044249158399,1.0000527547262066
-0.1,1.0302198335855797,21.04817440025684,-0.2770904599313969,-0.006420562376134344,0.9996163717596569,1.0000511954635507
-0.1,1.0302198335855797,21.243110529650455,-0.2746071250375134,-0.006318995704443315,0.9996279794800849,1.0000496815165107
-0.1,1.0302198335855797,21.439852045764102,-0.2721405446344938,-0.006218499426104524,0.9996392576727584,1.0000482115804261
-0.1,1.0302198335855797,21.638415669054964,-0.2696908177955169,-0.006119069457457217,0.9996502156498996,1.00004678438672
-0.1,1.0302198335855797,21.83881827483555,-0.2672580417347942,-0.006020701537956961,0.9996608624487978,1.000045398702012
-0.1,1.0302198335855797,22.04107689470784,-0.2648423118278939,-0.0059233912416034795,0.9996712068400653,1.0000440533272412
-0.1,1.0302198335855797,22.245208718010712,-0.26244372163018154,-0.005827133987917979,0.9996812573356552,1.0000427470968067
-0.1,1.0302198335855797,22.4512310932809,-0.2600623628934861,-0.005731925052480628,0.9996910221966563,1.0000414788777299
-0.1,1.0302198335855797,22.659161529727328,-0.2576983255810617,-0.0056377595770391335,0.9997005094408747,1.0000402475688277
-0.1,1.0302198335855797,22.86901769871915,-0.25535169788084644,-0.005544632579198829,0.9997097268501927,1.0000390520999
-0.1,1.0302198335855797,23.080817435287667,-0.25302256621698405,-0.005452538961704613,0.9997186819777274,1.0000378914309445
-0.1,1.0302198335855797,23.294578739641963,-0.25071101525951517,-0.0053614735213250945,0.9997273821547779,1.0000367645513732
-0.1,1.0302198335855797,23.510319778698783,-0.24841712793212803,-0.005271430957348839,0.9997358344975796,1.000035670479255
-0.1,1.0302198335855797,23.72805888762644,-0.24614098541786358,-0.005182405879702774,0.9997440459138601,1.0000346082605711
-0.1,1.0302198335855797,23.947814571403043,-0.24388266716269172,-0.005094392816702544,0.9997520231092061,1.000033576968486
-0.1,1.0302198335855797,24.169605506389228,-0.24164225087692864,-0.0050073862224444595,0.9997597725932469,1.0000325757026336
-0.1,1.0302198335855797,24.39345054191539,-0.2394198125345244,-0.004921380483848726,0.9997673006856558,1.0000316035884163
-0.1,1.0302198335855797,24.619368701883577,-0.23721542637031195,-0.004836369927363441,0.999774613521978,1.0000306597763273
-0.1,1.0302198335855797,24.847379186384366,-0.23502916487534756,-0.004752348825338599,0.9997817170592868,1.0000297434412793
-0.1,1.0302198335855797,25.077501373328523,-0.23286109879051245,-0.0046693114020794875,0.9997886170816679,1.0000288537819517
-0.1,1.0302198335855797,25.30975482009396,-0.23071129709853727,-0.004587251839588399,0.9997953192055518,1.0000279900201532
-0.1,1.0302198335855797,25.544159265187808,-0.2285798270145828,-0.004506164283003493,0.9998018288848745,1.0000271514001957
-0.1,1.0302198335855797,25.780734629923902,-0.22646675397547247,-0.00442604284574357,0.9998081514160951,1.0000263371882865
-0.1,1.0302198335855797,26.019501020115914,-0.22437214162760125,-0.004346881614367048,0.9998142919430587,1.0000255466719312
-0.1,1.0302198335855797,26.260478727786037,-0.22229605181349513,-0.004268674653153465,0.9998202554617088,1.0000247791593546
-0.1,1.0302198335855797,26.503688232889502,-0.22023854455693928,-0.004191416008415442,0.9998260468246616,1.0000240339789277
-0.1,1.0302198335855797,26.74915020505521,-0.21819967804657028,-0.004115099712549059,0.9998316707456436,1.0000233104786165
-0.1,1.0302198335855797,26.99688550534226,-0.21617950861782156,-0.004039719787830212,0.9998371318037866,1.000022608025438
-0.1,1.0302198335855797,27.246915188012967,-0.21417809073313657,-0.0039652702499645125,0.9998424344477992,1.0000219260049368
-0.1,1.0302198335855797,27.499260502322162,-0.2121954769604142,-0.003891745111398166,0.9998475830000028,1.0000212638206611
-0.1,1.0302198335855797,27.753942894323053,-0.210231717949711,-0.003819138384397091,0.9998525816602499,1.000020620893665
-0.1,1.0302198335855797,28.010984008689945,-0.2082868624082837,-0.0037474440839013667,0.9998574345097166,1.0000199966620178
-0.1,1.0302198335855797,28.270405690557713,-0.20636095707412325,-0.0036766562301621757,0.9998621455145822,1.0000193905803216
-0.1,1.0302198335855797,28.532229987378305,-0.20445404668815592,-0.003606768851168069,0.9998667185295863,1.0000188021192475
-0.1,1.0302198335855797,28.79647915079459,-0.20256617396530924,-0.0035377759848672628,0.9998711573014867,1.0000182307650785
-0.1,1.0302198335855797,29.063175638531384,-0.2006973795646214,-0.0034696716811927087,0.9998754654723959,1.0000176760192674
-0.1,1.0302198335855797,29.332342116304055,-0.1988477020585386,-0.0034024500038962505,0.9998796465830262,1.0000171373980014
-0.1,1.0302198335855797,29.604001459744886,-0.19701717790148385,-0.0033361050321981662,0.9998837040758186,1.0000166144317857
-0.1,1.0302198335855797,29.8781767563471,-0.19520584139772837,-0.003270630862258204,0.9998876412979834,1.0000161066650257
-0.1,1.0302198335855797,30.154891307427096,-0.19341372466852905,-0.0032060216084739725,0.9998914615044417,1.000015613655634
-0.1,1.0302198335855797,30.43416863010471,-0.19164085761846242,-0.0031422714046125616,0.9998951678606663,1.0000151349746353
-0.1,1.0302198335855797,30.716032459301825,-0.18988726790085636,-0.0030793744047809468,0.9998987634454424,1.0000146702057886
-0.1,1.0302198335855797,31.00050674975963,-0.18815298088223192,-0.003017324784240667,0.99990225125353,1.0000142189452186
-0.1,1.0302198335855797,31.287615678074335,-0.18643801960569512,-0.0029561167400723753,0.9999056341982495,1.0000137808010543
-0.1,1.0302198335855797,31.577383644751972,-0.18474240475326847,-0.0028957444916953732,0.9999089151139746,1.0000133553930803
-0.1,1.0302198335855797,31.869835276282085,-0.18306615460721257,-0.0028362022812476054,0.9999120967585503,1.0000129423523931
-0.1,1.0302198335855797,32.16499542723059,-0.18140928501045578,-0.0027774843738311975,0.9999151818156331,1.0000125413210708
-0.1,1.0302198335855797,32.462889182352235,-0.1797718093262957,-0.0027195850576287347,0.9999181728969496,1.0000121519518508
-0.1,1.0302198335855797,32.763541858722334,-0.1781537383975808,-0.002662498643895314,0.9999210725444861,1.0000117739078138
-0.1,1.0302198335855797,33.06697900788844,-0.1765550805055898,-0.002606219466831424,0.9999238832326055,1.0000114068620778
-0.1,1.0302198335855797,33.373226418041924,-0.174975841328813,-0.002550741883341455,0.9999266073700918,1.000011050497503
-0.1,1.0302198335855797,33.68231011620963,-0.1734160239018138,-0.0024960602726827323,0.9999292473021304,1.0000107045063995
-0.1,1.0302198335855797,33.99425637046573,-0.17187562857428945,-0.002442169036009785,0.9999318053122227,1.000010368590248
-0.1,1.0302198335855797,34.30909169216431,-0.1703546529703999,-0.0023890625958183855,0.9999342836240324,1.0000100424594243
-0.1,1.0302198335855797,34.62684283819243,-0.16885309194837186,-0.0023367353952940292,0.9999366844031765,1.0000097258329337
-0.1,1.0302198335855797,34.94753681324406,-0.16737093756034646,-0.002285181897569173,0.9999390097589534,1.000009418438154
-0.1,1.0302198335855797,35.2712008721152,-0.16590817901240665,-0.0022343965848937515,0.9999412617460126,1.0000091200105818
-0.1,1.0302198335855797,35.597862522020144,-0.16446480262472107,-0.0021843739577232096,0.9999434423659666,1.0000088302935881
-0.1,1.0302198335855797,35.927549524929255,-0.16304079179175446,-0.0021351085337284787,0.9999455535689539,1.000008549038181
-0.1,1.0302198335855797,36.26028989992831,-0.1616361269425409,-0.0020865948467321325,0.9999475972551419,1.000008276002776
-0.1,1.0302198335855797,36.59611192559986,-0.16025078550106034,-0.002038827445575024,0.9999495752761859,1.0000080109529694
-0.1,1.0302198335855797,36.93504414242648,-0.15888474184682325,-0.0019918008929177594,0.9999514894366307,1.0000077536613226
-0.1,1.0302198335855797,37.27711535521626,-0.15753796727582098,-0.0019455097639812426,0.9999533414952717,1.0000075039071463
-0.1,1.0302198335855797,37.62235463555102,-0.15621042996204246,-0.001899948645230677,0.9999551331664651,1.0000072614762996
-0.1,1.0302198335855797,37.97079132425686,-0.15490209491978696,-0.0018551121330072635,0.9999568661213931,1.000007026160987
-0.1,1.0302198335855797,38.32245503389777,-0.15361292396700676,-0.0018109948321119492,0.9999585419892882,1.0000067977595652
-0.1,1.0302198335855797,38.67737565129239,-0.15234287568989557,-0.0017675913543454878,0.9999601623586125,1.0000065760763532
-0.1,1.0302198335855797,39.03558334005395,-0.1510919054089116,-0.0017248963170091,0.9999617287781977,1.0000063609214505
-0.1,1.0302198335855797,39.3971085431537,-0.14985996514636749,-0.0016829043413699848,0.9999632427583467,1.00000615211056
-0.1,1.0302198335855797,39.761981985508335,-0.14864700359567767,-0.0016416100510958987,0.9999647057718928,1.0000059494648132
-0.1,1.0302198335855797,40.1302346765911,-0.14745296609229372,-0.001601008070663055,0.999966119255227,1.0000057528106028
-0.1,1.0302198335855797,40.50189791306716,-0.14627779458632467,-0.0015610930237415148,0.9999674846092862,1.0000055619794226
-0.1,1.0302198335855797,40.87700328145351,-0.14512142761681104,-0.0015218595315623197,0.9999688032005072,1.0000053768077066
-0.1,1.0302198335855797,41.25558266080338,-0.14398380028761484,-0.0014833022112705763,0.9999700763617488,1.0000051971366775
-0.1,1.0302198335855797,41.63766822541544,-0.14286484424490026,-0.0014454156742686854,0.999971305393178,1.0000050228121962
-0.1,1.0302198335855797,42.02329244756837,-0.14176448765620905,-0.0014081945245540807,0.9999724915631303,1.000004853684619
-0.1,1.0302198335855797,42.41248810028041,-0.14068265519117917,-0.001371633357055705,0.9999736361089372,1.000004689608658
-0.1,1.0302198335855797,42.80528826009479,-0.1396192680039976,-0.00133572675597356,0.9999747402377207,1.0000045304432443
-0.1,1.0302198335855797,43.20172630989064,-0.13857424371773286,-0.0013004692931257696,0.9999758051271673,1.0000043760513944
-0.1,1.0302198335855797,43.60183594172025,-0.13754749641072755,-0.0012658555263074757,0.9999768319262695,1.0000042263000863
-0.1,1.0302198335855797,44.00565115967241,-0.1365389366052636,-0.0012318799976660665,0.9999778217560429,1.0000040810601318
-0.1,1.0302198335855797,44.413206282762204,-0.1355484712587196,-0.0011985372320971143,0.9999787757102183,1.0000039402060594
-0.1,1.0302198335855797,44.824535947847835,-0.1345760037574377,-0.0011658217356655376,0.9999796948559112,1.000003803615995
-0.1,1.0302198335855797,45.23967511257426,-0.13362143391349113,-0.0011337279940563513,0.9999805802342626,1.0000036711715505
-0.1,1.0302198335855797,45.65865905834403,-0.1326846579645113,-0.0011022504710595207,0.9999814328610662,1.000003542757714
-0.1,1.0302198335855797,46.081523393315884,-0.1317655685766831,-0.0010713836070932446,0.9999822537273637,1.0000034182627424
-0.1,1.0302198335855797,46.50830405543093,-0.1308640548509759,-0.0010411218177701009,0.9999830438000284,1.00000329757806
-0.1,1.0302198335855797,46.93903731546684,-0.12998000233262913,-0.0010114594925104174,0.9999838040223252,1.0000031805981593
-0.1,1.0302198335855797,47.37375978012049,-0.12911329302387656,-0.0009823909932070896,0.9999845353144468,1.000003067220501
-0.1,1.0302198335855797,47.81250839511901,-0.12826380539987256,-0.0009539106529462855,0.9999852385740422,1.0000029573454234
-0.1,1.0302198335855797,48.25532044835962,-0.12743141442777176,-0.0009260127747881291,0.9999859146767149,1.0000028508760515
-0.1,1.0302198335855797,48.70223357307873,-0.1266159915889228,-0.000898691630611697,0.9999865644765169,1.000002747718208
-0.1,1.0302198335855797,49.15328575105025,-0.1258174049041546,-0.0008719414600284038,0.9999871888064149,1.000002647780328
-0.1,1.0302198335855797,49.608515315813406,-0.1250355189621647,-0.0008457564693680002,0.9999877884787488,1.0000025509733796
-0.1,1.0302198335855797,50.067960955930815,-0.1242701949510515,-0.0008201308307411438,0.9999883642856723,1.0000024572107797
-0.1,1.0302198335855797,50.5316617182763,-0.12352129069307202,-0.0007950586811826648,0.9999889169995801,1.0000023664083193
-0.1,1.0302198335855797,50.99965701135351,-0.12278866068273034,-0.0007705341218794006,0.9999894473735206,1.0000022784840907
-0.1,1.0302198335855797,51.47198660864504,-0.12207215612833063,-0.0007465512174864425,0.9999899561415964,1.0000021933584096
-0.1,1.0302198335855797,51.9486906519927,-0.12137162499713187,-0.0007231039955355717,0.9999904440193548,1.0000021109537534
-0.1,1.0302198335855797,52.429809655009066,-0.12068691206424229,-0.000700186445939467,0.999990911704161,1.0000020311946851
-0.1,1.0302198335855797,52.91538450652049,-0.12001785896537069,-0.0006777925205952119,0.9999913598755672,1.0000019540077936
-0.1,1.0302198335855797,53.40545647404229,-0.11936430425352489,-0.0006559161330903685,0.999991789195664,1.0000018793216292
-0.1,1.0302198335855797,53.90006720728585,-0.11872608345970917,-0.000634551158514799,0.9999922003094295,1.0000018070666423
-0.1,1.0302198335855797,54.39925874169825,-0.11810302915763007,-0.0006136914333812248,0.9999925938450602,1.0000017371751224
-0.1,1.0302198335855797,54.90307350203484,-0.11749497103237765,-0.0005933307556572309,0.999992970414302,1.0000016695811464
-0.1,1.0302198335855797,55.41155430596479,-0.11690173595300879,-0.0005734628849113055,0.999993330612764,1.000001604220516
-0.1,1.0302198335855797,55.924744367709856,-0.11632314804892752,-0.0005540815425752797,0.9999936750202328,1.000001541030712
-0.1,1.0302198335855797,56.442687301717264,-0.11575902878993537,-0.000535180412325168,0.9999940042009698,1.0000014799508397
-0.1,1.0302198335855797,56.96542712636624,-0.11520919706981217,-0.000516753140582374,0.9999943187040101,1.000001420921577
-0.1,1.0302198335855797,57.493008267708944,-0.11467346929328752,-0.0004987933371368039,0.999994619063449,1.0000013638851322
-0.1,1.0302198335855797,58.02547556324627,-0.11415165946627409,-0.00048129457589325903,0.9999949057987253,1.0000013087851929
-0.1,1.0302198335855797,58.562874265738245,-0.11364357928924748,-0.0004642503957421861,0.9999951794148951,1.0000012555668845
-0.1,1.0302198335855797,59.10525004705015,-0.1131490382536829,-0.00044765430155557735,0.9999954404029054,1.0000012041767266
-0.1,1.0302198335855797,59.65264900203377,-0.11266784374147812,-0.0004314997653085221,0.9999956892398568,1.0000011545625913
-0.1,1.0302198335855797,60.2051176524451,-0.1121998011273135,-0.00041578022732664154,0.9999959263892632,1.0000011066736632
-0.1,1.0302198335855797,60.76270295089797,-0.11174471388391496,-0.0004004890976592552,0.9999961523013119,1.0000010604604035
-0.1,1.0302198335855797,61.325452284854336,-0.11130238369019102,-0.00038561975757786396,0.9999963674131107,1.0000010158745107
-0.1,1.0302198335855797,61.89341348065174,-0.11087261054221462,-0.00037116556119915476,0.9999965721489381,1.000000972868886
-0.1,1.0302198335855797,62.466634807567864,-0.11045519286700847,-0.0003571198372314159,0.9999967669204869,1.0000009313975988
-0.1,1.0302198335855797,63.0451649819227,-0.1100499276390694,-0.00034347589084283194,0.9999969521271044,1.0000008914158545
-0.1,1.0302198335855797,63.629053171218956,-0.10965661049954414,-0.00033022700564981226,0.9999971281560305,1.000000852879963
-0.1,1.0302198335855797,64.21834899832058,-0.10927503587793218,-0.00031736644582313245,0.9999972953826326,1.0000008157473077
-0.1,1.0302198335855797,64.81310254566993,-0.10890499711615823,-0.00030488745830923203,0.9999974541706361,1.0000007799763169
-0.1,1.0302198335855797,65.4133643595444,-0.10854628659482242,-0.0002927832751636747,0.999997604872356,1.000000745526436
-0.1,1.0302198335855797,66.01918545435197,-0.10819869586140464,-0.00028104711599343955,0.9999977478289236,1.000000712358099
-0.1,1.0302198335855797,66.63061731696679,-0.10786201576017602,-0.00026967219050419796,0.9999978833705074,1.000000680432706
-0.1,1.0302198335855797,67.24771191110499,-0.10753603656354932,-0.0002586517011485321,0.9999980118165426,1.0000006497125942
-0.1,1.0302198335855797,67.87052168174088,-0.10722054810459371,-0.0002479788458705546,0.9999981334759459,1.0000006201610174
-0.1,1.0302198335855797,68.49909955956402,-0.10691533991043586,-0.00023764682094211373,0.9999982486473391,1.000000591742122
-0.1,1.0302198335855797,69.13349896547759,-0.10662020133627532,-0.00022764882388535016,0.9999983576192633,1.0000005644209247
-0.1,1.0302198335855797,69.77377381513884,-0.10633492169975574,-0.00021797805647613897,0.999998460670397,1.0000005381632917
-0.1,1.0302198335855797,70.41997852354069,-0.10605929041544872,-0.0002086277278225458,0.9999985580697688,1.0000005129359195
-0.1,1.0302198335855797,71.0721680096366,-0.10579309712922723,-0.00019959105751213003,0.9999986500769706,1.0000004887063134
-0.1,1.0302198335855797,71.73039770100793,-0.10553613185232387,-0.00019086127882171549,0.999998736942371,1.000000465442772
-0.1,1.0302198335855797,72.39472353857458,-0.10528818509488586,-0.0001824316419828486,0.9999988189073228,1.0000004431143654
-0.1,1.0302198335855797,73.06520198134909,-0.10504904799885346,-0.00017429541749600333,0.9999988962043725,1.0000004216909222
-0.1,1.0302198335855797,73.74189001123509,-0.10481851246999456,-0.00016644589948635704,0.9999989690574697,1.0000004011430086
-0.1,1.0302198335855797,74.42484513786997,-0.1045963713089329,-0.00015887640909359804,0.9999990376821719,1.000000381441919
-0.1,1.0302198335855797,75.11412540351232,-0.10438241834100177,-0.00015158029788827268,0.9999991022858495,1.0000003625596527
-0.1,1.0302198335855797,75.80978938797494,-0.10417644854475089,-0.00014455095130673623,0.9999991630678897,1.0000003444689067
-0.1,1.0302198335855797,76.51189621360336,-0.10397825817891637,-0.00013778179209680754,0.9999992202198991,1.0000003271430566
-0.1,1.0302198335855797,77.22050555030022,-0.10378764490765399,-0.00013126628376602874,0.9999992739259042,1.0000003105561464
-0.1,1.0302198335855797,77.93567762059672,-0.10360440792381678,-0.00012499793402433166,0.9999993243625517,1.0000002946828725
-0.1,1.0302198335855797,78.65747320477065,-0.10342834807004332,-0.00011897029821284474,0.9999993716993064,1.0000002794985747
-0.1,1.0302198335855797,79.38595364601184,-0.10325926795741085,-0.00011317698271054457,0.9999994160986468,1.0000002649792208
-0.1,1.0302198335855797,80.12118085563553,-0.10309697208139885,-0.00010761164831044954,0.9999994577162626,1.0000002511013963
-0.1,1.0302198335855797,80.86321731834431,-0.10294126693490228,-0.0001022680135570732,0.9999994967012443,1.0000002378422932
-0.1,1.0302198335855797,81.61212609753805,-0.10279196111803858,-9.713985803688852e-05,0.999999533196278,1.0000002251797
-0.1,1.0302198335855797,82.36797084067375,-0.10264886544449672,-9.222102561368561e-05,0.9999995673378321,1.0000002130919876
-0.1,1.0302198335855797,83.13081578467474,-0.10251179304419225,-8.750542760083626e-05,0.9999995992563495,1.0000002015581038
-0.1,1.0302198335855797,83.90072576138992,-0.10238055946200819,-8.298704586254503e-05,0.9999996290764274,1.000000190557559
-0.1,1.0302198335855797,84.67776620310352,-0.10225498275242464,-7.865993583650807e-05,0.9999996569170071,1.0000001800704201
-0.1,1.0302198335855797,85.46200314809617,-0.10213488356986457,-7.451822947047595e-05,0.9999996828915497,1.0000001700772971
-0.1,1.0302198335855797,86.25350324625728,-0.10202008525460904,-7.055613806555261e-05,0.9999997071082201,1.0000001605593376
-0.1,1.0302198335855797,87.05233376474918,-0.10191041391416171,-6.676795501933643e-05,0.9999997296700609,1.000000151498214
-0.1,1.0302198335855797,87.85856259372419,-0.1018056984999663,-6.314805846227323e-05,0.9999997506751667,1.0000001428761187
-0.1,1.0302198335855797,88.67225825209441,-0.1017057708794063,-5.969091378096047e-05,0.9999997702168586,1.0000001346757517
-0.1,1.0302198335855797,89.49348989335462,-0.10161046590303163,-5.639107602252012e-05,0.9999997883838501,1.0000001268803131
-0.1,1.0302198335855797,90.32232731145982,-0.10151962146697731,-5.324319217446612e-05,0.9999998052604158,1.000000119473496
-0.1,1.0302198335855797,91.15884094675663,-0.1014330785705486,-5.0242003314963414e-05,0.9999998209265524,1.0000001124394753
-0.1,1.0302198335855797,92.0031018919696,-0.10135068136895765,-4.738234662876443e-05,0.9999998354581429,1.0000001057629027
-0.1,1.0302198335855797,92.85518189824359,-0.10127227722120113,-4.4659157284544107e-05,0.9999998489271119,1.0000000994288953
-0.1,1.0302198335855797,93.71515338124135,-0.10119771673307235,-4.206747016981313e-05,0.9999998614015808,1.00000009342303
-0.1,1.0302198335855797,94.58308942729796,-0.10112685379530265,-3.9602421480051955e-05,0.9999998729460189,1.000000087731334
-0.1,1.0302198335855797,95.45906379963219,-0.10105954561682738,-3.725925015919491e-05,0.9999998836213919,1.0000000823402753
-0.1,1.0302198335855797,96.34315094461576,-0.10099565275317268,-3.503329918904687e-05,0.9999998934853068,1.0000000772367588
-0.1,1.0302198335855797,97.23542599809973,-0.10093503912996238,-3.2920016725776935e-05,0.9999999025921555,1.000000072408114
-0.1,1.0302198335855797,98.13596479180039,-0.10087757206154568,-3.0914957082022856e-05,0.9999999109932488,1.0000000678420897
-0.1,1.0302198335855797,99.04484385974408,-0.10082312226475561,-2.9013781553774503e-05,0.9999999187369543,1.0000000635268456
-0.1,1.0302198335855797,99.96214044477135,-0.10077156386781379,-2.7212259091581438e-05,0.9999999258688275,1.0000000594509417
-0.1,1.0302198335855797,100.88793250510167,-0.10072277441441145,-2.5506266816238926e-05,0.9999999324317396,1.000000055603335
-0.1,1.0302198335855797,101.82229872095873,-0.1006766348630073,-2.3891790379474348e-05,0.9999999384659995,1.0000000519733683
-0.1,1.0302198335855797,102.76531850125772,-0.10063302958140409,-2.2364924170824145e-05,0.9999999440094766,1.000000048550761
-0.1,1.0302198335855797,103.71707199035326,-0.10059184633667839,-2.092187137215656e-05,0.9999999490977182,1.0000000453256057
-0.1,1.0302198335855797,104.67764007485148,-0.10055297628056223,-1.955894386195084e-05,0.9999999537640598,1.0000000422883564
-0.1,1.0302198335855797,105.64710439048359,-0.10051631393039209,-1.827256197178322e-05,0.9999999580397395,1.000000039429821
-0.1,1.0302198335855797,106.62554732904427,-0.1004817571457617,-1.7059254097948964e-05,0.9999999619539996,1.0000000367411552
-0.1,1.0302198335855797,107.61305204539366,-0.10044920710103271,-1.5915656171567974e-05,0.9999999655341925,1.0000000342138538
-0.1,1.0302198335855797,108.60970246452491,-0.10041856825387456,-1.4838510990896829e-05,0.9999999688058775,1.000000031839739
-0.1,1.0302198335855797,109.61558328869602,-0.10038974831001928,-1.3824667419977006e-05,0.9999999717929179,1.0000000296109595
-0.1,1.0302198335855797,110.63078000462876,-0.10036265818442772,-1.2871079458080756e-05,0.9999999745175718,1.0000000275199754
-0.1,1.0302198335855797,111.65537889077429,-0.10033721195907444,-1.1974805184747603e-05,0.9999999770005815,1.0000000255595556
-0.1,1.0302198335855797,112.68946702464496,-0.10031332683756242,-1.113300558548732e-05,0.999999979261257,1.0000000237227669
-0.1,1.0302198335855797,113.73313229021528,-0.10029092309678221,-1.0342943263546851e-05,0.9999999813175601,1.0000000220029666
-0.1,1.0302198335855797,114.78646338539066,-0.10026992403583065,-9.601981043311448e-06,0.9999999831861782,1.0000000203937944
-0.1,1.0302198335855797,115.84954982954602,-0.10025025592240103,-8.907580471188528e-06,0.9999999848826052,1.0000000188891658
-0.1,1.0302198335855797,116.92248197113297,-0.10023184793685291,-8.25730021997891e-06,0.9999999864212071,1.0000000174832622
-0.1,1.0302198335855797,118.00535099535914,-0.10021463211416339,-7.648794402892826e-06,0.9999999878152951,1.000000016170524
-0.1,1.0302198335855797,119.09824893193696,-0.10019854328395499,-7.079810803513014e-06,0.9999999890771889,1.0000000149456445
-0.1,1.0302198335855797,120.2012686629055,-0.10018351900878823,-6.548189028102101e-06,0.9999999902182773,1.0000000138035585
-0.1,1.0302198335855797,121.31450393052383,-0.10016949952089839,-6.051858586691965e-06,0.9999999912490823,1.0000000127394386
-0.1,1.0302198335855797,122.43804934523853,-0.1001564276575509,-5.588836909520989e-06,0.9999999921793105,1.0000000117486847
-0.1,1.0302198335855797,123.5720003937234,-0.10014424879518173,-5.157227305243707e-06,0.9999999930179095,1.0000000108269171
-0.1,1.0302198335855797,124.7164534469956,-0.10013291078248523,-4.7552168675370326e-06,0.9999999937731172,1.0000000099699704
-0.1,1.0302198335855797,125.87150576860506,-0.10012236387260595,-4.381074336487609e-06,0.9999999944525114,1.0000000091738839
-0.1,1.0302198335855797,127.03725552290106,-0.10011256065459044,-4.033147921187457e-06,0.9999999950630539,1.0000000084348974
-0.1,1.0302198335855797,128.21380178337475,-0.10010345598425022,-3.709863089909101e-06,0.9999999956111343,1.0000000077494395
-0.1,1.0302198335855797,129.40124454107954,-0.10009500691458709,-3.40972033401522e-06,0.9999999961026114,1.0000000071141255
-0.1,1.0302198335855797,130.59968471312828,-0.10008717262593221,-3.1312929117319324e-06,0.9999999965428493,1.0000000065257477
-0.1,1.0302198335855797,131.8092241512703,-0.10007991435594794,-2.8732245776892137e-06,0.9999999969367565,1.000000005981267
-0.1,1.0302198335855797,133.02996565054787,-0.1000731953296434,-2.6342273040254873e-06,0.9999999972888156,1.000000005477811
-0.1,1.0302198335855797,134.26201295803162,-0.10006698068955275,-2.4130789986103326e-06,0.9999999976031204,1.0000000050126638
-0.1,1.0302198335855797,135.5054707816382,-0.10006123742622457,-2.2086212257848346e-06,0.999999997883402,1.0000000045832576
-0.1,1.0302198335855797,136.76044479902887,-0.10005593430916958,-2.0197569347672674e-06,0.9999999981330573,1.000000004187173
-0.1,1.0302198335855797,138.02704166659132,-0.10005104181840986,-1.8454482006582444e-06,0.9999999983551765,1.0000000038221264
-0.1,1.0302198335855797,139.30536902850287,-0.10004653207676892,-1.6847139827411503e-06,0.9999999985525668,1.0000000034859668
-0.1,1.0302198335855797,140.5955355258802,-0.10004237878303746,-1.5366279045358526e-06,0.9999999987277752,1.000000003176669
-0.1,1.0302198335855797,141.8976508060113,-0.1000385571461425,-1.4003160597064453e-06,0.9999999988831105,1.0000000028923302
-0.1,1.0302198335855797,143.21182553167466,-0.10003504382043818,-1.2749548478848736e-06,0.9999999990206616,1.0000000026311604
-0.1,1.0302198335855797,144.53817139054382,-0.10003181684222953,-1.159768843890037e-06,0.999999999142318,1.0000000023914812
-0.1,1.0302198335855797,145.87680110468003,-0.10002885556763,-1.0540287038553826e-06,0.9999999992497852,1.0000000021717161
-0.1,1.0302198335855797,147.22782844011104,-0.10002614061184016,-9.570491112523934e-07,0.9999999993446008,1.0000000019703894
-0.1,1.0302198335855797,148.59136821650102,-0.10002365378992735,-8.681867657135319e-07,0.9999999994281503,1.0000000017861188
-0.1,1.0302198335855797,149.9675363169076,-0.10002137805917086,-7.868384171407513e-07,0.9999999995016806,1.0000000016176107
-0.1,1.0302198335855797,151.35644969763095,-0.10001929746302726,-7.124389474055681e-07,0.9999999995663107,1.000000001463659
-0.1,1.0302198335855797,152.75822639815343,-0.10001739707675843,-6.44459501629828e-07,0.9999999996230455,1.000000001323134
-0.1,1.0302198335855797,154.17298555117182,-0.100015662954753,-5.82405670800667e-07,0.9999999996727852,1.0000000011949843
-0.1,1.0302198335855797,155.60084739272125,-0.10001408207956292,-5.25815727183845e-07,0.9999999997163345,1.00000000107823
-0.1,1.0302198335855797,157.0419332723941,-0.10001264231266516,-4.742589137799126e-07,0.999999999754414,1.000000000971957
-0.1,1.0302198335855797,158.4963656636536,-0.10001133234695202,-4.2733378883317896e-07,0.9999999997876671,1.0000000008753185
-0.1,1.0302198335855797,159.96426817424148,-0.1000101416609444,-3.84666626098132e-07,0.9999999998166649,1.0000000007875247
-0.1,1.0302198335855797,161.44576555668382,-0.10000906047471646,-3.459098714572396e-07,0.9999999998419179,1.0000000007078442
-0.1,1.0302198335855797,162.94098371889282,-0.10000807970751509,-3.107406561698085e-07,0.9999999998638803,1.0000000006355971
-0.1,1.0302198335855797,164.4500497348682,-0.10000719093705235,-2.7885936687060283e-07,0.9999999998829533,1.0000000005701566
-0.1,1.0302198335855797,165.97309185549548,-0.10000638636044751,-2.4998827228631583e-07,0.9999999998994947,1.000000000510939
-0.1,1.0302198335855797,167.5102395194472,-0.10000565875679043,-2.2387020633903165e-07,0.9999999999138197,1.0000000004574081
-0.1,1.0302198335855797,169.06162336418203,-0.1000050014512994,-2.0026730729749494e-07,0.9999999999262078,1.0000000004090666
-0.1,1.0302198335855797,170.6273752370482,-0.10000440828104298,-1.7895981232892874e-07,0.9999999999369049,1.0000000003654559
-0.1,1.0302198335855797,172.20762820648835,-0.10000387356219645,-1.597449067660506e-07,0.9999999999461294,1.0000000003261544
-0.1,1.0302198335855797,173.80251657334924,-0.10000339205880276,-1.424356272150104e-07,0.9999999999540721,1.000000000290774
-0.1,1.0302198335855797,175.41217588229446,-0.10000295895300804,-1.2685981752826386e-07,0.9999999999609008,1.0000000002589553
-0.1,1.0302198335855797,177.0367429333253,-0.10000256981674129,-1.1285913656584833e-07,0.9999999999667635,1.000000000230372
-0.1,1.0302198335855797,178.67635579340572,-0.1000022205848091,-1.0028811652641398e-07,0.9999999999717902,1.0000000002047225
-0.1,1.0302198335855797,180.33115380819694,-0.1000019075293742,-8.901327062970942e-08,0.9999999999760916,1.00000000018173
-0.1,1.0302198335855797,182.00127761389967,-0.1000016272357879,-7.89122487339583e-08,0.9999999999797691,1.0000000001611429
-0.1,1.0302198335855797,183.68686914920713,-0.10000137657974513,-6.987303953768234e-08,0.9999999999829084,1.0000000001427292
-0.1,1.0302198335855797,185.38807166736675,-0.10000115270572973,-6.179321786650577e-08,0.9999999999855835,1.0000000001262779
-0.1,1.0302198335855797,187.10502974835543,-0.1000009530067163,-5.457923550505379e-08,0.9999999999878602,1.0000000001115967
-0.1,1.0302198335855797,188.83788931116757,-0.10000077510509402,-4.8145754102578635e-08,0.9999999999897949,1.0000000000985096
-0.1,1.0302198335855797,190.58679762621514,-0.10000061683477574,-4.241501847771038e-08,0.9999999999914366,1.0000000000868576
-0.1,1.0302198335855797,192.35190332784438,-0.10000047622445345,-3.731626880580915e-08,0.9999999999928283,1.0000000000764953
-0.1,1.0302198335855797,194.13335642696757,-0.10000035148195954,-3.2785190041267246e-08,0.9999999999940056,1.0000000000672902
-0.1,1.0302198335855797,195.93130832381254,-0.10000024097969264,-2.876339698339397e-08,0.9999999999950002,1.0000000000591232
-0.1,1.0302198335855797,197.74591182078862,-0.10000014324106142,-2.5197953370593372e-08,0.9999999999958393,1.000000000051885
-0.1,1.0302198335855797,199.5773211354742,-0.10000005692790306,-2.2040923419511712e-08,0.9999999999965465,1.0000000000454787
-0.1,1.0302198335855797,201.42569191372198,-0.09999998082882632,-1.9248954230624782e-08,0.9999999999971407,1.000000000039815
-0.1,1.0302198335855797,203.29118124288746,-0.09999991384843279,-1.678288749186347e-08,0.99999999999764,1.0000000000348142
-0.1,1.0302198335855797,205.1739476651793,-0.09999985499736502,-1.4607398975213025e-08,0.9999999999980577,1.0000000000304037
-0.1,1.0302198335855797,207.07415119113296,-0.09999980338313291,-1.2690664314302826e-08,0.9999999999984074,1.000000000026519
-0.1,1.0302198335855797,208.99195331321022,-0.09999975820166764,-1.1004049599190762e-08,0.999999999998699,1.000000000023101
-0.1,1.0302198335855797,210.92751701952352,-0.0999997187295543,-9.521825379287746e-09,0.999999999998942,1.000000000020099
-0.1,1.0302198335855797,212.88100680768738,-0.09999968431689359,-8.220902686145203e-09,0.9999999999991428,1.000000000017464
-0.1,1.0302198335855797,214.8525886987991,-0.09999965438074683,-7.080589749879621e-09,0.9999999999993096,1.0000000000151554
-0.1,1.0302198335855797,216.84243025154836,-0.0999996283991173,-6.082368094945586e-09,0.999999999999446,1.000000000013135
-0.1,1.0302198335855797,218.85070057645706,-0.09999960590542477,-5.209686814060909e-09,0.9999999999995588,1.0000000000113682
-0.1,1.0302198335855797,220.87757035025237,-0.09999958648343195,-4.447773798963991e-09,0.99999999999965,1.0000000000098264
-0.1,1.0302198335855797,222.92321183037146,-0.09999956976258491,-3.783462793121684e-09,0.9999999999997242,1.0000000000084823
-0.1,1.0302198335855797,224.9877988696007,-0.09999955541372987,-3.205035202924e-09,0.9999999999997837,1.000000000007312
-0.1,1.0302198335855797,227.07150693085165,-0.0999995431451756,-2.702075580233369e-09,0.9999999999998315,1.0000000000062945
-0.1,1.0302198335855797,229.17451310207272,-0.09999953269906958,-2.265339843052464e-09,0.9999999999998693,1.0000000000054112
-0.1,1.0302198335855797,231.29699611129922,-0.09999952384806195,-1.886635264587264e-09,0.9999999999998987,1.000000000004645
-0.1,1.0302198335855797,233.4391363418438,-0.09999951639223269,-1.5587113578547316e-09,0.9999999999999218,1.0000000000039817
-0.1,1.0302198335855797,235.60111584762504,-0.09999951015626085,-1.275160817508554e-09,0.9999999999999388,1.0000000000034082
-0.1,1.0302198335855797,237.78311836864148,-0.0999995049868173,-1.030329738968492e-09,0.999999999999952,1.0000000000029132
-0.1,1.0302198335855797,239.98532934658564,-0.09999950075016374,-8.192363631879177e-10,0.9999999999999616,1.0000000000024862
-0.1,1.0302198335855797,242.20793594060487,-0.0999994973299451,-6.374976528836237e-10,0.9999999999999692,1.0000000000021185
-0.1,1.0302198335855797,244.4511270432073,-0.09999949462516242,-4.812630796493429e-10,0.9999999999999748,1.0000000000018028
-0.1,1.0302198335855797,246.71509329631496,-0.09999949254831525,-3.4715496336158705e-10,0.9999999999999788,1.0000000000015312
-0.1,1.0302198335855797,249.00002710746668,-0.09999949102370542,-2.3221484851945942e-10,0.999999999999982,1.0000000000012987
-0.1,1.0302198335855797,251.3061226661696,-0.09999948998589309,-1.3385535042387731e-10,0.9999999999999849,1.0000000000011
-0.1,1.0302198335855797,253.6335759604023,-0.09999948937829832,-4.9817028580753284e-11,0.9999999999999871,1.00000000000093
-0.1,1.0302198335855797,255.98258479327197,-0.09999948915194101,2.187023138873771e-11,0.9999999999999898,1.0000000000007845
-0.1,1.0302198335855797,258.3533487998248,-0.09999948926431385,8.29216719995289e-11,0.9999999999999926,1.0000000000006612
-0.1,1.0302198335855797,260.7460694640121,-0.09999948967838043,1.3482840673495252e-10,0.9999999999999958,1.0000000000005558
-0.1,1.0302198335855797,263.1609501358149,-0.09999949036169468,1.7888476308638647e-10,0.9999999999999992,1.000000000000467
-0.1,1.0302198335855797,265.59819604852424,-0.09999949128563296,2.1621257431886383e-10,1.000000000000003,1.0000000000003915
-0.1,1.0302198335855797,268.0580143361851,-0.09999949242473413,2.477827293184171e-10,1.0000000000000078,1.000000000000327
-0.1,1.0302198335855797,270.5406140511989,-0.09999949375613988,2.7443423198359123e-10,1.0000000000000122,1.0000000000002733
-0.1,1.0302198335855797,273.0462061820903,-0.09999949525912885,2.9689104644924633e-10,1.0000000000000169,1.0000000000002278
-0.1,1.0302198335855797,275.57500367143905,-0.09999949691473664,3.1577694819878514e-10,1.000000000000022,1.0000000000001898
-0.1,1.0302198335855797,278.1272214339776,-0.09999949870545403,3.3162859443445064e-10,1.0000000000000273,1.0000000000001577
-0.1,1.0302198335855797,280.7030763748543,-0.09999950061499648,3.449070006736304e-10,1.000000000000032,1.0000000000001306
-0.1,1.0302198335855797,283.30278740807006,-0.09999950262813505,3.560076114791571e-10,1.0000000000000373,1.0000000000001081
-0.1,1.0302198335855797,285.9265754750807,-0.0999995047305827,3.6526909813239373e-10,1.0000000000000417,1.0000000000000897
-0.1,1.0302198335855797,288.57466356357577,-0.09999950690892592,3.7298105957129825e-10,1.0000000000000466,1.0000000000000744
-0.1,1.0302198335855797,291.24727672642865,-0.09999950915059481,3.7939072035511957e-10,1.0000000000000502,1.0000000000000615
-0.1,1.0302198335855797,293.94464210082356,-0.09999951144386375,3.8470877094842317e-10,1.0000000000000537,1.0000000000000506
-0.1,1.0302198335855797,296.6669889275594,-0.09999951377787444,3.891144223602879e-10,1.0000000000000562,1.000000000000042
-0.1,1.0302198335855797,299.4145485705322,-0.09999951614267501,3.927598206385742e-10,1.0000000000000584,1.0000000000000349
-0.1,1.0302198335855797,302.18755453639716,-0.09999951852926835,3.9577383516141746e-10,1.00000000000006,1.0000000000000286
-0.1,1.0302198335855797,304.9862424944146,-0.0999995209296636,3.9826535564406206e-10,1.0000000000000606,1.000000000000024
-0.1,1.0302198335855797,307.81085029647846,-0.09999952333692601,4.003261325803874e-10,1.0000000000000606,1.0000000000000204
-0.1,1.0302198335855797,310.6616179973303,-0.09999952574521989,4.020332199786283e-10,1.0000000000000597,1.0000000000000169
-0.1,1.0302198335855797,313.5387878749621,-0.09999952814984121,4.03451100440498e-10,1.000000000000058,1.0000000000000147
-0.1,1.0302198335855797,316.44260445120455,-0.09999953054723705,4.046334905776991e-10,1.0000000000000566,1.0000000000000127
-0.1,1.0302198335855797,319.3733145125105,-0.09999953293500877,4.0562491378113475e-10,1.0000000000000537,1.0000000000000107
-0.1,1.0302198335855797,322.3311671309267,-0.09999953531189888,4.0646204549108056e-10,1.0000000000000506,1.0000000000000093
-0.1,1.0302198335855797,325.31641368526283,-0.09999953767775874,4.0717487568256654e-10,1.000000000000047,1.000000000000008
-0.1,1.0302198335855797,328.32930788245454,-0.09999954003349874,4.077877099547155e-10,1.0000000000000429,1.000000000000007
-0.1,1.0302198335855797,331.37010577912685,-0.09999954238102104,4.083200284066885e-10,1.0000000000000389,1.0000000000000062
-0.1,1.0302198335855797,334.4390658033531,-0.09999954472313508,4.0878723638062506e-10,1.0000000000000344,1.0000000000000053
-0.1,1.0302198335855797,337.53644877662083,-0.09999954706345889,4.0920130871865555e-10,1.0000000000000302,1.000000000000005
-0.1,1.0302198335855797,340.66251793599554,-0.09999954940630691,4.0957134141041247e-10,1.0000000000000258,1.0000000000000044
-0.1,1.0302198335855797,343.81753895649405,-0.09999955175656795,4.099040438401457e-10,1.0000000000000218,1.0000000000000036
-0.1,1.0302198335855797,347.00177997366285,-0.09999955411957434,4.1020415675790407e-10,1.0000000000000173,1.0000000000000029
-0.1,1.0302198335855797,350.2155116063659,-0.09999955650096663,4.104748141821254e-10,1.0000000000000138,1.0000000000000027
-0.1,1.0302198335855797,353.4590069797847,-0.09999955890655578,4.10717873449627e-10,1.0000000000000107,1.0000000000000018
-0.1,1.0302198335855797,356.73254174862967,-0.09999956134218589,4.109341779838701e-10,1.0000000000000084,1.0000000000000016
-0.1,1.0302198335855797,360.0363941205664,-0.09999956381360028,4.111238090805023e-10,1.0000000000000058,1.0000000000000009
-0.1,1.0302198335855797,363.37084487986095,-0.09999956632631404,4.1128629367305886e-10,1.000000000000004,1.0000000000000002
-0.1,1.0302198335855797,366.73617741124224,-0.09999956888549422,4.114207768021857e-10,1.0000000000000033,0.9999999999999998
-0.1,1.0302198335855797,370.13267772398575,-0.09999957149585159,4.115261897753264e-10,1.0000000000000029,0.9999999999999996
-0.1,1.0302198335855797,373.5606344762222,-0.09999957416154488,4.116013722966966e-10,1.0000000000000029,0.9999999999999988
-0.1,1.0302198335855797,377.02033899946696,-0.09999957688609896,4.1164519217184304e-10,1.0000000000000033,0.999999999999998
-0.1,1.0302198335855797,380.5120853233824,-0.099999579672339,4.116566273587108e-10,1.0000000000000053,0.9999999999999979
-0.1,1.0302198335855797,384.03617020076405,-0.0999995825223403,4.1163485234376436e-10,1.000000000000007,0.9999999999999971
-0.1,1.0302198335855797,387.5928931327621,-0.09999958543739611,4.1157929060415926e-10,1.0000000000000095,0.9999999999999966
-0.1,1.0302198335855797,391.18255639433437,-0.0999995884180015,4.114896594806996e-10,1.0000000000000124,0.9999999999999957
-0.1,1.0302198335855797,394.8054650599374,-0.09999959146385483,4.113660033202565e-10,1.0000000000000158,0.9999999999999957
-0.1,1.0302198335855797,398.4619270294508,-0.09999959457387499,4.1120870874147537e-10,1.0000000000000193,0.9999999999999951
-0.1,1.0302198335855797,402.15225305434814,-0.09999959774623447,4.11018512282266e-10,1.000000000000023,0.999999999999994
-0.1,1.0302198335855797,405.87675676410373,-0.09999960097840703,4.1079650177256987e-10,1.0000000000000273,0.9999999999999938
-0.1,1.0302198335855797,409.6357546928489,-0.09999960426722754,4.1054409794129653e-10,1.000000000000031,0.9999999999999937
-0.1,1.0302198335855797,413.4295663062725,-0.0999996076089641,4.102630335639854e-10,1.0000000000000355,0.9999999999999932
-0.1,1.0302198335855797,417.25851402877123,-0.0999996109993993,4.09955336132547e-10,1.0000000000000397,0.9999999999999928
-0.1,1.0302198335855797,421.12292327085265,-0.09999961443391944,4.0962328227962654e-10,1.0000000000000433,0.9999999999999921
-0.1,1.0302198335855797,425.02312245678996,-0.09999961790760993,4.0926936929437333e-10,1.0000000000000475,0.999999999999992
-0.1,1.0302198335855797,428.95944305253283,-0.09999962141535346,4.088962662109612e-10,1.0000000000000508,0.9999999999999918
-0.1,1.0302198335855797,432.9322195938791,-0.09999962495193171,4.085067784380189e-10,1.0000000000000542,0.9999999999999917
-0.1,1.0302198335855797,436.9417897149054,-0.09999962851212532,4.0810379419797567e-10,1.000000000000057,0.9999999999999915
-0.1,1.0302198335855797,440.98849417666133,-0.09999963209081304,4.0769023822830336e-10,1.000000000000059,0.9999999999999913
-0.1,1.0302198335855797,445.0726768961314,-0.09999963568306679,4.072690315443709e-10,1.0000000000000617,0.9999999999999915
-0.1,1.0302198335855797,449.19468497546023,-0.09999963928424072,4.068430414130289e-10,1.0000000000000626,0.9999999999999911
-0.1,1.0302198335855797,453.3548687314555,-0.09999964289005493,4.0641503656210224e-10,1.0000000000000637,0.9999999999999907
-0.1,1.0302198335855797,457.55358172535705,-0.09999964649666931,4.059876454845175e-10,1.0000000000000646,0.9999999999999911
-0.1,1.0302198335855797,461.7911807928867,-0.09999965010074945,4.055633237205713e-10,1.0000000000000644,0.999999999999991
-0.1,1.0302198335855797,466.0680260745743,-0.09999965369952173,4.051443108335475e-10,1.0000000000000637,0.9999999999999912
-0.1,1.0302198335855797,470.3844810463644,-0.0999996572908178,4.047326073522181e-10,1.000000000000063,0.9999999999999912
-0.1,1.0302198335855797,474.7409125505084,-0.09999966087310792,4.0432994348223504e-10,1.0000000000000617,0.9999999999999915
-0.1,1.0302198335855797,479.1376908267404,-0.09999966444552229,4.0393775898615704e-10,1.0000000000000597,0.9999999999999913
-0.1,1.0302198335855797,483.57518954374194,-0.09999966800786153,4.03557186431107e-10,1.0000000000000575,0.9999999999999916
-0.1,1.0302198335855797,488.0537858309,-0.099999671560595,4.031890389806169e-10,1.0000000000000548,0.9999999999999913
-0.1,1.0302198335855797,492.5738603103579,-0.09999967510484854,4.0283380384629365e-10,1.000000000000052,0.9999999999999919
-0.1,1.0302198335855797,497.1357971293627,-0.09999967864238155,4.0249164028373416e-10,1.0000000000000488,0.9999999999999917
-0.1,1.0302198335855797,501.7399839929145,-0.09999968217555405,4.0216238013093823e-10,1.0000000000000453,0.9999999999999919
-0.1,1.0302198335855797,506.3868121967132,-0.09999968570728483,4.01845540403559e-10,1.0000000000000415,0.9999999999999922
-0.1,1.0302198335855797,511.0766766604169,-0.0999996892410016,4.0154032804843016e-10,1.0000000000000384,0.9999999999999926
-0.1,1.0302198335855797,515.809975961202,-0.09999969278058334,4.012456619409949e-10,1.0000000000000349,0.9999999999999926
-0.1,1.0302198335855797,520.5871123676386,-0.099999696330298,4.0096018477871603e-10,1.0000000000000315,0.9999999999999926
-0.1,1.0302198335855797,525.4084918738774,-0.09999969989473408,4.006822931365317e-10,1.0000000000000275,0.9999999999999923
-0.1,1.0302198335855797,530.2745242341559,-0.09999970347872934,4.0041015965547287e-10,1.000000000000024,0.9999999999999928
-0.1,1.0302198335855797,535.1856229976182,-0.09999970708729668,4.0014175836380476e-10,1.0000000000000209,0.9999999999999926
-0.1,1.0302198335855797,540.1422055434659,-0.09999971072554914,3.9987489686673817e-10,1.0000000000000175,0.9999999999999928
-0.1,1.0302198335855797,545.1446931164259,-0.0999997143986248,3.9960724512230083e-10,1.0000000000000153,0.9999999999999929
-0.1,1.0302198335855797,550.1935108625528,-0.09999971811161248,3.9933636966249687e-10,1.0000000000000127,0.9999999999999928
-0.1,1.0302198335855797,555.2890878653604,-0.09999972186948036,3.9905976504303e-10,1.0000000000000104,0.9999999999999931
-0.1,1.0302198335855797,560.4318571822878,-0.09999972567700639,3.9877488577037476e-10,1.0000000000000089,0.999999999999993
-0.1,1.0302198335855797,565.6222558815047,-0.09999972953871468,3.984791785174937e-10,1.000000000000008,0.9999999999999926
-0.1,1.0302198335855797,570.8607250790558,-0.09999973345881497,3.9817011164927417e-10,1.0000000000000069,0.9999999999999922
-0.1,1.0302198335855797,576.1477099763489,-0.09999973744114916,3.97845209885458e-10,1.000000000000006,0.9999999999999925
-0.1,1.0302198335855797,581.4836598979924,-0.09999974148914297,3.9750207855296e-10,1.0000000000000056,0.9999999999999925
-0.1,1.0302198335855797,586.8690283299819,-0.09999974560576513,3.971384327119714e-10,1.000000000000006,0.999999999999992
-0.1,1.0302198335855797,592.3042729582397,-0.09999974979349346,3.967521213338665e-10,1.0000000000000069,0.999999999999992
-0.1,1.0302198335855797,597.7898557075149,-0.09999975405428813,3.963411486039417e-10,1.0000000000000078,0.9999999999999915
-0.1,1.0302198335855797,603.3262427806361,-0.09999975838957265,3.959036954942576e-10,1.0000000000000093,0.9999999999999913
-0.1,1.0302198335855797,608.913904698138,-0.09999976280022244,3.9543813645132364e-10,1.0000000000000107,0.9999999999999911
-0.1,1.0302198335855797,614.5533163382452,-0.0999997672865609,3.949430540421958e-10,1.0000000000000129,0.9999999999999911
-0.1,1.0302198335855797,620.2449569772324,-0.0999997718483628,3.9441725053774833e-10,1.000000000000015,0.9999999999999906
-0.1,1.0302198335855797,625.9893103301563,-0.09999977648486486,3.9385975715538666e-10,1.000000000000018,0.9999999999999901
-0.1,1.0302198335855797,631.7868645919671,-0.0999997811947828,3.9326983891665105e-10,1.0000000000000209,0.99999999999999
-0.1,1.0302198335855797,637.638112478994,-0.09999978597633545,3.926470004752795e-10,1.0000000000000238,0.9999999999999899
-0.1,1.0302198335855797,643.5435512708254,-0.09999979082727364,3.919909827764286e-10,1.0000000000000266,0.9999999999999893
-0.1,1.0302198335855797,649.5036828525664,-0.0999997957449153,3.9130176532306153e-10,1.0000000000000304,0.9999999999999892
-0.1,1.0302198335855797,655.5190137574945,-0.09999980072618471,3.9057955832794746e-10,1.0000000000000338,0.9999999999999887
-0.1,1.0302198335855797,661.5900552101086,-0.09999980576765617,3.898247939437795e-10,1.000000000000037,0.9999999999999883
-0.1,1.0302198335855797,667.7173231695753,-0.09999981086560097,3.8903812517387823e-10,1.0000000000000402,0.9999999999999882
-0.1,1.0302198335855797,673.9013383735801,-0.09999981601603669,3.882204037550062e-10,1.0000000000000435,0.999999999999988
-0.1,1.0302198335855797,680.1426263825831,-0.09999982121477952,3.8737267608911165e-10,1.0000000000000466,0.9999999999999873
-0.1,1.0302198335855797,686.4417176244827,-0.09999982645749651,3.8649616449214325e-10,1.0000000000000495,0.9999999999999871
-0.1,1.0302198335855797,692.7991474396972,-0.09999983173976006,3.85592247929075e-10,1.000000000000053,0.999999999999987
-0.1,1.0302198335855797,699.215456126661,-0.099999837057101,3.84662455291413e-10,1.0000000000000555,0.9999999999999866
-0.1,1.0302198335855797,705.6911889877423,-0.0999998424050621,3.837084347922316e-10,1.000000000000058,0.9999999999999867
-0.1,1.0302198335855797,712.2268963755895,-0.09999984777924979,3.827319489175157e-10,1.0000000000000604,0.9999999999999865
-0.1,1.0302198335855797,718.8231337398989,-0.09999985317538414,3.8173483847369795e-10,1.0000000000000622,0.9999999999999859
-0.1,1.0302198335855797,725.4804616746267,-0.09999985858934672,3.8071901929914567e-10,1.0000000000000637,0.9999999999999859
-0.1,1.0302198335855797,732.1994459656265,-0.09999986401722537,3.796864553259251e-10,1.0000000000000655,0.9999999999999853
-0.1,1.0302198335855797,738.9806576387373,-0.0999998694553562,3.7863913703996633e-10,1.0000000000000666,0.9999999999999853
-0.1,1.0302198335855797,745.8246730083114,-0.09999987490036136,3.775790690722821e-10,1.0000000000000673,0.9999999999999853
-0.1,1.0302198335855797,752.7320737261965,-0.09999988034918324,3.76508247518217e-10,1.0000000000000673,0.9999999999999851
-0.1,1.0302198335855797,759.7034468311634,-0.09999988579911484,3.7542864361077376e-10,1.000000000000068,0.9999999999999851
-0.1,1.0302198335855797,766.7393847988028,-0.0999998912478248,3.7434218813409995e-10,1.0000000000000677,0.999999999999985
-0.1,1.0302198335855797,773.8404855918722,-0.09999989669337896,3.732507514847427e-10,1.000000000000067,0.9999999999999849
-0.1,1.0302198335855797,781.0073527111184,-0.09999990213425641,3.721561356058785e-10,1.0000000000000662,0.9999999999999848
-0.1,1.0302198335855797,788.2405952465664,-0.09999990756936158,3.71060054953309e-10,1.0000000000000653,0.9999999999999849
-0.1,1.0302198335855797,795.5408279292831,-0.09999991299803103,3.699641269517039e-10,1.0000000000000637,0.999999999999985
-0.1,1.0302198335855797,802.9086711836236,-0.09999991842003622,3.6886986034853585e-10,1.0000000000000626,0.9999999999999853
-0.1,1.0302198335855797,810.3447511799583,-0.09999992383558129,3.6777864625534047e-10,1.0000000000000604,0.9999999999999853
-0.1,1.0302198335855797,817.8496998878867,-0.09999992924529694,3.66691749754073e-10,1.0000000000000582,0.9999999999999848
-0.1,1.0302198335855797,825.4241551299497,-0.09999993465022988,3.6561030330797994e-10,1.0000000000000557,0.9999999999999852
-0.1,1.0302198335855797,833.0687606358348,-0.09999994005182854,3.645353015623907e-10,1.0000000000000535,0.9999999999999855
-0.1,1.0302198335855797,840.7841660970844,-0.09999994545192492,3.6346759734701453e-10,1.0000000000000508,0.9999999999999852
-0.1,1.0302198335855797,848.5710272223139,-0.09999995085271333,3.624079002839289e-10,1.0000000000000477,0.9999999999999856
-0.1,1.0302198335855797,856.4300057929329,-0.0999999562567259,3.6135677384463195e-10,1.0000000000000453,0.9999999999999858
-0.1,1.0302198335855797,864.3617697193946,-0.09999996166680536,3.6031463695167366e-10,1.0000000000000422,0.9999999999999856
-0.1,1.0302198335855797,872.3669930979535,-0.09999996708607564,3.5928176753112013e-10,1.0000000000000393,0.9999999999999859
-0.1,1.0302198335855797,880.4463562679581,-0.09999997251791,3.58258297506842e-10,1.0000000000000364,0.9999999999999862
-0.1,1.0302198335855797,888.6005458696701,-0.09999997796589806,3.572442277216157e-10,1.0000000000000335,0.9999999999999862
-0.1,1.0302198335855797,896.8302549026189,-0.09999998343381111,3.562394219942856e-10,1.00000000000003,0.9999999999999868
-0.1,1.0302198335855797,905.1361827845002,-0.09999998892556652,3.5524361995958003e-10,1.0000000000000273,0.9999999999999869
-0.1,1.0302198335855797,913.5190354106156,-0.09999999444519175,3.5425644068121274e-10,1.0000000000000242,0.9999999999999869
-0.1,1.0302198335855797,921.9795252138629,-0.09999999999678791,3.532773899946428e-10,1.000000000000022,0.9999999999999872
-0.1,1.0302198335855797,930.5183712252855,-0.10000000558449348,3.523058671229287e-10,1.0000000000000193,0.9999999999999873
-0.1,1.0302198335855797,939.1362991351807,-0.10000001121244859,3.5134117754969073e-10,1.0000000000000169,0.9999999999999877
-0.1,1.0302198335855797,947.8340413547725,-0.10000001688475985,3.5038253449747563e-10,1.0000000000000147,0.9999999999999875
-0.1,1.0302198335855797,956.6123370784595,-0.10000002260546599,3.494290762359694e-10,1.0000000000000122,0.9999999999999879
-0.1,1.0302198335855797,965.4719323466358,-0.10000002837850551,3.4847986943867163e-10,1.0000000000000109,0.9999999999999881
-0.1,1.0302198335855797,974.4135801090915,-0.10000003420768484,3.4753392027238476e-10,1.000000000000009,0.9999999999999883
-0.1,1.0302198335855797,983.4380402890077,-0.10000004009664928,3.4659018580376906e-10,1.0000000000000078,0.9999999999999881
-0.1,1.0302198335855797,992.5460798475383,-0.1000000460488549,3.456475812771235e-10,1.0000000000000064,0.9999999999999885
-0.1,1.0302198335855797,1001.7384728489908,-0.10000005206754353,3.447049916593324e-10,1.0000000000000053,0.9999999999999889
-0.1,1.0302198335855797,1011.0160005266158,-0.10000005815571918,3.437612783566801e-10,1.0000000000000049,0.9999999999999891
-0.1,1.0302198335855797,1020.3794513489946,-0.10000006431612729,3.4281529146129145e-10,1.0000000000000044,0.9999999999999895
-0.1,1.0302198335855797,1029.8296210870567,-0.10000007055123665,3.418658761484023e-10,1.0000000000000042,0.9999999999999893
-0.1,1.0302198335855797,1039.3673128817031,-0.10000007686322329,3.4091188207264714e-10,1.0000000000000042,0.9999999999999895
-0.1,1.0302198335855797,1048.993337312066,-0.10000008325395764,3.399521711933485e-10,1.0000000000000044,0.9999999999999896
-0.1,1.0302198335855797,1058.7085124643972,-0.10000008972499372,3.3898562605928856e-10,1.0000000000000049,0.9999999999999898
-0.1,1.0302198335855797,1068.5136640015942,-0.10000009627756157,3.380111549830258e-10,1.0000000000000058,0.9999999999999902
-0.1,1.0302198335855797,1078.4096252333723,-0.10000010291256183,3.370277004791914e-10,1.0000000000000067,0.9999999999999903
-0.1,1.0302198335855797,1088.3972371870843,-0.10000010963056316,3.3603424454273943e-10,1.0000000000000073,0.9999999999999899
-0.1,1.0302198335855797,1098.4773486791944,-0.10000011643180216,3.3502981393269297e-10,1.000000000000009,0.9999999999999902
-0.1,1.0302198335855797,1108.650816387419,-0.1000001233161856,3.340134849446727e-10,1.0000000000000109,0.9999999999999903
-0.1,1.0302198335855797,1118.9185049235327,-0.10000013028329505,3.3298438785332883e-10,1.0000000000000124,0.9999999999999905
-0.1,1.0302198335855797,1129.2812869068487,-0.10000013733239393,3.319417108281376e-10,1.0000000000000147,0.9999999999999905
-0.1,1.0302198335855797,1139.740043038382,-0.10000014446243649,3.308847014114521e-10,1.0000000000000162,0.9999999999999906
-0.1,1.0302198335855797,1150.2956621756925,-0.10000015167207889,3.298126712023602e-10,1.0000000000000187,0.9999999999999907
-0.1,1.0302198335855797,1160.9490414084332,-0.10000015895969191,3.287249950232684e-10,1.000000000000021,0.9999999999999906
-0.1,1.0302198335855797,1171.7010861345848,-0.1000001663233757,3.2762111475727647e-10,1.0000000000000235,0.9999999999999905
-0.1,1.0302198335855797,1182.5527101374053,-0.10000017376097568,3.265005384842702e-10,1.000000000000026,0.9999999999999909
-0.1,1.0302198335855797,1193.5048356630894,-0.10000018127010017,3.2536283928413943e-10,1.0000000000000286,0.9999999999999908
-0.1,1.0302198335855797,1204.55839349915,-0.10000018884813903,3.24207660093171e-10,1.000000000000031,0.9999999999999907
-0.1,1.0302198335855797,1215.7143230535173,-0.10000019649228316,3.230347044433765e-10,1.000000000000034,0.9999999999999903
-0.1,1.0302198335855797,1226.9735724343827,-0.10000020419954526,3.218437429724394e-10,1.0000000000000364,0.9999999999999903
-0.1,1.0302198335855797,1238.33709853077,-0.1000002119667808,3.206346078417975e-10,1.0000000000000389,0.9999999999999903
-0.1,1.0302198335855797,1249.8058670938608,-0.10000021979071001,3.1940719030554116e-10,1.000000000000042,0.9999999999999907
-0.1,1.0302198335855797,1261.3808528190714,-0.10000022766793977,3.1816144054646795e-10,1.0000000000000444,0.9999999999999903
-0.1,1.0302198335855797,1273.0630394288874,-0.10000023559498587,3.168973622541085e-10,1.0000000000000466,0.9999999999999901
-0.1,1.0302198335855797,1284.8534197564702,-0.10000024356829537,3.1561501139199835e-10,1.0000000000000493,0.9999999999999906
-0.1,1.0302198335855797,1296.7529958300336,-0.10000025158426874,3.1431449142822774e-10,1.0000000000000517,0.9999999999999905
-0.1,1.0302198335855797,1308.7627789579997,-0.10000025963928157,3.129959515632528e-10,1.0000000000000537,0.9999999999999901
-0.1,1.0302198335855797,1320.883789814951,-0.10000026772970622,3.116595818684964e-10,1.000000000000056,0.9999999999999901
-0.1,1.0302198335855797,1333.1170585283726,-0.10000027585193261,3.103056063623567e-10,1.000000000000058,0.9999999999999901
-0.1,1.0302198335855797,1345.4636247661995,-0.10000028400238851,3.0893428784275274e-10,1.00000000000006,0.99999999999999
-0.1,1.0302198335855797,1357.924537825179,-0.10000029217755908,3.075459110671037e-10,1.0000000000000617,0.99999999999999
-0.1,1.0302198335855797,1370.500856720038,-0.10000030037400519,3.061407926134617e-10,1.0000000000000633,0.9999999999999897
-0.1,1.0302198335855797,1383.1936502734964,-0.10000030858838144,3.0471926487216357e-10,1.000000000000065,0.9999999999999898
-0.1,1.0302198335855797,1396.0039972070938,-0.10000031681745242,3.0328167898427117e-10,1.0000000000000664,0.9999999999999892
-0.1,1.0302198335855797,1408.9329862328714,-0.10000032505810817,3.0182839777478074e-10,1.0000000000000673,0.9999999999999893
-0.1,1.0302198335855797,1421.9817161458968,-0.10000033330737856,3.003597944349613e-10,1.0000000000000682,0.9999999999999893
-0.1,1.0302198335855797,1435.1512959176512,-0.10000034156244617,2.98876244593447e-10,1.0000000000000693,0.9999999999999897
-0.1,1.0302198335855797,1448.4428447902692,-0.10000034982065796,2.973781278166206e-10,1.0000000000000697,0.9999999999999896
-0.1,1.0302198335855797,1461.8574923716699,-0.10000035807953579,2.9586581892618e-10,1.0000000000000704,0.9999999999999895
-0.1,1.0302198335855797,1475.3963787315492,-0.10000036633678526,2.9433968766976067e-10,1.0000000000000704,0.9999999999999892
-0.1,1.0302198335855797,1489.0606544982772,-0.10000037459030353,2.9280009591049e-10,1.0000000000000706,0.9999999999999895
-0.1,1.0302198335855797,1502.8514809566846,-0.10000038283818558,2.912473917611812e-10,1.0000000000000704,0.9999999999999891
-0.1,1.0302198335855797,1516.7700301467542,-0.1000003910787291,2.896819091484638e-10,1.0000000000000702,0.9999999999999891
-0.1,1.0302198335855797,1530.8174849632353,-0.10000039931043816,2.881039650047406e-10,1.0000000000000697,0.9999999999999889
-0.1,1.0302198335855797,1544.9950392561707,-0.10000040753202538,2.8651385571035317e-10,1.0000000000000693,0.9999999999999887
-0.1,1.0302198335855797,1559.3038979323546,-0.10000041574241289,2.849118561703798e-10,1.0000000000000684,0.9999999999999889
-0.1,1.0302198335855797,1573.7452770577393,-0.10000042394073201,2.8329821731448475e-10,1.0000000000000675,0.9999999999999888
-0.1,1.0302198335855797,1588.3204039607824,-0.10000043212632163,2.8167316475339394e-10,1.0000000000000664,0.9999999999999887
-0.1,1.0302198335855797,1603.0305173367537,-0.10000044029872546,2.8003689726146146e-10,1.0000000000000655,0.9999999999999888
-0.1,1.0302198335855797,1617.8768673530133,-0.10000044845768814,2.783895855497786e-10,1.000000000000064,0.9999999999999888
-0.1,1.0302198335855797,1632.8607157552478,-0.10000045660315018,2.7673137150204857e-10,1.0000000000000626,0.9999999999999887
-0.1,1.0302198335855797,1647.9833359747165,-0.10000046473524195,2.7506236795500753e-10,1.0000000000000606,0.9999999999999883
-0.1,1.0302198335855797,1663.2460132364645,-0.10000047285427661,2.733826573181213e-10,1.000000000000059,0.9999999999999886
-0.1,1.0302198335855797,1678.6500446685554,-0.1000004809607423,2.7169229166780103e-10,1.0000000000000575,0.9999999999999883
-0.1,1.0302198335855797,1694.1967394123092,-0.10000048905529325,2.6999129414891474e-10,1.0000000000000555,0.9999999999999883
-0.1,1.0302198335855797,1709.8874187335668,-0.10000049713874039,2.682796570572285e-10,1.0000000000000535,0.9999999999999886
-0.1,1.0302198335855797,1725.7234161349695,-0.10000050521204104,2.6655734428942106e-10,1.0000000000000517,0.9999999999999881
-0.1,1.0302198335855797,1741.706077469303,-0.10000051327628807,2.6482429005751186e-10,1.0000000000000495,0.9999999999999886
-0.1,1.0302198335855797,1757.8367610538646,-0.10000052133269854,2.630804022706513e-10,1.0000000000000477,0.9999999999999883
-0.1,1.0302198335855797,1774.1168377859105,-0.10000052938260169,2.613255614180332e-10,1.0000000000000455,0.9999999999999881
-0.1,1.0302198335855797,1790.547691259161,-0.10000053742742701,2.5955962180992153e-10,1.0000000000000429,0.9999999999999885
-0.1,1.0302198335855797,1807.1307178813868,-0.10000054546869117,2.5778241497860416e-10,1.000000000000041,0.9999999999999886
-0.1,1.0302198335855797,1823.867326993091,-0.10000055350798533,2.559937480114936e-10,1.0000000000000389,0.9999999999999882
-0.1,1.0302198335855797,1840.7589409872808,-0.10000056154696227,2.541934100861416e-10,1.0000000000000364,0.9999999999999886
-0.1,1.0302198335855797,1857.8069954303487,-0.10000056958732295,2.5238116777591673e-10,1.0000000000000342,0.9999999999999883
-0.1,1.0302198335855797,1875.012939184082,-0.10000057763080332,2.505567726872725e-10,1.0000000000000322,0.9999999999999883
-0.1,1.0302198335855797,1892.378234528796,-0.10000058567916106,2.4871995905507563e-10,1.0000000000000298,0.9999999999999883
-0.1,1.0302198335855797,1909.9043572876058,-0.10000059373416252,2.4687045037806273e-10,1.0000000000000278,0.9999999999999883
-0.1,1.0302198335855797,1927.592796951861,-0.10000060179756966,2.450079552302904e-10,1.0000000000000258,0.9999999999999887
-0.1,1.0302198335855797,1945.4450568077177,-0.10000060987112702,2.4313217656471127e-10,1.0000000000000238,0.9999999999999886
-0.1,1.0302198335855797,1963.4626540639163,-0.10000061795654938,2.4124280725623497e-10,1.0000000000000218,0.9999999999999885
-0.1,1.0302198335855797,1981.6471199807077,-0.10000062605550922,2.393395382818757e-10,1.0000000000000198,0.9999999999999885
-0.1,1.0302198335855797,2000.0,-0.10000063416962494,2.374220543970968e-10,1.0000000000000178,0.9999999999999887
-0.08,1.0306077830180222,0.0,0.0,0.0,0.0,1.0306077830180222
-0.08,1.0306077830180222,0.05,-0.001191632948327391,0.023440930732095588,0.029729495794355704,1.0301411548062265
-0.08,1.0306077830180222,0.1,-0.004612239546561496,0.044603306294140756,0.05934470094727045,1.0296745497307704
-0.08,1.0306077830180222,0.15000000000000002,-0.010041034341404772,0.06362772159765932,0.0887444068142148,1.0292080249328195
-0.08,1.0306077830180222,0.2,-0.017271046680461512,0.08064984907436427,0.11784050759738111,1.0287416712582673
-0.08,1.0306077830180222,0.25,-0.026108619733256892,0.0958002708657931,0.14655680554617803,1.0282756096922427
-0.08,1.0306077830180222,0.30000000000000004,-0.0363728956372551,0.10920436083844637,0.17482790810904114,1.0278099879558724
-0.08,1.0306077830180222,0.35000000000000003,-0.047895289841289504,0.12098221101710419,0.20259821010455142,1.0273449772511507
-0.08,1.0306077830180222,0.4,-0.06051896162340133,0.13124859742428088,0.22982095469429448,1.0268807691449526
-0.08,1.0306077830180222,0.45,-0.0740982817477014,0.14011298069376765,0.256457367536162,1.02641757258738
-0.08,1.0306077830180222,0.5,-0.08849830270372322,0.14767953719034557,0.2824758589982117,1.0259556110625951
-0.08,1.0306077830180222,0.55,-0.10359423232395501,0.15404721671223492,0.3078512897393865,1.025495119872656
-0.08,1.0306077830180222,0.6000000000000001,-0.11927091587501289,0.15930982317976458,0.3325642953279618,1.0250363435562586
-0.08,1.0306077830180222,0.65,-0.13542232533026802,0.16355611501994033,0.3566006658837699,1.0245795334452321
-0.08,1.0306077830180222,0.7000000000000001,-0.1519510613302471,0.16686992224550656,0.3799507770073521,1.0241249453620045
-0.08,1.0306077830180222,0.75,-0.16876786657785683,0.16933027749663065,0.40260906850205125,1.0236728374612225
-0.08,1.0306077830180222,0.8,-0.18579115273605296,0.17101155856551142,0.42457356761451626,1.0232234682183752
-0.08,1.0306077830180222,0.8500000000000001,-0.2029465430681933,0.17198364016007256,0.4458454537166365,1.0227770945676335
-0.08,1.0306077830180222,0.9,-0.2201664297949544,0.17231205288196494,0.46642866153205376,1.0223339701903524
-0.08,1.0306077830180222,0.9500000000000001,-0.237389547565207,0.17205814759830837,0.4863295201780473,1.0218943439547632
-0.08,1.0306077830180222,1.0,-0.2545605642450845,0.17127926357668466,0.5055564254491691,1.0214584585063755
-0.08,1.0306077830180222,1.05,-0.27162968829319356,0.17002889892895567,0.5241195429146892,1.0210265490076205
-0.08,1.0306077830180222,1.1,-0.2885522929044298,0.16835688207273225,0.5420305395403847,1.0205988420242464
-0.08,1.0306077830180222,1.1500000000000001,-0.3052885576975371,0.16630954307070359,0.5593023416767475,1.0201755545550222
-0.08,1.0306077830180222,1.2000000000000002,-0.321803127625778,0.16392988384779061,0.5759489173807122,1.0197568932003815
-0.08,1.0306077830180222,1.25,-0.33806478849266747,0.16125774641486507,0.5919850811578728,1.019343053464862
-0.08,1.0306077830180222,1.3,-0.35404615909346837,0.15832997834642287,0.6074263193273106,1.0189342191874482
-0.08,1.0306077830180222,1.35,-0.36972339998639464,0.15518059486861882,0.6222886343216102,1.018530562093318
-0.08,1.0306077830180222,1.4000000000000001,-0.3850759383376368,0.15184093701385162,0.6365884063404476,1.0181322414600067
-0.08,1.0306077830180222,1.4500000000000002,-0.4000862081851164,0.14833982538915783,0.6503422708777624,1.0177394038905911
-0.08,1.0306077830180222,1.5,-0.4147394057697471,0.1447037091886108,0.6635670107401822,1.0173521831862313
-0.08,1.0306077830180222,1.55,-0.4290232596383199,0.1409568101551989,0.676279461267768,1.016970700310222
-0.08,1.0306077830180222,1.6,-0.4429278149721206,0.1371212612656373,0.6884964275574699,1.0165950634356542
-0.08,1.0306077830180222,1.6500000000000001,-0.4564452314519932,0.133217239972683,0.7002346125747825,1.016225368068762
-0.08,1.0306077830180222,1.7000000000000002,-0.46956959407580723,0.12926309589423207,0.7115105551203124,1.0158616972401595
-0.08,1.0306077830180222,1.75,-0.48229673646913707,0.12527547288720092,0.7223405766951686,1.015504121756337
-0.08,1.0306077830180222,1.8,-0.494624076197425,0.12126942548732175,0.7327407363822316,1.015152700504007
-0.08,1.0306077830180222,1.85,-0.5065504614782573,0.11725852973386398,0.7427267929295203,1.0148074808001986
-0.08,1.0306077830180222,1.9000000000000001,-0.518076028660001,0.11325498843131708,0.7523141732871358,1.0144684987812922
-0.08,1.0306077830180222,1.9500000000000002,-0.5292020698993865,0.1092697309286173,0.7615179469107108,1.0141357798246098
-0.08,1.0306077830180222,2.0,-0.5399309105418708,0.10531250752090297,0.7703528052020426,1.0138093389965035
-0.08,1.0306077830180222,2.0500000000000003,-0.5502657957158108,0.1013919785994176,0.7788330455116347,1.0134891815213416
-0.08,1.0306077830180222,2.1,-0.5602107856164725,0.09751579869231251,0.7869725591784092,1.0131753032661908
-0.08,1.0306077830180222,2.15,-0.5697706589399033,0.09369069555308779,0.7947848231289035,1.0128676912364105
-0.08,1.0306077830180222,2.2,-0.5789508239558602,0.0899225444645255,0.802282894602055,1.0125663240778278
-0.08,1.0306077830180222,2.25,-0.5877572367592263,0.0862164379345069,0.8094794086063457,1.012271172581546
-0.08,1.0306077830180222,2.3000000000000003,-0.5961963262741021,0.0825767509663445,0.8163865777536766,1.0119822001878525
-0.08,1.0306077830180222,2.35,-0.6042749255925745,0.0790072020904316,0.823016194149139,1.01169936348611
-0.08,1.0306077830180222,2.4000000000000004,-0.6120002092272078,0.07551091034635787,0.8293796330478226,1.0114226127078523
-0.08,1.0306077830180222,2.45,-0.6193796358640425,0.07209044840539235,0.8354878580192786,1.0111518922106861
-0.08,1.0306077830180222,2.5,-0.6264208962280787,0.06874789202257717,0.841351427387253,1.0108871409509348
-0.08,1.0306077830180222,2.5500000000000003,-0.6331318657062547,0.06548486600582731,0.84698050173705,1.0106282929432642
-0.08,1.0306077830180222,2.6,-0.6395205614005256,0.0623025868865397,0.8523848523055086,1.0103752777058337
-0.08,1.0306077830180222,2.6500000000000004,-0.6455951032998654,0.05920190247245798,0.8575738700891822,1.0101280206897703
-0.08,1.0306077830180222,2.7,-0.6513636792690692,0.05618332845905374,0.8625565755250659,1.0098864436920378
-0.08,1.0306077830180222,2.75,-0.6568345135620982,0.05324708227059756,0.8673416286152493,1.0096504652509612
-0.08,1.0306077830180222,2.8000000000000003,-0.6620158385835214,0.05039311429654059,0.8719373393822857,1.0094200010238998
-0.08,1.0306077830180222,2.85,-0.6669158696424349,0.047621136682893896,0.8763516785560374,1.00919496414674
-0.08,1.0306077830180222,2.9000000000000004,-0.6715427824646855,0.044930649832095486,0.880592288405331,1.0089752655750206
-0.08,1.0306077830180222,2.95,-0.6759046932470608,0.042320966758461843,0.8846664936391059,1.0087608144066784
-0.08,1.0306077830180222,3.0,-0.6800096410501881,0.039791235439809815,0.888581312311925,1.0085515181865063
-0.08,1.0306077830180222,3.0500000000000003,-0.6838655723369804,0.03734045929927588,0.892343466677848,1.008347283192534
-0.08,1.0306077830180222,3.1,-0.6874803274734148,0.03496751594479901,0.895959393944831,1.0081480147046293
-0.08,1.0306077830180222,3.1500000000000004,-0.6908616290199593,0.03267117428722591,0.8994352568891186,1.0079536172557213
-0.08,1.0306077830180222,3.2,-0.6940170716551525,0.03045011015158445,0.9027769542955547,1.0077639948660657
-0.08,1.0306077830180222,3.25,-0.6969541135863672,0.02830292048977985,0.9059901311955368,1.0075790512610938
-0.08,1.0306077830180222,3.3000000000000003,-0.6996800693149918,0.02622813629683679,0.9090801888794248,1.0073986900733698
-0.08,1.0306077830180222,3.35,-0.702202103633483,0.024224234326850443,0.9120522946647064,1.0072228150292486
-0.08,1.0306077830180222,3.4000000000000004,-0.704527226740078,0.022289647699048655,0.9149113914052436,1.0070513301208563
-0.08,1.0306077830180222,3.45,-0.7066622903642579,0.02042277547881322,0.9176622067303509,1.0068841397640067
-0.08,1.0306077830180222,3.5,-0.7086139848032443,0.018621991313172215,0.920309262005539,1.0067211489427095
-0.08,1.0306077830180222,3.5500000000000003,-0.7103888367772988,0.01688565119516693,0.9228568810094017,1.006562263340905
-0.08,1.0306077830180222,3.6,-0.711993208019382,0.015212100426620462,0.9253091983234263,1.0064073894620904
-0.08,1.0306077830180222,3.6500000000000004,-0.713433294522301,0.013599679844185275,0.9276701674334856,1.0062564347374592
-0.08,1.0306077830180222,3.7,-0.7147151263734236,0.012046731369136865,0.929943568543502,1.006109307623207
-0.08,1.0306077830180222,3.75,-0.7158445681130973,0.010551602937191583,0.9321330161032036,1.0059659176876161
-0.08,1.0306077830180222,3.8000000000000003,-0.7168273195580523,0.009112652860670414,0.9342419660531515,1.0058261756885334
-0.08,1.0306077830180222,3.85,-0.7176689170356475,0.007728253671589898,0.9362737227912433,1.0056899936418429
-0.08,1.0306077830180222,3.9000000000000004,-0.7183747349790023,0.006396795490737789,0.9382314458657498,1.005557284881476
-0.08,1.0306077830180222,3.95,-0.7189499878372093,0.005116688964478207,0.9401181564006941,1.0054279641115667
-0.08,1.0306077830180222,4.0,-0.7193997322588634,0.003886367807913538,0.9419367432598861,1.0053019474512364
-0.08,1.0306077830180222,4.05,-0.7197288695111494,0.002704290990114433,0.9436899689564536,1.0051791524725484
-0.08,1.0306077830180222,4.1000000000000005,-0.7199421481004227,0.0015689445943920103,0.9453804753149984,1.0050594982321177
-0.08,1.0306077830180222,4.15,-0.7200441665636108,0.0004788433840316616,0.9470107888938178,1.0049429052968444
-0.08,1.0306077830180222,4.2,-0.7200393764027173,-0.0005674678984812003,0.9485833261747609,1.004829295764208
-0.08,1.0306077830180222,4.25,-0.7199320851372962,-0.0015714134729390055,0.9501003985284507,1.004718593277565
-0.08,1.0306077830180222,4.3,-0.7197264594520871,-0.0025343856798644947,0.9515642169626184,1.004610723036831
-0.08,1.0306077830180222,4.3500000000000005,-0.7194265284191146,-0.003457744334138978,0.9529768966613195,1.0045056118049418
-0.08,1.0306077830180222,4.4,-0.7190361867755621,-0.004342816253801776,0.9543404613227495,1.0044031879104418
-0.08,1.0306077830180222,4.45,-0.7185591982406802,-0.005190894945682061,0.9556568473033159,1.0043033812465447
-0.08,1.0306077830180222,4.5,-0.7179991988567861,-0.006003240431069024,0.9569279075754933,1.0042061232669783
-0.08,1.0306077830180222,4.55,-0.7173597003411616,-0.006781079196057578,0.9581554155068648,1.0041113469789196
-0.08,1.0306077830180222,4.6000000000000005,-0.7166440934371688,-0.007525604252531446,0.9593410684676197,1.0040189869332836
-0.08,1.0306077830180222,4.65,-0.7158556512542942,-0.008237975296970141,0.9604864912735711,1.003928979212648
-0.08,1.0306077830180222,4.7,-0.7149975325880142,-0.008919318955397893,0.9615932394715961,1.003841261417038
-0.08,1.0306077830180222,4.75,-0.7140727852114507,-0.009570729103836752,0.9626628024741983,1.0037557726478123
-0.08,1.0306077830180222,4.800000000000001,-0.7130843491317198,-0.010193267254589833,0.9636966065497078,1.003672453489854
-0.08,1.0306077830180222,4.8500000000000005,-0.7120350598047654,-0.010787962999566775,0.9646960176743973,1.003591245992269
-0.08,1.0306077830180222,4.9,-0.7109276513032909,-0.01135581450268181,0.9656623442526028,1.0035120936477606
-0.08,1.0306077830180222,4.95,-0.7097647594331982,-0.011897789034104832,0.9665968397107274,1.0034349413708787
-0.08,1.0306077830180222,5.0,-0.7085489247946537,-0.012414823539836766,0.9675007049707764,1.0033597354752604
-0.08,1.0306077830180222,5.050000000000001,-0.7072825957845944,-0.012907825240714703,0.9683750908088811,1.0032864236500367
-0.08,1.0306077830180222,5.1000000000000005,-0.7059681315380608,-0.01337767225553204,0.9692211001040391,1.0032149549355287
-0.08,1.0306077830180222,5.15,-0.7046078048062634,-0.013825214243493833,0.9700397899821078,1.0031452796983475
-0.08,1.0306077830180222,5.2,-0.7032038047697293,-0.014251273061713306,0.9708321738598841,1.0030773496060224
-0.08,1.0306077830180222,5.25,-0.701758239785237,-0.01465664343390318,0.9715992233938849,1.0030111176012562
-0.08,1.0306077830180222,5.300000000000001,-0.7002731400655674,-0.015042093626822378,0.9723418703382793,1.0029465378758906
-0.08,1.0306077830180222,5.3500000000000005,-0.6987504602914125,-0.015408366131412278,0.9730610083162098,1.0028835658446897
-0.08,1.0306077830180222,5.4,-0.6971920821550284,-0.01575617834589544,0.9737574945085684,1.0028221581189958
-0.08,1.0306077830180222,5.45,-0.6955998168354984,-0.016086223258420556,0.9744321512641108,1.0027622724803469
-0.08,1.0306077830180222,5.5,-0.6939754074057238,-0.01639917012711866,0.9750857676346274,1.0027038678541076
-0.08,1.0306077830180222,5.550000000000001,-0.6923205311714877,-0.01669566515569308,0.9757191008387075,1.0026469042831827
-0.08,1.0306077830180222,5.6000000000000005,-0.6906368019431514,-0.016976332162897664,0.9763328776574912,1.0025913429018516
-0.08,1.0306077830180222,5.65,-0.6889257722407258,-0.017241773244470623,0.9769277957656388,1.0025371459097865
-0.08,1.0306077830180222,5.7,-0.687188935433198,-0.01749256942628182,0.9775045250005976,1.0024842765462827
-0.08,1.0306077830180222,5.75,-0.6854277278131065,-0.017729281307626014,0.9780637085731037,1.0024326990647465
-0.08,1.0306077830180222,5.800000000000001,-0.6836435306074408,-0.017952449693750507,0.978605964221733,1.0023823787074717
-0.08,1.0306077830180222,5.8500000000000005,-0.6818376719259822,-0.018162596216847977,0.9791318853141568,1.0023332816807318
-0.08,1.0306077830180222,5.9,-0.6800114286482591,-0.01836022394487264,0.9796420418976624,1.0022853751302194
-0.08,1.0306077830180222,5.95,-0.678166028250313,-0.0185458179776527,0.9801369817013448,1.0022386271168442
-0.08,1.0306077830180222,6.0,-0.6763026505725113,-0.018719846029875517,0.980617231092301,1.0021930065929219
-0.08,1.0306077830180222,6.050000000000001,-0.6744224295296762,-0.018882759000614247,0.9810832959880038,1.0021484833787637
-0.08,1.0306077830180222,6.1000000000000005,-0.6725264547648552,-0.019034991529147664,0.9815356627269616,1.002105028139672
-0.08,1.0306077830180222,6.15,-0.6706157732480754,-0.01917696253689895,0.9819747988996568,1.0020626123633791
-0.08,1.0306077830180222,6.2,-0.6686913908214961,-0.01930907575538458,0.9824011541416442,1.0020212083379048
-0.08,1.0306077830180222,6.25,-0.6667542736923753,-0.019431720240123566,0.9828151608906369,1.0019807891298662
-0.08,1.0306077830180222,6.300000000000001,-0.6648053498753053,-0.019545270870508728,0.983217235109274,1.0019413285632353
-0.08,1.0306077830180222,6.3500000000000005,-0.6628455105851687,-0.01965008883568725,0.9836077769752231,1.0019028011985465
-0.08,1.0306077830180222,6.4,-0.660875611582255,-0.019746522106538166,0.9839871715401551,1.0018651823125642
-0.08,1.0306077830180222,6.45,-0.6588964744709618,-0.019834905893869208,0.9843557893590826,1.0018284478783979
-0.08,1.0306077830180222,6.5,-0.6569088879534608,-0.019915563092986446,0.9847139870914584,1.001792574546085
-0.08,1.0306077830180222,6.550000000000001,-0.6549136090396918,-0.019988804714816167,0.985062108075385,1.0017575396236191
-0.08,1.0306077830180222,6.6000000000000005,-0.6529113642149822,-0.020054930303781065,0.9854004828761878,1.0017233210584373
-0.08,1.0306077830180222,6.65,-0.6509028505665823,-0.020114228342652956,0.9857294298105856,1.0016898974193544
-0.08,1.0306077830180222,6.7,-0.6488887368703582,-0.0201669766446195,0.9860492554475877,1.0016572478789423
-0.08,1.0306077830180222,6.75,-0.646869664638871,-0.02021344273281692,0.9863602550872319,1.0016253521963583
-0.08,1.0306077830180222,6.800000000000001,-0.6448462491320448,-0.020253884207591433,0.9866627132181898,1.0015941907006014
-0.08,1.0306077830180222,6.8500000000000005,-0.6428190803316256,-0.020288549101761096,0.9869569039552388,1.001563744274204
-0.08,1.0306077830180222,6.9,-0.6407887238806002,-0.02031767622415708,0.9872430914575405,1.001533994337352
-0.08,1.0306077830180222,6.95,-0.6387557219887694,-0.02034149549172847,0.9875215303286268,1.0015049228324142
-0.08,1.0306077830180222,7.0,-0.6367205943055928,-0.020360228250498175,0.98779246599893,1.0014765122088987
-0.08,1.0306077830180222,7.050000000000001,-0.6346838387614743,-0.02037408758566029,0.9880561350916941,1.001448745408793
-0.08,1.0306077830180222,7.1000000000000005,-0.6326459323785725,-0.020383278621110015,0.988312765773019,1.001421605852328
-0.08,1.0306077830180222,7.15,-0.6306073320522141,-0.02038799880869722,0.9885625780867754,1.0013950774241074
-0.08,1.0306077830180222,7.2,-0.6285684753039503,-0.020388438207493798,0.9888057842750934,1.0013691444596349
-0.08,1.0306077830180222,7.25,-0.6265297810072565,-0.020384779753363187,0.9890425890850942,1.0013437917322097
-0.08,1.0306077830180222,7.300000000000001,-0.6244916500868178,-0.02037719951911762,0.9892731900624799,1.0013190044401905
-0.08,1.0306077830180222,7.3500000000000005,-0.6224544661923366,-0.020365866965545824,0.9894977778326038,1.0012947681946192
-0.08,1.0306077830180222,7.4,-0.6204185963477203,-0.020350945183589514,0.9897165363695781,1.0012710690071882
-0.08,1.0306077830180222,7.45,-0.6183843915765153,-0.02033259112794365,0.9899296432539785,1.0012478932785631
-0.08,1.0306077830180222,7.5,-0.6163521875043828,-0.020310955842349664,0.9901372699196482,1.001225227787026
-0.08,1.0306077830180222,7.550000000000001,-0.6143223049394297,-0.02028618467684699,0.990339581890117,1.0012030596774555
-0.08,1.0306077830180222,7.6000000000000005,-0.6122950504311415,-0.020258417497242005,0.9905367390050769,1.0011813764506188
-0.08,1.0306077830180222,7.65,-0.6102707168086943,-0.020227788887048813,0.9907288956373973,1.0011601659527778
-0.08,1.0306077830180222,7.7,-0.6082495836993675,-0.0201944283421498,0.9909162009010748,1.0011394163655973
-0.08,1.0306077830180222,7.75,-0.6062319180277818,-0.0201584604584187,0.9910987988505421,1.0011191161963462
-0.08,1.0306077830180222,7.800000000000001,-0.6042179744966687,-0.020120005112542704,0.9912768286717167,1.0010992542683887
-0.08,1.0306077830180222,7.8500000000000005,-0.6022079960498632,-0.020079177636274065,0.9914504248651657,1.0010798197119544
-0.08,1.0306077830180222,7.9,-0.6002022143181754,-0.02003608898433567,0.9916197174217146,1.0010608019551763
-0.08,1.0306077830180222,7.95,-0.5982008500487974,-0.019990845896199125,0.9917848319908726,1.0010421907154023
-0.08,1.0306077830180222,8.0,-0.5962041135188628,-0.01994355105194736,0.9919458900423561,1.0010239759907558
-0.08,1.0306077830180222,8.05,-0.5942122049337488,-0.01989430322242818,0.9921030090210339,1.0010061480519512
-0.08,1.0306077830180222,8.1,-0.5922253148106984,-0.019843197413899078,0.992256302495588,1.0009886974343538
-0.08,1.0306077830180222,8.15,-0.5902436243482945,-0.019790325007357168,0.9924058803011429,1.0009716149302734
-0.08,1.0306077830180222,8.200000000000001,-0.5882673057823153,-0.019735773892743037,0.9925518486761515,1.000954891581488
-0.08,1.0306077830180222,8.25,-0.5862965227284492,-0.01967962859820066,0.9926943103937755,1.0009385186719948
-0.08,1.0306077830180222,8.3,-0.5843314305123548,-0.01962197041457054,0.9928333648880041,1.0009224877209768
-0.08,1.0306077830180222,8.35,-0.5823721764875011,-0.019562877515286806,0.9929691083747263,1.0009067904759734
-0.08,1.0306077830180222,8.4,-0.5804189003412429,-0.019502425071844513,0.993101633968003,1.0008914189062692
-0.08,1.0306077830180222,8.450000000000001,-0.5784717343895313,-0.019440685364996754,0.9932310317917116,1.0008763651964703
-0.08,1.0306077830180222,8.5,-0.5765308038606799,-0.019377727891837143,0.9933573890867865,1.000861621740276
-0.08,1.0306077830180222,8.55,-0.5745962271685816,-0.01931361946891703,0.9934807903142336,1.0008471811344426
-0.08,1.0306077830180222,8.6,-0.5726681161757571,-0.01924842433154248,0.9936013172540994,1.0008330361729207
-0.08,1.0306077830180222,8.65,-0.5707465764466213,-0.019182204229390813,0.9937190491005722,1.0008191798411814
-0.08,1.0306077830180222,8.700000000000001,-0.5688317074913286,-0.019115018518581574,0.9938340625533728,1.0008056053106966
-0.08,1.0306077830180222,8.75,-0.5669236030005559,-0.01904692425033265,0.9939464319055913,1.0007923059336012
-0.08,1.0306077830180222,8.8,-0.5650223510715763,-0.018977976256327155,0.9940562291281294,1.0007792752375033
-0.08,1.0306077830180222,8.85,-0.5631280344259522,-0.01890822723091255,0.9941635239508831,1.0007665069204652
-0.08,1.0306077830180222,8.9,-0.5612407306191703,-0.018837727810249318,0.994268383940793,1.0007539948461182
-0.08,1.0306077830180222,8.950000000000001,-0.5593605122425398,-0.01876652664852214,0.9943708745769203,1.0007417330389394
-0.08,1.0306077830180222,9.0,-0.5574874471176308,-0.018694670491322486,0.9944710593226403,1.0007297156796622
-0.08,1.0306077830180222,9.05,-0.5556215984835564,-0.018622204246307852,0.9945689996950984,1.0007179371008315
-0.08,1.0306077830180222,9.1,-0.5537630251773474,-0.01854917105123878,0.9946647553320196,1.0007063917824786
-0.08,1.0306077830180222,9.15,-0.5519117818076893,-0.018475612339491566,0.9947583840560071,1.000695074347947
-0.08,1.0306077830180222,9.200000000000001,-0.5500679189222573,-0.018401567903140452,0.9948499419364063,1.0006839795598288
-0.08,1.0306077830180222,9.25,-0.5482314831688789,-0.01832707595370011,0.9949394833488491,1.0006731023160251
-0.08,1.0306077830180222,9.3,-0.5464025174507532,-0.018252173180615918,0.995027061032574,1.0006624376459294
-0.08,1.0306077830180222,9.35,-0.5445810610759246,-0.018176894807585782,0.9951127261456019,1.0006519807067196
-0.08,1.0306077830180222,9.4,-0.5427671499012335,-0.01810127464679497,0.9951965283178678,1.000641726779767
-0.08,1.0306077830180222,9.450000000000001,-0.5409608164709164,-0.018025345151141722,0.9952785157023785,1.0006316712671492
-0.08,1.0306077830180222,9.5,-0.5391620901500709,-0.01794913746452908,0.9953587350244856,1.0006218096882686
-0.08,1.0306077830180222,9.55,-0.5373709972531521,-0.017872681470294846,0.9954372316293439,1.0006121376765673
-0.08,1.0306077830180222,9.600000000000001,-0.5355875611676926,-0.017796005837850053,0.9955140495276324,1.0006026509763508
-0.08,1.0306077830180222,9.65,-0.5338118024734139,-0.01771913806759226,0.9955892314395992,1.0005933454396954
-0.08,1.0306077830180222,9.700000000000001,-0.5320437390569079,-0.017642104534158983,0.9956628188375064,1.0005842170234525
-0.08,1.0306077830180222,9.75,-0.5302833862220534,-0.01756493052808286,0.9957348519865358,1.0005752617863433
-0.08,1.0306077830180222,9.8,-0.5285307567963275,-0.01748764029590874,0.9958053699842091,1.0005664758861348
-0.08,1.0306077830180222,9.850000000000001,-0.5267858612331756,-0.017410257078830312,0.9958744107983929,1.0005578555769088
-0.08,1.0306077830180222,9.9,-0.5250487077105854,-0.01733280314990132,0.9959420113039337,1.0005493972064
-0.08,1.0306077830180222,9.950000000000001,-0.5233193022260191,-0.017255299849875286,0.9960082073179845,1.0005410972134214
-0.08,1.0306077830180222,10.0,-0.5215976486878356,-0.01717776762172466,0.9960730336340674,1.0005329521253645
-0.08,1.0306077830180222,10.05,-0.5198837490033452,-0.017100226043888864,0.9961365240549271,1.00052495855577
-0.08,1.0306077830180222,10.100000000000001,-0.5181776031636197,-0.01702269386229905,0.9961987114242169,1.0005171132019732
-0.08,1.0306077830180222,10.15,-0.5164792093251801,-0.016945189021224973,0.9962596276570668,1.0005094128428185
-0.08,1.0306077830180222,10.200000000000001,-0.5147885638886815,-0.016867728692988207,0.9963193037695768,1.0005018543364372
-0.08,1.0306077830180222,10.25,-0.5131056615746965,-0.016790329306584,0.9963777699072704,1.000494434618098
-0.08,1.0306077830180222,10.3,-0.5114304954967116,-0.01671300657525255,0.9964350553725589,1.0004871506981143
-0.08,1.0306077830180222,10.350000000000001,-0.5097630572314256,-0.016635775523038836,0.9964911886512363,1.0004799996598113
-0.08,1.0306077830180222,10.4,-0.5081033368864523,-0.016558650510378883,0.9965461974380754,1.0004729786575617
-0.08,1.0306077830180222,10.450000000000001,-0.5064513231655129,-0.01648164525874846,0.9966001086615067,1.0004660849148665
-0.08,1.0306077830180222,10.5,-0.504807003431207,-0.01640477287440966,0.9966529485074745,1.0004593157225026
-0.08,1.0306077830180222,10.55,-0.5031703637654473,-0.016328045871288343,0.9967047424424552,1.0004526684367163
-0.08,1.0306077830180222,10.600000000000001,-0.5015413890276358,-0.01625147619301517,0.9967555152356882,1.000446140477474
-0.08,1.0306077830180222,10.65,-0.4999200629106642,-0.016175075234161392,0.996805290980654,1.0004397293267622
-0.08,1.0306077830180222,10.700000000000001,-0.49830636799481043,-0.016098853860698776,0.9968540931158087,1.0004334325269335
-0.08,1.0306077830180222,10.75,-0.4967002857996185,-0.016022822429713295,0.9969019444446278,1.0004272476791063
-0.08,1.0306077830180222,10.8,-0.49510179683381267,-0.015946990808399522,0.9969488671549612,1.000421172441608
-0.08,1.0306077830180222,10.850000000000001,-0.4935108806433471,-0.015871368392362785,0.9969948828377379,1.000415204528458
-0.08,1.0306077830180222,10.9,-0.4919275158576334,-0.015795964123254718,0.9970400125050428,1.000409341707902
-0.08,1.0306077830180222,10.950000000000001,-0.4903516802340355,-0.01572078650576669,0.9970842766075886,1.0004035818009862
-0.08,1.0306077830180222,11.0,-0.4887833507006842,-0.015645843624005094,0.9971276950516005,1.0003979226801671
-0.08,1.0306077830180222,11.05,-0.4872225033976836,-0.015571143157271119,0.9971702872151403,1.0003923622679667
-0.08,1.0306077830180222,11.100000000000001,-0.48566911371676924,-0.015496692395267218,0.9972120719638888,1.000386898535666
-0.08,1.0306077830180222,11.15,-0.48412315633947534,-0.015422498252751203,0.9972530676664054,1.0003815295020304
-0.08,1.0306077830180222,11.200000000000001,-0.4825846052738758,-0.01534856728365847,0.9972932922088851,1.0003762532320783
-0.08,1.0306077830180222,11.25,-0.48105343388994115,-0.01527490569471192,0.9973327630094254,1.000371067835877
-0.08,1.0306077830180222,11.3,-0.47952961495357754,-0.015201519358538414,0.9973714970318374,1.0003659714673798
-0.08,1.0306077830180222,11.350000000000001,-0.4780131206593876,-0.01512841382630984,0.997409510798991,1.0003609623232919
-0.08,1.0306077830180222,11.4,-0.4765039226622007,-0.015055594339926344,0.9974468204057345,1.000356038641967
-0.08,1.0306077830180222,11.450000000000001,-0.4750019921074255,-0.01498306584375847,0.9974834415313937,1.0003511987023397
-0.08,1.0306077830180222,11.5,-0.4735072996602556,-0.01491083299596445,0.9975193894518656,1.0003464408228835
-0.08,1.0306077830180222,11.55,-0.4720198155337749,-0.014838900179398042,0.9975546790513173,1.0003417633605987
-0.08,1.0306077830180222,11.600000000000001,-0.4705395095160004,-0.014767271512122124,0.9975893248335201,1.0003371647100312
-0.08,1.0306077830180222,11.65,-0.4690663509958969,-0.014695950857542203,0.9976233409328088,1.000332643302317
-0.08,1.0306077830180222,11.700000000000001,-0.46760030898839705,-0.014624941834173915,0.997656741124693,1.0003281976042495
-0.08,1.0306077830180222,11.75,-0.466141352158467,-0.014554247825057886,0.9976895388361402,1.0003238261173804
-0.08,1.0306077830180222,11.8,-0.46468944884423574,-0.014483871986834483,0.9977217471555156,1.0003195273771381
-0.08,1.0306077830180222,11.850000000000001,-0.46324456707923983,-0.014413817258491347,0.9977533788422235,1.0003152999519767
-0.08,1.0306077830180222,11.9,-0.4618066746137919,-0.014344086369795105,0.997784446336031,1.0003111424425417
-0.08,1.0306077830180222,11.950000000000001,-0.46037573893551814,-0.01427468184941919,0.9978149617661113,1.0003070534808667
-0.08,1.0306077830180222,12.0,-0.4589517272890888,-0.014205606032778385,0.9978449369597914,1.0003030317295838
-0.08,1.0306077830180222,12.05,-0.4575346066951659,-0.01413686106958105,0.9978743834510304,1.0002990758811616
-0.08,1.0306077830180222,12.100000000000001,-0.4561243439686042,-0.014068448931109132,0.997903312488642,1.0002951846571628
-0.08,1.0306077830180222,12.15,-0.45472090573592583,-0.014000371417235735,0.9979317350442438,1.000291356807519
-0.08,1.0306077830180222,12.200000000000001,-0.4533242584520992,-0.013932630163189998,0.9979596618199809,1.0002875911098321
-0.08,1.0306077830180222,12.25,-0.45193436841664564,-0.01386522664607802,0.997987103255991,1.0002838863686823
-0.08,1.0306077830180222,12.3,-0.45055120178910246,-0.013798162191169043,0.9980140695376557,1.000280241414971
-0.08,1.0306077830180222,12.350000000000001,-0.449174724603866,-0.013731437977955197,0.998040570602621,1.00027665510527
-0.08,1.0306077830180222,12.4,-0.44780490278443597,-0.013665055045992691,0.9980666161476028,1.0002731263211884
-0.08,1.0306077830180222,12.450000000000001,-0.44644170215708806,-0.013599014300532935,0.9980922156349902,1.0002696539687634
-0.08,1.0306077830180222,12.5,-0.4450850884640003,-0.01353331651795052,0.9981173782992404,1.0002662369778643
-0.08,1.0306077830180222,12.55,-0.44373502737584125,-0.01346796235097576,0.9981421131530867,1.000262874301608
-0.08,1.0306077830180222,12.600000000000001,-0.4423914845038577,-0.01340295233373862,0.9981664289935522,1.0002595649157962
-0.08,1.0306077830180222,12.65,-0.4410544254114701,-0.013338286886630924,0.9981903344077918,1.0002563078183662
-0.08,1.0306077830180222,12.700000000000001,-0.43972381562539753,-0.013273966320993232,0.9982138377787461,1.000253102028854
-0.08,1.0306077830180222,12.75,-0.4383996206463295,-0.01320999084363271,0.9982369472906358,1.0002499465878738
-0.08,1.0306077830180222,12.8,-0.4370818059591618,-0.013146360561178126,0.9982596709342876,1.0002468405566112
-0.08,1.0306077830180222,12.850000000000001,-0.4357703370428128,-0.013083075484277628,0.9982820165123018,1.0002437830163273
-0.08,1.0306077830180222,12.9,-0.43446517937963075,-0.013020135531645102,0.9983039916440695,1.0002407730678806
-0.08,1.0306077830180222,12.950000000000001,-0.43316629846441296,-0.012957540533960326,0.9983256037706355,1.0002378098312572
-0.08,1.0306077830180222,13.0,-0.4318736598130431,-0.01289529023762832,0.9983468601594231,1.0002348924451143
-0.08,1.0306077830180222,13.05,-0.4305872289707645,-0.012833384308402706,0.9983677679088171,1.0002320200663386
-0.08,1.0306077830180222,13.100000000000001,-0.4293069715201001,-0.012771822334878207,0.9983883339526112,1.0002291918696118
-0.08,1.0306077830180222,13.15,-0.42803285308842726,-0.012710603831856527,0.9984085650643306,1.0002264070469888
-0.08,1.0306077830180222,13.200000000000001,-0.4267648393552246,-0.012649728243590539,0.9984284678614208,1.000223664807491
-0.08,1.0306077830180222,13.25,-0.4255028960589965,-0.01258919494691083,0.9984480488093218,1.0002209643767053
-0.08,1.0306077830180222,13.3,-0.42424698900388913,-0.01252900325423885,0.9984673142254181,1.0002183049963929
-0.08,1.0306077830180222,13.350000000000001,-0.42299708406600467,-0.012469152416490728,0.9984862702828805,1.0002156859241127
-0.08,1.0306077830180222,13.4,-0.42175314719942886,-0.012409641625875585,0.9985049230143901,1.0002131064328528
-0.08,1.0306077830180222,13.450000000000001,-0.42051514444197546,-0.012350470018592038,0.9985232783157622,1.000210565810668
-0.08,1.0306077830180222,13.5,-0.4192830419206635,-0.012291636677426637,0.9985413419494603,1.00020806336033
-0.08,1.0306077830180222,13.55,-0.41805680585693383,-0.01223314063425756,0.9985591195480173,1.000205598398989
-0.08,1.0306077830180222,13.600000000000001,-0.4168364025716115,-0.012174980872466972,0.9985766166173486,1.0002031702578382
-0.08,1.0306077830180222,13.65,-0.4156217984896313,-0.01211715632926528,0.9985938385399792,1.0002007782817874
-0.08,1.0306077830180222,13.700000000000001,-0.41441296014452755,-0.012059665897930413,0.9986107905781786,1.0001984218291533
-0.08,1.0306077830180222,13.75,-0.4132098541827004,-0.012002508429965026,0.9986274778770027,1.0001961002713446
-0.08,1.0306077830180222,13.8,-0.4120124473674709,-0.011945682737174649,0.9986439054672553,1.0001938129925676
-0.08,1.0306077830180222,13.850000000000001,-0.4108207065829244,-0.011889187593669547,0.9986600782683612,1.0001915593895292
-0.08,1.0306077830180222,13.9,-0.40963459883756337,-0.011833021737792819,0.9986760010911653,1.0001893388711542
-0.08,1.0306077830180222,13.950000000000001,-0.40845409126776405,-0.011777183873977607,0.9986916786406443,1.0001871508583082
-0.08,1.0306077830180222,14.0,-0.40727915114105573,-0.011721672674535609,0.9987071155185531,1.0001849947835215
-0.08,1.0306077830180222,14.05,-0.40610974585922516,-0.011666486781379588,0.9987223162259912,1.0001828700907311
-0.08,1.0306077830180222,14.100000000000001,-0.4049458429612524,-0.011611624807682007,0.9987372851658982,1.0001807762350208
-0.08,1.0306077830180222,14.15,-0.4037874101260893,-0.011557085339472108,0.998752026645483,1.0001787126823678
-0.08,1.0306077830180222,14.200000000000001,-0.40263441517528226,-0.011502866937173568,0.998766544878586,1.0001766789093995
-0.08,1.0306077830180222,14.25,-0.4014868260754492,-0.011448968137084913,0.9987808439879736,1.0001746744031559
-0.08,1.0306077830180222,14.3,-0.40034461094061513,-0.011395387452804525,0.9987949280075717,1.000172698660856
-0.08,1.0306077830180222,14.350000000000001,-0.3992077380344095,-0.011342123376602356,0.9988088008846383,1.000170751189666
-0.08,1.0306077830180222,14.4,-0.3980761757721372,-0.01128917438074015,0.9988224664818779,1.0001688315064874
-0.08,1.0306077830180222,14.450000000000001,-0.3969498927227195,-0.011236538918741927,0.9988359285794952,1.0001669391377301
-0.08,1.0306077830180222,14.5,-0.39582885761051523,-0.011184215426616566,0.9988491908771961,1.0001650736191101
-0.08,1.0306077830180222,14.55,-0.3947130393170267,-0.011132202324034115,0.9988622569961356,1.0001632344954394
-0.08,1.0306077830180222,14.600000000000001,-0.39360240688248865,-0.011080498015457485,0.9988751304808062,1.0001614213204255
-0.08,1.0306077830180222,14.65,-0.39249692950735354,-0.011029100891231011,0.9988878148008874,1.0001596336564764
-0.08,1.0306077830180222,14.700000000000001,-0.39139657655366566,-0.010978009328627454,0.9989003133530345,1.0001578710745125
-0.08,1.0306077830180222,14.75,-0.3903013175463366,-0.010927221692854988,0.9989126294626249,1.0001561331537743
-0.08,1.0306077830180222,14.8,-0.38921112217432274,-0.010876736338025344,0.9989247663854586,1.0001544194816447
-0.08,1.0306077830180222,14.850000000000001,-0.3881259602917045,-0.010826551608084704,0.9989367273094099,1.0001527296534718
-0.08,1.0306077830180222,14.9,-0.3870458019186746,-0.010776665837708498,0.9989485153560389,1.000151063272394
-0.08,1.0306077830180222,14.950000000000001,-0.3859706172424381,-0.01072707735316141,0.9989601335821595,1.0001494199491707
-0.08,1.0306077830180222,15.0,-0.3849003766180247,-0.010677784473123987,0.9989715849813633,1.0001477993020207
-0.08,1.0306077830180222,15.05,-0.3838350505690175,-0.01062878550948655,0.9989828724855073,1.0001462009564548
-0.08,1.0306077830180222,15.100000000000001,-0.3827746097882027,-0.01058007876811218,0.9989939989661614,1.0001446245451273
-0.08,1.0306077830180222,15.15,-0.3817190251381415,-0.010531662549569366,0.9990049672360158,1.0001430697076754
-0.08,1.0306077830180222,15.200000000000001,-0.3806682676516654,-0.010483535149835603,0.999015780050255,1.000141536090572
-0.08,1.0306077830180222,15.25,-0.37962230853230267,-0.010435694860972919,0.9990264401078959,1.0001400233469815
-0.08,1.0306077830180222,15.3,-0.37858111915463355,-0.010388139971776298,0.9990369500530849,1.0001385311366127
-0.08,1.0306077830180222,15.350000000000001,-0.3775446710645807,-0.010340868768395989,0.9990473124763729,1.000137059125584
-0.08,1.0306077830180222,15.4,-0.37651293597963587,-0.010293879534934583,0.9990575299159464,1.0001356069862848
-0.08,1.0306077830180222,15.450000000000001,-0.37548588578902586,-0.010247170554019747,0.9990676048588342,1.000134174397242
-0.08,1.0306077830180222,15.5,-0.37446349255382133,-0.010200740107353489,0.9990775397420785,1.0001327610429935
-0.08,1.0306077830180222,15.55,-0.37344572850698937,-0.01015458647623874,0.999087336953879,1.0001313666139575
-0.08,1.0306077830180222,15.600000000000001,-0.3724325660533954,-0.010108707942084141,0.9990969988347063,1.0001299908063124
-0.08,1.0306077830180222,15.65,-0.37142397776975317,-0.010063102786887693,0.9991065276783895,1.0001286333218726
-0.08,1.0306077830180222,15.700000000000001,-0.37041993640452875,-0.010017769293700065,0.9991159257331693,1.0001272938679726
-0.08,1.0306077830180222,15.75,-0.3694204148777992,-0.009972705747068336,0.9991251952027362,1.0001259721573525
-0.08,1.0306077830180222,15.8,-0.36842538628106775,-0.009927910433460682,0.9991343382472287,1.0001246679080429
-0.08,1.0306077830180222,15.850000000000001,-0.36743482387703913,-0.009883381641672963,0.9991433569842187,1.0001233808432564
-0.08,1.0306077830180222,15.9,-0.3664487010993574,-0.009839117663217505,0.9991522534896629,1.0001221106912785
-0.08,1.0306077830180222,15.950000000000001,-0.36546699155230455,-0.009795116792695102,0.9991610297988365,1.000120857185367
-0.08,1.0306077830180222,16.0,-0.3644896690104679,-0.009751377328150384,0.999169687907238,1.0001196200636422
-0.08,1.0306077830180222,16.05,-0.36351670741837216,-0.009707897571411614,0.9991782297714802,1.0001183990689941
-0.08,1.0306077830180222,16.1,-0.3625480808900809,-0.009664675828415037,0.9991866573101486,1.0001171939489788
-0.08,1.0306077830180222,16.150000000000002,-0.36158376370876977,-0.009621710409514636,0.9991949724046438,1.0001160044557267
-0.08,1.0306077830180222,16.2,-0.3606237303262695,-0.0095789996297777,0.9992031769000067,1.000114830345847
-0.08,1.0306077830180222,16.25,-0.3596679553625825,-0.00953654180926662,0.9992112726057144,1.0001136713803351
-0.08,1.0306077830180222,16.3,-0.3587164136053749,-0.009494335273307609,0.9992192612964638,1.0001125273244855
-0.08,1.0306077830180222,16.35,-0.35776908000944296,-0.009452378352746645,0.9992271447129341,1.0001113979478045
-0.08,1.0306077830180222,16.400000000000002,-0.35682592969615623,-0.009410669384193155,0.9992349245625294,1.0001102830239228
-0.08,1.0306077830180222,16.45,-0.3558869379528774,-0.009369206710251859,0.9992426025201033,1.0001091823305142
-0.08,1.0306077830180222,16.5,-0.35495208023236235,-0.00932798867974326,0.9992501802286669,1.000108095649212
-0.08,1.0306077830180222,16.55,-0.3540213321521376,-0.009287013647913112,0.9992576593000804,1.0001070227655322
-0.08,1.0306077830180222,16.6,-0.3530946694938589,-0.009246279976631277,0.9992650413157254,1.0001059634687923
-0.08,1.0306077830180222,16.650000000000002,-0.3521720682026501,-0.009205786034580417,0.9992723278271611,1.0001049175520347
-0.08,1.0306077830180222,16.7,-0.35125350438642317,-0.009165530197434817,0.9992795203567689,1.0001038848119583
-0.08,1.0306077830180222,16.75,-0.35033895431518075,-0.009125510848029691,0.9992866203983748,1.000102865048837
-0.08,1.0306077830180222,16.8,-0.34942839442030404,-0.009085726376521422,0.9992936294178664,1.000101858066457
-0.08,1.0306077830180222,16.85,-0.34852180129381866,-0.009046175180538943,0.9993005488537802,1.0001008636720385
-0.08,1.0306077830180222,16.900000000000002,-0.3476191516876504,-0.009006855665326627,0.9993073801178922,1.0000998816761741
-0.08,1.0306077830180222,16.95,-0.3467204225128633,-0.008967766243879014,0.9993141245957826,1.0000989118927606
-0.08,1.0306077830180222,17.0,-0.3458255908388827,-0.008928905337067673,0.9993207836473906,1.0000979541389317
-0.08,1.0306077830180222,17.05,-0.34493463389270784,-0.008890271373760458,0.9993273586075561,1.0000970082349976
-0.08,1.0306077830180222,17.1,-0.3440475290581071,-0.008851862790933467,0.9993338507865497,1.0000960740043783
-0.08,1.0306077830180222,17.150000000000002,-0.34316425387480415,-0.008813678033775958,0.9993402614705873,1.0000951512735472
-0.08,1.0306077830180222,17.2,-0.34228478603765206,-0.008775715555788486,0.9993465919223383,1.0000942398719688
-0.08,1.0306077830180222,17.25,-0.3414091033957937,-0.00873797381887452,0.9993528433814112,1.0000933396320402
-0.08,1.0306077830180222,17.3,-0.34053718395181826,-0.008700451293425799,0.9993590170648424,1.0000924503890367
-0.08,1.0306077830180222,17.35,-0.3396690058608998,-0.008663146458401601,0.999365114167559,1.0000915719810513
-0.08,1.0306077830180222,17.400000000000002,-0.33880454742993504,-0.008626057801402218,0.9993711358628433,1.000090704248944
-0.08,1.0306077830180222,17.45,-0.3379437871166685,-0.008589183818736832,0.9993770833027767,1.0000898470362882
-0.08,1.0306077830180222,17.5,-0.3370867035288104,-0.00855252301548601,0.9993829576186786,1.0000890001893143
-0.08,1.0306077830180222,17.55,-0.33623327542315135,-0.008516073905558988,0.9993887599215372,1.000088163556865
-0.08,1.0306077830180222,17.6,-0.335383481704667,-0.008479835011745982,0.9993944913024209,1.0000873369903382
-0.08,1.0306077830180222,17.650000000000002,-0.33453730142562044,-0.008443804865765752,0.9994001528328931,1.0000865203436433
-0.08,1.0306077830180222,17.7,-0.33369471378465865,-0.008407982008308468,0.9994057455654054,1.0000857134731511
-0.08,1.0306077830180222,17.75,-0.33285569812590426,-0.00837236498907419,0.9994112705336922,1.000084916237646
-0.08,1.0306077830180222,17.8,-0.33202023393804714,-0.008336952366807145,0.9994167287531471,1.0000841284982818
-0.08,1.0306077830180222,17.85,-0.3311883008534286,-0.008301742709325797,0.9994221212211991,1.000083350118537
-0.08,1.0306077830180222,17.900000000000002,-0.3303598786471269,-0.008266734593549024,0.9994274489176714,1.0000825809641665
-0.08,1.0306077830180222,17.95,-0.32953494723604015,-0.008231926605518601,0.9994327128051408,1.0000818209031652
-0.08,1.0306077830180222,18.0,-0.32871348667796657,-0.008197317340417938,0.9994379138292849,1.0000810698057199
-0.08,1.0306077830180222,18.05,-0.3278954771706862,-0.008162905402587383,0.9994430529192193,1.0000803275441719
-0.08,1.0306077830180222,18.1,-0.32708089905104,-0.00812868940553617,0.99944813098783,1.0000795939929725
-0.08,1.0306077830180222,18.150000000000002,-0.32626973279401067,-0.008094667971951195,0.999453148932101,1.0000788690286493
-0.08,1.0306077830180222,18.2,-0.32546195901180297,-0.008060839733702644,0.9994581076334255,1.0000781525297615
-0.08,1.0306077830180222,18.25,-0.32465755845292377,-0.008027203331846715,0.9994630079579222,1.000077444376865
-0.08,1.0306077830180222,18.3,-0.32385651200126464,-0.007993757416625504,0.9994678507567342,1.0000767444524739
-0.08,1.0306077830180222,18.35,-0.3230588006751852,-0.00796050064746414,0.9994726368663271,1.0000760526410264
-0.08,1.0306077830180222,18.400000000000002,-0.3222644056265967,-0.007927431692965349,0.9994773671087799,1.0000753688288462
-0.08,1.0306077830180222,18.45,-0.3214733081400481,-0.007894549230901538,0.9994820422920662,1.0000746929041102
-0.08,1.0306077830180222,18.5,-0.3206854896318133,-0.007861851948204426,0.9994866632103316,1.0000740247568112
-0.08,1.0306077830180222,18.55,-0.31990093164898,-0.007829338540952451,0.9994912306441671,1.0000733642787274
-0.08,1.0306077830180222,18.6,-0.3191196158685423,-0.007797007714355948,0.9994957453608714,1.0000727113633887
-0.08,1.0306077830180222,18.650000000000002,-0.31834152409649275,-0.007764858182740278,0.999500208114713,1.0000720659060423
-0.08,1.0306077830180222,18.7,-0.31756663826691794,-0.007732888669526902,0.9995046196471792,1.0000714278036262
-0.08,1.0306077830180222,18.75,-0.3167949404410957,-0.0077010979072125426,0.9995089806872317,1.0000707969547327
-0.08,1.0306077830180222,18.8,-0.31602641280659566,-0.007669484637346591,0.9995132919515408,1.0000701732595816
-0.08,1.0306077830180222,18.85,-0.3152610376763807,-0.00763804761050666,0.999517554144729,1.0000695566199902
-0.08,1.0306077830180222,18.900000000000002,-0.3144987974879123,-0.007606785586272567,0.9995217679596009,1.0000689469393438
-0.08,1.0306077830180222,18.95,-0.3137396748022564,-0.007575697333198614,0.9995259340773694,1.0000683441225673
-0.08,1.0306077830180222,19.0,-0.3129836523031936,-0.007544781628784498,0.999530053167882,1.0000677480760973
-0.08,1.0306077830180222,19.05,-0.31223071279633047,-0.007514037259444614,0.9995341258898327,1.0000671587078542
-0.08,1.0306077830180222,19.1,-0.31148083920821595,-0.0074834630204761166,0.9995381528909801,1.0000665759272187
-0.08,1.0306077830180222,19.150000000000002,-0.3107340145854563,-0.007453057716025575,0.9995421348083524,1.0000659996450003
-0.08,1.0306077830180222,19.200000000000003,-0.3099902220938373,-0.007422820159054459,0.9995460722684524,1.0000654297734162
-0.08,1.0306077830180222,19.25,-0.3092494450174458,-0.007392749171303353,0.9995499658874571,1.0000648662260638
-0.08,1.0306077830180222,19.3,-0.30851166675779634,-0.007362843583255132,0.9995538162714138,1.0000643089178967
-0.08,1.0306077830180222,19.35,-0.30777687083296085,-0.00733310223409701,0.9995576240164294,1.000063757765201
-0.08,1.0306077830180222,19.400000000000002,-0.307045040876699,-0.007303523971681588,0.9995613897088591,1.000063212685571
-0.08,1.0306077830180222,19.450000000000003,-0.3063161606375942,-0.007274107652486963,0.9995651139254876,1.0000626735978853
-0.08,1.0306077830180222,19.5,-0.3055902139781937,-0.007244852141575911,0.9995687972337107,1.0000621404222851
-0.08,1.0306077830180222,19.55,-0.3048671848741487,-0.007215756312554217,0.9995724401917098,1.0000616130801532
-0.08,1.0306077830180222,19.6,-0.3041470574133616,-0.0071868190475282,0.9995760433486245,1.0000610914940882
-0.08,1.0306077830180222,19.650000000000002,-0.3034298157951349,-0.0071580392370614475,0.9995796072447177,1.0000605755878875
-0.08,1.0306077830180222,19.700000000000003,-0.30271544432932423,-0.007129415780130882,0.9995831324115446,1.0000600652865232
-0.08,1.0306077830180222,19.75,-0.30200392743549703,-0.007100947584082102,0.9995866193721111,1.000059560516122
-0.08,1.0306077830180222,19.8,-0.3012952496420922,-0.007072633564584117,0.9995900686410332,1.000059061203947
-0.08,1.0306077830180222,19.85,-0.3005893955855874,-0.00704447264558345,0.9995934807246918,1.0000585672783762
-0.08,1.0306077830180222,19.900000000000002,-0.2998863500096685,-0.007016463759257763,0.9995968561213802,1.0000580786688815
-0.08,1.0306077830180222,19.950000000000003,-0.2991860977644041,-0.006988605845968864,0.99960019532146,1.0000575953060138
-0.08,1.0306077830180222,20.0,-0.29848862380542573,-0.006960897854215286,0.9996034988074988,1.00005711712138
-0.08,1.0306077830180222,20.1,-0.2971019510917724,-0.006905927469704177,0.9996100005296251,1.0000561760184272
-0.08,1.0306077830180222,20.28615468146082,-0.2945496310799615,-0.00680515547188821,0.9996217409727371,1.000054476770378
-0.08,1.0306077830180222,20.47403342090323,-0.2920113359188117,-0.006705460784891071,0.9996331310716473,1.000052828471728
-0.08,1.0306077830180222,20.663652185564246,-0.28948713676353627,-0.006606838100652856,0.999644181521621,1.000051229630612
-0.08,1.0306077830180222,20.855027090560313,-0.28697710318029296,-0.0065092818791940635,0.9996549026869026,1.0000496787961106
-0.08,1.0306077830180222,21.04817440025684,-0.2844813032003616,-0.006412786363294324,0.9996653046105728,1.0000481745572791
-0.08,1.0306077830180222,21.243110529650455,-0.28199980337381314,-0.006317345592655986,0.9996753970241464,1.0000467155421817
-0.08,1.0306077830180222,21.439852045764102,-0.27953266882253314,-0.006222953417564072,0.9996851893569161,1.0000453004169545
-0.08,1.0306077830180222,21.638415669054964,-0.27707996329221596,-0.00612960351205388,0.9996946907450397,1.0000439278848734
-0.08,1.0306077830180222,21.83881827483555,-0.2746417492027805,-0.00603728938659735,0.9997039100403874,1.0000425966854443
-0.08,1.0306077830180222,22.04107689470784,-0.2722180876966146,-0.005946004400319437,0.9997128558191478,1.0000413055935122
-0.08,1.0306077830180222,22.245208718010712,-0.26980903868411554,-0.005855741772755461,0.9997215363901947,1.0000400534183784
-0.08,1.0306077830180222,22.4512310932809,-0.2674146608861776,-0.00576649459516041,0.9997299598032282,1.000038839002945
-0.08,1.0306077830180222,22.659161529727328,-0.2650350118735201,-0.005678255841381072,0.9997381338566893,1.0000376612228685
-0.08,1.0306077830180222,22.86901769871915,-0.2626701481030124,-0.0055910183783020855,0.9997460661054531,1.000036518985728
-0.08,1.0306077830180222,23.080817435287667,-0.2603201249513932,-0.005504774975876247,0.99975376386831,1.0000354112302186
-0.08,1.0306077830180222,23.294578739641963,-0.25798499674692865,-0.005419518316750394,0.9997612342352338,1.0000343369253522
-0.08,1.0306077830180222,23.510319778698783,-0.25566481679960845,-0.005335241005496958,0.9997684840744465,1.0000332950696789
-0.08,1.0306077830180222,23.72805888762644,-0.2533596374304107,-0.005251935577462034,0.999775520039282,1.0000322846905219
-0.08,1.0306077830180222,23.947814571403043,-0.2510695099999981,-0.005169594507240155,0.9997823485748538,1.0000313048432319
-0.08,1.0306077830180222,24.169605506389228,-0.2487944849369764,-0.00508821021678595,0.999788975924533,1.000030354610451
-0.08,1.0306077830180222,24.39345054191539,-0.24653461176559077,-0.005007775083172689,0.9997954081362355,1.0000294331013961
-0.08,1.0306077830180222,24.619368701883577,-0.24428993913251223,-0.00492828144600751,0.9998016510685346,1.000028539451162
-0.08,1.0306077830180222,24.847379186384366,-0.24206051483220664,-0.00484972161451283,0.9998077103965886,1.0000276728200288
-0.08,1.0306077830180222,25.077501373328523,-0.2398463858303293,-0.004772087874283306,0.9998135916179001,1.0000268323927908
-0.08,1.0306077830180222,25.30975482009396,-0.23764759828463883,-0.004695372493727699,0.9998193000579043,1.0000260173781048
-0.08,1.0306077830180222,25.544159265187808,-0.23546419756307307,-0.0046195677302044835,0.9998248408753923,1.0000252270078422
-0.08,1.0306077830180222,25.780734629923902,-0.2332962282588505,-0.004544665835860271,0.9998302190677747,1.0000244605364639
-0.08,1.0306077830180222,26.019501020115914,-0.23114373420269693,-0.004470659063179672,0.999835439476192,1.0000237172404072
-0.08,1.0306077830180222,26.260478727786037,-0.229006758472528,-0.004397539670255354,0.9998405067904665,1.0000229964174832
-0.08,1.0306077830180222,26.503688232889502,-0.22688534340107655,-0.0043252999257866985,0.9998454255539083,1.0000222973862958
-0.08,1.0306077830180222,26.74915020505521,-0.22477953058202615,-0.0042539321138154,0.9998502001679808,1.0000216194856657
-0.08,1.0306077830180222,26.99688550534226,-0.22268936087518917,-0.004183428538206251,0.9998548348968193,1.0000209620740732
-0.08,1.0306077830180222,27.246915188012967,-0.2206148744111438,-0.004113781526880992,0.9998593338716203,1.0000203245291148
-0.08,1.0306077830180222,27.499260502322162,-0.21855611059555122,-0.004044983435813091,0.9998637010948871,1.0000197062469673
-0.08,1.0306077830180222,27.753942894323053,-0.2165131081131532,-0.003977026652791008,0.9998679404445544,1.0000191066418718
-0.08,1.0306077830180222,28.010984008689945,-0.2144859049312249,-0.003909903600957254,0.9998720556779851,1.000018525145623
-0.08,1.0306077830180222,28.270405690557713,-0.21247453830208995,-0.003843606742130456,0.9998760504358428,1.0000179612070796
-0.08,1.0306077830180222,28.532229987378305,-0.21047904476420307,-0.0037781285799173584,0.9998799282458423,1.0000174142916765
-0.08,1.0306077830180222,28.79647915079459,-0.20849946014130105,-0.0037134616626214056,0.9998836925263895,1.0000168838809589
-0.08,1.0306077830180222,29.063175638531384,-0.20653581953920594,-0.0036495985859546546,0.999887346590106,1.0000163694721202
-0.08,1.0306077830180222,29.332342116304055,-0.20458815734002625,-0.0035865319955593034,0.9998908936472427,1.0000158705775593
-0.08,1.0306077830180222,29.604001459744886,-0.20265650719370157,-0.0035242545893451657,0.9998943368089874,1.0000153867244381
-0.08,1.0306077830180222,29.8781767563471,-0.2007409020070541,-0.0034627591196492555,0.9998976790906705,1.0000149174542632
-0.08,1.0306077830180222,30.154891307427096,-0.1988413739306895,-0.003402038395223422,0.9999009234148681,1.0000144623224698
-0.08,1.0306077830180222,30.43416863010471,-0.19695795434422644,-0.003342085283056015,0.9999040726144075,1.0000140208980164
-0.08,1.0306077830180222,30.716032459301825,-0.19509067384037151,-0.0032828927100332344,0.9999071294352755,1.0000135927629925
-0.08,1.0306077830180222,31.00050674975963,-0.19323956220832653,-0.0032244536644457813,0.9999100965394433,1.0000131775122412
-0.08,1.0306077830180222,31.287615678074335,-0.19140464841689916,-0.003166761197346273,0.9999129765075911,1.000012774752979
-0.08,1.0306077830180222,31.577383644751972,-0.1895859605975159,-0.0031098084237625953,0.9999157718417475,1.0000123841044388
-0.08,1.0306077830180222,31.869835276282085,-0.18778352602714407,-0.003053588523772324,0.9999184849678521,1.0000120051975143
-0.08,1.0306077830180222,32.16499542723059,-0.18599737111093753,-0.002998094743443124,0.9999211182382292,1.0000116376744168
-0.08,1.0306077830180222,32.462889182352235,-0.1842275213642683,-0.0029433203956438026,0.9999236739339799,1.000011281188341
-0.08,1.0306077830180222,32.763541858722334,-0.18247400139372028,-0.0028892588607306487,0.9999261542673065,1.0000109354031381
-0.08,1.0306077830180222,33.06697900788844,-0.18073683487660339,-0.0028359035871133864,0.999928561383751,1.0000105999930025
-0.08,1.0306077830180222,33.373226418041924,-0.1790160445386115,-0.0027832480917051386,0.9999308973643701,1.0000102746421595
-0.08,1.0306077830180222,33.68231011620963,-0.1773116521293692,-0.0027312859602604497,0.9999331642278314,1.0000099590445688
-0.08,1.0306077830180222,33.99425637046573,-0.17562367839578416,-0.0026800108476055374,0.9999353639324469,1.0000096529036306
-0.08,1.0306077830180222,34.30909169216431,-0.17395214305330295,-0.002629416477764624,0.9999374983781383,1.0000093559319057
-0.08,1.0306077830180222,34.62684283819243,-0.1722970647553361,-0.0025794966439863284,0.9999395694083383,1.0000090678508355
-0.08,1.0306077830180222,34.94753681324406,-0.17065846106125138,-0.002530245208673808,0.9999415788118288,1.0000087883904771
-0.08,1.0306077830180222,35.2712008721152,-0.16903634840339343,-0.0024816561032224116,0.9999435283245198,1.000008517289243
-0.08,1.0306077830180222,35.597862522020144,-0.1674307420536015,-0.0024337233277683798,0.9999454196311665,1.000008254293646
-0.08,1.0306077830180222,35.927549524929255,-0.16584165608961754,-0.002386440950852108,0.9999472543670339,1.0000079991580537
-0.08,1.0306077830180222,36.26028989992831,-0.1642691033616688,-0.002339803108999356,0.999949034119505,1.0000077516444514
-0.08,1.0306077830180222,36.59611192559986,-0.16271309545934373,-0.0022938040062236162,0.9999507604296324,1.000007511522207
-0.08,1.0306077830180222,36.93504414242648,-0.16117364267872497,-0.0022484379134528297,0.9999524347936418,1.0000072785678467
-0.08,1.0306077830180222,37.27711535521626,-0.15965075398958653,-0.002203699167883485,0.9999540586643861,1.0000070525648366
-0.08,1.0306077830180222,37.62235463555102,-0.15814443700235373,-0.002159582172264996,0.999955633452743,1.000006833303368
-0.08,1.0306077830180222,37.97079132425686,-0.15665469793447065,-0.0021160813941171973,0.9999571605289803,1.0000066205801519
-0.08,1.0306077830180222,38.32245503389777,-0.15518154157581382,-0.002073191364883729,0.9999586412240591,1.0000064141982175
-0.08,1.0306077830180222,38.67737565129239,-0.15372497125286114,-0.0020309066790239663,0.9999600768309019,1.000006213966717
-0.08,1.0306077830180222,39.03558334005395,-0.15228498879142988,-0.001989221993046125,0.9999614686056199,1.0000060197007363
-0.08,1.0306077830180222,39.3971085431537,-0.1508615944779394,-0.0019481320244841098,0.9999628177686909,1.0000058312211135
-0.08,1.0306077830180222,39.761981985508335,-0.14945478701930462,-0.0019076315508206477,0.9999641255061046,1.0000056483542543
-0.08,1.0306077830180222,40.1302346765911,-0.14806456350170885,-0.0018677154083591532,0.9999653929704647,1.0000054709319672
-0.08,1.0306077830180222,40.50189791306716,-0.14669091934860268,-0.0018283784910468944,0.9999666212820536,1.000005298791288
-0.08,1.0306077830180222,40.87700328145351,-0.14533384827835014,-0.0017896157492517566,0.9999678115298629,1.0000051317743206
-0.08,1.0306077830180222,41.25558266080338,-0.1439933422619403,-0.001751422188495073,0.999968964772588,1.0000049697280768
-0.08,1.0306077830180222,41.63766822541544,-0.14266939148114868,-0.001713792868142888,0.9999700820395846,1.0000048125043248
-0.08,1.0306077830180222,42.02329244756837,-0.1413619842874391,-0.001676722900057855,0.9999711643318008,1.0000046599594374
-0.08,1.0306077830180222,42.41248810028041,-0.14007110716178328,-0.0016402074472141365,0.9999722126226677,1.0000045119542493
-0.08,1.0306077830180222,42.80528826009479,-0.13879674467543812,-0.0016042417222774342,0.9999732278589644,1.0000043683539155
-0.08,1.0306077830180222,43.20172630989064,-0.13753887945160204,-0.001568820986152372,0.9999742109616513,1.0000042290277769
-0.08,1.0306077830180222,43.60183594172025,-0.13629749212775952,-0.00153394054649931,0.9999751628266782,1.000004093849227
-0.08,1.0306077830180222,44.00565115967241,-0.13507256131846423,-0.001499595756222676,0.9999760843257559,1.0000039626955832
-0.08,1.0306077830180222,44.413206282762204,-0.1338640635782803,-0.0014657820119329625,0.9999769763071115,1.000003835447964
-0.08,1.0306077830180222,44.824535947847835,-0.13267197336462996,-0.0014324947523843454,0.9999778395962079,1.000003711991167
-0.08,1.0306077830180222,45.23967511257426,-0.13149626300035702,-0.0013997294568900169,0.999978674996443,1.000003592213556
-0.08,1.0306077830180222,45.65865905834403,-0.13033690263591474,-0.001367481643717319,0.999979483289824,1.0000034760069414
-0.08,1.0306077830180222,46.081523393315884,-0.12919386021119922,-0.0013357468684646841,0.999980265237616,1.0000033632664767
-0.08,1.0306077830180222,46.50830405543093,-0.12806710141716993,-0.001304520722422488,0.9999810215809699,1.0000032538905466
-0.08,1.0306077830180222,46.93903731546684,-0.12695658965750542,-0.0012737988309199863,0.9999817530415284,1.0000031477806701
-0.08,1.0306077830180222,47.37375978012049,-0.12586228601061716,-0.0012435768516602776,0.999982460322004,1.0000030448413932
-0.08,1.0306077830180222,47.81250839511901,-0.12478414919239872,-0.0012138504730456639,0.9999831441067482,1.0000029449801997
-0.08,1.0306077830180222,48.25532044835962,-0.12372213552008636,-0.0011846154124953425,0.9999838050622896,1.0000028481074088
-0.08,1.0306077830180222,48.70223357307873,-0.12267619887757834,-0.0011558674147577597,0.9999844438378588,1.0000027541360925
-0.08,1.0306077830180222,49.15328575105025,-0.12164629068249494,-0.0011276022502196773,0.9999850610658919,1.000002662981981
-0.08,1.0306077830180222,49.608515315813406,-0.12063235985517097,-0.0010998157132142325,0.9999856573625183,1.0000025745633803
-0.08,1.0306077830180222,50.067960955930815,-0.11963435278967016,-0.0010725036203300905,0.999986233328028,1.0000024888010894
-0.08,1.0306077830180222,50.5316617182763,-0.11865221332681522,-0.001045661808723936,0.9999867895473256,1.0000024056183183
-0.08,1.0306077830180222,50.99965701135351,-0.11768588272913597,-0.0010192861344385312,0.9999873265903654,1.0000023249406118
-0.08,1.0306077830180222,51.47198660864504,-0.11673529965757604,-0.0009933724707284362,0.9999878450125701,1.000002246695773
-0.08,1.0306077830180222,51.9486906519927,-0.11580040014976907,-0.0009679167063957836,0.9999883453552395,1.0000021708137918
-0.08,1.0306077830180222,52.429809655009066,-0.11488111759969018,-0.0009429147441382346,0.9999888281459361,1.000002097226772
-0.08,1.0306077830180222,52.91538450652049,-0.11397738273852533,-0.0009183624989114697,0.9999892938988668,1.0000020258688658
-0.08,1.0306077830180222,53.40545647404229,-0.11308912361665813,-0.000894255896308467,0.9999897431152416,1.0000019566762048
-0.08,1.0306077830180222,53.90006720728585,-0.1122162655867528,-0.0008705908709579665,0.9999901762836251,1.0000018895868374
-0.08,1.0306077830180222,54.39925874169825,-0.11135873128799968,-0.0008473633649444638,0.9999905938802731,1.0000018245406659
-0.08,1.0306077830180222,54.90307350203484,-0.11051644063167441,-0.0008245693262521262,0.999990996369458,1.0000017614793857
-0.08,1.0306077830180222,55.41155430596479,-0.10968931078823953,-0.0008022047072351486,0.9999913842037814,1.0000017003464288
-0.08,1.0306077830180222,55.924744367709856,-0.10887725617626803,-0.0007802654631169074,0.9999917578244776,1.0000016410869061
-0.08,1.0306077830180222,56.442687301717264,-0.10808018845350341,-0.0007587475505205143,0.9999921176617014,1.0000015836475526
-0.08,1.0306077830180222,56.96542712636624,-0.10729801651036658,-0.0007376469260331882,0.9999924641348134,1.0000015279766759
-0.08,1.0306077830180222,57.493008267708944,-0.10653064646620125,-0.0007169595448070285,0.9999927976526461,1.0000014740241019
-0.08,1.0306077830180222,58.02547556324627,-0.10577798166849511,-0.000696681359198675,0.9999931186137704,1.0000014217411304
-0.08,1.0306077830180222,58.562874265738245,-0.10503992269524894,-0.0006768083174503951,0.9999934274067414,1.0000013710804811
-0.08,1.0306077830180222,59.10525004705015,-0.10431636736059294,-0.0006573363624150789,0.999993724410347,1.0000013219962536
-0.08,1.0306077830180222,59.65264900203377,-0.10360721072366513,-0.0006382614303276832,0.9999940099938377,1.0000012744438762
-0.08,1.0306077830180222,60.2051176524451,-0.1029123451007039,-0.0006195794496255756,0.9999942845171564,1.0000012283800674
-0.08,1.0306077830180222,60.76270295089797,-0.10223166008024202,-0.0006012863398202397,0.9999945483311536,1.0000011837627918
-0.08,1.0306077830180222,61.325452284854336,-0.10156504254125691,-0.0005833780104227778,0.9999948017778036,1.000001140551219
-0.08,1.0306077830180222,61.89341348065174,-0.10091237667411428,-0.0005658503599256524,0.9999950451904016,1.0000010987056867
-0.08,1.0306077830180222,62.466634807567864,-0.10027354400414822,-0.0005486992748429835,0.9999952788937656,1.00000105818766
-0.08,1.0306077830180222,63.0451649819227,-0.09964842341774954,-0.000531920628811796,0.9999955032044247,1.000001018959695
-0.08,1.0306077830180222,63.629053171218956,-0.09903689119087619,-0.0005155102817565026,0.9999957184308023,1.0000009809854076
-0.08,1.0306077830180222,64.21834899832058,-0.09843882101995632,-0.000499464079118903,0.9999959248733972,1.0000009442294318
-0.08,1.0306077830180222,64.81310254566993,-0.09785408405521087,-0.0004837778511558669,0.9999961228249523,1.0000009086573933
-0.08,1.0306077830180222,65.4133643595444,-0.09728254893648154,-0.0004684474123069086,0.9999963125706237,1.0000008742358748
-0.08,1.0306077830180222,66.01918545435197,-0.09672408183169805,-0.0004534685606336796,0.9999964943881429,1.0000008409323837
-0.08,1.0306077830180222,66.63061731696679,-0.09617854647815152,-0.00043883707733345716,0.9999966685479696,1.0000008087153254
-0.08,1.0306077830180222,67.24771191110499,-0.09564580422676214,-0.0004245487263284589,0.9999968353134487,1.000000777553971
-0.08,1.0306077830180222,67.87052168174088,-0.09512571408952494,-0.0004105992539328963,0.9999969949409562,1.000000747418434
-0.08,1.0306077830180222,68.49909955956402,-0.09461813279030208,-0.00039698438859935795,0.9999971476800416,1.000000718279638
-0.08,1.0306077830180222,69.13349896547759,-0.09412291481909138,-0.00038369984074623396,0.999997293773566,1.0000006901092955
-0.08,1.0306077830180222,69.77377381513884,-0.09363991248985548,-0.0003707413026675283,0.9999974334578423,1.0000006628798797
-0.08,1.0306077830180222,70.41997852354069,-0.09316897600193728,-0.00035810444852642275,0.9999975669627637,1.0000006365646035
-0.08,1.0306077830180222,71.0721680096366,-0.09270995350502875,-0.00034578493443371305,0.9999976945119311,1.0000006111373916
-0.08,1.0306077830180222,71.73039770100793,-0.09226269116760125,-0.0003337783986121046,0.9999978163227837,1.0000005865728638
-0.08,1.0306077830180222,72.39472353857458,-0.0918270332486559,-0.0003220804616472287,0.9999979326067152,1.0000005628463091
-0.08,1.0306077830180222,73.06520198134909,-0.09140282217261042,-0.0003106867268259503,0.9999980435691983,1.0000005399336669
-0.08,1.0306077830180222,73.74189001123509,-0.09098989860711157,-0.0002995927805624663,0.9999981494098985,1.0000005178115052
-0.08,1.0306077830180222,74.42484513786997,-0.09058810154355078,-0.0002887941929124505,0.999998250322791,1.0000004964570055
-0.08,1.0306077830180222,75.11412540351232,-0.09019726838006012,-0.0002782865181753074,0.9999983464962685,1.0000004758479377
-0.08,1.0306077830180222,75.80978938797494,-0.0898172350067831,-0.0002680652955843801,0.9999984381132571,1.000000455962648
-0.08,1.0306077830180222,76.51189621360336,-0.08944783589323647,-0.00025812605008479413,0.9999985253513185,1.0000004367800388
-0.08,1.0306077830180222,77.22050555030022,-0.08908890417761622,-0.00024846429319836836,0.9999986083827589,1.0000004182795532
-0.08,1.0306077830180222,77.93567762059672,-0.08874027175793293,-0.00023907552397480527,0.9999986873747309,1.0000004004411578
-0.08,1.0306077830180222,78.65747320477065,-0.08840176938489923,-0.00022995523002818262,0.9999987624893389,1.0000003832453301
-0.08,1.0306077830180222,79.38595364601184,-0.08807322675652327,-0.00022109888865748823,0.9999988338837358,1.0000003666730395
-0.08,1.0306077830180222,80.12118085563553,-0.08775447261438529,-0.0002125019680497776,0.9999989017102258,1.0000003507057384
-0.08,1.0306077830180222,80.86321731834431,-0.08744533484158926,-0.0002041599285641998,0.9999989661163604,1.0000003353253442
-0.08,1.0306077830180222,81.61212609753805,-0.08714564056238559,-0.00019606822409500886,0.9999990272450336,1.0000003205142283
-0.08,1.0306077830180222,82.36797084067375,-0.08685521624345101,-0.00018822230351135774,0.9999990852345819,1.0000003062552025
-0.08,1.0306077830180222,83.13081578467474,-0.08657388779679488,-0.00018061761217142382,0.9999991402188735,1.000000292531511
-0.08,1.0306077830180222,83.90072576138992,-0.08630148068423338,-0.00017324959350824022,0.9999991923274032,1.0000002793268101
-0.08,1.0306077830180222,84.67776620310352,-0.08603782002333729,-0.00016611369068429425,0.9999992416853883,1.0000002666251686
-0.08,1.0306077830180222,85.46200314809617,-0.08578273069472035,-0.00015920534831174112,0.9999992884138524,1.0000002544110467
-0.08,1.0306077830180222,86.25350324625728,-0.0855360374504976,-0.00015252001423485622,0.999999332629724,1.0000002426692924
-0.08,1.0306077830180222,87.05233376474918,-0.08529756502370127,-0.00014605314137108882,0.9999993744459192,1.000000231385129
-0.08,1.0306077830180222,87.85856259372419,-0.0850671382384121,-0.00013980018960690302,0.9999994139714358,1.0000002205441478
-0.08,1.0306077830180222,88.67225825209441,-0.08484458212033372,-0.00013375662774432325,0.999999451311438,1.0000002101322965
-0.08,1.0306077830180222,89.49348989335462,-0.08462972200752161,-0.00012791793549394852,0.9999994865673455,1.0000002001358717
-0.08,1.0306077830180222,90.32232731145982,-0.0844223836609674,-0.00012227960550994623,0.9999995198369191,1.0000001905415106
-0.08,1.0306077830180222,91.15884094675663,-0.0842223933747401,-0.00011683714546248402,0.9999995512143476,1.0000001813361845
-0.08,1.0306077830180222,92.0031018919696,-0.08402957808539423,-0.00011158608014268077,0.9999995807903327,1.000000172507189
-0.08,1.0306077830180222,92.85518189824359,-0.08384376548037177,-0.00010652195359525436,0.9999996086521737,1.0000001640421374
-0.08,1.0306077830180222,93.71515338124135,-0.08366478410514826,-0.0001016403312737132,0.999999634883851,1.0000001559289549
-0.08,1.0306077830180222,94.58308942729796,-0.08349246346889848,-9.693680221291191e-05,0.9999996595661118,1.0000001481558696
-0.08,1.0306077830180222,95.45906379963219,-0.08332663414848833,-9.24069812137024e-05,0.9999996827765484,1.000000140711409
-0.08,1.0306077830180222,96.34315094461576,-0.08316712789062544,-8.804651103423886e-05,0.9999997045896843,1.0000001335843893
-0.08,1.0306077830180222,97.23542599809973,-0.08301377771203153,-8.385106458258373e-05,0.9999997250770556,1.0000001267639158
-0.08,1.0306077830180222,98.13596479180039,-0.08286641799751619,-7.981634710499123e-05,0.9999997443072877,1.00000012023937
-0.08,1.0306077830180222,99.04484385974408,-0.08272488459585665,-7.593809836447836e-05,0.9999997623461796,1.0000001140004107
-0.08,1.0306077830180222,99.96214044477135,-0.08258901491339392,-7.221209480407044e-05,0.9999997792567809,1.0000001080369634
-0.08,1.0306077830180222,100.88793250510167,-0.0824586480052639,-6.863415168918497e-05,0.9999997950994736,1.0000001023392187
-0.08,1.0306077830180222,101.82229872095873,-0.08233362466418241,-6.520012522372955e-05,0.9999998099320433,1.0000000968976244
-0.08,1.0306077830180222,102.76531850125772,-0.08221378750669624,-6.19059146344162e-05,0.9999998238097628,1.0000000917028824
-0.08,1.0306077830180222,103.71707199035326,-0.0820989810568028,-5.874746421792709e-05,0.9999998367854657,1.0000000867459449
-0.08,1.0306077830180222,104.67764007485148,-0.08198905182682976,-5.572076534565782e-05,0.9999998489096213,1.0000000820180082
-0.08,1.0306077830180222,105.64710439048359,-0.08188384839545042,-5.2821858420863324e-05,0.9999998602304097,1.000000077510507
-0.08,1.0306077830180222,106.62554732904427,-0.08178322148269813,-5.0046834783159293e-05,0.9999998707937959,1.0000000732151149
-0.08,1.0306077830180222,107.61305204539366,-0.08168702402183003,-4.739183855549813e-05,0.9999998806435999,1.000000069123734
-0.08,1.0306077830180222,108.60970246452491,-0.08159511122788203,-4.485306842889102e-05,0.9999998898215724,1.0000000652284964
-0.08,1.0306077830180222,109.61558328869602,-0.08150734066275042,-4.242677938038442e-05,0.9999998983674622,1.0000000615217557
-0.08,1.0306077830180222,110.63078000462876,-0.08142357229663688,-4.010928431991013e-05,0.9999999063190856,1.0000000579960868
-0.08,1.0306077830180222,111.65537889077429,-0.0813436685656958,-3.7896955661992545e-05,0.9999999137123972,1.0000000546442793
-0.08,1.0306077830180222,112.68946702464496,-0.08126749442573647,-3.578622681841672e-05,0.9999999205815535,1.0000000514593346
-0.08,1.0306077830180222,113.73313229021528,-0.08119491740184316,-3.377359360833964e-05,0.9999999269589842,1.0000000484344624
-0.08,1.0306077830180222,114.78646338539066,-0.08112580763379894,-3.185561558244402e-05,0.9999999328754517,1.0000000455630769
-0.08,1.0306077830180222,115.84954982954602,-0.08106003791722233,-3.0028917258210584e-05,0.9999999383601196,1.0000000428387943
-0.08,1.0306077830180222,116.92248197113297,-0.08099748374034801,-2.829018926355554e-05,0.9999999434406098,1.0000000402554259
-0.08,1.0306077830180222,118.00535099535914,-0.0809380233164148,-2.6636189386417553e-05,0.9999999481430693,1.0000000378069778
-0.08,1.0306077830180222,119.09824893193696,-0.08088153761164907,-2.506374352822855e-05,0.999999952492227,1.0000000354876455
-0.08,1.0306077830180222,120.2012686629055,-0.08082791036885915,-2.3569746559502153e-05,0.9999999565114505,1.0000000332918126
-0.08,1.0306077830180222,121.31450393052383,-0.08077702812668312,-2.2151163076118935e-05,0.9999999602228076,1.0000000312140442
-0.08,1.0306077830180222,122.43804934523853,-0.08072878023455421,-2.0805028055200386e-05,0.9999999636471201,1.0000000292490852
-0.08,1.0306077830180222,123.5720003937234,-0.08068305886346791,-1.9528447409828593e-05,0.9999999668040169,1.0000000273918574
-0.08,1.0306077830180222,124.7164534469956,-0.08063975901265137,-1.831859844219012e-05,0.9999999697119886,1.000000025637455
-0.08,1.0306077830180222,125.87150576860506,-0.0805987785122481,-1.717273019503794e-05,0.9999999723884389,1.0000000239811395
-0.08,1.0306077830180222,127.03725552290106,-0.08056001802213936,-1.6088163701745135e-05,0.9999999748497331,1.0000000224183416
-0.08,1.0306077830180222,128.21380178337475,-0.08052338102702813,-1.5062292135494034e-05,0.9999999771112505,1.0000000209446511
-0.08,1.0306077830180222,129.40124454107954,-0.08048877382791365,-1.4092580858490594e-05,0.9999999791874276,1.0000000195558185
-0.08,1.0306077830180222,130.59968471312828,-0.0804561055300835,-1.3176567372426446e-05,0.9999999810918063,1.000000018247749
-0.08,1.0306077830180222,131.8092241512703,-0.08042528802774714,-1.2311861171646083e-05,0.9999999828370764,1.0000000170164987
-0.08,1.0306077830180222,133.02996565054787,-0.08039623598543036,-1.1496143500856536e-05,0.9999999844351218,1.000000015858274
-0.08,1.0306077830180222,134.26201295803162,-0.08036886681624522,-1.0727167019412414e-05,0.9999999858970594,1.0000000147694263
-0.08,1.0306077830180222,135.5054707816382,-0.08034310065714491,-1.000275537454043e-05,0.9999999872332783,1.0000000137464462
-0.08,1.0306077830180222,136.76044479902887,-0.08031886034126903,-9.320802686076819e-06,0.9999999884534801,1.0000000127859652
-0.08,1.0306077830180222,138.02704166659132,-0.08029607136748255,-8.679272945539942e-06,0.999999989566717,1.0000000118847474
-0.08,1.0306077830180222,139.30536902850287,-0.08027466186720704,-8.076199332609594e-06,0.9999999905814249,1.000000011039691
-0.08,1.0306077830180222,140.5955355258802,-0.08025456256864792,-7.509683452254054e-06,0.999999991505459,1.000000010247818
-0.08,1.0306077830180222,141.8976508060113,-0.08023570675852032,-6.9778944959247895e-06,0.9999999923461278,1.0000000095062789
-0.08,1.0306077830180222,143.21182553167466,-0.08021803024137936,-6.479068330498817e-06,0.9999999931102236,1.000000008812343
-0.08,1.0306077830180222,144.53817139054382,-0.08020147129667145,-6.011506518635928e-06,0.9999999938040519,1.0000000081633977
-0.08,1.0306077830180222,145.87680110468003,-0.08018597063362463,-5.573575274552268e-06,0.9999999944334629,1.0000000075569444
-0.08,1.0306077830180222,147.22782844011104,-0.08017147134410887,-5.163704359144506e-06,0.9999999950038768,1.0000000069905963
-0.08,1.0306077830180222,148.59136821650102,-0.08015791885360324,-4.780385918628821e-06,0.9999999955203112,1.0000000064620747
-0.08,1.0306077830180222,149.9675363169076,-0.08014526087041846,-4.4221732708415065e-06,0.9999999959874077,1.0000000059692027
-0.08,1.0306077830180222,151.35644969763095,-0.08013344733333061,-4.087679643472786e-06,0.9999999964094525,1.0000000055099079
-0.08,1.0306077830180222,152.75822639815343,-0.0801224303577907,-3.7755768684958093e-06,0.9999999967904022,1.0000000050822124
-0.08,1.0306077830180222,154.17298555117182,-0.08011216418088173,-3.4845940371116795e-06,0.9999999971339053,1.0000000046842352
-0.08,1.0306077830180222,155.60084739272125,-0.08010260510520055,-3.213516119490426e-06,0.99999999744332,1.0000000043141863
-0.08,1.0306077830180222,157.0419332723941,-0.08009371144184463,-2.961182553615882e-06,0.9999999977217375,1.0000000039703627
-0.08,1.0306077830180222,158.4963656636536,-0.08008544345268696,-2.7264858074673834e-06,0.9999999979719979,1.0000000036511483
-0.08,1.0306077830180222,159.96426817424148,-0.08007776329211976,-2.508369918744825e-06,0.9999999981967089,1.0000000033550076
-0.08,1.0306077830180222,161.44576555668382,-0.08007063494844688,-2.3058290162985154e-06,0.9999999983982606,1.000000003080485
-0.08,1.0306077830180222,162.94098371889282,-0.08006402418509877,-2.117905827239503e-06,0.9999999985788436,1.0000000028262008
-0.08,1.0306077830180222,164.4500497348682,-0.0800578984818371,-1.9436901738117925e-06,0.999999998740461,1.000000002590848
-0.08,1.0306077830180222,165.97309185549548,-0.08005222697610845,-1.7823174637284814e-06,0.9999999988849451,1.000000002373191
-0.08,1.0306077830180222,167.5102395194472,-0.08004698040469506,-1.632967177823386e-06,0.9999999990139674,1.00000000217206
-0.08,1.0306077830180222,169.06162336418203,-0.08004213104580096,-1.4948613585313508e-06,0.9999999991290517,1.000000001986352
-0.08,1.0306077830180222,170.6273752370482,-0.08003765266169842,-1.3672631026890262e-06,0.9999999992315872,1.0000000018150228
-0.08,1.0306077830180222,172.20762820648835,-0.08003352044204864,-1.2494750619395547e-06,0.9999999993228363,1.0000000016570918
-0.08,1.0306077830180222,173.80251657334924,-0.08002971094799595,-1.1408379538932158e-06,0.9999999994039485,1.0000000015116315
-0.08,1.0306077830180222,175.41217588229446,-0.08002620205712468,-1.0407290870091467e-06,0.9999999994759631,1.0000000013777703
-0.08,1.0306077830180222,177.0367429333253,-0.08002297290935452,-9.485609020099289e-07,0.9999999995398264,1.0000000012546875
-0.08,1.0306077830180222,178.67635579340572,-0.08002000385383912,-8.637795324702949e-07,0.999999999596393,1.0000000011416137
-0.08,1.0306077830180222,180.33115380819694,-0.08001727639692267,-7.858633869956666e-07,0.9999999996464349,1.000000001037824
-0.08,1.0306077830180222,182.00127761389967,-0.0800147731512003,-7.143217553171266e-07,0.999999999690652,1.0000000009426393
-0.08,1.0306077830180222,183.68686914920713,-0.08001247778571942,-6.486934403308557e-07,0.9999999997296747,1.0000000008554244
-0.08,1.0306077830180222,185.38807166736675,-0.080010374977353,-5.88545418042297e-07,0.9999999997640686,1.0000000007755818
-0.08,1.0306077830180222,187.10502974835543,-0.08000845036337009,-5.334715271034763e-07,0.999999999794346,1.0000000007025551
-0.08,1.0306077830180222,188.83788931116757,-0.08000669049522352,-4.830911895092591e-07,0.9999999998209658,1.0000000006358232
-0.08,1.0306077830180222,190.58679762621514,-0.08000508279357273,-4.3704816381756035e-07,0.999999999844339,1.0000000005748984
-0.08,1.0306077830180222,192.35190332784438,-0.08000361550455622,-3.9500933208300044e-07,0.9999999998648363,1.0000000005193284
-0.08,1.0306077830180222,194.13335642696757,-0.08000227765732645,-3.566635215377157e-07,0.9999999998827872,1.0000000004686882
-0.08,1.0306077830180222,195.93130832381254,-0.08000105902285881,-3.2172036186630897e-07,0.9999999998984883,1.0000000004225855
-0.08,1.0306077830180222,197.74591182078862,-0.07999995007404548,-2.899091787842846e-07,0.9999999999122018,1.0000000003806526
-0.08,1.0306077830180222,199.5773211354742,-0.07999894194708473,-2.60977924453352e-07,0.9999999999241652,1.0000000003425495
-0.08,1.0306077830180222,201.42569191372198,-0.07999802640417478,-2.3469214514174002e-07,0.9999999999345869,1.00000000030796
-0.08,1.0306077830180222,203.29118124288746,-0.07999719579752168,-2.108339863529281e-07,0.9999999999436525,1.0000000002765905
-0.08,1.0306077830180222,205.1739476651793,-0.0799964430346687,-1.8920123558262683e-07,0.9999999999515287,1.0000000002481693
-0.08,1.0306077830180222,207.07415119113296,-0.07999576154515486,-1.6960640263583846e-07,0.9999999999583613,1.0000000002224454
-0.08,1.0306077830180222,208.99195331321022,-0.0799951452485069,-1.5187583742356226e-07,0.9999999999642809,1.0000000001991858
-0.08,1.0306077830180222,210.92751701952352,-0.07999458852356817,-1.3584888495484589e-07,0.9999999999694023,1.0000000001781761
-0.08,1.0306077830180222,212.88100680768738,-0.07999408617916504,-1.2137707717513254e-07,0.9999999999738258,1.0000000001592186
-0.08,1.0306077830180222,214.8525886987991,-0.0799936334261079,-1.0832336121664815e-07,0.9999999999776426,1.0000000001421294
-0.08,1.0306077830180222,216.84243025154836,-0.07999322585052057,-9.656136350244388e-08,0.9999999999809305,1.000000000126741
-0.08,1.0306077830180222,218.85070057645706,-0.07999285938848891,-8.59746890657204e-08,0.9999999999837582,1.0000000001128981
-0.08,1.0306077830180222,220.87757035025237,-0.0799925303020133,-7.645625541722766e-08,0.9999999999861874,1.0000000001004603
-0.08,1.0306077830180222,222.92321183037146,-0.07999223515624762,-6.790766014923664e-08,0.9999999999882708,1.0000000000892955
-0.08,1.0306077830180222,224.9877988696007,-0.07999197079800113,-6.023858148946687e-08,0.9999999999900547,1.0000000000792844
-0.08,1.0306077830180222,227.07150693085165,-0.07999173433547609,-5.3366210883346484e-08,0.9999999999915803,1.0000000000703184
-0.08,1.0306077830180222,229.17451310207272,-0.07999152311920925,-4.721471670523022e-08,0.9999999999928828,1.0000000000622964
-0.08,1.0306077830180222,231.29699611129922,-0.07999133472418125,-4.1714738115381904e-08,0.9999999999939938,1.0000000000551275
-0.08,1.0306077830180222,233.4391363418438,-0.07999116693305454,-3.680290807144495e-08,0.9999999999949386,1.0000000000487284
-0.08,1.0306077830180222,235.60111584762504,-0.07999101772049605,-3.242140447081147e-08,0.9999999999957421,1.0000000000430216
-0.08,1.0306077830180222,237.78311836864148,-0.07999088523853938,-2.851752836970355e-08,0.9999999999964236,1.0000000000379397
-0.08,1.0306077830180222,239.98532934658564,-0.07999076780293714,-2.5043308239113474e-08,0.999999999997001,1.0000000000334184
-0.08,1.0306077830180222,242.20793594060487,-0.07999066388045388,-2.195512917156326e-08,0.9999999999974896,1.0000000000294014
-0.08,1.0306077830180222,244.4511270432073,-0.07999057207704749,-1.921338598627024e-08,0.9999999999979021,1.0000000000258362
-0.08,1.0306077830180222,246.71509329631496,-0.07999049112688758,-1.678215916280451e-08,0.9999999999982493,1.0000000000226754
-0.08,1.0306077830180222,249.00002710746668,-0.0799904198821581,-1.4628912515126379e-08,0.9999999999985416,1.0000000000198768
-0.08,1.0306077830180222,251.3061226661696,-0.07999035730359277,-1.2724211625881654e-08,0.9999999999987872,1.000000000017402
-0.08,1.0306077830180222,253.6335759604023,-0.0799903024516933,-1.1041461895995042e-08,0.9999999999989928,1.000000000015216
-0.08,1.0306077830180222,255.98258479327197,-0.07999025447858124,-9.556665309442022e-09,0.999999999999165,1.000000000013288
-0.08,1.0306077830180222,258.3533487998248,-0.07999021262043658,-8.248194818989712e-09,0.9999999999993083,1.0000000000115892
-0.08,1.0306077830180222,260.7460694640121,-0.07999017619047949,-7.096585435075589e-09,0.9999999999994278,1.0000000000100944
-0.08,1.0306077830180222,263.1609501358149,-0.07999014457245221,-6.084341040408261e-09,0.9999999999995272,1.000000000008781
-0.08,1.0306077830180222,265.59819604852424,-0.07999011721456425,-5.195756022677839e-09,0.9999999999996092,1.0000000000076281
-0.08,1.0306077830180222,268.0580143361851,-0.07999009362386383,-4.416750824249441e-09,0.9999999999996775,1.0000000000066176
-0.08,1.0306077830180222,270.5406140511989,-0.07999007336100343,-3.734720551136606e-09,0.9999999999997335,1.0000000000057332
-0.08,1.0306077830180222,273.0462061820903,-0.07999005603537092,-3.138395810908849e-09,0.9999999999997793,1.0000000000049598
-0.08,1.0306077830180222,275.57500367143905,-0.07999004130055914,-2.6177149816188263e-09,0.999999999999817,1.0000000000042846
-0.08,1.0306077830180222,278.1272214339776,-0.07999002885015091,-2.1637071523944874e-09,0.9999999999998479,1.0000000000036966
-0.08,1.0306077830180222,280.7030763748543,-0.07999001841379948,-1.7683849968607919e-09,0.999999999999873,1.0000000000031843
-0.08,1.0306077830180222,283.30278740807006,-0.07999000975358554,-1.4246469002278236e-09,0.9999999999998935,1.0000000000027385
-0.08,1.0306077830180222,285.9265754750807,-0.07999000266063597,-1.1261876511477227e-09,0.9999999999999103,1.0000000000023521
-0.08,1.0306077830180222,288.57466356357577,-0.07998999695199044,-8.674171102064832e-10,0.9999999999999235,1.0000000000020164
-0.08,1.0306077830180222,291.24727672642865,-0.07998999246770357,-6.433862182315129e-10,0.9999999999999349,1.0000000000017264
-0.08,1.0306077830180222,293.94464210082356,-0.07998998906817292,-4.4971981723206094e-10,0.9999999999999434,1.0000000000014757
-0.08,1.0306077830180222,296.6669889275594,-0.07998998663168287,-2.8255572476911165e-10,0.9999999999999508,1.0000000000012594
-0.08,1.0306077830180222,299.4145485705322,-0.07998998505215571,-1.3848959738515967e-10,0.9999999999999567,1.0000000000010725
-0.08,1.0306077830180222,302.18755453639716,-0.07998998423710336,-1.4525084762385955e-11,0.9999999999999616,1.0000000000009122
-0.08,1.0306077830180222,304.9862424944146,-0.07998998410577036,9.197115395442063e-11,0.9999999999999654,1.0000000000007738
-0.08,1.0306077830180222,307.81085029647846,-0.07998998458746201,1.833099614640782e-10,0.9999999999999688,1.000000000000656
-0.08,1.0306077830180222,310.6616179973303,-0.07998998562004979,2.6151613871292626e-10,0.9999999999999722,1.0000000000005544
-0.08,1.0306077830180222,313.5387878749621,-0.07998998714864616,3.2836117049286133e-10,0.9999999999999746,1.0000000000004672
-0.08,1.0306077830180222,316.44260445120455,-0.07998998912444148,3.8539257168798774e-10,0.9999999999999777,1.000000000000394
-0.08,1.0306077830180222,319.3733145125105,-0.07998999150369322,4.3396014425744983e-10,0.9999999999999791,1.0000000000003302
-0.08,1.0306077830180222,322.3311671309267,-0.07998999424686078,4.752394450704537e-10,0.9999999999999816,1.0000000000002764
-0.08,1.0306077830180222,325.31641368526283,-0.0799899973178745,5.102527138598359e-10,0.9999999999999835,1.000000000000231
-0.08,1.0306077830180222,328.32930788245454,-0.07999000068353032,5.398875097216839e-10,0.9999999999999853,1.0000000000001923
-0.08,1.0306077830180222,331.37010577912685,-0.07999000431300017,5.649132737632358e-10,0.9999999999999869,1.0000000000001594
-0.08,1.0306077830180222,334.4390658033531,-0.07999000817744638,5.859960306289274e-10,0.9999999999999885,1.0000000000001315
-0.08,1.0306077830180222,337.53644877662083,-0.07999001224973101,6.03711404770353e-10,0.9999999999999902,1.0000000000001081
-0.08,1.0306077830180222,340.66251793599554,-0.07999001650420805,6.18556129415886e-10,0.9999999999999915,1.000000000000088
-0.08,1.0306077830180222,343.81753895649405,-0.07999002091658833,6.309582115646221e-10,0.9999999999999926,1.0000000000000715
-0.08,1.0306077830180222,347.00177997366285,-0.07999002546386577,6.412858664006801e-10,0.9999999999999939,1.0000000000000575
-0.08,1.0306077830180222,350.2155116063659,-0.07999003012429518,6.498554071458338e-10,0.9999999999999949,1.000000000000046
-0.08,1.0306077830180222,353.4590069797847,-0.0799900348774107,6.569381295510046e-10,0.9999999999999956,1.0000000000000362
-0.08,1.0306077830180222,356.73254174862967,-0.07999003970407505,6.627663815388539e-10,0.9999999999999959,1.000000000000028
-0.08,1.0306077830180222,360.0363941205664,-0.0799900445865514,6.675388444927629e-10,0.9999999999999968,1.0000000000000213
-0.08,1.0306077830180222,363.37084487986095,-0.07999004950858796,6.714251498633514e-10,0.9999999999999966,1.0000000000000155
-0.08,1.0306077830180222,366.73617741124224,-0.07999005445550783,6.745699149691295e-10,0.9999999999999971,1.0000000000000113
-0.08,1.0306077830180222,370.13267772398575,-0.07999005941429799,6.770962277818198e-10,0.999999999999997,1.000000000000008
-0.08,1.0306077830180222,373.5606344762222,-0.07999006437368981,6.791086967325902e-10,0.9999999999999967,1.0000000000000044
-0.08,1.0306077830180222,377.02033899946696,-0.07999006932422686,6.806960771575245e-10,0.9999999999999966,1.000000000000002
-0.08,1.0306077830180222,380.5120853233824,-0.07999007425831535,6.819335495542957e-10,0.9999999999999957,1.0000000000000002
-0.08,1.0306077830180222,384.03617020076405,-0.07999007917025369,6.828846873405918e-10,0.999999999999995,0.9999999999999986
-0.08,1.0306077830180222,387.5928931327621,-0.07999008405623868,6.836031506391786e-10,0.9999999999999942,0.9999999999999977
-0.08,1.0306077830180222,391.18255639433437,-0.07999008891434697,6.841341466032238e-10,0.9999999999999929,0.9999999999999966
-0.08,1.0306077830180222,394.8054650599374,-0.07999009374449066,6.845156828129491e-10,0.999999999999992,0.9999999999999963
-0.08,1.0306077830180222,398.4619270294508,-0.07999009854834732,6.84779642795159e-10,0.9999999999999908,0.9999999999999963
-0.08,1.0306077830180222,402.15225305434814,-0.0799901033292651,6.849527084954344e-10,0.9999999999999895,0.9999999999999958
-0.08,1.0306077830180222,405.87675676410373,-0.0799901080921445,6.850571528723416e-10,0.9999999999999881,0.9999999999999961
-0.08,1.0306077830180222,409.6357546928489,-0.07999011284329845,6.851115072230491e-10,0.999999999999987,0.9999999999999956
-0.08,1.0306077830180222,413.4295663062725,-0.07999011759029359,6.851311431535081e-10,0.9999999999999855,0.9999999999999961
-0.08,1.0306077830180222,417.25851402877123,-0.0799901223417753,6.851287597886447e-10,0.9999999999999843,0.9999999999999967
-0.08,1.0306077830180222,421.12292327085265,-0.0799901271072801,6.851148079154127e-10,0.9999999999999829,0.9999999999999968
-0.08,1.0306077830180222,425.02312245678996,-0.07999013189703838,6.850978397623433e-10,0.9999999999999818,0.999999999999998
-0.08,1.0306077830180222,428.95944305253283,-0.07999013672177123,6.850848138191292e-10,0.9999999999999807,0.9999999999999984
-0.08,1.0306077830180222,432.9322195938791,-0.0799901415924852,6.850813546668428e-10,0.9999999999999795,0.9999999999999989
-0.08,1.0306077830180222,436.9417897149054,-0.07999014652026781,6.850919664234459e-10,0.9999999999999787,1.0
-0.08,1.0306077830180222,440.98849417666133,-0.07999015151608832,6.851202219992335e-10,0.999999999999978,1.0000000000000002
-0.08,1.0306077830180222,445.0726768961314,-0.07999015659060625,6.851689200334143e-10,0.9999999999999776,1.0000000000000013
-0.08,1.0306077830180222,449.19468497546023,-0.07999016175399071,6.852402113658194e-10,0.9999999999999771,1.0000000000000018
-0.08,1.0306077830180222,453.3548687314555,-0.07999016701575386,6.853357153106206e-10,0.9999999999999765,1.0000000000000027
-0.08,1.0306077830180222,457.55358172535705,-0.07999017238460038,6.854566108412511e-10,0.9999999999999767,1.0000000000000036
-0.08,1.0306077830180222,461.7911807928867,-0.07999017786829497,6.856037175953466e-10,0.9999999999999766,1.0000000000000044
-0.08,1.0306077830180222,466.0680260745743,-0.0799901834735504,6.857775554198456e-10,0.9999999999999771,1.0000000000000047
-0.08,1.0306077830180222,470.3844810463644,-0.07999018920593606,6.859784033075035e-10,0.9999999999999775,1.000000000000005
-0.08,1.0306077830180222,474.7409125505084,-0.07999019506980883,6.862063405731231e-10,0.9999999999999778,1.0000000000000064
-0.08,1.0306077830180222,479.1376908267404,-0.0799902010682666,6.864612826879836e-10,0.9999999999999782,1.0000000000000069
-0.08,1.0306077830180222,483.57518954374194,-0.07999020720312418,6.867430103092441e-10,0.999999999999979,1.0000000000000078
-0.08,1.0306077830180222,488.0537858309,-0.07999021347491146,6.870511913882649e-10,0.9999999999999795,1.0000000000000082
-0.08,1.0306077830180222,492.5738603103579,-0.07999021988289315,6.873853976856097e-10,0.9999999999999807,1.0000000000000087
-0.08,1.0306077830180222,497.1357971293627,-0.07999022642510897,6.877451178003742e-10,0.9999999999999817,1.0000000000000093
-0.08,1.0306077830180222,501.7399839929145,-0.07999023309843334,6.881297652983992e-10,0.999999999999983,1.0000000000000093
-0.08,1.0306077830180222,506.3868121967132,-0.07999023989865225,6.885386836436668e-10,0.999999999999984,1.00000000000001
-0.08,1.0306077830180222,511.0766766604169,-0.07999024682055636,6.889711525791141e-10,0.9999999999999847,1.0000000000000104
-0.08,1.0306077830180222,515.809975961202,-0.07999025385804762,6.894263852328502e-10,0.9999999999999863,1.0000000000000109
-0.08,1.0306077830180222,520.5871123676386,-0.07999026100425807,6.899035246799743e-10,0.9999999999999873,1.000000000000011
-0.08,1.0306077830180222,525.4084918738774,-0.07999026825167717,6.904016495013497e-10,0.999999999999988,1.0000000000000107
-0.08,1.0306077830180222,530.2745242341559,-0.07999027559228748,6.909197663941168e-10,0.999999999999989,1.0000000000000113
-0.08,1.0306077830180222,535.1856229976182,-0.0799902830177041,6.914568042697669e-10,0.99999999999999,1.0000000000000113
-0.08,1.0306077830180222,540.1422055434659,-0.07999029051931716,6.920116126520678e-10,0.9999999999999909,1.000000000000011
-0.08,1.0306077830180222,545.1446931164259,-0.07999029808843461,6.925829643060764e-10,0.9999999999999917,1.000000000000011
-0.08,1.0306077830180222,550.1935108625528,-0.07999030571642257,6.931695360793138e-10,0.9999999999999921,1.000000000000011
-0.08,1.0306077830180222,555.2890878653604,-0.0799903133948424,6.937699247327418e-10,0.9999999999999927,1.000000000000011
-0.08,1.0306077830180222,560.4318571822878,-0.07999032111558124,6.94382628758286e-10,0.9999999999999936,1.0000000000000107
-0.08,1.0306077830180222,565.6222558815047,-0.07999032887097497,6.950060603263766e-10,0.9999999999999942,1.000000000000011
-0.08,1.0306077830180222,570.8607250790558,-0.07999033665392252,6.956385329620574e-10,0.999999999999994,1.0000000000000107
-0.08,1.0306077830180222,576.1477099763489,-0.07999034445798872,6.962782736656757e-10,0.9999999999999942,1.0000000000000104
-0.08,1.0306077830180222,581.4836598979924,-0.07999035227749574,6.969234163486172e-10,0.9999999999999937,1.0000000000000098
-0.08,1.0306077830180222,586.8690283299819,-0.079990360107602,6.975720081887942e-10,0.9999999999999936,1.0000000000000093
-0.08,1.0306077830180222,592.3042729582397,-0.07999036794436713,6.982220172296686e-10,0.9999999999999937,1.000000000000009
-0.08,1.0306077830180222,597.7898557075149,-0.07999037578480342,6.988713343543187e-10,0.9999999999999929,1.0000000000000089
-0.08,1.0306077830180222,603.3262427806361,-0.07999038362691259,6.995177810964042e-10,0.9999999999999928,1.0000000000000084
-0.08,1.0306077830180222,608.913904698138,-0.07999039146970838,7.001591192206359e-10,0.999999999999992,1.000000000000008
-0.08,1.0306077830180222,614.5533163382452,-0.0799903993132251,7.007930597399057e-10,0.9999999999999911,1.000000000000008
-0.08,1.0306077830180222,620.2449569772324,-0.07999040715851181,7.014172730458443e-10,0.99999999999999,1.0000000000000073
-0.08,1.0306077830180222,625.9893103301563,-0.07999041500761347,7.020294007895321e-10,0.9999999999999893,1.0000000000000069
-0.08,1.0306077830180222,631.7868645919671,-0.07999042286353925,7.026270680815781e-10,0.9999999999999878,1.0000000000000062
-0.08,1.0306077830180222,637.638112478994,-0.07999043073021865,7.032078970722446e-10,0.9999999999999872,1.0000000000000058
-0.08,1.0306077830180222,643.5435512708254,-0.07999043861244694,7.0376951783499e-10,0.9999999999999858,1.000000000000005
-0.08,1.0306077830180222,649.5036828525664,-0.07999044651582023,7.043095863596897e-10,0.9999999999999851,1.0000000000000047
-0.08,1.0306077830180222,655.5190137574945,-0.07999045444666213,7.048257965681534e-10,0.999999999999984,1.0000000000000042
-0.08,1.0306077830180222,661.5900552101086,-0.07999046241194231,7.053158931083309e-10,0.999999999999983,1.0000000000000038
-0.08,1.0306077830180222,667.7173231695753,-0.07999047041918911,7.057776881816741e-10,0.9999999999999815,1.0000000000000036
-0.08,1.0306077830180222,673.9013383735801,-0.07999047847639672,7.06209074098525e-10,0.9999999999999798,1.0000000000000024
-0.08,1.0306077830180222,680.1426263825831,-0.07999048659192859,7.066080405210129e-10,0.9999999999999791,1.0000000000000022
-0.08,1.0306077830180222,686.4417176244827,-0.0799904947744187,7.069726787436994e-10,0.9999999999999779,1.0000000000000018
-0.08,1.0306077830180222,692.7991474396972,-0.07999050303267129,7.073012011233632e-10,0.9999999999999766,1.0000000000000016
-0.08,1.0306077830180222,699.215456126661,-0.07999051137556067,7.07591954666259e-10,0.9999999999999758,1.0000000000000007
-0.08,1.0306077830180222,705.6911889877423,-0.07999051981193248,7.07843424606147e-10,0.9999999999999747,1.0000000000000002
-0.08,1.0306077830180222,712.2268963755895,-0.07999052835050717,7.08054249247464e-10,0.9999999999999745,1.0000000000000002
-0.08,1.0306077830180222,718.8231337398989,-0.07999053699978698,7.082232263680222e-10,0.9999999999999734,0.9999999999999994
-0.08,1.0306077830180222,725.4804616746267,-0.07999054576796752,7.083493205896988e-10,0.999999999999973,0.9999999999999989
-0.08,1.0306077830180222,732.1994459656265,-0.07999055466285429,7.084316734093143e-10,0.999999999999972,0.9999999999999987
-0.08,1.0306077830180222,738.9806576387373,-0.07999056369178595,7.084695995613083e-10,0.9999999999999719,0.9999999999999984
-0.08,1.0306077830180222,745.8246730083114,-0.07999057286156382,7.08462597426084e-10,0.9999999999999709,0.9999999999999979
-0.08,1.0306077830180222,752.7320737261965,-0.07999058217838918,7.084103506918369e-10,0.9999999999999709,0.9999999999999976
-0.08,1.0306077830180222,759.7034468311634,-0.0799905916478085,7.083127249862911e-10,0.9999999999999708,0.9999999999999976
-0.08,1.0306077830180222,766.7393847988028,-0.07999060127466663,7.081697701962411e-10,0.9999999999999707,0.999999999999997
-0.08,1.0306077830180222,773.8404855918722,-0.07999061106306873,7.079817155565283e-10,0.9999999999999706,0.9999999999999966
-0.08,1.0306077830180222,781.0073527111184,-0.07999062101635118,7.077489701725497e-10,0.9999999999999707,0.9999999999999962
-0.08,1.0306077830180222,788.2405952465664,-0.07999063113706076,7.074721138789763e-10,0.9999999999999712,0.9999999999999961
-0.08,1.0306077830180222,795.5408279292831,-0.07999064142694273,7.071518934623907e-10,0.9999999999999715,0.9999999999999958
-0.08,1.0306077830180222,802.9086711836236,-0.07999065188693799,7.067892144068378e-10,0.9999999999999721,0.9999999999999959
-0.08,1.0306077830180222,810.3447511799583,-0.07999066251718756,7.063851332387855e-10,0.9999999999999727,0.9999999999999957
-0.08,1.0306077830180222,817.8496998878867,-0.07999067331704642,7.059408463149417e-10,0.999999999999973,0.9999999999999952
-0.08,1.0306077830180222,825.4241551299497,-0.07999068428510395,7.054576814653482e-10,0.9999999999999737,0.999999999999995
-0.08,1.0306077830180222,833.0687606358348,-0.07999069541921223,7.049370858773851e-10,0.9999999999999747,0.9999999999999949
-0.08,1.0306077830180222,840.7841660970844,-0.07999070671652082,7.04380612152633e-10,0.9999999999999752,0.9999999999999946
-0.08,1.0306077830180222,848.5710272223139,-0.07999071817351797,7.037899102443006e-10,0.9999999999999761,0.9999999999999946
-0.08,1.0306077830180222,856.4300057929329,-0.07999072978607726,7.031667076459894e-10,0.999999999999977,0.9999999999999944
-0.08,1.0306077830180222,864.3617697193946,-0.07999074154950907,7.025128024396133e-10,0.999999999999978,0.9999999999999939
-0.08,1.0306077830180222,872.3669930979535,-0.07999075345861689,7.018300453808026e-10,0.9999999999999789,0.999999999999994
-0.08,1.0306077830180222,880.4463562679581,-0.07999076550775654,7.011203266452783e-10,0.99999999999998,0.9999999999999941
-0.08,1.0306077830180222,888.6005458696701,-0.07999077769089907,7.003855605615636e-10,0.9999999999999807,0.999999999999994
-0.08,1.0306077830180222,896.8302549026189,-0.07999079000169533,6.996276753875508e-10,0.999999999999982,0.9999999999999938
-0.08,1.0306077830180222,905.1361827845002,-0.07999080243354269,6.988485948048888e-10,0.9999999999999827,0.9999999999999937
-0.08,1.0306077830180222,913.5190354106156,-0.07999081497965202,6.980502278988556e-10,0.9999999999999838,0.9999999999999936
-0.08,1.0306077830180222,921.9795252138629,-0.07999082763311567,6.972344485503624e-10,0.9999999999999846,0.9999999999999934
-0.08,1.0306077830180222,930.5183712252855,-0.07999084038697442,6.964030934788527e-10,0.9999999999999853,0.9999999999999931
-0.08,1.0306077830180222,939.1362991351807,-0.07999085323428388,6.955579431136993e-10,0.9999999999999862,0.9999999999999934
-0.08,1.0306077830180222,947.8340413547725,-0.0799908661681791,6.947007082703599e-10,0.999999999999987,0.9999999999999934
-0.08,1.0306077830180222,956.6123370784595,-0.07999087918193731,6.938330234264568e-10,0.9999999999999878,0.9999999999999932
-0.08,1.0306077830180222,965.4719323466358,-0.0799908922690378,6.929564322989702e-10,0.9999999999999883,0.9999999999999931
-0.08,1.0306077830180222,974.4135801090915,-0.07999090542321893,6.92072382804731e-10,0.999999999999989,0.9999999999999929
-0.08,1.0306077830180222,983.4380402890077,-0.07999091863853172,6.911822130559881e-10,0.9999999999999898,0.9999999999999932
-0.08,1.0306077830180222,992.5460798475383,-0.07999093190938959,6.902871476579186e-10,0.99999999999999,0.9999999999999931
-0.08,1.0306077830180222,1001.7384728489908,-0.07999094523061373,6.893882879662641e-10,0.9999999999999907,0.9999999999999932
-0.08,1.0306077830180222,1011.0160005266158,-0.07999095859747443,6.884866097097865e-10,0.9999999999999915,0.999999999999993
-0.08,1.0306077830180222,1020.3794513489946,-0.07999097200572756,6.875829508779274e-10,0.9999999999999911,0.9999999999999927
-0.08,1.0306077830180222,1029.8296210870567,-0.07999098545164635,6.866780169272166e-10,0.9999999999999915,0.9999999999999928
-0.08,1.0306077830180222,1039.3673128817031,-0.07999099893204813,6.857723699667212e-10,0.9999999999999917,0.999999999999993
-0.08,1.0306077830180222,1048.993337312066,-0.07999101244431618,6.848664304883201e-10,0.999999999999992,0.999999999999993
-0.08,1.0306077830180222,1058.7085124643972,-0.07999102598641654,6.839604765023794e-10,0.9999999999999919,0.9999999999999927
-0.08,1.0306077830180222,1068.5136640015942,-0.07999103955690982,6.830546402457741e-10,0.9999999999999919,0.9999999999999927
-0.08,1.0306077830180222,1078.4096252333723,-0.0799910531549578,6.821489124112358e-10,0.9999999999999919,0.9999999999999928
-0.08,1.0306077830180222,1088.3972371870843,-0.07999106678032541,6.812431417615885e-10,0.9999999999999915,0.9999999999999925
-0.08,1.0306077830180222,1098.4773486791944,-0.07999108043337819,6.80337038213178e-10,0.9999999999999913,0.9999999999999925
-0.08,1.0306077830180222,1108.650816387419,-0.07999109411507424,6.794301761972824e-10,0.9999999999999908,0.9999999999999926
-0.08,1.0306077830180222,1118.9185049235327,-0.07999110782695286,6.785219986341173e-10,0.9999999999999906,0.9999999999999927
-0.08,1.0306077830180222,1129.2812869068487,-0.07999112157111836,6.776118222687721e-10,0.99999999999999,0.9999999999999923
-0.08,1.0306077830180222,1139.740043038382,-0.07999113535022001,6.766988422053111e-10,0.9999999999999896,0.9999999999999927
-0.08,1.0306077830180222,1150.2956621756925,-0.07999114916742847,6.757821390915567e-10,0.9999999999999891,0.9999999999999923
-0.08,1.0306077830180222,1160.9490414084332,-0.0799911630264086,6.74860686169485e-10,0.9999999999999885,0.9999999999999925
-0.08,1.0306077830180222,1171.7010861345848,-0.07999117693128954,6.739333546232957e-10,0.9999999999999882,0.9999999999999922
-0.08,1.0306077830180222,1182.5527101374053,-0.07999119088663144,6.729989237676074e-10,0.9999999999999873,0.9999999999999921
-0.08,1.0306077830180222,1193.5048356630894,-0.07999120489739033,6.720560868732995e-10,0.9999999999999869,0.9999999999999921
-0.08,1.0306077830180222,1204.55839349915,-0.07999121896888035,6.711034620370543e-10,0.9999999999999862,0.9999999999999921
-0.08,1.0306077830180222,1215.7143230535173,-0.07999123310673446,6.701395990385961e-10,0.9999999999999857,0.9999999999999921
-0.08,1.0306077830180222,1226.9735724343827,-0.07999124731686369,6.691629898030614e-10,0.999999999999985,0.9999999999999919
-0.08,1.0306077830180222,1238.33709853077,-0.07999126160541484,6.681720755186614e-10,0.9999999999999842,0.9999999999999919
-0.08,1.0306077830180222,1249.8058670938608,-0.07999127597872796,6.671652582624408e-10,0.9999999999999832,0.9999999999999918
-0.08,1.0306077830180222,1261.3808528190714,-0.07999129044329273,6.661409096806778e-10,0.9999999999999829,0.9999999999999918
-0.08,1.0306077830180222,1273.0630394288874,-0.07999130500570517,6.650973791771942e-10,0.9999999999999822,0.9999999999999917
-0.08,1.0306077830180222,1284.8534197564702,-0.0799913196726239,6.640330039724097e-10,0.9999999999999815,0.9999999999999916
-0.08,1.0306077830180222,1296.7529958300336,-0.07999133445072742,6.629461175966584e-10,0.999999999999981,0.9999999999999915
-0.08,1.0306077830180222,1308.7627789579997,-0.07999134934667129,6.618350604581574e-10,0.9999999999999807,0.9999999999999915
-0.08,1.0306077830180222,1320.883789814951,-0.07999136436704705,6.606981888732768e-10,0.9999999999999797,0.9999999999999912
-0.08,1.0306077830180222,1333.1170585283726,-0.0799913795183417,6.595338792463857e-10,0.9999999999999793,0.999999999999991
-0.08,1.0306077830180222,1345.4636247661995,-0.07999139480689882,6.583405429931527e-10,0.9999999999999789,0.9999999999999913
-0.08,1.0306077830180222,1357.924537825179,-0.07999141023888129,6.571166274063107e-10,0.9999999999999784,0.9999999999999912
-0.08,1.0306077830180222,1370.500856720038,-0.07999142582023576,6.558606303715694e-10,0.9999999999999779,0.999999999999991
-0.08,1.0306077830180222,1383.1936502734964,-0.07999144155665912,6.545711025349091e-10,0.9999999999999775,0.9999999999999907
-0.08,1.0306077830180222,1396.0039972070938,-0.07999145745356694,6.532466562281046e-10,0.9999999999999771,0.9999999999999907
-0.08,1.0306077830180222,1408.9329862328714,-0.07999147351606456,6.518859701848436e-10,0.9999999999999767,0.9999999999999907
-0.08,1.0306077830180222,1421.9817161458968,-0.07999148974892008,6.504877980734739e-10,0.9999999999999762,0.9999999999999909
-0.08,1.0306077830180222,1435.1512959176512,-0.07999150615654002,6.49050971852082e-10,0.9999999999999765,0.9999999999999905
-0.08,1.0306077830180222,1448.4428447902692,-0.07999152274294762,6.475744079822353e-10,0.999999999999976,0.9999999999999903
-0.08,1.0306077830180222,1461.8574923716699,-0.07999153951176348,6.460571104678056e-10,0.999999999999976,0.9999999999999903
-0.08,1.0306077830180222,1475.3963787315492,-0.07999155646618919,6.444981764457622e-10,0.9999999999999759,0.9999999999999901
-0.08,1.0306077830180222,1489.0606544982772,-0.07999157360899327,6.428967994531706e-10,0.9999999999999762,0.9999999999999902
-0.08,1.0306077830180222,1502.8514809566846,-0.07999159094249982,6.412522708177144e-10,0.9999999999999762,0.9999999999999901
-0.08,1.0306077830180222,1516.7700301467542,-0.07999160846858021,6.395639840032842e-10,0.9999999999999761,0.9999999999999899
-0.08,1.0306077830180222,1530.8174849632353,-0.07999162618864691,6.378314357822946e-10,0.9999999999999762,0.9999999999999899
-0.08,1.0306077830180222,1544.9950392561707,-0.07999164410365005,6.360542277645733e-10,0.9999999999999762,0.9999999999999897
-0.08,1.0306077830180222,1559.3038979323546,-0.07999166221407668,6.342320673101048e-10,0.9999999999999769,0.9999999999999899
-0.08,1.0306077830180222,1573.7452770577393,-0.07999168051995231,6.323647683337052e-10,0.9999999999999769,0.9999999999999893
-0.08,1.0306077830180222,1588.3204039607824,-0.07999169902084495,6.304522510339783e-10,0.9999999999999772,0.9999999999999898
-0.08,1.0306077830180222,1603.0305173367537,-0.07999171771587134,6.284945419196485e-10,0.9999999999999779,0.9999999999999893
-0.08,1.0306077830180222,1617.8768673530133,-0.07999173660370536,6.264917722317518e-10,0.999999999999978,0.9999999999999897
-0.08,1.0306077830180222,1632.8607157552478,-0.07999175568258876,6.244441776374774e-10,0.9999999999999786,0.9999999999999891
-0.08,1.0306077830180222,1647.9833359747165,-0.07999177495034354,6.223520957459234e-10,0.9999999999999789,0.9999999999999893
-0.08,1.0306077830180222,1663.2460132364645,-0.07999179440438657,6.202159646696958e-10,0.9999999999999792,0.999999999999989
-0.08,1.0306077830180222,1678.6500446685554,-0.0799918140417453,6.180363200934855e-10,0.9999999999999799,0.9999999999999891
-0.08,1.0306077830180222,1694.1967394123092,-0.07999183385907588,6.158137933181307e-10,0.9999999999999806,0.9999999999999888
-0.08,1.0306077830180222,1709.8874187335668,-0.0799918538526821,6.135491078003694e-10,0.9999999999999809,0.999999999999989
-0.08,1.0306077830180222,1725.7234161349695,-0.07999187401853597,6.112430752428726e-10,0.9999999999999816,0.9999999999999888
-0.08,1.0306077830180222,1741.706077469303,-0.07999189435229936,6.08896592698114e-10,0.9999999999999825,0.9999999999999893
-0.08,1.0306077830180222,1757.8367610538646,-0.0799919148493466,6.065106396547184e-10,0.9999999999999828,0.9999999999999891
-0.08,1.0306077830180222,1774.1168377859105,-0.07999193550478831,6.040862707388045e-10,0.9999999999999833,0.9999999999999889
-0.08,1.0306077830180222,1790.547691259161,-0.07999195631349547,6.016246161552489e-10,0.999999999999984,0.9999999999999887
-0.08,1.0306077830180222,1807.1307178813868,-0.07999197727012478,5.991268736397126e-10,0.999999999999985,0.9999999999999887
-0.08,1.0306077830180222,1823.867326993091,-0.0799919983691436,5.965943046112268e-10,0.9999999999999855,0.9999999999999888
-0.08,1.0306077830180222,1840.7589409872808,-0.07999201960485637,5.940282303531615e-10,0.9999999999999861,0.9999999999999888
-0.08,1.0306077830180222,1857.8069954303487,-0.07999204097143019,5.914300270582398e-10,0.9999999999999867,0.9999999999999887
-0.08,1.0306077830180222,1875.012939184082,-0.07999206246292104,5.88801120980088e-10,0.9999999999999872,0.9999999999999888
-0.08,1.0306077830180222,1892.378234528796,-0.07999208407329993,5.861429822698473e-10,0.999999999999988,0.9999999999999885
-0.08,1.0306077830180222,1909.9043572876058,-0.07999210579647889,5.834571213152394e-10,0.9999999999999887,0.9999999999999885
-0.08,1.0306077830180222,1927.592796951861,-0.07999212762633644,5.807450830298232e-10,0.9999999999999891,0.9999999999999887
-0.08,1.0306077830180222,1945.4450568077177,-0.07999214955674312,5.780084440068303e-10,0.9999999999999898,0.999999999999989
-0.08,1.0306077830180222,1963.4626540639163,-0.07999217158158611,5.752488036450771e-10,0.9999999999999903,0.9999999999999886
-0.08,1.0306077830180222,1981.6471199807077,-0.07999219369479367,5.72467783717559e-10,0.9999999999999911,0.9999999999999889
-0.08,1.0306077830180222,2000.0,-0.07999221589035861,5.696670182760664e-10,0.9999999999999918,0.9999999999999887
-0.04,1.031821050150122,0.0,0.0,0.0,0.0,1.031821050150122
-0.04,1.031821050150122,0.05,-0.0011898138408858552,0.023405038037207254,0.029695357638351703,1.031336878665019
-0.04,1.031821050150122,0.1,-0.00460515512595489,0.04453434531902306,0.05927659763927504,1.0308527311493543
-0.04,1.031821050150122,0.15000000000000002,-0.010025510529831286,0.063528317374017,0.08864266411950406,1.0303686668012353
-0.04,1.031821050150122,0.2,-0.017244162449479017,0.08052243746676374,0.11770558410009853,1.0298847797354462
-0.04,1.031821050150122,0.25,-0.02606768886742024,0.09564710872298998,0.14638927483662434,1.0294011952886166
-0.04,1.031821050150122,0.30000000000000004,-0.03631544861823119,0.10902753602439877,0.17462844287849483,1.0289180664926276
-0.04,1.031821050150122,0.35000000000000003,-0.047819058251090646,0.12078365227340418,0.20236756794920668,1.0284355707015989
-0.04,1.031821050150122,0.4,-0.060421862156977424,0.1310300840220995,0.22955996545030494,1.0279539063632193
-0.04,1.031821050150122,0.45,-0.07397840213749876,0.13987615184012808,0.2561669219856115,1.0274732899294161
-0.04,1.031821050150122,0.5,-0.08835388768565526,0.1474259011586396,0.28215689880266076,1.026993952904462
-0.04,1.031821050150122,0.55,-0.1034236717365092,0.1537781596727425,0.30750479847148526,1.026516139031036
-0.04,1.031821050150122,0.6000000000000001,-0.11907273187988092,0.15902661770989954,0.3321912904847625,1.0260401016162095
-0.04,1.031821050150122,0.65,-0.13519516245302993,0.1632599282788975,0.3562021917777084,1.0255661010002908
-0.04,1.031821050150122,0.7000000000000001,-0.1516936757517264,0.1665618238014271,0.37952789844016044,1.0250944021718407
-0.04,1.031821050150122,0.75,-0.16847911660209372,0.16901124679784055,0.4021628651379428,1.0246252725321452
-0.04,1.031821050150122,0.8,-0.18546999080801513,0.17068249205093108,0.4241051289768822,1.0241589798120736
-0.04,1.031821050150122,0.8500000000000001,-0.20259200726052995,0.17164535800626562,0.44535587474016053,1.0236957901436068
-0.04,1.031821050150122,0.9,-0.21977763641512724,0.1719653053868716,0.4659190386102629,1.023235966287502
-0.04,1.031821050150122,0.9500000000000001,-0.23696568500288806,0.17170362120421978,0.4858009476522716,1.0227797660176239
-0.04,1.031821050150122,1.0,-0.25410088661992275,0.17091758653673556,0.5050099924905145,1.0223274406614458
-0.04,1.031821050150122,1.05,-0.271133509588566,0.16966064662305003,0.5235563307565934,1.021879233795158
-0.04,1.031821050150122,1.1,-0.28801898226713785,0.16798258198056362,0.5414516190240937,1.0214353800908056
-0.04,1.031821050150122,1.1500000000000001,-0.304717535046079,0.1659296794108061,0.5587087710759759,1.0209961043118676
-0.04,1.031821050150122,1.2000000000000002,-0.3211938592302676,0.16354490189249185,0.5753417404758403,1.020561620452755
-0.04,1.031821050150122,1.25,-0.33741678318272306,0.16086805649197608,0.5913653255338197,1.0201321310168638
-0.04,1.031821050150122,1.3,-0.35335896521501087,0.15793595953938316,0.6067949948722011,1.0197078264270865
-0.04,1.031821050150122,1.35,-0.3689966025451886,0.15478259842739325,0.6216467319059086,1.0192888845620427
-0.04,1.031821050150122,1.4000000000000001,-0.3843091561653161,0.15143928948923152,0.6359368966587904,1.0188754704107796
-0.04,1.031821050150122,1.4500000000000002,-0.39927909149662927,0.1479348315034537,0.6496821034380713,1.0184677358382765
-0.04,1.031821050150122,1.5,-0.4138916342600913,0.1442956544560108,0.6628991129865017,1.0180658194538126
-0.04,1.031821050150122,1.55,-0.42813454082776536,0.14054596326518104,0.675604737824769,1.017669846574068
-0.04,1.031821050150122,1.6,-0.4419978825632686,0.13670787624276948,0.6878157595860049,1.0172799292727743
-0.04,1.031821050150122,1.6500000000000001,-0.4554738438103341,0.1328015581260187,0.6995488572292282,1.0168961665087024
-0.04,1.031821050150122,1.7000000000000002,-0.4685565330347567,0.128845347569368,0.7108205450995746,1.0165186443239174
-0.04,1.031821050150122,1.75,-0.4812418064360097,0.12485587903386319,0.7216471198800867,1.0161474361043927
-0.04,1.031821050150122,1.8,-0.49352710336549616,0.12084819905505252,0.7320446155528265,1.0157826028953185
-0.04,1.031821050150122,1.85,-0.50541129303495,0.11683587690799556,0.7420287655562089,1.015424193763738
-0.04,1.031821050150122,1.9000000000000001,-0.5168945320613466,0.11283110972100945,0.7516149713906577,1.0150722462014845
-0.04,1.031821050150122,1.9500000000000002,-0.5279781323250561,0.10884482211831402,0.7608182769860214,1.0147267865617797
-0.04,1.031821050150122,2.0,-0.538664438535572,0.10488676049612622,0.7696533482018071,1.0143878305232423
-0.04,1.031821050150122,2.0500000000000003,-0.548956714908622,0.1009655820573513,0.7781344568852486,1.0140553835755124
-0.04,1.031821050150122,2.1,-0.5588590404403605,0.0970889387471158,0.7862754689627385,1.013729441521086
-0.04,1.031821050150122,2.15,-0.5683762123305768,0.09326355624535683,0.7940898360871791,1.0134099909884378
-0.04,1.031821050150122,2.2,-0.577513657109412,0.08949530818380645,0.8015905904076182,1.0130970099519243
-0.04,1.031821050150122,2.25,-0.586277348988908,0.08578928576326063,0.8087903420680764,1.012790468254386
-0.04,1.031821050150122,2.3000000000000003,-0.5946737349476605,0.08214986295326439,0.8157012790801101,1.0124903281288105
-0.04,1.031821050150122,2.35,-0.6027096660880136,0.07858075746051961,0.822335169248333,1.0121965447158112
-0.04,1.031821050150122,2.4000000000000004,-0.6103923348593145,0.07508508765466312,0.8287033638601842,1.0119090665740538
-0.04,1.031821050150122,2.45,-0.6177292177819041,0.07166542564082982,0.8348168028806313,1.0116278361811526
-0.04,1.031821050150122,2.5,-0.6247280233185319,0.06832384666777451,0.8406860214195672,1.0113527904229043
-0.04,1.031821050150122,2.5500000000000003,-0.6313966445345188,0.06506197505850089,0.8463211572643363,1.0110838610690196
-0.04,1.031821050150122,2.6,-0.6377431161881933,0.06188102684747609,0.8517319592924555,1.010820975233872
-0.04,1.031821050150122,2.6500000000000004,-0.6437755759118929,0.058781849304768326,0.8569277966001981,1.0105640558210092
-0.04,1.031821050150122,2.7,-0.6495022291768511,0.055764957522974834,0.86191766820145,1.0103130219504575
-0.04,1.031821050150122,2.75,-0.6549313177681659,0.052830568237735735,0.8667102131682987,1.01006778936808
-0.04,1.031821050150122,2.8000000000000003,-0.660071091517489,0.049978631047097564,0.8713137211002381,1.0098282708364386
-0.04,1.031821050150122,2.85,-0.6649297830498954,0.0472088571890805,0.8757361428228431,1.0095943765068405
-0.04,1.031821050150122,2.9000000000000004,-0.6695155853050654,0.04452074603062598,0.879985101229327,1.009366014272367
-0.04,1.031821050150122,2.95,-0.6738366316002561,0.04191360941473401,0.8840679021897621,1.0091430901018705
-0.04,1.031821050150122,3.0,-0.6779009780178,0.039386594006103566,0.8879915454629028,1.0089255083550481
-0.04,1.031821050150122,3.0500000000000003,-0.6817165879207241,0.036938701769050196,0.8917627355546965,1.008713172078795
-0.04,1.031821050150122,3.1,-0.6852913184209972,0.034568808704928275,0.8953878924757382,1.008505983285166
-0.04,1.031821050150122,3.1500000000000004,-0.6886329086408863,0.032275681969798256,0.8988731623572197,1.0083038432113356
-0.04,1.031821050150122,3.2,-0.691748969617665,0.03005799548668075,0.9022244278913945,1.0081066525620195
-0.04,1.031821050150122,3.25,-0.6946469757076497,0.02791434416046742,0.9054473185683817,1.0079143117348996
-0.04,1.031821050150122,3.3000000000000003,-0.6973342573509022,0.025843256797442895,0.9085472206861954,1.007726721029606
-0.04,1.031821050150122,3.35,-0.6998179950657626,0.023843207825427714,0.9115292871153986,1.0075437808408578
-0.04,1.031821050150122,3.4000000000000004,-0.7021052145533113,0.0219126279048037,0.9143984468037811,1.007365391836428
-0.04,1.031821050150122,3.45,-0.7042027828042756,0.020049913515141324,0.9171594140098941,1.007191455120545
-0.04,1.031821050150122,3.5,-0.7061174051127409,0.01825343559682519,0.9198166972573566,1.0070218723834232
-0.04,1.031821050150122,3.5500000000000003,-0.7078556229102937,0.0165215473219743,0.9223746080044891,1.0068565460375771
-0.04,1.031821050150122,3.6,-0.7094238123406597,0.014852591064090162,0.9248372690261312,1.0066953793416038
-0.04,1.031821050150122,3.6500000000000004,-0.7108281834991703,0.013244904631224205,0.9272086225064906,1.0065382765120863
-0.04,1.031821050150122,3.7,-0.7120747802650552,0.011696826823058183,0.9294924378435635,1.0063851428242778
-0.04,1.031821050150122,3.75,-0.713169480658801,0.01020670236810759,0.9316923191671312,1.0062358847022244
-0.04,1.031821050150122,3.8000000000000003,-0.7141179976622659,0.008772886293312947,0.9338117125735701,1.0060904097989378
-0.04,1.031821050150122,3.85,-0.7149258804456115,0.007393747774547456,0.9358539130817375,1.0059486270672489
-0.04,1.031821050150122,3.9000000000000004,-0.7155985159516406,0.006067673513053872,0.9378220713150554,1.0058104468219273
-0.04,1.031821050150122,3.95,-0.7161411307939609,0.004793070679515485,0.939719199915639,1.0056757807936492
-0.04,1.031821050150122,4.0,-0.7165587934299683,0.0035683694643537925,0.9415481796968636,1.0055445421753555
-0.04,1.031821050150122,4.05,-0.7168564165729187,0.0023920252699355803,0.9433117655412279,1.0054166456615437
-0.04,1.031821050150122,4.1000000000000005,-0.7170387598096426,0.001262520577638318,0.9450125920507202,1.0052920074809912
-0.04,1.031821050150122,4.15,-0.7171104323924138,0.00017836652017319535,0.9466531789571389,1.0051705454234032
-0.04,1.031821050150122,4.2,-0.7170758961754963,-0.0008618958128202911,0.9482359363000123,1.0050521788604385
-0.04,1.031821050150122,4.25,-0.7169394686694069,-0.0018596943101170083,0.9497631693798521,1.0049368287615548
-0.04,1.031821050150122,4.3,-0.7167053261887802,-0.002816424991467169,0.951237083494539,1.004824417705096
-0.04,1.031821050150122,4.3500000000000005,-0.716377507072829,-0.0037334513555844595,0.9526597884666334,1.004714869885
-0.04,1.031821050150122,4.4,-0.7159599149602794,-0.0046121039035623085,0.9540333029693634,1.00460811111351
-0.04,1.031821050150122,4.45,-0.7154563221031961,-0.005453679819382705,0.9553595586589603,1.0045040688202322
-0.04,1.031821050150122,4.5,-0.7148703727059659,-0.006259442790725314,0.9566404041209005,1.0044026720478707
-0.04,1.031821050150122,4.55,-0.7142055862771156,-0.007030622954714073,0.9578776086374875,1.004303851444949
-0.04,1.031821050150122,4.6000000000000005,-0.7134653609825372,-0.007768416954561502,0.9590728657840363,1.0042075392558008
-0.04,1.031821050150122,4.65,-0.7126529769894974,-0.008473988094294596,0.9602277968607693,1.0041136693081083
-0.04,1.031821050150122,4.7,-0.7117715997915612,-0.009148466579876325,0.9613439541673258,1.0040221769982358
-0.04,1.031821050150122,4.75,-0.7108242835055196,-0.009792949836080185,0.9624228241266033,1.003932999274589
-0.04,1.031821050150122,4.800000000000001,-0.7098139741325088,-0.01040850288943803,0.9634658302644551,1.0038460746192341
-0.04,1.031821050150122,4.8500000000000005,-0.7087435127767364,-0.010996158808467374,0.964474336051525,1.0037613430279593
-0.04,1.031821050150122,4.9,-0.7076156388164511,-0.01155691919320121,0.9654496476133348,1.003678745988984
-0.04,1.031821050150122,4.95,-0.7064329930229368,-0.01209175470679456,0.9663930163144875,1.0035982264604841
-0.04,1.031821050150122,5.0,-0.7051981206241692,-0.012601605642670936,0.9673056412226506,1.003519728847091
-0.04,1.031821050150122,5.050000000000001,-0.7039134743104659,-0.013087382521306604,0.9681886714577846,1.0034431989755226
-0.04,1.031821050150122,5.1000000000000005,-0.7025814171798966,-0.013549966711330864,0.9690432084318362,1.0033685840694744
-0.04,1.031821050150122,5.15,-0.7012042256214608,-0.013990211070153524,0.969870307983951,1.0032958327238999
-0.04,1.031821050150122,5.2,-0.699784092134266,-0.014408940599818261,0.970670982416021,1.003224894878804
-0.04,1.031821050150122,5.25,-0.6983231280811086,-0.014806953114227027,0.9714462024332028,1.003155721792643
-0.04,1.031821050150122,5.300000000000001,-0.6968233663750947,-0.015185019914288339,0.9721968989938359,1.0030882660154334
-0.04,1.031821050150122,5.3500000000000005,-0.6952867640982773,-0.015543886467915088,0.972923965073014,1.0030224813616664
-0.04,1.031821050150122,5.4,-0.6937152050516444,-0.01588427309213763,0.9736282573438687,1.0029583228830914
-0.04,1.031821050150122,5.45,-0.6921105022362293,-0.01620687563490751,0.9743105977804337,1.002895746841462
-0.04,1.031821050150122,5.5,-0.6904744002655049,-0.016512366154449704,0.974971775185828,1.0028347106812943
-0.04,1.031821050150122,5.550000000000001,-0.6888085777095818,-0.01680139359427806,0.9756125466492704,1.0027751730027048
-0.04,1.031821050150122,5.6000000000000005,-0.6871146493719987,-0.017074584452221854,0.9762336389353283,1.0027170935343848
-0.04,1.031821050150122,5.65,-0.6853941685000606,-0.01733254344202311,0.97683574980862,1.0026604331067528
-0.04,1.031821050150122,5.7,-0.6836486289297704,-0.017575854146256314,0.9774195492970515,1.002605153625332
-0.04,1.031821050150122,5.75,-0.6818794671664214,-0.01780507965949595,0.9779856808965147,1.002551218044394
-0.04,1.031821050150122,5.800000000000001,-0.6800880644018921,-0.018020763220814376,0.9785347627198631,1.0024985903408963
-0.04,1.031821050150122,5.8500000000000005,-0.6782757484696629,-0.018223428834834385,0.9790673885928078,1.0024472354887486
-0.04,1.031821050150122,5.9,-0.6764437957385759,-0.01841358188068862,0.9795841290992964,1.0023971194334413
-0.04,1.031821050150122,5.95,-0.6745934329463622,-0.01859170970835325,0.9800855325787716,1.0023482090670333
-0.04,1.031821050150122,6.0,-0.672725838974043,-0.018758282221927103,0.9805721260776386,1.0023004722035607
-0.04,1.031821050150122,6.050000000000001,-0.670842146562376,-0.018913752449519025,0.9810444162571007,1.002253877554835
-0.04,1.031821050150122,6.1000000000000005,-0.6689434439716341,-0.01905855709949101,0.981502890259489,1.0022083947066929
-0.04,1.031821050150122,6.15,-0.6670307765860987,-0.01919311710287755,0.9819480165350419,1.0021639940956704
-0.04,1.031821050150122,6.2,-0.6651051484647256,-0.01931783814186809,0.9823802456310378,1.0021206469861301
-0.04,1.031821050150122,6.25,-0.6631675238395072,-0.019433111164298383,0.9828000109450832,1.0020783254478558
-0.04,1.031821050150122,6.300000000000001,-0.6612188285630733,-0.01953931288414829,0.9832077294442592,1.0020370023340948
-0.04,1.031821050150122,6.3500000000000005,-0.6592599515070504,-0.019636806268089325,0.9836038023517603,1.0019966512600826
-0.04,1.031821050150122,6.4,-0.6572917459126786,-0.019725941008166114,0.9839886158025739,1.001957246582029
-0.04,1.031821050150122,6.45,-0.6553150306951051,-0.019807053980730398,0.9843625414696648,1.001918763376573
-0.04,1.031821050150122,6.5,-0.6533305917027369,-0.019880469691777654,0.9847259371620832,1.001881177420723
-0.04,1.031821050150122,6.550000000000001,-0.6513391829329355,-0.019946500708862804,0.9850791473963159,1.001844465172249
-0.04,1.031821050150122,6.6000000000000005,-0.6493415277053269,-0.020005448079794076,0.9854225039421458,1.0018086037505554
-0.04,1.031821050150122,6.65,-0.6473383197939264,-0.020057601738324136,0.9857563263442372,1.001773570918016
-0.04,1.031821050150122,6.7,-0.6453302245192787,-0.020103240897073618,0.9860809224205828,1.0017393450617635
-0.04,1.031821050150122,6.75,-0.6433178798018039,-0.0201426344279364,0.9863965887389067,1.0017059051759452
-0.04,1.031821050150122,6.800000000000001,-0.641301897177533,-0.020176041230227034,0.9867036110720646,1.001673230844423
-0.04,1.031821050150122,6.8500000000000005,-0.6392828627774372,-0.020203710586839695,0.9870022648334138,1.001641302223922
-0.04,1.031821050150122,6.9,-0.6372613382715494,-0.02022588250869598,0.9872928154931058,1.001610100027614
-0.04,1.031821050150122,6.95,-0.6352378617790824,-0.020242788067763005,0.9875755189761882,1.0015796055091433
-0.04,1.031821050150122,7.0,-0.633212948745731,-0.02025464971892853,0.9878506220433614,1.001549800447063
-0.04,1.031821050150122,7.050000000000001,-0.6311870927893293,-0.020261681611020835,0.988118362655198,1.0015206671297052
-0.04,1.031821050150122,7.1000000000000005,-0.629160766514991,-0.020264089887263654,0.9883789703205985,1.0014921883404506
-0.04,1.031821050150122,7.15,-0.6271344223008295,-0.02026207297545511,0.9886326664302084,1.0014643473434062
-0.04,1.031821050150122,7.2,-0.6251084930552946,-0.020255821868159902,0.9888796645754873,1.0014371278694758
-0.04,1.031821050150122,7.25,-0.6230833929471201,-0.02024552039320177,0.9891201708541065,1.0014105141028196
-0.04,1.031821050150122,7.300000000000001,-0.6210595181088223,-0.020231345474740394,0.9893543841622838,1.001384490667688
-0.04,1.031821050150122,7.3500000000000005,-0.6190372473146505,-0.02021346738521459,0.9895824964746747,1.0013590426156316
-0.04,1.031821050150122,7.4,-0.6170169426338376,-0.020192049988429064,0.9898046931123673,1.0013341554130695
-0.04,1.031821050150122,7.45,-0.6149989500599885,-0.020167250974058668,0.9900211529995484,1.001309814929211
-0.04,1.031821050150122,7.5,-0.6129836001173954,-0.020139222083838816,0.9902320489093321,1.001286007424322
-0.04,1.031821050150122,7.550000000000001,-0.6109712084450755,-0.020108109329706254,0.9904375476992667,1.001262719538339
-0.04,1.031821050150122,7.6000000000000005,-0.6089620763592839,-0.020074053204148786,0.9906378105369549,1.00123993827979
-0.04,1.031821050150122,7.65,-0.6069564913952766,-0.02003718888301772,0.9908329931162743,1.0012176510150594
-0.04,1.031821050150122,7.7,-0.604954727829056,-0.019997646421050355,0.9910232458645859,1.001195845457953
-0.04,1.031821050150122,7.75,-0.6029570471798369,-0.019955550940344843,0.9912087141413511,1.001174509659569
-0.04,1.031821050150122,7.800000000000001,-0.6009636986939546,-0.01991102281202319,0.9913895384285384,1.0011536319984664
-0.04,1.031821050150122,7.8500000000000005,-0.5989749198109131,-0.019864177831312887,0.9915658545131937,1.0011332011711256
-0.04,1.031821050150122,7.9,-0.5969909366122473,-0.01981512738627064,0.9917377936625013,1.001113206182682
-0.04,1.031821050150122,7.95,-0.5950119642538619,-0.019763978620367162,0.9919054827916998,1.001093636337943
-0.04,1.031821050150122,8.0,-0.593038207382464,-0.019710834589144036,0.9920690446251376,1.0010744812326637
-0.04,1.031821050150122,8.05,-0.5910698605366841,-0.019655794411149386,0.9922285978507913,1.0010557307450838
-0.04,1.031821050150122,8.1,-0.5891071085334628,-0.01959895341335193,0.9923842572685299,1.0010373750277182
-0.04,1.031821050150122,8.15,-0.5871501268402272,-0.019540403271227618,0.9925361339323904,1.001019404499388
-0.04,1.031821050150122,8.200000000000001,-0.5851990819333752,-0.019480232143707057,0.9926843352871365,1.0010018098374922
-0.04,1.031821050150122,8.25,-0.5832541316435582,-0.01941852480316603,0.9928289652993441,1.0009845819705065
-0.04,1.031821050150122,8.3,-0.581315425488218,-0.019355362760635996,0.9929701245832563,1.0009677120707177
-0.04,1.031821050150122,8.35,-0.5793831049918359,-0.019290824386405333,0.9931079105216177,1.000951191547152
-0.04,1.031821050150122,8.4,-0.5774573039943206,-0.019224985026177567,0.9932424173817391,1.0009350120387472
-0.04,1.031821050150122,8.450000000000001,-0.5755381489479605,-0.019157917112945986,0.9933737364269524,1.000919165407701
-0.04,1.031821050150122,8.5,-0.5736257592033455,-0.019089690274740445,0.9935019560236948,1.0009036437330356
-0.04,1.031821050150122,8.55,-0.5717202472846626,-0.019020371438395512,0.9936271617443788,1.000888439304351
-0.04,1.031821050150122,8.6,-0.5698217191547558,-0.01895002492948517,0.9937494364662477,1.0008735446157593
-0.04,1.031821050150122,8.65,-0.5679302744703347,-0.018878712568563955,0.9938688604663756,1.0008589523600198
-0.04,1.031821050150122,8.700000000000001,-0.5660460068276998,-0.018806493763849318,0.9939855115129785,1.0008446554228285
-0.04,1.031821050150122,8.75,-0.5641690039993533,-0.01873342560047609,0.9940994649531921,1.0008306468772927
-0.04,1.031821050150122,8.8,-0.5622993481618425,-0.01865956292644875,0.9942107937974681,1.0008169199785673
-0.04,1.031821050150122,8.85,-0.5604371161151761,-0.018584958435413242,0.9943195688007235,1.0008034681586568
-0.04,1.031821050150122,8.9,-0.5585823794941348,-0.018509662746365424,0.9944258585403835,1.000790285021365
-0.04,1.031821050150122,8.950000000000001,-0.5567352049717894,-0.018433724480409416,0.9945297294914489,1.0007773643374058
-0.04,1.031821050150122,9.0,-0.5548956544555226,-0.018357190334675123,0.9946312460987083,1.0007647000396556
-0.04,1.031821050150122,9.05,-0.5530637852758332,-0.018280105153499735,0.9947304708462136,1.0007522862185514
-0.04,1.031821050150122,9.1,-0.5512396503681904,-0.018202511996975125,0.9948274643241293,1.0007401171176196
-0.04,1.031821050150122,9.15,-0.5494232984481946,-0.018124452206958675,0.994922285293073,1.000728187129154
-0.04,1.031821050150122,9.200000000000001,-0.5476147741802861,-0.01804596547064182,0.9950149907460395,1.000716490790007
-0.04,1.031821050150122,9.25,-0.5458141183402282,-0.01796708988176721,0.9951056359680103,1.0007050227775158
-0.04,1.031821050150122,9.3,-0.5440213679715924,-0.017887861999581894,0.9951942745933451,1.0006937779055523
-0.04,1.031821050150122,9.35,-0.5422365565364532,-0.017808316905611,0.9952809586610446,1.0006827511206844
-0.04,1.031821050150122,9.4,-0.540459714060501,-0.017728488258333022,0.9953657386679675,1.000671937498456
-0.04,1.031821050150122,9.450000000000001,-0.5386908672727696,-0.017648408345834934,0.9954486636200883,1.0006613322397804
-0.04,1.031821050150122,9.5,-0.5369300397401728,-0.01756810813652252,0.9955297810818723,1.0006509306674374
-0.04,1.031821050150122,9.55,-0.535177251997036,-0.017487617327958546,0.9956091372238429,1.000640728222675
-0.04,1.031821050150122,9.600000000000001,-0.5334325216698136,-0.01740696439389863,0.995686776868418,1.0006307204619178
-0.04,1.031821050150122,9.65,-0.5316958635971573,-0.0173261766295918,0.9957627435340725,1.0006209030535638
-0.04,1.031821050150122,9.700000000000001,-0.5299672899455232,-0.017245280195411137,0.9958370794779131,1.0006112717748874
-0.04,1.031821050150122,9.75,-0.5282468103204804,-0.017164300158876163,0.9959098257367044,1.0006018225090239
-0.04,1.031821050150122,9.8,-0.5265344318738817,-0.017083260535127515,0.9959810221664269,1.0005925512420526
-0.04,1.031821050150122,9.850000000000001,-0.5248301594070622,-0.01700218432591154,0.996050707480415,1.0005834540601588
-0.04,1.031821050150122,9.9,-0.5231339954702143,-0.01692109355713024,0.9961189192861336,1.0005745271468844
-0.04,1.031821050150122,9.950000000000001,-0.5214459404580827,-0.01684000931501049,0.9961856941206426,1.00056576678046
-0.04,1.031821050150122,10.0,-0.5197659927021278,-0.016758951780943714,0.9962510674848065,1.0005571693312119
-0.04,1.031821050150122,10.05,-0.5180941485592804,-0.016677940265045765,0.9963150738762906,1.0005487312590464
-0.04,1.031821050150122,10.100000000000001,-0.5164304024974253,-0.01659699323848476,0.9963777468213995,1.0005404491110133
-0.04,1.031821050150122,10.15,-0.5147747471777293,-0.016516128364622743,0.9964391189057932,1.0005323195189322
-0.04,1.031821050150122,10.200000000000001,-0.5131271735339281,-0.01643536252901532,0.99649922180413,1.0005243391970986
-0.04,1.031821050150122,10.25,-0.5114876708486894,-0.016354711868311958,0.9965580863086742,1.0005165049400457
-0.04,1.031821050150122,10.3,-0.5098562268271449,-0.016274191798097755,0.9966157423569131,1.0005088136203826
-0.04,1.031821050150122,10.350000000000001,-0.5082328276677044,-0.01619381703971605,0.9966722190582098,1.0005012621866884
-0.04,1.031821050150122,10.4,-0.506617458130237,-0.01611360164610992,0.9967275447195453,1.00049384766147
-0.04,1.031821050150122,10.450000000000001,-0.5050101016017163,-0.016033559026718797,0.9967817468703637,1.0004865671391783
-0.04,1.031821050150122,10.5,-0.5034107401594204,-0.015953701971465548,0.9968348522865766,1.000479417784286
-0.04,1.031821050150122,10.55,-0.5018193546317663,-0.015874042673867567,0.996886887013738,1.0004723968294131
-0.04,1.031821050150122,10.600000000000001,-0.5002359246568685,-0.015794592753304585,0.9969378763894345,1.0004655015735173
-0.04,1.031821050150122,10.65,-0.498660428738897,-0.015715363276474232,0.9969878450649143,1.0004587293801264
-0.04,1.031821050150122,10.700000000000001,-0.4970928443023172,-0.015636364778065605,0.9970368170259806,1.0004520776756263
-0.04,1.031821050150122,10.75,-0.49553314774408747,-0.01555760728067977,0.9970848156131871,1.000445543947602
-0.04,1.031821050150122,10.8,-0.49398131448388943,-0.015479100314024942,0.9971318635413503,1.0004391257432204
-0.04,1.031821050150122,10.850000000000001,-0.49243731901245896,-0.015400852933413317,0.9971779829184035,1.0004328206676576
-0.04,1.031821050150122,10.9,-0.49090113493809945,-0.015322873737585242,0.9972231952636322,1.0004266263825812
-0.04,1.031821050150122,10.950000000000001,-0.48937273503143214,-0.015245170885885529,0.9972675215252937,1.0004205406046671
-0.04,1.031821050150122,11.0,-0.48785209126846074,-0.015167752114815927,0.9973109820976529,1.0004145611041597
-0.04,1.031821050150122,11.05,-0.48633917487201106,-0.015090624753986577,0.9973535968374597,1.0004086857034777
-0.04,1.031821050150122,11.100000000000001,-0.4848339563516019,-0.015013795741488749,0.9973953850798756,1.0004029122758553
-0.04,1.031821050150122,11.15,-0.48333640554181845,-0.014937271638709938,0.9974363656538857,1.000397238744021
-0.04,1.031821050150122,11.200000000000001,-0.48184649163923005,-0.01486105864461204,0.9974765568971994,1.0003916630789218
-0.04,1.031821050150122,11.25,-0.48036418323791974,-0.014785162609492135,0.9975159766706657,1.0003861832984693
-0.04,1.031821050150122,11.3,-0.4788894483636688,-0.014709589048244976,0.997554642372223,1.000380797466335
-0.04,1.031821050150122,11.350000000000001,-0.47742225450684983,-0.014634343153145398,0.9975925709503934,1.0003755036907742
-0.04,1.031821050150122,11.4,-0.4759625686540726,-0.014559429806168176,0.9976297789173397,1.0003703001234787
-0.04,1.031821050150122,11.450000000000001,-0.4745103573186298,-0.014484853590862405,0.9976662823615049,1.0003651849584687
-0.04,1.031821050150122,11.5,-0.4730655865697833,-0.014410618803796514,0.9977020969598441,1.0003601564310092
-0.04,1.031821050150122,11.55,-0.47162822206093385,-0.014336729465589677,0.997737237989663,1.0003552128165643
-0.04,1.031821050150122,11.600000000000001,-0.4701982290567095,-0.014263189331544716,0.9977717203400841,1.0003503524297728
-0.04,1.031821050150122,11.65,-0.46877557245901497,-0.01419000190189699,0.9978055585231401,1.0003455736234559
-0.04,1.031821050150122,11.700000000000001,-0.46736021683207135,-0.01411717043169324,0.9978387666845208,1.0003408747876528
-0.04,1.031821050150122,11.75,-0.4659521264264908,-0.014044697940313962,0.9978713586139822,1.0003362543486833
-0.04,1.031821050150122,11.8,-0.46455126520240553,-0.013972587220652028,0.9979033477554199,1.000331710768233
-0.04,1.031821050150122,11.850000000000001,-0.4631575968516971,-0.013900840847960318,0.9979347472166329,1.0003272425424672
-0.04,1.031821050150122,11.9,-0.46177108481935,-0.013829461188380136,0.9979655697787798,1.000322848201167
-0.04,1.031821050150122,11.950000000000001,-0.4603916923239608,-0.013758450407162155,0.9979958279055379,1.0003185263068926
-0.04,1.031821050150122,12.0,-0.4590193823774363,-0.013687810476590904,0.9980255337519808,1.0003142754541632
-0.04,1.031821050150122,12.05,-0.457654117803903,-0.01361754318362356,0.9980546991731737,1.0003100942686651
-0.04,1.031821050150122,12.100000000000001,-0.45629586125786586,-0.013547650137253371,0.9980833357325152,1.0003059814064792
-0.04,1.031821050150122,12.15,-0.4549445752416334,-0.01347813277560769,0.998111454709807,1.0003019355533282
-0.04,1.031821050150122,12.200000000000001,-0.453600222122047,-0.013408992372790128,0.9981390671090882,1.0002979554238487
-0.04,1.031821050150122,12.25,-0.4522627641465283,-0.01334023004547602,0.9981661836662181,1.0002940397608755
-0.04,1.031821050150122,12.3,-0.45093216345848086,-0.013271846759270288,0.9981928148562419,1.0002901873347516
-0.04,1.031821050150122,12.350000000000001,-0.44960838211206683,-0.013203843334835975,0.9982189709005167,1.0002863969426576
-0.04,1.031821050150122,12.4,-0.4482913820863781,-0.01313622045380189,0.9982446617736294,1.00028266740795
-0.04,1.031821050150122,12.450000000000001,-0.4469811252990315,-0.013068978664457156,0.9982698972101071,1.0002789975795299
-0.04,1.031821050150122,12.5,-0.44567757361920735,-0.013002118387240521,0.9982946867109191,1.000275386331218
-0.04,1.031821050150122,12.55,-0.4443806888801478,-0.012935639920031475,0.9983190395497866,1.0002718325611535
-0.04,1.031821050150122,12.600000000000001,-0.4430904328911444,-0.012869543443250567,0.998342964779301,1.0002683351912027
-0.04,1.031821050150122,12.65,-0.4418067674490261,-0.012803829024775608,0.9983664712368641,1.000264893166391
-0.04,1.031821050150122,12.700000000000001,-0.4405296543491692,-0.012738496624680294,0.9983895675504468,1.000261505454341
-0.04,1.031821050150122,12.75,-0.43925905539604637,-0.012673546099801732,0.9984122621441754,1.0002581710447336
-0.04,1.031821050150122,12.8,-0.4379949324133332,-0.012608977208142866,0.998434563243758,1.000254888948779
-0.04,1.031821050150122,12.850000000000001,-0.4367372472535831,-0.012544789613115772,0.9984564788817456,1.000251658198702
-0.04,1.031821050150122,12.9,-0.43548596180749205,-0.01248098288763137,0.9984780169026392,1.0002484778472407
-0.04,1.031821050150122,12.950000000000001,-0.43424103801276515,-0.012417556518041164,0.9984991849678501,1.0002453469671606
-0.04,1.031821050150122,13.0,-0.4330024378625931,-0.012354509907936219,0.9985199905605104,1.0002422646507798
-0.04,1.031821050150122,13.05,-0.4317701234137634,-0.012291842381808337,0.9985404409901456,1.000239230009504
-0.04,1.031821050150122,13.100000000000001,-0.4305440567944107,-0.012229553188578582,0.9985605433972111,1.0002362421733788
-0.04,1.031821050150122,13.15,-0.4293242002114171,-0.012167641504997596,0.998580304757498,1.0002333002906518
-0.04,1.031821050150122,13.200000000000001,-0.4281105159574834,-0.012106106438922362,0.9985997318864065,1.0002304035273415
-0.04,1.031821050150122,13.25,-0.42690296641787434,-0.012044947032473927,0.9986188314431036,1.0002275510668257
-0.04,1.031821050150122,13.3,-0.4257015140768496,-0.011984162265079996,0.9986376099345551,1.0002247421094321
-0.04,1.031821050150122,13.350000000000001,-0.4245061215237997,-0.011923751056406775,0.9986560737194424,1.0002219758720454
-0.04,1.031821050150122,13.4,-0.4233167514590851,-0.011863712269183797,0.9986742290119764,1.000219251587724
-0.04,1.031821050150122,13.450000000000001,-0.4221333666995977,-0.011804044711925596,0.9986920818855833,1.0002165685053208
-0.04,1.031821050150122,13.5,-0.4209559301840539,-0.011744747141553791,0.9987096382765075,1.0002139258891198
-0.04,1.031821050150122,13.55,-0.41978440497802544,-0.011685818265923275,0.9987269039872989,1.000211323018484
-0.04,1.031821050150122,13.600000000000001,-0.4186187542787171,-0.011627256746255614,0.9987438846902034,1.0002087591875009
-0.04,1.031821050150122,13.65,-0.4174589414195087,-0.011569061199483179,0.9987605859304609,1.00020623370465
-0.04,1.031821050150122,13.700000000000001,-0.4163049298742606,-0.01151123020050706,0.998777013129511,1.0002037458924717
-0.04,1.031821050150122,13.75,-0.41515668326139643,-0.01145376228437176,0.9987931715881027,1.0002012950872448
-0.04,1.031821050150122,13.8,-0.41401416534777336,-0.01139665594835969,0.9988090664893265,1.0001988806386755
-0.04,1.031821050150122,13.850000000000001,-0.41287734005234344,-0.011339909654008164,0.9988247029015513,1.000196501909589
-0.04,1.031821050150122,13.9,-0.4117461714496174,-0.011283521829051794,0.9988400857812917,1.000194158275637
-0.04,1.031821050150122,13.950000000000001,-0.4106206237729397,-0.011227490869292776,0.9988552199759843,1.0001918491250017
-0.04,1.031821050150122,14.0,-0.40950066141757846,-0.0111718151404015,0.998870110226693,1.000189573858116
-0.04,1.031821050150122,14.05,-0.4083862489436398,-0.011116492979650328,0.9988847611707451,1.0001873318873895
-0.04,1.031821050150122,14.100000000000001,-0.4072773510788161,-0.011061522697582395,0.9988991773442797,1.0001851226369345
-0.04,1.031821050150122,14.15,-0.4061739327209695,-0.011006902579618038,0.998913363184744,1.0001829455423081
-0.04,1.031821050150122,14.200000000000001,-0.40507595894055926,-0.01095263088760098,0.9989273230333071,1.000180800050255
-0.04,1.031821050150122,14.25,-0.4039833949829229,-0.010898705861286294,0.9989410611372179,1.0001786856184571
-0.04,1.031821050150122,14.3,-0.4028962062704099,-0.010845125719772261,0.9989545816520939,1.0001766017152918
-0.04,1.031821050150122,14.350000000000001,-0.40181435840437685,-0.010791888662878087,0.9989678886441469,1.0001745478195931
-0.04,1.031821050150122,14.4,-0.4007378171670538,-0.0107389928724694,0.9989809860923549,1.0001725234204222
-0.04,1.031821050150122,14.450000000000001,-0.3996665485232764,-0.010686436513733239,0.9989938778905662,1.0001705280168385
-0.04,1.031821050150122,14.5,-0.3986005186220984,-0.010634217736404473,0.9990065678495579,1.0001685611176838
-0.04,1.031821050150122,14.55,-0.3975396937982857,-0.010582334675945252,0.9990190596990275,1.0001666222413619
-0.04,1.031821050150122,14.600000000000001,-0.39648404057369124,-0.010530785454679082,0.9990313570895405,1.000164710915633
-0.04,1.031821050150122,14.65,-0.3954335256585255,-0.010479568182881316,0.9990434635944236,1.0001628266774092
-0.04,1.031821050150122,14.700000000000001,-0.3943881159525166,-0.01042868095982737,0.9990553827116041,1.0001609690725515
-0.04,1.031821050150122,14.75,-0.39334777854596714,-0.010378121874800205,0.9990671178654045,1.000159137655678
-0.04,1.031821050150122,14.8,-0.39231248072071584,-0.010327889008058604,0.9990786724082866,1.0001573319899713
-0.04,1.031821050150122,14.850000000000001,-0.39128218995100106,-0.010277980431767593,0.9990900496225559,1.0001555516469969
-0.04,1.031821050150122,14.9,-0.39025687390423225,-0.010228394210892085,0.9991012527220109,1.0001537962065168
-0.04,1.031821050150122,14.950000000000001,-0.3892365004416739,-0.01017912840405544,0.9991122848535573,1.0001520652563178
-0.04,1.031821050150122,15.0,-0.38822103761904575,-0.010130181064363922,0.9991231490987806,1.0001503583920357
-0.04,1.031821050150122,15.05,-0.3872104536870358,-0.01008155024019817,0.9991338484754673,1.000148675216987
-0.04,1.031821050150122,15.100000000000001,-0.386204717091742,-0.010033233975973155,0.999144385939102,1.0001470153420058
-0.04,1.031821050150122,15.15,-0.38520379647503084,-0.009985230312867398,0.999154764384311,1.0001453783852834
-0.04,1.031821050150122,15.200000000000001,-0.3842076606748282,-0.009937537289522725,0.9991649866462791,1.0001437639722102
-0.04,1.031821050150122,15.25,-0.38321627872533776,-0.009890152942715566,0.9991750555021237,1.000142171735224
-0.04,1.031821050150122,15.3,-0.3822296198571927,-0.009843075308000692,0.9991849736722371,1.0001406013136591
-0.04,1.031821050150122,15.350000000000001,-0.3812476534975449,-0.009796302420328532,0.9991947438215898,1.0001390523536011
-0.04,1.031821050150122,15.4,-0.3802703492700904,-0.00974983231463684,0.9992043685610074,1.0001375245077466
-0.04,1.031821050150122,15.450000000000001,-0.3792976769950377,-0.009703663026417697,0.9992138504484094,1.0001360174352587
-0.04,1.031821050150122,15.5,-0.37832960668901816,-0.00965779259226075,0.9992231919900162,1.0001345308016385
-0.04,1.031821050150122,15.55,-0.37736610856494557,-0.009612219050373363,0.9992323956415299,1.0001330642785837
-0.04,1.031821050150122,15.600000000000001,-0.3764071530318221,-0.009566940441078782,0.9992414638092806,1.0001316175438673
-0.04,1.031821050150122,15.65,-0.3754527106944951,-0.009521954807292713,0.9992503988513466,1.000130190281205
-0.04,1.031821050150122,15.700000000000001,-0.37450275235337077,-0.00947726019497948,0.9992592030786454,1.0001287821801348
-0.04,1.031821050150122,15.75,-0.37355724900407816,-0.009432854653588146,0.9992678787559961,1.0001273929358943
-0.04,1.031821050150122,15.8,-0.372616171837097,-0.009388736236469481,0.9992764281031589,1.0001260222493038
-0.04,1.031821050150122,15.850000000000001,-0.3716794922373399,-0.009344903001274484,0.999284853295843,1.000124669826651
-0.04,1.031821050150122,15.9,-0.3707471817836997,-0.009301353010334943,0.9992931564666945,1.0001233353795762
-0.04,1.031821050150122,15.950000000000001,-0.3698192122485595,-0.009258084331026878,0.9993013397062557,1.0001220186249657
-0.04,1.031821050150122,16.0,-0.36889555559726667,-0.009215095036117348,0.9993094050639041,1.0001207192848405
-0.04,1.031821050150122,16.05,-0.3679761839875771,-0.009172383204095184,0.9993173545487672,1.0001194370862543
-0.04,1.031821050150122,16.1,-0.36706106976906416,-0.009129946919486365,0.9993251901306112,1.0001181717611882
-0.04,1.031821050150122,16.150000000000002,-0.36615018548250056,-0.009087784273154471,0.9993329137407126,1.0001169230464522
-0.04,1.031821050150122,16.2,-0.3652435038592113,-0.009045893362586753,0.999340527272707,1.0001156906835866
-0.04,1.031821050150122,16.25,-0.36434099782039764,-0.009004272292166366,0.9993480325834153,1.0001144744187644
-0.04,1.031821050150122,16.3,-0.3634426404764388,-0.008962919173431309,0.9993554314936497,1.0001132740026988
-0.04,1.031821050150122,16.35,-0.36254840512616454,-0.008921832125320424,0.9993627257890045,1.000112089190553
-0.04,1.031821050150122,16.400000000000002,-0.36165826525610995,-0.008881009274407008,0.9993699172206225,1.0001109197418474
-0.04,1.031821050150122,16.45,-0.36077219453974174,-0.008840448755120524,0.9993770075059457,1.0001097654203757
-0.04,1.031821050150122,16.5,-0.35989016683666797,-0.008800148709956669,0.9993839983294428,1.000108625994115
-0.04,1.031821050150122,16.55,-0.359012156191826,-0.008760107289676489,0.9993908913433306,1.000107501235145
-0.04,1.031821050150122,16.6,-0.35813813683465057,-0.008720322653494653,0.9993976881682648,1.0001063909195664
-0.04,1.031821050150122,16.650000000000002,-0.357268083178224,-0.008680792969257438,0.9994043903940206,1.0001052948274183
-0.04,1.031821050150122,16.7,-0.35640196981841044,-0.008641516413610903,0.9994109995801603,1.000104212742603
-0.04,1.031821050150122,16.75,-0.35553977153296934,-0.008602491172159252,0.9994175172566743,1.0001031444528046
-0.04,1.031821050150122,16.8,-0.3546814632806596,-0.008563715439614195,0.9994239449246229,1.0001020897494228
-0.04,1.031821050150122,16.85,-0.35382702020032214,-0.008525187419935288,0.9994302840567434,1.000101048427489
-0.04,1.031821050150122,16.900000000000002,-0.3529764176099536,-0.008486905326461753,0.9994365360980603,1.000100020285602
-0.04,1.031821050150122,16.95,-0.35212963100576367,-0.008448867382036087,0.9994427024664708,1.0000990051258565
-0.04,1.031821050150122,17.0,-0.35128663606122135,-0.008411071819119613,0.999448784553318,1.000098002753773
-0.04,1.031821050150122,17.05,-0.35044740862608875,-0.008373516879900586,0.9994547837239558,1.0000970129782316
-0.04,1.031821050150122,17.1,-0.349611924725444,-0.008336200816394735,0.9994607013182928,1.0000960356114061
-0.04,1.031821050150122,17.150000000000002,-0.3487801605586942,-0.008299121890538847,0.9994665386513281,1.0000950704687024
-0.04,1.031821050150122,17.2,-0.3479520924985787,-0.008262278374277511,0.9994722970136769,1.0000941173686908
-0.04,1.031821050150122,17.25,-0.3471276970901625,-0.008225668549643232,0.9994779776720751,1.0000931761330483
-0.04,1.031821050150122,17.3,-0.34630695104982284,-0.008189290708830357,0.9994835818698842,1.0000922465864988
-0.04,1.031821050150122,17.35,-0.345489831264228,-0.008153143154262785,0.9994891108275719,1.0000913285567514
-0.04,1.031821050150122,17.400000000000002,-0.34467631478930794,-0.008117224198655949,0.9994945657431927,1.0000904218744455
-0.04,1.031821050150122,17.45,-0.34386637884922033,-0.008081532165073114,0.9994999477928475,1.0000895263730938
-0.04,1.031821050150122,17.5,-0.3430600008353096,-0.008046065386976284,0.9995052581311424,1.000088641889025
-0.04,1.031821050150122,17.55,-0.3422571583050629,-0.008010822208271928,0.9995104978916308,1.0000877682613356
-0.04,1.031821050150122,17.6,-0.34145782898105836,-0.007975800983351692,0.9995156681872412,1.0000869053318298
-0.04,1.031821050150122,17.650000000000002,-0.3406619907499131,-0.007941000077128302,0.9995207701107084,1.0000860529449724
-0.04,1.031821050150122,17.7,-0.33986962166122586,-0.007906417865066928,0.9995258047349838,1.0000852109478386
-0.04,1.031821050150122,17.75,-0.3390806999265163,-0.007872052733212,0.9995307731136382,1.0000843791900618
-0.04,1.031821050150122,17.8,-0.338295203918164,-0.007837903078209842,0.9995356762812583,1.0000835575237872
-0.04,1.031821050150122,17.85,-0.3375131121683444,-0.007803967307327236,0.999540515253831,1.0000827458036246
-0.04,1.031821050150122,17.900000000000002,-0.33673440336796207,-0.007770243838465967,0.999545291029126,1.0000819438865984
-0.04,1.031821050150122,17.95,-0.33595905636558643,-0.007736731100173742,0.9995500045870557,1.000081151632107
-0.04,1.031821050150122,18.0,-0.3351870501663832,-0.007703427531651352,0.9995546568900457,1.0000803689018773
-0.04,1.031821050150122,18.05,-0.33441836393104846,-0.0076703315827564575,0.9995592488833794,1.0000795955599164
-0.04,1.031821050150122,18.1,-0.3336529769747409,-0.0076374417140040365,0.9995637814955454,1.000078831472477
-0.04,1.031821050150122,18.150000000000002,-0.33289086876601603,-0.007604756396563612,0.9995682556385761,1.0000780765080068
-0.04,1.031821050150122,18.2,-0.3321320189257607,-0.0075722741122534335,0.9995726722083734,1.0000773305371156
-0.04,1.031821050150122,18.25,-0.33137640722612755,-0.007539993353531761,0.9995770320850327,1.000076593432529
-0.04,1.031821050150122,18.3,-0.3306240135894737,-0.007507912623485312,0.9995813361331579,1.0000758650690533
-0.04,1.031821050150122,18.35,-0.3298748180872982,-0.0074760304358150375,0.9995855852021689,1.000075145323535
-0.04,1.031821050150122,18.400000000000002,-0.32912880093918223,-0.007444345314819294,0.9995897801266007,1.0000744340748238
-0.04,1.031821050150122,18.45,-0.32838594251173353,-0.007412855795374644,0.9995939217264018,1.000073731203736
-0.04,1.031821050150122,18.5,-0.3276462233175292,-0.007381560422914157,0.9995980108072191,1.0000730365930182
-0.04,1.031821050150122,18.55,-0.32690962401406315,-0.0073504577534036376,0.9996020481606782,1.0000723501273103
-0.04,1.031821050150122,18.6,-0.32617612540269836,-0.007319546353315547,0.9996060345646635,1.0000716716931142
-0.04,1.031821050150122,18.650000000000002,-0.3254457084276177,-0.007288824799600952,0.9996099707835833,1.0000710011787577
-0.04,1.031821050150122,18.7,-0.32471835417478,-0.0072582916796595275,0.9996138575686353,1.0000703384743608
-0.04,1.031821050150122,18.75,-0.32399404387088054,-0.007227945591307604,0.9996176956580631,1.000069683471804
-0.04,1.031821050150122,18.8,-0.3232727588823115,-0.007197785142744547,0.9996214857774106,1.0000690360646964
-0.04,1.031821050150122,18.85,-0.32255448071412857,-0.00716780895251734,0.999625228639765,1.0000683961483456
-0.04,1.031821050150122,18.900000000000002,-0.32183919100902125,-0.007138015649483572,0.9996289249460044,1.000067763619725
-0.04,1.031821050150122,18.95,-0.3211268715462832,-0.007108403872772907,0.9996325753850259,1.0000671383774429
-0.04,1.031821050150122,19.0,-0.32041750424079174,-0.007078972271747097,0.999636180633983,1.0000665203217167
-0.04,1.031821050150122,19.05,-0.3197110711419861,-0.00704971950595851,0.9996397413585081,1.0000659093543411
-0.04,1.031821050150122,19.1,-0.319007554432854,-0.0070206442451074555,0.9996432582129372,1.0000653053786623
-0.04,1.031821050150122,19.150000000000002,-0.3183069364289189,-0.006991745168998174,0.9996467318405237,1.0000647082995477
-0.04,1.031821050150122,19.200000000000003,-0.31760919957723344,-0.006963020967493648,0.9996501628736493,1.0000641180233594
-0.04,1.031821050150122,19.25,-0.3169143264553771,-0.006934470340469278,0.9996535519340356,1.0000635344579287
-0.04,1.031821050150122,19.3,-0.3162222997704572,-0.006906091997765534,0.9996568996329445,1.0000629575125304
-0.04,1.031821050150122,19.35,-0.3155331023581157,-0.006877884659139536,0.9996602065713754,1.000062387097855
-0.04,1.031821050150122,19.400000000000002,-0.3148467171815393,-0.006849847054215689,0.9996634733402634,1.0000618231259861
-0.04,1.031821050150122,19.450000000000003,-0.31416312733047574,-0.006821977922435461,0.9996667005206663,1.0000612655103727
-0.04,1.031821050150122,19.5,-0.3134823160202539,-0.00679427601300627,0.9996698886839536,1.0000607141658084
-0.04,1.031821050150122,19.55,-0.3128042665908091,-0.006766740084849586,0.9996730383919863,1.000060169008408
-0.04,1.031821050150122,19.6,-0.3121289625057141,-0.00673936890654828,0.9996761501972997,1.0000596299555804
-0.04,1.031821050150122,19.650000000000002,-0.3114563873512132,-0.006712161256293261,0.9996792246432734,1.0000590969260097
-0.04,1.031821050150122,19.700000000000003,-0.3107865248352643,-0.0066851159218295,0.9996822622643049,1.0000585698396298
-0.04,1.031821050150122,19.75,-0.31011935878658403,-0.00665823170040135,0.9996852635859789,1.0000580486176076
-0.04,1.031821050150122,19.8,-0.3094548731536997,-0.0066315073986974084,0.9996882291252284,1.000057533182316
-0.04,1.031821050150122,19.85,-0.3087930520040056,-0.006604941832794723,0.9996911593904974,1.000057023457316
-0.04,1.031821050150122,19.900000000000002,-0.3081338795228262,-0.006578533828102625,0.9996940548818988,1.0000565193673356
-0.04,1.031821050150122,19.950000000000003,-0.3074773400124827,-0.006552282219306003,0.9996969160913671,1.0000560208382496
-0.04,1.031821050150122,20.0,-0.3068234178913687,-0.006526185850308219,0.9996997435028094,1.0000555277970589
-0.04,1.031821050150122,20.1,-0.3055233640652384,-0.006474454253069672,0.9997052988280021,1.000054557891889
-0.04,1.031821050150122,20.28615468146082,-0.303130555507726,-0.006379764185604954,0.9997152979517459,1.0000528081570732
-0.04,1.031821050150122,20.47403342090323,-0.3007509407969845,-0.006286273003354147,0.999724957576319,1.0000511128452683
-0.04,1.031821050150122,20.663652185564246,-0.29838451642916103,-0.006193972618082981,0.9997342889694243,1.000049470353468
-0.04,1.031821050150122,20.855027090560313,-0.296031276653152,-0.006102854671206263,0.9997433030439596,1.0000478791218474
-0.04,1.031821050150122,21.04817440025684,-0.29369121354991173,-0.006012910549998033,0.9997520103682312,1.0000463376327675
-0.04,1.031821050150122,21.243110529650455,-0.29136431711091193,-0.005924131403284944,0.9997604211759052,1.0000448444097934
-0.04,1.031821050150122,21.439852045764102,-0.289050575315681,-0.005836508156633114,0.9997685453757249,1.0000433980167331
-0.04,1.031821050150122,21.638415669054964,-0.2867499742082827,-0.005750031527039018,0.9997763925609758,1.0000419970566894
-0.04,1.031821050150122,21.83881827483555,-0.2844624979725452,-0.005664692037134406,0.9997839720187115,1.0000406401711284
-0.04,1.031821050150122,22.04107689470784,-0.2821881290058543,-0.005580480028915791,0.9997912927387473,1.000039326038966
-0.04,1.031821050150122,22.245208718010712,-0.27992684799135514,-0.005497385677008668,0.9997983634224278,1.0000380533756672
-0.04,1.031821050150122,22.4512310932809,-0.2776786339684693,-0.005415399001476732,0.9998051924911631,1.0000368209323645
-0.04,1.031821050150122,22.659161529727328,-0.27544346440172385,-0.005334509880186482,0.9998117880947491,1.0000356274949918
-0.04,1.031821050150122,22.86901769871915,-0.2732213152479566,-0.005254708060737483,0.9998181581194641,1.000034471883432
-0.04,1.031821050150122,23.080817435287667,-0.2710121610220418,-0.005175983171968493,0.9998243101959646,1.000033352950683
-0.04,1.031821050150122,23.294578739641963,-0.26881597486131015,-0.0050983247350497455,0.9998302517069612,1.0000322695820385
-0.04,1.031821050150122,23.510319778698783,-0.2666327285888434,-0.0050217221741713875,0.9998359897946997,1.0000312206942847
-0.04,1.031821050150122,23.72805888762644,-0.2644623927757954,-0.0049461648268381425,0.9998415313682371,1.000030205234914
-0.04,1.031821050150122,23.947814571403043,-0.2623049368028332,-0.004871641953779901,0.9998468831105268,1.0000292221813487
-0.04,1.031821050150122,24.169605506389228,-0.26016032892071966,-0.004798142748487931,0.9998520514853111,1.000028270540192
-0.04,1.031821050150122,24.39345054191539,-0.25802853630998845,-0.004725656346386151,0.9998570427438259,1.000027349346474
-0.04,1.031821050150122,24.619368701883577,-0.2559095251396006,-0.004654171833646783,0.9998618629313246,1.0000264576629392
-0.04,1.031821050150122,24.847379186384366,-0.2538032606244338,-0.004583678255659483,0.9998665178934238,1.0000255945793257
-0.04,1.031821050150122,25.077501373328523,-0.25170970708145674,-0.004514164625163077,0.9998710132822706,1.0000247592116696
-0.04,1.031821050150122,25.30975482009396,-0.24962882798445618,-0.004445619930048746,0.9998753545625456,1.000023950701627
-0.04,1.031821050150122,25.544159265187808,-0.24756058601724,-0.004378033140843553,0.9998795470172942,1.0000231682158018
-0.04,1.031821050150122,25.780734629923902,-0.24550494312530027,-0.00431139321788308,0.9998835957535942,1.0000224109450948
-0.04,1.031821050150122,26.019501020115914,-0.2434618605659876,-0.0042456891181818085,0.9998875057080713,1.0000216781040638
-0.04,1.031821050150122,26.260478727786037,-0.24143129895730503,-0.0041809098020098925,0.9998912816522488,1.0000209689302995
-0.04,1.031821050150122,26.503688232889502,-0.23941321832546514,-0.0041170442391846584,0.9998949281977519,1.00002028268381
-0.04,1.031821050150122,26.74915020505521,-0.23740757815137103,-0.004054081415085243,0.9998984498013637,1.0000196186464287
-0.04,1.031821050150122,26.99688550534226,-0.23541433741615667,-0.003992010336398404,0.9999018507699341,1.000018976121225
-0.04,1.031821050150122,27.246915188012967,-0.23343345464589482,-0.003930820036603475,0.9999051352651499,1.0000183544319374
-0.04,1.031821050150122,27.499260502322162,-0.23146488795551756,-0.003870499581204161,0.9999083073081607,1.000017752922409
-0.04,1.031821050150122,27.753942894323053,-0.2295085950919418,-0.0038110380727147306,0.9999113707840805,1.0000171709560475
-0.04,1.031821050150122,28.010984008689945,-0.22756453347633143,-0.003752424655407835,0.999914329446351,1.0000166079152903
-0.04,1.031821050150122,28.270405690557713,-0.22563266024539888,-0.0036946485198312753,0.9999171869209781,1.0000160632010844
-0.04,1.031821050150122,28.532229987378305,-0.22371293229161987,-0.003637698907100523,0.9999199467106465,1.0000155362323757
-0.04,1.031821050150122,28.79647915079459,-0.2218053063022481,-0.0035815651129739766,0.9999226121987095,1.000015026445617
-0.04,1.031821050150122,29.063175638531384,-0.21990973879704198,-0.0035262364917176903,0.9999251866530633,1.0000145332942791
-0.04,1.031821050150122,29.332342116304055,-0.21802618616465985,-0.003471702459766194,0.9999276732299031,1.000014056248382
-0.04,1.031821050150122,29.604001459744886,-0.21615460469772785,-0.003417952499185943,0.9999300749773711,1.0000135947940278
-0.04,1.031821050150122,29.8781767563471,-0.21429495062664164,-0.0033649761609479373,0.9999323948390908,1.000013148432959
-0.04,1.031821050150122,30.154891307427096,-0.2124471801521972,-0.0033127630680156654,0.9999346356575947,1.0000127166821093
-0.04,1.031821050150122,30.43416863010471,-0.2106112494771776,-0.0032613029182548057,0.9999368001776509,1.0000122990731815
-0.04,1.031821050150122,30.716032459301825,-0.208787114837021,-0.0032105854871705285,0.9999388910494881,1.000011895152228
-0.04,1.031821050150122,31.00050674975963,-0.20697473252968396,-0.0031606006304783518,0.9999409108319197,1.0000115044792424
-0.04,1.031821050150122,31.287615678074335,-0.20517405894478383,-0.0031113382865143213,0.9999428619953749,1.0000111266277645
-0.04,1.031821050150122,31.577383644751972,-0.20338505059205575,-0.003062788478489892,0.9999447469248351,1.000010761184489
-0.04,1.031821050150122,31.869835276282085,-0.20160766412912035,-0.0030149413165969337,0.9999465679226783,1.0000104077488918
-0.04,1.031821050150122,32.16499542723059,-0.1998418563885153,-0.002967786999968046,0.9999483272114387,1.0000100659328601
-0.04,1.031821050150122,32.462889182352235,-0.19808758440390842,-0.0029213158184970872,0.9999500269364804,1.0000097353603332
-0.04,1.031821050150122,32.763541858722334,-0.1963448054354017,-0.0028755181545248943,0.9999516691685822,1.0000094156669557
-0.04,1.031821050150122,33.06697900788844,-0.19461347699383338,-0.00283038448439489,0.9999532559064501,1.0000091064997354
-0.04,1.031821050150122,33.373226418041924,-0.19289355686400397,-0.002785905379883274,0.9999547890791419,1.0000088075167115
-0.04,1.031821050150122,33.68231011620963,-0.19118500312678335,-0.002742071509508323,0.9999562705484232,1.0000085183866327
-0.04,1.031821050150122,33.99425637046573,-0.18948777418009777,-0.0026988736397233724,0.9999577021110441,1.0000082387886438
-0.04,1.031821050150122,34.30909169216431,-0.18780182875882576,-0.002656302635997817,0.9999590855009439,1.0000079684119765
-0.04,1.031821050150122,34.62684283819243,-0.1861271259536773,-0.002614349463790451,0.9999604223913879,1.0000077069556554
-0.04,1.031821050150122,34.94753681324406,-0.18446362522914447,-0.00257300518941945,0.9999617143970362,1.0000074541282056
-0.04,1.031821050150122,35.2712008721152,-0.18281128644062697,-0.0025322609808329983,0.9999629630759389,1.0000072096473709
-0.04,1.031821050150122,35.597862522020144,-0.1811700698508296,-0.0024921081082845777,0.9999641699314785,1.000006973239839
-0.04,1.031821050150122,35.927549524929255,-0.17953993614550934,-0.002452537944916756,0.9999653364142409,1.0000067446409746
-0.04,1.031821050150122,36.26028989992831,-0.1779208464486254,-0.0024135419672571645,0.9999664639238277,1.0000065235945603
-0.04,1.031821050150122,36.59611192559986,-0.17631276233690524,-0.0023751117556301852,0.9999675538106135,1.000006309852542
-0.04,1.031821050150122,36.93504414242648,-0.17471564585381508,-0.002337238994487759,0.9999686073774396,1.000006103174784
-0.04,1.031821050150122,37.27711535521626,-0.1731294595228865,-0.0022999154726626382,0.9999696258812579,1.0000059033288295
-0.04,1.031821050150122,37.62235463555102,-0.1715541663603346,-0.00226313308354715,0.9999706105347181,1.000005710089667
-0.04,1.031821050150122,37.97079132425686,-0.16998972988689676,-0.002226883825200676,0.9999715625077044,1.0000055232395084
-0.04,1.031821050150122,38.32245503389777,-0.16843611413882192,-0.0021911598003886883,0.9999724829288192,1.000005342567563
-0.04,1.031821050150122,38.67737565129239,-0.16689328367795583,-0.0021559532165563748,0.9999733728868186,1.0000051678698267
-0.04,1.031821050150122,39.03558334005395,-0.16536120360089507,-0.002121256385739672,0.9999742334320052,1.0000049989488757
-0.04,1.031821050150122,39.3971085431537,-0.16383983954720494,-0.002087061724416516,0.9999750655775643,1.0000048356136622
-0.04,1.031821050150122,39.761981985508335,-0.16232915770673054,-0.002053361753301036,0.9999758703008675,1.0000046776793199
-0.04,1.031821050150122,40.1302346765911,-0.16082912482605102,-0.002020149097083443,0.9999766485447227,1.000004524966972
-0.04,1.031821050150122,40.50189791306716,-0.15933970821414623,-0.0019874164841181398,0.9999774012185879,1.0000043773035467
-0.04,1.031821050150122,40.87700328145351,-0.15786087574735472,-0.001955156746062667,0.9999781291997429,1.0000042345215978
-0.04,1.031821050150122,41.25558266080338,-0.1563925958736961,-0.0019233628174698712,0.999978833334421,1.000004096459129
-0.04,1.031821050150122,41.63766822541544,-0.1549348376166239,-0.0018920277353356575,0.9999795144389,1.0000039629594248
-0.04,1.031821050150122,42.02329244756837,-0.15348757057825196,-0.0018611446386045424,0.9999801733005637,1.0000038338708843
-0.04,1.031821050150122,42.41248810028041,-0.15205076494207906,-0.0018307067676351832,0.9999808106789211,1.0000037090468652
-0.04,1.031821050150122,42.80528826009479,-0.15062439147520443,-0.0018007074636278467,0.9999814273065879,1.0000035883455227
-0.04,1.031821050150122,43.20172630989064,-0.14920842153001398,-0.001771140168015793,0.9999820238902454,1.0000034716296637
-0.04,1.031821050150122,43.60183594172025,-0.14780282704528977,-0.0017419984218224448,0.9999826011115562,1.0000033587665962
-0.04,1.031821050150122,44.00565115967241,-0.14640758054669384,-0.0017132758649860522,0.9999831596280541,1.0000032496279911
-0.04,1.031821050150122,44.413206282762204,-0.14502265514657045,-0.0016849662356536804,0.9999837000740005,1.0000031440897414
-0.04,1.031821050150122,44.824535947847835,-0.1436480245430184,-0.0016570633694460882,0.9999842230612159,1.0000030420318298
-0.04,1.031821050150122,45.23967511257426,-0.14228366301820033,-0.0016295611986952103,0.999984729179876,1.0000029433381978
-0.04,1.031821050150122,45.65865905834403,-0.14092954543587066,-0.0016024537516558185,0.9999852189992858,1.0000028478966212
-0.04,1.031821050150122,46.081523393315884,-0.13958564723812714,-0.0015757351516929234,0.9999856930686251,1.000002755598586
-0.04,1.031821050150122,46.50830405543093,-0.13825194444140848,-0.00154939961644649,0.999986151917667,1.0000026663391703
-0.04,1.031821050150122,46.93903731546684,-0.13692841363178018,-0.0015234414569748921,0.9999865960574744,1.0000025800169317
-0.04,1.031821050150122,47.37375978012049,-0.13561503195955724,-0.0014978550768786514,0.9999870259810684,1.000002496533791
-0.04,1.031821050150122,47.81250839511901,-0.13431177713332518,-0.0014726349714057306,0.9999874421640746,1.0000024157949292
-0.04,1.031821050150122,48.25532044835962,-0.13301862741341194,-0.0014477757265398596,0.9999878450653492,1.0000023377086784
-0.04,1.031821050150122,48.70223357307873,-0.13173556160486083,-0.0014232720180730194,0.9999882351275803,1.0000022621864226
-0.04,1.031821050150122,49.15328575105025,-0.13046255904993892,-0.0013991186106633528,0.9999886127778689,1.0000021891424975
-0.04,1.031821050150122,49.608515315813406,-0.12919959962020217,-0.0013753103568796322,0.99998897842829,1.0000021184940973
-0.04,1.031821050150122,50.067960955930815,-0.1279466637081179,-0.0013518421962332616,0.9999893324764324,1.0000020501611788
-0.04,1.031821050150122,50.5316617182763,-0.1267037322182332,-0.0013287091541989086,0.9999896753059209,1.000001984066374
-0.04,1.031821050150122,50.99965701135351,-0.12547078655786098,-0.0013059063412245845,0.9999900072869218,1.0000019201349013
-0.04,1.031821050150122,51.47198660864504,-0.1242478086272501,-0.0012834289517321548,0.9999903287766231,1.0000018582944832
-0.04,1.031821050150122,51.9486906519927,-0.12303478080920027,-0.0012612722631090863,0.9999906401197088,1.0000017984752625
-0.04,1.031821050150122,52.429809655009066,-0.12183168595808332,-0.0012394316346922081,0.9999909416488056,1.0000017406097241
-0.04,1.031821050150122,52.91538450652049,-0.12063850738824451,-0.0012179025067443898,0.9999912336849233,1.0000016846326187
-0.04,1.031821050150122,53.40545647404229,-0.11945522886175984,-0.0011966803994247735,0.9999915165378686,1.0000016304808879
-0.04,1.031821050150122,53.90006720728585,-0.1182818345755471,-0.0011757609117534458,0.9999917905066571,1.0000015780935918
-0.04,1.031821050150122,54.39925874169825,-0.11711830914783641,-0.0011551397205712113,0.9999920558798983,1.0000015274118395
-0.04,1.031821050150122,54.90307350203484,-0.11596463760402154,-0.0011348125794952283,0.9999923129361744,1.0000014783787203
-0.04,1.031821050150122,55.41155430596479,-0.11482080536192461,-0.0011147753178712022,0.9999925619444034,1.000001430939243
-0.04,1.031821050150122,55.924744367709856,-0.11368679821651298,-0.0010950238397228135,0.9999928031641896,1.0000013850402665
-0.04,1.031821050150122,56.442687301717264,-0.11256260232411056,-0.001075554122699012,0.9999930368461586,1.0000013406304409
-0.04,1.031821050150122,56.96542712636624,-0.11144820418614669,-0.0010563622170197953,0.9999932632322853,1.0000012976601493
-0.04,1.031821050150122,57.493008267708944,-0.11034359063247944,-0.001037444244421027,0.9999934825562041,1.0000012560814489
-0.04,1.031821050150122,58.02547556324627,-0.10924874880432137,-0.0010187963970988102,0.9999936950435165,1.0000012158480156
-0.04,1.031821050150122,58.562874265738245,-0.10816366613678782,-0.0010004149366538817,0.9999939009120744,1.0000011769150898
-0.04,1.031821050150122,59.10525004705015,-0.10708833034107555,-0.0009822961930364702,0.9999941003722689,1.0000011392394246
-0.04,1.031821050150122,59.65264900203377,-0.10602272938626787,-0.0009644365634920102,0.999994293627293,1.0000011027792357
-0.04,1.031821050150122,60.2051176524451,-0.10496685148075566,-0.0009468325115080298,0.999994480873408,1.0000010674941513
-0.04,1.031821050150122,60.76270295089797,-0.10392068505325362,-0.0009294805657626001,0.9999946623001922,1.000001033345166
-0.04,1.031821050150122,61.325452284854336,-0.10288421873339108,-0.0009123773190745922,0.9999948380907839,1.0000010002945943
-0.04,1.031821050150122,61.89341348065174,-0.10185744133185211,-0.0008955194273560667,0.9999950084221133,1.0000009683060276
-0.04,1.031821050150122,62.466634807567864,-0.10084034182004722,-0.0008789036085670331,0.9999951734651275,1.0000009373442884
-0.04,1.031821050150122,63.0451649819227,-0.09983290930930071,-0.0008625266416729112,0.9999953333850082,1.000000907375392
-0.04,1.031821050150122,63.629053171218956,-0.09883513302954708,-0.0008463853656048733,0.9999954883413793,1.0000008783665049
-0.04,1.031821050150122,64.21834899832058,-0.09784700230754054,-0.000830476678223417,0.9999956384885084,1.0000008502859064
-0.04,1.031821050150122,64.81310254566993,-0.09686850654458809,-0.0008147975352853533,0.9999957839755003,1.0000008231029505
-0.04,1.031821050150122,65.4133643595444,-0.09589963519382608,-0.0007993449494144773,0.9999959249464836,1.0000007967880293
-0.04,1.031821050150122,66.01918545435197,-0.09494037773707123,-0.0007841159890762234,0.9999960615407884,1.0000007713125412
-0.04,1.031821050150122,66.63061731696679,-0.0939907236612758,-0.0007691077775564587,0.9999961938931236,1.0000007466488507
-0.04,1.031821050150122,67.24771191110499,-0.09305066243462438,-0.0007543174919446287,0.9999963221337403,1.0000007227702619
-0.04,1.031821050150122,67.87052168174088,-0.09212018348230859,-0.0007397423621215345,0.999996446388594,1.0000006996509823
-0.04,1.031821050150122,68.49909955956402,-0.09119927616201308,-0.0007253796697518499,0.9999965667794976,1.0000006772660945
-0.04,1.031821050150122,69.13349896547759,-0.09028792973914193,-0.000711226747281514,0.9999966834242707,1.000000655591526
-0.04,1.031821050150122,69.77377381513884,-0.08938613336181049,-0.0006972809769401887,0.9999967964368859,1.0000006346040193
-0.04,1.031821050150122,70.41997852354069,-0.08849387603561967,-0.0006835397897488472,0.9999969059276017,1.0000006142811062
-0.04,1.031821050150122,71.0721680096366,-0.08761114659822329,-0.0006700006645326056,0.9999970120031011,1.0000005946010788
-0.04,1.031821050150122,71.73039770100793,-0.08673793369369308,-0.0006566611269388147,0.999997114766615,1.0000005755429655
-0.04,1.031821050150122,72.39472353857458,-0.0858742257466819,-0.0006435187484605508,0.9999972143180482,1.0000005570865038
-0.04,1.031821050150122,73.06520198134909,-0.08502001093638199,-0.0006305711454654822,0.9999973107540983,1.0000005392121185
-0.04,1.031821050150122,73.74189001123509,-0.08417527717027219,-0.000617815978230182,0.9999974041683686,1.000000521900896
-0.04,1.031821050150122,74.42484513786997,-0.0833400120576516,-0.0006052509499799275,0.9999974946514792,1.0000005051345642
-0.04,1.031821050150122,75.11412540351232,-0.08251420288295727,-0.0005928738059340151,0.9999975822911724,1.000000488895467
-0.04,1.031821050150122,75.80978938797494,-0.08169783657886867,-0.0005806823323566668,0.9999976671724166,1.0000004731665462
-0.04,1.031821050150122,76.51189621360336,-0.08089089969920621,-0.0005686743556135411,0.9999977493775016,1.0000004579313209
-0.04,1.031821050150122,77.22050555030022,-0.08009337839163862,-0.0005568477412339519,0.9999978289861375,1.000000443173866
-0.04,1.031821050150122,77.93567762059672,-0.07930525837021826,-0.0005452003929788296,0.9999979060755408,1.0000004288787931
-0.04,1.031821050150122,78.65747320477065,-0.07852652488777094,-0.0005337302519145203,0.999997980720527,1.000000415031236
-0.04,1.031821050150122,79.38595364601184,-0.07775716270817146,-0.0005224352954925134,0.9999980529935916,1.0000004016168258
-0.04,1.031821050150122,80.12118085563553,-0.07699715607854125,-0.0005113135366351261,0.9999981229649938,1.0000003886216813
-0.04,1.031821050150122,80.86321731834431,-0.07624648870140446,-0.0005003630228273112,0.999998190702833,1.0000003760323877
-0.04,1.031821050150122,81.61212609753805,-0.07550514370684541,-0.0004895818352146094,0.9999982562731244,1.0000003638359791
-0.04,1.031821050150122,82.36797084067375,-0.07477310362470443,-0.00047896808770733296,0.9999983197398734,1.000000352019929
-0.04,1.031821050150122,83.13081578467474,-0.0740503503568527,-0.0004685199260911185,0.9999983811651435,1.0000003405721305
-0.04,1.031821050150122,83.90072576138992,-0.07333686514958068,-0.00045823552714382076,0.9999984406091224,1.0000003294808824
-0.04,1.031821050150122,84.67776620310352,-0.07263262856613546,-0.0004481130977589288,0.9999984981301909,1.0000003187348772
-0.04,1.031821050150122,85.46200314809617,-0.07193762045943436,-0.0004381508740754849,0.9999985537849804,1.0000003083231843
-0.04,1.031821050150122,86.25350324625728,-0.07125181994498288,-0.00042834712061462466,0.9999986076284347,1.0000002982352414
-0.04,1.031821050150122,87.05233376474918,-0.07057520537401894,-0.00041870012942279506,0.9999986597138683,1.0000002884608363
-0.04,1.031821050150122,87.85856259372419,-0.0699077543069045,-0.0004092082192217145,0.9999987100930215,1.0000002789901004
-0.04,1.031821050150122,88.67225825209441,-0.06924944348678316,-0.0003998697345651557,0.9999987588161116,1.0000002698134935
-0.04,1.031821050150122,89.49348989335462,-0.06860024881352153,-0.00039068304500265374,0.999998805931888,1.0000002609217924
-0.04,1.031821050150122,90.32232731145982,-0.06796014531795336,-0.00038164654425023415,0.9999988514876792,1.0000002523060822
-0.04,1.031821050150122,91.15884094675663,-0.06732910713644634,-0.00037275864936825404,0.9999988955294395,1.0000002439577427
-0.04,1.031821050150122,92.0031018919696,-0.06670710748581266,-0.00036401779994651583,0.9999989381017967,1.0000002358684403
-0.04,1.031821050150122,92.85518189824359,-0.06609411863858984,-0.00035542245729678777,0.999998979248096,1.0000002280301181
-0.04,1.031821050150122,93.71515338124135,-0.06549011189872042,-0.00034697110365289807,0.9999990190104411,1.0000002204349847
-0.04,1.031821050150122,94.58308942729796,-0.06489505757766194,-0.0003386622413785756,0.9999990574297362,1.0000002130755066
-0.04,1.031821050150122,95.45906379963219,-0.06430892497096621,-0.00033049439218327037,0.9999990945457228,1.0000002059443993
-0.04,1.031821050150122,96.34315094461576,-0.06373168233536491,-0.00032246609634612225,0.999999130397021,1.0000001990346157
-0.04,1.031821050150122,97.23542599809973,-0.06316329686640873,-0.0003145759119483818,0.9999991650211631,1.0000001923393433
-0.04,1.031821050150122,98.13596479180039,-0.06260373467670247,-0.0003068224141144519,0.9999991984546298,1.0000001858519911
-0.04,1.031821050150122,99.04484385974408,-0.06205296077478641,-0.00029920419426191256,0.9999992307328834,1.0000001795661844
-0.04,1.031821050150122,99.96214044477135,-0.0615109390447117,-0.00029171985936068994,0.9999992618903984,1.0000001734757562
-0.04,1.031821050150122,100.88793250510167,-0.060977632226359255,-0.0002843680312017884,0.9999992919606968,1.0000001675747414
-0.04,1.031821050150122,101.82229872095873,-0.06045300189655025,-0.00027714734567577484,0.9999993209763723,1.0000001618573682
-0.04,1.031821050150122,102.76531850125772,-0.059937008450996095,-0.0002700564520613904,0.9999993489691232,1.0000001563180527
-0.04,1.031821050150122,103.71707199035326,-0.059429611087132975,-0.00026309401232458944,0.9999993759697794,1.0000001509513914
-0.04,1.031821050150122,104.67764007485148,-0.058930767787884135,-0.0002562587004283355,0.9999994020083267,1.0000001457521548
-0.04,1.031821050150122,105.64710439048359,-0.05844043530639197,-0.0002495492016534992,0.9999994271139344,1.000000140715283
-0.04,1.031821050150122,106.62554732904427,-0.05795856915175704,-0.00024296421193120707,0.9999994513149798,1.0000001358358788
-0.04,1.031821050150122,107.61305204539366,-0.057485123575822195,-0.0002365024371869938,0.9999994746390711,1.0000001311091997
-0.04,1.031821050150122,108.60970246452491,-0.05702005156103442,-0.00023016259269715737,0.9999994971130689,1.0000001265306577
-0.04,1.031821050150122,109.61558328869602,-0.05656330480941915,-0.00022394340245767872,0.9999995187631114,1.0000001220958092
-0.04,1.031821050150122,110.63078000462876,-0.056114833732697295,-0.00021784359856611975,0.9999995396146327,1.0000001178003524
-0.04,1.031821050150122,111.65537889077429,-0.055674587443575986,-0.00021186192061690924,0.9999995596923829,1.0000001136401222
-0.04,1.031821050150122,112.68946702464496,-0.05524251374824479,-0.0002059971151104525,0.9999995790204492,1.000000109611084
-0.04,1.031821050150122,113.73313229021528,-0.05481855914010616,-0.00020024793487652176,0.9999995976222742,1.0000001057093306
-0.04,1.031821050150122,114.78646338539066,-0.0544026687947728,-0.00019461313851233718,0.999999615520671,1.0000001019310778
-0.04,1.031821050150122,115.84954982954602,-0.05399478656636251,-0.0001890914898358828,0.9999996327378482,1.0000000982726598
-0.04,1.031821050150122,116.92248197113297,-0.05359485498512396,-0.00018368175735488477,0.9999996492954151,1.0000000947305243
-0.04,1.031821050150122,118.00535099535914,-0.05320281525642503,-0.0001783827137519745,0.999999665214409,1.000000091301229
-0.04,1.031821050150122,119.09824893193696,-0.05281860726113886,-0.00017319313538654253,0.9999996805153039,1.0000000879814397
-0.04,1.031821050150122,120.2012686629055,-0.05244216955746058,-0.00016811180181378565,0.9999996952180268,1.0000000847679225
-0.04,1.031821050150122,121.31450393052383,-0.05207343938418904,-0.00016313749532148434,0.9999997093419739,1.0000000816575454
-0.04,1.031821050150122,122.43804934523853,-0.05171235266550735,-0.0001582690004850088,0.9999997229060218,1.00000007864727
-0.04,1.031821050150122,123.5720003937234,-0.05135884401729415,-0.00015350510374110096,0.9999997359285431,1.0000000757341514
-0.04,1.031821050150122,124.7164534469956,-0.05101284675499785,-0.00014884459298093999,0.9999997484274177,1.0000000729153338
-0.04,1.031821050150122,125.87150576860506,-0.05067429290310173,-0.0001442862571630029,0.999999760420045,1.0000000701880478
-0.04,1.031821050150122,127.03725552290106,-0.050343113206208615,-0.00013982888594624916,0.9999997719233578,1.0000000675496057
-0.04,1.031821050150122,128.21380178337475,-0.050019237141766995,-0.00013547126934409612,0.9999997829538316,1.0000000649974023
-0.04,1.031821050150122,129.40124454107954,-0.04970259293446099,-0.0001312121973997071,0.9999997935274969,1.000000062528909
-0.04,1.031821050150122,130.59968471312828,-0.049393107572280576,-0.0001270504598830475,0.9999998036599506,1.0000000601416716
-0.04,1.031821050150122,131.8092241512703,-0.04909070682428506,-0.0001229848460101521,0.9999998133663619,1.0000000578333086
-0.04,1.031821050150122,133.02996565054787,-0.04879531526006951,-0.00011901414418506914,0.9999998226614906,1.0000000556015092
-0.04,1.031821050150122,134.26201295803162,-0.0485068562709391,-0.0001151371417648783,0.9999998315596891,1.0000000534440288
-0.04,1.031821050150122,135.5054707816382,-0.048225252092791625,-0.000111352624848178,0.9999998400749142,1.0000000513586895
-0.04,1.031821050150122,136.76044479902887,-0.04795042383070588,-0.00010765937808741711,0.9999998482207374,1.0000000493433738
-0.04,1.031821050150122,138.02704166659132,-0.04768229148522791,-0.00010405618452540711,0.9999998560103532,1.0000000473960284
-0.04,1.031821050150122,139.30536902850287,-0.047420773980344465,-0.00010054182545634065,0.999999863456587,1.000000045514657
-0.04,1.031821050150122,140.5955355258802,-0.04716578919312781,-9.711508031156913e-05,0.999999870571902,1.0000000436973193
-0.04,1.031821050150122,141.8976508060113,-0.046917253985034574,-9.377472657043788e-05,0.9999998773684113,1.0000000419421324
-0.04,1.031821050150122,143.21182553167466,-0.04667508423483578,-9.051953969633319e-05,0.9999998838578819,1.000000040247264
-0.04,1.031821050150122,144.53817139054382,-0.04643919487315248,-8.734829309818981e-05,0.9999998900517426,1.0000000386109338
-0.04,1.031821050150122,145.87680110468003,-0.04620949991856962,-8.425975811753042e-05,0.9999998959610944,1.0000000370314124
-0.04,1.031821050150122,147.22782844011104,-0.045985912515295733,-8.125270404117505e-05,0.9999999015967138,1.0000000355070175
-0.04,1.031821050150122,148.59136821650102,-0.04576834497233365,-7.832589813966348e-05,0.9999999069690623,1.000000034036113
-0.04,1.031821050150122,149.9675363169076,-0.045556708804125705,-7.547810573139194e-05,0.9999999120882925,1.0000000326171083
-0.04,1.031821050150122,151.35644969763095,-0.04535091477263134,-7.270809027241942e-05,0.9999999169642545,1.0000000312484556
-0.04,1.031821050150122,152.75822639815343,-0.04515087293079442,-7.001461347186391e-05,0.999999921606503,1.0000000299286502
-0.04,1.031821050150122,154.17298555117182,-0.04495649266735301,-6.739643543271486e-05,0.9999999260243028,1.0000000286562274
-0.04,1.031821050150122,155.60084739272125,-0.0447676827529408,-6.485231481788325e-05,0.9999999302266361,1.000000027429762
-0.04,1.031821050150122,157.0419332723941,-0.0445843513874277,-6.23810090411968e-05,0.9999999342222086,1.0000000262478677
-0.04,1.031821050150122,158.4963656636536,-0.04440640624844125,-5.998127448306571e-05,0.9999999380194521,1.0000000251091943
-0.04,1.031821050150122,159.96426817424148,-0.04423375454100913,-5.765186673036128e-05,0.9999999416265377,1.0000000240124283
-0.04,1.031821050150122,161.44576555668382,-0.044066303048257316,-5.539154084012604e-05,0.9999999450513721,1.0000000229562904
-0.04,1.031821050150122,162.94098371889282,-0.0439039581830969,-5.319905162658179e-05,0.9999999483016124,1.0000000219395357
-0.04,1.031821050150122,164.4500497348682,-0.04374662604082603,-5.1073153970837996e-05,0.9999999513846645,1.0000000209609516
-0.04,1.031821050150122,165.97309185549548,-0.04359421245257296,-4.901260315268385e-05,0.9999999543076936,1.0000000200193586
-0.04,1.031821050150122,167.5102395194472,-0.043446623039498374,-4.701615520374666e-05,0.9999999570776257,1.0000000191136047
-0.04,1.031821050150122,169.06162336418203,-0.043303763267676376,-4.508256728123962e-05,0.9999999597011557,1.0000000182425728
-0.04,1.031821050150122,170.6273752370482,-0.04316553850356498,-4.32105980614735e-05,0.999999962184751,1.0000000174051706
-0.04,1.031821050150122,172.20762820648835,-0.04303185406997761,-4.139900815221545e-05,0.9999999645346586,1.0000000166003362
-0.04,1.031821050150122,173.80251657334924,-0.042902615302461554,-3.964656052293972e-05,0.9999999667569067,1.0000000158270357
-0.04,1.031821050150122,175.41217588229446,-0.04277772760598791,-3.7952020951956246e-05,0.9999999688573133,1.0000000150842605
-0.04,1.031821050150122,177.0367429333253,-0.04265709651185387,-3.6314158489306814e-05,0.9999999708414897,1.000000014371029
-0.04,1.031821050150122,178.67635579340572,-0.04254062773469731,-3.473174593433187e-05,0.9999999727148448,1.0000000136863858
-0.04,1.031821050150122,180.33115380819694,-0.04242822722952006,-3.320356032667279e-05,0.9999999744825909,1.0000000130293973
-0.04,1.031821050150122,182.00127761389967,-0.04231980124861716,-3.1728383449509156e-05,0.9999999761497486,1.0000000123991581
-0.04,1.031821050150122,183.68686914920713,-0.04221525639830592,-3.030500234371119e-05,0.99999997772115,1.0000000117947834
-0.04,1.031821050150122,185.38807166736675,-0.0421144996953495,-2.893220983160196e-05,0.999999979201445,1.000000011215412
-0.04,1.031821050150122,187.10502974835543,-0.04201743862296931,-2.7608805048934848e-05,0.9999999805951064,1.0000000106602056
-0.04,1.031821050150122,188.83788931116757,-0.04192398118634022,-2.633359398370659e-05,0.9999999819064325,1.0000000101283473
-0.04,1.031821050150122,190.58679762621514,-0.04183403596746322,-2.5105390020364117e-05,0.9999999831395527,1.000000009619042
-0.04,1.031821050150122,192.35190332784438,-0.0417475121793121,-2.392301448791775e-05,0.9999999842984333,1.0000000091315153
-0.04,1.031821050150122,194.13335642696757,-0.041664319719150265,-2.2785297210523834e-05,0.9999999853868783,1.000000008665013
-0.04,1.031821050150122,195.93130832381254,-0.04158436922091762,-2.169107705900558e-05,0.9999999864085389,1.0000000082187999
-0.04,1.031821050150122,197.74591182078862,-0.04150757210658755,-2.0639202501811228e-05,0.9999999873669138,1.0000000077921625
-0.04,1.031821050150122,199.5773211354742,-0.04143384063639799,-1.962853215390097e-05,0.9999999882653543,1.0000000073844044
-0.04,1.031821050150122,201.42569191372198,-0.04136308795786198,-1.865793532203816e-05,0.999999989107071,1.0000000069948494
-0.04,1.031821050150122,203.29118124288746,-0.04129522815346724,-1.7726292544978113e-05,0.999999989895135,1.0000000066228378
-0.04,1.031821050150122,205.1739476651793,-0.04123017628697629,-1.683249612706416e-05,0.999999990632483,1.0000000062677297
-0.04,1.031821050150122,207.07415119113296,-0.04116784844824344,-1.5975450663722505e-05,0.999999991321922,1.0000000059289014
-0.04,1.031821050150122,208.99195331321022,-0.041108161796467695,-1.5154073557427423e-05,0.9999999919661341,1.0000000056057468
-0.04,1.031821050150122,210.92751701952352,-0.041051034601804925,-1.436729552266628e-05,0.9999999925676782,1.0000000052976779
-0.04,1.031821050150122,212.88100680768738,-0.04099638628526734,-1.3614061078544758e-05,0.999999993128997,1.0000000050041211
-0.04,1.031821050150122,214.8525886987991,-0.04094413745684141,-1.289332902763242e-05,0.9999999936524161,1.0000000047245199
-0.04,1.031821050150122,216.84243025154836,-0.04089420995176145,-1.220407291972528e-05,0.9999999941401538,1.0000000044583341
-0.04,1.031821050150122,218.85070057645706,-0.040846526864879815,-1.1545281499320958e-05,0.99999999459432,1.000000004205039
-0.04,1.031821050150122,220.87757035025237,-0.04080101258307997,-1.0915959135488598e-05,0.9999999950169244,1.0000000039641246
-0.04,1.031821050150122,222.92321183037146,-0.04075759281568339,-1.0315126233067124e-05,0.9999999954098752,1.0000000037350965
-0.04,1.031821050150122,224.9877988696007,-0.04071619462280742,-9.741819624042797e-06,0.9999999957749854,1.0000000035174748
-0.04,1.031821050150122,227.07150693085165,-0.04067674644163506,-9.19509293810167e-06,0.999999996113978,1.0000000033107947
-0.04,1.031821050150122,229.17451310207272,-0.0406391781105647,-8.674016951397924e-06,0.9999999964284861,1.0000000031146037
-0.04,1.031821050150122,231.29699611129922,-0.04060342089121234,-8.177679912662482e-06,0.9999999967200577,1.0000000029284655
-0.04,1.031821050150122,233.4391363418438,-0.04056940748824505,-7.705187845850835e-06,0.9999999969901597,1.0000000027519562
-0.04,1.031821050150122,235.60111584762504,-0.040537072067029736,-7.255664828609329e-06,0.99999999724018,1.0000000025846654
-0.04,1.031821050150122,237.78311836864148,-0.04050635026908779,-6.828253245932313e-06,0.9999999974714319,1.0000000024261957
-0.04,1.031821050150122,239.98532934658564,-0.040477179225351156,-6.4221140184711304e-06,0.9999999976851552,1.0000000022761633
-0.04,1.031821050150122,242.20793594060487,-0.04044949756722214,-6.036426805009802e-06,0.9999999978825233,1.000000002134196
-0.04,1.031821050150122,244.4511270432073,-0.04042324543544422,-5.6703901787952645e-06,0.9999999980646403,1.0000000019999349
-0.04,1.031821050150122,246.71509329631496,-0.04039836448679765,-5.323221777351626e-06,0.9999999982325486,1.000000001873032
-0.04,1.031821050150122,249.00002710746668,-0.04037479789863938,-4.994158425737856e-06,0.9999999983872293,1.000000001753153
-0.04,1.031821050150122,251.3061226661696,-0.04035249037131155,-4.682456232978378e-06,0.9999999985296081,1.000000001639973
-0.04,1.031821050150122,253.6335759604023,-0.04033138812844998,-4.387390661827657e-06,0.9999999986605529,1.0000000015331811
-0.04,1.031821050150122,255.98258479327197,-0.04031143891522781,-4.108256571841774e-06,0.9999999987808801,1.0000000014324752
-0.04,1.031821050150122,258.3533487998248,-0.040292591994576174,-3.844368235980586e-06,0.9999999988913568,1.0000000013375647
-0.04,1.031821050150122,260.7460694640121,-0.04027479814142752,-3.595059330993743e-06,0.9999999989927019,1.0000000012481707
-0.04,1.031821050150122,263.1609501358149,-0.04025800963503344,-3.359682901942638e-06,0.999999999085589,1.0000000011640227
-0.04,1.031821050150122,265.59819604852424,-0.04024218024941203,-3.137611301257719e-06,0.9999999991706495,1.0000000010848624
-0.04,1.031821050150122,268.0580143361851,-0.0402272652419854,-2.9282361028646682e-06,0.9999999992484734,1.000000001010441
-0.04,1.031821050150122,270.5406140511989,-0.04021322134047125,-2.7309679919462385e-06,0.9999999993196129,1.0000000009405186
-0.04,1.031821050150122,273.0462061820903,-0.04020000672809632,-2.5452366309868233e-06,0.9999999993845823,1.0000000008748642
-0.04,1.031821050150122,275.57500367143905,-0.040187581027203614,-2.3704905028306904e-06,0.9999999994438639,1.0000000008132581
-0.04,1.031821050150122,278.1272214339776,-0.0401759052813271,-2.206196731509689e-06,0.9999999994979046,1.0000000007554881
-0.04,1.031821050150122,280.7030763748543,-0.040164941935811826,-2.0518408817155658e-06,0.9999999995471215,1.0000000007013512
-0.04,1.031821050150122,283.30278740807006,-0.04015465481705907,-1.9069267377722455e-06,0.9999999995919034,1.000000000650652
-0.04,1.031821050150122,285.9265754750807,-0.04014500911047783,-1.7709760630719573e-06,0.9999999996326112,1.0000000006032048
-0.04,1.031821050150122,288.57466356357577,-0.040135971337227,-1.6435283409572765e-06,0.9999999996695794,1.0000000005588319
-0.04,1.031821050150122,291.24727672642865,-0.04012750932983194,-1.5241404980584422e-06,0.999999999703119,1.000000000517361
-0.04,1.031821050150122,293.94464210082356,-0.04011959220676289,-1.4123866111702602e-06,0.9999999997335185,1.0000000004786302
-0.04,1.031821050150122,296.6669889275594,-0.040112190346060166,-1.3078575987211994e-06,0.9999999997610444,1.0000000004424843
-0.04,1.031821050150122,299.4145485705322,-0.04010527535809389,-1.210160897958683e-06,0.9999999997859425,1.000000000408774
-0.04,1.031821050150122,302.18755453639716,-0.040098820057544934,-1.1189201289881355e-06,0.9999999998084417,1.0000000003773577
-0.04,1.031821050150122,304.9862424944146,-0.040092798434693176,-1.0337747467736738e-06,0.9999999998287522,1.0000000003481009
-0.04,1.031821050150122,307.81085029647846,-0.040087185626099045,-9.543796822731784e-07,0.9999999998470674,1.000000000320875
-0.04,1.031821050150122,310.6616179973303,-0.040081957884763104,-8.804049738316801e-07,0.9999999998635677,1.0000000002955578
-0.04,1.031821050150122,313.5387878749621,-0.040077092549846864,-8.115353900076624e-07,0.9999999998784151,1.0000000002720326
-0.04,1.031821050150122,316.44260445120455,-0.04007256801603707,-7.474700449292323e-07,0.9999999998917629,1.0000000002501903
-0.04,1.031821050150122,319.3733145125105,-0.040068363702633156,-6.879220073472291e-07,0.9999999999037481,1.0000000002299236
-0.04,1.031821050150122,322.3311671309267,-0.040064460022436375,-6.326179044659734e-07,0.9999999999144994,1.0000000002111356
-0.04,1.031821050150122,325.31641368526283,-0.040060838350515805,-5.812975216563188e-07,0.9999999999241328,1.000000000193731
-0.04,1.031821050150122,328.32930788245454,-0.040057480992924915,-5.337133991087538e-07,0.999999999932755,1.0000000001776206
-0.04,1.031821050150122,331.37010577912685,-0.04005437115543918,-4.896304264742344e-07,0.9999999999404633,1.00000000016272
-0.04,1.031821050150122,334.4390658033531,-0.04005149291238255,-4.4882543648395856e-07,0.9999999999473477,1.0000000001489497
-0.04,1.031821050150122,337.53644877662083,-0.040048831175607376,-4.110867985478291e-07,0.9999999999534886,1.0000000001362335
-0.04,1.031821050150122,340.66251793599554,-0.040046371663690274,-3.762140132348115e-07,0.9999999999589602,1.0000000001245009
-0.04,1.031821050150122,343.81753895649405,-0.040044100871401284,-3.4401730856553246e-07,0.9999999999638304,1.0000000001136842
-0.04,1.031821050150122,347.00177997366285,-0.040042006039502774,-3.1431723894743304e-07,0.9999999999681591,1.000000000103721
-0.04,1.031821050150122,350.2155116063659,-0.040040075124929235,-2.869442875837925e-07,0.9999999999720037,1.0000000000945508
-0.04,1.031821050150122,353.4590069797847,-0.04003829677139683,-2.617384731129165e-07,0.9999999999754134,1.0000000000861178
-0.04,1.031821050150122,356.73254174862967,-0.04003666028048746,-2.3854896121021205e-07,0.9999999999784338,1.0000000000783695
-0.04,1.031821050150122,360.0363941205664,-0.04003515558324945,-2.1723368180889516e-07,0.9999999999811067,1.000000000071257
-0.04,1.031821050150122,363.37084487986095,-0.04003377321235253,-1.9765895259197748e-07,0.9999999999834691,1.0000000000647327
-0.04,1.031821050150122,366.73617741124224,-0.04003250427483189,-1.796991093087499e-07,0.9999999999855544,1.0000000000587541
-0.04,1.031821050150122,370.13267772398575,-0.040031340425453026,-1.6323614346401623e-07,0.9999999999873934,1.00000000005328
-0.04,1.031821050150122,373.5606344762222,-0.040030273840724856,-1.4815934784556555e-07,0.9999999999890125,1.0000000000482727
-0.04,1.031821050150122,377.02033899946696,-0.040029297193585736,-1.343649703310079e-07,0.9999999999904369,1.0000000000436955
-0.04,1.031821050150122,380.5120853233824,-0.04002840362878409,-1.217558763570285e-07,0.9999999999916886,1.0000000000395168
-0.04,1.031821050150122,384.03617020076405,-0.040027586738971416,-1.1024122038387286e-07,0.9999999999927868,1.0000000000357046
-0.04,1.031821050150122,387.5928931327621,-0.04002684054152298,-9.973612664719128e-08,0.9999999999937494,1.0000000000322298
-0.04,1.031821050150122,391.18255639433437,-0.04002615945609823,-9.016137944512814e-08,0.9999999999945915,1.0000000000290659
-0.04,1.031821050150122,394.8054650599374,-0.04002553828295016,-8.144312315773242e-08,0.9999999999953288,1.0000000000261875
-0.04,1.031821050150122,398.4619270294508,-0.04002497218198995,-7.351257215859432e-08,0.9999999999959719,1.000000000023572
-0.04,1.031821050150122,402.15225305434814,-0.04002445665261088,-6.630573073857407e-08,0.9999999999965326,1.0000000000211962
-0.04,1.031821050150122,405.87675676410373,-0.04002398751427236,-5.976312311858583e-08,0.9999999999970212,1.000000000019042
-0.04,1.031821050150122,409.6357546928489,-0.04002356088784341,-5.3829533588425146e-08,0.9999999999974463,1.0000000000170897
-0.04,1.031821050150122,413.4295663062725,-0.040023173177701654,-4.8453756785257465e-08,0.9999999999978156,1.000000000015323
-0.04,1.031821050150122,417.25851402877123,-0.040022821054582707,-4.3588358080569444e-08,0.9999999999981354,1.0000000000137244
-0.04,1.031821050150122,421.12292327085265,-0.04002250143917203,-3.9189444005397245e-08,0.9999999999984126,1.0000000000122804
-0.04,1.031821050150122,425.02312245678996,-0.0400222114864299,-3.52164426496517e-08,0.9999999999986523,1.0000000000109774
-0.04,1.031821050150122,428.95944305253283,-0.040021948570638836,-3.16318938908353e-08,0.9999999999988592,1.000000000009803
-0.04,1.031821050150122,432.9322195938791,-0.04002171027115975,-2.8401249328484314e-08,0.9999999999990377,1.0000000000087446
-0.04,1.031821050150122,436.9417897149054,-0.040021494358883976,-2.549268175681253e-08,0.9999999999991911,1.0000000000077929
-0.04,1.031821050150122,440.98849417666133,-0.040021298783364675,-2.2876903982325383e-08,0.999999999999323,1.0000000000069378
-0.04,1.031821050150122,445.0726768961314,-0.04002112166061174,-2.0526996801472227e-08,0.9999999999994359,1.00000000000617
-0.04,1.031821050150122,449.19468497546023,-0.04002096126153212,-1.841824588347645e-08,0.9999999999995314,1.0000000000054805
-0.04,1.031821050150122,453.3548687314555,-0.040020816000997654,-1.6527987363000555e-08,0.9999999999996138,1.000000000004864
-0.04,1.031821050150122,457.55358172535705,-0.04002068442752056,-1.4835461864281451e-08,0.9999999999996833,1.0000000000043123
-0.04,1.031821050150122,461.7911807928867,-0.040020565213517274,-1.3321676702148437e-08,0.9999999999997424,1.0000000000038192
-0.04,1.031821050150122,466.0680260745743,-0.04002045714614,-1.1969276010527599e-08,0.999999999999792,1.0000000000033786
-0.04,1.031821050150122,470.3844810463644,-0.04002035911865518,-1.0762418496180059e-08,0.9999999999998335,1.000000000002986
-0.04,1.031821050150122,474.7409125505084,-0.04002027012234813,-9.686662553723157e-09,0.9999999999998687,1.0000000000026368
-0.04,1.031821050150122,479.1376908267404,-0.04002018923893221,-8.72885845331285e-09,0.9999999999998974,1.0000000000023257
-0.04,1.031821050150122,483.57518954374194,-0.04002011563344175,-7.877047307182036e-09,0.9999999999999213,1.0000000000020492
-0.04,1.031821050150122,488.0537858309,-0.04002004854758692,-7.1203665351637585e-09,0.9999999999999408,1.0000000000018046
-0.04,1.031821050150122,492.5738603103579,-0.04001998729354976,-6.448961532481334e-09,0.9999999999999569,1.0000000000015867
-0.04,1.031821050150122,497.1357971293627,-0.04001993124820023,-5.853903261020673e-09,0.9999999999999692,1.0000000000013947
-0.04,1.031821050150122,501.7399839929145,-0.040019879847711465,-5.327111468560606e-09,0.9999999999999798,1.0000000000012246
-0.04,1.031821050150122,506.3868121967132,-0.04001983258255387,-4.8612832688364814e-09,0.9999999999999873,1.0000000000010747
-0.04,1.031821050150122,511.0766766604169,-0.040019788992848346,-4.449826796275953e-09,0.9999999999999939,1.0000000000009424
-0.04,1.031821050150122,515.809975961202,-0.040019748664058205,-4.086799663389137e-09,0.9999999999999986,1.0000000000008258
-0.04,1.031821050150122,520.5871123676386,-0.04001971122300169,-3.766851964837904e-09,1.0000000000000022,1.0000000000007236
-0.04,1.031821050150122,525.4084918738774,-0.04001967633416582,-3.4851735609238143e-09,1.0000000000000047,1.000000000000633
-0.04,1.031821050150122,530.2745242341559,-0.04001964369630382,-3.237445410057823e-09,1.0000000000000064,1.000000000000554
-0.04,1.031821050150122,535.1856229976182,-0.04001961303929863,-3.0197946589455057e-09,1.0000000000000078,1.000000000000485
-0.04,1.031821050150122,540.1422055434659,-0.04001958412127592,-2.828753332113459e-09,1.0000000000000084,1.0000000000004239
-0.04,1.031821050150122,545.1446931164259,-0.04001955672595016,-2.661220311369101e-09,1.000000000000009,1.0000000000003713
-0.04,1.031821050150122,550.1935108625528,-0.0400195306601886,-2.5144264552573264e-09,1.0000000000000095,1.0000000000003249
-0.04,1.031821050150122,555.2890878653604,-0.040019505751778095,-2.385902619021851e-09,1.0000000000000093,1.000000000000285
-0.04,1.031821050150122,560.4318571822878,-0.04001948184738086,-2.2734503686735646e-09,1.00000000000001,1.00000000000025
-0.04,1.031821050150122,565.6222558815047,-0.04001945881066557,-2.1751152323825083e-09,1.0000000000000104,1.0000000000002198
-0.04,1.031821050150122,570.8607250790558,-0.0400194365206012,-2.0891622675710894e-09,1.0000000000000107,1.0000000000001932
-0.04,1.031821050150122,576.1477099763489,-0.04001941486990148,-2.0140538101159934e-09,1.0000000000000115,1.0000000000001703
-0.04,1.031821050150122,581.4836598979924,-0.04001939376360828,-1.948429217752825e-09,1.0000000000000122,1.0000000000001499
-0.04,1.031821050150122,586.8690283299819,-0.04001937311780382,-1.89108646493903e-09,1.0000000000000135,1.0000000000001328
-0.04,1.031821050150122,592.3042729582397,-0.040019352858440826,-1.840965445967613e-09,1.0000000000000149,1.000000000000118
-0.04,1.031821050150122,597.7898557075149,-0.04001933292028174,-1.797132842688396e-09,1.000000000000016,1.000000000000105
-0.04,1.031821050150122,603.3262427806361,-0.04001931324593783,-1.758768438408874e-09,1.0000000000000182,1.0000000000000937
-0.04,1.031821050150122,608.913904698138,-0.04001929378499982,-1.7251527538568916e-09,1.0000000000000198,1.000000000000084
-0.04,1.031821050150122,614.5533163382452,-0.040019274493252696,-1.6956558915672552e-09,1.0000000000000215,1.0000000000000753
-0.04,1.031821050150122,620.2449569772324,-0.040019255331967,-1.6697274901534575e-09,1.0000000000000242,1.000000000000068
-0.04,1.031821050150122,625.9893103301563,-0.040019236267260505,-1.6468876858573477e-09,1.0000000000000262,1.0000000000000622
-0.04,1.031821050150122,631.7868645919671,-0.04001921726952348,-1.6267189976884196e-09,1.0000000000000289,1.000000000000056
-0.04,1.031821050150122,637.638112478994,-0.040019198312902446,-1.6088590453327892e-09,1.0000000000000315,1.0000000000000508
-0.04,1.031821050150122,643.5435512708254,-0.040019179374836775,-1.5929940329960511e-09,1.0000000000000342,1.0000000000000469
-0.04,1.031821050150122,649.5036828525664,-0.04001916043564343,-1.5788529135947788e-09,1.000000000000037,1.000000000000043
-0.04,1.031821050150122,655.5190137574945,-0.04001914147814548,-1.5662021859605498e-09,1.0000000000000397,1.0000000000000397
-0.04,1.031821050150122,661.5900552101086,-0.0400191224873402,-1.55484124893039e-09,1.0000000000000426,1.0000000000000366
-0.04,1.031821050150122,667.7173231695753,-0.040019103450103136,-1.544598266695844e-09,1.0000000000000449,1.0000000000000335
-0.04,1.031821050150122,673.9013383735801,-0.04001908435492459,-1.5353264904526096e-09,1.0000000000000475,1.0000000000000313
-0.04,1.031821050150122,680.1426263825831,-0.04001906519167579,-1.5269009949554633e-09,1.0000000000000495,1.0000000000000289
-0.04,1.031821050150122,686.4417176244827,-0.04001904595140141,-1.519215785858773e-09,1.0000000000000515,1.0000000000000273
-0.04,1.031821050150122,692.7991474396972,-0.04001902662613632,-1.5121812325274522e-09,1.0000000000000533,1.0000000000000253
-0.04,1.031821050150122,699.215456126661,-0.040019007208744024,-1.5057218051056747e-09,1.0000000000000555,1.0000000000000235
-0.04,1.031821050150122,705.6911889877423,-0.04001898769277468,-1.4997740741505568e-09,1.0000000000000568,1.0000000000000218
-0.04,1.031821050150122,712.2268963755895,-0.04001896807234106,-1.4942849571401425e-09,1.0000000000000584,1.0000000000000202
-0.04,1.031821050150122,718.8231337398989,-0.04001894834201016,-1.4892101585997031e-09,1.000000000000059,1.0000000000000189
-0.04,1.031821050150122,725.4804616746267,-0.04001892849670954,-1.4845128211099786e-09,1.00000000000006,1.000000000000017
-0.04,1.031821050150122,732.1994459656265,-0.040018908531646594,-1.4801623267521583e-09,1.0000000000000606,1.000000000000016
-0.04,1.031821050150122,738.9806576387373,-0.04001888844223941,-1.4761332665084277e-09,1.0000000000000608,1.0000000000000149
-0.04,1.031821050150122,745.8246730083114,-0.04001886822405844,-1.4724045244893857e-09,1.000000000000061,1.0000000000000138
-0.04,1.031821050150122,752.7320737261965,-0.04001884787277755,-1.468958496013041e-09,1.0000000000000606,1.0000000000000122
-0.04,1.031821050150122,759.7034468311634,-0.04001882738413358,-1.4657804026294498e-09,1.0000000000000602,1.0000000000000115
-0.04,1.031821050150122,766.7393847988028,-0.04001880675389376,-1.4628577047504459e-09,1.0000000000000588,1.00000000000001
-0.04,1.031821050150122,773.8404855918722,-0.04001878597782994,-1.460179593312583e-09,1.000000000000058,1.0000000000000093
-0.04,1.031821050150122,781.0073527111184,-0.04001876505169902,-1.4577365602038894e-09,1.0000000000000564,1.000000000000008
-0.04,1.031821050150122,788.2405952465664,-0.04001874397122884,-1.4555200277298341e-09,1.0000000000000548,1.000000000000007
-0.04,1.031821050150122,795.5408279292831,-0.04001872273210915,-1.4535220414595676e-09,1.000000000000053,1.0000000000000064
-0.04,1.031821050150122,802.9086711836236,-0.040018701329986854,-1.4517350100023882e-09,1.0000000000000517,1.000000000000006
-0.04,1.031821050150122,810.3447511799583,-0.04001867976046497,-1.4501514919817e-09,1.0000000000000488,1.0000000000000049
-0.04,1.031821050150122,817.8496998878867,-0.04001865801910537,-1.4487640224357878e-09,1.0000000000000466,1.0000000000000044
-0.04,1.031821050150122,825.4241551299497,-0.040018636101434,-1.4475649730578846e-09,1.0000000000000442,1.0000000000000033
-0.04,1.031821050150122,833.0687606358348,-0.04001861400294893,-1.4465464474054728e-09,1.0000000000000413,1.0000000000000033
-0.04,1.031821050150122,840.7841660970844,-0.04001859171913045,-1.4457001975463269e-09,1.000000000000039,1.0000000000000022
-0.04,1.031821050150122,848.5710272223139,-0.04001856924545306,-1.445017569401872e-09,1.0000000000000357,1.0000000000000016
-0.04,1.031821050150122,856.4300057929329,-0.040018546577398895,-1.4444894686934008e-09,1.0000000000000333,1.000000000000001
-0.04,1.031821050150122,864.3617697193946,-0.04001852371047212,-1.4441063407843702e-09,1.0000000000000306,1.0000000000000009
-0.04,1.031821050150122,872.3669930979535,-0.04001850064021461,-1.4438581754851251e-09,1.0000000000000275,1.0000000000000002
-0.04,1.031821050150122,880.4463562679581,-0.04001847736222189,-1.4437345148079354e-09,1.0000000000000249,1.0000000000000002
-0.04,1.031821050150122,888.6005458696701,-0.04001845387215956,-1.4437244760059573e-09,1.0000000000000222,0.9999999999999999
-0.04,1.031821050150122,896.8302549026189,-0.04001843016577981,-1.4438167959755327e-09,1.0000000000000193,0.9999999999999993
-0.04,1.031821050150122,905.1361827845002,-0.040018406238937904,-1.4439998653942447e-09,1.0000000000000167,0.9999999999999993
-0.04,1.031821050150122,913.5190354106156,-0.0400183820876083,-1.4442617818080956e-09,1.0000000000000142,0.9999999999999992
-0.04,1.031821050150122,921.9795252138629,-0.04001835770790029,-1.444590404989718e-09,1.0000000000000122,0.9999999999999989
-0.04,1.031821050150122,930.5183712252855,-0.040018333096072965,-1.4449734217911649e-09,1.0000000000000098,0.999999999999999
-0.04,1.031821050150122,939.1362991351807,-0.04001830824854943,-1.4453984022952871e-09,1.000000000000008,0.9999999999999989
-0.04,1.031821050150122,947.8340413547725,-0.04001828316193002,-1.445852872361407e-09,1.0000000000000058,0.9999999999999991
-0.04,1.031821050150122,956.6123370784595,-0.04001825783300445,-1.4463243737690386e-09,1.0000000000000042,0.9999999999999991
-0.04,1.031821050150122,965.4719323466358,-0.04001823225876269,-1.4468005446459355e-09,1.0000000000000027,0.999999999999999
-0.04,1.031821050150122,974.4135801090915,-0.04001820643640473,-1.4472691712218454e-09,1.0000000000000016,0.9999999999999992
-0.04,1.031821050150122,983.4380402890077,-0.04001818036334874,-1.447718267749904e-09,1.0000000000000004,0.9999999999999997
-0.04,1.031821050150122,992.5460798475383,-0.04001815403723802,-1.4481361336678235e-09,0.9999999999999996,1.0000000000000002
-0.04,1.031821050150122,1001.7384728489908,-0.04001812745594619,-1.4485114194517955e-09,0.9999999999999989,1.0
-0.04,1.031821050150122,1011.0160005266158,-0.04001810061758119,-1.4488331857266995e-09,0.9999999999999987,1.0000000000000004
-0.04,1.031821050150122,1020.3794513489946,-0.04001807352048734,-1.4490909636576965e-09,0.9999999999999987,1.0000000000000004
-0.04,1.031821050150122,1029.8296210870567,-0.040018046163246036,-1.449274802967452e-09,0.9999999999999986,1.0000000000000009
-0.04,1.031821050150122,1039.3673128817031,-0.040018018544674815,-1.4493753255450797e-09,0.9999999999999989,1.000000000000001
-0.04,1.031821050150122,1048.993337312066,-0.04001799066382487,-1.4493837710296623e-09,0.9999999999999992,1.0000000000000018
-0.04,1.031821050150122,1058.7085124643972,-0.040017962519976975,-1.449292034251598e-09,1.0000000000000002,1.000000000000002
-0.04,1.031821050150122,1068.5136640015942,-0.040017934112635815,-1.4490927056643997e-09,1.0000000000000009,1.0000000000000024
-0.04,1.031821050150122,1078.4096252333723,-0.040017905441522984,-1.448779100583777e-09,1.0000000000000022,1.0000000000000029
-0.04,1.031821050150122,1088.3972371870843,-0.04001787650656845,-1.4483452866055343e-09,1.0000000000000029,1.0000000000000027
-0.04,1.031821050150122,1098.4773486791944,-0.04001784730790071,-1.447786105100341e-09,1.0000000000000047,1.0000000000000036
-0.04,1.031821050150122,1108.650816387419,-0.04001781784583554,-1.4470971882387335e-09,1.0000000000000062,1.000000000000004
-0.04,1.031821050150122,1118.9185049235327,-0.04001778812086363,-1.4462749700120785e-09,1.0000000000000075,1.0000000000000042
-0.04,1.031821050150122,1129.2812869068487,-0.04001775813363707,-1.4453166950166017e-09,1.0000000000000093,1.0000000000000042
-0.04,1.031821050150122,1139.740043038382,-0.040017727884954654,-1.4442204176925737e-09,1.0000000000000118,1.0000000000000049
-0.04,1.031821050150122,1150.2956621756925,-0.040017697375746446,-1.4429850010528413e-09,1.0000000000000138,1.000000000000005
-0.04,1.031821050150122,1160.9490414084332,-0.04001766660705725,-1.4416101096912414e-09,1.0000000000000158,1.0000000000000058
-0.04,1.031821050150122,1171.7010861345848,-0.040017635580029534,-1.4400961975324123e-09,1.000000000000018,1.0000000000000062
-0.04,1.031821050150122,1182.5527101374053,-0.040017604295885516,-1.4384444920793772e-09,1.00000000000002,1.0000000000000062
-0.04,1.031821050150122,1193.5048356630894,-0.04001757275590888,-1.4366569723756565e-09,1.0000000000000226,1.0000000000000067
-0.04,1.031821050150122,1204.55839349915,-0.0400175409614259,-1.4347363486781466e-09,1.0000000000000244,1.0000000000000069
-0.04,1.031821050150122,1215.7143230535173,-0.040017508913786415,-1.4326860328082063e-09,1.0000000000000269,1.0000000000000073
-0.04,1.031821050150122,1226.9735724343827,-0.04001747661434439,-1.4305101087569024e-09,1.0000000000000293,1.0000000000000075
-0.04,1.031821050150122,1238.33709853077,-0.04001744406443857,-1.4282132961627935e-09,1.0000000000000315,1.0000000000000073
-0.04,1.031821050150122,1249.8058670938608,-0.04001741126537301,-1.4258009171126518e-09,1.000000000000034,1.000000000000008
-0.04,1.031821050150122,1261.3808528190714,-0.040017378218397744,-1.423278856356815e-09,1.0000000000000357,1.0000000000000082
-0.04,1.031821050150122,1273.0630394288874,-0.04001734492468971,-1.4206535179896587e-09,1.000000000000038,1.0000000000000082
-0.04,1.031821050150122,1284.8534197564702,-0.040017311385333924,-1.4179317891169762e-09,1.00000000000004,1.0000000000000084
-0.04,1.031821050150122,1296.7529958300336,-0.04001727760130517,-1.4151209837722027e-09,1.0000000000000417,1.0000000000000087
-0.04,1.031821050150122,1308.7627789579997,-0.040017243573450094,-1.4122288097702393e-09,1.000000000000044,1.0000000000000089
-0.04,1.031821050150122,1320.883789814951,-0.04001720930246996,-1.4092633160016222e-09,1.0000000000000455,1.0000000000000087
-0.04,1.031821050150122,1333.1170585283726,-0.04001717478890399,-1.4062328417275399e-09,1.000000000000047,1.000000000000009
-0.04,1.031821050150122,1345.4636247661995,-0.04001714003311368,-1.4031459754984785e-09,1.0000000000000484,1.000000000000009
-0.04,1.031821050150122,1357.924537825179,-0.04001710503526763,-1.4000115026936984e-09,1.0000000000000497,1.000000000000009
-0.04,1.031821050150122,1370.500856720038,-0.04001706979532763,-1.3968383602341546e-09,1.0000000000000508,1.0000000000000093
-0.04,1.031821050150122,1383.1936502734964,-0.040017034313035396,-1.3936355873994783e-09,1.000000000000052,1.0000000000000089
-0.04,1.031821050150122,1396.0039972070938,-0.04001699858790052,-1.3904122785388479e-09,1.0000000000000528,1.0000000000000089
-0.04,1.031821050150122,1408.9329862328714,-0.04001696261918946,-1.3871775377259973e-09,1.0000000000000537,1.000000000000009
-0.04,1.031821050150122,1421.9817161458968,-0.04001692640591558,-1.3839404343198245e-09,1.0000000000000542,1.0000000000000089
-0.04,1.031821050150122,1435.1512959176512,-0.0400168899468304,-1.3807099591846775e-09,1.0000000000000546,1.0000000000000087
-0.04,1.031821050150122,1448.4428447902692,-0.040016853240416025,-1.3774949807654196e-09,1.0000000000000548,1.0000000000000087
-0.04,1.031821050150122,1461.8574923716699,-0.040016816284878735,-1.3743042043626432e-09,1.0000000000000548,1.0000000000000087
-0.04,1.031821050150122,1475.3963787315492,-0.04001677907814394,-1.3711461345014214e-09,1.0000000000000548,1.0000000000000082
-0.04,1.031821050150122,1489.0606544982772,-0.04001674161785219,-1.3680290371322419e-09,1.0000000000000548,1.000000000000008
-0.04,1.031821050150122,1502.8514809566846,-0.04001670390135652,-1.3649609043372701e-09,1.0000000000000544,1.000000000000008
-0.04,1.031821050150122,1516.7700301467542,-0.040016665925721194,-1.3619494204284907e-09,1.000000000000054,1.0000000000000075
-0.04,1.031821050150122,1530.8174849632353,-0.040016627687721434,-1.3590019317650037e-09,1.000000000000053,1.0000000000000075
-0.04,1.031821050150122,1544.9950392561707,-0.040016589183844514,-1.3561254184793637e-09,1.0000000000000522,1.0000000000000073
-0.04,1.031821050150122,1559.3038979323546,-0.040016550410292194,-1.3533264672013212e-09,1.0000000000000515,1.0000000000000073
-0.04,1.031821050150122,1573.7452770577393,-0.04001651136298409,-1.3506112477292696e-09,1.00000000000005,1.0000000000000069
-0.04,1.031821050150122,1588.3204039607824,-0.040016472037562534,-1.347985491278724e-09,1.000000000000049,1.0000000000000067
-0.04,1.031821050150122,1603.0305173367537,-0.040016432429398355,-1.3454544716785335e-09,1.000000000000048,1.0000000000000067
-0.04,1.031821050150122,1617.8768673530133,-0.04001639253359782,-1.34302298792392e-09,1.0000000000000466,1.0000000000000064
-0.04,1.031821050150122,1632.8607157552478,-0.04001635234501077,-1.3406953509491452e-09,1.000000000000045,1.000000000000006
-0.04,1.031821050150122,1647.9833359747165,-0.04001631185823972,-1.3384753716293681e-09,1.0000000000000433,1.0000000000000058
-0.04,1.031821050150122,1663.2460132364645,-0.04001627106764992,-1.3363663505856801e-09,1.0000000000000417,1.0000000000000053
-0.04,1.031821050150122,1678.6500446685554,-0.04001622996738043,-1.3343710717043298e-09,1.00000000000004,1.000000000000005
-0.04,1.031821050150122,1694.1967394123092,-0.04001618855135607,-1.332491797640373e-09,1.000000000000038,1.0000000000000047
-0.04,1.031821050150122,1709.8874187335668,-0.04001614681330025,-1.3307302668679724e-09,1.0000000000000364,1.0000000000000047
-0.04,1.031821050150122,1725.7234161349695,-0.04001610474674855,-1.3290876929887808e-09,1.0000000000000342,1.0000000000000042
-0.04,1.031821050150122,1741.706077469303,-0.040016062345063094,-1.32756476832134e-09,1.0000000000000322,1.0000000000000042
-0.04,1.031821050150122,1757.8367610538646,-0.04001601960144752,-1.3261616647954992e-09,1.0000000000000304,1.0000000000000038
-0.04,1.031821050150122,1774.1168377859105,-0.04001597650896274,-1.3248780422385948e-09,1.0000000000000284,1.0000000000000036
-0.04,1.031821050150122,1790.547691259161,-0.04001593306054307,-1.3237130546993687e-09,1.0000000000000264,1.0000000000000033
-0.04,1.031821050150122,1807.1307178813868,-0.040015889249012955,-1.3226653590927931e-09,1.0000000000000244,1.000000000000003
-0.04,1.031821050150122,1823.867326993091,-0.040015845067104254,-1.321733130584548e-09,1.0000000000000226,1.0000000000000029
-0.04,1.031821050150122,1840.7589409872808,-0.040015800507473664,-1.3209140670949581e-09,1.0000000000000202,1.0000000000000022
-0.04,1.031821050150122,1857.8069954303487,-0.04001575556272066,-1.3202054119895515e-09,1.0000000000000182,1.0000000000000024
-0.04,1.031821050150122,1875.012939184082,-0.04001571022540568,-1.3196039639212953e-09,1.0000000000000162,1.0000000000000018
-0.04,1.031821050150122,1892.378234528796,-0.040015664488068356,-1.319106093498057e-09,1.0000000000000147,1.0000000000000018
-0.04,1.031821050150122,1909.9043572876058,-0.040015618343246136,-1.3187077647602152e-09,1.0000000000000124,1.0000000000000016
-0.04,1.031821050150122,1927.592796951861,-0.04001557178349288,-1.3184045508686202e-09,1.0000000000000107,1.0000000000000013
-0.04,1.031821050150122,1945.4450568077177,-0.04001552480139722,-1.3181916547430878e-09,1.0000000000000089,1.0000000000000013
-0.04,1.031821050150122,1963.4626540639163,-0.040015477389601505,-1.3180639285061633e-09,1.0000000000000073,1.000000000000001
-0.04,1.031821050150122,1981.6471199807077,-0.040015429540820074,-1.3180158960090795e-09,1.0000000000000056,1.0000000000000009
-0.04,1.031821050150122,2000.0,-0.04001538124785767,-1.3180417744018875e-09,1.000000000000004,1.0000000000000007
-0.02,1.031892726667345,0.0,0.0,0.0,0.0,1.031892726667345
-0.02,1.031892726667345,0.05,-0.0011897820793426534,0.0234043884487908,0.029690560329520693,1.0314077306097058
-0.02,1.031892726667345,0.1,-0.0046050308260096534,0.044533200108169343,0.05926700583470466,1.0309227585617051
-0.02,1.031892726667345,0.15000000000000002,-0.0100252540300472,0.06352680657472277,0.08862828226617558,1.0304378698206922
-0.02,1.031892726667345,0.2,-0.017243743540007815,0.08052066856974933,0.11768641722019936,1.0299531586594142
-0.02,1.031892726667345,0.25,-0.026067080146371546,0.09564516803935248,0.14636532769610752,1.0294687506251157
-0.02,1.031892726667345,0.30000000000000004,-0.03631464230476229,0.1090254900230255,0.1745997193633931,1.0289847990070802
-0.02,1.031892726667345,0.35000000000000003,-0.04781804303652143,0.1207815488846157,0.20233407062172784,1.0285014814580205
-0.02,1.031892726667345,0.4,-0.0604206361086175,0.13102795391171687,0.22952169526322733,1.028018996760078
-0.02,1.031892726667345,0.45,-0.07397696061233643,0.1398740096454024,0.2561238781403787,1.0275375617302114
-0.02,1.031892726667345,0.5,-0.08835223438006645,0.14742374669230215,0.28210907872490637,1.02705740826342
-0.02,1.031892726667345,0.55,-0.10342179803714804,0.15377597908507776,0.3074521978904245,1.0265787805139979
-0.02,1.031892726667345,0.6000000000000001,-0.11907064102765585,0.15902438461835372,0.33213390360448286,1.0261019322169267
-0.02,1.031892726667345,0.65,-0.13519284322160624,0.1632576048552957,0.3561400115111272,1.0256271241525132
-0.02,1.031892726667345,0.7000000000000001,-0.1516911155764253,0.1665593618212241,0.3794609167113253,1.0251546217571381
-0.02,1.031892726667345,0.75,-0.16847630428335467,0.16900858865284685,0.4020910732245365,1.0246846928839772
-0.02,1.031892726667345,0.8,-0.1854668988919532,0.17067957171885065,0.42402851788310625,1.024217605716256
-0.02,1.031892726667345,0.8500000000000001,-0.20258860500360684,0.17164210198219637,0.44527443560027324,1.0237536268352923
-0.02,1.031892726667345,0.9,-0.21977389119874438,0.17196163357716232,0.4658327631015145,1.0232930194451415
-0.02,1.031892726667345,0.9500000000000001,-0.2369615487141508,0.1716994477781065,0.48570982840890736,1.0228360417541122
-0.02,1.031892726667345,1.0,-0.2540963013448723,0.1709128207383323,0.5049140235204065,1.022382945512581
-0.02,1.031892726667345,1.05,-0.2711284147542843,0.16965519354607264,0.523455507848777,1.0219339747057976
-0.02,1.031892726667345,1.1,-0.2880133061554234,0.16797634330312305,0.5413459401363644,1.021489364399032
-0.02,1.031892726667345,1.1500000000000001,-0.3047111906444979,0.16592255408968298,0.558598236703278,1.0210493397313143
-0.02,1.031892726667345,1.2000000000000002,-0.3211867514271788,0.16353678681957254,0.5752263539981621,1.0206141150533157
-0.02,1.031892726667345,1.25,-0.33740881088595037,0.1608588471136084,0.5912450935355307,1.0201838932041278
-0.02,1.031892726667345,1.3,-0.35335001504662183,0.15792555043734272,0.6066699274283076,1.0197588649207476
-0.02,1.031892726667345,1.35,-0.36898654663509933,0.1547708838617002,0.6215168428370189,1.0193392083734303
-0.02,1.031892726667345,1.4000000000000001,-0.38429785700207,0.15142616390477978,0.6358022037554194,1.0189250888197083
-0.02,1.031892726667345,1.4500000000000002,-0.39926640462496216,0.14792019000162565,0.64954262865094,1.0185166583694685
-0.02,1.031892726667345,1.5,-0.413877405004462,0.1442793932311822,0.6627548825804428,1.0181140558531225
-0.02,1.031892726667345,1.55,-0.42811860119295875,0.14052798000638372,0.6754557824978655,1.017717406784635
-0.02,1.031892726667345,1.6,-0.44198005302127313,0.13668807050190482,0.6876621145567454,1.017326823411226
-0.02,1.031892726667345,1.6500000000000001,-0.45545393686322244,0.1327798316542418,0.6993905622923807,1.0169424048415798
-0.02,1.031892726667345,1.7000000000000002,-0.4685343536762785,0.12882160462262163,0.7106576446501184,1.0165642372444867
-0.02,1.031892726667345,1.75,-0.4812171497309647,0.12483002664816581,0.7214796629058889,1.0161923941099704
-0.02,1.031892726667345,1.8,-0.4934997530389741,0.12082014729247735,0.7318726555987797,1.0158269365651873
-0.02,1.031892726667345,1.85,-0.5053810230001368,0.11680553907477967,0.7418523606629017,1.0154679137377205
-0.02,1.031892726667345,1.9000000000000001,-0.5168611089672659,0.11279840255931099,0.751434184009447,1.0151153631592609
-0.02,1.031892726667345,1.9500000000000002,-0.5279413164135486,0.10880966597285921,0.760633173871464,1.0147693112030427
-0.02,1.031892726667345,2.0,-0.5386239825148879,0.1048490794567788,0.7694640002827724,1.014429773548755
-0.02,1.031892726667345,2.0500000000000003,-0.5489123627703115,0.10092530407870735,0.7779409391171076,1.0140967556690925
-0.02,1.031892726667345,2.1,-0.5588105278642569,0.09704599574643454,0.7860778601635252,1.0137702533325421
-0.02,1.031892726667345,2.15,-0.5683232684159547,0.09321788418023165,0.7938882187602173,1.0134502531174643
-0.02,1.031892726667345,2.2,-0.5774560059163373,0.0894468471109003,0.8013850505522879,1.0131367329329857
-0.02,1.031892726667345,2.25,-0.5862147098349163,0.08573797987928836,0.8085809689800493,1.0128296625426132
-0.02,1.031892726667345,2.3000000000000003,-0.5946058217565555,0.0820956606193402,0.8154881651425759,1.012529004086905
-0.02,1.031892726667345,2.35,-0.6026361868948977,0.07852361121100829,0.8221184097162257,1.0122347126019509
-0.02,1.031892726667345,2.4000000000000004,-0.6103129922452474,0.07502495419171888,0.828483056639553,1.011946736530768
-0.02,1.031892726667345,2.45,-0.6176437100817116,0.07160226581579385,0.8345930483050534,1.0116650182251516
-0.02,1.031892726667345,2.5,-0.6246360458289018,0.06825762545053395,0.8404589220249735,1.011389494435833
-0.02,1.031892726667345,2.5500000000000003,-0.6312978900810652,0.06499266149583276,0.8460908175632872,1.011120096789131
-0.02,1.031892726667345,2.6,-0.6376372750222219,0.06180859401134716,0.8514984855488453,1.0108567522485876
-0.02,1.031892726667345,2.6500000000000004,-0.6436623354225819,0.05870627423153874,0.8566912966055029,1.0105993835603366
-0.02,1.031892726667345,2.7,-0.6493812739551071,0.05568622114443604,0.8616782510537702,1.010347909681225
-0.02,1.031892726667345,2.75,-0.6548023302067617,0.05274865530487541,0.866467989055398,1.01010224618894
-0.02,1.031892726667345,2.8000000000000003,-0.6599337527155421,0.049893530047423404,0.871068801087529,1.0098623056736182
-0.02,1.031892726667345,2.85,-0.6647837736130843,0.047120560258270265,0.8754886386469788,1.0096279981105745
-0.02,1.031892726667345,2.9000000000000004,-0.6693605857661813,0.04442924885922081,0.8797351250978567,1.0093992312140116
-0.02,1.031892726667345,2.95,-0.6736723224745197,0.041818911150559926,0.8838155665872134,1.0091759107716403
-0.02,1.031892726667345,3.0,-0.6777270397331385,0.0392886971530824,0.8877369629637281,1.0089579409603535
-0.02,1.031892726667345,3.0500000000000003,-0.6815327008951579,0.03683761208302903,0.8915060186435394,1.0087452246431239
-0.02,1.031892726667345,3.1,-0.6850971634176354,0.034464535087110074,0.895129153375475,1.0085376636474834
-0.02,1.031892726667345,3.1500000000000004,-0.6884281673371684,0.03216823635829846,0.8986125128651212,1.0083351590259526
-0.02,1.031892726667345,3.2,-0.6915333252047293,0.029947392746678573,0.9019619792235994,1.008137611298898
-0.02,1.031892726667345,3.25,-0.6944201133429726,0.027800601973379482,0.9051831812127222,1.0079449206803606
-0.02,1.031892726667345,3.3000000000000003,-0.6970958643925046,0.025726395549520047,0.9082815042633193,1.0077569872874113
-0.02,1.031892726667345,3.35,-0.6995677611413216,0.02372325049615994,0.9112621002481259,1.0075737113336378
-0.02,1.031892726667345,3.4000000000000004,-0.7018428315907702,0.02178959995549968,0.9141298969946254,1.0073949933074184
-0.02,1.031892726667345,3.45,-0.7039279451437005,0.01992384277802244,0.9168896075267294,1.0072207341356054
-0.02,1.031892726667345,3.5,-0.7058298097519323,0.018124352164934,0.9195457390271984,1.0070508353333076
-0.02,1.031892726667345,3.5500000000000003,-0.7075549698554304,0.016389483440155055,0.9221026015153075,1.0068851991404275
-0.02,1.031892726667345,3.6,-0.7091098049812887,0.014717581021257042,0.9245643162365599,1.0067237286456385
-0.02,1.031892726667345,3.6500000000000004,-0.7105005289236614,0.013106984654104344,0.9269348237632206,1.0065663278984622
-0.02,1.031892726667345,3.7,-0.7117331894699337,0.011556034971578246,0.9292178918061538,1.0064129020101076
-0.02,1.031892726667345,3.75,-0.7128136686575015,0.010063078432584763,0.9314171227399598,1.0062633572437234
-0.02,1.031892726667345,3.8000000000000003,-0.7137476835387703,0.008626471693604277,0.933535960844641,1.006117601094687
-0.02,1.031892726667345,3.85,-0.7145407874105761,0.007244585461301004,0.9355776992680928,1.0059755423615557
-0.02,1.031892726667345,3.9000000000000004,-0.715198371443176,0.0059158078711867845,0.9375454867145646,1.0058370912082633
-0.02,1.031892726667345,3.95,-0.7157256666345353,0.004638547434018569,0.9394423338649296,1.005702159218145
-0.02,1.031892726667345,4.0,-0.716127746021267,0.003411235588495986,0.9412711195351703,1.005570659440346
-0.02,1.031892726667345,4.05,-0.7164095270942152,0.0022323288959163303,0.9430345965799014,1.0054425064291421
-0.02,1.031892726667345,4.1000000000000005,-0.7165757743864033,0.0011003109097194744,0.9447353975481144,1.0053176162766806
-0.02,1.031892726667345,4.15,-0.7166311022164032,1.3693750312523063e-05,0.9463760400985888,1.0051959066396392
-0.02,1.031892726667345,4.2,-0.7165799775770016,-0.0010289805868142344,0.9479589321825991,1.005077296760244
-0.02,1.031892726667345,4.25,-0.7164267231575819,-0.0020291391638887347,0.9494863770016551,1.004961707482116
-0.02,1.031892726667345,4.3,-0.7161755204823259,-0.002988177250857818,0.9509605777481144,1.0048490612613281
-0.02,1.031892726667345,4.3500000000000005,-0.7158304131397076,-0.003907457670801105,0.9523836421364539,1.0047392821730945
-0.02,1.031892726667345,4.4,-0.7153953100752896,-0.00478831032076847,0.9537575867329887,1.004632295914444
-0.02,1.031892726667345,4.45,-0.7148739889210686,-0.005632031849719004,0.9550843410917154,1.0045280298032397
-0.02,1.031892726667345,4.5,-0.7142700993397284,-0.00643988547678311,0.9563657517038454,1.0044264127738665
-0.02,1.031892726667345,4.55,-0.7135871663690837,-0.007213100934497182,0.9576035857684578,1.0043273753698987
-0.02,1.031892726667345,4.6000000000000005,-0.7128285937582417,-0.007952874522979046,0.9587995347915332,1.0042308497340353
-0.02,1.031892726667345,4.65,-0.7119976672909277,-0.008660369262231724,0.9599552180204803,1.004136769595581
-0.02,1.031892726667345,4.7,-0.711097558092438,-0.009336715130888391,0.9610721857210451,1.0040450702557113
-0.02,1.031892726667345,4.75,-0.7101313259154712,-0.009983009380753145,0.9621519223033547,1.0039556885707759
-0.02,1.031892726667345,4.800000000000001,-0.709101922397884,-0.010600316917454685,0.9631958493035986,1.0038685629338406
-0.02,1.031892726667345,4.8500000000000005,-0.708012194283616,-0.011189670738416967,0.9642053282276858,1.0037836332546894
-0.02,1.031892726667345,4.9,-0.7068648865975696,-0.011752072420171709,0.9651816632629583,1.003700840938458
-0.02,1.031892726667345,4.95,-0.7056626457663843,-0.01228849264778968,0.9661261038638936,1.0036201288630902
-0.02,1.031892726667345,5.0,-0.7044080226793621,-0.012799871779900591,0.9670398472174212,1.003541441355764
-0.02,1.031892726667345,5.050000000000001,-0.7031034756866389,-0.013287120443404802,0.967924040593358,1.0034647241684456
-0.02,1.031892726667345,5.1000000000000005,-0.7017513735340405,-0.013751120152560593,0.9687797835851794,1.003389924452713
-0.02,1.031892726667345,5.15,-0.700353998235465,-0.014192723947661075,0.969608130246164,1.0033169907339556
-0.02,1.031892726667345,5.2,-0.6989135478838228,-0.014612757049000415,0.9704100911257664,1.0032458728850986
-0.02,1.031892726667345,5.25,-0.6974321394007159,-0.015012017522272334,0.9711866352108195,1.0031765220999238
-0.02,1.031892726667345,5.300000000000001,-0.6959118112237662,-0.01539127695195067,0.9719386917760313,1.0031088908661139
-0.02,1.031892726667345,5.3500000000000005,-0.6943545259292434,-0.01575128111957389,0.972667152148019,1.0030429329380868
-0.02,1.031892726667345,5.4,-0.6927621727870166,-0.016092750684194947,0.9733728713869472,1.0029786033097146
-0.02,1.031892726667345,5.45,-0.691136570245021,-0.016416381862570155,0.9740566698896749,1.0029158581869948
-0.02,1.031892726667345,5.5,-0.68947946834141,-0.016722847106943585,0.9747193349181101,1.0028546549607458
-0.02,1.031892726667345,5.550000000000001,-0.6877925510440569,-0.017012795778542505,0.9753616220563536,1.0027949521793738
-0.02,1.031892726667345,5.6000000000000005,-0.6860774385186904,-0.017286854815133167,0.9759842565999801,1.0027367095217787
-0.02,1.031892726667345,5.65,-0.6843356893283102,-0.017545629391198914,0.9765879348807333,1.0026798877704448
-0.02,1.031892726667345,5.7,-0.682568802567238,-0.017789703569493973,0.9771733255296837,1.0026244487847533
-0.02,1.031892726667345,5.75,-0.680778219933222,-0.018019640942899203,0.9777410706818008,1.0025703554745613
-0.02,1.031892726667345,5.800000000000001,-0.6789653277403772,-0.018235985265662474,0.978291787124744,1.0025175717740777
-0.02,1.031892726667345,5.8500000000000005,-0.6771314588746853,-0.018439261073246442,0.9788260673945273,1.0024660626160726
-0.02,1.031892726667345,5.9,-0.6752778946926106,-0.018629974290133217,0.979344480820614,1.0024157939064422
-0.02,1.031892726667345,5.95,-0.6734058668623835,-0.018808612825051023,0.9798475745228542,1.0023667324991472
-0.02,1.031892726667345,6.0,-0.6715165591469313,-0.01897564715318958,0.980335874362579,1.0023188461715564
-0.02,1.031892726667345,6.050000000000001,-0.669611109127412,-0.01913153088506524,0.9808098858500407,1.0022721036002027
-0.02,1.031892726667345,6.1000000000000005,-0.6676906098667889,-0.019276701321780245,0.9812700950103013,1.0022264743369713
-0.02,1.031892726667345,6.15,-0.6657561115137736,-0.019411579996495322,0.9817169692095585,1.0021819287857294
-0.02,1.031892726667345,6.2,-0.6638086228485205,-0.019536573202001747,0.9821509579437947,1.0021384381794027
-0.02,1.031892726667345,6.25,-0.6618491127724736,-0.01965207250433861,0.9825724935915574,1.0020959745575222
-0.02,1.031892726667345,6.300000000000001,-0.6598785117455073,-0.019758455242453177,0.9829819921325973,1.0020545107442211
-0.02,1.031892726667345,6.3500000000000005,-0.6578977131738657,-0.019856085013948303,0.9833798538339692,1.0020140203267143
-0.02,1.031892726667345,6.4,-0.6559075747523084,-0.019945312147000842,0.9837664639051713,1.0019744776342392
-0.02,1.031892726667345,6.45,-0.6539089197633964,-0.020026474158570128,0.9841421931237769,1.001935857717477
-0.02,1.031892726667345,6.5,-0.6519025383360946,-0.02009989619904548,0.9845073984329764,1.0018981363284387
-0.02,1.031892726667345,6.550000000000001,-0.6498891886649732,-0.020165891483508027,0.9848624235123519,1.0018612899008301
-0.02,1.031892726667345,6.6000000000000005,-0.6478695981904851,-0.020224761709804213,0.9852075993231618,1.0018252955308822
-0.02,1.031892726667345,6.65,-0.6458444647401438,-0.020276797463647807,0.985543244629332,1.0017901309586459
-0.02,1.031892726667345,6.7,-0.6438144576301167,-0.020322278610983794,0.98586966649531,1.0017557745497556
-0.02,1.031892726667345,6.75,-0.641780218726729,-0.020361474677860782,0.9861871607618731,1.0017222052776436
-0.02,1.031892726667345,6.800000000000001,-0.6397423634676699,-0.020394645218070995,0.9864960125009214,1.001689402706208
-0.02,1.031892726667345,6.8500000000000005,-0.6377014818432333,-0.020422040168825574,0.9867964964502594,1.0016573469729366
-0.02,1.031892726667345,6.9,-0.6356581393385563,-0.020443900194741318,0.9870888774292785,1.0016260187724513
-0.02,1.031892726667345,6.95,-0.6336128778384781,-0.02046045702042012,0.987373410736473,1.0015953993405122
-0.02,1.031892726667345,7.0,-0.6315662164971403,-0.02047193375190689,0.9876503425296017,1.0015654704384243
-0.02,1.031892726667345,7.050000000000001,-0.6295186525748238,-0.02047854518731437,0.9879199101893226,1.001536214337875
-0.02,1.031892726667345,7.1000000000000005,-0.6274706622445859,-0.02048049811690438,0.9881823426670706,1.001507613806188
-0.02,1.031892726667345,7.15,-0.6254227013711186,-0.020477991612914956,0.988437860817902,1.0014796520919684
-0.02,1.031892726667345,7.2,-0.6233752062639072,-0.020471217309422154,0.9886866777189971,1.0014523129111506
-0.02,1.031892726667345,7.25,-0.6213285944062702,-0.02046035967252298,0.9889289989744973,1.001425580433437
-0.02,1.031892726667345,7.300000000000001,-0.6192832651612945,-0.020445596261123175,0.9891650230072886,1.0013994392691086
-0.02,1.031892726667345,7.3500000000000005,-0.6172396004551637,-0.020427097978610663,0.9893949413383482,1.0013738744562146
-0.02,1.031892726667345,7.4,-0.6151979654379167,-0.020405029315690677,0.9896189388541992,1.0013488714481156
-0.02,1.031892726667345,7.45,-0.6131587091213971,-0.020379548584655342,0.9898371940630457,1.0013244161013917
-0.02,1.031892726667345,7.5,-0.6111221649940104,-0.020350808145355188,0.9900498793400757,1.0013004946640895
-0.02,1.031892726667345,7.550000000000001,-0.6090886516119873,-0.02031895462313541,0.9902571611624558,1.0012770937643145
-0.02,1.031892726667345,7.6000000000000005,-0.6070584731670277,-0.02028412911899444,0.9904592003344395,1.0012542003991374
-0.02,1.031892726667345,7.65,-0.6050319200305413,-0.02024646741221767,0.9906561522030927,1.001231801923843
-0.02,1.031892726667345,7.7,-0.603009269275045,-0.020206100155733046,0.9908481668650074,1.0012098860414789
-0.02,1.031892726667345,7.75,-0.600990785173667,-0.020163153064430065,0.9910353893644462,1.0011884407927096
-0.02,1.031892726667345,7.800000000000001,-0.5989767196790062,-0.02011774709667798,0.9912179598832718,1.001167454545974
-0.02,1.031892726667345,7.8500000000000005,-0.5969673128828391,-0.02006999862927316,0.9913960139230626,1.0011469159879296
-0.02,1.031892726667345,7.9,-0.5949627934582438,-0.02002001962603941,0.9915696824797224,1.0011268141141745
-0.02,1.031892726667345,7.95,-0.5929633790857335,-0.01996791780029956,0.9917390922109555,1.0011071382202512
-0.02,1.031892726667345,8.0,-0.5909692768648152,-0.0199137967714298,0.9919043655968963,1.0010878778929082
-0.02,1.031892726667345,8.05,-0.5889806837121915,-0.019857756215703133,0.9920656210942076,1.0010690230016284
-0.02,1.031892726667345,8.1,-0.5869977867475212,-0.01979989201162108,0.9922229732839349,1.0010505636904068
-0.02,1.031892726667345,8.15,-0.585020763667334,-0.019740296379927826,0.9923765330133818,1.0010324903697714
-0.02,1.031892726667345,8.200000000000001,-0.583049783107404,-0.01967905801849443,0.9925264075322803,1.0010147937090432
-0.02,1.031892726667345,8.25,-0.5810850049936104,-0.019616262232254593,0.9926727006234933,1.0009974646288289
-0.02,1.031892726667345,8.3,-0.5791265808811412,-0.01955199105836876,0.9928155127284964,1.0009804942937397
-0.02,1.031892726667345,8.35,-0.5771746542817577,-0.01948632338678625,0.9929549410678508,1.0009638741053204
-0.02,1.031892726667345,8.4,-0.5752293609788602,-0.019419335076370996,0.9930910797569126,1.0009475956952016
-0.02,1.031892726667345,8.450000000000001,-0.573290829330109,-0.019351099066750182,0.993224019916938,1.0009316509184496
-0.02,1.031892726667345,8.5,-0.57135918055752,-0.019281685486040263,0.9933538497818345,1.000916031847117
-0.02,1.031892726667345,8.55,-0.5694345290251114,-0.019211161754599648,0.9934806548006985,1.0009007307639926
-0.02,1.031892726667345,8.6,-0.5675169825043815,-0.019139592684952658,0.9936045177363517,1.0008857401565285
-0.02,1.031892726667345,8.65,-0.5656066424280977,-0.019067040578024184,0.9937255187600298,1.0008710527109643
-0.02,1.031892726667345,8.700000000000001,-0.5637036041330469,-0.01899356531581997,0.9938437355423881,1.0008566613066154
-0.02,1.031892726667345,8.75,-0.56180795709254,-0.01891922445068299,0.993959243340988,1.000842559010338
-0.02,1.031892726667345,8.8,-0.5599197851395332,-0.018844073291251668,0.9940721150844013,1.0008287390711634
-0.02,1.031892726667345,8.85,-0.5580391666812679,-0.01876816498524167,0.9941824214530891,1.000815194915089
-0.02,1.031892726667345,8.9,-0.5561661749062768,-0.018691550599168147,0.9942902309571683,1.0008019201400296
-0.02,1.031892726667345,8.950000000000001,-0.5543008779845335,-0.018614279195122124,0.99439561001122,1.0007889085109172
-0.02,1.031892726667345,9.0,-0.5524433392613936,-0.018536397904709446,0.9944986230062445,1.0007761539549505
-0.02,1.031892726667345,9.05,-0.5505936174458084,-0.01845795200025802,0.9945993323788951,1.000763650556991
-0.02,1.031892726667345,9.1,-0.5487517667931427,-0.01837898496339413,0.9946977986780813,1.000751392555083
-0.02,1.031892726667345,9.15,-0.5469178372827717,-0.01829953855108592,0.9947940806290818,1.0007393743361321
-0.02,1.031892726667345,9.200000000000001,-0.5450918747904618,-0.01821965285924778,0.9948882351952398,1.0007275904316866
-0.02,1.031892726667345,9.25,-0.5432739212554637,-0.018139366383996176,0.9949803176373536,1.0007160355138682
-0.02,1.031892726667345,9.3,-0.5414640148421361,-0.018058716080644348,0.9950703815708558,1.0007047043914101
-0.02,1.031892726667345,9.35,-0.5396621900959031,-0.017977737420519828,0.995158479020867,1.0006935920058169
-0.02,1.031892726667345,9.4,-0.5378684780933402,-0.017896464445685507,0.9952446604752145,1.0006826934276485
-0.02,1.031892726667345,9.450000000000001,-0.5360829065862169,-0.01781492982164263,0.9953289749354962,1.0006720038528998
-0.02,1.031892726667345,9.5,-0.5343055001394114,-0.01773316488809029,0.9954114699662614,1.000661518599502
-0.02,1.031892726667345,9.55,-0.5325362802626699,-0.01765119970781419,0.995492191742402,1.0006512331039181
-0.02,1.031892726667345,9.600000000000001,-0.5307752655363221,-0.0175690631137742,0.9955711850948029,1.0006411429178514
-0.02,1.031892726667345,9.65,-0.529022471731126,-0.017486782754457766,0.9956484935543414,1.0006312437050384
-0.02,1.031892726667345,9.700000000000001,-0.5272779119225409,-0.017404385137563975,0.9957241593942879,1.0006215312381483
-0.02,1.031892726667345,9.75,-0.5255415965997918,-0.017321895672080492,0.9957982236711738,1.0006120013957676
-0.02,1.031892726667345,9.8,-0.5238135337701454,-0.017239338708813386,0.9958707262641942,1.0006026501594796
-0.02,1.031892726667345,9.850000000000001,-0.5220937290588599,-0.017156737579427844,0.9959417059131942,1.0005934736110251
-0.02,1.031892726667345,9.9,-0.5203821858052705,-0.017074114634054737,0.9960112002552977,1.0005844679295506
-0.02,1.031892726667345,9.950000000000001,-0.5186789051554549,-0.01699149127751759,0.9960792458602339,1.0005756293889396
-0.02,1.031892726667345,10.0,-0.5169838861518868,-0.016908888004230484,0.9961458782644087,1.0005669543552147
-0.02,1.031892726667345,10.05,-0.5152971258204224,-0.016826324431817252,0.9962111320037702,1.0005584392840248
-0.02,1.031892726667345,10.100000000000001,-0.5136186192548944,-0.01674381933349927,0.9962750406455191,1.0005500807182042
-0.02,1.031892726667345,10.15,-0.5119483596995026,-0.016661390669297782,0.9963376368187005,1.0005418752853983
-0.02,1.031892726667345,10.200000000000001,-0.5102863386291264,-0.016579055616095136,0.9963989522437301,1.0005338196957685
-0.02,1.031892726667345,10.25,-0.5086325458275841,-0.016496830596597126,0.9964590177608876,1.0005259107397508
-0.02,1.031892726667345,10.3,-0.5069869694638254,-0.016414731307237435,0.9965178633578182,1.0005181452858962
-0.02,1.031892726667345,10.350000000000001,-0.5053495961659662,-0.01633277274506347,0.9965755181960828,1.000510520278759
-0.02,1.031892726667345,10.4,-0.5037204110930591,-0.016250969233641315,0.9966320106367932,1.000503032736859
-0.02,1.031892726667345,10.450000000000001,-0.5020993980044537,-0.016169334448016055,0.9966873682653592,1.0004956797506923
-0.02,1.031892726667345,10.5,-0.5004865393266215,-0.016087881438762806,0.9967416179153926,1.0004884584808076
-0.02,1.031892726667345,10.55,-0.49888181621730887,-0.01600662265516168,0.9967947856917914,1.000481366155938
-0.02,1.031892726667345,10.600000000000001,-0.4972852086269312,-0.015925569967529266,0.9968468969930385,1.0004744000711796
-0.02,1.031892726667345,10.65,-0.4956966953571453,-0.01584473468873794,0.9968979765327426,1.000467557586231
-0.02,1.031892726667345,10.700000000000001,-0.4941162541165846,-0.01576412759495256,0.9969480483604476,1.0004608361236793
-0.02,1.031892726667345,10.75,-0.4925438615738014,-0.015683758945614048,0.9969971358817464,1.0004542331673365
-0.02,1.031892726667345,10.8,-0.4909794934074932,-0.015603638502697133,0.9970452618777141,1.0004477462606263
-0.02,1.031892726667345,10.850000000000001,-0.4894231243541415,-0.015523775549269297,0.9970924485236878,1.0004413730050086
-0.02,1.031892726667345,10.9,-0.4878747282532421,-0.01544417890737664,0.997138717407427,1.0004351110584606
-0.02,1.031892726667345,10.950000000000001,-0.4863342780903145,-0.015364856955281525,0.9971840895466624,1.000428958133994
-0.02,1.031892726667345,11.0,-0.4848017460379148,-0.015285817644075857,0.9972285854060665,1.000422911998215
-0.02,1.031892726667345,11.05,-0.483277103494882,-0.01520706851369298,0.9972722249136624,1.0004169704699286
-0.02,1.031892726667345,11.100000000000001,-0.48176032112403977,-0.015128616708340325,0.997315027476693,1.0004111314187798
-0.02,1.031892726667345,11.15,-0.48025136888857406,-0.015050468991374319,0.9973570119969641,1.000405392763931
-0.02,1.031892726667345,11.200000000000001,-0.47875021608727775,-0.014972631759637763,0.9973981968856951,1.000399752472787
-0.02,1.031892726667345,11.25,-0.47725683138882624,-0.014895111057279569,0.9974386000778738,1.0003942085597408
-0.02,1.031892726667345,11.3,-0.47577118286522724,-0.014817912589075975,0.9974782390461545,1.0003887590849694
-0.02,1.031892726667345,11.350000000000001,-0.4742932380245279,-0.01474104173327119,0.9975171308142998,1.0003834021532523
-0.02,1.031892726667345,11.4,-0.47282296384284783,-0.014664503553955342,0.997555291970187,1.00037813591283
-0.02,1.031892726667345,11.450000000000001,-0.47136032679576195,-0.01458830281299653,0.9975927386784014,1.0003729585542918
-0.02,1.031892726667345,11.5,-0.4699052928890202,-0.014512443981543192,0.9976294866924227,1.0003678683094956
-0.02,1.031892726667345,11.55,-0.4684578276885698,-0.014436931251112513,0.9976655513664183,1.000362863450516
-0.02,1.031892726667345,11.600000000000001,-0.4670178963498209,-0.014361768544279974,0.9977009476666661,1.000357942288625
-0.02,1.031892726667345,11.65,-0.46558546364608455,-0.014286959524984372,0.997735690182608,1.000353103173298
-0.02,1.031892726667345,11.700000000000001,-0.46416049399609227,-0.014212507608462347,0.99776979313756,1.000348344491246
-0.02,1.031892726667345,11.75,-0.46274295149052724,-0.014138415970826034,0.9978032703990785,1.0003436646654849
-0.02,1.031892726667345,11.8,-0.4613327999174715,-0.014064687558296261,0.9978361354890021,1.0003390621544102
-0.02,1.031892726667345,11.850000000000001,-0.4599300027867206,-0.013991325096104363,0.9978684015931786,1.0003345354509223
-0.02,1.031892726667345,11.9,-0.45853452335289585,-0.013918331097073966,0.9979000815708878,1.0003300830815551
-0.02,1.031892726667345,11.950000000000001,-0.4571463246373372,-0.013845707869894846,0.9979311879639697,1.0003257036056388
-0.02,1.031892726667345,12.0,-0.4557653694487545,-0.013773457527099547,0.9979617330056691,1.0003213956144852
-0.02,1.031892726667345,12.05,-0.45439162040265524,-0.013701581992753618,0.9979917286292056,1.000317157730588
-0.02,1.031892726667345,12.100000000000001,-0.45302503993958165,-0.013630083009869936,0.9980211864760813,1.0003129886068574
-0.02,1.031892726667345,12.15,-0.45166559034220793,-0.013558962147556777,0.9980501179041287,1.0003088869258634
-0.02,1.031892726667345,12.200000000000001,-0.45031323375137916,-0.01348822080790941,0.9980785339953173,1.0003048513991077
-0.02,1.031892726667345,12.25,-0.448967932181163,-0.013417860232654327,0.9981064455633123,1.000300880766309
-0.02,1.031892726667345,12.3,-0.44762964753303797,-0.013347881509555093,0.9981338631608129,1.0002969737947118
-0.02,1.031892726667345,12.350000000000001,-0.44629834160929815,-0.013278285578588445,0.9981607970866639,1.0002931292784178
-0.02,1.031892726667345,12.4,-0.4449739761257957,-0.013209073237898543,0.9981872573927434,1.0002893460377225
-0.02,1.031892726667345,12.450000000000001,-0.4436565127241299,-0.013140245149537868,0.99821325389066,1.0002856229184818
-0.02,1.031892726667345,12.5,-0.4423459129833731,-0.013071801845001965,0.9982387961582281,1.0002819587914922
-0.02,1.031892726667345,12.55,-0.44104213843143125,-0.013003743730565658,0.9982638935457671,1.0002783525518841
-0.02,1.031892726667345,12.600000000000001,-0.4397451505561191,-0.012936071092427783,0.9982885551821961,1.000274803118534
-0.02,1.031892726667345,12.65,-0.43845491081600996,-0.012868784101671292,0.9983127899809602,1.000271309433495
-0.02,1.031892726667345,12.700000000000001,-0.437171380651114,-0.012801882819045325,0.9983366066457716,1.0002678704614345
-0.02,1.031892726667345,12.75,-0.4358945214934156,-0.012735367199575576,0.9983600136761833,1.000264485189097
-0.02,1.031892726667345,12.8,-0.4346242947772898,-0.012669237097009123,0.9983830193729971,1.0002611526247718
-0.02,1.031892726667345,12.850000000000001,-0.4333606619497951,-0.012603492268099585,0.9984056318435149,1.000257871797781
-0.02,1.031892726667345,12.9,-0.43210358448083636,-0.012538132376738254,0.9984278590066324,1.0002546417579787
-0.02,1.031892726667345,12.950000000000001,-0.4308530238731681,-0.0124731569979367,0.9984497085977867,1.000251461575262
-0.02,1.031892726667345,13.0,-0.4296089416722084,-0.012408565621666135,0.9984711881737534,1.0002483303390972
-0.02,1.031892726667345,13.05,-0.42837129947562275,-0.012344357656558459,0.9984923051173099,1.0002452471580572
-0.02,1.031892726667345,13.100000000000001,-0.42714005894263063,-0.012280532433474212,0.9985130666417639,1.0002422111593716
-0.02,1.031892726667345,13.15,-0.42591518180298926,-0.012217089208941621,0.998533479795344,1.0002392214884877
-0.02,1.031892726667345,13.200000000000001,-0.4246966298656092,-0.012154027168471736,0.998553551465469,1.0002362773086415
-0.02,1.031892726667345,13.25,-0.42348436502675957,-0.01209134542975386,0.9985732883828952,1.0002333778004455
-0.02,1.031892726667345,13.3,-0.42227834927782315,-0.012029043045735432,0.9985926971257386,1.000230522161478
-0.02,1.031892726667345,13.350000000000001,-0.4210785447125768,-0.011967119007590406,0.9986117841233867,1.0002277096058925
-0.02,1.031892726667345,13.4,-0.4198849135339701,-0.011905572247580229,0.9986305556603015,1.0002249393640312
-0.02,1.031892726667345,13.450000000000001,-0.4186974180603925,-0.011844401641810992,0.9986490178797048,1.0002222106820486
-0.02,1.031892726667345,13.5,-0.417516020731429,-0.0117836060128905,0.998667176787168,1.0002195228215485
-0.02,1.031892726667345,13.55,-0.41634068411310654,-0.011723184132488762,0.9986850382540985,1.0002168750592269
-0.02,1.031892726667345,13.600000000000001,-0.4151713709026517,-0.01166313472380526,0.9987026080211209,1.0002142666865232
-0.02,1.031892726667345,13.65,-0.4140080439327847,-0.011603456463946284,0.9987198917013751,1.0002116970092854
-0.02,1.031892726667345,13.700000000000001,-0.41285066617558214,-0.01154414798621559,0.9987368947837112,1.0002091653474379
-0.02,1.031892726667345,13.75,-0.4116992007459449,-0.011485207882321156,0.9987536226358,1.0002066710346602
-0.02,1.031892726667345,13.8,-0.4105536109047216,-0.011426634704501382,0.9987700805071584,1.0002042134180766
-0.02,1.031892726667345,13.850000000000001,-0.4094138600615269,-0.011368426967573142,0.9987862735320847,1.0002017918579462
-0.02,1.031892726667345,13.9,-0.40827991177731143,-0.011310583150904769,0.9988022067325208,1.000199405727369
-0.02,1.031892726667345,13.950000000000001,-0.40715172976672376,-0.011253101700316378,0.998817885020827,1.0001970544119958
-0.02,1.031892726667345,14.0,-0.4060292779003171,-0.011195981029910228,0.9988333132024867,1.0001947373097406
-0.02,1.031892726667345,14.05,-0.40491252020664487,-0.011139219523833524,0.9988484959787332,1.0001924538305123
-0.02,1.031892726667345,14.100000000000001,-0.40380142087427967,-0.011082815537975946,0.9988634379491068,1.000190203395939
-0.02,1.031892726667345,14.15,-0.40269594425379684,-0.0110267674016044,0.9988781436139405,1.0001879854391083
-0.02,1.031892726667345,14.200000000000001,-0.40159605485974753,-0.010971073418936961,0.9988926173767775,1.0001857994043113
-0.02,1.031892726667345,14.25,-0.40050171737264495,-0.010915731870658271,0.9989068635467253,1.0001836447467944
-0.02,1.031892726667345,14.3,-0.39941289664097834,-0.010860741015378468,0.9989208863407452,1.0001815209325147
-0.02,1.031892726667345,14.350000000000001,-0.39832955768326417,-0.010806099091037441,0.9989346898858774,1.0001794274378994
-0.02,1.031892726667345,14.4,-0.39725166569014,-0.010751804316256603,0.9989482782214109,1.000177363749623
-0.02,1.031892726667345,14.450000000000001,-0.3961791860264892,-0.01069785489163972,0.9989616553009912,1.0001753293643707
-0.02,1.031892726667345,14.5,-0.39511208423359606,-0.01064424900102479,0.9989748249946736,1.0001733237886263
-0.02,1.031892726667345,14.55,-0.39405032603131435,-0.010590984812688558,0.9989877910909204,1.0001713465384536
-0.02,1.031892726667345,14.600000000000001,-0.3929938773202247,-0.010538060480505373,0.9990005572985439,1.0001693971392858
-0.02,1.031892726667345,14.65,-0.3919427041837737,-0.010485474145061962,0.9990131272486039,1.0001674751257246
-0.02,1.031892726667345,14.700000000000001,-0.3908967728903567,-0.010433223934729612,0.999025504496247,1.0001655800413374
-0.02,1.031892726667345,14.75,-0.38985604989533074,-0.010381307966695303,0.9990376925225001,1.000163711438462
-0.02,1.031892726667345,14.8,-0.38882050184293,-0.010329724347953203,0.9990496947360198,1.0001618688780187
-0.02,1.031892726667345,14.850000000000001,-0.38779009556806093,-0.010278471176257872,0.9990615144747922,1.0001600519293223
-0.02,1.031892726667345,14.9,-0.38676479809795244,-0.010227546541040515,0.9990731550077878,1.0001582601699042
-0.02,1.031892726667345,14.950000000000001,-0.3857445766536495,-0.010176948524289547,0.999084619536579,1.0001564931853317
-0.02,1.031892726667345,15.0,-0.3847293986513264,-0.01012667520139681,0.9990959111969054,1.0001547505690396
-0.02,1.031892726667345,15.05,-0.38371923170341077,-0.010076724641970467,0.9991070330602085,1.0001530319221563
-0.02,1.031892726667345,15.100000000000001,-0.3827140436195092,-0.010027094910615883,0.9991179881351202,1.0001513368533441
-0.02,1.031892726667345,15.15,-0.38171380240713104,-0.009977784067685501,0.9991287793689161,1.0001496649786377
-0.02,1.031892726667345,15.200000000000001,-0.38071847627220373,-0.00992879016999888,0.9991394096489287,1.0001480159212843
-0.02,1.031892726667345,15.25,-0.3797280336193918,-0.009880111271533824,0.9991498818039278,1.0001463893115952
-0.02,1.031892726667345,15.3,-0.3787424430522188,-0.00983174542408974,0.99916019860546,1.0001447847867926
-0.02,1.031892726667345,15.350000000000001,-0.3777616733730072,-0.009783690677924074,0.9991703627691624,1.0001432019908651
-0.02,1.031892726667345,15.4,-0.376785693582648,-0.009735945082362873,0.9991803769560327,1.0001416405744246
-0.02,1.031892726667345,15.450000000000001,-0.37581447288021547,-0.009688506686386225,0.999190243773676,1.0001401001945687
-0.02,1.031892726667345,15.5,-0.37484798066244945,-0.00964137353918971,0.9991999657775139,1.0001385805147436
-0.02,1.031892726667345,15.55,-0.3738861865231179,-0.009594543690722384,0.9992095454719657,1.000137081204609
-0.02,1.031892726667345,15.600000000000001,-0.37292906025228906,-0.009548015192202426,0.9992189853115997,1.0001356019399146
-0.02,1.031892726667345,15.65,-0.37197657183552724,-0.009501786096610941,0.9992282877022546,1.0001341424023649
-0.02,1.031892726667345,15.700000000000001,-0.37102869145303696,-0.009455854459165034,0.9992374550021338,1.0001327022795026
-0.02,1.031892726667345,15.75,-0.3700853894787771,-0.0094102183377705,0.9992464895228732,1.000131281264585
-0.02,1.031892726667345,15.8,-0.3691466364795587,-0.009364875793455182,0.9992553935305772,1.0001298790564657
-0.02,1.031892726667345,15.850000000000001,-0.36821240321415016,-0.00931982489078343,0.9992641692468378,1.0001284953594791
-0.02,1.031892726667345,15.9,-0.36728266063240333,-0.009275063698252553,0.9992728188497181,1.000127129883328
-0.02,1.031892726667345,15.950000000000001,-0.36635737987441186,-0.009230590288671653,0.9992813444747202,1.0001257823429734
-0.02,1.031892726667345,16.0,-0.36543653226971523,-0.009186402739523728,0.9992897482157251,1.0001244524585275
-0.02,1.031892726667345,16.05,-0.3645200893365571,-0.009142499133311438,0.9992980321259092,1.000123139955146
-0.02,1.031892726667345,16.1,-0.3636080227812007,-0.00909887755788717,0.9993061982186391,1.0001218445629287
-0.02,1.031892726667345,16.150000000000002,-0.3627003044973081,-0.009055536106768007,0.9993142484683453,1.0001205660168155
-0.02,1.031892726667345,16.2,-0.3617969065653806,-0.009012472879436122,0.9993221848113742,1.0001193040564924
-0.02,1.031892726667345,16.25,-0.36089780125226,-0.008969685981624998,0.9993300091468158,1.0001180584262912
-0.02,1.031892726667345,16.3,-0.3600029610106866,-0.008927173525592223,0.9993377233373176,1.0001168288750972
-0.02,1.031892726667345,16.35,-0.3591123584789063,-0.008884933630379045,0.999345329209875,1.0001156151562591
-0.02,1.031892726667345,16.400000000000002,-0.3582259664803208,-0.00884296442205739,0.9993528285565998,1.0001144170274974
-0.02,1.031892726667345,16.45,-0.3573437580231697,-0.0088012640339647,0.9993602231354791,1.0001132342508166
-0.02,1.031892726667345,16.5,-0.3564657063002342,-0.008759830606926962,0.9993675146711044,1.0001120665924206
-0.02,1.031892726667345,16.55,-0.35559178468855496,-0.00871866228947049,0.9993747048553926,1.000110913822629
-0.02,1.031892726667345,16.6,-0.3547219667491456,-0.008677757238022743,0.999381795348285,1.0001097757157937
-0.02,1.031892726667345,16.650000000000002,-0.3538562262266966,-0.008637113617102617,0.9993887877784292,1.0001086520502185
-0.02,1.031892726667345,16.7,-0.35299453704925654,-0.008596729599500655,0.9993956837438518,1.0001075426080854
-0.02,1.031892726667345,16.75,-0.3521368733278745,-0.008556603366449294,0.9994024848126007,1.0001064471753693
-0.02,1.031892726667345,16.8,-0.35128320935620544,-0.008516733107783938,0.9994091925233897,1.0001053655417735
-0.02,1.031892726667345,16.85,-0.35043351961005414,-0.008477117022094659,0.9994158083862126,1.0001042975006467
-0.02,1.031892726667345,16.900000000000002,-0.34958777874686553,-0.008437753316869358,0.9994223338829539,1.0001032428489176
-0.02,1.031892726667345,16.95,-0.34874596160514165,-0.008398640208628318,0.9994287704679785,1.0001022013870227
-0.02,1.031892726667345,17.0,-0.3479080432037896,-0.008359775923050716,0.9994351195687102,1.0001011729188365
-0.02,1.031892726667345,17.05,-0.3470739987413924,-0.00832115869509325,0.9994413825861944,1.000100157251608
-0.02,1.031892726667345,17.1,-0.3462438035954024,-0.00828278676910118,0.9994475608956531,1.00009915419589
-0.02,1.031892726667345,17.150000000000002,-0.34541743332125696,-0.008244658398912152,0.9994536558470191,1.00009816356548
-0.02,1.031892726667345,17.2,-0.3445948636514182,-0.008206771847952946,0.9994596687654643,1.0000971851773535
-0.02,1.031892726667345,17.25,-0.3437760704943373,-0.0081691253893295,0.9994656009519137,1.000096218851603
-0.02,1.031892726667345,17.3,-0.34296102993335215,-0.008131717305910462,0.9994714536835437,1.0000952644113819
-0.02,1.031892726667345,17.35,-0.3421497182255181,-0.00809454589040441,0.9994772282142785,1.00009432168284
-0.02,1.031892726667345,17.400000000000002,-0.3413421118003822,-0.008057609445431093,0.9994829257752624,1.000093390495069
-0.02,1.031892726667345,17.45,-0.34053818725870716,-0.008020906283586886,0.9994885475753319,1.0000924706800465
-0.02,1.031892726667345,17.5,-0.3397379213711515,-0.007984434727504612,0.9994940948014702,1.000091562072578
-0.02,1.031892726667345,17.55,-0.33894129107691684,-0.007948193109908077,0.9994995686192587,1.0000906645102465
-0.02,1.031892726667345,17.6,-0.3381482734823689,-0.00791217977366135,0.9995049701733061,1.0000897778333582
-0.02,1.031892726667345,17.650000000000002,-0.33735884585964315,-0.007876393071813158,0.9995103005876806,1.0000889018848884
-0.02,1.031892726667345,17.7,-0.33657298564524146,-0.00784083136763648,0.9995155609663273,1.0000880365104354
-0.02,1.031892726667345,17.75,-0.335790670438631,-0.007805493034663532,0.9995207523934704,1.0000871815581673
-0.02,1.031892726667345,17.8,-0.33501187800085064,-0.0077703764567163955,0.9995258759340176,1.000086336878775
-0.02,1.031892726667345,17.85,-0.3342365862531369,-0.007735480027933354,0.9995309326339463,1.0000855023254245
-0.02,1.031892726667345,17.900000000000002,-0.33346477327556984,-0.007700802152791221,0.9995359235206823,1.000084677753711
-0.02,1.031892726667345,17.95,-0.332696417305752,-0.007666341246123708,0.9995408496034752,1.0000838630216113
-0.02,1.031892726667345,18.0,-0.33193149673752204,-0.007632095733136099,0.9995457118737637,1.0000830579894426
-0.02,1.031892726667345,18.05,-0.3311699901197063,-0.007598064049416262,0.9995505113055236,1.0000822625198138
-0.02,1.031892726667345,18.1,-0.33041187615491485,-0.007564244640942256,0.9995552488556259,1.000081476477591
-0.02,1.031892726667345,18.150000000000002,-0.32965713369838223,-0.007530635964086615,0.999559925464166,1.000080699729845
-0.02,1.031892726667345,18.2,-0.32890574175685516,-0.007497236485617429,0.9995645420548056,1.0000799321458202
-0.02,1.031892726667345,18.25,-0.3281576794875277,-0.007464044682696386,0.9995690995350909,1.0000791735968875
-0.02,1.031892726667345,18.3,-0.32741292619702284,-0.007431059042873917,0.9995735987967738,1.0000784239565088
-0.02,1.031892726667345,18.35,-0.3266714613404183,-0.007398278064081499,0.9995780407161232,1.000077683100197
-0.02,1.031892726667345,18.400000000000002,-0.3259332645203173,-0.007365700254621296,0.9995824261542272,1.000076950905479
-0.02,1.031892726667345,18.45,-0.3251983154859576,-0.007333324133153251,0.999586755957293,1.000076227251858
-0.02,1.031892726667345,18.5,-0.3244665941323579,-0.007301148228679628,0.9995910309569332,1.0000755120207785
-0.02,1.031892726667345,18.55,-0.3237380804994954,-0.0072691710805273075,0.999595251970456,1.0000748050955885
-0.02,1.031892726667345,18.6,-0.3230127547715131,-0.007237391238327754,0.999599419801141,1.0000741063615082
-0.02,1.031892726667345,18.650000000000002,-0.32229059727594717,-0.007205807261994817,0.9996035352385092,1.0000734157055935
-0.02,1.031892726667345,18.7,-0.32157158848297407,-0.007174417721700529,0.9996075990585952,1.0000727330167039
-0.02,1.031892726667345,18.75,-0.32085570900466803,-0.007143221197848863,0.9996116120242013,1.0000720581854674
-0.02,1.031892726667345,18.8,-0.32014293959426837,-0.007112216281047609,0.9996155748851583,1.0000713911042522
-0.02,1.031892726667345,18.85,-0.3194332611454449,-0.007081401572078537,0.9996194883785705,1.0000707316671336
-0.02,1.031892726667345,18.900000000000002,-0.31872665469156497,-0.007050775681865672,0.9996233532290654,1.000070079769863
-0.02,1.031892726667345,18.95,-0.31802310140494755,-0.007020337231442082,0.9996271701490246,1.0000694353098378
-0.02,1.031892726667345,19.0,-0.3173225825961094,-0.006990084851915041,0.9996309398388259,1.0000687981860714
-0.02,1.031892726667345,19.05,-0.3166250797129929,-0.006960017184429631,0.9996346629870669,1.000068168299168
-0.02,1.031892726667345,19.1,-0.3159305743401764,-0.006930132880131069,0.9996383402707923,1.0000675455512886
-0.02,1.031892726667345,19.150000000000002,-0.3152390481980597,-0.006900430600125518,0.9996419723557098,1.0000669298461262
-0.02,1.031892726667345,19.200000000000003,-0.3145504831420264,-0.006870909015439741,0.9996455598964085,1.0000663210888796
-0.02,1.031892726667345,19.25,-0.3138648611615792,-0.006841566806979429,0.9996491035365648,1.000065719186225
-0.02,1.031892726667345,19.3,-0.31318216437944885,-0.006812402665486432,0.9996526039091528,1.0000651240462903
-0.02,1.031892726667345,19.35,-0.3125023750506723,-0.006783415291494877,0.9996560616366422,1.000064535578631
-0.02,1.031892726667345,19.400000000000002,-0.3118254755616436,-0.006754603395286176,0.9996594773311965,1.0000639536942015
-0.02,1.031892726667345,19.450000000000003,-0.3111514484291381,-0.006725965696843144,0.9996628515948656,1.0000633783053328
-0.02,1.031892726667345,19.5,-0.310480276299308,-0.006697500925803096,0.9996661850197743,1.000062809325709
-0.02,1.031892726667345,19.55,-0.30981194194665357,-0.006669207821410098,0.9996694781883109,1.0000622466703433
-0.02,1.031892726667345,19.6,-0.3091464282729713,-0.006641085132466379,0.9996727316733031,1.0000616902555546
-0.02,1.031892726667345,19.650000000000002,-0.3084837183062798,-0.006613131617282931,0.9996759460381979,1.000061139998942
-0.02,1.031892726667345,19.700000000000003,-0.3078237951997293,-0.006585346043629411,0.9996791218372371,1.0000605958193671
-0.02,1.031892726667345,19.75,-0.307166642230495,-0.006557727188683303,0.9996822596156238,1.000060057636929
-0.02,1.031892726667345,19.8,-0.3065122427986583,-0.0065302738389784514,0.9996853599096918,1.000059525372945
-0.02,1.031892726667345,19.85,-0.30586058042607944,-0.0065029847903530025,0.9996884232470674,1.0000589989499273
-0.02,1.031892726667345,19.900000000000002,-0.3052116387552665,-0.006475858847896713,0.9996914501468306,1.0000584782915638
-0.02,1.031892726667345,19.950000000000003,-0.3045654015482415,-0.006448894825897809,0.999694441119671,1.000057963322697
-0.02,1.031892726667345,20.0,-0.3039218526854087,-0.0064220915477893,0.9996973966680391,1.0000574539693048
-0.02,1.031892726667345,20.1,-0.30264275609910435,-0.006368962562374165,0.9997032034608804,1.0000564518184183
-0.02,1.031892726667345,20.28615468146082,-0.30028969605594735,-0.006271729045137263,0.9997136540624628,1.0000546433776987
-0.02,1.031892726667345,20.47403342090323,-0.29795114495960295,-0.006175746253062448,0.9997237481648306,1.0000528905156056
-0.02,1.031892726667345,20.663652185564246,-0.29562710083925675,-0.006081006851828966,0.9997334973841806,1.0000511916203363
-0.02,1.031892726667345,20.855027090560313,-0.2933175586441484,-0.00598750320904791,0.9997429129811292,1.0000495451229825
-0.02,1.031892726667345,21.04817440025684,-0.29102251028663384,-0.0058952274102840535,0.9997520058706835,1.0000479494965455
-0.02,1.031892726667345,21.243110529650455,-0.2887419447465101,-0.00580417127458888,0.9997607866319783,1.0000464032549665
-0.02,1.031892726667345,21.439852045764102,-0.28647584823008304,-0.005714326369555154,0.9997692655177693,1.0000449049521696
-0.02,1.031892726667345,21.638415669054964,-0.284224204366126,-0.005625684025901659,0.99977745246369,1.0000434531811302
-0.02,1.031892726667345,21.83881827483555,-0.2819869944132502,-0.005538235351594532,0.9997853570972774,1.000042046572949
-0.02,1.031892726667345,22.04107689470784,-0.2797641974507585,-0.005451971245511219,0.9997929887467698,1.0000406837959461
-0.02,1.031892726667345,22.245208718010712,-0.2775557905282396,-0.005366882410652719,0.9998003564496792,1.0000393635547755
-0.02,1.031892726667345,22.4512310932809,-0.2753617487572696,-0.005282959366910666,0.9998074689611489,1.0000380845895496
-0.02,1.031892726667345,22.659161529727328,-0.273182045339943,-0.0052001924633975115,0.9998143347620972,1.0000368456749842
-0.02,1.031892726667345,22.86901769871915,-0.27101665154127974,-0.0051185718903497684,0.9998209620671502,1.0000356456195538
-0.02,1.031892726667345,23.080817435287667,-0.26886553662337115,-0.005038087690616103,0.9998273588323721,1.0000344832646721
-0.02,1.031892726667345,23.294578739641963,-0.2667286677663603,-0.00495872977074369,0.999833532762803,1.0000333574838773
-0.02,1.031892726667345,23.510319778698783,-0.26460601000359807,-0.0048804879116766,0.9998394913197947,1.0000322671820432
-0.02,1.031892726667345,23.72805888762644,-0.26249752619523076,-0.004803351779080182,0.9998452417281594,1.0000312112945982
-0.02,1.031892726667345,23.947814571403043,-0.2604031770567094,-0.004727310933304182,0.999850790983134,1.0000301887867638
-0.02,1.031892726667345,24.169605506389228,-0.25832292124784245,-0.0046523548389958164,0.9998561458571582,1.0000291986528076
-0.02,1.031892726667345,24.39345054191539,-0.2562567155161837,-0.004578472874372184,0.9998613129064726,1.00002823991531
-0.02,1.031892726667345,24.619368701883577,-0.25420451487801315,-0.00450565434015925,0.9998662984775423,1.0000273116244467
-0.02,1.031892726667345,24.847379186384366,-0.2521662728129531,-0.004433888468203367,0.999871108713308,1.0000264128572887
-0.02,1.031892726667345,25.077501373328523,-0.25014194144565033,-0.0043631644297600965,0.9998757495592602,1.0000255427171107
-0.02,1.031892726667345,25.30975482009396,-0.24813147169039695,-0.004293471343465244,0.9998802267693612,1.0000247003327218
-0.02,1.031892726667345,25.544159265187808,-0.2461348133414957,-0.004224798282993321,0.9998845459117923,1.000023884857803
-0.02,1.031892726667345,25.780734629923902,-0.24415191510225187,-0.004157134284410077,0.9998887123745536,1.0000230954702671
-0.02,1.031892726667345,26.019501020115914,-0.24218272455674208,-0.004090468353227085,0.9998927313709063,1.000022331371623
-0.02,1.031892726667345,26.260478727786037,-0.24022718809888435,-0.004024789471167913,0.9998966079446662,1.0000215917863646
-0.02,1.031892726667345,26.503688232889502,-0.23828525084090157,-0.003960086602656872,0.9999003469753567,1.0000208759613611
-0.02,1.031892726667345,26.74915020505521,-0.23635685652669036,-0.003896348701041508,0.999903953183214,1.0000201831652742
-0.02,1.031892726667345,26.99688550534226,-0.23444194747434322,-0.0038335647145605984,0.9999074311340606,1.0000195126879754
-0.02,1.031892726667345,27.246915188012967,-0.23254046456642283,-0.0037717235920682332,0.9999107852440446,1.0000188638399905
-0.02,1.031892726667345,27.499260502322162,-0.23065234729765438,-0.003710814288523526,0.9999140197842356,1.0000182359519396
-0.02,1.031892726667345,27.753942894323053,-0.22877753387917668,-0.0036508257702538532,0.9999171388851068,1.0000176283740052
-0.02,1.031892726667345,28.010984008689945,-0.22691596138825082,-0.003591747019997666,0.9999201465408795,1.0000170404754063
-0.02,1.031892726667345,28.270405690557713,-0.22506756594422594,-0.0035335670417316134,0.9999230466137492,1.0000164716438833
-0.02,1.031892726667345,28.532229987378305,-0.22323228288697006,-0.003476274865285484,0.9999258428379864,1.0000159212851956
-0.02,1.031892726667345,28.79647915079459,-0.22141004693364535,-0.0034198595507479823,0.9999285388239205,1.0000153888226353
-0.02,1.031892726667345,29.063175638531384,-0.21960079229360566,-0.0033643101926666926,0.999931138061812,1.0000148736965484
-0.02,1.031892726667345,29.332342116304055,-0.2178044527285628,-0.00330961592404608,0.9999336439256059,1.0000143753638662
-0.02,1.031892726667345,29.604001459744886,-0.21602096155463887,-0.0032557659201486165,0.9999360596765836,1.0000138932976521
-0.02,1.031892726667345,29.8781767563471,-0.21425025159284658,-0.003202749402105347,0.9999383884669049,1.0000134269866583
-0.02,1.031892726667345,30.154891307427096,-0.21249225508315014,-0.0031505556403434772,0.9999406333430512,1.0000129759348892
-0.02,1.031892726667345,30.43416863010471,-0.2107469035831854,-0.003099173957839367,0.999942797249164,1.0000125396611828
-0.02,1.031892726667345,30.716032459301825,-0.2090141278749307,-0.003048593733205715,0.9999448830302942,1.000012117698795
-0.02,1.031892726667345,31.00050674975963,-0.20729385790089191,-0.002998804403621654,0.9999468934355509,1.0000117095949996
-0.02,1.031892726667345,31.287615678074335,-0.20558602274603976,-0.0029497954676137,0.9999488311211638,1.0000113149106964
-0.02,1.031892726667345,31.577383644751972,-0.20389055067378964,-0.002901556487694332,0.9999506986534495,1.0000109332200273
-0.02,1.031892726667345,31.869835276282085,-0.20220736921514504,-0.0028540770928637063,0.9999524985116931,1.000010564110003
-0.02,1.031892726667345,32.16499542723059,-0.20053640530125963,-0.0028073469809785406,0.9999542330909497,1.0000102071801427
-0.02,1.031892726667345,32.462889182352235,-0.19887758542256928,-0.002761355920990918,0.999955904704747,1.0000098620421187
-0.02,1.031892726667345,32.763541858722334,-0.19723083579343834,-0.0027160937550589396,0.9999575155877218,1.0000095283194106
-0.02,1.031892726667345,33.06697900788844,-0.19559608250054616,-0.002671550400530731,0.9999590678981682,1.0000092056469678
-0.02,1.031892726667345,33.373226418041924,-0.1939732516160656,-0.0026277158518033684,0.9999605637205066,1.0000088936708849
-0.02,1.031892726667345,33.68231011620963,-0.19236226926249342,-0.0025845801820588705,0.9999620050676835,1.0000085920480823
-0.02,1.031892726667345,33.99425637046573,-0.19076306162380138,-0.0025421335448802714,0.999963393883497,1.000008300445992
-0.02,1.031892726667345,34.30909169216431,-0.18917555490606544,-0.002500366175751751,0.9999647320448447,1.0000080185422584
-0.02,1.031892726667345,34.62684283819243,-0.18759967525856844,-0.002459268393447992,0.9999660213639163,1.0000077460244434
-0.02,1.031892726667345,34.94753681324406,-0.1860353486723165,-0.00241883060131851,0.9999672635903076,1.0000074825897374
-0.02,1.031892726667345,35.2712008721152,-0.1844825008760882,-0.002379043288473337,0.9999684604130803,1.0000072279446814
-0.02,1.031892726667345,35.597862522020144,-0.18294105725013485,-0.0023398970308764235,0.9999696134627514,1.0000069818048958
-0.02,1.031892726667345,35.927549524929255,-0.18141094277452957,-0.0023013824923526684,0.999970724313229,1.0000067438948141
-0.02,1.031892726667345,36.26028989992831,-0.17989208202351392,-0.00226349042551388,0.9999717944836825,1.000006513947426
-0.02,1.031892726667345,36.59611192559986,-0.17838439920991744,-0.002226211672607691,0.999972825440364,1.000006291704027
-0.02,1.031892726667345,36.93504414242648,-0.17688781827600253,-0.0021895371662926,0.9999738185983603,1.0000060769139734
-0.02,1.031892726667345,37.27711535521626,-0.17540226302007067,-0.002153457930341019,0.9999747753233031,1.0000058693344474
-0.02,1.031892726667345,37.62235463555102,-0.17392765724291506,-0.0021179650802713402,0.9999756969330159,1.0000056687302217
-0.02,1.031892726667345,37.97079132425686,-0.1724639248954392,-0.0020830498239096454,0.9999765846991125,1.0000054748734402
-0.02,1.031892726667345,38.32245503389777,-0.17101099020882207,-0.0020487034618812514,0.999977439848545,1.0000052875433956
-0.02,1.031892726667345,38.67737565129239,-0.16956877779142854,-0.0020149173880325884,0.999978263565098,1.000005106526316
-0.02,1.031892726667345,39.03558334005395,-0.1681372126817194,-0.001981683089784482,0.9999790569908434,1.0000049316151642
-0.02,1.031892726667345,39.3971085431537,-0.16671622035293046,-0.0019489921484184976,0.999979821227541,1.00000476260943
-0.02,1.031892726667345,39.761981985508335,-0.16530572667226326,-0.0019168362392989705,0.9999805573379964,1.000004599314939
-0.02,1.031892726667345,40.1302346765911,-0.1639056578237503,-0.0018852071320340624,0.9999812663473798,1.0000044415436593
-0.02,1.031892726667345,40.50189791306716,-0.16251594020891152,-0.0018540966905799309,0.9999819492445022,1.000004289113522
-0.02,1.031892726667345,40.87700328145351,-0.16113650034215815,-0.0018234968732922779,0.9999826069830469,1.0000041418482355
-0.02,1.031892726667345,41.25558266080338,-0.15976726475826955,-0.0017933997329298984,0.9999832404827671,1.0000039995771168
-0.02,1.031892726667345,41.63766822541544,-0.1584081599471995,-0.0017637974166142484,0.9999838506306439,1.0000038621349177
-0.02,1.031892726667345,42.02329244756837,-0.15705911232732372,-0.0017346821657487606,0.9999844382820088,1.0000037293616626
-0.02,1.031892726667345,42.41248810028041,-0.15572004826265576,-0.0017060463159007618,0.999985004261629,1.000003601102488
-0.02,1.031892726667345,42.80528826009479,-0.15439089412334772,-0.0016778822966479901,0.9999855493647561,1.000003477207486
-0.02,1.031892726667345,43.20172630989064,-0.15307157638283775,-0.001650182631390857,0.9999860743581429,1.0000033575315534
-0.02,1.031892726667345,43.60183594172025,-0.1517620217400973,-0.0016229399371308808,0.9999865799810275,1.000003241934246
-0.02,1.031892726667345,44.00565115967241,-0.15046215725221704,-0.0015961469242152177,0.9999870669460814,1.0000031302796355
-0.02,1.031892726667345,44.413206282762204,-0.14917191046141862,-0.0015697963960468095,0.9999875359403293,1.0000030224361691
-0.02,1.031892726667345,44.824535947847835,-0.14789120950158202,-0.0015438812487599274,0.999987987626036,1.0000029182765386
-0.02,1.031892726667345,45.23967511257426,-0.1466199831723433,-0.0015183944708609162,0.9999884226415648,1.0000028176775455
-0.02,1.031892726667345,45.65865905834403,-0.14535816097327045,-0.0014933291428346482,0.9999888416022058,1.0000027205199786
-0.02,1.031892726667345,46.081523393315884,-0.1441056730959525,-0.0014686784367176418,0.999989245100981,1.0000026266884863
-0.02,1.031892726667345,46.50830405543093,-0.14286245037730147,-0.0014444356156395862,0.9999896337094161,1.0000025360714602
-0.02,1.031892726667345,46.93903731546684,-0.14162842422226102,-0.0014205940333355137,0.9999900079782941,1.0000024485609178
-0.02,1.031892726667345,47.37375978012049,-0.14040352650782614,-0.0013971471336314345,0.9999903684383791,1.000002364052391
-0.02,1.031892726667345,47.81250839511901,-0.13918768948236712,-0.0013740884499063126,0.9999907156011183,1.000002282444814
-0.02,1.031892726667345,48.25532044835962,-0.13798084567450833,-0.0013514116045335125,0.9999910499593228,1.0000022036404197
-0.02,1.031892726667345,48.70223357307873,-0.13678292782426807,-0.0013291103083044934,0.9999913719878228,1.0000021275446367
-0.02,1.031892726667345,49.15328575105025,-0.1355938688460676,-0.0013071783598371408,0.9999916821441033,1.0000020540659866
-0.02,1.031892726667345,49.608515315813406,-0.13441360182901738,-0.00128560964497062,0.9999919808689203,1.0000019831159905
-0.02,1.031892726667345,50.067960955930815,-0.13324206007512604,-0.0012643981361479463,0.9999922685868915,1.0000019146090717
-0.02,1.031892726667345,50.5316617182763,-0.13207917717138587,-0.0012435378917868267,0.9999925457070716,1.000001848462467
-0.02,1.031892726667345,50.99965701135351,-0.13092488708760447,-0.0012230230556388613,0.9999928126235058,1.0000017845961355
-0.02,1.031892726667345,51.47198660864504,-0.12977912428888524,-0.001202847856136591,0.9999930697157642,1.0000017229326739
-0.02,1.031892726667345,51.9486906519927,-0.1286418238501091,-0.0011830066057278343,0.9999933173494588,1.0000016633972335
-0.02,1.031892726667345,52.429809655009066,-0.1275129215597713,-0.0011634937001964846,0.9999935558767399,1.0000016059174388
-0.02,1.031892726667345,52.91538450652049,-0.12639235400204532,-0.0011443036179693297,0.999993785636778,1.0000015504233077
-0.02,1.031892726667345,53.40545647404229,-0.1252800586087177,-0.0011254309194084929,0.9999940069562283,1.0000014968471767
-0.02,1.031892726667345,53.90006720728585,-0.12417597367632455,-0.0011068702460897398,0.9999942201496764,1.0000014451236285
-0.02,1.031892726667345,54.39925874169825,-0.12308003834793037,-0.0010886163200672582,0.999994425520073,1.0000013951894156
-0.02,1.031892726667345,54.90307350203484,-0.12199219256305219,-0.0010706639431260284,0.9999946233591509,1.000001346983397
-0.02,1.031892726667345,55.41155430596479,-0.12091237698276615,-0.001053007996023309,0.9999948139478262,1.0000013004464647
-0.02,1.031892726667345,55.924744367709856,-0.11984053289966354,-0.0010356434377211583,0.9999949975565918,1.0000012555214846
-0.02,1.031892726667345,56.442687301717264,-0.11877660214377445,-0.001018565304611841,0.9999951744458925,1.0000012121532276
-0.02,1.031892726667345,56.96542712636624,-0.11772052699573674,-0.0010017687097383205,0.9999953448664863,1.0000011702883114
-0.02,1.031892726667345,57.493008267708944,-0.11667225011738133,-0.0009852488420115564,0.999995509059802,1.000001129875142
-0.02,1.031892726667345,58.02547556324627,-0.1156317145076997,-0.000969000965426215,0.9999956672582747,1.0000010908638521
-0.02,1.031892726667345,58.562874265738245,-0.11459886348914596,-0.0009530204182759664,0.999995819685675,1.0000010532062495
-0.02,1.031892726667345,59.10525004705015,-0.11357364072576509,-0.000937302612369086,0.9999959665574262,1.0000010168557596
-0.02,1.031892726667345,59.65264900203377,-0.11255599027111758,-0.0009218430322446012,0.9999961080809091,1.0000009817673754
-0.02,1.031892726667345,60.2051176524451,-0.11154585664078212,-0.0009066372343889109,0.9999962444557582,1.0000009478976053
-0.02,1.031892726667345,60.76270295089797,-0.11054318490169082,-0.0008916808464522982,0.999996375874145,1.0000009152044231
-0.02,1.031892726667345,61.325452284854336,-0.10954792076892378,-0.0008769695664647664,0.9999965025210525,1.000000883647223
-0.02,1.031892726667345,61.89341348065174,-0.10856001070000942,-0.0008624991620502801,0.9999966245745378,1.000000853186769
-0.02,1.031892726667345,62.466634807567864,-0.10757940197726276,-0.0008482654696388453,0.9999967422059877,1.000000823785156
-0.02,1.031892726667345,63.0451649819227,-0.10660604277014409,-0.000834264393675716,0.999996855580363,1.0000007954057597
-0.02,1.031892726667345,63.629053171218956,-0.10563988217186603,-0.0008204919058274939,0.999996964856435,1.0000007680131995
-0.02,1.031892726667345,64.21834899832058,-0.10468087020723744,-0.0008069440441851423,0.9999970701870122,1.0000007415732954
-0.02,1.031892726667345,64.81310254566993,-0.10372895781171126,-0.0007936169124642495,0.9999971717191597,1.000000716053028
-0.02,1.031892726667345,65.4133643595444,-0.10278409678449446,-0.000780506679203238,0.9999972695944123,1.000000691420504
-0.02,1.031892726667345,66.01918545435197,-0.10184623972108454,-0.0007676095769605641,0.9999973639489768,1.0000006676449138
-0.02,1.031892726667345,66.63061731696679,-0.10091533993248243,-0.0007549219015120154,0.9999974549139287,1.0000006446965
-0.02,1.031892726667345,67.24771191110499,-0.09999135135944057,-0.0007424400110494623,0.9999975426154043,1.0000006225465197
-0.02,1.031892726667345,67.87052168174088,-0.09907422849035086,-0.0007301603253823887,0.999997627174786,1.0000006011672136
-0.02,1.031892726667345,68.49909955956402,-0.09816392629077185,-0.0007180793251433717,0.9999977087088731,1.0000005805317718
-0.02,1.031892726667345,69.13349896547759,-0.09726040015123444,-0.0007061935509985642,0.9999977873300595,1.0000005606143003
-0.02,1.031892726667345,69.77377381513884,-0.09636360585800713,-0.0006944996028639622,0.9999978631464959,1.0000005413897959
-0.02,1.031892726667345,70.41997852354069,-0.0954734995891657,-0.0006829941391279271,0.9999979362622509,1.0000005228341122
-0.02,1.031892726667345,71.0721680096366,-0.09459003793582424,-0.0006716738758801291,0.9999980067774614,1.0000005049239307
-0.02,1.031892726667345,71.73039770100793,-0.09371317794600321,-0.0006605355861467798,0.9999980747884849,1.0000004876367372
-0.02,1.031892726667345,72.39472353857458,-0.09284287718653716,-0.0006495760991318328,0.9999981403880378,1.0000004709507908
-0.02,1.031892726667345,73.06520198134909,-0.09197909381685858,-0.0006387922994634698,0.9999982036653361,1.0000004548451005
-0.02,1.031892726667345,73.74189001123509,-0.09112178666754459,-0.000628181126445378,0.9999982647062223,1.000000439299397
-0.02,1.031892726667345,74.42484513786997,-0.09027091531625249,-0.0006177395733119264,0.9999983235933002,1.0000004242941152
-0.02,1.031892726667345,75.11412540351232,-0.0894264401540893,-0.000607464686486788,0.999998380406047,1.0000004098103608
-0.02,1.031892726667345,75.80978938797494,-0.08858832243649187,-0.0005973535648443452,0.9999984352209389,1.0000003958298966
-0.02,1.031892726667345,76.51189621360336,-0.08775652431422461,-0.0005874033589736367,0.9999984881115589,1.000000382335115
-0.02,1.031892726667345,77.22050555030022,-0.08693100884196892,-0.0005776112704447109,0.9999985391487073,1.0000003693090171
-0.02,1.031892726667345,77.93567762059672,-0.08611173996400262,-0.0005679745510775146,0.9999985884005052,1.0000003567351967
-0.02,1.031892726667345,78.65747320477065,-0.08529868247846792,-0.0005584905022136532,0.9999986359324966,1.0000003445978147
-0.02,1.031892726667345,79.38595364601184,-0.08449180198352395,-0.000549156473991612,0.9999986818077439,1.0000003328815823
-0.02,1.031892726667345,80.12118085563553,-0.08369106481013026,-0.0005399698646260607,0.999998726086921,1.0000003215717428
-0.02,1.031892726667345,80.86321731834431,-0.08289643794719666,-0.0005309281196921334,0.9999987688284055,1.0000003106540518
-0.02,1.031892726667345,81.61212609753805,-0.08210788896530766,-0.0005220287314154383,0.9999988100883641,1.000000300114762
-0.02,1.031892726667345,82.36797084067375,-0.08132538594514759,-0.000513269237968595,0.9999988499208378,1.0000002899406049
-0.02,1.031892726667345,83.13081578467474,-0.08054889741617359,-0.0005046472227750381,0.9999988883778208,1.0000002801187744
-0.02,1.031892726667345,83.90072576138992,-0.07977839231005308,-0.000496160313820588,0.9999989255093404,1.000000270636912
-0.02,1.031892726667345,84.67776620310352,-0.07901383993202055,-0.0004878061829732307,0.9999989613635341,1.00000026148309
-0.02,1.031892726667345,85.46200314809617,-0.07825520995173202,-0.0004795825453112396,0.999998995986717,1.0000002526457974
-0.02,1.031892726667345,86.25350324625728,-0.07750247241355532,-0.0004714871584596639,0.9999990294234574,1.0000002441139277
-0.02,1.031892726667345,87.05233376474918,-0.07675559776464967,-0.0004635178219349815,0.9999990617166413,1.0000002358767615
-0.02,1.031892726667345,87.85856259372419,-0.07601455689779969,-0.0004556723764975332,0.9999990929075364,1.000000227923955
-0.02,1.031892726667345,88.67225825209441,-0.07527932120487087,-0.00044794870351131836,0.9999991230358574,1.0000002202455285
-0.02,1.031892726667345,89.49348989335462,-0.07454986263602106,-0.0004403447243105895,0.9999991521398222,1.0000002128318504
-0.02,1.031892726667345,90.32232731145982,-0.07382615375948173,-0.0004328583995726377,0.9999991802562112,1.0000002056736277
-0.02,1.031892726667345,91.15884094675663,-0.07310816781681563,-0.00042548772869631114,0.9999992074204209,1.0000001987618952
-0.02,1.031892726667345,92.0031018919696,-0.0723958787690402,-0.0004182307491857322,0.9999992336665197,1.0000001920880004
-0.02,1.031892726667345,92.85518189824359,-0.07168926132982682,-0.0004110855360388582,0.9999992590272945,1.0000001856435967
-0.02,1.031892726667345,93.71515338124135,-0.07098829098306249,-0.00040405020114069387,0.9999992835343023,1.0000001794206317
-0.02,1.031892726667345,94.58308942729796,-0.07029294398330323,-0.0003971228926610114,0.9999993072179147,1.0000001734113337
-0.02,1.031892726667345,95.45906379963219,-0.0696031973389556,-0.00039030179445668134,0.9999993301073654,1.0000001676082082
-0.02,1.031892726667345,96.34315094461576,-0.06891902877928999,-0.0003835851254787703,0.9999993522307896,1.0000001620040218
-0.02,1.031892726667345,97.23542599809973,-0.06824041670753501,-0.000376971139184777,0.9999993736152704,1.0000001565917982
-0.02,1.031892726667345,98.13596479180039,-0.06756734014322753,-0.00037045812295632063,0.9999993942868741,1.0000001513648054
-0.02,1.031892726667345,99.04484385974408,-0.0668997786576683,-0.0003640443975228493,0.9999994142706924,1.0000001463165507
-0.02,1.031892726667345,99.96214044477135,-0.06623771230669127,-0.00035772831639171705,0.9999994335908774,1.0000001414407695
-0.02,1.031892726667345,100.88793250510167,-0.06558112156500688,-0.00035150826528521805,0.9999994522706799,1.0000001367314202
-0.02,1.031892726667345,101.82229872095873,-0.06492998726612212,-0.00034538266158487026,0.9999994703324802,1.0000001321826713
-0.02,1.031892726667345,102.76531850125772,-0.06428429055131515,-0.00033934995378334914,0.9999994877978264,1.0000001277889006
-0.02,1.031892726667345,103.71707199035326,-0.06364401283038947,-0.00033340862094426014,0.9999995046874638,1.0000001235446836
-0.02,1.031892726667345,104.67764007485148,-0.06300913575602081,-0.0003275571721698656,0.9999995210213661,1.000000119444787
-0.02,1.031892726667345,105.64710439048359,-0.0623796412125134,-0.00032179414607676443,0.9999995368187665,1.0000001154841645
-0.02,1.031892726667345,106.62554732904427,-0.06175551131875683,-0.00031611811027937775,0.9999995520981874,1.000000111657947
-0.02,1.031892726667345,107.61305204539366,-0.061136728444218705,-0.00031052766088103594,0.9999995668774647,1.000000107961438
-0.02,1.031892726667345,108.60970246452491,-0.06052327523595084,-0.0003050214219723074,0.9999995811737785,1.0000001043901072
-0.02,1.031892726667345,109.61558328869602,-0.059915134653913515,-0.0002995980451362345,0.999999595003676,1.0000001009395865
-0.02,1.031892726667345,110.63078000462876,-0.05931229001144059,-0.00029425620896001743,0.9999996083830976,1.0000000976056604
-0.02,1.031892726667345,111.65537889077429,-0.05871472501742239,-0.00028899461855272807,0.9999996213273995,1.0000000943842642
-0.02,1.031892726667345,112.68946702464496,-0.058122423816769374,-0.0002838120050686447,0.999999633851376,1.0000000912714768
-0.02,1.031892726667345,113.73313229021528,-0.057535371025923286,-0.0002787071252358185,0.999999645969282,1.0000000882635158
-0.02,1.031892726667345,114.78646338539066,-0.05695355176059354,-0.0002736787608895668,0.9999996576948522,1.0000000853567335
-0.02,1.031892726667345,115.84954982954602,-0.056376951653465124,-0.00026872571851065645,0.9999996690413241,1.0000000825476123
-0.02,1.031892726667345,116.92248197113297,-0.0558055568603175,-0.0002638468287680033,0.9999996800214506,1.0000000798327575
-0.02,1.031892726667345,118.00535099535914,-0.05523935405375304,-0.000259040946065839,0.9999996906475253,1.0000000772088957
-0.02,1.031892726667345,119.09824893193696,-0.05467833040451804,-0.00025430694809535205,0.9999997009313937,1.0000000746728708
-0.02,1.031892726667345,120.2012686629055,-0.054122473551149144,-0.00024964373539089474,0.9999997108844756,1.0000000722216371
-0.02,1.031892726667345,121.31450393052383,-0.05357177155935623,-0.0002450502308909245,0.9999997205177761,1.0000000698522569
-0.02,1.031892726667345,122.43804934523853,-0.053026212873116735,-0.00024052537950386657,0.9999997298419044,1.0000000675618983
-0.02,1.031892726667345,123.5720003937234,-0.05248578625988027,-0.00023606814767912542,0.9999997388670868,1.000000065347828
-0.02,1.031892726667345,124.7164534469956,-0.051950480752545825,-0.00023167752298356402,0.999999747603183,1.000000063207411
-0.02,1.031892726667345,125.87150576860506,-0.0514202855909652,-0.00022735251368353673,0.9999997560596988,1.0000000611381055
-0.02,1.031892726667345,127.03725552290106,-0.05089519016566207,-0.00022309214833284371,0.9999997642457983,1.0000000591374594
-0.02,1.031892726667345,128.21380178337475,-0.05037518396622273,-0.00021889547536665545,0.9999997721703194,1.0000000572031074
-0.02,1.031892726667345,129.40124454107954,-0.04986025653646293,-0.00021476156270157777,0.9999997798417872,1.000000055332769
-0.02,1.031892726667345,130.59968471312828,-0.04935039743800811,-0.00021068949734187023,0.9999997872684214,1.0000000535242444
-0.02,1.031892726667345,131.8092241512703,-0.04884559622338513,-0.00020667838499182156,0.9999997944581521,1.0000000517754097
-0.02,1.031892726667345,133.02996565054787,-0.04834584241914599,-0.00020272734967418114,0.999999801418632,1.00000005008422
-0.02,1.031892726667345,134.26201295803162,-0.04785112551895939,-0.00019883553335449584,0.999999808157242,1.0000000484487006
-0.02,1.031892726667345,135.5054707816382,-0.04736143498604782,-0.00019500209557116063,0.9999998146811083,1.0000000468669463
-0.02,1.031892726667345,136.76044479902887,-0.046876760263850036,-0.00019122621307090506,0.9999998209971064,1.0000000453371203
-0.02,1.031892726667345,138.02704166659132,-0.046397090793370205,-0.00018750707944946936,0.9999998271118753,1.0000000438574508
-0.02,1.031892726667345,139.30536902850287,-0.04592241603535828,-0.00018384390479712668,0.9999998330318249,1.0000000424262283
-0.02,1.031892726667345,140.5955355258802,-0.04545272549526228,-0.00018023591534877052,0.9999998387631436,1.0000000410418042
-0.02,1.031892726667345,141.8976508060113,-0.04498800874880997,-0.00017668235313826985,0.99999984431181,1.0000000397025877
-0.02,1.031892726667345,143.21182553167466,-0.04452825546610826,-0.00017318247565677837,0.9999998496835978,1.0000000384070449
-0.02,1.031892726667345,144.53817139054382,-0.04407345543229147,-0.00016973555551479534,0.9999998548840836,1.0000000371536957
-0.02,1.031892726667345,145.87680110468003,-0.04362359856299135,-0.00016634088010773556,0.9999998599186581,1.000000035941112
-0.02,1.031892726667345,147.22782844011104,-0.04317867491321903,-0.00016299775128487934,0.9999998647925267,1.0000000347679168
-0.02,1.031892726667345,148.59136821650102,-0.04273867467862918,-0.00015970548502154664,0.9999998695107232,1.0000000336327803
-0.02,1.031892726667345,149.9675363169076,-0.042303588188554,-0.00015646341109448763,0.9999998740781093,1.0000000325344218
-0.02,1.031892726667345,151.35644969763095,-0.04187340589062256,-0.00015327087276043247,0.9999998784993862,1.0000000314716035
-0.02,1.031892726667345,152.75822639815343,-0.04144811832720571,-0.00015012722643784982,0.9999998827790978,1.0000000304431318
-0.02,1.031892726667345,154.17298555117182,-0.04102771610431718,-0.0001470318413919845,0.999999886921636,1.0000000294478566
-0.02,1.031892726667345,155.60084739272125,-0.04061218985394935,-0.0001439840994232481,0.999999890931248,1.0000000284846655
-0.02,1.031892726667345,157.0419332723941,-0.04020153019110427,-0.00014098339455909472,0.9999998948120392,1.000000027552488
-0.02,1.031892726667345,158.4963656636536,-0.039795727666992776,-0.00013802913274952084,0.9999998985679801,1.000000026650289
-0.02,1.031892726667345,159.96426817424148,-0.03939477272000705,-0.00013512073156624838,0.9999999022029109,1.0000000257770711
-0.02,1.031892726667345,161.44576555668382,-0.03899865562611941,-0.00013225761990581138,0.9999999057205449,1.0000000249318703
-0.02,1.031892726667345,162.94098371889282,-0.038607366450334725,-0.0001294392376965356,0.9999999091244741,1.0000000241137585
-0.02,1.031892726667345,164.4500497348682,-0.03822089500071478,-0.00012666503560957048,0.9999999124181741,1.0000000233218378
-0.02,1.031892726667345,165.97309185549548,-0.03783923078632668,-0.00012393447477397848,0.9999999156050077,1.0000000225552441
-0.02,1.031892726667345,167.5102395194472,-0.037462362980238376,-0.00012124702649590578,0.9999999186882291,1.000000021813141
-0.02,1.031892726667345,169.06162336418203,-0.03709028038842248,-0.00011860217198181972,0.999999921670988,1.0000000210947229
-0.02,1.031892726667345,170.6273752370482,-0.0367229714251306,-0.00011599940206576394,0.9999999245563336,1.0000000203992114
-0.02,1.031892726667345,172.20762820648835,-0.036360424094998074,-0.00011343821694053763,0.9999999273472192,1.0000000197258556
-0.02,1.031892726667345,173.80251657334924,-0.03600262598183272,-0.00011091812589270006,0.9999999300465046,1.0000000190739318
-0.02,1.031892726667345,175.41217588229446,-0.0356495642437537,-0.00010843864704125871,0.9999999326569594,1.0000000184427382
-0.02,1.031892726667345,177.0367429333253,-0.03530122561408309,-0.00010599930707989298,0.9999999351812677,1.0000000178316013
-0.02,1.031892726667345,178.67635579340572,-0.03495759640717276,-0.00010359964102255496,0.9999999376220321,1.0000000172398682
-0.02,1.031892726667345,180.33115380819694,-0.034618662528168205,-0.00010123919195227228,0.9999999399817728,1.0000000166669092
-0.02,1.031892726667345,182.00127761389967,-0.03428440948558578,-9.891751077298772e-05,0.9999999422629349,1.0000000161121183
-0.02,1.031892726667345,183.68686914920713,-0.03395482240550628,-9.66341559643104e-05,0.9999999444678898,1.0000000155749056
-0.02,1.031892726667345,185.38807166736675,-0.0336298860461691,-9.438869333899152e-05,0.9999999465989364,1.0000000150547073
-0.02,1.031892726667345,187.10502974835543,-0.033309584811786114,-9.21806958030348e-05,0.9999999486583053,1.0000000145509753
-0.02,1.031892726667345,188.83788931116757,-0.03299390276447365,-9.000974311835804e-05,0.9999999506481613,1.000000014063181
-0.02,1.031892726667345,190.58679762621514,-0.03268282363332919,-8.787542166789668e-05,0.9999999525706039,1.000000013590815
-0.02,1.031892726667345,192.35190332784438,-0.03237633081983507,-8.577732422315919e-05,0.9999999544276721,1.0000000131333835
-0.02,1.031892726667345,194.13335642696757,-0.03207440739896154,-8.371504971418768e-05,0.9999999562213436,1.0000000126904114
-0.02,1.031892726667345,195.93130832381254,-0.031777036115542945,-8.168820300196575e-05,0.9999999579535397,1.0000000122614392
-0.02,1.031892726667345,197.74591182078862,-0.031484199375716546,-7.969639465332164e-05,0.9999999596261233,1.0000000118460213
-0.02,1.031892726667345,199.5773211354742,-0.031195879233424036,-7.773924071839123e-05,0.9999999612409063,1.0000000114437302
-0.02,1.031892726667345,201.42569191372198,-0.03091205737218255,-7.581636251074951e-05,0.9999999627996441,1.0000000110541511
-0.02,1.031892726667345,203.29118124288746,-0.030632715082518677,-7.392738639032489e-05,0.999999964304044,1.0000000106768832
-0.02,1.031892726667345,205.1739476651793,-0.030357833235625437,-7.207194354921457e-05,0.9999999657557629,1.0000000103115392
-0.02,1.031892726667345,207.07415119113296,-0.030087392253939436,-7.024966980055883e-05,0.9999999671564097,1.0000000099577462
-0.02,1.031892726667345,208.99195331321022,-0.02982137207944186,-6.84602053706129e-05,0.9999999685075462,1.000000009615142
-0.02,1.031892726667345,210.92751701952352,-0.02955975214055821,-6.670319469415311e-05,0.999999969810691,1.0000000092833772
-0.02,1.031892726667345,212.88100680768738,-0.02930251131856957,-6.497828621337464e-05,0.999999971067316,1.0000000089621155
-0.02,1.031892726667345,214.8525886987991,-0.029049627914448747,-6.328513218041564e-05,0.9999999722788543,1.0000000086510294
-0.02,1.031892726667345,216.84243025154836,-0.02880107961700498,-6.162338846361348e-05,0.9999999734466947,1.0000000083498035
-0.02,1.031892726667345,218.85070057645706,-0.02855684347316015,-5.999271435765415e-05,0.999999974572188,1.0000000080581328
-0.02,1.031892726667345,220.87757035025237,-0.028316895861091075,-5.839277239766749e-05,0.9999999756566462,1.000000007775722
-0.02,1.031892726667345,222.92321183037146,-0.02808121246686466,-5.68232281773841e-05,0.999999976701345,1.0000000075022872
-0.02,1.031892726667345,224.9877988696007,-0.027849768265065588,-5.528375017142761e-05,0.999999977707521,1.000000007237551
-0.02,1.031892726667345,227.07150693085165,-0.027622537503780874,-5.3774009561789786e-05,0.9999999786763799,1.0000000069812476
-0.02,1.031892726667345,229.17451310207272,-0.02739949369415966,-5.229368006854646e-05,0.9999999796090907,1.0000000067331185
-0.02,1.031892726667345,231.29699611129922,-0.0271806096046255,-5.0842437784844867e-05,0.999999980506791,1.0000000064929147
-0.02,1.031892726667345,233.4391363418438,-0.026965857259677057,-4.941996101619902e-05,0.9999999813705859,1.0000000062603935
-0.02,1.031892726667345,235.60111584762504,-0.02675520794308285,-4.802593012410014e-05,0.9999999822015513,1.0000000060353225
-0.02,1.031892726667345,237.78311836864148,-0.02654863220515795,-4.666002737398138e-05,0.9999999830007321,1.0000000058174745
-0.02,1.031892726667345,239.98532934658564,-0.026346099873709845,-4.532193678753708e-05,0.999999983769146,1.0000000056066307
-0.02,1.031892726667345,242.20793594060487,-0.026147580068155808,-4.4011343999422544e-05,0.9999999845077818,1.0000000054025797
-0.02,1.031892726667345,244.4511270432073,-0.025953041216254198,-4.272793611837024e-05,0.9999999852176018,1.0000000052051161
-0.02,1.031892726667345,246.71509329631496,-0.025762451072849583,-4.147140159272405e-05,0.9999999858995423,1.0000000050140412
-0.02,1.031892726667345,249.00002710746668,-0.025575776740013018,-4.0241430080491114e-05,0.9999999865545144,1.000000004829163
-0.02,1.031892726667345,251.3061226661696,-0.025392984687961348,-3.903771232388051e-05,0.9999999871834052,1.0000000046502948
-0.02,1.031892726667345,253.6335759604023,-0.025214040776160178,-3.785994002848081e-05,0.9999999877870769,1.0000000044772568
-0.02,1.031892726667345,255.98258479327197,-0.02503891027405568,-3.6707805747080317e-05,0.9999999883663693,1.0000000043098733
-0.02,1.031892726667345,258.3533487998248,-0.02486755788093761,-3.558100276827602e-05,0.999999988922099,1.0000000041479755
-0.02,1.031892726667345,260.7460694640121,-0.024699947744502158,-3.447922500994108e-05,0.9999999894550607,1.0000000039913997
-0.02,1.031892726667345,263.1609501358149,-0.024536043477766594,-3.3402166917678975e-05,0.999999989966029,1.000000003839986
-0.02,1.031892726667345,265.59819604852424,-0.02437580817407184,-3.2349523368395495e-05,0.9999999904557557,1.000000003693581
-0.02,1.031892726667345,268.0580143361851,-0.024219204420000653,-3.1320989579114e-05,0.9999999909249733,1.0000000035520353
-0.02,1.031892726667345,270.5406140511989,-0.024066194306133486,-3.031626102119152e-05,0.9999999913743937,1.0000000034152028
-0.02,1.031892726667345,273.0462061820903,-0.02391673943565149,-2.9335033340077775e-05,0.9999999918047083,1.000000003282944
-0.02,1.031892726667345,275.57500367143905,-0.023770800930885676,-2.8377002280775415e-05,0.9999999922165924,1.0000000031551228
-0.02,1.031892726667345,278.1272214339776,-0.023628339437988387,-2.7441863619152635e-05,0.9999999926106986,1.0000000030316056
-0.02,1.031892726667345,280.7030763748543,-0.023489315129975624,-2.6529313099263567e-05,0.9999999929876645,1.000000002912266
-0.02,1.031892726667345,283.30278740807006,-0.023353687708447528,-2.5639046376825424e-05,0.9999999933481072,1.000000002796978
-0.02,1.031892726667345,285.9265754750807,-0.023221416404345326,-2.477075896898925e-05,0.9999999936926276,1.0000000026856215
-0.02,1.031892726667345,288.57466356357577,-0.023092459978136384,-2.3924146210537482e-05,0.9999999940218074,1.0000000025780789
-0.02,1.031892726667345,291.24727672642865,-0.02296677671984455,-2.3098903216635932e-05,0.9999999943362149,1.0000000024742361
-0.02,1.031892726667345,293.94464210082356,-0.022844324449352547,-2.2294724852225616e-05,0.9999999946363975,1.0000000023739826
-0.02,1.031892726667345,296.6669889275594,-0.022725060517400402,-2.1511305708174007e-05,0.99999999492289,1.0000000022772115
-0.02,1.031892726667345,299.4145485705322,-0.022608941807690026,-2.0748340084222545e-05,0.999999995196208,1.000000002183818
-0.02,1.031892726667345,302.18755453639716,-0.02249592474048213,-2.0005521978815425e-05,0.9999999954568549,1.0000000020937008
-0.02,1.031892726667345,304.9862424944146,-0.022385965278034287,-1.928254508582458e-05,0.9999999957053156,1.0000000020067614
-0.02,1.031892726667345,307.81085029647846,-0.02227901893218842,-1.8579102798184298e-05,0.999999995942063,1.0000000019229047
-0.02,1.031892726667345,310.6616179973303,-0.022175040774364406,-1.789488821843809e-05,0.9999999961675531,1.0000000018420363
-0.02,1.031892726667345,313.5387878749621,-0.022073985448162393,-1.7229594176157343e-05,0.999999996382229,1.0000000017640671
-0.02,1.031892726667345,316.44260445120455,-0.02197580718471731,-1.6582913252184045e-05,0.99999999658652,1.0000000016889088
-0.02,1.031892726667345,319.3733145125105,-0.021880459820889486,-1.5954537809627483e-05,0.9999999967808406,1.0000000016164754
-0.02,1.031892726667345,322.3311671309267,-0.021787896820314706,-1.5344160031522326e-05,0.9999999969655942,1.0000000015466848
-0.02,1.031892726667345,325.31641368526283,-0.0216980712972776,-1.4751471965033576e-05,0.9999999971411697,1.0000000014794554
-0.02,1.031892726667345,328.32930788245454,-0.02161093604331724,-1.4176165572082267e-05,0.9999999973079442,1.0000000014147088
-0.02,1.031892726667345,331.37010577912685,-0.021526443556420048,-1.3617932786241108e-05,0.9999999974662823,1.0000000013523682
-0.02,1.031892726667345,334.4390658033531,-0.021444546072609694,-1.3076465575728218e-05,0.9999999976165372,1.0000000012923602
-0.02,1.031892726667345,337.53644877662083,-0.021365195599700862,-1.2551456012339594e-05,0.9999999977590509,1.000000001234611
-0.02,1.031892726667345,340.66251793599554,-0.02128834395295064,-1.2042596346080638e-05,0.9999999978941525,1.0000000011790513
-0.02,1.031892726667345,343.81753895649405,-0.02121394279231255,-1.1549579085350782e-05,0.9999999980221622,1.0000000011256114
-0.02,1.031892726667345,347.00177997366285,-0.021141943660978643,-1.107209708238507e-05,0.9999999981433882,1.0000000010742263
-0.02,1.031892726667345,350.2155116063659,-0.021072298024882606,-1.0609843623776315e-05,0.9999999982581299,1.0000000010248287
-0.02,1.031892726667345,353.4590069797847,-0.021004957312830433,-1.0162512525809133e-05,0.9999999983666743,1.0000000009773573
-0.02,1.031892726667345,356.73254174862967,-0.02093987295692743,-9.729798234342533e-06,0.9999999984693,1.0000000009317498
-0.02,1.031892726667345,360.0363941205664,-0.020876996432977864,-9.311395928983439e-06,0.999999998566277,1.0000000008879464
-0.02,1.031892726667345,363.37084487986095,-0.020816279300548367,-8.90700163129118e-06,0.9999999986578635,1.0000000008458885
-0.02,1.031892726667345,366.73617741124224,-0.020757673242404424,-8.516312316696128e-06,0.9999999987443114,1.0000000008055199
-0.02,1.031892726667345,370.13267772398575,-0.020701130103054546,-8.139026029883769e-06,0.9999999988258613,1.0000000007667849
-0.02,1.031892726667345,373.5606344762222,-0.02064660192616351,-7.77484200331011e-06,0.999999998902747,1.0000000007296295
-0.02,1.031892726667345,377.02033899946696,-0.020594040990627827,-7.423460778570576e-06,0.9999999989751928,1.0000000006940013
-0.02,1.031892726667345,380.5120853233824,-0.02054339984513825,-7.0845843302916584e-06,0.9999999990434144,1.0000000006598497
-0.02,1.031892726667345,384.03617020076405,-0.020494631341089756,-6.757916192246029e-06,0.9999999991076205,1.0000000006271246
-0.02,1.031892726667345,387.5928931327621,-0.020447688663732692,-6.443161585358263e-06,0.9999999991680119,1.000000000595778
-0.02,1.031892726667345,391.18255639433437,-0.020402525361494173,-6.14002754727162e-06,0.999999999224781,1.000000000565762
-0.02,1.031892726667345,394.8054650599374,-0.020359095373431457,-5.848223063148133e-06,0.9999999992781131,1.0000000005370324
-0.02,1.031892726667345,398.4619270294508,-0.020317353054810864,-5.567459197361819e-06,0.9999999993281857,1.0000000005095424
-0.02,1.031892726667345,402.15225305434814,-0.020277253200835278,-5.297449225740928e-06,0.99999999937517,1.0000000004832506
-0.02,1.031892726667345,405.87675676410373,-0.020238751068569757,-5.037908768015008e-06,0.9999999994192293,1.0000000004581135
-0.02,1.031892726667345,409.6357546928489,-0.020201802397138376,-4.788555920112932e-06,0.9999999994605216,1.0000000004340905
-0.02,1.031892726667345,413.4295663062725,-0.02016636342628589,-4.549111385970467e-06,0.9999999994991958,1.0000000004111413
-0.02,1.031892726667345,417.25851402877123,-0.02013239091341365,-4.319298608482141e-06,0.9999999995353958,1.0000000003892264
-0.02,1.031892726667345,421.12292327085265,-0.020099842149213162,-4.098843899247845e-06,0.9999999995692604,1.0000000003683094
-0.02,1.031892726667345,425.02312245678996,-0.0200686749720285,-3.887476566760991e-06,0.9999999996009191,1.0000000003483525
-0.02,1.031892726667345,428.95944305253283,-0.02003884778108542,-3.6849290426838014e-06,0.9999999996304985,1.0000000003293203
-0.02,1.031892726667345,432.9322195938791,-0.020010319548726004,-3.490937005855226e-06,0.9999999996581173,1.0000000003111778
-0.02,1.031892726667345,436.9417897149054,-0.01998304983178674,-3.3052395036985425e-06,0.9999999996838899,1.0000000002938911
-0.02,1.031892726667345,440.98849417666133,-0.01995699878225323,-3.1275790706652864e-06,0.9999999997079237,1.0000000002774274
-0.02,1.031892726667345,445.0726768961314,-0.01993212715731705,-2.9577018433866033e-06,0.9999999997303227,1.0000000002617555
-0.02,1.031892726667345,449.19468497546023,-0.01990839632895103,-2.7953576722245693e-06,0.9999999997511847,1.0000000002468428
-0.02,1.031892726667345,453.3548687314555,-0.019885768293106745,-2.640300228865555e-06,0.999999999770602,1.000000000232661
-0.02,1.031892726667345,457.55358172535705,-0.019864205678624763,-2.4922871096770254e-06,0.9999999997886629,1.0000000002191793
-0.02,1.031892726667345,461.7911807928867,-0.01984367175593281,-2.351079934526604e-06,0.9999999998054517,1.000000000206371
-0.02,1.031892726667345,466.0680260745743,-0.019824130445591802,-2.21644444075594e-06,0.9999999998210471,1.000000000194207
-0.02,1.031892726667345,470.3844810463644,-0.019805546326732613,-2.0881505720801984e-06,0.9999999998355228,1.000000000182662
-0.02,1.031892726667345,474.7409125505084,-0.019787884645410383,-1.9659725621244504e-06,0.9999999998489516,1.0000000001717098
-0.02,1.031892726667345,479.1376908267404,-0.019771111322886673,-1.849689012385699e-06,0.9999999998613983,1.0000000001613247
-0.02,1.031892726667345,483.57518954374194,-0.019755192963833976,-1.7390829643942657e-06,0.9999999998729276,1.0000000001514835
-0.02,1.031892726667345,488.0537858309,-0.019740096864442197,-1.6339419658820127e-06,0.9999999998835982,1.000000000142162
-0.02,1.031892726667345,492.5738603103579,-0.019725791020392843,-1.53405813078195e-06,0.9999999998934664,1.0000000001333378
-0.02,1.031892726667345,497.1357971293627,-0.019712244134654174,-1.4392281929085895e-06,0.9999999999025849,1.000000000124989
-0.02,1.031892726667345,501.7399839929145,-0.019699425625039433,-1.3492535531882835e-06,0.9999999999110036,1.0000000001170946
-0.02,1.031892726667345,506.3868121967132,-0.019687305631461066,-1.263940320330664e-06,0.9999999999187691,1.000000000109633
-0.02,1.031892726667345,511.0766766604169,-0.019675855022806388,-1.183099344865467e-06,0.9999999999259254,1.0000000001025857
-0.02,1.031892726667345,515.809975961202,-0.019665045403353894,-1.1065462464843323e-06,0.9999999999325144,1.0000000000959337
-0.02,1.031892726667345,520.5871123676386,-0.019654849118646265,-1.0341014346480968e-06,0.9999999999385747,1.0000000000896578
-0.02,1.031892726667345,525.4084918738774,-0.019645239260733652,-9.655901224663862e-07,0.9999999999441419,1.0000000000837397
-0.02,1.031892726667345,530.2745242341559,-0.019636189672700668,-9.008423338513249e-07,0.9999999999492524,1.0000000000781637
-0.02,1.031892726667345,535.1856229976182,-0.019627674952392378,-8.396929039935106e-07,0.9999999999539365,1.000000000072912
-0.02,1.031892726667345,540.1422055434659,-0.019619670455257775,-7.819814732280352e-07,0.9999999999582256,1.0000000000679705
-0.02,1.031892726667345,545.1446931164259,-0.019612152296233497,-7.275524743688201e-07,0.9999999999621474,1.0000000000633213
-0.02,1.031892726667345,550.1935108625528,-0.019605097350597813,-6.762551136324699e-07,0.9999999999657287,1.0000000000589517
-0.02,1.031892726667345,555.2890878653604,-0.0195984832537313,-6.279433452821029e-07,0.9999999999689945,1.0000000000548475
-0.02,1.031892726667345,560.4318571822878,-0.019592288399729745,-5.82475840140173e-07,0.9999999999719694,1.0000000000509937
-0.02,1.031892726667345,565.6222558815047,-0.01958649193882414,-5.397159481527727e-07,0.999999999974673,1.0000000000473785
-0.02,1.031892726667345,570.8607250790558,-0.01958107377357283,-4.99531655185214e-07,0.9999999999771274,1.000000000043989
-0.02,1.031892726667345,576.1477099763489,-0.019576014553801327,-4.6179553428001656e-07,0.999999999979351,1.0000000000408136
-0.02,1.031892726667345,581.4836598979924,-0.019571295670276673,-4.263846915747521e-07,0.9999999999813631,1.0000000000378404
-0.02,1.031892726667345,586.8690283299819,-0.01956689924711423,-3.93180707150792e-07,0.9999999999831793,1.0000000000350586
-0.02,1.031892726667345,592.3042729582397,-0.019562808132925952,-3.6206957104114573e-07,0.9999999999848168,1.0000000000324571
-0.02,1.031892726667345,597.7898557075149,-0.019559005890730483,-3.329416146785147e-07,0.9999999999862889,1.0000000000300266
-0.02,1.031892726667345,603.3262427806361,-0.01955547678665578,-3.056914380558624e-07,0.999999999987611,1.0000000000277578
-0.02,1.031892726667345,608.913904698138,-0.019552205777475386,-2.8021783287904023e-07,0.9999999999887947,1.0000000000256402
-0.02,1.031892726667345,614.5533163382452,-0.019549178497029293,-2.5642370200749365e-07,0.9999999999898532,1.0000000000236662
-0.02,1.031892726667345,620.2449569772324,-0.019546381241588903,-2.3421597547758076e-07,0.9999999999907975,1.0000000000218274
-0.02,1.031892726667345,625.9893103301563,-0.0195438009542341,-2.1350552340671382e-07,0.9999999999916378,1.0000000000201148
-0.02,1.031892726667345,631.7868645919671,-0.01954142520831759,-1.9420706608588606e-07,0.9999999999923842,1.000000000018522
-0.02,1.031892726667345,637.638112478994,-0.01953924219009795,-1.7623908155639535e-07,0.9999999999930452,1.0000000000170413
-0.02,1.031892726667345,643.5435512708254,-0.01953724068062833,-1.59523710977018e-07,0.9999999999936312,1.000000000015666
-0.02,1.031892726667345,649.5036828525664,-0.019535410036992017,-1.4398666208755356e-07,0.9999999999941482,1.0000000000143896
-0.02,1.031892726667345,655.5190137574945,-0.01953374017297939,-1.2955711105241343e-07,0.9999999999946038,1.0000000000132057
-0.02,1.031892726667345,661.5900552101086,-0.019532221539302945,-1.1616760298481506e-07,0.9999999999950054,1.0000000000121088
-0.02,1.031892726667345,667.7173231695753,-0.019530845103448866,-1.0375395144128079e-07,0.9999999999953587,1.0000000000110927
-0.02,1.031892726667345,673.9013383735801,-0.01952960232926298,-9.225513715782706e-08,0.9999999999956694,1.0000000000101532
-0.02,1.031892726667345,680.1426263825831,-0.01952848515636925,-8.161320630373271e-08,0.9999999999959436,1.0000000000092841
-0.02,1.031892726667345,686.4417176244827,-0.019527485979516663,-7.17731685065049e-08,0.9999999999961852,1.0000000000084819
-0.02,1.031892726667345,692.7991474396972,-0.019526597627948207,-6.268289492841901e-08,0.999999999996398,1.0000000000077411
-0.02,1.031892726667345,699.215456126661,-0.019525813344882636,-5.4293016587734954e-08,0.9999999999965882,1.0000000000070584
-0.02,1.031892726667345,705.6911889877423,-0.01952512676719514,-4.655682321492903e-08,0.9999999999967567,1.0000000000064286
-0.02,1.031892726667345,712.2268963755895,-0.01952453190537928,-3.943016281031885e-08,0.9999999999969087,1.0000000000058493
-0.02,1.031892726667345,718.8231337398989,-0.019524023123866672,-3.287134214567191e-08,0.9999999999970464,1.0000000000053169
-0.02,1.031892726667345,725.4804616746267,-0.019523595121776094,-2.6841028387387766e-08,0.9999999999971722,1.0000000000048272
-0.02,1.031892726667345,732.1994459656265,-0.019523242914156472,-2.1302152034200236e-08,0.9999999999972882,1.0000000000043778
-0.02,1.031892726667345,738.9806576387373,-0.019522961813783487,-1.621981132489445e-08,0.999999999997397,1.000000000003966
-0.02,1.031892726667345,745.8246730083114,-0.019522747413561213,-1.1561178287998288e-08,0.9999999999974994,1.000000000003588
-0.02,1.031892726667345,752.7320737261965,-0.019522595569575286,-7.2954065616377065e-09,0.9999999999975977,1.0000000000032423
-0.02,1.031892726667345,759.7034468311634,-0.019522502384835435,-3.393541125641014e-09,0.9999999999976927,1.000000000002926
-0.02,1.031892726667345,766.7393847988028,-0.019522464193740104,1.7156994744380854e-10,0.9999999999977852,1.0000000000026366
-0.02,1.031892726667345,773.8404855918722,-0.019522477547288062,3.425361607704935e-09,0.9999999999978766,1.0000000000023728
-0.02,1.031892726667345,781.0073527111184,-0.01952253919905551,6.391635731010709e-09,0.9999999999979671,1.0000000000021319
-0.02,1.031892726667345,788.2405952465664,-0.019522646091951174,9.092642718710196e-09,0.9999999999980573,1.0000000000019125
-0.02,1.031892726667345,795.5408279292831,-0.01952279534575511,1.1549160734096332e-08,0.9999999999981473,1.0000000000017129
-0.02,1.031892726667345,802.9086711836236,-0.019522984245441497,1.3780572517677497e-08,0.9999999999982376,1.0000000000015317
-0.02,1.031892726667345,810.3447511799583,-0.019523210230279697,1.5804939736698315e-08,0.9999999999983278,1.0000000000013662
-0.02,1.031892726667345,817.8496998878867,-0.019523470883703285,1.7639074835717643e-08,0.999999999998418,1.0000000000012166
-0.02,1.031892726667345,825.4241551299497,-0.019523763923930928,1.9298610365890266e-08,0.9999999999985086,1.0000000000010807
-0.02,1.031892726667345,833.0687606358348,-0.019524087195319798,2.079806577439997e-08,0.9999999999985989,1.0000000000009581
-0.02,1.031892726667345,840.7841660970844,-0.019524438660427298,2.2150911657381707e-08,0.9999999999986886,1.0000000000008467
-0.02,1.031892726667345,848.5710272223139,-0.01952481639275354,2.3369631473962125e-08,0.9999999999987769,1.000000000000746
-0.02,1.031892726667345,856.4300057929329,-0.019525218570134558,2.4465780734216402e-08,0.9999999999988644,1.0000000000006553
-0.02,1.031892726667345,864.3617697193946,-0.019525643468752664,2.5450043689411862e-08,0.9999999999989506,1.0000000000005738
-0.02,1.031892726667345,872.3669930979535,-0.0195260894577289,2.6332287532437783e-08,0.9999999999990347,1.0000000000004996
-0.02,1.031892726667345,880.4463562679581,-0.01952655499426061,2.712161416678716e-08,0.9999999999991157,1.0000000000004332
-0.02,1.031892726667345,888.6005458696701,-0.01952703861926576,2.7826409556225366e-08,0.9999999999991942,1.0000000000003733
-0.02,1.031892726667345,896.8302549026189,-0.019527538953494798,2.845439073096532e-08,0.9999999999992691,1.0000000000003202
-0.02,1.031892726667345,905.1361827845002,-0.019528054694070603,2.9012650458632488e-08,0.9999999999993401,1.0000000000002716
-0.02,1.031892726667345,913.5190354106156,-0.019528584611416565,2.9507699677212683e-08,0.999999999999407,1.0000000000002287
-0.02,1.031892726667345,921.9795252138629,-0.019529127546533492,2.994550771738159e-08,0.9999999999994695,1.00000000000019
-0.02,1.031892726667345,930.5183712252855,-0.01952968240858625,3.033154037579034e-08,0.9999999999995272,1.0000000000001554
-0.02,1.031892726667345,939.1362991351807,-0.01953024817276242,3.067079592989129e-08,0.9999999999995793,1.000000000000125
-0.02,1.031892726667345,947.8340413547725,-0.01953082387836581,3.0967839118096683e-08,0.9999999999996259,1.000000000000097
-0.02,1.031892726667345,956.6123370784595,-0.019531408627109555,3.12268331892065e-08,0.9999999999996665,1.0000000000000724
-0.02,1.031892726667345,965.4719323466358,-0.019532001581575,3.1451570068639505e-08,0.9999999999997012,1.0000000000000502
-0.02,1.031892726667345,974.4135801090915,-0.0195326019638042,3.1645498717224476e-08,0.9999999999997301,1.000000000000031
-0.02,1.031892726667345,983.4380402890077,-0.01953320905399621,3.181175175703945e-08,0.9999999999997524,1.0000000000000135
-0.02,1.031892726667345,992.5460798475383,-0.01953382218927907,3.195317042626937e-08,0.9999999999997686,0.9999999999999982
-0.02,1.031892726667345,1001.7384728489908,-0.01953444076253165,3.207232794227727e-08,0.9999999999997778,0.9999999999999848
-0.02,1.031892726667345,1011.0160005266158,-0.019535064221232166,3.2171551340089635e-08,0.9999999999997813,0.9999999999999724
-0.02,1.031892726667345,1020.3794513489946,-0.01953569206631194,3.225294185616449e-08,0.9999999999997784,0.9999999999999619
-0.02,1.031892726667345,1029.8296210870567,-0.019536323850995577,3.231839392528531e-08,0.9999999999997692,0.9999999999999523
-0.02,1.031892726667345,1039.3673128817031,-0.019536959179611395,3.23696128620819e-08,0.9999999999997542,0.9999999999999438
-0.02,1.031892726667345,1048.993337312066,-0.019537597706357532,3.240813129252703e-08,0.9999999999997332,0.9999999999999364
-0.02,1.031892726667345,1058.7085124643972,-0.019538239134012203,3.243532440064188e-08,0.9999999999997066,0.9999999999999298
-0.02,1.031892726667345,1068.5136640015942,-0.019538883212578264,3.245242405637161e-08,0.9999999999996748,0.999999999999924
-0.02,1.031892726667345,1078.4096252333723,-0.019539529737854767,3.246053188388952e-08,0.9999999999996378,0.9999999999999193
-0.02,1.031892726667345,1088.3972371870843,-0.019540178549929878,3.2460631334732465e-08,0.9999999999995958,0.9999999999999143
-0.02,1.031892726667345,1098.4773486791944,-0.019540829531591905,3.245359882173932e-08,0.99999999999955,0.9999999999999104
-0.02,1.031892726667345,1108.650816387419,-0.019541482606656675,3.244021397144719e-08,0.9999999999995003,0.999999999999907
-0.02,1.031892726667345,1118.9185049235327,-0.01954213773821145,3.24211690511243e-08,0.9999999999994466,0.9999999999999037
-0.02,1.031892726667345,1129.2812869068487,-0.01954279492677716,3.23970776185887e-08,0.9999999999993902,0.9999999999999016
-0.02,1.031892726667345,1139.740043038382,-0.019543454208391976,3.2368482453642455e-08,0.9999999999993309,0.9999999999998991
-0.02,1.031892726667345,1150.2956621756925,-0.01954411565262093,3.233586280792479e-08,0.9999999999992687,0.9999999999998969
-0.02,1.031892726667345,1160.9490414084332,-0.01954477936049721,3.229964103053414e-08,0.9999999999992051,0.9999999999998958
-0.02,1.031892726667345,1171.7010861345848,-0.01954544546240189,3.226018860731511e-08,0.9999999999991401,0.9999999999998941
-0.02,1.031892726667345,1182.5527101374053,-0.01954611411588973,3.2217831655941414e-08,0.9999999999990741,0.9999999999998926
-0.02,1.031892726667345,1193.5048356630894,-0.019546785503469676,3.217285591813359e-08,0.9999999999990072,0.9999999999998919
-0.02,1.031892726667345,1204.55839349915,-0.01954745983034876,3.212551128717516e-08,0.9999999999989407,0.9999999999998906
-0.02,1.031892726667345,1215.7143230535173,-0.019548137322149474,3.20760159047796e-08,0.9999999999988745,0.9999999999998899
-0.02,1.031892726667345,1226.9735724343827,-0.01954881822260998,3.20245598585876e-08,0.9999999999988087,0.9999999999998893
-0.02,1.031892726667345,1238.33709853077,-0.019549502791277883,3.197130852323142e-08,0.9999999999987442,0.9999999999998886
-0.02,1.031892726667345,1249.8058670938608,-0.01955019130120746,3.1916405549585826e-08,0.999999999998681,0.9999999999998886
-0.02,1.031892726667345,1261.3808528190714,-0.019550884036670962,3.185997557037e-08,0.9999999999986202,0.9999999999998881
-0.02,1.031892726667345,1273.0630394288874,-0.019551581290893925,3.180212660152422e-08,0.9999999999985615,0.999999999999888
-0.02,1.031892726667345,1284.8534197564702,-0.01955228336382496,3.1742952201117134e-08,0.999999999998505,0.9999999999998876
-0.02,1.031892726667345,1296.7529958300336,-0.019552990559949305,3.168253338919804e-08,0.9999999999984517,0.999999999999888
-0.02,1.031892726667345,1308.7627789579997,-0.019553703186156023,3.162094035248937e-08,0.9999999999984016,0.9999999999998878
-0.02,1.031892726667345,1320.883789814951,-0.019554421549667533,3.155823396322713e-08,0.9999999999983549,0.9999999999998879
-0.02,1.031892726667345,1333.1170585283726,-0.01955514595604009,3.149446711196932e-08,0.9999999999983118,0.9999999999998879
-0.02,1.031892726667345,1345.4636247661995,-0.019555876707243274,3.142968589126265e-08,0.9999999999982726,0.9999999999998883
-0.02,1.031892726667345,1357.924537825179,-0.019556614099825644,3.1363930631767094e-08,0.9999999999982375,0.9999999999998882
-0.02,1.031892726667345,1370.500856720038,-0.019557358423173462,3.129723681072909e-08,0.9999999999982067,0.9999999999998886
-0.02,1.031892726667345,1383.1936502734964,-0.019558109957868542,3.1229635844843203e-08,0.9999999999981799,0.9999999999998892
-0.02,1.031892726667345,1396.0039972070938,-0.019558868974150382,3.11611557782808e-08,0.9999999999981578,0.9999999999998894
-0.02,1.031892726667345,1408.9329862328714,-0.019559635730487634,3.1091821882125665e-08,0.9999999999981404,0.9999999999998898
-0.02,1.031892726667345,1421.9817161458968,-0.01956041047226238,3.102165716874179e-08,0.9999999999981272,0.9999999999998898
-0.02,1.031892726667345,1435.1512959176512,-0.0195611934305708,3.095068282850656e-08,0.999999999998119,0.9999999999998905
-0.02,1.031892726667345,1448.4428447902692,-0.01956198482114254,3.087891861034062e-08,0.9999999999981147,0.999999999999891
-0.02,1.031892726667345,1461.8574923716699,-0.01956278484338053,3.080638313863492e-08,0.9999999999981155,0.9999999999998916
-0.02,1.031892726667345,1475.3963787315492,-0.01956359367952238,3.073309418141528e-08,0.9999999999981206,0.9999999999998923
-0.02,1.031892726667345,1489.0606544982772,-0.01956441149392372,3.0659068873757305e-08,0.99999999999813,0.9999999999998929
-0.02,1.031892726667345,1502.8514809566846,-0.01956523843246308,3.058432390059345e-08,0.9999999999981442,0.9999999999998932
-0.02,1.031892726667345,1516.7700301467542,-0.019566074622067508,3.05088756499301e-08,0.9999999999981619,0.9999999999998939
-0.02,1.031892726667345,1530.8174849632353,-0.01956692017035722,3.043274033131535e-08,0.9999999999981841,0.9999999999998943
-0.02,1.031892726667345,1544.9950392561707,-0.01956777516540729,3.035593407170049e-08,0.9999999999982099,0.9999999999998949
-0.02,1.031892726667345,1559.3038979323546,-0.019568639675623552,3.027847298842122e-08,0.9999999999982396,0.9999999999998956
-0.02,1.031892726667345,1573.7452770577393,-0.019569513749729577,3.02003732433327e-08,0.999999999998273,0.9999999999998962
-0.02,1.031892726667345,1588.3204039607824,-0.019570397416861066,3.012165108054225e-08,0.9999999999983096,0.999999999999897
-0.02,1.031892726667345,1603.0305173367537,-0.01957129068676347,3.004232285043308e-08,0.9999999999983491,0.9999999999998976
-0.02,1.031892726667345,1617.8768673530133,-0.019572193550088397,2.996240502204753e-08,0.9999999999983916,0.9999999999998982
-0.02,1.031892726667345,1632.8607157552478,-0.01957310597878399,2.9881914185631765e-08,0.9999999999984371,0.9999999999998991
-0.02,1.031892726667345,1647.9833359747165,-0.019574027926573895,2.9800867047889573e-08,0.9999999999984845,0.9999999999998995
-0.02,1.031892726667345,1663.2460132364645,-0.019574959329519685,2.9719280418972446e-08,0.9999999999985343,0.9999999999999003
-0.02,1.031892726667345,1678.6500446685554,-0.019575900106660788,2.963717119472699e-08,0.9999999999985857,0.9999999999999007
-0.02,1.031892726667345,1694.1967394123092,-0.019576850160726293,2.9554556335805418e-08,0.999999999998639,0.9999999999999014
-0.02,1.031892726667345,1709.8874187335668,-0.019577809378912424,2.9471452841768847e-08,0.9999999999986937,0.999999999999902
-0.02,1.031892726667345,1725.7234161349695,-0.01957877763371975,2.938787772151789e-08,0.9999999999987494,0.9999999999999027
-0.02,1.031892726667345,1741.706077469303,-0.01957975478384387,2.9303847965184997e-08,0.9999999999988061,0.9999999999999031
-0.02,1.031892726667345,1757.8367610538646,-0.019580740675113232,2.9219380511601823e-08,0.9999999999988632,0.9999999999999036
-0.02,1.031892726667345,1774.1168377859105,-0.01958173514146818,2.9134492214341395e-08,0.9999999999989211,0.9999999999999041
-0.02,1.031892726667345,1790.547691259161,-0.019582738005974657,2.9049199809891348e-08,0.9999999999989783,0.9999999999999051
-0.02,1.031892726667345,1807.1307178813868,-0.019583749081866785,2.8963519884284056e-08,0.9999999999990359,0.9999999999999054
-0.02,1.031892726667345,1823.867326993091,-0.019584768173612085,2.887746883839991e-08,0.9999999999990926,0.9999999999999062
-0.02,1.031892726667345,1840.7589409872808,-0.019585795077993403,2.879106285556923e-08,0.9999999999991492,0.9999999999999065
-0.02,1.031892726667345,1857.8069954303487,-0.019586829585201963,2.8704317868827137e-08,0.999999999999205,0.9999999999999074
-0.02,1.031892726667345,1875.012939184082,-0.019587871479935827,2.861724952754462e-08,0.9999999999992594,0.9999999999999077
-0.02,1.031892726667345,1892.378234528796,-0.019588920542498323,2.8529873165707362e-08,0.9999999999993125,0.9999999999999082
-0.02,1.031892726667345,1909.9043572876058,-0.019589976549891266,2.8442203775215508e-08,0.999999999999364,0.9999999999999086
-0.02,1.031892726667345,1927.592796951861,-0.019591039276898183,2.835425597013021e-08,0.9999999999994138,0.9999999999999091
-0.02,1.031892726667345,1945.4450568077177,-0.019592108497152358,2.8266043963668216e-08,0.9999999999994622,0.9999999999999097
-0.02,1.031892726667345,1963.4626540639163,-0.019593183984185795,2.8177581535409534e-08,0.999999999999508,0.9999999999999104
-0.02,1.031892726667345,1981.6471199807077,-0.019594265512454426,2.8088882007840772e-08,0.9999999999995519,0.9999999999999106
-0.02,1.031892726667345,2000.0,-0.019595352858335822,2.7999958222493548e-08,0.9999999999995932,0.9999999999999111
