Hinf,Tw,eta,H,F,G,T
-0.6,1.0467646959920125,0.0,0.0,0.0,0.0,1.0467646959920125
-0.6,1.0467646959920125,0.05,-0.0011659944587172886,0.022934702372395057,0.02938492239345547,1.046056765684002
-0.6,1.0467646959920125,0.1,-0.0045122645408781645,0.04362897352547228,0.05865800431447009,1.0453488697197884
-0.6,1.0467646959920125,0.15000000000000002,-0.00982172752811608,0.06222123486696341,0.0877202219700066,1.0446410929034002
-0.6,1.0467646959920125,0.2,-0.016890903502434676,0.07884508922215905,0.11648538935776204,1.0439335700289831
-0.6,1.0467646959920125,0.25,-0.025529424690734683,0.09362915280312839,0.14487898778479033,1.0432264805663718
-0.6,1.0467646959920125,0.30000000000000004,-0.03555953048107658,0.10669693630491563,0.1728370848989816,1.042520043591908
-0.6,1.0467646959920125,0.35000000000000003,-0.04681555275218396,0.11816676980825422,0.2003053365876149,1.041814512943764
-0.6,1.0467646959920125,0.4,-0.05914339569326147,0.1281517665585626,0.22723806577395428,1.0411101725886467
-0.6,1.0467646959920125,0.45,-0.07240001376479531,0.13675982106642207,0.253597412707575,1.0404073321926435
-0.6,1.0467646959920125,0.5,-0.08645289100660644,0.14409363733304917,0.2793525518189957,1.0397063228934105
-0.6,1.0467646959920125,0.55,-0.10117952450707232,0.15025078334415198,0.304478970611825,1.039007493274095
-0.6,1.0467646959920125,0.6000000000000001,-0.11646691448426624,0.15532376829649852,0.3289578064103938,1.0383112055415142
-0.6,1.0467646959920125,0.65,-0.1322110630914896,0.15940013932344327,0.3527752370789581,1.0376178319123839
-0.6,1.0467646959920125,0.7000000000000001,-0.14831648374827547,0.16256259476889673,0.3759219220892865,1.036927751211877
-0.6,1.0467646959920125,0.75,-0.1646957225145454,0.1648891113243429,0.3983924905441511,1.036241345688749
-0.6,1.0467646959920125,0.8,-0.18126889276912572,0.16645308259118854,0.4201850729706885,1.0355589980507092
-0.6,1.0467646959920125,0.8500000000000001,-0.19796322422222307,0.16732346686177316,0.44130087388466777,1.0348810887227986
-0.6,1.0467646959920125,0.9,-0.21471262708231129,0.16756494212759418,0.461743782297981,1.0342079933303903
-0.6,1.0467646959920125,0.9500000000000001,-0.2314572720093009,0.1672380665235404,0.4815200175002168,1.033540080407084
-0.6,1.0467646959920125,1.0,-0.24814318631627466,0.16639944260298795,0.5006378075933039,1.0328777093263095
-0.6,1.0467646959920125,1.05,-0.264721866730152,0.16510188401129974,0.5191070983976876,1.0322212284540102
-0.6,1.0467646959920125,1.1,-0.2811499088863278,0.16339458328531342,0.5369392904807944,1.0315709735183127
-0.6,1.0467646959920125,1.1500000000000001,-0.2973886536124057,0.16132327965452875,0.5541470021846333,1.0309272661906914
-0.6,1.0467646959920125,1.2000000000000002,-0.3134038499505662,0.15893042585657882,0.5707438566501034,1.0302904128718813
-0.6,1.0467646959920125,1.25,-0.3291653347757974,0.15625535310581273,0.5867442909515012,1.0296607036745937
-0.6,1.0467646959920125,1.3,-0.344646728787001,0.15333443347003375,0.6021633855661949,1.029038411594107
-0.6,1.0467646959920125,1.35,-0.3598251485790114,0.15020123901717045,0.6170167125117918,1.028423791856918
-0.6,1.0467646959920125,1.4000000000000001,-0.37468093444474776,0.14688669719144545,0.631320200586504,1.0278170814369603
-0.6,1.0467646959920125,1.4500000000000002,-0.3891973935072299,0.14341924196794237,0.6450900162478717,1.027218498728357
-0.6,1.0467646959920125,1.5,-0.40336055774024865,0.1398249604158216,0.6583424587607228,1.0266282433632927
-0.6,1.0467646959920125,1.55,-0.4171589564032106,0.13612773437428413,0.6710938683370214,1.0260464961633844
-0.6,1.0467646959920125,1.6,-0.4305834023894792,0.13234937701212682,0.6833605460783323,1.0254734192128268
-0.6,1.0467646959920125,1.6500000000000001,-0.4436267919676545,0.1285097641018321,0.6951586846157773,1.024909156041678
-0.6,1.0467646959920125,1.7000000000000002,-0.4562839173810267,0.12462695989297812,0.7065043084226891,1.0243538319077752
-0.6,1.0467646959920125,1.75,-0.4685512917613911,0.12071733751773778,0.7174132228516621,1.0238075541660852
-0.6,1.0467646959920125,1.8,-0.48042698580882226,0.1167956939037611,0.727900971020301,1.0232704127146326
-0.6,1.0467646959920125,1.85,-0.4919104756884751,0.1128753592071496,0.7379827977387636,1.0227424805066017
-0.6,1.0467646959920125,1.9000000000000001,-0.5030025015984265,0.10896830081092505,0.7476736197371757,1.0222238141187012
-0.6,1.0467646959920125,1.9500000000000002,-0.5137049364685554,0.1050852219627009,0.7569880015122377,1.0217144543664276
-0.6,1.0467646959920125,2.0,-0.524020664259123,0.10123565514952687,0.7659401361698819,1.021214426957461
-0.6,1.0467646959920125,2.0500000000000003,-0.5339534673385193,0.0974280503284359,0.7745438306947959,1.0207237431750167
-0.6,1.0467646959920125,2.1,-0.5435079224324398,0.09366985814836577,0.7828124951280612,1.0202424005836104
-0.6,1.0467646959920125,2.15,-0.5526893046510079,0.08996760831319375,0.7907591351811922,1.0197703837503143
-0.6,1.0467646959920125,2.2,-0.5615034991159301,0.08632698324686777,0.7983963478586135,1.019307664975206
-0.6,1.0467646959920125,2.25,-0.5699569197263339,0.08275288723033133,0.8057363197012313,1.0188542050253262
-0.6,1.0467646959920125,2.3000000000000003,-0.5780564346192183,0.07924951118638675,0.8127908273013039,1.018409953867048
-0.6,1.0467646959920125,2.35,-0.5858092978983163,0.07582039329305164,0.819571239773562,1.0179748513923377
-0.6,1.0467646959920125,2.4000000000000004,-0.5932230872233593,0.07246847560857698,0.8260885228994631,1.0175488281349399
-0.6,1.0467646959920125,2.45,-0.6003056468701041,0.06919615689233406,0.8323532446908646,1.0171318059730217
-0.6,1.0467646959920125,2.5,-0.6070650358899174,0.06600534180541417,0.838375582146342,1.0167236988153223
-0.6,1.0467646959920125,2.5500000000000003,-0.613509481016002,0.06289748667324518,0.844165328998009,1.0163244132682918
-0.6,1.0467646959920125,2.6,-0.6196473339814853,0.059873641989939164,0.8497319042692091,1.0159338492821257
-0.6,1.0467646959920125,2.6500000000000004,-0.6254870329323812,0.056934491840641595,0.8550843614839256,1.0155519007740088
-0.6,1.0467646959920125,2.7,-0.6310370676358638,0.05408039041396743,0.8602313983873677,1.0151784562272208
-0.6,1.0467646959920125,2.75,-0.6363059482012763,0.0513113957718272,0.8651813670540696,1.014813399265085
-0.6,1.0467646959920125,2.8000000000000003,-0.6413021770477577,0.04862730103868571,0.8699422842751131,1.0144566091990466
-0.6,1.0467646959920125,2.85,-0.6460342238682997,0.04602766316664679,0.8745218421298352,1.0141079615504005
-0.6,1.0467646959920125,2.9000000000000004,-0.6505105033554016,0.04351182942683332,0.8789274186598268,1.0137673285454645
-0.6,1.0467646959920125,2.95,-0.654739355468213,0.04107896177140004,0.883166088574124,1.013434579584156
-0.6,1.0467646959920125,3.0,-0.6587290280351902,0.038728059204253644,0.8872446339245347,1.013109581682145
-0.6,1.0467646959920125,3.0500000000000003,-0.6624876614997854,0.0364579782922345,0.8911695546989276,1.012792199886892
-0.6,1.0467646959920125,3.1,-0.6660232756295255,0.03426745194217503,0.8949470792883046,1.0124822976680299
-0.6,1.0467646959920125,3.1500000000000004,-0.6693437580210925,0.032155106562954706,0.8985831747905537,1.0121797372826427
-0.6,1.0467646959920125,3.2,-0.6724568542455883,0.030119477725454043,0.9020835571200609,1.011884380116115
-0.6,1.0467646959920125,3.25,-0.675370159489171,0.028159024427201224,0.9054537008979211,1.0115960869992788
-0.6,1.0467646959920125,3.3000000000000003,-0.6780911115546207,0.026272142062544215,0.9086988491024117,1.0113147185026687
-0.6,1.0467646959920125,3.35,-0.6806269850991795,0.024457174193377375,0.9118240224636671,1.011040135208726
-0.6,1.0467646959920125,3.4000000000000004,-0.6829848869932459,0.022712423209837056,0.9148340285903077,1.0107721979628463
-0.6,1.0467646959920125,3.45,-0.6851717526931551,0.0210361599649586,0.917733470819054,1.0105107681041772
-0.6,1.0467646959920125,3.5,-0.6871943435294269,0.01942663246207505,0.9205267567812303,1.0102557076770948
-0.6,1.0467646959920125,3.5500000000000003,-0.6890592448194839,0.017882073668742244,0.9232181066825456,1.0100068796242954
-0.6,1.0467646959920125,3.6,-0.6907728647209785,0.01640070852619577,0.9258115612946658,1.009764147962429
-0.6,1.0467646959920125,3.6500000000000004,-0.6923414337485456,0.014980760218792832,0.9283109896589427,1.0095273779412113
-0.6,1.0467646959920125,3.7,-0.6937710048830187,0.013620455763559993,0.9307200965041934,1.0092964361869194
-0.6,1.0467646959920125,3.75,-0.6950674542079508,0.012318030975854407,0.9330424293817651,1.0090711908311745
-0.6,1.0467646959920125,3.8000000000000003,-0.6962364820136998,0.011071734863257675,0.9352813855221978,1.0088515116258843
-0.6,1.0467646959920125,3.85,-0.6972836143143374,0.009879833496137696,0.9374402184187215,1.0086372700451982
-0.6,1.0467646959920125,3.9000000000000004,-0.698214204727344,0.008740613399845814,0.939522044143561,1.008428339375305
-0.6,1.0467646959920125,3.95,-0.6990334366703469,0.0076523845102484485,0.9415298474036181,1.0082245947928572
-0.6,1.0467646959920125,4.0,-0.699746325833207,0.006613482731216595,0.9434664873425768,1.0080259134328098
-0.6,1.0467646959920125,4.05,-0.7003577228874502,0.005622272129815764,0.945334703096815,1.0078321744463838
-0.6,1.0467646959920125,4.1000000000000005,-0.7008723163984921,0.004677146802232124,0.9471371191127957,1.0076432590498836
-0.6,1.0467646959920125,4.15,-0.7012946359092748,0.0037765324409421027,0.9488762502337538,1.0074590505650138
-0.6,1.0467646959920125,4.2,-0.7016290551668668,0.0029188876312654165,0.950554506563624,1.0072794344513594
-0.6,1.0467646959920125,4.25,-0.7018797954662764,0.0021027049032345023,0.9521741981161762,1.007104298331613
-0.6,1.0467646959920125,4.3,-0.7020509290882222,0.0013265115626527795,0.9537375392573338,1.0069335320101442
-0.6,1.0467646959920125,4.3500000000000005,-0.702146382809894,0.0005888703232970636,0.9552466529485645,1.0067670274854372
-0.6,1.0467646959920125,4.4,-0.7021699414698385,-0.00011162023956519402,0.9567035747991803,1.0066046789569243
-0.6,1.0467646959920125,4.45,-0.7021252515700382,-0.0007763253958315161,0.9581102569352101,1.0064463828266859
-0.6,1.0467646959920125,4.5,-0.7020158249000346,-0.0014065741104191348,0.959468571692398,1.0062920376964801
-0.6,1.0467646959920125,4.55,-0.7018450421695562,-0.002003659020774206,0.960780315140684,1.0061415443605286
-0.6,1.0467646959920125,4.6000000000000005,-0.7016161566376112,-0.002568836527812268,0.9620472104473489,1.005994805794445
-0.6,1.0467646959920125,4.65,-0.7013322977273604,-0.0031033269872919045,0.9632709110857884,1.0058517271407001
-0.6,1.0467646959920125,4.7,-0.7009964746173291,-0.003608314989756035,0.9644530038966873,1.0057122156909568
-0.6,1.0467646959920125,4.75,-0.7006115798006533,-0.004084949718220899,0.9655950120081391,1.0055761808656054
-0.6,1.0467646959920125,4.800000000000001,-0.7001803926050795,-0.0045343453737594535,0.9666983976210244,1.005443534190804
-0.6,1.0467646959920125,4.8500000000000005,-0.6997055826673911,-0.004957581660016336,0.9677645646657569,1.005314189273302
-0.6,1.0467646959920125,4.9,-0.6991897133567754,-0.005355704318512627,0.9687948613362626,1.0051880617733133
-0.6,1.0467646959920125,4.95,-0.6986352451424349,-0.005729725707354743,0.9697905825068324,1.0050650693756722
-0.6,1.0467646959920125,5.0,-0.6980445389014333,-0.006080625416657104,0.9707529720372856,1.0049451317595057
-0.6,1.0467646959920125,5.050000000000001,-0.6974198591634245,-0.006409350914627927,0.9716832249716361,1.0048281705666247
-0.6,1.0467646959920125,5.1000000000000005,-0.6967633772894617,-0.006716818218854249,0.9725824896352498,1.00471410936882
-0.6,1.0467646959920125,5.15,-0.6960771745826316,-0.007003912587861556,0.9734518696352754,1.0046028736342512
-0.6,1.0467646959920125,5.2,-0.6953632453287023,-0.007271489228517258,0.9742924257689054,1.0044943906930708
-0.6,1.0467646959920125,5.25,-0.6946234997654084,-0.007520374015300173,0.9751051778438569,1.0043885897024543
-0.6,1.0467646959920125,5.300000000000001,-0.6938597669793634,-0.00775136421787217,0.9758911064152153,1.0042854016111515
-0.6,1.0467646959920125,5.3500000000000005,-0.6930737977299357,-0.00796522923376759,0.9766511544426596,1.004184759123693
-0.6,1.0467646959920125,5.4,-0.6922672671997211,-0.008162711323361674,0.9773862288718457,1.0040865966643628
-0.6,1.0467646959920125,5.45,-0.6914417776715079,-0.008344526344595945,0.9780972021435879,1.003990850341039
-0.6,1.0467646959920125,5.5,-0.6905988611318804,-0.008511364485226014,0.9787849136342965,1.0038974579089954
-0.6,1.0467646959920125,5.550000000000001,-0.6897399818017992,-0.00866389099062062,0.9794501710309572,1.0038063587347463
-0.6,1.0467646959920125,5.6000000000000005,-0.6888665385947056,-0.008802746885379145,0.9800937516438077,1.003717493760021
-0.6,1.0467646959920125,5.65,-0.6879798675028287,-0.008928549687252303,0.9807164036596813,1.0036308054659142
-0.6,1.0467646959920125,5.7,-0.6870812439125479,-0.009041894112048246,0.9813188473388746,1.003546237837301
-0.6,1.0467646959920125,5.75,-0.6861718848497613,-0.009143352768384893,0.9819017761582518,1.0034637363275472
-0.6,1.0467646959920125,5.800000000000001,-0.6852529511563269,-0.009233476841311806,0.9824658579031438,1.0033832478235833
-0.6,1.0467646959920125,5.8500000000000005,-0.684325549598737,-0.009312796763971279,0.9830117357105159,1.003304720611368
-0.6,1.0467646959920125,5.9,-0.6833907349102486,-0.009381822876601118,0.9835400290657121,1.0032281043417894
-0.6,1.0467646959920125,5.95,-0.6824495117677783,-0.009441046072300976,0.9840513347550178,1.003153349997042
-0.6,1.0467646959920125,6.0,-0.6815028367048953,-0.00949093842909154,0.9845462277761214,1.0030804098574881
-0.6,1.0467646959920125,6.050000000000001,-0.6805516199623135,-0.009531953827893154,0.9850252622085042,1.0030092374690553
-0.6,1.0467646959920125,6.1000000000000005,-0.6795967272773018,-0.009564528556136745,0.985488972045644,1.0029397876111685
-0.6,1.0467646959920125,6.15,-0.6786389816134597,-0.009589081896797948,0.9859378719908528,1.0028720162652451
-0.6,1.0467646959920125,6.2,-0.6776791648323238,-0.00960601670271482,0.9863724582184696,1.0028058805837714
-0.6,1.0467646959920125,6.25,-0.6767180193082826,-0.009615719956111171,0.9867932091020366,1.0027413388599604
-0.6,1.0467646959920125,6.300000000000001,-0.6757562494882801,-0.009618563313302825,0.9872005859110226,1.002678350498012
-0.6,1.0467646959920125,6.3500000000000005,-0.6747945233977873,-0.009614903634612664,0.9875950334775657,1.002616875983974
-0.6,1.0467646959920125,6.4,-0.673833474094519,-0.00960508349956337,0.9879769808346373,1.0025568768572155
-0.6,1.0467646959920125,6.45,-0.6728737010713645,-0.0095894317074547,0.9883468418269704,1.002498315682511
-0.6,1.0467646959920125,6.5,-0.6719157716099835,-0.00956826376346502,0.9887050156960099,1.0024411560227393
-0.6,1.0467646959920125,6.550000000000001,-0.6709602220865102,-0.009541882350445991,0.9890518876401,1.002385362412193
-0.6,1.0467646959920125,6.6000000000000005,-0.670007559230784,-0.009510577786603979,0.9893878293510485,1.0023309003305045
-0.6,1.0467646959920125,6.65,-0.6690582613405098,-0.00947462846928335,0.9897131995281587,1.002277736177176
-0.6,1.0467646959920125,6.7,-0.6681127794517246,-0.00943430130508519,0.9900283443707673,1.002225837246712
-0.6,1.0467646959920125,6.75,-0.6671715384669249,-0.009389852126570312,0.9903335980502708,1.002175171704363
-0.6,1.0467646959920125,6.800000000000001,-0.6662349382421855,-0.00934152609580829,0.9906292831625756,1.0021257085624453
-0.6,1.0467646959920125,6.8500000000000005,-0.6653033546345658,-0.00928955809504495,0.9909157111618623,1.0020774176572624
-0.6,1.0467646959920125,6.9,-0.6643771405110883,-0.009234173104768973,0.9911931827765139,1.0020302696265944
-0.6,1.0467646959920125,6.95,-0.6634566267205213,-0.009175586569465164,0.9914619884080124,1.0019842358877675
-0.6,1.0467646959920125,7.0,-0.6625421230291936,-0.009114004751346494,0.9917224085135625,1.0019392886162781
-0.6,1.0467646959920125,7.050000000000001,-0.661633919022028,-0.009049625072360939,0.9919747139731847,1.001895400724974
-0.6,1.0467646959920125,7.1000000000000005,-0.6607322849699403,-0.008982636444770717,0.9922191664419592,1.0018525458437804
-0.6,1.0467646959920125,7.15,-0.6598374726647461,-0.008913219590602832,0.9924560186880858,1.0018106982999564
-0.6,1.0467646959920125,7.2,-0.6589497162226641,-0.008841547350269511,0.9926855149173865,1.001769833098877
-0.6,1.0467646959920125,7.25,-0.6580692328574855,-0.00876778498065623,0.9929078910848526,1.001729925905332
-0.6,1.0467646959920125,7.300000000000001,-0.6571962236244514,-0.008692090442972875,0.9931233751937981,1.0016909530253213
-0.6,1.0467646959920125,7.3500000000000005,-0.6563308741358432,-0.008614614680661367,0.9933321875831668,1.0016528913883527
-0.6,1.0467646959920125,7.4,-0.6554733552492666,-0.008535501887649576,0.9935345412035071,1.001615718530211
-0.6,1.0467646959920125,7.45,-0.6546238237295839,-0.008454889767237773,0.9937306418821108,1.0015794125762076
-0.6,1.0467646959920125,7.5,-0.6537824228854119,-0.008372909781899654,0.9939206885777717,1.0015439522248863
-0.6,1.0467646959920125,7.550000000000001,-0.6529492831810807,-0.008289687394275264,0.9941048736256287,1.0015093167321816
-0.6,1.0467646959920125,7.6000000000000005,-0.6521245228249295,-0.00820534229962832,0.9942833829724996,1.0014754858960149
-0.6,1.0467646959920125,7.65,-0.6513082483347612,-0.008119988650035253,0.9944563964031268,1.00144244004132
-0.6,1.0467646959920125,7.7,-0.6505005550812926,-0.008033735270567624,0.9946240877577096,1.0014101600054917
-0.6,1.0467646959920125,7.75,-0.6497015278103656,-0.007946685867724304,0.9947866251410995,1.0013786271242318
-0.6,1.0467646959920125,7.800000000000001,-0.6489112411447,-0.007858939230363524,0.9949441711240041,1.0013478232178064
-0.6,1.0467646959920125,7.8500000000000005,-0.6481297600659118,-0.007770589423379594,0.995096882936541,1.0013177305776804
-0.6,1.0467646959920125,7.9,-0.6473571403775219,-0.007681725974362641,0.9952449126544493,1.0012883319535366
-0.6,1.0467646959920125,7.95,-0.646593429149635,-0.0075924340534739305,0.9953884073782863,1.0012596105406575
-0.6,1.0467646959920125,8.0,-0.6458386651459656,-0.007502794646763248,0.9955275094058694,1.0012315499676683
-0.6,1.0467646959920125,8.05,-0.6450928792338455,-0.007412884723148739,0.9956623563982709,1.0012041342846272
-0.6,1.0467646959920125,8.1,-0.6443560947778477,-0.0073227773952736705,0.9957930815396138,1.0011773479514574
-0.6,1.0467646959920125,8.15,-0.6436283280176143,-0.007232542074448317,0.9959198136909223,1.0011511758267035
-0.6,1.0467646959920125,8.200000000000001,-0.6429095884304854,-0.007142244619879634,0.9960426775382797,1.0011256031566165
-0.6,1.0467646959920125,8.25,-0.6421998790794748,-0.0070519474823851165,0.9961617937355127,1.0011006155645417
-0.6,1.0467646959920125,8.3,-0.6414991969471499,-0.0069617098427815945,0.996277279041631,1.00107619904062
-0.6,1.0467646959920125,8.35,-0.6408075332559235,-0.006871587745134009,0.9963892464532301,1.001052339931776
-0.6,1.0467646959920125,8.4,-0.6401248737752762,-0.006781634225043479,0.9964978053320551,1.0010290249319946
-0.6,1.0467646959920125,8.450000000000001,-0.639451199116387,-0.006691899433148515,0.9966030615279312,1.001006241072883
-0.6,1.0467646959920125,8.5,-0.6387864850146486,-0.006602430754007715,0.9967051174972265,1.000983975714491
-0.6,1.0467646959920125,8.55,-0.6381307026005167,-0.006513272920527019,0.9968040724170433,1.0009622165364052
-0.6,1.0467646959920125,8.6,-0.6374838186591331,-0.006424468124089401,0.9969000222952871,1.0009409515290915
-0.6,1.0467646959920125,8.65,-0.6368457958791451,-0.0063360561205396465,0.9969930600767928,1.0009201689854923
-0.6,1.0467646959920125,8.700000000000001,-0.6362165930911274,-0.006248074332172108,0.9970832757456481,1.0008998574928545
-0.6,1.0467646959920125,8.75,-0.635596165495998,-0.006160557945864225,0.997170756423873,1.0008800059248035
-0.6,1.0467646959920125,8.8,-0.6349844648838081,-0.00607354000749407,0.9972555864665834,1.0008606034336347
-0.6,1.0467646959920125,8.85,-0.6343814398432726,-0.005987051512775586,0.9973378475537935,1.000841639442829
-0.6,1.0467646959920125,8.9,-0.6337870359623871,-0.00590112149464028,0.9974176187789685,1.000823103639786
-0.6,1.0467646959920125,8.950000000000001,-0.6332011960204765,-0.005815777107290523,0.9974949767344578,1.0008049859687544
-0.6,1.0467646959920125,9.0,-0.6326238601719998,-0.005731043707044626,0.9975699955939347,1.000787276623978
-0.6,1.0467646959920125,9.05,-0.6320549661224258,-0.005646944930090189,0.9976427471919477,1.0007699660430258
-0.6,1.0467646959920125,9.1,-0.6314944492964812,-0.005563502767258083,0.9977133011006951,1.0007530449003175
-0.6,1.0467646959920125,9.15,-0.6309422429990703,-0.005480737635925486,0.997781724704129,1.0007365041008345
-0.6,1.0467646959920125,9.200000000000001,-0.6303982785691374,-0.005398668449152792,0.9978480832694887,1.0007203347740035
-0.6,1.0467646959920125,9.25,-0.6298624855267572,-0.005317312682155475,0.997912440016363,1.0007045282677631
-0.6,1.0467646959920125,9.3,-0.6293347917136993,-0.005236686436208219,0.9979748561833622,1.0006890761427882
-0.6,1.0467646959920125,9.35,-0.6288151234277325,-0.00515680450007586,0.9980353910925035,1.000673970166888
-0.6,1.0467646959920125,9.4,-0.6283034055509036,-0.005077680409061478,0.9980941022113851,1.0006592023095533
-0.6,1.0467646959920125,9.450000000000001,-0.6277995616720277,-0.004999326501759593,0.9981510452132342,1.0006447647366694
-0.6,1.0467646959920125,9.5,-0.6273035142036123,-0.004921753974598744,0.9982062740349038,1.000630649805362
-0.6,1.0467646959920125,9.55,-0.6268151844934375,-0.004844972934255036,0.998259840932899,1.0006168500590054
-0.6,1.0467646959920125,9.600000000000001,-0.6263344929309959,-0.0047689924480152,0.9983117965374976,1.0006033582223592
-0.6,1.0467646959920125,9.65,-0.6258613590489962,-0.004693820592164983,0.998362189905043,1.0005901671968467
-0.6,1.0467646959920125,9.700000000000001,-0.6253957016201233,-0.004619464498475843,0.9984110685684657,1.0005772700559625
-0.6,1.0467646959920125,9.75,-0.624937438749241,-0.004545930398860536,0.9984584785861071,1.000564660040814
-0.6,1.0467646959920125,9.8,-0.6244864879612219,-0.0044732236682653425,0.9985044645888986,1.0005523305557817
-0.6,1.0467646959920125,9.850000000000001,-0.6240427662845681,-0.004401348865864514,0.9985490698259666,1.0005402751643038
-0.6,1.0467646959920125,9.9,-0.6236061903309973,-0.004330309774620035,0.9985923362086967,1.0005284875847764
-0.6,1.0467646959920125,9.950000000000001,-0.6231766763711529,-0.00426010943926738,0.9986343043533462,1.0005169616865672
-0.6,1.0467646959920125,10.0,-0.6227541404065902,-0.004190750202786144,0.9986750136222236,1.0005056914861445
-0.6,1.0467646959920125,10.05,-0.6223384982381909,-0.004122233741411802,0.9987145021635073,1.000494671143308
-0.6,1.0467646959920125,10.100000000000001,-0.6219296655311425,-0.004054561098243107,0.9987528069497399,1.0004838949575225
-0.6,1.0467646959920125,10.15,-0.6215275578766322,-0.003987732715497748,0.9987899638150526,1.0004733573643616
-0.6,1.0467646959920125,10.200000000000001,-0.6211320908503747,-0.003921748465466519,0.9988260074911602,1.0004630529320369
-0.6,1.0467646959920125,10.25,-0.6207431800681089,-0.0038566076802151036,0.9988609716421711,1.0004529763580345
-0.6,1.0467646959920125,10.3,-0.6203607412381873,-0.0037923091800800284,0.9988948888982486,1.0004431224658334
-0.6,1.0467646959920125,10.350000000000001,-0.6199846902113726,-0.003728851301004306,0.998927790888176,1.0004334862017217
-0.6,1.0467646959920125,10.4,-0.6196149430279555,-0.0036662319207562155,0.998959708270847,1.0004240626316951
-0.6,1.0467646959920125,10.450000000000001,-0.6192514159623081,-0.003604448484073172,0.998990670765736,1.000414846938442
-0.6,1.0467646959920125,10.5,-0.6188940255649714,-0.003543498026771285,0.999020707182366,1.0004058344184052
-0.6,1.0467646959920125,10.55,-0.6185426887023856,-0.003483377198859377,0.999049845448825,1.0003970204789339
-0.6,1.0467646959920125,10.600000000000001,-0.6181973225943526,-0.0034240822866952,0.9990781126393508,1.0003884006355026
-0.6,1.0467646959920125,10.65,-0.6178578448493338,-0.003365609234219864,0.9991055350010228,1.00037997050901
-0.6,1.0467646959920125,10.700000000000001,-0.6175241734976669,-0.0033079536633054004,0.9991321379795919,1.00037172582315
-0.6,1.0467646959920125,10.75,-0.6171962270227902,-0.003251110893249018,0.9991579462444722,1.000363662401851
-0.6,1.0467646959920125,10.8,-0.6168739243905599,-0.0031950759594463404,0.9991829837129294,1.0003557761667903
-0.6,1.0467646959920125,10.850000000000001,-0.6165571850767404,-0.003139843631274827,0.9992072735734905,1.000348063134965
-0.6,1.0467646959920125,10.9,-0.6162459290927432,-0.0030854084292173518,0.9992308383085957,1.0003405194163373
-0.6,1.0467646959920125,10.950000000000001,-0.6159400770096902,-0.0030317646412548,0.9992536997165314,1.000333141211538
-0.6,1.0467646959920125,11.0,-0.6156395499808733,-0.0029789063385556288,0.9992758789326551,1.0003259248096297
-0.6,1.0467646959920125,11.05,-0.6153442697626823,-0.002926827390489051,0.9992973964499429,1.0003188665859342
-0.6,1.0467646959920125,11.100000000000001,-0.6150541587340571,-0.0028755214789878414,0.9993182721388785,1.0003119629999122
-0.6,1.0467646959920125,11.15,-0.6147691399145421,-0.0028249821122855166,0.9993385252667115,1.0003052105931007
-0.6,1.0467646959920125,11.200000000000001,-0.6144891369809936,-0.002775202638051817,0.9993581745161007,1.0002986059871102
-0.6,1.0467646959920125,11.25,-0.6142140742830031,-0.0027261762559498185,0.9993772380031636,1.000292145881662
-0.6,1.0467646959920125,11.3,-0.6139438768570948,-0.002677896029636545,0.9993957332949546,1.000285827052691
-0.6,1.0467646959920125,11.350000000000001,-0.6136784704397473,-0.0026303548982287844,0.9994136774263886,1.0002796463504902
-0.6,1.0467646959920125,11.4,-0.6134177814792943,-0.002583545687254586,0.999431086916626,1.0002736006979018
-0.6,1.0467646959920125,11.450000000000001,-0.6131617371467603,-0.0025374611191103552,0.9994479777849438,1.0002676870885632
-0.6,1.0467646959920125,11.5,-0.6129102653456677,-0.0024920938230426075,0.9994643655661062,1.0002619025851938
-0.6,1.0467646959920125,11.55,-0.6126632947208728,-0.0024474363446729337,0.9994802653252419,1.0002562443179226
-0.6,1.0467646959920125,11.600000000000001,-0.6124207546664706,-0.002403481155083758,0.9994956916722646,1.0002507094826678
-0.6,1.0467646959920125,11.65,-0.6121825753328116,-0.0023602206594821344,0.9995106587758316,1.000245295339552
-0.6,1.0467646959920125,11.700000000000001,-0.6119486876326727,-0.0023176472054578876,0.9995251803768664,1.0002399992113584
-0.6,1.0467646959920125,11.75,-0.6117190232466236,-0.002275753090852131,0.9995392698016606,1.00023481848203
-0.6,1.0467646959920125,11.8,-0.6114935146276232,-0.0022345305712512063,0.9995529399745569,1.0002297505952042
-0.6,1.0467646959920125,11.850000000000001,-0.6112720950048852,-0.0021939718671209786,0.9995662034302446,1.0002247930527877
-0.6,1.0467646959920125,11.9,-0.6110546983870473,-0.0021540691705954225,0.9995790723256628,1.0002199434135635
-0.6,1.0467646959920125,11.950000000000001,-0.6108412595646814,-0.0021148146519333264,0.9995915584515379,1.0002151992918376
-0.6,1.0467646959920125,12.0,-0.6106317141121678,-0.0020762004656561008,0.9996036732435555,1.0002105583561198
-0.6,1.0467646959920125,12.05,-0.6104259983889784,-0.002038218756379416,0.9996154277931907,1.000206018327834
-0.6,1.0467646959920125,12.100000000000001,-0.6102240495403859,-0.0020008616643508044,0.9996268328581959,1.0002015769800663
-0.6,1.0467646959920125,12.15,-0.6100258054976364,-0.0019641213307049744,0.9996378988727641,1.0001972321363406
-0.6,1.0467646959920125,12.200000000000001,-0.6098312049776089,-0.001927989902448097,0.9996486359573774,1.0001929816694277
-0.6,1.0467646959920125,12.25,-0.6096401874819899,-0.0018924595371819723,0.9996590539283501,1.0001888235001837
-0.6,1.0467646959920125,12.3,-0.6094526932959888,-0.001857522407578493,0.9996691623070736,1.0001847555964152
-0.6,1.0467646959920125,12.350000000000001,-0.6092686634866159,-0.0018231707056145538,0.9996789703289772,1.0001807759717782
-0.6,1.0467646959920125,12.4,-0.6090880399005512,-0.0017893966465770193,0.9996884869522118,1.0001768826846984
-0.6,1.0467646959920125,12.450000000000001,-0.6089107651616209,-0.0017561924728471557,0.9996977208660633,1.0001730738373233
-0.6,1.0467646959920125,12.5,-0.6087367826679096,-0.0017235504574735251,0.9997066804991069,1.0001693475744966
-0.6,1.0467646959920125,12.55,-0.6085660365885212,-0.001691462907541936,0.9997153740271122,1.0001657020827615
-0.6,1.0467646959920125,12.600000000000001,-0.6083984718600168,-0.001659922167350863,0.9997238093807005,1.0001621355893873
-0.6,1.0467646959920125,12.65,-0.6082340341825415,-0.0016289206214003492,0.9997319942527697,1.0001586463614172
-0.6,1.0467646959920125,12.700000000000001,-0.6080726700156619,-0.001598450697201972,0.9997399361056869,1.0001552327047454
-0.6,1.0467646959920125,12.75,-0.607914326573933,-0.0015685048679176198,0.9997476421782666,1.0001518929632118
-0.6,1.0467646959920125,12.8,-0.6077589518222064,-0.0015390756548338737,0.9997551194925248,1.0001486255177212
-0.6,1.0467646959920125,12.850000000000001,-0.6076064944707029,-0.001510155629679165,0.9997623748602353,1.0001454287853864
-0.6,1.0467646959920125,12.9,-0.607456903969857,-0.0014817374167901663,0.999769414889278,1.000142301218685
-0.6,1.0467646959920125,12.950000000000001,-0.6073101305049539,-0.0014538136951339267,0.9997762459897972,1.0001392413046455
-0.6,1.0467646959920125,13.0,-0.6071661249905728,-0.0014263772001917433,0.9997828743801683,1.0001362475640485
-0.6,1.0467646959920125,13.05,-0.6070248390648446,-0.0013994207257108564,0.9997893060927823,1.000133318550647
-0.6,1.0467646959920125,13.100000000000001,-0.6068862250835444,-0.0013729371253295196,0.9997955469796562,1.0001304528504082
-0.6,1.0467646959920125,13.15,-0.6067502361140261,-0.001346919314080932,0.9998016027178647,1.0001276490807705
-0.6,1.0467646959920125,13.200000000000001,-0.6066168259290128,-0.0013213602697814096,0.9998074788148186,1.000124905889923
-0.6,1.0467646959920125,13.25,-0.6064859490002529,-0.0012962530343077023,0.9998131806133684,1.0001222219560966
-0.6,1.0467646959920125,13.3,-0.606357560492055,-0.00127159071476848,0.9998187132967596,1.0001195959868792
-0.6,1.0467646959920125,13.350000000000001,-0.6062316162547104,-0.0012473664845745506,0.9998240818934381,1.0001170267185386
-0.6,1.0467646959920125,13.4,-0.6061080728178144,-0.0012235735844124095,0.9998292912817034,1.000114512915372
-0.6,1.0467646959920125,13.450000000000001,-0.6059868873834922,-0.0012002053231254203,0.9998343461942275,1.0001120533690608
-0.6,1.0467646959920125,13.5,-0.6058680178195429,-0.0011772550785068181,0.9998392512224268,1.000109646898049
-0.6,1.0467646959920125,13.55,-0.6057514226525108,-0.001154716298008521,0.9998440108207128,1.0001072923469323
-0.6,1.0467646959920125,13.600000000000001,-0.605637061060685,-0.0011325824993696353,0.9998486293106035,1.000104988585862
-0.6,1.0467646959920125,13.65,-0.6055248928670433,-0.0011108472711683626,0.9998531108847156,1.0001027345099656
-0.6,1.0467646959920125,13.700000000000001,-0.6054148785321435,-0.001089504273300861,0.9998574596106328,1.0001005290387768
-0.6,1.0467646959920125,13.75,-0.6053069791469708,-0.0010685472373905094,0.999861679434658,1.000098371115684
-0.6,1.0467646959920125,13.8,-0.6052011564257478,-0.0010479699671308627,0.9998657741854523,1.0000962597073881
-0.6,1.0467646959920125,13.850000000000001,-0.605097372698712,-0.001027766338565469,0.9998697475775618,1.0000941938033758
-0.6,1.0467646959920125,13.9,-0.6049955909048698,-0.0010079303003076004,0.999873603214841,1.000092172415403
-0.6,1.0467646959920125,13.950000000000001,-0.6048957745847316,-0.000988455873702812,0.9998773445937661,1.0000901945769909
-0.6,1.0467646959920125,14.0,-0.6047978878730307,-0.0009693371529371767,0.9998809751066565,1.0000882593429377
-0.6,1.0467646959920125,14.05,-0.6047018954914392,-0.0009505683050938395,0.9998844980447931,1.0000863657888346
-0.6,1.0467646959920125,14.100000000000001,-0.6046077627412741,-0.0009321435701605685,0.9998879166014422,1.0000845130106002
-0.6,1.0467646959920125,14.15,-0.6045154554962104,-0.0009140572609907093,0.9998912338747922,1.0000827001240211
-0.6,1.0467646959920125,14.200000000000001,-0.6044249401949979,-0.0008963037632200159,0.9998944528707986,1.0000809262643067
-0.6,1.0467646959920125,14.25,-0.6043361838341893,-0.0008788775351416107,0.9998975765059405,1.0000791905856508
-0.6,1.0467646959920125,14.3,-0.6042491539608805,-0.0008617731075413188,0.9999006076099031,1.0000774922608058
-0.6,1.0467646959920125,14.350000000000001,-0.6041638186654739,-0.0008449850834954454,0.9999035489281678,1.0000758304806692
-0.6,1.0467646959920125,14.4,-0.6040801465744589,-0.0008285081381330934,0.9999064031245306,1.000074204453872
-0.6,1.0467646959920125,14.450000000000001,-0.6039981068432203,-0.0008123370183649662,0.9999091727835476,1.0000726134063849
-0.6,1.0467646959920125,14.5,-0.6039176691488761,-0.0007964665425804545,0.9999118604128976,1.000071056581131
-0.6,1.0467646959920125,14.55,-0.6038388036831436,-0.0007808916003149393,0.9999144684456833,1.0000695332376046
-0.6,1.0467646959920125,14.600000000000001,-0.603761481145246,-0.0007656071518888983,0.9999169992426549,1.0000680426514998
-0.6,1.0467646959920125,14.65,-0.6036856727348497,-0.000750608228020613,0.9999194550943737,1.0000665841143541
-0.6,1.0467646959920125,14.700000000000001,-0.6036113501450469,-0.000735889929413912,0.9999218382233065,1.00006515693319
-0.6,1.0467646959920125,14.75,-0.6035384855553787,-0.0007214474263226232,0.9999241507858581,1.0000637604301732
-0.6,1.0467646959920125,14.8,-0.6034670516249009,-0.0007072759580930932,0.9999263948743434,1.0000623939422717
-0.6,1.0467646959920125,14.850000000000001,-0.6033970214853006,-0.0006933708326861743,0.9999285725188987,1.0000610568209312
-0.6,1.0467646959920125,14.9,-0.6033283687340588,-0.0006797274261801246,0.9999306856893375,1.0000597484317493
-0.6,1.0467646959920125,14.950000000000001,-0.603261067427664,-0.0006663411822555679,0.9999327362969491,1.0000584681541629
-0.6,1.0467646959920125,15.0,-0.6031950920748778,-0.0006532076116638362,0.9999347261962435,1.000057215381141
-0.6,1.0467646959920125,15.05,-0.6031304176300563,-0.0006403222916798335,0.9999366571866454,1.0000559895188827
-0.6,1.0467646959920125,15.100000000000001,-0.6030670194865252,-0.0006276808655405844,0.9999385310141338,1.0000547899865269
-0.6,1.0467646959920125,15.15,-0.603004873470012,-0.0006152790418704792,0.9999403493728387,1.0000536162158622
-0.6,1.0467646959920125,15.200000000000001,-0.6029439558321362,-0.000603112594094336,0.9999421139065809,1.0000524676510496
-0.6,1.0467646959920125,15.25,-0.6028842432439608,-0.000591177359839201,0.999943826210376,1.0000513437483476
-0.6,1.0467646959920125,15.3,-0.6028257127895995,-0.0005794692403258602,0.9999454878318849,1.0000502439758436
-0.6,1.0467646959920125,15.350000000000001,-0.6027683419598918,-0.000567984199750963,0.999947100272826,1.000049167813195
-0.6,1.0467646959920125,15.4,-0.6027121086461327,-0.0005567182646606228,0.99994866499034,1.0000481147513713
-0.6,1.0467646959920125,15.450000000000001,-0.6026569911338724,-0.0005456675233163105,0.9999501833983213,1.000047084292406
-0.6,1.0467646959920125,15.5,-0.6026029680967754,-0.0005348281250538411,0.9999516568687029,1.0000460759491514
-0.6,1.0467646959920125,15.55,-0.6025500185905465,-0.0005241962796361942,0.9999530867327064,1.0000450892450412
-0.6,1.0467646959920125,15.600000000000001,-0.6024981220469188,-0.0005137682566009015,0.9999544742820525,1.0000441237138569
-0.6,1.0467646959920125,15.65,-0.6024472582677106,-0.0005035403846026658,0.9999558207701369,1.000043178899499
-0.6,1.0467646959920125,15.700000000000001,-0.6023974074189467,-0.0004935090507518891,0.9999571274131699,1.0000422543557665
-0.6,1.0467646959920125,15.75,-0.6023485500250452,-0.0004836706999497096,0.9999583953912835,1.0000413496461367
-0.6,1.0467646959920125,15.8,-0.6023006669630724,-0.0004740218342201583,0.9999596258496055,1.000040464343555
-0.6,1.0467646959920125,15.850000000000001,-0.6022537394570641,-0.00046455901203999625,0.9999608198992957,1.000039598030224
-0.6,1.0467646959920125,15.9,-0.6022077490724138,-0.0004552788476667665,0.9999619786185613,1.000038750297403
-0.6,1.0467646959920125,15.950000000000001,-0.6021626777103272,-0.00044617801046555186,0.9999631030536347,1.0000379207452075
-0.6,1.0467646959920125,16.0,-0.602118507602347,-0.0004372532242350046,0.999964194219722,1.0000371089824147
-0.6,1.0467646959920125,16.05,-0.6020752213049428,-0.00042850126653300397,0.9999652531019293,1.000036314626276
-0.6,1.0467646959920125,16.1,-0.6020328016941676,-0.0004199189680024349,0.9999662806561527,1.0000355373023282
-0.6,1.0467646959920125,16.150000000000002,-0.6019912319603841,-0.0004115032116975464,0.999967277809949,1.000034776644214
-0.6,1.0467646959920125,16.2,-0.6019504956030577,-0.0004032509324111827,0.9999682454633789,1.0000340322935033
-0.6,1.0467646959920125,16.25,-0.6019105764256144,-0.00039515911600338454,0.9999691844898194,1.0000333038995208
-0.6,1.0467646959920125,16.3,-0.6018714585303697,-0.0003872247987315772,0.9999700957367613,1.0000325911191768
-0.6,1.0467646959920125,16.35,-0.601833126313521,-0.0003794450665828359,0.9999709800265757,1.0000318936167985
-0.6,1.0467646959920125,16.400000000000002,-0.6017955644602079,-0.00037181705460840984,0.9999718381572591,1.0000312110639715
-0.6,1.0467646959920125,16.45,-0.6017587579396402,-0.00036433794626092455,0.9999726709031604,1.0000305431393797
-0.6,1.0467646959920125,16.5,-0.6017226920002893,-0.0003570049727344002,0.9999734790156805,1.0000298895286492
-0.6,1.0467646959920125,16.55,-0.6016873521651473,-0.0003498154123075323,0.9999742632239528,1.0000292499241985
-0.6,1.0467646959920125,16.6,-0.6016527242270518,-0.0003427665896903434,0.9999750242355084,1.0000286240250895
-0.6,1.0467646959920125,16.650000000000002,-0.601618794244075,-0.0003358558753744949,0.9999757627369122,1.0000280115368827
-0.6,1.0467646959920125,16.7,-0.6015855485349776,-0.00032908068498752166,0.9999764793943893,1.0000274121714956
-0.6,1.0467646959920125,16.75,-0.6015529736747278,-0.00032243847865110164,0.9999771748544268,1.0000268256470644
-0.6,1.0467646959920125,16.8,-0.6015210564900836,-0.00031592676034367605,0.9999778497443592,1.0000262516878073
-0.6,1.0467646959920125,16.85,-0.6014897840552387,-0.0003095430772675153,0.9999785046729389,1.000025690023895
-0.6,1.0467646959920125,16.900000000000002,-0.6014591436875308,-0.0003032850192203974,0.9999791402308837,1.0000251403913178
-0.6,1.0467646959920125,16.95,-0.6014291229432154,-0.0002971502179721692,0.9999797569914165,1.0000246025317598
-0.6,1.0467646959920125,17.0,-0.6013997096132981,-0.0002911363466462022,0.9999803555107808,1.0000240761924775
-0.6,1.0467646959920125,17.05,-0.6013708917194293,-0.0002852411191059628,0.9999809363287455,1.0000235611261743
-0.6,1.0467646959920125,17.1,-0.6013426575098624,-0.000279462289346803,0.9999814999690939,1.0000230570908875
-0.6,1.0467646959920125,17.150000000000002,-0.6013149954554687,-0.000273797650893099,0.9999820469400981,1.000022563849866
-0.6,1.0467646959920125,17.2,-0.601287894245817,-0.0002682450362008318,0.9999825777349779,1.0000220811714644
-0.6,1.0467646959920125,17.25,-0.6012613427853081,-0.00026280231606572966,0.9999830928323472,1.000021608829025
-0.6,1.0467646959920125,17.3,-0.6012353301893701,-0.0002574673990370399,0.9999835926966486,1.0000211466007738
-0.6,1.0467646959920125,17.35,-0.6012098457807141,-0.0002522382308370467,0.9999840777785726,1.0000206942697147
-0.6,1.0467646959920125,17.400000000000002,-0.601184879085643,-0.000247112793786372,0.9999845485154648,1.0000202516235237
-0.6,1.0467646959920125,17.45,-0.6011604198304231,-0.00024208910623516817,0.9999850053317221,1.0000198184544482
-0.6,1.0467646959920125,17.5,-0.6011364579377056,-0.0002371652220002291,0.9999854486391776,1.0000193945592082
-0.6,1.0467646959920125,17.55,-0.6011129835230126,-0.00023233922980810207,0.9999858788374713,1.0000189797389007
-0.6,1.0467646959920125,17.6,-0.6010899868912684,-0.0002276092527442263,0.9999862963144112,1.0000185737989018
-0.6,1.0467646959920125,17.650000000000002,-0.601067458533396,-0.00022297344770815623,0.999986701446327,1.0000181765487768
-0.6,1.0467646959920125,17.7,-0.6010453891229585,-0.0002184300048749002,0.9999870945984057,1.0000177878021874
-0.6,1.0467646959920125,17.75,-0.6010237695128615,-0.0002139771471623976,0.9999874761250278,1.0000174073768058
-0.6,1.0467646959920125,17.8,-0.6010025907321019,-0.00020961312970517977,0.9999878463700813,1.0000170350942243
-0.6,1.0467646959920125,17.85,-0.6009818439825758,-0.00020533623933420426,0.999988205667276,1.0000166707798728
-0.6,1.0467646959920125,17.900000000000002,-0.600961520635932,-0.00020114479406291137,0.9999885543404452,1.0000163142629357
-0.6,1.0467646959920125,17.95,-0.6009416122304799,-0.0001970371425794925,0.9999888927038376,1.000015965376269
-0.6,1.0467646959920125,18.0,-0.6009221104681478,-0.0001930116637453629,0.999989221062401,1.0000156239563236
-0.6,1.0467646959920125,18.05,-0.6009030072114898,-0.00018906676609989294,0.999989539712058,1.000015289843065
-0.6,1.0467646959920125,18.1,-0.6008842944807421,-0.00018520088737133993,0.9999898489399733,1.000014962879899
-0.6,1.0467646959920125,18.150000000000002,-0.60086596445093,-0.00018141249399397912,0.9999901490248146,1.0000146429135968
-0.6,1.0467646959920125,18.2,-0.6008480094490186,-0.0001777000806314968,0.9999904402370022,1.000014329794222
-0.6,1.0467646959920125,18.25,-0.6008304219511156,-0.0001740621697065147,0.999990722838953,1.000014023375059
-0.6,1.0467646959920125,18.3,-0.6008131945797173,-0.00017049731093633492,0.9999909970853212,1.0000137235125455
-0.6,1.0467646959920125,18.35,-0.6007963201010039,-0.00016700408087482496,0.9999912632232237,1.0000134300662036
-0.6,1.0467646959920125,18.400000000000002,-0.6007797914221756,-0.00016358108246045282,0.999991521492466,1.0000131428985701
-0.6,1.0467646959920125,18.45,-0.6007636015888396,-0.00016022694457041504,0.9999917721257576,1.000012861875137
-0.6,1.0467646959920125,18.5,-0.6007477437824359,-0.00015694032158088106,0.9999920153489233,1.0000125868642824
-0.6,1.0467646959920125,18.55,-0.60073221131771,-0.00015371989293324064,0.9999922513811053,1.0000123177372129
-0.6,1.0467646959920125,18.6,-0.6007169976402283,-0.0001505643627064427,0.9999924804349641,1.0000120543678983
-0.6,1.0467646959920125,18.650000000000002,-0.6007020963239353,-0.0001474724591952825,0.9999927027168649,1.0000117966330155
-0.6,1.0467646959920125,18.7,-0.6006875010687517,-0.00014444293449461973,0.9999929184270712,1.0000115444118878
-0.6,1.0467646959920125,18.75,-0.6006732056982159,-0.0001414745640895772,0.9999931277599203,1.0000112975864293
-0.6,1.0467646959920125,18.8,-0.6006592041571661,-0.00013856614645154703,0.9999933309039993,1.0000110560410878
-0.6,1.0467646959920125,18.85,-0.6006454905094598,-0.00013571650264009445,0.9999935280423177,1.000010819662792
-0.6,1.0467646959920125,18.900000000000002,-0.6006320589357352,-0.00013292447591058563,0.9999937193524701,1.0000105883408954
-0.6,1.0467646959920125,18.95,-0.6006189037312121,-0.00013018893132759831,0.9999939050067974,1.0000103619671268
-0.6,1.0467646959920125,19.0,-0.6006060193035287,-0.00012750875538406018,0.9999940851725433,1.000010140435538
-0.6,1.0467646959920125,19.05,-0.6005934001706188,-0.00012488285562596506,0.9999942600120044,1.0000099236424524
-0.6,1.0467646959920125,19.1,-0.600581040958623,-0.00012231016028276112,0.9999944296826744,1.0000097114864184
-0.6,1.0467646959920125,19.150000000000002,-0.6005689363998413,-0.00011978961790327847,0.9999945943373905,1.0000095038681607
-0.6,1.0467646959920125,19.200000000000003,-0.6005570813307173,-0.0001173201969971214,0.9999947541244689,1.000009300690534
-0.6,1.0467646959920125,19.25,-0.6005454706898602,-0.00011490088568159211,0.999994909187837,1.000009101858473
-0.6,1.0467646959920125,19.3,-0.6005340995161014,-0.00011253069133391008,0.9999950596671673,1.000008907278954
-0.6,1.0467646959920125,19.35,-0.6005229629465861,-0.00011020864024889494,0.9999952056979998,1.0000087168609484
-0.6,1.0467646959920125,19.400000000000002,-0.6005120562148987,-0.00010793377730184974,0.9999953474118661,1.0000085305153785
-0.6,1.0467646959920125,19.450000000000003,-0.6005013746492192,-0.00010570516561674622,0.9999954849364072,1.000008348155074
-0.6,1.0467646959920125,19.5,-0.6004909136705182,-0.00010352188623955532,0.9999956183954883,1.0000081696947378
-0.6,1.0467646959920125,19.55,-0.6004806687907782,-0.00010138303781674014,0.9999957479093134,1.0000079950508984
-0.6,1.0467646959920125,19.6,-0.6004706356112499,-9.928773627879539e-05,0.9999958735945291,1.0000078241418742
-0.6,1.0467646959920125,19.650000000000002,-0.6004608098207402,-9.72351145288353e-05,0.999995995564333,1.0000076568877352
-0.6,1.0467646959920125,19.700000000000003,-0.6004511871939296,-9.52243221361087e-05,0.9999961139285747,1.0000074932102634
-0.6,1.0467646959920125,19.75,-0.6004417635897203,-9.32545250344517e-05,0.9999962287938563,1.0000073330329173
-0.6,1.0467646959920125,19.8,-0.6004325349496167,-9.132490522557448e-05,0.9999963402636252,1.0000071762807967
-0.6,1.0467646959920125,19.85,-0.6004234972961304,-8.943466048713442e-05,0.9999964484382716,1.000007022880605
-0.6,1.0467646959920125,19.900000000000002,-0.6004146467312196,-8.758300408555883e-05,0.9999965534152159,1.0000068727606182
-0.6,1.0467646959920125,19.950000000000003,-0.6004059794347517,-8.576916449352981e-05,0.9999966552889972,1.0000067258506464
-0.6,1.0467646959920125,20.0,-0.600397491662999,-8.399238511209788e-05,0.9999967541513595,1.000006582082006
-0.6,1.0467646959920125,20.1,-0.6003810400919009,-8.054705359160972e-05,0.999996943195317,1.0000063037013056
-0.6,1.0467646959920125,20.28615468146082,-0.6003521916584525,-7.450077504595631e-05,0.9999972662736776,1.0000058164689702
-0.6,1.0467646959920125,20.47403342090323,-0.6003252722727503,-6.885312844592985e-05,0.9999975577310904,1.0000053629095775
-0.6,1.0467646959920125,20.663652185564246,-0.600300173150807,-6.35822180623397e-05,0.999997820389721,1.0000049410103706
-0.6,1.0467646959920125,20.855027090560313,-0.6002767901778894,-5.866703052701104e-05,0.9999980568473695,1.0000045488563736
-0.6,1.0467646959920125,21.04817440025684,-0.6002550238055938,-5.408742104939161e-05,0.9999982694927376,1.0000041846270888
-0.6,1.0467646959920125,21.243110529650455,-0.6002347789448478,-4.9824098316229035e-05,0.9999984605198756,1.00000384659322
-0.6,1.0467646959920125,21.439852045764102,-0.6002159648553254,-4.5858608192129024e-05,0.9999986319418406,1.00000353311343
-0.6,1.0467646959920125,21.638415669054964,-0.6001984950317532,-4.217331633678968e-05,0.9999987856035856,1.0000032426311347
-0.6,1.0467646959920125,21.83881827483555,-0.6001822870875728,-3.8751389852271886e-05,0.9999989231941159,1.0000029736713432
-0.6,1.0467646959920125,22.04107689470784,-0.6001672626364029,-3.557677807082985e-05,0.9999990462579298,1.0000027248375338
-0.6,1.0467646959920125,22.245208718010712,-0.6001533471717415,-3.2634192590852106e-05,0.9999991562057863,1.0000024948085924
-0.6,1.0467646959920125,22.4512310932809,-0.6001404699453252,-2.9909086665179723e-05,0.999999254324807,1.0000022823357886
-0.6,1.0467646959920125,22.659161529727328,-0.6001285638445416,-2.7387634042441993e-05,0.9999993417879602,1.0000020862398187
-0.6,1.0467646959920125,22.86901769871915,-0.6001175652692894,-2.50567073583847e-05,0.999999419662938,1.0000019054078988
-0.6,1.0467646959920125,23.080817435287667,-0.6001074140086388,-2.2903856170207197e-05,0.9999994889204646,1.000001738790924
-0.6,1.0467646959920125,23.294578739641963,-0.6000980531176524,-2.0917284722781152e-05,0.9999995504420579,1.0000015854006856
-0.6,1.0467646959920125,23.510319778698783,-0.6000894287946865,-1.908582953145441e-05,0.9999996050272685,1.0000014443071583
-0.6,1.0467646959920125,23.72805888762644,-0.6000814902594837,-1.739893686176251e-05,0.999999653400429,1.000001314635852
-0.6,1.0467646959920125,23.947814571403043,-0.6000741896323458,-1.5846640181945555e-05,0.9999996962169299,1.0000011955652295
-0.6,1.0467646959920125,24.169605506389228,-0.6000674818146606,-1.4419537659695684e-05,0.9999997340690555,1.000001086324203
-0.6,1.0467646959920125,24.39345054191539,-0.6000613243710241,-1.3108769769989577e-05,0.9999997674913955,1.0000009861896908
-0.6,1.0467646959920125,24.619368701883577,-0.6000556774131963,-1.1905997076407104e-05,0.9999997969658632,1.000000894484254
-0.6,1.0467646959920125,24.847379186384366,-0.6000505034860981,-1.0803378243662677e-05,0.9999998229263387,1.000000810573804
-0.6,1.0467646959920125,25.077501373328523,-0.6000457674560414,-9.793548334721627e-06,0.9999998457629586,1.0000007338653836
-0.6,1.0467646959920125,25.30975482009396,-0.6000414364013599,-8.869597441253587e-06,0.9999998658260768,1.0000006638050212
-0.6,1.0467646959920125,25.544159265187808,-0.6000374795056074,-8.02504969191899e-06,0.9999998834299142,1.000000599875662
-0.6,1.0467646959920125,25.780734629923902,-0.6000338679534415,-7.253842678565484e-06,0.999999898855917,1.000000541595167
-0.6,1.0467646959920125,26.019501020115914,-0.6000305748293288,-6.550307336215924e-06,0.9999999123558426,1.0000004885143952
-0.6,1.0467646959920125,26.260478727786037,-0.600027575019157,-5.909148308666091e-06,0.9999999241545916,1.0000004402153502
-0.6,1.0467646959920125,26.503688232889502,-0.6000248451148503,-5.325424827450746e-06,0.9999999344528054,1.0000003963094055
-0.6,1.0467646959920125,26.74915020505521,-0.6000223633220484,-4.794532128151861e-06,0.9999999434292385,1.0000003564355966
-0.6,1.0467646959920125,26.99688550534226,-0.6000201093709093,-4.31218342429215e-06,0.9999999512429296,1.0000003202589927
-0.6,1.0467646959920125,27.246915188012967,-0.6000180644300666,-3.874392455516833e-06,0.9999999580351807,1.0000002874691283
-0.6,1.0467646959920125,27.499260502322162,-0.6000162110237776,-3.4774566233946403e-06,0.9999999639313618,1.0000002577785123
-0.6,1.0467646959920125,27.753942894323053,-0.6000145329522649,-3.1179407249427495e-06,0.9999999690425505,1.0000002309212006
-0.6,1.0467646959920125,28.010984008689945,-0.6000130152152532,-2.7926612909955605e-06,0.9999999734670224,1.000000206651436
-0.6,1.0467646959920125,28.270405690557713,-0.6000116439386969,-2.498671533546242e-06,0.999999977291601,1.000000184742353
-0.6,1.0467646959920125,28.532229987378305,-0.6000104063046693,-2.2332469037704574e-06,0.9999999805928838,1.000000164984747
-0.6,1.0467646959920125,28.79647915079459,-0.6000092904843831,-1.993871259602864e-06,0.999999983438349,1.0000001471859055
-0.6,1.0467646959920125,29.063175638531384,-0.600008285574307,-1.7782236397838825e-06,0.9999999858873505,1.000000131168495
-0.6,1.0467646959920125,29.332342116304055,-0.6000073815353213,-1.5841656388881317e-06,0.9999999879920225,1.0000001167695156
-0.6,1.0467646959920125,29.604001459744886,-0.6000065691348628,-1.4097293760679721e-06,0.9999999897980871,1.0000001038393005
-0.6,1.0467646959920125,29.8781767563471,-0.6000058398919964,-1.2531060484165696e-06,0.9999999913455846,1.0000000922405807
-0.6,1.0467646959920125,30.154891307427096,-0.6000051860253359,-1.1126350582574276e-06,0.9999999926695239,1.0000000818475963
-0.6,1.0467646959920125,30.43416863010471,-0.6000046004037543,-9.867937022657814e-07,0.999999993800469,1.0000000725452594
-0.6,1.0467646959920125,30.716032459301825,-0.600004076499793,-8.741874090634466e-07,0.9999999947650625,1.00000006422837
-0.6,1.0467646959920125,31.00050674975963,-0.6000036083456918,-7.735405108146712e-07,0.9999999955864923,1.000000056800875
-0.6,1.0467646959920125,31.287615678074335,-0.6000031904919566,-6.836875334561518e-07,0.9999999962849059,1.0000000501751714
-0.6,1.0467646959920125,31.577383644751972,-0.6000028179683764,-6.035649893039421e-07,0.9999999968777852,1.0000000442714605
-0.6,1.0467646959920125,31.869835276282085,-0.6000024862473919,-5.322036552450825e-07,0.9999999973802705,1.0000000390171326
-0.6,1.0467646959920125,32.16499542723059,-0.6000021912097394,-4.6872131906271326e-07,0.9999999978054561,1.0000000343462012
-0.6,1.0467646959920125,32.462889182352235,-0.6000019291122611,-4.1231597622564893e-07,0.9999999981646464,1.0000000301987666
-0.6,1.0467646959920125,32.763541858722334,-0.600001696557801,-3.622594589169537e-07,0.9999999984675847,1.0000000265205242
-0.6,1.0467646959920125,33.06697900788844,-0.6000014904670905,-3.1789147923159947e-07,0.9999999987226572,1.0000000232622974
-0.6,1.0467646959920125,33.373226418041924,-0.6000013080525248,-2.786140681329278e-07,0.9999999989370664,1.0000000203796096
-0.6,1.0467646959920125,33.68231011620963,-0.6000011467937526,-2.4388639191895455e-07,0.9999999991169897,1.0000000178322848
-0.6,1.0467646959920125,33.99425637046573,-0.6000010044149725,-2.1321992804661082e-07,0.9999999992677159,1.000000015584077
-0.6,1.0467646959920125,34.30909169216431,-0.60000087886386,-1.8617398226902433e-07,0.999999999393765,1.0000000136023248
-0.6,1.0467646959920125,34.62684283819243,-0.6000007682920317,-1.6235152943294015e-07,0.9999999994989943,1.0000000118576369
-0.6,1.0467646959920125,34.94753681324406,-0.600000671036962,-1.4139536045718157e-07,0.9999999995866888,1.000000010323597
-0.6,1.0467646959920125,35.2712008721152,-0.600000585605271,-1.2298451849931188e-07,0.9999999996596403,1.000000008976493
-0.6,1.0467646959920125,35.597862522020144,-0.6000005106573028,-1.0683100769874142e-07,0.9999999997202191,1.0000000077950695
-0.6,1.0467646959920125,35.927549524929255,-0.6000004449929129,-9.267675833193096e-08,0.9999999997704326,1.0000000067602952
-0.6,1.0467646959920125,36.26028989992831,-0.6000003875383961,-8.029083275110999e-08,0.9999999998119791,1.0000000058551566
-0.6,1.0467646959920125,36.59611192559986,-0.6000003373344726,-6.946685705361735e-08,0.9999999998462906,1.00000000506446
-0.6,1.0467646959920125,36.93504414242648,-0.600000293525275,-6.002066379173596e-08,0.9999999998745751,1.0000000043746597
-0.6,1.0467646959920125,37.27711535521626,-0.6000002553482544,-5.178813190278966e-08,0.9999999998978474,1.0000000037736925
-0.6,1.0467646959920125,37.62235463555102,-0.6000002221249582,-4.462321039663406e-08,0.99999999991696,1.0000000032508312
-0.6,1.0467646959920125,37.97079132425686,-0.6000001932526023,-3.839611296023787e-08,0.9999999999326258,1.0000000027965483
-0.6,1.0467646959920125,38.32245503389777,-0.6000001681963945,-3.2991671414313804e-08,0.9999999999454425,1.0000000024023974
-0.6,1.0467646959920125,38.67737565129239,-0.6000001464825425,-2.8307836304424652e-08,0.9999999999559073,1.000000002060897
-0.6,1.0467646959920125,39.03558334005395,-0.6000001276919039,-2.4254313721019234e-08,0.9999999999644352,1.000000001765432
-0.6,1.0467646959920125,39.3971085431537,-0.60000011145422,-2.0751327914417194e-08,0.9999999999713712,1.0000000015101613
-0.6,1.0467646959920125,39.761981985508335,-0.6000000974428964,-1.772849991756339e-08,0.9999999999770007,1.000000001289934
-0.6,1.0467646959920125,40.1302346765911,-0.6000000853702786,-1.512383290993113e-08,0.9999999999815613,1.0000000011002155
-0.6,1.0467646959920125,40.50189791306716,-0.6000000749833873,-1.2882795666887554e-08,0.9999999999852481,1.0000000009370176
-0.6,1.0467646959920125,40.87700328145351,-0.6000000660600734,-1.0957495946661809e-08,0.9999999999882222,1.0000000007968417
-0.6,1.0467646959920125,41.25558266080338,-0.6000000584055579,-9.305936215209628e-09,0.9999999999906172,1.00000000067662
-0.6,1.0467646959920125,41.63766822541544,-0.6000000518493173,-7.89134459248856e-09,0.9999999999925406,1.0000000005736667
-0.6,1.0467646959920125,42.02329244756837,-0.6000000462422964,-6.681574426459093e-09,0.9999999999940831,1.0000000004856355
-0.6,1.0467646959920125,42.41248810028041,-0.600000041454407,-5.648566332946841e-09,0.999999999995317,1.0000000004104794
-0.6,1.0467646959920125,42.80528826009479,-0.6000000373722915,-4.767867046969287e-09,0.9999999999963013,1.0000000003464145
-0.6,1.0467646959920125,43.20172630989064,-0.6000000338973274,-4.018199723591467e-09,0.9999999999970863,1.000000000291889
-0.6,1.0467646959920125,43.60183594172025,-0.6000000309438492,-3.381080925128942e-09,0.9999999999977096,1.0000000002455562
-0.6,1.0467646959920125,44.00565115967241,-0.6000000284375635,-2.8404797646825605e-09,0.9999999999982038,1.0000000002062475
-0.6,1.0467646959920125,44.413206282762204,-0.6000000263141455,-2.3825150684744886e-09,0.9999999999985947,1.0000000001729517
-0.6,1.0467646959920125,44.824535947847835,-0.6000000245179905,-1.995186806216006e-09,0.999999999998903,1.0000000001447948
-0.6,1.0467646959920125,45.23967511257426,-0.6000000230011117,-1.6681383049738377e-09,0.9999999999991458,1.0000000001210223
-0.6,1.0467646959920125,45.65865905834403,-0.6000000217221632,-1.3924461024664713e-09,0.999999999999337,1.0000000001009852
-0.6,1.0467646959920125,46.081523393315884,-0.6000000206455826,-1.1604345270558448e-09,0.9999999999994861,1.0000000000841243
-0.6,1.0467646959920125,46.50830405543093,-0.6000000197408316,-9.655124214902061e-10,0.9999999999996027,1.00000000006996
-0.6,1.0467646959920125,46.93903731546684,-0.6000000189817308,-8.020295808585896e-10,0.9999999999996939,1.0000000000580818
-0.6,1.0467646959920125,47.37375978012049,-0.600000018345877,-6.651507806005366e-10,0.9999999999997642,1.0000000000481368
-0.6,1.0467646959920125,47.81250839511901,-0.6000000178141296,-5.507454183397709e-10,0.9999999999998191,1.0000000000398255
-0.6,1.0467646959920125,48.25532044835962,-0.6000000173701653,-4.552910315285473e-10,0.9999999999998613,1.000000000032892
-0.6,1.0467646959920125,48.70223357307873,-0.6000000170000869,-3.757890691372783e-10,0.9999999999998939,1.000000000027117
-0.6,1.0467646959920125,49.15328575105025,-0.6000000166920848,-3.0969153332368536e-10,0.9999999999999193,1.0000000000223157
-0.6,1.0467646959920125,49.608515315813406,-0.6000000164361403,-2.548371757237227e-10,0.9999999999999385,1.0000000000183316
-0.6,1.0467646959920125,50.067960955930815,-0.6000000162237703,-2.0939612868505305e-10,0.9999999999999536,1.000000000015032
-0.6,1.0467646959920125,50.5316617182763,-0.6000000160478046,-1.7182193166762067e-10,0.9999999999999648,1.0000000000123033
-0.6,1.0467646959920125,50.99965701135351,-0.6000000159021937,-1.4081005618955998e-10,0.9999999999999736,1.000000000010051
-0.6,1.0467646959920125,51.47198660864504,-0.6000000157818445,-1.1526211379648997e-10,0.9999999999999801,1.000000000008196
-0.6,1.0467646959920125,51.9486906519927,-0.6000000156824767,-9.425500612629644e-11,0.9999999999999851,1.0000000000066707
-0.6,1.0467646959920125,52.429809655009066,-0.6000000156005002,-7.701444981303603e-11,0.9999999999999897,1.0000000000054188
-0.6,1.0467646959920125,52.91538450652049,-0.6000000155329097,-6.289219481001346e-11,0.9999999999999925,1.0000000000043936
-0.6,1.0467646959920125,53.40545647404229,-0.6000000154771953,-5.1346593734388526e-11,0.9999999999999954,1.0000000000035558
-0.6,1.0467646959920125,53.90006720728585,-0.6000000154312642,-4.1925930762119226e-11,0.9999999999999973,1.0000000000028715
-0.6,1.0467646959920125,54.39925874169825,-0.6000000153933763,-3.4254236111458594e-11,0.9999999999999992,1.0000000000023148
-0.6,1.0467646959920125,54.90307350203484,-0.6000000153620868,-2.8019207747709473e-11,1.0000000000000007,1.000000000001862
-0.6,1.0467646959920125,55.41155430596479,-0.6000000153361994,-2.2961946055712717e-11,1.0000000000000022,1.0000000000014952
-0.6,1.0467646959920125,55.924744367709856,-0.6000000153147259,-1.8868258993573597e-11,1.000000000000003,1.000000000001198
-0.6,1.0467646959920125,56.442687301717264,-0.6000000152968519,-1.5561297628565137e-11,1.0000000000000033,1.0000000000009581
-0.6,1.0467646959920125,56.96542712636624,-0.6000000152819063,-1.2895352408339639e-11,1.0000000000000044,1.0000000000007645
-0.6,1.0467646959920125,57.493008267708944,-0.6000000152693399,-1.0750616311044857e-11,1.0000000000000053,1.0000000000006088
-0.6,1.0467646959920125,58.02547556324627,-0.6000000152587017,-9.028777676673918e-12,1.0000000000000056,1.000000000000484
-0.6,1.0467646959920125,58.562874265738245,-0.6000000152496247,-7.649354973069192e-12,1.000000000000006,1.000000000000384
-0.6,1.0467646959920125,59.10525004705015,-0.6000000152418079,-6.546578260905079e-12,1.0000000000000064,1.0000000000003038
-0.6,1.0467646959920125,59.65264900203377,-0.6000000152350078,-5.666838529264874e-12,1.0000000000000067,1.0000000000002398
-0.6,1.0467646959920125,60.2051176524451,-0.6000000152290257,-4.9665203486763845e-12,1.0000000000000064,1.0000000000001894
-0.6,1.0467646959920125,60.76270295089797,-0.6000000152237006,-4.4102183582999755e-12,1.0000000000000062,1.0000000000001488
-0.6,1.0467646959920125,61.325452284854336,-0.600000015218902,-3.9692631884163475e-12,1.0000000000000064,1.0000000000001168
-0.6,1.0467646959920125,61.89341348065174,-0.6000000152145237,-3.620479191129671e-12,1.0000000000000062,1.000000000000092
-0.6,1.0467646959920125,62.466634807567864,-0.6000000152104797,-3.345188810248063e-12,1.0000000000000058,1.0000000000000715
-0.6,1.0467646959920125,63.0451649819227,-0.6000000152067008,-3.128362127733155e-12,1.0000000000000056,1.000000000000056
-0.6,1.0467646959920125,63.629053171218956,-0.6000000152031304,-2.9579423043620517e-12,1.000000000000005,1.0000000000000435
-0.6,1.0467646959920125,64.21834899832058,-0.600000015199722,-2.824271700997504e-12,1.0000000000000044,1.000000000000034
-0.6,1.0467646959920125,64.81310254566993,-0.6000000151964381,-2.719639310135736e-12,1.0000000000000038,1.0000000000000264
-0.6,1.0467646959920125,65.4133643595444,-0.6000000151932476,-2.637898451714222e-12,1.0000000000000029,1.0000000000000202
-0.6,1.0467646959920125,66.01918545435197,-0.6000000151901261,-2.574165695359923e-12,1.0000000000000024,1.0000000000000158
-0.6,1.0467646959920125,66.63061731696679,-0.6000000151870518,-2.524569145930072e-12,1.0000000000000016,1.000000000000012
-0.6,1.0467646959920125,67.24771191110499,-0.6000000151840085,-2.4860484586655084e-12,1.0000000000000016,1.0000000000000095
-0.6,1.0467646959920125,67.87052168174088,-0.6000000151809817,-2.456180682595099e-12,1.0000000000000009,1.0000000000000069
-0.6,1.0467646959920125,68.49909955956402,-0.6000000151779593,-2.433069964431223e-12,1.0000000000000007,1.0000000000000058
-0.6,1.0467646959920125,69.13349896547759,-0.6000000151749327,-2.415223937476369e-12,1.0000000000000002,1.0000000000000038
-0.6,1.0467646959920125,69.77377381513884,-0.6000000151718943,-2.401470942178112e-12,1.0000000000000002,1.0000000000000033
-0.6,1.0467646959920125,70.41997852354069,-0.6000000151688378,-2.3909019837240895e-12,0.9999999999999997,1.0000000000000024
-0.6,1.0467646959920125,71.0721680096366,-0.6000000151657584,-2.382799327783688e-12,0.9999999999999994,1.0000000000000018
-0.6,1.0467646959920125,71.73039770100793,-0.6000000151626531,-2.376621921696136e-12,0.9999999999999991,1.0000000000000013
-0.6,1.0467646959920125,72.39472353857458,-0.6000000151595193,-2.3719295408881363e-12,0.9999999999999989,1.000000000000001
-0.6,1.0467646959920125,73.06520198134909,-0.6000000151563551,-2.368390488953134e-12,0.9999999999999993,1.0000000000000009
-0.6,1.0467646959920125,73.74189001123509,-0.60000001515316,-2.365752883904213e-12,0.9999999999999997,1.0000000000000002
-0.6,1.0467646959920125,74.42484513786997,-0.6000000151499341,-2.3638130990963803e-12,0.9999999999999996,1.0000000000000002
-0.6,1.0467646959920125,75.11412540351232,-0.6000000151466772,-2.3624113430650436e-12,1.0,1.0000000000000002
-0.6,1.0467646959920125,75.80978938797494,-0.6000000151433902,-2.3614317322546387e-12,1.0,1.0
-0.6,1.0467646959920125,76.51189621360336,-0.6000000151400738,-2.360777025250688e-12,1.0000000000000007,0.9999999999999998
-0.6,1.0467646959920125,77.22050555030022,-0.6000000151367295,-2.360372491411227e-12,1.000000000000001,1.0
-0.6,1.0467646959920125,77.93567762059672,-0.6000000151333583,-2.3601585792586888e-12,1.0000000000000016,1.0
-0.6,1.0467646959920125,78.65747320477065,-0.6000000151299612,-2.36008763132041e-12,1.000000000000002,1.0
-0.6,1.0467646959920125,79.38595364601184,-0.6000000151265389,-2.3601209142083254e-12,1.000000000000002,0.9999999999999998
-0.6,1.0467646959920125,80.12118085563553,-0.6000000151230924,-2.3602213690993445e-12,1.0000000000000029,0.9999999999999998
-0.6,1.0467646959920125,80.86321731834431,-0.6000000151196216,-2.360370137771466e-12,1.0000000000000036,1.0000000000000002
-0.6,1.0467646959920125,81.61212609753805,-0.6000000151161272,-2.360538260533881e-12,1.0000000000000042,1.0
-0.6,1.0467646959920125,82.36797084067375,-0.6000000151126086,-2.3607108539929345e-12,1.0000000000000044,0.9999999999999999
-0.6,1.0467646959920125,83.13081578467474,-0.6000000151090644,-2.36086665407743e-12,1.0000000000000044,1.0
-0.6,1.0467646959920125,83.90072576138992,-0.6000000151054944,-2.360998847036408e-12,1.0000000000000049,1.0
-0.6,1.0467646959920125,84.67776620310352,-0.6000000151018964,-2.36109070600305e-12,1.0000000000000053,1.0000000000000002
-0.6,1.0467646959920125,85.46200314809617,-0.6000000150982684,-2.3611337854015198e-12,1.0000000000000056,1.0000000000000002
-0.6,1.0467646959920125,86.25350324625728,-0.6000000150946083,-2.3611199949667723e-12,1.0000000000000058,1.0000000000000002
-0.6,1.0467646959920125,87.05233376474918,-0.6000000150909136,-2.361047406936853e-12,1.0000000000000058,1.0000000000000002
-0.6,1.0467646959920125,87.85856259372419,-0.6000000150871811,-2.3609142893112383e-12,1.0000000000000056,1.0000000000000004
-0.6,1.0467646959920125,88.67225825209441,-0.6000000150834084,-2.3607149688836084e-12,1.0000000000000056,1.0000000000000002
-0.6,1.0467646959920125,89.49348989335462,-0.6000000150795929,-2.360455338688421e-12,1.0000000000000053,1.0000000000000002
-0.6,1.0467646959920125,90.32232731145982,-0.6000000150757309,-2.3601336000473953e-12,1.0000000000000053,1.0
-0.6,1.0467646959920125,91.15884094675663,-0.6000000150718193,-2.35975705402796e-12,1.000000000000005,1.0000000000000004
-0.6,1.0467646959920125,92.0031018919696,-0.6000000150678563,-2.3593311807202113e-12,1.0000000000000044,1.0000000000000004
-0.6,1.0467646959920125,92.85518189824359,-0.6000000150638394,-2.3588636905162834e-12,1.0000000000000044,1.0
-0.6,1.0467646959920125,93.71515338124135,-0.6000000150597663,-2.3583642352610786e-12,1.0000000000000038,1.0000000000000004
-0.6,1.0467646959920125,94.58308942729796,-0.600000015055636,-2.3578431250749634e-12,1.0000000000000038,1.0000000000000004
-0.6,1.0467646959920125,95.45906379963219,-0.600000015051447,-2.3573109186494407e-12,1.000000000000003,1.0000000000000002
-0.6,1.0467646959920125,96.34315094461576,-0.6000000150471985,-2.356780505098653e-12,1.0000000000000027,1.0000000000000002
-0.6,1.0467646959920125,97.23542599809973,-0.6000000150428908,-2.356263199241483e-12,1.0000000000000024,1.0000000000000002
-0.6,1.0467646959920125,98.13596479180039,-0.6000000150385242,-2.3557746947166343e-12,1.0000000000000018,0.9999999999999998
-0.6,1.0467646959920125,99.04484385974408,-0.6000000150341,-2.355325125002588e-12,1.0000000000000013,1.0000000000000002
-0.6,1.0467646959920125,99.96214044477135,-0.6000000150296197,-2.3549270320154467e-12,1.0000000000000013,0.9999999999999999
-0.6,1.0467646959920125,100.88793250510167,-0.6000000150250857,-2.354594840226155e-12,1.0000000000000004,0.9999999999999999
-0.6,1.0467646959920125,101.82229872095873,-0.6000000150204998,-2.35433718186645e-12,1.0000000000000004,0.9999999999999999
-0.6,1.0467646959920125,102.76531850125772,-0.6000000150158654,-2.354168167490831e-12,1.0,1.0000000000000002
-0.6,1.0467646959920125,103.71707199035326,-0.6000000150111862,-2.354089932060987e-12,0.9999999999999998,0.9999999999999996
-0.6,1.0467646959920125,104.67764007485148,-0.6000000150064647,-2.354119083341988e-12,1.0,0.9999999999999998
-0.6,1.0467646959920125,105.64710439048359,-0.6000000150017055,-2.3542569548154977e-12,0.9999999999999998,0.9999999999999997
-0.6,1.0467646959920125,106.62554732904427,-0.6000000149969126,-2.354511005324679e-12,0.9999999999999996,0.9999999999999998
-0.6,1.0467646959920125,107.61305204539366,-0.6000000149920888,-2.3548852608912964e-12,0.9999999999999997,0.9999999999999994
-0.6,1.0467646959920125,108.60970246452491,-0.6000000149872384,-2.355377471547558e-12,0.9999999999999997,0.9999999999999997
-0.6,1.0467646959920125,109.61558328869602,-0.6000000149823648,-2.3559888235820958e-12,0.9999999999999996,0.9999999999999994
-0.6,1.0467646959920125,110.63078000462876,-0.6000000149774711,-2.3567184818183997e-12,1.0000000000000002,0.9999999999999993
-0.6,1.0467646959920125,111.65537889077429,-0.60000001497256,-2.357561165844381e-12,1.0000000000000002,0.9999999999999992
-0.6,1.0467646959920125,112.68946702464496,-0.600000014967634,-2.3585121545755853e-12,1.0000000000000004,0.9999999999999996
-0.6,1.0467646959920125,113.73313229021528,-0.6000000149626943,-2.35956411194323e-12,1.0000000000000004,0.9999999999999992
-0.6,1.0467646959920125,114.78646338539066,-0.600000014957743,-2.3607079451335458e-12,1.000000000000001,0.9999999999999992
-0.6,1.0467646959920125,115.84954982954602,-0.6000000149527797,-2.36193366301944e-12,1.0000000000000013,0.999999999999999
-0.6,1.0467646959920125,116.92248197113297,-0.6000000149478046,-2.3632298151210507e-12,1.0000000000000016,0.9999999999999996
-0.6,1.0467646959920125,118.00535099535914,-0.600000014942817,-2.3645843612592498e-12,1.0000000000000022,0.9999999999999993
-0.6,1.0467646959920125,119.09824893193696,-0.600000014937815,-2.3659841544837228e-12,1.0000000000000029,0.999999999999999
-0.6,1.0467646959920125,120.2012686629055,-0.6000000149327963,-2.3674154518045638e-12,1.000000000000003,0.9999999999999998
-0.6,1.0467646959920125,121.31450393052383,-0.6000000149277579,-2.3688640812333063e-12,1.0000000000000033,0.9999999999999993
-0.6,1.0467646959920125,122.43804934523853,-0.6000000149226965,-2.3703146701207545e-12,1.0000000000000038,0.9999999999999993
-0.6,1.0467646959920125,123.5720003937234,-0.6000000149176072,-2.3717539974372634e-12,1.0000000000000042,0.9999999999999992
-0.6,1.0467646959920125,124.7164534469956,-0.6000000149124859,-2.3731686089554803e-12,1.0000000000000042,0.9999999999999996
-0.6,1.0467646959920125,125.87150576860506,-0.6000000149073268,-2.374542310763472e-12,1.0000000000000047,0.9999999999999992
-0.6,1.0467646959920125,127.03725552290106,-0.6000000149021246,-2.3758670779284956e-12,1.0000000000000049,0.9999999999999997
-0.6,1.0467646959920125,128.21380178337475,-0.6000000148968732,-2.377122183523642e-12,1.0000000000000053,0.9999999999999993
-0.6,1.0467646959920125,129.40124454107954,-0.6000000148915664,-2.3783039762461156e-12,1.0000000000000049,0.9999999999999994
-0.6,1.0467646959920125,130.59968471312828,-0.6000000148861978,-2.3794037147760455e-12,1.0000000000000056,0.9999999999999994
-0.6,1.0467646959920125,131.8092241512703,-0.6000000148807616,-2.380409182493408e-12,1.0000000000000056,0.9999999999999998
-0.6,1.0467646959920125,133.02996565054787,-0.6000000148752508,-2.381312322926463e-12,1.0000000000000058,0.9999999999999994
-0.6,1.0467646959920125,134.26201295803162,-0.6000000148696606,-2.3821085788128105e-12,1.0000000000000058,0.9999999999999998
-0.6,1.0467646959920125,135.5054707816382,-0.6000000148639844,-2.382795987936916e-12,1.0000000000000053,1.0
-0.6,1.0467646959920125,136.76044479902887,-0.6000000148582172,-2.3833698103501225e-12,1.0000000000000056,0.9999999999999998
-0.6,1.0467646959920125,138.02704166659132,-0.600000014852354,-2.383830494204257e-12,1.0000000000000053,1.0
-0.6,1.0467646959920125,139.30536902850287,-0.6000000148463904,-2.384179983104777e-12,1.0000000000000049,0.9999999999999999
-0.6,1.0467646959920125,140.5955355258802,-0.6000000148403236,-2.3844190263747325e-12,1.0000000000000049,0.9999999999999999
-0.6,1.0467646959920125,141.8976508060113,-0.60000001483415,-2.3845535249345e-12,1.0000000000000042,0.9999999999999998
-0.6,1.0467646959920125,143.21182553167466,-0.6000000148278672,-2.3845887189165003e-12,1.0000000000000044,0.9999999999999998
-0.6,1.0467646959920125,144.53817139054382,-0.6000000148214745,-2.384531924336756e-12,1.0000000000000044,1.0000000000000002
-0.6,1.0467646959920125,145.87680110468003,-0.60000001481497,-2.3843922483394347e-12,1.000000000000004,0.9999999999999999
-0.6,1.0467646959920125,147.22782844011104,-0.600000014808355,-2.3841783627535574e-12,1.000000000000003,1.0000000000000002
-0.6,1.0467646959920125,148.59136821650102,-0.60000001480163,-2.383902600925262e-12,1.0000000000000033,1.0000000000000002
-0.6,1.0467646959920125,149.9675363169076,-0.6000000147947967,-2.383576252649195e-12,1.000000000000003,1.0
-0.6,1.0467646959920125,151.35644969763095,-0.6000000147878574,-2.3832133954392814e-12,1.0000000000000024,1.0000000000000002
-0.6,1.0467646959920125,152.75822639815343,-0.6000000147808155,-2.3828250499557214e-12,1.0000000000000024,1.0000000000000002
-0.6,1.0467646959920125,154.17298555117182,-0.6000000147736747,-2.382428573710973e-12,1.000000000000002,1.0000000000000002
-0.6,1.0467646959920125,155.60084739272125,-0.6000000147664392,-2.3820338231513207e-12,1.0000000000000016,0.9999999999999998
-0.6,1.0467646959920125,157.0419332723941,-0.6000000147591144,-2.381659047471657e-12,1.000000000000001,1.0000000000000002
-0.6,1.0467646959920125,158.4963656636536,-0.6000000147517054,-2.3813172369417426e-12,1.0000000000000007,1.0000000000000002
-0.6,1.0467646959920125,159.96426817424148,-0.600000014744218,-2.3810214011653415e-12,1.0000000000000007,1.0000000000000002
-0.6,1.0467646959920125,161.44576555668382,-0.600000014736658,-2.380787808562232e-12,1.0000000000000002,0.9999999999999998
-0.6,1.0467646959920125,162.94098371889282,-0.6000000147290321,-2.3806296244037986e-12,1.0000000000000002,1.0
-0.6,1.0467646959920125,164.4500497348682,-0.600000014721346,-2.38055558014257e-12,1.0,1.0
-0.6,1.0467646959920125,165.97309185549548,-0.6000000147136062,-2.380582765251305e-12,1.0000000000000002,1.0
-0.6,1.0467646959920125,167.5102395194472,-0.6000000147058183,-2.380721338762192e-12,1.0,1.0
-0.6,1.0467646959920125,169.06162336418203,-0.6000000146979888,-2.3809826222318947e-12,0.9999999999999997,0.9999999999999998
-0.6,1.0467646959920125,170.6273752370482,-0.6000000146901227,-2.381371721549041e-12,0.9999999999999999,0.9999999999999997
-0.6,1.0467646959920125,172.20762820648835,-0.6000000146822257,-2.381902545203156e-12,0.9999999999999994,0.9999999999999999
-0.6,1.0467646959920125,173.80251657334924,-0.600000014674302,-2.3825761465453633e-12,0.9999999999999997,0.9999999999999997
-0.6,1.0467646959920125,175.41217588229446,-0.6000000146663556,-2.383402911726828e-12,0.9999999999999998,0.9999999999999997
-0.6,1.0467646959920125,177.0367429333253,-0.6000000146583905,-2.3843861855404805e-12,1.0,0.9999999999999997
-0.6,1.0467646959920125,178.67635579340572,-0.6000000146504092,-2.3855280924811536e-12,1.0,0.9999999999999994
-0.6,1.0467646959920125,180.33115380819694,-0.600000014642413,-2.3868320999782157e-12,1.0000000000000004,0.9999999999999994
-0.6,1.0467646959920125,182.00127761389967,-0.6000000146344041,-2.3882985145152654e-12,1.0000000000000004,0.9999999999999996
-0.6,1.0467646959920125,183.68686914920713,-0.6000000146263822,-2.389926800915857e-12,1.0000000000000007,0.9999999999999994
-0.6,1.0467646959920125,185.38807166736675,-0.6000000146183473,-2.39171600979395e-12,1.0000000000000009,0.9999999999999992
-0.6,1.0467646959920125,187.10502974835543,-0.6000000146102981,-2.393662687910103e-12,1.0000000000000013,0.9999999999999994
-0.6,1.0467646959920125,188.83788931116757,-0.6000000146022316,-2.3957628924732796e-12,1.0000000000000016,0.9999999999999993
-0.6,1.0467646959920125,190.58679762621514,-0.600000014594146,-2.3980130897417842e-12,1.0000000000000022,0.9999999999999993
-0.6,1.0467646959920125,192.35190332784438,-0.6000000145860371,-2.4004063673727035e-12,1.0000000000000022,0.9999999999999992
-0.6,1.0467646959920125,194.13335642696757,-0.6000000145778998,-2.402935568288085e-12,1.0000000000000022,0.9999999999999991
-0.6,1.0467646959920125,195.93130832381254,-0.6000000145697292,-2.4055923991805417e-12,1.000000000000003,0.9999999999999992
-0.6,1.0467646959920125,197.74591182078862,-0.6000000145615195,-2.4083733977085753e-12,1.000000000000003,0.9999999999999991
-0.6,1.0467646959920125,199.5773211354742,-0.6000000145532639,-2.4112650508286492e-12,1.0000000000000033,0.9999999999999991
-0.6,1.0467646959920125,201.42569191372198,-0.600000014544955,-2.4142607020659598e-12,1.0000000000000038,0.9999999999999992
-0.6,1.0467646959920125,203.29118124288746,-0.6000000145365851,-2.417348817934782e-12,1.0000000000000038,0.9999999999999988
-0.6,1.0467646959920125,205.1739476651793,-0.6000000145281468,-2.42051976329861e-12,1.0000000000000047,0.9999999999999988
-0.6,1.0467646959920125,207.07415119113296,-0.6000000145196307,-2.423765583745344e-12,1.0000000000000044,0.9999999999999992
-0.6,1.0467646959920125,208.99195331321022,-0.6000000145110281,-2.42707431838235e-12,1.0000000000000049,0.9999999999999994
-0.6,1.0467646959920125,210.92751701952352,-0.600000014502331,-2.430435348764587e-12,1.0000000000000049,0.999999999999999
-0.6,1.0467646959920125,212.88100680768738,-0.6000000144935296,-2.433843173463663e-12,1.0000000000000053,0.9999999999999989
-0.6,1.0467646959920125,214.8525886987991,-0.6000000144846154,-2.4372792140905983e-12,1.0000000000000056,0.9999999999999989
-0.6,1.0467646959920125,216.84243025154836,-0.6000000144755794,-2.4407415530904248e-12,1.0000000000000053,0.9999999999999989
-0.6,1.0467646959920125,218.85070057645706,-0.6000000144664126,-2.4442157851765493e-12,1.0000000000000058,0.999999999999999
-0.6,1.0467646959920125,220.87757035025237,-0.600000014457107,-2.4476939667392993e-12,1.0000000000000056,0.9999999999999989
-0.6,1.0467646959920125,222.92321183037146,-0.6000000144476542,-2.4511698854026673e-12,1.0000000000000056,0.9999999999999991
-0.6,1.0467646959920125,224.9877988696007,-0.6000000144380465,-2.4546312041747635e-12,1.0000000000000058,0.9999999999999991
-0.6,1.0467646959920125,227.07150693085165,-0.6000000144282768,-2.4580736269398406e-12,1.000000000000006,0.9999999999999989
-0.6,1.0467646959920125,229.17451310207272,-0.6000000144183381,-2.4614891848535336e-12,1.0000000000000056,0.9999999999999991
-0.6,1.0467646959920125,231.29699611129922,-0.6000000144082249,-2.4648695530256174e-12,1.000000000000006,0.9999999999999991
-0.6,1.0467646959920125,233.4391363418438,-0.6000000143979312,-2.4682107145793972e-12,1.0000000000000056,0.999999999999999
-0.6,1.0467646959920125,235.60111584762504,-0.6000000143874522,-2.4715060627639744e-12,1.0000000000000053,0.9999999999999992
-0.6,1.0467646959920125,237.78311836864148,-0.6000000143767844,-2.4747520338510576e-12,1.0000000000000056,0.9999999999999989
-0.6,1.0467646959920125,239.98532934658564,-0.600000014365924,-2.4779437059160833e-12,1.0000000000000053,0.9999999999999994
-0.6,1.0467646959920125,242.20793594060487,-0.6000000143548686,-2.4810776275482264e-12,1.0000000000000049,0.9999999999999992
-0.6,1.0467646959920125,244.4511270432073,-0.6000000143436164,-2.484150906794918e-12,1.0000000000000047,0.9999999999999991
-0.6,1.0467646959920125,246.71509329631496,-0.6000000143321668,-2.4871614226802965e-12,1.0000000000000047,0.9999999999999991
-0.6,1.0467646959920125,249.00002710746668,-0.6000000143205189,-2.490106888845844e-12,1.0000000000000042,0.9999999999999992
-0.6,1.0467646959920125,251.3061226661696,-0.600000014308674,-2.4929860900983815e-12,1.000000000000004,0.9999999999999991
-0.6,1.0467646959920125,253.6335759604023,-0.600000014296633,-2.495799116747626e-12,1.0000000000000036,0.9999999999999992
-0.6,1.0467646959920125,255.98258479327197,-0.600000014284398,-2.4985453717999022e-12,1.0000000000000033,0.9999999999999991
-0.6,1.0467646959920125,258.3533487998248,-0.6000000142719718,-2.5012242524421362e-12,1.000000000000003,0.9999999999999993
-0.6,1.0467646959920125,260.7460694640121,-0.600000014259358,-2.503836921569535e-12,1.000000000000003,0.9999999999999993
-0.6,1.0467646959920125,263.1609501358149,-0.6000000142465602,-2.506382693017406e-12,1.0000000000000024,0.9999999999999992
-0.6,1.0467646959920125,265.59819604852424,-0.6000000142335835,-2.5088652154823044e-12,1.0000000000000024,0.9999999999999991
-0.6,1.0467646959920125,268.0580143361851,-0.6000000142204324,-2.5112853198646414e-12,1.000000000000002,0.9999999999999996
-0.6,1.0467646959920125,270.5406140511989,-0.6000000142071128,-2.5136426859397598e-12,1.0000000000000018,0.999999999999999
-0.6,1.0467646959920125,273.0462061820903,-0.6000000141936307,-2.5159398161604464e-12,1.0000000000000016,0.9999999999999994
-0.6,1.0467646959920125,275.57500367143905,-0.6000000141799918,-2.5181784986605797e-12,1.000000000000001,0.9999999999999994
-0.6,1.0467646959920125,278.1272214339776,-0.6000000141662033,-2.5203612967183555e-12,1.0000000000000009,0.9999999999999997
-0.6,1.0467646959920125,280.7030763748543,-0.6000000141522717,-2.5224900577519046e-12,1.0000000000000004,0.9999999999999993
-0.6,1.0467646959920125,283.30278740807006,-0.6000000141382034,-2.524565872782326e-12,1.0000000000000007,0.9999999999999993
-0.6,1.0467646959920125,285.9265754750807,-0.6000000141240056,-2.526589296758174e-12,1.0000000000000004,0.9999999999999997
-0.6,1.0467646959920125,288.57466356357577,-0.6000000141096852,-2.5285660325387594e-12,1.0,0.9999999999999997
-0.6,1.0467646959920125,291.24727672642865,-0.6000000140952494,-2.5304921414970034e-12,1.0000000000000002,0.9999999999999997
-0.6,1.0467646959920125,293.94464210082356,-0.6000000140807039,-2.5323699246205765e-12,0.9999999999999996,0.9999999999999997
-0.6,1.0467646959920125,296.6669889275594,-0.6000000140660561,-2.534202494762615e-12,0.9999999999999999,0.9999999999999996
-0.6,1.0467646959920125,299.4145485705322,-0.6000000140513118,-2.5359911611595335e-12,0.9999999999999999,0.9999999999999998
-0.6,1.0467646959920125,302.18755453639716,-0.6000000140364771,-2.5377347683627887e-12,0.9999999999999996,0.9999999999999999
-0.6,1.0467646959920125,304.9862424944146,-0.6000000140215572,-2.539432411873392e-12,0.9999999999999997,0.9999999999999998
-0.6,1.0467646959920125,307.81085029647846,-0.6000000140065576,-2.5410857448814363e-12,0.9999999999999994,0.9999999999999998
-0.6,1.0467646959920125,310.6616179973303,-0.6000000139914824,-2.542691715981302e-12,0.9999999999999993,1.0
-0.6,1.0467646959920125,313.5387878749621,-0.6000000139763365,-2.5442522252232126e-12,0.9999999999999996,0.9999999999999997
-0.6,1.0467646959920125,316.44260445120455,-0.6000000139611231,-2.545765306121329e-12,0.9999999999999998,0.9999999999999998
-0.6,1.0467646959920125,319.3733145125105,-0.6000000139458451,-2.5472290631299595e-12,0.9999999999999997,0.9999999999999997
-0.6,1.0467646959920125,322.3311671309267,-0.6000000139305051,-2.548641460011964e-12,0.9999999999999998,0.9999999999999994
-0.6,1.0467646959920125,325.31641368526283,-0.6000000139151052,-2.5500001956262296e-12,1.0,0.9999999999999999
-0.6,1.0467646959920125,328.32930788245454,-0.6000000138996463,-2.5513031060229428e-12,1.0000000000000002,1.0
-0.6,1.0467646959920125,331.37010577912685,-0.6000000138841289,-2.552547001620972e-12,1.0,0.9999999999999999
-0.6,1.0467646959920125,334.4390658033531,-0.6000000138685531,-2.5537287375417382e-12,1.0000000000000002,0.9999999999999998
-0.6,1.0467646959920125,337.53644877662083,-0.600000013852918,-2.5548448906447598e-12,1.0000000000000004,0.9999999999999998
-0.6,1.0467646959920125,340.66251793599554,-0.6000000138372225,-2.555891504115017e-12,1.0000000000000007,0.9999999999999998
-0.6,1.0467646959920125,343.81753895649405,-0.6000000138214643,-2.55686511527464e-12,1.0000000000000007,1.0000000000000002
-0.6,1.0467646959920125,347.00177997366285,-0.6000000138056406,-2.5577596221379397e-12,1.0000000000000009,1.0
-0.6,1.0467646959920125,350.2155116063659,-0.6000000137897487,-2.558573134197166e-12,1.000000000000001,0.9999999999999997
-0.6,1.0467646959920125,353.4590069797847,-0.6000000137737842,-2.559299244569301e-12,1.0000000000000016,0.9999999999999998
-0.6,1.0467646959920125,356.73254174862967,-0.6000000137577433,-2.5599340882333836e-12,1.0000000000000018,1.0
-0.6,1.0467646959920125,360.0363941205664,-0.6000000137416206,-2.5604729437948965e-12,1.000000000000002,1.0
-0.6,1.0467646959920125,363.37084487986095,-0.6000000137254107,-2.5609082677414793e-12,1.000000000000002,1.0000000000000002
-0.6,1.0467646959920125,366.73617741124224,-0.600000013709108,-2.5612380677362562e-12,1.0000000000000022,0.9999999999999999
-0.6,1.0467646959920125,370.13267772398575,-0.6000000136927066,-2.5614559013401153e-12,1.0000000000000029,0.9999999999999999
-0.6,1.0467646959920125,373.5606344762222,-0.6000000136761988,-2.5615576410434278e-12,1.000000000000003,1.0
-0.6,1.0467646959920125,377.02033899946696,-0.6000000136595788,-2.5615352984060594e-12,1.0000000000000036,1.0000000000000002
-0.6,1.0467646959920125,380.5120853233824,-0.6000000136428384,-2.5613876570602633e-12,1.0000000000000036,1.0000000000000002
-0.6,1.0467646959920125,384.03617020076405,-0.6000000136259706,-2.561107260220501e-12,1.0000000000000038,1.0000000000000004
-0.6,1.0467646959920125,387.5928931327621,-0.6000000136089673,-2.5606910639826153e-12,1.000000000000004,1.0000000000000002
-0.6,1.0467646959920125,391.18255639433437,-0.6000000135918213,-2.560133336082176e-12,1.0000000000000042,1.0000000000000002
-0.6,1.0467646959920125,394.8054650599374,-0.6000000135745239,-2.5594304730466954e-12,1.0000000000000044,1.0
-0.6,1.0467646959920125,398.4619270294508,-0.6000000135570681,-2.5585765584708564e-12,1.0000000000000044,1.0000000000000004
-0.6,1.0467646959920125,402.15225305434814,-0.6000000135394448,-2.5575695693190546e-12,1.0000000000000047,1.0000000000000002
-0.6,1.0467646959920125,405.87675676410373,-0.6000000135216467,-2.556402870175155e-12,1.0000000000000049,1.0000000000000004
-0.6,1.0467646959920125,409.6357546928489,-0.6000000135036652,-2.5550770961388497e-12,1.0000000000000049,1.0000000000000007
-0.6,1.0467646959920125,413.4295663062725,-0.6000000134854935,-2.5535879676718727e-12,1.0000000000000056,1.0000000000000002
-0.6,1.0467646959920125,417.25851402877123,-0.6000000134671235,-2.5519297734937823e-12,1.0000000000000056,1.0000000000000002
-0.6,1.0467646959920125,421.12292327085265,-0.6000000134485483,-2.5501028366943e-12,1.0000000000000053,1.0000000000000004
-0.6,1.0467646959920125,425.02312245678996,-0.6000000134297605,-2.5481024351950154e-12,1.0000000000000056,1.0000000000000002
-0.6,1.0467646959920125,428.95944305253283,-0.6000000134107532,-2.5459296502421725e-12,1.0000000000000056,1.0000000000000007
-0.6,1.0467646959920125,432.9322195938791,-0.6000000133915195,-2.5435811176834423e-12,1.0000000000000056,1.0000000000000004
-0.6,1.0467646959920125,436.9417897149054,-0.6000000133720547,-2.541056553635602e-12,1.0000000000000058,1.0000000000000007
-0.6,1.0467646959920125,440.98849417666133,-0.6000000133523515,-2.5383547059721013e-12,1.000000000000006,1.0000000000000004
-0.6,1.0467646959920125,445.0726768961314,-0.600000013332406,-2.5354759564205845e-12,1.000000000000006,1.0000000000000004
-0.6,1.0467646959920125,449.19468497546023,-0.6000000133122124,-2.5324193925420082e-12,1.000000000000006,1.0000000000000004
-0.6,1.0467646959920125,453.3548687314555,-0.6000000132917662,-2.529186467466989e-12,1.0000000000000058,1.0000000000000004
-0.6,1.0467646959920125,457.55358172535705,-0.6000000132710644,-2.5257781393772487e-12,1.000000000000006,1.0000000000000007
-0.6,1.0467646959920125,461.7911807928867,-0.6000000132501028,-2.5221949073611144e-12,1.000000000000006,1.0000000000000007
-0.6,1.0467646959920125,466.0680260745743,-0.6000000132288784,-2.5184388394415844e-12,1.0000000000000058,1.0000000000000004
-0.6,1.0467646959920125,470.3844810463644,-0.6000000132073898,-2.5145124287794586e-12,1.0000000000000058,1.0000000000000004
-0.6,1.0467646959920125,474.7409125505084,-0.6000000131856345,-2.5104175889914466e-12,1.000000000000006,1.0000000000000007
-0.6,1.0467646959920125,479.1376908267404,-0.6000000131636108,-2.5061572430518888e-12,1.000000000000006,1.0000000000000007
-0.6,1.0467646959920125,483.57518954374194,-0.6000000131413183,-2.501734701523403e-12,1.0000000000000056,1.0000000000000007
-0.6,1.0467646959920125,488.0537858309,-0.6000000131187568,-2.4971531777028485e-12,1.0000000000000056,1.0000000000000007
-0.6,1.0467646959920125,492.5738603103579,-0.6000000130959264,-2.4924166720184607e-12,1.0000000000000053,1.0000000000000007
-0.6,1.0467646959920125,497.1357971293627,-0.6000000130728278,-2.4875293010788883e-12,1.0000000000000053,1.0000000000000004
-0.6,1.0467646959920125,501.7399839929145,-0.6000000130494625,-2.4824958699851998e-12,1.000000000000005,1.0000000000000007
-0.6,1.0467646959920125,506.3868121967132,-0.6000000130258317,-2.4773203528466928e-12,1.000000000000005,1.0000000000000007
-0.6,1.0467646959920125,511.0766766604169,-0.6000000130019383,-2.472008223211053e-12,1.000000000000005,1.0000000000000007
-0.6,1.0467646959920125,515.809975961202,-0.6000000129777844,-2.466564418245069e-12,1.0000000000000047,1.0000000000000007
-0.6,1.0467646959920125,520.5871123676386,-0.6000000129533731,-2.460995837534823e-12,1.0000000000000047,1.0000000000000009
-0.6,1.0467646959920125,525.4084918738774,-0.6000000129287083,-2.455305637467087e-12,1.0000000000000047,1.0000000000000004
-0.6,1.0467646959920125,530.2745242341559,-0.6000000129037938,-2.4495009964658864e-12,1.0000000000000042,1.0000000000000009
-0.6,1.0467646959920125,535.1856229976182,-0.6000000128786339,-2.4435884363439113e-12,1.000000000000004,1.0000000000000009
-0.6,1.0467646959920125,540.1422055434659,-0.6000000128532328,-2.4375727209043085e-12,1.000000000000004,1.0000000000000007
-0.6,1.0467646959920125,545.1446931164259,-0.600000012827596,-2.431461849344425e-12,1.0000000000000036,1.0000000000000009
-0.6,1.0467646959920125,550.1935108625528,-0.6000000128017281,-2.4252611332148275e-12,1.0000000000000038,1.0000000000000009
-0.6,1.0467646959920125,555.2890878653604,-0.600000012775635,-2.4189765032561026e-12,1.000000000000003,1.0000000000000009
-0.6,1.0467646959920125,560.4318571822878,-0.6000000127493224,-2.4126162724346356e-12,1.000000000000003,1.0000000000000007
-0.6,1.0467646959920125,565.6222558815047,-0.600000012722796,-2.406185309586981e-12,1.0000000000000029,1.0000000000000007
-0.6,1.0467646959920125,570.8607250790558,-0.6000000126960618,-2.3996900029118642e-12,1.0000000000000029,1.0000000000000009
-0.6,1.0467646959920125,576.1477099763489,-0.6000000126691262,-2.393138573939738e-12,1.0000000000000024,1.0000000000000007
-0.6,1.0467646959920125,581.4836598979924,-0.6000000126419952,-2.3865360986168226e-12,1.0000000000000024,1.0000000000000007
-0.6,1.0467646959920125,586.8690283299819,-0.6000000126146752,-2.3798897408397443e-12,1.0000000000000022,1.0000000000000007
-0.6,1.0467646959920125,592.3042729582397,-0.600000012587173,-2.3732059642181885e-12,1.000000000000002,1.0000000000000007
-0.6,1.0467646959920125,597.7898557075149,-0.6000000125594943,-2.3664905870190598e-12,1.0000000000000018,1.0000000000000007
-0.6,1.0467646959920125,603.3262427806361,-0.6000000125316458,-2.3597496405216578e-12,1.0000000000000018,1.0000000000000007
-0.6,1.0467646959920125,608.913904698138,-0.6000000125036338,-2.3529911593751394e-12,1.0000000000000018,1.0000000000000007
-0.6,1.0467646959920125,614.5533163382452,-0.6000000124754644,-2.346218632490491e-12,1.0000000000000016,1.0000000000000004
-0.6,1.0467646959920125,620.2449569772324,-0.6000000124471438,-2.3394403284684953e-12,1.0000000000000013,1.0000000000000007
-0.6,1.0467646959920125,625.9893103301563,-0.6000000124186783,-2.3326584662659023e-12,1.000000000000001,1.0000000000000004
-0.6,1.0467646959920125,631.7868645919671,-0.6000000123900731,-2.3258819379764585e-12,1.0000000000000007,1.0000000000000007
-0.6,1.0467646959920125,637.638112478994,-0.6000000123613338,-2.319115019228052e-12,1.0000000000000009,1.0000000000000007
-0.6,1.0467646959920125,643.5435512708254,-0.6000000123324662,-2.312361651911555e-12,1.0000000000000009,1.0000000000000004
-0.6,1.0467646959920125,649.5036828525664,-0.6000000123034754,-2.305628539407606e-12,1.0000000000000007,1.0000000000000007
-0.6,1.0467646959920125,655.5190137574945,-0.6000000122743664,-2.2989193748526784e-12,1.0000000000000009,1.0000000000000009
-0.6,1.0467646959920125,661.5900552101086,-0.6000000122451432,-2.2922384359813887e-12,1.0000000000000004,1.0000000000000004
-0.6,1.0467646959920125,667.7173231695753,-0.6000000122158107,-2.285589922060376e-12,1.0000000000000007,1.0000000000000007
-0.6,1.0467646959920125,673.9013383735801,-0.6000000121863726,-2.278978195904391e-12,1.0000000000000004,1.0000000000000007
-0.6,1.0467646959920125,680.1426263825831,-0.6000000121568329,-2.272406811164369e-12,1.0000000000000002,1.0000000000000004
-0.6,1.0467646959920125,686.4417176244827,-0.6000000121271941,-2.2658786131225217e-12,1.0000000000000004,1.0000000000000004
-0.6,1.0467646959920125,692.7991474396972,-0.6000000120974602,-2.2593974298309848e-12,1.0000000000000004,1.0000000000000007
-0.6,1.0467646959920125,699.215456126661,-0.600000012067633,-2.2529657801933947e-12,1.0000000000000002,1.0000000000000007
-0.6,1.0467646959920125,705.6911889877423,-0.6000000120377149,-2.2465860721887416e-12,1.0000000000000004,1.0000000000000004
-0.6,1.0467646959920125,712.2268963755895,-0.6000000120077081,-2.2402612472172185e-12,1.0000000000000002,1.0000000000000007
-0.6,1.0467646959920125,718.8231337398989,-0.6000000119776135,-2.233992411585939e-12,1.0000000000000002,1.0000000000000004
-0.6,1.0467646959920125,725.4804616746267,-0.6000000119474324,-2.227782341736924e-12,1.0000000000000007,1.0000000000000007
-0.6,1.0467646959920125,732.1994459656265,-0.6000000119171651,-2.22163191187258e-12,1.0000000000000002,1.0000000000000007
-0.6,1.0467646959920125,738.9806576387373,-0.6000000118868124,-2.215542473536213e-12,1.0000000000000004,1.0000000000000004
-0.6,1.0467646959920125,745.8246730083114,-0.6000000118563733,-2.209514802812267e-12,1.0000000000000002,1.0000000000000002
-0.6,1.0467646959920125,752.7320737261965,-0.6000000118258478,-2.20354971483558e-12,1.0000000000000002,1.0000000000000002
-0.6,1.0467646959920125,759.7034468311634,-0.600000011795235,-2.197647518522881e-12,1.0000000000000004,1.0000000000000004
-0.6,1.0467646959920125,766.7393847988028,-0.600000011764533,-2.1918084360576095e-12,1.0000000000000007,1.0000000000000004
-0.6,1.0467646959920125,773.8404855918722,-0.6000000117337401,-2.186032069928564e-12,1.0000000000000007,1.0000000000000007
-0.6,1.0467646959920125,781.0073527111184,-0.6000000117028542,-2.180318250703161e-12,1.0000000000000009,1.0000000000000002
-0.6,1.0467646959920125,788.2405952465664,-0.6000000116718731,-2.1746662840463654e-12,1.0000000000000007,1.0000000000000004
-0.6,1.0467646959920125,795.5408279292831,-0.6000000116407935,-2.1690751132630332e-12,1.000000000000001,1.0000000000000004
-0.6,1.0467646959920125,802.9086711836236,-0.600000011609612,-2.1635439055389974e-12,1.000000000000001,1.0000000000000004
-0.6,1.0467646959920125,810.3447511799583,-0.6000000115783253,-2.1580712529853536e-12,1.000000000000001,1.0000000000000007
-0.6,1.0467646959920125,817.8496998878867,-0.6000000115469293,-2.1526557757161335e-12,1.0000000000000016,1.0000000000000004
-0.6,1.0467646959920125,825.4241551299497,-0.6000000115154195,-2.1472947144624696e-12,1.0000000000000013,1.0000000000000004
-0.6,1.0467646959920125,833.0687606358348,-0.6000000114837917,-2.1419869896756976e-12,1.0000000000000016,1.0000000000000004
-0.6,1.0467646959920125,840.7841660970844,-0.6000000114520408,-2.136730022932287e-12,1.0000000000000018,1.0000000000000004
-0.6,1.0467646959920125,848.5710272223139,-0.6000000114201617,-2.1315221148041687e-12,1.0000000000000018,1.0000000000000002
-0.6,1.0467646959920125,856.4300057929329,-0.6000000113881488,-2.126360048404106e-12,1.000000000000002,1.0000000000000002
-0.6,1.0467646959920125,864.3617697193946,-0.6000000113559967,-2.1212414783627614e-12,1.0000000000000022,1.0000000000000007
-0.6,1.0467646959920125,872.3669930979535,-0.6000000113236992,-2.116162909214624e-12,1.0000000000000022,1.0
-0.6,1.0467646959920125,880.4463562679581,-0.6000000112912505,-2.1111217333687743e-12,1.000000000000002,1.0000000000000002
-0.6,1.0467646959920125,888.6005458696701,-0.6000000112586439,-2.1061156509714516e-12,1.0000000000000027,1.0
-0.6,1.0467646959920125,896.8302549026189,-0.6000000112258733,-2.1011396055542325e-12,1.0000000000000027,1.0000000000000004
-0.6,1.0467646959920125,905.1361827845002,-0.6000000111929319,-2.0961916799452338e-12,1.0000000000000029,1.0000000000000004
-0.6,1.0467646959920125,913.5190354106156,-0.6000000111598129,-2.0912677276295508e-12,1.000000000000003,1.0000000000000004
-0.6,1.0467646959920125,921.9795252138629,-0.6000000111265097,-2.086364087843497e-12,1.0000000000000029,1.0000000000000004
-0.6,1.0467646959920125,930.5183712252855,-0.6000000110930149,-2.081477422998612e-12,1.0000000000000033,1.0000000000000007
-0.6,1.0467646959920125,939.1362991351807,-0.6000000110593215,-2.07660402374176e-12,1.0000000000000036,1.0000000000000002
-0.6,1.0467646959920125,947.8340413547725,-0.6000000110254229,-2.0717399950822677e-12,1.0000000000000038,1.0000000000000004
-0.6,1.0467646959920125,956.6123370784595,-0.6000000109913113,-2.0668804067277006e-12,1.0000000000000038,1.0000000000000004
-0.6,1.0467646959920125,965.4719323466358,-0.6000000109569797,-2.062022584025884e-12,1.0000000000000038,1.0000000000000002
-0.6,1.0467646959920125,974.4135801090915,-0.6000000109224214,-2.0571623002648644e-12,1.000000000000004,1.0000000000000007
-0.6,1.0467646959920125,983.4380402890077,-0.6000000108876283,-2.0522956412482296e-12,1.0000000000000038,1.0
-0.6,1.0467646959920125,992.5460798475383,-0.600000010852594,-2.0474184789022872e-12,1.0000000000000042,1.0000000000000002
-0.6,1.0467646959920125,1001.7384728489908,-0.6000000108173114,-2.0425267936238107e-12,1.0000000000000042,1.0000000000000004
-0.6,1.0467646959920125,1011.0160005266158,-0.6000000107817731,-2.037615656775681e-12,1.0000000000000044,1.0000000000000004
-0.6,1.0467646959920125,1020.3794513489946,-0.6000000107459724,-2.032682753274458e-12,1.0000000000000049,1.0000000000000007
-0.6,1.0467646959920125,1029.8296210870567,-0.6000000107099025,-2.0277229053002065e-12,1.0000000000000049,1.0000000000000004
-0.6,1.0467646959920125,1039.3673128817031,-0.6000000106735567,-2.0227325976105806e-12,1.0000000000000049,1.0000000000000004
-0.6,1.0467646959920125,1048.993337312066,-0.6000000106369285,-2.017707629318681e-12,1.0000000000000049,1.0000000000000004
-0.6,1.0467646959920125,1058.7085124643972,-0.6000000106000114,-2.012644699564183e-12,1.000000000000005,1.0000000000000004
-0.6,1.0467646959920125,1068.5136640015942,-0.600000010562799,-2.0075394741454294e-12,1.0000000000000053,1.0000000000000004
-0.6,1.0467646959920125,1078.4096252333723,-0.6000000105252856,-2.0023877851913775e-12,1.0000000000000056,1.0000000000000002
-0.6,1.0467646959920125,1088.3972371870843,-0.600000010487465,-1.9971858993564664e-12,1.0000000000000053,1.0
-0.6,1.0467646959920125,1098.4773486791944,-0.6000000104493318,-1.991931789728348e-12,1.0000000000000053,1.0000000000000002
-0.6,1.0467646959920125,1108.650816387419,-0.6000000104108802,-1.9866197377907174e-12,1.0000000000000053,1.0000000000000002
-0.6,1.0467646959920125,1118.9185049235327,-0.6000000103721058,-1.981247486995085e-12,1.0000000000000053,1.0000000000000002
-0.6,1.0467646959920125,1129.2812869068487,-0.6000000103330028,-1.9758111157602573e-12,1.0000000000000058,1.0000000000000004
-0.6,1.0467646959920125,1139.740043038382,-0.6000000102935669,-1.9703076014350672e-12,1.0000000000000058,1.0000000000000002
-0.6,1.0467646959920125,1150.2956621756925,-0.6000000102537937,-1.9647334821027954e-12,1.000000000000006,1.0000000000000004
-0.6,1.0467646959920125,1160.9490414084332,-0.6000000102136787,-1.9590859719558166e-12,1.0000000000000058,1.0000000000000004
-0.6,1.0467646959920125,1171.7010861345848,-0.6000000101732181,-1.9533618473732297e-12,1.0000000000000058,1.0000000000000002
-0.6,1.0467646959920125,1182.5527101374053,-0.6000000101324086,-1.947557451426162e-12,1.000000000000006,1.0000000000000002
-0.6,1.0467646959920125,1193.5048356630894,-0.6000000100912469,-1.9416711901087827e-12,1.000000000000006,1.0000000000000007
-0.6,1.0467646959920125,1204.55839349915,-0.6000000100497296,-1.9356993842266e-12,1.000000000000006,1.0000000000000007
-0.6,1.0467646959920125,1215.7143230535173,-0.6000000100078544,-1.9296402042028045e-12,1.0000000000000062,1.0000000000000004
-0.6,1.0467646959920125,1226.9735724343827,-0.6000000099656189,-1.9234909828357346e-12,1.000000000000006,1.0000000000000007
-0.6,1.0467646959920125,1238.33709853077,-0.6000000099230209,-1.9172489120322462e-12,1.000000000000006,1.0000000000000004
-0.6,1.0467646959920125,1249.8058670938608,-0.6000000098800586,-1.910912371327573e-12,1.000000000000006,1.0000000000000002
-0.6,1.0467646959920125,1261.3808528190714,-0.6000000098367307,-1.9044788531326943e-12,1.000000000000006,1.0000000000000002
-0.6,1.0467646959920125,1273.0630394288874,-0.6000000097930365,-1.897946814686697e-12,1.000000000000006,1.0000000000000004
-0.6,1.0467646959920125,1284.8534197564702,-0.6000000097489747,-1.8913140735402394e-12,1.0000000000000062,1.0000000000000004
-0.6,1.0467646959920125,1296.7529958300336,-0.600000009704545,-1.8845792493769613e-12,1.000000000000006,1.0000000000000004
-0.6,1.0467646959920125,1308.7627789579997,-0.6000000096597476,-1.8777406230827823e-12,1.0000000000000062,1.0000000000000007
-0.6,1.0467646959920125,1320.883789814951,-0.6000000096145827,-1.8707967226557098e-12,1.000000000000006,1.0000000000000007
-0.6,1.0467646959920125,1333.1170585283726,-0.6000000095690508,-1.863746281243369e-12,1.000000000000006,1.0000000000000004
-0.6,1.0467646959920125,1345.4636247661995,-0.6000000095231527,-1.856588205602459e-12,1.0000000000000058,1.0000000000000002
-0.6,1.0467646959920125,1357.924537825179,-0.6000000094768897,-1.8493214238252978e-12,1.000000000000006,1.0000000000000004
-0.6,1.0467646959920125,1370.500856720038,-0.6000000094302637,-1.841945038129986e-12,1.000000000000006,1.0000000000000007
-0.6,1.0467646959920125,1383.1936502734964,-0.6000000093832761,-1.834458326706355e-12,1.0000000000000062,1.0000000000000002
-0.6,1.0467646959920125,1396.0039972070938,-0.6000000093359296,-1.826860544805877e-12,1.0000000000000058,1.0000000000000004
-0.6,1.0467646959920125,1408.9329862328714,-0.6000000092882263,-1.8191514117841055e-12,1.0000000000000058,1.0000000000000007
-0.6,1.0467646959920125,1421.9817161458968,-0.6000000092401695,-1.8113301946899036e-12,1.0000000000000056,1.0000000000000004
-0.6,1.0467646959920125,1435.1512959176512,-0.6000000091917624,-1.8033969612112504e-12,1.0000000000000062,1.0000000000000007
-0.6,1.0467646959920125,1448.4428447902692,-0.6000000091430078,-1.7953515026158849e-12,1.0000000000000056,1.0000000000000002
-0.6,1.0467646959920125,1461.8574923716699,-0.6000000090939103,-1.7871938775888265e-12,1.0000000000000053,1.0000000000000004
-0.6,1.0467646959920125,1475.3963787315492,-0.6000000090444735,-1.7789238778622885e-12,1.0000000000000053,1.0000000000000004
-0.6,1.0467646959920125,1489.0606544982772,-0.6000000089947021,-1.7705422559483127e-12,1.0000000000000053,1.0000000000000004
-0.6,1.0467646959920125,1502.8514809566846,-0.6000000089446001,-1.7620490070950165e-12,1.0000000000000053,1.0000000000000004
-0.6,1.0467646959920125,1516.7700301467542,-0.6000000088941732,-1.753444731550438e-12,1.000000000000005,1.0000000000000002
-0.6,1.0467646959920125,1530.8174849632353,-0.600000008843426,-1.7447298848760984e-12,1.0000000000000049,1.0000000000000004
-0.6,1.0467646959920125,1544.9950392561707,-0.6000000087923645,-1.7359053945828188e-12,1.0000000000000049,1.0000000000000004
-0.6,1.0467646959920125,1559.3038979323546,-0.6000000087409938,-1.7269723466858908e-12,1.0000000000000049,1.0000000000000004
-0.6,1.0467646959920125,1573.7452770577393,-0.6000000086893207,-1.7179304633903493e-12,1.0000000000000047,1.0000000000000009
-0.6,1.0467646959920125,1588.3204039607824,-0.6000000086373507,-1.708782354194837e-12,1.0000000000000049,1.0000000000000004
-0.6,1.0467646959920125,1603.0305173367537,-0.6000000085850901,-1.6995279454474592e-12,1.0000000000000047,1.0000000000000002
-0.6,1.0467646959920125,1617.8768673530133,-0.6000000085325465,-1.6901689465506836e-12,1.0000000000000044,1.0000000000000004
-0.6,1.0467646959920125,1632.8607157552478,-0.6000000084797258,-1.680706463470441e-12,1.0000000000000042,1.0000000000000004
-0.6,1.0467646959920125,1647.9833359747165,-0.6000000084266355,-1.6711424459876652e-12,1.0000000000000042,1.0000000000000004
-0.6,1.0467646959920125,1663.2460132364645,-0.6000000083732829,-1.6614771435858073e-12,1.0000000000000042,1.0000000000000007
-0.6,1.0467646959920125,1678.6500446685554,-0.6000000083196755,-1.651713234453825e-12,1.0000000000000038,1.0000000000000004
-0.6,1.0467646959920125,1694.1967394123092,-0.6000000082658209,-1.6418519904818317e-12,1.000000000000004,1.0000000000000004
-0.6,1.0467646959920125,1709.8874187335668,-0.6000000082117266,-1.6318953773721873e-12,1.0000000000000038,1.0000000000000004
-0.6,1.0467646959920125,1725.7234161349695,-0.6000000081574012,-1.6218453128254163e-12,1.0000000000000038,1.0000000000000004
-0.6,1.0467646959920125,1741.706077469303,-0.6000000081028524,-1.611702689310511e-12,1.0000000000000036,1.0000000000000002
-0.6,1.0467646959920125,1757.8367610538646,-0.6000000080480888,-1.6014705535584681e-12,1.0000000000000036,1.0000000000000009
-0.6,1.0467646959920125,1774.1168377859105,-0.6000000079931186,-1.5911501122671905e-12,1.0000000000000038,1.0000000000000004
-0.6,1.0467646959920125,1790.547691259161,-0.6000000079379504,-1.580744302032012e-12,1.0000000000000033,1.0000000000000004
-0.6,1.0467646959920125,1807.1307178813868,-0.6000000078825929,-1.5702544388121367e-12,1.000000000000003,1.0000000000000004
-0.6,1.0467646959920125,1823.867326993091,-0.600000007827055,-1.5596831775270884e-12,1.000000000000003,1.0000000000000007
-0.6,1.0467646959920125,1840.7589409872808,-0.6000000077713455,-1.54903257460221e-12,1.0000000000000029,1.0000000000000007
-0.6,1.0467646959920125,1857.8069954303487,-0.6000000077154733,-1.5383047749076734e-12,1.000000000000003,1.0000000000000007
-0.6,1.0467646959920125,1875.012939184082,-0.6000000076594476,-1.5275023971505141e-12,1.0000000000000029,1.0000000000000004
-0.6,1.0467646959920125,1892.378234528796,-0.6000000076032777,-1.516628025772544e-12,1.0000000000000027,1.0000000000000004
-0.6,1.0467646959920125,1909.9043572876058,-0.6000000075469725,-1.5056833072706021e-12,1.0000000000000024,1.0000000000000004
-0.6,1.0467646959920125,1927.592796951861,-0.6000000074905414,-1.4946714160160313e-12,1.0000000000000024,1.0000000000000004
-0.6,1.0467646959920125,1945.4450568077177,-0.6000000074339937,-1.4835943350071434e-12,1.0000000000000024,1.0000000000000002
-0.6,1.0467646959920125,1963.4626540639163,-0.6000000073773387,-1.4724550983502939e-12,1.0000000000000024,1.0000000000000004
-0.6,1.0467646959920125,1981.6471199807077,-0.6000000073205863,-1.4612564409575866e-12,1.0000000000000022,1.0000000000000004
-0.6,1.0467646959920125,2000.0,-0.600000007263745,-1.4499993452974913e-12,1.0000000000000022,1.0000000000000004
-0.532,1.0480215840553233,0.0,0.0,0.0,0.0,1.0480215840553233
-0.532,1.0480215840553233,0.05,-0.001164923103238907,0.022913761461559965,0.02929962471785892,1.047301267611497
-0.532,1.0480215840553233,0.1,-0.004508166319819531,0.04358979096347862,0.05848750532926857,1.0465809860803548
-0.532,1.0480215840553233,0.15000000000000002,-0.0098128956086983,0.06216608975347943,0.08746469244710461,1.045860825671754
-0.532,1.0480215840553233,0.2,-0.01687583900442389,0.0787758651357196,0.116145054525337,1.0451409234160942
-0.532,1.0480215840553233,0.25,-0.025506798341690316,0.09354736210074634,0.14445411134765135,1.0444214617625305
-0.532,1.0480215840553233,0.30000000000000004,-0.03552814666412303,0.10660374400661518,0.17232795658286335,1.0437026634258884
-0.532,1.0480215840553233,0.35000000000000003,-0.04677431595546438,0.11806301700324405,0.19971226279358822,1.042984786461255
-0.532,1.0480215840553233,0.4,-0.05909127927988932,0.12803799328037724,0.22656136295875404,1.0422681195529453
-0.532,1.0480215840553233,0.45,-0.07233603098852039,0.13663628859331817,0.2528374031332271,1.0415529775105534
-0.532,1.0480215840553233,0.5,-0.08637606821855195,0.14396034987746503,0.27850956134102567,1.04083969696928
-0.532,1.0480215840553233,0.55,-0.10108887650112457,0.15010750910133988,0.303553328199901,1.0401286322949939
-0.532,1.0480215840553233,0.6000000000000001,-0.11636142191997377,0.1551700598277199,0.32794984511874875,1.0394201516966497
-0.532,1.0480215840553233,0.65,-0.1320896519249759,0.1592353532535622,0.35168529620655886,1.0387146335499646
-0.532,1.0480215840553233,0.7000000000000001,-0.14817800659799138,0.16238591078198636,0.3747503502915571,1.0380124629367753
-0.532,1.0480215840553233,0.75,-0.16453894188862728,0.1646995504441772,0.39713964967921567,1.0373140284044333
-0.532,1.0480215840553233,0.8,-0.18109246608217194,0.1662495247363463,0.4188513424835673,1.0366197189490425
-0.532,1.0480215840553233,0.8500000000000001,-0.19776569052979773,0.16710466766764415,0.43988665555265694,1.0359299212254012
-0.532,1.0480215840553233,0.9,-0.21449239546103266,0.1673295490299186,0.460249505179534,1.0352450169853533
-0.532,1.0480215840553233,0.9500000000000001,-0.23121261150935604,0.16698463410030226,0.47994614294799304,1.0345653807448716
-0.532,1.0480215840553233,1.0,-0.24787221741220822,0.16612644717357064,0.4989848342096235,1.0338913776787335
-0.532,1.0480215840553233,1.05,-0.2644225541952164,0.1648077374938222,0.5173755668273532,1.0332233617401456
-0.532,1.0480215840553233,1.1,-0.28082005601569315,0.1630776463150276,0.5351297879520878,1.032561674001215
-0.532,1.0480215840553233,1.1500000000000001,-0.2970258977210427,0.16098187396808017,0.5522601667242159,1.0319066412087126
-0.532,1.0480215840553233,1.2000000000000002,-0.31300565907248007,0.15856284594881234,0.5687803809114866,1.031258574548296
-0.532,1.0480215840553233,1.25,-0.32872900549232575,0.1558598771676485,0.5847049256097074,1.030617768609159
-0.532,1.0480215840553233,1.3,-0.34416938511302864,0.1529093336177263,0.6000489422431452,1.0299845005400186
-0.532,1.0480215840553233,1.35,-0.35930374183711894,0.1497447908249941,0.6148280662078507,1.029359029386504
-0.532,1.0480215840553233,1.4000000000000001,-0.3741122440585544,0.14639718854149938,0.6290582916034568,1.0287415955992711
-0.532,1.0480215840553233,1.4500000000000002,-0.3885780286465291,0.1428949812323359,0.6427558515974572,1.028132420701621
-0.532,1.0480215840553233,1.5,-0.40268695975201,0.13926428398796217,0.6559371130606434,1.027531707105025
-0.532,1.0480215840553233,1.55,-0.4164274019641719,0.13552901356733946,0.6686184842032269,1.0269396380607212
-0.532,1.0480215840553233,1.6,-0.4297900073178676,0.13171102434395665,0.6808163340282528,1.026356377735453
-0.532,1.0480215840553233,1.6500000000000001,-0.4427675156335577,0.1278302389867767,0.6925469225022105,1.0257820713994972
-0.532,1.0480215840553233,1.7000000000000002,-0.45535456765704946,0.1239047737618433,0.7038263404221949,1.0252168457152604
-0.532,1.0480215840553233,1.75,-0.46754753045746233,0.11995105838812342,0.7146704580346924,1.0246608091150384
-0.532,1.0480215840553233,1.8,-0.4793443345373101,0.11598395042354478,0.7250948815329114,1.0241140522568613
-0.532,1.0480215840553233,1.85,-0.4907443221081287,0.11201684419445403,0.7351149166277146,1.023576648547833
-0.532,1.0480215840553233,1.9000000000000001,-0.5017481059880289,0.10806177431427422,0.7447455384515655,1.0230486547248423
-0.532,1.0480215840553233,1.9500000000000002,-0.5123574385835792,0.1041295138653067,0.7540013671155718,1.022530111483106
-0.532,1.0480215840553233,2.0,-0.5225750904270596,0.1002296673417515,0.7628966482967962,1.0220210441435933
-0.532,1.0480215840553233,2.0500000000000003,-0.5324047377509484,0.09637075847245367,0.7714452382864684,1.0215214633509886
-0.532,1.0480215840553233,2.1,-0.5418508585942752,0.0925603130589082,0.7796605929798376,1.0210313657944978
-0.532,1.0480215840553233,2.15,-0.5509186369497112,0.0888049369780122,0.7875557603350802,1.0205507349444216
-0.532,1.0480215840553233,2.2,-0.5596138744758145,0.08511038951019925,0.7951433758721786,1.0200795417980815
-0.532,1.0480215840553233,2.25,-0.5679429093153731,0.08148165216221502,0.8024356608230678,1.0196177456292743
-0.532,1.0480215840553233,2.3000000000000003,-0.5759125415780314,0.07792299316015926,0.8094444225817238,1.019165294736061
-0.532,1.0480215840553233,2.35,-0.5835299650632082,0.07443802779276025,0.8161810571374646,1.018722127182271
-0.532,1.0480215840553233,2.4000000000000004,-0.5908027048174394,0.07102977478740256,0.8226565532065737,1.0182881715286658
-0.532,1.0480215840553233,2.45,-0.5977385601385977,0.06770070890241262,0.8288814978066867,1.017863347550221
-0.532,1.0480215840553233,2.5,-0.6043455526577886,0.06445280991870725,0.834866083045272,1.0174475669365126
-0.532,1.0480215840553233,2.5500000000000003,-0.6106318791479508,0.06128760821233232,0.8406201139181814,1.017040733972627
-0.532,1.0480215840553233,2.6,-0.6166058687262279,0.058206227086806624,0.8461530169367327,1.0166427461984684
-0.532,1.0480215840553233,2.6500000000000004,-0.6222759441349043,0.05520942204072306,0.8514738494223213,1.0162534950447284
-0.532,1.0480215840553233,2.7,-0.6276505868030199,0.05229761714186482,0.8565913093262054,1.015872866444146
-0.532,1.0480215840553233,2.75,-0.6327383054076927,0.049470938674305534,0.8615137454490448,1.015500741417015
-0.532,1.0480215840553233,2.8000000000000003,-0.637547607670548,0.04672924621970437,0.8662491679501162,1.0151369966302117
-0.532,1.0480215840553233,2.85,-0.6420869751404913,0.0440721613283638,0.8708052590499727,1.0147815049292543
-0.532,1.0480215840553233,2.9000000000000004,-0.6463648407293476,0.04149909392970258,0.8751893838428195,1.0144341358431823
-0.532,1.0480215840553233,2.95,-0.6503895687815191,0.03900926662568128,0.879408601146102,1.0140947560622189
-0.532,1.0480215840553233,3.0,-0.6541694374728794,0.03660173700447042,0.8834696743248871,1.0137632298883863
-0.532,1.0480215840553233,3.0500000000000003,-0.6577126233475302,0.03427541810535251,0.8873790820376531,1.0134394196594094
-0.532,1.0480215840553233,3.1,-0.6610271878138234,0.03202909715953214,0.8911430288581488,1.0131231861463514
-0.532,1.0480215840553233,3.1500000000000004,-0.664121065433219,0.02986145272525843,0.8947674557351797,1.0128143889255783
-0.532,1.0480215840553233,3.2,-0.667002053847062,0.027771070329471948,0.8982580502585436,1.0125128867257196
-0.532,1.0480215840553233,3.25,-0.6696778051973007,0.025756456722107322,0.9016202567049943,1.012218537750386
-0.532,1.0480215840553233,3.3000000000000003,-0.6721558189074575,0.02381605284324926,0.9048592858431156,1.0119311999774678
-0.532,1.0480215840553233,3.35,-0.6744434356999193,0.021948245597565606,0.9079801244803598,1.0116507314358811
-0.532,1.0480215840553233,3.4000000000000004,-0.6765478327347574,0.02015137852485373,0.9109875447393935,1.0113769904606715
-0.532,1.0480215840553233,3.45,-0.6784760197639037,0.01842376145014451,0.9138861130542385,1.011109835927416
-0.532,1.0480215840553233,3.5,-0.680234836202603,0.01676367919162463,0.9166801988796608,1.010849127466866
-0.532,1.0480215840553233,3.5500000000000003,-0.6818309490276219,0.01516939939966948,0.9193739831097877,1.0105947256607941
-0.532,1.0480215840553233,3.6,-0.6832708514187907,0.01363917959552923,0.9219714662041474,1.0103464922199992
-0.532,1.0480215840553233,3.6500000000000004,-0.6845608620670918,0.012171273473683948,0.9244764760212085,1.0101042901454236
-0.532,1.0480215840553233,3.7,-0.6857071250786676,0.01076393652757905,0.9268926753611031,1.0098679838733169
-0.532,1.0480215840553233,3.75,-0.6867156104099098,0.009415431054364102,0.9292235692205842,1.009637439405363
-0.532,1.0480215840553233,3.8000000000000003,-0.6875921147741484,0.008124030590394925,0.931472511764418,1.0094125244246794
-0.532,1.0480215840553233,3.85,-0.6883422629654439,0.006888023825598635,0.9336427130183441,1.0091931083985488
-0.532,1.0480215840553233,3.9000000000000004,-0.6889715095496405,0.005705718041356793,0.935737245289541,1.0089790626687416
-0.532,1.0480215840553233,3.95,-0.6894851408771172,0.004575442113314939,0.9377590493211456,1.0087702605302364
-0.532,1.0480215840553233,4.0,-0.6898882773756781,0.003495549117473078,0.9397109401878776,1.0085665772991306
-0.532,1.0480215840553233,4.05,-0.6901858760857061,0.0024644185750503636,0.9415956129402079,1.0083678903704905
-0.532,1.0480215840553233,4.1000000000000005,-0.6903827334031171,0.0014804583689293869,0.9434156480047905,1.0081740792668674
-0.532,1.0480215840553233,4.15,-0.6904834879988085,0.0005421063619755656,0.9451735163490662,1.007985025678162
-0.532,1.0480215840553233,4.2,-0.6904926238862088,-0.0003521682548229871,0.9468715844180802,1.0078006134934923
-0.532,1.0480215840553233,4.25,-0.6904144736112093,-0.0012038638586410232,0.9485121188515954,1.0076207288256906
-0.532,1.0480215840553233,4.3,-0.6902532215412426,-0.002014445511817609,0.950097290989604,1.007445260029016
-0.532,1.0480215840553233,4.3500000000000005,-0.6900129072325409,-0.002785344277767061,0.9516291811742686,1.007274097710635
-0.532,1.0480215840553233,4.4,-0.6896974288566985,-0.00351795671576376,0.9531097828562698,1.0071071347364045
-0.532,1.0480215840553233,4.45,-0.6893105466695831,-0.004213644536210975,0.954541006513384,1.0069442662314425
-0.532,1.0480215840553233,4.5,-0.6888558865074073,-0.004873734399530637,0.9559246833890005,1.0067853895759598
-0.532,1.0480215840553233,4.55,-0.6883369432963742,-0.005499517843228255,0.9572625690580964,1.0066304043967778
-0.532,1.0480215840553233,4.6000000000000005,-0.6877570845638104,-0.006092251322999262,0.9585563468280157,1.006479212554959
-0.532,1.0480215840553233,4.65,-0.6871195539400196,-0.006653156354957438,0.9598076309811919,1.0063317181299105
-0.532,1.0480215840553233,4.7,-0.686427474641362,-0.007183419747190139,0.961017969866738,1.0061878274003382
-0.532,1.0480215840553233,4.75,-0.6856838529261604,-0.007684193909881816,0.9621888488476297,1.006047448822367
-0.532,1.0480215840553233,4.800000000000001,-0.6848915815160802,-0.008156597234206978,0.9633216931099516,1.005910493005152
-0.532,1.0480215840553233,4.8500000000000005,-0.6840534429765543,-0.00860171453107564,0.9644178703404802,1.0057768726842544
-0.532,1.0480215840553233,4.9,-0.6831721130506874,-0.009020597521629942,0.9654786932786292,1.0056465026930586
-0.532,1.0480215840553233,4.95,-0.6822501639418277,-0.009414265372139798,0.9665054221485617,1.0055192999324756
-0.532,1.0480215840553233,5.0,-0.6812900675407124,-0.009783705266635231,0.9674992669770429,1.0053951833391552
-0.532,1.0480215840553233,5.050000000000001,-0.6802941985937185,-0.0101298730112477,0.9684613898023994,1.0052740738524304
-0.532,1.0480215840553233,5.1000000000000005,-0.6792648378093198,-0.010453693664814198,0.9693929067796939,1.0051558943801724
-0.532,1.0480215840553233,5.15,-0.6782041749003801,-0.010756062190833422,0.970294890187056,1.0050405697637503
-0.532,1.0480215840553233,5.2,-0.6771143115603682,-0.01103784412635253,0.9711683703378597,1.0049280267422476
-0.532,1.0480215840553233,5.25,-0.675997264372006,-0.011299876263812406,0.9720143374032558,1.0048181939160972
-0.532,1.0480215840553233,5.300000000000001,-0.674854967647232,-0.011542967342290308,0.9728337431493514,1.004711001710261
-0.532,1.0480215840553233,5.3500000000000005,-0.6736892761977071,-0.011767898744954826,0.9736275025931519,1.0046063823370885
-0.532,1.0480215840553233,5.4,-0.672501968035382,-0.011975425199891176,0.9743964955811804,1.0045042697589648
-0.532,1.0480215840553233,5.45,-0.671294747002919,-0.01216627548176849,0.9751415682945104,1.0044045996508566
-0.532,1.0480215840553233,5.5,-0.6700692453340039,-0.012341153112107338,0.9758635346837898,1.0043073093628396
-0.532,1.0480215840553233,5.550000000000001,-0.668827026143776,-0.012500737056165438,0.9765631778376309,1.0042123378827068
-0.532,1.0480215840553233,5.6000000000000005,-0.667569585849823,-0.012645682414697513,0.9772412512876266,1.0041196257987308
-0.532,1.0480215840553233,5.65,-0.6662983565243088,-0.01277662110906021,0.9778984802530569,1.004029115262632
-0.532,1.0480215840553233,5.7,-0.6650147081779884,-0.012894162558329682,0.9785355628282234,1.0039407499528465
-0.532,1.0480215840553233,5.75,-0.663719950976955,-0.01299889434727649,0.9791531711152115,1.0038544750381189
-0.532,1.0480215840553233,5.800000000000001,-0.6624153373930896,-0.01309138288420398,0.979751952304719,1.0037702371414872
-0.532,1.0480215840553233,5.8500000000000005,-0.6611020642892691,-0.013172174047801768,0.9803325297074923,1.0036879843046955
-0.532,1.0480215840553233,5.9,-0.6597812749404676,-0.013241793822297994,0.9808955037387603,1.0036076659530728
-0.532,1.0480215840553233,5.95,-0.6584540609919572,-0.013300748920312418,0.9814414528579607,1.0035292328609173
-0.532,1.0480215840553233,6.0,-0.657121464355853,-0.01334952739291997,0.9819709344659129,1.0034526371174048
-0.532,1.0480215840553233,6.050000000000001,-0.6557844790473124,-0.01338859922653033,0.9824844857615146,1.0033778320930546
-0.532,1.0480215840553233,6.1000000000000005,-0.6544440529617191,-0.01341841692627587,0.9829826245599153,1.003304772406769
-0.532,1.0480215840553233,6.15,-0.6531010895942093,-0.013439416085677438,0.9834658500740284,1.0032334138934669
-0.532,1.0480215840553233,6.2,-0.6517564497029292,-0.01345201594242704,0.983934643661152,1.003163713572322
-0.532,1.0480215840553233,6.25,-0.6504109529174095,-0.013456619920188161,0.9843894695363832,1.0030956296156213
-0.532,1.0480215840553233,6.300000000000001,-0.6490653792934622,-0.013453616156369086,0.9848307754544147,1.0030291213182503
-0.532,1.0480215840553233,6.3500000000000005,-0.6477204708160027,-0.013443378015873966,0.9852589933612342,1.0029641490678127
-0.532,1.0480215840553233,6.4,-0.6463769328511944,-0.013426264590878766,0.9856745400171727,1.002900674315383
-0.532,1.0480215840553233,6.45,-0.6450354355493126,-0.013402621186717666,0.9860778175926613,1.0028386595469092
-0.532,1.0480215840553233,6.5,-0.6436966151997102,-0.013372779793998419,0.9864692142379982,1.002778068255249
-0.532,1.0480215840553233,6.550000000000001,-0.6423610755392506,-0.013337059547094486,0.9868491046283666,1.0027188649128458
-0.532,1.0480215840553233,6.6000000000000005,-0.6410293890155715,-0.013295767169186736,0.9872178504852689,1.0026610149450472
-0.532,1.0480215840553233,6.65,-0.6397020980065025,-0.013249197404049244,0.9875758010754954,1.0026044847040558
-0.532,1.0480215840553233,6.7,-0.6383797159969651,-0.0131976334347926,0.9879232936886844,1.0025492414435053
-0.532,1.0480215840553233,6.75,-0.6370627287146345,-0.013141347289793414,0.9882606540944828,1.0024952532936688
-0.532,1.0480215840553233,6.800000000000001,-0.635751595225644,-0.013080600236052203,0.9885881969802495,1.0024424892372752
-0.532,1.0480215840553233,6.8500000000000005,-0.6344467489915685,-0.013015643160232902,0.9889062263702298,1.0023909190859368
-0.532,1.0480215840553233,6.9,-0.633148598888911,-0.012946716937645339,0.9892150360270472,1.0023405134571846
-0.532,1.0480215840553233,6.95,-0.6318575301922803,-0.012874052789440088,0.9895149098363335,1.0022912437520874
-0.532,1.0480215840553233,7.0,-0.6305739055224302,-0.012797872628289315,0.9898061221752831,1.0022430821334598
-0.532,1.0480215840553233,7.050000000000001,-0.6292980657602922,-0.012718389392831842,0.9900889382658705,1.0021960015046405
-0.532,1.0480215840553233,7.1000000000000005,-0.6280303309281148,-0.012635807371162645,0.9903636145134241,1.0021499754888368
-0.532,1.0480215840553233,7.15,-0.6267710010387894,-0.012550322513648812,0.9906303988312408,1.0021049784090181
-0.532,1.0480215840553233,7.2,-0.6255203569144149,-0.012462122735353662,0.990889530951865,1.0020609852683584
-0.532,1.0480215840553233,7.25,-0.6242786609751325,-0.012371388208350651,0.9911412427256423,1.0020179717311999
-0.532,1.0480215840553233,7.300000000000001,-0.6230461579992173,-0.012278291644206876,0.991385758407124,1.0019759141045481
-0.532,1.0480215840553233,7.3500000000000005,-0.6218230758554038,-0.012182998566913869,0.9916232949298648,1.00193478932007
-0.532,1.0480215840553233,7.4,-0.6206096262083857,-0.012085667576540816,0.9918540621701382,1.0018945749165904
-0.532,1.0480215840553233,7.45,-0.6194060051984009,-0.011986450603881548,0.9920782632000615,1.0018552490230777
-0.532,1.0480215840553233,7.5,-0.6182123940957911,-0.011885493156363336,0.992296094530607,1.0018167903421036
-0.532,1.0480215840553233,7.550000000000001,-0.6170289599313977,-0.01178293455548098,0.992507746344936,1.001779178133769
-0.532,1.0480215840553233,7.6000000000000005,-0.6158558561036254,-0.011678908166015264,0.9927134027225003,1.001742392200081
-0.532,1.0480215840553233,7.65,-0.6146932229629865,-0.01157354161729002,0.9929132418542959,1.0017064128697735
-0.532,1.0480215840553233,7.7,-0.6135411883749036,-0.01146695701671696,0.9931074362496753,1.0016712209835585
-0.532,1.0480215840553233,7.75,-0.612399868261538,-0.011359271155872206,0.9932961529350764,1.0016367978797986
-0.532,1.0480215840553233,7.800000000000001,-0.6112693671233691,-0.011250595709343026,0.9934795536450146,1.0016031253805888
-0.532,1.0480215840553233,7.8500000000000005,-0.6101497785412441,-0.011141037426577665,0.9936577950056853,1.0015701857782366
-0.532,1.0480215840553233,7.9,-0.6090411856595822,-0.011030698316965744,0.9938310287114823,1.001537961822132
-0.532,1.0480215840553233,7.95,-0.6079436616513993,-0.010919675828370869,0.9939994016947473,1.001506436705992
-0.532,1.0480215840553233,8.0,-0.6068572701657998,-0.010808063019331479,0.9941630562890242,1.0014755940554803
-0.532,1.0480215840553233,8.05,-0.605782065758553,-0.010695948725140092,0.9943221303861112,1.0014454179161756
-0.532,1.0480215840553233,8.1,-0.604718094306362,-0.010583417718005715,0.9944767575871577,1.0014158927418977
-0.532,1.0480215840553233,8.15,-0.6036653934054039,-0.010470550861498083,0.9946270673480714,1.001387003383364
-0.532,1.0480215840553233,8.200000000000001,-0.6026239927547001,-0.010357425259467198,0.9947731851194588,1.0013587350771838
-0.532,1.0480215840553233,8.25,-0.6015939145248678,-0.010244114399625715,0.9949152324813385,1.0013310734351606
-0.532,1.0480215840553233,8.3,-0.6005751737127687,-0.010130688291976322,0.9950533272728445,1.0013040044339205
-0.532,1.0480215840553233,8.35,-0.5995677784825681,-0.010017213602260934,0.9951875837171166,1.001277514404829
-0.532,1.0480215840553233,8.4,-0.5985717304936876,-0.009903753780602929,0.9953181125415884,1.0012515900242096
-0.532,1.0480215840553233,8.450000000000001,-0.5975870252161322,-0.009790369185508636,0.9954450210938558,1.0012262183038478
-0.532,1.0480215840553233,8.5,-0.5966136522336362,-0.009677117203388937,0.9955684134533019,1.001201386581763
-0.532,1.0480215840553233,8.55,-0.5956515955350794,-0.009564052363756782,0.9956883905386656,1.0011770825132638
-0.532,1.0480215840553233,8.6,-0.5947008337945928,-0.009451226450251784,0.9958050502116993,1.0011532940622476
-0.532,1.0480215840553233,8.65,-0.5937613406407591,-0.009338688607637494,0.9959184873770853,1.0011300094927713
-0.532,1.0480215840553233,8.700000000000001,-0.5928330849153184,-0.009226485444913227,0.9960287940787641,1.001107217360854
-0.532,1.0480215840553233,8.75,-0.5919160309217436,-0.009114661134676624,0.9961360595928042,1.0010849065065237
-0.532,1.0480215840553233,8.8,-0.5910101386640615,-0.009003257508869492,0.9962403705169605,1.001063066046097
-0.532,1.0480215840553233,8.85,-0.5901153640762822,-0.00889231415103461,0.9963418108570579,1.001041685364684
-0.532,1.0480215840553233,8.9,-0.5892316592427624,-0.008781868485207013,0.9964404621103081,1.001020754108905
-0.532,1.0480215840553233,8.950000000000001,-0.5883589726098516,-0.008671955861559135,0.9965364033456973,1.00100026217983
-0.532,1.0480215840553233,9.0,-0.587497249189123,-0.008562609638915178,0.9966297112815504,1.0009801997261134
-0.532,1.0480215840553233,9.05,-0.586646430752513,-0.008453861264246207,0.9967204603603813,1.0009605571373323
-0.532,1.0480215840553233,9.1,-0.5858064560196495,-0.008345740349253316,0.99680872282114,1.0009413250375183
-0.532,1.0480215840553233,9.15,-0.5849772608376719,-0.008238274744143091,0.9968945687689507,1.0009224942788786
-0.532,1.0480215840553233,9.200000000000001,-0.5841587783538008,-0.00813149060869544,0.9969780662424393,1.0009040559356925
-0.532,1.0480215840553233,9.25,-0.5833509391809393,-0.00802541248072085,0.9970592812787503,1.0008860012983922
-0.532,1.0480215840553233,9.3,-0.5825536715565501,-0.007920063342000292,0.9971382779763229,1.0008683218678098
-0.532,1.0480215840553233,9.35,-0.5817669014950663,-0.007815464681798301,0.9972151185555311,1.0008510093495906
-0.532,1.0480215840553233,9.4,-0.5809905529340609,-0.0077116365580359785,0.9972898634172569,1.00083405564877
-0.532,1.0480215840553233,9.450000000000001,-0.5802245478744205,-0.0076085976562081945,0.9973625711994779,1.0008174528645042
-0.532,1.0480215840553233,9.5,-0.5794688065147304,-0.007506365346125781,0.9974332988319404,1.000801193284953
-0.532,1.0480215840553233,9.55,-0.5787232473800946,-0.007404955736561108,0.9975021015889959,1.0007852693823074
-0.532,1.0480215840553233,9.600000000000001,-0.5779877874455924,-0.007304383727872339,0.9975690331406644,1.0007696738079668
-0.532,1.0480215840553233,9.65,-0.5772623422545688,-0.00720466306267909,0.9976341456019855,1.000754399387843
-0.532,1.0480215840553233,9.700000000000001,-0.5765468260319541,-0.007105806374659727,0.9976974895807359,1.0007394391178077
-0.532,1.0480215840553233,9.75,-0.5758411517927913,-0.0070078252355379,0.9977591142235541,1.0007247861592656
-0.532,1.0480215840553233,9.8,-0.5751452314461591,-0.006910730200323607,0.9978190672605429,1.0007104338348525
-0.532,1.0480215840553233,9.850000000000001,-0.5744589758946492,-0.006814530850871547,0.9978773950484038,1.0006963756242615
-0.532,1.0480215840553233,9.9,-0.5737822951295702,-0.006719235837817715,0.9979341426121486,1.0006826051601794
-0.532,1.0480215840553233,9.950000000000001,-0.5731150983220412,-0.006624852920952386,0.9979893536854537,1.0006691162243397
-0.532,1.0480215840553233,10.0,-0.5724572939101168,-0.006531389008086133,0.9980430707496875,1.0006559027436983
-0.532,1.0480215840553233,10.05,-0.5718087896821074,-0.0064388501924631455,0.9980953350716782,1.0006429587866983
-0.532,1.0480215840553233,10.100000000000001,-0.5711694928562179,-0.0063472417887743115,0.9981461867402479,1.0006302785596541
-0.532,1.0480215840553233,10.15,-0.5705393101566633,-0.006256568367820453,0.9981956647015745,1.0006178564032335
-0.532,1.0480215840553233,10.200000000000001,-0.5699181478863768,-0.006166833789874614,0.9982438067934064,1.0006056867890354
-0.532,1.0480215840553233,10.25,-0.5693059119964468,-0.006078041236790318,0.9982906497781866,1.000593764316263
-0.532,1.0480215840553233,10.3,-0.5687025081524045,-0.0059901932429008995,0.9983362293751071,1.0005820837084984
-0.532,1.0480215840553233,10.350000000000001,-0.5681078417974795,-0.005903291724753782,0.9983805802911496,1.0005706398105532
-0.532,1.0480215840553233,10.4,-0.5675218182129389,-0.005817338009721589,0.9984237362511306,1.000559427585418
-0.532,1.0480215840553233,10.450000000000001,-0.5669443425756185,-0.005732332863530704,0.9984657300267984,1.0005484421112913
-0.532,1.0480215840553233,10.5,-0.5663753200127557,-0.005648276516746411,0.9985065934650045,1.0005376785786912
-0.532,1.0480215840553233,10.55,-0.5658146556542224,-0.005565168690252149,0.9985463575149953,1.0005271322876483
-0.532,1.0480215840553233,10.600000000000001,-0.5652622546822613,-0.005483008619759385,0.9985850522548334,1.0005167986449715
-0.532,1.0480215840553233,10.65,-0.5647180223788149,-0.0054017950793829326,0.9986227069170006,1.0005066731615953
-0.532,1.0480215840553233,10.700000000000001,-0.5641818641705449,-0.005321526404315582,0.9986593499131957,1.000496751449996
-0.532,1.0480215840553233,10.75,-0.5636536856716277,-0.005242200512634516,0.9986950088583566,1.0004870292216754
-0.532,1.0480215840553233,10.8,-0.5631333927244099,-0.005163814926270894,0.9987297105939416,1.000477502284723
-0.532,1.0480215840553233,10.850000000000001,-0.5626208914380078,-0.005086366791172762,0.9987634812104829,1.000468166541431
-0.532,1.0480215840553233,10.9,-0.562116088224931,-0.005009852896690549,0.998796346069444,1.000459017985986
-0.532,1.0480215840553233,10.950000000000001,-0.5616188898358042,-0.004934269694213083,0.9988283298244048,1.0004500527022169
-0.532,1.0480215840553233,11.0,-0.5611292033922607,-0.004859613315081326,0.9988594564415912,1.0004412668614047
-0.532,1.0480215840553233,11.05,-0.5606469364180833,-0.004785879587805868,0.9988897492197779,1.0004326567201518
-0.532,1.0480215840553233,11.100000000000001,-0.560171996868651,-0.004713064054613312,0.9989192308095795,1.0004242186183079
-0.532,1.0480215840553233,11.15,-0.5597042931587698,-0.004641161987345894,0.998947923232152,1.0004159489769522
-0.532,1.0480215840553233,11.200000000000001,-0.5592437341889421,-0.004570168402737635,0.9989758478973272,1.0004078442964293
-0.532,1.0480215840553233,11.25,-0.5587902293701376,-0.004500078077089588,0.999003025621194,1.000399901154436
-0.532,1.0480215840553233,11.3,-0.5583436886471282,-0.00443088556036597,0.9990294766431467,1.0003921162041638
-0.532,1.0480215840553233,11.350000000000001,-0.55790402252044,-0.004362585189732003,0.999055220642418,1.000384486172482
-0.532,1.0480215840553233,11.4,-0.5574711420669782,-0.004295171102553829,0.9990802767541124,1.0003770078581786
-0.532,1.0480215840553233,11.450000000000001,-0.5570449589593809,-0.0042286372488798425,0.9991046635847574,1.0003696781302411
-0.532,1.0480215840553233,11.5,-0.5566253854841445,-0.004162977403422284,0.9991283992273888,1.000362493926182
-0.532,1.0480215840553233,11.55,-0.5562123345585815,-0.00409818517705714,0.9991515012761812,1.0003554522504168
-0.532,1.0480215840553233,11.600000000000001,-0.5558057197466462,-0.004034254027859905,0.9991739868406415,1.0003485501726717
-0.532,1.0480215840553233,11.65,-0.5554054552736836,-0.0039711772716939445,0.9991958725593824,1.0003417848264438
-0.532,1.0480215840553233,11.700000000000001,-0.5550114560401375,-0.0039089480923677165,0.9992171746134778,1.0003351534074962
-0.532,1.0480215840553233,11.75,-0.5546236376342676,-0.0038475595513765503,0.9992379087394322,1.0003286531723918
-0.532,1.0480215840553233,11.8,-0.554241916343908,-0.003787004597243966,0.9992580902417547,1.0003222814370676
-0.532,1.0480215840553233,11.850000000000001,-0.5538662091673163,-0.0037272760744772237,0.9992777340051705,1.0003160355754446
-0.532,1.0480215840553233,11.9,-0.5534964338231395,-0.00366836673215102,0.9992968545064607,1.0003099130180721
-0.532,1.0480215840553233,11.950000000000001,-0.5531325087595472,-0.0036102692321329194,0.9993154658259654,1.0003039112508108
-0.532,1.0480215840553233,12.0,-0.5527743531625517,-0.0035529761569635943,0.9993335816587391,1.0002980278135445
-0.532,1.0480215840553233,12.05,-0.5524218869635626,-0.0034964800174043715,0.999351215325383,1.0002922602989284
-0.532,1.0480215840553233,12.100000000000001,-0.5520750308462006,-0.003440773259664352,0.9993683797825575,1.0002866063511693
-0.532,1.0480215840553233,12.15,-0.5517337062524043,-0.00338584827231869,0.9993850876331903,1.0002810636648334
-0.532,1.0480215840553233,12.200000000000001,-0.5513978353878585,-0.003331697392929389,0.999401351136382,1.0002756299836886
-0.532,1.0480215840553233,12.25,-0.5510673412267789,-0.0032783129143795133,0.9994171822170272,1.000270303099574
-0.532,1.0480215840553233,12.3,-0.5507421475160736,-0.003225687090931261,0.999432592475153,1.0002650808512967
-0.532,1.0480215840553233,12.350000000000001,-0.5504221787789125,-0.0031738121440180937,0.9994475931949891,1.0002599611235583
-0.532,1.0480215840553233,12.4,-0.5501073603177331,-0.0031226802677806606,0.9994621953537692,1.0002549418459092
-0.532,1.0480215840553233,12.450000000000001,-0.549797618216702,-0.0030722836343559223,0.9994764096302868,1.0002500209917262
-0.532,1.0480215840553233,12.5,-0.5494928793436608,-0.0030226143989286617,0.9994902464131933,1.0002451965772154
-0.532,1.0480215840553233,12.55,-0.5491930713515785,-0.002973664704553987,0.9995037158090646,1.000240466660445
-0.532,1.0480215840553233,12.600000000000001,-0.5488981226795331,-0.002925426686759495,0.9995168276502343,1.0002358293403983
-0.532,1.0480215840553233,12.65,-0.5486079625532422,-0.002877892477935014,0.9995295915023967,1.0002312827560467
-0.532,1.0480215840553233,12.700000000000001,-0.5483225209851655,-0.002831054211518067,0.9995420166719974,1.0002268250854525
-0.532,1.0480215840553233,12.75,-0.5480417287742012,-0.002784904025982406,0.9995541122134071,1.0002224545448903
-0.532,1.0480215840553233,12.8,-0.5477655175049871,-0.0027394340686371266,0.9995658869358959,1.0002181693879908
-0.532,1.0480215840553233,12.850000000000001,-0.5474938195468387,-0.0026946364992432533,0.9995773494104033,1.0002139679049038
-0.532,1.0480215840553233,12.9,-0.5472265680523275,-0.002650503493454855,0.9995885079761148,1.0002098484214832
-0.532,1.0480215840553233,12.950000000000001,-0.5469636969555282,-0.0026070272460909727,0.9995993707468577,1.000205809298492
-0.532,1.0480215840553233,13.0,-0.5467051409699452,-0.002564199974244965,0.9996099456173053,1.0002018489308275
-0.532,1.0480215840553233,13.05,-0.5464508355861349,-0.0025220139202372814,0.9996202402690131,1.0001979657467623
-0.532,1.0480215840553233,13.100000000000001,-0.5462007170690448,-0.002480461354417504,0.9996302621762789,1.0001941582072056
-0.532,1.0480215840553233,13.15,-0.5459547224550725,-0.0024395345778214666,0.9996400186118389,1.0001904248049813
-0.532,1.0480215840553233,13.200000000000001,-0.5457127895488729,-0.0023992259246889405,0.9996495166524023,1.0001867640641295
-0.532,1.0480215840553233,13.25,-0.5454748569199164,-0.002359527764847125,0.999658763184028,1.000183174539211
-0.532,1.0480215840553233,13.3,-0.5452408638988169,-0.0023204325059650566,0.9996677649073532,1.0001796548146442
-0.532,1.0480215840553233,13.350000000000001,-0.5450107505734391,-0.0022819325956839717,0.99967652834267,1.0001762035040473
-0.532,1.0480215840553233,13.4,-0.5447844577848012,-0.0022440205236282976,0.9996850598348631,1.0001728192496004
-0.532,1.0480215840553233,13.450000000000001,-0.5445619271227797,-0.002206688823301859,0.9996933655582054,1.000169500721421
-0.532,1.0480215840553233,13.5,-0.5443431009216316,-0.0021699300738738125,0.9997014515210225,1.0001662466169565
-0.532,1.0480215840553233,13.55,-0.5441279222553426,-0.0021337369018584905,0.9997093235702219,1.0001630556603887
-0.532,1.0480215840553233,13.600000000000001,-0.5439163349328143,-0.0020981019826933653,0.9997169873957001,1.0001599266020536
-0.532,1.0480215840553233,13.65,-0.5437082834928952,-0.002063018042219042,0.9997244485346236,1.0001568582178753
-0.532,1.0480215840553233,13.700000000000001,-0.5435037131992713,-0.002028477858065162,0.9997317123755882,1.0001538493088105
-0.532,1.0480215840553233,13.75,-0.543302570035222,-0.001994474260945922,0.9997387841626685,1.0001508987003107
-0.532,1.0480215840553233,13.8,-0.5431048006982493,-0.001961000135868755,0.9997456689993477,1.0001480052417921
-0.532,1.0480215840553233,13.850000000000001,-0.5429103525945934,-0.00192804842325964,0.9997523718523442,1.0001451678061213
-0.532,1.0480215840553233,13.9,-0.5427191738336365,-0.001895612120008368,0.9997588975553235,1.0001423852891103
-0.532,1.0480215840553233,13.950000000000001,-0.5425312132222065,-0.001863684280436973,0.9997652508125152,1.0001396566090255
-0.532,1.0480215840553233,14.0,-0.5423464202587922,-0.0018322580171943872,0.9997714362022277,1.0001369807061078
-0.532,1.0480215840553233,14.05,-0.5421647451276645,-0.001801326502080369,0.9997774581802591,1.0001343565421015
-0.532,1.0480215840553233,14.100000000000001,-0.5419861386929253,-0.0017708829668015302,0.9997833210832222,1.0001317830997971
-0.532,1.0480215840553233,14.15,-0.5418105524924812,-0.0017409207036622602,0.9997890291317715,1.000129259382581
-0.532,1.0480215840553233,14.200000000000001,-0.5416379387319532,-0.0017114330661932252,0.9997945864337446,1.000126784414
-0.532,1.0480215840553233,14.25,-0.5414682502785217,-0.0016824134697200426,0.9997999969872136,1.000124357237332
-0.532,1.0480215840553233,14.3,-0.5413014406547246,-0.001653855391874577,0.9998052646834551,1.0001219769151681
-0.532,1.0480215840553233,14.350000000000001,-0.5411374640322023,-0.0016257523730512874,0.9998103933098359,1.0001196425290055
-0.532,1.0480215840553233,14.4,-0.5409762752253993,-0.0015980980168109815,0.999815386552621,1.0001173531788443
-0.532,1.0480215840553233,14.450000000000001,-0.5408178296852321,-0.0015708859902341557,0.9998202479997034,1.0001151079828021
-0.532,1.0480215840553233,14.5,-0.5406620834927193,-0.0015441100242260786,0.9998249811432596,1.0001129060767286
-0.532,1.0480215840553233,14.55,-0.5405089933525874,-0.0015177639137757336,0.999829589382329,1.0001107466138357
-0.532,1.0480215840553233,14.600000000000001,-0.5403585165868504,-0.0014918415181706195,0.9998340760253294,1.0001086287643304
-0.532,1.0480215840553233,14.65,-0.5402106111283714,-0.0014663367611692797,0.9998384442924931,1.0001065517150596
-0.532,1.0480215840553233,14.700000000000001,-0.5400652355144085,-0.0014412436311335465,0.9998426973182472,1.000104514669163
-0.532,1.0480215840553233,14.75,-0.5399223488801501,-0.0014165561811221214,0.999846838153522,1.0001025168457303
-0.532,1.0480215840553233,14.8,-0.53978191095224,-0.0013922685289474046,0.9998508697679952,1.0001005574794712
-0.532,1.0480215840553233,14.850000000000001,-0.5396438820423034,-0.0013683748571971213,0.9998547950522813,1.0000986358203854
-0.532,1.0480215840553233,14.9,-0.5395082230404685,-0.001344869413222405,0.9998586168200541,1.00009675113345
-0.532,1.0480215840553233,14.950000000000001,-0.5393748954088913,-0.001321746509093844,0.9998623378101168,1.0000949026983041
-0.532,1.0480215840553233,15.0,-0.5392438611752881,-0.0012990005215270564,0.9998659606884103,1.0000930898089453
-0.532,1.0480215840553233,15.05,-0.5391150829264763,-0.0012766258917791674,0.9998694880499704,1.0000913117734327
-0.532,1.0480215840553233,15.100000000000001,-0.5389885238019254,-0.0012546171255176126,0.9998729224208319,1.0000895679135968
-0.532,1.0480215840553233,15.15,-0.5388641474873245,-0.0012329687926625594,0.9998762662598789,1.000087857564753
-0.532,1.0480215840553233,15.200000000000001,-0.5387419182081657,-0.0012116755272043194,0.9998795219606458,1.0000861800754222
-0.532,1.0480215840553233,15.25,-0.5386218007233475,-0.0011907320269968862,0.9998826918530657,1.0000845348070637
-0.532,1.0480215840553233,15.3,-0.5385037603187984,-0.0011701330535288915,0.9998857782051801,1.0000829211338025
-0.532,1.0480215840553233,15.350000000000001,-0.5383877628011291,-0.0011498734316730483,0.9998887832247938,1.0000813384421732
-0.532,1.0480215840553233,15.4,-0.5382737744913023,-0.0011299480494152414,0.9998917090610863,1.0000797861308623
-0.532,1.0480215840553233,15.450000000000001,-0.5381617622183404,-0.001110351857564318,0.9998945578061831,1.0000782636104615
-0.532,1.0480215840553233,15.5,-0.5380516933130566,-0.0010910798694435968,0.999897331496681,1.0000767703032214
-0.532,1.0480215840553233,15.55,-0.5379435356018193,-0.0010721271605650946,0.9999000321151346,1.0000753056428147
-0.532,1.0480215840553233,15.600000000000001,-0.5378372574003508,-0.001053488868287422,0.9999026615914979,1.0000738690741013
-0.532,1.0480215840553233,15.65,-0.5377328275075605,-0.0010351601914582512,0.9999052218045341,1.0000724600529012
-0.532,1.0480215840553233,15.700000000000001,-0.5376302151994131,-0.0010171363900422542,0.9999077145831811,1.000071078045769
-0.532,1.0480215840553233,15.75,-0.5375293902228381,-0.0009994127847353569,0.9999101417078818,1.0000697225297777
-0.532,1.0480215840553233,15.8,-0.5374303227896755,-0.0009819847565661034,0.9999125049118807,1.000068392992304
-0.532,1.0480215840553233,15.850000000000001,-0.5373329835706626,-0.0009648477464849563,0.9999148058824815,1.0000670889308163
-0.532,1.0480215840553233,15.9,-0.5372373436894632,-0.00094799725494224,0.999917046262276,1.000065809852674
-0.532,1.0480215840553233,15.950000000000001,-0.5371433747167393,-0.0009314288414554873,0.9999192276503331,1.0000645552749232
-0.532,1.0480215840553233,16.0,-0.5370510486642666,-0.0009151381241668749,0.9999213516033615,1.0000633247241026
-0.532,1.0480215840553233,16.05,-0.5369603379790938,-0.0008991207793914307,0.9999234196368402,1.0000621177360514
-0.532,1.0480215840553233,16.1,-0.5368712155377484,-0.0008833725411566011,0.9999254332261135,1.0000609338557196
-0.532,1.0480215840553233,16.150000000000002,-0.5367836546404895,-0.0008678892007339088,0.9999273938074639,1.000059772636985
-0.532,1.0480215840553233,16.2,-0.5366976290056067,-0.0008526666061631733,0.9999293027791525,1.000058633642474
-0.532,1.0480215840553233,16.25,-0.536613112763767,-0.0008377006617699409,0.9999311615024271,1.000057516443382
-0.532,1.0480215840553233,16.3,-0.5365300804524114,-0.000822987327676667,0.999932971302514,1.0000564206193074
-0.532,1.0480215840553233,16.35,-0.5364485070101992,-0.0008085226193081176,0.9999347334695708,1.0000553457580734
-0.532,1.0480215840553233,16.400000000000002,-0.5363683677715022,-0.0007943026068916008,0.9999364492596243,1.0000542914555712
-0.532,1.0480215840553233,16.45,-0.5362896384609517,-0.0007803234149524051,0.9999381198954743,1.0000532573155922
-0.532,1.0480215840553233,16.5,-0.5362122951880316,-0.0007665812218049647,0.9999397465675809,1.0000522429496734
-0.532,1.0480215840553233,16.55,-0.5361363144417265,-0.0007530722590402165,0.9999413304349211,1.0000512479769381
-0.532,1.0480215840553233,16.6,-0.5360616730852199,-0.0007397928110095252,0.9999428726258277,1.0000502720239481
-0.532,1.0480215840553233,16.650000000000002,-0.5359883483506437,-0.0007267392143056019,0.9999443742388037,1.000049314724552
-0.532,1.0480215840553233,16.7,-0.5359163178338794,-0.0007139078572408449,0.9999458363433137,1.0000483757197418
-0.532,1.0480215840553233,16.75,-0.5358455594894137,-0.0007012951793234418,0.9999472599805552,1.0000474546575069
-0.532,1.0480215840553233,16.8,-0.5357760516252446,-0.0006888976707315771,0.9999486461642114,1.0000465511926984
-0.532,1.0480215840553233,16.85,-0.5357077728978402,-0.0006767118717861706,0.9999499958811793,1.00004566498689
-0.532,1.0480215840553233,16.900000000000002,-0.5356407023071516,-0.0006647343724223531,0.9999513100922819,1.0000447957082432
-0.532,1.0480215840553233,16.95,-0.5355748191916774,-0.0006529618116601183,0.9999525897329596,1.0000439430313786
-0.532,1.0480215840553233,17.0,-0.5355101032235825,-0.0006413908770743678,0.9999538357139449,1.0000431066372462
-0.532,1.0480215840553233,17.05,-0.5354465344038678,-0.0006300183042646781,0.9999550489219164,1.0000422862129985
-0.532,1.0480215840553233,17.1,-0.5353840930575957,-0.0006188408763250386,0.9999562302201386,1.0000414814518692
-0.532,1.0480215840553233,17.150000000000002,-0.5353227598291662,-0.0006078554233138685,0.9999573804490801,1.000040692053052
-0.532,1.0480215840553233,17.2,-0.5352625156776472,-0.0005970588217244841,0.9999585004270208,1.000039917721581
-0.532,1.0480215840553233,17.25,-0.5352033418721572,-0.0005864479939563561,0.999959590950638,1.0000391581682169
-0.532,1.0480215840553233,17.3,-0.5351452199873018,-0.0005760199077872968,0.9999606527955799,1.0000384131093318
-0.532,1.0480215840553233,17.35,-0.5350881318986614,-0.0005657715758468504,0.9999616867170245,1.0000376822668011
-0.532,1.0480215840553233,17.400000000000002,-0.5350320597783331,-0.0005557000550910567,0.9999626934502178,1.00003696536789
-0.532,1.0480215840553233,17.45,-0.5349769860905234,-0.0005458024462788176,0.9999636737110059,1.0000362621451522
-0.532,1.0480215840553233,17.5,-0.5349228935871938,-0.000536075893450028,0.9999646281963458,1.0000355723363203
-0.532,1.0480215840553233,17.55,-0.534869765303761,-0.000526517583405667,0.9999655575848081,1.0000348956842087
-0.532,1.0480215840553233,17.6,-0.5348175845548434,-0.0005171247451899972,0.9999664625370612,1.0000342319366091
-0.532,1.0480215840553233,17.650000000000002,-0.5347663349300655,-0.0005078946495750608,0.9999673436963485,1.0000335808461953
-0.532,1.0480215840553233,17.7,-0.5347160002899083,-0.0004988246085475914,0.9999682016889462,1.0000329421704248
-0.532,1.0480215840553233,17.75,-0.5346665647616158,-0.0004899119747985188,0.999969037124614,1.000032315671448
-0.532,1.0480215840553233,17.8,-0.5346180127351475,-0.0004811541412151759,0.9999698505970321,1.000031701116011
-0.532,1.0480215840553233,17.85,-0.5345703288591865,-0.00047254854037635373,0.9999706426842265,1.000031098275369
-0.532,1.0480215840553233,17.900000000000002,-0.5345234980371935,-0.0004640926440503126,0.9999714139489829,1.0000305069251971
-0.532,1.0480215840553233,17.95,-0.534477505423514,-0.00045578396269588066,0.99997216493925,1.0000299268455033
-0.532,1.0480215840553233,18.0,-0.5344323364195337,-0.0004476200449667208,0.999972896188531,1.0000293578205415
-0.532,1.0480215840553233,18.05,-0.5343879766698835,-0.00043959847721891686,0.9999736082162674,1.0000287996387316
-0.532,1.0480215840553233,18.1,-0.5343444120586941,-0.0004317168830218975,0.9999743015282085,1.0000282520925754
-0.532,1.0480215840553233,18.150000000000002,-0.5343016287058984,-0.0004239729226728728,0.9999749766167748,1.000027714978578
-0.532,1.0480215840553233,18.2,-0.5342596129635842,-0.0004163642927148036,0.9999756339614105,1.0000271880971687
-0.532,1.0480215840553233,18.25,-0.5342183514123906,-0.00040888872545801066,0.9999762740289245,1.000026671252623
-0.532,1.0480215840553233,18.3,-0.5341778308579599,-0.00040154398850549217,0.9999768972738265,1.0000261642529904
-0.532,1.0480215840553233,18.35,-0.534138038327427,-0.00039432788428200535,0.9999775041386517,1.0000256669100187
-0.532,1.0480215840553233,18.400000000000002,-0.534098961065963,-0.0003872382495670152,0.9999780950542738,1.0000251790390813
-0.532,1.0480215840553233,18.45,-0.5340605865333634,-0.00038027295503149255,0.9999786704402186,1.0000247004591076
-0.532,1.0480215840553233,18.5,-0.5340229024006804,-0.00037342990477869954,0.9999792307049591,1.000024230992513
-0.532,1.0480215840553233,18.55,-0.5339858965469032,-0.00036670703588896706,0.9999797762462096,1.0000237704651298
-0.532,1.0480215840553233,18.6,-0.5339495570556839,-0.0003601023179684983,0.9999803074512086,1.0000233187061436
-0.532,1.0480215840553233,18.650000000000002,-0.533913872212105,-0.0003536137527022792,0.9999808246969965,1.0000228755480254
-0.532,1.0480215840553233,18.7,-0.5338788304994961,-0.00034723937341109014,0.9999813283506833,1.0000224408264673
-0.532,1.0480215840553233,18.75,-0.5338444205962912,-0.00034097724461270386,0.9999818187697137,1.0000220143803218
-0.532,1.0480215840553233,18.8,-0.5338106313729294,-0.00033482546158723086,0.9999822963021183,1.0000215960515393
-0.532,1.0480215840553233,18.85,-0.5337774518888041,-0.0003287821499467345,0.999982761286765,1.0000211856851076
-0.532,1.0480215840553233,18.900000000000002,-0.5337448713892463,-0.00032284546520900027,0.9999832140535978,1.000020783128991
-0.532,1.0480215840553233,18.95,-0.5337128793025588,-0.0003170135923756467,0.9999836549238774,1.000020388234078
-0.532,1.0480215840553233,19.0,-0.5336814652370875,-0.00031128474551446515,0.9999840842104035,1.0000200008541178
-0.532,1.0480215840553233,19.05,-0.5336506189783353,-0.00030565716734605046,0.9999845022177447,1.0000196208456698
-0.532,1.0480215840553233,19.1,-0.5336203304861171,-0.0003001291288347488,0.9999849092424496,1.0000192480680465
-0.532,1.0480215840553233,19.150000000000002,-0.5335905898917569,-0.00029469892878390523,0.9999853055732634,1.0000188823832596
-0.532,1.0480215840553233,19.200000000000003,-0.5335613874953226,-0.00028936489343543047,0.9999856914913301,1.0000185236559715
-0.532,1.0480215840553233,19.25,-0.5335327137629026,-0.00028412537607368693,0.9999860672703955,1.0000181717534375
-0.532,1.0480215840553233,19.3,-0.5335045593239213,-0.0002789787566336982,0.9999864331769992,1.0000178265454613
-0.532,1.0480215840553233,19.35,-0.5334769149684934,-0.0002739234413136887,0.9999867894706684,1.000017487904344
-0.532,1.0480215840553233,19.400000000000002,-0.5334497716448164,-0.0002689578621919358,0.9999871364041,1.0000171557048332
-0.532,1.0480215840553233,19.450000000000003,-0.5334231204566016,-0.0002640804768479284,0.9999874742233408,1.0000168298240788
-0.532,1.0480215840553233,19.5,-0.5333969526605434,-0.0002592897679878707,0.9999878031679649,1.0000165101415852
-0.532,1.0480215840553233,19.55,-0.5333712596638251,-0.0002545842430744403,0.9999881234712423,1.0000161965391667
-0.532,1.0480215840553233,19.6,-0.5333460330216598,-0.00024996243396087825,0.9999884353603048,1.0000158889009003
-0.532,1.0480215840553233,19.650000000000002,-0.5333212644348728,-0.000245422896529336,0.9999887390563095,1.0000155871130847
-0.532,1.0480215840553233,19.700000000000003,-0.5332969457475132,-0.0002409642103334994,0.9999890347745953,1.000015291064196
-0.532,1.0480215840553233,19.75,-0.5332730689445067,-0.0002365849782454639,0.9999893227248365,1.0000150006448465
-0.532,1.0480215840553233,19.8,-0.5332496261493398,-0.00023228382610684765,0.9999896031111907,1.000014715747741
-0.532,1.0480215840553233,19.85,-0.5332266096217819,-0.00022805940238411606,0.9999898761324452,1.0000144362676417
-0.532,1.0480215840553233,19.900000000000002,-0.533204011755638,-0.00022391037782812435,0.9999901419821609,1.0000141621013217
-0.532,1.0480215840553233,19.950000000000003,-0.5331818250765378,-0.00021983544513782166,0.9999904008488044,1.0000138931475309
-0.532,1.0480215840553233,20.0,-0.5331600422397581,-0.00021583331862812998,0.9999906529158867,1.0000136293069573
-0.532,1.0480215840553233,20.1,-0.53311765934966,-0.00020804244752630117,0.9999911373614082,1.0000131165776704
-0.532,1.0480215840553233,20.28615468146082,-0.5330427961215216,-0.00019426804237781213,0.9999919732865873,1.0000122129758635
-0.532,1.0480215840553233,20.47403342090323,-0.5329722671503535,-0.00018127549586498409,0.9999927370164208,1.000011364165188
-0.532,1.0480215840553233,20.663652185564246,-0.5329058693478529,-0.00016902960007649306,0.9999934341460365,1.0000105673454613
-0.532,1.0480215840553233,20.855027090560313,-0.5328434060934423,-0.00015749614333501597,0.9999940698939646,1.0000098198268992
-0.532,1.0480215840553233,21.04817440025684,-0.5327846872063584,-0.00014664191758110046,0.9999946491228393,1.0000091190275586
-0.532,1.0480215840553233,21.243110529650455,-0.5327295289067449,-0.0001364347232194466,0.999995176359298,1.0000084624707541
-0.532,1.0480215840553233,21.439852045764102,-0.532677753766275,-0.00012684337152785977,0.9999956558131005,1.0000078477824517
-0.532,1.0480215840553233,21.638415669054964,-0.5326291906488498,-0.00011783768473244973,0.9999960913954693,1.0000072726886422
-0.532,1.0480215840553233,21.83881827483555,-0.53258367464192,-0.00010938849385536852,0.999996486736659,1.000006735012708
-0.532,1.0480215840553233,22.04107689470784,-0.5325410469789905,-0.00010146763444384483,0.9999968452027717,1.0000062326727688
-0.532,1.0480215840553233,22.245208718010712,-0.5325011549538691,-9.40479402912429e-05,0.9999971699118319,1.0000057636790318
-0.532,1.0480215840553233,22.4512310932809,-0.5324638518272217,-8.710323526218866e-05,0.99999746374913,1.0000053261311344
-0.532,1.0480215840553233,22.659161529727328,-0.5324289967260024,-8.060832333504469e-05,0.9999977293818516,1.0000049182154902
-0.532,1.0480215840553233,22.86901769871915,-0.5323964545363207,-7.45389769754827e-05,0.9999979692730109,1.0000045382026421
-0.532,1.0480215840553233,23.080817435287667,-0.5323660957903043,-6.887192395516311e-05,0.9999981856947014,1.0000041844446244
-0.532,1.0480215840553233,23.294578739641963,-0.532337796547516,-6.358483272927946e-05,0.9999983807406868,1.0000038553723378
-0.532,1.0480215840553233,23.510319778698783,-0.5323114382714704,-5.865629648609544e-05,0.9999985563383414,1.0000035494929433
-0.532,1.0480215840553233,23.72805888762644,-0.532286907701792,-5.406581598059379e-05,0.99999871425997,1.0000032653872786
-0.532,1.0480215840553233,23.947814571403043,-0.5322640967225416,-4.979378126300686e-05,0.9999988561335186,1.0000030017072898
-0.532,1.0480215840553233,24.169605506389228,-0.5322429022272339,-4.582145241125668e-05,0.9999989834526982,1.0000027571735057
-0.532,1.0480215840553233,24.39345054191539,-0.5322232259810435,-4.213093937417635e-05,0.9999990975865417,1.0000025305725257
-0.532,1.0480215840553233,24.619368701883577,-0.5322049744806987,-3.8705181030309995e-05,0.9999991997884163,1.0000023207545536
-0.532,1.0480215840553233,24.847379186384366,-0.5321880588125313,-3.552792356404983e-05,0.9999992912045046,1.0000021266309618
-0.532,1.0480215840553233,25.077501373328523,-0.5321723945091459,-3.2583698258233226e-05,0.9999993728817873,1.000001947171897
-0.532,1.0480215840553233,25.30975482009396,-0.5321579014051437,-2.985779879910672e-05,0.9999994457755343,1.0000017814039244
-0.532,1.0480215840553233,25.544159265187808,-0.5321445034923326,-2.7336258186084844e-05,0.9999995107563343,1.0000016284077184
-0.532,1.0480215840553233,25.780734629923902,-0.5321321287748166,-2.500582533527731e-05,0.999999568616677,1.0000014873157972
-0.532,1.0480215840553233,26.019501020115914,-0.5321207091243562,-2.2853941461930255e-05,0.9999996200771157,1.0000013573103066
-0.532,1.0480215840553233,26.260478727786037,-0.5321101801363605,-2.0868716323114564e-05,0.9999996657920188,1.0000012376208516
-0.532,1.0480215840553233,26.503688232889502,-0.5321004809868527,-1.9038904397885452e-05,0.9999997063549416,1.0000011275223795
-0.532,1.0480215840553233,26.74915020505521,-0.5320915542907337,-1.735388107809424e-05,0.9999997423036265,1.0000010263331178
-0.532,1.0480215840553233,26.99688550534226,-0.5320833459616412,-1.580361893882679e-05,0.9999997741246619,1.0000009334125628
-0.532,1.0480215840553233,27.246915188012967,-0.532075805073685,-1.4378664153146432e-05,0.9999998022578055,1.000000848159524
-0.532,1.0480215840553233,27.499260502322162,-0.5320688837253206,-1.3070113111627878e-05,0.9999998271000018,1.0000007700102242
-0.532,1.0480215840553233,27.753942894323053,-0.5320625369055879,-1.1869589302798563e-05,0.9999998490091014,1.0000006984364587
-0.532,1.0480215840553233,28.010984008689945,-0.5320567223629434,-1.0769220506345742e-05,0.9999998683073054,1.0000006329438056
-0.532,1.0480215840553233,28.270405690557713,-0.5320514004768703,-9.761616346729995e-06,0.9999998852843487,1.0000005730699002
-0.532,1.0480215840553233,28.532229987378305,-0.5320465341324488,-8.839846250597593e-06,0.999999900200436,1.0000005183827627
-0.532,1.0480215840553233,28.79647915079459,-0.5320420885980345,-7.997417847227637e-06,0.9999999132889508,1.000000468479183
-0.532,1.0480215840553233,29.063175638531384,-0.5320380314061884,-7.2282558472684175e-06,0.9999999247589453,1.0000004229831696
-0.532,1.0480215840553233,29.332342116304055,-0.5320343322379647,-6.526681430949001e-06,0.9999999347974328,1.0000003815444467
-0.532,1.0480215840553233,29.604001459744886,-0.5320309628106639,-5.887392173164969e-06,0.9999999435714848,1.0000003438370162
-0.532,1.0480215840553233,29.8781767563471,-0.5320278967691244,-5.305442529043547e-06,0.9999999512301623,1.0000003095577727
-0.532,1.0480215840553233,30.154891307427096,-0.5320251095806187,-4.7762249000526814e-06,0.9999999579062738,1.0000002784251754
-0.532,1.0480215840553233,30.43416863010471,-0.5320225784334022,-4.295451297184437e-06,0.9999999637179874,1.0000002501779754
-0.532,1.0480215840553233,30.716032459301825,-0.5320202821389425,-3.8591356144733185e-06,0.9999999687702998,1.0000002245739992
-0.532,1.0480215840553233,31.00050674975963,-0.532018201037851,-3.463576522924002e-06,0.9999999731563747,1.0000002013889808
-0.532,1.0480215840553233,31.287615678074335,-0.5320163169095129,-3.1053409919446843e-06,0.9999999769587595,1.0000001804154555
-0.532,1.0480215840553233,31.577383644751972,-0.5320146128854157,-2.7812484425554905e-06,0.9999999802504956,1.0000001614616965
-0.532,1.0480215840553233,31.869835276282085,-0.5320130733661429,-2.488355533956718e-06,0.999999983096114,1.000000144350708
-0.532,1.0480215840553233,32.16499542723059,-0.5320116839420086,-2.2239415825759175e-06,0.999999985552552,1.0000001289192648
-0.532,1.0480215840553233,32.462889182352235,-0.5320104313172854,-1.9854946104663658e-06,0.9999999876699692,1.0000001150170001
-0.532,1.0480215840553233,32.763541858722334,-0.5320093032379726,-1.7706980175989676e-06,0.9999999894924908,1.0000001025055432
-0.532,1.0480215840553233,33.06697900788844,-0.5320082884230437,-1.5774178709374736e-06,0.9999999910588766,1.0000000912576985
-0.532,1.0480215840553233,33.373226418041924,-0.5320073764991048,-1.4036908010503654e-06,0.9999999924031229,1.0000000811566703
-0.532,1.0480215840553233,33.68231011620963,-0.5320065579383851,-1.2477124956947856e-06,0.9999999935550015,1.000000072095332
-0.532,1.0480215840553233,33.99425637046573,-0.53200582399998,-1.1078267781810645e-06,0.9999999945405467,1.000000063975533
-0.532,1.0480215840553233,34.30909169216431,-0.532005166674254,-9.825152570490581e-07,0.9999999953824881,1.000000056707449
-0.532,1.0480215840553233,34.62684283819243,-0.5320045786303182,-8.703875325405368e-07,0.999999996100641,1.0000000502089665
-0.532,1.0480215840553233,34.94753681324406,-0.5320040531664781,-7.701719442799326e-07,0.9999999967122525,1.0000000444051083
-0.532,1.0480215840553233,35.2712008721152,-0.532003584163558,-6.807068437840338e-07,0.9999999972323097,1.0000000392274908
-0.532,1.0480215840553233,35.597862522020144,-0.5320031660409971,-6.009323747121966e-07,0.9999999976738169,1.000000034613817
-0.532,1.0480215840553233,35.927549524929255,-0.532002793715613,-5.298827432047266e-07,0.9999999980480385,1.0000000305074
-0.532,1.0480215840553233,36.26028989992831,-0.53200246256293,-4.666789602262455e-07,0.9999999983647155,1.0000000268567215
-0.532,1.0480215840553233,36.59611192559986,-0.5320021683809628,-4.1052203748535515e-07,0.9999999986322607,1.0000000236150113
-0.532,1.0480215840553233,36.93504414242648,-0.5320019073563514,-3.606866183275366e-07,0.9999999988579248,1.0000000207398663
-0.532,1.0480215840553233,37.27711535521626,-0.5320016760327416,-3.1651502487636817e-07,0.9999999990479475,1.0000000181928852
-0.532,1.0480215840553233,37.62235463555102,-0.5320014712813022,-2.7741170267304515e-07,0.9999999992076902,1.0000000159393352
-0.532,1.0480215840553233,37.97079132425686,-0.5320012902732801,-2.428380441782071e-07,0.9999999993417502,1.0000000139478398
-0.532,1.0480215840553233,38.32245503389777,-0.5320011304544874,-2.1230757260432442e-07,0.9999999994540649,1.0000000121900892
-0.532,1.0480215840553233,38.67737565129239,-0.5320009895216175,-1.853814678398998e-07,0.9999999995479998,1.0000000106405738
-0.532,1.0480215840553233,39.03558334005395,-0.5320008654002971,-1.6166441649683237e-07,0.9999999996264254,1.000000009276334
-0.532,1.0480215840553233,39.3971085431537,-0.5320007562247715,-1.408007684493038e-07,0.999999999691788,1.0000000080767357
-0.532,1.0480215840553233,39.761981985508335,-0.5320006603191342,-1.2247098266858624e-07,0.9999999997461664,1.000000007023254
-0.532,1.0480215840553233,40.1302346765911,-0.5320005761800056,-1.063883456136197e-07,0.9999999997913261,1.0000000060992826
-0.532,1.0480215840553233,40.50189791306716,-0.5320005024605768,-9.229594590572438e-08,0.9999999998287621,1.0000000052899525
-0.532,1.0480215840553233,40.87700328145351,-0.5320004379559278,-7.996388955941271e-08,0.9999999998597391,1.0000000045819692
-0.532,1.0480215840553233,41.25558266080338,-0.5320003815895471,-6.918674058741968e-08,0.9999999998853242,1.0000000039634622
-0.532,1.0480215840553233,41.63766822541544,-0.5320003324009602,-5.97811723831122e-08,0.9999999999064163,1.0000000034238443
-0.532,1.0480215840553233,42.02329244756837,-0.5320002895344094,-5.1583815824184615e-08,0.999999999923773,1.0000000029536884
-0.532,1.0480215840553233,42.41248810028041,-0.5320002522284961,-4.4449290741211635e-08,0.9999999999380276,1.0000000025446099
-0.532,1.0480215840553233,42.80528826009479,-0.5320002198067285,-3.8248407867897175e-08,0.9999999999497134,1.0000000021891629
-0.532,1.0480215840553233,43.20172630989064,-0.5320001916689037,-3.2866529146296346e-08,0.999999999959274,1.000000001880745
-0.532,1.0480215840553233,43.60183594172025,-0.5320001672832659,-2.820207473071744e-08,0.9999999999670816,1.000000001613507
-0.532,1.0480215840553233,44.00565115967241,-0.5320001461793784,-2.416516574819184e-08,0.9999999999734442,1.0000000013822783
-0.532,1.0480215840553233,44.413206282762204,-0.5320001279416575,-2.0676392427562682e-08,0.99999999997862,1.0000000011824914
-0.532,1.0480215840553233,44.824535947847835,-0.5320001122035152,-1.766569776342184e-08,0.9999999999828212,1.000000001010119
-0.532,1.0480215840553233,45.23967511257426,-0.5320000986420607,-1.5071367544540042e-08,0.9999999999862248,1.0000000008616152
-0.532,1.0480215840553233,45.65865905834403,-0.532000086973316,-1.28391180469185e-08,0.9999999999889767,1.000000000733863
-0.532,1.0480215840553233,46.081523393315884,-0.5320000769479025,-1.092127328464819e-08,0.9999999999911968,1.0000000006241239
-0.532,1.0480215840553233,46.50830405543093,-0.5320000683471585,-9.276024258345508e-09,0.9999999999929851,1.0000000005299994
-0.532,1.0480215840553233,46.93903731546684,-0.5320000609796484,-7.86676307874459e-09,0.9999999999944212,1.000000000449389
-0.532,1.0480215840553233,47.37375978012049,-0.532000054678033,-6.661485414589417e-09,0.9999999999955738,1.0000000003804574
-0.532,1.0480215840553233,47.81250839511901,-0.532000049296264,-5.632255117007218e-09,0.9999999999964949,1.0000000003216034
-0.532,1.0480215840553233,48.25532044835962,-0.5320000447070758,-4.7547253681459665e-09,0.9999999999972313,1.0000000002714302
-0.532,1.0480215840553233,48.70223357307873,-0.5320000407997456,-4.007711086000713e-09,0.9999999999978174,1.0000000002287255
-0.532,1.0480215840553233,49.15328575105025,-0.5320000374780977,-3.3728077344511487e-09,0.9999999999982837,1.000000000192434
-0.532,1.0480215840553233,49.608515315813406,-0.5320000346587253,-2.834052125925202e-09,0.9999999999986527,1.0000000001616427
-0.532,1.0480215840553233,50.067960955930815,-0.5320000322694147,-2.377621017411586e-09,0.9999999999989455,1.000000000135559
-0.532,1.0480215840553233,50.5316617182763,-0.5320000302477437,-1.9915638702586612e-09,0.9999999999991769,1.0000000001134992
-0.532,1.0480215840553233,50.99965701135351,-0.5320000285398426,-1.6655661475724738e-09,0.9999999999993582,1.0000000000948732
-0.532,1.0480215840553233,51.47198660864504,-0.5320000270993005,-1.3907402101231655e-09,0.999999999999501,1.0000000000791727
-0.532,1.0480215840553233,51.9486906519927,-0.5320000258861969,-1.159440760300528e-09,0.9999999999996126,1.0000000000659597
-0.532,1.0480215840553233,52.429809655009066,-0.5320000248662533,-9.651023239514607e-10,0.9999999999997004,1.0000000000548597
-0.532,1.0480215840553233,52.91538450652049,-0.5320000240100831,-8.020963739548347e-10,0.9999999999997685,1.0000000000455496
-0.532,1.0480215840553233,53.40545647404229,-0.5320000232925368,-6.656059216656705e-10,0.9999999999998218,1.0000000000377547
-0.532,1.0480215840553233,53.90006720728585,-0.5320000226921261,-5.515156819519099e-10,0.9999999999998622,1.0000000000312392
-0.532,1.0480215840553233,54.39925874169825,-0.5320000221905226,-4.5631601606948013e-10,0.9999999999998941,1.0000000000258034
-0.532,1.0480215840553233,54.90307350203484,-0.5320000217721187,-3.770190903231431e-10,0.9999999999999183,1.0000000000212756
-0.532,1.0480215840553233,55.41155430596479,-0.5320000214236457,-3.110858342304806e-10,0.9999999999999369,1.0000000000175113
-0.532,1.0480215840553233,55.924744367709856,-0.5320000211338429,-2.5636242604960987e-10,0.999999999999951,1.0000000000143874
-0.532,1.0480215840553233,56.442687301717264,-0.532000020893169,-2.1102514547775254e-10,0.9999999999999619,1.0000000000117995
-0.532,1.0480215840553233,56.96542712636624,-0.5320000206935535,-1.735326280461744e-10,0.9999999999999704,1.000000000009659
-0.532,1.0480215840553233,57.493008267708944,-0.5320000205281813,-1.4258454472741123e-10,0.9999999999999765,1.0000000000078926
-0.532,1.0480215840553233,58.02547556324627,-0.5320000203913071,-1.1708595038482363e-10,0.999999999999981,1.0000000000064375
-0.532,1.0480215840553233,58.562874265738245,-0.5320000202780966,-9.611659369256511e-11,0.9999999999999842,1.0000000000052411
-0.532,1.0480215840553233,59.10525004705015,-0.5320000201844876,-7.890450358602296e-11,0.9999999999999876,1.0000000000042584
-0.532,1.0480215840553233,59.65264900203377,-0.5320000201070748,-6.480333243165779e-11,0.9999999999999891,1.0000000000034541
-0.532,1.0480215840553233,60.2051176524451,-0.5320000200430077,-5.327297087639244e-11,0.9999999999999907,1.000000000002796
-0.532,1.0480215840553233,60.76270295089797,-0.5320000199899059,-4.386295599752987e-11,0.9999999999999918,1.000000000002259
-0.532,1.0480215840553233,61.325452284854336,-0.5320000199457848,-3.619833018148581e-11,0.9999999999999929,1.000000000001822
-0.532,1.0480215840553233,61.89341348065174,-0.5320000199089951,-2.99676131439497e-11,0.9999999999999933,1.0000000000014666
-0.532,1.0480215840553233,62.466634807567864,-0.5320000198781681,-2.4912555026399934e-11,0.9999999999999946,1.000000000001178
-0.532,1.0480215840553233,63.0451649819227,-0.5320000198521728,-2.0819490783842603e-11,0.9999999999999952,1.0000000000009448
-0.532,1.0480215840553233,63.629053171218956,-0.5320000198300759,-1.7511989912371014e-11,0.9999999999999953,1.0000000000007558
-0.532,1.0480215840553233,64.21834899832058,-0.5320000198111127,-1.4844672152168526e-11,0.9999999999999961,1.000000000000604
-0.532,1.0480215840553233,64.81310254566993,-0.5320000197946565,-1.269798628422848e-11,0.9999999999999967,1.0000000000004816
-0.532,1.0480215840553233,65.4133643595444,-0.5320000197801978,-1.0973827445047456e-11,0.9999999999999971,1.000000000000383
-0.532,1.0480215840553233,66.01918545435197,-0.5320000197673251,-9.59186264552018e-12,0.9999999999999977,1.0000000000003044
-0.532,1.0480215840553233,66.63061731696679,-0.5320000197557073,-8.486440757203317e-12,0.9999999999999976,1.0000000000002411
-0.532,1.0480215840553233,67.24771191110499,-0.5320000197450806,-7.604033957162641e-12,0.9999999999999982,1.0000000000001912
-0.532,1.0480215840553233,67.87052168174088,-0.5320000197352365,-6.9010849334907904e-12,0.9999999999999989,1.0000000000001508
-0.532,1.0480215840553233,68.49909955956402,-0.5320000197260123,-6.342232381871774e-12,0.9999999999999988,1.0000000000001192
-0.532,1.0480215840553233,69.13349896547759,-0.5320000197172826,-5.898823732685921e-12,0.9999999999999992,1.000000000000094
-0.532,1.0480215840553233,69.77377381513884,-0.5320000197089523,-5.547699117887547e-12,0.9999999999999996,1.000000000000074
-0.532,1.0480215840553233,70.41997852354069,-0.5320000197009502,-5.270177223797627e-12,1.0,1.000000000000058
-0.532,1.0480215840553233,71.0721680096366,-0.532000019693224,-5.0512259019781254e-12,0.9999999999999997,1.0000000000000457
-0.532,1.0480215840553233,71.73039770100793,-0.5320000196857367,-4.878767328805204e-12,1.0,1.0000000000000355
-0.532,1.0480215840553233,72.39472353857458,-0.5320000196784626,-4.7431339052531454e-12,0.9999999999999997,1.0000000000000284
-0.532,1.0480215840553233,73.06520198134909,-0.5320000196713834,-4.6365959179556095e-12,0.9999999999999998,1.0000000000000222
-0.532,1.0480215840553233,73.74189001123509,-0.532000019664487,-4.5529829898290005e-12,0.9999999999999992,1.000000000000017
-0.532,1.0480215840553233,74.42484513786997,-0.5320000196577647,-4.4873906035311895e-12,0.9999999999999993,1.0000000000000138
-0.532,1.0480215840553233,75.11412540351232,-0.5320000196512101,-4.435930096744007e-12,0.999999999999999,1.0000000000000107
-0.532,1.0480215840553233,75.80978938797494,-0.5320000196448164,-4.3955151021201364e-12,0.9999999999999988,1.0000000000000087
-0.532,1.0480215840553233,76.51189621360336,-0.5320000196385769,-4.3637148543972305e-12,0.9999999999999981,1.0000000000000067
-0.532,1.0480215840553233,77.22050555030022,-0.5320000196324837,-4.3386130829887985e-12,0.999999999999998,1.0000000000000058
-0.532,1.0480215840553233,77.93567762059672,-0.5320000196265263,-4.318705541705075e-12,0.9999999999999977,1.0000000000000047
-0.532,1.0480215840553233,78.65747320477065,-0.5320000196206925,-4.30281389856029e-12,0.999999999999997,1.000000000000004
-0.532,1.0480215840553233,79.38595364601184,-0.5320000196149676,-4.290021684602197e-12,0.9999999999999966,1.000000000000003
-0.532,1.0480215840553233,80.12118085563553,-0.5320000196093345,-4.279612859000143e-12,0.999999999999996,1.0000000000000029
-0.532,1.0480215840553233,80.86321731834431,-0.5320000196037735,-4.271036686004457e-12,0.9999999999999958,1.0000000000000022
-0.532,1.0480215840553233,81.61212609753805,-0.5320000195982633,-4.263861640611326e-12,0.9999999999999956,1.0000000000000022
-0.532,1.0480215840553233,82.36797084067375,-0.5320000195927806,-4.257767799610066e-12,0.999999999999995,1.0000000000000018
-0.532,1.0480215840553233,83.13081578467474,-0.5320000195873011,-4.252498887481578e-12,0.9999999999999949,1.0000000000000018
-0.532,1.0480215840553233,83.90072576138992,-0.5320000195817998,-4.247874530361921e-12,0.9999999999999947,1.0000000000000016
-0.532,1.0480215840553233,84.67776620310352,-0.5320000195762505,-4.2437419112087e-12,0.9999999999999942,1.0000000000000018
-0.532,1.0480215840553233,85.46200314809617,-0.532000019570628,-4.239996154829848e-12,0.9999999999999943,1.0000000000000018
-0.532,1.0480215840553233,86.25350324625728,-0.5320000195649078,-4.236560470593967e-12,0.999999999999994,1.0000000000000016
-0.532,1.0480215840553233,87.05233376474918,-0.5320000195590667,-4.233375157684077e-12,0.999999999999994,1.0000000000000016
-0.532,1.0480215840553233,87.85856259372419,-0.5320000195530825,-4.230393816946337e-12,0.9999999999999942,1.000000000000001
-0.532,1.0480215840553233,88.67225825209441,-0.5320000195469359,-4.227586028417827e-12,0.9999999999999939,1.0000000000000013
-0.532,1.0480215840553233,89.49348989335462,-0.5320000195406094,-4.224927298794966e-12,0.9999999999999943,1.0000000000000013
-0.532,1.0480215840553233,90.32232731145982,-0.5320000195340889,-4.222400240562972e-12,0.9999999999999947,1.0000000000000016
-0.532,1.0480215840553233,91.15884094675663,-0.5320000195273629,-4.2199894175265255e-12,0.9999999999999947,1.000000000000001
-0.532,1.0480215840553233,92.0031018919696,-0.5320000195204233,-4.217685748330742e-12,0.9999999999999949,1.0000000000000013
-0.532,1.0480215840553233,92.85518189824359,-0.5320000195132657,-4.21547720235894e-12,0.9999999999999951,1.0000000000000013
-0.532,1.0480215840553233,93.71515338124135,-0.5320000195058887,-4.213355636984428e-12,0.9999999999999954,1.0000000000000016
-0.532,1.0480215840553233,94.58308942729796,-0.5320000194982945,-4.21131243365639e-12,0.9999999999999964,1.0000000000000013
-0.532,1.0480215840553233,95.45906379963219,-0.5320000194904881,-4.209339380736696e-12,0.9999999999999962,1.000000000000001
-0.532,1.0480215840553233,96.34315094461576,-0.5320000194824781,-4.2074258984497775e-12,0.9999999999999963,1.0000000000000009
-0.532,1.0480215840553233,97.23542599809973,-0.5320000194742761,-4.2055635180932856e-12,0.9999999999999971,1.0000000000000013
-0.532,1.0480215840553233,98.13596479180039,-0.5320000194658951,-4.2037442341306995e-12,0.9999999999999971,1.0000000000000013
-0.532,1.0480215840553233,99.04484385974408,-0.532000019457352,-4.201955459538819e-12,0.9999999999999977,1.0000000000000013
-0.532,1.0480215840553233,99.96214044477135,-0.532000019448664,-4.20018643481522e-12,0.9999999999999981,1.0000000000000013
-0.532,1.0480215840553233,100.88793250510167,-0.532000019439851,-4.19843275207394e-12,0.9999999999999981,1.0000000000000013
-0.532,1.0480215840553233,101.82229872095873,-0.5320000194309328,-4.196672878954717e-12,0.9999999999999986,1.0000000000000016
-0.532,1.0480215840553233,102.76531850125772,-0.5320000194219308,-4.194912944583085e-12,0.9999999999999988,1.0000000000000013
-0.532,1.0480215840553233,103.71707199035326,-0.5320000194128657,-4.193133599646945e-12,0.9999999999999988,1.000000000000001
-0.532,1.0480215840553233,104.67764007485148,-0.5320000194037589,-4.191328396797104e-12,0.9999999999999991,1.000000000000001
-0.532,1.0480215840553233,105.64710439048359,-0.5320000193946297,-4.189488515297133e-12,0.9999999999999991,1.000000000000001
-0.532,1.0480215840553233,106.62554732904427,-0.5320000193854979,-4.1876104447221434e-12,0.9999999999999991,1.0000000000000016
-0.532,1.0480215840553233,107.61305204539366,-0.5320000193763805,-4.1856852311833885e-12,0.999999999999999,1.000000000000001
-0.532,1.0480215840553233,108.60970246452491,-0.5320000193672937,-4.1837124296431146e-12,0.9999999999999992,1.000000000000001
-0.532,1.0480215840553233,109.61558328869602,-0.5320000193582508,-4.181683266301295e-12,0.999999999999999,1.000000000000001
-0.532,1.0480215840553233,110.63078000462876,-0.5320000193492634,-4.179600452508214e-12,0.9999999999999992,1.0000000000000013
-0.532,1.0480215840553233,111.65537889077429,-0.5320000193403404,-4.177461692660764e-12,0.9999999999999987,1.0000000000000009
-0.532,1.0480215840553233,112.68946702464496,-0.532000019331488,-4.1752677501146135e-12,0.9999999999999986,1.0000000000000013
-0.532,1.0480215840553233,113.73313229021528,-0.5320000193227095,-4.173020771249544e-12,0.9999999999999982,1.000000000000001
-0.532,1.0480215840553233,114.78646338539066,-0.5320000193140059,-4.1707234929771835e-12,0.9999999999999981,1.000000000000001
-0.532,1.0480215840553233,115.84954982954602,-0.5320000193053748,-4.168380419455289e-12,0.9999999999999976,1.000000000000001
-0.532,1.0480215840553233,116.92248197113297,-0.5320000192968116,-4.165996033476075e-12,0.9999999999999973,1.000000000000001
-0.532,1.0480215840553233,118.00535099535914,-0.5320000192883089,-4.163578709982032e-12,0.9999999999999972,1.000000000000001
-0.532,1.0480215840553233,119.09824893193696,-0.5320000192798572,-4.161134909101068e-12,0.9999999999999969,1.0000000000000009
-0.532,1.0480215840553233,120.2012686629055,-0.532000019271444,-4.158667273571083e-12,0.9999999999999967,1.0000000000000009
-0.532,1.0480215840553233,121.31450393052383,-0.5320000192630557,-4.1561896504939885e-12,0.9999999999999963,1.0000000000000007
-0.532,1.0480215840553233,122.43804934523853,-0.5320000192546764,-4.153709337925311e-12,0.9999999999999961,1.0000000000000009
-0.532,1.0480215840553233,123.5720003937234,-0.5320000192462887,-4.151233244870278e-12,0.9999999999999957,1.0000000000000009
-0.532,1.0480215840553233,124.7164534469956,-0.5320000192378745,-4.148769193925691e-12,0.9999999999999954,1.0000000000000007
-0.532,1.0480215840553233,125.87150576860506,-0.5320000192294146,-4.14633149929591e-12,0.999999999999995,1.000000000000001
-0.532,1.0480215840553233,127.03725552290106,-0.532000019220889,-4.143920341937992e-12,0.9999999999999949,1.0000000000000009
-0.532,1.0480215840553233,128.21380178337475,-0.5320000192122784,-4.141547838515239e-12,0.9999999999999947,1.0000000000000009
-0.532,1.0480215840553233,129.40124454107954,-0.532000019203562,-4.139220044097631e-12,0.9999999999999947,1.0000000000000007
-0.532,1.0480215840553233,130.59968471312828,-0.5320000191947216,-4.1369434561552686e-12,0.9999999999999941,1.000000000000001
-0.532,1.0480215840553233,131.8092241512703,-0.5320000191857378,-4.134731449756244e-12,0.9999999999999943,1.0000000000000009
-0.532,1.0480215840553233,133.02996565054787,-0.5320000191765935,-4.13257942006608e-12,0.9999999999999942,1.0000000000000007
-0.532,1.0480215840553233,134.26201295803162,-0.532000019167272,-4.130496161851827e-12,0.9999999999999946,1.0000000000000004
-0.532,1.0480215840553233,135.5054707816382,-0.5320000191577591,-4.128487025748743e-12,0.9999999999999942,1.0000000000000007
-0.532,1.0480215840553233,136.76044479902887,-0.5320000191480413,-4.126554339010281e-12,0.9999999999999947,1.0000000000000009
-0.532,1.0480215840553233,138.02704166659132,-0.5320000191381077,-4.124700653664427e-12,0.9999999999999948,1.0000000000000007
-0.532,1.0480215840553233,139.30536902850287,-0.5320000191279488,-4.1229264656811e-12,0.9999999999999948,1.0000000000000004
-0.532,1.0480215840553233,140.5955355258802,-0.5320000191175578,-4.121233384092336e-12,0.999999999999995,1.0000000000000007
-0.532,1.0480215840553233,141.8976508060113,-0.5320000191069295,-4.119622002926861e-12,0.9999999999999949,1.0000000000000004
-0.532,1.0480215840553233,143.21182553167466,-0.5320000190960616,-4.11809106523928e-12,0.9999999999999953,1.0000000000000007
-0.532,1.0480215840553233,144.53817139054382,-0.5320000190849533,-4.116639493323437e-12,0.9999999999999961,1.0000000000000009
-0.532,1.0480215840553233,145.87680110468003,-0.5320000190736061,-4.1152665778469656e-12,0.999999999999996,1.0000000000000004
-0.532,1.0480215840553233,147.22782844011104,-0.5320000190620241,-4.1139679732652275e-12,0.9999999999999962,1.0000000000000004
-0.532,1.0480215840553233,148.59136821650102,-0.5320000190502125,-4.112742715345917e-12,0.9999999999999968,1.0000000000000004
-0.532,1.0480215840553233,149.9675363169076,-0.5320000190381792,-4.111589326770825e-12,0.9999999999999966,1.0000000000000002
-0.532,1.0480215840553233,151.35644969763095,-0.5320000190259335,-4.110500866625807e-12,0.9999999999999971,1.0000000000000007
-0.532,1.0480215840553233,152.75822639815343,-0.5320000190134861,-4.109476349800195e-12,0.9999999999999973,1.0000000000000007
-0.532,1.0480215840553233,154.17298555117182,-0.5320000190008493,-4.1085148556215095e-12,0.9999999999999978,1.0000000000000002
-0.532,1.0480215840553233,155.60084739272125,-0.5320000189880355,-4.107605925847604e-12,0.9999999999999981,1.0000000000000004
-0.532,1.0480215840553233,157.0419332723941,-0.53200001897506,-4.106756990247968e-12,0.9999999999999984,1.0000000000000002
-0.532,1.0480215840553233,158.4963656636536,-0.5320000189619368,-4.105956302601537e-12,0.9999999999999987,1.0000000000000002
-0.532,1.0480215840553233,159.96426817424148,-0.5320000189486814,-4.1052048768232485e-12,0.9999999999999991,1.0000000000000002
-0.532,1.0480215840553233,161.44576555668382,-0.5320000189353096,-4.104500687034325e-12,0.999999999999999,1.0000000000000002
-0.532,1.0480215840553233,162.94098371889282,-0.5320000189218365,-4.103839210195786e-12,0.9999999999999989,1.0000000000000002
-0.532,1.0480215840553233,164.4500497348682,-0.5320000189082771,-4.10322226368746e-12,0.9999999999999998,1.0000000000000002
-0.532,1.0480215840553233,165.97309185549548,-0.5320000188946465,-4.1026476551185354e-12,0.9999999999999994,1.0
-0.532,1.0480215840553233,167.5102395194472,-0.5320000188809587,-4.102111676077025e-12,0.9999999999999997,1.0000000000000004
-0.532,1.0480215840553233,169.06162336418203,-0.5320000188672267,-4.101619755305064e-12,0.9999999999999997,1.0000000000000004
-0.532,1.0480215840553233,170.6273752370482,-0.5320000188534627,-4.101167320869286e-12,0.9999999999999997,1.0000000000000004
-0.532,1.0480215840553233,172.20762820648835,-0.5320000188396776,-4.10075765101385e-12,0.9999999999999996,1.0
-0.532,1.0480215840553233,173.80251657334924,-0.5320000188258813,-4.1003917613176974e-12,1.0,1.0
-0.532,1.0480215840553233,175.41217588229446,-0.5320000188120815,-4.1000703456701426e-12,0.9999999999999998,1.0
-0.532,1.0480215840553233,177.0367429333253,-0.532000018798285,-4.099796272134839e-12,0.9999999999999996,1.0000000000000002
-0.532,1.0480215840553233,178.67635579340572,-0.5320000187844964,-4.099573138712632e-12,0.9999999999999994,0.9999999999999998
-0.532,1.0480215840553233,180.33115380819694,-0.5320000187707195,-4.09940254682726e-12,0.9999999999999994,1.0000000000000002
-0.532,1.0480215840553233,182.00127761389967,-0.5320000187569548,-4.099288203573869e-12,0.9999999999999992,0.9999999999999998
-0.532,1.0480215840553233,183.68686914920713,-0.5320000187432026,-4.099233858392554e-12,0.9999999999999987,0.9999999999999998
-0.532,1.0480215840553233,185.38807166736675,-0.532000018729461,-4.099243201337418e-12,0.9999999999999986,0.9999999999999998
-0.532,1.0480215840553233,187.10502974835543,-0.5320000187157261,-4.099319599874355e-12,0.9999999999999987,1.0000000000000002
-0.532,1.0480215840553233,188.83788931116757,-0.5320000187019923,-4.09946808752581e-12,0.9999999999999982,1.0000000000000002
-0.532,1.0480215840553233,190.58679762621514,-0.532000018688253,-4.0996926022352974e-12,0.9999999999999982,1.0
-0.532,1.0480215840553233,192.35190332784438,-0.5320000186744993,-4.099996601377365e-12,0.9999999999999978,0.9999999999999999
-0.532,1.0480215840553233,194.13335642696757,-0.5320000186607217,-4.100385271033227e-12,0.9999999999999976,0.9999999999999999
-0.532,1.0480215840553233,195.93130832381254,-0.5320000186469088,-4.100861518597777e-12,0.9999999999999973,0.9999999999999997
-0.532,1.0480215840553233,197.74591182078862,-0.5320000186330487,-4.1014298984381535e-12,0.9999999999999968,0.9999999999999998
-0.532,1.0480215840553233,199.5773211354742,-0.5320000186191278,-4.102094111266443e-12,0.9999999999999968,0.9999999999999998
-0.532,1.0480215840553233,201.42569191372198,-0.5320000186051321,-4.1028560360914264e-12,0.9999999999999966,0.9999999999999994
-0.532,1.0480215840553233,203.29118124288746,-0.532000018591047,-4.103720823532898e-12,0.9999999999999964,0.9999999999999996
-0.532,1.0480215840553233,205.1739476651793,-0.5320000185768569,-4.1046901349508976e-12,0.9999999999999962,0.9999999999999994
-0.532,1.0480215840553233,207.07415119113296,-0.5320000185625455,-4.1057672987514075e-12,0.9999999999999961,0.9999999999999996
-0.532,1.0480215840553233,208.99195331321022,-0.5320000185480975,-4.106951630966751e-12,0.999999999999996,0.9999999999999998
-0.532,1.0480215840553233,210.92751701952352,-0.5320000185334964,-4.108248416556875e-12,0.9999999999999952,0.9999999999999994
-0.532,1.0480215840553233,212.88100680768738,-0.5320000185187268,-4.109656549348294e-12,0.9999999999999951,0.9999999999999994
-0.532,1.0480215840553233,214.8525886987991,-0.5320000185037723,-4.111174949515606e-12,0.9999999999999951,0.9999999999999997
-0.532,1.0480215840553233,216.84243025154836,-0.5320000184886179,-4.112808096275559e-12,0.999999999999995,0.9999999999999994
-0.532,1.0480215840553233,218.85070057645706,-0.5320000184732484,-4.114552064868045e-12,0.999999999999995,0.9999999999999997
-0.532,1.0480215840553233,220.87757035025237,-0.5320000184576503,-4.116408273647798e-12,0.9999999999999949,0.9999999999999996
-0.532,1.0480215840553233,222.92321183037146,-0.5320000184418099,-4.1183732348831295e-12,0.9999999999999949,0.9999999999999994
-0.532,1.0480215840553233,224.9877988696007,-0.5320000184257141,-4.1204478358694984e-12,0.9999999999999947,0.9999999999999994
-0.532,1.0480215840553233,227.07150693085165,-0.532000018409352,-4.1226275641578e-12,0.9999999999999949,0.9999999999999991
-0.532,1.0480215840553233,229.17451310207272,-0.5320000183927128,-4.124910516217807e-12,0.999999999999995,0.9999999999999992
-0.532,1.0480215840553233,231.29699611129922,-0.5320000183757876,-4.127293298163105e-12,0.999999999999995,0.9999999999999994
-0.532,1.0480215840553233,233.4391363418438,-0.5320000183585675,-4.1297729048786896e-12,0.9999999999999949,0.9999999999999994
-0.532,1.0480215840553233,235.60111584762504,-0.5320000183410459,-4.132345126673831e-12,0.999999999999995,0.9999999999999993
-0.532,1.0480215840553233,237.78311836864148,-0.5320000183232173,-4.135005434499382e-12,0.9999999999999951,0.9999999999999992
-0.532,1.0480215840553233,239.98532934658564,-0.532000018305077,-4.137749153071912e-12,0.9999999999999953,0.9999999999999994
-0.532,1.0480215840553233,242.20793594060487,-0.532000018286622,-4.140571578093029e-12,0.9999999999999954,0.9999999999999992
-0.532,1.0480215840553233,244.4511270432073,-0.5320000182678504,-4.143467187752157e-12,0.9999999999999952,0.9999999999999993
-0.532,1.0480215840553233,246.71509329631496,-0.5320000182487619,-4.1464306982915175e-12,0.9999999999999958,0.9999999999999996
-0.532,1.0480215840553233,249.00002710746668,-0.5320000182293566,-4.149456268846005e-12,0.9999999999999957,0.9999999999999994
-0.532,1.0480215840553233,251.3061226661696,-0.5320000182096368,-4.1525379196382335e-12,0.9999999999999958,0.9999999999999991
-0.532,1.0480215840553233,253.6335759604023,-0.5320000181896054,-4.155669831136647e-12,0.9999999999999962,0.9999999999999994
-0.532,1.0480215840553233,255.98258479327197,-0.5320000181692662,-4.158845948105628e-12,0.9999999999999964,0.9999999999999993
-0.532,1.0480215840553233,258.3533487998248,-0.5320000181486242,-4.162058504207528e-12,0.9999999999999967,0.9999999999999992
-0.532,1.0480215840553233,260.7460694640121,-0.5320000181276858,-4.16530396822629e-12,0.999999999999997,0.9999999999999994
-0.532,1.0480215840553233,263.1609501358149,-0.5320000181064571,-4.168573381212472e-12,0.9999999999999969,0.9999999999999992
-0.532,1.0480215840553233,265.59819604852424,-0.5320000180849462,-4.171861001874331e-12,0.9999999999999972,0.9999999999999992
-0.532,1.0480215840553233,268.0580143361851,-0.5320000180631612,-4.175161236876108e-12,0.9999999999999973,0.9999999999999992
-0.532,1.0480215840553233,270.5406140511989,-0.5320000180411105,-4.1784672009472875e-12,0.9999999999999978,0.9999999999999991
-0.532,1.0480215840553233,273.0462061820903,-0.5320000180188037,-4.181771308829614e-12,0.9999999999999976,0.9999999999999993
-0.532,1.0480215840553233,275.57500367143905,-0.5320000179962495,-4.185069174352982e-12,0.9999999999999982,0.9999999999999994
-0.532,1.0480215840553233,278.1272214339776,-0.5320000179734589,-4.18835505782256e-12,0.9999999999999982,0.9999999999999993
-0.532,1.0480215840553233,280.7030763748543,-0.5320000179504408,-4.191621476088022e-12,0.9999999999999984,0.9999999999999993
-0.532,1.0480215840553233,283.30278740807006,-0.5320000179272055,-4.194862572478437e-12,0.9999999999999986,0.9999999999999994
-0.532,1.0480215840553233,285.9265754750807,-0.5320000179037631,-4.1980733457279094e-12,0.999999999999999,0.9999999999999997
-0.532,1.0480215840553233,288.57466356357577,-0.5320000178801229,-4.201248122516696e-12,0.9999999999999989,0.9999999999999993
-0.532,1.0480215840553233,291.24727672642865,-0.5320000178562946,-4.204380664327927e-12,0.999999999999999,0.9999999999999993
-0.532,1.0480215840553233,293.94464210082356,-0.5320000178322871,-4.207465972760448e-12,0.9999999999999989,0.9999999999999994
-0.532,1.0480215840553233,296.6669889275594,-0.5320000178081097,-4.2104991122749545e-12,0.9999999999999991,0.9999999999999994
-0.532,1.0480215840553233,299.4145485705322,-0.53200001778377,-4.2134751590413365e-12,0.9999999999999996,0.9999999999999994
-0.532,1.0480215840553233,302.18755453639716,-0.532000017759276,-4.216388532050792e-12,0.9999999999999992,0.9999999999999996
-0.532,1.0480215840553233,304.9862424944146,-0.5320000177346346,-4.219235395114553e-12,0.9999999999999994,0.9999999999999997
-0.532,1.0480215840553233,307.81085029647846,-0.5320000177098517,-4.222010965844133e-12,0.9999999999999992,0.9999999999999996
-0.532,1.0480215840553233,310.6616179973303,-0.5320000176849334,-4.224710802679694e-12,0.9999999999999993,0.9999999999999997
-0.532,1.0480215840553233,313.5387878749621,-0.5320000176598845,-4.2273309699505584e-12,0.9999999999999994,0.9999999999999994
-0.532,1.0480215840553233,316.44260445120455,-0.5320000176347084,-4.229866735001369e-12,0.9999999999999993,0.9999999999999998
-0.532,1.0480215840553233,319.3733145125105,-0.5320000176094085,-4.232314348254736e-12,0.9999999999999992,0.9999999999999997
-0.532,1.0480215840553233,322.3311671309267,-0.5320000175839865,-4.234670299267694e-12,0.9999999999999994,0.9999999999999994
-0.532,1.0480215840553233,325.31641368526283,-0.5320000175584443,-4.23693083158732e-12,0.9999999999999993,0.9999999999999999
-0.532,1.0480215840553233,328.32930788245454,-0.5320000175327818,-4.239092152203267e-12,0.9999999999999991,1.0
-0.532,1.0480215840553233,331.37010577912685,-0.5320000175069982,-4.241150781826535e-12,0.999999999999999,0.9999999999999997
-0.532,1.0480215840553233,334.4390658033531,-0.5320000174810926,-4.2431035149557344e-12,0.9999999999999988,0.9999999999999997
-0.532,1.0480215840553233,337.53644877662083,-0.5320000174550622,-4.244946735279413e-12,0.9999999999999988,0.9999999999999996
-0.532,1.0480215840553233,340.66251793599554,-0.5320000174289037,-4.2466773142575366e-12,0.9999999999999983,0.9999999999999998
-0.532,1.0480215840553233,343.81753895649405,-0.5320000174026133,-4.248292578054954e-12,0.9999999999999986,0.9999999999999999
-0.532,1.0480215840553233,347.00177997366285,-0.5320000173761854,-4.2497882269354164e-12,0.9999999999999977,0.9999999999999997
-0.532,1.0480215840553233,350.2155116063659,-0.532000017349615,-4.251162130355776e-12,0.9999999999999982,0.9999999999999999
-0.532,1.0480215840553233,353.4590069797847,-0.5320000173228949,-4.2524114136476926e-12,0.9999999999999978,1.0
-0.532,1.0480215840553233,356.73254174862967,-0.5320000172960182,-4.253532384755943e-12,0.9999999999999976,1.0
-0.532,1.0480215840553233,360.0363941205664,-0.5320000172689772,-4.254523118516584e-12,0.9999999999999973,0.9999999999999998
-0.532,1.0480215840553233,363.37084487986095,-0.5320000172417628,-4.255378222013483e-12,0.9999999999999972,0.9999999999999998
-0.532,1.0480215840553233,366.73617741124224,-0.5320000172143666,-4.256097601184381e-12,0.9999999999999973,1.0
-0.532,1.0480215840553233,370.13267772398575,-0.5320000171867789,-4.256677344398069e-12,0.9999999999999969,1.0
-0.532,1.0480215840553233,373.5606344762222,-0.5320000171589894,-4.2571149260025415e-12,0.9999999999999966,1.0
-0.532,1.0480215840553233,377.02033899946696,-0.5320000171309882,-4.25740650034175e-12,0.9999999999999966,0.9999999999999999
-0.532,1.0480215840553233,380.5120853233824,-0.5320000171027642,-4.257549134231571e-12,0.9999999999999964,0.9999999999999999
-0.532,1.0480215840553233,384.03617020076405,-0.5320000170743071,-4.257541191065159e-12,0.9999999999999961,1.0000000000000002
-0.532,1.0480215840553233,387.5928931327621,-0.5320000170456054,-4.257379025134831e-12,0.9999999999999961,1.0000000000000002
-0.532,1.0480215840553233,391.18255639433437,-0.5320000170166481,-4.257059853924144e-12,0.9999999999999961,1.0000000000000002
-0.532,1.0480215840553233,394.8054650599374,-0.5320000169874235,-4.256580449718696e-12,0.9999999999999958,1.0000000000000002
-0.532,1.0480215840553233,398.4619270294508,-0.5320000169579209,-4.255938809775132e-12,0.9999999999999957,1.0000000000000002
-0.532,1.0480215840553233,402.15225305434814,-0.532000016928129,-4.255131717933536e-12,0.9999999999999954,1.0
-0.532,1.0480215840553233,405.87675676410373,-0.5320000168980366,-4.254155172326164e-12,0.9999999999999954,1.0000000000000002
-0.532,1.0480215840553233,409.6357546928489,-0.532000016867633,-4.253008280066568e-12,0.9999999999999951,1.0000000000000002
-0.532,1.0480215840553233,413.4295663062725,-0.5320000168369076,-4.2516866268042175e-12,0.9999999999999951,1.0000000000000002
-0.532,1.0480215840553233,417.25851402877123,-0.53200001680585,-4.250188429987335e-12,0.9999999999999952,1.0000000000000007
-0.532,1.0480215840553233,421.12292327085265,-0.5320000167744501,-4.24850947705938e-12,0.9999999999999949,1.0000000000000004
-0.532,1.0480215840553233,425.02312245678996,-0.5320000167426985,-4.2466489156315665e-12,0.9999999999999949,1.0000000000000004
-0.532,1.0480215840553233,428.95944305253283,-0.5320000167105862,-4.244602551428652e-12,0.9999999999999947,1.0000000000000002
-0.532,1.0480215840553233,432.9322195938791,-0.5320000166781041,-4.242368224556925e-12,0.9999999999999947,1.0000000000000004
-0.532,1.0480215840553233,436.9417897149054,-0.5320000166452445,-4.239943191260611e-12,0.9999999999999949,1.0000000000000004
-0.532,1.0480215840553233,440.98849417666133,-0.5320000166119995,-4.2373249334638065e-12,0.999999999999995,1.0000000000000004
-0.532,1.0480215840553233,445.0726768961314,-0.532000016578362,-4.234511197596465e-12,0.9999999999999947,1.0000000000000007
-0.532,1.0480215840553233,449.19468497546023,-0.5320000165443258,-4.2314988526430614e-12,0.9999999999999948,1.0000000000000004
-0.532,1.0480215840553233,453.3548687314555,-0.532000016509885,-4.22828585767363e-12,0.9999999999999948,1.0000000000000007
-0.532,1.0480215840553233,457.55358172535705,-0.5320000164750345,-4.224869519054466e-12,0.9999999999999952,1.0000000000000007
-0.532,1.0480215840553233,461.7911807928867,-0.5320000164397697,-4.2212480046897934e-12,0.9999999999999949,1.0000000000000007
-0.532,1.0480215840553233,466.0680260745743,-0.5320000164040868,-4.2174186940648875e-12,0.9999999999999947,1.0000000000000004
-0.532,1.0480215840553233,470.3844810463644,-0.5320000163679827,-4.213379933940331e-12,0.999999999999995,1.0000000000000007
-0.532,1.0480215840553233,474.7409125505084,-0.5320000163314548,-4.209129326624895e-12,0.9999999999999952,1.0000000000000007
-0.532,1.0480215840553233,479.1376908267404,-0.5320000162945014,-4.204665262254964e-12,0.9999999999999953,1.0000000000000007
-0.532,1.0480215840553233,483.57518954374194,-0.5320000162571215,-4.199985784151128e-12,0.9999999999999952,1.0000000000000009
-0.532,1.0480215840553233,488.0537858309,-0.5320000162193144,-4.195089321360583e-12,0.9999999999999953,1.0000000000000007
-0.532,1.0480215840553233,492.5738603103579,-0.5320000161810806,-4.189974138660826e-12,0.9999999999999953,1.0000000000000007
-0.532,1.0480215840553233,497.1357971293627,-0.5320000161424209,-4.1846387797052315e-12,0.9999999999999954,1.0000000000000009
-0.532,1.0480215840553233,501.7399839929145,-0.5320000161033367,-4.179082150185676e-12,0.9999999999999958,1.000000000000001
-0.532,1.0480215840553233,506.3868121967132,-0.5320000160638302,-4.173302873585421e-12,0.9999999999999958,1.0000000000000009
-0.532,1.0480215840553233,511.0766766604169,-0.5320000160239045,-4.167299357146781e-12,0.9999999999999959,1.0000000000000007
-0.532,1.0480215840553233,515.809975961202,-0.5320000159835626,-4.161071982548427e-12,0.999999999999996,1.000000000000001
-0.532,1.0480215840553233,520.5871123676386,-0.5320000159428084,-4.154618682489795e-12,0.9999999999999962,1.0000000000000007
-0.532,1.0480215840553233,525.4084918738774,-0.5320000159016464,-4.147939039784015e-12,0.9999999999999964,1.000000000000001
-0.532,1.0480215840553233,530.2745242341559,-0.5320000158600814,-4.141033279138251e-12,0.9999999999999969,1.0000000000000007
-0.532,1.0480215840553233,535.1856229976182,-0.532000015818119,-4.133899468184019e-12,0.9999999999999969,1.0000000000000009
-0.532,1.0480215840553233,540.1422055434659,-0.5320000157757648,-4.12653881370187e-12,0.9999999999999967,1.0000000000000009
-0.532,1.0480215840553233,545.1446931164259,-0.5320000157330252,-4.118951047376461e-12,0.9999999999999972,1.0000000000000009
-0.532,1.0480215840553233,550.1935108625528,-0.5320000156899071,-4.111134670921513e-12,0.9999999999999974,1.0000000000000009
-0.532,1.0480215840553233,555.2890878653604,-0.5320000156464167,-4.1030914681037654e-12,0.9999999999999974,1.000000000000001
-0.532,1.0480215840553233,560.4318571822878,-0.532000015602562,-4.0948206894311154e-12,0.9999999999999979,1.000000000000001
-0.532,1.0480215840553233,565.6222558815047,-0.5320000155583502,-4.086324320196497e-12,0.999999999999998,1.0000000000000009
-0.532,1.0480215840553233,570.8607250790558,-0.532000015513789,-4.077600677629322e-12,0.999999999999998,1.0000000000000009
-0.532,1.0480215840553233,576.1477099763489,-0.5320000154688869,-4.068651366613565e-12,0.9999999999999979,1.0000000000000013
-0.532,1.0480215840553233,581.4836598979924,-0.5320000154236513,-4.059477928101553e-12,0.9999999999999982,1.0000000000000009
-0.532,1.0480215840553233,586.8690283299819,-0.532000015378091,-4.050080366357255e-12,0.9999999999999987,1.000000000000001
-0.532,1.0480215840553233,592.3042729582397,-0.5320000153322143,-4.040460608405168e-12,0.9999999999999989,1.0000000000000013
-0.532,1.0480215840553233,597.7898557075149,-0.5320000152860298,-4.030618834420924e-12,0.9999999999999988,1.000000000000001
-0.532,1.0480215840553233,603.3262427806361,-0.5320000152395457,-4.0205564394624314e-12,0.999999999999999,1.000000000000001
-0.532,1.0480215840553233,608.913904698138,-0.5320000151927704,-4.010274928164381e-12,0.9999999999999991,1.000000000000001
-0.532,1.0480215840553233,614.5533163382452,-0.5320000151457127,-3.999776209876408e-12,0.9999999999999992,1.0000000000000009
-0.532,1.0480215840553233,620.2449569772324,-0.5320000150983808,-3.989062095758058e-12,0.9999999999999993,1.0000000000000013
-0.532,1.0480215840553233,625.9893103301563,-0.5320000150507831,-3.9781329930545726e-12,0.9999999999999992,1.0000000000000013
-0.532,1.0480215840553233,631.7868645919671,-0.5320000150029276,-3.966991185068035e-12,0.9999999999999993,1.000000000000001
-0.532,1.0480215840553233,637.638112478994,-0.5320000149548227,-3.955639930730152e-12,0.9999999999999998,1.000000000000001
-0.532,1.0480215840553233,643.5435512708254,-0.5320000149064759,-3.944079166307591e-12,0.9999999999999998,1.000000000000001
-0.532,1.0480215840553233,649.5036828525664,-0.5320000148578952,-3.932312150077966e-12,1.0,1.000000000000001
-0.532,1.0480215840553233,655.5190137574945,-0.5320000148090875,-3.92034089285854e-12,1.0,1.000000000000001
-0.532,1.0480215840553233,661.5900552101086,-0.5320000147600604,-3.908167509699681e-12,1.0000000000000002,1.000000000000001
-0.532,1.0480215840553233,667.7173231695753,-0.5320000147108211,-3.895793606323394e-12,1.0000000000000002,1.0000000000000009
-0.532,1.0480215840553233,673.9013383735801,-0.5320000146613759,-3.883222856093606e-12,1.0000000000000002,1.000000000000001
-0.532,1.0480215840553233,680.1426263825831,-0.5320000146117317,-3.870456431675315e-12,1.0000000000000004,1.0000000000000013
-0.532,1.0480215840553233,686.4417176244827,-0.5320000145618937,-3.8574972371497675e-12,1.0000000000000002,1.000000000000001
-0.532,1.0480215840553233,692.7991474396972,-0.5320000145118684,-3.844348296913563e-12,0.9999999999999998,1.000000000000001
-0.532,1.0480215840553233,699.215456126661,-0.5320000144616612,-3.83101078063756e-12,1.0000000000000002,1.000000000000001
-0.532,1.0480215840553233,705.6911889877423,-0.5320000144112769,-3.817488556276551e-12,1.0000000000000002,1.000000000000001
-0.532,1.0480215840553233,712.2268963755895,-0.5320000143607204,-3.803783456652853e-12,1.0000000000000002,1.000000000000001
-0.532,1.0480215840553233,718.8231337398989,-0.5320000143099961,-3.789898751970307e-12,1.0000000000000002,1.000000000000001
-0.532,1.0480215840553233,725.4804616746267,-0.532000014259108,-3.7758366742331174e-12,1.0000000000000004,1.0000000000000013
-0.532,1.0480215840553233,732.1994459656265,-0.5320000142080599,-3.7616000370573696e-12,0.9999999999999999,1.000000000000001
-0.532,1.0480215840553233,738.9806576387373,-0.5320000141568553,-3.747191613836259e-12,1.0000000000000002,1.0000000000000009
-0.532,1.0480215840553233,745.8246730083114,-0.5320000141054965,-3.732614122330954e-12,1.0,1.000000000000001
-0.532,1.0480215840553233,752.7320737261965,-0.5320000140539866,-3.71787029465328e-12,0.9999999999999998,1.0000000000000007
-0.532,1.0480215840553233,759.7034468311634,-0.5320000140023281,-3.7029629140957856e-12,0.9999999999999999,1.000000000000001
-0.532,1.0480215840553233,766.7393847988028,-0.5320000139505223,-3.6878948203322944e-12,0.9999999999999998,1.000000000000001
-0.532,1.0480215840553233,773.8404855918722,-0.5320000138985708,-3.672668742603293e-12,0.9999999999999999,1.0000000000000013
-0.532,1.0480215840553233,781.0073527111184,-0.5320000138464749,-3.657287309250504e-12,0.9999999999999996,1.0000000000000009
-0.532,1.0480215840553233,788.2405952465664,-0.5320000137942359,-3.641753567020253e-12,0.9999999999999996,1.000000000000001
-0.532,1.0480215840553233,795.5408279292831,-0.5320000137418534,-3.626070207221285e-12,0.9999999999999996,1.000000000000001
-0.532,1.0480215840553233,802.9086711836236,-0.5320000136893283,-3.610240019731423e-12,0.9999999999999991,1.000000000000001
-0.532,1.0480215840553233,810.3447511799583,-0.5320000136366598,-3.594265849994963e-12,0.9999999999999994,1.000000000000001
-0.532,1.0480215840553233,817.8496998878867,-0.5320000135838485,-3.578149918676663e-12,0.9999999999999992,1.0000000000000013
-0.532,1.0480215840553233,825.4241551299497,-0.5320000135308928,-3.561895645040918e-12,0.9999999999999991,1.000000000000001
-0.532,1.0480215840553233,833.0687606358348,-0.532000013477792,-3.5455057373741004e-12,0.9999999999999991,1.0000000000000009
-0.532,1.0480215840553233,840.7841660970844,-0.5320000134245451,-3.528982685336147e-12,0.9999999999999988,1.000000000000001
-0.532,1.0480215840553233,848.5710272223139,-0.5320000133711502,-3.512328991161523e-12,0.9999999999999988,1.000000000000001
-0.532,1.0480215840553233,856.4300057929329,-0.532000013317606,-3.4955478290958918e-12,0.9999999999999987,1.0000000000000016
-0.532,1.0480215840553233,864.3617697193946,-0.5320000132639101,-3.478641624106842e-12,0.9999999999999983,1.000000000000001
-0.532,1.0480215840553233,872.3669930979535,-0.5320000132100607,-3.461613503494415e-12,0.9999999999999984,1.0000000000000007
-0.532,1.0480215840553233,880.4463562679581,-0.5320000131560555,-3.4444652903062097e-12,0.9999999999999983,1.000000000000001
-0.532,1.0480215840553233,888.6005458696701,-0.5320000131018918,-3.4272001675209963e-12,0.9999999999999981,1.000000000000001
-0.532,1.0480215840553233,896.8302549026189,-0.532000013047567,-3.4098203202688903e-12,0.9999999999999982,1.000000000000001
-0.532,1.0480215840553233,905.1361827845002,-0.532000012993079,-3.392328752907597e-12,0.9999999999999979,1.000000000000001
-0.532,1.0480215840553233,913.5190354106156,-0.5320000129384237,-3.374727849292561e-12,0.9999999999999981,1.0000000000000013
-0.532,1.0480215840553233,921.9795252138629,-0.5320000128835987,-3.3570200807126634e-12,0.9999999999999976,1.0000000000000009
-0.532,1.0480215840553233,930.5183712252855,-0.5320000128286012,-3.339208023922743e-12,0.9999999999999976,1.000000000000001
-0.532,1.0480215840553233,939.1362991351807,-0.5320000127734275,-3.3212952002906304e-12,0.9999999999999973,1.0000000000000009
-0.532,1.0480215840553233,947.8340413547725,-0.5320000127180745,-3.3032821352888037e-12,0.9999999999999974,1.000000000000001
-0.532,1.0480215840553233,956.6123370784595,-0.5320000126625394,-3.2851731140582823e-12,0.9999999999999973,1.000000000000001
-0.532,1.0480215840553233,965.4719323466358,-0.5320000126068188,-3.266969523525227e-12,0.9999999999999972,1.0000000000000009
-0.532,1.0480215840553233,974.4135801090915,-0.5320000125509092,-3.2486741556726246e-12,0.9999999999999967,1.0000000000000009
-0.532,1.0480215840553233,983.4380402890077,-0.5320000124948074,-3.2302895692998254e-12,0.9999999999999967,1.0000000000000009
-0.532,1.0480215840553233,992.5460798475383,-0.5320000124385105,-3.2118187075051894e-12,0.9999999999999967,1.0000000000000013
-0.532,1.0480215840553233,1001.7384728489908,-0.5320000123820152,-3.1932617238731008e-12,0.9999999999999968,1.000000000000001
-0.532,1.0480215840553233,1011.0160005266158,-0.5320000123253178,-3.174623581371922e-12,0.9999999999999964,1.0000000000000009
-0.532,1.0480215840553233,1020.3794513489946,-0.5320000122684159,-3.15590505446374e-12,0.9999999999999967,1.0000000000000007
-0.532,1.0480215840553233,1029.8296210870567,-0.5320000122113067,-3.137109118791587e-12,0.9999999999999963,1.000000000000001
-0.532,1.0480215840553233,1039.3673128817031,-0.5320000121539868,-3.1182388098298686e-12,0.9999999999999962,1.0000000000000016
-0.532,1.0480215840553233,1048.993337312066,-0.5320000120964538,-3.099295101478971e-12,0.9999999999999959,1.0000000000000009
-0.532,1.0480215840553233,1058.7085124643972,-0.5320000120387051,-3.0802809137941536e-12,0.9999999999999957,1.000000000000001
-0.532,1.0480215840553233,1068.5136640015942,-0.5320000119807385,-3.061198630177823e-12,0.9999999999999958,1.000000000000001
-0.532,1.0480215840553233,1078.4096252333723,-0.532000011922551,-3.042049886322772e-12,0.9999999999999956,1.0000000000000009
-0.532,1.0480215840553233,1088.3972371870843,-0.5320000118641407,-3.0228381071510953e-12,0.9999999999999957,1.0000000000000009
-0.532,1.0480215840553233,1098.4773486791944,-0.532000011805506,-3.0035644739400286e-12,0.9999999999999954,1.000000000000001
-0.532,1.0480215840553233,1108.650816387419,-0.5320000117466448,-2.984232591150693e-12,0.9999999999999954,1.000000000000001
-0.532,1.0480215840553233,1118.9185049235327,-0.5320000116875555,-2.9648434439436526e-12,0.9999999999999953,1.0000000000000009
-0.532,1.0480215840553233,1129.2812869068487,-0.5320000116282367,-2.945399400792911e-12,0.9999999999999958,1.0000000000000009
-0.532,1.0480215840553233,1139.740043038382,-0.5320000115686874,-2.9259033828315544e-12,0.9999999999999953,1.0000000000000009
-0.532,1.0480215840553233,1150.2956621756925,-0.5320000115089063,-2.9063567018712896e-12,0.9999999999999953,1.0000000000000013
-0.532,1.0480215840553233,1160.9490414084332,-0.5320000114488926,-2.886762669007281e-12,0.9999999999999953,1.000000000000001
-0.532,1.0480215840553233,1171.7010861345848,-0.5320000113886463,-2.8671230671863616e-12,0.9999999999999948,1.0000000000000009
-0.532,1.0480215840553233,1182.5527101374053,-0.5320000113281668,-2.847439852102541e-12,0.9999999999999949,1.0000000000000009
-0.532,1.0480215840553233,1193.5048356630894,-0.532000011267454,-2.8277153994513157e-12,0.999999999999995,1.0000000000000009
-0.532,1.0480215840553233,1204.55839349915,-0.5320000112065079,-2.8079521103967046e-12,0.9999999999999954,1.0000000000000013
-0.532,1.0480215840553233,1215.7143230535173,-0.5320000111453289,-2.7881519816456457e-12,0.999999999999995,1.0000000000000009
-0.532,1.0480215840553233,1226.9735724343827,-0.5320000110839181,-2.7683172791685203e-12,0.9999999999999948,1.0000000000000009
-0.532,1.0480215840553233,1238.33709853077,-0.5320000110222762,-2.7484504964043484e-12,0.9999999999999951,1.000000000000001
-0.532,1.0480215840553233,1249.8058670938608,-0.5320000109604044,-2.7285533970857676e-12,0.9999999999999948,1.0000000000000009
-0.532,1.0480215840553233,1261.3808528190714,-0.5320000108983038,-2.7086284604868337e-12,0.9999999999999951,1.000000000000001
-0.532,1.0480215840553233,1273.0630394288874,-0.5320000108359768,-2.688677847792914e-12,0.9999999999999949,1.000000000000001
-0.532,1.0480215840553233,1284.8534197564702,-0.532000010773425,-2.668703770152102e-12,0.999999999999995,1.0000000000000009
-0.532,1.0480215840553233,1296.7529958300336,-0.5320000107106502,-2.648708545582329e-12,0.9999999999999949,1.0000000000000009
-0.532,1.0480215840553233,1308.7627789579997,-0.5320000106476557,-2.6286942922923567e-12,0.9999999999999951,1.0000000000000009
-0.532,1.0480215840553233,1320.883789814951,-0.5320000105844431,-2.6086632103971746e-12,0.999999999999995,1.0000000000000009
-0.532,1.0480215840553233,1333.1170585283726,-0.5320000105210165,-2.5886175614641555e-12,0.999999999999995,1.0000000000000009
-0.532,1.0480215840553233,1345.4636247661995,-0.5320000104573785,-2.5685595340019508e-12,0.9999999999999948,1.0000000000000007
-0.532,1.0480215840553233,1357.924537825179,-0.532000010393533,-2.548491359946435e-12,0.9999999999999951,1.000000000000001
-0.532,1.0480215840553233,1370.500856720038,-0.5320000103294831,-2.528415232185582e-12,0.9999999999999952,1.000000000000001
-0.532,1.0480215840553233,1383.1936502734964,-0.5320000102652328,-2.5083334071657263e-12,0.9999999999999953,1.0000000000000009
-0.532,1.0480215840553233,1396.0039972070938,-0.532000010200787,-2.48824789743662e-12,0.9999999999999952,1.0000000000000009
-0.532,1.0480215840553233,1408.9329862328714,-0.5320000101361496,-2.468161249847847e-12,0.9999999999999951,1.000000000000001
-0.532,1.0480215840553233,1421.9817161458968,-0.5320000100713252,-2.4480755594604995e-12,0.9999999999999956,1.0000000000000009
-0.532,1.0480215840553233,1435.1512959176512,-0.5320000100063192,-2.427992904666002e-12,0.9999999999999956,1.000000000000001
-0.532,1.0480215840553233,1448.4428447902692,-0.5320000099411359,-2.407915555745788e-12,0.9999999999999954,1.000000000000001
-0.532,1.0480215840553233,1461.8574923716699,-0.5320000098757812,-2.38784546787491e-12,0.9999999999999954,1.0000000000000007
-0.532,1.0480215840553233,1475.3963787315492,-0.5320000098102606,-2.3677855917348826e-12,0.9999999999999954,1.0000000000000007
-0.532,1.0480215840553233,1489.0606544982772,-0.5320000097445798,-2.347737453282349e-12,0.9999999999999957,1.000000000000001
-0.532,1.0480215840553233,1502.8514809566846,-0.5320000096787444,-2.3277032955341667e-12,0.9999999999999958,1.0000000000000007
-0.532,1.0480215840553233,1516.7700301467542,-0.532000009612761,-2.3076857095977687e-12,0.9999999999999959,1.0000000000000009
-0.532,1.0480215840553233,1530.8174849632353,-0.5320000095466356,-2.287685919539166e-12,0.9999999999999957,1.0000000000000007
-0.532,1.0480215840553233,1544.9950392561707,-0.5320000094803746,-2.267707682203164e-12,0.999999999999996,1.0000000000000009
-0.532,1.0480215840553233,1559.3038979323546,-0.5320000094139848,-2.24775164172526e-12,0.9999999999999958,1.0000000000000004
-0.532,1.0480215840553233,1573.7452770577393,-0.5320000093474734,-2.227820900397611e-12,0.999999999999996,1.0000000000000009
-0.532,1.0480215840553233,1588.3204039607824,-0.5320000092808468,-2.207917133955425e-12,0.999999999999996,1.0000000000000009
-0.532,1.0480215840553233,1603.0305173367537,-0.5320000092141123,-2.1880428207988745e-12,0.9999999999999961,1.000000000000001
-0.532,1.0480215840553233,1617.8768673530133,-0.5320000091472773,-2.168199964589178e-12,0.9999999999999962,1.0000000000000007
-0.532,1.0480215840553233,1632.8607157552478,-0.532000009080349,-2.1483906784527333e-12,0.9999999999999963,1.0000000000000007
-0.532,1.0480215840553233,1647.9833359747165,-0.532000009013335,-2.128616867707259e-12,0.9999999999999962,1.0000000000000007
-0.532,1.0480215840553233,1663.2460132364645,-0.5320000089462431,-2.1088811799162123e-12,0.9999999999999967,1.0000000000000009
-0.532,1.0480215840553233,1678.6500446685554,-0.5320000088790809,-2.0891852453119062e-12,0.9999999999999966,1.0000000000000007
-0.532,1.0480215840553233,1694.1967394123092,-0.5320000088118563,-2.0695312621889953e-12,0.9999999999999967,1.0000000000000004
-0.532,1.0480215840553233,1709.8874187335668,-0.5320000087445772,-2.049921034417774e-12,0.9999999999999968,1.0000000000000004
-0.532,1.0480215840553233,1725.7234161349695,-0.5320000086772516,-2.0303576463767867e-12,0.999999999999997,1.0000000000000007
-0.532,1.0480215840553233,1741.706077469303,-0.5320000086098879,-2.010841852873263e-12,0.9999999999999969,1.0000000000000004
-0.532,1.0480215840553233,1757.8367610538646,-0.532000008542494,-1.991376366648102e-12,0.999999999999997,1.0000000000000007
-0.532,1.0480215840553233,1774.1168377859105,-0.5320000084750786,-1.971962707549594e-12,0.9999999999999971,1.0000000000000007
-0.532,1.0480215840553233,1790.547691259161,-0.5320000084076493,-1.952603479952699e-12,0.9999999999999972,1.0000000000000009
-0.532,1.0480215840553233,1807.1307178813868,-0.5320000083402151,-1.9333004784158655e-12,0.9999999999999972,1.0000000000000007
-0.532,1.0480215840553233,1823.867326993091,-0.532000008272784,-1.914055599881337e-12,0.9999999999999973,1.0000000000000004
-0.532,1.0480215840553233,1840.7589409872808,-0.532000008205365,-1.894870528833967e-12,0.9999999999999977,1.0000000000000007
-0.532,1.0480215840553233,1857.8069954303487,-0.532000008137966,-1.8757474471670236e-12,0.9999999999999977,1.0000000000000007
-0.532,1.0480215840553233,1875.012939184082,-0.5320000080705957,-1.856687699877229e-12,0.9999999999999977,1.0000000000000007
-0.532,1.0480215840553233,1892.378234528796,-0.5320000080032629,-1.837694024437472e-12,0.9999999999999978,1.0000000000000009
-0.532,1.0480215840553233,1909.9043572876058,-0.5320000079359757,-1.818768136119161e-12,0.9999999999999977,1.0000000000000004
-0.532,1.0480215840553233,1927.592796951861,-0.5320000078687428,-1.7999115578829961e-12,0.999999999999998,1.0000000000000007
-0.532,1.0480215840553233,1945.4450568077177,-0.5320000078015729,-1.781126217688669e-12,0.9999999999999981,1.0000000000000004
-0.532,1.0480215840553233,1963.4626540639163,-0.5320000077344742,-1.7624133805501407e-12,0.9999999999999982,1.0000000000000004
-0.532,1.0480215840553233,1981.6471199807077,-0.5320000076674554,-1.7437755751908767e-12,0.9999999999999982,1.0000000000000004
-0.532,1.0480215840553233,2000.0,-0.5320000076005248,-1.7252141205674655e-12,0.9999999999999983,1.0000000000000004
-0.3,1.0385768496984151,0.0,0.0,0.0,0.0,1.0385768496984151
-0.3,1.0385768496984151,0.05,-0.0011808697567743977,0.02322885914683601,0.02947102714354153,1.0379987971541698
-0.3,1.0385768496984151,0.1,-0.004570438152873146,0.044197558746150035,0.05882878157146351,1.0374207730117764
-0.3,1.0385768496984151,0.15000000000000002,-0.009949686112121834,0.06304523698076027,0.0879729407056302,1.036842847414344
-0.3,1.0385768496984151,0.2,-0.01711326698437964,0.07990618595194918,0.11681615628516703,1.0362651318736205
-0.3,1.0385768496984151,0.25,-0.025869013924386376,0.09490968315319069,0.14528287482073277,1.0356877748889013
-0.3,1.0385768496984151,0.30000000000000004,-0.03603743230573254,0.10817987240879691,0.1733082484108061,1.0351109577655973
-0.3,1.0385768496984151,0.35000000000000003,-0.04745118179926628,0.11983568892130189,0.20083712914431118,1.0345348906161806
-0.3,1.0385768496984151,0.4,-0.05995455333794539,0.12999082346180454,0.227823141008875,1.03395980853264
-0.3,1.0385768496984151,0.45,-0.07340294450941057,0.13875372111329973,0.2542278238043915,1.0333859679245356
-0.3,1.0385768496984151,0.5,-0.08766233631389801,0.14622761033622636,0.2800198440509103,1.032813643020504
-0.3,1.0385768496984151,0.55,-0.102608774052894,0.15251055846669181,0.30517426829530964,1.0322431225337108
-0.3,1.0385768496984151,0.6000000000000001,-0.11812785488627896,0.15769555008045083,0.32967189457705226,1.0316747064936218
-0.3,1.0385768496984151,0.65,-0.13411422425597067,0.16187058495953519,0.3534986381210878,1.0311087032474833
-0.3,1.0385768496984151,0.7000000000000001,-0.1504710830084909,0.16511879268371865,0.3766449675951643,1.0305454266354106
-0.3,1.0385768496984151,0.75,-0.16710970672359352,0.1675185611362921,0.3991053885070269,1.0299851933429118
-0.3,1.0385768496984151,0.8,-0.18394897848745032,0.16914367646354933,0.4208779705300696,1.0294283204342636
-0.3,1.0385768496984151,0.8500000000000001,-0.20091493612497344,0.17006347226072818,0.44196391573890204,1.0288751230693667
-0.3,1.0385768496984151,0.9,-0.2179403347091361,0.17034298597468872,0.4623671649126349,1.0283259124057982
-0.3,1.0385768496984151,0.9500000000000001,-0.23496422498436825,0.17004312071613925,0.4820940392265857,1.0277809936865965
-0.3,1.0385768496984151,1.0,-0.2519315481723753,0.16922081086252636,0.5011529148049138,1.02724066451316
-0.3,1.0385768496984151,1.05,-0.26879274747280774,0.16792919000754994,0.5195539277492365,1.0267052133013608
-0.3,1.0385768496984151,1.1,-0.2855033964303256,0.16621775997537075,0.5373087073930901,1.0261749179177855
-0.3,1.0385768496984151,1.1500000000000001,-0.30202384421506956,0.16413255976764507,0.5544301356601726,1.0256500444917958
-0.3,1.0385768496984151,1.2000000000000002,-0.31831887775545736,0.16171633345019978,0.5709321305265764,1.0251308463980469
-0.3,1.0385768496984151,1.25,-0.3343574005694192,0.1590086961140716,0.5868294517042435,1.0246175634030823
-0.3,1.0385768496984151,1.3,-0.3501121280608295,0.1560462971633609,0.6021375267750946,1.0241104209687497
-0.3,1.0385768496984151,1.35,-0.365559298980275,0.15286298029044854,0.6168722961130457,1.02360962970445
-0.3,1.0385768496984151,1.4000000000000001,-0.3806784026917052,0.1494899395981105,0.631050075034629,1.0231153849596137
-0.3,1.0385768496984151,1.4500000000000002,-0.3954519218378192,0.14595587141845878,0.6446874317182609,1.0226278665473278
-0.3,1.0385768496984151,1.5,-0.40986508995636933,0.14228712146089037,0.6578010795275907,1.0221472385896855
-0.3,1.0385768496984151,1.55,-0.4239056635662201,0.13850782699583097,0.6704077824656484,1.0216736494752539
-0.3,1.0385768496984151,1.6,-0.43756370821557233,0.1346400538484347,0.6825242725739452,1.0212072319189098
-0.3,1.0385768496984151,1.6500000000000001,-0.4508313979646804,0.13070392803699704,0.6941671781741385,1.0207481031143855
-0.3,1.0385768496984151,1.7000000000000002,-0.463702827761168,0.12671776194506398,0.7053529619293913,1.020296364969915
-0.3,1.0385768496984151,1.75,-0.47617383815720443,0.12269817496447918,0.7160978677782536,1.0198521044176454
-0.3,1.0385768496984151,1.8,-0.48824185181362495,0.11866020858931808,0.7264178758656473,1.0194153937877206
-0.3,1.0385768496984151,1.85,-0.49990572123614185,0.11461743597816629,0.7363286646635128,1.0189862912383256
-0.3,1.0385768496984151,1.9000000000000001,-0.5111655871923996,0.11058206603491758,0.7458455795378618,1.0185648412333748
-0.3,1.0385768496984151,1.9500000000000002,-0.5220227472653157,0.10656504208652935,0.7549836070794315,1.0181510750599714
-0.3,1.0385768496984151,2.0,-0.5324795340074591,0.1025761352603394,0.7637573545720192,1.0177450113782605
-0.3,1.0385768496984151,2.0500000000000003,-0.5425392021726114,0.09862403268396606,0.7721810340258003,1.0173466567967844
-0.3,1.0385768496984151,2.1,-0.5522058245139567,0.09471642064778028,0.7802684502528555,1.016956006466981
-0.3,1.0385768496984151,2.15,-0.5614841956530114,0.09086006288379529,0.7880329925085927,1.0165730446909655
-0.3,1.0385768496984151,2.2,-0.5703797435393274,0.08706087412583859,0.7954876292660779,1.016197745537274
-0.3,1.0385768496984151,2.25,-0.5788984480378594,0.08332398912434107,0.8026449057305297,1.0158300734597503
-0.3,1.0385768496984151,2.3000000000000003,-0.5870467661984353,0.07965382729527107,0.8095169437384662,1.0154699839152532
-0.3,1.0385768496984151,2.35,-0.5948315637798883,0.07605415318689059,0.8161154437205071,1.0151174239763439
-0.3,1.0385768496984151,2.4000000000000004,-0.6022600526198273,0.07252813295036963,0.8224516884385994,1.0147723329355776
-0.3,1.0385768496984151,2.45,-0.6093397334596526,0.06907838700106818,0.8285365482377113,1.0144346428984548
-0.3,1.0385768496984151,2.5,-0.6160783438530768,0.06570703905668696,0.8343804875789544,1.0141042793624986
-0.3,1.0385768496984151,2.5500000000000003,-0.6224838108049469,0.06241576173669824,0.8399935726456975,1.0137811617803207
-0.3,1.0385768496984151,2.6,-0.6285642078055148,0.05920581890464466,0.8453854798368186,1.01346520410488
-0.3,1.0385768496984151,2.6500000000000004,-0.6343277159433115,0.05607810493122673,0.8505655049817972,1.0131563153154806
-0.3,1.0385768496984151,2.7,-0.6397825887973917,0.0530331810517011,0.8555425731311029,1.0128543999233601
-0.3,1.0385768496984151,2.75,-0.6449371208268632,0.050071308986130554,0.8603252487923628,1.0125593584559769
-0.3,1.0385768496984151,2.8000000000000003,-0.6497996189922242,0.04719248198558038,0.8649217464982581,1.0122710879193821
-0.3,1.0385768496984151,2.85,-0.6543783773590673,0.04439645346153364,0.8693399416060807,1.011989482238258
-0.3,1.0385768496984151,2.9000000000000004,-0.6586816544501469,0.04168276334971418,0.8735873812415181,1.0117144326734322
-0.3,1.0385768496984151,2.95,-0.6627176531266018,0.039050762353229844,0.8776712953106285,1.0114458282168177
-0.3,1.0385768496984151,3.0,-0.6664945027933061,0.036499634203550894,0.8815986075142015,1.0111835559639266
-0.3,1.0385768496984151,3.0500000000000003,-0.6700202437368197,0.03402841607139961,0.8853759463079219,1.0109275014642018
-0.3,1.0385768496984151,3.1,-0.6733028134172944,0.031636017253178016,0.8890096557599426,1.0106775490495485
-0.3,1.0385768496984151,3.1500000000000004,-0.6763500345479091,0.029321236252170205,0.8925058062648683,1.0104335821415404
-0.3,1.0385768496984151,3.2,-0.6791696048070117,0.027082776367450885,0.8958702050796813,1.0101954835378553
-0.3,1.0385768496984151,3.25,-0.6817690880391021,0.024919259897247845,0.8991084066529668,1.0099631356785574
-0.3,1.0385768496984151,3.3000000000000003,-0.6841559068111738,0.022829241057478904,0.9022257227239797,1.0097364208929223
-0.3,1.0385768496984151,3.35,-0.6863373362006884,0.02081121771032204,0.9052272321726257,1.009515221627503
-0.3,1.0385768496984151,3.4000000000000004,-0.6883204987006646,0.018863641992014034,0.908117790605484,1.009299420656207
-0.3,1.0385768496984151,3.45,-0.6901123601360125,0.01698492992360887,0.9109020396665113,1.0090889012731505
-0.3,1.0385768496984151,3.5,-0.6917197264933521,0.01517347008318004,0.9135844160641785,1.0088835474690834
-0.3,1.0385768496984151,3.5500000000000003,-0.6931492415741577,0.013427631412926468,0.9161691603094663,1.0086832440921725
-0.3,1.0385768496984151,3.6,-0.6944073853881807,0.011745770229839662,0.9186603251615066,1.0084878769939551
-0.3,1.0385768496984151,3.6500000000000004,-0.695500473210745,0.010126236504019467,0.9210617837796742,1.008297333161233
-0.3,1.0385768496984151,3.7,-0.696434655233705,0.008567379464380433,0.9233772375826613,1.0081115008347028
-0.3,1.0385768496984151,3.75,-0.6972159167456221,0.00706755258736778,0.9256102238165693,1.0079302696150791
-0.3,1.0385768496984151,3.8000000000000003,-0.697850078782096,0.005625118020408861,0.9277641228352969,1.0077535305574674
-0.3,1.0385768496984151,3.85,-0.6983427991921626,0.004238450488139194,0.9298421650975691,1.0075811762547056
-0.3,1.0385768496984151,3.9000000000000004,-0.6986995740713069,0.0029059407259751204,0.9318474378858277,1.0074131009103895
-0.3,1.0385768496984151,3.95,-0.6989257395159342,0.0016259984823395188,0.933782891752931,1.0072492004022513
-0.3,1.0385768496984151,4.0,-0.6990264736581079,0.00039705512777728636,0.9356513467031957,1.0070893723365657
-0.3,1.0385768496984151,4.05,-0.6990067989430472,-0.0007824340936775213,0.9374554981147678,1.0069335160941884
-0.3,1.0385768496984151,4.1000000000000005,-0.6988715846152718,-0.001913988138218635,0.9391979224106884,1.0067815328688534
-0.3,1.0385768496984151,4.15,-0.6986255493824166,-0.0029990985309231435,0.9408810824862506,1.0066333256982858
-0.3,1.0385768496984151,4.2,-0.6982732642286336,-0.004039228001556603,0.9425073329004696,1.0064887994886837
-0.3,1.0385768496984151,4.25,-0.6978191553521613,-0.005035809361933643,0.9440789248395574,1.0063478610330892
-0.3,1.0385768496984151,4.3,-0.6972675072040988,-0.005990244601288406,0.9455980108603793,1.006210419024144
-0.3,1.0385768496984151,4.3500000000000005,-0.6966224656076786,-0.006903904178012861,0.9470666494218554,1.0060763840616795
-0.3,1.0385768496984151,4.4,-0.6958880409393962,-0.007778126487892606,0.9484868092122314,1.0059456686555992
-0.3,1.0385768496984151,4.45,-0.6950681113552744,-0.00861421749061419,0.9498603732800558,1.0058181872244598
-0.3,1.0385768496984151,4.5,-0.6941664260472699,-0.009413450477843338,0.9511891429766072,1.0056938560901285
-0.3,1.0385768496984151,4.55,-0.6931866085164377,-0.010177065967587906,0.9524748417173453,1.0055725934689046
-0.3,1.0385768496984151,4.6000000000000005,-0.6921321598509269,-0.010906271710868084,0.9537191185698384,1.0054543194594234
-0.3,1.0385768496984151,4.65,-0.6910064619982199,-0.011602242797927183,0.9549235516754194,1.0053389560276773
-0.3,1.0385768496984151,4.7,-0.6898127810222537,-0.012266121852335802,0.9560896515116215,1.0052264269894424
-0.3,1.0385768496984151,4.75,-0.6885542703371655,-0.012899019302374323,0.9572188640022856,1.0051166579904003
-0.3,1.0385768496984151,4.800000000000001,-0.687233973910425,-0.013502013720033242,0.9583125734819755,1.005009576484199
-0.3,1.0385768496984151,4.8500000000000005,-0.6858548294290385,-0.014076152218847478,0.9593721055211516,1.0049051117087067
-0.3,1.0385768496984151,4.9,-0.6844196714233498,-0.014622450902591243,0.9603987296183275,1.0048031946606701
-0.3,1.0385768496984151,4.95,-0.6829312343437149,-0.01514189535760313,0.9613936617652132,1.0047037580689921
-0.3,1.0385768496984151,5.0,-0.6813921555860282,-0.015635441182195814,0.9623580668906271,1.004606736366815
-0.3,1.0385768496984151,5.050000000000001,-0.6798049784626937,-0.01610401454723333,0.9632930611887531,1.0045120656625852
-0.3,1.0385768496984151,5.1000000000000005,-0.6781721551161966,-0.016548512782534976,0.9641997143370796,1.0044196837102644
-0.3,1.0385768496984151,5.15,-0.6764960493729405,-0.016969804984294557,0.9650790516091636,1.004329529878828
-0.3,1.0385768496984151,5.2,-0.6747789395354794,-0.01736873263918736,0.9659320558871485,1.0042415451212026
-0.3,1.0385768496984151,5.25,-0.673023021111663,-0.017746110261281818,0.9667596695787533,1.00415567194275
-0.3,1.0385768496984151,5.300000000000001,-0.6712304094796064,-0.01810272603827739,0.9675627964432507,1.0040718543694265
-0.3,1.0385768496984151,5.3500000000000005,-0.6694031424877038,-0.018439342483961407,0.9683423033307705,1.0039900379157134
-0.3,1.0385768496984151,5.4,-0.6675431829892111,-0.018756697094116405,0.9690990218390506,1.0039101695524146
-0.3,1.0385768496984151,5.45,-0.6656524213111753,-0.019055503003417115,0.9698337498916009,1.0038321976744122
-0.3,1.0385768496984151,5.5,-0.6637326776577289,-0.019336449641138526,0.9705472532410471,1.0037560720684549
-0.3,1.0385768496984151,5.550000000000001,-0.6617857044479587,-0.01960020338375167,0.9712402669012592,1.0036817438810453
-0.3,1.0385768496984151,5.6000000000000005,-0.6598131885887542,-0.01984740820271725,0.971913496511711,1.0036091655865018
-0.3,1.0385768496984151,5.65,-0.6578167536831829,-0.020078686305997854,0.9725676196373279,1.003538290955237
-0.3,1.0385768496984151,5.7,-0.655797962175092,-0.020294638772002233,0.9732032870069794,1.0034690750223103
-0.3,1.0385768496984151,5.75,-0.6537583174307464,-0.020495846174848262,0.9738211236935669,1.0034014740563095
-0.3,1.0385768496984151,5.800000000000001,-0.6516992657584176,-0.020682869199989004,0.9744217302385592,1.0033354455285788
-0.3,1.0385768496984151,5.8500000000000005,-0.6496221983669302,-0.020856249249388198,0.9750056837236745,1.0032709480828519
-0.3,1.0385768496984151,5.9,-0.6475284532642425,-0.02101650903556,0.9755735387922808,1.0032079415053043
-0.3,1.0385768496984151,5.95,-0.6454193170972048,-0.021164153163903715,0.9761258286229616,1.003146386695063
-0.3,1.0385768496984151,6.0,-0.6432960269336894,-0.02129966870286757,0.9766630658575818,1.0030862456351886
-0.3,1.0385768496984151,6.050000000000001,-0.6411597719883222,-0.021423525741570065,0.9771857434860618,1.003027481364151
-0.3,1.0385768496984151,6.1000000000000005,-0.6390116952930943,-0.021536177934590294,0.9776943356899782,1.002970057947822
-0.3,1.0385768496984151,6.15,-0.636852895314136,-0.02163806303371417,0.9781892986469918,1.002913940451986
-0.3,1.0385768496984151,6.2,-0.6346844275159749,-0.021729603406490078,0.9786710712980042,1.0028590949153953
-0.3,1.0385768496984151,6.25,-0.6325073058745937,-0.021811206541507058,0.9791400760788687,1.0028054883233628
-0.3,1.0385768496984151,6.300000000000001,-0.6303225043406243,-0.021883265540361418,0.9795967196183646,1.0027530885819087
-0.3,1.0385768496984151,6.3500000000000005,-0.6281309582540038,-0.021946159596324705,0.980041393404083,1.0027018644924655
-0.3,1.0385768496984151,6.4,-0.6259335657114236,-0.022000254459766746,0.9804744744177794,1.002651785727138
-0.3,1.0385768496984151,6.45,-0.6237311888878887,-0.022045902890424074,0.9808963257416671,1.0026028228045232
-0.3,1.0385768496984151,6.5,-0.6215246553137052,-0.022083445096635616,0.9813072971370652,1.0025549470660933
-0.3,1.0385768496984151,6.550000000000001,-0.6193147591081788,-0.022113209161694874,0.9817077255967365,1.0025081306531318
-0.3,1.0385768496984151,6.6000000000000005,-0.6171022621713215,-0.0221355114574921,0.9820979358721754,1.002462346484225
-0.3,1.0385768496984151,6.65,-0.6148878953348125,-0.02215065704563978,0.9824782409770703,1.0024175682333079
-0.3,1.0385768496984151,6.7,-0.6126723594734697,-0.02215894006629284,0.9828489426680679,1.0023737703082523
-0.3,1.0385768496984151,6.75,-0.6104563265784383,-0.022160644114889154,0.9832103319039467,1.0023309278299959
-0.3,1.0385768496984151,6.800000000000001,-0.6082404407933064,-0.022156042607048256,0.9835626892842169,1.0022890166122091
-0.3,1.0385768496984151,6.8500000000000005,-0.6060253194143079,-0.022145399131876263,0.9839062854681494,1.0022480131414828
-0.3,1.0385768496984151,6.9,-0.6038115538557673,-0.022128967793932978,0.9842413815751503,1.0022078945580402
-0.3,1.0385768496984151,6.95,-0.6015997105819069,-0.022106993544123186,0.984568229567387,1.0021686386369588
-0.3,1.0385768496984151,7.0,-0.5993903320061077,-0.022079712499778834,0.9848870726154908,1.0021302237698946
-0.3,1.0385768496984151,7.050000000000001,-0.5971839373586939,-0.02204735225420229,0.9851981454481572,1.0020926289473004
-0.3,1.0385768496984151,7.1000000000000005,-0.5949810235242813,-0.022010132175942304,0.9855016746863912,1.0020558337411307
-0.3,1.0385768496984151,7.15,-0.5927820658497022,-0.02196826369807551,0.9857978791631304,1.002019818288022
-0.3,1.0385768496984151,7.2,-0.5905875189234927,-0.021921950597765888,0.986086970228933,1.0019845632729343
-0.3,1.0385768496984151,7.25,-0.5883978173279016,-0.0218713892663739,0.986369152044382,1.0019500499132588
-0.3,1.0385768496984151,7.300000000000001,-0.5862133763643521,-0.021816768970384603,0.9866446218598313,1.0019162599433609
-0.3,1.0385768496984151,7.3500000000000005,-0.5840345927532581,-0.021758272103422367,0.9869135702830846,1.0018831755995714
-0.3,1.0385768496984151,7.4,-0.5818618453090783,-0.021696074429615998,0.9871761815355682,1.001850779605594
-0.3,1.0385768496984151,7.45,-0.5796954955914551,-0.02163034531857513,0.9874326336975308,1.001819055158337
-0.3,1.0385768496984151,7.5,-0.5775358885332653,-0.02156124797223421,0.987683098942787,1.001787985914149
-0.3,1.0385768496984151,7.550000000000001,-0.575383353046385,-0.021488939643816634,0.9879277437634731,1.0017575559754537
-0.3,1.0385768496984151,7.6000000000000005,-0.5732382026059406,-0.021413571849166372,0.9881667291852918,1.001727749877769
-0.3,1.0385768496984151,7.65,-0.5711007358137989,-0.021335290570689867,0.9884002109736663,1.001698552577107
-0.3,1.0385768496984151,7.7,-0.5689712369420219,-0.021254236454145814,0.9886283398312421,1.0016699494377386
-0.3,1.0385768496984151,7.75,-0.5668499764569924,-0.021170544998514843,0.988851261587099,1.0016419262203209
-0.3,1.0385768496984151,7.800000000000001,-0.5647372115248852,-0.02108434673917626,0.9890691173780901,1.0016144690703714
-0.3,1.0385768496984151,7.8500000000000005,-0.5626331864991485,-0.020995767424612885,0.9892820438226295,1.0015875645070793
-0.3,1.0385768496984151,7.9,-0.5605381333906261,-0.020904928186859816,0.9894901731872944,1.0015611994124518
-0.3,1.0385768496984151,7.95,-0.5584522723209391,-0.020811945705907216,0.9896936335465553,1.0015353610207807
-0.3,1.0385768496984151,8.0,-0.5563758119597199,-0.020716932368261658,0.9898925489359434,1.0015100369084202
-0.3,1.0385768496984151,8.05,-0.554308949946272,-0.020619996419864582,0.990087039498952,1.00148521498387
-0.3,1.0385768496984151,8.1,-0.5522518732962114,-0.020521242113561475,0.9902772216279527,1.001460883478156
-0.3,1.0385768496984151,8.15,-0.5502047587936242,-0.020420769851308983,0.9904632080993909,1.0014370309354925
-0.3,1.0385768496984151,8.200000000000001,-0.5481677733692574,-0.020318676321302333,0.9906451082035101,1.0014136462042318
-0.3,1.0385768496984151,8.25,-0.5461410744652443,-0.020215054630199597,0.9908230278688595,1.0013907184280748
-0.3,1.0385768496984151,8.3,-0.5441248103868424,-0.020109994430614113,0.9909970697818019,1.001368237037557
-0.3,1.0385768496984151,8.35,-0.542119120641651,-0.020003582044040867,0.9911673335012477,1.001346191741778
-0.3,1.0385768496984151,8.4,-0.5401241362667584,-0.019895900579377804,0.9913339155688233,1.0013245725203879
-0.3,1.0385768496984151,8.450000000000001,-0.538139980144249,-0.019787030047197497,0.9914969096146767,1.0013033696158102
-0.3,1.0385768496984151,8.5,-0.5361667673054888,-0.019677047469919964,0.9916564064590992,1.0012825735257018
-0.3,1.0385768496984151,8.55,-0.5342046052245917,-0.019566026988032104,0.9918124942101595,1.0012621749956345
-0.3,1.0385768496984151,8.6,-0.532253594101457,-0.019454039962495007,0.9919652583575101,1.001242165012004
-0.3,1.0385768496984151,8.65,-0.5303138271347492,-0.019341155073475152,0.9921147818625368,1.0012225347951453
-0.3,1.0385768496984151,8.700000000000001,-0.5283853907851837,-0.019227438415531185,0.9922611452450069,1.001203275792661
-0.3,1.0385768496984151,8.75,-0.5264683650294654,-0.01911295358938368,0.9924044266663676,1.001184379672947
-0.3,1.0385768496984151,8.8,-0.5245628236052164,-0.018997761790390578,0.9925447020098304,1.0011658383189141
-0.3,1.0385768496984151,8.85,-0.5226688342472174,-0.018881921893847263,0.9926820449573892,1.0011476438218994
-0.3,1.0385768496984151,8.9,-0.5207864589152715,-0.018765490537225597,0.9928165270638915,1.0011297884757606
-0.3,1.0385768496984151,8.950000000000001,-0.5189157540139936,-0.018648522199462704,0.9929482178282918,1.0011122647711443
-0.3,1.0385768496984151,9.0,-0.5170567706048147,-0.01853106927740642,0.9930771847622055,1.001095065389935
-0.3,1.0385768496984151,9.05,-0.5152095546104808,-0.018413182159520047,0.9932034934558753,1.0010781831998632
-0.3,1.0385768496984151,9.1,-0.5133741470123135,-0.01829490929694618,0.9933272076416578,1.0010616112492772
-0.3,1.0385768496984151,9.15,-0.5115505840404941,-0.018176297272025375,0.9934483892551322,1.0010453427620754
-0.3,1.0385768496984151,9.200000000000001,-0.509738897357617,-0.018057390864361925,0.9935670984939337,1.001029371132785
-0.3,1.0385768496984151,9.25,-0.507939114235761,-0.0179382331145263,0.9936833938744027,1.0010136899217945
-0.3,1.0385768496984151,9.3,-0.5061512577273007,-0.017818865385479856,0.9937973322861372,1.0009982928507248
-0.3,1.0385768496984151,9.35,-0.504375346829689,-0.01769932742180493,0.9939089690445366,1.000983173797937
-0.3,1.0385768496984151,9.4,-0.5026113966444231,-0.01757965740682011,0.994018357941423,1.0009683267941811
-0.3,1.0385768496984151,9.450000000000001,-0.5008594185304004,-0.01745989201765782,0.9941255512938086,1.0009537460183686
-0.3,1.0385768496984151,9.5,-0.4991194202518693,-0.0173400664783782,0.9942305999908938,1.000939425793474
-0.3,1.0385768496984151,9.55,-0.4973914061211595,-0.017220214611191068,0.9943335535393604,1.000925360582556
-0.3,1.0385768496984151,9.600000000000001,-0.49567537713638676,-0.01710036888585472,0.9944344601070351,1.000911544984904
-0.3,1.0385768496984151,9.65,-0.4939713311143033,-0.016980560467318048,0.9945333665649795,1.0008979737322865
-0.3,1.0385768496984151,9.700000000000001,-0.49227926281847,-0.016860819261669865,0.994630318528078,1.0008846416853256
-0.3,1.0385768496984151,9.75,-0.4905991640829166,-0.016741173960457174,0.9947253603941805,1.0008715438299673
-0.3,1.0385768496984151,9.8,-0.48893102393144877,-0.016621652083431682,0.9948185353818535,1.0008586752740596
-0.3,1.0385768496984151,9.850000000000001,-0.48727482869275784,-0.016502280019781837,0.9949098855668039,1.0008460312440395
-0.3,1.0385768496984151,9.9,-0.4856305621114766,-0.016383083067905275,0.9949994519170101,1.0008336070817032
-0.3,1.0385768496984151,9.950000000000001,-0.48399820545533484,-0.016264085473775006,0.995087274326635,1.0008213982410865
-0.3,1.0385768496984151,10.0,-0.48237773761854064,-0.016145310467950306,0.9951733916487467,1.0008094002854229
-0.3,1.0385768496984151,10.05,-0.4807691352215312,-0.016026780301281473,0.9952578417269089,1.0007976088842043
-0.3,1.0385768496984151,10.100000000000001,-0.47917237270721025,-0.015908516279356022,0.9953406614256691,1.0007860198103196
-0.3,1.0385768496984151,10.15,-0.47758742243380764,-0.01579053879573173,0.9954218866600076,1.000774628937276
-0.3,1.0385768496984151,10.200000000000001,-0.47601425476447,-0.015672867364000878,0.9955015524237653,1.0007634322365104
-0.3,1.0385768496984151,10.25,-0.474452838153704,-0.015555520648727507,0.9955796928171087,1.0007524257747704
-0.3,1.0385768496984151,10.3,-0.47290313923077854,-0.015438516495299032,0.9956563410730525,1.000741605711574
-0.3,1.0385768496984151,10.350000000000001,-0.47136512288019533,-0.01532187195873099,0.9957315295830886,1.0007309682967462
-0.3,1.0385768496984151,10.4,-0.46983875231932776,-0.015205603331463105,0.9958052899219473,1.0007205098680239
-0.3,1.0385768496984151,10.450000000000001,-0.46832398917333107,-0.015089726170182772,0.9958776528715263,1.0007102268487313
-0.3,1.0385768496984151,10.5,-0.46682079354741535,-0.014974255321711353,0.9959486484440188,1.0007001157455226
-0.3,1.0385768496984151,10.55,-0.4653291240965756,-0.01485920494798675,0.9960183059042701,1.0006901731461897
-0.3,1.0385768496984151,10.600000000000001,-0.46384893809286687,-0.014744588550175016,0.9960866537913944,1.0006803957175312
-0.3,1.0385768496984151,10.65,-0.4623801914903116,-0.014630418991942163,0.9961537199396702,1.0006707802032888
-0.3,1.0385768496984151,10.700000000000001,-0.46092283898751785,-0.01451670852191635,0.9962195314987552,1.0006613234221338
-0.3,1.0385768496984151,10.75,-0.45947683408809165,-0.014403468795369653,0.9962841149532323,1.0006520222657194
-0.3,1.0385768496984151,10.8,-0.45804212915892,-0.014290710895147149,0.9963474961415203,1.000642873696785
-0.3,1.0385768496984151,10.850000000000001,-0.45661867548639556,-0.014178445351870423,0.9964097002741669,1.0006338747473131
-0.3,1.0385768496984151,10.9,-0.4552064233306559,-0.014066682163441402,0.996470751951551,1.0006250225167421
-0.3,1.0385768496984151,10.950000000000001,-0.4538053219779086,-0.01395543081387146,0.9965306751810136,1.0006163141702287
-0.3,1.0385768496984151,11.0,-0.45241531979090216,-0.013844700291459929,0.996589493393434,1.0006077469369563
-0.3,1.0385768496984151,11.05,-0.45103636425761556,-0.013734499106345142,0.9966472294592829,1.0005993181085
-0.3,1.0385768496984151,11.100000000000001,-0.4496684020382188,-0.013624835307450386,0.9967039057041576,1.0005910250372259
-0.3,1.0385768496984151,11.15,-0.4483113790103688,-0.013515716498846173,0.9967595439238229,1.000582865134742
-0.3,1.0385768496984151,11.200000000000001,-0.44696524031290114,-0.013407149855549671,0.996814165398783,1.000574835870397
-0.3,1.0385768496984151,11.25,-0.4456299303879646,-0.013299142138781146,0.9968677909083887,1.0005669347698116
-0.3,1.0385768496984151,11.3,-0.4443053930216577,-0.013191699710696734,0.9969204407445029,1.0005591594134575
-0.3,1.0385768496984151,11.350000000000001,-0.4429915713832207,-0.01308482854861591,0.9969721347247426,1.000551507435274
-0.3,1.0385768496984151,11.4,-0.441688408062824,-0.012978534258761673,0.9970228922053014,1.000543976521322
-0.3,1.0385768496984151,11.450000000000001,-0.44039584510801105,-0.012872822089530486,0.9970727320933837,1.00053656440848
-0.3,1.0385768496984151,11.5,-0.4391138240588341,-0.012767696944308592,0.9971216728592478,1.000529268883169
-0.3,1.0385768496984151,11.55,-0.43784228598173225,-0.01266316339385067,0.9971697325478824,1.0005220877801206
-0.3,1.0385768496984151,11.600000000000001,-0.4365811715021925,-0.012559225688236192,0.9972169287903223,1.0005150189811722
-0.3,1.0385768496984151,11.65,-0.4353304208362347,-0.01245588776841822,0.9972632788146244,1.0005080604140995
-0.3,1.0385768496984151,11.700000000000001,-0.4340899738207638,-0.012353153277379002,0.9973087994565022,1.0005012100514807
-0.3,1.0385768496984151,11.75,-0.4328597699428237,-0.012251025570906168,0.9973535071696469,1.0004944659095905
-0.3,1.0385768496984151,11.8,-0.43163974836779295,-0.012149507728002523,0.9973974180357305,1.000487826047324
-0.3,1.0385768496984151,11.850000000000001,-0.4304298479665577,-0.012048602560942614,0.9974405477741123,1.0004812885651546
-0.3,1.0385768496984151,11.9,-0.42923000734169475,-0.011948312624987897,0.9974829117512534,1.0004748516041113
-0.3,1.0385768496984151,11.950000000000001,-0.4280401648527024,-0.011848640227772846,0.9975245249898533,1.000468513344794
-0.3,1.0385768496984151,12.0,-0.42686025864030636,-0.01174958743837309,0.9975654021777084,1.0004622720064074
-0.3,1.0385768496984151,12.05,-0.425690226649875,-0.011651156096066723,0.9976055576763188,1.0004561258458267
-0.3,1.0385768496984151,12.100000000000001,-0.4245300066539748,-0.01155334781879947,0.9976450055292336,1.0004500731566845
-0.3,1.0385768496984151,12.15,-0.4233795362740921,-0.011456164011363845,0.9976837594701549,1.0004441122684842
-0.3,1.0385768496984151,12.200000000000001,-0.4222387530015515,-0.011359605873302203,0.9977218329308036,1.0004382415457367
-0.3,1.0385768496984151,12.25,-0.421107594217659,-0.011263674406543299,0.997759239048557,1.0004324593871212
-0.3,1.0385768496984151,12.3,-0.41998599721308955,-0.011168370422781343,0.9977959906738646,1.0004267642246674
-0.3,1.0385768496984151,12.350000000000001,-0.4188738992065571,-0.011073694550606639,0.9978321003774516,1.0004211545229575
-0.3,1.0385768496984151,12.4,-0.41777123736277616,-0.010979647242396065,0.9978675804573113,1.0004156287783559
-0.3,1.0385768496984151,12.450000000000001,-0.4166779488097503,-0.010886228780971901,0.9979024429454995,1.000410185518251
-0.3,1.0385768496984151,12.5,-0.41559397065540515,-0.010793439286036724,0.9979366996147345,1.0004048233003233
-0.3,1.0385768496984151,12.55,-0.41451924000358814,-0.010701278720392117,0.9979703619848119,1.0003995407118291
-0.3,1.0385768496984151,12.600000000000001,-0.4134536939694574,-0.010609746895948596,0.9980034413288313,1.0003943363689078
-0.3,1.0385768496984151,12.65,-0.41239726969428003,-0.010518843479533791,0.9980359486792547,1.0003892089159
-0.3,1.0385768496984151,12.700000000000001,-0.41134990435965824,-0.010428567998505736,0.9980678948337867,1.0003841570246905
-0.3,1.0385768496984151,12.75,-0.4103115352012059,-0.010338919846178126,0.9980992903610989,1.000379179394064
-0.3,1.0385768496984151,12.8,-0.4092820995216883,-0.010249898287063516,0.9981301456063868,1.0003742747490816
-0.3,1.0385768496984151,12.850000000000001,-0.4082615347036494,-0.010161502461941007,0.9981604706967758,1.000369441840467
-0.3,1.0385768496984151,12.9,-0.4072497782215399,-0.010073731392754161,0.998190275546576,1.0003646794440184
-0.3,1.0385768496984151,12.950000000000001,-0.40624676765336265,-0.009986583987344902,0.9982195698623957,1.0003599863600245
-0.3,1.0385768496984151,13.0,-0.40525244069185407,-0.009900059044029007,0.9982483631481083,1.0003553614127052
-0.3,1.0385768496984151,13.05,-0.4042667351552144,-0.009814155256018453,0.9982766647096862,1.0003508034496602
-0.3,1.0385768496984151,13.100000000000001,-0.4032895889974044,-0.009728871215695836,0.9983044836599059,1.000346311341335
-0.3,1.0385768496984151,13.15,-0.4023209403180202,-0.009644205418745755,0.9983318289229175,1.0003418839804987
-0.3,1.0385768496984151,13.200000000000001,-0.40136072737176376,-0.00956015626814803,0.9983587092386994,1.00033752028174
-0.3,1.0385768496984151,13.25,-0.4004088885775187,-0.009476722078037377,0.998385133167385,1.000333219180966
-0.3,1.0385768496984151,13.3,-0.399465362527048,-0.009393901077433965,0.9984111090934783,1.0003289796349255
-0.3,1.0385768496984151,13.350000000000001,-0.3985300879933242,-0.009311691413849204,0.9984366452299532,1.000324800620736
-0.3,1.0385768496984151,13.4,-0.3976030039385053,-0.00923009115677094,0.9984617496222454,1.0003206811354262
-0.3,1.0385768496984151,13.450000000000001,-0.39668404952156766,-0.009149098301032057,0.9984864301521372,1.0003166201954898
-0.3,1.0385768496984151,13.5,-0.395773164105608,-0.00906871077006633,0.9985106945415402,1.00031261683645
-0.3,1.0385768496984151,13.55,-0.3948702872648245,-0.008988926419055368,0.9985345503561754,1.0003086701124349
-0.3,1.0385768496984151,13.600000000000001,-0.39397535879119006,-0.008909743037970213,0.9985580050091615,1.0003047790957629
-0.3,1.0385768496984151,13.65,-0.3930883187008241,-0.00883115835451103,0.9985810657645043,1.000300942876542
-0.3,1.0385768496984151,13.700000000000001,-0.3922091072400777,-0.008753170036948374,0.9986037397404954,1.0002971605622721
-0.3,1.0385768496984151,13.75,-0.3913376648913368,-0.008675775696869222,0.9986260339130263,1.000293431277466
-0.3,1.0385768496984151,13.8,-0.39047393237855893,-0.00859897289183092,0.9986479551188138,1.000289754163272
-0.3,1.0385768496984151,13.850000000000001,-0.3896178506725448,-0.008522759127926091,0.9986695100585394,1.000286128377111
-0.3,1.0385768496984151,13.9,-0.38876936099596093,-0.008447131862261458,0.9986907052999132,1.0002825530923178
-0.3,1.0385768496984151,13.950000000000001,-0.38792840482811664,-0.008372088505353372,0.9987115472806569,1.0002790274977988
-0.3,1.0385768496984151,14.0,-0.3870949239095073,-0.008297626423442814,0.9987320423114078,1.00027555079769
-0.3,1.0385768496984151,14.05,-0.38626886024612794,-0.008223742940732512,0.998752196578553,1.000272122211027
-0.3,1.0385768496984151,14.100000000000001,-0.385450156113568,-0.008150435341548723,0.9987720161469892,1.0002687409714233
-0.3,1.0385768496984151,14.15,-0.3846387540608943,-0.008077700872430139,0.998791506962812,1.0002654063267564
-0.3,1.0385768496984151,14.200000000000001,-0.3838345969143266,-0.008005536744146299,0.9988106748559419,1.000262117538861
-0.3,1.0385768496984151,14.25,-0.3830376277807168,-0.007933940133647843,0.998829525542676,1.0002588738832288
-0.3,1.0385768496984151,14.3,-0.3822477900508354,-0.007862908185950802,0.9988480646281853,1.0002556746487163
-0.3,1.0385768496984151,14.350000000000001,-0.38146502740247284,-0.007792438015957069,0.9988662976089424,1.0002525191372635
-0.3,1.0385768496984151,14.4,-0.38068928380336164,-0.007722526710213133,0.9988842298750914,1.0002494066636103
-0.3,1.0385768496984151,14.450000000000001,-0.3799205035139278,-0.007653171328609174,0.9989018667127613,1.0002463365550285
-0.3,1.0385768496984151,14.5,-0.3791586310898703,-0.007584368906020213,0.9989192133063176,1.0002433081510567
-0.3,1.0385768496984151,14.55,-0.3784036113845852,-0.007516116453891566,0.998936274740562,1.000240320803239
-0.3,1.0385768496984151,14.600000000000001,-0.37765538955143024,-0.007448410961770037,0.9989530560028751,1.000237373874878
-0.3,1.0385768496984151,14.65,-0.3769139110458392,-0.007381249398782856,0.9989695619853112,1.0002344667407812
-0.3,1.0385768496984151,14.700000000000001,-0.3761791216272932,-0.00731462871506596,0.998985797486639,1.0002315987870267
-0.3,1.0385768496984151,14.75,-0.375450967361149,-0.007248545843143267,0.9990017672143305,1.0002287694107248
-0.3,1.0385768496984151,14.8,-0.3747293946203329,-0.007182997699258497,0.999017475786506,1.0002259780197884
-0.3,1.0385768496984151,14.850000000000001,-0.3740143500869044,-0.007117981184661173,0.999032927733831,1.000223224032712
-0.3,1.0385768496984151,14.9,-0.3733057807534928,-0.007053493186848111,0.9990481275013652,1.0002205068783496
-0.3,1.0385768496984151,14.950000000000001,-0.3726036339246112,-0.006989530580762011,0.9990630794503712,1.000217825995703
-0.3,1.0385768496984151,15.0,-0.3719078572178549,-0.0069260902299483965,0.999077787860073,1.0002151808337125
-0.3,1.0385768496984151,15.05,-0.3712183985649833,-0.006863168987672324,0.9990922569293827,1.0002125708510536
-0.3,1.0385768496984151,15.100000000000001,-0.3705352062128947,-0.006800763697996106,0.999106490778577,1.0002099955159365
-0.3,1.0385768496984151,15.15,-0.36985822872449403,-0.0067388711968193364,0.9991204934509387,1.0002074543059143
-0.3,1.0385768496984151,15.200000000000001,-0.36918741497945784,-0.00667748831288238,0.9991342689143584,1.0002049467076901
-0.3,1.0385768496984151,15.25,-0.36852271417490245,-0.006616611868734556,0.9991478210628978,1.0002024722169345
-0.3,1.0385768496984151,15.3,-0.367864075825955,-0.0065562386816680985,0.9991611537183173,1.0002000303381002
-0.3,1.0385768496984151,15.350000000000001,-0.36721144976623576,-0.006496365564619031,0.9991742706315707,1.0001976205842498
-0.3,1.0385768496984151,15.4,-0.36656478614824745,-0.006436989327035941,0.9991871754842545,1.0001952424768783
-0.3,1.0385768496984151,15.450000000000001,-0.3659240354436841,-0.0063781067757178005,0.9991998718900399,1.0001928955457466
-0.3,1.0385768496984151,15.5,-0.3652891484436543,-0.0063197147156216875,0.9992123633960559,1.0001905793287158
-0.3,1.0385768496984151,15.55,-0.36466007625882707,-0.006261809950641465,0.9992246534842526,1.000188293371585
-0.3,1.0385768496984151,15.600000000000001,-0.36403677031949994,-0.006204389284358318,0.9992367455727218,1.000186037227933
-0.3,1.0385768496984151,15.65,-0.3634191823755944,-0.006147449520764026,0.9992486430169992,1.000183810458966
-0.3,1.0385768496984151,15.700000000000001,-0.3628072644965798,-0.006090987464957836,0.9992603491113294,1.0001816126333636
-0.3,1.0385768496984151,15.75,-0.36220096907132876,-0.0060349999238178504,0.9992718670898993,1.0001794433271345
-0.3,1.0385768496984151,15.8,-0.36160024880790825,-0.0059794837066476465,0.9992832001280544,1.0001773021234712
-0.3,1.0385768496984151,15.850000000000001,-0.36100505673330313,-0.00592443562579894,0.9992943513434769,1.000175188612608
-0.3,1.0385768496984151,15.9,-0.3604153461930852,-0.00586985249727113,0.9993053237973427,1.0001731023916842
-0.3,1.0385768496984151,15.950000000000001,-0.35983107085101634,-0.005815731141288336,0.9993161204954476,1.0001710430646094
-0.3,1.0385768496984151,16.0,-0.3592521846885997,-0.005762068382854778,0.9993267443893173,1.0001690102419312
-0.3,1.0385768496984151,16.05,-0.3586786420045761,-0.005708861052289043,0.9993371983772822,1.0001670035407086
-0.3,1.0385768496984151,16.1,-0.3581103974143644,-0.005656105985738055,0.9993474853055331,1.0001650225843821
-0.3,1.0385768496984151,16.150000000000002,-0.3575474058494562,-0.005603800025671268,0.9993576079691552,1.0001630670026522
-0.3,1.0385768496984151,16.2,-0.3569896225567598,-0.005551940021355818,0.999367569113135,1.000161136431362
-0.3,1.0385768496984151,16.25,-0.3564370030978959,-0.005500522829313114,0.9993773714333463,1.0001592305123737
-0.3,1.0385768496984151,16.3,-0.35588950334845243,-0.005449545313757645,0.9993870175775177,1.000157348893458
-0.3,1.0385768496984151,16.35,-0.35534707949719363,-0.005399004347018307,0.9993965101461737,1.0001554912281798
-0.3,1.0385768496984151,16.400000000000002,-0.35480968804522717,-0.005348896809943083,0.9994058516935582,1.0001536571757863
-0.3,1.0385768496984151,16.45,-0.3542772858051355,-0.005299219592287398,0.9994150447285375,1.0001518464011006
-0.3,1.0385768496984151,16.5,-0.3537498299000642,-0.005249969593086744,0.9994240917154839,1.0001500585744179
-0.3,1.0385768496984151,16.55,-0.3532272777627769,-0.005201143721014126,0.9994329950751366,1.0001482933713977
-0.3,1.0385768496984151,16.6,-0.35270958713467515,-0.0051527388947227,0.9994417571854505,1.0001465504729665
-0.3,1.0385768496984151,16.650000000000002,-0.3521967160647835,-0.0051047520431741576,0.9994503803824198,1.000144829565218
-0.3,1.0385768496984151,16.7,-0.35168862290870295,-0.005057180105953282,0.9994588669608893,1.0001431303393145
-0.3,1.0385768496984151,16.75,-0.3511852663275338,-0.005010020033569133,0.9994672191753444,1.0001414524913947
-0.3,1.0385768496984151,16.8,-0.35068660528676854,-0.0049632687877432255,0.9994754392406863,1.0001397957224796
-0.3,1.0385768496984151,16.85,-0.3501925990551576,-0.00491692334168522,0.9994835293329893,1.000138159738383
-0.3,1.0385768496984151,16.900000000000002,-0.3497032072035467,-0.004870980680356411,0.999491491590243,1.0001365442496195
-0.3,1.0385768496984151,16.95,-0.3492183896036891,-0.004825437800721496,0.9994993281130791,1.0001349489713207
-0.3,1.0385768496984151,17.0,-0.34873810642703373,-0.004780291711988908,0.999507040965481,1.0001333736231504
-0.3,1.0385768496984151,17.05,-0.3482623181434892,-0.004735539435840193,0.9995146321754788,1.0001318179292185
-0.3,1.0385768496984151,17.1,-0.3477909855201648,-0.00469117800664864,0.9995221037358328,1.0001302816180022
-0.3,1.0385768496984151,17.150000000000002,-0.34732406962009255,-0.004647204471687627,0.9995294576046956,1.0001287644222634
-0.3,1.0385768496984151,17.2,-0.346861531800925,-0.0046036158913289535,0.999536695706271,1.000127266078973
-0.3,1.0385768496984151,17.25,-0.3464033337136182,-0.004560409339231478,0.9995438199314461,1.0001257863292337
-0.3,1.0385768496984151,17.3,-0.34594943730109173,-0.004517581902520413,0.9995508321384212,1.0001243249182037
-0.3,1.0385768496984151,17.35,-0.34549980479687586,-0.004475130681957523,0.9995577341533226,1.0001228815950247
-0.3,1.0385768496984151,17.400000000000002,-0.34505439872373733,-0.004433052792102529,0.999564527770799,1.0001214561127496
-0.3,1.0385768496984151,17.45,-0.34461318189229373,-0.004391345361466063,0.9995712147546122,1.000120048228273
-0.3,1.0385768496984151,17.5,-0.34417611739961007,-0.004350005532654333,0.999577796838211,1.0001186577022587
-0.3,1.0385768496984151,17.55,-0.3437431686277827,-0.004309030462505898,0.9995842757252947,1.0001172842990778
-0.3,1.0385768496984151,17.6,-0.3433142992425089,-0.004268417322220668,0.9995906530903644,1.0001159277867369
-0.3,1.0385768496984151,17.650000000000002,-0.3428894731916453,-0.004228163297481494,0.9995969305792655,1.0001145879368178
-0.3,1.0385768496984151,17.7,-0.3424686547037533,-0.004188265588568526,0.9996031098097138,1.0001132645244104
-0.3,1.0385768496984151,17.75,-0.3420518082866345,-0.004148721410466592,0.9996091923718194,1.0001119573280537
-0.3,1.0385768496984151,17.8,-0.3416388987258533,-0.004109527992965816,0.9996151798285876,1.000110666129672
-0.3,1.0385768496984151,17.85,-0.34122989108325347,-0.004070682580755717,0.9996210737164234,1.0001093907145169
-0.3,1.0385768496984151,17.900000000000002,-0.3408247506954629,-0.004032182433512956,0.9996268755456154,1.0001081308711084
-0.3,1.0385768496984151,17.95,-0.34042344317239065,-0.003994024825983006,0.9996325868008152,1.0001068863911784
-0.3,1.0385768496984151,18.0,-0.340025934395716,-0.003956207048055842,0.9996382089415048,1.0001056570696116
-0.3,1.0385768496984151,18.05,-0.3396321905173701,-0.0039187264048359885,0.9996437434024551,1.0001044427043948
-0.3,1.0385768496984151,18.1,-0.3392421779580122,-0.003881580216706952,0.9996491915941783,1.0001032430965586
-0.3,1.0385768496984151,18.150000000000002,-0.33885586340549734,-0.0038447658193903585,0.9996545549033641,1.0001020580501283
-0.3,1.0385768496984151,18.2,-0.33847321381334045,-0.0038082805639998696,0.9996598346933152,1.0001008873720687
-0.3,1.0385768496984151,18.25,-0.338094196399174,-0.003772121817090121,0.9996650323043682,1.0000997308722361
-0.3,1.0385768496984151,18.3,-0.3377187786432025,-0.0037362869607008038,0.9996701490543105,1.0000985883633273
-0.3,1.0385768496984151,18.35,-0.33734692828665064,-0.0037007733923960914,0.9996751862387857,1.0000974596608305
-0.3,1.0385768496984151,18.400000000000002,-0.33697861333020934,-0.003665578525299473,0.9996801451316907,1.0000963445829767
-0.3,1.0385768496984151,18.45,-0.3366138020324792,-0.003630699788124308,0.9996850269855694,1.0000952429506962
-0.3,1.0385768496984151,18.5,-0.3362524629084078,-0.0035961346252000805,0.9996898330319949,1.0000941545875681
-0.3,1.0385768496984151,18.55,-0.33589456472772933,-0.0035618804964946084,0.9996945644819416,1.0000930793197778
-0.3,1.0385768496984151,18.6,-0.33554007651339773,-0.003527934877632278,0.9996992225261596,1.0000920169760732
-0.3,1.0385768496984151,18.650000000000002,-0.33518896754002125,-0.003494295259908478,0.9997038083355284,1.0000909673877199
-0.3,1.0385768496984151,18.7,-0.3348412073322944,-0.003460959150300374,0.9997083230614185,1.0000899303884583
-0.3,1.0385768496984151,18.75,-0.3344967656634291,-0.0034279240714740413,0.9997127678360321,1.0000889058144649
-0.3,1.0385768496984151,18.8,-0.3341556125535855,-0.003395187561788281,0.999717143772745,1.0000878935043074
-0.3,1.0385768496984151,18.85,-0.33381771826830287,-0.0033627471752950082,0.9997214519664434,1.000086893298907
-0.3,1.0385768496984151,18.900000000000002,-0.33348305331693,-0.003330600481736503,0.9997256934938465,1.0000859050414999
-0.3,1.0385768496984151,18.95,-0.33315158845105636,-0.0032987450665395344,0.9997298694138319,1.0000849285775952
-0.3,1.0385768496984151,19.0,-0.3328232946629438,-0.003267178530806511,0.9997339807677456,1.0000839637549417
-0.3,1.0385768496984151,19.05,-0.3324981431839605,-0.00323589849130375,0.9997380285797148,1.0000830104234855
-0.3,1.0385768496984151,19.1,-0.3321761054830138,-0.0032049025804469417,0.9997420138569492,1.0000820684353393
-0.3,1.0385768496984151,19.150000000000002,-0.33185715326498655,-0.0031741884462839994,0.999745937590036,1.000081137644742
-0.3,1.0385768496984151,19.200000000000003,-0.3315412584691755,-0.0031437537524752197,0.9997498007532367,1.0000802179080261
-0.3,1.0385768496984151,19.25,-0.33122839326772996,-0.0031135961782710496,0.9997536043047652,1.0000793090835824
-0.3,1.0385768496984151,19.3,-0.33091853006409455,-0.00308371341848737,0.9997573491870752,1.000078411031826
-0.3,1.0385768496984151,19.35,-0.3306116414914545,-0.0030541031834785044,0.9997610363271315,1.000077523615165
-0.3,1.0385768496984151,19.400000000000002,-0.3303077004111818,-0.0030247631991079846,0.9997646666366795,1.000076646697966
-0.3,1.0385768496984151,19.450000000000003,-0.330006679911287,-0.002995691206717158,0.9997682410125124,1.0000757801465219
-0.3,1.0385768496984151,19.5,-0.3297085533048725,-0.002966884963091724,0.9997717603367288,1.0000749238290243
-0.3,1.0385768496984151,19.55,-0.32941329412859066,-0.0029383422404262683,0.9997752254769879,1.0000740776155275
-0.3,1.0385768496984151,19.6,-0.3291208761411028,-0.0029100608262868878,0.9997786372867623,1.0000732413779212
-0.3,1.0385768496984151,19.650000000000002,-0.3288312733215468,-0.002882038523571961,0.999781996605577,1.0000724149899027
-0.3,1.0385768496984151,19.700000000000003,-0.32854445986800324,-0.002854273150471125,0.9997853042592579,1.0000715983269446
-0.3,1.0385768496984151,19.75,-0.32826041019597013,-0.0028267625404225583,0.9997885610601634,1.0000707912662663
-0.3,1.0385768496984151,19.8,-0.3279790989368397,-0.00279950454206861,0.9997917678074164,1.0000699936868105
-0.3,1.0385768496984151,19.85,-0.32770050093638,-0.002772497019209849,0.9997949252871339,1.0000692054692102
-0.3,1.0385768496984151,19.900000000000002,-0.3274245912532225,-0.002745737850757596,0.9997980342726488,1.000068426495764
-0.3,1.0385768496984151,19.950000000000003,-0.3271513451573514,-0.0027192249306849776,0.9998010955247295,1.000067656650411
-0.3,1.0385768496984151,20.0,-0.3268807381286025,-0.0026929561679766146,0.9998041097917952,1.0000668958187031
-0.3,1.0385768496984151,20.1,-0.32634734423207884,-0.002641142825337159,0.9998100003040784,1.0000654007463419
-0.3,1.0385768496984151,20.28615468146082,-0.32538160826640133,-0.0025472128370502343,0.9998204925824442,1.0000627094168373
-0.3,1.0385768496984151,20.47403342090323,-0.324441776568289,-0.0024556521949131234,0.9998304880529989,1.000060109597834
-0.3,1.0385768496984151,20.663652185564246,-0.32352751759182025,-0.0023664378562454733,0.9998400057795607,1.000057598875952
-0.3,1.0385768496984151,20.855027090560313,-0.3226384921600284,-0.0022795457711312947,0.9998490642983632,1.000055174883705
-0.3,1.0385768496984151,21.04817440025684,-0.32177435382432107,-0.002194950918994784,0.9998576816253751,1.0000528352987512
-0.3,1.0385768496984151,21.243110529650455,-0.32093474922909476,-0.002112627345615293,0.9998658752636611,1.0000505778431652
-0.3,1.0385768496984151,21.439852045764102,-0.32011931848112546,-0.002032548200564393,0.9998736622108179,1.0000484002827323
-0.3,1.0385768496984151,21.638415669054964,-0.31932769552330015,-0.001954685775045436,0.999881058966454,1.0000463004262672
-0.3,1.0385768496984151,21.83881827483555,-0.31855950851223064,-0.0018790115401131958,0.9998880815397431,1.0000442761249537
-0.3,1.0385768496984151,22.04107689470784,-0.3178143801992837,-0.0018054961852491062,0.9998947454570356,1.000042325271707
-0.3,1.0385768496984151,22.245208718010712,-0.31709192831454075,-0.001734109657264589,0.9999010657695324,1.0000404458005574
-0.3,1.0385768496984151,22.4512310932809,-0.31639176595318613,-0.0016648211995028517,0.9999070570610301,1.0000386356860518
-0.3,1.0385768496984151,22.659161529727328,-0.3157135019638133,-0.0015975993913069954,0.9999127334557195,1.0000368929426806
-0.3,1.0385768496984151,22.86901769871915,-0.315056741338125,-0.0015324121877198398,0.9999181086260581,1.0000352156243186
-0.3,1.0385768496984151,23.080817435287667,-0.31442108560149357,-0.001469226959378669,0.999923195800696,1.0000336018236866
-0.3,1.0385768496984151,23.294578739641963,-0.3138061332038347,-0.0014080105325659084,0.9999280077724654,1.000032049671831
-0.3,1.0385768496984151,23.510319778698783,-0.31321147991024983,-0.0013487292293745375,0.9999325569064288,1.0000305573376211
-0.3,1.0385768496984151,23.72805888762644,-0.3126367191908739,-0.0012913489079451335,0.9999368551479799,1.0000291230272604
-0.3,1.0385768496984151,23.947814571403043,-0.3120814426093691,-0.0012358350027295649,0.9999409140309966,1.0000277449838157
-0.3,1.0385768496984151,24.169605506389228,-0.3115452402094997,-0.0011821525647345429,0.999944744686045,1.0000264214867616
-0.3,1.0385768496984151,24.39345054191539,-0.31102770089921816,-0.0011302663016967253,0.9999483578486226,1.0000251508515343
-0.3,1.0385768496984151,24.619368701883577,-0.31052841283169647,-0.0010801406181395966,0.9999517638674462,1.0000239314291042
-0.3,1.0385768496984151,24.847379186384366,-0.3100469637827344,-0.0010317396552609738,0.9999549727127736,1.0000227616055561
-0.3,1.0385768496984151,25.077501373328523,-0.3095829415239844,-0.0009850273305991725,0.9999579939847529,1.0000216398016843
-0.3,1.0385768496984151,25.30975482009396,-0.30913593419142643,-0.0009399673774245336,0.9999608369217979,1.0000205644725948
-0.3,1.0385768496984151,25.544159265187808,-0.3087055306485472,-0.0008965233838026815,0.9999635104089855,1.00001953410732
-0.3,1.0385768496984151,25.780734629923902,-0.30829132084367245,-0.0008546588312750938,0.9999660229864573,1.0000185472284386
-0.3,1.0385768496984151,26.019501020115914,-0.30789289616091653,-0.0008143371331023415,0.9999683828578395,1.0000176023917073
-0.3,1.0385768496984151,26.260478727786037,-0.3075098497642257,-0.0007755216720152627,0.9999705978986523,1.0000166981856966
-0.3,1.0385768496984151,26.503688232889502,-0.3071417769339991,-0.0007381758374193602,0.9999726756647179,1.0000158332314337
-0.3,1.0385768496984151,26.74915020505521,-0.3067882753957912,-0.000702263061998068,0.9999746234005549,1.0000150061820494
-0.3,1.0385768496984151,26.99688550534226,-0.3064489456406113,-0.0006677468576610737,0.9999764480477529,1.0000142157224312
-0.3,1.0385768496984151,27.246915188012967,-0.3061233912363558,-0.0006345908507845964,0.9999781562533145,1.0000134605688786
-0.3,1.0385768496984151,27.499260502322162,-0.3058112191299269,-0.0006027588166915267,0.9999797543779705,1.0000127394687617
-0.3,1.0385768496984151,27.753942894323053,-0.30551203993961284,-0.0005722147133204468,0.9999812485044494,1.000012051200182
-0.3,1.0385768496984151,28.010984008689945,-0.3052254682373266,-0.0005429227140340525,0.9999826444456943,1.000011394571633
-0.3,1.0385768496984151,28.270405690557713,-0.30495112282032383,-0.0005148472395189911,0.9999839477530326,1.0000107684216653
-0.3,1.0385768496984151,28.532229987378305,-0.3046886269720474,-0.00048795298873100434,0.9999851637242745,1.0000101716185426
-0.3,1.0385768496984151,28.79647915079459,-0.3044376087117664,-0.0004622049688412081,0.9999862974117449,1.0000096030599108
-0.3,1.0385768496984151,29.063175638531384,-0.3041977010327164,-0.0004375685241416201,0.9999873536302374,1.000009061672452
-0.3,1.0385768496984151,29.332342116304055,-0.3039685421284612,-0.000414009363870312,0.9999883369648855,1.0000085464115442
-0.3,1.0385768496984151,29.604001459744886,-0.3037497756072402,-0.00039149358891914194,0.999989251778938,1.0000080562609168
-0.3,1.0385768496984151,29.8781767563471,-0.30354105069408505,-0.0003699877173897709,0.9999901022214456,1.000007590232303
-0.3,1.0385768496984151,30.154891307427096,-0.30334202242052755,-0.000349458708966397,0.9999908922348358,1.0000071473650873
-0.3,1.0385768496984151,30.43416863010471,-0.303152351801746,-0.00032987398807672765,0.9999916255623835,1.0000067267259514
-0.3,1.0385768496984151,30.716032459301825,-0.3029717060010354,-0.0003112014658157387,0.9999923057555631,1.000006327408515
-0.3,1.0385768496984151,31.00050674975963,-0.30279975848151336,-0.00029340956060995826,0.9999929361812805,1.0000059485329715
-0.3,1.0385768496984151,31.287615678074335,-0.302636189145009,-0.00027646721760338976,0.9999935200289783,1.000005589245718
-0.3,1.0385768496984151,31.577383644751972,-0.30248068445811527,-0.00026034392674944174,0.9999940603176115,1.0000052487189826
-0.3,1.0385768496984151,31.869835276282085,-0.3023329375654121,-0.00024500973959671,0.9999945599024826,1.0000049261504438
-0.3,1.0385768496984151,32.16499542723059,-0.3021926483899071,-0.00023043528475997168,0.9999950214819439,1.0000046207628488
-0.3,1.0385768496984151,32.462889182352235,-0.30205952372076356,-0.00021659178207113363,0.999995447603943,1.0000043318036187
-0.3,1.0385768496984151,32.763541858722334,-0.30193327728842406,-0.00020345105540843332,0.9999958406724352,1.0000040585444565
-0.3,1.0385768496984151,33.06697900788844,-0.3018136298272628,-0.00019098554420575594,0.9999962029536317,1.000003800280943
-0.3,1.0385768496984151,33.373226418041924,-0.3017003091259287,-0.00017916831364724511,0.9999965365820997,1.000003556332133
-0.3,1.0385768496984151,33.68231011620963,-0.3015930500655766,-0.0001679730635559304,0.9999968435667035,1.000003326040139
-0.3,1.0385768496984151,33.99425637046573,-0.30149159464620184,-0.00015737413598846265,0.9999971257963857,1.0000031087697185
-0.3,1.0385768496984151,34.30909169216431,-0.30139569200132577,-0.00014734652155125997,0.9999973850457896,1.000002903907846
-0.3,1.0385768496984151,34.62684283819243,-0.30130509840130437,-0.00013786586445669412,0.9999976229807148,1.000002710863289
-0.3,1.0385768496984151,34.94753681324406,-0.3012195772455532,-0.0001289084663409652,0.9999978411634134,1.000002529066174
-0.3,1.0385768496984151,35.2712008721152,-0.30113889904400837,-0.00012045128886837603,0.9999980410577155,1.0000023579675508
-0.3,1.0385768496984151,35.597862522020144,-0.3010628413881589,-0.00011247195514952394,0.999998224033998,1.000002197038951
-0.3,1.0385768496984151,35.927549524929255,-0.30099118891201265,-0.00010494875000374104,0.9999983913739776,1.000002045771943
-0.3,1.0385768496984151,36.26028989992831,-0.30092373324336813,-9.78606190985715e-05,0.9999985442753504,1.0000019036776846
-0.3,1.0385768496984151,36.59611192559986,-0.30086027294578815,-9.118716700163093e-05,0.9999986838562559,1.0000017702864719
-0.3,1.0385768496984151,36.93504414242648,-0.3008006134516816,-8.490865418229893e-05,0.9999988111595852,1.0000016451472855
-0.3,1.0385768496984151,37.27711535521626,-0.3007445669869134,-7.900599300288541e-05,0.9999989271571247,1.0000015278273358
-0.3,1.0385768496984151,37.62235463555102,-0.30069195248737857,-7.346074274069861e-05,0.9999990327535393,1.0000014179116055
-0.3,1.0385768496984151,37.97079132425686,-0.30064259550797906,-6.825510368418877e-05,0.9999991287901928,1.0000013150023892
-0.3,1.0385768496984151,38.32245503389777,-0.3005963281244572,-6.337191034782283e-05,0.9999992160488191,1.0000012187188365
-0.3,1.0385768496984151,38.67737565129239,-0.30055298882854237,-5.879462385164059e-05,0.9999992952550326,1.000001128696493
-0.3,1.0385768496984151,39.03558334005395,-0.30051242241687154,-5.450732351253835e-05,0.9999993670816874,1.0000010445868381
-0.3,1.0385768496984151,39.3971085431537,-0.3004744798741534,-5.049469769522459e-05,0.9999994321520911,1.0000009660568323
-0.3,1.0385768496984151,39.761981985508335,-0.3004390182510374,-4.674203397149519e-05,0.9999994910430666,1.0000008927884538
-0.3,1.0385768496984151,40.1302346765911,-0.3004059005371601,-4.3235208636948526e-05,0.9999995442878753,1.0000008244782486
-0.3,1.0385768496984151,40.50189791306716,-0.30037499552983027,-3.9960675634589335e-05,0.9999995923790006,1.000000760836876
-0.3,1.0385768496984151,40.87700328145351,-0.30034617769881655,-3.690545493484326e-05,0.9999996357707899,1.000000701588659
-0.3,1.0385768496984151,41.25558266080338,-0.3003193270476935,-3.4057120421434817e-05,0.9999996748819708,1.0000006464711395
-0.3,1.0385768496984151,41.63766822541544,-0.3002943289721984,-3.1403787332319354e-05,0.9999997100980342,1.000000595234633
-0.3,1.0385768496984151,42.02329244756837,-0.30027107411603937,-2.8934099304388315e-05,0.9999997417734906,1.0000005476417937
-0.3,1.0385768496984151,42.41248810028041,-0.3002494582245921,-2.663721507008972e-05,0.9999997702340138,1.0000005034671797
-0.3,1.0385768496984151,42.80528826009479,-0.30022938199690585,-2.450279485327489e-05,0.999999795778456,1.0000004624968262
-0.3,1.0385768496984151,43.20172630989064,-0.30021075093643235,-2.2520986510695224e-05,0.9999998186807579,1.0000004245278216
-0.3,1.0385768496984151,43.60183594172025,-0.3001934752008778,-2.0682411464498517e-05,0.999999839191745,1.0000003893678941
-0.3,1.0385768496984151,44.00565115967241,-0.30017746945156243,-1.8978150469795227e-05,0.999999857540824,1.0000003568350013
-0.3,1.0385768496984151,44.413206282762204,-0.30016265270266057,-1.7399729260159317e-05,0.9999998739375737,1.0000003267569268
-0.3,1.0385768496984151,44.824535947847835,-0.30014894817067606,-1.593910411229883e-05,0.999999888573239,1.0000002989708865
-0.3,1.0385768496984151,45.23967511257426,-0.30013628312449486,-1.4588647369786634e-05,0.9999999016221373,1.000000273323141
-0.3,1.0385768496984151,45.65865905834403,-0.3001245887363362,-1.334113296391975e-05,0.9999999132429704,1.000000249668616
-0.3,1.0385768496984151,46.081523393315884,-0.30011379993390946,-1.218972196815623e-05,0.9999999235800552,1.0000002278705293
-0.3,1.0385768496984151,46.50830405543093,-0.30010385525406663,-1.1127948220756507e-05,0.999999932764472,1.0000002078000318
-0.3,1.0385768496984151,46.93903731546684,-0.3000946966982172,-1.0149704048385327e-05,0.9999999409151374,1.0000001893358506
-0.3,1.0385768496984151,47.37375978012049,-0.30008626958976237,-9.249226121565368e-06,0.9999999481398028,1.0000001723639422
-0.3,1.0385768496984151,47.81250839511901,-0.3000785224337796,-8.421081470915071e-06,0.9999999545359848,1.0000001567771626
-0.3,1.0385768496984151,48.25532044835962,-0.30007140677917327,-7.660153691135686e-06,0.9999999601918282,1.0000001424749336
-0.3,1.0385768496984151,48.70223357307873,-0.3000648770834904,-6.961629357785644e-06,0.9999999651869098,1.000000129362931
-0.3,1.0385768496984151,49.15328575105025,-0.3000588905805795,-6.320984679814018e-06,0.9999999695929818,1.0000001173527722
-0.3,1.0385768496984151,49.608515315813406,-0.3000534071512522,-5.733972408944177e-06,0.9999999734746565,1.0000001063617212
-0.3,1.0385768496984151,50.067960955930815,-0.300048389197095,-5.196609024944411e-06,0.9999999768900487,1.0000000963123994
-0.3,1.0385768496984151,50.5316617182763,-0.3000438015175516,-4.7051622139709245e-06,0.9999999798913568,1.0000000871325054
-0.3,1.0385768496984151,50.99965701135351,-0.30003961119039024,-4.256138655187774e-06,0.999999982525407,1.0000000787545453
-0.3,1.0385768496984151,51.47198660864504,-0.30003578745564374,-3.846272129009804e-06,0.9999999848341522,1.000000071115576
-0.3,1.0385768496984151,51.9486906519927,-0.3000323016031035,-3.4725119585333654e-06,0.9999999868551274,1.0000000641569529
-0.3,1.0385768496984151,52.429809655009066,-0.300029126863423,-3.1320117939018586e-06,0.999999988621873,1.0000000578240875
-0.3,1.0385768496984151,52.91538450652049,-0.300026238302882,-2.822118747626256e-06,0.9999999901643168,1.0000000520662224
-0.3,1.0385768496984151,53.40545647404229,-0.3000236127218416,-2.5403628872845484e-06,0.9999999915091313,1.0000000468362027
-0.3,1.0385768496984151,53.90006720728585,-0.30002122855690605,-2.284447090363432e-06,0.9999999926800498,1.0000000420902677
-0.3,1.0385768496984151,54.39925874169825,-0.30001906578680315,-2.0522372645622593e-06,0.9999999936981668,1.0000000377878466
-0.3,1.0385768496984151,54.90307350203484,-0.30001710584196967,-1.8417529353856706e-06,0.9999999945822011,1.0000000338913644
-0.3,1.0385768496984151,55.41155430596479,-0.3000153315178297,-1.6511582015197655e-06,0.9999999953487426,1.000000030366056
-0.3,1.0385768496984151,55.924744367709856,-0.3000137268917346,-1.478753057198067e-06,0.9999999960124738,1.0000000271797886
-0.3,1.0385768496984151,56.442687301717264,-0.30001227724352675,-1.322965079555119e-06,0.9999999965863682,1.0000000243028957
-0.3,1.0385768496984151,56.96542712636624,-0.3000109689796799,-1.1823414778668638e-06,0.9999999970818756,1.0000000217080136
-0.3,1.0385768496984151,57.493008267708944,-0.3000097895609605,-1.0555415005198562e-06,0.9999999975090833,1.000000019369932
-0.3,1.0385768496984151,58.02547556324627,-0.3000087274335452,-9.413291946445711e-07,0.9999999978768694,1.0000000172654468
-0.3,1.0385768496984151,58.562874265738245,-0.3000077719635255,-8.385665123915888e-07,0.999999998193032,1.000000015373227
-0.3,1.0385768496984151,59.10525004705015,-0.3000069133747214,-7.462067572103929e-07,0.9999999984644132,1.0000000136736806
-0.3,1.0385768496984151,59.65264900203377,-0.30000614268972414,-6.632883625428326e-07,0.9999999986970061,1.0000000121488364
-0.3,1.0385768496984151,60.2051176524451,-0.30000545167407566,-5.889289949857522e-07,0.9999999988960525,1.000000010782226
-0.3,1.0385768496984151,60.76270295089797,-0.30000483278350115,-5.22319973250252e-07,0.9999999990661298,1.0000000095587753
-0.3,1.0385768496984151,61.325452284854336,-0.3000042791140919,-4.627209937955911e-07,0.99999999921123,1.0000000084647027
-0.3,1.0385768496984151,61.89341348065174,-0.300003784355346,-4.0945515370345854e-07,0.9999999993348275,1.000000007487422
-0.3,1.0385768496984151,62.466634807567864,-0.3000033427459654,-3.619042609283848e-07,0.9999999994399429,1.000000006615452
-0.3,1.0385768496984151,63.0451649819227,-0.30000294903230457,-3.195044218678561e-07,0.9999999995291982,1.0000000058383318
-0.3,1.0385768496984151,63.629053171218956,-0.30000259842937205,-2.817418959266872e-07,0.9999999996048639,1.0000000051465414
-0.3,1.0385768496984151,64.21834899832058,-0.3000022865842778,-2.4814920667354603e-07,0.9999999996689061,1.0000000045314266
-0.3,1.0385768496984151,64.81310254566993,-0.30000200954202305,-2.1830149906469865e-07,0.9999999997230207,1.0000000039851298
-0.3,1.0385768496984151,65.4133643595444,-0.3000017637135282,-1.9181313217387937e-07,0.9999999997686718,1.0000000035005265
-0.3,1.0385768496984151,66.01918545435197,-0.30000154584579725,-1.6833449690194686e-07,0.9999999998071197,1.0000000030711622
-0.3,1.0385768496984151,66.63061731696679,-0.3000013529941128,-1.4754904818258897e-07,0.999999999839445,1.0000000026911997
-0.3,1.0385768496984151,67.24771191110499,-0.300001182496165,-1.2917054130355958e-07,0.9999999998665784,1.000000002355363
-0.3,1.0385768496984151,67.87052168174088,-0.3000010319480105,-1.129404621352337e-07,0.9999999998893147,1.000000002058893
-0.3,1.0385768496984151,68.49909955956402,-0.3000008991817684,-9.862564113434728e-08,0.999999999908333,1.0000000017974988
-0.3,1.0385768496984151,69.13349896547759,-0.30000078224495397,-8.601604134168736e-08,0.9999999999242153,1.0000000015673185
-0.3,1.0385768496984151,69.77377381513884,-0.3000006793813609,-7.492271067073084e-08,0.9999999999374555,1.0000000013648815
-0.3,1.0385768496984151,70.41997852354069,-0.30000058901339843,-6.517588915074458e-08,0.999999999948474,1.00000000118707
-0.3,1.0385768496984151,71.0721680096366,-0.3000005097258007,-5.66232619926415e-08,0.999999999957628,1.0000000010310892
-0.3,1.0385768496984151,71.73039770100793,-0.3000004402506192,-4.9128349659918185e-08,0.9999999999652198,1.0000000008944367
-0.3,1.0385768496984151,72.39472353857458,-0.3000003794534196,-4.256902646135699e-08,0.9999999999715057,1.0000000007748737
-0.3,1.0385768496984151,73.06520198134909,-0.300000326320606,-3.683615940484987e-08,0.9999999999767013,1.0000000006704017
-0.3,1.0385768496984151,73.74189001123509,-0.3000002799477948,-3.183235952339655e-08,0.9999999999809884,1.0000000005792373
-0.3,1.0385768496984151,74.42484513786997,-0.30000023952917004,-2.747083805408212e-08,0.9999999999845205,1.0000000004997927
-0.3,1.0385768496984151,75.11412540351232,-0.30000020434774777,-2.367436030067135e-08,0.9999999999874256,1.0000000004306557
-0.3,1.0385768496984151,75.80978938797494,-0.30000017376649,-2.0374290310147854e-08,0.999999999989811,1.0000000003705707
-0.3,1.0385768496984151,76.51189621360336,-0.30000014722020235,-1.750971980805606e-08,0.9999999999917668,1.0000000003184248
-0.3,1.0385768496984151,77.22050555030022,-0.3000001242081577,-1.5026675201680535e-08,0.9999999999933682,1.000000000273233
-0.3,1.0385768496984151,77.93567762059672,-0.3000001042873928,-1.2877396780046562e-08,0.999999999994677,1.0000000002341225
-0.3,1.0385768496984151,78.65747320477065,-0.3000000870666246,-1.1019684559576976e-08,0.999999999995745,1.0000000002003233
-0.3,1.0385768496984151,79.38595364601184,-0.300000072200736,-9.416305549308328e-09,0.9999999999966152,1.0000000001711558
-0.3,1.0385768496984151,80.12118085563553,-0.3000000593857878,-8.034457521238037e-09,0.9999999999973233,1.0000000001460223
-0.3,1.0385768496984151,80.86321731834431,-0.30000004835451216,-6.8452846643339126e-09,0.9999999999978982,1.0000000001243965
-0.3,1.0385768496984151,81.61212609753805,-0.30000003887224724,-5.8234408120196094e-09,0.9999999999983641,1.0000000001058158
-0.3,1.0385768496984151,82.36797084067375,-0.3000000307332772,-4.946696198460902e-09,0.9999999999987409,1.000000000089876
-0.3,1.0385768496984151,83.13081578467474,-0.3000000237575399,-4.195583969394942e-09,0.9999999999990444,1.0000000000762217
-0.3,1.0385768496984151,83.90072576138992,-0.3000000177876735,-3.553082976242834e-09,0.9999999999992888,1.0000000000645435
-0.3,1.0385768496984151,84.67776620310352,-0.30000001268636695,-3.004333551491921e-09,0.9999999999994839,1.0000000000545706
-0.3,1.0385768496984151,85.46200314809617,-0.30000000833399265,-2.5363833036001784e-09,0.9999999999996397,1.0000000000460667
-0.3,1.0385768496984151,86.25350324625728,-0.30000000462648907,-2.137960095268941e-09,0.9999999999997623,1.000000000038827
-0.3,1.0385768496984151,87.05233376474918,-0.30000000147347544,-1.799269676100404e-09,0.9999999999998586,1.0000000000326739
-0.3,1.0385768496984151,87.85856259372419,-0.29999999879657147,-1.5118155442231456e-09,0.9999999999999332,1.0000000000274516
-0.3,1.0385768496984151,88.67225825209441,-0.2999999965279069,-1.2682389381672968e-09,0.999999999999989,1.0000000000230276
-0.3,1.0385768496984151,89.49348989335462,-0.2999999946087974,-1.0621768776823503e-09,1.0000000000000309,1.0000000000192852
-0.3,1.0385768496984151,90.32232731145982,-0.2999999929885752,-8.881364804350325e-10,1.000000000000061,1.0000000000161244
-0.3,1.0385768496984151,91.15884094675663,-0.29999999162355373,-7.413838645138999e-10,1.000000000000081,1.00000000001346
-0.3,1.0385768496984151,92.0031018919696,-0.29999999047611653,-6.178461163325809e-10,1.0000000000000933,1.0000000000112172
-0.3,1.0385768496984151,92.85518189824359,-0.2999999895139156,-5.140249358365392e-10,1.0000000000000993,1.000000000009332
-0.3,1.0385768496984151,93.71515338124135,-0.2999999887091669,-4.269207090407238e-10,1.0000000000001,1.0000000000077516
-0.3,1.0385768496984151,94.58308942729796,-0.2999999880380335,-3.5396585789260527e-10,1.0000000000000977,1.0000000000064273
-0.3,1.0385768496984151,95.45906379963219,-0.29999998748008677,-2.929664477290941e-10,1.0000000000000915,1.0000000000053206
-0.3,1.0385768496984151,96.34315094461576,-0.2999999870178365,-2.4205110844618924e-10,1.0000000000000837,1.0000000000043971
-0.3,1.0385768496984151,97.23542599809973,-0.2999999866363217,-1.996264524857005e-10,1.0000000000000746,1.0000000000036273
-0.3,1.0385768496984151,98.13596479180039,-0.2999999863227555,-1.6433821556400303e-10,1.0000000000000644,1.0000000000029878
-0.3,1.0385768496984151,99.04484385974408,-0.29999998606621836,-1.350374550033393e-10,1.0000000000000542,1.0000000000024563
-0.3,1.0385768496984151,99.96214044477135,-0.2999999858573915,-1.1075120838175487e-10,1.0000000000000442,1.0000000000020157
-0.3,1.0385768496984151,100.88793250510167,-0.29999998568832986,-9.065706765361569e-11,1.0000000000000346,1.0000000000016518
-0.3,1.0385768496984151,101.82229872095873,-0.29999998555226337,-7.406116771383524e-11,1.000000000000026,1.0000000000013507
-0.3,1.0385768496984151,102.76531850125772,-0.2999999854434296,-6.037920467755675e-11,1.0000000000000187,1.000000000001103
-0.3,1.0385768496984151,103.71707199035326,-0.29999998535692846,-4.912007550058649e-11,1.0000000000000127,1.0000000000008986
-0.3,1.0385768496984151,104.67764007485148,-0.29999998528859967,-3.9871788498502333e-11,1.0000000000000084,1.0000000000007312
-0.3,1.0385768496984151,105.64710439048359,-0.29999998523491656,-3.228939682730061e-11,1.0000000000000058,1.000000000000593
-0.3,1.0385768496984151,106.62554732904427,-0.299999985192897,-2.608463510900871e-11,1.000000000000005,1.0000000000004805
-0.3,1.0385768496984151,107.61305204539366,-0.29999998516002696,-2.101708534712907e-11,1.000000000000006,1.0000000000003884
-0.3,1.0385768496984151,108.60970246452491,-0.2999999851341956,-1.6886618289111077e-11,1.0000000000000084,1.0000000000003129
-0.3,1.0385768496984151,109.61558328869602,-0.29999998511364007,-1.3526958989262171e-11,1.0000000000000129,1.0000000000002516
-0.3,1.0385768496984151,110.63078000462876,-0.2999999850968983,-1.0800239245533399e-11,1.000000000000019,1.0000000000002018
-0.3,1.0385768496984151,111.65537889077429,-0.2999999850827692,-8.592350484625988e-12,1.0000000000000269,1.0000000000001612
-0.3,1.0385768496984151,112.68946702464496,-0.29999998507027786,-6.809031310271625e-12,1.0000000000000362,1.0000000000001283
-0.3,1.0385768496984151,113.73313229021528,-0.29999998505864595,-5.372557493045974e-12,1.000000000000046,1.0000000000001015
-0.3,1.0385768496984151,114.78646338539066,-0.2999999850472666,-4.218954032285807e-12,1.0000000000000575,1.0000000000000802
-0.3,1.0385768496984151,115.84954982954602,-0.2999999850356816,-3.2956510738551584e-12,1.0000000000000697,1.0000000000000626
-0.3,1.0385768496984151,116.92248197113297,-0.29999998502356207,-2.5595209852053773e-12,1.0000000000000822,1.0000000000000486
-0.3,1.0385768496984151,118.00535099535914,-0.2999999850106909,-1.9752329019335774e-12,1.0000000000000955,1.0000000000000377
-0.3,1.0385768496984151,119.09824893193696,-0.29999998499694774,-1.5138851316786388e-12,1.000000000000109,1.0000000000000284
-0.3,1.0385768496984151,120.2012686629055,-0.2999999849822946,-1.1518562298715713e-12,1.000000000000122,1.000000000000021
-0.3,1.0385768496984151,121.31450393052383,-0.2999999849667636,-8.69869894608344e-13,1.000000000000135,1.0000000000000158
-0.3,1.0385768496984151,122.43804934523853,-0.2999999849504452,-6.521998195290304e-13,1.0000000000001472,1.0000000000000113
-0.3,1.0385768496984151,123.5720003937234,-0.29999998493347796,-4.860230088081067e-13,1.000000000000159,1.0000000000000073
-0.3,1.0385768496984151,124.7164534469956,-0.29999998491603813,-3.6089176880142293e-13,1.0000000000001699,1.000000000000005
-0.3,1.0385768496984151,125.87150576860506,-0.29999998489833124,-2.682958989562328e-13,1.0000000000001796,1.0000000000000027
-0.3,1.0385768496984151,127.03725552290106,-0.29999998488058355,-2.0130123422044942e-13,1.0000000000001883,1.000000000000001
-0.3,1.0385768496984151,128.21380178337475,-0.29999998486303425,-1.5425372206718096e-13,1.0000000000001952,1.0000000000000002
-0.3,1.0385768496984151,129.40124454107954,-0.299999984845928,-1.225522180880691e-13,1.0000000000002012,0.9999999999999993
-0.3,1.0385768496984151,130.59968471312828,-0.2999999848295099,-1.0244799547431663e-13,1.0000000000002054,0.9999999999999989
-0.3,1.0385768496984151,131.8092241512703,-0.29999998481401774,-9.088971899792488e-14,1.0000000000002083,0.9999999999999988
-0.3,1.0385768496984151,133.02996565054787,-0.299999984799678,-8.539836406734546e-14,1.0000000000002096,0.9999999999999984
-0.3,1.0385768496984151,134.26201295803162,-0.2999999847867007,-8.396569433015078e-14,1.0000000000002094,0.9999999999999991
-0.3,1.0385768496984151,135.5054707816382,-0.2999999847752754,-8.497472026083587e-14,1.0000000000002072,0.999999999999999
-0.3,1.0385768496984151,136.76044479902887,-0.2999999847655684,-8.712949790386009e-14,1.000000000000204,0.9999999999999991
-0.3,1.0385768496984151,138.02704166659132,-0.299999984757719,-8.940514794517557e-14,1.000000000000199,0.9999999999999998
-0.3,1.0385768496984151,139.30536902850287,-0.29999998475183803,-9.100635453941047e-14,1.000000000000193,1.0
-0.3,1.0385768496984151,140.5955355258802,-0.29999998474800627,-9.132940076092058e-14,1.0000000000001854,1.0000000000000004
-0.3,1.0385768496984151,141.8976508060113,-0.2999999847462729,-8.993712486192141e-14,1.000000000000177,1.0000000000000009
-0.3,1.0385768496984151,143.21182553167466,-0.299999984746656,-8.653349303971046e-14,1.0000000000001674,1.0000000000000013
-0.3,1.0385768496984151,144.53817139054382,-0.2999999847491419,-8.094446472247466e-14,1.0000000000001574,1.0000000000000018
-0.3,1.0385768496984151,145.87680110468003,-0.29999998475368583,-7.310283549597857e-14,1.0000000000001459,1.0000000000000022
-0.3,1.0385768496984151,147.22782844011104,-0.2999999847602143,-6.302931564592961e-14,1.0000000000001343,1.0000000000000024
-0.3,1.0385768496984151,148.59136821650102,-0.2999999847686249,-5.082642082806615e-14,1.0000000000001228,1.0000000000000029
-0.3,1.0385768496984151,149.9675363169076,-0.29999998477878975,-3.666163979040645e-14,1.0000000000001104,1.000000000000003
-0.3,1.0385768496984151,151.35644969763095,-0.29999998479055656,-2.0758526037923433e-14,1.0000000000000988,1.0000000000000033
-0.3,1.0385768496984151,152.75822639815343,-0.2999999848037523,-3.3854719894442023e-15,1.0000000000000866,1.0000000000000033
-0.3,1.0385768496984151,154.17298555117182,-0.2999999848181857,1.514933708543733e-14,1.000000000000075,1.0000000000000033
-0.3,1.0385768496984151,155.60084739272125,-0.2999999848336496,3.451232500392956e-14,1.000000000000064,1.0000000000000036
-0.3,1.0385768496984151,157.0419332723941,-0.29999998484992585,5.4345719344128766e-14,1.0000000000000535,1.000000000000003
-0.3,1.0385768496984151,158.4963656636536,-0.2999999848667859,7.428322193133105e-14,1.0000000000000435,1.000000000000003
-0.3,1.0385768496984151,159.96426817424148,-0.29999998488399726,9.395595750549799e-14,1.000000000000035,1.0000000000000029
-0.3,1.0385768496984151,161.44576555668382,-0.2999999849013241,1.1299141017120798e-13,1.000000000000027,1.0000000000000027
-0.3,1.0385768496984151,162.94098371889282,-0.2999999849185324,1.310277095808057e-13,1.0000000000000207,1.0000000000000022
-0.3,1.0385768496984151,164.4500497348682,-0.29999998493539165,1.477181729888018e-13,1.0000000000000147,1.0000000000000022
-0.3,1.0385768496984151,165.97309185549548,-0.29999998495167873,1.6274001671019773e-13,1.0000000000000102,1.0000000000000018
-0.3,1.0385768496984151,167.5102395194472,-0.29999998496718067,1.7578764081128788e-13,1.0000000000000075,1.0000000000000013
-0.3,1.0385768496984151,169.06162336418203,-0.2999999849816967,1.865896252171763e-13,1.0000000000000058,1.0000000000000007
-0.3,1.0385768496984151,170.6273752370482,-0.29999998499504116,1.949071142868606e-13,1.0000000000000049,1.0000000000000004
-0.3,1.0385768496984151,172.20762820648835,-0.2999999850070455,2.0053624405451028e-13,1.0000000000000053,0.9999999999999998
-0.3,1.0385768496984151,173.80251657334924,-0.2999999850175601,2.0330946598182894e-13,1.0000000000000075,0.9999999999999993
-0.3,1.0385768496984151,175.41217588229446,-0.29999998502645536,2.0310118334266538e-13,1.0000000000000107,0.9999999999999989
-0.3,1.0385768496984151,177.0367429333253,-0.29999998503362363,1.9982598670780922e-13,1.0000000000000147,0.9999999999999983
-0.3,1.0385768496984151,178.67635579340572,-0.29999998503897973,1.9343827996344107e-13,1.0000000000000202,0.9999999999999979
-0.3,1.0385768496984151,180.33115380819694,-0.2999999850424616,1.8393405816553421e-13,1.0000000000000266,0.9999999999999974
-0.3,1.0385768496984151,182.00127761389967,-0.29999998504403036,1.7134945589768054e-13,1.0000000000000338,0.9999999999999969
-0.3,1.0385768496984151,183.68686914920713,-0.299999985043671,1.5575850580069874e-13,1.000000000000042,0.9999999999999963
-0.3,1.0385768496984151,185.38807166736675,-0.29999998504139147,1.372721112567179e-13,1.0000000000000508,0.9999999999999959
-0.3,1.0385768496984151,187.10502974835543,-0.2999999850372224,1.1603567424514393e-13,1.0000000000000604,0.9999999999999958
-0.3,1.0385768496984151,188.83788931116757,-0.2999999850312157,9.222522673651129e-14,1.0000000000000704,0.9999999999999953
-0.3,1.0385768496984151,190.58679762621514,-0.2999999850234447,6.604679212544301e-14,1.0000000000000808,0.9999999999999952
-0.3,1.0385768496984151,192.35190332784438,-0.29999998501400155,3.7730594511345446e-14,1.0000000000000917,0.999999999999995
-0.3,1.0385768496984151,194.13335642696757,-0.2999999850029966,7.529157434590015e-15,1.0000000000001021,0.9999999999999947
-0.3,1.0385768496984151,195.93130832381254,-0.29999998499055647,-2.4289237028222084e-14,1.000000000000113,0.9999999999999943
-0.3,1.0385768496984151,197.74591182078862,-0.2999999849768221,-5.743990520402378e-14,1.0000000000001237,0.9999999999999943
-0.3,1.0385768496984151,199.5773211354742,-0.29999998496194746,-9.163102297847095e-14,1.0000000000001343,0.9999999999999946
-0.3,1.0385768496984151,201.42569191372198,-0.2999999849460964,-1.2655973002469822e-13,1.0000000000001443,0.9999999999999943
-0.3,1.0385768496984151,203.29118124288746,-0.29999998492944197,-1.6192796253730482e-13,1.0000000000001543,0.9999999999999943
-0.3,1.0385768496984151,205.1739476651793,-0.29999998491216306,-1.9743149407671996e-13,1.0000000000001636,0.9999999999999944
-0.3,1.0385768496984151,207.07415119113296,-0.29999998489444324,-2.3278016675863824e-13,1.000000000000172,0.9999999999999946
-0.3,1.0385768496984151,208.99195331321022,-0.2999999848764683,-2.67683653287326e-13,1.00000000000018,0.999999999999995
-0.3,1.0385768496984151,210.92751701952352,-0.2999999848584235,-3.018699476213794e-13,1.0000000000001867,0.9999999999999949
-0.3,1.0385768496984151,212.88100680768738,-0.29999998484049284,-3.350809251381931e-13,1.0000000000001932,0.999999999999995
-0.3,1.0385768496984151,214.8525886987991,-0.29999998482285634,-3.6707116346197085e-13,1.0000000000001985,0.9999999999999951
-0.3,1.0385768496984151,216.84243025154836,-0.29999998480568824,-3.9762019535739337e-13,1.000000000000203,0.9999999999999956
-0.3,1.0385768496984151,218.85070057645706,-0.2999999847891549,-4.2652676662346143e-13,1.0000000000002063,0.9999999999999958
-0.3,1.0385768496984151,220.87757035025237,-0.29999998477341444,-4.536166105578216e-13,1.000000000000209,0.9999999999999963
-0.3,1.0385768496984151,222.92321183037146,-0.2999999847586138,-4.78736474453942e-13,1.0000000000002105,0.9999999999999966
-0.3,1.0385768496984151,224.9877988696007,-0.2999999847448884,-5.01761217480559e-13,1.000000000000211,0.9999999999999969
-0.3,1.0385768496984151,227.07150693085165,-0.29999998473236056,-5.225923837065778e-13,1.0000000000002107,0.9999999999999971
-0.3,1.0385768496984151,229.17451310207272,-0.29999998472113854,-5.411577611904137e-13,1.000000000000209,0.9999999999999978
-0.3,1.0385768496984151,231.29699611129922,-0.2999999847113159,-5.574121719964585e-13,1.0000000000002065,0.999999999999998
-0.3,1.0385768496984151,233.4391363418438,-0.29999998470297035,-5.713380800715135e-13,1.000000000000203,0.9999999999999984
-0.3,1.0385768496984151,235.60111584762504,-0.2999999846961642,-5.829434000198369e-13,1.0000000000001987,0.9999999999999989
-0.3,1.0385768496984151,237.78311836864148,-0.2999999846909431,-5.922617466966123e-13,1.0000000000001936,0.999999999999999
-0.3,1.0385768496984151,239.98532934658564,-0.29999998468733624,-5.993508293941298e-13,1.0000000000001878,0.9999999999999994
-0.3,1.0385768496984151,242.20793594060487,-0.29999998468535666,-6.042909790794129e-13,1.000000000000181,0.9999999999999994
-0.3,1.0385768496984151,244.4511270432073,-0.2999999846850009,-6.071837906626744e-13,1.0000000000001739,0.9999999999999999
-0.3,1.0385768496984151,246.71509329631496,-0.29999998468624983,-6.081509216247435e-13,1.000000000000166,1.0
-0.3,1.0385768496984151,249.00002710746668,-0.2999999846890689,-6.073315757525543e-13,1.000000000000158,1.0000000000000004
-0.3,1.0385768496984151,251.3061226661696,-0.2999999846934085,-6.048796725454323e-13,1.0000000000001492,1.0000000000000004
-0.3,1.0385768496984151,253.6335759604023,-0.299999984699205,-6.009637856849063e-13,1.0000000000001399,1.000000000000001
-0.3,1.0385768496984151,255.98258479327197,-0.299999984706382,-5.957634559846918e-13,1.000000000000131,1.0000000000000009
-0.3,1.0385768496984151,258.3533487998248,-0.2999999847148498,-5.894671182647013e-13,1.0000000000001215,1.000000000000001
-0.3,1.0385768496984151,260.7460694640121,-0.2999999847245084,-5.822718082447827e-13,1.0000000000001121,1.0000000000000013
-0.3,1.0385768496984151,263.1609501358149,-0.29999998473524697,-5.743758978206265e-13,1.0000000000001026,1.0000000000000016
-0.3,1.0385768496984151,265.59819604852424,-0.29999998474694595,-5.659825277590478e-13,1.000000000000093,1.0000000000000016
-0.3,1.0385768496984151,268.0580143361851,-0.29999998475947787,-5.572970421280503e-13,1.000000000000084,1.0000000000000018
-0.3,1.0385768496984151,270.5406140511989,-0.29999998477270856,-5.485177805470132e-13,1.0000000000000746,1.0000000000000018
-0.3,1.0385768496984151,273.0462061820903,-0.29999998478649864,-5.398436271664077e-13,1.0000000000000655,1.0000000000000018
-0.3,1.0385768496984151,275.57500367143905,-0.29999998480070467,-5.314674123133237e-13,1.0000000000000575,1.0000000000000016
-0.3,1.0385768496984151,278.1272214339776,-0.29999998481518053,-5.235732874307554e-13,1.0000000000000495,1.0000000000000016
-0.3,1.0385768496984151,280.7030763748543,-0.29999998482977847,-5.163374036730832e-13,1.000000000000042,1.0000000000000013
-0.3,1.0385768496984151,283.30278740807006,-0.2999999848443504,-5.099249573475486e-13,1.0000000000000353,1.0000000000000016
-0.3,1.0385768496984151,285.9265754750807,-0.2999999848587497,-5.044875491421202e-13,1.000000000000029,1.0000000000000013
-0.3,1.0385768496984151,288.57466356357577,-0.2999999848728312,-5.001682327612983e-13,1.000000000000023,1.0000000000000009
-0.3,1.0385768496984151,291.24727672642865,-0.29999998488645363,-4.970941610449215e-13,1.0000000000000182,1.000000000000001
-0.3,1.0385768496984151,293.94464210082356,-0.2999999848994796,-4.953737464509396e-13,1.000000000000014,1.0000000000000007
-0.3,1.0385768496984151,296.6669889275594,-0.2999999849117773,-4.951059220464087e-13,1.00000000000001,1.0000000000000004
-0.3,1.0385768496984151,299.4145485705322,-0.2999999849232213,-4.963725343792819e-13,1.0000000000000078,1.0000000000000002
-0.3,1.0385768496984151,302.18755453639716,-0.29999998493369306,-4.992348086920077e-13,1.000000000000005,1.0000000000000002
-0.3,1.0385768496984151,304.9862424944146,-0.29999998494308217,-5.037423509454576e-13,1.000000000000004,1.0
-0.3,1.0385768496984151,307.81085029647846,-0.29999998495128666,-5.099260964584418e-13,1.0000000000000033,0.9999999999999998
-0.3,1.0385768496984151,310.6616179973303,-0.29999998495821395,-5.178021826604721e-13,1.0000000000000036,0.9999999999999994
-0.3,1.0385768496984151,313.5387878749621,-0.2999999849637812,-5.273679423469212e-13,1.0000000000000044,0.9999999999999991
-0.3,1.0385768496984151,316.44260445120455,-0.2999999849679158,-5.386082847021857e-13,1.000000000000006,0.9999999999999991
-0.3,1.0385768496984151,319.3733145125105,-0.29999998497055563,-5.514908304535381e-13,1.0000000000000084,0.9999999999999987
-0.3,1.0385768496984151,322.3311671309267,-0.29999998497164937,-5.659698214329658e-13,1.0000000000000115,0.9999999999999987
-0.3,1.0385768496984151,325.31641368526283,-0.29999998497115693,-5.819857142227117e-13,1.000000000000015,0.9999999999999987
-0.3,1.0385768496984151,328.32930788245454,-0.2999999849690489,-5.994657503548677e-13,1.0000000000000193,0.9999999999999986
-0.3,1.0385768496984151,331.37010577912685,-0.29999998496530705,-6.183254015687786e-13,1.0000000000000242,0.9999999999999981
-0.3,1.0385768496984151,334.4390658033531,-0.2999999849599246,-6.384693852887699e-13,1.0000000000000295,0.999999999999998
-0.3,1.0385768496984151,337.53644877662083,-0.29999998495290525,-6.597925744081573e-13,1.0000000000000355,0.9999999999999978
-0.3,1.0385768496984151,340.66251793599554,-0.29999998494426333,-6.821803327285293e-13,1.0000000000000417,0.9999999999999979
-0.3,1.0385768496984151,343.81753895649405,-0.2999999849340234,-7.055120362811718e-13,1.0000000000000486,0.9999999999999977
-0.3,1.0385768496984151,347.00177997366285,-0.2999999849222206,-7.296589645864461e-13,1.0000000000000553,0.9999999999999971
-0.3,1.0385768496984151,350.2155116063659,-0.29999998490889906,-7.544874122273891e-13,1.0000000000000628,0.999999999999997
-0.3,1.0385768496984151,353.4590069797847,-0.2999999848941121,-7.798603454104463e-13,1.0000000000000706,0.9999999999999972
-0.3,1.0385768496984151,356.73254174862967,-0.29999998487792195,-8.056357780911114e-13,1.0000000000000788,0.9999999999999971
-0.3,1.0385768496984151,360.0363941205664,-0.2999999848603985,-8.316743424579444e-13,1.0000000000000868,0.9999999999999971
-0.3,1.0385768496984151,363.37084487986095,-0.2999999848416192,-8.578309106840911e-13,1.0000000000000948,0.9999999999999969
-0.3,1.0385768496984151,366.73617741124224,-0.2999999848216685,-8.839621101707516e-13,1.000000000000103,0.999999999999997
-0.3,1.0385768496984151,370.13267772398575,-0.2999999848006366,-9.099293179664313e-13,1.000000000000111,0.9999999999999972
-0.3,1.0385768496984151,373.5606344762222,-0.29999998477861944,-9.355923893104177e-13,1.0000000000001195,0.9999999999999971
-0.3,1.0385768496984151,377.02033899946696,-0.2999999847557172,-9.60815920023178e-13,1.0000000000001272,0.9999999999999973
-0.3,1.0385768496984151,380.5120853233824,-0.29999998473203476,-9.854703761894088e-13,1.0000000000001352,0.9999999999999971
-0.3,1.0385768496984151,384.03617020076405,-0.29999998470767986,-1.0094296516805483e-12,1.0000000000001428,0.9999999999999974
-0.3,1.0385768496984151,387.5928931327621,-0.2999999846827629,-1.0325735801402045e-12,1.0000000000001503,0.9999999999999973
-0.3,1.0385768496984151,391.18255639433437,-0.2999999846573962,-1.0547900919426908e-12,1.0000000000001574,0.9999999999999974
-0.3,1.0385768496984151,394.8054650599374,-0.2999999846316932,-1.0759731286843403e-12,1.0000000000001645,0.9999999999999973
-0.3,1.0385768496984151,398.4619270294508,-0.29999998460576766,-1.0960249721222777e-12,1.0000000000001708,0.9999999999999978
-0.3,1.0385768496984151,402.15225305434814,-0.29999998457973326,-1.1148575719078613e-12,1.0000000000001772,0.9999999999999977
-0.3,1.0385768496984151,405.87675676410373,-0.2999999845537028,-1.1323880877105093e-12,1.0000000000001827,0.9999999999999979
-0.3,1.0385768496984151,409.6357546928489,-0.29999998452778703,-1.1485465946260922e-12,1.0000000000001878,0.9999999999999974
-0.3,1.0385768496984151,413.4295663062725,-0.2999999845020955,-1.1632716268104967e-12,1.0000000000001925,0.9999999999999981
-0.3,1.0385768496984151,417.25851402877123,-0.29999998447673404,-1.1765099524987517e-12,1.000000000000197,0.9999999999999984
-0.3,1.0385768496984151,421.12292327085265,-0.2999999844518056,-1.1882189023530226e-12,1.000000000000201,0.9999999999999981
-0.3,1.0385768496984151,425.02312245678996,-0.2999999844274094,-1.1983661384737189e-12,1.0000000000002038,0.9999999999999987
-0.3,1.0385768496984151,428.95944305253283,-0.29999998440363984,-1.2069278082483552e-12,1.000000000000207,0.9999999999999987
-0.3,1.0385768496984151,432.9322195938791,-0.29999998438058706,-1.2138899420059666e-12,1.0000000000002087,0.9999999999999988
-0.3,1.0385768496984151,436.9417897149054,-0.2999999843583357,-1.2192507969118633e-12,1.0000000000002103,0.9999999999999989
-0.3,1.0385768496984151,440.98849417666133,-0.29999998433696523,-1.2230131602596024e-12,1.0000000000002116,0.9999999999999991
-0.3,1.0385768496984151,445.0726768961314,-0.2999999843165487,-1.2251928874593662e-12,1.0000000000002123,0.9999999999999996
-0.3,1.0385768496984151,449.19468497546023,-0.2999999842971529,-1.2258133372347264e-12,1.000000000000212,0.9999999999999996
-0.3,1.0385768496984151,453.3548687314555,-0.2999999842788387,-1.2249055614676862e-12,1.0000000000002116,0.9999999999999996
-0.3,1.0385768496984151,457.55358172535705,-0.29999998426166014,-1.2225096640195532e-12,1.000000000000211,1.0000000000000002
-0.3,1.0385768496984151,461.7911807928867,-0.299999984245664,-1.2186726925165281e-12,1.0000000000002094,1.0000000000000002
-0.3,1.0385768496984151,466.0680260745743,-0.29999998423089064,-1.2134497384371568e-12,1.000000000000207,0.9999999999999999
-0.3,1.0385768496984151,470.3844810463644,-0.2999999842173731,-1.2069014027457875e-12,1.0000000000002047,1.0000000000000004
-0.3,1.0385768496984151,474.7409125505084,-0.29999998420513735,-1.1990954655144629e-12,1.0000000000002018,1.0000000000000007
-0.3,1.0385768496984151,479.1376908267404,-0.2999999841942021,-1.190104828711882e-12,1.0000000000001987,1.0000000000000007
-0.3,1.0385768496984151,483.57518954374194,-0.2999999841845791,-1.1800075995246637e-12,1.0000000000001947,1.000000000000001
-0.3,1.0385768496984151,488.0537858309,-0.29999998417627316,-1.1688865048477658e-12,1.0000000000001905,1.000000000000001
-0.3,1.0385768496984151,492.5738603103579,-0.2999999841692819,-1.1568277850824497e-12,1.000000000000186,1.0000000000000009
-0.3,1.0385768496984151,497.1357971293627,-0.2999999841635961,-1.1439219497546553e-12,1.000000000000181,1.0000000000000009
-0.3,1.0385768496984151,501.7399839929145,-0.2999999841592001,-1.130261449209717e-12,1.0000000000001759,1.0000000000000016
-0.3,1.0385768496984151,506.3868121967132,-0.29999998415607143,-1.1159410039730995e-12,1.0000000000001703,1.0000000000000013
-0.3,1.0385768496984151,511.0766766604169,-0.2999999841541815,-1.1010573951153338e-12,1.0000000000001645,1.0000000000000016
-0.3,1.0385768496984151,515.809975961202,-0.29999998415349566,-1.0857088238702885e-12,1.0000000000001588,1.0000000000000016
-0.3,1.0385768496984151,520.5871123676386,-0.2999999841539733,-1.069993114433243e-12,1.0000000000001523,1.0000000000000013
-0.3,1.0385768496984151,525.4084918738774,-0.2999999841555684,-1.0540085786334224e-12,1.0000000000001459,1.0000000000000018
-0.3,1.0385768496984151,530.2745242341559,-0.2999999841582296,-1.0378535026657102e-12,1.0000000000001397,1.0000000000000018
-0.3,1.0385768496984151,535.1856229976182,-0.29999998416190077,-1.0216232961426336e-12,1.000000000000133,1.0000000000000018
-0.3,1.0385768496984151,540.1422055434659,-0.29999998416652096,-1.0054144039315797e-12,1.0000000000001261,1.0000000000000016
-0.3,1.0385768496984151,545.1446931164259,-0.29999998417202495,-9.893194521528877e-13,1.0000000000001192,1.0000000000000018
-0.3,1.0385768496984151,550.1935108625528,-0.2999999841783438,-9.734306370372672e-13,1.0000000000001126,1.000000000000002
-0.3,1.0385768496984151,555.2890878653604,-0.2999999841854048,-9.578345614405539e-13,1.0000000000001057,1.000000000000002
-0.3,1.0385768496984151,560.4318571822878,-0.29999998419313223,-9.426168667861824e-13,1.0000000000000993,1.000000000000002
-0.3,1.0385768496984151,565.6222558815047,-0.2999999842014472,-9.278584176183286e-13,1.0000000000000926,1.000000000000002
-0.3,1.0385768496984151,570.8607250790558,-0.2999999842102686,-9.136378785004633e-13,1.000000000000086,1.0000000000000018
-0.3,1.0385768496984151,576.1477099763489,-0.29999998421951324,-9.000284604384043e-13,1.0000000000000795,1.0000000000000016
-0.3,1.0385768496984151,581.4836598979924,-0.29999998422909624,-8.870986761709364e-13,1.000000000000073,1.000000000000002
-0.3,1.0385768496984151,586.8690283299819,-0.2999999842389311,-8.749138249206212e-13,1.0000000000000668,1.0000000000000018
-0.3,1.0385768496984151,592.3042729582397,-0.29999998424893065,-8.635325548896335e-13,1.0000000000000608,1.0000000000000018
-0.3,1.0385768496984151,597.7898557075149,-0.2999999842590068,-8.530091528838766e-13,1.000000000000055,1.0000000000000016
-0.3,1.0385768496984151,603.3262427806361,-0.2999999842690715,-8.433944134828249e-13,1.0000000000000495,1.0000000000000018
-0.3,1.0385768496984151,608.913904698138,-0.2999999842790366,-8.34731280436369e-13,1.0000000000000444,1.0000000000000016
-0.3,1.0385768496984151,614.5533163382452,-0.2999999842888146,-8.270596721475897e-13,1.0000000000000393,1.000000000000001
-0.3,1.0385768496984151,620.2449569772324,-0.2999999842983182,-8.204114882754024e-13,1.0000000000000344,1.0000000000000013
-0.3,1.0385768496984151,625.9893103301563,-0.2999999843074618,-8.148156500569164e-13,1.0000000000000298,1.0000000000000013
-0.3,1.0385768496984151,631.7868645919671,-0.2999999843161608,-8.102932601559971e-13,1.0000000000000255,1.0000000000000013
-0.3,1.0385768496984151,637.638112478994,-0.2999999843243328,-8.068625940064742e-13,1.0000000000000222,1.000000000000001
-0.3,1.0385768496984151,643.5435512708254,-0.29999998433189645,-8.045349272308542e-13,1.0000000000000182,1.0000000000000007
-0.3,1.0385768496984151,649.5036828525664,-0.2999999843387735,-8.033159584600957e-13,1.0000000000000153,1.0000000000000009
-0.3,1.0385768496984151,655.5190137574945,-0.2999999843448879,-8.032058802932478e-13,1.0000000000000127,1.0000000000000009
-0.3,1.0385768496984151,661.5900552101086,-0.29999998435016606,-8.042019974948885e-13,1.00000000000001,1.0000000000000004
-0.3,1.0385768496984151,667.7173231695753,-0.2999999843545376,-8.062925806487743e-13,1.0000000000000078,1.0000000000000004
-0.3,1.0385768496984151,673.9013383735801,-0.2999999843579354,-8.09465484229688e-13,1.0000000000000058,1.0000000000000002
-0.3,1.0385768496984151,680.1426263825831,-0.2999999843602954,-8.137006417559565e-13,1.0000000000000047,1.0000000000000004
-0.3,1.0385768496984151,686.4417176244827,-0.2999999843615571,-8.189736541520365e-13,1.0000000000000036,1.0000000000000004
-0.3,1.0385768496984151,692.7991474396972,-0.29999998436166425,-8.252582829787962e-13,1.0000000000000027,1.0000000000000002
-0.3,1.0385768496984151,699.215456126661,-0.29999998436056347,-8.325203944203359e-13,1.0000000000000022,1.0000000000000002
-0.3,1.0385768496984151,705.6911889877423,-0.29999998435820613,-8.407246797030215e-13,1.0000000000000022,1.0000000000000002
-0.3,1.0385768496984151,712.2268963755895,-0.29999998435454717,-8.498310946129767e-13,1.0000000000000024,1.0000000000000002
-0.3,1.0385768496984151,718.8231337398989,-0.2999999843495462,-8.597958928802816e-13,1.0000000000000033,1.0
-0.3,1.0385768496984151,725.4804616746267,-0.2999999843431664,-8.705721070370059e-13,1.000000000000004,0.9999999999999996
-0.3,1.0385768496984151,732.1994459656265,-0.29999998433537595,-8.821096422772748e-13,1.0000000000000056,0.9999999999999994
-0.3,1.0385768496984151,738.9806576387373,-0.29999998432614705,-8.943559589841609e-13,1.0000000000000073,0.9999999999999997
-0.3,1.0385768496984151,745.8246730083114,-0.2999999843154561,-9.072556157967479e-13,1.000000000000009,0.9999999999999994
-0.3,1.0385768496984151,752.7320737261965,-0.2999999843032843,-9.207508904249549e-13,1.000000000000011,0.9999999999999992
-0.3,1.0385768496984151,759.7034468311634,-0.2999999842896171,-9.34782013534775e-13,1.0000000000000138,0.9999999999999993
-0.3,1.0385768496984151,766.7393847988028,-0.2999999842744444,-9.492874033168196e-13,1.0000000000000167,0.9999999999999996
-0.3,1.0385768496984151,773.8404855918722,-0.2999999842577604,-9.642037828262016e-13,1.0000000000000198,0.9999999999999993
-0.3,1.0385768496984151,781.0073527111184,-0.29999998423956364,-9.794667926202906e-13,1.0000000000000233,0.9999999999999992
-0.3,1.0385768496984151,788.2405952465664,-0.29999998421985724,-9.95011099764041e-13,1.0000000000000266,0.9999999999999989
-0.3,1.0385768496984151,795.5408279292831,-0.2999999841986483,-1.010769817017944e-12,1.0000000000000302,0.9999999999999991
-0.3,1.0385768496984151,802.9086711836236,-0.299999984175948,-1.026676388942488e-12,1.0000000000000342,0.9999999999999987
-0.3,1.0385768496984151,810.3447511799583,-0.2999999841517722,-1.042662938900628e-12,1.0000000000000389,0.9999999999999989
-0.3,1.0385768496984151,817.8496998878867,-0.2999999841261401,-1.0586627290970747e-12,1.0000000000000433,0.9999999999999992
-0.3,1.0385768496984151,825.4241551299497,-0.29999998409907536,-1.0746077583637655e-12,1.0000000000000475,0.9999999999999986
-0.3,1.0385768496984151,833.0687606358348,-0.2999999840706051,-1.0904310302429626e-12,1.000000000000052,0.9999999999999989
-0.3,1.0385768496984151,840.7841660970844,-0.2999999840407605,-1.1060664711821412e-12,1.0000000000000568,0.999999999999999
-0.3,1.0385768496984151,848.5710272223139,-0.2999999840095759,-1.1214475775472028e-12,1.0000000000000617,0.9999999999999988
-0.3,1.0385768496984151,856.4300057929329,-0.2999999839770894,-1.1365099801309987e-12,1.0000000000000668,0.9999999999999988
-0.3,1.0385768496984151,864.3617697193946,-0.2999999839433425,-1.1511894226284982e-12,1.0000000000000726,0.9999999999999987
-0.3,1.0385768496984151,872.3669930979535,-0.2999999839083796,-1.1654229504590335e-12,1.0000000000000773,0.999999999999999
-0.3,1.0385768496984151,880.4463562679581,-0.2999999838722484,-1.179150476679396e-12,1.0000000000000826,0.9999999999999986
-0.3,1.0385768496984151,888.6005458696701,-0.2999999838349996,-1.1923107665955177e-12,1.0000000000000882,0.9999999999999987
-0.3,1.0385768496984151,896.8302549026189,-0.2999999837966863,-1.2048471960543019e-12,1.0000000000000933,0.9999999999999986
-0.3,1.0385768496984151,905.1361827845002,-0.29999998375736425,-1.2167036678393957e-12,1.0000000000000986,0.9999999999999986
-0.3,1.0385768496984151,913.5190354106156,-0.2999999837170921,-1.2278252889550801e-12,1.000000000000104,0.9999999999999987
-0.3,1.0385768496984151,921.9795252138629,-0.29999998367593017,-1.2381599392208974e-12,1.0000000000001092,0.9999999999999989
-0.3,1.0385768496984151,930.5183712252855,-0.29999998363394137,-1.2476600194025845e-12,1.0000000000001144,0.999999999999999
-0.3,1.0385768496984151,939.1362991351807,-0.29999998359119034,-1.2562751237149975e-12,1.0000000000001195,0.9999999999999989
-0.3,1.0385768496984151,947.8340413547725,-0.2999999835477435,-1.2639616599505017e-12,1.000000000000125,0.9999999999999989
-0.3,1.0385768496984151,956.6123370784595,-0.2999999835036692,-1.2706770502273286e-12,1.0000000000001301,0.9999999999999989
-0.3,1.0385768496984151,965.4719323466358,-0.2999999834590366,-1.2763802807885778e-12,1.0000000000001352,0.9999999999999988
-0.3,1.0385768496984151,974.4135801090915,-0.2999999834139171,-1.2810341487729899e-12,1.00000000000014,0.999999999999999
-0.3,1.0385768496984151,983.4380402890077,-0.2999999833683825,-1.2846040200052085e-12,1.000000000000145,0.9999999999999989
-0.3,1.0385768496984151,992.5460798475383,-0.29999998332250605,-1.287057512028149e-12,1.00000000000015,0.999999999999999
-0.3,1.0385768496984151,1001.7384728489908,-0.2999999832763616,-1.2883645461364051e-12,1.0000000000001545,0.999999999999999
-0.3,1.0385768496984151,1011.0160005266158,-0.29999998323002375,-1.2884982387974829e-12,1.000000000000159,0.999999999999999
-0.3,1.0385768496984151,1020.3794513489946,-0.2999999831835674,-1.2874358833217549e-12,1.0000000000001636,0.9999999999999991
-0.3,1.0385768496984151,1029.8296210870567,-0.29999998313706827,-1.2851540474009546e-12,1.000000000000168,0.9999999999999991
-0.3,1.0385768496984151,1039.3673128817031,-0.29999998309060205,-1.2816353735897182e-12,1.0000000000001719,0.9999999999999992
-0.3,1.0385768496984151,1048.993337312066,-0.29999998304424463,-1.2768631569144862e-12,1.0000000000001754,0.9999999999999989
-0.3,1.0385768496984151,1058.7085124643972,-0.2999999829980718,-1.270824219149013e-12,1.0000000000001799,0.999999999999999
-0.3,1.0385768496984151,1068.5136640015942,-0.29999998295215896,-1.263508719476663e-12,1.0000000000001832,0.9999999999999997
-0.3,1.0385768496984151,1078.4096252333723,-0.29999998290658164,-1.2549075552079495e-12,1.0000000000001867,0.9999999999999999
-0.3,1.0385768496984151,1088.3972371870843,-0.2999999828614145,-1.2450160782366738e-12,1.0000000000001898,0.9999999999999996
-0.3,1.0385768496984151,1098.4773486791944,-0.2999999828167318,-1.2338314520420664e-12,1.0000000000001927,0.9999999999999996
-0.3,1.0385768496984151,1108.650816387419,-0.29999998277260714,-1.2213534736635231e-12,1.0000000000001956,0.9999999999999994
-0.3,1.0385768496984151,1118.9185049235327,-0.29999998272911327,-1.207584386919713e-12,1.000000000000198,0.9999999999999996
-0.3,1.0385768496984151,1129.2812869068487,-0.2999999826863222,-1.1925289182142371e-12,1.0000000000002012,0.9999999999999999
-0.3,1.0385768496984151,1139.740043038382,-0.2999999826443046,-1.1761940647255957e-12,1.0000000000002032,0.9999999999999994
-0.3,1.0385768496984151,1150.2956621756925,-0.2999999826031303,-1.158588938847661e-12,1.0000000000002054,1.0
-0.3,1.0385768496984151,1160.9490414084332,-0.29999998256286775,-1.139725314184493e-12,1.0000000000002072,0.9999999999999997
-0.3,1.0385768496984151,1171.7010861345848,-0.29999998252358406,-1.1196168858277212e-12,1.0000000000002087,0.9999999999999998
-0.3,1.0385768496984151,1182.5527101374053,-0.29999998248534515,-1.0982790712723404e-12,1.0000000000002098,0.9999999999999998
-0.3,1.0385768496984151,1193.5048356630894,-0.2999999824482155,-1.075730685657379e-12,1.0000000000002114,1.0000000000000002
-0.3,1.0385768496984151,1204.55839349915,-0.2999999824122576,-1.0519901678883286e-12,1.000000000000212,1.0000000000000004
-0.3,1.0385768496984151,1215.7143230535173,-0.2999999823775328,-1.0270799521350978e-12,1.0000000000002134,1.0000000000000002
-0.3,1.0385768496984151,1226.9735724343827,-0.29999998234410047,-1.0010232444423536e-12,1.0000000000002134,1.0000000000000002
-0.3,1.0385768496984151,1238.33709853077,-0.2999999823120184,-9.738448045026754e-13,1.0000000000002143,1.0000000000000004
-0.3,1.0385768496984151,1249.8058670938608,-0.29999998228134256,-9.455714404656551e-13,1.000000000000214,1.0000000000000007
-0.3,1.0385768496984151,1261.3808528190714,-0.2999999822521267,-9.162310501076096e-13,1.0000000000002143,1.0000000000000007
-0.3,1.0385768496984151,1273.0630394288874,-0.2999999822244235,-8.85853332857041e-13,1.000000000000214,1.0000000000000007
-0.3,1.0385768496984151,1284.8534197564702,-0.2999999821982828,-8.544688963527361e-13,1.0000000000002138,1.0000000000000007
-0.3,1.0385768496984151,1296.7529958300336,-0.29999998217375295,-8.221102310429321e-13,1.000000000000213,1.0000000000000004
-0.3,1.0385768496984151,1308.7627789579997,-0.2999999821508801,-7.888102500313654e-13,1.0000000000002125,1.0000000000000009
-0.3,1.0385768496984151,1320.883789814951,-0.2999999821297084,-7.54603300473317e-13,1.0000000000002114,1.0000000000000009
-0.3,1.0385768496984151,1333.1170585283726,-0.29999998211028006,-7.195247405600096e-13,1.00000000000021,1.0000000000000007
-0.3,1.0385768496984151,1345.4636247661995,-0.299999982092635,-6.836107049215738e-13,1.0000000000002087,1.0000000000000007
-0.3,1.0385768496984151,1357.924537825179,-0.2999999820768112,-6.468981846430009e-13,1.0000000000002072,1.0000000000000009
-0.3,1.0385768496984151,1370.500856720038,-0.2999999820628443,-6.094248756425809e-13,1.000000000000206,1.0000000000000013
-0.3,1.0385768496984151,1383.1936502734964,-0.29999998205076794,-5.712292015362381e-13,1.0000000000002043,1.0000000000000007
-0.3,1.0385768496984151,1396.0039972070938,-0.29999998204061357,-5.323498626438047e-13,1.000000000000202,1.0000000000000013
-0.3,1.0385768496984151,1408.9329862328714,-0.2999999820324107,-4.928264720500182e-13,1.0000000000002,1.000000000000001
-0.3,1.0385768496984151,1421.9817161458968,-0.29999998202618655,-4.5269859510723034e-13,1.0000000000001976,1.000000000000001
-0.3,1.0385768496984151,1435.1512959176512,-0.299999982021966,-4.120065774753153e-13,1.0000000000001958,1.0000000000000013
-0.3,1.0385768496984151,1448.4428447902692,-0.2999999820197722,-3.707904683161035e-13,1.0000000000001927,1.000000000000001
-0.3,1.0385768496984151,1461.8574923716699,-0.29999998201962574,-3.290909235968909e-13,1.00000000000019,1.000000000000001
-0.3,1.0385768496984151,1475.3963787315492,-0.299999982021546,-2.869485423137992e-13,1.0000000000001874,1.000000000000001
-0.3,1.0385768496984151,1489.0606544982772,-0.29999998202554895,-2.4440415632722766e-13,1.0000000000001845,1.0000000000000016
-0.3,1.0385768496984151,1502.8514809566846,-0.29999998203164957,-2.0149785548310603e-13,1.0000000000001814,1.0000000000000016
-0.3,1.0385768496984151,1516.7700301467542,-0.2999999820398603,-1.5827099032862916e-13,1.0000000000001783,1.0000000000000016
-0.3,1.0385768496984151,1530.8174849632353,-0.29999998205019185,-1.1476316543064342e-13,1.000000000000175,1.0000000000000016
-0.3,1.0385768496984151,1544.9950392561707,-0.29999998206265277,-7.101458858313021e-14,1.000000000000172,1.0000000000000016
-0.3,1.0385768496984151,1559.3038979323546,-0.2999999820772496,-2.706582004061123e-14,1.0000000000001688,1.000000000000001
-0.3,1.0385768496984151,1573.7452770577393,-0.29999998209398704,1.704447054916789e-14,1.0000000000001648,1.000000000000001
-0.3,1.0385768496984151,1588.3204039607824,-0.29999998211286805,6.127675654636017e-14,1.0000000000001616,1.0000000000000018
-0.3,1.0385768496984151,1603.0305173367537,-0.2999999821338934,1.0559259714820414e-13,1.000000000000158,1.0000000000000016
-0.3,1.0385768496984151,1617.8768673530133,-0.29999998215706225,1.4995352004879238e-13,1.000000000000154,1.0000000000000013
-0.3,1.0385768496984151,1632.8607157552478,-0.299999982182372,1.9432164990630962e-13,1.0000000000001508,1.0000000000000016
-0.3,1.0385768496984151,1647.9833359747165,-0.2999999822098182,2.386604034044435e-13,1.000000000000147,1.0000000000000016
-0.3,1.0385768496984151,1663.2460132364645,-0.299999982239395,2.8293341726144057e-13,1.0000000000001432,1.0000000000000016
-0.3,1.0385768496984151,1678.6500446685554,-0.2999999822710943,3.2710389635643603e-13,1.0000000000001394,1.0000000000000016
-0.3,1.0385768496984151,1694.1967394123092,-0.2999999823049069,3.711381710815466e-13,1.0000000000001357,1.0000000000000016
-0.3,1.0385768496984151,1709.8874187335668,-0.29999998234082165,4.1500058254578583e-13,1.0000000000001317,1.0000000000000018
-0.3,1.0385768496984151,1725.7234161349695,-0.2999999823788264,4.586580492561535e-13,1.0000000000001277,1.0000000000000016
-0.3,1.0385768496984151,1741.706077469303,-0.2999999824189069,5.020769309525368e-13,1.0000000000001241,1.0000000000000016
-0.3,1.0385768496984151,1757.8367610538646,-0.299999982461048,5.45226521349551e-13,1.0000000000001201,1.0000000000000016
-0.3,1.0385768496984151,1774.1168377859105,-0.29999998250523274,5.880747489446173e-13,1.0000000000001161,1.0000000000000016
-0.3,1.0385768496984151,1790.547691259161,-0.29999998255144295,6.305912549998215e-13,1.0000000000001124,1.0000000000000018
-0.3,1.0385768496984151,1807.1307178813868,-0.29999998259965927,6.727463282550115e-13,1.0000000000001086,1.0000000000000013
-0.3,1.0385768496984151,1823.867326993091,-0.299999982649861,7.145122439232479e-13,1.0000000000001048,1.0000000000000018
-0.3,1.0385768496984151,1840.7589409872808,-0.2999999827020263,7.558600691311033e-13,1.000000000000101,1.0000000000000018
-0.3,1.0385768496984151,1857.8069954303487,-0.2999999827561321,7.967641848473415e-13,1.0000000000000968,1.0000000000000013
-0.3,1.0385768496984151,1875.012939184082,-0.2999999828121543,8.37197798097192e-13,1.000000000000093,1.0000000000000016
-0.3,1.0385768496984151,1892.378234528796,-0.29999998287006757,8.771367945803517e-13,1.0000000000000895,1.0000000000000013
-0.3,1.0385768496984151,1909.9043572876058,-0.2999999829298459,9.16557187864479e-13,1.0000000000000862,1.0000000000000016
-0.3,1.0385768496984151,1927.592796951861,-0.29999998299146197,9.55435419793393e-13,1.0000000000000824,1.0000000000000016
-0.3,1.0385768496984151,1945.4450568077177,-0.29999998305488784,9.937497137485693e-13,1.0000000000000788,1.0000000000000016
-0.3,1.0385768496984151,1963.4626540639163,-0.2999999831200944,1.0314785096716361e-12,1.0000000000000753,1.0000000000000016
-0.3,1.0385768496984151,1981.6471199807077,-0.29999998318705196,1.0686032919379126e-12,1.000000000000072,1.0000000000000013
-0.3,1.0385768496984151,2000.0,-0.29999998325572996,1.1051032598493723e-12,1.0000000000000682,1.0000000000000013
-0.15,1.0306690180770846,0.0,0.0,0.0,0.0,1.0306690180770846
-0.15,1.0306690180770846,0.05,-0.0011920709615502484,0.023449709698697415,0.029710983481524247,1.0302026310780985
-0.15,1.0306690180770846,0.1,-0.004613998543989475,0.04462092856957395,0.059307631944622644,1.0297362672120793
-0.15,1.0306690180770846,0.15000000000000002,-0.010044996622267233,0.06365416768672957,0.08868869166054603,1.0292699836128376
-0.15,1.0306690180770846,0.2,-0.01727809048320345,0.0806850208712094,0.11776601172411781,1.0288038711162164
-0.15,1.0306690180770846,0.25,-0.026119610859133797,0.09584399673513413,0.14646334999069485,1.0283380506963842
-0.15,1.0306690180770846,0.30000000000000004,-0.036388677718327156,0.10925640055101134,0.1747152708940175,1.0278726700639564
-0.15,1.0306690180770846,0.35000000000000003,-0.047916678835780345,0.12104226054142567,0.20246612820600549,1.0274079004119565
-0.15,1.0306690180770846,0.4,-0.06054674055358784,0.13131629357679003,0.22966912652030677,1.0269439333007357
-0.15,1.0306690180770846,0.45,-0.07413319532347612,0.1401879056497521,0.256285455843516,1.0264809776769481
-0.15,1.0306690180770846,0.5,-0.08854105122929501,0.14776122285870105,0.2822834941788514,1.0260192570247926
-0.15,1.0306690180770846,0.55,-0.10364546679021777,0.1541351489776993,0.30763807341101096,1.0255590066499745
-0.15,1.0306690180770846,0.6000000000000001,-0.11933123304064149,0.15940344601585682,0.33232980416525454,1.0251004710983878
-0.15,1.0306690180770846,0.65,-0.1354922645249944,0.16365483447581575,0.3563444556298615,1.0246439017123525
-0.15,1.0306690180770846,0.7000000000000001,-0.1520311008735987,0.16697311030904233,0.37967238660786784,1.0241895543276585
-0.15,1.0306690180770846,0.75,-0.1688584206027646,0.1694372758355037,0.4023080243086629,1.0237376871146182
-0.15,1.0306690180770846,0.8,-0.1858925685882595,0.17112168214762447,0.4242493876086068,1.0232885585659761
-0.15,1.0306690180770846,0.8500000000000001,-0.20305909835986527,0.17209618075392144,0.4454976517075198,1.0228424256339315
-0.15,1.0306690180770846,0.9,-0.22029033005495469,0.17242628243717664,0.4660567512886053,1.0223995420177325
-0.15,1.0306690180770846,0.9500000000000001,-0.2375249246126882,0.17217332150626516,0.4859330194563363,1.021960156602398
-0.15,1.0306690180770846,1.0,-0.25470747460180587,0.17139462381062687,0.5051348598824883,1.0215245120481131
-0.15,1.0306690180770846,1.05,-0.2717881119389039,0.17014367706265432,0.5236724497366763,1.021092843528858
-0.15,1.0306690180770846,1.1,-0.2887221326472132,0.16847030217671013,0.5415574711159638,1.0206653776177905
-0.15,1.0306690180770846,1.1500000000000001,-0.305469638709792,0.16642082448479492,0.5588028688193717,1.0202423313159665
-0.15,1.0306690180770846,1.2000000000000002,-0.32199519697675444,0.164038243828727,0.5754226324383294,1.019823911220046
-0.15,1.0306690180770846,1.25,-0.3382675149928082,0.16136240265767574,0.5914316008539074,1.019410312823853
-0.15,1.0306690180770846,1.3,-0.35425913352231997,0.15843015137862465,0.606845287346428,1.0190017199479084
-0.15,1.0306690180770846,1.35,-0.3699461354689986,0.15527551031635153,0.6216797236332321,1.0185983042904565
-0.15,1.0306690180770846,1.4000000000000001,-0.38530787081920753,0.15192982773936126,0.635951321256106,1.0182002250929965
-0.15,1.0306690180770846,1.4500000000000002,-0.400326697183176,0.1484219334993753,0.6496767488412968,1.0178076289129359
-0.15,1.0306690180770846,1.5,-0.41498773546642,0.14477828791496591,0.6628728238523625,1.017420649495713
-0.15,1.0306690180770846,1.55,-0.42927864017259143,0.14102312560517954,0.6755564175492067,1.0170394077385438
-0.15,1.0306690180770846,1.6,-0.44318938381665973,0.1371785940469812,0.6877443719557289,1.0166640117378725
-0.15,1.0306690180770846,1.6500000000000001,-0.45671205491155203,0.1332648866914919,0.6994534277234916,1.0162945569126351
-0.15,1.0306690180770846,1.7000000000000002,-0.46984066898055954,0.12930037052871335,0.7107001618597213,1.0159311261955133
-0.15,1.0306690180770846,1.75,-0.4825709920408996,0.12530170803914317,0.7215009343648938,1.0155737902845527
-0.15,1.0306690180770846,1.8,-0.4949003760001081,0.12128397351377691,0.7318718428980262,1.0152226079477304
-0.15,1.0306690180770846,1.85,-0.506827605406313,0.117260763761857,0.7418286846567904,1.0148776263733572
-0.15,1.0306690180770846,1.9000000000000001,-0.5183527549957267,0.11324430325873724,0.7513869247246224,1.0145388815595187
-0.15,1.0306690180770846,1.9500000000000002,-0.5294770574859158,0.1092455438147529,0.7605616701982525,1.0142063987361307
-0.15,1.0306690180770846,2.0,-0.5402027810714779,0.10527425887035875,0.7693676494666276,1.0138801928135823
-0.15,1.0306690180770846,2.0500000000000003,-0.5505331160894184,0.10133913254338682,0.7778191960660589,1.0135602688523198
-0.15,1.0306690180770846,2.1,-0.5604720703346028,0.09744784357137405,0.7859302365868218,1.0132466225481902
-0.15,1.0306690180770846,2.15,-0.5700243725206674,0.09360714430586205,0.7937142821533744,1.0129392407287423
-0.15,1.0306690180770846,2.2,-0.5791953833983874,0.08982293492665584,0.8011844230440461,1.0126381018561321
-0.15,1.0306690180770846,2.25,-0.5879910140612913,0.08610033305253362,0.8083533260566068,1.0123431765326991
-0.15,1.0306690180770846,2.3000000000000003,-0.5964176509868614,0.08244373893110016,0.815233234263624,1.01205442800566
-0.15,1.0306690180770846,2.35,-0.604482087380707,0.07885689639461452,0.8218359688362395,1.0117718126677933
-0.15,1.0306690180770846,2.4000000000000004,-0.6121914604103027,0.07534294977094347,0.8281729326469291,1.0114952805513338
-0.15,1.0306690180770846,2.45,-0.6195531939340935,0.07190449693951455,0.8342551153912291,1.011224775812674
-0.15,1.0306690180770846,2.5,-0.6265749463508219,0.0685436387214659,0.840093099995404,1.0109602372057929
-0.15,1.0306690180770846,2.5500000000000003,-0.6332645632126713,0.06526202479131792,0.8456970701017357,1.010701598542657
-0.15,1.0306690180770846,2.6,-0.6396300342642813,0.06206089629457739,0.8510768184457164,1.0104487891391243
-0.15,1.0306690180770846,2.6500000000000004,-0.6456794545876848,0.0589411253519145,0.8562417559600426,1.0102017342451493
-0.15,1.0306690180770846,2.7,-0.6514209895508531,0.05590325162604864,0.8612009214590325,1.0099603554583518
-0.15,1.0306690180770846,2.75,-0.6568628432746447,0.05294751612238132,0.8659629917741634,1.0097245711202107
-0.15,1.0306690180770846,2.8000000000000003,-0.6620132303496377,0.05007389238885374,0.8705362922268476,1.0094942966943794
-0.15,1.0306690180770846,2.85,-0.6668803505504357,0.04728211527456232,0.8749288073385358,1.0092694451267674
-0.15,1.0306690180770846,2.9000000000000004,-0.6714723663106531,0.04457170740046274,0.8791481916908656,1.009049927187235
-0.15,1.0306690180770846,2.95,-0.6757973827367805,0.041942003489095006,0.883201780859909,1.0088356517928585
-0.15,1.0306690180770846,3.0,-0.6798634299535705,0.03939217269374483,0.8870966023588138,1.0086265263128622
-0.15,1.0306690180770846,3.0500000000000003,-0.6836784475873656,0.036921239060899814,0.8908393865322788,1.0084224568554463
-0.15,1.0306690180770846,3.1,-0.687250271206951,0.03452810025329518,0.8944365773545017,1.0082233485367853
-0.15,1.0306690180770846,3.1500000000000004,-0.69058662055402,0.03221154465433927,0.8978943430895757,1.0080291057326007
-0.15,1.0306690180770846,3.2,-0.6936950894071846,0.029970266968297337,0.9012185867798138,1.0078396323127554
-0.15,1.0306690180770846,3.25,-0.6965831369346693,0.0278028824243226,0.904414956533291,1.0076548318593672
-0.15,1.0306690180770846,3.3000000000000003,-0.6992580804013754,0.025707939686296064,0.9074888555870272,1.0074746078690102
-0.15,1.0306690180770846,3.35,-0.7017270891059215,0.023683932564479343,0.9104454521267686,1.0072988639395706
-0.15,1.0306690180770846,3.4000000000000004,-0.7039971794326066,0.021729310619229246,0.9132896888483292,1.0071275039423895
-0.15,1.0306690180770846,3.45,-0.7060752109119419,0.01984248874147346,0.9160262922489749,1.0069604321803087
-0.15,1.0306690180770846,3.5,-0.7079678831916035,0.018021855789315987,0.9186597816403967,1.0067975535322704
-0.15,1.0306690180770846,3.5500000000000003,-0.7096817338272815,0.016265782355041874,0.9211944778775071,1.0066387735851219
-0.15,1.0306690180770846,3.6,-0.7112231368100441,0.014572627731913703,0.9236345117996282,1.0064839987532646
-0.15,1.0306690180770846,3.6500000000000004,-0.7125983017535003,0.01294074614551582,0.9259838323826436,1.0063331363868047
-0.15,1.0306690180770846,3.7,-0.7138132736702582,0.011368492309993067,0.9282462146024246,1.0061860948688337
-0.15,1.0306690180770846,3.75,-0.7148739332729644,0.009854226365348117,0.9304252670113169,1.0060427837024657
-0.15,1.0306690180770846,3.8000000000000003,-0.7157859977406107,0.008396318248014192,0.9325244390307306,1.0059031135882466
-0.15,1.0306690180770846,3.85,-0.7165550218957984,0.006993151543181307,0.9345470279639317,1.0057669964925282
-0.15,1.0306690180770846,3.9000000000000004,-0.7171863997433282,0.005643126863840413,0.9364961857340203,1.0056343457073813
-0.15,1.0306690180770846,3.95,-0.7176853663248063,0.004344664798200413,0.938374925352785,1.0055050759026078
-0.15,1.0306690180770846,4.0,-0.7180569998479759,0.0030962084640231923,0.940186127126755,1.005379103170388
-0.15,1.0306690180770846,4.05,-0.7183062240532038,0.0018962257055095647,0.941932544607178,1.0052563450630772
-0.15,1.0306690180770846,4.1000000000000005,-0.7184378107829945,0.0007432109656384689,0.9436168102910729,1.005136720624639
-0.15,1.0306690180770846,4.15,-0.7184563827235819,-0.00036431313568896517,0.945241441080739,1.0050201504161993
-0.15,1.0306690180770846,4.2,-0.718366416290584,-0.0014277944897330658,0.9468088435093127,1.0049065565361461
-0.15,1.0306690180770846,4.25,-0.7181722446334039,-0.0024486504274805233,0.948321318740066,1.0047958626352271
-0.15,1.0306690180770846,4.3,-0.717878060735544,-0.003428266865015613,0.9497810673472318,1.0046879939270197
-0.15,1.0306690180770846,4.3500000000000005,-0.7174879205902951,-0.00436799764394812,0.9511901938861087,1.0045828771941805
-0.15,1.0306690180770846,4.4,-0.7170057464333275,-0.005269164046938617,0.9525507112602095,1.0044804407908132
-0.15,1.0306690180770846,4.45,-0.7164353300156576,-0.006133054470023882,0.9538645448931067,1.0043806146413046
-0.15,1.0306690180770846,4.5,-0.7157803359021987,-0.006960924234985611,0.9551335367125502,1.00428333023595
-0.15,1.0306690180770846,4.55,-0.7150443047827081,-0.007753995526434213,0.9563594489542993,1.0041885206236492
-0.15,1.0306690180770846,4.6000000000000005,-0.7142306567834114,-0.008513457439600703,0.9575439677929435,1.0040961204019778
-0.15,1.0306690180770846,4.65,-0.7133426947689127,-0.00924046612605098,0.958688706806853,1.0040060657048762
-0.15,1.0306690180770846,4.7,-0.712383607625215,-0.0099361450256666,0.9597952102841801,1.0039182941882097
-0.15,1.0306690180770846,4.75,-0.7113564735157785,-0.010601585174276697,0.9608649563766698,1.0038327450134257
-0.15,1.0306690180770846,4.800000000000001,-0.7102642631035566,-0.011237845577287657,0.9618993601078214,1.0037493588295225
-0.15,1.0306690180770846,4.8500000000000005,-0.7091098427328473,-0.011845953640540656,0.9628997762417406,1.0036680777535198
-0.15,1.0306690180770846,4.9,-0.7078959775656486,-0.012426905650443241,0.9638675020188175,1.0035888453496242
-0.15,1.0306690180770846,4.95,-0.7066253346679386,-0.012981667296169204,0.9648037797641444,1.0035116066072498
-0.15,1.0306690180770846,5.0,-0.7053004860419868,-0.013511174227409701,0.965709799374378,1.003436307918054
-0.15,1.0306690180770846,5.050000000000001,-0.703923911601437,-0.014016332641791316,0.9665867006885482,1.0033628970521378
-0.15,1.0306690180770846,5.1000000000000005,-0.7024980020864238,-0.014498019896655017,0.9674355757480871,1.003291323133533
-0.15,1.0306690180770846,5.15,-0.7010250619165289,-0.014957085140422884,0.968257470951164,1.0032215366151072
-0.15,1.0306690180770846,5.2,-0.6995073119798065,-0.015394349959264943,0.9690533891061958,1.0031534892529976
-0.15,1.0306690180770846,5.25,-0.6979468923565283,-0.01581060903522354,0.969824291389209,1.003087134080677
-0.15,1.0306690180770846,5.300000000000001,-0.6963458649766562,-0.01620663081236076,0.9705710992095274,1.0030224253827387
-0.15,1.0306690180770846,5.3500000000000005,-0.6947062162103923,-0.016583158167863876,0.9712946959880823,1.0029593186684975
-0.15,1.0306690180770846,5.4,-0.6930298593914345,-0.01694090908538509,0.9719959288524421,1.0028977706454794
-0.15,1.0306690180770846,5.45,-0.691318637272827,-0.017280577328198512,0.972675610252493,1.0028377391928687
-0.15,1.0306690180770846,5.5,-0.6895743244155373,-0.017602833110040645,0.973334519500514,1.00277918333498
-0.15,1.0306690180770846,5.550000000000001,-0.6877986295100834,-0.017908323761754722,0.9739734042392393,1.002722063214815
-0.15,1.0306690180770846,5.6000000000000005,-0.6859931976317156,-0.0181976743920933,0.974592981841327,1.0026663400677513
-0.15,1.0306690180770846,5.65,-0.6841596124298185,-0.018471488541243097,0.9751939407434975,1.002611976195414
-0.15,1.0306690180770846,5.7,-0.6822993982523311,-0.01873034882582829,0.9757769417184611,1.0025589349397688
-0.15,1.0306690180770846,5.75,-0.6804140222060985,-0.018974817574321057,0.9763426190876064,1.0025071806574797
-0.15,1.0306690180770846,5.800000000000001,-0.6785048961541732,-0.019205437451944994,0.9768915818772855,1.0024566786945583
-0.15,1.0306690180770846,5.8500000000000005,-0.6765733786511634,-0.019422732074298,0.9774244149213906,1.002407395361334
-0.15,1.0306690180770846,5.9,-0.6746207768178019,-0.019627206609049052,0.9779416799127995,1.0023592979077773
-0.15,1.0306690180770846,5.95,-0.6726483481559629,-0.019819348365177483,0.9784439164061443,1.0023123544991912
-0.15,1.0306690180770846,6.0,-0.6706573023054025,-0.01999962736932676,0.9789316427742337,1.0022665341922938
-0.15,1.0306690180770846,6.050000000000001,-0.6686488027435425,-0.020168496928936647,0.9794053571203487,1.0022218069117033
-0.15,1.0306690180770846,6.1000000000000005,-0.6666239684296269,-0.02032639418190107,0.9798655381485378,1.00217814342685
-0.15,1.0306690180770846,6.15,-0.6645838753946249,-0.02047374063257171,0.9803126459939189,1.0021355153293114
-0.15,1.0306690180770846,6.2,-0.662529558278251,-0.020610942673994045,0.9807471230149063,1.0020938950105964
-0.15,1.0306690180770846,6.25,-0.6604620118144819,-0.020738392096320515,0.9811693945491895,1.0020532556403694
-0.15,1.0306690180770846,6.300000000000001,-0.6583821922669562,-0.020856466581396883,0.9815798696351972,1.0020135711451326
-0.15,1.0306690180770846,6.3500000000000005,-0.6562910188156363,-0.02096553018356431,0.9819789417006967,1.001974816187363
-0.15,1.0306690180770846,6.4,-0.6541893748961071,-0.021065933796758723,0.982366989220108,1.0019369661451105
-0.15,1.0306690180770846,6.45,-0.6520781094928733,-0.021158015608025108,0.9827443763420147,1.0018999970920563
-0.15,1.0306690180770846,6.5,-0.6499580383879964,-0.02124210153759424,0.9831114534883009,1.0018638857780284
-0.15,1.0306690180770846,6.550000000000001,-0.647829945366417,-0.021318505665696184,0.983468557926266,1.0018286096099813
-0.15,1.0306690180770846,6.6000000000000005,-0.6456945833792606,-0.02138753064630758,0.9838160143150014,1.001794146633428
-0.15,1.0306690180770846,6.65,-0.6435526756664244,-0.0214494681080492,0.9841541352272489,1.001760475514327
-0.15,1.0306690180770846,6.7,-0.6414049168397157,-0.021504599042466366,0.9844832216479122,1.001727575521422
-0.15,1.0306690180770846,6.75,-0.6392519739277847,-0.021553194179939075,0.9848035634503156,1.0016954265090214
-0.15,1.0306690180770846,6.800000000000001,-0.6370944873840699,-0.02159551435347929,0.9851154398512758,1.0016640089002213
-0.15,1.0306690180770846,6.8500000000000005,-0.6349330720589563,-0.021631810850682297,0.9854191198459714,1.0016333036705651
-0.15,1.0306690180770846,6.9,-0.6327683181373056,-0.02166232575410614,0.985714862623578,1.0016032923321228
-0.15,1.0306690180770846,6.95,-0.6306007920425086,-0.0216872922703583,0.9860029179645577,1.0015739569180033
-0.15,1.0306690180770846,7.0,-0.6284310373081642,-0.021706935048172473,0.9862835266204758,1.001545279967272
-0.15,1.0306690180770846,7.050000000000001,-0.6262595754184761,-0.0217214704857612,0.9865569206771571,1.0015172445102811
-0.15,1.0306690180770846,7.1000000000000005,-0.6240869066184217,-0.02173110702773062,0.9868233239019589,1.0014898340543983
-0.15,1.0306690180770846,7.15,-0.6219135106947226,-0.021736045451844228,0.9870829520759097,1.0014630325701261
-0.15,1.0306690180770846,7.2,-0.6197398477286167,-0.021736479145921177,0.987336013311405,1.001436824477611
-0.15,1.0306690180770846,7.25,-0.6175663588214085,-0.021732594375153357,0.9875827083561406,1.001411194633523
-0.15,1.0306690180770846,7.300000000000001,-0.6153934667937381,-0.021724570540122484,0.987823230883918,1.0013861283183076
-0.15,1.0306690180770846,7.3500000000000005,-0.6132215768594876,-0.021712580425796067,0.9880577677729281,1.0013616112237986
-0.15,1.0306690180770846,7.4,-0.6110510772752189,-0.021696790441776578,0.988286499372086,1.0013376294411798
-0.15,1.0306690180770846,7.45,-0.6088823399659987,-0.021677360854074724,0.988509599755974,1.0013141694492957
-0.15,1.0306690180770846,7.5,-0.6067157211284537,-0.02165444600867276,0.9887272369689114,1.001291218103293
-0.15,1.0306690180770846,7.550000000000001,-0.6045515618118624,-0.02162819454713908,0.9889395732586449,1.0012687626235968
-0.15,1.0306690180770846,7.6000000000000005,-0.6023901884780684,-0.021598749614550033,0.989146765300139,1.0012467905851994
-0.15,1.0306690180770846,7.65,-0.6002319135409727,-0.021566249059969567,0.9893489644099147,1.0012252899072667
-0.15,1.0306690180770846,7.7,-0.5980770358863433,-0.021530825629731798,0.9895463167513612,1.0012042488430446
-0.15,1.0306690180770846,7.75,-0.5959258413726448,-0.021492607153765587,0.9897389635314384,1.0011836559700658
-0.15,1.0306690180770846,7.800000000000001,-0.5937786033135811,-0.021451716725194657,0.9899270411891508,1.0011635001806403
-0.15,1.0306690180770846,7.8500000000000005,-0.591635582943006,-0.021408272873440767,0.9901106815761602,1.0011437706726318
-0.15,1.0306690180770846,7.9,-0.5894970298628484,-0.02136238973105117,0.9902900121299066,1.0011244569405005
-0.15,1.0306690180770846,7.95,-0.5873631824746659,-0.021314177194466398,0.9904651560395497,1.001105548766619
-0.15,1.0306690180770846,8.0,-0.5852342683954227,-0.02126374107893736,0.9906362324050729,1.0010870362128428
-0.15,1.0306690180770846,8.05,-0.58311050485807,-0.021211183267795506,0.9908033563898357,1.0010689096123313
-0.15,1.0306690180770846,8.1,-0.5809920990974803,-0.02115660185627391,0.990966639366879,1.001051159561617
-0.15,1.0306690180770846,8.15,-0.5788792487222748,-0.021100091290070587,0.9911261890592562,1.0010337769129078
-0.15,1.0306690180770846,8.200000000000001,-0.576772142073056,-0.021041742498840256,0.9912821096746438,1.0010167527666236
-0.15,1.0306690180770846,8.25,-0.5746709585675454,-0.02098164302479477,0.9914345020344989,1.0010000784641542
-0.15,1.0306690180770846,8.3,-0.5725758690331073,-0.02091987714658652,0.9915834636979938,1.0009837455808384
-0.15,1.0306690180770846,8.35,-0.5704870360271186,-0.020856525998644137,0.9917290890809528,1.0009677459191502
-0.15,1.0306690180770846,8.4,-0.568404614145632,-0.020791667686123828,0.9918714695700187,1.000952071502092
-0.15,1.0306690180770846,8.450000000000001,-0.5663287503207621,-0.020725377395634688,0.9920106936322484,1.0009367145667911
-0.15,1.0306690180770846,8.5,-0.5642595841072067,-0.02065772750189103,0.9921468469203395,1.0009216675582817
-0.15,1.0306690180770846,8.55,-0.5621972479583056,-0.020588787670439597,0.9922800123736737,1.0009069231234813
-0.15,1.0306690180770846,8.6,-0.5601418674920168,-0.02051862495660463,0.9924102703153614,1.0008924741053455
-0.15,1.0306690180770846,8.65,-0.558093561747186,-0.02044730390078897,0.9925376985454565,1.0008783135372012
-0.15,1.0306690180770846,8.700000000000001,-0.5560524434304606,-0.020374886620264394,0.9926623724305048,1.000864434637252
-0.15,1.0306690180770846,8.75,-0.5540186191541929,-0.020301432897580213,0.9927843649895793,1.0008508308032427
-0.15,1.0306690180770846,8.8,-0.5519921896656701,-0.020227000265714085,0.992903746976966,1.0008374956072978
-0.15,1.0306690180770846,8.85,-0.5499732500679809,-0.020151644090085373,0.9930205869616198,1.0008244227909036
-0.15,1.0306690180770846,8.9,-0.5479618900328301,-0.0200754176475465,0.9931349514035493,1.000811606260054
-0.15,1.0306690180770846,8.950000000000001,-0.5459581940056003,-0.019998372202463987,0.9932469047272418,1.0007990400805278
-0.15,1.0306690180770846,9.0,-0.54396224140294,-0.01992055707999694,0.9933565093922649,1.0007867184733235
-0.15,1.0306690180770846,9.05,-0.5419741068031579,-0.01984201973667668,0.9934638259611627,1.0007746358102247
-0.15,1.0306690180770846,9.1,-0.5399938601296829,-0.019762805828387565,0.9935689131647426,1.0007627866095032
-0.15,1.0306690180770846,9.15,-0.5380215668278516,-0.01968295927584557,0.9936718279648918,1.0007511655317418
-0.15,1.0306690180770846,9.200000000000001,-0.5360572880352602,-0.019602522327667488,0.993772625614993,1.000739767375799
-0.15,1.0306690180770846,9.25,-0.5341010807459265,-0.01952153562112043,0.9938713597180635,1.0007285870748837
-0.15,1.0306690180770846,9.3,-0.5321529979684807,-0.019440038240637662,0.9939680822826985,1.0007176196927516
-0.15,1.0306690180770846,9.35,-0.5302130888786116,-0.019358067774184407,0.9940628437769099,1.0007068604200162
-0.15,1.0306690180770846,9.4,-0.5282813989659769,-0.019275660367553137,0.9941556931799568,1.0006963045705706
-0.15,1.0306690180770846,9.450000000000001,-0.5263579701757765,-0.01919285077666589,0.9942466780322339,1.0006859475781167
-0.15,1.0306690180770846,9.5,-0.5244428410451959,-0.019109672417957746,0.9943358444833081,1.0006757849928005
-0.15,1.0306690180770846,9.55,-0.522536046834894,-0.019026157416912912,0.9944232373381767,1.0006658124779444
-0.15,1.0306690180770846,9.600000000000001,-0.5206376196557305,-0.018942336654822523,0.9945089001018158,1.0006560258068813
-0.15,1.0306690180770846,9.65,-0.5187475885908988,-0.018858239813830197,0.9945928750220903,1.0006464208598813
-0.15,1.0306690180770846,9.700000000000001,-0.5168659798136347,-0.01877389542032934,0.9946752031310896,1.00063699362117
-0.15,1.0306690180770846,9.75,-0.5149928167006674,-0.018689330886773645,0.9947559242849547,1.0006277401760404
-0.15,1.0306690180770846,9.8,-0.5131281199415624,-0.018604572551959915,0.9948350772022542,1.000618656708041
-0.15,1.0306690180770846,9.850000000000001,-0.5112719076441138,-0.018519645719840168,0.9949126995009688,1.0006097394962619
-0.15,1.0306690180770846,9.9,-0.5094241954359222,-0.01843457469691774,0.9949888277341368,1.0006009849126862
-0.15,1.0306690180770846,9.950000000000001,-0.5075849965623044,-0.01834938282828032,0.9950634974242174,1.0005923894196322
-0.15,1.0306690180770846,10.0,-0.5057543219806688,-0.01826409253232046,0.9951367430962195,1.0005839495672662
-0.15,1.0306690180770846,10.05,-0.5039321804514794,-0.01817872533419268,0.995208598309646,1.0005756619911885
-0.15,1.0306690180770846,10.100000000000001,-0.5021185786259393,-0.018093301898053825,0.9952790956892963,1.0005675234100933
-0.15,1.0306690180770846,10.15,-0.5003135211305114,-0.018007842058132273,0.9953482669549788,1.0005595306234967
-0.15,1.0306690180770846,10.200000000000001,-0.49851701064838666,-0.017922364848669367,0.9954161429501677,1.0005516805095298
-0.15,1.0306690180770846,10.25,-0.4967290479980219,-0.01783688853277492,0.9954827536696506,1.0005439700228007
-0.15,1.0306690180770846,10.3,-0.49494963220883864,-0.0177514306302372,0.9955481282862044,1.0005363961923157
-0.15,1.0306690180770846,10.350000000000001,-0.4931787605942008,-0.01766600794432622,0.9956122951763351,1.0005289561194635
-0.15,1.0306690180770846,10.4,-0.4914164288217589,-0.017580636587627443,0.9956752819451195,1.0005216469760587
-0.15,1.0306690180770846,10.450000000000001,-0.4896626309812605,-0.017495332006942175,0.995737115450183,1.0005144660024416
-0.15,1.0306690180770846,10.5,-0.48791735964992067,-0.017410109007288854,0.995797821824845,1.0005074105056315
-0.15,1.0306690180770846,10.55,-0.4861806059554337,-0.017324981775038703,0.9958574265004663,1.0005004778575404
-0.15,1.0306690180770846,10.600000000000001,-0.48445235963671957,-0.017239963900217686,0.9959159542280246,1.000493665493232
-0.15,1.0306690180770846,10.65,-0.48273260910247917,-0.01715506839800559,0.9959734290989509,1.0004869709092332
-0.15,1.0306690180770846,10.700000000000001,-0.48102134148764303,-0.017070307729461782,0.9960298745652554,1.0004803916618958
-0.15,1.0306690180770846,10.75,-0.479318542707783,-0.016985693821506234,0.996085313458961,1.0004739253658068
-0.15,1.0306690180770846,10.8,-0.4776241975115673,-0.016901238086183188,0.996139768010885,1.0004675696922396
-0.15,1.0306690180770846,10.850000000000001,-0.4759382895313229,-0.01681695143923396,0.9961932598687813,1.0004613223676555
-0.15,1.0306690180770846,10.9,-0.4742608013317744,-0.016732844318004106,0.9962458101148671,1.0004551811722444
-0.15,1.0306690180770846,10.950000000000001,-0.4725917144570282,-0.01664892669870961,0.9962974392827675,1.0004491439385124
-0.15,1.0306690180770846,11.0,-0.47093100947585914,-0.0165652081130854,0.9963481673738858,1.0004432085498993
-0.15,1.0306690180770846,11.05,-0.4692786660253636,-0.016481697664439108,0.9963980138732347,1.0004373729394533
-0.15,1.0306690180770846,11.100000000000001,-0.4676346628530368,-0.016398404043131493,0.9964469977647334,1.0004316350885227
-0.15,1.0306690180770846,11.15,-0.4659989778573294,-0.016315335541504827,0.9964951375459984,1.0004259930255028
-0.15,1.0306690180770846,11.200000000000001,-0.4643715881267375,-0.01623250006827923,0.9965424512426541,1.000420444824608
-0.15,1.0306690180770846,11.25,-0.46275246997747954,-0.01614990516243649,0.9965889564221602,1.0004149886046807
-0.15,1.0306690180770846,11.3,-0.46114159898980966,-0.016067558006609896,0.9966346702071917,1.0004096225280403
-0.15,1.0306690180770846,11.350000000000001,-0.4595389500430127,-0.015985465439998254,0.9966796092885858,1.0004043447993527
-0.15,1.0306690180770846,11.4,-0.45794449734913456,-0.01590363397082133,0.9967237899378503,1.0003991536645436
-0.15,1.0306690180770846,11.450000000000001,-0.4563582144854835,-0.01582206978833329,0.9967672280192885,1.0003940474097348
-0.15,1.0306690180770846,11.5,-0.4547800744259563,-0.015740778774410387,0.9968099390017128,1.0003890243602152
-0.15,1.0306690180770846,11.55,-0.45321004957121924,-0.0156597665147281,0.9968519379697889,1.000384082879437
-0.15,1.0306690180770846,11.600000000000001,-0.45164811177779635,-0.015579038309542787,0.9968932396350128,1.0003792213680405
-0.15,1.0306690180770846,11.65,-0.45009423238609236,-0.01549859918409207,0.9969338583463386,1.0003744382629116
-0.15,1.0306690180770846,11.700000000000001,-0.44854838224739607,-0.015418453898627654,0.9969738081004619,1.0003697320362543
-0.15,1.0306690180770846,11.75,-0.44701053174989763,-0.01533860695809411,0.9970131025517824,1.000365101194703
-0.15,1.0306690180770846,11.8,-0.44548065084375044,-0.015259062621466013,0.9970517550220427,1.0003605442784465
-0.15,1.0306690180770846,11.850000000000001,-0.4439587090652197,-0.015179824910756078,0.9970897785096704,1.0003560598603873
-0.15,1.0306690180770846,11.9,-0.44244467555994116,-0.015100897619705888,0.9971271856988166,1.000351646545313
-0.15,1.0306690180770846,11.950000000000001,-0.44093851910532617,-0.01502228432217077,0.9971639889681224,1.0003473029691026
-0.15,1.0306690180770846,12.0,-0.4394402081321438,-0.014943988380209697,0.9972002003991972,1.0003430277979446
-0.15,1.0306690180770846,12.05,-0.4379497107453051,-0.014866012951890857,0.9972358317848427,1.0003388197275804
-0.15,1.0306690180770846,12.100000000000001,-0.43646699474388084,-0.014788360998822978,0.9972708946370181,1.0003346774825712
-0.15,1.0306690180770846,12.15,-0.4349920276403787,-0.014711035293422372,0.9973054001945572,1.0003305998155805
-0.15,1.0306690180770846,12.200000000000001,-0.4335247766793046,-0.014634038425924863,0.9973393594306462,1.0003265855066783
-0.15,1.0306690180770846,12.25,-0.43206520885503746,-0.014557372811152087,0.9973727830600772,1.0003226333626645
-0.15,1.0306690180770846,12.3,-0.4306132909290345,-0.014481040695040508,0.9974056815462705,1.000318742216409
-0.15,1.0306690180770846,12.350000000000001,-0.42916898944639864,-0.014405044160941906,0.9974380651080872,1.0003149109262104
-0.15,1.0306690180770846,12.4,-0.42773227075182385,-0.01432938513570326,0.9974699437264366,1.0003111383751757
-0.15,1.0306690180770846,12.450000000000001,-0.4263031010049442,-0.01425406539553397,0.997501327150675,1.0003074234706097
-0.15,1.0306690180770846,12.5,-0.4248814461951055,-0.01417908657166793,0.9975322249048167,1.0003037651434263
-0.15,1.0306690180770846,12.55,-0.42346727215558166,-0.01410445015582768,0.9975626462935576,1.0003001623475742
-0.15,1.0306690180770846,12.600000000000001,-0.4220605445772537,-0.01403015750549771,0.9975926004081145,1.000296614059478
-0.15,1.0306690180770846,12.65,-0.42066122902176895,-0.013956209849013574,0.9976220961318903,1.000293119277492
-0.15,1.0306690180770846,12.700000000000001,-0.41926929093420306,-0.013882608290473369,0.997651142145969,1.0002896770213727
-0.15,1.0306690180770846,12.75,-0.4178846956552383,-0.013809353814477862,0.9976797469344509,1.0002862863317623
-0.15,1.0306690180770846,12.8,-0.41650740843287565,-0.01373644729070524,0.9977079187896253,1.0002829462696872
-0.15,1.0306690180770846,12.850000000000001,-0.4151373944337007,-0.01366388947832631,0.9977356658169896,1.0002796559160683
-0.15,1.0306690180770846,12.9,-0.41377461875371063,-0.013591681030265824,0.9977629959401251,1.0002764143712484
-0.15,1.0306690180770846,12.950000000000001,-0.4124190464287293,-0.013519822497315212,0.9977899169054225,1.0002732207545244
-0.15,1.0306690180770846,13.0,-0.4110706424444137,-0.01344831433210204,0.9978164362866766,1.0002700742037003
-0.15,1.0306690180770846,13.05,-0.4097293717458737,-0.013377156892921148,0.9978425614895391,1.0002669738746475
-0.15,1.0306690180770846,13.100000000000001,-0.40839519924691403,-0.013306350447432315,0.9978682997558463,1.000263918940875
-0.15,1.0306690180770846,13.15,-0.4070680898389154,-0.013235895176229126,0.9978936581678226,1.0002609085931156
-0.15,1.0306690180770846,13.200000000000001,-0.4057480083993634,-0.013165791176283529,0.997918643652155,1.0002579420389182
-0.15,1.0306690180770846,13.25,-0.40443491980004126,-0.013096038464270422,0.9979432629839597,1.0002550185022556
-0.15,1.0306690180770846,13.3,-0.4031287889148953,-0.013026636979776424,0.9979675227906257,1.000252137223137
-0.15,1.0306690180770846,13.350000000000001,-0.40182958062758617,-0.012957586588396899,0.997991429555555,1.0002492974572343
-0.15,1.0306690180770846,13.4,-0.40053725983873695,-0.012888887084725065,0.9980149896217937,1.0002464984755186
-0.15,1.0306690180770846,13.450000000000001,-0.39925179147288675,-0.012820538195236993,0.9980382091955551,1.0002437395639012
-0.15,1.0306690180770846,13.5,-0.39797314048516197,-0.012752539581076024,0.9980610943496504,1.0002410200228902
-0.15,1.0306690180770846,13.55,-0.396701271867675,-0.012684890840740228,0.9980836510268193,1.000238339167251
-0.15,1.0306690180770846,13.600000000000001,-0.3954361506556591,-0.012617591512676057,0.9981058850429609,1.0002356963256782
-0.15,1.0306690180770846,13.65,-0.394177741933348,-0.012550641077781638,0.9981278020902861,1.0002330908404757
-0.15,1.0306690180770846,13.700000000000001,-0.3929260108396113,-0.012484038961822678,0.998149407740367,1.0002305220672425
-0.15,1.0306690180770846,13.75,-0.3916809225733523,-0.012417784537764133,0.9981707074471142,1.0002279893745691
-0.15,1.0306690180770846,13.8,-0.3904424423986765,-0.012351877128020362,0.9981917065496629,1.0002254921437417
-0.15,1.0306690180770846,13.850000000000001,-0.3892105356498407,-0.012286316006626751,0.9982124102751796,1.000223029768451
-0.15,1.0306690180770846,13.9,-0.38798516773598857,-0.012221100401335432,0.9982328237415955,1.0002206016545134
-0.15,1.0306690180770846,13.950000000000001,-0.38676630414567914,-0.01215622949563766,0.9982529519602611,1.0002182072195918
-0.15,1.0306690180770846,14.0,-0.3855539104512191,-0.012091702430715508,0.9982727998385275,1.000215845892932
-0.15,1.0306690180770846,14.05,-0.3843479523128021,-0.012027518307325106,0.9982923721822579,1.0002135171150994
-0.15,1.0306690180770846,14.100000000000001,-0.38314839548246393,-0.011963676187613952,0.99831167369827,1.0002112203377247
-0.15,1.0306690180770846,14.15,-0.3819552058078577,-0.01190017509687447,0.998330708996714,1.0002089550232536
-0.15,1.0306690180770846,14.200000000000001,-0.3807683492358607,-0.011837014025235973,0.9983494825933817,1.0002067206447096
-0.15,1.0306690180770846,14.25,-0.3795877918160087,-0.011774191929297234,0.9983679989119556,1.0002045166854532
-0.15,1.0306690180770846,14.3,-0.3784134997037774,-0.011711707733701565,0.9983862622861981,1.0002023426389537
-0.15,1.0306690180770846,14.350000000000001,-0.3772454391637029,-0.011649560332656496,0.9984042769620809,1.0002001980085642
-0.15,1.0306690180770846,14.4,-0.37608357657235614,-0.011587748591399796,0.9984220470998565,1.0001980823073018
-0.15,1.0306690180770846,14.450000000000001,-0.37492787842117314,-0.011526271347613887,0.9984395767760733,1.0001959950576382
-0.15,1.0306690180770846,14.5,-0.3737783113191439,-0.011465127412790144,0.9984568699855404,1.000193935791284
-0.15,1.0306690180770846,14.55,-0.3726348419953705,-0.011404315573544977,0.998473930643239,1.0001919040489922
-0.15,1.0306690180770846,14.600000000000001,-0.37149743730149326,-0.011343834592889282,0.9984907625861782,1.0001898993803555
-0.15,1.0306690180770846,14.65,-0.37036606421399265,-0.011283683211452835,0.9985073695752106,1.0001879213436156
-0.15,1.0306690180770846,14.700000000000001,-0.3692406898363717,-0.011223860148665126,0.9985237552967924,1.0001859695054722
-0.15,1.0306690180770846,14.75,-0.3681212814012208,-0.011164364103894243,0.9985399233647012,1.0001840434409017
-0.15,1.0306690180770846,14.8,-0.36700780627217144,-0.011105193757544998,0.9985558773217066,1.000182142732974
-0.15,1.0306690180770846,14.850000000000001,-0.36590023194574195,-0.011046347772117993,0.9985716206411996,1.0001802669726787
-0.15,1.0306690180770846,14.9,-0.3647985260530784,-0.010987824793230622,0.9985871567287785,1.000178415758756
-0.15,1.0306690180770846,14.950000000000001,-0.3637026563615951,-0.010929623450601536,0.9986024889237917,1.0001765886975265
-0.15,1.0306690180770846,15.0,-0.36261259077651786,-0.010871742358999695,0.9986176205008434,1.0001747854027285
-0.15,1.0306690180770846,15.05,-0.36152829734233594,-0.010814180119159241,0.9986325546712593,1.0001730054953617
-0.15,1.0306690180770846,15.100000000000001,-0.3604497442441605,-0.010756935318661353,0.9986472945845151,1.0001712486035288
-0.15,1.0306690180770846,15.15,-0.3593768998089989,-0.01070000653278419,0.9986618433296272,1.0001695143622857
-0.15,1.0306690180770846,15.200000000000001,-0.35830973250694426,-0.010643392325321946,0.9986762039365076,1.0001678024134917
-0.15,1.0306690180770846,15.25,-0.35724821095228454,-0.010587091249374236,0.9986903793772868,1.0001661124056673
-0.15,1.0306690180770846,15.3,-0.35619230390453366,-0.010531101848106551,0.9987043725676015,1.0001644439938513
-0.15,1.0306690180770846,15.350000000000001,-0.355141980269388,-0.010475422655483034,0.9987181863678493,1.000162796839464
-0.15,1.0306690180770846,15.4,-0.35409720909961123,-0.010420052196972266,0.9987318235844089,1.0001611706101716
-0.15,1.0306690180770846,15.450000000000001,-0.3530579595958483,-0.010364988990227204,0.9987452869708392,1.0001595649797566
-0.15,1.0306690180770846,15.5,-0.3520242011073739,-0.010310231545739908,0.9987585792290354,1.0001579796279878
-0.15,1.0306690180770846,15.55,-0.35099590313277573,-0.01025577836747214,0.998771703010367,1.0001564142404957
-0.15,1.0306690180770846,15.600000000000001,-0.3499730353205763,-0.010201627953462453,0.9987846609167792,1.0001548685086503
-0.15,1.0306690180770846,15.65,-0.34895556746979356,-0.010147778796410687,0.9987974555018733,1.0001533421294422
-0.15,1.0306690180770846,15.700000000000001,-0.34794346953044586,-0.010094229384240585,0.998810089271957,1.000151834805363
-0.15,1.0306690180770846,15.75,-0.3469367116040013,-0.010040978200641272,0.9988225646870678,1.0001503462442956
-0.15,1.0306690180770846,15.8,-0.3459352639437724,-0.00998802372558832,0.9988348841619744,1.0001488761593997
-0.15,1.0306690180770846,15.850000000000001,-0.34493909695526,-0.009935364435845064,0.9988470500671506,1.0001474242690038
-0.15,1.0306690180770846,15.9,-0.34394818119645026,-0.009882998805444887,0.9988590647297267,1.0001459902964984
-0.15,1.0306690180770846,15.950000000000001,-0.34296248737806073,-0.009830925306155047,0.9988709304344178,1.0001445739702342
-0.15,1.0306690180770846,16.0,-0.34198198636374333,-0.009779142407922704,0.9988826494244266,1.0001431750234169
-0.15,1.0306690180770846,16.05,-0.3410066491702425,-0.009727648579303784,0.9988942239023303,1.0001417931940126
-0.15,1.0306690180770846,16.1,-0.34003644696751145,-0.009676442287875162,0.9989056560309391,1.0001404282246467
-0.15,1.0306690180770846,16.150000000000002,-0.33907135107878833,-0.009625522000630856,0.9989169479341377,1.000139079862511
-0.15,1.0306690180770846,16.2,-0.3381113329806332,-0.009574886184362625,0.9989281016977088,1.0001377478592721
-0.15,1.0306690180770846,16.25,-0.3371563643029277,-0.009524533306025658,0.9989391193701288,1.0001364319709793
-0.15,1.0306690180770846,16.3,-0.33620641682883945,-0.009474461833089703,0.9989500029633545,1.0001351319579768
-0.15,1.0306690180770846,16.35,-0.33526146249475064,-0.009424670233876232,0.9989607544535828,1.000133847584817
-0.15,1.0306690180770846,16.400000000000002,-0.3343214733901551,-0.009375156977882115,0.9989713757819958,1.0001325786201762
-0.15,1.0306690180770846,16.45,-0.33338642175752403,-0.009325920536090148,0.9989818688554912,1.0001313248367734
-0.15,1.0306690180770846,16.5,-0.3324562799921398,-0.009276959381267028,0.9989922355473877,1.000130086011287
-0.15,1.0306690180770846,16.55,-0.3315310206419011,-0.009228271988249106,0.99900247769812,1.0001288619242763
-0.15,1.0306690180770846,16.6,-0.33061061640710054,-0.009179856834216338,0.9990125971159166,1.0001276523601077
-0.15,1.0306690180770846,16.650000000000002,-0.3296950401401765,-0.009131712398954918,0.9990225955774589,1.0001264571068729
-0.15,1.0306690180770846,16.7,-0.3287842648454375,-0.009083837165108835,0.9990324748285276,1.000125275956323
-0.15,1.0306690180770846,16.75,-0.3278782636787627,-0.009036229618420832,0.9990422365846329,1.000124108703789
-0.15,1.0306690180770846,16.8,-0.3269770099472794,-0.008988888247963128,0.9990518825316299,1.000122955148116
-0.15,1.0306690180770846,16.85,-0.3260804771090182,-0.00894181154635824,0.9990614143263202,1.0001218150915927
-0.15,1.0306690180770846,16.900000000000002,-0.32518863877254534,-0.008894998009990149,0.9990708335970387,1.0001206883398825
-0.15,1.0306690180770846,16.95,-0.324301468696576,-0.008848446139206302,0.9990801419442271,1.00011957470196
-0.15,1.0306690180770846,17.0,-0.32341894078956746,-0.008802154438510637,0.9990893409409963,1.0001184739900448
-0.15,1.0306690180770846,17.05,-0.322541029109293,-0.008756121416748,0.9990984321336722,1.000117386019539
-0.15,1.0306690180770846,17.1,-0.32166770786239846,-0.008710345587280215,0.9991074170423322,1.0001163106089646
-0.15,1.0306690180770846,17.150000000000002,-0.32079895140394177,-0.008664825468154108,0.9991162971613271,1.0001152475799049
-0.15,1.0306690180770846,17.2,-0.31993473423691615,-0.008619559582261781,0.9991250739597932,1.0001141967569431
-0.15,1.0306690180770846,17.25,-0.3190750310117563,-0.008574546457493329,0.9991337488821499,1.0001131579676052
-0.15,1.0306690180770846,17.3,-0.3182198165258329,-0.008529784626882399,0.9991423233485893,1.0001121310423047
-0.15,1.0306690180770846,17.35,-0.3173690657229303,-0.008485272628744643,0.9991507987555551,1.0001111158142864
-0.15,1.0306690180770846,17.400000000000002,-0.31652275369271143,-0.008441009006809518,0.9991591764762036,1.0001101121195701
-0.15,1.0306690180770846,17.45,-0.31568085567017123,-0.008396992310345495,0.9991674578608647,1.0001091197969019
-0.15,1.0306690180770846,17.5,-0.314843347035075,-0.008353221094278973,0.9991756442374848,1.0001081386876975
-0.15,1.0306690180770846,17.55,-0.31401020331139035,-0.008309693919307198,0.9991837369120646,1.0001071686359966
-0.15,1.0306690180770846,17.6,-0.3131814001667022,-0.008266409352005184,0.9991917371690822,1.0001062094884072
-0.15,1.0306690180770846,17.650000000000002,-0.31235691341162203,-0.008223365964927096,0.9991996462719113,1.0001052610940635
-0.15,1.0306690180770846,17.7,-0.31153671899918517,-0.00818056233670208,0.999207465463229,1.0001043233045714
-0.15,1.0306690180770846,17.75,-0.31072079302423966,-0.00813799705212486,0.9992151959654145,1.0001033959739698
-0.15,1.0306690180770846,17.8,-0.3099091117228253,-0.008095668702241238,0.9992228389809346,1.0001024789586763
-0.15,1.0306690180770846,17.85,-0.30910165147154656,-0.008053575884428694,0.9992303956927296,1.0001015721174489
-0.15,1.0306690180770846,17.900000000000002,-0.30829838878693544,-0.008011717202472228,0.9992378672645845,1.00010067531134
-0.15,1.0306690180770846,17.95,-0.3074993003248084,-0.00797009126663563,0.9992452548414904,1.000099788403654
-0.15,1.0306690180770846,18.0,-0.30670436287961556,-0.007928696693728374,0.9992525595500056,1.0000989112599052
-0.15,1.0306690180770846,18.05,-0.3059135533837847,-0.007887532107168218,0.9992597824986016,1.0000980437477764
-0.15,1.0306690180770846,18.1,-0.30512684890705766,-0.007846596137039745,0.9992669247780047,1.000097185737079
-0.15,1.0306690180770846,18.150000000000002,-0.30434422665582284,-0.007805887420148894,0.9992739874615295,1.000096337099715
-0.15,1.0306690180770846,18.2,-0.3035656639724408,-0.007765404600073746,0.9992809716054072,1.0000954977096357
-0.15,1.0306690180770846,18.25,-0.3027911383345654,-0.007725146327211571,0.9992878782491026,1.0000946674428057
-0.15,1.0306690180770846,18.3,-0.30202062735446206,-0.007685111258822361,0.999294708415629,1.0000938461771662
-0.15,1.0306690180770846,18.35,-0.30125410877831965,-0.007645298059068976,0.9993014631118545,1.0000930337925988
-0.15,1.0306690180770846,18.400000000000002,-0.3004915604855589,-0.007605705399053907,0.999308143328798,1.0000922301708886
-0.15,1.0306690180770846,18.45,-0.2997329604881393,-0.007566331956852975,0.9993147500419269,1.0000914351956915
-0.15,1.0306690180770846,18.5,-0.2989782869298595,-0.007527176417545896,0.999321284211441,1.0000906487524968
-0.15,1.0306690180770846,18.55,-0.2982275180856583,-0.007488237473243952,0.9993277467825551,1.0000898707286003
-0.15,1.0306690180770846,18.6,-0.29748063236090966,-0.007449513823114778,0.9993341386857733,1.0000891010130644
-0.15,1.0306690180770846,18.650000000000002,-0.2967376082907179,-0.0074110041734044615,0.999340460837156,1.0000883394966893
-0.15,1.0306690180770846,18.7,-0.29599842453920955,-0.0073727072374569795,0.9993467141385879,1.0000875860719847
-0.15,1.0306690180770846,18.75,-0.29526305989882407,-0.007334621735731133,0.9993528994780312,1.0000868406331325
-0.15,1.0306690180770846,18.8,-0.29453149328960143,-0.007296746395815014,0.9993590177297826,1.0000861030759631
-0.15,1.0306690180770846,18.85,-0.2938037037584708,-0.007259079952438166,0.9993650697547182,1.0000853732979225
-0.15,1.0306690180770846,18.900000000000002,-0.2930796704785355,-0.007221621147481437,0.9993710564005324,1.0000846511980421
-0.15,1.0306690180770846,18.95,-0.2923593727483592,-0.007184368729984702,0.9993769785019839,1.000083936676915
-0.15,1.0306690180770846,19.0,-0.29164278999124943,-0.007147321456152507,0.9993828368811185,1.0000832296366653
-0.15,1.0306690180770846,19.05,-0.2909299017545431,-0.007110478089357645,0.999388632347503,1.0000825299809208
-0.15,1.0306690180770846,19.1,-0.2902206877088886,-0.00707383740014288,0.9993943656984446,1.000081837614787
-0.15,1.0306690180770846,19.150000000000002,-0.28951512764753023,-0.007037398166220762,0.9994000377192117,1.0000811524448208
-0.15,1.0306690180770846,19.200000000000003,-0.28881320148559253,-0.007001159172471673,0.9994056491832436,1.0000804743790055
-0.15,1.0306690180770846,19.25,-0.28811488925936235,-0.006965119210940185,0.999411200852366,1.000079803326725
-0.15,1.0306690180770846,19.3,-0.2874201711255746,-0.006929277080829723,0.9994166934769889,1.0000791391987394
-0.15,1.0306690180770846,19.35,-0.28672902736069683,-0.006893631588495715,0.9994221277963148,1.000078481907162
-0.15,1.0306690180770846,19.400000000000002,-0.28604143836021406,-0.006858181547437171,0.9994275045385298,1.000077831365433
-0.15,1.0306690180770846,19.450000000000003,-0.28535738463791643,-0.00682292577828685,0.9994328244209998,1.0000771874882997
-0.15,1.0306690180770846,19.5,-0.2846768468251852,-0.006787863108800001,0.9994380881504583,1.0000765501917908
-0.15,1.0306690180770846,19.55,-0.28399980567028266,-0.006752992373841789,0.9994432964231932,1.0000759193931963
-0.15,1.0306690180770846,19.6,-0.2833262420376405,-0.006718312415373417,0.9994484499252253,1.0000752950110454
-0.15,1.0306690180770846,19.650000000000002,-0.28265613690715274,-0.006683822082437071,0.9994535493324901,1.0000746769650832
-0.15,1.0306690180770846,19.700000000000003,-0.28198947137346686,-0.006649520231139606,0.9994585953110078,1.0000740651762523
-0.15,1.0306690180770846,19.75,-0.2813262266452793,-0.006615405724635205,0.999463588517059,1.00007345956667
-0.15,1.0306690180770846,19.8,-0.28066638404463073,-0.006581477433106864,0.9994685295973481,1.0000728600596112
-0.15,1.0306690180770846,19.85,-0.2800099250062049,-0.006547734233746938,0.9994734191891698,1.0000722665794834
-0.15,1.0306690180770846,19.900000000000002,-0.27935683107662845,-0.006514175010736633,0.9994782579205699,1.0000716790518138
-0.15,1.0306690180770846,19.950000000000003,-0.2787070839137714,-0.006480798655224574,0.9994830464105015,1.0000710974032236
-0.15,1.0306690180770846,20.0,-0.2780606652860538,-0.0064476040653045075,0.9994877852689819,1.000070521561417
-0.15,1.0306690180770846,20.1,-0.2767777412582983,-0.00638175580920094,0.9994971164878778,1.0000693870142399
-0.15,1.0306690180770846,20.28615468146082,-0.27442429564665244,-0.006261071378198073,0.9995139806460032,1.00006733421033
-0.15,1.0306690180770846,20.47403342090323,-0.27209415063136316,-0.006141722198732888,0.9995303579466841,1.0000653375535407
-0.15,1.0306690180770846,20.663652185564246,-0.26978743289218987,-0.006023710347763648,0.9995462607152379,1.0000633955578144
-0.15,1.0306690180770846,20.855027090560313,-0.26750426403834077,-0.005907037546574144,0.9995617009747931,1.0000615067759984
-0.15,1.0306690180770846,21.04817440025684,-0.2652447605816696,-0.005791705171855148,0.9995766904545957,1.000059669798904
-0.15,1.0306690180770846,21.243110529650455,-0.2630090339086972,-0.005677714266292924,0.999591240598075,1.0000578832543885
-0.15,1.0306690180770846,21.439852045764102,-0.26079719025155645,-0.0055650655486766,0.9996053625706705,1.000056145806451
-0.15,1.0306690180770846,21.638415669054964,-0.25860933065796726,-0.005453759423535891,0.9996190672674388,1.0000544561543436
-0.15,1.0306690180770846,21.83881827483555,-0.25644555096034405,-0.00534379599032072,0.9996323653204315,1.0000528130317037
-0.15,1.0306690180770846,22.04107689470784,-0.25430594174415383,-0.005235175052134562,0.9996452671058557,1.0000512152056964
-0.15,1.0306690180770846,22.245208718010712,-0.2521905883156347,-0.005127896124033186,0.9996577827510257,1.0000496614761805
-0.15,1.0306690180770846,22.4512310932809,-0.2500995706689873,-0.005021958440900348,0.9996699221411021,1.0000481506748837
-0.15,1.0306690180770846,22.659161529727328,-0.24803296345315906,-0.004917360964912507,0.9996816949256323,1.0000466816646014
-0.15,1.0306690180770846,22.86901769871915,-0.24599083593832977,-0.004814102392604045,0.9996931105248907,1.0000452533384045
-0.15,1.0306690180770846,23.080817435287667,-0.2439732519822148,-0.004712181161544979,0.9997041781360287,1.0000438646188683
-0.15,1.0306690180770846,23.294578739641963,-0.24198026999629604,-0.004611595456642897,0.9997149067390353,1.0000425144573142
-0.15,1.0306690180770846,23.510319778698783,-0.24001194291208994,-0.004512343216080975,0.9997253051025137,1.0000412018330693
-0.15,1.0306690180770846,23.72805888762644,-0.23806831814756146,-0.004414422136903877,0.9997353817892817,1.0000399257527417
-0.15,1.0306690180770846,23.947814571403043,-0.23614943757379017,-0.004317829680263546,0.999745145161798,1.000038685249507
-0.15,1.0306690180770846,24.169605506389228,-0.23425533748199406,-0.004222563076336496,0.9997546033874167,1.0000374793824167
-0.15,1.0306690180770846,24.39345054191539,-0.23238604855101797,-0.004128619328924814,0.9997637644434811,1.0000363072357152
-0.15,1.0306690180770846,24.619368701883577,-0.230541595815392,-0.004035995219752568,0.9997726361222514,1.000035167918176
-0.15,1.0306690180770846,24.847379186384366,-0.2287219986340663,-0.003944687312469605,0.9997812260356825,1.0000340605624511
-0.15,1.0306690180770846,25.077501373328523,-0.22692727065993495,-0.0038546919563747823,0.9997895416200464,1.0000329843244355
-0.15,1.0306690180770846,25.30975482009396,-0.22515741981025636,-0.0037660052898704764,0.9997975901404054,1.000031938382643
-0.15,1.0306690180770846,25.544159265187808,-0.2234124482380917,-0.0036786232436604753,0.9998053786949471,1.0000309219376022
-0.15,1.0306690180770846,25.780734629923902,-0.22169235230487702,-0.003592541543703235,0.9998129142191727,1.0000299342112593
-0.15,1.0306690180770846,26.019501020115914,-0.21999712255425602,-0.0035077557139325077,0.9998202034899555,1.0000289744464008
-0.15,1.0306690180770846,26.260478727786037,-0.2183267436873027,-0.0034242610787574876,0.9998272531294649,1.0000280419060856
-0.15,1.0306690180770846,26.503688232889502,-0.2166811945392694,-0.0033420527653545214,0.9998340696089618,1.0000271358730917
-0.15,1.0306690180770846,26.74915020505521,-0.21506044805799815,-0.0032611257057624512,0.9998406592524717,1.0000262556493775
-0.15,1.0306690180770846,26.99688550534226,-0.21346447128414414,-0.003181474638793841,0.9998470282403366,1.0000254005555527
-0.15,1.0306690180770846,27.246915188012967,-0.21189322533335425,-0.0031030941117740694,0.9998531826126476,1.000024569930364
-0.15,1.0306690180770846,27.499260502322162,-0.21034666538055946,-0.0030259784821206285,0.9998591282725684,1.000023763130196
-0.15,1.0306690180770846,27.753942894323053,-0.2088247406465324,-0.0029501219187746622,0.9998648709895466,1.0000229795285775
-0.15,1.0306690180770846,28.010984008689945,-0.20732739438686887,-0.0028755184034969564,0.9998704164024157,1.0000222185157066
-0.15,1.0306690180770846,28.270405690557713,-0.20585456388355194,-0.002802161732040656,0.9998757700224014,1.0000214794979825
-0.15,1.0306690180770846,28.532229987378305,-0.20440618043925757,-0.0027300455152127847,0.999880937236021,1.000020761897555
-0.15,1.0306690180770846,28.79647915079459,-0.20298216937455513,-0.0026591631798367557,0.9998859233078884,1.0000200651518758
-0.15,1.0306690180770846,29.063175638531384,-0.2015824500281642,-0.00258950796962812,0.9998907333834302,1.0000193887132751
-0.15,1.0306690180770846,29.332342116304055,-0.2002069357604127,-0.0025210729459956174,0.9998953724915063,1.000018732048533
-0.15,1.0306690180770846,29.604001459744886,-0.1988555339600472,-0.002453850988779667,0.9998998455469438,1.000018094638476
-0.15,1.0306690180770846,29.8781767563471,-0.19752814605453833,-0.002387834796940419,0.9999041573529932,1.0000174759775755
-0.15,1.0306690180770846,30.154891307427096,-0.1962246675240148,-0.0023230168892073287,0.9999083126036962,1.0000168755735583
-0.15,1.0306690180770846,30.43416863010471,-0.1949449879189605,-0.002259389604702347,0.9999123158861803,1.0000162929470315
-0.15,1.0306690180770846,30.716032459301825,-0.19368899088179567,-0.002196945103548559,0.9999161716828776,1.000015727631112
-0.15,1.0306690180770846,31.00050674975963,-0.19245655417246016,-0.002135675367476136,0.9999198843736709,1.0000151791710685
-0.15,1.0306690180770846,31.287615678074335,-0.19124754969810848,-0.0020755722004374326,0.999923458237969,1.0000146471239726
-0.15,1.0306690180770846,31.577383644751972,-0.19006184354701927,-0.002016627229242784,0.9999268974567208,1.0000141310583623
-0.15,1.0306690180770846,31.869835276282085,-0.18889929602681535,-0.00195883190422859,0.9999302061143593,1.0000136305539091
-0.15,1.0306690180770846,32.16499542723059,-0.18775976170708306,-0.0019021774999691751,0.9999333882006891,1.0000131452010987
-0.15,1.0306690180770846,32.462889182352235,-0.1866430894664719,-0.0018466551160435027,0.9999364476127112,1.0000126746009201
-0.15,1.0306690180770846,32.763541858722334,-0.18554912254435288,-0.001792255677868058,0.9999393881563957,1.00001221836456
-0.15,1.0306690180770846,33.06697900788844,-0.18447769859710295,-0.001738969937606636,0.9999422135484003,1.0000117761131124
-0.15,1.0306690180770846,33.373226418041924,-0.1834286497590786,-0.0016867884751678365,0.9999449274177341,1.0000113474772891
-0.15,1.0306690180770846,33.68231011620963,-0.18240180270833992,-0.001635701699300693,0.9999475333073755,1.000010932097146
-0.15,1.0306690180770846,33.99425637046573,-0.18139697873717167,-0.0015856998487987135,0.9999500346758451,1.0000105296218096
-0.15,1.0306690180770846,34.30909169216431,-0.18041399382745246,-0.0015367729938222127,0.9999524348987313,1.0000101397092174
-0.15,1.0306690180770846,34.62684283819243,-0.17945265873090804,-0.0014889110373486492,0.999954737270175,1.0000097620258657
-0.15,1.0306690180770846,34.94753681324406,-0.17851277905428542,-0.0014421037167602713,0.999956945004315,1.0000093962465604
-0.15,1.0306690180770846,35.2712008721152,-0.1775941553494735,-0.001396340605578042,0.9999590612366962,1.00000904205418
-0.15,1.0306690180770846,35.597862522020144,-0.1766965832085905,-0.0013516111153504486,0.999961089025639,1.000008699139446
-0.15,1.0306690180770846,35.927549524929255,-0.17581985336405262,-0.0013079044977053903,0.9999630313535789,1.0000083672006943
-0.15,1.0306690180770846,36.26028989992831,-0.17496375179362522,-0.0012652098465729144,0.9999648911283707,1.0000080459436624
-0.15,1.0306690180770846,36.59611192559986,-0.17412805983045668,-0.001223516100586056,0.9999666711845678,1.0000077350812757
-0.15,1.0306690180770846,36.93504414242648,-0.17331255427807682,-0.0011828120456666453,0.9999683742846679,1.0000074343334477
-0.15,1.0306690180770846,37.27711535521626,-0.17251700753033844,-0.0011430863178023432,0.9999700031203339,1.0000071434268785
-0.15,1.0306690180770846,37.62235463555102,-0.17174118769626515,-0.0011043274060206492,0.9999715603135928,1.0000068620948679
-0.15,1.0306690180770846,37.97079132425686,-0.170984858729759,-0.0010665236555650616,0.9999730484180074,1.0000065900771282
-0.15,1.0306690180770846,38.32245503389777,-0.1702477805641083,-0.0010296632712779657,0.9999744699198317,1.000006327119609
-0.15,1.0306690180770846,38.67737565129239,-0.1695297092512216,-0.0009937343211941963,0.9999758272391416,1.0000060729743216
-0.15,1.0306690180770846,39.03558334005395,-0.16883039710550235,-0.000958724740348582,0.9999771227309477,1.0000058273991748
-0.15,1.0306690180770846,39.3971085431537,-0.16814959285226294,-0.0009246223348001036,0.9999783586862954,1.0000055901578144
-0.15,1.0306690180770846,39.761981985508335,-0.16748704178056253,-0.0008914147858745693,0.9999795373333432,1.000005361019467
-0.15,1.0306690180770846,40.1302346765911,-0.16684248590033862,-0.0008590896546270806,0.999980660838432,1.0000051397587895
-0.15,1.0306690180770846,40.50189791306716,-0.16621566410368876,-0.0008276343865247449,0.9999817313071366,1.0000049261557278
-0.15,1.0306690180770846,40.87700328145351,-0.16560631233014134,-0.0007970363163493538,0.9999827507853081,1.0000047199953743
-0.15,1.0306690180770846,41.25558266080338,-0.165014163735742,-0.0007672826733190485,0.9999837212601042,1.0000045210678363
-0.15,1.0306690180770846,41.63766822541544,-0.164438948865768,-0.0007383605864270987,0.9999846446610097,1.0000043291681047
-0.15,1.0306690180770846,42.02329244756837,-0.1638803958308684,-0.0007102570899952914,0.9999855228608457,1.00000414409593
-0.15,1.0306690180770846,42.41248810028041,-0.16333823048641413,-0.0006829591294384251,0.9999863576767762,1.0000039656557038
-0.15,1.0306690180770846,42.80528826009479,-0.1628121766148315,-0.0006564535672358197,0.9999871508713022,1.0000037936563404
-0.15,1.0306690180770846,43.20172630989064,-0.16230195611067758,-0.0006307271891048011,0.9999879041532472,1.0000036279111701
-0.15,1.0306690180770846,43.60183594172025,-0.1618072891682096,-0.000605766710370307,0.9999886191787468,1.000003468237828
-0.15,1.0306690180770846,44.00565115967241,-0.16132789447118334,-0.0005815587825241426,0.9999892975522195,1.0000033144581524
-0.15,1.0306690180770846,44.413206282762204,-0.16086348938461426,-0.0005580899999663763,0.9999899408273442,1.0000031663980888
-0.15,1.0306690180770846,44.824535947847835,-0.16041379014821866,-0.0005353469069207142,0.999990550508026,1.0000030238875912
-0.15,1.0306690180770846,45.23967511257426,-0.15997851207125025,-0.0005133160045149527,0.9999911280493613,1.0000028867605328
-0.15,1.0306690180770846,45.65865905834403,-0.15955736972843834,-0.0004919837580167672,0.9999916748586,1.0000027548546184
-0.15,1.0306690180770846,46.081523393315884,-0.1591500771567272,-0.0004713366042143634,0.9999921922960998,1.0000026280112977
-0.15,1.0306690180770846,46.50830405543093,-0.1587563480525133,-0.0004513609589308924,0.999992681676283,1.0000025060756885
-0.15,1.0306690180770846,46.93903731546684,-0.15837589596907087,-0.00043204322466075014,0.9999931442685875,1.000002388896495
-0.15,1.0306690180770846,47.37375978012049,-0.15800843451385485,-0.00041336979831525794,0.9999935812984156,1.0000022763259355
-0.15,1.0306690180770846,47.81250839511901,-0.157653677545365,-0.00039532707906461196,0.9999939939480784,1.0000021682196691
-0.15,1.0306690180770846,48.25532044835962,-0.15731133936925643,-0.0003779014762624001,0.999994383357741,1.000002064436727
-0.15,1.0306690180770846,48.70223357307873,-0.15698113493337795,-0.0003610794174383876,0.9999947506263617,1.0000019648394471
-0.15,1.0306690180770846,49.15328575105025,-0.1566627800214208,-0.0003448473563448749,0.9999950968126293,1.0000018692934092
-0.15,1.0306690180770846,49.608515315813406,-0.15635599144486056,-0.00032919178104135854,0.9999954229358976,1.000001777667373
-0.15,1.0306690180770846,50.067960955930815,-0.1560604872328758,-0.00031409922200189487,0.9999957299771183,1.0000016898332202
-0.15,1.0306690180770846,50.5316617182763,-0.15577598681992955,-0.0002995562602292143,0.9999960188797644,1.0000016056658967
-0.15,1.0306690180770846,50.99965701135351,-0.15550221123070126,-0.0002855495353592745,0.9999962905507593,1.0000015250433587
-0.15,1.0306690180770846,51.47198660864504,-0.15523888326206162,-0.0002720657537397665,0.999996545861392,1.000001447846518
-0.15,1.0306690180770846,51.9486906519927,-0.1549857276617861,-0.00025909169646589573,0.9999967856482366,1.0000013739591918
-0.15,1.0306690180770846,52.429809655009066,-0.15474247130370697,-0.0002466142273565866,0.9999970107140591,1.000001303268054
-0.15,1.0306690180770846,52.91538450652049,-0.1545088433590124,-0.00023462030085430685,0.9999972218287265,1.0000012356625854
-0.15,1.0306690180770846,53.40545647404229,-0.15428457546340396,-0.00022309696983160206,0.9999974197301044,1.0000011710350294
-0.15,1.0306690180770846,53.90006720728585,-0.15406940187983392,-0.00021203139328760244,0.9999976051249501,1.0000011092803445
-0.15,1.0306690180770846,54.39925874169825,-0.15386305965655236,-0.0002014108439178723,0.999997778689804,1.000001050296163
-0.15,1.0306690180770846,54.90307350203484,-0.1536652887802008,-0.0001912227155411425,0.9999979410718656,1.0000009939827468
-0.15,1.0306690180770846,55.41155430596479,-0.15347583232370188,-0.00018145453036682343,0.9999980928898681,1.0000009402429453
-0.15,1.0306690180770846,55.924744367709856,-0.15329443658870553,-0.000172093946087477,0.999998234734943,1.0000008889821568
-0.15,1.0306690180770846,56.442687301717264,-0.15312085124236113,-0.00016312876278083612,0.9999983671714772,1.0000008401082876
-0.15,1.0306690180770846,56.96542712636624,-0.15295482944820307,-0.00015454692960647568,0.9999984907379578,1.000000793531712
-0.15,1.0306690180770846,57.493008267708944,-0.15279612799094622,-0.00014633655128272027,0.9999986059478141,1.000000749165236
-0.15,1.0306690180770846,58.02547556324627,-0.15264450739500485,-0.00013848589432999806,0.999998713290239,1.000000706924058
-0.15,1.0306690180770846,58.562874265738245,-0.15249973203656544,-0.00013098339306750217,0.9999988132310121,1.0000006667257328
-0.15,1.0306690180770846,59.10525004705015,-0.15236157024905544,-0.00012381765535068566,0.999998906213301,1.0000006284901337
-0.15,1.0306690180770846,59.65264900203377,-0.1522297944218727,-0.00011697746803794281,0.9999989926584574,1.0000005921394184
-0.15,1.0306690180770846,60.2051176524451,-0.15210418109225335,-0.00011045180217556364,0.9999990729667992,1.0000005575979893
-0.15,1.0306690180770846,60.76270295089797,-0.151984511030177,-0.00010422981789094157,0.9999991475183786,1.0000005247924622
-0.15,1.0306690180770846,61.325452284854336,-0.1518705693162247,-9.830086898490551e-05,0.9999992166737393,1.000000493651629
-0.15,1.0306690180770846,61.89341348065174,-0.1517621454123254,-9.265450721491533e-05,0.9999992807746589,1.0000004641064193
-0.15,1.0306690180770846,62.466634807567864,-0.15165903322534655,-8.728048626190942e-05,0.9999993401448769,1.0000004360898709
-0.15,1.0306690180770846,63.0451649819227,-0.15156103116350017,-8.216876537449064e-05,0.9999993950908114,1.0000004095370907
-0.15,1.0306690180770846,63.629053171218956,-0.1514679421855616,-7.730951268519213e-05,0.9999994459022559,1.0000003843852197
-0.15,1.0306690180770846,64.21834899832058,-0.15137957384291065,-7.26931081945736e-05,0.9999994928530658,1.0000003605734002
-0.15,1.0306690180770846,64.81310254566993,-0.15129573831442988,-6.831014641991936e-05,0.999999536201826,1.0000003380427394
-0.15,1.0306690180770846,65.4133643595444,-0.15121625243431028,-6.41514387063764e-05,0.9999995761925053,1.0000003167362719
-0.15,1.0306690180770846,66.01918545435197,-0.15114093771283477,-6.0208015199394705e-05,0.9999996130550951,1.0000002965989292
-0.15,1.0306690180770846,66.63061731696679,-0.151069620350228,-5.647112647837236e-05,0.9999996470062265,1.0000002775774979
-0.15,1.0306690180770846,67.24771191110499,-0.1510021312436797,-5.293224485244848e-05,0.9999996782497799,1.0000002596205921
-0.15,1.0306690180770846,67.87052168174088,-0.15093830598766222,-4.958306532039626e-05,0.99999970697747,1.0000002426786105
-0.15,1.0306690180770846,68.49909955956402,-0.15087798486768564,-4.6415506197587944e-05,0.9999997333694187,1.0000002267037043
-0.15,1.0306690180770846,69.13349896547759,-0.15082101284764296,-4.3421709413926484e-05,0.999999757594708,1.0000002116497406
-0.15,1.0306690180770846,69.77377381513884,-0.150767239550917,-4.059404048767084e-05,0.9999997798119206,1.0000001974722665
-0.15,1.0306690180770846,70.41997852354069,-0.15071651923543275,-3.792508818093685e-05,0.9999998001696572,1.0000001841284725
-0.15,1.0306690180770846,71.0721680096366,-0.1506687107628524,-3.540766384355721e-05,0.9999998188070436,1.0000001715771563
-0.15,1.0306690180770846,71.73039770100793,-0.1506236775621216,-3.303480045281913e-05,0.9999998358542141,1.000000159778686
-0.15,1.0306690180770846,72.39472353857458,-0.15058128758758801,-3.07997513574406e-05,0.999999851432785,1.000000148694966
-0.15,1.0306690180770846,73.06520198134909,-0.15054141327192033,-2.869598873483419e-05,0.9999998656563045,1.0000001382893968
-0.15,1.0306690180770846,73.74189001123509,-0.15050393147406832,-2.671720177148931e-05,0.9999998786306913,1.0000001285268416
-0.15,1.0306690180770846,74.42484513786997,-0.1504687234225087,-2.4857294576857684e-05,0.9999998904546532,1.0000001193735872
-0.15,1.0306690180770846,75.11412540351232,-0.15043567465403176,-2.3110383841853946e-05,0.9999999012200924,1.0000001107973095
-0.15,1.0306690180770846,75.80978938797494,-0.15040467494832552,-2.147079625352411e-05,0.9999999110124899,1.0000001027670362
-0.15,1.0306690180770846,76.51189621360336,-0.15037561825862264,-1.9933065677962794e-05,0.9999999199112799,1.0000000952531087
-0.15,1.0306690180770846,77.22050555030022,-0.1503484026386756,-1.849193012400181e-05,0.9999999279902051,1.000000088227149
-0.15,1.0306690180770846,77.93567762059672,-0.1503229301663303,-1.714232850053681e-05,0.9999999353176541,1.0000000816620194
-0.15,1.0306690180770846,78.65747320477065,-0.1502991068639684,-1.5879397180688093e-05,0.999999941956991,1.0000000755317902
-0.15,1.0306690180770846,79.38595364601184,-0.15027684261609012,-1.4698466386231678e-05,0.999999947966862,1.0000000698117004
-0.15,1.0306690180770846,80.12118085563553,-0.15025605108430828,-1.3595056405932348e-05,0.9999999534014932,1.0000000644781248
-0.15,1.0306690180770846,80.86321731834431,-0.1502366496200231,-1.2564873661542227e-05,0.9999999583109728,1.0000000595085363
-0.15,1.0306690180770846,81.61212609753805,-0.15021855917504462,-1.1603806635310994e-05,0.9999999627415169,1.0000000548814718
-0.15,1.0306690180770846,82.36797084067375,-0.15020170421042853,-1.0707921672828701e-05,0.9999999667357263,1.0000000505764957
-0.15,1.0306690180770846,83.13081578467474,-0.15018601260378403,-9.873458675067398e-06,0.9999999703328263,1.000000046574169
-0.15,1.0306690180770846,83.90072576138992,-0.15017141555531005,-9.09682669329112e-06,0.9999999735688962,1.000000042856009
-0.15,1.0306690180770846,84.67776620310352,-0.15015784749281186,-8.374599440436072e-06,0.9999999764770864,1.0000000394044628
-0.15,1.0306690180770846,85.46200314809617,-0.1501452459759398,-7.70351073235218e-06,0.9999999790878221,1.0000000362028676
-0.15,1.0306690180770846,86.25350324625728,-0.15013355159989075,-7.080449872013691e-06,0.9999999814289972,1.0000000332354215
-0.15,1.0306690180770846,87.05233376474918,-0.15012270789880092,-6.502456989588515e-06,0.9999999835261575,1.0000000304871504
-0.15,1.0306690180770846,87.85856259372419,-0.15011266124905445,-5.966718350849272e-06,0.9999999854026694,1.0000000279438739
-0.15,1.0306690180770846,88.67225825209441,-0.15010336077272138,-5.470561646139519e-06,0.9999999870798849,1.000000025592179
-0.15,1.0306690180770846,89.49348989335462,-0.15009475824133217,-5.011451271596841e-06,0.9999999885772916,1.0000000234193822
-0.15,1.0306690180770846,90.32232731145982,-0.15008680798018467,-4.586983613979509e-06,0.999999989912655,1.000000021413508
-0.15,1.0306690180770846,91.15884094675663,-0.15007946677337208,-4.194882349961566e-06,0.9999999911021513,1.00000001956325
-0.15,1.0306690180770846,92.0031018919696,-0.15007269376970922,-3.832993770241286e-06,0.9999999921604944,1.0000000178579507
-0.15,1.0306690180770846,92.85518189824359,-0.15006645038972546,-3.4992821383270444e-06,0.9999999931010497,1.000000016287567
-0.15,1.0306690180770846,93.71515338124135,-0.1500607002338818,-3.1918250933322516e-06,0.9999999939359457,1.0000000148426476
-0.15,1.0306690180770846,94.58308942729796,-0.15005540899215952,-2.9088091055373754e-06,0.9999999946761738,1.0000000135143012
-0.15,1.0306690180770846,95.45906379963219,-0.1500505443551576,-2.648524992945478e-06,0.9999999953316827,1.0000000122941737
-0.15,1.0306690180770846,96.34315094461576,-0.1500460759268253,-2.4093635064767984e-06,0.9999999959114668,1.000000011174423
-0.15,1.0306690180770846,97.23542599809973,-0.15004197513894588,-2.189810990867061e-06,0.9999999964236485,1.0000000101476931
-0.15,1.0306690180770846,98.13596479180039,-0.15003821516747562,-1.988445127782878e-06,0.9999999968755516,1.0000000092070904
-0.15,1.0306690180770846,99.04484385974408,-0.1500347708508359,-1.8039307670349741e-06,0.9999999972737741,1.0000000083461602
-0.15,1.0306690180770846,99.96214044477135,-0.15003161861023917,-1.6350158512728747e-06,0.9999999976242507,1.0000000075588646
-0.15,1.0306690180770846,100.88793250510167,-0.150028736372126,-1.4805274389013575e-06,0.9999999979323136,1.000000006839563
-0.15,1.0306690180770846,101.82229872095873,-0.15002610349277554,-1.3393678294381711e-06,0.9999999982027459,1.0000000061829868
-0.15,1.0306690180770846,102.76531850125772,-0.15002370068514503,-1.2105107950000533e-06,0.9999999984398363,1.0000000055842224
-0.15,1.0306690180770846,103.71707199035326,-0.15002150994798172,-1.0929979209857706e-06,0.9999999986474218,1.0000000050386915
-0.15,1.0306690180770846,104.67764007485148,-0.1500195144972439,-9.859350586198905e-07,0.9999999988289315,1.000000004542132
-0.15,1.0306690180770846,105.64710439048359,-0.15001769869985607,-8.884888913940547e-07,0.9999999989874271,1.0000000040905783
-0.15,1.0306690180770846,106.62554732904427,-0.15001604800981722,-7.998836170787497e-07,0.9999999991256374,1.0000000036803482
-0.15,1.0306690180770846,107.61305204539366,-0.15001454890667065,-7.193977463596624e-07,0.9999999992459917,1.000000003308022
-0.15,1.0306690180770846,108.60970246452491,-0.15001318883633702,-6.463610188900096e-07,0.9999999993506499,1.0000000029704292
-0.15,1.0306690180770846,109.61558328869602,-0.15001195615430488,-5.801514369306172e-07,0.99999999944153,1.0000000026646334
-0.15,1.0306690180770846,110.63078000462876,-0.15001084007116444,-5.201924165261844e-07,0.9999999995203324,1.000000002387917
-0.15,1.0306690180770846,111.65537889077429,-0.1500098306004661,-4.65950055652984e-07,0.9999999995885618,1.0000000021377666
-0.15,1.0306690180770846,112.68946702464496,-0.15000891850887682,-4.16930518498653e-07,0.9999999996475503,1.0000000019118633
-0.15,1.0306690180770846,113.73313229021528,-0.15000809526860176,-3.7267753467464636e-07,0.9999999996984723,1.0000000017080657
-0.15,1.0306690180770846,114.78646338539066,-0.1500073530120362,-3.327700118704889e-07,0.9999999997423653,1.0000000015244022
-0.15,1.0306690180770846,115.84954982954602,-0.15000668448860255,-2.968197601680585e-07,0.9999999997801405,1.0000000013590566
-0.15,1.0306690180770846,116.92248197113297,-0.1500060830237294,-2.644693259957994e-07,0.999999999812601,1.000000001210359
-0.15,1.0306690180770846,118.00535099535914,-0.1500055424799198,-2.3538993346154438e-07,0.9999999998404506,1.0000000010767764
-0.15,1.0306690180770846,119.09824893193696,-0.15000505721985516,-2.0927953059912583e-07,0.9999999998643068,1.000000000956902
-0.15,1.0306690180770846,120.2012686629055,-0.15000462207148013,-1.8586093789400313e-07,0.9999999998847104,1.0000000008494438
-0.15,1.0306690180770846,121.31450393052383,-0.15000423229500565,-1.6488009628504176e-07,0.999999999902133,1.0000000007532235
-0.15,1.0306690180770846,122.43804934523853,-0.15000388355177147,-1.4610441168734104e-07,0.9999999999169874,1.0000000006671603
-0.15,1.0306690180770846,123.5720003937234,-0.1500035718749027,-1.2932119303180856e-07,0.9999999999296327,1.0000000005902678
-0.15,1.0306690180770846,124.7164534469956,-0.15000329364169718,-1.1433618061113462e-07,0.9999999999403802,1.000000000521646
-0.15,1.0306690180770846,125.87150576860506,-0.15000304554767616,-1.009721615789626e-07,0.9999999999495022,1.0000000004604754
-0.15,1.0306690180770846,127.03725552290106,-0.15000282458223405,-8.90676693007086e-08,0.9999999999572342,1.0000000004060092
-0.15,1.0306690180770846,128.21380178337475,-0.1500026280058178,-7.847576322997918e-08,0.9999999999637786,1.0000000003575682
-0.15,1.0306690180770846,129.40124454107954,-0.15000245332857143,-6.90628860375197e-08,0.9999999999693114,1.0000000003145357
-0.15,1.0306690180770846,130.59968471312828,-0.15000229829037878,-6.070779459103873e-08,0.9999999999739851,1.0000000002763547
-0.15,1.0306690180770846,131.8092241512703,-0.15000216084223664,-5.330056152168527e-08,0.9999999999779289,1.0000000002425165
-0.15,1.0306690180770846,133.02996565054787,-0.1500020391288961,-4.6741644043898695e-08,0.9999999999812551,1.0000000002125637
-0.15,1.0306690180770846,134.26201295803162,-0.15000193147270569,-4.0941016782739124e-08,0.9999999999840603,1.0000000001860827
-0.15,1.0306690180770846,135.5054707816382,-0.15000183635859438,-3.5817365374406916e-08,0.9999999999864253,1.000000000162699
-0.15,1.0306690180770846,136.76044479902887,-0.1500017524201331,-3.12973377034903e-08,0.9999999999884202,1.000000000142076
-0.15,1.0306690180770846,138.02704166659132,-0.15000167842661424,-2.7314849660726232e-08,0.9999999999901047,1.00000000012391
-0.15,1.0306690180770846,139.30536902850287,-0.15000161327109154,-2.3810442421422338e-08,0.9999999999915291,1.0000000001079288
-0.15,1.0306690180770846,140.5955355258802,-0.15000155595932343,-2.0730688284967723e-08,0.9999999999927356,1.0000000000938871
-0.15,1.0306690180770846,141.8976508060113,-0.15000150559956574,-1.8027642242066806e-08,0.9999999999937604,1.0000000000815654
-0.15,1.0306690180770846,143.21182553167466,-0.15000146139316126,-1.5658336499060733e-08,0.9999999999946334,1.0000000000707674
-0.15,1.0306690180770846,144.53817139054382,-0.15000142262587488,-1.3584315295776959e-08,0.9999999999953797,1.0000000000613165
-0.15,1.0306690180770846,145.87680110468003,-0.15000138865992743,-1.1771207454302647e-08,0.9999999999960199,1.0000000000530551
-0.15,1.0306690180770846,147.22782844011104,-0.15000135892668062,-1.0188334190005356e-08,0.9999999999965717,1.0000000000458438
-0.15,1.0306690180770846,148.59136821650102,-0.15000133291992965,-8.808349829867733e-09,0.9999999999970489,1.000000000039558
-0.15,1.0306690180770846,149.9675363169076,-0.1500013101897607,-7.606913186309655e-09,0.9999999999974639,1.0000000000340856
-0.15,1.0306690180770846,151.35644969763095,-0.15000129033693513,-6.562387412537758e-09,0.9999999999978255,1.0000000000293285
-0.15,1.0306690180770846,152.75822639815343,-0.15000127300776042,-5.655566332136924e-09,0.9999999999981419,1.0000000000251983
-0.15,1.0306690180770846,154.17298555117182,-0.15000125788941343,-4.869425263125707e-09,0.9999999999984195,1.000000000021618
-0.15,1.0306690180770846,155.60084739272125,-0.1500012447056825,-4.188894517887212e-09,0.9999999999986621,1.0000000000185185
-0.15,1.0306690180770846,157.0419332723941,-0.15000123321309522,-3.600653844565108e-09,0.9999999999988757,1.00000000001584
-0.15,1.0306690180770846,158.4963656636536,-0.1500012231974037,-3.0929461440277727e-09,0.9999999999990615,1.0000000000135283
-0.15,1.0306690180770846,159.96426817424148,-0.15000121447039774,-2.655408968347574e-09,0.999999999999223,1.0000000000115363
-0.15,1.0306690180770846,161.44576555668382,-0.15000120686702156,-2.2789223026270095e-09,0.9999999999993616,1.0000000000098224
-0.15,1.0306690180770846,162.94098371889282,-0.15000120024276722,-1.9554712965465094e-09,0.9999999999994792,1.0000000000083498
-0.15,1.0306690180770846,164.4500497348682,-0.1500011944713243,-1.6780227041082053e-09,0.9999999999995772,1.0000000000070872
-0.15,1.0306690180770846,165.97309185549548,-0.15000118944246202,-1.4404137874351236e-09,0.9999999999996562,1.000000000006006
-0.15,1.0306690180770846,167.5102395194472,-0.15000118506012697,-1.2372526512789915e-09,0.9999999999997176,1.0000000000050826
-0.15,1.0306690180770846,169.06162336418203,-0.15000118124073486,-1.063828929153816e-09,0.9999999999997613,1.0000000000042941
-0.15,1.0306690180770846,170.6273752370482,-0.15000117791164155,-9.160339213299635e-10,0.9999999999997888,1.0000000000036227
-0.15,1.0306690180770846,172.20762820648835,-0.15000117500977656,-7.902892565064838e-10,0.9999999999998009,1.000000000003052
-0.15,1.0306690180770846,173.80251657334924,-0.1500011724804245,-6.83483320428146e-10,0.9999999999997988,1.0000000000025682
-0.15,1.0306690180770846,175.41217588229446,-0.15000117027614132,-5.929146650734814e-10,0.9999999999997815,1.0000000000021583
-0.15,1.0306690180770846,177.0367429333253,-0.15000116835579225,-5.162417250465123e-10,0.9999999999997515,1.0000000000018119
-0.15,1.0306690180770846,178.67635579340572,-0.15000116668370078,-4.5143822511926745e-10,0.9999999999997092,1.0000000000015201
-0.15,1.0306690180770846,180.33115380819694,-0.15000116522889753,-3.967536811769254e-10,0.9999999999996555,1.0000000000012748
-0.15,1.0306690180770846,182.00127761389967,-0.1500011639644593,-3.506784809527397e-10,0.9999999999995908,1.000000000001068
-0.15,1.0306690180770846,183.68686914920713,-0.1500011628669301,-3.1191306628991906e-10,0.9999999999995168,1.0000000000008953
-0.15,1.0306690180770846,185.38807166736675,-0.1500011619158149,-2.793407710390014e-10,0.999999999999435,1.000000000000751
-0.15,1.0306690180770846,187.10502974835543,-0.1500011610931395,-2.5200392589027854e-10,0.9999999999993464,1.0000000000006308
-0.15,1.0306690180770846,188.83788931116757,-0.15000116038306935,-2.290828705796923e-10,0.999999999999251,1.0000000000005302
-0.15,1.0306690180770846,190.58679762621514,-0.15000115977158138,-2.098775452386024e-10,0.999999999999152,1.0000000000004474
-0.15,1.0306690180770846,192.35190332784438,-0.15000115924618204,-1.9379137154543561e-10,0.9999999999990489,1.0000000000003784
-0.15,1.0306690180770846,194.13335642696757,-0.1500011587956679,-1.8031716696282193e-10,0.9999999999989434,1.0000000000003213
-0.15,1.0306690180770846,195.93130832381254,-0.15000115840992276,-1.6902483094310045e-10,0.9999999999988374,1.000000000000274
-0.15,1.0306690180770846,197.74591182078862,-0.15000115807974768,-1.5955063148914275e-10,0.999999999998732,1.0000000000002343
-0.15,1.0306690180770846,199.5773211354742,-0.15000115779671977,-1.5158786518063003e-10,0.9999999999986275,1.000000000000202
-0.15,1.0306690180770846,201.42569191372198,-0.15000115755307591,-1.4487874934253217e-10,0.9999999999985255,1.0000000000001754
-0.15,1.0306690180770846,203.29118124288746,-0.15000115734161856,-1.3920737001366688e-10,0.9999999999984283,1.0000000000001525
-0.15,1.0306690180770846,205.1739476651793,-0.15000115715564044,-1.3439358149087876e-10,0.9999999999983348,1.000000000000134
-0.15,1.0306690180770846,207.07415119113296,-0.15000115698886568,-1.302877190533832e-10,0.9999999999982475,1.000000000000118
-0.15,1.0306690180770846,208.99195331321022,-0.15000115683540452,-1.267660260492226e-10,0.9999999999981667,1.0000000000001044
-0.15,1.0306690180770846,210.92751701952352,-0.15000115668972006,-1.2372671331327323e-10,0.9999999999980933,1.000000000000093
-0.15,1.0306690180770846,212.88100680768738,-0.15000115654660487,-1.2108654036325203e-10,0.9999999999980276,1.0000000000000824
-0.15,1.0306690180770846,214.8525886987991,-0.15000115640116526,-1.1877789551241033e-10,0.9999999999979715,1.0000000000000735
-0.15,1.0306690180770846,216.84243025154836,-0.1500011562488123,-1.167462612658865e-10,0.9999999999979235,1.000000000000065
-0.15,1.0306690180770846,218.85070057645706,-0.15000115608525824,-1.149480546095832e-10,0.9999999999978854,1.0000000000000575
-0.15,1.0306690180770846,220.87757035025237,-0.15000115590651608,-1.133487586518845e-10,0.9999999999978575,1.0000000000000502
-0.15,1.0306690180770846,222.92321183037146,-0.15000115570890288,-1.1192133653032454e-10,0.9999999999978394,1.0000000000000435
-0.15,1.0306690180770846,224.9877988696007,-0.15000115548904389,-1.106448593980543e-10,0.9999999999978311,1.000000000000037
-0.15,1.0306690180770846,227.07150693085165,-0.1500011552438791,-1.0950334894808893e-10,0.9999999999978333,1.0000000000000309
-0.15,1.0306690180770846,229.17451310207272,-0.15000115497066888,-1.0848478757109901e-10,0.9999999999978451,1.0000000000000246
-0.15,1.0306690180770846,231.29699611129922,-0.15000115466699998,-1.0758027463085844e-10,0.9999999999978665,1.000000000000019
-0.15,1.0306690180770846,233.4391363418438,-0.15000115433079078,-1.0678331727012131e-10,0.9999999999978973,1.0000000000000129
-0.15,1.0306690180770846,235.60111584762504,-0.15000115396029526,-1.0608923173999056e-10,0.9999999999979372,1.0000000000000073
-0.15,1.0306690180770846,237.78311836864148,-0.15000115355410534,-1.0549464159832781e-10,0.9999999999979858,1.0000000000000018
-0.15,1.0306690180770846,239.98532934658564,-0.15000115311115228,-1.0499706047718654e-10,0.9999999999980423,0.9999999999999968
-0.15,1.0306690180770846,242.20793594060487,-0.15000115263070465,-1.0459454735911068e-10,0.9999999999981062,0.9999999999999915
-0.15,1.0306690180770846,244.4511270432073,-0.15000115211236567,-1.0428542573871376e-10,0.9999999999981766,0.9999999999999865
-0.15,1.0306690180770846,246.71509329631496,-0.15000115155606772,-1.0406805805002482e-10,0.9999999999982531,0.9999999999999822
-0.15,1.0306690180770846,249.00002710746668,-0.15000115096206443,-1.0394066685754352e-10,0.999999999998335,0.9999999999999776
-0.15,1.0306690180770846,251.3061226661696,-0.15000115033092135,-1.0390119688211889e-10,0.999999999998421,0.9999999999999736
-0.15,1.0306690180770846,253.6335759604023,-0.15000114966350386,-1.0394721652843608e-10,0.9999999999985109,0.9999999999999698
-0.15,1.0306690180770846,255.98258479327197,-0.1500011489609631,-1.040758408716441e-10,0.9999999999986037,0.9999999999999665
-0.15,1.0306690180770846,258.3533487998248,-0.15000114822472035,-1.0428369669484993e-10,0.9999999999986982,0.9999999999999633
-0.15,1.0306690180770846,260.7460694640121,-0.15000114745644944,-1.0456689390061474e-10,0.999999999998794,0.9999999999999609
-0.15,1.0306690180770846,263.1609501358149,-0.15000114665805725,-1.0492102555540135e-10,0.9999999999988901,0.9999999999999589
-0.15,1.0306690180770846,265.59819604852424,-0.1500011458316633,-1.0534118316679944e-10,0.9999999999989855,0.999999999999957
-0.15,1.0306690180770846,268.0580143361851,-0.15000114497957756,-1.0582198611981054e-10,0.9999999999990794,0.9999999999999554
-0.15,1.0306690180770846,270.5406140511989,-0.15000114410427776,-1.0635761872895756e-10,0.9999999999991711,0.9999999999999545
-0.15,1.0306690180770846,273.0462061820903,-0.1500011432083853,-1.0694187901180594e-10,0.9999999999992608,0.9999999999999539
-0.15,1.0306690180770846,275.57500367143905,-0.1500011422946409,-1.0756823596078856e-10,0.9999999999993461,0.9999999999999538
-0.15,1.0306690180770846,278.1272214339776,-0.1500011413658795,-1.0822989329984955e-10,0.999999999999428,0.9999999999999543
-0.15,1.0306690180770846,280.7030763748543,-0.15000114042500565,-1.0891984541174068e-10,0.9999999999995046,0.9999999999999553
-0.15,1.0306690180770846,283.30278740807006,-0.1500011394749677,-1.0963095618261621e-10,0.9999999999995755,0.9999999999999559
-0.15,1.0306690180770846,285.9265754750807,-0.15000113851873353,-1.1035602001339542e-10,0.9999999999996411,0.9999999999999577
-0.15,1.0306690180770846,288.57466356357577,-0.15000113755926558,-1.1108783171186677e-10,0.9999999999997,0.9999999999999594
-0.15,1.0306690180770846,291.24727672642865,-0.1500011365994973,-1.1181925730898375e-10,0.9999999999997526,0.9999999999999616
-0.15,1.0306690180770846,293.94464210082356,-0.15000113564230927,-1.1254329153641364e-10,0.9999999999997977,0.9999999999999638
-0.15,1.0306690180770846,296.6669889275594,-0.1500011346905077,-1.132531316409121e-10,0.9999999999998357,0.9999999999999666
-0.15,1.0306690180770846,299.4145485705322,-0.15000113374680257,-1.1394222629823867e-10,0.9999999999998663,0.9999999999999696
-0.15,1.0306690180770846,302.18755453639716,-0.150001132813788,-1.1460433393048758e-10,0.9999999999998893,0.9999999999999727
-0.15,1.0306690180770846,304.9862424944146,-0.15000113189392325,-1.152335748124547e-10,0.9999999999999042,0.9999999999999762
-0.15,1.0306690180770846,307.81085029647846,-0.15000113098951545,-1.1582447577656279e-10,0.9999999999999118,0.9999999999999796
-0.15,1.0306690180770846,310.6616179973303,-0.1500011301027039,-1.1637200610280379e-10,0.9999999999999112,0.9999999999999829
-0.15,1.0306690180770846,313.5387878749621,-0.1500011292354458,-1.1687161782612025e-10,0.9999999999999032,0.999999999999987
-0.15,1.0306690180770846,316.44260445120455,-0.15000112838950364,-1.1731927134105095e-10,0.9999999999998878,0.9999999999999906
-0.15,1.0306690180770846,319.3733145125105,-0.15000112756643458,-1.1771145938342106e-10,0.999999999999865,0.9999999999999946
-0.15,1.0306690180770846,322.3311671309267,-0.15000112676758087,-1.1804522432617487e-10,0.9999999999998349,0.9999999999999981
-0.15,1.0306690180770846,325.31641368526283,-0.15000112599406312,-1.1831816976616716e-10,0.9999999999997988,1.0000000000000022
-0.15,1.0306690180770846,328.32930788245454,-0.15000112524677395,-1.1852846684813264e-10,0.999999999999756,1.000000000000006
-0.15,1.0306690180770846,331.37010577912685,-0.15000112452637468,-1.1867485520302914e-10,0.9999999999997063,1.0000000000000093
-0.15,1.0306690180770846,334.4390658033531,-0.15000112383329292,-1.1875663865050564e-10,0.9999999999996518,1.0000000000000124
-0.15,1.0306690180770846,337.53644877662083,-0.1500011231677221,-1.187736759789355e-10,0.9999999999995919,1.000000000000016
-0.15,1.0306690180770846,340.66251793599554,-0.1500011225296227,-1.187263666304023e-10,0.9999999999995269,1.0000000000000193
-0.15,1.0306690180770846,343.81753895649405,-0.1500011219187248,-1.1861563370295357e-10,0.9999999999994583,1.0000000000000222
-0.15,1.0306690180770846,347.00177997366285,-0.15000112133453275,-1.1844290082979608e-10,0.9999999999993856,1.000000000000025
-0.15,1.0306690180770846,350.2155116063659,-0.15000112077633038,-1.1821006757873525e-10,0.9999999999993102,1.000000000000028
-0.15,1.0306690180770846,353.4590069797847,-0.1500011202431885,-1.1791947936187532e-10,0.9999999999992313,1.00000000000003
-0.15,1.0306690180770846,356.73254174862967,-0.15000111973397295,-1.1757389800924328e-10,0.9999999999991511,1.0000000000000326
-0.15,1.0306690180770846,360.0363941205664,-0.15000111924735415,-1.1717646701490366e-10,0.9999999999990685,1.0000000000000342
-0.15,1.0306690180770846,363.37084487986095,-0.15000111878181804,-1.167306727802061e-10,0.9999999999989853,1.000000000000036
-0.15,1.0306690180770846,366.73617741124224,-0.1500011183356772,-1.1624031375560101e-10,0.9999999999989013,1.000000000000037
-0.15,1.0306690180770846,370.13267772398575,-0.15000111790708373,-1.1570945366801777e-10,0.9999999999988176,1.0000000000000384
-0.15,1.0306690180770846,373.5606344762222,-0.1500011174940421,-1.1514238933172369e-10,0.9999999999987339,1.0000000000000395
-0.15,1.0306690180770846,377.02033899946696,-0.15000111709442338,-1.1454360735748654e-10,0.9999999999986521,1.0000000000000402
-0.15,1.0306690180770846,380.5120853233824,-0.1500011167059794,-1.1391774338326463e-10,0.9999999999985707,1.0000000000000404
-0.15,1.0306690180770846,384.03617020076405,-0.15000111632635796,-1.1326954666057357e-10,0.999999999998492,1.0000000000000404
-0.15,1.0306690180770846,387.5928931327621,-0.1500011159531176,-1.126038321084492e-10,0.9999999999984155,1.0000000000000402
-0.15,1.0306690180770846,391.18255639433437,-0.15000111558374352,-1.1192545436134794e-10,0.9999999999983415,1.00000000000004
-0.15,1.0306690180770846,394.8054650599374,-0.15000111521566284,-1.1123925866391236e-10,0.9999999999982719,1.0000000000000393
-0.15,1.0306690180770846,398.4619270294508,-0.1500011148462602,-1.1055005266483799e-10,0.9999999999982047,1.0000000000000382
-0.15,1.0306690180770846,402.15225305434814,-0.15000111447289338,-1.0986257286365246e-10,0.9999999999981419,1.0000000000000373
-0.15,1.0306690180770846,405.87675676410373,-0.1500011140929087,-1.0918144382856006e-10,0.9999999999980833,1.0000000000000362
-0.15,1.0306690180770846,409.6357546928489,-0.15000111370365585,-1.085111557605634e-10,0.9999999999980295,1.0000000000000344
-0.15,1.0306690180770846,413.4295663062725,-0.1500011133025031,-1.078560337793816e-10,0.9999999999979797,1.0000000000000329
-0.15,1.0306690180770846,417.25851402877123,-0.15000111288685117,-1.0722021378040165e-10,0.9999999999979355,1.000000000000031
-0.15,1.0306690180770846,421.12292327085265,-0.15000111245414746,-1.06607611630942e-10,0.9999999999978961,1.000000000000029
-0.15,1.0306690180770846,425.02312245678996,-0.150001112001899,-1.060219108003444e-10,0.9999999999978625,1.000000000000027
-0.15,1.0306690180770846,428.95944305253283,-0.15000111152768558,-1.05466537856369e-10,0.9999999999978342,1.0000000000000246
-0.15,1.0306690180770846,432.9322195938791,-0.15000111102917138,-1.0494464724602885e-10,0.9999999999978118,1.0000000000000222
-0.15,1.0306690180770846,436.9417897149054,-0.1500011105041166,-1.0445910835848193e-10,0.9999999999977942,1.00000000000002
-0.15,1.0306690180770846,440.98849417666133,-0.15000110995038754,-1.0401249375313803e-10,0.999999999997783,1.0000000000000173
-0.15,1.0306690180770846,445.0726768961314,-0.15000110936596692,-1.0360706805731403e-10,0.9999999999977767,1.0000000000000149
-0.15,1.0306690180770846,449.19468497546023,-0.15000110874896236,-1.0324478618056409e-10,0.9999999999977761,1.0000000000000122
-0.15,1.0306690180770846,453.3548687314555,-0.15000110809761458,-1.0292728275141779e-10,0.9999999999977816,1.0000000000000093
-0.15,1.0306690180770846,457.55358172535705,-0.15000110741030453,-1.0265587530291195e-10,0.9999999999977919,1.0000000000000069
-0.15,1.0306690180770846,461.7911807928867,-0.15000110668556,-1.0243156303181731e-10,0.9999999999978076,1.000000000000004
-0.15,1.0306690180770846,466.0680260745743,-0.1500011059220604,-1.0225502791490033e-10,0.9999999999978284,1.0000000000000018
-0.15,1.0306690180770846,470.3844810463644,-0.15000110511864193,-1.0212664055513152e-10,0.9999999999978544,0.999999999999999
-0.15,1.0306690180770846,474.7409125505084,-0.15000110427430072,-1.0204646518509209e-10,0.999999999997885,0.9999999999999968
-0.15,1.0306690180770846,479.1376908267404,-0.15000110338819583,-1.0201426840686831e-10,0.9999999999979204,0.9999999999999943
-0.15,1.0306690180770846,483.57518954374194,-0.15000110245965093,-1.020295284002157e-10,0.9999999999979597,0.9999999999999916
-0.15,1.0306690180770846,488.0537858309,-0.15000110148815538,-1.0209144565216263e-10,0.9999999999980033,0.9999999999999895
-0.15,1.0306690180770846,492.5738603103579,-0.15000110047336437,-1.0219895598346601e-10,0.9999999999980511,0.9999999999999873
-0.15,1.0306690180770846,497.1357971293627,-0.15000109941509834,-1.0235074298181152e-10,0.9999999999981023,0.9999999999999851
-0.15,1.0306690180770846,501.7399839929145,-0.15000109831334132,-1.0254525441052958e-10,0.9999999999981566,0.999999999999983
-0.15,1.0306690180770846,506.3868121967132,-0.15000109716823906,-1.0278071459994093e-10,0.999999999998214,0.9999999999999813
-0.15,1.0306690180770846,511.0766766604169,-0.15000109598009556,-1.0305514402551135e-10,0.9999999999982739,0.9999999999999793
-0.15,1.0306690180770846,515.809975961202,-0.15000109474937026,-1.0336637482225404e-10,0.9999999999983363,0.9999999999999779
-0.15,1.0306690180770846,520.5871123676386,-0.15000109347667295,-1.0371206638069677e-10,0.9999999999984012,0.9999999999999764
-0.15,1.0306690180770846,525.4084918738774,-0.15000109216275945,-1.0408972733047807e-10,0.9999999999984672,0.999999999999975
-0.15,1.0306690180770846,530.2745242341559,-0.15000109080852597,-1.044967301762959e-10,0.9999999999985353,0.9999999999999738
-0.15,1.0306690180770846,535.1856229976182,-0.15000108941500326,-1.0493032898558547e-10,0.9999999999986042,0.9999999999999728
-0.15,1.0306690180770846,540.1422055434659,-0.15000108798334982,-1.0538768141071535e-10,0.9999999999986742,0.9999999999999719
-0.15,1.0306690180770846,545.1446931164259,-0.1500010865148457,-1.0586586254147029e-10,0.9999999999987446,0.9999999999999709
-0.15,1.0306690180770846,550.1935108625528,-0.15000108501088436,-1.0636188611544567e-10,0.9999999999988151,0.9999999999999706
-0.15,1.0306690180770846,555.2890878653604,-0.15000108347296578,-1.0687271761230742e-10,0.9999999999988854,0.9999999999999702
-0.15,1.0306690180770846,560.4318571822878,-0.15000108190268827,-1.0739529953401936e-10,0.9999999999989557,0.9999999999999698
-0.15,1.0306690180770846,565.6222558815047,-0.15000108030174006,-1.0792655928020096e-10,0.9999999999990249,0.9999999999999697
-0.15,1.0306690180770846,570.8607250790558,-0.1500010786718913,-1.084634288657252e-10,0.9999999999990935,0.9999999999999697
-0.15,1.0306690180770846,576.1477099763489,-0.15000107701498516,-1.0900286341064358e-10,0.9999999999991608,0.9999999999999697
-0.15,1.0306690180770846,581.4836598979924,-0.15000107533292942,-1.0954185258965206e-10,0.9999999999992265,0.9999999999999698
-0.15,1.0306690180770846,586.8690283299819,-0.1500010736276876,-1.1007743314652137e-10,0.9999999999992907,0.9999999999999706
-0.15,1.0306690180770846,592.3042729582397,-0.15000107190126988,-1.1060671139386937e-10,0.9999999999993527,0.9999999999999709
-0.15,1.0306690180770846,597.7898557075149,-0.15000107015572464,-1.1112686255650114e-10,0.9999999999994127,0.9999999999999711
-0.15,1.0306690180770846,603.3262427806361,-0.15000106839312957,-1.1163515251141278e-10,0.9999999999994704,0.9999999999999724
-0.15,1.0306690180770846,608.913904698138,-0.1500010666155827,-1.121289478003806e-10,0.9999999999995257,0.9999999999999731
-0.15,1.0306690180770846,614.5533163382452,-0.15000106482519412,-1.1260571926837949e-10,0.9999999999995778,0.9999999999999739
-0.15,1.0306690180770846,620.2449569772324,-0.15000106302407726,-1.1306305856235676e-10,0.9999999999996273,0.999999999999975
-0.15,1.0306690180770846,625.9893103301563,-0.15000106121434043,-1.1349868333755127e-10,0.9999999999996736,0.9999999999999762
-0.15,1.0306690180770846,631.7868645919671,-0.15000105939807923,-1.1391044282487323e-10,0.9999999999997166,0.9999999999999775
-0.15,1.0306690180770846,637.638112478994,-0.15000105757736795,-1.1429632707010059e-10,0.9999999999997564,0.9999999999999787
-0.15,1.0306690180770846,643.5435512708254,-0.15000105575425238,-1.1465447322454216e-10,0.9999999999997929,0.9999999999999803
-0.15,1.0306690180770846,649.5036828525664,-0.15000105393074228,-1.1498316463134907e-10,0.9999999999998261,0.9999999999999816
-0.15,1.0306690180770846,655.5190137574945,-0.15000105210880416,-1.1528084187988686e-10,0.9999999999998553,0.9999999999999835
-0.15,1.0306690180770846,661.5900552101086,-0.15000105029035452,-1.1554609983856768e-10,0.999999999999881,0.999999999999985
-0.15,1.0306690180770846,667.7173231695753,-0.15000104847725354,-1.157776936086631e-10,0.999999999999903,0.9999999999999865
-0.15,1.0306690180770846,673.9013383735801,-0.1500010466712988,-1.1597453742672744e-10,0.9999999999999212,0.9999999999999879
-0.15,1.0306690180770846,680.1426263825831,-0.15000104487421945,-1.161357063659129e-10,0.999999999999936,0.9999999999999897
-0.15,1.0306690180770846,686.4417176244827,-0.15000104308767082,-1.1626043485123477e-10,0.9999999999999469,0.9999999999999915
-0.15,1.0306690180770846,692.7991474396972,-0.15000104131322953,-1.1634811794554014e-10,0.9999999999999541,0.9999999999999931
-0.15,1.0306690180770846,699.215456126661,-0.15000103955238864,-1.1639830679393707e-10,0.9999999999999578,0.9999999999999947
-0.15,1.0306690180770846,705.6911889877423,-0.1500010378065534,-1.1641070911517643e-10,0.9999999999999571,0.9999999999999964
-0.15,1.0306690180770846,712.2268963755895,-0.1500010360770375,-1.1638518454541927e-10,0.9999999999999537,0.9999999999999982
-0.15,1.0306690180770846,718.8231337398989,-0.15000103436505938,-1.1632174109559484e-10,0.9999999999999464,0.9999999999999999
-0.15,1.0306690180770846,725.4804616746267,-0.15000103267173923,-1.162205325903454e-10,0.9999999999999356,1.0000000000000013
-0.15,1.0306690180770846,732.1994459656265,-0.15000103099809628,-1.1608185322730129e-10,0.9999999999999212,1.000000000000003
-0.15,1.0306690180770846,738.9806576387373,-0.15000102934504655,-1.1590613264034162e-10,0.9999999999999042,1.0000000000000049
-0.15,1.0306690180770846,745.8246730083114,-0.15000102771340065,-1.1569393111238704e-10,0.9999999999998829,1.0000000000000064
-0.15,1.0306690180770846,752.7320737261965,-0.1500010261038625,-1.1544593360608907e-10,0.9999999999998589,1.000000000000008
-0.15,1.0306690180770846,759.7034468311634,-0.15000102451702824,-1.151629440019283e-10,0.9999999999998321,1.0000000000000093
-0.15,1.0306690180770846,766.7393847988028,-0.15000102295338485,-1.1484587870006999e-10,0.9999999999998026,1.0000000000000109
-0.15,1.0306690180770846,773.8404855918722,-0.15000102141331034,-1.1449576042137474e-10,0.99999999999977,1.0000000000000122
-0.15,1.0306690180770846,781.0073527111184,-0.15000101989707332,-1.1411371107333289e-10,0.9999999999997348,1.0000000000000138
-0.15,1.0306690180770846,788.2405952465664,-0.15000101840483324,-1.1370094548097199e-10,0.9999999999996976,1.0000000000000149
-0.15,1.0306690180770846,795.5408279292831,-0.15000101693664109,-1.1325876441240174e-10,0.9999999999996576,1.0000000000000162
-0.15,1.0306690180770846,802.9086711836236,-0.15000101549243994,-1.1278854683032384e-10,0.9999999999996155,1.0000000000000175
-0.15,1.0306690180770846,810.3447511799583,-0.15000101407206679,-1.1229174353561846e-10,0.9999999999995713,1.0000000000000189
-0.15,1.0306690180770846,817.8496998878867,-0.15000101267525315,-1.1176987003667603e-10,0.9999999999995256,1.0000000000000198
-0.15,1.0306690180770846,825.4241551299497,-0.1500010113016275,-1.1122449861959735e-10,0.9999999999994776,1.0000000000000209
-0.15,1.0306690180770846,833.0687606358348,-0.150001009950717,-1.1065725210109816e-10,0.9999999999994286,1.0000000000000215
-0.15,1.0306690180770846,840.7841660970844,-0.1500010086219498,-1.1006979739072097e-10,0.9999999999993776,1.0000000000000224
-0.15,1.0306690180770846,848.5710272223139,-0.15000100731465738,-1.0946383596793646e-10,0.9999999999993259,1.000000000000023
-0.15,1.0306690180770846,856.4300057929329,-0.15000100602807745,-1.0884110069577005e-10,0.9999999999992732,1.0000000000000242
-0.15,1.0306690180770846,864.3617697193946,-0.15000100476135697,-1.0820334497937913e-10,0.999999999999219,1.0000000000000246
-0.15,1.0306690180770846,872.3669930979535,-0.15000100351355494,-1.075523415392835e-10,0.9999999999991646,1.0000000000000253
-0.15,1.0306690180770846,880.4463562679581,-0.15000100228364566,-1.0688986939173378e-10,0.999999999999109,1.0000000000000255
-0.15,1.0306690180770846,888.6005458696701,-0.1500010010705227,-1.062177145789068e-10,0.9999999999990534,1.0000000000000264
-0.15,1.0306690180770846,896.8302549026189,-0.15000099987300183,-1.0553765810744782e-10,0.9999999999989976,1.0000000000000264
-0.15,1.0306690180770846,905.1361827845002,-0.15000099868982505,-1.0485147484397599e-10,0.9999999999989413,1.0000000000000269
-0.15,1.0306690180770846,913.5190354106156,-0.1500009975196643,-1.0416092475795668e-10,0.9999999999988854,1.0000000000000269
-0.15,1.0306690180770846,921.9795252138629,-0.1500009963611257,-1.0346774899045788e-10,0.999999999998829,1.0000000000000273
-0.15,1.0306690180770846,930.5183712252855,-0.15000099521275306,-1.0277366708342736e-10,0.9999999999987736,1.0000000000000275
-0.15,1.0306690180770846,939.1362991351807,-0.1500009940730322,-1.0208036575253719e-10,0.9999999999987181,1.0000000000000273
-0.15,1.0306690180770846,947.8340413547725,-0.15000099294039518,-1.0138950094868013e-10,0.9999999999986634,1.0000000000000273
-0.15,1.0306690180770846,956.6123370784595,-0.15000099181322435,-1.0070269180011739e-10,0.9999999999986097,1.000000000000027
-0.15,1.0306690180770846,965.4719323466358,-0.15000099068985667,-1.0002151369100104e-10,0.9999999999985565,1.000000000000027
-0.15,1.0306690180770846,974.4135801090915,-0.15000098956858776,-9.934749831197259e-11,0.9999999999985043,1.0000000000000266
-0.15,1.0306690180770846,983.4380402890077,-0.15000098844767631,-9.868212860543801e-11,0.9999999999984529,1.0000000000000264
-0.15,1.0306690180770846,992.5460798475383,-0.15000098732534842,-9.802683468359806e-11,0.9999999999984034,1.000000000000026
-0.15,1.0306690180770846,1001.7384728489908,-0.15000098619980146,-9.738299402343239e-11,0.9999999999983545,1.0000000000000258
-0.15,1.0306690180770846,1011.0160005266158,-0.15000098506920864,-9.675192347803568e-11,0.9999999999983069,1.000000000000025
-0.15,1.0306690180770846,1020.3794513489946,-0.150000983931723,-9.613488267010061e-11,0.999999999998261,1.0000000000000244
-0.15,1.0306690180770846,1029.8296210870567,-0.15000098278548143,-9.553307063219113e-11,0.9999999999982169,1.000000000000024
-0.15,1.0306690180770846,1039.3673128817031,-0.15000098162860903,-9.494761929365965e-11,0.9999999999981738,1.0000000000000233
-0.15,1.0306690180770846,1048.993337312066,-0.150000980459223,-9.4379598146804e-11,0.9999999999981327,1.0000000000000229
-0.15,1.0306690180770846,1058.7085124643972,-0.15000097927543618,-9.383000945679581e-11,0.9999999999980935,1.0000000000000218
-0.15,1.0306690180770846,1068.5136640015942,-0.15000097807536167,-9.32997888535378e-11,0.9999999999980563,1.0000000000000213
-0.15,1.0306690180770846,1078.4096252333723,-0.15000097685711583,-9.278980209485567e-11,0.9999999999980205,1.0000000000000209
-0.15,1.0306690180770846,1088.3972371870843,-0.15000097561882242,-9.230084728641668e-11,0.9999999999979868,1.0000000000000198
-0.15,1.0306690180770846,1098.4773486791944,-0.15000097435861612,-9.183365340708234e-11,0.9999999999979556,1.000000000000019
-0.15,1.0306690180770846,1108.650816387419,-0.15000097307464594,-9.138887930398952e-11,0.9999999999979259,1.000000000000018
-0.15,1.0306690180770846,1118.9185049235327,-0.15000097176507854,-9.09671147780502e-11,0.9999999999978985,1.0000000000000173
-0.15,1.0306690180770846,1129.2812869068487,-0.1500009704281015,-9.056888077909343e-11,0.9999999999978733,1.0000000000000162
-0.15,1.0306690180770846,1139.740043038382,-0.1500009690619266,-9.019462968669062e-11,0.9999999999978502,1.0000000000000153
-0.15,1.0306690180770846,1150.2956621756925,-0.15000096766479273,-8.984474529928124e-11,0.999999999997829,1.0000000000000147
-0.15,1.0306690180770846,1160.9490414084332,-0.15000096623496864,-8.951954507457698e-11,0.9999999999978102,1.0000000000000135
-0.15,1.0306690180770846,1171.7010861345848,-0.15000096477075603,-8.921927909161998e-11,0.9999999999977933,1.000000000000012
-0.15,1.0306690180770846,1182.5527101374053,-0.15000096327049203,-8.894413372150506e-11,0.9999999999977789,1.000000000000011
-0.15,1.0306690180770846,1193.5048356630894,-0.15000096173255167,-8.869422954031733e-11,0.9999999999977669,1.0000000000000107
-0.15,1.0306690180770846,1204.55839349915,-0.1500009601553501,-8.846962561191723e-11,0.9999999999977566,1.0000000000000098
-0.15,1.0306690180770846,1215.7143230535173,-0.15000095853734527,-8.8270320369881e-11,0.9999999999977488,1.0000000000000087
-0.15,1.0306690180770846,1226.9735724343827,-0.15000095687703976,-8.809625151376564e-11,0.9999999999977429,1.0000000000000078
-0.15,1.0306690180770846,1238.33709853077,-0.1500009551729828,-8.794729929669931e-11,0.9999999999977391,1.0000000000000069
-0.15,1.0306690180770846,1249.8058670938608,-0.15000095342377182,-8.782328855929057e-11,0.9999999999977377,1.000000000000006
-0.15,1.0306690180770846,1261.3808528190714,-0.150000951628055,-8.772398930669907e-11,0.9999999999977379,1.0000000000000044
-0.15,1.0306690180770846,1273.0630394288874,-0.1500009497845318,-8.764911942651596e-11,0.9999999999977409,1.0000000000000042
-0.15,1.0306690180770846,1284.8534197564702,-0.15000094789195517,-8.759834664650536e-11,0.9999999999977457,1.0000000000000029
-0.15,1.0306690180770846,1296.7529958300336,-0.1500009459491325,-8.757129076249722e-11,0.9999999999977522,1.000000000000002
-0.15,1.0306690180770846,1308.7627789579997,-0.150000943954927,-8.7567525172151e-11,0.9999999999977609,1.000000000000001
-0.15,1.0306690180770846,1320.883789814951,-0.15000094190825858,-8.758657965775504e-11,0.9999999999977714,1.0000000000000004
-0.15,1.0306690180770846,1333.1170585283726,-0.15000093980810492,-8.762794214363238e-11,0.9999999999977839,0.9999999999999992
-0.15,1.0306690180770846,1345.4636247661995,-0.1500009376535023,-8.769106125939706e-11,0.999999999997798,0.9999999999999981
-0.15,1.0306690180770846,1357.924537825179,-0.15000093544354617,-8.777534828738857e-11,0.9999999999978143,0.9999999999999977
-0.15,1.0306690180770846,1370.500856720038,-0.15000093317739174,-8.788017961888055e-11,0.9999999999978322,0.9999999999999969
-0.15,1.0306690180770846,1383.1936502734964,-0.1500009308542544,-8.800489897533902e-11,0.9999999999978514,0.9999999999999957
-0.15,1.0306690180770846,1396.0039972070938,-0.15000092847341046,-8.814881933908328e-11,0.9999999999978727,0.9999999999999952
-0.15,1.0306690180770846,1408.9329862328714,-0.15000092603419676,-8.831122596552767e-11,0.9999999999978954,0.9999999999999944
-0.15,1.0306690180770846,1421.9817161458968,-0.1500009235360113,-8.849137763320018e-11,0.9999999999979197,0.9999999999999938
-0.15,1.0306690180770846,1435.1512959176512,-0.150000920978313,-8.868850966900372e-11,0.9999999999979453,0.999999999999993
-0.15,1.0306690180770846,1448.4428447902692,-0.15000091836062154,-8.890183595410481e-11,0.9999999999979718,0.9999999999999919
-0.15,1.0306690180770846,1461.8574923716699,-0.1500009156825177,-8.9130550696771e-11,0.9999999999980002,0.9999999999999916
-0.15,1.0306690180770846,1475.3963787315492,-0.15000091294364243,-8.937383085732192e-11,0.9999999999980299,0.9999999999999911
-0.15,1.0306690180770846,1489.0606544982772,-0.15000091014369699,-8.963083892863367e-11,0.9999999999980606,0.9999999999999902
-0.15,1.0306690180770846,1502.8514809566846,-0.15000090728244223,-8.990072322062825e-11,0.9999999999980924,0.99999999999999
-0.15,1.0306690180770846,1516.7700301467542,-0.1500009043596982,-9.018262187404514e-11,0.9999999999981255,0.999999999999989
-0.15,1.0306690180770846,1530.8174849632353,-0.15000090137534353,-9.047566364292692e-11,0.9999999999981594,0.9999999999999887
-0.15,1.0306690180770846,1544.9950392561707,-0.15000089832931493,-9.077897063857081e-11,0.9999999999981944,0.999999999999988
-0.15,1.0306690180770846,1559.3038979323546,-0.15000089522160578,-9.109165906998066e-11,0.9999999999982296,0.9999999999999875
-0.15,1.0306690180770846,1573.7452770577393,-0.1500008920522663,-9.141284156165931e-11,0.9999999999982663,0.9999999999999873
-0.15,1.0306690180770846,1588.3204039607824,-0.15000088882140197,-9.174162960740291e-11,0.9999999999983036,0.999999999999987
-0.15,1.0306690180770846,1603.0305173367537,-0.15000088552917265,-9.207713533638587e-11,0.9999999999983408,0.9999999999999863
-0.15,1.0306690180770846,1617.8768673530133,-0.15000088217579202,-9.24184712931894e-11,0.9999999999983797,0.9999999999999861
-0.15,1.0306690180770846,1632.8607157552478,-0.15000087876152596,-9.2764754148164e-11,0.9999999999984186,0.9999999999999859
-0.15,1.0306690180770846,1647.9833359747165,-0.15000087528669195,-9.3115104999498e-11,0.9999999999984581,0.9999999999999852
-0.15,1.0306690180770846,1663.2460132364645,-0.1500008717516576,-9.346865155913664e-11,0.9999999999984982,0.9999999999999851
-0.15,1.0306690180770846,1678.6500446685554,-0.15000086815683966,-9.382452940782894e-11,0.9999999999985381,0.9999999999999849
-0.15,1.0306690180770846,1694.1967394123092,-0.15000086450270267,-9.418188280602514e-11,0.9999999999985785,0.9999999999999846
-0.15,1.0306690180770846,1709.8874187335668,-0.15000086078975766,-9.453986624685235e-11,0.9999999999986192,0.9999999999999845
-0.15,1.0306690180770846,1725.7234161349695,-0.15000085701856106,-9.489764587338887e-11,0.99999999999866,0.9999999999999843
-0.15,1.0306690180770846,1741.706077469303,-0.15000085318971332,-9.525440114128482e-11,0.9999999999987007,0.9999999999999842
-0.15,1.0306690180770846,1757.8367610538646,-0.15000084930385743,-9.56093248096445e-11,0.9999999999987419,0.9999999999999841
-0.15,1.0306690180770846,1774.1168377859105,-0.1500008453616775,-9.59616231090334e-11,0.9999999999987829,0.999999999999984
-0.15,1.0306690180770846,1790.547691259161,-0.15000084136389774,-9.631052118559376e-11,0.9999999999988235,0.999999999999984
-0.15,1.0306690180770846,1807.1307178813868,-0.1500008373112807,-9.665525806187466e-11,0.9999999999988642,0.9999999999999839
-0.15,1.0306690180770846,1823.867326993091,-0.150000833204626,-9.699509140890992e-11,0.999999999998905,0.999999999999984
-0.15,1.0306690180770846,1840.7589409872808,-0.1500008290447688,-9.732929658081154e-11,0.9999999999989451,0.9999999999999841
-0.15,1.0306690180770846,1857.8069954303487,-0.15000082483257837,-9.765716802666149e-11,0.9999999999989851,0.9999999999999839
-0.15,1.0306690180770846,1875.012939184082,-0.15000082056895697,-9.7978020153226e-11,0.9999999999990244,0.9999999999999836
-0.15,1.0306690180770846,1892.378234528796,-0.1500008162548378,-9.829118837535701e-11,0.9999999999990642,0.9999999999999843
-0.15,1.0306690180770846,1909.9043572876058,-0.150000811891184,-9.859602617941809e-11,0.9999999999991027,0.9999999999999843
-0.15,1.0306690180770846,1927.592796951861,-0.15000080747898714,-9.889191122835567e-11,0.9999999999991411,0.9999999999999842
-0.15,1.0306690180770846,1945.4450568077177,-0.1500008030192656,-9.917824155842168e-11,0.9999999999991791,0.9999999999999845
-0.15,1.0306690180770846,1963.4626540639163,-0.15000079851306317,-9.945443633214285e-11,0.9999999999992165,0.999999999999985
-0.15,1.0306690180770846,1981.6471199807077,-0.15000079396144775,-9.971993818838477e-11,0.9999999999992532,0.9999999999999851
-0.15,1.0306690180770846,2000.0,-0.1500007893655098,-9.997421328502279e-11,0.9999999999992893,0.9999999999999852
-0.1,1.0302197540975435,0.0,0.0,0.0,0.0,1.0302197540975435
-0.1,1.0302197540975435,0.05,-0.0011923262291908432,0.023454639388309138,0.02973670205163577,1.0297589991763856
-0.1,1.0302197540975435,0.1,-0.004614953258554448,0.04462980303913398,0.05935904694053061,1.0292982671136957
-0.1,1.0302197540975435,0.15000000000000002,-0.010046999033187974,0.06366613335159277,0.08876576602918196,1.0288376143648106
-0.1,1.0302197540975435,0.2,-0.017281412437792982,0.08069934802318239,0.1178687001152408,1.0283771306858411
-0.1,1.0302197540975435,0.25,-0.026124458550099452,0.09586007222724059,0.14659160407332525,1.0279169356118374
-0.1,1.0302197540975435,0.30000000000000004,-0.03639519961636568,0.10927372063465329,0.17486904352767368,1.027457175094736
-0.1,1.0302197540975435,0.35000000000000003,-0.04792497730337769,0.12106042387384737,0.2026453765920748,1.0269980182875693
-0.1,1.0302197540975435,0.4,-0.060556883511191484,0.13133499441057292,0.229873814445592,1.0265396544661984
-0.1,1.0302197540975435,0.45,-0.07414522563724053,0.14020692721230674,0.25651555512423213,1.0260822900836513
-0.1,1.0302197540975435,0.5,-0.0885549943886155,0.14778043092835022,0.28253898540852435,1.0256261459552227
-0.1,1.0302197540975435,0.55,-0.10366133812848173,0.15415448566207168,0.3079189461083499,1.025171454574818
-0.1,1.0302197540975435,0.6000000000000001,-0.11934904503873414,0.159422923737086,0.33263605641007304,1.0247184575645107
-0.1,1.0302197540975435,0.65,-0.13551203399353032,0.1636745301656091,0.3566760932679543,1.0242674032601387
-0.1,1.0302197540975435,0.7000000000000001,-0.15205285557760445,0.16699315981542578,0.38002942209960144,1.0238185444361279
-0.1,1.0302197540975435,0.75,-0.16888220505886195,0.1694578685421699,0.40269047529048524,1.0233721361726793
-0.1,1.0302197540975435,0.8,-0.18591844903417754,0.17114305580626998,0.4246572752312815,1.0229284338681368
-0.1,1.0302197540975435,0.8500000000000001,-0.20308716706926716,0.17211861652962232,0.44593099880941894,1.02248769139872
-0.1,1.0302197540975435,0.9,-0.2203207091981652,0.17245010016656417,0.46651558045687147,1.0220501594270839
-0.1,1.0302197540975435,0.9500000000000001,-0.2375577697933931,0.17219887516795776,0.4864173510232393,1.0216160838602162
-0.1,1.0302197540975435,1.0,-0.2547429781035421,0.17142229720701854,0.5056447098990008,1.021185704456246
-0.1,1.0302197540975435,1.05,-0.2718265056455771,0.1701738797117807,0.5242078279602462,1.0207592535786956
-0.1,1.0302197540975435,1.1,-0.2887636905781549,0.16850346541252528,0.5421183790446998,1.0203369550957488
-0.1,1.0302197540975435,1.1500000000000001,-0.30551467912500535,0.1664573977638241,0.5593892978003759,1.0199190234211086
-0.1,1.0302197540975435,1.2000000000000002,-0.32204408404285234,0.16407869124070792,0.5760345618736992,1.019505662692177
-0.1,1.0302197540975435,1.25,-0.3383206600355168,0.16140719963746827,0.5920689965239421,1.0190970660804326
-0.1,1.0302197540975435,1.3,-0.35431699591491755,0.15847978161633627,0.6075080998658566,1.018693415228224
-0.1,1.0302197540975435,1.35,-0.3700092232135301,0.1553304628622968,0.6223678870527699,1.018294879805537
-0.1,1.0302197540975435,1.4000000000000001,-0.3853767408711647,0.15199059430013268,0.6366647518184114,1.0179016171798534
-0.1,1.0302197540975435,1.4500000000000002,-0.4004019555562597,0.14848900592096242,0.6504153438974283,1.017513772191791
-0.1,1.0302197540975435,1.5,-0.41507003713823093,0.14485215584851122,0.6636364609421371,1.0171314770289568
-0.1,1.0302197540975435,1.55,-0.4293686887993386,0.14110427435062967,0.6763449536464425,1.0167548511902669
-0.1,1.0302197540975435,1.6,-0.4432879312576919,0.13726750256956863,0.6885576428772254,1.0163840015329086
-0.1,1.0302197540975435,1.6500000000000001,-0.45681990056301713,0.13336202580568848,0.7002912476987427,1.0160190223941434
-0.1,1.0302197540975435,1.7000000000000002,-0.4699586589205305,0.12940620124403263,0.7115623232567558,1.0156599957802268
-0.1,1.0302197540975435,1.75,-0.4827000179938556,0.12541668006193388,0.7223872075662838,1.0153069916149047
-0.1,1.0302197540975435,1.8,-0.49504137413473065,0.12140852389895561,0.7327819763199974,1.0149600680401774
-0.1,1.0302197540975435,1.85,-0.506981554985501,0.11739531570836638,0.7427624049034435,1.0146192717622857
-0.1,1.0302197540975435,1.9000000000000001,-0.5185206769006403,0.11338926504239255,0.7523439368685765,1.0142846384362267
-0.1,1.0302197540975435,1.9500000000000002,-0.529660012636449,0.10940130785204785,0.7615416581784791,1.0139561930824488
-0.1,1.0302197540975435,2.0,-0.5404018687641124,0.10544120090674755,0.7703702765938873,1.0136339505297636
-0.1,1.0302197540975435,2.0500000000000003,-0.5507494722705268,0.10151761095953478,0.7788441056261114,1.0133179158789303
-0.1,1.0302197540975435,2.1,-0.5607068658236979,0.0976381988008754,0.7869770525315067,1.0130080849817693
-0.1,1.0302197540975435,2.15,-0.5702788111945071,0.09380969835796199,0.7947826098696826,1.0127044449310811
-0.1,1.0302197540975435,2.2,-0.5794707003437776,0.09003799100757805,0.8022738501914306,1.0124069745570725
-0.1,1.0302197540975435,2.25,-0.5882884737022162,0.08632817527910552,0.809463423463008,1.0121156449264108
-0.1,1.0302197540975435,2.3000000000000003,-0.5967385451902677,0.08268463213048487,0.8163635568709835,1.0118304198403878
-0.1,1.0302197540975435,2.35,-0.6048277335448697,0.07911108598409572,0.8229860566866347,1.0115512563291291
-0.1,1.0302197540975435,2.4000000000000004,-0.612563199539939,0.0756106617118676,0.8293423119008791,1.011278105139088
-0.1,1.0302197540975435,2.45,-0.6199523887070755,0.07218593775967051,0.8354432993701754,1.0110109112114636
-0.1,1.0302197540975435,2.5,-0.6270029791821519,0.06883899560037177,0.8412995902408495,1.0107496141494874
-0.1,1.0302197540975435,2.5500000000000003,-0.6337228343221464,0.06557146570308775,0.8469213574440426,1.0104941486728516
-0.1,1.0302197540975435,2.6,-0.6401199597547691,0.06238457020325277,0.8523183840760681,1.0102444450578232
-0.1,1.0302197540975435,2.6500000000000004,-0.6462024645411296,0.059279162454365354,0.8575000724995958,1.0100004295618712
-0.1,1.0302197540975435,2.7,-0.6519785261489102,0.056255763637772606,0.862475454019823,1.009762024831871
-0.1,1.0302197540975435,2.75,-0.6574563589503477,0.053314596601759266,0.8672531990068233,1.0095291502951622
-0.1,1.0302197540975435,2.8000000000000003,-0.6626441859756934,0.05045561709564755,0.8718416273507018,1.0093017225329692
-0.1,1.0302197540975435,2.85,-0.6675502136687906,0.04767854255867081,0.8762487191501352,1.0090796556358277
-0.1,1.0302197540975435,2.9000000000000004,-0.6721826094069452,0.04498287861717844,0.8804821255474792,1.00886286154087
-0.1,1.0302197540975435,2.95,-0.6765494815622928,0.04236794343732837,0.8845491796349474,1.0086512503509268
-0.1,1.0302197540975435,3.0,-0.680658861896369,0.03983289007390385,0.8884569073665811,1.0084447306355453
-0.1,1.0302197540975435,3.0500000000000003,-0.6845186900935777,0.037376726949327005,0.8922120384198579,1.0082432097141416
-0.1,1.0302197540975435,3.1,-0.6881368002525318,0.03499833659037471,0.8958210169589479,1.008046593921567
-0.1,1.0302197540975435,3.1500000000000004,-0.6915209091669723,0.03269649274358969,0.89929001225896,1.0078547888564837
-0.1,1.0302197540975435,3.2,-0.6946786062399684,0.030469875983962395,0.9026249291569683,1.0076676996129894
-0.1,1.0302197540975435,3.25,-0.69761734488645,0.028317087925161615,0.9058314183014312,1.0074852309959874
-0.1,1.0302197540975435,3.3000000000000003,-0.700344435289789,0.026236664133457134,0.9089148861766935,1.007307287720854
-0.1,1.0302197540975435,3.35,-0.7028670383881291,0.024227085841512248,0.9118805048837823,1.0071337745979771
-0.1,1.0302197540975435,3.4000000000000004,-0.7051921609755296,0.02228679055246146,0.9147332216627024,1.0069645967027687
-0.1,1.0302197540975435,3.45,-0.7073266518117004,0.020414181619128852,0.9174777681449044,1.0067996595317816
-0.1,1.0302197540975435,3.5,-0.7092771986422738,0.018607636877906956,0.920118669327676,1.0066388691455577
-0.1,1.0302197540975435,3.5500000000000003,-0.7110503260391313,0.016865516411705556,0.9226602522648407,1.006482132298852
-0.1,1.0302197540975435,3.6,-0.7126523939774131,0.015186169511496565,0.9251066544704919,1.0063293565588685
-0.1,1.0302197540975435,3.6500000000000004,-0.7140895970724206,0.013567940901336537,0.9274618320344536,1.0061804504121505
-0.1,1.0302197540975435,3.7,-0.715367964405801,0.012009176287330201,0.9297295674498879,1.0060353233607477
-0.1,1.0302197540975435,3.75,-0.716493359876142,0.010508227286809807,0.931913477154935,1.0058938860082751
-0.1,1.0302197540975435,3.8000000000000003,-0.7174714830144682,0.009063455790048885,0.934017018791505,1.0057560501364784
-0.1,1.0302197540975435,3.85,-0.7183078702101358,0.007673237803084636,0.9360434981853766,1.0056217287728768
-0.1,1.0302197540975435,3.9000000000000004,-0.7190078962972745,0.006335966816701285,0.9379960760526495,1.005490836250063
-0.1,1.0302197540975435,3.95,-0.7195767764562709,0.005050056743312566,0.9398777744382842,1.005363288257208
-0.1,1.0302197540975435,4.0,-0.7200195683888313,0.0038139444603631344,0.941691482893057,1.0052390018842912
-0.1,1.0302197540975435,4.05,-0.7203411747288905,0.0026260919959533286,0.9434399643957067,1.0051178956595748
-0.1,1.0302197540975435,4.1000000000000005,-0.7205463456551349,0.0014849883896530382,0.9451258610274167,1.004999889580801
-0.1,1.0302197540975435,4.15,-0.7206396816741011,0.000389151258916097,0.946751699406018,1.004884905140578
-0.1,1.0302197540975435,4.2,-0.7206256365457943,-0.0006628719008830268,0.9483198958875063,1.0047728653463894
-0.1,1.0302197540975435,4.25,-0.7205085203264968,-0.0016725026569945492,0.9498327615425611,1.0046636947356582
-0.1,1.0302197540975435,4.3,-0.7202925025059576,-0.0026411307967003235,0.9512925069158197,1.0045573193862538
-0.1,1.0302197540975435,4.3500000000000005,-0.7199816152184544,-0.0035701136797918827,0.9527012465756609,1.0044536669228143
-0.1,1.0302197540975435,4.4,-0.7195797565093315,-0.004460775766123018,0.9540610034622283,1.0043526665192537
-0.1,1.0302197540975435,4.45,-0.7190906936405512,-0.005314408299906333,0.9553737130413146,1.004254248897768
-0.1,1.0302197540975435,4.5,-0.7185180664205449,-0.0061322691339664856,0.9566412272716669,1.0041583463246695
-0.1,1.0302197540975435,4.55,-0.7178653905452647,-0.006915582678595704,0.9578653183931051,1.0040648926033402
-0.1,1.0302197540975435,4.6000000000000005,-0.7171360609387836,-0.00766553996097948,0.9590476825427144,1.003973823064573
-0.1,1.0302197540975435,4.65,-0.7163333550831315,-0.008383298782387003,0.9601899432061948,1.0038850745545713
-0.1,1.0302197540975435,4.7,-0.7154604363282411,-0.009069983961450494,0.961293654511268,1.003798585420837
-0.1,1.0302197540975435,4.75,-0.714520357173995,-0.009726687652902532,0.9623603043698578,1.003714295496181
-0.1,1.0302197540975435,4.800000000000001,-0.7135160625173307,-0.010354469732103803,0.9633913174755437,1.0036321460810564
-0.1,1.0302197540975435,4.8500000000000005,-0.7124503928582911,-0.010954358236579274,0.9643880581625931,1.0035520799244166
-0.1,1.0302197540975435,4.9,-0.7113260874597032,-0.011527349856598703,0.965351833132668,1.0034740412032732
-0.1,1.0302197540975435,4.95,-0.7101457874559237,-0.012074410467587365,0.9662838940550774,1.0033979755011297
-0.1,1.0302197540975435,5.0,-0.7089120389067602,-0.012596475697843095,0.967185440046246,1.003323829785426
-0.1,1.0302197540975435,5.050000000000001,-0.7076272957932865,-0.01309445152566957,0.9680576200338663,1.0032515523841645
-0.1,1.0302197540975435,5.1000000000000005,-0.706293922952834,-0.01356921490061598,0.9689015350109583,1.003181092961821
-0.1,1.0302197540975435,5.15,-0.7049141989509221,-0.014021614384046538,0.9697182401849023,1.0031124024946818
-0.1,1.0302197540975435,5.2,-0.7034903188883793,-0.014452470804750565,0.9705087470262653,1.0030454332457075
-0.1,1.0302197540975435,5.25,-0.7020243971422777,-0.014862577925749477,0.9712740252220669,1.002980138739028
-0.1,1.0302197540975435,5.300000000000001,-0.7005184700397021,-0.015252703118865792,0.972015004537933,1.0029164737341603
-0.1,1.0302197540975435,5.3500000000000005,-0.6989744984636964,-0.01562358804399043,0.9727325765933813,1.00285439420004
-0.1,1.0302197540975435,5.4,-0.6973943703910257,-0.015975949330325208,0.9734275965543309,1.0027938572889321
-0.1,1.0302197540975435,5.45,-0.6957799033616632,-0.01631047925718592,0.974100884746708,1.0027348213103007
-0.1,1.0302197540975435,5.5,-0.6941328468801429,-0.016627846432234496,0.974753228194888,1.0026772457047044
-0.1,1.0302197540975435,5.550000000000001,-0.6924548847491311,-0.016928696465263984,0.9753853820885207,1.0026210910177538
-0.1,1.0302197540975435,5.6000000000000005,-0.6907476373357516,-0.017213652635893622,0.9759980711811366,1.0025663188742202
-0.1,1.0302197540975435,5.65,-0.6890126637713583,-0.017483316553742193,0.9765919911237737,1.0025128919522934
-0.1,1.0302197540975435,5.7,-0.6872514640855886,-0.017738268809839898,0.9771678097367165,1.00246077395808
-0.1,1.0302197540975435,5.75,-0.6854654812756548,-0.01797906961821183,0.9777261682222944,1.0024099296003393
-0.1,1.0302197540975435,5.800000000000001,-0.6836561033119252,-0.01820625944672333,0.978267682321557,1.002360324565513
-0.1,1.0302197540975435,5.8500000000000005,-0.681824665080931,-0.018420359636418807,0.9787929434174961,1.00231192549307
-0.1,1.0302197540975435,5.9,-0.6799724502670166,-0.018621873008713062,0.9793025195873691,1.0022646999511862
-0.1,1.0302197540975435,5.95,-0.6781006931738941,-0.018811284459909452,0.9797969566065687,1.002218616412796
-0.1,1.0302197540975435,6.0,-0.6762105804874184,-0.018989061542621217,0.9802767789063351,1.002173644232016
-0.1,1.0302197540975435,6.050000000000001,-0.6743032529809285,-0.01915565503376642,0.9807424904875287,1.002129753620975
-0.1,1.0302197540975435,6.1000000000000005,-0.6723798071645268,-0.019311499488887753,0.9811945757925669,1.0020869156270473
-0.1,1.0302197540975435,6.15,-0.6704412968796915,-0.019457013782623916,0.9816335005375111,1.0020451021105163
-0.1,1.0302197540975435,6.2,-0.6684887348406163,-0.019592601635224013,0.9820597125062159,1.0020042857226652
-0.1,1.0302197540975435,6.25,-0.6665230941236902,-0.019718652125055063,0.9824736423083503,1.0019644398843086
-0.1,1.0302197540975435,6.300000000000001,-0.6645453096065078,-0.019835540187104636,0.9828757041030108,1.0019255387647685
-0.1,1.0302197540975435,6.3500000000000005,-0.6625562793578224,-0.019943627097525885,0.9832662962895672,1.0018875572613013
-0.1,1.0302197540975435,6.4,-0.660556865979819,-0.02004326094431249,0.9836458021673021,1.0018504709789697
-0.1,1.0302197540975435,6.45,-0.6585478979040846,-0.020134777084225963,0.9840145905653247,1.001814256210976
-0.1,1.0302197540975435,6.5,-0.6565301706426327,-0.02021849858612836,0.9843730164441727,1.0017788899194378
-0.1,1.0302197540975435,6.550000000000001,-0.6545044479953253,-0.020294736660899884,0.9847214214704464,1.0017443497166225
-0.1,1.0302197540975435,6.6000000000000005,-0.6524714632150084,-0.02036379107814336,0.9850601345657448,1.001710613846628
-0.1,1.0302197540975435,6.65,-0.6504319201316596,-0.020425950569897162,0.9853894724311322,1.001677661167504
-0.1,1.0302197540975435,6.7,-0.6483864942368266,-0.020481493221594097,0.9857097400482684,1.001645471133826
-0.1,1.0302197540975435,6.75,-0.6463358337295997,-0.02053068685051796,0.9860212311583336,1.0016140237796995
-0.1,1.0302197540975435,6.800000000000001,-0.6442805605253523,-0.020573789372019632,0.9863242287197576,1.0015832997021967
-0.1,1.0302197540975435,6.8500000000000005,-0.6422212712284445,-0.020611049153764927,0.9866190053457746,1.0015532800452245
-0.1,1.0302197540975435,6.9,-0.6401585380700636,-0.02064270535829177,0.9869058237227379,1.001523946483813
-0.1,1.0302197540975435,6.95,-0.6380929098123508,-0.02066898827416104,0.9871849370100939,1.0014952812088145
-0.1,1.0302197540975435,7.0,-0.6360249126199335,-0.02069011963598784,0.9874565892228756,1.0014672669120153
-0.1,1.0302197540975435,7.050000000000001,-0.6339550508999543,-0.020706312933643226,0.9877210155975257,1.001439886771647
-0.1,1.0302197540975435,7.1000000000000005,-0.6318838081116661,-0.02071777371091671,0.9879784429418254,1.0014131244382913
-0.1,1.0302197540975435,7.15,-0.6298116475466274,-0.020724699853930263,0.9882290899696661,1.0013869640211717
-0.1,1.0302197540975435,7.2,-0.6277390130805103,-0.020727281869593377,0.9884731676213664,1.001361390074821
-0.1,1.0302197540975435,7.25,-0.625666329897505,-0.02072570315438691,0.9887108793701964,1.0013363875861254
-0.1,1.0302197540975435,7.300000000000001,-0.6235940051882733,-0.02072014025376083,0.9889424215157485,1.0013119419617265
-0.1,1.0302197540975435,7.3500000000000005,-0.6215224288223845,-0.02071076311242783,0.9891679834647606,1.0012880390157797
-0.1,1.0302197540975435,7.4,-0.6194519739961282,-0.0206977353158309,0.9893877479999583,1.0012646649580617
-0.1,1.0302197540975435,7.45,-0.6173829978565836,-0.020681214323058864,0.9896018915374734,1.0012418063824138
-0.1,1.0302197540975435,7.5,-0.6153158421027911,-0.02066135169147887,0.9898105843733513,1.0012194502555187
-0.1,1.0302197540975435,7.550000000000001,-0.6132508335648444,-0.02063829329335037,0.9900139909196507,1.0011975839060032
-0.1,1.0302197540975435,7.6000000000000005,-0.6111882847617017,-0.020612179524679346,0.9902122699305964,1.0011761950138474
-0.1,1.0302197540975435,7.65,-0.6091284944384833,-0.020583145506566345,0.9904055747192491,1.0011552716001093
-0.1,1.0302197540975435,7.7,-0.6070717480839978,-0.02055132127929592,0.9905940533651076,1.0011348020169497
-0.1,1.0302197540975435,7.75,-0.6050183184292203,-0.02051683198940975,0.990777848913058,1.0011147749379392
-0.1,1.0302197540975435,7.800000000000001,-0.6029684659274102,-0.02047979806999901,0.9909570995640563,1.0010951793486638
-0.1,1.0302197540975435,7.8500000000000005,-0.600922439216547,-0.02044033541444618,0.9911319388579115,1.0010760045375955
-0.1,1.0302197540975435,7.9,-0.5988804755647251,-0.020398555543840253,0.9913024958485257,1.0010572400872362
-0.1,1.0302197540975435,7.95,-0.5968428012991338,-0.02035456576828305,0.9914688952719235,1.0010388758655249
-0.1,1.0302197540975435,8.0,-0.5948096322192292,-0.02030846934229844,0.9916312577073912,1.0010209020175032
-0.1,1.0302197540975435,8.05,-0.5927811739946695,-0.0202603656145501,0.9917896997320318,1.0010033089572175
-0.1,1.0302197540975435,8.1,-0.5907576225485844,-0.020210350172067695,0.9919443340690233,1.0009860873598742
-0.1,1.0302197540975435,8.15,-0.5887391644267099,-0.020158514979175007,0.9920952697298588,1.0009692281542257
-0.1,1.0302197540975435,8.200000000000001,-0.5867259771529101,-0.0201049485113079,0.9922426121508328,1.000952722515178
-0.1,1.0302197540975435,8.25,-0.5847182295715929,-0.02004973588390435,0.9923864633240236,1.0009365618566286
-0.1,1.0302197540975435,8.3,-0.5827160821774915,-0.019992958976542633,0.9925269219230114,1.0009207378245129
-0.1,1.0302197540975435,8.35,-0.5807196874332864,-0.019934696552498517,0.9926640834235635,1.0009052422900628
-0.1,1.0302197540975435,8.4,-0.5787291900755076,-0.019875024373886694,0.9927980402194985,1.000890067343265
-0.1,1.0302197540975435,8.450000000000001,-0.5767447274091559,-0.019814015312546236,0.9929288817339468,1.0008752052865193
-0.1,1.0302197540975435,8.5,-0.5747664295914509,-0.019751739456824617,0.9930566945261958,1.0008606486284846
-0.1,1.0302197540975435,8.55,-0.5727944199051089,-0.01968826421440963,0.9931815623943164,1.00084639007811
-0.1,1.0302197540975435,8.6,-0.5708288150215395,-0.01962365441135377,0.9933035664737457,1.000832422538852
-0.1,1.0302197540975435,8.65,-0.5688697252543249,-0.01955797238743018,0.993422785332006,1.000818739103057
-0.1,1.0302197540975435,8.700000000000001,-0.5669172548033444,-0.019491278087955206,0.9935392950597157,1.0008053330465188
-0.1,1.0302197540975435,8.75,-0.564971501989887,-0.019423629152207245,0.9936531693580518,1.000792197823202
-0.1,1.0302197540975435,8.8,-0.5630325594830833,-0.01935508099856752,0.99376447962282,1.000779327060113
-0.1,1.0302197540975435,8.85,-0.5611005145179763,-0.019285686906503945,0.9938732950252683,1.000766714552347
-0.1,1.0302197540975435,8.9,-0.5591754491055412,-0.01921549809551475,0.9939796825897808,1.000754354258259
-0.1,1.0302197540975435,8.950000000000001,-0.5572574402349476,-0.019144563801144505,0.9940837072685856,1.0007422402948016
-0.1,1.0302197540975435,9.0,-0.5553465600683516,-0.01907293134818139,0.9941854320136051,1.0007303669329901
-0.1,1.0302197540975435,9.05,-0.5534428761284957,-0.019000646221140362,0.9942849178455546,1.0007187285935124
-0.1,1.0302197540975435,9.1,-0.5515464514793773,-0.018927752132133057,0.9943822239204162,1.0007073198424628
-0.1,1.0302197540975435,9.15,-0.549657344900246,-0.0188542910862221,0.9944774075933925,1.0006961353872146
-0.1,1.0302197540975435,9.200000000000001,-0.547775611053173,-0.018780303444353188,0.9945705244804388,1.0006851700724084
-0.1,1.0302197540975435,9.25,-0.5459013006444355,-0.01870582798395579,0.9946616285174836,1.0006744188760641
-0.1,1.0302197540975435,9.3,-0.5440344605799374,-0.018630901957298954,0.9947507720174195,1.00066387690581
-0.1,1.0302197540975435,9.35,-0.5421751341148938,-0.018555561147686774,0.9948380057249662,1.0006535393952265
-0.1,1.0302197540975435,9.4,-0.5403233609979893,-0.018479839923573632,0.9949233788694882,1.0006434017002948
-0.1,1.0302197540975435,9.450000000000001,-0.5384791776102146,-0.018403771290677495,0.9950069392158455,1.0006334592959585
-0.1,1.0302197540975435,9.5,-0.5366426170985802,-0.018327386942165902,0.9950887331133671,1.0006237077727826
-0.1,1.0302197540975435,9.55,-0.5348137095048952,-0.018250717306986873,0.995168805543013,1.0006141428337143
-0.1,1.0302197540975435,9.600000000000001,-0.5329924818897984,-0.018173791596414274,0.9952472001628033,1.0006047602909447
-0.1,1.0302197540975435,9.65,-0.5311789584522127,-0.018096637848874227,0.9953239593515801,1.0005955560628566
-0.1,1.0302197540975435,9.700000000000001,-0.5293731606443983,-0.01801928297311726,0.9953991242511742,1.0005865261710696
-0.1,1.0302197540975435,9.75,-0.5275751072827612,-0.017941752789797923,0.9954727348070321,1.0005776667375699
-0.1,1.0302197540975435,9.8,-0.5257848146545857,-0.0178640720715215,0.9955448298073721,1.0005689739819277
-0.1,1.0302197540975435,9.850000000000001,-0.5240022966208291,-0.01778626458141542,0.995615446920924,1.000560444218596
-0.1,1.0302197540975435,9.9,-0.5222275647151332,-0.0177083531102803,0.9956846227333062,1.0005520738542892
-0.1,1.0302197540975435,9.950000000000001,-0.5204606282391937,-0.017630359512374058,0.9957523927820989,1.0005438593854412
-0.1,1.0302197540975435,10.0,-0.5187014943546138,-0.01755230473987999,0.9958187915906601,1.000535797395735
-0.1,1.0302197540975435,10.05,-0.5169501681713857,-0.01747420887610829,0.9958838527007355,1.0005278845537133
-0.1,1.0302197540975435,10.100000000000001,-0.5152066528331092,-0.01739609116747816,0.9959476087039089,1.0005201176104475
-0.1,1.0302197540975435,10.15,-0.5134709495990827,-0.017317970054326243,0.9960100912719367,1.0005124933972886
-0.1,1.0302197540975435,10.200000000000001,-0.5117430579233707,-0.017239863200585095,0.996071331186014,1.0005050088236727
-0.1,1.0302197540975435,10.25,-0.5100229755309676,-0.017161787522374104,0.9961313583650062,1.0004976608749996
-0.1,1.0302197540975435,10.3,-0.5083106984911583,-0.017083759215543122,0.9961902018926917,1.0004904466105686
-0.1,1.0302197540975435,10.350000000000001,-0.5066062212881832,-0.017005793782208328,0.996247890044056,1.000483363161579
-0.1,1.0302197540975435,10.4,-0.504909536889304,-0.016927906056317363,0.9963044503106611,1.0004764077291821
-0.1,1.0302197540975435,10.450000000000001,-0.5032206368103672,-0.016850110228280427,0.9963599094251412,1.0004695775825991
-0.1,1.0302197540975435,10.5,-0.5015395111789555,-0.01677241986870181,0.996414293384845,1.000462870057286
-0.1,1.0302197540975435,10.55,-0.49986614879521574,-0.016694847951245297,0.9964676274746667,1.0004562825531582
-0.1,1.0302197540975435,10.600000000000001,-0.498200537190449,-0.016617406874665973,0.9965199362890867,1.00044981253286
-0.1,1.0302197540975435,10.65,-0.4965426626835422,-0.016540108484039046,0.9965712437534608,1.0004434575200913
-0.1,1.0302197540975435,10.700000000000001,-0.4948925104353228,-0.016462964091215747,0.9966215731445806,1.000437215097979
-0.1,1.0302197540975435,10.75,-0.49325006450090714,-0.01638598449453483,0.9966709471105325,1.0004310829074932
-0.1,1.0302197540975435,10.8,-0.4916153078801217,-0.016309179997817447,0.9967193876898848,1.000425058645915
-0.1,1.0302197540975435,10.850000000000001,-0.4899882225660599,-0.01623256042867176,0.9967669163302245,1.000419140065346
-0.1,1.0302197540975435,10.9,-0.48836878959184754,-0.016156135156132963,0.9968135539060665,1.0004133249712541
-0.1,1.0302197540975435,10.950000000000001,-0.48675698907567744,-0.01607991310766328,0.9968593207361665,1.0004076112210731
-0.1,1.0302197540975435,11.0,-0.48515280026417834,-0.016003902785535488,0.9969042366002491,1.000401996722833
-0.1,1.0302197540975435,11.05,-0.48355620157417617,-0.015928112282622964,0.9969483207551788,1.0003964794338336
-0.1,1.0302197540975435,11.100000000000001,-0.4819671706329056,-0.015852549297617802,0.9969915919505926,1.0003910573593557
-0.1,1.0302197540975435,11.15,-0.48038568431672957,-0.015777221149698414,0.9970340684440153,1.0003857285514044
-0.1,1.0302197540975435,11.200000000000001,-0.47881171878841633,-0.015702134792666685,0.9970757680154718,1.0003804911074972
-0.1,1.0302197540975435,11.25,-0.4772452495330295,-0.0156272968285742,0.9971167079816219,1.0003753431694766
-0.1,1.0302197540975435,11.3,-0.4756862513924793,-0.015552713520856541,0.9971569052094256,1.0003702829223657
-0.1,1.0302197540975435,11.350000000000001,-0.47413469859878166,-0.015478390806993288,0.9971963761293667,1.000365308593246
-0.1,1.0302197540975435,11.4,-0.4725905648060725,-0.015404334310711624,0.9972351367482388,1.0003604184501762
-0.1,1.0302197540975435,11.450000000000001,-0.47105382312142335,-0.015330549353749886,0.9972732026615213,1.0003556108011347
-0.1,1.0302197540975435,11.5,-0.4695244461344976,-0.015257040967197369,0.9973105890653481,1.0003508839929969
-0.1,1.0302197540975435,11.55,-0.46800240594609077,-0.015183813902425762,0.9973473107680927,1.0003462364105378
-0.1,1.0302197540975435,11.600000000000001,-0.4664876741955958,-0.015110872641627261,0.997383382201579,1.000341666475463
-0.1,1.0302197540975435,11.65,-0.46498022208743006,-0.015038221407973628,0.997418817431933,1.0003371726454675
-0.1,1.0302197540975435,11.700000000000001,-0.46348002041645986,-0.014965864175410062,0.9974536301700849,1.0003327534133195
-0.1,1.0302197540975435,11.75,-0.46198703959246357,-0.014893804678097103,0.9974878337819378,1.0003284073059733
-0.1,1.0302197540975435,11.8,-0.4605012496636599,-0.014822046419513462,0.9975214412982115,1.0003241328836996
-0.1,1.0302197540975435,11.850000000000001,-0.4590226203393457,-0.01475059268123219,0.9975544654239769,1.000319928739251
-0.1,1.0302197540975435,11.9,-0.45755112101165923,-0.014679446531381703,0.9975869185478808,1.0003157934970357
-0.1,1.0302197540975435,11.950000000000001,-0.4560867207765198,-0.014608610832803601,0.997618812751092,1.0003117258123293
-0.1,1.0302197540975435,12.0,-0.45462938845375667,-0.014538088250917723,0.9976501598159584,1.000307724370497
-0.1,1.0302197540975435,12.05,-0.4531790926064641,-0.014467881261305597,0.9976809712343908,1.0003037878862422
-0.1,1.0302197540975435,12.100000000000001,-0.45173580155961157,-0.01439799215702192,0.9977112582159925,1.000299915102876
-0.1,1.0302197540975435,12.15,-0.4502994834179302,-0.01432842305564438,0.9977410316959324,1.0002961047916035
-0.1,1.0302197540975435,12.200000000000001,-0.44887010608310723,-0.014259175906070823,0.997770302342568,1.0002923557508332
-0.1,1.0302197540975435,12.25,-0.44744763727030956,-0.014190252495073361,0.9977990805648447,1.000288666805503
-0.1,1.0302197540975435,12.3,-0.446032044524063,-0.01412165445361761,0.9978273765194545,1.0002850368064242
-0.1,1.0302197540975435,12.350000000000001,-0.44462329523350813,-0.01405338326295608,0.9978552001177828,1.0002814646296443
-0.1,1.0302197540975435,12.4,-0.44322135664705814,-0.013985440260503386,0.9978825610326396,1.000277949175828
-0.1,1.0302197540975435,12.450000000000001,-0.4418261958864771,-0.013917826645501338,0.9979094687047843,1.0002744893696511
-0.1,1.0302197540975435,12.5,-0.440437779960402,-0.013850543484481462,0.9979359323492513,1.0002710841592168
-0.1,1.0302197540975435,12.55,-0.43905607577732847,-0.013783591716532064,0.9979619609614879,1.0002677325154805
-0.1,1.0302197540975435,12.600000000000001,-0.43768105015807784,-0.013716972158377,0.9979875633233005,1.0002644334316972
-0.1,1.0302197540975435,12.65,-0.43631266984776534,-0.01365068550927275,0.9980127480086242,1.0002611859228765
-0.1,1.0302197540975435,12.700000000000001,-0.4349509015272884,-0.013584732355730371,0.9980375233891194,1.0002579890252583
-0.1,1.0302197540975435,12.75,-0.43359571182435214,-0.013519113176068591,0.9980618976396004,1.0002548417957995
-0.1,1.0302197540975435,12.8,-0.4322470673240456,-0.01345382834480399,0.998085878743297,1.0002517433116742
-0.1,1.0302197540975435,12.850000000000001,-0.43090493457899176,-0.013388878136884158,0.9981094744969687,1.0002486926697876
-0.1,1.0302197540975435,12.9,-0.42956928011907847,-0.013324262731769333,0.9981326925158572,1.0002456889863038
-0.1,1.0302197540975435,12.950000000000001,-0.42824007046079277,-0.013259982217367967,0.9981555402384985,1.0002427313961846
-0.1,1.0302197540975435,13.0,-0.42691727211616864,-0.01319603659383147,0.9981780249313885,1.0002398190527397
-0.1,1.0302197540975435,13.05,-0.425600851601363,-0.013132425777212922,0.9982001536935147,1.000236951127193
-0.1,1.0302197540975435,13.100000000000001,-0.42429077544487487,-0.013069149602994915,0.9982219334607542,1.0002341268082537
-0.1,1.0302197540975435,13.15,-0.42298701019541907,-0.013006207829490714,0.998243371010138,1.000231345301704
-0.1,1.0302197540975435,13.200000000000001,-0.4216895224294673,-0.012943600141123683,0.9982644729640006,1.000228605829996
-0.1,1.0302197540975435,13.25,-0.42039827875846913,-0.01288132615158898,0.9982852457939982,1.0002259076318591
-0.1,1.0302197540975435,13.3,-0.41911324583576287,-0.012819385406901812,0.9983056958250186,1.0002232499619141
-0.1,1.0302197540975435,13.350000000000001,-0.41783439036319164,-0.012757777388336153,0.9983258292389706,1.0002206320903047
-0.1,1.0302197540975435,13.4,-0.4165616790974292,-0.01269650151525797,0.9983456520784744,1.0002180533023322
-0.1,1.0302197540975435,13.450000000000001,-0.41529507885602995,-0.01263555714785647,0.9983651702504304,1.0002155128981003
-0.1,1.0302197540975435,13.5,-0.4140345565232149,-0.012574943589777088,0.9983843895295048,1.0002130101921747
-0.1,1.0302197540975435,13.55,-0.41278007905539604,-0.012514660090659671,0.9984033155614976,1.000210544513243
-0.1,1.0302197540975435,13.600000000000001,-0.41153161348645784,-0.012454705848585153,0.9984219538666262,1.0002081152037892
-0.1,1.0302197540975435,13.65,-0.41028912693279546,-0.012395080012433928,0.9984403098427114,1.0002057216197753
-0.1,1.0302197540975435,13.700000000000001,-0.4090525865981258,-0.012335781684159108,0.9984583887682732,1.0002033631303286
-0.1,1.0302197540975435,13.75,-0.40782195977807495,-0.012276809920977514,0.9984761958055408,1.0002010391174434
-0.1,1.0302197540975435,13.8,-0.40659721386455216,-0.012218163737481474,0.998493736003374,1.000198748975679
-0.1,1.0302197540975435,13.850000000000001,-0.4053783163499176,-0.012159842107674007,0.9985110143001082,1.0001964921118782
-0.1,1.0302197540975435,13.9,-0.40416523483095074,-0.012101843966930231,0.998528035526314,1.000194267944885
-0.1,1.0302197540975435,13.950000000000001,-0.4029579370126276,-0.012044168213887468,0.9985448044074838,1.000192075905268
-0.1,1.0302197540975435,14.0,-0.40175639071171254,-0.011986813712266672,0.9985613255666426,1.0001899154350598
-0.1,1.0302197540975435,14.05,-0.40056056386017225,-0.011929779292627393,0.9985776035268842,1.0001877859874924
-0.1,1.0302197540975435,14.100000000000001,-0.3993704245084175,-0.01187306375405883,0.9985936427138394,1.0001856870267463
-0.1,1.0302197540975435,14.15,-0.3981859408283801,-0.011816665865809012,0.9986094474580769,1.0001836180277035
-0.1,1.0302197540975435,14.200000000000001,-0.3970070811164288,-0.011760584368854307,0.9986250219974345,1.0001815784757064
-0.1,1.0302197540975435,14.25,-0.3958338137961333,-0.011704817977411554,0.9986403704792896,1.0001795678663206
-0.1,1.0302197540975435,14.3,-0.3946661074208775,-0.011649365380394391,0.9986554969627668,1.0001775857051114
-0.1,1.0302197540975435,14.350000000000001,-0.3935039306763319,-0.011594225242816222,0.9986704054208834,1.0001756315074155
-0.1,1.0302197540975435,14.4,-0.3923472523827865,-0.011539396207141261,0.9986850997426397,1.0001737047981252
-0.1,1.0302197540975435,14.450000000000001,-0.3911960414973534,-0.011484876894585749,0.9986995837350511,1.0001718051114779
-0.1,1.0302197540975435,14.5,-0.3900502671160369,-0.011430665906370936,0.9987138611251222,1.000169931990843
-0.1,1.0302197540975435,14.55,-0.3889098984756859,-0.011376761824929546,0.9987279355617744,1.0001680849885273
-0.1,1.0302197540975435,14.600000000000001,-0.38777490495582306,-0.011323163215067308,0.9987418106177136,1.0001662636655733
-0.1,1.0302197540975435,14.65,-0.38664525608036077,-0.01126986862508126,0.9987554897912544,1.0001644675915666
-0.1,1.0302197540975435,14.700000000000001,-0.38552092151920875,-0.01121687658783608,0.9987689765080929,1.0001626963444512
-0.1,1.0302197540975435,14.75,-0.38440187108977253,-0.0111641856218002,0.9987822741230324,1.0001609495103445
-0.1,1.0302197540975435,14.8,-0.38328807475835086,-0.011111794232042763,0.9987953859216606,1.000159226683357
-0.1,1.0302197540975435,14.850000000000001,-0.3821795026414354,-0.011059700911193165,0.998808315121987,1.0001575274654224
-0.1,1.0302197540975435,14.9,-0.3810761250069152,-0.011007904140364148,0.998821064876035,1.000155851466123
-0.1,1.0302197540975435,14.950000000000001,-0.3799779122751881,-0.01095640239003995,0.9988336382713903,1.0001541983025277
-0.1,1.0302197540975435,15.0,-0.378884835020187,-0.010905194120930495,0.9988460383327104,1.0001525675990262
-0.1,1.0302197540975435,15.05,-0.3777968639703194,-0.010854277784793103,0.9988582680231946,1.000150958987173
-0.1,1.0302197540975435,15.100000000000001,-0.3767139700093278,-0.010803651825222567,0.9988703302460143,1.0001493721055332
-0.1,1.0302197540975435,15.15,-0.3756361241770698,-0.010753314678410831,0.9988822278457082,1.000147806599531
-0.1,1.0302197540975435,15.200000000000001,-0.3745632976702228,-0.01070326477387735,0.9988939636095368,1.000146262121303
-0.1,1.0302197540975435,15.25,-0.3734954618429188,-0.010653500535171029,0.9989055402688075,1.0001447383295547
-0.1,1.0302197540975435,15.3,-0.3724325882073075,-0.010604020380544924,0.9989169605001605,1.0001432348894193
-0.1,1.0302197540975435,15.350000000000001,-0.3713746484340532,-0.010554822723604416,0.9989282269268269,1.0001417514723236
-0.1,1.0302197540975435,15.4,-0.37032161435276684,-0.010505905973929967,0.9989393421198455,1.0001402877558503
-0.1,1.0302197540975435,15.450000000000001,-0.36927345795237826,-0.01045726853767527,0.99895030859926,1.000138843423612
-0.1,1.0302197540975435,15.5,-0.36823015138144655,-0.01040890881814162,0.9989611288352747,1.0001374181651201
-0.1,1.0302197540975435,15.55,-0.3671916669484155,-0.010360825216329432,0.9989718052493889,1.0001360116756615
-0.1,1.0302197540975435,15.600000000000001,-0.36615797712181425,-0.010313016131467581,0.9989823402154973,1.0001346236561792
-0.1,1.0302197540975435,15.65,-0.36512905453040445,-0.01026547996152141,0.9989927360609642,1.0001332538131507
-0.1,1.0302197540975435,15.700000000000001,-0.3641048719632781,-0.010218215103680138,0.9990029950676723,1.0001319018584718
-0.1,1.0302197540975435,15.75,-0.3630854023699075,-0.01017121995482439,0.9990131194730406,1.0001305675093484
-0.1,1.0302197540975435,15.8,-0.36207061886014763,-0.010124492911974519,0.9990231114710213,1.000129250488179
-0.1,1.0302197540975435,15.850000000000001,-0.3610604947041963,-0.010078032372720393,0.9990329732130702,1.0001279505224516
-0.1,1.0302197540975435,15.9,-0.36005500333251034,-0.010031836735633353,0.999042706809088,1.0001266673446363
-0.1,1.0302197540975435,15.950000000000001,-0.35905411833568085,-0.009985904400660857,0.9990523143283496,1.0001254006920828
-0.1,1.0302197540975435,16.0,-0.35805781346427307,-0.009940233769504517,0.9990617978003957,1.0001241503069187
-0.1,1.0302197540975435,16.05,-0.3570660626286237,-0.009894823245982091,0.9990711592159149,1.0001229159359526
-0.1,1.0302197540975435,16.1,-0.3560788398986068,-0.00984967123637388,0.9990804005275962,1.0001216973305758
-0.1,1.0302197540975435,16.150000000000002,-0.3550961195033646,-0.00980477614975428,0.999089523650962,1.000120494246671
-0.1,1.0302197540975435,16.2,-0.3541178758310056,-0.00976013639830882,0.9990985304651843,1.0001193064445182
-0.1,1.0302197540975435,16.25,-0.35314408342827164,-0.009715750397637299,0.9991074228138748,1.000118133688705
-0.1,1.0302197540975435,16.3,-0.35217471700017555,-0.009671616567043495,0.9991162025058621,1.0001169757480426
-0.1,1.0302197540975435,16.35,-0.3512097514096104,-0.0096277333298119,0.9991248713159432,1.0001158323954737
-0.1,1.0302197540975435,16.400000000000002,-0.3502491616769327,-0.009584099113471913,0.9991334309856222,1.0001147034079931
-0.1,1.0302197540975435,16.45,-0.34929292297951875,-0.009540712350050037,0.9991418832238297,1.000113588566567
-0.1,1.0302197540975435,16.5,-0.3483410106512964,-0.009497571476310383,0.99915022970762,1.0001124876560492
-0.1,1.0302197540975435,16.55,-0.34739340018225495,-0.009454674933983944,0.9991584720828609,1.0001114004651035
-0.1,1.0302197540975435,16.6,-0.34645006721793276,-0.009412021169987088,0.9991666119648963,1.0001103267861293
-0.1,1.0302197540975435,16.650000000000002,-0.3455109875588812,-0.009369608636629525,0.9991746509391995,1.0001092664151854
-0.1,1.0302197540975435,16.7,-0.3445761371601126,-0.009327435791812276,0.9991825905620136,1.0001082191519173
-0.1,1.0302197540975435,16.75,-0.34364549213052553,-0.009285501099215894,0.9991904323609643,1.0001071847994851
-0.1,1.0302197540975435,16.8,-0.34271902873231486,-0.009243803028479262,0.999198177835671,1.0001061631644939
-0.1,1.0302197540975435,16.85,-0.34179672338036277,-0.009202340055369502,0.9992058284583385,1.0001051540569263
-0.1,1.0302197540975435,16.900000000000002,-0.3408785526416143,-0.009161110661942973,0.9992133856743323,1.0001041572900728
-0.1,1.0302197540975435,16.95,-0.33996449323443845,-0.009120113336698045,0.9992208509027427,1.00010317268047
-0.1,1.0302197540975435,17.0,-0.33905452202797226,-0.009079346574719668,0.9992282255369371,1.0001022000478348
-0.1,1.0302197540975435,17.05,-0.3381486160414548,-0.009038808877816175,0.999235510945095,1.000101239215001
-0.1,1.0302197540975435,17.1,-0.33724675244354435,-0.008998498754648577,0.9992427084707354,1.0001002900078593
-0.1,1.0302197540975435,17.150000000000002,-0.33634890855162664,-0.008958414720852546,0.9992498194332262,1.0000993522552986
-0.1,1.0302197540975435,17.2,-0.3354550618311094,-0.00891855529915348,0.9992568451282882,1.000098425789144
-0.1,1.0302197540975435,17.25,-0.33456518989470707,-0.00887891901947477,0.9992637868284817,1.0000975104441037
-0.1,1.0302197540975435,17.3,-0.3336792705017154,-0.008839504419039614,0.9992706457836835,1.0000966060577086
-0.1,1.0302197540975435,17.35,-0.33279728155727656,-0.008800310042466607,0.999277423221557,1.0000957124702627
-0.1,1.0302197540975435,17.400000000000002,-0.3319192011116341,-0.008761334441859194,0.9992841203480024,1.0000948295247833
-0.1,1.0302197540975435,17.45,-0.33104500735938175,-0.008722576176889487,0.9992907383476063,1.0000939570669547
-0.1,1.0302197540975435,17.5,-0.3301746786387022,-0.008684033814876308,0.9992972783840741,1.0000930949450713
-0.1,1.0302197540975435,17.55,-0.3293081934306008,-0.008645705930858043,0.999303741600656,1.0000922430099932
-0.1,1.0302197540975435,17.6,-0.3284455303581302,-0.008607591107660134,0.9993101291205605,1.00009140111509
-0.1,1.0302197540975435,17.650000000000002,-0.32758666818561094,-0.008569687935957727,0.9993164420473638,1.0000905691161996
-0.1,1.0302197540975435,17.7,-0.32673158581784456,-0.008531995014333419,0.9993226814653996,1.0000897468715766
-0.1,1.0302197540975435,17.75,-0.32588026229932304,-0.008494510949330429,0.9993288484401555,1.0000889342418484
-0.1,1.0302197540975435,17.8,-0.3250326768134313,-0.008457234355501313,0.9993349440186409,1.0000881310899685
-0.1,1.0302197540975435,17.85,-0.3241888086816471,-0.00842016385545241,0.9993409692297666,1.0000873372811734
-0.1,1.0302197540975435,17.900000000000002,-0.32334863736273645,-0.008383298079884121,0.9993469250847006,1.00008655268294
-0.1,1.0302197540975435,17.95,-0.3225121424519443,-0.00834663566762731,0.999352812577224,1.0000857771649414
-0.1,1.0302197540975435,18.0,-0.3216793036801835,-0.008310175265675795,0.9993586326840755,1.0000850105990073
-0.1,1.0302197540975435,18.05,-0.3208501009132193,-0.00827391552921528,0.9993643863652902,1.000084252859082
-0.1,1.0302197540975435,18.1,-0.32002451415085276,-0.008237855121648686,0.9993700745645284,1.0000835038211864
-0.1,1.0302197540975435,18.150000000000002,-0.3192025235261004,-0.008201992714618129,0.9993756982094003,1.0000827633633775
-0.1,1.0302197540975435,18.2,-0.3183841093043731,-0.008166326988023652,0.9993812582117805,1.0000820313657108
-0.1,1.0302197540975435,18.25,-0.31756925188265234,-0.008130856630038803,0.9993867554681173,1.0000813077102038
-0.1,1.0302197540975435,18.3,-0.31675793178866657,-0.008095580337123267,0.9993921908597332,1.0000805922807985
-0.1,1.0302197540975435,18.35,-0.3159501296800641,-0.008060496814032534,0.9993975652531225,1.0000798849633268
-0.1,1.0302197540975435,18.400000000000002,-0.3151458263435874,-0.008025604773824887,0.9994028795002385,1.0000791856454743
-0.1,1.0302197540975435,18.45,-0.3143450026942457,-0.00799090293786565,0.9994081344387763,1.0000784942167467
-0.1,1.0302197540975435,18.5,-0.313547639774488,-0.007956390035828962,0.9994133308924474,1.0000778105684358
-0.1,1.0302197540975435,18.55,-0.31275371875337465,-0.007922064805697035,0.9994184696712521,1.0000771345935884
-0.1,1.0302197540975435,18.6,-0.31196322092575085,-0.007887925993757143,0.9994235515717442,1.0000764661869712
-0.1,1.0302197540975435,18.650000000000002,-0.3111761277114186,-0.007853972354596284,0.9994285773772853,1.0000758052450403
-0.1,1.0302197540975435,18.7,-0.31039242065431155,-0.007820202651093741,0.9994335478583034,1.0000751516659125
-0.1,1.0302197540975435,18.75,-0.30961208142166735,-0.007786615654411554,0.9994384637725363,1.0000745053493323
-0.1,1.0302197540975435,18.8,-0.30883509180320495,-0.0077532101439830164,0.9994433258652741,1.0000738661966435
-0.1,1.0302197540975435,18.85,-0.3080614337102992,-0.007719984907499292,0.9994481348695988,1.00007323411076
-0.1,1.0302197540975435,18.900000000000002,-0.3072910891751594,-0.007686938740894182,0.9994528915066115,1.0000726089961367
-0.1,1.0302197540975435,18.95,-0.3065240403500082,-0.007654070448327209,0.9994575964856641,1.0000719907587432
-0.1,1.0302197540975435,19.0,-0.305760269506262,-0.007621378842164996,0.9994622505045783,1.0000713793060345
-0.1,1.0302197540975435,19.05,-0.3049997590337142,-0.007588862742961077,0.9994668542498619,1.0000707745469248
-0.1,1.0302197540975435,19.1,-0.3042424914397194,-0.007556520979434208,0.9994714083969253,1.0000701763917645
-0.1,1.0302197540975435,19.150000000000002,-0.30348844934837926,-0.007524352388445212,0.9994759136102853,1.0000695847523078
-0.1,1.0302197540975435,19.200000000000003,-0.3027376154997326,-0.007492355814972431,0.9994803705437727,1.000068999541695
-0.1,1.0302197540975435,19.25,-0.30198997274894573,-0.007460530112085901,0.9994847798407276,1.0000684206744221
-0.1,1.0302197540975435,19.3,-0.30124550406550576,-0.007428874140920206,0.9994891421341975,1.000067848066318
-0.1,1.0302197540975435,19.35,-0.3005041925324184,-0.007397386770646231,0.999493458047127,1.0000672816345249
-0.1,1.0302197540975435,19.400000000000002,-0.29976602134540464,-0.007366066878441656,0.9994977281925466,1.0000667212974688
-0.1,1.0302197540975435,19.450000000000003,-0.29903097381210475,-0.007334913349460474,0.9995019531737526,1.0000661669748399
-0.1,1.0302197540975435,19.5,-0.2982990333512819,-0.007303925076801383,0.9995061335844896,1.0000656185875711
-0.1,1.0302197540975435,19.55,-0.29757018349203,-0.007273100961475293,0.9995102700091241,1.0000650760578151
-0.1,1.0302197540975435,19.6,-0.29684440787298494,-0.007242439912371805,0.9995143630228182,1.0000645393089214
-0.1,1.0302197540975435,19.650000000000002,-0.2961216902415387,-0.007211940846224873,0.999518413191695,1.0000640082654186
-0.1,1.0302197540975435,19.700000000000003,-0.2954020144530568,-0.007181602687577625,0.9995224210730072,1.0000634828529906
-0.1,1.0302197540975435,19.75,-0.2946853644700987,-0.007151424368746323,0.999526387215295,1.000062962998458
-0.1,1.0302197540975435,19.8,-0.2939717243616432,-0.007121404829783671,0.9995303121585476,1.0000624486297587
-0.1,1.0302197540975435,19.85,-0.29326107830231596,-0.007091543018441345,0.9995341964343547,1.000061939675926
-0.1,1.0302197540975435,19.900000000000002,-0.2925534105716205,-0.007061837890131879,0.9995380405660612,1.0000614360670748
-0.1,1.0302197540975435,19.950000000000003,-0.2918487055531744,-0.007032288407889896,0.9995418450689135,1.0000609377343754
-0.1,1.0302197540975435,20.0,-0.2911469477339479,-0.007002893542332794,0.9995456104502077,1.0000604446100423
-0.1,1.0302197540975435,20.1,-0.28975221215325975,-0.006944563581416683,0.999553025838393,1.0000594737204227
-0.1,1.0302197540975435,20.28615468146082,-0.28718666426001094,-0.006837588387975779,0.9995664317371736,1.0000577193656452
-0.1,1.0302197540975435,20.47403342090323,-0.28463734757521614,-0.006731700934914808,0.9995794571044114,1.0000560159246408
-0.1,1.0302197540975435,20.663652185564246,-0.2821043708725164,-0.006626898211776576,0.9995921127591955,1.0000543619391669
-0.1,1.0302197540975435,20.855027090560313,-0.2795878409368603,-0.006523176966904462,0.9996044092008162,1.0000527559907981
-0.1,1.0302197540975435,21.04817440025684,-0.2770878625946525,-0.006420533721291563,0.9996163566182455,1.0000511966999677
-0.1,1.0302197540975435,21.243110529650455,-0.2746045387416309,-0.006318964781924958,0.9996279648993549,1.000049682725027
-0.1,1.0302197540975435,21.439852045764102,-0.27213797036853554,-0.0062184662546361305,0.9996392436398883,1.0000482127613204
-0.1,1.0302197540975435,21.638415669054964,-0.26968825658464796,-0.006119034056468453,0.9996502021521853,1.0000467855402777
-0.1,1.0302197540975435,21.83881827483555,-0.2672554946392719,-0.006020663927572389,0.999660849473662,1.0000453998285224
-0.1,1.0302197540975435,22.04107689470784,-0.2648397799412405,-0.005923351442639308,0.999671194375064,1.0000440544269966
-0.1,1.0302197540975435,22.245208718010712,-0.26244120607652677,-0.005827092021884321,0.9996812453684855,1.0000427481701055
-0.1,1.0302197540975435,22.4512310932809,-0.26005986482402776,-0.005731880941588692,0.9996910107151628,1.0000414799248727
-0.1,1.0302197540975435,22.659161529727328,-0.2576958461695931,-0.005637713344212364,0.999700498433052,1.0000402485901179
-0.1,1.0302197540975435,22.86901769871915,-0.25534923831834794,-0.00554458424808681,0.9997097163041915,1.0000390530956458
-0.1,1.0302197540975435,23.080817435287667,-0.25302012770535637,-0.005452488556698533,0.9997186718818541,1.0000378924014544
-0.1,1.0302197540975435,23.294578739641963,-0.25070859900465453,-0.005361421067573471,0.9997273724974979,1.0000367654969593
-0.1,1.0302197540975435,23.510319778698783,-0.24841473513666767,-0.00527137648077231,0.9997358252675141,1.0000356714002319
-0.1,1.0302197540975435,23.72805888762644,-0.2461386172740186,-0.005182349407006844,0.9997440370997875,1.0000346091572565
-0.1,1.0302197540975435,23.947814571403043,-0.24388032484571115,-0.005094334375387292,0.9997520147000589,1.0000335778411982
-0.1,1.0302197540975435,24.169605506389228,-0.24163993553967444,-0.00500732584081042,0.9997597645781104,1.0000325765516935
-0.1,1.0302197540975435,24.39345054191539,-0.2394175253036332,-0.004921318190998237,0.9997672930537659,1.0000316044141484
-0.1,1.0302197540975435,24.619368701883577,-0.23721316834427508,-0.004836305753196944,0.9997746062627187,1.0000306605790574
-0.1,1.0302197540975435,24.847379186384366,-0.23502693712466974,-0.004752282800545535,0.9997817101621852,1.0000297442213348
-0.1,1.0302197540975435,25.077501373328523,-0.23285890235990747,-0.004669243558123594,0.9997886105363961,1.000028854539663
-0.1,1.0302197540975435,25.30975482009396,-0.2307091330109162,-0.004587182208687297,0.9997953130019186,1.0000279907558507
-0.1,1.0302197540975435,25.544159265187808,-0.2285776962764326,-0.004506092898102871,0.9998018230128299,1.0000271521142134
-0.1,1.0302197540975435,25.780734629923902,-0.22646465758310155,-0.00442596974048618,0.9998081458657239,1.0000263378809597
-0.1,1.0302197540975435,26.019501020115914,-0.22437008057369645,-0.0043468068230572325,0.9998142867045781,1.000025547343597
-0.1,1.0302197540975435,26.260478727786037,-0.22229402709346138,-0.004268598210717992,0.9998202505254713,1.0000247798103505
-0.1,1.0302197540975435,26.503688232889502,-0.22023655717459187,-0.004191337950361792,0.999826042181153,1.0000240346095925
-0.1,1.0302197540975435,26.74915020505521,-0.21819772901888354,-0.0041150200749222555,0.9998316663854843,1.0000233110892907
-0.1,1.0302197540975435,26.99688550534226,-0.21617759897859498,-0.004039638607169724,0.9998371277177341,1.0000226086164636
-0.1,1.0302197540975435,27.246915188012967,-0.21417622153558077,-0.003965187563262481,0.9998424306267497,1.0000219265766535
-0.1,1.0302197540975435,27.499260502322162,-0.21219364927876985,-0.003891660956060457,0.9998475794349952,1.0000212643734103
-0.1,1.0302197540975435,27.753942894323053,-0.2102299328800659,-0.003819052798208256,0.99985257834247,1.0000206214277882
-0.1,1.0302197540975435,28.010984008689945,-0.20828512106876404,-0.0037473571049946443,0.999857431430502,1.000019997177855
-0.1,1.0302197540975435,28.270405690557713,-0.20635926060458062,-0.0036765678969951795,0.9998621426654258,1.0000193910782116
-0.1,1.0302197540975435,28.532229987378305,-0.20445239624939593,-0.0036066792025045394,0.9998667159021444,1.0000188025995287
-0.1,1.0302197540975435,28.79647915079459,-0.20256457073781065,-0.003537685059764978,0.9998711548875783,1.000018231228087
-0.1,1.0302197540975435,29.063175638531384,-0.20069582474662181,-0.0034695795189971634,0.9998754632640122,1.0000176764653377
-0.1,1.0302197540975435,29.332342116304055,-0.19884619686330918,-0.0034023566442395264,0.9998796445723268,1.0000171378274676
-0.1,1.0302197540975435,29.604001459744886,-0.1970157235536275,-0.003336010515002091,0.999883702255139,1.0000166148449765
-0.1,1.0302197540975435,29.8781767563471,-0.19520443912838742,-0.0032705352277407557,0.9998876396598348,1.0000161070622702
-0.1,1.0302197540975435,30.154891307427096,-0.1934123757094979,-0.0032059248971577285,0.999891460041509,1.0000156140372576
-0.1,1.0302197540975435,30.43416863010471,-0.1916395631953391,-0.003142173657333972,0.9998951665658095,1.0000151353409605
-0.1,1.0302197540975435,30.716032459301825,-0.18988602922551723,-0.003079275662699216,0.999898762311694,1.0000146705571373
-0.1,1.0302197540975435,31.00050674975963,-0.18815179914504884,-0.0030172250888451384,0.999902250274094,1.0000142192819093
-0.1,1.0302197540975435,31.287615678074335,-0.1864368959680115,-0.002956016133187332,0.9999056333664958,1.000013781123404
-0.1,1.0302197540975435,31.577383644751972,-0.18474134034068734,-0.0028956430154814137,0.999908914423438,1.000013355701402
-0.1,1.0302197540975435,31.869835276282085,-0.18306515050422417,-0.002836099978198748,0.9999120962029268,1.0000129426469988
-0.1,1.0302197540975435,32.16499542723059,-0.18140834225683025,-0.002777381286767195,0.9999151813887742,1.000012541602271
-0.1,1.0302197540975435,32.462889182352235,-0.17977092891551796,-0.002719481229682054,0.9999181725928579,1.0000121522199534
-0.1,1.0302197540975435,32.763541858722334,-0.17815292127741303,-0.002662394118492551,0.999921072357315,1.0000117741631236
-0.1,1.0302197540975435,33.06697900788844,-0.17655432758064474,-0.0026061142876689708,0.9999238831566503,1.0000114071049
-0.1,1.0302197540975435,33.373226418041924,-0.1749751534648379,-0.0025506360943554902,0.9999266073997887,1.0000110507281388
-0.1,1.0302197540975435,33.68231011620963,-0.17341540193123525,-0.0024959539180137856,0.9999292474320518,1.0000107047251492
-0.1,1.0302197540975435,33.99425637046573,-0.17187507330248483,-0.002442062159962264,0.9999318055370722,1.0000103687974096
-0.1,1.0302197540975435,34.30909169216431,-0.1703541651821352,-0.002388955242815745,0.9999342839386437,1.000010042655293
-0.1,1.0302197540975435,34.62684283819243,-0.16885267241389473,-0.0023366276098303516,0.9999366848025103,1.0000097260178045
-0.1,1.0302197540975435,34.94753681324406,-0.16737058704072041,-0.0022850737241582168,0.9999390102380944,1.000009418612318
-0.1,1.0302197540975435,35.2712008721152,-0.16590789826381203,-0.0022342880680165343,0.9999412623001678,1.0000091201743286
-0.1,1.0302197540975435,35.597862522020144,-0.16446459240160133,-0.002184265141775437,0.9999434429904661,1.0000088304472043
-0.1,1.0302197540975435,35.927549524929255,-0.16304065284883446,-0.0021349994629690076,0.9999455542592498,1.0000085491819517
-0.1,1.0302197540975435,36.26028989992831,-0.16163606003585623,-0.002086485565233781,0.9999475980068097,1.0000082761369826
-0.1,1.0302197540975435,36.59611192559986,-0.16025079138821344,-0.00203871799717884,0.9999495760849231,1.0000080110778904
-0.1,1.0302197540975435,36.93504414242648,-0.15888482128670184,-0.001991691321191746,0.9999514902982626,1.0000077537772332
-0.1,1.0302197540975435,37.27711535521626,-0.15753812102798684,-0.0019454001121843678,0.9999533424057502,1.0000075040143193
-0.1,1.0302197540975435,37.62235463555102,-0.15621065878593016,-0.0018998389562825946,0.9999551341218718,1.000007261575004
-0.1,1.0302197540975435,37.97079132425686,-0.15490239957375881,-0.0018550024494640906,0.9999568671179413,1.000007026251488
-0.1,1.0302197540975435,38.32245503389777,-0.15361330520721106,-0.0018108851961479882,0.9999585430233253,1.0000067978421232
-0.1,1.0302197540975435,38.67737565129239,-0.15234333426879276,-0.0017674818077405914,0.9999601634266205,1.0000065761512262
-0.1,1.0302197540975435,39.03558334005395,-0.15109244207327427,-0.001724786901141093,0.9999617298767954,1.0000063609888916
-0.1,1.0302197540975435,39.3971085431537,-0.1498605806345535,-0.0016827950972113774,0.9999632438842893,1.0000061521708183
-0.1,1.0302197540975435,39.761981985508335,-0.14864769863400312,-0.0016415010192139237,0.9999647069220712,1.0000059495181337
-0.1,1.0302197540975435,40.1302346765911,-0.14745374139041748,-0.0016008992912219986,0.9999661204266674,1.0000057528572266
-0.1,1.0302197540975435,40.50189791306716,-0.14627865083166194,-0.001560984536506274,0.999967485799148,1.0000055620195862
-0.1,1.0302197540975435,40.87700328145351,-0.14512236546812401,-0.0015217513759020495,0.9999688044060814,1.0000053768416426
-0.1,1.0302197540975435,41.25558266080338,-0.14398482036805701,-0.0014831944261614208,0.9999700775804534,1.000005197164614
-0.1,1.0302197540975435,41.63766822541544,-0.14286594713489897,-0.0014453082982946598,0.9999713066225574,1.0000050228343584
-0.1,1.0302197540975435,42.02329244756837,-0.1417656738866442,-0.0014080875959052244,0.9999724928008502,1.000004853701228
-0.1,1.0302197540975435,42.41248810028041,-0.1406839252373385,-0.0013715269135227963,0.9999736373527779,1.0000046896199315
-0.1,1.0302197540975435,42.80528826009479,-0.13962062228076397,-0.0013356208349388679,0.9999747414855775,1.000004530449394
-0.1,1.0302197540975435,43.20172630989064,-0.13857568257637712,-0.0013003639315493586,0.9999758063770421,1.0000043760526316
-0.1,1.0302197540975435,43.60183594172025,-0.13754902013755904,-0.001265750760708816,0.999976833176268,1.0000042262966171
-0.1,1.0302197540975435,44.00565115967241,-0.13654054542223726,-0.001231775864100824,0.9999778230043698,1.000004081052159
-0.1,1.0302197540975435,44.413206282762204,-0.1355501653259377,-0.0011984337661291294,0.9999787769551725,1.0000039401937824
-0.1,1.0302197540975435,44.824535947847835,-0.13457778317732477,-0.001165718972334134,0.9999796960958806,1.0000038035996102
-0.1,1.0302197540975435,45.23967511257426,-0.1336232987362926,-0.0011336259678393526,0.9999805814677221,1.0000036711512512
-0.1,1.0302197540975435,45.65865905834403,-0.1326866081946688,-0.0011021492158323554,0.9999814340865706,1.0000035427336897
-0.1,1.0302197540975435,46.081523393315884,-0.13176760417959751,-0.001071283156084781,0.9999822549435459,1.0000034182351798
-0.1,1.0302197540975435,46.50830405543093,-0.1308661757596727,-0.0010410222035159243,0.9999830450055956,1.0000032975471433
-0.1,1.0302197540975435,46.93903731546684,-0.12998220845389266,-0.0010113607468043653,0.9999838052160545,1.0000031805640672
-0.1,1.0302197540975435,47.37375978012049,-0.12911558424351377,-0.0009822931470520354,0.9999845364951834,1.000003067183411
-0.1,1.0302197540975435,47.81250839511901,-0.12826618158688158,-0.0009538137365050916,0.9999852397406961,1.0000029573055087
-0.1,1.0302197540975435,48.25532044835962,-0.12743387543732185,-0.0009259168173358855,0.9999859158282621,1.000002850833482
-0.1,1.0302197540975435,48.70223357307873,-0.12661853726417358,-0.0008985966604901969,0.9999865656119937,1.0000027476731495
-0.1,1.0302197540975435,49.15328575105025,-0.12582003507704811,-0.0008718475046039187,0.9999871899249203,1.0000026477329444
-0.1,1.0302197540975435,49.608515315813406,-0.12503823345339857,-0.0008456635549931678,0.9999877895794419,1.0000025509238286
-0.1,1.0302197540975435,50.067960955930815,-0.12427299356947911,-0.0008200389827218328,0.9999883653677746,1.000002457159216
-0.1,1.0302197540975435,50.5316617182763,-0.12352417323477427,-0.0007949679237503587,0.9999889180623727,1.000002366354895
-0.1,1.0302197540975435,50.99965701135351,-0.12279162692997118,-0.0007704444781695643,0.999989448416347,1.0000022784289515
-0.1,1.0302197540975435,51.47198660864504,-0.12207520584854482,-0.0007464627095230649,0.9999899571638627,1.0000021933016994
-0.1,1.0302197540975435,51.9486906519927,-0.12137475794201631,-0.0007230166442219575,0.9999904450205291,1.0000021108956099
-0.1,1.0302197540975435,52.429809655009066,-0.12069012796893874,-0.0007001002710550151,0.9999909126837755,1.0000020311352429
-0.1,1.0302197540975435,52.91538450652049,-0.1200211575476552,-0.0006777075407978364,0.9999913608332153,1.000001953947183
-0.1,1.0302197540975435,53.40545647404229,-0.11936768521286223,-0.0006558323659239729,0.999991790131004,1.0000018792599756
-0.1,1.0302197540975435,53.90006720728585,-0.11872954647600284,-0.0006344686204211468,0.99999220122218,1.0000018070040662
-0.1,1.0302197540975435,54.39925874169825,-0.11810657388950105,-0.0006136101397153682,0.9999925947350036,1.0000017371117413
-0.1,1.0302197540975435,54.90307350203484,-0.11749859711483553,-0.0005932507207056419,0.9999929712812794,1.0000016695170717
-0.1,1.0302197540975435,55.41155430596479,-0.11690544299444178,-0.0005733841219118327,0.9999933314566762,1.000001604155857
-0.1,1.0302197540975435,55.924744367709856,-0.11632693562741588,-0.0005540040637380082,0.9999936758410354,1.000001540965573
-0.1,1.0302197540975435,56.442687301717264,-0.11576289644898145,-0.0005351042288533787,0.9999940049986729,1.0000014798853198
-0.1,1.0302197540975435,56.96542712636624,-0.11521314431366993,-0.0005166782626928067,0.9999943194786742,1.0000014208557728
-0.1,1.0302197540975435,57.493008267708944,-0.11467749558215086,-0.0004987197740785438,0.999994619815183,1.0000013638191363
-0.1,1.0302197540975435,58.02547556324627,-0.1141557642116379,-0.00048122233596468815,0.9999949065276814,1.0000013087190938
-0.1,1.0302197540975435,58.562874265738245,-0.11364776184978474,-0.0004641794863055241,0.9999951801212672,1.0000012555007667
-0.1,1.0302197540975435,59.10525004705015,-0.11315329793197414,-0.00044758472904868097,0.9999954410869235,1.0000012041106712
-0.1,1.0302197540975435,59.65264900203377,-0.11267217978189518,-0.0004314315352537451,0.9999956899017841,1.0000011544966763
-0.1,1.0302197540975435,60.2051176524451,-0.11220421271529127,-0.0004157133443366505,0.9999959270293928,1.0000011066079637
-0.1,1.0302197540975435,60.76270295089797,-0.11174920014675654,-0.0004004235654398016,0.9999961529199627,1.000001060394991
-0.1,1.0302197540975435,61.325452284854336,-0.11130694369944757,-0.0003855555789276765,0.9999963680106242,1.0000010158094539
-0.1,1.0302197540975435,61.89341348065174,-0.11087724331757119,-0.0003711027380071664,0.9999965727256747,1.0000009728042496
-0.1,1.0302197540975435,62.466634807567864,-0.11045989738150372,-0.000357058370471598,0.9999967674768215,1.000000931333445
-0.1,1.0302197540975435,63.0451649819227,-0.11005470282538846,-0.00034341578056709416,0.9999969526634257,1.000000891352244
-0.1,1.0302197540975435,63.629053171218956,-0.10966145525705484,-0.0003301682509794066,0.9999971286727362,1.0000008528169515
-0.1,1.0302197540975435,64.21834899832058,-0.10927994908009679,-0.000317309044939091,0.9999972958801274,1.0000008156849494
-0.1,1.0302197540975435,64.81310254566993,-0.10890997761794328,-0.0003048314084424351,0.9999974546493297,1.0000007799146633
-0.1,1.0302197540975435,65.4133643595444,-0.10855133323974926,-0.00029272857258518366,0.99999760533266,1.0000007454655346
-0.1,1.0302197540975435,66.01918545435197,-0.10820380748793217,-0.00028099375600571864,0.9999977482712498,1.0000007122979966
-0.1,1.0302197540975435,66.63061731696679,-0.10786719120717357,-0.0002696201674339208,0.9999978837952671,1.0000006803734447
-0.1,1.0302197540975435,67.24771191110499,-0.10754127467470367,-0.0002586010083416263,0.9999980122241451,1.0000006496542146
-0.1,1.0302197540975435,67.87052168174088,-0.10722584773168017,-0.00024792947569010344,0.9999981338667975,1.0000006201035574
-0.1,1.0302197540975435,68.49909955956402,-0.1069206999154727,-0.00023759876476971644,0.999998249021842,1.0000005916856165
-0.1,1.0302197540975435,69.13349896547759,-0.10662562059265605,-0.000227602072126494,0.9999983579778162,1.0000005643654057
-0.1,1.0302197540975435,69.77377381513884,-0.10634039909251695,-0.0002179325985699871,0.9999984610133945,1.000000538108789
-0.1,1.0302197540975435,70.41997852354069,-0.10606482484087033,-0.00020858355225653359,0.9999985583976018,1.0000005128824594
-0.1,1.0302197540975435,71.0721680096366,-0.10579868749398215,-0.00019954815184160097,0.9999986503900274,1.0000004886539207
-0.1,1.0302197540975435,71.73039770100793,-0.10554177707238936,-0.00019081962969468857,0.9999987372410373,1.0000004653914671
-0.1,1.0302197540975435,72.39472353857458,-0.10529388409440592,-0.00018239123516993171,0.9999988191919822,1.0000004430641674
-0.1,1.0302197540975435,73.06520198134909,-0.10505479970910103,-0.0001742562379253279,0.9999988964754087,1.0000004216418465
-0.1,1.0302197540975435,73.74189001123509,-0.10482431582853144,-0.00016640793128319776,0.9999989693152661,1.00000040109507
-0.1,1.0302197540975435,74.42484513786997,-0.10460222525900936,-0.00015883963562437684,0.999999037927113,1.0000003813951264
-0.1,1.0302197540975435,75.11412540351232,-0.10438832183118461,-0.00015154470180836805,0.9999991025183215,1.0000003625140155
-0.1,1.0302197540975435,75.80978938797494,-0.10418240052871779,-0.00014451651461156245,0.9999991632882804,1.0000003444244299
-0.1,1.0302197540975435,76.51189621360336,-0.10398425761532165,-0.00013774849617548328,0.9999992204285999,1.0000003270997437
-0.1,1.0302197540975435,77.22050555030022,-0.10379369075994699,-0.0001312341094569266,0.9999992741233096,1.0000003105139985
-0.1,1.0302197540975435,77.93567762059672,-0.10361049915988921,-0.00012496686167176124,0.9999993245490594,1.000000294641888
-0.1,1.0302197540975435,78.65747320477065,-0.10343448366159524,-0.00011894030772413484,0.9999993718753165,1.0000002794587501
-0.1,1.0302197540975435,79.38595364601184,-0.1032654468789499,-0.00011314805361280118,0.9999994162645631,1.0000002649405497
-0.1,1.0302197540975435,80.12118085563553,-0.1031031933088262,-0.00010758375980627828,0.9999994578724896,1.0000002510638721
-0.1,1.0302197540975435,80.86321731834431,-0.10294752944368664,-0.00010224114457863792,0.9999994968481883,1.0000002378059063
-0.1,1.0302197540975435,81.61212609753805,-0.10279826388102845,-9.711398729773698e-05,0.9999995333343449,1.0000002251444398
-0.1,1.0302197540975435,82.36797084067375,-0.10265520742947039,-9.219613165787264e-05,0.9999995674674284,1.0000002130578418
-0.1,1.0302197540975435,83.13081578467474,-0.10251817321128752,-8.748148884888585e-05,0.9999995993778776,1.0000002015250593
-0.1,1.0302197540975435,83.90072576138992,-0.10238697676120569,-8.29640406540161e-05,0.9999996291902883,1.0000001905256009
-0.1,1.0302197540975435,84.67776620310352,-0.10226143612127922,-7.863784246888547e-05,0.9999996570235944,1.0000001800395324
-0.1,1.0302197540975435,85.46200314809617,-0.1021413719316819,-7.449702623429066e-05,0.9999996829912526,1.0000001700474632
-0.1,1.0302197540975435,86.25350324625728,-0.10202660751725394,-7.053580327569614e-05,0.9999997072014191,1.00000016053054
-0.1,1.0302197540975435,87.05233376474918,-0.10191696896965846,-6.674846704257897e-05,0.9999997297571275,1.0000001514704353
-0.1,1.0302197540975435,87.85856259372419,-0.10181228522501276,-6.312939574114006e-05,0.9999997507564631,1.0000001428493395
-0.1,1.0302197540975435,88.67225825209441,-0.10171238813687211,-5.967305485412469e-05,0.9999997702927337,1.0000001346499532
-0.1,1.0302197540975435,89.49348989335462,-0.10161711254445867,-5.637399954194345e-05,0.9999997884546414,1.0000001268554761
-0.1,1.0302197540975435,90.32232731145982,-0.10152629633603934,-5.3226876919580944e-05,0.9999998053264466,1.0000001194496007
-0.1,1.0302197540975435,91.15884094675663,-0.10143978050737364,-5.022642820420975e-05,0.9999998209881321,1.0000001124165019
-0.1,1.0302197540975435,92.0031018919696,-0.1013574092151643,-4.736749072882979e-05,0.9999998355155649,1.0000001057408305
-0.1,1.0302197540975435,92.85518189824359,-0.10127902982546076,-4.464499981767561e-05,0.9999998489806536,1.0000000994077043
-0.1,1.0302197540975435,93.71515338124135,-0.10120449295697861,-4.205399051958351e-05,0.9999998614515035,1.0000000934027002
-0.1,1.0302197540975435,94.58308942729796,-0.101133652519314,-3.958959919596986e-05,0.9999998729925683,1.0000000877118442
-0.1,1.0302197540975435,95.45906379963219,-0.10106636574604684,-3.724706496053634e-05,0.9999998836647952,1.0000000823216062
-0.1,1.0302197540975435,96.34315094461576,-0.10100249322274214,-3.502173096830469e-05,0.9999998935257761,1.0000000772188895
-0.1,1.0302197540975435,97.23542599809973,-0.10094189890987156,-3.290904555205717e-05,0.9999999026298847,1.000000072391024
-0.1,1.0302197540975435,98.13596479180039,-0.10088445016069306,-3.0904563204779174e-05,0.9999999110284171,1.0000000678257592
-0.1,1.0302197540975435,99.04484385974408,-0.10083001773414126,-2.9003945407152378e-05,0.9999999187697242,1.000000063511253
-0.1,1.0302197540975435,99.96214044477135,-0.10077847580279209,-2.720296129968919e-05,0.9999999258993469,1.0000000594360674
-0.1,1.0302197540975435,100.88793250510167,-0.10072970195598077,-2.5497488199556624e-05,0.999999932460141,1.0000000555891588
-0.1,1.0302197540975435,101.82229872095873,-0.10068357719816279,-2.3883511962663274e-05,0.9999999384924015,1.0000000519598686
-0.1,1.0302197540975435,102.76531850125772,-0.10063998594262155,-2.2357127192020242e-05,0.9999999440339865,1.0000000485379184
-0.1,1.0302197540975435,103.71707199035326,-0.10059881600063472,-2.0914537293913334e-05,0.9999999491204298,1.0000000453133993
-0.1,1.0302197540975435,104.67764007485148,-0.10055995856622477,-1.9552054383853573e-05,0.9999999537850582,1.0000000422767659
-0.1,1.0302197540975435,105.64710439048359,-0.10052330819662633,-1.826609904474713e-05,0.9999999580590981,1.0000000394188262
-0.1,1.0302197540975435,106.62554732904427,-0.10048876278861474,-1.7053199940128165e-05,0.9999999619717855,1.000000036730736
-0.1,1.0302197540975435,107.61305204539366,-0.1004562235508457,-1.5909993285766435e-05,0.9999999655504643,1.0000000342039885
-0.1,1.0302197540975435,108.60970246452491,-0.1004255949723655,-1.4833222183317636e-05,0.999999968820689,1.0000000318304083
-0.1,1.0302197540975435,109.61558328869602,-0.10039678478745753,-1.3819735820095246e-05,0.9999999718063183,1.0000000296021425
-0.1,1.0302197540975435,110.63078000462876,-0.10036970393699583,-1.2866488539355902e-05,0.9999999745296073,1.000000027511653
-0.1,1.0302197540975435,111.65537889077429,-0.10034426652648312,-1.1970538785903036e-05,0.9999999770112946,1.000000025551707
-0.1,1.0302197540975435,112.68946702464496,-0.10032038978095394,-1.1129047932009127e-05,0.9999999792706911,1.0000000237153726
-0.1,1.0302197540975435,113.73313229021528,-0.10029799399692735,-1.0339278989043771e-05,0.9999999813257558,1.0000000219960061
-0.1,1.0302197540975435,114.78646338539066,-0.10027700249159796,-9.59859521038129e-06,0.9999999831931796,1.0000000203872486
-0.1,1.0302197540975435,115.84954982954602,-0.1002573415494531,-8.904458591408368e-06,0.9999999848884557,1.0000000188830152
-0.1,1.0302197540975435,116.92248197113297,-0.10023894036650917,-8.25442827265029e-06,0.9999999864259529,1.0000000174774875
-0.1,1.0302197540975435,118.00535099535914,-0.10022173099235822,-7.646158852192648e-06,0.9999999878189854,1.0000000161651075
-0.1,1.0302197540975435,119.09824893193696,-0.10020564827021647,-7.077398613716667e-06,0.999999989079874,1.0000000149405668
-0.1,1.0302197540975435,120.2012686629055,-0.10019062977516713,-6.545987676577955e-06,0.9999999902200125,1.0000000137988025
-0.1,1.0302197540975435,121.31450393052383,-0.10017661575078647,-6.049856074418075e-06,0.999999991249924,1.0000000127349862
-0.1,1.0302197540975435,122.43804934523853,-0.10016354904434321,-5.587021768884155e-06,0.9999999921793181,1.0000000117445185
-0.1,1.0302197540975435,123.5720003937234,-0.10015137504075568,-5.155588604979771e-06,0.9999999930171461,1.0000000108230211
-0.1,1.0302197540975435,124.7164534469956,-0.10014004159549085,-4.75374421467111e-06,0.9999999937716474,1.000000009966328
-0.1,1.0302197540975435,125.87150576860506,-0.10012949896658534,-4.379757875231769e-06,0.9999999944504023,1.0000000091704806
-0.1,1.0302197540975435,127.03725552290106,-0.10011969974596345,-4.031978328784606e-06,0.9999999950603734,1.000000008431717
-0.1,1.0302197540975435,128.21380178337475,-0.10011059879022458,-3.708831569450926e-06,0.9999999956079525,1.0000000077464692
-0.1,1.0302197540975435,129.40124454107954,-0.10010215315106698,-3.4088186043600115e-06,0.999999996098997,1.000000007111351
-0.1,1.0302197540975435,130.59968471312828,-0.10009432200550944,-3.1305131946360977e-06,0.9999999965388726,1.000000006523156
-0.1,1.0302197540975435,131.8092241512703,-0.10008706658606732,-2.872559582359349e-06,0.9999999969324853,1.0000000059788474
-0.1,1.0302197540975435,133.02996565054787,-0.100080350111034,-2.6336702092991137e-06,0.9999999972843174,1.000000005475551
-0.1,1.0302197540975435,134.26201295803162,-0.10007413771501218,-2.412623433037493e-06,0.9999999975984603,1.0000000050105522
-0.1,1.0302197540975435,135.5054707816382,-0.10006839637983277,-2.2082612458737996e-06,0.9999999978786415,1.0000000045812858
-0.1,1.0302197540975435,136.76044479902887,-0.10006309486599466,-2.0194870017030374e-06,0.9999999981282561,1.0000000041853303
-0.1,1.0302197540975435,138.02704166659132,-0.10005820364474878,-1.8452631558124962e-06,0.9999999983503899,1.0000000038204047
-0.1,1.0302197540975435,139.30536902850287,-0.10005369483094571,-1.6846090222903848e-06,0.9999999985478458,1.0000000034843577
-0.1,1.0302197540975435,140.5955355258802,-0.10004954211675805,-1.5365985534788525e-06,0.9999999987231671,1.0000000031751664
-0.1,1.0302197540975435,141.8976508060113,-0.10004572070638099,-1.4003581456709946e-06,0.9999999988786564,1.0000000028909264
-0.1,1.0302197540975435,143.21182553167466,-0.10004220725180854,-1.2750644749357586e-06,0.9999999990163986,1.0000000026298497
-0.1,1.0302197540975435,144.53817139054382,-0.1000389797897749,-1.1599423667137818e-06,0.9999999991382778,1.0000000023902573
-0.1,1.0302197540975435,145.87680110468003,-0.10003601767994366,-1.0542627025335418e-06,0.9999999992459921,1.000000002170574
-0.1,1.0302197540975435,147.22782844011104,-0.10003330154441942,-9.57340366926509e-07,0.9999999993410765,1.0000000019693243
-0.1,1.0302197540975435,148.59136821650102,-0.1000308132086504,-8.685322373319754e-07,0.9999999994249099,1.000000001785127
-0.1,1.0302197540975435,149.9675363169076,-0.10002853564378232,-7.87235219517552e-07,0.999999999498733,1.0000000016166888
-0.1,1.0302197540975435,151.35644969763095,-0.10002645291051841,-7.128843307571592e-07,0.9999999995636603,1.0000000014628023
-0.1,1.0302197540975435,152.75822639815343,-0.10002455010453057,-6.449508327400755e-07,0.9999999996206902,1.0000000013223398
-0.1,1.0302197540975435,154.17298555117182,-0.10002281330346381,-5.829404159308452e-07,0.9999999996707196,1.0000000011942494
-0.1,1.0302197540975435,155.60084739272125,-0.10002122951556576,-5.263914368338448e-07,0.9999999997145476,1.000000001077552
-0.1,1.0302197540975435,157.0419332723941,-0.10001978662996917,-4.748732093464097e-07,0.999999999752891,1.0000000009713337
-0.1,1.0302197540975435,158.4963656636536,-0.10001847336864719,-4.279843512061885e-07,0.9999999997863873,1.0000000008747465
-0.1,1.0302197540975435,159.96426817424148,-0.10001727924005718,-3.853511862082296e-07,0.9999999998156069,1.000000000787002
-0.1,1.0302197540975435,161.44576555668382,-0.10001619449448089,-3.4662620276001245e-07,0.9999999998410553,1.0000000007073684
-0.1,1.0302197540975435,162.94098371889282,-0.10001521008106429,-3.11486569007731e-07,0.9999999998631832,1.0000000006351664
-0.1,1.0302197540975435,164.4500497348682,-0.10001431760655562,-2.796327046766795e-07,0.9999999998823911,1.0000000005697682
-0.1,1.0302197540975435,165.97309185549548,-0.10001350929573362,-2.507869095074143e-07,0.9999999998990337,1.000000000510592
-0.1,1.0302197540975435,167.5102395194472,-0.10001277795351476,-2.2469204801700874e-07,0.9999999999134249,1.000000000457099
-0.1,1.0302197540975435,169.06162336418203,-0.10001211692872229,-2.011102901485556e-07,0.9999999999258433,1.0000000004087937
-0.1,1.0302197540975435,170.6273752370482,-0.1000115200794973,-1.79821907196593e-07,0.9999999999365357,1.0000000003652174
-0.1,1.0302197540975435,172.20762820648835,-0.1000109817403265,-1.6062412230708678e-07,0.9999999999457181,1.0000000003259482
-0.1,1.0302197540975435,173.80251657334924,-0.10001049669065916,-1.4333001463317886e-07,0.9999999999535834,1.0000000002905969
-0.1,1.0302197540975435,175.41217588229446,-0.10001006012508175,-1.277674762105334e-07,0.9999999999603002,1.000000000258806
-0.1,1.0302197540975435,177.0367429333253,-0.10000966762501544,-1.1377822041483201e-07,0.9999999999660178,1.0000000002302485
-0.1,1.0302197540975435,178.67635579340572,-0.10000931513190027,-1.0121684084436331e-07,0.9999999999708669,1.0000000002046219
-0.1,1.0302197540975435,180.33115380819694,-0.10000899892182549,-8.99499193275082e-08,0.9999999999749636,1.0000000001816514
-0.1,1.0302197540975435,182.00127761389967,-0.10000871558156582,-7.98551817274973e-08,0.9999999999784082,1.0000000001610825
-0.1,1.0302197540975435,183.68686914920713,-0.10000846198597896,-7.082070012406607e-08,0.9999999999812902,1.0000000001426856
-0.1,1.0302197540975435,185.38807166736675,-0.10000823527672068,-6.274413991072256e-08,0.9999999999836878,1.0000000001262492
-0.1,1.0302197540975435,187.10502974835543,-0.1000080328422306,-5.553205030534697e-08,0.9999999999856699,1.000000000111581
-0.1,1.0302197540975435,188.83788931116757,-0.10000785229894202,-4.9099196728269615e-08,0.9999999999872956,1.0000000000985043
-0.1,1.0302197540975435,190.58679762621514,-0.10000769147366809,-4.336793349238379e-08,0.9999999999886188,1.0000000000868614
-0.1,1.0302197540975435,192.35190332784438,-0.1000075483871156,-3.8267615216840867e-08,0.9999999999896846,1.0000000000765055
-0.1,1.0302197540975435,194.13335642696757,-0.10000742123847833,-3.373404537811516e-08,0.9999999999905332,1.0000000000673053
-0.1,1.0302197540975435,195.93130832381254,-0.10000730839106114,-2.9708960408732088e-08,0.9999999999912006,1.0000000000591414
-0.1,1.0302197540975435,197.74591182078862,-0.10000720835888663,-2.613954775967186e-08,0.9999999999917175,1.000000000051905
-0.1,1.0302197540975435,199.5773211354742,-0.10000711979423575,-2.2977996335424393e-08,0.9999999999921101,1.0000000000454987
-0.1,1.0302197540975435,201.42569191372198,-0.10000704147607607,-2.0181077773684958e-08,0.9999999999924026,1.000000000039834
-0.1,1.0302197540975435,203.29118124288746,-0.10000697229932935,-1.7709757007076176e-08,0.9999999999926145,1.0000000000348301
-0.1,1.0302197540975435,205.1739476651793,-0.10000691126493384,-1.5528830608699235e-08,0.9999999999927636,1.0000000000304163
-0.1,1.0302197540975435,207.07415119113296,-0.10000685747065541,-1.3606591456209318e-08,0.9999999999928653,1.0000000000265272
-0.1,1.0302197540975435,208.99195331321022,-0.10000681010260429,-1.1914518236705383e-08,0.9999999999929325,1.0000000000231046
-0.1,1.0302197540975435,210.92751701952352,-0.10000676842741428,-1.0426988436193894e-08,0.9999999999929763,1.000000000020096
-0.1,1.0302197540975435,212.88100680768738,-0.10000673178504343,-9.121013401730992e-09,0.999999999993006,1.000000000017455
-0.1,1.0302197540975435,214.8525886987991,-0.1000066995821562,-7.975994180098727e-09,0.9999999999930299,1.0000000000151394
-0.1,1.0302197540975435,216.84243025154836,-0.10000667128604816,-6.9734968652565864e-09,0.9999999999930549,1.0000000000131113
-0.1,1.0302197540975435,218.85070057645706,-0.10000664641907707,-6.097046193104535e-09,0.9999999999930862,1.0000000000113378
-0.1,1.0302197540975435,220.87757035025237,-0.10000662455356421,-5.331936222475969e-09,0.9999999999931279,1.0000000000097886
-0.1,1.0302197540975435,222.92321183037146,-0.10000660530713221,-4.665056969978748e-09,0.9999999999931841,1.0000000000084373
-0.1,1.0302197540975435,224.9877988696007,-0.10000658833844722,-4.084735907207648e-09,0.9999999999932576,1.0000000000072602
-0.1,1.0302197540975435,227.07150693085165,-0.10000657334333522,-3.5805932718853806e-09,0.9999999999933495,1.0000000000062363
-0.1,1.0302197540975435,229.17451310207272,-0.1000065600512425,-3.1434102355107484e-09,0.9999999999934617,1.0000000000053466
-0.1,1.0302197540975435,231.29699611129922,-0.10000654822201346,-2.7650089602103645e-09,0.9999999999935947,1.000000000004575
-0.1,1.0302197540975435,233.4391363418438,-0.10000653764296016,-2.438143675669038e-09,0.9999999999937479,1.0000000000039069
-0.1,1.0302197540975435,235.60111584762504,-0.10000652812619873,-2.156401920970337e-09,0.9999999999939221,1.000000000003329
-0.1,1.0302197540975435,237.78311836864148,-0.10000651950623021,-1.914115169260242e-09,0.9999999999941156,1.0000000000028297
-0.1,1.0302197540975435,239.98532934658564,-0.10000651163774466,-1.7062780747490343e-09,0.9999999999943275,1.0000000000024
-0.1,1.0302197540975435,242.20793594060487,-0.1000065043936287,-1.5284756455628476e-09,0.9999999999945568,1.0000000000020302
-0.1,1.0302197540975435,244.4511270432073,-0.10000649766315788,-1.3768176800195804e-09,0.9999999999948012,1.0000000000017129
-0.1,1.0302197540975435,246.71509329631496,-0.10000649135035758,-1.2478798488298808e-09,0.9999999999950592,1.000000000001441
-0.1,1.0302197540975435,249.00002710746668,-0.1000064853725154,-1.138650840137487e-09,0.9999999999953285,1.0000000000012086
-0.1,1.0302197540975435,251.3061226661696,-0.10000647965883248,-1.0464850425331821e-09,0.999999999995607,1.0000000000010107
-0.1,1.0302197540975435,253.6335759604023,-0.10000647414919867,-9.690602429742391e-10,0.9999999999958922,1.0000000000008422
-0.1,1.0302197540975435,255.98258479327197,-0.10000646879308059,-9.043398999728588e-10,0.9999999999961824,1.0000000000006997
-0.1,1.0302197540975435,258.3533487998248,-0.100006463548511,-8.505395398545473e-10,0.9999999999964744,1.000000000000579
-0.1,1.0302197540975435,260.7460694640121,-0.10000645838117009,-8.060968934408679e-10,0.9999999999967664,1.0000000000004776
-0.1,1.0302197540975435,263.1609501358149,-0.10000645326354811,-7.696453940152181e-10,0.9999999999970551,1.0000000000003928
-0.1,1.0302197540975435,265.59819604852424,-0.10000644817418346,-7.399907045825462e-10,0.9999999999973392,1.0000000000003222
-0.1,1.0302197540975435,268.0580143361851,-0.10000644309696646,-7.160899689220528e-10,0.9999999999976161,1.0000000000002638
-0.1,1.0302197540975435,270.5406140511989,-0.10000643802050392,-6.970334935699138e-10,0.9999999999978836,1.0000000000002158
-0.1,1.0302197540975435,273.0462061820903,-0.10000643293753782,-6.820286020524689e-10,0.9999999999981387,1.000000000000177
-0.1,1.0302197540975435,275.57500367143905,-0.10000642784441267,-6.703854358206703e-10,0.9999999999983813,1.000000000000145
-0.1,1.0302197540975435,278.1272214339776,-0.1000064227405879,-6.615044706308399e-10,0.9999999999986081,1.0000000000001197
-0.1,1.0302197540975435,280.7030763748543,-0.1000064176281898,-6.548655655410174e-10,0.9999999999988187,1.0000000000001
-0.1,1.0302197540975435,283.30278740807006,-0.10000641251160045,-6.50018364059386e-10,0.9999999999990107,1.0000000000000846
-0.1,1.0302197540975435,285.9265754750807,-0.1000064073970802,-6.465738892180849e-10,0.9999999999991829,1.0000000000000733
-0.1,1.0302197540975435,288.57466356357577,-0.10000640229242018,-6.441971813981319e-10,0.9999999999993348,1.0000000000000644
-0.1,1.0302197540975435,291.24727672642865,-0.10000639720662395,-6.426008709170356e-10,0.9999999999994651,1.000000000000059
-0.1,1.0302197540975435,293.94464210082356,-0.10000639214961442,-6.415395389055429e-10,0.9999999999995727,1.0000000000000548
-0.1,1.0302197540975435,296.6669889275594,-0.10000638713196554,-6.40804803297801e-10,0.9999999999996574,1.0000000000000533
-0.1,1.0302197540975435,299.4145485705322,-0.10000638216465657,-6.402210014279537e-10,0.999999999999719,1.0000000000000526
-0.1,1.0302197540975435,302.18755453639716,-0.1000063772588475,-6.39641408220978e-10,0.999999999999757,1.0000000000000528
-0.1,1.0302197540975435,304.9862424944146,-0.10000637242567477,-6.389449286689168e-10,0.9999999999997718,1.0000000000000537
-0.1,1.0302197540975435,307.81085029647846,-0.1000063676760659,-6.380331661091077e-10,0.999999999999763,1.000000000000055
-0.1,1.0302197540975435,310.6616179973303,-0.10000636302057214,-6.368278584982659e-10,0.9999999999997315,1.0000000000000573
-0.1,1.0302197540975435,313.5387878749621,-0.10000635846921864,-6.352685939381727e-10,0.9999999999996777,1.0000000000000593
-0.1,1.0302197540975435,316.44260445120455,-0.10000635403137086,-6.333107873769119e-10,0.9999999999996018,1.0000000000000613
-0.1,1.0302197540975435,319.3733145125105,-0.10000634971561717,-6.309238794298172e-10,0.9999999999995048,1.0000000000000637
-0.1,1.0302197540975435,322.3311671309267,-0.10000634552966621,-6.280897159244878e-10,0.9999999999993883,1.0000000000000648
-0.1,1.0302197540975435,325.31641368526283,-0.10000634148025947,-6.248010937299228e-10,0.9999999999992529,1.0000000000000666
-0.1,1.0302197540975435,328.32930788245454,-0.10000633757309739,-6.210604454179217e-10,0.9999999999990994,1.0000000000000675
-0.1,1.0302197540975435,331.37010577912685,-0.10000633381277954,-6.168786422251664e-10,0.9999999999989294,1.0000000000000684
-0.1,1.0302197540975435,334.4390658033531,-0.10000633020275722,-6.122739019426519e-10,0.9999999999987444,1.0000000000000688
-0.1,1.0302197540975435,337.53644877662083,-0.10000632674529894,-6.072707870314656e-10,0.9999999999985455,1.0000000000000686
-0.1,1.0302197540975435,340.66251793599554,-0.10000632344146769,-6.01899283438995e-10,0.9999999999983348,1.0000000000000682
-0.1,1.0302197540975435,343.81753895649405,-0.10000632029110937,-5.961939473877097e-10,0.9999999999981132,1.0000000000000675
-0.1,1.0302197540975435,347.00177997366285,-0.10000631729285245,-5.901931171375948e-10,0.9999999999978825,1.000000000000066
-0.1,1.0302197540975435,350.2155116063659,-0.10000631444411731,-5.839381802263338e-10,0.9999999999976449,1.0000000000000642
-0.1,1.0302197540975435,353.4590069797847,-0.10000631174113554,-5.774728933098329e-10,0.9999999999974007,1.000000000000062
-0.1,1.0302197540975435,356.73254174862967,-0.10000630917897811,-5.708427517740305e-10,0.9999999999971532,1.0000000000000595
-0.1,1.0302197540975435,360.0363941205664,-0.10000630675159213,-5.640943983473401e-10,0.9999999999969024,1.0000000000000562
-0.1,1.0302197540975435,363.37084487986095,-0.10000630445184507,-5.572750832236371e-10,0.9999999999966512,1.0000000000000533
-0.1,1.0302197540975435,366.73617741124224,-0.10000630227157609,-5.504321575141607e-10,0.9999999999964003,1.0000000000000495
-0.1,1.0302197540975435,370.13267772398575,-0.10000630020165435,-5.436126050534639e-10,0.9999999999961517,1.0000000000000457
-0.1,1.0302197540975435,373.5606344762222,-0.1000062982320423,-5.368626236048943e-10,0.9999999999959069,1.0000000000000417
-0.1,1.0302197540975435,377.02033899946696,-0.1000062963518647,-5.302272298939672e-10,0.9999999999956674,1.0000000000000375
-0.1,1.0302197540975435,380.5120853233824,-0.10000629454948208,-5.237499019924625e-10,0.9999999999954342,1.000000000000033
-0.1,1.0302197540975435,384.03617020076405,-0.1000062928125676,-5.174722727901746e-10,0.999999999995209,1.0000000000000286
-0.1,1.0302197540975435,387.5928931327621,-0.1000062911281875,-5.114338333044234e-10,0.9999999999949927,1.0000000000000238
-0.1,1.0302197540975435,391.18255639433437,-0.10000628948288379,-5.056716894003194e-10,0.9999999999947867,1.0000000000000189
-0.1,1.0302197540975435,394.8054650599374,-0.100006287862759,-5.002203469503843e-10,0.9999999999945918,1.0000000000000142
-0.1,1.0302197540975435,398.4619270294508,-0.10000628625356199,-4.951115209481576e-10,0.9999999999944096,1.0000000000000095
-0.1,1.0302197540975435,402.15225305434814,-0.10000628464077461,-4.90373989297648e-10,0.9999999999942403,1.0000000000000049
-0.1,1.0302197540975435,405.87675676410373,-0.10000628300969838,-4.860334692700318e-10,0.9999999999940848,1.0000000000000004
-0.1,1.0302197540975435,409.6357546928489,-0.10000628134554047,-4.821125184809414e-10,0.9999999999939446,0.9999999999999958
-0.1,1.0302197540975435,413.4295663062725,-0.10000627963349921,-4.786304795039305e-10,0.999999999993819,0.9999999999999915
-0.1,1.0302197540975435,417.25851402877123,-0.10000627785884729,-4.756034334993676e-10,0.9999999999937095,0.9999999999999872
-0.1,1.0302197540975435,421.12292327085265,-0.1000062760070138,-4.730441939776892e-10,0.9999999999936162,0.999999999999983
-0.1,1.0302197540975435,425.02312245678996,-0.10000627406366311,-4.709623173391615e-10,0.999999999993539,0.9999999999999791
-0.1,1.0302197540975435,428.95944305253283,-0.10000627201477157,-4.693641370258921e-10,0.999999999993479,0.9999999999999758
-0.1,1.0302197540975435,432.9322195938791,-0.10000626984670044,-4.682528210673287e-10,0.9999999999934355,0.999999999999972
-0.1,1.0302197540975435,436.9417897149054,-0.10000626754626554,-4.67628447919856e-10,0.9999999999934088,0.9999999999999692
-0.1,1.0302197540975435,440.98849417666133,-0.10000626510080286,-4.674880998676414e-10,0.9999999999933987,0.9999999999999664
-0.1,1.0302197540975435,445.0726768961314,-0.10000626249823023,-4.6782597428499e-10,0.9999999999934048,0.9999999999999638
-0.1,1.0302197540975435,449.19468497546023,-0.10000625972710443,-4.686335083784969e-10,0.9999999999934278,0.9999999999999617
-0.1,1.0302197540975435,453.3548687314555,-0.1000062567766738,-4.698995201861438e-10,0.9999999999934666,0.9999999999999597
-0.1,1.0302197540975435,457.55358172535705,-0.10000625363692592,-4.716103545039378e-10,0.9999999999935211,0.999999999999958
-0.1,1.0302197540975435,461.7911807928867,-0.10000625029863056,-4.737500465211658e-10,0.9999999999935909,0.9999999999999567
-0.1,1.0302197540975435,466.0680260745743,-0.10000624675337762,-4.763004887724658e-10,0.9999999999936747,0.9999999999999555
-0.1,1.0302197540975435,470.3844810463644,-0.10000624299361012,-4.792416053948878e-10,0.9999999999937729,0.9999999999999547
-0.1,1.0302197540975435,474.7409125505084,-0.10000623901265156,-4.82551532909629e-10,0.9999999999938844,0.9999999999999546
-0.1,1.0302197540975435,479.1376908267404,-0.10000623480472888,-4.862068049211663e-10,0.9999999999940087,0.9999999999999545
-0.1,1.0302197540975435,483.57518954374194,-0.1000062303649898,-4.901825372919594e-10,0.9999999999941444,0.9999999999999543
-0.1,1.0302197540975435,488.0537858309,-0.10000622568951553,-4.944526162546243e-10,0.9999999999942912,0.9999999999999547
-0.1,1.0302197540975435,492.5738603103579,-0.10000622077532816,-4.989898849443835e-10,0.9999999999944488,0.9999999999999551
-0.1,1.0302197540975435,497.1357971293627,-0.10000621562039327,-5.037663301607444e-10,0.9999999999946155,0.9999999999999558
-0.1,1.0302197540975435,501.7399839929145,-0.10000621022361814,-5.087532645265305e-10,0.9999999999947906,0.9999999999999571
-0.1,1.0302197540975435,506.3868121967132,-0.10000620458484488,-5.139215058802019e-10,0.9999999999949732,0.9999999999999586
-0.1,1.0302197540975435,511.0766766604169,-0.1000061987048395,-5.192415554113096e-10,0.9999999999951626,0.9999999999999603
-0.1,1.0302197540975435,515.809975961202,-0.10000619258527658,-5.246837635825728e-10,0.9999999999953576,0.999999999999962
-0.1,1.0302197540975435,520.5871123676386,-0.10000618622871985,-5.302184962726487e-10,0.9999999999955579,0.9999999999999638
-0.1,1.0302197540975435,525.4084918738774,-0.10000617963859906,-5.358162927820299e-10,0.999999999995762,0.9999999999999657
-0.1,1.0302197540975435,530.2745242341559,-0.10000617281918323,-5.414480128753539e-10,0.9999999999959686,0.9999999999999679
-0.1,1.0302197540975435,535.1856229976182,-0.10000616577555041,-5.47084981064625e-10,0.9999999999961768,0.99999999999997
-0.1,1.0302197540975435,540.1422055434659,-0.10000615851355436,-5.526991194479783e-10,0.9999999999963864,0.9999999999999728
-0.1,1.0302197540975435,545.1446931164259,-0.10000615103978841,-5.582630716985816e-10,0.9999999999965963,0.9999999999999754
-0.1,1.0302197540975435,550.1935108625528,-0.10000614336154653,-5.637503196462984e-10,0.9999999999968054,0.9999999999999779
-0.1,1.0302197540975435,555.2890878653604,-0.10000613548678232,-5.69135289970184e-10,0.9999999999970127,0.9999999999999806
-0.1,1.0302197540975435,560.4318571822878,-0.10000612742406542,-5.743934540077088e-10,0.9999999999972179,0.9999999999999835
-0.1,1.0302197540975435,565.6222558815047,-0.10000611918253657,-5.795014092582997e-10,0.9999999999974193,0.9999999999999862
-0.1,1.0302197540975435,570.8607250790558,-0.10000611077186083,-5.844369644792192e-10,0.9999999999976174,0.999999999999989
-0.1,1.0302197540975435,576.1477099763489,-0.10000610220217927,-5.891792070575407e-10,0.9999999999978101,0.9999999999999919
-0.1,1.0302197540975435,581.4836598979924,-0.10000609348406002,-5.937085598737243e-10,0.9999999999979977,0.9999999999999948
-0.1,1.0302197540975435,586.8690283299819,-0.1000060846284481,-5.980068359339191e-10,0.9999999999981786,0.9999999999999976
-0.1,1.0302197540975435,592.3042729582397,-0.10000607564661497,-6.020572790447028e-10,0.9999999999983532,1.0000000000000002
-0.1,1.0302197540975435,597.7898557075149,-0.10000606655010746,-6.05844591364147e-10,0.9999999999985201,1.000000000000003
-0.1,1.0302197540975435,603.3262427806361,-0.10000605735069665,-6.093549693250402e-10,0.9999999999986793,1.0000000000000056
-0.1,1.0302197540975435,608.913904698138,-0.1000060480603272,-6.125761094913069e-10,0.99999999999883,1.000000000000008
-0.1,1.0302197540975435,614.5533163382452,-0.10000603869106633,-6.154972189043376e-10,0.9999999999989722,1.0000000000000104
-0.1,1.0302197540975435,620.2449569772324,-0.1000060292550539,-6.18109021109606e-10,0.9999999999991039,1.000000000000013
-0.1,1.0302197540975435,625.9893103301563,-0.10000601976445309,-6.20403743155226e-10,0.9999999999992271,1.000000000000015
-0.1,1.0302197540975435,631.7868645919671,-0.10000601023140161,-6.223751046995219e-10,0.9999999999993395,1.0000000000000173
-0.1,1.0302197540975435,637.638112478994,-0.10000600066796457,-6.24018301887287e-10,0.999999999999442,1.0000000000000195
-0.1,1.0302197540975435,643.5435512708254,-0.10000599108608822,-6.253299769593061e-10,0.999999999999534,1.0000000000000213
-0.1,1.0302197540975435,649.5036828525664,-0.10000598149755496,-6.263081887571031e-10,0.9999999999996149,1.0000000000000233
-0.1,1.0302197540975435,655.5190137574945,-0.10000597191394021,-6.269523781953986e-10,0.9999999999996849,1.0000000000000249
-0.1,1.0302197540975435,661.5900552101086,-0.10000596234657073,-6.272633233561824e-10,0.9999999999997445,1.0000000000000266
-0.1,1.0302197540975435,667.7173231695753,-0.10000595280648476,-6.272431005687161e-10,0.9999999999997924,1.000000000000028
-0.1,1.0302197540975435,673.9013383735801,-0.10000594330439405,-6.268950279946196e-10,0.9999999999998297,1.0000000000000293
-0.1,1.0302197540975435,680.1426263825831,-0.10000593385064767,-6.262236184447219e-10,0.9999999999998558,1.0000000000000306
-0.1,1.0302197540975435,686.4417176244827,-0.10000592445519822,-6.252345211246831e-10,0.9999999999998705,1.0000000000000315
-0.1,1.0302197540975435,692.7991474396972,-0.10000591512756968,-6.239344653237305e-10,0.9999999999998745,1.0000000000000324
-0.1,1.0302197540975435,699.215456126661,-0.10000590587682788,-6.223311982168505e-10,0.999999999999868,1.0000000000000333
-0.1,1.0302197540975435,705.6911889877423,-0.10000589671155277,-6.204334233802911e-10,0.9999999999998502,1.0000000000000338
-0.1,1.0302197540975435,712.2268963755895,-0.10000588763981344,-6.182507380976583e-10,0.9999999999998227,1.0000000000000344
-0.1,1.0302197540975435,718.8231337398989,-0.10000587866914473,-6.157935663112704e-10,0.999999999999785,1.0000000000000349
-0.1,1.0302197540975435,725.4804616746267,-0.10000586980652676,-6.130730952532117e-10,0.9999999999997367,1.000000000000035
-0.1,1.0302197540975435,732.1994459656265,-0.10000586105836651,-6.101012074240073e-10,0.9999999999996793,1.0000000000000349
-0.1,1.0302197540975435,738.9806576387373,-0.10000585243048149,-6.06890416103551e-10,0.9999999999996125,1.0000000000000353
-0.1,1.0302197540975435,745.8246730083114,-0.10000584392808602,-6.034537981634813e-10,0.9999999999995359,1.0000000000000349
-0.1,1.0302197540975435,752.7320737261965,-0.10000583555577967,-5.998049287151742e-10,0.9999999999994512,1.0000000000000342
-0.1,1.0302197540975435,759.7034468311634,-0.10000582731753774,-5.959578162011978e-10,0.9999999999993583,1.0000000000000342
-0.1,1.0302197540975435,766.7393847988028,-0.1000058192167042,-5.919268384220115e-10,0.9999999999992574,1.000000000000034
-0.1,1.0302197540975435,773.8404855918722,-0.10000581125598658,-5.877266792960683e-10,0.9999999999991492,1.0000000000000333
-0.1,1.0302197540975435,781.0073527111184,-0.10000580343745313,-5.83372267924113e-10,0.9999999999990333,1.0000000000000326
-0.1,1.0302197540975435,788.2405952465664,-0.10000579576253203,-5.788787177035645e-10,0.9999999999989113,1.0000000000000322
-0.1,1.0302197540975435,795.5408279292831,-0.1000057882320123,-5.742612687315337e-10,0.9999999999987833,1.0000000000000313
-0.1,1.0302197540975435,802.9086711836236,-0.10000578084604698,-5.695352310950388e-10,0.999999999998649,1.0000000000000304
-0.1,1.0302197540975435,810.3447511799583,-0.10000577360415824,-5.64715930141743e-10,0.9999999999985096,1.0000000000000295
-0.1,1.0302197540975435,817.8496998878867,-0.10000576650524377,-5.598186544292675e-10,0.9999999999983654,1.0000000000000284
-0.1,1.0302197540975435,825.4241551299497,-0.10000575954758534,-5.548586055181595e-10,0.9999999999982168,1.0000000000000275
-0.1,1.0302197540975435,833.0687606358348,-0.10000575272885903,-5.498508500639405e-10,0.9999999999980642,1.0000000000000264
-0.1,1.0302197540975435,840.7841660970844,-0.10000574604614659,-5.448102736697003e-10,0.9999999999979086,1.0000000000000253
-0.1,1.0302197540975435,848.5710272223139,-0.10000573949594861,-5.39751539810188e-10,0.9999999999977499,1.000000000000024
-0.1,1.0302197540975435,856.4300057929329,-0.10000573307419908,-5.346890465391573e-10,0.9999999999975889,1.0000000000000226
-0.1,1.0302197540975435,864.3617697193946,-0.10000572677628113,-5.296368907789913e-10,0.9999999999974261,1.0000000000000213
-0.1,1.0302197540975435,872.3669930979535,-0.10000572059704378,-5.246088308658125e-10,0.9999999999972611,1.0000000000000202
-0.1,1.0302197540975435,880.4463562679581,-0.10000571453082051,-5.196182557793935e-10,0.9999999999970957,1.0000000000000189
-0.1,1.0302197540975435,888.6005458696701,-0.10000570857144786,-5.146781533050226e-10,0.9999999999969293,1.0000000000000175
-0.1,1.0302197540975435,896.8302549026189,-0.10000570271228588,-5.098010803966556e-10,0.9999999999967631,1.000000000000016
-0.1,1.0302197540975435,905.1361827845002,-0.10000569694623894,-5.049991423630932e-10,0.9999999999965972,1.0000000000000147
-0.1,1.0302197540975435,913.5190354106156,-0.10000569126577749,-5.002839669857267e-10,0.9999999999964314,1.000000000000013
-0.1,1.0302197540975435,921.9795252138629,-0.10000568566296034,-4.956666834816434e-10,0.9999999999962678,1.000000000000012
-0.1,1.0302197540975435,930.5183712252855,-0.10000568012945772,-4.911579061685854e-10,0.9999999999961048,1.0000000000000109
-0.1,1.0302197540975435,939.1362991351807,-0.1000056746565748,-4.867677175272047e-10,0.9999999999959441,1.0000000000000093
-0.1,1.0302197540975435,947.8340413547725,-0.10000566923527571,-4.825056559989932e-10,0.9999999999957854,1.0000000000000075
-0.1,1.0302197540975435,956.6123370784595,-0.10000566385620761,-4.783807045749096e-10,0.9999999999956296,1.0000000000000067
-0.1,1.0302197540975435,965.4719323466358,-0.10000565850972554,-4.744012807763164e-10,0.9999999999954771,1.0000000000000053
-0.1,1.0302197540975435,974.4135801090915,-0.1000056531859168,-4.705752312868976e-10,0.9999999999953275,1.0000000000000042
-0.1,1.0302197540975435,983.4380402890077,-0.10000564787462628,-4.669098262955963e-10,0.9999999999951814,1.0000000000000024
-0.1,1.0302197540975435,992.5460798475383,-0.10000564256548118,-4.6341175531509907e-10,0.9999999999950395,1.0000000000000016
-0.1,1.0302197540975435,1001.7384728489908,-0.10000563724791592,-4.6008712910114625e-10,0.9999999999949019,1.0000000000000004
-0.1,1.0302197540975435,1011.0160005266158,-0.10000563191119717,-4.5694147846168395e-10,0.9999999999947687,0.9999999999999994
-0.1,1.0302197540975435,1020.3794513489946,-0.1000056265444483,-4.5397975554467616e-10,0.9999999999946405,0.9999999999999981
-0.1,1.0302197540975435,1029.8296210870567,-0.10000562113667412,-4.5120634045077566e-10,0.999999999994517,0.999999999999997
-0.1,1.0302197540975435,1039.3673128817031,-0.10000561567678513,-4.4862504590421846e-10,0.9999999999943985,0.9999999999999962
-0.1,1.0302197540975435,1048.993337312066,-0.10000561015362128,-4.462391214774547e-10,0.9999999999942855,0.999999999999995
-0.1,1.0302197540975435,1058.7085124643972,-0.10000560455597576,-4.440512668462794e-10,0.9999999999941781,0.9999999999999943
-0.1,1.0302197540975435,1068.5136640015942,-0.10000559887261819,-4.420636376491546e-10,0.9999999999940767,0.9999999999999934
-0.1,1.0302197540975435,1078.4096252333723,-0.10000559309231703,-4.4027785511940684e-10,0.999999999993981,0.9999999999999927
-0.1,1.0302197540975435,1088.3972371870843,-0.1000055872038621,-4.3869502298303987e-10,0.9999999999938914,0.9999999999999918
-0.1,1.0302197540975435,1098.4773486791944,-0.10000558119608624,-4.373157336997285e-10,0.9999999999938077,0.9999999999999909
-0.1,1.0302197540975435,1108.650816387419,-0.10000557505788621,-4.3614008963093827e-10,0.9999999999937305,0.9999999999999901
-0.1,1.0302197540975435,1118.9185049235327,-0.10000556877824353,-4.3516770858417806e-10,0.9999999999936595,0.9999999999999897
-0.1,1.0302197540975435,1129.2812869068487,-0.10000556234624408,-4.3439774622307164e-10,0.9999999999935949,0.9999999999999891
-0.1,1.0302197540975435,1139.740043038382,-0.10000555575109737,-4.338289093440637e-10,0.9999999999935365,0.9999999999999885
-0.1,1.0302197540975435,1150.2956621756925,-0.10000554898215515,-4.3345947063973997e-10,0.9999999999934847,0.9999999999999882
-0.1,1.0302197540975435,1160.9490414084332,-0.10000554202892911,-4.3328728969213215e-10,0.9999999999934395,0.9999999999999878
-0.1,1.0302197540975435,1171.7010861345848,-0.10000553488110814,-4.333098250111838e-10,0.9999999999934005,0.9999999999999869
-0.1,1.0302197540975435,1182.5527101374053,-0.10000552752857456,-4.3352415730048557e-10,0.9999999999933683,0.9999999999999867
-0.1,1.0302197540975435,1193.5048356630894,-0.10000551996141974,-4.3392700295994934e-10,0.9999999999933428,0.9999999999999869
-0.1,1.0302197540975435,1204.55839349915,-0.10000551216995893,-4.3451473466555633e-10,0.999999999993323,0.9999999999999867
-0.1,1.0302197540975435,1215.7143230535173,-0.10000550414474527,-4.352833990978732e-10,0.9999999999933098,0.9999999999999861
-0.1,1.0302197540975435,1226.9735724343827,-0.10000549587658328,-4.3622873629467854e-10,0.9999999999933035,0.999999999999986
-0.1,1.0302197540975435,1238.33709853077,-0.10000548735654098,-4.373461964244534e-10,0.9999999999933026,0.9999999999999861
-0.1,1.0302197540975435,1249.8058670938608,-0.10000547857596205,-4.386309600406424e-10,0.9999999999933085,0.9999999999999857
-0.1,1.0302197540975435,1261.3808528190714,-0.10000546952647622,-4.400779565700932e-10,0.9999999999933202,0.9999999999999857
-0.1,1.0302197540975435,1273.0630394288874,-0.10000546020001001,-4.416818808463381e-10,0.9999999999933378,0.9999999999999859
-0.1,1.0302197540975435,1284.8534197564702,-0.10000545058879545,-4.434372137940541e-10,0.9999999999933614,0.9999999999999861
-0.1,1.0302197540975435,1296.7529958300336,-0.10000544068537912,-4.4533823927121226e-10,0.9999999999933904,0.9999999999999859
-0.1,1.0302197540975435,1308.7627789579997,-0.1000054304826297,-4.4737906170819e-10,0.9999999999934257,0.9999999999999859
-0.1,1.0302197540975435,1320.883789814951,-0.1000054199737452,-4.495536244205271e-10,0.999999999993466,0.9999999999999865
-0.1,1.0302197540975435,1333.1170585283726,-0.100005409152259,-4.5185572662438437e-10,0.9999999999935116,0.9999999999999863
-0.1,1.0302197540975435,1345.4636247661995,-0.10000539801204568,-4.542790402605065e-10,0.9999999999935623,0.9999999999999866
-0.1,1.0302197540975435,1357.924537825179,-0.1000053865473257,-4.5681712689131936e-10,0.9999999999936185,0.9999999999999871
-0.1,1.0302197540975435,1370.500856720038,-0.10000537475266948,-4.5946345378734704e-10,0.9999999999936794,0.9999999999999877
-0.1,1.0302197540975435,1383.1936502734964,-0.10000536262300082,-4.622114097270554e-10,0.9999999999937442,0.9999999999999875
-0.1,1.0302197540975435,1396.0039972070938,-0.10000535015359986,-4.65054320816137e-10,0.9999999999938145,0.9999999999999881
-0.1,1.0302197540975435,1408.9329862328714,-0.10000533734010478,-4.679854647328449e-10,0.9999999999938891,0.9999999999999881
-0.1,1.0302197540975435,1421.9817161458968,-0.10000532417851357,-4.709980857893978e-10,0.9999999999939673,0.9999999999999887
-0.1,1.0302197540975435,1435.1512959176512,-0.1000053106651846,-4.740854090697375e-10,0.9999999999940496,0.9999999999999893
-0.1,1.0302197540975435,1448.4428447902692,-0.10000529679683681,-4.772406532900162e-10,0.9999999999941357,0.9999999999999893
-0.1,1.0302197540975435,1461.8574923716699,-0.10000528257054953,-4.804570447049488e-10,0.9999999999942256,0.9999999999999898
-0.1,1.0302197540975435,1475.3963787315492,-0.10000526798376123,-4.837278289580806e-10,0.9999999999943185,0.9999999999999905
-0.1,1.0302197540975435,1489.0606544982772,-0.10000525303426819,-4.870462833145765e-10,0.9999999999944148,0.9999999999999909
-0.1,1.0302197540975435,1502.8514809566846,-0.10000523772022232,-4.904057286721607e-10,0.9999999999945143,0.9999999999999913
-0.1,1.0302197540975435,1516.7700301467542,-0.10000522204012866,-4.93799539705492e-10,0.9999999999946164,0.9999999999999919
-0.1,1.0302197540975435,1530.8174849632353,-0.10000520599284235,-4.972211558214145e-10,0.9999999999947211,0.9999999999999921
-0.1,1.0302197540975435,1544.9950392561707,-0.10000518957756517,-5.006640906189288e-10,0.9999999999948284,0.9999999999999927
-0.1,1.0302197540975435,1559.3038979323546,-0.10000517279384137,-5.041219424110867e-10,0.9999999999949376,0.9999999999999932
-0.1,1.0302197540975435,1573.7452770577393,-0.10000515564155364,-5.07588401712963e-10,0.9999999999950492,0.9999999999999939
-0.1,1.0302197540975435,1588.3204039607824,-0.10000513812091798,-5.110572606892348e-10,0.9999999999951622,0.9999999999999946
-0.1,1.0302197540975435,1603.0305173367537,-0.10000512023247875,-5.145224197880754e-10,0.9999999999952772,0.999999999999995
-0.1,1.0302197540975435,1617.8768673530133,-0.10000510197710324,-5.17977897210458e-10,0.9999999999953934,0.9999999999999957
-0.1,1.0302197540975435,1632.8607157552478,-0.10000508335597576,-5.214178326863089e-10,0.9999999999955108,0.9999999999999962
-0.1,1.0302197540975435,1647.9833359747165,-0.10000506437059127,-5.248364970261623e-10,0.9999999999956294,0.9999999999999966
-0.1,1.0302197540975435,1663.2460132364645,-0.10000504502274925,-5.282282952025825e-10,0.999999999995749,0.9999999999999973
-0.1,1.0302197540975435,1678.6500446685554,-0.1000050253145469,-5.315877744164422e-10,0.9999999999958687,0.9999999999999978
-0.1,1.0302197540975435,1694.1967394123092,-0.10000500524837203,-5.349096261031848e-10,0.9999999999959899,0.999999999999998
-0.1,1.0302197540975435,1709.8874187335668,-0.10000498482689607,-5.381886926168517e-10,0.9999999999961107,0.9999999999999987
-0.1,1.0302197540975435,1725.7234161349695,-0.10000496405306654,-5.414199714346128e-10,0.9999999999962319,0.999999999999999
-0.1,1.0302197540975435,1741.706077469303,-0.1000049429300994,-5.445986151596177e-10,0.9999999999963529,1.0
-0.1,1.0302197540975435,1757.8367610538646,-0.10000492146147144,-5.477199401196794e-10,0.9999999999964738,1.0000000000000004
-0.1,1.0302197540975435,1774.1168377859105,-0.10000489965091224,-5.50779424352438e-10,0.9999999999965945,1.0000000000000007
-0.1,1.0302197540975435,1790.547691259161,-0.1000048775023961,-5.537727138390174e-10,0.9999999999967146,1.000000000000001
-0.1,1.0302197540975435,1807.1307178813868,-0.10000485502013394,-5.566956199970396e-10,0.999999999996834,1.0000000000000018
-0.1,1.0302197540975435,1823.867326993091,-0.10000483220856492,-5.595441260400172e-10,0.9999999999969527,1.0000000000000022
-0.1,1.0302197540975435,1840.7589409872808,-0.10000480907234807,-5.623143844820173e-10,0.9999999999970703,1.0000000000000027
-0.1,1.0302197540975435,1857.8069954303487,-0.10000478561635397,-5.650027208243014e-10,0.999999999997187,1.000000000000003
-0.1,1.0302197540975435,1875.012939184082,-0.10000476184565617,-5.676056310176071e-10,0.9999999999973025,1.0000000000000033
-0.1,1.0302197540975435,1892.378234528796,-0.1000047377655226,-5.701197845956173e-10,0.9999999999974164,1.000000000000004
-0.1,1.0302197540975435,1909.9043572876058,-0.10000471338140718,-5.725420244517504e-10,0.9999999999975292,1.0000000000000044
-0.1,1.0302197540975435,1927.592796951861,-0.10000468869894104,-5.748693630491491e-10,0.9999999999976403,1.0000000000000047
-0.1,1.0302197540975435,1945.4450568077177,-0.10000466372392415,-5.770989866248688e-10,0.9999999999977496,1.0000000000000053
-0.1,1.0302197540975435,1963.4626540639163,-0.10000463846231665,-5.792282500644897e-10,0.999999999997857,1.0000000000000056
-0.1,1.0302197540975435,1981.6471199807077,-0.10000461292023037,-5.812546780951366e-10,0.9999999999979627,1.000000000000006
-0.1,1.0302197540975435,2000.0,-0.10000458710392039,-5.83175964786596e-10,0.9999999999980662,1.0000000000000062
-0.08,1.0306075676030229,0.0,0.0,0.0,0.0,1.0306075676030229
-0.08,1.0306075676030229,0.05,-0.0011916332557351294,0.023440937759313277,0.029729500726032056,1.0301409425889798
-0.08,1.0306075676030229,0.1,-0.004612240103721406,0.044603319841975096,0.059344710777102655,1.0296743407111102
-0.08,1.0306075676030229,0.15000000000000002,-0.010041036984867156,0.06362774119097157,0.08874442147928426,1.0292078191102036
-0.08,1.0306075676030229,0.2,-0.01727105186597645,0.08064987426615403,0.1178405270062389,1.0287414686315859
-0.08,1.0306075676030229,0.25,-0.02610862728764459,0.09580030123592023,0.1465568295844576,1.0282754102595744
-0.08,1.0306075676030229,0.30000000000000004,-0.03637290608990656,0.10920439599347655,0.17482793664284357,1.027809791714314
-0.08,1.0306075676030229,0.35000000000000003,-0.04789530432491093,0.12098225058873557,0.20259824298185278,1.0273447841966865
-0.08,1.0306075676030229,0.4,-0.06051898069277754,0.1312486410669257,0.229820991746791,1.0268805792723377
-0.08,1.0306075676030229,0.45,-0.0740983055152017,0.14011302808282267,0.2564574085819078,1.0264173858900025
-0.08,1.0306075676030229,0.5,-0.08849833104111943,0.14767958802121747,0.2824759038443784,1.0259554275323794
-0.08,1.0306075676030229,0.55,-0.10359426560478381,0.15404727069970103,0.3078513381844036,1.0254949394999815
-0.08,1.0306075676030229,0.6000000000000001,-0.11927095447860693,0.15930988005689625,0.3325643471628933,1.0250361663299083
-0.08,1.0306075676030229,0.65,-0.13542236992303253,0.16355617453670235,0.35660072089354644,1.0245793593523576
-0.08,1.0306075676030229,0.7000000000000001,-0.15195111236121403,0.16686998416719853,0.37995083497180077,1.0241247743880986
-0.08,1.0306075676030229,0.75,-0.1687679241229222,0.16933034160245092,0.40260912919717384,1.0236726695901046
-0.08,1.0306075676030229,0.8,-0.1857912168939993,0.17101162464753142,0.4245736308139274,1.023223303432185
-0.08,1.0306075676030229,0.8500000000000001,-0.20294661382197815,0.17198370802246626,0.44584551919281096,1.022776932846836
-0.08,1.0306075676030229,0.9,-0.22016650708735402,0.17231212234032917,0.4664287290574816,1.0223338115137584
-0.08,1.0306075676030229,0.9500000000000001,-0.23738963160505558,0.17205821847901653,0.4863295895262395,1.0218941882995587
-0.08,1.0306075676030229,1.0,-0.25456065535946587,0.17127933571613882,0.5055564963953517,1.0214583058481677
-0.08,1.0306075676030229,1.05,-0.27162978670819854,0.17002897217269597,0.524119615236344,1.0210263993204873
-0.08,1.0306075676030229,1.1,-0.2885523988301002,0.16835695627453814,0.5420306130178205,1.0205986952807975
-0.08,1.0306075676030229,1.1500000000000001,-0.3052886713529059,0.16630961809178726,0.5593024160936382,1.020175410726458
-0.08,1.0306075676030229,1.2000000000000002,-0.321803249080055,0.16392995955609627,0.5759489925245788,1.0197567522565614
-0.08,1.0306075676030229,1.25,-0.33806491764293245,0.1612578226844925,0.5919851568205944,1.0193429153743734
-0.08,1.0306075676030229,1.3,-0.35404629582964375,0.15833005505719877,0.6074263953056829,1.018934083917681
-0.08,1.0306075676030229,1.35,-0.3697235442794135,0.1551806719057767,0.6222887104178466,1.01853042961054
-0.08,1.0306075676030229,1.4000000000000001,-0.38507609017875705,0.15184101426773938,0.6365884823625613,1.0181321117294408
-0.08,1.0306075676030229,1.4500000000000002,-0.40008636754931126,0.14833990275492728,0.6503423466398669,1.0177392768764963
-0.08,1.0306075676030229,1.5,-0.4147395726767859,0.14470378656588453,0.663567086062751,1.0173520588519844
-0.08,1.0306075676030229,1.55,-0.42902343419570016,0.1409568874477261,0.6762795359778427,1.0169705786184047
-0.08,1.0306075676030229,1.6,-0.4429279973159617,0.1371213383809398,0.6884965014887777,1.0165949443481321
-0.08,1.0306075676030229,1.6500000000000001,-0.45644542165508556,0.13321731682170299,0.7002346855677948,1.01622525154677
-0.08,1.0306075676030229,1.7000000000000002,-0.4695697921240205,0.12926317239101057,0.71151062702229,1.015861583244379
-0.08,1.0306075676030229,1.75,-0.4822969423049039,0.12527554894861423,0.7223406473602255,1.0155040102469772
-0.08,1.0306075676030229,1.8,-0.4946242897548805,0.12126950103288907,0.7327408056713973,1.01515259144088
-0.08,1.0306075676030229,1.85,-0.5065506826707592,0.11725860468561534,0.7427268607107786,1.0148073741427897
-0.08,1.0306075676030229,1.9000000000000001,-0.5180762573538314,0.11325506271370699,0.7523142394354382,1.0144683944888329
-0.08,1.0306075676030229,1.9500000000000002,-0.5292023059218937,0.1092698044684671,0.7615180113079719,1.0141356778561452
-0.08,1.0306075676030229,2.0,-0.5399311537257492,0.10531258024736104,0.770352867737138,1.0138092393109546
-0.08,1.0306075676030229,2.0500000000000003,-0.5502660459396074,0.10139205044392405,0.7788331060803785,1.0134890840775699
-0.08,1.0306075676030229,2.1,-0.5602110428085548,0.09751586958855493,0.7869726176835059,1.013175208023054
-0.08,1.0306075676030229,2.15,-0.5697709230512121,0.09369076543693919,0.7947848794798509,1.0128675981528241
-0.08,1.0306075676030229,2.2,-0.57895109493169,0.08992261327396335,0.8022829487150164,1.012566233112815
-0.08,1.0306075676030229,2.25,-0.5877575145318256,0.08621650560951938,0.8094794604040022,1.0122710836942896
-0.08,1.0306075676030229,2.3000000000000003,-0.5961966107721965,0.08257681744883551,0.8163866271650737,1.0119821133377427
-0.08,1.0306075676030229,2.35,-0.6042752167485691,0.0790072673241311,0.8230162411095245,1.0116992786327892
-0.08,1.0306075676030229,2.4000000000000004,-0.6120005069689353,0.0755109742767452,0.8293796774984784,1.0114225298112547
-0.08,1.0306075676030229,2.45,-0.6193799400951226,0.07209051097963685,0.8354878999073364,1.0111518112310762
-0.08,1.0306075676030229,2.5,-0.6264212068118808,0.06874795318949908,0.8413514666655021,1.0108870618489434
-0.08,1.0306075676030229,2.5500000000000003,-0.6331321824652427,0.06548492571588084,0.8469805383637513,1.0106282156799207
-0.08,1.0306075676030229,2.6,-0.6395208841306864,0.06230264509181569,0.8523848862442089,1.0103752022425905
-0.08,1.0306075676030229,2.6500000000000004,-0.6455954317900578,0.05920195912670264,0.8575739013085422,1.0101279469885334
-0.08,1.0306075676030229,2.7,-0.6513640133142309,0.056183383517696237,0.8625566039986904,1.0098863717151876
-0.08,1.0306075676030229,2.75,-0.6568348529660131,0.053247135690778984,0.8673416543215137,1.0096503949613722
-0.08,1.0306075676030229,2.8000000000000003,-0.6620161831547625,0.050393166037138934,0.8719373623041602,1.009419932384963
-0.08,1.0306075676030229,2.85,-0.6669162191905258,0.0476211867045402,0.8763516986809021,1.009194897122374
-0.08,1.0306075676030229,2.9000000000000004,-0.671543136801202,0.044930698097178756,0.8805923057247915,1.0089752001296897
-0.08,1.0306075676030229,2.95,-0.6759050521912486,0.042321013231122535,0.8846665081488072,1.0087607505054053
-0.08,1.0306075676030229,3.0,-0.6800100044348126,0.03979128008592042,0.888581324011368,1.0085514557948803
-0.08,1.0306075676030229,3.0500000000000003,-0.6838659400098295,0.037340502086410876,0.892343475570208,1.0083472222767194
-0.08,1.0306075676030229,3.1,-0.6874806992926366,0.034967556842194845,0.8959594000367742,1.0081479552313768
-0.08,1.0306075676030229,3.1500000000000004,-0.690862004845014,0.03267121326573509,0.8994352601906141,1.007953559192368
-0.08,1.0306075676030229,3.2,-0.6940174513372656,0.03045014718362774,0.902776954819688,1.0077639381805448
-0.08,1.0306075676030229,3.25,-0.6969544969620469,0.028302955549300287,0.905990128958325,1.0075789959219354
-0.08,1.0306075676030229,3.3000000000000003,-0.6996804562041422,0.02622816935925934,0.9090801838996285,1.007398636049703
-0.08,1.0306075676030229,3.35,-0.7022024938412613,0.02422426536904892,0.9120522869636598,1.007222762290801
-0.08,1.0306075676030229,3.4000000000000004,-0.7045276200602855,0.022289676699321158,0.9149113810066836,1.0070512786379553
-0.08,1.0306075676030229,3.45,-0.7066626865821294,0.0204228024168652,0.9176621936602564,1.0068840895075752
-0.08,1.0306075676030229,3.5,-0.7086143836966523,0.018622016170105723,0.9203092462919812,1.006721099884263
-0.08,1.0306075676030229,3.5500000000000003,-0.7103892381167409,0.016885673953475927,0.9228568626823953,1.0065622154525522
-0.08,1.0306075676030229,3.6,-0.7119936115679383,0.015212121070189067,0.925309177414786,1.006407342716524
-0.08,1.0306075676030229,3.6500000000000004,-0.7134337000367207,0.013599698358288368,0.9276701439766897,1.0062563891079532
-0.08,1.0306075676030229,3.7,-0.7147155336068174,0.01204674774044146,0.9299435425735597,1.0061092630836108
-0.08,1.0306075676030229,3.75,-0.7158449768188327,0.0105516171537562,0.9321329876565304,1.0059658742123472
-0.08,1.0306075676030229,3.8000000000000003,-0.7168277294938674,0.009112664911941352,0.9342419351674498,1.0058261332525735
-0.08,1.0306075676030229,3.85,-0.717669327966884,0.007728263548391889,0.936273689505387,1.0056899522207234
-0.08,1.0306075676030229,3.9000000000000004,-0.7183751466802532,0.006396803185258141,0.9382314102196819,1.0055572444512801
-0.08,1.0306075676030229,3.95,-0.7189504000922501,0.005116694470243039,0.9401181184353172,1.0054279246489137
-0.08,1.0306075676030229,4.0,-0.7194001448592783,0.003886371119757076,0.9419367030169674,1.0053019089332773
-0.08,1.0306075676030229,4.05,-0.7197292822543142,0.0027042921041415574,0.9436899264785223,1.0051791148769564
-0.08,1.0306075676030229,4.1000000000000005,-0.7199425607874711,0.0015689435079358526,0.9453804306452549,1.00505946153708
-0.08,1.0306075676030229,4.15,-0.7200445789977561,0.0004788400956077372,0.9470107420760381,1.0049428694810512
-0.08,1.0306075676030229,4.2,-0.7200397883879874,-0.0005674733892225713,0.9485832772532091,1.0048292608068485
-0.08,1.0306075676030229,4.25,-0.7199324964775328,-0.0015714211652605445,0.9501003475477936,1.004718559158315
-0.08,1.0306075676030229,4.3,-0.719726869949981,-0.0025343955719890347,0.9515641639678452,1.0046106897358453
-0.08,1.0306075676030229,4.3500000000000005,-0.7194269378751416,-0.0034577564232947207,0.9529768416976653,1.0045055793028437
-0.08,1.0306075676030229,4.4,-0.719036594986844,-0.004342830536265065,0.9543404044356257,1.0044031561883153
-0.08,1.0306075676030229,4.45,-0.7185596049999188,-0.005190911416817116,0.9556567885382411,1.004303350285924
-0.08,1.0306075676030229,4.5,-0.7179996039515091,-0.006003259085363959,0.9569278469780279,1.0042060930498418
-0.08,1.0306075676030229,4.55,-0.7173601035534575,-0.006781100027156463,0.958155353122553,1.004111317487676
-0.08,1.0306075676030229,4.6000000000000005,-0.7166444945439898,-0.0075256272532621266,0.9593410043419327,1.004018958150767
-0.08,1.0306075676030229,4.65,-0.7158560500282671,-0.008238000459367664,0.9604864254518516,1.0039289511221063
-0.08,1.0306075676030229,4.7,-0.7149979287986008,-0.00891934627072405,0.9615931719990078,1.003841234002125
-0.08,1.0306075676030229,4.75,-0.7140731786262442,-0.009570758562596303,0.9626627333956829,1.0037557458925783
-0.08,1.0306075676030229,4.800000000000001,-0.7130847395177025,-0.010193298846544104,0.9636965359099416,1.0036724273787372
-0.08,1.0306075676030229,4.8500000000000005,-0.7120354469294177,-0.010787996713746004,0.9646959455177525,1.0035912205100843
-0.08,1.0306075676030229,4.9,-0.7109280349355412,-0.011355850327397082,0.9656622706231144,1.0035120687796966
-0.08,1.0306075676030229,4.95,-0.7097651393442534,-0.011897826956960757,0.9665967646520617,1.0034349171024837
-0.08,1.0306075676030229,5.0,-0.7085493007587907,-0.012414863547745689,0.967500628526202,1.003359711792434
-0.08,1.0306075676030229,5.050000000000001,-0.7072829675799612,-0.012907867319912825,0.9683750130212431,1.0032864005390258
-0.08,1.0306075676030229,5.1000000000000005,-0.7059684989474792,-0.013377716391598163,0.9692210210157357,1.003214932382914
-0.08,1.0306075676030229,5.15,-0.7046081676179771,-0.013825260421370524,0.9700397096350695,1.003145257691039
-0.08,1.0306075676030229,5.2,-0.7032041627779781,-0.014251321265730477,0.9708320922955493,1.0030773281312506
-0.08,1.0306075676030229,5.25,-0.7017585927905434,-0.014656693647803738,0.9715991406531844,1.0030110966465626
-0.08,1.0306075676030229,5.300000000000001,-0.7002734878746492,-0.015042145833790111,0.972341786461617,1.0029465174291234
-0.08,1.0306075676030229,5.3500000000000005,-0.6987508027166909,-0.01540842031410097,0.973060923343448,1.002883545893992
-0.08,1.0306075676030229,5.4,-0.6971924190137829,-0.015756234486459676,0.9737574084790132,1.0028221386528025
-0.08,1.0306075676030229,5.45,-0.6956001479487893,-0.016086281338547313,0.9744320642164995,1.0027622534873748
-0.08,1.0306075676030229,5.5,-0.6939757325972377,-0.016399230128059675,0.9750856796071173,1.0027038493233509
-0.08,1.0306075676030229,5.550000000000001,-0.6923208502664728,-0.016695727058297298,0.9757190118688651,1.0026468862039022
-0.08,1.0306075676030229,5.6000000000000005,-0.6906371147675827,-0.01697639594764377,0.9763327877822859,1.002591325263574
-0.08,1.0306075676030229,5.65,-0.6889260786207655,-0.017241838891498683,0.976927705021433,1.0025371287022908
-0.08,1.0306075676030229,5.7,-0.687189235194966,-0.017492636915424034,0.977504433423139,1.002484259759599
-0.08,1.0306075676030229,5.75,-0.6854280207827019,-0.017729350618435526,0.9780636161975221,1.0024326826891479
-0.08,1.0306075676030229,5.800000000000001,-0.6836438166111062,-0.017952520805528466,0.9786058710825338,1.0023823627334685
-0.08,1.0306075676030229,5.8500000000000005,-0.6818379507902996,-0.018162669108668015,0.9791317914452181,1.0023332660990667
-0.08,1.0306075676030229,5.9,-0.6800117002002704,-0.018360298595602727,0.9796419473322283,1.0022853599318586
-0.08,1.0306075676030229,5.95,-0.678166292317506,-0.018545894365974386,0.9801368864720262,1.0022386122929743
-0.08,1.0306075676030229,6.0,-0.6763029069826565,-0.01871992413430027,0.9806171352310733,1.0021929921349442
-0.08,1.0306075676030229,6.050000000000001,-0.6744226781105652,-0.01888283879949756,0.9810831995262055,1.0021484692782867
-0.08,1.0306075676030229,6.1000000000000005,-0.6725266953440122,-0.019035073000700696,0.9815355656952985,1.0021050143885102
-0.08,1.0306075676030229,6.15,-0.670616005652558,-0.01917704565919829,0.9819747013281984,1.0020625989535432
-0.08,1.0306075676030229,6.2,-0.6686916148778692,-0.019309160506380502,0.9824010560598303,1.0020211952615992
-0.08,1.0306075676030229,6.25,-0.6667544892269387,-0.01943180659764715,0.9828150623272801,1.001980776379484
-0.08,1.0306075676030229,6.300000000000001,-0.6648055567145923,-0.019545358812278067,0.9832171360925646,1.0019413161313522
-0.08,1.0306075676030229,6.3500000000000005,-0.6628457085566962,-0.019650178339313203,0.9836076775327324,1.0019027890779184
-0.08,1.0306075676030229,6.4,-0.6608758005154507,-0.019746613149529902,0.9839870716988415,1.001865170496119
-0.08,1.0306075676030229,6.45,-0.6588966541981655,-0.019834998453639795,0.9843556891452971,1.0018284363592347
-0.08,1.0306075676030229,6.5,-0.6569090583108814,-0.019915657146858612,0.9847138865309526,1.0017925633174678
-0.08,1.0306075676030229,6.550000000000001,-0.6549137698682025,-0.01998890024002836,0.9850620071933146,1.0017575286789733
-0.08,1.0306075676030229,6.6000000000000005,-0.652911515360668,-0.020055027277494114,0.9854003816971225,1.0017233103913448
-0.08,1.0306075676030229,6.65,-0.6509029918809858,-0.02011432674195726,0.9857293283585125,1.0016898870235487
-0.08,1.0306075676030229,6.7,-0.6488888682104211,-0.020167076446542913,0.9860491537459231,1.001657237748309
-0.08,1.0306075676030229,6.75,-0.6468697858666052,-0.02021354391433345,0.9863601531588255,1.0016253423249255
-0.08,1.0306075676030229,6.800000000000001,-0.6448463601140072,-0.02025398674563068,0.9866626110853339,1.0015941810825397
-0.08,1.0306075676030229,6.8500000000000005,-0.6428191809382885,-0.020288652973218593,0.9869568016396759,1.0015637349038216
-0.08,1.0306075676030229,6.9,-0.6407888139857238,-0.02031778140590546,0.9872429889804736,1.001533985209091
-0.08,1.0306075676030229,6.95,-0.6387558014688487,-0.020341601960629372,0.9875214277107228,1.0015049139408494
-0.08,1.0306075676030229,7.0,-0.636720663039466,-0.020360335983414923,0.9877923632603334,1.001476503548729
-0.08,1.0306075676030229,7.050000000000001,-0.634683896630109,-0.020374196559471047,0.9880560322520342,1.0014487369748453
-0.08,1.0306075676030229,7.1000000000000005,-0.632645979265038,-0.02038338881272142,0.9883126628514154,1.0014215976395484
-0.08,1.0306075676030229,7.15,-0.6306073678418047,-0.02038811019505819,0.9885624751018492,1.0013950694275606
-0.08,1.0306075676030229,7.2,-0.6285684998844066,-0.02038855076560933,0.9888056812449748,1.0013691366745
-0.08,1.0306075676030229,7.25,-0.6265297942690086,-0.020384893460307894,0.9890424860274303,1.0013437841537791
-0.08,1.0306075676030229,7.300000000000001,-0.6244916519231883,-0.020377314352048956,0.9892730869944424,1.001318997063866
-0.08,1.0306075676030229,7.3500000000000005,-0.6224544564996329,-0.020365982901716498,0.9894976747708977,1.001294761015908
-0.08,1.0306075676030229,7.4,-0.6204185750251825,-0.0203510622003593,0.9897164333304498,1.0012710620217036
-0.08,1.0306075676030229,7.45,-0.6183843585260946,-0.020332709202790043,0.9899295402532219,1.0012478864820187
-0.08,1.0306075676030229,7.5,-0.6163521426303671,-0.0203110749528776,0.9901371669726154,1.001225221175234
-0.08,1.0306075676030229,7.550000000000001,-0.6143222481479415,-0.020286304800797454,0.990339479011722,1.0012030532463259
-0.08,1.0306075676030229,7.6000000000000005,-0.6122949816295716,-0.020258538612499474,0.990536636209808,1.0011813701961547
-0.08,1.0306075676030229,7.65,-0.6102706359051283,-0.020227910971647542,0.9907287929393213,1.0011601598710749
-0.08,1.0306075676030229,7.7,-0.6082494906020698,-0.020194551374278988,0.9909160983138458,1.00113941045284
-0.08,1.0306075676030229,7.75,-0.6062318126448037,-0.020158584416426623,0.9910986963874101,1.0011191104488075
-0.08,1.0306075676030229,7.800000000000001,-0.604217856735625,-0.020120129974939883,0.9912767263455369,1.0010992486824262
-0.08,1.0306075676030229,7.8500000000000005,-0.6022078658178968,-0.02007930338173548,0.9914503226883998,1.001079814284008
-0.08,1.0306075676030229,7.9,-0.6002020715221236,-0.020036215591702194,0.9916196154064467,1.0010607966817677
-0.08,1.0306075676030229,7.95,-0.59820069459554,-0.019990973344478125,0.991784730148811,1.0010421855931317
-0.08,1.0306075676030229,8.0,-0.5962039453158102,-0.01994367932031282,0.9919457883848445,1.0010239710163018
-0.08,1.0306075676030229,8.05,-0.5942120238894274,-0.019894432290220167,0.9921029075590581,1.0010061432220667
-0.08,1.0306075676030229,8.1,-0.5922251208353693,-0.019843327260622715,0.9922562012397822,1.0009886927458655
-0.08,1.0306075676030229,8.15,-0.5902434173545529,-0.019790455612681352,0.992405779261798,1.000971610380079
-0.08,1.0306075676030229,8.200000000000001,-0.5882670856856063,-0.019735905236498753,0.9925517478632235,1.0009548871665555
-0.08,1.0306075676030229,8.25,-0.5862962894474694,-0.01967976066037919,0.9926942098168927,1.00093851438936
-0.08,1.0306075676030229,8.3,-0.5843311839693024,-0.019622103175321474,0.9928332645564713,1.0009224835677417
-0.08,1.0306075676030229,8.35,-0.5823719166081723,-0.01956301095491617,0.992969008297538,1.0009067864493064
-0.08,1.0306075676030229,8.4,-0.5804186270549695,-0.019502559170812773,0.9931015341538447,1.0008914150034005
-0.08,1.0306075676030229,8.450000000000001,-0.5784714476289932,-0.019440820103917192,0.9932309322489702,1.0008763614146916
-0.08,1.0306075676030229,8.5,-0.5765305035616176,-0.019377863251474257,0.9933572898235558,1.0008616180769405
-0.08,1.0306075676030229,8.55,-0.5745959132694506,-0.019313755430185445,0.9934806913383217,1.0008471775869607
-0.08,1.0306075676030229,8.6,-0.572667788617372,-0.01924856087550604,0.9936012185730375,1.0008330327387627
-0.08,1.0306075676030229,8.65,-0.5707462351718253,-0.019182341337262168,0.9937189507216179,1.0008191765178713
-0.08,1.0306075676030229,8.700000000000001,-0.5688313524447296,-0.019115156171722235,0.9938339644835185,1.0008056020958136
-0.08,1.0306075676030229,8.75,-0.5669232341283511,-0.0190470624302535,0.9939463341515717,1.0007923028247772
-0.08,1.0306075676030229,8.8,-0.5650219683214798,-0.018978114944689352,0.9940561316964277,1.000779272232425
-0.08,1.0306075676030229,8.85,-0.5631276377472296,-0.018908366409529025,0.9941634268477346,1.0007665040168663
-0.08,1.0306075676030229,8.9,-0.5612403199627728,-0.018837867461086608,0.9942682871721958,1.0007539920417847
-0.08,1.0306075676030229,8.950000000000001,-0.5593600875613068,-0.018766666753702674,0.9943707781486378,1.0007417303317048
-0.08,1.0306075676030229,9.0,-0.557487008366549,-0.018694811033127135,0.9944709632402096,1.000729713067408
-0.08,1.0306075676030229,9.05,-0.5556211456200283,-0.018622345207178866,0.9945689039638322,1.0007179345814827
-0.08,1.0306075676030229,9.1,-0.5537625581614466,-0.018549312413782906,0.9946646599570176,1.0007063893540082
-0.08,1.0306075676030229,9.15,-0.551911300602366,-0.01847575408648324,0.9947582890421574,1.0006950720083723
-0.08,1.0306075676030229,9.200000000000001,-0.5500674234934677,-0.01840171001752518,0.9948498472883903,1.0006839773072076
-0.08,1.0306075676030229,9.25,-0.548230973485626,-0.01832721841859782,0.9949393890711503,1.0006731001484586
-0.08,1.0306075676030229,9.3,-0.5464019934850176,-0.01825231597932416,0.9950269671294795,1.0006624355615592
-0.08,1.0306075676030229,9.35,-0.5445805228025002,-0.018177037923582974,0.9951126326212096,1.000651978703728
-0.08,1.0306075676030229,9.4,-0.5427665972974597,-0.018101418063743317,0.9951964351760892,1.0006417248563757
-0.08,1.0306075676030229,9.450000000000001,-0.5409602495163404,-0.01802548885289003,0.9952784229469456,1.0006316694216175
-0.08,1.0306075676030229,9.5,-0.5391615088260485,-0.017949281435115188,0.9953586426589531,1.0006218079188924
-0.08,1.0306075676030229,9.55,-0.5373704015424251,-0.01787282569394792,0.9954371396570969,1.000612135981681
-0.08,1.0306075676030229,9.600000000000001,-0.5355869510539637,-0.01779615029899232,0.9955139579518867,1.0006026493543236
-0.08,1.0306075676030229,9.65,-0.5338111779409538,-0.017719282750840688,0.9955891402634082,1.0005933438889305
-0.08,1.0306075676030229,9.700000000000001,-0.5320431000902157,-0.017642249424326323,0.9956627280637657,1.0005842155423892
-0.08,1.0306075676030229,9.75,-0.5302827328055928,-0.017565075610178536,0.9957347616179851,1.0005752603734512
-0.08,1.0306075676030229,9.8,-0.5285300889143543,-0.01748778555513928,0.9958052800234378,1.0005664745399188
-0.08,1.0306075676030229,9.850000000000001,-0.5267851788696616,-0.017410402500599394,0.9958743212478439,1.0005578542959046
-0.08,1.0306075676030229,9.9,-0.5250480108492412,-0.017332948719809543,0.9959419221659079,1.0005493959891734
-0.08,1.0306075676030229,9.950000000000001,-0.5233185908504076,-0.017255445553719467,0.9960081185946427,1.0005410960585706
-0.08,1.0306075676030229,10.0,-0.5215969227815647,-0.017177913445496816,0.996072945327435,1.0005329510315157
-0.08,1.0306075676030229,10.05,-0.519883008550323,-0.017100371973774987,0.9961364361668977,1.0005249575215798
-0.08,1.0306075676030229,10.100000000000001,-0.5181768481483484,-0.017022839884677413,0.9961986239565558,1.0005171122261258
-0.08,1.0306075676030229,10.15,-0.5164784397330698,-0.016945335122664176,0.9962595406114143,1.0005094119240256
-0.08,1.0306075676030229,10.200000000000001,-0.5147877797063569,-0.016867874860245005,0.9963192171474525,1.0005018534734391
-0.08,1.0306075676030229,10.25,-0.5131048627902822,-0.016790475526600828,0.9963776837100756,1.000494433809661
-0.08,1.0306075676030229,10.3,-0.5114296821000681,-0.01671315283515481,0.9964349696015785,1.0004871499430292
-0.08,1.0306075676030229,10.350000000000001,-0.5097622292143345,-0.01663592181013202,0.996491103307646,1.0004799989568962
-0.08,1.0306075676030229,10.4,-0.5081024942427301,-0.016558796812145456,0.9965461125229386,1.0004729780056574
-0.08,1.0306075676030229,10.450000000000001,-0.506450465891057,-0.016481791562844787,0.9966000241757841,1.0004660843128403
-0.08,1.0306075676030229,10.5,-0.5048061315239721,-0.01640491916866261,0.9966528644520235,1.000459315169244
-0.08,1.0306075676030229,10.55,-0.5031694772253571,-0.01632819214369193,0.9967046588180324,1.0004526679311385
-0.08,1.0306075676030229,10.600000000000001,-0.5015404878564435,-0.01625162243172723,0.996755432042955,1.0004461400185134
-0.08,1.0306075676030229,10.65,-0.4999191471117699,-0.016175221427500094,0.9968052082201755,1.0004397289133762
-0.08,1.0306075676030229,10.700000000000001,-0.49830543757305734,-0.016098999997139367,0.9968540107880614,1.000433432158102
-0.08,1.0306075676030229,10.75,-0.4966993407610732,-0.016022968497884784,0.9969018625499977,1.0004272473538312
-0.08,1.0306075676030229,10.8,-0.495100837185561,-0.015947136797081495,0.9969487856937488,1.0004211721589098
-0.08,1.0306075676030229,10.850000000000001,-0.4935099063933049,-0.01587151429048242,0.9969948018101603,1.000415204287379
-0.08,1.0306075676030229,10.9,-0.4919265270143933,-0.01579610991988386,0.9970399319112371,1.0004093415075044
-0.08,1.0306075676030229,10.950000000000001,-0.4903506768067576,-0.01572093219011919,0.9970841964476131,1.0004035816403505
-0.08,1.0306075676030229,11.0,-0.4887823326990382,-0.0156459891854343,0.9971276153254383,1.0003979225583934
-0.08,1.0306075676030229,11.05,-0.4872214708318413,-0.015571288585267587,0.997170207922701,1.000392362184174
-0.08,1.0306075676030229,11.100000000000001,-0.48566806659745215,-0.015496837679456657,0.9972119931050111,1.000386898488991
-0.08,1.0306075676030229,11.15,-0.48412209467804895,-0.015422643382892629,0.99725298924086,1.0003815294916285
-0.08,1.0306075676030229,11.200000000000001,-0.4825835290824823,-0.015348712249642594,0.9972932142163743,1.0003762532571199
-0.08,1.0306075676030229,11.25,-0.4810523431816684,-0.015275050486559822,0.9973326854495914,1.0003710678955524
-0.08,1.0306075676030229,11.3,-0.4795285097426436,-0.01520166396640027,0.997371419904256,1.0003659715608946
-0.08,1.0306075676030229,11.350000000000001,-0.4780120009613339,-0.015128558240464022,0.9974094341031807,1.0003609624498673
-0.08,1.0306075676030229,11.4,-0.47650278849408284,-0.01505573855077866,0.9974467441411554,1.0003560388008401
-0.08,1.0306075676030229,11.450000000000001,-0.4750008434879841,-0.0149832098418416,0.9974833656974503,1.0003511988927645
-0.08,1.0306075676030229,11.5,-0.47350613661005986,-0.014910976771937489,0.9975193140479078,1.0003464410441276
-0.08,1.0306075676030229,11.55,-0.4720186380753317,-0.014839043724046264,0.997554604076644,1.0003417636119465
-0.08,1.0306075676030229,11.600000000000001,-0.4705383176738181,-0.014767414816356808,0.9975892502873787,1.0003371649907808
-0.08,1.0306075676030229,11.65,-0.4690651447965014,-0.014696093912400628,0.9976232668143976,1.0003326436117803
-0.08,1.0306075676030229,11.700000000000001,-0.46759908846030074,-0.014625084630819447,0.9976566674331658,1.0003281979417524
-0.08,1.0306075676030229,11.75,-0.46614011733208505,-0.014554390354780027,0.997689465570603,1.000323826482263
-0.08,1.0306075676030229,11.8,-0.46468819975176384,-0.014484014241049127,0.9977216743150312,1.000319527768753
-0.08,1.0306075676030229,11.850000000000001,-0.46324330375448614,-0.014413959228740966,0.9977533064258132,1.0003153003696914
-0.08,1.0306075676030229,11.9,-0.4618053970919814,-0.014344228047749,0.997784374342676,1.000311142885735
-0.08,1.0306075676030229,11.950000000000001,-0.4603744472530739,-0.014274823226873692,0.9978148901947534,1.00030705394893
-0.08,1.0306075676030229,12.0,-0.45895042148339776,-0.014205747101657085,0.9978448658093318,1.0003030322219215
-0.08,1.0306075676030229,12.05,-0.45753328680434424,-0.014137001821935027,0.9978743127203382,1.0002990763971904
-0.08,1.0306075676030229,12.100000000000001,-0.4561230100312677,-0.014068589359117032,0.9979032421765478,1.0002951851963098
-0.08,1.0306075676030229,12.15,-0.45471955779097784,-0.014000511513203945,0.9979316651495471,1.0002913573692247
-0.08,1.0306075676030229,12.200000000000001,-0.4533228965385409,-0.013932769919552597,0.9979595923414453,1.0002875916935454
-0.08,1.0306075676030229,12.25,-0.45193299257342,-0.013865366055396792,0.9979870341923519,1.000283886973867
-0.08,1.0306075676030229,12.3,-0.4505498120549719,-0.013798301246133349,0.9980140008876164,1.0002802420410999
-0.08,1.0306075676030229,12.350000000000001,-0.4491733210173306,-0.013731576671381675,0.9980405023648561,1.0002766557518246
-0.08,1.0306075676030229,12.4,-0.4478034853836924,-0.013665193370825045,0.99806654832076,1.0002731269876637
-0.08,1.0306075676030229,12.450000000000001,-0.4464402709800308,-0.013599152249841458,0.9980921482176888,1.0002696546546639
-0.08,1.0306075676030229,12.5,-0.4450836435482552,-0.01353345408493157,0.9981173112900745,1.0002662376827032
-0.08,1.0306075676030229,12.55,-0.44373356875884024,-0.013468099528951118,0.9981420465506254,1.000262875024909
-0.08,1.0306075676030229,12.600000000000001,-0.442390012222938,-0.013403089116154772,0.9981663627963419,1.000259565657093
-0.08,1.0306075676030229,12.65,-0.4410529395039983,-0.013338423267058131,0.9981902686143552,1.000256308577202
-0.08,1.0306075676030229,12.700000000000001,-0.43972231612890766,-0.013274102293124559,0.9982137723875838,1.00025310280478
-0.08,1.0306075676030229,12.75,-0.4383981075986716,-0.013210126401282938,0.9982368823002273,1.000249947380452
-0.08,1.0306075676030229,12.8,-0.4370802793986515,-0.013146495698282487,0.9982596063430924,1.0002468413654106
-0.08,1.0306075676030229,12.850000000000001,-0.4357687970083736,-0.01308321019489051,0.998281952318761,1.0002437838409268
-0.08,1.0306075676030229,12.9,-0.43446362591092597,-0.01302026980993854,0.998303927846604,1.0002407739078671
-0.08,1.0306075676030229,12.950000000000001,-0.4331647316019583,-0.01295767437422251,0.9983255403676501,1.0002378106862262
-0.08,1.0306075676030229,13.0,-0.43187207959829865,-0.012895423634261863,0.9983467971493049,1.0002348933146694
-0.08,1.0306075676030229,13.05,-0.4305856354462001,-0.01283351725592298,0.9983677052899363,1.0002320209500906
-0.08,1.0306075676030229,13.100000000000001,-0.4293053647292331,-0.01277195482791142,0.9983882717233248,1.0002291927671803
-0.08,1.0306075676030229,13.15,-0.4280312330758312,-0.012710735865137844,0.9984085032229782,1.000226407958001
-0.08,1.0306075676030229,13.200000000000001,-0.42676320616651164,-0.012649859811962084,0.9984284064063308,1.0002236657315817
-0.08,1.0306075676030229,13.25,-0.42550124974077147,-0.012589326045319642,0.9984479877388065,1.0002209653135152
-0.08,1.0306075676030229,13.3,-0.42424532960368105,-0.01252913387773477,0.9984672535377797,1.0002183059455716
-0.08,1.0306075676030229,13.350000000000001,-0.42299541163217796,-0.012469282560224273,0.9984862099764066,1.0002156868853163
-0.08,1.0306075676030229,13.4,-0.4217514617810787,-0.012409771285095756,0.9985048630873591,1.0002131074057443
-0.08,1.0306075676030229,13.450000000000001,-0.42051344608881314,-0.012350599188644172,0.9985232187664409,1.0002105667949164
-0.08,1.0306075676030229,13.5,-0.41928133068289525,-0.01229176535375018,0.9985412827761065,1.0002080643556126
-0.08,1.0306075676030229,13.55,-0.4180550817851381,-0.0122332688123839,0.9985590607488776,1.000205599404989
-0.08,1.0306075676030229,13.600000000000001,-0.41683466571662353,-0.012175108548017252,0.9985765581906612,1.0002031712742436
-0.08,1.0306075676030229,13.65,-0.4156200489024338,-0.012117283497948272,0.9985937804839746,1.0002007793082954
-0.08,1.0306075676030229,13.700000000000001,-0.4144111978761559,-0.012059792555540367,0.9986107328910786,1.0001984228654646
-0.08,1.0306075676030229,13.75,-0.4132080792841656,-0.01200263457237964,0.9986274205570232,1.0001961013171667
-0.08,1.0306075676030229,13.8,-0.4120106598896991,-0.011945808360353067,0.9986438485126045,1.0001938140476148
-0.08,1.0306075676030229,13.850000000000001,-0.4108189065767212,-0.011889312693650353,0.9986600216772423,1.0001915604535208
-0.08,1.0306075676030229,13.9,-0.40963278635359784,-0.011833146310692214,0.9986759448617741,1.0001893399438149
-0.08,1.0306075676030229,13.950000000000001,-0.4084522663565762,-0.011777307915987533,0.9986916227711731,1.0001871519393675
-0.08,1.0306075676030229,14.0,-0.4072773138530864,-0.011721796181922083,0.998707060007189,1.0001849958727167
-0.08,1.0306075676030229,14.05,-0.4061078962448645,-0.01166660975048102,0.998722261070917,1.0001828711878034
-0.08,1.0306075676030229,14.100000000000001,-0.404943981070908,-0.011611747234907651,0.9987372303652928,1.0001807773397164
-0.08,1.0306075676030229,14.15,-0.4037855360102683,-0.011557207221300565,0.998751972197524,1.000178713794438
-0.08,1.0306075676030229,14.200000000000001,-0.40263252888468587,-0.011502988270151462,0.9987664907814462,1.0001766800286014
-0.08,1.0306075676030229,14.25,-0.4014849276610751,-0.011449088917825546,0.9987807902398239,1.0001746755292509
-0.08,1.0306075676030229,14.3,-0.4003427004538641,-0.011395507677986706,0.9987948746065813,1.0001726997936093
-0.08,1.0306075676030229,14.350000000000001,-0.39920581552719375,-0.01134224304296933,0.9988087478289758,1.0001707523288503
-0.08,1.0306075676030229,14.4,-0.3980742412969836,-0.01128929348509849,0.9988224137697097,1.0001688326518772
-0.08,1.0306075676030229,14.450000000000001,-0.3969479463328664,-0.011236657457960712,0.9988358762089875,1.0001669402891056
-0.08,1.0306075676030229,14.5,-0.39582689935999954,-0.011184333397626478,0.998849138846515,1.0001650747762558
-0.08,1.0306075676030229,14.55,-0.39471106926075705,-0.011132319723826688,0.9988622053034466,1.0001632356581438
-0.08,1.0306075676030229,14.600000000000001,-0.39360042507630383,-0.011080614841084406,0.9988750791242763,1.0001614224884825
-0.08,1.0306075676030229,14.65,-0.392494936008062,-0.011029217139803543,0.9988877637786834,1.000159634829683
-0.08,1.0306075676030229,14.700000000000001,-0.39139457141906814,-0.010978124997315866,0.998900262663324,1.0001578722526703
-0.08,1.0306075676030229,14.75,-0.3902993008352293,-0.010927336778888115,0.998912579103578,1.000156134336688
-0.08,1.0306075676030229,14.8,-0.3892090939464799,-0.01087685083869012,0.9989247163552464,1.0001544206691249
-0.08,1.0306075676030229,14.850000000000001,-0.38812392060784373,-0.010826665520725835,0.998936677606205,1.0001527308453306
-0.08,1.0306075676030229,14.9,-0.3870437508404046,-0.010776779159728144,0.9989484659780175,1.0001510644684484
-0.08,1.0306075676030229,14.950000000000001,-0.38596855483219095,-0.01072719008201898,0.998960084527499,1.000149421149242
-0.08,1.0306075676030229,15.0,-0.38489830293897254,-0.010677896606335798,0.9989715362482443,1.0001478005059317
-0.08,1.0306075676030229,15.05,-0.3838329656849802,-0.010628897044625744,0.9989828240721138,1.000146202164035
-0.08,1.0306075676030229,15.100000000000001,-0.3827725137635462,-0.010580189702808539,0.9989939508706795,1.0001446257562072
-0.08,1.0306075676030229,15.15,-0.38171691803766966,-0.010531772881509189,0.999004919456637,1.00014307092209
-0.08,1.0306075676030229,15.200000000000001,-0.38066614954050987,-0.010483644876761575,0.9990157325851731,1.0001415373081595
-0.08,1.0306075676030229,15.25,-0.3796201794758123,-0.01043580398068405,0.9990263929553077,1.0001400245675829
-0.08,1.0306075676030229,15.3,-0.3785789792182671,-0.010388248482127837,0.9990369032111934,1.0001385323600729
-0.08,1.0306075676030229,15.350000000000001,-0.3775425203138052,-0.010340976667299372,0.9990472659433848,1.000137060351751
-0.08,1.0306075676030229,15.4,-0.37651077447983206,-0.010293986820357337,0.9990574836900721,1.000135608215009
-0.08,1.0306075676030229,15.450000000000001,-0.3754837136054049,-0.010247277223985456,0.9990675589382895,1.0001341756283777
-0.08,1.0306075676030229,15.5,-0.374461309751352,-0.010200846159941702,0.9990774941250833,1.0001327622763976
-0.08,1.0306075676030229,15.55,-0.37344353515033996,-0.010154691909584913,0.9990872916386585,1.00013136784949
-0.08,1.0306075676030229,15.600000000000001,-0.3724303622068882,-0.010108812754379554,0.9990969538194915,1.0001299920438362
-0.08,1.0306075676030229,15.65,-0.3714217634973354,-0.010063206976379331,0.9991064829614151,1.0001286345612537
-0.08,1.0306075676030229,15.700000000000001,-0.37041771176975635,-0.010017872858690517,0.9991158813126775,1.0001272951090792
-0.08,1.0306075676030229,15.75,-0.369418179943836,-0.00997280868591562,0.9991251510769741,1.0001259734000552
-0.08,1.0306075676030229,15.8,-0.3684231411106998,-0.009928012744578127,0.9991342944144482,1.000124669152216
-0.08,1.0306075676030229,15.850000000000001,-0.36743256853269957,-0.009883483323528959,0.9991433134426781,1.000123382088776
-0.08,1.0306075676030229,15.9,-0.36644643564316437,-0.009839218714335364,0.9991522102376261,1.0001221119380244
-0.08,1.0306075676030229,15.950000000000001,-0.3654647160461091,-0.009795217211652713,0.9991609868345733,1.000120858433219
-0.08,1.0306075676030229,16.0,-0.36448738351590965,-0.009751477113580017,0.9991696452290262,1.0001196213124857
-0.08,1.0306075676030229,16.05,-0.36351441199694134,-0.009707996721999533,0.9991781873776023,1.0001184003187154
-0.08,1.0306075676030229,16.1,-0.36254577560318524,-0.009664774342901184,0.9991866151988926,1.0001171951994667
-0.08,1.0306075676030229,16.150000000000002,-0.36158144861780256,-0.009621808286692244,0.9991949305743055,1.0001160057068725
-0.08,1.0306075676030229,16.2,-0.3606214054926791,-0.00957909686849282,0.9992031353488882,1.0001148315975437
-0.08,1.0306075676030229,16.25,-0.35966562084794007,-0.009536638408417697,0.9992112313321233,1.000113672632478
-0.08,1.0306075676030229,16.3,-0.35871406947143764,-0.009494431231844975,0.9992192202987166,1.0001125285769736
-0.08,1.0306075676030229,16.35,-0.35776672631821244,-0.009452473669671953,0.9992271039893517,1.0001113992005373
-0.08,1.0306075676030229,16.400000000000002,-0.35682356650993075,-0.0094107640585588,0.9992348841114397,1.0001102842768028
-0.08,1.0306075676030229,16.45,-0.3558845653342965,-0.009369300741160382,0.9992425623398424,1.0001091835834457
-0.08,1.0306075676030229,16.5,-0.3549496982444405,-0.009328082066346671,0.999250140317578,1.0001080969021012
-0.08,1.0306075676030229,16.55,-0.3540189408582908,-0.009287106389412192,0.9992576196565115,1.0001070240182879
-0.08,1.0306075676030229,16.6,-0.35309226895791906,-0.009246372072274868,0.9992650019380322,1.000105964721324
-0.08,1.0306075676030229,16.650000000000002,-0.35216965848886983,-0.009205877483664651,0.9992722887137077,1.0001049188042554
-0.08,1.0306075676030229,16.7,-0.35125108555947127,-0.009165620999302319,0.999279481505925,1.000103886063782
-0.08,1.0306075676030229,16.75,-0.3503365264401265,-0.00912560100206879,0.9992865818085191,1.0001028663001812
-0.08,1.0306075676030229,16.8,-0.34942595756259165,-0.009085815882165275,0.9992935910873819,1.000101859317237
-0.08,1.0306075676030229,16.85,-0.3485193555192357,-0.00904626403726467,0.9993005107810601,1.0001008649221756
-0.08,1.0306075676030229,16.900000000000002,-0.34761669706228554,-0.009006943872654416,0.9993073423013354,1.0000998829255903
-0.08,1.0306075676030229,16.95,-0.34671795910305964,-0.008967853801371219,0.9993140870337947,1.0000989131413784
-0.08,1.0306075676030229,17.0,-0.3458231187111853,-0.008928992244327858,0.9993207463383851,1.0000979553866765
-0.08,1.0306075676030229,17.05,-0.34493215311380676,-0.008890357630432501,0.9993273215499539,1.000097009481795
-0.08,1.0306075676030229,17.1,-0.34404503969477884,-0.008851948396700558,0.9993338139787787,1.0000960752501573
-0.08,1.0306075676030229,17.150000000000002,-0.3431617559938513,-0.008813762988359656,0.9993402249110839,1.0000951525182378
-0.08,1.0306075676030229,17.2,-0.34228227970584363,-0.008775799858947757,0.9993465556095444,1.0000942411155025
-0.08,1.0306075676030229,17.25,-0.3414065886798078,-0.008738057470404759,0.9993528073137781,1.00009334087435
-0.08,1.0306075676030229,17.3,-0.3405346609181852,-0.008700534293157848,0.9993589812408267,1.0000924516300558
-0.08,1.0306075676030229,17.35,-0.3396664745759529,-0.008663228806200803,0.9993650785856271,1.0000915732207172
-0.08,1.0306075676030229,17.400000000000002,-0.3388020079597638,-0.008626139497167448,0.9993711005214672,1.000090705487194
-0.08,1.0306075676030229,17.45,-0.3379412395270787,-0.00858926486239955,0.999377048200437,1.0000898482730607
-0.08,1.0306075676030229,17.5,-0.3370841478852919,-0.008552603407009295,0.9993829227538635,1.0000890014245496
-0.08,1.0306075676030229,17.55,-0.336230711790852,-0.008516153644936643,0.9993887252927416,1.0000881647905047
-0.08,1.0306075676030229,17.6,-0.33538091014837546,-0.008479914099001609,0.999394456908148,1.0000873382223252
-0.08,1.0306075676030229,17.650000000000002,-0.3345347220097562,-0.008443883300951858,0.9994001186716529,1.0000865215739225
-0.08,1.0306075676030229,17.7,-0.3336921265732704,-0.008408059791505587,0.9994057116357163,1.0000857147016673
-0.08,1.0306075676030229,17.75,-0.3328531031826776,-0.008372442120390055,0.9994112368340805,1.000084917464347
-0.08,1.0306075676030229,17.8,-0.33201763132631645,-0.008337028846375816,0.9994166952821457,1.0000841297231156
-0.08,1.0306075676030229,17.85,-0.3311856906362006,-0.008301818537306889,0.9994220879773489,1.000083351341452
-0.08,1.0306075676030229,17.900000000000002,-0.3303572608871082,-0.008266809770126948,0.9994274158995213,1.0000825821851147
-0.08,1.0306075676030229,17.95,-0.3295323219956707,-0.008232001130901782,0.9994326800112475,1.0000818221220977
-0.08,1.0306075676030229,18.0,-0.3287108540194596,-0.008197391214838102,0.9994378812582122,1.0000810710225896
-0.08,1.0306075676030229,18.05,-0.32789283715607126,-0.008162978626298877,0.9994430205695395,1.0000803287589324
-0.08,1.0306075676030229,18.1,-0.32707825174220984,-0.008128761978815298,0.9994480988581225,1.0000795952055803
-0.08,1.0306075676030229,18.150000000000002,-0.3262670782527708,-0.00809473989509559,0.9994531170209521,1.000078870239059
-0.08,1.0306075676030229,18.2,-0.325459297299921,-0.008060911007030675,0.9994580759394311,1.0000781537379309
-0.08,1.0306075676030229,18.25,-0.32465488963218087,-0.008027273955696905,0.9994629764796846,1.0000774455827526
-0.08,1.0306075676030229,18.3,-0.3238538361335054,-0.007993827391355998,0.9994678194928642,1.0000767456560393
-0.08,1.0306075676030229,18.35,-0.32305611782236543,-0.007960569973452234,0.9994726058154431,1.0000760538422302
-0.08,1.0306075676030229,18.400000000000002,-0.322261715850829,-0.007927500370606981,0.9994773362695079,1.0000753700276492
-0.08,1.0306075676030229,18.45,-0.32147061150364414,-0.007894617260610845,0.9994820116630393,1.0000746941004752
-0.08,1.0306075676030229,18.5,-0.3206827861973216,-0.007861919330413355,0.9994866327901919,1.000074025950701
-0.08,1.0306075676030229,18.55,-0.3198982214792196,-0.007829405276110361,0.9994912004315631,1.0000733654701064
-0.08,1.0306075676030229,18.6,-0.31911689902662965,-0.007797073802929284,0.9994957153544607,1.0000727125522217
-0.08,1.0306075676030229,18.650000000000002,-0.3183388006458638,-0.007764923625212215,0.9995001783131598,1.0000720670922965
-0.08,1.0306075676030229,18.7,-0.317563908271344,-0.007732953466397061,0.9995045900491563,1.0000714289872674
-0.08,1.0306075676030229,18.75,-0.31679220396469315,-0.007701162058996743,0.9995089512914194,1.0000707981357289
-0.08,1.0306075676030229,18.8,-0.3160236699138279,-0.007669548144576576,0.999513262756626,1.0000701744379012
-0.08,1.0306075676030229,18.85,-0.31525828843205583,-0.007638110473729906,0.9995175251494091,1.0000695577956036
-0.08,1.0306075676030229,18.900000000000002,-0.3144960419571723,-0.007606847806052063,0.999521739162577,1.000068948112221
-0.08,1.0306075676030229,18.95,-0.3137369130505622,-0.007575758910112721,0.9995259054773545,1.0000683452926789
-0.08,1.0306075676030229,19.0,-0.31298088439630317,-0.007544842563426771,0.9995300247635935,1.0000677492434145
-0.08,1.0306075676030229,19.05,-0.3122279388002733,-0.007514097552423706,0.9995340976799975,1.000067159872351
-0.08,1.0306075676030229,19.1,-0.3114780591892603,-0.007483522672415646,0.9995381248743318,1.0000665770888675
-0.08,1.0306075676030229,19.150000000000002,-0.31073122861007507,-0.00745311672756405,0.999542106983632,1.0000660008037754
-0.08,1.0306075676030229,19.200000000000003,-0.3099874302286687,-0.007422878530845191,0.9995460446344097,1.0000654309292918
-0.08,1.0306075676030229,19.25,-0.3092466473292519,-0.007392806904014422,0.9995499384428496,1.0000648673790165
-0.08,1.0306075676030229,19.3,-0.3085088633134191,-0.0073629006775693135,0.9995537890150046,1.0000643100679023
-0.08,1.0306075676030229,19.35,-0.30777406169927696,-0.007333158690711772,0.9995575969469915,1.0000637589122368
-0.08,1.0306075676030229,19.400000000000002,-0.3070422261205744,-0.007303579791309061,0.9995613628251713,1.0000632138296142
-0.08,1.0306075676030229,19.450000000000003,-0.30631334032583885,-0.007274162835853944,0.9995650872263367,1.0000626747389139
-0.08,1.0306075676030229,19.5,-0.3055873881775155,-0.007244906689423858,0.999568770717892,1.0000621415602786
-0.08,1.0306075676030229,19.55,-0.3048643536511111,-0.007215810225639276,0.9995724138580254,1.0000616142150904
-0.08,1.0306075676030229,19.6,-0.30414422083434134,-0.007186872326621201,0.9995760171958825,1.0000610926259499
-0.08,1.0306075676030229,19.650000000000002,-0.3034269739262836,-0.007158091882947955,0.9995795812717361,1.0000605767166544
-0.08,1.0306075676030229,19.700000000000003,-0.3027125972365326,-0.007129467793611219,0.9995831066171473,1.000060066412176
-0.08,1.0306075676030229,19.75,-0.30200107518436214,-0.007100998965971378,0.9995865937551297,1.0000595616386436
-0.08,1.0306075676030229,19.8,-0.30129239229789045,-0.007072684315712268,0.9995900432003065,1.0000590623233194
-0.08,1.0306075676030229,19.85,-0.3005865332132492,-0.007044522766795292,0.9995934554590651,1.0000585683945817
-0.08,1.0306075676030229,19.900000000000002,-0.29988348267375997,-0.007016513251413017,0.999596831029709,1.0000580797819048
-0.08,1.0306075676030229,19.950000000000003,-0.29918322552911125,-0.006988654709942183,0.9996001704026038,1.0000575964158385
-0.08,1.0306075676030229,20.0,-0.2984857467345451,-0.006960946090896331,0.9996034740603258,1.0000571182279911
-0.08,1.0306075676030229,20.1,-0.2970990645395232,-0.006905974454529776,0.9996099761224522,1.0000561771185683
-0.08,1.0306075676030229,20.28615468146082,-0.2945467275424705,-0.006805200136378147,0.9996217171867019,1.0000544778583302
-0.08,1.0306075676030229,20.47403342090323,-0.2920084160999398,-0.006705503121487882,0.9996331078972642,1.0000528295472124
-0.08,1.0306075676030229,20.663652185564246,-0.2894842013744134,-0.006606878102800471,0.9996441589494058,1.000051230693366
-0.08,1.0306075676030229,20.855027090560313,-0.28697415294480955,-0.006509319541381425,0.9996548807073758,1.0000496798458904
-0.08,1.0306075676030229,21.04817440025684,-0.28447833886136603,-0.00641282168109105,0.9996652832142638,1.0000481755938586
-0.08,1.0306075676030229,21.243110529650455,-0.281996825698684,-0.006317378562738077,0.9996753762015976,1.0000467165653537
-0.08,1.0306075676030229,21.439852045764102,-0.27952967860693345,-0.00622298403772806,0.9996851690986834,1.000045301426526
-0.08,1.0306075676030229,21.638415669054964,-0.2770769613612147,-0.006129631781218418,0.9996946710416986,1.000043928880669
-0.08,1.0306075676030229,21.83881827483555,-0.2746387364090737,-0.006037315304791874,0.9997038908825349,1.0000425976673055
-0.08,1.0306075676030229,22.04107689470784,-0.2722150649161733,-0.005946027968660278,0.999712837197403,1.0000413065612936
-0.08,1.0306075676030229,22.245208718010712,-0.2698060068101185,-0.005855762993410449,0.9997215182952034,1.0000400543719512
-0.08,1.0306075676030229,22.4512310932809,-0.26741162082243725,-0.0057665134713036055,0.9997299422256647,1.000038839942195
-0.08,1.0306075676030229,22.659161529727328,-0.26503196452872346,-0.0056782723771399745,0.9997381167872595,1.0000376621476934
-0.08,1.0306075676030229,22.86901769871915,-0.26266709438694336,-0.005591032578699635,0.999746049534898,1.000036519896041
-0.08,1.0306075676030229,23.080817435287667,-0.2603170657739139,-0.005504786846770729,0.9997537477874089,1.0000354121259463
-0.08,1.0306075676030229,23.294578739641963,-0.25798193301996275,-0.005419527864775832,0.9997612186348074,1.0000343378064325
-0.08,1.0306075676030229,23.510319778698783,-0.2556617494417771,-0.0053352482380068685,0.9997684689453609,1.000033295936062
-0.08,1.0306075676030229,23.72805888762644,-0.253356567373453,-0.005251940502478981,0.999775505372452,1.0000322855421706
-0.08,1.0306075676030229,23.947814571403043,-0.2510664381957603,-0.005169597133413224,0.9997823343612482,1.000031305680118
-0.08,1.0306075676030229,24.169605506389228,-0.24879141236363364,-0.005088210553357868,0.9997889621551754,1.0000303554325578
-0.08,1.0306075676030229,24.39345054191539,-0.246531539431903,-0.00500777313995775,0.9997953948022117,1.000029433908719
-0.08,1.0306075676030229,24.619368701883577,-0.24428686807928582,-0.0049282772333810385,0.9998016381609929,1.0000285402437028
-0.08,1.0306075676030229,24.847379186384366,-0.24205744613064434,-0.004849715143412309,0.9998076979067453,1.0000276735977998
-0.08,1.0306075676030229,25.077501373328523,-0.23984332057753677,-0.004772079156220987,0.9998135795370433,1.0000268331558142
-0.08,1.0306075676030229,25.30975482009396,-0.2376445375970671,-0.004695361540813717,0.9998192883773949,1.0000260181264107
-0.08,1.0306075676030229,25.544159265187808,-0.23546114256905798,-0.00461955455517939,0.9998248295866687,1.0000252277414676
-0.08,1.0306075676030229,25.780734629923902,-0.2332931800915553,-0.004544650452135267,0.9998302081623572,1.0000244612554556
-0.08,1.0306075676030229,26.019501020115914,-0.23114069399468537,-0.004470641484882543,0.999835428945682,1.0000237179448184
-0.08,1.0306075676030229,26.260478727786037,-0.2290037273528761,-0.004397519912279801,0.9998404966265502,1.0000229971073753
-0.08,1.0306075676030229,26.503688232889502,-0.2268823224954592,-0.00432527800384258,0.9998454157483602,1.0000222980617368
-0.08,1.0306075676030229,26.74915020505521,-0.224776521015667,-0.0042539080444771804,0.9998501907126646,1.0000216201467302
-0.08,1.0306075676030229,26.99688550534226,-0.2226863637780397,-0.004183402338957128,0.9998548257836892,1.0000209627208434
-0.08,1.0306075676030229,27.246915188012967,-0.2206118909242547,-0.004113753216150084,0.9998593250927199,1.0000203251616777
-0.08,1.0306075676030229,27.499260502322162,-0.21855314187739652,-0.004044953033003553,0.9998636926423528,1.0000197068654186
-0.08,1.0306075676030229,27.753942894323053,-0.21651015534467885,-0.003976994178297109,0.9998679323106155,1.0000191072463107
-0.08,1.0306075676030229,28.010984008689945,-0.21448296931863392,-0.003909869076169143,0.9998720478549632,1.0000185257361558
-0.08,1.0306075676030229,28.270405690557713,-0.21247162107678585,-0.0038435701894257877,0.9998760429161496,1.0000179617838167
-0.08,1.0306075676030229,28.532229987378305,-0.21047614717982382,-0.00377809002263964,0.9998799210219831,1.0000174148547354
-0.08,1.0306075676030229,28.79647915079459,-0.20849658346828845,-0.003713421125045617,0.9998836855909609,1.0000168844304607
-0.08,1.0306075676030229,29.063175638531384,-0.20653296505779278,-0.003649556093241278,0.9998873399357956,1.0000163700081919
-0.08,1.0306075676030229,29.332342116304055,-0.2045853263327933,-0.0035864875736984184,0.9998908872668292,1.000015871100331
-0.08,1.0306075676030229,29.604001459744886,-0.2026537009389289,-0.0035242082650928193,0.9998943306953414,1.000015387234046
-0.08,1.0306075676030229,29.8781767563471,-0.20073812177395065,-0.0034627109204586,0.9998976732367534,1.0000149179508457
-0.08,1.0306075676030229,30.154891307427096,-0.19883862097725816,-0.00340198834917329,0.9999009178137325,1.0000144628061693
-0.08,1.0306075676030229,30.43416863010471,-0.19695522991806905,-0.003342033418779713,0.999904067259198,1.0000140213689785
-0.08,1.0306075676030229,30.716032459301825,-0.19508797918223966,-0.0032828390566502115,0.9999071243192328,1.0000135932213678
-0.08,1.0306075676030229,31.00050674975963,-0.1932368985577613,-0.0032243982514986286,0.9999100916559002,1.000013177958181
-0.08,1.0306075676030229,31.287615678074335,-0.19140201701895768,-0.003166704054745241,0.9999129718499733,1.000012775186638
-0.08,1.0306075676030229,31.577383644751972,-0.18958336270940482,-0.0031097495817393773,0.99991576740358,1.0000123845259747
-0.08,1.0306075676030229,31.869835276282085,-0.18778096292360116,-0.003053528012844463,0.9999184807427558,1.0000120056070858
-0.08,1.0306075676030229,32.16499542723059,-0.18599484408741493,-0.0029980325943899343,0.9999211142199238,1.0000116380721855
-0.08,1.0306075676030229,32.462889182352235,-0.18422503173733043,-0.002943256639494138,0.9999236701162847,1.0000112815744686
-0.08,1.0306075676030229,32.763541858722334,-0.1824715504985276,-0.0028891935287624674,0.9999261506441414,1.0000109357777904
-0.08,1.0306075676030229,33.06697900788844,-0.1807344240618173,-0.0028358367108645803,0.999928557949138,1.0000106003563443
-0.08,1.0306075676030229,33.373226418041924,-0.1790136751594633,-0.0027831797029945807,0.9999308941124337,1.0000102749943578
-0.08,1.0306075676030229,33.68231011620963,-0.17730932553992035,-0.002731216091217927,0.9999331611527986,1.0000099593857912
-0.08,1.0306075676030229,33.99425637046573,-0.175621395941518,-0.0026799395307088238,0.9999353610286505,1.0000096532340468
-0.08,1.0306075676030229,34.30909169216431,-0.17394990606511992,-0.0026293437458816855,0.9999374956400154,1.0000093562516843
-0.08,1.0306075676030229,34.62684283819243,-0.1722948745457921,-0.0025794225304203865,0.9999395668304313,1.0000090681601477
-0.08,1.0306075676030229,34.94753681324406,-0.17065631892350988,-0.0025301697472089155,0.9999415763887859,1.000008788689494
-0.08,1.0306075676030229,35.2712008721152,-0.169034255612939,-0.0024815793281670545,0.9999435260510942,1.0000085175781366
-0.08,1.0306075676030229,35.597862522020144,-0.16742869987232278,-0.0024336452739947174,0.9999454175022164,1.0000082545725872
-0.08,1.0306075676030229,35.927549524929255,-0.16583966577151107,-0.00238636165382858,0.9999472523775235,1.0000079994272162
-0.08,1.0306075676030229,36.26028989992831,-0.1642671661591681,-0.002339722604814598,0.9999490322645009,1.0000077519040078
-0.08,1.0306075676030229,36.59611192559986,-0.16271121262919208,-0.002293722331600009,0.9999507587043038,1.0000075117723306
-0.08,1.0306075676030229,36.93504414242648,-0.16117181548639076,-0.002248355105748383,0.9999524331932603,1.0000072788087115
-0.08,1.0306075676030229,37.27711535521626,-0.15964898371144595,-0.002203615265081244,0.9999540571843233,1.0000070527966167
-0.08,1.0306075676030229,37.62235463555102,-0.15814272492521073,-0.002159497212949674,0.999955632088471,1.0000068335262382
-0.08,1.0306075676030229,37.97079132425686,-0.15665304535237934,-0.002115995417439325,0.9999571592760653,1.0000066207942866
-0.08,1.0306075676030229,38.32245503389777,-0.15517994978457422,-0.0020731044105120775,0.9999586400781645,1.0000064144037901
-0.08,1.0306075676030229,38.67737565129239,-0.15372344154289053,-0.002030818787087519,0.9999600757877857,1.0000062141639032
-0.08,1.0306075676030229,39.03558334005395,-0.15228352243994667,-0.0019891332040673166,0.9999614676611314,1.00000601988971
-0.08,1.0306075676030229,39.3971085431537,-0.15086019274148552,-0.0019480423793053778,0.9999628169187726,1.0000058314020484
-0.08,1.0306075676030229,39.761981985508335,-0.14945345112757255,-0.001907541090526555,0.9999641247467885,1.000005648527325
-0.08,1.0306075676030229,40.1302346765911,-0.14806329465344203,-0.0018676241741965665,0.9999653922978715,1.0000054710973463
-0.08,1.0306075676030229,40.50189791306716,-0.1466897187100398,-0.0018282865243456129,0.9999666206923924,1.0000052989491477
-0.08,1.0306075676030229,40.87700328145351,-0.1453327169843134,-0.0017895230913479974,0.9999678110194313,1.0000051319248326
-0.08,1.0306075676030229,41.25558266080338,-0.14399228141930326,-0.0017513288806600244,0.9999689643377708,1.0000049698714126
-0.08,1.0306075676030229,41.63766822541544,-0.14266840217408686,-0.001713698951518206,0.9999700816768534,1.0000048126406529
-0.08,1.0306075676030229,42.02329244756837,-0.14136106758363304,-0.0016766284155998279,0.9999711640377136,1.0000046600889267
-0.08,1.0306075676030229,42.41248810028041,-0.14007026411862147,-0.0016401124356476614,0.999972212393869,1.0000045120770673
-0.08,1.0306075676030229,42.80528826009479,-0.1387959763452837,-0.001604146224060742,0.9999732276921844,1.000004368470228
-0.08,1.0306075676030229,43.20172630989064,-0.1375381868853282,-0.0015687250414528687,0.9999742108537073,1.0000042291377478
-0.08,1.0306075676030229,43.60183594172025,-0.13629687637600627,-0.001533844195180601,0.9999751627744732,1.0000040939530184
-0.08,1.0306075676030229,44.00565115967241,-0.13507202343038252,-0.001499499037842413,0.9999760843262797,1.0000039627933557
-0.08,1.0306075676030229,44.413206282762204,-0.13386360459787328,-0.001465684965750744,0.9999769763574385,1.000003835539877
-0.08,1.0306075676030229,44.824535947847835,-0.13267159432511563,-0.0014323974173785917,0.9999778396934984,1.0000037120773784
-0.08,1.0306075676030229,45.23967511257426,-0.13149596491723584,-0.0013996318717824844,0.9999786751379434,1.0000035922942208
-0.08,1.0306075676030229,45.65865905834403,-0.13033668649958283,-0.0013673838470036096,0.999979483472865,1.0000034760822138
-0.08,1.0306075676030229,46.081523393315884,-0.12919372697999598,-0.0013356488984489396,0.9999802654596147,1.0000033633365082
-0.08,1.0306075676030229,46.50830405543093,-0.12806705201167773,-0.001304422617254347,0.9999810218394274,1.0000032539554886
-0.08,1.0306075676030229,46.93903731546684,-0.12695662495674306,-0.0012737006286317252,0.9999817533340277,1.0000031478406706
-0.08,1.0306075676030229,47.37375978012049,-0.12586240685051786,-0.0012434785902022012,0.9999824606462127,1.0000030448966004
-0.08,1.0306075676030229,47.81250839511901,-0.12478435636666044,-0.0012137521903176534,0.999983144460416,1.0000029450307577
-0.08,1.0306075676030229,48.25532044835962,-0.12372242978318322,-0.0011845171463728233,0.9999838054432459,1.0000028481534624
-0.08,1.0306075676030229,48.70223357307873,-0.12267658094944711,-0.0011557692031103268,0.9999844442440132,1.0000027541777832
-0.08,1.0306075676030229,49.15328575105025,-0.12164676125421073,-0.001127504130921035,0.999985061495233,1.0000026630194498
-0.08,1.0306075676030229,49.608515315813406,-0.12063291959480756,-0.0010997177241422805,0.9999856578131094,1.0000025745967671
-0.08,1.0306075676030229,50.067960955930815,-0.11963500234753364,-0.0010724057993564157,0.9999862337980094,1.000002488830531
-0.08,1.0306075676030229,50.5316617182763,-0.11865295333932202,-0.0010455641936922971,0.9999867900349091,1.0000024056439507
-0.08,1.0306075676030229,50.99965701135351,-0.11768671382078542,-0.0010191887631323133,0.9999873270938342,1.0000023249625696
-0.08,1.0306075676030229,51.47198660864504,-0.11673622244070611,-0.0009932753808275096,0.999987845530277,1.0000022467141891
-0.08,1.0306075676030229,51.9486906519927,-0.11580141522205256,-0.0009678199354234931,0.9999883458856026,1.0000021708287974
-0.08,1.0306075676030229,52.429809655009066,-0.11488222553960266,-0.0009428183293996446,0.9999888286874412,1.0000020972384973
-0.08,1.0306075676030229,52.91538450652049,-0.11397858409925322,-0.0009182664774242981,0.9999892944500606,1.0000020258774385
-0.08,1.0306075676030229,53.40545647404229,-0.11309041891909394,-0.0008941603047283831,0.9999897436747327,1.0000019566817508
-0.08,1.0306075676030229,53.90006720728585,-0.11221765531232415,-0.0008704957455000926,0.999990176850081,1.0000018895894809
-0.08,1.0306075676030229,54.39925874169825,-0.11136021587209163,-0.0008472687413030724,0.9999905944524198,1.0000018245405289
-0.08,1.0306075676030229,54.90307350203484,-0.11051802045832618,-0.0008244752395205288,0.9999909969460761,1.0000017614765888
-0.08,1.0306075676030229,55.41155430596479,-0.10969098618664729,-0.0008021111918277195,0.9999913847837077,1.0000017003410904
-0.08,1.0306075676030229,55.924744367709856,-0.10887902741941842,-0.0007801725526951773,0.9999917584066005,1.0000016410791421
-0.08,1.0306075676030229,56.442687301717264,-0.10808205575901961,-0.0007586552779249491,0.9999921182449625,1.0000015836374772
-0.08,1.0306075676030229,56.96542712636624,-0.1072999800434114,-0.0007375553232221945,0.9999924647182051,1.0000015279643997
-0.08,1.0306075676030229,57.493008267708944,-0.10653270634405852,-0.0007168686428043883,0.9999927982352116,1.0000014740097352
-0.08,1.0306075676030229,58.02547556324627,-0.10578013796628084,-0.0006965911880503184,0.9999931191946008,1.00000142172478
-0.08,1.0306075676030229,58.562874265738245,-0.10504217545209746,-0.0006767189061911595,0.999993427984977,1.0000013710622517
-0.08,1.0306075676030229,59.10525004705015,-0.10431871658562636,-0.0006572477390457418,0.9999937249851752,1.0000013219762467
-0.08,1.0306075676030229,59.65264900203377,-0.10360965640110176,-0.0006381736218022715,0.9999940105644933,1.0000012744221918
-0.08,1.0306075676030229,60.2051176524451,-0.10291488719356585,-0.0006194924818486584,0.9999942850829194,1.0000012283568032
-0.08,1.0306075676030229,60.76270295089797,-0.10223429853229178,-0.0006012002376536046,0.9999945488913521,1.0000011837380423
-0.08,1.0306075676030229,61.325452284854336,-0.10156777727698886,-0.0005832927977007228,0.999994802331808,1.0000011405250768
-0.08,1.0306075676030229,61.89341348065174,-0.10091520759684083,-0.0005657660594777851,0.9999950457376279,1.0000010986782406
-0.08,1.0306075676030229,62.466634807567864,-0.10027647099242182,-0.000548615908523407,0.9999952794336722,1.000001058158998
-0.08,1.0306075676030229,63.0451649819227,-0.09965144632053238,-0.0005318382175332685,0.999995503736513,1.0000010189299027
-0.08,1.0306075676030229,63.629053171218956,-0.0990400098219947,-0.0005154288455281666,0.9999957189546175,1.0000009809545667
-0.08,1.0306075676030229,64.21834899832058,-0.09844203515243985,-0.00049938363708607,0.9999959253885226,1.0000009441976234
-0.08,1.0306075676030229,64.81310254566993,-0.09785739341611766,-0.000483698421640367,0.9999961233310135,1.0000009086246957
-0.08,1.0306075676030229,65.4133643595444,-0.09728595320275397,-0.0004683690128464952,0.9999963130672844,1.0000008742023636
-0.08,1.0306075676030229,66.01918545435197,-0.09672758062747563,-0.00045339120801910475,0.9999964948751044,1.000000840898133
-0.08,1.0306075676030229,66.63061731696679,-0.09618213937381723,-0.0004387607876418508,0.9999966690249708,1.0000008086804069
-0.08,1.0306075676030229,67.24771191110499,-0.09564949073982047,-0.0004244735149518746,0.9999968357802644,1.000000777518455
-0.08,1.0306075676030229,67.87052168174088,-0.09512949368722798,-0.0004105251356009479,0.9999969953973944,1.0000007473823873
-0.08,1.0306075676030229,68.49909955956402,-0.09462200489377082,-0.0003969113773952013,0.9999971481259431,1.0000007182431276
-0.08,1.0306075676030229,69.13349896547759,-0.09412687880854011,-0.00038362795011520157,0.9999972942088038,1.0000006900723843
-0.08,1.0306075676030229,69.77377381513884,-0.09364396771042756,-0.0003706705454180795,0.9999974338823188,1.0000006628426308
-0.08,1.0306075676030229,70.41997852354069,-0.09317312176961352,-0.0003580348368232615,0.999997567376408,1.0000006365270762
-0.08,1.0306075676030229,71.0721680096366,-0.09271418911207371,-0.0003457164797831834,0.9999976949147001,1.0000006110996453
-0.08,1.0306075676030229,71.73039770100793,-0.09226701588706765,-0.0003337111118402273,0.9999978167146581,1.0000005865349546
-0.08,1.0306075676030229,72.39472353857458,-0.09183144633756686,-0.00032201435287093253,0.9999979329876991,1.0000005628082917
-0.08,1.0306075676030229,73.06520198134909,-0.09140732287357164,-0.0003106218054183398,0.9999980439393164,1.0000005398955942
-0.08,1.0306075676030229,73.74189001123509,-0.09099448614825784,-0.00029952905511309175,0.9999981497691948,1.0000005177734288
-0.08,1.0306075676030229,74.42484513786997,-0.09059277513688815,-0.0002887316711837452,0.9999982506713267,1.0000004964189748
-0.08,1.0306075676030229,75.11412540351232,-0.09020202721841486,-0.00027822520705646827,0.9999983468341225,1.00000047581
-0.08,1.0306075676030229,75.80978938797494,-0.08982207825969181,-0.0002680052010440629,0.999998438440521,1.0000004559248492
-0.08,1.0306075676030229,76.51189621360336,-0.08945276270220798,-0.0002580671771240436,0.9999985256680974,1.0000004367424222
-0.08,1.0306075676030229,77.22050555030022,-0.08909391365124551,-0.0002484066458051946,0.9999986086891696,1.000000418242161
-0.08,1.0306075676030229,77.93567762059672,-0.08874536296735824,-0.0002390191050817887,0.9999986876709013,1.00000040040403
-0.08,1.0306075676030229,78.65747320477065,-0.08840694136006011,-0.00022990004147441248,0.9999987627754044,1.0000003832085038
-0.08,1.0306075676030229,79.38595364601184,-0.0880784784836037,-0.00022104493115603446,0.9999988341598417,1.0000003666365513
-0.08,1.0306075676030229,80.12118085563553,-0.08775980303472468,-0.00021244924116171665,0.9999989019765234,1.0000003506696213
-0.08,1.0306075676030229,80.86321731834431,-0.08745074285221785,-0.0002041084306801034,0.9999989663730076,1.00000033528963
-0.08,1.0306075676030229,81.61212609753805,-0.08715112501820794,-0.00019601795242454916,0.9999990274921957,1.0000003204789467
-0.08,1.0306075676030229,82.36797084067375,-0.08686077596096735,-0.00018817325408152126,0.9999990854724276,1.000000306220382
-0.08,1.0306075676030229,83.13081578467474,-0.08657952155913111,-0.0001805697798335885,0.9999991404475761,1.0000002924971751
-0.08,1.0306075676030229,83.90072576138992,-0.08630718724715138,-0.00017320297195420068,0.9999991925471423,1.0000002792929843
-0.08,1.0306075676030229,84.67776620310352,-0.08604359812182863,-0.00016606827247105034,0.9999992418963445,1.000000266591873
-0.08,1.0306075676030229,85.46200314809617,-0.08578857904975297,-0.0001591611248947112,0.9999992886162136,1.0000002543783006
-0.08,1.0306075676030229,86.25350324625728,-0.08554195477548264,-0.00015247697600903333,0.999999332823678,1.0000002426371142
-0.08,1.0306075676030229,87.05233376474918,-0.08530355003028499,-0.00014601127771941003,0.9999993746316592,1.000000231353534
-0.08,1.0306075676030229,87.85856259372419,-0.0850731896412587,-0.00013975948895503915,0.9999994141491569,1.00000022051315
-0.08,1.0306075676030229,88.67225825209441,-0.08485069864065597,-0.00013371707762095715,0.9999994514813396,1.000000210101907
-0.08,1.0306075676030229,89.49348989335462,-0.08463590237521829,-0.00012787952259555202,0.9999994867296269,1.0000002001061017
-0.08,1.0306075676030229,90.32232731145982,-0.0844286266153377,-0.0001222423157689724,0.9999995199917847,1.0000001905123692
-0.08,1.0306075676030229,91.15884094675663,-0.08422869766385557,-0.00011680096411786266,0.9999995513620031,1.0000001813076786
-0.08,1.0306075676030229,92.0031018919696,-0.0840359424643069,-0.00011155099181155946,0.9999995809309856,1.0000001724793242
-0.08,1.0306075676030229,92.85518189824359,-0.08385018870841994,-0.00010648794234484156,0.9999996087860336,1.000000164014919
-0.08,1.0306075676030229,93.71515338124135,-0.08367126494267955,-0.00010160738069220719,0.9999996350111304,1.0000001559023854
-0.08,1.0306075676030229,94.58308942729796,-0.083499000673764,-9.690489547852515e-05,0.999999659687022,1.0000001481299519
-0.08,1.0306075676030229,95.45906379963219,-0.0833332264726652,-9.237610116084362e-05,0.9999996828913039,1.0000001406861432
-0.08,1.0306075676030229,96.34315094461576,-0.08317377407730513,-8.801664021606138e-05,0.9999997046984995,1.0000001335597766
-0.08,1.0306075676030229,97.23542599809973,-0.08302047649346199,-8.382218532913213e-05,0.9999997251801455,1.0000001267399543
-0.08,1.0306075676030229,98.13596479180039,-0.08287316809382393,-7.978844157640744e-05,0.9999997444048676,1.0000001202160587
-0.08,1.0306075676030229,99.04484385974408,-0.08273168471499052,-7.591114859869811e-05,0.9999997624384642,1.0000001139777472
-0.08,1.0306075676030229,99.96214044477135,-0.08259586375224645,-7.218608275870988e-05,0.9999997793439851,1.0000001080149443
-0.08,1.0306075676030229,100.88793250510167,-0.08246554425193682,-6.860905927736861e-05,0.9999997951818087,1.00000010231784
-0.08,1.0306075676030229,101.82229872095873,-0.08234056700127766,-6.517593434375639e-05,0.9999998100097212,1.0000000968768812
-0.08,1.0306075676030229,102.76531850125772,-0.08222077461544172,-6.188260719328047e-05,0.999999823882993,1.0000000916827705
-0.08,1.0306075676030229,103.71707199035326,-0.08210601162176592,-5.8725022148866845e-05,0.9999998368544538,1.0000000867264582
-0.08,1.0306075676030229,104.67764007485148,-0.08199612454093183,-5.569917061998283e-05,0.9999998489745711,1.0000000819991404
-0.08,1.0306075676030229,105.64710439048359,-0.08189096196498093,-5.280109305444527e-05,0.9999998602915201,1.0000000774922524
-0.08,1.0306075676030229,106.62554732904427,-0.08179037463203064,-5.002688083807651e-05,0.999999870851262,1.0000000731974663
-0.08,1.0306075676030229,107.61305204539366,-0.08169421549756797,-4.737267813738203e-05,0.9999998806976131,1.0000000691066842
-0.08,1.0306075676030229,108.60970246452491,-0.08160233980220484,-4.483468368063839e-05,0.9999998898723184,1.0000000652120369
-0.08,1.0306075676030229,109.61558328869602,-0.08151460513578862,-4.240915247290113e-05,0.9999998984151198,1.0000000615058797
-0.08,1.0306075676030229,110.63078000462876,-0.08143087149777085,-4.009239744067355e-05,0.9999999063638292,1.0000000579807853
-0.08,1.0306075676030229,111.65537889077429,-0.081351001353747,-3.788079100217752e-05,0.9999999137543931,1.0000000546295433
-0.08,1.0306075676030229,112.68946702464496,-0.08127485968808995,-3.577076655937989e-05,0.9999999206209638,1.0000000514451548
-0.08,1.0306075676030229,113.73313229021528,-0.08120231405261027,-3.375881990819805e-05,0.9999999269959614,1.0000000484208298
-0.08,1.0306075676030229,114.78646338539066,-0.08113323461118771,-3.1841510563550546e-05,0.9999999329101427,1.000000045549982
-0.08,1.0306075676030229,115.84954982954602,-0.08106749418032741,-3.001546299619157e-05,0.9999999383926623,1.0000000428262261
-0.08,1.0306075676030229,116.92248197113297,-0.08100496826560814,-2.8277367778564578e-05,0.9999999434711364,1.000000040243374
-0.08,1.0306075676030229,118.00535099535914,-0.08094553509399731,-2.6623982637191927e-05,0.9999999481717037,1.000000037795432
-0.08,1.0306075676030229,119.09824893193696,-0.08088907564202197,-2.5052133409446793e-05,0.9999999525190846,1.000000035476594
-0.08,1.0306075676030229,120.2012686629055,-0.08083547365979428,-2.3558714902837314e-05,0.9999999565366404,1.0000000332812446
-0.08,1.0306075676030229,121.31450393052383,-0.08078461569090137,-2.214069165529662e-05,0.9999999602464316,1.0000000312039472
-0.08,1.0306075676030229,122.43804934523853,-0.08073639108818087,-2.079509859526759e-05,0.9999999636692722,1.0000000292394478
-0.08,1.0306075676030229,123.5720003937234,-0.08069069202541373,-1.9519041600730467e-05,0.9999999668247852,1.0000000273826664
-0.08,1.0306075676030229,124.7164534469956,-0.08064741350497782,-1.830969795662791e-05,0.9999999697314533,1.0000000256286976
-0.08,1.0306075676030229,125.87150576860506,-0.08060645336151417,-1.7164316710531004e-05,0.999999972406675,1.0000000239728035
-0.08,1.0306075676030229,127.03725552290106,-0.08056771226167048,-1.6080218926634605e-05,0.9999999748668099,1.0000000224104133
-0.08,1.0306075676030229,128.21380178337475,-0.08053109369999444,-1.505479783862977e-05,0.9999999771272314,1.0000000209371174
-0.08,1.0306075676030229,129.40124454107954,-0.08049650399105959,-1.4085518902197374e-05,0.9999999792023707,1.0000000195486654
-0.08,1.0306075676030229,130.59968471312828,-0.08046385225791612,-1.3169919748284043e-05,0.9999999811057657,1.0000000182409625
-0.08,1.0306075676030229,131.8092241512703,-0.0804330504169664,-1.2305610038590911e-05,0.9999999828501027,1.0000000170100658
-0.08,1.0306075676030229,133.02996565054787,-0.08040401315937509,-1.1490271225007257e-05,0.9999999844472609,1.0000000158521811
-0.08,1.0306075676030229,134.26201295803162,-0.08037665792912922,-1.072165621505834e-05,0.9999999859083538,1.0000000147636587
-0.08,1.0306075676030229,135.5054707816382,-0.08035090489787224,-9.997588945643772e-06,0.9999999872437676,1.0000000137409906
-0.08,1.0306075676030229,136.76044479902887,-0.08032667693664328,-9.315963867671079e-06,0.9999999884632029,1.000000012780807
-0.08,1.0306075676030229,138.02704166659132,-0.0803038995846558,-8.674745344415561e-06,0.9999999895757081,1.0000000118798742
-0.08,1.0306075676030229,139.30536902850287,-0.08028250101525937,-8.07196696666602e-06,0.9999999905897181,1.000000011035088
-0.08,1.0306075676030229,140.5955355258802,-0.08026241199922964,-7.505730787945467e-06,0.9999999915130872,1.000000010243473
-0.08,1.0306075676030229,141.8976508060113,-0.0802435658655377,-6.974206483281064e-06,0.9999999923531219,1.000000009502178
-0.08,1.0306075676030229,143.21182553167466,-0.08022589845975274,-6.475630435192499e-06,0.999999993116614,1.0000000088084742
-0.08,1.0306075676030229,144.53817139054382,-0.08020934810023472,-6.008304750711658e-06,0.9999999938098686,1.000000008159748
-0.08,1.0306075676030229,145.87680110468003,-0.08019385553227673,-5.570596213396038e-06,0.9999999944387349,1.0000000075535023
-0.08,1.0306075676030229,147.22782844011104,-0.08017936388035732,-5.160935174415481e-06,0.9999999950086336,1.00000000698735
-0.08,1.0306075676030229,148.59136821650102,-0.08016581859866435,-4.777814386888585e-06,0.999999995524582,1.0000000064590133
-0.08,1.0306075676030229,149.9675363169076,-0.08015316742005295,-4.419787787722541e-06,0.999999995991221,1.0000000059663159
-0.08,1.0306075676030229,151.35644969763095,-0.08014136030359835,-4.085469231272118e-06,0.9999999964128369,1.0000000055071847
-0.08,1.0306075676030229,152.75822639815343,-0.08013034938090526,-3.773531179169633e-06,0.9999999967933876,1.0000000050796438
-0.08,1.0306075676030229,154.17298555117182,-0.08012008890133206,-3.4827033506791275e-06,0.9999999971365199,1.0000000046818125
-0.08,1.0306075676030229,155.60084739272125,-0.08011053517628845,-3.2117713379742548e-06,0.9999999974455931,1.0000000043119002
-0.08,1.0306075676030229,157.0419332723941,-0.0801016465227596,-2.9595751906338208e-06,0.9999999977236986,1.0000000039682062
-0.08,1.0306075676030229,158.4963656636536,-0.08009338320620955,-2.7250079737170013e-06,0.9999999979736753,1.000000003649113
-0.08,1.0306075676030229,159.96426817424148,-0.0800857073830124,-2.5070143036214247e-06,0.9999999981981315,1.000000003353087
-0.08,1.0306075676030229,161.44576555668382,-0.0800785830425537,-2.3045888659384304e-06,0.9999999983994567,1.0000000030786724
-0.08,1.0306075676030229,162.94098371889282,-0.08007197594914393,-2.1167749193682234e-06,0.9999999985798416,1.0000000028244904
-0.08,1.0306075676030229,164.4500497348682,-0.0800658535838776,-1.942662789707164e-06,0.9999999987412889,1.0000000025892353
-0.08,1.0306075676030229,165.97309185549548,-0.08006018508656898,-1.7813883577553556e-06,0.999999998885629,1.0000000023716697
-0.08,1.0306075676030229,167.5102395194472,-0.08005494119788864,-1.6321315449190402e-06,0.9999999990145338,1.0000000021706261
-0.08,1.0306075676030229,169.06162336418203,-0.08005009420181954,-1.4941148000796579e-06,0.9999999991295261,1.0000000019850008
-0.08,1.0306075676030229,170.6273752370482,-0.08004561786854676,-1.3666015912294398e-06,0.9999999992319939,1.0000000018137518
-0.08,1.0306075676030229,172.20762820648835,-0.08004148739788691,-1.2488949051340439e-06,0.9999999993231986,1.0000000016558965
-0.08,1.0306075676030229,173.80251657334924,-0.0800376793633586,-1.1403357581912262e-06,0.9999999994042873,1.0000000015105093
-0.08,1.0306075676030229,175.41217588229446,-0.0800341716569886,-1.0403017214319436e-06,0.9999999994763,1.0000000013767179
-0.08,1.0306075676030229,177.0367429333253,-0.08003094343494166,-9.482054624612971e-07,0.9999999995401799,1.0000000012537031
-0.08,1.0306075676030229,178.67635579340572,-0.0800279750640552,-8.634933069524202e-07,0.9999999995967798,1.0000000011406938
-0.08,1.0306075676030229,180.33115380819694,-0.08002524806935507,-7.856438221159013e-07,0.9999999996468719,1.000000001036967
-0.08,1.0306075676030229,182.00127761389967,-0.0800227450826198,-7.141664243858825e-07,0.9999999996911523,1.000000000941843
-0.08,1.0306075676030229,183.68686914920713,-0.08002044979205644,-6.486000133899196e-07,0.9999999997302493,1.0000000008546863
-0.08,1.0306075676030229,185.38807166736675,-0.0800183468931433,-5.885116340660565e-07,0.9999999997647285,1.0000000007749008
-0.08,1.0306075676030229,187.10502974835543,-0.08001642204068934,-5.334951686230607e-07,0.9999999997950995,1.000000000701929
-0.08,1.0306075676030229,188.83788931116757,-0.08001466180215348,-4.831700598437874e-07,0.9999999998218185,1.00000000063525
-0.08,1.0306075676030229,190.58679762621514,-0.08001305361226113,-4.3718006707382843e-07,0.9999999998452963,1.000000000574377
-0.08,1.0306075676030229,192.35190332784438,-0.08001158572894959,-3.951920560312009e-07,0.9999999998658996,1.0000000005188558
-0.08,1.0306075676030229,194.13335642696757,-0.08001024719066764,-3.5689482344333656e-07,0.9999999998839578,1.0000000004682639
-0.08,1.0306075676030229,195.93130832381254,-0.08000902777505015,-3.219979573031929e-07,0.9999999998997648,1.0000000004222065
-0.08,1.0306075676030229,197.74591182078862,-0.08000791795898209,-2.902307334276074e-07,0.9999999999135821,1.0000000003803178
-0.08,1.0306075676030229,199.5773211354742,-0.08000690888006273,-2.6134104880730046e-07,0.9999999999256444,1.0000000003422571
-0.08,1.0306075676030229,201.42569191372198,-0.080005992299474,-2.3509439210723836e-07,0.9999999999361592,1.0000000003077072
-0.08,1.0306075676030229,203.29118124288746,-0.08000516056625485,-2.1127285153957153e-07,0.9999999999453112,1.0000000002763763
-0.08,1.0306075676030229,205.1739476651793,-0.08000440658297664,-1.8967416019127312e-07,0.9999999999532658,1.000000000247991
-0.08,1.0306075676030229,207.07415119113296,-0.0800037237728128,-1.7011077875498267e-07,0.9999999999601675,1.0000000002223006
-0.08,1.0306075676030229,208.99195331321022,-0.08000310604799041,-1.5240901552170186e-07,0.9999999999661456,1.0000000001990728
-0.08,1.0306075676030229,210.92751701952352,-0.08000254777960895,-1.3640818334358239e-07,0.9999999999713147,1.0000000001780922
-0.08,1.0306075676030229,212.88100680768738,-0.08000204376880778,-1.2195979321162335e-07,0.9999999999757748,1.0000000001591602
-0.08,1.0306075676030229,214.8525886987991,-0.08000158921926077,-1.0892678396980965e-07,0.9999999999796159,1.000000000142096
-0.08,1.0306075676030229,216.84243025154836,-0.08000117971097444,-9.718278761617666e-08,0.999999999982916,1.0000000001267295
-0.08,1.0306075676030229,218.85070057645706,-0.08000081117536238,-8.661142956063367e-08,0.9999999999857442,1.0000000001129064
-0.08,1.0306075676030229,220.87757035025237,-0.08000047987156779,-7.71056631258504e-08,0.9999999999881611,1.0000000001004852
-0.08,1.0306075676030229,222.92321183037146,-0.08000018236400304,-6.856713753463788e-08,0.9999999999902205,1.000000000089335
-0.08,1.0306075676030229,224.9877988696007,-0.07999991550107369,-6.090559855120063e-08,0.999999999991969,1.000000000079336
-0.08,1.0306075676030229,227.07150693085165,-0.07999967639505338,-5.40383209114841e-08,0.9999999999934479,1.00000000007038
-0.08,1.0306075676030229,229.17451310207272,-0.07999946240307423,-4.788957160973642e-08,0.9999999999946934,1.0000000000623654
-0.08,1.0306075676030229,231.29699611129922,-0.07999927110919618,-4.239010311795727e-08,0.999999999995737,1.0000000000552018
-0.08,1.0306075676030229,233.4391363418438,-0.07999910030751856,-3.747667552651083e-08,0.9999999999966059,1.0000000000488054
-0.08,1.0306075676030229,235.60111584762504,-0.07999894798629617,-3.309160662042231e-08,0.9999999999973253,1.0000000000431
-0.08,1.0306075676030229,237.78311836864148,-0.07999881231302171,-2.918234887157717e-08,0.9999999999979154,1.0000000000380171
-0.08,1.0306075676030229,239.98532934658564,-0.07999869162043552,-2.5701092296508938e-08,0.9999999999983952,1.0000000000334934
-0.08,1.0306075676030229,242.20793594060487,-0.07999858439342541,-2.2604392156179228e-08,0.9999999999987805,1.0000000000294715
-0.08,1.0306075676030229,244.4511270432073,-0.07999848925677677,-1.9852820444074067e-08,0.9999999999990863,1.0000000000259002
-0.08,1.0306075676030229,246.71509329631496,-0.07999840496373557,-1.7410640125075063e-08,0.999999999999324,1.0000000000227325
-0.08,1.0306075676030229,249.00002710746668,-0.07999833038534601,-1.5245501090118773e-08,0.999999999999505,1.0000000000199256
-0.08,1.0306075676030229,251.3061226661696,-0.07999826450052543,-1.3328156800801927e-08,0.9999999999996381,1.000000000017441
-0.08,1.0306075676030229,253.6335759604023,-0.07999820638683951,-1.1632200611724283e-08,0.9999999999997317,1.0000000000152447
-0.08,1.0306075676030229,255.98258479327197,-0.07999815521194177,-1.0133820774041225e-08,0.9999999999997933,1.0000000000133054
-0.08,1.0306075676030229,258.3533487998248,-0.0799981102256416,-8.81157315287877e-09,0.9999999999998282,1.0000000000115956
-0.08,1.0306075676030229,260.7460694640121,-0.07999807075256644,-7.646170684693371e-09,0.9999999999998429,1.0000000000100886
-0.08,1.0306075676030229,263.1609501358149,-0.07999803618538442,-6.620288666545468e-09,0.9999999999998415,1.0000000000087632
-0.08,1.0306075676030229,265.59819604852424,-0.07999800597855446,-5.718384958030437e-09,0.9999999999998279,1.000000000007598
-0.08,1.0306075676030229,268.0580143361851,-0.0799979796425725,-4.9265342167582206e-09,0.9999999999998055,1.0000000000065752
-0.08,1.0306075676030229,270.5406140511989,-0.07999795673868294,-4.23227532711325e-09,0.9999999999997781,1.0000000000056792
-0.08,1.0306075676030229,273.0462061820903,-0.07999793687402598,-3.6244711992800637e-09,0.9999999999997475,1.000000000004895
-0.08,1.0306075676030229,275.57500367143905,-0.07999791969719228,-3.093180142503146e-09,0.9999999999997167,1.0000000000042093
-0.08,1.0306075676030229,278.1272214339776,-0.07999790489415756,-2.629538064295243e-09,0.9999999999996863,1.000000000003611
-0.08,1.0306075676030229,280.7030763748543,-0.07999789218457166,-2.225650766320986e-09,0.9999999999996588,1.0000000000030893
-0.08,1.0306075676030229,283.30278740807006,-0.07999788131837644,-1.874495627151006e-09,0.9999999999996358,1.0000000000026357
-0.08,1.0306075676030229,285.9265754750807,-0.07999787207272896,-1.5698320578676084e-09,0.9999999999996175,1.0000000000022418
-0.08,1.0306075676030229,288.57466356357577,-0.0799978642492077,-1.306120014473418e-09,0.999999999999605,1.0000000000019007
-0.08,1.0306075676030229,291.24727672642865,-0.07999785767127997,-1.0784460719726895e-09,0.9999999999995993,1.0000000000016056
-0.08,1.0306075676030229,293.94464210082356,-0.07999785218201037,-8.824563954412574e-10,0.9999999999996004,1.0000000000013511
-0.08,1.0306075676030229,296.6669889275594,-0.07999784764199129,-7.142961446972379e-10,0.9999999999996089,1.000000000001132
-0.08,1.0306075676030229,299.4145485705322,-0.07999784392747701,-5.705547590375178e-10,0.999999999999625,1.0000000000009448
-0.08,1.0306075676030229,302.18755453639716,-0.07999784092870449,-4.4821666437663706e-10,0.9999999999996482,1.000000000000784
-0.08,1.0306075676030229,304.9862424944146,-0.07999783854838559,-3.446169562339293e-10,0.9999999999996789,1.0000000000006477
-0.08,1.0306075676030229,307.81085029647846,-0.07999783670035457,-2.574016261227969e-10,0.9999999999997171,1.0000000000005316
-0.08,1.0306075676030229,310.6616179973303,-0.07999783530835775,-1.8449194346921866e-10,0.9999999999997621,1.0000000000004345
-0.08,1.0306075676030229,313.5387878749621,-0.07999783430497234,-1.24052628447596e-10,0.999999999999814,1.0000000000003524
-0.08,1.0306075676030229,316.44260445120455,-0.07999783363064174,-7.44634656205132e-11,0.999999999999872,1.0000000000002844
-0.08,1.0306075676030229,319.3733145125105,-0.0799978332328166,-3.429404634171324e-11,0.9999999999999357,1.0000000000002283
-0.08,1.0306075676030229,322.3311671309267,-0.07999783306519127,-2.2813359577255145e-12,1.0000000000000049,1.0000000000001825
-0.08,1.0306075676030229,325.31641368526283,-0.07999783308702564,2.269019653844969e-11,1.000000000000079,1.0000000000001463
-0.08,1.0306075676030229,328.32930788245454,-0.0799978332625437,4.160615291707108e-11,1.0000000000001572,1.0000000000001172
-0.08,1.0306075676030229,331.37010577912685,-0.07999783356040119,5.533770679537571e-11,1.000000000000239,1.0000000000000948
-0.08,1.0306075676030229,334.4390658033531,-0.07999783395321407,6.465525095048384e-11,1.0000000000003237,1.000000000000078
-0.08,1.0306075676030229,337.53644877662083,-0.07999783441714158,7.0240387183559e-11,1.0000000000004108,1.0000000000000662
-0.08,1.0306075676030229,340.66251793599554,-0.07999783493151764,7.269643609677044e-11,1.0000000000004996,1.0000000000000584
-0.08,1.0306075676030229,343.81753895649405,-0.07999783547852499,7.255763608527879e-11,1.0000000000005895,1.000000000000054
-0.08,1.0306075676030229,347.00177997366285,-0.07999783604290642,7.029717499693193e-11,1.00000000000068,1.0000000000000524
-0.08,1.0306075676030229,350.2155116063659,-0.07999783661170984,6.633419473692091e-11,1.0000000000007703,1.0000000000000528
-0.08,1.0306075676030229,353.4590069797847,-0.07999783717406128,6.103989046326005e-11,1.0000000000008598,1.0000000000000557
-0.08,1.0306075676030229,356.73254174862967,-0.07999783772096383,5.4742814154541817e-11,1.000000000000948,1.0000000000000604
-0.08,1.0306075676030229,360.0363941205664,-0.07999783824511814,4.773348373620135e-11,1.000000000001034,1.0000000000000655
-0.08,1.0306075676030229,363.37084487986095,-0.07999783874076166,4.0268388692626135e-11,1.000000000001118,1.0000000000000717
-0.08,1.0306075676030229,366.73617741124224,-0.07999783920352493,3.257346570358304e-11,1.000000000001199,1.0000000000000784
-0.08,1.0306075676030229,370.13267772398575,-0.07999783963030116,2.484712817452706e-11,1.0000000000012768,1.0000000000000855
-0.08,1.0306075676030229,373.5606344762222,-0.07999784001912863,1.726289634129967e-11,1.0000000000013507,1.0000000000000926
-0.08,1.0306075676030229,377.02033899946696,-0.07999784036908293,9.971699229558819e-12,1.0000000000014206,1.0000000000000995
-0.08,1.0306075676030229,380.5120853233824,-0.07999784068017847,3.1038894904222043e-12,1.0000000000014855,1.0000000000001064
-0.08,1.0306075676030229,384.03617020076405,-0.07999784095327729,-3.2289854896174384e-12,1.0000000000015459,1.0000000000001126
-0.08,1.0306075676030229,387.5928931327621,-0.0799978411900045,-8.932615199454275e-12,1.0000000000016007,1.000000000000119
-0.08,1.0306075676030229,391.18255639433437,-0.07999784139266923,-1.3928528042714475e-11,1.0000000000016502,1.0000000000001243
-0.08,1.0306075676030229,394.8054650599374,-0.07999784156419058,-1.8152840359004856e-11,1.0000000000016944,1.000000000000129
-0.08,1.0306075676030229,398.4619270294508,-0.07999784170802716,-2.1555127789342482e-11,1.0000000000017328,1.0000000000001334
-0.08,1.0306075676030229,402.15225305434814,-0.0799978418281109,-2.4097383919309334e-11,1.0000000000017653,1.000000000000137
-0.08,1.0306075676030229,405.87675676410373,-0.07999784192878359,-2.575307261929666e-11,1.000000000001792,1.0000000000001397
-0.08,1.0306075676030229,409.6357546928489,-0.07999784201473654,-2.650625033339315e-11,1.0000000000018119,1.000000000000141
-0.08,1.0306075676030229,413.4295663062725,-0.07999784209095279,-2.635072384203982e-11,1.0000000000018265,1.0000000000001419
-0.08,1.0306075676030229,417.25851402877123,-0.07999784216265171,-2.5289282192580684e-11,1.0000000000018352,1.0000000000001419
-0.08,1.0306075676030229,421.12292327085265,-0.07999784223523594,-2.3332940783840484e-11,1.0000000000018374,1.000000000000141
-0.08,1.0306075676030229,425.02312245678996,-0.07999784231424054,-2.0500239066907618e-11,1.000000000001834,1.000000000000139
-0.08,1.0306075676030229,428.95944305253283,-0.07999784240528447,-1.681654666577047e-11,1.0000000000018254,1.000000000000137
-0.08,1.0306075676030229,432.9322195938791,-0.07999784251402388,-1.2313407140923542e-11,1.0000000000018106,1.000000000000134
-0.08,1.0306075676030229,436.9417897149054,-0.07999784264610796,-7.027896211192638e-12,1.0000000000017906,1.00000000000013
-0.08,1.0306075676030229,440.98849417666133,-0.07999784280713687,-1.0020018532872113e-12,1.0000000000017657,1.0000000000001246
-0.08,1.0306075676030229,445.0726768961314,-0.07999784300262174,5.717977107020144e-12,1.000000000001736,1.0000000000001195
-0.08,1.0306075676030229,449.19468497546023,-0.07999784323794713,1.3082015874079745e-11,1.0000000000017009,1.0000000000001132
-0.08,1.0306075676030229,453.3548687314555,-0.07999784351833601,2.1036927579996136e-11,1.0000000000016618,1.0000000000001068
-0.08,1.0306075676030229,457.55358172535705,-0.07999784384881657,2.9526910365901134e-11,1.0000000000016187,1.0000000000000997
-0.08,1.0306075676030229,461.7911807928867,-0.07999784423419215,3.849407356951361e-11,1.0000000000015716,1.0000000000000915
-0.08,1.0306075676030229,466.0680260745743,-0.07999784467901314,4.787894555546288e-11,1.0000000000015206,1.0000000000000833
-0.08,1.0306075676030229,470.3844810463644,-0.07999784518755172,5.7620957421807525e-11,1.0000000000014668,1.0000000000000746
-0.08,1.0306075676030229,474.7409125505084,-0.07999784576377894,6.76589090770005e-11,1.0000000000014102,1.000000000000066
-0.08,1.0306075676030229,479.1376908267404,-0.07999784641134446,7.7931407808564e-11,1.000000000001351,1.000000000000057
-0.08,1.0306075676030229,483.57518954374194,-0.07999784713355895,8.837728581999876e-11,1.0000000000012892,1.0000000000000475
-0.08,1.0306075676030229,488.0537858309,-0.07999784793337886,9.89359920109856e-11,1.0000000000012257,1.0000000000000382
-0.08,1.0306075676030229,492.5738603103579,-0.07999784881339399,1.0954795833181894e-10,1.0000000000011606,1.0000000000000286
-0.08,1.0306075676030229,497.1357971293627,-0.0799978497758173,1.2015494013258123e-10,1.0000000000010945,1.000000000000019
-0.08,1.0306075676030229,501.7399839929145,-0.0799978508224775,1.3070033062061606e-10,1.0000000000010274,1.0000000000000095
-0.08,1.0306075676030229,506.3868121967132,-0.07999785195481392,1.4112944706781364e-10,1.0000000000009597,1.0
-0.08,1.0306075676030229,511.0766766604169,-0.07999785317387376,1.5138979148505054e-10,1.0000000000008917,0.9999999999999909
-0.08,1.0306075676030229,515.809975961202,-0.07999785448031163,1.6143128431504748e-10,1.000000000000824,0.9999999999999817
-0.08,1.0306075676030229,520.5871123676386,-0.07999785587439165,1.7120646874464466e-10,1.0000000000007565,0.9999999999999728
-0.08,1.0306075676030229,525.4084918738774,-0.07999785735599098,1.8067069246835023e-10,1.00000000000069,0.9999999999999641
-0.08,1.0306075676030229,530.2745242341559,-0.07999785892460623,1.8978225964897965e-10,1.000000000000624,0.9999999999999558
-0.08,1.0306075676030229,535.1856229976182,-0.07999786057936112,1.9850255977552377e-10,1.0000000000005593,0.9999999999999479
-0.08,1.0306075676030229,540.1422055434659,-0.07999786231901644,2.0679616871538972e-10,1.000000000000496,0.9999999999999402
-0.08,1.0306075676030229,545.1446931164259,-0.07999786414198147,2.146309295573571e-10,1.0000000000004348,0.9999999999999333
-0.08,1.0306075676030229,550.1935108625528,-0.07999786604632698,2.2197800786122805e-10,1.0000000000003757,0.9999999999999265
-0.08,1.0306075676030229,555.2890878653604,-0.07999786802979998,2.2881192135043458e-10,1.0000000000003182,0.9999999999999202
-0.08,1.0306075676030229,560.4318571822878,-0.07999787008983937,2.3511055351700337e-10,1.0000000000002633,0.9999999999999144
-0.08,1.0306075676030229,565.6222558815047,-0.0799978722235931,2.408551510255023e-10,1.000000000000211,0.9999999999999091
-0.08,1.0306075676030229,570.8607250790558,-0.07999787442793653,2.4603028625598727e-10,1.0000000000001614,0.9999999999999042
-0.08,1.0306075676030229,576.1477099763489,-0.0799978766994913,2.5062381814336754e-10,1.0000000000001146,0.9999999999999
-0.08,1.0306075676030229,581.4836598979924,-0.07999787903464531,2.546268310182503e-10,1.000000000000071,0.9999999999998964
-0.08,1.0306075676030229,586.8690283299819,-0.07999788142957355,2.5803355762971884e-10,1.0000000000000304,0.9999999999998932
-0.08,1.0306075676030229,592.3042729582397,-0.0799978838802591,2.608412866075183e-10,0.9999999999999932,0.9999999999998905
-0.08,1.0306075676030229,597.7898557075149,-0.07999788638251479,2.6305026037298557e-10,0.9999999999999587,0.999999999999889
-0.08,1.0306075676030229,603.3262427806361,-0.07999788893200527,2.646635630601805e-10,0.9999999999999284,0.9999999999998873
-0.08,1.0306075676030229,608.913904698138,-0.07999789152426895,2.65686994034014e-10,0.999999999999901,0.9999999999998866
-0.08,1.0306075676030229,614.5533163382452,-0.0799978941547405,2.6612893663517896e-10,0.9999999999998774,0.9999999999998861
-0.08,1.0306075676030229,620.2449569772324,-0.0799978968187728,2.6600021626997695e-10,0.9999999999998571,0.9999999999998862
-0.08,1.0306075676030229,625.9893103301563,-0.07999789951165923,2.6531395442723706e-10,0.9999999999998401,0.9999999999998868
-0.08,1.0306075676030229,631.7868645919671,-0.07999790222865535,2.6408541915643013e-10,0.9999999999998269,0.9999999999998881
-0.08,1.0306075676030229,637.638112478994,-0.0799979049650006,2.6233186734126674e-10,0.9999999999998174,0.9999999999998896
-0.08,1.0306075676030229,643.5435512708254,-0.07999790771593925,2.6007238521186943e-10,0.9999999999998113,0.9999999999998921
-0.08,1.0306075676030229,649.5036828525664,-0.0799979104767412,2.5732773410477507e-10,0.999999999999808,0.9999999999998943
-0.08,1.0306075676030229,655.5190137574945,-0.07999791324272197,2.5412018161566e-10,0.9999999999998093,0.9999999999998974
-0.08,1.0306075676030229,661.5900552101086,-0.07999791600926201,2.5047334613620286e-10,0.9999999999998127,0.999999999999901
-0.08,1.0306075676030229,667.7173231695753,-0.0799979187718256,2.4641203598335117e-10,0.99999999999982,0.9999999999999046
-0.08,1.0306075676030229,673.9013383735801,-0.07999792152597868,2.419620887432141e-10,0.9999999999998302,0.999999999999909
-0.08,1.0306075676030229,680.1426263825831,-0.07999792426740604,2.371502199548375e-10,0.9999999999998441,0.9999999999999135
-0.08,1.0306075676030229,686.4417176244827,-0.07999792699192752,2.3200386433366895e-10,0.9999999999998601,0.9999999999999181
-0.08,1.0306075676030229,692.7991474396972,-0.07999792969551352,2.2655103291870138e-10,0.9999999999998795,0.999999999999923
-0.08,1.0306075676030229,699.215456126661,-0.0799979323742993,2.208201643234838e-10,0.9999999999999017,0.9999999999999283
-0.08,1.0306075676030229,705.6911889877423,-0.07999793502459858,2.148399876507517e-10,0.9999999999999261,0.9999999999999339
-0.08,1.0306075676030229,712.2268963755895,-0.07999793764291586,2.0863938587108877e-10,0.9999999999999534,0.9999999999999394
-0.08,1.0306075676030229,718.8231337398989,-0.07999794022595809,2.022472684801358e-10,0.9999999999999831,0.9999999999999454
-0.08,1.0306075676030229,725.4804616746267,-0.07999794277064494,1.956924470834663e-10,1.0000000000000149,0.9999999999999516
-0.08,1.0306075676030229,732.1994459656265,-0.07999794527411834,1.8900352056666358e-10,1.0000000000000486,0.9999999999999576
-0.08,1.0306075676030229,738.9806576387373,-0.07999794773375099,1.8220876326062036e-10,1.0000000000000844,0.9999999999999641
-0.08,1.0306075676030229,745.8246730083114,-0.07999795014715341,1.7533602203537746e-10,1.0000000000001221,0.9999999999999699
-0.08,1.0306075676030229,752.7320737261965,-0.0799979525121807,1.684126193811435e-10,1.0000000000001612,0.9999999999999764
-0.08,1.0306075676030229,759.7034468311634,-0.07999795482693756,1.6146526341979039e-10,1.0000000000002023,0.9999999999999828
-0.08,1.0306075676030229,766.7393847988028,-0.07999795708978269,1.5451996487741974e-10,1.0000000000002447,0.9999999999999892
-0.08,1.0306075676030229,773.8404855918722,-0.07999795929933239,1.4760196098149364e-10,1.0000000000002878,0.9999999999999953
-0.08,1.0306075676030229,781.0073527111184,-0.07999796145446256,1.407356460673908e-10,1.0000000000003322,1.0000000000000013
-0.08,1.0306075676030229,788.2405952465664,-0.07999796355431053,1.33944509153739e-10,1.0000000000003777,1.000000000000008
-0.08,1.0306075676030229,795.5408279292831,-0.07999796559827536,1.2725107867649208e-10,1.000000000000424,1.0000000000000142
-0.08,1.0306075676030229,802.9086711836236,-0.07999796758601757,1.2067687233480453e-10,1.0000000000004707,1.0000000000000198
-0.08,1.0306075676030229,810.3447511799583,-0.07999796951745808,1.1424235612947635e-10,1.0000000000005185,1.0000000000000258
-0.08,1.0306075676030229,817.8496998878867,-0.0799979713927759,1.0796690668287992e-10,1.000000000000566,1.0000000000000315
-0.08,1.0306075676030229,825.4241551299497,-0.07999797321240563,1.0186878169686865e-10,1.0000000000006133,1.000000000000037
-0.08,1.0306075676030229,833.0687606358348,-0.0799979749770338,9.596509479360152e-11,1.0000000000006617,1.0000000000000424
-0.08,1.0306075676030229,840.7841660970844,-0.07999797668759452,9.027179859099443e-11,1.0000000000007094,1.0000000000000473
-0.08,1.0306075676030229,848.5710272223139,-0.07999797834526463,8.480367142022944e-11,1.0000000000007572,1.0000000000000522
-0.08,1.0306075676030229,856.4300057929329,-0.0799979799514582,7.957430776587795e-11,1.0000000000008047,1.000000000000057
-0.08,1.0306075676030229,864.3617697193946,-0.07999798150782016,7.459611604172826e-11,1.0000000000008513,1.0000000000000615
-0.08,1.0306075676030229,872.3669930979535,-0.07999798301621974,6.988032237786086e-11,1.000000000000898,1.0000000000000653
-0.08,1.0306075676030229,880.4463562679581,-0.07999798447874316,6.54369740439962e-11,1.0000000000009437,1.0000000000000697
-0.08,1.0306075676030229,888.6005458696701,-0.07999798589768599,6.127495192803088e-11,1.0000000000009885,1.0000000000000735
-0.08,1.0306075676030229,896.8302549026189,-0.07999798727554484,5.7401983484213964e-11,1.0000000000010327,1.0000000000000768
-0.08,1.0306075676030229,905.1361827845002,-0.07999798861500895,5.3824662536157235e-11,1.0000000000010754,1.00000000000008
-0.08,1.0306075676030229,913.5190354106156,-0.0799979899189513,5.054846852894538e-11,1.0000000000011173,1.0000000000000828
-0.08,1.0306075676030229,921.9795252138629,-0.07999799119041927,4.757779216844504e-11,1.0000000000011584,1.0000000000000855
-0.08,1.0306075676030229,930.5183712252855,-0.0799979924326253,4.491596178589784e-11,1.0000000000011982,1.0000000000000875
-0.08,1.0306075676030229,939.1362991351807,-0.07999799364893709,4.256527511304272e-11,1.0000000000012366,1.00000000000009
-0.08,1.0306075676030229,947.8340413547725,-0.07999799484286765,4.052702965615258e-11,1.0000000000012734,1.0000000000000915
-0.08,1.0306075676030229,956.6123370784595,-0.07999799601806531,3.8801555666663155e-11,1.0000000000013085,1.000000000000093
-0.08,1.0306075676030229,965.4719323466358,-0.0799979971783033,3.738825569542536e-11,1.0000000000013427,1.0000000000000946
-0.08,1.0306075676030229,974.4135801090915,-0.07999799832746972,3.628564009147944e-11,1.0000000000013747,1.0000000000000953
-0.08,1.0306075676030229,983.4380402890077,-0.07999799946955684,3.54913642362262e-11,1.0000000000014055,1.0000000000000957
-0.08,1.0306075676030229,992.5460798475383,-0.07999800060865107,3.5002272399679405e-11,1.000000000001435,1.0000000000000961
-0.08,1.0306075676030229,1001.7384728489908,-0.07999800174892222,3.481443483427204e-11,1.0000000000014622,1.0000000000000968
-0.08,1.0306075676030229,1011.0160005266158,-0.0799980028946133,3.492319092745128e-11,1.0000000000014884,1.0000000000000964
-0.08,1.0306075676030229,1020.3794513489946,-0.07999800405003009,3.5323192894614723e-11,1.000000000001512,1.0000000000000961
-0.08,1.0306075676030229,1029.8296210870567,-0.0799980052195311,3.6008446463054913e-11,1.0000000000015346,1.0000000000000957
-0.08,1.0306075676030229,1039.3673128817031,-0.07999800640751728,3.697235333647739e-11,1.0000000000015548,1.0000000000000944
-0.08,1.0306075676030229,1048.993337312066,-0.0799980076184221,3.820775267561974e-11,1.0000000000015734,1.0000000000000935
-0.08,1.0306075676030229,1058.7085124643972,-0.07999800885670173,3.9706968784594116e-11,1.0000000000015903,1.0000000000000921
-0.08,1.0306075676030229,1068.5136640015942,-0.07999801012682532,4.146184699327349e-11,1.000000000001605,1.0000000000000906
-0.08,1.0306075676030229,1078.4096252333723,-0.07999801143326553,4.346379927658197e-11,1.0000000000016185,1.0000000000000888
-0.08,1.0306075676030229,1088.3972371870843,-0.07999801278048947,4.570384202570975e-11,1.0000000000016298,1.0000000000000873
-0.08,1.0306075676030229,1098.4773486791944,-0.07999801417294958,4.817264140271713e-11,1.0000000000016391,1.0000000000000853
-0.08,1.0306075676030229,1108.650816387419,-0.07999801561507464,5.086054849930644e-11,1.0000000000016467,1.0000000000000828
-0.08,1.0306075676030229,1118.9185049235327,-0.07999801711126166,5.375763985939996e-11,1.0000000000016525,1.0000000000000806
-0.08,1.0306075676030229,1129.2812869068487,-0.07999801866586737,5.685375656684902e-11,1.0000000000016565,1.0000000000000777
-0.08,1.0306075676030229,1139.740043038382,-0.07999802028320037,6.013853763667912e-11,1.000000000001659,1.0000000000000753
-0.08,1.0306075676030229,1150.2956621756925,-0.07999802196751356,6.360146114647234e-11,1.0000000000016596,1.0000000000000726
-0.08,1.0306075676030229,1160.9490414084332,-0.07999802372299646,6.7231873219253e-11,1.0000000000016587,1.0000000000000695
-0.08,1.0306075676030229,1171.7010861345848,-0.0799980255537686,7.101902402722548e-11,1.0000000000016558,1.000000000000066
-0.08,1.0306075676030229,1182.5527101374053,-0.07999802746387262,7.495209992213973e-11,1.0000000000016511,1.0000000000000628
-0.08,1.0306075676030229,1193.5048356630894,-0.07999802945726771,7.902025475858784e-11,1.0000000000016451,1.00000000000006
-0.08,1.0306075676030229,1204.55839349915,-0.07999803153782369,8.32126364841996e-11,1.0000000000016376,1.0000000000000566
-0.08,1.0306075676030229,1215.7143230535173,-0.07999803370931528,8.751841905630112e-11,1.0000000000016287,1.000000000000053
-0.08,1.0306075676030229,1226.9735724343827,-0.07999803597541667,9.192682607516278e-11,1.0000000000016178,1.0000000000000495
-0.08,1.0306075676030229,1238.33709853077,-0.07999803833969638,9.642715799245407e-11,1.0000000000016056,1.0000000000000462
-0.08,1.0306075676030229,1249.8058670938608,-0.07999804080561251,1.0100881553980312e-10,1.0000000000015923,1.0000000000000422
-0.08,1.0306075676030229,1261.3808528190714,-0.07999804337650845,1.0566132166227537e-10,1.0000000000015772,1.0000000000000389
-0.08,1.0306075676030229,1273.0630394288874,-0.07999804605560859,1.1037434333452698e-10,1.0000000000015614,1.000000000000035
-0.08,1.0306075676030229,1284.8534197564702,-0.07999804884601477,1.15137711335063e-10,1.000000000001544,1.000000000000031
-0.08,1.0306075676030229,1296.7529958300336,-0.07999805175070267,1.1994143873047655e-10,1.0000000000015252,1.0000000000000275
-0.08,1.0306075676030229,1308.7627789579997,-0.07999805477251885,1.2477573750189928e-10,1.0000000000015057,1.0000000000000238
-0.08,1.0306075676030229,1320.883789814951,-0.07999805791417784,1.2963103465912161e-10,1.0000000000014846,1.0000000000000204
-0.08,1.0306075676030229,1333.1170585283726,-0.07999806117825967,1.344979867321515e-10,1.0000000000014626,1.0000000000000164
-0.08,1.0306075676030229,1345.4636247661995,-0.0799980645672078,1.3936749270917252e-10,1.0000000000014397,1.0000000000000127
-0.08,1.0306075676030229,1357.924537825179,-0.07999806808332718,1.4423070613840315e-10,1.0000000000014162,1.000000000000009
-0.08,1.0306075676030229,1370.500856720038,-0.07999807172878255,1.4907904583634035e-10,1.0000000000013918,1.0000000000000056
-0.08,1.0306075676030229,1383.1936502734964,-0.07999807550559747,1.5390420517351315e-10,1.0000000000013658,1.000000000000002
-0.08,1.0306075676030229,1396.0039972070938,-0.07999807941565293,1.5869816076112414e-10,1.0000000000013396,0.9999999999999983
-0.08,1.0306075676030229,1408.9329862328714,-0.07999808346068688,1.6345317954752054e-10,1.0000000000013125,0.999999999999995
-0.08,1.0306075676030229,1421.9817161458968,-0.07999808764229364,1.681618251442059e-10,1.000000000001285,0.9999999999999916
-0.08,1.0306075676030229,1435.1512959176512,-0.07999809196192376,1.7281696264403033e-10,1.0000000000012568,0.9999999999999883
-0.08,1.0306075676030229,1448.4428447902692,-0.07999809642088389,1.7741176294718356e-10,1.0000000000012277,0.9999999999999849
-0.08,1.0306075676030229,1461.8574923716699,-0.07999810102033739,1.8193970620914765e-10,1.0000000000011986,0.9999999999999817
-0.08,1.0306075676030229,1475.3963787315492,-0.07999810576130444,1.863945839814558e-10,1.0000000000011686,0.9999999999999787
-0.08,1.0306075676030229,1489.0606544982772,-0.07999811064466301,1.9077050002606385e-10,1.0000000000011386,0.9999999999999756
-0.08,1.0306075676030229,1502.8514809566846,-0.0799981156711497,1.9506187237046118e-10,1.0000000000011082,0.9999999999999727
-0.08,1.0306075676030229,1516.7700301467542,-0.07999812084136097,1.992634309688881e-10,1.0000000000010771,0.9999999999999698
-0.08,1.0306075676030229,1530.8174849632353,-0.07999812615575433,2.0337021940389838e-10,1.0000000000010463,0.9999999999999668
-0.08,1.0306075676030229,1544.9950392561707,-0.07999813161465008,2.0737759083218586e-10,1.000000000001015,0.9999999999999645
-0.08,1.0306075676030229,1559.3038979323546,-0.07999813721823278,2.1128120669060116e-10,1.0000000000009837,0.9999999999999617
-0.08,1.0306075676030229,1573.7452770577393,-0.07999814296655325,2.150770342812409e-10,1.000000000000952,0.9999999999999595
-0.08,1.0306075676030229,1588.3204039607824,-0.07999814885953059,2.1876134218620142e-10,1.0000000000009208,0.9999999999999569
-0.08,1.0306075676030229,1603.0305173367537,-0.07999815489695418,2.2233069751438726e-10,1.000000000000889,0.9999999999999547
-0.08,1.0306075676030229,1617.8768673530133,-0.07999816107848635,2.2578195979007023e-10,1.0000000000008578,0.9999999999999527
-0.08,1.0306075676030229,1632.8607157552478,-0.07999816740366444,2.291122777038668e-10,1.0000000000008262,0.9999999999999507
-0.08,1.0306075676030229,1647.9833359747165,-0.07999817387190347,2.323190818730734e-10,1.000000000000795,0.9999999999999489
-0.08,1.0306075676030229,1663.2460132364645,-0.07999818048249902,2.3540008045771654e-10,1.0000000000007638,0.9999999999999468
-0.08,1.0306075676030229,1678.6500446685554,-0.07999818723462972,2.383532531334153e-10,1.0000000000007332,0.9999999999999454
-0.08,1.0306075676030229,1694.1967394123092,-0.07999819412736021,2.4117684159649816e-10,1.0000000000007025,0.9999999999999434
-0.08,1.0306075676030229,1709.8874187335668,-0.07999820115964429,2.438693477833733e-10,1.0000000000006721,0.999999999999942
-0.08,1.0306075676030229,1725.7234161349695,-0.07999820833032766,2.4642952312880253e-10,1.0000000000006422,0.9999999999999413
-0.08,1.0306075676030229,1741.706077469303,-0.07999821563815122,2.4885636199085884e-10,1.0000000000006126,0.9999999999999396
-0.08,1.0306075676030229,1757.8367610538646,-0.0799982230817542,2.511490951659477e-10,1.0000000000005835,0.9999999999999388
-0.08,1.0306075676030229,1774.1168377859105,-0.07999823065967732,2.533071812489305e-10,1.0000000000005544,0.9999999999999375
-0.08,1.0306075676030229,1790.547691259161,-0.07999823837036617,2.5533029952980384e-10,1.0000000000005262,0.9999999999999368
-0.08,1.0306075676030229,1807.1307178813868,-0.07999824621217452,2.5721834191307144e-10,1.000000000000498,0.9999999999999359
-0.08,1.0306075676030229,1823.867326993091,-0.07999825418336755,2.589714058644859e-10,1.0000000000004707,0.9999999999999354
-0.08,1.0306075676030229,1840.7589409872808,-0.07999826228212535,2.605897826790535e-10,1.0000000000004436,0.9999999999999345
-0.08,1.0306075676030229,1857.8069954303487,-0.07999827050654629,2.6207395594279476e-10,1.0000000000004177,0.9999999999999339
-0.08,1.0306075676030229,1875.012939184082,-0.07999827885465041,2.6342458679314637e-10,1.000000000000392,0.9999999999999335
-0.08,1.0306075676030229,1892.378234528796,-0.07999828732438294,2.64642510698847e-10,1.0000000000003666,0.9999999999999336
-0.08,1.0306075676030229,1909.9043572876058,-0.07999829591361751,2.6572872591469573e-10,1.0000000000003422,0.9999999999999333
-0.08,1.0306075676030229,1927.592796951861,-0.07999830462015987,2.6668438935072124e-10,1.0000000000003184,0.9999999999999332
-0.08,1.0306075676030229,1945.4450568077177,-0.07999831344175108,2.675108033087163e-10,1.000000000000295,0.9999999999999335
-0.08,1.0306075676030229,1963.4626540639163,-0.07999832237607105,2.6820941230349504e-10,1.000000000000273,0.9999999999999333
-0.08,1.0306075676030229,1981.6471199807077,-0.07999833142074181,2.687817937312481e-10,1.000000000000251,0.9999999999999335
-0.08,1.0306075676030229,2000.0,-0.07999834057333098,2.692296494317862e-10,1.0000000000002296,0.9999999999999339
-0.06,1.0312350735087537,0.0,0.0,0.0,0.0,1.0312350735087537
-0.06,1.0312350735087537,0.05,-0.0011906516911729117,0.023421558994450697,0.029713283939604648,1.0307592649412352
-0.06,1.0312350735087537,0.1,-0.004608414590382896,0.04456602978252974,0.059312370776988976,1.0302834799457659
-0.06,1.0312350735087537,0.15000000000000002,-0.010032643679268562,0.0635739104760072,0.08869613492521401,1.0298077767392135
-0.06,1.0312350735087537,0.2,-0.017256501561894396,0.08058078158763685,0.11777654326362978,1.029332247876846
-0.06,1.0312350735087537,0.25,-0.02608645536540391,0.09571713819451222,0.14647746138442672,1.0288570166191178
-0.06,1.0312350735087537,0.30000000000000004,-0.03634176140851413,0.10910827190062447,0.1747335516828737,1.0283822334638806
-0.06,1.0312350735087537,0.35000000000000003,-0.04785394208090894,0.12087419719701537,0.20248925637076076,1.027908072829558
-0.06,1.0312350735087537,0.4,-0.06046625623686657,0.13112961720424676,0.22969785920473637,1.0274347298801965
-0.06,1.0312350735087537,0.45,-0.07403316736666526,0.13998392416796562,0.25632062031741865,1.0269624174874734
-0.06,1.0312350735087537,0.5,-0.08841981359034883,0.14754123044479914,0.282325979040199,1.0264913633278432
-0.06,1.0312350735087537,0.55,-0.10350148241908486,0.15390042605959317,0.30768882003129594,1.026021807115258
-0.06,1.0312350735087537,0.6000000000000001,-0.11916309253530623,0.15915525923909446,0.33238979838636934,1.0255539979714385
-0.06,1.0312350735087537,0.65,-0.13529868455553992,0.16339443663335712,0.3564147197238227,1.0250881919365766
-0.06,1.0312350735087537,0.7000000000000001,-0.15181092257154866,0.16670174022458356,0.3797539715123879,1.0246246496237383
-0.06,1.0312350735087537,0.75,-0.1686106080579204,0.16915615819351237,0.40240200215236976,1.024163634020207
-0.06,1.0312350735087537,0.8,-0.1856162074737923,0.17083202726593097,0.42435684453992223,1.0237054084386532
-0.06,1.0312350735087537,0.8500000000000001,-0.20275339461572042,0.17179918429714205,0.44561968104103455,1.0232502346203798
-0.06,1.0312350735087537,0.9,-0.2199546085347181,0.1721231250712197,0.4661944469822573,1.0227983709920971
-0.06,1.0312350735087537,0.9500000000000001,-0.23715862762643783,0.17186516849569988,0.48608746993179613,1.0223500710767517
-0.06,1.0312350735087537,1.0,-0.2543101603348174,0.1710826245619046,0.5053071421999037,1.0219055820579181
-0.06,1.0312350735087537,1.05,-0.27135945276545725,0.16982896461719013,0.5238636241333312,1.021465143496239
-0.06,1.0312350735087537,1.1,-0.288261913376603,0.16815399265874478,0.5417685759165493,1.021028986195374
-0.06,1.0312350735087537,1.1500000000000001,-0.30497775479817524,0.1661040165097744,0.5590349157235054,1.020597331213935
-0.06,1.0312350735087537,1.2000000000000002,-0.32147165272198036,0.16372201787862853,0.5756766021888108,1.0201703890189593
-0.06,1.0312350735087537,1.25,-0.3377124217099888,0.16104782043023685,0.5917084392869697,1.0197483587756708
-0.06,1.0312350735087537,1.3,-0.35367270768339165,0.15811825511775993,0.6071459018230856,1.0193314277675074
-0.06,1.0312350735087537,1.35,-0.3693286967834572,0.15496732213116396,0.6220049798486672,1.018919770939811
-0.06,1.0312350735087537,1.4000000000000001,-0.3846598402353915,0.15162634891908788,0.6363020404220012,1.0185135505600358
-0.06,1.0312350735087537,1.4500000000000002,-0.3996485947972451,0.14812414383138578,0.6500537052340859,1.0181129159869515
-0.06,1.0312350735087537,1.5,-0.4142801783360186,0.14448714501258603,0.6632767427185615,1.0177180035410276
-0.06,1.0312350735087537,1.55,-0.42854234004103187,0.14073956425169737,0.67598797335732,1.0173289364680083
-0.06,1.0312350735087537,1.6,-0.442425144759335,0.1369035255617185,0.6882041869827257,1.0169458249876102
-0.06,1.0312350735087537,1.6500000000000001,-0.45592077091854827,0.13299919832332577,0.6999420709625055,1.016568766419299
-0.06,1.0312350735087537,1.7000000000000002,-0.4690233214884813,0.12904492488191963,0.7112181482344737,1.0161978453771796
-0.06,1.0312350735087537,1.75,-0.48172864742383037,0.125057342535902,0.7220487242353555,1.0158331340262432
-0.06,1.0312350735087537,1.8,-0.49403418302567736,0.12105149989715232,0.732449841841055,1.0154746923924172
-0.06,1.0312350735087537,1.85,-0.5059387926591707,0.11704096764251755,0.7424372435048565,1.0151225687191767
-0.06,1.0312350735087537,1.9000000000000001,-0.5174426282681547,0.11303794370814513,0.752026339845324,1.0147767998638166
-0.06,1.0312350735087537,1.9500000000000002,-0.5285469971341556,0.10905335300700722,0.7612321839970352,1.0144374117268333
-0.06,1.0312350735087537,2.0,-0.5392542393366522,0.10509694177434786,0.770069451095049,1.0141044197082922
-0.06,1.0312350735087537,2.0500000000000003,-0.5495676143833061,0.10117736666639053,0.7785524223179515,1.0137778291854511
-0.06,1.0312350735087537,2.1,-0.5594911964925794,0.09730227875476515,0.786694972964907,1.013457636006354
-0.06,1.0312350735087537,2.15,-0.569029778026314,0.09347840257309922,0.7945105640891575,1.0131438269945297
-0.06,1.0312350735087537,2.2,-0.5781887805862097,0.08971161038333818,0.8020122372542366,1.0128363804603613
-0.06,1.0312350735087537,2.25,-0.5869741733053764,0.08600699183790599,0.8092126120197835,1.01253526671514
-0.06,1.0312350735087537,2.3000000000000003,-0.5953923978839766,0.08236891922006215,0.8161238858014489,1.0122404485841838
-0.06,1.0312350735087537,2.35,-0.6034502999363358,0.07880110844898902,0.8227578357841494,1.0119518819158577
-0.06,1.0312350735087537,2.4000000000000004,-0.6111550662355016,0.0753066760385089,0.8291258225999248,1.0116695160836606
-0.06,1.0312350735087537,2.45,-0.61851416746003,0.07188819219908911,0.8352387955111173,1.0113932944789492
-0.06,1.0312350735087537,2.5,-0.6255353060665968,0.06854773027215286,0.8411072988666001,1.0111231549921822
-0.06,1.0312350735087537,2.5500000000000003,-0.6322263689307799,0.06528691268387529,0.8467414796235329,1.0108590304809117
-0.06,1.0312350735087537,2.6,-0.6385953844169066,0.062106953602756525,0.8521510957497194,1.0106008492230203
-0.06,1.0312350735087537,2.6500000000000004,-0.64465048355614,0.059008698481521814,0.8573455253422588,1.010348535354003
-0.06,1.0312350735087537,2.7,-0.650399865029879,0.05599266065941557,0.862333776316936,1.010102009287324
-0.06,1.0312350735087537,2.75,-0.6558517636729779,0.05305905519588209,0.8671244965398166,1.009861188117119
-0.06,1.0312350735087537,2.8000000000000003,-0.6610144222282146,0.05020783010108186,0.8717259842879617,1.0096259860027192
-0.06,1.0312350735087537,2.85,-0.6658960660997677,0.04743869512276877,0.8761461989400954,1.0093963145346534
-0.06,1.0312350735087537,2.9000000000000004,-0.6705048808691906,0.04475114824286433,0.8803927718106916,1.0091720830819566
-0.06,1.0312350735087537,2.95,-0.6748489923523983,0.0421445000306842,0.8844730170522256,1.008953199120759
-0.06,1.0312350735087537,3.0,-0.6789364489906106,0.0396178959932682,0.8883939425605792,1.0087395685442553
-0.06,1.0312350735087537,3.0500000000000003,-0.6827752063818767,0.037170337056720675,0.8921622608276686,1.0085310959542668
-0.06,1.0312350735087537,3.1,-0.686373113772861,0.034800698305915014,0.8957843996935607,1.008327684934708
-0.06,1.0312350735087537,3.1500000000000004,-0.6897379023429309,0.03250774610342235,0.8992665129576137,1.0081292383073481
-0.06,1.0312350735087537,3.2,-0.692877175124298,0.030290153702120452,0.9026144908146746,1.0079356583703247
-0.06,1.0312350735087537,3.25,-0.695798398413065,0.028146515459655318,0.9058339700881218,1.0077468471199282
-0.06,1.0312350735087537,3.3000000000000003,-0.6985088945364671,0.026075359756806818,0.908930344236647,1.0075627064562147
-0.06,1.0312350735087537,3.35,-0.7010158358514865,0.024075160715855314,0.9119087731161649,1.0073831383730487
-0.06,1.0312350735087537,3.4000000000000004,-0.7033262398593083,0.02214434880929422,0.9147741924822204,1.0072080451331935
-0.06,1.0312350735087537,3.45,-0.7054469653288197,0.02028132044368328,0.9175313232217275,1.0070373294290933
-0.06,1.0312350735087537,3.5,-0.7073847093305798,0.01848444659810979,0.9201846803059374,1.0068708945299993
-0.06,1.0312350735087537,3.5500000000000003,-0.7091460050903781,0.01675208059162159,0.9227385814591599,1.006708644416105
-0.06,1.0312350735087537,3.6,-0.7107372205787056,0.01508256504912046,0.9251971555400852,1.0065504839003354
-0.06,1.0312350735087537,3.6500000000000004,-0.7121645577592169,0.013474238130563641,0.9275643506345227,1.0063963187384652
-0.06,1.0312350735087537,3.7,-0.7134340524255308,0.011925439083910179,0.9298439418600879,1.0062460557281943
-0.06,1.0312350735087537,3.75,-0.7145515745615926,0.010434513178063997,0.9320395388848087,1.0060996027978264
-0.06,1.0312350735087537,3.8000000000000003,-0.7155228291662679,0.008999816068113946,0.934154593162877,1.0059568690851663
-0.06,1.0312350735087537,3.85,-0.7163533574878853,0.007619717641430447,0.9361924048917772,1.0058177650072464
-0.06,1.0312350735087537,3.9000000000000004,-0.7170485386191652,0.006292605389660526,0.9381561296959119,1.0056822023214562
-0.06,1.0312350735087537,3.95,-0.7176135914072886,0.0050168873483509855,0.9400487850425229,1.0055500941786524
-0.06,1.0312350735087537,4.0,-0.7180535766378993,0.0037909946428158737,0.9418732563963071,1.005421355168786
-0.06,1.0312350735087537,4.05,-0.7183733994555331,0.0026133836759495953,0.9436323031195467,1.0052959013595686
-0.06,1.0312350735087537,4.1000000000000005,-0.7185778119863978,0.001482537990952672,0.9453285641249463,1.0051736503286843
-0.06,1.0312350735087537,4.15,-0.7186714161325792,0.00039696983938372366,0.9469645632886111,1.0050545211900144
-0.06,1.0312350735087537,4.2,-0.7186586665096609,-0.0006447785174359942,0.9485427146307832,1.0049384346143377
-0.06,1.0312350735087537,4.25,-0.7185438735024184,-0.0016441337478634212,0.9500653272720627,1.0048253128449274
-0.06,1.0312350735087537,4.3,-0.7183312064157082,-0.0026024906064921983,0.951534610172894,1.00471507970847
-0.06,1.0312350735087537,4.3500000000000005,-0.7180246966999376,-0.0035212112860293424,0.9529526766640847,1.0046076606216703
-0.06,1.0312350735087537,4.4,-0.7176282412325792,-0.00440162494448398,0.9543215487761102,1.0045029825939262
-0.06,1.0312350735087537,4.45,-0.7171456056390927,-0.005245027389327117,0.9556431613748386,1.0044009742264075
-0.06,1.0312350735087537,4.5,-0.716580427638385,-0.006052680901824332,0.956919366111243,1.0043015657078644
-0.06,1.0312350735087537,4.55,-0.7159362203995215,-0.006825814186175272,0.9581519351925009,1.0042046888074696
-0.06,1.0312350735087537,4.6000000000000005,-0.7152163758978906,-0.007565622429417431,0.9593425649817495,1.004110276864971
-0.06,1.0312350735087537,4.65,-0.7144241682603517,-0.008273267459275693,0.9604928794335716,1.004018264778438
-0.06,1.0312350735087537,4.7,-0.7135627570901396,-0.008949877988272,0.9616044333721278,1.0039285889898244
-0.06,1.0312350735087537,4.75,-0.7126351907634101,-0.009596549933451944,0.9626787156186234,1.0038411874686066
-0.06,1.0312350735087537,4.800000000000001,-0.7116444096903357,-0.010214346802050078,0.9637171519746355,1.0037559996936876
-0.06,1.0312350735087537,4.8500000000000005,-0.7105932495345938,-0.010804300134301198,0.9647211080675713,1.0036729666337856
-0.06,1.0312350735087537,4.9,-0.7094844443859346,-0.01136740999542313,0.9656918920643631,1.0035920307264807
-0.06,1.0312350735087537,4.95,-0.7083206298812781,-0.011904645509546922,0.9666307572592562,1.0035131358561011
-0.06,1.0312350735087537,5.0,-0.7071043462704844,-0.012416945429060874,0.9675389045413514,1.0034362273305941
-0.06,1.0312350735087537,5.050000000000001,-0.7058380414235806,-0.012905218733469226,0.968417484747351,1.0033612518575477
-0.06,1.0312350735087537,5.1000000000000005,-0.7045240737767625,-0.013370345252446543,0.969267600904742,1.0032881575194816
-0.06,1.0312350735087537,5.15,-0.7031647152150351,-0.013813176308303211,0.9700903103704351,1.0032168937485353
-0.06,1.0312350735087537,5.2,-0.701762153889777,-0.014234535373564054,0.9708866268697054,1.0031474113006769
-0.06,1.0312350735087537,5.25,-0.7003184969699461,-0.014635218739809365,0.9716575224400372,1.0030796622295244
-0.06,1.0312350735087537,5.300000000000001,-0.698835773325987,-0.015015996194335414,0.9724039292843206,1.0030135998598833
-0.06,1.0312350735087537,5.3500000000000005,-0.6973159361458442,-0.015377611701564018,0.9731267415376333,1.0029491787610858
-0.06,1.0312350735087537,5.4,-0.6957608654827514,-0.01572078408647106,0.9738268169516756,1.0028863547202098
-0.06,1.0312350735087537,5.45,-0.6941723707347424,-0.01604620771761318,0.9745049785007222,1.0028250847152493
-0.06,1.0312350735087537,5.5,-0.6925521930560313,-0.01635455318761459,0.9751620159128193,1.0027653268883068
-0.06,1.0312350735087537,5.550000000000001,-0.6909020077006277,-0.016646467989232232,0.9757986871297516,1.0027070405188572
-0.06,1.0312350735087537,5.6000000000000005,-0.6892234262987105,-0.016922577185350625,0.9764157196991731,1.0026501859971513
-0.06,1.0312350735087537,5.65,-0.6875179990664354,-0.017183484071469662,0.9770138121021134,1.0025947247977844
-0.06,1.0312350735087537,5.7,-0.6857872169499963,-0.017429770829440333,0.9775936350189539,1.0025406194535005
-0.06,1.0312350735087537,5.75,-0.6840325137048534,-0.01766199917137673,0.9781558325367965,1.0024878335292446
-0.06,1.0312350735087537,5.800000000000001,-0.6822552679111513,-0.017880710972830387,0.9787010233010236,1.002436331596512
-0.06,1.0312350735087537,5.8500000000000005,-0.6804568049264312,-0.01808642889445404,0.9792298016137233,1.0023860792080184
-0.06,1.0312350735087537,5.9,-0.6786383987768084,-0.018279656991510383,0.9797427384815083,1.0023370428727223
-0.06,1.0312350735087537,5.95,-0.6768012739878432,-0.018460881310696047,0.9802403826151594,1.0022891900312152
-0.06,1.0312350735087537,6.0,-0.6749466073563866,-0.018630570473854316,0.9807232613833867,1.0022424890315005
-0.06,1.0312350735087537,6.050000000000001,-0.6730755296647168,-0.018789176248243507,0.98119188172291,1.0021969091051866
-0.06,1.0312350735087537,6.1000000000000005,-0.6711891273383127,-0.018937134103109807,0.9816467310069465,1.0021524203440961
-0.06,1.0312350735087537,6.15,-0.6692884440486366,-0.019074863752388586,0.9820882778740824,1.002108993677309
-0.06,1.0312350735087537,6.2,-0.6673744822623071,-0.019202769683423056,0.9825169730194367,1.0020666008486518
-0.06,1.0312350735087537,6.25,-0.6654482047380671,-0.019321241671649086,0.9829332499499076,1.002025214394633
-0.06,1.0312350735087537,6.300000000000001,-0.6635105359729339,-0.01943065528124539,0.9833375257052099,1.0019848076228366
-0.06,1.0312350735087537,6.3500000000000005,-0.6615623635989436,-0.01953137235179539,0.9837302015463416,1.0019453545907775
-0.06,1.0312350735087537,6.4,-0.6596045397318788,-0.019623741471046563,0.9841116636130276,1.0019068300852136
-0.06,1.0312350735087537,6.45,-0.657637882273363,-0.019708098433888592,0.9844822835516119,1.0018692096019308
-0.06,1.0312350735087537,6.5,-0.6556631761677028,-0.01978476668770234,0.9848424191147989,1.0018324693259808
-0.06,1.0312350735087537,6.550000000000001,-0.6536811746148294,-0.019854057764257988,0.9851924147345881,1.0017965861123916
-0.06,1.0312350735087537,6.6000000000000005,-0.6516926002406871,-0.01991627169836394,0.9855326020696578,1.0017615374673325
-0.06,1.0312350735087537,6.65,-0.6496981462263793,-0.019971697433487104,0.9858633005284129,1.001727301529738
-0.06,1.0312350735087537,6.7,-0.6476984773973813,-0.020020613214581904,0.9861848177688458,1.001693857053386
-0.06,1.0312350735087537,6.75,-0.645694231274082,-0.020063286968378925,0.9864974501762916,1.0016611833894253
-0.06,1.0312350735087537,6.800000000000001,-0.6436860190849146,-0.020099976671395486,0.9868014833201321,1.0016292604693453
-0.06,1.0312350735087537,6.8500000000000005,-0.6416744267432819,-0.020130930705939087,0.9870971923904202,1.001598068788387
-0.06,1.0312350735087537,6.9,-0.6396600157894837,-0.0201563882043825,0.9873848426153721,1.0015675893893836
-0.06,1.0312350735087537,6.95,-0.637643324298803,-0.020176579381993704,0.9876646896606257,1.0015378038470297
-0.06,1.0312350735087537,7.0,-0.6356248677568845,-0.020191725858608088,0.9879369800111025,1.0015086942525642
-0.06,1.0312350735087537,7.050000000000001,-0.6336051399035163,-0.020202040969432893,0.9882019513362894,1.001480243198873
-0.06,1.0312350735087537,7.1000000000000005,-0.6315846135458858,-0.02020773006527416,0.9884598328397132,1.001452433765987
-0.06,1.0312350735087537,7.15,-0.6295637413423548,-0.020208990802477445,0.9887108455933308,1.0014252495069833
-0.06,1.0312350735087537,7.2,-0.627542956557772,-0.020206013422871785,0.9889552028575346,1.0013986744342718
-0.06,1.0312350735087537,7.25,-0.6255226737913071,-0.020198981024005122,0.9891931103874413,1.0013726930062634
-0.06,1.0312350735087537,7.300000000000001,-0.6235032896777599,-0.020188069819956432,0.9894247667260843,1.0013472901144111
-0.06,1.0312350735087537,7.3500000000000005,-0.6214851835632774,-0.020173449393007026,0.9896503634851179,1.0013224510706158
-0.06,1.0312350735087537,7.4,-0.6194687181563672,-0.020155282936449383,0.9898700856135998,1.0012981615949872
-0.06,1.0312350735087537,7.45,-0.6174542401550905,-0.020133727488807797,0.9900841116553991,1.0012744078039548
-0.06,1.0312350735087537,7.5,-0.6154420808512627,-0.020108934159740657,0.9902926139957404,1.0012511761987173
-0.06,1.0312350735087537,7.550000000000001,-0.6134325567124891,-0.020081048347888777,0.9904957590973859,1.0012284536540257
-0.06,1.0312350735087537,7.6000000000000005,-0.6114259699428165,-0.020050209950929432,0.990693707726913,1.0012062274072897
-0.06,1.0312350735087537,7.65,-0.6094226090227643,-0.02001655356808991,0.9908866151715459,1.001184485047996
-0.06,1.0312350735087537,7.7,-0.6074227492294817,-0.019980208695368894,0.9910746314469557,1.0011632145074418
-0.06,1.0312350735087537,7.75,-0.605426653137731,-0.019941299913708074,0.9912579014964389,1.0011424040487615
-0.06,1.0312350735087537,7.800000000000001,-0.6034345711023983,-0.01989994707035065,0.9914365653818631,1.0011220422572495
-0.06,1.0312350735087537,7.8500000000000005,-0.6014467417231902,-0.019856265453617013,0.9916107584667363,1.001102118030964
-0.06,1.0312350735087537,7.9,-0.5994633922921685,-0.01981036596132232,0.9917806115917613,1.0010826205716115
-0.06,1.0312350735087537,7.95,-0.5974847392247353,-0.019762355263054237,0.9919462512432027,1.0010635393756957
-0.06,1.0312350735087537,8.0,-0.5955109884746825,-0.019712335956523268,0.992107799714386,1.0010448642259364
-0.06,1.0312350735087537,8.05,-0.5935423359338724,-0.01966040671819184,0.9922653752606252,1.001026585182932
-0.06,1.0312350735087537,8.1,-0.5915789678171227,-0.01960666244838274,0.9924190922478798,1.0010086925770791
-0.06,1.0312350735087537,8.15,-0.5896210610328309,-0.019551194411060836,0.9925690612954073,1.0009911770007298
-0.06,1.0312350735087537,8.200000000000001,-0.5876687835398607,-0.01949409036847703,0.992715389412668,1.0009740293005793
-0.06,1.0312350735087537,8.25,-0.5857222946911986,-0.01943543471085673,0.9928581801307488,1.0009572405702873
-0.06,1.0312350735087537,8.3,-0.5837817455648668,-0.01937530858131006,0.9929975336285297,1.0009408021433168
-0.06,1.0312350735087537,8.35,-0.58184727928256,-0.01931378999613504,0.9931335468538245,1.0009247055859867
-0.06,1.0312350735087537,8.4,-0.5799190313164613,-0.019250953960679634,0.9932663136397126,1.0009089426907307
-0.06,1.0312350735087537,8.450000000000001,-0.5779971297846783,-0.01918687258092318,0.9933959248162731,1.0008935054695673
-0.06,1.0312350735087537,8.5,-0.576081695735713,-0.019121615170932214,0.9935224683179112,1.0008783861477548
-0.06,1.0312350735087537,8.55,-0.5741728434223785,-0.01905524835634091,0.9936460292864657,1.000863577157643
-0.06,1.0312350735087537,8.6,-0.572270680565557,-0.018987836174000898,0.9937666901702875,1.0008490711327105
-0.06,1.0312350735087537,8.65,-0.5703753086081661,-0.01891944016794073,0.9938845308194431,1.0008348609017774
-0.06,1.0312350735087537,8.700000000000001,-0.5684868229597098,-0.01885011948177007,0.9939996285772257,1.000820939483393
-0.06,1.0312350735087537,8.75,-0.5666053132317593,-0.01877993094765939,0.994112058368114,1.0008073000803974
-0.06,1.0312350735087537,8.8,-0.5647308634646984,-0.018708929172021008,0.9942218927823377,1.0007939360746392
-0.06,1.0312350735087537,8.85,-0.5628635523460694,-0.01863716661801352,0.9943292021571869,1.0007808410218548
-0.06,1.0312350735087537,8.9,-0.5610034534208168,-0.01856469368498646,0.9944340546552105,1.000768008646709
-0.06,1.0312350735087537,8.950000000000001,-0.5591506352937476,-0.01849155878497898,0.9945365163394131,1.000755432837969
-0.06,1.0312350735087537,9.0,-0.5573051618244889,-0.0184178084163813,0.9946366512456019,1.0007431076438404
-0.06,1.0312350735087537,9.05,-0.5554670923152207,-0.018343487234864543,0.9947345214519788,1.000731027267432
-0.06,1.0312350735087537,9.1,-0.5536364816914603,-0.018268638121680177,0.9948301871461055,1.0007191860623612
-0.06,1.0312350735087537,9.15,-0.5518133806761499,-0.018193302249427057,0.9949237066893417,1.0007075785284927
-0.06,1.0312350735087537,9.200000000000001,-0.5499978359573025,-0.018117519145380418,0.9950151366788642,1.0006961993077994
-0.06,1.0312350735087537,9.25,-0.5481898903494401,-0.018041326752473438,0.9951045320073645,1.0006850431803576
-0.06,1.0312350735087537,9.3,-0.5463895829490576,-0.0179647614880191,0.9951919459205185,1.0006741050604473
-0.06,1.0312350735087537,9.35,-0.5445969492843344,-0.017887858300256618,0.995277430072321,1.0006633799927867
-0.06,1.0312350735087537,9.4,-0.5428120214593047,-0.017810650722803634,0.9953610345783691,1.0006528631488634
-0.06,1.0312350735087537,9.450000000000001,-0.5410348282926942,-0.01773317092709239,0.995442808067178,1.0006425498233882
-0.06,1.0312350735087537,9.5,-0.5392653954516163,-0.01765544977286526,0.9955227977296107,1.0006324354308442
-0.06,1.0312350735087537,9.55,-0.5375037455803235,-0.017577516856802124,0.9956010493664913,1.0006225155021475
-0.06,1.0312350735087537,9.600000000000001,-0.5357498984241922,-0.017499400559349523,0.9956776074344817,1.0006127856814029
-0.06,1.0312350735087537,9.65,-0.5340038709491155,-0.017421128089818667,0.9957525150902878,1.000603241722754
-0.06,1.0312350735087537,9.700000000000001,-0.532265677456478,-0.017342725529817235,0.9958258142332547,1.000593879487336
-0.06,1.0312350735087537,9.75,-0.5305353296938687,-0.017264217875077096,0.9958975455464303,1.0005846949403059
-0.06,1.0312350735087537,9.8,-0.5288128369616958,-0.01718562907573813,0.9959677485361411,1.000575684147974
-0.06,1.0312350735087537,9.850000000000001,-0.5270982062158466,-0.017106982075145688,0.9960364615701517,1.000566843275014
-0.06,1.0312350735087537,9.9,-0.5253914421665407,-0.017028298847217443,0.9961037219144512,1.00055816858175
-0.06,1.0312350735087537,9.950000000000001,-0.5236925473735187,-0.016949600432432932,0.9961695657687328,1.0005496564215366
-0.06,1.0312350735087537,10.0,-0.522001522337695,-0.016870906972497456,0.9962340283006087,1.000541303238206
-0.06,1.0312350735087537,10.05,-0.520318365589408,-0.01679223774372977,0.9962971436786137,1.0005331055635966
-0.06,1.0312350735087537,10.100000000000001,-0.5186430737733897,-0.016713611189221166,0.9963589451040396,1.000525060015147
-0.06,1.0312350735087537,10.15,-0.5169756417305789,-0.016635044949812036,0.9964194648416509,1.0005171632935705
-0.06,1.0312350735087537,10.200000000000001,-0.5153160625768849,-0.01655655589392984,0.9964787342493251,1.0005094121805889
-0.06,1.0312350735087537,10.25,-0.5136643277790255,-0.0164781601463311,0.996536783806651,1.0005018035367392
-0.06,1.0312350735087537,10.3,-0.5120204272275317,-0.016399873115788225,0.9965936431425323,1.0004943342992387
-0.06,1.0312350735087537,10.350000000000001,-0.5103843493070354,-0.016321709521760513,0.9966493410618354,1.0004870014799183
-0.06,1.0312350735087537,10.4,-0.5087560809639317,-0.016243683420087265,0.996703905571108,1.000479802163212
-0.06,1.0312350735087537,10.450000000000001,-0.5071356077715129,-0.016165808227739272,0.9967573639034161,1.0004727335042065
-0.06,1.0312350735087537,10.5,-0.505522913992671,-0.016088096746663873,0.9968097425423224,1.000465792726745
-0.06,1.0312350735087537,10.55,-0.5039179826402503,-0.016010561186757186,0.9968610672450452,1.000458977121592
-0.06,1.0312350735087537,10.600000000000001,-0.5023207955351411,-0.015933213187996034,0.9969113630648249,1.0004522840446444
-0.06,1.0312350735087537,10.65,-0.5007313333621971,-0.01585606384176076,0.9969606543725265,1.0004457109151996
-0.06,1.0312350735087537,10.700000000000001,-0.49914957572405383,-0.015779123711378944,0.9970089648775152,1.000439255214269
-0.06,1.0312350735087537,10.75,-0.4975755011929239,-0.01570240285191898,0.9970563176478159,1.0004329144829431
-0.06,1.0312350735087537,10.8,-0.4960090873604495,-0.01562591082926128,0.9971027351296017,1.000426686320804
-0.06,1.0312350735087537,10.850000000000001,-0.49445031088567365,-0.015549656738473897,0.9971482391660229,1.0004205683843825
-0.06,1.0312350735087537,10.9,-0.4928991475412088,-0.015473649221518285,0.9971928510154043,1.0004145583856563
-0.06,1.0312350735087537,10.950000000000001,-0.49135557225766086,-0.015397896484310017,0.9972365913688371,1.0004086540905976
-0.06,1.0312350735087537,11.0,-0.4898195591663773,-0.015322406313158286,0.9972794803671843,1.0004028533177562
-0.06,1.0312350735087537,11.05,-0.48829108164058077,-0.0152471860906071,0.9973215376175225,1.0003971539368879
-0.06,1.0312350735087537,11.100000000000001,-0.4867701123349431,-0.015172242810700369,0.997362782209036,1.000391553867617
-0.06,1.0312350735087537,11.15,-0.4852566232236619,-0.015097583093691906,0.9974032327283923,1.0003860510781408
-0.06,1.0312350735087537,11.200000000000001,-0.48375058563709206,-0.015023213200221076,0.9974429072746094,1.0003806435839686
-0.06,1.0312350735087537,11.25,-0.4822519702969844,-0.014949139044973503,0.9974818234734353,1.0003753294466955
-0.06,1.0312350735087537,11.3,-0.4807607473503854,-0.014875366209845928,0.9975199984912603,1.0003701067728155
-0.06,1.0312350735087537,11.350000000000001,-0.4792768864022443,-0.014801899956633462,0.9975574490485757,1.0003649737125628
-0.06,1.0312350735087537,11.4,-0.47780035654677455,-0.014728745239256602,0.9975941914329911,1.0003599284587847
-0.06,1.0312350735087537,11.450000000000001,-0.47633112639761893,-0.014655906715545055,0.99763024151184,1.000354969245855
-0.06,1.0312350735087537,11.5,-0.47486916411685787,-0.014583388758594515,0.9976656147443718,1.0003500943486083
-0.06,1.0312350735087537,11.55,-0.4734144374429053,-0.014511195467712153,0.9977003261935515,1.0003453020813058
-0.06,1.0312350735087537,11.600000000000001,-0.47196691371733246,-0.01443933067896564,0.9977343905374872,1.0003405907966354
-0.06,1.0312350735087537,11.65,-0.47052655991065834,-0.01436779797535048,0.9977678220804885,1.0003359588847345
-0.06,1.0312350735087537,11.700000000000001,-0.46909334264714514,-0.01429660069658926,0.9978006347637699,1.000331404772239
-0.06,1.0312350735087537,11.75,-0.46766722822863405,-0.014225741948576648,0.9978328421758226,1.000326926921365
-0.06,1.0312350735087537,11.8,-0.4662481826574566,-0.014155224612482526,0.9978644575624498,1.0003225238290088
-0.06,1.0312350735087537,11.850000000000001,-0.4648361716584566,-0.014085051353526331,0.9978954938364945,1.0003181940258752
-0.06,1.0312350735087537,11.9,-0.4634311607001507,-0.014015224629433883,0.9979259635872476,1.00031393607563
-0.06,1.0312350735087537,11.950000000000001,-0.46203311501506544,-0.013945746698588892,0.9979558790895783,1.0003097485740755
-0.06,1.0312350735087537,12.0,-0.4606419996192734,-0.013876619627889646,0.9979852523127642,1.000305630148346
-0.06,1.0312350735087537,12.05,-0.4592577793311634,-0.01380784530032205,0.9980140949290564,1.0003015794561299
-0.06,1.0312350735087537,12.100000000000001,-0.4578804187894686,-0.013739425422258924,0.9980424183219725,1.0002975951849091
-0.06,1.0312350735087537,12.15,-0.45650988247058055,-0.013671361530495722,0.9980702335943369,1.000293676051221
-0.06,1.0312350735087537,12.200000000000001,-0.4551461347051753,-0.013603654999032062,0.9980975515760687,1.0002898207999409
-0.06,1.0312350735087537,12.25,-0.4537891396941758,-0.013536307045608289,0.9981243828317349,1.0002860282035813
-0.06,1.0312350735087537,12.3,-0.45243886152407403,-0.01346931873800591,0.9981507376678674,1.000282297061614
-0.06,1.0312350735087537,12.350000000000001,-0.45109526418163715,-0.01340269100012045,0.9981766261400586,1.0002786261998065
-0.06,1.0312350735087537,12.4,-0.44975831156801876,-0.013336424617814854,0.9982020580598419,1.0002750144695798
-0.06,1.0312350735087537,12.450000000000001,-0.448427967512296,-0.013270520244561384,0.998227043001359,1.0002714607473815
-0.06,1.0312350735087537,12.5,-0.44710419578445504,-0.013204978406879586,0.9982515903078266,1.0002679639340746
-0.06,1.0312350735087537,12.55,-0.44578696010784247,-0.013139799509577749,0.998275709097811,1.0002645229543454
-0.06,1.0312350735087537,12.600000000000001,-0.4444762241711041,-0.013074983840804721,0.9982994082713117,1.0002611367561274
-0.06,1.0312350735087537,12.65,-0.4431719516396262,-0.013010531576919039,0.998322696515658,1.0002578043100367
-0.06,1.0312350735087537,12.700000000000001,-0.4418741061665002,-0.012946442787181881,0.9983455823112346,1.0002545246088248
-0.06,1.0312350735087537,12.75,-0.4405826514030263,-0.012882717438280133,0.9983680739370354,1.0002512966668458
-0.06,1.0312350735087537,12.8,-0.43929755100877355,-0.01281935539868562,0.9983901794760507,1.0002481195195418
-0.06,1.0312350735087537,12.850000000000001,-0.4380187686612096,-0.01275635644285644,0.9984119068204927,1.0002449922229315
-0.06,1.0312350735087537,12.9,-0.43674626806491823,-0.012693720255285909,0.9984332636768697,1.0002419138531233
-0.06,1.0312350735087537,12.950000000000001,-0.4354800129604197,-0.012631446434404694,0.9984542575709083,1.000238883505835
-0.06,1.0312350735087537,13.0,-0.4342199671326058,-0.012569534496341272,0.9984748958523361,1.000235900295927
-0.06,1.0312350735087537,13.05,-0.4329660944188038,-0.012507983878545839,0.9984951856995118,1.0002329633569484
-0.06,1.0312350735087537,13.100000000000001,-0.4317183587164855,-0.012446793943282426,0.9985151341239351,1.0002300718406982
-0.06,1.0312350735087537,13.15,-0.43047672399063136,-0.01238596398099397,0.9985347479746146,1.0002272249167876
-0.06,1.0312350735087537,13.200000000000001,-0.42924115428075993,-0.012325493213544963,0.9985540339423105,1.0002244217722276
-0.06,1.0312350735087537,13.25,-0.42801161370764373,-0.0122653807973458,0.9985729985636591,1.0002216616110184
-0.06,1.0312350735087537,13.3,-0.42678806647970996,-0.012205625826363167,0.9985916482251724,1.0002189436537479
-0.06,1.0312350735087537,13.350000000000001,-0.42557047689914895,-0.012146227335020587,0.9986099891671245,1.0002162671372086
-0.06,1.0312350735087537,13.4,-0.42435880936773446,-0.012087184300992834,0.9986280274873294,1.0002136313140177
-0.06,1.0312350735087537,13.450000000000001,-0.4231530283923672,-0.012028495647898119,0.9986457691448034,1.0002110354522493
-0.06,1.0312350735087537,13.5,-0.42195309859035385,-0.011970160247891557,0.9986632199633284,1.0002084788350758
-0.06,1.0312350735087537,13.55,-0.4207589846944298,-0.011912176924163555,0.9986803856349151,1.0002059607604186
-0.06,1.0312350735087537,13.600000000000001,-0.419570651557535,-0.011854544453346376,0.9986972717231622,1.0002034805406075
-0.06,1.0312350735087537,13.65,-0.41838806415735064,-0.011797261567832099,0.9987138836665221,1.0002010375020491
-0.06,1.0312350735087537,13.700000000000001,-0.417211187600609,-0.011740326958005228,0.9987302267814803,1.0001986309849025
-0.06,1.0312350735087537,13.75,-0.41603998712718177,-0.011683739274392865,0.998746306265635,1.0001962603427659
-0.06,1.0312350735087537,13.8,-0.4148744281139565,-0.011627497129735414,0.9987621272006995,1.000193924942368
-0.06,1.0312350735087537,13.850000000000001,-0.41371447607850664,-0.011571599100980566,0.9987776945554132,1.0001916241632678
-0.06,1.0312350735087537,13.9,-0.41256009668256943,-0.011516043731203317,0.9987930131883787,1.0001893573975638
-0.06,1.0312350735087537,13.950000000000001,-0.41141125573532783,-0.011460829531454652,0.9988080878508123,1.0001871240496103
-0.06,1.0312350735087537,14.0,-0.4102679191965164,-0.01140595498254135,0.9988229231892238,1.000184923535738
-0.06,1.0312350735087537,14.05,-0.4091300531793477,-0.011351418536739303,0.998837523748019,1.0001827552839846
-0.06,1.0312350735087537,14.100000000000001,-0.4079976239532716,-0.011297218619442868,0.9988518939720317,1.0001806187338302
-0.06,1.0312350735087537,14.15,-0.40687059794657143,-0.011243353630752318,0.9988660382089845,1.0001785133359407
-0.06,1.0312350735087537,14.200000000000001,-0.40574894174880455,-0.011189821947001624,0.9988799607118848,1.0001764385519167
-0.06,1.0312350735087537,14.25,-0.4046326221130927,-0.011136621922228758,0.9988936656413514,1.0001743938540497
-0.06,1.0312350735087537,14.3,-0.40352160595826636,-0.01108375188959042,0.998907157067881,1.0001723787250822
-0.06,1.0312350735087537,14.350000000000001,-0.4024158603708729,-0.01103121016272323,0.9989204389740509,1.0001703926579748
-0.06,1.0312350735087537,14.4,-0.40131535260704926,-0.010978995037053157,0.9989335152566614,1.000168435155681
-0.06,1.0312350735087537,14.450000000000001,-0.4002200500942663,-0.010927104791055239,0.9989463897288253,1.0001665057309255
-0.06,1.0312350735087537,14.5,-0.39912992043294965,-0.010875537687465024,0.9989590661219909,1.0001646039059848
-0.06,1.0312350735087537,14.55,-0.3980449313979847,-0.010824291974443689,0.9989715480879207,1.000162729212484
-0.06,1.0312350735087537,14.600000000000001,-0.3969650509401029,-0.010773365886698376,0.9989838392006102,1.0001608811911804
-0.06,1.0312350735087537,14.65,-0.39589024718716354,-0.01072275764655924,0.99899594295816,1.0001590593917744
-0.06,1.0312350735087537,14.700000000000001,-0.3948204884453266,-0.010672465465014928,0.9990078627845946,1.0001572633727052
-0.06,1.0312350735087537,14.75,-0.3937557432001269,-0.01062248754270772,0.9990196020316328,1.000155492700965
-0.06,1.0312350735087537,14.8,-0.3926959801174504,-0.010572822070889935,0.9990311639804128,1.000153746951909
-0.06,1.0312350735087537,14.850000000000001,-0.39164116804441806,-0.01052346723234287,0.9990425518431717,1.0001520257090764
-0.06,1.0312350735087537,14.9,-0.3905912760101793,-0.010474421202259606,0.9990537687648783,1.0001503285640119
-0.06,1.0312350735087537,14.950000000000001,-0.3895462732266214,-0.010425682149092976,0.9990648178248251,1.000148655116093
-0.06,1.0312350735087537,15.0,-0.3885061290889946,-0.010377248235369889,0.9990757020381761,1.000147004972358
-0.06,1.0312350735087537,15.05,-0.38747081317645926,-0.01032911761847321,0.9990864243574762,1.0001453777473464
-0.06,1.0312350735087537,15.100000000000001,-0.386440295252558,-0.010281288451392395,0.9990969876741222,1.000143773062933
-0.06,1.0312350735087537,15.15,-0.38541454526561414,-0.01023375888344383,0.9991073948197908,1.0001421905481733
-0.06,1.0312350735087537,15.200000000000001,-0.3843935333490593,-0.01018652706096209,0.9991176485678331,1.0001406298391475
-0.06,1.0312350735087537,15.25,-0.38337722982169753,-0.010139591127963124,0.999127751634633,1.0001390905788146
-0.06,1.0312350735087537,15.3,-0.38236560518790197,-0.01009294922678024,0.999137706680929,1.0001375724168622
-0.06,1.0312350735087537,15.350000000000001,-0.3813586301377525,-0.010046599498674005,0.9991475163131016,1.0001360750095658
-0.06,1.0312350735087537,15.4,-0.38035627554711166,-0.010000540084416837,0.9991571830844285,1.0001345980196472
-0.06,1.0312350735087537,15.450000000000001,-0.37935851247764796,-0.00995476912485335,0.9991667094963089,1.000133141116142
-0.06,1.0312350735087537,15.5,-0.3783653121768012,-0.009909284761437084,0.9991760979994532,1.0001317039742619
-0.06,1.0312350735087537,15.55,-0.37737664607769916,-0.009864085136744699,0.9991853509950446,1.0001302862752681
-0.06,1.0312350735087537,15.600000000000001,-0.37639248579902285,-0.009819168394968235,0.9991944708358709,1.000128887706344
-0.06,1.0312350735087537,15.65,-0.3754128031448244,-0.00977453268238633,0.9992034598274264,1.000127507960468
-0.06,1.0312350735087537,15.700000000000001,-0.37443757010430045,-0.009730176147815076,0.9992123202289879,1.0001261467362974
-0.06,1.0312350735087537,15.75,-0.37346675885152075,-0.0096860969430393,0.9992210542546605,1.0001248037380461
-0.06,1.0312350735087537,15.8,-0.37250034174511604,-0.009642293223224878,0.9992296640744014,1.0001234786753723
-0.06,1.0312350735087537,15.850000000000001,-0.37153829132792593,-0.009598763147312842,0.9992381518150121,1.0001221712632617
-0.06,1.0312350735087537,15.9,-0.37058058032660846,-0.009555504878395895,0.9992465195611105,1.0001208812219207
-0.06,1.0312350735087537,15.950000000000001,-0.3696271816512127,-0.009512516584077896,0.9992547693560785,1.0001196082766663
-0.06,1.0312350735087537,16.0,-0.3686780683947181,-0.009469796436817047,0.9992629032029833,1.0001183521578232
-0.06,1.0312350735087537,16.05,-0.3677332138325395,-0.00942734261425329,0.9992709230654748,1.000117112600619
-0.06,1.0312350735087537,16.1,-0.3667925914219996,-0.009385153299520414,0.9992788308686681,1.0001158893450823
-0.06,1.0312350735087537,16.150000000000002,-0.36585617480177296,-0.009343226681543583,0.9992866284999935,1.000114682135949
-0.06,1.0312350735087537,16.2,-0.3649239377913001,-0.009301560955322665,0.9992943178100356,1.0001134907225624
-0.06,1.0312350735087537,16.25,-0.3639958543901734,-0.009260154322201909,0.9993019006133425,1.0001123148587794
-0.06,1.0312350735087537,16.3,-0.36307189877749885,-0.0092190049901265,0.9993093786892252,1.0001111543028822
-0.06,1.0312350735087537,16.35,-0.36215204531122924,-0.009178111173886434,0.9993167537825269,1.0001100088174846
-0.06,1.0312350735087537,16.400000000000002,-0.36123626852747737,-0.009137471095348142,0.9993240276043807,1.0001088781694456
-0.06,1.0312350735087537,16.45,-0.3603245431398038,-0.009097082983674386,0.9993312018329477,1.0001077621297865
-0.06,1.0312350735087537,16.5,-0.35941684403848473,-0.009056945075532733,0.9993382781141341,1.0001066604736015
-0.06,1.0312350735087537,16.55,-0.3585131462897578,-0.009017055615293156,0.999345258062293,1.000105572979983
-0.06,1.0312350735087537,16.6,-0.35761342513504973,-0.008977412855215024,0.9993521432609103,1.0001044994319341
-0.06,1.0312350735087537,16.650000000000002,-0.35671765599018523,-0.008938015055624035,0.9993589352632719,1.0001034396162962
-0.06,1.0312350735087537,16.7,-0.3558258144445784,-0.00889886048507919,0.9993656355931159,1.0001023933236688
-0.06,1.0312350735087537,16.75,-0.3549378762604062,-0.008859947420530557,0.9993722457452688,1.0001013603483366
-0.06,1.0312350735087537,16.8,-0.35405381737176933,-0.0088212741474677,0.999378767186267,1.0001003404881954
-0.06,1.0312350735087537,16.85,-0.35317361388383545,-0.008782838960059599,0.9993852013549622,1.000099333544682
-0.06,1.0312350735087537,16.900000000000002,-0.35229724207196944,-0.008744640161285951,0.9993915496631147,1.0000983393227008
-0.06,1.0312350735087537,16.95,-0.35142467838085056,-0.008706676063060487,0.9993978134959676,1.0000973576305594
-0.06,1.0312350735087537,17.0,-0.35055589942357823,-0.008668944986346344,0.9994039942128162,1.0000963882798988
-0.06,1.0312350735087537,17.05,-0.3496908819807643,-0.008631445261264066,0.9994100931475536,1.0000954310856298
-0.06,1.0312350735087537,17.1,-0.3488296029996159,-0.008594175227192207,0.9994161116092108,1.0000944858658678
-0.06,1.0312350735087537,17.150000000000002,-0.34797203959300693,-0.008557133232861069,0.9994220508824804,1.0000935524418688
-0.06,1.0312350735087537,17.2,-0.3471181690385423,-0.008520317636439678,0.999427912228231,1.000092630637972
-0.06,1.0312350735087537,17.25,-0.34626796877761046,-0.008483726805616293,0.9994336968840049,1.0000917202815351
-0.06,1.0312350735087537,17.3,-0.3454214164144297,-0.008447359117672757,0.9994394060645099,1.000090821202881
-0.06,1.0312350735087537,17.35,-0.34457848971508687,-0.008411212959552808,0.9994450409620953,1.000089933235234
-0.06,1.0312350735087537,17.400000000000002,-0.34373916660656756,-0.00837528672792465,0.9994506027472174,1.0000890562146691
-0.06,1.0312350735087537,17.45,-0.34290342517578193,-0.008339578829238045,0.9994560925688963,1.000088189980055
-0.06,1.0312350735087537,17.5,-0.3420712436685823,-0.008304087679776,0.9994615115551595,1.0000873343729977
-0.06,1.0312350735087537,17.55,-0.34124260048877925,-0.008268811705701437,0.9994668608134796,1.0000864892377943
-0.06,1.0312350735087537,17.6,-0.3404174741971476,-0.008233749343098874,0.9994721414311935,1.000085654421374
-0.06,1.0312350735087537,17.650000000000002,-0.33959584351043326,-0.008198899038011426,0.9994773544759237,1.0000848297732543
-0.06,1.0312350735087537,17.7,-0.3387776873003525,-0.008164259246473243,0.999482500995977,1.0000840151454846
-0.06,1.0312350735087537,17.75,-0.3379629845925908,-0.008129828434537613,0.9994875820207465,1.0000832103926063
-0.06,1.0312350735087537,17.8,-0.33715171456579535,-0.008095605078300858,0.9994925985610936,1.000082415371598
-0.06,1.0312350735087537,17.85,-0.33634385655056886,-0.00806158766392223,0.9994975516097295,1.0000816299418334
-0.06,1.0312350735087537,17.900000000000002,-0.3355393900284587,-0.00802777468763992,0.9995024421415848,1.0000808539650357
-0.06,1.0312350735087537,17.95,-0.33473829463094557,-0.007994164655783422,0.9995072711141662,1.0000800873052305
-0.06,1.0312350735087537,18.0,-0.3339405501384295,-0.007960756084782248,0.9995120394679159,1.0000793298287065
-0.06,1.0312350735087537,18.05,-0.3331461364792173,-0.007927547501171348,0.9995167481265523,1.0000785814039697
-0.06,1.0312350735087537,18.1,-0.3323550337285077,-0.007894537441593151,0.9995213979974082,1.0000778419017025
-0.06,1.0312350735087537,18.150000000000002,-0.3315672221073755,-0.007861724452796587,0.9995259899717603,1.0000771111947246
-0.06,1.0312350735087537,18.2,-0.3307826819817588,-0.007829107091633009,0.9995305249251534,1.0000763891579516
-0.06,1.0312350735087537,18.25,-0.33000139386144356,-0.0077966839250492494,0.9995350037177122,1.000075675668355
-0.06,1.0312350735087537,18.3,-0.3292233383990508,-0.007764453530078042,0.999539427194452,1.0000749706049263
-0.06,1.0312350735087537,18.35,-0.3284484963890246,-0.007732414493825606,0.9995437961855785,1.0000742738486386
-0.06,1.0312350735087537,18.400000000000002,-0.3276768487666199,-0.0077005654134568845,0.9995481115067822,1.0000735852824085
-0.06,1.0312350735087537,18.45,-0.3269083766068946,-0.007668904896178272,0.9995523739595276,1.0000729047910633
-0.06,1.0312350735087537,18.5,-0.32614306112370056,-0.007637431559218041,0.9995565843313332,1.0000722322613014
-0.06,1.0312350735087537,18.55,-0.3253808836686784,-0.007606144029804602,0.9995607433960481,1.000071567581662
-0.06,1.0312350735087537,18.6,-0.3246218257302558,-0.00757504094514262,0.9995648519141205,1.000070910642489
-0.06,1.0312350735087537,18.650000000000002,-0.32386586893264435,-0.007544120952387121,0.9995689106328619,1.0000702613358987
-0.06,1.0312350735087537,18.7,-0.32311299503484375,-0.007513382708615677,0.9995729202867031,1.000069619555747
-0.06,1.0312350735087537,18.75,-0.3223631859296457,-0.007482824880798774,0.9995768815974488,1.0000689851975975
-0.06,1.0312350735087537,18.8,-0.32161642364264265,-0.007452446145768389,0.9995807952745206,1.0000683581586924
-0.06,1.0312350735087537,18.85,-0.3208726903312391,-0.007422245190184964,0.9995846620152017,1.0000677383379182
-0.06,1.0312350735087537,18.900000000000002,-0.3201319682836668,-0.007392220710502709,0.9995884825048696,1.0000671256357796
-0.06,1.0312350735087537,18.95,-0.31939423991800425,-0.007362371412933484,0.9995922574172297,1.000066519954368
-0.06,1.0312350735087537,19.0,-0.3186594877811973,-0.007332696013409165,0.999595987414539,1.0000659211973333
-0.06,1.0312350735087537,19.05,-0.31792769454808856,-0.007303193237542693,0.9995996731478275,1.000065329269857
-0.06,1.0312350735087537,19.1,-0.3171988430204461,-0.007273861820587807,0.9996033152571159,1.0000647440786223
-0.06,1.0312350735087537,19.150000000000002,-0.3164729161259991,-0.007244700507397545,0.9996069143716234,1.00006416553179
-0.06,1.0312350735087537,19.200000000000003,-0.31574989691747796,-0.007215708052381584,0.9996104711099799,1.00006359353897
-0.06,1.0312350735087537,19.25,-0.3150297685716575,-0.007186883219462466,0.9996139860804232,1.0000630280111955
-0.06,1.0312350735087537,19.3,-0.3143125143884054,-0.007158224782030772,0.9996174598810009,1.0000624688608983
-0.06,1.0312350735087537,19.35,-0.3135981177897367,-0.0071297315228993395,0.9996208930997633,1.0000619160018853
-0.06,1.0312350735087537,19.400000000000002,-0.31288656231887113,-0.0071014022342564855,0.9996242863149523,1.0000613693493103
-0.06,1.0312350735087537,19.450000000000003,-0.31217783163929635,-0.0070732357176184115,0.999627640095189,1.0000608288196524
-0.06,1.0312350735087537,19.5,-0.3114719095338367,-0.007045230783780741,0.9996309549996543,1.0000602943306944
-0.06,1.0312350735087537,19.55,-0.3107687799037254,-0.007017386252769267,0.9996342315782677,1.0000597658014967
-0.06,1.0312350735087537,19.6,-0.31006842676768415,-0.006989700953789999,0.999637470371861,1.0000592431523756
-0.06,1.0312350735087537,19.650000000000002,-0.30937083426100626,-0.006962173725178502,0.9996406719123495,1.0000587263048824
-0.06,1.0312350735087537,19.700000000000003,-0.3086759866346462,-0.006934803414348598,0.9996438367228994,1.0000582151817807
-0.06,1.0312350735087537,19.75,-0.3079838682543128,-0.006907588877740439,0.99964696531809,1.0000577097070251
-0.06,1.0312350735087537,19.8,-0.30729446359957047,-0.006880528980768074,0.9996500582040765,1.000057209805741
-0.06,1.0312350735087537,19.85,-0.3066077572629439,-0.0068536225977664355,0.9996531158787434,1.0000567154042037
-0.06,1.0312350735087537,19.900000000000002,-0.30592373394902894,-0.006826868611937889,0.9996561388318611,1.0000562264298192
-0.06,1.0312350735087537,19.950000000000003,-0.30524237847360847,-0.006800265915298295,0.9996591275452338,1.000055742811103
-0.06,1.0312350735087537,20.0,-0.30456367576277554,-0.006773813408622697,0.9996620824928495,1.000055264477663
-0.06,1.0312350735087537,20.1,-0.3032141688855617,-0.006721354611730926,0.9996678929485328,1.0000543233903814
-0.06,1.0312350735087537,20.28615468146082,-0.3007296968434574,-0.006625259151312535,0.9996783669945108,1.0000526252387218
-0.06,1.0312350735087537,20.47403342090323,-0.2982581128140811,-0.006530283798027024,0.9996885055297318,1.0000509793736982
-0.06,1.0312350735087537,20.663652185564246,-0.29579944517507956,-0.006436421351602348,0.9996983194110338,1.0000493842478326
-0.06,1.0312350735087537,20.855027090560313,-0.29335372059784276,-0.006343664370260633,0.9997078191515165,1.0000478383559328
-0.06,1.0312350735087537,21.04817440025684,-0.29092096412067237,-0.006252005186268404,0.9997170149306918,1.000046340234098
-0.06,1.0312350735087537,21.243110529650455,-0.2885011992207059,-0.00616143592096751,0.9997259166043737,1.0000448884587445
-0.06,1.0312350735087537,21.439852045764102,-0.28609444788452104,-0.006071948499296624,0.9997345337143144,1.0000434816456458
-0.06,1.0312350735087537,21.638415669054964,-0.28370073067733065,-0.005983534663813081,0.9997428754975848,1.0000421184489863
-0.06,1.0312350735087537,21.83881827483555,-0.28132006681067107,-0.00589618598822466,0.9997509508957142,1.0000407975604393
-0.06,1.0312350735087537,22.04107689470784,-0.27895247420848374,-0.005809893890440976,0.9997587685635847,1.00003951770825
-0.06,1.0312350735087537,22.245208718010712,-0.2765979695714927,-0.005724649645153943,0.9997663368780921,1.0000382776563455
-0.06,1.0312350735087537,22.4512310932809,-0.2742565684397847,-0.005640444395956995,0.9997736639465744,1.0000370762034545
-0.06,1.0312350735087537,22.659161529727328,-0.2719282852535135,-0.005557269167012923,0.999780757615014,1.0000359121822469
-0.06,1.0312350735087537,22.86901769871915,-0.2696131334116635,-0.005475114874280086,0.9997876254760147,1.0000347844584863
-0.06,1.0312350735087537,23.080817435287667,-0.26731112532882734,-0.005393972336307236,0.9997942748765691,1.0000336919302006
-0.06,1.0312350735087537,23.294578739641963,-0.26502227248997573,-0.005313832284607259,0.9998007129256046,1.0000326335268703
-0.06,1.0312350735087537,23.510319778698783,-0.26274658550321534,-0.005234685373620341,0.9998069465013263,1.0000316082086274
-0.06,1.0312350735087537,23.72805888762644,-0.2604840741505625,-0.005156522190277314,0.9998129822583587,1.0000306149654759
-0.06,1.0312350735087537,23.947814571403043,-0.25823474743677227,-0.005079333263174168,0.9998188266346811,1.000029652816525
-0.06,1.0312350735087537,24.169605506389228,-0.25599861363629167,-0.005003109071368666,0.9998244858583776,1.0000287208092395
-0.06,1.0312350735087537,24.39345054191539,-0.2537756803384195,-0.004927840052810328,0.9998299659541886,1.0000278180187017
-0.06,1.0312350735087537,24.619368701883577,-0.2515659544907707,-0.004853516612414929,0.9998352727498853,1.0000269435468936
-0.06,1.0312350735087537,24.847379186384366,-0.2493694424411482,-0.0047801291297945355,0.9998404118824538,1.000026096521992
-0.06,1.0312350735087537,25.077501373328523,-0.2471861499779409,-0.00470766796665429,0.9998453888041134,1.0000252760976789
-0.06,1.0312350735087537,25.30975482009396,-0.24501608236915112,-0.004636123473866555,0.9998502087881478,1.0000244814524628
-0.06,1.0312350735087537,25.544159265187808,-0.24285924440016676,-0.004565485998233104,0.999854876934584,1.0000237117890265
-0.06,1.0312350735087537,25.780734629923902,-0.2407156404103681,-0.004495745888945599,0.9998593981756912,1.0000229663335718
-0.06,1.0312350735087537,26.019501020115914,-0.2385852743286582,-0.004426893503754111,0.9998637772813317,1.0000222443351934
-0.06,1.0312350735087537,26.260478727786037,-0.23646814970798105,-0.004358919214853249,0.9998680188641477,1.0000215450652623
-0.06,1.0312350735087537,26.503688232889502,-0.2343642697588763,-0.004291813414494806,0.9998721273845971,1.0000208678168165
-0.06,1.0312350735087537,26.74915020505521,-0.23227363738209453,-0.004225566520335412,0.9998761071558419,1.000020211903977
-0.06,1.0312350735087537,26.99688550534226,-0.2301962552002808,-0.004160168980527345,0.9998799623484919,1.0000195766613693
-0.06,1.0312350735087537,27.246915188012967,-0.2281321255887047,-0.00409561127855995,0.9998836969952034,1.000018961443558
-0.06,1.0312350735087537,27.499260502322162,-0.22608125070500612,-0.004031883937858965,0.9998873149951449,1.000018365624502
-0.06,1.0312350735087537,27.753942894323053,-0.2240436325178959,-0.003968977526150398,0.9998908201183261,1.0000177885970127
-0.06,1.0312350735087537,28.010984008689945,-0.22201927283474707,-0.00390688265959544,0.9998942160097941,1.0000172297722332
-0.06,1.0312350735087537,28.270405690557713,-0.2200081733279951,-0.003845590006702559,0.999897506193709,1.0000166885791228
-0.06,1.0312350735087537,28.532229987378305,-0.21801033556026195,-0.0037850902920227103,0.999900694077288,1.0000161644639625
-0.06,1.0312350735087537,28.79647915079459,-0.2160257610081151,-0.003725374299633324,0.9999037829546326,1.000015656889863
-0.06,1.0312350735087537,29.063175638531384,-0.21405445108437762,-0.0036664328764168907,0.9999067760104413,1.0000151653362928
-0.06,1.0312350735087537,29.332342116304055,-0.2120964071589099,-0.0036082569351396686,0.9999096763236015,1.0000146892986104
-0.06,1.0312350735087537,29.604001459744886,-0.21015163057779557,-0.003550837457336183,0.999912486870675,1.000014228287617
-0.06,1.0312350735087537,29.8781767563471,-0.20822012268087986,-0.0034941654960052955,0.9999152105292751,1.0000137818291117
-0.06,1.0312350735087537,30.154891307427096,-0.20630188481762174,-0.0034382321781235305,0.9999178500813362,1.0000133494634618
-0.06,1.0312350735087537,30.43416863010471,-0.20439691836124688,-0.0033830287069817376,0.9999204082162837,1.0000129307451862
-0.06,1.0312350735087537,30.716032459301825,-0.20250522472120155,-0.003328546364351005,0.9999228875341046,1.0000125252425442
-0.06,1.0312350735087537,31.00050674975963,-0.20062680535393135,-0.0032747765124840856,0.9999252905483184,1.0000121325371392
-0.06,1.0312350735087537,31.287615678074335,-0.1987616617720309,-0.0032217105959586115,0.9999276196888558,1.0000117522235275
-0.06,1.0312350735087537,31.577383644751972,-0.19690979555182275,-0.0031693401433683936,0.999929877304852,1.0000113839088467
-0.06,1.0312350735087537,31.869835276282085,-0.19507120833944347,-0.0031176567688692776,0.9999320656673384,1.000011027212441
-0.06,1.0312350735087537,32.16499542723059,-0.19324590185552762,-0.0030666521735859885,0.9999341869718622,1.000010681765508
-0.06,1.0312350735087537,32.462889182352235,-0.19143387789858649,-0.0030163181468861725,0.9999362433410127,1.000010347210745
-0.06,1.0312350735087537,32.763541858722334,-0.18963513834718818,-0.0029666465675280344,0.9999382368268714,1.0000100232020137
-0.06,1.0312350735087537,33.06697900788844,-0.1878496851610415,-0.002917629404687563,0.9999401694133823,1.000009709404008
-0.06,1.0312350735087537,33.373226418041924,-0.18607752038108977,-0.002869258718871231,0.9999420430186443,1.0000094054919302
-0.06,1.0312350735087537,33.68231011620963,-0.1843186461287065,-0.002821526662719767,0.9999438594971296,1.00000911115118
-0.06,1.0312350735087537,33.99425637046573,-0.18257306460408432,-0.002774425481708338,0.9999456206418353,1.000008826077049
-0.06,1.0312350735087537,34.30909169216431,-0.1808407780838838,-0.0027279475147480173,0.9999473281863545,1.000008549974425
-0.06,1.0312350735087537,34.62684283819243,-0.17912178891820588,-0.0026820851946932297,0.9999489838068916,1.0000082825575018
-0.06,1.0312350735087537,34.94753681324406,-0.17741609952692378,-0.002636831048759323,0.9999505891242022,1.0000080235495004
-0.06,1.0312350735087537,35.2712008721152,-0.17572371239539938,-0.0025921776988541163,0.9999521457054773,1.000007772682396
-0.06,1.0312350735087537,35.597862522020144,-0.17404463006958648,-0.002548117861826904,0.9999536550661573,1.0000075296966509
-0.06,1.0312350735087537,35.927549524929255,-0.17237885515050877,-0.0025046443496379877,0.9999551186716941,1.0000072943409601
-0.06,1.0312350735087537,36.26028989992831,-0.1707263902880809,-0.002461750069451514,0.9999565379392504,1.000007066371998
-0.06,1.0312350735087537,36.59611192559986,-0.1690872381742297,-0.002419428023654137,0.9999579142393427,1.0000068455541742
-0.06,1.0312350735087537,36.93504414242648,-0.1674614015352592,-0.0023776713098016514,0.9999592488974326,1.0000066316593998
-0.06,1.0312350735087537,37.27711535521626,-0.16584888312339338,-0.0023364731204957123,0.9999605431954633,1.0000064244668545
-0.06,1.0312350735087537,37.62235463555102,-0.16424968570742696,-0.0022958267431924346,0.9999617983733443,1.0000062237627645
-0.06,1.0312350735087537,37.97079132425686,-0.16266381206241085,-0.0022557255599446823,0.9999630156303874,1.0000060293401836
-0.06,1.0312350735087537,38.32245503389777,-0.16109126495830225,-0.002216163047079759,0.9999641961266946,1.0000058409987844
-0.06,1.0312350735087537,38.67737565129239,-0.15953204714751026,-0.002177132774814205,0.9999653409845015,1.0000056585446526
-0.06,1.0312350735087537,39.03558334005395,-0.15798616135128035,-0.00213862840680745,0.9999664512894675,1.000005481790087
-0.06,1.0312350735087537,39.3971085431537,-0.1564536102448687,-0.002100643699656167,0.9999675280919359,1.0000053105534075
-0.06,1.0312350735087537,39.761981985508335,-0.15493439644147,-0.0020631725023312108,0.9999685724081377,1.0000051446587659
-0.06,1.0312350735087537,40.1302346765911,-0.1534285224748793,-0.0020262087555592543,0.9999695852213643,1.0000049839359662
-0.06,1.0312350735087537,40.50189791306716,-0.15193599078088263,-0.0019897464911512773,0.9999705674830937,1.0000048282202842
-0.06,1.0312350735087537,40.87700328145351,-0.15045680367738623,-0.0019537798312802166,0.999971520114086,1.0000046773522995
-0.06,1.0312350735087537,41.25558266080338,-0.14899096334331338,-0.0019183029877102823,0.9999724440054327,1.0000045311777268
-0.06,1.0312350735087537,41.63766822541544,-0.1475384717963103,-0.0018833102609804727,0.999973340019577,1.0000043895472532
-0.06,1.0312350735087537,42.02329244756837,-0.1460993308693193,-0.0018487960395449953,0.9999742089912977,1.000004252316385
-0.06,1.0312350735087537,42.41248810028041,-0.1446735421860867,-0.0018147547988733006,0.9999750517286555,1.0000041193452904
-0.06,1.0312350735087537,42.80528826009479,-0.14326110713568674,-0.001781181100512551,0.9999758690139121,1.0000039904986564
-0.06,1.0312350735087537,43.20172630989064,-0.14186202684614688,-0.0017480695911152183,0.999976661604415,1.0000038656455423
-0.06,1.0312350735087537,43.60183594172025,-0.14047630215726814,-0.0017154150014346713,0.9999774302334523,1.000003744659243
-0.06,1.0312350735087537,44.00565115967241,-0.13910393359273288,-0.0016832121452912785,0.9999781756110763,1.0000036274171522
-0.06,1.0312350735087537,44.413206282762204,-0.13774492133159533,-0.0016514559185117057,0.9999788984249036,1.000003513800633
-0.06,1.0312350735087537,44.824535947847835,-0.13639926517924222,-0.0016201412978436877,0.9999795993408809,1.0000034036948908
-0.06,1.0312350735087537,45.23967511257426,-0.1350669645379109,-0.0015892633398485957,0.9999802790040296,1.00000329698885
-0.06,1.0312350735087537,45.65865905834403,-0.13374801837683795,-0.001558817179773798,0.9999809380391612,1.0000031935750353
-0.06,1.0312350735087537,46.081523393315884,-0.13244242520210656,-0.001528798030406573,0.9999815770515689,1.0000030933494568
-0.06,1.0312350735087537,46.50830405543093,-0.1311501830262454,-0.001499201180911228,0.9999821966276983,1.0000029962114956
-0.06,1.0312350735087537,46.93903731546684,-0.1298712893376244,-0.0014700219956507046,0.9999827973357861,1.0000029020637986
-0.06,1.0312350735087537,47.37375978012049,-0.1286057410696742,-0.0014412559129937895,0.9999833797264882,1.0000028108121701
-0.06,1.0312350735087537,47.81250839511901,-0.12735353456994922,-0.00141289844410881,0.9999839443334756,1.000002722365473
-0.06,1.0312350735087537,48.25532044835962,-0.12611466556903841,-0.0013849451717444898,0.9999844916740136,1.000002636635526
-0.06,1.0312350735087537,48.70223357307873,-0.12488912914931852,-0.0013573917489984068,0.9999850222495245,1.0000025535370123
-0.06,1.0312350735087537,49.15328575105025,-0.12367691971353377,-0.0013302338980734245,0.9999855365461214,1.0000024729873849
-0.06,1.0312350735087537,49.608515315813406,-0.12247803095318022,-0.0013034674090222004,0.9999860350351316,1.000002394906774
-0.06,1.0312350735087537,50.067960955930815,-0.12129245581666284,-0.001277088138479924,0.9999865181735992,1.0000023192179053
-0.06,1.0312350735087537,50.5316617182763,-0.12012018647719448,-0.0012510920083852147,0.9999869864047658,1.0000022458460114
-0.06,1.0312350735087537,50.99965701135351,-0.11896121430040066,-0.0012254750046892323,0.9999874401585397,1.0000021747187517
-0.06,1.0312350735087537,51.47198660864504,-0.1178155298115961,-0.001200233176052899,0.9999878798519475,1.0000021057661341
-0.06,1.0312350735087537,51.9486906519927,-0.11668312266270124,-0.0011753626325322983,0.9999883058895656,1.000002038920436
-0.06,1.0312350735087537,52.429809655009066,-0.11556398159877332,-0.0011508595442522732,0.9999887186639422,1.0000019741161335
-0.06,1.0312350735087537,52.91538450652049,-0.11445809442413202,-0.0011267201400684231,0.9999891185559984,1.0000019112898249
-0.06,1.0312350735087537,53.40545647404229,-0.11336544796806858,-0.0011029407062177197,0.9999895059354207,1.000001850380165
-0.06,1.0312350735087537,53.90006720728585,-0.11228602805013714,-0.0010795175849581456,0.9999898811610349,1.0000017913277972
-0.06,1.0312350735087537,54.39925874169825,-0.11121981944504021,-0.0010564471731979116,0.9999902445811697,1.0000017340752865
-0.06,1.0312350735087537,54.90307350203484,-0.11016680584712554,-0.0010337259211148414,0.9999905965340061,1.0000016785670567
-0.06,1.0312350735087537,55.41155430596479,-0.10912696983453225,-0.0010113503307668179,0.9999909373479119,1.0000016247493313
-0.06,1.0312350735087537,55.924744367709856,-0.10810029283302881,-0.0009893169546942014,0.9999912673417697,1.0000015725700706
-0.06,1.0312350735087537,56.442687301717264,-0.10708675507959903,-0.0009676223945152648,0.999991586825287,1.000001521978919
-0.06,1.0312350735087537,56.96542712636624,-0.10608633558584432,-0.0009462632995159068,0.9999918960993003,1.000001472927145
-0.06,1.0312350735087537,57.493008267708944,-0.10509901210127849,-0.0009252363652348872,0.9999921954560642,1.0000014253675904
-0.06,1.0312350735087537,58.02547556324627,-0.10412476107659956,-0.0009045383320459606,0.9999924851795328,1.000001379254617
-0.06,1.0312350735087537,58.562874265738245,-0.10316355762703096,-0.000884165983738394,0.9999927655456281,1.000001334544057
-0.06,1.0312350735087537,59.10525004705015,-0.10221537549582829,-0.0008641161460972514,0.9999930368225034,1.0000012911931637
-0.06,1.0312350735087537,59.65264900203377,-0.10128018701805377,-0.0008443856854850123,0.999993299270791,1.0000012491605654
-0.06,1.0312350735087537,60.2051176524451,-0.10035796308471863,-0.0008249715074259288,0.9999935531438439,1.0000012084062178
-0.06,1.0312350735087537,60.76270295089797,-0.09944867310739793,-0.0008058705551946263,0.9999937986879723,1.0000011688913621
-0.06,1.0312350735087537,61.325452284854336,-0.09855228498341746,-0.0007870798084102807,0.999994036142663,1.000001130578481
-0.06,1.0312350735087537,61.89341348065174,-0.09766876506171124,-0.0007685962816377546,0.9999942657408002,1.0000010934312569
-0.06,1.0312350735087537,62.466634807567864,-0.09679807810944319,-0.0007504170229968737,0.9999944877088701,1.0000010574145348
-0.06,1.0312350735087537,63.0451649819227,-0.09594018727948139,-0.0007325391127810567,0.9999947022671631,1.0000010224942804
-0.06,1.0312350735087537,63.629053171218956,-0.09509505407880571,-0.000714959662086297,0.9999949096299674,1.0000009886375436
-0.06,1.0312350735087537,64.21834899832058,-0.09426263833792518,-0.0006976758114514825,0.9999951100057543,1.000000955812423
-0.06,1.0312350735087537,64.81310254566993,-0.09344289818137107,-0.0006806847295108809,0.9999953035973572,1.0000009239880308
-0.06,1.0312350735087537,65.4133643595444,-0.09263578999932504,-0.0006639836116595318,0.9999954906021453,1.0000008931344586
-0.06,1.0312350735087537,66.01918545435197,-0.09184126842043625,-0.0006475696787322201,0.9999956712121895,1.0000008632227455
-0.06,1.0312350735087537,66.63061731696679,-0.09105928628586983,-0.0006314401756965804,0.9999958456144219,1.0000008342248434
-0.06,1.0312350735087537,67.24771191110499,-0.09028979462462669,-0.0006155923703608557,0.9999960139907915,1.0000008061135925
-0.06,1.0312350735087537,67.87052168174088,-0.08953274263016475,-0.0006000235520967396,0.9999961765184102,1.0000007788626846
-0.06,1.0312350735087537,68.49909955956402,-0.08878807763835109,-0.0005847310305777446,0.9999963333696991,1.0000007524466394
-0.06,1.0312350735087537,69.13349896547759,-0.08805574510676444,-0.000569712134533448,0.9999964847125246,1.0000007268407753
-0.06,1.0312350735087537,69.77377381513884,-0.08733568859536985,-0.0005549642105200363,0.9999966307103287,1.0000007020211816
-0.06,1.0312350735087537,70.41997852354069,-0.08662784974858205,-0.0005404846217075759,0.999996771522262,1.0000006779646953
-0.06,1.0312350735087537,71.0721680096366,-0.08593216827873484,-0.0005262707466843866,0.9999969073033015,1.0000006546488718
-0.06,1.0312350735087537,71.73039770100793,-0.0852485819509712,-0.0005123199782790708,0.999997038204374,1.0000006320519657
-0.06,1.0312350735087537,72.39472353857458,-0.08457702656957472,-0.0004986297224007647,0.9999971643724641,1.0000006101529035
-0.06,1.0312350735087537,73.06520198134909,-0.08391743596576134,-0.00048519739689819566,0.9999972859507298,1.000000588931263
-0.06,1.0312350735087537,73.74189001123509,-0.08326974198695387,-0.0004720204304383326,0.9999974030786045,1.0000005683672508
-0.06,1.0312350735087537,74.42484513786997,-0.0826338744875678,-0.0004590962614054289,0.9999975158919018,1.0000005484416812
-0.06,1.0312350735087537,75.11412540351232,-0.0820097613213384,-0.0004464223368214124,0.9999976245229103,1.000000529135955
-0.06,1.0312350735087537,75.80978938797494,-0.08139732833522516,-0.00043399611128864407,0.9999977291004902,1.0000005104320422
-0.06,1.0312350735087537,76.51189621360336,-0.08079649936493494,-0.00042181504595620745,0.9999978297501648,1.0000004923124592
-0.06,1.0312350735087537,77.22050555030022,-0.08020719623210879,-0.0004098766075109909,0.9999979265942063,1.0000004747602544
-0.06,1.0312350735087537,77.93567762059672,-0.07962933874322221,-0.0003981782671948877,0.9999980197517213,1.000000457758986
-0.06,1.0312350735087537,78.65747320477065,-0.0790628446902552,-0.0003867174998495938,0.9999981093387325,1.0000004412927095
-0.06,1.0312350735087537,79.38595364601184,-0.07850762985318853,-0.00037549178299050657,0.9999981954682561,1.0000004253459565
-0.06,1.0312350735087537,80.12118085563553,-0.07796360800438991,-0.0003644985959113284,0.9999982782503792,1.0000004099037225
-0.06,1.0312350735087537,80.86321731834431,-0.07743069091495317,-0.00035373541882101583,0.9999983577923303,1.0000003949514487
-0.06,1.0312350735087537,81.61212609753805,-0.07690878836305787,-0.00034319973201480416,0.9999984341985512,1.0000003804750068
-0.06,1.0312350735087537,82.36797084067375,-0.07639780814441453,-0.0003328890150809608,0.9999985075707647,1.0000003664606885
-0.06,1.0312350735087537,83.13081578467474,-0.07589765608486375,-0.00032280074614504656,0.9999985780080395,1.0000003528951855
-0.06,1.0312350735087537,83.90072576138992,-0.0754082360551939,-0.0003129324011533876,0.9999986456068536,1.0000003397655808
-0.06,1.0312350735087537,84.67776620310352,-0.0749294499882406,-0.0003032814531974405,0.999998710461156,1.0000003270593332
-0.06,1.0312350735087537,85.46200314809617,-0.07446119789832739,-0.0002938453718806908,0.9999987726624244,1.0000003147642655
-0.06,1.0312350735087537,86.25350324625728,-0.07400337790310427,-0.00028462162272973576,0.9999988322997218,1.0000003028685522
-0.06,1.0312350735087537,87.05233376474918,-0.07355588624783364,-0.0002756076666509745,0.9999988894597541,1.0000002913607084
-0.06,1.0312350735087537,87.85856259372419,-0.07311861733216737,-0.00026680095943444875,0.9999989442269209,1.0000002802295769
-0.06,1.0312350735087537,88.67225825209441,-0.07269146373945307,-0.0002581989513061041,0.9999989966833674,1.0000002694643184
-0.06,1.0312350735087537,89.49348989335462,-0.07227431626859974,-0.0002497990865297464,0.999999046909035,1.0000002590544017
-0.06,1.0312350735087537,90.32232731145982,-0.07186706396852233,-0.00024159880305977052,0.9999990949817106,1.0000002489895907
-0.06,1.0312350735087537,91.15884094675663,-0.07146959417518052,-0.00023359553224571009,0.99999914097707,1.0000002392599394
-0.06,1.0312350735087537,92.0031018919696,-0.07108179255121362,-0.0002257866985894371,0.999999184968727,1.0000002298557773
-0.06,1.0312350735087537,92.85518189824359,-0.07070354312816723,-0.00021816971955574704,0.9999992270282768,1.0000002207677023
-0.06,1.0312350735087537,93.71515338124135,-0.0703347283512966,-0.00021074200543695222,0.9999992672253377,1.0000002119865747
-0.06,1.0312350735087537,94.58308942729796,-0.06997522912692257,-0.0002035009592719208,0.9999993056275943,1.0000002035035045
-0.06,1.0312350735087537,95.45906379963219,-0.0696249248723061,-0.000196443976819901,0.9999993423008348,1.0000001953098443
-0.06,1.0312350735087537,96.34315094461576,-0.0692836935679997,-0.00018956844658930873,0.9999993773089977,1.0000001873971844
-0.06,1.0312350735087537,97.23542599809973,-0.0689514118126235,-0.00018287174992154598,0.9999994107142025,1.0000001797573412
-0.06,1.0312350735087537,98.13596479180039,-0.06862795488000605,-0.00017635126112978416,0.9999994425767919,1.0000001723823533
-0.06,1.0312350735087537,99.04484385974408,-0.0683131967786225,-0.00017000434769246672,0.999999472955367,1.000000165264472
-0.06,1.0312350735087537,99.96214044477135,-0.06800701031325372,-0.00016382837050126766,0.9999995019068233,1.0000001583961557
-0.06,1.0312350735087537,100.88793250510167,-0.06770926714878378,-0.00015782068416302688,0.9999995294863874,1.0000001517700643
-0.06,1.0312350735087537,101.82229872095873,-0.0674198378760469,-0.00015197863735509008,0.9999995557476483,1.0000001453790504
-0.06,1.0312350735087537,102.76531850125772,-0.06713859207962761,-0.0001462995732334193,0.9999995807425952,1.0000001392161564
-0.06,1.0312350735087537,103.71707199035326,-0.06686539840751476,-0.00014078082989267128,0.9999996045216457,1.0000001332746071
-0.06,1.0312350735087537,104.67764007485148,-0.0666001246425017,-0.00013541974087736143,0.9999996271336828,1.000000127547804
-0.06,1.0312350735087537,105.64710439048359,-0.06634263777522445,-0.00013021363574314444,0.9999996486260831,1.0000001220293204
-0.06,1.0312350735087537,106.62554732904427,-0.06609280407872278,-0.00012515984066710812,0.9999996690447511,1.0000001167128971
-0.06,1.0312350735087537,107.61305204539366,-0.06585048918440697,-0.00012025567910593692,0.9999996884341478,1.0000001115924355
-0.06,1.0312350735087537,108.60970246452491,-0.06561555815931071,-0.00011549847250061247,0.999999706837322,1.0000001066619946
-0.06,1.0312350735087537,109.61558328869602,-0.06538787558450643,-0.00011088554102636396,0.9999997242959404,1.0000001019157867
-0.06,1.0312350735087537,110.63078000462876,-0.06516730563455957,-0.00010641420438632505,0.999999740850316,1.0000000973481724
-0.06,1.0312350735087537,111.65537889077429,-0.06495371215789335,-0.00010208178264741709,0.9999997565394385,1.0000000929536543
-0.06,1.0312350735087537,112.68946702464496,-0.06474695875793796,-9.788559711674846e-05,0.9999997714010024,1.000000088726878
-0.06,1.0312350735087537,113.73313229021528,-0.06454690887493311,-9.382297125683619e-05,0.9999997854714346,1.0000000846626236
-0.06,1.0312350735087537,114.78646338539066,-0.06435342586825485,-8.989123163778726e-05,0.9999997987859244,1.0000000807558047
-0.06,1.0312350735087537,115.84954982954602,-0.0641663730991344,-8.608770892451304e-05,0.9999998113784481,1.000000077001464
-0.06,1.0312350735087537,116.92248197113297,-0.0639856140136382,-8.240973889696014e-05,0.9999998232817998,1.0000000733947692
-0.06,1.0312350735087537,118.00535099535914,-0.06381101222577598,-7.88546635012129e-05,0.9999998345276168,1.0000000699310116
-0.06,1.0312350735087537,119.09824893193696,-0.06364243160060432,-7.54198319292696e-05,0.9999998451464058,1.0000000666056006
-0.06,1.0312350735087537,120.2012686629055,-0.06347973633719284,-7.210260172515912e-05,0.9999998551675713,1.0000000634140644
-0.06,1.0312350735087537,121.31450393052383,-0.0633227910513191,-6.890033991498054e-05,0.9999998646194402,1.0000000603520414
-0.06,1.0312350735087537,122.43804934523853,-0.06317146085775925,-6.581042415838429e-05,0.999999873529288,1.0000000574152834
-0.06,1.0312350735087537,123.5720003937234,-0.0630256114520411,-6.283024391886614e-05,0.9999998819233675,1.0000000545996508
-0.06,1.0312350735087537,124.7164534469956,-0.06288510919152553,-5.995720165020262e-05,0.9999998898269306,1.000000051901107
-0.06,1.0312350735087537,125.87150576860506,-0.06274982117568396,-5.718871399624219e-05,0.9999998972642553,1.0000000493157222
-0.06,1.0312350735087537,127.03725552290106,-0.06261961532543872,-5.452221300122423e-05,0.9999999042586716,1.000000046839664
-0.06,1.0312350735087537,128.21380178337475,-0.06249436046143425,-5.195514732766379e-05,0.999999910832585,1.0000000444692023
-0.06,1.0312350735087537,129.40124454107954,-0.062373926381107614,-4.9484983478838674e-05,0.9999999170075017,1.0000000422007007
-0.06,1.0312350735087537,130.59968471312828,-0.062258183934428224,-4.71092070227947e-05,0.9999999228040547,1.0000000400306193
-0.06,1.0312350735087537,131.8092241512703,-0.06214700509817768,-4.482532381481021e-05,0.9999999282420254,1.0000000379555094
-0.06,1.0312350735087537,133.02996565054787,-0.06204026304864128,-4.2630861215110595e-05,0.9999999333403687,1.000000035972014
-0.06,1.0312350735087537,134.26201295803162,-0.061937832232586816,-4.052336929872029e-05,0.9999999381172382,1.0000000340768649
-0.06,1.0312350735087537,135.5054707816382,-0.061839588436405774,-3.8500422054226116e-05,0.9999999425900056,1.00000003226688
-0.06,1.0312350735087537,136.76044479902887,-0.061745408853296935,-3.6559618568248604e-05,0.9999999467752897,1.000000030538964
-0.06,1.0312350735087537,138.02704166659132,-0.061655172148373946,-3.469858419245479e-05,0.9999999506889748,1.0000000288901036
-0.06,1.0312350735087537,139.30536902850287,-0.06156875852158217,-3.291497168991376e-05,0.9999999543462348,1.0000000273173693
-0.06,1.0312350735087537,140.5955355258802,-0.0614860497683145,-3.120646235766949e-05,0.9999999577615569,1.000000025817911
-0.06,1.0312350735087537,141.8976508060113,-0.06140692933761894,-2.9570767122447877e-05,0.9999999609487615,1.0000000243889573
-0.06,1.0312350735087537,143.21182553167466,-0.06133128238789699,-2.800562760645446e-05,0.9999999639210267,1.000000023027816
-0.06,1.0312350735087537,144.53817139054382,-0.06125899583999552,-2.6508817160330356e-05,0.9999999666909063,1.00000002173187
-0.06,1.0312350735087537,145.87680110468003,-0.0611899584276017,-2.5078141860398434e-05,0.9999999692703536,1.0000000204985766
-0.06,1.0312350735087537,147.22782844011104,-0.06112406074485587,-2.3711441467448664e-05,0.9999999716707433,1.0000000193254672
-0.06,1.0312350735087537,148.59136821650102,-0.061061195291104084,-2.2406590344439483e-05,0.9999999739028886,1.0000000182101447
-0.06,1.0312350735087537,149.9675363169076,-0.06100125651271913,-2.1161498330595867e-05,0.9999999759770641,1.000000017150283
-0.06,1.0312350735087537,151.35644969763095,-0.06094414084192568,-1.9974111569563598e-05,0.9999999779030252,1.0000000161436255
-0.06,1.0312350735087537,152.75822639815343,-0.06088974673257337,-1.8842413289424497e-05,0.9999999796900272,1.000000015187984
-0.06,1.0312350735087537,154.17298555117182,-0.06083797469280976,-1.7764424532510625e-05,0.9999999813468432,1.0000000142812364
-0.06,1.0312350735087537,155.60084739272125,-0.06078872731461282,-1.6738204833212635e-05,0.9999999828817857,1.0000000134213276
-0.06,1.0312350735087537,157.0419332723941,-0.060741909300151775,-1.576185284206162e-05,0.9999999843027241,1.000000012606266
-0.06,1.0312350735087537,158.4963656636536,-0.06069742748495357,-1.4833506894649546e-05,0.9999999856170986,1.0000000118341232
-0.06,1.0312350735087537,159.96426817424148,-0.06065519085786182,-1.3951345524098893e-05,0.9999999868319449,1.0000000111030336
-0.06,1.0312350735087537,161.44576555668382,-0.06061511057778301,-1.3113587916019063e-05,0.9999999879539057,1.0000000104111924
-0.06,1.0312350735087537,162.94098371889282,-0.06057709998722496,-1.2318494305079253e-05,0.9999999889892497,1.0000000097568538
-0.06,1.0312350735087537,164.4500497348682,-0.06054107462264126,-1.1564366312585565e-05,0.9999999899438878,1.000000009138332
-0.06,1.0312350735087537,165.97309185549548,-0.0605069522216045,-1.084954722459621e-05,0.9999999908233885,1.0000000085539968
-0.06,1.0312350735087537,167.5102395194472,-0.06047465272684014,-1.0172422210386951e-05,0.999999991632994,1.0000000080022755
-0.06,1.0312350735087537,169.06162336418203,-0.060444098287161754,-9.531418481251709e-06,0.9999999923776343,1.0000000074816502
-0.06,1.0312350735087537,170.6273752370482,-0.06041521325535715,-8.925005389858776e-06,0.9999999930619433,1.0000000069906567
-0.06,1.0312350735087537,172.20762820648835,-0.06038792418308322,-8.351694470573311e-06,0.9999999936902711,1.0000000065278833
-0.06,1.0312350735087537,173.80251657334924,-0.06036215981283511,-7.810039421359992e-06,0.9999999942666995,1.0000000060919711
-0.06,1.0312350735087537,175.41217588229446,-0.06033785106706415,-7.298636028108686e-06,0.9999999947950541,1.0000000056816105
-0.06,1.0312350735087537,177.0367429333253,-0.06031493103452521,-6.81612203235756e-06,0.999999995278918,1.0000000052955416
-0.06,1.0312350735087537,178.67635579340572,-0.060293334953942034,-6.361176943633022e-06,0.9999999957216432,1.0000000049325526
-0.06,1.0312350735087537,180.33115380819694,-0.060273000195084726,-5.9325217977427316e-06,0.9999999961263641,1.0000000045914785
-0.06,1.0312350735087537,182.00127761389967,-0.060253866237361016,-5.528918862570963e-06,0.9999999964960069,1.0000000042712005
-0.06,1.0312350735087537,183.68686914920713,-0.06023587464602683,-5.149171293039808e-06,0.9999999968333031,1.0000000039706447
-0.06,1.0312350735087537,185.38807166736675,-0.06021896904612836,-4.792122737062786e-06,0.9999999971407989,1.0000000036887802
-0.06,1.0312350735087537,187.10502974835543,-0.0602030950942905,-4.456656894442657e-06,0.9999999974208658,1.0000000034246188
-0.06,1.0312350735087537,188.83788931116757,-0.06018820044847245,-4.1416970307844585e-06,0.9999999976757095,1.0000000031772136
-0.06,1.0312350735087537,190.58679762621514,-0.0601742347358128,-3.846205448593697e-06,0.999999997907382,1.0000000029456582
-0.06,1.0312350735087537,192.35190332784438,-0.06016114951869011,-3.5691829178412048e-06,0.9999999981177875,1.000000002729084
-0.06,1.0312350735087537,194.13335642696757,-0.06014889825912717,-3.309668068326531e-06,0.9999999983086935,1.000000002526662
-0.06,1.0312350735087537,195.93130832381254,-0.06013743628166827,-3.066736746283323e-06,0.9999999984817382,1.0000000023375986
-0.06,1.0312350735087537,197.74591182078862,-0.06012672073486008,-2.8395013376700486e-06,0.9999999986384375,1.000000002161137
-0.06,1.0312350735087537,199.5773211354742,-0.060116710551467153,-2.6271100606906976e-06,0.9999999987801954,1.0000000019965545
-0.06,1.0312350735087537,201.42569191372198,-0.060107366407552966,-2.428746230069694e-06,0.9999999989083066,1.0000000018431614
-0.06,1.0312350735087537,203.29118124288746,-0.06009865068055661,-2.243627495651528e-06,0.999999999023969,1.0000000017003017
-0.06,1.0312350735087537,205.1739476651793,-0.060090527406494634,-2.0710050579017443e-06,0.999999999128285,1.000000001567349
-0.06,1.0312350735087537,207.07415119113296,-0.0600829622364147,-1.910162862855781e-06,0.999999999222271,1.0000000014437085
-0.06,1.0312350735087537,208.99195331321022,-0.060075922392227254,-1.760416779081935e-06,0.9999999993068628,1.0000000013288146
-0.06,1.0312350735087537,210.92751701952352,-0.06006937662203719,-1.6211137591580806e-06,0.9999999993829191,1.0000000012221293
-0.06,1.0312350735087537,212.88100680768738,-0.06006329515509579,-1.4916309881656744e-06,0.999999999451229,1.000000001123142
-0.06,1.0312350735087537,214.8525886987991,-0.0600576496564892,-1.371375021606738e-06,0.9999999995125165,1.0000000010313683
-0.06,1.0312350735087537,216.84243025154836,-0.06005241318167643,-1.2597809151703812e-06,0.9999999995674453,1.0000000009463499
-0.06,1.0312350735087537,218.85070057645706,-0.060047560130984945,-1.1563113486118845e-06,0.9999999996166212,1.0000000008676513
-0.06,1.0312350735087537,220.87757035025237,-0.06004306620416916,-1.0604557460360212e-06,0.9999999996605995,1.000000000794861
-0.06,1.0312350735087537,222.92321183037146,-0.06003890835513128,-9.717293947306492e-07,0.9999999996998855,1.00000000072759
-0.06,1.0312350735087537,224.9877988696007,-0.060035064746899354,-8.896725646396988e-07,0.9999999997349418,1.0000000006654703
-0.06,1.0312350735087537,227.07150693085165,-0.06003151470695369,-8.138496304787074e-07,0.999999999766189,1.0000000006081549
-0.06,1.0312350735087537,229.17451310207272,-0.06002823868298538,-7.438481983965812e-07,0.9999999997940084,1.0000000005553162
-0.06,1.0312350735087537,231.29699611129922,-0.06002521819916837,-6.79278238988347e-07,0.9999999998187498,1.0000000005066454
-0.06,1.0312350735087537,233.4391363418438,-0.06002243581301829,-6.197712283688212e-07,0.9999999998407268,1.000000000461852
-0.06,1.0312350735087537,235.60111584762504,-0.060019875072908624,-5.649792989062876e-07,0.9999999998602273,1.0000000004206622
-0.06,1.0312350735087537,237.78311836864148,-0.06001752047630671,-5.145744011326595e-07,0.9999999998775083,1.0000000003828189
-0.06,1.0312350735087537,239.98532934658564,-0.060015357428789814,-4.682474782040624e-07,0.9999999998928059,1.000000000348081
-0.06,1.0312350735087537,242.20793594060487,-0.06001337220389292,-4.25707654216842e-07,0.9999999999063306,1.000000000316221
-0.06,1.0312350735087537,244.4511270432073,-0.06001155190383713,-3.866814375536272e-07,0.9999999999182733,1.0000000002870268
-0.06,1.0312350735087537,246.71509329631496,-0.06000988442118121,-3.5091194033664494e-07,0.9999999999288063,1.0000000002602998
-0.06,1.0312350735087537,249.00002710746668,-0.060008358401433634,-3.181581149620393e-07,0.9999999999380843,1.0000000002358527
-0.06,1.0312350735087537,251.3061226661696,-0.06000696320665835,-2.88194008582074e-07,0.9999999999462457,1.0000000002135119
-0.06,1.0312350735087537,253.6335759604023,-0.060005688880101264,-2.6080803629891807e-07,0.9999999999534165,1.0000000001931146
-0.06,1.0312350735087537,255.98258479327197,-0.06000452611186168,-2.3580227374014524e-07,0.9999999999597076,1.0000000001745093
-0.06,1.0312350735087537,258.3533487998248,-0.06000346620562611,-2.1299176958857851e-07,0.9999999999652193,1.0000000001575535
-0.06,1.0312350735087537,260.7460694640121,-0.06000250104647929,-1.9220387853800941e-07,0.9999999999700417,1.000000000142116
-0.06,1.0312350735087537,263.1609501358149,-0.060001623069803084,-1.7327761506400623e-07,0.9999999999742544,1.0000000001280744
-0.06,1.0312350735087537,265.59819604852424,-0.06000082523126795,-1.5606302830975347e-07,0.9999999999779289,1.000000000115314
-0.06,1.0312350735087537,268.0580143361851,-0.06000010097792099,-1.4042059830460063e-07,0.9999999999811287,1.0000000001037292
-0.06,1.0312350735087537,270.5406140511989,-0.05999944422036822,-1.2622065364838915e-07,0.9999999999839104,1.0000000000932212
-0.06,1.0312350735087537,273.0462061820903,-0.05999884930604748,-1.1334281073064305e-07,0.9999999999863243,1.0000000000836997
-0.06,1.0312350735087537,275.57500367143905,-0.059998310993583666,-1.0167543446741764e-07,0.9999999999884147,1.0000000000750802
-0.06,1.0312350735087537,278.1272214339776,-0.05999782442821683,-9.111512049210611e-08,0.9999999999902222,1.0000000000672844
-0.06,1.0312350735087537,280.7030763748543,-0.05999738511828915,-8.1566198645801e-08,0.9999999999917809,1.0000000000602407
-0.06,1.0312350735087537,283.30278740807006,-0.059996988912775794,-7.294025759152082e-08,0.9999999999931221,1.000000000053883
-0.06,1.0312350735087537,285.9265754750807,-0.05999663197984197,-6.515569028653554e-08,0.9999999999942735,1.000000000048149
-0.06,1.0312350735087537,288.57466356357577,-0.05999631078640628,-5.813726002600076e-08,0.9999999999952587,1.0000000000429834
-0.06,1.0312350735087537,291.24727672642865,-0.05999602207868875,-5.1815686703625536e-08,0.9999999999961,1.0000000000383338
-0.06,1.0312350735087537,293.94464210082356,-0.0599957628637208,-4.6127252919694287e-08,0.9999999999968149,1.0000000000341525
-0.06,1.0312350735087537,296.6669889275594,-0.05999553039179248,-4.101342949464199e-08,0.9999999999974208,1.0000000000303961
-0.06,1.0312350735087537,299.4145485705322,-0.05999532213981106,-3.6420519958116906e-08,0.9999999999979329,1.0000000000270248
-0.06,1.0312350735087537,302.18755453639716,-0.05999513579554446,-3.229932351569254e-08,0.9999999999983626,1.000000000024002
-0.06,1.0312350735087537,304.9862424944146,-0.059994969242722226,-2.8604815991513902e-08,0.999999999998722,1.0000000000212932
-0.06,1.0312350735087537,307.81085029647846,-0.059994820546964894,-2.529584821623802e-08,0.999999999999021,1.0000000000188687
-0.06,1.0312350735087537,310.6616179973303,-0.059994687942514134,-2.2334861317701167e-08,0.9999999999992675,1.0000000000167004
-0.06,1.0312350735087537,313.5387878749621,-0.05999456981973352,-1.9687618355345477e-08,0.9999999999994703,1.0000000000147633
-0.06,1.0312350735087537,316.44260445120455,-0.059994464713351174,-1.7322951714816243e-08,0.9999999999996347,1.000000000013034
-0.06,1.0312350735087537,319.3733145125105,-0.0599943712914145,-1.5212525701938317e-08,0.9999999999997675,1.0000000000114913
-0.06,1.0312350735087537,322.3311671309267,-0.05999428834492752,-1.3330613731063929e-08,0.9999999999998735,1.0000000000101166
-0.06,1.0312350735087537,325.31641368526283,-0.05999421477814175,-1.1653889538176757e-08,0.999999999999957,1.0000000000088924
-0.06,1.0312350735087537,328.32930788245454,-0.05999414959947107,-1.016123181269719e-08,1.0000000000000218,1.0000000000078029
-0.06,1.0312350735087537,331.37010577912685,-0.05999409191300228,-8.833541676078778e-09,1.0000000000000715,1.0000000000068343
-0.06,1.0312350735087537,334.4390658033531,-0.05999404091057261,-7.653572415313427e-09,1.0000000000001088,1.000000000005974
-0.06,1.0312350735087537,337.53644877662083,-0.05999399586438651,-6.605770900573594e-09,1.0000000000001363,1.0000000000052103
-0.06,1.0312350735087537,340.66251793599554,-0.059993956120144305,-5.676130115385572e-09,1.0000000000001563,1.0000000000045328
-0.06,1.0312350735087537,343.81753895649405,-0.05999392109065622,-4.852052241888434e-09,1.0000000000001708,1.0000000000039326
-0.06,1.0312350735087537,347.00177997366285,-0.05999389024991548,-4.12222175097461e-09,1.0000000000001807,1.0000000000034006
-0.06,1.0312350735087537,350.2155116063659,-0.059993863127605546,-3.476487964469074e-09,1.0000000000001883,1.0000000000029305
-0.06,1.0312350735087537,353.4590069797847,-0.05999383930401647,-2.9057565631161305e-09,1.0000000000001945,1.0000000000025149
-0.06,1.0312350735087537,356.73254174862967,-0.0599938184053473,-2.401889530577125e-09,1.0000000000002,1.0000000000021483
-0.06,1.0312350735087537,360.0363941205664,-0.059993800099371046,-1.9576130486973026e-09,1.0000000000002056,1.000000000001824
-0.06,1.0312350735087537,363.37084487986095,-0.05999378409144035,-1.5664328502933786e-09,1.0000000000002125,1.0000000000015392
-0.06,1.0312350735087537,366.73617741124224,-0.05999377012081275,-1.2225565823635861e-09,1.0000000000002207,1.000000000001288
-0.06,1.0312350735087537,370.13267772398575,-0.059993757957274935,-9.208227313306853e-10,1.0000000000002311,1.000000000001068
-0.06,1.0312350735087537,373.5606344762222,-0.059993747398046915,-6.566356714100679e-10,1.000000000000244,1.0000000000008749
-0.06,1.0312350735087537,377.02033899946696,-0.059993738264946805,-4.259064467169496e-10,1.0000000000002596,1.0000000000007059
-0.06,1.0312350735087537,380.5120853233824,-0.05999373040179924,-2.2499887174534332e-10,1.000000000000278,1.0000000000005584
-0.06,1.0312350735087537,384.03617020076405,-0.05999372367206997,-5.068059047628465e-11,1.0000000000002989,1.0000000000004303
-0.06,1.0312350735087537,387.5928931327621,-0.059993717956710865,9.992126818699318e-11,1.0000000000003229,1.0000000000003189
-0.06,1.0312350735087537,391.18255639433437,-0.05999371315219993,2.293601843225329e-10,1.0000000000003495,1.000000000000223
-0.06,1.0312350735087537,394.8054650599374,-0.05999370916876209,3.399064045853587e-10,1.0000000000003795,1.0000000000001408
-0.06,1.0312350735087537,398.4619270294508,-0.0599937059287569,4.335794724344528e-10,1.0000000000004114,1.0000000000000706
-0.06,1.0312350735087537,402.15225305434814,-0.05999370336522076,5.121774327011796e-10,1.0000000000004463,1.000000000000011
-0.06,1.0312350735087537,405.87675676410373,-0.05999370142055106,5.773029607670143e-10,1.0000000000004832,0.9999999999999618
-0.06,1.0312350735087537,409.6357546928489,-0.05999370004532118,6.303866919050821e-10,1.0000000000005222,0.9999999999999207
-0.06,1.0312350735087537,413.4295663062725,-0.05999369919721589,6.727079880210499e-10,1.0000000000005638,0.9999999999998875
-0.06,1.0312350735087537,417.25851402877123,-0.05999369884007657,7.054133561566667e-10,1.0000000000006064,0.9999999999998613
-0.06,1.0312350735087537,421.12292327085265,-0.05999369894304755,7.295327654064761e-10,1.00000000000065,0.9999999999998415
-0.06,1.0312350735087537,425.02312245678996,-0.05999369947981485,7.459940015830212e-10,1.0000000000006946,0.9999999999998267
-0.06,1.0312350735087537,428.95944305253283,-0.059993700427928634,7.55635313283334e-10,1.0000000000007405,0.9999999999998174
-0.06,1.0312350735087537,432.9322195938791,-0.05999370176820242,7.592164618650873e-10,1.0000000000007863,0.999999999999812
-0.06,1.0312350735087537,436.9417897149054,-0.05999370348418219,7.57428368568453e-10,1.0000000000008327,0.9999999999998113
-0.06,1.0312350735087537,440.98849417666133,-0.059993705561678205,7.509014944386966e-10,1.0000000000008784,0.9999999999998135
-0.06,1.0312350735087537,445.0726768961314,-0.05999370798835426,7.402130894378573e-10,1.0000000000009241,0.9999999999998184
-0.06,1.0312350735087537,449.19468497546023,-0.05999371075336869,7.258934347553951e-10,1.0000000000009688,0.9999999999998265
-0.06,1.0312350735087537,453.3548687314555,-0.05999371384706176,7.08431196502045e-10,1.0000000000010119,0.9999999999998372
-0.06,1.0312350735087537,457.55358172535705,-0.0599937172606852,6.882779919386654e-10,1.0000000000010547,0.9999999999998499
-0.06,1.0312350735087537,461.7911807928867,-0.059993720986169154,6.658522656026336e-10,1.000000000001095,0.9999999999998642
-0.06,1.0312350735087537,466.0680260745743,-0.0599937250159231,6.415425645213065e-10,1.0000000000011333,0.9999999999998799
-0.06,1.0312350735087537,470.3844810463644,-0.05999372934266677,6.157102870519959e-10,1.00000000000117,0.9999999999998972
-0.06,1.0312350735087537,474.7409125505084,-0.05999373395928788,5.886919820892026e-10,1.0000000000012044,0.9999999999999157
-0.06,1.0312350735087537,479.1376908267404,-0.059993738858723854,5.608012594345743e-10,1.0000000000012361,0.9999999999999347
-0.06,1.0312350735087537,483.57518954374194,-0.059993744033864774,5.323303715131969e-10,1.0000000000012652,0.9999999999999543
-0.06,1.0312350735087537,488.0537858309,-0.05999374947747495,5.035515168922218e-10,1.0000000000012914,0.9999999999999741
-0.06,1.0312350735087537,492.5738603103579,-0.05999375518213084,4.747179130722948e-10,1.0000000000013147,0.9999999999999943
-0.06,1.0312350735087537,497.1357971293627,-0.059993761140173914,4.460646777609638e-10,1.0000000000013347,1.0000000000000147
-0.06,1.0312350735087537,501.7399839929145,-0.059993767343675695,4.1780955637497737e-10,1.0000000000013518,1.0000000000000346
-0.06,1.0312350735087537,506.3868121967132,-0.05999377378441415,3.9015352628326746e-10,1.0000000000013656,1.0000000000000548
-0.06,1.0312350735087537,511.0766766604169,-0.05999378045385959,3.6328130636273667e-10,1.000000000001376,1.0000000000000744
-0.06,1.0312350735087537,515.809975961202,-0.059993787343168875,3.3736179332506384e-10,1.000000000001383,1.0000000000000933
-0.06,1.0312350735087537,520.5871123676386,-0.05999379444318673,3.125484497363226e-10,1.0000000000013867,1.000000000000112
-0.06,1.0312350735087537,525.4084918738774,-0.05999380174445302,2.889796534109849e-10,1.0000000000013871,1.0000000000001301
-0.06,1.0312350735087537,530.2745242341559,-0.0599938092372154,2.667790346140804e-10,1.0000000000013844,1.0000000000001474
-0.06,1.0312350735087537,535.1856229976182,-0.059993816911446105,2.460557953851448e-10,1.0000000000013778,1.0000000000001632
-0.06,1.0312350735087537,540.1422055434659,-0.05999382475686226,2.2690504479869872e-10,1.0000000000013678,1.0000000000001783
-0.06,1.0312350735087537,545.1446931164259,-0.059993832762949485,2.0940813128734302e-10,1.0000000000013554,1.0000000000001923
-0.06,1.0312350735087537,550.1935108625528,-0.059993840918987566,1.936329990603122e-10,1.0000000000013396,1.0000000000002056
-0.06,1.0312350735087537,555.2890878653604,-0.05999384921407798,1.796345625589695e-10,1.000000000001321,1.000000000000217
-0.06,1.0312350735087537,560.4318571822878,-0.05999385763717314,1.6745510379860928e-10,1.0000000000013,1.000000000000228
-0.06,1.0312350735087537,565.6222558815047,-0.05999386617710647,1.5712469628111642e-10,1.0000000000012754,1.0000000000002374
-0.06,1.0312350735087537,570.8607250790558,-0.059993874822623375,1.4866165440334846e-10,1.0000000000012488,1.0000000000002458
-0.06,1.0312350735087537,576.1477099763489,-0.059993883562412455,1.4207300892319197e-10,1.00000000000122,1.0000000000002527
-0.06,1.0312350735087537,581.4836598979924,-0.059993892385137075,1.3735500886393237e-10,1.0000000000011886,1.0000000000002585
-0.06,1.0312350735087537,586.8690283299819,-0.05999390127946688,1.344936429227117e-10,1.0000000000011553,1.0000000000002627
-0.06,1.0312350735087537,592.3042729582397,-0.05999391023410897,1.334651873448272e-10,1.0000000000011204,1.0000000000002658
-0.06,1.0312350735087537,597.7898557075149,-0.059993919237838804,1.3423677432896273e-10,1.0000000000010838,1.0000000000002678
-0.06,1.0312350735087537,603.3262427806361,-0.05999392827953053,1.3676696765358306e-10,1.0000000000010454,1.0000000000002685
-0.06,1.0312350735087537,608.913904698138,-0.05999393734818673,1.4100636602476982e-10,1.0000000000010059,1.000000000000268
-0.06,1.0312350735087537,614.5533163382452,-0.059993946432967314,1.468982066234867e-10,1.0000000000009657,1.0000000000002662
-0.06,1.0312350735087537,620.2449569772324,-0.0599939555232176,1.5437897797221405e-10,1.0000000000009244,1.0000000000002633
-0.06,1.0312350735087537,625.9893103301563,-0.05999396460849561,1.6337904453714157e-10,1.000000000000882,1.0000000000002593
-0.06,1.0312350735087537,631.7868645919671,-0.05999397367859809,1.7382326296520967e-10,1.0000000000008398,1.0000000000002542
-0.06,1.0312350735087537,637.638112478994,-0.05999398272358592,1.856316017322956e-10,1.0000000000007971,1.0000000000002485
-0.06,1.0312350735087537,643.5435512708254,-0.05999399173380796,1.987197547070482e-10,1.0000000000007547,1.000000000000241
-0.06,1.0312350735087537,649.5036828525664,-0.05999400069992424,2.1299975137502154e-10,1.0000000000007119,1.000000000000233
-0.06,1.0312350735087537,655.5190137574945,-0.059994009612927626,2.283805483186565e-10,1.00000000000067,1.000000000000224
-0.06,1.0312350735087537,661.5900552101086,-0.05999401846416449,2.447686141375168e-10,1.000000000000628,1.0000000000002145
-0.06,1.0312350735087537,667.7173231695753,-0.05999402724535419,2.6206849872344333e-10,1.0000000000005869,1.0000000000002036
-0.06,1.0312350735087537,673.9013383735801,-0.05999403594860723,2.8018338114046774e-10,1.000000000000547,1.0000000000001927
-0.06,1.0312350735087537,680.1426263825831,-0.05999404456644228,2.9901560269383925e-10,1.0000000000005076,1.000000000000181
-0.06,1.0312350735087537,686.4417176244827,-0.05999405309180177,3.184671761465446e-10,1.0000000000004698,1.0000000000001683
-0.06,1.0312350735087537,692.7991474396972,-0.0599940615180666,3.38440272080345e-10,1.000000000000433,1.0000000000001554
-0.06,1.0312350735087537,699.215456126661,-0.05999406983906913,3.5883768246281507e-10,1.000000000000398,1.0000000000001419
-0.06,1.0312350735087537,705.6911889877423,-0.059994078049105184,3.7956325790620644e-10,1.0000000000003646,1.0000000000001283
-0.06,1.0312350735087537,712.2268963755895,-0.059994086142944734,4.005223194213618e-10,1.0000000000003324,1.000000000000114
-0.06,1.0312350735087537,718.8231337398989,-0.059994094115841425,4.2162204292548913e-10,1.0000000000003024,1.0000000000001
-0.06,1.0312350735087537,725.4804616746267,-0.05999410196354053,4.4277181553982715e-10,1.0000000000002747,1.000000000000085
-0.06,1.0312350735087537,732.1994459656265,-0.05999410968228598,4.6388356603826947e-10,1.0000000000002482,1.0000000000000706
-0.06,1.0312350735087537,738.9806576387373,-0.05999411726882601,4.848720651615619e-10,1.0000000000002245,1.000000000000056
-0.06,1.0312350735087537,745.8246730083114,-0.05999412472041757,5.056551995178134e-10,1.0000000000002023,1.000000000000041
-0.06,1.0312350735087537,752.7320737261965,-0.05999413203482955,5.261542164332712e-10,1.0000000000001827,1.000000000000026
-0.06,1.0312350735087537,759.7034468311634,-0.0599941392103447,5.462939421711588e-10,1.0000000000001659,1.0000000000000115
-0.06,1.0312350735087537,766.7393847988028,-0.05999414624576057,5.660029722102527e-10,1.0000000000001508,0.999999999999997
-0.06,1.0312350735087537,773.8404855918722,-0.059994153140389084,5.852138354488048e-10,1.0000000000001383,0.9999999999999828
-0.06,1.0312350735087537,781.0073527111184,-0.0599941598940549,6.038631322994718e-10,1.0000000000001277,0.9999999999999685
-0.06,1.0312350735087537,788.2405952465664,-0.05999416650709308,6.218916469292136e-10,1.00000000000012,0.9999999999999547
-0.06,1.0312350735087537,795.5408279292831,-0.059994172980345074,6.39244436435354e-10,1.0000000000001146,0.9999999999999414
-0.06,1.0312350735087537,802.9086711836236,-0.05999417931515393,6.558708942917691e-10,1.0000000000001112,0.9999999999999283
-0.06,1.0312350735087537,810.3447511799583,-0.0599941855133587,6.717247938072587e-10,1.0000000000001112,0.9999999999999156
-0.06,1.0312350735087537,817.8496998878867,-0.0599941915772872,6.867643090969582e-10,1.0000000000001121,0.9999999999999036
-0.06,1.0312350735087537,825.4241551299497,-0.05999419750974835,7.009520143624275e-10,1.000000000000116,0.9999999999998913
-0.06,1.0312350735087537,833.0687606358348,-0.059994203314023394,7.142548656754144e-10,1.0000000000001226,0.9999999999998798
-0.06,1.0312350735087537,840.7841660970844,-0.05999420899385603,7.266441625302563e-10,1.0000000000001308,0.9999999999998692
-0.06,1.0312350735087537,848.5710272223139,-0.05999421455344199,7.380954972020019e-10,1.0000000000001412,0.9999999999998591
-0.06,1.0312350735087537,856.4300057929329,-0.05999421999741737,7.48588679834417e-10,1.000000000000154,0.9999999999998493
-0.06,1.0312350735087537,864.3617697193946,-0.05999422533084666,7.581076590815008e-10,1.000000000000169,0.9999999999998406
-0.06,1.0312350735087537,872.3669930979535,-0.059994230559209494,7.66640419943575e-10,1.0000000000001852,0.9999999999998318
-0.06,1.0312350735087537,880.4463562679581,-0.059994235688387146,7.741788752949835e-10,1.0000000000002038,0.9999999999998241
-0.06,1.0312350735087537,888.6005458696701,-0.05999424072464794,7.807187452950235e-10,1.0000000000002247,0.9999999999998169
-0.06,1.0312350735087537,896.8302549026189,-0.05999424567463243,7.862594254556528e-10,1.0000000000002467,0.9999999999998106
-0.06,1.0312350735087537,905.1361827845002,-0.05999425054533765,7.908038453050858e-10,1.0000000000002705,0.9999999999998046
-0.06,1.0312350735087537,913.5190354106156,-0.05999425534410107,7.943583215029602e-10,1.0000000000002955,0.9999999999997993
-0.06,1.0312350735087537,921.9795252138629,-0.05999426007858392,7.969324035718485e-10,1.0000000000003224,0.9999999999997947
-0.06,1.0312350735087537,930.5183712252855,-0.05999426475675407,7.985387143673222e-10,1.0000000000003504,0.9999999999997906
-0.06,1.0312350735087537,939.1362991351807,-0.059994269386868665,7.991927828238209e-10,1.0000000000003797,0.9999999999997872
-0.06,1.0312350735087537,947.8340413547725,-0.059994273977456235,7.989128782154117e-10,1.0000000000004101,0.9999999999997847
-0.06,1.0312350735087537,956.6123370784595,-0.05999427853729844,7.977198355847713e-10,1.0000000000004416,0.9999999999997828
-0.06,1.0312350735087537,965.4719323466358,-0.05999428307541179,7.956368858719846e-10,1.000000000000474,0.9999999999997812
-0.06,1.0312350735087537,974.4135801090915,-0.059994287601029025,7.926894797297057e-10,1.0000000000005074,0.9999999999997807
-0.06,1.0312350735087537,983.4380402890077,-0.05999429212358023,7.889051119185905e-10,1.0000000000005413,0.9999999999997802
-0.06,1.0312350735087537,992.5460798475383,-0.05999429665267401,7.843131497274712e-10,1.000000000000576,0.9999999999997804
-0.06,1.0312350735087537,1001.7384728489908,-0.05999430119807834,7.789446575712862e-10,1.000000000000611,0.9999999999997814
-0.06,1.0312350735087537,1011.0160005266158,-0.059994305769701696,7.728322239239822e-10,1.0000000000006466,0.9999999999997828
-0.06,1.0312350735087537,1020.3794513489946,-0.059994310377573856,7.660097984026088e-10,1.0000000000006826,0.9999999999997855
-0.06,1.0312350735087537,1029.8296210870567,-0.059994315031826985,7.58512516964198e-10,1.0000000000007183,0.9999999999997878
-0.06,1.0312350735087537,1039.3673128817031,-0.0599943197426767,7.503765462742791e-10,1.000000000000754,0.9999999999997905
-0.06,1.0312350735087537,1048.993337312066,-0.05999432452040321,7.416389214070918e-10,1.00000000000079,0.9999999999997944
-0.06,1.0312350735087537,1058.7085124643972,-0.059994329375332826,7.323373897704203e-10,1.0000000000008262,0.9999999999997986
-0.06,1.0312350735087537,1068.5136640015942,-0.05999433431781932,7.225102631044169e-10,1.000000000000862,0.9999999999998033
-0.06,1.0312350735087537,1078.4096252333723,-0.05999433935822589,7.121962705432594e-10,1.0000000000008975,0.9999999999998083
-0.06,1.0312350735087537,1088.3972371870843,-0.059994344506907125,7.014344199528847e-10,1.0000000000009326,0.9999999999998134
-0.06,1.0312350735087537,1098.4773486791944,-0.059994349774191394,6.902638621674531e-10,1.0000000000009677,0.9999999999998193
-0.06,1.0312350735087537,1108.650816387419,-0.05999435517036353,6.787237624762111e-10,1.0000000000010016,0.9999999999998251
-0.06,1.0312350735087537,1118.9185049235327,-0.05999436070564789,6.668531765070208e-10,1.0000000000010347,0.9999999999998312
-0.06,1.0312350735087537,1129.2812869068487,-0.05999436639019171,6.546909341393291e-10,1.000000000001068,0.9999999999998382
-0.06,1.0312350735087537,1139.740043038382,-0.059994372234049034,6.422755280565307e-10,1.0000000000010998,0.9999999999998453
-0.06,1.0312350735087537,1150.2956621756925,-0.05999437824716488,6.296450095287897e-10,1.0000000000011313,0.9999999999998525
-0.06,1.0312350735087537,1160.9490414084332,-0.059994384439360116,6.16836887206426e-10,1.0000000000011615,0.9999999999998602
-0.06,1.0312350735087537,1171.7010861345848,-0.059994390820316476,6.038880387221052e-10,1.00000000000119,0.9999999999998672
-0.06,1.0312350735087537,1182.5527101374053,-0.059994397399562464,5.908346207727429e-10,1.0000000000012181,0.9999999999998751
-0.06,1.0312350735087537,1193.5048356630894,-0.05999440418645943,5.777119916233992e-10,1.000000000001246,0.9999999999998838
-0.06,1.0312350735087537,1204.55839349915,-0.05999441119018837,5.645546360709429e-10,1.0000000000012719,0.9999999999998919
-0.06,1.0312350735087537,1215.7143230535173,-0.05999441841973715,5.513960983832669e-10,1.0000000000012967,0.9999999999999
-0.06,1.0312350735087537,1226.9735724343827,-0.059994425883888494,5.382689204665073e-10,1.0000000000013203,0.9999999999999085
-0.06,1.0312350735087537,1238.33709853077,-0.05999443359120825,5.252045862286514e-10,1.0000000000013427,0.9999999999999172
-0.06,1.0312350735087537,1249.8058670938608,-0.059994441550034416,5.122334710539815e-10,1.0000000000013638,0.9999999999999257
-0.06,1.0312350735087537,1261.3808528190714,-0.05999444976846686,4.993847983598754e-10,1.0000000000013833,0.999999999999934
-0.06,1.0312350735087537,1273.0630394288874,-0.059994458254357154,4.86686600174116e-10,1.0000000000014018,0.9999999999999427
-0.06,1.0312350735087537,1284.8534197564702,-0.059994467015299674,4.741656840962067e-10,1.0000000000014186,0.9999999999999515
-0.06,1.0312350735087537,1296.7529958300336,-0.05999447605862276,4.618476047163899e-10,1.000000000001434,0.9999999999999598
-0.06,1.0312350735087537,1308.7627789579997,-0.059994485391380685,4.497566406118277e-10,1.0000000000014484,0.9999999999999685
-0.06,1.0312350735087537,1320.883789814951,-0.0599944950203462,4.379157756823805e-10,1.000000000001461,0.9999999999999768
-0.06,1.0312350735087537,1333.1170585283726,-0.05999450495200379,4.2634668545645455e-10,1.0000000000014722,0.9999999999999852
-0.06,1.0312350735087537,1345.4636247661995,-0.05999451519254323,4.1506972765685337e-10,1.000000000001482,0.9999999999999933
-0.06,1.0312350735087537,1357.924537825179,-0.05999452574785403,4.0410393700702294e-10,1.0000000000014904,1.000000000000002
-0.06,1.0312350735087537,1370.500856720038,-0.05999453662352036,3.9346702421957683e-10,1.0000000000014975,1.0000000000000104
-0.06,1.0312350735087537,1383.1936502734964,-0.05999454782481646,3.8317537852177826e-10,1.0000000000015028,1.0000000000000178
-0.06,1.0312350735087537,1396.0039972070938,-0.059994559356702774,3.7324407411432955e-10,1.0000000000015068,1.0000000000000258
-0.06,1.0312350735087537,1408.9329862328714,-0.05999457122382267,3.6368687958113086e-10,1.0000000000015095,1.0000000000000333
-0.06,1.0312350735087537,1421.9817161458968,-0.059994583430499425,3.545162716787048e-10,1.0000000000015106,1.0000000000000409
-0.06,1.0312350735087537,1435.1512959176512,-0.059994595980734144,3.457434495824584e-10,1.0000000000015103,1.0000000000000482
-0.06,1.0312350735087537,1448.4428447902692,-0.05999460887820395,3.373783558866428e-10,1.0000000000015086,1.000000000000055
-0.06,1.0312350735087537,1461.8574923716699,-0.05999462212626081,3.2942969577275513e-10,1.000000000001506,1.0000000000000622
-0.06,1.0312350735087537,1475.3963787315492,-0.059994635727930935,3.219049617686183e-10,1.0000000000015017,1.0000000000000686
-0.06,1.0312350735087537,1489.0606544982772,-0.05999464968591443,3.1481046011725513e-10,1.0000000000014961,1.0000000000000753
-0.06,1.0312350735087537,1502.8514809566846,-0.05999466400258569,3.081513381112409e-10,1.000000000001489,1.0000000000000815
-0.06,1.0312350735087537,1516.7700301467542,-0.05999467867999419,3.0193161296973453e-10,1.0000000000014808,1.0000000000000875
-0.06,1.0312350735087537,1530.8174849632353,-0.05999469371986575,2.96154205591414e-10,1.0000000000014715,1.000000000000093
-0.06,1.0312350735087537,1544.9950392561707,-0.05999470912360414,2.908209721137528e-10,1.0000000000014608,1.0000000000000988
-0.06,1.0312350735087537,1559.3038979323546,-0.05999472489229315,2.859327372417702e-10,1.000000000001449,1.0000000000001041
-0.06,1.0312350735087537,1573.7452770577393,-0.05999474102669929,2.8148933125928595e-10,1.0000000000014362,1.0000000000001095
-0.06,1.0312350735087537,1588.3204039607824,-0.059994757527274546,2.7748962575540835e-10,1.0000000000014226,1.0000000000001141
-0.06,1.0312350735087537,1603.0305173367537,-0.059994774394159726,2.739315717695887e-10,1.0000000000014073,1.0000000000001186
-0.06,1.0312350735087537,1617.8768673530133,-0.059994791627188175,2.7081223503175717e-10,1.0000000000013913,1.0000000000001228
-0.06,1.0312350735087537,1632.8607157552478,-0.05999480922588971,2.6812783784008375e-10,1.0000000000013742,1.0000000000001268
-0.06,1.0312350735087537,1647.9833359747165,-0.05999482718949507,2.6587379550234284e-10,1.0000000000013565,1.0000000000001306
-0.06,1.0312350735087537,1663.2460132364645,-0.05999484551694052,2.6404475740737045e-10,1.0000000000013376,1.000000000000134
-0.06,1.0312350735087537,1678.6500446685554,-0.059994864206872674,2.626346438921812e-10,1.0000000000013183,1.0000000000001377
-0.06,1.0312350735087537,1694.1967394123092,-0.05999488325765409,2.6163668823968757e-10,1.0000000000012976,1.0000000000001399
-0.06,1.0312350735087537,1709.8874187335668,-0.05999490266736839,2.6104347462931093e-10,1.0000000000012765,1.000000000000143
-0.06,1.0312350735087537,1725.7234161349695,-0.059994922433826314,2.6084697735448307e-10,1.0000000000012546,1.0000000000001454
-0.06,1.0312350735087537,1741.706077469303,-0.059994942554571544,2.6103860084995897e-10,1.000000000001232,1.0000000000001477
-0.06,1.0312350735087537,1757.8367610538646,-0.05999496302688695,2.616092173126956e-10,1.000000000001209,1.0000000000001494
-0.06,1.0312350735087537,1774.1168377859105,-0.05999498384780104,2.6254920473723865e-10,1.0000000000011855,1.000000000000151
-0.06,1.0312350735087537,1790.547691259161,-0.05999500501409451,2.638484855212082e-10,1.0000000000011608,1.0000000000001523
-0.06,1.0312350735087537,1807.1307178813868,-0.059995026522307066,2.6549656311730365e-10,1.0000000000011362,1.0000000000001534
-0.06,1.0312350735087537,1823.867326993091,-0.05999504836874418,2.674825589744974e-10,1.0000000000011111,1.0000000000001545
-0.06,1.0312350735087537,1840.7589409872808,-0.05999507054948441,2.6979524771951224e-10,1.0000000000010856,1.0000000000001552
-0.06,1.0312350735087537,1857.8069954303487,-0.059995093060386286,2.7242309198218e-10,1.0000000000010596,1.0000000000001557
-0.06,1.0312350735087537,1875.012939184082,-0.05999511589709581,2.7535427842641686e-10,1.0000000000010334,1.0000000000001557
-0.06,1.0312350735087537,1892.378234528796,-0.05999513905505377,2.7857674897972377e-10,1.0000000000010068,1.0000000000001559
-0.06,1.0312350735087537,1909.9043572876058,-0.059995162529503154,2.820782348581847e-10,1.00000000000098,1.0000000000001554
-0.06,1.0312350735087537,1927.592796951861,-0.05999518631549673,2.858462874007671e-10,1.0000000000009532,1.0000000000001552
-0.06,1.0312350735087537,1945.4450568077177,-0.05999521040790468,2.898683088825119e-10,1.000000000000926,1.0000000000001545
-0.06,1.0312350735087537,1963.4626540639163,-0.05999523480142203,2.941315827894468e-10,1.000000000000899,1.0000000000001537
-0.06,1.0312350735087537,1981.6471199807077,-0.05999525949057656,2.986233019500947e-10,1.000000000000872,1.0000000000001528
-0.06,1.0312350735087537,2000.0,-0.05999528446973633,3.0333059590376734e-10,1.0000000000008444,1.0000000000001514
-0.06,1.0312350735087537,0.0,0.0,0.0,0.0,1.0312350735087537
-0.06,1.0312350735087537,0.05,-0.0011906516911729113,0.023421558994450697,0.029713283939604637,1.030759264941235
-0.06,1.0312350735087537,0.1,-0.004608414590382893,0.044566029782529736,0.05931237077698896,1.030283479945766
-0.06,1.0312350735087537,0.15000000000000002,-0.010032643679268587,0.06357391047600722,0.08869613492521411,1.0298077767392135
-0.06,1.0312350735087537,0.2,-0.017256501561894396,0.08058078158763685,0.1177765432636298,1.0293322478768459
-0.06,1.0312350735087537,0.25,-0.026086455365403893,0.0957171381945122,0.14647746138442672,1.0288570166191178
-0.06,1.0312350735087537,0.30000000000000004,-0.03634176140851413,0.10910827190062446,0.17473355168287366,1.0283822334638806
-0.06,1.0312350735087537,0.35000000000000003,-0.04785394208090893,0.12087419719701538,0.20248925637076082,1.0279080728295578
-0.06,1.0312350735087537,0.4,-0.060466256236866585,0.13112961720424676,0.22969785920473648,1.0274347298801965
-0.06,1.0312350735087537,0.45,-0.07403316736666525,0.13998392416796565,0.2563206203174186,1.0269624174874739
-0.06,1.0312350735087537,0.5,-0.08841981359034881,0.1475412304447991,0.282325979040199,1.0264913633278432
-0.06,1.0312350735087537,0.55,-0.10350148241908483,0.15390042605959317,0.3076888200312959,1.026021807115258
-0.06,1.0312350735087537,0.6000000000000001,-0.11916309253530621,0.15915525923909446,0.3323897983863693,1.0255539979714385
-0.06,1.0312350735087537,0.65,-0.13529868455553995,0.16339443663335712,0.35641471972382266,1.0250881919365766
-0.06,1.0312350735087537,0.7000000000000001,-0.15181092257154863,0.16670174022458356,0.37975397151238816,1.0246246496237386
-0.06,1.0312350735087537,0.75,-0.16861060805792044,0.16915615819351237,0.4024020021523699,1.0241636340202067
-0.06,1.0312350735087537,0.8,-0.1856162074737923,0.17083202726593097,0.4243568445399222,1.0237054084386532
-0.06,1.0312350735087537,0.8500000000000001,-0.20275339461572045,0.17179918429714208,0.44561968104103455,1.0232502346203796
-0.06,1.0312350735087537,0.9,-0.21995460853471802,0.1721231250712197,0.46619444698225726,1.0227983709920971
-0.06,1.0312350735087537,0.9500000000000001,-0.23715862762643777,0.17186516849569985,0.486087469931796,1.0223500710767517
-0.06,1.0312350735087537,1.0,-0.25431016033481746,0.17108262456190462,0.5053071421999037,1.0219055820579181
-0.06,1.0312350735087537,1.05,-0.27135945276545725,0.16982896461719013,0.5238636241333313,1.0214651434962387
-0.06,1.0312350735087537,1.1,-0.2882619133766029,0.1681539926587448,0.541768575916549,1.0210289861953739
-0.06,1.0312350735087537,1.1500000000000001,-0.30497775479817524,0.16610401650977444,0.5590349157235056,1.020597331213935
-0.06,1.0312350735087537,1.2000000000000002,-0.32147165272198047,0.16372201787862858,0.5756766021888107,1.0201703890189595
-0.06,1.0312350735087537,1.25,-0.33771242170998883,0.16104782043023688,0.5917084392869696,1.019748358775671
-0.06,1.0312350735087537,1.3,-0.3536727076833916,0.15811825511775993,0.6071459018230856,1.0193314277675074
-0.06,1.0312350735087537,1.35,-0.369328696783457,0.15496732213116396,0.6220049798486674,1.018919770939811
-0.06,1.0312350735087537,1.4000000000000001,-0.3846598402353914,0.15162634891908786,0.6363020404220011,1.018513550560036
-0.06,1.0312350735087537,1.4500000000000002,-0.3996485947972452,0.14812414383138578,0.6500537052340857,1.0181129159869515
-0.06,1.0312350735087537,1.5,-0.41428017833601866,0.14448714501258603,0.6632767427185615,1.0177180035410274
-0.06,1.0312350735087537,1.55,-0.42854234004103187,0.14073956425169737,0.6759879733573199,1.0173289364680083
-0.06,1.0312350735087537,1.6,-0.44242514475933514,0.1369035255617185,0.6882041869827256,1.0169458249876104
-0.06,1.0312350735087537,1.6500000000000001,-0.4559207709185484,0.1329991983233258,0.6999420709625055,1.016568766419299
-0.06,1.0312350735087537,1.7000000000000002,-0.4690233214884813,0.12904492488191963,0.7112181482344737,1.0161978453771796
-0.06,1.0312350735087537,1.75,-0.4817286474238304,0.125057342535902,0.7220487242353556,1.0158331340262434
-0.06,1.0312350735087537,1.8,-0.4940341830256775,0.12105149989715232,0.7324498418410549,1.015474692392417
-0.06,1.0312350735087537,1.85,-0.5059387926591707,0.11704096764251751,0.7424372435048566,1.015122568719177
-0.06,1.0312350735087537,1.9000000000000001,-0.5174426282681548,0.11303794370814511,0.752026339845324,1.0147767998638169
-0.06,1.0312350735087537,1.9500000000000002,-0.5285469971341554,0.10905335300700723,0.7612321839970353,1.0144374117268333
-0.06,1.0312350735087537,2.0,-0.5392542393366521,0.10509694177434782,0.7700694510950487,1.0141044197082922
-0.06,1.0312350735087537,2.0500000000000003,-0.5495676143833059,0.10117736666639053,0.7785524223179516,1.0137778291854507
-0.06,1.0312350735087537,2.1,-0.5594911964925795,0.09730227875476513,0.7866949729649073,1.0134576360063543
-0.06,1.0312350735087537,2.15,-0.569029778026314,0.09347840257309921,0.7945105640891577,1.0131438269945294
-0.06,1.0312350735087537,2.2,-0.5781887805862096,0.08971161038333816,0.8020122372542365,1.012836380460361
-0.06,1.0312350735087537,2.25,-0.5869741733053764,0.08600699183790599,0.8092126120197835,1.01253526671514
-0.06,1.0312350735087537,2.3000000000000003,-0.5953923978839766,0.08236891922006212,0.816123885801449,1.0122404485841838
-0.06,1.0312350735087537,2.35,-0.6034502999363357,0.07880110844898904,0.8227578357841492,1.0119518819158577
-0.06,1.0312350735087537,2.4000000000000004,-0.6111550662355018,0.0753066760385089,0.8291258225999246,1.011669516083661
-0.06,1.0312350735087537,2.45,-0.6185141674600297,0.07188819219908907,0.8352387955111172,1.0113932944789492
-0.06,1.0312350735087537,2.5,-0.6255353060665969,0.06854773027215288,0.8411072988666001,1.0111231549921822
-0.06,1.0312350735087537,2.5500000000000003,-0.6322263689307801,0.0652869126838753,0.8467414796235331,1.0108590304809113
-0.06,1.0312350735087537,2.6,-0.6385953844169066,0.06210695360275653,0.8521510957497194,1.0106008492230205
-0.06,1.0312350735087537,2.6500000000000004,-0.64465048355614,0.059008698481521814,0.8573455253422587,1.010348535354003
-0.06,1.0312350735087537,2.7,-0.650399865029879,0.05599266065941557,0.862333776316936,1.010102009287324
-0.06,1.0312350735087537,2.75,-0.6558517636729778,0.05305905519588209,0.8671244965398163,1.0098611881171193
-0.06,1.0312350735087537,2.8000000000000003,-0.6610144222282144,0.05020783010108185,0.8717259842879612,1.0096259860027192
-0.06,1.0312350735087537,2.85,-0.6658960660997679,0.04743869512276878,0.8761461989400957,1.0093963145346534
-0.06,1.0312350735087537,2.9000000000000004,-0.6705048808691905,0.04475114824286434,0.8803927718106916,1.0091720830819564
-0.06,1.0312350735087537,2.95,-0.6748489923523984,0.042144500030684214,0.8844730170522255,1.0089531991207592
-0.06,1.0312350735087537,3.0,-0.6789364489906106,0.03961789599326817,0.8883939425605791,1.0087395685442553
-0.06,1.0312350735087537,3.0500000000000003,-0.6827752063818767,0.03717033705672068,0.8921622608276688,1.008531095954267
-0.06,1.0312350735087537,3.1,-0.6863731137728611,0.034800698305915014,0.8957843996935607,1.008327684934708
-0.06,1.0312350735087537,3.1500000000000004,-0.6897379023429309,0.03250774610342235,0.8992665129576138,1.008129238307348
-0.06,1.0312350735087537,3.2,-0.692877175124298,0.030290153702120452,0.9026144908146743,1.007935658370325
-0.06,1.0312350735087537,3.25,-0.6957983984130652,0.028146515459655325,0.9058339700881219,1.0077468471199282
-0.06,1.0312350735087537,3.3000000000000003,-0.6985088945364671,0.026075359756806814,0.9089303442366471,1.0075627064562147
-0.06,1.0312350735087537,3.35,-0.7010158358514865,0.024075160715855314,0.9119087731161654,1.0073831383730485
-0.06,1.0312350735087537,3.4000000000000004,-0.7033262398593085,0.02214434880929422,0.9147741924822205,1.0072080451331935
-0.06,1.0312350735087537,3.45,-0.7054469653288198,0.020281320443683276,0.9175313232217275,1.0070373294290933
-0.06,1.0312350735087537,3.5,-0.7073847093305798,0.018484446598109782,0.9201846803059374,1.0068708945299993
-0.06,1.0312350735087537,3.5500000000000003,-0.7091460050903782,0.016752080591621584,0.9227385814591599,1.006708644416105
-0.06,1.0312350735087537,3.6,-0.7107372205787057,0.015082565049120457,0.9251971555400851,1.0065504839003354
-0.06,1.0312350735087537,3.6500000000000004,-0.712164557759217,0.013474238130563641,0.9275643506345227,1.0063963187384652
-0.06,1.0312350735087537,3.7,-0.7134340524255308,0.011925439083910175,0.9298439418600881,1.0062460557281945
-0.06,1.0312350735087537,3.75,-0.7145515745615926,0.010434513178063995,0.9320395388848086,1.0060996027978262
-0.06,1.0312350735087537,3.8000000000000003,-0.7155228291662675,0.008999816068113954,0.9341545931628765,1.0059568690851668
-0.06,1.0312350735087537,3.85,-0.7163533574878853,0.007619717641430448,0.936192404891777,1.0058177650072462
-0.06,1.0312350735087537,3.9000000000000004,-0.7170485386191651,0.0062926053896605275,0.938156129695912,1.0056822023214564
-0.06,1.0312350735087537,3.95,-0.7176135914072886,0.005016887348350997,0.940048785042523,1.0055500941786524
-0.06,1.0312350735087537,4.0,-0.7180535766378994,0.0037909946428158784,0.9418732563963071,1.005421355168786
-0.06,1.0312350735087537,4.05,-0.7183733994555329,0.002613383675949594,0.9436323031195465,1.0052959013595688
-0.06,1.0312350735087537,4.1000000000000005,-0.7185778119863977,0.001482537990952677,0.9453285641249466,1.005173650328684
-0.06,1.0312350735087537,4.15,-0.7186714161325791,0.00039696983938372344,0.9469645632886114,1.0050545211900144
-0.06,1.0312350735087537,4.2,-0.718658666509661,-0.0006447785174359942,0.9485427146307831,1.0049384346143377
-0.06,1.0312350735087537,4.25,-0.7185438735024184,-0.0016441337478634238,0.9500653272720629,1.0048253128449276
-0.06,1.0312350735087537,4.3,-0.7183312064157084,-0.0026024906064921996,0.9515346101728939,1.00471507970847
-0.06,1.0312350735087537,4.3500000000000005,-0.7180246966999378,-0.0035212112860293445,0.952952676664085,1.0046076606216703
-0.06,1.0312350735087537,4.4,-0.7176282412325793,-0.004401624944483984,0.9543215487761102,1.0045029825939267
-0.06,1.0312350735087537,4.45,-0.7171456056390929,-0.00524502738932712,0.955643161374839,1.0044009742264073
-0.06,1.0312350735087537,4.5,-0.7165804276383853,-0.006052680901824348,0.9569193661112427,1.0043015657078647
-0.06,1.0312350735087537,4.55,-0.7159362203995215,-0.006825814186175281,0.9581519351925012,1.0042046888074696
-0.06,1.0312350735087537,4.6000000000000005,-0.7152163758978906,-0.00756562242941743,0.9593425649817491,1.004110276864972
-0.06,1.0312350735087537,4.65,-0.7144241682603517,-0.008273267459275698,0.9604928794335716,1.004018264778438
-0.06,1.0312350735087537,4.7,-0.7135627570901398,-0.00894987798827201,0.9616044333721276,1.0039285889898248
-0.06,1.0312350735087537,4.75,-0.7126351907634103,-0.009596549933451949,0.9626787156186235,1.0038411874686066
-0.06,1.0312350735087537,4.800000000000001,-0.7116444096903357,-0.01021434680205008,0.9637171519746354,1.0037559996936878
-0.06,1.0312350735087537,4.8500000000000005,-0.7105932495345937,-0.010804300134301198,0.9647211080675713,1.0036729666337858
-0.06,1.0312350735087537,4.9,-0.7094844443859345,-0.011367409995423126,0.9656918920643631,1.0035920307264812
-0.06,1.0312350735087537,4.95,-0.7083206298812779,-0.011904645509546914,0.9666307572592564,1.0035131358561011
-0.06,1.0312350735087537,5.0,-0.7071043462704844,-0.012416945429060878,0.9675389045413512,1.0034362273305937
-0.06,1.0312350735087537,5.050000000000001,-0.7058380414235805,-0.012905218733469214,0.9684174847473511,1.0033612518575477
-0.06,1.0312350735087537,5.1000000000000005,-0.7045240737767623,-0.013370345252446533,0.9692676009047416,1.0032881575194816
-0.06,1.0312350735087537,5.15,-0.7031647152150351,-0.013813176308303204,0.9700903103704354,1.0032168937485353
-0.06,1.0312350735087537,5.2,-0.7017621538897771,-0.014234535373564053,0.9708866268697052,1.0031474113006766
-0.06,1.0312350735087537,5.25,-0.7003184969699461,-0.014635218739809362,0.971657522440037,1.0030796622295242
-0.06,1.0312350735087537,5.300000000000001,-0.6988357733259873,-0.015015996194335402,0.9724039292843203,1.0030135998598833
-0.06,1.0312350735087537,5.3500000000000005,-0.6973159361458442,-0.015377611701564011,0.9731267415376331,1.0029491787610856
-0.06,1.0312350735087537,5.4,-0.6957608654827515,-0.015720784086471058,0.9738268169516757,1.0028863547202098
-0.06,1.0312350735087537,5.45,-0.6941723707347421,-0.016046207717613174,0.9745049785007219,1.0028250847152493
-0.06,1.0312350735087537,5.5,-0.6925521930560312,-0.016354553187614588,0.975162015912819,1.0027653268883068
-0.06,1.0312350735087537,5.550000000000001,-0.6909020077006277,-0.01664646798923223,0.9757986871297516,1.0027070405188572
-0.06,1.0312350735087537,5.6000000000000005,-0.6892234262987105,-0.016922577185350625,0.9764157196991728,1.0026501859971513
-0.06,1.0312350735087537,5.65,-0.6875179990664353,-0.017183484071469666,0.9770138121021132,1.0025947247977844
-0.06,1.0312350735087537,5.7,-0.6857872169499963,-0.017429770829440343,0.977593635018954,1.0025406194535007
-0.06,1.0312350735087537,5.75,-0.6840325137048535,-0.017661999171376737,0.9781558325367964,1.0024878335292446
-0.06,1.0312350735087537,5.800000000000001,-0.6822552679111515,-0.017880710972830394,0.9787010233010238,1.0024363315965117
-0.06,1.0312350735087537,5.8500000000000005,-0.680456804926431,-0.01808642889445404,0.9792298016137235,1.0023860792080188
-0.06,1.0312350735087537,5.9,-0.6786383987768084,-0.018279656991510396,0.9797427384815087,1.002337042872722
-0.06,1.0312350735087537,5.95,-0.6768012739878433,-0.018460881310696047,0.9802403826151593,1.002289190031215
-0.06,1.0312350735087537,6.0,-0.6749466073563865,-0.018630570473854326,0.9807232613833865,1.0022424890315003
-0.06,1.0312350735087537,6.050000000000001,-0.6730755296647167,-0.01878917624824351,0.9811918817229106,1.0021969091051866
-0.06,1.0312350735087537,6.1000000000000005,-0.6711891273383129,-0.018937134103109817,0.9816467310069464,1.0021524203440957
-0.06,1.0312350735087537,6.15,-0.6692884440486367,-0.019074863752388593,0.982088277874082,1.0021089936773095
-0.06,1.0312350735087537,6.2,-0.6673744822623072,-0.019202769683423063,0.9825169730194365,1.0020666008486518
-0.06,1.0312350735087537,6.25,-0.665448204738067,-0.019321241671649086,0.9829332499499076,1.0020252143946329
-0.06,1.0312350735087537,6.300000000000001,-0.6635105359729339,-0.01943065528124539,0.9833375257052099,1.0019848076228366
-0.06,1.0312350735087537,6.3500000000000005,-0.6615623635989437,-0.01953137235179539,0.9837302015463414,1.0019453545907777
-0.06,1.0312350735087537,6.4,-0.6596045397318789,-0.019623741471046566,0.9841116636130277,1.0019068300852139
-0.06,1.0312350735087537,6.45,-0.657637882273363,-0.019708098433888592,0.9844822835516117,1.0018692096019306
-0.06,1.0312350735087537,6.5,-0.6556631761677028,-0.019784766687702324,0.9848424191147989,1.001832469325981
-0.06,1.0312350735087537,6.550000000000001,-0.6536811746148294,-0.019854057764257988,0.9851924147345879,1.0017965861123912
-0.06,1.0312350735087537,6.6000000000000005,-0.6516926002406869,-0.019916271698363935,0.9855326020696578,1.001761537467332
-0.06,1.0312350735087537,6.65,-0.6496981462263793,-0.019971697433487094,0.9858633005284131,1.0017273015297379
-0.06,1.0312350735087537,6.7,-0.647698477397381,-0.020020613214581897,0.9861848177688458,1.0016938570533858
-0.06,1.0312350735087537,6.75,-0.6456942312740819,-0.020063286968378922,0.9864974501762919,1.0016611833894256
-0.06,1.0312350735087537,6.800000000000001,-0.6436860190849146,-0.020099976671395473,0.9868014833201327,1.0016292604693453
-0.06,1.0312350735087537,6.8500000000000005,-0.6416744267432818,-0.02013093070593908,0.9870971923904199,1.0015980687883872
-0.06,1.0312350735087537,6.9,-0.6396600157894837,-0.020156388204382494,0.9873848426153722,1.0015675893893836
-0.06,1.0312350735087537,6.95,-0.6376433242988029,-0.020176579381993683,0.9876646896606259,1.0015378038470297
-0.06,1.0312350735087537,7.0,-0.6356248677568844,-0.02019172585860808,0.9879369800111023,1.0015086942525642
-0.06,1.0312350735087537,7.050000000000001,-0.6336051399035163,-0.020202040969432882,0.9882019513362892,1.0014802431988727
-0.06,1.0312350735087537,7.1000000000000005,-0.6315846135458857,-0.02020773006527415,0.9884598328397128,1.0014524337659871
-0.06,1.0312350735087537,7.15,-0.6295637413423549,-0.02020899080247744,0.9887108455933308,1.0014252495069833
-0.06,1.0312350735087537,7.2,-0.627542956557772,-0.02020601342287178,0.9889552028575346,1.0013986744342718
-0.06,1.0312350735087537,7.25,-0.6255226737913071,-0.02019898102400512,0.9891931103874413,1.0013726930062634
-0.06,1.0312350735087537,7.300000000000001,-0.6235032896777601,-0.020188069819956436,0.9894247667260844,1.001347290114411
-0.06,1.0312350735087537,7.3500000000000005,-0.6214851835632775,-0.02017344939300703,0.9896503634851179,1.001322451070616
-0.06,1.0312350735087537,7.4,-0.6194687181563674,-0.020155282936449387,0.9898700856135993,1.0012981615949872
-0.06,1.0312350735087537,7.45,-0.6174542401550904,-0.020133727488807804,0.9900841116553987,1.0012744078039546
-0.06,1.0312350735087537,7.5,-0.6154420808512626,-0.020108934159740657,0.9902926139957404,1.0012511761987173
-0.06,1.0312350735087537,7.550000000000001,-0.6134325567124892,-0.020081048347888795,0.990495759097386,1.0012284536540261
-0.06,1.0312350735087537,7.6000000000000005,-0.6114259699428166,-0.02005020995092944,0.9906937077269126,1.0012062274072897
-0.06,1.0312350735087537,7.65,-0.6094226090227645,-0.020016553568089922,0.9908866151715459,1.0011844850479958
-0.06,1.0312350735087537,7.7,-0.6074227492294818,-0.019980208695368897,0.9910746314469557,1.001163214507442
-0.06,1.0312350735087537,7.75,-0.6054266531377313,-0.019941299913708084,0.9912579014964393,1.0011424040487618
-0.06,1.0312350735087537,7.800000000000001,-0.6034345711023983,-0.01989994707035065,0.991436565381863,1.0011220422572495
-0.06,1.0312350735087537,7.8500000000000005,-0.6014467417231905,-0.01985626545361702,0.9916107584667363,1.0011021180309645
-0.06,1.0312350735087537,7.9,-0.5994633922921686,-0.019810365961322324,0.9917806115917613,1.0010826205716112
-0.06,1.0312350735087537,7.95,-0.5974847392247354,-0.019762355263054244,0.9919462512432025,1.0010635393756957
-0.06,1.0312350735087537,8.0,-0.5955109884746825,-0.019712335956523268,0.9921077997143861,1.0010448642259366
-0.06,1.0312350735087537,8.05,-0.5935423359338723,-0.019660406718191848,0.9922653752606247,1.001026585182932
-0.06,1.0312350735087537,8.1,-0.5915789678171227,-0.019606662448382734,0.9924190922478803,1.0010086925770791
-0.06,1.0312350735087537,8.15,-0.5896210610328312,-0.019551194411060836,0.9925690612954071,1.0009911770007298
-0.06,1.0312350735087537,8.200000000000001,-0.5876687835398607,-0.019494090368477025,0.992715389412668,1.0009740293005793
-0.06,1.0312350735087537,8.25,-0.5857222946911985,-0.01943543471085673,0.9928581801307488,1.000957240570287
-0.06,1.0312350735087537,8.3,-0.5837817455648668,-0.01937530858131006,0.9929975336285296,1.000940802143317
-0.06,1.0312350735087537,8.35,-0.58184727928256,-0.01931378999613504,0.9931335468538245,1.0009247055859865
-0.06,1.0312350735087537,8.4,-0.579919031316461,-0.01925095396067963,0.9932663136397123,1.0009089426907307
-0.06,1.0312350735087537,8.450000000000001,-0.5779971297846783,-0.019186872580923175,0.9933959248162731,1.0008935054695673
-0.06,1.0312350735087537,8.5,-0.5760816957357129,-0.01912161517093221,0.993522468317911,1.0008783861477548
-0.06,1.0312350735087537,8.55,-0.5741728434223784,-0.019055248356340905,0.9936460292864658,1.000863577157643
-0.06,1.0312350735087537,8.6,-0.5722706805655572,-0.01898783617400089,0.9937666901702873,1.0008490711327105
-0.06,1.0312350735087537,8.65,-0.5703753086081659,-0.018919440167940716,0.9938845308194431,1.0008348609017772
-0.06,1.0312350735087537,8.700000000000001,-0.5684868229597096,-0.018850119481770063,0.9939996285772258,1.0008209394833931
-0.06,1.0312350735087537,8.75,-0.566605313231759,-0.018779930947659375,0.9941120583681142,1.0008073000803972
-0.06,1.0312350735087537,8.8,-0.5647308634646987,-0.018708929172021018,0.9942218927823375,1.000793936074639
-0.06,1.0312350735087537,8.85,-0.5628635523460696,-0.01863716661801352,0.994329202157187,1.0007808410218548
-0.06,1.0312350735087537,8.9,-0.5610034534208166,-0.018564693684986457,0.9944340546552106,1.000768008646709
-0.06,1.0312350735087537,8.950000000000001,-0.5591506352937476,-0.01849155878497897,0.9945365163394133,1.0007554328379693
-0.06,1.0312350735087537,9.0,-0.5573051618244889,-0.018417808416381288,0.9946366512456019,1.0007431076438402
-0.06,1.0312350735087537,9.05,-0.5554670923152208,-0.018343487234864536,0.9947345214519788,1.0007310272674321
-0.06,1.0312350735087537,9.1,-0.5536364816914603,-0.01826863812168016,0.9948301871461056,1.000719186062361
-0.06,1.0312350735087537,9.15,-0.5518133806761499,-0.018193302249427053,0.9949237066893417,1.0007075785284927
-0.06,1.0312350735087537,9.200000000000001,-0.5499978359573025,-0.018117519145380418,0.9950151366788641,1.0006961993077994
-0.06,1.0312350735087537,9.25,-0.5481898903494401,-0.018041326752473438,0.9951045320073643,1.0006850431803576
-0.06,1.0312350735087537,9.3,-0.5463895829490576,-0.0179647614880191,0.9951919459205186,1.0006741050604473
-0.06,1.0312350735087537,9.35,-0.5445969492843344,-0.017887858300256614,0.995277430072321,1.0006633799927867
-0.06,1.0312350735087537,9.4,-0.542812021459305,-0.017810650722803644,0.9953610345783686,1.0006528631488634
-0.06,1.0312350735087537,9.450000000000001,-0.5410348282926942,-0.01773317092709239,0.995442808067178,1.0006425498233882
-0.06,1.0312350735087537,9.5,-0.5392653954516163,-0.01765544977286526,0.9955227977296105,1.0006324354308445
-0.06,1.0312350735087537,9.55,-0.5375037455803238,-0.017577516856802127,0.9956010493664912,1.0006225155021478
-0.06,1.0312350735087537,9.600000000000001,-0.5357498984241923,-0.017499400559349534,0.9956776074344822,1.0006127856814027
-0.06,1.0312350735087537,9.65,-0.5340038709491158,-0.01742112808981867,0.995752515090288,1.0006032417227537
-0.06,1.0312350735087537,9.700000000000001,-0.5322656774564779,-0.01734272552981724,0.9958258142332548,1.000593879487336
-0.06,1.0312350735087537,9.75,-0.5305353296938686,-0.017264217875077106,0.9958975455464303,1.0005846949403057
-0.06,1.0312350735087537,9.8,-0.5288128369616958,-0.017185629075738132,0.9959677485361413,1.0005756841479745
-0.06,1.0312350735087537,9.850000000000001,-0.5270982062158465,-0.017106982075145695,0.9960364615701519,1.0005668432750139
-0.06,1.0312350735087537,9.9,-0.5253914421665408,-0.017028298847217453,0.9961037219144514,1.0005581685817495
-0.06,1.0312350735087537,9.950000000000001,-0.5236925473735189,-0.016949600432432946,0.9961695657687326,1.0005496564215364
-0.06,1.0312350735087537,10.0,-0.522001522337695,-0.016870906972497473,0.9962340283006089,1.0005413032382062
-0.06,1.0312350735087537,10.05,-0.5203183655894081,-0.016792237743729774,0.9962971436786137,1.0005331055635962
-0.06,1.0312350735087537,10.100000000000001,-0.5186430737733898,-0.016713611189221166,0.9963589451040393,1.000525060015147
-0.06,1.0312350735087537,10.15,-0.5169756417305789,-0.016635044949812043,0.9964194648416509,1.0005171632935703
-0.06,1.0312350735087537,10.200000000000001,-0.5153160625768852,-0.01655655589392985,0.9964787342493251,1.0005094121805889
-0.06,1.0312350735087537,10.25,-0.5136643277790255,-0.016478160146331113,0.9965367838066508,1.0005018035367392
-0.06,1.0312350735087537,10.3,-0.5120204272275316,-0.016399873115788232,0.9965936431425323,1.0004943342992385
-0.06,1.0312350735087537,10.350000000000001,-0.5103843493070355,-0.016321709521760524,0.9966493410618353,1.0004870014799185
-0.06,1.0312350735087537,10.4,-0.5087560809639314,-0.016243683420087262,0.996703905571108,1.0004798021632124
-0.06,1.0312350735087537,10.450000000000001,-0.5071356077715128,-0.016165808227739276,0.9967573639034158,1.0004727335042065
-0.06,1.0312350735087537,10.5,-0.505522913992671,-0.01608809674666387,0.9968097425423221,1.000465792726745
-0.06,1.0312350735087537,10.55,-0.5039179826402503,-0.016010561186757186,0.9968610672450452,1.000458977121592
-0.06,1.0312350735087537,10.600000000000001,-0.5023207955351412,-0.015933213187996034,0.9969113630648249,1.0004522840446444
-0.06,1.0312350735087537,10.65,-0.5007313333621971,-0.01585606384176076,0.9969606543725265,1.0004457109151998
-0.06,1.0312350735087537,10.700000000000001,-0.4991495757240538,-0.015779123711378944,0.9970089648775152,1.000439255214269
-0.06,1.0312350735087537,10.75,-0.4975755011929238,-0.01570240285191898,0.9970563176478159,1.0004329144829431
-0.06,1.0312350735087537,10.8,-0.4960090873604494,-0.015625910829261278,0.9971027351296017,1.000426686320804
-0.06,1.0312350735087537,10.850000000000001,-0.49445031088567376,-0.015549656738473893,0.9971482391660229,1.0004205683843825
-0.06,1.0312350735087537,10.9,-0.49289914754120884,-0.015473649221518278,0.9971928510154042,1.000414558385656
-0.06,1.0312350735087537,10.950000000000001,-0.4913555722576608,-0.01539789648431001,0.9972365913688375,1.0004086540905976
-0.06,1.0312350735087537,11.0,-0.4898195591663773,-0.015322406313158277,0.9972794803671844,1.000402853317756
-0.06,1.0312350735087537,11.05,-0.48829108164058066,-0.015247186090607094,0.9973215376175225,1.0003971539368877
-0.06,1.0312350735087537,11.100000000000001,-0.4867701123349431,-0.015172242810700355,0.9973627822090357,1.0003915538676174
-0.06,1.0312350735087537,11.15,-0.48525662322366203,-0.015097583093691906,0.9974032327283918,1.0003860510781408
-0.06,1.0312350735087537,11.200000000000001,-0.48375058563709195,-0.015023213200221071,0.9974429072746092,1.0003806435839686
-0.06,1.0312350735087537,11.25,-0.48225197029698447,-0.014949139044973494,0.9974818234734355,1.0003753294466957
-0.06,1.0312350735087537,11.3,-0.4807607473503855,-0.01487536620984592,0.9975199984912607,1.0003701067728157
-0.06,1.0312350735087537,11.350000000000001,-0.4792768864022443,-0.014801899956633459,0.9975574490485755,1.0003649737125628
-0.06,1.0312350735087537,11.4,-0.4778003565467744,-0.014728745239256599,0.9975941914329913,1.0003599284587845
-0.06,1.0312350735087537,11.450000000000001,-0.4763311263976188,-0.01465590671554504,0.9976302415118395,1.0003549692458558
-0.06,1.0312350735087537,11.5,-0.4748691641168579,-0.014583388758594511,0.9976656147443718,1.0003500943486083
-0.06,1.0312350735087537,11.55,-0.4734144374429053,-0.014511195467712143,0.9977003261935515,1.0003453020813051
-0.06,1.0312350735087537,11.600000000000001,-0.4719669137173324,-0.014439330678965636,0.9977343905374872,1.0003405907966354
-0.06,1.0312350735087537,11.65,-0.4705265599106582,-0.014367797975350474,0.9977678220804885,1.0003359588847345
-0.06,1.0312350735087537,11.700000000000001,-0.4690933426471451,-0.014296600696589258,0.9978006347637697,1.0003314047722391
-0.06,1.0312350735087537,11.75,-0.46766722822863394,-0.014225741948576644,0.9978328421758224,1.0003269269213653
-0.06,1.0312350735087537,11.8,-0.46624818265745654,-0.014155224612482524,0.9978644575624497,1.0003225238290088
-0.06,1.0312350735087537,11.850000000000001,-0.4648361716584566,-0.014085051353526327,0.9978954938364942,1.0003181940258754
-0.06,1.0312350735087537,11.9,-0.4634311607001507,-0.014015224629433887,0.9979259635872476,1.00031393607563
-0.06,1.0312350735087537,11.950000000000001,-0.4620331150150655,-0.01394574669858889,0.9979558790895781,1.0003097485740757
-0.06,1.0312350735087537,12.0,-0.4606419996192733,-0.013876619627889646,0.9979852523127642,1.000305630148346
-0.06,1.0312350735087537,12.05,-0.45925777933116335,-0.01380784530032205,0.9980140949290564,1.0003015794561299
-0.06,1.0312350735087537,12.100000000000001,-0.4578804187894687,-0.013739425422258925,0.9980424183219725,1.0002975951849091
-0.06,1.0312350735087537,12.15,-0.45650988247058055,-0.013671361530495729,0.998070233594337,1.000293676051221
-0.06,1.0312350735087537,12.200000000000001,-0.4551461347051753,-0.013603654999032065,0.9980975515760689,1.0002898207999409
-0.06,1.0312350735087537,12.25,-0.45378913969417595,-0.013536307045608294,0.9981243828317349,1.0002860282035817
-0.06,1.0312350735087537,12.3,-0.4524388615240742,-0.01346931873800592,0.998150737667867,1.000282297061614
-0.06,1.0312350735087537,12.350000000000001,-0.4510952641816372,-0.013402691000120455,0.9981766261400586,1.0002786261998067
-0.06,1.0312350735087537,12.4,-0.449758311568019,-0.013336424617814854,0.9982020580598424,1.0002750144695804
-0.06,1.0312350735087537,12.450000000000001,-0.44842796751229613,-0.013270520244561386,0.9982270430013589,1.0002714607473813
-0.06,1.0312350735087537,12.5,-0.44710419578445504,-0.01320497840687959,0.9982515903078264,1.0002679639340741
-0.06,1.0312350735087537,12.55,-0.44578696010784236,-0.013139799509577754,0.9982757090978112,1.0002645229543454
-0.06,1.0312350735087537,12.600000000000001,-0.44447622417110405,-0.013074983840804731,0.9982994082713117,1.0002611367561276
-0.06,1.0312350735087537,12.65,-0.44317195163962614,-0.013010531576919039,0.9983226965156581,1.0002578043100365
-0.06,1.0312350735087537,12.700000000000001,-0.4418741061665001,-0.012946442787181888,0.9983455823112346,1.0002545246088241
-0.06,1.0312350735087537,12.75,-0.4405826514030262,-0.012882717438280141,0.9983680739370359,1.000251296666846
-0.06,1.0312350735087537,12.8,-0.43929755100877355,-0.012819355398685629,0.9983901794760506,1.0002481195195414
-0.06,1.0312350735087537,12.850000000000001,-0.43801876866120965,-0.012756356442856448,0.9984119068204927,1.0002449922229313
-0.06,1.0312350735087537,12.9,-0.4367462680649182,-0.012693720255285918,0.9984332636768697,1.0002419138531233
-0.06,1.0312350735087537,12.950000000000001,-0.43548001296041977,-0.0126314464344047,0.9984542575709086,1.000238883505835
-0.06,1.0312350735087537,13.0,-0.4342199671326058,-0.012569534496341279,0.9984748958523361,1.0002359002959267
-0.06,1.0312350735087537,13.05,-0.4329660944188037,-0.01250798387854585,0.9984951856995117,1.0002329633569484
-0.06,1.0312350735087537,13.100000000000001,-0.4317183587164857,-0.012446793943282429,0.9985151341239354,1.0002300718406976
-0.06,1.0312350735087537,13.15,-0.43047672399063136,-0.012385963980993973,0.9985347479746146,1.0002272249167874
-0.06,1.0312350735087537,13.200000000000001,-0.42924115428076004,-0.01232549321354497,0.9985540339423102,1.0002244217722278
-0.06,1.0312350735087537,13.25,-0.4280116137076437,-0.0122653807973458,0.998572998563659,1.0002216616110182
-0.06,1.0312350735087537,13.3,-0.4267880664797101,-0.012205625826363172,0.9985916482251723,1.0002189436537476
-0.06,1.0312350735087537,13.350000000000001,-0.4255704768991489,-0.012146227335020587,0.9986099891671247,1.0002162671372088
-0.06,1.0312350735087537,13.4,-0.42435880936773457,-0.012087184300992837,0.9986280274873295,1.000213631314018
-0.06,1.0312350735087537,13.450000000000001,-0.42315302839236735,-0.01202849564789812,0.9986457691448032,1.0002110354522495
-0.06,1.0312350735087537,13.5,-0.42195309859035385,-0.011970160247891557,0.9986632199633281,1.000208478835076
-0.06,1.0312350735087537,13.55,-0.4207589846944299,-0.011912176924163558,0.9986803856349151,1.0002059607604186
-0.06,1.0312350735087537,13.600000000000001,-0.41957065155753503,-0.011854544453346376,0.9986972717231622,1.0002034805406075
-0.06,1.0312350735087537,13.65,-0.4183880641573506,-0.011797261567832099,0.9987138836665224,1.0002010375020491
-0.06,1.0312350735087537,13.700000000000001,-0.417211187600609,-0.011740326958005226,0.9987302267814803,1.0001986309849025
-0.06,1.0312350735087537,13.75,-0.41603998712718193,-0.011683739274392866,0.998746306265635,1.0001962603427659
-0.06,1.0312350735087537,13.8,-0.41487442811395636,-0.011627497129735409,0.9987621272006992,1.0001939249423681
-0.06,1.0312350735087537,13.850000000000001,-0.4137144760785067,-0.011571599100980559,0.9987776945554132,1.0001916241632676
-0.06,1.0312350735087537,13.9,-0.4125600966825694,-0.011516043731203312,0.9987930131883787,1.000189357397564
-0.06,1.0312350735087537,13.950000000000001,-0.4114112557353278,-0.01146082953145465,0.9988080878508122,1.0001871240496103
-0.06,1.0312350735087537,14.0,-0.4102679191965164,-0.011405954982541346,0.9988229231892237,1.0001849235357383
-0.06,1.0312350735087537,14.05,-0.4091300531793477,-0.01135141853673929,0.9988375237480189,1.000182755283985
-0.06,1.0312350735087537,14.100000000000001,-0.40799762395327155,-0.011297218619442865,0.9988518939720319,1.0001806187338298
-0.06,1.0312350735087537,14.15,-0.4068705979465713,-0.011243353630752309,0.9988660382089847,1.0001785133359407
-0.06,1.0312350735087537,14.200000000000001,-0.4057489417488045,-0.011189821947001622,0.9988799607118848,1.000176438551917
-0.06,1.0312350735087537,14.25,-0.4046326221130926,-0.01113662192222875,0.9988936656413516,1.0001743938540502
-0.06,1.0312350735087537,14.3,-0.40352160595826614,-0.01108375188959042,0.9989071570678808,1.0001723787250822
-0.06,1.0312350735087537,14.350000000000001,-0.40241586037087296,-0.011031210162723218,0.9989204389740507,1.0001703926579748
-0.06,1.0312350735087537,14.4,-0.40131535260704926,-0.01097899503705315,0.9989335152566614,1.0001684351556812
-0.06,1.0312350735087537,14.450000000000001,-0.40022005009426614,-0.01092710479105523,0.9989463897288255,1.0001665057309252
-0.06,1.0312350735087537,14.5,-0.3991299204329497,-0.010875537687465015,0.9989590661219911,1.0001646039059853
-0.06,1.0312350735087537,14.55,-0.3980449313979846,-0.010824291974443687,0.9989715480879204,1.000162729212484
-0.06,1.0312350735087537,14.600000000000001,-0.39696505094010304,-0.010773365886698366,0.99898383920061,1.0001608811911804
-0.06,1.0312350735087537,14.65,-0.3958902471871636,-0.010722757646559231,0.99899594295816,1.0001590593917746
-0.06,1.0312350735087537,14.700000000000001,-0.3948204884453266,-0.010672465465014918,0.9990078627845944,1.0001572633727054
-0.06,1.0312350735087537,14.75,-0.3937557432001268,-0.010622487542707712,0.9990196020316324,1.0001554927009646
-0.06,1.0312350735087537,14.8,-0.3926959801174504,-0.01057282207088993,0.9990311639804127,1.0001537469519093
-0.06,1.0312350735087537,14.850000000000001,-0.39164116804441795,-0.010523467232342864,0.9990425518431718,1.0001520257090766
-0.06,1.0312350735087537,14.9,-0.3905912760101792,-0.0104744212022596,0.9990537687648784,1.0001503285640119
-0.06,1.0312350735087537,14.950000000000001,-0.3895462732266214,-0.010425682149092974,0.9990648178248254,1.0001486551160927
-0.06,1.0312350735087537,15.0,-0.38850612908899457,-0.01037724823536988,0.9990757020381761,1.000147004972358
-0.06,1.0312350735087537,15.05,-0.38747081317645926,-0.010329117618473209,0.9990864243574763,1.0001453777473466
-0.06,1.0312350735087537,15.100000000000001,-0.386440295252558,-0.01028128845139239,0.9990969876741226,1.000143773062933
-0.06,1.0312350735087537,15.15,-0.3854145452656141,-0.010233758883443826,0.9991073948197908,1.000142190548173
-0.06,1.0312350735087537,15.200000000000001,-0.38439353334905924,-0.010186527060962089,0.9991176485678334,1.0001406298391478
-0.06,1.0312350735087537,15.25,-0.38337722982169753,-0.010139591127963124,0.9991277516346332,1.0001390905788148
-0.06,1.0312350735087537,15.3,-0.382365605187902,-0.010092949226780239,0.9991377066809288,1.0001375724168624
-0.06,1.0312350735087537,15.350000000000001,-0.38135863013775256,-0.010046599498674003,0.9991475163131015,1.0001360750095658
-0.06,1.0312350735087537,15.4,-0.3803562755471117,-0.010000540084416839,0.9991571830844285,1.0001345980196472
-0.06,1.0312350735087537,15.450000000000001,-0.37935851247764796,-0.00995476912485335,0.9991667094963089,1.000133141116142
-0.06,1.0312350735087537,15.5,-0.37836531217680125,-0.009909284761437086,0.999176097999453,1.0001317039742619
-0.06,1.0312350735087537,15.55,-0.3773766460776992,-0.0098640851367447,0.9991853509950446,1.0001302862752681
-0.06,1.0312350735087537,15.600000000000001,-0.3763924857990229,-0.009819168394968238,0.9991944708358707,1.0001288877063437
-0.06,1.0312350735087537,15.65,-0.3754128031448246,-0.009774532682386332,0.9992034598274264,1.000127507960468
-0.06,1.0312350735087537,15.700000000000001,-0.37443757010430045,-0.00973017614781508,0.9992123202289882,1.000126146736297
-0.06,1.0312350735087537,15.75,-0.3734667588515208,-0.009686096943039301,0.9992210542546605,1.0001248037380461
-0.06,1.0312350735087537,15.8,-0.3725003417451161,-0.00964229322322488,0.9992296640744015,1.0001234786753723
-0.06,1.0312350735087537,15.850000000000001,-0.37153829132792593,-0.00959876314731285,0.9992381518150119,1.0001221712632613
-0.06,1.0312350735087537,15.9,-0.37058058032660857,-0.0095555048783959,0.9992465195611107,1.0001208812219204
-0.06,1.0312350735087537,15.950000000000001,-0.3696271816512127,-0.0095125165840779,0.9992547693560783,1.0001196082766663
-0.06,1.0312350735087537,16.0,-0.368678068394718,-0.00946979643681705,0.9992629032029833,1.0001183521578234
-0.06,1.0312350735087537,16.05,-0.36773321383253954,-0.009427342614253296,0.9992709230654748,1.0001171126006188
-0.06,1.0312350735087537,16.1,-0.3667925914219997,-0.009385153299520417,0.9992788308686682,1.0001158893450823
-0.06,1.0312350735087537,16.150000000000002,-0.36585617480177296,-0.00934322668154359,0.9992866284999935,1.0001146821359492
-0.06,1.0312350735087537,16.2,-0.3649239377913001,-0.009301560955322672,0.9992943178100354,1.0001134907225624
-0.06,1.0312350735087537,16.25,-0.3639958543901735,-0.009260154322201909,0.9993019006133422,1.0001123148587796
-0.06,1.0312350735087537,16.3,-0.36307189877749885,-0.009219004990126504,0.9993093786892255,1.0001111543028827
-0.06,1.0312350735087537,16.35,-0.36215204531122913,-0.00917811117388644,0.9993167537825269,1.0001100088174848
-0.06,1.0312350735087537,16.400000000000002,-0.3612362685274774,-0.009137471095348149,0.9993240276043809,1.0001088781694458
-0.06,1.0312350735087537,16.45,-0.3603245431398039,-0.009097082983674391,0.9993312018329479,1.0001077621297865
-0.06,1.0312350735087537,16.5,-0.35941684403848484,-0.009056945075532742,0.9993382781141341,1.0001066604736022
-0.06,1.0312350735087537,16.55,-0.3585131462897578,-0.009017055615293161,0.9993452580622932,1.0001055729799833
-0.06,1.0312350735087537,16.6,-0.35761342513504973,-0.008977412855215035,0.9993521432609103,1.0001044994319344
-0.06,1.0312350735087537,16.650000000000002,-0.3567176559901854,-0.008938015055624035,0.9993589352632717,1.000103439616296
-0.06,1.0312350735087537,16.7,-0.35582581444457834,-0.008898860485079197,0.9993656355931161,1.0001023933236686
-0.06,1.0312350735087537,16.75,-0.3549378762604063,-0.008859947420530558,0.9993722457452687,1.0001013603483362
-0.06,1.0312350735087537,16.8,-0.3540538173717694,-0.008821274147467705,0.999378767186267,1.0001003404881954
-0.06,1.0312350735087537,16.85,-0.35317361388383556,-0.0087828389600596,0.9993852013549622,1.0000993335446817
-0.06,1.0312350735087537,16.900000000000002,-0.3522972420719694,-0.008744640161285957,0.9993915496631144,1.0000983393227008
-0.06,1.0312350735087537,16.95,-0.3514246783808506,-0.008706676063060494,0.9993978134959676,1.000097357630559
-0.06,1.0312350735087537,17.0,-0.3505558994235784,-0.00866894498634635,0.9994039942128159,1.000096388279899
-0.06,1.0312350735087537,17.05,-0.3496908819807645,-0.00863144526126407,0.9994100931475536,1.0000954310856303
-0.06,1.0312350735087537,17.1,-0.3488296029996159,-0.008594175227192212,0.9994161116092106,1.0000944858658674
-0.06,1.0312350735087537,17.150000000000002,-0.34797203959300693,-0.00855713323286107,0.9994220508824803,1.0000935524418688
-0.06,1.0312350735087537,17.2,-0.3471181690385424,-0.00852031763643968,0.999427912228231,1.000092630637972
-0.06,1.0312350735087537,17.25,-0.34626796877761046,-0.0084837268056163,0.9994336968840049,1.0000917202815354
-0.06,1.0312350735087537,17.3,-0.3454214164144297,-0.00844735911767276,0.9994394060645099,1.0000908212028807
-0.06,1.0312350735087537,17.35,-0.3445784897150869,-0.008411212959552812,0.9994450409620955,1.000089933235234
-0.06,1.0312350735087537,17.400000000000002,-0.34373916660656745,-0.008375286727924652,0.9994506027472172,1.000089056214669
-0.06,1.0312350735087537,17.45,-0.3429034251757819,-0.008339578829238045,0.9994560925688963,1.000088189980055
-0.06,1.0312350735087537,17.5,-0.3420712436685824,-0.008304087679776001,0.9994615115551595,1.0000873343729977
-0.06,1.0312350735087537,17.55,-0.34124260048877925,-0.008268811705701437,0.9994668608134794,1.0000864892377943
-0.06,1.0312350735087537,17.6,-0.3404174741971476,-0.008233749343098874,0.9994721414311935,1.000085654421374
-0.06,1.0312350735087537,17.650000000000002,-0.3395958435104332,-0.008198899038011425,0.9994773544759237,1.000084829773254
-0.06,1.0312350735087537,17.7,-0.3387776873003525,-0.008164259246473241,0.9994825009959768,1.0000840151454844
-0.06,1.0312350735087537,17.75,-0.3379629845925908,-0.008129828434537611,0.9994875820207467,1.000083210392606
-0.06,1.0312350735087537,17.8,-0.3371517145657953,-0.008095605078300858,0.9994925985610936,1.0000824153715977
-0.06,1.0312350735087537,17.85,-0.33634385655056886,-0.008061587663922226,0.9994975516097298,1.0000816299418336
-0.06,1.0312350735087537,17.900000000000002,-0.3355393900284587,-0.008027774687639917,0.9995024421415846,1.0000808539650354
-0.06,1.0312350735087537,17.95,-0.3347382946309455,-0.007994164655783422,0.9995072711141662,1.000080087305231
-0.06,1.0312350735087537,18.0,-0.3339405501384295,-0.007960756084782247,0.999512039467916,1.0000793298287067
-0.06,1.0312350735087537,18.05,-0.3331461364792173,-0.007927547501171342,0.9995167481265523,1.0000785814039697
-0.06,1.0312350735087537,18.1,-0.33235503372850755,-0.007894537441593148,0.9995213979974082,1.0000778419017027
-0.06,1.0312350735087537,18.150000000000002,-0.3315672221073755,-0.007861724452796585,0.9995259899717603,1.0000771111947244
-0.06,1.0312350735087537,18.2,-0.3307826819817588,-0.007829107091632998,0.9995305249251533,1.0000763891579516
-0.06,1.0312350735087537,18.25,-0.33000139386144345,-0.007796683925049247,0.9995350037177122,1.0000756756683549
-0.06,1.0312350735087537,18.3,-0.32922333839905077,-0.007764453530078036,0.999539427194452,1.000074970604926
-0.06,1.0312350735087537,18.35,-0.3284484963890246,-0.007732414493825604,0.9995437961855783,1.000074273848639
-0.06,1.0312350735087537,18.400000000000002,-0.32767684876662,-0.007700565413456883,0.999548111506782,1.0000735852824088
-0.06,1.0312350735087537,18.45,-0.32690837660689454,-0.007668904896178267,0.9995523739595276,1.0000729047910637
-0.06,1.0312350735087537,18.5,-0.32614306112370034,-0.007637431559218033,0.999556584331333,1.0000722322613016
-0.06,1.0312350735087537,18.55,-0.3253808836686784,-0.007606144029804597,0.9995607433960478,1.000071567581662
-0.06,1.0312350735087537,18.6,-0.32462182573025555,-0.007575040945142618,0.9995648519141209,1.0000709106424894
-0.06,1.0312350735087537,18.650000000000002,-0.32386586893264424,-0.007544120952387113,0.9995689106328619,1.0000702613358985
-0.06,1.0312350735087537,18.7,-0.3231129950348437,-0.007513382708615673,0.9995729202867033,1.0000696195557468
-0.06,1.0312350735087537,18.75,-0.32236318592964563,-0.007482824880798767,0.9995768815974486,1.0000689851975981
-0.06,1.0312350735087537,18.8,-0.3216164236426427,-0.0074524461457683815,0.9995807952745204,1.0000683581586924
-0.06,1.0312350735087537,18.85,-0.3208726903312391,-0.007422245190184954,0.9995846620152017,1.0000677383379188
-0.06,1.0312350735087537,18.900000000000002,-0.3201319682836668,-0.007392220710502703,0.9995884825048698,1.0000671256357798
-0.06,1.0312350735087537,18.95,-0.3193942399180042,-0.007362371412933479,0.9995922574172297,1.0000665199543681
-0.06,1.0312350735087537,19.0,-0.31865948778119735,-0.007332696013409157,0.9995959874145388,1.0000659211973333
-0.06,1.0312350735087537,19.05,-0.3179276945480884,-0.0073031932375426855,0.9995996731478277,1.0000653292698563
-0.06,1.0312350735087537,19.1,-0.31719884302044604,-0.007273861820587804,0.9996033152571159,1.0000647440786221
-0.06,1.0312350735087537,19.150000000000002,-0.31647291612599904,-0.00724470050739754,0.9996069143716236,1.00006416553179
-0.06,1.0312350735087537,19.200000000000003,-0.31574989691747796,-0.007215708052381582,0.99961047110998,1.0000635935389697
-0.06,1.0312350735087537,19.25,-0.3150297685716575,-0.0071868832194624645,0.9996139860804234,1.0000630280111957
-0.06,1.0312350735087537,19.3,-0.3143125143884053,-0.007158224782030769,0.999617459881001,1.0000624688608988
-0.06,1.0312350735087537,19.35,-0.3135981177897367,-0.007129731522899335,0.9996208930997633,1.0000619160018855
-0.06,1.0312350735087537,19.400000000000002,-0.31288656231887113,-0.007101402234256481,0.9996242863149523,1.00006136934931
-0.06,1.0312350735087537,19.450000000000003,-0.31217783163929635,-0.007073235717618409,0.9996276400951892,1.0000608288196522
-0.06,1.0312350735087537,19.5,-0.3114719095338366,-0.007045230783780739,0.9996309549996542,1.0000602943306947
-0.06,1.0312350735087537,19.55,-0.31076877990372526,-0.007017386252769264,0.9996342315782677,1.000059765801497
-0.06,1.0312350735087537,19.6,-0.31006842676768415,-0.006989700953789992,0.999637470371861,1.0000592431523754
-0.06,1.0312350735087537,19.650000000000002,-0.30937083426100637,-0.006962173725178501,0.9996406719123492,1.0000587263048826
-0.06,1.0312350735087537,19.700000000000003,-0.3086759866346461,-0.006934803414348594,0.9996438367228994,1.0000582151817807
-0.06,1.0312350735087537,19.75,-0.3079838682543127,-0.006907588877740437,0.9996469653180904,1.0000577097070247
-0.06,1.0312350735087537,19.8,-0.30729446359957047,-0.006880528980768074,0.9996500582040765,1.000057209805741
-0.06,1.0312350735087537,19.85,-0.306607757262944,-0.006853622597766434,0.9996531158787432,1.000056715404204
-0.06,1.0312350735087537,19.900000000000002,-0.30592373394902894,-0.006826868611937888,0.9996561388318611,1.0000562264298194
-0.06,1.0312350735087537,19.950000000000003,-0.30524237847360847,-0.006800265915298295,0.9996591275452338,1.000055742811103
-0.06,1.0312350735087537,20.0,-0.3045636757627756,-0.006773813408622698,0.9996620824928495,1.0000552644776628
-0.06,1.0312350735087537,20.1,-0.3032141688855617,-0.006721354611730926,0.9996678929485329,1.0000543233903814
-0.06,1.0312350735087537,20.28615468146082,-0.3007296968434574,-0.0066252591513125385,0.9996783669945105,1.0000526252387218
-0.06,1.0312350735087537,20.47403342090323,-0.2982581128140811,-0.006530283798027028,0.9996885055297313,1.0000509793736982
-0.06,1.0312350735087537,20.663652185564246,-0.2957994451750795,-0.0064364213516023535,0.9996983194110335,1.0000493842478329
-0.06,1.0312350735087537,20.855027090560313,-0.29335372059784287,-0.0063436643702606335,0.9997078191515163,1.000047838355933
-0.06,1.0312350735087537,21.04817440025684,-0.29092096412067237,-0.006252005186268407,0.9997170149306916,1.000046340234098
-0.06,1.0312350735087537,21.243110529650455,-0.28850119922070594,-0.006161435920967518,0.9997259166043739,1.0000448884587445
-0.06,1.0312350735087537,21.439852045764102,-0.28609444788452104,-0.006071948499296629,0.9997345337143144,1.0000434816456458
-0.06,1.0312350735087537,21.638415669054964,-0.28370073067733065,-0.005983534663813084,0.999742875497585,1.000042118448987
-0.06,1.0312350735087537,21.83881827483555,-0.2813200668106711,-0.005896185988224665,0.9997509508957142,1.0000407975604395
-0.06,1.0312350735087537,22.04107689470784,-0.2789524742084838,-0.00580989389044098,0.9997587685635849,1.00003951770825
-0.06,1.0312350735087537,22.245208718010712,-0.27659796957149263,-0.005724649645153945,0.9997663368780924,1.0000382776563457
-0.06,1.0312350735087537,22.4512310932809,-0.2742565684397847,-0.005640444395956998,0.9997736639465746,1.0000370762034545
-0.06,1.0312350735087537,22.659161529727328,-0.27192828525351354,-0.005557269167012923,0.9997807576150137,1.0000359121822469
-0.06,1.0312350735087537,22.86901769871915,-0.2696131334116635,-0.005475114874280086,0.9997876254760146,1.0000347844584863
-0.06,1.0312350735087537,23.080817435287667,-0.2673111253288274,-0.005393972336307233,0.9997942748765691,1.000033691930201
-0.06,1.0312350735087537,23.294578739641963,-0.26502227248997556,-0.0053138322846072545,0.9998007129256044,1.00003263352687
-0.06,1.0312350735087537,23.510319778698783,-0.2627465855032153,-0.005234685373620335,0.9998069465013262,1.000031608208627
-0.06,1.0312350735087537,23.72805888762644,-0.26048407415056246,-0.005156522190277311,0.9998129822583586,1.0000306149654756
-0.06,1.0312350735087537,23.947814571403043,-0.25823474743677216,-0.005079333263174166,0.9998188266346811,1.0000296528165253
-0.06,1.0312350735087537,24.169605506389228,-0.25599861363629167,-0.005003109071368661,0.9998244858583776,1.0000287208092395
-0.06,1.0312350735087537,24.39345054191539,-0.2537756803384195,-0.004927840052810322,0.9998299659541886,1.0000278180187014
-0.06,1.0312350735087537,24.619368701883577,-0.2515659544907707,-0.004853516612414921,0.9998352727498853,1.0000269435468936
-0.06,1.0312350735087537,24.847379186384366,-0.24936944244114814,-0.004780129129794529,0.9998404118824539,1.0000260965219918
-0.06,1.0312350735087537,25.077501373328523,-0.24718614997794083,-0.004707667966654289,0.9998453888041133,1.0000252760976787
-0.06,1.0312350735087537,25.30975482009396,-0.24501608236915112,-0.004636123473866552,0.9998502087881477,1.000024481452463
-0.06,1.0312350735087537,25.544159265187808,-0.24285924440016673,-0.004565485998233102,0.9998548769345839,1.0000237117890265
-0.06,1.0312350735087537,25.780734629923902,-0.24071564041036808,-0.0044957458889455975,0.9998593981756912,1.0000229663335718
-0.06,1.0312350735087537,26.019501020115914,-0.2385852743286582,-0.00442689350375411,0.9998637772813317,1.0000222443351934
-0.06,1.0312350735087537,26.260478727786037,-0.23646814970798105,-0.004358919214853251,0.9998680188641477,1.0000215450652623
-0.06,1.0312350735087537,26.503688232889502,-0.23436426975887628,-0.004291813414494807,0.9998721273845972,1.0000208678168165
-0.06,1.0312350735087537,26.74915020505521,-0.23227363738209456,-0.004225566520335415,0.999876107155842,1.000020211903977
-0.06,1.0312350735087537,26.99688550534226,-0.23019625520028078,-0.004160168980527346,0.999879962348492,1.000019576661369
-0.06,1.0312350735087537,27.246915188012967,-0.22813212558870466,-0.004095611278559954,0.9998836969952035,1.0000189614435582
-0.06,1.0312350735087537,27.499260502322162,-0.22608125070500612,-0.004031883937858969,0.9998873149951449,1.0000183656245019
-0.06,1.0312350735087537,27.753942894323053,-0.224043632517896,-0.0039689775261504,0.9998908201183263,1.0000177885970127
-0.06,1.0312350735087537,28.010984008689945,-0.22201927283474704,-0.003906882659595443,0.9998942160097941,1.0000172297722332
-0.06,1.0312350735087537,28.270405690557713,-0.2200081733279951,-0.003845590006702568,0.9998975061937091,1.0000166885791224
-0.06,1.0312350735087537,28.532229987378305,-0.21801033556026195,-0.0037850902920227142,0.9999006940772878,1.0000161644639625
-0.06,1.0312350735087537,28.79647915079459,-0.2160257610081151,-0.0037253742996333256,0.9999037829546326,1.0000156568898633
-0.06,1.0312350735087537,29.063175638531384,-0.2140544510843776,-0.0036664328764168907,0.9999067760104415,1.0000151653362925
-0.06,1.0312350735087537,29.332342116304055,-0.21209640715890993,-0.00360825693513967,0.9999096763236015,1.0000146892986104
-0.06,1.0312350735087537,29.604001459744886,-0.2101516305777956,-0.003550837457336184,0.9999124868706751,1.000014228287617
-0.06,1.0312350735087537,29.8781767563471,-0.20822012268087983,-0.0034941654960052946,0.9999152105292751,1.0000137818291117
-0.06,1.0312350735087537,30.154891307427096,-0.20630188481762174,-0.0034382321781235296,0.9999178500813362,1.0000133494634615
-0.06,1.0312350735087537,30.43416863010471,-0.20439691836124696,-0.003383028706981734,0.9999204082162837,1.0000129307451862
-0.06,1.0312350735087537,30.716032459301825,-0.20250522472120155,-0.003328546364351002,0.9999228875341046,1.0000125252425445
-0.06,1.0312350735087537,31.00050674975963,-0.2006268053539313,-0.003274776512484082,0.9999252905483184,1.0000121325371392
-0.06,1.0312350735087537,31.287615678074335,-0.1987616617720309,-0.003221710595958609,0.9999276196888562,1.0000117522235275
-0.06,1.0312350735087537,31.577383644751972,-0.19690979555182267,-0.003169340143368387,0.999929877304852,1.0000113839088467
-0.06,1.0312350735087537,31.869835276282085,-0.1950712083394434,-0.0031176567688692754,0.9999320656673386,1.0000110272124407
-0.06,1.0312350735087537,32.16499542723059,-0.1932459018555276,-0.0030666521735859846,0.9999341869718622,1.000010681765508
-0.06,1.0312350735087537,32.462889182352235,-0.19143387789858649,-0.00301631814688617,0.9999362433410126,1.0000103472107449
-0.06,1.0312350735087537,32.763541858722334,-0.18963513834718806,-0.00296664656752803,0.9999382368268714,1.000010023202014
-0.06,1.0312350735087537,33.06697900788844,-0.18784968516104153,-0.0029176294046875596,0.9999401694133824,1.0000097094040084
-0.06,1.0312350735087537,33.373226418041924,-0.1860775203810897,-0.0028692587188712303,0.9999420430186441,1.0000094054919302
-0.06,1.0312350735087537,33.68231011620963,-0.18431864612870655,-0.002821526662719765,0.99994385949713,1.0000091111511797
-0.06,1.0312350735087537,33.99425637046573,-0.18257306460408432,-0.0027744254817083378,0.9999456206418351,1.0000088260770494
-0.06,1.0312350735087537,34.30909169216431,-0.1808407780838838,-0.0027279475147480173,0.9999473281863545,1.000008549974425
-0.06,1.0312350735087537,34.62684283819243,-0.17912178891820588,-0.0026820851946932293,0.9999489838068913,1.0000082825575016
-0.06,1.0312350735087537,34.94753681324406,-0.1774160995269238,-0.002636831048759323,0.9999505891242025,1.0000080235495001
-0.06,1.0312350735087537,35.2712008721152,-0.17572371239539938,-0.0025921776988541184,0.9999521457054771,1.000007772682396
-0.06,1.0312350735087537,35.597862522020144,-0.1740446300695865,-0.002548117861826906,0.9999536550661574,1.000007529696651
-0.06,1.0312350735087537,35.927549524929255,-0.17237885515050874,-0.0025046443496379894,0.9999551186716944,1.0000072943409606
-0.06,1.0312350735087537,36.26028989992831,-0.17072639028808095,-0.0024617500694515183,0.9999565379392502,1.0000070663719982
-0.06,1.0312350735087537,36.59611192559986,-0.16908723817422977,-0.0024194280236541415,0.9999579142393427,1.0000068455541742
-0.06,1.0312350735087537,36.93504414242648,-0.16746140153525932,-0.0023776713098016557,0.9999592488974328,1.0000066316593998
-0.06,1.0312350735087537,37.27711535521626,-0.1658488831233934,-0.002336473120495717,0.9999605431954631,1.0000064244668547
-0.06,1.0312350735087537,37.62235463555102,-0.16424968570742698,-0.0022958267431924364,0.9999617983733445,1.0000062237627643
-0.06,1.0312350735087537,37.97079132425686,-0.16266381206241085,-0.0022557255599446845,0.999963015630387,1.0000060293401836
-0.06,1.0312350735087537,38.32245503389777,-0.16109126495830223,-0.0022161630470797617,0.9999641961266945,1.0000058409987842
-0.06,1.0312350735087537,38.67737565129239,-0.1595320471475103,-0.002177132774814205,0.9999653409845015,1.0000056585446526
-0.06,1.0312350735087537,39.03558334005395,-0.15798616135128032,-0.002138628406807451,0.9999664512894675,1.000005481790087
-0.06,1.0312350735087537,39.3971085431537,-0.1564536102448687,-0.0021006436996561673,0.9999675280919359,1.0000053105534075
-0.06,1.0312350735087537,39.761981985508335,-0.15493439644147,-0.0020631725023312103,0.9999685724081377,1.0000051446587659
-0.06,1.0312350735087537,40.1302346765911,-0.15342852247487926,-0.002026208755559253,0.9999695852213639,1.000004983935966
-0.06,1.0312350735087537,40.50189791306716,-0.15193599078088257,-0.001989746491151276,0.9999705674830935,1.000004828220284
-0.06,1.0312350735087537,40.87700328145351,-0.15045680367738623,-0.001953779831280215,0.9999715201140855,1.0000046773522995
-0.06,1.0312350735087537,41.25558266080338,-0.1489909633433134,-0.0019183029877102805,0.9999724440054326,1.0000045311777268
-0.06,1.0312350735087537,41.63766822541544,-0.1475384717963103,-0.001883310260980469,0.9999733400195768,1.0000043895472535
-0.06,1.0312350735087537,42.02329244756837,-0.14609933086931923,-0.0018487960395449905,0.9999742089912977,1.000004252316385
-0.06,1.0312350735087537,42.41248810028041,-0.14467354218608666,-0.0018147547988732976,0.9999750517286554,1.0000041193452904
-0.06,1.0312350735087537,42.80528826009479,-0.14326110713568663,-0.0017811811005125477,0.9999758690139126,1.0000039904986564
-0.06,1.0312350735087537,43.20172630989064,-0.14186202684614685,-0.0017480695911152153,0.9999766616044152,1.0000038656455426
-0.06,1.0312350735087537,43.60183594172025,-0.1404763021572681,-0.0017154150014346663,0.999977430233452,1.0000037446592431
-0.06,1.0312350735087537,44.00565115967241,-0.1391039335927329,-0.0016832121452912757,0.9999781756110762,1.0000036274171522
-0.06,1.0312350735087537,44.413206282762204,-0.13774492133159535,-0.0016514559185117036,0.9999788984249036,1.000003513800633
-0.06,1.0312350735087537,44.824535947847835,-0.13639926517924222,-0.001620141297843685,0.9999795993408809,1.0000034036948906
-0.06,1.0312350735087537,45.23967511257426,-0.13506696453791087,-0.0015892633398485938,0.9999802790040299,1.0000032969888495
-0.06,1.0312350735087537,45.65865905834403,-0.13374801837683795,-0.0015588171797737964,0.999980938039161,1.0000031935750353
-0.06,1.0312350735087537,46.081523393315884,-0.13244242520210653,-0.0015287980304065725,0.9999815770515689,1.0000030933494568
-0.06,1.0312350735087537,46.50830405543093,-0.1311501830262454,-0.0014992011809112278,0.9999821966276983,1.0000029962114956
-0.06,1.0312350735087537,46.93903731546684,-0.1298712893376244,-0.0014700219956507053,0.9999827973357863,1.0000029020637986
-0.06,1.0312350735087537,47.37375978012049,-0.1286057410696742,-0.0014412559129937913,0.9999833797264882,1.0000028108121701
-0.06,1.0312350735087537,47.81250839511901,-0.1273535345699492,-0.0014128984441088123,0.9999839443334753,1.0000027223654728
-0.06,1.0312350735087537,48.25532044835962,-0.12611466556903841,-0.0013849451717444926,0.9999844916740137,1.0000026366355261
-0.06,1.0312350735087537,48.70223357307873,-0.12488912914931856,-0.001357391748998409,0.9999850222495247,1.0000025535370125
-0.06,1.0312350735087537,49.15328575105025,-0.12367691971353385,-0.0013302338980734258,0.9999855365461213,1.0000024729873846
-0.06,1.0312350735087537,49.608515315813406,-0.1224780309531803,-0.001303467409022203,0.9999860350351318,1.000002394906774
-0.06,1.0312350735087537,50.067960955930815,-0.12129245581666281,-0.0012770881384799257,0.9999865181735992,1.000002319217905
-0.06,1.0312350735087537,50.5316617182763,-0.12012018647719452,-0.0012510920083852164,0.9999869864047657,1.0000022458460114
-0.06,1.0312350735087537,50.99965701135351,-0.11896121430040074,-0.0012254750046892353,0.99998744015854,1.0000021747187515
-0.06,1.0312350735087537,51.47198660864504,-0.11781552981159617,-0.001200233176052901,0.9999878798519474,1.0000021057661341
-0.06,1.0312350735087537,51.9486906519927,-0.11668312266270126,-0.0011753626325323003,0.9999883058895656,1.0000020389204367
-0.06,1.0312350735087537,52.429809655009066,-0.11556398159877329,-0.0011508595442522751,0.9999887186639422,1.0000019741161332
-0.06,1.0312350735087537,52.91538450652049,-0.11445809442413207,-0.0011267201400684238,0.9999891185559984,1.0000019112898249
-0.06,1.0312350735087537,53.40545647404229,-0.11336544796806858,-0.0011029407062177205,0.9999895059354208,1.000001850380165
-0.06,1.0312350735087537,53.90006720728585,-0.11228602805013715,-0.001079517584958146,0.9999898811610349,1.0000017913277972
-0.06,1.0312350735087537,54.39925874169825,-0.11121981944504021,-0.0010564471731979112,0.9999902445811697,1.0000017340752865
-0.06,1.0312350735087537,54.90307350203484,-0.11016680584712556,-0.001033725921114841,0.999990596534006,1.000001678567057
-0.06,1.0312350735087537,55.41155430596479,-0.10912696983453225,-0.0010113503307668168,0.9999909373479119,1.000001624749331
-0.06,1.0312350735087537,55.924744367709856,-0.10810029283302883,-0.0009893169546941998,0.9999912673417698,1.0000015725700704
-0.06,1.0312350735087537,56.442687301717264,-0.10708675507959903,-0.0009676223945152638,0.9999915868252868,1.000001521978919
-0.06,1.0312350735087537,56.96542712636624,-0.10608633558584425,-0.0009462632995159056,0.9999918960993005,1.000001472927145
-0.06,1.0312350735087537,57.493008267708944,-0.10509901210127848,-0.0009252363652348834,0.9999921954560641,1.00000142536759
-0.06,1.0312350735087537,58.02547556324627,-0.10412476107659953,-0.0009045383320459553,0.9999924851795324,1.0000013792546167
-0.06,1.0312350735087537,58.562874265738245,-0.1031635576270309,-0.00088416598373839,0.9999927655456288,1.000001334544057
-0.06,1.0312350735087537,59.10525004705015,-0.10221537549582824,-0.0008641161460972501,0.9999930368225034,1.0000012911931637
-0.06,1.0312350735087537,59.65264900203377,-0.10128018701805369,-0.000844385685485011,0.9999932992707908,1.0000012491605657
-0.06,1.0312350735087537,60.2051176524451,-0.10035796308471862,-0.0008249715074259288,0.9999935531438439,1.0000012084062178
-0.06,1.0312350735087537,60.76270295089797,-0.09944867310739787,-0.000805870555194624,0.999993798687972,1.000001168891362
-0.06,1.0312350735087537,61.325452284854336,-0.09855228498341743,-0.0007870798084102787,0.9999940361426634,1.000001130578481
-0.06,1.0312350735087537,61.89341348065174,-0.09766876506171121,-0.0007685962816377523,0.9999942657408002,1.0000010934312569
-0.06,1.0312350735087537,62.466634807567864,-0.09679807810944317,-0.000750417022996872,0.9999944877088698,1.000001057414535
-0.06,1.0312350735087537,63.0451649819227,-0.09594018727948138,-0.0007325391127810562,0.9999947022671629,1.0000010224942804
-0.06,1.0312350735087537,63.629053171218956,-0.09509505407880571,-0.0007149596620862962,0.9999949096299674,1.0000009886375436
-0.06,1.0312350735087537,64.21834899832058,-0.09426263833792518,-0.0006976758114514826,0.9999951100057543,1.000000955812423
-0.06,1.0312350735087537,64.81310254566993,-0.09344289818137105,-0.000680684729510882,0.9999953035973573,1.0000009239880308
-0.06,1.0312350735087537,65.4133643595444,-0.09263578999932504,-0.0006639836116595334,0.9999954906021451,1.0000008931344588
-0.06,1.0312350735087537,66.01918545435197,-0.09184126842043627,-0.0006475696787322218,0.9999956712121898,1.0000008632227455
-0.06,1.0312350735087537,66.63061731696679,-0.09105928628586989,-0.0006314401756965817,0.9999958456144219,1.0000008342248432
-0.06,1.0312350735087537,67.24771191110499,-0.0902897946246267,-0.0006155923703608575,0.9999960139907914,1.0000008061135923
-0.06,1.0312350735087537,67.87052168174088,-0.0895327426301648,-0.0006000235520967417,0.9999961765184106,1.0000007788626846
-0.06,1.0312350735087537,68.49909955956402,-0.08878807763835114,-0.0005847310305777452,0.9999963333696994,1.0000007524466394
-0.06,1.0312350735087537,69.13349896547759,-0.0880557451067645,-0.0005697121345334508,0.9999964847125243,1.0000007268407753
-0.06,1.0312350735087537,69.77377381513884,-0.08733568859536979,-0.0005549642105200387,0.9999966307103286,1.000000702021182
-0.06,1.0312350735087537,70.41997852354069,-0.08662784974858205,-0.0005404846217075788,0.999996771522262,1.0000006779646953
-0.06,1.0312350735087537,71.0721680096366,-0.08593216827873486,-0.0005262707466843873,0.9999969073033017,1.0000006546488722
-0.06,1.0312350735087537,71.73039770100793,-0.08524858195097122,-0.000512319978279073,0.999997038204374,1.0000006320519657
-0.06,1.0312350735087537,72.39472353857458,-0.08457702656957473,-0.0004986297224007671,0.9999971643724643,1.0000006101529033
-0.06,1.0312350735087537,73.06520198134909,-0.08391743596576134,-0.0004851973968981973,0.9999972859507296,1.000000588931263
-0.06,1.0312350735087537,73.74189001123509,-0.08326974198695392,-0.00047202043043833463,0.9999974030786047,1.0000005683672508
-0.06,1.0312350735087537,74.42484513786997,-0.08263387448756782,-0.0004590962614054305,0.9999975158919019,1.0000005484416807
-0.06,1.0312350735087537,75.11412540351232,-0.08200976132133839,-0.00044642233682141367,0.9999976245229105,1.0000005291359555
-0.06,1.0312350735087537,75.80978938797494,-0.08139732833522516,-0.0004339961112886445,0.9999977291004902,1.0000005104320422
-0.06,1.0312350735087537,76.51189621360336,-0.08079649936493494,-0.00042181504595620745,0.9999978297501648,1.0000004923124592
-0.06,1.0312350735087537,77.22050555030022,-0.08020719623210876,-0.00040987660751099067,0.9999979265942063,1.0000004747602542
-0.06,1.0312350735087537,77.93567762059672,-0.07962933874322224,-0.0003981782671948872,0.9999980197517213,1.000000457758986
-0.06,1.0312350735087537,78.65747320477065,-0.0790628446902552,-0.00038671749984959256,0.9999981093387322,1.0000004412927093
-0.06,1.0312350735087537,79.38595364601184,-0.07850762985318849,-0.00037549178299050575,0.9999981954682561,1.0000004253459565
-0.06,1.0312350735087537,80.12118085563553,-0.0779636080043899,-0.00036449859591132755,0.9999982782503793,1.0000004099037227
-0.06,1.0312350735087537,80.86321731834431,-0.07743069091495315,-0.0003537354188210143,0.9999983577923304,1.0000003949514484
-0.06,1.0312350735087537,81.61212609753805,-0.07690878836305785,-0.0003431997320148036,0.999998434198551,1.000000380475007
-0.06,1.0312350735087537,82.36797084067375,-0.07639780814441449,-0.00033288901508095857,0.9999985075707644,1.0000003664606885
-0.06,1.0312350735087537,83.13081578467474,-0.07589765608486375,-0.0003228007461450436,0.9999985780080394,1.000000352895185
-0.06,1.0312350735087537,83.90072576138992,-0.07540823605519392,-0.00031293240115338637,0.9999986456068537,1.0000003397655806
-0.06,1.0312350735087537,84.67776620310352,-0.07492944998824055,-0.000303281453197437,0.999998710461156,1.0000003270593334
-0.06,1.0312350735087537,85.46200314809617,-0.07446119789832735,-0.00029384537188068905,0.9999987726624243,1.0000003147642653
-0.06,1.0312350735087537,86.25350324625728,-0.07400337790310424,-0.0002846216227297331,0.9999988322997218,1.0000003028685525
-0.06,1.0312350735087537,87.05233376474918,-0.07355588624783366,-0.00027560766665097203,0.9999988894597542,1.0000002913607082
-0.06,1.0312350735087537,87.85856259372419,-0.07311861733216733,-0.0002668009594344479,0.9999989442269208,1.0000002802295767
-0.06,1.0312350735087537,88.67225825209441,-0.07269146373945305,-0.0002581989513061037,0.9999989966833674,1.0000002694643184
-0.06,1.0312350735087537,89.49348989335462,-0.07227431626859972,-0.00024979908652974527,0.9999990469090354,1.0000002590544017
-0.06,1.0312350735087537,90.32232731145982,-0.07186706396852234,-0.00024159880305976874,0.9999990949817106,1.000000248989591
-0.06,1.0312350735087537,91.15884094675663,-0.07146959417518053,-0.00023359553224570973,0.9999991409770699,1.0000002392599399
-0.06,1.0312350735087537,92.0031018919696,-0.07108179255121365,-0.00022578669858943674,0.9999991849687272,1.000000229855777
-0.06,1.0312350735087537,92.85518189824359,-0.07070354312816722,-0.0002181697195557471,0.9999992270282768,1.0000002207677023
-0.06,1.0312350735087537,93.71515338124135,-0.0703347283512966,-0.00021074200543695268,0.9999992672253377,1.0000002119865745
-0.06,1.0312350735087537,94.58308942729796,-0.06997522912692256,-0.00020350095927192157,0.999999305627594,1.0000002035035043
-0.06,1.0312350735087537,95.45906379963219,-0.06962492487230611,-0.00019644397681990234,0.9999993423008351,1.000000195309844
-0.06,1.0312350735087537,96.34315094461576,-0.06928369356799975,-0.00018956844658931011,0.9999993773089979,1.000000187397184
-0.06,1.0312350735087537,97.23542599809973,-0.06895141181262346,-0.00018287174992154834,0.9999994107142025,1.0000001797573412
-0.06,1.0312350735087537,98.13596479180039,-0.06862795488000607,-0.00017635126112978643,0.9999994425767919,1.0000001723823533
-0.06,1.0312350735087537,99.04484385974408,-0.06831319677862255,-0.00017000434769246685,0.9999994729553667,1.0000001652644717
-0.06,1.0312350735087537,99.96214044477135,-0.06800701031325375,-0.0001638283705012698,0.9999995019068233,1.0000001583961555
-0.06,1.0312350735087537,100.88793250510167,-0.0677092671487838,-0.00015782068416302802,0.9999995294863872,1.000000151770064
-0.06,1.0312350735087537,101.82229872095873,-0.0674198378760469,-0.0001519786373550923,0.9999995557476485,1.0000001453790501
-0.06,1.0312350735087537,102.76531850125772,-0.06713859207962762,-0.00014629957323342103,0.9999995807425952,1.0000001392161564
-0.06,1.0312350735087537,103.71707199035326,-0.06686539840751479,-0.00014078082989267294,0.9999996045216458,1.0000001332746071
-0.06,1.0312350735087537,104.67764007485148,-0.06660012464250172,-0.000135419740877363,0.9999996271336828,1.0000001275478043
-0.06,1.0312350735087537,105.64710439048359,-0.06634263777522445,-0.00013021363574314545,0.999999648626083,1.0000001220293204
-0.06,1.0312350735087537,106.62554732904427,-0.0660928040787228,-0.0001251598406671108,0.9999996690447511,1.0000001167128971
-0.06,1.0312350735087537,107.61305204539366,-0.06585048918440699,-0.00012025567910593854,0.9999996884341478,1.0000001115924353
-0.06,1.0312350735087537,108.60970246452491,-0.06561555815931068,-0.0001154984725006142,0.999999706837322,1.0000001066619948
-0.06,1.0312350735087537,109.61558328869602,-0.06538787558450644,-0.00011088554102636407,0.9999997242959404,1.0000001019157867
-0.06,1.0312350735087537,110.63078000462876,-0.06516730563455958,-0.00010641420438632533,0.999999740850316,1.000000097348172
-0.06,1.0312350735087537,111.65537889077429,-0.06495371215789336,-0.00010208178264741744,0.9999997565394385,1.000000092953654
-0.06,1.0312350735087537,112.68946702464496,-0.06474695875793796,-9.788559711674875e-05,0.9999997714010024,1.000000088726878
-0.06,1.0312350735087537,113.73313229021528,-0.06454690887493311,-9.382297125683616e-05,0.9999997854714346,1.0000000846626236
-0.06,1.0312350735087537,114.78646338539066,-0.06435342586825483,-8.989123163778705e-05,0.9999997987859246,1.000000080755805
-0.06,1.0312350735087537,115.84954982954602,-0.0641663730991344,-8.608770892451296e-05,0.9999998113784481,1.0000000770014639
-0.06,1.0312350735087537,116.92248197113297,-0.0639856140136382,-8.240973889695877e-05,0.9999998232817998,1.0000000733947692
-0.06,1.0312350735087537,118.00535099535914,-0.06381101222577595,-7.885466350121244e-05,0.9999998345276169,1.0000000699310116
-0.06,1.0312350735087537,119.09824893193696,-0.06364243160060432,-7.541983192926841e-05,0.9999998451464062,1.000000066605601
-0.06,1.0312350735087537,120.2012686629055,-0.06347973633719287,-7.210260172515772e-05,0.9999998551675715,1.0000000634140644
-0.06,1.0312350735087537,121.31450393052383,-0.0633227910513191,-6.890033991497855e-05,0.99999986461944,1.0000000603520414
-0.06,1.0312350735087537,122.43804934523853,-0.06317146085775927,-6.58104241583817e-05,0.9999998735292884,1.0000000574152839
-0.06,1.0312350735087537,123.5720003937234,-0.06302561145204107,-6.283024391886524e-05,0.9999998819233678,1.0000000545996508
-0.06,1.0312350735087537,124.7164534469956,-0.06288510919152551,-5.995720165020027e-05,0.9999998898269306,1.000000051901107
-0.06,1.0312350735087537,125.87150576860506,-0.06274982117568396,-5.718871399624027e-05,0.9999998972642554,1.0000000493157217
-0.06,1.0312350735087537,127.03725552290106,-0.0626196153254387,-5.45222130012223e-05,0.9999999042586718,1.000000046839664
-0.06,1.0312350735087537,128.21380178337475,-0.06249436046143425,-5.195514732766189e-05,0.9999999108325847,1.0000000444692025
-0.06,1.0312350735087537,129.40124454107954,-0.06237392638110757,-4.94849834788359e-05,0.9999999170075017,1.000000042200701
-0.06,1.0312350735087537,130.59968471312828,-0.062258183934428196,-4.7109207022792944e-05,0.9999999228040549,1.0000000400306195
-0.06,1.0312350735087537,131.8092241512703,-0.062147005098177666,-4.4825323814809404e-05,0.9999999282420257,1.0000000379555096
-0.06,1.0312350735087537,133.02996565054787,-0.06204026304864128,-4.2630861215108346e-05,0.9999999333403685,1.0000000359720143
-0.06,1.0312350735087537,134.26201295803162,-0.061937832232586816,-4.052336929871863e-05,0.9999999381172376,1.000000034076865
-0.06,1.0312350735087537,135.5054707816382,-0.06183958843640575,-3.850042205422498e-05,0.9999999425900055,1.0000000322668805
-0.06,1.0312350735087537,136.76044479902887,-0.06174540885329695,-3.655961856824766e-05,0.9999999467752898,1.0000000305389642
-0.06,1.0312350735087537,138.02704166659132,-0.06165517214837394,-3.4698584192454434e-05,0.9999999506889746,1.0000000288901039
-0.06,1.0312350735087537,139.30536902850287,-0.06156875852158218,-3.291497168991314e-05,0.9999999543462349,1.0000000273173693
-0.06,1.0312350735087537,140.5955355258802,-0.06148604976831451,-3.120646235766949e-05,0.999999957761557,1.0000000258179107
-0.06,1.0312350735087537,141.8976508060113,-0.06140692933761894,-2.9570767122447853e-05,0.9999999609487616,1.0000000243889573
-0.06,1.0312350735087537,143.21182553167466,-0.06133128238789699,-2.8005627606454552e-05,0.9999999639210267,1.000000023027816
-0.06,1.0312350735087537,144.53817139054382,-0.06125899583999555,-2.6508817160330654e-05,0.9999999666909061,1.00000002173187
-0.06,1.0312350735087537,145.87680110468003,-0.06118995842760171,-2.5078141860398743e-05,0.9999999692703536,1.0000000204985766
-0.06,1.0312350735087537,147.22782844011104,-0.061124060744855845,-2.3711441467449488e-05,0.9999999716707433,1.0000000193254668
-0.06,1.0312350735087537,148.59136821650102,-0.0610611952911041,-2.2406590344440746e-05,0.9999999739028884,1.0000000182101447
-0.06,1.0312350735087537,149.9675363169076,-0.06100125651271916,-2.1161498330596456e-05,0.9999999759770641,1.0000000171502834
-0.06,1.0312350735087537,151.35644969763095,-0.060944140841925676,-1.997411156956526e-05,0.9999999779030257,1.0000000161436255
-0.06,1.0312350735087537,152.75822639815343,-0.06088974673257338,-1.8842413289425598e-05,0.9999999796900272,1.000000015187984
-0.06,1.0312350735087537,154.17298555117182,-0.060837974692809806,-1.7764424532512986e-05,0.9999999813468432,1.0000000142812366
-0.06,1.0312350735087537,155.60084739272125,-0.06078872731461284,-1.673820483321471e-05,0.9999999828817859,1.000000013421328
-0.06,1.0312350735087537,157.0419332723941,-0.06074190930015178,-1.5761852842062047e-05,0.9999999843027234,1.000000012606266
-0.06,1.0312350735087537,158.4963656636536,-0.06069742748495356,-1.4833506894649984e-05,0.9999999856170988,1.000000011834123
-0.06,1.0312350735087537,159.96426817424148,-0.06065519085786184,-1.39513455241011e-05,0.9999999868319449,1.0000000111030338
-0.06,1.0312350735087537,161.44576555668382,-0.06061511057778302,-1.3113587916020817e-05,0.9999999879539059,1.0000000104111924
-0.06,1.0312350735087537,162.94098371889282,-0.06057709998722499,-1.2318494305080538e-05,0.9999999889892495,1.000000009756854
-0.06,1.0312350735087537,164.4500497348682,-0.0605410746226413,-1.1564366312588054e-05,0.9999999899438881,1.0000000091383319
-0.06,1.0312350735087537,165.97309185549548,-0.06050695222160453,-1.0849547224597002e-05,0.9999999908233888,1.000000008553997
-0.06,1.0312350735087537,167.5102395194472,-0.06047465272684013,-1.0172422210388425e-05,0.9999999916329939,1.0000000080022755
-0.06,1.0312350735087537,169.06162336418203,-0.060444098287161754,-9.531418481253743e-06,0.9999999923776344,1.0000000074816502
-0.06,1.0312350735087537,170.6273752370482,-0.060415213255357175,-8.925005389860608e-06,0.999999993061943,1.0000000069906565
-0.06,1.0312350735087537,172.20762820648835,-0.06038792418308323,-8.35169447057465e-06,0.9999999936902709,1.0000000065278836
-0.06,1.0312350735087537,173.80251657334924,-0.060362159812835124,-7.810039421360448e-06,0.9999999942666995,1.0000000060919714
-0.06,1.0312350735087537,175.41217588229446,-0.06033785106706414,-7.298636028109055e-06,0.9999999947950537,1.0000000056816105
-0.06,1.0312350735087537,177.0367429333253,-0.06031493103452523,-6.816122032358118e-06,0.999999995278918,1.0000000052955416
-0.06,1.0312350735087537,178.67635579340572,-0.06029333495394204,-6.361176943633303e-06,0.9999999957216434,1.0000000049325528
-0.06,1.0312350735087537,180.33115380819694,-0.06027300019508474,-5.932521797742824e-06,0.9999999961263641,1.0000000045914785
-0.06,1.0312350735087537,182.00127761389967,-0.06025386623736103,-5.528918862570964e-06,0.9999999964960069,1.0000000042712005
-0.06,1.0312350735087537,183.68686914920713,-0.06023587464602683,-5.149171293039626e-06,0.9999999968333031,1.0000000039706445
-0.06,1.0312350735087537,185.38807166736675,-0.06021896904612835,-4.792122737062065e-06,0.9999999971407989,1.00000000368878
-0.06,1.0312350735087537,187.10502974835543,-0.06020309509429049,-4.456656894442254e-06,0.9999999974208656,1.000000003424619
-0.06,1.0312350735087537,188.83788931116757,-0.060188200448472444,-4.141697030783584e-06,0.9999999976757095,1.0000000031772136
-0.06,1.0312350735087537,190.58679762621514,-0.060174234735812814,-3.84620544859327e-06,0.9999999979073823,1.000000002945658
-0.06,1.0312350735087537,192.35190332784438,-0.060161149518690095,-3.569182917840208e-06,0.9999999981177877,1.000000002729084
-0.06,1.0312350735087537,194.13335642696757,-0.06014889825912714,-3.3096680683259675e-06,0.9999999983086935,1.0000000025266618
-0.06,1.0312350735087537,195.93130832381254,-0.060137436281668274,-3.0667367462820835e-06,0.9999999984817382,1.0000000023375986
-0.06,1.0312350735087537,197.74591182078862,-0.0601267207348601,-2.83950133766871e-06,0.9999999986384375,1.0000000021611373
-0.06,1.0312350735087537,199.5773211354742,-0.06011671055146718,-2.6271100606885665e-06,0.9999999987801951,1.0000000019965545
-0.06,1.0312350735087537,201.42569191372198,-0.060107366407552945,-2.4287462300674652e-06,0.9999999989083068,1.0000000018431614
-0.06,1.0312350735087537,203.29118124288746,-0.06009865068055656,-2.2436274956503776e-06,0.999999999023969,1.0000000017003015
-0.06,1.0312350735087537,205.1739476651793,-0.06009052740649461,-2.0710050579005707e-06,0.9999999991282847,1.0000000015673491
-0.06,1.0312350735087537,207.07415119113296,-0.0600829622364147,-1.910162862855386e-06,0.9999999992222712,1.0000000014437083
-0.06,1.0312350735087537,208.99195331321022,-0.060075922392227275,-1.7604167790811492e-06,0.9999999993068627,1.0000000013288148
-0.06,1.0312350735087537,210.92751701952352,-0.06006937662203718,-1.6211137591580806e-06,0.9999999993829186,1.000000001222129
-0.06,1.0312350735087537,212.88100680768738,-0.06006329515509578,-1.491630988164541e-06,0.9999999994512287,1.000000001123142
-0.06,1.0312350735087537,214.8525886987991,-0.060057649656489194,-1.3713750216060093e-06,0.9999999995125167,1.0000000010313685
-0.06,1.0312350735087537,216.84243025154836,-0.06005241318167644,-1.2597809151689931e-06,0.9999999995674453,1.00000000094635
-0.06,1.0312350735087537,218.85070057645706,-0.06004756013098494,-1.1563113486102529e-06,0.9999999996166214,1.0000000008676513
-0.06,1.0312350735087537,220.87757035025237,-0.06004306620416916,-1.0604557460348114e-06,0.9999999996605992,1.000000000794861
-0.06,1.0312350735087537,222.92321183037146,-0.06003890835513126,-9.717293947300976e-07,0.9999999996998856,1.0000000007275902
-0.06,1.0312350735087537,224.9877988696007,-0.06003506474689936,-8.896725646389586e-07,0.9999999997349419,1.0000000006654701
-0.06,1.0312350735087537,227.07150693085165,-0.06003151470695367,-8.138496304782766e-07,0.9999999997661888,1.0000000006081546
-0.06,1.0312350735087537,229.17451310207272,-0.06002823868298538,-7.438481983960344e-07,0.9999999997940089,1.0000000005553162
-0.06,1.0312350735087537,231.29699611129922,-0.060025218199168354,-6.792782389881991e-07,0.9999999998187498,1.0000000005066454
-0.06,1.0312350735087537,233.4391363418438,-0.060022435813018304,-6.197712283682602e-07,0.9999999998407267,1.000000000461852
-0.06,1.0312350735087537,235.60111584762504,-0.0600198750729086,-5.649792989060597e-07,0.9999999998602271,1.0000000004206624
-0.06,1.0312350735087537,237.78311836864148,-0.06001752047630671,-5.145744011324224e-07,0.9999999998775084,1.0000000003828189
-0.06,1.0312350735087537,239.98532934658564,-0.060015357428789814,-4.6824747820405017e-07,0.9999999998928059,1.000000000348081
-0.06,1.0312350735087537,242.20793594060487,-0.06001337220389293,-4.2570765421700685e-07,0.9999999999063306,1.0000000003162208
-0.06,1.0312350735087537,244.4511270432073,-0.060011551903837126,-3.8668143755389993e-07,0.999999999918273,1.0000000002870268
-0.06,1.0312350735087537,246.71509329631496,-0.06000988442118121,-3.5091194033684966e-07,0.9999999999288063,1.0000000002602998
-0.06,1.0312350735087537,249.00002710746668,-0.06000835840143364,-3.1815811496230955e-07,0.9999999999380842,1.0000000002358527
-0.06,1.0312350735087537,251.3061226661696,-0.06000696320665832,-2.8819400858307156e-07,0.9999999999462458,1.0000000002135119
-0.06,1.0312350735087537,253.6335759604023,-0.060005688880101264,-2.6080803629950454e-07,0.9999999999534163,1.000000000193115
-0.06,1.0312350735087537,255.98258479327197,-0.06000452611186172,-2.3580227374059025e-07,0.9999999999597076,1.0000000001745093
-0.06,1.0312350735087537,258.3533487998248,-0.06000346620562609,-2.1299176958981447e-07,0.9999999999652193,1.0000000001575537
-0.06,1.0312350735087537,260.7460694640121,-0.06000250104647931,-1.9220387853935614e-07,0.9999999999700417,1.0000000001421168
-0.06,1.0312350735087537,263.1609501358149,-0.060001623069803084,-1.732776150651615e-07,0.9999999999742543,1.0000000001280742
-0.06,1.0312350735087537,265.59819604852424,-0.06000082523126797,-1.5606302831097553e-07,0.9999999999779289,1.000000000115314
-0.06,1.0312350735087537,268.0580143361851,-0.06000010097792101,-1.4042059830460068e-07,0.9999999999811287,1.000000000103729
-0.06,1.0312350735087537,270.5406140511989,-0.05999944422036825,-1.2622065364970978e-07,0.99999999998391,1.0000000000932212
-0.06,1.0312350735087537,273.0462061820903,-0.05999884930604748,-1.1334281073165714e-07,0.9999999999863242,1.0000000000836997
-0.06,1.0312350735087537,275.57500367143905,-0.059998310993583666,-1.0167543446913212e-07,0.9999999999884152,1.0000000000750802
-0.06,1.0312350735087537,278.1272214339776,-0.05999782442821681,-9.111512049245094e-08,0.9999999999902222,1.0000000000672844
-0.06,1.0312350735087537,280.7030763748543,-0.05999738511828915,-8.156619864752004e-08,0.9999999999917809,1.0000000000602407
-0.06,1.0312350735087537,283.30278740807006,-0.059996988912775794,-7.294025759220073e-08,0.9999999999931222,1.0000000000538827
-0.06,1.0312350735087537,285.9265754750807,-0.059996631979841994,-6.515569028753552e-08,0.9999999999942737,1.000000000048149
-0.06,1.0312350735087537,288.57466356357577,-0.059996310786406305,-5.813726002729697e-08,0.9999999999952588,1.000000000042983
-0.06,1.0312350735087537,291.24727672642865,-0.05999602207868876,-5.181568670487459e-08,0.9999999999960997,1.0000000000383336
-0.06,1.0312350735087537,293.94464210082356,-0.05999576286372083,-4.612725292058863e-08,0.9999999999968151,1.0000000000341525
-0.06,1.0312350735087537,296.6669889275594,-0.0599955303917925,-4.101342949576901e-08,0.999999999997421,1.0000000000303961
-0.06,1.0312350735087537,299.4145485705322,-0.059995322139811055,-3.642051995917041e-08,0.9999999999979324,1.0000000000270246
-0.06,1.0312350735087537,302.18755453639716,-0.059995135795544476,-3.229932351642202e-08,0.9999999999983626,1.0000000000240015
-0.06,1.0312350735087537,304.9862424944146,-0.05999496924272223,-2.8604815991956527e-08,0.9999999999987219,1.0000000000212932
-0.06,1.0312350735087537,307.81085029647846,-0.0599948205469649,-2.5295848216436057e-08,0.9999999999990209,1.0000000000188687
-0.06,1.0312350735087537,310.6616179973303,-0.05999468794251413,-2.233486131856871e-08,0.999999999999268,1.0000000000167004
-0.06,1.0312350735087537,313.5387878749621,-0.059994569819733536,-1.968761835608546e-08,0.9999999999994703,1.0000000000147633
-0.06,1.0312350735087537,316.44260445120455,-0.05999446471335119,-1.732295171505964e-08,0.9999999999996348,1.000000000013034
-0.06,1.0312350735087537,319.3733145125105,-0.05999437129141449,-1.5212525702033145e-08,0.9999999999997675,1.0000000000114915
-0.06,1.0312350735087537,322.3311671309267,-0.05999428834492751,-1.3330613731131516e-08,0.9999999999998735,1.0000000000101161
-0.06,1.0312350735087537,325.31641368526283,-0.059994214778141756,-1.1653889538216958e-08,0.9999999999999571,1.0000000000088924
-0.06,1.0312350735087537,328.32930788245454,-0.05999414959947106,-1.016123181273579e-08,1.0000000000000218,1.0000000000078029
-0.06,1.0312350735087537,331.37010577912685,-0.05999409191300228,-8.833541675993539e-09,1.0000000000000715,1.0000000000068343
-0.06,1.0312350735087537,334.4390658033531,-0.05999404091057261,-7.653572415190935e-09,1.0000000000001088,1.0000000000059739
-0.06,1.0312350735087537,337.53644877662083,-0.0599939958643865,-6.605770900373114e-09,1.0000000000001366,1.0000000000052103
-0.06,1.0312350735087537,340.66251793599554,-0.0599939561201443,-5.6761301152935545e-09,1.0000000000001563,1.0000000000045328
-0.06,1.0312350735087537,343.81753895649405,-0.0599939210906562,-4.852052241539687e-09,1.0000000000001705,1.0000000000039326
-0.06,1.0312350735087537,347.00177997366285,-0.059993890249915485,-4.122221750695883e-09,1.0000000000001807,1.000000000003401
-0.06,1.0312350735087537,350.2155116063659,-0.05999386312760554,-3.476487963824167e-09,1.0000000000001878,1.0000000000029308
-0.06,1.0312350735087537,353.4590069797847,-0.05999383930401646,-2.9057565625709887e-09,1.0000000000001945,1.0000000000025149
-0.06,1.0312350735087537,356.73254174862967,-0.05999381840534729,-2.4018895301756994e-09,1.0000000000001998,1.0000000000021483
-0.06,1.0312350735087537,360.0363941205664,-0.059993800099371046,-1.9576130480429204e-09,1.0000000000002056,1.0000000000018245
-0.06,1.0312350735087537,363.37084487986095,-0.059993784091440336,-1.56643284959176e-09,1.0000000000002125,1.0000000000015392
-0.06,1.0312350735087537,366.73617741124224,-0.05999377012081272,-1.222556581372066e-09,1.0000000000002207,1.000000000001288
-0.06,1.0312350735087537,370.13267772398575,-0.05999375795727494,-9.208227305504078e-10,1.0000000000002314,1.000000000001068
-0.06,1.0312350735087537,373.5606344762222,-0.059993747398046894,-6.566356708691311e-10,1.0000000000002442,1.0000000000008746
-0.06,1.0312350735087537,377.02033899946696,-0.059993738264946805,-4.259064458800119e-10,1.0000000000002596,1.0000000000007059
-0.06,1.0312350735087537,380.5120853233824,-0.05999373040179923,-2.249988706029042e-10,1.0000000000002778,1.0000000000005582
-0.06,1.0312350735087537,384.03617020076405,-0.05999372367206997,-5.06805898955694e-11,1.0000000000002989,1.0000000000004303
-0.06,1.0312350735087537,387.5928931327621,-0.05999371795671087,9.992126935992401e-11,1.0000000000003226,1.0000000000003186
-0.06,1.0312350735087537,391.18255639433437,-0.05999371315219994,2.2936018549956073e-10,1.0000000000003493,1.000000000000223
-0.06,1.0312350735087537,394.8054650599374,-0.059993709168762094,3.3990640487882226e-10,1.0000000000003793,1.0000000000001408
-0.06,1.0312350735087537,398.4619270294508,-0.05999370592875689,4.3357947243445286e-10,1.0000000000004117,1.0000000000000704
-0.06,1.0312350735087537,402.15225305434814,-0.059993703365220745,5.121774332743964e-10,1.0000000000004463,1.0000000000000113
-0.06,1.0312350735087537,405.87675676410373,-0.05999370142055104,5.773029618896684e-10,1.0000000000004834,0.9999999999999619
-0.06,1.0312350735087537,409.6357546928489,-0.05999370004532119,6.30386693270746e-10,1.0000000000005222,0.999999999999921
-0.06,1.0312350735087537,413.4295663062725,-0.05999369919721589,6.727079885492405e-10,1.0000000000005633,0.9999999999998875
-0.06,1.0312350735087537,417.25851402877123,-0.059993698840076534,7.054133574248508e-10,1.0000000000006062,0.9999999999998614
-0.06,1.0312350735087537,421.12292327085265,-0.05999369894304752,7.295327663738754e-10,1.0000000000006497,0.9999999999998411
-0.06,1.0312350735087537,425.02312245678996,-0.05999369947981486,7.459940024983468e-10,1.0000000000006948,0.9999999999998264
-0.06,1.0312350735087537,428.95944305253283,-0.05999370042792863,7.556353139273846e-10,1.0000000000007403,0.9999999999998171
-0.06,1.0312350735087537,432.9322195938791,-0.05999370176820241,7.592164628626454e-10,1.0000000000007865,0.9999999999998116
-0.06,1.0312350735087537,436.9417897149054,-0.05999370348418221,7.57428369485574e-10,1.0000000000008327,0.9999999999998107
-0.06,1.0312350735087537,440.98849417666133,-0.05999370556167819,7.509014952713554e-10,1.0000000000008786,0.9999999999998131
-0.06,1.0312350735087537,445.0726768961314,-0.05999370798835426,7.402130900336418e-10,1.000000000000924,0.9999999999998185
-0.06,1.0312350735087537,449.19468497546023,-0.059993710753368686,7.258934350169547e-10,1.0000000000009686,0.9999999999998267
-0.06,1.0312350735087537,453.3548687314555,-0.059993713847061765,7.084311971749192e-10,1.000000000001012,0.9999999999998372
-0.06,1.0312350735087537,457.55358172535705,-0.05999371726068519,6.882779924044415e-10,1.0000000000010545,0.99999999999985
-0.06,1.0312350735087537,461.7911807928867,-0.05999372098616917,6.658522660461474e-10,1.000000000001095,0.9999999999998642
-0.06,1.0312350735087537,466.0680260745743,-0.05999372501592312,6.415425647940339e-10,1.0000000000011333,0.99999999999988
-0.06,1.0312350735087537,470.3844810463644,-0.059993729342666786,6.157102871222772e-10,1.00000000000117,0.9999999999998972
-0.06,1.0312350735087537,474.7409125505084,-0.059993733959287886,5.886919821840509e-10,1.0000000000012044,0.9999999999999154
-0.06,1.0312350735087537,479.1376908267404,-0.05999373885872385,5.608012594278676e-10,1.0000000000012361,0.9999999999999347
-0.06,1.0312350735087537,483.57518954374194,-0.059993744033864774,5.323303714019608e-10,1.0000000000012652,0.9999999999999543
-0.06,1.0312350735087537,488.0537858309,-0.05999374947747495,5.035515167290914e-10,1.0000000000012914,0.9999999999999741
-0.06,1.0312350735087537,492.5738603103579,-0.05999375518213084,4.747179128956772e-10,1.0000000000013147,0.9999999999999943
-0.06,1.0312350735087537,497.1357971293627,-0.05999376114017393,4.460646775316585e-10,1.0000000000013347,1.0000000000000144
-0.06,1.0312350735087537,501.7399839929145,-0.05999376734367571,4.178095560947961e-10,1.0000000000013518,1.0000000000000349
-0.06,1.0312350735087537,506.3868121967132,-0.05999377378441413,3.9015352595423615e-10,1.0000000000013656,1.0000000000000548
-0.06,1.0312350735087537,511.0766766604169,-0.05999378045385959,3.632813059870779e-10,1.000000000001376,1.0000000000000742
-0.06,1.0312350735087537,515.809975961202,-0.05999378734316889,3.373617931851026e-10,1.000000000001383,1.0000000000000935
-0.06,1.0312350735087537,520.5871123676386,-0.05999379444318674,3.1254844927477906e-10,1.0000000000013867,1.0000000000001121
-0.06,1.0312350735087537,525.4084918738774,-0.059993801744453026,2.8897965307732215e-10,1.000000000001387,1.00000000000013
-0.06,1.0312350735087537,530.2745242341559,-0.05999380923721541,2.6677903389860294e-10,1.0000000000013842,1.000000000000147
-0.06,1.0312350735087537,535.1856229976182,-0.0599938169114461,2.4605579500529355e-10,1.0000000000013778,1.0000000000001632
-0.06,1.0312350735087537,540.1422055434659,-0.059993824756862234,2.2690504459872912e-10,1.000000000001368,1.000000000000178
-0.06,1.0312350735087537,545.1446931164259,-0.0599938327629495,2.0940813003348535e-10,1.0000000000013554,1.0000000000001923
-0.06,1.0312350735087537,550.1935108625528,-0.05999384091898759,1.9363299862645779e-10,1.0000000000013396,1.0000000000002054
-0.06,1.0312350735087537,555.2890878653604,-0.059993849214077986,1.7963456188754347e-10,1.0000000000013212,1.0000000000002172
-0.06,1.0312350735087537,560.4318571822878,-0.059993857637173124,1.6745510310977065e-10,1.0000000000012996,1.000000000000228
-0.06,1.0312350735087537,565.6222558815047,-0.059993866177106475,1.5712469510943054e-10,1.0000000000012754,1.0000000000002376
-0.06,1.0312350735087537,570.8607250790558,-0.059993874822623375,1.4866165321342847e-10,1.000000000001249,1.0000000000002456
-0.06,1.0312350735087537,576.1477099763489,-0.05999388356241245,1.420730079609491e-10,1.00000000000122,1.0000000000002527
-0.06,1.0312350735087537,581.4836598979924,-0.05999389238513708,1.373550076535358e-10,1.0000000000011888,1.0000000000002582
-0.06,1.0312350735087537,586.8690283299819,-0.059993901279466896,1.3449364219504292e-10,1.0000000000011553,1.0000000000002627
-0.06,1.0312350735087537,592.3042729582397,-0.059993910234108966,1.334651868608029e-10,1.0000000000011204,1.000000000000266
-0.06,1.0312350735087537,597.7898557075149,-0.05999391923783882,1.3423677384801958e-10,1.0000000000010838,1.000000000000268
-0.06,1.0312350735087537,603.3262427806361,-0.059993928279530526,1.3676696717765753e-10,1.0000000000010456,1.0000000000002687
-0.06,1.0312350735087537,608.913904698138,-0.05999393734818674,1.410063650867003e-10,1.0000000000010059,1.0000000000002682
-0.06,1.0312350735087537,614.5533163382452,-0.05999394643296733,1.468982052424658e-10,1.0000000000009654,1.0000000000002662
-0.06,1.0312350735087537,620.2449569772324,-0.059993955523217624,1.5437897752229666e-10,1.0000000000009244,1.0000000000002636
-0.06,1.0312350735087537,625.9893103301563,-0.05999396460849563,1.633790440992952e-10,1.000000000000882,1.0000000000002593
-0.06,1.0312350735087537,631.7868645919671,-0.05999397367859811,1.7382326211678543e-10,1.00000000000084,1.0000000000002545
-0.06,1.0312350735087537,637.638112478994,-0.05999398272358592,1.8563160111864016e-10,1.000000000000797,1.0000000000002482
-0.06,1.0312350735087537,643.5435512708254,-0.05999399173380796,1.9871975392182144e-10,1.0000000000007545,1.000000000000241
-0.06,1.0312350735087537,649.5036828525664,-0.05999400069992423,2.1299975081276661e-10,1.0000000000007119,1.000000000000233
-0.06,1.0312350735087537,655.5190137574945,-0.059994009612927626,2.28380547606914e-10,1.0000000000006697,1.0000000000002243
-0.06,1.0312350735087537,661.5900552101086,-0.05999401846416449,2.4476861363379154e-10,1.0000000000006282,1.0000000000002145
-0.06,1.0312350735087537,667.7173231695753,-0.05999402724535419,2.620684984086688e-10,1.0000000000005869,1.0000000000002036
-0.06,1.0312350735087537,673.9013383735801,-0.059994035948607236,2.801833807011982e-10,1.000000000000547,1.0000000000001925
-0.06,1.0312350735087537,680.1426263825831,-0.059994044566442285,2.990156021535697e-10,1.0000000000005078,1.0000000000001807
-0.06,1.0312350735087537,686.4417176244827,-0.05999405309180177,3.184671757764315e-10,1.0000000000004698,1.0000000000001683
-0.06,1.0312350735087537,692.7991474396972,-0.059994061518066605,3.3844027163480397e-10,1.0000000000004328,1.0000000000001557
-0.06,1.0312350735087537,699.215456126661,-0.05999406983906913,3.5883768186785156e-10,1.000000000000398,1.0000000000001423
-0.06,1.0312350735087537,705.6911889877423,-0.059994078049105164,3.795632577327124e-10,1.0000000000003646,1.0000000000001281
-0.06,1.0312350735087537,712.2268963755895,-0.05999408614294472,4.0052231927297454e-10,1.0000000000003324,1.0000000000001144
-0.06,1.0312350735087537,718.8231337398989,-0.059994094115841425,4.2162204274084236e-10,1.0000000000003024,1.0000000000001
-0.06,1.0312350735087537,725.4804616746267,-0.05999410196354052,4.4277181529552773e-10,1.0000000000002747,1.000000000000085
-0.06,1.0312350735087537,732.1994459656265,-0.05999410968228598,4.6388356596592477e-10,1.0000000000002482,1.0000000000000704
-0.06,1.0312350735087537,738.9806576387373,-0.059994117268826024,4.848720650674384e-10,1.0000000000002245,1.0000000000000562
-0.06,1.0312350735087537,745.8246730083114,-0.05999412472041757,5.056551994738998e-10,1.0000000000002023,1.000000000000041
-0.06,1.0312350735087537,752.7320737261965,-0.05999413203482955,5.261542164361587e-10,1.0000000000001827,1.0000000000000258
-0.06,1.0312350735087537,759.7034468311634,-0.0599941392103447,5.462939421848549e-10,1.0000000000001659,1.0000000000000113
-0.06,1.0312350735087537,766.7393847988028,-0.05999414624576056,5.660029722874735e-10,1.0000000000001508,0.999999999999997
-0.06,1.0312350735087537,773.8404855918722,-0.05999415314038908,5.852138355989681e-10,1.0000000000001383,0.9999999999999826
-0.06,1.0312350735087537,781.0073527111184,-0.0599941598940549,6.038631324466629e-10,1.0000000000001277,0.9999999999999685
-0.06,1.0312350735087537,788.2405952465664,-0.05999416650709308,6.218916470497675e-10,1.00000000000012,0.9999999999999547
-0.06,1.0312350735087537,795.5408279292831,-0.059994172980345054,6.392444366488053e-10,1.0000000000001148,0.9999999999999414
-0.06,1.0312350735087537,802.9086711836236,-0.05999417931515393,6.558708944550819e-10,1.0000000000001115,0.9999999999999283
-0.06,1.0312350735087537,810.3447511799583,-0.05999418551335872,6.717247941743344e-10,1.0000000000001108,0.9999999999999158
-0.06,1.0312350735087537,817.8496998878867,-0.059994191577287186,6.867643095028165e-10,1.0000000000001121,0.9999999999999034
-0.06,1.0312350735087537,825.4241551299497,-0.05999419750974835,7.00952014916036e-10,1.0000000000001164,0.9999999999998914
-0.06,1.0312350735087537,833.0687606358348,-0.05999420331402339,7.14254866033977e-10,1.0000000000001226,0.99999999999988
-0.06,1.0312350735087537,840.7841660970844,-0.059994208993856026,7.26644163041635e-10,1.0000000000001308,0.9999999999998692
-0.06,1.0312350735087537,848.5710272223139,-0.05999421455344197,7.380954976090358e-10,1.0000000000001414,0.9999999999998592
-0.06,1.0312350735087537,856.4300057929329,-0.05999421999741736,7.485886804064467e-10,1.000000000000154,0.9999999999998493
-0.06,1.0312350735087537,864.3617697193946,-0.05999422533084665,7.581076595309671e-10,1.000000000000169,0.9999999999998405
-0.06,1.0312350735087537,872.3669930979535,-0.0599942305592095,7.66640420411913e-10,1.0000000000001852,0.999999999999832
-0.06,1.0312350735087537,880.4463562679581,-0.059994235688387146,7.741788759424706e-10,1.000000000000204,0.9999999999998241
-0.06,1.0312350735087537,888.6005458696701,-0.05999424072464794,7.807187457963066e-10,1.0000000000002245,0.9999999999998169
-0.06,1.0312350735087537,896.8302549026189,-0.059994245674632435,7.862594266580895e-10,1.0000000000002467,0.9999999999998106
-0.06,1.0312350735087537,905.1361827845002,-0.05999425054533765,7.908038460087543e-10,1.0000000000002702,0.9999999999998046
-0.06,1.0312350735087537,913.5190354106156,-0.05999425534410106,7.943583216824764e-10,1.0000000000002953,0.999999999999799
-0.06,1.0312350735087537,921.9795252138629,-0.05999426007858391,7.969324043021451e-10,1.0000000000003224,0.9999999999997945
-0.06,1.0312350735087537,930.5183712252855,-0.05999426475675408,7.985387149226089e-10,1.0000000000003502,0.9999999999997904
-0.06,1.0312350735087537,939.1362991351807,-0.0599942693868687,7.991927837592437e-10,1.0000000000003795,0.9999999999997872
-0.06,1.0312350735087537,947.8340413547725,-0.059994273977456256,7.989128789696021e-10,1.0000000000004101,0.9999999999997843
-0.06,1.0312350735087537,956.6123370784595,-0.05999427853729843,7.977198363427399e-10,1.0000000000004419,0.9999999999997825
-0.06,1.0312350735087537,965.4719323466358,-0.0599942830754118,7.956368868216199e-10,1.000000000000474,0.9999999999997811
-0.06,1.0312350735087537,974.4135801090915,-0.05999428760102903,7.926894804891555e-10,1.0000000000005071,0.9999999999997807
-0.06,1.0312350735087537,983.4380402890077,-0.05999429212358021,7.889051124865188e-10,1.0000000000005413,0.9999999999997797
-0.06,1.0312350735087537,992.5460798475383,-0.059994296652674,7.843131502923125e-10,1.000000000000576,0.9999999999997801
-0.06,1.0312350735087537,1001.7384728489908,-0.05999430119807835,7.789446579448635e-10,1.0000000000006113,0.9999999999997816
-0.06,1.0312350735087537,1011.0160005266158,-0.059994305769701675,7.728322244785253e-10,1.0000000000006466,0.9999999999997827
-0.06,1.0312350735087537,1020.3794513489946,-0.05999431037757385,7.660097985850823e-10,1.0000000000006821,0.9999999999997852
-0.06,1.0312350735087537,1029.8296210870567,-0.059994315031826985,7.585125176829219e-10,1.000000000000718,0.9999999999997878
-0.06,1.0312350735087537,1039.3673128817031,-0.059994319742676674,7.503765473332011e-10,1.0000000000007545,0.999999999999791
-0.06,1.0312350735087537,1048.993337312066,-0.059994324520403215,7.416389220987255e-10,1.0000000000007905,0.9999999999997944
-0.06,1.0312350735087537,1058.7085124643972,-0.059994329375332826,7.323373904462717e-10,1.0000000000008262,0.9999999999997986
-0.06,1.0312350735087537,1068.5136640015942,-0.0599943343178193,7.225102632690857e-10,1.0000000000008622,0.9999999999998029
-0.06,1.0312350735087537,1078.4096252333723,-0.05999433935822589,7.121962710233878e-10,1.0000000000008975,0.9999999999998079
-0.06,1.0312350735087537,1088.3972371870843,-0.059994344506907105,7.014344202630956e-10,1.0000000000009328,0.9999999999998134
-0.06,1.0312350735087537,1098.4773486791944,-0.05999434977419138,6.902638627669523e-10,1.0000000000009674,0.999999999999819
-0.06,1.0312350735087537,1108.650816387419,-0.05999435517036355,6.787237630536927e-10,1.0000000000010016,0.9999999999998249
-0.06,1.0312350735087537,1118.9185049235327,-0.059994360705647905,6.668531767842435e-10,1.000000000001035,0.9999999999998315
-0.06,1.0312350735087537,1129.2812869068487,-0.05999436639019172,6.546909348024128e-10,1.0000000000010678,0.9999999999998381
-0.06,1.0312350735087537,1139.740043038382,-0.059994372234049034,6.422755285621558e-10,1.0000000000010998,0.999999999999845
-0.06,1.0312350735087537,1150.2956621756925,-0.05999437824716488,6.296450098887871e-10,1.0000000000011309,0.9999999999998527
-0.06,1.0312350735087537,1160.9490414084332,-0.059994384439360116,6.168368878869122e-10,1.000000000001161,0.9999999999998598
-0.06,1.0312350735087537,1171.7010861345848,-0.059994390820316476,6.03888038935448e-10,1.0000000000011906,0.9999999999998672
-0.06,1.0312350735087537,1182.5527101374053,-0.059994397399562464,5.908346208725319e-10,1.0000000000012184,0.9999999999998753
-0.06,1.0312350735087537,1193.5048356630894,-0.059994404186459446,5.777119919017542e-10,1.000000000001246,0.9999999999998838
-0.06,1.0312350735087537,1204.55839349915,-0.059994411190188356,5.64554636156622e-10,1.000000000001272,0.9999999999998918
-0.06,1.0312350735087537,1215.7143230535173,-0.05999441841973715,5.513960986972202e-10,1.0000000000012967,0.9999999999999002
-0.06,1.0312350735087537,1226.9735724343827,-0.059994425883888494,5.382689208226626e-10,1.00000000000132,0.9999999999999085
-0.06,1.0312350735087537,1238.33709853077,-0.05999443359120825,5.252045865482733e-10,1.0000000000013427,0.9999999999999174
-0.06,1.0312350735087537,1249.8058670938608,-0.05999444155003445,5.122334711671524e-10,1.0000000000013634,0.9999999999999257
-0.06,1.0312350735087537,1261.3808528190714,-0.059994449768466844,4.993847984583361e-10,1.0000000000013831,0.999999999999934
-0.06,1.0312350735087537,1273.0630394288874,-0.059994458254357154,4.866866002578668e-10,1.0000000000014018,0.9999999999999429
-0.06,1.0312350735087537,1284.8534197564702,-0.059994467015299674,4.741656841998148e-10,1.0000000000014186,0.9999999999999515
-0.06,1.0312350735087537,1296.7529958300336,-0.05999447605862274,4.6184760482529935e-10,1.0000000000014344,0.9999999999999599
-0.06,1.0312350735087537,1308.7627789579997,-0.05999448539138069,4.497566407116472e-10,1.0000000000014482,0.9999999999999686
-0.06,1.0312350735087537,1320.883789814951,-0.05999449502034619,4.3791577570789985e-10,1.0000000000014613,0.9999999999999768
-0.06,1.0312350735087537,1333.1170585283726,-0.05999450495200379,4.263466854733386e-10,1.0000000000014722,0.9999999999999852
-0.06,1.0312350735087537,1345.4636247661995,-0.05999451519254323,4.150697276554353e-10,1.000000000001482,0.9999999999999933
-0.06,1.0312350735087537,1357.924537825179,-0.05999452574785404,4.0410393700702304e-10,1.0000000000014901,1.000000000000002
-0.06,1.0312350735087537,1370.500856720038,-0.059994536623520354,3.9346702420437113e-10,1.0000000000014975,1.0000000000000102
-0.06,1.0312350735087537,1383.1936502734964,-0.05999454782481645,3.8317537852177837e-10,1.000000000001503,1.000000000000018
-0.06,1.0312350735087537,1396.0039972070938,-0.05999455935670278,3.7324407394325883e-10,1.0000000000015068,1.0000000000000258
-0.06,1.0312350735087537,1408.9329862328714,-0.05999457122382267,3.6368687958113096e-10,1.0000000000015092,1.0000000000000333
-0.06,1.0312350735087537,1421.9817161458968,-0.05999458343049942,3.545162715549406e-10,1.0000000000015106,1.0000000000000409
-0.06,1.0312350735087537,1435.1512959176512,-0.059994595980734144,3.4574344948767426e-10,1.0000000000015106,1.0000000000000484
-0.06,1.0312350735087537,1448.4428447902692,-0.059994608878203945,3.3737835583328044e-10,1.0000000000015086,1.0000000000000553
-0.06,1.0312350735087537,1461.8574923716699,-0.05999462212626082,3.294296955952811e-10,1.0000000000015057,1.0000000000000622
-0.06,1.0312350735087537,1475.3963787315492,-0.059994635727930956,3.219049613799852e-10,1.0000000000015015,1.0000000000000688
-0.06,1.0312350735087537,1489.0606544982772,-0.05999464968591443,3.1481046004705665e-10,1.0000000000014961,1.0000000000000753
-0.06,1.0312350735087537,1502.8514809566846,-0.059994664002585685,3.081513376586553e-10,1.000000000001489,1.0000000000000815
-0.06,1.0312350735087537,1516.7700301467542,-0.059994678679994196,3.0193161256741187e-10,1.0000000000014808,1.0000000000000877
-0.06,1.0312350735087537,1530.8174849632353,-0.05999469371986576,2.9615420542082485e-10,1.0000000000014713,1.0000000000000933
-0.06,1.0312350735087537,1544.9950392561707,-0.059994709123604155,2.9082097166416855e-10,1.000000000001461,1.0000000000000988
-0.06,1.0312350735087537,1559.3038979323546,-0.05999472489229314,2.859327367701312e-10,1.0000000000014493,1.0000000000001041
-0.06,1.0312350735087537,1573.7452770577393,-0.05999474102669928,2.814893307666642e-10,1.0000000000014364,1.0000000000001095
-0.06,1.0312350735087537,1588.3204039607824,-0.059994757527274546,2.7748962544789656e-10,1.0000000000014222,1.000000000000114
-0.06,1.0312350735087537,1603.0305173367537,-0.05999477439415972,2.7393157145079535e-10,1.000000000001407,1.0000000000001181
-0.06,1.0312350735087537,1617.8768673530133,-0.05999479162718818,2.7081223492195277e-10,1.0000000000013916,1.0000000000001228
-0.06,1.0312350735087537,1632.8607157552478,-0.05999480922588971,2.681278377269613e-10,1.0000000000013745,1.0000000000001268
-0.06,1.0312350735087537,1647.9833359747165,-0.059994827189495094,2.6587379526990664e-10,1.0000000000013562,1.0000000000001303
-0.06,1.0312350735087537,1663.2460132364645,-0.05999484551694049,2.6404475728827945e-10,1.0000000000013378,1.0000000000001343
-0.06,1.0312350735087537,1678.6500446685554,-0.05999486420687267,2.6263464364869843e-10,1.0000000000013178,1.0000000000001374
-0.06,1.0312350735087537,1694.1967394123092,-0.059994883257654084,2.6163668774300847e-10,1.0000000000012976,1.0000000000001403
-0.06,1.0312350735087537,1709.8874187335668,-0.059994902667368386,2.6104347425017937e-10,1.0000000000012768,1.0000000000001428
-0.06,1.0312350735087537,1725.7234161349695,-0.05999492243382633,2.6084697696938846e-10,1.0000000000012548,1.0000000000001452
-0.06,1.0312350735087537,1741.706077469303,-0.05999494255457155,2.610386007198243e-10,1.0000000000012321,1.0000000000001477
-0.06,1.0312350735087537,1757.8367610538646,-0.059994963026886956,2.6160921678594246e-10,1.0000000000012088,1.0000000000001492
-0.06,1.0312350735087537,1774.1168377859105,-0.05999498384780104,2.625492039390686e-10,1.0000000000011853,1.0000000000001512
-0.06,1.0312350735087537,1790.547691259161,-0.059995005014094535,2.638484849845785e-10,1.0000000000011608,1.0000000000001523
-0.06,1.0312350735087537,1807.1307178813868,-0.059995026522307066,2.6549656298222526e-10,1.0000000000011362,1.0000000000001537
-0.06,1.0312350735087537,1823.867326993091,-0.0599950483687442,2.6748255870290834e-10,1.0000000000011111,1.0000000000001545
-0.06,1.0312350735087537,1840.7589409872808,-0.05999507054948441,2.6979524717427547e-10,1.0000000000010858,1.0000000000001554
-0.06,1.0312350735087537,1857.8069954303487,-0.05999509306038628,2.7242309170892763e-10,1.0000000000010594,1.0000000000001554
-0.06,1.0312350735087537,1875.012939184082,-0.059995115897095816,2.7535427787941964e-10,1.000000000001033,1.0000000000001557
-0.06,1.0312350735087537,1892.378234528796,-0.05999513905505376,2.7857674884304097e-10,1.0000000000010072,1.0000000000001559
-0.06,1.0312350735087537,1909.9043572876058,-0.05999516252950317,2.82078234585323e-10,1.0000000000009799,1.0000000000001557
-0.06,1.0312350735087537,1927.592796951861,-0.05999518631549676,2.8584628658477863e-10,1.000000000000953,1.0000000000001552
-0.06,1.0312350735087537,1945.4450568077177,-0.05999521040790467,2.8986830834095577e-10,1.0000000000009261,1.0000000000001543
-0.06,1.0312350735087537,1963.4626540639163,-0.05999523480142202,2.941315822510125e-10,1.0000000000008988,1.0000000000001539
-0.06,1.0312350735087537,1981.6471199807077,-0.05999525949057656,2.9862330154910985e-10,1.000000000000872,1.0000000000001525
-0.06,1.0312350735087537,2000.0,-0.05999528446973634,3.0333059563866087e-10,1.0000000000008447,1.0000000000001514
