Hinf,Tw,eta,H,F,G,T
-0.6,1.0467647075882167,0.0,0.0,0.0,0.0,1.0467647075882167
-0.6,1.0467647075882167,0.05,-0.0011659944426863215,0.0229347020230655,0.02938492213316889,1.0460567770837321
-0.6,1.0467647075882167,0.1,-0.004512264480617622,0.04362897285405267,0.05865800379557593,1.0453488809230538
-0.6,1.0467647075882167,0.15000000000000002,-0.009821727381013475,0.06222123389901798,0.08772022119567362,1.0446411039102357
-0.6,1.0467647075882167,0.2,-0.016890903243959712,0.0788450879816657,0.11648538833247338,1.0439335808394616
-0.6,1.0467647075882167,0.25,-0.02552942429798767,0.09362915131255527,0.14487898651415299,1.0432264911806222
-0.6,1.0467647075882167,0.30000000000000004,-0.035559529929507734,0.10669693458530088,0.17283708338957285,1.0425200540101203
-0.6,1.0467647075882167,0.35000000000000003,-0.04681555201741872,0.11816676787928355,0.20030533484684712,1.0418145231662035
-0.6,1.0467647075882167,0.4,-0.059143394753180895,0.12815176443864548,0.22723806380994924,1.0411101826156608
-0.6,1.0467647075882167,0.45,-0.07240001260178969,0.13675981877276758,0.25359741052905055,1.0404073420246733
-0.6,1.0467647075882167,0.5,-0.08645288960709299,0.14409363488173915,0.27935254943515603,1.0397063325309928
-0.6,1.0467647075882167,0.55,-0.10117952285844943,0.15025078075020992,0.30447896803226443,1.0390075027178691
-0.6,1.0467647075882167,0.6000000000000001,-0.11646691257253212,0.15532376557395447,0.3289578036450109,1.038311214792226
-0.6,1.0467647075882167,0.65,-0.13221106090159995,0.15940013648539592,0.35277523413788137,1.03761784097089
-0.6,1.0467647075882167,0.7000000000000001,-0.14831648126642907,0.1625625918275742,0.3759219189828092,1.0369277600791444
-0.6,1.0467647075882167,0.75,-0.16469571973020578,0.16488910829116227,0.39839248728267035,1.0362413543658597
-0.6,1.0467647075882167,0.8,-0.18126888967531923,0.1664530794768121,0.42018506956464796,1.0355590065388567
-0.6,1.0467647075882167,0.8500000000000001,-0.1979632208141998,0.16732346367616044,0.4413008703445036,1.034881097023288
-0.6,1.0467647075882167,0.9,-0.21471262335567892,0.16756493888005136,0.46174377863407473,1.0342080014446398
-0.6,1.0467647075882167,0.9500000000000001,-0.23145726795877436,0.16723806322276427,0.4815200137228518,1.033540088336619
-0.6,1.0467647075882167,1.0,-0.2481431819355573,0.1663994392571083,0.5006378037126296,1.0328777170727632
-0.6,1.0467647075882167,1.05,-0.2647218620127529,0.16510188062791914,0.5191070944236909,1.0322212360191199
-0.6,1.0467647075882167,1.1,-0.28114990382670424,0.1633945798715442,0.5369392864232703,1.0315709809039153
-0.6,1.0467647075882167,1.1500000000000001,-0.29738864820682825,0.1613232762170287,0.5541469980531626,1.0309272733987185
-0.6,1.0467647075882167,1.2000000000000002,-0.31340384419737327,0.15893042240158411,0.5707438524540301,1.0302904199043559
-0.6,1.0467647075882167,1.25,-0.32916532867503684,0.15625534963916807,0.5867442866999124,1.0296607105336266
-0.6,1.0467647075882167,1.3,-0.3446467223397061,0.15333442999722033,0.602163381267902,1.0290384182818888
-0.6,1.0467647075882167,1.35,-0.35982514178643726,0.1502012355433312,0.6170167081753181,1.0284237983757167
-0.6,1.0467647075882167,1.4000000000000001,-0.3746809273078274,0.14688669372140858,0.6313201962200671,1.0278170877891146
-0.6,1.0467647075882167,1.4500000000000002,-0.3891973860263852,0.14341923850624202,0.6450900118593781,1.0272185049162723
-0.6,1.0467647075882167,1.5,-0.4033605499155339,0.139824956966717,0.6583424543577557,1.0266282493894343
-0.6,1.0467647075882167,1.55,-0.4171589482346744,0.13612773094177735,0.6710938639268392,1.026046502030271
-0.6,1.0467647075882167,1.6,-0.4305833938775922,0.13234937359997878,0.6833605416678643,1.0254734249230277
-0.6,1.0467647075882167,1.6500000000000001,-0.4436267831136548,0.12850976071357745,0.6951586802116209,1.024909161597805
-0.6,1.0467647075882167,1.7000000000000002,-0.4562839081871069,0.12462695653193863,0.7065043040311088,1.024353837312479
-0.6,1.0467647075882167,1.75,-0.46855128223069675,0.12071733418703467,0.7174132184785909,1.0238075594220486
-0.6,1.0467647075882167,1.8,-0.4804269759452939,0.11679569060632593,0.7279009666713415,1.0232704178245666
-0.6,1.0467647075882167,1.85,-0.49191046549659473,0.11287535594573479,0.7379827934191893,1.0227424854732403
-0.6,1.0467647075882167,1.9000000000000001,-0.5030024910829413,0.10896829758811243,0.7476736154519342,1.0222238189447947
-0.6,1.0467647075882167,1.9500000000000002,-0.5137049256342442,0.10508521878091026,0.7569879972659554,1.021714459054741
-0.6,1.0467647075882167,2.0,-0.5240206531106374,0.10123565201102368,0.7659401319668679,1.021214431510767
-0.6,1.0467647075882167,2.0500000000000003,-0.533953455880326,0.09742804723533738,0.7745438265390486,1.020723747596093
-0.6,1.0467647075882167,2.1,-0.5435079106688459,0.09366985510264736,0.7828124910232738,1.020242404875234
-0.6,1.0467647075882167,2.15,-0.5526892925862527,0.08996760531669476,0.790759131130761,1.0197703879152595
-0.6,1.0467647075882167,2.2,-0.5615034867543099,0.08632698030129603,0.7983963438656462,1.0193076690162386
-0.6,1.0467647075882167,2.25,-0.5699569070723275,0.08275288433726807,0.8057363157685539,1.0188542089452013
-0.6,1.0467647075882167,2.3000000000000003,-0.5780564216775901,0.07924950834729072,0.8127908234314717,1.018409957668507
-0.6,1.0467647075882167,2.35,-0.5858092846741809,0.0758203905092629,0.8195712359688663,1.0179748550781043
-0.6,1.0467647075882167,2.4000000000000004,-0.5932230737222013,0.07246847288132056,0.8260885191619437,1.0175488317077168
-0.6,1.0467647075882167,2.45,-0.6003056330977555,0.06919615422272334,0.832353241022317,1.017131809435489
-0.6,1.0467647075882167,2.5,-0.6070650218525011,0.06600533919445448,0.8383755785483278,1.016723702170136
-0.6,1.0467647075882167,2.5500000000000003,-0.6135094667198562,0.06289748412183614,0.8441653254718652,1.0163244165180791
-0.6,1.0467647075882167,2.6,-0.6196473194330795,0.059873639498878355,0.849731900816059,1.0159338524294843
-0.6,1.0467647075882167,2.6500000000000004,-0.6254870181382359,0.056934489410627,0.8550843581046872,1.0155519038215044
-0.6,1.0467647075882167,2.7,-0.6310370526024848,0.05408038804560056,0.8602313950827638,1.0151784591773867
-0.6,1.0467647075882167,2.75,-0.6363059329351071,0.051311393465615744,0.8651813638246392,1.0148134021204205
-0.6,1.0467647075882167,2.8000000000000003,-0.6413021615551517,0.048627298795046105,0.8699422811212173,1.0144566119620124
-0.6,1.0467647075882167,2.85,-0.6460342081555129,0.04602766098590707,0.8745218390516715,1.0141079642234219
-0.6,1.0467647075882167,2.9000000000000004,-0.6505104874286008,0.04351182730923567,0.8789274156574346,1.0137673311309274
-0.6,1.0467647075882167,2.95,-0.654739339333496,0.041078959717103396,0.883166085647396,1.0134345820844073
-0.6,1.0467647075882167,3.0,-0.6587290116986124,0.03872805721333624,0.8872446310732255,1.0131095840994915
-0.6,1.0467647075882167,3.0500000000000003,-0.6624876449673854,0.036457976364696394,0.8911695519226626,1.0127922022235993
-0.6,1.0467647075882167,3.1,-0.6660232589073538,0.034267450077940576,0.8949470765865905,1.0124822999263223
-0.6,1.0467647075882167,3.1500000000000004,-0.6693437411152284,0.03215510476187515,0.8985831721627838,1.0121797394647025
-0.6,1.0467647075882167,3.2,-0.6724568371621529,0.03011947598731001,0.9020835545655257,1.0118843822240826
-0.6,1.0467647075882167,3.25,-0.675370142234332,0.028159022751705214,0.9054536984158178,1.0115960890352522
-0.6,1.0467647075882167,3.3000000000000003,-0.6780910941345869,0.02627214044934306,0.9086988466918483,1.0113147204687025
-0.6,1.0467647075882167,3.35,-0.6806269675201918,0.024457172642054954,0.911824020123672,1.0110401371068327
-0.6,1.0467647075882167,3.4000000000000004,-0.6829848692615605,0.022712421719916737,0.9148340263198368,1.0107721997949948
-0.6,1.0467647075882167,3.45,-0.6851717348150239,0.021036158535905815,0.9177334686169988,1.0105107698722948
-0.6,1.0467647075882167,3.5,-0.6871943255110774,0.019426631093299986,0.920526754646423,1.0102557093830673
-0.6,1.0467647075882167,3.5500000000000003,-0.6890592266670956,0.01788207235960233,0.9232181046137647,1.0100068812699634
-0.6,1.0467647075882167,3.6,-0.6907728464406634,0.016400707275998388,0.9258115592906458,1.009764149549594
-0.6,1.0467647075882167,3.6500000000000004,-0.6923414153463299,0.014980759026797952,0.9283109877183754,1.0095273794716315
-0.6,1.0467647075882167,3.7,-0.6937709863648264,0.01362045462898265,0.9307200946257362,1.009296437662312
-0.6,1.0467647075882167,3.75,-0.6950674355795929,0.012318029897867495,0.9330424275640458,1.0090711922532167
-0.6,1.0467647075882167,3.8000000000000003,-0.6962364632808636,0.011071733840994335,0.9352813837638185,1.0088515129962115
-0.6,1.0467647075882167,3.85,-0.6972835954825833,0.00987983252869388,0.9374402167182649,1.0086372713654068
-0.6,1.0467647075882167,3.9000000000000004,-0.6982141858021005,0.008740612486282948,0.9395220424995931,1.0084283406469505
-0.6,1.0467647075882167,3.95,-0.6990334176569122,0.007652383649595663,0.9415298458146946,1.0082245960174572
-0.6,1.0467647075882167,4.0,-0.69974630673675,0.006613481922473387,0.9434664858072442,1.0080259146118435
-0.6,1.0467647075882167,4.05,-0.7003577037130152,0.005622271371954197,0.9453347016136172,1.0078321755812922
-0.6,1.0467647075882167,4.1000000000000005,-0.7008722971510027,0.004677146094199209,0.9471371176802752,1.0076432601420708
-0.6,1.0467647075882167,4.15,-0.7012946165935399,0.0037765317816620832,0.9488762488504563,1.007459051615848
-0.6,1.0467647075882167,4.2,-0.7016290357875843,0.0029188870196419914,0.9505545052280998,1.0072794354621701
-0.6,1.0467647075882167,4.25,-0.7018797760280391,0.0021027043381529886,0.9521741968269851,1.007104299303697
-0.6,1.0467647075882167,4.3,-0.7020509095955231,0.0013265110429822413,0.9537375380130455,1.0069335329447624
-0.6,1.0467647075882167,4.3500000000000005,-0.7021463632671282,0.000588869847892393,0.9552466517477636,1.0067670283838166
-0.6,1.0467647075882167,4.4,-0.7021699218813063,-0.00011162067186129614,0.9567035736404659,1.0066046798202577
-0.6,1.0467647075882167,4.45,-0.702125231939946,-0.0007763257861864807,0.9581102558171987,1.0064463836561344
-0.6,1.0467647075882167,4.5,-0.7020158052324976,-0.001406574460008726,0.9594685706137247,1.0062920384931728
-0.6,1.0467647075882167,4.55,-0.7018450224685951,-0.0020036593307805823,0.9607803141000075,1.0061415451255624
-0.6,1.0467647075882167,4.6000000000000005,-0.7016161369071509,-0.00256883679942219,0.9620472094433479,1.0059948065288857
-0.6,1.0467647075882167,4.65,-0.701332277971228,-0.003103327221695066,0.963270910117166,1.0058517278455845
-0.6,1.0467647075882167,4.7,-0.7009964548392515,-0.0036083151881432067,0.9644530029621726,1.0057122163672914
-0.6,1.0467647075882167,4.75,-0.7006115600042515,-0.0040849498817824076,0.9655950111064846,1.0055761815143676
-0.6,1.0467647075882167,4.800000000000001,-0.7001803727938657,-0.004534345503683621,0.9666983967510121,1.0054435348129434
-0.6,1.0467647075882167,4.8500000000000005,-0.6997055628447636,-0.004957581757487929,0.9677645638261949,1.0053141898697409
-0.6,1.0467647075882167,4.9,-0.699189693526016,-0.005355704384711425,0.9687948605259873,1.0051880623449463
-0.6,1.0467647075882167,4.95,-0.6986352253067034,-0.005729725743454145,0.9697905817247092,1.0050650699233679
-0.6,1.0467647075882167,5.0,-0.6980445190637656,-0.0060806254238228415,0.9707529712822093,1.0049451322841079
-0.6,1.0467647075882167,5.050000000000001,-0.6974198393267284,-0.006409350894016779,0.9716832242425302,1.0048281710689506
-0.6,1.0467647075882167,5.1000000000000005,-0.696763357456516,-0.006716818171612907,0.9725824889310686,1.0047141098496641
-0.6,1.0467647075882167,5.15,-0.696077154756084,-0.0070039125151254555,0.9734518689550008,1.0046028740943818
-0.6,1.0467647075882167,5.2,-0.6953632255110715,-0.007271489131409558,0.9742924251115522,1.0044943911332345
-0.6,1.0467647075882167,5.25,-0.6946234799590815,-0.007520373894930778,0.9751051772084671,1.0043885901233753
-0.6,1.0467647075882167,5.300000000000001,-0.6938597471865993,-0.007751364075336748,0.9758911058008631,1.0042854020135308
-0.6,1.0467647075882167,5.3500000000000005,-0.6930737779528676,-0.007965229070146764,0.9766511538484473,1.0041847595082107
-0.6,1.0467647075882167,5.4,-0.6922672474403595,-0.008162711139720221,0.9773862282969054,1.0040865970316775
-0.6,1.0467647075882167,5.45,-0.6914417579317439,-0.008344526141981992,0.9780972015870808,1.0039908506917887
-0.6,1.0467647075882167,5.5,-0.6905988414134898,-0.00851136426467041,0.9787849130954123,1.003897458243798
-0.6,1.0467647075882167,5.550000000000001,-0.6897399621064498,-0.008663890753136273,0.9794501705089155,1.0038063590542023
-0.6,1.0467647075882167,5.6000000000000005,-0.6888665189239588,-0.008802746631960429,0.9800937511378545,1.0037174940647091
-0.6,1.0467647075882167,5.65,-0.6879798478581469,-0.008928549418874547,0.9807164031690899,1.0036308057563967
-0.6,1.0467647075882167,5.7,-0.6870812242952993,-0.009041893829667238,0.9813188468629486,1.0035462381141202
-0.6,1.0467647075882167,5.75,-0.6861718652612245,-0.009143352472936446,0.9819017756963188,1.0034637365912302
-0.6,1.0467647075882167,5.800000000000001,-0.6852529315976958,-0.009233476533711366,0.982465857454559,1.0033832480746392
-0.6,1.0467647075882167,5.8500000000000005,-0.6843255300711256,-0.009312796445113574,0.9830117352746597,1.0033047208502888
-0.6,1.0467647075882167,5.9,-0.6833907154146952,-0.009381822547359869,0.9835400286419906,1.003228104569053
-0.6,1.0467647075882167,5.95,-0.6824494923052479,-0.009441045733528577,0.9840513343428607,1.0031533502131083
-0.6,1.0467647075882167,6.0,-0.681502817276283,-0.009490938081618907,0.984546227374984,1.0030804100628028
-0.6,1.0467647075882167,6.050000000000001,-0.6805516005684474,-0.009531953472529489,0.9850252618178639,1.0030092376640505
-0.6,1.0467647075882167,6.1000000000000005,-0.6795967079189451,-0.00956452819366939,0.9854889716650023,1.0029397877962596
-0.6,1.0467647075882167,6.15,-0.6786389622913104,-0.009589081527992281,0.9859378716197319,1.0028720164408351
-0.6,1.0467647075882167,6.2,-0.6776791455470176,-0.009606016328314171,0.986372457856414,1.0028058807502496
-0.6,1.0467647075882167,6.25,-0.6767180000603926,-0.00961571957683677,0.9867932087486122,1.002741339017703
-0.6,1.0467647075882167,6.300000000000001,-0.6757562302783175,-0.009618562929853787,0.9872005855658158,1.0026783506473815
-0.6,1.0467647075882167,6.3500000000000005,-0.6747945042262008,-0.009614903247666002,0.9875950331401816,1.002616876125321
-0.6,1.0467647075882167,6.4,-0.6738334549616949,-0.009605083109774055,0.9879769805047013,1.0025568769908786
-0.6,1.0467647075882167,6.45,-0.672873681977627,-0.00958943131545571,0.9883468415041257,1.0024983158088179
-0.6,1.0467647075882167,6.5,-0.6719157525555937,-0.00956826336986746,0.9887050153799176,1.0024411561420041
-0.6,1.0467647075882167,6.550000000000001,-0.6709602030716662,-0.009541881955839219,0.989051887330438,1.0023853625247212
-0.6,1.0467647075882167,6.6000000000000005,-0.6700075402556211,-0.009510577391555747,0.989387829047512,1.0023309004365897
-0.6,1.0467647075882167,6.65,-0.6690582424051009,-0.009474628074339976,0.9897131992304586,1.0022777362771005
-0.6,1.0467647075882167,6.7,-0.6681127605560807,-0.00943430091077179,0.9900283440786307,1.00222583734075
-0.6,1.0467647075882167,6.75,-0.6671715196109955,-0.00938985173339099,0.9903335977634389,1.0021751717927774
-0.6,1.0467647075882167,6.800000000000001,-0.6662349194258607,-0.009341525704246375,0.9906292828808035,1.0021257086454904
-0.6,1.0467647075882167,6.8500000000000005,-0.6653033358576764,-0.009289557705563261,0.9909157108849195,1.0020774177351819
-0.6,1.0467647075882167,6.9,-0.6643771217734085,-0.009234172717810102,0.9911931825041828,1.0020302696996244
-0.6,1.0467647075882167,6.95,-0.6634566080217704,-0.009175586185451733,0.9914619881400876,1.0019842359561353
-0.6,1.0467647075882167,7.0,-0.66254210436904,-0.009114004370681515,0.9917224082498515,1.0019392886802019
-0.6,1.0467647075882167,7.050000000000001,-0.6616339004000887,-0.009049624695428079,0.9919747137135059,1.0018954007846652
-0.6,1.0467647075882167,7.1000000000000005,-0.6607322663857875,-0.008982636071934648,0.9922191661861418,1.0018525458994412
-0.6,1.0467647075882167,7.15,-0.6598374541179075,-0.008913219222209558,0.9924560184359694,1.001810698351781
-0.6,1.0467647075882167,7.2,-0.6589496977126275,-0.00884154698664675,0.992685514668822,1.0017698331470533
-0.6,1.0467647075882167,7.25,-0.6580692143837024,-0.008767784622113733,0.9929078908396992,1.0017299259500403
-0.6,1.0467647075882167,7.300000000000001,-0.6571962051863399,-0.008692090089802812,0.9931233749519242,1.0016909530667357
-0.6,1.0467647075882167,7.3500000000000005,-0.6563308557327912,-0.00861461433313869,0.9933321873444488,1.0016528914266392
-0.6,1.0467647075882167,7.4,-0.6554733368806365,-0.008535501546032396,0.993534540967832,1.0016157185655297
-0.6,1.0467647075882167,7.45,-0.6546238053947141,-0.008454889431767748,0.9937306416493703,1.0015794126087127
-0.6,1.0467647075882167,7.5,-0.6537824045836204,-0.008372909452802377,0.9939206883478686,1.0015439522547258
-0.6,1.0467647075882167,7.550000000000001,-0.6529492649116694,-0.00828968707176064,0.9941048733984692,1.0015093167594968
-0.6,1.0467647075882167,7.6000000000000005,-0.6521245045871846,-0.008205341983890958,0.9942833827479984,1.0014754859209423
-0.6,1.0467647075882167,7.65,-0.6513082301279585,-0.008119988341254878,0.994456396181205,1.0014424400639907
-0.6,1.0467647075882167,7.7,-0.6505005369046973,-0.008033734968909462,0.9946240875382931,1.0014101600260303
-0.6,1.0467647075882167,7.75,-0.6497015096632358,-0.00794668557333945,0.9947866249241205,1.0013786271427583
-0.6,1.0467647075882167,7.800000000000001,-0.6489112230262873,-0.007858938943389366,0.9949441709094012,1.0013478232344364
-0.6,1.0467647075882167,7.8500000000000005,-0.6481297419754639,-0.007770589143940211,0.9950968827242548,1.0013177305925243
-0.6,1.0467647075882167,7.9,-0.6473571223142833,-0.0076817257025691855,0.9952449124444289,1.001288331966701
-0.6,1.0467647075882167,7.95,-0.6465934111128478,-0.007592433789425018,0.9953884071704817,1.0012596105522424
-0.6,1.0467647075882167,8.0,-0.6458386471348703,-0.007502794390545356,0.9955275092002368,1.0012315499777706
-0.6,1.0467647075882167,8.05,-0.6450928612476828,-0.0074128844748366065,0.9956623561947698,1.0012041342933395
-0.6,1.0467647075882167,8.1,-0.6443560768158562,-0.007322777154930652,0.9957930813382068,1.0011773479588688
-0.6,1.0467647075882167,8.15,-0.6436283100790329,-0.0072325418421267905,0.9959198134915759,1.0011511758328986
-0.6,1.0467647075882167,8.200000000000001,-0.6429095705145527,-0.0071422443956213905,0.9960426773409635,1.001125603161676
-0.6,1.0467647075882167,8.25,-0.6421998611854296,-0.00705194726622172,0.9961617935401988,1.0011006155685431
-0.6,1.0467647075882167,8.3,-0.6414991790742303,-0.006961709634734766,0.996277278848296,1.001076199043637
-0.6,1.0467647075882167,8.35,-0.6408075154033672,-0.006871587545215992,0.9963892462618499,1.0010523399338784
-0.6,1.0467647075882167,8.4,-0.6401248559423189,-0.006781634033257404,0.9964978051426098,1.00102902493325
-0.6,1.0467647075882167,8.450000000000001,-0.6394511813022655,-0.00669189924948877,0.9966030613404032,1.0010062410733558
-0.6,1.0467647075882167,8.5,-0.6387864672185971,-0.0066024305784602964,0.9967051173115997,1.0009839757142414
-0.6,1.0467647075882167,8.55,-0.6381306848217689,-0.006513272753069888,0.9968040722333034,1.0009622165354912
-0.6,1.0467647075882167,8.6,-0.6374838008969212,-0.006424467964692831,0.996900022113421,1.000940951527569
-0.6,1.0467647075882167,8.65,-0.6368457781327008,-0.006336055969166575,0.9969930598967899,1.0009201689834129
-0.6,1.0467647075882167,8.700000000000001,-0.63621657535968,-0.006248074188778427,0.9970832755674975,1.0008998574902683
-0.6,1.0467647075882167,8.75,-0.6355961477787773,-0.0061605578103991684,0.9971707562475661,1.0008800059217582
-0.6,1.0467647075882167,8.8,-0.6349844471800428,-0.006073539879900539,0.997255586292113,1.0008606034301748
-0.6,1.0467647075882167,8.85,-0.6343814221521905,-0.005987051392990406,0.9973378473811529,1.0008416394389976
-0.6,1.0467647075882167,8.9,-0.6337870182832172,-0.005901121382594566,0.9974176186081515,1.0008231036356225
-0.6,1.0467647075882167,8.950000000000001,-0.6332011783524486,-0.005815777002909973,0.9974949765654592,1.0008049859642978
-0.6,1.0467647075882167,9.0,-0.6326238425143452,-0.005731043610249818,0.9975699954267502,1.0007872766192638
-0.6,1.0467647075882167,9.05,-0.6320549484743778,-0.005646944840796873,0.9976427470265731,1.000769966038088
-0.6,1.0467647075882167,9.1,-0.631494431657277,-0.005563502685377458,0.9977133009371265,1.0007530448951898
-0.6,1.0467647075882167,9.15,-0.6309422253679506,-0.005480737561364487,0.9977817245423628,1.000736504095546
-0.6,1.0467647075882167,9.200000000000001,-0.6303982609453487,-0.005398668381814384,0.9978480831095236,1.000720334768584
-0.6,1.0467647075882167,9.25,-0.6298624679095512,-0.005317312621938852,0.997912439858195,1.0007045282622389
-0.6,1.0467647075882167,9.3,-0.6293347741023348,-0.0052366863830091434,0.997974856026988,1.0006890761371845
-0.6,1.0467647075882167,9.35,-0.628815105821477,-0.005156804453786844,0.9980353909379213,1.0006739701612286
-0.6,1.0467647075882167,9.4,-0.6283033879490336,-0.0050776803695720685,0.9980941020585924,1.0006592023038616
-0.6,1.0467647075882167,9.450000000000001,-0.6277995440738292,-0.004999326468956586,0.9981510450622282,1.0006447647309653
-0.6,1.0467647075882167,9.5,-0.6273034966083826,-0.004921753948366434,0.998206273885683,1.0006306497996653
-0.6,1.0467647075882167,9.55,-0.6268151669004864,-0.0048449729144753985,0.9982598407854597,1.0006168500533354
-0.6,1.0467647075882167,9.600000000000001,-0.6263344753396458,-0.004768992434568157,0.9983117963918375,1.0006033582167313
-0.6,1.0467647075882167,9.65,-0.6258613414585827,-0.004693820584928563,0.9983621897611593,1.0005901671912774
-0.6,1.0467647075882167,9.700000000000001,-0.6253956840299967,-0.0046194644973264,0.9984110684263541,1.0005772700504667
-0.6,1.0467647075882167,9.75,-0.6249374211587677,-0.0045459304036729676,0.9984584784457649,1.0005646600354055
-0.6,1.0467647075882167,9.8,-0.6244864703697829,-0.004473223678913216,0.9985044644503228,1.0005523305504733
-0.6,1.0467647075882167,9.850000000000001,-0.624042748691561,-0.004401348882220317,0.9985490696891514,1.000540275159107
-0.6,1.0467647075882167,9.9,-0.6236061727358363,-0.004330309796555287,0.9985923360736394,1.0005284875797016
-0.6,1.0467647075882167,9.950000000000001,-0.6231766587732692,-0.004260109466652834,0.998634304220042,1.0005169616816245
-0.6,1.0467647075882167,10.0,-0.6227541228054327,-0.00419075023549195,0.998675013490668,1.0005056914813435
-0.6,1.0467647075882167,10.05,-0.6223384806332244,-0.004122233779307619,0.9987145020336934,1.0004946711386555
-0.6,1.0467647075882167,10.100000000000001,-0.621929647921851,-0.0040545611411983125,0.9987528068216633,1.0004838949530273
-0.6,1.0467647075882167,10.15,-0.6215275402625164,-0.003987732763381505,0.9987899636887071,1.000473357360029
-0.6,1.0467647075882167,10.200000000000001,-0.6211320732309524,-0.003921748518147993,0.9988260073665398,1.0004630529278729
-0.6,1.0467647075882167,10.25,-0.6207431624429152,-0.0038566077375635287,0.9988609715192683,1.0004529763540446
-0.6,1.0467647075882167,10.3,-0.6203607236067744,-0.003792309241964857,0.9988948887770572,1.000443122462023
-0.6,1.0467647075882167,10.350000000000001,-0.6199846725733091,-0.0037288513672953296,0.9989277907686877,1.0004334861980944
-0.6,1.0467647075882167,10.4,-0.6196149253828263,-0.003666231991323663,0.9989597081530548,1.0004240626282546
-0.6,1.0467647075882167,10.450000000000001,-0.6192513983097141,-0.003604448558787836,0.9989906706496317,1.0004148469351906
-0.6,1.0467647075882167,10.5,-0.6188940079045284,-0.003543498105504602,0.9990207070679403,1.000405834415345
-0.6,1.0467647075882167,10.55,-0.6185426710337246,-0.0034833772814835524,0.9990498453360697,1.000397020476068
-0.6,1.0467647075882167,10.600000000000001,-0.6181973049171191,-0.0034240823730832775,0.9990781125282563,1.000388400632832
-0.6,1.0467647075882167,10.65,-0.6178578271631873,-0.003365609324245825,0.999105534891579,1.0003799705065357
-0.6,1.0467647075882167,10.700000000000001,-0.6175241558022796,-0.003307953756844249,0.9991321378717897,1.0003717258208729
-0.6,1.0467647075882167,10.75,-0.6171962093178477,-0.0032511109901768396,0.9991579461383007,1.0003636623997714
-0.6,1.0467647075882167,10.8,-0.61687390667576,-0.0031950760596404135,0.999182983608379,1.0003557761649082
-0.6,1.0467647075882167,10.850000000000001,-0.6165571673517922,-0.0031398437346136575,0.9992072734705484,1.0003480631332797
-0.6,1.0467647075882167,10.9,-0.6162459113573671,-0.0030854085355807533,0.9992308382072512,1.0003405194148485
-0.6,1.0467647075882167,10.950000000000001,-0.6159400592636176,-0.0030317647505239674,0.9992536996167739,1.0003331412102447
-0.6,1.0467647075882167,11.0,-0.6156395322238459,-0.002978906450613165,0.9992758788344721,1.0003259248085297
-0.6,1.0467647075882167,11.05,-0.6153442519944511,-0.0029268275052190657,0.9992973963533218,1.0003188665850271
-0.6,1.0467647075882167,11.100000000000001,-0.6150541409543829,-0.002875521596275963,0.9993182720438063,1.0003119629991952
-0.6,1.0467647075882167,11.15,-0.6147691221231941,-0.002824982232018949,0.9993385251731763,1.0003052105925725
-0.6,1.0467647075882167,11.200000000000001,-0.6144891191777502,-0.002775202760119403,0.9993581744240889,1.0002986059867682
-0.6,1.0467647075882167,11.25,-0.6142140564676516,-0.0027261763802420525,0.9993772379126631,1.000292145881505
-0.6,1.0467647075882167,11.3,-0.6139438590294289,-0.0026778961560456217,0.999395733205951,1.0002858270527155
-0.6,1.0467647075882167,11.350000000000001,-0.6136784525995691,-0.0026303550266486347,0.9994136773388677,1.0002796463506927
-0.6,1.0467647075882167,11.4,-0.6134177636264145,-0.0025835458175809114,0.9994310868305748,1.0002736006982804
-0.6,1.0467647075882167,11.450000000000001,-0.6131617192809956,-0.0025374612512406394,0.9994479777003483,1.0002676870891154
-0.6,1.0467647075882167,11.5,-0.6129102474668432,-0.002492093956876159,0.999464365482951,1.0002619025859152
-0.6,1.0467647075882167,11.55,-0.6126632768288196,-0.002447436480110892,0.9994802652435127,1.0002562443188108
-0.6,1.0467647075882167,11.600000000000001,-0.6124207367610276,-0.0024034812920291256,0.9994956915919467,1.0002507094837194
-0.6,1.0467647075882167,11.65,-0.6121825574138242,-0.002360220797839782,0.9995106586969097,1.0002452953407632
-0.6,1.0467647075882167,11.700000000000001,-0.6119486696999942,-0.002317647345134583,0.999525180299327,1.0002399992127262
-0.6,1.0467647075882167,11.75,-0.6117190053001132,-0.0022757532317565286,0.999539269725487,1.0002348184835501
-0.6,1.0467647075882167,11.8,-0.6114934966671478,-0.0022345307132938803,0.9995529398997347,1.0002297505968742
-0.6,1.0467647075882167,11.850000000000001,-0.6112720770303185,-0.0021939720102144094,0.9995662033567579,1.0002247930546029
-0.6,1.0467647075882167,11.9,-0.6110546803982706,-0.0021540693146540105,0.9995790722534962,1.0002199434155203
-0.6,1.0467647075882167,11.950000000000001,-0.6108412415615817,-0.0021148147968733993,0.9995915583806753,1.000215199293933
-0.6,1.0467647075882167,12.0,-0.6106316960946406,-0.0020762006113959094,0.9996036731739818,1.0002105583583492
-0.6,1.0467647075882167,12.05,-0.6104259803569261,-0.002038218902839121,0.9996154277248899,1.0002060183301935
-0.6,1.0467647075882167,12.100000000000001,-0.6102240314937178,-0.0020008618114524964,0.999626832791152,1.0002015769825525
-0.6,1.0467647075882167,12.15,-0.6100257874362705,-0.001964121478372645,0.9996378988069612,1.0001972321389496
-0.6,1.0467647075882167,12.200000000000001,-0.6098311869014685,-0.001927990050607645,0.9996486358927998,1.000192981672156
-0.6,1.0467647075882167,12.25,-0.609640169391008,-0.0018924596857611967,0.9996590538649818,1.000188823503027
-0.6,1.0467647075882167,12.3,-0.6094526751901046,-0.0018575225565070816,0.9996691622448982,1.0001847555993704
-0.6,1.0467647075882167,12.350000000000001,-0.6092686453657763,-0.00182317085482406,0.9996789702679789,1.0001807759748402
-0.6,1.0467647075882167,12.4,-0.609088021764711,-0.0017893967960008607,0.9996884868923747,1.000176882687865
-0.6,1.0467647075882167,12.450000000000001,-0.6089107470107429,-0.001756192622420609,0.9996977208073705,1.0001730738405898
-0.6,1.0467647075882167,12.5,-0.6087367645019632,-0.0017235506071336857,0.9997066804415435,1.0001693475778592
-0.6,1.0467647075882167,12.55,-0.6085660184074845,-0.0016914630572277217,0.9997153739706626,1.0001657020862176
-0.6,1.0467647075882167,12.600000000000001,-0.6083984536638744,-0.0016599223170029886,0.9997238093253474,1.000162135592932
-0.6,1.0467647075882167,12.65,-0.6082340159712857,-0.0016289207709612862,0.9997319941984975,1.0001586463650465
-0.6,1.0467647075882167,12.700000000000001,-0.6080726517892934,-0.0015984508466159893,0.9997399360524801,1.0001552327084566
-0.6,1.0467647075882167,12.75,-0.6079143083324584,-0.0015685050171306979,0.9997476421261084,1.000151892967001
-0.6,1.0467647075882167,12.8,-0.6077589335656406,-0.0015390758037937238,0.9997551194413999,1.0001486255215852
-0.6,1.0467647075882167,12.850000000000001,-0.6076064761990675,-0.001510155778335178,0.9997623748101281,1.0001454287893212
-0.6,1.0467647075882167,12.9,-0.60745688568318,-0.0014817375650934298,0.999769414840173,1.0001423012226878
-0.6,1.0467647075882167,12.950000000000001,-0.6073101122032709,-0.0014538138430371431,0.9997762459416789,1.0001392413087131
-0.6,1.0467647075882167,13.0,-0.6071661066739245,-0.0014263773476492648,0.9997828743330208,1.0001362475681774
-0.6,1.0467647075882167,13.05,-0.6070248207332796,-0.0013994208726786279,0.9997893060465904,1.0001333185548338
-0.6,1.0467647075882167,13.100000000000001,-0.606886206737117,-0.0013729372717650498,0.9997955469344039,1.0001304528546495
-0.6,1.0467647075882167,13.15,-0.6067502177527961,-0.0013469194599432905,0.9998016026735381,1.0001276490850632
-0.6,1.0467647075882167,13.200000000000001,-0.6066168075530457,-0.0013213604150311838,0.9998074787714017,1.0001249058942643
-0.6,1.0467647075882167,13.25,-0.6064859306096201,-0.0012962531789069852,0.9998131805708466,1.0001222219604837
-0.6,1.0467647075882167,13.3,-0.6063575420868323,-0.001271590858680824,0.9998187132551177,1.000119595991308
-0.6,1.0467647075882167,13.350000000000001,-0.6062315978349798,-0.001247366627764954,0.9998240818526613,1.0001170267230075
-0.6,1.0467647075882167,13.4,-0.6061080543836608,-0.0012235737268472878,0.9998292912417776,1.0001145129198772
-0.6,1.0467647075882167,13.450000000000001,-0.6059868689350055,-0.0012002054647725824,0.999834346155137,1.0001120533735999
-0.6,1.0467647075882167,13.5,-0.6058679993568181,-0.001177255219335431,0.9998392511841586,1.0001096469026196
-0.6,1.0467647075882167,13.55,-0.6057514041756455,-0.0011547164379890876,0.9998440107832522,1.0001072923515317
-0.6,1.0467647075882167,13.600000000000001,-0.6056370425697807,-0.0011325826384739682,0.9998486292739368,1.0001049885904876
-0.6,1.0467647075882167,13.65,-0.6055248743622044,-0.001110847409369553,0.9998531108488282,1.0001027345146143
-0.6,1.0467647075882167,13.700000000000001,-0.6054148600134777,-0.0010895044105732618,0.9998574595755106,1.0001005290434464
-0.6,1.0467647075882167,13.75,-0.6053069606145884,-0.0010685473737096893,0.9998616794002878,1.0000983711203717
-0.6,1.0467647075882167,13.8,-0.6052011378797616,-0.0010479701024736013,0.9998657741518208,1.0000962597120922
-0.6,1.0467647075882167,13.850000000000001,-0.6050973541392368,-0.0010277664729097006,0.9998697475446563,1.000094193808094
-0.6,1.0467647075882167,13.9,-0.6049955723320225,-0.001007930433632431,0.9998736031826467,1.0000921724201322
-0.6,1.0467647075882167,13.950000000000001,-0.6048957559986303,-0.0009884560059884471,0.9998773445622708,1.0000901945817295
-0.6,1.0467647075882167,14.0,-0.6047978692737961,-0.000969337284164924,0.9998809750758479,1.0000882593476839
-0.6,1.0467647075882167,14.05,-0.604701876879192,-0.000950568435246076,0.9998844980146578,1.0000863657935863
-0.6,1.0467647075882167,14.100000000000001,-0.604607744116136,-0.0009321436992206956,0.9998879165719674,1.0000845130153548
-0.6,1.0467647075882167,14.15,-0.604515436858305,-0.0009140573889431588,0.9998912338459658,1.0000827001287775
-0.6,1.0467647075882167,14.200000000000001,-0.6044249215444485,-0.0008963038900502116,0.999894452842608,1.0000809262690622
-0.6,1.0467647075882167,14.25,-0.6043361651711197,-0.0008788776608359316,0.9998975764783745,1.0000791905904038
-0.6,1.0467647075882167,14.3,-0.6042491352854154,-0.0008617732320870889,0.999900607582949,1.0000774922655549
-0.6,1.0467647075882167,14.350000000000001,-0.6041637999777376,-0.0008449852068808923,0.9999035489018139,1.000075830485412
-0.6,1.0467647075882167,14.4,-0.6040801278745758,-0.0008285082603473609,0.9999064030987656,1.0000742044586073
-0.6,1.0467647075882167,14.450000000000001,-0.6039980881313153,-0.0008123371393980402,0.9999091727583598,1.000072613411112
-0.6,1.0467647075882167,14.5,-0.6039176504250726,-0.0007964666624231686,0.9999118603882765,1.0000710565858475
-0.6,1.0467647075882167,14.55,-0.6038387849475657,-0.0007808917189589444,0.9999144684216162,1.0000695332423082
-0.6,1.0467647075882167,14.600000000000001,-0.6037614623980171,-0.0007656072693266522,0.999916999219132,1.00006804265619
-0.6,1.0467647075882167,14.65,-0.6036856539760924,-0.0007506083442453409,0.999919455071384,1.0000665841190293
-0.6,1.0467647075882167,14.700000000000001,-0.6036113313748839,-0.0007358900444195828,0.9999218382008395,1.000065156937849
-0.6,1.0467647075882167,14.75,-0.6035384667739314,-0.0007214475401039502,0.9999241507639034,1.0000637604348142
-0.6,1.0467647075882167,14.8,-0.6034670328322905,-0.0007072760706454735,0.9999263948528905,1.000062393946894
-0.6,1.0467647075882167,14.850000000000001,-0.6033970026816475,-0.0006933709440057072,0.9999285724979374,1.0000610568255337
-0.6,1.0467647075882167,14.9,-0.6033283499194831,-0.00067972753626357,0.9999306856688578,1.0000597484363303
-0.6,1.0467647075882167,14.950000000000001,-0.6032610486022842,-0.000666341291100326,0.9999327362769408,1.0000584681587215
-0.6,1.0467647075882167,15.0,-0.6031950732388124,-0.0006532077192679307,0.9999347261766977,1.0000572153856766
-0.6,1.0467647075882167,15.05,-0.6031303987834229,-0.0006403223980418957,0.9999366571675522,1.000055989523394
-0.6,1.0467647075882167,15.100000000000001,-0.6030670006294407,-0.0006276809706598215,0.9999385309954839,1.0000547899910128
-0.6,1.0467647075882167,15.15,-0.6030048546025922,-0.0006152791457466653,0.9999403493546224,1.0000536162203217
-0.6,1.0467647075882167,15.200000000000001,-0.6029439369544974,-0.0006031126967277901,0.99994211388879,1.0000524676554825
-0.6,1.0467647075882167,15.25,-0.6028842243562172,-0.0005911774612307661,0.9999438261930016,1.0000513437527523
-0.6,1.0467647075882167,15.3,-0.6028256938918657,-0.000579469340476887,0.9999454878149174,1.0000502439802197
-0.6,1.0467647075882167,15.350000000000001,-0.6027683230522809,-0.0005679842986632932,0.999947100256257,1.0000491678175416
-0.6,1.0467647075882167,15.4,-0.6027120897287582,-0.0005567183623365676,0.9999486649741613,1.0000481147556881
-0.6,1.0467647075882167,15.450000000000001,-0.6026569722068469,-0.0005456676197586386,0.9999501833825247,1.0000470842966915
-0.6,1.0467647075882167,15.5,-0.6026029491602107,-0.0005348282202657533,0.9999516568532805,1.0000460759534056
-0.6,1.0467647075882167,15.55,-0.6025499996445542,-0.0005241963736213192,0.9999530867176499,1.0000450892492632
-0.6,1.0467647075882167,15.600000000000001,-0.6024981030916106,-0.0005137683493632654,0.9999544742673535,1.0000441237180462
-0.6,1.0467647075882167,15.65,-0.602447239303197,-0.0005035404761466833,0.9999558207557884,1.0000431789036555
-0.6,1.0467647075882167,15.700000000000001,-0.6023973884453382,-0.0004935091410823545,0.999957127399164,1.0000422543598886
-0.6,1.0467647075882167,15.75,-0.6023485310424519,-0.0004836707890717672,0.9999583953776129,1.000041349650225
-0.6,1.0467647075882167,15.8,-0.6023006479716045,-0.00047402192213929963,0.9999596258362622,1.0000404643476088
-0.6,1.0467647075882167,15.850000000000001,-0.6022537204568311,-0.0004645590987620375,0.9999608198862725,1.0000395980342427
-0.6,1.0467647075882167,15.9,-0.6022077300635248,-0.0004552789331978332,0.9999619786058519,1.0000387503013866
-0.6,1.0467647075882167,15.950000000000001,-0.6021626586928917,-0.0004461780948120785,0.9999631030412319,1.000037920749155
-0.6,1.0467647075882167,16.0,-0.6021184885764742,-0.0004372533074037067,0.9999641942076192,1.0000371089863265
-0.6,1.0467647075882167,16.05,-0.6020752022707417,-0.00042850134853085963,0.9999652530901185,1.0000363146301512
-0.6,1.0467647075882167,16.1,-0.6020327826517471,-0.00041991904883669466,0.9999662806446286,1.0000355373061671
-0.6,1.0467647075882167,16.150000000000002,-0.6019912129098527,-0.00041150329137570174,0.9999672777987056,1.0000347766480153
-0.6,1.0467647075882167,16.2,-0.6019504765445238,-0.00040325101094096106,0.9999682454524083,1.0000340322972678
-0.6,1.0467647075882167,16.25,-0.601910557359187,-0.00039515919339272687,0.9999691844791169,1.000033303903248
-0.6,1.0467647075882167,16.3,-0.6018714394561572,-0.0003872248749886406,0.9999700957263199,1.0000325911228662
-0.6,1.0467647075882167,16.35,-0.6018331072316311,-0.0003794451417159717,0.9999709800163902,1.0000318936204506
-0.6,1.0467647075882167,16.400000000000002,-0.6017955453707492,-0.00037181712862616634,0.9999718381473232,1.0000312110675869
-0.6,1.0467647075882167,16.45,-0.6017587388427205,-0.0003643380191720081,0.9999726708934684,1.0000305431429564
-0.6,1.0467647075882167,16.5,-0.6017226728960164,-0.00035700504454769114,0.9999734790062265,1.000029889532188
-0.6,1.0467647075882167,16.55,-0.6016873330536293,-0.0003498154830320723,0.9999742632147324,1.0000292499276995
-0.6,1.0467647075882167,16.6,-0.6016527051083957,-0.0003427666593352969,0.9999750242265149,1.000028624028552
-0.6,1.0467647075882167,16.650000000000002,-0.6016187751183885,-0.0003358559439491865,0.9999757627281409,1.0000280115403075
-0.6,1.0467647075882167,16.7,-0.6015855294023678,-0.0003290807525013836,0.9999764793858353,1.0000274121748824
-0.6,1.0467647075882167,16.75,-0.6015529545353013,-0.000322438545113687,0.9999771748460847,1.000026825650413
-0.6,1.0467647075882167,16.8,-0.6015210373439472,-0.0003159268257646502,0.9999778497362245,1.000026251691119
-0.6,1.0467647075882167,16.85,-0.6014897649024981,-0.00030954314165662476,0.9999785046650062,1.0000256900271687
-0.6,1.0467647075882167,16.900000000000002,-0.6014591245282926,-0.00030328508258749265,0.9999791402231487,1.000025140394553
-0.6,1.0467647075882167,16.95,-0.6014291037775851,-0.0002971502803271805,0.9999797569838744,1.0000246025349577
-0.6,1.0467647075882167,17.0,-0.6013996904413798,-0.00029113640799912586,0.9999803555034262,1.000024076195637
-0.6,1.0467647075882167,17.05,-0.6013708725413279,-0.0002852411794668638,0.9999809363215753,1.0000235611292965
-0.6,1.0467647075882167,17.1,-0.6013426383256818,-0.0002794623487258038,0.9999814999621035,1.0000230570939717
-0.6,1.0467647075882167,17.150000000000002,-0.6013149762653125,-0.0002737977093003705,0.9999820469332825,1.0000225638529134
-0.6,1.0467647075882167,17.2,-0.6012878750497879,-0.00026824509364659055,0.9999825777283331,1.0000220811744742
-0.6,1.0467647075882167,17.25,-0.6012613235835077,-0.0002628023725602268,0.9999830928258695,1.0000216088319978
-0.6,1.0467647075882167,17.3,-0.6012353109819004,-0.000257467454590559,0.9999835926903342,1.00002114660371
-0.6,1.0467647075882167,17.35,-0.6012098265676753,-0.0002522382854598916,0.999984077772417,1.0000206942726142
-0.6,1.0467647075882167,17.400000000000002,-0.6011848598671349,-0.0002471128474888668,0.9999845485094645,1.0000202516263863
-0.6,1.0467647075882167,17.45,-0.6011604006065444,-0.00024208915902764827,0.9999850053258735,1.0000198184572744
-0.6,1.0467647075882167,17.5,-0.601136438708555,-0.0002371652738930363,0.9999854486334773,1.0000193945619982
-0.6,1.0467647075882167,17.55,-0.6011129642886859,-0.00023233928081157755,0.9999858788319141,1.0000189797416548
-0.6,1.0467647075882167,17.6,-0.6010899676518628,-0.00022760930286870747,0.9999862963089955,1.00001857380162
-0.6,1.0467647075882167,17.650000000000002,-0.6010674392890061,-0.0002229734969639729,0.9999867014410481,1.0000181765514595
-0.6,1.0467647075882167,17.7,-0.6010453698736786,-0.00021843005327236558,0.9999870945932617,1.000017787804835
-0.6,1.0467647075882167,17.75,-0.6010237502587837,-0.0002139771947118071,0.9999874761200144,1.0000174073794184
-0.6,1.0467647075882167,17.8,-0.6010025714733185,-0.00020961317641680633,0.999987846365195,1.0000170350968018
-0.6,1.0467647075882167,17.85,-0.6009818247191773,-0.00020533628521829215,0.9999882056625145,1.0000166707824159
-0.6,1.0467647075882167,17.900000000000002,-0.6009615013680072,-0.0002011448391296751,0.9999885543358049,1.0000163142654446
-0.6,1.0467647075882167,17.95,-0.6009415929581172,-0.0001970371868391097,0.9999888926993157,1.0000159653787435
-0.6,1.0467647075882167,18.0,-0.6009220911914341,-0.00019301170720797302,0.9999892210579944,1.0000156239587639
-0.6,1.0467647075882167,18.05,-0.6009029879305106,-0.00018906680877559418,0.999989539707764,1.0000152898454722
-0.6,1.0467647075882167,18.1,-0.6008842751955819,-0.00018520092927018004,0.9999898489357893,1.0000149628822734
-0.6,1.0467647075882167,18.150000000000002,-0.6008659451616714,-0.00018141253512596127,0.9999901490207382,1.000014642915938
-0.6,1.0467647075882167,18.2,-0.6008479901557429,-0.0001777001210065781,0.9999904402330299,1.0000143297965303
-0.6,1.0467647075882167,18.25,-0.6008304026539032,-0.0001740622093345922,0.9999907228350832,1.0000140233773351
-0.6,1.0467647075882167,18.3,-0.6008131752786474,-0.00017049734982724012,0.9999909970815506,1.0000137235147897
-0.6,1.0467647075882167,18.35,-0.6007963007961532,-0.00016700411903834434,0.9999912632195498,1.0000134300684151
-0.6,1.0467647075882167,18.400000000000002,-0.6007797721136204,-0.0001635811199063017,0.9999915214888863,1.00001314290075
-0.6,1.0467647075882167,18.45,-0.6007635822766547,-0.0001602269813082514,0.9999917721222705,1.0000128618772857
-0.6,1.0467647075882167,18.5,-0.6007477244666939,-0.0001569403576202776,0.9999920153455264,1.0000125868664007
-0.6,1.0467647075882167,18.55,-0.6007321919984835,-0.00015371992828373132,0.9999922513777963,1.0000123177392999
-0.6,1.0467647075882167,18.6,-0.6007169783175875,-0.00015056439737747509,0.9999924804317398,1.0000120543699555
-0.6,1.0467647075882167,18.650000000000002,-0.6007020769979492,-0.00014747249319622586,0.9999927027137248,1.0000117966350426
-0.6,1.0467647075882167,18.7,-0.600687481739488,-0.00014444296783477619,0.9999929184240127,1.0000115444138846
-0.6,1.0467647075882167,18.75,-0.600673186365741,-0.00014147459677818066,0.9999931277569406,1.0000112975883964
-0.6,1.0467647075882167,18.8,-0.6006591848215449,-0.00013856617849775148,0.9999933309010975,1.0000110560430266
-0.6,1.0467647075882167,18.85,-0.6006454711707553,-0.00013571653405297253,0.9999935280394904,1.000010819664701
-0.6,1.0467647075882167,18.900000000000002,-0.6006320395940102,-0.00013292450669911922,0.9999937193497163,1.0000105883427768
-0.6,1.0467647075882167,18.95,-0.6006188843865276,-0.00013018896150071782,0.9999939050041154,1.00001036196898
-0.6,1.0467647075882167,19.0,-0.6006059999559447,-0.00012750878495058562,0.9999940851699312,1.0000101404373625
-0.6,1.0467647075882167,19.05,-0.6005933808201932,-0.0001248828845946533,0.9999942600094598,1.0000099236442497
-0.6,1.0467647075882167,19.1,-0.6005810216054133,-0.00012231018866228223,0.9999944296801967,1.0000097114881887
-0.6,1.0467647075882167,19.150000000000002,-0.6005689170439032,-0.0001197896457022172,0.9999945943349776,1.000009503869904
-0.6,1.0467647075882167,19.200000000000003,-0.600557061972106,-0.00011732022422399028,0.9999947541221188,1.0000093006922497
-0.6,1.0467647075882167,19.25,-0.6005454513286291,-0.00011490091234479479,0.999994909185549,1.0000091018601627
-0.6,1.0467647075882167,19.3,-0.6005340801523031,-0.00011253071744178665,0.9999950596649388,1.000008907280618
-0.6,1.0467647075882167,19.35,-0.6005229435802723,-0.00011020866580969087,0.9999952056958298,1.0000087168625866
-0.6,1.0467647075882167,19.400000000000002,-0.600512036846119,-0.00010793380232372437,0.9999953474097532,1.0000085305169908
-0.6,1.0467647075882167,19.450000000000003,-0.6005013552780237,-0.00010570519010777572,0.9999954849343494,1.000008348156661
-0.6,1.0467647075882167,19.5,-0.600490894296955,-0.00010352191020773209,0.9999956183934846,1.0000081696963
-0.6,1.0467647075882167,19.55,-0.6004806494148943,-0.0001013830612699617,0.9999957479073626,1.000007995052436
-0.6,1.0467647075882167,19.6,-0.6004706162330918,-9.928775922488134e-05,0.9999958735926291,1.0000078241433878
-0.6,1.0467647075882167,19.650000000000002,-0.600460790440353,-9.723513697551231e-05,0.999995995562483,1.0000076568892247
-0.6,1.0467647075882167,19.700000000000003,-0.6004511678113582,-9.522434409101868e-05,0.9999961139267738,1.000007493211729
-0.6,1.0467647075882167,19.75,-0.6004417442050091,-9.3254546505152e-05,0.9999962287921027,1.0000073330343595
-0.6,1.0467647075882167,19.8,-0.6004325155628082,-9.132492621953356e-05,0.9999963402619186,1.0000071762822162
-0.6,1.0467647075882167,19.85,-0.6004234779072666,-8.943468101173573e-05,0.9999964484366101,1.0000070228820022
-0.6,1.0467647075882167,19.900000000000002,-0.6004146273403415,-8.758302414809858e-05,0.999996553413598,1.0000068727619922
-0.6,1.0467647075882167,19.950000000000003,-0.6004059600419003,-8.57691841012185e-05,0.9999966552874223,1.0000067258519987
-0.6,1.0467647075882167,20.0,-0.6003974722682145,-8.399240427206016e-05,0.9999967541498264,1.0000065820833364
-0.6,1.0467647075882167,20.1,-0.6003810206933671,-8.054707187715116e-05,0.999996943193864,1.000006303702593
-0.6,1.0467647075882167,20.28615468146082,-0.6003521722533411,-7.450079177638477e-05,0.9999972662723637,1.0000058164701808
-0.6,1.0467647075882167,20.47403342090323,-0.6003252528615075,-6.885314369898083e-05,0.9999975577299038,1.0000053629107142
-0.6,1.0467647075882167,20.663652185564246,-0.6003001537338676,-6.35822319137405e-05,0.99999782038865,1.0000049410114362
-0.6,1.0467647075882167,20.855027090560313,-0.6002767707556806,-5.8667043050414984e-05,0.999998056846404,1.0000045488573719
-0.6,1.0467647075882167,21.04817440025684,-0.6002550043785382,-5.4087432316283696e-05,0.9999982694918687,1.0000041846280225
-0.6,1.0467647075882167,21.243110529650455,-0.600234759513363,-4.9824108395876574e-05,0.9999984605190946,1.0000038465940932
-0.6,1.0467647075882167,21.439852045764102,-0.6002159454198273,-4.585861715150082e-05,0.9999986319411394,1.0000035331142447
-0.6,1.0467647075882167,21.638415669054964,-0.6001984755926542,-4.217332424054632e-05,0.9999987856029567,1.0000032426318954
-0.6,1.0467647075882167,21.83881827483555,-0.6001822676452816,-3.8751396762696417e-05,0.9999989231935514,1.0000029736720508
-0.6,1.0467647075882167,22.04107689470784,-0.6001672431913238,-3.5576784047814004e-05,0.999999046257424,1.0000027248381924
-0.6,1.0467647075882167,22.245208718010712,-0.600153327724272,-3.263419769186818e-05,0.9999991562053335,1.0000024948092043
-0.6,1.0467647075882167,22.4512310932809,-0.600140450495852,-2.9909090945267797e-05,0.9999992543244018,1.0000022823363566
-0.6,1.0467647075882167,22.659161529727328,-0.6001285443934403,-2.738763755419702e-05,0.9999993417875986,1.0000020862403454
-0.6,1.0467647075882167,22.86901769871915,-0.6001175458169189,-2.505671015196342e-05,0.9999994196626154,1.0000019054083873
-0.6,1.0467647075882167,23.080817435287667,-0.6001073945553397,-2.2903858293333752e-05,0.9999994889201762,1.0000017387913758
-0.6,1.0467647075882167,23.294578739641963,-0.6000980336637444,-2.0917286220767248e-05,0.9999995504418,1.0000015854011026
-0.6,1.0467647075882167,23.510319778698783,-0.6000894093404661,-1.9085830447225236e-05,0.9999996050270378,1.0000014443075442
-0.6,1.0467647075882167,23.72805888762644,-0.6000814708052218,-1.739893723589154e-05,0.9999996534002231,1.0000013146362077
-0.6,1.0467647075882167,23.947814571403043,-0.6000741701782875,-1.5846640052704275e-05,0.9999996962167467,1.0000011955655579
-0.6,1.0467647075882167,24.169605506389228,-0.6000674623610239,-1.4419537063100386e-05,0.9999997340688915,1.0000010863245055
-0.6,1.0467647075882167,24.39345054191539,-0.600061304918001,-1.310876873987468e-05,0.9999997674912495,1.000000986189969
-0.6,1.0467647075882167,24.619368701883577,-0.6000556579609544,-1.1905995644490108e-05,0.999999796965733,1.0000008944845098
-0.6,1.0467647075882167,24.847379186384366,-0.6000504840347819,-1.080337643963234e-05,0.9999998229262224,1.0000008105740388
-0.6,1.0467647075882167,25.077501373328523,-0.6000457480057739,-9.79354618631148e-06,0.9999998457628545,1.0000007338655992
-0.6,1.0467647075882167,25.30975482009396,-0.6000414169522493,-8.869594974351595e-06,0.9999998658259851,1.0000006638052188
-0.6,1.0467647075882167,25.544159265187808,-0.6000374600577462,-8.025046930655509e-06,0.9999998834298325,1.0000005998758421
-0.6,1.0467647075882167,25.780734629923902,-0.6000338485069133,-7.25383964540656e-06,0.9999998988558444,1.000000541595332
-0.6,1.0467647075882167,26.019501020115914,-0.6000305553842108,-6.550304052084795e-06,0.9999999123557782,1.0000004885145457
-0.6,1.0467647075882167,26.260478727786037,-0.6000275555755239,-5.909144793028043e-06,0.9999999241545346,1.0000004402154876
-0.6,1.0467647075882167,26.503688232889502,-0.6000248256727768,-5.325421098426333e-06,0.9999999344527549,1.0000003963095294
-0.6,1.0467647075882167,26.74915020505521,-0.6000223438816146,-4.794528202611979e-06,0.9999999434291941,1.0000003564357094
-0.6,1.0467647075882167,26.99688550534226,-0.6000200899321995,-4.312179317953901e-06,0.99999995124289,1.0000003202590944
-0.6,1.0467647075882167,27.246915188012967,-0.6000180449931745,-3.8743881830340886e-06,0.9999999580351456,1.0000002874692202
-0.6,1.0467647075882167,27.499260502322162,-0.600016191588806,-3.4774521984422073e-06,0.9999999639313312,1.0000002577785954
-0.6,1.0467647075882167,27.753942894323053,-0.6000145135193241,-3.1179361602999396e-06,0.9999999690425231,1.000000230921275
-0.6,1.0467647075882167,28.010984008689945,-0.6000129957844634,-2.7926565986010354e-06,0.9999999734669978,1.0000002066515024
-0.6,1.0467647075882167,28.270405690557713,-0.6000116245101859,-2.4986667245869344e-06,0.9999999772915787,1.0000001847424125
-0.6,1.0467647075882167,28.532229987378305,-0.6000103868785696,-2.2332419887012267e-06,0.9999999805928641,1.0000001649848
-0.6,1.0467647075882167,28.79647915079459,-0.6000092710608319,-1.9938662482311397e-06,0.9999999834383305,1.0000001471859519
-0.6,1.0467647075882167,29.063175638531384,-0.6000082661534417,-1.7782185412791001e-06,0.9999999858873339,1.0000001311685365
-0.6,1.0467647075882167,29.332342116304055,-0.6000073621172765,-1.584160461824621e-06,0.9999999879920068,1.0000001167695516
-0.6,1.0467647075882167,29.604001459744886,-0.6000065497197694,-1.4097241284553252e-06,0.9999999897980724,1.0000001038393322
-0.6,1.0467647075882167,29.8781767563471,-0.6000058204799761,-1.2531007377228255e-06,0.9999999913455698,1.0000000922406085
-0.6,1.0467647075882167,30.154891307427096,-0.6000051666165005,-1.1126296914096594e-06,0.9999999926695095,1.00000008184762
-0.6,1.0467647075882167,30.43416863010471,-0.6000045809982028,-9.867882856807942e-07,0.9999999938004547,1.0000000725452802
-0.6,1.0467647075882167,30.716032459301825,-0.600004057097609,-8.741819486509424e-07,0.9999999947650487,1.0000000642283884
-0.6,1.0467647075882167,31.00050674975963,-0.6000035889469424,-7.735350119924263e-07,0.999999995586478,1.0000000568008895
-0.6,1.0467647075882167,31.287615678074335,-0.6000031710966938,-6.836820011521698e-07,0.9999999962848927,1.000000050175185
-0.6,1.0467647075882167,31.577383644751972,-0.600002798576634,-6.035594279725284e-07,0.9999999968777715,1.0000000442714716
-0.6,1.0467647075882167,31.869835276282085,-0.6000024668591881,-5.321980688780466e-07,0.9999999973802569,1.0000000390171415
-0.6,1.0467647075882167,32.16499542723059,-0.600002171825078,-4.6871571121132443e-07,0.9999999978054422,1.0000000343462083
-0.6,1.0467647075882167,32.462889182352235,-0.6000019097311328,-4.123103500047605e-07,0.9999999981646326,1.0000000301987726
-0.6,1.0467647075882167,32.763541858722334,-0.6000016771801866,-3.6225381703842473e-07,0.9999999984675715,1.0000000265205289
-0.6,1.0467647075882167,33.06697900788844,-0.6000014710929626,-3.178858240167631e-07,0.9999999987226446,1.000000023262301
-0.6,1.0467647075882167,33.373226418041924,-0.6000012886818527,-2.78608401546533e-07,0.9999999989370535,1.0000000203796118
-0.6,1.0467647075882167,33.68231011620963,-0.6000011274265034,-2.43880715608776e-07,0.9999999991169772,1.0000000178322865
-0.6,1.0467647075882167,33.99425637046573,-0.6000009850511155,-2.1321424335345094e-07,0.9999999992677038,1.0000000155840774
-0.6,1.0467647075882167,34.30909169216431,-0.6000008595033707,-1.861682902893051e-07,0.9999999993937542,1.0000000136023244
-0.6,1.0467647075882167,34.62684283819243,-0.6000007489348926,-1.623458310397031e-07,0.999999999498984,1.0000000118576358
-0.6,1.0467647075882167,34.94753681324406,-0.6000006516831665,-1.4138965632900495e-07,0.9999999995866793,1.0000000103235955
-0.6,1.0467647075882167,35.2712008721152,-0.6000005662548252,-1.2297880917972231e-07,0.9999999996596309,1.0000000089764907
-0.6,1.0467647075882167,35.597862522020144,-0.6000004913102261,-1.0682529361463602e-07,0.9999999997202107,1.0000000077950666
-0.6,1.0467647075882167,35.927549524929255,-0.6000004256492406,-9.267103983847363e-08,0.9999999997704251,1.0000000067602912
-0.6,1.0467647075882167,36.26028989992831,-0.6000003681981769,-8.02851101722553e-08,0.9999999998119717,1.0000000058551513
-0.6,1.0467647075882167,36.59611192559986,-0.6000003179977713,-6.946113068736624e-08,0.9999999998462841,1.0000000050644546
-0.6,1.0467647075882167,36.93504414242648,-0.6000002741921693,-6.001493395718406e-08,0.9999999998745691,1.0000000043746535
-0.6,1.0467647075882167,37.27711535521626,-0.6000002360188342,-5.178239896313397e-08,0.9999999998978416,1.0000000037736856
-0.6,1.0467647075882167,37.62235463555102,-0.6000002027993226,-4.461747476183745e-08,0.9999999999169541,1.0000000032508232
-0.6,1.0467647075882167,37.97079132425686,-0.6000001739308588,-3.8390375109185914e-08,0.9999999999326203,1.00000000279654
-0.6,1.0467647075882167,38.32245503389777,-0.6000001488786542,-3.2985931904507444e-08,0.9999999999454364,1.0000000024023883
-0.6,1.0467647075882167,38.67737565129239,-0.6000001271689193,-2.8302095771026214e-08,0.9999999999559012,1.0000000020608875
-0.6,1.0467647075882167,39.03558334005395,-0.6000001083825096,-2.424857287172023e-08,0.9999999999644289,1.0000000017654225
-0.6,1.0467647075882167,39.3971085431537,-0.6000000921491628,-2.0745587534061625e-08,0.9999999999713645,1.0000000015101516
-0.6,1.0467647075882167,39.761981985508335,-0.6000000781422775,-1.7722760844791316e-08,0.9999999999769938,1.0000000012899235
-0.6,1.0467647075882167,40.1302346765911,-0.6000000660741895,-1.5118096042898567e-08,0.9999999999815539,1.0000000011002044
-0.6,1.0467647075882167,40.50189791306716,-0.6000000556919088,-1.2877061918903908e-08,0.9999999999852399,1.0000000009370071
-0.6,1.0467647075882167,40.87700328145351,-0.6000000467732735,-1.095176625638473e-08,0.9999999999882138,1.0000000007968308
-0.6,1.0467647075882167,41.25558266080338,-0.600000039123489,-9.300211507450916e-09,0.999999999990608,1.000000000676609
-0.6,1.0467647075882167,41.63766822541544,-0.6000000325720185,-7.885625765734918e-09,0.9999999999925309,1.0000000005736558
-0.6,1.0467647075882167,42.02329244756837,-0.6000000269697919,-6.675862333751078e-09,0.9999999999940731,1.0000000004856244
-0.6,1.0467647075882167,42.41248810028041,-0.6000000221867066,-5.642861769632921e-09,0.9999999999953064,1.000000000410469
-0.6,1.0467647075882167,42.80528826009479,-0.6000000181093912,-4.762170712103411e-09,0.9999999999962907,1.000000000346404
-0.6,1.0467647075882167,43.20172630989064,-0.6000000146392125,-4.012512219764881e-09,0.9999999999970748,1.0000000002918792
-0.6,1.0467647075882167,43.60183594172025,-0.6000000116904949,-3.375402748661496e-09,0.999999999997698,1.0000000002455467
-0.6,1.0467647075882167,44.00565115967241,-0.6000000091889375,-2.834811286362059e-09,0.9999999999981922,1.0000000002062388
-0.6,1.0467647075882167,44.413206282762204,-0.6000000070702105,-2.376856535539189e-09,0.999999999998583,1.0000000001729428
-0.6,1.0467647075882167,44.824535947847835,-0.6000000052787074,-1.9895383301327914e-09,0.9999999999988919,1.0000000001447866
-0.6,1.0467647075882167,45.23967511257426,-0.6000000037664406,-1.662499870402737e-09,0.9999999999991347,1.0000000001210148
-0.6,1.0467647075882167,45.65865905834403,-0.6000000024920683,-1.3868175654791187e-09,0.9999999999993257,1.0000000001009777
-0.6,1.0467647075882167,46.081523393315884,-0.6000000014200331,-1.1548156295694725e-09,0.9999999999994754,1.000000000084117
-0.6,1.0467647075882167,46.50830405543093,-0.6000000005198043,-9.59902797512955e-10,0.9999999999995921,1.0000000000699534
-0.6,1.0467647075882167,46.93903731546684,-0.5999999997652132,-7.964287715432229e-10,0.9999999999996836,1.0000000000580749
-0.6,1.0467647075882167,47.37375978012049,-0.5999999991338668,-6.595582461350037e-10,0.9999999999997546,1.0000000000481304
-0.6,1.0467647075882167,47.81250839511901,-0.599999998606638,-5.451605684629027e-10,0.9999999999998103,1.0000000000398197
-0.6,1.0467647075882167,48.25532044835962,-0.5999999981672165,-4.497132291781696e-10,0.9999999999998525,1.0000000000328853
-0.6,1.0467647075882167,48.70223357307873,-0.5999999978017196,-3.702176601395133e-10,0.9999999999998862,1.00000000002711
-0.6,1.0467647075882167,49.15328575105025,-0.599999997498351,-3.0412586815703293e-10,0.9999999999999116,1.0000000000223095
-0.6,1.0467647075882167,49.608515315813406,-0.5999999972471048,-2.492766221361553e-10,0.9999999999999314,1.0000000000183253
-0.6,1.0467647075882167,50.067960955930815,-0.5999999970395105,-2.0384009456701006e-10,0.9999999999999459,1.000000000015025
-0.6,1.0467647075882167,50.5316617182763,-0.5999999968684082,-1.6626988633995596e-10,0.9999999999999578,1.0000000000122966
-0.6,1.0467647075882167,50.99965701135351,-0.5999999967277584,-1.352615414632389e-10,0.9999999999999669,1.0000000000100442
-0.6,1.0467647075882167,51.47198660864504,-0.5999999966124749,-1.0971675422889851e-10,0.9999999999999736,1.0000000000081886
-0.6,1.0467647075882167,51.9486906519927,-0.5999999965182826,-8.87125337034238e-11,0.9999999999999789,1.0000000000066627
-0.6,1.0467647075882167,52.429809655009066,-0.5999999964415951,-7.147469013163528e-11,0.9999999999999829,1.0000000000054112
-0.6,1.0467647075882167,52.91538450652049,-0.5999999963794075,-5.735510228953466e-11,0.9999999999999858,1.0000000000043852
-0.6,1.0467647075882167,53.40545647404229,-0.5999999963292081,-4.581222792335071e-11,0.9999999999999888,1.000000000003547
-0.6,1.0467647075882167,53.90006720728585,-0.5999999962889018,-3.639446478186348e-11,0.9999999999999905,1.0000000000028626
-0.6,1.0467647075882167,54.39925874169825,-0.5999999962567426,-2.8725951678356118e-11,0.9999999999999918,1.0000000000023053
-0.6,1.0467647075882167,54.90307350203484,-0.5999999962312793,-2.2494487628309294e-11,0.9999999999999928,1.000000000001852
-0.6,1.0467647075882167,55.41155430596479,-0.5999999962113071,-1.7441274009060344e-11,0.9999999999999938,1.0000000000014848
-0.6,1.0467647075882167,55.924744367709856,-0.5999999961958282,-1.3352195037972726e-11,0.9999999999999942,1.0000000000011875
-0.6,1.0467647075882167,56.442687301717264,-0.5999999961840177,-1.0050468647323797e-11,0.9999999999999948,1.000000000000947
-0.6,1.0467647075882167,56.96542712636624,-0.5999999961751946,-7.390441109469489e-12,0.9999999999999953,1.0000000000007536
-0.6,1.0467647075882167,57.493008267708944,-0.5999999961687982,-5.252334189301484e-12,0.9999999999999958,1.0000000000005977
-0.6,1.0467647075882167,58.02547556324627,-0.5999999961643677,-3.5378667486794513e-12,0.9999999999999959,1.0000000000004732
-0.6,1.0467647075882167,58.562874265738245,-0.599999996161525,-2.166552804033399e-12,0.9999999999999961,1.0000000000003728
-0.6,1.0467647075882167,59.10525004705015,-0.5999999961599609,-1.0726119647821462e-12,0.9999999999999961,1.0000000000002929
-0.6,1.0467647075882167,59.65264900203377,-0.5999999961594231,-2.0239863280684584e-13,0.9999999999999964,1.0000000000002294
-0.6,1.0467647075882167,60.2051176524451,-0.5999999961597065,4.877453437669019e-13,0.999999999999996,1.0000000000001787
-0.6,1.0467647075882167,60.76270295089797,-0.5999999961606437,1.0332883999148955e-12,0.9999999999999963,1.0000000000001388
-0.6,1.0467647075882167,61.325452284854336,-0.5999999961621008,1.4629740376633357e-12,0.9999999999999961,1.0000000000001068
-0.6,1.0467647075882167,61.89341348065174,-0.599999996163969,1.8000576826099364e-12,0.9999999999999963,1.0000000000000822
-0.6,1.0467647075882167,62.466634807567864,-0.5999999961661621,2.0633122514153966e-12,0.9999999999999959,1.0000000000000624
-0.6,1.0467647075882167,63.0451649819227,-0.599999996168611,2.2678640173654177e-12,0.9999999999999959,1.000000000000047
-0.6,1.0467647075882167,63.629053171218956,-0.5999999961712611,2.4258729038180227e-12,0.9999999999999956,1.000000000000035
-0.6,1.0467647075882167,64.21834899832058,-0.5999999961740704,2.547099821793175e-12,0.9999999999999956,1.0000000000000253
-0.6,1.0467647075882167,64.81310254566993,-0.5999999961770061,2.639357997818383e-12,0.9999999999999956,1.0000000000000187
-0.6,1.0467647075882167,65.4133643595444,-0.5999999961800431,2.70889139976135e-12,0.9999999999999956,1.0000000000000129
-0.6,1.0467647075882167,66.01918545435197,-0.5999999961831626,2.7606777144018314e-12,0.9999999999999954,1.0000000000000089
-0.6,1.0467647075882167,66.63061731696679,-0.599999996186352,2.7986758375367776e-12,0.9999999999999952,1.0000000000000056
-0.6,1.0467647075882167,67.24771191110499,-0.5999999961896015,2.8260223699533936e-12,0.9999999999999953,1.0000000000000033
-0.6,1.0467647075882167,67.87052168174088,-0.5999999961929052,2.845201417240525e-12,0.999999999999995,1.0000000000000013
-0.6,1.0467647075882167,68.49909955956402,-0.5999999961962595,2.8581675015369407e-12,0.9999999999999952,1.0
-0.6,1.0467647075882167,69.13349896547759,-0.599999996199663,2.866453699488347e-12,0.999999999999995,0.9999999999999989
-0.6,1.0467647075882167,69.77377381513884,-0.5999999962031156,2.8712506859713948e-12,0.9999999999999953,0.9999999999999981
-0.6,1.0467647075882167,70.41997852354069,-0.5999999962066179,2.8734894667815872e-12,0.9999999999999951,0.9999999999999973
-0.6,1.0467647075882167,71.0721680096366,-0.5999999962101715,2.8738790408881364e-12,0.999999999999995,0.9999999999999969
-0.6,1.0467647075882167,71.73039770100793,-0.5999999962137782,2.8729559919200473e-12,0.9999999999999953,0.9999999999999967
-0.6,1.0467647075882167,72.39472353857458,-0.5999999962174404,2.8711240720452296e-12,0.9999999999999957,0.9999999999999961
-0.6,1.0467647075882167,73.06520198134909,-0.5999999962211597,2.8686746224270345e-12,0.9999999999999957,0.9999999999999957
-0.6,1.0467647075882167,73.74189001123509,-0.599999996224938,2.865817854601995e-12,0.9999999999999957,0.9999999999999952
-0.6,1.0467647075882167,74.42484513786997,-0.5999999962287768,2.8626926052184964e-12,0.9999999999999959,0.9999999999999951
-0.6,1.0467647075882167,75.11412540351232,-0.5999999962326771,2.8593868707897317e-12,0.9999999999999961,0.9999999999999949
-0.6,1.0467647075882167,75.80978938797494,-0.5999999962366391,2.8559462017795175e-12,0.999999999999996,0.9999999999999944
-0.6,1.0467647075882167,76.51189621360336,-0.5999999962406636,2.852386290263833e-12,0.9999999999999963,0.9999999999999942
-0.6,1.0467647075882167,77.22050555030022,-0.5999999962447493,2.84869919484848e-12,0.9999999999999962,0.9999999999999939
-0.6,1.0467647075882167,77.93567762059672,-0.5999999962488958,2.8448595189326142e-12,0.9999999999999969,0.999999999999994
-0.6,1.0467647075882167,78.65747320477065,-0.5999999962531006,2.8408324710728384e-12,0.9999999999999966,0.9999999999999932
-0.6,1.0467647075882167,79.38595364601184,-0.5999999962573624,2.8365776372200235e-12,0.9999999999999967,0.9999999999999931
-0.6,1.0467647075882167,80.12118085563553,-0.5999999962616782,2.8320487844682202e-12,0.9999999999999967,0.9999999999999925
-0.6,1.0467647075882167,80.86321731834431,-0.5999999962660454,2.8271964894642594e-12,0.9999999999999971,0.9999999999999923
-0.6,1.0467647075882167,81.61212609753805,-0.5999999962704599,2.821984544082691e-12,0.9999999999999974,0.9999999999999922
-0.6,1.0467647075882167,82.36797084067375,-0.5999999962749184,2.8163708612957746e-12,0.9999999999999973,0.9999999999999925
-0.6,1.0467647075882167,83.13081578467474,-0.5999999962794171,2.8103221545899147e-12,0.9999999999999971,0.9999999999999919
-0.6,1.0467647075882167,83.90072576138992,-0.5999999962839517,2.8038179621247307e-12,0.9999999999999977,0.9999999999999919
-0.6,1.0467647075882167,84.67776620310352,-0.5999999962885179,2.796838385090319e-12,0.9999999999999977,0.9999999999999918
-0.6,1.0467647075882167,85.46200314809617,-0.599999996293112,2.7893722366638464e-12,0.9999999999999977,0.9999999999999918
-0.6,1.0467647075882167,86.25350324625728,-0.5999999962977292,2.7814236267968667e-12,0.9999999999999973,0.9999999999999918
-0.6,1.0467647075882167,87.05233376474918,-0.599999996302366,2.772999699095239e-12,0.9999999999999976,0.9999999999999916
-0.6,1.0467647075882167,87.85856259372419,-0.599999996307019,2.7641178762854824e-12,0.9999999999999977,0.999999999999992
-0.6,1.0467647075882167,88.67225825209441,-0.5999999963116833,2.754805822866917e-12,0.9999999999999977,0.9999999999999921
-0.6,1.0467647075882167,89.49348989335462,-0.5999999963163571,2.745091670281169e-12,0.9999999999999976,0.9999999999999925
-0.6,1.0467647075882167,90.32232731145982,-0.5999999963210364,2.73502237622685e-12,0.9999999999999972,0.9999999999999923
-0.6,1.0467647075882167,91.15884094675663,-0.5999999963257198,2.7246396568467648e-12,0.9999999999999976,0.9999999999999928
-0.6,1.0467647075882167,92.0031018919696,-0.5999999963304045,2.7139967554751393e-12,0.9999999999999968,0.9999999999999929
-0.6,1.0467647075882167,92.85518189824359,-0.5999999963350895,2.7031475641867736e-12,0.9999999999999971,0.9999999999999932
-0.6,1.0467647075882167,93.71515338124135,-0.599999996339773,2.692154106404717e-12,0.9999999999999971,0.9999999999999934
-0.6,1.0467647075882167,94.58308942729796,-0.5999999963444552,2.6810747180541098e-12,0.9999999999999968,0.9999999999999937
-0.6,1.0467647075882167,95.45906379963219,-0.5999999963491356,2.6699723373205966e-12,0.9999999999999971,0.9999999999999943
-0.6,1.0467647075882167,96.34315094461576,-0.5999999963538147,2.6589088724212246e-12,0.9999999999999967,0.9999999999999947
-0.6,1.0467647075882167,97.23542599809973,-0.5999999963584935,2.6479459436041542e-12,0.9999999999999969,0.9999999999999951
-0.6,1.0467647075882167,98.13596479180039,-0.5999999963631734,2.637140553594603e-12,0.9999999999999967,0.9999999999999954
-0.6,1.0467647075882167,99.04484385974408,-0.599999996367856,2.626551514241656e-12,0.9999999999999969,0.999999999999996
-0.6,1.0467647075882167,99.96214044477135,-0.5999999963725438,2.6162300663269447e-12,0.9999999999999966,0.9999999999999962
-0.6,1.0467647075882167,100.88793250510167,-0.599999996377239,2.606221673991521e-12,0.9999999999999966,0.9999999999999966
-0.6,1.0467647075882167,101.82229872095873,-0.5999999963819448,2.596574192636794e-12,0.9999999999999968,0.9999999999999972
-0.6,1.0467647075882167,102.76531850125772,-0.5999999963866642,2.5873202417003675e-12,0.9999999999999966,0.9999999999999972
-0.6,1.0467647075882167,103.71707199035326,-0.5999999963914007,2.5784960368367394e-12,0.9999999999999964,0.9999999999999972
-0.6,1.0467647075882167,104.67764007485148,-0.5999999963961579,2.570126051462147e-12,0.9999999999999967,0.9999999999999978
-0.6,1.0467647075882167,105.64710439048359,-0.5999999964009395,2.5622245274339133e-12,0.9999999999999967,0.9999999999999979
-0.6,1.0467647075882167,106.62554732904427,-0.5999999964057494,2.5548056366278507e-12,0.9999999999999966,0.9999999999999981
-0.6,1.0467647075882167,107.61305204539366,-0.5999999964105915,2.547879335691991e-12,0.9999999999999968,0.9999999999999981
-0.6,1.0467647075882167,108.60970246452491,-0.5999999964154695,2.5414391252548395e-12,0.9999999999999964,0.9999999999999982
-0.6,1.0467647075882167,109.61558328869602,-0.5999999964203873,2.5354807032933287e-12,0.9999999999999972,0.9999999999999988
-0.6,1.0467647075882167,110.63078000462876,-0.5999999964253482,2.5299900092191745e-12,0.9999999999999972,0.9999999999999986
-0.6,1.0467647075882167,111.65537889077429,-0.599999996430356,2.524949252326258e-12,0.9999999999999968,0.9999999999999984
-0.6,1.0467647075882167,112.68946702464496,-0.5999999964354142,2.5203341426345556e-12,0.9999999999999972,0.9999999999999986
-0.6,1.0467647075882167,113.73313229021528,-0.5999999964405257,2.5161155868393374e-12,0.9999999999999974,0.9999999999999986
-0.6,1.0467647075882167,114.78646338539066,-0.5999999964456931,2.5122618837742795e-12,0.9999999999999972,0.9999999999999984
-0.6,1.0467647075882167,115.84954982954602,-0.5999999964509192,2.508737134286657e-12,0.9999999999999976,0.9999999999999984
-0.6,1.0467647075882167,116.92248197113297,-0.5999999964562063,2.5054998820967643e-12,0.9999999999999977,0.9999999999999987
-0.6,1.0467647075882167,118.00535099535914,-0.5999999964615559,2.5025113488492532e-12,0.9999999999999979,0.999999999999998
-0.6,1.0467647075882167,119.09824893193696,-0.5999999964669697,2.499727094290069e-12,0.9999999999999979,0.9999999999999981
-0.6,1.0467647075882167,120.2012686629055,-0.5999999964724493,2.4971030378650896e-12,0.9999999999999987,0.9999999999999982
-0.6,1.0467647075882167,121.31450393052383,-0.5999999964779948,2.494593821612376e-12,0.9999999999999983,0.999999999999998
-0.6,1.0467647075882167,122.43804934523853,-0.5999999964836074,2.4921553372788886e-12,0.999999999999998,0.9999999999999974
-0.6,1.0467647075882167,123.5720003937234,-0.5999999964892867,2.4897437572705363e-12,0.9999999999999986,0.9999999999999977
-0.6,1.0467647075882167,124.7164534469956,-0.5999999964950331,2.4873153772308254e-12,0.9999999999999987,0.9999999999999974
-0.6,1.0467647075882167,125.87150576860506,-0.5999999965008459,2.484829209259374e-12,0.9999999999999986,0.999999999999997
-0.6,1.0467647075882167,127.03725552290106,-0.5999999965067236,2.4822467523498363e-12,0.9999999999999989,0.9999999999999972
-0.6,1.0467647075882167,128.21380178337475,-0.5999999965126657,2.4795327029664074e-12,0.9999999999999992,0.9999999999999967
-0.6,1.0467647075882167,129.40124454107954,-0.599999996518671,2.4766502712410547e-12,0.9999999999999991,0.9999999999999966
-0.6,1.0467647075882167,130.59968471312828,-0.5999999965247372,2.473571765983796e-12,0.9999999999999989,0.9999999999999962
-0.6,1.0467647075882167,131.8092241512703,-0.5999999965308633,2.470266851086781e-12,0.9999999999999993,0.9999999999999962
-0.6,1.0467647075882167,133.02996565054787,-0.5999999965370465,2.466716494527072e-12,0.9999999999999994,0.999999999999996
-0.6,1.0467647075882167,134.26201295803162,-0.5999999965432848,2.46289727827737e-12,0.9999999999999992,0.9999999999999962
-0.6,1.0467647075882167,135.5054707816382,-0.5999999965495767,2.45879742291089e-12,0.9999999999999994,0.9999999999999961
-0.6,1.0467647075882167,136.76044479902887,-0.5999999965559192,2.4543975872697925e-12,0.9999999999999992,0.9999999999999958
-0.6,1.0467647075882167,138.02704166659132,-0.5999999965623096,2.449694821073252e-12,0.9999999999999994,0.999999999999996
-0.6,1.0467647075882167,139.30536902850287,-0.5999999965687457,2.4446848509290264e-12,0.9999999999999996,0.9999999999999956
-0.6,1.0467647075882167,140.5955355258802,-0.5999999965752252,2.439363953239336e-12,0.9999999999999996,0.9999999999999957
-0.6,1.0467647075882167,141.8976508060113,-0.5999999965817451,2.433732693219554e-12,0.9999999999999992,0.9999999999999959
-0.6,1.0467647075882167,143.21182553167466,-0.5999999965883039,2.427800443050219e-12,0.9999999999999997,0.9999999999999953
-0.6,1.0467647075882167,144.53817139054382,-0.5999999965948987,2.421573049917356e-12,0.9999999999999991,0.9999999999999961
-0.6,1.0467647075882167,145.87680110468003,-0.5999999966015276,2.4150626540448037e-12,0.9999999999999991,0.9999999999999957
-0.6,1.0467647075882167,147.22782844011104,-0.5999999966081885,2.4082855514911626e-12,0.9999999999999992,0.9999999999999961
-0.6,1.0467647075882167,148.59136821650102,-0.5999999966148792,2.401252865131273e-12,0.999999999999999,0.999999999999996
-0.6,1.0467647075882167,149.9675363169076,-0.5999999966215986,2.3939846594932103e-12,0.9999999999999991,0.9999999999999961
-0.6,1.0467647075882167,151.35644969763095,-0.5999999966283448,2.386499300339406e-12,0.9999999999999989,0.9999999999999962
-0.6,1.0467647075882167,152.75822639815343,-0.5999999966351165,2.3788198828008933e-12,0.9999999999999987,0.9999999999999968
-0.6,1.0467647075882167,154.17298555117182,-0.5999999966419124,2.3709647912319273e-12,0.9999999999999987,0.9999999999999966
-0.6,1.0467647075882167,155.60084739272125,-0.5999999966487318,2.3629571657491665e-12,0.9999999999999984,0.9999999999999968
-0.6,1.0467647075882167,157.0419332723941,-0.5999999966555745,2.3548202290601474e-12,0.9999999999999986,0.9999999999999969
-0.6,1.0467647075882167,158.4963656636536,-0.5999999966624394,2.3465754339947507e-12,0.9999999999999986,0.9999999999999972
-0.6,1.0467647075882167,159.96426817424148,-0.5999999966693262,2.3382454747042283e-12,0.9999999999999984,0.9999999999999971
-0.6,1.0467647075882167,161.44576555668382,-0.5999999966762355,2.3298516613267654e-12,0.9999999999999983,0.9999999999999973
-0.6,1.0467647075882167,162.94098371889282,-0.599999996683167,2.3214148546588164e-12,0.9999999999999984,0.9999999999999973
-0.6,1.0467647075882167,164.4500497348682,-0.5999999966901213,2.3129551270502817e-12,0.9999999999999983,0.9999999999999977
-0.6,1.0467647075882167,165.97309185549548,-0.5999999966970987,2.30449122956865e-12,0.9999999999999982,0.9999999999999978
-0.6,1.0467647075882167,167.5102395194472,-0.5999999967041009,2.2960393135698147e-12,0.9999999999999981,0.9999999999999978
-0.6,1.0467647075882167,169.06162336418203,-0.5999999967111279,2.287615028611478e-12,0.999999999999998,0.999999999999998
-0.6,1.0467647075882167,170.6273752370482,-0.5999999967181817,2.2792346125855966e-12,0.9999999999999983,0.9999999999999984
-0.6,1.0467647075882167,172.20762820648835,-0.5999999967252627,2.270908576150444e-12,0.999999999999998,0.9999999999999983
-0.6,1.0467647075882167,173.80251657334924,-0.5999999967323728,2.2626462902129373e-12,0.9999999999999978,0.9999999999999984
-0.6,1.0467647075882167,175.41217588229446,-0.5999999967395137,2.25445767901713e-12,0.9999999999999978,0.9999999999999986
-0.6,1.0467647075882167,177.0367429333253,-0.5999999967466869,2.2463481776284377e-12,0.9999999999999978,0.9999999999999988
-0.6,1.0467647075882167,178.67635579340572,-0.599999996753894,2.2383235727932293e-12,0.9999999999999977,0.9999999999999987
-0.6,1.0467647075882167,180.33115380819694,-0.5999999967611368,2.2303845380190734e-12,0.9999999999999983,0.9999999999999987
-0.6,1.0467647075882167,182.00127761389967,-0.599999996768417,2.2225312297670266e-12,0.9999999999999981,0.9999999999999988
-0.6,1.0467647075882167,183.68686914920713,-0.5999999967757369,2.214764662411519e-12,0.9999999999999986,0.999999999999999
-0.6,1.0467647075882167,185.38807166736675,-0.5999999967830981,2.207078634352244e-12,0.9999999999999982,0.9999999999999991
-0.6,1.0467647075882167,187.10502974835543,-0.5999999967905016,2.1994718938438965e-12,0.9999999999999984,0.9999999999999989
-0.6,1.0467647075882167,188.83788931116757,-0.5999999967979505,2.191935301935521e-12,0.9999999999999984,0.999999999999999
-0.6,1.0467647075882167,190.58679762621514,-0.599999996805446,2.184459429074723e-12,0.9999999999999984,0.999999999999999
-0.6,1.0467647075882167,192.35190332784438,-0.5999999968129891,2.1770388450117575e-12,0.9999999999999983,0.9999999999999986
-0.6,1.0467647075882167,194.13335642696757,-0.5999999968205825,2.1696607164432926e-12,0.9999999999999986,0.9999999999999987
-0.6,1.0467647075882167,195.93130832381254,-0.5999999968282267,2.1623135250367497e-12,0.9999999999999984,0.9999999999999987
-0.6,1.0467647075882167,197.74591182078862,-0.5999999968359236,2.154984048231125e-12,0.9999999999999989,0.9999999999999984
-0.6,1.0467647075882167,199.5773211354742,-0.5999999968436741,2.1476604302331892e-12,0.9999999999999989,0.9999999999999983
-0.6,1.0467647075882167,201.42569191372198,-0.5999999968514796,2.1403265031071012e-12,0.9999999999999988,0.9999999999999987
-0.6,1.0467647075882167,203.29118124288746,-0.5999999968593409,2.132970114588234e-12,0.9999999999999989,0.9999999999999982
-0.6,1.0467647075882167,205.1739476651793,-0.5999999968672589,2.1255746457674938e-12,0.9999999999999992,0.9999999999999983
-0.6,1.0467647075882167,207.07415119113296,-0.5999999968752344,2.118126777403748e-12,0.9999999999999988,0.999999999999998
-0.6,1.0467647075882167,208.99195331321022,-0.5999999968832676,2.1106107496477613e-12,0.9999999999999991,0.999999999999998
-0.6,1.0467647075882167,210.92751701952352,-0.5999999968913587,2.1030118070415646e-12,0.9999999999999992,0.9999999999999978
-0.6,1.0467647075882167,212.88100680768738,-0.5999999968995081,2.0953156620790264e-12,0.9999999999999994,0.9999999999999977
-0.6,1.0467647075882167,214.8525886987991,-0.5999999969077159,2.0875082614443015e-12,0.9999999999999994,0.9999999999999974
-0.6,1.0467647075882167,216.84243025154836,-0.5999999969159817,2.0795767581412175e-12,0.9999999999999993,0.9999999999999973
-0.6,1.0467647075882167,218.85070057645706,-0.5999999969243052,2.0715083099033255e-12,0.9999999999999993,0.9999999999999973
-0.6,1.0467647075882167,220.87757035025237,-0.5999999969326861,2.0632909058694752e-12,0.9999999999999997,0.9999999999999971
-0.6,1.0467647075882167,222.92321183037146,-0.5999999969411236,2.0549137876125135e-12,0.9999999999999993,0.999999999999997
-0.6,1.0467647075882167,224.9877988696007,-0.5999999969496166,2.0463669728812033e-12,0.9999999999999994,0.9999999999999966
-0.6,1.0467647075882167,227.07150693085165,-0.5999999969581649,2.0376422308146203e-12,0.9999999999999997,0.9999999999999968
-0.6,1.0467647075882167,229.17451310207272,-0.5999999969667664,2.0287303460147967e-12,0.9999999999999998,0.9999999999999966
-0.6,1.0467647075882167,231.29699611129922,-0.5999999969754205,2.0196261208387126e-12,0.9999999999999997,0.9999999999999964
-0.6,1.0467647075882167,233.4391363418438,-0.599999996984126,2.01032365291468e-12,1.0,0.9999999999999963
-0.6,1.0467647075882167,235.60111584762504,-0.5999999969928809,2.000819452817319e-12,1.0,0.9999999999999963
-0.6,1.0467647075882167,237.78311836864148,-0.5999999970016839,1.9911106126922746e-12,1.0,0.9999999999999961
-0.6,1.0467647075882167,239.98532934658564,-0.5999999970105333,1.9811961454409697e-12,1.0000000000000002,0.9999999999999963
-0.6,1.0467647075882167,242.20793594060487,-0.5999999970194275,1.971076059076515e-12,1.0000000000000002,0.999999999999996
-0.6,1.0467647075882167,244.4511270432073,-0.5999999970283644,1.9607506669615675e-12,0.9999999999999999,0.9999999999999957
-0.6,1.0467647075882167,246.71509329631496,-0.5999999970373422,1.9502240461521364e-12,0.9999999999999999,0.999999999999996
-0.6,1.0467647075882167,249.00002710746668,-0.5999999970463596,1.939498075654666e-12,1.0000000000000002,0.999999999999996
-0.6,1.0467647075882167,251.3061226661696,-0.5999999970554141,1.9285799714609956e-12,1.0000000000000002,0.9999999999999959
-0.6,1.0467647075882167,253.6335759604023,-0.5999999970645035,1.9174750192309762e-12,1.0,0.9999999999999958
-0.6,1.0467647075882167,255.98258479327197,-0.5999999970736267,1.906190277846221e-12,1.0,0.999999999999996
-0.6,1.0467647075882167,258.3533487998248,-0.5999999970827807,1.894735799360644e-12,0.9999999999999997,0.9999999999999961
-0.6,1.0467647075882167,260.7460694640121,-0.5999999970919646,1.8831185145822843e-12,0.9999999999999999,0.9999999999999958
-0.6,1.0467647075882167,263.1609501358149,-0.599999997101176,1.8713538106230802e-12,0.9999999999999999,0.9999999999999959
-0.6,1.0467647075882167,265.59819604852424,-0.5999999971104129,1.859445068951983e-12,0.9999999999999997,0.9999999999999957
-0.6,1.0467647075882167,268.0580143361851,-0.5999999971196737,1.8474109279872596e-12,1.0,0.999999999999996
-0.6,1.0467647075882167,270.5406140511989,-0.5999999971289565,1.8352632241900684e-12,1.0,0.9999999999999957
-0.6,1.0467647075882167,273.0462061820903,-0.5999999971382598,1.823015132890929e-12,0.9999999999999997,0.9999999999999959
-0.6,1.0467647075882167,275.57500367143905,-0.599999997147582,1.8106800075364934e-12,0.9999999999999994,0.9999999999999958
-0.6,1.0467647075882167,278.1272214339776,-0.5999999971569213,1.7982724423357905e-12,0.9999999999999996,0.9999999999999962
-0.6,1.0467647075882167,280.7030763748543,-0.5999999971662766,1.7858093451683602e-12,0.9999999999999996,0.9999999999999961
-0.6,1.0467647075882167,283.30278740807006,-0.5999999971756464,1.773304104932634e-12,0.9999999999999993,0.9999999999999962
-0.6,1.0467647075882167,285.9265754750807,-0.59999999718503,1.760771639172475e-12,0.9999999999999996,0.9999999999999962
-0.6,1.0467647075882167,288.57466356357577,-0.5999999971944258,1.7482294352249403e-12,0.9999999999999992,0.9999999999999959
-0.6,1.0467647075882167,291.24727672642865,-0.5999999972038327,1.7356936705056506e-12,0.9999999999999994,0.9999999999999972
-0.6,1.0467647075882167,293.94464210082356,-0.5999999972132503,1.7231782304716747e-12,0.9999999999999991,0.9999999999999966
-0.6,1.0467647075882167,296.6669889275594,-0.5999999972226777,1.7106995679005186e-12,0.9999999999999989,0.9999999999999967
-0.6,1.0467647075882167,299.4145485705322,-0.5999999972321147,1.6982727809765065e-12,0.9999999999999992,0.9999999999999969
-0.6,1.0467647075882167,302.18755453639716,-0.5999999972415602,1.685913239627156e-12,0.9999999999999989,0.999999999999997
-0.6,1.0467647075882167,304.9862424944146,-0.5999999972510144,1.6736363381352136e-12,0.9999999999999989,0.9999999999999971
-0.6,1.0467647075882167,307.81085029647846,-0.599999997260477,1.6614556725704082e-12,0.9999999999999989,0.9999999999999974
-0.6,1.0467647075882167,310.6616179973303,-0.5999999972699479,1.6493854634763307e-12,0.999999999999999,0.9999999999999976
-0.6,1.0467647075882167,313.5387878749621,-0.5999999972794274,1.6374395586740434e-12,0.999999999999999,0.9999999999999973
-0.6,1.0467647075882167,316.44260445120455,-0.5999999972889157,1.625630747640742e-12,0.9999999999999988,0.9999999999999977
-0.6,1.0467647075882167,319.3733145125105,-0.5999999972984132,1.6139712264117287e-12,0.9999999999999988,0.9999999999999978
-0.6,1.0467647075882167,322.3311671309267,-0.5999999973079206,1.6024727688510591e-12,0.9999999999999988,0.9999999999999979
-0.6,1.0467647075882167,325.31641368526283,-0.5999999973174381,1.591146541088644e-12,0.9999999999999987,0.999999999999998
-0.6,1.0467647075882167,328.32930788245454,-0.5999999973269671,1.5800024572449516e-12,0.9999999999999986,0.9999999999999982
-0.6,1.0467647075882167,331.37010577912685,-0.5999999973365079,1.5690503237523576e-12,0.9999999999999988,0.9999999999999983
-0.6,1.0467647075882167,334.4390658033531,-0.599999997346062,1.5582986221310385e-12,0.9999999999999984,0.9999999999999977
-0.6,1.0467647075882167,337.53644877662083,-0.5999999973556308,1.5477554171240756e-12,0.9999999999999987,0.9999999999999983
-0.6,1.0467647075882167,340.66251793599554,-0.5999999973652147,1.5374283534766014e-12,0.9999999999999984,0.9999999999999984
-0.6,1.0467647075882167,343.81753895649405,-0.5999999973748156,1.5273222144300396e-12,0.9999999999999987,0.9999999999999989
-0.6,1.0467647075882167,347.00177997366285,-0.599999997384435,1.517443274541004e-12,0.9999999999999986,0.9999999999999992
-0.6,1.0467647075882167,350.2155116063659,-0.5999999973940742,1.5077967638670144e-12,0.9999999999999987,0.9999999999999991
-0.6,1.0467647075882167,353.4590069797847,-0.5999999974037351,1.4983862880202866e-12,0.9999999999999987,0.9999999999999994
-0.6,1.0467647075882167,356.73254174862967,-0.5999999974134189,1.4892129561261293e-12,0.9999999999999984,0.9999999999999992
-0.6,1.0467647075882167,360.0363941205664,-0.5999999974231285,1.4802811178768653e-12,0.9999999999999988,0.9999999999999993
-0.6,1.0467647075882167,363.37084487986095,-0.5999999974328645,1.4715904975500775e-12,0.9999999999999986,0.9999999999999993
-0.6,1.0467647075882167,366.73617741124224,-0.5999999974426296,1.4631409444506453e-12,0.9999999999999989,0.9999999999999996
-0.6,1.0467647075882167,370.13267772398575,-0.5999999974524252,1.4549341010006645e-12,0.9999999999999989,0.9999999999999997
-0.6,1.0467647075882167,373.5606344762222,-0.5999999974622537,1.4469676379070612e-12,0.9999999999999987,0.9999999999999997
-0.6,1.0467647075882167,377.02033899946696,-0.5999999974721171,1.439238839917853e-12,0.9999999999999987,0.9999999999999997
-0.6,1.0467647075882167,380.5120853233824,-0.5999999974820175,1.4317460676852857e-12,0.9999999999999989,0.9999999999999998
-0.6,1.0467647075882167,384.03617020076405,-0.5999999974919569,1.4244863572756103e-12,0.999999999999999,0.9999999999999998
-0.6,1.0467647075882167,387.5928931327621,-0.5999999975019369,1.4174550908794358e-12,0.9999999999999988,0.9999999999999996
-0.6,1.0467647075882167,391.18255639433437,-0.5999999975119606,1.4106461020382195e-12,0.999999999999999,1.0
-0.6,1.0467647075882167,394.8054650599374,-0.5999999975220291,1.4040564078857116e-12,0.9999999999999989,1.0
-0.6,1.0467647075882167,398.4619270294508,-0.5999999975321452,1.3976800221024616e-12,0.999999999999999,1.0000000000000002
-0.6,1.0467647075882167,402.15225305434814,-0.5999999975423105,1.3915082594289528e-12,0.999999999999999,1.0000000000000002
-0.6,1.0467647075882167,405.87675676410373,-0.5999999975525274,1.3855355015148957e-12,0.9999999999999991,0.9999999999999999
-0.6,1.0467647075882167,409.6357546928489,-0.5999999975627976,1.3797562100392118e-12,0.9999999999999988,1.0
-0.6,1.0467647075882167,413.4295663062725,-0.5999999975731235,1.3741587560914975e-12,0.9999999999999991,0.9999999999999999
-0.6,1.0467647075882167,417.25851402877123,-0.5999999975835064,1.368737579987883e-12,0.9999999999999992,1.0000000000000002
-0.6,1.0467647075882167,421.12292327085265,-0.5999999975939487,1.3634836596775794e-12,0.9999999999999993,1.0
-0.6,1.0467647075882167,425.02312245678996,-0.5999999976044519,1.358388250744404e-12,0.9999999999999993,1.0000000000000004
-0.6,1.0467647075882167,428.95944305253283,-0.599999997615018,1.3534400714613805e-12,0.9999999999999992,0.9999999999999998
-0.6,1.0467647075882167,432.9322195938791,-0.5999999976256487,1.3486331616051363e-12,0.9999999999999992,1.0000000000000004
-0.6,1.0467647075882167,436.9417897149054,-0.5999999976363454,1.3439550353599487e-12,0.9999999999999994,1.0
-0.6,1.0467647075882167,440.98849417666133,-0.5999999976471099,1.3393975006909429e-12,0.9999999999999993,0.9999999999999998
-0.6,1.0467647075882167,445.0726768961314,-0.5999999976579434,1.3349496075709548e-12,0.9999999999999993,1.0000000000000002
-0.6,1.0467647075882167,449.19468497546023,-0.5999999976688477,1.3306020614358592e-12,0.9999999999999994,0.9999999999999999
-0.6,1.0467647075882167,453.3548687314555,-0.5999999976798237,1.3263436894093557e-12,0.9999999999999994,0.9999999999999999
-0.6,1.0467647075882167,457.55358172535705,-0.599999997690873,1.3221648579099223e-12,0.9999999999999998,0.9999999999999999
-0.6,1.0467647075882167,461.7911807928867,-0.5999999977019965,1.3180552982170799e-12,0.9999999999999997,0.9999999999999998
-0.6,1.0467647075882167,466.0680260745743,-0.599999997713195,1.3140054001758627e-12,0.9999999999999998,0.9999999999999998
-0.6,1.0467647075882167,470.3844810463644,-0.59999999772447,1.3100041156923107e-12,0.9999999999999998,0.9999999999999998
-0.6,1.0467647075882167,474.7409125505084,-0.5999999977358219,1.3060419885763632e-12,0.9999999999999999,0.9999999999999996
-0.6,1.0467647075882167,479.1376908267404,-0.5999999977472515,1.3021093069770558e-12,0.9999999999999998,0.9999999999999997
-0.6,1.0467647075882167,483.57518954374194,-0.5999999977587596,1.2981961095899187e-12,1.0,1.0
-0.6,1.0467647075882167,488.0537858309,-0.5999999977703464,1.2942925675213557e-12,0.9999999999999999,0.9999999999999996
-0.6,1.0467647075882167,492.5738603103579,-0.5999999977820125,1.2903894712053506e-12,1.0,0.9999999999999996
-0.6,1.0467647075882167,497.1357971293627,-0.5999999977937581,1.2864774383136033e-12,1.0,0.9999999999999994
-0.6,1.0467647075882167,501.7399839929145,-0.5999999978055837,1.2825477153028114e-12,1.0000000000000002,0.9999999999999996
-0.6,1.0467647075882167,506.3868121967132,-0.5999999978174888,1.278591394235006e-12,0.9999999999999996,0.9999999999999993
-0.6,1.0467647075882167,511.0766766604169,-0.599999997829474,1.2746001049325851e-12,0.9999999999999998,0.9999999999999991
-0.6,1.0467647075882167,515.809975961202,-0.5999999978415388,1.2705655143548022e-12,1.0,0.9999999999999992
-0.6,1.0467647075882167,520.5871123676386,-0.5999999978536834,1.2664799188086218e-12,1.0000000000000004,0.9999999999999994
-0.6,1.0467647075882167,525.4084918738774,-0.5999999978659067,1.2623355318258551e-12,1.0000000000000002,0.999999999999999
-0.6,1.0467647075882167,530.2745242341559,-0.5999999978782087,1.2581251087398252e-12,1.0000000000000002,0.9999999999999992
-0.6,1.0467647075882167,535.1856229976182,-0.5999999978905889,1.253842128413199e-12,1.0,0.999999999999999
-0.6,1.0467647075882167,540.1422055434659,-0.599999997903046,1.2494788542167652e-12,0.9999999999999997,0.9999999999999987
-0.6,1.0467647075882167,545.1446931164259,-0.5999999979155806,1.2450301627059626e-12,1.0,0.9999999999999988
-0.6,1.0467647075882167,550.1935108625528,-0.5999999979281905,1.2404898333833192e-12,1.0,0.9999999999999989
-0.6,1.0467647075882167,555.2890878653604,-0.5999999979408754,1.235851740059213e-12,0.9999999999999999,0.9999999999999989
-0.6,1.0467647075882167,560.4318571822878,-0.5999999979536339,1.2311118667150136e-12,1.0,0.9999999999999988
-0.6,1.0467647075882167,565.6222558815047,-0.599999997966465,1.2262642872764049e-12,0.9999999999999997,0.9999999999999989
-0.6,1.0467647075882167,570.8607250790558,-0.5999999979793678,1.2213044726203076e-12,1.0,0.9999999999999988
-0.6,1.0467647075882167,576.1477099763489,-0.5999999979923404,1.2162286554702074e-12,1.0,0.9999999999999989
-0.6,1.0467647075882167,581.4836598979924,-0.5999999980053816,1.211033319031962e-12,0.9999999999999999,0.9999999999999989
-0.6,1.0467647075882167,586.8690283299819,-0.5999999980184899,1.2057150447420353e-12,1.0000000000000002,0.9999999999999986
-0.6,1.0467647075882167,592.3042729582397,-0.5999999980316639,1.2002702540428186e-12,1.0,0.9999999999999987
-0.6,1.0467647075882167,597.7898557075149,-0.5999999980449017,1.194697384655525e-12,1.0,0.9999999999999986
-0.6,1.0467647075882167,603.3262427806361,-0.5999999980582015,1.1889913836971037e-12,1.0,0.9999999999999986
-0.6,1.0467647075882167,608.913904698138,-0.5999999980715616,1.1831541307204718e-12,1.0000000000000002,0.9999999999999986
-0.6,1.0467647075882167,614.5533163382452,-0.5999999980849803,1.1771809610241914e-12,0.9999999999999997,0.9999999999999986
-0.6,1.0467647075882167,620.2449569772324,-0.5999999980984554,1.171072591674854e-12,0.9999999999999998,0.9999999999999987
-0.6,1.0467647075882167,625.9893103301563,-0.5999999981119848,1.1648272627356292e-12,0.9999999999999998,0.9999999999999984
-0.6,1.0467647075882167,631.7868645919671,-0.5999999981255669,1.15844426771204e-12,0.9999999999999998,0.9999999999999987
-0.6,1.0467647075882167,637.638112478994,-0.5999999981391991,1.1519215797601913e-12,0.9999999999999998,0.9999999999999987
-0.6,1.0467647075882167,643.5435512708254,-0.5999999981528795,1.145261604860181e-12,0.9999999999999996,0.9999999999999987
-0.6,1.0467647075882167,649.5036828525664,-0.599999998166606,1.1384646566070585e-12,0.9999999999999998,0.9999999999999987
-0.6,1.0467647075882167,655.5190137574945,-0.5999999981803756,1.131529919441353e-12,0.9999999999999998,0.9999999999999984
-0.6,1.0467647075882167,661.5900552101086,-0.5999999981941868,1.1244586881159594e-12,0.9999999999999998,0.9999999999999989
-0.6,1.0467647075882167,667.7173231695753,-0.599999998208037,1.1172513620236848e-12,0.9999999999999994,0.9999999999999982
-0.6,1.0467647075882167,673.9013383735801,-0.5999999982219236,1.1099115800063256e-12,0.9999999999999992,0.9999999999999983
-0.6,1.0467647075882167,680.1426263825831,-0.5999999982358444,1.1024373959160698e-12,0.9999999999999994,0.9999999999999986
-0.6,1.0467647075882167,686.4417176244827,-0.5999999982497968,1.094833755719318e-12,0.9999999999999997,0.9999999999999987
-0.6,1.0467647075882167,692.7991474396972,-0.5999999982637783,1.0871006740252348e-12,0.9999999999999992,0.9999999999999986
-0.6,1.0467647075882167,699.215456126661,-0.5999999982777864,1.079241963556705e-12,0.9999999999999994,0.9999999999999984
-0.6,1.0467647075882167,705.6911889877423,-0.5999999982918188,1.0712596908716872e-12,0.9999999999999994,0.9999999999999982
-0.6,1.0467647075882167,712.2268963755895,-0.5999999983058728,1.0631546000288845e-12,0.9999999999999991,0.9999999999999984
-0.6,1.0467647075882167,718.8231337398989,-0.5999999983199458,1.0549326881545484e-12,0.999999999999999,0.9999999999999987
-0.6,1.0467647075882167,725.4804616746267,-0.5999999983340353,1.0465950966747442e-12,0.9999999999999992,0.9999999999999988
-0.6,1.0467647075882167,732.1994459656265,-0.5999999983481387,1.0381447962848384e-12,0.9999999999999989,0.9999999999999987
-0.6,1.0467647075882167,738.9806576387373,-0.5999999983622533,1.0295867866265334e-12,0.9999999999999991,0.9999999999999987
-0.6,1.0467647075882167,745.8246730083114,-0.5999999983763766,1.0209218024923114e-12,0.999999999999999,0.9999999999999986
-0.6,1.0467647075882167,752.7320737261965,-0.5999999983905061,1.0121553337170887e-12,0.9999999999999989,0.9999999999999986
-0.6,1.0467647075882167,759.7034468311634,-0.5999999984046389,1.0032914897141433e-12,0.9999999999999991,0.9999999999999988
-0.6,1.0467647075882167,766.7393847988028,-0.5999999984187732,9.943321632916396e-13,0.9999999999999988,0.9999999999999989
-0.6,1.0467647075882167,773.8404855918722,-0.5999999984329056,9.852826236013807e-13,0.9999999999999987,0.9999999999999989
-0.6,1.0467647075882167,781.0073527111184,-0.5999999984470336,9.761471353180549e-13,0.9999999999999989,0.9999999999999987
-0.6,1.0467647075882167,788.2405952465664,-0.5999999984611549,9.669284192977372e-13,0.999999999999999,0.9999999999999988
-0.6,1.0467647075882167,795.5408279292831,-0.5999999984752672,9.576315649095746e-13,0.9999999999999989,0.9999999999999987
-0.6,1.0467647075882167,802.9086711836236,-0.5999999984893675,9.482608881578917e-13,0.9999999999999988,0.9999999999999991
-0.6,1.0467647075882167,810.3447511799583,-0.5999999985034536,9.388200675895578e-13,0.999999999999999,0.999999999999999
-0.6,1.0467647075882167,817.8496998878867,-0.5999999985175227,9.293136794008328e-13,0.9999999999999986,0.9999999999999987
-0.6,1.0467647075882167,825.4241551299497,-0.5999999985315729,9.197460452079958e-13,0.9999999999999987,0.999999999999999
-0.6,1.0467647075882167,833.0687606358348,-0.5999999985456013,9.101209362417637e-13,0.9999999999999986,0.999999999999999
-0.6,1.0467647075882167,840.7841660970844,-0.5999999985596054,9.004434447580748e-13,0.9999999999999988,0.999999999999999
-0.6,1.0467647075882167,848.5710272223139,-0.5999999985735832,8.907179579934043e-13,0.999999999999999,0.9999999999999994
-0.6,1.0467647075882167,856.4300057929329,-0.5999999985875322,8.809480818352492e-13,0.9999999999999987,0.9999999999999993
-0.6,1.0467647075882167,864.3617697193946,-0.5999999986014499,8.71138825145865e-13,0.9999999999999987,0.999999999999999
-0.6,1.0467647075882167,872.3669930979535,-0.5999999986153342,8.612941322478647e-13,0.9999999999999983,0.9999999999999993
-0.6,1.0467647075882167,880.4463562679581,-0.5999999986291826,8.514184092701705e-13,0.9999999999999986,0.9999999999999991
-0.6,1.0467647075882167,888.6005458696701,-0.5999999986429935,8.415161126044714e-13,0.9999999999999984,0.9999999999999992
-0.6,1.0467647075882167,896.8302549026189,-0.5999999986567641,8.315913285804835e-13,0.9999999999999988,0.9999999999999994
-0.6,1.0467647075882167,905.1361827845002,-0.5999999986704924,8.216483520568183e-13,0.9999999999999986,0.9999999999999994
-0.6,1.0467647075882167,913.5190354106156,-0.5999999986841763,8.116913886002152e-13,0.9999999999999987,0.9999999999999993
-0.6,1.0467647075882167,921.9795252138629,-0.5999999986978138,8.017245254206065e-13,0.9999999999999984,0.9999999999999994
-0.6,1.0467647075882167,930.5183712252855,-0.5999999987114031,7.917516716217464e-13,0.9999999999999987,0.9999999999999997
-0.6,1.0467647075882167,939.1362991351807,-0.5999999987249416,7.817771480694955e-13,0.9999999999999984,0.9999999999999993
-0.6,1.0467647075882167,947.8340413547725,-0.5999999987384278,7.718047075026043e-13,0.9999999999999984,0.9999999999999993
-0.6,1.0467647075882167,956.6123370784595,-0.5999999987518598,7.618384033856262e-13,0.9999999999999989,0.9999999999999998
-0.6,1.0467647075882167,965.4719323466358,-0.5999999987652356,7.518819082279947e-13,0.9999999999999984,0.9999999999999996
-0.6,1.0467647075882167,974.4135801090915,-0.5999999987785533,7.419392440379621e-13,0.9999999999999983,0.9999999999999996
-0.6,1.0467647075882167,983.4380402890077,-0.5999999987918113,7.320136669314795e-13,0.9999999999999986,0.9999999999999994
-0.6,1.0467647075882167,992.5460798475383,-0.5999999988050077,7.221092416561124e-13,0.9999999999999984,0.9999999999999997
-0.6,1.0467647075882167,1001.7384728489908,-0.599999998818141,7.122291787530833e-13,0.9999999999999984,0.9999999999999996
-0.6,1.0467647075882167,1011.0160005266158,-0.5999999988312096,7.023768856775885e-13,0.9999999999999983,0.9999999999999997
-0.6,1.0467647075882167,1020.3794513489946,-0.5999999988442118,6.925559340200528e-13,0.9999999999999986,0.9999999999999998
-0.6,1.0467647075882167,1029.8296210870567,-0.599999998857146,6.82769476002188e-13,0.9999999999999987,0.9999999999999998
-0.6,1.0467647075882167,1039.3673128817031,-0.5999999988700109,6.730207719694746e-13,0.9999999999999987,1.0
-0.6,1.0467647075882167,1048.993337312066,-0.5999999988828045,6.633132883104468e-13,0.9999999999999983,0.9999999999999996
-0.6,1.0467647075882167,1058.7085124643972,-0.5999999988955261,6.536495196948687e-13,0.9999999999999986,0.9999999999999998
-0.6,1.0467647075882167,1068.5136640015942,-0.599999998908174,6.440320526412458e-13,0.9999999999999987,0.9999999999999996
-0.6,1.0467647075882167,1078.4096252333723,-0.5999999989207471,6.344643978167314e-13,0.9999999999999987,1.0
-0.6,1.0467647075882167,1088.3972371870843,-0.5999999989332435,6.249492762640454e-13,0.9999999999999986,1.0000000000000002
-0.6,1.0467647075882167,1098.4773486791944,-0.5999999989456626,6.154887860732164e-13,0.9999999999999988,0.9999999999999999
-0.6,1.0467647075882167,1108.650816387419,-0.5999999989580032,6.060854887216875e-13,0.9999999999999986,1.0000000000000002
-0.6,1.0467647075882167,1118.9185049235327,-0.5999999989702639,5.967426826745146e-13,0.9999999999999986,1.0000000000000002
-0.6,1.0467647075882167,1129.2812869068487,-0.5999999989824438,5.87462043825147e-13,0.9999999999999989,1.0
-0.6,1.0467647075882167,1139.740043038382,-0.5999999989945418,5.782459895276969e-13,0.9999999999999989,1.0
-0.6,1.0467647075882167,1150.2956621756925,-0.5999999990065567,5.690967185593817e-13,0.9999999999999988,1.0
-0.6,1.0467647075882167,1160.9490414084332,-0.5999999990184879,5.600162342513384e-13,0.9999999999999987,0.9999999999999999
-0.6,1.0467647075882167,1171.7010861345848,-0.5999999990303343,5.510068558991557e-13,0.9999999999999989,1.0000000000000002
-0.6,1.0467647075882167,1182.5527101374053,-0.599999999042095,5.420699103919635e-13,0.9999999999999989,1.0000000000000002
-0.6,1.0467647075882167,1193.5048356630894,-0.5999999990537692,5.33207275875259e-13,0.9999999999999989,1.0000000000000002
-0.6,1.0467647075882167,1204.55839349915,-0.5999999990653562,5.244204711034431e-13,0.999999999999999,1.0000000000000002
-0.6,1.0467647075882167,1215.7143230535173,-0.5999999990768554,5.157124418133104e-13,0.999999999999999,1.0
-0.6,1.0467647075882167,1226.9735724343827,-0.5999999990882655,5.070829850998972e-13,0.9999999999999989,1.0
-0.6,1.0467647075882167,1238.33709853077,-0.5999999990995868,4.98534947778944e-13,0.9999999999999991,1.0000000000000002
-0.6,1.0467647075882167,1249.8058670938608,-0.5999999991108179,4.900687721708152e-13,0.9999999999999991,1.0000000000000002
-0.6,1.0467647075882167,1261.3808528190714,-0.5999999991219586,4.816857948685876e-13,0.9999999999999989,1.0000000000000002
-0.6,1.0467647075882167,1273.0630394288874,-0.599999999133008,4.733878337237325e-13,0.999999999999999,1.0000000000000002
-0.6,1.0467647075882167,1284.8534197564702,-0.5999999991439661,4.651755300360168e-13,0.9999999999999991,1.0000000000000002
-0.6,1.0467647075882167,1296.7529958300336,-0.5999999991548322,4.570495839870094e-13,0.999999999999999,1.0000000000000004
-0.6,1.0467647075882167,1308.7627789579997,-0.5999999991656058,4.490126788512353e-13,0.9999999999999992,1.0000000000000002
-0.6,1.0467647075882167,1320.883789814951,-0.5999999991762867,4.4106295227147747e-13,0.9999999999999993,1.0000000000000002
-0.6,1.0467647075882167,1333.1170585283726,-0.5999999991868743,4.332033272942928e-13,0.9999999999999992,1.0000000000000004
-0.6,1.0467647075882167,1345.4636247661995,-0.5999999991973686,4.254332719554589e-13,0.9999999999999993,1.0000000000000002
-0.6,1.0467647075882167,1357.924537825179,-0.599999999207769,4.17754976665934e-13,0.9999999999999993,1.0000000000000002
-0.6,1.0467647075882167,1370.500856720038,-0.5999999992180758,4.101673081387778e-13,0.9999999999999993,1.0000000000000002
-0.6,1.0467647075882167,1383.1936502734964,-0.5999999992282884,4.0267155083155504e-13,0.9999999999999994,1.0000000000000002
-0.6,1.0467647075882167,1396.0039972070938,-0.5999999992384064,3.952687024591652e-13,0.9999999999999992,1.0000000000000002
-0.6,1.0467647075882167,1408.9329862328714,-0.59999999924843,3.879581768705021e-13,0.9999999999999997,1.0000000000000002
-0.6,1.0467647075882167,1421.9817161458968,-0.599999999258359,3.807402460977055e-13,0.9999999999999997,1.0000000000000004
-0.6,1.0467647075882167,1435.1512959176512,-0.5999999992681934,3.736160993209808e-13,0.9999999999999996,1.0000000000000002
-0.6,1.0467647075882167,1448.4428447902692,-0.5999999992779332,3.665850702423647e-13,0.9999999999999996,1.0000000000000004
-0.6,1.0467647075882167,1461.8574923716699,-0.5999999992875781,3.596476371924183e-13,0.9999999999999997,1.0000000000000002
-0.6,1.0467647075882167,1475.3963787315492,-0.5999999992971282,3.528036086637028e-13,0.9999999999999998,1.0000000000000002
-0.6,1.0467647075882167,1489.0606544982772,-0.5999999993065839,3.460542191030601e-13,0.9999999999999996,1.0000000000000002
-0.6,1.0467647075882167,1502.8514809566846,-0.5999999993159449,3.3939756454543424e-13,0.9999999999999998,1.0000000000000002
-0.6,1.0467647075882167,1516.7700301467542,-0.5999999993252113,3.3283481726624827e-13,0.9999999999999998,1.0000000000000004
-0.6,1.0467647075882167,1530.8174849632353,-0.5999999993343833,3.2636586839511654e-13,0.9999999999999996,1.0000000000000002
-0.6,1.0467647075882167,1544.9950392561707,-0.5999999993434613,3.19989524784602e-13,0.9999999999999998,1.0000000000000002
-0.6,1.0467647075882167,1559.3038979323546,-0.599999999352445,3.1370653496674257e-13,0.9999999999999998,1.0000000000000002
-0.6,1.0467647075882167,1573.7452770577393,-0.5999999993613347,3.07516405335537e-13,1.0,1.0000000000000002
-0.6,1.0467647075882167,1588.3204039607824,-0.5999999993701309,3.014183140651446e-13,1.0,1.0000000000000002
-0.6,1.0467647075882167,1603.0305173367537,-0.5999999993788337,2.9541255211563095e-13,0.9999999999999997,1.0000000000000002
-0.6,1.0467647075882167,1617.8768673530133,-0.5999999993874433,2.8949887291466544e-13,1.0,1.0000000000000002
-0.6,1.0467647075882167,1632.8607157552478,-0.5999999993959599,2.8367659114297815e-13,0.9999999999999999,1.0000000000000002
-0.6,1.0467647075882167,1647.9833359747165,-0.5999999994043842,2.779446788530926e-13,0.9999999999999999,1.0
-0.6,1.0467647075882167,1663.2460132364645,-0.5999999994127161,2.7230300423144745e-13,1.0,1.0000000000000002
-0.6,1.0467647075882167,1678.6500446685554,-0.5999999994209559,2.667510584415567e-13,0.9999999999999999,1.0000000000000002
-0.6,1.0467647075882167,1694.1967394123092,-0.5999999994291045,2.61288815245684e-13,1.0000000000000002,1.0000000000000002
-0.6,1.0467647075882167,1709.8874187335668,-0.5999999994371618,2.5591464096260447e-13,1.0,1.0000000000000002
-0.6,1.0467647075882167,1725.7234161349695,-0.5999999994451282,2.5062884139633946e-13,1.0000000000000002,1.0000000000000002
-0.6,1.0467647075882167,1741.706077469303,-0.5999999994530042,2.454302083630276e-13,1.0000000000000002,1.0000000000000002
-0.6,1.0467647075882167,1757.8367610538646,-0.5999999994607904,2.4031837217216327e-13,1.0,1.0000000000000002
-0.6,1.0467647075882167,1774.1168377859105,-0.599999999468487,2.352921320838025e-13,0.9999999999999998,1.0
-0.6,1.0467647075882167,1790.547691259161,-0.5999999994760947,2.3035157789125844e-13,1.0000000000000002,1.0
-0.6,1.0467647075882167,1807.1307178813868,-0.5999999994836139,2.2549536115667956e-13,1.0000000000000002,1.0
-0.6,1.0467647075882167,1823.867326993091,-0.599999999491045,2.2072283789259612e-13,1.0000000000000002,1.0
-0.6,1.0467647075882167,1840.7589409872808,-0.5999999994983884,2.1603334410332585e-13,1.0000000000000002,1.0
-0.6,1.0467647075882167,1857.8069954303487,-0.599999999505645,2.1142600224168072e-13,1.0000000000000002,1.0
-0.6,1.0467647075882167,1875.012939184082,-0.5999999995128147,2.068999172264643e-13,1.0000000000000002,0.9999999999999998
-0.6,1.0467647075882167,1892.378234528796,-0.5999999995198988,2.0245424135002755e-13,1.0000000000000002,0.9999999999999998
-0.6,1.0467647075882167,1909.9043572876058,-0.5999999995268972,1.9808839690309832e-13,1.0000000000000002,1.0
-0.6,1.0467647075882167,1927.592796951861,-0.5999999995338109,1.938011579587163e-13,1.0000000000000002,0.9999999999999999
-0.6,1.0467647075882167,1945.4450568077177,-0.5999999995406402,1.8959195918577703e-13,1.0,0.9999999999999998
-0.6,1.0467647075882167,1963.4626540639163,-0.5999999995473859,1.854597829125426e-13,1.0000000000000002,1.0
-0.6,1.0467647075882167,1981.6471199807077,-0.5999999995540484,1.8140369746279723e-13,1.0000000000000002,0.9999999999999999
-0.6,1.0467647075882167,2000.0,-0.5999999995606284,1.7742287739135985e-13,1.0000000000000002,0.9999999999999999
-0.532,1.048021584068724,0.0,0.0,0.0,0.0,1.048021584068724
-0.532,1.048021584068724,0.05,-0.0011649232256675426,0.022913761464881884,0.029299624707859104,1.047301267625898
-0.532,1.048021584068724,0.1,-0.004508166416188364,0.04358979096995369,0.05848750530892859,1.0465809860957629
-0.532,1.048021584068724,0.15000000000000002,-0.009812895665991608,0.06216608976296441,0.08746469241645985,1.0458608256881674
-0.532,1.048021584068724,0.2,-0.0168758392431175,0.07877586514805099,0.11614505448404154,1.0451409234335172
-0.532,1.048021584068724,0.25,-0.025506798434407185,0.09354736211562285,0.1444541112953332,1.0444214617809684
-0.532,1.048021584068724,0.30000000000000004,-0.03552814666787904,0.10660374402377266,0.1723279565194975,1.043702663445339
-0.532,1.048021584068724,0.35000000000000003,-0.046774316100042256,0.11806301702246887,0.19971226271901513,1.0429847864817179
-0.532,1.048021584068724,0.4,-0.05909127952464805,0.12803799330139098,0.22656136287253742,1.0422681195744277
-0.532,1.048021584068724,0.45,-0.072336031150182,0.13663628861574398,0.2528374030349586,1.0415529775330592
-0.532,1.048021584068724,0.5,-0.08637606825307792,0.14396034990089612,0.27850956123050924,1.0408396969928047
-0.532,1.048021584068724,0.55,-0.10108887652720838,0.1501075091254052,0.3035533280770353,1.0401286323195336
-0.532,1.048021584068724,0.6000000000000001,-0.11636142205366636,0.15517005985208188,0.3279498449833321,1.039420151722203
-0.532,1.048021584068724,0.65,-0.1320896521624209,0.15923535327786817,0.3516852960582328,1.0387146335765343
-0.532,1.048021584068724,0.7000000000000001,-0.1481780068414495,0.16238591080582776,0.3747503501299061,1.0380124629643634
-0.532,1.048021584068724,0.75,-0.16453894204764902,0.16469955046708815,0.39713964950389624,1.0373140284330407
-0.532,1.048021584068724,0.8,-0.1810924661449516,0.16624952475783464,0.4188513422943629,1.0366197189786637
-0.532,1.048021584068724,0.8500000000000001,-0.1977656905591687,0.16710466768722787,0.4398866553494378,1.0359299212560287
-0.532,1.048021584068724,0.9,-0.2144923955387023,0.16732954904714498,0.46024950496217226,1.0352450170169818
-0.532,1.048021584068724,0.9500000000000001,-0.2312126116791743,0.16698463411474274,0.4799461427163001,1.034565380777497
-0.532,1.048021584068724,1.0,-0.24787221765824705,0.16612644718479974,0.49898483396334137,1.033891377712353
-0.532,1.048021584068724,1.05,-0.26442255445910695,0.16480773750139596,0.5173755665661922,1.0332233617747595
-0.532,1.048021584068724,1.1,-0.28082005623428624,0.16307764631847244,0.5351297876757861,1.0325616740368189
-0.532,1.048021584068724,1.1500000000000001,-0.29702589785985345,0.16098187396689648,0.5522601664325819,1.0319066412452993
-0.532,1.048021584068724,1.2000000000000002,-0.3130056591390581,0.1585628459424894,0.5687803806044139,1.0312585745858582
-0.532,1.048021584068724,1.25,-0.32872900552744877,0.1558598771556823,0.5847049252871585,1.0306177686476858
-0.532,1.048021584068724,1.3,-0.34416938516829904,0.15290933359963474,0.6000489419051148,1.0299845005794994
-0.532,1.048021584068724,1.35,-0.3593037419513942,0.14974479080032274,0.6148280658543351,1.029359029426929
-0.532,1.048021584068724,1.4000000000000001,-0.3741122442431756,0.14639718850981961,0.6290582912344309,1.028741595640632
-0.532,1.048021584068724,1.4500000000000002,-0.3885780288835208,0.14289498119323615,0.6427558512128719,1.0281324207439106
-0.532,1.048021584068724,1.5,-0.4026869600035355,0.13926428394103782,0.6559371126604435,1.0275317071482375
-0.532,1.048021584068724,1.55,-0.41642740218779367,0.1355290135121841,0.668618483787369,1.0269396381048475
-0.532,1.048021584068724,1.6,-0.429790007481295,0.13171102428015802,0.6808163335967344,1.026356377780483
-0.532,1.048021584068724,1.6500000000000001,-0.44276751572404577,0.12783023891391845,0.6925469220550821,1.0257820714454202
-0.532,1.048021584068724,1.7000000000000002,-0.4553545676833422,0.12390477367951028,0.7038263399595657,1.0252168457620634
-0.532,1.048021584068724,1.75,-0.4675475304448961,0.11995105829591003,0.7146704575567246,1.0246608091627067
-0.532,1.048021584068724,1.8,-0.47934433451863157,0.11598395032106301,0.7250948810398076,1.0241140523053802
-0.532,1.048021584068724,1.85,-0.4907443221133201,0.11201684408134023,0.7351149161197005,1.0235766485971889
-0.532,1.048021584068724,1.9000000000000001,-0.5017481060361006,0.10806177419019251,0.7447455379288742,1.02304865477502
-0.532,1.048021584068724,1.9500000000000002,-0.5123574386782115,0.10412951372994929,0.7540013665784357,1.0225301115340926
-0.532,1.048021584068724,2.0,-0.5225750905566385,0.1002296671948364,0.7628966477454406,1.0220210441953756
-0.532,1.048021584068724,2.0500000000000003,-0.5324047378923579,0.09637075831372023,0.771445237721116,1.021521463403555
-0.532,1.048021584068724,2.1,-0.5418508587189903,0.09256031288811203,0.7796605924007137,1.0210313658478352
-0.532,1.048021584068724,2.15,-0.5509186370304671,0.0888049367949209,0.7875557597424234,1.0205507349985177
-0.532,1.048021584068724,2.2,-0.5596138744922728,0.08511038931458931,0.795143375266249,1.0200795418529223
-0.532,1.048021584068724,2.25,-0.5679429092576928,0.08148165195387054,0.8024356602041532,1.0196177456848443
-0.532,1.048021584068724,2.3000000000000003,-0.5759125414478741,0.07792299293887227,0.8094444219501455,1.0191652947923449
-0.532,1.048021584068724,2.35,-0.5835299648723102,0.074438027558333,0.816181056493575,1.0187221272392522
-0.532,1.048021584068724,2.4000000000000004,-0.5908027045843495,0.07102977453965009,0.8226565525507542,1.018288171586326
-0.532,1.048021584068724,2.45,-0.5977385598844361,0.06770070864116637,0.8288814971393389,1.017863347608543
-0.532,1.048021584068724,2.5,-0.6043455524019465,0.06445280964381843,0.8348660823668134,1.0174475669954783
-0.532,1.048021584068724,2.5500000000000003,-0.6106318789045097,0.06128760792367352,0.8406201132290354,1.017040734032219
-0.532,1.048021584068724,2.6,-0.6166058685016443,0.058206226784273694,0.8461530162373221,1.0166427462586702
-0.532,1.048021584068724,2.6500000000000004,-0.6222759439271995,0.055209421724235146,0.8514738487130653,1.0162534951055224
-0.532,1.048021584068724,2.7,-0.6276505866024341,0.052297616811363495,0.856591308607515,1.0158728665055166
-0.532,1.048021584068724,2.75,-0.6327383051985233,0.04947093832975307,0.8615137447213234,1.0155007414789468
-0.532,1.048021584068724,2.8000000000000003,-0.6375476074337464,0.04672924586108146,0.8662491672137603,1.0151369966926878
-0.532,1.048021584068724,2.85,-0.6420869748565372,0.04407216095566688,0.870805258305375,1.0147815049922602
-0.532,1.048021584068724,2.9000000000000004,-0.6463648403809376,0.04149909354294159,0.8751893830903733,1.014434135906702
-0.532,1.048021584068724,2.95,-0.650389568355702,0.039009266224877465,0.8794086003862019,1.0140947561262355
-0.532,1.048021584068724,3.0,-0.6541694369624017,0.03660173658965463,0.8834696735579357,1.0137632299528854
-0.532,1.048021584068724,3.0500000000000003,-0.6577126227512824,0.0342754176765642,0.887379081264058,1.0134394197243728
-0.532,1.048021584068724,3.1,-0.6610271871364373,0.03202909671681905,0.891143028078328,1.0131231862117622
-0.532,1.048021584068724,3.1500000000000004,-0.6641210646839479,0.029861452268676657,0.894767454949559,1.012814388991418
-0.532,1.048021584068724,3.2,-0.6670020530381738,0.027771069859086568,0.8982580494675536,1.0125128867919706
-0.532,1.048021584068724,3.25,-0.6696778043422232,0.025756456237993178,0.9016202559090716,1.0122185378170296
-0.532,1.048021584068724,3.3000000000000003,-0.6721558180189386,0.023816052345491914,0.9048592850426961,1.0119312000444871
-0.532,1.048021584068724,3.35,-0.6744434347884143,0.021948245086262325,0.9079801236758781,1.0116507315032568
-0.532,1.048021584068724,3.4000000000000004,-0.6765478318072071,0.020151378000114035,0.9109875439312776,1.0113769905283858
-0.532,1.048021584068724,3.45,-0.678476018823008,0.018423760912090775,0.9138861122429078,1.0111098359954527
-0.532,1.048021584068724,3.5,-0.6802348352466152,0.016763678640392198,0.9166801980655254,1.0108491275352074
-0.532,1.048021584068724,3.5500000000000003,-0.6818309480506377,0.015169398835406314,0.9193739822932443,1.0105947257294234
-0.532,1.048021584068724,3.6,-0.6832708504114576,0.0136391790183955,0.9219714653855793,1.0103464922889003
-0.532,1.048021584068724,3.6500000000000004,-0.6845608610176168,0.012171272883851164,0.924476475200987,1.0101042902145814
-0.532,1.048021584068724,3.7,-0.6857071239739985,0.010763935925228878,0.9268926745395857,1.009867983942716
-0.532,1.048021584068724,3.75,-0.6867156092369551,0.009415430439687346,0.9292235683981181,1.009637439474988
-0.532,1.048021584068724,3.8000000000000003,-0.6875921135209118,0.008124029963590107,0.9314725109413385,1.0094125244945154
-0.532,1.048021584068724,3.85,-0.6883422616219783,0.006888023186870788,0.9336427121949781,1.0091931084685812
-0.532,1.048021584068724,3.9000000000000004,-0.6889715081087429,0.0057057173909163175,0.9357372444662088,1.0089790627389557
-0.532,1.048021584068724,3.95,-0.6894851393347302,0.0045754414513765745,0.9377590484981606,1.0087702606006168
-0.532,1.048021584068724,4.0,-0.689888275730988,0.003495548444255063,0.9397109393655487,1.0085665773696615
-0.532,1.048021584068724,4.05,-0.6901858743409528,0.0024644178907737443,0.9415956121188398,1.0083678904411577
-0.532,1.048021584068724,4.1000000000000005,-0.6903827315631605,0.0014804576738175364,0.943415647184684,1.0081740793376563
-0.532,1.048021584068724,4.15,-0.6904834860705104,0.0005421056562539406,0.9451735155305178,1.007985025749057
-0.532,1.048021584068724,4.2,-0.6904926218776942,-0.0003521689709269324,0.9468715836013815,1.0078006135644781
-0.532,1.048021584068724,4.25,-0.6904144715310789,-0.0012038645848978667,0.9485121180370344,1.0076207288967522
-0.532,1.048021584068724,4.3,-0.6902532193978044,-0.0020144462479958266,0.9500972901774618,1.007445260100138
-0.532,1.048021584068724,4.3500000000000005,-0.6900129050331147,-0.002785345023632863,0.9516291803648209,1.0072740977818035
-0.532,1.048021584068724,4.4,-0.6896974266070446,-0.003517957471080912,0.9531097820497826,1.007107134807604
-0.532,1.048021584068724,4.45,-0.6893105443734842,-0.00421364530074062,0.9545410057101156,1.00694426630266
-0.532,1.048021584068724,4.5,-0.6888558841664224,-0.004873735173031107,0.9559246825891986,1.0067853896471801
-0.532,1.048021584068724,4.55,-0.6883369409097705,-0.005499518625455109,0.9572625682619991,1.006630404467988
-0.532,1.048021584068724,4.6000000000000005,-0.6877570821286583,-0.006092252113705263,0.95855634603585,1.006479212626146
-0.532,1.048021584068724,4.65,-0.6871195514514343,-0.006653157153892653,0.9598076301931718,1.0063317182010612
-0.532,1.048021584068724,4.7,-0.6864274720928653,-0.007183420554102047,0.9610179690830674,1.0061878274714402
-0.532,1.048021584068724,4.75,-0.6856838503101234,-0.007684194724515753,0.9621888480685002,1.0060474488934086
-0.532,1.048021584068724,4.800000000000001,-0.6848915788242161,-0.008156598056306391,0.9633216923355432,1.0059104930761218
-0.532,1.048021584068724,4.8500000000000005,-0.6840534402004254,-0.008601715360382522,0.964417869570963,1.0057768727551406
-0.532,1.048021584068724,4.9,-0.683172110182189,-0.009020598357885299,0.9654786925141625,1.0056465027638508
-0.532,1.048021584068724,4.95,-0.6822501609736273,-0.009414266215084094,0.9665054213892951,1.0055193000031628
-0.532,1.048021584068724,5.0,-0.6812900644666151,-0.009783706116008959,0.9674992662231191,1.0053951834097274
-0.532,1.048021584068724,5.050000000000001,-0.6802941954089433,-0.010129873866791815,0.9684613890539512,1.0052740739228772
-0.532,1.048021584068724,5.1000000000000005,-0.6792648345106816,-0.010453694526270612,0.9693929060368481,1.0051558944504833
-0.532,1.048021584068724,5.15,-0.6782041714863686,-0.010756063057945443,0.9702948894499315,1.0050405698339144
-0.532,1.048021584068724,5.2,-0.6771143080311313,-0.011037844998865204,0.9711683696065717,1.0049280268122565
-0.532,1.048021584068724,5.25,-0.6759972607292418,-0.011299877141472896,0.9720143366779129,1.0048181939859409
-0.532,1.048021584068724,5.300000000000001,-0.6748549638940046,-0.011542968224848143,0.9728337424300575,1.0047110017799288
-0.532,1.048021584068724,5.3500000000000005,-0.6736892723382029,-0.011767899632162186,0.973627501880007,1.0046063824065716
-0.532,1.048021584068724,5.4,-0.6725019640746195,-0.01197542609150296,0.9743964948742789,1.0045042698282538
-0.532,1.048021584068724,5.45,-0.671294742946437,-0.012166276377542489,0.9751415675939438,1.0044045997199418
-0.532,1.048021584068724,5.5,-0.6700692411875361,-0.012341154011804271,0.9758635339896439,1.0043073094317112
-0.532,1.048021584068724,5.550000000000001,-0.6688270219129441,-0.012500737959548995,0.9765631771499886,1.0042123379513574
-0.532,1.048021584068724,5.6000000000000005,-0.6675695815398434,-0.012645683321534294,0.9772412506065649,1.0041196258671496
-0.532,1.048021584068724,5.65,-0.6662983521397454,-0.012776622019119725,0.9778984795786481,1.0040291153308112
-0.532,1.048021584068724,5.7,-0.6650147037225448,-0.012894163471384282,0.9785355621605359,1.0039407500207773
-0.532,1.048021584068724,5.75,-0.663719946453324,-0.012998895263101275,0.9791531704543065,1.0038544751057932
-0.532,1.048021584068724,5.800000000000001,-0.6624153328028547,-0.013091383802576736,0.9797519516506544,1.0037702372088968
-0.532,1.048021584068724,5.8500000000000005,-0.6611020596328663,-0.013172174968502917,0.980332529060319,1.0036879843718323
-0.532,1.048021584068724,5.9,-0.6597812702172001,-0.013241794745110504,0.9808955030985245,1.0036076660199296
-0.532,1.048021584068724,5.95,-0.6584540562000587,-0.013300749845021768,0.9814414522247017,1.0035292329274879
-0.532,1.048021584068724,6.0,-0.657121459492598,-0.013349528319314104,0.9819709338396637,1.0034526371836814
-0.532,1.048021584068724,6.050000000000001,-0.6557844741091607,-0.013388600154399665,0.9824844851423038,1.0033778321590305
-0.532,1.048021584068724,6.1000000000000005,-0.6544440479444874,-0.013418417855413287,0.9829826239477644,1.0033047724724389
-0.532,1.048021584068724,6.15,-0.6531010844932629,-0.013439417015878297,0.9834658494689531,1.0032334139588241
-0.532,1.048021584068724,6.2,-0.6517564445133828,-0.013452016873489271,0.9839346430631638,1.0031637136373606
-0.532,1.048021584068724,6.25,-0.6504109476343265,-0.013456620851912278,0.9843894689454868,1.0030956296803362
-0.532,1.048021584068724,6.300000000000001,-0.6490653739120497,-0.013453617088558294,0.9848307748706101,1.0030291213826366
-0.532,1.048021584068724,6.3500000000000005,-0.6477204653317895,-0.013443378948334233,0.9852589927845173,1.0029641491318648
-0.532,1.048021584068724,6.4,-0.6463769272601887,-0.013426265523418935,0.9856745394475359,1.0029006743790965
-0.532,1.048021584068724,6.45,-0.645035429848135,-0.013402622119149558,0.9860778170300908,1.0028386596102805
-0.532,1.048021584068724,6.5,-0.6436966093856962,-0.013372780726136927,0.9864692136824782,1.0027780683182728
-0.532,1.048021584068724,6.550000000000001,-0.6423610696105251,-0.013337060478757715,0.9868491040798771,1.0027188649755174
-0.532,1.048021584068724,6.6000000000000005,-0.6410293829710884,-0.013295768100196054,0.9872178499437879,1.0026610150073634
-0.532,1.048021584068724,6.65,-0.6397020918460559,-0.01324919833422943,0.9875758005409979,1.0026044847660118
-0.532,1.048021584068724,6.7,-0.6383797097211696,-0.013197634363971932,0.9879232931611438,1.002549241505099
-0.532,1.048021584068724,6.75,-0.6370627223248786,-0.013141348217803689,0.9882606535738686,1.002495253354896
-0.532,1.048021584068724,6.800000000000001,-0.6357515887240195,-0.0130806011627289,0.9885881964665321,1.0024424892981314
-0.532,1.048021584068724,6.8500000000000005,-0.63444674238078,-0.01301564408541512,0.9889062258633762,1.0023909191464193
-0.532,1.048021584068724,6.9,-0.6331485921721717,-0.012946717861175946,0.9892150355270238,1.00234051351729
-0.532,1.048021584068724,6.95,-0.6318575233731943,-0.012874053711165677,0.9895149093431042,1.0022912438118123
-0.532,1.048021584068724,7.0,-0.6305738986048689,-0.01279787354806026,0.9898061216888132,1.002243082192801
-0.532,1.048021584068724,7.050000000000001,-0.6292980587482686,-0.012718390310502242,0.9900889377861218,1.0021960015635956
-0.532,1.048021584068724,7.1000000000000005,-0.6280303238256595,-0.012635808286590382,0.9903636140403589,1.0021499755474021
-0.532,1.048021584068724,7.15,-0.6267709938498319,-0.012550323426695457,0.9906303983648197,1.002104978467192
-0.532,1.048021584068724,7.2,-0.6255203496426754,-0.012462123645884492,0.9908895304920471,1.0020609853261366
-0.532,1.048021584068724,7.25,-0.6242786536240246,-0.01237138911623457,0.991141242272387,1.0020179717885813
-0.532,1.048021584068724,7.300000000000001,-0.6230461505717636,-0.012278292549316352,0.9913857579603896,1.00197591416153
-0.532,1.048021584068724,7.3500000000000005,-0.6218230683541686,-0.012182999469124928,0.991623294489607,1.0019347893766493
-0.532,1.048021584068724,7.4,-0.6206096186354245,-0.012085668475732898,0.9918540617363129,1.001894574972765
-0.532,1.048021584068724,7.45,-0.619405997555227,-0.01198645149993751,0.9920782627726226,1.001855249078846
-0.532,1.048021584068724,7.5,-0.618212386383359,-0.011885494049169347,0.9922960941095073,1.0018167903974637
-0.532,1.048021584068724,7.550000000000001,-0.6170289521501024,-0.011782935444926443,0.9925077459301279,1.0017791781887193
-0.532,1.048021584068724,7.6000000000000005,-0.6158558482533215,-0.011678909051992769,0.9927134023139328,1.0017423922546196
-0.532,1.048021584068724,7.65,-0.6146932150430162,-0.011573542499695237,0.9929132414519187,1.0017064129238993
-0.532,1.048021584068724,7.7,-0.6135411803841405,-0.011466957895448621,0.9931074358534359,1.00167122103727
-0.532,1.048021584068724,7.75,-0.6123998601984406,-0.011359272030832004,0.9932961525449211,1.0016367979330945
-0.532,1.048021584068724,7.800000000000001,-0.6112693589860456,-0.011250596580435557,0.9934795532608877,1.0016031254334692
-0.532,1.048021584068724,7.8500000000000005,-0.61014977032752,-0.01114103829371037,0.99365779462753,1.0015701858306998
-0.532,1.048021584068724,7.9,-0.6090411773670751,-0.011030699180048857,0.9938310283392415,1.0015379618741778
-0.532,1.048021584068724,7.95,-0.6079436532775947,-0.010919676687317399,0.993999401328361,1.0015064367576196
-0.532,1.048021584068724,8.0,-0.6068572617081274,-0.010808063874057115,0.9941630559284328,1.0014755941066893
-0.532,1.048021584068724,8.05,-0.605782057214462,-0.010695949575563198,0.9943221300312522,1.0014454179669656
-0.532,1.048021584068724,8.1,-0.6047180856733925,-0.010583418564047284,0.9944767572379704,1.0014158927922694
-0.532,1.048021584068724,8.15,-0.6036653846812519,-0.010470551703081693,0.9946270670044904,1.0013870034333172
-0.532,1.048021584068724,8.200000000000001,-0.6026239839372793,-0.01035742609651902,0.9947731847814215,1.0013587351267184
-0.532,1.048021584068724,8.25,-0.6015939056123607,-0.01024411523207444,0.9949152321487801,1.001331073484277
-0.532,1.048021584068724,8.3,-0.6005751647036713,-0.010130689119753181,0.9950533269456998,1.001304004482619
-0.532,1.048021584068724,8.35,-0.599567769375725,-0.010017214425299646,0.9951875833953195,1.0012775144531103
-0.532,1.048021584068724,8.4,-0.5985717212883183,-0.009903754598839699,0.9953181122250732,1.0012515900720744
-0.532,1.048021584068724,8.450000000000001,-0.5975870159118475,-0.009790369998882135,0.9954450207825565,1.0012262183512965
-0.532,1.048021584068724,8.5,-0.5966136428304464,-0.009677118011840274,0.9955684131471527,1.0012013866287963
-0.532,1.048021584068724,8.55,-0.5956515860333923,-0.009564053167229511,0.9956883902375995,1.0011770825598818
-0.532,1.048021584068724,8.6,-0.5947008241952034,-0.009451227248691862,0.9958050499156499,1.0011532941084527
-0.532,1.048021584068724,8.65,-0.593761330944834,-0.009338689400993305,0.995918487085988,1.0011300095385645
-0.532,1.048021584068724,8.700000000000001,-0.592833075124369,-0.00922648623313548,0.9960287937925529,1.0011072174062352
-0.532,1.048021584068724,8.75,-0.5919160210375961,-0.009114661917718434,0.9961360593114135,1.0010849065514942
-0.532,1.048021584068724,8.8,-0.5910101286888219,-0.009003258286686303,0.9962403702403269,1.0010630660906576
-0.532,1.048021584068724,8.85,-0.590115354012295,-0.008892314923584183,0.9963418105851167,1.0010416854088355
-0.532,1.048021584068724,8.9,-0.5892316490925686,-0.00878186925244938,0.9964404618429961,1.0010207541526497
-0.532,1.048021584068724,8.950000000000001,-0.5883589623761416,-0.008671956623456607,0.9965364030829521,1.0010002622231684
-0.532,1.048021584068724,9.0,-0.587497238874692,-0.008562610395432314,0.9966297110233091,1.0009801997690468
-0.532,1.048021584068724,9.05,-0.5866464203602125,-0.008453862015349747,0.9967204601065826,1.0009605571798617
-0.532,1.048021584068724,9.1,-0.5858064455523445,-0.008345741094912196,0.9968087225717236,1.0009413250796455
-0.532,1.048021584068724,9.15,-0.5849772502981928,-0.008238275484328365,0.9968945685238557,1.000922494320604
-0.532,1.048021584068724,9.200000000000001,-0.5841587677449047,-0.008131491343380278,0.9969780660016075,1.0009040559770186
-0.532,1.048021584068724,9.25,-0.5833509285052696,-0.008025413209880473,0.997059281042122,1.00088600133932
-0.532,1.048021584068724,9.3,-0.5825536608166023,-0.00792006406561195,0.9971382777438401,1.0008683219083405
-0.532,1.048021584068724,9.35,-0.5817668906931558,-0.007815465399841222,0.9972151183271363,1.0008510093897258
-0.532,1.048021584068724,9.4,-0.5809905420722974,-0.00771163727049132,0.9972898631928935,1.0008340556885111
-0.532,1.048021584068724,9.450000000000001,-0.5802245369546853,-0.007608598363059015,0.9973625709790893,1.0008174529038527
-0.532,1.048021584068724,9.5,-0.5794687955386605,-0.0075063660473569825,0.9974332986154715,1.00080119332391
-0.532,1.048021584068724,9.55,-0.5787232363490696,-0.007404956432159392,0.9975021013763911,1.0007852694208759
-0.532,1.048021584068724,9.600000000000001,-0.5779877763607271,-0.00730438441782616,0.9975690329318682,1.0007696738461467
-0.532,1.048021584068724,9.65,-0.5772623311167117,-0.007204663746978607,0.9976341453969448,1.0007543994256376
-0.532,1.048021584068724,9.700000000000001,-0.5765468148416881,-0.007105807053296767,0.997697489379397,1.000739439155218
-0.532,1.048021584068724,9.75,-0.5758411405504434,-0.007007825908505919,0.9977591140258628,1.000724786196293
-0.532,1.048021584068724,9.8,-0.5751452201518081,-0.006910730867617585,0.9978190670664467,1.0007104338715
-0.532,1.048021584068724,9.850000000000001,-0.5744589645481397,-0.006814531512488021,0.9978773948578489,1.0006963756605305
-0.532,1.048021584068724,9.9,-0.573782283730533,-0.00671923649375468,0.997934142425084,1.0006826051960713
-0.532,1.048021584068724,9.950000000000001,-0.5731150868699103,-0.006624853571209262,0.9979893535018269,1.0006691162598575
-0.532,1.048021584068724,10.0,-0.5724572824041554,-0.006531389652663744,0.9980430705694467,1.0006559027788435
-0.532,1.048021584068724,10.05,-0.5718087781214288,-0.006438850831363653,0.9980953348947719,1.0006429588214723
-0.532,1.048021584068724,10.100000000000001,-0.571169481239815,-0.00634724242200116,0.9981461865666252,1.0006302785940608
-0.532,1.048021584068724,10.15,-0.570539298483433,-0.0062565689953783515,0.9981956645311835,1.0006178564372739
-0.532,1.048021584068724,10.200000000000001,-0.5699181361551485,-0.006166834411769509,0.9982438066261969,1.000605686822711
-0.532,1.048021584068724,10.25,-0.56930590020601,-0.0060780418530293175,0.9982906496141084,1.000593764349578
-0.532,1.048021584068724,10.3,-0.5687024963015352,-0.005990193853492262,0.9983362292141106,1.0005820837414539
-0.532,1.048021584068724,10.350000000000001,-0.5681078298849668,-0.005903292329706869,0.9983805801331844,1.0005706398431513
-0.532,1.048021584068724,10.4,-0.5675218062376098,-0.00581733860904683,0.9984237360961472,1.0005594276176617
-0.532,1.048021584068724,10.450000000000001,-0.5669443305363624,-0.005732333457239581,0.9984657298747478,1.0005484421431832
-0.532,1.048021584068724,10.5,-0.5663753079085451,-0.0056482771048513925,0.9985065933158379,1.0005376786102333
-0.532,1.048021584068724,10.55,-0.5658146434841346,-0.005565169272766697,0.9985463573686645,1.0005271323188427
-0.532,1.048021584068724,10.600000000000001,-0.5652622424454947,-0.0054830091966979,0.9985850521112904,1.0005167986758219
-0.532,1.048021584068724,10.65,-0.5647180100747049,-0.005401795650760719,0.9986227067761979,1.0005066731921035
-0.532,1.048021584068724,10.700000000000001,-0.5641818517985779,-0.00532152697014885,0.9986593497750852,1.0004967514801646
-0.532,1.048021584068724,10.75,-0.5636536732314502,-0.005242201072940339,0.9986950087228927,1.000487029251508
-0.532,1.048021584068724,10.8,-0.5631333802158378,-0.005163815481067166,0.9987297104610775,1.0004775023142207
-0.532,1.048021584068724,10.850000000000001,-0.5626208788610306,-0.005086367340478189,0.9987634810801724,1.0004681665705968
-0.532,1.048021584068724,10.9,-0.5621160755797161,-0.005009853440524647,0.9987963459416423,1.0004590180148227
-0.532,1.048021584068724,10.950000000000001,-0.5616188771226963,-0.004934270232596114,0.9988283296990672,1.0004500527307278
-0.532,1.048021584068724,11.0,-0.5611291906117807,-0.004859613848034289,0.9988594563186732,1.000441266889591
-0.532,1.048021584068724,11.05,-0.5606469235709236,-0.004785880115350508,0.9988897490992371,1.0004326567480173
-0.532,1.048021584068724,11.100000000000001,-0.5601719839556698,-0.004713064576772053,0.9989192306913722,1.000424218645855
-0.532,1.048021584068724,11.15,-0.5597042801809838,-0.004641162504141852,0.9989479231162357,1.000415949004183
-0.532,1.048021584068724,11.200000000000001,-0.5592437211475151,-0.00457016891419458,0.998975847783661,1.0004078443233464
-0.532,1.048021584068724,11.25,-0.5587902162663708,-0.004500078583231935,0.999003025509737,1.0003999011810434
-0.532,1.048021584068724,11.3,-0.5583436754824457,-0.004430886061218737,0.9990294765338578,1.000392116230463
-0.532,1.048021584068724,11.350000000000001,-0.5579040092963771,-0.004362585685320828,0.9990552205352576,1.000384486198476
-0.532,1.048021584068724,11.4,-0.5574711287851662,-0.004295171592904938,0.9990802766490423,1.0003770078838705
-0.532,1.048021584068724,11.450000000000001,-0.5570449456215306,-0.00422863773402002,0.999104663481739,1.0003696781556324
-0.532,1.048021584068724,11.5,-0.5566253720920319,-0.0041629778833788605,0.9991283991263853,1.000362493951276
-0.532,1.048021584068724,11.55,-0.5562123211140305,-0.004098185651857971,0.999151501177155,1.0003554522752158
-0.532,1.048021584068724,11.600000000000001,-0.5558057062515135,-0.004034254497533372,0.9991739867435568,1.0003485501971778
-0.532,1.048021584068724,11.65,-0.5554054417298422,-0.003971177736268914,0.9991958724642027,1.0003417848506606
-0.532,1.048021584068724,11.700000000000001,-0.5550114424494613,-0.003908948551873542,0.99921717452017,1.0003351534314258
-0.532,1.048021584068724,11.75,-0.5546236239986151,-0.0038475600058430343,0.9992379086479612,1.0003286531960363
-0.532,1.048021584068724,11.8,-0.5542419026651091,-0.0037870050467013598,0.9992580901520884,1.0003222814604302
-0.532,1.048021584068724,11.850000000000001,-0.5538661954471571,-0.0037272765189562034,0.9992777339172747,1.0003160355985272
-0.532,1.048021584068724,11.9,-0.5534964200633505,-0.003668367171682667,0.9992968544203038,1.0003099130408775
-0.532,1.048021584068724,11.950000000000001,-0.5531324949617901,-0.0036102696667487154,0.9993154657415162,1.0003039112733414
-0.532,1.048021584068724,12.0,-0.552774339328409,-0.0035529765866953874,0.999333581575967,1.0002980278358025
-0.532,1.048021584068724,12.05,-0.5524218730945283,-0.0034964804422843707,0.9993512152442573,1.0002922603209168
-0.532,1.048021584068724,12.100000000000001,-0.5520750169436708,-0.0034407736797251068,0.9993683797030488,1.0002866063728906
-0.532,1.048021584068724,12.15,-0.5517336923176701,-0.00338584868759307,0.9993850875552699,1.0002810636862896
-0.532,1.048021584068724,12.200000000000001,-0.5513978214221001,-0.0033316978034505867,0.9994013510600208,1.0002756300048825
-0.532,1.048021584068724,12.25,-0.5510673272310611,-0.0032783133201809947,0.9994171821421974,1.0002703031205076
-0.532,1.048021584068724,12.3,-0.5507421334913412,-0.003225687492046765,0.9994325924018271,1.000265080871972
-0.532,1.048021584068724,12.350000000000001,-0.5504221647259895,-0.003173812540481632,0.9994475931231404,1.0002599611439786
-0.532,1.048021584068724,12.4,-0.5501073462373208,-0.0031226806596264785,0.9994621952833719,1.0002549418660764
-0.532,1.048021584068724,12.450000000000001,-0.5497976041093798,-0.0030722840216185062,0.999476409561314,1.0002500210116423
-0.532,1.048021584068724,12.5,-0.5494928652098872,-0.003022614781642688,0.9994902463456187,1.0002451965968835
-0.532,1.048021584068724,12.55,-0.549193057191694,-0.002973665082754336,0.9995037157428649,1.000240466679868
-0.532,1.048021584068724,12.600000000000001,-0.5488981084937631,-0.0029254270604812125,0.9995168275853838,1.0002358293595772
-0.532,1.048021584068724,12.65,-0.5486079483417019,-0.00287789284721333,0.9995295914388712,1.0002312827749837
-0.532,1.048021584068724,12.700000000000001,-0.5483225067478664,-0.002831054576388357,0.9995420166097729,1.000226825104151
-0.532,1.048021584068724,12.75,-0.548041714511054,-0.002784904386480168,0.9995541121524599,1.0002224545633525
-0.532,1.048021584068724,12.8,-0.5477655032158127,-0.0027394344247979813,0.9995658868762031,1.0002181694062187
-0.532,1.048021584068724,12.850000000000001,-0.5474938052313726,-0.0026946368511029375,0.9995773493519414,1.0002139679228996
-0.532,1.048021584068724,12.9,-0.547226553710229,-0.0026505038410491863,0.9995885079188621,1.000209848439249
-0.532,1.048021584068724,12.950000000000001,-0.5469636825863894,-0.00260702758945585,0.9995993706907916,1.0002058093160313
-0.532,1.048021584068724,13.0,-0.5467051265732976,-0.0025642003134163614,0.9996099455624037,1.0002018489481415
-0.532,1.048021584068724,13.05,-0.5464508211614612,-0.002522014255251208,0.9996202402152544,1.0001979657638533
-0.532,1.048021584068724,13.100000000000001,-0.5462007026157853,-0.0024804616853100064,0.9996302621236416,1.000194158224076
-0.532,1.048021584068724,13.15,-0.5459547079726365,-0.0024395349046286274,0.999640018560302,1.0001904248216344
-0.532,1.048021584068724,13.200000000000001,-0.5457127750366468,-0.0023992262474468607,0.9996495166019446,1.0001867640805664
-0.532,1.048021584068724,13.25,-0.5454748423772731,-0.002359528083591896,0.9996587631346296,1.0001831745554342
-0.532,1.048021584068724,13.3,-0.5452408493251238,-0.0023204328207327655,0.9996677648589931,1.0001796548306565
-0.532,1.048021584068724,13.350000000000001,-0.5450107359680686,-0.002281932906510692,0.9996765282953288,1.0001762035198505
-0.532,1.048021584068724,13.4,-0.5447844431471373,-0.0022440208305500647,0.9996850597885204,1.0001728192651966
-0.532,1.048021584068724,13.450000000000001,-0.5445619124522265,-0.0022066891263546715,0.9996933655128423,1.0001695007368125
-0.532,1.048021584068724,13.5,-0.5443430862176214,-0.002169930373093616,0.9997014514766195,1.000166246632146
-0.532,1.048021584068724,13.55,-0.5441279075173427,-0.0021337371972811768,0.9997093235267601,1.0001630556753787
-0.532,1.048021584068724,13.600000000000001,-0.5439163201603324,-0.00209810227435475,0.9997169873531607,1.0001599266168457
-0.532,1.048021584068724,13.65,-0.5437082686854872,-0.0020630183301548607,0.9997244484929875,1.0001568582324718
-0.532,1.048021584068724,13.700000000000001,-0.5435036983565458,-0.0020284781423110707,0.9997317123348375,1.0001538493232136
-0.532,1.048021584068724,13.75,-0.5433025551568449,-0.0019944745415374845,0.9997387841227847,1.0001508987145222
-0.532,1.048021584068724,13.8,-0.5431047857839492,-0.0019610004128414187,0.9997456689603141,1.000148005255815
-0.532,1.048021584068724,13.850000000000001,-0.5429103376441637,-0.0019280486966487544,0.9997523718141423,1.0001451678199573
-0.532,1.048021584068724,13.9,-0.5427191588469392,-0.0018956123898491626,0.9997588975179357,1.0001423853027613
-0.532,1.048021584068724,13.950000000000001,-0.542531198199175,-0.001863684546764553,0.9997652507759255,1.0001396566224945
-0.532,1.048021584068724,14.0,-0.5423464051994317,-0.0018322582800437237,0.9997714361664187,1.000136980719397
-0.532,1.048021584068724,14.05,-0.5421647300320533,-0.001801326761486301,0.9997774581452148,1.0001343565552128
-0.532,1.048021584068724,14.100000000000001,-0.5419861235612164,-0.001770883222798742,0.9997833210489254,1.0001317831127317
-0.532,1.048021584068724,14.15,-0.5418105373249019,-0.0017409209562853122,0.999789029098207,1.0001292593953417
-0.532,1.048021584068724,14.200000000000001,-0.5416379235288029,-0.0017114333154765104,0.9997945864008969,1.0001267844265889
-0.532,1.048021584068724,14.25,-0.5414682350401727,-0.0016824137156977877,0.9997999969550668,1.0001243572497511
-0.532,1.048021584068724,14.3,-0.541301425381619,-0.001653855634580856,0.999805264651994,1.0001219769274194
-0.532,1.048021584068724,14.350000000000001,-0.5411374487248505,-0.0016257526125200053,0.9998103932790459,1.0001196425410905
-0.532,1.048021584068724,14.4,-0.5409762598843764,-0.0015980982530758784,0.9998153865224876,1.000117353190766
-0.532,1.048021584068724,14.450000000000001,-0.5408178143111764,-0.0015708862233287805,0.999820247970213,1.000115107994562
-0.532,1.048021584068724,14.5,-0.5406620680863271,-0.0015441102541838049,0.9998249811143972,1.0001129060883291
-0.532,1.048021584068724,14.55,-0.5405089779146103,-0.0015177641406297624,0.9998295893540811,1.0001107466252785
-0.532,1.048021584068724,14.600000000000001,-0.540358501118091,-0.001491841741953944,0.9998340759976825,1.0001086287756167
-0.532,1.048021584068724,14.65,-0.5402105956296789,-0.001466336981914737,0.9998384442654342,1.0001065517261922
-0.532,1.048021584068724,14.700000000000001,-0.5400652199866737,-0.0014412438488737463,0.9998426972917633,1.0001045146801433
-0.532,1.048021584068724,14.75,-0.5399223333243007,-0.0014165563958894974,0.9998468381276004,1.0001025168565607
-0.532,1.048021584068724,14.8,-0.5397818953692367,-0.00139226874077419,0.9998508697426237,1.0001005574901525
-0.532,1.048021584068724,14.850000000000001,-0.5396438664331339,-0.0013683750661153521,0.9998547950274478,1.0000986358309207
-0.532,1.048021584068724,14.9,-0.5395082074061424,-0.0013448696192639058,0.9998586167957476,1.0000967511438408
-0.532,1.048021584068724,14.950000000000001,-0.5393748797504352,-0.001321746712290241,0.999862337786325,1.0000949027085515
-0.532,1.048021584068724,15.0,-0.5392438454937412,-0.0012990007219097716,0.999865960665122,1.0000930898190517
-0.532,1.048021584068724,15.05,-0.5391150672228835,-0.0012766260893794135,0.9998694880271755,1.0000913117833998
-0.532,1.048021584068724,15.100000000000001,-0.5389885080773341,-0.0012546173203663866,0.9998729223985197,1.0000895679234263
-0.532,1.048021584068724,15.15,-0.5388641317427789,-0.001232968984790654,0.9998762662380386,1.0000878575744458
-0.532,1.048021584068724,15.200000000000001,-0.5387419024447024,-0.0012116757166423101,0.9998795219392662,1.0000861800849812
-0.532,1.048021584068724,15.25,-0.5386217849419903,-0.001190732213775142,0.9998826918321383,1.00008453481649
-0.532,1.048021584068724,15.3,-0.5385037445205543,-0.00117013323767756,0.9998857781846954,1.000082921143098
-0.532,1.048021584068724,15.350000000000001,-0.5383877469869833,-0.001149873613222062,0.9998887832047418,1.000081338451339
-0.532,1.048021584068724,15.4,-0.5382737586622157,-0.001129948228394317,0.9998917090414583,1.0000797861399007
-0.532,1.048021584068724,15.450000000000001,-0.5381617463752448,-0.0011103520340029547,0.9998945577869701,1.0000782636193737
-0.532,1.048021584068724,15.5,-0.5380516774568511,-0.001091080043371072,0.999897331477875,1.0000767703120093
-0.532,1.048021584068724,15.55,-0.5379435197333671,-0.0010721273320104718,0.9999000320967258,1.000075305651479
-0.532,1.048021584068724,15.600000000000001,-0.5378372415204762,-0.001053489037279537,0.9999026615734792,1.000073869082644
-0.532,1.048021584068724,15.65,-0.5377328116170464,-0.001035160358025723,0.9999052217868977,1.0000724600613238
-0.532,1.048021584068724,15.700000000000001,-0.5376301992989991,-0.0010171365542134844,0.9999077145659186,1.000071078054073
-0.532,1.048021584068724,15.75,-0.5375293743132175,-0.000999412946538517,0.9999101416909854,1.0000697225379647
-0.532,1.048021584068724,15.8,-0.5374303068714936,-0.0009819849160291516,0.9999125048953436,1.0000683930003753
-0.532,1.048021584068724,15.850000000000001,-0.5373329676445157,-0.0009648479036356171,0.9999148058662968,1.000067088938774
-0.532,1.048021584068724,15.9,-0.5372373277558973,-0.0009479974098080204,0.9999170462464356,1.0000658098605184
-0.532,1.048021584068724,15.950000000000001,-0.5371433587762492,-0.000931428994063681,0.9999192276348312,1.0000645552826564
-0.532,1.048021584068724,16.0,-0.5370510327172946,-0.0009151382745445384,0.9999213515881918,1.0000633247317263
-0.532,1.048021584068724,16.05,-0.5369603220260305,-0.0008991209275653985,0.9999234196219943,1.000062117743566
-0.532,1.048021584068724,16.1,-0.5368711995789321,-0.0008833726871534946,0.999925433211587,1.000060933863127
-0.532,1.048021584068724,16.150000000000002,-0.5367836386762067,-0.0008678893445801112,0.9999273937932502,1.0000597726442861
-0.532,1.048021584068724,16.2,-0.536697613036092,-0.0008526667478848464,0.9999293027652443,1.00005863364967
-0.532,1.048021584068724,16.25,-0.536613096789205,-0.0008377008013930322,0.9999311614888203,1.000057516450476
-0.532,1.048021584068724,16.3,-0.5365300644729364,-0.0008229874652268871,0.9999329712892019,1.000056420626299
-0.532,1.048021584068724,16.35,-0.5364484910258971,-0.0008085227548109668,0.9999347334565479,1.0000553457649644
-0.532,1.048021584068724,16.400000000000002,-0.5363683517824124,-0.0007943027403723443,0.9999364492468847,1.000054291462363
-0.532,1.048021584068724,16.45,-0.5362896224670678,-0.0007803235464360827,0.9999381198830134,1.0000532573222858
-0.532,1.048021584068724,16.5,-0.5362122791893038,-0.0007665813513164031,0.9999397465553923,1.0000522429562695
-0.532,1.048021584068724,16.55,-0.5361362984380639,-0.0007530723866040086,0.9999413304230007,1.0000512479834387
-0.532,1.048021584068724,16.6,-0.5360616570764919,-0.0007397929366500441,0.9999428726141698,1.000050272030354
-0.532,1.048021584068724,16.650000000000002,-0.5359883323366824,-0.0007267393380469969,0.9999443742274032,1.000049314730865
-0.532,1.048021584068724,16.7,-0.5359163018144826,-0.0007139079791070418,0.9999458363321656,1.0000483757259624
-0.532,1.048021584068724,16.75,-0.5358455434643473,-0.0007012952993381397,0.9999472599696554,1.0000474546636366
-0.532,1.048021584068724,16.8,-0.5357760355942445,-0.0006888977889182624,0.9999486461535546,1.0000465511987382
-0.532,1.048021584068724,16.85,-0.5357077568606159,-0.0006767119881680905,0.9999499958707607,1.000045664992841
-0.532,1.048021584068724,16.900000000000002,-0.5356406862633882,-0.0006647344870225477,0.9999513100820971,1.0000447957141072
-0.532,1.048021584068724,16.95,-0.535574803141039,-0.0006529619245014002,0.9999525897230047,1.0000439430371564
-0.532,1.048021584068724,17.0,-0.5355100871657144,-0.0006413909881793277,0.9999538357042148,1.000043106642938
-0.532,1.048021584068724,17.05,-0.5354465183384003,-0.0006300184136556869,0.999955048912407,1.0000422862186067
-0.532,1.048021584068724,17.1,-0.5353840769841456,-0.0006188409840242459,0.9999562302108451,1.0000414814573948
-0.532,1.048021584068724,17.150000000000002,-0.5353227437473403,-0.0006078555293431988,0.9999573804399988,1.0000406920584957
-0.532,1.048021584068724,17.2,-0.535262499587045,-0.0005970589261056491,0.9999585004181464,1.0000399177269435
-0.532,1.048021584068724,17.25,-0.5352033257723744,-0.0005864480967108448,0.9999595909419672,1.0000391581734998
-0.532,1.048021584068724,17.3,-0.5351452038779314,-0.000576020008936381,0.9999606527871093,1.000038413114537
-0.532,1.048021584068724,17.35,-0.5350881157792975,-0.0005657716754115802,0.9999616867087489,1.0000376822719281
-0.532,1.048021584068724,17.400000000000002,-0.5350320436485728,-0.0005557001530922665,0.9999626934421333,1.0000369653729406
-0.532,1.048021584068724,17.45,-0.5349769699499702,-0.0005458025427371252,0.9999636737031087,1.0000362621501269
-0.532,1.048021584068724,17.5,-0.5349228774354593,-0.0005360759883858353,0.9999646281886321,1.0000355723412206
-0.532,1.048021584068724,17.55,-0.5348697491404669,-0.0005265176768391579,0.9999655575772735,1.0000348956890357
-0.532,1.048021584068724,17.6,-0.5348175683796244,-0.0005171248371411442,0.999966462529703,1.0000342319413638
-0.532,1.048021584068724,17.650000000000002,-0.53476631874257,-0.0005078947400636194,0.9999673436891625,1.0000335808508787
-0.532,1.048021584068724,17.7,-0.5347159840898025,-0.0004988246975931042,0.9999682016819279,1.0000329421750387
-0.532,1.048021584068724,17.75,-0.5346665485485833,-0.0004899120624203127,0.9999690371177601,1.0000323156759914
-0.532,1.048021584068724,17.8,-0.5346179965088922,-0.00048115422743237113,0.999969850590339,1.0000317011204858
-0.532,1.048021584068724,17.85,-0.5345703126194342,-0.00047254862520785683,0.9999706426776906,1.0000310982797764
-0.532,1.048021584068724,17.900000000000002,-0.5345234817836926,-0.00046409272751482403,0.9999714139426005,1.000030506929538
-0.532,1.048021584068724,17.95,-0.5344774891560373,-0.00045578404481188634,0.9999721649330173,1.0000299268497785
-0.532,1.048021584068724,18.0,-0.5344323201378792,-0.0004476201257525011,0.9999728961824452,1.000029357824752
-0.532,1.048021584068724,18.05,-0.5343879603738759,-0.0004395985566925467,0.9999736082103248,1.0000287996428783
-0.532,1.048021584068724,18.1,-0.5343443957481846,-0.00043171696120123846,0.9999743015224055,1.0000282520966592
-0.532,1.048021584068724,18.150000000000002,-0.534301612380767,-0.00042397299957559363,0.9999749766111087,1.0000277149825998
-0.532,1.048021584068724,18.2,-0.5342595966237383,-0.0004163643683583583,0.9999756339558774,1.0000271881011291
-0.532,1.048021584068724,18.25,-0.5342183350577678,-0.0004088887998596533,0.9999762740235213,1.0000266712565231
-0.532,1.048021584068724,18.3,-0.5341778144885257,-0.000401544061682277,0.9999768972685503,1.0000261642568318
-0.532,1.048021584068724,18.35,-0.5341380219431765,-0.0003943279562507897,0.9999775041334984,1.000025666913801
-0.532,1.048021584068724,18.400000000000002,-0.5340989446669211,-0.0003872383203444496,0.9999780950492407,1.0000251790428063
-0.532,1.048021584068724,18.45,-0.5340605701195839,-0.00038027302463403275,0.9999786704353034,1.000024700462776
-0.532,1.048021584068724,18.5,-0.5340228859722463,-0.00037342997322261246,0.999979230700159,1.0000242309961256
-0.532,1.048021584068724,18.55,-0.5339858801039264,-0.0003667071031903109,0.9999797762415203,1.0000237704686872
-0.532,1.048021584068724,18.6,-0.5339495405983038,-0.0003601023841431478,0.9999803074466276,1.000023318709647
-0.532,1.048021584068724,18.650000000000002,-0.5339138557404897,-0.00035361381776590243,0.9999808246925209,1.0000228755514748
-0.532,1.048021584068724,18.7,-0.5338788140138402,-0.00034723943737918257,0.9999813283463111,1.0000224408298644
-0.532,1.048021584068724,18.75,-0.5338444040968151,-0.00034097730750055856,0.9999818187654413,1.0000220143836673
-0.532,1.048021584068724,18.8,-0.5338106148598805,-0.00033482552340996323,0.9999822962979438,1.0000215960548338
-0.532,1.048021584068724,18.85,-0.5337774353624521,-0.0003287822107192554,0.9999827612826847,1.0000211856883505
-0.532,1.048021584068724,18.900000000000002,-0.5337448548498867,-0.00032284552494604983,0.9999832140496101,1.0000207831321855
-0.532,1.048021584068724,18.95,-0.5337128627505083,-0.0003170136510917806,0.999983654919979,1.0000203882372232
-0.532,1.048021584068724,19.0,-0.5336814486726843,-0.00031128480322404695,0.9999840842065925,1.0000200008572149
-0.532,1.048021584068724,19.05,-0.5336506024019376,-0.0003056572240632749,0.9999845022140179,1.0000196208487195
-0.532,1.048021584068724,19.1,-0.5336203138981026,-0.00030012918457362456,0.999984909238806,1.0000192480710497
-0.532,1.048021584068724,19.150000000000002,-0.5335905732925199,-0.0002946989835582627,0.9999853055696997,1.000018882386217
-0.532,1.048021584068724,19.200000000000003,-0.5335613708852741,-0.0002893649472589329,0.9999856914878441,1.000018523658883
-0.532,1.048021584068724,19.25,-0.5335326971424686,-0.00028412542895980814,0.999986067266985,1.0000181717563046
-0.532,1.048021584068724,19.3,-0.533504542693541,-0.0002789788085957513,0.9999864331736628,1.0000178265482846
-0.532,1.048021584068724,19.35,-0.5334768983286179,-0.00027392349236481247,0.9999867894674033,1.0000174879071237
-0.532,1.048021584068724,19.400000000000002,-0.5334497549959074,-0.00026895791234509347,0.9999871364009043,1.00001715570757
-0.532,1.048021584068724,19.450000000000003,-0.5334231037991299,-0.0002640805261159266,0.9999874742202126,1.0000168298267742
-0.532,1.048021584068724,19.5,-0.5333969359949874,-0.00025928981638334006,0.9999878031649027,1.0000165101442393
-0.532,1.048021584068724,19.55,-0.533371242990669,-0.0002545842906098553,0.9999881234682434,1.0000161965417802
-0.532,1.048021584068724,19.6,-0.5333460163413932,-0.00024996248064854554,0.9999884353573683,1.0000158889034731
-0.532,1.048021584068724,19.650000000000002,-0.5333212477479878,-0.00024542294238140075,0.9999887390534333,1.0000155871156178
-0.532,1.048021584068724,19.700000000000003,-0.5332969290545042,-0.0002409642553619509,0.9999890347717778,1.0000152910666904
-0.532,1.048021584068724,19.75,-0.5332730522458683,-0.00023658502246213172,0.9999893227220759,1.000015000647302
-0.532,1.048021584068724,19.8,-0.533249609445566,-0.000232283869523405,0.9999896031084856,1.00001471575016
-0.532,1.048021584068724,19.85,-0.5332265929133635,-0.0002280594450120844,0.9999898761297945,1.0000144362700232
-0.532,1.048021584068724,19.900000000000002,-0.5332039950430625,-0.00022391041967887048,0.9999901419795623,1.0000141621036662
-0.532,1.048021584068724,19.950000000000003,-0.533181808360288,-0.00021983548622256304,0.9999904008462568,1.00001389314984
-0.532,1.048021584068724,20.0,-0.5331600255203103,-0.00021583335895793466,0.9999906529133894,1.0000136293092303
-0.532,1.048021584068724,20.1,-0.5331176426252143,-0.00020804248637885033,0.9999911373590061,1.000013116579874
-0.532,1.048021584068724,20.28615468146082,-0.5330427793925004,-0.00019426807859279323,0.9999919732843513,1.0000122129779427
-0.532,1.048021584068724,20.47403342090323,-0.5329722504223982,-0.0001812755295600925,0.9999927370143379,1.0000113641671489
-0.532,1.048021584068724,20.663652185564246,-0.5329058526259418,-0.00016902963136598405,0.9999934341440955,1.0000105673473092
-0.532,1.048021584068724,20.855027090560313,-0.5328433893817192,-0.00015749617232974035,0.999994069892157,1.0000098198286385
-0.532,1.048021584068724,21.04817440025684,-0.5327846705079963,-0.00014664194438852616,0.9999946491211562,1.0000091190291946
-0.532,1.048021584068724,21.243110529650455,-0.5327295122238529,-0.0001364347479437101,0.9999951763577336,1.000008462472292
-0.532,1.048021584068724,21.439852045764102,-0.5326777370998492,-0.00012684339426981213,0.99999565581165,1.000007847783895
-0.532,1.048021584068724,21.638415669054964,-0.5326291739987724,-0.00011783770558969782,0.9999960913941286,1.0000072726899967
-0.532,1.048021584068724,21.83881827483555,-0.5325836580070039,-0.00010938851292232205,0.9999964867354232,1.0000067350139767
-0.532,1.048021584068724,22.04107689470784,-0.5325410303570667,-0.00010146765181176863,0.9999968452016373,1.0000062326739558
-0.532,1.048021584068724,22.245208718010712,-0.5325011383419131,-9.404795604829574e-05,0.9999971699107968,1.0000057636801418
-0.532,1.048021584068724,22.4512310932809,-0.5324638352215132,-8.710324949347899e-05,0.99999746374819,1.0000053261321702
-0.532,1.048021584068724,22.659161529727328,-0.5324289801223105,-8.06083361226474e-05,0.9999977293810036,1.0000049182164565
-0.532,1.048021584068724,22.86901769871915,-0.5323964379301058,-7.45389883984858e-05,0.9999979692722509,1.0000045382035425
-0.532,1.048021584068724,23.080817435287667,-0.5323660791769302,-6.887193408969617e-05,0.9999981856940252,1.0000041844454615
-0.532,1.048021584068724,23.294578739641963,-0.532337779922461,-6.358484164854078e-05,0.9999983807400888,1.000003855373115
-0.532,1.048021584068724,23.510319778698783,-0.5323114216305307,-5.865630426037119e-05,0.9999985563378166,1.0000035494936652
-0.532,1.048021584068724,23.72805888762644,-0.5322868910412671,-5.4065822677286366e-05,0.9999987142595125,1.0000032653879471
-0.532,1.048021584068724,23.947814571403043,-0.5322640800393976,-4.979378694666332e-05,0.9999988561331222,1.0000030017079098
-0.532,1.048021584068724,24.169605506389228,-0.5322428855192336,-4.582145714356162e-05,0.9999989834523553,1.0000027571740795
-0.532,1.048021584068724,24.39345054191539,-0.5322232092468464,-4.2130943214014805e-05,0.9999990975862459,1.0000025305730564
-0.532,1.048021584068724,24.619368701883577,-0.5322049577199184,-3.8705184033775635e-05,0.9999991997881593,1.0000023207550437
-0.532,1.048021584068724,24.847379186384366,-0.5321880420257575,-3.552792578447677e-05,0.9999992912042794,1.0000021266314143
-0.532,1.048021584068724,25.077501373328523,-0.5321723776979226,-3.258369974624078e-05,0.9999993728815871,1.0000019471723147
-0.532,1.048021584068724,25.30975482009396,-0.532157884571914,-2.985779960265265e-05,0.9999994457753517,1.0000017814043098
-0.532,1.048021584068724,25.544159265187808,-0.5321444866403443,-2.7336258350509667e-05,0.9999995107561627,1.0000016284080744
-0.532,1.048021584068724,25.780734629923902,-0.5321321119080007,-2.5005824903373702e-05,0.999999568616511,1.0000014873161256
-0.532,1.048021584068724,26.019501020115914,-0.5321206922471783,-2.2853940474018307e-05,0.9999996200769496,1.0000013573106097
-0.532,1.048021584068724,26.260478727786037,-0.5321101632536542,-2.0868714817118245e-05,0.9999996657918488,1.0000012376211311
-0.532,1.048021584068724,26.503688232889502,-0.532100464103641,-1.9038902409428273e-05,0.9999997063547637,1.0000011275226377
-0.532,1.048021584068724,26.74915020505521,-0.532091537412045,-1.735387864059823e-05,0.9999997423034381,1.0000010263333563
-0.532,1.048021584068724,26.99688550534226,-0.5320833290923284,-1.580361608361307e-05,0.9999997741244621,1.0000009334127828
-0.532,1.048021584068724,27.246915188012967,-0.5320757882182541,-1.4378660909552826e-05,0.9999998022575929,1.000000848159726
-0.532,1.048021584068724,27.499260502322162,-0.5320688668877729,-1.3070109507128327e-05,0.9999998270997768,1.0000007700104105
-0.532,1.048021584068724,27.753942894323053,-0.532062520089286,-1.1869585363108138e-05,0.9999998490088653,1.0000006984366294
-0.532,1.048021584068724,28.010984008689945,-0.5320567055705012,-1.0769216255551123e-05,0.9999998683070601,1.0000006329439626
-0.532,1.048021584068724,28.270405690557713,-0.5320513837100731,-9.76161180740305e-06,0.9999998852840962,1.0000005730700439
-0.532,1.048021584068724,28.532229987378305,-0.5320465173922038,-8.839841443908214e-06,0.9999999002001798,1.0000005183828935
-0.532,1.048021584068724,28.79647915079459,-0.5320420718843565,-7.997412793067948e-06,0.999999913288694,1.0000004684793018
-0.532,1.048021584068724,29.063175638531384,-0.5320380147182157,-7.228250564336888e-06,0.9999999247586924,1.0000004229832775
-0.532,1.048021584068724,29.332342116304055,-0.532034315574007,-6.526675936867725e-06,0.9999999347971855,1.000000381544543
-0.532,1.048021584068724,29.604001459744886,-0.5320309461682806,-5.887386484553382e-06,0.9999999435712482,1.0000003438371028
-0.532,1.048021584068724,29.8781767563471,-0.5320278801452258,-5.305436661597365e-06,0.9999999512299391,1.0000003095578491
-0.532,1.048021584068724,30.154891307427096,-0.5320250929715902,-4.776218868623647e-06,0.9999999579060668,1.000000278425242
-0.532,1.048021584068724,30.43416863010471,-0.5320225618352434,-4.295445115826064e-06,0.9999999637177989,1.0000002501780332
-0.532,1.048021584068724,30.716032459301825,-0.5320202655474187,-3.859129296492384e-06,0.9999999687701323,1.0000002245740485
-0.532,1.048021584068724,31.00050674975963,-0.5320181844486475,-3.4635700809156423e-06,0.9999999731562287,1.0000002013890221
-0.532,1.048021584068724,31.287615678074335,-0.5320163003183926,-3.1053344378239793e-06,0.9999999769586366,1.0000001804154899
-0.532,1.048021584068724,31.577383644751972,-0.532014596288367,-2.7812417875707336e-06,0.9999999802503943,1.0000001614617242
-0.532,1.048021584068724,31.869835276282085,-0.5320130567595197,-2.4883487886984095e-06,0.9999999830960349,1.0000001443507294
-0.532,1.048021584068724,32.16499542723059,-0.5320116673226534,-2.223934757004548e-06,0.999999985552493,1.0000001289192806
-0.532,1.048021584068724,32.462889182352235,-0.5320104146826332,-1.9854877138758135e-06,0.999999987669928,1.000000115017011
-0.532,1.048021584068724,32.763541858722334,-0.5320092865861327,-1.7706910586536566e-06,0.9999999894924653,1.0000001025055498
-0.532,1.048021584068724,33.06697900788844,-0.5320082717528573,-1.5774108576343405e-06,0.9999999910588641,1.0000000912577012
-0.532,1.048021584068724,33.373226418041924,-0.5320073598101756,-1.4036837407453442e-06,0.9999999924031191,1.0000000811566696
-0.532,1.048021584068724,33.68231011620963,-0.5320065412310853,-1.2477053950895304e-06,0.9999999935550035,1.0000000720953295
-0.532,1.048021584068724,33.99425637046573,-0.5320058072754275,-1.1078196433243526e-06,0.9999999945405502,1.0000000639755282
-0.532,1.048021584068724,34.30909169216431,-0.5320051499342688,-9.825080933456497e-07,0.99999999538249,1.0000000567074425
-0.532,1.048021584068724,34.62684283819243,-0.5320045618773532,-8.703803447675391e-07,0.9999999961006376,1.000000050208959
-0.532,1.048021584068724,34.94753681324406,-0.5320040364035336,-7.701647365967553e-07,0.9999999967122405,1.0000000444051005
-0.532,1.048021584068724,35.2712008721152,-0.5320035673940762,-6.806996197659985e-07,0.9999999972322858,1.0000000392274828
-0.532,1.048021584068724,35.597862522020144,-0.5320031492687484,-6.0092513737639e-07,0.9999999976737787,1.0000000346138092
-0.532,1.048021584068724,35.927549524929255,-0.5320027769445709,-5.298754950524985e-07,0.9999999980479832,1.0000000305073926
-0.532,1.048021584068724,36.26028989992831,-0.5320024457971441,-4.6667170327968135e-07,0.9999999983646424,1.0000000268567137
-0.532,1.048021584068724,36.59611192559986,-0.5320021516244311,-4.105147733383425e-07,0.9999999986321688,1.0000000236150046
-0.532,1.048021584068724,36.93504414242648,-0.5320018906128968,-3.6067934820137297e-07,0.9999999988578129,1.00000002073986
-0.532,1.048021584068724,37.27711535521626,-0.532001659305896,-3.1650774967719014e-07,0.999999999047816,1.00000001819288
-0.532,1.048021584068724,37.62235463555102,-0.532001454574204,-2.774044230481999e-07,0.9999999992075396,1.0000000159393307
-0.532,1.048021584068724,37.97079132425686,-0.5320012735885846,-2.428307605749058e-07,0.9999999993415827,1.0000000139478358
-0.532,1.048021584068724,38.32245503389777,-0.5320011137942933,-2.1230028532485126e-07,0.9999999994538816,1.0000000121900852
-0.532,1.048021584068724,38.67737565129239,-0.532000972887415,-1.8537417710638812e-07,0.9999999995478033,1.0000000106405695
-0.532,1.048021584068724,39.03558334005395,-0.5320008487929326,-1.6165712249321624e-07,0.9999999996262181,1.00000000927633
-0.532,1.048021584068724,39.3971085431537,-0.5320007396444346,-1.407934713852443e-07,0.9999999996915728,1.0000000080767315
-0.532,1.048021584068724,39.761981985508335,-0.5320006437653632,-1.224636828078524e-07,0.9999999997459467,1.000000007023249
-0.532,1.048021584068724,40.1302346765911,-0.532000559651714,-1.0638104331906074e-07,0.9999999997911045,1.0000000060992769
-0.532,1.048021584068724,40.50189791306716,-0.5320004859560973,-9.228864165911852e-08,0.9999999998285424,1.0000000052899456
-0.532,1.048021584068724,40.87700328145351,-0.5320004214730719,-7.9956583996447e-08,0.9999999998595238,1.0000000045819615
-0.532,1.048021584068724,41.25558266080338,-0.5320003651256779,-6.917943450231505e-08,0.9999999998851165,1.000000003963453
-0.532,1.048021584068724,41.63766822541544,-0.5320003159530806,-5.977386672704397e-08,0.9999999999062194,1.0000000034238339
-0.532,1.048021584068724,42.02329244756837,-0.5320002730992528,-5.157651171813713e-08,0.9999999999235886,1.000000002953676
-0.532,1.048021584068724,42.41248810028041,-0.5320002358026283,-4.444198945233515e-08,0.999999999937858,1.000000002544596
-0.532,1.048021584068724,42.80528826009479,-0.5320002033866482,-3.824111079997797e-08,0.9999999999495601,1.0000000021891475
-0.532,1.048021584068724,43.20172630989064,-0.5320001752511452,-3.285923780941271e-08,0.9999999999591384,1.0000000018807282
-0.532,1.048021584068724,43.60183594172025,-0.532000150864496,-2.8194790716870458e-08,0.9999999999669638,1.000000001613489
-0.532,1.048021584068724,44.00565115967241,-0.5320001297564896,-2.4157890699311214e-08,0.999999999973345,1.000000001382259
-0.532,1.048021584068724,44.413206282762204,-0.5320001115118509,-2.0669127996333256e-08,0.9999999999785384,1.0000000011824706
-0.532,1.048021584068724,44.824535947847835,-0.5320000957643741,-1.7658445578907485e-08,0.9999999999827566,1.0000000010100973
-0.532,1.048021584068724,45.23967511257426,-0.5320000821916112,-1.506412917353468e-08,0.999999999986176,1.0000000008615932
-0.532,1.048021584068724,45.65865905834403,-0.5320000705100744,-1.2831894955894736e-08,0.9999999999889416,1.0000000007338397
-0.532,1.048021584068724,46.081523393315884,-0.5320000604709074,-1.091406681345046e-08,0.9999999999911742,1.0000000006241008
-0.532,1.048021584068724,46.50830405543093,-0.53200005185599,-9.268835578903391e-09,0.999999999992972,1.000000000529976
-0.532,1.048021584068724,46.93903731546684,-0.5320000444744298,-7.859593173365985e-09,0.9999999999944159,1.0000000004493657
-0.532,1.048021584068724,47.37375978012049,-0.5320000381594198,-6.654335057140489e-09,0.9999999999955724,1.0000000003804346
-0.532,1.048021584068724,47.81250839511901,-0.5320000327654184,-5.6251248479575505e-09,0.9999999999964957,1.000000000321581
-0.532,1.048021584068724,48.25532044835962,-0.5320000281656282,-4.7476154927608135e-09,0.9999999999972307,1.000000000271409
-0.532,1.048021584068724,48.70223357307873,-0.5320000242497462,-4.000621663920312e-09,0.9999999999978132,1.0000000002287048
-0.532,1.048021584068724,49.15328575105025,-0.5320000209219558,-3.365738596560628e-09,0.9999999999982732,1.000000000192415
-0.532,1.048021584068724,49.608515315813406,-0.5320000180991445,-2.8270028587796168e-09,0.999999999998634,1.0000000001616245
-0.532,1.048021584068724,50.067960955930815,-0.5320000157093181,-2.370591013112054e-09,0.9999999999989161,1.0000000001355427
-0.532,1.048021584068724,50.5316617182763,-0.5320000136901993,-1.984552303759163e-09,0.9999999999991345,1.0000000001134846
-0.532,1.048021584068724,50.99965701135351,-0.5320000119879837,-1.658572044929359e-09,0.9999999999993019,1.00000000009486
-0.532,1.048021584068724,51.47198660864504,-0.5320000105562485,-1.383762453687888e-09,0.9999999999994292,1.0000000000791602
-0.532,1.048021584068724,51.9486906519927,-0.5320000093549863,-1.1524781301854443e-09,0.9999999999995249,1.0000000000659488
-0.532,1.048021584068724,52.429809655009066,-0.5320000083497589,-9.581535350628148e-10,0.9999999999995957,1.0000000000548501
-0.532,1.048021584068724,52.91538450652049,-0.5320000075109551,-7.951601029551834e-10,0.9999999999996473,1.0000000000455411
-0.532,1.048021584068724,53.40545647404229,-0.5320000068131423,-6.586808585955103e-10,0.9999999999996837,1.0000000000377474
-0.532,1.048021584068724,53.90006720728585,-0.5320000062344974,-5.44600560034489e-10,0.9999999999997093,1.000000000031233
-0.532,1.048021584068724,54.39925874169825,-0.5320000057563179,-4.494096513641195e-10,0.9999999999997266,1.0000000000257974
-0.532,1.048021584068724,54.90307350203484,-0.5320000053625903,-3.701204057704828e-10,0.9999999999997379,1.0000000000212703
-0.532,1.048021584068724,55.41155430596479,-0.5320000050396193,-3.0419390349425e-10,0.9999999999997451,1.000000000017506
-0.532,1.048021584068724,55.924744367709856,-0.5320000047757077,-2.494764813937824e-10,0.9999999999997495,1.0000000000143823
-0.532,1.048021584068724,56.442687301717264,-0.5320000045608779,-2.0414461436501557e-10,0.9999999999997528,1.0000000000117935
-0.532,1.048021584068724,56.96542712636624,-0.5320000043866336,-1.6665714300650558e-10,0.999999999999756,1.0000000000096532
-0.532,1.048021584068724,57.493008267708944,-0.5320000042457538,-1.3571395381725836e-10,0.9999999999997593,1.0000000000078866
-0.532,1.048021584068724,58.02547556324627,-0.5320000041321158,-1.1022031947396737e-10,0.9999999999997636,1.0000000000064306
-0.532,1.048021584068724,58.562874265738245,-0.5320000040405443,-8.925621004174135e-11,0.9999999999997687,1.0000000000052327
-0.532,1.048021584068724,59.10525004705015,-0.5320000039666799,-7.204986374608352e-11,0.9999999999997758,1.0000000000042497
-0.532,1.048021584068724,59.65264900203377,-0.5320000039068681,-5.7955137537958304e-11,0.9999999999997841,1.0000000000034441
-0.532,1.048021584068724,60.2051176524451,-0.532000003858062,-4.6432104638508174e-11,0.9999999999997939,1.0000000000027849
-0.532,1.048021584068724,60.76270295089797,-0.5320000038177408,-3.703046268939624e-11,0.9999999999998055,1.0000000000022473
-0.532,1.048021584068724,61.325452284854336,-0.532000003783837,-2.937539396823956e-11,0.9999999999998178,1.0000000000018086
-0.532,1.048021584068724,61.89341348065174,-0.5320000037546764,-2.3155521787712488e-11,0.9999999999998318,1.0000000000014524
-0.532,1.048021584068724,62.466634807567864,-0.5320000037289209,-1.8112682073308694e-11,0.9999999999998463,1.0000000000011626
-0.532,1.048021584068724,63.0451649819227,-0.5320000037055261,-1.403325104261588e-11,0.9999999999998621,1.0000000000009281
-0.532,1.048021584068724,63.629053171218956,-0.5320000036836963,-1.0740812111280262e-11,0.9999999999998777,1.0000000000007387
-0.532,1.048021584068724,64.21834899832058,-0.5320000036628505,-8.089965265440257e-12,0.9999999999998932,1.0000000000005855
-0.532,1.048021584068724,64.81310254566993,-0.5320000036425893,-5.961100578700628e-12,0.999999999999909,1.0000000000004623
-0.532,1.048021584068724,65.4133643595444,-0.5320000036226658,-4.2560360200323194e-12,0.9999999999999241,1.0000000000003637
-0.532,1.048021584068724,66.01918545435197,-0.5320000036029608,-2.894318266083298e-12,0.9999999999999386,1.0000000000002847
-0.532,1.048021584068724,66.63061731696679,-0.5320000035834594,-1.8101608781728008e-12,0.9999999999999518,1.0000000000002214
-0.532,1.048021584068724,67.24771191110499,-0.5320000035642302,-9.49868699816803e-13,0.9999999999999637,1.0000000000001712
-0.532,1.048021584068724,67.87052168174088,-0.532000003545406,-2.697112709833743e-13,0.9999999999999744,1.000000000000131
-0.532,1.048021584068724,68.49909955956402,-0.5320000035271683,2.658730268203011e-13,0.9999999999999831,1.0000000000001
-0.532,1.048021584068724,69.13349896547759,-0.5320000035097299,6.857421222791784e-13,0.9999999999999902,1.000000000000075
-0.532,1.048021584068724,69.77377381513884,-0.5320000034933241,1.0132696854247394e-12,0.999999999999995,1.000000000000056
-0.532,1.048021584068724,70.41997852354069,-0.5320000034781907,1.2673446809364947e-12,0.999999999999998,1.0000000000000409
-0.532,1.048021584068724,71.0721680096366,-0.5320000034645651,1.4632147968993552e-12,0.9999999999999991,1.0000000000000293
-0.532,1.048021584068724,71.73039770100793,-0.5320000034526714,1.6131489232720177e-12,0.9999999999999984,1.0000000000000207
-0.532,1.048021584068724,72.39472353857458,-0.532000003442712,1.7270098029238987e-12,0.9999999999999948,1.000000000000014
-0.532,1.048021584068724,73.06520198134909,-0.532000003434863,1.8126989246697307e-12,0.9999999999999902,1.0000000000000089
-0.532,1.048021584068724,73.74189001123509,-0.5320000034292682,1.876536998052737e-12,0.9999999999999835,1.0000000000000056
-0.532,1.048021584068724,74.42484513786997,-0.5320000034260348,1.9235541853574607e-12,0.9999999999999748,1.000000000000003
-0.532,1.048021584068724,75.11412540351232,-0.5320000034252316,1.9577512234914687e-12,0.9999999999999653,1.0000000000000016
-0.532,1.048021584068724,75.80978938797494,-0.5320000034268862,1.9822866128233275e-12,0.999999999999954,1.0000000000000007
-0.532,1.048021584068724,76.51189621360336,-0.532000003430986,1.9996435405904794e-12,0.9999999999999416,1.0
-0.532,1.048021584068724,77.22050555030022,-0.5320000034374763,2.01175857285595e-12,0.9999999999999286,1.0
-0.532,1.048021584068724,77.93567762059672,-0.5320000034462639,2.0201273420752203e-12,0.9999999999999154,1.0000000000000002
-0.532,1.048021584068724,78.65747320477065,-0.5320000034572174,2.0258908288530586e-12,0.9999999999999009,1.0000000000000002
-0.532,1.048021584068724,79.38595364601184,-0.5320000034701721,2.029906060474669e-12,0.9999999999998863,1.0000000000000002
-0.532,1.048021584068724,80.12118085563553,-0.5320000034849307,2.032793741344782e-12,0.9999999999998721,1.0000000000000004
-0.532,1.048021584068724,80.86321731834431,-0.5320000035012696,2.034997918038327e-12,0.9999999999998581,1.0000000000000009
-0.532,1.048021584068724,81.61212609753805,-0.5320000035189425,2.0368077861337416e-12,0.999999999999845,1.0000000000000009
-0.532,1.048021584068724,82.36797084067375,-0.5320000035376844,2.0384003148711428e-12,0.9999999999998329,1.0000000000000009
-0.532,1.048021584068724,83.13081578467474,-0.5320000035572172,2.0398573631401225e-12,0.9999999999998214,1.0000000000000009
-0.532,1.048021584068724,83.90072576138992,-0.5320000035772556,2.0411892050202444e-12,0.9999999999998109,1.0000000000000009
-0.532,1.048021584068724,84.67776620310352,-0.5320000035975097,2.0423523205643746e-12,0.9999999999998022,1.0000000000000009
-0.532,1.048021584068724,85.46200314809617,-0.532000003617692,2.043261852684311e-12,0.9999999999997945,1.0000000000000004
-0.532,1.048021584068724,86.25350324625728,-0.532000003637521,2.0438111350669514e-12,0.9999999999997883,0.9999999999999999
-0.532,1.048021584068724,87.05233376474918,-0.5320000036567272,2.043862478145443e-12,0.9999999999997837,0.9999999999999993
-0.532,1.048021584068724,87.85856259372419,-0.5320000036750547,2.0432788163604498e-12,0.999999999999781,0.9999999999999988
-0.532,1.048021584068724,88.67225825209441,-0.5320000036922676,2.041919533373539e-12,0.9999999999997798,0.9999999999999981
-0.532,1.048021584068724,89.49348989335462,-0.5320000037081516,2.0396488474855856e-12,0.9999999999997808,0.9999999999999971
-0.532,1.048021584068724,90.32232731145982,-0.5320000037225177,2.0363352307949982e-12,0.9999999999997825,0.9999999999999963
-0.532,1.048021584068724,91.15884094675663,-0.5320000037352051,2.031867696816848e-12,0.9999999999997866,0.9999999999999956
-0.532,1.048021584068724,92.0031018919696,-0.5320000037460814,2.0261461636637987e-12,0.9999999999997918,0.9999999999999943
-0.532,1.048021584068724,92.85518189824359,-0.5320000037550456,2.0190926488818727e-12,0.9999999999997985,0.9999999999999936
-0.532,1.048021584068724,93.71515338124135,-0.5320000037620285,2.0106535270315646e-12,0.9999999999998067,0.9999999999999925
-0.532,1.048021584068724,94.58308942729796,-0.5320000037669921,2.000793893561995e-12,0.9999999999998157,0.9999999999999917
-0.532,1.048021584068724,95.45906379963219,-0.532000003769931,1.9895050335635053e-12,0.9999999999998261,0.999999999999991
-0.532,1.048021584068724,96.34315094461576,-0.5320000037708702,1.9768008008451587e-12,0.9999999999998375,0.9999999999999903
-0.532,1.048021584068724,97.23542599809973,-0.5320000037698646,1.962720084908787e-12,0.9999999999998491,0.9999999999999898
-0.532,1.048021584068724,98.13596479180039,-0.5320000037669973,1.9473232924069506e-12,0.9999999999998614,0.9999999999999887
-0.532,1.048021584068724,99.04484385974408,-0.5320000037623788,1.9306925491427727e-12,0.9999999999998743,0.9999999999999882
-0.532,1.048021584068724,99.96214044477135,-0.5320000037561418,1.9129310452154926e-12,0.9999999999998868,0.9999999999999877
-0.532,1.048021584068724,100.88793250510167,-0.5320000037484424,1.8941578077337122e-12,0.9999999999998996,0.9999999999999872
-0.532,1.048021584068724,101.82229872095873,-0.532000003739454,1.874510091782964e-12,0.9999999999999122,0.9999999999999871
-0.532,1.048021584068724,102.76531850125772,-0.5320000037293665,1.8541361259101226e-12,0.9999999999999246,0.9999999999999871
-0.532,1.048021584068724,103.71707199035326,-0.5320000037183817,1.8331967139717434e-12,0.9999999999999364,0.9999999999999869
-0.532,1.048021584068724,104.67764007485148,-0.5320000037067117,1.8118597364555625e-12,0.9999999999999472,0.9999999999999868
-0.532,1.048021584068724,105.64710439048359,-0.5320000036945743,1.7902983829058011e-12,0.9999999999999577,0.9999999999999871
-0.532,1.048021584068724,106.62554732904427,-0.5320000036821899,1.7686908995822695e-12,0.9999999999999666,0.9999999999999875
-0.532,1.048021584068724,107.61305204539366,-0.5320000036697792,1.7472083633600498e-12,0.9999999999999746,0.9999999999999877
-0.532,1.048021584068724,108.60970246452491,-0.5320000036575594,1.7260267652945051e-12,0.999999999999982,0.9999999999999881
-0.532,1.048021584068724,109.61558328869602,-0.5320000036457414,1.7053147675278155e-12,0.9999999999999879,0.999999999999989
-0.532,1.048021584068724,110.63078000462876,-0.5320000036345274,1.6852278579926212e-12,0.9999999999999926,0.9999999999999893
-0.532,1.048021584068724,111.65537889077429,-0.5320000036241088,1.665916887428981e-12,0.9999999999999954,0.99999999999999
-0.532,1.048021584068724,112.68946702464496,-0.5320000036146625,1.6475202501057274e-12,0.9999999999999976,0.9999999999999906
-0.532,1.048021584068724,113.73313229021528,-0.5320000036063495,1.6301586107330019e-12,0.9999999999999981,0.9999999999999916
-0.532,1.048021584068724,114.78646338539066,-0.5320000035993145,1.6139427973754846e-12,0.999999999999997,0.9999999999999923
-0.532,1.048021584068724,115.84954982954602,-0.5320000035936825,1.5989587567686814e-12,0.9999999999999951,0.9999999999999933
-0.532,1.048021584068724,116.92248197113297,-0.5320000035895589,1.5852822332778379e-12,0.9999999999999915,0.9999999999999943
-0.532,1.048021584068724,118.00535099535914,-0.5320000035870278,1.5729679005285974e-12,0.9999999999999866,0.9999999999999948
-0.532,1.048021584068724,119.09824893193696,-0.5320000035861525,1.5620529907877779e-12,0.999999999999981,0.9999999999999961
-0.532,1.048021584068724,120.2012686629055,-0.5320000035869741,1.5525533974025004e-12,0.9999999999999746,0.9999999999999972
-0.532,1.048021584068724,121.31450393052383,-0.5320000035895116,1.544467392968168e-12,0.9999999999999664,0.9999999999999976
-0.532,1.048021584068724,122.43804934523853,-0.5320000035937642,1.5377753538555909e-12,0.9999999999999577,0.9999999999999983
-0.532,1.048021584068724,123.5720003937234,-0.5320000035997091,1.5324400274452641e-12,0.9999999999999482,0.9999999999999992
-0.532,1.048021584068724,124.7164534469956,-0.5320000036073038,1.5284057787297436e-12,0.9999999999999383,1.0
-0.532,1.048021584068724,125.87150576860506,-0.5320000036164866,1.5256039701475123e-12,0.9999999999999272,1.0000000000000007
-0.532,1.048021584068724,127.03725552290106,-0.5320000036271787,1.523949050085756e-12,0.9999999999999166,1.000000000000001
-0.532,1.048021584068724,128.21380178337475,-0.5320000036392842,1.5233435083510311e-12,0.9999999999999053,1.000000000000002
-0.532,1.048021584068724,129.40124454107954,-0.5320000036526928,1.523678144539384e-12,0.999999999999894,1.000000000000002
-0.532,1.048021584068724,130.59968471312828,-0.5320000036672811,1.5248330079084252e-12,0.9999999999998825,1.0000000000000024
-0.532,1.048021584068724,131.8092241512703,-0.5320000036829144,1.5266840533599404e-12,0.9999999999998713,1.0000000000000027
-0.532,1.048021584068724,133.02996565054787,-0.5320000036994484,1.5290918852096017e-12,0.9999999999998603,1.0000000000000029
-0.532,1.048021584068724,134.26201295803162,-0.532000003716731,1.5319252882193545e-12,0.9999999999998495,1.0000000000000033
-0.532,1.048021584068724,135.5054707816382,-0.5320000037346045,1.5350367713567065e-12,0.9999999999998396,1.000000000000003
-0.532,1.048021584068724,136.76044479902887,-0.532000003752908,1.5382903057076931e-12,0.9999999999998294,1.000000000000003
-0.532,1.048021584068724,138.02704166659132,-0.5320000037714784,1.541540245548987e-12,0.9999999999998207,1.0000000000000036
-0.532,1.048021584068724,139.30536902850287,-0.5320000037901524,1.5446513037482884e-12,0.9999999999998126,1.000000000000003
-0.532,1.048021584068724,140.5955355258802,-0.5320000038087688,1.5474882715139817e-12,0.9999999999998056,1.0000000000000029
-0.532,1.048021584068724,141.8976508060113,-0.5320000038271698,1.5499193657797293e-12,0.9999999999997988,1.0000000000000024
-0.532,1.048021584068724,143.21182553167466,-0.5320000038452032,1.5518273930310532e-12,0.9999999999997933,1.0000000000000022
-0.532,1.048021584068724,144.53817139054382,-0.532000003862723,1.5530980777449183e-12,0.999999999999789,1.0000000000000022
-0.532,1.048021584068724,145.87680110468003,-0.5320000038795913,1.553622578657742e-12,0.9999999999997853,1.0000000000000013
-0.532,1.048021584068724,147.22782844011104,-0.5320000038956803,1.5533109554870169e-12,0.9999999999997826,1.0000000000000007
-0.532,1.048021584068724,148.59136821650102,-0.5320000039108714,1.5520792563505995e-12,0.9999999999997813,1.0000000000000004
-0.532,1.048021584068724,149.9675363169076,-0.5320000039250584,1.5498587410610149e-12,0.999999999999781,0.9999999999999997
-0.532,1.048021584068724,151.35644969763095,-0.5320000039381474,1.5465880567432305e-12,0.9999999999997814,0.9999999999999993
-0.532,1.048021584068724,152.75822639815343,-0.5320000039500564,1.5422218889212946e-12,0.9999999999997832,0.9999999999999989
-0.532,1.048021584068724,154.17298555117182,-0.5320000039607176,1.5367277087120142e-12,0.9999999999997858,0.999999999999998
-0.532,1.048021584068724,155.60084739272125,-0.5320000039700765,1.5300842889314091e-12,0.9999999999997896,0.9999999999999973
-0.532,1.048021584068724,157.0419332723941,-0.5320000039780935,1.522285653324348e-12,0.9999999999997939,0.9999999999999967
-0.532,1.048021584068724,158.4963656636536,-0.5320000039847417,1.5133362669402146e-12,0.9999999999997996,0.9999999999999963
-0.532,1.048021584068724,159.96426817424148,-0.5320000039900086,1.5032536675856027e-12,0.9999999999998055,0.9999999999999957
-0.532,1.048021584068724,161.44576555668382,-0.5320000039938957,1.4920669573633433e-12,0.9999999999998127,0.9999999999999952
-0.532,1.048021584068724,162.94098371889282,-0.532000003996417,1.4798162725922314e-12,0.9999999999998204,0.9999999999999946
-0.532,1.048021584068724,164.4500497348682,-0.5320000039976002,1.4665524557111143e-12,0.9999999999998282,0.9999999999999941
-0.532,1.048021584068724,165.97309185549548,-0.5320000039974845,1.4523355948991208e-12,0.9999999999998371,0.9999999999999937
-0.532,1.048021584068724,167.5102395194472,-0.5320000039961212,1.43723510808921e-12,0.9999999999998465,0.999999999999993
-0.532,1.048021584068724,169.06162336418203,-0.532000003993572,1.4213263424480192e-12,0.9999999999998561,0.9999999999999932
-0.532,1.048021584068724,170.6273752370482,-0.5320000039899085,1.4046963017100194e-12,0.9999999999998656,0.9999999999999926
-0.532,1.048021584068724,172.20762820648835,-0.5320000039852116,1.3874306110635686e-12,0.9999999999998754,0.9999999999999923
-0.532,1.048021584068724,173.80251657334924,-0.5320000039795701,1.3696248407666034e-12,0.9999999999998849,0.9999999999999919
-0.532,1.048021584068724,175.41217588229446,-0.5320000039730798,1.3513774968216173e-12,0.999999999999895,0.9999999999999919
-0.532,1.048021584068724,177.0367429333253,-0.5320000039658423,1.332792089506217e-12,0.9999999999999049,0.9999999999999917
-0.532,1.048021584068724,178.67635579340572,-0.5320000039579645,1.3139657513548381e-12,0.9999999999999144,0.9999999999999915
-0.532,1.048021584068724,180.33115380819694,-0.5320000039495573,1.2950021984850764e-12,0.9999999999999242,0.9999999999999916
-0.532,1.048021584068724,182.00127761389967,-0.5320000039407334,1.2760068949681603e-12,0.999999999999933,0.9999999999999917
-0.532,1.048021584068724,183.68686914920713,-0.5320000039316085,1.2570801657145087e-12,0.9999999999999419,0.9999999999999919
-0.532,1.048021584068724,185.38807166736675,-0.5320000039222983,1.2383193058918535e-12,0.9999999999999503,0.999999999999992
-0.532,1.048021584068724,187.10502974835543,-0.5320000039129181,1.2198201652458037e-12,0.9999999999999577,0.9999999999999917
-0.532,1.048021584068724,188.83788931116757,-0.5320000039035822,1.2016721461800003e-12,0.9999999999999651,0.9999999999999923
-0.532,1.048021584068724,190.58679762621514,-0.5320000038944026,1.183967976782554e-12,0.9999999999999715,0.9999999999999925
-0.532,1.048021584068724,192.35190332784438,-0.5320000038854886,1.166785653146136e-12,0.9999999999999776,0.9999999999999927
-0.532,1.048021584068724,194.13335642696757,-0.5320000038769449,1.1501974865084157e-12,0.9999999999999826,0.999999999999993
-0.532,1.048021584068724,195.93130832381254,-0.5320000038688718,1.1342783088688184e-12,0.9999999999999871,0.9999999999999934
-0.532,1.048021584068724,197.74591182078862,-0.5320000038613648,1.1190859528742138e-12,0.9999999999999908,0.9999999999999939
-0.532,1.048021584068724,199.5773211354742,-0.5320000038545125,1.1046744879892989e-12,0.9999999999999937,0.999999999999994
-0.532,1.048021584068724,201.42569191372198,-0.5320000038483972,1.091095238568697e-12,0.9999999999999956,0.9999999999999947
-0.532,1.048021584068724,203.29118124288746,-0.5320000038430949,1.0783804592650466e-12,0.9999999999999969,0.999999999999995
-0.532,1.048021584068724,205.1739476651793,-0.532000003838673,1.0665659789731392e-12,0.9999999999999976,0.9999999999999958
-0.532,1.048021584068724,207.07415119113296,-0.5320000038351913,1.0556738041254489e-12,0.9999999999999973,0.9999999999999961
-0.532,1.048021584068724,208.99195331321022,-0.5320000038327031,1.0457170966228894e-12,0.9999999999999966,0.9999999999999967
-0.532,1.048021584068724,210.92751701952352,-0.5320000038312512,1.036703983939495e-12,0.9999999999999948,0.999999999999997
-0.532,1.048021584068724,212.88100680768738,-0.5320000038308714,1.0286321325865727e-12,0.9999999999999922,0.9999999999999974
-0.532,1.048021584068724,214.8525886987991,-0.5320000038315904,1.0214927017195377e-12,0.999999999999989,0.9999999999999978
-0.532,1.048021584068724,216.84243025154836,-0.5320000038334269,1.0152695163744466e-12,0.9999999999999851,0.9999999999999981
-0.532,1.048021584068724,218.85070057645706,-0.5320000038363913,1.009939159833536e-12,0.9999999999999806,0.9999999999999987
-0.532,1.048021584068724,220.87757035025237,-0.5320000038404855,1.0054716252649941e-12,0.9999999999999756,0.9999999999999992
-0.532,1.048021584068724,222.92321183037146,-0.5320000038457032,1.00182992850575e-12,0.99999999999997,0.9999999999999996
-0.532,1.048021584068724,224.9877988696007,-0.5320000038520304,9.989721766204333e-13,0.9999999999999637,0.9999999999999999
-0.532,1.048021584068724,227.07150693085165,-0.5320000038594461,9.968493490861994e-13,0.999999999999957,1.0000000000000007
-0.532,1.048021584068724,229.17451310207272,-0.5320000038679216,9.95410703441971e-13,0.9999999999999502,1.0000000000000009
-0.532,1.048021584068724,231.29699611129922,-0.5320000038774214,9.945968238492547e-13,0.9999999999999425,1.0000000000000009
-0.532,1.048021584068724,233.4391363418438,-0.532000003887904,9.943476252558419e-13,0.9999999999999349,1.0000000000000013
-0.532,1.048021584068724,235.60111584762504,-0.5320000038993218,9.945981694690994e-13,0.9999999999999268,1.0000000000000018
-0.532,1.048021584068724,237.78311836864148,-0.5320000039116213,9.952827540307996e-13,0.9999999999999185,1.0000000000000016
-0.532,1.048021584068724,239.98532934658564,-0.5320000039247451,9.963304389144971e-13,0.9999999999999103,1.000000000000002
-0.532,1.048021584068724,242.20793594060487,-0.5320000039386301,9.976699122257917e-13,0.999999999999902,1.0000000000000022
-0.532,1.048021584068724,244.4511270432073,-0.5320000039532102,9.9922937851981e-13,0.9999999999998935,1.0000000000000022
-0.532,1.048021584068724,246.71509329631496,-0.5320000039684157,1.0009374113393003e-12,0.9999999999998852,1.0000000000000027
-0.532,1.048021584068724,249.00002710746668,-0.5320000039841735,1.0027209213137869e-12,0.9999999999998765,1.0000000000000027
-0.532,1.048021584068724,251.3061226661696,-0.5320000040004087,1.0045052215653114e-12,0.9999999999998687,1.0000000000000027
-0.532,1.048021584068724,253.6335759604023,-0.5320000040170446,1.0062231047063114e-12,0.9999999999998606,1.0000000000000029
-0.532,1.048021584068724,255.98258479327197,-0.5320000040340034,1.007803472170976e-12,0.9999999999998527,1.0000000000000029
-0.532,1.048021584068724,258.3533487998248,-0.5320000040512058,1.0091778368695893e-12,0.9999999999998452,1.0000000000000029
-0.532,1.048021584068724,260.7460694640121,-0.5320000040685732,1.0102805924630327e-12,0.9999999999998376,1.0000000000000027
-0.532,1.048021584068724,263.1609501358149,-0.5320000040860267,1.0110485376989299e-12,0.9999999999998308,1.0000000000000027
-0.532,1.048021584068724,265.59819604852424,-0.5320000041034881,1.011424400395669e-12,0.9999999999998239,1.0000000000000022
-0.532,1.048021584068724,268.0580143361851,-0.5320000041208809,1.0113497747235993e-12,0.999999999999818,1.0000000000000024
-0.532,1.048021584068724,270.5406140511989,-0.5320000041381299,1.010772162097069e-12,0.9999999999998122,1.0000000000000022
-0.532,1.048021584068724,273.0462061820903,-0.5320000041551617,1.009643498551091e-12,0.9999999999998066,1.0000000000000022
-0.532,1.048021584068724,275.57500367143905,-0.5320000041719055,1.0079192908490623e-12,0.9999999999998018,1.000000000000002
-0.532,1.048021584068724,278.1272214339776,-0.5320000041882937,1.0055574380074169e-12,0.9999999999997974,1.0000000000000013
-0.532,1.048021584068724,280.7030763748543,-0.5320000042042611,1.0025256925915084e-12,0.9999999999997935,1.0000000000000013
-0.532,1.048021584068724,283.30278740807006,-0.5320000042197459,9.98787803093248e-13,0.9999999999997904,1.0000000000000009
-0.532,1.048021584068724,285.9265754750807,-0.5320000042346906,9.943210869684336e-13,0.9999999999997872,1.0000000000000009
-0.532,1.048021584068724,288.57466356357577,-0.5320000042490407,9.891034419940544e-13,0.9999999999997852,1.0000000000000002
-0.532,1.048021584068724,291.24727672642865,-0.532000004262747,9.831164725392782e-13,0.9999999999997838,1.0000000000000004
-0.532,1.048021584068724,293.94464210082356,-0.5320000042757629,9.763485057534014e-13,0.9999999999997825,0.9999999999999998
-0.532,1.048021584068724,296.6669889275594,-0.5320000042880473,9.687910438992449e-13,0.9999999999997822,0.9999999999999999
-0.532,1.048021584068724,299.4145485705322,-0.5320000042995635,9.604419752716493e-13,0.9999999999997823,0.9999999999999998
-0.532,1.048021584068724,302.18755453639716,-0.5320000043102797,9.513022338239666e-13,0.9999999999997831,0.9999999999999992
-0.532,1.048021584068724,304.9862424944146,-0.5320000043201675,9.413779859502162e-13,0.9999999999997842,0.9999999999999989
-0.532,1.048021584068724,307.81085029647846,-0.5320000043292045,9.30679541818585e-13,0.9999999999997856,0.9999999999999984
-0.532,1.048021584068724,310.6616179973303,-0.5320000043373719,9.192206018265405e-13,0.9999999999997877,0.9999999999999984
-0.532,1.048021584068724,313.5387878749621,-0.5320000043446568,9.070199845728481e-13,0.9999999999997904,0.9999999999999978
-0.532,1.048021584068724,316.44260445120455,-0.5320000043510497,8.940991530254574e-13,0.9999999999997935,0.9999999999999977
-0.532,1.048021584068724,319.3733145125105,-0.5320000043565464,8.804838208488219e-13,0.999999999999797,0.9999999999999974
-0.532,1.048021584068724,322.3311671309267,-0.5320000043611467,8.662026034273758e-13,0.999999999999801,0.9999999999999973
-0.532,1.048021584068724,325.31641368526283,-0.532000004364855,8.512872176114479e-13,0.9999999999998055,0.999999999999997
-0.532,1.048021584068724,328.32930788245454,-0.5320000043676797,8.357726737313228e-13,0.99999999999981,0.9999999999999967
-0.532,1.048021584068724,331.37010577912685,-0.5320000043696336,8.196960031266953e-13,0.9999999999998154,0.9999999999999962
-0.532,1.048021584068724,334.4390658033531,-0.5320000043707326,8.030964168295299e-13,0.9999999999998206,0.999999999999996
-0.532,1.048021584068724,337.53644877662083,-0.5320000043709975,7.860158588035736e-13,0.9999999999998264,0.9999999999999963
-0.532,1.048021584068724,340.66251793599554,-0.5320000043704515,7.684974440823314e-13,0.9999999999998327,0.9999999999999957
-0.532,1.048021584068724,343.81753895649405,-0.5320000043691218,7.505865799166372e-13,0.999999999999839,0.9999999999999957
-0.532,1.048021584068724,347.00177997366285,-0.5320000043670379,7.32328263151946e-13,0.9999999999998456,0.9999999999999958
-0.532,1.048021584068724,350.2155116063659,-0.5320000043642333,7.137704811919593e-13,0.9999999999998518,0.9999999999999954
-0.532,1.048021584068724,353.4590069797847,-0.5320000043607434,6.949607095520419e-13,0.9999999999998588,0.9999999999999954
-0.532,1.048021584068724,356.73254174862967,-0.532000004356606,6.759473062145426e-13,0.9999999999998656,0.9999999999999949
-0.532,1.048021584068724,360.0363941205664,-0.5320000043518618,6.567787723220399e-13,0.9999999999998728,0.9999999999999951
-0.532,1.048021584068724,363.37084487986095,-0.5320000043465523,6.375045431679246e-13,0.9999999999998794,0.9999999999999951
-0.532,1.048021584068724,366.73617741124224,-0.532000004340722,6.181707925313338e-13,0.9999999999998863,0.9999999999999949
-0.532,1.048021584068724,370.13267772398575,-0.5320000043344157,5.988271137989371e-13,0.9999999999998933,0.9999999999999949
-0.532,1.048021584068724,373.5606344762222,-0.5320000043276804,5.795200146822064e-13,0.9999999999999006,0.9999999999999947
-0.532,1.048021584068724,377.02033899946696,-0.532000004320563,5.602953791736859e-13,0.9999999999999071,0.9999999999999946
-0.532,1.048021584068724,380.5120853233824,-0.5320000043131127,5.411989203035207e-13,0.9999999999999141,0.9999999999999947
-0.532,1.048021584068724,384.03617020076405,-0.5320000043053775,5.222747155146011e-13,0.9999999999999208,0.999999999999995
-0.532,1.048021584068724,387.5928931327621,-0.5320000042974071,5.035641812111971e-13,0.9999999999999273,0.9999999999999948
-0.532,1.048021584068724,391.18255639433437,-0.5320000042892506,4.851092010067284e-13,0.9999999999999337,0.9999999999999949
-0.532,1.048021584068724,394.8054650599374,-0.5320000042809573,4.669494715248243e-13,0.9999999999999395,0.9999999999999949
-0.532,1.048021584068724,398.4619270294508,-0.5320000042725761,4.4912153973970464e-13,0.9999999999999457,0.9999999999999954
-0.532,1.048021584068724,402.15225305434814,-0.5320000042641548,4.316593440955309e-13,0.9999999999999515,0.999999999999995
-0.532,1.048021584068724,405.87675676410373,-0.5320000042557417,4.1459880511958887e-13,0.999999999999957,0.9999999999999953
-0.532,1.048021584068724,409.6357546928489,-0.5320000042473836,3.979693227784422e-13,0.999999999999962,0.9999999999999953
-0.532,1.048021584068724,413.4295663062725,-0.5320000042391255,3.8180018597365553e-13,0.999999999999967,0.9999999999999956
-0.532,1.048021584068724,417.25851402877123,-0.5320000042310132,3.6611853389644433e-13,0.9999999999999714,0.9999999999999959
-0.532,1.048021584068724,421.12292327085265,-0.532000004223089,3.509472406775109e-13,0.9999999999999757,0.9999999999999957
-0.532,1.048021584068724,425.02312245678996,-0.5320000042153946,3.3631010251193413e-13,0.9999999999999795,0.999999999999996
-0.532,1.048021584068724,428.95944305253283,-0.5320000042079707,3.2222564243236514e-13,0.9999999999999833,0.9999999999999962
-0.532,1.048021584068724,432.9322195938791,-0.5320000042008555,3.087102031886298e-13,0.9999999999999868,0.9999999999999966
-0.532,1.048021584068724,436.9417897149054,-0.5320000041940856,2.9577802947996425e-13,0.9999999999999892,0.9999999999999966
-0.532,1.048021584068724,440.98849417666133,-0.5320000041876957,2.8344297656100513e-13,0.9999999999999918,0.9999999999999968
-0.532,1.048021584068724,445.0726768961314,-0.5320000041817184,2.717125155036368e-13,0.999999999999994,0.9999999999999969
-0.532,1.048021584068724,449.19468497546023,-0.5320000041761846,2.605957654882061e-13,0.9999999999999957,0.9999999999999973
-0.532,1.048021584068724,453.3548687314555,-0.5320000041711225,2.5009689521428577e-13,0.9999999999999976,0.9999999999999971
-0.532,1.048021584068724,457.55358172535705,-0.5320000041665582,2.4021818941455635e-13,0.9999999999999984,0.9999999999999973
-0.532,1.048021584068724,461.7911807928867,-0.5320000041625165,2.3095972592382125e-13,0.9999999999999991,0.9999999999999976
-0.532,1.048021584068724,466.0680260745743,-0.5320000041590187,2.2232028337051238e-13,0.9999999999999994,0.9999999999999978
-0.532,1.048021584068724,470.3844810463644,-0.5320000041560843,2.1429490832933346e-13,0.9999999999999993,0.999999999999998
-0.532,1.048021584068724,474.7409125505084,-0.5320000041537305,2.0687833519266972e-13,0.9999999999999991,0.9999999999999984
-0.532,1.048021584068724,479.1376908267404,-0.532000004151972,2.0006218005454817e-13,0.9999999999999986,0.9999999999999984
-0.532,1.048021584068724,483.57518954374194,-0.5320000041508217,1.938355155354322e-13,0.9999999999999976,0.999999999999999
-0.532,1.048021584068724,488.0537858309,-0.5320000041502899,1.8818732179305497e-13,0.9999999999999961,0.999999999999999
-0.532,1.048021584068724,492.5738603103579,-0.5320000041503842,1.83103611937374e-13,0.9999999999999943,0.9999999999999992
-0.532,1.048021584068724,497.1357971293627,-0.5320000041511104,1.7856897971885164e-13,0.9999999999999923,0.9999999999999994
-0.532,1.048021584068724,501.7399839929145,-0.5320000041524723,1.7456676307459253e-13,0.99999999999999,0.9999999999999996
-0.532,1.048021584068724,506.3868121967132,-0.5320000041544707,1.7107855580005253e-13,0.999999999999987,0.9999999999999996
-0.532,1.048021584068724,511.0766766604169,-0.532000004157105,1.680847537853932e-13,0.9999999999999846,0.9999999999999998
-0.532,1.048021584068724,515.809975961202,-0.5320000041603724,1.6556436483930226e-13,0.9999999999999812,1.0
-0.532,1.048021584068724,520.5871123676386,-0.5320000041642681,1.6349561760241363e-13,0.999999999999978,1.0000000000000007
-0.532,1.048021584068724,525.4084918738774,-0.5320000041687841,1.6185524230023889e-13,0.999999999999974,1.0000000000000004
-0.532,1.048021584068724,530.2745242341559,-0.5320000041739127,1.6061913394702148e-13,0.9999999999999704,1.0000000000000009
-0.532,1.048021584068724,535.1856229976182,-0.5320000041796422,1.597632047268891e-13,0.9999999999999662,1.0000000000000007
-0.532,1.048021584068724,540.1422055434659,-0.5320000041859607,1.5926127125389394e-13,0.9999999999999619,1.0000000000000007
-0.532,1.048021584068724,545.1446931164259,-0.532000004192854,1.5908755552703648e-13,0.999999999999957,1.0000000000000009
-0.532,1.048021584068724,550.1935108625528,-0.5320000042003064,1.592152818467366e-13,0.9999999999999526,1.000000000000001
-0.532,1.048021584068724,555.2890878653604,-0.5320000042082998,1.5961754587263416e-13,0.9999999999999479,1.0000000000000013
-0.532,1.048021584068724,560.4318571822878,-0.5320000042168161,1.6026661998013248e-13,0.9999999999999429,1.0000000000000013
-0.532,1.048021584068724,565.6222558815047,-0.5320000042258346,1.611364135532498e-13,0.9999999999999377,1.0000000000000016
-0.532,1.048021584068724,570.8607250790558,-0.5320000042353341,1.6219751799808274e-13,0.9999999999999327,1.0000000000000016
-0.532,1.048021584068724,576.1477099763489,-0.5320000042452918,1.634228077758253e-13,0.9999999999999276,1.0000000000000018
-0.532,1.048021584068724,581.4836598979924,-0.5320000042556837,1.647855966300364e-13,0.9999999999999221,1.0000000000000018
-0.532,1.048021584068724,586.8690283299819,-0.5320000042664853,1.6625726953217475e-13,0.9999999999999168,1.0000000000000018
-0.532,1.048021584068724,592.3042729582397,-0.5320000042776702,1.6781133171901194e-13,0.9999999999999116,1.0000000000000024
-0.532,1.048021584068724,597.7898557075149,-0.5320000042892127,1.694203345759163e-13,0.9999999999999057,1.0000000000000022
-0.532,1.048021584068724,603.3262427806361,-0.5320000043010844,1.7105799181497649e-13,0.9999999999999002,1.0000000000000022
-0.532,1.048021584068724,608.913904698138,-0.5320000043132579,1.7269863011091358e-13,0.9999999999998948,1.000000000000002
-0.532,1.048021584068724,614.5533163382452,-0.5320000043257043,1.7431626248312499e-13,0.9999999999998893,1.0000000000000022
-0.532,1.048021584068724,620.2449569772324,-0.5320000043383944,1.7588579576240494e-13,0.999999999999884,1.0000000000000022
-0.532,1.048021584068724,625.9893103301563,-0.5320000043512985,1.7738366688940622e-13,0.9999999999998785,1.000000000000002
-0.532,1.048021584068724,631.7868645919671,-0.5320000043643865,1.7878432284125678e-13,0.9999999999998732,1.0000000000000022
-0.532,1.048021584068724,637.638112478994,-0.5320000043776282,1.8006735127952092e-13,0.9999999999998682,1.000000000000002
-0.532,1.048021584068724,643.5435512708254,-0.5320000043909934,1.8120806241328112e-13,0.9999999999998626,1.0000000000000022
-0.532,1.048021584068724,649.5036828525664,-0.5320000044044513,1.821869535890383e-13,0.9999999999998574,1.0000000000000024
-0.532,1.048021584068724,655.5190137574945,-0.5320000044179714,1.8298306055183918e-13,0.9999999999998525,1.000000000000002
-0.532,1.048021584068724,661.5900552101086,-0.5320000044315228,1.8357695755260739e-13,0.9999999999998479,1.0000000000000022
-0.532,1.048021584068724,667.7173231695753,-0.5320000044450753,1.8394944527059714e-13,0.9999999999998429,1.000000000000002
-0.532,1.048021584068724,673.9013383735801,-0.5320000044585985,1.8408461483538368e-13,0.9999999999998384,1.000000000000002
-0.532,1.048021584068724,680.1426263825831,-0.5320000044720623,1.8396311664757026e-13,0.9999999999998338,1.0000000000000018
-0.532,1.048021584068724,686.4417176244827,-0.5320000044854368,1.8357169045697095e-13,0.9999999999998294,1.0000000000000024
-0.532,1.048021584068724,692.7991474396972,-0.5320000044986924,1.8289378246486435e-13,0.9999999999998256,1.000000000000002
-0.532,1.048021584068724,699.215456126661,-0.5320000045118004,1.819179816767481e-13,0.9999999999998215,1.0000000000000022
-0.532,1.048021584068724,705.6911889877423,-0.5320000045247317,1.8062987930094537e-13,0.9999999999998174,1.000000000000002
-0.532,1.048021584068724,712.2268963755895,-0.5320000045374582,1.7901843207409023e-13,0.9999999999998137,1.0000000000000018
-0.532,1.048021584068724,718.8231337398989,-0.5320000045499523,1.7707370106956146e-13,0.9999999999998105,1.0000000000000016
-0.532,1.048021584068724,725.4804616746267,-0.5320000045621873,1.7478482726860942e-13,0.9999999999998073,1.0000000000000013
-0.532,1.048021584068724,732.1994459656265,-0.5320000045741362,1.7214463116786866e-13,0.9999999999998037,1.0000000000000013
-0.532,1.048021584068724,738.9806576387373,-0.5320000045857735,1.691468712825271e-13,0.9999999999998012,1.0000000000000016
-0.532,1.048021584068724,745.8246730083114,-0.5320000045970742,1.6578276620385544e-13,0.9999999999997983,1.000000000000001
-0.532,1.048021584068724,752.7320737261965,-0.532000004608014,1.6204782232885228e-13,0.9999999999997956,1.0000000000000009
-0.532,1.048021584068724,759.7034468311634,-0.5320000046185693,1.5793874260782868e-13,0.9999999999997935,1.000000000000001
-0.532,1.048021584068724,766.7393847988028,-0.5320000046287171,1.534514813093596e-13,0.9999999999997916,1.0000000000000009
-0.532,1.048021584068724,773.8404855918722,-0.5320000046384358,1.4858297398276814e-13,0.9999999999997897,1.000000000000001
-0.532,1.048021584068724,781.0073527111184,-0.532000004647704,1.4333367742620087e-13,0.9999999999997881,1.0000000000000007
-0.532,1.048021584068724,788.2405952465664,-0.5320000046565015,1.3770150497173009e-13,0.9999999999997866,1.0000000000000007
-0.532,1.048021584068724,795.5408279292831,-0.5320000046648088,1.3168742723818178e-13,0.9999999999997854,1.0000000000000007
-0.532,1.048021584068724,802.9086711836236,-0.5320000046726074,1.2529338722143143e-13,0.9999999999997842,1.0000000000000007
-0.532,1.048021584068724,810.3447511799583,-0.5320000046798798,1.1852043429403153e-13,0.9999999999997837,1.0000000000000002
-0.532,1.048021584068724,817.8496998878867,-0.5320000046866089,1.1137251700053433e-13,0.9999999999997827,1.0000000000000002
-0.532,1.048021584068724,825.4241551299497,-0.5320000046927794,1.0385304481695265e-13,0.9999999999997827,1.0000000000000004
-0.532,1.048021584068724,833.0687606358348,-0.532000004698376,9.596679254594716e-14,0.9999999999997823,1.0000000000000002
-0.532,1.048021584068724,840.7841660970844,-0.5320000047033849,8.771904030932416e-14,0.9999999999997821,0.9999999999999996
-0.532,1.048021584068724,848.5710272223139,-0.532000004707793,7.911587876785867e-14,0.9999999999997831,1.0000000000000002
-0.532,1.048021584068724,856.4300057929329,-0.5320000047115877,7.016392629133181e-14,0.9999999999997831,0.9999999999999997
-0.532,1.048021584068724,864.3617697193946,-0.5320000047147583,6.087063822274698e-14,0.9999999999997836,0.9999999999999994
-0.532,1.048021584068724,872.3669930979535,-0.5320000047172943,5.124395697498489e-14,0.9999999999997842,0.9999999999999996
-0.532,1.048021584068724,880.4463562679581,-0.5320000047191865,4.129259141247921e-14,0.9999999999997853,0.9999999999999996
-0.532,1.048021584068724,888.6005458696701,-0.5320000047204262,3.102570359469157e-14,0.9999999999997866,0.9999999999999994
-0.532,1.048021584068724,896.8302549026189,-0.5320000047210057,2.045285067801006e-14,0.9999999999997882,0.9999999999999994
-0.532,1.048021584068724,905.1361827845002,-0.5320000047209184,9.584183185036239e-15,0.9999999999997896,0.9999999999999992
-0.532,1.048021584068724,913.5190354106156,-0.5320000047201583,-1.5696714604326548e-15,0.9999999999997914,0.9999999999999991
-0.532,1.048021584068724,921.9795252138629,-0.5320000047187204,-1.2997792684914059e-14,0.9999999999997932,0.9999999999999991
-0.532,1.048021584068724,930.5183712252855,-0.5320000047166009,-2.4688668904784056e-14,0.9999999999997954,0.9999999999999991
-0.532,1.048021584068724,939.1362991351807,-0.5320000047137958,-3.663074183154275e-14,0.9999999999997973,0.9999999999999989
-0.532,1.048021584068724,947.8340413547725,-0.5320000047103032,-4.8811735384055233e-14,0.9999999999997996,0.9999999999999988
-0.532,1.048021584068724,956.6123370784595,-0.532000004706121,-6.121924355686991e-14,0.9999999999998023,0.9999999999999989
-0.532,1.048021584068724,965.4719323466358,-0.5320000047012483,-7.384096240138391e-14,0.9999999999998052,0.9999999999999987
-0.532,1.048021584068724,974.4135801090915,-0.532000004695685,-8.666392569786786e-14,0.9999999999998077,0.9999999999999984
-0.532,1.048021584068724,983.4380402890077,-0.5320000046894316,-9.967502474521188e-14,0.9999999999998105,0.9999999999999984
-0.532,1.048021584068724,992.5460798475383,-0.5320000046824894,-1.1286126086433318e-13,0.9999999999998133,0.9999999999999984
-0.532,1.048021584068724,1001.7384728489908,-0.5320000046748603,-1.2620872403841336e-13,0.9999999999998163,0.9999999999999983
-0.532,1.048021584068724,1011.0160005266158,-0.532000004666547,-1.397045274366681e-13,0.9999999999998197,0.9999999999999983
-0.532,1.048021584068724,1020.3794513489946,-0.5320000046575529,-1.533354672860159e-13,0.999999999999823,0.9999999999999981
-0.532,1.048021584068724,1029.8296210870567,-0.5320000046478818,-1.6708673257982e-13,0.9999999999998261,0.9999999999999981
-0.532,1.048021584068724,1039.3673128817031,-0.5320000046375385,-1.8094612616731846e-13,0.9999999999998296,0.9999999999999981
-0.532,1.048021584068724,1048.993337312066,-0.5320000046265277,-1.9489946827484808e-13,0.999999999999833,0.999999999999998
-0.532,1.048021584068724,1058.7085124643972,-0.5320000046148555,-2.0893251534805508e-13,0.9999999999998368,0.9999999999999983
-0.532,1.048021584068724,1068.5136640015942,-0.532000004602528,-2.2303266673639206e-13,0.9999999999998401,0.9999999999999978
-0.532,1.048021584068724,1078.4096252333723,-0.5320000045895523,-2.3718611392415455e-13,0.9999999999998441,0.999999999999998
-0.532,1.048021584068724,1088.3972371870843,-0.5320000045759354,-2.513792955473764e-13,0.999999999999848,0.9999999999999979
-0.532,1.048021584068724,1098.4773486791944,-0.5320000045616853,-2.655988683041462e-13,0.9999999999998515,0.999999999999998
-0.532,1.048021584068724,1108.650816387419,-0.5320000045468102,-2.798323419139722e-13,0.9999999999998556,0.9999999999999978
-0.532,1.048021584068724,1118.9185049235327,-0.5320000045313183,-2.94065775908173e-13,0.9999999999998594,0.9999999999999978
-0.532,1.048021584068724,1129.2812869068487,-0.5320000045152194,-3.0828649133241187e-13,0.9999999999998631,0.999999999999998
-0.532,1.048021584068724,1139.740043038382,-0.5320000044985228,-3.224826791700133e-13,0.9999999999998672,0.9999999999999979
-0.532,1.048021584068724,1150.2956621756925,-0.5320000044812382,-3.36640935266033e-13,0.9999999999998711,0.9999999999999977
-0.532,1.048021584068724,1160.9490414084332,-0.5320000044633758,-3.50749859874104e-13,0.9999999999998753,0.9999999999999978
-0.532,1.048021584068724,1171.7010861345848,-0.5320000044449464,-3.647961078388729e-13,0.9999999999998792,0.9999999999999977
-0.532,1.048021584068724,1182.5527101374053,-0.5320000044259605,-3.7876894822720494e-13,0.999999999999883,0.9999999999999977
-0.532,1.048021584068724,1193.5048356630894,-0.5320000044064296,-3.926562845659818e-13,0.999999999999887,0.9999999999999979
-0.532,1.048021584068724,1204.55839349915,-0.5320000043863649,-4.0644721690138513e-13,0.9999999999998909,0.9999999999999978
-0.532,1.048021584068724,1215.7143230535173,-0.5320000043657777,-4.2013066587361067e-13,0.9999999999998948,0.9999999999999974
-0.532,1.048021584068724,1226.9735724343827,-0.5320000043446804,-4.336958611377649e-13,0.9999999999998986,0.9999999999999977
-0.532,1.048021584068724,1238.33709853077,-0.5320000043230848,-4.471325818910808e-13,0.9999999999999025,0.9999999999999978
-0.532,1.048021584068724,1249.8058670938608,-0.5320000043010034,-4.604303104116293e-13,0.9999999999999066,0.9999999999999978
-0.532,1.048021584068724,1261.3808528190714,-0.5320000042784481,-4.735787544444409e-13,0.9999999999999104,0.999999999999998
-0.532,1.048021584068724,1273.0630394288874,-0.5320000042554319,-4.865700174523709e-13,0.999999999999914,0.9999999999999978
-0.532,1.048021584068724,1284.8534197564702,-0.5320000042319676,-4.993936602072043e-13,0.9999999999999177,0.9999999999999978
-0.532,1.048021584068724,1296.7529958300336,-0.5320000042080675,-5.120410629994438e-13,0.9999999999999215,0.9999999999999979
-0.532,1.048021584068724,1308.7627789579997,-0.5320000041837449,-5.245032341516147e-13,0.9999999999999252,0.9999999999999981
-0.532,1.048021584068724,1320.883789814951,-0.5320000041590128,-5.367734955583284e-13,0.9999999999999288,0.999999999999998
-0.532,1.048021584068724,1333.1170585283726,-0.5320000041338839,-5.488420956284833e-13,0.9999999999999323,0.999999999999998
-0.532,1.048021584068724,1345.4636247661995,-0.5320000041083717,-5.607023845576381e-13,0.9999999999999355,0.9999999999999977
-0.532,1.048021584068724,1357.924537825179,-0.5320000040824892,-5.723480861774642e-13,0.9999999999999389,0.9999999999999976
-0.532,1.048021584068724,1370.500856720038,-0.5320000040562494,-5.837709681371144e-13,0.999999999999942,0.999999999999998
-0.532,1.048021584068724,1383.1936502734964,-0.5320000040296656,-5.949647748656652e-13,0.9999999999999455,0.9999999999999979
-0.532,1.048021584068724,1396.0039972070938,-0.5320000040027512,-6.059233758953788e-13,0.9999999999999487,0.9999999999999978
-0.532,1.048021584068724,1408.9329862328714,-0.5320000039755187,-6.166415113443065e-13,0.9999999999999516,0.9999999999999982
-0.532,1.048021584068724,1421.9817161458968,-0.5320000039479819,-6.271128093791618e-13,0.9999999999999546,0.999999999999998
-0.532,1.048021584068724,1435.1512959176512,-0.5320000039201533,-6.373329872294615e-13,0.9999999999999574,0.9999999999999981
-0.532,1.048021584068724,1448.4428447902692,-0.5320000038920464,-6.472973645318522e-13,0.9999999999999605,0.9999999999999981
-0.532,1.048021584068724,1461.8574923716699,-0.5320000038636737,-6.57000237579087e-13,0.9999999999999631,0.9999999999999982
-0.532,1.048021584068724,1475.3963787315492,-0.5320000038350484,-6.664388053187113e-13,0.9999999999999659,0.9999999999999984
-0.532,1.048021584068724,1489.0606544982772,-0.532000003806183,-6.756085372074571e-13,0.9999999999999682,0.9999999999999981
-0.532,1.048021584068724,1502.8514809566846,-0.5320000037770903,-6.84505517520385e-13,0.9999999999999709,0.9999999999999982
-0.532,1.048021584068724,1516.7700301467542,-0.5320000037477829,-6.931276526895914e-13,0.9999999999999731,0.9999999999999981
-0.532,1.048021584068724,1530.8174849632353,-0.5320000037182732,-7.014710564137669e-13,0.9999999999999756,0.9999999999999983
-0.532,1.048021584068724,1544.9950392561707,-0.5320000036885734,-7.095340268416128e-13,0.9999999999999775,0.9999999999999988
-0.532,1.048021584068724,1559.3038979323546,-0.5320000036586959,-7.173141338954892e-13,0.9999999999999796,0.9999999999999984
-0.532,1.048021584068724,1573.7452770577393,-0.5320000036286529,-7.248089073133625e-13,0.9999999999999815,0.9999999999999987
-0.532,1.048021584068724,1588.3204039607824,-0.5320000035984559,-7.32016597080936e-13,0.9999999999999835,0.9999999999999983
-0.532,1.048021584068724,1603.0305173367537,-0.5320000035681167,-7.389367832358432e-13,0.9999999999999852,0.9999999999999988
-0.532,1.048021584068724,1617.8768673530133,-0.5320000035376473,-7.455677257228377e-13,0.999999999999987,0.9999999999999988
-0.532,1.048021584068724,1632.8607157552478,-0.532000003507059,-7.519083703741982e-13,0.9999999999999885,0.9999999999999989
-0.532,1.048021584068724,1647.9833359747165,-0.532000003476363,-7.579587271776439e-13,0.9999999999999897,0.9999999999999989
-0.532,1.048021584068724,1663.2460132364645,-0.5320000034455703,-7.637178332992929e-13,0.9999999999999913,0.9999999999999988
-0.532,1.048021584068724,1678.6500446685554,-0.5320000034146921,-7.691866063341941e-13,0.9999999999999926,0.9999999999999989
-0.532,1.048021584068724,1694.1967394123092,-0.5320000033837389,-7.743647412875089e-13,0.9999999999999938,0.9999999999999991
-0.532,1.048021584068724,1709.8874187335668,-0.5320000033527214,-7.792521478413354e-13,0.999999999999995,0.9999999999999992
-0.532,1.048021584068724,1725.7234161349695,-0.5320000033216499,-7.838504836423168e-13,0.9999999999999959,0.999999999999999
-0.532,1.048021584068724,1741.706077469303,-0.5320000032905347,-7.881602274230113e-13,0.9999999999999968,0.9999999999999992
-0.532,1.048021584068724,1757.8367610538646,-0.5320000032593858,-7.921823765380196e-13,0.9999999999999973,0.9999999999999993
-0.532,1.048021584068724,1774.1168377859105,-0.5320000032282126,-7.959183699376166e-13,0.9999999999999982,0.9999999999999994
-0.532,1.048021584068724,1790.547691259161,-0.5320000031970253,-7.993700106695878e-13,0.9999999999999988,0.9999999999999993
-0.532,1.048021584068724,1807.1307178813868,-0.5320000031658327,-8.025387398954598e-13,0.9999999999999993,0.9999999999999996
-0.532,1.048021584068724,1823.867326993091,-0.5320000031346446,-8.054266528215703e-13,0.9999999999999996,0.9999999999999994
-0.532,1.048021584068724,1840.7589409872808,-0.5320000031034694,-8.080357124829933e-13,0.9999999999999998,0.9999999999999998
-0.532,1.048021584068724,1857.8069954303487,-0.5320000030723163,-8.103684232012693e-13,1.0,0.9999999999999997
-0.532,1.048021584068724,1875.012939184082,-0.5320000030411935,-8.124271693854894e-13,1.0000000000000002,0.9999999999999996
-0.532,1.048021584068724,1892.378234528796,-0.5320000030101101,-8.142145785458703e-13,1.0000000000000002,0.9999999999999997
-0.532,1.048021584068724,1909.9043572876058,-0.5320000029790732,-8.157335194683013e-13,1.0000000000000002,0.9999999999999997
-0.532,1.048021584068724,1927.592796951861,-0.5320000029480916,-8.169868279138059e-13,1.0,0.9999999999999998
-0.532,1.048021584068724,1945.4450568077177,-0.5320000029171725,-8.179775395794457e-13,0.9999999999999996,0.9999999999999998
-0.532,1.048021584068724,1963.4626540639163,-0.5320000028863241,-8.187090423068085e-13,0.9999999999999993,0.9999999999999999
-0.532,1.048021584068724,1981.6471199807077,-0.5320000028555533,-8.191845625321191e-13,0.9999999999999988,0.9999999999999999
-0.532,1.048021584068724,2000.0,-0.5320000028248669,-8.194076056980292e-13,0.9999999999999982,0.9999999999999999
-0.3,1.03857682433293,0.0,0.0,0.0,0.0,1.03857682433293
-0.3,1.03857682433293,0.05,-0.0011808681495613924,0.023228859910760957,0.029471027796719316,1.0379987721509214
-0.3,1.03857682433293,0.1,-0.004570437101807585,0.04419756021674274,0.05882878287846133,1.0374207483706739
-0.3,1.03857682433293,0.15000000000000002,-0.009949685729896188,0.0630452391037054,0.0879729426584149,1.0368428231353686
-0.3,1.03857682433293,0.2,-0.017113264378795633,0.0799061886763209,0.116816158877931,1.036265107956565
-0.3,1.03857682433293,0.25,-0.025869013656544603,0.0949096864330014,0.14528287804525983,1.035687751333494
-0.3,1.03857682433293,0.30000000000000004,-0.03603743364813467,0.1081798762003789,0.17330825225173305,1.0351109345715575
-0.3,1.03857682433293,0.35000000000000003,-0.0474511816422353,0.11983569318288823,0.20083713358604605,1.0345348677830466
-0.3,1.03857682433293,0.4,-0.059954552258433116,0.12999082815504184,0.22782314603788734,1.0339597860597347
-0.3,1.03857682433293,0.45,-0.07340294505780175,0.13875372620362675,0.2542278294053413,1.033385945811062
-0.3,1.03857682433293,0.5,-0.08766233916567427,0.14622761579175939,0.2800198502042988,1.03281362126557
-0.3,1.03857682433293,0.55,-0.10260877765312013,0.15251056425713197,0.3051742749792466,1.0322431011362718
-0.3,1.03857682433293,0.6000000000000001,-0.11812785767879272,0.15769555617696837,0.3296719017701325,1.0316746854524106
-0.3,1.03857682433293,0.65,-0.13411422628929992,0.161870591335338,0.3534986458033721,1.0311086825610052
-0.3,1.03857682433293,0.7000000000000001,-0.15047108560935477,0.16511879931452084,0.376644975747061,1.03054540630198
-0.3,1.03857682433293,0.75,-0.16710971114106962,0.16751856800022563,0.39910539710769294,1.029985173360692
-0.3,1.03857682433293,0.8,-0.18394898492320116,0.16914368354061426,0.4208779795567883,1.0294283008012672
-0.3,1.03857682433293,0.8500000000000001,-0.20091494377275862,0.17006347953217157,0.44196392516771554,1.0288751037834385
-0.3,1.03857682433293,0.9,-0.21794034249510277,0.17034299342264547,0.46236717471957106,1.0283258934645838
-0.3,1.03857682433293,0.9500000000000001,-0.23496423232815083,0.17004312832362303,0.4820940493886221,1.0277809750875324
-0.3,1.03857682433293,1.0,-0.25193155528624606,0.16922081861364432,0.501152925300219,1.027240646253483
-0.3,1.03857682433293,1.05,-0.2687927551354664,0.16792919788772834,0.5195539385567551,1.026705195378134
-0.3,1.03857682433293,1.1,-0.2855034054865205,0.1662177679714288,0.5373087184918569,1.026174900327921
-0.3,1.03857682433293,1.1500000000000001,-0.3020238551292483,0.1641325678676675,0.5544301470287868,1.0256500272320734
-0.3,1.03857682433293,1.2000000000000002,-0.31831889043237155,0.16171634164326354,0.570932142143074,1.025130829465121
-0.3,1.03857682433293,1.25,-0.3343574144706497,0.15900870438993353,0.5868294635463698,1.0246175467934744
-0.3,1.03857682433293,1.3,-0.3501121425029859,0.15604630551221102,0.6021375388208006,1.0241104046788443
-0.3,1.03857682433293,1.35,-0.365559313448855,0.1528629887027846,0.6168723083409866,1.0236096137304933
-0.3,1.03857682433293,1.4000000000000001,-0.38067841703732286,0.14948994806473787,0.6310500874244744,1.0231153692977193
-0.3,1.03857682433293,1.4500000000000002,-0.39545193629919484,0.1459558799305746,0.6446874442507567,1.022627851193488
-0.3,1.03857682433293,1.5,-0.40986510503320495,0.1422871300101928,0.6578010921843913,1.022147223539792
-0.3,1.03857682433293,1.55,-0.42390567981507293,0.1385078355745985,0.6704077952290284,1.0216736347251123
-0.3,1.03857682433293,1.6,-0.4375637260533602,0.1346400624495426,0.6825242854265103,1.0212072174642632
-0.3,1.03857682433293,1.6500000000000001,-0.45083141754431083,0.13070393665386335,0.6941671910986222,1.0207480889509197
-0.3,1.03857682433293,1.7000000000000002,-0.46370284894732394,0.1267177705715397,0.7053529749085998,1.0202963510932705
-0.3,1.03857682433293,1.75,-0.4761738605935307,0.12269818359471202,0.7160978807951476,1.0198520908234177
-0.3,1.03857682433293,1.8,-0.4882418750468249,0.11866021721762035,0.7264178889035222,1.0194153804714634
-0.3,1.03857682433293,1.85,-0.4999057448525906,0.11461744459891401,0.7363286777062169,1.0189862781955519
-0.3,1.03857682433293,1.9000000000000001,-0.511165610927643,0.11058207464249385,0.745845592569989,1.0185648284595596
-0.3,1.03857682433293,1.9500000000000002,-0.5220227710613408,0.10656505067531492,0.7549836200864527,1.0181510625505588
-0.3,1.03857682433293,2.0,-0.532479558010642,0.10257614382474177,0.7637573675403186,1.0177449991286707
-0.3,1.03857682433293,2.0500000000000003,-0.5425392266813827,0.09862404121847179,0.7721810469426338,1.0173466448024275
-0.3,1.03857682433293,2.1,-0.5522058498958169,0.09471642914701411,0.7802684631062399,1.0169559947232651
-0.3,1.03857682433293,2.15,-0.5614842222544002,0.09086007134256971,0.7880330052871657,1.0165730331933096
-0.3,1.03857682433293,2.2,-0.5703797716095503,0.08706088253918433,0.7954876419589572,1.0161977342811166
-0.3,1.03857682433293,2.25,-0.578898477681724,0.08332399748751307,0.8026449183271996,1.0158300624405578
-0.3,1.03857682433293,2.3000000000000003,-0.587046797363785,0.07965383560372924,0.80951695622871,1.0154699731285244
-0.3,1.03857682433293,2.35,-0.5948315962780552,0.07605416143626298,0.8161154560943905,1.0151174134176142
-0.3,1.03857682433293,2.4000000000000004,-0.6022600861707595,0.07252814113640337,0.8224517006864963,1.014772322600422
-0.3,1.03857682433293,2.45,-0.6093397677499554,0.06907839511957863,0.8285365603503689,1.0144346327824845
-0.3,1.03857682433293,2.5,-0.6160783785945626,0.06570704710351292,0.8343804995475701,1.0141042694613653
-0.3,1.03857682433293,2.5500000000000003,-0.6224838457830516,0.06241576970766729,0.8399935844619991,1.0137811520897164
-0.3,1.03857682433293,2.6,-0.6285642429102997,0.05920582679555535,0.8453854914931276,1.0134651946205369
-0.3,1.03857682433293,2.6500000000000004,-0.6343277511798335,0.056078112737845555,0.8505655164710698,1.0131563060331752
-0.3,1.03857682433293,2.7,-0.6397826242761472,0.05303318876977422,0.8555425844469391,1.0128543908389158
-0.3,1.03857682433293,2.75,-0.6449371567381557,0.050071316611406624,0.8603252599289851,1.0125593495652665
-0.3,1.03857682433293,2.8000000000000003,-0.6497996555703214,0.04719248951383957,0.8649217574504703,1.0122710792183323
-0.3,1.03857682433293,2.85,-0.6543784148427784,0.044396460888619094,0.8693399523692033,1.0119894737228565
-0.3,1.03857682433293,2.9000000000000004,-0.6586816930460868,0.041682770671561425,0.8735873918113171,1.011714424339727
-0.3,1.03857682433293,2.95,-0.6627176929801682,0.03905076956589031,0.8776713056832453,1.0114458200609233
-0.3,1.03857682433293,3.0,-0.6664945439706276,0.03649964130320822,0.8815986176860925,1.0111835479820261
-0.3,1.03857682433293,3.0500000000000003,-0.6700202862189725,0.03402842305437708,0.8853759562758061,1.0109274936525459
-0.3,1.03857682433293,3.1,-0.6733028571062593,0.031636024115937855,0.8890096655207695,1.0106775414044604
-0.3,1.03857682433293,3.1500000000000004,-0.6763500792822505,0.029321242991305504,0.8925058158158031,1.0104335746594126
-0.3,1.03857682433293,3.2,-0.6791696503842599,0.027082782979672322,0.8958702144181032,1.010195476215149
-0.3,1.03857682433293,3.25,-0.6817691342413628,0.02491926637936705,0.8991084157764841,1.0099631285118027
-0.3,1.03857682433293,3.3000000000000003,-0.6841559534305222,0.02282924740639077,0.9022257316304485,1.009736413878716
-0.3,1.03857682433293,3.35,-0.6863373830613506,0.020811223922988474,0.9052272408601753,1.009515214762506
-0.3,1.03857682433293,3.4000000000000004,-0.6883205456757474,0.018863648065450028,0.9081177990725413,1.0092994139371447
-0.3,1.03857682433293,3.45,-0.6901124071574184,0.016984935854872877,0.9109020479118216,1.009088894696811
-0.3,1.03857682433293,3.5,-0.6917197735544576,0.015173475869368791,0.9135844240868164,1.0088835410323156
-0.3,1.03857682433293,3.5500000000000003,-0.693149288725669,0.013427637051174324,0.9161691681088401,1.008683237791887
-0.3,1.03857682433293,3.6,-0.6944074327282662,0.011745775717322625,0.9186603327373534,1.0084878708271245
-0.3,1.03857682433293,3.6500000000000004,-0.6955005208710077,0.010126241837962744,0.9210617911320439,1.0082973271248896
-0.3,1.03857682433293,3.7,-0.6964347033628132,0.008567384642068436,0.923377244711895,1.0081114949259402
-0.3,1.03857682433293,3.75,-0.6972159654924369,0.007067557606156183,0.9256102307232703,1.0079302638310528
-0.3,1.03857682433293,3.8000000000000003,-0.697850128279978,0.005625122877736736,0.9277641295202986,1.0077535248953944
-0.3,1.03857682433293,3.85,-0.6983428495458349,0.0042384551815408174,0.9298421715619014,1.0075811707118658
-0.3,1.03857682433293,3.9000000000000004,-0.698699625347268,0.002905945253090447,0.9318474441306847,1.0074130954841225
-0.3,1.03857682433293,3.95,-0.6989257917369617,0.0016260028409225066,0.9337828977796395,1.0072491950899614
-0.3,1.03857682433293,4.0,-0.699026526801985,0.00039705931570182667,0.9356513525131914,1.0070893671357155
-0.3,1.03857682433293,4.05,-0.6990068529452412,-0.0007824300784145494,0.9374555037095744,1.0069335110023032
-0.3,1.03857682433293,4.1000000000000005,-0.6988716393749927,-0.001913984297496769,0.9391979277919006,1.0067815278835173
-0.3,1.03857682433293,4.15,-0.6986256047712481,-0.002999094866500319,0.940881087655528,1.006633320817139
-0.3,1.03857682433293,4.2,-0.6982733201008121,-0.004039224515073138,0.9425073378595303,1.006488794709424
-0.3,1.03857682433293,4.25,-0.6978192115555305,-0.005035806054918036,0.9440789295901791,1.006347856353472
-0.3,1.03857682433293,4.3,-0.697267563590822,-0.0059902414751641505,0.9455980154044045,1.0062104144419741
-0.3,1.03857682433293,4.3500000000000005,-0.6966225220438979,-0.00690390123410594,0.9470666537611969,1.0060763795748158
-0.3,1.03857682433293,4.4,-0.6958880973132012,-0.007778123727439057,0.948486813348879,1.0059456642619495
-0.3,1.03857682433293,4.45,-0.6950681675825241,-0.008614214914767323,0.9498603772160863,1.0058181829219792
-0.3,1.03857682433293,4.5,-0.6941664820750251,-0.009413448087680307,0.9511891467141876,1.005693851876821
-0.3,1.03857682433293,4.55,-0.6931866643239513,-0.01017706376411516,0.9524748452587403,1.0055725893428193
-0.3,1.03857682433293,4.6000000000000005,-0.6921322154483261,-0.010906269695025759,0.9537191219174147,1.0054543154186526
-0.3,1.03857682433293,4.65,-0.6910065174231573,-0.011602240970592068,0.9549235548316404,1.0053389520703557
-0.3,1.03857682433293,4.7,-0.6898128363349187,-0.012266120214323117,0.9560896544790501,1.0052264231137487
-0.3,1.03857682433293,4.75,-0.6885543256141151,-0.012899017854438262,0.9572188667835757,1.005116654194554
-0.3,1.03857682433293,4.800000000000001,-0.6872340292377359,-0.01350201246286643,0.9583125760798662,1.0050095727664603
-0.3,1.03857682433293,4.8500000000000005,-0.6858548848952732,-0.014076151153079574,0.9593721079384564,1.004905108067375
-0.3,1.03857682433293,4.9,-0.6844197271127903,-0.014622450028786819,0.9603987318579221,1.0048031910940853
-0.3,1.03857682433293,4.95,-0.682931290330267,-0.015141894676259158,0.961393663830024,1.004703754575533
-0.3,1.03857682433293,5.0,-0.6813922119281149,-0.01563544069373901,0.9623580687836194,1.0046067329448984
-0.3,1.03857682433293,5.050000000000001,-0.6798050351993646,-0.016104014252017455,0.9632930629129158,1.0045120623106667
-0.3,1.03857682433293,5.1000000000000005,-0.6781722122645932,-0.01654851268083838,0.9641997158954149,1.0044196804268355
-0.3,1.03857682433293,5.15,-0.6764961069271621,-0.016969805076318092,0.9650790530046736,1.0043295266624181
-0.3,1.03857682433293,5.2,-0.6747789974668065,-0.017368732925053008,0.9659320571228297,1.0042415419703774
-0.3,1.03857682433293,5.25,-0.6730230793700263,-0.01774611074103173,0.9667596706575827,1.0041556688561109
-0.3,1.03857682433293,5.300000000000001,-0.6712304679961295,-0.018102726711873653,0.9675627973681833,1.0040718513456088
-0.3,1.03857682433293,5.3500000000000005,-0.6694032011781061,-0.01843934335128664,0.968342304104733,1.003990034953386
-0.3,1.03857682433293,5.4,-0.6675432417578215,-0.018756698154974907,0.9690990224649384,1.003910166650279
-0.3,1.03857682433293,5.45,-0.6656524800553119,-0.01905550425753674,0.9698337503722769,1.0038321948312032
-0.3,1.03857682433293,5.5,-0.6637327362721852,-0.01933645108817311,0.9705472535793408,1.0037560692829361
-0.3,1.03857682433293,5.550000000000001,-0.6617857628293716,-0.01960020502328396,0.9712402670999724,1.0036817411520127
-0.3,1.03857682433293,5.6000000000000005,-0.6598132466396354,-0.019847410034262155,0.9719134965736134,1.0036091629127792
-0.3,1.03857682433293,5.65,-0.6578168113154499,-0.020078688329006073,0.9725676195651655,1.003538288335675
-0.3,1.03857682433293,5.7,-0.6557980193129583,-0.020294640985863983,0.9732032868034753,1.0034690724557884
-0.3,1.03857682433293,5.75,-0.6537583740128818,-0.020495848578897122,0.9738211233614265,1.0034014715417316
-0.3,1.03857682433293,5.800000000000001,-0.6516993217393267,-0.02068287179350565,0.9744217297804723,1.0033354430648753
-0.3,1.03857682433293,5.8500000000000005,-0.6496222537175427,-0.020856252031604038,0.9750056831423193,1.003270945668976
-0.3,1.03857682433293,5.9,-0.6475285079717393,-0.021016512005660775,0.9755735380903272,1.0032079391402349
-0.3,1.03857682433293,5.95,-0.6454193711641457,-0.021164156321032454,0.9761258278030728,1.0031463843778006
-0.3,1.03857682433293,6.0,-0.6432960803765184,-0.02129967204612768,0.9766630649224144,1.003086243364755
-0.3,1.03857682433293,6.050000000000001,-0.6411598248353694,-0.021423529270027736,0.9771857424382684,1.0030274791395908
-0.3,1.03857682433293,6.1000000000000005,-0.6390117475821818,-0.021536181647276734,0.9776943345322072,1.0029700557682004
-0.3,1.03857682433293,6.15,-0.636852947089922,-0.021638066929627414,0.9781892973818841,1.0029139383163883
-0.3,1.03857682433293,6.2,-0.6346844788271595,-0.021729607484596472,0.9786710699281947,1.0028590928229275
-0.3,1.03857682433293,6.25,-0.6325073567711099,-0.02181121080074235,0.9791400746069818,1.00280548627315
-0.3,1.03857682433293,6.300000000000001,-0.6303225548709291,-0.02188326997963164,0.979596718047012,1.0027530865730958
-0.3,1.03857682433293,6.3500000000000005,-0.6281310084625666,-0.02194616421450673,0.9800413917358621,1.0027018625242163
-0.3,1.03857682433293,6.4,-0.6259336156365004,-0.022000259255708633,0.9804744726552657,1.0026517837986333
-0.3,1.03857682433293,6.45,-0.6237312385596488,-0.022045907862945278,0.9808963238874149,1.0026028209149649
-0.3,1.03857682433293,6.5,-0.6215247047527531,-0.022083450244526976,0.981307295193602,1.002554945214699
-0.3,1.03857682433293,6.550000000000001,-0.6193148083245121,-0.022113214483718648,0.9817077235665577,1.002508128839137
-0.3,1.03857682433293,6.6000000000000005,-0.6171023111637234,-0.022135516952381827,0.9820979337577452,1.002462344706884
-0.3,1.03857682433293,6.65,-0.6148879440906839,-0.02215066271210024,0.9824782387808133,1.0024175664918902
-0.3,1.03857682433293,6.7,-0.6126724079690721,-0.022158945903000028,0.9828489403923711,1.0023737686020446
-0.3,1.03857682433293,6.75,-0.6104563747795188,-0.022160650120490285,0.9832103295511527,1.0023309261583024
-0.3,1.03857682433293,6.800000000000001,-0.6082404886560547,-0.022156048780161877,0.9835626868566253,1.002289014974349
-0.3,1.03857682433293,6.8500000000000005,-0.6060253668865979,-0.02214540547109259,0.983906282968014,1.0022480115367915
-0.3,1.03857682433293,6.9,-0.6038116008786195,-0.022128974297814217,0.9842413790046788,1.0022078929858675
-0.3,1.03857682433293,6.95,-0.6015997570911106,-0.022107000211204014,0.9845682269287388,1.0021686370966705
-0.3,1.03857682433293,7.0,-0.5993903779339422,-0.022079719328567168,0.9848870699107799,1.0021302222608695
-0.3,1.03857682433293,7.050000000000001,-0.5971839826356852,-0.02204735924318007,0.9851981426794495,1.002092627468933
-0.3,1.03857682433293,7.1000000000000005,-0.5949810680809363,-0.022010139323566456,0.9855016718557075,1.0020558322928288
-0.3,1.03857682433293,7.15,-0.5927821096181679,-0.02196827100277902,0.9857978762724485,1.0020198168692054
-0.3,1.03857682433293,7.2,-0.5905875618390937,-0.021921958057959098,0.9860869672801854,1.0019845618830376
-0.3,1.03857682433293,7.25,-0.5883978593305147,-0.02187139688044573,0.9863691490394623,1.0019500485517272
-0.3,1.03857682433293,7.300000000000001,-0.5862134173995853,-0.021816776736704006,0.9866446188005926,1.001916258609654
-0.3,1.03857682433293,7.3500000000000005,-0.5840346327734144,-0.021758280020339818,0.9869135671713427,1.0018831742931578
-0.3,1.03857682433293,7.4,-0.5818618842738837,-0.021696082495465008,0.9871761783731042,1.0018507783259551
-0.3,1.03857682433293,7.45,-0.5796955334685459,-0.021630353531673797,0.9874326304860934,1.001819053904965
-0.3,1.03857682433293,7.5,-0.5775359252984343,-0.021561256330886815,0.9876830956840934,1.001787984686547
-0.3,1.03857682433293,7.550000000000001,-0.5753833886835917,-0.021488948146315138,0.9879277404592108,1.0017575547731332
-0.3,1.03857682433293,7.6000000000000005,-0.5732382371071018,-0.02141358049379201,0.9881667258371198,1.001727748700254
-0.3,1.03857682433293,7.65,-0.5711007691783742,-0.0213352993557146,0.9884002075832219,1.001698551423929
-0.3,1.03857682433293,7.7,-0.5689712691764217,-0.021254245377833773,0.9886283364001333,1.0016699483084386
-0.3,1.03857682433293,7.75,-0.5668500075738282,-0.02117055405912369,0.9888512581169131,1.0016419251144515
-0.3,1.03857682433293,7.800000000000001,-0.5647372415420973,-0.021084355934958485,0.989069113870392,1.001614467987491
-0.3,1.03857682433293,7.8500000000000005,-0.5626332154390349,-0.020995776753816964,0.9892820402789609,1.0015875634467561
-0.3,1.03857682433293,7.9,-0.5605381612788096,-0.020904937647731336,0.9894901696091777,1.001561198374263
-0.3,1.03857682433293,7.95,-0.5584522991852958,-0.020811955296689878,0.9896936299354904,1.0015353600043106
-0.3,1.03857682433293,8.0,-0.5563758378293037,-0.020716942087198157,0.9898925452934098,1.0015100359132618
-0.3,1.03857682433293,8.05,-0.5543089748502589,-0.02062000626519744,0.9900870358264072,1.0014852140096249
-0.3,1.03857682433293,8.1,-0.5522518972628908,-0.020521252083533725,0.9902772179268341,1.0014608825244318
-0.3,1.03857682433293,8.15,-0.5502047818494569,-0.020420779944164753,0.990463204371112,1.0014370300019049
-0.3,1.03857682433293,8.200000000000001,-0.5481677955380223,-0.020318686535287414,0.9906451044494644,1.001413645290405
-0.3,1.03857682433293,8.25,-0.546141095767286,-0.02021506496356183,0.9908230240904159,1.0013907175336398
-0.3,1.03857682433293,8.3,-0.5441248308384348,-0.020110004881603742,0.9909970659803052,1.0013682361621523
-0.3,1.03857682433293,8.35,-0.5421191402544846,-0.020003592610910864,0.9911673296780185,1.0013461908850487
-0.3,1.03857682433293,8.4,-0.5401241550475557,-0.019895911260384015,0.9913339117251556,1.0013245716819863
-0.3,1.03857682433293,8.450000000000001,-0.5381399980945116,-0.019787040840598912,0.9914969057518404,1.0013033687953958
-0.3,1.03857682433293,8.5,-0.5361667844213722,-0.019677058373978693,0.9916564025783349,1.001282572722941
-0.3,1.03857682433293,8.55,-0.53420462149691,-0.019566038001013603,0.9918124903126823,1.0012621742101993
-0.3,1.03857682433293,8.6,-0.5322536095158003,-0.019454051082668053,0.9919652544445051,1.001242164243574
-0.3,1.03857682433293,8.65,-0.5303138416717174,-0.0193411662991119,0.9921147779351617,1.001222534043407
-0.3,1.03857682433293,8.700000000000001,-0.5283854044207151,-0.01922744974490716,0.9922611413043898,1.001203275057306
-0.3,1.03857682433293,8.75,-0.5264683777352571,-0.019112965020777875,0.9924044227136074,1.0011843789536745
-0.3,1.03857682433293,8.8,-0.5245628353492158,-0.018997773322085403,0.9925446980459964,1.0011658376154287
-0.3,1.03857682433293,8.85,-0.522668844994175,-0.018881933524128588,0.992682040983521,1.0011476431339117
-0.3,1.03857682433293,8.9,-0.5207864686273406,-0.018765502264382797,0.9928165230809997,1.0011297878029861
-0.3,1.03857682433293,8.950000000000001,-0.5189157626513605,-0.018648534021788756,0.9929482138373579,1.0011122641133066
-0.3,1.03857682433293,9.0,-0.517056778126348,-0.018531081193197945,0.993077180764182,1.001095064746762
-0.3,1.03857682433293,9.05,-0.5152095609743819,-0.018413194167077422,0.9932034894516861,1.0010781825710877
-0.3,1.03857682433293,9.1,-0.5133741521767603,-0.018294921394573737,0.993327203632199,1.0010616106346386
-0.3,1.03857682433293,9.15,-0.5115505879642617,-0.01817630945803144,0.9934483852412722,1.0010453421613168
-0.3,1.03857682433293,9.200000000000001,-0.5097389000006685,-0.01805740313705913,0.9935670944765161,1.0010293705456565
-0.3,1.03857682433293,9.25,-0.5079391155597949,-0.017938245472231745,0.993683389854244,1.0010136893480501
-0.3,1.03857682433293,9.3,-0.5061512576962498,-0.01781887782651537,0.9937973282640289,1.0009982922901235
-0.3,1.03857682433293,9.35,-0.5043753454101619,-0.017699339944497385,0.9939089650212474,1.0009831732502419
-0.3,1.03857682433293,9.4,-0.5026113938060838,-0.017579670009501676,0.9940183539176973,1.0009683262591604
-0.3,1.03857682433293,9.450000000000001,-0.5008594142462836,-0.01745990469866632,0.9941255472703698,1.000953745495795
-0.3,1.03857682433293,9.5,-0.49911941449862485,-0.01734007923605746,0.9942305959684449,1.0009394252831239
-0.3,1.03857682433293,9.55,-0.49739139887923095,-0.017220227443891283,0.9943335495185837,1.0009253600842116
-0.3,1.03857682433293,9.600000000000001,-0.49567536839011644,-0.017100381791932847,0.9944344560885927,1.0009115444983485
-0.3,1.03857682433293,9.65,-0.49397132085197487,-0.016980573445138213,0.9945333625495165,1.0008979732573113
-0.3,1.03857682433293,9.700000000000001,-0.4922792510322798,-0.01686083230960371,0.9946303145162226,1.0008846412217214
-0.3,1.03857682433293,9.75,-0.49059915076888966,-0.01674118707688438,0.9947253563865446,1.00087154337753
-0.3,1.03857682433293,9.8,-0.488931009089292,-0.016621665266740283,0.9948185313790339,1.0008586748325912
-0.3,1.03857682433293,9.850000000000001,-0.48727481232566283,-0.01650229326836867,0.9949098815693802,1.000846030813343
-0.3,1.03857682433293,9.9,-0.4856305442258776,-0.016383096380176404,0.9949994479255515,1.0008336066615855
-0.3,1.03857682433293,9.950000000000001,-0.483998186060624,-0.01626409884814613,0.995087270341695,1.0008213978313576
-0.3,1.03857682433293,10.0,-0.4823777167267493,-0.01614532390284713,0.9951733876708668,1.000809399885897
-0.3,1.03857682433293,10.05,-0.480769112846983,-0.01602679379514008,0.9952578377566171,1.000797608494698
-0.3,1.03857682433293,10.100000000000001,-0.47917234886615656,-0.015908529830623273,0.9953406574634837,1.0007860194306522
-0.3,1.03857682433293,10.15,-0.4775873971440446,-0.015790552402865615,0.9954218827064336,1.000774628567271
-0.3,1.03857682433293,10.200000000000001,-0.47601422804495114,-0.015672881025470767,0.9955015484792982,1.000763431875993
-0.3,1.03857682433293,10.25,-0.4744528100241495,-0.015555534363014576,0.9955796888822328,1.0007524254235696
-0.3,1.03857682433293,10.3,-0.47290310971128974,-0.01543853026089643,0.9956563371482408,1.0007416053695215
-0.3,1.03857682433293,10.350000000000001,-0.4713650919908787,-0.015321885774144188,0.9957315256688041,1.0007309679636767
-0.3,1.03857682433293,10.4,-0.469838720079935,-0.015205617195210068,0.9958052860186424,1.0007205095437746
-0.3,1.03857682433293,10.450000000000001,-0.4683239556029182,-0.015089740080794216,0.9958776489796438,1.0007102265331422
-0.3,1.03857682433293,10.5,-0.46682075866402534,-0.01497426927773088,0.9959486445639899,1.0007001154384356
-0.3,1.03857682433293,10.55,-0.46532908791694905,-0.014859218947971068,0.9960183020365176,1.0006901728474504
-0.3,1.03857682433293,10.600000000000001,-0.463848900632183,-0.01474460259269402,0.9960866499363292,1.000680395426988
-0.3,1.03857682433293,10.65,-0.46238015276195965,-0.014630433075579034,0.9961537160976931,1.000670779920792
-0.3,1.03857682433293,10.700000000000001,-0.46092279900290495,-0.014516722645267701,0.9962195276702566,1.000661323147536
-0.3,1.03857682433293,10.75,-0.45947679285648596,-0.014403482957045516,0.9962841111385917,1.0006520219988766
-0.3,1.03857682433293,10.8,-0.45804208668732793,-0.014290725093771056,0.9963474923411066,1.0006428734375552
-0.3,1.03857682433293,10.850000000000001,-0.45661863177947626,-0.014178459586079389,0.9964096964883379,1.0006338744955563
-0.3,1.03857682433293,10.9,-0.45520637839067235,-0.014066696431885954,0.996470748180654,1.0006250222723214
-0.3,1.03857682433293,10.950000000000001,-0.45380527580471053,-0.013955445115215579,0.9965306714253831,1.0006163139330093
-0.3,1.03857682433293,11.0,-0.4524152723819462,-0.013844714624381041,0.9965894896533949,1.0006077467068066
-0.3,1.03857682433293,11.05,-0.4510363156080137,-0.013734513469534033,0.9966472257351492,1.0005993178852897
-0.3,1.03857682433293,11.100000000000001,-0.44966835214081763,-0.013624849699611138,0.996703901996229,1.0005910248208265
-0.3,1.03857682433293,11.15,-0.4483113278558582,-0.013515730918696067,0.9967595402323898,1.0005828649250283
-0.3,1.03857682433293,11.200000000000001,-0.4469651878899446,-0.013407164301819118,0.996814161724124,1.0005748356672466
-0.3,1.03857682433293,11.25,-0.4456298766833538,-0.013299156610213594,0.9968677872507706,1.0005669345731036
-0.3,1.03857682433293,11.3,-0.44430533802048683,-0.013191714206048486,0.9969204371041813,1.0005591592230725
-0.3,1.03857682433293,11.350000000000001,-0.4429915150690745,-0.01308484306665607,0.99697213110196,1.0005515072510953
-0.3,1.03857682433293,11.4,-0.4416883504179829,-0.01297854879827203,0.9970228886002911,1.0005439763432362
-0.3,1.03857682433293,11.450000000000001,-0.44039578611366326,-0.012872836649305332,0.9970727285063653,1.0005365642363733
-0.3,1.03857682433293,11.5,-0.4391137636952976,-0.012767711523154653,0.9971216692904314,1.0005292687169325
-0.3,1.03857682433293,11.55,-0.43784222422867913,-0.01266317799058696,0.9971697289974651,1.0005220876196455
-0.3,1.03857682433293,11.600000000000001,-0.43658110833887676,-0.012559240301693872,0.9972169252584919,1.0005150188263519
-0.3,1.03857682433293,11.65,-0.43533035624171795,-0.012455902397440495,0.9972632753015573,1.000508060264829
-0.3,1.03857682433293,11.700000000000001,-0.43408990777413725,-0.012353167920821018,0.9973087959623644,1.0005012099076585
-0.3,1.03857682433293,11.75,-0.43285970242342375,-0.012251040227634843,0.9973535036945934,1.0004944657711152
-0.3,1.03857682433293,11.8,-0.4316396793554096,-0.012149522396896512,0.9973974145799075,1.0004878259140972
-0.3,1.03857682433293,11.850000000000001,-0.4304297774416315,-0.012048617240892123,0.9974405443376554,1.000481288437079
-0.3,1.03857682433293,11.9,-0.429229935285503,-0.011948327314894673,0.9974829083342892,1.0004748514810915
-0.3,1.03857682433293,11.950000000000001,-0.42804009124752973,-0.011848654926550026,0.9975245215924976,1.0004685132267366
-0.3,1.03857682433293,12.0,-0.4268601834696017,-0.011749602144945142,0.9975653988000699,1.0004622718932201
-0.3,1.03857682433293,12.05,-0.42569014989839266,-0.01165117080936937,0.9976055543184973,1.0004561257374194
-0.3,1.03857682433293,12.100000000000001,-0.42452992830789815,-0.011553362537779624,0.997645002191321,1.0004500730529686
-0.3,1.03857682433293,12.15,-0.42337945632113866,-0.011456178734979549,0.9976837561522346,1.0004441121693723
-0.3,1.03857682433293,12.200000000000001,-0.4222386714310618,-0.011359620600522575,0.9977218296329514,1.000438241451143
-0.3,1.03857682433293,12.25,-0.421107511020665,-0.011263689136348506,0.9977592357708427,1.0004324592969622
-0.3,1.03857682433293,12.3,-0.41998591238236754,-0.01116838515416255,0.9977959874163512,1.0004267641388591
-0.3,1.03857682433293,12.350000000000001,-0.41887381273665963,-0.011073709282565984,0.9978320971401947,1.000421154441419
-0.3,1.03857682433293,12.4,-0.41777114925004827,-0.010979661973946647,0.9978675772403609,1.000415628701007
-0.3,1.03857682433293,12.450000000000001,-0.41667785905232707,-0.010886243511137768,0.9979024397488996,1.0004101854450131
-0.3,1.03857682433293,12.5,-0.4155938792531936,-0.010793454013852866,0.9979366964385243,1.000404823231119
-0.3,1.03857682433293,12.55,-0.4145191469582334,-0.01070129344490445,0.9979703588290258,1.0003995406465822
-0.3,1.03857682433293,12.600000000000001,-0.4134535992842931,-0.010609761616213981,0.9980034381934983,1.0003943363075425
-0.3,1.03857682433293,12.65,-0.41239717337426585,-0.010518858194620017,0.9980359455643988,1.0003892088583437
-0.3,1.03857682433293,12.700000000000001,-0.41134980641130553,-0.010428582707491613,0.998067891739429,1.0003841569708698
-0.3,1.03857682433293,12.75,-0.4103114356324882,-0.010338934548153399,0.9980992872872558,1.0003791793439074
-0.3,1.03857682433293,12.8,-0.4092819983419467,-0.010249912981128935,0.9981301425530719,1.0003742747025186
-0.3,1.03857682433293,12.850000000000001,-0.4082614319234854,-0.01016151714720835,0.9981604676639978,1.0003694417974294
-0.3,1.03857682433293,12.9,-0.4072496738527017,-0.01007374606834625,0.9981902725343423,1.0003646794044372
-0.3,1.03857682433293,12.950000000000001,-0.4062466617086252,-0.00998659865239563,0.9982195668707099,1.0003599863238333
-0.3,1.03857682433293,13.0,-0.4052523331848934,-0.009900073697683351,0.9982483601769696,1.0003553613798366
-0.3,1.03857682433293,13.05,-0.4042666261004798,-0.00981416989743252,0.9982766617590938,1.00035080342005
-0.3,1.03857682433293,13.100000000000001,-0.4032894784099871,-0.00972888584403688,0.9983044807298547,1.0003463113149182
-0.3,1.03857682433293,13.15,-0.4023208282135211,-0.009644220033192168,0.9983318260134006,1.0003418839572136
-0.3,1.03857682433293,13.200000000000001,-0.4013606137661607,-0.009560170867889416,0.998358706349708,1.000337520261523
-0.3,1.03857682433293,13.25,-0.4004087734870365,-0.009476736662274523,0.9983851302989082,1.0003332191637566
-0.3,1.03857682433293,13.3,-0.399465245968029,-0.009393915645378871,0.9984111062455023,1.0003289796206625
-0.3,1.03857682433293,13.350000000000001,-0.3985299699821031,-0.009311705964725109,0.9984366424024627,1.0003248006093604
-0.3,1.03857682433293,13.4,-0.3976028844912881,-0.009230105689812312,0.9984617468152235,1.0003206811268792
-0.3,1.03857682433293,13.450000000000001,-0.39668392865431584,-0.009149112815484592,0.9984864273655645,1.0003166201897142
-0.3,1.03857682433293,13.5,-0.395773041833928,-0.009068725265186966,0.9985106917753961,1.0003126168333891
-0.3,1.03857682433293,13.55,-0.3948701636038647,-0.008988940894112276,0.9985345476104371,1.0003086701120325
-0.3,1.03857682433293,13.600000000000001,-0.3939752337555437,-0.008909757492242766,0.9985580022838046,1.0003047790979636
-0.3,1.03857682433293,13.65,-0.39308819230444186,-0.00883117278728981,0.9985810630595017,1.0003009428812915
-0.3,1.03857682433293,13.700000000000001,-0.39220897949618627,-0.008753184447535131,0.9986037370558193,1.0002971605695177
-0.3,1.03857682433293,13.75,-0.3913375358123677,-0.008675790084576866,0.9986260312486467,1.0002934312871543
-0.3,1.03857682433293,13.8,-0.39047380197608506,-0.008598987255983471,0.9986479524746988,1.0002897541753508
-0.3,1.03857682433293,13.850000000000001,-0.38961771895722624,-0.008522773467858647,0.9986695074346557,1.0002861283915299
-0.3,1.03857682433293,13.9,-0.38876922797749974,-0.008447146177320147,0.998690702696225,1.0002825531090274
-0.3,1.03857682433293,13.950000000000001,-0.38792827051522116,-0.008372102794895296,0.9987115446971266,1.0002790275167486
-0.3,1.03857682433293,14.0,-0.38709478830986505,-0.008297640686836005,0.9987320397479957,1.0002755508188321
-0.3,1.03857682433293,14.05,-0.386268723366387,-0.008223757177355856,0.9987521940352172,1.000272122234313
-0.3,1.03857682433293,14.100000000000001,-0.38545001795932865,-0.008150449550791892,0.9987720136236857,1.0002687409968065
-0.3,1.03857682433293,14.15,-0.3846386146367072,-0.008077715053693544,0.998791504459496,1.000265406354191
-0.3,1.03857682433293,14.200000000000001,-0.383834456223701,-0.008005550896840982,0.9988106723725647,1.0002621175683006
-0.3,1.03857682433293,14.25,-0.383037485826135,-0.007933954257195397,0.9988295230791878,1.0002588739146283
-0.3,1.03857682433293,14.3,-0.3822476468337756,-0.007862922279783314,0.9988480621845337,1.0002556746820332
-0.3,1.03857682433293,14.350000000000001,-0.3814648829234392,-0.007792452079516978,0.998866295185073,1.000252519172454
-0.3,1.03857682433293,14.4,-0.38068913806192045,-0.0077225407429531885,0.9988842274709478,1.0002494067006311
-0.3,1.03857682433293,14.450000000000001,-0.37992035650874834,-0.007653185329992277,0.9989018643282846,1.0002463365938383
-0.3,1.03857682433293,14.5,-0.37915848281877484,-0.0075843828755193755,0.9989192109414458,1.000243308191614
-0.3,1.03857682433293,14.55,-0.3784034618446003,-0.007516130390989745,0.9989362723952304,1.0002403208455044
-0.3,1.03857682433293,14.600000000000001,-0.3776552387388444,-0.007448424865960061,0.9989530536770189,1.000237373918811
-0.3,1.03857682433293,14.65,-0.3769137589562649,-0.007381263269567302,0.9989695596788625,1.0002344667863432
-0.3,1.03857682433293,14.700000000000001,-0.37617896825573016,-0.0073146425519570474,0.9989857951995259,1.000231598834179
-0.3,1.03857682433293,14.75,-0.37545081270205216,-0.007248559645662715,0.9990017649464802,1.00022876945943
-0.3,1.03857682433293,14.8,-0.3747292386676818,-0.007183011466937441,0.9990174735378433,1.00022597807001
-0.3,1.03857682433293,14.850000000000001,-0.3740141928342745,-0.007117994917040015,0.9990329255042777,1.0002232240844136
-0.3,1.03857682433293,14.9,-0.37330562219412755,-0.007053506883476408,0.9990481252908425,1.0002205069314953
-0.3,1.03857682433293,14.950000000000001,-0.3726034740514948,-0.0069895442411983585,0.9990630772587954,1.000217826050258
-0.3,1.03857682433293,15.0,-0.3719076960237853,-0.006926103853760299,0.9990777856873607,1.0002151808896427
-0.3,1.03857682433293,15.05,-0.37121823604264526,-0.006863182574436077,0.9990922547754469,1.0002125709083243
-0.3,1.03857682433293,15.100000000000001,-0.37053504235493084,-0.006800777247296677,0.9991064886433291,1.0002099955745158
-0.3,1.03857682433293,15.15,-0.3698580635235749,-0.006738884708250228,0.9991204913342877,1.0002074543657689
-0.3,1.03857682433293,15.200000000000001,-0.3691872484283517,-0.006677501786045526,0.9991342668162109,1.0002049467687886
-0.3,1.03857682433293,15.25,-0.36852254626654063,-0.006616625303240191,0.99914781898316,1.0002024722792446
-0.3,1.03857682433293,15.3,-0.3678639065534967,-0.006556252077134639,0.9991611516568921,1.0002000304015919
-0.3,1.03857682433293,15.350000000000001,-0.3672112791231279,-0.006496378920672959,0.9991742685883593,1.000197620648893
-0.3,1.03857682433293,15.4,-0.3665646141282849,-0.006437002643311692,0.9991871734591575,1.0001952425426432
-0.3,1.03857682433293,15.450000000000001,-0.36592386204106203,-0.006378120051857643,0.9991998698829551,1.0001928956126043
-0.3,1.03857682433293,15.5,-0.3652889736530212,-0.006319727951275605,0.9992123614068793,1.000190579396638
-0.3,1.03857682433293,15.55,-0.36465990007533133,-0.006261823145467066,0.9992246515128789,1.0001882934405433
-0.3,1.03857682433293,15.600000000000001,-0.36403659273883293,-0.006204402438020709,0.9992367436190455,1.0001860372978997
-0.3,1.03857682433293,15.65,-0.36341900339402977,-0.00614746263293571,0.9992486410809125,1.0001838105299137
-0.3,1.03857682433293,15.700000000000001,-0.36280708411100937,-0.00609100053531862,0.9992603471927219,1.0001816127052663
-0.3,1.03857682433293,15.75,-0.3622007872792924,-0.0060350129520547295,0.999271865188662,1.0001794433999667
-0.3,1.03857682433293,15.8,-0.3616000656076196,-0.005979496692454709,0.9992831982440766,1.0001773021972065
-0.3,1.03857682433293,15.850000000000001,-0.36100487212367394,-0.005924448568877278,0.9992943494766452,1.0001751886872212
-0.3,1.03857682433293,15.9,-0.36041516017374026,-0.005869865397328751,0.9993053219475441,1.0001731024671512
-0.3,1.03857682433293,15.950000000000001,-0.35983088342230896,-0.005815743998040065,0.9993161186625692,1.0001710431409054
-0.3,1.03857682433293,16.0,-0.35925199585161965,-0.005762081196022175,0.9993267425732445,1.000169010319033
-0.3,1.03857682433293,16.05,-0.35867845176115415,-0.005708873821600316,0.9993371965778991,1.0001670036185917
-0.3,1.03857682433293,16.1,-0.3581102057670748,-0.005656118710927975,0.9993474835227247,1.0001650226630237
-0.3,1.03857682433293,16.150000000000002,-0.357547212801612,-0.005603812706481111,0.9993576062028046,1.0001630670820307
-0.3,1.03857682433293,16.2,-0.3569894281124059,-0.00555195265753326,0.9993675673631258,1.0001611365114538
-0.3,1.03857682433293,16.25,-0.3564368072617996,-0.005500535420612196,0.9993773696995628,1.0001592305931584
-0.3,1.03857682433293,16.3,-0.355889306126088,-0.00544955785993866,0.9993870158598426,1.0001573489749134
-0.3,1.03857682433293,16.35,-0.35534688089472505,-0.005399016847847761,0.9993965084444906,1.0001554913102846
-0.3,1.03857682433293,16.400000000000002,-0.3548094880694884,-0.005348909265193628,0.9994058500077495,1.00015365725852
-0.3,1.03857682433293,16.45,-0.35427708446360573,-0.005299232001737772,0.9994150430584869,1.000151846484443
-0.3,1.03857682433293,16.5,-0.3537496272008422,-0.005249981956521692,0.999424090061074,1.0001500586583483
-0.3,1.03857682433293,16.55,-0.35322707371455236,-0.005201156038224351,0.9994329934362517,1.000148293455897
-0.3,1.03857682433293,16.6,-0.3527093817466976,-0.0051527511655048335,0.9994417555619737,1.000146550558015
-0.3,1.03857682433293,16.650000000000002,-0.3521965093468289,-0.005104764267330665,0.999450378774236,1.0001448296507958
-0.3,1.03857682433293,16.7,-0.35168841487103947,-0.005057192283292446,0.9994588653678823,1.000143130425404
-0.3,1.03857682433293,16.75,-0.3511850569808846,-0.0050100321639049775,0.9994672175973996,1.0001414525779768
-0.3,1.03857682433293,16.8,-0.3506863946422751,-0.004963280870895493,0.9994754376776884,1.000139795809537
-0.3,1.03857682433293,16.85,-0.3501923871243397,-0.004916935377479301,0.9994835277848249,1.000138159825896
-0.3,1.03857682433293,16.900000000000002,-0.34970299399826327,-0.00487099266862332,0.9994914900567987,1.0001365443375712
-0.3,1.03857682433293,16.95,-0.34921817513609826,-0.004825449741297815,0.9994993265942419,1.0001349490596942
-0.3,1.03857682433293,17.0,-0.3487378907095505,-0.004780303604716745,0.9995070394611381,1.0001333737119282
-0.3,1.03857682433293,17.05,-0.34826210118874606,-0.004735551280567145,0.9995146306855203,1.0001318180183845
-0.3,1.03857682433293,17.1,-0.3477907673409698,-0.0046911898032277535,0.9995221022601465,1.000130281707539
-0.3,1.03857682433293,17.150000000000002,-0.3473238502293879,-0.004647216219977352,0.9995294561431731,1.000128764512155
-0.3,1.03857682433293,17.2,-0.3468613112117473,-0.004603627591193114,0.9995366942588014,1.0001272661692036
-0.3,1.03857682433293,17.25,-0.3464031119390582,-0.004560420990539233,0.9995438184979217,1.0001257864197872
-0.3,1.03857682433293,17.3,-0.34594921435425535,-0.0045175935051462125,0.9995508307187352,1.0001243250090652
-0.3,1.03857682433293,17.35,-0.3454995806908447,-0.004475142235781067,0.999557732747367,1.0001228816861782
-0.3,1.03857682433293,17.400000000000002,-0.3450541734715327,-0.004433064297008743,0.9995645263784683,1.0001214562041805
-0.3,1.03857682433293,17.45,-0.34461295550683985,-0.004391356817345056,0.9995712133758015,1.0001200483199661
-0.3,1.03857682433293,17.5,-0.3441758898936989,-0.004350016939401357,0.9995777954728153,1.0001186577942
-0.3,1.03857682433293,17.55,-0.3437429400140407,-0.004309041820021311,0.9995842743732105,1.0001172843912518
-0.3,1.03857682433293,17.6,-0.34331406953336585,-0.004268428630409903,0.9995906517514901,1.0001159278791307
-0.3,1.03857682433293,17.650000000000002,-0.34288924239930313,-0.004228174556255015,0.9995969292534983,1.0001145880294173
-0.3,1.03857682433293,17.7,-0.3424684228401582,-0.004188276797841795,0.9996031084969538,1.0001132646172022
-0.3,1.03857682433293,17.75,-0.34205157536344927,-0.0041487325701600195,0.9996091910719649,1.0001119574210233
-0.3,1.03857682433293,17.8,-0.34163866475443405,-0.0041095391030047425,0.9996151785415399,1.000110666222807
-0.3,1.03857682433293,17.85,-0.34122965607462585,-0.004070693641070356,0.999621072442084,1.0001093908078043
-0.3,1.03857682433293,17.900000000000002,-0.3408245146603009,-0.004032193444038361,0.9996268742838857,1.0001081309645354
-0.3,1.03857682433293,17.95,-0.3404232061209979,-0.0039940357866590295,0.9996325855515984,1.0001068864847322
-0.3,1.03857682433293,18.0,-0.34002569633800933,-0.003956217958827092,0.9996382077047045,1.0001056571632803
-0.3,1.03857682433293,18.05,-0.3396319514628646,-0.0039187372656517856,0.9996437421779766,1.0001044427981651
-0.3,1.03857682433293,18.1,-0.33924193791580726,-0.003881591027521292,0.9996491903819256,1.0001032431904204
-0.3,1.03857682433293,18.150000000000002,-0.33885562238426753,-0.003844776580161862,0.9996545537032427,1.0001020581440687
-0.3,1.03857682433293,18.2,-0.3384729718213255,-0.0038082912746917443,0.9996598335052317,1.0001008874660768
-0.3,1.03857682433293,18.25,-0.3380939534441731,-0.0037721324776701084,0.9996650311282299,1.0000997309663002
-0.3,1.03857682433293,18.3,-0.3377185347325684,-0.0037362975711411383,0.9996701478900252,1.0000985884574372
-0.3,1.03857682433293,18.35,-0.33734668342728785,-0.003700783952673443,0.9996751850862604,1.000097459754974
-0.3,1.03857682433293,18.400000000000002,-0.33697836752857263,-0.0036655890353949182,0.9996801439908344,1.000096344677144
-0.3,1.03857682433293,18.45,-0.33661355529457415,-0.0036307102480232665,0.9996850258562918,1.0000952430448764
-0.3,1.03857682433293,18.5,-0.3362522152397946,-0.0035961450348922647,0.9996898319142048,1.0000941546817512
-0.3,1.03857682433293,18.55,-0.33589431613352594,-0.0035618908559739743,0.9996945633755501,1.0000930794139538
-0.3,1.03857682433293,18.6,-0.33553982699828666,-0.003527945186896983,0.9996992214310766,1.000092017070232
-0.3,1.03857682433293,18.650000000000002,-0.3351887171082571,-0.0034943055189608084,0.9997038072516661,1.000090967481852
-0.3,1.03857682433293,18.7,-0.3348409559877127,-0.0034609693591467,0.9997083219886875,1.0000899304825541
-0.3,1.03857682433293,18.75,-0.334496513409457,-0.0034279342301247783,0.9997127667743444,1.000088905908515
-0.3,1.03857682433293,18.8,-0.334155359393254,-0.0033951976702578115,0.9997171427220136,1.000087893598303
-0.3,1.03857682433293,18.85,-0.3338174642042591,-0.0033627572336016364,0.9997214509265796,1.000086893392839
-0.3,1.03857682433293,18.900000000000002,-0.33348279835145284,-0.0033306104899023963,0.9997256924647642,1.0000859051353597
-0.3,1.03857682433293,18.95,-0.33315133258607055,-0.00329875502459068,0.9997298683954435,1.000084928671375
-0.3,1.03857682433293,19.0,-0.3328230379000373,-0.0032671884387726227,0.9997339797599648,1.000083963848632
-0.3,1.03857682433293,19.05,-0.3324978855244011,-0.0032359083492182377,0.9997380275824558,1.0000830105170788
-0.3,1.03857682433293,19.1,-0.3321758469277676,-0.003204912388346864,0.9997420128701259,1.0000820685288279
-0.3,1.03857682433293,19.150000000000002,-0.33185689381473665,-0.003174198204209964,0.9997459366135636,1.0000811377381174
-0.3,1.03857682433293,19.200000000000003,-0.3315409981243414,-0.0031437634604713632,0.9997497997870283,1.0000802180012807
-0.3,1.03857682433293,19.25,-0.3312281320284878,-0.0031136058363849493,0.9997536033487368,1.0000793091767093
-0.3,1.03857682433293,19.3,-0.33091826793039725,-0.0030837230267699916,0.9997573482411414,1.0000784111248178
-0.3,1.03857682433293,19.35,-0.3306113784630523,-0.0030541127419841494,0.9997610353912071,1.0000775237080144
-0.3,1.03857682433293,19.400000000000002,-0.3303074364876437,-0.003024772707894221,0.9997646657106802,1.0000766467906657
-0.3,1.03857682433293,19.450000000000003,-0.3300064150920224,-0.0029957006658447626,0.9997682400963536,1.0000757802390663
-0.3,1.03857682433293,19.5,-0.3297082875891515,-0.0029668943726246138,0.9997717594303261,1.0000749239214062
-0.3,1.03857682433293,19.55,-0.3294130275155657,-0.002938351600431447,0.999775224580258,1.0000740777077397
-0.3,1.03857682433293,19.6,-0.32912060862983067,-0.002910070136834383,0.99977863639962,1.000073241469959
-0.3,1.03857682433293,19.650000000000002,-0.32883100491100864,-0.0028820477847347585,0.9997819957279396,1.0000724150817593
-0.3,1.03857682433293,19.700000000000003,-0.3285441905571269,-0.0028542823623251105,0.999785303391042,1.0000715984186135
-0.3,1.03857682433293,19.75,-0.3282601399836495,-0.00282677170304646,0.999788560201285,1.0000707913577431
-0.3,1.03857682433293,19.8,-0.3279788278219557,-0.0027995136555439303,0.9997917669577925,1.000069993778089
-0.3,1.03857682433293,19.85,-0.32770022891782047,-0.002772506083620807,0.999794924446681,1.0000692055602842
-0.3,1.03857682433293,19.900000000000002,-0.32742431832990115,-0.0027457468661910654,0.9997980334412842,1.0000684265866289
-0.3,1.03857682433293,19.950000000000003,-0.327151071328228,-0.002719233897230433,0.9998010947023704,1.0000676567410611
-0.3,1.03857682433293,20.0,-0.32688046339269994,-0.0026929650857260663,0.9998041089783598,1.000066895909134
-0.3,1.03857682433293,20.1,-0.3263470676800298,-0.0026411516457804816,0.9998099995082426,1.0000654008363192
-0.3,1.03857682433293,20.28615468146082,-0.32538132832712224,-0.0025472214774250224,0.9998204918184987,1.0000627095059222
-0.3,1.03857682433293,20.47403342090323,-0.32444149320890275,-0.0024556606550629103,0.9998304873200994,1.0000601096859605
-0.3,1.03857682433293,20.663652185564246,-0.3235272307896961,-0.002366446136149241,0.999840005076847,1.0000575989630582
-0.3,1.03857682433293,20.855027090560313,-0.3226382019053068,-0.0022795538708995644,0.999849063624965,1.000055174969734
-0.3,1.03857682433293,21.04817440025684,-0.3217740601219013,-0.002194958838865636,0.9998576809804117,1.0000528353836509
-0.3,1.03857682433293,21.243110529650455,-0.32093445210000504,-0.0021126350859505265,0.9998658746462497,1.0000505779268871
-0.3,1.03857682433293,21.439852045764102,-0.3201190179632281,-0.002032555761845836,0.9998736616200732,1.0000484003652321
-0.3,1.03857682433293,21.638415669054964,-0.31932739167130575,-0.001954693157871536,0.9998810584014952,1.0000463005075027
-0.3,1.03857682433293,21.83881827483555,-0.31855920139703575,-0.0018790187451959445,0.9998880809996974,1.0000442762048876
-0.3,1.03857682433293,22.04107689470784,-0.3178140699066668,-0.0018055032134112945,0.9998947449410417,1.0000423253503041
-0.3,1.03857682433293,22.245208718010712,-0.31709161494327986,-0.0017341165094374952,0.9999010652767466,1.0000404458777856
-0.3,1.03857682433293,22.4512310932809,-0.3163914496126872,-0.0016648278767242859,0.9999070565906262,1.0000386357618811
-0.3,1.03857682433293,22.659161529727328,-0.31571318277135413,-0.001597605894719715,0.9999127330068949,1.000036893017084
-0.3,1.03857682433293,22.86901769871915,-0.3150564194158341,-0.0015324185185702963,0.999918108198035,1.0000352156972714
-0.3,1.03857682433293,23.080817435287667,-0.31442076107319095,-0.0014692331190160075,0.9999231953927217,1.0000336018951652
-0.3,1.03857682433293,23.294578739641963,-0.3138058061918699,-0.0014080165224411667,0.9999280073838164,1.000032049741815
-0.3,1.03857682433293,23.510319778698783,-0.3132111505324597,-0.0013487350510399286,0.9999325565364088,1.0000305574060915
-0.3,1.03857682433293,23.72805888762644,-0.3126363875577841,-0.0012913545630533479,0.9999368547959203,1.0000291230942013
-0.3,1.03857682433293,23.947814571403043,-0.31208110882174755,-0.0012358404930329658,0.9999409136962562,1.000027745049212
-0.3,1.03857682433293,24.169605506389228,-0.31154490435635046,-0.0011821578920841915,0.999944744368007,1.0000264215506007
-0.3,1.03857682433293,24.39345054191539,-0.31102736305628853,-0.0011302714680410688,0.9999483575466934,1.000025150913807
-0.3,1.03857682433293,24.619368701883577,-0.31052807306054636,-0.0010801456255228113,0.9999517635810553,1.0000239314898016
-0.3,1.03857682433293,24.847379186384366,-0.31004662213039214,-0.0010317445058208718,0.9999549724413679,1.000022761664673
-0.3,1.03857682433293,25.077501373328523,-0.3095825980231878,-0.0009850320265645323,0.9999579937277948,1.0000216398592174
-0.3,1.03857682433293,25.30975482009396,-0.30913558886143144,-0.0009399719211119292,0.9999608366787646,1.000020564528545
-0.3,1.03857682433293,25.544159265187808,-0.3087051834964543,-0.0008965277776126823,0.9999635101793627,1.0000195341616884
-0.3,1.03857682433293,25.780734629923902,-0.3082909718662098,-0.0008546630776878997,0.999966022769741,1.0000185472812304
-0.3,1.03857682433293,26.019501020115914,-0.30789254534659827,-0.0008143412346728306,0.9999683826535306,1.0000176024429301
-0.3,1.03857682433293,26.260478727786037,-0.3075094970957927,-0.0007755256313674904,0.9999705977062557,1.0000166982353609
-0.3,1.03857682433293,26.503688232889502,-0.30714142239104,-0.0007381796572405791,0.9999726754837417,1.0000158332795517
-0.3,1.03857682433293,26.74915020505521,-0.3067879189574373,-0.0007022667450323254,0.9999746232305096,1.0000150062286368
-0.3,1.03857682433293,26.99688550534226,-0.3064485872881979,-0.0006677504067024797,0.999976447888149,1.000014215767505
-0.3,1.03857682433293,27.246915188012967,-0.3061230309559495,-0.0006345942686703403,0.9999781561036654,1.000013460612459
-0.3,1.03857682433293,27.499260502322162,-0.30581085691462234,-0.0006027621062947675,0.9999797542377916,1.000012739510871
-0.3,1.03857682433293,27.753942894323053,-0.3055116757915146,-0.0005722178775431918,0.9999812483732573,1.0000120512408441
-0.3,1.03857682433293,28.010984008689945,-0.30522510216915044,-0.0005429257558000832,0.9999826443230124,1.0000113946108735
-0.3,1.03857682433293,28.270405690557713,-0.30495075485655926,-0.00051485016176701,0.9999839476383895,1.0000107684595103
-0.3,1.03857682433293,28.532229987378305,-0.30468825714964926,-0.0004879557944080479,0.9999851636172061,1.000010171655021
-0.3,1.03857682433293,28.79647915079459,-0.3044372370803599,-0.0004622076608964491,0.9999862973117983,1.0000096030950516
-0.3,1.03857682433293,29.063175638531384,-0.3041973276543129,-0.0004375711055206085,0.9999873535369723,1.0000090617062847
-0.3,1.03857682433293,29.332342116304055,-0.30396816707671,-0.0004140118375097396,0.9999883368778747,1.000008546444099
-0.3,1.03857682433293,29.604001459744886,-0.30374939896624875,-0.00039149595774216276,0.9999892516977734,1.000008056292224
-0.3,1.03857682433293,29.8781767563471,-0.3035406725568624,-0.0003699899843019121,0.9999901021457361,1.0000075902623926
-0.3,1.03857682433293,30.154891307427096,-0.30334164288711196,-0.0003494608768520596,0.9999908921642129,1.0000071473939898
-0.3,1.03857682433293,30.43416863010471,-0.3031519709770924,-0.00032987605979627985,0.9999916254965,1.0000067267536976
-0.3,1.03857682433293,30.716032459301825,-0.30297132399274157,-0.0003112034442031631,0.9999923056940947,1.000006327435135
-0.3,1.03857682433293,31.00050674975963,-0.30279937539746904,-0.00029341144847102647,0.9999929361239274,1.0000059485584942
-0.3,1.03857682433293,31.287615678074335,-0.30263580509105376,-0.00027646901771429807,0.9999935199754646,1.0000055892701722
-0.3,1.03857682433293,31.577383644751972,-0.3024802995357832,-0.00026034564185583247,0.9999940602676858,1.0000052487423967
-0.3,1.03857682433293,31.869835276282085,-0.30233255186984326,-0.00024501137241303596,0.9999945598559179,1.0000049261728459
-0.3,1.03857682433293,32.16499542723059,-0.30219226200799126,-0.00023043683796908067,0.9999950214385342,1.0000046207842659
-0.3,1.03857682433293,32.462889182352235,-0.30205913672957657,-0.00021659325832399447,0.9999954475635059,1.0000043318240779
-0.3,1.03857682433293,32.763541858722334,-0.30193288975400123,-0.0002034524573239881,0.9999958406348068,1.0000040585639833
-0.3,1.03857682433293,33.06697900788844,-0.30181324180374336,-0.00019098687437068602,0.9999962029186672,1.0000038002995648
-0.3,1.03857682433293,33.373226418041924,-0.3016999206550924,-0.000179169574615709,0.9999965365496685,1.0000035563498748
-0.3,1.03857682433293,33.68231011620963,-0.3015926611767761,-0.0001679742578491316,0.9999968435366898,1.0000033260570274
-0.3,1.03857682433293,33.99425637046573,-0.3014912053566838,-0.00015737526609398893,0.9999971257686852,1.0000031087857777
-0.3,1.03857682433293,34.30909169216431,-0.30139530231692097,-0.00014734758992221596,0.999997385020306,1.0000029039231022
-0.3,1.03857682433293,34.62684283819243,-0.3013047083174529,-0.00013786687351051977,0.9999976229573598,1.000002710877767
-0.3,1.03857682433293,34.94753681324406,-0.30121918674862364,-0.0001289094184579763,0.9999978411421016,1.0000025290799006
-0.3,1.03857682433293,35.2712008721152,-0.3011385081128584,-0.00012045218639000199,0.9999980410383656,1.0000023579805513
-0.3,1.03857682433293,35.597862522020144,-0.3010624499958823,-0.00011247280037629148,0.9999982240165282,1.0000021970512518
-0.3,1.03857682433293,35.927549524929255,-0.3009907970278087,-0.00010494954519296746,0.9999983913583061,1.0000020457835694
-0.3,1.03857682433293,36.26028989992831,-0.3009233408344713,-9.786136646188771e-05,0.9999985442613919,1.000001903688663
-0.3,1.03857682433293,36.59611192559986,-0.3008598799793951,-9.118786870231808e-05,0.9999986838439233,1.0000017702968291
-0.3,1.03857682433293,36.93504414242648,-0.30080021989681216,-8.490931233254395e-05,0.9999988111487876,1.0000016451570477
-0.3,1.03857682433293,37.27711535521626,-0.3007441728161511,-7.900660966099128e-05,0.9999989271477667,1.0000015278365297
-0.3,1.03857682433293,37.62235463555102,-0.3006915576784366,-7.346131990834602e-05,0.9999990327455213,1.0000014179202572
-0.3,1.03857682433293,37.97079132425686,-0.30064220004504966,-6.825564330379451e-05,0.9999991287834122,1.0000013150105247
-0.3,1.03857682433293,38.32245503389777,-0.30059593199930723,-6.33724143000964e-05,0.9999992160431704,1.0000012187264822
-0.3,1.03857682433293,38.67737565129239,-0.3005525920413287,-5.879509395337949e-05,0.9999992952504071,1.000001128703674
-0.3,1.03857682433293,39.03558334005395,-0.3005120249766605,-5.450776151474568e-05,0.9999993670779763,1.0000010445935805
-0.3,1.03857682433293,39.3971085431537,-0.3004740817991329,-5.0495105281597625e-05,0.9999994321491841,1.000000966063159
-0.3,1.03857682433293,39.761981985508335,-0.3004386195684302,-4.67424127573081e-05,0.9999994910408548,1.0000008927943893
-0.3,1.03857682433293,40.1302346765911,-0.30040550128284377,-4.3235560168427704e-05,0.9999995442862539,1.0000008244838152
-0.3,1.03857682433293,40.50189791306716,-0.300374595747688,-3.9961001388725166e-05,0.9999995923778666,1.0000007608420958
-0.3,1.03857682433293,40.87700328145351,-0.3003457774398427,-3.6905756319713814e-05,0.9999996357700464,1.0000007015935537
-0.3,1.03857682433293,41.25558266080338,-0.30031892636889135,-3.405739877700601e-05,0.9999996748815274,1.0000006464757283
-0.3,1.03857682433293,41.63766822541544,-0.3002939279353053,-3.1404043931723005e-05,0.9999997100978066,1.0000005952389346
-0.3,1.03857682433293,42.02329244756837,-0.3002706727861254,-2.893433535565817e-05,0.9999997417734054,1.0000005476458258
-0.3,1.03857682433293,42.41248810028041,-0.300249056668574,-2.6637431718291063e-05,0.9999997702340057,1.0000005034709594
-0.3,1.03857682433293,42.80528826009479,-0.30022898028202316,-2.450299318301553e-05,0.999999795778469,1.0000004625003676
-0.3,1.03857682433293,43.20172630989064,-0.30021034912873207,-2.252116754895359e-05,0.9999998186807465,1.0000004245311391
-0.3,1.03857682433293,43.60183594172025,-0.300193073363749,-2.0682576183691785e-05,0.9999998391916746,1.0000003893710006
-0.3,1.03857682433293,44.00565115967241,-0.3001770676443627,-1.8978299791051142e-05,0.9999998575406709,1.0000003568379088
-0.3,1.03857682433293,44.413206282762204,-0.3001622509794698,-1.7399864056683178e-05,0.9999998739373224,1.0000003267596453
-0.3,1.03857682433293,44.824535947847835,-0.3001485465792098,-1.593922521281825e-05,0.9999998885728858,1.0000002989734271
-0.3,1.03857682433293,45.23967511257426,-0.300135881705202,-1.4588755561949057e-05,0.9999999016216862,1.0000002733255122
-0.3,1.03857682433293,45.65865905834403,-0.3001241875217019,-1.3341228997629923e-05,0.9999999132424341,1.0000002496708256
-0.3,1.03857682433293,46.081523393315884,-0.30011339894797673,-1.218980655874918e-05,0.9999999235794536,1.0000002278725855
-0.3,1.03857682433293,46.50830405543093,-0.3001034545121817,-1.1128022051973628e-05,0.9999999327638309,1.000000207801941
-0.3,1.03857682433293,46.93903731546684,-0.3000942962070023,-1.0149767775100357e-05,0.9999999409144871,1.0000001893376187
-0.3,1.03857682433293,47.37375978012049,-0.3000858693473073,-9.249280372227744e-06,0.9999999481391771,1.0000001723655765
-0.3,1.03857682433293,47.81250839511901,-0.3000781224300424,-8.421126849657871e-06,0.9999999545354212,1.0000001567786683
-0.3,1.03857682433293,48.25532044835962,-0.3000710069965734,-7.660190779569725e-06,0.9999999601913641,1.000000142476317
-0.3,1.03857682433293,48.70223357307873,-0.3000644774976737,-6.961658716414575e-06,0.9999999651865824,1.000000129364197
-0.3,1.03857682433293,49.15328575105025,-0.3000584911613289,-6.321006849118668e-06,0.9999999695928268,1.0000001173539264
-0.3,1.03857682433293,49.608515315813406,-0.30005300786351846,-5.733987910116462e-06,0.9999999734747086,1.0000001063627697
-0.3,1.03857682433293,50.067960955930815,-0.3000479900021163,-5.196618360303218e-06,0.9999999768903369,1.0000000963133473
-0.3,1.03857682433293,50.5316617182763,-0.30004340237403265,-4.705165867083121e-06,0.9999999798919076,1.0000000871333579
-0.3,1.03857682433293,50.99965701135351,-0.30003921205570766,-4.256137090712317e-06,0.9999999825262401,1.0000000787553087
-0.3,1.03857682433293,51.47198660864504,-0.30003538828704984,-3.846265792333659e-06,0.9999999848352831,1.0000000711162562
-0.3,1.03857682433293,51.9486906519927,-0.3000319023588953,-3.472501275226311e-06,0.9999999868565651,1.0000000641575546
-0.3,1.03857682433293,52.429809655009066,-0.3000287275040533,-3.1319971690305377e-06,0.9999999886236205,1.0000000578246184
-0.3,1.03857682433293,52.91538450652049,-0.3000258387919841,-2.8221005649970666e-06,0.9999999901663713,1.0000000520666876
-0.3,1.03857682433293,53.40545647404229,-0.3000232130271462,-2.5403415086416354e-06,0.9999999915114821,1.0000000468366075
-0.3,1.03857682433293,53.90006720728585,-0.30002082865103474,-2.284422854620957e-06,0.9999999926826825,1.0000000420906188
-0.3,1.03857682433293,54.39925874169825,-0.30001866564791957,-2.052210487088918e-06,0.9999999937010599,1.00000003778815
-0.3,1.03857682433293,54.90307350203484,-0.30001670545427955,-1.841723907392503e-06,0.9999999945853287,1.000000033891626
-0.3,1.03857682433293,55.41155430596479,-0.3000149308719249,-1.651127189614027e-06,0.9999999953520744,1.0000000303662808
-0.3,1.03857682433293,55.924744367709856,-0.3000133259847743,-1.478720303103415e-06,0.999999996015975,1.000000027179983
-0.3,1.03857682433293,56.442687301717264,-0.3000118760792598,-1.3229308000344217e-06,0.9999999965900024,1.0000000243030642
-0.3,1.03857682433293,56.96542712636624,-0.3000105675683123,-1.1823058648840758e-06,0.9999999970856027,1.0000000217081617
-0.3,1.03857682433293,57.493008267708944,-0.30000938791887616,-1.0555047216532892e-06,0.9999999975128636,1.0000000193700636
-0.3,1.03857682433293,58.02547556324627,-0.30000832558289064,-9.41291393719012e-07,0.999999997880662,1.0000000172655665
-0.3,1.03857682433293,58.562874265738245,-0.30000736993167326,-8.385278103966714e-07,0.9999999981967963,1.000000015373338
-0.3,1.03857682433293,59.10525004705015,-0.30000651119362814,-7.461672534234986e-07,0.9999999984681102,1.0000000136737863
-0.3,1.03857682433293,59.65264900203377,-0.30000574039519884,-6.632481359100931e-07,0.9999999987005987,1.0000000121489403
-0.3,1.03857682433293,60.2051176524451,-0.3000050493049814,-5.888881057006027e-07,0.9999999988995065,1.0000000107823295
-0.3,1.03857682433293,60.76270295089797,-0.3000044303809059,-5.222784644974311e-07,0.9999999990694144,1.0000000095588806
-0.3,1.03857682433293,61.325452284854336,-0.30000387672039086,-4.626788936681807e-07,0.9999999992143183,1.000000008464811
-0.3,1.03857682433293,61.89341348065174,-0.30000338201337556,-4.0941247722993466e-07,0.9999999993376971,1.0000000074875348
-0.3,1.03857682433293,62.466634807567864,-0.3000029404981247,-3.618610121876514e-07,0.9999999994425768,1.000000006615569
-0.3,1.03857682433293,63.0451649819227,-0.3000025469197089,-3.194605961367158e-07,0.9999999995315828,1.0000000058384533
-0.3,1.03857682433293,63.629053171218956,-0.30000219649104937,-2.816974818443192e-07,0.9999999996069933,1.0000000051466666
-0.3,1.03857682433293,64.21834899832058,-0.30000188485642654,-2.481041883715325e-07,0.999999999670777,1.0000000045315551
-0.3,1.03857682433293,64.81310254566993,-0.3000016080573454,-2.182558582187389e-07,0.9999999997246375,1.000000003985261
-0.3,1.03857682433293,65.4133643595444,-0.30000136250064785,-1.9176684995937332e-07,0.9999999997700417,1.000000003500659
-0.3,1.03857682433293,66.01918545435197,-0.3000011449287724,-1.6828755580931844e-07,0.9999999998082554,1.000000003071295
-0.3,1.03857682433293,66.63061731696679,-0.30000095239205204,-1.4750143365432694e-07,0.9999999998403646,1.000000002691331
-0.3,1.03857682433293,67.24771191110499,-0.30000078222294885,-1.29122243197154e-07,0.9999999998673026,1.000000002355491
-0.3,1.03857682433293,67.87052168174088,-0.30000063201212157,-1.1289147594695129e-07,0.9999999998898681,1.0000000020590156
-0.3,1.03857682433293,68.49909955956402,-0.30000049958623093,-9.857596901933882e-08,0.9999999999087444,1.000000001797615
-0.3,1.03857682433293,69.13349896547759,-0.30000038298737963,-8.596569287406244e-08,0.9999999999245139,1.0000000015674269
-0.3,1.03857682433293,69.77377381513884,-0.30000028045409693,-7.487170337189535e-08,0.9999999999376734,1.00000000136498
-0.3,1.03857682433293,70.41997852354069,-0.3000001904037732,-6.512424875397038e-08,0.9999999999486442,1.0000000011871575
-0.3,1.03857682433293,71.0721680096366,-0.3000001114164568,-5.6571022475945614e-08,0.9999999999577844,1.0000000010311643
-0.3,1.03857682433293,71.73039770100793,-0.3000000422199273,-4.9075553057809637e-08,0.9999999999653956,1.0000000008944985
-0.3,1.03857682433293,72.39472353857458,-0.2999999816759624,-4.251572241758924e-08,0.9999999999717337,1.0000000007749215
-0.3,1.03857682433293,73.06520198134909,-0.2999999287677199,-3.678240457411597e-08,0.999999999977013,1.0000000006704348
-0.3,1.03857682433293,73.74189001123509,-0.2999998825881592,-3.1778216755467234e-08,0.9999999999814131,1.0000000005792555
-0.3,1.03857682433293,74.42484513786997,-0.2999998423294306,-2.741637543339286e-08,0.9999999999850859,1.0000000004997962
-0.3,1.03857682433293,75.11412540351232,-0.2999998072731631,-2.361965006131061e-08,0.9999999999881565,1.000000000430644
-0.3,1.03857682433293,75.80978938797494,-0.29999977678158796,-2.0319407639690285e-08,0.9999999999907284,1.0000000003705447
-0.3,1.03857682433293,76.51189621360336,-0.29999975028943365,-1.745474158462203e-08,0.9999999999928892,1.0000000003183855
-0.3,1.03857682433293,77.22050555030022,-0.29999972729653757,-1.4971678686767326e-08,0.9999999999947091,1.0000000002731804
-0.3,1.03857682433293,77.93567762059672,-0.2999997073611177,-1.2822458299334895e-08,0.9999999999962476,1.0000000002340588
-0.3,1.03857682433293,78.65747320477065,-0.2999996900936542,-1.0964878199023677e-08,0.9999999999975516,1.000000000200249
-0.3,1.03857682433293,79.38595364601184,-0.29999967515133263,-9.361701893508504e-09,0.9999999999986604,1.000000000171073
-0.3,1.03857682433293,80.12118085563553,-0.2999996622330045,-7.980122465361945e-09,0.9999999999996052,1.000000000145932
-0.3,1.03857682433293,80.86321731834431,-0.29999965107462256,-6.7912783111282564e-09,1.0000000000004121,1.0000000001243006
-0.3,1.03857682433293,81.61212609753805,-0.29999964144511215,-5.769816492498498e-09,1.0000000000011005,1.0000000001057163
-0.3,1.03857682433293,82.36797084067375,-0.2999996331426428,-4.893499610027937e-09,1.0000000000016873,1.000000000089774
-0.3,1.03857682433293,83.13081578467474,-0.29999962599126656,-4.142852481103242e-09,1.0000000000021851,1.0000000000761196
-0.3,1.03857682433293,83.90072576138992,-0.2999996198378898,-3.500845065765888e-09,1.0000000000026046,1.0000000000644422
-0.3,1.03857682433293,84.67776620310352,-0.2999996145495539,-2.952608432189923e-09,1.0000000000029539,1.000000000054472
-0.3,1.03857682433293,85.46200314809617,-0.2999996100109928,-2.485180701588701e-09,1.0000000000032396,1.0000000000459732
-0.3,1.03857682433293,86.25350324625728,-0.2999996061224477,-2.087280212147538e-09,1.0000000000034674,1.0000000000387395
-0.3,1.03857682433293,87.05233376474918,-0.2999996027977128,-1.749103305567097e-09,1.0000000000036418,1.0000000000325937
-0.3,1.03857682433293,87.85856259372419,-0.29999959996239406,-1.4621443711346572e-09,1.0000000000037668,1.0000000000273803
-0.3,1.03857682433293,88.67225825209441,-0.29999959755235656,-1.2190359707976496e-09,1.0000000000038458,1.0000000000229656
-0.3,1.03857682433293,89.49348989335462,-0.29999959551235167,-1.0134070383639567e-09,1.0000000000038818,1.0000000000192335
-0.3,1.03857682433293,90.32232731145982,-0.29999959379479757,-8.397573198113311e-10,1.0000000000038782,1.0000000000160838
-0.3,1.03857682433293,91.15884094675663,-0.29999959235870605,-6.933463927068497e-10,1.000000000003838,1.0000000000134308
-0.3,1.03857682433293,92.0031018919696,-0.29999959116873703,-5.700957305882142e-10,1.0000000000037634,1.0000000000112002
-0.3,1.03857682433293,92.85518189824359,-0.2999995901943714,-4.665024284370258e-10,1.0000000000036589,1.0000000000093272
-0.3,1.03857682433293,93.71515338124135,-0.2999995894091885,-3.795633360317353e-10,1.0000000000035263,1.000000000007758
-0.3,1.03857682433293,94.58308942729796,-0.2999995887902381,-3.0670844601362487e-10,1.0000000000033693,1.0000000000064455
-0.3,1.03857682433293,95.45906379963219,-0.2999995883174989,-2.4574252195997936e-10,1.0000000000031921,1.00000000000535
-0.3,1.03857682433293,96.34315094461576,-0.29999958797341053,-1.947940251280763e-10,1.000000000002997,1.0000000000044365
-0.3,1.03857682433293,97.23542599809973,-0.2999995877424763,-1.522705084260019e-10,1.0000000000027875,1.0000000000036762
-0.3,1.03857682433293,98.13596479180039,-0.29999958761092477,-1.168197234847197e-10,1.0000000000025682,1.0000000000030451
-0.3,1.03857682433293,99.04484385974408,-0.2999995875664255,-8.729576966701252e-11,1.0000000000023423,1.0000000000025213
-0.3,1.03857682433293,99.96214044477135,-0.29999958759785156,-6.27296797398932e-11,1.0000000000021123,1.0000000000020872
-0.3,1.03857682433293,100.88793250510167,-0.2999995876950838,-4.230390359890415e-11,1.000000000001882,1.0000000000017282
-0.3,1.03857682433293,101.82229872095873,-0.2999995878488523,-2.5330224019238578e-11,1.000000000001656,1.0000000000014315
-0.3,1.03857682433293,102.76531850125772,-0.2999995880506081,-1.123065436037663e-11,1.000000000001436,1.0000000000011862
-0.3,1.03857682433293,103.71707199035326,-0.29999958829242285,4.790445023921328e-13,1.0000000000012257,1.0000000000009828
-0.3,1.03857682433293,104.67764007485148,-0.2999995885669112,1.0203543213873759e-11,1.0000000000010274,1.000000000000815
-0.3,1.03857682433293,105.64710439048359,-0.2999995888671736,1.8280162612455437e-11,1.0000000000008442,1.0000000000006761
-0.3,1.03857682433293,106.62554732904427,-0.299999589186754,2.4989338987707423e-11,1.0000000000006783,1.0000000000005609
-0.3,1.03857682433293,107.61305204539366,-0.2999995895196134,3.0563599006177894e-11,1.000000000000532,1.0000000000004652
-0.3,1.03857682433293,108.60970246452491,-0.29999958986011127,3.519524041297895e-11,1.0000000000004063,1.0000000000003848
-0.3,1.03857682433293,109.61558328869602,-0.299999590202998,3.904286524953745e-11,1.0000000000003029,1.0000000000003182
-0.3,1.03857682433293,110.63078000462876,-0.29999959054341196,4.223696478925745e-11,1.0000000000002232,1.0000000000002613
-0.3,1.03857682433293,111.65537889077429,-0.299999590876883,4.488465317773133e-11,1.0000000000001672,1.000000000000213
-0.3,1.03857682433293,112.68946702464496,-0.2999995911993366,4.707368658947283e-11,1.0000000000001361,1.0000000000001716
-0.3,1.03857682433293,113.73313229021528,-0.2999995915071021,4.8875859974283883e-11,1.00000000000013,1.000000000000137
-0.3,1.03857682433293,114.78646338539066,-0.29999959179691926,5.034986341297822e-11,1.0000000000001483,1.000000000000106
-0.3,1.03857682433293,115.84954982954602,-0.2999995920659455,5.1543695636686453e-11,1.0000000000001907,1.000000000000079
-0.3,1.03857682433293,116.92248197113297,-0.2999995923117615,5.2496680093126794e-11,1.0000000000002562,1.0000000000000555
-0.3,1.03857682433293,118.00535099535914,-0.29999959253237474,5.324114552030284e-11,1.000000000000344,1.0000000000000346
-0.3,1.03857682433293,119.09824893193696,-0.2999995927262201,5.380382828775227e-11,1.0000000000004525,1.000000000000016
-0.3,1.03857682433293,120.2012686629055,-0.29999959289215855,5.420702124060298e-11,1.0000000000005809,0.9999999999999998
-0.3,1.03857682433293,121.31450393052383,-0.2999995930294706,5.4469529546059035e-11,1.0000000000007263,0.9999999999999848
-0.3,1.03857682433293,122.43804934523853,-0.29999959313784935,5.460744135202465e-11,1.0000000000008873,0.9999999999999719
-0.3,1.03857682433293,123.5720003937234,-0.2999995932173877,5.463475447343892e-11,1.0000000000010623,0.9999999999999605
-0.3,1.03857682433293,124.7164534469956,-0.299999593268563,5.456387754795227e-11,1.0000000000012488,0.9999999999999505
-0.3,1.03857682433293,125.87150576860506,-0.299999593292219,5.440602525189695e-11,1.0000000000014442,0.9999999999999419
-0.3,1.03857682433293,127.03725552290106,-0.29999959328954373,5.417152327874421e-11,1.0000000000016467,0.9999999999999349
-0.3,1.03857682433293,128.21380178337475,-0.2999995932620459,5.387004804088513e-11,1.0000000000018532,0.9999999999999288
-0.3,1.03857682433293,129.40124454107954,-0.2999995932115273,5.3510789245382225e-11,1.0000000000020621,0.9999999999999242
-0.3,1.03857682433293,130.59968471312828,-0.29999959314005414,5.3102575068605826e-11,1.0000000000022706,0.9999999999999205
-0.3,1.03857682433293,131.8092241512703,-0.29999959304992563,5.2653954383104586e-11,1.0000000000024765,0.9999999999999184
-0.3,1.03857682433293,133.02996565054787,-0.2999995929436423,5.2173242393984e-11,1.000000000002678,0.9999999999999166
-0.3,1.03857682433293,134.26201295803162,-0.2999995928238713,5.1668533274950293e-11,1.0000000000028728,0.9999999999999166
-0.3,1.03857682433293,135.5054707816382,-0.29999959269341336,5.114771354897437e-11,1.000000000003058,0.9999999999999178
-0.3,1.03857682433293,136.76044479902887,-0.2999995925551672,5.0618425596180537e-11,1.000000000003233,0.9999999999999196
-0.3,1.03857682433293,138.02704166659132,-0.29999959241209545,5.008805629536851e-11,1.0000000000033953,0.9999999999999227
-0.3,1.03857682433293,139.30536902850287,-0.29999959226719014,4.956369482348817e-11,1.0000000000035432,0.9999999999999258
-0.3,1.03857682433293,140.5955355258802,-0.29999959212343985,4.905208217824976e-11,1.000000000003676,0.9999999999999308
-0.3,1.03857682433293,141.8976508060113,-0.29999959198379633,4.8559587442958493e-11,1.0000000000037925,0.9999999999999359
-0.3,1.03857682433293,143.21182553167466,-0.29999959185114466,4.809214103902923e-11,1.000000000003891,0.9999999999999416
-0.3,1.03857682433293,144.53817139054382,-0.29999959172827334,4.765520958867829e-11,1.0000000000039715,0.9999999999999479
-0.3,1.03857682433293,145.87680110468003,-0.2999995916178467,4.725375023657633e-11,1.0000000000040328,0.9999999999999545
-0.3,1.03857682433293,147.22782844011104,-0.2999995915223808,4.6892171301902446e-11,1.0000000000040747,0.9999999999999617
-0.3,1.03857682433293,148.59136821650102,-0.29999959144421884,4.6574316620716536e-11,1.0000000000040974,0.9999999999999691
-0.3,1.03857682433293,149.9675363169076,-0.2999995913855121,4.6303424662559505e-11,1.0000000000041003,0.9999999999999768
-0.3,1.03857682433293,151.35644969763095,-0.29999959134820137,4.6082123108841215e-11,1.0000000000040836,0.9999999999999846
-0.3,1.03857682433293,152.75822639815343,-0.2999995913340021,4.591241485194803e-11,1.0000000000040488,0.9999999999999923
-0.3,1.03857682433293,154.17298555117182,-0.299999591344392,4.579567129238856e-11,1.0000000000039952,0.9999999999999999
-0.3,1.03857682433293,155.60084739272125,-0.2999995913806009,4.573263895819885e-11,1.000000000003924,1.0000000000000075
-0.3,1.03857682433293,157.0419332723941,-0.2999995914436041,4.5723446813453354e-11,1.0000000000038358,1.0000000000000147
-0.3,1.03857682433293,158.4963656636536,-0.2999995915341191,4.576762070424377e-11,1.0000000000037326,1.000000000000022
-0.3,1.03857682433293,159.96426817424148,-0.29999959165260215,4.586410747561619e-11,1.0000000000036142,1.0000000000000282
-0.3,1.03857682433293,161.44576555668382,-0.2999995917992514,4.601130011665706e-11,1.0000000000034828,1.0000000000000346
-0.3,1.03857682433293,162.94098371889282,-0.299999591974009,4.620707016101905e-11,1.000000000003339,1.0000000000000404
-0.3,1.03857682433293,164.4500497348682,-0.2999995921765674,4.644880535122542e-11,1.000000000003185,1.0000000000000457
-0.3,1.03857682433293,165.97309185549548,-0.29999959240637775,4.6733449293557795e-11,1.000000000003022,1.0000000000000502
-0.3,1.03857682433293,167.5102395194472,-0.29999959266265996,4.7057545587403295e-11,1.0000000000028513,1.0000000000000544
-0.3,1.03857682433293,169.06162336418203,-0.2999995929444143,4.7417285623898986e-11,1.000000000002675,1.000000000000058
-0.3,1.03857682433293,170.6273752370482,-0.2999995932504355,4.780855641516541e-11,1.0000000000024947,1.0000000000000608
-0.3,1.03857682433293,172.20762820648835,-0.2999995935793278,4.822699095801667e-11,1.000000000002311,1.0000000000000628
-0.3,1.03857682433293,173.80251657334924,-0.29999959392952147,4.866802069128382e-11,1.0000000000021267,1.0000000000000646
-0.3,1.03857682433293,175.41217588229446,-0.2999995942992909,4.912692543072683e-11,1.000000000001943,1.0000000000000655
-0.3,1.03857682433293,177.0367429333253,-0.29999959468677206,4.959888768969885e-11,1.000000000001761,1.000000000000066
-0.3,1.03857682433293,178.67635579340572,-0.2999995950899823,5.007903849464893e-11,1.0000000000015827,1.0000000000000653
-0.3,1.03857682433293,180.33115380819694,-0.29999959550684036,5.056251281900155e-11,1.000000000001409,1.0000000000000644
-0.3,1.03857682433293,182.00127761389967,-0.2999995959351857,5.104449887471244e-11,1.0000000000012426,1.000000000000063
-0.3,1.03857682433293,183.68686914920713,-0.2999995963727992,5.1520269136097494e-11,1.000000000001083,1.0000000000000608
-0.3,1.03857682433293,185.38807166736675,-0.2999995968174224,5.198523864516587e-11,1.0000000000009324,1.0000000000000584
-0.3,1.03857682433293,187.10502974835543,-0.2999995972667781,5.243500414175733e-11,1.0000000000007916,1.0000000000000553
-0.3,1.03857682433293,188.83788931116757,-0.29999959771858925,5.2865372665964137e-11,1.0000000000006615,1.0000000000000517
-0.3,1.03857682433293,190.58679762621514,-0.2999995981705981,5.327240083686814e-11,1.0000000000005436,1.0000000000000477
-0.3,1.03857682433293,192.35190332784438,-0.29999959862058406,5.3652424371570036e-11,1.0000000000004379,1.0000000000000437
-0.3,1.03857682433293,194.13335642696757,-0.299999599066381,5.400208304332906e-11,1.0000000000003455,1.0000000000000389
-0.3,1.03857682433293,195.93130832381254,-0.2999995995058937,5.4318349505862636e-11,1.000000000000267,1.000000000000034
-0.3,1.03857682433293,197.74591182078862,-0.29999959993711334,5.459853672885362e-11,1.0000000000002025,1.0000000000000289
-0.3,1.03857682433293,199.5773211354742,-0.29999960035813134,5.484032729345166e-11,1.0000000000001525,1.0000000000000235
-0.3,1.03857682433293,201.42569191372198,-0.2999996007671526,5.5041767859510104e-11,1.000000000000117,1.0000000000000178
-0.3,1.03857682433293,203.29118124288746,-0.29999960116250707,5.520129220248339e-11,1.000000000000097,1.0000000000000124
-0.3,1.03857682433293,205.1739476651793,-0.2999996015426605,5.531771826700338e-11,1.0000000000000913,1.000000000000007
-0.3,1.03857682433293,207.07415119113296,-0.29999960190622277,5.5390244268825454e-11,1.0000000000000995,1.0000000000000013
-0.3,1.03857682433293,208.99195331321022,-0.29999960225195654,5.541845291700717e-11,1.0000000000001228,0.9999999999999959
-0.3,1.03857682433293,210.92751701952352,-0.29999960257878294,5.540230092127993e-11,1.00000000000016,0.9999999999999906
-0.3,1.03857682433293,212.88100680768738,-0.2999996028857864,5.534210827201806e-11,1.0000000000002105,0.9999999999999851
-0.3,1.03857682433293,214.8525886987991,-0.299999603172219,5.523854970190853e-11,1.0000000000002742,0.9999999999999803
-0.3,1.03857682433293,216.84243025154836,-0.2999996034375017,5.509263777550173e-11,1.0000000000003504,0.9999999999999755
-0.3,1.03857682433293,218.85070057645706,-0.29999960368122613,5.4905704296640244e-11,1.0000000000004383,0.9999999999999702
-0.3,1.03857682433293,220.87757035025237,-0.29999960390315367,5.4679383958673584e-11,1.0000000000005373,0.999999999999966
-0.3,1.03857682433293,222.92321183037146,-0.29999960410321413,5.441559103100005e-11,1.0000000000006464,0.9999999999999619
-0.3,1.03857682433293,224.9877988696007,-0.29999960428150296,5.4116497047000464e-11,1.0000000000007647,0.9999999999999581
-0.3,1.03857682433293,227.07150693085165,-0.2999996044382777,5.3784508421425276e-11,1.0000000000008917,0.999999999999955
-0.3,1.03857682433293,229.17451310207272,-0.29999960457395264,5.342223844456355e-11,1.000000000001026,0.9999999999999514
-0.3,1.03857682433293,231.29699611129922,-0.2999996046890934,5.303248365910215e-11,1.000000000001167,0.9999999999999488
-0.3,1.03857682433293,233.4391363418438,-0.2999996047844101,5.2618198246822464e-11,1.0000000000013132,0.9999999999999465
-0.3,1.03857682433293,235.60111584762504,-0.2999996048607498,5.2182464720336964e-11,1.0000000000014644,0.9999999999999447
-0.3,1.03857682433293,237.78311836864148,-0.2999996049190883,5.172846944364177e-11,1.0000000000016183,0.9999999999999429
-0.3,1.03857682433293,239.98532934658564,-0.2999996049605215,5.1259473614686404e-11,1.0000000000017755,0.9999999999999419
-0.3,1.03857682433293,242.20793594060487,-0.2999996049862559,5.077878970396891e-11,1.0000000000019338,0.9999999999999406
-0.3,1.03857682433293,244.4511270432073,-0.2999996049975984,5.0289757869171186e-11,1.0000000000020923,0.9999999999999402
-0.3,1.03857682433293,246.71509329631496,-0.2999996049959469,4.979571153745531e-11,1.0000000000022506,0.9999999999999402
-0.3,1.03857682433293,249.00002710746668,-0.29999960498277867,4.929996493628433e-11,1.0000000000024076,0.9999999999999404
-0.3,1.03857682433293,251.3061226661696,-0.29999960495964,4.880578253770845e-11,1.0000000000025617,0.9999999999999407
-0.3,1.03857682433293,253.6335759604023,-0.2999996049281362,4.831635992352665e-11,1.000000000002713,0.9999999999999419
-0.3,1.03857682433293,255.98258479327197,-0.299999604889919,4.783480278496683e-11,1.00000000000286,0.9999999999999434
-0.3,1.03857682433293,258.3533487998248,-0.29999960484667687,4.736410885717249e-11,1.0000000000030018,0.9999999999999447
-0.3,1.03857682433293,260.7460694640121,-0.2999996048001239,4.690714780804813e-11,1.000000000003138,0.9999999999999468
-0.3,1.03857682433293,263.1609501358149,-0.2999996047519884,4.646664542978049e-11,1.0000000000032674,0.9999999999999486
-0.3,1.03857682433293,265.59819604852424,-0.29999960470400333,4.604517068683161e-11,1.0000000000033902,0.9999999999999513
-0.3,1.03857682433293,268.0580143361851,-0.29999960465789577,4.564512480419628e-11,1.0000000000035048,0.999999999999954
-0.3,1.03857682433293,270.5406140511989,-0.29999960461537617,4.5268721125770965e-11,1.0000000000036113,0.9999999999999569
-0.3,1.03857682433293,273.0462061820903,-0.2999996045781303,4.491798786452635e-11,1.000000000003709,0.9999999999999598
-0.3,1.03857682433293,275.57500367143905,-0.29999960454780905,4.4594746442472666e-11,1.0000000000037976,0.9999999999999628
-0.3,1.03857682433293,278.1272214339776,-0.29999960452602,4.4300618351540406e-11,1.0000000000038765,0.9999999999999664
-0.3,1.03857682433293,280.7030763748543,-0.2999996045143193,4.403701317304498e-11,1.0000000000039453,0.9999999999999699
-0.3,1.03857682433293,283.30278740807006,-0.2999996045142043,4.380512006090323e-11,1.0000000000040041,0.9999999999999731
-0.3,1.03857682433293,285.9265754750807,-0.29999960452710617,4.360591933571055e-11,1.0000000000040525,0.9999999999999767
-0.3,1.03857682433293,288.57466356357577,-0.2999996045543831,4.34401706796065e-11,1.000000000004091,0.9999999999999803
-0.3,1.03857682433293,291.24727672642865,-0.2999996045973151,4.330842143161233e-11,1.0000000000041187,0.9999999999999848
-0.3,1.03857682433293,293.94464210082356,-0.29999960465709785,4.32110040243605e-11,1.0000000000041354,0.999999999999988
-0.3,1.03857682433293,296.6669889275594,-0.2999996047348389,4.3148041961436324e-11,1.0000000000041418,0.999999999999992
-0.3,1.03857682433293,299.4145485705322,-0.2999996048315527,4.3119454274922405e-11,1.0000000000041378,0.9999999999999957
-0.3,1.03857682433293,302.18755453639716,-0.2999996049481576,4.3124963100414166e-11,1.0000000000041238,0.9999999999999992
-0.3,1.03857682433293,304.9862424944146,-0.29999960508547285,4.316409933711763e-11,1.0000000000040996,1.000000000000003
-0.3,1.03857682433293,307.81085029647846,-0.29999960524421654,4.3236209150317115e-11,1.0000000000040659,1.0000000000000064
-0.3,1.03857682433293,310.6616179973303,-0.2999996054250033,4.334046464277377e-11,1.0000000000040223,1.0000000000000098
-0.3,1.03857682433293,313.5387878749621,-0.2999996056283442,4.3475873451480513e-11,1.0000000000039697,1.0000000000000129
-0.3,1.03857682433293,316.44260445120455,-0.2999996058546454,4.364128753309746e-11,1.0000000000039082,1.0000000000000162
-0.3,1.03857682433293,319.3733145125105,-0.2999996061042084,4.383541470232467e-11,1.000000000003839,1.000000000000019
-0.3,1.03857682433293,322.3311671309267,-0.29999960637723094,4.405682975613902e-11,1.000000000003761,1.000000000000022
-0.3,1.03857682433293,325.31641368526283,-0.29999960667380754,4.43039856628749e-11,1.0000000000036757,1.0000000000000244
-0.3,1.03857682433293,328.32930788245454,-0.2999996069939316,4.457522539374708e-11,1.0000000000035836,1.000000000000027
-0.3,1.03857682433293,331.37010577912685,-0.2999996073374971,4.4868793986151004e-11,1.0000000000034852,1.0000000000000293
-0.3,1.03857682433293,334.4390658033531,-0.29999960770430084,4.518285194230556e-11,1.00000000000338,1.0000000000000315
-0.3,1.03857682433293,337.53644877662083,-0.29999960809404624,4.551548435938045e-11,1.0000000000032705,1.0000000000000335
-0.3,1.03857682433293,340.66251793599554,-0.29999960850634483,4.5864716189285096e-11,1.0000000000031557,1.0000000000000353
-0.3,1.03857682433293,343.81753895649405,-0.299999608940722,4.622852327854228e-11,1.0000000000030371,1.0000000000000369
-0.3,1.03857682433293,347.00177997366285,-0.2999996093966188,4.6604842380982604e-11,1.0000000000029146,1.000000000000038
-0.3,1.03857682433293,350.2155116063659,-0.29999960987339785,4.6991587768183716e-11,1.0000000000027889,1.0000000000000393
-0.3,1.03857682433293,353.4590069797847,-0.2999996103703465,4.7386654965187405e-11,1.000000000002661,1.00000000000004
-0.3,1.03857682433293,356.73254174862967,-0.2999996108866819,4.7787940536378874e-11,1.0000000000025313,1.0000000000000409
-0.3,1.03857682433293,360.0363941205664,-0.2999996114215565,4.8193347312323777e-11,1.0000000000023999,1.0000000000000415
-0.3,1.03857682433293,363.37084487986095,-0.29999961197406183,4.860079305271326e-11,1.0000000000022677,1.000000000000042
-0.3,1.03857682433293,366.73617741124224,-0.29999961254323465,4.900822654681803e-11,1.0000000000021358,1.000000000000042
-0.3,1.03857682433293,370.13267772398575,-0.2999996131280614,4.9413634299540916e-11,1.000000000002004,1.0000000000000417
-0.3,1.03857682433293,373.5606344762222,-0.29999961372748446,4.981504330864831e-11,1.0000000000018734,1.0000000000000415
-0.3,1.03857682433293,377.02033899946696,-0.2999996143404064,5.0210540238066524e-11,1.0000000000017442,1.000000000000041
-0.3,1.03857682433293,380.5120853233824,-0.29999961496569655,5.059827144632168e-11,1.000000000001617,1.0000000000000406
-0.3,1.03857682433293,384.03617020076405,-0.2999996156021952,5.097645250408659e-11,1.0000000000014921,1.0000000000000397
-0.3,1.03857682433293,387.5928931327621,-0.2999996162487199,5.134337163441531e-11,1.0000000000013705,1.0000000000000386
-0.3,1.03857682433293,391.18255639433437,-0.29999961690407057,5.169740288679527e-11,1.0000000000012519,1.0000000000000377
-0.3,1.03857682433293,394.8054650599374,-0.2999996175670342,5.2037005446503337e-11,1.0000000000011373,1.0000000000000366
-0.3,1.03857682433293,398.4619270294508,-0.29999961823639065,5.236072678332557e-11,1.000000000001027,1.0000000000000353
-0.3,1.03857682433293,402.15225305434814,-0.2999996189109174,5.26672154868634e-11,1.0000000000009213,1.0000000000000338
-0.3,1.03857682433293,405.87675676410373,-0.29999961958939475,5.295521539530892e-11,1.0000000000008202,1.0000000000000322
-0.3,1.03857682433293,409.6357546928489,-0.29999962027061,5.3223574621895406e-11,1.0000000000007245,1.0000000000000302
-0.3,1.03857682433293,413.4295663062725,-0.29999962095336286,5.347124331952938e-11,1.0000000000006344,1.0000000000000286
-0.3,1.03857682433293,417.25851402877123,-0.29999962163646926,5.369727892083446e-11,1.00000000000055,1.0000000000000266
-0.3,1.03857682433293,421.12292327085265,-0.29999962231876576,5.390084782223582e-11,1.0000000000004718,1.0000000000000249
-0.3,1.03857682433293,425.02312245678996,-0.29999962299911415,5.4081223227832156e-11,1.0000000000004,1.0000000000000226
-0.3,1.03857682433293,428.95944305253283,-0.2999996236764047,5.423778625182188e-11,1.0000000000003344,1.0000000000000209
-0.3,1.03857682433293,432.9322195938791,-0.2999996243495596,5.437002850004373e-11,1.0000000000002753,1.0000000000000182
-0.3,1.03857682433293,436.9417897149054,-0.2999996250175374,5.4477547621774375e-11,1.0000000000002232,1.0000000000000162
-0.3,1.03857682433293,440.98849417666133,-0.29999962567933564,5.456004537226647e-11,1.0000000000001776,1.0000000000000142
-0.3,1.03857682433293,445.0726768961314,-0.2999996263339934,5.461733280075705e-11,1.000000000000139,1.000000000000012
-0.3,1.03857682433293,449.19468497546023,-0.29999962698059496,5.4649320002402e-11,1.0000000000001072,1.0000000000000098
-0.3,1.03857682433293,453.3548687314555,-0.2999996276182715,5.465601816405318e-11,1.0000000000000828,1.0000000000000073
-0.3,1.03857682433293,457.55358172535705,-0.2999996282462042,5.46375367439888e-11,1.0000000000000653,1.0000000000000053
-0.3,1.03857682433293,461.7911807928867,-0.29999962886362547,5.4594079772619803e-11,1.0000000000000542,1.000000000000003
-0.3,1.03857682433293,466.0680260745743,-0.29999962946982134,5.452594282770155e-11,1.00000000000005,1.0000000000000004
-0.3,1.03857682433293,470.3844810463644,-0.29999963006413294,5.4433507038286605e-11,1.000000000000053,0.9999999999999984
-0.3,1.03857682433293,474.7409125505084,-0.29999963064595764,5.431724068926988e-11,1.0000000000000624,0.9999999999999967
-0.3,1.03857682433293,479.1376908267404,-0.2999996312147503,5.4177689411424984e-11,1.0000000000000788,0.9999999999999943
-0.3,1.03857682433293,483.57518954374194,-0.29999963177002437,5.401547627580148e-11,1.0000000000001013,0.9999999999999923
-0.3,1.03857682433293,488.0537858309,-0.2999996323113522,5.3831294770111064e-11,1.0000000000001303,0.9999999999999903
-0.3,1.03857682433293,492.5738603103579,-0.2999996328383658,5.3625905755732714e-11,1.0000000000001648,0.9999999999999883
-0.3,1.03857682433293,497.1357971293627,-0.29999963335075713,5.3400132559999164e-11,1.0000000000002058,0.9999999999999866
-0.3,1.03857682433293,501.7399839929145,-0.29999963384827805,5.3154855924905536e-11,1.000000000000252,0.9999999999999847
-0.3,1.03857682433293,506.3868121967132,-0.29999963433073995,5.289100981134493e-11,1.000000000000304,0.9999999999999828
-0.3,1.03857682433293,511.0766766604169,-0.2999996347980141,5.2609576567198716e-11,1.0000000000003613,0.9999999999999811
-0.3,1.03857682433293,515.809975961202,-0.29999963525003065,5.2311581614977695e-11,1.0000000000004237,0.9999999999999795
-0.3,1.03857682433293,520.5871123676386,-0.29999963568677784,5.199808942903786e-11,1.0000000000004912,0.9999999999999784
-0.3,1.03857682433293,525.4084918738774,-0.29999963610830144,5.16701991590521e-11,1.0000000000005622,0.9999999999999766
-0.3,1.03857682433293,530.2745242341559,-0.29999963651470424,5.132903759410606e-11,1.0000000000006382,0.9999999999999756
-0.3,1.03857682433293,535.1856229976182,-0.2999996369061439,5.097575752879252e-11,1.0000000000007176,0.9999999999999744
-0.3,1.03857682433293,540.1422055434659,-0.2999996372828325,5.061153149959279e-11,1.000000000000801,0.999999999999973
-0.3,1.03857682433293,545.1446931164259,-0.2999996376450351,5.023754796234714e-11,1.0000000000008877,0.9999999999999722
-0.3,1.03857682433293,550.1935108625528,-0.29999963799306745,4.985500540553445e-11,1.0000000000009774,0.999999999999971
-0.3,1.03857682433293,555.2890878653604,-0.2999996383272956,4.946511111930147e-11,1.0000000000010703,0.9999999999999701
-0.3,1.03857682433293,560.4318571822878,-0.29999963864813317,4.906907298211403e-11,1.0000000000011655,0.9999999999999694
-0.3,1.03857682433293,565.6222558815047,-0.29999963895604015,4.866810027337973e-11,1.0000000000012628,0.9999999999999689
-0.3,1.03857682433293,570.8607250790558,-0.2999996392515206,4.8263395443382636e-11,1.0000000000013622,0.9999999999999684
-0.3,1.03857682433293,576.1477099763489,-0.29999963953512127,4.785615132399071e-11,1.0000000000014628,0.9999999999999678
-0.3,1.03857682433293,581.4836598979924,-0.29999963980742894,4.7447551804847405e-11,1.0000000000015645,0.9999999999999672
-0.3,1.03857682433293,586.8690283299819,-0.2999996400690686,4.703876092092866e-11,1.0000000000016678,0.9999999999999672
-0.3,1.03857682433293,592.3042729582397,-0.2999996403207016,4.6630927459291056e-11,1.0000000000017717,0.999999999999967
-0.3,1.03857682433293,597.7898557075149,-0.29999964056302286,4.6225175158905465e-11,1.000000000001876,0.9999999999999672
-0.3,1.03857682433293,603.3262427806361,-0.2999996407967593,4.5822603845669825e-11,1.00000000000198,0.9999999999999667
-0.3,1.03857682433293,608.913904698138,-0.29999964102266724,4.542428787628542e-11,1.0000000000020843,0.9999999999999669
-0.3,1.03857682433293,614.5533163382452,-0.29999964124153033,4.5031269334852846e-11,1.0000000000021882,0.9999999999999671
-0.3,1.03857682433293,620.2449569772324,-0.29999964145415725,4.4644558334163075e-11,1.0000000000022917,0.9999999999999674
-0.3,1.03857682433293,625.9893103301563,-0.2999996416613791,4.4265129307220436e-11,1.0000000000023943,0.9999999999999676
-0.3,1.03857682433293,631.7868645919671,-0.29999964186404826,4.3893924074406486e-11,1.0000000000024958,0.9999999999999679
-0.3,1.03857682433293,637.638112478994,-0.2999996420630346,4.353184266472952e-11,1.0000000000025955,0.9999999999999688
-0.3,1.03857682433293,643.5435512708254,-0.29999964225922426,4.3179743589802027e-11,1.000000000002694,0.9999999999999687
-0.3,1.03857682433293,649.5036828525664,-0.29999964245351735,4.28384522710335e-11,1.0000000000027907,0.9999999999999695
-0.3,1.03857682433293,655.5190137574945,-0.29999964264682527,4.250874127840122e-11,1.000000000002885,0.9999999999999706
-0.3,1.03857682433293,661.5900552101086,-0.2999996428400691,4.219134756687769e-11,1.0000000000029767,0.999999999999971
-0.3,1.03857682433293,667.7173231695753,-0.29999964303417737,4.1886957638178306e-11,1.0000000000030667,0.9999999999999719
-0.3,1.03857682433293,673.9013383735801,-0.2999996432300835,4.159621934097971e-11,1.000000000003154,0.9999999999999721
-0.3,1.03857682433293,680.1426263825831,-0.2999996434287245,4.1319728670593943e-11,1.0000000000032383,0.9999999999999732
-0.3,1.03857682433293,686.4417176244827,-0.2999996436310383,4.105803701806566e-11,1.0000000000033205,0.9999999999999742
-0.3,1.03857682433293,692.7991474396972,-0.29999964383796224,4.081165266864817e-11,1.0000000000033982,0.9999999999999752
-0.3,1.03857682433293,699.215456126661,-0.29999964405043106,4.0581032687684446e-11,1.0000000000034732,0.9999999999999762
-0.3,1.03857682433293,705.6911889877423,-0.29999964426937514,4.0366590390722525e-11,1.0000000000035452,0.9999999999999771
-0.3,1.03857682433293,712.2268963755895,-0.29999964449571825,4.016869177445766e-11,1.0000000000036138,0.9999999999999786
-0.3,1.03857682433293,718.8231337398989,-0.29999964473037655,3.9987655962896426e-11,1.0000000000036784,0.9999999999999797
-0.3,1.03857682433293,725.4804616746267,-0.2999996449742567,3.982375591486713e-11,1.0000000000037397,0.9999999999999806
-0.3,1.03857682433293,732.1994459656265,-0.2999996452282538,3.9677220576556296e-11,1.0000000000037972,0.9999999999999817
-0.3,1.03857682433293,738.9806576387373,-0.29999964549325037,3.954823467846698e-11,1.000000000003851,0.999999999999983
-0.3,1.03857682433293,745.8246730083114,-0.29999964577011506,3.943693548166844e-11,1.0000000000039004,0.9999999999999842
-0.3,1.03857682433293,752.7320737261965,-0.2999996460597007,3.9343421066217036e-11,1.0000000000039462,0.9999999999999853
-0.3,1.03857682433293,759.7034468311634,-0.2999996463628434,3.926774368515621e-11,1.0000000000039881,0.9999999999999863
-0.3,1.03857682433293,766.7393847988028,-0.2999996466803609,3.920991569473044e-11,1.000000000004026,0.9999999999999879
-0.3,1.03857682433293,773.8404855918722,-0.29999964701305215,3.916990907585325e-11,1.0000000000040596,0.9999999999999892
-0.3,1.03857682433293,781.0073527111184,-0.299999647361695,3.914765683815299e-11,1.000000000004089,0.9999999999999903
-0.3,1.03857682433293,788.2405952465664,-0.29999964772704685,3.9143051961451934e-11,1.000000000004115,0.9999999999999916
-0.3,1.03857682433293,795.5408279292831,-0.29999964810984187,3.915595219248534e-11,1.000000000004137,0.9999999999999928
-0.3,1.03857682433293,802.9086711836236,-0.2999996485107913,3.9186179725191124e-11,1.000000000004154,0.999999999999994
-0.3,1.03857682433293,810.3447511799583,-0.29999964893058234,3.9233521477486506e-11,1.000000000004168,0.9999999999999951
-0.3,1.03857682433293,817.8496998878867,-0.29999964936987716,3.929773134423613e-11,1.0000000000041769,0.9999999999999963
-0.3,1.03857682433293,825.4241551299497,-0.2999996498293127,3.937853260933766e-11,1.0000000000041829,0.9999999999999977
-0.3,1.03857682433293,833.0687606358348,-0.2999996503094993,3.9475617518051985e-11,1.0000000000041844,0.9999999999999989
-0.3,1.03857682433293,840.7841660970844,-0.2999996508110209,3.9588650007684e-11,1.0000000000041818,1.0
-0.3,1.03857682433293,848.5710272223139,-0.2999996513344344,3.971726641401655e-11,1.0000000000041764,1.0000000000000013
-0.3,1.03857682433293,856.4300057929329,-0.2999996518802684,3.9861077857487534e-11,1.0000000000041662,1.0000000000000022
-0.3,1.03857682433293,864.3617697193946,-0.299999652449024,4.001967084267122e-11,1.0000000000041525,1.0000000000000036
-0.3,1.03857682433293,872.3669930979535,-0.2999996530411741,4.019260904995819e-11,1.0000000000041356,1.0000000000000042
-0.3,1.03857682433293,880.4463562679581,-0.2999996536571628,4.037943501871138e-11,1.000000000004115,1.0000000000000058
-0.3,1.03857682433293,888.6005458696701,-0.2999996542974055,4.0579671663242315e-11,1.0000000000040907,1.0000000000000067
-0.3,1.03857682433293,896.8302549026189,-0.29999965496228864,4.0792823396226166e-11,1.0000000000040634,1.0000000000000078
-0.3,1.03857682433293,905.1361827845002,-0.29999965565216985,4.101837790251643e-11,1.0000000000040326,1.0000000000000084
-0.3,1.03857682433293,913.5190354106156,-0.2999996563673778,4.125580753844438e-11,1.0000000000039988,1.0000000000000093
-0.3,1.03857682433293,921.9795252138629,-0.2999996571082121,4.1504570961047303e-11,1.0000000000039617,1.0000000000000104
-0.3,1.03857682433293,930.5183712252855,-0.29999965787494337,4.176411407976444e-11,1.000000000003922,1.000000000000011
-0.3,1.03857682433293,939.1362991351807,-0.2999996586678137,4.203387185166472e-11,1.000000000003879,1.0000000000000122
-0.3,1.03857682433293,947.8340413547725,-0.2999996594870364,4.231327002718458e-11,1.0000000000038336,1.0000000000000129
-0.3,1.03857682433293,956.6123370784595,-0.2999996603327964,4.2601725266448983e-11,1.0000000000037854,1.0000000000000135
-0.3,1.03857682433293,965.4719323466358,-0.29999966120525035,4.289864801956383e-11,1.0000000000037346,1.0000000000000147
-0.3,1.03857682433293,974.4135801090915,-0.29999966210452716,4.320344310067769e-11,1.0000000000036813,1.000000000000015
-0.3,1.03857682433293,983.4380402890077,-0.2999996630307283,4.351551016969895e-11,1.000000000003626,1.0000000000000158
-0.3,1.03857682433293,992.5460798475383,-0.2999996639839277,4.3834246042721656e-11,1.0000000000035685,1.0000000000000164
-0.3,1.03857682433293,1001.7384728489908,-0.2999996649641727,4.415904642663098e-11,1.000000000003509,1.0000000000000169
-0.3,1.03857682433293,1011.0160005266158,-0.299999665971484,4.4489305233612845e-11,1.0000000000034472,1.0000000000000175
-0.3,1.03857682433293,1020.3794513489946,-0.29999966700585684,4.482441743189872e-11,1.0000000000033842,1.0000000000000182
-0.3,1.03857682433293,1029.8296210870567,-0.29999966806726036,4.516377835599935e-11,1.0000000000033193,1.0000000000000187
-0.3,1.03857682433293,1039.3673128817031,-0.299999669155639,4.550678680068195e-11,1.0000000000032527,1.0000000000000187
-0.3,1.03857682433293,1048.993337312066,-0.2999996702709126,4.5852844488102984e-11,1.0000000000031846,1.0000000000000193
-0.3,1.03857682433293,1058.7085124643972,-0.29999967141297745,4.620135829431344e-11,1.0000000000031155,1.0000000000000198
-0.3,1.03857682433293,1068.5136640015942,-0.2999996725817062,4.6551738664758463e-11,1.000000000003045,1.0000000000000202
-0.3,1.03857682433293,1078.4096252333723,-0.2999996737769484,4.690340517678365e-11,1.0000000000029734,1.0000000000000204
-0.3,1.03857682433293,1088.3972371870843,-0.29999967499853203,4.725578137462413e-11,1.0000000000029012,1.0000000000000207
-0.3,1.03857682433293,1098.4773486791944,-0.29999967624626334,4.760829984767698e-11,1.0000000000028277,1.0000000000000209
-0.3,1.03857682433293,1108.650816387419,-0.2999996775199273,4.796040328101616e-11,1.0000000000027538,1.000000000000021
-0.3,1.03857682433293,1118.9185049235327,-0.29999967881928896,4.831154049182127e-11,1.0000000000026792,1.0000000000000213
-0.3,1.03857682433293,1129.2812869068487,-0.2999996801440936,4.866117290926955e-11,1.0000000000026044,1.0000000000000213
-0.3,1.03857682433293,1139.740043038382,-0.2999996814940675,4.900877220141925e-11,1.0000000000025289,1.0000000000000215
-0.3,1.03857682433293,1150.2956621756925,-0.2999996828689185,4.935381916872323e-11,1.0000000000024531,1.0000000000000213
-0.3,1.03857682433293,1160.9490414084332,-0.2999996842683372,4.969580832127047e-11,1.0000000000023772,1.0000000000000218
-0.3,1.03857682433293,1171.7010861345848,-0.2999996856919967,5.00342465124671e-11,1.000000000002302,1.0000000000000218
-0.3,1.03857682433293,1182.5527101374053,-0.29999968713955405,5.036865211873131e-11,1.0000000000022262,1.0000000000000215
-0.3,1.03857682433293,1193.5048356630894,-0.29999968861065074,5.0698555841661595e-11,1.0000000000021503,1.0000000000000213
-0.3,1.03857682433293,1204.55839349915,-0.2999996901049133,5.102350346127739e-11,1.0000000000020752,1.0000000000000215
-0.3,1.03857682433293,1215.7143230535173,-0.2999996916219539,5.134305485589202e-11,1.0000000000020002,1.0000000000000213
-0.3,1.03857682433293,1226.9735724343827,-0.29999969316137104,5.1656782939296423e-11,1.0000000000019258,1.000000000000021
-0.3,1.03857682433293,1238.33709853077,-0.29999969472275106,5.1964274940020326e-11,1.0000000000018519,1.000000000000021
-0.3,1.03857682433293,1249.8058670938608,-0.2999996963056671,5.226513292322119e-11,1.0000000000017786,1.0000000000000207
-0.3,1.03857682433293,1261.3808528190714,-0.29999969790968134,5.2558974618587065e-11,1.0000000000017064,1.0000000000000207
-0.3,1.03857682433293,1273.0630394288874,-0.2999996995343449,5.284543102487247e-11,1.0000000000016347,1.0000000000000202
-0.3,1.03857682433293,1284.8534197564702,-0.2999997011791989,5.312414972817835e-11,1.0000000000015639,1.00000000000002
-0.3,1.03857682433293,1296.7529958300336,-0.29999970284377475,5.3394793951226676e-11,1.0000000000014941,1.0000000000000198
-0.3,1.03857682433293,1308.7627789579997,-0.2999997045275947,5.365704055397636e-11,1.000000000001425,1.0000000000000195
-0.3,1.03857682433293,1320.883789814951,-0.29999970623017336,5.3910582936422754e-11,1.0000000000013578,1.000000000000019
-0.3,1.03857682433293,1333.1170585283726,-0.29999970795101705,5.415512970997206e-11,1.000000000001291,1.000000000000019
-0.3,1.03857682433293,1345.4636247661995,-0.2999997096896256,5.4390404848484927e-11,1.0000000000012257,1.0000000000000184
-0.3,1.03857682433293,1357.924537825179,-0.299999711445492,5.461614810696302e-11,1.000000000001162,1.000000000000018
-0.3,1.03857682433293,1370.500856720038,-0.2999997132181038,5.4832113458040897e-11,1.0000000000010991,1.0000000000000175
-0.3,1.03857682433293,1383.1936502734964,-0.29999971500694306,5.503807157047375e-11,1.000000000001038,1.0000000000000173
-0.3,1.03857682433293,1396.0039972070938,-0.29999971681148757,5.52338079582695e-11,1.0000000000009786,1.0000000000000167
-0.3,1.03857682433293,1408.9329862328714,-0.29999971863121067,5.541912230423181e-11,1.0000000000009204,1.0000000000000164
-0.3,1.03857682433293,1421.9817161458968,-0.2999997204655823,5.55938304767631e-11,1.000000000000864,1.000000000000016
-0.3,1.03857682433293,1435.1512959176512,-0.2999997223140697,5.575776122016573e-11,1.000000000000809,1.0000000000000155
-0.3,1.03857682433293,1448.4428447902692,-0.29999972417613713,5.591075967372615e-11,1.0000000000007558,1.0000000000000149
-0.3,1.03857682433293,1461.8574923716699,-0.2999997260512476,5.605268553995257e-11,1.0000000000007039,1.0000000000000144
-0.3,1.03857682433293,1475.3963787315492,-0.2999997279388622,5.618341157175269e-11,1.0000000000006541,1.0000000000000138
-0.3,1.03857682433293,1489.0606544982772,-0.2999997298384414,5.63028254871325e-11,1.0000000000006062,1.0000000000000133
-0.3,1.03857682433293,1502.8514809566846,-0.299999731749445,5.6410827189327155e-11,1.0000000000005598,1.0000000000000129
-0.3,1.03857682433293,1516.7700301467542,-0.29999973367133287,5.650733242884643e-11,1.0000000000005151,1.0000000000000127
-0.3,1.03857682433293,1530.8174849632353,-0.2999997356035657,5.659226796199992e-11,1.0000000000004727,1.000000000000012
-0.3,1.03857682433293,1544.9950392561707,-0.2999997375456045,5.666557556867694e-11,1.0000000000004317,1.0000000000000113
-0.3,1.03857682433293,1559.3038979323546,-0.299999739496912,5.672720779104007e-11,1.000000000000393,1.0000000000000109
-0.3,1.03857682433293,1573.7452770577393,-0.2999997414569526,5.677713076621763e-11,1.0000000000003557,1.0000000000000102
-0.3,1.03857682433293,1588.3204039607824,-0.2999997434251927,5.6815323522905745e-11,1.0000000000003209,1.0000000000000098
-0.3,1.03857682433293,1603.0305173367537,-0.29999974540110147,5.684177532183848e-11,1.0000000000002875,1.000000000000009
-0.3,1.03857682433293,1617.8768673530133,-0.2999997473841507,5.6856487140442885e-11,1.000000000000256,1.0000000000000084
-0.3,1.03857682433293,1632.8607157552478,-0.29999974937381557,5.685947286359089e-11,1.0000000000002265,1.0000000000000078
-0.3,1.03857682433293,1647.9833359747165,-0.2999997513695747,5.685075520481241e-11,1.0000000000001992,1.0000000000000075
-0.3,1.03857682433293,1663.2460132364645,-0.29999975337091056,5.683036848211279e-11,1.0000000000001739,1.0000000000000069
-0.3,1.03857682433293,1678.6500446685554,-0.29999975537731016,5.6798357582537644e-11,1.00000000000015,1.0000000000000062
-0.3,1.03857682433293,1694.1967394123092,-0.29999975738826457,5.6754776244359876e-11,1.0000000000001283,1.0000000000000058
-0.3,1.03857682433293,1709.8874187335668,-0.29999975940326995,5.669968890075482e-11,1.0000000000001086,1.0000000000000053
-0.3,1.03857682433293,1725.7234161349695,-0.29999976142182744,5.6633168718390894e-11,1.0000000000000908,1.0000000000000047
-0.3,1.03857682433293,1741.706077469303,-0.29999976344344337,5.655529793991037e-11,1.0000000000000748,1.000000000000004
-0.3,1.03857682433293,1757.8367610538646,-0.29999976546762963,5.6466166872415647e-11,1.0000000000000608,1.0000000000000038
-0.3,1.03857682433293,1774.1168377859105,-0.2999997674939041,5.6365875489247365e-11,1.0000000000000484,1.000000000000003
-0.3,1.03857682433293,1790.547691259161,-0.2999997695217906,5.62545297526612e-11,1.0000000000000384,1.0000000000000024
-0.3,1.03857682433293,1807.1307178813868,-0.29999977155081886,5.6132244878885476e-11,1.00000000000003,1.000000000000002
-0.3,1.03857682433293,1823.867326993091,-0.2999997735805255,5.59991424155886e-11,1.0000000000000233,1.0000000000000016
-0.3,1.03857682433293,1840.7589409872808,-0.2999997756104532,5.585535125914492e-11,1.0000000000000187,1.0000000000000009
-0.3,1.03857682433293,1857.8069954303487,-0.29999977764015195,5.5701006783259976e-11,1.0000000000000158,1.0000000000000004
-0.3,1.03857682433293,1875.012939184082,-0.2999997796691782,5.55362506531546e-11,1.0000000000000142,0.9999999999999998
-0.3,1.03857682433293,1892.378234528796,-0.29999978169709574,5.536123061997404e-11,1.0000000000000149,0.9999999999999994
-0.3,1.03857682433293,1909.9043572876058,-0.2999997837234754,5.517609973580357e-11,1.0000000000000173,0.9999999999999989
-0.3,1.03857682433293,1927.592796951861,-0.2999997857478955,5.4981016891686275e-11,1.0000000000000213,0.9999999999999983
-0.3,1.03857682433293,1945.4450568077177,-0.2999997877699416,5.477614545214782e-11,1.0000000000000269,0.999999999999998
-0.3,1.03857682433293,1963.4626540639163,-0.29999978978920694,5.456165414748768e-11,1.0000000000000342,0.9999999999999976
-0.3,1.03857682433293,1981.6471199807077,-0.29999979180529246,5.43377155809974e-11,1.000000000000043,0.9999999999999971
-0.3,1.03857682433293,2000.0,-0.2999997938178067,5.410450673246719e-11,1.0000000000000535,0.9999999999999966
-0.15,1.0306689071755903,0.0,0.0,0.0,0.0,1.0306689071755903
-0.15,1.0306689071755903,0.05,-0.001192079487343788,0.023449714408055017,0.029710984420726703,1.030202521900197
-0.15,1.0306689071755903,0.1,-0.004614005301474315,0.04462093770943974,0.059307633778139586,1.0297361597579981
-0.15,1.0306689071755903,0.15000000000000002,-0.010045002167259487,0.06365418099131795,0.0886886943502686,1.0292698778821263
-0.15,1.0306689071755903,0.2,-0.017278110093002085,0.08068503808536893,0.11776601518639075,1.0288037671086145
-0.15,1.0306689071755903,0.25,-0.026119621956257808,0.09584401760293874,0.14646335412443728,1.0283379484111295
-0.15,1.0306689071755903,0.30000000000000004,-0.036388684636719966,0.10925642482960925,0.17471527560847577,1.0278725694993573
-0.15,1.0306689071755903,0.35000000000000003,-0.04791669803270861,0.12104228800246082,0.20246613338820793,1.0274078015659658
-0.15,1.0306689071755903,0.4,-0.0605467696996136,0.13131632399574503,0.22966913202616232,1.0269438361709542
-0.15,1.0306689071755903,0.45,-0.0741332219200653,0.14018793880240213,0.25628546152051046,1.026480882260138
-0.15,1.0306689071755903,0.5,-0.08854107219954237,0.14776125852675898,0.28228349988079565,1.026019163316656
-0.15,1.0306689071755903,0.55,-0.10364549039696781,0.1541351869539174,0.30763807899143,1.0255589146453392
-0.15,1.0306689071755903,0.6000000000000001,-0.11933126761384708,0.15940348610295418,0.33232980946478136,1.0251003807914192
-0.15,1.0306689071755903,0.65,-0.13549231025924108,0.16365487648161728,0.3563444604731306,1.0246438130965478
-0.15,1.0306689071755903,0.7000000000000001,-0.1520311514093614,0.1669731540428396,0.3796723908110847,1.0241894673956617
-0.15,1.0306689071755903,0.75,-0.168858469874704,0.1694373211080541,0.40230802768956936,1.0237376018580533
-0.15,1.0306689071755903,0.8,-0.1858926157695807,0.1711217287736961,0.42424938999137224,1.0232884749754168
-0.15,1.0306689071755903,0.8500000000000001,-0.2030591477093986,0.17209622855482612,0.445497652921083,1.0228423436990048
-0.15,1.0306689071755903,0.9,-0.22029038719656524,0.1724263312414954,0.4660567511618428,1.0223994617272552
-0.15,1.0306689071755903,0.9500000000000001,-0.23752499268111987,0.17217337114861217,0.48593301781441595,1.021960077944455
-0.15,1.0306689071755903,1.0,-0.2547075527100403,0.17139467412950068,0.5051348565468072,1.021524435010061
-0.15,1.0306689071755903,1.05,-0.2717881963042936,0.17014372789866006,0.5236724445280754,1.021092768097273
-0.15,1.0306689071755903,1.1,-0.28872221911494894,0.16847035337192381,0.5415574638592153,1.0206653037784135
-0.15,1.0306689071755903,1.1500000000000001,-0.30546972501341035,0.16642087588329543,0.5588028593467872,1.020242259053692
-0.15,1.0306689071755903,1.2000000000000002,-0.3219952836530206,0.16403829527777758,0.5754226205912518,1.019823840518966
-0.15,1.0306689071755903,1.25,-0.33826760479863727,0.16136245400888286,0.5914315864820767,1.0194102436673433
-0.15,1.0306689071755903,1.3,-0.3542592299289615,0.15843020248857473,0.6068452703061185,1.0190016523187253
-0.15,1.0306689071755903,1.35,-0.3699462410739642,0.15527556104655607,0.6216797037853291,1.018598238170825
-0.15,1.0306689071755903,1.4000000000000001,-0.3853079863527454,0.1519298779556484,0.6359512984650328,1.0182001604646589
-0.15,1.0306689071755903,1.4500000000000002,-0.40032682139289244,0.148421983071041,0.6496767229751836,1.0178075657571857
-0.15,1.0306689071755903,1.5,-0.41498786576378177,0.1447783367140153,0.6628727947842894,1.017420587793392
-0.15,1.0306689071755903,1.55,-0.4292787736704341,0.14102317350589164,0.6755563851590123,1.0170393474700445
-0.15,1.0306689071755903,1.6,-0.4431895183275178,0.13717864092587873,0.6877443361317721,1.0166639528831505
-0.15,1.0306689071755903,1.6500000000000001,-0.4567121895785894,0.13326493242765763,0.6994533883638737,1.0162944994512364
-0.15,1.0306689071755903,1.7000000000000002,-0.46984080439831205,0.12930041500430622,0.7107001188727308,1.0159310701066226
-0.15,1.0306689071755903,1.75,-0.4825711299104744,0.12530175113994102,0.7215008876686771,1.0155737355470567
-0.15,1.0306689071755903,1.8,-0.4949005184948293,0.12128401512960209,0.7318717924197159,1.0152225545402862
-0.15,1.0306689071755903,1.85,-0.5068277544744832,0.11726080378679907,0.7418286303313956,1.0148775742744574
-0.15,1.0306689071755903,1.9000000000000001,-0.5183529118029354,0.11324434159115618,0.7513868664940014,1.014538830747546
-0.15,1.0306689071755903,1.9500000000000002,-0.5294772221252019,0.10924558035710123,0.7605616080103973,1.0142063491894038
-0.15,1.0306689071755903,2.0,-0.540202952577363,0.10527429352889649,0.769367583275365,1.0138801445103787
-0.15,1.0306689071755903,2.0500000000000003,-0.5505332927093672,0.10133916522787166,0.7778191258311606,1.013560221770896
-0.15,1.0306689071755903,2.1,-0.5604722499569953,0.09744787419479817,0.7859301622744089,1.01324657666679
-0.15,1.0306689071755903,2.15,-0.5700245531386143,0.09360717278428267,0.7937142037364626,1.0129391960256064
-0.15,1.0306689071755903,2.2,-0.5791955635004722,0.08982296117913846,0.8011843405030633,1.01263805830951
-0.15,1.0306689071755903,2.25,-0.5879911928740087,0.08610035700119953,0.8083532393797379,1.0123431341208657
-0.15,1.0306689071755903,2.3000000000000003,-0.5964178285370425,0.0824437605012511,0.8152331434469091,1.0120543867069407
-0.15,1.0306689071755903,2.35,-0.6044822643882724,0.0788569155148985,0.821835873883388,1.0117717724605908
-0.15,1.0306689071755903,2.4000000000000004,-0.6121916380539925,0.07534296637352274,0.8281728335688838,1.0114952414141638
-0.15,1.0306689071755903,2.45,-0.6195533735509314,0.07190451096020502,0.8342550122055422,1.0112247377241974
-0.15,1.0306689071755903,2.5,-0.6265751291334248,0.06854365009982609,0.8400929927255187,1.0109602001448508
-0.15,1.0306689071755903,2.5500000000000003,-0.633264749959437,0.06526203347067588,0.8456969587762607,1.0107015624882976
-0.15,1.0306689071755903,2.6,-0.6396302252200745,0.06206090222199909,0.8510767030977738,1.0104487540706255
-0.15,1.0306689071755903,2.6500000000000004,-0.6456796493916436,0.05894112847812065,0.8562416366267376,1.0102017001420363
-0.15,1.0306689071755903,2.7,-0.6514211872876259,0.055903251905294916,0.8612007981810818,1.0099603223004072
-0.15,1.0306689071755903,2.75,-0.656863042609031,0.052947513512319265,0.8659628645956745,1.0097245388874805
-0.15,1.0306689071755903,2.8000000000000003,-0.6620134297141504,0.050073886850386023,0.8705361611952285,1.009494265367172
-0.15,1.0306689071755903,2.85,-0.6668805483513036,0.04728210677170692,0.8749286725044969,1.009269414685656
-0.15,1.0306689071755903,2.9000000000000004,-0.6714725611196558,0.04457169590023409,0.8791480531084689,1.0090498976130542
-0.15,1.0306689071755903,2.95,-0.6757975734427374,0.04194198896140635,0.883201638586619,1.008835623066701
-0.15,1.0306689071755903,3.0,-0.6798636158565048,0.039392155111333545,0.8870964564555119,1.008626498416085
-0.15,1.0306689071755903,3.0500000000000003,-0.6836786284285346,0.036921218399272475,0.8908392370632101,1.0084224297696698
-0.15,1.0306689071755903,3.1,-0.6872504471375157,0.03452807649068852,0.8944364243871461,1.008223322243897
-0.15,1.0306689071755903,3.1500000000000004,-0.6905867920528639,0.03221151777169144,0.8978941866944272,1.008029080214766
-0.15,1.0306689071755903,3.2,-0.6936952571636367,0.029970236949223916,0.901218427030093,1.007839607552421
-0.15,1.0306689071755903,3.25,-0.6965833017143267,0.027802849255092105,0.9044147935045949,1.0076548078392746
-0.15,1.0306689071755903,3.3000000000000003,-0.6992582429130542,0.025707903355800976,0.9074886893569427,1.007474584572199
-0.15,1.0306689071755903,3.35,-0.7017272498854275,0.023683893064199983,0.9104452827744752,1.0072988413493908
-0.15,1.0306689071755903,3.4000000000000004,-0.7039973387551459,0.021729267943188465,0.9132895164542166,1.0071274820425031
-0.15,1.0306689071755903,3.45,-0.706075368740304,0.01984244288618186,0.916026116894287,1.0069604109546963
-0.15,1.0306689071755903,3.5,-0.7079680391624017,0.018021806753708274,0.9186596034069257,1.0067975329652317
-0.15,1.0306689071755903,3.5500000000000003,-0.7096818872731042,0.01626573014040453,0.9211942968473453,1.0066387536612749
-0.15,1.0306689071755903,3.6,-0.7112232868117906,0.014572572341806632,0.9236343280549749,1.006483979457542
-0.15,1.0306689071755903,3.6500000000000004,-0.7125984472146689,0.012940687585688495,0.9259836460056733,1.0063331177044512
-0.15,1.0306689071755903,3.7,-0.7138134134036601,0.011368430588297158,0.928246025675203,1.006186076785398
-0.15,1.0306689071755903,3.75,-0.7148740660901632,0.009854161491648505,0.9304250756157579,1.006042766203795
-0.15,1.0306689071755903,3.8000000000000003,-0.7157861225352072,0.00839625023409885,0.9325242452485833,1.0059030966604787
-0.15,1.0306689071755903,3.85,-0.7165551377132617,0.006993080402671824,0.9345468318767814,1.0057669801220845
-0.15,1.0306689071755903,3.9000000000000004,-0.717186505832129,0.005643052612103938,0.9364959874232929,1.0056343298809596
-0.15,1.0306689071755903,3.95,-0.7176854621659031,0.004344587452263686,0.9383747248997528,1.0055050606071763
-0.15,1.0306689071755903,4.0,-0.7180570851619681,0.0030961280424891195,0.940185924612518,1.0053790883931806
-0.15,1.0306689071755903,4.05,-0.7183062987865021,0.0018961422284771146,0.9419323401126338,1.0052563307915876
-0.15,1.0306689071755903,4.1000000000000005,-0.7184378750760324,0.0007431244546261126,0.9436166038968619,1.0051367068466206
-0.15,1.0306689071755903,4.15,-0.7184564368652848,-0.00036440265781593096,0.9452412328671661,1.0050201371196579
-0.15,1.0306689071755903,4.2,-0.7183664606640147,-0.001427886998831107,0.9468086335562506,1.0049065437093416
-0.15,1.0306689071755903,4.25,-0.7181722796577064,-0.002448745898192266,0.9483211071268428,1.0047958502666694
-0.15,1.0306689071755903,4.3,-0.7178780868090788,-0.0034283652708299744,0.9497808541525034,1.0046879820054706
-0.15,1.0306689071755903,4.3500000000000005,-0.7174879380392571,-0.004368098957256265,0.9511899791877305,1.0045828657086489
-0.15,1.0306689071755903,4.4,-0.7170057554692961,-0.005269268239086001,0.952550495135105,1.0044804297305556
-0.15,1.0306689071755903,4.45,-0.7164353307044949,-0.006133161511358562,0.9538643274171423,1.004380603995824
-0.15,1.0306689071755903,4.5,-0.7157803281456471,-0.006961034094903328,0.955133317960423,1.004283319994991
-0.15,1.0306689071755903,4.55,-0.7150442883129717,-0.007754108173420993,0.956359228999435,1.0041885107771966
-0.15,1.0306689071755903,4.6000000000000005,-0.7142306311700691,-0.008513572841272994,0.9575437467074168,1.0040961109402529
-0.15,1.0306689071755903,4.65,-0.7133426594367004,-0.009240584249194626,0.9586884846613264,1.0040060566183329
-0.15,1.0306689071755903,4.7,-0.7123835618806231,-0.00993626583627485,0.9597949871478594,1.0039182854675297
-0.15,1.0306689071755903,4.75,-0.7113564165800064,-0.010601708637588119,0.9608647323172801,1.0038327366495134
-0.15,1.0306689071755903,4.800000000000001,-0.710264194149186,-0.011237971657824367,0.9618991351916026,1.0037493508134985
-0.15,1.0306689071755903,4.8500000000000005,-0.7091097609216047,-0.01184608230214758,0.9628995505334572,1.0036680700767158
-0.15,1.0306689071755903,4.9,-0.7078958820847995,-0.012427036856328498,0.9638672755817802,1.0035888380035773
-0.15,1.0306689071755903,4.95,-0.7066252247631738,-0.012981801008946029,0.9648035526602411,1.0035115995836945
-0.15,1.0306689071755903,5.0,-0.7053003610450819,-0.013511310409140083,0.9657095716641142,1.00343630120892
-0.15,1.0306689071755903,5.050000000000001,-0.7039237709514237,-0.014016471254031002,0.9665864724310846,1.00336289064954
-0.15,1.0306689071755903,5.1000000000000005,-0.7024978453435298,-0.014498160900499999,0.9674353470012862,1.0032913170297681
-0.15,1.0306689071755903,5.15,-0.7010248887686199,-0.014957228496556922,0.968257241771624,1.003221530802649
-0.15,1.0306689071755903,5.2,-0.6995071222415252,-0.015394495628007546,0.9690531595492927,1.0031534837244915
-0.15,1.0306689071755903,5.25,-0.6979466859617094,-0.015810756976578307,0.9698240615091214,1.0030871288289358
-0.15,1.0306689071755903,5.300000000000001,-0.6963456419649372,-0.016206780986062926,0.970570869059261,1.003022420400737
-0.15,1.0306689071755903,5.3500000000000005,-0.6947059767091525,-0.01658331053342719,0.9712944656194895,1.0029593139493713
-0.15,1.0306689071755903,5.4,-0.6930296035943582,-0.016941063602146682,0.971995698316228,1.0028977661825196
-0.15,1.0306689071755903,5.45,-0.6913183654164525,-0.017280733955361897,0.9726753795982195,1.0028377349795208
-0.15,1.0306689071755903,5.5,-0.6895740367551353,-0.017602991806715835,0.9733342887765959,1.00277917936484
-0.15,1.0306689071755903,5.550000000000001,-0.687798326296125,-0.017908484486995457,0.9739731734929397,1.0027220594816277
-0.15,1.0306689071755903,5.6000000000000005,-0.6859928790880618,-0.01819783710493075,0.9745927511187437,1.0026663365654072
-0.15,1.0306689071755903,5.65,-0.6841592787345705,-0.018471653200716125,0.9751937100895505,1.0026119729179468
-0.15,1.0306689071755903,5.7,-0.6822990495220778,-0.018730515391010016,0.9757767111768784,1.002558931881356
-0.15,1.0306689071755903,5.75,-0.6804136584840756,-0.018974986004341783,0.9763423887009123,1.002507177812437
-0.15,1.0306689071755903,5.800000000000001,-0.6785045174026089,-0.019205607706011665,0.9768913516867872,1.0024566760573381
-0.15,1.0306689071755903,5.8500000000000005,-0.6765729847478877,-0.019422904111710406,0.9774241849671695,1.002407392926525
-0.15,1.0306689071755903,5.9,-0.6746203675569715,-0.019627380389213116,0.9779414502337082,1.0023592956701
-0.15,1.0306689071755903,5.95,-0.6726479232526027,-0.019819523847615983,0.978443687039804,1.0023123524534976
-0.15,1.0306689071755903,6.0,-0.6706568614033062,-0.01999980451368784,0.9789314137570381,1.0022665323335607
-0.15,1.0306689071755903,6.050000000000001,-0.668648345425965,-0.020168675695000932,0.9794051284874733,1.0022218052350338
-0.15,1.0306689071755903,6.1000000000000005,-0.6666234942321386,-0.0203265745295873,0.9798653099339546,1.002178141927468
-0.15,1.0306689071755903,6.15,-0.6645833838194408,-0.020473922521941825,0.9803124182304139,1.0021355140025592
-0.15,1.0306689071755903,6.2,-0.6625290488093545,-0.020611126065258053,0.9807468957341042,1.0020938938519317
-0.15,1.0306689071755903,6.25,-0.6604614839328719,-0.020738576949841336,0.9811691677815794,1.0020532546453618
-0.15,1.0306689071755903,6.300000000000001,-0.6583816454654055,-0.02085665285769587,0.9815796434101632,1.0020135703094608
-0.15,1.0306689071755903,6.3500000000000005,-0.6562904526124083,-0.020965717843327417,0.9819787160465532,1.0019748155068118
-0.15,1.0306689071755903,6.4,-0.6541887888471655,-0.021066122800843804,0.9823667641641323,1.0019369656155663
-0.15,1.0306689071755903,6.45,-0.6520775032022089,-0.021158205917470335,0.9827441519104843,1.0018999967095052
-0.15,1.0306689071755903,6.5,-0.649957411515809,-0.021242293113627738,0.9831112297065301,1.0018638855385533
-0.15,1.0306689071755903,6.550000000000001,-0.6478292976349701,-0.021318698469747047,0.9834683348186454,1.0018286095097577
-0.15,1.0306689071755903,6.6000000000000005,-0.6456939145763484,-0.021387724640018115,0.9838157919050299,1.001794146668722
-0.15,1.0306689071755903,6.65,-0.6435519856464672,-0.021449663253288117,0.9841539135375714,1.0017604756814926
-0.15,1.0306689071755903,6.7,-0.6414042055225941,-0.021504795301343173,0.9844830007003522,1.0017275758168993
-0.15,1.0306689071755903,6.75,-0.6392512412955855,-0.021553391514819012,0.9848033432659057,1.001695426929332
-0.15,1.0306689071755903,6.800000000000001,-0.6370937334759891,-0.02159571272699888,0.9851152204502853,1.0016640094419689
-0.15,1.0306689071755903,6.8500000000000005,-0.6349322969646362,-0.02163201022576523,0.9854189012479352,1.0016333043304304
-0.15,1.0306689071755903,6.9,-0.6327675219889328,-0.02166252609397895,0.9857146448473166,1.0016032931068646
-0.15,1.0306689071755903,6.95,-0.6305999750059977,-0.021687493538565923,0.9860027010282005,1.0015739578044542
-0.15,1.0306689071755903,7.0,-0.6284301995737793,-0.021707137208593144,0.9862833105414778,1.0015452809623389
-0.15,1.0306689071755903,7.050000000000001,-0.6262587171912163,-0.02172167350262062,0.9865567054723143,1.0015172456109416
-0.15,1.0306689071755903,7.1000000000000005,-0.6240860281084972,-0.021731310865615066,0.9868231095874245,1.0014898352576997
-0.15,1.0306689071755903,7.15,-0.6219126121084088,-0.02173625007571242,0.9870827386672023,1.001463033873186
-0.15,1.0306689071755903,7.2,-0.6197389292597494,-0.021736684521114734,0.9873358008234192,1.0014368258776132
-0.15,1.0306689071755903,7.25,-0.6175654206437429,-0.021732800467405715,0.9875824968031578,1.0014111961277186
-0.15,1.0306689071755903,7.300000000000001,-0.6153925090543466,-0.021724777315566275,0.9878230202796117,1.0013861299040125
-0.15,1.0306689071755903,7.3500000000000005,-0.6132205996733396,-0.021712787850968692,0.9880575581303719,1.0013616128983918
-0.15,1.0306689071755903,7.4,-0.6110500807210277,-0.021696998483624268,0.9882862907037577,1.001337631202105
-0.15,1.0306689071755903,7.45,-0.6088813240833839,-0.021677569479954764,0.9885093920737651,1.0013141712940568
-0.15,1.0306689071755903,7.5,-0.6067146859164281,-0.021654655186354257,0.9887270302841308,1.0012912200294557
-0.15,1.0306689071755903,7.550000000000001,-0.6045505072286045,-0.02162840424480214,0.9889393675820257,1.0012687646287852
-0.15,1.0306689071755903,7.6000000000000005,-0.6023891144419221,-0.02159895980078363,0.9891465606418481,1.001246792667097
-0.15,1.0306689071755903,7.65,-0.6002308199325691,-0.021566459703768134,0.9893487607795576,1.0012252920636133
-0.15,1.0306689071755903,7.7,-0.5980759225517276,-0.02153103670049076,0.9895461141579931,1.0012042510716364
-0.15,1.0306689071755903,7.75,-0.5959247081272709,-0.021492818621275975,0.9897387619835732,1.001183658268754
-0.15,1.0306689071755903,7.800000000000001,-0.593777449947011,-0.021451928559637016,0.9899268406947704,1.0011635025473309
-0.15,1.0306689071755903,7.8500000000000005,-0.5916344092241591,-0.021408485045378525,0.9901104821427288,1.0011437731052801
-0.15,1.0306689071755903,7.9,-0.589495835545632,-0.02136260221142378,0.9902898137643819,1.0011244594371156
-0.15,1.0306689071755903,7.95,-0.5873619673038182,-0.021314389954582104,0.9904649587483961,1.0011055513252582
-0.15,1.0306689071755903,8.0,-0.5852330321124135,-0.021263954090466157,0.9906360361942765,1.001087038831613
-0.15,1.0306689071755903,8.05,-0.5831092472069044,-0.021211396502762245,0.9908031612649191,1.0010689122893859
-0.15,1.0306689071755903,8.1,-0.5809908198302689,-0.02115681528705164,0.9909664453329189,1.001051162295155
-0.15,1.0306689071755903,8.15,-0.5788779476044443,-0.02110030488937438,0.9911259961208958,1.0010337797011737
-0.15,1.0306689071755903,8.200000000000001,-0.5767708188880959,-0.02104195623972164,0.9912819178361146,1.0010167556079046
-0.15,1.0306689071755903,8.25,-0.5746696131211994,-0.020981856880636668,0.9914343112996342,1.0010000813567799
-0.15,1.0306689071755903,8.3,-0.5725745011569408,-0.02092009109109901,0.991583274070247,1.0009837485231778
-0.15,1.0306689071755903,8.35,-0.5704856455814097,-0.020856740005860876,0.9917289005634128,1.0009677489096132
-0.15,1.0306689071755903,8.4,-0.5684032010215573,-0.020791881730399198,0.991871282165428,1.000952074539127
-0.15,1.0306689071755903,8.450000000000001,-0.5663273144418591,-0.02072559145164186,0.9920105073430203,1.0009367176488828
-0.15,1.0306689071755903,8.5,-0.5642581254301192,-0.020657941544620577,0.9921466617485716,1.000921670683951
-0.15,1.0306689071755903,8.55,-0.5621957664728319,-0.020589001675198934,0.9922798283211657,1.0009069262912849
-0.15,1.0306689071755903,8.6,-0.560140363220494,-0.02051883889901812,0.9924100873836277,1.0008924773138732
-0.15,1.0306689071755903,8.65,-0.558092034743254,-0.020447517756798546,0.9925375167357438,1.0008783167850768
-0.15,1.0306689071755903,8.700000000000001,-0.5560508937772659,-0.02037510036613077,0.9926621917437995,1.000864437923129
-0.15,1.0306689071755903,8.75,-0.5540170469620989,-0.020301646509884506,0.9927841854266265,1.0008508341258089
-0.15,1.0306689071755903,8.8,-0.5519905950695394,-0.020227213721359775,0.9929035685382761,1.0008374989652702
-0.15,1.0306689071755903,8.85,-0.5499716332241124,-0.020151857366300596,0.993020409647482,1.0008244261830295
-0.15,1.0306689071755903,8.9,-0.5479602511156272,-0.020075630721886333,0.9931347752140387,1.0008116096851079
-0.15,1.0306689071755903,8.950000000000001,-0.545956533204049,-0.019998585052813003,0.9932467296622314,1.0007990435373137
-0.15,1.0306689071755903,9.0,-0.5439605589169791,-0.019920769684571578,0.9933563354514316,1.000786721960673
-0.15,1.0306689071755903,9.05,-0.541972402840012,-0.01984223207402756,0.9934636531439943,1.000774639326996
-0.15,1.0306689071755903,9.1,-0.5399921349002375,-0.019763017877401576,0.9935687414705465,1.00076279015458
-0.15,1.0306689071755903,9.15,-0.5380198205431305,-0.01968317101574773,0.9936716573927984,1.0007511691040356
-0.15,1.0306689071755903,9.200000000000001,-0.5360555209030727,-0.019602733738022356,0.9937724561639617,1.0007397709742458
-0.15,1.0306689071755903,9.25,-0.5340992929677351,-0.019521746681833152,0.9938711913868873,1.0007285906984447
-0.15,1.0306689071755903,9.3,-0.5321511897365366,-0.01944024893195461,0.9939679150700067,1.0007176233404116
-0.15,1.0306689071755903,9.35,-0.5302112603734015,-0.01935827807669317,0.9940626776811752,1.000706864090784
-0.15,1.0306689071755903,9.4,-0.5282795503540046,-0.019275870262182134,0.9941555281994943,1.0006963082634794
-0.15,1.0306689071755903,9.450000000000001,-0.5263561016077125,-0.0191930602446833,0.9942465141652057,1.0006859512922224
-0.15,1.0306689071755903,9.5,-0.5244409526543999,-0.019109881440969922,0.9943356817277269,1.0006757887271818
-0.15,1.0306689071755903,9.55,-0.5225341387363287,-0.01902636597686223,0.9944230756919068,1.0006658162317028
-0.15,1.0306689071755903,9.600000000000001,-0.5206356919452568,-0.018942544733984632,0.9945087395625752,1.000656029579139
-0.15,1.0306689071755903,9.65,-0.5187456413449552,-0.018858447394810754,0.9945927155874551,1.000646424649783
-0.15,1.0306689071755903,9.700000000000001,-0.5168640130892803,-0.018774102486060127,0.9946750447984928,1.0006369974278821
-0.15,1.0306689071755903,9.75,-0.5149908305359783,-0.018689537420508426,0.9947557670516926,1.0006277439987497
-0.15,1.0306689071755903,9.8,-0.5131261143563509,-0.018604778537269592,0.9948349210654858,1.0006186605459548
-0.15,1.0306689071755903,9.850000000000001,-0.5112698826409477,-0.01851985114060762,0.9949125444577188,1.0006097433486065
-0.15,1.0306689071755903,9.9,-0.5094221510014114,-0.01843477953733236,0.9949886737812992,1.0006009887787088
-0.15,1.0306689071755903,9.950000000000001,-0.5075829326686249,-0.018349587072832164,0.9950633445585586,1.0005923932985992
-0.15,1.0306689071755903,10.0,-0.5057522385872812,-0.018264296165794225,0.9951365913143796,1.000583953458462
-0.15,1.0306689071755903,10.05,-0.503930077507014,-0.018178928341661307,0.9952084476081431,1.0005756658939164
-0.15,1.0306689071755903,10.100000000000001,-0.502116456070205,-0.01809350426487223,0.9952789460645304,1.0005675273236758
-0.15,1.0306689071755903,10.15,-0.500311378896591,-0.018008043769930766,0.9953481184032346,1.0005595345472715
-0.15,1.0306689071755903,10.200000000000001,-0.49851484866478674,-0.017922565891347143,0.9954159954676188,1.0005516844428535
-0.15,1.0306689071755903,10.25,-0.49672686619083617,-0.01783708889249356,0.9954826072523643,1.0005439739650466
-0.15,1.0306689071755903,10.3,-0.49494743050389495,-0.01775163029341422,0.9955479829301448,1.000536400142873
-0.15,1.0306689071755903,10.350000000000001,-0.4931765389191584,-0.01766620689762874,0.9956121508773673,1.0005289600777376
-0.15,1.0306689071755903,10.4,-0.49141418710812773,-0.017580834817966077,0.9956751386990152,1.0005216509414705
-0.15,1.0306689071755903,10.450000000000001,-0.48966036916631583,-0.01749552950146508,0.9957369732526251,1.0005144699744266
-0.15,1.0306689071755903,10.5,-0.4879150776784875,-0.017410305753375963,0.9957976806714306,1.0005074144836403
-0.15,1.0306689071755903,10.55,-0.4861783037815258,-0.017325177760296354,0.9958572863867148,1.0005004818410388
-0.15,1.0306689071755903,10.600000000000001,-0.4844500372250105,-0.01724015911247347,0.9959158151493792,1.0004936694816982
-0.15,1.0306689071755903,10.65,-0.4827302664295937,-0.0171552628253035,0.9959732910507854,1.000486974902159
-0.15,1.0306689071755903,10.700000000000001,-0.48101897854325815,-0.017070501360057746,0.9960297375428773,1.000480395658787
-0.15,1.0306689071755903,10.75,-0.47931615949553263,-0.016985886643863926,0.9960851774576194,1.0004739293661817
-0.15,1.0306689071755903,10.8,-0.4776217940497448,-0.016901430088970302,0.9961396330257734,1.0004675736956279
-0.15,1.0306689071755903,10.850000000000001,-0.4759358658533784,-0.016817142611318687,0.9961931258950405,1.000461326373599
-0.15,1.0306689071755903,10.9,-0.4742583574866141,-0.016733034648452074,0.9962456771475927,1.0004551851802985
-0.15,1.0306689071755903,10.950000000000001,-0.47258925050911327,-0.016649116176781137,0.9962973073170133,1.0004491479482405
-0.15,1.0306689071755903,11.0,-0.4709285255051168,-0.016565396728233074,0.9963480364046684,1.000443212560878
-0.15,1.0306689071755903,11.05,-0.46927616212691386,-0.01648188540630567,0.9963978838955371,1.0004373769512684
-0.15,1.0306689071755903,11.100000000000001,-0.46763213913675034,-0.01639859090154802,0.9964468687735082,1.0004316391007713
-0.15,1.0306689071755903,11.15,-0.4659964344472258,-0.016315521506489225,0.9964950095361738,1.0004259970377916
-0.15,1.0306689071755903,11.200000000000001,-0.46436902516024003,-0.016232685130034976,0.9965423242091348,1.000420448836553
-0.15,1.0306689071755903,11.25,-0.4627498876045386,-0.016150089311351583,0.996588830359832,1.000414992615909
-0.15,1.0306689071755903,11.3,-0.4611389973719138,-0.01606774123325601,0.9966345451109261,1.0004096265381857
-0.15,1.0306689071755903,11.350000000000001,-0.4595363293521027,-0.015985647735130164,0.9966794851532377,1.000404348808059
-0.15,1.0306689071755903,11.4,-0.457941857766436,-0.015903815325376342,0.996723666758268,1.0003991576714635
-0.15,1.0306689071755903,11.450000000000001,-0.4563555562002779,-0.01582225019343094,0.9967671057903099,1.0003940514145295
-0.15,1.0306689071755903,11.5,-0.4547773976343037,-0.015740958221352127,0.9968098177181711,1.000389028362554
-0.15,1.0306689071755903,11.55,-0.4532073544746541,-0.0156599449949971,0.9968518176265114,1.000384086878997
-0.15,1.0306689071755903,11.600000000000001,-0.4516453985820071,-0.015579215814803801,0.9968931202268264,1.0003792253645074
-0.15,1.0306689071755903,11.65,-0.45009150129960646,-0.015498775706191256,0.9969337398680688,1.0003744422559775
-0.15,1.0306689071755903,11.700000000000001,-0.4485456334802803,-0.015418629429592472,0.9969736905469352,1.000369736025621
-0.15,1.0306689071755903,11.75,-0.4470077655124888,-0.015338781490133074,0.997012985917826,1.000365105180077
-0.15,1.0306689071755903,11.8,-0.44547786734543243,-0.015259236146968478,0.9970516393024872,1.0003605482595443
-0.15,1.0306689071755903,11.850000000000001,-0.4439559085132544,-0.015179997422291912,0.9970896636993495,1.0003560638369304
-0.15,1.0306689071755903,11.9,-0.44244185815836545,-0.015101069110025046,0.9971270717925693,1.0003516505170318
-0.15,1.0306689071755903,11.950000000000001,-0.44093568505392605,-0.015022454784202777,0.9971638759607899,1.000347306935732
-0.15,1.0306689071755903,12.0,-0.4394373576255108,-0.014944157807062985,0.9972000882856268,1.0003430317592272
-0.15,1.0306689071755903,12.05,-0.43794684397198375,-0.014866181336851973,0.9972357205598872,1.000338823683266
-0.15,1.0306689071755903,12.100000000000001,-0.4364641118856114,-0.014788528335355659,0.9972707842955353,1.0003346814324163
-0.15,1.0306689071755903,12.15,-0.4349891288714401,-0.01471120157516638,0.9973052907314102,1.0003306037593478
-0.15,1.0306689071755903,12.200000000000001,-0.43352186216596067,-0.014634203646694802,0.9973392508407036,1.000326589444136
-0.15,1.0306689071755903,12.25,-0.4320622787550861,-0.014557536964935948,0.9973726753382129,1.000322637293588
-0.15,1.0306689071755903,12.3,-0.4306103453914637,-0.01448120377599804,0.9974055746873639,1.0003187461405783
-0.15,1.0306689071755903,12.350000000000001,-0.42916602861114583,-0.014405206163402877,0.9974379591070227,1.000314914843414
-0.15,1.0306689071755903,12.4,-0.42772929474963783,-0.014329546054165539,0.997469838578103,1.0003111422852065
-0.15,1.0306689071755903,12.450000000000001,-0.4263001099573471,-0.01425422522466141,0.9975012228499663,1.0003074273732655
-0.15,1.0306689071755903,12.5,-0.424878440214452,-0.014179245306288151,0.9975321214466321,1.0003037690385128
-0.15,1.0306689071755903,12.55,-0.4234642513452098,-0.01410460779092965,0.9975625436728004,1.0003001662349018
-0.15,1.0306689071755903,12.600000000000001,-0.42205750903172135,-0.014030314036229195,0.9975924986196922,1.0002966179388624
-0.15,1.0306689071755903,12.65,-0.42065817882717427,-0.013956365270678513,0.9976219951707136,1.0002931231487542
-0.15,1.0306689071755903,12.700000000000001,-0.4192662261685793,-0.013882762598529063,0.9976510420069551,1.0002896808843398
-0.15,1.0306689071755903,12.75,-0.4178816163890149,-0.013809507004532094,0.9976796476125203,1.0002862901862661
-0.15,1.0306689071755903,12.8,-0.41650431472940413,-0.013736599358513258,0.997707820279702,1.000282950115565
-0.15,1.0306689071755903,12.850000000000001,-0.4151342863498317,-0.013664040419787792,0.9977355681140032,1.0002796597531625
-0.15,1.0306689071755903,12.9,-0.4137714963404206,-0.013591830841421711,0.9977628990390084,1.0002764181994064
-0.15,1.0306689071755903,12.950000000000001,-0.41241590973178344,-0.013519971174344518,0.997789820801114,1.0002732245735986
-0.15,1.0306689071755903,13.0,-0.4110674915050624,-0.013448461871318625,0.9978163409741184,1.0002700780135476
-0.15,1.0306689071755903,13.05,-0.40972620660157144,-0.01337730329077043,0.9978424669636793,1.0002669776751296
-0.15,1.0306689071755903,13.100000000000001,-0.4083920199320567,-0.013306495700488016,0.9978682060116394,1.0002639227318582
-0.15,1.0306689071755903,13.15,-0.40706489638558463,-0.013236039281189983,0.9978935652002262,1.0002609123744701
-0.15,1.0306689071755903,13.200000000000001,-0.40574480083807485,-0.013165934129970035,0.9979185514561362,1.00025794581052
-0.15,1.0306689071755903,13.25,-0.4044316981604877,-0.01309618026362159,0.9979431715544905,1.000255022263984
-0.15,1.0306689071755903,13.3,-0.4031255532266789,-0.013026777621846562,0.9979674321226862,1.0002521409748755
-0.15,1.0306689071755903,13.350000000000001,-0.4018263309209346,-0.012957726070352511,0.9979913396441351,1.0002493011988716
-0.15,1.0306689071755903,13.4,-0.40053399614519525,-0.01288902540384171,0.9980149004618886,1.0002465022069449
-0.15,1.0306689071755903,13.450000000000001,-0.39924851382598325,-0.012820675348896318,0.998038120782172,1.000243743285013
-0.15,1.0306689071755903,13.5,-0.397969848921042,-0.012752675566762807,0.9980610066778068,1.0002410237335868
-0.15,1.0306689071755903,13.55,-0.3966979664256962,-0.01268502565603953,0.9980835640915418,1.000238342867435
-0.15,1.0306689071755903,13.600000000000001,-0.39543283137894825,-0.012617725155270496,0.99810579883929,1.0002357000152564
-0.15,1.0306689071755903,13.65,-0.3941744088693138,-0.012550773545448743,0.9981277166132736,1.000233094519358
-0.15,1.0306689071755903,13.700000000000001,-0.39292266404041093,-0.012484170252432364,0.9981493229850787,1.0002305257353419
-0.15,1.0306689071755903,13.75,-0.3916775620963093,-0.01241791464927627,0.9981706234086299,1.0002279930318023
-0.15,1.0306689071755903,13.8,-0.39043906830664815,-0.012352006058482499,0.9981916232230778,1.0002254957900283
-0.15,1.0306689071755903,13.850000000000001,-0.38920714801153583,-0.01228644375417196,0.9982123276556052,1.000223033403714
-0.15,1.0306689071755903,13.9,-0.38798176662622996,-0.012221226964180225,0.9982327418241603,1.0002206052786784
-0.15,1.0306689071755903,13.950000000000001,-0.3867628896456164,-0.01215635487208011,0.9982528707401106,1.0002182108325866
-0.15,1.0306689071755903,14.0,-0.38555048264848796,-0.012091826619133442,0.9982727193108266,1.000215849494689
-0.15,1.0306689071755903,14.05,-0.38434451130163044,-0.012027641306174433,0.998292292342191,1.000213520705552
-0.15,1.0306689071755903,14.100000000000001,-0.38314494136372834,-0.011963797995427126,0.998311594541041,1.0002112239168084
-0.15,1.0306689071755903,14.15,-0.3819517386890911,-0.011900295712259104,0.9983306305175489,1.0002089585909089
-0.15,1.0306689071755903,14.200000000000001,-0.380764869231208,-0.01183713344687351,0.9983494047875279,1.0002067242008772
-0.15,1.0306689071755903,14.25,-0.3795842990461407,-0.011774310155941785,0.9983679217746833,1.0002045202300767
-0.15,1.0306689071755903,14.3,-0.37840999429575684,-0.011711824764178843,0.9983861858128007,1.0002023461719787
-0.15,1.0306689071755903,14.350000000000001,-0.377241921250811,-0.011649676165862847,0.9984042011478768,1.0002002015299394
-0.15,1.0306689071755903,14.4,-0.3760800462938784,-0.0115878632263014,0.9984219719401869,1.000198085816978
-0.15,1.0306689071755903,14.450000000000001,-0.37492433592214974,-0.011526384783245944,0.9984395022663057,1.0001959985555668
-0.15,1.0306689071755903,14.5,-0.37377475675008665,-0.01146523964825626,0.9984567961210687,1.00019393927742
-0.15,1.0306689071755903,14.55,-0.3726312755119483,-0.01140442660801654,0.9984738574194818,1.0001919075232908
-0.15,1.0306689071755903,14.600000000000001,-0.37149385906419147,-0.011343944425605055,0.9984906899985831,1.0001899028427756
-0.15,1.0306689071755903,14.65,-0.37036247438774855,-0.011283791841718462,0.9985072976192509,1.0001879247941166
-0.15,1.0306689071755903,14.700000000000001,-0.36923708859018795,-0.011223967575852825,0.9985236839679693,1.0001859729440161
-0.15,1.0306689071755903,14.75,-0.3681176689077631,-0.011164470327442489,0.9985398526585434,1.000184046867451
-0.15,1.0306689071755903,14.8,-0.3670041827073507,-0.011105298776958317,0.9985558072337721,1.000182146147494
-0.15,1.0306689071755903,14.850000000000001,-0.36589659748828635,-0.01104645158696673,0.9985715511670747,1.0001802703751361
-0.15,1.0306689071755903,14.9,-0.3647948808840973,-0.010987927403150827,0.9985870878640768,1.0001784191491188
-0.15,1.0306689071755903,14.950000000000001,-0.36369900066413874,-0.010929724855294809,0.9986024206641573,1.0001765920757637
-0.15,1.0306689071755903,15.0,-0.36260892473513556,-0.010871842558233126,0.9986175528419485,1.0001747887688117
-0.15,1.0306689071755903,15.05,-0.3615246211426345,-0.010814279112765317,0.9986324876088054,1.0001730088492635
-0.15,1.0306689071755903,15.100000000000001,-0.36044605807236846,-0.010757033106537897,0.9986472281142323,1.0001712519452228
-0.15,1.0306689071755903,15.15,-0.35937320385153654,-0.010700103114894298,0.9986617774472745,1.000169517691747
-0.15,1.0306689071755903,15.200000000000001,-0.35830602695000296,-0.010643487701693956,0.9986761386378731,1.0001678057306969
-0.15,1.0306689071755903,15.25,-0.35724449598141794,-0.010587185420101628,0.9986903146581884,1.0001661157105945
-0.15,1.0306689071755903,15.3,-0.3561885797042623,-0.010531194813347907,0.9987043084238844,1.00016444728648
-0.15,1.0306689071755903,15.350000000000001,-0.35513824702282126,-0.010475514415461925,0.998718122795387,1.0001628001197742
-0.15,1.0306689071755903,15.4,-0.35409346698808447,-0.010420142751977179,0.9987317605791054,1.0001611738781455
-0.15,1.0306689071755903,15.450000000000001,-0.35305420879858124,-0.010365078340611377,0.9987452245286241,1.0001595682353768
-0.15,1.0306689071755903,15.5,-0.3520204418011496,-0.010310319691921177,0.9987585173458673,1.0001579828712386
-0.15,1.0306689071755903,15.55,-0.3509921354916404,-0.010255865309932763,0.9987716416822326,1.0001564174713624
-0.15,1.0306689071755903,15.600000000000001,-0.3499692595155632,-0.010201713692748856,0.9987846001396916,1.0001548717271198
-0.15,1.0306689071755903,15.65,-0.3489517836686712,-0.010147863333133226,0.9987973952718727,1.0001533453355018
-0.15,1.0306689071755903,15.700000000000001,-0.34793967789749064,-0.01009431271907322,0.9988100295851107,1.0001518379990018
-0.15,1.0306689071755903,15.75,-0.3469329122997945,-0.01004106033432122,0.9988225055394689,1.000150349425504
-0.15,1.0306689071755903,15.8,-0.34593145712502416,-0.009988104658915666,0.9988348255497425,1.0001488793281679
-0.15,1.0306689071755903,15.850000000000001,-0.3449352827746596,-0.009935444169682336,0.9988469919864308,1.000147427425324
-0.15,1.0306689071755903,15.9,-0.34394435980254023,-0.009883077340716537,0.9988590071766891,1.0001459934403645
-0.15,1.0306689071755903,15.950000000000001,-0.3429586589151387,-0.009831002643846964,0.9988708734052566,1.0001445771016397
-0.15,1.0306689071755903,16.0,-0.3419781509717885,-0.009779218549081597,0.9988825929153622,1.0001431781423589
-0.15,1.0306689071755903,16.05,-0.3410028069848679,-0.009727723525036577,0.9988941679096051,1.0001417963004862
-0.15,1.0306689071755903,16.1,-0.3400325981199406,-0.009676516039348344,0.9989056005508208,1.0001404313186493
-0.15,1.0306689071755903,16.150000000000002,-0.339067495695855,-0.0096255945590697,0.9989168929629176,1.0001390829440417
-0.15,1.0306689071755903,16.2,-0.3381074711848065,-0.009574957551050488,0.9989280472316991,1.0001377509283305
-0.15,1.0306689071755903,16.25,-0.33715249621235743,-0.00952460348230315,0.9989390654056666,1.0001364350275659
-0.15,1.0306689071755903,16.3,-0.3362025425574236,-0.009474530820353844,0.9989499494967966,1.000135135002093
-0.15,1.0306689071755903,16.35,-0.3352575821522241,-0.009424738033579565,0.9989607014813094,1.0001338506164654
-0.15,1.0306689071755903,16.400000000000002,-0.33431758708219694,-0.009375223591531768,0.9989713233004096,1.000132581639361
-0.15,1.0306689071755903,16.45,-0.33338252958588216,-0.009325985965246895,0.9989818168610134,1.0001313278434985
-0.15,1.0306689071755903,16.5,-0.3324523820547732,-0.009277023627544262,0.9989921840364618,1.0001300890055573
-0.15,1.0306689071755903,16.55,-0.3315271170331384,-0.009228335053311857,0.9990024266672101,1.0001288649060993
-0.15,1.0306689071755903,16.6,-0.33060670721781193,-0.009179918719780187,0.9990125465615067,1.0001276553294893
-0.15,1.0306689071755903,16.650000000000002,-0.32969112545795815,-0.009131773106784915,0.9990225454960531,1.0001264600638224
-0.15,1.0306689071755903,16.7,-0.32878034475480844,-0.009083896697018392,0.9990324252166501,1.0001252789008495
-0.15,1.0306689071755903,16.75,-0.32787433826137147,-0.009036287976270617,0.9990421874388259,1.0001241116359019
-0.15,1.0306689071755903,16.8,-0.3269730792821197,-0.008988945433659922,0.9990518338484565,1.0001229580678268
-0.15,1.0306689071755903,16.85,-0.32607654127265157,-0.008941867561853752,0.9990613661023608,1.0001218179989122
-0.15,1.0306689071755903,16.900000000000002,-0.32518469783933035,-0.008895052857279881,0.9990707858288936,1.0001206912348237
-0.15,1.0306689071755903,16.95,-0.3242975227389022,-0.008848499820328351,0.9990800946285147,1.0001195775845355
-0.15,1.0306689071755903,17.0,-0.3234149898780917,-0.008802206955544522,0.9990892940743531,1.0001184768602691
-0.15,1.0306689071755903,17.05,-0.3225370733131794,-0.008756172771813486,0.999098385712754,1.0001173888774275
-0.15,1.0306689071755903,17.1,-0.3216637472495583,-0.008710395782536105,0.9991073710638125,1.0001163134545326
-0.15,1.0306689071755903,17.150000000000002,-0.3207949860412732,-0.008664874505797091,0.999116251621897,1.000115250413169
-0.15,1.0306689071755903,17.2,-0.31993076419054145,-0.00861960746452523,0.9991250288561608,1.0001141995779192
-0.15,1.0306689071755903,17.25,-0.31907105634725935,-0.00857459318664617,0.9991337042110429,1.0001131607763123
-0.15,1.0306689071755903,17.3,-0.3182158373084893,-0.008529830205227911,0.9991422791067529,1.000112133838761
-0.15,1.0306689071755903,17.35,-0.3173650820179349,-0.008485317058619355,0.99915075493975,1.0001111185985103
-0.15,1.0306689071755903,17.400000000000002,-0.3165187655654001,-0.00844105229058207,0.9991591330832104,1.0001101148915816
-0.15,1.0306689071755903,17.45,-0.31567686318623545,-0.008397034450415532,0.9991674148874811,1.0001091225567218
-0.15,1.0306689071755903,17.5,-0.31483935026076953,-0.008353262093076071,0.9991756016805259,1.0001081414353465
-0.15,1.0306689071755903,17.55,-0.31400620231373194,-0.008309733779289773,0.9991836947683619,1.000107171371496
-0.15,1.0306689071755903,17.6,-0.3131773950136608,-0.0082664480756595,0.9991916954354862,1.0001062122117799
-0.15,1.0306689071755903,17.650000000000002,-0.3123529041723015,-0.008223403554766211,0.9991996049452901,1.0001052638053312
-0.15,1.0306689071755903,17.7,-0.311532705743994,-0.008180598795264879,0.9992074245404683,1.0001043260037592
-0.15,1.0306689071755903,17.75,-0.3107167758250508,-0.008138032381975106,0.9992151554434153,1.0001033986610992
-0.15,1.0306689071755903,17.8,-0.3099050906531272,-0.008095702905966659,0.9992227988566181,1.0001024816337718
-0.15,1.0306689071755903,17.85,-0.3090976266065794,-0.008053608964640075,0.9992303559630346,1.0001015747805357
-0.15,1.0306689071755903,17.900000000000002,-0.30829436020381856,-0.008011749161802544,0.999237827926466,1.0001006779624433
-0.15,1.0306689071755903,17.95,-0.30749526810265426,-0.007970122107739262,0.999245215891923,1.0000997910427993
-0.15,1.0306689071755903,18.0,-0.3067003270996325,-0.00792872641928028,0.9992525209859806,1.0000989138871186
-0.15,1.0306689071755903,18.05,-0.30590951412936684,-0.007887560719863209,0.9992597443171288,1.000098046363084
-0.15,1.0306689071755903,18.1,-0.305122806263863,-0.00784662363959174,0.9992668869761108,1.0000971883405076
-0.15,1.0306689071755903,18.150000000000002,-0.3043401807118389,-0.007805913815290275,0.9992739500362611,1.0000963396912916
-0.15,1.0306689071755903,18.2,-0.30356161481803784,-0.007765429890554686,0.9992809345538273,1.000095500289387
-0.15,1.0306689071755903,18.25,-0.30278708606253846,-0.007725170515799424,0.9992878415682939,1.0000946700107602
-0.15,1.0306689071755903,18.3,-0.30201657206005983,-0.007685134348301122,0.9992946721026917,1.0000938487333522
-0.15,1.0306689071755903,18.35,-0.30125005055926196,-0.00764532005223869,0.9993014271639069,1.0000930363370437
-0.15,1.0306689071755903,18.400000000000002,-0.3004874994420434,-0.007605726298730225,0.9993081077429775,1.0000922327036215
-0.15,1.0306689071755903,18.45,-0.2997288967228359,-0.007566351765866672,0.9993147148153894,1.0000914377167405
-0.15,1.0306689071755903,18.5,-0.2989742205478945,-0.007527195138742412,0.9993212493413617,1.0000906512618923
-0.15,1.0306689071755903,18.55,-0.29822344919458765,-0.007488255109483038,0.9993277122661263,1.0000898732263708
-0.15,1.0306689071755903,18.6,-0.2974765610706822,-0.007449530377270109,0.9993341045202059,1.000089103499239
-0.15,1.0306689071755903,18.650000000000002,-0.2967335347136292,-0.007411019648363306,0.9993404270196814,1.0000883419712987
-0.15,1.0306689071755903,18.7,-0.2959943487898455,-0.007372721636119923,0.9993466806664552,1.000087588535058
-0.15,1.0306689071755903,18.75,-0.2952589820939961,-0.007334635061011786,0.9993528663485094,1.0000868430847003
-0.15,1.0306689071755903,18.8,-0.29452741354827383,-0.007296758650639786,0.9993589849401588,1.000086105516055
-0.15,1.0306689071755903,18.85,-0.2937996222016792,-0.007259091139746056,0.999365037302297,1.0000853757265682
-0.15,1.0306689071755903,18.900000000000002,-0.2930755872292991,-0.00722163127022384,0.9993710242826405,1.000084653615273
-0.15,1.0306689071755903,18.95,-0.29235528793158483,-0.007184377791125288,0.999376946715965,1.0000839390827618
-0.15,1.0306689071755903,19.0,-0.2916387037336314,-0.007147329458667039,0.9993828054243361,1.0000832320311583
-0.15,1.0306689071755903,19.05,-0.2909258141844544,-0.007110485036233914,0.9993886012173399,1.0000825323640907
-0.15,1.0306689071755903,19.1,-0.2902165989562699,-0.007073843294380597,0.9993943348923016,1.0000818399866647
-0.15,1.0306689071755903,19.150000000000002,-0.2895110378437723,-0.007037403010831486,0.9994000072345088,1.0000811548054371
-0.15,1.0306689071755903,19.200000000000003,-0.28880911076341487,-0.0070011629704788,0.9994056190174211,1.000080476728392
-0.15,1.0306689071755903,19.25,-0.2881107977526892,-0.006965121965378883,0.9994111710028812,1.0000798056649125
-0.15,1.0306689071755903,19.3,-0.2874160789694076,-0.006929278794746936,0.9994166639413202,1.000079141525759
-0.15,1.0306689071755903,19.35,-0.2867249346909841,-0.006893632264950173,0.9994220985719581,1.0000784842230444
-0.15,1.0306689071755903,19.400000000000002,-0.28603734531371977,-0.006858181189499399,0.9994274756230006,1.0000778336702105
-0.15,1.0306689071755903,19.450000000000003,-0.28535329135208604,-0.006822924389039195,0.9994327958118319,1.0000771897820022
-0.15,1.0306689071755903,19.5,-0.28467275343801285,-0.006787860691336681,0.9994380598452057,1.0000765524744504
-0.15,1.0306689071755903,19.55,-0.2839957123201754,-0.006752988931268924,0.9994432684194267,1.000075921664845
-0.15,1.0306689071755903,19.6,-0.28332214886328544,-0.006718307950809114,0.9994484222205356,1.0000752972717137
-0.15,1.0306689071755903,19.650000000000002,-0.28265204404738203,-0.00668381659901146,0.9994535219244854,1.0000746792148028
-0.15,1.0306689071755903,19.700000000000003,-0.28198537896712605,-0.0066495137319949335,0.9994585681973166,1.0000740674150546
-0.15,1.0306689071755903,19.75,-0.2813221348310956,-0.006615398212925891,0.9994635616953266,1.000073461794587
-0.15,1.0306689071755903,19.8,-0.28066229296108414,-0.00658146891199959,0.9994685030652387,1.0000728622766735
-0.15,1.0306689071755903,19.85,-0.2800058347914009,-0.0065477247064207045,0.9994733929443655,1.0000722687857229
-0.15,1.0306689071755903,19.900000000000002,-0.27935274186817344,-0.006514164480382851,0.9994782319607706,1.0000716812472612
-0.15,1.0306689071755903,19.950000000000003,-0.27870299584865277,-0.006480787125047141,0.9994830207334257,1.0000710995879118
-0.15,1.0306689071755903,20.0,-0.2780565785005207,-0.006447591538519887,0.9994877598723657,1.000070523735376
-0.15,1.0306689071755903,20.1,-0.27677365743716537,-0.006381741298901918,0.9994970916454593,1.0000693891668364
-0.15,1.0306689071755903,20.28615468146082,-0.27442021875706896,-0.0062610532102462275,0.999513956811796,1.0000673363234955
-0.15,1.0306689071755903,20.47403342090323,-0.27209008254250344,-0.006141700385671099,0.9995303350998375,1.0000653396273522
-0.15,1.0306689071755903,20.663652185564246,-0.2697833754378323,-0.006023684903812653,0.9995462388350281,1.0000633975923598
-0.15,1.0306689071755903,20.855027090560313,-0.26750021900009263,-0.00590700848769446,0.9995616800406213,1.0000615087713742
-0.15,1.0306689071755903,21.04817440025684,-0.2652407296754232,-0.005791672515801263,0.9995766704459792,1.0000596717552173
-0.15,1.0306689071755903,21.243110529650455,-0.2630050187748417,-0.005677678032657907,0.9995912214946362,1.0000578851717585
-0.15,1.0306689071755903,21.439852045764102,-0.26079319244929644,-0.0055650257589252815,0.9996053443521281,1.0000561476850067
-0.15,1.0306689071755903,21.638415669054964,-0.2586053516639176,-0.005453716101025641,0.9996190499135931,1.0000544579942277
-0.15,1.0306689071755903,21.83881827483555,-0.25644159217138424,-0.00534374916030905,0.9996323488111529,1.0000528148330705
-0.15,1.0306689071755903,22.04107689470784,-0.254302004484339,-0.005235124741773401,0.9996452514210734,1.0000512169687141
-0.15,1.0306689071755903,22.245208718010712,-0.25218667384679394,-0.0051278423623502085,0.9996577678707173,1.00004966320103
-0.15,1.0306689071755903,22.4512310932809,-0.2500956802044884,-0.005021901258768267,0.9996699080452854,1.000048152361761
-0.15,1.0306689071755903,22.659161529727328,-0.24802909817419186,-0.004917300395007576,0.999681681594361,1.0000466833137145
-0.15,1.0306689071755903,22.86901769871915,-0.24598699701196877,-0.004814038469355606,0.9996930979382536,1.0000452549499754
-0.15,1.0306689071755903,23.080817435287667,-0.24396944058045378,-0.004712113921078035,0.9997041662741485,1.0000438661931323
-0.15,1.0306689071755903,23.294578739641963,-0.24197648731522808,-0.004611524936716078,0.9997148955820775,1.0000425159945192
-0.15,1.0306689071755903,23.510319778698783,-0.2400081901904066,-0.004512269456022274,0.9997252946306936,1.0000412033334771
-0.15,1.0306689071755903,23.72805888762644,-0.23806459668359245,-0.004414345177546714,0.9997353719828793,1.000039927216624
-0.15,1.0306689071755903,23.947814571403043,-0.23614574874037814,-0.004317749563885481,0.9997451360011698,1.0000386866771465
-0.15,1.0306689071755903,24.169605506389228,-0.23425168273859728,-0.004222479846603001,0.99975459485302,1.0000374807741055
-0.15,1.0306689071755903,24.39345054191539,-0.23238242945255913,-0.00412853303083993,0.99976375651589,1.0000363085917554
-0.15,1.0306689071755903,24.619368701883577,-0.23053801401751264,-0.004035905899618352,0.9997726287821815,1.0000351692388767
-0.15,1.0306689071755903,24.847379186384366,-0.2287184558945954,-0.003944595017855451,0.9997812192640158,1.0000340618481296
-0.15,1.0306689071755903,25.077501373328523,-0.2269237688365352,-0.0038545967360976104,0.9997895353978525,1.0000329855754138
-0.15,1.0306689071755903,25.30975482009396,-0.22515396085436779,-0.0037659071939861012,0.9997975844489688,1.0000319395992499
-0.15,1.0306689071755903,25.544159265187808,-0.22340903418543007,-0.0036785223234660613,0.9998053735157856,1.0000309231201707
-0.15,1.0306689071755903,25.780734629923902,-0.22168898526288217,-0.003592437851750229,0.9998129095340619,1.000029935360126
-0.15,1.0306689071755903,26.019501020115914,-0.21999380468699065,-0.0035076493040490705,0.9998201992809458,1.0000289755619072
-0.15,1.0306689071755903,26.260478727786037,-0.21832347719839473,-0.0034241520060788785,0.9998272493788983,1.0000280429885755
-0.15,1.0306689071755903,26.503688232889502,-0.2166779816535513,-0.0033419410863597264,0.9998340662994851,1.0000271369229123
-0.15,1.0306689071755903,26.74915020505521,-0.215057291002535,-0.0032610114783149144,0.9998406563670478,1.0000262566668798
-0.15,1.0306689071755903,26.99688550534226,-0.21346137226934692,-0.00318135792218403,0.999847025762249,1.0000254015410908
-0.15,1.0306689071755903,27.246915188012967,-0.21189018653485822,-0.0031029749667614826,0.9998531805255063,1.0000245708842965
-0.15,1.0306689071755903,27.499260502322162,-0.21034368892250074,-0.0030258569709728,0.9998591265603101,1.000023764052884
-0.15,1.0306689071755903,27.753942894323053,-0.20882182858678683,-0.0029499981053008398,0.9998648696364302,1.0000229804203877
-0.15,1.0306689071755903,28.010984008689945,-0.20732454870472972,-0.0028753923530742166,0.9998704153930212,1.00002221937701
-0.15,1.0306689071755903,28.270405690557713,-0.2058517864702196,-0.0028020335116304756,0.9998757693416191,1.0000214803291565
-0.15,1.0306689071755903,28.532229987378305,-0.204403473091396,-0.0027299151933663853,0.9998809368690448,1.0000207626989817
-0.15,1.0306689071755903,28.79647915079459,-0.2029795337910536,-0.002659030826687947,0.999885923240205,1.000020065923946
-0.15,1.0306689071755903,29.063175638531384,-0.20157988781011146,-0.0025893736568726087,0.9998907336008104,1.000019389456385
-0.15,1.0306689071755903,29.332342116304055,-0.20020444841417798,-0.0025209367468563794,0.9998953729799901,1.000018732763087
-0.15,1.0306689071755903,29.604001459744886,-0.1988531229032458,-0.0024537129779582576,0.9998998462928346,1.0000180953248867
-0.15,1.0306689071755903,29.8781767563471,-0.19752581262455723,-0.0023876950505546083,0.9999041583428453,1.0000174766362633
-0.15,1.0306689071755903,30.154891307427096,-0.19622241298869092,-0.002322875484715833,0.999908313824308,1.0000168762049526
-0.15,1.0306689071755903,30.43416863010471,-0.19494281348893228,-0.0022592466208178285,0.999912317324588,1.000016293551569
-0.15,1.0306689071755903,30.716032459301825,-0.1936868977240008,-0.0021968006201403805,0.9999161733263495,1.000015728209239
-0.15,1.0306689071755903,31.00050674975963,-0.19245454342422355,-0.0021355294654646323,0.9999198862097057,1.0000151797232377
-0.15,1.0306689071755903,31.287615678074335,-0.19124562248125898,-0.0020754249616817076,0.9999234602542967,1.0000146476506466
-0.15,1.0306689071755903,31.577383644751972,-0.1900600009814826,-0.0020164787364241026,0.9999268996413028,1.0000141315600095
-0.15,1.0306689071755903,31.869835276282085,-0.18889753924316763,-0.001958682240731599,0.9999302084553946,1.0000136310310046
-0.15,1.0306689071755903,32.16499542723059,-0.187758091857597,-0.0019020267497630425,0.9999333906866198,1.000013145654124
-0.15,1.0306689071755903,32.462889182352235,-0.18664150773425336,-0.001846503363565145,0.9999364502322318,1.000012675030361
-0.15,1.0306689071755903,32.763541858722334,-0.1855476301502429,-0.0017921030079092893,0.9999393908984634,1.0000122187709082
-0.15,1.0306689071755903,33.06697900788844,-0.18447629680410577,-0.0017388164352069653,0.9999422164022447,1.0000117764968632
-0.15,1.0306689071755903,33.373226418041924,-0.18342733987417134,-0.0016866342255143648,0.9999449303728698,1.0000113478389407
-0.15,1.0306689071755903,33.68231011620963,-0.18240058608160808,-0.0016355467876361708,0.9999475363536168,1.0000109324371977
-0.15,1.0306689071755903,33.99425637046573,-0.1813958567583148,-0.0015855443603385486,0.9999500378033161,1.000010529940763
-0.15,1.0306689071755903,34.30909169216431,-0.18041296791978526,-0.001536617013680832,0.9999524380978801,1.0000101400075752
-0.15,1.0306689071755903,34.62684283819243,-0.17945173034307105,-0.0014887546504752085,0.9999547405317851,1.0000097623041302
-0.15,1.0306689071755903,34.94753681324406,-0.17851194964994488,-0.0014419470078834058,0.9999569483195156,1.0000093965052337
-0.15,1.0306689071755903,35.2712008721152,-0.17759342639535336,-0.0013961836591589655,0.9999590645969705,1.000009042293763
-0.15,1.0306689071755903,35.597862522020144,-0.1766959561612254,-0.0013514540155434077,0.999961092422833,1.0000086993604373
-0.15,1.0306689071755903,35.927549524929255,-0.17581932965568017,-0.0013077473283242165,0.9999630347799063,1.000008367403592
-0.15,1.0306689071755903,36.26028989992831,-0.17496333281765772,-0.001265052691062174,0.9999648945764176,1.0000080461289622
-0.15,1.0306689071755903,36.59611192559986,-0.17412774692696817,-0.001223359041995164,0.9999666746472917,1.000007735249472
-0.15,1.0306689071755903,36.93504414242648,-0.1733123487197343,-0.0011826551666251697,0.9999683777553977,1.0000074344850316
-0.15,1.0306689071755903,37.27711535521626,-0.1725169105091788,-0.0011429297004947028,0.9999700065927659,1.0000071435623399
-0.15,1.0306689071755903,37.62235463555102,-0.17174120031167933,-0.0011041711321584115,0.9999715637817862,1.0000068622146945
-0.15,1.0306689071755903,37.97079132425686,-0.1709849819780013,-0.0010663678063551447,0.999973051876377,1.0000065901818056
-0.15,1.0306689071755903,38.32245503389777,-0.170248015329588,-0.001029507927385191,0.9999744733631367,1.000006327209621
-0.15,1.0306689071755903,38.67737565129239,-0.16953005629977547,-0.0009935795626967692,0.9999758306624759,1.0000060730501508
-0.15,1.0306689071755903,39.03558334005395,-0.1688308570797782,-0.0009585706466854028,0.9999771261297274,1.0000058274613024
-0.15,1.0306689071755903,39.3971085431537,-0.168150166269277,-0.0009244689847090162,0.9999783620562451,1.0000055902067195
-0.15,1.0306689071755903,39.761981985508335,-0.1674877290314272,-0.0008912622573209587,0.999979540670482,1.0000053610556279
-0.15,1.0306689071755903,40.1302346765911,-0.16684328725209255,-0.000858938024722614,0.9999806641390586,1.0000051397826841
-0.15,1.0306689071755903,40.50189791306716,-0.16621657970309972,-0.0008274837314362368,0.9999817345678147,1.000004926167832
-0.15,1.0306689071755903,40.87700328145351,-0.16560734220930162,-0.0007968867111982219,0.9999827540028514,1.0000047199961635
-0.15,1.0306689071755903,41.25558266080338,-0.16501530781922813,-0.000767134192072005,0.9999837244315614,1.0000045210577841
-0.15,1.0306689071755903,41.63766822541544,-0.1644402069791014,-0.0007382133017791223,0.9999846477836517,1.0000043291476828
-0.15,1.0306689071755903,42.02329244756837,-0.16388176770998314,-0.0007101110732460236,0.9999855259321531,1.0000041440656091
-0.15,1.0306689071755903,42.41248810028041,-0.16333971578782328,-0.0006828144503635822,0.9999863606944258,1.000003965615952
-0.15,1.0306689071755903,42.80528826009479,-0.16281377492617352,-0.0006563102939551669,0.9999871538331563,1.0000037936076245
-0.15,1.0306689071755903,43.20172630989064,-0.162303666961328,-0.0006305853879485129,0.9999879070573459,1.0000036278539517
-0.15,1.0306689071755903,43.60183594172025,-0.1618091120396513,-0.0006056264457456058,0.9999886220232976,1.000003468172566
-0.15,1.0306689071755903,44.00565115967241,-0.1613298288068529,-0.0005814201167840522,0.9999893003355922,1.0000033143853027
-0.15,1.0306689071755903,44.413206282762204,-0.16086553459896333,-0.0005579529932825186,0.9999899435480643,1.0000031663181006
-0.15,1.0306689071755903,44.824535947847835,-0.1604159456347679,-0.0005352116171619625,0.9999905531647698,1.0000030238009094
-0.15,1.0306689071755903,45.23967511257426,-0.15998077720944742,-0.0005131824871336335,0.9999911306409547,1.0000028866675956
-0.15,1.0306689071755903,45.65865905834403,-0.15955974388917787,-0.0004918520659439521,0.9999916773840122,1.0000027547558563
-0.15,1.0306689071755903,46.081523393315884,-0.15915255970642958,-0.0004712067877656637,0.9999921947544463,1.0000026279071346
-0.15,1.0306689071755903,46.50830405543093,-0.15875893835571045,-0.0004512330657238319,0.9999926840668223,1.0000025059665398
-0.15,1.0306689071755903,46.93903731546684,-0.158378593389488,-0.0004319172995446625,0.9999931465907215,1.0000023887827663
-0.15,1.0306689071755903,47.37375978012049,-0.1580112384140202,-0.00041324588331434617,0.999993583551689,1.0000022762080232
-0.15,1.0306689071755903,47.81250839511901,-0.15765658728482423,-0.0003952052133345388,0.999993996132181,1.0000021680979592
-0.15,1.0306689071755903,48.25532044835962,-0.15731435430149937,-0.00037778169606047845,0.999994385472504,1.0000020643115952
-0.15,1.0306689071755903,48.70223357307873,-0.1569842544016222,-0.00036096175610731074,0.9999947526717623,1.000001964711258
-0.15,1.0306689071755903,49.15328575105025,-0.1566660033534207,-0.000344731844309473,0.9999950987887865,1.0000018691625145
-0.15,1.0306689071755903,49.608515315813406,-0.15635931794693303,-0.00032907844581782857,0.9999954248430739,1.0000017775341141
-0.15,1.0306689071755903,50.067960955930815,-0.15606391618334806,-0.00031398808821861955,0.9999957318157154,1.000001689697925
-0.15,1.0306689071755903,50.5316617182763,-0.1557795174622242,-0.00029944734965818104,0.9999960206503238,1.0000016055288825
-0.15,1.0306689071755903,50.99965701135351,-0.1555058427662765,-0.0002854428669569103,0.9999962922539563,1.0000015249049286
-0.15,1.0306689071755903,51.47198660864504,-0.15524261484342233,-0.00027196134369595693,0.9999965474980337,1.0000014477069636
-0.15,1.0306689071755903,51.9486906519927,-0.1549895583857721,-0.0002589895582598135,0.9999967872192554,1.0000013738187927
-0.15,1.0306689071755903,52.429809655009066,-0.15474640020525385,-0.00024651437181798334,0.999997012220509,1.000001303127077
-0.15,1.0306689071755903,52.91538450652049,-0.1545128694055599,-0.0002345227362288862,0.9999972232717727,1.0000012355212857
-0.15,1.0306689071755903,53.40545647404229,-0.15428869755010863,-0.00022300170184914674,0.9999974211110185,1.0000011708936496
-0.15,1.0306689071755903,53.90006720728585,-0.1540736188257171,-0.00021193842523159394,0.9999976064451022,1.0000011091391163
-0.15,1.0306689071755903,54.39925874169825,-0.15386737020168892,-0.0002013201766954308,0.9999977799506506,1.0000010501553063
-0.15,1.0306689071755903,54.90307350203484,-0.1536696915840253,-0.00019113434775226882,0.9999979422749425,1.0000009938424703
-0.15,1.0306689071755903,55.41155430596479,-0.1534803259644821,-0.00018136845837203014,0.9999980940367789,1.0000009401034478
-0.15,1.0306689071755903,55.924744367709856,-0.15329901956420375,-0.00017201016407310282,0.9999982358273496,1.0000008888436258
-0.15,1.0306689071755903,56.442687301717264,-0.1531255219716766,-0.00016304726282146187,0.9999983682110878,1.0000008399709002
-0.15,1.0306689071755903,56.96542712636624,-0.15295958627476192,-0.00015446770172409873,0.9999984917265178,1.0000007933956367
-0.15,1.0306689071755903,57.493008267708944,-0.15280096918658184,-0.0001462595835024714,0.9999986068870931,1.0000007490306313
-0.15,1.0306689071755903,58.02547556324627,-0.15264943116504975,-0.00013841117273240004,0.9999987141820227,1.0000007067910726
-0.15,1.0306689071755903,58.562874265738245,-0.15250473652585425,-0.00013091090183740985,0.9999988140770901,1.0000006665945067
-0.15,1.0306689071755903,59.10525004705015,-0.1523666535487263,-0.00012374737682322524,0.9999989070154585,1.0000006283607985
-0.15,1.0306689071755903,59.65264900203377,-0.15223495457683703,-0.00011690938274191207,0.9999989934184652,1.0000005920120962
-0.15,1.0306689071755903,60.2051176524451,-0.15210941610919793,-0.00011038588887484272,0.999999073686405,1.0000005574727955
-0.15,1.0306689071755903,60.76270295089797,-0.15198981888595353,-0.00010416605362461204,0.9999991481992992,1.0000005246695027
-0.15,1.0306689071755903,61.325452284854336,-0.1518759479664809,-9.823922910679135e-05,0.999999217317654,1.000000493531001
-0.15,1.0306689071755903,61.89341348065174,-0.1517675928002308,-9.259496543336823e-05,0.9999992813832028,1.000000463988214
-0.15,1.0306689071755903,62.466634807567864,-0.151664547290269,-8.722301468064541e-05,0.9999993407196367,1.0000004359741699
-0.15,1.0306689071755903,63.0451649819227,-0.15156660984949802,-8.211333453529955e-05,0.9999993956333192,1.0000004094239687
-0.15,1.0306689071755903,63.629053171218956,-0.15147358344956047,-7.725609161330846e-05,0.9999994464139867,1.0000003842747438
-0.15,1.0306689071755903,64.21834899832058,-0.15138527566244916,-7.264166444745903e-05,0.9999994933354356,1.0000003604656293
-0.15,1.0306689071755903,64.81310254566993,-0.15130149869486817,-6.826064614013493e-05,0.9999995366561891,1.000000337937725
-0.15,1.0306689071755903,65.4133643595444,-0.15122206941540955,-6.410384667910841e-05,0.9999995766201553,1.0000003166340579
-0.15,1.0306689071755903,66.01918545435197,-0.1511468093746331,-6.016229491514147e-05,0.9999996134572622,1.0000002964995511
-0.15,1.0306689071755903,66.63061731696679,-0.15107554481815155,-5.64272402011356e-05,0.9999996473840799,1.000000277480986
-0.15,1.0306689071755903,67.24771191110499,-0.15100810669284467,-5.2890153693663716e-05,0.9999996786044297,1.0000002595269673
-0.15,1.0306689071755903,67.87052168174088,-0.15094433064634127,-4.954272931870733e-05,0.9999997073099688,1.0000002425878873
-0.15,1.0306689071755903,68.49909955956402,-0.15088405701992577,-4.6376884404417794e-05,0.9999997336807634,1.00000022661589
-0.15,1.0306689071755903,69.13349896547759,-0.15082713083503854,-4.338475998466886e-05,0.999999757885845,1.0000002115648359
-0.15,1.0306689071755903,69.77377381513884,-0.1507734017735569,-4.055872077818991e-05,0.9999997800837461,1.0000001973902644
-0.15,1.0306689071755903,70.41997852354069,-0.15072272415205246,-3.7891354848935636e-05,0.9999998004230239,1.00000018404936
-0.15,1.0306689071755903,71.0721680096366,-0.1506749568902349,-3.5375472954242955e-05,0.9999998190427625,1.0000001715009141
-0.15,1.0306689071755903,71.73039770100793,-0.15062996347380248,-3.3004107588217196e-05,0.9999998360730599,1.000000159705289
-0.15,1.0306689071755903,72.39472353857458,-0.15058761191192727,-3.0770511728581105e-05,0.9999998516354984,1.0000001486243826
-0.15,1.0306689071755903,73.06520198134909,-0.15054777468961458,-2.8668157295982182e-05,0.9999998658435985,1.00000013822159
-0.15,1.0306689071755903,73.74189001123509,-0.15051032871517875,-2.6690733335493798e-05,0.9999998788032518,1.0000001284617692
-0.15,1.0306689071755903,74.42484513786997,-0.15047515526308947,-2.4832143930712528e-05,0.9999998906131459,1.0000001193112025
-0.15,1.0306689071755903,75.11412540351232,-0.15044213991244115,-2.3086505861476804e-05,0.9999999013651633,1.0000001107375613
-0.15,1.0306689071755903,75.80978938797494,-0.15041117248130786,-2.144814601677656e-05,0.9999999111447706,1.0000001027098686
-0.15,1.0306689071755903,76.51189621360336,-0.15038214695724578,-1.991159857496107e-05,0.9999999200313889,1.0000000951984631
-0.15,1.0306689071755903,77.22050555030022,-0.15035496142420807,-1.847160196376881e-05,0.9999999280987494,1.0000000881749627
-0.15,1.0306689071755903,77.93567762059672,-0.15032951798613928,-1.7123095613110127e-05,0.9999999354152337,1.0000000816122274
-0.15,1.0306689071755903,78.65747320477065,-0.15030572268751474,-1.586121651385284e-05,0.9999999420441984,1.0000000754843248
-0.15,1.0306689071755903,79.38595364601184,-0.15028348543109218,-1.4681295596114059e-05,0.9999999480442836,1.0000000697664924
-0.15,1.0306689071755903,80.12118085563553,-0.15026271989313925,-1.357885394079409e-05,0.9999999534697105,1.0000000644351033
-0.15,1.0306689071755903,80.86321731834431,-0.1502433434363998,-1.2549598838183303e-05,0.9999999583705622,1.000000059467629
-0.15,1.0306689071755903,81.61212609753805,-0.15022527702105964,-1.1589419707614199e-05,0.9999999627930494,1.0000000548426053
-0.15,1.0306689071755903,82.36797084067375,-0.15020844511396608,-1.0694383892075944e-05,0.9999999667797678,1.0000000505395976
-0.15,1.0306689071755903,83.13081578467474,-0.15019277559635533,-9.86073234177723e-06,0.9999999703699373,1.0000000465391645
-0.15,1.0306689071755903,83.90072576138992,-0.15017819967033402,-9.084875200430037e-06,0.9999999735996293,1.0000000428228264
-0.15,1.0306689071755903,84.67776620310352,-0.15016465176435687,-8.363387307976563e-06,0.999999976501986,1.000000039373029
-0.15,1.0306689071755903,85.46200314809617,-0.15015206943793674,-7.693003633252027e-06,0.9999999791074218,1.0000000361731116
-0.15,1.0306689071755903,86.25350324625728,-0.15014039328581774,-7.070614649803817e-06,0.9999999814438206,1.0000000332072732
-0.15,1.0306689071755903,87.05233376474918,-0.15012956684183207,-6.493261667860702e-06,0.9999999835367125,1.0000000304605399
-0.15,1.0306689071755903,87.85856259372419,-0.15011953648265874,-5.958132134992282e-06,0.9999999854094501,1.0000000279187353
-0.15,1.0306689071755903,88.67225825209441,-0.15011025133168995,-5.4625549178131676e-06,0.9999999870833678,1.0000000255684458
-0.15,1.0306689071755903,89.49348989335462,-0.15010166316320644,-5.003995576432122e-06,0.9999999885779333,1.0000000233969915
-0.15,1.0306689071755903,90.32232731145982,-0.15009372630705234,-4.580051643130083e-06,0.9999999899108915,1.0000000213923974
-0.15,1.0306689071755903,91.15884094675663,-0.15008639755399253,-4.188447916116813e-06,0.9999999910983955,1.0000000195433612
-0.15,1.0306689071755903,92.0031018919696,-0.15007963606192665,-3.827031778786262e-06,0.9999999921551339,1.0000000178392263
-0.15,1.0306689071755903,92.85518189824359,-0.15007340326312363,-3.493768554350354e-06,0.999999993094447,1.0000000162699523
-0.15,1.0306689071755903,93.71515338124135,-0.1500676627726324,-3.1867369051975656e-06,0.9999999939284351,1.0000000148260892
-0.15,1.0306689071755903,94.58308942729796,-0.15006238029801447,-2.904124285729227e-06,0.9999999946680607,1.0000000134987483
-0.15,1.0306689071755903,95.45906379963219,-0.1500575235505341,-2.6442224569081177e-06,0.9999999953232435,1.0000000122795796
-0.15,1.0306689071755903,96.34315094461576,-0.15005306215793168,-2.405423070128114e-06,0.999999995902947,1.000000011160741
-0.15,1.0306689071755903,97.23542599809973,-0.1500489675788984,-2.1862133274570985e-06,0.9999999964152628,1.0000000101348787
-0.15,1.0306689071755903,98.13596479180039,-0.15004521301935667,-1.985171724712276e-06,0.9999999968674843,1.0000000091951013
-0.15,1.0306689071755903,99.04484385974408,-0.15004177335064406,-1.8009638832248042e-06,0.9999999972661784,1.0000000083349567
-0.15,1.0306689071755903,99.96214044477135,-0.1500386250296876,-1.6323384756119956e-06,0.9999999976172497,1.0000000075484086
-0.15,1.0306689071755903,100.88793250510167,-0.1500357460212454,-1.4781232502339888e-06,0.9999999979259998,1.0000000068298174
-0.15,1.0306689071755903,101.82229872095873,-0.15003311572228287,-1.3372211585376097e-06,0.9999999981971847,1.0000000061739165
-0.15,1.0306689071755903,102.76531850125772,-0.1500307148885425,-1.2086065888296604e-06,0.9999999984350646,1.0000000055757945
-0.15,1.0306689071755903,103.71707199035326,-0.15002852556335564,-1.0913217095811405e-06,0.9999999986434494,1.0000000050308735
-0.15,1.0306689071755903,104.67764007485148,-0.15002653100873564,-9.844729247826657e-07,0.999999998825745,1.000000004534893
-0.15,1.0306689071755903,105.64710439048359,-0.15002471563878475,-8.872274433645812e-07,0.9999999989849887,1.0000000040838892
-0.15,1.0306689071755903,106.62554732904427,-0.15002306495543583,-7.988099642592568e-07,0.9999999991238899,1.0000000036741798
-0.15,1.0306689071755903,107.61305204539366,-0.1500215654865446,-7.184994781676473e-07,0.999999999244858,1.0000000033023468
-0.15,1.0306689071755903,108.60970246452491,-0.15002020472633798,-6.456261866411619e-07,0.9999999993500368,1.000000002965222
-0.15,1.0306689071755903,109.61558328869602,-0.15001897107821713,-5.795685387370249e-07,0.9999999994413306,1.000000002659868
-0.15,1.0306689071755903,110.63078000462876,-0.15001785379990826,-5.197503850418379e-07,0.9999999995204263,1.0000000023835673
-0.15,1.0306689071755903,111.65537889077429,-0.1500168429509445,-4.6563824850637104e-07,0.99999999958882,1.0000000021338098
-0.15,1.0306689071755903,112.68946702464496,-0.15001592934245825,-4.167387111896888e-07,0.9999999996478368,1.0000000019082753
-0.15,1.0306689071755903,113.73313229021528,-0.1500151044892557,-3.725959156959386e-07,0.9999999996986471,1.0000000017048243
-0.15,1.0306689071755903,114.78646338539066,-0.15001436056414066,-3.3278917979410735e-07,0.9999999997422833,1.0000000015214845
-0.15,1.0306689071755903,115.84954982954602,-0.15001369035445003,-2.96930722377234e-07,0.9999999997796594,1.0000000013564412
-0.15,1.0306689071755903,116.92248197113297,-0.1500130872207557,-2.6466349878709957e-07,0.9999999998115788,1.0000000012080255
-0.15,1.0306689071755903,118.00535099535914,-0.15001254505768782,-2.3565914317741147e-07,0.9999999998387505,1.0000000010747039
-0.15,1.0306689071755903,119.09824893193696,-0.15001205825682606,-2.096160154927651e-07,0.9999999998617978,1.0000000009550702
-0.15,1.0306689071755903,120.2012686629055,-0.1500116216716056,-1.8625735040263348e-07,0.9999999998812685,1.0000000008478356
-0.15,1.0306689071755903,121.31450393052383,-0.1500112305841781,-1.6532950540795517e-07,0.9999999998976451,1.0000000007518184
-0.15,1.0306689071755903,122.43804934523853,-0.15001088067416948,-1.4660030518698983e-07,0.9999999999113501,1.0000000006659404
-0.15,1.0306689071755903,123.5720003937234,-0.15001056798926932,-1.2985747915766527e-07,0.9999999999227552,1.0000000005892158
-0.15,1.0306689071755903,124.7164534469956,-0.1500102889175888,-1.1490718912535756e-07,0.9999999999321862,1.0000000005207457
-0.15,1.0306689071755903,125.87150576860506,-0.15001004016172076,-1.0157264382908086e-07,0.9999999999399285,1.00000000045971
-0.15,1.0306689071755903,127.03725552290106,-0.15000981871443453,-8.969279713666816e-08,0.9999999999462318,1.0000000004053642
-0.15,1.0306689071755903,128.21380178337475,-0.150009621835938,-7.912112661147326e-08,0.9999999999513147,1.0000000003570284
-0.15,1.0306689071755903,129.40124454107954,-0.15000944703263852,-6.972448916006433e-08,0.9999999999553693,1.0000000003140879
-0.15,1.0306689071755903,130.59968471312828,-0.15000929203733404,-6.138205043249465e-08,0.9999999999585621,1.0000000002759848
-0.15,1.0306689071755903,131.8092241512703,-0.1500091547907673,-5.39842847322383e-08,0.9999999999610397,1.0000000002422134
-0.15,1.0306689071755903,133.02996565054787,-0.1500090334244742,-4.743204211264082e-08,0.999999999962928,1.0000000002123155
-0.15,1.0306689071755903,134.26201295803162,-0.15000892624486115,-4.163567947692742e-08,0.9999999999643396,1.0000000001858784
-0.15,1.0306689071755903,135.5054707816382,-0.15000883171844365,-3.651425245473357e-08,0.9999999999653686,1.000000000162529
-0.15,1.0306689071755903,136.76044479902887,-0.1500087484581839,-3.19947649518251e-08,0.9999999999660993,1.0000000001419311
-0.15,1.0306689071755903,138.02704166659132,-0.1500086752108618,-2.8011473299700242e-08,0.9999999999666039,1.0000000001237823
-0.15,1.0306689071755903,139.30536902850287,-0.15000861084542,-2.4505242005070195e-08,0.9999999999669432,1.000000000107811
-0.15,1.0306689071755903,140.5955355258802,-0.15000855434222163,-2.1422948173322478e-08,0.9999999999671707,1.0000000000937734
-0.15,1.0306689071755903,141.8976508060113,-0.15000850478316377,-1.8716931806214045e-08,0.9999999999673305,1.0000000000814493
-0.15,1.0306689071755903,143.21182553167466,-0.15000846134259047,-1.634448919514915e-08,0.9999999999674616,1.000000000070644
-0.15,1.0306689071755903,144.53817139054382,-0.15000842327895092,-1.4267406786761648e-08,0.9999999999675943,1.000000000061182
-0.15,1.0306689071755903,145.87680110468003,-0.1500083899271526,-1.2451532930104042e-08,0.999999999967755,1.0000000000529061
-0.15,1.0306689071755903,147.22782844011104,-0.15000836069155854,-1.0866385114386601e-08,0.999999999967966,1.0000000000456786
-0.15,1.0306689071755903,148.59136821650102,-0.15000833503958216,-9.484790274528754e-09,0.9999999999682415,1.0000000000393734
-0.15,1.0306689071755903,149.9675363169076,-0.15000831249583546,-8.282555949157279e-09,0.9999999999685959,1.0000000000338807
-0.15,1.0306689071755903,151.35644969763095,-0.15000829263678692,-7.238170135298544e-09,0.999999999969037,1.0000000000291025
-0.15,1.0306689071755903,152.75822639815343,-0.15000827508588999,-6.332527794710486e-09,0.9999999999695706,1.0000000000249516
-0.15,1.0306689071755903,154.17298555117182,-0.15000825950914343,-5.548682048128034e-09,0.9999999999702001,1.000000000021351
-0.15,1.0306689071755903,155.60084739272125,-0.15000824561104895,-4.8716182339867566e-09,0.999999999970926,1.0000000000182325
-0.15,1.0306689071755903,157.0419332723941,-0.15000823313093153,-4.288049067615351e-09,0.9999999999717466,1.0000000000155358
-0.15,1.0306689071755903,158.4963656636536,-0.15000822183959214,-3.786229262122183e-09,0.9999999999726582,1.0000000000132074
-0.15,1.0306689071755903,159.96426817424148,-0.1500082115362634,-3.3557880511105113e-09,0.9999999999736549,1.0000000000112008
-0.15,1.0306689071755903,161.44576555668382,-0.1500082020458417,-2.987578155146156e-09,0.999999999974731,1.0000000000094749
-0.15,1.0306689071755903,162.94098371889282,-0.15000819321636913,-2.6735398193193018e-09,0.9999999999758781,1.0000000000079927
-0.15,1.0306689071755903,164.4500497348682,-0.15000818491674517,-2.4065786416218443e-09,0.9999999999770872,1.0000000000067233
-0.15,1.0306689071755903,165.97309185549548,-0.15000817703464342,-2.180455984100218e-09,0.9999999999783485,1.0000000000056388
-0.15,1.0306689071755903,167.5102395194472,-0.15000816947461623,-1.9896908661574883e-09,0.9999999999796524,1.0000000000047136
-0.15,1.0306689071755903,169.06162336418203,-0.15000816215636872,-1.8294722782997194e-09,0.9999999999809875,1.0000000000039273
-0.15,1.0306689071755903,170.6273752370482,-0.1500081550131855,-1.6955809695434257e-09,0.9999999999823431,1.0000000000032614
-0.15,1.0306689071755903,172.20762820648835,-0.15000814799049558,-1.5843198062483665e-09,0.9999999999837076,1.0000000000026987
-0.15,1.0306689071755903,173.80251657334924,-0.15000814104456275,-1.4924518704929037e-09,0.9999999999850696,1.0000000000022253
-0.15,1.0306689071755903,175.41217588229446,-0.15000813414128783,-1.4171455493314702e-09,0.9999999999864184,1.000000000001829
-0.15,1.0306689071755903,177.0367429333253,-0.1500081272551133,-1.3559259063423722e-09,0.9999999999877431,1.000000000001499
-0.15,1.0306689071755903,178.67635579340572,-0.15000812036802022,-1.3066316826336164e-09,0.9999999999890331,1.0000000000012257
-0.15,1.0306689071755903,180.33115380819694,-0.1500081134686079,-1.2673773653576514e-09,0.9999999999902782,1.0000000000010008
-0.15,1.0306689071755903,182.00127761389967,-0.15000810655124946,-1.2365197379831009e-09,0.9999999999914695,1.0000000000008173
-0.15,1.0306689071755903,183.68686914920713,-0.15000809961531655,-1.2126284878419462e-09,0.999999999992597,1.0000000000006697
-0.15,1.0306689071755903,185.38807166736675,-0.15000809266446594,-1.1944603511814252e-09,0.9999999999936532,1.0000000000005513
-0.15,1.0306689071755903,187.10502974835543,-0.1500080857059838,-1.1809364486346037e-09,0.9999999999946304,1.0000000000004585
-0.15,1.0306689071755903,188.83788931116757,-0.15000807875018227,-1.1711224193316164e-09,0.9999999999955212,1.0000000000003875
-0.15,1.0306689071755903,190.58679762621514,-0.15000807180984457,-1.1642110170583735e-09,0.999999999996321,1.0000000000003335
-0.15,1.0306689071755903,192.35190332784438,-0.1500080648997146,-1.1595069003715144e-09,0.9999999999970234,1.0000000000002944
-0.15,1.0306689071755903,194.13335642696757,-0.15000805803602812,-1.1564133125252503e-09,0.9999999999976248,1.0000000000002671
-0.15,1.0306689071755903,195.93130832381254,-0.15000805123608296,-1.154420432627156e-09,0.9999999999981212,1.0000000000002505
-0.15,1.0306689071755903,197.74591182078862,-0.15000804451784489,-1.153095214681201e-09,0.9999999999985106,1.000000000000241
-0.15,1.0306689071755903,199.5773211354742,-0.15000803789958844,-1.152072443930087e-09,0.9999999999987917,1.0000000000002376
-0.15,1.0306689071755903,201.42569191372198,-0.1500080313995696,-1.1510469449862088e-09,0.999999999998963,1.0000000000002394
-0.15,1.0306689071755903,203.29118124288746,-0.15000802503572938,-1.1497667162432837e-09,0.9999999999990252,1.0000000000002445
-0.15,1.0306689071755903,205.1739476651793,-0.15000801882542608,-1.1480268901256684e-09,0.9999999999989789,1.000000000000252
-0.15,1.0306689071755903,207.07415119113296,-0.15000801278519624,-1.1456644202788279e-09,0.9999999999988253,1.0000000000002611
-0.15,1.0306689071755903,208.99195331321022,-0.15000800693054184,-1.142553366049659e-09,0.9999999999985677,1.0000000000002711
-0.15,1.0306689071755903,210.92751701952352,-0.15000800127574276,-1.1386007077320534e-09,0.9999999999982089,1.000000000000281
-0.15,1.0306689071755903,212.88100680768738,-0.1500079958336945,-1.1337426129178743e-09,0.9999999999977522,1.0000000000002902
-0.15,1.0306689071755903,214.8525886987991,-0.1500079906157688,-1.127941096944021e-09,0.9999999999972028,1.000000000000299
-0.15,1.0306689071755903,216.84243025154836,-0.1500079856316972,-1.1211810035211314e-09,0.9999999999965651,1.0000000000003064
-0.15,1.0306689071755903,218.85070057645706,-0.15000798088947603,-1.113467283830933e-09,0.999999999995845,1.0000000000003122
-0.15,1.0306689071755903,220.87757035025237,-0.1500079763952927,-1.1048225174267685e-09,0.999999999995049,1.0000000000003166
-0.15,1.0306689071755903,222.92321183037146,-0.150007972153471,-1.0952846465809447e-09,0.9999999999941825,1.0000000000003193
-0.15,1.0306689071755903,224.9877988696007,-0.150007968166436,-1.0849048988405196e-09,0.9999999999932525,1.0000000000003193
-0.15,1.0306689071755903,227.07150693085165,-0.15000796443469677,-1.0737458721178514e-09,0.9999999999922664,1.0000000000003182
-0.15,1.0306689071755903,229.17451310207272,-0.1500079609568459,-1.0618797640360469e-09,0.9999999999912307,1.0000000000003142
-0.15,1.0306689071755903,231.29699611129922,-0.15000795772957554,-1.0493867316494097e-09,0.9999999999901538,1.0000000000003084
-0.15,1.0306689071755903,233.4391363418438,-0.15000795474770784,-1.0363533684127624e-09,0.9999999999890425,1.0000000000003004
-0.15,1.0306689071755903,235.60111584762504,-0.15000795200424027,-1.0228712816367494e-09,0.999999999987905,1.000000000000291
-0.15,1.0306689071755903,237.78311836864148,-0.1500079494904034,-1.0090357794951076e-09,0.9999999999867485,1.0000000000002789
-0.15,1.0306689071755903,239.98532934658564,-0.15000794719573107,-9.949446438704172e-10,0.9999999999855804,1.0000000000002656
-0.15,1.0306689071755903,242.20793594060487,-0.15000794510814122,-9.806969906699488e-10,0.999999999984409,1.000000000000251
-0.15,1.0306689071755903,244.4511270432073,-0.1500079432140272,-9.663922156083575e-10,0.9999999999832409,1.000000000000234
-0.15,1.0306689071755903,246.71509329631496,-0.150007941498357,-9.521290215938398e-10,0.9999999999820837,1.0000000000002167
-0.15,1.0306689071755903,249.00002710746668,-0.15000793994478148,-9.380045264106784e-10,0.9999999999809444,1.0000000000001978
-0.15,1.0306689071755903,251.3061226661696,-0.15000793853574818,-9.241134368694576e-10,0.9999999999798294,1.0000000000001774
-0.15,1.0306689071755903,253.6335759604023,-0.15000793725262193,-9.105473167451711e-10,0.9999999999787453,1.0000000000001565
-0.15,1.0306689071755903,255.98258479327197,-0.1500079360758094,-8.973939047238822e-10,0.999999999977698,1.0000000000001352
-0.15,1.0306689071755903,258.3533487998248,-0.15000793498488746,-8.847365284476096e-10,0.9999999999766935,1.0000000000001132
-0.15,1.0306689071755903,260.7460694640121,-0.15000793395873482,-8.726535669992811e-10,0.9999999999757372,1.0000000000000906
-0.15,1.0306689071755903,263.1609501358149,-0.15000793297566412,-8.612179983347092e-10,0.9999999999748335,1.0000000000000688
-0.15,1.0306689071755903,265.59819604852424,-0.15000793201355656,-8.504970055531526e-10,0.9999999999739875,1.000000000000046
-0.15,1.0306689071755903,268.0580143361851,-0.1500079310499948,-8.405516525866331e-10,0.9999999999732037,1.000000000000024
-0.15,1.0306689071755903,270.5406140511989,-0.150007930062396,-8.314366253433879e-10,0.9999999999724848,1.000000000000002
-0.15,1.0306689071755903,273.0462061820903,-0.1500079290281427,-8.232000251777317e-10,0.9999999999718342,0.9999999999999808
-0.15,1.0306689071755903,275.57500367143905,-0.15000792792471115,-8.158832322504573e-10,0.999999999971255,0.9999999999999598
-0.15,1.0306689071755903,278.1272214339776,-0.1500079267297965,-8.095208193941701e-10,0.9999999999707493,0.9999999999999395
-0.15,1.0306689071755903,280.7030763748543,-0.15000792542143426,-8.041405196045468e-10,0.9999999999703192,0.9999999999999204
-0.15,1.0306689071755903,283.30278740807006,-0.150007923978117,-7.997632492620103e-10,0.9999999999699658,0.9999999999999017
-0.15,1.0306689071755903,285.9265754750807,-0.15000792237890578,-7.964031719000192e-10,0.9999999999696898,0.9999999999998846
-0.15,1.0306689071755903,288.57466356357577,-0.1500079206035367,-7.940678145044096e-10,0.9999999999694922,0.9999999999998684
-0.15,1.0306689071755903,291.24727672642865,-0.15000791863252072,-7.927582188428866e-10,0.999999999969373,0.9999999999998535
-0.15,1.0306689071755903,293.94464210082356,-0.1500079164472372,-7.924691354781214e-10,0.9999999999693314,0.9999999999998396
-0.15,1.0306689071755903,296.6669889275594,-0.150007914030021,-7.931892479874972e-10,0.9999999999693665,0.999999999999827
-0.15,1.0306689071755903,299.4145485705322,-0.15000791136424213,-7.949014327114952e-10,0.9999999999694782,0.9999999999998157
-0.15,1.0306689071755903,302.18755453639716,-0.1500079084343782,-7.975830448359369e-10,0.9999999999696639,0.999999999999806
-0.15,1.0306689071755903,304.9862424944146,-0.15000790522607924,-8.01206227406166e-10,0.999999999969922,0.9999999999997976
-0.15,1.0306689071755903,307.81085029647846,-0.15000790172622527,-8.057382421825357e-10,0.9999999999702504,0.9999999999997907
-0.15,1.0306689071755903,310.6616179973303,-0.15000789792297595,-8.111418210820048e-10,0.9999999999706465,0.9999999999997852
-0.15,1.0306689071755903,313.5387878749621,-0.150007893805812,-8.173755268234627e-10,0.9999999999711074,0.9999999999997807
-0.15,1.0306689071755903,316.44260445120455,-0.15000788936556977,-8.2439412879941e-10,0.9999999999716301,0.999999999999778
-0.15,1.0306689071755903,319.3733145125105,-0.1500078845944674,-8.321489854092519e-10,0.9999999999722118,0.9999999999997767
-0.15,1.0306689071755903,322.3311671309267,-0.1500078794861236,-8.405884327998797e-10,0.9999999999728482,0.9999999999997763
-0.15,1.0306689071755903,325.31641368526283,-0.15000787403556914,-8.496581749059594e-10,0.9999999999735355,0.9999999999997773
-0.15,1.0306689071755903,328.32930788245454,-0.15000786823925083,-8.593016744311175e-10,0.9999999999742706,0.9999999999997797
-0.15,1.0306689071755903,331.37010577912685,-0.1500078620950284,-8.694605405294542e-10,0.9999999999750492,0.9999999999997833
-0.15,1.0306689071755903,334.4390658033531,-0.15000785560216434,-8.800749126751018e-10,0.9999999999758664,0.9999999999997878
-0.15,1.0306689071755903,337.53644877662083,-0.15000784876130796,-8.910838343989681e-10,0.9999999999767193,0.9999999999997935
-0.15,1.0306689071755903,340.66251793599554,-0.1500078415744717,-9.024256240062692e-10,0.9999999999776026,0.9999999999998
-0.15,1.0306689071755903,343.81753895649405,-0.15000783404500279,-9.140382284181331e-10,0.9999999999785121,0.999999999999808
-0.15,1.0306689071755903,347.00177997366285,-0.15000782617754838,-9.258595648622541e-10,0.9999999999794433,0.9999999999998161
-0.15,1.0306689071755903,350.2155116063659,-0.15000781797801585,-9.378278574101383e-10,0.9999999999803924,0.9999999999998256
-0.15,1.0306689071755903,353.4590069797847,-0.15000780945352737,-9.498819441955579e-10,0.999999999981355,0.9999999999998354
-0.15,1.0306689071755903,356.73254174862967,-0.15000780061237073,-9.619615802938396e-10,0.9999999999823254,0.9999999999998463
-0.15,1.0306689071755903,360.0363941205664,-0.15000779146394544,-9.740077194474154e-10,0.9999999999833015,0.9999999999998574
-0.15,1.0306689071755903,363.37084487986095,-0.15000778201870485,-9.859627738084867e-10,0.9999999999842767,0.9999999999998684
-0.15,1.0306689071755903,366.73617741124224,-0.1500077722880951,-9.977708642381941e-10,0.9999999999852492,0.9999999999998805
-0.15,1.0306689071755903,370.13267772398575,-0.150007762284491,-1.0093780387458972e-09,0.999999999986213,0.9999999999998931
-0.15,1.0306689071755903,373.5606344762222,-0.15000775202112876,-1.020732486272276e-09,0.9999999999871657,0.9999999999999057
-0.15,1.0306689071755903,377.02033899946696,-0.15000774151203702,-1.0317847178617154e-09,0.9999999999881025,0.9999999999999183
-0.15,1.0306689071755903,380.5120853233824,-0.15000773077196555,-1.0424877398118582e-09,0.9999999999890209,0.9999999999999313
-0.15,1.0306689071755903,384.03617020076405,-0.1500077198163125,-1.0527971931854573e-09,0.9999999999899161,0.9999999999999443
-0.15,1.0306689071755903,387.5928931327621,-0.15000770866105057,-1.062671490807999e-09,0.9999999999907856,0.9999999999999571
-0.15,1.0306689071755903,391.18255639433437,-0.15000769732265257,-1.072071918459336e-09,0.9999999999916265,0.9999999999999704
-0.15,1.0306689071755903,394.8054650599374,-0.15000768581801546,-1.0809627321932588e-09,0.9999999999924354,0.9999999999999829
-0.15,1.0306689071755903,398.4619270294508,-0.15000767416438607,-1.0893112262580815e-09,0.9999999999932095,0.9999999999999956
-0.15,1.0306689071755903,402.15225305434814,-0.15000766237928537,-1.0970877874426335e-09,0.9999999999939463,1.0000000000000078
-0.15,1.0306689071755903,405.87675676410373,-0.15000765048043435,-1.1042659340203391e-09,0.9999999999946443,1.00000000000002
-0.15,1.0306689071755903,409.6357546928489,-0.15000763848567963,-1.110822333896068e-09,0.9999999999953002,1.0000000000000318
-0.15,1.0306689071755903,413.4295663062725,-0.15000762641292173,-1.1167368140788421e-09,0.9999999999959128,1.0000000000000426
-0.15,1.0306689071755903,417.25851402877123,-0.15000761428004317,-1.1219923439804184e-09,0.99999999999648,1.0000000000000537
-0.15,1.0306689071755903,421.12292327085265,-0.15000760210483916,-1.1265750153439854e-09,0.999999999997001,1.0000000000000642
-0.15,1.0306689071755903,425.02312245678996,-0.15000758990494936,-1.1304740025059424e-09,0.9999999999974732,1.0000000000000742
-0.15,1.0306689071755903,428.95944305253283,-0.15000757769779297,-1.133681513332734e-09,0.9999999999978969,1.0000000000000835
-0.15,1.0306689071755903,432.9322195938791,-0.15000756550050456,-1.136192724458396e-09,0.9999999999982702,1.0000000000000924
-0.15,1.0306689071755903,436.9417897149054,-0.15000755332987326,-1.1380057116422718e-09,0.9999999999985929,1.0000000000001006
-0.15,1.0306689071755903,440.98849417666133,-0.15000754120228474,-1.13912136319873e-09,0.9999999999988645,1.0000000000001081
-0.15,1.0306689071755903,445.0726768961314,-0.15000752913366516,-1.1395432892734277e-09,0.9999999999990844,1.0000000000001152
-0.15,1.0306689071755903,449.19468497546023,-0.15000751713942845,-1.1392777218390804e-09,0.9999999999992533,1.0000000000001217
-0.15,1.0306689071755903,453.3548687314555,-0.15000750523442696,-1.138333407595656e-09,0.9999999999993702,1.0000000000001275
-0.15,1.0306689071755903,457.55358172535705,-0.15000749343290432,-1.1367214932912114e-09,0.9999999999994362,1.0000000000001328
-0.15,1.0306689071755903,461.7911807928867,-0.15000748174845244,-1.1344554042289785e-09,0.9999999999994513,1.0000000000001372
-0.15,1.0306689071755903,466.0680260745743,-0.1500074701939709,-1.131550722653345e-09,0.9999999999994165,1.000000000000141
-0.15,1.0306689071755903,470.3844810463644,-0.15000745878163035,-1.1280250574137747e-09,0.9999999999993321,1.0000000000001446
-0.15,1.0306689071755903,474.7409125505084,-0.1500074475228385,-1.1238979137701778e-09,0.9999999999991999,1.0000000000001474
-0.15,1.0306689071755903,479.1376908267404,-0.15000743642821007,-1.1191905569244963e-09,0.9999999999990195,1.0000000000001494
-0.15,1.0306689071755903,483.57518954374194,-0.1500074255075398,-1.1139258783664371e-09,0.9999999999987933,1.000000000000151
-0.15,1.0306689071755903,488.0537858309,-0.15000741476977875,-1.1081282563877555e-09,0.9999999999985222,1.000000000000152
-0.15,1.0306689071755903,492.5738603103579,-0.1500074042230141,-1.1018234217381e-09,0.9999999999982075,1.0000000000001525
-0.15,1.0306689071755903,497.1357971293627,-0.150007393874452,-1.0950383172183555e-09,0.9999999999978512,1.0000000000001523
-0.15,1.0306689071755903,501.7399839929145,-0.1500073837304038,-1.0878009627308181e-09,0.9999999999974547,1.0000000000001517
-0.15,1.0306689071755903,506.3868121967132,-0.15000737379627532,-1.080140319504914e-09,0.9999999999970194,1.0000000000001499
-0.15,1.0306689071755903,511.0766766604169,-0.1500073640765596,-1.072086156551524e-09,0.9999999999965481,1.0000000000001483
-0.15,1.0306689071755903,515.809975961202,-0.15000735457483208,-1.063668919559942e-09,0.9999999999960415,1.0000000000001465
-0.15,1.0306689071755903,520.5871123676386,-0.15000734529374937,-1.0549196025649715e-09,0.9999999999955026,1.0000000000001443
-0.15,1.0306689071755903,525.4084918738774,-0.1500073362350503,-1.0458696210161903e-09,0.9999999999949326,1.000000000000141
-0.15,1.0306689071755903,530.2745242341559,-0.15000732739956044,-1.0365506923760071e-09,0.9999999999943344,1.0000000000001377
-0.15,1.0306689071755903,535.1856229976182,-0.15000731878719856,-1.026994714656113e-09,0.9999999999937093,1.000000000000134
-0.15,1.0306689071755903,540.1422055434659,-0.15000731039698625,-1.017233654946291e-09,0.9999999999930599,1.0000000000001297
-0.15,1.0306689071755903,545.1446931164259,-0.15000730222705963,-1.0072994380207921e-09,0.9999999999923886,1.0000000000001252
-0.15,1.0306689071755903,550.1935108625528,-0.15000729427468348,-9.972238399573662e-10,0.9999999999916972,1.0000000000001206
-0.15,1.0306689071755903,555.2890878653604,-0.15000728653626771,-9.870383914088745e-10,0.9999999999909878,1.0000000000001161
-0.15,1.0306689071755903,560.4318571822878,-0.150007279007386,-9.767742767858503e-10,0.9999999999902629,1.0000000000001108
-0.15,1.0306689071755903,565.6222558815047,-0.15000727168279593,-9.664622455834942e-10,0.9999999999895249,1.0000000000001052
-0.15,1.0306689071755903,570.8607250790558,-0.1500072645564616,-9.56132529951844e-10,0.999999999988776,1.0000000000001
-0.15,1.0306689071755903,576.1477099763489,-0.15000725762157766,-9.458147573231337e-10,0.9999999999880177,1.0000000000000941
-0.15,1.0306689071755903,581.4836598979924,-0.15000725087059466,-9.355378821002088e-10,0.9999999999872529,1.000000000000088
-0.15,1.0306689071755903,586.8690283299819,-0.1500072442952466,-9.25330110976171e-10,0.999999999986483,1.0000000000000824
-0.15,1.0306689071755903,592.3042729582397,-0.1500072378865791,-9.152188399809608e-10,0.999999999985711,1.0000000000000764
-0.15,1.0306689071755903,597.7898557075149,-0.15000723163497903,-9.052305957019674e-10,0.9999999999849386,1.0000000000000697
-0.15,1.0306689071755903,603.3262427806361,-0.15000722553020554,-8.953909795460661e-10,0.9999999999841674,1.0000000000000633
-0.15,1.0306689071755903,608.913904698138,-0.15000721956142155,-8.857246218608656e-10,0.9999999999833993,1.0000000000000575
-0.15,1.0306689071755903,614.5533163382452,-0.15000721371722628,-8.762551304953709e-10,0.9999999999826374,1.0000000000000513
-0.15,1.0306689071755903,620.2449569772324,-0.15000720798568887,-8.670050619644585e-10,0.9999999999818826,1.000000000000045
-0.15,1.0306689071755903,625.9893103301563,-0.15000720235438172,-8.579958813198978e-10,0.9999999999811366,1.0000000000000393
-0.15,1.0306689071755903,631.7868645919671,-0.1500071968104156,-8.492479307060642e-10,0.9999999999804012,1.000000000000033
-0.15,1.0306689071755903,637.638112478994,-0.15000719134047386,-8.407804110351683e-10,0.9999999999796787,1.0000000000000269
-0.15,1.0306689071755903,643.5435512708254,-0.1500071859308476,-8.326113597631584e-10,0.9999999999789699,1.0000000000000213
-0.15,1.0306689071755903,649.5036828525664,-0.150007180567471,-8.247576307977798e-10,0.9999999999782769,1.0000000000000153
-0.15,1.0306689071755903,655.5190137574945,-0.15000717523595647,-8.172348887871041e-10,0.9999999999776014,1.0000000000000095
-0.15,1.0306689071755903,661.5900552101086,-0.15000716992163,-8.100575972415637e-10,0.9999999999769436,1.000000000000004
-0.15,1.0306689071755903,667.7173231695753,-0.15000716460956648,-8.032390205617471e-10,0.999999999976306,0.9999999999999984
-0.15,1.0306689071755903,673.9013383735801,-0.1500071592846241,-7.967912180308246e-10,0.9999999999756891,0.9999999999999932
-0.15,1.0306689071755903,680.1426263825831,-0.15000715393147954,-7.907250478475386e-10,0.9999999999750941,0.9999999999999885
-0.15,1.0306689071755903,686.4417176244827,-0.15000714853466202,-7.850501836049213e-10,0.9999999999745227,0.9999999999999838
-0.15,1.0306689071755903,692.7991474396972,-0.15000714307858665,-7.797751092139188e-10,0.9999999999739755,0.9999999999999792
-0.15,1.0306689071755903,699.215456126661,-0.15000713754758882,-7.74907145137723e-10,0.9999999999734536,0.9999999999999745
-0.15,1.0306689071755903,705.6911889877423,-0.15000713192595594,-7.704524597704678e-10,0.9999999999729575,0.9999999999999702
-0.15,1.0306689071755903,712.2268963755895,-0.15000712619795953,-7.664160873684973e-10,0.9999999999724877,0.9999999999999659
-0.15,1.0306689071755903,718.8231337398989,-0.15000712034788732,-7.628019475853225e-10,0.9999999999720458,0.9999999999999623
-0.15,1.0306689071755903,725.4804616746267,-0.15000711436007322,-7.59612873442627e-10,0.9999999999716315,0.9999999999999584
-0.15,1.0306689071755903,732.1994459656265,-0.15000710821892682,-7.568506335728243e-10,0.9999999999712457,0.9999999999999548
-0.15,1.0306689071755903,738.9806576387373,-0.1500071019089633,-7.54515962219694e-10,0.9999999999708891,0.9999999999999516
-0.15,1.0306689071755903,745.8246730083114,-0.1500070954148305,-7.526085844585586e-10,0.9999999999705613,0.9999999999999487
-0.15,1.0306689071755903,752.7320737261965,-0.15000708872133645,-7.511272509198049e-10,0.9999999999702638,0.9999999999999455
-0.15,1.0306689071755903,759.7034468311634,-0.1500070818134754,-7.500697664475723e-10,0.9999999999699959,0.9999999999999434
-0.15,1.0306689071755903,766.7393847988028,-0.15000707467645283,-7.4943302720126e-10,0.9999999999697582,0.9999999999999408
-0.15,1.0306689071755903,773.8404855918722,-0.15000706729570973,-7.492130537522314e-10,0.9999999999695501,0.9999999999999389
-0.15,1.0306689071755903,781.0073527111184,-0.15000705965694552,-7.494050226181955e-10,0.999999999969372,0.9999999999999368
-0.15,1.0306689071755903,788.2405952465664,-0.15000705174614,-7.500033098093367e-10,0.9999999999692247,0.9999999999999352
-0.15,1.0306689071755903,795.5408279292831,-0.1500070435495743,-7.510015220615532e-10,0.999999999969107,0.9999999999999334
-0.15,1.0306689071755903,802.9086711836236,-0.1500070350538508,-7.523925353120252e-10,0.999999999969019,0.9999999999999324
-0.15,1.0306689071755903,810.3447511799583,-0.1500070262459116,-7.541685356033907e-10,0.9999999999689613,0.9999999999999314
-0.15,1.0306689071755903,817.8496998878867,-0.15000701711305628,-7.563210524374895e-10,0.9999999999689322,0.9999999999999304
-0.15,1.0306689071755903,825.4241551299497,-0.1500070076429585,-7.58841000447536e-10,0.999999999968932,0.99999999999993
-0.15,1.0306689071755903,833.0687606358348,-0.1500069978236811,-7.617187172026684e-10,0.9999999999689605,0.9999999999999295
-0.15,1.0306689071755903,840.7841660970844,-0.1500069876436908,-7.649440000305733e-10,0.9999999999690171,0.9999999999999291
-0.15,1.0306689071755903,848.5710272223139,-0.15000697709187102,-7.685061451424971e-10,0.9999999999691017,0.9999999999999295
-0.15,1.0306689071755903,856.4300057929329,-0.1500069661575342,-7.723939853810638e-10,0.9999999999692136,0.9999999999999296
-0.15,1.0306689071755903,864.3617697193946,-0.15000695483043283,-7.765959278856721e-10,0.9999999999693514,0.9999999999999295
-0.15,1.0306689071755903,872.3669930979535,-0.15000694310076942,-7.810999896787049e-10,0.9999999999695153,0.9999999999999298
-0.15,1.0306689071755903,880.4463562679581,-0.15000693095920553,-7.858938362425119e-10,0.9999999999697052,0.9999999999999305
-0.15,1.0306689071755903,888.6005458696701,-0.15000691839686928,-7.909648159862516e-10,0.9999999999699193,0.9999999999999312
-0.15,1.0306689071755903,896.8302549026189,-0.15000690540536268,-7.962999959555209e-10,0.9999999999701574,0.9999999999999324
-0.15,1.0306689071755903,905.1361827845002,-0.15000689197676742,-8.018861965836283e-10,0.9999999999704186,0.9999999999999334
-0.15,1.0306689071755903,913.5190354106156,-0.15000687810364963,-8.077100252769512e-10,0.9999999999707024,0.9999999999999345
-0.15,1.0306689071755903,921.9795252138629,-0.15000686377906378,-8.137579095267528e-10,0.9999999999710076,0.9999999999999358
-0.15,1.0306689071755903,930.5183712252855,-0.15000684899655625,-8.200161289801294e-10,0.9999999999713343,0.9999999999999374
-0.15,1.0306689071755903,939.1362991351807,-0.1500068337501667,-8.264708469005307e-10,0.9999999999716808,0.9999999999999386
-0.15,1.0306689071755903,947.8340413547725,-0.15000681803443006,-8.3310813993415e-10,0.9999999999720462,0.9999999999999404
-0.15,1.0306689071755903,956.6123370784595,-0.1500068018443765,-8.399140285259849e-10,0.99999999997243,0.9999999999999423
-0.15,1.0306689071755903,965.4719323466358,-0.15000678517553115,-8.468745035681391e-10,0.9999999999728316,0.9999999999999439
-0.15,1.0306689071755903,974.4135801090915,-0.15000676802391286,-8.539755558141635e-10,0.9999999999732492,0.9999999999999459
-0.15,1.0306689071755903,983.4380402890077,-0.1500067503860326,-8.612032004037745e-10,0.9999999999736826,0.9999999999999478
-0.15,1.0306689071755903,992.5460798475383,-0.15000673225889014,-8.685435031167696e-10,0.9999999999741311,0.99999999999995
-0.15,1.0306689071755903,1001.7384728489908,-0.1500067136399713,-8.759826041488908e-10,0.9999999999745932,0.999999999999952
-0.15,1.0306689071755903,1011.0160005266158,-0.15000669452724338,-8.835067414579033e-10,0.9999999999750683,0.9999999999999537
-0.15,1.0306689071755903,1020.3794513489946,-0.1500066749191509,-8.911022726930593e-10,0.9999999999755554,0.9999999999999564
-0.15,1.0306689071755903,1029.8296210870567,-0.15000665481460976,-8.987556954810576e-10,0.9999999999760534,0.9999999999999588
-0.15,1.0306689071755903,1039.3673128817031,-0.15000663421300192,-9.064536696430428e-10,0.999999999976562,0.999999999999961
-0.15,1.0306689071755903,1048.993337312066,-0.15000661311416857,-9.141830327204736e-10,0.9999999999770794,0.9999999999999631
-0.15,1.0306689071755903,1058.7085124643972,-0.15000659151840326,-9.21930819330151e-10,0.999999999977605,0.9999999999999656
-0.15,1.0306689071755903,1068.5136640015942,-0.15000656942644444,-9.296842789544936e-10,0.999999999978139,0.9999999999999678
-0.15,1.0306689071755903,1078.4096252333723,-0.1500065468394676,-9.374308897200227e-10,0.9999999999786789,0.9999999999999705
-0.15,1.0306689071755903,1088.3972371870843,-0.15000652375907664,-9.451583733624014e-10,0.9999999999792247,0.999999999999973
-0.15,1.0306689071755903,1098.4773486791944,-0.15000650018729553,-9.528547105009298e-10,0.9999999999797754,0.9999999999999754
-0.15,1.0306689071755903,1108.650816387419,-0.15000647612655882,-9.605081506194568e-10,0.9999999999803298,0.9999999999999779
-0.15,1.0306689071755903,1118.9185049235327,-0.15000645157970233,-9.681072256717414e-10,0.9999999999808875,0.9999999999999798
-0.15,1.0306689071755903,1129.2812869068487,-0.15000642654995336,-9.75640758102881e-10,0.9999999999814477,0.9999999999999823
-0.15,1.0306689071755903,1139.740043038382,-0.15000640104092047,-9.830978752304374e-10,0.9999999999820092,0.9999999999999846
-0.15,1.0306689071755903,1150.2956621756925,-0.15000637505658318,-9.904680122890704e-10,0.9999999999825709,0.999999999999987
-0.15,1.0306689071755903,1160.9490414084332,-0.15000634860128145,-9.9774092579461e-10,0.9999999999831329,0.9999999999999895
-0.15,1.0306689071755903,1171.7010861345848,-0.15000632167970493,-1.004906694768793e-09,0.9999999999836946,0.9999999999999918
-0.15,1.0306689071755903,1182.5527101374053,-0.1500062942968815,-1.011955731556561e-09,0.9999999999842542,0.999999999999994
-0.15,1.0306689071755903,1193.5048356630894,-0.15000626645816684,-1.0188787860807983e-09,0.9999999999848113,0.9999999999999963
-0.15,1.0306689071755903,1204.55839349915,-0.1500062381692326,-1.025666947455158e-09,0.9999999999853652,0.9999999999999987
-0.15,1.0306689071755903,1215.7143230535173,-0.150006209436055,-1.0323116515149261e-09,0.9999999999859154,1.0000000000000007
-0.15,1.0306689071755903,1226.9735724343827,-0.15000618026490378,-1.0388046810746517e-09,0.9999999999864614,1.0000000000000027
-0.15,1.0306689071755903,1238.33709853077,-0.15000615066233,-1.0451381707415745e-09,0.9999999999870022,1.000000000000005
-0.15,1.0306689071755903,1249.8058670938608,-0.15000612063515484,-1.0513046046895079e-09,0.9999999999875374,1.0000000000000069
-0.15,1.0306689071755903,1261.3808528190714,-0.1500060901904577,-1.0572968211610573e-09,0.9999999999880662,1.0000000000000087
-0.15,1.0306689071755903,1273.0630394288874,-0.15000605933556452,-1.063108011926069e-09,0.9999999999885881,1.0000000000000109
-0.15,1.0306689071755903,1284.8534197564702,-0.15000602807803645,-1.0687317202213156e-09,0.9999999999891024,1.0000000000000124
-0.15,1.0306689071755903,1296.7529958300336,-0.15000599642565762,-1.0741618399322964e-09,0.9999999999896093,1.0000000000000147
-0.15,1.0306689071755903,1308.7627789579997,-0.15000596438642397,-1.079392616617689e-09,0.9999999999901071,1.0000000000000162
-0.15,1.0306689071755903,1320.883789814951,-0.1500059319685315,-1.0844186439246353e-09,0.9999999999905957,1.000000000000018
-0.15,1.0306689071755903,1333.1170585283726,-0.15000589918036455,-1.0892348597051946e-09,0.9999999999910754,1.0000000000000198
-0.15,1.0306689071755903,1345.4636247661995,-0.1500058660304851,-1.0938365457000213e-09,0.999999999991545,1.000000000000021
-0.15,1.0306689071755903,1357.924537825179,-0.15000583252762054,-1.0982193220252291e-09,0.9999999999920043,1.0000000000000229
-0.15,1.0306689071755903,1370.500856720038,-0.15000579868065317,-1.1023791445634169e-09,0.9999999999924527,1.0000000000000242
-0.15,1.0306689071755903,1383.1936502734964,-0.1500057644986086,-1.1063122994011034e-09,0.9999999999928899,1.0000000000000253
-0.15,1.0306689071755903,1396.0039972070938,-0.15000572999064546,-1.1100153987144596e-09,0.9999999999933157,1.0000000000000269
-0.15,1.0306689071755903,1408.9329862328714,-0.15000569516604376,-1.1134853773999328e-09,0.9999999999937297,1.0000000000000282
-0.15,1.0306689071755903,1421.9817161458968,-0.15000566003419488,-1.1167194854432672e-09,0.9999999999941317,1.0000000000000295
-0.15,1.0306689071755903,1435.1512959176512,-0.15000562460459088,-1.1197152839167145e-09,0.9999999999945213,1.0000000000000306
-0.15,1.0306689071755903,1448.4428447902692,-0.15000558888681434,-1.1224706372207955e-09,0.9999999999948979,1.000000000000032
-0.15,1.0306689071755903,1461.8574923716699,-0.15000555289052786,-1.124983710525743e-09,0.9999999999952617,1.0000000000000326
-0.15,1.0306689071755903,1475.3963787315492,-0.1500055166254645,-1.127252958326143e-09,0.9999999999956125,1.0000000000000338
-0.15,1.0306689071755903,1489.0606544982772,-0.15000548010141787,-1.1292771239262463e-09,0.9999999999959499,1.0000000000000349
-0.15,1.0306689071755903,1502.8514809566846,-0.1500054433282327,-1.131055227969394e-09,0.9999999999962739,1.0000000000000355
-0.15,1.0306689071755903,1516.7700301467542,-0.1500054063157955,-1.1325865612142785e-09,0.9999999999965835,1.0000000000000364
-0.15,1.0306689071755903,1530.8174849632353,-0.1500053690740253,-1.1338706834416231e-09,0.9999999999968798,1.000000000000037
-0.15,1.0306689071755903,1544.9950392561707,-0.15000533161286503,-1.1349074090660965e-09,0.999999999997162,1.000000000000038
-0.15,1.0306689071755903,1559.3038979323546,-0.15000529394227255,-1.1356968037545326e-09,0.9999999999974302,1.0000000000000386
-0.15,1.0306689071755903,1573.7452770577393,-0.15000525607221246,-1.1362391773708354e-09,0.999999999997684,1.000000000000039
-0.15,1.0306689071755903,1588.3204039607824,-0.15000521801264785,-1.1365350750720093e-09,0.9999999999979238,1.0000000000000395
-0.15,1.0306689071755903,1603.0305173367537,-0.1500051797735321,-1.1365852685683842e-09,0.9999999999981491,1.00000000000004
-0.15,1.0306689071755903,1617.8768673530133,-0.15000514136480153,-1.136390751843182e-09,0.9999999999983602,1.0000000000000404
-0.15,1.0306689071755903,1632.8607157552478,-0.1500051027963675,-1.1359527315354112e-09,0.9999999999985569,1.0000000000000406
-0.15,1.0306689071755903,1647.9833359747165,-0.15000506407810948,-1.1352726198116895e-09,0.9999999999987393,1.000000000000041
-0.15,1.0306689071755903,1663.2460132364645,-0.15000502521986772,-1.1343520258196168e-09,0.9999999999989073,1.0000000000000415
-0.15,1.0306689071755903,1678.6500446685554,-0.15000498623143674,-1.133192749290356e-09,0.9999999999990611,1.0000000000000417
-0.15,1.0306689071755903,1694.1967394123092,-0.1500049471225585,-1.13179677303092e-09,0.9999999999992005,1.0000000000000417
-0.15,1.0306689071755903,1709.8874187335668,-0.15000490790291637,-1.1301662532914529e-09,0.9999999999993258,1.000000000000042
-0.15,1.0306689071755903,1725.7234161349695,-0.15000486858212886,-1.128303515924811e-09,0.9999999999994372,1.000000000000042
-0.15,1.0306689071755903,1741.706077469303,-0.15000482916974384,-1.1262110451225664e-09,0.9999999999995342,1.000000000000042
-0.15,1.0306689071755903,1757.8367610538646,-0.1500047896752329,-1.1238914774763862e-09,0.9999999999996174,1.000000000000042
-0.15,1.0306689071755903,1774.1168377859105,-0.1500047501079861,-1.121347596171706e-09,0.9999999999996867,1.0000000000000417
-0.15,1.0306689071755903,1790.547691259161,-0.15000471047730682,-1.1185823211447395e-09,0.9999999999997424,1.0000000000000417
-0.15,1.0306689071755903,1807.1307178813868,-0.1500046707924066,-1.1155987035655907e-09,0.9999999999997843,1.0000000000000417
-0.15,1.0306689071755903,1823.867326993091,-0.15000463106240086,-1.1123999181796638e-09,0.999999999999813,1.0000000000000415
-0.15,1.0306689071755903,1840.7589409872808,-0.15000459129630409,-1.108989256214321e-09,0.9999999999998282,1.0000000000000413
-0.15,1.0306689071755903,1857.8069954303487,-0.15000455150302597,-1.1053701191238565e-09,0.9999999999998306,1.000000000000041
-0.15,1.0306689071755903,1875.012939184082,-0.150004511691367,-1.1015460110139371e-09,0.99999999999982,1.0000000000000406
-0.15,1.0306689071755903,1892.378234528796,-0.15000447187001512,-1.0975205325176181e-09,0.9999999999997965,1.0000000000000406
-0.15,1.0306689071755903,1909.9043572876058,-0.1500044320475416,-1.0932973739807753e-09,0.9999999999997605,1.0000000000000402
-0.15,1.0306689071755903,1927.592796951861,-0.15000439223239828,-1.0888803094292663e-09,0.9999999999997122,1.0000000000000397
-0.15,1.0306689071755903,1945.4450568077177,-0.15000435243291396,-1.0842731897018704e-09,0.9999999999996517,1.0000000000000393
-0.15,1.0306689071755903,1963.4626540639163,-0.15000431265729167,-1.0794799369302097e-09,0.9999999999995794,1.000000000000039
-0.15,1.0306689071755903,1981.6471199807077,-0.15000427291360574,-1.0745045380715005e-09,0.9999999999994953,1.0000000000000384
-0.15,1.0306689071755903,2000.0,-0.15000423320979941,-1.069351039309615e-09,0.9999999999993994,1.000000000000038
-0.1,1.0302199590452275,0.0,0.0,0.0,0.0,1.0302199590452275
-0.1,1.0302199590452275,0.05,-0.0011923072545594673,0.023454624320240054,0.02973671047902176,1.0297592001993237
-0.1,1.0302199590452275,0.1,-0.004614932479887721,0.04462977346866376,0.05935906392116069,1.0292984642113447
-0.1,1.0302199590452275,0.15000000000000002,-0.010046982554173276,0.06366608987134129,0.08876579170248754,1.0288378075380944
-0.1,1.0302199590452275,0.2,-0.017281365402227418,0.0806992912397542,0.1178687347366795,1.0283773199353867
-0.1,1.0302199590452275,0.25,-0.026124425236210388,0.0958600027886961,0.1465916479638955,1.0279171209393423
-0.1,1.0302199590452275,0.30000000000000004,-0.03639517092243348,0.10927363920550826,0.1748690970141159,1.02745735650388
-0.1,1.0302199590452275,0.35000000000000003,-0.04792492005179582,0.12106033112242669,0.2026454400722519,1.0269981957828331
-0.1,1.0302199590452275,0.4,-0.06055680353335319,0.13133489102636292,0.22987388840248288,1.0265398280529334
-0.1,1.0302199590452275,0.45,-0.07414514828484275,0.14020681391473772,0.25651564007522104,1.0260824597691338
-0.1,1.0302199590452275,0.5,-0.08855492370964496,0.14778030845443266,0.2825390818753318,1.0256263117490427
-0.1,1.0302199590452275,0.55,-0.10366125472565524,0.1541543547513579,0.30791905463272407,1.0251716164884268
-0.1,1.0302199590452275,0.6000000000000001,-0.11934893130087598,0.15942278512954927,0.3326361775789585,1.0247186156107708
-0.1,1.0302199590452275,0.65,-0.1355118911411871,0.16367438461011294,0.35667622771506363,1.0242675574534206
-0.1,1.0302199590452275,0.7000000000000001,-0.15205269877680472,0.16699300807735026,0.3800295704835598,1.02381869479276
-0.1,1.0302199590452275,0.75,-0.1688820475000407,0.16945771140270796,0.40269063826975887,1.0233722827113185
-0.1,1.0302199590452275,0.8,-0.18591829114179687,0.17114289405445474,0.424657453452484,1.0229285766097729
-0.1,1.0302199590452275,0.8500000000000001,-0.20308699763869667,0.17211845095312164,0.4459311929110206,1.0224878303664031
-0.1,1.0302199590452275,0.9,-0.2203205145341681,0.17244993154658228,0.4665157910794193,1.0220502946456
-0.1,1.0302199590452275,0.9500000000000001,-0.23755754277691368,0.17219870427970635,0.48641757881563963,1.0216162153559183
-0.1,1.0302199590452275,1.0,-0.2547427215578744,0.17142212482362224,0.5056449555156546,1.0211858322570848
-0.1,1.0302199590452275,1.05,-0.2718262293615891,0.17017370660810668,0.5242080920503809,1.0207593777143766
-0.1,1.0302199590452275,1.1,-0.2887634050788981,0.16850329236628575,0.5421186622391007,1.0203370755978698
-0.1,1.0302199590452275,1.1500000000000001,-0.30551439014760695,0.16645722555323755,0.5593896007008581,1.019919140323193
-0.1,1.0302199590452275,1.2000000000000002,-0.3220437903220118,0.164078520639767,0.5760348850482019,1.0195057760295614
-0.1,1.0302199590452275,1.25,-0.3383203547494625,0.16140703141069532,0.5920693405070739,1.0190971758900604
-0.1,1.0302199590452275,1.3,-0.35431667040804776,0.15847961651474027,0.6075084651625622,1.0186935215484054
-0.1,1.0302199590452275,1.35,-0.37000887095885426,0.15533030162142716,0.6223682741421676,1.0182949826757601
-0.1,1.0302199590452275,1.4000000000000001,-0.3853763600111103,0.15199043764016917,0.6366651611555211,1.0179017166406616
-0.1,1.0302199590452275,1.4500000000000002,-0.40040154929712146,0.14848885454807617,0.6504157759118793,1.0175138682847444
-0.1,1.0302199590452275,1.5,-0.4150696122424165,0.14485201045646562,0.6636369160342689,1.017131569796637
-0.1,1.0302199590452275,1.55,-0.42936825305296467,0.14110413562173008,0.6763454321820973,1.0167549406762957
-0.1,1.0302199590452275,1.6,-0.44328749095974984,0.1372673711744686,0.6885581451827578,1.0163840877819423
-0.1,1.0302199590452275,1.6500000000000001,-0.4568194588582125,0.13336190240201848,0.7002917740574682,1.0160191054518166
-0.1,1.0302199590452275,1.7000000000000002,-0.469958215361423,0.12940608647418514,0.7115628739074666,1.015660075693051
-0.1,1.0302199590452275,1.75,-0.4826995692633081,0.1254165745505323,0.7223877827038067,1.0153070684301313
-0.1,1.0302199590452275,1.8,-0.4950409155295936,0.12140842825054013,0.7327825760972616,1.0149601418056422
-0.1,1.0302199590452275,1.85,-0.50698108212155,0.11739523050569327,0.7427630294342833,1.014619342526263
-0.1,1.0302199590452275,1.9000000000000001,-0.5185201871392062,0.1133891908455332,0.752344586230492,1.0142847062473055
-0.1,1.0302199590452275,1.9500000000000002,-0.5296595058991436,0.10940124519826529,0.7615423324147725,1.013956257989439
-0.1,1.0302199590452275,2.0,-0.5404013476194761,0.10544115031096153,0.7703709757148739,1.0136340125816408
-0.1,1.0302199590452275,2.0500000000000003,-0.5507489413777387,0.10151757291510195,0.7788448296094205,1.0133179751248023
-0.1,1.0302199590452275,2.1,-0.5607063309579285,0.0976381737804029,0.7869778013216948,1.013008141470858
-0.1,1.0302199590452275,2.15,-0.570278278137108,0.09380968681392424,0.794783383377537,1.0127044987127105
-0.1,1.0302199590452275,2.2,-0.5794701739030652,0.09003799337260064,0.8022746482933492,1.0124070256806506
-0.1,1.0302199590452275,2.25,-0.5882879570579387,0.08632819196587814,0.809464246000781,1.0121156934413922
-0.1,1.0302199590452275,2.3000000000000003,-0.5967380396548377,0.08268466353135488,0.8163644036521978,1.0118304657962307
-0.1,1.0302199590452275,2.35,-0.6048272387339683,0.07911113247045562,0.8229869274857566,1.0115512997752292
-0.1,1.0302199590452275,2.4000000000000004,-0.6125627138648182,0.07561072363347689,0.8293432064609702,1.011278146124709
-0.1,1.0302199590452275,2.45,-0.6199519100523929,0.07218601544405115,0.8354442174050782,1.0110109497856588
-0.1,1.0302199590452275,2.5,-0.6270025056193238,0.06883908935238892,0.8413005314376475,1.010749650361031
-0.1,1.0302199590452275,2.5500000000000003,-0.6337223647244643,0.06557157580478422,0.8469223214655638,1.0104941825701705
-0.1,1.0302199590452275,2.6,-0.6401194942179583,0.06238469691396353,0.8523193705632589,1.0102444766889476
-0.1,1.0302199590452275,2.6500000000000004,-0.6462020045607739,0.059279306011092235,0.857501081073621,1.0100004589743938
-0.1,1.0302199590452275,2.7,-0.6519780745540555,0.05625592425576884,0.8624764842838211,1.0097620520729205
-0.1,1.0302199590452275,2.75,-0.6574559196325093,0.05331477447525482,0.8672542505473063,1.0095291754113918
-0.1,1.0302199590452275,2.8000000000000003,-0.662643763479501,0.05045581239863889,0.8718426997386455,1.0093017455705475
-0.1,1.0302199590452275,2.85,-0.6675498127227013,0.04767875544570555,0.8762498119418379,1.0090796766404413
-0.1,1.0302199590452275,2.9000000000000004,-0.672182234470696,0.044983109224079394,0.8804832382852853,1.008862880557721
-0.1,1.0302199590452275,2.95,-0.6765491364548849,0.04236819188182056,0.8845503118479358,1.0086512674247328
-0.1,1.0302199590452275,3.0,-0.6806585495482818,0.03983315645612847,0.8884580585713125,1.008444745810537
-0.1,1.0302199590452275,3.0500000000000003,-0.6845184124437195,0.03737701135224684,0.8922132081212277,1.0082432230340512
-0.1,1.0302199590452275,3.1,-0.6881365582880369,0.03499863908008802,0.8958222046512004,1.0080466054296153
-0.1,1.0302199590452275,3.1500000000000004,-0.691520703085167,0.03269681336958216,0.8992912174268497,1.0078547985953628
-0.1,1.0302199590452275,3.2,-0.6946784356986101,0.03047021477933004,0.9026261512770718,1.0076677076248406
-0.1,1.0302199590452275,3.25,-0.6976172093014267,0.02831744490683753,0.9058326568435547,1.0074852373223795
-0.1,1.0302199590452275,3.3000000000000003,-0.7003443341386888,0.026237039302470826,0.9089161406053353,1.0073072924027602
-0.1,1.0302199590452275,3.35,-0.7028669714825158,0.0242274791833035,0.911881774659596,1.0071337776757556
-0.1,1.0302199590452275,3.4000000000000004,-0.7051921286729977,0.022287202037261013,0.9147345062439077,1.0069645982161473
-0.1,1.0302199590452275,3.45,-0.7073266551492404,0.020414611202410882,0.9174790669886006,1.0067996595198436
-0.1,1.0302199590452275,3.5,-0.7092772393835707,0.018608084500909162,0.9201199818910243,1.0066388676467348
-0.1,1.0302199590452275,3.5500000000000003,-0.7110504066388089,0.01686598200200628,0.9226615780060998,1.0064821293509219
-0.1,1.0302199590452275,3.6,-0.7126525174738484,0.015186652983634724,0.9251079928498924,1.0063293521989558
-0.1,1.0302199590452275,3.6500000000000004,-0.7140897669269777,0.013568442157456402,0.9274631825149209,1.006180444676734
-0.1,1.0302199590452275,3.7,-0.7153681843098207,0.012009695217833325,0.9297309294976316,1.006035316285665
-0.1,1.0302199590452275,3.75,-0.716493633547891,0.010508763770997812,0.9319148502399204,1.0058938776287372
-0.1,1.0302199590452275,3.8000000000000003,-0.7174718140067542,0.00906400969674261,0.934018402387835,1.005756040487078
-0.1,1.0302199590452275,3.85,-0.7183082617459792,0.0076738089912092265,0.936044891771617,1.0056217178875997
-0.1,1.0302199590452275,3.9000000000000004,-0.719008351146456,0.00633655513583088,0.937997479112118,1.0054908241622988
-0.1,1.0302199590452275,3.95,-0.719577296860393,0.0050506620341707106,0.9398791864593286,1.005363274999758
-0.1,1.0302199590452275,4.0,-0.7200201560372892,0.003814566555280211,0.9416929033693386,1.0052389874893775
-0.1,1.0302199590452275,4.05,-0.7203418307833712,0.002626730719283893,0.9434413928265059,1.0051178801588452
-0.1,1.0302199590452275,4.1000000000000005,-0.7205470708162623,0.0014856435581589592,0.9451272969179588,1.0049998730053313
-0.1,1.0302199590452275,4.15,-0.7206404762809185,0.00038982268212212333,0.9467531422678317,1.0048848875208747
-0.1,1.0302199590452275,4.2,-0.7206265006969828,-0.0006621844203536725,0.9483213452387993,1.0047728467123906
-0.1,1.0302199590452275,4.25,-0.7205094540115821,-0.001671799323097371,0.9498342169086121,1.004663675116735
-0.1,1.0302199590452275,4.3,-0.7202935057351519,-0.0026404118196527208,0.9512939678293753,1.0045572988112081
-0.1,1.0302199590452275,4.3500000000000005,-0.719982688141035,-0.003569379275756912,0.9527027125773276,1.0044536454198807
-0.1,1.0302199590452275,4.4,-0.719580899512358,-0.0044600261568896755,0.9540624741008398,1.004352644116099
-0.1,1.0302199590452275,4.45,-0.719091907422039,-0.0053136437125635,0.9553751878742742,1.0042542256214924
-0.1,1.0302199590452275,4.5,-0.7185193520336965,-0.006131489800569882,0.9566427058652489,1.0041583222018113
-0.1,1.0302199590452275,4.55,-0.7178667494128148,-0.006914788835827649,0.9578668003227095,1.004064867659878
-0.1,1.0302199590452275,4.6000000000000005,-0.7171374948387665,-0.007664731849803282,0.9590491673930684,1.0039737973259313
-0.1,1.0302199590452275,4.65,-0.7163348661092566,-0.00838247664769793,0.9601914305714992,1.003885048045628
-0.1,1.0302199590452275,4.7,-0.7154620268295423,-0.009069148051726513,0.9612951439952946,1.003798558165933
-0.1,1.0302199590452275,4.75,-0.7145220296793755,-0.009725838219858162,0.9623617955859899,1.0037142675191268
-0.1,1.0302199590452275,4.800000000000001,-0.71351781965112,-0.010353607030350036,0.9633928100467701,1.0036321174051437
-0.1,1.0302199590452275,4.8500000000000005,-0.712452237252954,-0.010953482523293085,0.9643895517214657,1.003552050572429
-0.1,1.0302199590452275,4.9,-0.7113280216714587,-0.011526461391204695,0.9653533273212165,1.003474011197499
-0.1,1.0302199590452275,4.95,-0.7101478138883277,-0.012073509511453914,0.9662853885247047,1.0033979448633696
-0.1,1.0302199590452275,5.0,-0.7089141597463479,-0.012595562513994794,0.9671869344576014,1.003323798537009
-0.1,1.0302199590452275,5.050000000000001,-0.7076295129602753,-0.013093526378516875,0.9680591140567045,1.0032515205459547
-0.1,1.0302199590452275,5.1000000000000005,-0.706296238068706,-0.013568278055702562,0.968903028323996,1.003181060554231
-0.1,1.0302199590452275,5.15,-0.7049166133235616,-0.014020666107814472,0.9697197324756713,1.0031123695376798
-0.1,1.0302199590452275,5.2,-0.7034928335143483,-0.014451511364322368,0.9705102379909741,1.0030453997588291
-0.1,1.0302199590452275,5.25,-0.7020270127248872,-0.014861607588726343,0.9712755145654687,1.0029801047413827
-0.1,1.0302199590452275,5.300000000000001,-0.7005211870207577,-0.01525172215314048,0.9720164919731996,1.0029164392444399
-0.1,1.0302199590452275,5.3500000000000005,-0.6989773170662323,-0.015622596717573468,0.972734061841998,1.0028543592365253
-0.1,1.0302199590452275,5.4,-0.6973972906699699,-0.015974947911182445,0.9734290793459914,1.002793821869498
-0.1,1.0302199590452275,5.45,-0.6957829252592196,-0.01630946801308635,0.9741023648192276,1.002734785452425
-0.1,1.0302199590452275,5.5,-0.6941359702826946,-0.016626825630606273,0.974754705294123,1.0026772094254672
-0.1,1.0302199590452275,5.550000000000001,-0.6924581095426641,-0.016927666373057492,0.9753868559682942,1.0026210543338505
-0.1,1.0302199590452275,5.6000000000000005,-0.6907509634571184,-0.01721261351945012,0.975999541603169,1.002566281801958
-0.1,1.0302199590452275,5.65,-0.6890160912531335,-0.017482268678667312,0.9765934578576141,1.0025128545076032
-0.1,1.0302199590452275,5.7,-0.6872549930927704,-0.01773721244088085,0.9771692725596736,1.0024607361565145
-0.1,1.0302199590452275,5.75,-0.6854691121329998,-0.01797800501913799,0.9777276269193642,1.0024098914570838
-0.1,1.0302199590452275,5.800000000000001,-0.6836598365212506,-0.018205186880209688,0.9782691366853427,1.0023602860953869
-0.1,1.0302199590452275,5.8500000000000005,-0.681828501328245,-0.018419279363932155,0.978794393248121,1.002311886710531
-0.1,1.0302199590452275,5.9,-0.6799763904198168,-0.018620785290401173,0.9793039646923822,1.002264660870341
-0.1,1.0302199590452275,5.95,-0.6781047382693949,-0.018810189554492762,0.9797983968008376,1.002218577047401
-0.1,1.0302199590452275,6.0,-0.6762147317128122,-0.018987959707288195,0.9802782140119263,1.0021736045954857
-0.1,1.0302199590452275,6.050000000000001,-0.6743075116470585,-0.0191545465240721,0.9807439203335839,1.0021297137263896
-0.1,1.0302199590452275,6.1000000000000005,-0.6723841746745192,-0.019310384558656347,0.9811960002151612,1.0020868754871584
-0.1,1.0302199590452275,6.15,-0.6704457746941925,-0.01945589268385561,0.9816349193795043,1.0020450617377532
-0.1,1.0302199590452275,6.2,-0.6684933244413059,-0.01959147461800641,0.9820611256170965,1.0020042451291435
-0.1,1.0302199590452275,6.25,-0.6665277969766696,-0.01971751943747958,0.9824750495440709,1.0019643990818372
-0.1,1.0302199590452275,6.300000000000001,-0.6645501271270661,-0.019834402075188114,0.9828771053258171,1.0019254977648582
-0.1,1.0302199590452275,6.3500000000000005,-0.6625612128778952,-0.01994248380513755,0.9832676913678244,1.0018875160751697
-0.1,1.0302199590452275,6.4,-0.6605619167192599,-0.020042112713106425,0.983647190975316,1.0018504296175506
-0.1,1.0302199590452275,6.45,-0.6585530669466386,-0.020133624153579062,0.9840159729831662,1.0018142146849263
-0.1,1.0302199590452275,6.5,-0.6565354589172457,-0.020217341193083823,0.984374392357499,1.001778848239145
-0.1,1.0302199590452275,6.550000000000001,-0.6545098562631807,-0.020293575040116037,0.9847227907703265,1.0017443078922112
-0.1,1.0302199590452275,6.6000000000000005,-0.652476992062437,-0.020362625461847646,0.9850614971484908,1.0017105718879658
-0.1,1.0302199590452275,6.65,-0.6504375699688406,-0.02042478118784499,0.9853908281981283,1.0016776190842092
-0.1,1.0302199590452275,6.7,-0.6483922653019953,-0.02048032030103249,0.9857110889058179,1.0016454289352734
-0.1,1.0302199590452275,6.75,-0.6463417260982985,-0.020529510616153355,0.9860225730174969,1.0016139814750258
-0.1,1.0302199590452275,6.800000000000001,-0.6442865741241169,-0.020572610045989894,0.9863255634962108,1.0015832573003063
-0.1,1.0302199590452275,6.8500000000000005,-0.6422274058522077,-0.020609866955614727,0.9866203329596678,1.001553237554795
-0.1,1.0302199590452275,6.9,-0.6401647934024792,-0.020641520504951556,0.9869071440985636,1.0015239039132984
-0.1,1.0302199590452275,6.95,-0.6380992854482009,-0.020667800979928798,0.987186250076561,1.001495238566451
-0.1,1.0302199590452275,7.0,-0.6360314080887689,-0.02068893011251367,0.9874578949127928,1.0014672242058273
-0.1,1.0302199590452275,7.050000000000001,-0.6339616656901393,-0.020705121389916148,0.9877223138476883,1.0014398440094485
-0.1,1.0302199590452275,7.1000000000000005,-0.631890541694037,-0.02071658035325374,0.9879797336929108,1.001413081627691
-0.1,1.0302199590452275,7.15,-0.6298184993970529,-0.02072350488596733,0.9882303731661354,1.0013869211695758
-0.1,1.0302199590452275,7.2,-0.6277459827007116,-0.020726085492277925,0.9884744432113655,1.001361347189439
-0.1,1.0302199590452275,7.25,-0.6256734168336034,-0.020724505565972155,0.9887121473054686,1.0013363446739714
-0.1,1.0302199590452275,7.300000000000001,-0.6236012090466349,-0.020718941649801346,0.9889436817515437,1.0013118990296233
-0.1,1.0302199590452275,7.3500000000000005,-0.6215297492824394,-0.020709563685776575,0.9891692359597511,1.0012879960703618
-0.1,1.0302199590452275,7.4,-0.6194594108199619,-0.020696535256637522,0.9893889927161568,1.0012646220057795
-0.1,1.0302199590452275,7.45,-0.6173905508952025,-0.020680013818769157,0.9896031284401497,1.0012417634295379
-0.1,1.0302199590452275,7.5,-0.6153235112990663,-0.020660150926835544,0.9898118134309523,1.0012194073081406
-0.1,1.0302199590452275,7.550000000000001,-0.6132586189532413,-0.020637092450395036,0.9900152121037178,1.0011975409700387
-0.1,1.0302199590452275,7.6000000000000005,-0.6111961864649784,-0.020610978782755716,0.9902134832156885,1.001176152095043
-0.1,1.0302199590452275,7.65,-0.6091365126616194,-0.02058194504232459,0.990406780082858,1.0011552287040437
-0.1,1.0302199590452275,7.7,-0.6070798831056751,-0.02055012126669845,0.990595250787578,1.0011347591490358
-0.1,1.0302199590452275,7.75,-0.6050265705912191,-0.020515632599738078,0.9907790383775059,1.0011147321034322
-0.1,1.0302199590452275,7.800000000000001,-0.6029768356223258,-0.020478599471862046,0.9909582810562853,1.0010951365526597
-0.1,1.0302199590452275,7.8500000000000005,-0.6009309268742369,-0.020439137773789712,0.9911331123663278,1.0010759617850367
-0.1,1.0302199590452275,7.9,-0.5988890816379189,-0.02039735902395781,0.9913036613640563,1.0010571973829157
-0.1,1.0302199590452275,7.95,-0.5968515262486227,-0.020353370529827882,0.9914700527879293,1.0010388332140903
-0.1,1.0302199590452275,8.0,-0.5948184764990385,-0.020307275543296897,0.9916324072195832,1.0010208594234582
-0.1,1.0302199590452275,8.05,-0.5927901380375946,-0.020259173410416165,0.991790841238384,1.0010032664249278
-0.1,1.0302199590452275,8.1,-0.5907667067524343,-0.020209159715618655,0.9919454675696894,1.0009860448935712
-0.1,1.0302199590452275,8.15,-0.5887483691415641,-0.02015732642064822,0.9920963952270869,1.0009691857580065
-0.1,1.0302199590452275,8.200000000000001,-0.5867353026696565,-0.02010376199837872,0.9922437296488823,1.0009526801930153
-0.1,1.0302199590452275,8.25,-0.5847276761119508,-0.020048551561704882,0.9923875728290814,1.000936519612368
-0.1,1.0302199590452275,8.3,-0.5827256498857002,-0.019991776987681422,0.9925280234431116,1.0009206956618806
-0.1,1.0302199590452275,8.35,-0.580729376369563,-0.01993351703708108,0.992665176968506,1.0009052002126662
-0.1,1.0302199590452275,8.4,-0.5787390002113484,-0.01987384746953669,0.9927991258007733,1.0008900253545983
-0.1,1.0302199590452275,8.450000000000001,-0.5767546586245041,-0.019812841154427354,0.9929299593646588,1.0008751633899653
-0.1,1.0302199590452275,8.5,-0.5747764816737,-0.019750568177662842,0.9930577642209885,1.0008606068273165
-0.1,1.0302199590452275,8.55,-0.5728045925498897,-0.019687095944516113,0.9931826241693049,1.0008463483754988
-0.1,1.0302199590452275,8.6,-0.5708391078351821,-0.019622489278647914,0.993304620346447,1.0008323809378643
-0.1,1.0302199590452275,8.65,-0.5688801377578724,-0.01955681051746304,0.9934238313212762,1.0008186976066615
-0.1,1.0302199590452275,8.700000000000001,-0.5669277864379583,-0.01949011960393312,0.9935403331856834,1.0008052916575867
-0.1,1.0302199590452275,8.75,-0.5649821521234709,-0.019422474175015497,0.993654199642065,1.000792156544509
-0.1,1.0302199590452275,8.8,-0.5630433274179295,-0.019353929646794155,0.9937655020873861,1.0007792858943467
-0.1,1.0302199590452275,8.85,-0.5611113994992365,-0.01928453929646352,0.9938743096940011,1.000766673502102
-0.1,1.0302199590452275,8.9,-0.55918645033031,-0.01921435434127201,0.9939806894873517,1.000754313326044
-0.1,1.0302199590452275,8.950000000000001,-0.5572685568617527,-0.019143424014538085,0.9940847064206766,1.0007421994830406
-0.1,1.0302199590452275,9.0,-0.5553577912268467,-0.01907179563884732,0.9941864234468628,1.0007303262440226
-0.1,1.0302199590452275,9.05,-0.5534542209291576,-0.018999514696535474,0.9942859015875477,1.0007186880295973
-0.1,1.0302199590452275,9.1,-0.5515579090230243,-0.01892662489755826,0.9943831999995983,1.00070727940578
-0.1,1.0302199590452275,9.15,-0.5496689142872011,-0.018853168244845456,0.9944783760390619,1.000696095079866
-0.1,1.0302199590452275,9.200000000000001,-0.547787291391928,-0.018779185097232934,0.9945714853227059,1.0006851298964194
-0.1,1.0302199590452275,9.25,-0.5459130910596641,-0.01870471423006307,0.9946625817872347,1.0006743788333858
-0.1,1.0302199590452275,9.3,-0.5440463602197558,-0.01862979289354064,0.9947517177462876,1.0006638369983212
-0.1,1.0302199590452275,9.35,-0.5421871421572656,-0.018554456868927975,0.9948389439453006,1.000653499624734
-0.1,1.0302199590452275,9.4,-0.5403354766561999,-0.01847874052266027,0.9949243096143241,1.000643362068536
-0.1,1.0302199590452275,9.450000000000001,-0.5384914001373663,-0.018402676858458686,0.9950078625188798,1.0006334198046023
-0.1,1.0302199590452275,9.5,-0.536654945791072,-0.018326297567516428,0.99508964900893,1.000623668423429
-0.1,1.0302199590452275,9.55,-0.5348261437048775,-0.018249633076829568,0.9951697140660429,1.0006141036279013
-0.1,1.0302199590452275,9.600000000000001,-0.5330050209866055,-0.018172712595742373,0.9952481013488221,1.000604721230143
-0.1,1.0302199590452275,9.65,-0.5311916018828021,-0.0180955641607739,0.9953248532366704,1.0005955171484755
-0.1,1.0302199590452275,9.700000000000001,-0.5293859078928325,-0.018018214678790043,0.9954000108719533,1.0005864874044559
-0.1,1.0302199590452275,9.75,-0.5275879578787904,-0.017940689968583324,0.9954736142006316,1.00057762812001
-0.1,1.0302199590452275,9.8,-0.5257977681713916,-0.017863014800919667,0.9955457020114132,1.0005689355146503
-0.1,1.0302199590452275,9.850000000000001,-0.524015352672015,-0.01778521293710995,0.9956163119734972,1.0005604059027713
-0.1,1.0302199590452275,9.9,-0.5222407229510413,-0.017707307166161108,0.9956854806729456,1.0005520356910316
-0.1,1.0302199590452275,9.950000000000001,-0.5204738883426381,-0.017629319340560407,0.9957532436477616,1.000543821375809
-0.1,1.0302199590452275,10.0,-0.5187148560361368,-0.017551270410743666,0.9958196354217059,1.0005357595407345
-0.1,1.0302199590452275,10.05,-0.5169636311641207,-0.017473180458296843,0.9958846895369013,1.0005278468542966
-0.1,1.0302199590452275,10.100000000000001,-0.5152202168873665,-0.017395068727938345,0.9959484385852884,1.000520080067518
-0.1,1.0302199590452275,10.15,-0.513484614476744,-0.017316953658327503,0.9960109142389586,1.0005124560116976
-0.1,1.0302199590452275,10.200000000000001,-0.5117568233921965,-0.01723885291174319,0.9960721472794181,1.0005049715962253
-0.1,1.0302199590452275,10.25,-0.5100368413589088,-0.01716078340267478,0.9961321676258242,1.0004976238064527
-0.1,1.0302199590452275,10.3,-0.5083246644407574,-0.01708276132536589,0.9961910043622249,1.0004904097016338
-0.1,1.0302199590452275,10.350000000000001,-0.5066202871111516,-0.017004802180350186,0.9962486857638506,1.0004833264129231
-0.1,1.0302199590452275,10.4,-0.504923702321346,-0.01692692080001668,0.9963052393224904,1.0004763711414297
-0.1,1.0302199590452275,10.450000000000001,-0.5032349015663206,-0.016849131373240678,0.9963606917709824,1.000469541156332
-0.1,1.0302199590452275,10.5,-0.5015538749483066,-0.016771447469115307,0.9964150691068592,1.0004628337930457
-0.1,1.0302199590452275,10.55,-0.4998806112380423,-0.016693882059816915,0.9964683966151763,1.000456246451447
-0.1,1.0302199590452275,10.600000000000001,-0.49821509793382784,-0.016616447542636685,0.9965206988905578,1.0004497765941422
-0.1,1.0302199590452275,10.65,-0.4965573213184593,-0.016539155761209335,0.996571999858482,1.0004434217447944
-0.1,1.0302199590452275,10.700000000000001,-0.494907266514107,-0.016462018025968906,0.9966223227958431,1.0004371794864935
-0.1,1.0302199590452275,10.75,-0.4932649175352054,-0.01638504513386004,0.9966716903508124,1.0004310474601774
-0.1,1.0302199590452275,10.8,-0.4916302573394208,-0.01630824738733258,0.9967201245620241,1.0004250233630927
-0.1,1.0302199590452275,10.850000000000001,-0.49000326787675524,-0.016231634612646012,0.9967676468771122,1.0004191049473066
-0.1,1.0302199590452275,10.9,-0.48838393013685116,-0.016155216177509157,0.996814278170624,1.0004132900182576
-0.1,1.0302199590452275,10.950000000000001,-0.4867722241945495,-0.01607900100807988,0.9968600387613294,1.0004075764333495
-0.1,1.0302199590452275,11.0,-0.4851681292537609,-0.0160029976053483,0.9969049484289525,1.0004019621005817
-0.1,1.0302199590452275,11.05,-0.4835716236897024,-0.015927214060926433,0.99694902643034,1.0003964449772276
-0.1,1.0302199590452275,11.100000000000001,-0.4819826850895533,-0.015851658072266038,0.9969922915151004,1.0003910230685382
-0.1,1.0302199590452275,11.15,-0.4804012902915824,-0.01577633695732575,0.9970347619407136,1.0003856944264937
-0.1,1.0302199590452275,11.200000000000001,-0.47882741542279317,-0.01570125766870787,0.9970764554871484,1.000380457148585
-0.1,1.0302199590452275,11.25,-0.47726103593514024,-0.01562642680728428,0.997117389470995,1.0003753093766319
-0.1,1.0302199590452275,11.3,-0.4757021266403614,-0.015551850635330128,0.9971575807591336,1.00037024929563
-0.1,1.0302199590452275,11.350000000000001,-0.47415066174347364,-0.015477535089183658,0.9971970457819573,1.0003652751326395
-0.1,1.0302199590452275,11.4,-0.47260661487497857,-0.015403485791449227,0.9972358005461602,1.0003603851556957
-0.1,1.0302199590452275,11.450000000000001,-0.47106995912181693,-0.015329708062760525,0.997273860647111,1.0003555776727566
-0.1,1.0302199590452275,11.5,-0.4695406670571266,-0.015256206933119928,0.9973112412808266,1.0003508510306751
-0.1,1.0302199590452275,11.55,-0.4680187107688324,-0.015182987152829546,0.9973479572555529,1.000346203614206
-0.1,1.0302199590452275,11.600000000000001,-0.4665040618871212,-0.01511005320302898,0.9973840230029829,1.000341633845034
-0.1,1.0302199590452275,11.65,-0.464996691610835,-0.01503740930585397,0.9974194525891029,1.000337140180835
-0.1,1.0302199590452275,11.700000000000001,-0.4634965707328255,-0.014965059434229846,0.9974542597246983,1.0003327211143593
-0.1,1.0302199590452275,11.75,-0.4620036696643061,-0.014893007321313118,0.9974884577755215,1.0003283751725416
-0.1,1.0302199590452275,11.8,-0.46051795845824145,-0.014821256469594028,0.9975220597721375,1.000324100915636
-0.1,1.0302199590452275,11.850000000000001,-0.4590394068318087,-0.01474981015967224,0.997555078419457,1.0003198969363758
-0.1,1.0302199590452275,11.9,-0.4575679841879666,-0.014678671458717705,0.9975875261059642,1.000315761859154
-0.1,1.0302199590452275,11.950000000000001,-0.456103659636168,-0.014607843228628079,0.9976194149126619,1.0003116943392287
-0.1,1.0302199590452275,12.0,-0.45464640201224765,-0.014537328133893593,0.9976507566217261,1.0003076930619492
-0.1,1.0302199590452275,12.05,-0.453196179897519,-0.01446712864918017,0.997681562724897,1.0003037567420034
-0.1,1.0302199590452275,12.100000000000001,-0.4517529616371105,-0.014397247066640733,0.9977118444316034,1.000299884122687
-0.1,1.0302199590452275,12.15,-0.4503167153575717,-0.014327685502964756,0.9977416126768353,1.0002960739751905
-0.1,1.0302199590452275,12.200000000000001,-0.44888740898378,-0.014258445906175294,0.9977708781287725,1.0002923250979079
-0.1,1.0302199590452275,12.25,-0.447465010255176,-0.014189530062182832,0.9977996511961804,1.0002886363157624
-0.1,1.0302199590452275,12.3,-0.44604948674134914,-0.014120939601104457,0.9978279420355677,1.000285006479551
-0.1,1.0302199590452275,12.350000000000001,-0.4446408058570135,-0.014052676003357006,0.9978557605581375,1.0002814344653086
-0.1,1.0302199590452275,12.4,-0.44323893487638116,-0.013984740605532212,0.9978831164365141,1.000277919173687
-0.1,1.0302199590452275,12.450000000000001,-0.4418438409469715,-0.013917134606061648,0.9979100191112719,1.0002744595293485
-0.1,1.0302199590452275,12.5,-0.44045549110287474,-0.013849859070679177,0.997936477797258,1.000271054480384
-0.1,1.0302199590452275,12.55,-0.43907385227748885,-0.013782914937687888,0.9979625014897322,1.0002677029977376
-0.1,1.0302199590452275,12.600000000000001,-0.4376988913157563,-0.01371630302303879,0.9979880989703119,1.0002644040746507
-0.1,1.0302199590452275,12.65,-0.4363305749859184,-0.013650024025227865,0.9980132788127415,1.0002611567261228
-0.1,1.0302199590452275,12.700000000000001,-0.4349688699908063,-0.013584078530017921,0.9980380493884918,1.0002579599883827
-0.1,1.0302199590452275,12.75,-0.4336137429786869,-0.013518467014991629,0.9980624188721828,1.0002548129183757
-0.1,1.0302199590452275,12.8,-0.43226516055368497,-0.013453189853941682,0.9980863952468539,1.0002517145932661
-0.1,1.0302199590452275,12.850000000000001,-0.4309230892857929,-0.013388247321103901,0.99810998630907,1.000248664109948
-0.1,1.0302199590452275,12.9,-0.42958749572048716,-0.013323639595238806,0.9981331996738766,1.0002456605845766
-0.1,1.0302199590452275,12.950000000000001,-0.4282583463879665,-0.013259366763567253,0.9981560427796139,1.0002427031521037
-0.1,1.0302199590452275,13.0,-0.42693560781202544,-0.013195428825564971,0.9981785228925801,1.00023979096583
-0.1,1.0302199590452275,13.05,-0.42561924651857724,-0.013131825696621389,0.9982006471115639,1.0002369231969694
-0.1,1.0302199590452275,13.100000000000001,-0.42430922904384066,-0.013068557211567333,0.998222422372242,1.0002340990342236
-0.1,1.0302199590452275,13.15,-0.42300552194219815,-0.013005623128076243,0.9982438554514446,1.000231317683366
-0.1,1.0302199590452275,13.200000000000001,-0.4217080917937442,-0.012943023129943484,0.9982649529713028,1.0002285783668412
-0.1,1.0302199590452275,13.25,-0.42041690521152975,-0.012880756830248018,0.9982857214032682,1.0002258803233695
-0.1,1.0302199590452275,13.3,-0.41913192884851336,-0.012818823774400578,0.9983061670720229,1.0002232228075658
-0.1,1.0302199590452275,13.350000000000001,-0.4178531294042348,-0.012757223443082406,0.9983262961592692,1.0002206050895666
-0.1,1.0302199590452275,13.4,-0.4165804736312111,-0.012695955255078285,0.9983461147074159,1.0002180264546647
-0.1,1.0302199590452275,13.450000000000001,-0.41531392834107395,-0.01263501857000783,0.9983656286231563,1.00021548620296
-0.1,1.0302199590452275,13.5,-0.41405346041045055,-0.012574412690958343,0.9983848436809414,1.0002129836490106
-0.1,1.0302199590452275,13.55,-0.4127990367865988,-0.012514136867022897,0.9984037655263592,1.0002105181214977
-0.1,1.0302199590452275,13.600000000000001,-0.41155062449280366,-0.012454190295746922,0.9984223996794117,1.0002080889629
-0.1,1.0302199590452275,13.65,-0.4103081906335438,-0.012394572125486517,0.9984407515377026,1.000205695529174
-0.1,1.0302199590452275,13.700000000000001,-0.40907170239943447,-0.012335281457681486,0.9984588263795339,1.0002033371894432
-0.1,1.0302199590452275,13.75,-0.4078411270719521,-0.012276317349046358,0.9984766293669141,1.000201013325695
-0.1,1.0302199590452275,13.8,-0.40661643202795195,-0.012217678813681899,0.9984941655484829,1.000198723332487
-0.1,1.0302199590452275,13.850000000000001,-0.40539758474397897,-0.012159364825110262,0.9985114398623521,1.0001964666166558
-0.1,1.0302199590452275,13.9,-0.404184552800383,-0.012101374318236196,0.9985284571388688,1.0001942425970411
-0.1,1.0302199590452275,13.950000000000001,-0.40297730388524233,-0.012043706191237027,0.9985452221033004,1.000192050704209
-0.1,1.0302199590452275,14.0,-0.40177580579810085,-0.011986359307383907,0.9985617393784453,1.0001898903801882
-0.1,1.0302199590452275,14.05,-0.4005800264535248,-0.011929332496796605,0.9985780134871691,1.0001877610782077
-0.1,1.0302199590452275,14.100000000000001,-0.39938993388448496,-0.011872624558134379,0.9985940488548741,1.000185662262444
-0.1,1.0302199590452275,14.15,-0.3982054962455701,-0.011816234260225008,0.9986098498118998,1.0001835934077776
-0.1,1.0302199590452275,14.200000000000001,-0.39702668181603384,-0.011760160343634102,0.9986254205958539,1.0001815539995471
-0.1,1.0302199590452275,14.25,-0.39585345900268315,-0.011704401522176977,0.9986407653538812,1.0001795435333167
-0.1,1.0302199590452275,14.3,-0.3946857963426124,-0.011648956484374917,0.998655888144876,1.0001775615146495
-0.1,1.0302199590452275,14.350000000000001,-0.3935236625057859,-0.011593823894857816,0.9986707929416231,1.00017560745888
-0.1,1.0302199590452275,14.4,-0.3923670262974764,-0.011539002395715106,0.9986854836328898,1.000173680890899
-0.1,1.0302199590452275,14.450000000000001,-0.39121585666056263,-0.011484490607796721,0.9986999640254581,1.0001717813449411
-0.1,1.0302199590452275,14.5,-0.3900701226776899,-0.011430287131965899,0.9987142378461,1.0001699083643762
-0.1,1.0302199590452275,14.55,-0.3889297935732974,-0.011376390550305402,0.998728308743503,1.000168061501508
-0.1,1.0302199590452275,14.600000000000001,-0.3877948387155215,-0.01132279942727892,0.9987421802901406,1.000166240317379
-0.1,1.0302199590452275,14.65,-0.3866652276179708,-0.011269512310849081,0.9987558559840944,1.0001644443815747
-0.1,1.0302199590452275,14.700000000000001,-0.38554092994138545,-0.011216527733553644,0.998769339250828,1.0001626732720361
-0.1,1.0302199590452275,14.75,-0.3844219154951788,-0.011163844213541335,0.9987826334449109,1.0001609265748805
-0.1,1.0302199590452275,14.8,-0.3833081542388686,-0.011111460255568695,0.9987957418517002,1.0001592038842197
-0.1,1.0302199590452275,14.850000000000001,-0.3821996162834007,-0.011059374351959377,0.9988086676889746,1.000157504801985
-0.1,1.0302199590452275,14.9,-0.38109627189236867,-0.011007584983527007,0.9988214141085263,1.00015582893776
-0.1,1.0302199590452275,14.950000000000001,-0.3799980914831344,-0.010956090620463196,0.9988339841977115,1.0001541759086119
-0.1,1.0302199590452275,15.0,-0.3789050456278515,-0.010904889723191554,0.99884638098096,1.0001525453389308
-0.1,1.0302199590452275,15.05,-0.3778171050543966,-0.010853980743189147,0.9988586074212428,1.0001509368602715
-0.1,1.0302199590452275,15.100000000000001,-0.37673424064721234,-0.010803362123776469,0.9988706664215051,1.000149350111199
-0.1,1.0302199590452275,15.15,-0.37565642344806416,-0.010753032300876922,0.9988825608260595,1.0001477847371378
-0.1,1.0302199590452275,15.200000000000001,-0.3745836246567156,-0.01070298970374698,0.9988942934219438,1.0001462403902246
-0.1,1.0302199590452275,15.25,-0.37351581563152336,-0.010653232755678043,0.9989058669402426,1.0001447167291653
-0.1,1.0302199590452275,15.3,-0.37245296788996013,-0.010603759874670885,0.9989172840573751,1.0001432134190937
-0.1,1.0302199590452275,15.350000000000001,-0.37139505310906257,-0.01055456947408377,0.9989285473963524,1.0001417301314364
-0.1,1.0302199590452275,15.4,-0.3703420431258106,-0.010505659963255013,0.9989396595279963,1.0001402665437782
-0.1,1.0302199590452275,15.450000000000001,-0.3692939099374419,-0.010457029748101023,0.9989506229721324,1.0001388223397307
-0.1,1.0302199590452275,15.5,-0.3682506257017017,-0.010408677231690542,0.9989614401987524,1.0001373972088055
-0.1,1.0302199590452275,15.55,-0.367212162737035,-0.010360600814796032,0.9989721136291417,1.0001359908462926
-0.1,1.0302199590452275,15.600000000000001,-0.36617849352271764,-0.010312798896422903,0.9989826456369836,1.0001346029531333
-0.1,1.0302199590452275,15.65,-0.3651495906989367,-0.010265269874317435,0.9989930385494341,1.0001332332358064
-0.1,1.0302199590452275,15.700000000000001,-0.364125427066816,-0.010218012145454078,0.999003294648167,1.0001318814062101
-0.1,1.0302199590452275,15.75,-0.3631059755883934,-0.010171024106502858,0.9990134161703965,1.0001305471815494
-0.1,1.0302199590452275,15.8,-0.3620912093865516,-0.010124304154277657,0.9990234053098717,1.0001292302842242
-0.1,1.0302199590452275,15.850000000000001,-0.36108110174490343,-0.010077850686165915,0.9990332642178444,1.0001279304417234
-0.1,1.0302199590452275,15.9,-0.3600756261076346,-0.010031662100540475,0.9990429950040182,1.000126647386519
-0.1,1.0302199590452275,15.950000000000001,-0.35907475607930867,-0.009985736797154214,0.9990525997374675,1.0001253808559598
-0.1,1.0302199590452275,16.0,-0.3580784654246305,-0.009940073177517989,0.9990620804475391,1.0001241305921766
-0.1,1.0302199590452275,16.05,-0.3570867280681775,-0.009894669645262553,0.9990714391247255,1.000122896341977
-0.1,1.0302199590452275,16.1,-0.35609951809409446,-0.009849524606484963,0.9990806777215229,1.000121677856755
-0.1,1.0302199590452275,16.150000000000002,-0.35511680974575816,-0.009804636470080026,0.9990897981532648,1.000120474892393
-0.1,1.0302199590452275,16.2,-0.3541385774254095,-0.009760003648057323,0.9990988022989332,1.0001192872091733
-0.1,1.0302199590452275,16.25,-0.35316479569376036,-0.009715624555844335,0.9991076920019553,1.000118114571685
-0.1,1.0302199590452275,16.3,-0.35219543926957037,-0.00967149761257606,0.9991164690709721,1.0001169567487393
-0.1,1.0302199590452275,16.35,-0.35123048302920173,-0.009627621241371773,0.9991251352805983,1.0001158135132795
-0.1,1.0302199590452275,16.400000000000002,-0.35026990200614766,-0.009583993869599195,0.9991336923721567,1.0001146846423044
-0.1,1.0302199590452275,16.45,-0.3493136713905397,-0.009540613929126638,0.9991421420543981,1.0001135699167791
-0.1,1.0302199590452275,16.5,-0.3483617665286339,-0.009497479856563504,0.9991504860041989,1.0001124691215586
-0.1,1.0302199590452275,16.55,-0.34741416292227834,-0.009454590093489566,0.9991587258672503,1.0001113820453096
-0.1,1.0302199590452275,16.6,-0.34647083622836006,-0.009411943086673404,0.9991668632587213,1.000110308480432
-0.1,1.0302199590452275,16.650000000000002,-0.3455317622582375,-0.009369537288280428,0.9991748997639135,1.0001092482229854
-0.1,1.0302199590452275,16.7,-0.34459691697715417,-0.009327371156070787,0.9991828369388964,1.000108201072618
-0.1,1.0302199590452275,16.75,-0.34366627650363873,-0.009285443153587565,0.9991906763111267,1.0001071668324901
-0.1,1.0302199590452275,16.8,-0.34273981710889134,-0.009243751750335672,0.9991984193800557,1.0001061453092093
-0.1,1.0302199590452275,16.85,-0.3418175152161547,-0.009202295421951617,0.9992060676177206,1.0001051363127584
-0.1,1.0302199590452275,16.900000000000002,-0.3408993474000747,-0.009161072650364614,0.999213622469321,1.0001041396564303
-0.1,1.0302199590452275,16.95,-0.33998529038604874,-0.009120081923949282,0.9992210853537835,1.0001031551567632
-0.1,1.0302199590452275,17.0,-0.33907532104956256,-0.009079321737670237,0.9992284576643115,1.0001021826334748
-0.1,1.0302199590452275,17.05,-0.33816941641551923,-0.009038790593218908,0.9992357407689247,1.0001012219094016
-0.1,1.0302199590452275,17.1,-0.33726755365755495,-0.008998486999142772,0.9992429360109801,1.0001002728104356
-0.1,1.0302199590452275,17.150000000000002,-0.33636971009735,-0.008958409470967406,0.9992500447096871,1.0000993351654666
-0.1,1.0302199590452275,17.2,-0.3354758632039279,-0.008918556531311475,0.9992570681606079,1.0000984088063223
-0.1,1.0302199590452275,17.25,-0.33458599059295036,-0.00887892670999505,0.999264007636146,1.0000974935677112
-0.1,1.0302199590452275,17.3,-0.3337000700260015,-0.008839518544141394,0.9992708643860242,1.0000965892871685
-0.1,1.0302199590452275,17.35,-0.33281807940986796,-0.008800330578272493,0.9992776396377484,1.000095695804997
-0.1,1.0302199590452275,17.400000000000002,-0.3319399967958116,-0.0087613613643986,0.9992843345970671,1.0000948129642178
-0.1,1.0302199590452275,17.45,-0.33106580037883665,-0.008722609462101946,0.9992909504484145,1.0000939406105167
-0.1,1.0302199590452275,17.5,-0.33019546849695014,-0.008684073438614817,0.999297488355343,1.0000930785921898
-0.1,1.0302199590452275,17.55,-0.3293289796304195,-0.008645751868892363,0.9993039494609529,1.000092226760098
-0.1,1.0302199590452275,17.6,-0.32846631240102375,-0.008607643335680119,0.9993103348883047,1.0000913849676154
-0.1,1.0302199590452275,17.650000000000002,-0.32760744557129956,-0.00856974642957657,0.9993166457408231,1.0000905530705793
-0.1,1.0302199590452275,17.7,-0.3267523580437849,-0.008532059749090923,0.9993228831026969,1.000089730927248
-0.1,1.0302199590452275,17.75,-0.3259010288602573,-0.008494581900696229,0.9993290480392631,1.0000889183982498
-0.1,1.0302199590452275,17.8,-0.32505343720096946,-0.00845731149887809,0.9993351415973885,1.0000881153465406
-0.1,1.0302199590452275,17.85,-0.3242095623838806,-0.008420247166179043,0.9993411648058369,1.0000873216373596
-0.1,1.0302199590452275,17.900000000000002,-0.3233693838638836,-0.008383387533238853,0.9993471186756319,1.0000865371381846
-0.1,1.0302199590452275,17.95,-0.32253288123203294,-0.008346731238830844,0.9993530042004121,1.000085761718692
-0.1,1.0302199590452275,18.0,-0.32170003421476473,-0.008310276929894366,0.9993588223567724,1.0000849952507136
-0.1,1.0302199590452275,18.05,-0.32087082267311723,-0.008274023261563703,0.9993645741046066,1.0000842376081953
-0.1,1.0302199590452275,18.1,-0.32004522660194895,-0.008237968897193328,0.9993702603874332,1.0000834886671603
-0.1,1.0302199590452275,18.150000000000002,-0.31922322612915327,-0.008202112508379884,0.9993758821327225,1.0000827483056676
-0.1,1.0302199590452275,18.2,-0.31840480151487077,-0.008166452774980841,0.9993814402522093,1.0000820164037756
-0.1,1.0302199590452275,18.25,-0.31758993315070116,-0.00813098838513004,0.9993869356422025,1.0000812928435043
-0.1,1.0302199590452275,18.3,-0.31677860155891185,-0.008095718035250265,0.9993923691838877,1.0000805775087975
-0.1,1.0302199590452275,18.35,-0.3159707873916457,-0.008060640430062887,0.9993977417436207,1.000079870285489
-0.1,1.0302199590452275,18.400000000000002,-0.3151664714301265,-0.008025754282594763,0.9994030541732183,1.000079171061268
-0.1,1.0302199590452275,18.45,-0.31436563458386485,-0.00799105831418249,0.9994083073102403,1.0000784797256415
-0.1,1.0302199590452275,18.5,-0.3135682578898594,-0.007956551254474038,0.999413501978263,1.000077796169905
-0.1,1.0302199590452275,18.55,-0.3127743225118013,-0.00792223184142805,0.9994186389871523,1.0000771202871057
-0.1,1.0302199590452275,18.6,-0.311983809739274,-0.007888098821310698,0.9994237191333285,1.0000764519720142
-0.1,1.0302199590452275,18.650000000000002,-0.3111967009869544,-0.00785415094869032,0.9994287432000203,1.000075791121089
-0.1,1.0302199590452275,18.7,-0.3104129777938127,-0.00782038698642993,0.9994337119575237,1.0000751376324495
-0.1,1.0302199590452275,18.75,-0.30963262182231094,-0.0077868057056775936,0.9994386261634459,1.0000744914058421
-0.1,1.0302199590452275,18.8,-0.3088556148576026,-0.007753405885854929,0.999443486562946,1.000073852342614
-0.1,1.0302199590452275,18.85,-0.30808193880673007,-0.007720186314643576,0.999448293888975,1.0000732203456797
-0.1,1.0302199590452275,18.900000000000002,-0.30731157569782525,-0.007687145787969982,0.9994530488625091,1.0000725953194993
-0.1,1.0302199590452275,18.95,-0.3065445076793045,-0.007654283109988383,0.9994577521927686,1.0000719771700424
-0.1,1.0302199590452275,19.0,-0.3057807170190705,-0.0076215970930621135,0.9994624045774488,1.0000713658047682
-0.1,1.0302199590452275,19.05,-0.3050201861037086,-0.007589086557743388,0.9994670067029322,1.0000707611325936
-0.1,1.0302199590452275,19.1,-0.304262897437687,-0.0075567503327515235,0.9994715592445033,1.0000701630638706
-0.1,1.0302199590452275,19.150000000000002,-0.30350883364255626,-0.00752458725494972,0.9994760628665538,1.0000695715103562
-0.1,1.0302199590452275,19.200000000000003,-0.3027579774561499,-0.007492596169320479,0.999480518222791,1.0000689863851937
-0.1,1.0302199590452275,19.25,-0.30201031173178455,-0.00746077592893968,0.9994849259564318,1.0000684076028805
-0.1,1.0302199590452275,19.3,-0.30126581943746295,-0.007429125394949406,0.9994892867004017,1.0000678350792511
-0.1,1.0302199590452275,19.35,-0.3005244836550771,-0.007397643436529603,0.9994936010775246,1.0000672687314467
-0.1,1.0302199590452275,19.400000000000002,-0.29978628757961207,-0.007366328930868559,0.9994978697007101,1.0000667084778971
-0.1,1.0302199590452275,19.450000000000003,-0.299051214518352,-0.007335180763132316,0.9995020931731357,1.000066154238296
-0.1,1.0302199590452275,19.5,-0.2983192478900875,-0.007304197826433045,0.9995062720884271,1.0000656059335786
-0.1,1.0302199590452275,19.55,-0.29759037122432436,-0.007273379021796438,0.999510407030834,1.0000650634858996
-0.1,1.0302199590452275,19.6,-0.29686456816049417,-0.0072427232581282145,0.9995144985754008,1.0000645268186112
-0.1,1.0302199590452275,19.650000000000002,-0.29614182244716697,-0.007212229452179658,0.999518547288136,1.0000639958562452
-0.1,1.0302199590452275,19.700000000000003,-0.2954221179412658,-0.007181896528512408,0.9995225537261765,1.0000634705244869
-0.1,1.0302199590452275,19.75,-0.29470543860728365,-0.007151723419462376,0.9995265184379502,1.0000629507501608
-0.1,1.0302199590452275,19.8,-0.29399176851650194,-0.007121709065102988,0.9995304419633323,1.0000624364612063
-0.1,1.0302199590452275,19.85,-0.2932810918462131,-0.00709185241320767,0.9995343248338006,1.0000619275866605
-0.1,1.0302199590452275,19.900000000000002,-0.29257339287894374,-0.00706215241921169,0.9995381675725897,1.0000614240566392
-0.1,1.0302199590452275,19.950000000000003,-0.291868656001682,-0.007032608046173341,0.9995419706948367,1.0000609258023163
-0.1,1.0302199590452275,20.0,-0.2911668657051072,-0.007003218264734589,0.9995457347077273,1.0000604327559084
-0.1,1.0302199590452275,20.1,-0.2897720633305887,-0.0069448983969017134,0.9995531473952834,1.0000594620207965
-0.1,1.0302199590452275,20.28615468146082,-0.2872063846785852,-0.006837941725964343,0.9995665483926638,1.0000577079489323
-0.1,1.0302199590452275,20.47403342090323,-0.28465692779716883,-0.0067320726170038885,0.9995795689746799,1.0000560047873561
-0.1,1.0302199590452275,20.663652185564246,-0.2821238015531847,-0.006627288053057674,0.9995922199591312,1.000054351077809
-0.1,1.0302199590452275,20.855027090560313,-0.27960711287617696,-0.006523584775963559,0.9996045118440205,1.0000527454018506
-0.1,1.0302199590452275,21.04817440025684,-0.27710696677947916,-0.006420959300200895,0.9996164548170398,1.0000511863798993
-0.1,1.0302199590452275,21.243110529650455,-0.2746234663774646,-0.0063194079262302,0.9996280587647915,1.0000496726702925
-0.1,1.0302199590452275,21.439852045764102,-0.27215671289948284,-0.006218926753342695,0.9996393332817649,1.0000482029683586
-0.1,1.0302199590452275,21.638415669054964,-0.2697068057010686,-0.006119511692031061,0.9996502876790633,1.0000467760055134
-0.1,1.0302199590452275,21.83881827483555,-0.26727384227301526,-0.006021158475891951,0.9996609309928832,1.0000453905483657
-0.1,1.0302199590452275,22.04107689470784,-0.2648579182489166,-0.005923862673071023,0.9996712719927685,1.000044045397844
-0.1,1.0302199590452275,22.245208718010712,-0.2624591274117373,-0.005827619697260727,0.9996813191896238,1.0000427393883395
-0.1,1.0302199590452275,22.4512310932809,-0.26007756169992674,-0.005732424818260844,0.9996910808435064,1.0000414713868626
-0.1,1.0302199590452275,22.659161529727328,-0.2577133112135208,-0.005638273172111778,0.999700564971199,1.0000402402922204
-0.1,1.0302199590452275,22.86901769871915,-0.2553664642205831,-0.005545159770810073,0.9997097793535643,1.0000390450342072
-0.1,1.0302199590452275,23.080817435287667,-0.25303710716424005,-0.005453079511615726,0.9997187315426932,1.0000378845728102
-0.1,1.0302199590452275,23.294578739641963,-0.25072532467045644,-0.005362027185960716,0.9997274288688489,1.000036757897437
-0.1,1.0302199590452275,23.510319778698783,-0.2484311995565845,-0.0052719974879677925,0.999735878447211,1.0000356640261536
-0.1,1.0302199590452275,23.72805888762644,-0.2461548128406147,-0.005182985022588933,0.9997440871844229,1.0000346020049402
-0.1,1.0302199590452275,23.947814571403043,-0.24389624375095004,-0.005094984313372492,0.9997520617849575,1.0000335709069603
-0.1,1.0302199590452275,24.169605506389228,-0.24165556973643704,-0.005007989809868196,0.999759808757292,1.0000325698318508
-0.1,1.0302199590452275,24.39345054191539,-0.23943286647630285,-0.004921995894679091,0.9997673344199097,1.0000315979050225
-0.1,1.0302199590452275,24.619368701883577,-0.2372282078895952,-0.004836996890169761,0.9997746449071203,1.0000306542769757
-0.1,1.0302199590452275,24.847379186384366,-0.23504166614366717,-0.004752987064839747,0.9997817461747178,1.0000297381226353
-0.1,1.0302199590452275,25.077501373328523,-0.2328733116612378,-0.004669960639371621,0.9997886440054669,1.0000288486406947
-0.1,1.0302199590452275,25.30975482009396,-0.23072321312555077,-0.004587911792362866,0.9997953440144323,1.0000279850529787
-0.1,1.0302199590452275,25.544159265187808,-0.22859143748316926,-0.004506834665750732,0.9998018516541483,1.00002714660382
-0.1,1.0302199590452275,25.780734629923902,-0.2264780499439901,-0.00442672336993947,0.9998081722196355,1.000026332559446
-0.1,1.0302199590452275,26.019501020115914,-0.22438311397810176,-0.004347571988638969,0.9998143108532702,1.0000255422073872
-0.1,1.0302199590452275,26.260478727786037,-0.22230669130919103,-0.004269374583424017,0.9998202725495047,1.000024774855891
-0.1,1.0302199590452275,26.503688232889502,-0.2202488419042711,-0.004192125198023187,0.9998260621594489,1.0000240298333558
-0.1,1.0302199590452275,26.74915020505521,-0.21820962395959653,-0.004115817862346189,0.9998316843953128,1.000023306487775
-0.1,1.0302199590452275,26.99688550534226,-0.21618909388272234,-0.00404044659625847,0.9998371438347107,1.0000226041861942
-0.1,1.0302199590452275,27.246915188012967,-0.2141873062707506,-0.003966005413111456,0.9998424449248396,1.0000219223141826
-0.1,1.0302199590452275,27.499260502322162,-0.2122043138849057,-0.003892488323036834,0.9998475919865256,1.0000212602753191
-0.1,1.0302199590452275,27.753942894323053,-0.21024016762165457,-0.0038198893360127362,0.9998525892181435,1.0000206174906845
-0.1,1.0302199590452275,28.010984008689945,-0.20829491648066623,-0.00374820246470956,0.9998574406994203,1.0000199933983738
-0.1,1.0302199590452275,28.270405690557713,-0.20636860752996983,-0.0036774217271229,0.9998621503951141,1.0000193874530159
-0.1,1.0302199590452275,28.532229987378305,-0.20446128586871593,-0.003607541149000559,0.9998667221585822,1.0000187991253064
-0.1,1.0302199590452275,28.79647915079459,-0.20257299458798236,-0.0035385547660703905,0.999871159735233,1.0000182279015528
-0.1,1.0302199590452275,29.063175638531384,-0.20070377473008538,-0.003470456626075453,0.9998754667658726,1.0000176732832309
-0.1,1.0302199590452275,29.332342116304055,-0.19885366524686135,-0.003403240790622573,0.999879646789938,1.00001713478655
-0.1,1.0302199590452275,29.604001459744886,-0.19702270295736968,-0.003336901336850008,0.9998837032486391,1.0000166119420353
-0.1,1.0302199590452275,29.8781767563471,-0.19521092250544383,-0.0032714323589199384,0.9998876394879842,1.0000161042941145
-0.1,1.0302199590452275,30.154891307427096,-0.19341835631747922,-0.0032068279693408513,0.9998914587617247,1.0000156114007182
-0.1,1.0302199590452275,30.43416863010471,-0.19164503456079357,-0.003143082300125024,0.9998951642341928,1.0000151328328915
-0.1,1.0302199590452275,30.716032459301825,-0.18989098510284055,-0.003080189503785897,0.9998987589830544,1.000014668174414
-0.1,1.0302199590452275,31.00050674975963,-0.1881562334714888,-0.00301814375418003,0.9999022460019675,1.0000142170214283
-0.1,1.0302199590452275,31.287615678074335,-0.186440802816516,-0.0029569392471983447,0.9999056282031654,1.000013778982086
-0.1,1.0302199590452275,31.577383644751972,-0.18474471387238864,-0.0028965702013110084,0.9999089084199404,1.00001335367619
-0.1,1.0302199590452275,31.869835276282085,-0.18306798492233853,-0.0028370308579705496,0.9999120894090601,1.0000129407348592
-0.1,1.0302199590452275,32.16499542723059,-0.18141063176368033,-0.0027783154818776337,0.9999151738531025,1.000012539800196
-0.1,1.0302199590452275,32.462889182352235,-0.17977266767425118,-0.0027204183611139266,0.9999181643627091,1.00001215052496
-0.1,1.0302199590452275,32.763541858722334,-0.17815410337981183,-0.0026633338071466233,0.9999210634787713,1.0000117725722577
-0.1,1.0302199590452275,33.06697900788844,-0.17655494702219943,-0.0026070561547091435,0.999923873674546,1.0000114056152354
-0.1,1.0302199590452275,33.373226418041924,-0.17497520412799755,-0.0025515797615627005,0.9999265973576943,1.0000110493367802
-0.1,1.0302199590452275,33.68231011620963,-0.173414877577467,-0.0024968990081434372,0.9999292368722651,1.0000107034292336
-0.1,1.0302199590452275,33.99425637046573,-0.1718739675734762,-0.002443008297099971,0.9999317945006044,1.0000103675941072
-0.1,1.0302199590452275,34.30909169216431,-0.17035247161016998,-0.0023899020527262302,0.9999342724652066,1.0000100415418114
-0.1,1.0302199590452275,34.62684283819243,-0.16885038444113498,-0.0023375747202945578,0.9999366729305049,1.0000097249913853
-0.1,1.0302199590452275,34.94753681324406,-0.1673676980468451,-0.0022860207652942105,0.999938998004599,1.000009417670244
-0.1,1.0302199590452275,35.2712008721152,-0.16590440160119932,-0.002235234672580233,0.9999412497409313,1.00000911931392
-0.1,1.0302199590452275,35.597862522020144,-0.16446048143701547,-0.002185210945437988,0.9999434301399046,1.0000088296658238
-0.1,1.0302199590452275,35.927549524929255,-0.16303592101038217,-0.0021359441045683764,0.9999455411504412,1.0000085484770025
-0.1,1.0302199590452275,36.26028989992831,-0.16163070086383108,-0.0020874286869990294,0.9999475846715,1.0000082755059103
-0.1,1.0302199590452275,36.59611192559986,-0.16024479858834095,-0.0020396592449264837,0.9999495625535334,1.0000080105181852
-0.1,1.0302199590452275,36.93504414242648,-0.15887818878424287,-0.001992630344494488,0.999951476599898,1.0000077532864264
-0.1,1.0302199590452275,37.27711535521626,-0.15753084302115206,-0.0019463365645134576,0.9999533285682184,1.000007503589986
-0.1,1.0302199590452275,37.62235463555102,-0.1562027297970968,-0.0019007724951259357,0.9999551201717017,1.000007261214763
-0.1,1.0302199590452275,37.97079132425686,-0.15489381449706996,-0.0018559327364229433,0.9999568530804103,1.0000070259529996
-0.1,1.0302199590452275,38.32245503389777,-0.15360405935126395,-0.0018118118970159107,0.9999585289224864,1.0000067976030902
-0.1,1.0302199590452275,38.67737565129239,-0.15233342339328795,-0.0017684045925686932,0.9999601492853362,1.0000065759693924
-0.1,1.0302199590452275,39.03558334005395,-0.15108186241869248,-0.0017257054442942502,0.9999617157167727,1.0000063608620424
-0.1,1.0302199590452275,39.3971085431537,-0.14984932894414457,-0.001683709077420151,0.9999632297261185,1.0000061520967776
-0.1,1.0302199590452275,39.761981985508335,-0.14863577216761095,-0.0016424101196271831,0.9999646927852662,1.0000059494947633
-0.1,1.0302199590452275,40.1302346765911,-0.1474411379299048,-0.0016018031994651035,0.9999661063297075,1.000005752882427
-0.1,1.0302199590452275,40.50189791306716,-0.14626536867794934,-0.0015618829447494262,0.9999674717595209,1.0000055620912947
-0.1,1.0302199590452275,40.87700328145351,-0.14510840343009754,-0.0015226439809431513,0.9999687904403238,1.0000053769578308
-0.1,1.0302199590452275,41.25558266080338,-0.14397017774382648,-0.0014840809295271495,0.9999700637041957,1.0000051973232889
-0.1,1.0302199590452275,41.63766822541544,-0.1428506236860993,-0.0014461884063629135,0.9999712928505611,1.0000050230335609
-0.1,1.0302199590452275,42.02329244756837,-0.14174966980665654,-0.001408961020051286,0.9999724791470483,1.0000048539390318
-0.1,1.0302199590452275,42.41248810028041,-0.14066724111446424,-0.0013723933702908442,0.9999736238303136,1.000004689894443
-0.1,1.0302199590452275,42.80528826009479,-0.13960325905750592,-0.001336480046239486,0.9999747281068325,1.0000045307587533
-0.1,1.0302199590452275,43.20172630989064,-0.13855764150606975,-0.0013012156248829027,0.9999757931536731,1.000004376395009
-0.1,1.0302199590452275,43.60183594172025,-0.13753030273963865,-0.0012665946694135673,0.9999768201192321,1.0000042266702163
-0.1,1.0302199590452275,44.00565115967241,-0.13652115343745466,-0.0012326117276239834,0.9999778101239488,1.0000040814552162
-0.1,1.0302199590452275,44.413206282762204,-0.13553010067279114,-0.00119926133031799,0.9999787642609954,1.0000039406245658
-0.1,1.0302199590452275,44.824535947847835,-0.1345570479109295,-0.001166537989743975,0.9999796835969396,1.0000038040564216
-0.1,1.0302199590452275,45.23967511257426,-0.13360189501080913,-0.0011344361980539727,0.9999805691723881,1.0000036716324257
-0.1,1.0302199590452275,45.65865905834403,-0.13266453823029226,-0.0011029504257927508,0.9999814220026058,1.0000035432375973
-0.1,1.0302199590452275,46.081523393315884,-0.13174487023495998,-0.001072075120421011,0.9999822430781118,1.000003418760226
-0.1,1.0302199590452275,46.50830405543093,-0.1308427801103423,-0.0010418047048770052,0.999983033365261,1.0000032980917692
-0.1,1.0302199590452275,46.93903731546684,-0.1299581533774735,-0.0010121335761809549,0.9999837938067981,1.000003181126752
-0.1,1.0302199590452275,47.37375978012049,-0.12909087201165317,-0.000983056104086693,0.9999845253224013,1.0000030677626714
-0.1,1.0302199590452275,47.81250839511901,-0.1282408144642992,-0.000954566629785141,0.9999852288092027,1.0000029578999017
-0.1,1.0302199590452275,48.25532044835962,-0.12740785568777496,-0.0009266594646641479,0.9999859051422902,1.0000028514416035
-0.1,1.0302199590452275,48.70223357307873,-0.12659186716308748,-0.0008993288891294226,0.9999865551752013,1.0000027482936373
-0.1,1.0302199590452275,49.15328575105025,-0.1257927169303607,-0.0008725691514911686,0.9999871797403893,1.0000026483644773
-0.1,1.0302199590452275,49.608515315813406,-0.125010269622007,-0.0008463744669211482,0.9999877796496851,1.0000025515651287
-0.1,1.0302199590452275,50.067960955930815,-0.12424438649853385,-0.0008207390164847911,0.9999883556947378,1.0000024578090485
-0.1,1.0302199590452275,50.5316617182763,-0.12349492548694796,-0.0007956569462529991,0.9999889086474454,1.000002367012068
-0.1,1.0302199590452275,50.99965701135351,-0.12276174122173393,-0.0007711223664981283,0.9999894392603665,1.0000022790923166
-0.1,1.0302199590452275,51.47198660864504,-0.12204468508841225,-0.0007471293509786159,0.9999899482671291,1.0000021939701529
-0.1,1.0302199590452275,51.9486906519927,-0.12134360526969779,-0.0007236719363165266,0.9999904363828153,1.000002111568091
-0.1,1.0302199590452275,52.429809655009066,-0.12065834679430223,-0.0007007441214721597,0.9999909043043458,1.0000020318107348
-0.1,1.0302199590452275,52.91538450652049,-0.11998875158844331,-0.000678339867319694,0.9999913527108433,1.0000019546247114
-0.1,1.0302199590452275,53.40545647404229,-0.11933465853013825,-0.0006564530963276043,0.9999917822639919,1.0000018799386095
-0.1,1.0302199590452275,53.90006720728585,-0.11869590350637312,-0.000635077692347372,0.999992193608384,1.0000018076829154
-0.1,1.0302199590452275,54.39925874169825,-0.11807231947325134,-0.0006142075005137843,0.9999925873718568,1.0000017377899573
-0.1,1.0302199590452275,54.90307350203484,-0.11746373651923,-0.0005938363272598071,0.9999929641658223,1.000001670193845
-0.1,1.0302199590452275,55.41155430596479,-0.1168699819315578,-0.0005739579404487554,0.999993324585583,1.000001604830418
-0.1,1.0302199590452275,55.924744367709856,-0.11629088026602694,-0.0005545660696261917,0.9999936692106478,1.0000015416371892
-0.1,1.0302199590452275,56.442687301717264,-0.1157262534201478,-0.0005356544063936307,0.9999939986050287,1.0000014805532957
-0.1,1.0302199590452275,56.96542712636624,-0.11517592070984788,-0.0005172166049058907,0.9999943133175441,1.000001421519448
-0.1,1.0302199590452275,57.493008267708944,-0.1146396989497846,-0.0004992462824934729,0.9999946138820991,1.0000013644778838
-0.1,1.0302199590452275,58.02547556324627,-0.11411740253734723,-0.0004817370204111551,0.9999949008179733,1.0000013093723195
-0.1,1.0302199590452275,58.562874265738245,-0.11360884354040587,-0.0004646823647135145,0.999995174630093,1.0000012561479088
-0.1,1.0302199590452275,59.10525004705015,-0.11311383178884549,-0.00044807582725788896,0.9999954358093027,1.0000012047511975
-0.1,1.0302199590452275,59.65264900203377,-0.11263217496989936,-0.00043191088683477654,0.9999956848326282,1.0000011551300843
-0.1,1.0302199590452275,60.2051176524451,-0.11216367872727408,-0.0004161809904255007,0.9999959221635358,1.000001107233779
-0.1,1.0302199590452275,60.76270295089797,-0.1117081467640311,-0.00040087955458649753,0.9999961482521864,1.0000010610127654
-0.1,1.0302199590452275,61.325452284854336,-0.11126538094916388,-0.00038599996695929545,0.9999963635356858,1.0000010164187658
-0.1,1.0302199590452275,61.89341348065174,-0.11083518142778388,-0.00037153558790492926,0.9999965684383296,1.000000973404704
-0.1,1.0302199590452275,62.466634807567864,-0.11041734673479998,-0.00035747975226116196,0.9999967633718452,1.0000009319246708
-0.1,1.0302199590452275,63.0451649819227,-0.1100116739119526,-0.0003438257712205852,0.9999969487356318,1.0000008919338927
-0.1,1.0302199590452275,63.629053171218956,-0.10961795862803486,-0.00033056693432731475,0.9999971249169937,1.0000008533887006
-0.1,1.0302199590452275,64.21834899832058,-0.10923599530211336,-0.00031769651158973446,0.9999972922913726,1.000000816246499
-0.1,1.0302199590452275,64.81310254566993,-0.1088655772295354,-0.00030520775570631837,0.9999974512225801,1.0000007804657356
-0.1,1.0302199590452275,65.4133643595444,-0.10850649671049019,-0.00029309390440136583,0.99999760206302,1.0000007460058753
-0.1,1.0302199590452275,66.01918545435197,-0.10815854518087491,-0.00028134818286708167,0.9999977451539176,1.0000007128273734
-0.1,1.0302199590452275,66.63061731696679,-0.10782151334519795,-0.00026996380630817953,0.9999978808255409,1.0000006808916477
-0.1,1.0302199590452275,67.24771191110499,-0.10749519131123997,-0.0002589339825848449,0.9999980093974208,1.0000006501610563
-0.1,1.0302199590452275,67.87052168174088,-0.10717936872618188,-0.000248251914949643,0.999998131178572,1.0000006205988725
-0.1,1.0302199590452275,68.49909955956402,-0.10687383491390078,-0.00023791080487362573,0.9999982464677104,1.000000592169262
-0.1,1.0302199590452275,69.13349896547759,-0.10657837901312911,-0.00022790385495659462,0.9999983555534678,1.0000005648372605
-0.1,1.0302199590452275,69.77377381513884,-0.10629279011616811,-0.0002182242719162312,0.9999984587146091,1.0000005385687543
-0.1,1.0302199590452275,70.41997852354069,-0.10601685740784773,-0.00020886526965052776,0.9999985562202448,1.000000513330459
-0.1,1.0302199590452275,71.0721680096366,-0.10575037030442465,-0.00019982007236760637,0.9999986483300429,1.0000004890898995
-0.1,1.0302199590452275,71.73039770100793,-0.10549311859211406,-0.00019108191777685596,0.9999987352944418,1.0000004658153923
-0.1,1.0302199590452275,72.39472353857458,-0.10524489256495728,-0.00018264406033499886,0.9999988173548581,1.0000004434760275
-0.1,1.0302199590452275,73.06520198134909,-0.10500548316173328,-0.0001744997745404621,0.9999988947438982,1.0000004220416516
-0.1,1.0302199590452275,73.74189001123509,-0.10477468210163107,-0.00016664235826921103,0.9999989676855637,1.0000004014828503
-0.1,1.0302199590452275,74.42484513786997,-0.10455228201841026,-0.00015906513614497857,0.99999903639546,1.0000003817709333
-0.1,1.0302199590452275,75.11412540351232,-0.10433807659278796,-0.00015176146293661668,0.9999991010810017,1.0000003628779197
-0.1,1.0302199590452275,75.80978938797494,-0.10413186068280136,-0.00014472472697511356,0.999999161941615,1.0000003447765218
-0.1,1.0302199590452275,76.51189621360336,-0.10393343045190924,-0.0001379483535826574,0.9999992191689432,1.0000003274401317
-0.1,1.0302199590452275,77.22050555030022,-0.1037425834946067,-0.0001314258085059661,0.9999992729470477,1.0000003108428086
-0.1,1.0302199590452275,77.93567762059672,-0.10355911895934253,-0.00012515060134599357,0.9999993234526079,1.0000002949592641
-0.1,1.0302199590452275,78.65747320477065,-0.10338283766853947,-0.00011911628897600249,0.9999993708551197,1.0000002797648506
-0.1,1.0302199590452275,79.38595364601184,-0.10321354223553342,-0.00011331647893994644,0.9999994153170958,1.000000265235549
-0.1,1.0302199590452275,80.12118085563553,-0.10305103717825843,-0.00010774483282302729,0.9999994569942586,1.0000002513479573
-0.1,1.0302199590452275,80.86321731834431,-0.10289512902951709,-0.00010239506958628713,0.9999994960357343,1.0000002380792783
-0.1,1.0302199590452275,81.61212609753805,-0.10274562644368987,-9.726096885711845e-05,0.9999995325842476,1.0000002254073093
-0.1,1.0302199590452275,82.36797084067375,-0.10260234029974626,-9.233637416758742e-05,0.99999956677631,1.0000002133104315
-0.1,1.0302199590452275,83.13081578467474,-0.10246508380043289,-8.761519613256774e-05,0.999999598742408,1.0000002017675993
-0.1,1.0302199590452275,83.90072576138992,-0.1023336725675249,-8.3091415559774e-05,0.9999996286071926,1.0000001907583296
-0.1,1.0302199590452275,84.67776620310352,-0.10220792473303553,-7.87590864839574e-05,0.9999996564896592,1.000000180262695
-0.1,1.0302199590452275,85.46200314809617,-0.10208766102628909,-7.46123391176271e-05,0.9999996825033324,1.0000001702613102
-0.1,1.0302199590452275,86.25350324625728,-0.10197270485677239,-7.064538271096332e-05,0.9999997067564439,1.0000001607353248
-0.1,1.0302199590452275,87.05233376474918,-0.10186288239268552,-6.685250831375756e-05,0.9999997293521111,1.0000001516664156
-0.1,1.0302199590452275,87.85856259372419,-0.10175802263512501,-6.322809143252806e-05,0.9999997503885091,1.0000001430367746
-0.1,1.0302199590452275,88.67225825209441,-0.10165795748783477,-5.976659457623683e-05,0.9999997699590453,1.0000001348291028
-0.1,1.0302199590452275,89.49348989335462,-0.10156252182247412,-5.646256968443308e-05,0.9999997881525259,1.0000001270265995
-0.1,1.0302199590452275,90.32232731145982,-0.1014715535393526,-5.3310660431897175e-05,0.999999805053322,1.0000001196129558
-0.1,1.0302199590452275,91.15884094675663,-0.10138489362359406,-5.0305604404386776e-05,0.9999998207415353,1.0000001125723457
-0.1,1.0302199590452275,92.0031018919696,-0.10130238619669499,-4.74422351404147e-05,0.9999998352931565,1.0000001058894161
-0.1,1.0302199590452275,92.85518189824359,-0.10122387856345262,-4.471548403447123e-05,0.9999998487802224,1.0000000995492824
-0.1,1.0302199590452275,93.71515338124135,-0.10114922125424221,-4.212038209753824e-05,0.9999998612709693,1.0000000935375157
-0.1,1.0302199590452275,94.58308942729796,-0.10107826806263182,-3.965206157126095e-05,0.9999998728299848,1.0000000878401385
-0.1,1.0302199590452275,95.45906379963219,-0.1010108760783295,-3.730575739261341e-05,0.9999998835183564,1.0000000824436153
-0.1,1.0302199590452275,96.34315094461576,-0.10094690571546482,-3.507680850641083e-05,0.9999998933938117,1.0000000773348439
-0.1,1.0302199590452275,97.23542599809973,-0.10088622073621514,-3.2960659023555396e-05,0.9999999025108629,1.0000000725011484
-0.1,1.0302199590452275,98.13596479180039,-0.10082868826979358,-3.09528592234094e-05,0.9999999109209435,1.0000000679302719
-0.1,1.0302199590452275,99.04484385974408,-0.10077417882682453,-2.9049066399247302e-05,0.9999999186725419,1.0000000636103674
-0.1,1.0302199590452275,99.96214044477135,-0.10072256630914067,-2.724504554623692e-05,0.9999999258113301,1.0000000595299896
-0.1,1.0302199590452275,100.88793250510167,-0.10067372801504434,-2.553666989198841e-05,0.9999999323802936,1.0000000556780884
-0.1,1.0302199590452275,101.82229872095873,-0.10062754464008329,-2.391992127016814e-05,0.9999999384198536,1.0000000520440007
-0.1,1.0302199590452275,102.76531850125772,-0.10058390027340251,-2.23908903382344e-05,0.9999999439679856,1.0000000486174399
-0.1,1.0302199590452275,103.71707199035326,-0.10054268238974011,-2.0945776640876183e-05,0.9999999490603384,1.000000045388493
-0.1,1.0302199590452275,104.67764007485148,-0.10050378183714603,-1.9580888521191246e-05,0.9999999537303448,1.0000000423476076
-0.1,1.0302199590452275,105.64710439048359,-0.10046709282051189,-1.8292642882113132e-05,0.9999999580093317,1.000000039485587
-0.1,1.0302199590452275,106.62554732904427,-0.10043251288100817,-1.707756480112839e-05,0.9999999619266259,1.000000036793581
-0.1,1.0302199590452275,107.61305204539366,-0.10039994287153524,-1.5932287001697743e-05,0.9999999655096563,1.0000000342630777
-0.1,1.0302199590452275,108.60970246452491,-0.10036928692830392,-1.485354918519993e-05,0.9999999687840526,1.0000000318858981
-0.1,1.0302199590452275,109.61558328869602,-0.10034045243866924,-1.3838197227707751e-05,0.9999999717737404,1.000000029654184
-0.1,1.0302199590452275,110.63078000462876,-0.10031335000535065,-1.2883182246132077e-05,0.9999999745010327,1.0000000275603917
-0.1,1.0302199590452275,111.65537889077429,-0.10028789340718033,-1.1985559538755633e-05,0.9999999769867192,1.0000000255972867
-0.1,1.0302199590452275,112.68946702464496,-0.10026399955652757,-1.1142487405358272e-05,0.9999999792501508,1.0000000237579314
-0.1,1.0302199590452275,113.73313229021528,-0.10024158845355752,-1.035122585249225e-05,0.9999999813093203,1.0000000220356802
-0.1,1.0302199590452275,114.78646338539066,-0.10022058313748669,-9.609135189724828e-06,0.9999999831809427,1.0000000204241692
-0.1,1.0302199590452275,115.84954982954602,-0.10020090963500658,-8.913674522794882e-06,0.9999999848805293,1.0000000189173113
-0.1,1.0302199590452275,116.92248197113297,-0.10018249690604916,-8.262400149927336e-06,0.9999999864224584,1.000000017509285
-0.1,1.0302199590452275,118.00535099535914,-0.10016527678707825,-7.652963867623644e-06,0.9999999878200461,1.000000016194529
-0.1,1.0302199590452275,119.09824893193696,-0.10014918393208899,-7.083111192408416e-06,0.9999999890856114,1.0000000149677337
-0.1,1.0302199590452275,120.2012686629055,-0.10013415575150673,-6.550679505084331e-06,0.9999999902305381,1.0000000138238316
-0.1,1.0302199590452275,121.31450393052383,-0.10012013234917513,-6.053596124129494e-06,0.999999991265334,1.0000000127579922
-0.1,1.0302199590452275,122.43804934523853,-0.10010705645762952,-5.589876314866024e-06,0.9999999921996914,1.0000000117656147
-0.1,1.0302199590452275,123.5720003937234,-0.10009487337184803,-5.157621241077784e-06,0.9999999930425371,1.0000000108423173
-0.1,1.0302199590452275,124.7164534469956,-0.1000835308816777,-4.755015865681134e-06,0.9999999938020847,1.0000000099839315
-0.1,1.0302199590452275,125.87150576860506,-0.1000729792031298,-4.380326807029877e-06,0.9999999944858848,1.0000000091864967
-0.1,1.0302199590452275,127.03725552290106,-0.10006317090873794,-4.031900157341688e-06,0.99999999510087,1.0000000084462481
-0.1,1.0302199590452275,128.21380178337475,-0.10005406085717042,-3.7081592696304744e-06,0.9999999956533979,1.0000000077596147
-0.1,1.0302199590452275,129.40124454107954,-0.10004560612228611,-3.4076025193946802e-06,0.999999996149294,1.0000000071232085
-0.1,1.0302199590452275,130.59968471312828,-0.10003776592181847,-3.12880104718899e-06,0.999999996593889,1.0000000065338195
-0.1,1.0302199590452275,131.8092241512703,-0.10003050154586803,-2.870396487990283e-06,0.9999999969920569,1.0000000059884078
-0.1,1.0302199590452275,133.02996565054787,-0.10002377628537999,-2.631098693126759e-06,0.9999999973482463,1.0000000054840974
-0.1,1.0302199590452275,134.26201295803162,-0.10001755536077649,-2.4096834503177224e-06,0.9999999976665184,1.0000000050181692
-0.1,1.0302199590452275,135.5054707816382,-0.10001180585090688,-2.2049902071344883e-06,0.9999999979505706,1.0000000045880555
-0.1,1.0302199590452275,136.76044479902887,-0.10000649662247355,-2.015919803005424e-06,0.9999999982037708,1.0000000041913317
-0.1,1.0302199590452275,138.02704166659132,-0.1000015982600827,-1.8414322145899824e-06,0.9999999984291803,1.0000000038257126
-0.1,1.0302199590452275,139.30536902850287,-0.09999708299706185,-1.680544319147325e-06,0.9999999986295798,1.0000000034890442
-0.1,1.0302199590452275,140.5955355258802,-0.09999292464717792,-1.5323276802225109e-06,0.9999999988074928,1.0000000031792988
-0.1,1.0302199590452275,141.8976508060113,-0.09998909853738121,-1.3959063597528744e-06,0.9999999989652079,1.0000000028945695
-0.1,1.0302199590452275,143.21182553167466,-0.09998558144169183,-1.2704547603505166e-06,0.9999999991047959,1.0000000026330638
-0.1,1.0302199590452275,144.53817139054382,-0.09998235151633614,-1.155195501360927e-06,0.9999999992281328,1.0000000023930993
-0.1,1.0302199590452275,145.87680110468003,-0.09997938823623231,-1.049397331889561e-06,0.9999999993369117,1.0000000021730968
-0.1,1.0302199590452275,147.22782844011104,-0.09997667233291398,-9.523730838201396e-07,0.9999999994326649,1.0000000019715771
-0.1,1.0302199590452275,148.59136821650102,-0.0999741857339724,-8.634776675230025e-07,0.9999999995167729,1.0000000017871544
-0.1,1.0302199590452275,149.9675363169076,-0.09997191150408914,-7.821061126903092e-07,0.9999999995904821,1.0000000016185324
-0.1,1.0302199590452275,151.35644969763095,-0.09996983378772,-7.076916564587381e-07,0.9999999996549155,1.0000000014644996
-0.1,1.0302199590452275,152.75822639815343,-0.09996793775348481,-6.397038807718607e-07,0.9999999997110832,1.0000000013239247
-0.1,1.0302199590452275,154.17298555117182,-0.09996620954030691,-5.776469005837427e-07,0.9999999997598956,1.000000001195752
-0.1,1.0302199590452275,155.60084739272125,-0.09996463620533788,-5.210576043465308e-07,0.999999999802171,1.0000000010789976
-0.1,1.0302199590452275,157.0419332723941,-0.09996320567369613,-4.6950394794308303e-07,0.9999999998386453,1.0000000009727463
-0.1,1.0302199590452275,158.4963656636536,-0.09996190669003799,-4.225833029855053e-07,0.9999999998699787,1.0000000008761454
-0.1,1.0302199590452275,159.96426817424148,-0.09996072877197375,-3.799208602035597e-07,0.9999999998967649,1.0000000007884033
-0.1,1.0302199590452275,161.44576555668382,-0.0999596621653336,-3.411680884144245e-07,0.9999999999195375,1.0000000007087853
-0.1,1.0302199590452275,162.94098371889282,-0.09995869780127983,-3.06001249368558e-07,0.9999999999387743,1.0000000006366099
-0.1,1.0302199590452275,164.4500497348682,-0.09995782725525826,-2.741199685742377e-07,0.9999999999549052,1.0000000005712448
-0.1,1.0302199590452275,165.97309185549548,-0.09995704270777203,-2.4524586201708574e-07,0.999999999968314,1.0000000005121072
-0.1,1.0302199590452275,167.5102395194472,-0.09995633690695829,-2.191212185325999e-07,0.999999999979347,1.0000000004586556
-0.1,1.0302199590452275,169.06162336418203,-0.09995570313294114,-1.9550773740518309e-07,0.9999999999883123,1.0000000004103915
-0.1,1.0302199590452275,170.6273752370482,-0.09995513516392952,-1.7418532065406443e-07,0.9999999999954887,1.000000000366855
-0.1,1.0302199590452275,172.20762820648835,-0.09995462724402601,-1.5495091929109237e-07,1.0000000000011242,1.000000000327622
-0.1,1.0302199590452275,173.80251657334924,-0.0999541740527056,-1.3761743275110134e-07,1.0000000000054405,1.000000000292302
-0.1,1.0302199590452275,175.41217588229446,-0.0999537706759229,-1.2201266052921886e-07,1.0000000000086378,1.0000000002605365
-0.1,1.0302199590452275,177.0367429333253,-0.0999534125788011,-1.0797830502627074e-07,1.000000000010894,1.000000000231996
-0.1,1.0302199590452275,178.67635579340572,-0.09995309557985445,-9.536902442093631e-08,1.0000000000123672,1.0000000002063782
-0.1,1.0302199590452275,180.33115380819694,-0.09995281582669345,-8.405153440405745e-08,1.0000000000132,1.0000000001834068
-0.1,1.0302199590452275,182.00127761389967,-0.09995256977315942,-7.390375744784897e-08,1.000000000013519,1.0000000001628273
-0.1,1.0302199590452275,183.68686914920713,-0.09995235415783531,-6.481401828517907e-08,1.0000000000134364,1.0000000001444098
-0.1,1.0302199590452275,185.38807166736675,-0.09995216598387625,-5.668028419092683e-08,1.000000000013053,1.0000000001279419
-0.1,1.0302199590452275,187.10502974835543,-0.09995200250010475,-4.9409448605985456e-08,1.0000000000124554,1.000000000113231
-0.1,1.0302199590452275,188.83788931116757,-0.09995186118331345,-4.291665665741615e-08,1.000000000011723,1.0000000001001021
-0.1,1.0302199590452275,190.58679762621514,-0.09995173972171892,-3.712467101783662e-08,1.0000000000109233,1.0000000000883953
-0.1,1.0302199590452275,192.35190332784438,-0.09995163599951026,-3.196327662871558e-08,1.000000000010116,1.0000000000779659
-0.1,1.0302199590452275,194.13335642696757,-0.09995154808243625,-2.7368722704216144e-08,1.0000000000093525,1.0000000000686828
-0.1,1.0302199590452275,195.93130832381254,-0.09995147420437549,-2.328320050223284e-08,1.0000000000086773,1.000000000060427
-0.1,1.0302199590452275,197.74591182078862,-0.09995141275483588,-1.9654355311385748e-08,1.0000000000081277,1.0000000000530904
-0.1,1.0302199590452275,199.5773211354742,-0.0999513622673291,-1.6434831103589288e-08,1.0000000000077351,1.0000000000465765
-0.1,1.0302199590452275,201.42569191372198,-0.09995132140856872,-1.3581846361790093e-08,1.0000000000075255,1.000000000040797
-0.1,1.0302199590452275,203.29118124288746,-0.09995128896844095,-1.1056799543540332e-08,1.0000000000075193,1.0000000000356732
-0.1,1.0302199590452275,205.1739476651793,-0.09995126385069965,-8.8249027256511e-09,1.0000000000077323,1.0000000000311342
-0.1,1.0302199590452275,207.07415119113296,-0.09995124506433692,-6.8548419528993045e-09,1.0000000000081757,1.000000000027116
-0.1,1.0302199590452275,208.99195331321022,-0.09995123171558568,-5.118462888973547e-09,1.000000000008857,1.000000000023561
-0.1,1.0302199590452275,210.92751701952352,-0.09995122300050881,-3.5904803527458015e-09,1.0000000000097795,1.0000000000204188
-0.1,1.0302199590452275,212.88100680768738,-0.09995121819813416,-2.248210394463542e-09,1.000000000010944,1.000000000017643
-0.1,1.0302199590452275,214.8525886987991,-0.09995121666409568,-1.07132360366883e-09,1.000000000012347,1.0000000000151925
-0.1,1.0302199590452275,216.84243025154836,-0.09995121782474252,-4.161835574317011e-11,1.0000000000139833,1.000000000013031
-0.1,1.0302199590452275,218.85070057645706,-0.09995122117168087,8.571872269438899e-10,1.0000000000158444,1.0000000000111255
-0.1,1.0302199590452275,220.87757035025237,-0.099951226256715,1.6396457911301335e-09,1.0000000000179208,1.0000000000094482
-0.1,1.0302199590452275,222.92321183037146,-0.09995123268715526,2.318754892766434e-09,1.0000000000201987,1.000000000007972
-0.1,1.0302199590452275,224.9877988696007,-0.0999512401214645,2.9061158579216608e-09,1.000000000022665,1.000000000006675
-0.1,1.0302199590452275,227.07150693085165,-0.09995124826521452,3.4120784206843477e-09,1.000000000025304,1.0000000000055365
-0.1,1.0302199590452275,229.17451310207272,-0.09995125686732684,3.8458721394778796e-09,1.0000000000280977,1.0000000000045388
-0.1,1.0302199590452275,231.29699611129922,-0.09995126571657466,4.215725554573138e-09,1.0000000000310285,1.0000000000036657
-0.1,1.0302199590452275,233.4391363418438,-0.09995127463832341,4.528974004133749e-09,1.0000000000340779,1.0000000000029035
-0.1,1.0302199590452275,235.60111584762504,-0.09995128349148985,4.792156945812653e-09,1.0000000000372256,1.0000000000022395
-0.1,1.0302199590452275,237.78311836864148,-0.0999512921657011,5.011105638491208e-09,1.000000000040451,1.0000000000016627
-0.1,1.0302199590452275,239.98532934658564,-0.09995130057863694,5.191021928091605e-09,1.0000000000437343,1.0000000000011644
-0.1,1.0302199590452275,242.20793594060487,-0.0999513086735392,5.336548886735493e-09,1.0000000000470548,1.0000000000007352
-0.1,1.0302199590452275,244.4511270432073,-0.09995131641687541,5.451833987569958e-09,1.0000000000503915,1.0000000000003673
-0.1,1.0302199590452275,246.71509329631496,-0.09995132379614317,5.540585475221969e-09,1.0000000000537237,1.0000000000000546
-0.1,1.0302199590452275,249.00002710746668,-0.09995133081780376,5.606122515258603e-09,1.0000000000570322,0.9999999999997912
-0.1,1.0302199590452275,251.3061226661696,-0.09995133750533616,5.651419713186859e-09,1.000000000060296,0.9999999999995711
-0.1,1.0302199590452275,253.6335759604023,-0.09995134389740086,5.679146519892309e-09,1.000000000063497,0.9999999999993908
-0.1,1.0302199590452275,255.98258479327197,-0.09995135004610625,5.6917020117459266e-09,1.000000000066616,0.9999999999992458
-0.1,1.0302199590452275,258.3533487998248,-0.09995135601537082,5.6912455193508564e-09,1.0000000000696359,0.9999999999991317
-0.1,1.0302199590452275,260.7460694640121,-0.09995136187937419,5.679723511059606e-09,1.0000000000725393,0.9999999999990462
-0.1,1.0302199590452275,263.1609501358149,-0.09995136772109194,5.658893124134172e-09,1.0000000000753115,0.9999999999989858
-0.1,1.0302199590452275,265.59819604852424,-0.09995137363091,5.6303427267863894e-09,1.0000000000779363,0.999999999998948
-0.1,1.0302199590452275,268.0580143361851,-0.09995137970531379,5.595509801171857e-09,1.0000000000804015,0.9999999999989306
-0.1,1.0302199590452275,270.5406140511989,-0.09995138604564854,5.555696498346432e-09,1.0000000000826936,0.9999999999989313
-0.1,1.0302199590452275,273.0462061820903,-0.09995139275694927,5.512083095422719e-09,1.000000000084802,0.9999999999989478
-0.1,1.0302199590452275,275.57500367143905,-0.09995139994683554,5.465739647387934e-09,1.0000000000867164,0.9999999999989788
-0.1,1.0302199590452275,278.1272214339776,-0.09995140772447096,5.417636049428603e-09,1.0000000000884286,0.9999999999990216
-0.1,1.0302199590452275,280.7030763748543,-0.09995141619958421,5.368650697267119e-09,1.0000000000899307,0.9999999999990763
-0.1,1.0302199590452275,283.30278740807006,-0.09995142548155087,5.319577969688748e-09,1.0000000000912166,0.9999999999991399
-0.1,1.0302199590452275,285.9265754750807,-0.09995143567853387,5.271134669328183e-09,1.000000000092282,0.9999999999992114
-0.1,1.0302199590452275,288.57466356357577,-0.09995144689668221,5.2239655981052385e-09,1.0000000000931233,0.9999999999992905
-0.1,1.0302199590452275,291.24727672642865,-0.09995145923938631,5.178648381286219e-09,1.0000000000937386,0.9999999999993754
-0.1,1.0302199590452275,293.94464210082356,-0.09995147280658957,5.135697668270281e-09,1.0000000000941267,0.9999999999994648
-0.1,1.0302199590452275,296.6669889275594,-0.09995148769415466,5.09556882462915e-09,1.0000000000942877,0.999999999999558
-0.1,1.0302199590452275,299.4145485705322,-0.09995150399328434,5.058661181191778e-09,1.000000000094224,0.999999999999654
-0.1,1.0302199590452275,302.18755453639716,-0.09995152178999561,5.025320955955771e-09,1.000000000093937,0.9999999999997518
-0.1,1.0302199590452275,304.9862424944146,-0.09995154116464655,4.99584388267973e-09,1.0000000000934315,0.9999999999998507
-0.1,1.0302199590452275,307.81085029647846,-0.09995156219151503,4.970477636799847e-09,1.0000000000927123,0.9999999999999495
-0.1,1.0302199590452275,310.6616179973303,-0.09995158493842804,4.949424086332599e-09,1.000000000091785,1.0000000000000482
-0.1,1.0302199590452275,313.5387878749621,-0.09995160946644148,4.932841427120221e-09,1.0000000000906561,1.0000000000001454
-0.1,1.0302199590452275,316.44260445120455,-0.09995163582956873,4.9208462242743286e-09,1.0000000000893343,1.000000000000241
-0.1,1.0302199590452275,319.3733145125105,-0.09995166407455675,4.913515400265644e-09,1.0000000000878275,1.0000000000003342
-0.1,1.0302199590452275,322.3311671309267,-0.09995169424070961,4.910888186339651e-09,1.000000000086145,1.0000000000004243
-0.1,1.0302199590452275,325.31641368526283,-0.09995172635975692,4.9129680569377884e-09,1.0000000000842968,1.000000000000511
-0.1,1.0302199590452275,328.32930788245454,-0.09995176045576676,4.919724660934383e-09,1.0000000000822937,1.0000000000005937
-0.1,1.0302199590452275,331.37010577912685,-0.09995179654510103,4.931095759662334e-09,1.0000000000801466,1.0000000000006724
-0.1,1.0302199590452275,334.4390658033531,-0.0999518346364122,4.9469891777428364e-09,1.0000000000778668,1.0000000000007463
-0.1,1.0302199590452275,337.53644877662083,-0.09995187473067978,4.96728476849714e-09,1.0000000000754672,1.0000000000008156
-0.1,1.0302199590452275,340.66251793599554,-0.09995191682128393,4.9918363984769315e-09,1.0000000000729592,1.000000000000879
-0.1,1.0302199590452275,343.81753895649405,-0.0999519608941164,5.020473945583856e-09,1.0000000000703564,1.0000000000009377
-0.1,1.0302199590452275,347.00177997366285,-0.09995200692772466,5.053005311145976e-09,1.0000000000676708,1.0000000000009905
-0.1,1.0302199590452275,350.2155116063659,-0.09995205489348924,5.0892184349709954e-09,1.0000000000649152,1.0000000000010374
-0.1,1.0302199590452275,353.4590069797847,-0.09995210475583083,5.128883324379835e-09,1.000000000062103,1.0000000000010782
-0.1,1.0302199590452275,356.73254174862967,-0.0999521564724465,5.171754067674399e-09,1.0000000000592473,1.0000000000011138
-0.1,1.0302199590452275,360.0363941205664,-0.09995220999457176,5.217570841531928e-09,1.0000000000563607,1.0000000000011424
-0.1,1.0302199590452275,363.37084487986095,-0.09995226526726732,5.266061900892423e-09,1.0000000000534561,1.0000000000011657
-0.1,1.0302199590452275,366.73617741124224,-0.09995232222972793,5.316945545610578e-09,1.0000000000505462,1.0000000000011826
-0.1,1.0302199590452275,370.13267772398575,-0.09995238081561122,5.369932044609367e-09,1.0000000000476434,1.000000000001194
-0.1,1.0302199590452275,373.5606344762222,-0.09995244095338485,5.424725535139003e-09,1.0000000000447595,1.0000000000011995
-0.1,1.0302199590452275,377.02033899946696,-0.09995250256668924,5.481025860578052e-09,1.0000000000419071,1.0000000000011993
-0.1,1.0302199590452275,380.5120853233824,-0.09995256557471437,5.538530352672817e-09,1.000000000039097,1.0000000000011935
-0.1,1.0302199590452275,384.03617020076405,-0.09995262989258798,5.5969355703100466e-09,1.00000000003634,1.0000000000011824
-0.1,1.0302199590452275,387.5928931327621,-0.09995269543177361,5.655938948989827e-09,1.0000000000336466,1.0000000000011653
-0.1,1.0302199590452275,391.18255639433437,-0.09995276210047639,5.7152403936636575e-09,1.0000000000310283,1.0000000000011442
-0.1,1.0302199590452275,394.8054650599374,-0.09995282980405414,5.774543783788437e-09,1.000000000028493,1.000000000001118
-0.1,1.0302199590452275,398.4619270294508,-0.09995289844543247,5.833558405619469e-09,1.0000000000260505,1.0000000000010871
-0.1,1.0302199590452275,402.15225305434814,-0.09995296792552182,5.89200028813922e-09,1.000000000023709,1.0000000000010518
-0.1,1.0302199590452275,405.87675676410373,-0.09995303814363433,5.94959345781886e-09,1.000000000021477,1.0000000000010127
-0.1,1.0302199590452275,409.6357546928489,-0.09995310899789905,6.00607110113256e-09,1.0000000000193614,1.0000000000009697
-0.1,1.0302199590452275,413.4295663062725,-0.09995318038567404,6.061176629257899e-09,1.0000000000173686,1.0000000000009233
-0.1,1.0302199590452275,417.25851402877123,-0.09995325220395339,6.11466465731601e-09,1.0000000000155054,1.0000000000008737
-0.1,1.0302199590452275,421.12292327085265,-0.09995332434976764,6.166301872751844e-09,1.000000000013777,1.0000000000008211
-0.1,1.0302199590452275,425.02312245678996,-0.0999533967205767,6.215867827765799e-09,1.000000000012188,1.0000000000007658
-0.1,1.0302199590452275,428.95944305253283,-0.09995346921465323,6.263155617399699e-09,1.000000000010743,1.0000000000007083
-0.1,1.0302199590452275,432.9322195938791,-0.09995354173145568,6.3079724792015895e-09,1.0000000000094453,1.000000000000649
-0.1,1.0302199590452275,436.9417897149054,-0.09995361417198977,6.350140289547108e-09,1.0000000000082978,1.0000000000005873
-0.1,1.0302199590452275,440.98849417666133,-0.09995368643915716,6.38949597262384e-09,1.000000000007303,1.0000000000005245
-0.1,1.0302199590452275,445.0726768961314,-0.09995375843809057,6.4258918207838685e-09,1.000000000006463,1.0000000000004607
-0.1,1.0302199590452275,449.19468497546023,-0.09995383007647414,6.4591957290724245e-09,1.000000000005778,1.0000000000003955
-0.1,1.0302199590452275,453.3548687314555,-0.09995390126484884,6.489291339991691e-09,1.0000000000052496,1.0000000000003302
-0.1,1.0302199590452275,457.55358172535705,-0.09995397191690122,6.51607811766986e-09,1.0000000000048774,1.0000000000002642
-0.1,1.0302199590452275,461.7911807928867,-0.09995404194973606,6.5394713375656e-09,1.0000000000046605,1.0000000000001985
-0.1,1.0302199590452275,466.0680260745743,-0.09995411128413144,6.5594020064059515e-09,1.000000000004598,1.0000000000001326
-0.1,1.0302199590452275,470.3844810463644,-0.09995417984477645,6.575816709961255e-09,1.0000000000046887,1.0000000000000675
-0.1,1.0302199590452275,474.7409125505084,-0.09995424756049068,6.5886773967310526e-09,1.0000000000049305,1.000000000000003
-0.1,1.0302199590452275,479.1376908267404,-0.09995431436442556,6.597961102058367e-09,1.00000000000532,0.9999999999999392
-0.1,1.0302199590452275,483.57518954374194,-0.09995438019424728,6.603659610835435e-09,1.0000000000058547,0.9999999999998765
-0.1,1.0302199590452275,488.0537858309,-0.09995444499230113,6.605779071880239e-09,1.0000000000065306,0.9999999999998151
-0.1,1.0302199590452275,492.5738603103579,-0.09995450870575727,6.60433955976708e-09,1.0000000000073448,0.9999999999997552
-0.1,1.0302199590452275,497.1357971293627,-0.09995457128673776,6.599374594820347e-09,1.0000000000082927,0.9999999999996967
-0.1,1.0302199590452275,501.7399839929145,-0.0999546326924255,6.590930622698196e-09,1.0000000000093692,0.9999999999996404
-0.1,1.0302199590452275,506.3868121967132,-0.09995469288515445,6.579066457521417e-09,1.0000000000105698,0.9999999999995859
-0.1,1.0302199590452275,511.0766766604169,-0.09995475183248216,6.563852694211043e-09,1.0000000000118892,0.9999999999995332
-0.1,1.0302199590452275,515.809975961202,-0.09995480950724436,6.545371093311058e-09,1.0000000000133227,0.9999999999994834
-0.1,1.0302199590452275,520.5871123676386,-0.09995486588759195,6.523713942220428e-09,1.0000000000148634,0.9999999999994358
-0.1,1.0302199590452275,525.4084918738774,-0.09995492095701125,6.498983398145408e-09,1.0000000000165055,0.9999999999993904
-0.1,1.0302199590452275,530.2745242341559,-0.09995497470432763,6.471290813340788e-09,1.0000000000182439,0.9999999999993477
-0.1,1.0302199590452275,535.1856229976182,-0.09995502712369257,6.440756050813161e-09,1.000000000020071,0.9999999999993077
-0.1,1.0302199590452275,540.1422055434659,-0.09995507821455576,6.407506791565293e-09,1.000000000021981,0.9999999999992697
-0.1,1.0302199590452275,545.1446931164259,-0.09995512798162155,6.3716778331645326e-09,1.0000000000239673,0.9999999999992353
-0.1,1.0302199590452275,550.1935108625528,-0.09995517643479115,6.333410392899694e-09,1.0000000000260238,0.9999999999992034
-0.1,1.0302199590452275,555.2890878653604,-0.09995522358909138,6.292851405537751e-09,1.0000000000281426,0.9999999999991742
-0.1,1.0302199590452275,560.4318571822878,-0.09995526946458917,6.250152832469667e-09,1.0000000000303182,0.9999999999991479
-0.1,1.0302199590452275,565.6222558815047,-0.09995531408629463,6.205470968849016e-09,1.0000000000325424,0.9999999999991244
-0.1,1.0302199590452275,570.8607250790558,-0.09995535748405146,6.158965769894813e-09,1.0000000000348097,0.9999999999991037
-0.1,1.0302199590452275,576.1477099763489,-0.09995539969241635,6.1108001807393535e-09,1.0000000000371125,0.9999999999990863
-0.1,1.0302199590452275,581.4836598979924,-0.09995544075052798,6.061139485775256e-09,1.0000000000394447,0.9999999999990712
-0.1,1.0302199590452275,586.8690283299819,-0.09995548070196618,6.01015066955209e-09,1.0000000000417988,0.9999999999990592
-0.1,1.0302199590452275,592.3042729582397,-0.09995551959460165,5.958001800407388e-09,1.0000000000441691,0.9999999999990496
-0.1,1.0302199590452275,597.7898557075149,-0.09995555748043795,5.904861428367156e-09,1.0000000000465488,0.999999999999043
-0.1,1.0302199590452275,603.3262427806361,-0.09995559441544516,5.850898006170265e-09,1.000000000048931,0.9999999999990391
-0.1,1.0302199590452275,608.913904698138,-0.0999556304593871,5.79627933459869e-09,1.0000000000513103,0.9999999999990377
-0.1,1.0302199590452275,614.5533163382452,-0.09995566567564164,5.741172025497314e-09,1.0000000000536797,0.9999999999990385
-0.1,1.0302199590452275,620.2449569772324,-0.09995570013101655,5.6857409949450204e-09,1.0000000000560336,0.9999999999990424
-0.1,1.0302199590452275,625.9893103301563,-0.09995573389555908,5.630148976290514e-09,1.0000000000583666,0.9999999999990486
-0.1,1.0302199590452275,631.7868645919671,-0.09995576704236254,5.574556064583035e-09,1.0000000000606735,0.9999999999990571
-0.1,1.0302199590452275,637.638112478994,-0.09995579964736874,5.519119280880302e-09,1.000000000062947,0.9999999999990679
-0.1,1.0302199590452275,643.5435512708254,-0.09995583178916773,5.463992167595576e-09,1.0000000000651836,0.9999999999990803
-0.1,1.0302199590452275,649.5036828525664,-0.099955863548795,5.4093244095067965e-09,1.0000000000673772,0.9999999999990955
-0.1,1.0302199590452275,655.5190137574945,-0.09995589500952774,5.355261479591351e-09,1.0000000000695242,0.9999999999991123
-0.1,1.0302199590452275,661.5900552101086,-0.09995592625667923,5.3019443208499275e-09,1.0000000000716187,0.9999999999991311
-0.1,1.0302199590452275,667.7173231695753,-0.09995595737739334,5.249509037529108e-09,1.0000000000736573,0.9999999999991518
-0.1,1.0302199590452275,673.9013383735801,-0.09995598846043904,5.198086633084796e-09,1.0000000000756353,0.9999999999991742
-0.1,1.0302199590452275,680.1426263825831,-0.09995601959600511,5.147802761210126e-09,1.000000000077549,0.9999999999991976
-0.1,1.0302199590452275,686.4417176244827,-0.09995605087549665,5.098777509133197e-09,1.000000000079395,0.9999999999992232
-0.1,1.0302199590452275,692.7991474396972,-0.09995608239133255,5.0511252026740626e-09,1.0000000000811697,0.9999999999992499
-0.1,1.0302199590452275,699.215456126661,-0.09995611423674579,5.0049542394730814e-09,1.0000000000828702,0.9999999999992784
-0.1,1.0302199590452275,705.6911889877423,-0.09995614650558542,4.960366949228477e-09,1.0000000000844924,0.9999999999993074
-0.1,1.0302199590452275,712.2268963755895,-0.09995617929212228,4.917459471697157e-09,1.000000000086035,0.9999999999993379
-0.1,1.0302199590452275,718.8231337398989,-0.09995621269085735,4.8763216573534025e-09,1.0000000000874951,0.9999999999993692
-0.1,1.0302199590452275,725.4804616746267,-0.09995624679633446,4.837037005250022e-09,1.0000000000888707,0.9999999999994015
-0.1,1.0302199590452275,732.1994459656265,-0.0999562817029564,4.799682600639446e-09,1.0000000000901592,0.9999999999994347
-0.1,1.0302199590452275,738.9806576387373,-0.099956317504806,4.764329091274138e-09,1.0000000000913598,0.999999999999468
-0.1,1.0302199590452275,745.8246730083114,-0.09995635429547141,4.731040673050721e-09,1.0000000000924703,0.9999999999995024
-0.1,1.0302199590452275,752.7320737261965,-0.09995639216787648,4.699875105519386e-09,1.0000000000934903,0.9999999999995375
-0.1,1.0302199590452275,759.7034468311634,-0.09995643121411629,4.670883730834743e-09,1.0000000000944176,0.9999999999995726
-0.1,1.0302199590452275,766.7393847988028,-0.0999564715252982,4.6441115252439e-09,1.0000000000952531,0.9999999999996084
-0.1,1.0302199590452275,773.8404855918722,-0.09995651319138808,4.619597156944429e-09,1.0000000000959943,0.999999999999644
-0.1,1.0302199590452275,781.0073527111184,-0.09995655630106288,4.597373064036687e-09,1.0000000000966418,0.9999999999996798
-0.1,1.0302199590452275,788.2405952465664,-0.09995660094156875,4.577465546384959e-09,1.0000000000971963,0.9999999999997156
-0.1,1.0302199590452275,795.5408279292831,-0.09995664719858517,4.559894869647065e-09,1.0000000000976557,0.9999999999997519
-0.1,1.0302199590452275,802.9086711836236,-0.09995669515609563,4.544675384222364e-09,1.000000000098023,0.9999999999997875
-0.1,1.0302199590452275,810.3447511799583,-0.09995674489626395,4.531815653413725e-09,1.0000000000982965,0.9999999999998233
-0.1,1.0302199590452275,817.8496998878867,-0.09995679649931763,4.521318595711365e-09,1.0000000000984777,0.9999999999998583
-0.1,1.0302199590452275,825.4241551299497,-0.09995685004343721,4.5131816340690974e-09,1.0000000000985676,0.9999999999998938
-0.1,1.0302199590452275,833.0687606358348,-0.0999569056046519,4.50739685578554e-09,1.0000000000985665,0.9999999999999281
-0.1,1.0302199590452275,840.7841660970844,-0.09995696325674207,4.503951180103823e-09,1.0000000000984757,0.9999999999999621
-0.1,1.0302199590452275,848.5710272223139,-0.09995702307114811,4.502826533825629e-09,1.0000000000982978,0.9999999999999962
-0.1,1.0302199590452275,856.4300057929329,-0.09995708511688509,4.50400003213811e-09,1.0000000000980325,1.0000000000000293
-0.1,1.0302199590452275,864.3617697193946,-0.09995714946046483,4.507444167044529e-09,1.0000000000976819,1.0000000000000617
-0.1,1.0302199590452275,872.3669930979535,-0.09995721616582379,4.5131269982885836e-09,1.0000000000972478,1.0000000000000937
-0.1,1.0302199590452275,880.4463562679581,-0.09995728529425711,4.521012350734485e-09,1.0000000000967326,1.0000000000001248
-0.1,1.0302199590452275,888.6005458696701,-0.09995735690435918,4.531060013569762e-09,1.0000000000961382,1.0000000000001554
-0.1,1.0302199590452275,896.8302549026189,-0.09995743105197037,4.543225943228046e-09,1.0000000000954663,1.000000000000185
-0.1,1.0302199590452275,905.1361827845002,-0.09995750779012978,4.557462467665234e-09,1.0000000000947187,1.0000000000002136
-0.1,1.0302199590452275,913.5190354106156,-0.09995758716903384,4.573718492264362e-09,1.0000000000938982,1.0000000000002414
-0.1,1.0302199590452275,921.9795252138629,-0.09995766923600091,4.591939706772975e-09,1.0000000000930072,1.0000000000002682
-0.1,1.0302199590452275,930.5183712252855,-0.09995775403544167,4.612068791865902e-09,1.0000000000920477,1.0000000000002944
-0.1,1.0302199590452275,939.1362991351807,-0.09995784160883482,4.634045625417489e-09,1.0000000000910223,1.000000000000319
-0.1,1.0302199590452275,947.8340413547725,-0.09995793199470869,4.657807488721977e-09,1.0000000000899345,1.0000000000003433
-0.1,1.0302199590452275,956.6123370784595,-0.09995802522862778,4.683289270155467e-09,1.000000000088786,1.0000000000003664
-0.1,1.0302199590452275,965.4719323466358,-0.0999581213431847,4.710423667405599e-09,1.0000000000875795,1.0000000000003886
-0.1,1.0302199590452275,974.4135801090915,-0.0999582203679972,4.7391413871160315e-09,1.000000000086318,1.0000000000004095
-0.1,1.0302199590452275,983.4380402890077,-0.09995832232970983,4.76937134307821e-09,1.0000000000850047,1.0000000000004292
-0.1,1.0302199590452275,992.5460798475383,-0.09995842725200046,4.801040848288983e-09,1.0000000000836415,1.0000000000004483
-0.1,1.0302199590452275,1001.7384728489908,-0.09995853515559125,4.834075807749614e-09,1.0000000000822318,1.0000000000004658
-0.1,1.0302199590452275,1011.0160005266158,-0.09995864605826434,4.868400904080294e-09,1.0000000000807783,1.0000000000004825
-0.1,1.0302199590452275,1020.3794513489946,-0.09995875997488111,4.9039397794679464e-09,1.000000000079284,1.0000000000004983
-0.1,1.0302199590452275,1029.8296210870567,-0.09995887691740589,4.940615215995795e-09,1.0000000000777514,1.0000000000005127
-0.1,1.0302199590452275,1039.3673128817031,-0.09995899689493369,4.978349307161816e-09,1.000000000076184,1.0000000000005262
-0.1,1.0302199590452275,1048.993337312066,-0.09995911991372092,5.017063627823549e-09,1.0000000000745835,1.0000000000005385
-0.1,1.0302199590452275,1058.7085124643972,-0.09995924597722038,5.056679397633384e-09,1.0000000000729543,1.0000000000005498
-0.1,1.0302199590452275,1068.5136640015942,-0.09995937508611903,5.097117639868978e-09,1.0000000000712983,1.00000000000056
-0.1,1.0302199590452275,1078.4096252333723,-0.09995950723837912,5.138299334898045e-09,1.0000000000696183,1.000000000000569
-0.1,1.0302199590452275,1088.3972371870843,-0.0999596424292823,5.180145566882657e-09,1.0000000000679174,1.0000000000005773
-0.1,1.0302199590452275,1098.4773486791944,-0.09995978065147637,5.222577666436019e-09,1.0000000000661988,1.0000000000005846
-0.1,1.0302199590452275,1108.650816387419,-0.09995992189502477,5.265517348341858e-09,1.0000000000644642,1.0000000000005906
-0.1,1.0302199590452275,1118.9185049235327,-0.09996006614745856,5.308886839597903e-09,1.0000000000627172,1.0000000000005957
-0.1,1.0302199590452275,1129.2812869068487,-0.09996021339383049,5.352609007080743e-09,1.0000000000609597,1.0000000000005997
-0.1,1.0302199590452275,1139.740043038382,-0.0999603636167713,5.3966074762821685e-09,1.0000000000591946,1.000000000000603
-0.1,1.0302199590452275,1150.2956621756925,-0.09996051679654804,5.440806740038796e-09,1.0000000000574252,1.0000000000006053
-0.1,1.0302199590452275,1160.9490414084332,-0.09996067291112393,5.485132274584384e-09,1.000000000055653,1.0000000000006066
-0.1,1.0302199590452275,1171.7010861345848,-0.09996083193622007,5.529510632595009e-09,1.0000000000538811,1.000000000000607
-0.1,1.0302199590452275,1182.5527101374053,-0.09996099384537853,5.573869544072222e-09,1.0000000000521119,1.0000000000006064
-0.1,1.0302199590452275,1193.5048356630894,-0.09996115861002679,5.61813800362205e-09,1.0000000000503475,1.0000000000006048
-0.1,1.0302199590452275,1204.55839349915,-0.09996132619954318,5.662246359415393e-09,1.0000000000485902,1.0000000000006029
-0.1,1.0302199590452275,1215.7143230535173,-0.09996149658132367,5.706126383707092e-09,1.0000000000468425,1.0000000000005995
-0.1,1.0302199590452275,1226.9735724343827,-0.0999616697208492,5.749711355344228e-09,1.0000000000451066,1.0000000000005955
-0.1,1.0302199590452275,1238.33709853077,-0.09996184558175389,5.792936119882956e-09,1.0000000000433844,1.0000000000005909
-0.1,1.0302199590452275,1249.8058670938608,-0.09996202412589406,5.835737154900111e-09,1.000000000041678,1.0000000000005858
-0.1,1.0302199590452275,1261.3808528190714,-0.09996220531341742,5.878052629952288e-09,1.0000000000399893,1.0000000000005798
-0.1,1.0302199590452275,1273.0630394288874,-0.09996238910283273,5.919822452040709e-09,1.0000000000383207,1.0000000000005727
-0.1,1.0302199590452275,1284.8534197564702,-0.09996257545107975,5.9609883163284626e-09,1.0000000000366736,1.0000000000005655
-0.1,1.0302199590452275,1296.7529958300336,-0.09996276431359946,6.001493749563796e-09,1.00000000003505,1.0000000000005573
-0.1,1.0302199590452275,1308.7627789579997,-0.09996295564440383,6.041284143003148e-09,1.0000000000334515,1.0000000000005487
-0.1,1.0302199590452275,1320.883789814951,-0.09996314939614617,6.08030678671169e-09,1.0000000000318796,1.0000000000005391
-0.1,1.0302199590452275,1333.1170585283726,-0.09996334552019062,6.1185108989041806e-09,1.0000000000303362,1.0000000000005294
-0.1,1.0302199590452275,1345.4636247661995,-0.09996354396668182,6.155847646728457e-09,1.0000000000288225,1.0000000000005187
-0.1,1.0302199590452275,1357.924537825179,-0.099963744684614,6.192270166290147e-09,1.0000000000273401,1.000000000000508
-0.1,1.0302199590452275,1370.500856720038,-0.09996394762189972,6.2277335791689525e-09,1.0000000000258904,1.0000000000004967
-0.1,1.0302199590452275,1383.1936502734964,-0.0999641527254379,6.262195002003661e-09,1.0000000000244744,1.000000000000485
-0.1,1.0302199590452275,1396.0039972070938,-0.09996435994118126,6.295613555063316e-09,1.0000000000230937,1.0000000000004725
-0.1,1.0302199590452275,1408.9329862328714,-0.09996456921420332,6.327950363115812e-09,1.0000000000217493,1.0000000000004599
-0.1,1.0302199590452275,1421.9817161458968,-0.0999647804887641,6.359168560027197e-09,1.0000000000204419,1.000000000000447
-0.1,1.0302199590452275,1435.1512959176512,-0.09996499370837554,6.389233281826104e-09,1.000000000019173,1.0000000000004337
-0.1,1.0302199590452275,1448.4428447902692,-0.09996520881586561,6.418111661109448e-09,1.0000000000179436,1.0000000000004197
-0.1,1.0302199590452275,1461.8574923716699,-0.0999654257534416,6.445772819381479e-09,1.0000000000167537,1.0000000000004055
-0.1,1.0302199590452275,1475.3963787315492,-0.09996564446275254,6.47218785333141e-09,1.0000000000156053,1.0000000000003912
-0.1,1.0302199590452275,1489.0606544982772,-0.09996586488495017,6.497329818742751e-09,1.000000000014498,1.000000000000377
-0.1,1.0302199590452275,1502.8514809566846,-0.09996608696074923,6.521173714096377e-09,1.0000000000134333,1.0000000000003622
-0.1,1.0302199590452275,1516.7700301467542,-0.09996631063048621,6.543696460796084e-09,1.0000000000124114,1.000000000000347
-0.1,1.0302199590452275,1530.8174849632353,-0.09996653583417724,6.564876879477537e-09,1.0000000000114329,1.000000000000332
-0.1,1.0302199590452275,1544.9950392561707,-0.09996676251157442,6.584695665322275e-09,1.0000000000104985,1.0000000000003164
-0.1,1.0302199590452275,1559.3038979323546,-0.09996699060222118,6.603135362380849e-09,1.0000000000096076,1.000000000000301
-0.1,1.0302199590452275,1573.7452770577393,-0.09996722004550605,6.620180333308929e-09,1.0000000000087619,1.0000000000002853
-0.1,1.0302199590452275,1588.3204039607824,-0.09996745078071542,6.635816731068565e-09,1.000000000007961,1.0000000000002698
-0.1,1.0302199590452275,1603.0305173367537,-0.09996768274708472,6.650032464769324e-09,1.0000000000072051,1.0000000000002542
-0.1,1.0302199590452275,1617.8768673530133,-0.0999679158838482,6.662817167030866e-09,1.0000000000064948,1.000000000000238
-0.1,1.0302199590452275,1632.8607157552478,-0.09996815013028765,6.6741621587953224e-09,1.0000000000058296,1.0000000000002223
-0.1,1.0302199590452275,1647.9833359747165,-0.09996838542577927,6.684060412713269e-09,1.00000000000521,1.0000000000002065
-0.1,1.0302199590452275,1663.2460132364645,-0.0999686217098395,6.692506517793098e-09,1.0000000000046358,1.0000000000001905
-0.1,1.0302199590452275,1678.6500446685554,-0.09996885892216925,6.699496637198989e-09,1.0000000000041072,1.0000000000001745
-0.1,1.0302199590452275,1694.1967394123092,-0.09996909700269681,6.705028471394223e-09,1.000000000003624,1.0000000000001588
-0.1,1.0302199590452275,1709.8874187335668,-0.09996933589161919,6.709101217639329e-09,1.000000000003186,1.0000000000001432
-0.1,1.0302199590452275,1725.7234161349695,-0.09996957552944204,6.711715528598578e-09,1.0000000000027927,1.0000000000001275
-0.1,1.0302199590452275,1741.706077469303,-0.09996981585701846,6.712873471092476e-09,1.0000000000024443,1.000000000000112
-0.1,1.0302199590452275,1757.8367610538646,-0.09997005681558581,6.712578482859196e-09,1.0000000000021407,1.0000000000000964
-0.1,1.0302199590452275,1774.1168377859105,-0.09997029834680163,6.710835331863615e-09,1.0000000000018812,1.0000000000000808
-0.1,1.0302199590452275,1790.547691259161,-0.09997054039277795,6.707650071676318e-09,1.0000000000016658,1.0000000000000655
-0.1,1.0302199590452275,1807.1307178813868,-0.09997078289611391,6.703029999264026e-09,1.0000000000014935,1.0000000000000504
-0.1,1.0302199590452275,1823.867326993091,-0.09997102579992752,6.696983611270262e-09,1.0000000000013647,1.0000000000000353
-0.1,1.0302199590452275,1840.7589409872808,-0.09997126904788564,6.689520560802976e-09,1.0000000000012785,1.0000000000000204
-0.1,1.0302199590452275,1857.8069954303487,-0.09997151258423263,6.680651613137496e-09,1.0000000000012346,1.000000000000006
-0.1,1.0302199590452275,1875.012939184082,-0.09997175635381776,6.670388603499961e-09,1.0000000000012321,0.9999999999999917
-0.1,1.0302199590452275,1892.378234528796,-0.09997200030212132,6.6587443924945915e-09,1.0000000000012705,0.999999999999977
-0.1,1.0302199590452275,1909.9043572876058,-0.09997224437527902,6.6457328241010326e-09,1.0000000000013498,0.9999999999999631
-0.1,1.0302199590452275,1927.592796951861,-0.09997248852010562,6.631368681479142e-09,1.0000000000014688,0.9999999999999492
-0.1,1.0302199590452275,1945.4450568077177,-0.099972732684117,6.615667645157216e-09,1.000000000001627,0.9999999999999353
-0.1,1.0302199590452275,1963.4626540639163,-0.09997297681555069,6.598646250484042e-09,1.0000000000018239,0.9999999999999223
-0.1,1.0302199590452275,1981.6471199807077,-0.09997322086338568,6.580321845556885e-09,1.0000000000020586,0.9999999999999089
-0.1,1.0302199590452275,2000.0,-0.09997346477736076,6.560712549770644e-09,1.0000000000023306,0.9999999999998959
-0.09,1.0303744675515727,0.0,0.0,0.0,0.0,1.0303744675515727
-0.09,1.0303744675515727,0.05,-0.0011920297105866638,0.023448800006236024,0.02973442843090553,1.0299113308829593
-0.09,1.0303744675515727,0.1,-0.004613793903424362,0.044618494115300625,0.05935452810069174,1.029448217185185
-0.09,1.0303744675515727,0.15000000000000002,-0.010044452100144154,0.06364970843028996,0.08875905615116908,1.0289851831911985
-0.09,1.0303744675515727,0.2,-0.017276980385772057,0.08067814506666367,0.11785987650343802,1.0285223190979633
-0.09,1.0303744675515727,0.25,-0.02611768095745124,0.09583441433834369,0.14658076469348214,1.028059745027158
-0.09,1.0303744675515727,0.30000000000000004,-0.03638564638109587,0.10924391679796581,0.17485630471263267,1.0275976076463929
-0.09,1.0303744675515727,0.35000000000000003,-0.04791224794728928,0.12102676967599886,0.2026308709099862,1.0271360769373281
-0.09,1.0303744675515727,0.4,-0.06054060833612803,0.13129777274420312,0.2298576887066982,1.0266753431022662
-0.09,1.0303744675515727,0.45,-0.07412506272126318,0.14016640897537935,0.2564979685147213,1.026215613603967
-0.09,1.0303744675515727,0.5,-0.0885306263801008,0.1477368757080392,0.28252010774642744,1.0257571103367946
-0.09,1.0303744675515727,0.55,-0.10363247200244882,0.15410814238863535,0.3078989562121669,1.0253000669298535
-0.09,1.0303744675515727,0.6000000000000001,-0.11931541322539996,0.15937403130497083,0.3326151405684489,1.024844726184122
-0.09,1.0303744675515727,0.65,-0.13547339423074745,0.16362331802634528,0.35665444380183126,1.024391337646362
-0.09,1.0303744675515727,0.7000000000000001,-0.15200898892363068,0.16693984854441085,0.3800072360126144,1.0239401553229168
-0.09,1.0303744675515727,0.75,-0.16883291337791592,0.16940267037609721,0.4026679530053528,1.023491435536555
-0.09,1.0303744675515727,0.8,-0.1858635533945495,0.1710861751461853,0.42463461940947483,1.0230454349292102
-0.09,1.0303744675515727,0.8500000000000001,-0.20302650746451137,0.17206025040697204,0.4459084132501845,1.022602408612875
-0.09,1.0303744675515727,0.9,-0.2202541450083327,0.17239043867316767,0.46649326907119426,1.0221626084700848
-0.09,1.0303744675515727,0.9500000000000001,-0.23748518010257427,0.17213810185284428,0.4863955168788916,1.0217262816045138
-0.09,1.0303744675515727,1.0,-0.25466426132210834,0.17136058944285876,0.5056235543339423,1.0212936689412122
-0.09,1.0303744675515727,1.05,-0.27174157843413926,0.17011140903219457,0.5241875497626547,1.0208650039749918
-0.09,1.0303744675515727,1.1,-0.2886724864589614,0.1684403978202531,0.5420991736984161,1.0204405116645157
-0.09,1.0303744675515727,1.1500000000000001,-0.3054171472462986,0.16639389400941668,0.5593713567945611,1.0200204074686647
-0.09,1.0303744675515727,1.2000000000000002,-0.3219401883935316,0.16401490707203492,0.5760180720751428,1.0196048965208713
-0.09,1.0303744675515727,1.25,-0.3382103791482761,0.16134328602144504,0.5920541396100903,1.0191941729363103
-0.09,1.0303744675515727,1.3,-0.35420032288878883,0.15841588493523023,0.6074950518163449,1.0187884192461083
-0.09,1.0303744675515727,1.35,-0.3698861658030319,0.15526672508742032,0.6223568176971741,1.0183878059521174
-0.09,1.0303744675515727,1.4000000000000001,-0.3852473214259744,0.1519271531456117,0.636655824437978,1.017992491195305
-0.09,1.0303744675515727,1.4500000000000002,-0.4002662107033567,0.14842599497977607,0.6504087148786908,1.017602620530431
-0.09,1.0303744675515727,1.5,-0.4149280172177242,0.14478970471241231,0.663632279480426,1.0172183267993826
-0.09,1.0303744675515727,1.55,-0.42922045715065843,0.1410425087151066,0.6763433614973574,1.0168397300954048
-0.09,1.0303744675515727,1.6,-0.44313356348500244,0.13720654432481905,0.6885587741540983,1.0164669378103386
-0.09,1.0303744675515727,1.6500000000000001,-0.45665948389168054,0.13330199311463134,0.7002952287140224,1.0161000447570487
-0.09,1.0303744675515727,1.7000000000000002,-0.46979229170874864,0.1293472086085945,0.7115692724051312,1.0157391333592716
-0.09,1.0303744675515727,1.75,-0.4825278094076807,0.1253588383790889,0.7223972352472369,1.0153842739013181
-0.09,1.0303744675515727,1.8,-0.49486344394885345,0.12135194050816582,0.7327951848973654,1.0150355248302747
-0.09,1.0303744675515727,1.85,-0.5067980334468771,0.11734009443210466,0.7427788886995528,1.0146929331036407
-0.09,1.0303744675515727,1.9000000000000001,-0.5183317045888305,0.11333550622132378,0.7523637821904708,1.0143565345756622
-0.09,1.0303744675515727,1.9500000000000002,-0.5294657402689191,0.10934910837623041,0.7615649433738183,1.0140263544159895
-0.09,1.0303744675515727,2.0,-0.5402024569187659,0.10539065424394921,0.7703970721341187,1.0137024075546712
-0.09,1.0303744675515727,2.0500000000000003,-0.550545091023259,0.10146880718148746,0.7788744742146236,1.0133846991479027
-0.09,1.0303744675515727,2.1,-0.5604976943193548,0.09759122460807539,0.7870110492345058,1.013073225059366
-0.09,1.0303744675515727,2.15,-0.5700650371817526,0.09376463710346662,0.7948202822676326,1.0127679723524248
-0.09,1.0303744675515727,2.2,-0.5792525197072869,0.08999492272017388,0.8023152385489528,1.0124689197888501
-0.09,1.0303744675515727,2.25,-0.5880660900207684,0.08628717668619912,0.8095085609152063,1.0121760383301661
-0.09,1.0303744675515727,2.3000000000000003,-0.5965121693395434,0.08264577668108694,0.8164124696242236,1.0118892916381175
-0.09,1.0303744675515727,2.35,-0.604597583352084,0.07907444387229659,0.8230387642318747,1.0116086365711414
-0.09,1.0303744675515727,2.4000000000000004,-0.612329499486714,0.07557629990122192,0.8293988272377286,1.0113340236741015
-0.09,1.0303744675515727,2.45,-0.61971536966895,0.07215392000890553,0.8355036292399252,1.0110653976588964
-0.09,1.0303744675515727,2.5,-0.6267628781888713,0.06880938249080017,0.8413637353668213,1.0108026978738858
-0.09,1.0303744675515727,2.5500000000000003,-0.6334798943222932,0.06554431466804306,0.846989312777682,1.0105458587603928
-0.09,1.0303744675515727,2.6,-0.6398744293707785,0.06235993555978747,0.8523901390473161,1.010294810294834
-0.09,1.0303744675515727,2.6500000000000004,-0.6459545978051797,0.05925709543735732,0.8575756112701769,1.0100494784152814
-0.09,1.0303744675515727,2.7,-0.651728582215477,0.05623631243649473,0.862554755738177,1.009809785431529
-0.09,1.0303744675515727,2.75,-0.6572046017862562,0.05329780639888846,0.8673362380635233,1.0095756504179387
-0.09,1.0303744675515727,2.8000000000000003,-0.6623908840325765,0.05044153010862264,0.8719283736333021,1.0093469895885572
-0.09,1.0303744675515727,2.85,-0.6672956395454811,0.047667198083267456,0.8763391382964768,1.0091237166541658
-0.09,1.0303744675515727,2.9000000000000004,-0.671927039510373,0.044974313073143736,0.8805761791965804,1.0089057431611048
-0.09,1.0303744675515727,2.95,-0.676293195775066,0.042362190415913055,0.8846468256746971,1.0086929788118235
-0.09,1.0303744675515727,3.0,-0.680402143257757,0.03982998038713604,0.8885581001775286,1.0084853317672822
-0.09,1.0303744675515727,3.0500000000000003,-0.6842618244983957,0.03737668868088921,0.8923167291144706,1.0082827089313848
-0.09,1.0303744675515727,3.1,-0.6878800761700425,0.03500119514796263,0.89592915361579,1.0080850162177701
-0.09,1.0303744675515727,3.1500000000000004,-0.6912646173795902,0.03270227091265083,0.8994015401512961,1.0078921587993142
-0.09,1.0303744675515727,3.2,-0.6944230395996834,0.030478593982726256,0.9027397909753909,1.0077040413408245
-0.09,1.0303744675515727,3.25,-0.6973627980855817,0.028328763460880313,0.9059495543701388,1.0075205682153943
-0.09,1.0303744675515727,3.3000000000000003,-0.7000912046420359,0.02625131245977714,0.9090362346631258,1.007341643704992
-0.09,1.0303744675515727,3.35,-0.7026154216158588,0.02424471981689349,0.9120050020013717,1.0071671721858502
-0.09,1.0303744675515727,3.4000000000000004,-0.7049424569997312,0.022307420699549083,0.9148608018665427,1.0069970582992687
-0.09,1.0303744675515727,3.45,-0.7070791605418892,0.020437816184972434,0.9176083643201961,1.0068312071084544
-0.09,1.0303744675515727,3.5,-0.7090322207646803,0.018634281894907227,0.9202522129708384,1.0066695242420387
-0.09,1.0303744675515727,3.5500000000000003,-0.7108081628026259,0.01689517575915641,0.9227966736572445,1.006511916024911
-0.09,1.0303744675515727,3.6,-0.7124133469776114,0.015218844977581972,0.9252458828447718,1.0063582895970167
-0.09,1.0303744675515727,3.6500000000000004,-0.7138539680352466,0.013603632245433522,0.9276037957334211,1.0062085530207507
-0.09,1.0303744675515727,3.7,-0.7151360549723467,0.012047881302468427,0.9298741940780857,1.006062615377588
-0.09,1.0303744675515727,3.75,-0.7162654713909642,0.01054994186214103,0.9320606937228945,1.0059203868545596
-0.09,1.0303744675515727,3.8000000000000003,-0.7172479163194804,0.009108173973184499,0.9341667518527985,1.0057817788211876
-0.09,1.0303744675515727,3.85,-0.7180889254460685,0.0077209518621704715,0.9361956739665819,1.005646703897467
-0.09,1.0303744675515727,3.9000000000000004,-0.7187938727142907,0.006386667302110853,0.9381506205763526,1.0055150760134588
-0.09,1.0303744675515727,3.95,-0.7193679722348564,0.005103732548852562,0.9400346136392641,1.0053868104610586
-0.09,1.0303744675515727,4.0,-0.7198162804715221,0.003870582883900647,0.9418505427278153,1.0052618239384596
-0.09,1.0303744675515727,4.05,-0.7201436986628963,0.0026856787993871107,0.9436011709455113,1.005140034587824
-0.09,1.0303744675515727,4.1000000000000005,-0.7203549754454325,0.0015475078581644929,0.9452891405950353,1.0050213620266555
-0.09,1.0303744675515727,4.15,-0.7204547096462003,0.00045458625944673394,0.9469169786063325,1.0049057273733257
-0.09,1.0303744675515727,4.2,-0.7204473532171061,-0.0005945398619716603,0.9484871017322007,1.0047930532672142
-0.09,1.0303744675515727,4.25,-0.720337214285092,-0.0016012933771150045,0.9500018215190714,1.004683263883868
-0.09,1.0303744675515727,4.3,-0.7201284602954617,-0.0025670653211185843,0.9514633490607596,1.0045762849455864
-0.09,1.0303744675515727,4.3500000000000005,-0.7198251212279017,-0.003493214246619672,0.9528737995429181,1.004472043727811
-0.09,1.0303744675515727,4.4,-0.7194310928669513,-0.004381065752248692,0.954235196585932,1.0043704690616668
-0.09,1.0303744675515727,4.45,-0.718950140110667,-0.005231912167888954,0.955549476393888,1.0042714913330035
-0.09,1.0303744675515727,4.5,-0.7183859003030136,-0.006047012379917687,0.95681849171716,1.0041750424782425
-0.09,1.0303744675515727,4.55,-0.7177418865771347,-0.006827591781073854,0.9580440156360119,1.0040810559773217
-0.09,1.0303744675515727,4.6000000000000005,-0.7170214911981004,-0.007574842330921177,0.9592277451724767,1.0039894668440352
-0.09,1.0303744675515727,4.65,-0.7162279888950218,-0.008289922714100308,0.9603713047375869,1.0039002116140023
-0.09,1.0303744675515727,4.7,-0.715364540173593,-0.008973958584694405,0.9614762494208596,1.003813228330525
-0.09,1.0303744675515727,4.75,-0.7144341946011602,-0.009628042886075931,0.9625440681287435,1.003728456528555
-0.09,1.0303744675515727,4.800000000000001,-0.713439894057364,-0.010253236236564541,0.9635761865785254,1.0036458372169756
-0.09,1.0303744675515727,4.8500000000000005,-0.7123844759442505,-0.010850567372112678,0.9645739701539989,1.003565312859405
-0.09,1.0303744675515727,4.9,-0.7112706763505112,-0.011421033638050842,0.9655387266289812,1.003486827353688
-0.09,1.0303744675515727,4.95,-0.7101011331652332,-0.011965601522675114,0.966471708764554,1.0034103260102583
-0.09,1.0303744675515727,5.0,-0.7088783891371647,-0.01248520722614913,0.9673741167856822,1.0033357555295117
-0.09,1.0303744675515727,5.050000000000001,-0.7076048948761064,-0.012980757258825823,0.9682471007426747,1.0032630639783482
-0.09,1.0303744675515727,5.1000000000000005,-0.7062830117935781,-0.013453129063675183,0.969091762762722,1.0031922007660035
-0.09,1.0303744675515727,5.15,-0.7049150149804067,-0.013903171658037148,0.9699091591965394,1.003123116619297
-0.09,1.0303744675515727,5.2,-0.7035030960193578,-0.014331706290406193,0.9707003026649621,1.0030557635574089
-0.09,1.0303744675515727,5.25,-0.7020493657313279,-0.014739527108400792,0.9714661640101162,1.0029900948662778
-0.09,1.0303744675515727,5.300000000000001,-0.7005558568540401,-0.015127401834478997,0.9722076741556019,1.002926065072731
-0.09,1.0303744675515727,5.3500000000000005,-0.6990245266525031,-0.015496072446334346,0.9729257258799535,1.002863629918416
-0.09,1.0303744675515727,5.4,-0.6974572594608446,-0.01584625585924616,0.9736211755074285,1.0028027463336147
-0.09,1.0303744675515727,5.45,-0.6958558691553969,-0.01617864460796879,0.974294844520023,1.0027433724110206
-0.09,1.0303744675515727,5.5,-0.6942221015591863,-0.01649390752602625,0.9749475210944284,1.0026854673795242
-0.09,1.0303744675515727,5.550000000000001,-0.6925576367781945,-0.016792690420535973,0.9755799615674822,1.0026289915780895
-0.09,1.0303744675515727,5.6000000000000005,-0.6908640914699689,-0.017075616740918335,0.9761928918334991,1.0025739064297423
-0.09,1.0303744675515727,5.65,-0.689143021045327,-0.017343288240060626,0.9767870086767205,1.0025201744157477
-0.09,1.0303744675515727,5.7,-0.6873959218040488,-0.017596285626695664,0.9773629810419695,1.0024677590499986
-0.09,1.0303744675515727,5.75,-0.6856242330055748,-0.017835169207929148,0.9779214512464544,1.0024166248536572
-0.09,1.0303744675515727,5.800000000000001,-0.683829338875834,-0.018060479521006586,0.9784630361355277,1.002366737330087
-0.09,1.0303744675515727,5.8500000000000005,-0.6820125705513977,-0.018272737953552227,0.9789883281850745,1.0023180629400987
-0.09,1.0303744675515727,5.9,-0.6801752079622393,-0.018472447351640144,0.9794978965530816,1.0022705690775362
-0.09,1.0303744675515727,5.95,-0.6783184816544078,-0.018660092615172184,0.9799922880828114,1.0022242240452304
-0.09,1.0303744675515727,6.0,-0.6764435745539787,-0.018836141280140356,0.980472028259898,1.0021789970313322
-0.09,1.0303744675515727,6.050000000000001,-0.6745516236736596,-0.019001044087444265,0.9809376221255658,1.002134858086045
-0.09,1.0303744675515727,6.1000000000000005,-0.6726437217634442,-0.01915523553801596,0.981389555148063,1.0020917780987713
-0.09,1.0303744675515727,6.15,-0.6707209189067208,-0.019299134434078446,0.9818282940543079,1.002049728775679
-0.09,1.0303744675515727,6.2,-0.668784224063237,-0.019433144406430455,0.9822542876236571,1.0020086826177106
-0.09,1.0303744675515727,6.25,-0.6668346065603151,-0.01955765442770693,0.982667967445582,1.0019686128990215
-0.09,1.0303744675515727,6.300000000000001,-0.6648729975337133,-0.01967303931161775,0.9830697486429948,1.001929493645872
-0.09,1.0303744675515727,6.3500000000000005,-0.6629002913195036,-0.01977966019821132,0.9834600305628477,1.0018912996159681
-0.09,1.0303744675515727,6.4,-0.6609173467983311,-0.01987786502525087,0.9838391974355641,1.0018540062782522
-0.09,1.0303744675515727,6.45,-0.6589249886934063,-0.01996798898582524,0.9842076190047917,1.0018175897931514
-0.09,1.0303744675515727,6.5,-0.6569240088235417,-0.020050354972347088,0.9845656511288672,1.0017820269932751
-0.09,1.0303744675515727,6.550000000000001,-0.6549151673125652,-0.020125274007117708,0.984913636355358,1.0017472953645714
-0.09,1.0303744675515727,6.6000000000000005,-0.6528991937563845,-0.02019304565965998,0.9852519044699313,1.001713373027927
-0.09,1.0303744675515727,6.65,-0.6508767883489782,-0.02025395845104089,0.9855807730207825,1.001680238721217
-0.09,1.0303744675515727,6.7,-0.648848622968567,-0.02030829024542109,0.9859005478197628,1.0016478717818023
-0.09,1.0303744675515727,6.75,-0.6468153422251972,-0.02035630862908241,0.9862115234213091,1.0016162521294607
-0.09,1.0303744675515727,6.800000000000001,-0.6447775644709371,-0.02039827127719622,0.9865139835802211,1.001585360249755
-0.09,1.0303744675515727,6.8500000000000005,-0.6427358827738917,-0.020434426308603565,0.986808201689274,1.00155517717783
-0.09,1.0303744675515727,6.9,-0.6406908658571839,-0.020465012628885886,0.9870944411976103,1.0015256844826332
-0.09,1.0303744675515727,6.95,-0.6386430590040646,-0.02049026026201008,0.9873729560108173,1.0014968642515458
-0.09,1.0303744675515727,7.0,-0.636592984930263,-0.020510390670835363,0.9876439908735322,1.001468699075434
-0.09,1.0303744675515727,7.050000000000001,-0.6345411446246805,-0.020525617066772143,0.9879077817353955,1.0014411720340919
-0.09,1.0303744675515727,7.1000000000000005,-0.6324880181595027,-0.02053614470888362,0.9881645561011257,1.0014142666820876
-0.09,1.0303744675515727,7.15,-0.6304340654707787,-0.020542171192721417,0.9884145333654478,1.0013879670349901
-0.09,1.0303744675515727,7.2,-0.6283797271104934,-0.02054388672918534,0.9886579251335769,1.001362257555986
-0.09,1.0303744675515727,7.25,-0.6263254249711344,-0.020541474413695495,0.9888949355279233,1.001337123142856
-0.09,1.0303744675515727,7.300000000000001,-0.6242715629837168,-0.020535110485962623,0.989125761481652,1.0013125491153276
-0.09,1.0303744675515727,7.3500000000000005,-0.6222185277902232,-0.020524964580639092,0.9893505930196976,1.0012885212027733
-0.09,1.0303744675515727,7.4,-0.6201666893913705,-0.020511199969129548,0.989569613527822,1.0012650255322713
-0.09,1.0303744675515727,7.45,-0.618116401770592,-0.02049397379283553,0.9897830000102283,1.0012420486169882
-0.09,1.0303744675515727,7.5,-0.6160680034951024,-0.020473437288104062,0.9899909233362999,1.0012195773449133
-0.09,1.0303744675515727,7.550000000000001,-0.6140218182948792,-0.020449736003145036,0.9901935484769107,1.001197598967901
-0.09,1.0303744675515727,7.6000000000000005,-0.6119781556203645,-0.020423010007177094,0.9903910347308115,1.0011761010910425
-0.09,1.0303744675515727,7.65,-0.6099373111796703,-0.02039339409205568,0.9905835359415265,1.001155071662337
-0.09,1.0303744675515727,7.7,-0.6078995674560382,-0.02036101796663202,0.9907712007051876,1.0011344989626678
-0.09,1.0303744675515727,7.75,-0.6058651942062786,-0.02032600644408504,0.9909541725697244,1.0011143715960735
-0.09,1.0303744675515727,7.800000000000001,-0.6038344489408879,-0.02028847962246302,0.9911325902257778,1.0010946784803005
-0.09,1.0303744675515727,7.8500000000000005,-0.6018075773865155,-0.020248553058664985,0.991306587689727,1.0010754088376326
-0.09,1.0303744675515727,7.9,-0.5997848139314367,-0.02020633793608651,0.9914762944791694,1.0010565521859984
-0.09,1.0303744675515727,7.95,-0.5977663820546382,-0.020161941226147808,0.9916418357811894,1.0010380983303342
-0.09,1.0303744675515727,8.0,-0.5957524947391365,-0.020115465843916235,0.9918033326137412,1.0010200373542062
-0.09,1.0303744675515727,8.05,-0.5937433548700889,-0.020067010798029347,0.9919609019804428,1.0010023596116817
-0.09,1.0303744675515727,8.1,-0.5917391556182632,-0.02001667133511812,0.9921146570190778,1.000985055719443
-0.09,1.0303744675515727,8.15,-0.5897400808093926,-0.01996453907892446,0.9922647071440706,1.000968116549132
-0.09,1.0303744675515727,8.200000000000001,-0.5877463052799378,-0.019910702164301124,0.9924111581832195,1.0009515332199324
-0.09,1.0303744675515727,8.25,-0.5857579952197394,-0.019855245366275916,0.9925541125089073,1.000935297091363
-0.09,1.0303744675515727,8.3,-0.5837753085020483,-0.019798250224357165,0.9926936691640645,1.0009193997562968
-0.09,1.0303744675515727,8.35,-0.5817983950013824,-0.019739795162250676,0.9928299239830807,1.0009038330341815
-0.09,1.0303744675515727,8.4,-0.5798273968996563,-0.01967995560315412,0.9929629697079074,1.00088858896447
-0.09,1.0303744675515727,8.450000000000001,-0.5778624489810091,-0.01961880408078846,0.9930928960995458,1.0008736598002446
-0.09,1.0303744675515727,8.5,-0.5759036789157345,-0.019556410346321034,0.9932197900451168,1.0008590380020335
-0.09,1.0303744675515727,8.55,-0.5739512075337152,-0.019492841471330014,0.9933437356607191,1.0008447162318124
-0.09,1.0303744675515727,8.6,-0.5720051490877387,-0.019428161946954563,0.9934648143902304,1.0008306873471906
-0.09,1.0303744675515727,8.65,-0.5700656115070624,-0.019362433779370282,0.9935831051002442,1.00081694439577
-0.09,1.0303744675515727,8.700000000000001,-0.5681326966415831,-0.01929571658172475,0.9936986841713001,1.0008034806096686
-0.09,1.0303744675515727,8.75,-0.566206500496955,-0.019228067662663363,0.9938116255855625,1.000790289400221
-0.09,1.0303744675515727,8.8,-0.5642871134609824,-0.01915954211157086,0.9939220010110971,1.0007773643528275
-0.09,1.0303744675515727,8.85,-0.5623746205216122,-0.01909019288065024,0.9940298798828902,1.0007646992219632
-0.09,1.0303744675515727,8.9,-0.5604691014768318,-0.019020070863955497,0.9941353294807548,1.0007522879263389
-0.09,1.0303744675515727,8.950000000000001,-0.5585706311367662,-0.01894922497349141,0.9942384150042334,1.0007401245442034
-0.09,1.0303744675515727,9.0,-0.5566792795182731,-0.01887770221248913,0.9943391996446456,1.0007282033087923
-0.09,1.0303744675515727,9.05,-0.5547951120323003,-0.018805547745962364,0.994437744654384,1.0007165186039098
-0.09,1.0303744675515727,9.1,-0.5529181896642851,-0.01873280496864553,0.9945341094135792,1.0007050649596474
-0.09,1.0303744675515727,9.15,-0.5510485691478464,-0.018659515570411234,0.9946283514942367,1.0006938370482243
-0.09,1.0303744675515727,9.200000000000001,-0.5491863031320262,-0.01858571959926124,0.9947205267219593,1.0006828296799641
-0.09,1.0303744675515727,9.25,-0.5473314403423177,-0.01851145552198137,0.9948106892353428,1.0006720377993803
-0.09,1.0303744675515727,9.3,-0.5454840257357132,-0.01843676028254763,0.9948988915431479,1.0006614564813896
-0.09,1.0303744675515727,9.35,-0.543644100649999,-0.018361669358367725,0.9949851845793366,1.0006510809276326
-0.09,1.0303744675515727,9.4,-0.5418117029475109,-0.018286216814438785,0.9950696177560575,1.0006409064629052
-0.09,1.0303744675515727,9.450000000000001,-0.5399868671535586,-0.018210435355499544,0.9951522390146675,1.0006309285317
-0.09,1.0303744675515727,9.5,-0.5381696245897254,-0.01813435637625169,0.9952330948748676,1.0006211426948513
-0.09,1.0303744675515727,9.55,-0.5363600035022287,-0.018058010009723242,0.9953122304820226,1.0006115446262722
-0.09,1.0303744675515727,9.600000000000001,-0.5345580291855339,-0.017981425173842994,0.9953896896527505,1.000602130109804
-0.09,1.0303744675515727,9.65,-0.5327637241013997,-0.01790462961629367,0.9954655149188399,1.0005928950361453
-0.09,1.0303744675515727,9.700000000000001,-0.5309771079935216,-0.017827649957707678,0.9955397475695582,1.0005838353998806
-0.09,1.0303744675515727,9.75,-0.5291981979979525,-0.017750511733268283,0.9956124276924394,1.000574947296597
-0.09,1.0303744675515727,9.8,-0.5274270087494429,-0.017673239432775295,0.9956835942125709,1.0005662269200815
-0.09,1.0303744675515727,9.850000000000001,-0.525663552483869,-0.017595856539233314,0.9957532849304833,1.0005576705596075
-0.09,1.0303744675515727,9.9,-0.5239078391368844,-0.01751838556601766,0.9958215365586621,1.0005492745972997
-0.09,1.0303744675515727,9.950000000000001,-0.5221598764389466,-0.01744084809267136,0.9958883847567532,1.0005410355055744
-0.09,1.0303744675515727,10.0,-0.520419670006843,-0.017363264799384326,0.9959538641655148,1.0005329498446596
-0.09,1.0303744675515727,10.05,-0.5186872234318602,-0.017285655500204326,0.9960180084395528,1.000525014260188
-0.09,1.0303744675515727,10.100000000000001,-0.516962538364707,-0.017208039175026956,0.9960808502788997,1.000517225480856
-0.09,1.0303744675515727,10.15,-0.5152456145973215,-0.01713043400041024,0.9961424214594686,1.0005095803161586
-0.09,1.0303744675515727,10.200000000000001,-0.5135364501416767,-0.01705285737925823,0.9962027528624406,1.0005020756541847
-0.09,1.0303744675515727,10.25,-0.5118350413056868,-0.016975325969415304,0.9962618745026166,1.000494708459484
-0.09,1.0303744675515727,10.3,-0.5101413827663316,-0.01689785571121216,0.9963198155557691,1.0004874757709876
-0.09,1.0303744675515727,10.350000000000001,-0.5084554676400936,-0.016820461854002666,0.9963766043850509,1.0004803746999986
-0.09,1.0303744675515727,10.4,-0.5067772875508071,-0.016743158981728987,0.9964322685664737,1.0004734024282353
-0.09,1.0303744675515727,10.450000000000001,-0.5051068326950143,-0.01666596103755138,0.9964868349135084,1.0004665562059338
-0.09,1.0303744675515727,10.5,-0.5034440919049178,-0.016588881347577338,0.996540329500833,1.0004598333500032
-0.09,1.0303744675515727,10.55,-0.5017890527090186,-0.01651193264372385,0.996592777687263,1.0004532312422423
-0.09,1.0303744675515727,10.600000000000001,-0.5001417013905167,-0.016435127085744617,0.9966442041378938,1.0004467473275978
-0.09,1.0303744675515727,10.65,-0.4985020230435609,-0.01635847628245371,0.9966946328454817,1.0004403791124779
-0.09,1.0303744675515727,10.700000000000001,-0.4968700016274242,-0.01628199131217506,0.9967440871511033,1.0004341241631172
-0.09,1.0303744675515727,10.75,-0.4952456200186737,-0.016205682742446922,0.9967925897641015,1.0004279801039837
-0.09,1.0303744675515727,10.8,-0.4936288600614112,-0.01612956064900846,0.9968401627813648,1.0004219446162355
-0.09,1.0303744675515727,10.850000000000001,-0.49201970261565225,-0.016053634634095534,0.9968868277059486,1.00041601543622
-0.09,1.0303744675515727,10.9,-0.49041812760390857,-0.015977913844070858,0.9969326054650737,1.0004101903540166
-0.09,1.0303744675515727,10.950000000000001,-0.4888241140560384,-0.015902406986413285,0.9969775164275174,1.0004044672120218
-0.09,1.0303744675515727,11.0,-0.4872376401524247,-0.015827122346089986,0.9970215804204225,1.0003988439035738
-0.09,1.0303744675515727,11.05,-0.4856586832655456,-0.015752067801334153,0.99706481674555,1.0003933183716176
-0.09,1.0303744675515727,11.100000000000001,-0.4840872199999842,-0.015677250838850163,0.9971072441949849,1.000387888607407
-0.09,1.0303744675515727,11.15,-0.4825232262309445,-0.015602678568467363,0.997148881066327,1.000382552649244
-0.09,1.0303744675515727,11.200000000000001,-0.48096667714131786,-0.015528357737262827,0.9971897451773769,1.0003773085812542
-0.09,1.0303744675515727,11.25,-0.4794175472573561,-0.015454294743172411,0.9972298538803385,1.0003721545321964
-0.09,1.0303744675515727,11.3,-0.4778758104829972,-0.015380495648109088,0.9972692240755567,1.0003670886743061
-0.09,1.0303744675515727,11.350000000000001,-0.4763414401328959,-0.015306966190606681,0.9973078722248051,1.000362109222173
-0.09,1.0303744675515727,11.4,-0.4748144089642014,-0.015233711798006208,0.9973458143641399,1.0003572144316464
-0.09,1.0303744675515727,11.450000000000001,-0.4732946892071289,-0.015160737598201789,0.9973830661163333,1.0003524025987756
-0.09,1.0303744675515727,11.5,-0.4717822525943682,-0.015088048430962241,0.9974196427029139,1.000347672058779
-0.09,1.0303744675515727,11.55,-0.47027707038936856,-0.015015648858843668,0.9974555589558011,1.0003430211850386
-0.09,1.0303744675515727,11.600000000000001,-0.4687791134135455,-0.014943543177708393,0.9974908293285829,1.0003384483881275
-0.09,1.0303744675515727,11.65,-0.46728835207244257,-0.014871735426864216,0.9975254679074206,1.0003339521148615
-0.09,1.0303744675515727,11.700000000000001,-0.4658047563808887,-0.014800229398838046,0.9975594884216064,1.0003295308473799
-0.09,1.0303744675515727,11.75,-0.4643282959871871,-0.01472902864879731,0.9975929042537847,1.0003251831022446
-0.09,1.0303744675515727,11.8,-0.4628589401963725,-0.014658136503631812,0.9976257284498536,1.000320907429576
-0.09,1.0303744675515727,11.850000000000001,-0.4613966579925665,-0.014587556070708493,0.9976579737285423,1.0003167024122017
-0.09,1.0303744675515727,11.9,-0.4599414180604679,-0.014517290246310962,0.9976896524906932,1.0003125666648347
-0.09,1.0303744675515727,11.950000000000001,-0.4584931888060076,-0.014447341723775311,0.9977207768282526,1.0003084988332729
-0.09,1.0303744675515727,12.0,-0.4570519383762001,-0.01437771300133315,0.9977513585329704,1.0003044975936193
-0.09,1.0303744675515727,12.05,-0.45561763467821764,-0.014308406389672542,0.9977814091048404,1.0003005616515273
-0.09,1.0303744675515727,12.100000000000001,-0.45419024539772224,-0.01423942401922711,0.9978109397602637,1.0002966897414614
-0.09,1.0303744675515727,12.15,-0.4527697380164742,-0.014170767847202986,0.997839961439969,1.0002928806259819
-0.09,1.0303744675515727,12.200000000000001,-0.45135607982925147,-0.014102439664353286,0.997868484816679,1.0002891330950463
-0.09,1.0303744675515727,12.25,-0.4499492379601015,-0.014034441101509204,0.9978965203025484,1.000285445965336
-0.09,1.0303744675515727,12.3,-0.4485491793779501,-0.013966773635876334,0.9979240780563615,1.0002818180795905
-0.09,1.0303744675515727,12.350000000000001,-0.44715587091159265,-0.0138994385971049,0.997951167990521,1.0002782483059705
-0.09,1.0303744675515727,12.4,-0.4457692792640907,-0.013832437173141983,0.9979777997778114,1.0002747355374302
-0.09,1.0303744675515727,12.450000000000001,-0.4443893710265924,-0.01376577041587353,0.998003982857964,1.0002712786911112
-0.09,1.0303744675515727,12.5,-0.4430161126916033,-0.013699439246563808,0.9980297264440183,1.000267876707753
-0.09,1.0303744675515727,12.55,-0.4416494706657256,-0.013633444461099485,0.9980550395284912,1.0002645285511131
-0.09,1.0303744675515727,12.600000000000001,-0.44028941128188215,-0.013567786735045415,0.9980799308893575,1.0002612332074117
-0.09,1.0303744675515727,12.65,-0.4389359008110522,-0.01350246662851891,0.9981044090958537,1.0002579896847834
-0.09,1.0303744675515727,12.700000000000001,-0.4375889054735268,-0.013437484590888935,0.9981284825141048,1.0002547970127489
-0.09,1.0303744675515727,12.75,-0.4362483914497104,-0.013372840965306445,0.998152159312581,1.0002516542416968
-0.09,1.0303744675515727,12.8,-0.43491432489048193,-0.01330853599307217,0.998175447467396,1.0002485604423828
-0.09,1.0303744675515727,12.850000000000001,-0.4335866719271293,-0.013244569817847288,0.9981983547674412,1.0002455147054385
-0.09,1.0303744675515727,12.9,-0.43226539868087627,-0.013180942489712874,0.998220888819373,1.0002425161408948
-0.09,1.0303744675515727,12.950000000000001,-0.43095047127201686,-0.013117653969083353,0.9982430570524481,1.0002395638777215
-0.09,1.0303744675515727,13.0,-0.4296418558286679,-0.013054704130479308,0.9982648667232178,1.0002366570633707
-0.09,1.0303744675515727,13.05,-0.4283395184951583,-0.012992092766164512,0.9982863249200851,1.0002337948633415
-0.09,1.0303744675515727,13.100000000000001,-0.4270434254400634,-0.012929819589652072,0.9983074385677253,1.0002309764607473
-0.09,1.0303744675515727,13.15,-0.42575354286390327,-0.012867884239084354,0.998328214431379,1.0002282010559023
-0.09,1.0303744675515727,13.200000000000001,-0.4244698370065106,-0.012806286280491103,0.9983486591210191,1.0002254678659135
-0.09,1.0303744675515727,13.25,-0.4231922741540849,-0.012745025210930178,0.9983687790953985,1.0002227761242861
-0.09,1.0303744675515727,13.3,-0.42192082064594255,-0.012684100461514951,0.9983885806659749,1.0002201250805356
-0.09,1.0303744675515727,13.350000000000001,-0.42065544288097306,-0.01262351140033246,0.9984080700007303,1.0002175139998162
-0.09,1.0303744675515727,13.4,-0.41939610732381316,-0.012563257335256128,0.9984272531278714,1.000214942162552
-0.09,1.0303744675515727,13.450000000000001,-0.4181427805107491,-0.012503337516656835,0.9984461359394311,1.0002124088640811
-0.09,1.0303744675515727,13.5,-0.41689542905535343,-0.012443751140015856,0.998464724194762,1.0002099134143108
-0.09,1.0303744675515727,13.55,-0.41565401965387183,-0.012384497348443147,0.998483023523931,1.0002074551373754
-0.09,1.0303744675515727,13.600000000000001,-0.414418519090363,-0.012325575235104405,0.9985010394310198,1.0002050333713102
-0.09,1.0303744675515727,13.65,-0.4131888942416032,-0.012266983845559966,0.9985187772973257,1.0002026474677284
-0.09,1.0303744675515727,13.700000000000001,-0.4119651120817639,-0.012208722180018726,0.9985362423844788,1.0002002967915091
-0.09,1.0303744675515727,13.75,-0.41074713968686855,-0.012150789195510098,0.9985534398374656,1.000197980720492
-0.09,1.0303744675515727,13.8,-0.4095349442390403,-0.012093183807976825,0.9985703746875707,1.0001956986451792
-0.09,1.0303744675515727,13.850000000000001,-0.4083284930305413,-0.01203590489429143,0.9985870518552332,1.0001934499684475
-0.09,1.0303744675515727,13.9,-0.4071277534676181,-0.011978951294199073,0.9986034761528234,1.0001912341052623
-0.09,1.0303744675515727,13.950000000000001,-0.4059326930741562,-0.011922321812189217,0.9986196522873463,1.0001890504824074
-0.09,1.0303744675515727,14.0,-0.40474327949515015,-0.01186601521929884,0.9986355848630641,1.0001868985382125
-0.09,1.0303744675515727,14.05,-0.40355948049999696,-0.011810030254849314,0.9986512783840455,1.000184777722293
-0.09,1.0303744675515727,14.100000000000001,-0.4023812639856193,-0.011754365628119552,0.9986667372566529,1.0001826874952942
-0.09,1.0303744675515727,14.15,-0.4012085979794229,-0.011699020019957401,0.9986819657919503,1.0001806273286447
-0.09,1.0303744675515727,14.200000000000001,-0.40004145064209523,-0.011643992084331665,0.9986969682080505,1.0001785967043109
-0.09,1.0303744675515727,14.25,-0.3988797902702518,-0.011589280449826595,0.9987117486323968,1.0001765951145618
-0.09,1.0303744675515727,14.3,-0.397723585298933,-0.011534883721081097,0.9987263111039831,1.0001746220617398
-0.09,1.0303744675515727,14.350000000000001,-0.39657280430395825,-0.011480800480174455,0.9987406595755116,1.0001726770580335
-0.09,1.0303744675515727,14.4,-0.3954274160041442,-0.011427029287960414,0.9987547979154926,1.000170759625258
-0.09,1.0303744675515727,14.450000000000001,-0.3942873892633894,-0.011373568685351524,0.998768729910288,1.0001688692946442
-0.09,1.0303744675515727,14.5,-0.3931526930926292,-0.011320417194555336,0.9987824592660973,1.0001670056066267
-0.09,1.0303744675515727,14.55,-0.39202329665167035,-0.011267573320264379,0.9987959896108917,1.0001651681106416
-0.09,1.0303744675515727,14.600000000000001,-0.3908991692509054,-0.011215035550801241,0.9988093244962989,1.0001633563649288
-0.09,1.0303744675515727,14.65,-0.3897802803529115,-0.011162802359220509,0.998822467399428,1.0001615699363346
-0.09,1.0303744675515727,14.700000000000001,-0.3886665995739413,-0.011110872204368981,0.9988354217246576,1.000159808400127
-0.09,1.0303744675515727,14.75,-0.38755809668530494,-0.011059243531905705,0.9988481908053667,1.0001580713398106
-0.09,1.0303744675515727,14.8,-0.3864547416146523,-0.011007914775283109,0.9988607779056246,1.0001563583469426
-0.09,1.0303744675515727,14.850000000000001,-0.38535650444715414,-0.010956884356690726,0.9988731862218331,1.0001546690209613
-0.09,1.0303744675515727,14.9,-0.3842633554265911,-0.010906150687962694,0.9988854188843286,1.0001530029690144
-0.09,1.0303744675515727,14.950000000000001,-0.3831752649563496,-0.010855712171450359,0.9988974789589355,1.000151359805789
-0.09,1.0303744675515727,15.0,-0.38209220360033025,-0.010805567200861241,0.9989093694484878,1.000149739153351
-0.09,1.0303744675515727,15.05,-0.3810141420837726,-0.010755714162065388,0.9989210932943032,1.000148140640984
-0.09,1.0303744675515727,15.100000000000001,-0.3799410512939992,-0.010706151433870445,0.9989326533776204,1.0001465639050362
-0.09,1.0303744675515727,15.15,-0.3788729022810796,-0.010656877388766396,0.9989440525210015,1.000145008588765
-0.09,1.0303744675515727,15.200000000000001,-0.37780966625842205,-0.010607890393641092,0.9989552934896951,1.0001434743421926
-0.09,1.0303744675515727,15.25,-0.3767513146032914,-0.010559188810467586,0.9989663789929654,1.0001419608219584
-0.09,1.0303744675515727,15.3,-0.375697818857259,-0.010510770996964207,0.9989773116853848,1.0001404676911783
-0.09,1.0303744675515727,15.350000000000001,-0.37464915072658683,-0.010462635307228468,0.9989880941680959,1.0001389946193089
-0.09,1.0303744675515727,15.4,-0.3736052820825452,-0.010414780092345526,0.9989987289900398,1.0001375412820102
-0.09,1.0303744675515727,15.450000000000001,-0.372566184961675,-0.010367203700972246,0.9990092186491528,1.0001361073610155
-0.09,1.0303744675515727,15.5,-0.371531831565985,-0.010319904479897639,0.9990195655935301,1.0001346925440036
-0.09,1.0303744675515727,15.55,-0.37050219426309894,-0.010272880774580575,0.9990297722225651,1.0001332965244705
-0.09,1.0303744675515727,15.600000000000001,-0.36947724558634504,-0.010226130929665447,0.9990398408880541,1.00013191900161
-0.09,1.0303744675515727,15.65,-0.36845695823479685,-0.010179653289476719,0.999049773895277,1.000130559680194
-0.09,1.0303744675515727,15.700000000000001,-0.3674413050732632,-0.01013344619849292,0.9990595735040482,1.000129218270454
-0.09,1.0303744675515727,15.75,-0.36643025913223254,-0.01008750800180103,0.9990692419297406,1.0001278944879668
-0.09,1.0303744675515727,15.8,-0.36542379360777144,-0.010041837045531707,0.9990787813442865,1.0001265880535457
-0.09,1.0303744675515727,15.850000000000001,-0.36442188186138036,-0.009996431677276199,0.9990881938771504,1.0001252986931295
-0.09,1.0303744675515727,15.9,-0.36342449741980964,-0.00995129024648552,0.9990974816162799,1.0001240261376756
-0.09,1.0303744675515727,15.950000000000001,-0.36243161397483475,-0.009906411104852563,0.9991066466090291,1.0001227701230582
-0.09,1.0303744675515727,16.0,-0.36144320538299485,-0.00986179260667762,0.9991156908630644,1.0001215303899653
-0.09,1.0303744675515727,16.05,-0.36045924566529625,-0.00981743310921814,0.9991246163472417,1.0001203066837996
-0.09,1.0303744675515727,16.1,-0.35947970900688153,-0.009773330973023015,0.9991334249924668,1.0001190987545825
-0.09,1.0303744675515727,16.150000000000002,-0.3585045697566654,-0.009729484562252083,0.9991421186925326,1.0001179063568577
-0.09,1.0303744675515727,16.2,-0.357533802426943,-0.00968589224498145,0.9991506993049328,1.0001167292496007
-0.09,1.0303744675515727,16.25,-0.35656738169296354,-0.009642552393494859,0.9991591686516623,1.0001155671961275
-0.09,1.0303744675515727,16.3,-0.3556052823924815,-0.009599463384561994,0.9991675285199907,1.0001144199640042
-0.09,1.0303744675515727,16.35,-0.3546474795252783,-0.009556623599703787,0.9991757806632209,1.0001132873249636
-0.09,1.0303744675515727,16.400000000000002,-0.35369394825265943,-0.009514031425445485,0.9991839268014299,1.0001121690548207
-0.09,1.0303744675515727,16.45,-0.3527446638969277,-0.00947168525355776,0.9991919686221862,1.0001110649333875
-0.09,1.0303744675515727,16.5,-0.35179960194083376,-0.00942958348128632,0.9991999077812583,1.0001099747443936
-0.09,1.0303744675515727,16.55,-0.3508587380270056,-0.009387724511570522,0.9992077459032968,1.0001088982754083
-0.09,1.0303744675515727,16.6,-0.3499220479573569,-0.00934610675325118,0.9992154845825073,1.0001078353177626
-0.09,1.0303744675515727,16.650000000000002,-0.34898950769247633,-0.009304728621268219,0.9992231253833019,1.0001067856664736
-0.09,1.0303744675515727,16.7,-0.34806109335099944,-0.0092635885368483,0.999230669840941,1.0001057491201715
-0.09,1.0303744675515727,16.75,-0.3471367812089612,-0.009222684927682911,0.9992381194621505,1.0001047254810267
-0.09,1.0303744675515727,16.8,-0.3462165476991347,-0.009182016228097249,0.9992454757257343,1.00010371455468
-0.09,1.0303744675515727,16.85,-0.34530036941035275,-0.009141580879210203,0.9992527400831654,1.000102716150173
-0.09,1.0303744675515727,16.900000000000002,-0.3443882230868147,-0.009101377329085775,0.9992599139591656,1.0001017300798818
-0.09,1.0303744675515727,16.95,-0.3434800856273818,-0.009061404032876254,0.9992669987522709,1.0001007561594493
-0.09,1.0303744675515727,17.0,-0.342575934084856,-0.009021659452957369,0.999273995835382,1.0000997942077223
-0.09,1.0303744675515727,17.05,-0.34167574566525133,-0.008982142059055918,0.9992809065563082,1.0000988440466898
-0.09,1.0303744675515727,17.1,-0.3407794977270484,-0.008942850328369827,0.9992877322382865,1.0000979055014156
-0.09,1.0303744675515727,17.150000000000002,-0.33988716778044264,-0.008903782745681276,0.9992944741804998,1.0000969783999851
-0.09,1.0303744675515727,17.2,-0.3389987334865807,-0.008864937803462826,0.9993011336585784,1.0000960625734419
-0.09,1.0303744675515727,17.25,-0.3381141726567873,-0.008826314001977042,0.9993077119250902,1.000095157855731
-0.09,1.0303744675515727,17.3,-0.3372334632517831,-0.0087879098493697,0.9993142102100175,1.0000942640836434
-0.09,1.0303744675515727,17.35,-0.3363565833808959,-0.00874972386175689,0.9993206297212259,1.0000933810967594
-0.09,1.0303744675515727,17.400000000000002,-0.33548351130126225,-0.008711754563306234,0.9993269716449202,1.0000925087373946
-0.09,1.0303744675515727,17.45,-0.3346142254170236,-0.008674000486312424,0.9993332371460928,1.000091646850549
-0.09,1.0303744675515727,17.5,-0.33374870427851366,-0.00863646017126724,0.9993394273689548,1.000090795283852
-0.09,1.0303744675515727,17.55,-0.3328869265814427,-0.008599132166924428,0.999345543437365,1.0000899538875154
-0.09,1.0303744675515727,17.6,-0.33202887116607416,-0.008562015030359384,0.9993515864552468,1.0000891225142812
-0.09,1.0303744675515727,17.650000000000002,-0.33117451701639555,-0.008525107327024052,0.9993575575069907,1.0000883010193733
-0.09,1.0303744675515727,17.7,-0.3303238432592868,-0.008488407630797093,0.999363457657854,1.0000874892604514
-0.09,1.0303744675515727,17.75,-0.32947682916368193,-0.008451914524029557,0.9993692879543488,1.0000866870975635
-0.09,1.0303744675515727,17.8,-0.32863345413972894,-0.00841562659758624,0.9993750494246195,1.0000858943931008
-0.09,1.0303744675515727,17.85,-0.3277936977379443,-0.00837954245088282,0.9993807430788159,1.000085111011754
-0.09,1.0303744675515727,17.900000000000002,-0.3269575396483653,-0.008343660691918999,0.9993863699094514,1.0000843368204668
-0.09,1.0303744675515727,17.95,-0.32612495969969874,-0.008307979937307843,0.9993919308917615,1.0000835716883967
-0.09,1.0303744675515727,18.0,-0.32529593785846816,-0.008272498812301307,0.9993974269840469,1.000082815486873
-0.09,1.0303744675515727,18.05,-0.3244704542281579,-0.008237215950812303,0.9994028591280117,1.0000820680893514
-0.09,1.0303744675515727,18.1,-0.3236484890483554,-0.008202129995433268,0.9994082282490955,1.0000813293713822
-0.09,1.0303744675515727,18.150000000000002,-0.3228300226938925,-0.008167239597451508,0.9994135352567947,1.0000805992105612
-0.09,1.0303744675515727,18.2,-0.3220150356739844,-0.008132543416861314,0.9994187810449802,1.0000798774865012
-0.09,1.0303744675515727,18.25,-0.3212035086313684,-0.008098040122373085,0.9994239664922052,1.0000791640807853
-0.09,1.0303744675515727,18.3,-0.3203954223414418,-0.008063728391419557,0.9994290924620077,1.0000784588769387
-0.09,1.0303744675515727,18.35,-0.3195907577113978,-0.008029606910159191,0.9994341598032062,1.0000777617603849
-0.09,1.0303744675515727,18.400000000000002,-0.31878949577936344,-0.00799567437347692,0.9994391693501875,1.0000770726184172
-0.09,1.0303744675515727,18.45,-0.31799161771353557,-0.007961929484982293,0.9994441219231907,1.0000763913401598
-0.09,1.0303744675515727,18.5,-0.31719710481131747,-0.007928370957005158,0.9994490183285809,1.0000757178165331
-0.09,1.0303744675515727,18.55,-0.31640593849845555,-0.007894997510589016,0.9994538593591225,1.0000750519402268
-0.09,1.0303744675515727,18.6,-0.315618100328178,-0.00786180787548206,0.9994586457942423,1.0000743936056602
-0.09,1.0303744675515727,18.650000000000002,-0.3148335719803315,-0.007828800790126074,0.9994633784002851,1.0000737427089552
-0.09,1.0303744675515727,18.7,-0.3140523352605216,-0.007795975001643248,0.9994680579307719,1.0000730991479017
-0.09,1.0303744675515727,18.75,-0.31327437209925224,-0.007763329265820971,0.9994726851266431,1.0000724628219315
-0.09,1.0303744675515727,18.8,-0.3124996645510674,-0.0077308623470948015,0.9994772607165023,1.0000718336320846
-0.09,1.0303744675515727,18.85,-0.311728194793694,-0.00769857301852948,0.999481785416851,1.00007121148098
-0.09,1.0303744675515727,18.900000000000002,-0.3109599451271867,-0.007666460061798392,0.9994862599323254,1.0000705962727903
-0.09,1.0303744675515727,18.95,-0.31019489797307354,-0.007634522267161144,0.9994906849559148,1.000069987913211
-0.09,1.0303744675515727,19.0,-0.30943303587350474,-0.007602758433439728,0.9994950611691918,1.0000693863094312
-0.09,1.0303744675515727,19.05,-0.30867434149040246,-0.0075711673679930815,0.9994993892425228,1.0000687913701127
-0.09,1.0303744675515727,19.1,-0.3079187976046132,-0.007539747886690227,0.999503669835285,1.0000682030053574
-0.09,1.0303744675515727,19.150000000000002,-0.30716638711506317,-0.007508498813881993,0.9995079035960714,1.000067621126684
-0.09,1.0303744675515727,19.200000000000003,-0.30641709303791476,-0.007477418982371493,0.999512091162895,1.0000670456470035
-0.09,1.0303744675515727,19.25,-0.30567089850572615,-0.007446507233383255,0.9995162331633886,1.000066476480592
-0.09,1.0303744675515727,19.3,-0.3049277867666144,-0.007415762416531219,0.9995203302149986,1.0000659135430676
-0.09,1.0303744675515727,19.35,-0.30418774118342057,-0.007385183389785619,0.9995243829251761,1.0000653567513682
-0.09,1.0303744675515727,19.400000000000002,-0.3034507452328777,-0.007354769019438692,0.9995283918915645,1.000064806023724
-0.09,1.0303744675515727,19.450000000000003,-0.3027167825047822,-0.007324518180069461,0.9995323577021806,1.0000642612796387
-0.09,1.0303744675515727,19.5,-0.3019858367011686,-0.007294429754507498,0.9995362809355954,1.0000637224398654
-0.09,1.0303744675515727,19.55,-0.3012578916354863,-0.007264502633795748,0.9995401621611083,1.0000631894263816
-0.09,1.0303744675515727,19.6,-0.3005329312317821,-0.007234735717152536,0.9995440019389176,1.0000626621623738
-0.09,1.0303744675515727,19.650000000000002,-0.29981093952388294,-0.0072051279119326895,0.999547800820291,1.0000621405722108
-0.09,1.0303744675515727,19.700000000000003,-0.2990919006545856,-0.00717567813358791,0.9995515593477287,1.0000616245814253
-0.09,1.0303744675515727,19.75,-0.298375798874847,-0.007146385305626402,0.9995552780551232,1.0000611141166944
-0.09,1.0303744675515727,19.8,-0.29766261854298065,-0.007117248359571807,0.9995589574679206,1.0000606091058164
-0.09,1.0303744675515727,19.85,-0.29695234412385463,-0.007088266234921475,0.9995625981032694,1.0000601094776946
-0.09,1.0303744675515727,19.900000000000002,-0.2962449601880962,-0.0070594378791041384,0.9995662004701784,1.0000596151623165
-0.09,1.0303744675515727,19.950000000000003,-0.2955404514112972,-0.007030762247436985,0.9995697650696599,1.0000591260907354
-0.09,1.0303744675515727,20.0,-0.29483880257322637,-0.007002238303082232,0.9995732923948775,1.0000586421950515
-0.09,1.0303744675515727,20.1,-0.29344402434851863,-0.006945641367919486,0.9995802371567737,1.0000576896649023
-0.09,1.0303744675515727,20.28615468146082,-0.290877478636785,-0.006841860813980905,0.9995927861147453,1.0000559691374618
-0.09,1.0303744675515727,20.47403342090323,-0.2883259564776684,-0.006739155805860002,0.999604971268461,1.0000542993721986
-0.09,1.0303744675515727,20.663652185564246,-0.28578954924499095,-0.0066375221602152,0.9996168033395989,1.0000526788973672
-0.09,1.0303744675515727,20.855027090560313,-0.2832683466067333,-0.006536955459658473,0.9996282927246645,1.0000511062815538
-0.09,1.0303744675515727,21.04817440025684,-0.28076243656600397,-0.006437451066972679,0.9996394495046663,1.000049580132713
-0.09,1.0303744675515727,21.243110529650455,-0.2782719054995302,-0.006339004138811241,0.9996502834545336,1.0000480990972143
-0.09,1.0303744675515727,21.439852045764102,-0.27579683819381023,-0.006241609638893973,0.9996608040522708,1.0000466618589106
-0.09,1.0303744675515727,21.638415669054964,-0.27333731787908844,-0.00614526235071302,0.9996710204878754,1.0000452671382203
-0.09,1.0303744675515727,21.83881827483555,-0.2708934262613115,-0.006049956889762806,0.9996809416720035,1.0000439136912243
-0.09,1.0303744675515727,22.04107689470784,-0.26846524355224016,-0.0059556877153078384,0.9996905762443994,1.0000426003087854
-0.09,1.0303744675515727,22.245208718010712,-0.266052848497873,-0.005862449141701991,0.999699932582097,1.0000413258156788
-0.09,1.0303744675515727,22.4512310932809,-0.26365631840533443,-0.005770235349272494,0.999709018807386,1.0000400890697407
-0.09,1.0303744675515727,22.659161529727328,-0.26127572916836056,-0.0056790403947815,0.999717842795563,1.0000388889610359
-0.09,1.0303744675515727,22.86901769871915,-0.25891115529149117,-0.0055888582214774435,0.9997264121824592,1.0000377244110374
-0.09,1.0303744675515727,23.080817435287667,-0.25656266991305215,-0.005499682668747812,0.9997347343717606,1.0000365943718248
-0.09,1.0303744675515727,23.294578739641963,-0.2542303448269854,-0.005411507481384468,0.9997428165421196,1.000035497825301
-0.09,1.0303744675515727,23.510319778698783,-0.25191425050354693,-0.005324326318471649,0.9997506656540628,1.0000344337824187
-0.09,1.0303744675515727,23.72805888762644,-0.24961445610887084,-0.00523813276190646,0.9997582884567032,1.0000334012824281
-0.09,1.0303744675515727,23.947814571403043,-0.24733102952336206,-0.005152920324560823,0.999765691494258,1.0000323993921407
-0.09,1.0303744675515727,24.169605506389228,-0.24506403735885843,-0.005068682458093235,0.999772881112381,1.0000314272052038
-0.09,1.0303744675515727,24.39345054191539,-0.2428135449744743,-0.00498541256041826,0.9997798634643104,1.0000304838413947
-0.09,1.0303744675515727,24.619368701883577,-0.2405796164910275,-0.004903103982841207,0.9997866445168345,1.0000295684459293
-0.09,1.0303744675515727,24.847379186384366,-0.23836231480392628,-0.004821750036864927,0.9997932300560908,1.0000286801887848
-0.09,1.0303744675515727,25.077501373328523,-0.2361617015943989,-0.0047413440006756295,0.9997996256931865,1.000027818264036
-0.09,1.0303744675515727,25.30975482009396,-0.23397783733893385,-0.004661879125314318,0.99980583686966,1.0000269818892142
-0.09,1.0303744675515727,25.544159265187808,-0.231810781316809,-0.004583348640540325,0.9998118688627756,1.0000261703046662
-0.09,1.0303744675515727,25.780734629923902,-0.22966059161559896,-0.004505745760393621,0.9998177267906666,1.0000253827729424
-0.09,1.0303744675515727,26.019501020115914,-0.2275273251345564,-0.004429063688462489,0.9998234156173182,1.0000246185781914
-0.09,1.0303744675515727,26.260478727786037,-0.2254110375857915,-0.00435329562286351,0.9998289401574088,1.000023877025567
-0.09,1.0303744675515727,26.503688232889502,-0.22331178349318814,-0.004278434760940909,0.9998343050809979,1.000023157440655
-0.09,1.0303744675515727,26.74915020505521,-0.22122961618902573,-0.004204474303692615,0.9998395149180809,1.0000224591689104
-0.09,1.0303744675515727,26.99688550534226,-0.21916458780830053,-0.004131407459930762,0.9998445740629949,1.0000217815751047
-0.09,1.0303744675515727,27.246915188012967,-0.21711674928076447,-0.004059227450184495,0.9998494867787036,1.0000211240427919
-0.09,1.0303744675515727,27.499260502322162,-0.21508615032073564,-0.003987927510353404,0.9998542572009402,1.0000204859737847
-0.09,1.0303744675515727,27.753942894323053,-0.21307283941474775,-0.003917500895120005,0.9998588893422296,1.0000198667876432
-0.09,1.0303744675515727,28.010984008689945,-0.21107686380713905,-0.0038479408811299093,0.9998633870957828,1.0000192659211768
-0.09,1.0303744675515727,28.270405690557713,-0.20909826948369725,-0.003779240769948541,0.9998677542392773,1.0000186828279578
-0.09,1.0303744675515727,28.532229987378305,-0.20713710115349282,-0.0037113938908032613,0.9998719944385107,1.0000181169778473
-0.09,1.0303744675515727,28.79647915079459,-0.2051934022290461,-0.0036443936031196533,0.9998761112509519,1.0000175678565328
-0.09,1.0303744675515727,29.063175638531384,-0.2032672148049816,-0.0035782332988607865,0.9998801081291707,1.0000170349650788
-0.09,1.0303744675515727,29.332342116304055,-0.20135857963532455,-0.0035129064046780507,0.9998839884241695,1.0000165178194838
-0.09,1.0303744675515727,29.604001459744886,-0.1994675361095935,-0.003448406383881698,0.9998877553886044,1.0000160159502578
-0.09,1.0303744675515727,29.8781767563471,-0.19759412222783618,-0.003384726738239226,0.9998914121799071,1.000015528902
-0.09,1.0303744675515727,30.154891307427096,-0.19573837457474583,-0.003321861009609018,0.999894961863307,1.0000150562329966
-0.09,1.0303744675515727,30.43416863010471,-0.19390032829298176,-0.00325980278141647,0.9998984074147605,1.0000145975148216
-0.09,1.0303744675515727,30.716032459301825,-0.19208001705579997,-0.0031985456799790563,0.9999017517237841,1.0000141523319532
-0.09,1.0303744675515727,31.00050674975963,-0.19027747303908107,-0.003138083375686505,0.9999049975961978,1.000013720281397
-0.09,1.0303744675515727,31.287615678074335,-0.18849272689282656,-0.0030784095840416708,0.9999081477567849,1.0000133009723222
-0.09,1.0303744675515727,31.577383644751972,-0.18672580771216463,-0.003019518066566946,0.9999112048518585,1.0000128940257045
-0.09,1.0303744675515727,31.869835276282085,-0.18497674300789652,-0.0029614026315808646,0.9999141714517559,1.0000124990739796
-0.09,1.0303744675515727,32.16499542723059,-0.18324555867658937,-0.0029040571348488385,0.9999170500532445,1.0000121157607076
-0.09,1.0303744675515727,32.462889182352235,-0.18153227897020138,-0.0028474754801115507,0.9999198430818527,1.000011743740243
-0.09,1.0303744675515727,32.763541858722334,-0.17983692646521762,-0.0027916516194942593,0.9999225528941278,1.0000113826774157
-0.09,1.0303744675515727,33.06697900788844,-0.17815952203125324,-0.002736579553799766,0.9999251817798184,1.0000110322472233
-0.09,1.0303744675515727,33.373226418041924,-0.17650008479907775,-0.002682253332687735,0.9999277319639835,1.0000106921345246
-0.09,1.0303744675515727,33.68231011620963,-0.1748586321280047,-0.00262866705474262,0.9999302056090389,1.00001036203375
-0.09,1.0303744675515727,33.99425637046573,-0.17323517957259163,-0.0025758148674326475,0.9999326048167301,1.0000100416486113
-0.09,1.0303744675515727,34.30909169216431,-0.17162974084859262,-0.00252369096696194,0.9999349316300471,1.0000097306918285
-0.09,1.0303744675515727,34.62684283819243,-0.17004232779811562,-0.0024722895980180994,0.99993718803507,1.000009428884857
-0.09,1.0303744675515727,34.94753681324406,-0.16847295035394172,-0.002421605053417638,0.999939375962756,1.0000091359576246
-0.09,1.0303744675515727,35.2712008721152,-0.16692161650297532,-0.0023716316736516105,0.9999414972906696,1.000008851648277
-0.09,1.0303744675515727,35.597862522020144,-0.16538833224881033,-0.0023223638463342553,0.9999435538446526,1.00000857570293
-0.09,1.0303744675515727,35.927549524929255,-0.1638731015734092,-0.0022737960055573985,0.9999455474004394,1.000008307875427
-0.09,1.0303744675515727,36.26028989992831,-0.16237592639791606,-0.002225922631153859,0.9999474796852176,1.0000080479271043
-0.09,1.0303744675515727,36.59611192559986,-0.16089680654263483,-0.002178738247873138,0.999949352379139,1.0000077956265672
-0.09,1.0303744675515727,36.93504414242648,-0.15943573968622976,-0.0021322374244731016,0.9999511671167743,1.000007550749462
-0.09,1.0303744675515727,37.27711535521626,-0.15799272132422157,-0.002086414772731543,0.999952925488526,1.000007313078267
-0.09,1.0303744675515727,37.62235463555102,-0.1565677447268681,-0.0020412649463816958,0.9999546290419871,1.0000070824020797
-0.09,1.0303744675515727,37.97079132425686,-0.15516080089653903,-0.001996782639976121,0.9999562792832575,1.0000068585164161
-0.09,1.0303744675515727,38.32245503389777,-0.15377187852470675,-0.0019529625876833782,0.9999578776782136,1.0000066412230122
-0.09,1.0303744675515727,38.67737565129239,-0.15240096394868782,-0.0019097995620221786,0.9999594256537375,1.0000064303296334
-0.09,1.0303744675515727,39.03558334005395,-0.15104804110828152,-0.0018672883725377137,0.9999609245988996,1.000006225649889
-0.09,1.0303744675515727,39.3971085431537,-0.149713091502459,-0.0018254238644249401,0.9999623758661047,1.0000060270030506
-0.09,1.0303744675515727,39.761981985508335,-0.14839609414626057,-0.0017842009171035304,0.9999637807721958,1.000005834213877
-0.09,1.0303744675515727,40.1302346765911,-0.147097025528063,-0.0017436144427492451,0.9999651405995219,1.0000056471124454
-0.09,1.0303744675515727,40.50189791306716,-0.1458158595673768,-0.0017036593847862592,0.9999664565969698,1.0000054655339858
-0.09,1.0303744675515727,40.87700328145351,-0.14455256757333107,-0.001664330716344973,0.9999677299809534,1.0000052893187206
-0.09,1.0303744675515727,41.25558266080338,-0.1433071182039974,-0.001625623438689477,0.9999689619363787,1.0000051183117078
-0.09,1.0303744675515727,41.63766822541544,-0.14207947742669955,-0.0015875325796189039,0.9999701536175682,1.0000049523626928
-0.09,1.0303744675515727,42.02329244756837,-0.14086960847944166,-0.001550053191846308,0.9999713061491541,1.0000047913259604
-0.09,1.0303744675515727,42.41248810028041,-0.1396774718335834,-0.0015131803513588834,0.9999724206269418,1.0000046350601937
-0.09,1.0303744675515727,42.80528826009479,-0.1385030251578733,-0.0014769091557627094,0.9999734981187423,1.0000044834283337
-0.09,1.0303744675515727,43.20172630989064,-0.13734622328394303,-0.001441234722615226,0.9999745396651764,1.0000043362974498
-0.09,1.0303744675515727,43.60183594172025,-0.13620701817335126,-0.0014061521877482453,0.9999755462804479,1.0000041935386073
-0.09,1.0303744675515727,44.00565115967241,-0.13508535888625492,-0.0013716567035841679,0.9999765189530948,1.000004055026742
-0.09,1.0303744675515727,44.413206282762204,-0.13398119155177282,-0.0013377434374478364,0.9999774586467051,1.0000039206405387
-0.09,1.0303744675515727,44.824535947847835,-0.13289445934009653,-0.0013044075698762435,0.9999783663006193,1.0000037902623138
-0.09,1.0303744675515727,45.23967511257426,-0.1318251024363932,-0.0012716442929282545,0.999979242830597,1.0000036637778993
-0.09,1.0303744675515727,45.65865905834403,-0.13077305801653885,-0.001239448808496338,0.9999800891294659,1.0000035410765316
-0.09,1.0303744675515727,46.081523393315884,-0.12973826022471077,-0.0012078163266222082,0.9999809060677476,1.000003422050745
-0.09,1.0303744675515727,46.50830405543093,-0.12872064015286577,-0.0011767420638183,0.9999816944942589,1.0000033065962657
-0.09,1.0303744675515727,46.93903731546684,-0.12772012582212627,-0.001146221241397003,0.9999824552366916,1.0000031946119117
-0.09,1.0303744675515727,47.37375978012049,-0.1267366421660945,-0.0011162490838095502,0.9999831891021771,1.000003085999494
-0.09,1.0303744675515727,47.81250839511901,-0.12577011101611843,-0.0010868208169966618,0.999983896877823,1.0000029806637214
-0.09,1.0303744675515727,48.25532044835962,-0.12482045108852938,-0.0010579316667530122,0.999984579331236,1.000002878512108
-0.09,1.0303744675515727,48.70223357307873,-0.12388757797388222,-0.0010295768571078777,0.9999852372110248,1.0000027794548851
-0.09,1.0303744675515727,49.15328575105025,-0.12297140412822553,-0.0010017516087243287,0.9999858712472859,1.0000026834049125
-0.09,1.0303744675515727,49.608515315813406,-0.12207183886644367,-0.0009744511373196857,0.9999864821520698,1.000002590277596
-0.09,1.0303744675515727,50.067960955930815,-0.1211887883577104,-0.0009476706521099626,0.9999870706198336,1.0000024999908057
-0.09,1.0303744675515727,50.5316617182763,-0.12032215562310992,-0.0009214053542813911,0.9999876373278771,1.000002412464798
-0.09,1.0303744675515727,50.99965701135351,-0.11947184053548082,-0.0008956504354922083,0.9999881829367592,1.0000023276221353
-0.09,1.0303744675515727,51.47198660864504,-0.11863773982155174,-0.0008704010764081389,0.9999887080907077,1.0000022453876185
-0.09,1.0303744675515727,51.9486906519927,-0.11781974706644176,-0.0008456524452751657,0.9999892134180086,1.0000021656882103
-0.09,1.0303744675515727,52.429809655009066,-0.11701775272060655,-0.0008213996965333438,0.9999896995313825,1.0000020884529686
-0.09,1.0303744675515727,52.91538450652049,-0.11623164410931697,-0.0007976379694756063,0.99999016702835,1.0000020136129764
-0.09,1.0303744675515727,53.40545647404229,-0.11546130544476266,-0.0007743623869555604,0.999990616491583,1.00000194110128
-0.09,1.0303744675515727,53.90006720728585,-0.11470661784087523,-0.0007515680541484102,0.9999910484892458,1.0000018708528235
-0.09,1.0303744675515727,54.39925874169825,-0.11396745933097141,-0.0007292500573692372,0.999991463575321,1.0000018028043907
-0.09,1.0303744675515727,54.90307350203484,-0.11324370488831391,-0.0007074034629527781,0.9999918622899284,1.000001736894543
-0.09,1.0303744675515727,55.41155430596479,-0.1125352264496911,-0.0006860233161990045,0.9999922451596315,1.0000016730635644
-0.09,1.0303744675515727,55.924744367709856,-0.1118418929421125,-0.0006651046403886088,0.9999926126977323,1.0000016112534054
-0.09,1.0303744675515727,56.442687301717264,-0.11116357031271337,-0.0006446424358725131,0.9999929654045596,1.0000015514076297
-0.09,1.0303744675515727,56.96542712636624,-0.11050012156195838,-0.0006246316792393944,0.9999933037677474,1.0000014934713648
-0.09,1.0303744675515727,57.493008267708944,-0.10985140678022726,-0.000605067322565078,0.9999936282625004,1.0000014373912474
-0.09,1.0303744675515727,58.02547556324627,-0.1092172831878554,-0.0005859442927474305,0.999993939351857,1.0000013831153798
-0.09,1.0303744675515727,58.562874265738245,-0.1085976051786969,-0.000567257490930265,0.999994237486941,1.000001330593281
-0.09,1.0303744675515727,59.10525004705015,-0.10799222436726268,-0.0005490017920194802,0.9999945231072072,1.0000012797758417
-0.09,1.0303744675515727,59.65264900203377,-0.10740098963947911,-0.000531172044294433,0.999994796640677,1.000001230615283
-0.09,1.0303744675515727,60.2051176524451,-0.10682374720709709,-0.0005137630691172773,0.9999950585041713,1.00000118306511
-0.09,1.0303744675515727,60.76270295089797,-0.10626034066577002,-0.0004967696607427171,0.9999953091035323,1.0000011370800759
-0.09,1.0303744675515727,61.325452284854336,-0.10571061105680529,-0.0004801865862303262,0.9999955488338466,1.0000010926161413
-0.09,1.0303744675515727,61.89341348065174,-0.10517439693258002,-0.0004640085854612825,0.9999957780796512,1.0000010496304346
-0.09,1.0303744675515727,62.466634807567864,-0.10465153442559756,-0.00044823037126108485,0.9999959972151453,1.0000010080812172
-0.09,1.0303744675515727,63.0451649819227,-0.1041418573211482,-0.00043284662962946377,0.9999962066043901,1.0000009679278496
-0.09,1.0303744675515727,63.629053171218956,-0.10364519713352155,-0.0004178520200784194,0.9999964066015051,1.0000009291307546
-0.09,1.0303744675515727,64.21834899832058,-0.10316138318570808,-0.0004032411760790404,0.9999965975508641,1.0000008916513876
-0.09,1.0303744675515727,64.81310254566993,-0.10269024269251054,-0.0003890087056173643,0.9999967797872787,1.0000008554522026
-0.09,1.0303744675515727,65.4133643595444,-0.10223160084697543,-0.00037514919185936354,0.9999969536361839,1.000000820496624
-0.09,1.0303744675515727,66.01918545435197,-0.10178528091004369,-0.00036165719392477645,0.9999971194138203,1.0000007867490146
-0.09,1.0303744675515727,66.63061731696679,-0.10135110430330672,-0.0003485272477692078,0.9999972774274082,1.0000007541746512
-0.09,1.0303744675515727,67.24771191110499,-0.10092889070474445,-0.00033575386717374985,0.9999974279753239,1.0000007227396945
-0.09,1.0303744675515727,67.87052168174088,-0.10051845814731321,-0.00032333154484101394,0.9999975713472665,1.0000006924111648
-0.09,1.0303744675515727,68.49909955956402,-0.10011962312024225,-0.0003112547535962499,0.999997707824428,1.0000006631569158
-0.09,1.0303744675515727,69.13349896547759,-0.09973220067288965,-0.00029951794769200073,0.9999978376796576,1.0000006349456099
-0.09,1.0303744675515727,69.77377381513884,-0.0993560045210016,-0.0002881155642145138,0.999997961177623,1.0000006077466983
-0.09,1.0303744675515727,70.41997852354069,-0.09899084715521461,-0.00027704202458978796,0.9999980785749709,1.0000005815303936
-0.09,1.0303744675515727,71.0721680096366,-0.09863653995163094,-0.00026629173618717756,0.9999981901204851,1.0000005562676528
-0.09,1.0303744675515727,71.73039770100793,-0.09829289328429874,-0.00025585909401789004,0.9999982960552413,1.000000531930155
-0.09,1.0303744675515727,72.39472353857458,-0.09795971663941946,-0.0002457384825258559,0.9999983966127606,1.000000508490281
-0.09,1.0303744675515727,73.06520198134909,-0.097636818731104,-0.00023592427746799982,0.9999984920191634,1.000000485921094
-0.09,1.0303744675515727,73.74189001123509,-0.09732400761849806,-0.0002264108478808567,0.9999985824933176,1.0000004641963236
-0.09,1.0303744675515727,74.42484513786997,-0.09702109082409106,-0.00021719255813021794,0.999998668246988,1.0000004432903455
-0.09,1.0303744675515727,75.11412540351232,-0.09672787545302565,-0.00020826377004031177,0.9999987494849852,1.0000004231781667
-0.09,1.0303744675515727,75.80978938797494,-0.09644416831321984,-0.00019961884509879965,0.9999988264053078,1.0000004038354082
-0.09,1.0303744675515727,76.51189621360336,-0.09616977603611551,-0.00019125214673369406,0.999998899199292,1.0000003852382897
-0.09,1.0303744675515727,77.22050555030022,-0.09590450519786425,-0.00018315804265805075,0.9999989680517508,1.000000367363614
-0.09,1.0303744675515727,77.93567762059672,-0.0956481624407632,-0.00017533090727813643,0.9999990331411194,1.0000003501887549
-0.09,1.0303744675515727,78.65747320477065,-0.09540055459474968,-0.00016776512416050567,0.9999990946395928,1.0000003336916403
-0.09,1.0303744675515727,79.38595364601184,-0.09516148879876786,-0.00016045508855329284,0.9999991527132719,1.0000003178507424
-0.09,1.0303744675515727,80.12118085563553,-0.09493077262181648,-0.00015339520995672458,0.9999992075222967,1.0000003026450612
-0.09,1.0303744675515727,80.86321731834431,-0.09470821418348863,-0.00014657991473776498,0.9999992592209869,1.0000002880541177
-0.09,1.0303744675515727,81.61212609753805,-0.09449362227381516,-0.0001400036487834897,0.9999993079579802,1.0000002740579352
-0.09,1.0303744675515727,82.36797084067375,-0.09428680647222203,-0.00013366088018772643,0.9999993538763671,1.0000002606370353
-0.09,1.0303744675515727,83.13081578467474,-0.09408757726541404,-0.00012754610196517643,0.9999993971138258,1.0000002477724206
-0.09,1.0303744675515727,83.90072576138992,-0.09389574616399617,-0.00012165383478718376,0.9999994378027582,1.0000002354455713
-0.09,1.0303744675515727,84.67776620310352,-0.09371112581764629,-0.00011597862973304179,0.9999994760704225,1.000000223638428
-0.09,1.0303744675515727,85.46200314809617,-0.09353353012865286,-0.00011051507105069488,0.9999995120390647,1.0000002123333884
-0.09,1.0303744675515727,86.25350324625728,-0.09336277436363279,-0.00010525777892041616,0.9999995458260525,1.0000002015132936
-0.09,1.0303744675515727,87.05233376474918,-0.0931986752632461,-0.00010020141221507572,0.9999995775440024,1.0000001911614227
-0.09,1.0303744675515727,87.85856259372419,-0.09304105114972651,-9.534067125037876e-05,0.9999996073009121,1.0000001812614816
-0.09,1.0303744675515727,88.67225825209441,-0.0928897220320481,-9.067030051848134e-05,0.9999996352002868,1.0000001717975957
-0.09,1.0303744675515727,89.49348989335462,-0.09274450970855287,-8.618509139826435e-05,0.9999996613412668,1.0000001627543038
-0.09,1.0303744675515727,90.32232731145982,-0.0926052378668645,-8.187988483554577e-05,0.999999685818755,1.0000001541165462
-0.09,1.0303744675515727,91.15884094675663,-0.0924717321809207,-7.774957398652979e-05,0.9999997087235386,1.0000001458696623
-0.09,1.0303744675515727,92.0031018919696,-0.09234382040495756,-7.378910681775017e-05,0.9999997301424164,1.0000001379993801
-0.09,1.0303744675515727,92.85518189824359,-0.09222133246428647,-6.999348865589971e-05,0.9999997501583174,1.0000001304918098
-0.09,1.0303744675515727,93.71515338124135,-0.09210410054270843,-6.63577846809449e-05,0.9999997688504241,1.0000001233334375
-0.09,1.0303744675515727,94.58308942729796,-0.09199195916641725,-6.287712235609234e-05,0.999999786294291,1.000000116511119
-0.09,1.0303744675515727,95.45906379963219,-0.09188474528424986,-5.954669378827864e-05,0.999999802561962,1.0000001100120721
-0.09,1.0303744675515727,96.34315094461576,-0.09178229834414835,-5.636175801304502e-05,0.9999998177220883,1.000000103823872
-0.09,1.0303744675515727,97.23542599809973,-0.09168446036570838,-5.331764319786778e-05,0.9999998318400407,1.0000000979344423
-0.09,1.0303744675515727,98.13596479180039,-0.0915910760086955,-5.040974875821538e-05,0.9999998449780261,1.0000000923320527
-0.09,1.0303744675515727,99.04484385974408,-0.09150199263742043,-4.76335473809071e-05,0.9999998571951951,1.0000000870053114
-0.09,1.0303744675515727,99.96214044477135,-0.09141706038087542,-4.498458694959168e-05,0.9999998685477548,1.0000000819431576
-0.09,1.0303744675515727,100.88793250510167,-0.09133613218854313,-4.245849236752222e-05,0.9999998790890743,1.000000077134858
-0.09,1.0303744675515727,101.82229872095873,-0.09125906388180029,-4.0050967273096815e-05,0.9999998888697924,1.0000000725700016
-0.09,1.0303744675515727,102.76531850125772,-0.09118571420085132,-3.775779564402994e-05,0.9999998979379193,1.0000000682384913
-0.09,1.0303744675515727,103.71707199035326,-0.09111594484713675,-3.5574843286379943e-05,0.9999999063389414,1.0000000641305398
-0.09,1.0303744675515727,104.67764007485148,-0.09104962052117556,-3.349805920508455e-05,0.9999999141159183,1.000000060236667
-0.09,1.0303744675515727,105.64710439048359,-0.09098660895581188,-3.152347685301752e-05,0.9999999213095823,1.0000000565476892
-0.09,1.0303744675515727,106.62554732904427,-0.09092678094484936,-2.9647215256077458e-05,0.9999999279584335,1.0000000530547175
-0.09,1.0303744675515727,107.61305204539366,-0.09087001036706972,-2.7865480012205933e-05,0.9999999340988336,1.0000000497491504
-0.09,1.0303744675515727,108.60970246452491,-0.09081617420564529,-2.6174564162705725e-05,0.9999999397650968,1.0000000466226702
-0.09,1.0303744675515727,109.61558328869602,-0.09076515256296697,-2.457084893467051e-05,0.999999944989578,1.0000000436672365
-0.09,1.0303744675515727,110.63078000462876,-0.09071682867092401,-2.305080435380113e-05,0.9999999498027623,1.0000000408750798
-0.09,1.0303744675515727,111.65537889077429,-0.09067108889668297,-2.1610989727345305e-05,0.9999999542333452,1.000000038238699
-0.09,1.0303744675515727,112.68946702464496,-0.09062782274402711,-2.0248053997312708e-05,0.9999999583083198,1.0000000357508543
-0.09,1.0303744675515727,113.73313229021528,-0.09058692285032856,-1.8958735964626227e-05,0.9999999620530509,1.00000003340456
-0.09,1.0303744675515727,114.78646338539066,-0.09054828497923942,-1.7739864385243037e-05,0.9999999654913575,1.000000031193083
-0.09,1.0303744675515727,115.84954982954602,-0.09051180800919692,-1.6588357939765004e-05,0.9999999686455847,1.0000000291099351
-0.09,1.0303744675515727,116.92248197113297,-0.09047739391785141,-1.5501225078422906e-05,0.999999971536677,1.0000000271488672
-0.09,1.0303744675515727,118.00535099535914,-0.09044494776253427,-1.4475563743752776e-05,0.9999999741842502,1.000000025303865
-0.09,1.0303744675515727,119.09824893193696,-0.09041437765689449,-1.3508560973655366e-05,0.9999999766066574,1.0000000235691442
-0.09,1.0303744675515727,120.2012686629055,-0.09038559474384086,-1.2597492387881402e-05,0.9999999788210555,1.0000000219391427
-0.09,1.0303744675515727,121.31450393052383,-0.09035851316493472,-1.1739721561349882e-05,0.9999999808434675,1.0000000204085187
-0.09,1.0303744675515727,122.43804934523853,-0.09033305002638871,-1.093269928800333e-05,0.9999999826888466,1.0000000189721407
-0.09,1.0303744675515727,123.5720003937234,-0.09030912536182989,-1.0173962739214675e-05,0.9999999843711304,1.0000000176250878
-0.09,1.0303744675515727,124.7164534469956,-0.09028666209199591,-9.46113452103315e-06,0.9999999859033003,1.00000001636264
-0.09,1.0303744675515727,125.87150576860506,-0.09026558598153554,-8.791921634787042e-06,0.9999999872974353,1.0000000151802726
-0.09,1.0303744675515727,127.03725552290106,-0.09024582559309101,-8.164114345801347e-06,0.9999999885647641,1.0000000140736556
-0.09,1.0303744675515727,128.21380178337475,-0.09022731223884264,-7.5755849651668896e-06,0.9999999897157117,1.0000000130386415
-0.09,1.0303744675515727,129.40124454107954,-0.09020997992969959,-7.0242865496526686e-06,0.9999999907599527,1.0000000120712669
-0.09,1.0303744675515727,130.59968471312828,-0.09019376532232289,-6.508251525047402e-06,0.9999999917064517,1.0000000111677423
-0.09,1.0303744675515727,131.8092241512703,-0.09017860766416658,-6.025590238214789e-06,0.9999999925635097,1.000000010324449
-0.09,1.0303744675515727,133.02996565054787,-0.09016444873672703,-5.574489443375055e-06,0.9999999933388045,1.0000000095379327
-0.09,1.0303744675515727,134.26201295803162,-0.09015123279718504,-5.153210728052272e-06,0.9999999940394303,1.0000000088049
-0.09,1.0303744675515727,135.5054707816382,-0.09013890651862928,-4.760088884253885e-06,0.9999999946719351,1.000000008122212
-0.09,1.0303744675515727,136.76044479902887,-0.09012741892904408,-4.393530230387361e-06,0.9999999952423569,1.0000000074868791
-0.09,1.0303744675515727,138.02704166659132,-0.09011672134924491,-4.0520108894379155e-06,0.9999999957562573,1.0000000068960566
-0.09,1.0303744675515727,139.30536902850287,-0.0901067673299392,-3.7340750289002804e-06,0.9999999962187524,1.00000000634704
-0.09,1.0303744675515727,140.5955355258802,-0.09009751258808901,-3.4383330678537706e-06,0.9999999966345472,1.0000000058372591
-0.09,1.0303744675515727,141.8976508060113,-0.09008891494274522,-3.163459856502164e-06,0.9999999970079586,1.0000000053642728
-0.09,1.0303744675515727,143.21182553167466,-0.09008093425052015,-2.9081928334384434e-06,0.9999999973429468,1.0000000049257671
-0.09,1.0303744675515727,144.53817139054382,-0.09007353234085864,-2.6713301656876398e-06,0.9999999976431397,1.0000000045195472
-0.09,1.0303744675515727,145.87680110468003,-0.09006667295126264,-2.4517288765343756e-06,0.9999999979118578,1.0000000041435337
-0.09,1.0303744675515727,147.22782844011104,-0.09006032166261788,-2.2483029658990206e-06,0.9999999981521347,1.0000000037957604
-0.09,1.0303744675515727,148.59136821650102,-0.09005444583476459,-2.060021527941505e-06,0.9999999983667411,1.0000000034743657
-0.09,1.0303744675515727,149.9675363169076,-0.09004901454244763,-1.885906870322613e-06,0.9999999985582034,1.0000000031775922
-0.09,1.0303744675515727,151.35644969763095,-0.0900439985117738,-1.725032639403842e-06,0.9999999987288225,1.0000000029037797
-0.09,1.0303744675515727,152.75822639815343,-0.09003937005729751,-1.5765219554366505e-06,0.9999999988806926,1.0000000026513625
-0.09,1.0303744675515727,154.17298555117182,-0.09003510301984773,-1.439545561614999e-06,0.9999999990157166,1.0000000024188649
-0.09,1.0303744675515727,155.60084739272125,-0.09003117270520214,-1.313319990613952e-06,0.9999999991356207,1.000000002204897
-0.09,1.0303744675515727,157.0419332723941,-0.09002755582370658,-1.1971057520392073e-06,0.9999999992419708,1.000000002008151
-0.09,1.0303744675515727,158.4963656636536,-0.09002423043092986,-1.0902055439825513e-06,0.9999999993361851,1.0000000018273978
-0.09,1.0303744675515727,159.96426817424148,-0.09002117586943703,-9.919624916490324e-07,0.9999999994195449,1.0000000016614818
-0.09,1.0303744675515727,161.44576555668382,-0.09001837271175614,-9.017584157922873e-07,0.9999999994932092,1.000000001509321
-0.09,1.0303744675515727,162.94098371889282,-0.0900158027046054,-8.190121334710867e-07,0.9999999995582219,1.000000001369898
-0.09,1.0303744675515727,164.4500497348682,-0.09001344871444175,-7.431777934090773e-07,0.9999999996155257,1.0000000012422618
-0.09,1.0303744675515727,165.97309185549548,-0.09001129467438346,-6.737432480174977e-07,0.9999999996659669,1.0000000011255212
-0.09,1.0303744675515727,167.5102395194472,-0.0900093255325516,-6.102284639153673e-07,0.9999999997103082,1.0000000010188441
-0.09,1.0303744675515727,169.06162336418203,-0.09000752720187082,-5.521839725783255e-07,0.9999999997492321,1.000000000921453
-0.09,1.0303744675515727,170.6273752370482,-0.09000588651135985,-4.991893625034236e-07,0.9999999997833527,1.0000000008326209
-0.09,1.0303744675515727,172.20762820648835,-0.09000439115893914,-4.5085181411671744e-07,0.9999999998132187,1.0000000007516716
-0.09,1.0303744675515727,173.80251657334924,-0.09000302966577396,-4.0680467840855315e-07,0.999999999839321,1.0000000006779746
-0.09,1.0303744675515727,175.41217588229446,-0.09000179133216712,-3.667061001115881e-07,0.9999999998620984,1.0000000006109437
-0.09,1.0303744675515727,177.0367429333253,-0.09000066619500965,-3.3023768604635165e-07,0.9999999998819424,1.0000000005500338
-0.09,1.0303744675515727,178.67635579340572,-0.08999964498679143,-2.97103219086652e-07,0.9999999998992014,1.0000000004947387
-0.09,1.0303744675515727,180.33115380819694,-0.08999871909617052,-2.670274180014764e-07,0.9999999999141859,1.0000000004445881
-0.09,1.0303744675515727,182.00127761389967,-0.08999788053009357,-2.397547433394358e-07,0.9999999999271725,1.000000000399148
-0.09,1.0303744675515727,183.68686914920713,-0.08999712187745616,-2.150482492633866e-07,0.9999999999384052,1.0000000003580154
-0.09,1.0303744675515727,185.38807166736675,-0.08999643627428791,-1.9268848120832586e-07,0.9999999999481017,1.0000000003208167
-0.09,1.0303744675515727,187.10502974835543,-0.08999581737044311,-1.7247241903898665e-07,0.9999999999564546,1.0000000002872094
-0.09,1.0303744675515727,188.83788931116757,-0.08999525929777451,-1.5421246527784597e-07,0.9999999999636336,1.0000000002568752
-0.09,1.0303744675515727,190.58679762621514,-0.08999475663976415,-1.377354778638962e-07,0.9999999999697896,1.000000000229522
-0.09,1.0303744675515727,192.35190332784438,-0.08999430440258382,-1.2288184679676795e-07,0.9999999999750556,1.0000000002048803
-0.09,1.0303744675515727,194.13335642696757,-0.08999389798755289,-1.0950461391702323e-07,0.999999999979548,1.000000000182703
-0.09,1.0303744675515727,195.93130832381254,-0.08999353316496113,-9.746863499795926e-08,0.9999999999833704,1.0000000001627614
-0.09,1.0303744675515727,197.74591182078862,-0.08999320604922138,-8.66497832556732e-08,0.9999999999866137,1.0000000001448481
-0.09,1.0303744675515727,199.5773211354742,-0.08999291307531482,-7.693419326389465e-08,0.999999999989357,1.000000000128771
-0.09,1.0303744675515727,201.42569191372198,-0.08999265097649096,-6.821754429534573e-08,0.9999999999916707,1.0000000001143559
-0.09,1.0303744675515727,203.29118124288746,-0.08999241676318279,-6.040438194792948e-08,0.9999999999936158,1.000000000101443
-0.09,1.0303744675515727,205.1739476651793,-0.08999220770309659,-5.3407476951859445e-08,0.9999999999952462,1.0000000000898859
-0.09,1.0303744675515727,207.07415119113296,-0.08999202130243565,-4.714721998611822e-08,0.9999999999966083,1.0000000000795508
-0.09,1.0303744675515727,208.99195331321022,-0.08999185528821653,-4.155105129376945e-08,0.9999999999977441,1.0000000000703175
-0.09,1.0303744675515727,210.92751701952352,-0.0899917075916349,-3.655292388351135e-08,0.9999999999986884,1.0000000000620752
-0.09,1.0303744675515727,212.88100680768738,-0.08999157633244038,-3.2092799064778566e-08,0.9999999999994729,1.000000000054724
-0.09,1.0303744675515727,214.8525886987991,-0.08999145980427757,-2.811617308486407e-08,1.0000000000001241,1.000000000048173
-0.09,1.0303744675515727,216.84243025154836,-0.08999135646095176,-2.4573633585880938e-08,1.0000000000006657,1.0000000000423397
-0.09,1.0303744675515727,218.85070057645706,-0.08999126490357824,-2.142044464472397e-08,1.0000000000011176,1.0000000000371496
-0.09,1.0303744675515727,220.87757035025237,-0.08999118386857374,-1.861615913543495e-08,1.000000000001498,1.0000000000325362
-0.09,1.0303744675515727,222.92321183037146,-0.08999111221645026,-1.6124257169828496e-08,1.0000000000018212,1.000000000028438
-0.09,1.0303744675515727,224.9877988696007,-0.08999104892137169,-1.3911809389628693e-08,1.0000000000021003,1.0000000000248006
-0.09,1.0303744675515727,227.07150693085165,-0.08999099306143436,-1.1949163895719781e-08,1.0000000000023468,1.0000000000215747
-0.09,1.0303744675515727,229.17451310207272,-0.08999094380963331,-1.0209655620231224e-08,1.000000000002569,1.000000000018716
-0.09,1.0303744675515727,231.29699611129922,-0.08999090042547869,-8.669336978372325e-09,1.0000000000027751,1.0000000000161848
-0.09,1.0303744675515727,233.4391363418438,-0.08999086224722469,-7.306728645100142e-09,1.0000000000029723,1.0000000000139457
-0.09,1.0303744675515727,235.60111584762504,-0.08999082868467784,-6.102589358651929e-09,1.000000000003165,1.000000000011967
-0.09,1.0303744675515727,237.78311836864148,-0.08999079921255017,-5.039703650863761e-09,1.0000000000033584,1.0000000000102194
-0.09,1.0303744675515727,239.98532934658564,-0.08999077336432545,-4.102686458264648e-09,1.0000000000035547,1.000000000008679
-0.09,1.0303744675515727,242.20793594060487,-0.0899907507266063,-3.2778036045053102e-09,1.0000000000037577,1.0000000000073215
-0.09,1.0303744675515727,244.4511270432073,-0.0899907309339136,-2.552807161555995e-09,1.0000000000039688,1.0000000000061273
-0.09,1.0303744675515727,246.71509329631496,-0.08999071366390811,-1.91678472740903e-09,1.0000000000041904,1.0000000000050784
-0.09,1.0303744675515727,249.00002710746668,-0.08999069863300736,-1.3600217587951008e-09,1.000000000004422,1.000000000004159
-0.09,1.0303744675515727,251.3061226661696,-0.0899906855923719,-8.738760242146512e-10,1.0000000000046647,1.0000000000033544
-0.09,1.0303744675515727,253.6335759604023,-0.0899906743242346,-4.5066338512718807e-10,1.0000000000049185,1.000000000002653
-0.09,1.0303744675515727,255.98258479327197,-0.0899906646385506,-8.35540780089015e-11,1.000000000005183,1.0000000000020424
-0.09,1.0303744675515727,258.3533487998248,-0.08999065636994441,2.335212176005963e-10,1.0000000000054574,1.0000000000015132
-0.09,1.0303744675515727,260.7460694640121,-0.08999064937493241,5.059563297358267e-10,1.0000000000057403,1.000000000001057
-0.09,1.0303744675515727,263.1609501358149,-0.08999064352940143,7.385461557184303e-10,1.0000000000060314,1.0000000000006648
-0.09,1.0303744675515727,265.59819604852424,-0.08999063872632325,9.355555627922982e-10,1.000000000006329,1.0000000000003308
-0.09,1.0303744675515727,268.0580143361851,-0.08999063487368751,1.1007812080250192e-09,1.000000000006632,1.0000000000000486
-0.09,1.0303744675515727,270.5406140511989,-0.08999063189263545,1.2376068406718742e-09,1.0000000000069378,0.9999999999998125
-0.09,1.0303744675515727,273.0462061820903,-0.08999062971577915,1.3490526917033589e-09,1.0000000000072458,0.9999999999996176
-0.09,1.0303744675515727,275.57500367143905,-0.08999062828569084,1.4378193927949834e-09,1.000000000007553,0.9999999999994593
-0.09,1.0303744675515727,278.1272214339776,-0.08999062755354793,1.5063269662634484e-09,1.000000000007859,0.9999999999993343
-0.09,1.0303744675515727,280.7030763748543,-0.08999062747792166,1.556749293142391e-09,1.000000000008161,0.9999999999992392
-0.09,1.0303744675515727,283.30278740807006,-0.08999062802369565,1.5910445114505817e-09,1.0000000000084583,0.99999999999917
-0.09,1.0303744675515727,285.9265754750807,-0.08999062916110447,1.6109817115117635e-09,1.0000000000087477,0.9999999999991249
-0.09,1.0303744675515727,288.57466356357577,-0.08999063086488039,1.618164306244713e-09,1.0000000000090277,0.9999999999991006
-0.09,1.0303744675515727,291.24727672642865,-0.08999063311349934,1.6140504080979108e-09,1.0000000000092981,0.9999999999990952
-0.09,1.0303744675515727,293.94464210082356,-0.08999063588851622,1.5999705307584623e-09,1.0000000000095552,0.999999999999106
-0.09,1.0303744675515727,296.6669889275594,-0.0899906391739819,1.577142891415939e-09,1.000000000009798,0.999999999999132
-0.09,1.0303744675515727,299.4145485705322,-0.08999064295593351,1.5466865910314139e-09,1.0000000000100262,0.9999999999991708
-0.09,1.0303744675515727,302.18755453639716,-0.08999064722195102,1.5096329088370496e-09,1.0000000000102378,0.9999999999992213
-0.09,1.0303744675515727,304.9862424944146,-0.08999065196077397,1.466934932844148e-09,1.000000000010431,0.9999999999992816
-0.09,1.0303744675515727,307.81085029647846,-0.08999065716197134,1.4194757375839099e-09,1.000000000010605,0.9999999999993504
-0.09,1.0303744675515727,310.6616179973303,-0.08999066281566007,1.3680752793900074e-09,1.000000000010759,0.9999999999994261
-0.09,1.0303744675515727,313.5387878749621,-0.08999066891226636,1.3134961949526538e-09,1.000000000010892,0.9999999999995081
-0.09,1.0303744675515727,316.44260445120455,-0.08999067544232554,1.2564486386742124e-09,1.0000000000110034,0.999999999999595
-0.09,1.0303744675515727,319.3733145125105,-0.08999068239631634,1.1975943063453866e-09,1.0000000000110925,0.9999999999996861
-0.09,1.0303744675515727,322.3311671309267,-0.08999068976452507,1.1375497617649609e-09,1.0000000000111589,0.9999999999997797
-0.09,1.0303744675515727,325.31641368526283,-0.08999069753693725,1.0768891796918333e-09,1.0000000000112013,0.9999999999998752
-0.09,1.0303744675515727,328.32930788245454,-0.08999070570315269,1.0161466000755055e-09,1.0000000000112212,0.9999999999999719
-0.09,1.0303744675515727,331.37010577912685,-0.0899907142523214,9.558177820224212e-10,1.0000000000112175,1.0000000000000693
-0.09,1.0303744675515727,334.4390658033531,-0.08999072317309802,8.963617328336243e-10,1.00000000001119,1.0000000000001654
-0.09,1.0303744675515727,337.53644877662083,-0.08999073245361217,8.382019778578974e-10,1.0000000000111398,1.0000000000002618
-0.09,1.0303744675515727,340.66251793599554,-0.08999074208145257,7.817276331066475e-10,1.000000000011067,1.0000000000003555
-0.09,1.0303744675515727,343.81753895649405,-0.08999075204366327,7.272943240231547e-10,1.0000000000109717,1.0000000000004472
-0.09,1.0303744675515727,347.00177997366285,-0.08999076232675036,6.752250029688448e-10,1.0000000000108549,1.0000000000005358
-0.09,1.0303744675515727,350.2155116063659,-0.08999077291669724,6.258106901079107e-10,1.000000000010716,1.0000000000006213
-0.09,1.0303744675515727,353.4590069797847,-0.08999078379898756,5.793111799416394e-10,1.0000000000105576,1.0000000000007028
-0.09,1.0303744675515727,356.73254174862967,-0.08999079495863453,5.3595573319811e-10,1.0000000000103797,1.0000000000007798
-0.09,1.0303744675515727,360.0363941205664,-0.08999080638021552,4.9594376571188e-10,1.0000000000101834,1.0000000000008527
-0.09,1.0303744675515727,363.37084487986095,-0.08999081804791056,4.594455782316306e-10,1.0000000000099696,1.0000000000009204
-0.09,1.0303744675515727,366.73617741124224,-0.08999082994554503,4.26603098891125e-10,1.0000000000097393,1.0000000000009825
-0.09,1.0303744675515727,370.13267772398575,-0.08999084205663442,3.975306887432695e-10,1.0000000000094942,1.0000000000010398
-0.09,1.0303744675515727,373.5606344762222,-0.08999085436443169,3.72315984167873e-10,1.0000000000092355,1.0000000000010907
-0.09,1.0303744675515727,377.02033899946696,-0.08999086685197599,3.510208002348837e-10,1.000000000008964,1.0000000000011366
-0.09,1.0303744675515727,380.5120853233824,-0.08999087950214238,3.3368208837754177e-10,1.0000000000086817,1.0000000000011764
-0.09,1.0303744675515727,384.03617020076405,-0.08999089229769218,3.203129505709415e-10,1.000000000008389,1.00000000000121
-0.09,1.0303744675515727,387.5928931327621,-0.08999090522132382,3.1090369957157956e-10,1.0000000000080889,1.0000000000012375
-0.09,1.0303744675515727,391.18255639433437,-0.08999091825572314,3.0542298100396514e-10,1.0000000000077816,1.000000000001259
-0.09,1.0303744675515727,394.8054650599374,-0.08999093138361354,3.0381893332816784e-10,1.0000000000074687,1.000000000001274
-0.09,1.0303744675515727,398.4619270294508,-0.08999094458780559,3.0602038831679186e-10,1.0000000000071523,1.0000000000012839
-0.09,1.0303744675515727,402.15225305434814,-0.08999095785124551,3.119381134010782e-10,1.0000000000068332,1.0000000000012872
-0.09,1.0303744675515727,405.87675676410373,-0.08999097115706291,3.214660771628757e-10,1.0000000000065128,1.000000000001285
-0.09,1.0303744675515727,409.6357546928489,-0.08999098448861699,3.3448273927498873e-10,1.0000000000061928,1.000000000001277
-0.09,1.0303744675515727,413.4295663062725,-0.08999099782954162,3.508523557051586e-10,1.0000000000058749,1.0000000000012632
-0.09,1.0303744675515727,417.25851402877123,-0.08999101116378884,3.7042629575055936e-10,1.0000000000055602,1.0000000000012443
-0.09,1.0303744675515727,421.12292327085265,-0.08999102447567077,3.9304435590320413e-10,1.0000000000052496,1.0000000000012201
-0.09,1.0303744675515727,425.02312245678996,-0.08999103774989994,4.185360776618504e-10,1.000000000004945,1.0000000000011913
-0.09,1.0303744675515727,428.95944305253283,-0.08999105097162771,4.467220454038357e-10,1.0000000000046476,1.0000000000011577
-0.09,1.0303744675515727,432.9322195938791,-0.0899910641264811,4.774151775581627e-10,1.0000000000043583,1.0000000000011195
-0.09,1.0303744675515727,436.9417897149054,-0.08999107720059736,5.104219843879835e-10,1.0000000000040785,1.000000000001077
-0.09,1.0303744675515727,440.98849417666133,-0.08999109018065718,5.45543809816737e-10,1.0000000000038087,1.0000000000010307
-0.09,1.0303744675515727,445.0726768961314,-0.08999110305391546,5.82578028376349e-10,1.000000000003551,1.0000000000009805
-0.09,1.0303744675515727,449.19468497546023,-0.0899911158082303,6.21319216617657e-10,1.0000000000033054,1.000000000000927
-0.09,1.0303744675515727,453.3548687314555,-0.08999112843209003,6.61560273415955e-10,1.000000000003073,1.0000000000008706
-0.09,1.0303744675515727,457.55358172535705,-0.089991140914638,7.030934983997094e-10,1.000000000002855,1.0000000000008118
-0.09,1.0303744675515727,461.7911807928867,-0.0899911532456957,7.457116221774934e-10,1.0000000000026519,1.0000000000007498
-0.09,1.0303744675515727,466.0680260745743,-0.08999116541578339,7.892087871728798e-10,1.000000000002464,1.000000000000686
-0.09,1.0303744675515727,470.3844810463644,-0.08999117741613903,8.333814679415562e-10,1.000000000002293,1.0000000000006202
-0.09,1.0303744675515727,474.7409125505084,-0.089991189238735,8.780293418283064e-10,1.0000000000021385,1.0000000000005531
-0.09,1.0303744675515727,479.1376908267404,-0.08999120087629273,9.229561021283046e-10,1.0000000000020013,1.000000000000485
-0.09,1.0303744675515727,483.57518954374194,-0.08999121232229554,9.679702068026545e-10,1.0000000000018818,1.0000000000004157
-0.09,1.0303744675515727,488.0537858309,-0.08999122357099908,1.0128855760533434e-09,1.0000000000017795,1.0000000000003455
-0.09,1.0303744675515727,492.5738603103579,-0.08999123461744019,1.0575222242860937e-09,1.0000000000016958,1.000000000000275
-0.09,1.0303744675515727,497.1357971293627,-0.08999124545744347,1.1017068357167935e-09,1.00000000000163,1.0000000000002045
-0.09,1.0303744675515727,501.7399839929145,-0.08999125608762597,1.145273279424324e-09,1.0000000000015827,1.0000000000001341
-0.09,1.0303744675515727,506.3868121967132,-0.08999126650539997,1.18806306615066e-09,1.0000000000015534,1.000000000000064
-0.09,1.0303744675515727,511.0766766604169,-0.08999127670897403,1.2299257477242688e-09,1.0000000000015428,0.9999999999999946
-0.09,1.0303744675515727,515.809975961202,-0.08999128669735172,1.2707192593632342e-09,1.0000000000015508,0.9999999999999262
-0.09,1.0303744675515727,520.5871123676386,-0.08999129647032914,1.3103102074111357e-09,1.000000000001577,0.9999999999998593
-0.09,1.0303744675515727,525.4084918738774,-0.08999130602848995,1.3485741033941186e-09,1.0000000000016198,0.999999999999793
-0.09,1.0303744675515727,530.2745242341559,-0.08999131537319965,1.3853955454606204e-09,1.0000000000016807,0.9999999999997287
-0.09,1.0303744675515727,535.1856229976182,-0.0899913245065967,1.4206683521658923e-09,1.0000000000017584,0.9999999999996658
-0.09,1.0303744675515727,540.1422055434659,-0.08999133343158386,1.4542956454937718e-09,1.0000000000018534,0.9999999999996053
-0.09,1.0303744675515727,545.1446931164259,-0.08999134215181608,1.4861898915273228e-09,1.0000000000019642,0.9999999999995465
-0.09,1.0303744675515727,550.1935108625528,-0.08999135067168818,1.5162728960928054e-09,1.0000000000020905,0.9999999999994899
-0.09,1.0303744675515727,555.2890878653604,-0.0899913589963205,1.5444757586899022e-09,1.0000000000022329,0.9999999999994365
-0.09,1.0303744675515727,560.4318571822878,-0.08999136713154324,1.5707387916921095e-09,1.0000000000023894,0.999999999999385
-0.09,1.0303744675515727,565.6222558815047,-0.08999137508387943,1.5950113991999967e-09,1.0000000000025597,0.9999999999993361
-0.09,1.0303744675515727,570.8607250790558,-0.0899913828605265,1.6172519251561357e-09,1.0000000000027434,0.9999999999992899
-0.09,1.0303744675515727,576.1477099763489,-0.089991390469337,1.637427471108379e-09,1.0000000000029399,0.9999999999992467
-0.09,1.0303744675515727,581.4836598979924,-0.08999139791879762,1.6555136841731416e-09,1.0000000000031481,0.9999999999992062
-0.09,1.0303744675515727,586.8690283299819,-0.08999140521800772,1.6714945181930472e-09,1.0000000000033678,0.9999999999991688
-0.09,1.0303744675515727,592.3042729582397,-0.08999141237665625,1.6853619745635533e-09,1.000000000003597,0.9999999999991341
-0.09,1.0303744675515727,597.7898557075149,-0.08999141940499827,1.6971158218215014e-09,1.0000000000038367,0.9999999999991028
-0.09,1.0303744675515727,603.3262427806361,-0.08999142631383011,1.7067632912634158e-09,1.0000000000040845,0.9999999999990741
-0.09,1.0303744675515727,608.913904698138,-0.08999143311446425,1.714318764938708e-09,1.000000000004341,0.9999999999990492
-0.09,1.0303744675515727,614.5533163382452,-0.08999143981870289,1.7198034430452479e-09,1.0000000000046039,0.9999999999990273
-0.09,1.0303744675515727,620.2449569772324,-0.08999144643881135,1.7232450027029914e-09,1.0000000000048737,0.9999999999990081
-0.09,1.0303744675515727,625.9893103301563,-0.08999145298749074,1.7246772457725798e-09,1.0000000000051488,0.9999999999989921
-0.09,1.0303744675515727,631.7868645919671,-0.08999145947784999,1.724139738118109e-09,1.0000000000054283,0.9999999999989797
-0.09,1.0303744675515727,637.638112478994,-0.08999146592337758,1.7216774490185459e-09,1.0000000000057119,0.9999999999989694
-0.09,1.0303744675515727,643.5435512708254,-0.089991472337913,1.7173403748003487e-09,1.0000000000059988,0.999999999998963
-0.09,1.0303744675515727,649.5036828525664,-0.08999147873561758,1.71118317583545e-09,1.0000000000062872,0.999999999998959
-0.09,1.0303744675515727,655.5190137574945,-0.08999148513094553,1.7032647988289503e-09,1.0000000000065776,0.9999999999989582
-0.09,1.0303744675515727,661.5900552101086,-0.08999149153861453,1.6936481105878302e-09,1.0000000000068678,0.9999999999989597
-0.09,1.0303744675515727,667.7173231695753,-0.08999149797357629,1.682399524131471e-09,1.000000000007158,0.999999999998964
-0.09,1.0303744675515727,673.9013383735801,-0.0899915044509873,1.6695886410780944e-09,1.0000000000074474,0.9999999999989713
-0.09,1.0303744675515727,680.1426263825831,-0.08999151098617927,1.6552878897688711e-09,1.000000000007735,0.999999999998981
-0.09,1.0303744675515727,686.4417176244827,-0.08999151759463003,1.639572171363621e-09,1.0000000000080205,0.9999999999989936
-0.09,1.0303744675515727,692.7991474396972,-0.0899915242919343,1.62251851429377e-09,1.0000000000083027,0.9999999999990082
-0.09,1.0303744675515727,699.215456126661,-0.08999153109377502,1.6042057389953615e-09,1.0000000000085807,0.9999999999990252
-0.09,1.0303744675515727,705.6911889877423,-0.08999153801589459,1.5847141293629725e-09,1.0000000000088543,0.9999999999990449
-0.09,1.0303744675515727,712.2268963755895,-0.08999154507406686,1.5641251108213976e-09,1.000000000009123,0.9999999999990662
-0.09,1.0303744675515727,718.8231337398989,-0.08999155228406915,1.5425209489446733e-09,1.0000000000093854,0.9999999999990895
-0.09,1.0303744675515727,725.4804616746267,-0.08999155966165505,1.5199844461631946e-09,1.000000000009642,0.9999999999991149
-0.09,1.0303744675515727,732.1994459656265,-0.08999156722252738,1.4965986631602611e-09,1.0000000000098914,0.9999999999991421
-0.09,1.0303744675515727,738.9806576387373,-0.08999157498231176,1.4724466408046653e-09,1.0000000000101334,0.9999999999991711
-0.09,1.0303744675515727,745.8246730083114,-0.0899915829565314,1.4476111446160908e-09,1.0000000000103673,0.9999999999992015
-0.09,1.0303744675515727,752.7320737261965,-0.0899915911605812,1.422174412851748e-09,1.0000000000105926,0.9999999999992333
-0.09,1.0303744675515727,759.7034468311634,-0.08999159960970397,1.396217926991579e-09,1.0000000000108094,0.9999999999992666
-0.09,1.0303744675515727,766.7393847988028,-0.08999160831896627,1.3698221873317004e-09,1.000000000011017,0.9999999999993016
-0.09,1.0303744675515727,773.8404855918722,-0.08999161730323532,1.3430665055881496e-09,1.0000000000112148,0.9999999999993366
-0.09,1.0303744675515727,781.0073527111184,-0.08999162657715712,1.3160288115183518e-09,1.0000000000114022,0.9999999999993734
-0.09,1.0303744675515727,788.2405952465664,-0.08999163615513453,1.2887854714068408e-09,1.00000000001158,0.9999999999994111
-0.09,1.0303744675515727,795.5408279292831,-0.08999164605130675,1.2614111185158634e-09,1.0000000000117468,0.9999999999994493
-0.09,1.0303744675515727,802.9086711836236,-0.08999165627952962,1.233978500394399e-09,1.0000000000119027,0.9999999999994884
-0.09,1.0303744675515727,810.3447511799583,-0.0899916668533563,1.2065583362337382e-09,1.0000000000120475,0.9999999999995283
-0.09,1.0303744675515727,817.8496998878867,-0.0899916777860193,1.179219186979076e-09,1.000000000012181,0.9999999999995685
-0.09,1.0303744675515727,825.4241551299497,-0.0899916890904133,1.1520273406376265e-09,1.0000000000123035,0.9999999999996086
-0.09,1.0303744675515727,833.0687606358348,-0.08999170077907863,1.125046706725254e-09,1.0000000000124138,0.9999999999996496
-0.09,1.0303744675515727,840.7841660970844,-0.08999171286418595,1.0983387234349922e-09,1.0000000000125124,0.9999999999996897
-0.09,1.0303744675515727,848.5710272223139,-0.0899917253575216,1.071962279691749e-09,1.0000000000126,0.9999999999997314
-0.09,1.0303744675515727,856.4300057929329,-0.08999173827047402,1.0459736436347058e-09,1.0000000000126754,0.9999999999997724
-0.09,1.0303744675515727,864.3617697193946,-0.08999175161402097,1.020426405215291e-09,1.0000000000127385,0.9999999999998134
-0.09,1.0303744675515727,872.3669930979535,-0.0899917653987179,9.95371428849936e-10,1.0000000000127904,0.9999999999998537
-0.09,1.0303744675515727,880.4463562679581,-0.08999177963468691,9.708568158270655e-10,1.0000000000128302,0.9999999999998942
-0.09,1.0303744675515727,888.6005458696701,-0.08999179433160683,9.46927876891072e-10,1.0000000000128582,0.9999999999999344
-0.09,1.0303744675515727,896.8302549026189,-0.08999180949870421,9.23627113766753e-10,1.000000000012875,0.9999999999999742
-0.09,1.0303744675515727,905.1361827845002,-0.08999182514474512,9.009942101979543e-10,1.0000000000128795,1.0000000000000133
-0.09,1.0303744675515727,913.5190354106156,-0.08999184127802791,8.790660311600239e-10,1.0000000000128733,1.0000000000000517
-0.09,1.0303744675515727,921.9795252138629,-0.08999185790637693,8.578766299723188e-10,1.0000000000128553,1.0000000000000895
-0.09,1.0303744675515727,930.5183712252855,-0.08999187503713682,8.374572636562339e-10,1.000000000012826,1.000000000000127
-0.09,1.0303744675515727,939.1362991351807,-0.08999189267716803,8.178364149707005e-10,1.000000000012786,1.0000000000001632
-0.09,1.0303744675515727,947.8340413547725,-0.08999191083284304,7.990398208129101e-10,1.0000000000127351,1.000000000000199
-0.09,1.0303744675515727,956.6123370784595,-0.08999192951004327,7.810905088154331e-10,1.0000000000126739,1.000000000000234
-0.09,1.0303744675515727,965.4719323466358,-0.08999194871415685,7.640088368080281e-10,1.0000000000126017,1.0000000000002673
-0.09,1.0303744675515727,974.4135801090915,-0.08999196845007752,7.478125416408816e-10,1.0000000000125202,1.0000000000003
-0.09,1.0303744675515727,983.4380402890077,-0.08999198872220379,7.325167878686153e-10,1.0000000000124285,1.000000000000332
-0.09,1.0303744675515727,992.5460798475383,-0.08999200953443917,7.181342270895224e-10,1.0000000000123275,1.000000000000363
-0.09,1.0303744675515727,1001.7384728489908,-0.08999203089019307,7.046750565847515e-10,1.0000000000122171,1.0000000000003928
-0.09,1.0303744675515727,1011.0160005266158,-0.08999205279238234,6.921470838985237e-10,1.0000000000120979,1.000000000000421
-0.09,1.0303744675515727,1020.3794513489946,-0.08999207524343357,6.805557970456389e-10,1.0000000000119704,1.0000000000004488
-0.09,1.0303744675515727,1029.8296210870567,-0.089992098245286,6.699044316464435e-10,1.000000000011834,1.0000000000004752
-0.09,1.0303744675515727,1039.3673128817031,-0.08999212179939517,6.601940472535873e-10,1.0000000000116902,1.0000000000005003
-0.09,1.0303744675515727,1048.993337312066,-0.08999214590673696,6.514236029469926e-10,1.0000000000115379,1.0000000000005242
-0.09,1.0303744675515727,1058.7085124643972,-0.08999217056781263,6.435900342760321e-10,1.0000000000113793,1.000000000000547
-0.09,1.0303744675515727,1068.5136640015942,-0.08999219578265383,6.366883357796044e-10,1.0000000000112133,1.0000000000005684
-0.09,1.0303744675515727,1078.4096252333723,-0.08999222155082882,6.307116385631608e-10,1.000000000011041,1.0000000000005886
-0.09,1.0303744675515727,1088.3972371870843,-0.08999224787144862,6.256512975872375e-10,1.0000000000108622,1.0000000000006082
-0.09,1.0303744675515727,1098.4773486791944,-0.08999227474317403,6.214969686030069e-10,1.0000000000106772,1.0000000000006255
-0.09,1.0303744675515727,1108.650816387419,-0.08999230216422296,6.182366983825077e-10,1.0000000000104874,1.0000000000006424
-0.09,1.0303744675515727,1118.9185049235327,-0.08999233013237817,6.158570034029689e-10,1.000000000010292,1.0000000000006573
-0.09,1.0303744675515727,1129.2812869068487,-0.08999235864499565,6.143429577890389e-10,1.000000000010092,1.0000000000006712
-0.09,1.0303744675515727,1139.740043038382,-0.08999238769901288,6.136782775543551e-10,1.0000000000098879,1.0000000000006843
-0.09,1.0303744675515727,1150.2956621756925,-0.08999241729095826,6.138453991774367e-10,1.0000000000096794,1.0000000000006957
-0.09,1.0303744675515727,1160.9490414084332,-0.08999244741695991,6.148255688146958e-10,1.0000000000094673,1.0000000000007059
-0.09,1.0303744675515727,1171.7010861345848,-0.08999247807275569,6.165989231314341e-10,1.0000000000092522,1.0000000000007148
-0.09,1.0303744675515727,1182.5527101374053,-0.08999250925370283,6.191445658859642e-10,1.0000000000090339,1.0000000000007228
-0.09,1.0303744675515727,1193.5048356630894,-0.08999254095478822,6.224406570969867e-10,1.0000000000088134,1.0000000000007294
-0.09,1.0303744675515727,1204.55839349915,-0.08999257317063875,6.264644837795157e-10,1.0000000000085902,1.0000000000007347
-0.09,1.0303744675515727,1215.7143230535173,-0.08999260589553207,6.311925403225968e-10,1.0000000000083655,1.0000000000007392
-0.09,1.0303744675515727,1226.9735724343827,-0.08999263912340716,6.366006084503372e-10,1.0000000000081393,1.0000000000007423
-0.09,1.0303744675515727,1238.33709853077,-0.08999267284787567,6.426638258907275e-10,1.000000000007912,1.000000000000744
-0.09,1.0303744675515727,1249.8058670938608,-0.08999270706223267,6.493567633933229e-10,1.0000000000076836,1.0000000000007452
-0.09,1.0303744675515727,1261.3808528190714,-0.08999274175946821,6.566534935300111e-10,1.0000000000074545,1.0000000000007454
-0.09,1.0303744675515727,1273.0630394288874,-0.0899927769322787,6.645276610656307e-10,1.000000000007226,1.000000000000744
-0.09,1.0303744675515727,1284.8534197564702,-0.08999281257307808,6.729525475423835e-10,1.000000000006997,1.0000000000007419
-0.09,1.0303744675515727,1296.7529958300336,-0.0899928486740098,6.819011406955321e-10,1.0000000000067693,1.0000000000007385
-0.09,1.0303744675515727,1308.7627789579997,-0.0899928852269581,6.913461921748643e-10,1.0000000000065414,1.0000000000007345
-0.09,1.0303744675515727,1320.883789814951,-0.08999292222355972,7.012602826815748e-10,1.0000000000063154,1.0000000000007296
-0.09,1.0303744675515727,1333.1170585283726,-0.08999295965521553,7.116158789205068e-10,1.0000000000060905,1.0000000000007234
-0.09,1.0303744675515727,1345.4636247661995,-0.08999299751310229,7.223853873241446e-10,1.0000000000058669,1.0000000000007168
-0.09,1.0303744675515727,1357.924537825179,-0.08999303578818407,7.335412132102626e-10,1.0000000000056457,1.0000000000007092
-0.09,1.0303744675515727,1370.500856720038,-0.08999307447122397,7.450558082470151e-10,1.0000000000054263,1.0000000000007006
-0.09,1.0303744675515727,1383.1936502734964,-0.0899931135527956,7.569017209719775e-10,1.0000000000052096,1.0000000000006912
-0.09,1.0303744675515727,1396.0039972070938,-0.0899931530232945,7.690516474928915e-10,1.0000000000049958,1.0000000000006812
-0.09,1.0303744675515727,1408.9329862328714,-0.0899931928729498,7.814784709514323e-10,1.0000000000047846,1.0000000000006704
-0.09,1.0303744675515727,1421.9817161458968,-0.08999323309183499,7.941553074753673e-10,1.0000000000045768,1.0000000000006588
-0.09,1.0303744675515727,1435.1512959176512,-0.08999327366987973,8.070555471542521e-10,1.0000000000043723,1.0000000000006466
-0.09,1.0303744675515727,1448.4428447902692,-0.08999331459688048,8.201528901261051e-10,1.0000000000041716,1.000000000000634
-0.09,1.0303744675515727,1461.8574923716699,-0.08999335586251161,8.334213838649638e-10,1.0000000000039744,1.0000000000006206
-0.09,1.0303744675515727,1475.3963787315492,-0.08999339745633621,8.468354573927899e-10,1.000000000003781,1.0000000000006062
-0.09,1.0303744675515727,1489.0606544982772,-0.08999343936781673,8.603699508290334e-10,1.000000000003592,1.0000000000005917
-0.09,1.0303744675515727,1502.8514809566846,-0.08999348158632553,8.740001486043541e-10,1.0000000000034075,1.000000000000577
-0.09,1.0303744675515727,1516.7700301467542,-0.08999352410115512,8.877018026825441e-10,1.0000000000032272,1.0000000000005613
-0.09,1.0303744675515727,1530.8174849632353,-0.08999356690152842,9.014511621918755e-10,1.0000000000030516,1.0000000000005456
-0.09,1.0303744675515727,1544.9950392561707,-0.0899936099766087,9.15224993100807e-10,1.000000000002881,1.0000000000005291
-0.09,1.0303744675515727,1559.3038979323546,-0.08999365331550929,9.290006021685271e-10,1.0000000000027154,1.0000000000005125
-0.09,1.0303744675515727,1573.7452770577393,-0.08999369690730329,9.4275585527491e-10,1.0000000000025548,1.0000000000004954
-0.09,1.0303744675515727,1588.3204039607824,-0.08999374074103293,9.564691963816794e-10,1.0000000000023996,1.000000000000478
-0.09,1.0303744675515727,1603.0305173367537,-0.08999378480571874,9.701196626442684e-10,1.000000000002249,1.00000000000046
-0.09,1.0303744675515727,1617.8768673530133,-0.0899938290903684,9.83686897962e-10,1.0000000000021045,1.000000000000442
-0.09,1.0303744675515727,1632.8607157552478,-0.08999387358398567,9.97151166523767e-10,1.0000000000019653,1.0000000000004239
-0.09,1.0303744675515727,1647.9833359747165,-0.08999391827557884,1.0104933636906712e-09,1.0000000000018319,1.0000000000004055
-0.09,1.0303744675515727,1663.2460132364645,-0.089993963154169,1.0236950251903038e-09,1.0000000000017035,1.0000000000003868
-0.09,1.0303744675515727,1678.6500446685554,-0.0899940082087981,1.0367383333550808e-09,1.0000000000015814,1.000000000000368
-0.09,1.0303744675515727,1694.1967394123092,-0.08999405342853689,1.0496061256893538e-09,1.0000000000014648,1.0000000000003493
-0.09,1.0303744675515727,1709.8874187335668,-0.08999409880249247,1.0622818988582508e-09,1.000000000001354,1.0000000000003302
-0.09,1.0303744675515727,1725.7234161349695,-0.08999414431981557,1.0747498113144905e-09,1.0000000000012494,1.0000000000003109
-0.09,1.0303744675515727,1741.706077469303,-0.08999418996970789,1.0869946866426796e-09,1.0000000000011504,1.0000000000002918
-0.09,1.0303744675515727,1757.8367610538646,-0.08999423574142881,1.0990020143254452e-09,1.0000000000010574,1.000000000000273
-0.09,1.0303744675515727,1774.1168377859105,-0.08999428162430217,1.1107579489808285e-09,1.0000000000009701,1.0000000000002531
-0.09,1.0303744675515727,1790.547691259161,-0.08999432760772266,1.1222493095144054e-09,1.0000000000008893,1.0000000000002343
-0.09,1.0303744675515727,1807.1307178813868,-0.08999437368116195,1.1334635769694166e-09,1.000000000000814,1.000000000000215
-0.09,1.0303744675515727,1823.867326993091,-0.0899944198341748,1.1443888901923458e-09,1.0000000000007447,1.0000000000001958
-0.09,1.0303744675515727,1840.7589409872808,-0.08999446605640461,1.1550140423811946e-09,1.0000000000006817,1.0000000000001767
-0.09,1.0303744675515727,1857.8069954303487,-0.08999451233758896,1.1653284753380504e-09,1.0000000000006244,1.0000000000001577
-0.09,1.0303744675515727,1875.012939184082,-0.08999455866756488,1.175322273481385e-09,1.0000000000005729,1.0000000000001388
-0.09,1.0303744675515727,1892.378234528796,-0.08999460503627385,1.184986156521466e-09,1.0000000000005276,1.0000000000001201
-0.09,1.0303744675515727,1909.9043572876058,-0.08999465143376656,1.1943114722126832e-09,1.000000000000488,1.0000000000001015
-0.09,1.0303744675515727,1927.592796951861,-0.08999469785020753,1.2032901878728433e-09,1.000000000000454,1.000000000000083
-0.09,1.0303744675515727,1945.4450568077177,-0.0899947442758794,1.2119148809494046e-09,1.000000000000426,1.0000000000000646
-0.09,1.0303744675515727,1963.4626540639163,-0.08999479070118703,1.2201787297186955e-09,1.000000000000404,1.0000000000000469
-0.09,1.0303744675515727,1981.6471199807077,-0.08999483711666138,1.2280755028359366e-09,1.0000000000003872,1.0000000000000289
-0.09,1.0303744675515727,2000.0,-0.08999488351296321,1.235599548717211e-09,1.0000000000003764,1.000000000000011
-0.09,1.0303744675515727,0.0,0.0,0.0,0.0,1.0303744675515727
-0.09,1.0303744675515727,0.05,-0.0011920297105866725,0.02344880000623601,0.029734428430905485,1.0299113308829593
-0.09,1.0303744675515727,0.1,-0.004613793903424371,0.04461849411530064,0.05935452810069175,1.0294482171851853
-0.09,1.0303744675515727,0.15000000000000002,-0.01004445210014416,0.06364970843028994,0.08875905615116905,1.0289851831911982
-0.09,1.0303744675515727,0.2,-0.017276980385772054,0.08067814506666367,0.11785987650343803,1.028522319097963
-0.09,1.0303744675515727,0.25,-0.026117680957451248,0.09583441433834376,0.14658076469348225,1.028059745027158
-0.09,1.0303744675515727,0.30000000000000004,-0.036385646381095885,0.10924391679796579,0.17485630471263264,1.0275976076463929
-0.09,1.0303744675515727,0.35000000000000003,-0.04791224794728928,0.12102676967599882,0.20263087090998613,1.027136076937328
-0.09,1.0303744675515727,0.4,-0.06054060833612803,0.13129777274420312,0.2298576887066982,1.0266753431022662
-0.09,1.0303744675515727,0.45,-0.07412506272126318,0.1401664089753794,0.25649796851472123,1.0262156136039668
-0.09,1.0303744675515727,0.5,-0.08853062638010077,0.1477368757080392,0.2825201077464275,1.0257571103367946
-0.09,1.0303744675515727,0.55,-0.10363247200244882,0.15410814238863535,0.30789895621216695,1.025300066929854
-0.09,1.0303744675515727,0.6000000000000001,-0.11931541322539996,0.15937403130497083,0.3326151405684489,1.0248447261841218
-0.09,1.0303744675515727,0.65,-0.13547339423074747,0.16362331802634528,0.3566544438018312,1.024391337646362
-0.09,1.0303744675515727,0.7000000000000001,-0.15200898892363066,0.1669398485444109,0.3800072360126144,1.0239401553229166
-0.09,1.0303744675515727,0.75,-0.16883291337791584,0.16940267037609724,0.4026679530053528,1.0234914355365548
-0.09,1.0303744675515727,0.8,-0.18586355339454944,0.17108617514618527,0.42463461940947483,1.0230454349292102
-0.09,1.0303744675515727,0.8500000000000001,-0.20302650746451137,0.172060250406972,0.44590841325018443,1.022602408612875
-0.09,1.0303744675515727,0.9,-0.22025414500833276,0.17239043867316772,0.4664932690711941,1.0221626084700852
-0.09,1.0303744675515727,0.9500000000000001,-0.23748518010257427,0.17213810185284423,0.48639551687889154,1.021726281604514
-0.09,1.0303744675515727,1.0,-0.25466426132210834,0.17136058944285873,0.5056235543339423,1.021293668941212
-0.09,1.0303744675515727,1.05,-0.2717415784341393,0.1701114090321946,0.5241875497626547,1.0208650039749916
-0.09,1.0303744675515727,1.1,-0.2886724864589614,0.16844039782025313,0.5420991736984162,1.0204405116645159
-0.09,1.0303744675515727,1.1500000000000001,-0.30541714724629865,0.16639389400941665,0.5593713567945613,1.020020407468665
-0.09,1.0303744675515727,1.2000000000000002,-0.32194018839353156,0.16401490707203498,0.5760180720751428,1.0196048965208713
-0.09,1.0303744675515727,1.25,-0.3382103791482761,0.16134328602144504,0.5920541396100903,1.01919417293631
-0.09,1.0303744675515727,1.3,-0.35420032288878867,0.15841588493523026,0.6074950518163447,1.0187884192461085
-0.09,1.0303744675515727,1.35,-0.36988616580303174,0.15526672508742032,0.6223568176971742,1.0183878059521179
-0.09,1.0303744675515727,1.4000000000000001,-0.38524732142597445,0.1519271531456117,0.6366558244379775,1.0179924911953053
-0.09,1.0303744675515727,1.4500000000000002,-0.40026621070335683,0.14842599497977607,0.6504087148786908,1.0176026205304307
-0.09,1.0303744675515727,1.5,-0.41492801721772427,0.14478970471241231,0.663632279480426,1.0172183267993826
-0.09,1.0303744675515727,1.55,-0.4292204571506584,0.14104250871510662,0.6763433614973573,1.0168397300954044
-0.09,1.0303744675515727,1.6,-0.4431335634850024,0.13720654432481902,0.688558774154098,1.0164669378103386
-0.09,1.0303744675515727,1.6500000000000001,-0.45665948389168043,0.13330199311463134,0.7002952287140222,1.0161000447570485
-0.09,1.0303744675515727,1.7000000000000002,-0.4697922917087486,0.1293472086085945,0.7115692724051315,1.0157391333592718
-0.09,1.0303744675515727,1.75,-0.4825278094076807,0.12535883837908887,0.7223972352472364,1.0153842739013181
-0.09,1.0303744675515727,1.8,-0.49486344394885357,0.12135194050816582,0.732795184897365,1.0150355248302745
-0.09,1.0303744675515727,1.85,-0.5067980334468771,0.11734009443210468,0.7427788886995527,1.0146929331036405
-0.09,1.0303744675515727,1.9000000000000001,-0.5183317045888306,0.11333550622132374,0.752363782190471,1.0143565345756618
-0.09,1.0303744675515727,1.9500000000000002,-0.5294657402689192,0.10934910837623041,0.7615649433738179,1.0140263544159893
-0.09,1.0303744675515727,2.0,-0.5402024569187658,0.1053906542439492,0.7703970721341186,1.0137024075546717
-0.09,1.0303744675515727,2.0500000000000003,-0.550545091023259,0.10146880718148743,0.7788744742146234,1.0133846991479025
-0.09,1.0303744675515727,2.1,-0.5604976943193549,0.09759122460807537,0.7870110492345056,1.0130732250593657
-0.09,1.0303744675515727,2.15,-0.5700650371817526,0.09376463710346662,0.7948202822676322,1.012767972352425
-0.09,1.0303744675515727,2.2,-0.5792525197072866,0.08999492272017388,0.8023152385489529,1.0124689197888503
-0.09,1.0303744675515727,2.25,-0.5880660900207685,0.08628717668619915,0.8095085609152064,1.012176038330166
-0.09,1.0303744675515727,2.3000000000000003,-0.5965121693395434,0.08264577668108691,0.8164124696242234,1.0118892916381172
-0.09,1.0303744675515727,2.35,-0.6045975833520842,0.0790744438722966,0.8230387642318748,1.0116086365711412
-0.09,1.0303744675515727,2.4000000000000004,-0.6123294994867139,0.07557629990122192,0.8293988272377285,1.0113340236741017
-0.09,1.0303744675515727,2.45,-0.6197153696689501,0.07215392000890553,0.8355036292399252,1.0110653976588964
-0.09,1.0303744675515727,2.5,-0.6267628781888713,0.06880938249080017,0.8413637353668213,1.0108026978738858
-0.09,1.0303744675515727,2.5500000000000003,-0.6334798943222932,0.06554431466804306,0.8469893127776811,1.0105458587603928
-0.09,1.0303744675515727,2.6,-0.6398744293707785,0.06235993555978747,0.8523901390473161,1.0102948102948341
-0.09,1.0303744675515727,2.6500000000000004,-0.6459545978051797,0.05925709543735729,0.8575756112701768,1.0100494784152814
-0.09,1.0303744675515727,2.7,-0.6517285822154769,0.05623631243649473,0.8625547557381766,1.009809785431529
-0.09,1.0303744675515727,2.75,-0.6572046017862561,0.053297806398888474,0.8673362380635234,1.0095756504179387
-0.09,1.0303744675515727,2.8000000000000003,-0.6623908840325765,0.050441530108622644,0.8719283736333022,1.0093469895885572
-0.09,1.0303744675515727,2.85,-0.6672956395454811,0.047667198083267456,0.876339138296477,1.009123716654166
-0.09,1.0303744675515727,2.9000000000000004,-0.6719270395103727,0.04497431307314374,0.8805761791965803,1.0089057431611046
-0.09,1.0303744675515727,2.95,-0.6762931957750659,0.042362190415913034,0.8846468256746971,1.0086929788118233
-0.09,1.0303744675515727,3.0,-0.6804021432577568,0.03982998038713603,0.8885581001775289,1.008485331767282
-0.09,1.0303744675515727,3.0500000000000003,-0.6842618244983958,0.037376688680889204,0.8923167291144708,1.0082827089313853
-0.09,1.0303744675515727,3.1,-0.6878800761700424,0.03500119514796263,0.8959291536157898,1.0080850162177701
-0.09,1.0303744675515727,3.1500000000000004,-0.6912646173795901,0.03270227091265083,0.8994015401512959,1.0078921587993144
-0.09,1.0303744675515727,3.2,-0.6944230395996834,0.030478593982726253,0.902739790975391,1.0077040413408245
-0.09,1.0303744675515727,3.25,-0.6973627980855819,0.028328763460880316,0.9059495543701389,1.0075205682153943
-0.09,1.0303744675515727,3.3000000000000003,-0.7000912046420361,0.02625131245977714,0.909036234663126,1.007341643704992
-0.09,1.0303744675515727,3.35,-0.7026154216158587,0.024244719816893506,0.9120050020013717,1.00716717218585
-0.09,1.0303744675515727,3.4000000000000004,-0.7049424569997311,0.02230742069954909,0.9148608018665428,1.0069970582992684
-0.09,1.0303744675515727,3.45,-0.7070791605418891,0.020437816184972448,0.9176083643201961,1.0068312071084549
-0.09,1.0303744675515727,3.5,-0.7090322207646805,0.01863428189490724,0.9202522129708384,1.0066695242420387
-0.09,1.0303744675515727,3.5500000000000003,-0.7108081628026262,0.01689517575915641,0.9227966736572444,1.0065119160249112
-0.09,1.0303744675515727,3.6,-0.7124133469776114,0.015218844977581976,0.9252458828447716,1.0063582895970165
-0.09,1.0303744675515727,3.6500000000000004,-0.7138539680352465,0.013603632245433527,0.927603795733421,1.0062085530207507
-0.09,1.0303744675515727,3.7,-0.7151360549723468,0.012047881302468425,0.9298741940780857,1.006062615377588
-0.09,1.0303744675515727,3.75,-0.7162654713909641,0.010549941862141029,0.9320606937228949,1.0059203868545596
-0.09,1.0303744675515727,3.8000000000000003,-0.7172479163194805,0.009108173973184482,0.9341667518527987,1.005781778821188
-0.09,1.0303744675515727,3.85,-0.7180889254460684,0.007720951862170459,0.9361956739665819,1.0056467038974672
-0.09,1.0303744675515727,3.9000000000000004,-0.7187938727142906,0.006386667302110852,0.9381506205763529,1.005515076013459
-0.09,1.0303744675515727,3.95,-0.7193679722348565,0.005103732548852549,0.9400346136392643,1.0053868104610584
-0.09,1.0303744675515727,4.0,-0.7198162804715218,0.0038705828839006346,0.9418505427278153,1.0052618239384594
-0.09,1.0303744675515727,4.05,-0.7201436986628963,0.002685678799387094,0.9436011709455112,1.005140034587824
-0.09,1.0303744675515727,4.1000000000000005,-0.7203549754454323,0.00154750785816448,0.9452891405950355,1.0050213620266555
-0.09,1.0303744675515727,4.15,-0.7204547096462001,0.00045458625944673123,0.9469169786063331,1.004905727373326
-0.09,1.0303744675515727,4.2,-0.7204473532171061,-0.0005945398619716618,0.9484871017322009,1.0047930532672142
-0.09,1.0303744675515727,4.25,-0.720337214285092,-0.0016012933771150021,0.9500018215190718,1.004683263883868
-0.09,1.0303744675515727,4.3,-0.7201284602954616,-0.0025670653211185795,0.9514633490607598,1.0045762849455868
-0.09,1.0303744675515727,4.3500000000000005,-0.7198251212279014,-0.003493214246619666,0.9528737995429182,1.004472043727811
-0.09,1.0303744675515727,4.4,-0.7194310928669514,-0.004381065752248678,0.954235196585932,1.0043704690616668
-0.09,1.0303744675515727,4.45,-0.7189501401106674,-0.005231912167888937,0.9555494763938883,1.0042714913330042
-0.09,1.0303744675515727,4.5,-0.7183859003030139,-0.006047012379917669,0.9568184917171602,1.0041750424782423
-0.09,1.0303744675515727,4.55,-0.7177418865771346,-0.006827591781073837,0.9580440156360115,1.0040810559773214
-0.09,1.0303744675515727,4.6000000000000005,-0.7170214911981003,-0.007574842330921177,0.9592277451724767,1.0039894668440352
-0.09,1.0303744675515727,4.65,-0.7162279888950218,-0.008289922714100291,0.9603713047375867,1.0039002116140021
-0.09,1.0303744675515727,4.7,-0.7153645401735931,-0.008973958584694394,0.9614762494208596,1.003813228330525
-0.09,1.0303744675515727,4.75,-0.7144341946011601,-0.00962804288607593,0.9625440681287436,1.0037284565285551
-0.09,1.0303744675515727,4.800000000000001,-0.713439894057364,-0.010253236236564541,0.9635761865785255,1.0036458372169756
-0.09,1.0303744675515727,4.8500000000000005,-0.7123844759442507,-0.01085056737211268,0.9645739701539987,1.003565312859405
-0.09,1.0303744675515727,4.9,-0.7112706763505109,-0.011421033638050847,0.9655387266289811,1.0034868273536885
-0.09,1.0303744675515727,4.95,-0.7101011331652335,-0.011965601522675116,0.9664717087645541,1.0034103260102583
-0.09,1.0303744675515727,5.0,-0.7088783891371648,-0.01248520722614914,0.9673741167856822,1.0033357555295117
-0.09,1.0303744675515727,5.050000000000001,-0.7076048948761067,-0.012980757258825847,0.968247100742675,1.0032630639783477
-0.09,1.0303744675515727,5.1000000000000005,-0.7062830117935779,-0.013453129063675198,0.969091762762722,1.0031922007660035
-0.09,1.0303744675515727,5.15,-0.7049150149804065,-0.013903171658037158,0.9699091591965391,1.003123116619297
-0.09,1.0303744675515727,5.2,-0.7035030960193577,-0.014331706290406213,0.9707003026649621,1.0030557635574089
-0.09,1.0303744675515727,5.25,-0.702049365731328,-0.014739527108400798,0.9714661640101161,1.0029900948662778
-0.09,1.0303744675515727,5.300000000000001,-0.7005558568540401,-0.015127401834479012,0.9722076741556016,1.0029260650727312
-0.09,1.0303744675515727,5.3500000000000005,-0.6990245266525031,-0.015496072446334351,0.9729257258799536,1.002863629918416
-0.09,1.0303744675515727,5.4,-0.6974572594608446,-0.01584625585924616,0.9736211755074284,1.0028027463336144
-0.09,1.0303744675515727,5.45,-0.695855869155397,-0.016178644607968792,0.9742948445200234,1.0027433724110206
-0.09,1.0303744675515727,5.5,-0.6942221015591862,-0.016493907526026245,0.9749475210944284,1.0026854673795242
-0.09,1.0303744675515727,5.550000000000001,-0.6925576367781946,-0.01679269042053597,0.9755799615674824,1.0026289915780895
-0.09,1.0303744675515727,5.6000000000000005,-0.6908640914699689,-0.017075616740918332,0.9761928918334994,1.0025739064297419
-0.09,1.0303744675515727,5.65,-0.6891430210453272,-0.01734328824006061,0.9767870086767204,1.0025201744157477
-0.09,1.0303744675515727,5.7,-0.6873959218040491,-0.017596285626695646,0.9773629810419694,1.0024677590499982
-0.09,1.0303744675515727,5.75,-0.685624233005575,-0.01783516920792914,0.9779214512464545,1.0024166248536575
-0.09,1.0303744675515727,5.800000000000001,-0.6838293388758339,-0.018060479521006575,0.9784630361355279,1.0023667373300873
-0.09,1.0303744675515727,5.8500000000000005,-0.6820125705513976,-0.018272737953552203,0.9789883281850745,1.0023180629400983
-0.09,1.0303744675515727,5.9,-0.6801752079622393,-0.018472447351640126,0.9794978965530818,1.002270569077536
-0.09,1.0303744675515727,5.95,-0.678318481654408,-0.018660092615172177,0.9799922880828108,1.0022242240452304
-0.09,1.0303744675515727,6.0,-0.676443574553979,-0.018836141280140342,0.9804720282598983,1.0021789970313322
-0.09,1.0303744675515727,6.050000000000001,-0.6745516236736596,-0.019001044087444262,0.9809376221255659,1.002134858086045
-0.09,1.0303744675515727,6.1000000000000005,-0.6726437217634443,-0.019155235538015958,0.981389555148063,1.0020917780987713
-0.09,1.0303744675515727,6.15,-0.6707209189067209,-0.019299134434078446,0.9818282940543084,1.0020497287756793
-0.09,1.0303744675515727,6.2,-0.6687842240632372,-0.01943314440643045,0.9822542876236572,1.0020086826177106
-0.09,1.0303744675515727,6.25,-0.6668346065603151,-0.019557654427706933,0.9826679674455819,1.0019686128990215
-0.09,1.0303744675515727,6.300000000000001,-0.6648729975337132,-0.01967303931161775,0.9830697486429949,1.0019294936458722
-0.09,1.0303744675515727,6.3500000000000005,-0.6629002913195032,-0.019779660198211327,0.9834600305628474,1.0018912996159677
-0.09,1.0303744675515727,6.4,-0.6609173467983313,-0.019877865025250865,0.9838391974355644,1.0018540062782522
-0.09,1.0303744675515727,6.45,-0.6589249886934063,-0.019967988985825247,0.984207619004792,1.001817589793151
-0.09,1.0303744675515727,6.5,-0.6569240088235416,-0.020050354972347105,0.9845656511288672,1.0017820269932756
-0.09,1.0303744675515727,6.550000000000001,-0.654915167312565,-0.020125274007117718,0.9849136363553578,1.001747295364572
-0.09,1.0303744675515727,6.6000000000000005,-0.6528991937563848,-0.020193045659659993,0.9852519044699312,1.0017133730279268
-0.09,1.0303744675515727,6.65,-0.6508767883489781,-0.0202539584510409,0.9855807730207826,1.001680238721217
-0.09,1.0303744675515727,6.7,-0.6488486229685672,-0.0203082902454211,0.9859005478197628,1.0016478717818023
-0.09,1.0303744675515727,6.75,-0.646815342225197,-0.020356308629082418,0.9862115234213089,1.0016162521294607
-0.09,1.0303744675515727,6.800000000000001,-0.6447775644709373,-0.020398271277196234,0.9865139835802209,1.0015853602497549
-0.09,1.0303744675515727,6.8500000000000005,-0.6427358827738917,-0.02043442630860357,0.9868082016892739,1.0015551771778304
-0.09,1.0303744675515727,6.9,-0.6406908658571838,-0.02046501262888589,0.9870944411976103,1.0015256844826332
-0.09,1.0303744675515727,6.95,-0.6386430590040646,-0.020490260262010083,0.9873729560108172,1.0014968642515458
-0.09,1.0303744675515727,7.0,-0.636592984930263,-0.020510390670835363,0.9876439908735323,1.0014686990754345
-0.09,1.0303744675515727,7.050000000000001,-0.6345411446246804,-0.020525617066772143,0.9879077817353955,1.0014411720340919
-0.09,1.0303744675515727,7.1000000000000005,-0.6324880181595027,-0.020536144708883614,0.9881645561011254,1.0014142666820873
-0.09,1.0303744675515727,7.15,-0.6304340654707786,-0.020542171192721413,0.9884145333654478,1.0013879670349906
-0.09,1.0303744675515727,7.2,-0.6283797271104934,-0.020543886729185334,0.9886579251335771,1.001362257555986
-0.09,1.0303744675515727,7.25,-0.6263254249711345,-0.02054147441369548,0.9888949355279234,1.001337123142856
-0.09,1.0303744675515727,7.300000000000001,-0.6242715629837169,-0.02053511048596262,0.989125761481652,1.0013125491153274
-0.09,1.0303744675515727,7.3500000000000005,-0.6222185277902231,-0.020524964580639078,0.9893505930196982,1.0012885212027731
-0.09,1.0303744675515727,7.4,-0.6201666893913708,-0.02051119996912953,0.9895696135278216,1.0012650255322713
-0.09,1.0303744675515727,7.45,-0.618116401770592,-0.02049397379283551,0.9897830000102286,1.0012420486169884
-0.09,1.0303744675515727,7.5,-0.6160680034951026,-0.020473437288104038,0.9899909233362999,1.001219577344913
-0.09,1.0303744675515727,7.550000000000001,-0.6140218182948792,-0.020449736003145026,0.9901935484769104,1.0011975989679012
-0.09,1.0303744675515727,7.6000000000000005,-0.6119781556203646,-0.020423010007177077,0.9903910347308117,1.0011761010910425
-0.09,1.0303744675515727,7.65,-0.6099373111796704,-0.02039339409205567,0.9905835359415264,1.0011550716623365
-0.09,1.0303744675515727,7.7,-0.6078995674560383,-0.020361017966632006,0.9907712007051879,1.0011344989626678
-0.09,1.0303744675515727,7.75,-0.6058651942062786,-0.020326006444085033,0.9909541725697244,1.0011143715960735
-0.09,1.0303744675515727,7.800000000000001,-0.6038344489408877,-0.020288479622463017,0.9911325902257779,1.0010946784802999
-0.09,1.0303744675515727,7.8500000000000005,-0.6018075773865156,-0.02024855305866499,0.991306587689727,1.0010754088376326
-0.09,1.0303744675515727,7.9,-0.5997848139314366,-0.02020633793608651,0.9914762944791693,1.0010565521859984
-0.09,1.0303744675515727,7.95,-0.5977663820546381,-0.020161941226147808,0.9916418357811891,1.001038098330334
-0.09,1.0303744675515727,8.0,-0.5957524947391365,-0.020115465843916235,0.9918033326137412,1.0010200373542062
-0.09,1.0303744675515727,8.05,-0.5937433548700889,-0.02006701079802935,0.9919609019804432,1.0010023596116817
-0.09,1.0303744675515727,8.1,-0.5917391556182631,-0.020016671335118127,0.9921146570190774,1.0009850557194433
-0.09,1.0303744675515727,8.15,-0.5897400808093926,-0.019964539078924468,0.9922647071440703,1.000968116549132
-0.09,1.0303744675515727,8.200000000000001,-0.5877463052799377,-0.01991070216430112,0.9924111581832193,1.0009515332199326
-0.09,1.0303744675515727,8.25,-0.5857579952197393,-0.019855245366275934,0.9925541125089073,1.0009352970913628
-0.09,1.0303744675515727,8.3,-0.5837753085020482,-0.019798250224357175,0.9926936691640645,1.0009193997562968
-0.09,1.0303744675515727,8.35,-0.5817983950013823,-0.019739795162250683,0.9928299239830811,1.0009038330341815
-0.09,1.0303744675515727,8.4,-0.5798273968996561,-0.019679955603154133,0.9929629697079078,1.0008885889644699
-0.09,1.0303744675515727,8.450000000000001,-0.5778624489810092,-0.019618804080788477,0.993092896099546,1.0008736598002448
-0.09,1.0303744675515727,8.5,-0.5759036789157344,-0.019556410346321048,0.9932197900451166,1.0008590380020335
-0.09,1.0303744675515727,8.55,-0.573951207533715,-0.019492841471330027,0.9933437356607195,1.0008447162318126
-0.09,1.0303744675515727,8.6,-0.5720051490877386,-0.019428161946954573,0.9934648143902299,1.0008306873471908
-0.09,1.0303744675515727,8.65,-0.5700656115070623,-0.019362433779370292,0.9935831051002442,1.00081694439577
-0.09,1.0303744675515727,8.700000000000001,-0.568132696641583,-0.019295716581724756,0.9936986841713,1.0008034806096684
-0.09,1.0303744675515727,8.75,-0.5662065004969549,-0.01922806766266337,0.9938116255855627,1.0007902894002207
-0.09,1.0303744675515727,8.8,-0.5642871134609823,-0.01915954211157087,0.9939220010110967,1.0007773643528275
-0.09,1.0303744675515727,8.85,-0.5623746205216122,-0.019090192880650246,0.9940298798828903,1.0007646992219632
-0.09,1.0303744675515727,8.9,-0.5604691014768316,-0.019020070863955504,0.9941353294807548,1.0007522879263386
-0.09,1.0303744675515727,8.950000000000001,-0.5585706311367662,-0.01894922497349141,0.9942384150042335,1.0007401245442034
-0.09,1.0303744675515727,9.0,-0.5566792795182732,-0.018877702212489137,0.9943391996446459,1.0007282033087923
-0.09,1.0303744675515727,9.05,-0.5547951120323004,-0.018805547745962367,0.9944377446543842,1.00071651860391
-0.09,1.0303744675515727,9.1,-0.5529181896642851,-0.01873280496864553,0.994534109413579,1.0007050649596474
-0.09,1.0303744675515727,9.15,-0.5510485691478463,-0.01865951557041123,0.9946283514942365,1.0006938370482243
-0.09,1.0303744675515727,9.200000000000001,-0.5491863031320261,-0.01858571959926124,0.9947205267219593,1.0006828296799641
-0.09,1.0303744675515727,9.25,-0.5473314403423177,-0.01851145552198136,0.9948106892353428,1.0006720377993803
-0.09,1.0303744675515727,9.3,-0.5454840257357134,-0.01843676028254762,0.994898891543148,1.0006614564813896
-0.09,1.0303744675515727,9.35,-0.5436441006499992,-0.018361669358367715,0.9949851845793368,1.0006510809276328
-0.09,1.0303744675515727,9.4,-0.5418117029475109,-0.01828621681443877,0.9950696177560575,1.0006409064629054
-0.09,1.0303744675515727,9.450000000000001,-0.5399868671535586,-0.01821043535549953,0.9951522390146678,1.0006309285317
-0.09,1.0303744675515727,9.5,-0.5381696245897255,-0.018134356376251687,0.9952330948748677,1.0006211426948513
-0.09,1.0303744675515727,9.55,-0.5363600035022289,-0.01805801000972323,0.995312230482023,1.0006115446262722
-0.09,1.0303744675515727,9.600000000000001,-0.5345580291855339,-0.01798142517384299,0.9953896896527508,1.0006021301098038
-0.09,1.0303744675515727,9.65,-0.5327637241013997,-0.01790462961629366,0.9954655149188395,1.0005928950361453
-0.09,1.0303744675515727,9.700000000000001,-0.5309771079935215,-0.017827649957707664,0.9955397475695584,1.0005838353998808
-0.09,1.0303744675515727,9.75,-0.5291981979979526,-0.017750511733268283,0.9956124276924392,1.0005749472965972
-0.09,1.0303744675515727,9.8,-0.5274270087494429,-0.0176732394327753,0.9956835942125711,1.0005662269200815
-0.09,1.0303744675515727,9.850000000000001,-0.5256635524838689,-0.017595856539233307,0.9957532849304839,1.0005576705596073
-0.09,1.0303744675515727,9.9,-0.5239078391368847,-0.017518385566017657,0.9958215365586622,1.0005492745972993
-0.09,1.0303744675515727,9.950000000000001,-0.5221598764389465,-0.017440848092671345,0.9958883847567532,1.000541035505574
-0.09,1.0303744675515727,10.0,-0.5204196700068432,-0.01736326479938432,0.9959538641655146,1.0005329498446598
-0.09,1.0303744675515727,10.05,-0.5186872234318602,-0.017285655500204326,0.9960180084395529,1.000525014260188
-0.09,1.0303744675515727,10.100000000000001,-0.516962538364707,-0.017208039175026942,0.9960808502788997,1.000517225480856
-0.09,1.0303744675515727,10.15,-0.5152456145973215,-0.01713043400041023,0.9961424214594683,1.0005095803161586
-0.09,1.0303744675515727,10.200000000000001,-0.5135364501416766,-0.017052857379258234,0.9962027528624406,1.000502075654185
-0.09,1.0303744675515727,10.25,-0.5118350413056868,-0.0169753259694153,0.9962618745026166,1.000494708459484
-0.09,1.0303744675515727,10.3,-0.5101413827663316,-0.01689785571121216,0.9963198155557692,1.0004874757709876
-0.09,1.0303744675515727,10.350000000000001,-0.5084554676400936,-0.016820461854002666,0.9963766043850509,1.0004803746999986
-0.09,1.0303744675515727,10.4,-0.5067772875508071,-0.01674315898172899,0.9964322685664736,1.0004734024282351
-0.09,1.0303744675515727,10.450000000000001,-0.5051068326950143,-0.016665961037551382,0.9964868349135083,1.000466556205934
-0.09,1.0303744675515727,10.5,-0.5034440919049177,-0.01658888134757734,0.996540329500833,1.0004598333500034
-0.09,1.0303744675515727,10.55,-0.5017890527090186,-0.016511932643723852,0.996592777687263,1.0004532312422425
-0.09,1.0303744675515727,10.600000000000001,-0.5001417013905167,-0.016435127085744624,0.9966442041378936,1.0004467473275978
-0.09,1.0303744675515727,10.65,-0.49850202304356084,-0.016358476282453713,0.9966946328454819,1.000440379112478
-0.09,1.0303744675515727,10.700000000000001,-0.4968700016274243,-0.01628199131217507,0.9967440871511037,1.0004341241631174
-0.09,1.0303744675515727,10.75,-0.4952456200186735,-0.01620568274244693,0.9967925897641017,1.0004279801039837
-0.09,1.0303744675515727,10.8,-0.4936288600614112,-0.01612956064900847,0.9968401627813648,1.0004219446162352
-0.09,1.0303744675515727,10.850000000000001,-0.49201970261565225,-0.016053634634095548,0.9968868277059486,1.0004160154362203
-0.09,1.0303744675515727,10.9,-0.49041812760390857,-0.01597791384407086,0.9969326054650739,1.0004101903540166
-0.09,1.0303744675515727,10.950000000000001,-0.4888241140560383,-0.015902406986413292,0.9969775164275174,1.0004044672120218
-0.09,1.0303744675515727,11.0,-0.4872376401524248,-0.015827122346090003,0.9970215804204225,1.0003988439035738
-0.09,1.0303744675515727,11.05,-0.4856586832655454,-0.015752067801334164,0.99706481674555,1.0003933183716172
-0.09,1.0303744675515727,11.100000000000001,-0.48408721999998416,-0.015677250838850174,0.9971072441949849,1.000387888607407
-0.09,1.0303744675515727,11.15,-0.48252322623094435,-0.015602678568467376,0.997148881066327,1.000382552649244
-0.09,1.0303744675515727,11.200000000000001,-0.48096667714131786,-0.015528357737262835,0.9971897451773769,1.0003773085812542
-0.09,1.0303744675515727,11.25,-0.47941754725735597,-0.015454294743172415,0.9972298538803387,1.0003721545321962
-0.09,1.0303744675515727,11.3,-0.4778758104829971,-0.015380495648109095,0.9972692240755567,1.0003670886743061
-0.09,1.0303744675515727,11.350000000000001,-0.4763414401328959,-0.015306966190606688,0.9973078722248053,1.0003621092221726
-0.09,1.0303744675515727,11.4,-0.47481440896420135,-0.015233711798006219,0.9973458143641399,1.0003572144316462
-0.09,1.0303744675515727,11.450000000000001,-0.4732946892071288,-0.015160737598201798,0.9973830661163339,1.0003524025987758
-0.09,1.0303744675515727,11.5,-0.4717822525943681,-0.015088048430962245,0.9974196427029139,1.000347672058779
-0.09,1.0303744675515727,11.55,-0.4702770703893685,-0.015015648858843673,0.9974555589558007,1.0003430211850384
-0.09,1.0303744675515727,11.600000000000001,-0.4687791134135456,-0.0149435431777084,0.9974908293285828,1.000338448388127
-0.09,1.0303744675515727,11.65,-0.4672883520724425,-0.014871735426864215,0.9975254679074206,1.0003339521148615
-0.09,1.0303744675515727,11.700000000000001,-0.46580475638088864,-0.014800229398838046,0.9975594884216062,1.0003295308473799
-0.09,1.0303744675515727,11.75,-0.4643282959871871,-0.01472902864879731,0.9975929042537847,1.0003251831022444
-0.09,1.0303744675515727,11.8,-0.46285894019637247,-0.014658136503631809,0.9976257284498534,1.0003209074295758
-0.09,1.0303744675515727,11.850000000000001,-0.46139665799256646,-0.014587556070708491,0.9976579737285421,1.0003167024122017
-0.09,1.0303744675515727,11.9,-0.45994141806046795,-0.014517290246310953,0.9976896524906934,1.0003125666648345
-0.09,1.0303744675515727,11.950000000000001,-0.4584931888060076,-0.014447341723775308,0.9977207768282524,1.0003084988332727
-0.09,1.0303744675515727,12.0,-0.4570519383762,-0.014377713001333146,0.9977513585329707,1.0003044975936193
-0.09,1.0303744675515727,12.05,-0.45561763467821764,-0.014308406389672538,0.9977814091048403,1.000300561651527
-0.09,1.0303744675515727,12.100000000000001,-0.45419024539772224,-0.01423942401922711,0.9978109397602636,1.0002966897414614
-0.09,1.0303744675515727,12.15,-0.4527697380164742,-0.01417076784720297,0.997839961439969,1.0002928806259819
-0.09,1.0303744675515727,12.200000000000001,-0.4513560798292513,-0.014102439664353275,0.9978684848166792,1.0002891330950465
-0.09,1.0303744675515727,12.25,-0.4499492379601015,-0.014034441101509204,0.9978965203025486,1.0002854459653365
-0.09,1.0303744675515727,12.3,-0.44854917937795,-0.013966773635876327,0.9979240780563615,1.0002818180795907
-0.09,1.0303744675515727,12.350000000000001,-0.4471558709115929,-0.01389943859710489,0.9979511679905207,1.0002782483059702
-0.09,1.0303744675515727,12.4,-0.44576927926409093,-0.013832437173141972,0.997977799777811,1.0002747355374304
-0.09,1.0303744675515727,12.450000000000001,-0.4443893710265924,-0.013765770415873521,0.9980039828579638,1.0002712786911114
-0.09,1.0303744675515727,12.5,-0.4430161126916033,-0.013699439246563808,0.9980297264440183,1.0002678767077529
-0.09,1.0303744675515727,12.55,-0.4416494706657257,-0.01363344446109948,0.9980550395284914,1.000264528551113
-0.09,1.0303744675515727,12.600000000000001,-0.4402894112818822,-0.01356778673504541,0.9980799308893573,1.0002612332074112
-0.09,1.0303744675515727,12.65,-0.43893590081105216,-0.0135024666285189,0.9981044090958537,1.0002579896847832
-0.09,1.0303744675515727,12.700000000000001,-0.4375889054735268,-0.01343748459088892,0.9981284825141046,1.0002547970127489
-0.09,1.0303744675515727,12.75,-0.43624839144971045,-0.013372840965306436,0.9981521593125813,1.0002516542416968
-0.09,1.0303744675515727,12.8,-0.434914324890482,-0.013308535993072157,0.9981754474673958,1.0002485604423825
-0.09,1.0303744675515727,12.850000000000001,-0.43358667192712924,-0.013244569817847282,0.9981983547674411,1.0002455147054385
-0.09,1.0303744675515727,12.9,-0.4322653986808761,-0.013180942489712874,0.998220888819373,1.000242516140895
-0.09,1.0303744675515727,12.950000000000001,-0.4309504712720168,-0.01311765396908335,0.9982430570524481,1.0002395638777215
-0.09,1.0303744675515727,13.0,-0.42964185582866776,-0.013054704130479303,0.9982648667232179,1.0002366570633712
-0.09,1.0303744675515727,13.05,-0.4283395184951583,-0.012992092766164505,0.9982863249200851,1.0002337948633415
-0.09,1.0303744675515727,13.100000000000001,-0.42704342544006346,-0.01292981958965207,0.9983074385677253,1.000230976460747
-0.09,1.0303744675515727,13.15,-0.4257535428639032,-0.01286788423908435,0.9983282144313789,1.0002282010559023
-0.09,1.0303744675515727,13.200000000000001,-0.42446983700651053,-0.012806286280491101,0.9983486591210192,1.0002254678659135
-0.09,1.0303744675515727,13.25,-0.4231922741540849,-0.012745025210930181,0.9983687790953985,1.0002227761242863
-0.09,1.0303744675515727,13.3,-0.42192082064594255,-0.012684100461514951,0.9983885806659749,1.0002201250805356
-0.09,1.0303744675515727,13.350000000000001,-0.420655442880973,-0.012623511400332462,0.9984080700007302,1.0002175139998162
-0.09,1.0303744675515727,13.4,-0.4193961073238132,-0.012563257335256128,0.9984272531278714,1.000214942162552
-0.09,1.0303744675515727,13.450000000000001,-0.4181427805107491,-0.01250333751665684,0.9984461359394311,1.0002124088640811
-0.09,1.0303744675515727,13.5,-0.41689542905535343,-0.012443751140015858,0.9984647241947624,1.0002099134143108
-0.09,1.0303744675515727,13.55,-0.41565401965387183,-0.01238449734844315,0.9984830235239316,1.0002074551373754
-0.09,1.0303744675515727,13.600000000000001,-0.41441851909036287,-0.012325575235104408,0.9985010394310196,1.0002050333713102
-0.09,1.0303744675515727,13.65,-0.4131888942416032,-0.012266983845559973,0.9985187772973255,1.0002026474677284
-0.09,1.0303744675515727,13.700000000000001,-0.4119651120817638,-0.012208722180018729,0.9985362423844789,1.0002002967915091
-0.09,1.0303744675515727,13.75,-0.4107471396868685,-0.012150789195510105,0.9985534398374655,1.0001979807204917
-0.09,1.0303744675515727,13.8,-0.4095349442390404,-0.012093183807976832,0.9985703746875711,1.0001956986451792
-0.09,1.0303744675515727,13.850000000000001,-0.4083284930305413,-0.012035904894291436,0.9985870518552332,1.000193449968447
-0.09,1.0303744675515727,13.9,-0.407127753467618,-0.01197895129419908,0.9986034761528236,1.0001912341052623
-0.09,1.0303744675515727,13.950000000000001,-0.4059326930741562,-0.011922321812189229,0.9986196522873465,1.0001890504824074
-0.09,1.0303744675515727,14.0,-0.40474327949515015,-0.011866015219298849,0.9986355848630639,1.0001868985382127
-0.09,1.0303744675515727,14.05,-0.403559480499997,-0.011810030254849327,0.998651278384046,1.000184777722293
-0.09,1.0303744675515727,14.100000000000001,-0.4023812639856192,-0.01175436562811956,0.9986667372566531,1.0001826874952942
-0.09,1.0303744675515727,14.15,-0.4012085979794227,-0.011699020019957412,0.9986819657919506,1.0001806273286447
-0.09,1.0303744675515727,14.200000000000001,-0.40004145064209523,-0.011643992084331676,0.9986969682080505,1.0001785967043109
-0.09,1.0303744675515727,14.25,-0.39887979027025183,-0.011589280449826602,0.9987117486323972,1.0001765951145618
-0.09,1.0303744675515727,14.3,-0.39772358529893287,-0.011534883721081104,0.9987263111039834,1.00017462206174
-0.09,1.0303744675515727,14.350000000000001,-0.3965728043039581,-0.011480800480174462,0.998740659575512,1.0001726770580333
-0.09,1.0303744675515727,14.4,-0.39542741600414416,-0.011427029287960425,0.9987547979154925,1.0001707596252576
-0.09,1.0303744675515727,14.450000000000001,-0.3942873892633894,-0.01137356868535153,0.998768729910288,1.0001688692946442
-0.09,1.0303744675515727,14.5,-0.3931526930926291,-0.01132041719455534,0.9987824592660973,1.000167005606627
-0.09,1.0303744675515727,14.55,-0.3920232966516703,-0.01126757332026438,0.9987959896108917,1.0001651681106418
-0.09,1.0303744675515727,14.600000000000001,-0.3908991692509053,-0.011215035550801252,0.9988093244962989,1.0001633563649284
-0.09,1.0303744675515727,14.65,-0.38978028035291146,-0.011162802359220519,0.998822467399428,1.0001615699363346
-0.09,1.0303744675515727,14.700000000000001,-0.38866659957394123,-0.011110872204368986,0.9988354217246578,1.0001598084001275
-0.09,1.0303744675515727,14.75,-0.3875580966853049,-0.011059243531905707,0.9988481908053668,1.0001580713398106
-0.09,1.0303744675515727,14.8,-0.3864547416146522,-0.01100791477528311,0.9988607779056246,1.0001563583469426
-0.09,1.0303744675515727,14.850000000000001,-0.38535650444715414,-0.010956884356690729,0.9988731862218335,1.0001546690209615
-0.09,1.0303744675515727,14.9,-0.3842633554265912,-0.010906150687962694,0.9988854188843286,1.0001530029690142
-0.09,1.0303744675515727,14.950000000000001,-0.3831752649563495,-0.010855712171450363,0.9988974789589352,1.0001513598057887
-0.09,1.0303744675515727,15.0,-0.38209220360033014,-0.010805567200861248,0.9989093694484878,1.000149739153351
-0.09,1.0303744675515727,15.05,-0.38101414208377266,-0.010755714162065392,0.9989210932943032,1.000148140640984
-0.09,1.0303744675515727,15.100000000000001,-0.37994105129399913,-0.010706151433870445,0.9989326533776204,1.0001465639050362
-0.09,1.0303744675515727,15.15,-0.3788729022810796,-0.010656877388766396,0.9989440525210015,1.000145008588765
-0.09,1.0303744675515727,15.200000000000001,-0.37780966625842205,-0.010607890393641092,0.9989552934896951,1.0001434743421926
-0.09,1.0303744675515727,15.25,-0.3767513146032915,-0.010559188810467586,0.9989663789929654,1.0001419608219584
-0.09,1.0303744675515727,15.3,-0.37569781885725917,-0.0105107709969642,0.9989773116853841,1.000140467691178
-0.09,1.0303744675515727,15.350000000000001,-0.3746491507265867,-0.010462635307228461,0.998988094168096,1.0001389946193087
-0.09,1.0303744675515727,15.4,-0.3736052820825454,-0.010414780092345522,0.9989987289900398,1.0001375412820102
-0.09,1.0303744675515727,15.450000000000001,-0.372566184961675,-0.010367203700972244,0.9990092186491523,1.000136107361016
-0.09,1.0303744675515727,15.5,-0.3715318315659851,-0.010319904479897637,0.9990195655935298,1.0001346925440038
-0.09,1.0303744675515727,15.55,-0.3705021942630988,-0.01027288077458057,0.9990297722225647,1.0001332965244707
-0.09,1.0303744675515727,15.600000000000001,-0.36947724558634504,-0.010226130929665445,0.999039840888054,1.00013191900161
-0.09,1.0303744675515727,15.65,-0.3684569582347969,-0.01017965328947671,0.999049773895277,1.0001305596801944
-0.09,1.0303744675515727,15.700000000000001,-0.36744130507326334,-0.010133446198492914,0.9990595735040481,1.000129218270454
-0.09,1.0303744675515727,15.75,-0.3664302591322327,-0.010087508001801027,0.9990692419297402,1.0001278944879668
-0.09,1.0303744675515727,15.8,-0.36542379360777144,-0.010041837045531694,0.9990787813442864,1.0001265880535457
-0.09,1.0303744675515727,15.850000000000001,-0.3644218818613802,-0.009996431677276195,0.9990881938771506,1.0001252986931297
-0.09,1.0303744675515727,15.9,-0.36342449741980976,-0.00995129024648551,0.9990974816162794,1.0001240261376756
-0.09,1.0303744675515727,15.950000000000001,-0.3624316139748348,-0.009906411104852554,0.9991066466090294,1.0001227701230584
-0.09,1.0303744675515727,16.0,-0.3614432053829948,-0.009861792606677616,0.9991156908630642,1.0001215303899658
-0.09,1.0303744675515727,16.05,-0.3604592456652963,-0.009817433109218135,0.9991246163472415,1.0001203066837994
-0.09,1.0303744675515727,16.1,-0.3594797090068814,-0.00977333097302301,0.999133424992467,1.0001190987545823
-0.09,1.0303744675515727,16.150000000000002,-0.35850456975666534,-0.009729484562252075,0.9991421186925323,1.000117906356858
-0.09,1.0303744675515727,16.2,-0.3575338024269428,-0.009685892244981434,0.9991506993049324,1.0001167292496005
-0.09,1.0303744675515727,16.25,-0.35656738169296365,-0.009642552393494852,0.9991591686516625,1.0001155671961275
-0.09,1.0303744675515727,16.3,-0.35560528239248157,-0.00959946338456198,0.9991675285199909,1.0001144199640044
-0.09,1.0303744675515727,16.35,-0.3546474795252784,-0.009556623599703778,0.9991757806632213,1.000113287324964
-0.09,1.0303744675515727,16.400000000000002,-0.35369394825265954,-0.009514031425445477,0.9991839268014302,1.0001121690548207
-0.09,1.0303744675515727,16.45,-0.3527446638969276,-0.009471685253557752,0.9991919686221865,1.0001110649333875
-0.09,1.0303744675515727,16.5,-0.35179960194083376,-0.009429583481286315,0.9991999077812583,1.0001099747443936
-0.09,1.0303744675515727,16.55,-0.3508587380270056,-0.00938772451157051,0.999207745903297,1.0001088982754083
-0.09,1.0303744675515727,16.6,-0.3499220479573567,-0.009346106753251175,0.9992154845825069,1.0001078353177628
-0.09,1.0303744675515727,16.650000000000002,-0.3489895076924763,-0.009304728621268216,0.9992231253833022,1.0001067856664734
-0.09,1.0303744675515727,16.7,-0.34806109335099944,-0.009263588536848295,0.999230669840941,1.0001057491201717
-0.09,1.0303744675515727,16.75,-0.34713678120896124,-0.009222684927682906,0.9992381194621505,1.0001047254810267
-0.09,1.0303744675515727,16.8,-0.34621654769913474,-0.009182016228097242,0.9992454757257344,1.00010371455468
-0.09,1.0303744675515727,16.85,-0.34530036941035264,-0.009141580879210196,0.9992527400831654,1.0001027161501732
-0.09,1.0303744675515727,16.900000000000002,-0.3443882230868147,-0.009101377329085775,0.9992599139591657,1.0001017300798818
-0.09,1.0303744675515727,16.95,-0.3434800856273817,-0.009061404032876254,0.999266998752271,1.0001007561594495
-0.09,1.0303744675515727,17.0,-0.3425759340848559,-0.009021659452957367,0.9992739958353822,1.0000997942077223
-0.09,1.0303744675515727,17.05,-0.3416757456652513,-0.008982142059055913,0.9992809065563082,1.0000988440466896
-0.09,1.0303744675515727,17.1,-0.3407794977270484,-0.008942850328369823,0.9992877322382863,1.0000979055014156
-0.09,1.0303744675515727,17.150000000000002,-0.33988716778044264,-0.008903782745681274,0.9992944741804998,1.0000969783999851
-0.09,1.0303744675515727,17.2,-0.33899873348658077,-0.008864937803462824,0.9993011336585782,1.0000960625734416
-0.09,1.0303744675515727,17.25,-0.3381141726567872,-0.008826314001977042,0.9993077119250902,1.000095157855731
-0.09,1.0303744675515727,17.3,-0.3372334632517831,-0.0087879098493697,0.9993142102100175,1.0000942640836434
-0.09,1.0303744675515727,17.35,-0.3363565833808959,-0.00874972386175689,0.9993206297212259,1.0000933810967594
-0.09,1.0303744675515727,17.400000000000002,-0.33548351130126225,-0.008711754563306235,0.9993269716449203,1.0000925087373944
-0.09,1.0303744675515727,17.45,-0.3346142254170236,-0.008674000486312424,0.999333237146093,1.000091646850549
-0.09,1.0303744675515727,17.5,-0.3337487042785136,-0.008636460171267245,0.9993394273689545,1.0000907952838523
-0.09,1.0303744675515727,17.55,-0.3328869265814427,-0.00859913216692443,0.999345543437365,1.0000899538875152
-0.09,1.0303744675515727,17.6,-0.33202887116607416,-0.008562015030359388,0.9993515864552469,1.0000891225142812
-0.09,1.0303744675515727,17.650000000000002,-0.33117451701639555,-0.008525107327024058,0.9993575575069908,1.0000883010193735
-0.09,1.0303744675515727,17.7,-0.3303238432592868,-0.008488407630797097,0.9993634576578544,1.0000874892604517
-0.09,1.0303744675515727,17.75,-0.329476829163682,-0.00845191452402956,0.9993692879543488,1.0000866870975633
-0.09,1.0303744675515727,17.8,-0.32863345413972894,-0.008415626597586247,0.9993750494246194,1.000085894393101
-0.09,1.0303744675515727,17.85,-0.32779369773794437,-0.008379542450882823,0.9993807430788156,1.0000851110117537
-0.09,1.0303744675515727,17.900000000000002,-0.32695753964836516,-0.008343660691919004,0.9993863699094516,1.0000843368204664
-0.09,1.0303744675515727,17.95,-0.3261249596996988,-0.00830797993730785,0.9993919308917616,1.0000835716883967
-0.09,1.0303744675515727,18.0,-0.32529593785846816,-0.008272498812301311,0.9993974269840471,1.0000828154868726
-0.09,1.0303744675515727,18.05,-0.3244704542281579,-0.008237215950812308,0.9994028591280117,1.000082068089352
-0.09,1.0303744675515727,18.1,-0.3236484890483554,-0.008202129995433273,0.9994082282490955,1.0000813293713822
-0.09,1.0303744675515727,18.150000000000002,-0.3228300226938924,-0.008167239597451513,0.9994135352567949,1.0000805992105617
-0.09,1.0303744675515727,18.2,-0.3220150356739843,-0.00813254341686132,0.9994187810449799,1.000079877486501
-0.09,1.0303744675515727,18.25,-0.3212035086313685,-0.00809804012237309,0.9994239664922049,1.0000791640807856
-0.09,1.0303744675515727,18.3,-0.3203954223414418,-0.008063728391419564,0.9994290924620081,1.0000784588769385
-0.09,1.0303744675515727,18.35,-0.3195907577113977,-0.008029606910159201,0.9994341598032064,1.0000777617603855
-0.09,1.0303744675515727,18.400000000000002,-0.31878949577936344,-0.00799567437347693,0.9994391693501875,1.0000770726184174
-0.09,1.0303744675515727,18.45,-0.3179916177135355,-0.0079619294849823,0.9994441219231907,1.0000763913401596
-0.09,1.0303744675515727,18.5,-0.31719710481131747,-0.007928370957005161,0.9994490183285809,1.0000757178165336
-0.09,1.0303744675515727,18.55,-0.3164059384984556,-0.007894997510589022,0.9994538593591227,1.0000750519402268
-0.09,1.0303744675515727,18.6,-0.3156181003281779,-0.007861807875482065,0.999458645794242,1.0000743936056604
-0.09,1.0303744675515727,18.650000000000002,-0.31483357198033135,-0.007828800790126083,0.9994633784002853,1.0000737427089552
-0.09,1.0303744675515727,18.7,-0.31405233526052156,-0.007795975001643258,0.9994680579307718,1.000073099147902
-0.09,1.0303744675515727,18.75,-0.3132743720992522,-0.007763329265820981,0.9994726851266431,1.000072462821932
-0.09,1.0303744675515727,18.8,-0.3124996645510674,-0.007730862347094805,0.9994772607165023,1.0000718336320846
-0.09,1.0303744675515727,18.85,-0.31172819479369396,-0.007698573018529489,0.9994817854168512,1.00007121148098
-0.09,1.0303744675515727,18.900000000000002,-0.3109599451271867,-0.007666460061798396,0.9994862599323254,1.0000705962727905
-0.09,1.0303744675515727,18.95,-0.3101948979730736,-0.007634522267161152,0.999490684955915,1.0000699879132107
-0.09,1.0303744675515727,19.0,-0.3094330358735047,-0.007602758433439737,0.9994950611691916,1.0000693863094312
-0.09,1.0303744675515727,19.05,-0.3086743414904024,-0.007571167367993089,0.9994993892425228,1.0000687913701125
-0.09,1.0303744675515727,19.1,-0.3079187976046133,-0.007539747886690229,0.999503669835285,1.0000682030053574
-0.09,1.0303744675515727,19.150000000000002,-0.3071663871150631,-0.007508498813881998,0.9995079035960713,1.0000676211266837
-0.09,1.0303744675515727,19.200000000000003,-0.3064170930379147,-0.007477418982371496,0.9995120911628952,1.0000670456470033
-0.09,1.0303744675515727,19.25,-0.3056708985057262,-0.007446507233383256,0.9995162331633888,1.000066476480592
-0.09,1.0303744675515727,19.3,-0.3049277867666143,-0.00741576241653122,0.9995203302149983,1.0000659135430676
-0.09,1.0303744675515727,19.35,-0.3041877411834205,-0.007385183389785623,0.9995243829251762,1.000065356751368
-0.09,1.0303744675515727,19.400000000000002,-0.3034507452328777,-0.007354769019438692,0.9995283918915643,1.000064806023724
-0.09,1.0303744675515727,19.450000000000003,-0.3027167825047821,-0.007324518180069467,0.9995323577021806,1.000064261279639
-0.09,1.0303744675515727,19.5,-0.3019858367011686,-0.007294429754507499,0.9995362809355954,1.0000637224398652
-0.09,1.0303744675515727,19.55,-0.3012578916354863,-0.007264502633795752,0.9995401621611082,1.0000631894263818
-0.09,1.0303744675515727,19.6,-0.30053293123178204,-0.0072347357171525396,0.9995440019389178,1.000062662162374
-0.09,1.0303744675515727,19.650000000000002,-0.2998109395238829,-0.007205127911932691,0.999547800820291,1.000062140572211
-0.09,1.0303744675515727,19.700000000000003,-0.2990919006545855,-0.007175678133587912,0.9995515593477285,1.0000616245814251
-0.09,1.0303744675515727,19.75,-0.298375798874847,-0.007146385305626402,0.9995552780551232,1.0000611141166942
-0.09,1.0303744675515727,19.8,-0.2976626185429806,-0.007117248359571808,0.9995589574679206,1.0000606091058164
-0.09,1.0303744675515727,19.85,-0.29695234412385463,-0.007088266234921475,0.9995625981032694,1.0000601094776946
-0.09,1.0303744675515727,19.900000000000002,-0.29624496018809615,-0.0070594378791041384,0.9995662004701784,1.0000596151623165
-0.09,1.0303744675515727,19.950000000000003,-0.2955404514112972,-0.007030762247436984,0.9995697650696599,1.0000591260907354
-0.09,1.0303744675515727,20.0,-0.29483880257322637,-0.00700223830308223,0.9995732923948772,1.0000586421950513
-0.09,1.0303744675515727,20.1,-0.2934440243485186,-0.006945641367919486,0.9995802371567739,1.0000576896649023
-0.09,1.0303744675515727,20.28615468146082,-0.29087747863678504,-0.006841860813980901,0.999592786114745,1.0000559691374618
-0.09,1.0303744675515727,20.47403342090323,-0.2883259564776684,-0.0067391558058599995,0.9996049712684613,1.0000542993721986
-0.09,1.0303744675515727,20.663652185564246,-0.28578954924499095,-0.006637522160215192,0.9996168033395986,1.0000526788973672
-0.09,1.0303744675515727,20.855027090560313,-0.2832683466067334,-0.006536955459658471,0.9996282927246642,1.0000511062815538
-0.09,1.0303744675515727,21.04817440025684,-0.2807624365660041,-0.006437451066972675,0.9996394495046664,1.0000495801327125
-0.09,1.0303744675515727,21.243110529650455,-0.2782719054995302,-0.006339004138811238,0.9996502834545331,1.0000480990972143
-0.09,1.0303744675515727,21.439852045764102,-0.2757968381938103,-0.006241609638893962,0.9996608040522706,1.0000466618589108
-0.09,1.0303744675515727,21.638415669054964,-0.2733373178790885,-0.006145262350713008,0.9996710204878758,1.0000452671382203
-0.09,1.0303744675515727,21.83881827483555,-0.27089342626131163,-0.006049956889762801,0.9996809416720032,1.000043913691224
-0.09,1.0303744675515727,22.04107689470784,-0.2684652435522402,-0.005955687715307834,0.9996905762443994,1.0000426003087852
-0.09,1.0303744675515727,22.245208718010712,-0.26605284849787303,-0.005862449141701985,0.9996999325820972,1.0000413258156788
-0.09,1.0303744675515727,22.4512310932809,-0.2636563184053345,-0.005770235349272492,0.9997090188073859,1.0000400890697407
-0.09,1.0303744675515727,22.659161529727328,-0.26127572916836056,-0.005679040394781501,0.9997178427955631,1.000038888961036
-0.09,1.0303744675515727,22.86901769871915,-0.2589111552914911,-0.0055888582214774435,0.9997264121824592,1.0000377244110374
-0.09,1.0303744675515727,23.080817435287667,-0.2565626699130521,-0.005499682668747815,0.9997347343717607,1.0000365943718248
-0.09,1.0303744675515727,23.294578739641963,-0.2542303448269853,-0.005411507481384472,0.9997428165421196,1.0000354978253012
-0.09,1.0303744675515727,23.510319778698783,-0.2519142505035469,-0.005324326318471653,0.9997506656540628,1.0000344337824183
-0.09,1.0303744675515727,23.72805888762644,-0.24961445610887084,-0.005238132761906463,0.999758288456703,1.000033401282428
-0.09,1.0303744675515727,23.947814571403043,-0.24733102952336206,-0.005152920324560829,0.9997656914942575,1.0000323993921407
-0.09,1.0303744675515727,24.169605506389228,-0.24506403735885843,-0.005068682458093241,0.999772881112381,1.0000314272052035
-0.09,1.0303744675515727,24.39345054191539,-0.24281354497447435,-0.0049854125604182654,0.9997798634643102,1.000030483841395
-0.09,1.0303744675515727,24.619368701883577,-0.2405796164910275,-0.004903103982841215,0.9997866445168347,1.0000295684459293
-0.09,1.0303744675515727,24.847379186384366,-0.23836231480392622,-0.004821750036864931,0.9997932300560907,1.0000286801887845
-0.09,1.0303744675515727,25.077501373328523,-0.23616170159439887,-0.004741344000675635,0.9997996256931864,1.0000278182640363
-0.09,1.0303744675515727,25.30975482009396,-0.23397783733893388,-0.004661879125314322,0.9998058368696603,1.000026981889214
-0.09,1.0303744675515727,25.544159265187808,-0.23181078131680893,-0.004583348640540329,0.9998118688627758,1.0000261703046662
-0.09,1.0303744675515727,25.780734629923902,-0.22966059161559899,-0.004505745760393623,0.9998177267906666,1.0000253827729428
-0.09,1.0303744675515727,26.019501020115914,-0.22752732513455645,-0.004429063688462491,0.9998234156173182,1.0000246185781914
-0.09,1.0303744675515727,26.260478727786037,-0.22541103758579148,-0.004353295622863511,0.9998289401574088,1.000023877025567
-0.09,1.0303744675515727,26.503688232889502,-0.22331178349318814,-0.004278434760940909,0.9998343050809979,1.000023157440655
-0.09,1.0303744675515727,26.74915020505521,-0.22122961618902576,-0.004204474303692613,0.9998395149180808,1.0000224591689104
-0.09,1.0303744675515727,26.99688550534226,-0.21916458780830056,-0.004131407459930759,0.999844574062995,1.0000217815751047
-0.09,1.0303744675515727,27.246915188012967,-0.21711674928076452,-0.004059227450184489,0.9998494867787033,1.0000211240427916
-0.09,1.0303744675515727,27.499260502322162,-0.21508615032073566,-0.0039879275103534,0.9998542572009402,1.0000204859737845
-0.09,1.0303744675515727,27.753942894323053,-0.21307283941474772,-0.0039175008951200015,0.9998588893422296,1.000019866787643
-0.09,1.0303744675515727,28.010984008689945,-0.2110768638071391,-0.003847940881129904,0.9998633870957832,1.0000192659211768
-0.09,1.0303744675515727,28.270405690557713,-0.2090982694836973,-0.003779240769948536,0.9998677542392775,1.0000186828279582
-0.09,1.0303744675515727,28.532229987378305,-0.20713710115349285,-0.003711393890803257,0.9998719944385109,1.0000181169778475
-0.09,1.0303744675515727,28.79647915079459,-0.2051934022290462,-0.0036443936031196477,0.9998761112509519,1.0000175678565328
-0.09,1.0303744675515727,29.063175638531384,-0.20326721480498164,-0.003578233298860781,0.9998801081291709,1.0000170349650785
-0.09,1.0303744675515727,29.332342116304055,-0.20135857963532464,-0.003512906404678048,0.9998839884241694,1.0000165178194838
-0.09,1.0303744675515727,29.604001459744886,-0.19946753610959353,-0.0034484063838816957,0.9998877553886043,1.0000160159502576
-0.09,1.0303744675515727,29.8781767563471,-0.19759412222783618,-0.0033847267382392235,0.9998914121799068,1.0000155289019999
-0.09,1.0303744675515727,30.154891307427096,-0.19573837457474583,-0.0033218610096090156,0.9998949618633067,1.0000150562329966
-0.09,1.0303744675515727,30.43416863010471,-0.19390032829298176,-0.0032598027814164697,0.9998984074147601,1.0000145975148218
-0.09,1.0303744675515727,30.716032459301825,-0.19208001705579997,-0.0031985456799790567,0.9999017517237841,1.0000141523319532
-0.09,1.0303744675515727,31.00050674975963,-0.19027747303908107,-0.003138083375686506,0.9999049975961978,1.000013720281397
-0.09,1.0303744675515727,31.287615678074335,-0.18849272689282653,-0.0030784095840416716,0.9999081477567849,1.0000133009723222
-0.09,1.0303744675515727,31.577383644751972,-0.18672580771216457,-0.003019518066566948,0.9999112048518585,1.0000128940257045
-0.09,1.0303744675515727,31.869835276282085,-0.1849767430078965,-0.002961402631580869,0.9999141714517559,1.0000124990739798
-0.09,1.0303744675515727,32.16499542723059,-0.18324555867658937,-0.0029040571348488415,0.9999170500532443,1.0000121157607076
-0.09,1.0303744675515727,32.462889182352235,-0.1815322789702013,-0.002847475480111554,0.9999198430818527,1.000011743740243
-0.09,1.0303744675515727,32.763541858722334,-0.17983692646521754,-0.002791651619494264,0.999922552894128,1.000011382677416
-0.09,1.0303744675515727,33.06697900788844,-0.17815952203125324,-0.002736579553799771,0.9999251817798182,1.000011032247223
-0.09,1.0303744675515727,33.373226418041924,-0.17650008479907772,-0.002682253332687739,0.9999277319639833,1.0000106921345246
-0.09,1.0303744675515727,33.68231011620963,-0.1748586321280047,-0.0026286670547426244,0.9999302056090387,1.00001036203375
-0.09,1.0303744675515727,33.99425637046573,-0.17323517957259163,-0.0025758148674326514,0.9999326048167301,1.000010041648611
-0.09,1.0303744675515727,34.30909169216431,-0.17162974084859256,-0.0025236909669619422,0.9999349316300478,1.000009730691829
-0.09,1.0303744675515727,34.62684283819243,-0.17004232779811562,-0.002472289598018103,0.9999371880350699,1.000009428884857
-0.09,1.0303744675515727,34.94753681324406,-0.16847295035394172,-0.002421605053417641,0.9999393759627562,1.0000091359576249
-0.09,1.0303744675515727,35.2712008721152,-0.16692161650297535,-0.0023716316736516127,0.9999414972906692,1.0000088516482768
-0.09,1.0303744675515727,35.597862522020144,-0.16538833224881033,-0.002322363846334256,0.9999435538446526,1.00000857570293
-0.09,1.0303744675515727,35.927549524929255,-0.1638731015734092,-0.002273796005557399,0.9999455474004392,1.0000083078754267
-0.09,1.0303744675515727,36.26028989992831,-0.16237592639791606,-0.0022259226311538583,0.9999474796852176,1.0000080479271043
-0.09,1.0303744675515727,36.59611192559986,-0.16089680654263486,-0.002178738247873137,0.999949352379139,1.0000077956265672
-0.09,1.0303744675515727,36.93504414242648,-0.15943573968622982,-0.0021322374244731,0.9999511671167746,1.0000075507494623
-0.09,1.0303744675515727,37.27711535521626,-0.1579927213242216,-0.00208641477273154,0.9999529254885259,1.000007313078267
-0.09,1.0303744675515727,37.62235463555102,-0.15656774472686807,-0.002041264946381694,0.9999546290419872,1.0000070824020797
-0.09,1.0303744675515727,37.97079132425686,-0.15516080089653908,-0.0019967826399761184,0.9999562792832573,1.0000068585164161
-0.09,1.0303744675515727,38.32245503389777,-0.1537718785247067,-0.0019529625876833745,0.9999578776782135,1.0000066412230122
-0.09,1.0303744675515727,38.67737565129239,-0.1524009639486878,-0.0019097995620221742,0.9999594256537375,1.0000064303296337
-0.09,1.0303744675515727,39.03558334005395,-0.15104804110828154,-0.0018672883725377079,0.9999609245988997,1.0000062256498892
-0.09,1.0303744675515727,39.3971085431537,-0.1497130915024591,-0.0018254238644249343,0.9999623758661047,1.0000060270030504
-0.09,1.0303744675515727,39.761981985508335,-0.14839609414626057,-0.0017842009171035256,0.9999637807721955,1.0000058342138767
-0.09,1.0303744675515727,40.1302346765911,-0.14709702552806303,-0.001743614442749241,0.9999651405995222,1.0000056471124454
-0.09,1.0303744675515727,40.50189791306716,-0.14581585956737686,-0.001703659384786255,0.9999664565969697,1.0000054655339858
-0.09,1.0303744675515727,40.87700328145351,-0.14455256757333101,-0.001664330716344968,0.9999677299809533,1.0000052893187203
-0.09,1.0303744675515727,41.25558266080338,-0.1433071182039974,-0.0016256234386894744,0.9999689619363792,1.0000051183117076
-0.09,1.0303744675515727,41.63766822541544,-0.14207947742669952,-0.0015875325796189024,0.9999701536175686,1.0000049523626928
-0.09,1.0303744675515727,42.02329244756837,-0.14086960847944163,-0.0015500531918463069,0.9999713061491543,1.0000047913259604
-0.09,1.0303744675515727,42.41248810028041,-0.1396774718335834,-0.0015131803513588828,0.9999724206269418,1.0000046350601937
-0.09,1.0303744675515727,42.80528826009479,-0.13850302515787333,-0.0014769091557627096,0.9999734981187423,1.000004483428334
-0.09,1.0303744675515727,43.20172630989064,-0.13734622328394303,-0.0014412347226152272,0.9999745396651764,1.0000043362974498
-0.09,1.0303744675515727,43.60183594172025,-0.1362070181733513,-0.0014061521877482472,0.999975546280448,1.0000041935386073
-0.09,1.0303744675515727,44.00565115967241,-0.13508535888625495,-0.001371656703584171,0.9999765189530946,1.000004055026742
-0.09,1.0303744675515727,44.413206282762204,-0.13398119155177282,-0.0013377434374478396,0.9999774586467054,1.0000039206405387
-0.09,1.0303744675515727,44.824535947847835,-0.13289445934009655,-0.0013044075698762454,0.9999783663006194,1.0000037902623142
-0.09,1.0303744675515727,45.23967511257426,-0.13182510243639314,-0.00127164429292826,0.9999792428305969,1.0000036637778988
-0.09,1.0303744675515727,45.65865905834403,-0.13077305801653877,-0.0012394488084963426,0.999980089129466,1.0000035410765316
-0.09,1.0303744675515727,46.081523393315884,-0.12973826022471074,-0.001207816326622212,0.9999809060677479,1.0000034220507448
-0.09,1.0303744675515727,46.50830405543093,-0.12872064015286577,-0.001176742063818305,0.9999816944942583,1.0000033065962655
-0.09,1.0303744675515727,46.93903731546684,-0.12772012582212627,-0.0011462212413970079,0.9999824552366917,1.0000031946119115
-0.09,1.0303744675515727,47.37375978012049,-0.12673664216609454,-0.001116249083809555,0.9999831891021771,1.0000030859994937
-0.09,1.0303744675515727,47.81250839511901,-0.12577011101611843,-0.0010868208169966657,0.9999838968778231,1.0000029806637214
-0.09,1.0303744675515727,48.25532044835962,-0.12482045108852939,-0.0010579316667530159,0.999984579331236,1.0000028785121078
-0.09,1.0303744675515727,48.70223357307873,-0.12388757797388221,-0.00102957685710788,0.999985237211025,1.0000027794548851
-0.09,1.0303744675515727,49.15328575105025,-0.12297140412822553,-0.0010017516087243291,0.9999858712472862,1.0000026834049127
-0.09,1.0303744675515727,49.608515315813406,-0.12207183886644363,-0.000974451137319688,0.9999864821520699,1.0000025902775962
-0.09,1.0303744675515727,50.067960955930815,-0.12118878835771035,-0.000947670652109964,0.9999870706198338,1.0000024999908055
-0.09,1.0303744675515727,50.5316617182763,-0.12032215562310994,-0.0009214053542813916,0.9999876373278768,1.0000024124647977
-0.09,1.0303744675515727,50.99965701135351,-0.11947184053548082,-0.0008956504354922083,0.9999881829367592,1.0000023276221353
-0.09,1.0303744675515727,51.47198660864504,-0.11863773982155174,-0.0008704010764081383,0.999988708090708,1.0000022453876183
-0.09,1.0303744675515727,51.9486906519927,-0.11781974706644176,-0.0008456524452751653,0.9999892134180084,1.00000216568821
-0.09,1.0303744675515727,52.429809655009066,-0.11701775272060652,-0.0008213996965333413,0.9999896995313827,1.0000020884529686
-0.09,1.0303744675515727,52.91538450652049,-0.11623164410931701,-0.0007976379694756051,0.9999901670283499,1.000002013612976
-0.09,1.0303744675515727,53.40545647404229,-0.11546130544476269,-0.0007743623869555576,0.999990616491583,1.00000194110128
-0.09,1.0303744675515727,53.90006720728585,-0.11470661784087527,-0.0007515680541484073,0.9999910484892456,1.0000018708528235
-0.09,1.0303744675515727,54.39925874169825,-0.11396745933097142,-0.0007292500573692323,0.9999914635753209,1.0000018028043909
-0.09,1.0303744675515727,54.90307350203484,-0.11324370488831388,-0.0007074034629527746,0.9999918622899285,1.0000017368945433
-0.09,1.0303744675515727,55.41155430596479,-0.1125352264496911,-0.0006860233161990006,0.9999922451596315,1.0000016730635641
-0.09,1.0303744675515727,55.924744367709856,-0.11184189294211257,-0.0006651046403886053,0.999992612697732,1.0000016112534051
-0.09,1.0303744675515727,56.442687301717264,-0.11116357031271339,-0.0006446424358725083,0.9999929654045602,1.0000015514076301
-0.09,1.0303744675515727,56.96542712636624,-0.11050012156195838,-0.0006246316792393907,0.9999933037677478,1.0000014934713646
-0.09,1.0303744675515727,57.493008267708944,-0.10985140678022723,-0.0006050673225650752,0.9999936282625005,1.0000014373912471
-0.09,1.0303744675515727,58.02547556324627,-0.10921728318785545,-0.0005859442927474285,0.999993939351857,1.0000013831153798
-0.09,1.0303744675515727,58.562874265738245,-0.1085976051786969,-0.0005672574909302623,0.9999942374869413,1.0000013305932811
-0.09,1.0303744675515727,59.10525004705015,-0.10799222436726266,-0.0005490017920194779,0.9999945231072072,1.000001279775842
-0.09,1.0303744675515727,59.65264900203377,-0.10740098963947908,-0.0005311720442944313,0.9999947966406768,1.000001230615283
-0.09,1.0303744675515727,60.2051176524451,-0.10682374720709709,-0.0005137630691172754,0.9999950585041708,1.00000118306511
-0.09,1.0303744675515727,60.76270295089797,-0.10626034066577002,-0.0004967696607427169,0.9999953091035323,1.0000011370800763
-0.09,1.0303744675515727,61.325452284854336,-0.10571061105680528,-0.00048018658623032574,0.9999955488338466,1.0000010926161413
-0.09,1.0303744675515727,61.89341348065174,-0.10517439693258002,-0.0004640085854612827,0.9999957780796512,1.0000010496304346
-0.09,1.0303744675515727,62.466634807567864,-0.10465153442559755,-0.00044823037126108506,0.9999959972151453,1.0000010080812174
-0.09,1.0303744675515727,63.0451649819227,-0.10414185732114818,-0.00043284662962946507,0.9999962066043896,1.0000009679278496
-0.09,1.0303744675515727,63.629053171218956,-0.10364519713352152,-0.0004178520200784209,0.9999964066015053,1.0000009291307548
-0.09,1.0303744675515727,64.21834899832058,-0.1031613831857081,-0.00040324117607904326,0.9999965975508642,1.0000008916513876
-0.09,1.0303744675515727,64.81310254566993,-0.10269024269251055,-0.0003890087056173654,0.9999967797872782,1.0000008554522026
-0.09,1.0303744675515727,65.4133643595444,-0.10223160084697541,-0.0003751491918593683,0.9999969536361839,1.000000820496624
-0.09,1.0303744675515727,66.01918545435197,-0.10178528091004362,-0.0003616571939247778,0.99999711941382,1.0000007867490146
-0.09,1.0303744675515727,66.63061731696679,-0.10135110430330678,-0.0003485272477692103,0.9999972774274083,1.000000754174651
-0.09,1.0303744675515727,67.24771191110499,-0.10092889070474445,-0.0003357538671737529,0.999997427975324,1.0000007227396945
-0.09,1.0303744675515727,67.87052168174088,-0.1005184581473132,-0.00032333154484101724,0.9999975713472663,1.0000006924111646
-0.09,1.0303744675515727,68.49909955956402,-0.10011962312024224,-0.00031125475359624987,0.9999977078244279,1.0000006631569156
-0.09,1.0303744675515727,69.13349896547759,-0.09973220067288961,-0.00029951794769200545,0.9999978376796576,1.0000006349456099
-0.09,1.0303744675515727,69.77377381513884,-0.09935600452100164,-0.00028811556421451525,0.9999979611776231,1.000000607746698
-0.09,1.0303744675515727,70.41997852354069,-0.09899084715521458,-0.0002770420245897922,0.9999980785749709,1.0000005815303934
-0.09,1.0303744675515727,71.0721680096366,-0.09863653995163091,-0.00026629173618718054,0.9999981901204849,1.0000005562676528
-0.09,1.0303744675515727,71.73039770100793,-0.09829289328429879,-0.00025585909401789345,0.9999982960552409,1.0000005319301555
-0.09,1.0303744675515727,72.39472353857458,-0.09795971663941944,-0.0002457384825258578,0.9999983966127606,1.0000005084902808
-0.09,1.0303744675515727,73.06520198134909,-0.097636818731104,-0.00023592427746800085,0.9999984920191634,1.000000485921094
-0.09,1.0303744675515727,73.74189001123509,-0.09732400761849802,-0.0002264108478808581,0.9999985824933175,1.0000004641963236
-0.09,1.0303744675515727,74.42484513786997,-0.09702109082409106,-0.0002171925581302187,0.9999986682469884,1.0000004432903455
-0.09,1.0303744675515727,75.11412540351232,-0.09672787545302564,-0.0002082637700403119,0.9999987494849852,1.0000004231781667
-0.09,1.0303744675515727,75.80978938797494,-0.09644416831321984,-0.00019961884509879963,0.9999988264053078,1.0000004038354082
-0.09,1.0303744675515727,76.51189621360336,-0.09616977603611548,-0.00019125214673369382,0.9999988991992922,1.0000003852382895
-0.09,1.0303744675515727,77.22050555030022,-0.09590450519786427,-0.00018315804265805016,0.9999989680517508,1.000000367363614
-0.09,1.0303744675515727,77.93567762059672,-0.09564816244076321,-0.00017533090727813515,0.9999990331411192,1.0000003501887549
-0.09,1.0303744675515727,78.65747320477065,-0.09540055459474966,-0.00016776512416050436,0.9999990946395934,1.0000003336916403
-0.09,1.0303744675515727,79.38595364601184,-0.0951614887987679,-0.00016045508855328967,0.9999991527132722,1.0000003178507422
-0.09,1.0303744675515727,80.12118085563553,-0.0949307726218165,-0.0001533952099567213,0.9999992075222967,1.0000003026450615
-0.09,1.0303744675515727,80.86321731834431,-0.0947082141834887,-0.00014657991473776173,0.9999992592209869,1.000000288054118
-0.09,1.0303744675515727,81.61212609753805,-0.09449362227381516,-0.00014000364878348707,0.9999993079579802,1.0000002740579357
-0.09,1.0303744675515727,82.36797084067375,-0.09428680647222208,-0.00013366088018772405,0.9999993538763671,1.0000002606370348
-0.09,1.0303744675515727,83.13081578467474,-0.09408757726541406,-0.00012754610196517543,0.9999993971138257,1.0000002477724208
-0.09,1.0303744675515727,83.90072576138992,-0.0938957461639962,-0.00012165383478718082,0.9999994378027584,1.0000002354455713
-0.09,1.0303744675515727,84.67776620310352,-0.09371112581764625,-0.00011597862973303984,0.9999994760704226,1.0000002236384278
-0.09,1.0303744675515727,85.46200314809617,-0.09353353012865284,-0.00011051507105069196,0.9999995120390647,1.0000002123333882
-0.09,1.0303744675515727,86.25350324625728,-0.09336277436363276,-0.00010525777892041292,0.9999995458260525,1.0000002015132936
-0.09,1.0303744675515727,87.05233376474918,-0.09319867526324609,-0.00010020141221507129,0.9999995775440024,1.0000001911614227
-0.09,1.0303744675515727,87.85856259372419,-0.09304105114972651,-9.534067125037547e-05,0.9999996073009123,1.0000001812614816
-0.09,1.0303744675515727,88.67225825209441,-0.09288972203204815,-9.067030051847906e-05,0.9999996352002866,1.0000001717975957
-0.09,1.0303744675515727,89.49348989335462,-0.09274450970855287,-8.618509139826167e-05,0.9999996613412668,1.0000001627543034
-0.09,1.0303744675515727,90.32232731145982,-0.09260523786686449,-8.18798848355452e-05,0.9999996858187549,1.0000001541165462
-0.09,1.0303744675515727,91.15884094675663,-0.09247173218092068,-7.774957398652837e-05,0.9999997087235388,1.0000001458696623
-0.09,1.0303744675515727,92.0031018919696,-0.09234382040495756,-7.378910681774944e-05,0.9999997301424164,1.0000001379993801
-0.09,1.0303744675515727,92.85518189824359,-0.09222133246428646,-6.999348865589947e-05,0.9999997501583173,1.0000001304918098
-0.09,1.0303744675515727,93.71515338124135,-0.09210410054270841,-6.635778468094461e-05,0.9999997688504243,1.0000001233334375
-0.09,1.0303744675515727,94.58308942729796,-0.09199195916641727,-6.287712235609219e-05,0.999999786294291,1.000000116511119
-0.09,1.0303744675515727,95.45906379963219,-0.09188474528424986,-5.954669378827883e-05,0.999999802561962,1.0000001100120723
-0.09,1.0303744675515727,96.34315094461576,-0.09178229834414833,-5.6361758013045444e-05,0.9999998177220883,1.0000001038238717
-0.09,1.0303744675515727,97.23542599809973,-0.09168446036570836,-5.331764319786842e-05,0.9999998318400409,1.0000000979344421
-0.09,1.0303744675515727,98.13596479180039,-0.0915910760086955,-5.0409748758216424e-05,0.9999998449780259,1.0000000923320527
-0.09,1.0303744675515727,99.04484385974408,-0.09150199263742043,-4.763354738090712e-05,0.999999857195195,1.0000000870053114
-0.09,1.0303744675515727,99.96214044477135,-0.09141706038087544,-4.498458694959405e-05,0.9999998685477548,1.0000000819431574
-0.09,1.0303744675515727,100.88793250510167,-0.09133613218854311,-4.245849236752392e-05,0.9999998790890743,1.0000000771348583
-0.09,1.0303744675515727,101.82229872095873,-0.09125906388180029,-4.005096727309976e-05,0.9999998888697922,1.0000000725700016
-0.09,1.0303744675515727,102.76531850125772,-0.09118571420085134,-3.775779564403152e-05,0.9999998979379195,1.000000068238491
-0.09,1.0303744675515727,103.71707199035326,-0.09111594484713671,-3.557484328638329e-05,0.9999999063389412,1.00000006413054
-0.09,1.0303744675515727,104.67764007485148,-0.09104962052117553,-3.349805920508715e-05,0.9999999141159183,1.0000000602366672
-0.09,1.0303744675515727,105.64710439048359,-0.0909866089558119,-3.152347685302105e-05,0.9999999213095823,1.0000000565476896
-0.09,1.0303744675515727,106.62554732904427,-0.09092678094484934,-2.9647215256079243e-05,0.9999999279584336,1.0000000530547175
-0.09,1.0303744675515727,107.61305204539366,-0.09087001036706972,-2.786548001220946e-05,0.9999999340988336,1.0000000497491504
-0.09,1.0303744675515727,108.60970246452491,-0.09081617420564525,-2.6174564162708324e-05,0.9999999397650964,1.0000000466226702
-0.09,1.0303744675515727,109.61558328869602,-0.09076515256296695,-2.4570848934673854e-05,0.999999944989578,1.0000000436672365
-0.09,1.0303744675515727,110.63078000462876,-0.090716828670924,-2.305080435380194e-05,0.9999999498027619,1.0000000408750798
-0.09,1.0303744675515727,111.65537889077429,-0.09067108889668297,-2.1610989727347534e-05,0.9999999542333452,1.0000000382386989
-0.09,1.0303744675515727,112.68946702464496,-0.09062782274402709,-2.0248053997315442e-05,0.9999999583083196,1.0000000357508543
-0.09,1.0303744675515727,113.73313229021528,-0.09058692285032857,-1.8958735964627457e-05,0.9999999620530509,1.0000000334045602
-0.09,1.0303744675515727,114.78646338539066,-0.0905482849792394,-1.773986438524466e-05,0.9999999654913573,1.000000031193083
-0.09,1.0303744675515727,115.84954982954602,-0.09051180800919693,-1.6588357939766383e-05,0.9999999686455846,1.0000000291099351
-0.09,1.0303744675515727,116.92248197113297,-0.0904773939178514,-1.5501225078424394e-05,0.999999971536677,1.0000000271488672
-0.09,1.0303744675515727,118.00535099535914,-0.09044494776253424,-1.4475563743753627e-05,0.9999999741842502,1.000000025303865
-0.09,1.0303744675515727,119.09824893193696,-0.0904143776568945,-1.3508560973655752e-05,0.999999976606657,1.000000023569144
-0.09,1.0303744675515727,120.2012686629055,-0.09038559474384086,-1.2597492387881503e-05,0.9999999788210557,1.000000021939143
-0.09,1.0303744675515727,121.31450393052383,-0.09035851316493472,-1.1739721561349891e-05,0.9999999808434675,1.0000000204085187
-0.09,1.0303744675515727,122.43804934523853,-0.09033305002638872,-1.0932699288002934e-05,0.9999999826888466,1.0000000189721405
-0.09,1.0303744675515727,123.5720003937234,-0.09030912536182989,-1.0173962739214143e-05,0.9999999843711304,1.0000000176250878
-0.09,1.0303744675515727,124.7164534469956,-0.09028666209199589,-9.461134521032622e-06,0.9999999859033004,1.00000001636264
-0.09,1.0303744675515727,125.87150576860506,-0.09026558598153553,-8.791921634785648e-06,0.9999999872974358,1.0000000151802726
-0.09,1.0303744675515727,127.03725552290106,-0.090245825593091,-8.164114345800496e-06,0.9999999885647639,1.0000000140736554
-0.09,1.0303744675515727,128.21380178337475,-0.09022731223884263,-7.575584965164406e-06,0.9999999897157118,1.0000000130386417
-0.09,1.0303744675515727,129.40124454107954,-0.09020997992969962,-7.024286549652108e-06,0.9999999907599528,1.0000000120712669
-0.09,1.0303744675515727,130.59968471312828,-0.09019376532232287,-6.508251525046781e-06,0.9999999917064515,1.0000000111677423
-0.09,1.0303744675515727,131.8092241512703,-0.09017860766416659,-6.025590238212781e-06,0.9999999925635099,1.000000010324449
-0.09,1.0303744675515727,133.02996565054787,-0.09016444873672708,-5.574489443372924e-06,0.9999999933388047,1.0000000095379329
-0.09,1.0303744675515727,134.26201295803162,-0.09015123279718508,-5.153210728050045e-06,0.9999999940394303,1.0000000088049
-0.09,1.0303744675515727,135.5054707816382,-0.09013890651862928,-4.760088884253116e-06,0.9999999946719352,1.0000000081222118
-0.09,1.0303744675515727,136.76044479902887,-0.09012741892904406,-4.393530230384232e-06,0.9999999952423567,1.000000007486879
-0.09,1.0303744675515727,138.02704166659132,-0.09011672134924491,-4.05201088943555e-06,0.9999999957562573,1.0000000068960564
-0.09,1.0303744675515727,139.30536902850287,-0.09010676732993923,-3.734075028898706e-06,0.9999999962187524,1.00000000634704
-0.09,1.0303744675515727,140.5955355258802,-0.09009751258808903,-3.4383330678514447e-06,0.9999999966345474,1.000000005837259
-0.09,1.0303744675515727,141.8976508060113,-0.09008891494274521,-3.16345985650065e-06,0.9999999970079582,1.0000000053642728
-0.09,1.0303744675515727,143.21182553167466,-0.09008093425052018,-2.908192833435526e-06,0.9999999973429464,1.0000000049257671
-0.09,1.0303744675515727,144.53817139054382,-0.09007353234085866,-2.671330165686943e-06,0.99999999764314,1.000000004519547
-0.09,1.0303744675515727,145.87680110468003,-0.09006667295126264,-2.451728876533067e-06,0.9999999979118575,1.000000004143534
-0.09,1.0303744675515727,147.22782844011104,-0.09006032166261785,-2.2483029658978073e-06,0.9999999981521347,1.0000000037957602
-0.09,1.0303744675515727,148.59136821650102,-0.0900544458347646,-2.0600215279403976e-06,0.9999999983667409,1.000000003474366
-0.09,1.0303744675515727,149.9675363169076,-0.09004901454244763,-1.885906870321128e-06,0.999999998558203,1.0000000031775922
-0.09,1.0303744675515727,151.35644969763095,-0.09004399851177382,-1.7250326394021131e-06,0.999999998728823,1.0000000029037797
-0.09,1.0303744675515727,152.75822639815343,-0.09003937005729751,-1.5765219554359177e-06,0.9999999988806927,1.0000000026513622
-0.09,1.0303744675515727,154.17298555117182,-0.09003510301984773,-1.4395455616141073e-06,0.9999999990157166,1.000000002418865
-0.09,1.0303744675515727,155.60084739272125,-0.09003117270520214,-1.3133199906134995e-06,0.9999999991356207,1.0000000022048967
-0.09,1.0303744675515727,157.0419332723941,-0.09002755582370658,-1.1971057520387459e-06,0.9999999992419708,1.0000000020081508
-0.09,1.0303744675515727,158.4963656636536,-0.09002423043092986,-1.0902055439823897e-06,0.999999999336185,1.0000000018273978
-0.09,1.0303744675515727,159.96426817424148,-0.09002117586943703,-9.919624916490091e-07,0.9999999994195449,1.0000000016614818
-0.09,1.0303744675515727,161.44576555668382,-0.09001837271175614,-9.017584157924802e-07,0.9999999994932092,1.000000001509321
-0.09,1.0303744675515727,162.94098371889282,-0.09001580270460538,-8.190121334717615e-07,0.999999999558222,1.000000001369898
-0.09,1.0303744675515727,164.4500497348682,-0.09001344871444175,-7.431777934098905e-07,0.9999999996155259,1.0000000012422618
-0.09,1.0303744675515727,165.97309185549548,-0.09001129467438344,-6.737432480180355e-07,0.9999999996659669,1.0000000011255212
-0.09,1.0303744675515727,167.5102395194472,-0.09000932553255163,-6.102284639163611e-07,0.9999999997103082,1.0000000010188446
-0.09,1.0303744675515727,169.06162336418203,-0.09000752720187083,-5.521839725794947e-07,0.9999999997492321,1.000000000921453
-0.09,1.0303744675515727,170.6273752370482,-0.09000588651135985,-4.991893625038673e-07,0.9999999997833531,1.0000000008326206
-0.09,1.0303744675515727,172.20762820648835,-0.09000439115893916,-4.508518141181977e-07,0.9999999998132187,1.0000000007516716
-0.09,1.0303744675515727,173.80251657334924,-0.09000302966577395,-4.068046784090908e-07,0.999999999839321,1.0000000006779748
-0.09,1.0303744675515727,175.41217588229446,-0.09000179133216714,-3.667061001133188e-07,0.9999999998620983,1.000000000610944
-0.09,1.0303744675515727,177.0367429333253,-0.09000066619500965,-3.3023768604940367e-07,0.9999999998819425,1.000000000550034
-0.09,1.0303744675515727,178.67635579340572,-0.08999964498679142,-2.9710321908729e-07,0.9999999998992017,1.0000000004947385
-0.09,1.0303744675515727,180.33115380819694,-0.08999871909617052,-2.6702741800279625e-07,0.9999999999141863,1.0000000004445881
-0.09,1.0303744675515727,182.00127761389967,-0.08999788053009361,-2.3975474334213896e-07,0.9999999999271723,1.000000000399148
-0.09,1.0303744675515727,183.68686914920713,-0.08999712187745618,-2.150482492661292e-07,0.999999999938405,1.0000000003580154
-0.09,1.0303744675515727,185.38807166736675,-0.08999643627428797,-1.9268848120970496e-07,0.9999999999481018,1.000000000320817
-0.09,1.0303744675515727,187.10502974835543,-0.08999581737044311,-1.724724190410496e-07,0.9999999999564542,1.0000000002872096
-0.09,1.0303744675515727,188.83788931116757,-0.0899952592977745,-1.542124652792061e-07,0.9999999999636336,1.0000000002568754
-0.09,1.0303744675515727,190.58679762621514,-0.08999475663976411,-1.3773547786456308e-07,0.9999999999697898,1.0000000002295222
-0.09,1.0303744675515727,192.35190332784438,-0.08999430440258382,-1.228818467987133e-07,0.9999999999750553,1.0000000002048803
-0.09,1.0303744675515727,194.13335642696757,-0.08999389798755289,-1.0950461391952312e-07,0.9999999999795485,1.0000000001827027
-0.09,1.0303744675515727,195.93130832381254,-0.08999353316496113,-9.746863499974951e-08,0.9999999999833705,1.0000000001627614
-0.09,1.0303744675515727,197.74591182078862,-0.08999320604922141,-8.664978325623732e-08,0.9999999999866135,1.0000000001448481
-0.09,1.0303744675515727,199.5773211354742,-0.08999291307531482,-7.693419326494953e-08,0.9999999999893573,1.000000000128771
-0.09,1.0303744675515727,201.42569191372198,-0.08999265097649095,-6.82175442968069e-08,0.9999999999916708,1.000000000114356
-0.09,1.0303744675515727,203.29118124288746,-0.08999241676318277,-6.04043819492597e-08,0.9999999999936158,1.000000000101443
-0.09,1.0303744675515727,205.1739476651793,-0.08999220770309657,-5.340747695305009e-08,0.9999999999952462,1.0000000000898859
-0.09,1.0303744675515727,207.07415119113296,-0.08999202130243565,-4.714721998646614e-08,0.9999999999966084,1.0000000000795506
-0.09,1.0303744675515727,208.99195331321022,-0.08999185528821654,-4.1551051294660176e-08,0.9999999999977442,1.0000000000703175
-0.09,1.0303744675515727,210.92751701952352,-0.0899917075916349,-3.6552923884244324e-08,0.9999999999986888,1.0000000000620752
-0.09,1.0303744675515727,212.88100680768738,-0.08999157633244036,-3.209279906535034e-08,0.9999999999994731,1.0000000000547238
-0.09,1.0303744675515727,214.8525886987991,-0.08999145980427758,-2.8116173085272445e-08,1.0000000000001241,1.0000000000481728
-0.09,1.0303744675515727,216.84243025154836,-0.08999135646095174,-2.4573633585962306e-08,1.0000000000006657,1.0000000000423395
-0.09,1.0303744675515727,218.85070057645706,-0.08999126490357824,-2.1420444644777363e-08,1.0000000000011176,1.0000000000371496
-0.09,1.0303744675515727,220.87757035025237,-0.08999118386857373,-1.8616159135270146e-08,1.000000000001498,1.0000000000325362
-0.09,1.0303744675515727,222.92321183037146,-0.08999111221645024,-1.6124257169586295e-08,1.0000000000018212,1.000000000028438
-0.09,1.0303744675515727,224.9877988696007,-0.08999104892137168,-1.3911809389363195e-08,1.0000000000021003,1.0000000000248004
-0.09,1.0303744675515727,227.07150693085165,-0.08999099306143435,-1.1949163895536622e-08,1.0000000000023468,1.0000000000215747
-0.09,1.0303744675515727,229.17451310207272,-0.08999094380963331,-1.0209655619767902e-08,1.000000000002569,1.000000000018716
-0.09,1.0303744675515727,231.29699611129922,-0.08999090042547869,-8.669336977816463e-09,1.0000000000027753,1.0000000000161848
-0.09,1.0303744675515727,233.4391363418438,-0.08999086224722469,-7.306728644456732e-09,1.0000000000029725,1.000000000013946
-0.09,1.0303744675515727,235.60111584762504,-0.08999082868467782,-6.10258935792647e-09,1.000000000003165,1.000000000011967
-0.09,1.0303744675515727,237.78311836864148,-0.08999079921255018,-5.039703649260624e-09,1.000000000003358,1.0000000000102198
-0.09,1.0303744675515727,239.98532934658564,-0.08999077336432547,-4.102686456957639e-09,1.0000000000035547,1.0000000000086786
-0.09,1.0303744675515727,242.20793594060487,-0.0899907507266063,-3.2778036035708695e-09,1.0000000000037577,1.0000000000073213
-0.09,1.0303744675515727,244.4511270432073,-0.08999073093391362,-2.552807160070104e-09,1.000000000003969,1.000000000006127
-0.09,1.0303744675515727,246.71509329631496,-0.08999071366390811,-1.916784725849671e-09,1.0000000000041902,1.0000000000050784
-0.09,1.0303744675515727,249.00002710746668,-0.08999069863300738,-1.3600217582544984e-09,1.000000000004422,1.000000000004159
-0.09,1.0303744675515727,251.3061226661696,-0.0899906855923719,-8.738760242146521e-10,1.000000000004665,1.0000000000033549
-0.09,1.0303744675515727,253.6335759604023,-0.0899906743242346,-4.5066338341413187e-10,1.0000000000049185,1.000000000002653
-0.09,1.0303744675515727,255.98258479327197,-0.08999066463855065,-8.355407684774037e-11,1.0000000000051827,1.0000000000020424
-0.09,1.0303744675515727,258.3533487998248,-0.08999065636994441,2.3352121994618197e-10,1.000000000005457,1.0000000000015137
-0.09,1.0303744675515727,260.7460694640121,-0.08999064937493242,5.059563320898649e-10,1.0000000000057403,1.000000000001057
-0.09,1.0303744675515727,263.1609501358149,-0.0899906435294014,7.385461580663742e-10,1.0000000000060316,1.0000000000006652
-0.09,1.0303744675515727,265.59819604852424,-0.08999063872632326,9.355555651199489e-10,1.000000000006329,1.0000000000003308
-0.09,1.0303744675515727,268.0580143361851,-0.08999063487368753,1.1007812080250197e-09,1.0000000000066316,1.0000000000000486
-0.09,1.0303744675515727,270.5406140511989,-0.08999063189263544,1.2376068423565675e-09,1.000000000006938,0.9999999999998125
-0.09,1.0303744675515727,273.0462061820903,-0.08999062971577916,1.349052693343031e-09,1.0000000000072458,0.9999999999996178
-0.09,1.0303744675515727,275.57500367143905,-0.08999062828569082,1.4378193933235177e-09,1.000000000007553,0.9999999999994594
-0.09,1.0303744675515727,278.1272214339776,-0.08999062755354793,1.5063269667711144e-09,1.000000000007859,0.9999999999993346
-0.09,1.0303744675515727,280.7030763748543,-0.08999062747792169,1.556749294110665e-09,1.0000000000081612,0.9999999999992389
-0.09,1.0303744675515727,283.30278740807006,-0.08999062802369563,1.5910445123668652e-09,1.0000000000084577,0.99999999999917
-0.09,1.0303744675515727,285.9265754750807,-0.08999062916110448,1.610981713231297e-09,1.0000000000087477,0.9999999999991247
-0.09,1.0303744675515727,288.57466356357577,-0.0899906308648804,1.6181643070438615e-09,1.000000000009028,0.9999999999991
-0.09,1.0303744675515727,291.24727672642865,-0.08999063311349936,1.6140504093839134e-09,1.000000000009298,0.9999999999990952
-0.09,1.0303744675515727,293.94464210082356,-0.08999063588851623,1.5999705317594749e-09,1.0000000000095548,0.9999999999991058
-0.09,1.0303744675515727,296.6669889275594,-0.08999063917398191,1.5771428920129832e-09,1.0000000000097982,0.999999999999132
-0.09,1.0303744675515727,299.4145485705322,-0.08999064295593351,1.546686591686934e-09,1.0000000000100264,0.9999999999991709
-0.09,1.0303744675515727,302.18755453639716,-0.08999064722195102,1.509632909174481e-09,1.0000000000102376,0.9999999999992212
-0.09,1.0303744675515727,304.9862424944146,-0.08999065196077398,1.4669349332181156e-09,1.0000000000104312,0.9999999999992814
-0.09,1.0303744675515727,307.81085029647846,-0.08999065716197135,1.4194757379552046e-09,1.0000000000106053,0.9999999999993502
-0.09,1.0303744675515727,310.6616179973303,-0.08999066281566007,1.3680752796644424e-09,1.000000000010759,0.9999999999994259
-0.09,1.0303744675515727,313.5387878749621,-0.08999066891226634,1.3134961950236178e-09,1.0000000000108924,0.9999999999995082
-0.09,1.0303744675515727,316.44260445120455,-0.08999067544232554,1.2564486387388007e-09,1.0000000000110034,0.999999999999595
-0.09,1.0303744675515727,319.3733145125105,-0.08999068239631634,1.1975943063272781e-09,1.0000000000110925,0.9999999999996861
-0.09,1.0303744675515727,322.3311671309267,-0.0899906897645251,1.137549761699208e-09,1.0000000000111589,0.9999999999997797
-0.09,1.0303744675515727,325.31641368526283,-0.08999069753693728,1.0768891795299933e-09,1.0000000000112013,0.9999999999998752
-0.09,1.0303744675515727,328.32930788245454,-0.08999070570315268,1.016146599782713e-09,1.000000000011221,0.999999999999972
-0.09,1.0303744675515727,331.37010577912685,-0.08999071425232137,9.558177817940277e-10,1.0000000000112175,1.0000000000000693
-0.09,1.0303744675515727,334.4390658033531,-0.08999072317309798,8.963617326474225e-10,1.00000000001119,1.0000000000001656
-0.09,1.0303744675515727,337.53644877662083,-0.08999073245361218,8.382019772015168e-10,1.00000000001114,1.0000000000002618
-0.09,1.0303744675515727,340.66251793599554,-0.08999074208145257,7.817276323569308e-10,1.0000000000110671,1.0000000000003557
-0.09,1.0303744675515727,343.81753895649405,-0.08999075204366329,7.272943234643185e-10,1.0000000000109717,1.000000000000447
-0.09,1.0303744675515727,347.00177997366285,-0.08999076232675036,6.752250020471776e-10,1.0000000000108544,1.000000000000536
-0.09,1.0303744675515727,350.2155116063659,-0.0899907729166972,6.258106891082451e-10,1.0000000000107163,1.000000000000621
-0.09,1.0303744675515727,353.4590069797847,-0.08999078379898755,5.793111799416389e-10,1.000000000010558,1.0000000000007028
-0.09,1.0303744675515727,356.73254174862967,-0.08999079495863453,5.359557316801923e-10,1.0000000000103793,1.0000000000007796
-0.09,1.0303744675515727,360.0363941205664,-0.08999080638021549,4.959437647128718e-10,1.000000000010183,1.0000000000008527
-0.09,1.0303744675515727,363.37084487986095,-0.08999081804791058,4.5944557676984235e-10,1.0000000000099691,1.00000000000092
-0.09,1.0303744675515727,366.73617741124224,-0.08999082994554504,4.2660309693995664e-10,1.0000000000097393,1.0000000000009828
-0.09,1.0303744675515727,370.13267772398575,-0.0899908420566344,3.9753068784848197e-10,1.0000000000094944,1.0000000000010394
-0.09,1.0303744675515727,373.5606344762222,-0.08999085436443167,3.723159834793126e-10,1.0000000000092355,1.0000000000010907
-0.09,1.0303744675515727,377.02033899946696,-0.08999086685197595,3.5102079882930347e-10,1.000000000008964,1.0000000000011364
-0.09,1.0303744675515727,380.5120853233824,-0.08999087950214234,3.336820874258252e-10,1.0000000000086815,1.0000000000011764
-0.09,1.0303744675515727,384.03617020076405,-0.08999089229769218,3.203129491277939e-10,1.0000000000083895,1.00000000000121
-0.09,1.0303744675515727,387.5928931327621,-0.08999090522132384,3.109036986033328e-10,1.0000000000080889,1.0000000000012375
-0.09,1.0303744675515727,391.18255639433437,-0.08999091825572311,3.0542297954862466e-10,1.0000000000077818,1.0000000000012585
-0.09,1.0303744675515727,394.8054650599374,-0.08999093138361353,3.038189326020766e-10,1.000000000007469,1.0000000000012743
-0.09,1.0303744675515727,398.4619270294508,-0.08999094458780557,3.0602038687374897e-10,1.0000000000071523,1.0000000000012836
-0.09,1.0303744675515727,402.15225305434814,-0.08999095785124549,3.1193811221100256e-10,1.0000000000068332,1.000000000001287
-0.09,1.0303744675515727,405.87675676410373,-0.08999097115706292,3.2146607669370366e-10,1.0000000000065128,1.000000000001285
-0.09,1.0303744675515727,409.6357546928489,-0.08999098448861699,3.3448273858422586e-10,1.000000000006193,1.0000000000012768
-0.09,1.0303744675515727,413.4295663062725,-0.08999099782954162,3.5085235480492794e-10,1.000000000005875,1.000000000001263
-0.09,1.0303744675515727,417.25851402877123,-0.08999101116378884,3.7042629509345044e-10,1.0000000000055598,1.0000000000012443
-0.09,1.0303744675515727,421.12292327085265,-0.08999102447567078,3.9304435505427383e-10,1.0000000000052496,1.0000000000012204
-0.09,1.0303744675515727,425.02312245678996,-0.08999103774989994,4.185360762290143e-10,1.000000000004945,1.0000000000011913
-0.09,1.0303744675515727,428.95944305253283,-0.08999105097162771,4.467220446180058e-10,1.0000000000046476,1.000000000001157
-0.09,1.0303744675515727,432.9322195938791,-0.0899910641264811,4.774151766202627e-10,1.0000000000043578,1.0000000000011193
-0.09,1.0303744675515727,436.9417897149054,-0.08999107720059736,5.104219840317686e-10,1.0000000000040783,1.000000000001077
-0.09,1.0303744675515727,440.98849417666133,-0.08999109018065718,5.455438083039333e-10,1.0000000000038087,1.0000000000010307
-0.09,1.0303744675515727,445.0726768961314,-0.08999110305391546,5.825780274308905e-10,1.000000000003551,1.0000000000009808
-0.09,1.0303744675515727,449.19468497546023,-0.08999111580823027,6.213192158845584e-10,1.0000000000033054,1.000000000000927
-0.09,1.0303744675515727,453.3548687314555,-0.08999112843209002,6.61560273010144e-10,1.0000000000030729,1.0000000000008709
-0.09,1.0303744675515727,457.55358172535705,-0.08999114091463797,7.030934974110729e-10,1.000000000002855,1.0000000000008116
-0.09,1.0303744675515727,461.7911807928867,-0.08999115324569569,7.457116217310998e-10,1.000000000002652,1.00000000000075
-0.09,1.0303744675515727,466.0680260745743,-0.08999116541578339,7.892087866759922e-10,1.0000000000024643,1.000000000000686
-0.09,1.0303744675515727,470.3844810463644,-0.08999117741613903,8.333814674197556e-10,1.0000000000022928,1.0000000000006204
-0.09,1.0303744675515727,474.7409125505084,-0.08999118923873502,8.780293416050598e-10,1.0000000000021387,1.0000000000005533
-0.09,1.0303744675515727,479.1376908267404,-0.08999120087629275,9.229561016959008e-10,1.000000000002001,1.0000000000004852
-0.09,1.0303744675515727,483.57518954374194,-0.08999121232229551,9.679702066063214e-10,1.0000000000018816,1.0000000000004157
-0.09,1.0303744675515727,488.0537858309,-0.08999122357099905,1.012885575798576e-09,1.0000000000017797,1.0000000000003455
-0.09,1.0303744675515727,492.5738603103579,-0.0899912346174402,1.0575222242385883e-09,1.0000000000016958,1.0000000000002751
-0.09,1.0303744675515727,497.1357971293627,-0.08999124545744347,1.1017068356720003e-09,1.0000000000016298,1.0000000000002045
-0.09,1.0303744675515727,501.7399839929145,-0.08999125608762597,1.1452732794304564e-09,1.0000000000015827,1.0000000000001341
-0.09,1.0303744675515727,506.3868121967132,-0.08999126650539999,1.1880630662854792e-09,1.0000000000015534,1.000000000000064
-0.09,1.0303744675515727,511.0766766604169,-0.08999127670897403,1.2299257478774504e-09,1.0000000000015428,0.9999999999999946
-0.09,1.0303744675515727,515.809975961202,-0.08999128669735172,1.2707192595125763e-09,1.0000000000015508,0.9999999999999263
-0.09,1.0303744675515727,520.5871123676386,-0.08999129647032915,1.3103102076065896e-09,1.0000000000015767,0.9999999999998593
-0.09,1.0303744675515727,525.4084918738774,-0.08999130602848997,1.3485741037546128e-09,1.0000000000016196,0.9999999999997932
-0.09,1.0303744675515727,530.2745242341559,-0.08999131537319963,1.3853955456735067e-09,1.0000000000016807,0.9999999999997288
-0.09,1.0303744675515727,535.1856229976182,-0.08999132450659672,1.4206683521658925e-09,1.0000000000017586,0.9999999999996662
-0.09,1.0303744675515727,540.1422055434659,-0.08999133343158386,1.4542956461349327e-09,1.000000000001853,0.9999999999996053
-0.09,1.0303744675515727,545.1446931164259,-0.08999134215181609,1.4861898919325139e-09,1.0000000000019644,0.9999999999995463
-0.09,1.0303744675515727,550.1935108625528,-0.08999135067168816,1.516272896645619e-09,1.0000000000020905,0.9999999999994902
-0.09,1.0303744675515727,555.2890878653604,-0.0899913589963205,1.5444757595254923e-09,1.0000000000022327,0.9999999999994362
-0.09,1.0303744675515727,560.4318571822878,-0.08999136713154327,1.5707387922029187e-09,1.0000000000023892,0.9999999999993848
-0.09,1.0303744675515727,565.6222558815047,-0.08999137508387942,1.5950113994710857e-09,1.0000000000025595,0.9999999999993361
-0.09,1.0303744675515727,570.8607250790558,-0.08999138286052655,1.6172519254419014e-09,1.0000000000027434,0.9999999999992899
-0.09,1.0303744675515727,576.1477099763489,-0.08999139046933699,1.637427471557499e-09,1.0000000000029399,0.9999999999992467
-0.09,1.0303744675515727,581.4836598979924,-0.08999139791879764,1.655513684953174e-09,1.0000000000031481,0.9999999999992061
-0.09,1.0303744675515727,586.8690283299819,-0.08999140521800772,1.6714945188401475e-09,1.0000000000033673,0.9999999999991689
-0.09,1.0303744675515727,592.3042729582397,-0.08999141237665627,1.6853619755655958e-09,1.0000000000035973,0.9999999999991341
-0.09,1.0303744675515727,597.7898557075149,-0.08999141940499826,1.6971158225082968e-09,1.0000000000038367,0.9999999999991029
-0.09,1.0303744675515727,603.3262427806361,-0.08999142631383014,1.7067632919668128e-09,1.000000000004085,0.9999999999990743
-0.09,1.0303744675515727,608.913904698138,-0.08999143311446428,1.7143187656565365e-09,1.0000000000043405,0.9999999999990492
-0.09,1.0303744675515727,614.5533163382452,-0.08999143981870285,1.7198034441403974e-09,1.000000000004604,0.999999999999027
-0.09,1.0303744675515727,620.2449569772324,-0.08999144643881134,1.7232450036282696e-09,1.0000000000048737,0.9999999999990081
-0.09,1.0303744675515727,625.9893103301563,-0.08999145298749073,1.7246772459596343e-09,1.0000000000051485,0.9999999999989925
-0.09,1.0303744675515727,631.7868645919671,-0.08999145947784999,1.7241397394377933e-09,1.0000000000054283,0.9999999999989795
-0.09,1.0303744675515727,637.638112478994,-0.08999146592337759,1.7216774497764662e-09,1.0000000000057117,0.9999999999989692
-0.09,1.0303744675515727,643.5435512708254,-0.08999147233791299,1.7173403751801964e-09,1.0000000000059983,0.9999999999989628
-0.09,1.0303744675515727,649.5036828525664,-0.0899914787356176,1.7111831767847888e-09,1.0000000000062872,0.9999999999989588
-0.09,1.0303744675515727,655.5190137574945,-0.08999148513094557,1.7032648003435366e-09,1.0000000000065772,0.999999999998958
-0.09,1.0303744675515727,661.5900552101086,-0.0899914915386145,1.6936481105878302e-09,1.0000000000068676,0.9999999999989597
-0.09,1.0303744675515727,667.7173231695753,-0.08999149797357629,1.6823995248787454e-09,1.000000000007158,0.9999999999989639
-0.09,1.0303744675515727,673.9013383735801,-0.0899915044509873,1.6695886421874082e-09,1.0000000000074478,0.9999999999989713
-0.09,1.0303744675515727,680.1426263825831,-0.08999151098617929,1.6552878904989468e-09,1.0000000000077354,0.9999999999989813
-0.09,1.0303744675515727,686.4417176244827,-0.08999151759463005,1.6395721717230885e-09,1.0000000000080205,0.9999999999989935
-0.09,1.0303744675515727,692.7991474396972,-0.08999152429193431,1.6225185153530494e-09,1.0000000000083027,0.9999999999990083
-0.09,1.0303744675515727,699.215456126661,-0.089991531093775,1.604205739860235e-09,1.000000000008581,0.9999999999990257
-0.09,1.0303744675515727,705.6911889877423,-0.08999153801589459,1.5847141297010437e-09,1.0000000000088543,0.9999999999990449
-0.09,1.0303744675515727,712.2268963755895,-0.08999154507406687,1.5641251118098774e-09,1.000000000009123,0.9999999999990662
-0.09,1.0303744675515727,718.8231337398989,-0.08999155228406917,1.542520949905435e-09,1.0000000000093856,0.9999999999990896
-0.09,1.0303744675515727,725.4804616746267,-0.08999155966165508,1.519984447404753e-09,1.000000000009642,0.9999999999991155
-0.09,1.0303744675515727,732.1994459656265,-0.08999156722252732,1.4965986639101076e-09,1.0000000000098914,0.9999999999991421
-0.09,1.0303744675515727,738.9806576387373,-0.08999157498231179,1.4724466416714824e-09,1.000000000010133,0.9999999999991712
-0.09,1.0303744675515727,745.8246730083114,-0.08999158295653135,1.4476111453096645e-09,1.0000000000103675,0.9999999999992014
-0.09,1.0303744675515727,752.7320737261965,-0.08999159116058121,1.4221744132499207e-09,1.0000000000105929,0.9999999999992336
-0.09,1.0303744675515727,759.7034468311634,-0.089991599609704,1.3962179277506832e-09,1.0000000000108096,0.9999999999992668
-0.09,1.0303744675515727,766.7393847988028,-0.08999160831896627,1.3698221876920407e-09,1.000000000011017,0.9999999999993016
-0.09,1.0303744675515727,773.8404855918722,-0.08999161730323532,1.3430665061558081e-09,1.0000000000112144,0.9999999999993368
-0.09,1.0303744675515727,781.0073527111184,-0.08999162657715709,1.3160288121590985e-09,1.0000000000114024,0.9999999999993732
-0.09,1.0303744675515727,788.2405952465664,-0.08999163615513449,1.2887854720063054e-09,1.0000000000115796,0.9999999999994109
-0.09,1.0303744675515727,795.5408279292831,-0.08999164605130677,1.2614111188875e-09,1.0000000000117464,0.9999999999994496
-0.09,1.0303744675515727,802.9086711836236,-0.08999165627952964,1.2339785007376177e-09,1.0000000000119027,0.9999999999994884
-0.09,1.0303744675515727,810.3447511799583,-0.08999166685335629,1.2065583366268158e-09,1.0000000000120477,0.9999999999995283
-0.09,1.0303744675515727,817.8496998878867,-0.0899916777860193,1.1792191872645126e-09,1.0000000000121811,0.9999999999995683
-0.09,1.0303744675515727,825.4241551299497,-0.08999168909041329,1.1520273410859994e-09,1.0000000000123035,0.9999999999996085
-0.09,1.0303744675515727,833.0687606358348,-0.08999170077907866,1.1250467067252542e-09,1.0000000000124138,0.9999999999996494
-0.09,1.0303744675515727,840.7841660970844,-0.08999171286418596,1.0983387237311504e-09,1.0000000000125124,0.9999999999996902
-0.09,1.0303744675515727,848.5710272223139,-0.08999172535752163,1.071962279901772e-09,1.0000000000126001,0.9999999999997314
-0.09,1.0303744675515727,856.4300057929329,-0.08999173827047402,1.0459736437387004e-09,1.0000000000126754,0.9999999999997724
-0.09,1.0303744675515727,864.3617697193946,-0.08999175161402097,1.0204264053247137e-09,1.0000000000127387,0.9999999999998131
-0.09,1.0303744675515727,872.3669930979535,-0.0899917653987179,9.9537142891021e-10,1.0000000000127904,0.9999999999998536
-0.09,1.0303744675515727,880.4463562679581,-0.08999177963468692,9.708568158528371e-10,1.0000000000128302,0.9999999999998942
-0.09,1.0303744675515727,888.6005458696701,-0.08999179433160683,9.469278769198363e-10,1.0000000000128584,0.9999999999999344
-0.09,1.0303744675515727,896.8302549026189,-0.08999180949870421,9.236271137602779e-10,1.000000000012875,0.9999999999999742
-0.09,1.0303744675515727,905.1361827845002,-0.0899918251447451,9.009942101484825e-10,1.0000000000128797,1.0000000000000133
-0.09,1.0303744675515727,913.5190354106156,-0.08999184127802791,8.790660310996782e-10,1.000000000012873,1.0000000000000517
-0.09,1.0303744675515727,921.9795252138629,-0.08999185790637691,8.578766298632832e-10,1.0000000000128553,1.0000000000000895
-0.09,1.0303744675515727,930.5183712252855,-0.08999187503713683,8.374572635426457e-10,1.0000000000128262,1.0000000000001268
-0.09,1.0303744675515727,939.1362991351807,-0.08999189267716803,8.178364147964696e-10,1.0000000000127858,1.0000000000001632
-0.09,1.0303744675515727,947.8340413547725,-0.08999191083284307,7.990398206483292e-10,1.0000000000127351,1.000000000000199
-0.09,1.0303744675515727,956.6123370784595,-0.08999192951004326,7.810905086262913e-10,1.000000000012674,1.0000000000002338
-0.09,1.0303744675515727,965.4719323466358,-0.08999194871415685,7.640088365949931e-10,1.0000000000126024,1.0000000000002673
-0.09,1.0303744675515727,974.4135801090915,-0.08999196845007751,7.478125412865357e-10,1.0000000000125202,1.0000000000003004
-0.09,1.0303744675515727,983.4380402890077,-0.08999198872220379,7.325167877392654e-10,1.0000000000124287,1.0000000000003324
-0.09,1.0303744675515727,992.5460798475383,-0.08999200953443916,7.181342267389995e-10,1.0000000000123275,1.0000000000003628
-0.09,1.0303744675515727,1001.7384728489908,-0.0899920308901931,7.046750562080486e-10,1.0000000000122176,1.0000000000003928
-0.09,1.0303744675515727,1011.0160005266158,-0.08999205279238237,6.921470836573903e-10,1.0000000000120979,1.0000000000004214
-0.09,1.0303744675515727,1020.3794513489946,-0.0899920752434336,6.805557967047934e-10,1.0000000000119704,1.0000000000004488
-0.09,1.0303744675515727,1029.8296210870567,-0.08999209824528599,6.699044314667689e-10,1.0000000000118343,1.0000000000004752
-0.09,1.0303744675515727,1039.3673128817031,-0.08999212179939516,6.601940468765793e-10,1.0000000000116902,1.0000000000005005
-0.09,1.0303744675515727,1048.993337312066,-0.08999214590673697,6.514236027500879e-10,1.000000000011538,1.0000000000005242
-0.09,1.0303744675515727,1058.7085124643972,-0.08999217056781261,6.43590033661417e-10,1.0000000000113791,1.0000000000005471
-0.09,1.0303744675515727,1068.5136640015942,-0.08999219578265383,6.366883353548035e-10,1.0000000000112133,1.0000000000005684
-0.09,1.0303744675515727,1078.4096252333723,-0.08999222155082881,6.307116383436728e-10,1.0000000000110407,1.0000000000005889
-0.09,1.0303744675515727,1088.3972371870843,-0.08999224787144863,6.256512971349736e-10,1.0000000000108622,1.0000000000006077
-0.09,1.0303744675515727,1098.4773486791944,-0.08999227474317405,6.214969681383446e-10,1.0000000000106775,1.0000000000006255
-0.09,1.0303744675515727,1108.650816387419,-0.08999230216422295,6.182366976682533e-10,1.0000000000104874,1.0000000000006422
-0.09,1.0303744675515727,1118.9185049235327,-0.08999233013237817,6.158570026727887e-10,1.0000000000102922,1.0000000000006573
-0.09,1.0303744675515727,1129.2812869068487,-0.08999235864499565,6.143429572925229e-10,1.0000000000100921,1.0000000000006712
-0.09,1.0303744675515727,1139.740043038382,-0.08999238769901291,6.136782765436331e-10,1.0000000000098876,1.0000000000006841
-0.09,1.0303744675515727,1150.2956621756925,-0.08999241729095823,6.138453984074458e-10,1.0000000000096794,1.0000000000006954
-0.09,1.0303744675515727,1160.9490414084332,-0.08999244741695991,6.148255681641693e-10,1.0000000000094675,1.0000000000007059
-0.09,1.0303744675515727,1171.7010861345848,-0.0899924780727557,6.165989226047827e-10,1.0000000000092522,1.0000000000007148
-0.09,1.0303744675515727,1182.5527101374053,-0.08999250925370282,6.19144565885964e-10,1.0000000000090339,1.0000000000007228
-0.09,1.0303744675515727,1193.5048356630894,-0.08999254095478819,6.224406564262898e-10,1.0000000000088134,1.0000000000007292
-0.09,1.0303744675515727,1204.55839349915,-0.08999257317063876,6.26464482969132e-10,1.0000000000085902,1.0000000000007352
-0.09,1.0303744675515727,1215.7143230535173,-0.08999260589553207,6.311925396436787e-10,1.0000000000083653,1.0000000000007392
-0.09,1.0303744675515727,1226.9735724343827,-0.0899926391234072,6.366006079051297e-10,1.0000000000081393,1.0000000000007423
-0.09,1.0303744675515727,1238.33709853077,-0.08999267284787564,6.426638252076162e-10,1.000000000007912,1.0000000000007445
-0.09,1.0303744675515727,1249.8058670938608,-0.0899927070622327,6.493567622993324e-10,1.0000000000076834,1.0000000000007452
-0.09,1.0303744675515727,1261.3808528190714,-0.08999274175946824,6.566534931199542e-10,1.000000000007455,1.000000000000745
-0.09,1.0303744675515727,1273.0630394288874,-0.08999277693227867,6.645276603834464e-10,1.000000000007226,1.0000000000007443
-0.09,1.0303744675515727,1284.8534197564702,-0.08999281257307808,6.729525468623472e-10,1.0000000000069975,1.000000000000742
-0.09,1.0303744675515727,1296.7529958300336,-0.0899928486740098,6.819011397477235e-10,1.0000000000067693,1.000000000000739
-0.09,1.0303744675515727,1308.7627789579997,-0.0899928852269581,6.913461916363691e-10,1.0000000000065414,1.0000000000007347
-0.09,1.0303744675515727,1320.883789814951,-0.08999292222355973,7.012602821468559e-10,1.0000000000063152,1.0000000000007299
-0.09,1.0303744675515727,1333.1170585283726,-0.08999295965521553,7.116158778599143e-10,1.0000000000060905,1.0000000000007236
-0.09,1.0303744675515727,1345.4636247661995,-0.0899929975131023,7.223853869302086e-10,1.0000000000058669,1.0000000000007168
-0.09,1.0303744675515727,1357.924537825179,-0.08999303578818407,7.335412124308693e-10,1.0000000000056457,1.000000000000709
-0.09,1.0303744675515727,1370.500856720038,-0.08999307447122397,7.45055807476976e-10,1.0000000000054265,1.0000000000007006
-0.09,1.0303744675515727,1383.1936502734964,-0.08999311355279555,7.569017205920562e-10,1.0000000000052098,1.0000000000006912
-0.09,1.0303744675515727,1396.0039972070938,-0.08999315302329451,7.690516469936671e-10,1.0000000000049956,1.0000000000006812
-0.09,1.0303744675515727,1408.9329862328714,-0.08999319287294977,7.81478470337222e-10,1.0000000000047846,1.0000000000006706
-0.09,1.0303744675515727,1421.9817161458968,-0.08999323309183499,7.941553068715964e-10,1.0000000000045768,1.0000000000006588
-0.09,1.0303744675515727,1435.1512959176512,-0.08999327366987973,8.070555469171563e-10,1.0000000000043725,1.0000000000006466
-0.09,1.0303744675515727,1448.4428447902692,-0.08999331459688045,8.201528895449619e-10,1.0000000000041713,1.000000000000634
-0.09,1.0303744675515727,1461.8574923716699,-0.08999335586251159,8.334213834097551e-10,1.0000000000039742,1.0000000000006204
-0.09,1.0303744675515727,1475.3963787315492,-0.08999339745633624,8.468354568364207e-10,1.0000000000037808,1.0000000000006064
-0.09,1.0303744675515727,1489.0606544982772,-0.08999343936781674,8.603699502857869e-10,1.000000000003592,1.0000000000005917
-0.09,1.0303744675515727,1502.8514809566846,-0.08999348158632554,8.740001480746838e-10,1.0000000000034073,1.0000000000005769
-0.09,1.0303744675515727,1516.7700301467542,-0.08999352410115513,8.8770180227001e-10,1.0000000000032274,1.0000000000005613
-0.09,1.0303744675515727,1530.8174849632353,-0.08999356690152845,9.014511615903564e-10,1.0000000000030516,1.0000000000005456
-0.09,1.0303744675515727,1544.9950392561707,-0.08999360997660868,9.15224992614315e-10,1.000000000002881,1.0000000000005291
-0.09,1.0303744675515727,1559.3038979323546,-0.08999365331550926,9.290006015086056e-10,1.0000000000027156,1.0000000000005125
-0.09,1.0303744675515727,1573.7452770577393,-0.08999369690730329,9.427558546366028e-10,1.0000000000025548,1.0000000000004952
-0.09,1.0303744675515727,1588.3204039607824,-0.08999374074103296,9.564691960295178e-10,1.0000000000023994,1.000000000000478
-0.09,1.0303744675515727,1603.0305173367537,-0.08999378480571875,9.701196622200666e-10,1.0000000000022493,1.0000000000004603
-0.09,1.0303744675515727,1617.8768673530133,-0.0899938290903684,9.836868975540401e-10,1.0000000000021045,1.000000000000442
-0.09,1.0303744675515727,1632.8607157552478,-0.08999387358398568,9.971511660539672e-10,1.0000000000019655,1.0000000000004239
-0.09,1.0303744675515727,1647.9833359747165,-0.08999391827557884,1.0104933630909167e-09,1.0000000000018316,1.0000000000004055
-0.09,1.0303744675515727,1663.2460132364645,-0.08999396315416898,1.0236950249038843e-09,1.0000000000017037,1.0000000000003868
-0.09,1.0303744675515727,1678.6500446685554,-0.0899940082087981,1.0367383328776032e-09,1.0000000000015814,1.0000000000003681
-0.09,1.0303744675515727,1694.1967394123092,-0.0899940534285369,1.0496061253653901e-09,1.0000000000014648,1.0000000000003493
-0.09,1.0303744675515727,1709.8874187335668,-0.08999409880249247,1.0622818985514797e-09,1.000000000001354,1.0000000000003302
-0.09,1.0303744675515727,1725.7234161349695,-0.08999414431981557,1.0747498111407904e-09,1.0000000000012494,1.000000000000311
-0.09,1.0303744675515727,1741.706077469303,-0.08999418996970787,1.0869946865338113e-09,1.0000000000011504,1.0000000000002918
-0.09,1.0303744675515727,1757.8367610538646,-0.08999423574142881,1.0990020140706409e-09,1.0000000000010574,1.0000000000002727
-0.09,1.0303744675515727,1774.1168377859105,-0.08999428162430216,1.1107579487434074e-09,1.0000000000009703,1.0000000000002531
-0.09,1.0303744675515727,1790.547691259161,-0.08999432760772266,1.1222493092503561e-09,1.0000000000008893,1.0000000000002343
-0.09,1.0303744675515727,1807.1307178813868,-0.08999437368116198,1.1334635767261973e-09,1.0000000000008142,1.000000000000215
-0.09,1.0303744675515727,1823.867326993091,-0.08999441983417482,1.1443888901181998e-09,1.000000000000745,1.000000000000196
-0.09,1.0303744675515727,1840.7589409872808,-0.08999446605640461,1.1550140422467116e-09,1.0000000000006817,1.0000000000001767
-0.09,1.0303744675515727,1857.8069954303487,-0.08999451233758897,1.1653284752474993e-09,1.0000000000006244,1.0000000000001577
-0.09,1.0303744675515727,1875.012939184082,-0.08999455866756485,1.175322273374325e-09,1.0000000000005729,1.0000000000001388
-0.09,1.0303744675515727,1892.378234528796,-0.08999460503627384,1.1849861564747298e-09,1.0000000000005274,1.0000000000001201
-0.09,1.0303744675515727,1909.9043572876058,-0.08999465143376656,1.1943114720927114e-09,1.000000000000488,1.0000000000001015
-0.09,1.0303744675515727,1927.592796951861,-0.08999469785020753,1.2032901877396408e-09,1.000000000000454,1.000000000000083
-0.09,1.0303744675515727,1945.4450568077177,-0.08999474427587939,1.211914880922733e-09,1.000000000000426,1.0000000000000646
-0.09,1.0303744675515727,1963.4626540639163,-0.08999479070118704,1.2201787296382617e-09,1.000000000000404,1.0000000000000469
-0.09,1.0303744675515727,1981.6471199807077,-0.08999483711666137,1.2280755027950859e-09,1.0000000000003872,1.0000000000000289
-0.09,1.0303744675515727,2000.0,-0.08999488351296321,1.2355995486920052e-09,1.0000000000003764,1.000000000000011
-0.09,1.0303744675515727,0.0,0.0,0.0,0.0,1.0303744675515727
-0.09,1.0303744675515727,0.05,-0.001192029710586664,0.023448800006236014,0.0297344284309055,1.0299113308829595
-0.09,1.0303744675515727,0.1,-0.004613793903424372,0.04461849411530063,0.05935452810069174,1.0294482171851853
-0.09,1.0303744675515727,0.15000000000000002,-0.010044452100144138,0.06364970843028994,0.08875905615116907,1.0289851831911985
-0.09,1.0303744675515727,0.2,-0.017276980385772054,0.08067814506666368,0.11785987650343803,1.028522319097963
-0.09,1.0303744675515727,0.25,-0.026117680957451254,0.09583441433834369,0.14658076469348227,1.0280597450271578
-0.09,1.0303744675515727,0.30000000000000004,-0.036385646381095864,0.1092439167979658,0.17485630471263264,1.0275976076463929
-0.09,1.0303744675515727,0.35000000000000003,-0.04791224794728928,0.12102676967599885,0.20263087090998605,1.0271360769373286
-0.09,1.0303744675515727,0.4,-0.06054060833612803,0.13129777274420312,0.2298576887066982,1.0266753431022662
-0.09,1.0303744675515727,0.45,-0.07412506272126322,0.1401664089753794,0.2564979685147213,1.0262156136039668
-0.09,1.0303744675515727,0.5,-0.08853062638010081,0.1477368757080392,0.2825201077464274,1.0257571103367946
-0.09,1.0303744675515727,0.55,-0.10363247200244882,0.15410814238863532,0.30789895621216695,1.0253000669298538
-0.09,1.0303744675515727,0.6000000000000001,-0.11931541322539996,0.1593740313049708,0.3326151405684487,1.024844726184122
-0.09,1.0303744675515727,0.65,-0.13547339423074747,0.1636233180263453,0.3566544438018312,1.024391337646362
-0.09,1.0303744675515727,0.7000000000000001,-0.15200898892363074,0.1669398485444109,0.3800072360126146,1.023940155322917
-0.09,1.0303744675515727,0.75,-0.16883291337791584,0.16940267037609721,0.4026679530053528,1.0234914355365548
-0.09,1.0303744675515727,0.8,-0.18586355339454952,0.1710861751461853,0.4246346194094749,1.0230454349292104
-0.09,1.0303744675515727,0.8500000000000001,-0.20302650746451137,0.17206025040697204,0.4459084132501844,1.022602408612875
-0.09,1.0303744675515727,0.9,-0.2202541450083328,0.17239043867316767,0.46649326907119426,1.0221626084700848
-0.09,1.0303744675515727,0.9500000000000001,-0.2374851801025743,0.17213810185284423,0.4863955168788914,1.021726281604514
-0.09,1.0303744675515727,1.0,-0.25466426132210834,0.17136058944285876,0.5056235543339423,1.0212936689412122
-0.09,1.0303744675515727,1.05,-0.2717415784341393,0.17011140903219457,0.5241875497626546,1.0208650039749916
-0.09,1.0303744675515727,1.1,-0.2886724864589613,0.16844039782025313,0.5420991736984161,1.0204405116645159
-0.09,1.0303744675515727,1.1500000000000001,-0.3054171472462986,0.16639389400941662,0.5593713567945611,1.0200204074686645
-0.09,1.0303744675515727,1.2000000000000002,-0.3219401883935316,0.16401490707203498,0.5760180720751429,1.0196048965208713
-0.09,1.0303744675515727,1.25,-0.3382103791482761,0.16134328602144504,0.5920541396100903,1.0191941729363103
-0.09,1.0303744675515727,1.3,-0.3542003228887888,0.1584158849352302,0.6074950518163448,1.0187884192461085
-0.09,1.0303744675515727,1.35,-0.3698861658030318,0.1552667250874203,0.6223568176971741,1.0183878059521174
-0.09,1.0303744675515727,1.4000000000000001,-0.38524732142597423,0.1519271531456117,0.6366558244379779,1.0179924911953053
-0.09,1.0303744675515727,1.4500000000000002,-0.4002662107033567,0.1484259949797761,0.6504087148786908,1.0176026205304312
-0.09,1.0303744675515727,1.5,-0.4149280172177242,0.14478970471241231,0.663632279480426,1.0172183267993828
-0.09,1.0303744675515727,1.55,-0.42922045715065843,0.1410425087151066,0.6763433614973574,1.0168397300954046
-0.09,1.0303744675515727,1.6,-0.4431335634850025,0.13720654432481907,0.688558774154098,1.0164669378103384
-0.09,1.0303744675515727,1.6500000000000001,-0.45665948389168054,0.13330199311463134,0.7002952287140222,1.0161000447570487
-0.09,1.0303744675515727,1.7000000000000002,-0.4697922917087486,0.1293472086085945,0.7115692724051315,1.0157391333592718
-0.09,1.0303744675515727,1.75,-0.4825278094076807,0.12535883837908884,0.7223972352472366,1.0153842739013181
-0.09,1.0303744675515727,1.8,-0.4948634439488534,0.12135194050816582,0.7327951848973654,1.0150355248302745
-0.09,1.0303744675515727,1.85,-0.5067980334468771,0.11734009443210469,0.7427788886995528,1.0146929331036405
-0.09,1.0303744675515727,1.9000000000000001,-0.5183317045888305,0.11333550622132377,0.7523637821904708,1.0143565345756618
-0.09,1.0303744675515727,1.9500000000000002,-0.5294657402689191,0.10934910837623041,0.761564943373818,1.0140263544159893
-0.09,1.0303744675515727,2.0,-0.5402024569187657,0.10539065424394921,0.7703970721341189,1.0137024075546712
-0.09,1.0303744675515727,2.0500000000000003,-0.550545091023259,0.10146880718148746,0.7788744742146233,1.0133846991479027
-0.09,1.0303744675515727,2.1,-0.5604976943193549,0.09759122460807539,0.7870110492345057,1.013073225059366
-0.09,1.0303744675515727,2.15,-0.5700650371817528,0.09376463710346662,0.7948202822676325,1.012767972352425
-0.09,1.0303744675515727,2.2,-0.5792525197072869,0.08999492272017387,0.8023152385489528,1.0124689197888503
-0.09,1.0303744675515727,2.25,-0.5880660900207685,0.08628717668619913,0.8095085609152061,1.0121760383301657
-0.09,1.0303744675515727,2.3000000000000003,-0.5965121693395434,0.08264577668108693,0.8164124696242234,1.0118892916381175
-0.09,1.0303744675515727,2.35,-0.6045975833520841,0.07907444387229659,0.8230387642318748,1.0116086365711414
-0.09,1.0303744675515727,2.4000000000000004,-0.612329499486714,0.07557629990122192,0.8293988272377286,1.0113340236741015
-0.09,1.0303744675515727,2.45,-0.6197153696689501,0.07215392000890553,0.8355036292399252,1.0110653976588961
-0.09,1.0303744675515727,2.5,-0.6267628781888712,0.06880938249080017,0.8413637353668215,1.0108026978738858
-0.09,1.0303744675515727,2.5500000000000003,-0.633479894322293,0.06554431466804303,0.8469893127776814,1.0105458587603924
-0.09,1.0303744675515727,2.6,-0.6398744293707782,0.06235993555978747,0.8523901390473159,1.010294810294834
-0.09,1.0303744675515727,2.6500000000000004,-0.6459545978051797,0.05925709543735733,0.8575756112701769,1.0100494784152814
-0.09,1.0303744675515727,2.7,-0.6517285822154768,0.05623631243649475,0.862554755738177,1.009809785431529
-0.09,1.0303744675515727,2.75,-0.6572046017862557,0.05329780639888847,0.8673362380635233,1.0095756504179385
-0.09,1.0303744675515727,2.8000000000000003,-0.6623908840325765,0.050441530108622644,0.8719283736333021,1.0093469895885572
-0.09,1.0303744675515727,2.85,-0.6672956395454809,0.04766719808326744,0.8763391382964768,1.0091237166541662
-0.09,1.0303744675515727,2.9000000000000004,-0.6719270395103728,0.044974313073143736,0.8805761791965804,1.0089057431611044
-0.09,1.0303744675515727,2.95,-0.6762931957750661,0.042362190415913034,0.8846468256746967,1.0086929788118235
-0.09,1.0303744675515727,3.0,-0.6804021432577568,0.03982998038713604,0.8885581001775287,1.0084853317672822
-0.09,1.0303744675515727,3.0500000000000003,-0.6842618244983959,0.03737668868088921,0.8923167291144708,1.0082827089313848
-0.09,1.0303744675515727,3.1,-0.6878800761700424,0.03500119514796262,0.8959291536157897,1.0080850162177701
-0.09,1.0303744675515727,3.1500000000000004,-0.69126461737959,0.03270227091265082,0.8994015401512959,1.0078921587993142
-0.09,1.0303744675515727,3.2,-0.6944230395996834,0.030478593982726253,0.902739790975391,1.007704041340824
-0.09,1.0303744675515727,3.25,-0.6973627980855819,0.028328763460880313,0.9059495543701388,1.0075205682153943
-0.09,1.0303744675515727,3.3000000000000003,-0.700091204642036,0.026251312459777142,0.909036234663126,1.0073416437049922
-0.09,1.0303744675515727,3.35,-0.7026154216158587,0.02424471981689351,0.9120050020013717,1.0071671721858508
-0.09,1.0303744675515727,3.4000000000000004,-0.7049424569997316,0.02230742069954909,0.9148608018665427,1.0069970582992687
-0.09,1.0303744675515727,3.45,-0.7070791605418891,0.020437816184972445,0.9176083643201959,1.0068312071084546
-0.09,1.0303744675515727,3.5,-0.7090322207646805,0.018634281894907248,0.9202522129708384,1.0066695242420383
-0.09,1.0303744675515727,3.5500000000000003,-0.7108081628026263,0.016895175759156424,0.9227966736572444,1.0065119160249112
-0.09,1.0303744675515727,3.6,-0.7124133469776114,0.015218844977581992,0.9252458828447715,1.0063582895970167
-0.09,1.0303744675515727,3.6500000000000004,-0.7138539680352464,0.013603632245433529,0.9276037957334211,1.0062085530207507
-0.09,1.0303744675515727,3.7,-0.7151360549723468,0.012047881302468425,0.9298741940780857,1.006062615377588
-0.09,1.0303744675515727,3.75,-0.716265471390964,0.010549941862141024,0.9320606937228946,1.0059203868545592
-0.09,1.0303744675515727,3.8000000000000003,-0.7172479163194805,0.009108173973184492,0.9341667518527986,1.005781778821188
-0.09,1.0303744675515727,3.85,-0.7180889254460682,0.007720951862170464,0.9361956739665821,1.005646703897467
-0.09,1.0303744675515727,3.9000000000000004,-0.7187938727142907,0.00638666730211085,0.9381506205763527,1.005515076013459
-0.09,1.0303744675515727,3.95,-0.7193679722348565,0.005103732548852553,0.9400346136392643,1.0053868104610586
-0.09,1.0303744675515727,4.0,-0.7198162804715222,0.0038705828839006294,0.9418505427278155,1.0052618239384594
-0.09,1.0303744675515727,4.05,-0.720143698662896,0.0026856787993870947,0.943601170945511,1.0051400345878239
-0.09,1.0303744675515727,4.1000000000000005,-0.7203549754454325,0.0015475078581644844,0.9452891405950352,1.0050213620266557
-0.09,1.0303744675515727,4.15,-0.7204547096462002,0.0004545862594467287,0.946916978606333,1.0049057273733257
-0.09,1.0303744675515727,4.2,-0.7204473532171061,-0.0005945398619716618,0.9484871017322007,1.0047930532672145
-0.09,1.0303744675515727,4.25,-0.7203372142850921,-0.0016012933771150052,0.9500018215190716,1.004683263883868
-0.09,1.0303744675515727,4.3,-0.7201284602954616,-0.0025670653211185795,0.9514633490607596,1.0045762849455864
-0.09,1.0303744675515727,4.3500000000000005,-0.7198251212279015,-0.0034932142466196615,0.9528737995429182,1.0044720437278112
-0.09,1.0303744675515727,4.4,-0.7194310928669514,-0.004381065752248689,0.954235196585932,1.0043704690616668
-0.09,1.0303744675515727,4.45,-0.7189501401106674,-0.005231912167888936,0.955549476393888,1.004271491333004
-0.09,1.0303744675515727,4.5,-0.7183859003030139,-0.006047012379917662,0.95681849171716,1.004175042478242
-0.09,1.0303744675515727,4.55,-0.7177418865771349,-0.00682759178107385,0.9580440156360119,1.004081055977322
-0.09,1.0303744675515727,4.6000000000000005,-0.7170214911981003,-0.007574842330921171,0.9592277451724763,1.0039894668440354
-0.09,1.0303744675515727,4.65,-0.716227988895022,-0.008289922714100293,0.9603713047375869,1.0039002116140023
-0.09,1.0303744675515727,4.7,-0.7153645401735931,-0.008973958584694403,0.9614762494208596,1.0038132283305254
-0.09,1.0303744675515727,4.75,-0.7144341946011602,-0.009628042886075935,0.9625440681287438,1.003728456528555
-0.09,1.0303744675515727,4.800000000000001,-0.713439894057364,-0.010253236236564543,0.9635761865785255,1.0036458372169756
-0.09,1.0303744675515727,4.8500000000000005,-0.7123844759442505,-0.010850567372112678,0.9645739701539989,1.003565312859405
-0.09,1.0303744675515727,4.9,-0.7112706763505111,-0.011421033638050845,0.9655387266289812,1.0034868273536885
-0.09,1.0303744675515727,4.95,-0.7101011331652334,-0.011965601522675118,0.966471708764554,1.003410326010258
-0.09,1.0303744675515727,5.0,-0.7088783891371647,-0.012485207226149136,0.9673741167856821,1.0033357555295117
-0.09,1.0303744675515727,5.050000000000001,-0.7076048948761066,-0.012980757258825842,0.968247100742675,1.003263063978348
-0.09,1.0303744675515727,5.1000000000000005,-0.706283011793578,-0.013453129063675207,0.969091762762722,1.0031922007660035
-0.09,1.0303744675515727,5.15,-0.7049150149804064,-0.013903171658037165,0.9699091591965393,1.003123116619297
-0.09,1.0303744675515727,5.2,-0.7035030960193577,-0.014331706290406213,0.9707003026649621,1.0030557635574087
-0.09,1.0303744675515727,5.25,-0.702049365731328,-0.014739527108400798,0.9714661640101165,1.002990094866278
-0.09,1.0303744675515727,5.300000000000001,-0.7005558568540404,-0.015127401834479009,0.9722076741556017,1.002926065072731
-0.09,1.0303744675515727,5.3500000000000005,-0.6990245266525033,-0.015496072446334351,0.9729257258799536,1.0028636299184157
-0.09,1.0303744675515727,5.4,-0.6974572594608445,-0.01584625585924616,0.9736211755074285,1.0028027463336147
-0.09,1.0303744675515727,5.45,-0.6958558691553969,-0.01617864460796879,0.9742948445200231,1.0027433724110202
-0.09,1.0303744675515727,5.5,-0.6942221015591862,-0.01649390752602625,0.9749475210944284,1.0026854673795242
-0.09,1.0303744675515727,5.550000000000001,-0.6925576367781946,-0.01679269042053597,0.9755799615674823,1.0026289915780895
-0.09,1.0303744675515727,5.6000000000000005,-0.6908640914699689,-0.017075616740918325,0.9761928918334991,1.0025739064297419
-0.09,1.0303744675515727,5.65,-0.6891430210453271,-0.017343288240060623,0.9767870086767203,1.0025201744157477
-0.09,1.0303744675515727,5.7,-0.687395921804049,-0.017596285626695646,0.9773629810419695,1.0024677590499984
-0.09,1.0303744675515727,5.75,-0.6856242330055751,-0.017835169207929148,0.9779214512464545,1.0024166248536568
-0.09,1.0303744675515727,5.800000000000001,-0.6838293388758337,-0.018060479521006575,0.9784630361355277,1.0023667373300873
-0.09,1.0303744675515727,5.8500000000000005,-0.6820125705513977,-0.018272737953552207,0.9789883281850748,1.0023180629400983
-0.09,1.0303744675515727,5.9,-0.6801752079622394,-0.018472447351640137,0.9794978965530816,1.0022705690775364
-0.09,1.0303744675515727,5.95,-0.6783184816544081,-0.01866009261517217,0.9799922880828112,1.0022242240452308
-0.09,1.0303744675515727,6.0,-0.6764435745539787,-0.01883614128014035,0.9804720282598982,1.0021789970313322
-0.09,1.0303744675515727,6.050000000000001,-0.6745516236736595,-0.01900104408744426,0.9809376221255657,1.0021348580860454
-0.09,1.0303744675515727,6.1000000000000005,-0.6726437217634442,-0.019155235538015954,0.9813895551480628,1.0020917780987713
-0.09,1.0303744675515727,6.15,-0.670720918906721,-0.019299134434078446,0.981828294054308,1.002049728775679
-0.09,1.0303744675515727,6.2,-0.6687842240632372,-0.01943314440643045,0.9822542876236572,1.0020086826177106
-0.09,1.0303744675515727,6.25,-0.6668346065603151,-0.019557654427706933,0.982667967445582,1.0019686128990217
-0.09,1.0303744675515727,6.300000000000001,-0.6648729975337133,-0.01967303931161775,0.9830697486429948,1.001929493645872
-0.09,1.0303744675515727,6.3500000000000005,-0.6629002913195035,-0.01977966019821133,0.9834600305628476,1.0018912996159681
-0.09,1.0303744675515727,6.4,-0.6609173467983313,-0.01987786502525087,0.9838391974355644,1.001854006278252
-0.09,1.0303744675515727,6.45,-0.6589249886934063,-0.019967988985825243,0.9842076190047918,1.001817589793151
-0.09,1.0303744675515727,6.5,-0.6569240088235416,-0.020050354972347098,0.984565651128867,1.0017820269932753
-0.09,1.0303744675515727,6.550000000000001,-0.6549151673125653,-0.02012527400711771,0.9849136363553578,1.0017472953645723
-0.09,1.0303744675515727,6.6000000000000005,-0.6528991937563847,-0.020193045659659997,0.9852519044699314,1.001713373027927
-0.09,1.0303744675515727,6.65,-0.6508767883489781,-0.0202539584510409,0.9855807730207822,1.0016802387212174
-0.09,1.0303744675515727,6.7,-0.6488486229685673,-0.020308290245421096,0.985900547819763,1.0016478717818025
-0.09,1.0303744675515727,6.75,-0.646815342225197,-0.020356308629082418,0.9862115234213089,1.0016162521294605
-0.09,1.0303744675515727,6.800000000000001,-0.6447775644709373,-0.020398271277196234,0.9865139835802209,1.0015853602497549
-0.09,1.0303744675515727,6.8500000000000005,-0.6427358827738916,-0.02043442630860357,0.9868082016892739,1.0015551771778302
-0.09,1.0303744675515727,6.9,-0.6406908658571839,-0.020465012628885892,0.9870944411976101,1.0015256844826332
-0.09,1.0303744675515727,6.95,-0.6386430590040645,-0.020490260262010077,0.9873729560108173,1.0014968642515463
-0.09,1.0303744675515727,7.0,-0.6365929849302631,-0.020510390670835366,0.9876439908735322,1.0014686990754338
-0.09,1.0303744675515727,7.050000000000001,-0.6345411446246805,-0.020525617066772143,0.9879077817353955,1.0014411720340919
-0.09,1.0303744675515727,7.1000000000000005,-0.6324880181595027,-0.020536144708883614,0.9881645561011254,1.0014142666820876
-0.09,1.0303744675515727,7.15,-0.6304340654707785,-0.020542171192721417,0.9884145333654479,1.0013879670349906
-0.09,1.0303744675515727,7.2,-0.6283797271104934,-0.020543886729185327,0.9886579251335769,1.001362257555986
-0.09,1.0303744675515727,7.25,-0.6263254249711345,-0.020541474413695488,0.9888949355279233,1.0013371231428563
-0.09,1.0303744675515727,7.300000000000001,-0.6242715629837167,-0.020535110485962616,0.9891257614816518,1.0013125491153274
-0.09,1.0303744675515727,7.3500000000000005,-0.6222185277902231,-0.020524964580639078,0.989350593019698,1.0012885212027731
-0.09,1.0303744675515727,7.4,-0.6201666893913705,-0.020511199969129545,0.9895696135278218,1.001265025532271
-0.09,1.0303744675515727,7.45,-0.6181164017705921,-0.020493973792835504,0.9897830000102281,1.0012420486169886
-0.09,1.0303744675515727,7.5,-0.6160680034951027,-0.020473437288104048,0.9899909233363001,1.0012195773449128
-0.09,1.0303744675515727,7.550000000000001,-0.6140218182948793,-0.020449736003145026,0.9901935484769109,1.0011975989679012
-0.09,1.0303744675515727,7.6000000000000005,-0.6119781556203645,-0.020423010007177094,0.9903910347308117,1.0011761010910423
-0.09,1.0303744675515727,7.65,-0.6099373111796703,-0.020393394092055664,0.9905835359415267,1.001155071662337
-0.09,1.0303744675515727,7.7,-0.6078995674560381,-0.02036101796663201,0.9907712007051879,1.0011344989626678
-0.09,1.0303744675515727,7.75,-0.6058651942062787,-0.02032600644408503,0.9909541725697243,1.0011143715960735
-0.09,1.0303744675515727,7.800000000000001,-0.603834448940888,-0.02028847962246302,0.9911325902257778,1.0010946784803003
-0.09,1.0303744675515727,7.8500000000000005,-0.6018075773865155,-0.020248553058664985,0.9913065876897271,1.0010754088376326
-0.09,1.0303744675515727,7.9,-0.5997848139314367,-0.02020633793608651,0.9914762944791693,1.0010565521859984
-0.09,1.0303744675515727,7.95,-0.5977663820546382,-0.020161941226147808,0.991641835781189,1.001038098330334
-0.09,1.0303744675515727,8.0,-0.5957524947391365,-0.02011546584391623,0.9918033326137412,1.0010200373542062
-0.09,1.0303744675515727,8.05,-0.593743354870089,-0.020067010798029347,0.991960901980443,1.0010023596116817
-0.09,1.0303744675515727,8.1,-0.591739155618263,-0.020016671335118127,0.9921146570190776,1.000985055719443
-0.09,1.0303744675515727,8.15,-0.5897400808093927,-0.019964539078924464,0.9922647071440703,1.0009681165491318
-0.09,1.0303744675515727,8.200000000000001,-0.5877463052799378,-0.019910702164301124,0.9924111581832193,1.0009515332199326
-0.09,1.0303744675515727,8.25,-0.5857579952197393,-0.01985524536627593,0.9925541125089073,1.000935297091363
-0.09,1.0303744675515727,8.3,-0.5837753085020482,-0.019798250224357175,0.9926936691640644,1.0009193997562968
-0.09,1.0303744675515727,8.35,-0.5817983950013821,-0.01973979516225069,0.9928299239830811,1.0009038330341813
-0.09,1.0303744675515727,8.4,-0.5798273968996563,-0.01967995560315413,0.9929629697079075,1.0008885889644699
-0.09,1.0303744675515727,8.450000000000001,-0.5778624489810094,-0.019618804080788477,0.9930928960995458,1.0008736598002448
-0.09,1.0303744675515727,8.5,-0.5759036789157342,-0.019556410346321038,0.993219790045117,1.0008590380020332
-0.09,1.0303744675515727,8.55,-0.5739512075337152,-0.019492841471330017,0.9933437356607193,1.0008447162318124
-0.09,1.0303744675515727,8.6,-0.5720051490877386,-0.019428161946954573,0.9934648143902302,1.0008306873471906
-0.09,1.0303744675515727,8.65,-0.5700656115070623,-0.019362433779370292,0.9935831051002444,1.00081694439577
-0.09,1.0303744675515727,8.700000000000001,-0.568132696641583,-0.019295716581724767,0.9936986841713001,1.0008034806096684
-0.09,1.0303744675515727,8.75,-0.5662065004969549,-0.019228067662663367,0.9938116255855628,1.000790289400221
-0.09,1.0303744675515727,8.8,-0.5642871134609821,-0.01915954211157087,0.9939220010110967,1.0007773643528275
-0.09,1.0303744675515727,8.85,-0.5623746205216122,-0.019090192880650253,0.9940298798828902,1.0007646992219632
-0.09,1.0303744675515727,8.9,-0.5604691014768316,-0.0190200708639555,0.9941353294807548,1.0007522879263386
-0.09,1.0303744675515727,8.950000000000001,-0.5585706311367662,-0.01894922497349141,0.9942384150042334,1.0007401245442034
-0.09,1.0303744675515727,9.0,-0.5566792795182732,-0.018877702212489134,0.9943391996446459,1.0007282033087923
-0.09,1.0303744675515727,9.05,-0.5547951120323004,-0.01880554774596237,0.9944377446543842,1.0007165186039098
-0.09,1.0303744675515727,9.1,-0.5529181896642851,-0.018732804968645527,0.9945341094135793,1.0007050649596474
-0.09,1.0303744675515727,9.15,-0.5510485691478462,-0.018659515570411234,0.9946283514942365,1.0006938370482243
-0.09,1.0303744675515727,9.200000000000001,-0.5491863031320263,-0.01858571959926124,0.9947205267219594,1.0006828296799641
-0.09,1.0303744675515727,9.25,-0.5473314403423176,-0.018511455521981367,0.9948106892353428,1.0006720377993807
-0.09,1.0303744675515727,9.3,-0.545484025735713,-0.018436760282547624,0.9948988915431478,1.0006614564813894
-0.09,1.0303744675515727,9.35,-0.5436441006499992,-0.018361669358367715,0.9949851845793368,1.0006510809276328
-0.09,1.0303744675515727,9.4,-0.5418117029475107,-0.018286216814438778,0.9950696177560577,1.0006409064629054
-0.09,1.0303744675515727,9.450000000000001,-0.5399868671535587,-0.018210435355499533,0.995152239014668,1.0006309285317012
-0.09,1.0303744675515727,9.5,-0.5381696245897254,-0.01813435637625169,0.9952330948748676,1.0006211426948506
-0.09,1.0303744675515727,9.55,-0.5363600035022288,-0.018058010009723235,0.9953122304820226,1.0006115446262722
-0.09,1.0303744675515727,9.600000000000001,-0.534558029185534,-0.01798142517384299,0.9953896896527508,1.0006021301098038
-0.09,1.0303744675515727,9.65,-0.5327637241013998,-0.01790462961629366,0.9954655149188395,1.0005928950361456
-0.09,1.0303744675515727,9.700000000000001,-0.5309771079935216,-0.017827649957707668,0.9955397475695582,1.0005838353998804
-0.09,1.0303744675515727,9.75,-0.5291981979979526,-0.017750511733268283,0.9956124276924394,1.0005749472965975
-0.09,1.0303744675515727,9.8,-0.527427008749443,-0.01767323943277529,0.9956835942125715,1.0005662269200815
-0.09,1.0303744675515727,9.850000000000001,-0.525663552483869,-0.017595856539233318,0.9957532849304838,1.0005576705596075
-0.09,1.0303744675515727,9.9,-0.5239078391368843,-0.017518385566017664,0.9958215365586621,1.0005492745972995
-0.09,1.0303744675515727,9.950000000000001,-0.5221598764389465,-0.01744084809267135,0.9958883847567532,1.0005410355055742
-0.09,1.0303744675515727,10.0,-0.5204196700068432,-0.01736326479938432,0.9959538641655147,1.00053294984466
-0.09,1.0303744675515727,10.05,-0.5186872234318601,-0.017285655500204323,0.9960180084395527,1.0005250142601876
-0.09,1.0303744675515727,10.100000000000001,-0.516962538364707,-0.017208039175026946,0.9960808502788995,1.000517225480856
-0.09,1.0303744675515727,10.15,-0.5152456145973217,-0.01713043400041023,0.9961424214594682,1.0005095803161586
-0.09,1.0303744675515727,10.200000000000001,-0.5135364501416767,-0.017052857379258227,0.9962027528624409,1.0005020756541845
-0.09,1.0303744675515727,10.25,-0.5118350413056868,-0.0169753259694153,0.9962618745026167,1.0004947084594837
-0.09,1.0303744675515727,10.3,-0.5101413827663316,-0.01689785571121216,0.9963198155557691,1.0004874757709878
-0.09,1.0303744675515727,10.350000000000001,-0.5084554676400938,-0.01682046185400267,0.9963766043850508,1.0004803746999986
-0.09,1.0303744675515727,10.4,-0.5067772875508071,-0.01674315898172899,0.9964322685664736,1.000473402428235
-0.09,1.0303744675515727,10.450000000000001,-0.5051068326950142,-0.01666596103755138,0.9964868349135081,1.0004665562059336
-0.09,1.0303744675515727,10.5,-0.5034440919049178,-0.016588881347577345,0.9965403295008328,1.0004598333500034
-0.09,1.0303744675515727,10.55,-0.5017890527090189,-0.01651193264372385,0.9965927776872633,1.0004532312422425
-0.09,1.0303744675515727,10.600000000000001,-0.5001417013905166,-0.01643512708574462,0.9966442041378937,1.0004467473275978
-0.09,1.0303744675515727,10.65,-0.4985020230435609,-0.016358476282453713,0.996694632845482,1.0004403791124776
-0.09,1.0303744675515727,10.700000000000001,-0.4968700016274243,-0.01628199131217507,0.9967440871511039,1.0004341241631172
-0.09,1.0303744675515727,10.75,-0.49524562001867367,-0.016205682742446922,0.9967925897641015,1.000427980103984
-0.09,1.0303744675515727,10.8,-0.4936288600614111,-0.01612956064900847,0.9968401627813648,1.0004219446162357
-0.09,1.0303744675515727,10.850000000000001,-0.49201970261565225,-0.01605363463409554,0.9968868277059486,1.0004160154362203
-0.09,1.0303744675515727,10.9,-0.49041812760390857,-0.015977913844070865,0.9969326054650739,1.000410190354016
-0.09,1.0303744675515727,10.950000000000001,-0.4888241140560382,-0.01590240698641329,0.9969775164275174,1.0004044672120218
-0.09,1.0303744675515727,11.0,-0.4872376401524247,-0.01582712234609001,0.9970215804204223,1.0003988439035738
-0.09,1.0303744675515727,11.05,-0.4856586832655456,-0.01575206780133417,0.9970648167455495,1.0003933183716172
-0.09,1.0303744675515727,11.100000000000001,-0.48408721999998405,-0.015677250838850174,0.9971072441949851,1.000387888607407
-0.09,1.0303744675515727,11.15,-0.4825232262309445,-0.015602678568467369,0.9971488810663273,1.000382552649244
-0.09,1.0303744675515727,11.200000000000001,-0.48096667714131774,-0.015528357737262832,0.9971897451773769,1.000377308581254
-0.09,1.0303744675515727,11.25,-0.47941754725735614,-0.015454294743172415,0.9972298538803387,1.0003721545321969
-0.09,1.0303744675515727,11.3,-0.4778758104829971,-0.015380495648109093,0.9972692240755571,1.0003670886743063
-0.09,1.0303744675515727,11.350000000000001,-0.47634144013289575,-0.015306966190606694,0.9973078722248053,1.0003621092221726
-0.09,1.0303744675515727,11.4,-0.4748144089642014,-0.015233711798006212,0.9973458143641399,1.000357214431646
-0.09,1.0303744675515727,11.450000000000001,-0.47329468920712886,-0.015160737598201794,0.9973830661163334,1.0003524025987756
-0.09,1.0303744675515727,11.5,-0.47178225259436823,-0.015088048430962241,0.9974196427029139,1.000347672058779
-0.09,1.0303744675515727,11.55,-0.47027707038936856,-0.015015648858843671,0.9974555589558007,1.0003430211850382
-0.09,1.0303744675515727,11.600000000000001,-0.46877911341354556,-0.014943543177708395,0.9974908293285831,1.0003384483881272
-0.09,1.0303744675515727,11.65,-0.4672883520724426,-0.014871735426864216,0.9975254679074206,1.0003339521148615
-0.09,1.0303744675515727,11.700000000000001,-0.46580475638088864,-0.014800229398838046,0.9975594884216064,1.0003295308473799
-0.09,1.0303744675515727,11.75,-0.4643282959871871,-0.01472902864879731,0.9975929042537847,1.0003251831022444
-0.09,1.0303744675515727,11.8,-0.4628589401963726,-0.014658136503631812,0.9976257284498536,1.0003209074295758
-0.09,1.0303744675515727,11.850000000000001,-0.4613966579925665,-0.014587556070708491,0.9976579737285421,1.0003167024122015
-0.09,1.0303744675515727,11.9,-0.45994141806046784,-0.014517290246310958,0.9976896524906934,1.0003125666648345
-0.09,1.0303744675515727,11.950000000000001,-0.4584931888060077,-0.01444734172377531,0.9977207768282524,1.0003084988332727
-0.09,1.0303744675515727,12.0,-0.45705193837620006,-0.014377713001333142,0.9977513585329704,1.0003044975936195
-0.09,1.0303744675515727,12.05,-0.45561763467821775,-0.014308406389672543,0.9977814091048403,1.000300561651527
-0.09,1.0303744675515727,12.100000000000001,-0.45419024539772224,-0.014239424019227107,0.9978109397602639,1.0002966897414614
-0.09,1.0303744675515727,12.15,-0.4527697380164743,-0.014170767847202973,0.9978399614399689,1.0002928806259814
-0.09,1.0303744675515727,12.200000000000001,-0.4513560798292514,-0.01410243966435328,0.997868484816679,1.0002891330950465
-0.09,1.0303744675515727,12.25,-0.4499492379601016,-0.014034441101509204,0.9978965203025486,1.000285445965336
-0.09,1.0303744675515727,12.3,-0.44854917937795014,-0.01396677363587633,0.9979240780563617,1.0002818180795905
-0.09,1.0303744675515727,12.350000000000001,-0.4471558709115928,-0.01389943859710489,0.997951167990521,1.0002782483059705
-0.09,1.0303744675515727,12.4,-0.4457692792640909,-0.01383243717314198,0.9979777997778112,1.0002747355374302
-0.09,1.0303744675515727,12.450000000000001,-0.4443893710265923,-0.013765770415873523,0.9980039828579638,1.0002712786911112
-0.09,1.0303744675515727,12.5,-0.44301611269160324,-0.013699439246563807,0.9980297264440183,1.0002678767077524
-0.09,1.0303744675515727,12.55,-0.44164947066572563,-0.01363344446109948,0.9980550395284915,1.0002645285511131
-0.09,1.0303744675515727,12.600000000000001,-0.4402894112818821,-0.013567786735045407,0.9980799308893575,1.0002612332074112
-0.09,1.0303744675515727,12.65,-0.4389359008110522,-0.013502466628518906,0.9981044090958535,1.0002579896847836
-0.09,1.0303744675515727,12.700000000000001,-0.4375889054735269,-0.01343748459088893,0.9981284825141046,1.000254797012749
-0.09,1.0303744675515727,12.75,-0.43624839144971056,-0.013372840965306438,0.998152159312581,1.0002516542416968
-0.09,1.0303744675515727,12.8,-0.434914324890482,-0.013308535993072159,0.9981754474673958,1.0002485604423828
-0.09,1.0303744675515727,12.850000000000001,-0.43358667192712913,-0.013244569817847282,0.9981983547674415,1.000245514705438
-0.09,1.0303744675515727,12.9,-0.4322653986808762,-0.013180942489712867,0.998220888819373,1.000242516140895
-0.09,1.0303744675515727,12.950000000000001,-0.43095047127201674,-0.013117653969083345,0.9982430570524483,1.0002395638777215
-0.09,1.0303744675515727,13.0,-0.4296418558286678,-0.0130547041304793,0.9982648667232179,1.000236657063371
-0.09,1.0303744675515727,13.05,-0.4283395184951583,-0.012992092766164505,0.9982863249200853,1.0002337948633417
-0.09,1.0303744675515727,13.100000000000001,-0.42704342544006335,-0.012929819589652074,0.9983074385677255,1.000230976460747
-0.09,1.0303744675515727,13.15,-0.4257535428639033,-0.01286788423908435,0.9983282144313788,1.0002282010559023
-0.09,1.0303744675515727,13.200000000000001,-0.42446983700651064,-0.012806286280491101,0.9983486591210189,1.0002254678659135
-0.09,1.0303744675515727,13.25,-0.4231922741540849,-0.012745025210930181,0.9983687790953985,1.0002227761242861
-0.09,1.0303744675515727,13.3,-0.42192082064594255,-0.01268410046151495,0.9983885806659749,1.0002201250805356
-0.09,1.0303744675515727,13.350000000000001,-0.4206554428809731,-0.012623511400332462,0.9984080700007305,1.0002175139998164
-0.09,1.0303744675515727,13.4,-0.41939610732381327,-0.01256325733525613,0.9984272531278714,1.000214942162552
-0.09,1.0303744675515727,13.450000000000001,-0.4181427805107491,-0.012503337516656837,0.9984461359394311,1.0002124088640814
-0.09,1.0303744675515727,13.5,-0.4168954290553535,-0.012443751140015858,0.9984647241947623,1.0002099134143108
-0.09,1.0303744675515727,13.55,-0.415654019653872,-0.01238449734844315,0.9984830235239314,1.0002074551373754
-0.09,1.0303744675515727,13.600000000000001,-0.41441851909036287,-0.012325575235104407,0.9985010394310198,1.00020503337131
-0.09,1.0303744675515727,13.65,-0.4131888942416032,-0.012266983845559966,0.9985187772973259,1.0002026474677284
-0.09,1.0303744675515727,13.700000000000001,-0.4119651120817638,-0.012208722180018729,0.9985362423844788,1.0002002967915096
-0.09,1.0303744675515727,13.75,-0.41074713968686866,-0.012150789195510105,0.9985534398374656,1.0001979807204915
-0.09,1.0303744675515727,13.8,-0.4095349442390403,-0.01209318380797683,0.9985703746875708,1.0001956986451794
-0.09,1.0303744675515727,13.850000000000001,-0.40832849303054125,-0.012035904894291438,0.9985870518552329,1.0001934499684475
-0.09,1.0303744675515727,13.9,-0.4071277534676181,-0.011978951294199076,0.9986034761528234,1.0001912341052628
-0.09,1.0303744675515727,13.950000000000001,-0.40593269307415625,-0.011922321812189227,0.9986196522873465,1.0001890504824076
-0.09,1.0303744675515727,14.0,-0.40474327949515015,-0.011866015219298849,0.9986355848630639,1.0001868985382125
-0.09,1.0303744675515727,14.05,-0.4035594804999969,-0.01181003025484932,0.9986512783840458,1.000184777722293
-0.09,1.0303744675515727,14.100000000000001,-0.4023812639856193,-0.011754365628119554,0.9986667372566531,1.0001826874952942
-0.09,1.0303744675515727,14.15,-0.40120859797942277,-0.011699020019957419,0.9986819657919501,1.000180627328645
-0.09,1.0303744675515727,14.200000000000001,-0.4000414506420953,-0.011643992084331672,0.9986969682080508,1.0001785967043106
-0.09,1.0303744675515727,14.25,-0.3988797902702518,-0.0115892804498266,0.998711748632397,1.0001765951145618
-0.09,1.0303744675515727,14.3,-0.3977235852989329,-0.0115348837210811,0.9987263111039834,1.00017462206174
-0.09,1.0303744675515727,14.350000000000001,-0.3965728043039581,-0.011480800480174467,0.9987406595755118,1.0001726770580333
-0.09,1.0303744675515727,14.4,-0.39542741600414427,-0.011427029287960416,0.998754797915493,1.000170759625258
-0.09,1.0303744675515727,14.450000000000001,-0.39428738926338947,-0.011373568685351528,0.9987687299102882,1.0001688692946442
-0.09,1.0303744675515727,14.5,-0.3931526930926291,-0.01132041719455534,0.9987824592660973,1.000167005606627
-0.09,1.0303744675515727,14.55,-0.39202329665167035,-0.01126757332026438,0.9987959896108921,1.0001651681106416
-0.09,1.0303744675515727,14.600000000000001,-0.39089916925090523,-0.011215035550801245,0.998809324496299,1.0001633563649286
-0.09,1.0303744675515727,14.65,-0.38978028035291157,-0.011162802359220517,0.9988224673994281,1.0001615699363346
-0.09,1.0303744675515727,14.700000000000001,-0.3886665995739412,-0.011110872204368984,0.9988354217246578,1.0001598084001275
-0.09,1.0303744675515727,14.75,-0.38755809668530494,-0.011059243531905709,0.9988481908053668,1.0001580713398106
-0.09,1.0303744675515727,14.8,-0.3864547416146522,-0.01100791477528311,0.9988607779056243,1.0001563583469424
-0.09,1.0303744675515727,14.850000000000001,-0.3853565044471542,-0.010956884356690733,0.9988731862218335,1.0001546690209617
-0.09,1.0303744675515727,14.9,-0.3842633554265911,-0.01090615068796269,0.9988854188843284,1.0001530029690144
-0.09,1.0303744675515727,14.950000000000001,-0.3831752649563496,-0.010855712171450366,0.9988974789589355,1.000151359805789
-0.09,1.0303744675515727,15.0,-0.3820922036003301,-0.010805567200861245,0.9989093694484878,1.000149739153351
-0.09,1.0303744675515727,15.05,-0.38101414208377266,-0.010755714162065388,0.9989210932943032,1.000148140640984
-0.09,1.0303744675515727,15.100000000000001,-0.37994105129399913,-0.010706151433870442,0.9989326533776204,1.0001465639050362
-0.09,1.0303744675515727,15.15,-0.3788729022810796,-0.010656877388766398,0.9989440525210015,1.000145008588765
-0.09,1.0303744675515727,15.200000000000001,-0.3778096662584221,-0.010607890393641094,0.9989552934896951,1.0001434743421926
-0.09,1.0303744675515727,15.25,-0.3767513146032915,-0.010559188810467584,0.9989663789929654,1.0001419608219584
-0.09,1.0303744675515727,15.3,-0.37569781885725917,-0.010510770996964205,0.9989773116853846,1.000140467691178
-0.09,1.0303744675515727,15.350000000000001,-0.37464915072658667,-0.010462635307228465,0.9989880941680958,1.0001389946193087
-0.09,1.0303744675515727,15.4,-0.37360528208254534,-0.010414780092345522,0.99899872899004,1.0001375412820102
-0.09,1.0303744675515727,15.450000000000001,-0.37256618496167493,-0.01036720370097224,0.9990092186491528,1.0001361073610162
-0.09,1.0303744675515727,15.5,-0.371531831565985,-0.010319904479897633,0.9990195655935296,1.0001346925440033
-0.09,1.0303744675515727,15.55,-0.37050219426309894,-0.010272880774580573,0.9990297722225651,1.0001332965244705
-0.09,1.0303744675515727,15.600000000000001,-0.36947724558634504,-0.010226130929665447,0.9990398408880541,1.00013191900161
-0.09,1.0303744675515727,15.65,-0.3684569582347968,-0.010179653289476714,0.999049773895277,1.0001305596801942
-0.09,1.0303744675515727,15.700000000000001,-0.36744130507326334,-0.010133446198492919,0.9990595735040478,1.000129218270454
-0.09,1.0303744675515727,15.75,-0.3664302591322327,-0.010087508001801023,0.9990692419297403,1.0001278944879668
-0.09,1.0303744675515727,15.8,-0.36542379360777155,-0.0100418370455317,0.9990787813442864,1.0001265880535457
-0.09,1.0303744675515727,15.850000000000001,-0.36442188186138025,-0.009996431677276194,0.9990881938771506,1.000125298693129
-0.09,1.0303744675515727,15.9,-0.3634244974198097,-0.009951290246485516,0.9990974816162798,1.0001240261376758
-0.09,1.0303744675515727,15.950000000000001,-0.3624316139748349,-0.009906411104852552,0.9991066466090294,1.0001227701230584
-0.09,1.0303744675515727,16.0,-0.36144320538299474,-0.009861792606677616,0.9991156908630644,1.0001215303899655
-0.09,1.0303744675515727,16.05,-0.3604592456652963,-0.009817433109218138,0.9991246163472413,1.0001203066837996
-0.09,1.0303744675515727,16.1,-0.35947970900688136,-0.009773330973023011,0.999133424992467,1.0001190987545825
-0.09,1.0303744675515727,16.150000000000002,-0.35850456975666534,-0.00972948456225208,0.9991421186925326,1.0001179063568577
-0.09,1.0303744675515727,16.2,-0.357533802426943,-0.009685892244981432,0.9991506993049326,1.0001167292496007
-0.09,1.0303744675515727,16.25,-0.3565673816929634,-0.009642552393494853,0.9991591686516625,1.0001155671961275
-0.09,1.0303744675515727,16.3,-0.35560528239248146,-0.009599463384561987,0.9991675285199909,1.0001144199640042
-0.09,1.0303744675515727,16.35,-0.35464747952527836,-0.009556623599703778,0.9991757806632211,1.0001132873249639
-0.09,1.0303744675515727,16.400000000000002,-0.3536939482526597,-0.009514031425445478,0.99918392680143,1.000112169054821
-0.09,1.0303744675515727,16.45,-0.35274466389692777,-0.009471685253557752,0.9991919686221863,1.0001110649333875
-0.09,1.0303744675515727,16.5,-0.35179960194083393,-0.009429583481286315,0.9991999077812581,1.0001099747443933
-0.09,1.0303744675515727,16.55,-0.3508587380270057,-0.009387724511570512,0.9992077459032966,1.0001088982754083
-0.09,1.0303744675515727,16.6,-0.3499220479573568,-0.009346106753251178,0.9992154845825066,1.0001078353177628
-0.09,1.0303744675515727,16.650000000000002,-0.3489895076924764,-0.009304728621268214,0.9992231253833022,1.0001067856664734
-0.09,1.0303744675515727,16.7,-0.3480610933509994,-0.009263588536848296,0.9992306698409408,1.0001057491201715
-0.09,1.0303744675515727,16.75,-0.3471367812089612,-0.009222684927682905,0.9992381194621502,1.000104725481027
-0.09,1.0303744675515727,16.8,-0.3462165476991347,-0.009182016228097244,0.9992454757257343,1.00010371455468
-0.09,1.0303744675515727,16.85,-0.34530036941035264,-0.009141580879210201,0.9992527400831654,1.0001027161501732
-0.09,1.0303744675515727,16.900000000000002,-0.3443882230868147,-0.009101377329085777,0.9992599139591652,1.0001017300798818
-0.09,1.0303744675515727,16.95,-0.34348008562738175,-0.009061404032876254,0.999266998752271,1.0001007561594493
-0.09,1.0303744675515727,17.0,-0.3425759340848559,-0.009021659452957369,0.9992739958353819,1.000099794207722
-0.09,1.0303744675515727,17.05,-0.34167574566525133,-0.008982142059055915,0.9992809065563082,1.0000988440466898
-0.09,1.0303744675515727,17.1,-0.3407794977270484,-0.008942850328369825,0.9992877322382863,1.0000979055014156
-0.09,1.0303744675515727,17.150000000000002,-0.33988716778044264,-0.008903782745681278,0.9992944741804995,1.0000969783999851
-0.09,1.0303744675515727,17.2,-0.33899873348658077,-0.008864937803462824,0.9993011336585782,1.0000960625734416
-0.09,1.0303744675515727,17.25,-0.3381141726567873,-0.008826314001977042,0.9993077119250902,1.000095157855731
-0.09,1.0303744675515727,17.3,-0.3372334632517831,-0.0087879098493697,0.9993142102100175,1.0000942640836434
-0.09,1.0303744675515727,17.35,-0.3363565833808959,-0.00874972386175689,0.9993206297212259,1.0000933810967594
-0.09,1.0303744675515727,17.400000000000002,-0.33548351130126225,-0.008711754563306234,0.9993269716449202,1.0000925087373946
-0.09,1.0303744675515727,17.45,-0.3346142254170236,-0.008674000486312424,0.9993332371460928,1.000091646850549
-0.09,1.0303744675515727,17.5,-0.3337487042785136,-0.008636460171267244,0.9993394273689545,1.0000907952838518
-0.09,1.0303744675515727,17.55,-0.33288692658144275,-0.00859913216692443,0.9993455434373651,1.0000899538875152
-0.09,1.0303744675515727,17.6,-0.33202887116607416,-0.008562015030359384,0.9993515864552469,1.000089122514281
-0.09,1.0303744675515727,17.650000000000002,-0.3311745170163955,-0.008525107327024054,0.9993575575069907,1.0000883010193733
-0.09,1.0303744675515727,17.7,-0.33032384325928676,-0.008488407630797097,0.9993634576578542,1.0000874892604517
-0.09,1.0303744675515727,17.75,-0.32947682916368193,-0.00845191452402956,0.9993692879543485,1.0000866870975633
-0.09,1.0303744675515727,17.8,-0.3286334541397289,-0.008415626597586243,0.9993750494246193,1.000085894393101
-0.09,1.0303744675515727,17.85,-0.32779369773794437,-0.00837954245088282,0.9993807430788159,1.0000851110117537
-0.09,1.0303744675515727,17.900000000000002,-0.32695753964836527,-0.008343660691919004,0.9993863699094514,1.0000843368204664
-0.09,1.0303744675515727,17.95,-0.32612495969969874,-0.00830797993730785,0.9993919308917615,1.000083571688397
-0.09,1.0303744675515727,18.0,-0.3252959378584681,-0.008272498812301311,0.9993974269840472,1.0000828154868726
-0.09,1.0303744675515727,18.05,-0.3244704542281579,-0.008237215950812303,0.999402859128012,1.0000820680893516
-0.09,1.0303744675515727,18.1,-0.32364848904835536,-0.008202129995433273,0.9994082282490955,1.0000813293713822
-0.09,1.0303744675515727,18.150000000000002,-0.3228300226938924,-0.008167239597451512,0.9994135352567947,1.000080599210562
-0.09,1.0303744675515727,18.2,-0.32201503567398443,-0.008132543416861315,0.9994187810449802,1.0000798774865012
-0.09,1.0303744675515727,18.25,-0.32120350863136843,-0.008098040122373088,0.9994239664922049,1.0000791640807853
-0.09,1.0303744675515727,18.3,-0.32039542234144175,-0.008063728391419561,0.9994290924620081,1.0000784588769385
-0.09,1.0303744675515727,18.35,-0.3195907577113977,-0.008029606910159201,0.9994341598032064,1.000077761760385
-0.09,1.0303744675515727,18.400000000000002,-0.3187894957793635,-0.00799567437347693,0.9994391693501873,1.0000770726184174
-0.09,1.0303744675515727,18.45,-0.31799161771353557,-0.007961929484982299,0.9994441219231907,1.0000763913401596
-0.09,1.0303744675515727,18.5,-0.31719710481131747,-0.00792837095700516,0.999449018328581,1.0000757178165331
-0.09,1.0303744675515727,18.55,-0.3164059384984556,-0.00789499751058902,0.9994538593591229,1.0000750519402266
-0.09,1.0303744675515727,18.6,-0.3156181003281779,-0.007861807875482064,0.999458645794242,1.0000743936056604
-0.09,1.0303744675515727,18.650000000000002,-0.31483357198033135,-0.007828800790126083,0.9994633784002851,1.000073742708955
-0.09,1.0303744675515727,18.7,-0.31405233526052156,-0.007795975001643254,0.9994680579307718,1.0000730991479019
-0.09,1.0303744675515727,18.75,-0.31327437209925224,-0.007763329265820977,0.9994726851266429,1.0000724628219317
-0.09,1.0303744675515727,18.8,-0.31249966455106737,-0.0077308623470948015,0.9994772607165023,1.0000718336320846
-0.09,1.0303744675515727,18.85,-0.311728194793694,-0.007698573018529489,0.9994817854168512,1.00007121148098
-0.09,1.0303744675515727,18.900000000000002,-0.3109599451271866,-0.007666460061798395,0.9994862599323252,1.0000705962727903
-0.09,1.0303744675515727,18.95,-0.31019489797307354,-0.0076345222671611495,0.999490684955915,1.0000699879132104
-0.09,1.0303744675515727,19.0,-0.3094330358735048,-0.007602758433439735,0.9994950611691916,1.0000693863094312
-0.09,1.0303744675515727,19.05,-0.30867434149040235,-0.007571167367993086,0.9994993892425227,1.0000687913701127
-0.09,1.0303744675515727,19.1,-0.30791879760461327,-0.007539747886690231,0.999503669835285,1.0000682030053574
-0.09,1.0303744675515727,19.150000000000002,-0.3071663871150631,-0.0075084988138819945,0.9995079035960714,1.0000676211266843
-0.09,1.0303744675515727,19.200000000000003,-0.3064170930379148,-0.007477418982371493,0.9995120911628952,1.0000670456470033
-0.09,1.0303744675515727,19.25,-0.3056708985057261,-0.007446507233383254,0.9995162331633888,1.0000664764805915
-0.09,1.0303744675515727,19.3,-0.30492778676661436,-0.007415762416531221,0.9995203302149986,1.0000659135430678
-0.09,1.0303744675515727,19.35,-0.30418774118342046,-0.007385183389785621,0.9995243829251762,1.0000653567513682
-0.09,1.0303744675515727,19.400000000000002,-0.3034507452328777,-0.007354769019438693,0.9995283918915643,1.0000648060237238
-0.09,1.0303744675515727,19.450000000000003,-0.30271678250478207,-0.007324518180069466,0.9995323577021806,1.000064261279639
-0.09,1.0303744675515727,19.5,-0.3019858367011686,-0.0072944297545075,0.9995362809355952,1.0000637224398654
-0.09,1.0303744675515727,19.55,-0.3012578916354863,-0.007264502633795749,0.9995401621611082,1.0000631894263818
-0.09,1.0303744675515727,19.6,-0.3005329312317821,-0.0072347357171525396,0.9995440019389178,1.0000626621623738
-0.09,1.0303744675515727,19.650000000000002,-0.2998109395238829,-0.007205127911932694,0.999547800820291,1.000062140572211
-0.09,1.0303744675515727,19.700000000000003,-0.2990919006545856,-0.007175678133587911,0.9995515593477287,1.0000616245814253
-0.09,1.0303744675515727,19.75,-0.298375798874847,-0.007146385305626404,0.9995552780551233,1.0000611141166942
-0.09,1.0303744675515727,19.8,-0.29766261854298065,-0.007117248359571809,0.9995589574679206,1.0000606091058164
-0.09,1.0303744675515727,19.85,-0.29695234412385463,-0.007088266234921475,0.9995625981032694,1.0000601094776946
-0.09,1.0303744675515727,19.900000000000002,-0.2962449601880962,-0.007059437879104139,0.9995662004701784,1.0000596151623165
-0.09,1.0303744675515727,19.950000000000003,-0.2955404514112972,-0.007030762247436986,0.9995697650696599,1.0000591260907354
-0.09,1.0303744675515727,20.0,-0.2948388025732265,-0.00700223830308223,0.9995732923948775,1.0000586421950513
-0.09,1.0303744675515727,20.1,-0.2934440243485186,-0.006945641367919487,0.9995802371567735,1.0000576896649023
-0.09,1.0303744675515727,20.28615468146082,-0.290877478636785,-0.006841860813980903,0.9995927861147456,1.000055969137461
-0.09,1.0303744675515727,20.47403342090323,-0.2883259564776684,-0.006739155805859998,0.9996049712684614,1.0000542993721986
-0.09,1.0303744675515727,20.663652185564246,-0.28578954924499106,-0.006637522160215197,0.9996168033395986,1.0000526788973674
-0.09,1.0303744675515727,20.855027090560313,-0.28326834660673333,-0.006536955459658471,0.9996282927246639,1.0000511062815538
-0.09,1.0303744675515727,21.04817440025684,-0.2807624365660041,-0.006437451066972675,0.9996394495046664,1.0000495801327125
-0.09,1.0303744675515727,21.243110529650455,-0.2782719054995302,-0.006339004138811241,0.9996502834545336,1.000048099097214
-0.09,1.0303744675515727,21.439852045764102,-0.2757968381938103,-0.006241609638893962,0.9996608040522706,1.0000466618589106
-0.09,1.0303744675515727,21.638415669054964,-0.27333731787908855,-0.006145262350713012,0.9996710204878756,1.0000452671382205
-0.09,1.0303744675515727,21.83881827483555,-0.2708934262613116,-0.006049956889762805,0.9996809416720033,1.0000439136912243
-0.09,1.0303744675515727,22.04107689470784,-0.2684652435522401,-0.005955687715307835,0.9996905762443994,1.0000426003087852
-0.09,1.0303744675515727,22.245208718010712,-0.2660528484978731,-0.005862449141701989,0.9996999325820972,1.0000413258156788
-0.09,1.0303744675515727,22.4512310932809,-0.26365631840533443,-0.005770235349272491,0.999709018807386,1.0000400890697405
-0.09,1.0303744675515727,22.659161529727328,-0.26127572916836056,-0.0056790403947815,0.9997178427955631,1.0000388889610363
-0.09,1.0303744675515727,22.86901769871915,-0.2589111552914911,-0.0055888582214774435,0.9997264121824592,1.0000377244110374
-0.09,1.0303744675515727,23.080817435287667,-0.2565626699130521,-0.005499682668747814,0.9997347343717607,1.0000365943718248
-0.09,1.0303744675515727,23.294578739641963,-0.25423034482698537,-0.00541150748138447,0.9997428165421196,1.0000354978253012
-0.09,1.0303744675515727,23.510319778698783,-0.2519142505035469,-0.005324326318471652,0.9997506656540628,1.0000344337824183
-0.09,1.0303744675515727,23.72805888762644,-0.24961445610887079,-0.005238132761906464,0.999758288456703,1.000033401282428
-0.09,1.0303744675515727,23.947814571403043,-0.24733102952336214,-0.005152920324560826,0.9997656914942575,1.0000323993921407
-0.09,1.0303744675515727,24.169605506389228,-0.2450640373588584,-0.005068682458093241,0.9997728811123815,1.0000314272052038
-0.09,1.0303744675515727,24.39345054191539,-0.2428135449744743,-0.004985412560418265,0.9997798634643102,1.000030483841395
-0.09,1.0303744675515727,24.619368701883577,-0.24057961649102744,-0.0049031039828412145,0.9997866445168345,1.0000295684459293
-0.09,1.0303744675515727,24.847379186384366,-0.23836231480392628,-0.004821750036864931,0.9997932300560908,1.0000286801887845
-0.09,1.0303744675515727,25.077501373328523,-0.23616170159439895,-0.004741344000675633,0.9997996256931865,1.000027818264036
-0.09,1.0303744675515727,25.30975482009396,-0.2339778373389338,-0.004661879125314321,0.9998058368696602,1.000026981889214
-0.09,1.0303744675515727,25.544159265187808,-0.23181078131680896,-0.004583348640540328,0.9998118688627757,1.0000261703046662
-0.09,1.0303744675515727,25.780734629923902,-0.2296605916155989,-0.004505745760393624,0.9998177267906666,1.0000253827729426
-0.09,1.0303744675515727,26.019501020115914,-0.22752732513455645,-0.00442906368846249,0.9998234156173184,1.0000246185781911
-0.09,1.0303744675515727,26.260478727786037,-0.22541103758579145,-0.004353295622863509,0.9998289401574088,1.000023877025567
-0.09,1.0303744675515727,26.503688232889502,-0.22331178349318814,-0.004278434760940909,0.9998343050809979,1.000023157440655
-0.09,1.0303744675515727,26.74915020505521,-0.22122961618902576,-0.004204474303692614,0.9998395149180805,1.0000224591689106
-0.09,1.0303744675515727,26.99688550534226,-0.21916458780830056,-0.004131407459930762,0.9998445740629949,1.0000217815751045
-0.09,1.0303744675515727,27.246915188012967,-0.21711674928076452,-0.004059227450184491,0.9998494867787036,1.0000211240427916
-0.09,1.0303744675515727,27.499260502322162,-0.2150861503207357,-0.0039879275103534,0.9998542572009405,1.0000204859737845
-0.09,1.0303744675515727,27.753942894323053,-0.21307283941474778,-0.003917500895120003,0.9998588893422293,1.0000198667876432
-0.09,1.0303744675515727,28.010984008689945,-0.21107686380713914,-0.003847940881129904,0.9998633870957829,1.0000192659211768
-0.09,1.0303744675515727,28.270405690557713,-0.20909826948369734,-0.0037792407699485365,0.9998677542392771,1.0000186828279582
-0.09,1.0303744675515727,28.532229987378305,-0.20713710115349288,-0.0037113938908032574,0.9998719944385107,1.0000181169778475
-0.09,1.0303744675515727,28.79647915079459,-0.2051934022290462,-0.00364439360311965,0.999876111250952,1.0000175678565328
-0.09,1.0303744675515727,29.063175638531384,-0.20326721480498167,-0.003578233298860781,0.999880108129171,1.0000170349650788
-0.09,1.0303744675515727,29.332342116304055,-0.20135857963532455,-0.003512906404678048,0.9998839884241697,1.0000165178194838
-0.09,1.0303744675515727,29.604001459744886,-0.1994675361095935,-0.0034484063838816957,0.9998877553886044,1.0000160159502578
-0.09,1.0303744675515727,29.8781767563471,-0.19759412222783618,-0.0033847267382392226,0.9998914121799068,1.000015528902
-0.09,1.0303744675515727,30.154891307427096,-0.1957383745747458,-0.003321861009609016,0.999894961863307,1.000015056232997
-0.09,1.0303744675515727,30.43416863010471,-0.19390032829298176,-0.0032598027814164693,0.9998984074147603,1.0000145975148218
-0.09,1.0303744675515727,30.716032459301825,-0.19208001705579997,-0.0031985456799790563,0.9999017517237841,1.0000141523319532
-0.09,1.0303744675515727,31.00050674975963,-0.19027747303908105,-0.0031380833756865056,0.9999049975961976,1.000013720281397
-0.09,1.0303744675515727,31.287615678074335,-0.18849272689282653,-0.0030784095840416708,0.9999081477567847,1.0000133009723222
-0.09,1.0303744675515727,31.577383644751972,-0.1867258077121646,-0.0030195180665669474,0.9999112048518585,1.0000128940257045
-0.09,1.0303744675515727,31.869835276282085,-0.1849767430078965,-0.0029614026315808667,0.999914171451756,1.0000124990739796
-0.09,1.0303744675515727,32.16499542723059,-0.18324555867658932,-0.0029040571348488407,0.9999170500532445,1.0000121157607078
-0.09,1.0303744675515727,32.462889182352235,-0.18153227897020133,-0.002847475480111554,0.9999198430818528,1.0000117437402425
-0.09,1.0303744675515727,32.763541858722334,-0.17983692646521748,-0.0027916516194942623,0.9999225528941281,1.000011382677416
-0.09,1.0303744675515727,33.06697900788844,-0.17815952203125324,-0.00273657955379977,0.9999251817798184,1.0000110322472235
-0.09,1.0303744675515727,33.373226418041924,-0.17650008479907778,-0.0026822533326877366,0.9999277319639833,1.0000106921345246
-0.09,1.0303744675515727,33.68231011620963,-0.1748586321280047,-0.0026286670547426227,0.9999302056090387,1.00001036203375
-0.09,1.0303744675515727,33.99425637046573,-0.17323517957259157,-0.002575814867432651,0.9999326048167302,1.0000100416486113
-0.09,1.0303744675515727,34.30909169216431,-0.1716297408485926,-0.0025236909669619405,0.9999349316300473,1.0000097306918285
-0.09,1.0303744675515727,34.62684283819243,-0.17004232779811565,-0.002472289598018103,0.9999371880350699,1.0000094288848569
-0.09,1.0303744675515727,34.94753681324406,-0.16847295035394172,-0.0024216050534176404,0.9999393759627562,1.0000091359576249
-0.09,1.0303744675515727,35.2712008721152,-0.16692161650297535,-0.002371631673651612,0.9999414972906695,1.000008851648277
-0.09,1.0303744675515727,35.597862522020144,-0.1653883322488103,-0.0023223638463342566,0.9999435538446526,1.00000857570293
-0.09,1.0303744675515727,35.927549524929255,-0.16387310157340917,-0.002273796005557399,0.9999455474004392,1.0000083078754267
-0.09,1.0303744675515727,36.26028989992831,-0.16237592639791606,-0.0022259226311538587,0.9999474796852176,1.0000080479271043
-0.09,1.0303744675515727,36.59611192559986,-0.16089680654263488,-0.0021787382478731373,0.999949352379139,1.000007795626567
-0.09,1.0303744675515727,36.93504414242648,-0.15943573968622982,-0.0021322374244731007,0.9999511671167745,1.0000075507494623
-0.09,1.0303744675515727,37.27711535521626,-0.15799272132422165,-0.002086414772731541,0.9999529254885264,1.000007313078267
-0.09,1.0303744675515727,37.62235463555102,-0.15656774472686813,-0.0020412649463816936,0.9999546290419871,1.0000070824020797
-0.09,1.0303744675515727,37.97079132425686,-0.1551608008965391,-0.0019967826399761193,0.9999562792832573,1.0000068585164161
-0.09,1.0303744675515727,38.32245503389777,-0.15377187852470672,-0.0019529625876833748,0.9999578776782133,1.0000066412230122
-0.09,1.0303744675515727,38.67737565129239,-0.15240096394868788,-0.0019097995620221751,0.9999594256537373,1.0000064303296332
-0.09,1.0303744675515727,39.03558334005395,-0.15104804110828154,-0.0018672883725377087,0.9999609245988994,1.0000062256498892
-0.09,1.0303744675515727,39.3971085431537,-0.14971309150245904,-0.001825423864424937,0.9999623758661044,1.0000060270030502
-0.09,1.0303744675515727,39.761981985508335,-0.14839609414626057,-0.0017842009171035271,0.9999637807721956,1.0000058342138771
-0.09,1.0303744675515727,40.1302346765911,-0.14709702552806303,-0.0017436144427492428,0.9999651405995219,1.0000056471124454
-0.09,1.0303744675515727,40.50189791306716,-0.14581585956737686,-0.001703659384786255,0.9999664565969696,1.0000054655339858
-0.09,1.0303744675515727,40.87700328145351,-0.14455256757333113,-0.00166433071634497,0.9999677299809533,1.0000052893187203
-0.09,1.0303744675515727,41.25558266080338,-0.14330711820399744,-0.001625623438689475,0.9999689619363793,1.0000051183117076
-0.09,1.0303744675515727,41.63766822541544,-0.14207947742669957,-0.001587532579618903,0.9999701536175686,1.0000049523626926
-0.09,1.0303744675515727,42.02329244756837,-0.14086960847944158,-0.0015500531918463073,0.9999713061491541,1.0000047913259602
-0.09,1.0303744675515727,42.41248810028041,-0.13967747183358342,-0.0015131803513588834,0.9999724206269418,1.0000046350601939
-0.09,1.0303744675515727,42.80528826009479,-0.13850302515787333,-0.0014769091557627094,0.9999734981187423,1.0000044834283337
-0.09,1.0303744675515727,43.20172630989064,-0.13734622328394303,-0.0014412347226152268,0.9999745396651764,1.0000043362974498
-0.09,1.0303744675515727,43.60183594172025,-0.1362070181733513,-0.001406152187748246,0.999975546280448,1.000004193538607
-0.09,1.0303744675515727,44.00565115967241,-0.1350853588862549,-0.0013716567035841705,0.9999765189530946,1.000004055026742
-0.09,1.0303744675515727,44.413206282762204,-0.1339811915517728,-0.0013377434374478383,0.9999774586467053,1.0000039206405387
-0.09,1.0303744675515727,44.824535947847835,-0.1328944593400965,-0.0013044075698762463,0.9999783663006198,1.0000037902623138
-0.09,1.0303744675515727,45.23967511257426,-0.13182510243639312,-0.0012716442929282573,0.9999792428305972,1.0000036637778993
-0.09,1.0303744675515727,45.65865905834403,-0.1307730580165388,-0.001239448808496341,0.9999800891294659,1.0000035410765318
-0.09,1.0303744675515727,46.081523393315884,-0.12973826022471074,-0.0012078163266222098,0.9999809060677479,1.0000034220507446
-0.09,1.0303744675515727,46.50830405543093,-0.12872064015286575,-0.0011767420638183037,0.9999816944942586,1.0000033065962657
-0.09,1.0303744675515727,46.93903731546684,-0.12772012582212625,-0.0011462212413970061,0.9999824552366919,1.0000031946119112
-0.09,1.0303744675515727,47.37375978012049,-0.12673664216609448,-0.0011162490838095538,0.9999831891021771,1.000003085999494
-0.09,1.0303744675515727,47.81250839511901,-0.12577011101611843,-0.001086820816996665,0.9999838968778232,1.0000029806637212
-0.09,1.0303744675515727,48.25532044835962,-0.12482045108852942,-0.0010579316667530154,0.9999845793312359,1.0000028785121078
-0.09,1.0303744675515727,48.70223357307873,-0.12388757797388222,-0.001029576857107879,0.9999852372110247,1.000002779454885
-0.09,1.0303744675515727,49.15328575105025,-0.1229714041282255,-0.0010017516087243298,0.9999858712472862,1.0000026834049127
-0.09,1.0303744675515727,49.608515315813406,-0.12207183886644367,-0.0009744511373196873,0.9999864821520699,1.0000025902775962
-0.09,1.0303744675515727,50.067960955930815,-0.12118878835771037,-0.0009476706521099634,0.9999870706198338,1.000002499990806
-0.09,1.0303744675515727,50.5316617182763,-0.12032215562310992,-0.0009214053542813918,0.9999876373278768,1.0000024124647977
-0.09,1.0303744675515727,50.99965701135351,-0.11947184053548082,-0.0008956504354922083,0.9999881829367592,1.0000023276221353
-0.09,1.0303744675515727,51.47198660864504,-0.11863773982155174,-0.0008704010764081386,0.9999887080907077,1.0000022453876185
-0.09,1.0303744675515727,51.9486906519927,-0.11781974706644176,-0.0008456524452751647,0.9999892134180086,1.0000021656882103
-0.09,1.0303744675515727,52.429809655009066,-0.11701775272060651,-0.0008213996965333423,0.9999896995313825,1.0000020884529686
-0.09,1.0303744675515727,52.91538450652049,-0.116231644109317,-0.0007976379694756051,0.9999901670283499,1.0000020136129764
-0.09,1.0303744675515727,53.40545647404229,-0.11546130544476269,-0.000774362386955558,0.9999906164915833,1.0000019411012797
-0.09,1.0303744675515727,53.90006720728585,-0.1147066178408753,-0.0007515680541484081,0.9999910484892458,1.0000018708528235
-0.09,1.0303744675515727,54.39925874169825,-0.11396745933097144,-0.0007292500573692341,0.9999914635753208,1.0000018028043907
-0.09,1.0303744675515727,54.90307350203484,-0.11324370488831388,-0.0007074034629527758,0.9999918622899285,1.0000017368945429
-0.09,1.0303744675515727,55.41155430596479,-0.11253522644969112,-0.0006860233161990015,0.9999922451596309,1.0000016730635641
-0.09,1.0303744675515727,55.924744367709856,-0.11184189294211253,-0.0006651046403886058,0.9999926126977321,1.0000016112534051
-0.09,1.0303744675515727,56.442687301717264,-0.11116357031271334,-0.0006446424358725082,0.9999929654045603,1.00000155140763
-0.09,1.0303744675515727,56.96542712636624,-0.11050012156195842,-0.000624631679239393,0.9999933037677474,1.0000014934713644
-0.09,1.0303744675515727,57.493008267708944,-0.10985140678022727,-0.0006050673225650764,0.9999936282625005,1.0000014373912474
-0.09,1.0303744675515727,58.02547556324627,-0.10921728318785538,-0.0005859442927474286,0.999993939351857,1.0000013831153796
-0.09,1.0303744675515727,58.562874265738245,-0.10859760517869693,-0.0005672574909302629,0.9999942374869413,1.0000013305932811
-0.09,1.0303744675515727,59.10525004705015,-0.10799222436726266,-0.0005490017920194798,0.9999945231072074,1.000001279775842
-0.09,1.0303744675515727,59.65264900203377,-0.10740098963947914,-0.0005311720442944306,0.999994796640677,1.000001230615283
-0.09,1.0303744675515727,60.2051176524451,-0.10682374720709709,-0.000513763069117276,0.9999950585041706,1.00000118306511
-0.09,1.0303744675515727,60.76270295089797,-0.10626034066577002,-0.0004967696607427166,0.9999953091035325,1.0000011370800763
-0.09,1.0303744675515727,61.325452284854336,-0.10571061105680528,-0.00048018658623032574,0.9999955488338464,1.0000010926161413
-0.09,1.0303744675515727,61.89341348065174,-0.10517439693258002,-0.0004640085854612827,0.9999957780796512,1.0000010496304346
-0.09,1.0303744675515727,62.466634807567864,-0.10465153442559753,-0.00044823037126108533,0.9999959972151453,1.0000010080812174
-0.09,1.0303744675515727,63.0451649819227,-0.1041418573211482,-0.00043284662962946415,0.9999962066043898,1.0000009679278496
-0.09,1.0303744675515727,63.629053171218956,-0.10364519713352152,-0.000417852020078421,0.9999964066015055,1.0000009291307548
-0.09,1.0303744675515727,64.21834899832058,-0.10316138318570808,-0.00040324117607904277,0.9999965975508642,1.0000008916513878
-0.09,1.0303744675515727,64.81310254566993,-0.1026902426925105,-0.0003890087056173636,0.9999967797872785,1.0000008554522029
-0.09,1.0303744675515727,65.4133643595444,-0.10223160084697537,-0.0003751491918593684,0.9999969536361839,1.0000008204966242
-0.09,1.0303744675515727,66.01918545435197,-0.10178528091004367,-0.00036165719392477845,0.99999711941382,1.0000007867490148
-0.09,1.0303744675515727,66.63061731696679,-0.10135110430330672,-0.0003485272477692109,0.9999972774274084,1.000000754174651
-0.09,1.0303744675515727,67.24771191110499,-0.10092889070474444,-0.0003357538671737519,0.9999974279753241,1.0000007227396945
-0.09,1.0303744675515727,67.87052168174088,-0.10051845814731321,-0.0003233315448410162,0.9999975713472663,1.000000692411165
-0.09,1.0303744675515727,68.49909955956402,-0.10011962312024224,-0.0003112547535962495,0.999997707824428,1.0000006631569156
-0.09,1.0303744675515727,69.13349896547759,-0.09973220067288963,-0.00029951794769200605,0.9999978376796576,1.0000006349456099
-0.09,1.0303744675515727,69.77377381513884,-0.09935600452100163,-0.0002881155642145149,0.9999979611776227,1.0000006077466983
-0.09,1.0303744675515727,70.41997852354069,-0.09899084715521456,-0.00027704202458978997,0.9999980785749709,1.0000005815303934
-0.09,1.0303744675515727,71.0721680096366,-0.09863653995163092,-0.00026629173618717935,0.9999981901204851,1.000000556267653
-0.09,1.0303744675515727,71.73039770100793,-0.09829289328429877,-0.00025585909401789307,0.9999982960552409,1.000000531930155
-0.09,1.0303744675515727,72.39472353857458,-0.09795971663941946,-0.0002457384825258569,0.9999983966127605,1.000000508490281
-0.09,1.0303744675515727,73.06520198134909,-0.097636818731104,-0.00023592427746800085,0.9999984920191635,1.0000004859210938
-0.09,1.0303744675515727,73.74189001123509,-0.09732400761849802,-0.00022641084788085775,0.9999985824933175,1.0000004641963234
-0.09,1.0303744675515727,74.42484513786997,-0.09702109082409104,-0.00021719255813021845,0.9999986682469884,1.0000004432903455
-0.09,1.0303744675515727,75.11412540351232,-0.09672787545302564,-0.00020826377004031204,0.9999987494849852,1.0000004231781667
-0.09,1.0303744675515727,75.80978938797494,-0.09644416831321985,-0.00019961884509879963,0.9999988264053078,1.0000004038354082
-0.09,1.0303744675515727,76.51189621360336,-0.09616977603611548,-0.00019125214673369374,0.9999988991992922,1.0000003852382895
-0.09,1.0303744675515727,77.22050555030022,-0.09590450519786425,-0.00018315804265805073,0.999998968051751,1.000000367363614
-0.09,1.0303744675515727,77.93567762059672,-0.09564816244076321,-0.00017533090727813518,0.9999990331411188,1.0000003501887549
-0.09,1.0303744675515727,78.65747320477065,-0.09540055459474965,-0.00016776512416050458,0.9999990946395928,1.0000003336916405
-0.09,1.0303744675515727,79.38595364601184,-0.09516148879876787,-0.00016045508855329026,0.9999991527132719,1.0000003178507424
-0.09,1.0303744675515727,80.12118085563553,-0.09493077262181654,-0.0001533952099567234,0.9999992075222967,1.0000003026450612
-0.09,1.0303744675515727,80.86321731834431,-0.09470821418348865,-0.00014657991473776165,0.999999259220987,1.0000002880541174
-0.09,1.0303744675515727,81.61212609753805,-0.09449362227381515,-0.00014000364878348698,0.9999993079579802,1.0000002740579355
-0.09,1.0303744675515727,82.36797084067375,-0.09428680647222204,-0.000133660880187725,0.999999353876367,1.000000260637035
-0.09,1.0303744675515727,83.13081578467474,-0.09408757726541407,-0.00012754610196517537,0.9999993971138257,1.0000002477724208
-0.09,1.0303744675515727,83.90072576138992,-0.09389574616399618,-0.00012165383478718177,0.9999994378027582,1.0000002354455708
-0.09,1.0303744675515727,84.67776620310352,-0.09371112581764626,-0.00011597862973304077,0.9999994760704222,1.0000002236384278
-0.09,1.0303744675515727,85.46200314809617,-0.09353353012865286,-0.00011051507105069287,0.9999995120390647,1.0000002123333884
-0.09,1.0303744675515727,86.25350324625728,-0.09336277436363277,-0.00010525777892041474,0.9999995458260525,1.0000002015132936
-0.09,1.0303744675515727,87.05233376474918,-0.09319867526324611,-0.00010020141221507303,0.9999995775440026,1.000000191161423
-0.09,1.0303744675515727,87.85856259372419,-0.09304105114972651,-9.534067125037749e-05,0.9999996073009123,1.0000001812614816
-0.09,1.0303744675515727,88.67225825209441,-0.09288972203204814,-9.067030051848055e-05,0.9999996352002868,1.0000001717975957
-0.09,1.0303744675515727,89.49348989335462,-0.09274450970855289,-8.618509139826302e-05,0.9999996613412669,1.0000001627543036
-0.09,1.0303744675515727,90.32232731145982,-0.0926052378668645,-8.187988483554462e-05,0.999999685818755,1.000000154116546
-0.09,1.0303744675515727,91.15884094675663,-0.09247173218092074,-7.77495739865293e-05,0.9999997087235387,1.0000001458696623
-0.09,1.0303744675515727,92.0031018919696,-0.09234382040495757,-7.378910681774944e-05,0.9999997301424166,1.0000001379993801
-0.09,1.0303744675515727,92.85518189824359,-0.09222133246428646,-6.999348865589945e-05,0.9999997501583173,1.0000001304918098
-0.09,1.0303744675515727,93.71515338124135,-0.09210410054270841,-6.63577846809446e-05,0.9999997688504242,1.0000001233334377
-0.09,1.0303744675515727,94.58308942729796,-0.09199195916641725,-6.287712235609225e-05,0.999999786294291,1.000000116511119
-0.09,1.0303744675515727,95.45906379963219,-0.09188474528424988,-5.9546693788278864e-05,0.999999802561962,1.0000001100120723
-0.09,1.0303744675515727,96.34315094461576,-0.09178229834414835,-5.6361758013045234e-05,0.9999998177220883,1.0000001038238717
-0.09,1.0303744675515727,97.23542599809973,-0.09168446036570838,-5.3317643197868404e-05,0.9999998318400407,1.0000000979344421
-0.09,1.0303744675515727,98.13596479180039,-0.0915910760086955,-5.0409748758216e-05,0.9999998449780259,1.0000000923320524
-0.09,1.0303744675515727,99.04484385974408,-0.09150199263742044,-4.7633547380908113e-05,0.999999857195195,1.0000000870053114
-0.09,1.0303744675515727,99.96214044477135,-0.0914170603808754,-4.4984586949592284e-05,0.9999998685477547,1.0000000819431574
-0.09,1.0303744675515727,100.88793250510167,-0.09133613218854311,-4.245849236752391e-05,0.9999998790890741,1.0000000771348583
-0.09,1.0303744675515727,101.82229872095873,-0.09125906388180029,-4.0050967273098286e-05,0.9999998888697924,1.0000000725700016
-0.09,1.0303744675515727,102.76531850125772,-0.09118571420085134,-3.775779564402917e-05,0.9999998979379198,1.000000068238491
-0.09,1.0303744675515727,103.71707199035326,-0.09111594484713671,-3.5574843286382444e-05,0.9999999063389414,1.00000006413054
-0.09,1.0303744675515727,104.67764007485148,-0.09104962052117556,-3.3498059205088006e-05,0.9999999141159185,1.000000060236667
-0.09,1.0303744675515727,105.64710439048359,-0.09098660895581186,-3.1523476853021035e-05,0.9999999213095823,1.0000000565476894
-0.09,1.0303744675515727,106.62554732904427,-0.09092678094484928,-2.9647215256079236e-05,0.9999999279584335,1.0000000530547175
-0.09,1.0303744675515727,107.61305204539366,-0.09087001036706968,-2.7865480012210334e-05,0.9999999340988335,1.0000000497491504
-0.09,1.0303744675515727,108.60970246452491,-0.09081617420564526,-2.6174564162708317e-05,0.9999999397650966,1.0000000466226702
-0.09,1.0303744675515727,109.61558328869602,-0.09076515256296695,-2.4570848934671367e-05,0.9999999449895782,1.0000000436672365
-0.09,1.0303744675515727,110.63078000462876,-0.090716828670924,-2.305080435380272e-05,0.9999999498027624,1.0000000408750795
-0.09,1.0303744675515727,111.65537889077429,-0.09067108889668297,-2.161098972734679e-05,0.9999999542333454,1.0000000382386989
-0.09,1.0303744675515727,112.68946702464496,-0.09062782274402707,-2.0248053997315442e-05,0.9999999583083196,1.0000000357508543
-0.09,1.0303744675515727,113.73313229021528,-0.09058692285032857,-1.895873596462684e-05,0.9999999620530509,1.0000000334045602
-0.09,1.0303744675515727,114.78646338539066,-0.09054828497923939,-1.7739864385244656e-05,0.9999999654913577,1.000000031193083
-0.09,1.0303744675515727,115.84954982954602,-0.09051180800919693,-1.658835793976638e-05,0.9999999686455846,1.000000029109935
-0.09,1.0303744675515727,116.92248197113297,-0.09047739391785142,-1.5501225078423276e-05,0.999999971536677,1.0000000271488672
-0.09,1.0303744675515727,118.00535099535914,-0.09044494776253426,-1.4475563743753064e-05,0.9999999741842504,1.0000000253038648
-0.09,1.0303744675515727,119.09824893193696,-0.0904143776568945,-1.350856097365575e-05,0.9999999766066572,1.0000000235691437
-0.09,1.0303744675515727,120.2012686629055,-0.09038559474384085,-1.2597492387881405e-05,0.9999999788210557,1.0000000219391427
-0.09,1.0303744675515727,121.31450393052383,-0.09035851316493473,-1.173972156134988e-05,0.9999999808434675,1.0000000204085187
-0.09,1.0303744675515727,122.43804934523853,-0.09033305002638871,-1.0932699288002976e-05,0.9999999826888466,1.0000000189721407
-0.09,1.0303744675515727,123.5720003937234,-0.09030912536182992,-1.0173962739214141e-05,0.9999999843711304,1.000000017625088
-0.09,1.0303744675515727,124.7164534469956,-0.0902866620919959,-9.461134521032886e-06,0.9999999859033004,1.00000001636264
-0.09,1.0303744675515727,125.87150576860506,-0.0902655859815355,-8.791921634785993e-06,0.9999999872974354,1.000000015180273
-0.09,1.0303744675515727,127.03725552290106,-0.09024582559309102,-8.164114345800496e-06,0.9999999885647639,1.0000000140736556
-0.09,1.0303744675515727,128.21380178337475,-0.09022731223884264,-7.575584965164904e-06,0.9999999897157118,1.0000000130386417
-0.09,1.0303744675515727,129.40124454107954,-0.09020997992969966,-7.024286549652106e-06,0.9999999907599524,1.0000000120712669
-0.09,1.0303744675515727,130.59968471312828,-0.0901937653223229,-6.508251525046781e-06,0.9999999917064517,1.000000011167742
-0.09,1.0303744675515727,131.8092241512703,-0.0901786076641666,-6.0255902382134505e-06,0.99999999256351,1.0000000103244489
-0.09,1.0303744675515727,133.02996565054787,-0.09016444873672706,-5.574489443373635e-06,0.9999999933388047,1.000000009537933
-0.09,1.0303744675515727,134.26201295803162,-0.0901512327971851,-5.153210728051529e-06,0.9999999940394302,1.0000000088048995
-0.09,1.0303744675515727,135.5054707816382,-0.09013890651862928,-4.760088884252351e-06,0.9999999946719355,1.0000000081222118
-0.09,1.0303744675515727,136.76044479902887,-0.09012741892904412,-4.393530230384233e-06,0.9999999952423565,1.0000000074868793
-0.09,1.0303744675515727,138.02704166659132,-0.09011672134924491,-4.052010889437126e-06,0.9999999957562569,1.0000000068960566
-0.09,1.0303744675515727,139.30536902850287,-0.09010676732993923,-3.734075028898706e-06,0.9999999962187528,1.00000000634704
-0.09,1.0303744675515727,140.5955355258802,-0.09009751258808905,-3.438333067851445e-06,0.9999999966345472,1.000000005837259
-0.09,1.0303744675515727,141.8976508060113,-0.09008891494274522,-3.1634598565014066e-06,0.9999999970079582,1.000000005364273
-0.09,1.0303744675515727,143.21182553167466,-0.09008093425052019,-2.908192833436983e-06,0.9999999973429465,1.0000000049257671
-0.09,1.0303744675515727,144.53817139054382,-0.09007353234085863,-2.6713301656869448e-06,0.9999999976431395,1.0000000045195474
-0.09,1.0303744675515727,145.87680110468003,-0.09006667295126265,-2.4517288765343735e-06,0.9999999979118577,1.0000000041435337
-0.09,1.0303744675515727,147.22782844011104,-0.09006032166261789,-2.24830296589902e-06,0.9999999981521349,1.0000000037957606
-0.09,1.0303744675515727,148.59136821650102,-0.09005444583476463,-2.060021527941504e-06,0.9999999983667408,1.000000003474366
-0.09,1.0303744675515727,149.9675363169076,-0.09004901454244761,-1.8859068703221175e-06,0.9999999985582034,1.0000000031775922
-0.09,1.0303744675515727,151.35644969763095,-0.09004399851177383,-1.7250326394034097e-06,0.999999998728823,1.00000000290378
-0.09,1.0303744675515727,152.75822639815343,-0.09003937005729754,-1.576521955436284e-06,0.9999999988806926,1.0000000026513625
-0.09,1.0303744675515727,154.17298555117182,-0.09003510301984774,-1.4395455616138115e-06,0.9999999990157167,1.0000000024188649
-0.09,1.0303744675515727,155.60084739272125,-0.09003117270520214,-1.3133199906132746e-06,0.9999999991356203,1.0000000022048967
-0.09,1.0303744675515727,157.0419332723941,-0.09002755582370658,-1.1971057520389003e-06,0.999999999241971,1.000000002008151
-0.09,1.0303744675515727,158.4963656636536,-0.09002423043092987,-1.0902055439823903e-06,0.999999999336185,1.0000000018273978
-0.09,1.0303744675515727,159.96426817424148,-0.09002117586943703,-9.919624916490098e-07,0.9999999994195449,1.0000000016614818
-0.09,1.0303744675515727,161.44576555668382,-0.09001837271175614,-9.017584157924163e-07,0.9999999994932092,1.000000001509321
-0.09,1.0303744675515727,162.94098371889282,-0.09001580270460537,-8.190121334714918e-07,0.999999999558222,1.000000001369898
-0.09,1.0303744675515727,164.4500497348682,-0.09001344871444175,-7.431777934096877e-07,0.9999999996155257,1.0000000012422618
-0.09,1.0303744675515727,165.97309185549548,-0.09001129467438346,-6.737432480174977e-07,0.9999999996659668,1.0000000011255215
-0.09,1.0303744675515727,167.5102395194472,-0.09000932553255167,-6.102284639160301e-07,0.9999999997103082,1.0000000010188448
-0.09,1.0303744675515727,169.06162336418203,-0.09000752720187084,-5.521839725791053e-07,0.9999999997492321,1.000000000921453
-0.09,1.0303744675515727,170.6273752370482,-0.09000588651135984,-4.991893625029796e-07,0.9999999997833527,1.000000000832621
-0.09,1.0303744675515727,172.20762820648835,-0.09000439115893913,-4.508518141177045e-07,0.9999999998132187,1.0000000007516716
-0.09,1.0303744675515727,173.80251657334924,-0.09000302966577396,-4.068046784101669e-07,0.9999999998393212,1.0000000006779748
-0.09,1.0303744675515727,175.41217588229446,-0.09000179133216714,-3.6670610011158814e-07,0.9999999998620984,1.0000000006109437
-0.09,1.0303744675515727,177.0367429333253,-0.09000066619500963,-3.30237686048183e-07,0.9999999998819425,1.000000000550034
-0.09,1.0303744675515727,178.67635579340572,-0.08999964498679143,-2.97103219086014e-07,0.9999999998992017,1.0000000004947383
-0.09,1.0303744675515727,180.33115380819694,-0.08999871909617052,-2.670274180027964e-07,0.9999999999141864,1.0000000004445881
-0.09,1.0303744675515727,182.00127761389967,-0.08999788053009361,-2.3975474334078747e-07,0.9999999999271723,1.0000000003991483
-0.09,1.0303744675515727,183.68686914920713,-0.08999712187745615,-2.1504824926407233e-07,0.9999999999384054,1.0000000003580152
-0.09,1.0303744675515727,185.38807166736675,-0.08999643627428791,-1.9268848120901545e-07,0.9999999999481021,1.000000000320817
-0.09,1.0303744675515727,187.10502974835543,-0.08999581737044313,-1.7247241904036204e-07,0.9999999999564544,1.0000000002872091
-0.09,1.0303744675515727,188.83788931116757,-0.08999525929777448,-1.5421246527852606e-07,0.9999999999636336,1.0000000002568752
-0.09,1.0303744675515727,190.58679762621514,-0.08999475663976413,-1.3773547786456313e-07,0.9999999999697898,1.0000000002295222
-0.09,1.0303744675515727,192.35190332784438,-0.08999430440258382,-1.2288184679806489e-07,0.9999999999750555,1.0000000002048803
-0.09,1.0303744675515727,194.13335642696757,-0.08999389798755288,-1.0950461391952316e-07,0.9999999999795481,1.000000000182703
-0.09,1.0303744675515727,195.93130832381254,-0.0899935331649611,-9.746863499915279e-08,0.9999999999833705,1.0000000001627614
-0.09,1.0303744675515727,197.74591182078862,-0.08999320604922136,-8.664978325623733e-08,0.9999999999866136,1.0000000001448484
-0.09,1.0303744675515727,199.5773211354742,-0.08999291307531482,-7.693419326494953e-08,0.999999999989357,1.0000000001287717
-0.09,1.0303744675515727,201.42569191372198,-0.08999265097649099,-6.821754429583282e-08,0.9999999999916707,1.0000000001143563
-0.09,1.0303744675515727,203.29118124288746,-0.08999241676318277,-6.040438194837289e-08,0.9999999999936158,1.0000000001014429
-0.09,1.0303744675515727,205.1739476651793,-0.08999220770309657,-5.340747695265322e-08,0.9999999999952462,1.0000000000898857
-0.09,1.0303744675515727,207.07415119113296,-0.08999202130243561,-4.7147219986466123e-08,0.9999999999966084,1.0000000000795508
-0.09,1.0303744675515727,208.99195331321022,-0.08999185528821653,-4.1551051294660156e-08,0.999999999997744,1.0000000000703175
-0.09,1.0303744675515727,210.92751701952352,-0.0899917075916349,-3.655292388375567e-08,0.9999999999986887,1.000000000062075
-0.09,1.0303744675515727,212.88100680768738,-0.08999157633244037,-3.209279906515974e-08,0.9999999999994729,1.0000000000547238
-0.09,1.0303744675515727,214.8525886987991,-0.08999145980427754,-2.8116173085272432e-08,1.0000000000001241,1.0000000000481728
-0.09,1.0303744675515727,216.84243025154836,-0.08999135646095179,-2.457363358604364e-08,1.0000000000006655,1.0000000000423392
-0.09,1.0303744675515727,218.85070057645706,-0.08999126490357824,-2.142044464477735e-08,1.0000000000011176,1.0000000000371496
-0.09,1.0303744675515727,220.87757035025237,-0.08999118386857373,-1.8616159135325074e-08,1.000000000001498,1.0000000000325362
-0.09,1.0303744675515727,222.92321183037146,-0.08999111221645026,-1.6124257169586285e-08,1.0000000000018212,1.000000000028438
-0.09,1.0303744675515727,224.9877988696007,-0.08999104892137168,-1.3911809389495939e-08,1.0000000000021005,1.0000000000248004
-0.09,1.0303744675515727,227.07150693085165,-0.08999099306143435,-1.194916389535344e-08,1.0000000000023468,1.0000000000215747
-0.09,1.0303744675515727,229.17451310207272,-0.08999094380963331,-1.0209655619536229e-08,1.0000000000025688,1.000000000018716
-0.09,1.0303744675515727,231.29699611129922,-0.08999090042547868,-8.669336978094388e-09,1.0000000000027756,1.000000000016185
-0.09,1.0303744675515727,233.4391363418438,-0.08999086224722468,-7.306728644456723e-09,1.0000000000029725,1.000000000013946
-0.09,1.0303744675515727,235.60111584762504,-0.08999082868467784,-6.102589357926463e-09,1.000000000003165,1.000000000011967
-0.09,1.0303744675515727,237.78311836864148,-0.08999079921255021,-5.0397036500621905e-09,1.0000000000033582,1.0000000000102196
-0.09,1.0303744675515727,239.98532934658564,-0.08999077336432547,-4.102686457828976e-09,1.0000000000035545,1.0000000000086788
-0.09,1.0303744675515727,242.20793594060487,-0.08999075072660633,-3.2778036035708662e-09,1.0000000000037577,1.0000000000073215
-0.09,1.0303744675515727,244.4511270432073,-0.08999073093391365,-2.552807160070101e-09,1.000000000003969,1.000000000006127
-0.09,1.0303744675515727,246.71509329631496,-0.0899907136639081,-1.9167847268892424e-09,1.0000000000041904,1.0000000000050786
-0.09,1.0303744675515727,249.00002710746668,-0.08999069863300738,-1.3600217587951006e-09,1.0000000000044225,1.0000000000041591
-0.09,1.0303744675515727,251.3061226661696,-0.08999068559237193,-8.738760242146511e-10,1.000000000004665,1.0000000000033546
-0.09,1.0303744675515727,253.6335759604023,-0.08999067432423462,-4.5066338341413135e-10,1.0000000000049185,1.000000000002653
-0.09,1.0303744675515727,255.98258479327197,-0.0899906646385506,-8.35540774283208e-11,1.000000000005183,1.0000000000020424
-0.09,1.0303744675515727,258.3533487998248,-0.08999065636994444,2.335212193597854e-10,1.000000000005457,1.0000000000015135
-0.09,1.0303744675515727,260.7460694640121,-0.08999064937493244,5.05956330324336e-10,1.00000000000574,1.000000000001057
-0.09,1.0303744675515727,263.1609501358149,-0.08999064352940148,7.385461574793875e-10,1.0000000000060314,1.000000000000665
-0.09,1.0303744675515727,265.59819604852424,-0.08999063872632326,9.355555645380356e-10,1.000000000006329,1.000000000000331
-0.09,1.0303744675515727,268.0580143361851,-0.0899906348736875,1.1007812091718123e-09,1.0000000000066318,1.0000000000000486
-0.09,1.0303744675515727,270.5406140511989,-0.08999063189263544,1.2376068423565667e-09,1.0000000000069378,0.9999999999998125
-0.09,1.0303744675515727,273.0462061820903,-0.08999062971577915,1.3490526927964724e-09,1.0000000000072458,0.9999999999996178
-0.09,1.0303744675515727,275.57500367143905,-0.08999062828569081,1.4378193943805834e-09,1.0000000000075533,0.9999999999994595
-0.09,1.0303744675515727,278.1272214339776,-0.08999062755354797,1.5063269662634478e-09,1.000000000007859,0.9999999999993342
-0.09,1.0303744675515727,280.7030763748543,-0.08999062747792166,1.5567492931423907e-09,1.0000000000081612,0.9999999999992387
-0.09,1.0303744675515727,283.30278740807006,-0.08999062802369565,1.5910445123668633e-09,1.0000000000084581,0.99999999999917
-0.09,1.0303744675515727,285.9265754750807,-0.0899906291611045,1.610981711941646e-09,1.0000000000087477,0.9999999999991247
-0.09,1.0303744675515727,288.57466356357577,-0.08999063086488042,1.6181643070438599e-09,1.000000000009028,0.9999999999991
-0.09,1.0303744675515727,291.24727672642865,-0.08999063311349935,1.6140504086490538e-09,1.000000000009298,0.9999999999990953
-0.09,1.0303744675515727,293.94464210082356,-0.08999063588851622,1.5999705315926383e-09,1.0000000000095548,0.9999999999991058
-0.09,1.0303744675515727,296.6669889275594,-0.08999063917398191,1.577142891415938e-09,1.000000000009798,0.9999999999991318
-0.09,1.0303744675515727,299.4145485705322,-0.08999064295593347,1.5466865915558288e-09,1.0000000000100262,0.999999999999171
-0.09,1.0303744675515727,302.18755453639716,-0.08999064722195102,1.509632908949526e-09,1.0000000000102374,0.9999999999992211
-0.09,1.0303744675515727,304.9862424944146,-0.08999065196077397,1.4669349331246227e-09,1.000000000010431,0.9999999999992814
-0.09,1.0303744675515727,307.81085029647846,-0.08999065716197135,1.419475737806686e-09,1.0000000000106053,0.9999999999993503
-0.09,1.0303744675515727,310.6616179973303,-0.08999066281566007,1.368075279554668e-09,1.000000000010759,0.9999999999994259
-0.09,1.0303744675515727,313.5387878749621,-0.08999066891226634,1.3134961949526532e-09,1.0000000000108922,0.9999999999995081
-0.09,1.0303744675515727,316.44260445120455,-0.08999067544232556,1.2564486387065063e-09,1.0000000000110034,0.999999999999595
-0.09,1.0303744675515727,319.3733145125105,-0.08999068239631634,1.19759430633935e-09,1.0000000000110925,0.9999999999996861
-0.09,1.0303744675515727,322.3311671309267,-0.08999068976452507,1.137549761743043e-09,1.0000000000111589,0.9999999999997797
-0.09,1.0303744675515727,325.31641368526283,-0.08999069753693727,1.0768891796109131e-09,1.0000000000112015,0.9999999999998752
-0.09,1.0303744675515727,328.32930788245454,-0.0899907057031527,1.016146600075505e-09,1.000000000011221,0.999999999999972
-0.09,1.0303744675515727,331.37010577912685,-0.0899907142523214,9.55817781794028e-10,1.0000000000112175,1.000000000000069
-0.09,1.0303744675515727,334.4390658033531,-0.08999072317309802,8.963617324612207e-10,1.0000000000111897,1.0000000000001654
-0.09,1.0303744675515727,337.53644877662083,-0.08999073245361217,8.3820197709212e-10,1.0000000000111398,1.0000000000002618
-0.09,1.0303744675515727,340.66251793599554,-0.08999074208145255,7.817276326068363e-10,1.0000000000110671,1.0000000000003557
-0.09,1.0303744675515727,343.81753895649405,-0.08999075204366326,7.272943231849007e-10,1.0000000000109717,1.0000000000004474
-0.09,1.0303744675515727,347.00177997366285,-0.08999076232675036,6.752250023544003e-10,1.0000000000108544,1.0000000000005362
-0.09,1.0303744675515727,350.2155116063659,-0.08999077291669721,6.258106892748562e-10,1.000000000010716,1.0000000000006208
-0.09,1.0303744675515727,353.4590069797847,-0.08999078379898755,5.793111795843075e-10,1.000000000010558,1.0000000000007025
-0.09,1.0303744675515727,356.73254174862967,-0.08999079495863453,5.359557320596718e-10,1.0000000000103797,1.0000000000007798
-0.09,1.0303744675515727,360.0363941205664,-0.08999080638021549,4.959437645130706e-10,1.0000000000101834,1.0000000000008527
-0.09,1.0303744675515727,363.37084487986095,-0.08999081804791055,4.5944557718749623e-10,1.0000000000099694,1.00000000000092
-0.09,1.0303744675515727,366.73617741124224,-0.08999082994554504,4.266030980239391e-10,1.0000000000097393,1.0000000000009825
-0.09,1.0303744675515727,370.13267772398575,-0.08999084205663441,3.9753068851957267e-10,1.0000000000094944,1.0000000000010396
-0.09,1.0303744675515727,373.5606344762222,-0.08999085436443166,3.7231598347931283e-10,1.0000000000092355,1.000000000001091
-0.09,1.0303744675515727,377.02033899946696,-0.08999086685197598,3.5102079906356696e-10,1.0000000000089644,1.0000000000011364
-0.09,1.0303744675515727,380.5120853233824,-0.08999087950214234,3.336820871878963e-10,1.0000000000086815,1.0000000000011762
-0.09,1.0303744675515727,384.03617020076405,-0.08999089229769218,3.203129496088432e-10,1.0000000000083895,1.00000000000121
-0.09,1.0303744675515727,387.5928931327621,-0.08999090522132382,3.109036988453947e-10,1.0000000000080889,1.0000000000012375
-0.09,1.0303744675515727,391.18255639433437,-0.08999091825572311,3.0542298076140833e-10,1.0000000000077816,1.0000000000012588
-0.09,1.0303744675515727,394.8054650599374,-0.08999093138361354,3.0381893236004636e-10,1.000000000007469,1.0000000000012743
-0.09,1.0303744675515727,398.4619270294508,-0.08999094458780557,3.060203871142562e-10,1.0000000000071525,1.0000000000012836
-0.09,1.0303744675515727,402.15225305434814,-0.08999095785124551,3.1193811316306315e-10,1.000000000006833,1.0000000000012872
-0.09,1.0303744675515727,405.87675676410373,-0.08999097115706292,3.2146607669370397e-10,1.0000000000065128,1.000000000001285
-0.09,1.0303744675515727,409.6357546928489,-0.08999098448861699,3.344827390447345e-10,1.0000000000061926,1.000000000001277
-0.09,1.0303744675515727,413.4295663062725,-0.08999099782954162,3.508523554801011e-10,1.0000000000058749,1.000000000001263
-0.09,1.0303744675515727,417.25851402877123,-0.08999101116378884,3.7042629531248694e-10,1.00000000000556,1.0000000000012443
-0.09,1.0303744675515727,421.12292327085265,-0.08999102447567078,3.9304435590320433e-10,1.0000000000052498,1.0000000000012206
-0.09,1.0303744675515727,425.02312245678996,-0.08999103774989994,4.1853607663839625e-10,1.0000000000049447,1.0000000000011913
-0.09,1.0303744675515727,428.95944305253283,-0.08999105097162774,4.4672204501092105e-10,1.0000000000046474,1.0000000000011573
-0.09,1.0303744675515727,432.9322195938791,-0.08999106412648107,4.77415176807843e-10,1.000000000004358,1.0000000000011195
-0.09,1.0303744675515727,436.9417897149054,-0.08999107720059735,5.104219840317689e-10,1.000000000004078,1.0000000000010767
-0.09,1.0303744675515727,440.98849417666133,-0.08999109018065717,5.455438088082017e-10,1.0000000000038087,1.0000000000010305
-0.09,1.0303744675515727,445.0726768961314,-0.08999110305391544,5.825780282187728e-10,1.000000000003551,1.0000000000009803
-0.09,1.0303744675515727,449.19468497546023,-0.08999111580823031,6.213192163244178e-10,1.0000000000033051,1.0000000000009275
-0.09,1.0303744675515727,453.3548687314555,-0.08999112843209,6.615602728748744e-10,1.0000000000030729,1.0000000000008706
-0.09,1.0303744675515727,457.55358172535705,-0.089991140914638,7.030934974110736e-10,1.000000000002855,1.0000000000008116
-0.09,1.0303744675515727,461.7911807928867,-0.08999115324569569,7.457116218426988e-10,1.000000000002652,1.00000000000075
-0.09,1.0303744675515727,466.0680260745743,-0.08999116541578339,7.892087868747475e-10,1.000000000002464,1.0000000000006861
-0.09,1.0303744675515727,470.3844810463644,-0.08999117741613905,8.333814675936896e-10,1.000000000002293,1.0000000000006206
-0.09,1.0303744675515727,474.7409125505084,-0.08999118923873498,8.780293417538915e-10,1.0000000000021387,1.0000000000005536
-0.09,1.0303744675515727,479.1376908267404,-0.08999120087629274,9.229561020047613e-10,1.000000000002001,1.000000000000485
-0.09,1.0303744675515727,483.57518954374194,-0.08999121232229554,9.679702066063222e-10,1.0000000000018816,1.0000000000004157
-0.09,1.0303744675515727,488.0537858309,-0.08999122357099908,1.0128855760169487e-09,1.0000000000017795,1.0000000000003455
-0.09,1.0303744675515727,492.5738603103579,-0.0899912346174402,1.0575222242148364e-09,1.0000000000016958,1.0000000000002751
-0.09,1.0303744675515727,497.1357971293627,-0.08999124545744347,1.101706835672001e-09,1.0000000000016298,1.0000000000002045
-0.09,1.0303744675515727,501.7399839929145,-0.08999125608762597,1.1452732794292305e-09,1.0000000000015827,1.0000000000001341
-0.09,1.0303744675515727,506.3868121967132,-0.08999126650539997,1.1880630662045884e-09,1.0000000000015536,1.000000000000064
-0.09,1.0303744675515727,511.0766766604169,-0.08999127670897403,1.2299257478263908e-09,1.0000000000015428,0.9999999999999946
-0.09,1.0303744675515727,515.809975961202,-0.08999128669735171,1.2707192595499124e-09,1.0000000000015508,0.9999999999999263
-0.09,1.0303744675515727,520.5871123676386,-0.08999129647032912,1.31031020760659e-09,1.0000000000015767,0.9999999999998594
-0.09,1.0303744675515727,525.4084918738774,-0.08999130602849,1.3485741036945312e-09,1.0000000000016196,0.999999999999793
-0.09,1.0303744675515727,530.2745242341559,-0.08999131537319963,1.3853955458154316e-09,1.0000000000016807,0.9999999999997288
-0.09,1.0303744675515727,535.1856229976182,-0.08999132450659672,1.4206683521658931e-09,1.0000000000017588,0.9999999999996659
-0.09,1.0303744675515727,540.1422055434659,-0.08999133343158387,1.454295645951745e-09,1.0000000000018534,0.9999999999996053
-0.09,1.0303744675515727,545.1446931164259,-0.08999134215181605,1.486189892135109e-09,1.0000000000019644,0.9999999999995467
-0.09,1.0303744675515727,550.1935108625528,-0.08999135067168818,1.5162728963139317e-09,1.0000000000020908,0.9999999999994902
-0.09,1.0303744675515727,555.2890878653604,-0.08999135899632053,1.544475759167383e-09,1.0000000000022329,0.9999999999994362
-0.09,1.0303744675515727,560.4318571822878,-0.08999136713154328,1.570738792458324e-09,1.0000000000023894,0.9999999999993847
-0.09,1.0303744675515727,565.6222558815047,-0.08999137508387943,1.5950113998777188e-09,1.0000000000025595,0.9999999999993361
-0.09,1.0303744675515727,570.8607250790558,-0.0899913828605265,1.6172519257276672e-09,1.0000000000027436,0.9999999999992898
-0.09,1.0303744675515727,576.1477099763489,-0.08999139046933699,1.6374274714077937e-09,1.0000000000029399,0.9999999999992465
-0.09,1.0303744675515727,581.4836598979924,-0.08999139791879762,1.655513684797168e-09,1.0000000000031484,0.9999999999992064
-0.09,1.0303744675515727,586.8690283299819,-0.08999140521800773,1.6714945180312728e-09,1.0000000000033675,0.9999999999991688
-0.09,1.0303744675515727,592.3042729582397,-0.08999141237665627,1.6853619753985895e-09,1.0000000000035973,0.9999999999991345
-0.09,1.0303744675515727,597.7898557075149,-0.08999141940499829,1.6971158223365985e-09,1.000000000003837,0.9999999999991033
-0.09,1.0303744675515727,603.3262427806361,-0.08999142631383014,1.7067632919668121e-09,1.000000000004085,0.9999999999990743
-0.09,1.0303744675515727,608.913904698138,-0.08999143311446427,1.714318765477079e-09,1.000000000004341,0.9999999999990495
-0.09,1.0303744675515727,614.5533163382452,-0.08999143981870286,1.719803443957873e-09,1.0000000000046043,0.9999999999990271
-0.09,1.0303744675515727,620.2449569772324,-0.08999144643881136,1.7232450034432142e-09,1.0000000000048739,0.999999999999008
-0.09,1.0303744675515727,625.9893103301563,-0.08999145298749076,1.7246772459596343e-09,1.0000000000051488,0.9999999999989923
-0.09,1.0303744675515727,631.7868645919671,-0.08999145947784998,1.724139739437793e-09,1.0000000000054283,0.9999999999989794
-0.09,1.0303744675515727,637.638112478994,-0.08999146592337759,1.7216774495869865e-09,1.0000000000057119,0.9999999999989694
-0.09,1.0303744675515727,643.5435512708254,-0.08999147233791298,1.7173403751801962e-09,1.0000000000059983,0.9999999999989624
-0.09,1.0303744675515727,649.5036828525664,-0.08999147873561761,1.7111831769746566e-09,1.0000000000062874,0.9999999999989586
-0.09,1.0303744675515727,655.5190137574945,-0.08999148513094549,1.7032647999648902e-09,1.0000000000065774,0.9999999999989577
-0.09,1.0303744675515727,661.5900552101086,-0.08999149153861451,1.6936481109644346e-09,1.0000000000068678,0.9999999999989595
-0.09,1.0303744675515727,667.7173231695753,-0.08999149797357632,1.6823995239446534e-09,1.000000000007158,0.9999999999989643
-0.09,1.0303744675515727,673.9013383735801,-0.08999150445098729,1.6695886420025223e-09,1.0000000000074476,0.9999999999989713
-0.09,1.0303744675515727,680.1426263825831,-0.08999151098617927,1.6552878904989461e-09,1.0000000000077354,0.9999999999989813
-0.09,1.0303744675515727,686.4417176244827,-0.08999151759463006,1.6395721715433543e-09,1.0000000000080207,0.9999999999989936
-0.09,1.0303744675515727,692.7991474396972,-0.08999152429193431,1.622518514646863e-09,1.0000000000083027,0.999999999999008
-0.09,1.0303744675515727,699.215456126661,-0.08999153109377502,1.60420573968726e-09,1.000000000008581,0.9999999999990251
-0.09,1.0303744675515727,705.6911889877423,-0.08999153801589457,1.5847141297010427e-09,1.0000000000088545,0.9999999999990451
-0.09,1.0303744675515727,712.2268963755895,-0.08999154507406684,1.5641251118098776e-09,1.000000000009123,0.9999999999990664
-0.09,1.0303744675515727,718.8231337398989,-0.08999155228406917,1.5425209495851804e-09,1.0000000000093856,0.9999999999990898
-0.09,1.0303744675515727,725.4804616746267,-0.08999155966165505,1.5199844467839742e-09,1.000000000009642,0.9999999999991152
-0.09,1.0303744675515727,732.1994459656265,-0.08999156722252732,1.4965986639101074e-09,1.0000000000098914,0.9999999999991421
-0.09,1.0303744675515727,738.9806576387373,-0.08999157498231176,1.4724466413825432e-09,1.0000000000101332,0.9999999999991711
-0.09,1.0303744675515727,745.8246730083114,-0.08999158295653141,1.44761114489352e-09,1.0000000000103668,0.9999999999992013
-0.09,1.0303744675515727,752.7320737261965,-0.08999159116058124,1.4221744136480926e-09,1.0000000000105926,0.9999999999992331
-0.09,1.0303744675515727,759.7034468311634,-0.08999159960970401,1.3962179274976476e-09,1.0000000000108094,0.9999999999992667
-0.09,1.0303744675515727,766.7393847988028,-0.08999160831896626,1.3698221875719273e-09,1.0000000000110172,0.9999999999993016
-0.09,1.0303744675515727,773.8404855918722,-0.08999161730323531,1.3430665060422766e-09,1.0000000000112148,0.999999999999337
-0.09,1.0303744675515727,781.0073527111184,-0.08999162657715709,1.3160288121590983e-09,1.0000000000114022,0.9999999999993736
-0.09,1.0303744675515727,788.2405952465664,-0.08999163615513447,1.2887854720063048e-09,1.0000000000115798,0.9999999999994111
-0.09,1.0303744675515727,795.5408279292831,-0.08999164605130679,1.2614111185158632e-09,1.0000000000117468,0.9999999999994493
-0.09,1.0303744675515727,802.9086711836236,-0.08999165627952964,1.2339785007376177e-09,1.0000000000119025,0.9999999999994884
-0.09,1.0303744675515727,810.3447511799583,-0.08999166685335627,1.2065583366268156e-09,1.0000000000120475,0.9999999999995283
-0.09,1.0303744675515727,817.8496998878867,-0.08999167778601928,1.1792191874072304e-09,1.000000000012181,0.999999999999568
-0.09,1.0303744675515727,825.4241551299497,-0.08999168909041327,1.1520273408297864e-09,1.0000000000123033,0.9999999999996086
-0.09,1.0303744675515727,833.0687606358348,-0.08999170077907866,1.1250467067819684e-09,1.000000000012414,0.9999999999996496
-0.09,1.0303744675515727,840.7841660970844,-0.08999171286418595,1.09833872373115e-09,1.0000000000125127,0.9999999999996902
-0.09,1.0303744675515727,848.5710272223139,-0.08999172535752162,1.071962279775758e-09,1.0000000000126001,0.9999999999997314
-0.09,1.0303744675515727,856.4300057929329,-0.08999173827047402,1.045973643773365e-09,1.0000000000126754,0.9999999999997724
-0.09,1.0303744675515727,864.3617697193946,-0.08999175161402097,1.020426405270002e-09,1.000000000012739,0.9999999999998136
-0.09,1.0303744675515727,872.3669930979535,-0.0899917653987179,9.953714289102094e-10,1.0000000000127907,0.9999999999998537
-0.09,1.0303744675515727,880.4463562679581,-0.08999177963468691,9.70856815852837e-10,1.0000000000128302,0.9999999999998942
-0.09,1.0303744675515727,888.6005458696701,-0.08999179433160681,9.46927876896825e-10,1.0000000000128584,0.9999999999999342
-0.09,1.0303744675515727,896.8302549026189,-0.0899918094987042,9.236271137615726e-10,1.000000000012875,0.9999999999999742
-0.09,1.0303744675515727,905.1361827845002,-0.0899918251447451,9.009942101649727e-10,1.0000000000128795,1.0000000000000133
-0.09,1.0303744675515727,913.5190354106156,-0.0899918412780279,8.790660310091595e-10,1.000000000012873,1.0000000000000517
-0.09,1.0303744675515727,921.9795252138629,-0.08999185790637691,8.578766298850901e-10,1.0000000000128553,1.0000000000000895
-0.09,1.0303744675515727,930.5183712252855,-0.08999187503713682,8.374572635994394e-10,1.0000000000128262,1.000000000000127
-0.09,1.0303744675515727,939.1362991351807,-0.08999189267716806,8.178364148661617e-10,1.0000000000127858,1.0000000000001632
-0.09,1.0303744675515727,947.8340413547725,-0.08999191083284304,7.990398207306195e-10,1.0000000000127351,1.000000000000199
-0.09,1.0303744675515727,956.6123370784595,-0.08999192951004326,7.81090508720862e-10,1.0000000000126739,1.0000000000002338
-0.09,1.0303744675515727,965.4719323466358,-0.08999194871415683,7.640088368080278e-10,1.0000000000126024,1.0000000000002676
-0.09,1.0303744675515727,974.4135801090915,-0.0899919684500775,7.478125414046506e-10,1.0000000000125202,1.0000000000003004
-0.09,1.0303744675515727,983.4380402890077,-0.08999198872220378,7.325167877392651e-10,1.0000000000124285,1.000000000000332
-0.09,1.0303744675515727,992.5460798475383,-0.08999200953443916,7.181342268091037e-10,1.0000000000123277,1.000000000000363
-0.09,1.0303744675515727,1001.7384728489908,-0.08999203089019309,7.046750561327077e-10,1.0000000000122173,1.0000000000003928
-0.09,1.0303744675515727,1011.0160005266158,-0.08999205279238234,6.921470836573902e-10,1.0000000000120983,1.000000000000421
-0.09,1.0303744675515727,1020.3794513489946,-0.08999207524343357,6.805557969604273e-10,1.00000000001197,1.000000000000449
-0.09,1.0303744675515727,1029.8296210870567,-0.089992098245286,6.699044314667686e-10,1.0000000000118343,1.0000000000004754
-0.09,1.0303744675515727,1039.3673128817031,-0.08999212179939516,6.601940468765791e-10,1.0000000000116902,1.0000000000005005
-0.09,1.0303744675515727,1048.993337312066,-0.08999214590673696,6.514236028485401e-10,1.0000000000115383,1.000000000000524
-0.09,1.0303744675515727,1058.7085124643972,-0.08999217056781263,6.435900337638526e-10,1.0000000000113791,1.0000000000005471
-0.09,1.0303744675515727,1068.5136640015942,-0.0899921957826538,6.366883352486032e-10,1.0000000000112128,1.0000000000005684
-0.09,1.0303744675515727,1078.4096252333723,-0.08999222155082882,6.307116384534165e-10,1.0000000000110407,1.0000000000005889
-0.09,1.0303744675515727,1088.3972371870843,-0.08999224787144862,6.256512974741712e-10,1.0000000000108622,1.000000000000608
-0.09,1.0303744675515727,1098.4773486791944,-0.08999227474317403,6.214969681383445e-10,1.0000000000106775,1.0000000000006255
-0.09,1.0303744675515727,1108.650816387419,-0.08999230216422295,6.182366979063378e-10,1.0000000000104872,1.0000000000006422
-0.09,1.0303744675515727,1118.9185049235327,-0.08999233013237817,6.158570030378788e-10,1.0000000000102922,1.0000000000006573
-0.09,1.0303744675515727,1129.2812869068487,-0.08999235864499563,6.143429577890385e-10,1.000000000010092,1.0000000000006717
-0.09,1.0303744675515727,1139.740043038382,-0.08999238769901288,6.136782766699734e-10,1.0000000000098876,1.000000000000684
-0.09,1.0303744675515727,1150.2956621756925,-0.08999241729095825,6.138453990491045e-10,1.0000000000096794,1.0000000000006954
-0.09,1.0303744675515727,1160.9490414084332,-0.08999244741695991,6.148255684243798e-10,1.0000000000094673,1.0000000000007057
-0.09,1.0303744675515727,1171.7010861345848,-0.0899924780727557,6.165989226047827e-10,1.0000000000092524,1.0000000000007148
-0.09,1.0303744675515727,1182.5527101374053,-0.08999250925370282,6.191445660189704e-10,1.0000000000090339,1.000000000000723
-0.09,1.0303744675515727,1193.5048356630894,-0.08999254095478817,6.224406568287076e-10,1.0000000000088134,1.0000000000007294
-0.09,1.0303744675515727,1204.55839349915,-0.08999257317063875,6.264644826990038e-10,1.0000000000085905,1.0000000000007347
-0.09,1.0303744675515727,1215.7143230535173,-0.08999260589553205,6.31192539779462e-10,1.0000000000083655,1.0000000000007392
-0.09,1.0303744675515727,1226.9735724343827,-0.08999263912340714,6.366006079051296e-10,1.0000000000081393,1.0000000000007423
-0.09,1.0303744675515727,1238.33709853077,-0.08999267284787564,6.426638254808605e-10,1.000000000007912,1.0000000000007443
-0.09,1.0303744675515727,1249.8058670938608,-0.08999270706223265,6.49356763119825e-10,1.0000000000076836,1.0000000000007456
-0.09,1.0303744675515727,1261.3808528190714,-0.08999274175946823,6.566534929832687e-10,1.000000000007455,1.0000000000007452
-0.09,1.0303744675515727,1273.0630394288874,-0.08999277693227868,6.645276603834463e-10,1.000000000007226,1.000000000000744
-0.09,1.0303744675515727,1284.8534197564702,-0.08999281257307808,6.729525469983542e-10,1.000000000006997,1.0000000000007419
-0.09,1.0303744675515727,1296.7529958300336,-0.08999284867400982,6.819011398831246e-10,1.0000000000067693,1.000000000000739
-0.09,1.0303744675515727,1308.7627789579997,-0.08999288522695809,6.913461919056165e-10,1.0000000000065417,1.0000000000007345
-0.09,1.0303744675515727,1320.883789814951,-0.08999292222355969,7.01260282414215e-10,1.0000000000063154,1.0000000000007294
-0.09,1.0303744675515727,1333.1170585283726,-0.08999295965521553,7.116158781250623e-10,1.0000000000060902,1.0000000000007236
-0.09,1.0303744675515727,1345.4636247661995,-0.0899929975131023,7.223853870615203e-10,1.0000000000058669,1.0000000000007163
-0.09,1.0303744675515727,1357.924537825179,-0.08999303578818407,7.335412126906671e-10,1.0000000000056457,1.000000000000709
-0.09,1.0303744675515727,1370.500856720038,-0.08999307447122394,7.450558074769759e-10,1.0000000000054263,1.0000000000007006
-0.09,1.0303744675515727,1383.1936502734964,-0.08999311355279555,7.569017205920558e-10,1.0000000000052096,1.000000000000691
-0.09,1.0303744675515727,1396.0039972070938,-0.08999315302329451,7.690516471184733e-10,1.0000000000049958,1.000000000000681
-0.09,1.0303744675515727,1408.9329862328714,-0.08999319287294975,7.81478470582906e-10,1.0000000000047846,1.0000000000006704
-0.09,1.0303744675515727,1421.9817161458968,-0.08999323309183498,7.941553072338588e-10,1.0000000000045766,1.0000000000006588
-0.09,1.0303744675515727,1435.1512959176512,-0.08999327366987972,8.070555470357041e-10,1.0000000000043723,1.0000000000006466
-0.09,1.0303744675515727,1448.4428447902692,-0.08999331459688047,8.20152889893648e-10,1.0000000000041713,1.000000000000634
-0.09,1.0303744675515727,1461.8574923716699,-0.08999335586251161,8.334213834097549e-10,1.0000000000039742,1.0000000000006204
-0.09,1.0303744675515727,1475.3963787315492,-0.08999339745633622,8.468354570589683e-10,1.0000000000037808,1.0000000000006066
-0.09,1.0303744675515727,1489.0606544982772,-0.08999343936781673,8.603699505030856e-10,1.0000000000035918,1.000000000000592
-0.09,1.0303744675515727,1502.8514809566846,-0.08999348158632554,8.74000148180618e-10,1.0000000000034073,1.0000000000005769
-0.09,1.0303744675515727,1516.7700301467542,-0.08999352410115513,8.877018024762769e-10,1.0000000000032272,1.0000000000005613
-0.09,1.0303744675515727,1530.8174849632353,-0.08999356690152843,9.014511618911161e-10,1.0000000000030516,1.0000000000005453
-0.09,1.0303744675515727,1544.9950392561707,-0.08999360997660867,9.152249924197181e-10,1.0000000000028815,1.0000000000005291
-0.09,1.0303744675515727,1559.3038979323546,-0.08999365331550928,9.290006018857035e-10,1.0000000000027154,1.0000000000005123
-0.09,1.0303744675515727,1573.7452770577393,-0.08999369690730329,9.427558550925363e-10,1.0000000000025548,1.0000000000004952
-0.09,1.0303744675515727,1588.3204039607824,-0.08999374074103295,9.564691962055985e-10,1.0000000000023994,1.0000000000004776
-0.09,1.0303744675515727,1603.0305173367537,-0.08999378480571872,9.701196623897474e-10,1.0000000000022493,1.00000000000046
-0.09,1.0303744675515727,1617.8768673530133,-0.08999382909036838,9.836868974724485e-10,1.0000000000021045,1.0000000000004423
-0.09,1.0303744675515727,1632.8607157552478,-0.08999387358398567,9.971511660539672e-10,1.0000000000019653,1.0000000000004239
-0.09,1.0303744675515727,1647.9833359747165,-0.08999391827557883,1.0104933635407327e-09,1.0000000000018316,1.0000000000004055
-0.09,1.0303744675515727,1663.2460132364645,-0.08999396315416898,1.023695025047094e-09,1.0000000000017037,1.0000000000003868
-0.09,1.0303744675515727,1678.6500446685554,-0.08999400820879808,1.0367383330140252e-09,1.0000000000015814,1.0000000000003681
-0.09,1.0303744675515727,1694.1967394123092,-0.08999405342853689,1.0496061255597683e-09,1.000000000001465,1.000000000000349
-0.09,1.0303744675515727,1709.8874187335668,-0.08999409880249244,1.0622818988582508e-09,1.0000000000013543,1.0000000000003302
-0.09,1.0303744675515727,1725.7234161349695,-0.08999414431981556,1.0747498110249907e-09,1.0000000000012497,1.0000000000003113
-0.09,1.0303744675515727,1741.706077469303,-0.08999418996970789,1.0869946865338113e-09,1.0000000000011504,1.000000000000292
-0.09,1.0303744675515727,1757.8367610538646,-0.08999423574142881,1.0990020140196801e-09,1.0000000000010572,1.0000000000002724
-0.09,1.0303744675515727,1774.1168377859105,-0.08999428162430215,1.1107579486959228e-09,1.0000000000009701,1.0000000000002531
-0.09,1.0303744675515727,1790.547691259161,-0.08999432760772265,1.1222493094703974e-09,1.0000000000008893,1.0000000000002343
-0.09,1.0303744675515727,1807.1307178813868,-0.08999437368116196,1.133463576847807e-09,1.0000000000008142,1.000000000000215
-0.09,1.0303744675515727,1823.867326993091,-0.08999441983417482,1.1443888900069814e-09,1.000000000000745,1.0000000000001958
-0.09,1.0303744675515727,1840.7589409872808,-0.08999446605640461,1.1550140422467114e-09,1.0000000000006817,1.0000000000001767
-0.09,1.0303744675515727,1857.8069954303487,-0.08999451233758894,1.1653284752474991e-09,1.0000000000006244,1.0000000000001577
-0.09,1.0303744675515727,1875.012939184082,-0.08999455866756485,1.175322273320795e-09,1.0000000000005729,1.0000000000001388
-0.09,1.0303744675515727,1892.378234528796,-0.08999460503627385,1.18498615647473e-09,1.0000000000005274,1.0000000000001201
-0.09,1.0303744675515727,1909.9043572876058,-0.08999465143376655,1.1943114721327023e-09,1.000000000000488,1.0000000000001015
-0.09,1.0303744675515727,1927.592796951861,-0.08999469785020753,1.203290187806242e-09,1.000000000000454,1.000000000000083
-0.09,1.0303744675515727,1945.4450568077177,-0.08999474427587939,1.2119148809227332e-09,1.000000000000426,1.0000000000000646
-0.09,1.0303744675515727,1963.4626540639163,-0.08999479070118703,1.2201787296583702e-09,1.000000000000404,1.0000000000000469
-0.09,1.0303744675515727,1981.6471199807077,-0.08999483711666138,1.2280755028018944e-09,1.0000000000003872,1.0000000000000289
-0.09,1.0303744675515727,2000.0,-0.08999488351296323,1.2355995486956059e-09,1.0000000000003764,1.000000000000011
