branch,pressure_gradient,z,H,F,G,T
1,0.002594849802,0.0,0.0,-5.3099432338665664e-30,1.0,1.16
1,0.002594849802,0.001,-0.00033406974323801973,0.011701362967628701,0.9853282483860655,1.158798724058688
1,0.002594849802,0.002,-0.0013116468218259598,0.0227551153492094,0.9706749755038272,1.1575974576012167
1,0.002594849802,0.003,-0.002896720378452149,0.03318323815935294,0.9560574840641132,1.1563962244693768
1,0.002594849802,0.004,-0.005054512255753424,0.04300733617700744,0.9414918514909103,1.155195063363673
1,0.002594849802,0.005,-0.007751455752079498,0.0522486244818484,0.9269929902183983,1.153994026991055
1,0.002594849802,0.006,-0.010955172564291632,0.0609279170197171,0.9125747065172688,1.1527931812247079
1,0.002594849802,0.007,-0.014634450535646363,0.06906561625990797,0.8982497555830575,1.1515926043026306
1,0.002594849802,0.008,-0.018759219577667186,0.0766817047786632,0.884029895498226,1.1503923860338803
1,0.002594849802,0.009000000000000001,-0.023300528144476765,0.08379573787073921,0.869925938088884,1.1491926270357506
1,0.002594849802,0.01,-0.02823051926418926,0.0904268374616637,0.8559477977692621,1.1479934379889203
1,0.002594849802,0.011,-0.03352240328526781,0.09659368852790633,0.8421045405945483,1.146794938887799
1,0.002594849802,0.012,-0.03915043775663631,0.10231453355545796,0.8284044256583473,1.1455972583704597
1,0.002594849802,0.013000000000000001,-0.04508989752208921,0.1076071721432254,0.8148549519859513,1.1444005329877558
1,0.002594849802,0.014,-0.051317052526069634,0.11248895828220132,0.8014628976105728,1.143204906554253
1,0.002594849802,0.015,-0.05780914250027674,0.11697679982870014,0.788234359310741,1.1420105294902858
1,0.002594849802,0.016,-0.06454434911692752,0.12108716011847699,0.7751747922324796,1.1408175581689892
1,0.002594849802,0.017,-0.07150177514122735,0.12483605704165798,0.7622890432513091,1.1396261543223865
1,0.002594849802,0.018000000000000002,-0.07866141507268065,0.12823906702421425,0.7495813884357935,1.1384364844153323
1,0.002594849802,0.019,-0.08600413278871748,0.131311326359767,0.7370555644820408,1.1372487190766758
1,0.002594849802,0.02,-0.09351163665066069,0.13406753445927383,0.7247148005162911,1.1360630325313812
1,0.002594849802,0.021,-0.10116645263276293,0.13652195889909932,0.7125618496456052,1.1348796020457634
1,0.002594849802,0.022,-0.10895190370608168,0.13868843777524784,0.7005990157295802,1.1336986074108881
1,0.002594849802,0.023,-0.1168520820434984,0.14058038655841149,0.6888281830348535,1.132520230420917
1,0.002594849802,0.024,-0.12485182745660153,0.14221080217984874,0.6772508412992676,1.1313446543882195
1,0.002594849802,0.025,-0.13293670379890896,0.14359226876509684,0.6658681109381666,1.1301720636685155
1,0.002594849802,0.026000000000000002,-0.14109297385603423,0.1447369648549658,0.6546807679042312,1.1290026432061975
1,0.002594849802,0.027,-0.14930757972580488,0.14565666793338336,0.6436892649562991,1.1278365781004729
1,0.002594849802,0.028,-0.15756811722780406,0.1463627629919688,0.6328937548588353,1.1266740531890882
1,0.002594849802,0.029,-0.1658628157626323,0.14686624835358814,0.6222941101453577,1.1255152526515804
1,0.002594849802,0.03,-0.1741805165671238,0.14717774288905405,0.6118899428586558,1.1243603596299023
1,0.002594849802,0.031,-0.18251064983723908,0.1473074944446434,0.6016806238884705,1.1232095558744077
1,0.002594849802,0.032,-0.1908432165924317,0.14726538568475248,0.5916652996658639,1.1220630213962586
1,0.002594849802,0.033,-0.19916876564271777,0.1470609434860576,0.5818429100590484,1.120920934154904
1,0.002594849802,0.034,-0.20747837524656393,0.14670334572000207,0.5722122037532278,1.119783469750662
1,0.002594849802,0.035,-0.21576363352521288,0.1462014291950466,0.562771753493048,1.118650801139849
1,0.002594849802,0.036000000000000004,-0.2240166180522615,0.14556369856892928,0.5535199708980936,1.117523098378268
1,0.002594849802,0.037,-0.23222987947755763,0.14479833285448604,0.5444551193847369,1.1164005283594003
1,0.002594849802,0.038,-0.24039642119012844,0.14391319499755795,0.5355753277430857,1.1152832545998932
1,0.002594849802,0.039,-0.24850968295953274,0.14291583903744282,0.526878601924403,1.1141714370183895
1,0.002594849802,0.04,-0.2565635236315669,0.1418135182184541,0.518362836617995,1.113065231739858
1,0.002594849802,0.041,-0.26455220324367196,0.14061319386569748,0.5100258264008009,1.1119647909292034
1,0.002594849802,0.042,-0.2724703685244018,0.1393215420741586,0.5018652755797794,1.1108702626103961
1,0.002594849802,0.043000000000000003,-0.28031303523574747,0.13794496301483128,0.49387880829019637,1.1097817905402003
1,0.002594849802,0.044,-0.2880755738422302,0.13648958805464528,0.48606397737115387,1.108699514066066
1,0.002594849802,0.045,-0.295753694476929,0.13496128764497792,0.47841827298900674,1.1076235680104916
1,0.002594849802,0.046,-0.30334343151819443,0.13336567980173472,0.4709391308500876,1.1065540825838278
1,0.002594849802,0.047,-0.3108411309655383,0.13170813663814732,0.4636239395587868,1.1054911832758374
1,0.002594849802,0.048,-0.3182434353384073,0.12999379309578318,0.4564700479486292,1.104434990804885
1,0.002594849802,0.049,-0.32554727131818845,0.1282275537367983,0.44947477162645266,1.1033856210446027
1,0.002594849802,0.05,-0.33274983688179677,0.12641410014823845,0.442635399246166,1.1023431849763814
1,0.002594849802,0.051000000000000004,-0.3398485881924747,0.12455789879565017,0.4359491983993352,1.1013077886681555
1,0.002594849802,0.052000000000000005,-0.34684122877344675,0.12266320717262637,0.429413420994716,1.1002795332274313
1,0.002594849802,0.053,-0.35372569677197246,0.12073408177251148,0.4230253084180944,1.09925851481153
1,0.002594849802,0.054,-0.3605001544535256,0.11877438436983685,0.4167820962347271,1.0982448246109346
1,0.002594849802,0.055,-0.3671629773414659,0.11678778878196971,0.4106810186194767,1.097238548856632
1,0.002594849802,0.056,-0.3737127432241193,0.11477778796489725,0.40471931243742393,1.0962397688507675
1,0.002594849802,0.057,-0.3801482229963658,0.11274769964082608,0.39889422106922773,1.0952485609690294
1,0.002594849802,0.058,-0.38646837005916357,0.11070067341721927,0.39320299789276925,1.0942649967172675
1,0.002594849802,0.059000000000000004,-0.39267231150523535,0.10863969645454474,0.387642909551416,1.0932891427588949
1,0.002594849802,0.06,-0.39875933907012423,0.10656759950504666,0.3822112389590939,1.0923210609637088
1,0.002594849802,0.061,-0.4047289000808501,0.10448706314481027,0.3769052880006851,1.0913608084749613
1,0.002594849802,0.062,-0.41058058957682636,0.10240062303675593,0.37172238011549324,1.0904084377565784
1,0.002594849802,0.063,-0.4163141420252215,0.10031067574651166,0.36665986257364824,1.089463996668342
1,0.002594849802,0.064,-0.4219294236443607,0.09821948412220369,0.36171510858625255,1.0885275285372897
1,0.002594849802,0.065,-0.42742642500920475,0.09612918254506148,0.35688551922201023,1.0875990722345246
1,0.002594849802,0.066,-0.432805253917455,0.09404178206563303,0.3521685251375049,1.0866786622575137
1,0.002594849802,0.067,-0.43806612854839017,0.09195917538852134,0.3475615881351554,1.0857663288162875
1,0.002594849802,0.068,-0.4432093709545685,0.08988314164759639,0.34306220258339404,1.0848620979206929
1,0.002594849802,0.069,-0.4482354006715386,0.08781535120878757,0.3386678966295422,1.083965991477386
1,0.002594849802,0.07,-0.45314472884997764,0.085757370032964,0.33437623337027117,1.0830780273781846
1,0.002594849802,0.07100000000000001,-0.4579379522119858,0.08371066439751057,0.33018481171024827,1.0821982196103763
1,0.002594849802,0.07200000000000001,-0.4626157479023821,0.0816766047123578,0.3260912673824658,1.0813265783387624
1,0.002594849802,0.073,-0.46717886782657425,0.07965647009473471,0.3220932735075746,1.080463110025146
1,0.002594849802,0.074,-0.47162813381316276,0.0776514520969917,0.31818854132121593,1.079607817520742
1,0.002594849802,0.075,-0.47596443275424577,0.07566265858810468,0.31437482069542505,1.0787607001709691
1,0.002594849802,0.076,-0.4801887118188816,0.07369111770917723,0.31064990044976154,1.0779217539301336
1,0.002594849802,0.077,-0.4843019743024729,0.07173778112227705,0.3070116088687651,1.0770909714517625
1,0.002594849802,0.078,-0.48830527515265965,0.06980352784904094,0.30345781376760367,1.0762683422101067
1,0.002594849802,0.079,-0.4921997171031248,0.06788916741930846,0.2999864227768318,1.0754538525971467
1,0.002594849802,0.08,-0.49598644682202886,0.06599544312904514,0.2965953834428934,1.0746474860292492
1,0.002594849802,0.081,-0.499666651149935,0.0641230353413584,0.29328268314738964,1.0738492230610028
1,0.002594849802,0.082,-0.5032415537935867,0.062272564217371,0.2900463492646501,1.0730590414775871
1,0.002594849802,0.083,-0.5067124118427674,0.060444592898485944,0.28688444888859027,1.072276916412309
1,0.002594849802,0.084,-0.5100805127195095,0.05863963013365428,0.2837950888067283,1.0715028204426602
1,0.002594849802,0.085,-0.5133471711677834,0.05685813298164396,0.2807764153108729,1.0707367236935965
1,0.002594849802,0.08600000000000001,-0.5165137263415115,0.055100509533936144,0.27782661385238316,1.0699785939457063
1,0.002594849802,0.08700000000000001,-0.5195815392040652,0.053367121183645595,0.27494390895003823,1.0692283967250114
1,0.002594849802,0.088,-0.5225519897842711,0.05165828545543908,0.27212656348024766,1.0684860954233717
1,0.002594849802,0.089,-0.5254264751748003,0.04997427713788918,0.2693728794356025,1.067751651338573
1,0.002594849802,0.09,-0.5282064065363712,0.04831533233459709,0.266681195804943,1.0670250238610248
1,0.002594849802,0.091,-0.5308932074180374,0.04668164933588088,0.2640498893008709,1.0663061705068397
1,0.002594849802,0.092,-0.5334883116545945,0.04507339058197745,0.2614773740641523,1.0655950470064033
1,0.002594849802,0.093,-0.535993161282791,0.043490684990099227,0.2589621008385848,1.0648916074137111
1,0.002594849802,0.094,-0.5384092046923774,0.041933629909475904,0.2565025563805391,1.0641958041994946
1,0.002594849802,0.095,-0.5407378949241832,0.040402292870570275,0.2540972629765021,1.0635075883359462
1,0.002594849802,0.096,-0.5429806880510878,0.038896713192666584,0.25174477805343815,1.0628269093760032
1,0.002594849802,0.097,-0.5451390416172683,0.037416903394920376,0.249443693984237,1.0621537155244083
1,0.002594849802,0.098,-0.5472144131440436,0.0359628510523619,0.2471926372039503,1.0614879537327113
1,0.002594849802,0.099,-0.549208258777357,0.034534520362317765,0.2449902675573075,1.0608295697810015
1,0.002594849802,0.1,-0.5511220320304742,0.033131853548964904,0.24283527775569355,1.0601785083526059
1,0.002594849802,0.101,-0.5529571825741164,0.03175477215779546,0.24072639292571485,1.0595347131043762
1,0.002594849802,0.10200000000000001,-0.5547151550363988,0.030403178202204492,0.23866237034175142,1.0588981267308357
1,0.002594849802,0.10300000000000001,-0.5563973879762995,0.029076955626328716,0.23664199853147871,1.058268691044734
1,0.002594849802,0.10400000000000001,-0.5580053129267857,0.027775971546178297,0.2346640966029521,1.057646347047113
1,0.002594849802,0.105,-0.5595403534926934,0.026500077365394958,0.23272751367862876,1.0570310349916667
1,0.002594849802,0.106,-0.5610039244687085,0.025249109806952236,0.2308311284172225,1.056422694445687
1,0.002594849802,0.107,-0.5623974309310988,0.024022891836359153,0.2289738487061739,1.0558212643467204
1,0.002594849802,0.108,-0.5637222675775303,0.022821233799940492,0.22715461078915422,1.0552266830692583
1,0.002594849802,0.109,-0.564979818081922,0.02164393439668415,0.22537237860144804,1.0546388884834754
1,0.002594849802,0.11,-0.5661714544729758,0.02049078155466525,0.22362614320712643,1.0540578180095186
1,0.002594849802,0.111,-0.5672985365121376,0.01936155324464967,0.22191492231870416,1.0534834086692872
1,0.002594849802,0.112,-0.5683624110192496,0.018256018216712175,0.22023775997293432,1.052915597135551
1,0.002594849802,0.113,-0.5693644114955237,0.017173936873324615,0.21859372570156557,1.0523543197858023
1,0.002594849802,0.114,-0.570305857721009,0.016115062020539327,0.21698191389406296,1.0517995127504227
1,0.002594849802,0.115,-0.5711880553523044,0.015079139548059225,0.21540144325536587,1.0512511119575314
1,0.002594849802,0.116,-0.5720122955044475,0.014065909063616756,0.21385145633987493,1.050709053176144
1,0.002594849802,0.117,-0.5727798542623834,0.013075104475288115,0.2123311192268181,1.0501732720580472
1,0.002594849802,0.11800000000000001,-0.5734919925194437,0.012106454649999073,0.2108396207471011,1.049643704180109
1,0.002594849802,0.11900000000000001,-0.5741499557610513,0.011159683985609153,0.20937617188522037,1.0491202850828605
1,0.002594849802,0.12,-0.5747549738314224,0.010234512931400496,0.20794000526859996,1.048602950306768
1,0.002594849802,0.121,-0.5753082606735241,0.009330658476533056,0.2065303747264917,1.0480916354275225
1,0.002594849802,0.122,-0.5758110139867575,0.008447834605897465,0.20514655497578674,1.0475862760911994
1,0.002594849802,0.123,-0.5762644152264516,0.0075857527866348695,0.2037878409106903,1.0470868080464284
1,0.002594849802,0.124,-0.5766696295282547,0.006744122396192452,0.2024535470504502,1.0465931671744997
1,0.002594849802,0.125,-0.5770278056032067,0.005922651114281758,0.2011430070665658,1.0461052895180332
1,0.002594849802,0.126,-0.5773400755985901,0.005121045293562916,0.1998555733728353,1.045623111309261
1,0.002594849802,0.127,-0.5776075548695018,0.004339010312714404,0.19859061682851223,1.0451465689991215
1,0.002594849802,0.128,-0.577831342095887,0.0035762509264199234,0.1973475260932116,1.0446755992807069
1,0.002594849802,0.129,-0.578012519311147,0.002832471578651841,0.1961257071233476,1.044210139112029
1,0.002594849802,0.13,-0.5781521518930061,0.0021073766920219742,0.19492458274014554,1.0437501257380828
1,0.002594849802,0.131,-0.5782512885153777,0.0014006709442252391,0.193743592253949,1.0432954967130175
1,0.002594849802,0.132,-0.5783109610076486,0.0007120595382255073,0.1925821911887269,1.042846189923871
1,0.002594849802,0.133,-0.5783321845549066,4.12484449238938e-05,0.19143985070164696,1.0424021436066508
1,0.002594849802,0.134,-0.5783159578018282,-0.0006120553741672136,0.1903160571285239,1.0419632963628596
1,0.002594849802,0.135,-0.5782632629134488,-0.0012481437587544193,0.18921031159322382,1.041529587175919
1,0.002594849802,0.136,-0.5781750655942309,-0.001867307148088416,0.18812212966715217,1.0411009554281139
1,0.002594849802,0.137,-0.5780523150140325,-0.0024698343771093465,0.18705104111705395,1.040677340919664
1,0.002594849802,0.138,-0.5778959440646636,-0.0030560125172408217,0.18599658938672636,1.040258683878697
1,0.002594849802,0.139,-0.5777068695163178,-0.0036261267245495023,0.18495833119004332,1.0398449249725557
1,0.002594849802,0.14,-0.5774859921278521,-0.004180460095204759,0.18393583616075834,1.0394360053194944
1,0.002594849802,0.14100000000000001,-0.5772341967142421,-0.004719293522602075,0.18292868654660796,1.039031866501209
1,0.002594849802,0.14200000000000002,-0.5769523521224676,-0.005242905546193487,0.18193647698090842,1.0386324505779259
1,0.002594849802,0.14300000000000002,-0.576641311523621,-0.005751572256426565,0.18095881402265784,1.0382377000933936
1,0.002594849802,0.14400000000000002,-0.5763019126041988,-0.006245567197686497,0.17999531579459666,1.0378475580818998
1,0.002594849802,0.145,-0.5759349777099811,-0.006725161273125224,0.17904561167139907,1.0374619680760597
1,0.002594849802,0.146,-0.5755413139471445,-0.00719062264759023,0.17810934200685646,1.0370808741156814
1,0.002594849802,0.147,-0.5751217131947968,-0.007642216637979454,0.17718615792880263,1.0367042207594934
1,0.002594849802,0.148,-0.5746769524167684,-0.008080205666808355,0.17627572093317265,1.036331953086149
1,0.002594849802,0.149,-0.5742077938741672,-0.008504849207008298,0.17537770256390986,1.0359640166977706
1,0.002594849802,0.15,-0.5737149852905751,-0.008916403724628482,0.1744917841369301,1.0356003577245605
1,0.002594849802,0.151,-0.5731992599754037,-0.00931512261707864,0.17361765649825972,1.0352409228306638
1,0.002594849802,0.152,-0.5726613368626582,-0.009701256135946816,0.1727550198411946,1.0348856592230966
1,0.002594849802,0.153,-0.5721019208304761,-0.010075051376827663,0.17190358334957886,1.034534514649619
1,0.002594849802,0.154,-0.5715217029246182,-0.010436752255645993,0.17106306491604836,1.0341874373995175
1,0.002594849802,0.155,-0.5709213605356265,-0.010786599480030785,0.170233190898839,1.033844376305672
1,0.002594849802,0.156,-0.5703015575356646,-0.011124830514460856,0.16941369590843613,1.0335052807479983
1,0.002594849802,0.157,-0.5696629443354012,-0.011451679528236964,0.16860432264549588,1.033170100660066
1,0.002594849802,0.158,-0.5690061582024766,-0.011767377411792776,0.16780482158856602,1.0328387865245696
1,0.002594849802,0.159,-0.5683318234882203,-0.012072151776348475,0.16701495074706238,1.0325112893719604
1,0.002594849802,0.16,-0.5676405518097317,-0.012366226946646896,0.1662344754478858,1.032187560780507
1,0.002594849802,0.161,-0.566932942193581,-0.012649823946306113,0.16546316814801196,1.0318675528778152
1,0.002594849802,0.162,-0.5662095811445566,-0.012923160465088795,0.16470080829150605,1.0315512183455635
1,0.002594849802,0.163,-0.5654710429566975,-0.013186450894027002,0.16394718203704242,1.0312385104131876
1,0.002594849802,0.164,-0.5647178899375893,-0.013439906341954837,0.16320208204207087,1.0309293828548634
1,0.002594849802,0.165,-0.5639506725901723,-0.01368373464384193,0.16246530727623848,1.0306237899880264
1,0.002594849802,0.166,-0.5631699297583665,-0.013918140361059454,0.16173666285735397,1.0303216866733853
1,0.002594849802,0.167,-0.56237618870291,-0.014143324763281706,0.161015959925752,1.0300230283181446
1,0.002594849802,0.168,-0.5615699654005152,-0.014359485876463195,0.16030301540721445,1.0297277708683998
1,0.002594849802,0.169,-0.5607517647617108,-0.014566818511213537,0.1595976518249435,1.0294358708049047
1,0.002594849802,0.17,-0.55992208080863,-0.014765514282216985,0.1588996971369085,1.0291472851404242
1,0.002594849802,0.171,-0.5590813968189542,-0.014955761619257633,0.15820898459270724,1.0288619714185965
1,0.002594849802,0.17200000000000001,-0.5582301854052447,-0.015137745760060505,0.15752535262354878,1.028579887715949
1,0.002594849802,0.17300000000000001,-0.5573689087992678,-0.015311648806531748,0.15684864463648948,1.0283009926334192
1,0.002594849802,0.17400000000000002,-0.5564980190606055,-0.01547764976107786,0.1561787088510499,1.0280252452912502
1,0.002594849802,0.17500000000000002,-0.5556179582478085,-0.015635924553610518,0.15551539815778537,1.0277526053254946
1,0.002594849802,0.176,-0.554729158558088,-0.01578664606009604,0.15485856999371125,1.0274830328860123
1,0.002594849802,0.177,-0.5538320424074776,-0.01592998410343142,0.15420808624623802,1.0272164886375392
1,0.002594849802,0.178,-0.5529270226985041,-0.01606610551445442,0.1535638130749794,1.0269529337506655
1,0.002594849802,0.179,-0.5520145030177648,-0.016195174173220774,0.15292562077010158,1.0266923298961408
1,0.002594849802,0.18,-0.551094877798693,-0.016317351040903098,0.15229338362962616,1.026434639240784
1,0.002594849802,0.181,-0.5501685324552431,-0.01643279418336722,0.15166697985125918,1.026179824444854
1,0.002594849802,0.182,-0.5492358434609403,-0.016541658777813783,0.151046291448714,1.025927848662386
1,0.002594849802,0.183,-0.5482971785989412,-0.016644097175934777,0.15043120409770008,1.0256786755318876
1,0.002594849802,0.184,-0.5473528971475056,-0.016740258947887512,0.1498216070133583,1.0254322691702826
1,0.002594849802,0.185,-0.5464033500332978,-0.016830290917041055,0.14921739284402738,1.0251885941684282
1,0.002594849802,0.186,-0.5454488799579218,-0.016914337186670285,0.14861845757750308,1.024947615588054
1,0.002594849802,0.187,-0.5444898214744913,-0.01699253915060297,0.14802470046830468,1.0247092989615376
1,0.002594849802,0.188,-0.5435265012197565,-0.017065035556585097,0.14743602390479923,1.024473610282527
1,0.002594849802,0.189,-0.5425592380869632,-0.017131962551263546,0.14685233330334063,1.0242405159996981
1,0.002594849802,0.19,-0.5415883433691093,-0.017193453716243992,0.14627353701645232,1.0240099830120468
1,0.002594849802,0.191,-0.540614120877664,-0.017249640096460104,0.14569954625173578,1.0237819786655433
1,0.002594849802,0.192,-0.5396368670157223,-0.017300650213472272,0.1451302750087617,1.0235564707524965
1,0.002594849802,0.193,-0.5386568709923516,-0.01734661012764098,0.14456563996461666,1.023333427502252
1,0.002594849802,0.194,-0.5376744149827352,-0.017387643482880664,0.14400556038261653,1.0231128175749118
1,0.002594849802,0.195,-0.536689774261182,-0.017423871542894615,0.1434499580330758,1.0228946100565186
1,0.002594849802,0.196,-0.5357032173117152,-0.017455413220144607,0.14289875712326783,1.022678774455556
1,0.002594849802,0.197,-0.5347150058972158,-0.017482385090769933,0.14235188424275214,1.0224652807020074
1,0.002594849802,0.198,-0.5337253952564718,-0.017504901454585668,0.14180926826493864,1.0222540991382567
1,0.002594849802,0.199,-0.5327346342518035,-0.01752307437872154,0.14127084026848544,1.0220452005128684
1,0.002594849802,0.2,-0.5317429654918999,-0.017537013733213466,0.14073653346902834,1.0218385559757703
1,0.002594849802,0.201,-0.5307506254342246,-0.017546827219787377,0.14020628315877162,1.0216341370746855
1,0.002594849802,0.202,-0.5297578444498026,-0.01755262038762182,0.1396800266591877,1.0214319157539837
1,0.002594849802,0.203,-0.5287648470036902,-0.01755449669050988,0.13915770323647828,1.0212318643458695
1,0.002594849802,0.20400000000000001,-0.5277718517904896,-0.0175525575287693,0.13863925403398744,1.0210339555643004
1,0.002594849802,0.20500000000000002,-0.5267790718472788,-0.01754690228361408,0.13812462201345363,1.0208381625002447
1,0.002594849802,0.20600000000000002,-0.5257867146479717,-0.017537628345190865,0.13761375190297392,1.0206444586181163
1,0.002594849802,0.20700000000000002,-0.5247949821635981,-0.0175248311286085,0.1371065901561295,1.020452817754491
1,0.002594849802,0.20800000000000002,-0.5238040710270561,-0.017508604127848423,0.13660308487948206,1.0202632141096433
1,0.002594849802,0.209,-0.5228141726570688,-0.017489038955541356,0.1361031857745343,1.0200756222416607
1,0.002594849802,0.21,-0.5218254733616123,-0.017466225375730355,0.13560684408723955,1.0198900170618306
1,0.002594849802,0.211,-0.5208381544244983,-0.01744025133077182,0.1351140125632318,1.019706373831134
1,0.002594849802,0.212,-0.5198523921611341,-0.017411202957211755,0.134624645412541,1.019524668158881
1,0.002594849802,0.213,-0.5188683580685157,-0.017379164636215288,0.13413869824749455,1.0193448759946384
1,0.002594849802,0.214,-0.5178862189382663,-0.017344219030964413,0.13365612803293966,1.0191669736225812
1,0.002594849802,0.215,-0.516906136951054,-0.01730644711756744,0.1331768930429018,1.0189909376570445
1,0.002594849802,0.216,-0.5159282697557593,-0.017265928210569822,0.13270095282210884,1.0188167450391206
1,0.002594849802,0.217,-0.5149527705208016,-0.01722273997837833,0.13222826815555938,1.018644373035255
1,0.002594849802,0.218,-0.5139797880703736,-0.017176958490118955,0.13175880101540832,1.0184737992295876
1,0.002594849802,0.219,-0.5130094669872534,-0.017128658250529907,0.13129251451832738,1.0183050015185708
1,0.002594849802,0.22,-0.5120419476987609,-0.017077912228880648,0.1308293728883431,1.0181379581067136
1,0.002594849802,0.221,-0.5110773665489237,-0.017024791882939153,0.1303693414238062,1.0179726475033062
1,0.002594849802,0.222,-0.5101158558455309,-0.016969367173738755,0.1299123864711669,1.0178090485210147
1,0.002594849802,0.223,-0.5091575439836187,-0.01691170660887528,0.12945847537960675,1.0176471402686451
1,0.002594849802,0.224,-0.5082025555387726,-0.016851877274858176,0.12900757646455907,1.017486902146044
1,0.002594849802,0.225,-0.5072510113451935,-0.016789944863983212,0.12855965897588248,1.017328313840052
1,0.002594849802,0.226,-0.5063030285613119,-0.016725973696678696,0.12811469306953363,1.017171355321377
1,0.002594849802,0.227,-0.5053587207127755,-0.016660026735481497,0.12767264978498594,1.0170160068432077
1,0.002594849802,0.228,-0.5044181978041824,-0.016592165624857016,0.12723350100653225,1.0168622489344081
1,0.002594849802,0.229,-0.5034815664035899,-0.0165224507210358,0.12679721943211486,1.0167100623947043
1,0.002594849802,0.23,-0.5025489297132691,-0.016450941116843282,0.1263637785461004,1.0165594282908594
1,0.002594849802,0.231,-0.501620387629232,-0.016377694662403748,0.12593315259501156,1.0164103279537031
1,0.002594849802,0.232,-0.5006960367803861,-0.016302767978246407,0.12550531656809655,1.0162627429767868
1,0.002594849802,0.233,-0.4997759706294827,-0.01622621649178217,0.1250802461643712,1.0161166552100023
1,0.002594849802,0.234,-0.4988602795495332,-0.016148094464698993,0.12465791776602068,1.015972046755053
1,0.002594849802,0.23500000000000001,-0.4979490508878256,-0.016068455015794528,0.12423830841513837,1.0158288999618568
1,0.002594849802,0.23600000000000002,-0.4970423692755806,-0.015987350237055747,0.1238213957400471,1.015687197404235
1,0.002594849802,0.23700000000000002,-0.4961403154792006,-0.015904830756792273,0.12340715818445394,1.0155469219780402
1,0.002594849802,0.23800000000000002,-0.4952429686647518,-0.01582094659690356,0.12299557452725692,1.0154080567129156
1,0.002594849802,0.23900000000000002,-0.49435040464590696,-0.015735746507679584,0.12258662423971776,1.0152705849205954
1,0.002594849802,0.24,-0.49346269598034137,-0.015649278002654244,0.12218028745237143,1.0151344901892738
1,0.002594849802,0.241,-0.49257991396593254,-0.015561588116565706,0.12177654454875914,1.0149997562144986
1,0.002594849802,0.242,-0.49170212554397447,-0.015472722226442508,0.1213753767712659,1.014866367066192
1,0.002594849802,0.243,-0.4908293964655458,-0.015382725255829892,0.12097676559207661,1.014734306917488
1,0.002594849802,0.244,-0.4899617894711768,-0.015291640980792682,0.12058069306074333,1.0146035602033774
1,0.002594849802,0.245,-0.48909936437782137,-0.01519951206172435,0.12018714177598643,1.0144741116154397
1,0.002594849802,0.246,-0.4882421798713204,-0.015106380727157018,0.11979609454718125,1.0143459459448834
1,0.002594849802,0.247,-0.48739029072640755,-0.015012287710814332,0.1194075348980154,1.0142190483303157
1,0.002594849802,0.248,-0.48654375064944716,-0.014917273337623488,0.11902144654306965,1.0140934040061054
1,0.002594849802,0.249,-0.48570261064455755,-0.014821376898192027,0.11863781367634427,1.0139689984495641
1,0.002594849802,0.25,-0.4848669190919957,-0.01472463667775109,0.11825662094726339,1.013845817376034
1,0.002594849802,0.251,-0.4840367233569147,-0.014627090572408085,0.11787785317985391,1.0137238465932745
1,0.002594849802,0.252,-0.48321206729485844,-0.014528775131692474,0.11750149578946652,1.013603072231269
1,0.002594849802,0.253,-0.48239299380278833,-0.014429726536967965,0.11712753434925204,1.013483480508814
1,0.002594849802,0.254,-0.48157954335318737,-0.014329980038144634,0.11675595482848006,1.0133650578700157
1,0.002594849802,0.255,-0.4807717540646421,-0.014229569979945508,0.11638674357215308,1.0132477909797135
1,0.002594849802,0.256,-0.4799696631451179,-0.014128530356780307,0.1160198870692344,1.0131316665884467
1,0.002594849802,0.257,-0.4791733046545043,-0.014026893951007714,0.11565537229552296,1.0130166717455351
1,0.002594849802,0.258,-0.4783827117929442,-0.013924693213670028,0.11529318635651621,1.0129027935826442
1,0.002594849802,0.259,-0.4775979155861485,-0.013821959757630085,0.11493331668310468,1.012790019440339
1,0.002594849802,0.26,-0.4768189449489041,-0.01371872438135405,0.11457575101428417,1.0126783368638297
1,0.002594849802,0.261,-0.47604582797940515,-0.01361501756815528,0.11422047720701281,1.012567733477779
1,0.002594849802,0.262,-0.4752785899530752,-0.013510868711105784,0.11386748351647276,1.0124581971838371
1,0.002594849802,0.263,-0.4745172553745065,-0.013406306905307164,0.11351675830372548,1.0123497159599903
1,0.002594849802,0.264,-0.47376184679879635,-0.013301360492073078,0.11316829019528896,1.0122422779778795
1,0.002594849802,0.265,-0.47301238488865704,-0.01319605708041976,0.11282206806850642,1.0121358715988487
1,0.002594849802,0.266,-0.47226888957477503,-0.01309042399599808,0.11247808089666807,1.012030485257893
1,0.002594849802,0.267,-0.4715313782576014,-0.012984487584289604,0.112136317976292,1.0119261076467665
1,0.002594849802,0.268,-0.4707998676467023,-0.01287827392292238,0.11179676868962844,1.0118227275279845
1,0.002594849802,0.269,-0.47007437270439023,-0.012771808411944186,0.11145942263369786,1.0117203338435694
1,0.002594849802,0.27,-0.4693549066970578,-0.012665115793207176,0.1111242696079364,1.011618915711392
1,0.002594849802,0.271,-0.46864148223509283,-0.0125582205538834,0.11079129948912582,1.0115184623175917
1,0.002594849802,0.272,-0.46793410966159665,-0.012451146300263956,0.11046050241394853,1.0114189630863148
1,0.002594849802,0.273,-0.4672327987006393,-0.01234391639794015,0.11013186858781834,1.0113204075072988
1,0.002594849802,0.274,-0.46653755751080095,-0.012236553603623392,0.1098053883881587,1.0112227852366813
1,0.002594849802,0.275,-0.46584839273129935,-0.012129080082602847,0.10948105235399802,1.011126086093608
1,0.002594849802,0.276,-0.4651653104136631,-0.012021517771331352,0.10915885108603358,1.0110302999605107
1,0.002594849802,0.277,-0.46448831457841694,-0.011913887814800956,0.10883877539152964,1.0109354169404574
1,0.002594849802,0.278,-0.46381740869161664,-0.011806211141748783,0.10852081613217535,1.010841427197323
1,0.002594849802,0.279,-0.4631525948171456,-0.011698508133871426,0.10820496430569511,1.010748321049245
1,0.002594849802,0.28,-0.4624938736581566,-0.011590798641525282,0.10789121103711274,1.0106560889654839
1,0.002594849802,0.281,-0.46184124539149185,-0.011483102309480778,0.10757954749994746,1.0105647214739746
1,0.002594849802,0.28200000000000003,-0.46119470837527315,-0.011375438071468005,0.10726996502950473,1.0104742093072139
1,0.002594849802,0.28300000000000003,-0.46055426047115594,-0.011267824666938691,0.10696245500351387,1.0103845432540774
1,0.002594849802,0.28400000000000003,-0.4599198982853478,-0.011160280343893372,0.10665700890557138,1.010295714246475
1,0.002594849802,0.28500000000000003,-0.4592916172058393,-0.01105282287298388,0.10635361831783231,1.010207713356448
1,0.002594849802,0.28600000000000003,-0.4586694121494513,-0.010945469840166611,0.10605227485991489,1.0101205317104434
1,0.002594849802,0.28700000000000003,-0.4580532764049973,-0.010838238192594786,0.10575297027575756,1.0100341606246055
1,0.002594849802,0.28800000000000003,-0.45744320281693396,-0.01073114470287722,0.10545569634169247,1.0099485914673658
1,0.002594849802,0.289,-0.4568391831060869,-0.01062420570208347,0.10516044491471516,1.0098638157398054
1,0.002594849802,0.29,-0.456241207903102,-0.010517437092397258,0.10486720792639544,1.0097798250729761
1,0.002594849802,0.291,-0.45564926741699563,-0.010410854610055965,0.10457597733656421,1.0096966111483903
1,0.002594849802,0.292,-0.455063350400125,-0.01030447341730946,0.10428674519815682,1.0096141658235194
1,0.002594849802,0.293,-0.4544834452073097,-0.010198308519564658,0.10399950358815623,1.0095324810043371
1,0.002594849802,0.294,-0.45390953918817883,-0.010092374525456789,0.10371424464324563,1.009451548719874
1,0.002594849802,0.295,-0.45334161871723067,-0.009986685658191738,0.10343096055476045,1.00937136111974
1,0.002594849802,0.296,-0.45277966979184997,-0.009881255991839444,0.10314964353465797,1.0092919104003613
1,0.002594849802,0.297,-0.45222367710674366,-0.009776099084582884,0.10287028586212044,1.0092131889214297
1,0.002594849802,0.298,-0.45167362500115826,-0.00967122835362561,0.102592879833469,1.0091351890876445
1,0.002594849802,0.299,-0.45112949691559634,-0.009566656859515979,0.10231741778738106,1.0090579034178981
1,0.002594849802,0.3,-0.4505912754188383,-0.009462397316305687,0.10204389210073025,1.008981324542988
1,0.002594849802,0.301,-0.4500589427425644,-0.009358462303969474,0.10177229516470626,1.0089054451371626
1,0.002594849802,0.302,-0.44953247995419693,-0.009254863938632184,0.10150261941639571,1.0088302580262112
1,0.002594849802,0.303,-0.44901186780352675,-0.009151614209644094,0.10123485730434084,1.008755756077703
1,0.002594849802,0.304,-0.44849708623730467,-0.009048724785619978,0.10096900130518191,1.0086819322652147
1,0.002594849802,0.305,-0.4479881144235433,-0.00894620702353069,0.10070504392025383,1.0086087796662186
1,0.002594849802,0.306,-0.4474849312291358,-0.008844072159749895,0.10044297766003785,1.0085362913985294
1,0.002594849802,0.307,-0.44698751448120577,-0.008742331013373421,0.10018279506346185,1.0084644607206759
1,0.002594849802,0.308,-0.4464958417232719,-0.008640994289433133,0.09992448867627005,1.0083932809299863
1,0.002594849802,0.309,-0.44600988978190026,-0.00854007240436489,0.09966805106067408,1.0083227454222399
1,0.002594849802,0.31,-0.4455296347885738,-0.00843957549414008,0.09941347479259359,1.0082528476897146
1,0.002594849802,0.311,-0.4450550526060291,-0.00833951358619111,0.0991607524528922,1.0081835812621602
1,0.002594849802,0.312,-0.44458611816925653,-0.008239896332327135,0.09890987663672943,1.0081149398000477
1,0.002594849802,0.313,-0.4441228061602657,-0.008140733281659993,0.09866083994232946,1.0080469169998933
1,0.002594849802,0.314,-0.44366509062160125,-0.008042033723445466,0.09841363497498845,1.0079795066496884
1,0.002594849802,0.315,-0.4432129449760354,-0.007943806694352266,0.09816825434486183,1.007912702627094
1,0.002594849802,0.316,-0.4427663424067405,-0.007846061133290632,0.09792469066366884,1.007846498844595
1,0.002594849802,0.317,-0.4423252552700202,-0.007748805640783935,0.09768293654607742,1.0077808893361682
1,0.002594849802,0.318,-0.4418896556967811,-0.007652048724817852,0.09744298460682263,1.0077158681692975
1,0.002594849802,0.319,-0.44145951524826244,-0.0075557986592091194,0.09720482746021375,1.0076514294964984
1,0.002594849802,0.32,-0.4410348049337837,-0.007460063490100591,0.09696845771838555,1.0075875675536554
1,0.002594849802,0.321,-0.4406154955493271,-0.007364851175510377,0.09673386799235398,1.0075242766090287
1,0.002594849802,0.322,-0.4402015571549226,-0.007270169368341811,0.09650105088711478,1.0074615510438532
1,0.002594849802,0.323,-0.4397929596100688,-0.007176025638037526,0.09626999900537243,1.0073993852705259
1,0.002594849802,0.324,-0.4393896722675232,-0.007082427342820387,0.09604070494351677,1.0073377737805294
1,0.002594849802,0.325,-0.43899166398931316,-0.006989381635494997,0.0958131612902668,1.0072767111428946
1,0.002594849802,0.326,-0.43859890344781405,-0.0068968955893469385,0.09558736063113117,1.0072161919567726
1,0.002594849802,0.327,-0.43821135866146615,-0.006804976002266411,0.09536329553864265,1.0071562109264243
1,0.002594849802,0.328,-0.43782899747061693,-0.006713629596789984,0.09514095858122552,1.007096762785107
1,0.002594849802,0.329,-0.43745178726566114,-0.006622862904730994,0.09492034231646124,1.0070378423396753
1,0.002594849802,0.33,-0.4370796950015006,-0.006532682272360188,0.09470143929006415,1.0069794444691602
1,0.002594849802,0.331,-0.43671268746476916,-0.006443093974114498,0.09448424204294617,1.0069215640806268
1,0.002594849802,0.332,-0.4363507308622352,-0.006354104035574516,0.09426874309778838,1.0068641961789906
1,0.002594849802,0.333,-0.4359937912428444,-0.00626571841420627,0.09405493497180273,1.0068073357961658
1,0.002594849802,0.334,-0.435641834256897,-0.0061779428950543,0.09384281016797864,1.0067509780325936
1,0.002594849802,0.335,-0.435294825169123,-0.006090783095367071,0.09363236117433846,1.0066951180559325
1,0.002594849802,0.336,-0.43495272909531296,-0.006004244567421022,0.09342358047293105,1.0066397510599514
1,0.002594849802,0.337,-0.434615510638365,-0.00591833263833104,0.09321646052375225,1.0065848723295645
1,0.002594849802,0.338,-0.4342831342616891,-0.00583305257356043,0.09301099378035246,1.0065304771748405
1,0.002594849802,0.339,-0.4339555640764634,-0.005748409482490568,0.09280717267964643,1.0064765609696935
1,0.002594849802,0.34,-0.4336327638534727,-0.00566440832255019,0.0926049896414034,1.0064231191506765
1,0.002594849802,0.341,-0.43331469723205657,-0.0055810539923218955,0.09240443707860217,1.0063701471786743
1,0.002594849802,0.342,-0.43300132739929936,-0.005498351186380041,0.09220550737954947,1.0063176405995269
1,0.002594849802,0.343,-0.4326926174194034,-0.005416304543417068,0.09200819292545272,1.006265594982524
1,0.002594849802,0.34400000000000003,-0.4323885300463843,-0.005334918560630255,0.09181248607928118,1.0062140059564801
1,0.002594849802,0.34500000000000003,-0.43208902773480456,-0.00525419759740804,0.09161837918545244,1.0061628692086164
1,0.002594849802,0.34600000000000003,-0.431794072823638,-0.005174145959761412,0.09142586458107306,1.0061121804488458
1,0.002594849802,0.34700000000000003,-0.4315036272545841,-0.005094767768577218,0.09123493457696515,1.006061935466319
1,0.002594849802,0.34800000000000003,-0.4312176528615241,-0.005016067094011142,0.0910455814764671,1.0060121300720608
1,0.002594849802,0.34900000000000003,-0.4309361112062967,-0.00493804787774584,0.09085779756375376,1.0059627601326286
1,0.002594849802,0.35000000000000003,-0.4306589635884467,-0.004860713936281991,0.09067157510368641,1.005913821569081
1,0.002594849802,0.35100000000000003,-0.4303861712063236,-0.00478406903762503,0.09048690635354191,1.00586531032365
1,0.002594849802,0.352,-0.4301176949109349,-0.004708116781515529,0.09030378354353873,1.0058172224125228
1,0.002594849802,0.353,-0.4298534954591556,-0.00463286072156147,0.09012219889625124,1.0057695538723084
1,0.002594849802,0.354,-0.42959353337048095,-0.004558304294524111,0.08994214461472783,1.0057223007914593
1,0.002594849802,0.355,-0.4293377689358944,-0.004484450823256523,0.08976361288247627,1.005675459309317
1,0.002594849802,0.356,-0.4290861623582729,-0.004411303586475612,0.08958659587535152,1.0056290255849976
1,0.002594849802,0.357,-0.42883867353857424,-0.004338865709686899,0.08941108574207063,1.005582995846691
1,0.002594849802,0.358,-0.4285952622960809,-0.004267140276369519,0.0892370746237317,1.0055373663416645
1,0.002594849802,0.359,-0.4283558882442488,-0.004196130263537529,0.08906455464200948,1.0054921333656197
1,0.002594849802,0.36,-0.4281205107987895,-0.004125838544364185,0.08889351789925218,1.005447293261813
1,0.002594849802,0.361,-0.42788908929923075,-0.004056267951779285,0.08872395649025595,1.0054028423919785
1,0.002594849802,0.362,-0.42766158282457917,-0.003987421178944883,0.08855586248317097,1.0053587771824133
1,0.002594849802,0.363,-0.4274379503835241,-0.003919300880663953,0.08838922793870573,1.00531509407725
1,0.002594849802,0.364,-0.4272181508077054,-0.00385190961454657,0.08822404489862966,1.0052717895659047
1,0.002594849802,0.365,-0.4270021427590938,-0.003785249843354146,0.0880603053859611,1.005228860182264
1,0.002594849802,0.366,-0.4267898848343576,-0.0037193239930816495,0.08789800141640529,1.0051863024774947
1,0.002594849802,0.367,-0.426581335407446,-0.003654134361965209,0.08773712497997971,1.0051441130631569
1,0.002594849802,0.368,-0.4263764527923687,-0.003589683213158027,0.0875776680595613,1.0051022885674967
1,0.002594849802,0.369,-0.4261751951523827,-0.00352597272090388,0.08741962261988274,1.005060825661131
1,0.002594849802,0.37,-0.4259775205067455,-0.0034630049726317794,0.08726298060779394,1.0050197210562948
1,0.002594849802,0.371,-0.42578338681936384,-0.0034007820221108906,0.08710773396318261,1.0049789714813966
1,0.002594849802,0.372,-0.4255927518660152,-0.0033393058060819077,0.08695387460158367,1.0049385737213818
1,0.002594849802,0.373,-0.42540557337203855,-0.003278578229130202,0.08680139443179233,1.0048985245768183
1,0.002594849802,0.374,-0.4252218089361012,-0.0032186011143341283,0.08665028534550395,1.0048588208879516
1,0.002594849802,0.375,-0.4250414160363914,-0.0031593762051372815,0.08650053921763415,1.0048194595340063
1,0.002594849802,0.376,-0.4248643521048672,-0.0031009052140999155,0.08635214791657682,1.004780437409357
1,0.002594849802,0.377,-0.42469057441707636,-0.0030431897463448223,0.08620510328800829,1.0047417514613466
1,0.002594849802,0.378,-0.42452004020684575,-0.0029862313774564574,0.08605939717134511,1.0047033986519582
1,0.002594849802,0.379,-0.42435270660343133,-0.0029300316081294774,0.08591502139014633,1.0046653759803599
1,0.002594849802,0.38,-0.4241885306372092,-0.002874591865842766,0.08577196775247921,1.0046276804822571
1,0.002594849802,0.381,-0.4240274693007028,-0.0028199135496741793,0.08563022806040048,1.0045903092075585
1,0.002594849802,0.382,-0.42386947945917786,-0.0027659979598395963,0.08548979409511957,1.0045532592558384
1,0.002594849802,0.383,-0.423714517944197,-0.0027128463693566708,0.08535065763212782,1.0045165277404031
1,0.002594849802,0.384,-0.4235625415030812,-0.0026604599822705457,0.08521281043245503,1.0044801118094342
1,0.002594849802,0.385,-0.42341350680415346,-0.0026088399351511375,0.08507624424307031,1.004444008645393
1,0.002594849802,0.386,-0.4232673704855975,-0.0025579873383873636,0.08494095080549761,1.0044082154440663
1,0.002594849802,0.387,-0.42312408908519644,-0.0025079032111761795,0.08480692184246391,1.0043727294478508
1,0.002594849802,0.388,-0.42298361911442195,-0.0024585885476095183,0.08467414907156641,1.0043375479120313
1,0.002594849802,0.389,-0.42284591701924973,-0.002410044278099912,0.08454262419745319,1.0043026681246328
1,0.002594849802,0.39,-0.4227109391850031,-0.0023622712707200844,0.08441233891224993,1.0042680874058671
1,0.002594849802,0.391,-0.4225786419739845,-0.0023152703693478474,0.08428328490324313,1.0042338030884606
1,0.002594849802,0.392,-0.4224489816729008,-0.0022690423335312722,0.08415545384110566,1.0041998125489164
1,0.002594849802,0.393,-0.42232191454897816,-0.00222358789958631,0.08402883739200324,1.0041661131758475
1,0.002594849802,0.394,-0.42219739682127616,-0.0021789077448856283,0.08390342721074953,1.0041327023886273
1,0.002594849802,0.395,-0.42207538466517197,-0.0021350024890574295,0.08377921494125098,1.004099577636879
1,0.002594849802,0.396,-0.42195583423960964,-0.0020918727293122697,0.08365619222320989,1.0040667363819866
1,0.002594849802,0.397,-0.421838701650905,-0.002049518984672006,0.08353435068199169,1.0040341761264884
1,0.002594849802,0.398,-0.4217239429922229,-0.0020079417526025515,0.08341368193910095,1.0040018943843096
1,0.002594849802,0.399,-0.42161151432462257,-0.001967141475865223,0.08329417760634508,1.003969888698303
1,0.002594849802,0.4,-0.42150137168122126,-0.0019271185435897678,0.0831758292862911,1.0039381566397736
1,0.002594849802,0.401,-0.4213934710848145,-0.0018878733240789952,0.08305862857795583,1.0039066957910898
1,0.002594849802,0.402,-0.42128776852689315,-0.0018494061129435949,0.08294256706835643,1.0038755037733444
1,0.002594849802,0.403,-0.4211842199916777,-0.0018117171857386346,0.08282763634130981,1.0038445782183458
1,0.002594849802,0.404,-0.4210827814462097,-0.0017748067671085896,0.08271382797262634,1.00381391678513
1,0.002594849802,0.405,-0.4209834088442274,-0.001738675031747823,0.08260113353057268,1.0037835171595204
1,0.002594849802,0.406,-0.4208860581348334,-0.001703322134947619,0.08248954458053032,1.0037533770377565
1,0.002594849802,0.40700000000000003,-0.420790685255677,-0.0016687481642271521,0.08237905267825024,1.0037234941525477
1,0.002594849802,0.40800000000000003,-0.42069724614261655,-0.0016349531883929147,0.08226964937695128,1.0036938662466968
1,0.002594849802,0.40900000000000003,-0.420605696728242,-0.0016019372287367829,0.0821613262235527,1.003664491088658
1,0.002594849802,0.41000000000000003,-0.4205159929454933,-0.0015697002598956662,0.08205407475913895,1.0036353664721274
1,0.002594849802,0.41100000000000003,-0.42042809072797926,-0.001538242238377836,0.08194788652257842,1.0036064902006179
1,0.002594849802,0.41200000000000003,-0.4203419460163899,-0.0015075630573229293,0.08184275304548702,1.0035778601120187
1,0.002594849802,0.41300000000000003,-0.4202575147547442,-0.001477662592359793,0.08173866585761737,1.0035494740537376
1,0.002594849802,0.41400000000000003,-0.42017475289679374,-0.001448540674641854,0.08163561648413069,1.0035213298973693
1,0.002594849802,0.41500000000000004,-0.4200936164094116,-0.001420197091616297,0.08153359644605934,1.0034934255383159
1,0.002594849802,0.41600000000000004,-0.42001406126510293,-0.0013926316137420963,0.08143259726288708,1.0034657588812392
1,0.002594849802,0.417,-0.41993604346081015,-0.0013658439520495952,0.08133261044921287,1.0034383278632364
1,0.002594849802,0.418,-0.419859519001602,-0.0013398338011336173,0.0812336275184369,1.0034111304303863
1,0.002594849802,0.419,-0.4197844439144681,-0.001314600813832441,0.0811356399810641,1.003384164551596
1,0.002594849802,0.42,-0.4197107742515018,-0.0012901446019156458,0.08103863934516164,1.003357428218248
1,0.002594849802,0.421,-0.4196384660750859,-0.0012664647611846287,0.08094261711790902,1.0033309194304685
1,0.002594849802,0.422,-0.4195674754883425,-0.0012435608315355606,0.08084756480394228,1.0033046362190126
1,0.002594849802,0.423,-0.41949775860702987,-0.0012214323373905041,0.08075347390735482,1.0032785766231214
1,0.002594849802,0.424,-0.41942927158028753,-0.0012000787638457137,0.08066033593101839,1.0032527387036005
1,0.002594849802,0.425,-0.41936197059363495,-0.0011794995572862526,0.08056814237703284,1.0032271205424936
1,0.002594849802,0.426,-0.4192958118472666,-0.0011596941490406472,0.08047688474726127,1.0032017202301071
1,0.002594849802,0.427,-0.4192307515974743,-0.0011406619176804215,0.08038655454332533,1.0031765358856999
1,0.002594849802,0.428,-0.41916674611743976,-0.0011224022271617902,0.08029714326694827,1.0031515656365526
1,0.002594849802,0.429,-0.4191037517245356,-0.0011049144042862226,0.08020864242027417,1.003126807630338
1,0.002594849802,0.43,-0.41904172478316054,-0.001088197739248963,0.08012104350630798,1.003102260034816
1,0.002594849802,0.431,-0.4189806216765294,-0.0010722515080026094,0.08003433802845546,1.0030779210255611
1,0.002594849802,0.432,-0.41892039885847154,-0.0010570749365523824,0.07994851749213347,1.0030537888055406
1,0.002594849802,0.433,-0.41886101280372956,-0.0010426672370543362,0.07986357340349003,1.0030298615853142
1,0.002594849802,0.434,-0.41880242004146695,-0.0010290275864463009,0.07977949727069851,1.0030061375947406
1,0.002594849802,0.435,-0.41874457715795615,-0.0010161551269366126,0.07969628060438642,1.0029826150826942
1,0.002594849802,0.436,-0.41868744076221,-0.0010040489872164865,0.07961391491620395,1.0029592923054484
1,0.002594849802,0.437,-0.4186309675476221,-0.0009927082485331276,0.07953239172200727,1.0029361675452186
1,0.002594849802,0.438,-0.4185751142323178,-0.0009821319789668603,0.07945170253899644,1.0029132390914095
1,0.002594849802,0.439,-0.4185198375985563,-0.0009723192131039863,0.07937183888795822,1.0028905052517099
1,0.002594849802,0.44,-0.41846509449528785,-0.0009632689524713147,0.07929279229368232,1.0028679643518261
1,0.002594849802,0.441,-0.41841084179793303,-0.000954980185723993,0.07921455428258542,1.0028456147244764
1,0.002594849802,0.442,-0.4183570364793917,-0.0009474518562988852,0.07913711638742116,1.002823454726967
1,0.002594849802,0.443,-0.4183036355409319,-0.0009406828950721893,0.07906047014288144,1.0028014827234224
1,0.002594849802,0.444,-0.4182505960572083,-0.0009346722009576389,0.07898460708875905,1.0027796970953018
1,0.002594849802,0.445,-0.4181978751787034,-0.0009294186412917809,0.07890951877035032,1.0027580962411535
1,0.002594849802,0.446,-0.41814543008592797,-0.0009249210711122502,0.07883519673516391,1.002736678566176
1,0.002594849802,0.447,-0.4180932180693769,-0.0009211783022118383,0.07876163253910799,1.0027154424988949
1,0.002594849802,0.448,-0.41804119645138876,-0.0009181891343597162,0.07868881774060393,1.002694386474306
1,0.002594849802,0.449,-0.417989322636533,-0.0009159523367189482,0.07861674390463784,1.0026735089438568
1,0.002594849802,0.45,-0.417937554113949,-0.0009144666481869097,0.07854540260314949,1.0026528083752155
1,0.002594849802,0.451,-0.41788584840621035,-0.0009137307958686291,0.07847478541085628,1.0026322832423646
1,0.002594849802,0.452,-0.41783416315785404,-0.0009137434653679508,0.07840488391286614,1.0026119320414375
1,0.002594849802,0.453,-0.41778245604859315,-0.0009145033307391078,0.07833568969735484,1.0025917532747117
1,0.002594849802,0.454,-0.4177306848488557,-0.0009160090366268789,0.07826719436047481,1.0025717454600929
1,0.002594849802,0.455,-0.41767880742203306,-0.0009182591985660575,0.07819938950672976,1.002551907130897
1,0.002594849802,0.456,-0.4176267816682216,-0.000921252420745273,0.07813226674394587,1.0025322368264402
1,0.002594849802,0.457,-0.4175745656209977,-0.0009249872673858797,0.07806581769225743,1.0025127331070909
1,0.002594849802,0.458,-0.41752211735232087,-0.0009294622915760501,0.07800003397540044,1.0024933945390584
1,0.002594849802,0.459,-0.4174693950330311,-0.0009346760180452588,0.07793490722644644,1.0024742197034082
1,0.002594849802,0.46,-0.41741635693501955,-0.0009406269434262884,0.0778704290881626,1.002455207195862
1,0.002594849802,0.461,-0.41736296137003454,-0.0009473135533967338,0.07780659120716255,1.0024363556178457
1,0.002594849802,0.462,-0.41730916679441504,-0.00095473429500895,0.07774338524421143,1.0024176635908113
1,0.002594849802,0.463,-0.4172549317059791,-0.0009628876045458443,0.07768080286418896,1.0023991297417678
1,0.002594849802,0.464,-0.41720021470931395,-0.0009717718908488198,0.07761883574261591,1.0023807527118602
1,0.002594849802,0.465,-0.41714497451787685,-0.0009813855355454506,0.07755747556599964,1.0023625311561812
1,0.002594849802,0.466,-0.41708916988803174,-0.0009917269096485228,0.07749671402519706,1.0023444637352543
1,0.002594849802,0.467,-0.417032759731489,-0.0010027943467117671,0.07743654282698578,1.0023265491286661
1,0.002594849802,0.468,-0.4169757030044387,-0.001014586169834875,0.07737695368275012,1.0023087860212965
1,0.002594849802,0.46900000000000003,-0.4169179587774864,-0.001027100675470744,0.07731793831576772,1.0022911731114854
1,0.002594849802,0.47000000000000003,-0.41685948623769414,-0.0010403361336216302,0.07725948846154089,1.0022737091108587
1,0.002594849802,0.47100000000000003,-0.4168002446179906,-0.0010542908039689913,0.0772015958604038,1.0022563927362154
1,0.002594849802,0.47200000000000003,-0.4167401933171002,-0.0010689629097399775,0.07714425227030723,1.0022392227225179
1,0.002594849802,0.47300000000000003,-0.4166792917811442,-0.001084350663978729,0.07708744945428021,1.0022221978097712
1,0.002594849802,0.47400000000000003,-0.4166174995780977,-0.001100452253764796,0.0770311791884452,1.0022053167508116
1,0.002594849802,0.47500000000000003,-0.41655477639977834,-0.0011172658403803169,0.07697543326233511,1.0021885783111375
1,0.002594849802,0.47600000000000003,-0.4164910819867532,-0.0011347895750379688,0.07692020347077684,1.00217198126118
1,0.002594849802,0.47700000000000004,-0.4164263762555717,-0.0011530215733524722,0.07686548162783804,1.0021555243886893
1,0.002594849802,0.47800000000000004,-0.41636061917302647,-0.0011719599409857572,0.07681125955311603,1.0021392064862256
1,0.002594849802,0.47900000000000004,-0.4162937708350238,-0.00119160275821391,0.07675752908045048,1.0021230263585856
1,0.002594849802,0.48,-0.4162257914685289,-0.0012119480800676882,0.07670428205822681,1.0021069828226477
1,0.002594849802,0.481,-0.41615664135207364,-0.0012329939517204931,0.07665151034056662,1.0020910746999947
1,0.002594849802,0.482,-0.4160862809501355,-0.0012547383834675763,0.07659920580238667,1.002075300828737
1,0.002594849802,0.483,-0.4160146707802227,-0.001277179375844064,0.07654736032456547,1.0020596600515754
1,0.002594849802,0.484,-0.4159417714960666,-0.0013003149044827707,0.07649596580332327,1.0020441512228901
1,0.002594849802,0.485,-0.41586754388953096,-0.0013241429202301709,0.07644501415051233,1.0020287732085964
1,0.002594849802,0.486,-0.4157919488068083,-0.0013486613642513649,0.0763944972841443,1.0020135248791002
1,0.002594849802,0.487,-0.41571494728981534,-0.0013738681434274263,0.07634440714451309,1.0019984051205904
1,0.002594849802,0.488,-0.4156365004362368,-0.0013997611550373929,0.0762947356782879,1.001983412823641
1,0.002594849802,0.489,-0.41555656948696573,-0.0014263382718538683,0.07624547484853136,1.0019685468899806
1,0.002594849802,0.49,-0.41547511582798397,-0.001453597342236402,0.07619661663497754,1.0019538062323583
1,0.002594849802,0.491,-0.4153921009023192,-0.0014815362050059056,0.07614815302392461,1.0019391897678147
1,0.002594849802,0.492,-0.4153074863583501,-0.001510152665177685,0.07610007602537612,1.0019246964284707
1,0.002594849802,0.493,-0.4152212339029205,-0.0015394445182912782,0.07605237765610628,1.001910325150639
1,0.002594849802,0.494,-0.4151333053929679,-0.0015694095356949937,0.07600504995028941,1.001896074881295
1,0.002594849802,0.495,-0.41504366283738,-0.001600045464618506,0.07595808495976569,1.0018819445779483
1,0.002594849802,0.496,-0.41495226830477183,-0.0016313500428649923,0.07591147474332695,1.0018679332022116
1,0.002594849802,0.497,-0.41485908407861594,-0.00166332097480401,0.07586521138483229,1.0018540397301186
1,0.002594849802,0.498,-0.41476407250351605,-0.0016959559554263484,0.07581928697529018,1.00184026314171
1,0.002594849802,0.499,-0.41466719608097596,-0.0017292526557725837,0.07577369362407269,1.0018266024272267
1,0.002594849802,0.5,-0.4145684174712383,-0.0017632087229865804,0.07572842345917004,1.0018130565869845
1,0.002594849802,0.501,-0.41446769939692685,-0.0017978217948697245,0.07568346861589517,1.001799624625226
1,0.002594849802,0.502,-0.4143650048049386,-0.001833089476063976,0.0756388212559327,1.0017863055599912
1,0.002594849802,0.503,-0.4142602967059434,-0.0018690093619026476,0.07559447354847942,1.0017730984131543
1,0.002594849802,0.504,-0.41415353827425977,-0.0019055790239417372,0.07555041768201874,1.001760002216351
1,0.002594849802,0.505,-0.41404469284968043,-0.0019427960099959187,0.07550664586456511,1.0017470160108617
1,0.002594849802,0.506,-0.41393372383701293,-0.0019806578585956046,0.07546315031181107,1.0017341388417236
1,0.002594849802,0.507,-0.41382059487468875,-0.0020191620752963075,0.07541992326707161,1.0017213697671836
1,0.002594849802,0.508,-0.4137052696675383,-0.002058306156390378,0.07537695698152173,1.0017087078491607
1,0.002594849802,0.509,-0.41358771209074846,-0.0020980875745033496,0.07533424372650863,1.0016961521589194
1,0.002594849802,0.51,-0.41346788619168123,-0.0021385037786139137,0.07529177579378613,1.001683701776961
1,0.002594849802,0.511,-0.4133457560853335,-0.0021795522084511066,0.0752495454831275,1.0016713557873862
1,0.002594849802,0.512,-0.41322128612963654,-0.002221230270871596,0.0752075451231291,1.0016591132869472
1,0.002594849802,0.513,-0.41309444075153706,-0.002263535363491876,0.07516576705058149,1.0016469733759146
1,0.002594849802,0.514,-0.41296518455502335,-0.0023064648603151276,0.07512420362329794,1.0016349351635128
1,0.002594849802,0.515,-0.41283348232294,-0.0023500161117366142,0.07508284722034006,1.0016229977678162
1,0.002594849802,0.516,-0.4126992989083808,-0.0023941864589150127,0.07504169022911683,1.0016111603103475
1,0.002594849802,0.517,-0.41256259941666584,-0.0024389732101644805,0.07500072506701509,1.001599421924755
1,0.002594849802,0.518,-0.41242334902474337,-0.0024843736645615093,0.07495994415993726,1.001587781748059
1,0.002594849802,0.519,-0.4122815130932805,-0.0025303850975709617,0.07491933995562708,1.0015762389258611
1,0.002594849802,0.52,-0.41213705716847876,-0.002577004761038239,0.07487890492388699,1.0015647926122477
1,0.002594849802,0.521,-0.41198994686940177,-0.0026242298975656803,0.07483863154318275,1.0015534419646106
1,0.002594849802,0.522,-0.41184014807663333,-0.002672057716871251,0.07479851232307058,1.0015421861519676
1,0.002594849802,0.523,-0.4116876267450001,-0.0027204854194192284,0.07475853978193223,1.0015310243465685
1,0.002594849802,0.524,-0.4115323490197314,-0.00276951018201706,0.07471870646078024,1.0015199557288943
1,0.002594849802,0.525,-0.4113742812382784,-0.0028191291577956213,0.07467900492346785,1.001508979487561
1,0.002594849802,0.526,-0.41121338981357186,-0.002869339490618608,0.0746394277428165,1.001498094814356
1,0.002594849802,0.527,-0.4110496414293768,-0.002920138291364495,0.07459996752381273,1.0014873009122165
1,0.002594849802,0.528,-0.41088300284632245,-0.002971522661625389,0.07456061688056827,1.0014765969871826
1,0.002594849802,0.529,-0.4107134410221436,-0.00302348967924924,0.07452136845058872,1.0014659822531884
1,0.002594849802,0.53,-0.41054092311350626,-0.0030760363983094604,0.074482214894977,1.0014554559319737
1,0.002594849802,0.531,-0.4103654163551828,-0.0031291598635723623,0.07444314888409917,1.001445017248321
1,0.002594849802,0.532,-0.4101868882621298,-0.003182857086663679,0.07440416312152719,1.0014346654377115
1,0.002594849802,0.533,-0.4100053064288017,-0.003237125069875232,0.0743652503202484,1.0014243997386032
1,0.002594849802,0.534,-0.4098206386534903,-0.0032919607916298455,0.07432640321738393,1.0014142193970301
1,0.002594849802,0.535,-0.4096328529401621,-0.0033473612064415384,0.07428761457438599,1.0014041236665183
1,0.002594849802,0.536,-0.4094419173735292,-0.003403323259463285,0.07424887716225638,1.001394111803513
1,0.002594849802,0.537,-0.4092478003278895,-0.0034598438625038823,0.07421018378621341,1.0013841830747299
1,0.002594849802,0.538,-0.40905047025968666,-0.003516919917977567,0.07417152726117295,1.001374336749741
1,0.002594849802,0.539,-0.4088498958359751,-0.0035745483042716715,0.07413290042690382,1.001364572105391
1,0.002594849802,0.54,-0.4086460459362687,-0.0036327258756985834,0.07409429614822015,1.001354888425718
1,0.002594849802,0.541,-0.40843888952348384,-0.0036914494771434028,0.07405570729976427,1.0013452849975624
1,0.002594849802,0.542,-0.40822839585958776,-0.0037507159199013057,0.07401712679137962,1.0013357611176252
1,0.002594849802,0.543,-0.40801453429136053,-0.0038105220058008518,0.0739785475428822,1.0013263160853505
1,0.002594849802,0.544,-0.40779727438301466,-0.0038708645124570606,0.07393996249964252,1.0013169492071663
1,0.002594849802,0.545,-0.4075765859180581,-0.003931740193216298,0.07390136463277343,1.001307659796407
1,0.002594849802,0.546,-0.40735243876607874,-0.003993145791920778,0.07386274692348814,1.0012984471690989
1,0.002594849802,0.547,-0.4071248031052548,-0.004055078018540823,0.0738241023891631,1.0012893106507383
1,0.002594849802,0.548,-0.4068936492012664,-0.004117533573498334,0.07378542405741656,1.001280249569456
1,0.002594849802,0.549,-0.406658947544104,-0.004180509132790526,0.07374670498210752,1.0012712632600904
1,0.002594849802,0.55,-0.406420668849948,-0.004244001347928874,0.07370793824352011,1.0012623510641134
1,0.002594849802,0.551,-0.4061787839237586,-0.004308006860834851,0.07366911693230542,1.001253512325583
1,0.002594849802,0.552,-0.4059332638887106,-0.004372522279245637,0.07363023417622139,1.0012447463976535
1,0.002594849802,0.553,-0.40568407995819383,-0.004437544201260035,0.07359128311353177,1.0012360526360107
1,0.002594849802,0.554,-0.4054312035768489,-0.004503069200320638,0.07355225690941507,1.0012274304027828
1,0.002594849802,0.555,-0.40517460642246544,-0.004569093825147918,0.0735131487561458,1.0012188790664722
1,0.002594849802,0.556,-0.404914260264338,-0.004635614614779105,0.07347395185662763,1.0012103979980653
1,0.002594849802,0.557,-0.4046501371996919,-0.004702628073729931,0.07343465945179943,1.0012019865772874
1,0.002594849802,0.558,-0.4043822094187069,-0.004770130696781245,0.07339526479336603,1.001193644186296
1,0.002594849802,0.559,-0.4041104493498223,-0.004838118953809776,0.07335576116061096,1.0011853702134397
1,0.002594849802,0.56,-0.4038348296616541,-0.004906589289718455,0.07331614186057546,1.0011771640531906
1,0.002594849802,0.561,-0.40355532311707604,-0.004975538139627911,0.07327640021118839,1.0011690251024077
1,0.002594849802,0.562,-0.40327190281670666,-0.005044961903780761,0.07323652956933056,1.0011609527663476
1,0.002594849802,0.5630000000000001,-0.40298454195688665,-0.005114856972583216,0.0731965233029058,1.0011529464526039
1,0.002594849802,0.5640000000000001,-0.402693213979297,-0.005185219711277006,0.073156374808053,1.0011450055747193
1,0.002594849802,0.5650000000000001,-0.40239789257289565,-0.005256046459866989,0.0731160775093234,1.0011371295521208
1,0.002594849802,0.5660000000000001,-0.4020985515236799,-0.005327333548472338,0.07307562484241187,1.0011293178065297
1,0.002594849802,0.5670000000000001,-0.401795164965309,-0.005399077271963798,0.07303501028287332,1.0011215697677367
1,0.002594849802,0.5680000000000001,-0.4014877071299611,-0.005471273915270651,0.07299422731754066,1.0011138848677796
1,0.002594849802,0.5690000000000001,-0.40117615250231053,-0.005543919737888721,0.07295326946213272,1.0011062625444118
1,0.002594849802,0.5700000000000001,-0.40086047582148426,-0.005617010973806286,0.07291213026143085,1.0010987022410431
1,0.002594849802,0.5710000000000001,-0.40054065192645993,-0.005690543847019741,0.072870803271614,1.0010912034032875
1,0.002594849802,0.5720000000000001,-0.40021665601390044,-0.00576451454589795,0.0728292820896239,1.001083765484515
1,0.002594849802,0.5730000000000001,-0.3998884633818146,-0.005838919248761212,0.07278756032393374,1.0010763879402538
1,0.002594849802,0.5740000000000001,-0.3995560495879393,-0.005913754108222502,0.07274563161255054,1.0010690702315268
1,0.002594849802,0.5750000000000001,-0.39921939045171795,-0.005989015251112696,0.07270348962319104,1.0010618118247931
1,0.002594849802,0.5760000000000001,-0.3988784618952859,-0.006064698794163208,0.0726611280352228,1.0010546121886295
1,0.002594849802,0.577,-0.39853324020859465,-0.006140800818095257,0.07261854056967611,1.0010474707990673
1,0.002594849802,0.578,-0.398183701785799,-0.006217317393473796,0.07257572095936562,1.0010403871342128
1,0.002594849802,0.579,-0.3978298232880921,-0.006294244564881323,0.07253266296728642,1.001033360677453
1,0.002594849802,0.58,-0.3974715816457047,-0.006371578350843424,0.07248936038678983,1.001026390917399
1,0.002594849802,0.581,-0.3971089538944311,-0.0064493147596786865,0.07244580702313097,1.0010194773446985
1,0.002594849802,0.582,-0.3967419174481212,-0.006527449763314286,0.07240199672412746,1.0010126194571631
1,0.002594849802,0.583,-0.396370449827716,-0.006605979323414145,0.07235792334963442,1.0010058167545988
1,0.002594849802,0.584,-0.39599452882858227,-0.0066848993753869665,0.0723135807903345,1.000999068741887
1,0.002594849802,0.585,-0.39561413252253314,-0.006764205828312969,0.0722689629679141,1.0009923749289305
1,0.002594849802,0.586,-0.3952292390898472,-0.006843894580959252,0.07222406381621692,1.0009857348275888
1,0.002594849802,0.587,-0.39483982709920473,-0.006923961495326557,0.07217887731255108,1.0009791479566068
1,0.002594849802,0.588,-0.39444587522929525,-0.007004402423047546,0.07213339744651619,1.0009726138366475
1,0.002594849802,0.589,-0.3940473624406978,-0.007085213189232625,0.0720876182391887,1.0009661319932495
1,0.002594849802,0.59,-0.3936442679779225,-0.007166389592398852,0.07204153374329887,1.0009597019567793
1,0.002594849802,0.591,-0.39323657119687644,-0.007247927420646783,0.07199513802398881,1.0009533232594832
1,0.002594849802,0.592,-0.3928242518523193,-0.007329822424946692,0.07194842519077144,1.000946995440225
1,0.002594849802,0.593,-0.3924072898119671,-0.0074120703457993715,0.07190138936570645,1.000940718039711
1,0.002594849802,0.594,-0.3919856652329636,-0.007494666896925463,0.07185402470298335,1.0009344906033348
1,0.002594849802,0.595,-0.3915593585639416,-0.007577607765197391,0.07180632538909958,1.0009283126811284
1,0.002594849802,0.596,-0.39112835036789145,-0.007660888626971767,0.07175828562322056,1.0009221838249305
1,0.002594849802,0.597,-0.3906926216172078,-0.007744505121126571,0.07170989964979523,1.00091610359294
1,0.002594849802,0.598,-0.3902521534002166,-0.007828452875973623,0.07166116172607638,1.0009100715451253
1,0.002594849802,0.599,-0.389806927102281,-0.007912727492799074,0.07161206614210457,1.00090408724596
1,0.002594849802,0.6,-0.38935692440788194,-0.007997324545799241,0.07156260722088773,1.0008981502643737
1,0.002594849802,0.601,-0.3889021271188452,-0.00808223959856062,0.07151277929836,1.000892260171034
1,0.002594849802,0.602,-0.38844251745704883,-0.008167468176862749,0.0714625767566595,1.0008864165427183
1,0.002594849802,0.603,-0.3879780777633031,-0.008253005795828302,0.07141199399098788,1.0008806189579051
1,0.002594849802,0.604,-0.3875087906831332,-0.008338847943324276,0.07136102542999832,1.0008748669994019
1,0.002594849802,0.605,-0.3870346391688758,-0.008424990079902606,0.07130966553597723,1.0008691602542978
1,0.002594849802,0.606,-0.38655560629322655,-0.008511427655417911,0.07125790878439794,1.0008634983113507
1,0.002594849802,0.607,-0.38607167555966976,-0.008598156081613868,0.07120574969786762,1.00085788076519
1,0.002594849802,0.608,-0.3855828305936487,-0.00868517075949371,0.0711531828123191,1.0008523072120785
1,0.002594849802,0.609,-0.3850890553330606,-0.008772467062593598,0.07110020269780774,1.0008467772524385
1,0.002594849802,0.61,-0.38459033403037,-0.008860040336928767,0.07104680395869507,1.0008412904908057
1,0.002594849802,0.611,-0.3840866510614373,-0.008947885917737363,0.07099298121279313,1.0008358465333191
1,0.002594849802,0.612,-0.3835779912437307,-0.009035999101871054,0.07093872912598793,1.000830444991758
1,0.002594849802,0.613,-0.3830643395197262,-0.009124375175365823,0.07088404237775651,1.000825085479471
1,0.002594849802,0.614,-0.38254568115214993,-0.009213009396600679,0.07082891568237697,1.0008197676138018
1,0.002594849802,0.615,-0.3820220017261058,-0.00930189699625015,0.07077334378911442,1.0008144910160464
1,0.002594849802,0.616,-0.38149328695315216,-0.009391033194140749,0.07071732146095124,1.000809255309039
1,0.002594849802,0.617,-0.3809595229973478,-0.009480413171469432,0.07066084350989525,1.0008040601210333
1,0.002594849802,0.618,-0.3804206961508279,-0.009570032098551649,0.07060390476181364,1.000798905081789
1,0.002594849802,0.619,-0.3798767930338242,-0.009659885117880322,0.07054650007806168,1.0007937898249033
1,0.002594849802,0.62,-0.37932780059680554,-0.009749967344085456,0.07048862435567077,1.0007887139877691
1,0.002594849802,0.621,-0.3787737059197722,-0.00984027388088802,0.07043027250565968,1.000783677209257
1,0.002594849802,0.622,-0.3782144965461813,-0.00993079979317268,0.07037143948903588,1.0007786791334412
1,0.002594849802,0.623,-0.3776501601506518,-0.010021540134887232,0.07031212028093799,1.000773719405843
1,0.002594849802,0.624,-0.3770806847437893,-0.010112489932018494,0.07025230989268828,1.0007687976756683
1,0.002594849802,0.625,-0.37650605867433623,-0.010203644182559701,0.07019200337198304,1.0007639135957678
1,0.002594849802,0.626,-0.3759262704236595,-0.010294997873545023,0.07013119578077938,1.000759066820411
1,0.002594849802,0.627,-0.37534130894759177,-0.010386545953005541,0.07006988223199852,1.000754257008864
1,0.002594849802,0.628,-0.37475116333622777,-0.010478283357991664,0.07000805785296814,1.0007494838217814
1,0.002594849802,0.629,-0.37415582302357336,-0.010570204997484015,0.06994571780790376,1.0007447469233566
1,0.002594849802,0.63,-0.3735552777897039,-0.010662305752369343,0.06988285729810183,1.000740045981281
1,0.002594849802,0.631,-0.3729495175504245,-0.01075458049253729,0.06981947153939627,1.0007353806646084
1,0.002594849802,0.632,-0.3723385327070565,-0.010847024048751156,0.0697555557995729,1.0007307506471892
1,0.002594849802,0.633,-0.37172231379829374,-0.010939631240762224,0.0696911053611027,1.000726155604207
1,0.002594849802,0.634,-0.3711008517146922,-0.011032396860175382,0.06962611554405758,1.0007215952142416
1,0.002594849802,0.635,-0.3704741377008337,-0.011125315670434179,0.0695605817063056,1.0007170691592298
1,0.002594849802,0.636,-0.3698421631401444,-0.011218382423959958,0.06949449922053279,1.0007125771224175
1,0.002594849802,0.637,-0.3692049199126448,-0.011311591833971337,0.06942786351237665,1.0007081187916527
1,0.002594849802,0.638,-0.368562400038846,-0.011404938602657027,0.06936067002244187,1.0007036938560632
1,0.002594849802,0.639,-0.3679145958990884,-0.011498417404017268,0.06929291422965567,1.0006993020080366
1,0.002594849802,0.64,-0.3672615002357094,-0.011592022883858681,0.0692245916514653,1.0006949429431813
1,0.002594849802,0.641,-0.36660310593301,-0.011685749676954436,0.0691556978204195,1.0006906163583618
1,0.002594849802,0.642,-0.36593940638297895,-0.011779592378848697,0.06908622832302969,1.0006863219548587
1,0.002594849802,0.643,-0.36527039512121545,-0.011873545574052137,0.06901617876105968,1.0006820594351806
1,0.002594849802,0.644,-0.36459606605112344,-0.011967603818881706,0.06894554477532552,1.0006778285049631
1,0.002594849802,0.645,-0.3639164134460779,-0.012061761641465874,0.06887432204589508,1.0006736288729325
1,0.002594849802,0.646,-0.36323143172453803,-0.012156013558903132,0.06880250626822434,1.0006694602490194
1,0.002594849802,0.647,-0.36254111582374393,-0.012250354049089827,0.06873009319275394,1.000665322347391
1,0.002594849802,0.648,-0.36184546082766583,-0.012344777578900401,0.06865707858546513,1.0006612148833924
1,0.002594849802,0.649,-0.36114446219604907,-0.012439278587049296,0.06858345825212844,1.0006571375753681
1,0.002594849802,0.65,-0.36043811576657747,-0.012533851484107121,0.06850922803850541,1.0006530901446264
1,0.002594849802,0.651,-0.3597264175251368,-0.01262849066963355,0.06843438380603513,1.0006490723136319
1,0.002594849802,0.652,-0.3590093639874713,-0.012723190504068995,0.06835892147217298,1.0006450838089112
1,0.002594849802,0.653,-0.35828695181916903,-0.012817945336859529,0.0682828369702058,1.000641124358121
1,0.002594849802,0.654,-0.35755917806954873,-0.012912749489365934,0.06820612627395356,1.0006371936917937
1,0.002594849802,0.655,-0.35682604017381675,-0.013007597254891357,0.06812878539797271,1.0006332915433043
1,0.002594849802,0.656,-0.3560875357184909,-0.013102482915763375,0.06805081037278915,1.000629417647136
1,0.002594849802,0.657,-0.35534366283099345,-0.013197400715331955,0.06797219728598519,1.0006255717416668
1,0.002594849802,0.658,-0.35459441979169465,-0.013292344885997006,0.06789294224126768,1.0006217535663577
1,0.002594849802,0.659,-0.3538398052726232,-0.01338730963219079,0.06781304138362611,1.0006179628634275
1,0.002594849802,0.66,-0.35307981833961405,-0.013482289130417551,0.06773249089953717,1.000614199377819
1,0.002594849802,0.661,-0.35231445821291113,-0.013577277546258402,0.06765128699174114,1.0006104628555381
1,0.002594849802,0.662,-0.35154372466466005,-0.013672269006519827,0.06756942592108153,1.0006067530463234
1,0.002594849802,0.663,-0.35076761762304326,-0.013767257627119977,0.06748690396482124,1.0006030697009518
1,0.002594849802,0.664,-0.34998613741579004,-0.013862237496171726,0.06740371744225983,1.000599412572843
1,0.002594849802,0.665,-0.3491992847723118,-0.013957202674034762,0.06731986271493892,1.0005957814180277
1,0.002594849802,0.666,-0.3484070605795088,-0.014052147210215827,0.06723533616095928,1.000592175993555
1,0.002594849802,0.667,-0.3476094662871139,-0.01414706511571378,0.06715013421757679,1.0005885960600511
1,0.002594849802,0.668,-0.3468065035039657,-0.01424195039071897,0.06706425333876286,1.0005850413791373
1,0.002594849802,0.669,-0.3459981742462856,-0.014336797007825286,0.06697769002128248,1.0005815117149666
1,0.002594849802,0.67,-0.34518448093979687,-0.014431598912095113,0.06689044080490038,1.0005780068341938
1,0.002594849802,0.671,-0.34436542617076915,-0.014526350037826496,0.06680250224623684,1.0005745265044492
1,0.002594849802,0.672,-0.34354101309915075,-0.01462104428114236,0.066713870962122,1.0005710704967905
1,0.002594849802,0.673,-0.3427112450470395,-0.014715675527455683,0.0666245435863984,1.000567638583228
1,0.002594849802,0.674,-0.34187612575168624,-0.014810237634839789,0.06653451679646051,1.000564230538197
1,0.002594849802,0.675,-0.3410356593675939,-0.014904724434106642,0.06644378731346104,1.00056084613853
1,0.002594849802,0.676,-0.3401898502128412,-0.014999129745411474,0.06635235187570518,1.0005574851619927
1,0.002594849802,0.677,-0.3393387031899286,-0.015093447351135294,0.06626020728276319,1.0005541473896336
1,0.002594849802,0.678,-0.33848222336651856,-0.015187671023067024,0.0661673503515143,1.0005508326034136
1,0.002594849802,0.679,-0.3376204162331176,-0.01528179450596227,0.06607377794314796,1.0005475405876159
1,0.002594849802,0.68,-0.3367532877051507,-0.015375811517635278,0.06597948696336942,1.0005442711288184
1,0.002594849802,0.681,-0.33588084386461553,-0.015469715765370748,0.06588447433533288,1.0005410240144934
1,0.002594849802,0.682,-0.3350030913885504,-0.015563500919150146,0.06578873704451056,1.0005377990352557
1,0.002594849802,0.683,-0.334120037122133,-0.01565716063850059,0.06569227209397968,1.0005345959825944
1,0.002594849802,0.684,-0.33323168834098155,-0.015750688556273068,0.06559507653188333,1.0005314146502204
1,0.002594849802,0.685,-0.33233805275320166,-0.015844078278748442,0.06549714745163521,1.0005282548340426
1,0.002594849802,0.686,-0.3314391382364296,-0.01593732340182531,0.06539848196439321,1.0005251163308253
1,0.002594849802,0.687,-0.3305349532738183,-0.01603041748464195,0.0652990772446811,1.0005219989403404
1,0.002594849802,0.6880000000000001,-0.32962550651959466,-0.016123354076040364,0.06519893048492191,1.0005189024631966
1,0.002594849802,0.6890000000000001,-0.32871080706591516,-0.016216126698595765,0.06509803892335575,1.0005158267021306
1,0.002594849802,0.6900000000000001,-0.32779086444487987,-0.01630872884873695,0.0649963998442431,1.0005127714619801
1,0.002594849802,0.6910000000000001,-0.3268656883610329,-0.0164011540126783,0.06489401054988167,1.0005097365484028
1,0.002594849802,0.6920000000000001,-0.32593528913474684,-0.016493395640490377,0.06479086840697461,1.0005067217699342
1,0.002594849802,0.6930000000000001,-0.32499967726035595,-0.016585447172126382,0.06468697080041598,1.0005037269359098
1,0.002594849802,0.6940000000000001,-0.32405886367748893,-0.01667730202173535,0.06458231516166132,1.0005007518577012
1,0.002594849802,0.6950000000000001,-0.3231128597730475,-0.016768953577797216,0.06447689896892864,1.0004977963486912
1,0.002594849802,0.6960000000000001,-0.3221616771092401,-0.016860395218766387,0.06437071971876322,1.0004948602230452
1,0.002594849802,0.6970000000000001,-0.32120532787423056,-0.016951620287645065,0.0642637749731436,1.0004919432976827
1,0.002594849802,0.6980000000000001,-0.3202438244329784,-0.017042622117518256,0.06415606231252716,1.0004890453902886
1,0.002594849802,0.6990000000000001,-0.3192771796029643,-0.01713339401618379,0.06404757936466782,1.0004861663204938
1,0.002594849802,0.7000000000000001,-0.3183054066561281,-0.01722392926630236,0.06393832380481382,1.0004833059098541
1,0.002594849802,0.7010000000000001,-0.317328519042523,-0.017314221140719455,0.06382829332682673,1.0004804639806737
1,0.002594849802,0.7020000000000001,-0.3163465308480781,-0.017404262877596516,0.06371748569101345,1.0004776403578897
1,0.002594849802,0.7030000000000001,-0.3153594563382923,-0.017494047705399533,0.06360589867644323,1.000474834867172
1,0.002594849802,0.704,-0.31436731023825853,-0.017583568827879672,0.06349353011020453,1.0004720473360507
1,0.002594849802,0.705,-0.31337010773455654,-0.017672819424238585,0.06338037786759901,1.0004692775938964
1,0.002594849802,0.706,-0.3123678641946236,-0.017761792664094757,0.06326643984282254,1.000466525470795
1,0.002594849802,0.707,-0.3113605956314652,-0.017850481683228597,0.06315171399750887,1.0004637907993503
1,0.002594849802,0.708,-0.310348318240365,-0.017938879607968795,0.06303619831233163,1.0004610734128658
1,0.002594849802,0.709,-0.3093310486831034,-0.01802697954055784,0.06291989081669132,1.000458373146424
1,0.002594849802,0.71,-0.30830880408980166,-0.018114774559332664,0.06280278958890444,1.0004556898368653
1,0.002594849802,0.711,-0.3072816017741137,-0.01820225773330129,0.06268489272645614,1.0004530233217155
1,0.002594849802,0.712,-0.30624945970470346,-0.018289422098558564,0.06256619839523814,1.0004503734409058
1,0.002594849802,0.713,-0.3052123960351492,-0.018376260682013607,0.06244670478045261,1.0004477400350358
1,0.002594849802,0.714,-0.30417042939224326,-0.01846276648717498,0.06232641011671774,1.0004451229464058
1,0.002594849802,0.715,-0.3031235788777823,-0.018548932494346883,0.06220531268825141,1.0004425220189963
1,0.002594849802,0.716,-0.30207186377969564,-0.018634751674781274,0.062083410798706926,1.0004399370974417
1,0.002594849802,0.717,-0.3010153040500918,-0.01872021696782177,0.061960702821084325,1.000437368028675
1,0.002594849802,0.718,-0.2999539198285515,-0.018805321303914865,0.061837187147956295,1.0004348146602682
1,0.002594849802,0.719,-0.29888773173438404,-0.01889005759084981,0.06171286222197901,1.0004322768414178
1,0.002594849802,0.72,-0.2978167608683608,-0.018974418713970615,0.061587726536069407,1.000429754422925
1,0.002594849802,0.721,-0.2967410285199041,-0.01905839754986838,0.06146177860283752,1.0004272472562163
1,0.002594849802,0.722,-0.2956605566514889,-0.019141986944311594,0.061335017005147006,1.0004247551949137
1,0.002594849802,0.723,-0.2945753674155353,-0.019225179734482997,0.0612074403456866,1.000422278093249
1,0.002594849802,0.724,-0.2934854834504886,-0.019307968735709752,0.061079047277870745,1.0004198158070057
1,0.002594849802,0.725,-0.29239092788249027,-0.01939034674169142,0.06094983650600932,1.0004173681935005
1,0.002594849802,0.726,-0.29129172402876335,-0.019472306537696868,0.06081980675435261,1.0004149351106464
1,0.002594849802,0.727,-0.2901878958881384,-0.019553840879339736,0.06068895681827293,1.0004125164184536
1,0.002594849802,0.728,-0.28907946765177295,-0.01963494251398233,0.060557285513208825,1.000410111977514
1,0.002594849802,0.729,-0.2879664640029106,-0.019715604167991917,0.06042479170593773,1.0004077216499019
1,0.002594849802,0.73,-0.2868489101184863,-0.019795818546984804,0.060291474314737026,1.0004053452991544
1,0.002594849802,0.731,-0.28572683136885263,-0.019875578348491952,0.060157332278059916,1.0004029827893783
1,0.002594849802,0.732,-0.28460025381418264,-0.019954876241638796,0.06002236460630602,1.0004006339866827
1,0.002594849802,0.733,-0.28346920370926,-0.020033704887657076,0.05988657033016963,1.0003982987577316
1,0.002594849802,0.734,-0.2823337078067645,-0.02011205692770337,0.05974994853226396,1.0003959769706052
1,0.002594849802,0.735,-0.2811937933588051,-0.020189924983119396,0.05961249834727258,1.000393668494778
1,0.002594849802,0.736,-0.2800494878131439,-0.020267301667530133,0.05947421893027668,1.0003913732002707
1,0.002594849802,0.737,-0.2789008193152114,-0.02034417956748771,0.0593351095090786,1.0003890909590123
1,0.002594849802,0.738,-0.2777478162072276,-0.020420551262031506,0.059195169331989324,1.0003868216434644
1,0.002594849802,0.739,-0.27659050733485024,-0.020496409311105395,0.05905439769978158,1.0003845651274363
1,0.002594849802,0.74,-0.2754289220486308,-0.020571746255834286,0.05891279396583035,1.0003823212860719
1,0.002594849802,0.741,-0.27426308989690174,-0.020646554630018424,0.05877035750411481,1.0003800899950326
1,0.002594849802,0.742,-0.2730930411331231,-0.02072082694180125,0.05862708776205425,1.0003778711318043
1,0.002594849802,0.743,-0.27191880620961284,-0.02079455569221792,0.058482984207774466,1.0003756645743773
1,0.002594849802,0.744,-0.2707404160873815,-0.020867733364247784,0.058338046362364095,1.0003734702020308
1,0.002594849802,0.745,-0.2695579022375088,-0.020940352423107288,0.05819227380000291,1.0003712878953153
1,0.002594849802,0.746,-0.26837129633086887,-0.02101240532710381,0.05804566611566453,1.000369117535276
1,0.002594849802,0.747,-0.26718063075050974,-0.021083884510387785,0.05789822297841949,1.000366959004698
1,0.002594849802,0.748,-0.2659859380802885,-0.02115478240042945,0.05774994407822476,1.0003648121868474
1,0.002594849802,0.749,-0.26478725141770704,-0.021225091407743223,0.0576008291584548,1.0003626769662208
1,0.002594849802,0.75,-0.2635846043752046,-0.021294803926197092,0.05745087801601645,1.000360553228526
1,0.002594849802,0.751,-0.262378030766907,-0.02136391234318921,0.05730009046878121,1.0003584408599437
1,0.002594849802,0.752,-0.2611675651257249,-0.021432409023544766,0.057148466409305446,1.0003563397483126
1,0.002594849802,0.753,-0.2599532421872038,-0.021500286325860526,0.056996005751192014,1.0003542497819322
1,0.002594849802,0.754,-0.25873509720516746,-0.021567536592937964,0.056842708461864636,1.000352170850273
1,0.002594849802,0.755,-0.2575131659529201,-0.021634152152109166,0.05668857456266808,1.000350102843962
1,0.002594849802,0.756,-0.2562874844072176,-0.02170012532469934,0.05653360409606167,1.0003480456540772
1,0.002594849802,0.757,-0.2550580892697514,-0.021765448411129085,0.056377797179701754,1.0003459991732766
1,0.002594849802,0.758,-0.25382501744654246,-0.021830113706066058,0.056221153952429354,1.0003439632946587
1,0.002594849802,0.759,-0.25258830636618684,-0.021894113489603892,0.05606367460725338,1.000341937912437
1,0.002594849802,0.76,-0.2513479939809623,-0.021957440027604566,0.05590535939143445,1.000339922921929
1,0.002594849802,0.761,-0.25010411844822933,-0.022020085580409913,0.05574620857347493,1.000337918218881
1,0.002594849802,0.762,-0.24885671865595058,-0.022082042389210067,0.05558622249750312,1.0003359237005465
1,0.002594849802,0.763,-0.2476058336979757,-0.022143302689941483,0.0554254015289462,1.0003339392645982
1,0.002594849802,0.764,-0.24635150319467128,-0.022203858705248655,0.0552637460876844,1.0003319648097722
1,0.002594849802,0.765,-0.24509376729392895,-0.022263702644842995,0.05510125664811715,1.0003300002358566
1,0.002594849802,0.766,-0.2438326663502128,-0.0223228267134263,0.05493793370598775,1.0003280454430483
1,0.002594849802,0.767,-0.24256824145374806,-0.02238122309838623,0.054773777833003384,1.0003261003329802
1,0.002594849802,0.768,-0.24130053390205936,-0.022438883982379865,0.05460878962225822,1.0003241648076855
1,0.002594849802,0.769,-0.24002958552275966,-0.022495801536115252,0.054442969721517236,1.0003222387702113
1,0.002594849802,0.77,-0.2387554386744539,-0.022551967918726816,0.05427631883326297,1.0003203221246058
1,0.002594849802,0.771,-0.23747813592366146,-0.02260737528487373,0.054108837681396786,1.0003184147753077
1,0.002594849802,0.772,-0.23619772057729024,-0.022662015773823332,0.05394052706602293,1.0003165166281254
1,0.002594849802,0.773,-0.23491423615080875,-0.0227158815206593,0.0537713878086922,1.0003146275892456
1,0.002594849802,0.774,-0.23362772669295634,-0.022768964649920127,0.05360142078577061,1.0003127475658244
1,0.002594849802,0.775,-0.23233823678653853,-0.02282125727599107,0.053430626928465216,1.00031087646597
1,0.002594849802,0.776,-0.23104581122346265,-0.02287275150934034,0.0532590071894472,1.0003090141981634
1,0.002594849802,0.777,-0.22975049554009613,-0.022923439447051348,0.053086562597722146,1.0003071606721898
1,0.002594849802,0.778,-0.22845233548247026,-0.02297331318259467,0.05291329420377094,1.0003053157981974
1,0.002594849802,0.779,-0.22715137733266405,-0.02302236480036042,0.0527392031129546,1.0003034794872538
1,0.002594849802,0.78,-0.22584766790948632,-0.023070586376066817,0.052564290485517376,1.000301651651338
1,0.002594849802,0.781,-0.22454125424187396,-0.023117969982097072,0.052388557503180944,1.0002998322027818
1,0.002594849802,0.782,-0.22323218410671586,-0.023164507679541434,0.05221200542401661,1.0002980210551604
1,0.002594849802,0.783,-0.22192050549150316,-0.02321019152647194,0.05203463552756638,1.0002962181223938
1,0.002594849802,0.784,-0.22060626692212865,-0.023255013573405862,0.05185644914823132,1.0002944233192796
1,0.002594849802,0.785,-0.21928951746345113,-0.023298965863730838,0.05167744767525013,1.0002926365614828
1,0.002594849802,0.786,-0.21797030639131557,-0.02334204043810535,0.05149763251931769,1.0002908577650043
1,0.002594849802,0.787,-0.21664868373240734,-0.023384229328071545,0.0513170051673682,1.0002890868470298
1,0.002594849802,0.788,-0.21532469972478063,-0.023425524562771815,0.051135567127765943,1.0002873237250738
1,0.002594849802,0.789,-0.21399840514680538,-0.02346591816538041,0.050953319963620514,1.0002855683174867
1,0.002594849802,0.79,-0.21266985131760868,-0.023505402153545116,0.05077026529273897,1.0002838205434448
1,0.002594849802,0.791,-0.21133908976798726,-0.02354396854281428,0.05058640475432598,1.000282080322445
1,0.002594849802,0.792,-0.21000617278183892,-0.0235816093418813,0.05040174006358013,1.0002803475751125
1,0.002594849802,0.793,-0.20867115285501883,-0.02361831655768209,0.05021627295705067,1.0002786222223863
1,0.002594849802,0.794,-0.20733408302515427,-0.023654082192831966,0.05003000522581868,1.000276904186001
1,0.002594849802,0.795,-0.20599501687195898,-0.023688898246083882,0.049842938715420906,1.0002751933884784
1,0.002594849802,0.796,-0.20465400818731824,-0.02372275671474492,0.04965507529269301,1.0002734897526462
1,0.002594849802,0.797,-0.20331111151782746,-0.02375564959161331,0.04946641690007392,1.000271793202406
1,0.002594849802,0.798,-0.201966381622443,-0.023787568868395968,0.04927696550123228,1.000270103661959
1,0.002594849802,0.799,-0.200619873802875,-0.023818506534187676,0.049086723114047985,1.0002684210562647
1,0.002594849802,0.8,-0.19927164390377014,-0.02384845457594587,0.048895691810505626,1.000266745311032
1,0.002594849802,0.801,-0.19792174798226028,-0.023877404979859514,0.048703873683747075,1.0002650763522614
1,0.002594849802,0.802,-0.196570242851121,-0.023905349730039663,0.04851127090197111,1.0002634141069764
1,0.002594849802,0.803,-0.19521718553570036,-0.023932280810196025,0.048317885654440666,1.0002617585024864
1,0.002594849802,0.804,-0.1938626336045903,-0.023958190203195628,0.04812372018419467,1.0002601094668238
1,0.002594849802,0.805,-0.19250664516967272,-0.023983069891554142,0.04792877678790885,1.0002584669287329
1,0.002594849802,0.806,-0.1911492785554334,-0.024006911857720054,0.047733057783228575,1.0002568308172382
1,0.002594849802,0.807,-0.18979059284223573,-0.024029708084579705,0.04753656556214313,1.0002552010623385
1,0.002594849802,0.808,-0.1884306473230288,-0.024051450555331998,0.04733930253749273,1.000253577594304
1,0.002594849802,0.809,-0.18706950183398646,-0.024072131254163576,0.04714127117533554,1.0002519603440945
1,0.002594849802,0.81,-0.18570721675441215,-0.024091742166756833,0.046942473994773797,1.000250349243349
1,0.002594849802,0.811,-0.18434385267613013,-0.02411027527945211,0.046742913535642465,1.0002487442239725
1,0.002594849802,0.812,-0.1829794709463527,-0.024127722581628444,0.046542592411229454,1.0002471452187993
1,0.002594849802,0.8130000000000001,-0.1816141331246856,-0.024144076063715193,0.046341513255409424,1.0002455521609217
1,0.002594849802,0.8140000000000001,-0.18024790131341403,-0.024159327719021108,0.04613967875458597,1.0002439649840902
1,0.002594849802,0.8150000000000001,-0.17888083815726108,-0.02417346954425893,0.04593709164748065,1.0002423836227026
1,0.002594849802,0.8160000000000001,-0.17751300651317936,-0.024186493537548474,0.045733754693258424,1.0002408080114094
1,0.002594849802,0.8170000000000001,-0.17614446999227212,-0.02419839170273431,0.04552967072345629,1.0002392380857477
1,0.002594849802,0.8180000000000001,-0.17477529241763184,-0.0242091560454731,0.045324842589879524,1.0002376737815015
1,0.002594849802,0.8190000000000001,-0.17340553815394127,-0.02421877857625386,0.045119273196033725,1.0002361150350805
1,0.002594849802,0.8200000000000001,-0.17203527210708114,-0.024227251310939293,0.0449129654968743,1.000234561783513
1,0.002594849802,0.8210000000000001,-0.17066455939465502,-0.024234566267572293,0.044705922467454716,1.0002330139640683
1,0.002594849802,0.8220000000000001,-0.16929346588640795,-0.02424071547269214,0.04449814715391747,1.000231471514861
1,0.002594849802,0.8230000000000001,-0.16792205766345103,-0.02424569095543609,0.04428964262229712,1.000229934374241
1,0.002594849802,0.8240000000000001,-0.16655040134683544,-0.02424948475178833,0.0440804119893512,1.0002284024811554
1,0.002594849802,0.8250000000000001,-0.16517856409700457,-0.02425208890513808,0.04387045842226785,1.0002268757751416
1,0.002594849802,0.8260000000000001,-0.16380661328539592,-0.024253495461852077,0.04365978510792845,1.0002253541959667
1,0.002594849802,0.8270000000000001,-0.162434617032783,-0.024253696479651064,0.043448395302805434,1.0002238376842048
1,0.002594849802,0.8280000000000001,-0.16106264367045686,-0.024252684019663892,0.04323629228282559,1.0002223261806535
1,0.002594849802,0.8290000000000001,-0.15969076206741953,-0.024250450151942864,0.04302347937350352,1.0002208196266824
1,0.002594849802,0.8300000000000001,-0.15831904162967653,-0.02424698695603878,0.04280995994960464,1.0002193179642225
1,0.002594849802,0.8310000000000001,-0.15694755197326934,-0.024242286515301584,0.042595737405119634,1.0002178211354253
1,0.002594849802,0.8320000000000001,-0.15557636345995005,-0.024236340927379477,0.042380815201904024,1.000216329083212
1,0.002594849802,0.833,-0.15420554666090672,-0.0242291422941633,0.04216519682076484,1.0002148417507193
1,0.002594849802,0.834,-0.15283517268221333,-0.024220682728606332,0.041948885790794095,1.0002133590816276
1,0.002594849802,0.835,-0.15146531316395748,-0.024210954355316415,0.04173188568898466,1.0002118810201548
1,0.002594849802,0.836,-0.15009603995506915,-0.024199949303546645,0.041514200111019646,1.00021040751073
1,0.002594849802,0.837,-0.14872742564571795,-0.02418765971988007,0.04129583271847886,1.0002089384985173
1,0.002594849802,0.838,-0.14735954303418852,-0.024174077756001538,0.04107678719132167,1.0002074739288864
1,0.002594849802,0.839,-0.14599246545021294,-0.024159195576860384,0.04085706725631215,1.0002060137477269
1,0.002594849802,0.84,-0.14462626675392773,-0.02414300536127982,0.040636676686584765,1.0002045579014436
1,0.002594849802,0.841,-0.1432610210128754,-0.02412549929359922,0.04041561927335834,1.0002031063366412
1,0.002594849802,0.842,-0.14189680303049748,-0.024106669578607954,0.0401938988715241,1.0002016590006284
1,0.002594849802,0.843,-0.14053368781678288,-0.024086508427081314,0.0399715193537078,1.0002002158409111
1,0.002594849802,0.844,-0.13917175090909736,-0.02406500806532495,0.0397484846376717,1.0001987768054919
1,0.002594849802,0.845,-0.13781106837096554,-0.024042160735801742,0.039524798685827305,1.0001973418428665
1,0.002594849802,0.846,-0.13645171647163187,-0.024017958687386754,0.03930046547798953,1.0001959109017229
1,0.002594849802,0.847,-0.13509377221000363,-0.0239923941926147,0.039075489055150646,1.0001944839314223
1,0.002594849802,0.848,-0.13373731278971468,-0.023965459530915608,0.03884987347531522,1.0001930608815146
1,0.002594849802,0.849,-0.1323824159370548,-0.023937146999580515,0.03862362283975749,1.000191641702027
1,0.002594849802,0.85,-0.13102915989957223,-0.023907448914406073,0.03839674129247851,1.0001902263434574
1,0.002594849802,0.851,-0.12967762312859163,-0.023876357598522635,0.03816923299412244,1.0001888147564888
1,0.002594849802,0.852,-0.12832788479794394,-0.023843865402020915,0.03794110216373001,1.0001874068924503
1,0.002594849802,0.853,-0.1269800242841047,-0.023809964682822083,0.03771235303655039,1.0001860027028513
1,0.002594849802,0.854,-0.12563412148081624,-0.023774647819104818,0.037482989889026326,1.0001846021396579
1,0.002594849802,0.855,-0.12429025679750526,-0.02373790720996809,0.03725301703819233,1.0001832051552904
1,0.002594849802,0.856,-0.1229485108451671,-0.023699735262791996,0.03702243881688227,1.0001818117023449
1,0.002594849802,0.857,-0.12160896494920032,-0.023660124415310558,0.036791259613244455,1.0001804217340389
1,0.002594849802,0.858,-0.1202717006352978,-0.023619067114049628,0.03655948383074597,1.0001790352037623
1,0.002594849802,0.859,-0.11893679994034276,-0.023576555828256317,0.036327115911750696,1.0001776520653447
1,0.002594849802,0.86,-0.11760434541063616,-0.023532583050580303,0.036094160336855544,1.0001762722730518
1,0.002594849802,0.861,-0.11627441979156836,-0.023487141282926383,0.035860621601524985,1.0001748957813181
1,0.002594849802,0.862,-0.11494710653385633,-0.02344022306104172,0.03562650425313881,1.0001735225451758
1,0.002594849802,0.863,-0.11362248928588557,-0.023391820930453534,0.03539181285341552,1.0001721525198235
1,0.002594849802,0.864,-0.11230065220044896,-0.02334192746194289,0.03515655200044157,1.0001707856608826
1,0.002594849802,0.865,-0.1109816799327786,-0.023290535252244966,0.03492072632794246,1.000169421924395
1,0.002594849802,0.866,-0.1096656573344373,-0.023237636908351223,0.03468434048348697,1.0001680612665649
1,0.002594849802,0.867,-0.10835266995223762,-0.023183225074681263,0.03444739916282687,1.000166703644172
1,0.002594849802,0.868,-0.10704280352775157,-0.02312729240645056,0.03420990707497772,1.0001653490141575
1,0.002594849802,0.869,-0.10573614429944901,-0.023069831586731634,0.03397186896255039,1.0001639973338698
1,0.002594849802,0.87,-0.10443277900052902,-0.023010835327173886,0.033733289600953925,1.0001626485610633
1,0.002594849802,0.871,-0.10313279455747558,-0.0229502963507121,0.03349417377831928,1.0001613026536487
1,0.002594849802,0.872,-0.10183627858091725,-0.022888207421395107,0.03325452632687853,1.0001599595700934
1,0.002594849802,0.873,-0.10054331887304152,-0.022824561315111815,0.03301435209095306,1.00015861926902
1,0.002594849802,0.874,-0.09925400372467791,-0.02275935083828414,0.032773655945431385,1.0001572817094455
1,0.002594849802,0.875,-0.09796842191292278,-0.02269256882860708,0.03253244279490057,1.0001559468507786
1,0.002594849802,0.876,-0.0966866624048165,-0.0226242081361189,0.03229071755544648,1.000154614652581
1,0.002594849802,0.877,-0.0954088148393819,-0.022554261655761184,0.032048485182808145,1.0001532850749517
1,0.002594849802,0.878,-0.09413496904370063,-0.022482722295389092,0.03180575064353526,1.0001519580781417
1,0.002594849802,0.879,-0.0928652153244731,-0.022409582996141986,0.03156251893144903,1.0001506336227832
1,0.002594849802,0.88,-0.09159964446543102,-0.022334836733204383,0.03131879506669884,1.0001493116698883
1,0.002594849802,0.881,-0.09033834743660576,-0.022258476495191803,0.031074584079603368,1.000147992180618
1,0.002594849802,0.882,-0.08908141586676213,-0.022180495319519315,0.030829891035303883,1.0001466751166557
1,0.002594849802,0.883,-0.08782894156891588,-0.022100886257619478,0.030584721008364756,1.0001453604398305
1,0.002594849802,0.884,-0.08658101682588905,-0.02201964239703817,0.030339079097046855,1.0001440481123443
1,0.002594849802,0.885,-0.08533773438750435,-0.02193675686221725,0.030092970422286258,1.0001427380967673
1,0.002594849802,0.886,-0.08409918718592779,-0.021852222792148223,0.029846400113747777,1.0001414303558152
1,0.002594849802,0.887,-0.0828654687976922,-0.021766033378629535,0.029599373330688957,1.0001401248527118
1,0.002594849802,0.888,-0.08163667297945672,-0.021678181828612544,0.029351895240289368,1.0001388215508236
1,0.002594849802,0.889,-0.08041289394706287,-0.021588661388072118,0.029103971029558827,1.0001375204138807
1,0.002594849802,0.89,-0.07919422637250424,-0.021497465342811852,0.0288556059042349,1.0001362214059724
1,0.002594849802,0.891,-0.07798076510584048,-0.021404586994335794,0.028606805077227626,1.0001349244913293
1,0.002594849802,0.892,-0.07677260562598169,-0.021310019701078025,0.028357573785394254,1.0001336296346803
1,0.002594849802,0.893,-0.07556984358751402,-0.021213756837793928,0.02810791727189494,1.000132336800893
1,0.002594849802,0.894,-0.07437257509274692,-0.021115791821256977,0.027857840795550804,1.000131045955189
1,0.002594849802,0.895,-0.07318089668845193,-0.021016118111087605,0.027607349629657114,1.000129757063145
1,0.002594849802,0.896,-0.07199490509485917,-0.020914729183791076,0.02735644905300512,1.0001284700904745
1,0.002594849802,0.897,-0.07081469764434972,-0.020811618577046633,0.02710514436225607,1.0001271850033788
1,0.002594849802,0.898,-0.06964037184019503,-0.020706779846057507,0.026853440858632362,1.0001259017681963
1,0.002594849802,0.899,-0.0684720256210716,-0.02060020659112794,0.026601343854533662,1.0001246203516145
1,0.002594849802,0.9,-0.06730975735756159,-0.020491892458516674,0.026348858672262738,1.000123340720667
1,0.002594849802,0.901,-0.0661536655887585,-0.020381831112586804,0.02609599063781717,1.000122062842524
1,0.002594849802,0.902,-0.0650038494479891,-0.020270016283245745,0.02584274508854004,1.0001207866848354
1,0.002594849802,0.903,-0.06386040823433975,-0.020156441719163636,0.025589127364466883,1.000119512215386
1,0.002594849802,0.904,-0.0627234416690984,-0.02004110121728691,0.025335142812001395,1.000118239402305
1,0.002594849802,0.905,-0.06159304989201049,-0.019923988623717706,0.025080796782550967,1.000116968214063
1,0.002594849802,0.906,-0.060469333206035224,-0.019805097803918852,0.024826094629287736,1.0001156986192652
1,0.002594849802,0.907,-0.059352392489192725,-0.019684422693400365,0.024571041709742725,1.0001144305869922
1,0.002594849802,0.908,-0.058242328779776226,-0.0195619572477115,0.024315643382139672,1.0001131640864571
1,0.002594849802,0.909,-0.0571392435241656,-0.019437695473950058,0.024059905005925482,1.0001118990872129
1,0.002594849802,0.91,-0.0560432385728305,-0.01931163143166901,0.02380383194031277,1.000110635559153
1,0.002594849802,0.911,-0.05495441593379619,-0.019183759201076976,0.02354742954421592,1.0001093734723028
1,0.002594849802,0.912,-0.0538728781696834,-0.019054072937071877,0.023290703173445615,1.0001081127971603
1,0.002594849802,0.913,-0.05279872799753279,-0.018922566815907,0.023033658182370638,1.0001068535043538
1,0.002594849802,0.914,-0.051732068527416845,-0.01878923506875834,0.022776299921092393,1.0001055955648517
1,0.002594849802,0.915,-0.050673003258182546,-0.018654071982659785,0.02251863373389199,1.0001043389499593
1,0.002594849802,0.916,-0.04962163584020229,-0.018517071866636436,0.022260664962552783,1.0001030836311142
1,0.002594849802,0.917,-0.04857807045664495,-0.018378229109191156,0.02200239893780321,1.0001018295802235
1,0.002594849802,0.918,-0.047542411438868115,-0.018237538121539987,0.02174384098665687,1.0001005767693272
1,0.002594849802,0.919,-0.04651476349523696,-0.018094993373303,0.02148499642601517,1.000099325170802
1,0.002594849802,0.92,-0.04549523170659823,-0.01795058939346947,0.02122587056101682,1.0000980747573625
1,0.002594849802,0.921,-0.0444839212989101,-0.017804320734398207,0.02096646869196346,1.0000968255018554
1,0.002594849802,0.922,-0.04348093800775231,-0.017656182032868124,0.020706796099650832,1.0000955773775984
1,0.002594849802,0.923,-0.0424863877102719,-0.017506167949773086,0.020446858058745673,1.0000943303580399
1,0.002594849802,0.924,-0.04150037664359877,-0.017354273208004943,0.020186659827595918,1.0000930844169682
1,0.002594849802,0.925,-0.04052301140004224,-0.017200492593450398,0.019926206646480857,1.0000918395285097
1,0.002594849802,0.926,-0.03955439871021304,-0.017044820916788897,0.01966550374836085,1.0000905956669237
1,0.002594849802,0.927,-0.03859464578974786,-0.01688725307822438,0.019404556337730562,1.000089352806942
1,0.002594849802,0.928,-0.0376438599888263,-0.016727784003523597,0.019143369610397653,1.0000881109234296
1,0.002594849802,0.929,-0.03670214899955299,-0.016566408684163866,0.018881948739276688,1.0000868699915921
1,0.002594849802,0.93,-0.0357696208508675,-0.016403122178363226,0.018620298872538455,1.0000856299869771
1,0.002594849802,0.931,-0.034846383702791535,-0.016237919570602947,0.018358425148408346,1.0000843908852655
1,0.002594849802,0.932,-0.033932546174309595,-0.016070796040163524,0.01809633266717048,1.000083152662615
1,0.002594849802,0.933,-0.033028217011508335,-0.015901746793384682,0.017834026517718517,1.0000819152953184
1,0.002594849802,0.934,-0.03213350528327406,-0.015730767106153995,0.017571511759106654,1.000080678760013
1,0.002594849802,0.935,-0.03124852037590633,-0.015557852324972,0.017308793418597396,1.0000794430336808
1,0.002594849802,0.936,-0.03037337179914467,-0.015382997824122654,0.017045876510735285,1.00007820809344
1,0.002594849802,0.937,-0.02950816949411116,-0.015206199078142895,0.016782766002128177,1.0000769739168922
1,0.002594849802,0.9380000000000001,-0.02865302352115897,-0.015027451590176317,0.0165194668451436,1.0000757404817748
1,0.002594849802,0.9390000000000001,-0.027808044243211753,-0.014846750936882617,0.01625598395498905,1.0000745077661761
1,0.002594849802,0.9400000000000001,-0.026973342320070866,-0.014664092769539382,0.015992322207658,1.000073275748534
1,0.002594849802,0.9410000000000001,-0.026149028526898207,-0.014479472768780012,0.015728486463506892,1.0000720444074247
1,0.002594849802,0.9420000000000001,-0.025335214041089068,-0.01429288672113249,0.015464481524439279,1.0000708137219163
1,0.002594849802,0.9430000000000001,-0.02453201015095357,-0.01410433044333237,0.01520031217512209,1.0000695836712161
1,0.002594849802,0.9440000000000001,-0.023739528426001466,-0.013913799829736917,0.014935983155367743,1.0000683542348863
1,0.002594849802,0.9450000000000001,-0.02295788071093243,-0.013721290853465304,0.014671499157978975,1.0000671253928486
1,0.002594849802,0.9460000000000001,-0.022187178957274796,-0.013526799518619577,0.01440686485705633,1.000065897125164
1,0.002594849802,0.9470000000000001,-0.02142753548801787,-0.013330321941034694,0.014142084857213388,1.0000646694123956
1,0.002594849802,0.9480000000000001,-0.020679062728288795,-0.013131854268410107,0.013877163742685472,1.0000634422352492
1,0.002594849802,0.9490000000000001,-0.019941873361862168,-0.012931392730316274,0.013612106044788144,1.0000622155747936
1,0.002594849802,0.9500000000000001,-0.01921608032482212,-0.012728933639375026,0.013346916239662237,1.0000609894124652
1,0.002594849802,0.9510000000000001,-0.018501796651081377,-0.012524473340875256,0.01308159878153687,1.0000597637298427
1,0.002594849802,0.9520000000000001,-0.017799135713561013,-0.012318008297882604,0.012816158043609381,1.0000585385090197
1,0.002594849802,0.9530000000000001,-0.017108210978066113,-0.012109535007042553,0.012550598375414286,1.0000573137322348
1,0.002594849802,0.9540000000000001,-0.016429136145274054,-0.011899050051270838,0.012284924065136697,1.0000560893821009
1,0.002594849802,0.9550000000000001,-0.015762025144056873,-0.011686550100975595,0.012019139337259947,1.0000548654416053
1,0.002594849802,0.9560000000000001,-0.015106991991630367,-0.011472031860975796,0.01175324839100478,1.0000536418938835
1,0.002594849802,0.9570000000000001,-0.014464151010026561,-0.011255492160124916,0.011487255332516762,1.0000524187225992
1,0.002594849802,0.9580000000000001,-0.013833616604413942,-0.011036927862632384,0.011221164240854899,1.0000511959115659
1,0.002594849802,0.9590000000000001,-0.01321550338979194,-0.010816335923533033,0.010954979124944931,1.0000499734449801
1,0.002594849802,0.96,-0.012609926183961562,-0.010593713389952573,0.010688703921133,1.0000487513074254
1,0.002594849802,0.961,-0.012016999883080661,-0.010369057345233084,0.010422342537014894,1.0000475294836373
1,0.002594849802,0.962,-0.01143683965213023,-0.010142365003230791,0.010155898774587079,1.0000463079588944
1,0.002594849802,0.963,-0.010869560728968903,-0.009913633614996942,0.009889376405201968,1.0000450867186303
1,0.002594849802,0.964,-0.010315278534933803,-0.009682860527124682,0.009622779120954942,1.0000438657486743
1,0.002594849802,0.965,-0.009774108667446891,-0.009450043183059257,0.00935611053214872,1.0000426450352533
1,0.002594849802,0.966,-0.00924616679178076,-0.009215179064331851,0.009089374216717511,1.0000414245647513
1,0.002594849802,0.967,-0.008731568804172736,-0.008978265789696217,0.008822573634015137,1.000040204324114
1,0.002594849802,0.968,-0.008230430662949787,-0.008739301017005123,0.008555712209067446,1.000038984300445
1,0.002594849802,0.969,-0.007742868482207495,-0.008498282504535963,0.008288793278198675,1.0000377644812577
1,0.002594849802,0.97,-0.0072689985240393445,-0.00825520811234686,0.008021820086412597,1.0000365448544764
1,0.002594849802,0.971,-0.006808937107345016,-0.008010075740517056,0.0077547958426038965,1.0000353254081873
1,0.002594849802,0.972,-0.006362800742200161,-0.007762883433291789,0.007487723623680222,1.0000341061310574
1,0.002594849802,0.973,-0.005930705989434135,-0.007513629275985742,0.007220606468420134,1.0000328870119175
1,0.002594849802,0.974,-0.005512769536529982,-0.007262311459391151,0.006953447317159501,1.0000316680400212
1,0.002594849802,0.975,-0.005109108189463577,-0.007008928281180682,0.006686249009097036,1.0000304492050476
1,0.002594849802,0.976,-0.004719838799415738,-0.0067534780810503915,0.006419014343469771,1.0000292304968441
1,0.002594849802,0.977,-0.004345078366956825,-0.006495959350045226,0.006151745973734302,1.0000280119058573
1,0.002594849802,0.978,-0.003984943931508081,-0.006236370622317667,0.005884446511311396,1.0000267934227056
1,0.002594849802,0.979,-0.003639552628575927,-0.00597471054272367,0.005617118459171709,1.0000255750384435
1,0.002594849802,0.98,-0.0033090216811876194,-0.0057109778682729005,0.005349764209074979,1.0000243567445677
1,0.002594849802,0.981,-0.0029934683453981758,-0.005445171400068683,0.005082386108867328,1.0000231385327474
1,0.002594849802,0.982,-0.0026930099827998794,-0.005177290097988355,0.004814986346481808,1.0000219203952743
1,0.002594849802,0.983,-0.002407763981346981,-0.004907332967123115,0.004547567063817287,1.0000207023246168
1,0.002594849802,0.984,-0.0021378477930076175,-0.00463529912866803,0.004280130284085287,1.0000194843136956
1,0.002594849802,0.985,-0.0018833789247825832,-0.004361187821419673,0.004012677908993908,1.0000182663558892
1,0.002594849802,0.986,-0.001644474903928025,-0.004084998330406896,0.0037452117923016497,1.0000170484447557
1,0.002594849802,0.987,-0.0014212533172505985,-0.0038067301071003827,0.0034777336134389067,1.0000158305744975
1,0.002594849802,0.988,-0.0012138317648245848,-0.0035263826503592545,0.003210245001728653,1.0000146127395004
1,0.002594849802,0.989,-0.0010223278771147501,-0.0032439555807210058,0.002942747457382888,1.0000133949346188
1,0.002594849802,0.99,-0.0008468593055648566,-0.002959448641946165,0.0026752423486444063,1.0000121771551826
1,0.002594849802,0.991,-0.0006875437084870905,-0.002672861626234092,0.002407730991704394,1.0000109593967061
1,0.002594849802,0.992,-0.0005444987555544991,-0.0023841945001343273,0.002140214513795505,1.0000097416553726
1,0.002594849802,0.993,-0.000417842115988794,-0.0020934472798268045,0.0018726939879144503,1.0000085239275547
1,0.002594849802,0.994,-0.00030769145417768365,-0.0018006201089161233,0.0016051703473878964,1.0000073062101116
1,0.002594849802,0.995,-0.00021416441981995973,-0.0015057132600221736,0.0013376443829872684,1.000006088500393
1,0.002594849802,0.996,-0.00013737865546233186,-0.001208727056476914,0.001070116829285428,1.000004870795942
1,0.002594849802,0.997,-7.745176455247974e-05,-0.000909662004105987,0.0008025882171287339,1.0000036530949938
1,0.002594849802,0.998,-3.450133572433114e-05,-0.0006085186606730127,0.0005350590189665214,1.0000024353959793
1,0.002594849802,0.999,-8.64491590426374e-06,-0.00030529771727956723,0.00026752955694249204,1.0000012176978337
1,0.002594849802,1.0,-4.2881042954748955e-21,-2.106167275682519e-20,-5.202816126472519e-20,1.0
2,0.004238063313,0.0,0.0,-2.724599407428029e-31,1.0,1.16
2,0.004238063313,0.001,-0.00033345572460605764,0.011679868361797149,0.9853635198559221,1.158795707933488
2,0.004238063313,0.002,-0.0013092386799829834,0.022713382815484497,0.9707454848849584,1.1575914253571595
2,0.004238063313,0.003,-0.0028914074949134474,0.033122468007684654,0.9561631670428433,1.1563871761288083
2,0.004238063313,0.004,-0.005045250356860284,0.04292867401026516,0.9416326158640826,1.15518299897502
2,0.004238063313,0.005,-0.0077372638605790614,0.05215316285518879,0.9271687185594557,1.1539789466384083
2,0.004238063313,0.006,-0.010935130046314655,0.06081669709345049,0.912785258651692,1.1527750850368979
2,0.004238063313,0.007,-0.014607694239147692,0.06893962944467408,0.8984949708867912,1.1515714924618257
2,0.004238063313,0.008,-0.018724941064957264,0.07654189436819651,0.8843095950265815,1.1503682587836976
2,0.004238063313,0.009000000000000001,-0.023257971015679363,0.08364300066098915,0.8702399265474143,1.1491654846889021
2,0.004238063313,0.01,-0.028178976570994538,0.09026202535378015,0.856295865335378,1.1479632809344038
2,0.004238063313,0.011,-0.03346121504080617,0.09641761010839307,0.8424864645942662,1.146761767597627
2,0.004238063313,0.012,-0.03907898852337261,0.10212795566250957,0.8288199721173419,1.145561073405984
2,0.004238063313,0.013000000000000001,-0.04500761409863651,0.10741082140305089,0.8153038770485709,1.1443613350055468
2,0.004238063313,0.014,-0.05122340171362486,0.11228352262543735,0.8019449488457194,1.143162696311587
2,0.004238063313,0.015,-0.05770362895440416,0.11676292998091864,0.7887492769069677,1.141965307850242
2,0.004238063313,0.016,-0.06442651328853471,0.1208654710594993,0.7757223100866627,1.1407693261051535
2,0.004238063313,0.017,-0.07137119129012418,0.12460712944338238,0.762868889964976,1.1395749129232124
2,0.004238063313,0.018000000000000002,-0.0785176893706396,0.1280034486525418,0.7501932882159518,1.1383822348881316
2,0.004238063313,0.019,-0.08584690149557696,0.13106953345051425,0.7376992379596851,1.137191462751279
2,0.004238063313,0.02,-0.09334056436765438,0.13382005306314185,0.7253899654850761,1.1360027708634761
2,0.004238063313,0.021,-0.10098123063558846,0.13626924619153788,0.7132682217245916,1.1348163366199107
2,0.004238063313,0.022,-0.108752248343778,0.13843092334039792,0.7013363089596839,1.133632339943247
2,0.004238063313,0.023,-0.11663773321626075,0.14031847363473493,0.6895961104082315,1.132450962761675
2,0.004238063313,0.024,-0.12462254715879227,0.14194486887672028,0.6780491152305675,1.1312723885237461
2,0.004238063313,0.025,-0.13269227473018988,0.14332266924637296,0.6666964436801066,1.1300968017232527
2,0.004238063313,0.026000000000000002,-0.14083319810209508,0.14446403048632356,0.6555388719109342,1.1289243874442885
2,0.004238063313,0.027,-0.14903227749724843,0.14538070840182626,0.6445768532007388,1.127755330927153
2,0.004238063313,0.028,-0.15727712566708985,0.14608406738705798,0.6338105411051335,1.1265898171518327
2,0.004238063313,0.029,-0.16555598780784506,0.14658508621882624,0.6232398091817447,1.125428030441032
2,0.004238063313,0.03,-0.17385771987448456,0.14689436524026325,0.6128642706933954,1.1242701540805795
2,0.004238063313,0.031,-0.1821717657630433,0.1470221347529353,0.6026832979116521,1.1231163699652051
2,0.004238063313,0.032,-0.19048813922522162,0.1469782608315586,0.5926960387810571,1.1219668582507507
2,0.004238063313,0.033,-0.198797400892898,0.1467722546816019,0.5829014347863827,1.1208217970414553
2,0.004238063313,0.034,-0.2070906399844753,0.14641327939267362,0.5732982363074705,1.1196813620823571
2,0.004238063313,0.035,-0.21535945476879303,0.14591015784923242,0.5638850178387083,1.1185457264742462
2,0.004238063313,0.036000000000000004,-0.22359593220439467,0.14527138160957107,0.5546601927839246,1.1174150604169888
2,0.004238063313,0.037,-0.23179263160589486,0.1445051173848531,0.5456220263599642,1.1162895309475556
2,0.004238063313,0.038,-0.23994256435438882,0.14361921658327392,0.5367686491572533,1.1151693017253625
2,0.004238063313,0.039,-0.24803917757926738,0.14262122244321826,0.5280980689128435,1.1140545328109503
2,0.004238063313,0.04,-0.25607633689491344,0.14151837811569756,0.5196081820746221,1.112945380470181
2,0.004238063313,0.041,-0.26404830855679035,0.14031763550981494,0.5112967849400739,1.1118419970077167
2,0.004238063313,0.042,-0.2719497449960724,0.13902566195706453,0.5031615834890405,1.110744530586022
2,0.004238063313,0.043000000000000003,-0.27977566720038294,0.1376488494871789,0.49520020347425997,1.1096531250989776
2,0.004238063313,0.044,-0.2875214504159705,0.1361933219232423,0.4874101992901036,1.1085679200296619
2,0.004238063313,0.045,-0.29518280914690204,0.13466494274407148,0.4797890625905482,1.1074890503346064
2,0.004238063313,0.046,-0.30275578176436263,0.13306932353741294,0.4723342304978239,1.106416646356505
2,0.004238063313,0.047,-0.310236717911042,0.13141183051046224,0.46504309295689494,1.1053508337156766
2,0.004238063313,0.048,-0.317622263430289,0.12969759319437438,0.4579130000645893,1.104291733259175
2,0.004238063313,0.049,-0.3249093480345775,0.12793151121455545,0.45094126861212885,1.103239460987374
2,0.004238063313,0.05,-0.3320951724653292,0.12611826167210421,0.4441251883582434,1.1021941280063774
2,0.004238063313,0.051000000000000004,-0.339177195409204,0.12426230697415043,0.43746202792005706,1.1011558405067494
2,0.004238063313,0.052000000000000005,-0.34615312269433735,0.12236790096388966,0.4309490401529717,1.100124699716467
2,0.004238063313,0.053,-0.35302089457782415,0.12043909686963218,0.42458346731217284,1.0991008019111193
2,0.004238063313,0.054,-0.3597786752605693,0.1184797535672724,0.41836254575666226,1.098084238397194
2,0.004238063313,0.055,-0.3664248420471998,0.11649354232240551,0.41228351038167543,1.0970750955193782
2,0.004238063313,0.056,-0.37295797437256323,0.11448395386642099,0.4063435987021672,1.0960734546911766
2,0.004238063313,0.057,-0.3793768446607806,0.11245430400741922,0.4005400546808793,1.095079392397254
2,0.004238063313,0.058,-0.3856804077423225,0.11040774073030842,0.39487013221363026,1.0940929802500305
2,0.004238063313,0.059000000000000004,-0.3918677920554246,0.10834724984854845,0.3893310984009784,1.093114285017059
2,0.004238063313,0.06,-0.3979382906123184,0.10627566102660675,0.3839202365571157,1.09214336866982
2,0.004238063313,0.061,-0.40389135196221293,0.10419565399580755,0.37863484891437643,1.0911802884507873
2,0.004238063313,0.062,-0.4097265723253976,0.10210976380303191,0.37347225921067,1.0902250969206295
2,0.004238063313,0.063,-0.41544368732119985,0.10002038661176232,0.3684298149702053,1.0892778420333893
2,0.004238063313,0.064,-0.42104256430308207,0.09792978506809405,0.3635048896179359,1.0883385672078814
2,0.004238063313,0.065,-0.42652319497505914,0.0958400935381019,0.35869488440054365,1.0874073114045062
2,0.004238063313,0.066,-0.43188568826801416,0.09375332323132708,0.35399723012110534,1.0864841092075546
2,0.004238063313,0.067,-0.4371302635080336,0.09167136717334631,0.3494093887014349,1.0855689909114177
2,0.004238063313,0.068,-0.44225724391696364,0.08959600496942895,0.3449288546066178,1.0846619826078538
2,0.004238063313,0.069,-0.4472670502302724,0.08752890759608342,0.3405531560622291,1.0837631062830022
2,0.004238063313,0.07,-0.45216019483683645,0.08547164175356807,0.33627985622903817,1.082872379905751
2,0.004238063313,0.07100000000000001,-0.4569372757420757,0.08342567457699866,0.3321065540658767,1.0819898175380784
2,0.004238063313,0.07200000000000001,-0.46159897142591755,0.08139237744328078,0.3280308853540426,1.0811154294171135
2,0.004238063313,0.073,-0.46614603518632364,0.0793730305362123,0.32405052326066497,1.0802492220746642
2,0.004238063313,0.074,-0.4705792903074438,0.0773688265659142,0.32016317906991937,1.0793911984296538
2,0.004238063313,0.075,-0.47489962520486034,0.0753808746420442,0.3163666027082241,1.0785413578929501
2,0.004238063313,0.076,-0.4791079886432996,0.0734102042212716,0.3126585830589871,1.0776996964820904
2,0.004238063313,0.077,-0.48320538559040216,0.07145776834901794,0.3090369484836341,1.0768662069116466
2,0.004238063313,0.078,-0.4871928727458792,0.06952444749073047,0.3054995668905691,1.076040878714778
2,0.004238063313,0.079,-0.4910715546787776,0.06761105267406455,0.30204434602320307,1.075223698340277
2,0.004238063313,0.08,-0.4948425799787993,0.06571832874051203,0.29866923356355385,1.074414649259269
2,0.004238063313,0.081,-0.49850713749649717,0.06384695764039842,0.2953722170543656,1.0736137120791007
2,0.004238063313,0.082,-0.5020664530396799,0.0619975611583609,0.29215132405959116,1.0728208646357489
2,0.004238063313,0.083,-0.5055217858917422,0.06017070409020801,0.2890046218937391,1.0720360821114137
2,0.004238063313,0.084,-0.5088744257627468,0.05836689686536176,0.2859302175984454,1.0712593371306225
2,0.004238063313,0.085,-0.5121256897804577,0.056586598244485926,0.2829262577554887,1.070490599863558
2,0.004238063313,0.08600000000000001,-0.5152769195791661,0.05483021803801223,0.27999092814410187,1.0697298381342861
2,0.004238063313,0.08700000000000001,-0.5183294787004924,0.05309811937107325,0.27712245365103993,1.0689770175105986
2,0.004238063313,0.088,-0.5212847498490009,0.051390621509569676,0.274319097562204,1.0682321014244889
2,0.004238063313,0.089,-0.5241441328938881,0.049708000989080715,0.2715791623242135,1.0674950512122467
2,0.004238063313,0.09,-0.5269090418688845,0.04805049566254693,0.26890098742399476,1.0667658263012827
2,0.004238063313,0.091,-0.5295809032955123,0.04641830556908201,0.2662829501190035,1.0660443842432101
2,0.004238063313,0.092,-0.5321611540807777,0.044811594894215476,0.2637234651431619,1.06533068080247
2,0.004238063313,0.093,-0.534651239432139,0.043230494294316454,0.2612209838824309,1.0646246700657298
2,0.004238063313,0.094,-0.53705261100782,0.041675102849261125,0.2587739937851979,1.0639263045350706
2,0.004238063313,0.095,-0.5393667252143542,0.04014548980946251,0.256381017880695,1.063235535212764
2,0.004238063313,0.096,-0.5415950415872137,0.038641696201374906,0.254040614390297,1.0625523116806026
2,0.004238063313,0.097,-0.5437390212302076,0.037163736236478805,0.25175137653414464,1.0618765821710028
2,0.004238063313,0.098,-0.5458001253194862,0.03571159916567515,0.24951193164741559,1.061208293662069
2,0.004238063313,0.099,-0.5477798137497496,0.03428525084420842,0.24732094052808593,1.060547391959383
2,0.004238063313,0.1,-0.5496795438759087,0.03288463513482307,0.24517709689422232,1.0598938217707479
2,0.004238063313,0.101,-0.5515007693023966,0.0315096752008756,0.2430791269329435,1.059247526776524
2,0.004238063313,0.10200000000000001,-0.5532449386827691,0.030160274651520543,0.24102578903362523,1.0586084496938153
2,0.004238063313,0.10300000000000001,-0.554913494690997,0.028836319003701177,0.23901587289292356,1.0579765323570804
2,0.004238063313,0.10400000000000001,-0.5565078730629854,0.027537676922436593,0.23704819884162226,1.05735171578825
2,0.004238063313,0.105,-0.5580295016931124,0.026264201335771575,0.23512161727851544,1.0567339402611315
2,0.004238063313,0.106,-0.5594797997510869,0.025015730465670707,0.2332350081922198,1.056123145362397
2,0.004238063313,0.107,-0.5608601767730196,0.023792088750320954,0.23138728085386429,1.0555192700482772
2,0.004238063313,0.108,-0.5621720319989042,0.02259308798211112,0.2295773729436976,1.0549222527113042
2,0.004238063313,0.109,-0.5634167537256989,0.02141852827910706,0.2278042498858662,1.0543320312390927
2,0.004238063313,0.11,-0.5645957186843489,0.020268198961093706,0.226066904285101,1.0537485430686688
2,0.004238063313,0.111,-0.5657102914164555,0.019141879362768427,0.2243643554459937,1.0531717252382895
2,0.004238063313,0.112,-0.5667618235990679,0.01803933956982456,0.22269564904866646,1.0526015144365937
2,0.004238063313,0.113,-0.5677516536652927,0.01696034129211615,0.221059856318359,1.0520378470565
2,0.004238063313,0.114,-0.5686811063999323,0.015904638614797382,0.21945607338728151,1.0514806592434076
2,0.004238063313,0.115,-0.5695514925356272,0.014871978678306906,0.2178834207516365,1.0509298869400843
2,0.004238063313,0.116,-0.5703641083333776,0.013862102312612312,0.21634104280497718,1.0503854659298533
2,0.004238063313,0.117,-0.5711202350930397,0.012874744619248429,0.21482810751318823,1.0498473318785024
2,0.004238063313,0.11800000000000001,-0.5718211389894995,0.011909635630145807,0.21334380563999641,1.049315420376629
2,0.004238063313,0.11900000000000001,-0.5724680708545705,0.010966500879887124,0.21188735014784538,1.0487896669782517
2,0.004238063313,0.12,-0.5730622659421288,0.010045061926305556,0.21045797568633,1.0482700072371147
2,0.004238063313,0.121,-0.5736049436666938,0.00914503683898794,0.20905493815029952,1.0477563767420033
2,0.004238063313,0.122,-0.5740973072600881,0.008266140655025999,0.20767751436509688,1.0472487111519313
2,0.004238063313,0.123,-0.5745405437687392,0.00740808586600623,0.20632500137481072,1.0467469462283383
2,0.004238063313,0.124,-0.5749358239763328,0.006570582846369185,0.20499671588887136,1.0462510178652233
2,0.004238063313,0.125,-0.5752843022973674,0.005753340245596542,0.20369199380825997,1.0457608621178371
2,0.004238063313,0.126,-0.5755871166366612,0.004956065359055071,0.20241018981465725,1.045276415230987
2,0.004238063313,0.127,-0.5758453881598856,0.004178464481074763,0.20115067707290155,1.0447976136681547
2,0.004238063313,0.128,-0.5760602214085554,0.0034202432554811873,0.19991284658445876,1.044324394134966
2,0.004238063313,0.129,-0.576232704326992,0.0026811069892523545,0.19869610668269203,1.0438566936019762
2,0.004238063313,0.13,-0.5763639082517503,0.0019607609421616722,0.1974998825998341,1.043394449326752
2,0.004238063313,0.131,-0.5764548878621938,0.0012589106034413843,0.19632361609034546,1.0429375988760634
2,0.004238063313,0.132,-0.5765066810387535,0.0005752619620392317,0.1951667651546482,1.0424860801496338
2,0.004238063313,0.133,-0.5765203090612689,-9.047825014283454e-05,0.1940288034573002,1.0420398313962396
2,0.004238063313,0.134,-0.5764967767113446,-0.0007386023351752255,0.19290921987128776,1.0415987912302487
2,0.004238063313,0.135,-0.5764370723317641,-0.0013694014206147608,0.1918075180863909,1.0411628986480619
2,0.004238063313,0.136,-0.5763421678443341,-0.0019831652575864845,0.19072321626771452,1.0407320930450685
2,0.004238063313,0.137,-0.5762130186748532,-0.0025801820168298104,0.18965584680267905,1.040306314234734
2,0.004238063313,0.138,-0.5760505640079414,-0.0031607381289308675,0.188604955781408,1.039885502458585
2,0.004238063313,0.139,-0.5758557269420539,-0.0037251181320861314,0.1875701025886425,1.0394695983975257
2,0.004238063313,0.14,-0.5756294145984953,-0.004273604527248312,0.18655085955253783,1.0390585431835464
2,0.004238063313,0.14100000000000001,-0.5753725181877174,-0.004806477635007654,0.18554681163783115,1.038652278412263
2,0.004238063313,0.14200000000000002,-0.5750859129842371,-0.005324015444318026,0.18455755621662248,1.0382507461580175
2,0.004238063313,0.14300000000000002,-0.5747704586171709,-0.0058264935169039436,0.18358270260725143,1.0378538889788778
2,0.004238063313,0.14400000000000002,-0.5744269992602191,-0.006314184889828656,0.18262187171131497,1.0374616499236595
2,0.004238063313,0.145,-0.5740563637743643,-0.0067873599800286205,0.18167469570090763,1.0370739725397233
2,0.004238063313,0.146,-0.573659365807896,-0.0072462864870169305,0.18074081774491133,1.036690800881847
2,0.004238063313,0.147,-0.5732368038080031,-0.007691229283143723,0.17981989180312047,1.0363120795239604
2,0.004238063313,0.148,-0.5727894613311395,-0.008122450366672567,0.1789115822191892,1.0359377535601555
2,0.004238063313,0.149,-0.5723181072543683,-0.00854020880623716,0.1780155633995784,1.0355677686082319
2,0.004238063313,0.15,-0.5718234959394615,-0.008944760683277129,0.17713151953663667,1.0352020708143124
2,0.004238063313,0.151,-0.5713063673552256,-0.009336359030080836,0.17625914436590084,1.0348406068587124
2,0.004238063313,0.152,-0.5707674471153477,-0.009715253752527284,0.17539814098248577,1.0344833239648712
2,0.004238063313,0.153,-0.5702074467966393,-0.010081691619469806,0.17454822148337182,1.034130169897226
2,0.004238063313,0.154,-0.5696270641614122,-0.010435916238754851,0.1737091066847785,1.0337810929619973
2,0.004238063313,0.155,-0.5690269833336054,-0.010778168028362444,0.1728805258781656,1.0334360420092545
2,0.004238063313,0.156,-0.5684078749346508,-0.011108684181381343,0.17206221661610888,1.033094966436363
2,0.004238063313,0.157,-0.5677703961394565,-0.011427698613928117,0.17125392454949243,1.0327578161946032
2,0.004238063313,0.158,-0.5671151909936974,-0.011735441981059788,0.17045540311436003,1.032424541784643
2,0.004238063313,0.159,-0.5664428906394985,-0.012032141676160067,0.1696664132841142,1.0320950942551645
2,0.004238063313,0.16,-0.565754113496547,-0.012318021823475064,0.16888672335540475,1.0317694252029275
2,0.004238063313,0.161,-0.5650494654048607,-0.012593303263325197,0.16811610876001248,1.0314474867742869
2,0.004238063313,0.162,-0.5643295396926475,-0.012858203519345359,0.1673543519211803,1.0311292316699319
2,0.004238063313,0.163,-0.5635949174862699,-0.013112936833254877,0.1666012419803818,1.0308146131385638
2,0.004238063313,0.164,-0.5628461679335749,-0.013357714181158144,0.16585657458080136,1.03050358497388
2,0.004238063313,0.165,-0.562083848384787,-0.013592743281708793,0.16512015168010605,1.0301961015130867
2,0.004238063313,0.166,-0.5613085045372362,-0.013818228596263152,0.16439178138577107,1.029892117636915
2,0.004238063313,0.167,-0.5605206705103137,-0.014034371310775312,0.16367127782880847,1.0295915887728406
2,0.004238063313,0.168,-0.5597208691436549,-0.014241369383458356,0.16295846092604946,1.0292944708874747
2,0.004238063313,0.169,-0.5589096122140751,-0.014439417572958772,0.16225315619151887,1.0290007204823264
2,0.004238063313,0.17,-0.558087400612489,-0.014628707457634555,0.16155519457320666,1.028710294591153
2,0.004238063313,0.171,-0.5572547244869831,-0.014809427446492735,0.16086441230935639,1.0284231507788186
2,0.004238063313,0.17200000000000001,-0.5564120633212659,-0.014981762772044199,0.16018065081785943,1.0281392471433077
2,0.004238063313,0.17300000000000001,-0.5555598862181016,-0.015145895546261478,0.15950375648995643,1.0278585423072406
2,0.004238063313,0.17400000000000002,-0.5546986521070699,-0.015302004796724611,0.15883358052633734,1.0275809954127633
2,0.004238063313,0.17500000000000002,-0.5538288099148849,-0.015450266493508209,0.15816997879520703,1.0273065661180458
2,0.004238063313,0.176,-0.552950798704239,-0.015590853567664343,0.157512811707199,1.027035214595278
2,0.004238063313,0.177,-0.552065047753075,-0.015723935912129245,0.1568619441187681,1.026766901531733
2,0.004238063313,0.178,-0.551171976821443,-0.015849680442478767,0.1562172451535591,1.026501588120739
2,0.004238063313,0.179,-0.5502719963482721,-0.01596825113805457,0.15557858806031366,1.0262392360559796
2,0.004238063313,0.18,-0.5493655076133314,-0.0160798090737645,0.15494585008973366,1.0259798075273956
2,0.004238063313,0.181,-0.5484529028700847,-0.016184512443609352,0.15431891238585482,1.0257232652185533
2,0.004238063313,0.182,-0.5475345654238397,-0.016282516567368458,0.1536976599018709,1.0254695723069749
2,0.004238063313,0.183,-0.5466108698810621,-0.016373973953523916,0.1530819812457678,1.0252186924548277
2,0.004238063313,0.184,-0.545682182334083,-0.016459034343101045,0.15247176855738523,1.0249705898028605
2,0.004238063313,0.185,-0.5447488605136225,-0.016537844744331336,0.15186691740180105,1.0247252289659148
2,0.004238063313,0.186,-0.5438112539145039,-0.016610549459309835,0.15126732667518805,1.024482575029859
2,0.004238063313,0.187,-0.5428697038713105,-0.01667729009469593,0.15067289853161994,1.0242425935513582
2,0.004238063313,0.188,-0.5419245437898303,-0.01673820562486352,0.15008353824991788,1.0240052505484873
2,0.004238063313,0.189,-0.5409760993191857,-0.01679343243676347,0.1494991541274758,1.0237705124944845
2,0.004238063313,0.19,-0.5400246884943324,-0.016843104365908912,0.14891965738811416,1.0235383463130325
2,0.004238063313,0.191,-0.5390706218539695,-0.01688735272471695,0.14834496210063156,1.023308719374911
2,0.004238063313,0.192,-0.5381142025127633,-0.016926306315867286,0.14777498511527148,1.0230815994973503
2,0.004238063313,0.193,-0.5371557263750709,-0.016960091494273227,0.14720964594905794,1.0228569549347266
2,0.004238063313,0.194,-0.5361954822943861,-0.016988832211724564,0.14664886669424912,1.0226347543722685
2,0.004238063313,0.195,-0.5352337522056125,-0.017012650053057292,0.14609257193882363,1.0224149669212401
2,0.004238063313,0.196,-0.5342708112348487,-0.017031664265101467,0.14554068869612488,1.0221975621154284
2,0.004238063313,0.197,-0.5333069277675841,-0.017045991771663195,0.14499314634979577,1.0219825099101998
2,0.004238063313,0.198,-0.5323423636451808,-0.017055747233329418,0.14444987655519048,1.0217697806733919
2,0.004238063313,0.199,-0.5313773743118329,-0.017061043091001836,0.14391081316055918,1.0215593451790843
2,0.004238063313,0.2,-0.5304122089366821,-0.017061989601427532,0.14337589213853516,1.0213511746027764
2,0.004238063313,0.201,-0.5294471105154269,-0.01705869486596372,0.14284505152544566,1.0211452405178092
2,0.004238063313,0.202,-0.528482315934145,-0.01705126484640364,0.14231823137364655,1.020941514894212
2,0.004238063313,0.203,-0.527518056149247,-0.01703980342195079,0.14179537366688214,1.020739970089882
2,0.004238063313,0.20400000000000001,-0.5265545563223556,-0.017024412431027282,0.14127642225252574,1.0205405788444932
2,0.004238063313,0.20500000000000002,-0.5255920359325328,-0.017005191705586224,0.14076132278262457,1.0203433142747482
2,0.004238063313,0.20600000000000002,-0.5246307088698473,-0.016982239099129326,0.14025002266161518,1.0201481498708056
2,0.004238063313,0.20700000000000002,-0.5236707834946712,-0.0169556505027976,0.13974247100510845,1.0199550594949873
2,0.004238063313,0.20800000000000002,-0.522712462801972,-0.016925519899097453,0.1392386185673282,1.0197640173733085
2,0.004238063313,0.209,-0.5217559445446598,-0.01689193940157654,0.1387384176829345,1.0195749980895836
2,0.004238063313,0.21,-0.5208014213363303,-0.016854999287527258,0.13824182221635656,1.0193879765808063
2,0.004238063313,0.211,-0.5198490807370602,-0.016814788024867203,0.13774878751680103,1.019202928133635
2,0.004238063313,0.212,-0.5188991053081671,-0.016771392288072492,0.1372592703826473,1.0190198283830194
2,0.004238063313,0.213,-0.5179516727617942,-0.016724897008424493,0.13677322899932948,1.0188386533041214
2,0.004238063313,0.214,-0.5170069560733674,-0.016675385411306008,0.13629062288945168,1.0186593792066596
2,0.004238063313,0.215,-0.516065123575346,-0.016622939047049135,0.1358114128692954,1.0184819827304519
2,0.004238063313,0.216,-0.5151263390356083,-0.016567637816422308,0.13533556101014527,1.0183064408420057
2,0.004238063313,0.217,-0.5141907617077635,-0.016509559986105787,0.1348630306075556,1.0181327308331045
2,0.004238063313,0.218,-0.5132585464670281,-0.016448782235367027,0.13439378612824882,1.017960830313143
2,0.004238063313,0.219,-0.5123298439124874,-0.016385379690850153,0.133927793167394,1.0177907172037366
2,0.004238063313,0.22,-0.5114048004524011,-0.016319425955430223,0.1334650184113171,1.0176223697344584
2,0.004238063313,0.221,-0.5104835583755952,-0.01625099313215225,0.13300542960429115,1.0174557664395558
2,0.004238063313,0.222,-0.5095662558974877,-0.01618015183904247,0.13254899552202537,1.0172908861565348
2,0.004238063313,0.223,-0.5086530272832683,-0.016106971252222383,0.13209568592633725,1.01712770801892
2,0.004238063313,0.224,-0.5077440029406789,-0.016031519138153507,0.1316454715286134,1.0169662114511449
2,0.004238063313,0.225,-0.5068393094974478,-0.01595386188044143,0.13119832395787412,1.0168063761644999
2,0.004238063313,0.226,-0.5059390698661396,-0.01587406450214849,0.13075421573228405,1.0166481821539959
2,0.004238063313,0.227,-0.5050434032861024,-0.015792190679806507,0.13031312023629762,1.0164916096969685
2,0.004238063313,0.228,-0.504152425434947,-0.015708302783052575,0.12987501168202598,1.0163366393462687
2,0.004238063313,0.229,-0.5032662485125642,-0.015622461904356151,0.1294398650780257,1.0161832519254386
2,0.004238063313,0.23,-0.5023849813112689,-0.01553472788377572,0.12900765620198137,1.0160314285248815
2,0.004238063313,0.231,-0.5015087295632377,-0.015445159435990116,0.12857836151469382,1.0158811504757534
2,0.004238063313,0.232,-0.5006375946420841,-0.015353813671016275,0.1281519584266352,1.0157323994555447
2,0.004238063313,0.233,-0.4997716761160992,-0.015260747033988198,0.1277284247386093,1.0155851572856418
2,0.004238063313,0.234,-0.4989110697695181,-0.015166014575588242,0.1273077390574056,1.0154394060908658
2,0.004238063313,0.23500000000000001,-0.49805586770823956,-0.015069669989973567,0.12688988075689023,1.0152951282934572
2,0.004238063313,0.23600000000000002,-0.49720616061448136,-0.01497176644608977,0.12647482950524716,1.0151523064311563
2,0.004238063313,0.23700000000000002,-0.49636203424310615,-0.014872355294166275,0.1260625659691905,1.0150109234445301
2,0.004238063313,0.23800000000000002,-0.4955235730016369,-0.014771487386808793,0.12565307108244697,1.0148709623852135
2,0.004238063313,0.23900000000000002,-0.4946908578885474,-0.014669212317394965,0.12524632644944872,1.0147324065866425
2,0.004238063313,0.24,-0.49386396658871234,-0.014565578454790746,0.12484231431213172,1.014595239658407
2,0.004238063313,0.241,-0.49304297550453047,-0.014460633693838171,0.12444101715690287,1.014459445317329
2,0.004238063313,0.242,-0.4922279565999356,-0.014354424288445444,0.12404241829852906,1.0143250076541594
2,0.004238063313,0.243,-0.49141898062526423,-0.014246996043702439,0.12364650127296425,1.014191910862731
2,0.004238063313,0.244,-0.4906161152602186,-0.01413839362908642,0.12325325017148582,1.0140601393983957
2,0.004238063313,0.245,-0.4898194251999327,-0.01402866061012706,0.12286264961240195,1.0139296779727454
2,0.004238063313,0.246,-0.48902897398442824,-0.01391784012505973,0.1224746844159991,1.013800511396864
2,0.004238063313,0.247,-0.4882448211560973,-0.013805973833349956,0.12208934008591078,1.0136726248287264
2,0.004238063313,0.248,-0.48746702516428997,-0.013693102990121856,0.12170660230792162,1.0135460035219217
2,0.004238063313,0.249,-0.48669564169274404,-0.013579267827508996,0.12132645722486711,1.0134206329726037
2,0.004238063313,0.25,-0.48593072373710416,-0.013464507583447182,0.12094889141255927,1.0132964989145632
2,0.004238063313,0.251,-0.4851723232526505,-0.013348861111101274,0.12057389161261711,1.0131735871738554
2,0.004238063313,0.252,-0.48442048859410297,-0.013232365932327047,0.12020144512661404,1.0130518838981932
2,0.004238063313,0.253,-0.48367526713169745,-0.01311505920505078,0.11983153940507323,1.012931375323939
2,0.004238063313,0.254,-0.48293670374469927,-0.01299697716651313,0.11946416227199595,1.0128120479123448
2,0.004238063313,0.255,-0.48220484089116356,-0.012878155159379793,0.11909930190441023,1.0126938883449617
2,0.004238063313,0.256,-0.48147972009206363,-0.01275862818013341,0.11873694661440995,1.0125768833888709
2,0.004238063313,0.257,-0.4807613796251399,-0.012638430027676544,0.11837708516921883,1.0124610201093118
2,0.004238063313,0.258,-0.48004985688131774,-0.01251759417360531,0.11801970645681892,1.0123462856536904
2,0.004238063313,0.259,-0.47934518700763445,-0.012396153261524394,0.1176647996677195,1.0122326673778517
2,0.004238063313,0.26,-0.4786474029699706,-0.012274139130669479,0.1173123542776155,1.0121201528418131
2,0.004238063313,0.261,-0.4779565368900172,-0.01215158330902429,0.11696235987118739,1.0120087296848574
2,0.004238063313,0.262,-0.47727261796756026,-0.012028516247981397,0.11661480639935837,1.0118983858225805
2,0.004238063313,0.263,-0.4765956746033845,-0.011904968104740548,0.11626968390991736,1.011789109246719
2,0.004238063313,0.264,-0.4759257331765262,-0.011780968292306617,0.11592698269306068,1.0116808881421646
2,0.004238063313,0.265,-0.4752628181006515,-0.011656545500816419,0.11558669326671771,1.0115737108830034
2,0.004238063313,0.266,-0.4746069530287342,-0.011531728140707609,0.11524880623572198,1.0114675659167702
2,0.004238063313,0.267,-0.47395815898063504,-0.01140654365506079,0.1149133124959327,1.0113624419470324
2,0.004238063313,0.268,-0.47331645625612534,-0.011281019222643872,0.11458020301986964,1.0112583277479086
2,0.004238063313,0.269,-0.4726818633328411,-0.01115518135363183,0.11424946897162828,1.0111552122724898
2,0.004238063313,0.27,-0.472054396916932,-0.011029055908825457,0.11392110169449224,1.0110530846491688
2,0.004238063313,0.271,-0.4714340730288732,-0.010902668497773393,0.11359509259999648,1.010951934074393
2,0.004238063313,0.272,-0.47082090531547177,-0.010776043861106472,0.11327143332720378,1.0108517499818395
2,0.004238063313,0.273,-0.4702149067743313,-0.010649206502057099,0.11295011557479236,1.0107525218705553
2,0.004238063313,0.274,-0.46961608876022837,-0.010522180323352937,0.11263113119014556,1.0106542394054165
2,0.004238063313,0.275,-0.46902446103060225,-0.01039498864450766,0.11231447215892314,1.010556892413728
2,0.004238063313,0.276,-0.46844003272459744,-0.010267654559386453,0.11200013051932131,1.0104604707858535
2,0.004238063313,0.277,-0.46786281084071046,-0.010140200381502635,0.11168809848360663,1.0103649646319701
2,0.004238063313,0.278,-0.46729280179189664,-0.01001264821117552,0.11137836830932311,1.0102703641228272
2,0.004238063313,0.279,-0.4667300105093196,-0.009885019609444795,0.11107093236666833,1.010176659582834
2,0.004238063313,0.28,-0.46617444048320333,-0.009757335613604139,0.11076578312974203,1.010083841486914
2,0.004238063313,0.281,-0.4656260946459876,-0.009629617058308776,0.11046291311198127,1.009991900368422
2,0.004238063313,0.28200000000000003,-0.4650849739987261,-0.009501884077429228,0.11016231495603306,1.0099008269644119
2,0.004238063313,0.28300000000000003,-0.46455107901410253,-0.009374156613378868,0.10986398133780141,1.0098106120680694
2,0.004238063313,0.28400000000000003,-0.4640244088276249,-0.009246454124268716,0.10956790501562969,1.0097212466149834
2,0.004238063313,0.28500000000000003,-0.4635049612743132,-0.009118795597844561,0.10927407882298447,1.009632721680233
2,0.004238063313,0.28600000000000003,-0.46299273368574473,-0.008991199839865445,0.10898249562162378,1.0095450283930527
2,0.004238063313,0.28700000000000003,-0.4624877216500433,-0.008863685026696353,0.10869314836501148,1.0094581580714705
2,0.004238063313,0.28800000000000003,-0.4619899202783068,-0.008736269162741665,0.10840603002983079,1.009372102085544
2,0.004238063313,0.289,-0.46149932347433914,-0.008608969817409644,0.10812113364998382,1.0092868519373226
2,0.004238063313,0.29,-0.46101592396760355,-0.008481804137602897,0.10783845231050278,1.0092023992581582
2,0.004238063313,0.291,-0.4605397140329278,-0.008354789106750618,0.10755797911550692,1.009118735729604
2,0.004238063313,0.292,-0.4600706843704915,-0.008227941142869382,0.10727970722960775,1.0090358532082324
2,0.004238063313,0.293,-0.45960882524957025,-0.008101276509483064,0.10700362983229365,1.008953743598851
2,0.004238063313,0.294,-0.45915412584881937,-0.007974811079291525,0.10672974013932045,1.008872398928641
2,0.004238063313,0.295,-0.4587065742858824,-0.007848560345353393,0.10645803139767142,1.0087918113446734
2,0.004238063313,0.296,-0.45826615826761674,-0.007722539653833061,0.10618849686578642,1.0087119730405656
2,0.004238063313,0.297,-0.45783286407790325,-0.007596763842766079,0.1059211298367589,1.008632876372229
2,0.004238063313,0.298,-0.457406677611164,-0.007471247611330549,0.10565592361166479,1.0085545137403071
2,0.004238063313,0.299,-0.4569875837760476,-0.007346005307415399,0.10539287151054279,1.008476877658933
2,0.004238063313,0.3,-0.45657556652204445,-0.007221050937623662,0.10513196686824976,1.0083999607534337
2,0.004238063313,0.301,-0.45617060942726995,-0.0070963983764977985,0.10487320302481253,1.0083237556923088
2,0.004238063313,0.302,-0.4557726947832017,-0.006972061041693859,0.10461657333366191,1.0082482552946006
2,0.004238063313,0.303,-0.45538180452911897,-0.006848052225993586,0.1043620711505527,1.0081734524208488
2,0.004238063313,0.304,-0.4549979197127935,-0.0067243849062446175,0.10410968983601021,1.0080993400368778
2,0.004238063313,0.305,-0.4546210205144289,-0.006601071752301967,0.1038594227519493,1.0080259112116785
2,0.004238063313,0.306,-0.4542510867782952,-0.006478125315221621,0.10361126326031475,1.0079531590542994
2,0.004238063313,0.307,-0.4538880971846526,-0.006355557734976869,0.10336520471911981,1.0078810768134818
2,0.004238063313,0.308,-0.4535320300950826,-0.00623338103916327,0.1031212404840972,1.007809657776479
2,0.004238063313,0.309,-0.45318286306446626,-0.0061116069710370445,0.10287936390421148,1.0077388953282547
2,0.004238063313,0.31,-0.45284057286253243,-0.0059902469975023544,0.1026395683189287,1.0076687829495292
2,0.004238063313,0.311,-0.4525051359549709,-0.005869312478512489,0.10240184706358212,1.007599314158205
2,0.004238063313,0.312,-0.4521765277538379,-0.005748814403854161,0.10216619345557264,1.007530482601863
2,0.004238063313,0.313,-0.4518547233826874,-0.005628763662097636,0.10193260080631386,1.0074622819638397
2,0.004238063313,0.314,-0.45153969723473125,-0.005509170885691374,0.10170106241117238,1.0073947060181923
2,0.004238063313,0.315,-0.4512314229922497,-0.0053900464580931935,0.10147157154729128,1.0073277486278953
2,0.004238063313,0.316,-0.45092987406221047,-0.005271400666389559,0.10124412148434976,1.0072614036904513
2,0.004238063313,0.317,-0.4506350228973821,-0.005153243464031152,0.10101870546293161,1.0071956652238008
2,0.004238063313,0.318,-0.4503468416892238,-0.005035584713215917,0.10079531671469008,1.0071305272790942
2,0.004238063313,0.319,-0.45006530196766453,-0.004918434045209001,0.10057394844787464,1.0070659839917546
2,0.004238063313,0.32,-0.4497903746186083,-0.0048018008667068904,0.10035459384562484,1.007002029579809
2,0.004238063313,0.321,-0.4495220302785432,-0.0046856944974772215,0.10013724608099246,1.0069386582933646
2,0.004238063313,0.322,-0.44926023871942666,-0.004570123956253609,0.09992189828918184,1.0068758644944384
2,0.004238063313,0.323,-0.4490049694764356,-0.004455098179408061,0.09970854359417183,1.00681364257591
2,0.004238063313,0.324,-0.44875619148529544,-0.004340625894856726,0.09949717509081295,1.006751987008979
2,0.004238063313,0.325,-0.4485138730980835,-0.004226715627737692,0.09928778584351992,1.0066908923416267
2,0.004238063313,0.326,-0.4482779824408347,-0.0041133758246849885,0.09908036890459584,1.0066303531516538
2,0.004238063313,0.327,-0.44804848685600673,-0.0040006146603846745,0.09887491728178914,1.0065703641209025
2,0.004238063313,0.328,-0.44782535347142904,-0.0038884402350929477,0.0986714239698777,1.0065109199599118
2,0.004238063313,0.329,-0.44760854887155016,-0.003776860460661358,0.09846988193016958,1.006452015452048
2,0.004238063313,0.33,-0.44739803911172366,-0.003665883065601195,0.09827028408953323,1.006393645452087
2,0.004238063313,0.331,-0.4471937900423816,-0.0035555157074346343,0.09807262336120957,1.0063358048425382
2,0.004238063313,0.332,-0.4469957668035587,-0.003445765797679679,0.09787689260890858,1.0062784886026914
2,0.004238063313,0.333,-0.4468039343406936,-0.0033366406804989715,0.09768308468208953,1.0062216917385374
2,0.004238063313,0.334,-0.4466182571065557,-0.003228147529534499,0.09749119239357003,1.0061654093238241
2,0.004238063313,0.335,-0.4464386990741774,-0.003120293352424286,0.09730120851884157,1.0061096364987527
2,0.004238063313,0.336,-0.44626522403078206,-0.0030130850925196044,0.0971131258186814,1.0060543684293337
2,0.004238063313,0.337,-0.4460977951194421,-0.002906529470305666,0.09692693700082074,1.0059996003716594
2,0.004238063313,0.338,-0.44593637530677505,-0.0028006331452216002,0.0967426347578522,1.005945327606678
2,0.004238063313,0.339,-0.4457809271126613,-0.00269540262213543,0.09656021174354168,1.0058915454784214
2,0.004238063313,0.34,-0.44563141262196887,-0.002590844255372147,0.09637966057238356,1.005838249392798
2,0.004238063313,0.341,-0.4454877937510788,-0.002486964340947285,0.09620097384343307,1.0057854347797515
2,0.004238063313,0.342,-0.44535003183228256,-0.0023837689726453797,0.0960241441004143,1.0057330971531269
2,0.004238063313,0.343,-0.44521808803787305,-0.002281264188831636,0.09584916387135477,1.0056812320499218
2,0.004238063313,0.34400000000000003,-0.4450919231350748,-0.002179455887524378,0.09567602564409938,1.0056298350659048
2,0.004238063313,0.34500000000000003,-0.44497149749669296,-0.0020783498299875225,0.09550472186606708,1.0055789018544996
2,0.004238063313,0.34600000000000003,-0.4448567713427699,-0.00197795172450631,0.09533524496881615,1.0055284280915273
2,0.004238063313,0.34700000000000003,-0.4447477043638057,-0.0018782670955385294,0.09516758732732035,1.005478409531006
2,0.004238063313,0.34800000000000003,-0.4446442561052535,-0.0017793014171409909,0.0950017413005751,1.0054288419485375
2,0.004238063313,0.34900000000000003,-0.4445463857453659,-0.0016810600357100181,0.09483769920673206,1.0053797211745126
2,0.004238063313,0.35000000000000003,-0.4444540521048838,-0.0015835481731857656,0.09467545332302364,1.005331043093083
2,0.004238063313,0.35100000000000003,-0.4443672138660846,-0.0014867710032843591,0.09451499591065406,1.0052828036092853
2,0.004238063313,0.352,-0.44428582923133225,-0.00139073353230958,0.09435631917385082,1.0052349987010902
2,0.004238063313,0.353,-0.4442098562715539,-0.0012954407206405237,0.09419941530081197,1.005187624366604
2,0.004238063313,0.354,-0.44413925272495347,-0.0012008974123120853,0.09404427643880936,1.0051406766550466
2,0.004238063313,0.355,-0.44407397600584353,-0.0011071083378735042,0.09389089469425281,1.0050941516658054
2,0.004238063313,0.356,-0.4440139834031019,-0.001014078183891395,0.09373926215756742,1.0050480455177575
2,0.004238063313,0.357,-0.44395923177093355,-0.0009218114841638693,0.09358937086252495,1.0050023543978568
2,0.004238063313,0.358,-0.4439096778445214,-0.0008303127305578618,0.0934412128270075,1.0049570745118548
2,0.004238063313,0.359,-0.4438652780577766,-0.0007395863086919708,0.0932947800283683,1.0049122021132273
2,0.004238063313,0.36,-0.44382598855140754,-0.0006496365004870742,0.09315006440361102,1.0048677335022989
2,0.004238063313,0.361,-0.44379176535258225,-0.000560467547665699,0.09300705787397257,1.004823664997597
2,0.004238063313,0.362,-0.44376256409512294,-0.0004720835522480966,0.09286575230494999,1.004779992981242
2,0.004238063313,0.363,-0.4437383403051758,-0.0003844885778868018,0.09272613954644794,1.0047367138529182
2,0.004238063313,0.364,-0.4437190492363688,-0.0002976865909949056,0.092588211408634,1.0046938240569048
2,0.004238063313,0.365,-0.4437046458771984,-0.00021168146302235437,0.0924519596622125,1.0046513200812661
2,0.004238063313,0.366,-0.4436950851135042,-0.00012647702859784087,0.09231737606248192,1.0046091984310823
2,0.004238063313,0.367,-0.4436903214756133,-4.20769943086922e-05,0.0921844523103974,1.0045674556708877
2,0.004238063313,0.368,-0.44369030939657034,4.151496844510936e-05,0.09205318009174712,1.0045260883816411
2,0.004238063313,0.369,-0.4436950030632466,0.0001242952774625051,0.09192355105369597,1.0044850931860068
2,0.004238063313,0.37,-0.44370435642311845,0.00020626043770950627,0.09179555680513536,1.004444466747608
2,0.004238063313,0.371,-0.44371832333098526,0.00028740698795907434,0.09166918894002826,1.004404205745986
2,0.004238063313,0.372,-0.4437368573208497,0.0003677315846169281,0.09154443899978157,1.0043643069163155
2,0.004238063313,0.373,-0.44375991183897545,0.00044723091643718174,0.09142129851116429,1.004324767009144
2,0.004238063313,0.374,-0.4437874401096481,0.0005259017541954597,0.09129975896369517,1.0042855828140573
2,0.004238063313,0.375,-0.4438193951414095,0.0006037409488750152,0.09117981181005329,1.00424675115899
2,0.004238063313,0.376,-0.44385572985929933,0.0006807453825751829,0.09106144848855968,1.0042082688867817
2,0.004238063313,0.377,-0.443896396899493,0.0007569120457361238,0.09094466038707892,1.004170132892377
2,0.004238063313,0.378,-0.44394134881921116,0.000832237958611956,0.09082943887944911,1.0041323400851234
2,0.004238063313,0.379,-0.44399053797597243,0.0009067202170707682,0.09071577530383688,1.0040948874109417
2,0.004238063313,0.38,-0.44404391653334263,0.0009803559909752873,0.0906036609631958,1.0040577718516928
2,0.004238063313,0.381,-0.44410143657983997,0.001053142478902054,0.09049308714676514,1.0040209904032062
2,0.004238063313,0.382,-0.4441630499445667,0.0011250769794731983,0.09038404509567229,1.003984540110159
2,0.004238063313,0.383,-0.44422870838577677,0.001196156818862247,0.09027652603769369,1.0039484180307332
2,0.004238063313,0.384,-0.4442983634825849,0.0012663793931366042,0.09017052116667343,1.003912621257411
2,0.004238063313,0.385,-0.44437196664028245,0.0013357421668120906,0.09006602164301791,1.0038771469163865
2,0.004238063313,0.386,-0.4444494691969258,0.0014042426309738992,0.08996301861411969,1.0038419921469597
2,0.004238063313,0.387,-0.4445308222583854,0.0014718783693483256,0.08986150318179129,1.0038071541342677
2,0.004238063313,0.388,-0.44461597686718546,0.001538646991193575,0.0897614664352188,1.003772630076125
2,0.004238063313,0.389,-0.44470488390574364,0.001604546170556351,0.08966289943151584,1.0037384172025436
2,0.004238063313,0.39,-0.4447974941013015,0.0016695736449820393,0.0895657931962456,1.0037045127751922
2,0.004238063313,0.391,-0.44489375812110465,0.0017337271766716459,0.08947013874269995,1.0036709140680455
2,0.004238063313,0.392,-0.44499362642546364,0.0017970046138601618,0.08937592704126114,1.003637618398137
2,0.004238063313,0.393,-0.44509704941830425,0.0018594038285126935,0.08928314905044467,1.0036046230944098
2,0.004238063313,0.394,-0.4452039773611148,0.0019209227528281159,0.08919179569864176,1.003571925516064
2,0.004238063313,0.395,-0.4453143603775307,0.001981559378088858,0.08910185788466005,1.0035395230520552
2,0.004238063313,0.396,-0.4454281485379195,0.002041311718526019,0.08901332649580847,1.0035074131029083
2,0.004238063313,0.397,-0.4455452917291983,0.0021001778685127578,0.08892619237925323,1.0034755931096369
2,0.004238063313,0.398,-0.4456657397883801,0.002158155944545936,0.08884044637107813,1.003444060524456
2,0.004238063313,0.399,-0.44578944242649143,0.0022152441192957537,0.08875607927925033,1.0034128128280446
2,0.004238063313,0.4,-0.44591634923285045,0.0022714406205810497,0.08867308188417304,1.0033818475290794
2,0.004238063313,0.401,-0.4460464097497788,0.002326743697648189,0.08859144495554312,1.0033511621471247
2,0.004238063313,0.402,-0.44617957335805875,0.00238115167463667,0.08851115922574299,1.003320754239858
2,0.004238063313,0.403,-0.44631578939461947,0.0024346628963790606,0.08843221541687156,1.003290621375505
2,0.004238063313,0.404,-0.44645500708577085,0.0024872757602656635,0.08835460422495475,1.0032607611490953
2,0.004238063313,0.405,-0.44659717555120787,0.002538988715332968,0.08827831632050417,1.0032311711820323
2,0.004238063313,0.406,-0.4467422438694942,0.0025898002306912263,0.08820334236412819,1.0032018491059767
2,0.004238063313,0.40700000000000003,-0.44689016097816386,0.0026397088456745588,0.08812967298198042,1.0031727925885057
2,0.004238063313,0.40800000000000003,-0.44704087577656726,0.002688713119038105,0.08805729879073695,1.0031439993071398
2,0.004238063313,0.40900000000000003,-0.4471943370678376,0.0027368116588805764,0.08798621038305994,1.0031154669646696
2,0.004238063313,0.41000000000000003,-0.4473504935626519,0.002784003121835022,0.0879163983281577,1.003087193288756
2,0.004238063313,0.41100000000000003,-0.4475092939360603,0.002830286183405717,0.08784785318614191,1.0030591760167349
2,0.004238063313,0.41200000000000003,-0.44767068674134763,0.002875659585175688,0.08778056548553574,1.0030314129198266
2,0.004238063313,0.41300000000000003,-0.4478346204989454,0.0029201220870204584,0.0877145257461906,1.003003901778635
2,0.004238063313,0.41400000000000003,-0.44800104364661286,0.0029636724953083808,0.08764972446600208,1.0029766403976141
2,0.004238063313,0.41500000000000004,-0.448169904542983,0.0030063096621842362,0.08758615212146705,1.0029496266046989
2,0.004238063313,0.41600000000000004,-0.44834115151624554,0.0030480324575985793,0.0875237991807896,1.0029228582369594
2,0.004238063313,0.417,-0.44851473279098525,0.0030888398139111302,0.08746265608343709,1.002896333163469
2,0.004238063313,0.418,-0.4486905965639632,0.00312873068077593,0.08740271326100546,1.0028700492621676
2,0.004238063313,0.419,-0.44886869096205484,0.0031677040518192454,0.08734396112517763,1.0028440044335298
2,0.004238063313,0.42,-0.44904896404560474,0.0032057589640077013,0.08728639006827432,1.0028181966002259
2,0.004238063313,0.421,-0.44923136384941487,0.0032428944711729397,0.08722999047511962,1.0027926236935603
2,0.004238063313,0.422,-0.44941583832186655,0.0032791096863191782,0.08717475270462077,1.002767283675101
2,0.004238063313,0.423,-0.44960233538828226,0.0033144037388655513,0.08712066710860394,1.002742174514801
2,0.004238063313,0.424,-0.4497908029162148,0.0033487757999838487,0.08706772402099827,1.002717294203933
2,0.004238063313,0.425,-0.4499811887186358,0.0033822250820438786,0.08701591375837767,1.0026926407547718
2,0.004238063313,0.426,-0.45017344058762426,0.003414750813453569,0.08696522663060359,1.0026682121877644
2,0.004238063313,0.427,-0.45036750624516464,0.003446352278952555,0.08691565292439478,1.0026440065520075
2,0.004238063313,0.428,-0.450563333394714,0.003477028778924688,0.0868671829201653,1.0026200219045396
2,0.004238063313,0.429,-0.4507608696934881,0.003506779653562385,0.08681980688241202,1.0025962563225896
2,0.004238063313,0.43,-0.4509600627555026,0.0035356042823828805,0.08677351506024525,1.0025727079032853
2,0.004238063313,0.431,-0.45116086017831286,0.0035635020602189853,0.08672829769683169,1.0025493747514969
2,0.004238063313,0.432,-0.4513632095049538,0.0035904724357574366,0.08668414501491219,1.0025262549992489
2,0.004238063313,0.433,-0.45156705826426063,0.003616514872658313,0.0866410472316826,1.0025033467860962
2,0.004238063313,0.434,-0.4517723539498421,0.0036416288726993,0.08659899455035776,1.002480648270738
2,0.004238063313,0.435,-0.451979044022994,0.003665813975357239,0.0865579771606893,1.0024581576307467
2,0.004238063313,0.436,-0.452187075932793,0.0036890697347980363,0.08651798524723602,1.0024358730510412
2,0.004238063313,0.437,-0.45239639708871676,0.0037113957568981723,0.08647900897678176,1.0024137927423065
2,0.004238063313,0.438,-0.45260695489019437,0.003732791661928638,0.0864410385113059,1.0023919149223752
2,0.004238063313,0.439,-0.4528186967119986,0.003753257106820562,0.08640406400069346,1.002370237827255
2,0.004238063313,0.44,-0.45303156990704907,0.0037727917848071257,0.08636807558323906,1.0023487597108751
2,0.004238063313,0.441,-0.45324552182012307,0.0037913954032727727,0.08633306339277505,1.0023274788341419
2,0.004238063313,0.442,-0.45346049977075853,0.003809067719478381,0.08629901754793719,1.0023063934824403
2,0.004238063313,0.443,-0.45367645107244425,0.0038258085045857018,0.08626592816327606,1.002285501947948
2,0.004238063313,0.444,-0.45389332302420143,0.0038416175651753265,0.08623378534308128,1.0022648025401149
2,0.004238063313,0.445,-0.45411106291329345,0.003856494742944629,0.0862025791818698,1.0022442935854314
2,0.004238063313,0.446,-0.45432961802277766,0.003870439893286678,0.08617229977040564,1.0022239734170206
2,0.004238063313,0.447,-0.45454893562435383,0.0038834529199237807,0.0861429371867567,1.0022038403912876
2,0.004238063313,0.448,-0.4547689629875442,0.003895533740064619,0.08611448150560325,1.0021838928711009
2,0.004238063313,0.449,-0.4549896473772692,0.0039066823052962725,0.08608692279314087,1.0021641292357624
2,0.004238063313,0.45,-0.45521093605648016,0.00391689860133433,0.08606025110755312,1.002144547880794
2,0.004238063313,0.451,-0.45543277628774054,0.003926182627211027,0.08603445650395727,1.0021251472080308
2,0.004238063313,0.452,-0.45565511533573866,0.003934534429007818,0.08600952902719437,1.0021059256414775
2,0.004238063313,0.453,-0.4558779004667501,0.003941954065951769,0.0859854587193923,1.0020868816112933
2,0.004238063313,0.454,-0.4561010789520472,0.003948441630795148,0.08596223561591199,1.0020680135632938
2,0.004238063313,0.455,-0.45632459807046855,0.003953997249614245,0.08593984974580408,1.0020493199587481
2,0.004238063313,0.456,-0.456548405104186,0.003958621061494355,0.08591829113571652,1.0020307992649427
2,0.004238063313,0.457,-0.4567724473506525,0.003962313251539484,0.08589754980435829,1.002012449970297
2,0.004238063313,0.458,-0.45699667211258604,0.003965074017727429,0.08587761576837658,1.0019942705690978
2,0.004238063313,0.459,-0.4572210267070845,0.003966903590883011,0.08585847903930992,1.001976259570564
2,0.004238063313,0.46,-0.45744545846814344,0.003967802234522534,0.08584012962402865,1.0019584154986538
2,0.004238063313,0.461,-0.4576699147367359,0.003967770224930479,0.08582255752764062,1.0019407368830673
2,0.004238063313,0.462,-0.457894342882014,0.003966807883613169,0.0858057527495694,1.0019232222736703
2,0.004238063313,0.463,-0.4581186902820056,0.003964915544743458,0.08578970528780462,1.0019058702259305
2,0.004238063313,0.464,-0.458342904338332,0.003962093574827093,0.08577440513682617,1.0018886793095685
2,0.004238063313,0.465,-0.45856693247868896,0.003958342372589958,0.08575984228802863,1.0018716481083818
2,0.004238063313,0.466,-0.4587907221413341,0.003953662349347963,0.08574600673166109,1.0018547752116498
2,0.004238063313,0.467,-0.45901422080540827,0.0039480539610611855,0.08573288845446092,1.0018380592279164
2,0.004238063313,0.468,-0.4592373759624884,0.003941517676209609,0.08572047744233646,1.0018214987710778
2,0.004238063313,0.46900000000000003,-0.4594601351368358,0.00393405399524596,0.08570876367922668,1.0018050924686515
2,0.004238063313,0.47000000000000003,-0.45968244588785057,0.003925663450523181,0.08569773714750974,1.0017888389616096
2,0.004238063313,0.47100000000000003,-0.4599042557890375,0.003916346586864949,0.08568738782901267,1.0017727368961662
2,0.004238063313,0.47200000000000003,-0.4601255124673546,0.0039061039933674232,0.08567770570414289,1.0017567849369553
2,0.004238063313,0.47300000000000003,-0.46034616356572333,0.003894936271557022,0.08566868075306149,1.0017409817537317
2,0.004238063313,0.47400000000000003,-0.46056615676875867,0.0038828440547175216,0.08566030295544327,1.0017253260292784
2,0.004238063313,0.47500000000000003,-0.4607854398052089,0.0038698280078553627,0.08565256229087026,1.0017098164592535
2,0.004238063313,0.47600000000000003,-0.4610039604214442,0.0038558888083837966,0.08564544873894561,1.00169445174433
2,0.004238063313,0.47700000000000004,-0.46122166642978024,0.003841027177810592,0.0856389522798675,1.0016792306028126
2,0.004238063313,0.47800000000000004,-0.46143850566200556,0.0038252438500377384,0.08563306289414849,1.0016641517579077
2,0.004238063313,0.47900000000000004,-0.4616544260005706,0.0038085395906453734,0.0856277705632433,1.0016492139452966
2,0.004238063313,0.48,-0.46186937538102213,0.003790915196892687,0.08562306526992756,1.00163441591299
2,0.004238063313,0.481,-0.4620833017600351,0.003772371478433829,0.08561893699754902,1.0016197564138032
2,0.004238063313,0.482,-0.46229615317269823,0.003752909289021763,0.08561537573199085,1.0016052342174424
2,0.004238063313,0.483,-0.46250787767707996,0.003732529494818058,0.08561237145999108,1.0015908480983102
2,0.004238063313,0.484,-0.4627184233908739,0.0037112329937113225,0.08560991417060565,1.001576596842766
2,0.004238063313,0.485,-0.46292773849383956,0.0036890207153515812,0.08560799385557365,1.0015624792489857
2,0.004238063313,0.486,-0.4631357711903742,0.0036658936018209632,0.08560660050773741,1.001548494119752
2,0.004238063313,0.487,-0.46334246977578303,0.003641852639476078,0.08560572412434492,1.0015346402740428
2,0.004238063313,0.488,-0.463547782571868,0.003616898827143942,0.08560535470401998,1.0015209165353416
2,0.004238063313,0.489,-0.46375165796905177,0.0035910331955479238,0.08560548224903106,1.001507321738597
2,0.004238063313,0.49,-0.4639540444288314,0.0035642568073735617,0.08560609676564372,1.0014938547300973
2,0.004238063313,0.491,-0.4641548904408692,0.0035365707378216685,0.08560718826173898,1.0014805143605479
2,0.004238063313,0.492,-0.464354144598302,0.003507976106704189,0.0856087467514085,1.0014672994961966
2,0.004238063313,0.493,-0.4645517555243045,0.0034784740464097875,0.08561076225062264,1.0014542090076148
2,0.004238063313,0.494,-0.4647476719197308,0.003448065721505838,0.08561322478027751,1.0014412417763803
2,0.004238063313,0.495,-0.46494184256559185,0.003416752328833717,0.08561612436653555,1.0014283966949566
2,0.004238063313,0.496,-0.4651342162746201,0.003384535077876429,0.08561945103766969,1.0014156726600492
2,0.004238063313,0.497,-0.4653247419757062,0.003351415223215681,0.08562319482990809,1.0014030685832882
2,0.004238063313,0.498,-0.46551336863135584,0.0033173940321579213,0.08562734578184421,1.001390583380458
2,0.004238063313,0.499,-0.4657000452909082,0.0032824728045765562,0.0856318939382363,1.0013782159779145
2,0.004238063313,0.5,-0.46588472109304396,0.003246652873034801,0.0856368293503376,1.0013659653124718
2,0.004238063313,0.501,-0.4660673452117638,0.0032099355829042614,0.085642142071991,1.001353830325021
2,0.004238063313,0.502,-0.46624786695006804,0.003172322325283933,0.08564782216668478,1.0013418099707945
2,0.004238063313,0.503,-0.4664262356481965,0.0031338145041845404,0.08565385970074393,1.0013299032090177
2,0.004238063313,0.504,-0.46660240074250103,0.0030944135566709076,0.08566024474785988,1.0013181090090777
2,0.004238063313,0.505,-0.4667763117679907,0.003054120953010491,0.08566696738941112,1.001306426350416
2,0.004238063313,0.506,-0.4669479182986459,0.0030129381764835844,0.08567401770983069,1.0012948542163917
2,0.004238063313,0.507,-0.4671171700504845,0.0029708667568580467,0.08568138580483868,1.0012833916041577
2,0.004238063313,0.508,-0.4672840167804469,0.0029279082370367235,0.08568906177345015,1.0012720375147044
2,0.004238063313,0.509,-0.4674484083510141,0.0028840641935557066,0.08569703572321481,1.0012607909587963
2,0.004238063313,0.51,-0.46761029473279914,0.0028393362367566868,0.08570529777052939,1.0012496509568694
2,0.004238063313,0.511,-0.4677696259390996,0.002793725990233651,0.08571383803529779,1.0012386165331293
2,0.004238063313,0.512,-0.46792635213852135,0.002747235124950288,0.0857226466503102,1.001227686725051
2,0.004238063313,0.513,-0.4680804235443437,0.0026998653252621337,0.0857317137520986,1.0012168605738034
2,0.004238063313,0.514,-0.46823179048499114,0.002651618309822299,0.08574102948686911,1.0012061371299608
2,0.004238063313,0.515,-0.46838040340667725,0.002602495831775805,0.08575058401080722,1.0011955154534051
2,0.004238063313,0.516,-0.4685262128020862,0.0025524996577917674,0.08576036748404771,1.0011849946076465
2,0.004238063313,0.517,-0.4686691693327466,0.0025016316029036582,0.08577037008117497,1.0011745736689683
2,0.004238063313,0.518,-0.46880922370868844,0.0024498934958245983,0.08578058198095238,1.0011642517172097
2,0.004238063313,0.519,-0.468946326764891,0.0023972872003080207,0.08579099337293276,1.001154027841265
2,0.004238063313,0.52,-0.4690804294639843,0.0023438146153621385,0.08580159445775806,1.00114390113899
2,0.004238063313,0.521,-0.46921148281893654,0.002289477653820754,0.08581237544045275,1.0011338707117352
2,0.004238063313,0.522,-0.46933943802539246,0.002234278277979776,0.08582332654202497,1.0011239356731503
2,0.004238063313,0.523,-0.46946424633141165,0.0021782184641308644,0.0858344379880913,1.0011140951403101
2,0.004238063313,0.524,-0.4695858591200271,0.0021213002244203616,0.08584570001615381,1.001104348239011
2,0.004238063313,0.525,-0.4697042279120109,0.002063525607082065,0.0858571028758953,1.0010946941036811
2,0.004238063313,0.526,-0.469819304282429,0.002004896674503901,0.08586863682180765,1.0010851318721146
2,0.004238063313,0.527,-0.46993104000318076,0.001945415539727346,0.08588029212587771,1.0010756606939544
2,0.004238063313,0.528,-0.4700393869025864,0.0018850843301313753,0.08589205906512445,1.0010662797221435
2,0.004238063313,0.529,-0.470144296954204,0.0018239052098288993,0.08590392792953391,1.0010569881180267
2,0.004238063313,0.53,-0.47024572227966277,0.0017618803799159925,0.08591588902235126,1.0010477850512671
2,0.004238063313,0.531,-0.4703436150589387,0.001699012055995807,0.08592793265205224,1.0010386696947706
2,0.004238063313,0.532,-0.4704379276833468,0.0016353025056007602,0.08594004914610323,1.0010296412328605
2,0.004238063313,0.533,-0.4705286126047289,0.0015707540109655286,0.08595222883742222,1.0010206988530412
2,0.004238063313,0.534,-0.4706156224306864,0.0015053688919960842,0.08596446207296625,1.0010118417509142
2,0.004238063313,0.535,-0.4706989099274853,0.0014391495065335495,0.08597673921402166,1.001003069130097
2,0.004238063313,0.536,-0.4707784279238942,0.0013720982273008227,0.08598905062752378,1.0009943801973338
2,0.004238063313,0.537,-0.47085412947489785,0.0013042174803006511,0.08600138670088492,1.000985774170373
2,0.004238063313,0.538,-0.4709259677002205,0.0012355097066231544,0.08601373782738657,1.0009772502700294
2,0.004238063313,0.539,-0.4709938958861391,0.0011659773860184526,0.08602609441541645,1.0009688077249228
2,0.004238063313,0.54,-0.4710578674884661,0.0010956230371733044,0.0860384468887581,1.0009604457714008
2,0.004238063313,0.541,-0.4711178360297808,0.0010244491940500477,0.08605078567726132,1.000952163648824
2,0.004238063313,0.542,-0.471173755274147,0.0009524584453068962,0.08606310123273674,1.000943960607163
2,0.004238063313,0.543,-0.47122557905469237,0.0008796533950922553,0.08607538401328162,1.0009358358993434
2,0.004238063313,0.544,-0.471273261382177,0.0008060366872478075,0.08608762449316637,1.0009277887858155
2,0.004238063313,0.545,-0.47131675644805604,0.0007316110055960923,0.0860998131631251,1.0009198185344814
2,0.004238063313,0.546,-0.4713560185149297,0.0006563790496454893,0.08611194052037605,1.0009119244161468
2,0.004238063313,0.547,-0.47139100210256035,0.0005803435750723017,0.08612399708558624,1.0009041057118477
2,0.004238063313,0.548,-0.47142166180421374,0.0005035073534609026,0.08613597338612834,1.000896361705469
2,0.004238063313,0.549,-0.4714479524021663,0.0004258731971600221,0.08614785996661974,1.000888691688151
2,0.004238063313,0.55,-0.4714698288708492,0.0003474439595794321,0.08615964738921517,1.0008810949582188
2,0.004238063313,0.551,-0.47148724626033534,0.00026822251023881315,0.08617132622297392,1.000873570816797
2,0.004238063313,0.552,-0.47150015989396027,0.00018821177634443574,0.08618288706190241,1.0008661185748748
2,0.004238063313,0.553,-0.47150852517312275,0.00010741470144093214,0.0861943205071351,1.0008587375461886
2,0.004238063313,0.554,-0.47151229769991737,2.5834270939419223e-05,0.08620561717813194,1.0008514270514706
2,0.004238063313,0.555,-0.47151143328036393,-5.652648757854183e-05,0.08621676771297422,1.0008441864183797
2,0.004238063313,0.556,-0.47150588780074143,-0.0001396645299862449,0.08622776275707247,1.0008370149772756
2,0.004238063313,0.557,-0.47149561743712703,-0.0002235767529144883,0.08623859298229927,1.0008299120680288
2,0.004238063313,0.558,-0.4714805784483447,-0.00030826003621563876,0.08624924906808282,1.000822877033159
2,0.004238063313,0.559,-0.4714607273059143,-0.0003937112167491311,0.08625972171327108,1.000815909221931
2,0.004238063313,0.56,-0.47143602069736823,-0.00047992708807205936,0.08627000163643216,1.0008090079902898
2,0.004238063313,0.561,-0.4714064153952404,-0.0005669044267525976,0.08628007956389382,1.0008021726967828
2,0.004238063313,0.562,-0.4713718684788427,-0.000654639948532613,0.0862899462499836,1.0007954027091281
2,0.004238063313,0.5630000000000001,-0.4713323371150425,-0.0007431303519283135,0.0862995924570189,1.000788697397599
2,0.004238063313,0.5640000000000001,-0.47128777869572475,-0.0008323722913189046,0.08630900896784906,1.000782056138971
2,0.004238063313,0.5650000000000001,-0.47123815084119663,-0.0009223623766335405,0.08631818658616107,1.0007754783164602
2,0.004238063313,0.5660000000000001,-0.47118341126163565,-0.001013097200362754,0.0863271161238397,1.0007689633157928
2,0.004238063313,0.5670000000000001,-0.471123517991428,-0.0011045732925683259,0.08633578842233544,1.0007625105315365
2,0.004238063313,0.5680000000000001,-0.4710584291574507,-0.0011967871656345943,0.08634419433153134,1.0007561193607208
2,0.004238063313,0.5690000000000001,-0.4709881031242462,-0.001289735286653844,0.08635232472297619,1.0007497892066453
2,0.004238063313,0.5700000000000001,-0.47091249849751454,-0.0013834140771114118,0.08636017049019695,1.0007435194788181
2,0.004238063313,0.5710000000000001,-0.4708315739778225,-0.0014778199406009775,0.08636772253536552,1.000737309589167
2,0.004238063313,0.5720000000000001,-0.47074528860783077,-0.0015729492166755771,0.08637497179181917,1.0007311589581418
2,0.004238063313,0.5730000000000001,-0.47065360152775554,-0.0016687982267570437,0.08638190920178021,1.0007250670085672
2,0.004238063313,0.5740000000000001,-0.4705564721284522,-0.0017653632458157042,0.08638852573029628,1.0007190331693108
2,0.004238063313,0.5750000000000001,-0.47045386005499773,-0.0018626405020554149,0.0863948123655601,1.0007130568752236
2,0.004238063313,0.5760000000000001,-0.47034572505246053,-0.0019606262053345693,0.08640076010486708,1.0007071375634902
2,0.004238063313,0.577,-0.47023202722634433,-0.0020593164998586543,0.08640635997831643,1.0007012746795083
2,0.004238063313,0.578,-0.4701127267849009,-0.0021587075112487982,0.08641160302535625,1.0006954676709638
2,0.004238063313,0.579,-0.46998778420032333,-0.0022587953175172352,0.08641648030944848,1.0006897159913666
2,0.004238063313,0.58,-0.4698571602124175,-0.002359575948754069,0.08642098291839734,1.0006840190999935
2,0.004238063313,0.581,-0.4697208156662338,-0.0024610454162518965,0.08642510194957927,1.0006783764583689
2,0.004238063313,0.582,-0.46957871178605415,-0.0025631996640467732,0.08642882853485638,1.0006727875359318
2,0.004238063313,0.583,-0.46943080990422886,-0.0026660346171402545,0.0864321538159162,1.0006672518043265
2,0.004238063313,0.584,-0.4692770716306784,-0.0027695461517761926,0.086435068959681,1.0006617687408077
2,0.004238063313,0.585,-0.46911745885665224,-0.002873730095130857,0.08643756515864569,1.0006563378281867
2,0.004238063313,0.586,-0.46895193358402487,-0.002978582255135222,0.0864396336153602,1.0006509585514407
2,0.004238063313,0.587,-0.4687804582131504,-0.0030840983708775075,0.08644126556858987,1.0006456304031708
2,0.004238063313,0.588,-0.4686029952578976,-0.003190274161966877,0.08644245226741551,1.000640352878102
2,0.004238063313,0.589,-0.46841950752365724,-0.0032971052981207592,0.08644318498740923,1.0006351254763648
2,0.004238063313,0.59,-0.4682299581111878,-0.0034045873988600706,0.08644345503098223,1.0006299477034406
2,0.004238063313,0.591,-0.4680343102373784,-0.0035127160640193427,0.08644325371109786,1.000624819066897
2,0.004238063313,0.592,-0.4678325275372909,-0.0036214868230302418,0.08644257237871623,1.0006197390816445
2,0.004238063313,0.593,-0.46762457376507344,-0.003730895185408801,0.08644140239561802,1.0006147072646387
2,0.004238063313,0.594,-0.4674104129806654,-0.003840936609666286,0.0864397351513697,1.00060972313804
2,0.004238063313,0.595,-0.46719000955372886,-0.003951606503011173,0.08643756206368225,1.0006047862291618
2,0.004238063313,0.596,-0.4669633279756859,-0.004062900252533579,0.08643487456133109,1.0005998960673257
2,0.004238063313,0.597,-0.46673033317626106,-0.004174813173395231,0.0864316641129251,1.000595052188923
2,0.004238063313,0.598,-0.4664909902099585,-0.004287340560416002,0.08642792219841455,1.0005902541323135
2,0.004238063313,0.599,-0.46624526445165443,-0.004400477656325019,0.08642364032687053,1.0005855014408678
2,0.004238063313,0.6,-0.4659931216006114,-0.004514219651471023,0.08641881003685518,1.0005807936629163
2,0.004238063313,0.601,-0.46573452748360217,-0.004628561715663869,0.08641342287852362,1.0005761303487222
2,0.004238063313,0.602,-0.4654694483862569,-0.004743498945302401,0.0864074704437594,1.0005715110553528
2,0.004238063313,0.603,-0.4651978507247982,-0.004859026416030062,0.08640094433632477,1.0005669353417703
2,0.004238063313,0.604,-0.4649197012507035,-0.004975139150346538,0.08639383619048055,1.0005624027717581
2,0.004238063313,0.605,-0.46463496705480056,-0.005091832117328084,0.08638613767136834,1.000557912913872
2,0.004238063313,0.606,-0.4643436153612946,-0.005209100265105296,0.08637784045626805,1.0005534653385275
2,0.004238063313,0.607,-0.4640456138742157,-0.005326938466966134,0.08636893626614388,1.0005490596226871
2,0.004238063313,0.608,-0.46374093043411346,-0.005445341575044538,0.08635941683439347,1.000544695345134
2,0.004238063313,0.609,-0.4634295332319685,-0.005564304387316427,0.08634927392633511,1.000540372089291
2,0.004238063313,0.61,-0.4631113908133646,-0.005683821647331513,0.08633849933960216,1.0005360894431703
2,0.004238063313,0.611,-0.4627864718632431,-0.005803888077303063,0.08632708488452943,1.0005318469965732
2,0.004238063313,0.612,-0.4624547455677346,-0.005924498323228954,0.08631502241715487,1.0005276443455962
2,0.004238063313,0.613,-0.46211618125552684,-0.006045647009571577,0.08630230380652235,1.0005234810880872
2,0.004238063313,0.614,-0.4617707486211949,-0.006167328705665363,0.08628892095506423,1.0005193568263555
2,0.004238063313,0.615,-0.46141841772944775,-0.006289537925461608,0.08627486579900838,1.0005152711671226
2,0.004238063313,0.616,-0.4610591587904399,-0.006412269161202529,0.08626013028786529,1.0005112237188296
2,0.004238063313,0.617,-0.46069294253725845,-0.006535516827608735,0.08624470641893209,1.0005072140959688
2,0.004238063313,0.618,-0.46031973985169045,-0.006659275317503152,0.08622858620310248,1.0005032419147173
2,0.004238063313,0.619,-0.45993952199713417,-0.006783538967660598,0.08621176168617348,1.000499306795539
2,0.004238063313,0.62,-0.45955226062291604,-0.006908302058567058,0.08619422494926504,1.0004954083631377
2,0.004238063313,0.621,-0.45915792752999834,-0.007033558848647061,0.0861759680873792,1.0004915462438704
2,0.004238063313,0.622,-0.45875649506437854,-0.00715930351757127,0.08615698324545394,1.0004877200699092
2,0.004238063313,0.623,-0.45834793572699667,-0.007285530222771796,0.08613726258263321,1.0004839294750427
2,0.004238063313,0.624,-0.45793222241638004,-0.007412233064767565,0.08611679829452636,1.0004801740971796
2,0.004238063313,0.625,-0.45750932843302683,-0.007539406086939416,0.08609558261364075,1.0004764535783006
2,0.004238063313,0.626,-0.45707922723535804,-0.007667043310276656,0.08607360778698409,1.000472767561975
2,0.004238063313,0.627,-0.45664189284926987,-0.007795138675863592,0.08605086611371561,1.0004691156973555
2,0.004238063313,0.628,-0.45619729946193605,-0.007923686102228465,0.08602734990782866,1.0004654976351495
2,0.004238063313,0.629,-0.4557454216743309,-0.008052679450181377,0.08600305152139184,1.0004619130300187
2,0.004238063313,0.63,-0.4552862345056734,-0.008182112522606609,0.08597796334499475,1.0004583615405356
2,0.004238063313,0.631,-0.4548197131394825,-0.008311979099691091,0.08595207778436421,1.000454842826797
2,0.004238063313,0.632,-0.45434583334950523,-0.008442272880653669,0.08592538729966075,1.000451356554261
2,0.004238063313,0.633,-0.45386457107718825,-0.008572987541864875,0.08589788436652589,1.000447902389876
2,0.004238063313,0.634,-0.45337590269421013,-0.008704116701237228,0.08586956150033397,1.000444480004387
2,0.004238063313,0.635,-0.4528798050069813,-0.008835653918036025,0.08584041125665101,1.0004410890722923
2,0.004238063313,0.636,-0.45237625499267237,-0.008967592728549566,0.08581042620683581,1.0004377292695525
2,0.004238063313,0.637,-0.45186523024172254,-0.0090999265871297,0.08577959897902923,1.0004344002772718
2,0.004238063313,0.638,-0.4513467085187713,-0.009232648925014861,0.08574792221751841,1.0004311017779859
2,0.004238063313,0.639,-0.45082066803532067,-0.00936575311431535,0.08571538860802841,1.0004278334578707
2,0.004238063313,0.64,-0.45028708745428647,-0.009499232467843911,0.08568199087819374,1.0004245950067032
2,0.004238063313,0.641,-0.4497459456158799,-0.009633080275184606,0.08564772177211566,1.0004213861156634
2,0.004238063313,0.642,-0.4491972219968806,-0.009767289743117833,0.0856125740930911,1.0004182064808633
2,0.004238063313,0.643,-0.44864089625484044,-0.00990185405507436,0.08557654066124684,1.0004150557997882
2,0.004238063313,0.644,-0.4480769485109837,-0.010036766334761056,0.08553961433989925,1.0004119337734134
2,0.004238063313,0.645,-0.44750535935480334,-0.010172019646012413,0.0855017880360381,1.000408840106167
2,0.004238063313,0.646,-0.4469261095596901,-0.010307607029212285,0.08546305467381211,1.000405774503822
2,0.004238063313,0.647,-0.4463391805591335,-0.010443521441180933,0.08542340723904297,1.0004027366768786
2,0.004238063313,0.648,-0.44574455397402934,-0.01057975581518341,0.08538283873508373,1.0003997263371542
2,0.004238063313,0.649,-0.44514221190591347,-0.010716303024243775,0.08534134221027395,1.0003967431998102
2,0.004238063313,0.65,-0.4445321369415969,-0.010853155881018714,0.08529891075843568,1.0003937869833164
2,0.004238063313,0.651,-0.44391431185844854,-0.010990307174523734,0.08525553749125958,1.0003908574074314
2,0.004238063313,0.652,-0.44328872011766624,-0.011127749609563989,0.08521121558464852,1.0003879541964433
2,0.004238063313,0.653,-0.4426553453745412,-0.011265475867216122,0.08516593823275535,1.0003850770759009
2,0.004238063313,0.654,-0.4420141717821073,-0.01140347856788151,0.08511969867656034,1.0003822257745574
2,0.004238063313,0.655,-0.4413651839958079,-0.011541750271183121,0.08507249020437864,1.0003794000243345
2,0.004238063313,0.656,-0.44070836686835435,-0.0116802835129452,0.08502430612312063,1.0003765995583866
2,0.004238063313,0.657,-0.4400437059601825,-0.011819070744253705,0.08497513980650742,1.0003738241142077
2,0.004238063313,0.658,-0.4393711870325538,-0.01195810439232657,0.08492498464724532,1.0003710734304971
2,0.004238063313,0.659,-0.43869079636168473,-0.012097376823359042,0.08487383408675081,1.0003683472490226
2,0.004238063313,0.66,-0.4380025207434404,-0.012236880342444773,0.08482168161566907,1.0003656453145846
2,0.004238063313,0.661,-0.4373063471777029,-0.012376607230755695,0.08476852074398311,1.0003629673731647
2,0.004238063313,0.662,-0.4366022633961067,-0.012516549684321676,0.08471434505114167,1.0003603131748966
2,0.004238063313,0.663,-0.43589025733787834,-0.01265669987520038,0.08465914813632948,1.0003576824710672
2,0.004238063313,0.664,-0.43517031747449797,-0.012797049914169962,0.0846029236493638,1.000355075015901
2,0.004238063313,0.665,-0.43444243281441086,-0.0129375918506754,0.08454566529122332,1.0003524905665224
2,0.004238063313,0.666,-0.4337065925768591,-0.01307831771015295,0.08448736678298241,1.000349928881187
2,0.004238063313,0.667,-0.43296278673696076,-0.013219219432622309,0.08442802191788895,1.0003473897221222
2,0.004238063313,0.668,-0.43221100548421665,-0.013360288934063512,0.08436762450969205,1.0003448728526574
2,0.004238063313,0.669,-0.4314512395577388,-0.013501518069014472,0.08430616842473287,1.000342378038932
2,0.004238063313,0.67,-0.43068348025097386,-0.013642898630543515,0.08424364758248279,1.0003399050498596
2,0.004238063313,0.671,-0.4299077190749638,-0.0137844223876606,0.08418005592328072,1.0003374536554333
2,0.004238063313,0.672,-0.4291239483208088,-0.013926081023818761,0.08411538746239555,1.0003350236294442
2,0.004238063313,0.673,-0.42833216050079687,-0.014067866198402,0.08404963623637633,1.0003326147467386
2,0.004238063313,0.674,-0.4275323486942168,-0.014209769509287195,0.08398279633635716,1.0003302267848466
2,0.004238063313,0.675,-0.42672450655208605,-0.014351782492843754,0.08391486190860441,1.000327859523951
2,0.004238063313,0.676,-0.42590862794982454,-0.014493896661371764,0.08384582712103657,1.000325512745266
2,0.004238063313,0.677,-0.4250847075671134,-0.014636103441612733,0.08377568621930276,1.0003231862336353
2,0.004238063313,0.678,-0.42425274031162835,-0.014778394236249109,0.08370443347112304,1.00032087977491
2,0.004238063313,0.679,-0.42341272167544064,-0.014920760386492085,0.0836320632008263,1.0003185931575063
2,0.004238063313,0.68,-0.42256464773974006,-0.015063193172109196,0.08355856978990492,1.0003163261723733
2,0.004238063313,0.681,-0.42170851481692395,-0.015205683848827633,0.08348394764229942,1.000314078611447
2,0.004238063313,0.682,-0.42084432004783356,-0.015348223586957406,0.08340819124252069,1.0003118502701278
2,0.004238063313,0.683,-0.4199720608081038,-0.015490803532799973,0.08333129509795194,1.00030964094478
2,0.004238063313,0.684,-0.4190917350751342,-0.01563341477132534,0.08325325377463544,1.0003074504342162
2,0.004238063313,0.685,-0.4182033414328008,-0.015776048326228358,0.08317406189783384,1.0003052785396676
2,0.004238063313,0.686,-0.4173068787029774,-0.015918695197233608,0.08309371411606373,1.0003031250633072
2,0.004238063313,0.687,-0.4164023465601045,-0.01606134629893703,0.08301220516128509,1.000300989810616
2,0.004238063313,0.6880000000000001,-0.41548974492019447,-0.016203992522018193,0.08292952978914056,1.0002988725879944
2,0.004238063313,0.6890000000000001,-0.4145690743183395,-0.0163466246960718,0.0828456828160046,1.0002967732041788
2,0.004238063313,0.6900000000000001,-0.41364033591340277,-0.016489233589693456,0.08276065911954995,1.000294691470215
2,0.004238063313,0.6910000000000001,-0.4127035311090103,-0.01663180994762073,0.08267445360151728,1.0002926271980472
2,0.004238063313,0.6920000000000001,-0.41175866218537427,-0.01677434442990207,0.08258706124999084,1.0002905802027744
2,0.004238063313,0.6930000000000001,-0.41080573167102524,-0.01691682767280452,0.08249847707755502,1.0002885503003744
2,0.004238063313,0.6940000000000001,-0.4098447427308031,-0.017059250251866262,0.08240869615961649,1.0002865373090524
2,0.004238063313,0.6950000000000001,-0.40887569917052013,-0.01720160268201263,0.08231771363497471,1.0002845410492165
2,0.004238063313,0.6960000000000001,-0.4078986050474785,-0.017343875454466407,0.08222552466731724,1.0002825613421313
2,0.004238063313,0.6970000000000001,-0.4069134653194396,-0.017486058976355346,0.08213212450959582,1.0002805980120704
2,0.004238063313,0.6980000000000001,-0.40592028519918594,-0.017628143631204435,0.08203750844008502,1.0002786508841448
2,0.004238063313,0.6990000000000001,-0.404919070552922,-0.017770119742277882,0.08194167180198496,1.00027671978559
2,0.004238063313,0.7000000000000001,-0.40390982790490093,-0.017911977572725925,0.08184461000399436,1.0002748045457401
2,0.004238063313,0.7010000000000001,-0.40289256403754287,-0.018053707362195897,0.08174631848052455,1.000272904994747
2,0.004238063313,0.7020000000000001,-0.4018672866574099,-0.018195299266992117,0.08164679275818466,1.0002710209656305
2,0.004238063313,0.7030000000000001,-0.40083400373273076,-0.01833674342003949,0.08154602838973252,1.000269152292207
2,0.004238063313,0.704,-0.399792723902121,-0.01847802989458449,0.08144402099496216,1.0002672988103192
2,0.004238063313,0.705,-0.39874345647916315,-0.018619148704373544,0.0813407662612779,1.0002654603578085
2,0.004238063313,0.706,-0.39768621104222096,-0.018760089839894835,0.08123625990262318,1.0002636367732956
2,0.004238063313,0.707,-0.3966209981172481,-0.018900843209206614,0.0811304977280782,1.000261827898133
2,0.004238063313,0.708,-0.39554782849844017,-0.019041398697256573,0.08102347557369852,1.0002600335744327
2,0.004238063313,0.709,-0.39446671366716346,-0.019181746130012924,0.08091518934468812,1.000258253646236
2,0.004238063313,0.71,-0.3933776657964799,-0.019321875274674695,0.08080563501597313,1.0002564879594886
2,0.004238063313,0.711,-0.39228069733077076,-0.019461775875473368,0.08069480858984487,1.0002547363608767
2,0.004238063313,0.712,-0.3911758216851736,-0.019601437595287485,0.08058270616666723,1.0002529986996898
2,0.004238063313,0.713,-0.39006305254956125,-0.019740850074200164,0.08046932387460458,1.0002512748259382
2,0.004238063313,0.714,-0.38894240431754606,-0.019880002894132522,0.08035465791307753,1.0002495645914709
2,0.004238063313,0.715,-0.3878138920909414,-0.020018885579086508,0.0802387045533339,1.000247867849948
2,0.004238063313,0.716,-0.38667753124932935,-0.020157487630433797,0.08012146009481051,1.0002461844557362
2,0.004238063313,0.717,-0.38553333816588653,-0.02029579846943673,0.08000292093794015,1.0002445142656782
2,0.004238063313,0.718,-0.3843813294949224,-0.02043380749492443,0.07988308351177713,1.0002428571373032
2,0.004238063313,0.719,-0.38322152261080655,-0.02057150404850187,0.07976194431872852,1.0002412129298908
2,0.004238063313,0.72,-0.3820539356123574,-0.02070887741482574,0.07963949993512083,1.000239581504443
2,0.004238063313,0.721,-0.38087858688250953,-0.02084591685630711,0.07951574696628771,1.0002379627226332
2,0.004238063313,0.722,-0.3796954958202548,-0.02098261155666033,0.07939068212146061,1.000236356448491
2,0.004238063313,0.723,-0.3785046821120057,-0.02111895067757645,0.07926430213930666,1.0002347625467003
2,0.004238063313,0.724,-0.377306166180274,-0.02125492332458232,0.07913660383392393,1.000233180883607
2,0.004238063313,0.725,-0.3760999691879753,-0.021390518547349906,0.07900758409540204,1.0002316113271967
2,0.004238063313,0.726,-0.3748861125883736,-0.021525725373738206,0.07887723984364765,1.0002300537460938
2,0.004238063313,0.727,-0.37366461887282915,-0.02166053275449336,0.07874556810533503,1.000228508011162
2,0.004238063313,0.728,-0.3724355108262882,-0.021794929618796442,0.07861256593737867,1.0002269739938874
2,0.004238063313,0.729,-0.3711988119855172,-0.021928904840847904,0.07847823047417642,1.000225451567336
2,0.004238063313,0.73,-0.36995454664331584,-0.022062447240210697,0.07834255892816186,1.0002239406061324
2,0.004238063313,0.731,-0.36870273938893466,-0.02219554561511607,0.07820554854238441,1.0002224409855087
2,0.004238063313,0.732,-0.3674434158712869,-0.022328188688439502,0.07806719666948822,1.0002209525828247
2,0.004238063313,0.733,-0.3661766020389007,-0.02246036516199851,0.07792750069314922,1.0002194752760327
2,0.004238063313,0.734,-0.36490232460749333,-0.022592063683938554,0.0777864580765456,1.0002180089445845
2,0.004238063313,0.735,-0.36362061106408217,-0.022723272849110358,0.07764406636289961,1.000216553469414
2,0.004238063313,0.736,-0.362331489198095,-0.022853981231563285,0.07750032312683368,1.0002151087320323
2,0.004238063313,0.737,-0.361034987879667,-0.02298417733192306,0.07735522605533798,1.000213674615971
2,0.004238063313,0.738,-0.3597311362844271,-0.02311384963031391,0.07720877286720991,1.0002122510053244
2,0.004238063313,0.739,-0.35841996437017404,-0.023242986554622792,0.07706096136272611,1.0002108377856125
2,0.004238063313,0.74,-0.35710150288087555,-0.023371576480911246,0.076911789424171,1.0002094348437616
2,0.004238063313,0.741,-0.35577578286871303,-0.02349960776501936,0.07676125496599605,1.0002080420672452
2,0.004238063313,0.742,-0.3544428364870483,-0.02362706869147233,0.07660935601772709,1.0002066593454577
2,0.004238063313,0.743,-0.3531026962004509,-0.023753947524900093,0.07645609064145328,1.000205286568326
2,0.004238063313,0.744,-0.35175539527021754,-0.023880232479257465,0.07630145698266882,1.0002039236271305
2,0.004238063313,0.745,-0.35040096775824936,-0.02400591171827072,0.07614545327078635,1.000202570414488
2,0.004238063313,0.746,-0.3490394480402927,-0.024130973386074586,0.07598807776813096,1.0002012268235334
2,0.004238063313,0.747,-0.34767087161312615,-0.024255405557775656,0.07582932885472991,1.0001998927492255
2,0.004238063313,0.748,-0.3462952742902716,-0.02437919628924166,0.0756692049439065,1.0001985680870273
2,0.004238063313,0.749,-0.34491269269607516,-0.02450233358735562,0.07550770453425483,1.0001972527336886
2,0.004238063313,0.75,-0.34352316426945306,-0.024624805410497448,0.07534482621013515,1.0001959465872239
2,0.004238063313,0.751,-0.3421267267686133,-0.0247465996981357,0.07518056858954064,1.0001946495461427
2,0.004238063313,0.752,-0.34072341909197534,-0.024867704323176778,0.07501493041070194,1.0001933615106822
2,0.004238063313,0.753,-0.33931328046004533,-0.024988107139995122,0.07484791044585151,1.0001920823815602
2,0.004238063313,0.754,-0.3378963509177536,-0.025107795955799955,0.07467950755428823,1.000190812060713
2,0.004238063313,0.755,-0.33647267133806086,-0.025226758531152124,0.07450972068285196,1.000189550451278
2,0.004238063313,0.756,-0.3350422829184658,-0.025344982608431946,0.07433854881270707,1.0001882974568617
2,0.004238063313,0.757,-0.3336052280151355,-0.025462455866103805,0.07416599104768411,1.0001870529827084
2,0.004238063313,0.758,-0.3321615493114592,-0.02557916596485778,0.07399204652629003,1.000185816934519
2,0.004238063313,0.759,-0.33071129032831836,-0.025695100520168036,0.0738167144758135,1.0001845892191492
2,0.004238063313,0.76,-0.3292544954275411,-0.025810247102845022,0.0736399942127754,1.000183369744594
2,0.004238063313,0.761,-0.32779120930052646,-0.025924593266300387,0.07346188508867985,1.0001821584192925
2,0.004238063313,0.762,-0.3263214778150247,-0.026038126502857153,0.07328238658000402,1.0001809551532375
2,0.004238063313,0.763,-0.32484534717092195,-0.026150834287872713,0.0731014981985411,1.000179759856853
2,0.004238063313,0.764,-0.32336286441809503,-0.026262704053568182,0.07291921954648944,1.000178572441659
2,0.004238063313,0.765,-0.32187407745970376,-0.026373723189616158,0.07273555031687667,1.0001773928202549
2,0.004238063313,0.766,-0.3203790345332837,-0.026483879069123212,0.0725504902383347,1.0001762209056604
2,0.004238063313,0.767,-0.3188777850695787,-0.026593159007116462,0.07236403916663829,1.0001750566123684
2,0.004238063313,0.768,-0.31737037883614677,-0.026701550302517165,0.07217619699347762,1.0001738998552796
2,0.004238063313,0.769,-0.3158568664624278,-0.02680904021332085,0.07198696370246892,1.000172750550334
2,0.004238063313,0.77,-0.3143372994428647,-0.026915615957220626,0.07179633936954827,1.0001716086144934
2,0.004238063313,0.771,-0.3128117296108379,-0.027021264736227627,0.07160432410683515,1.0001704739651183
2,0.004238063313,0.772,-0.31128021000891654,-0.02712597369746502,0.0714109181556077,1.0001693465209647
2,0.004238063313,0.773,-0.30974279402091137,-0.027229729972861293,0.07121612179361445,1.000168226201175
2,0.004238063313,0.774,-0.30819953590376287,-0.027332520655760893,0.07101993539193557,1.0001671129258751
2,0.004238063313,0.775,-0.30665049079048035,-0.02743433280158322,0.07082235941534325,1.0001660066161604
2,0.004238063313,0.776,-0.3050957141573154,-0.027535153451001177,0.07062339436532529,1.0001649071935022
2,0.004238063313,0.777,-0.3035352627047596,-0.027634969593173964,0.0704230408743725,1.000163814580694
2,0.004238063313,0.778,-0.30196919347870976,-0.02773376820302873,0.07022129961195164,1.0001627287008954
2,0.004238063313,0.779,-0.30039756440875803,-0.027831536219381725,0.07001817134213867,1.000161649478197
2,0.004238063313,0.78,-0.2988204343109413,-0.02792826054563313,0.06981365692394224,1.0001605768376072
2,0.004238063313,0.781,-0.29723786234857075,-0.028023928071423523,0.0696077572535669,1.0001595107044907
2,0.004238063313,0.782,-0.2956499089232694,-0.028118525638437215,0.06940047335987481,1.0001584510054633
2,0.004238063313,0.783,-0.2940566347859485,-0.028212040075140575,0.06919180630915471,1.0001573976674878
2,0.004238063313,0.784,-0.2924581015810632,-0.02830445817649395,0.06898175726344091,1.0001563506184086
2,0.004238063313,0.785,-0.29085437184916024,-0.028395766704682298,0.06877032748079581,1.000155309786938
2,0.004238063313,0.786,-0.28924550848180663,-0.028485952409169447,0.06855751825690064,1.0001542751021262
2,0.004238063313,0.787,-0.2876315756219209,-0.028575001995203745,0.06834333102153972,1.0001532464942071
2,0.004238063313,0.788,-0.2860126377652985,-0.02866290215588129,0.06812776724231438,1.0001522238937435
2,0.004238063313,0.789,-0.2843887603103723,-0.0287496395535289,0.06791082848355215,1.0001512072321315
2,0.004238063313,0.79,-0.2827600095605476,-0.02883520082047053,0.06769251640654471,1.0001501964415889
2,0.004238063313,0.791,-0.2811264521736953,-0.028919572577399105,0.0674728327105624,1.0001491914546536
2,0.004238063313,0.792,-0.27948815607099325,-0.029002741404716387,0.06725177923019467,1.0001481922049844
2,0.004238063313,0.793,-0.27784518952977655,-0.029084693871789243,0.06702935783817218,1.0001471986265487
2,0.004238063313,0.794,-0.2761976217383179,-0.0291654165200839,0.06680557050476223,1.0001462106541044
2,0.004238063313,0.795,-0.2745455227979409,-0.02924489586396829,0.06658041929795734,1.0001452282231864
2,0.004238063313,0.796,-0.2728889631675645,-0.029323118407321044,0.0663539063240198,1.000144251269632
2,0.004238063313,0.797,-0.27122801458023366,-0.029400070617837625,0.06612603382549596,1.0001432797303382
2,0.004238063313,0.798,-0.2695627491281078,-0.02947573895334762,0.06589680408332553,1.0001423135424958
2,0.004238063313,0.799,-0.2678932398217542,-0.029550109846780706,0.06566621947660886,1.000141352644042
2,0.004238063313,0.8,-0.26621956059202945,-0.029623169707004883,0.06543428248274231,1.0001403969736486
2,0.004238063313,0.801,-0.26454178573018433,-0.029694904933592274,0.06520099561760771,1.0001394464702746
2,0.004238063313,0.802,-0.2628599908112273,-0.02976530189422367,0.06496636153406249,1.000138501073881
2,0.004238063313,0.803,-0.2611742517719008,-0.029834346947934697,0.06473038292353087,1.0001375607247054
2,0.004238063313,0.804,-0.25948464547395733,-0.02990202643199397,0.06449306257601911,1.0001366253636932
2,0.004238063313,0.805,-0.2577912497057994,-0.029968326662777232,0.06425440338019288,1.0001356949324836
2,0.004238063313,0.806,-0.25609414261867863,-0.030033233948609527,0.06401440826333724,1.0001347693729867
2,0.004238063313,0.807,-0.25439340365599566,-0.030096734570400376,0.06377308029010709,1.000133848628061
2,0.004238063313,0.808,-0.2526891126251511,-0.030158814801686643,0.06353042256381226,1.0001329326408273
2,0.004238063313,0.809,-0.25098135026425433,-0.03021946089750334,0.06328643828654593,1.0001320213550733
2,0.004238063313,0.81,-0.24927019824351018,-0.030278659095293814,0.06304113075919893,1.0001311147152459
2,0.004238063313,0.811,-0.24755573859806723,-0.030336395625747654,0.06279450332132691,1.0001302126660458
2,0.004238063313,0.812,-0.2458380546623229,-0.030392656696799,0.06254655944992739,1.0001293151530715
2,0.004238063313,0.8130000000000001,-0.24411723013657385,-0.030447428510333656,0.06229730266064819,1.000128422122169
2,0.004238063313,0.8140000000000001,-0.24239334965658108,-0.030500697253133285,0.0620467365678835,1.0001275335198159
2,0.004238063313,0.8150000000000001,-0.2406664987946943,-0.030552449097821652,0.06179486488472017,1.0001266492931113
2,0.004238063313,0.8160000000000001,-0.23893676348992773,-0.030602670211617597,0.06154169136285903,1.0001257693893968
2,0.004238063313,0.8170000000000001,-0.23720423098629986,-0.03065134674382921,0.06128721989116625,1.0001248937568608
2,0.004238063313,0.8180000000000001,-0.2354689888952457,-0.030698464839092516,0.0610314543970539,1.0001240223439265
2,0.004238063313,0.8190000000000001,-0.2337311257674405,-0.030744010630469953,0.06077439890638577,1.000123155099615
2,0.004238063313,0.8200000000000001,-0.23199073109365156,-0.03078797024043272,0.06051605754335017,1.0001222919735342
2,0.004238063313,0.8210000000000001,-0.2302478947326424,-0.030830329787447975,0.06025643447059501,1.0001214329155208
2,0.004238063313,0.8220000000000001,-0.2285027078525398,-0.03087107537710199,0.059995533987280907,1.000120577876214
2,0.004238063313,0.8230000000000001,-0.2267552619900078,-0.030910193111737382,0.059733360430902036,1.0001197268064732
2,0.004238063313,0.8240000000000001,-0.2250056496237092,-0.03094766908578696,0.05946991823683181,1.0001188796577247
2,0.004238063313,0.8250000000000001,-0.22325396417487425,-0.03098348938679242,0.0592052119381166,1.0001180363819484
2,0.004238063313,0.8260000000000001,-0.22150029943365787,-0.031017640099744517,0.05893924610599625,1.0001171969313418
2,0.004238063313,0.8270000000000001,-0.21974475050248807,-0.031050107301968916,0.05867202544716552,1.0001163612588606
2,0.004238063313,0.8280000000000001,-0.21798741285303955,-0.03108087706902841,0.058403554706324204,1.0001155293176693
2,0.004238063313,0.8290000000000001,-0.21622838290068905,-0.031109935472373673,0.058133838725179826,1.0001147010614677
2,0.004238063313,0.8300000000000001,-0.2144677580047907,-0.031137268580398496,0.05786288244215633,1.00011387644448
2,0.004238063313,0.8310000000000001,-0.21270563589413327,-0.03116286246045133,0.05759069083348477,1.0001130554211362
2,0.004238063313,0.8320000000000001,-0.21094211561118686,-0.031186703177618378,0.05731726900935767,1.000112237946583
2,0.004238063313,0.833,-0.20917729656795156,-0.03120877679675641,0.057042622117519294,1.0001114239761655
2,0.004238063313,0.834,-0.20741127912073895,-0.031229069382542576,0.056766755401528715,1.000110613465734
2,0.004238063313,0.835,-0.20564416457014514,-0.031247567000566384,0.056489674200377295,1.0001098063716365
2,0.004238063313,0.836,-0.2038760545862771,-0.03126425571693051,0.05621138389034808,1.0001090026504145
2,0.004238063313,0.837,-0.2021070521527769,-0.03127912160106666,0.055931889979724515,1.0001082022592873
2,0.004238063313,0.838,-0.20033726062265797,-0.031292150723763755,0.05565119801375449,1.0001074051556644
2,0.004238063313,0.839,-0.19856678429272462,-0.0313033291596994,0.055369313631963187,1.0001066112974304
2,0.004238063313,0.84,-0.19679572840322965,-0.031312642988569166,0.05508624256767249,1.000105820642943
2,0.004238063313,0.841,-0.19502419856356504,-0.03132007829219365,0.05480199059084221,1.0001050331507422
2,0.004238063313,0.842,-0.19325230169490315,-0.03132562116150416,0.05451656360097031,1.000104248780011
2,0.004238063313,0.843,-0.19148014508717318,-0.03132925769042949,0.054229967533788434,1.0001034674901095
2,0.004238063313,0.844,-0.18970783697240368,-0.03133097398099292,0.053942208417398614,1.0001026892408513
2,0.004238063313,0.845,-0.18793548652405564,-0.031330756144479124,0.05365329237168808,1.0001019139924958
2,0.004238063313,0.846,-0.18616320328389388,-0.031328590295963715,0.053363225552379934,1.000101141705476
2,0.004238063313,0.847,-0.18439109810204632,-0.03132446256560748,0.053072014241736964,1.000100372340833
2,0.004238063313,0.848,-0.18261928219631152,-0.031318359088263366,0.05277966475737135,1.0000996058597773
2,0.004238063313,0.849,-0.1808478677236868,-0.03131026601122398,0.05248618350696392,1.0000988422239476
2,0.004238063313,0.85,-0.1790769677793658,-0.03130016949542666,0.05219157698756698,1.0000980813954061
2,0.004238063313,0.851,-0.17730669582553166,-0.031288055707320336,0.0518958517311084,1.000097323336379
2,0.004238063313,0.852,-0.17553716662759597,-0.0312739108346095,0.051599014392484245,1.0000965680096694
2,0.004238063313,0.853,-0.17376849531706767,-0.03125772107144086,0.051301071660891734,1.0000958153782409
2,0.004238063313,0.854,-0.17200079796050477,-0.031239472628887537,0.05100203031287329,1.0000950654054634
2,0.004238063313,0.855,-0.17023419155816572,-0.03121915173619319,0.0507018972114999,1.000094318055108
2,0.004238063313,0.856,-0.16846879347548954,-0.031196744629889667,0.05040067925358877,1.000093573291102
2,0.004238063313,0.857,-0.1667047223742357,-0.031172237574134284,0.05009838345474249,1.0000928310779198
2,0.004238063313,0.858,-0.16494209728018472,-0.031145616841333112,0.04979501686364183,1.0000920913801885
2,0.004238063313,0.859,-0.16318103814872717,-0.03111686872545007,0.04949058661313953,1.0000913541629202
2,0.004238063313,0.86,-0.16142166586315743,-0.031085979543290922,0.04918509991931658,1.0000906193915093
2,0.004238063313,0.861,-0.1596641016696312,-0.031052935620783245,0.0488785640306907,1.0000898870314976
2,0.004238063313,0.862,-0.15790846810188608,-0.031017723318054333,0.048570986309730994,1.0000891570489476
2,0.004238063313,0.863,-0.15615488805508526,-0.030980329005344573,0.04826237415057555,1.0000884294100651
2,0.004238063313,0.864,-0.1544034853472321,-0.030940739079231814,0.04795273502788254,1.0000877040814247
2,0.004238063313,0.865,-0.1526543847170951,-0.03089893996395635,0.04764207649575112,1.0000869810299622
2,0.004238063313,0.866,-0.15090771126345773,-0.030854918094772473,0.04733040613921607,1.0000862602227545
2,0.004238063313,0.867,-0.1491635913620578,-0.030808659947918312,0.047017731651736866,1.0000855416273742
2,0.004238063313,0.868,-0.14742215174692772,-0.03076015201166886,0.0467040607568349,1.0000848252115306
2,0.004238063313,0.869,-0.14568352006679688,-0.030709380805568693,0.04638940125439071,1.0000841109432832
2,0.004238063313,0.87,-0.14394782488263577,-0.0306563328817992,0.04607376101942133,1.000083398791036
2,0.004238063313,0.871,-0.14221519511204003,-0.030600994805508302,0.04575714795617462,1.000082688723328
2,0.004238063313,0.872,-0.1404857609369828,-0.030543353189828367,0.04543957007106087,1.0000819807091694
2,0.004238063313,0.873,-0.138759652894048,-0.030483394661913854,0.04512103539873514,1.0000812747177028
2,0.004238063313,0.874,-0.13703700242495614,-0.030421105885278472,0.04480155204551052,1.0000805707184028
2,0.004238063313,0.875,-0.1353179418737156,-0.030356473561206188,0.04448112818798324,1.0000798686810746
2,0.004238063313,0.876,-0.1336026039370089,-0.03028948440596251,0.04415977203005957,1.0000791685756512
2,0.004238063313,0.877,-0.13189112256130772,-0.03022012519102239,0.04383749187076616,1.000078470372516
2,0.004238063313,0.878,-0.13018363204344016,-0.030148382703931793,0.043514296035334424,1.000077774042179
2,0.004238063313,0.879,-0.12848026757434808,-0.030074243773849145,0.04319019291538049,1.0000770795554677
2,0.004238063313,0.88,-0.12678116523583263,-0.029997695273001945,0.042865190967368974,1.0000763868835254
2,0.004238063313,0.881,-0.12508646145783928,-0.029918724090679156,0.04253929867292504,1.0000756959976185
2,0.004238063313,0.882,-0.12339629390343769,-0.029837317178837707,0.04221252460092666,1.0000750068694444
2,0.004238063313,0.883,-0.12171080058121105,-0.029753461507620937,0.04188487734418117,1.0000743194708213
2,0.004238063313,0.884,-0.1200301203813234,-0.029667144094208325,0.041556365556001805,1.0000736337738727
2,0.004238063313,0.885,-0.11835439307184681,-0.029578352004319797,0.041226997948501196,1.0000729497510241
2,0.004238063313,0.886,-0.1166837587638698,-0.02948707232288455,0.04089678325656126,1.0000722673748195
2,0.004238063313,0.887,-0.11501835878279652,-0.029393292205202454,0.04056573029357717,1.0000715866182173
2,0.004238063313,0.888,-0.11335833479409335,-0.02929699882694465,0.04023384789434932,1.000070907454291
2,0.004238063313,0.889,-0.1117038293307158,-0.029198179416420694,0.03990114494766608,1.0000702298564084
2,0.004238063313,0.89,-0.11005498578900316,-0.029096821256132957,0.03956763039441776,1.0000695537982276
2,0.004238063313,0.891,-0.10841194790256573,-0.028992911650011954,0.03923331319561773,1.0000688792535208
2,0.004238063313,0.892,-0.10677486059830636,-0.028886437980318022,0.038898202381133645,1.0000682061964594
2,0.004238063313,0.893,-0.10514386913711062,-0.02877738765194072,0.03856230699945211,1.0000675346013255
2,0.004238063313,0.894,-0.10351911963165059,-0.028665748128198103,0.03822563614585652,1.0000668644426853
2,0.004238063313,0.895,-0.10190075904183231,-0.028551506932443863,0.03788819896035214,1.000066195695386
2,0.004238063313,0.896,-0.10028893465844956,-0.028434651611753688,0.03755000460015251,1.0000655283343838
2,0.004238063313,0.897,-0.09868379494227628,-0.02831516979976259,0.03721106228069934,1.0000648623350212
2,0.004238063313,0.898,-0.09708548868134033,-0.028193049155069868,0.03687138123299139,1.0000641976727487
2,0.004238063313,0.899,-0.09549416549808791,-0.02806827740069166,0.0365309707269253,1.000063534323291
2,0.004238063313,0.9,-0.09390997584436861,-0.027940842325723952,0.036189840069022344,1.000062872262645
2,0.004238063313,0.901,-0.09233307049587652,-0.027810731745357777,0.03584799857981539,1.0000622114669135
2,0.004238063313,0.902,-0.09076360137260588,-0.027677933569859117,0.035505455626424196,1.0000615519125753
2,0.004238063313,0.903,-0.08920172071440403,-0.02754243573687501,0.03516222058817456,1.000060893576212
2,0.004238063313,0.904,-0.08764758157644538,-0.027404226254667773,0.034818302874649126,1.0000602364346738
2,0.004238063313,0.905,-0.08610133782373769,-0.027263293203837365,0.034473711923206585,1.0000595804650751
2,0.004238063313,0.906,-0.08456314363740704,-0.027119624693535866,0.03412845718172505,1.0000589256446333
2,0.004238063313,0.907,-0.08303315431474848,-0.026973208936809736,0.03378254813196559,1.0000582719509314
2,0.004238063313,0.908,-0.0815115254648137,-0.02682403417659011,0.03343599426424193,1.0000576193616557
2,0.004238063313,0.909,-0.07999841349110567,-0.026672088732845173,0.03308880508970754,1.0000569678547517
2,0.004238063313,0.91,-0.07849397558558902,-0.0265173610043657,0.032740990137658035,1.0000563174084245
2,0.004238063313,0.911,-0.07699836924791288,-0.026359839421041132,0.03239255894410783,1.0000556680009798
2,0.004238063313,0.912,-0.07551175306322451,-0.026199512525798233,0.032043521065141,1.000055019611082
2,0.004238063313,0.913,-0.07403428591961027,-0.026036368894044547,0.03169388606142565,1.0000543722174955
2,0.004238063313,0.914,-0.07256612747688233,-0.025870397184884503,0.031343663504243155,1.0000537257992406
2,0.004238063313,0.915,-0.07110743816007468,-0.025701586142972337,0.03099286297256531,1.0000530803355911
2,0.004238063313,0.916,-0.06965837869273848,-0.025529924546702894,0.03064149404796062,1.0000524358059213
2,0.004238063313,0.917,-0.06821911085061784,-0.025355401296996566,0.030289566317099954,1.0000517921899579
2,0.004238063313,0.918,-0.06678979670283021,-0.025178005329949422,0.029937089366941543,1.0000511494675253
2,0.004238063313,0.919,-0.06537059906557431,-0.024997725672268444,0.029584072783989696,1.0000505076187014
2,0.004238063313,0.92,-0.06396168149509181,-0.024814551443196546,0.02923052615113813,1.0000498666238145
2,0.004238063313,0.921,-0.06256320783621269,-0.024628471798461147,0.028876459049421727,1.0000492264632919
2,0.004238063313,0.922,-0.0611753429499194,-0.02443947602617254,0.028521881048813837,1.000048587117909
2,0.004238063313,0.923,-0.059798251980225085,-0.02424755345241725,0.028166801714939023,1.0000479485685396
2,0.004238063313,0.924,-0.05843210079158588,-0.024052693501078665,0.02781123060103009,1.0000473107963075
2,0.004238063313,0.925,-0.057077055961307334,-0.02385488569583915,0.027455177244530112,1.0000466737825855
2,0.004238063313,0.926,-0.05573328434456318,-0.02365411959971858,0.027098651176222996,1.0000460375088447
2,0.004238063313,0.927,-0.05440095377379576,-0.023450384918372078,0.026741661898431735,1.0000454019569032
2,0.004238063313,0.928,-0.05308023235332753,-0.02324367139834461,0.026384218904144094,1.000044767108676
2,0.004238063313,0.929,-0.05177128887921251,-0.023033968891455016,0.026026331661120825,1.000044132946328
2,0.004238063313,0.93,-0.050474292831064874,-0.022821267356880677,0.025668009608249543,1.0000434994522733
2,0.004238063313,0.931,-0.049189413954823485,-0.022605556796106267,0.02530926217260355,1.0000428666090233
2,0.004238063313,0.932,-0.047916822931853065,-0.022386827363926963,0.02495009873412591,1.0000422343994366
2,0.004238063313,0.933,-0.046656690703406875,-0.02216506925906254,0.0245905286580785,1.0000416028064696
2,0.004238063313,0.934,-0.04540918887159989,-0.021940272793295187,0.02423056127074004,1.0000409718133287
2,0.004238063313,0.935,-0.04417448969063542,-0.02171242839364264,0.023870205855506334,1.0000403414034702
2,0.004238063313,0.936,-0.04295276566864053,-0.02148152653252472,0.023509471678440315,1.0000397115604485
2,0.004238063313,0.937,-0.041744190204242734,-0.02124755784679967,0.023148367938506838,1.0000390822681675
2,0.004238063313,0.9380000000000001,-0.040548936943089905,-0.021010513020414626,0.022786903814276442,1.000038453510629
2,0.004238063313,0.9390000000000001,-0.039367180158572344,-0.020770382858501118,0.02242508843064077,1.0000378252720872
2,0.004238063313,0.9400000000000001,-0.03819909474242137,-0.020527158289642737,0.022062930854654928,1.000037197537049
2,0.004238063313,0.9410000000000001,-0.03704485582699712,-0.020280830291053695,0.0217004401301526,1.0000365702901195
2,0.004238063313,0.9420000000000001,-0.03590463938701956,-0.020031390015998563,0.02133762521258163,1.0000359435162576
2,0.004238063313,0.9430000000000001,-0.034778621630446586,-0.01977882866813357,0.020974495030909878,1.0000353172005212
2,0.004238063313,0.9440000000000001,-0.03366697935751202,-0.019523137580777648,0.02061105844477773,1.0000346913282243
2,0.004238063313,0.9450000000000001,-0.03256988995066875,-0.019264308219281,0.020247324240080126,1.0000340658849367
2,0.004238063313,0.9460000000000001,-0.03148753101877036,-0.019002332100995833,0.0198833011732278,1.0000334408563285
2,0.004238063313,0.9470000000000001,-0.030420080961533032,-0.01873720093145329,0.019518997889625484,1.0000328162284293
2,0.004238063313,0.9480000000000001,-0.029367718397173573,-0.01846890647002672,0.019154423001736857,1.0000321919873696
2,0.004238063313,0.9490000000000001,-0.02833062249826704,-0.018197440614610545,0.018789585036090403,1.0000315681195395
2,0.004238063313,0.9500000000000001,-0.027308972981004938,-0.01792279540409629,0.018424492428600676,1.0000309446115914
2,0.004238063313,0.9510000000000001,-0.026302949772776432,-0.017644962932901104,0.01805915357905962,1.0000303214502795
2,0.004238063313,0.9520000000000001,-0.02531273353682857,-0.017363935496299842,0.01769357675229877,1.0000296986227248
2,0.004238063313,0.9530000000000001,-0.024338505139173773,-0.017079705447017368,0.017327770173372566,1.0000290761161519
2,0.004238063313,0.9540000000000001,-0.023380445959702886,-0.016792265285562314,0.016961741963835136,1.000028453918051
2,0.004238063313,0.9550000000000001,-0.022438737880727092,-0.016501607662817195,0.01659550013680298,1.0000278320161804
2,0.004238063313,0.9560000000000001,-0.021513562979532972,-0.016207725288875527,0.016229052662257965,1.0000272103984034
2,0.004238063313,0.9570000000000001,-0.020605104010592356,-0.015910611087951408,0.015862407349943815,1.000026589052959
2,0.004238063313,0.9580000000000001,-0.01971354391436335,-0.015610258045483542,0.015495571962620159,1.000025967968193
2,0.004238063313,0.9590000000000001,-0.018839066102022763,-0.015306659304385753,0.01512855414103538,1.0000253471327238
2,0.004238063313,0.96,-0.01798185444325859,-0.014999808167757797,0.014761361398735752,1.0000247265354458
2,0.004238063313,0.961,-0.017142092985445275,-0.01468969800176697,0.014394001198753212,1.0000241061653607
2,0.004238063313,0.962,-0.01631996639063228,-0.014376322400581794,0.0140264808173064,1.0000234860118573
2,0.004238063313,0.963,-0.015515659488983872,-0.014059675023546122,0.013658807476060306,1.0000228660644355
2,0.004238063313,0.964,-0.014729357535418692,-0.013739749697622882,0.013290988255234736,1.0000222463128747
2,0.004238063313,0.965,-0.013961246196617622,-0.013416540420231802,0.012923030088168228,1.0000216267472406
2,0.004238063313,0.966,-0.013211511298543472,-0.013090041255897399,0.012554939849948696,1.0000210073577083
2,0.004238063313,0.967,-0.012480339215306092,-0.012760246511675922,0.012186724201020892,1.000020388134854
2,0.004238063313,0.968,-0.011767916470115394,-0.012427150563934963,0.011818389739357386,1.0000197690693675
2,0.004238063313,0.969,-0.011074429962035505,-0.0120907479672805,0.011449942901164576,1.0000191501522293
2,0.004238063313,0.97,-0.01040006695217132,-0.01175103345752755,0.01108138995521366,1.0000185313747143
2,0.004238063313,0.971,-0.009745014841336424,-0.011408001841822292,0.010712737103948095,1.0000179127282127
2,0.004238063313,0.972,-0.009109461507758328,-0.011061648185053575,0.01034399030614688,1.0000172942045287
2,0.004238063313,0.973,-0.008493594958552763,-0.01071196762575106,0.00997515544986849,1.000016675795585
2,0.004238063313,0.974,-0.007897603524716187,-0.010358955491798515,0.009606238240248059,1.0000160574936054
2,0.004238063313,0.975,-0.00732167584645266,-0.010002607303542643,0.009237244193612092,1.0000154392911194
2,0.004238063313,0.976,-0.0067660006828786,-0.009642918657084778,0.008868178751563744,1.0000148211807756
2,0.004238063313,0.977,-0.00623076719538949,-0.009279885422187143,0.008499047081914412,1.0000142031556531
2,0.004238063313,0.978,-0.005716164652804398,-0.00891350354678304,0.008129854273202643,1.0000135852089536
2,0.004238063313,0.979,-0.005222382592633231,-0.008543769179790254,0.007760605209118135,1.0000129673341913
2,0.004238063313,0.98,-0.004749610805504224,-0.00817067867436243,0.007391304562421829,1.000012349525199
2,0.004238063313,0.981,-0.004298039178881802,-0.007794228464035091,0.007021956922466438,1.000011731775933
2,0.004238063313,0.982,-0.003867857922769535,-0.0074144152726524125,0.006652566573690466,1.0000111140807968
2,0.004238063313,0.983,-0.0034592573318194824,-0.007031235906966584,0.006283137712436452,1.000010496434322
2,0.004238063313,0.984,-0.0030724279108205305,-0.006644687386873841,0.005913674307591094,1.0000098788313647
2,0.004238063313,0.985,-0.002707560358185713,-0.006254766948811547,0.005544180094337888,1.0000092612671128
2,0.004238063313,0.986,-0.002364845445749868,-0.005861471914435009,0.005174658715514868,1.0000086437368825
2,0.004238063313,0.987,-0.002044474183333205,-0.005464799913101558,0.004805113477067491,1.0000080262364555
2,0.004238063313,0.988,-0.0017466376412597956,-0.00506474866202414,0.004435547587792656,1.0000074087617468
2,0.004238063313,0.989,-0.001471527037921245,-0.004661316104258128,0.004065964005850928,1.0000067913090096
2,0.004238063313,0.99,-0.0012193337222823598,-0.004254500412245701,0.003696365432384979,1.000006173874842
2,0.004238063313,0.991,-0.0009902490919176125,-0.0038442998486948217,0.0033267544670479024,1.0000055564559756
2,0.004238063313,0.992,-0.0007844646928069759,-0.0034307130021625594,0.0029571333399363567,1.0000049390496266
2,0.004238063313,0.993,-0.0006021721058602502,-0.0030137385542215065,0.0025875041747667337,1.0000043216531507
2,0.004238063313,0.994,-0.0004435629943171417,-0.0025933754255272946,0.002217868820996242,1.0000037042642547
2,0.004238063313,0.995,-0.0003088290852296169,-0.0021696227795099635,0.001848228847347065,1.0000030868810046
2,0.004238063313,0.996,-0.00019816212798939837,-0.0017424798751252799,0.0014785857117557046,1.0000024695016059
2,0.004238063313,0.997,-0.00011175392557455512,-0.001311946316077156,0.0011089404694573743,1.0000018521247682
2,0.004238063313,0.998,-4.979628882959397e-05,-0.0008780218044559544,0.0007392940599563191,1.0000012347493457
2,0.004238063313,0.999,-1.2481041369995111e-05,-0.0004407062952137446,0.0003696471245887864,1.0000006173745586
2,0.004238063313,1.0,6.3527471044072525e-21,9.521893166008697e-20,-3.46674496648271e-20,1.0
3,0.017363753957,0.0,0.0,-1.9659249992349442e-31,1.0,1.16
3,0.017363753957,0.001,-0.0003296269642787968,0.011546215997491121,0.9856217205376052,1.158777660321488
3,0.017363753957,0.002,-0.0012943077032268992,0.022456158014735883,0.9712616782534521,1.1575553301649926
3,0.017363753957,0.003,-0.0028586594082454057,0.032751341055887964,0.9569369583287579,1.156333033470645
3,0.017363753957,0.004,-0.004988505997503765,0.04245291749251308,0.9426634452325569,1.1551108091030957
3,0.017363753957,0.005,-0.0076508576307612874,0.05158166354172165,0.9284558813232211,1.1538887099993949
3,0.017363753957,0.006,-0.01081388842978499,0.06015796773386001,0.9143279240490879,1.1526668023287991
3,0.017363753957,0.007,-0.014446914968837394,0.06820182046340859,0.9002921995220311,1.1514451646914012
3,0.017363753957,0.008,-0.01852037295854459,0.07573280542886324,0.8863603550232458,1.1502238873243023
3,0.017363753957,0.009000000000000001,-0.023005794453733495,0.08277009209184091,0.8725431084969751,1.1490030713387451
3,0.017363753957,0.01,-0.027875784610871798,0.08933242941790148,0.8588502961020559,1.1477828279751867
3,0.017363753957,0.011,-0.03310399520696542,0.09543814207301705,0.845290920004945,1.1465632778533512
3,0.017363753957,0.012,-0.03866510513961957,0.10110512473165019,0.8318731886771821,1.1453445503022994
3,0.017363753957,0.013000000000000001,-0.044534791313578466,0.10635084140177581,0.818604562630546,1.1441267826290595
3,0.017363753957,0.014,-0.050689707076237676,0.11119232250768996,0.8054917924932946,1.1429101194695237
3,0.017363753957,0.015,-0.057107457579940464,0.11564616412046705,0.7925409577643059,1.141694712130254
3,0.017363753957,0.016,-0.0637665726420729,0.11972852928937153,0.7797575054869694,1.1404807179350396
3,0.017363753957,0.017,-0.07064648646351013,0.12345514691192745,0.767146282779503,1.139268299630948
3,0.017363753957,0.018000000000000002,-0.07772750897712774,0.12684131539892768,0.7547115734391731,1.1380576247615848
3,0.017363753957,0.019,-0.08499080405913824,0.1299019037690725,0.7424571286268167,1.1368488650979942
3,0.017363753957,0.02,-0.09241836523694351,0.1326513546243923,0.7303861979393653,1.135642196070282
3,0.017363753957,0.021,-0.0999929894413063,0.13510368889370653,0.7185015602638386,1.1344377962121015
3,0.017363753957,0.022,-0.10769825689387044,0.13727250795505982,0.7068055499306455,1.1332358466437067
3,0.017363753957,0.023,-0.1155185039279881,0.13917100016491774,0.6953000857461169,1.1320365305492928
3,0.017363753957,0.024,-0.12343880192358261,0.14081194469168237,0.6839866955073917,1.1308400326914894
3,0.017363753957,0.025,-0.13144493423319523,0.14220771696794562,0.672866540681229,1.1296465389356207
3,0.017363753957,0.026000000000000002,-0.13952337160878903,0.14337029560751727,0.6619404407677004,1.128456235793894
3,0.017363753957,0.027,-0.1476612530186521,0.1443112666951128,0.6512088941225903,1.127269309990758
3,0.017363753957,0.028,-0.1558463605816275,0.14504183203504056,0.6406721007234316,1.1260859480452086
3,0.017363753957,0.029,-0.1640670998529817,0.14557281472481626,0.630329981544849,1.1249063358729647
3,0.017363753957,0.03,-0.17231247852382608,0.14591466609958037,0.6201821979329998,1.1237306584057498
3,0.017363753957,0.031,-0.18057208399658975,0.14607747387115616,0.6102281706061758,1.1225590992357048
3,0.017363753957,0.032,-0.18883606561961733,0.14607096774011294,0.600467096040822,1.1213918402665106
3,0.017363753957,0.033,-0.19709511209251107,0.14590452849634053,0.5908979640823397,1.120229061399019
3,0.017363753957,0.034,-0.20534043348169806,0.14558719456560235,0.5815195730651861,1.119070940222274
3,0.017363753957,0.035,-0.21356374200453423,0.1451276696991306,0.5723305448171809,1.117917651726843
3,0.017363753957,0.036000000000000004,-0.2217572319932011,0.14453433162208768,0.5633293392623621,1.1167693680463109
3,0.017363753957,0.037,-0.22991356382578504,0.14381523832531382,0.5545142671438411,1.1156262581937126
3,0.017363753957,0.038,-0.23802584394848922,0.1429781373791326,0.5458835034305003,1.1144884878447974
3,0.017363753957,0.039,-0.24608760881079572,0.14203047287899315,0.5374350989451001,1.1133562191148714
3,0.017363753957,0.04,-0.2540928078630244,0.1409793933301004,0.5291669918017954,1.1122296103609488
3,0.017363753957,0.041,-0.2620357859755615,0.13983176028905614,0.5210770184382724,1.1111088160130405
3,0.017363753957,0.042,-0.26991126918795577,0.13859415486067908,0.5131629233438983,1.1099939863911419
3,0.017363753957,0.043000000000000003,-0.27771434734044115,0.137272886772986,0.5054223690741814,1.1088852675764782
3,0.017363753957,0.044,-0.28544045997955436,0.1358740013072855,0.49785294504357824,1.1077828012671025
3,0.017363753957,0.045,-0.29308538156584646,0.13440328698843795,0.49045217608380615,1.1066867246598246
3,0.017363753957,0.046,-0.30064520629265556,0.1328662838624833,0.48321753060964096,1.105597170360505
3,0.017363753957,0.047,-0.30811633566065993,0.13126828986158923,0.47614642792646633,1.1045142662732268
3,0.017363753957,0.048,-0.31549546360525543,0.12961436933770076,0.4692362455402042,1.1034381355468994
3,0.017363753957,0.049,-0.3227795643251217,0.12790935969142705,0.4624843256751368,1.102368896499465
3,0.017363753957,0.05,-0.3299658796055799,0.12615787860746613,0.4558879815362242,1.101306662567857
3,0.017363753957,0.051000000000000004,-0.337051905898678,0.1243643317373647,0.449444503202738,1.1002515422842476
3,0.017363753957,0.052000000000000005,-0.34403538365158676,0.12253291870631218,0.4431511630031907,1.0992036392265923
3,0.017363753957,0.053,-0.3509142847481104,0.12066764092027651,0.4370052206971408,1.0981630520263406
3,0.017363753957,0.054,-0.3576868021469583,0.11877230771035259,0.4310039281907627,1.0971298743493123
3,0.017363753957,0.055,-0.36435133916748463,0.1168505429540341,0.42514453399220076,1.0961041949005659
3,0.017363753957,0.056,-0.37090649864203457,0.11490579203022146,0.4194242873284247,1.0950860974526286
3,0.017363753957,0.057,-0.3773510738753772,0.11294132732848178,0.4138404419972076,1.0940756608454547
3,0.017363753957,0.058,-0.3836840381795272,0.11096025523408483,0.40839025989809224,1.0930729590407031
3,0.017363753957,0.059000000000000004,-0.38990453616831605,0.10896552168359092,0.4030710143395147,1.0920780611467988
3,0.017363753957,0.06,-0.39601187481862377,0.10695991808980443,0.39787999309207817,1.0910910314654634
3,0.017363753957,0.061,-0.4020055145277511,0.10494608746121914,0.3928145011444734,1.0901119295566004
3,0.017363753957,0.062,-0.4078850613252447,0.10292652956687612,0.38787186333566237,1.089140810283292
3,0.017363753957,0.063,-0.4136502586835763,0.10090360665062884,0.38304942669064235,1.0881777238848895
3,0.017363753957,0.064,-0.4193009799272595,0.09887954871736676,0.3783445625886677,1.0872227160463548
3,0.017363753957,0.065,-0.42483722091913184,0.09685645869436045,0.3737546687399101,1.086275827973072
3,0.017363753957,0.066,-0.43025909300279774,0.09483631748226164,0.3692771709775814,1.0853370964712241
3,0.017363753957,0.067,-0.43556681623304067,0.09282098885900762,0.3649095248787944,1.0844065540321342
3,0.017363753957,0.068,-0.4407607129337388,0.09081222417898539,0.3606492172477468,1.083484228917713
3,0.017363753957,0.069,-0.44584120137199845,0.08881166710216859,0.3564937673941862,1.0825701452557688
3,0.017363753957,0.07,-0.45080878994649226,0.08682085789014533,0.3524407283663536,1.0816643231266563
3,0.017363753957,0.07100000000000001,-0.4556640712033111,0.0848412380599383,0.348487687877952,1.0807667786721251
3,0.017363753957,0.07200000000000001,-0.46040771673225067,0.08287415414308787,0.3446322693879903,1.0798775241757033
3,0.017363753957,0.073,-0.4650404715591927,0.08092086219878,0.34087213272946115,1.0789965681809346
3,0.017363753957,0.074,-0.469563149349791,0.07898253149000134,0.33720497489753115,1.0781239155823412
3,0.017363753957,0.075,-0.47397662759194553,0.07706024831401478,0.33362853063447684,1.0772595677289432
3,0.017363753957,0.076,-0.47828184285181147,0.07515501990843033,0.3301405728055299,1.0764035225378699
3,0.017363753957,0.077,-0.4824797866543022,0.07326777765845006,0.3267389129742865,1.075555774583383
3,0.017363753957,0.078,-0.48657150104856645,0.07139938089097787,0.3234214015324349,1.0747163152175334
3,0.017363753957,0.079,-0.4905580747703968,0.0695506199862208,0.3201859280417974,1.073885132666086
3,0.017363753957,0.08,-0.4944406394205661,0.06772221959939585,0.3170304213932523,1.0730622121342772
3,0.017363753957,0.081,-0.4982203657334678,0.06591484192699844,0.3139528497842344,1.0722475359199646
3,0.017363753957,0.082,-0.5018984602921084,0.06412908940880235,0.31095122092947386,1.0714410835050336
3,0.017363753957,0.083,-0.5054761620739967,0.06236550787946741,0.3080235818439859,1.0706428316724752
3,0.017363753957,0.084,-0.5089547394202316,0.0606245891707087,0.3051680188682034,1.0698527546017038
3,0.017363753957,0.085,-0.5123354870466014,0.058906773789283766,0.3023826575297198,1.069070823971296
3,0.017363753957,0.08600000000000001,-0.515619723154206,0.057212453616834476,0.29966566224842084,1.0682970090668256
3,0.017363753957,0.08700000000000001,-0.5188087868435052,0.055541974160164355,0.2970152362908302,1.0675312768700271
3,0.017363753957,0.088,-0.5219040353971367,0.053895637359820815,0.29442962110758963,1.0667735921793722
3,0.017363753957,0.089,-0.5249068422700195,0.05227370271391229,0.2919070971333854,1.0660239176484196
3,0.017363753957,0.09,-0.5278185941488488,0.050676391301662606,0.28944598171398744,1.0652822139745777
3,0.017363753957,0.091,-0.5306406892616045,0.04910388665029775,0.28704462987040386,1.064548439930544
3,0.017363753957,0.092,-0.5333745352864618,0.04755633668694088,0.28470143404365333,1.063822552452559
3,0.017363753957,0.093,-0.5360215472900144,0.0460338560526521,0.28241482330752254,1.0631045067501719
3,0.017363753957,0.094,-0.5385831458939689,0.04453652804770649,0.2801832628130672,1.06239425639953
3,0.017363753957,0.095,-0.541060755585604,0.04306440637308821,0.27800525333915804,1.0616917534281463
3,0.017363753957,0.096,-0.5434558031083553,0.04161751673205644,0.2758793309350685,1.0609969483941097
3,0.017363753957,0.097,-0.5457697159057093,0.040195858237443365,0.27380406675843066,1.0603097904567955
3,0.017363753957,0.098,-0.5480039206463139,0.0387994052608978,0.271778066219103,1.0596302274725413
3,0.017363753957,0.099,-0.550159841885161,0.03742810899498335,0.2697999683528426,1.0589582060767662
3,0.017363753957,0.1,-0.5522389008172192,0.03608189885493097,0.2678684453032122,1.0582936717589233
3,0.017363753957,0.101,-0.5542425140761635,0.03476068377166736,0.265982201894757,1.0576365689329275
3,0.017363753957,0.10200000000000001,-0.55617209253854,0.03346435333893343,0.2641399753911765,1.0569868410011645
3,0.017363753957,0.10300000000000001,-0.5580290403152306,0.03219277927359303,0.26234053461925017,1.0563444304359022
3,0.017363753957,0.10400000000000001,-0.559814753807615,0.030945816656139605,0.2605826793140864,1.055709278849915
3,0.017363753957,0.105,-0.5615306208160993,0.029723305046990015,0.25886523957072755,1.0550813270612656
3,0.017363753957,0.106,-0.563178019666758,0.028525069519854163,0.257187075383665,1.0544605151545556
3,0.017363753957,0.107,-0.5647583183078854,0.027350921588402424,0.2555470763585337,1.0538467825376252
3,0.017363753957,0.108,-0.5662728736674953,0.02620066034462787,0.2539441608500649,1.0532400680092193
3,0.017363753957,0.109,-0.5677230310213903,0.025074073432366433,0.25237727530867715,1.0526403098184118
3,0.017363753957,0.11,-0.5691101233828073,0.023970937926319595,0.25084539372882253,1.0520474457194413
3,0.017363753957,0.111,-0.5704354708898106,0.02289102114923816,0.2493475171802138,1.051461413023918
3,0.017363753957,0.112,-0.5717003801370223,0.02183408141383466,0.24788267349715024,1.050882148650124
3,0.017363753957,0.113,-0.5729061438165224,0.020799868897315405,0.24644991645312847,1.0503095891779213
3,0.017363753957,0.114,-0.5740540403291958,0.01978812639544526,0.2450483251289436,1.049743670897681
3,0.017363753957,0.115,-0.5751453333944685,0.01879859000628531,0.24367700337623052,1.049184329855768
3,0.017363753957,0.116,-0.5761812716427962,0.01783098976912835,0.24233507935787812,1.0486315018982124
3,0.017363753957,0.117,-0.5771630881348645,0.01688505025306404,0.2410217052320343,1.0480851227128751
3,0.017363753957,0.11800000000000001,-0.578092000218481,0.015960491217361688,0.23973605637755505,1.0475451278728434
3,0.017363753957,0.11900000000000001,-0.578969209327047,0.015057028186827156,0.23847733079659614,1.0470114528758276
3,0.017363753957,0.12,-0.5797959007593801,0.014174372976281055,0.23724474860536415,1.0464840331811185
3,0.017363753957,0.121,-0.5805732434316145,0.013312234183841845,0.23603755159525097,1.0459628042454494
3,0.017363753957,0.122,-0.5813023895444361,0.0124703176533167,0.23485500292321865,1.0454477015585197
3,0.017363753957,0.123,-0.5819844746015019,0.011648326962373886,0.23369638639606766,1.0449386606762545
3,0.017363753957,0.124,-0.5826206173495078,0.010845963853676935,0.23256100591520262,1.044435617251745
3,0.017363753957,0.125,-0.5832119196874901,0.010062928630617161,0.2314481850018493,1.0439385070646234
3,0.017363753957,0.126,-0.5837594665409608,0.009298920532588163,0.23035726638604367,1.0434472660499534
3,0.017363753957,0.127,-0.5842643256448613,0.008553638094387861,0.22928761171109233,1.0429618303277395
3,0.017363753957,0.128,-0.5847275476799044,0.00782677949719873,0.22823860088018616,1.04248213622744
3,0.017363753957,0.129,-0.5851501663176529,0.007118042884361976,0.22720963154718823,1.04200812031156
3,0.017363753957,0.13,-0.5855331982266083,0.006427126653924375,0.22620011868011972,1.0415397193984284
3,0.017363753957,0.131,-0.5858776430385837,0.0057537297390884605,0.22520949418193129,1.0410768705849858
3,0.017363753957,0.132,-0.5861844832210897,0.005097551884180537,0.22423720661378044,1.040619511270965
3,0.017363753957,0.133,-0.5864546842970254,0.00445829388739593,0.223282720604391,1.0401675791759961
3,0.017363753957,0.134,-0.5866891949656288,0.003835657825135718,0.22234551638799696,1.0397210123569356
3,0.017363753957,0.135,-0.5868889471792641,0.0032293472625713757,0.22142508940744565,1.0392797492249917
3,0.017363753957,0.136,-0.5870548561780187,0.0026390674585275763,0.22052094996838853,1.0388437285632803
3,0.017363753957,0.137,-0.5871878204303047,0.0020645255743457318,0.21963262298397135,1.0384128895463578
3,0.017363753957,0.138,-0.5872887219087555,0.0015054308321304736,0.21875964744521778,1.037987171751163
3,0.017363753957,0.139,-0.5873584262640581,0.0009614946673041645,0.21790157600539656,1.0375665151690934
3,0.017363753957,0.14,-0.5873977829517979,0.00043243087462719324,0.2170579746223917,1.0371508602183743
3,0.017363753957,0.14100000000000001,-0.5874076253162251,-8.20442466282797e-05,0.21622842224635413,1.0367401477571878
3,0.017363753957,0.14200000000000002,-0.5873887705820641,-0.0005822117374000078,0.21541251058687258,1.0363343190992254
3,0.017363753957,0.14300000000000002,-0.5873420201655394,-0.0010683498857887081,0.2146098436412855,1.0359333160195814
3,0.017363753957,0.14400000000000002,-0.5872681598831335,-0.0015407341302652881,0.21382003732350488,1.0355370807624977
3,0.017363753957,0.145,-0.5871679601123148,-0.0019996369639664964,0.21304271914417214,1.0351455560497889
3,0.017363753957,0.146,-0.5870421759094773,-0.0024453278362716003,0.21227752793073687,1.0347586850902828
3,0.017363753957,0.147,-0.5868915470394289,-0.0028780730400014515,0.21152411361711493,1.0343764115920053
3,0.017363753957,0.148,-0.5867167983053864,-0.003298135667999786,0.2107821368260075,1.033998679764018
3,0.017363753957,0.149,-0.586518639778784,-0.0037057755591418666,0.21005126853944805,1.033625434320636
3,0.017363753957,0.15,-0.586297766981343,-0.0041012492414213295,0.20933118981454904,1.033256620486641
3,0.017363753957,0.151,-0.586054861025502,-0.004484809869763476,0.20862159153428578,1.0328921840036867
3,0.017363753957,0.152,-0.5857905886708918,-0.004856707146637716,0.20792217421893464,1.0325320711396726
3,0.017363753957,0.153,-0.5855056026610964,-0.005217187315797498,0.2072326476580487,1.0321762286873746
3,0.017363753957,0.154,-0.5852005419639316,-0.0055664931406810515,0.20655273061956653,1.0318246039658536
3,0.017363753957,0.155,-0.5848760319652421,-0.005904863877019772,0.20588215059854673,1.031477144823078
3,0.017363753957,0.156,-0.5845326846228169,-0.006232535238415721,0.2052206435965267,1.031133799639875
3,0.017363753957,0.157,-0.5841710985414768,-0.006549739343017284,0.2045679539535788,1.0307945173369781
3,0.017363753957,0.158,-0.5837918593075444,-0.0068567047345072145,0.2039238340254418,1.0304592473711853
3,0.017363753957,0.159,-0.5833955397316529,-0.00715365638459457,0.20328804392784483,1.0301279397345577
3,0.017363753957,0.16,-0.5829827000470071,-0.0074408156877400445,0.20266035131543514,1.0298005449549963
3,0.017363753957,0.161,-0.5825538880699245,-0.007718400447715029,0.20204053118737603,1.0294770140982337
3,0.017363753957,0.162,-0.5821096392870334,-0.007986624844415454,0.20142836573859094,1.0291572987729807
3,0.017363753957,0.163,-0.581650477180896,-0.008245699474282735,0.20082364407759307,1.028841351125221
3,0.017363753957,0.164,-0.5811769134694967,-0.008495831370315551,0.2002261620026591,1.0285291238357144
3,0.017363753957,0.165,-0.5806894483035758,-0.008737224013038497,0.19963572180811628,1.0282205701189848
3,0.017363753957,0.166,-0.5801885704286553,-0.008970077332648598,0.19905213211378178,1.0279156437237722
3,0.017363753957,0.167,-0.579674757279347,-0.009194587691218302,0.19847520773382923,1.0276142989366395
3,0.017363753957,0.168,-0.5791484752915323,-0.009410947936438142,0.19790476943102991,1.0273164905749155
3,0.017363753957,0.169,-0.5786101801343361,-0.009619347433986099,0.19734064372150564,1.0270221739829262
3,0.017363753957,0.17,-0.5780603169026177,-0.009819972090114402,0.1967826627056061,1.026731305029776
3,0.017363753957,0.171,-0.5774993202767005,-0.010013004365122829,0.19623066391882427,1.0264438401086105
3,0.017363753957,0.17200000000000001,-0.5769276146199919,-0.01019862326716603,0.19568449021668124,1.0261597361389956
3,0.017363753957,0.17300000000000001,-0.5763456142746516,-0.01037700441458359,0.19514398956134182,1.02587895055892
3,0.017363753957,0.17400000000000002,-0.5757537237831476,-0.010548320076605852,0.19460901485184454,1.025601441320107
3,0.017363753957,0.17500000000000002,-0.5751523380731515,-0.010712739203945372,0.19407942377693013,1.0253271668849029
3,0.017363753957,0.176,-0.5745418426122588,-0.010870427450256204,0.19355507868516636,1.025056086224643
3,0.017363753957,0.177,-0.5739226135060818,-0.011021547174546568,0.19303584648426947,1.0247881588210608
3,0.017363753957,0.178,-0.573295017775511,-0.011166257508468076,0.1925215984563549,1.024523344657684
3,0.017363753957,0.179,-0.5726594135659546,-0.011304714402255351,0.19201221011075179,1.0242616042145132
3,0.017363753957,0.18,-0.5720161503227882,-0.011437070660524032,0.1915075610563155,1.0240028984642753
3,0.017363753957,0.181,-0.5713655689391889,-0.011563475969117432,0.19100753488863204,1.023747188870129
3,0.017363753957,0.182,-0.5707080018526128,-0.0116840769037629,0.1905120191022611,1.02349443738632
3,0.017363753957,0.183,-0.570043773302658,-0.011799016999575111,0.190020904931199,1.023244606449237
3,0.017363753957,0.184,-0.5693731995268544,-0.011908436799862022,0.18953408722161838,1.0229976589716865
3,0.017363753957,0.185,-0.5686965889255117,-0.012012473894984735,0.18905146432139008,1.0227535583387177
3,0.017363753957,0.186,-0.5680142422014409,-0.012111262952588821,0.18857293798239738,1.0225122684048626
3,0.017363753957,0.187,-0.5673264524533237,-0.01220493573065703,0.18809841328427707,1.0222737534942103
3,0.017363753957,0.188,-0.5666335054138502,-0.01229362114718241,0.18762779849699218,1.0220379783913374
3,0.017363753957,0.189,-0.5659356796315168,-0.012377445330058435,0.18716100497107885,1.0218049083353553
3,0.017363753957,0.19,-0.5652332466242459,-0.01245653165737687,0.18669794704230347,1.0215745090154758
3,0.017363753957,0.191,-0.5645264710102623,-0.012531000789516899,0.18623854194728554,1.0213467465679382
3,0.017363753957,0.192,-0.5638156105973228,-0.012600970685160012,0.1857827097574199,1.0211215875756483
3,0.017363753957,0.193,-0.5631009166013046,-0.012666556669641636,0.1853303732607706,1.0208989990591428
3,0.017363753957,0.194,-0.5623826338138991,-0.012727871484606312,0.18488145786764296,1.0206789484705547
3,0.017363753957,0.195,-0.5616610007447763,-0.012785025328532682,0.18443589152850354,1.0204614036890445
3,0.017363753957,0.196,-0.5609362497432628,-0.012838125889531557,0.1839936046612799,1.0202463330175424
3,0.017363753957,0.197,-0.5602086070827552,-0.012887278363219293,0.18355453009425907,1.0200337051820654
3,0.017363753957,0.198,-0.5594782931602924,-0.012932585518689805,0.18311860296481272,1.0198234893228373
3,0.017363753957,0.199,-0.5587455226503536,-0.0129741477469799,0.18268576063834072,1.0196156549882822
3,0.017363753957,0.2,-0.5580105046356362,-0.013012063100935892,0.18225594263777387,1.019410172130425
3,0.017363753957,0.201,-0.5572734427194603,-0.013046427327870546,0.18182909058108462,1.0192070111015405
3,0.017363753957,0.202,-0.5565345351049654,-0.013077333888454367,0.1814051481320703,1.0190061426532426
3,0.017363753957,0.203,-0.5557939747764483,-0.013104874019586677,0.18098406091369756,1.0188075379278532
3,0.017363753957,0.20400000000000001,-0.555051949639702,-0.01312913678100086,0.18056577643867863,1.0186111684525037
3,0.017363753957,0.20500000000000002,-0.5543086426416892,-0.013150209093841904,0.18015024404905955,1.018417006134581
3,0.017363753957,0.20600000000000002,-0.5535642318738038,-0.01316817577256688,0.17973741486263237,1.0182250232583596
3,0.017363753957,0.20700000000000002,-0.5528188906456571,-0.0131831195442221,0.17932724173062117,1.0180351924839357
3,0.017363753957,0.20800000000000002,-0.5520727876491287,-0.01319512110775175,0.1789196791636914,1.0178474868389087
3,0.017363753957,0.209,-0.5513260870858419,-0.013204259178293333,0.17851468327261813,1.0176618797126527
3,0.017363753957,0.21,-0.550578948776161,-0.013210610524033686,0.17811221171663177,1.0174783448518656
3,0.017363753957,0.211,-0.549831528253589,-0.013214249996920844,0.17771222365756917,1.0172968563572384
3,0.017363753957,0.212,-0.5490839768331051,-0.013215250551859544,0.1773146797235843,1.017117388682293
3,0.017363753957,0.213,-0.5483364417589754,-0.013213683302194123,0.17691954194610193,1.0169399166254212
3,0.017363753957,0.214,-0.5475890663200629,-0.013209617561414021,0.1765267737092194,1.016764415324368
3,0.017363753957,0.215,-0.5468419899486772,-0.01320312087800872,0.1761363397056373,1.0165908602519258
3,0.017363753957,0.216,-0.5460953483064894,-0.013194259064700758,0.17574820589752074,1.0164192272126824
3,0.017363753957,0.217,-0.5453492733474926,-0.013183096217221144,0.1753623394854547,1.0162494923418077
3,0.017363753957,0.218,-0.5446038934506774,-0.01316969476585273,0.17497870885483227,1.016081632097477
3,0.017363753957,0.219,-0.5438593335239288,-0.013154115514394528,0.1745972835327963,1.015915623255597
3,0.017363753957,0.22,-0.5431157150933218,-0.013136417672852818,0.17421803415072387,1.0157514429056704
3,0.017363753957,0.221,-0.5423731563810001,-0.01311665888501413,0.1738409324108916,1.0155890684476563
3,0.017363753957,0.222,-0.5416317723629138,-0.013094895246562854,0.17346595105998452,1.0154284775907383
3,0.017363753957,0.223,-0.5408916748874749,-0.013071181352682152,0.1730930638435995,1.0152696483461479
3,0.017363753957,0.224,-0.5401529727688282,-0.0130455703342227,0.17272224546968107,1.0151125590221484
3,0.017363753957,0.225,-0.5394157718672169,-0.013018113888155308,0.17235347157665518,1.0149571882200932
3,0.017363753957,0.226,-0.538680175159309,-0.012988862303385704,0.17198671870510374,1.0148035148314165
3,0.017363753957,0.227,-0.5379462827909235,-0.012957864478054502,0.1716219642752171,1.014651518036409
3,0.017363753957,0.228,-0.5372141921827709,-0.012925167963273488,0.1712591865482619,1.0145011772974457
3,0.017363753957,0.229,-0.5364839981138889,-0.012890818996515766,0.1708983645955983,1.014352472354239
3,0.017363753957,0.23,-0.5357557927937123,-0.012854862529820881,0.17053947827167262,1.0142053832201008
3,0.017363753957,0.231,-0.5350296659253518,-0.012817342253815433,0.1701825081900044,1.0140598901790756
3,0.017363753957,0.232,-0.5343057047535551,-0.012778300614095512,0.16982743570404707,1.0139159737847443
3,0.017363753957,0.233,-0.5335839941586068,-0.012737778851233237,0.16947424287461962,1.0137736148538539
3,0.017363753957,0.234,-0.5328646167307076,-0.012695817031456851,0.16912291244370925,1.0136327944618424
3,0.017363753957,0.23500000000000001,-0.5321476528343788,-0.012652454072647222,0.16877342781163437,1.0134934939393085
3,0.017363753957,0.23600000000000002,-0.5314331806651994,-0.012607727766574251,0.16842577301673628,1.013355694869297
3,0.017363753957,0.23700000000000002,-0.5307212762932716,-0.012561674794307455,0.1680799327191779,1.0132193790861423
3,0.017363753957,0.23800000000000002,-0.5300120137463122,-0.012514330762666403,0.16773589217347112,1.0130845286694925
3,0.017363753957,0.23900000000000002,-0.5293054650757251,-0.012465730232295379,0.16739363720637407,1.0129511259401045
3,0.017363753957,0.24,-0.528601700413956,-0.012415906741524148,0.16705315419762465,1.0128191534565214
3,0.017363753957,0.241,-0.5279007880251902,-0.012364892826863365,0.1667144300628078,1.0126885940125125
3,0.017363753957,0.242,-0.5272027943445967,-0.01231272003742316,0.16637745223968117,1.0125594306359673
3,0.017363753957,0.243,-0.5265077840515914,-0.012259418968005776,0.16604220866504651,1.0124316465833019
3,0.017363753957,0.244,-0.5258158201283211,-0.012205019284703642,0.16570868775614253,1.0123052253355158
3,0.017363753957,0.245,-0.5251269639105621,-0.012149549746720417,0.16537687839442852,1.0121801505950767
3,0.017363753957,0.246,-0.5244412751328573,-0.012093038225191973,0.16504676991116757,1.0120564062835145
3,0.017363753957,0.247,-0.523758811963824,-0.012035511716618097,0.1647183520759199,1.0119339765403719
3,0.017363753957,0.248,-0.523079631070506,-0.011976996372809587,0.1643916150771096,1.0118128457179756
3,0.017363753957,0.249,-0.5224037876699511,-0.01191751752415345,0.16406654950639438,1.0116929983777505
3,0.017363753957,0.25,-0.5217313355742129,-0.011857099699505366,0.16374314634504877,1.0115744192873029
3,0.017363753957,0.251,-0.5210623272303926,-0.011795766643418245,0.16342139695186417,1.0114570934181677
3,0.017363753957,0.252,-0.5203968137522837,-0.01173354132861055,0.16310129305349774,1.0113410059448176
3,0.017363753957,0.253,-0.5197348450180512,-0.01167044600767448,0.16278282671683786,1.0112261422329885
3,0.017363753957,0.254,-0.5190764696116391,-0.011606502172479015,0.16246599036439338,1.0111124878530846
3,0.017363753957,0.255,-0.5184217347564145,-0.011541730508082097,0.16215077679185713,1.011000028595504
3,0.017363753957,0.256,-0.517770687082288,-0.011476151346817336,0.1618371789575908,1.0108887503471393
3,0.017363753957,0.257,-0.51712337135483,-0.011409783900388774,0.16152519033031582,1.0107786393068259
3,0.017363753957,0.258,-0.516479831839026,-0.01134264707631602,0.16121480451559506,1.0106696817594585
3,0.017363753957,0.259,-0.5158401115411279,-0.011274759014552589,0.1609060154631571,1.0105618642083296
3,0.017363753957,0.26,-0.5152042522665974,-0.011206137114818581,0.16059881745100363,1.0104551733708942
3,0.017363753957,0.261,-0.5145722953596787,-0.011136798491226469,0.16029320488319265,1.010349596047787
3,0.017363753957,0.262,-0.5139442805971134,-0.011066759277247535,0.15998917259266637,1.0102451193299065
3,0.017363753957,0.263,-0.5133202473355827,-0.010996035340506161,0.15968671552739952,1.0101417303882239
3,0.017363753957,0.264,-0.5127002338761839,-0.01092464187809556,0.15938582892472317,1.0100394165969233
3,0.017363753957,0.265,-0.5120842775150161,-0.01085259344130818,0.159086508298074,1.0099381655294577
3,0.017363753957,0.266,-0.511472415162484,-0.01077990433239701,0.15878874926692949,1.009837964836674
3,0.017363753957,0.267,-0.5108646824206423,-0.010706587999637798,0.15849254781171715,1.0097388024394933
3,0.017363753957,0.268,-0.5102611145416931,-0.010632657660127538,0.15819790000972436,1.0096406663333413
3,0.017363753957,0.269,-0.5096617458992908,-0.01055812594816405,0.15790480218193287,1.0095435447027206
3,0.017363753957,0.27,-0.5090666100324786,-0.010483004937576973,0.157613250881995,1.0094474259175457
3,0.017363753957,0.271,-0.5084757401602921,-0.010407306486193299,0.15732324275294307,1.0093522984197423
3,0.017363753957,0.272,-0.5078891684185056,-0.010331041712240066,0.15703477474224065,1.0092581509025316
3,0.017363753957,0.273,-0.5073069266539261,-0.010254221534054189,0.15674784387910157,1.0091649721284612
3,0.017363753957,0.274,-0.5067290459882646,-0.010176856366340565,0.15646244739847384,1.0090727510360145
3,0.017363753957,0.275,-0.5061555568560723,-0.010098956140299625,0.15617858273188712,1.0089814767362018
3,0.017363753957,0.276,-0.5055864894287008,-0.01002053060091987,0.15589624738641136,1.0088911384070438
3,0.017363753957,0.277,-0.5050218729885966,-0.009941588856683654,0.15561543912662,1.0088017254604051
3,0.017363753957,0.278,-0.5044617365817208,-0.009862139844371535,0.15533615578629778,1.0087132273726658
3,0.017363753957,0.279,-0.5039061086611245,-0.009782192068444294,0.15505839537346616,1.00862563378393
3,0.017363753957,0.28,-0.5033550171194819,-0.009701753619154195,0.15478215606279652,1.0085389344948645
3,0.017363753957,0.281,-0.5028084896350774,-0.009620832427359297,0.15450743609302478,1.008453119368498
3,0.017363753957,0.28200000000000003,-0.5022665531639692,-0.009539435880179655,0.15423423392149058,1.008368178485498
3,0.017363753957,0.28300000000000003,-0.501729234470645,-0.0094575712183873,0.1539625480643554,1.0082841019865776
3,0.017363753957,0.28400000000000003,-0.5011965598397302,-0.00937524531456704,0.15369237718592113,1.008200880164838
3,0.017363753957,0.28500000000000003,-0.5006685551036619,-0.009292464689388354,0.15342372009234884,1.0081185034628337
3,0.017363753957,0.28600000000000003,-0.5001452459221011,-0.009209235728229964,0.15315657564436047,1.008036962381167
3,0.017363753957,0.28700000000000003,-0.4996266573742759,-0.00912556435608057,0.15289094288907365,1.007956247623035
3,0.017363753957,0.28800000000000003,-0.4991128143859593,-0.009041456374350654,0.1526268209238279,1.0078763499475336
3,0.017363753957,0.289,-0.49860374149890974,-0.008956917273852696,0.1523642089725015,1.007797260255626
3,0.017363753957,0.29,-0.49809946289418283,-0.008871952249399465,0.15210310638031316,1.0077189695874165
3,0.017363753957,0.291,-0.4976000026152095,-0.008786566382145302,0.15184351253917736,1.0076414690370554
3,0.017363753957,0.292,-0.4971053842444384,-0.008700764367631364,0.1515854270007473,1.0075647498873284
3,0.017363753957,0.293,-0.4966156312428754,-0.008614550798240982,0.1513288493597803,1.0074888034730718
3,0.017363753957,0.294,-0.49613076676792567,-0.008527930007400413,0.15107377931969246,1.0074136212612266
3,0.017363753957,0.295,-0.49565081369279473,-0.008440906082658036,0.15082021668825368,1.0073391948483097
3,0.017363753957,0.296,-0.4951757947824184,-0.00835348301729171,0.15056816131341777,1.0072655158811699
3,0.017363753957,0.297,-0.494705732440169,-0.008265664485962597,0.15031761318080059,1.00719257618234
3,0.017363753957,0.298,-0.4942406489745194,-0.008177454078463054,0.15006857231322487,1.007120367622836
3,0.017363753957,0.299,-0.4937805664569246,-0.008088855171874059,0.149821038827356,1.0070488821967196
3,0.017363753957,0.3,-0.49332550673772135,-0.0079998709422683,0.1495750129301288,1.0069781120187562
3,0.017363753957,0.301,-0.49287549158314103,-0.00791050448880174,0.14933049486326183,1.006908049250598
3,0.017363753957,0.302,-0.4924305424793338,-0.007820758651962047,0.14908748498781338,1.006838686217568
3,0.017363753957,0.303,-0.49199068083919795,-0.00773063620372738,0.14884598369715055,1.0067700152901595
3,0.017363753957,0.304,-0.49155592789281927,-0.007640139744726102,0.14860599146617137,1.0067020289535127
3,0.017363753957,0.305,-0.4911263047002391,-0.007549271714695557,0.14836750884832758,1.0066347198052397
3,0.017363753957,0.306,-0.49070183225691333,-0.007458034491969998,0.14813053642736082,1.0065680804866421
3,0.017363753957,0.307,-0.4902825313436599,-0.0073664302497904975,0.14789507489108433,1.0065021037915511
3,0.017363753957,0.308,-0.4898684226853164,-0.007274461107503718,0.14766112495553338,1.006436782555894
3,0.017363753957,0.309,-0.4894595268670489,-0.007182129050054237,0.1474286874079938,1.0063721097224538
3,0.017363753957,0.31,-0.4890558643443234,-0.007089435937319905,0.1471977631045057,1.0063080783388485
3,0.017363753957,0.311,-0.488657455523392,-0.006996383581627127,0.14696835292763735,1.006244681493422
3,0.017363753957,0.312,-0.4882643206469861,-0.006902973638030008,0.14674045785122394,1.0061819124167082
3,0.017363753957,0.313,-0.48787647991522104,-0.006809207720729226,0.1465140788738871,1.0061197643784898
3,0.017363753957,0.314,-0.48749395342180424,-0.006715087342488002,0.14628921705685102,1.0060582307481734
3,0.017363753957,0.315,-0.48711676116151204,-0.006620613922954532,0.14606587352182873,1.0059973049929172
3,0.017363753957,0.316,-0.4867449230915759,-0.006525788846578188,0.1458440494138858,1.0059369806178542
3,0.017363753957,0.317,-0.48637845904404503,-0.006430613383168547,0.1456237459585135,1.0058772512607166
3,0.017363753957,0.318,-0.48601738881823187,-0.006335088773303872,0.14540496440307216,1.0058181105958395
3,0.017363753957,0.319,-0.4856617321314978,-0.006239216185499754,0.14518770605017134,1.0057595523904752
3,0.017363753957,0.32,-0.4853115086245067,-0.006142996723619227,0.14497197225585737,1.005701570503053
3,0.017363753957,0.321,-0.48496673790874695,-0.006046431467328684,0.14475776439681567,1.0056441588274245
3,0.017363753957,0.322,-0.48462743949747716,-0.005949521419614213,0.14454508392086055,1.0055873113811389
3,0.017363753957,0.323,-0.4842936328779957,-0.005852267564575148,0.14433393229516292,1.0055310222158957
3,0.017363753957,0.324,-0.4839653374722625,-0.005754670840390818,0.1441243110358023,1.0054752854700835
3,0.017363753957,0.325,-0.48364257264017574,-0.005656732145909726,0.14391622170618618,1.0054200953671673
3,0.017363753957,0.326,-0.48332535771789054,-0.005558452365570457,0.14370966588800657,1.0053654461636654
3,0.017363753957,0.327,-0.4830137119601531,-0.0054598323408857445,0.14350464522597997,1.0053113322315306
3,0.017363753957,0.328,-0.4827076545997655,-0.005360872903676755,0.1433011613819787,1.005257747974588
3,0.017363753957,0.329,-0.48240720481382854,-0.005261574863079676,0.14309921606121806,1.0052046878775713
3,0.017363753957,0.33,-0.4821123817252609,-0.005161939011396682,0.14289881101085095,1.0051521465046265
3,0.017363753957,0.331,-0.48182320443606036,-0.005061966135213602,0.1426999479942327,1.0051001184507526
3,0.017363753957,0.332,-0.48153969197463364,-0.0049616570081634954,0.14250262883053774,1.0050485984187114
3,0.017363753957,0.333,-0.48126186334900717,-0.004861012402349653,0.1423068553541283,1.0049975811410201
3,0.017363753957,0.334,-0.4809897375149479,-0.004760033087811224,0.14211262943772218,1.0049470614257388
3,0.017363753957,0.335,-0.4807233333759227,-0.004658719837710671,0.14191995299111523,1.0048970341550771
3,0.017363753957,0.336,-0.4804626698149822,-0.004557073427205055,0.141728827938424,1.0048474942400558
3,0.017363753957,0.337,-0.4802077656414153,-0.004455094645072901,0.14153925625303398,1.0047984366923306
3,0.017363753957,0.338,-0.4799586396435198,-0.004352784285795999,0.14135123992171802,1.0047498565513495
3,0.017363753957,0.339,-0.4797153105552812,-0.004250143160063377,0.14116478096503196,1.004701748927115
3,0.017363753957,0.34,-0.47947779705495125,-0.004147172099362501,0.14097988143612528,1.0046541089988927
3,0.017363753957,0.341,-0.47924611779881565,-0.004043871944003319,0.14079654340072753,1.00460693197286
3,0.017363753957,0.342,-0.47902029136215163,-0.003940243571437139,0.14061476896774058,1.0045602131492086
3,0.017363753957,0.343,-0.4788003362967081,-0.0038362878712169613,0.1404345602577672,1.004513947854095
3,0.017363753957,0.34400000000000003,-0.47858627109300556,-0.0037320057652631194,0.14025591942090018,1.0044681314795978
3,0.017363753957,0.34500000000000003,-0.47837811417769244,-0.0036273982119186332,0.1400788486355889,1.0044227594825144
3,0.017363753957,0.34600000000000003,-0.47817588395208466,-0.0035224661843833464,0.1399033500912141,1.0043778273447905
3,0.017363753957,0.34700000000000003,-0.4779795987229852,-0.00341721071377348,0.13972942601452046,1.0043333306362308
3,0.017363753957,0.34800000000000003,-0.47778927676943034,-0.0033116328489552985,0.13955707864233652,1.0042892649509079
3,0.017363753957,0.34900000000000003,-0.47760493629801354,-0.0032057336854249656,0.13938631023685702,1.0042456259445072
3,0.017363753957,0.35000000000000003,-0.4774265954391644,-0.003099514368882187,0.1392171230845392,1.0042024093332091
3,0.017363753957,0.35100000000000003,-0.4772542722930094,-0.0029929760652045523,0.13904951948117475,1.0041596108567028
3,0.017363753957,0.352,-0.4770879848461363,-0.002886120016493473,0.13888350175426345,1.0041172263368123
3,0.017363753957,0.353,-0.4769277510516278,-0.0027789474875743645,0.13871907223980612,1.0040752516180502
3,0.017363753957,0.354,-0.4767735887751207,-0.0026714598024589597,0.13855623329512506,1.0040336826025351
3,0.017363753957,0.355,-0.4766255157901366,-0.0025636583474856244,0.1383949872977685,1.003992515248954
3,0.017363753957,0.356,-0.4764835498335108,-0.0024555445338501664,0.13823533663304172,1.0039517455379736
3,0.017363753957,0.357,-0.4763477085046561,-0.00234711986505996,0.13807728371234598,1.003911369527073
3,0.017363753957,0.358,-0.4762180093624209,-0.0022383858717136035,0.13792083095400542,1.0038713832949493
3,0.017363753957,0.359,-0.47609446985987536,-0.0021293441546171563,0.13776598079362753,1.0038317829741794
3,0.017363753957,0.36,-0.4759771073388082,-0.002019996387534303,0.13761273568299903,1.0037925647502508
3,0.017363753957,0.361,-0.4758659390966985,-0.0019103442731882845,0.13746109808007928,1.0037537248292125
3,0.017363753957,0.362,-0.4757609822654557,-0.0018003896207029746,0.1373110704632678,1.0037152594889691
3,0.017363753957,0.363,-0.4756622539282104,-0.0016901342701141568,0.13716265531629057,1.003677165027277
3,0.017363753957,0.364,-0.47556977104106213,-0.001579580141303221,0.1370158551360677,1.003639437792302
3,0.017363753957,0.365,-0.4754835504268513,-0.00146872923639554,0.1368706724315872,1.003602074181716
3,0.017363753957,0.366,-0.47540360885539873,-0.001357583590057705,0.13672710971639804,1.0035650706124328
3,0.017363753957,0.367,-0.4753299628990833,-0.001246145355643874,0.1365851695187207,1.0035284235686055
3,0.017363753957,0.368,-0.47526262907228,-0.0011344167207478128,0.13644485437046922,1.0034921295529684
3,0.017363753957,0.369,-0.475201623738535,-0.001022399961199294,0.13630616681256638,1.0034561851154318
3,0.017363753957,0.37,-0.4751469631037036,-0.0009100974431447058,0.13616910939378443,1.0034205868522443
3,0.017363753957,0.371,-0.4750986633109675,-0.0007975115683834527,0.13603368466580176,1.0033853313776642
3,0.017363753957,0.372,-0.47505674027095257,-0.0006846448680616253,0.13589989518903312,1.0033504153688926
3,0.017363753957,0.373,-0.47502120982617846,-0.0005714999104470748,0.13576774352590376,1.0033158355205245
3,0.017363753957,0.374,-0.474992087642327,-0.00045807935930614063,0.13563723224353078,1.0032815885713224
3,0.017363753957,0.375,-0.47496938920083276,-0.0003443859756965853,0.13550836391252372,1.003247671303434
3,0.017363753957,0.376,-0.474953129909983,-0.0002304225590158827,0.13538114110468744,1.0032140805158687
3,0.017363753957,0.377,-0.474943324907592,-0.00011619204719364152,0.13525556639442132,1.0031808130665758
3,0.017363753957,0.378,-0.4749399892525093,-1.6974177597564864e-06,0.13513164235639158,1.0031478658297925
3,0.017363753957,0.379,-0.47494313779882935,0.00011305825001697998,0.13500937156548218,1.0031152357211188
3,0.017363753957,0.38,-0.4749527851880137,0.00022807177359709696,0.13488875659554936,1.0030829196967876
3,0.017363753957,0.381,-0.4749689459771983,0.0003433399298003214,0.13476980001986935,1.0030509147288251
3,0.017363753957,0.382,-0.4749916344127234,0.00045885934906659447,0.13465250440793497,1.0030192178444644
3,0.017363753957,0.383,-0.4750208646504568,0.0005746266201237567,0.13453687232769374,1.0029878260861964
3,0.017363753957,0.384,-0.47505665061196334,0.0006906382246492293,0.13442290634266113,1.00295673653526
3,0.017363753957,0.385,-0.4750990059762277,0.0008068905359760882,0.13431060901062494,1.0029259463109612
3,0.017363753957,0.386,-0.4751479443261299,0.0009233798848463984,0.13419998288694668,1.0028954525474025
3,0.017363753957,0.387,-0.4752034788913873,0.0010401024489932304,0.13409103051656998,1.002865252430413
3,0.017363753957,0.388,-0.4752656227991879,0.0011570543626600541,0.1339837544410078,1.002835343160119
3,0.017363753957,0.389,-0.4753343889114875,0.0012742316485755431,0.13387815719250296,1.0028057219729558
3,0.017363753957,0.39,-0.47540978981639853,0.0013916302168771137,0.13377424129267979,1.0027763861410335
3,0.017363753957,0.391,-0.47549183799364436,0.001509245933481431,0.13367200925881528,1.0027473329503287
3,0.017363753957,0.392,-0.47558054552570295,0.001627074505780957,0.13357146359086491,1.0027185597352986
3,0.017363753957,0.393,-0.4756759243800074,0.0017451115962070578,0.13347260678339168,1.0026900638438012
3,0.017363753957,0.394,-0.47577798622667816,0.0018633527519876462,0.13337544131665474,1.0026618426577287
3,0.017363753957,0.395,-0.4758867424296362,0.0019817934042704317,0.13327996965520753,1.0026338935924162
3,0.017363753957,0.396,-0.4760022042317103,0.002100428938646568,0.13318619425725747,1.0026062140761969
3,0.017363753957,0.397,-0.47612438243298827,0.00221925457769081,0.1330941175565118,1.0025788015828567
3,0.017363753957,0.398,-0.47625328770562086,0.0023382654978266857,0.13300374197924564,1.0025516535987458
3,0.017363753957,0.399,-0.47638893039142566,0.002457456757299227,0.13291506993219826,1.0025247676421263
3,0.017363753957,0.4,-0.4765313204927771,0.002576823295482528,0.132828103801117,1.002498141262619
3,0.017363753957,0.401,-0.4766804678779157,0.002696360005129229,0.13274284596332692,1.0024717720220346
3,0.017363753957,0.402,-0.47683638192570976,0.002816061612427515,0.13265929876419788,1.0024456575248093
3,0.017363753957,0.403,-0.47699907187389967,0.00293592279648425,0.1325774645395506,1.002419795387163
3,0.017363753957,0.404,-0.477168546596124,0.0030559381159126317,0.13249734560023982,1.0023941832552465
3,0.017363753957,0.405,-0.4773448145926389,0.0031761020083107888,0.13241894423064499,1.0023688188046251
3,0.017363753957,0.406,-0.4775278842162591,0.0032964088638415276,0.13234226270456984,1.0023436997222983
3,0.017363753957,0.40700000000000003,-0.4777177632829176,0.0034168529034312844,0.13226730325613548,1.0023188237352516
3,0.017363753957,0.40800000000000003,-0.4779144594540002,0.0035374283002367786,0.13219406810772028,1.002294188581528
3,0.017363753957,0.40900000000000003,-0.47811797999245564,0.0036581291052195496,0.13212255945111231,1.0022697920272494
3,0.017363753957,0.41000000000000003,-0.47832833175338996,0.0037789492467842404,0.13205277944594798,1.002245631866138
3,0.017363753957,0.41100000000000003,-0.47854552143096374,0.003899882605320275,0.13198473023905938,1.0022217059026448
3,0.017363753957,0.41200000000000003,-0.47876955513430797,0.0040209228901267385,0.13191841392960293,1.0021980119787444
3,0.017363753957,0.41300000000000003,-0.47900043880442433,0.004142063762270608,0.13185383260272507,1.002174547946786
3,0.017363753957,0.41400000000000003,-0.47923817794914303,0.004263298759496379,0.13179098830716898,1.0021513116854739
3,0.017363753957,0.41500000000000004,-0.4794827776336358,0.004384621296014377,0.13172988305366382,1.0021283010994158
3,0.017363753957,0.41600000000000004,-0.47973424274849275,0.004506024737659273,0.13167051883783304,1.00210551410329
3,0.017363753957,0.417,-0.47999257755071106,0.0046275022780899195,0.13161289759937653,1.0020829486469982
3,0.017363753957,0.418,-0.48025778611547676,0.0047490470624834205,0.1315570212616457,1.0020606026901824
3,0.017363753957,0.419,-0.4805298720498278,0.004870652112107877,0.13150289170559606,1.0020384742172255
3,0.017363753957,0.42,-0.4808088384831284,0.004992310324252636,0.13145051076812903,1.0020165612368324
3,0.017363753957,0.421,-0.48109468835645136,0.005114014547678175,0.1313998802686696,1.001994861767163
3,0.017363753957,0.422,-0.48138742392851097,0.005235757458610581,0.1313510019622293,1.0019733738594527
3,0.017363753957,0.423,-0.48168704726248585,0.005357531684746105,0.13130387758506576,1.0019520955740837
3,0.017363753957,0.424,-0.481993559918338,0.005479329729798314,0.1312585088248778,1.0019310249946742
3,0.017363753957,0.425,-0.4823069629432857,0.00560114397356349,0.13121489731910244,1.0019101602276852
3,0.017363753957,0.426,-0.48262725718253185,0.0057229667473528275,0.13117304468526506,1.001889499388459
3,0.017363753957,0.427,-0.4829544427501519,0.005844790210276864,0.13113295246776024,1.0018690406234074
3,0.017363753957,0.428,-0.4832885195509753,0.005966606473060582,0.13109462218976098,1.001848782087535
3,0.017363753957,0.429,-0.4836294869515946,0.006088407522862227,0.13105805531955927,1.0018287219576756
3,0.017363753957,0.43,-0.4839773437708757,0.006210185223468352,0.13102325326882247,1.0018088584321263
3,0.017363753957,0.431,-0.48433208861198407,0.006331931390412796,0.13099021742681036,1.001789189717529
3,0.017363753957,0.432,-0.4846937192983774,0.006453637668026437,0.13095894910072495,1.0017697140497213
3,0.017363753957,0.433,-0.48506223343062443,0.00657529565258369,0.1309294495740207,1.0017504296726167
3,0.017363753957,0.434,-0.48543762803622154,0.006696896817678971,0.1309017200688031,1.0017313348506451
3,0.017363753957,0.435,-0.4858198995601759,0.006818432514546918,0.1308757617440474,1.00171242786841
3,0.017363753957,0.436,-0.48620904421820066,0.006939894046583631,0.13085157573377001,1.0016937070183591
3,0.017363753957,0.437,-0.4866050573980945,0.007061272547621097,0.1308291630808112,1.001675170620387
3,0.017363753957,0.438,-0.48700793425124267,0.007182559103942727,0.13080852480168537,1.0016568170019806
3,0.017363753957,0.439,-0.4874176693214379,0.00730374468049439,0.13078966184495736,1.0016386445099177
3,0.017363753957,0.44,-0.48783425653557183,0.007424820121326335,0.13077257508942766,1.001620651509946
3,0.017363753957,0.441,-0.48825768957779053,0.007545776223240869,0.13075726538633686,1.0016028363751892
3,0.017363753957,0.442,-0.4886879612566715,0.007666603615738289,0.13074373348645932,1.0015851975045855
3,0.017363753957,0.443,-0.4891250641310218,0.007787292881452297,0.13073198011161893,1.0015677333042143
3,0.017363753957,0.444,-0.48956899011797916,0.007907834483465563,0.1307220059089712,1.0015504421983008
3,0.017363753957,0.445,-0.490019730483845,0.008028218765870681,0.1307138114491597,1.0015333226289167
3,0.017363753957,0.446,-0.4904772762389153,0.00814843602627521,0.13070739727262304,1.001516373045074
3,0.017363753957,0.447,-0.4909416174709891,0.008268476397856463,0.13070276380989346,1.0014995919200742
3,0.017363753957,0.448,-0.4914127440049556,0.008388329967777736,0.130699911459887,1.0014829777339385
3,0.017363753957,0.449,-0.4918906449905248,0.008507986705873119,0.13069884054003061,1.0014665289837665
3,0.017363753957,0.45,-0.4923753088932356,0.008627436465325567,0.13069955128439345,1.0014502441834547
3,0.017363753957,0.451,-0.4928667239096011,0.008746669053765208,0.1307020438941573,1.0014341218534335
3,0.017363753957,0.452,-0.4933648772676065,0.008865674117863561,0.13070631845102904,1.0014181605369996
3,0.017363753957,0.453,-0.4938697559194533,0.00898444125929881,0.13071237500239946,1.001402358783777
3,0.017363753957,0.454,-0.4943813461093425,0.009102959965070915,0.13072021350726373,1.0013867151594704
3,0.017363753957,0.455,-0.49489963336469117,0.009221219608295575,0.13072983383433173,1.0013712282456044
3,0.017363753957,0.456,-0.4954246029311583,0.0093392095176351,0.13074123581671226,1.001355896629856
3,0.017363753957,0.457,-0.49595623904090985,0.0094569188648582,0.13075441915836622,1.0013407189214416
3,0.017363753957,0.458,-0.49649452563776575,0.009574336777927408,0.13076938352621084,1.001325693735539
3,0.017363753957,0.459,-0.49703944592553484,0.009691452273203323,0.1307861284917919,1.0013108197024772
3,0.017363753957,0.46,-0.49759098235947213,0.009808254256353717,0.13080465352937856,1.0012960954674914
3,0.017363753957,0.461,-0.49814911710067605,0.009924731589858423,0.13082495807490058,1.0012815196816154
3,0.017363753957,0.462,-0.4987138312530202,0.010040872983958359,0.13084704142538636,1.0012670910161843
3,0.017363753957,0.463,-0.49928510561982953,0.010156667106441116,0.13087090283807248,1.001252808148154
3,0.017363753957,0.464,-0.4998629202333369,0.010272102516991921,0.1308965414677969,1.001238669768763
3,0.017363753957,0.465,-0.5004472543464139,0.01038716766821768,0.1309239563650832,1.001224674583306
3,0.017363753957,0.466,-0.5010380869057585,0.01050185097096831,0.13095314653935997,1.0012108213025461
3,0.017363753957,0.467,-0.5016353957585122,0.010616140689097928,0.13098411085134587,1.0011971086563938
3,0.017363753957,0.468,-0.5022391584394705,0.01073002504552562,0.1310168481192058,1.0011835353800618
3,0.017363753957,0.46900000000000003,-0.502849351682306,0.010843492158990662,0.13105135705164617,1.0011701002222368
3,0.017363753957,0.47000000000000003,-0.5034659514116044,0.01095653004519161,0.13108763624599357,1.0011568019448707
3,0.017363753957,0.47100000000000003,-0.5040889332341897,0.01106912667966655,0.13112568425571366,1.0011436393150737
3,0.017363753957,0.47200000000000003,-0.5047182716165625,0.011181269896790072,0.13116549947572492,1.0011306111180298
3,0.017363753957,0.47300000000000003,-0.5053539407015344,0.011292947491685823,0.13120708025562364,1.0011177161439282
3,0.017363753957,0.47400000000000003,-0.505995913801932,0.01140414715964416,0.13125042482847424,1.0011049531956795
3,0.017363753957,0.47500000000000003,-0.5066441633929717,0.011514856497376753,0.1312955313088872,1.0010923210887201
3,0.017363753957,0.47600000000000003,-0.5072986616209941,0.011625063063197456,0.13134239776484363,1.0010798186433596
3,0.017363753957,0.47700000000000004,-0.5079593794529846,0.011734754280680468,0.13139102209593823,1.0010674446969794
3,0.017363753957,0.47800000000000004,-0.5086262875213949,0.01184391753599977,0.13144140215367686,1.00105519809169
3,0.017363753957,0.47900000000000004,-0.5092993556011196,0.011952540120268581,0.1314935356659658,1.0010430776816226
3,0.017363753957,0.48,-0.5099785526022421,0.012060609230910232,0.13154742023519472,1.001031082332747
3,0.017363753957,0.481,-0.5106638470953788,0.012168112028880011,0.1316030534143609,1.001019210915639
3,0.017363753957,0.482,-0.5113552064346586,0.012275035547412614,0.13166043257826177,1.0010074623170147
3,0.017363753957,0.483,-0.5120525976293805,0.012381366784360935,0.13171955505084915,1.0009958354280626
3,0.017363753957,0.484,-0.512755986805124,0.012487092647718651,0.13178041802543358,1.0009843291513394
3,0.017363753957,0.485,-0.5134653391969008,0.012592199957108216,0.13184301856277836,1.0009729424006013
3,0.017363753957,0.486,-0.5141806196902323,0.012696675497782112,0.13190735367150472,1.000961674093962
3,0.017363753957,0.487,-0.5149017919190922,0.012800505934891215,0.13197342017227587,1.000950523164809
3,0.017363753957,0.488,-0.5156288191629212,0.012903677900392117,0.13204121483217,1.0009394885507639
3,0.017363753957,0.489,-0.5163616637928118,0.013006177942016204,0.13211073428062997,1.000928569200209
3,0.017363753957,0.49,-0.5171002872650956,0.01310799252487586,0.13218197500757403,1.000917764072133
3,0.017363753957,0.491,-0.5178446506772106,0.013209108081981395,0.13225493344805,1.00090707212965
3,0.017363753957,0.492,-0.5185947138422254,0.013309510934465646,0.1323296058394749,1.0008964923503436
3,0.017363753957,0.493,-0.5193504362096161,0.01340918737262531,0.1324059883629673,1.000886023715808
3,0.017363753957,0.494,-0.5201117762975362,0.013508123608602329,0.1324840770550856,1.0008756652178363
3,0.017363753957,0.495,-0.5208786916868762,0.013606305778109411,0.13256386780596133,1.000865415858275
3,0.017363753957,0.496,-0.5216511395908926,0.013703719987196444,0.13264535644815767,1.0008552746428816
3,0.017363753957,0.497,-0.5224290759080645,0.013800352238870835,0.13272853860705,1.0008452405911343
3,0.017363753957,0.498,-0.5232124561649109,0.013896188507834207,0.13281340984903686,1.0008353127263174
3,0.017363753957,0.499,-0.524001234935432,0.013991214697144429,0.1328999655891234,1.0008254900813898
3,0.017363753957,0.5,-0.5247953658356757,0.014085416640061577,0.1329882010890833,1.0008157716988497
3,0.017363753957,0.501,-0.5255948021060313,0.014178780142795146,0.1330781115504633,1.0008061566249093
3,0.017363753957,0.502,-0.5263994956442872,0.014271290917963716,0.13316969195821318,1.000796643918807
3,0.017363753957,0.503,-0.5272093979686449,0.01436293465258427,0.13326293723567154,1.000787232643394
3,0.017363753957,0.504,-0.5280244596254962,0.014453696968985685,0.13335784214806495,1.0007779218707122
3,0.017363753957,0.505,-0.5288446301845282,0.014543563426776197,0.1334544013007054,1.0007687106818668
3,0.017363753957,0.506,-0.5296698588325092,0.014632519561300279,0.13355260923606757,1.0007595981614914
3,0.017363753957,0.507,-0.5305000933885452,0.014720550824385168,0.13365246027080077,1.0007505834066026
3,0.017363753957,0.508,-0.5313352812853158,0.014807642645136055,0.13375394865736204,1.0007416655176515
3,0.017363753957,0.509,-0.5321753689664325,0.014893780395374196,0.13385706848351672,1.0007328436038303
3,0.017363753957,0.51,-0.5330203018821147,0.014978949391726875,0.13396181367057758,1.000724116782953
3,0.017363753957,0.511,-0.5338700250932156,0.015063134929520484,0.13406817807446758,1.0007154841761903
3,0.017363753957,0.512,-0.5347244822708017,0.015146322231265037,0.13417615531627064,1.0007069449164983
3,0.017363753957,0.513,-0.5355836166935153,0.01522849649980482,0.13428573895036033,1.0006984981401046
3,0.017363753957,0.514,-0.5364473706358277,0.015309642888556371,0.1343969223600021,1.000690142991559
3,0.017363753957,0.515,-0.5373156853643254,0.015389746503721788,0.13450969875564117,1.000681878623624
3,0.017363753957,0.516,-0.5381885017506431,0.015468792433342492,0.13462406127984794,1.000673704192262
3,0.017363753957,0.517,-0.5390657592576217,0.01554676570397597,0.13474000283158982,1.0006656188646648
3,0.017363753957,0.518,-0.5399473969505681,0.015623651325748215,0.13485751624067868,1.000657621811146
3,0.017363753957,0.519,-0.5408333528778029,0.015699434267668594,0.1349765941595905,1.000649712209952
3,0.017363753957,0.52,-0.5417235640675896,0.015774099459967196,0.13509722906180935,1.0006418892471647
3,0.017363753957,0.521,-0.5426179671485686,0.01584763181803203,0.13521941335053705,1.0006341521119175
3,0.017363753957,0.522,-0.5435164973248735,0.015920016207734616,0.13534313917689417,1.0006265000040628
3,0.017363753957,0.523,-0.5444190893989348,0.015991237481928065,0.13546839862048352,1.0006189321264307
3,0.017363753957,0.524,-0.5453256771457967,0.01606128046111709,0.13559518357755934,1.0006114476894283
3,0.017363753957,0.525,-0.546236193310724,0.016130129935919862,0.13572348575943427,1.0006040459109464
3,0.017363753957,0.526,-0.5471505702356518,0.016197770685610208,0.1358532968048194,1.0005967260117912
3,0.017363753957,0.527,-0.5480687388257699,0.0162641874525502,0.1359846080921889,1.0005894872230132
3,0.017363753957,0.528,-0.5489906295813868,0.016329364969675946,0.13611741092623064,1.0005823287785096
3,0.017363753957,0.529,-0.549916171967569,0.01639328794680182,0.136251696422513,1.0005752499194234
3,0.017363753957,0.53,-0.550845294412463,0.016455941073206984,0.13638745550596215,1.0005682498940567
3,0.017363753957,0.531,-0.5517779249381914,0.01651730903050347,0.13652467902668225,1.0005613279535004
3,0.017363753957,0.532,-0.5527139901215499,0.016577376476634497,0.13666335756674544,1.00055448335865
3,0.017363753957,0.533,-0.5536534161323161,0.016636128063889248,0.13680348163227335,1.0005477153731275
3,0.017363753957,0.534,-0.5545961280998444,0.016693548431120534,0.1369450415347666,1.0005410232674934
3,0.017363753957,0.535,-0.5555420501121372,0.016749622206455792,0.13708802738966033,1.000534406319166
3,0.017363753957,0.536,-0.5564911058495463,0.01680433401421198,0.13723242923545617,1.0005278638082358
3,0.017363753957,0.537,-0.5574432175423497,0.016857668468917664,0.13737823683522885,1.0005213950241918
3,0.017363753957,0.538,-0.5583983070127626,0.016909610183398524,0.13752543987405347,1.000514999259137
3,0.017363753957,0.539,-0.5593562950402,0.0169601437671869,0.13767402783718033,1.0005086758118271
3,0.017363753957,0.54,-0.5603171013611334,0.017009253829356873,0.1378239900086764,1.0005024239876
3,0.017363753957,0.541,-0.5612806453038718,0.017056924979207532,0.13797531559368462,1.0004962430943554
3,0.017363753957,0.542,-0.5622468447459195,0.017103141830765032,0.1381279935149654,1.0004901324490163
3,0.017363753957,0.543,-0.5632156171568165,0.01714788900048212,0.13828201261535736,1.0004840913710138
3,0.017363753957,0.544,-0.5641868789638597,0.017191151112116696,0.13843736153299735,1.0004781191861705
3,0.017363753957,0.545,-0.5651605455527776,0.017232912799690067,0.1385940287000551,1.0004722152266314
3,0.017363753957,0.546,-0.5661365319017919,0.01727315870166182,0.13875200246791825,1.0004663788270047
3,0.017363753957,0.547,-0.567114751541784,0.017311873476364606,0.13891127089911684,1.0004606093305706
3,0.017363753957,0.548,-0.5680951175969622,0.01734904178886412,0.13907182197447504,1.0004549060830241
3,0.017363753957,0.549,-0.5690775421529094,0.017384648322581374,0.1392336434655942,1.0004492684362054
3,0.017363753957,0.55,-0.5700619362581133,0.017418677782372886,0.13939672293368982,1.0004436957480376
3,0.017363753957,0.551,-0.5710482105554263,0.017451114881922768,0.1395610478574803,1.0004381873788155
3,0.017363753957,0.552,-0.5720362742481971,0.017481944370558195,0.13972660542087392,1.0004327426971813
3,0.017363753957,0.553,-0.5730260361356353,0.01751115100882075,0.13989338272443877,1.0004273610741024
3,0.017363753957,0.554,-0.5740174039851325,0.01753871958710389,0.14006136665538566,1.0004220418864653
3,0.017363753957,0.555,-0.57501028453468,0.017564634928853264,0.14023054388651518,1.000416784517018
3,0.017363753957,0.556,-0.5760045841197722,0.01758888187090522,0.14040090100657165,1.0004115883507922
3,0.017363753957,0.557,-0.5770002076487838,0.017611445302124218,0.14057242430410102,1.000406452780867
3,0.017363753957,0.558,-0.5779970596297767,0.017632310127242753,0.14074509998283713,1.000401377202564
3,0.017363753957,0.559,-0.5789950435491154,0.01765146129278108,0.14091891402943865,1.0003963610169133
3,0.017363753957,0.56,-0.5799940618748076,0.017668883790365467,0.14109385221255524,1.000391403630599
3,0.017363753957,0.561,-0.5809940166768168,0.017684562629746724,0.14126990021538874,1.0003865044525098
3,0.017363753957,0.562,-0.5819948086150917,0.017698482889692554,0.14144704341616215,1.0003816628993023
3,0.017363753957,0.5630000000000001,-0.5829963379544327,0.017710629669661193,0.14162526710698814,1.0003768783897966
3,0.017363753957,0.5640000000000001,-0.5839985039515034,0.017720988123265034,0.14180455635963482,1.000372150348327
3,0.017363753957,0.5650000000000001,-0.5850012048591221,0.017729543461704085,0.1419848960247189,1.0003674782046879
3,0.017363753957,0.5660000000000001,-0.5860043385378788,0.017736280919203793,0.14216627086619765,1.0003628613908047
3,0.017363753957,0.5670000000000001,-0.5870078014603418,0.017741185816585035,0.1423486653389202,1.0003582993461086
3,0.017363753957,0.5680000000000001,-0.5880114897104856,0.017744243500346472,0.14253206381051364,1.000353791512124
3,0.017363753957,0.5690000000000001,-0.5890152983812621,0.017745439383927128,0.1427164504254705,1.0003493373357035
3,0.017363753957,0.5700000000000001,-0.5900191215798816,0.0177447589512518,0.14290180910447775,1.0003449362689836
3,0.017363753957,0.5710000000000001,-0.5910228530285507,0.01774218771433412,0.1430881236805435,1.0003405877661595
3,0.017363753957,0.5720000000000001,-0.5920263850885009,0.017737711289934847,0.14327537767413367,1.0003362912886895
3,0.017363753957,0.5730000000000001,-0.5930296097403568,0.017731315325639638,0.1434635545175792,1.0003320463000565
3,0.017363753957,0.5740000000000001,-0.5940324179945106,0.017722985549167822,0.14365263741779777,1.0003278522689012
3,0.017363753957,0.5750000000000001,-0.5950346998974206,0.017712707772025913,0.1438426093557673,1.0003237086689794
3,0.017363753957,0.5760000000000001,-0.5960363451192214,0.017700467839029992,0.14403345322397204,1.0003196149760407
3,0.017363753957,0.577,-0.5970372420013313,0.01768625171844857,0.1442251515996596,1.0003155706728677
3,0.017363753957,0.578,-0.5980372785140273,0.017670045414676386,0.14441768697124102,1.0003115752442058
3,0.017363753957,0.579,-0.599036341681931,0.017651835025827445,0.14461104159997856,1.0003076281797967
3,0.017363753957,0.58,-0.6000343175913555,0.01763160674749238,0.14480519751961213,1.0003037289743384
3,0.017363753957,0.581,-0.6010310919624682,0.01760934681394329,0.14500013667479078,1.0002998771244618
3,0.017363753957,0.582,-0.6020265492243457,0.01758504160214128,0.1451958406930162,1.0002960721336156
3,0.017363753957,0.583,-0.6030205734459091,0.017558677530622655,0.1453922911124757,1.0002923135071502
3,0.017363753957,0.584,-0.6040130477788968,0.0175302411256041,0.14558946924304758,1.0002886007552627
3,0.017363753957,0.585,-0.60500385446629,0.017499719024838833,0.14578735616608918,1.0002849333929555
3,0.017363753957,0.586,-0.605992875396641,0.017467097910277733,0.14598593287349926,1.000281310937107
3,0.017363753957,0.587,-0.6069799912105514,0.01743236462630316,0.14618518003894715,1.000277732911208
3,0.017363753957,0.588,-0.6079650822010119,0.017395506064461934,0.14638507824654637,1.0002741988405972
3,0.017363753957,0.589,-0.6089480277763057,0.017356509238298776,0.14658560785154812,1.000270708255314
3,0.017363753957,0.59,-0.6099287064695348,0.017315361287305736,0.1467867489802999,1.0002672606900629
3,0.017363753957,0.591,-0.6109069964726703,0.017272049400825253,0.14698848166956507,1.0002638556813686
3,0.017363753957,0.592,-0.611882774778523,0.01722656095085113,0.1471907856376684,1.0002604927721757
3,0.017363753957,0.593,-0.6128559180464402,0.017178883362262948,0.14739364051338613,1.0002571715072217
3,0.017363753957,0.594,-0.6138263020876313,0.0171290041965909,0.14759702569671776,1.0002538914358097
3,0.017363753957,0.595,-0.6147938018758257,0.01707691115605232,0.14780092035902387,1.0002506521117722
3,0.017363753957,0.596,-0.6157582920585356,0.017022591998495512,0.14800530358220992,1.0002474530907097
3,0.017363753957,0.597,-0.6167196461386877,0.016966034685085906,0.1482101541304503,1.0002442939344585
3,0.017363753957,0.598,-0.6176777373015263,0.01690722723571901,0.1484154506786394,1.0002411742065962
3,0.017363753957,0.599,-0.6186324379249188,0.0168461578219053,0.14862117167365083,1.000238093475135
3,0.017363753957,0.6,-0.6195836195911651,0.016782814770887104,0.14882729533466274,1.0002350513124885
3,0.017363753957,0.601,-0.6205311535729144,0.016717186471436656,0.14903379979179426,1.0002320472927875
3,0.017363753957,0.602,-0.6214749100587083,0.01664926153672024,0.14924066285910118,1.000229080996222
3,0.017363753957,0.603,-0.622414758936858,0.016579028644591487,0.14944786226190093,1.0002261520046736
3,0.017363753957,0.604,-0.6233505693333303,0.016506476639769257,0.14965537549894767,1.0002232599043341
3,0.017363753957,0.605,-0.6242822096247338,0.016431594538027457,0.1498631798429534,1.0002204042856722
3,0.017363753957,0.606,-0.6252095478962765,0.0163543714226768,0.15007125247824588,1.000217584740825
3,0.017363753957,0.607,-0.6261324512155519,0.01627479662287227,0.15027957027576033,1.0002148008678193
3,0.017363753957,0.608,-0.6270507863690749,0.01619285953851552,0.1504881100185207,1.0002120522663254
3,0.017363753957,0.609,-0.6279644194303992,0.01610854975188157,0.15069684826517657,1.0002093385402029
3,0.017363753957,0.61,-0.628873215774299,0.016021857031873518,0.15090576135072914,1.0002066592974683
3,0.017363753957,0.611,-0.6297770405041117,0.01593277122103479,0.15111482552276082,1.0002040141477604
3,0.017363753957,0.612,-0.630675757778168,0.01584128242953554,0.15132401671917697,1.000201402706442
3,0.017363753957,0.613,-0.6315692314945982,0.015747380844442268,0.15153331079109533,1.0001988245904736
3,0.017363753957,0.614,-0.6324573248923748,0.01565105685093045,0.1517426833682106,1.0001962794208876
3,0.017363753957,0.615,-0.6333399005667059,0.015552301036595603,0.15195210985973143,1.0001937668227574
3,0.017363753957,0.616,-0.6342168208630639,0.015451104068861491,0.1521615655887161,1.0001912864227325
3,0.017363753957,0.617,-0.6350879472607271,0.015347456904849158,0.1523710255733464,1.0001888378530257
3,0.017363753957,0.618,-0.6359531410014005,0.015241350584803262,0.1525804647464485,1.000186420747404
3,0.017363753957,0.619,-0.6368122627259147,0.015132776363008017,0.15278985782316698,1.0001840347435906
3,0.017363753957,0.62,-0.6376651724908442,0.015021725712145273,0.1529991793021214,1.0001816794832359
3,0.017363753957,0.621,-0.6385117301264905,0.014908190190984449,0.15320840359736224,1.0001793546095228
3,0.017363753957,0.622,-0.6393517946820494,0.014792161670303462,0.15341750482398883,1.0001770597710407
3,0.017363753957,0.623,-0.6401852249935436,0.014673632110295222,0.15362645701349614,1.000174794617888
3,0.017363753957,0.624,-0.6410118793589327,0.014552593701282843,0.15383523398425689,1.0001725588040087
3,0.017363753957,0.625,-0.6418316155559696,0.01442903886811493,0.15404380934290574,1.000170351987162
3,0.017363753957,0.626,-0.6426442911613762,0.014302960128044327,0.15425215661341357,1.0001681738265964
3,0.017363753957,0.627,-0.6434497630621964,0.01417435033283388,0.15446024902788774,1.0001660239868118
3,0.017363753957,0.628,-0.6442478879584866,0.014043202430002467,0.1546680597369116,1.000163902133775
3,0.017363753957,0.629,-0.6450385220796218,0.013909509613412845,0.15487556168335118,1.000161807937188
3,0.017363753957,0.63,-0.6458215212033985,0.01377326532769367,0.15508272760397257,1.0001597410704581
3,0.017363753957,0.631,-0.6465967409336165,0.013634463116237087,0.15528953015511812,1.0001577012084388
3,0.017363753957,0.632,-0.6473640362822103,0.013493096879583498,0.1554959417095518,1.0001556880310842
3,0.017363753957,0.633,-0.6481232621021119,0.013349160620404768,0.15570193456093412,1.0001537012197719
3,0.017363753957,0.634,-0.6488742728475515,0.013202648604014098,0.1559074808014823,1.0001517404595057
3,0.017363753957,0.635,-0.6496169225944143,0.013053555362803736,0.15611255232382903,1.0001498054388875
3,0.017363753957,0.636,-0.6503510652734258,0.012901875534315549,0.15631712094276692,1.0001478958479222
3,0.017363753957,0.637,-0.6510765543276748,0.01274760413595819,0.15652115819902718,1.000146011381565
3,0.017363753957,0.638,-0.6517932430710381,0.012590736293665486,0.15672463555700653,1.0001441517361531
3,0.017363753957,0.639,-0.6525009844952883,0.012431267412352464,0.15692752428682658,1.0001423166115426
3,0.017363753957,0.64,-0.6531996312917044,0.012269193180357114,0.1571297954664391,1.0001405057110788
3,0.017363753957,0.641,-0.6538890360370522,0.0121045093975636,0.15733142009889275,1.00013871873947
3,0.017363753957,0.642,-0.6545690509311182,0.011937212266462228,0.15753236892395445,1.0001369554062245
3,0.017363753957,0.643,-0.6552395280760782,0.01176729810446357,0.15773261260818322,1.000135215422192
3,0.017363753957,0.644,-0.655900319333222,0.011594763524298186,0.15793212163194667,1.0001334985016328
3,0.017363753957,0.645,-0.6565512763458207,0.01141960543845032,0.15813086629177833,1.0001318043621918
3,0.017363753957,0.646,-0.6571922506750855,0.01124182087734003,0.15832881681260674,1.0001301327228336
3,0.017363753957,0.647,-0.6578230936223353,0.011061407296691476,0.15852594316815033,1.0001284833071762
3,0.017363753957,0.648,-0.6584436564246847,0.010878362273527824,0.15872221526241145,1.0001268558401357
3,0.017363753957,0.649,-0.659053790164197,0.0106926836964845,0.15891760282221998,1.0001252500499347
3,0.017363753957,0.65,-0.6596533457920035,0.010504369770222139,0.15911207539984845,1.0001236656680734
3,0.017363753957,0.651,-0.6602421742114337,0.010313418823701825,0.15930560247963105,1.00012210242733
3,0.017363753957,0.652,-0.6608201261894169,0.01011982963378035,0.1594981533080812,1.0001205600649892
3,0.017363753957,0.653,-0.6613870524638851,0.009923601104957422,0.15968969706586053,1.0001190383195926
3,0.017363753957,0.654,-0.6619428037081495,0.00972473246954336,0.15988020276643053,1.0001175369328827
3,0.017363753957,0.655,-0.6624872305562645,0.009523223292038098,0.16006963925892967,1.0001160556497735
3,0.017363753957,0.656,-0.6630201836305345,0.009319073267562856,0.16025797532860048,1.000114594216416
3,0.017363753957,0.657,-0.6635415135467236,0.009112282561552188,0.16044517953759443,1.0001131523833218
3,0.017363753957,0.658,-0.6640510709285924,0.008902851473373455,0.16063122038645417,1.0001117299022169
3,0.017363753957,0.659,-0.6645487064302739,0.008690780646259803,0.16081606621946362,1.0001103265279239
3,0.017363753957,0.66,-0.6650342707628696,0.00847607107164154,0.1609996852277905,1.0001089420183307
3,0.017363753957,0.661,-0.6655076146635635,0.008258723877827754,0.16118204554313048,1.0001075761325224
3,0.017363753957,0.662,-0.6659685889991661,0.00803874068561442,0.1613631150901779,1.000106228633797
3,0.017363753957,0.663,-0.666417044683247,0.007816123255946283,0.16154286173664503,1.0001048992866273
3,0.017363753957,0.664,-0.6668528327592574,0.0075908737094948706,0.16172125320590905,1.0001035878584763
3,0.017363753957,0.665,-0.6672758044283412,0.007362994530928047,0.16189825708042307,1.0001022941197684
3,0.017363753957,0.666,-0.6676858109573153,0.007132488347966427,0.16207384088797777,1.000101017842084
3,0.017363753957,0.667,-0.6680827038850187,0.006899358302674495,0.16224797196682855,1.0000997588010705
3,0.017363753957,0.668,-0.6684663348375585,0.006663607683387,0.16242061760326362,1.0000985167735088
3,0.017363753957,0.669,-0.6688365556748829,0.006425240153779581,0.16259174495215212,1.000097291539066
3,0.017363753957,0.67,-0.6691932185197916,0.006184259757061932,0.1627613210406265,1.0000960828802659
3,0.017363753957,0.671,-0.6695361756020798,0.005940670685566052,0.162929312846356,1.0000948905807467
3,0.017363753957,0.672,-0.6698652795720886,0.0056944776674335475,0.16309568717632894,1.0000937144280697
3,0.017363753957,0.673,-0.6701803832096512,0.005445685583082112,0.16326041079097253,1.0000925542108872
3,0.017363753957,0.674,-0.6704813396367779,0.005194299703583323,0.16342345033321126,1.0000914097206342
3,0.017363753957,0.675,-0.6707680023478395,0.004940325694764396,0.16358477233242227,1.0000902807514993
3,0.017363753957,0.676,-0.6710402249872238,0.004683769377518543,0.163744343274111,1.000089167098743
3,0.017363753957,0.677,-0.6712978617743968,0.00442463712954628,0.16390212949335264,1.000088068561405
3,0.017363753957,0.678,-0.6715407671022192,0.004162935486692645,0.16405809728446058,1.0000869849395757
3,0.017363753957,0.679,-0.6717687958183474,0.0038986713904126977,0.16421221283916698,1.0000859160360243
3,0.017363753957,0.68,-0.671981803256561,0.0036318521917665064,0.16436444225085156,1.0000848616561684
3,0.017363753957,0.681,-0.6721796449453394,0.003362485402675976,0.16451475157500767,1.000083821606459
3,0.017363753957,0.682,-0.6723621771486354,0.0030905791123212577,0.16466310673834927,1.0000827956969809
3,0.017363753957,0.683,-0.6725292563493376,0.002816141573735777,0.16480947363302165,1.0000817837388307
3,0.017363753957,0.684,-0.672680739601921,0.0025391814601052397,0.16495381806451703,1.0000807855456784
3,0.017363753957,0.685,-0.6728164845648881,0.0022597078686401244,0.16509610575617642,1.0000798009337415
3,0.017363753957,0.686,-0.6729363491377396,0.0019777300630382235,0.16523630239983372,1.0000788297202292
3,0.017363753957,0.687,-0.6730401921215414,0.0016932579040792994,0.16537437358159346,1.0000778717258418
3,0.017363753957,0.6880000000000001,-0.6731278725834273,0.0014063014219227177,0.16551028485957828,1.0000769267722511
3,0.017363753957,0.6890000000000001,-0.6731992502829554,0.001116871080950233,0.1656440017221903,1.0000759946836004
3,0.017363753957,0.6900000000000001,-0.6732541857056256,0.0008249777834999663,0.16577548959288557,1.000075075286477
3,0.017363753957,0.6910000000000001,-0.6732925396257995,0.0005306326038295037,0.16590471387038477,1.0000741684084211
3,0.017363753957,0.6920000000000001,-0.673314173891005,0.00023384723239287732,0.16603163987212308,1.0000732738803215
3,0.017363753957,0.6930000000000001,-0.6733189506635028,-6.536646565555936e-05,0.16615623289453163,1.000072391533998
3,0.017363753957,0.6940000000000001,-0.6733067329227227,-0.00036699617740044337,0.16627845818225337,1.0000715212036413
3,0.017363753957,0.6950000000000001,-0.6732773844998158,-0.0006710291385862334,0.16639828093318743,1.000070662725784
3,0.017363753957,0.6960000000000001,-0.6732307695641635,-0.0009774524078224622,0.16651566632765918,1.0000698159378725
3,0.017363753957,0.6970000000000001,-0.6731667535352115,-0.0012862524092004065,0.16663057949053542,1.0000689806805603
3,0.017363753957,0.6980000000000001,-0.673085202197276,-0.0015974153870194703,0.16674298553304492,1.0000681567953933
3,0.017363753957,0.6990000000000001,-0.6729859822803343,-0.0019109271248711984,0.16685284953355065,1.0000673441261876
3,0.017363753957,0.7000000000000001,-0.6728689614955653,-0.0022267729422314414,0.16696013654286113,1.0000665425190005
3,0.017363753957,0.7010000000000001,-0.6727340079431886,-0.00254493797646607,0.16706481160175893,1.0000657518207634
3,0.017363753957,0.7020000000000001,-0.6725809911554457,-0.0028654067129781514,0.16716683972276153,1.000064971881477
3,0.017363753957,0.7030000000000001,-0.6724097810809924,-0.0031881634525403745,0.1672661859124977,1.0000642025519948
3,0.017363753957,0.704,-0.6722202487462077,-0.0035131920229235316,0.1673628151646299,1.0000634436853402
3,0.017363753957,0.705,-0.6720122662916728,-0.0038404757756768815,0.16745669246542877,1.0000626951366802
3,0.017363753957,0.706,-0.6717857062991907,-0.004169997875528952,0.16754778279906682,1.0000619567620166
3,0.017363753957,0.707,-0.6715404429693437,-0.004501740818763798,0.16763605114999036,1.0000612284202826
3,0.017363753957,0.708,-0.6712763509720018,-0.004835686912473759,0.16772146250488254,1.000060509971227
3,0.017363753957,0.709,-0.6709933061901984,-0.005171817979169903,0.16780398185832038,1.00005980127667
3,0.017363753957,0.71,-0.6706911857574913,-0.005510115353767136,0.16788357421860606,1.0000591022004772
3,0.017363753957,0.711,-0.670369867302134,-0.0058505601799377525,0.16796020460024455,1.000058412607311
3,0.017363753957,0.712,-0.6700292302624317,-0.006193132917477001,0.16803383804787123,1.0000577323646316
3,0.017363753957,0.713,-0.6696691546000982,-0.006537813832728592,0.16810443961685223,1.0000570613406747
3,0.017363753957,0.714,-0.6692895216286191,-0.006884582696652328,0.16817197439224613,1.0000563994056524
3,0.017363753957,0.715,-0.668890214051432,-0.007233418782031099,0.16823640749488653,1.0000557464317261
3,0.017363753957,0.716,-0.6684711151213508,-0.007584301166296234,0.16829770406047423,1.0000551022918163
3,0.017363753957,0.717,-0.6680321100967204,-0.007937208228705516,0.168355829285981,1.0000544668615081
3,0.017363753957,0.718,-0.6675730848145758,-0.008292118151131334,0.16841074838796175,1.000053840017126
3,0.017363753957,0.719,-0.6670939266052675,-0.008649008610098858,0.1684624266353755,1.0000532216368756
3,0.017363753957,0.72,-0.6665945243314011,-0.009007856774231934,0.168510829355911,1.000052611600818
3,0.017363753957,0.721,-0.6660747674607533,-0.009368639613031445,0.16855592190114183,1.0000520097897359
3,0.017363753957,0.722,-0.6655345476659843,-0.009731333384751416,0.16859766971629686,1.0000514160869471
3,0.017363753957,0.723,-0.6649737572547881,-0.01009591414667713,0.1686360382753872,1.0000508303764728
3,0.017363753957,0.724,-0.664392290172412,-0.010462357441685322,0.16867099312842218,1.0000502525441217
3,0.017363753957,0.725,-0.6637900420412818,-0.010830638295946025,0.1687024999079685,1.000049682477466
3,0.017363753957,0.726,-0.6631669091458062,-0.011200731533096994,0.16873052427983593,1.0000491200647645
3,0.017363753957,0.727,-0.6625227901781435,-0.011572611253766203,0.1687550320370709,1.000048565196683
3,0.017363753957,0.728,-0.6618575845227916,-0.01194625135440454,0.16877598901103405,1.0000480177645552
3,0.017363753957,0.729,-0.6611711933484666,-0.012321625208957665,0.16879336113352503,1.000047477661412
3,0.017363753957,0.73,-0.6604635196483404,-0.012698705666840799,0.16880711444356528,1.000046944781958
3,0.017363753957,0.731,-0.6597344671352893,-0.013077465371914123,0.16881721502310307,1.0000464190215486
3,0.017363753957,0.732,-0.6589839421359371,-0.013457876234662507,0.1688236291160478,1.0000459002778226
3,0.017363753957,0.733,-0.6582118517274043,-0.013839909958584841,0.1688263230144726,1.0000453884490517
3,0.017363753957,0.734,-0.6574181049198407,-0.014223537717605183,0.1688252631361364,1.0000448834351172
3,0.017363753957,0.735,-0.6566026126971961,-0.014608730154337349,0.16882041603147874,1.0000443851374854
3,0.017363753957,0.736,-0.6557652868216438,-0.01499545770322833,0.168811748303859,1.00004389345824
3,0.017363753957,0.737,-0.6549060418778262,-0.015383690056468152,0.16879922675440415,1.0000434083016276
3,0.017363753957,0.738,-0.6540247932597747,-0.015773396696875722,0.16878281824255345,1.0000429295724929
3,0.017363753957,0.739,-0.6531214584452086,-0.016164546571714563,0.1687624897794398,1.0000424571772046
3,0.017363753957,0.74,-0.6521959570367534,-0.016557108091263997,0.1687382085350818,1.0000419910236324
3,0.017363753957,0.741,-0.6512482094744549,-0.016951049455459857,0.16870994174270162,1.0000415310202286
3,0.017363753957,0.742,-0.6502781392318423,-0.01734633811466902,0.16867765687010836,1.000041077077492
3,0.017363753957,0.743,-0.6492856706513377,-0.017742941307949886,0.1686413214538517,1.0000406291064863
3,0.017363753957,0.744,-0.6482707303112395,-0.0181408257339754,0.16860090320889137,1.0000401870197169
3,0.017363753957,0.745,-0.6472332470673008,-0.01853995754992736,0.168556370035972,1.0000397507311056
3,0.017363753957,0.746,-0.6461731506724423,-0.018940302700926455,0.1685076899095944,1.000039320155127
3,0.017363753957,0.747,-0.6450903741259191,-0.019341826376866794,0.16845483107660206,1.0000388952081865
3,0.017363753957,0.748,-0.6439848513558638,-0.01974449355486823,0.16839776186326497,1.0000384758072238
3,0.017363753957,0.749,-0.642856518679672,-0.02014826866804609,0.16833645080163057,1.0000380618705396
3,0.017363753957,0.75,-0.6417053148458427,-0.02055311560474494,0.16827086663706503,1.0000376533177715
3,0.017363753957,0.751,-0.6405311795602099,-0.020958998040013263,0.16820097819948976,1.0000372500690773
3,0.017363753957,0.752,-0.6393340559891479,-0.021365878889753095,0.16812675462977525,1.0000368520464364
3,0.017363753957,0.753,-0.63811388828824,-0.021773720856121316,0.16804816515913706,1.0000364591723336
3,0.017363753957,0.754,-0.6368706231565622,-0.022182486094921815,0.16796517925252358,1.000036071370534
3,0.017363753957,0.755,-0.635604209878692,-0.02259213621519464,0.1678777666163052,1.0000356885660642
3,0.017363753957,0.756,-0.6343145987569861,-0.02300263261195456,0.16778589705242666,1.0000353106844406
3,0.017363753957,0.757,-0.6330017437694015,-0.023413935918969547,0.16768954071314537,1.0000349376528952
3,0.017363753957,0.758,-0.6316655999436367,-0.023826006555809316,0.16758866785218768,1.0000345693991362
3,0.017363753957,0.759,-0.6303061250055917,-0.02423880439467097,0.16748324898548614,1.0000342058520766
3,0.017363753957,0.76,-0.6289232794214394,-0.024652288760339203,0.16737325489899615,1.0000338469418169
3,0.017363753957,0.761,-0.6275170247357094,-0.025066418763372567,0.1672586564854586,1.000033492598918
3,0.017363753957,0.762,-0.6260873263839177,-0.02548115275288193,0.16713942502794396,1.0000331427555558
3,0.017363753957,0.763,-0.6246341509119084,-0.025896448863866783,0.1670155319222917,1.0000327973443521
3,0.017363753957,0.764,-0.6231574677185276,-0.026312264684320172,0.16688694885546168,1.000032456299063
3,0.017363753957,0.765,-0.6216572490976543,-0.026728557255575016,0.16675364781345675,1.0000321195545596
3,0.017363753957,0.766,-0.6201334684820791,-0.02714528340508764,0.16661560090043695,1.0000317870461468
3,0.017363753957,0.767,-0.6185861034107468,-0.027562399200642764,0.1664727806514497,1.0000314587106451
3,0.017363753957,0.768,-0.6170151325934101,-0.027979860496562398,0.16632515972575462,1.0000311344852952
3,0.017363753957,0.769,-0.6154205377473211,-0.028397622601969114,0.16617271110300327,1.0000308143084018
3,0.017363753957,0.77,-0.6138023036391054,-0.0288156402815332,0.16601540809124346,1.000030498119317
3,0.017363753957,0.771,-0.6121604162346775,-0.029233868086969574,0.165853224128179,1.0000301858577993
3,0.017363753957,0.772,-0.6104948658204812,-0.029652259814149772,0.1656861331233762,1.0000298774650298
3,0.017363753957,0.773,-0.6088056439139847,-0.03007076904671391,0.1655141091221647,1.000029572882583
3,0.017363753957,0.774,-0.6070927451939304,-0.03048934882640382,0.16533712651980367,1.000029272053032
3,0.017363753957,0.775,-0.6053561675419386,-0.030907951654225115,0.16515516006954142,1.0000289749199307
3,0.017363753957,0.776,-0.6035959100989521,-0.03132652981974154,0.16496818466587126,1.000028681427215
3,0.017363753957,0.777,-0.6018119765394365,-0.03174503486262603,0.16477617571640757,1.0000283915201533
3,0.017363753957,0.778,-0.6000043718286653,-0.032163418112154125,0.16457910877614862,1.0000281051443825
3,0.017363753957,0.779,-0.5981731042458092,-0.03258163036054951,0.16437695977972647,1.0000278222464754
3,0.017363753957,0.78,-0.5963181854251522,-0.032999621864574495,0.1641697050494936,1.0000275427739218
3,0.017363753957,0.781,-0.5944396283198193,-0.033417342671674954,0.16395732106068667,1.0000272666745704
3,0.017363753957,0.782,-0.5925374506274601,-0.033834742087551974,0.16373978484305995,1.0000269938975166
3,0.017363753957,0.783,-0.5906116713957087,-0.03425176920996527,0.16351707358539988,1.0000267243922003
3,0.017363753957,0.784,-0.588662313137125,-0.03466837260606315,0.1632891648858901,1.000026458108937
3,0.017363753957,0.785,-0.586689401869899,-0.03508450031441434,0.1630560367601944,1.0000261949989007
3,0.017363753957,0.786,-0.5846929649898904,-0.03550010016702719,0.16281766738850653,1.0000259350135992
3,0.017363753957,0.787,-0.5826730348458627,-0.035915119264570514,0.16257403554691519,1.0000256781057073
3,0.017363753957,0.788,-0.5806296451949571,-0.036329504502867864,0.162325120182172,1.0000254242282207
3,0.017363753957,0.789,-0.5785628334082159,-0.03674320225521222,0.1620709006801318,1.0000251733349537
3,0.017363753957,0.79,-0.5764726405106485,-0.03715615837485124,0.16181135687379883,1.0000249253805225
3,0.017363753957,0.791,-0.5743591089628928,-0.03756831851187662,0.16154646877231302,1.0000246803198554
3,0.017363753957,0.792,-0.5722222863836,-0.03797962759776696,0.16127621702189687,1.0000244381089696
3,0.017363753957,0.793,-0.5700622218572227,-0.038390030362908965,0.16100058245100013,1.0000241987041827
3,0.017363753957,0.794,-0.567878968228568,-0.038799471024923586,0.16071954635669883,1.0000239620625757
3,0.017363753957,0.795,-0.5656725821420949,-0.0392078932916158,0.1604330905126683,1.0000237281419775
3,0.017363753957,0.796,-0.5634431217347924,-0.03961524067170418,0.1601411968802347,1.0000234969005093
3,0.017363753957,0.797,-0.5611906505028377,-0.04002145597039973,0.1598438480986208,1.000023268297307
3,0.017363753957,0.798,-0.5589152334644765,-0.04042648179624837,0.15954102700072184,1.0000230422917866
3,0.017363753957,0.799,-0.5566169395417577,-0.04083026025651946,0.15923271691726315,1.0000228188440765
3,0.017363753957,0.8,-0.5542958415989296,-0.0412327329606309,0.15891890168466175,1.000022597915002
3,0.017363753957,0.801,-0.5519520140484241,-0.04163384132366414,0.1585995653383549,1.0000223794656595
3,0.017363753957,0.802,-0.5495855368584216,-0.04203352607473168,0.15827469263191848,1.0000221634580928
3,0.017363753957,0.803,-0.5471964915740889,-0.04243172775139583,0.15794426852387017,1.0000219498546052
3,0.017363753957,0.804,-0.5447849637843472,-0.04282838640319373,0.15760827849929573,1.0000217386181636
3,0.017363753957,0.805,-0.5423510431592287,-0.043223441595547245,0.15726670857755748,1.0000215297123844
3,0.017363753957,0.806,-0.5398948209711639,-0.04361683270498648,0.1569195449882029,1.0000213231011361
3,0.017363753957,0.807,-0.5374163942395803,-0.04400849844209374,0.15656677471837413,1.0000211187491685
3,0.017363753957,0.808,-0.5349158616142646,-0.044398377331717774,0.15620838497118678,1.0000209166214735
3,0.017363753957,0.809,-0.532393325924706,-0.044786407425729945,0.15584436350443887,1.00002071668366
3,0.017363753957,0.81,-0.5298488942162796,-0.04517252630742786,0.15547469863812072,1.0000205189019413
3,0.017363753957,0.811,-0.5272826751893314,-0.04555667137736976,0.15509937891330491,1.0000203232427647
3,0.017363753957,0.812,-0.5246947834764338,-0.04593877939271462,0.1547183936670977,1.0000201296733968
3,0.017363753957,0.8130000000000001,-0.5220853353921462,-0.04631878693141856,0.15433173246330678,1.0000199381613306
3,0.017363753957,0.8140000000000001,-0.5194544515621644,-0.04669663011533568,0.15393938544774244,1.0000197486746305
3,0.017363753957,0.8150000000000001,-0.5168022569581899,-0.047072244615123264,0.15354134335547998,1.0000195611819243
3,0.017363753957,0.8160000000000001,-0.5141288782576261,-0.04744556592557099,0.15313759715323735,1.0000193756520561
3,0.017363753957,0.8170000000000001,-0.5114344482485933,-0.047816528923185594,0.15272813864093962,1.0000191920546322
3,0.017363753957,0.8180000000000001,-0.5087191014508753,-0.048185068312526676,0.1523129598555664,1.0000190103594673
3,0.017363753957,0.8190000000000001,-0.5059829768217934,-0.04855111836078251,0.15189205344244158,1.0000188305369084
3,0.017363753957,0.8200000000000001,-0.503226217789615,-0.04891461290318377,0.1514654126621971,1.0000186525578247
3,0.017363753957,0.8210000000000001,-0.5004489695369948,-0.04927548560669507,0.15103303101725674,1.000018476393287
3,0.017363753957,0.8220000000000001,-0.4976513835283229,-0.049633669547717814,0.15059490287889124,1.0000183020150712
3,0.017363753957,0.8230000000000001,-0.49483361300717416,-0.04998909763869674,0.15015102286532714,1.00001812939515
3,0.017363753957,0.8240000000000001,-0.49199581577549817,-0.05034170237531565,0.14970138622830098,1.0000179585059872
3,0.017363753957,0.8250000000000001,-0.48913815422542367,-0.050691415842425806,0.14924598885966742,1.0000177893205318
3,0.017363753957,0.8260000000000001,-0.4862607925498979,-0.05103816996495283,0.14878482690273231,1.0000176218119197
3,0.017363753957,0.8270000000000001,-0.4833639013864092,-0.051381896107613345,0.14831789740346554,1.0000174559539416
3,0.017363753957,0.8280000000000001,-0.48044765319678756,-0.051722525479900854,0.14784519766415877,1.000017291720568
3,0.017363753957,0.8290000000000001,-0.4775122251159765,-0.05205998889705934,0.14736672564439038,1.000017129086228
3,0.017363753957,0.8300000000000001,-0.47455779898208816,-0.05239421678653134,0.14688247996721607,1.000016968025798
3,0.017363753957,0.8310000000000001,-0.4715845584780192,-0.05272513942492085,0.1463924595162262,1.0000168085143282
3,0.017363753957,0.8320000000000001,-0.46859269388505276,-0.053052686561638265,0.14589666410935748,1.0000166505274757
3,0.017363753957,0.833,-0.4655823973513935,-0.05337678780035464,0.14539509382961086,1.000016494041064
3,0.017363753957,0.834,-0.4625538658064605,-0.05369737237492199,0.14488774943942997,1.0000163390313412
3,0.017363753957,0.835,-0.4595073009890453,-0.05401436915634528,0.14437463238641046,1.0000161854749692
3,0.017363753957,0.836,-0.4564429065240133,-0.05432770687463129,0.14385574438709678,1.000016033348772
3,0.017363753957,0.837,-0.45336089277874414,-0.0546373137682923,0.1433310881215918,1.0000158826301344
3,0.017363753957,0.838,-0.4502614720273301,-0.05494311794034149,0.14280066654308415,1.0000157332965958
3,0.017363753957,0.839,-0.4471448614259961,-0.05524504715033733,0.14226448330449384,1.000015585326088
3,0.017363753957,0.84,-0.4440112830392103,-0.05554302882188369,0.14172254276362772,1.000015438696926
3,0.017363753957,0.841,-0.44086096085591414,-0.055836990248185364,0.14117484955488752,1.0000152933875748
3,0.017363753957,0.842,-0.43769412574121225,-0.05612685826935425,0.1406214093026122,1.0000151493770184
3,0.017363753957,0.843,-0.4345110105037086,-0.0564125596010047,0.14006222791142361,1.0000150066443831
3,0.017363753957,0.844,-0.43131185292732627,-0.056694020643607575,0.13949731200382723,1.0000148651691585
3,0.017363753957,0.845,-0.4280968957952203,-0.05697116749052135,0.13892666892473848,1.0000147249311895
3,0.017363753957,0.846,-0.4248663838503132,-0.057243926116068,0.13835030630243675,1.0000145859104579
3,0.017363753957,0.847,-0.42162056883409343,-0.05751222208259641,0.13776823277829336,1.0000144480874258
3,0.017363753957,0.848,-0.41835970446511606,-0.05777598083972503,0.13718045728022293,1.0000143114426883
3,0.017363753957,0.849,-0.4150840495221568,-0.058035127552197516,0.1365869894697507,1.0000141759571741
3,0.017363753957,0.85,-0.41179386786577815,-0.05828958710844724,0.1359878397458274,1.0000140416121417
3,0.017363753957,0.851,-0.4084894253482815,-0.058539284290001076,0.1353830187965441,1.000013908388976
3,0.017363753957,0.852,-0.4051709949309204,-0.058784143510264175,0.1347725383425919,1.0000137762695047
3,0.017363753957,0.853,-0.4018388515821459,-0.05902408908244767,0.13415641039640722,1.0000136452356796
3,0.017363753957,0.854,-0.3984932754066913,-0.059259045067123046,0.1335346477170275,1.0000135152697598
3,0.017363753957,0.855,-0.39513455166464195,-0.059488935281322715,0.13290726381310472,1.0000133863543093
3,0.017363753957,0.856,-0.39176296763625273,-0.05971368344807328,0.132274272487089,1.0000132584720085
3,0.017363753957,0.857,-0.38837881780832706,-0.05993321296887486,0.1316356885894361,1.000013131605948
3,0.017363753957,0.858,-0.38498239870134066,-0.06014744715834242,0.1309915272663606,1.0000130057393306
3,0.017363753957,0.859,-0.3815740120387179,-0.06035630911266179,0.13034180442059395,1.0000128808556454
3,0.017363753957,0.86,-0.3781539647632503,-0.06055972171922838,0.12968653671350105,1.0000127569386614
3,0.017363753957,0.861,-0.3747225658625727,-0.06075760778510675,0.12902574110364873,1.0000126339722557
3,0.017363753957,0.862,-0.37128013161489554,-0.06094988984518613,0.12835943560842017,1.0000125119406835
3,0.017363753957,0.863,-0.3678269803547025,-0.06113649036155553,0.1276876385436409,1.0000123908283045
3,0.017363753957,0.864,-0.3643634356761356,-0.06131733161406959,0.12701036898813117,1.0000122706197412
3,0.017363753957,0.865,-0.3608898264466104,-0.06149233571052817,0.12632764678482195,1.000012151299876
3,0.017363753957,0.866,-0.3574064835990812,-0.061661424692853066,0.1256394920758493,1.0000120328536903
3,0.017363753957,0.867,-0.35391374542675524,-0.061824520382911745,0.12494592606785014,1.0000119152665143
3,0.017363753957,0.868,-0.35041195229762034,-0.06198154454463657,0.1242469702671048,1.000011798523775
3,0.017363753957,0.869,-0.34690144988551236,-0.06213241879791525,0.1235426469455357,1.0000116826111423
3,0.017363753957,0.87,-0.34338258918077463,-0.06227706462931472,0.12283297914071035,1.0000115675145247
3,0.017363753957,0.871,-0.3398557232557866,-0.062415403474759094,0.12211799018984619,1.0000114532199227
3,0.017363753957,0.872,-0.33632121259772174,-0.06254735660502656,0.12139770449464629,1.0000113397136596
3,0.017363753957,0.873,-0.3327794197827261,-0.06267284524861061,0.12067214675601119,1.000011226982146
3,0.017363753957,0.874,-0.32923071272789844,-0.06279179053015872,0.11994134243887657,1.0000111150120188
3,0.017363753957,0.875,-0.32567546469883873,-0.06290411348174524,0.11920531777098267,1.0000110037901333
3,0.017363753957,0.876,-0.32211405105525953,-0.06300973510082526,0.11846409927843522,1.0000108933034315
3,0.017363753957,0.877,-0.318546854610282,-0.0631085762774272,0.11771771454549253,1.000010783539151
3,0.017363753957,0.878,-0.31497426027565245,-0.0632005578757378,0.11696619145334004,1.0000106744846127
3,0.017363753957,0.879,-0.3113966583275192,-0.06328560069832435,0.11620955864088042,1.000010566127344
3,0.017363753957,0.88,-0.3078144444107128,-0.0633636254979625,0.11544784550213918,1.0000104584550755
3,0.017363753957,0.881,-0.3042280162716087,-0.0634345530096292,0.1146810817263103,1.0000103514556167
3,0.017363753957,0.882,-0.300637779131878,-0.06349830392143714,0.11390929804742293,1.000010245117051
3,0.017363753957,0.883,-0.29704414031670684,-0.06355479891290268,0.11313252549214795,1.0000101394275376
3,0.017363753957,0.884,-0.29344751252689816,-0.06360395864620298,0.11235079583335257,1.0000100343754272
3,0.017363753957,0.885,-0.2898483138397276,-0.06364570377856793,0.11156414158600267,1.0000099299492584
3,0.017363753957,0.886,-0.28624696443657593,-0.06367995496705729,0.11077259555492498,1.0000098261376416
3,0.017363753957,0.887,-0.2826438919784706,-0.0637066328853164,0.1099761915687635,1.0000097229294413
3,0.017363753957,0.888,-0.27903952622985045,-0.06372565821645555,0.1091749637422978,1.0000096203135918
3,0.017363753957,0.889,-0.2754343023291674,-0.06373695167261577,0.1083689469192518,1.0000095182792044
3,0.017363753957,0.89,-0.2718286607861566,-0.06374043400793619,0.10755817666654209,1.0000094168155627
3,0.017363753957,0.891,-0.26822304421211635,-0.06373602599483831,0.10674268883331602,1.0000093159120191
3,0.017363753957,0.892,-0.2646179026839806,-0.06372364848872675,0.10592252026305049,1.0000092155581595
3,0.017363753957,0.893,-0.2610136883767659,-0.06370322237336633,0.10509770807641096,1.0000091157436342
3,0.017363753957,0.894,-0.2574108588244812,-0.06367466861006019,0.10426829009945701,1.000009016458258
3,0.017363753957,0.895,-0.2538098769136482,-0.06363790825120842,0.10343430485607617,1.0000089176920053
3,0.017363753957,0.896,-0.25021120762447147,-0.06359286238679049,0.10259579114220622,1.0000088194349133
3,0.017363753957,0.897,-0.24661532336957456,-0.06353945225919455,0.10175278870933381,1.0000087216772364
3,0.017363753957,0.898,-0.24302269864886902,-0.06347759915892244,0.10090533757451074,1.000008624409288
3,0.017363753957,0.899,-0.23943381329220917,-0.06340722450472351,0.10005347842972839,1.0000085276215345
3,0.017363753957,0.9,-0.23584915244899127,-0.06332824985776464,0.09919725263236555,1.0000084313045896
3,0.017363753957,0.901,-0.23226920334883422,-0.06324059683696141,0.09833670179887763,1.0000083354491263
3,0.017363753957,0.902,-0.22869446060048215,-0.0631441872861969,0.09747186845231703,1.0000082400460173
3,0.017363753957,0.903,-0.22512542088346021,-0.06303894311811126,0.09660279536675027,1.000008145086193
3,0.017363753957,0.904,-0.2215625861635235,-0.06292478642658575,0.09572952595317907,1.0000080505607232
3,0.017363753957,0.905,-0.21800646367815793,-0.06280163950155088,0.09485210424781976,1.0000079564608164
3,0.017363753957,0.906,-0.21445756272577962,-0.06266942471176294,0.09397057452994041,1.0000078627777351
3,0.017363753957,0.907,-0.2109163999096547,-0.06252806472677318,0.09308498192535004,1.0000077695029292
3,0.017363753957,0.908,-0.20738349388135432,-0.06237748230646402,0.09219537179312674,1.0000076766279
3,0.017363753957,0.909,-0.2038593685196422,-0.06221760044734333,0.09130179008304518,1.0000075841442808
3,0.017363753957,0.91,-0.2003445529116928,-0.062048342398024287,0.09040428332149514,1.0000074920438333
3,0.017363753957,0.911,-0.1968395781802232,-0.061869631507976156,0.08950289825856832,1.0000074003183699
3,0.017363753957,0.912,-0.19334498265659592,-0.06168139150673125,0.08859768241875189,1.0000073089598775
3,0.017363753957,0.913,-0.18986130669176296,-0.06148354623670849,0.08768868353858252,1.0000072179603923
3,0.017363753957,0.914,-0.1863890957888129,-0.061276019834861646,0.08677594989009897,1.0000071273120728
3,0.017363753957,0.915,-0.1829289005797108,-0.06105873674887239,0.08585953026419833,1.0000070370071976
3,0.017363753957,0.916,-0.1794812737002041,-0.06083162155031872,0.08493947365251743,1.000006947038094
3,0.017363753957,0.917,-0.17604677487554965,-0.0605945992737643,0.08401582973582049,1.0000068573972523
3,0.017363753957,0.918,-0.17262596581535242,-0.060347595090260185,0.0830886483819325,1.0000067680772085
3,0.017363753957,0.919,-0.16921941328954235,-0.06009053452599238,0.08215797992927645,1.0000066790706144
3,0.017363753957,0.92,-0.16582768910042764,-0.05982334347923973,0.0812238751674566,1.0000065903702358
3,0.017363753957,0.921,-0.16245136701567067,-0.059545947996297546,0.08028638505994323,1.0000065019688822
3,0.017363753957,0.922,-0.1590910277493061,-0.05925827467328704,0.0793455611598683,1.0000064138595182
3,0.017363753957,0.923,-0.1557472539576432,-0.058960250267540405,0.07840145517836196,1.0000063260351517
3,0.017363753957,0.924,-0.15242063324796054,-0.05865180195501884,0.07745411922175653,1.0000062384888995
3,0.017363753957,0.925,-0.14911175814564706,-0.05833285734809705,0.07650360576918122,1.0000061512139864
3,0.017363753957,0.926,-0.14582122309603346,-0.05800334423245161,0.07554996744253636,1.0000060642036792
3,0.017363753957,0.927,-0.14254962932253246,-0.057663191034660964,0.07459325733861542,1.0000059774513916
3,0.017363753957,0.928,-0.13929757994159508,-0.05731232636845495,0.07363352867876059,1.0000058909505785
3,0.017363753957,0.929,-0.13606568289288987,-0.056950679332824564,0.07267083499282877,1.0000058046947984
3,0.017363753957,0.93,-0.13285455090128753,-0.05657817953070729,0.07170523009357825,1.0000057186777136
3,0.017363753957,0.931,-0.12966479855885965,-0.056194756764894986,0.07073676790090773,1.0000056328930251
3,0.017363753957,0.932,-0.12649704704106624,-0.055800341574773094,0.06976550267841602,1.0000055473345761
3,0.017363753957,0.933,-0.12335191935964757,-0.055394864714147236,0.06879148877609863,1.0000054619962484
3,0.017363753957,0.934,-0.12023004320248548,-0.05497825749214463,0.06781478075367944,1.0000053768720234
3,0.017363753957,0.935,-0.11713205089016532,-0.05455045179288763,0.06683543335157126,1.000005291955982
3,0.017363753957,0.936,-0.11405857655002895,-0.05411137972829314,0.06585350137684498,1.0000052072422436
3,0.017363753957,0.937,-0.11101026067034275,-0.05366097424762615,0.06486903983153734,1.0000051227250635
3,0.017363753957,0.9380000000000001,-0.10798774551097962,-0.05319916854329996,0.06388210376091362,1.0000050383987347
3,0.017363753957,0.9390000000000001,-0.10499167784053752,-0.05272589643687797,0.06289274830828526,1.0000049542576481
3,0.017363753957,0.9400000000000001,-0.10202270888718552,-0.05224109239983671,0.061901028682331286,1.0000048702962894
3,0.017363753957,0.9410000000000001,-0.0990814916172896,-0.05174469116091562,0.060907000112745954,1.0000047865091826
3,0.017363753957,0.9420000000000001,-0.09616868510640243,-0.0512366283925383,0.059910717856827424,1.0000047028909842
3,0.017363753957,0.9430000000000001,-0.09328495012865982,-0.05071684004061542,0.0589122371666162,1.000004619436388
3,0.017363753957,0.9440000000000001,-0.09043095177804607,-0.050185262758196444,0.05791161326685324,1.0000045361401824
3,0.017363753957,0.9450000000000001,-0.08760735941319944,-0.04964183392743804,0.05690890131846283,1.00000445299725
3,0.017363753957,0.9460000000000001,-0.0848148440538258,-0.04908649121891751,0.055904156452287135,1.0000043700025107
3,0.017363753957,0.9470000000000001,-0.08205408254614521,-0.048519173359406954,0.054897433639761455,1.000004287151015
3,0.017363753957,0.9480000000000001,-0.07932575335310846,-0.04793981938128717,0.0538887877929779,1.0000042044378503
3,0.017363753957,0.9490000000000001,-0.07663053904593946,-0.0473483691066725,0.052878273657010096,1.000004121858197
3,0.017363753957,0.9500000000000001,-0.07396912624254126,-0.046744763170714805,0.05186594576937858,1.0000040394073302
3,0.017363753957,0.9510000000000001,-0.07134220313568222,-0.04612894253001593,0.05085185858070308,1.000003957080561
3,0.017363753957,0.9520000000000001,-0.06875046342919865,-0.04550084931672474,0.049836066174623675,1.000003874873331
3,0.017363753957,0.9530000000000001,-0.06619460235244509,-0.04486042600269652,0.04881862251550503,1.000003792781119
3,0.017363753957,0.9540000000000001,-0.06367531900740309,-0.04420761593721917,0.04779958124598174,1.0000037107994966
3,0.017363753957,0.9550000000000001,-0.06119331630028976,-0.043542363371796934,0.046778995642258694,1.0000036289241303
3,0.017363753957,0.9560000000000001,-0.058749298891651355,-0.04286461298816151,0.0457569187938004,1.0000035471507303
3,0.017363753957,0.9570000000000001,-0.056343975605150295,-0.042174310506372374,0.044733403324986216,1.000003465475112
3,0.017363753957,0.9580000000000001,-0.05397805802488998,-0.04147140237465723,0.0437085015017679,1.0000033838931626
3,0.017363753957,0.9590000000000001,-0.05165226072936725,-0.04075583585148372,0.04268226517550014,1.0000033024008488
3,0.017363753957,0.96,-0.04936730124609857,-0.04002755902141078,0.04165474575355993,1.0000032209942162
3,0.017363753957,0.961,-0.04712390001426888,-0.039286520814097836,0.040625994167535914,1.0000031396693903
3,0.017363753957,0.962,-0.044922780363612275,-0.03853267102965825,0.03959606083662752,1.000003058422577
3,0.017363753957,0.963,-0.042764668436351835,-0.03776596034739583,0.03856499564040565,1.0000029772500643
3,0.017363753957,0.964,-0.04065029312832215,-0.036986340339870166,0.03753284788869916,1.0000028961482195
3,0.017363753957,0.965,-0.03858038603896133,-0.03619376348982891,0.036499666289625955,1.0000028151134916
3,0.017363753957,0.966,-0.036555681428390045,-0.03538818321061015,0.03546549891463715,1.0000027341424118
3,0.017363753957,0.967,-0.03457691618883885,-0.03456955387350911,0.03443039315762516,1.0000026532315947
3,0.017363753957,0.968,-0.03264482976407071,-0.03373783081685694,0.03339439570659511,1.0000025723777373
3,0.017363753957,0.969,-0.03076016408640086,-0.032892970360978144,0.03235755251148289,1.000002491577621
3,0.017363753957,0.97,-0.02892366352173472,-0.03203492982630587,0.031319908749616904,1.0000024108281105
3,0.017363753957,0.971,-0.027136074820664793,-0.03116366755530057,0.030281508787603103,1.0000023301261556
3,0.017363753957,0.972,-0.025398147081853246,-0.030279142941996136,0.029242396136056444,1.0000022494687921
3,0.017363753957,0.973,-0.023710631668832534,-0.02938131644146814,0.02820261342036535,1.0000021688531433
3,0.017363753957,0.974,-0.02207428214265862,-0.02847014958576658,0.027162202346549383,1.0000020882764187
3,0.017363753957,0.975,-0.0204898542016458,-0.02754560500331598,0.026121203664228505,1.000002007735915
3,0.017363753957,0.976,-0.018958105626035074,-0.02660764644247345,0.02507965712539785,1.0000019272290182
3,0.017363753957,0.977,-0.017479796232691733,-0.02565623880342268,0.02403760143476554,1.0000018467532048
3,0.017363753957,0.978,-0.0160556877891682,-0.02469134814807028,0.022995074219857702,1.0000017663060408
3,0.017363753957,0.979,-0.014686543941703626,-0.023712941717030856,0.021952111995091863,1.0000016858851841
3,0.017363753957,0.98,-0.013373130149278496,-0.022720987950407882,0.020908750122401898,1.0000016054883842
3,0.017363753957,0.981,-0.01211621362137382,-0.021715456513109323,0.019865022767028652,1.0000015251134837
3,0.017363753957,0.982,-0.010916563263296212,-0.02069631832925428,0.01882096284353501,1.0000014447584205
3,0.017363753957,0.983,-0.009774949587378007,-0.01966354559252169,0.017776601985574934,1.0000013644212278
3,0.017363753957,0.984,-0.008692144636016107,-0.01861711178425254,0.016731970508440254,1.0000012841000339
3,0.017363753957,0.985,-0.007668921909643463,-0.01755699169569549,0.01568709736757582,1.0000012037930646
3,0.017363753957,0.986,-0.00670605629706671,-0.016483161455186135,0.014642010111606022,1.000001123498644
3,0.017363753957,0.987,-0.005804324010685902,-0.01539559856521994,0.013596734824205996,1.0000010432151965
3,0.017363753957,0.988,-0.004964502494702963,-0.014294281913256246,0.012551296093945952,1.000000962941247
3,0.017363753957,0.989,-0.00418737034287685,-0.013179191790982593,0.011505716975665096,1.0000008826754216
3,0.017363753957,0.99,-0.0034737072199880095,-0.01205030991808946,0.010460018947213557,1.0000008024164493
3,0.017363753957,0.991,-0.0028242937842145933,-0.010907619471398657,0.009414221860046685,1.0000007221631626
3,0.017363753957,0.992,-0.002239911611473382,-0.009751105124735053,0.00836834387726112,1.0000006419145004
3,0.017363753957,0.993,-0.001721343100510695,-0.008580753060159395,0.007322401444025239,1.0000005616695078
3,0.017363753957,0.994,-0.0012693713850421028,-0.007396550988411259,0.006276409248244726,1.0000004814273376
3,0.017363753957,0.995,-0.000884780248271546,-0.006198488174247979,0.005230380175986188,1.000000401187251
3,0.017363753957,0.996,-0.0005683540367462682,-0.004986555467576829,0.004184325260101465,1.0000003209486186
3,0.017363753957,0.997,-0.00032087757301227333,-0.0037607453462251256,0.0031382536148898896,1.000000240710924
3,0.017363753957,0.998,-0.00014313605747463674,-0.0025210519275365817,0.0020921724077364225,1.000000160473764
3,0.017363753957,0.999,-3.5914974590485566e-05,-0.0012674709899705143,0.0010460868196583437,1.000000080236848
3,0.017363753957,1.0,1.9587636905255695e-21,1.1518939809258986e-19,-1.2141703412934847e-19,0.9999999999999999
