TITLE = "three_solutions_Tw1.160"
VARIABLES = "branch" "pressure_gradient" "z" "H" "F" "G" "T"
DATASETAUXDATA Source_File = "boussinesq_singularity_results/three_solutions_Tw1.160.csv"
DATASETAUXDATA Converter = "convert_all_to_tecplot.py"
ZONE T="branch=1", I=1001, DATAPACKING=POINT
1 0.001542389588 0 0 -1.774838468368595e-29 1 1.16
1 0.001542389588 0.001 -0.0004174554942997578 0.01306397140847531 0.9835786066966148 1.158662194641888
1 0.001542389588 0.002 -0.00163545792506889 0.0253206767242014 0.9671829619079831 1.157324404030931
1 0.001542389588 0.003 -0.003603924193325655 0.03680078398149098 0.9508369855468078 1.155986665138544
1 0.001542389588 0.004 -0.006274692132198245 0.04753436695183924 0.9345627023415136 1.154649037792334
1 0.001542389588 0.005 -0.009601482212870664 0.05755088270702585 0.9183803467468585 1.153311603195563
1 0.001542389588 0.006 -0.0135398579179057 0.06687915237724242 0.9023084630116341 1.151974462493201
1 0.001542389588 0.007 -0.01804718500458802 0.07554734489162415 0.886364000600661 1.150637735381687
1 0.001542389588 0.008 -0.02308258980234538 0.08358296352046485 0.8705624052126716 1.149301558759497
1 0.001542389588 0.009000000000000001 -0.02860691675215513 0.09101283501943272 0.8549177055549927 1.147966085416899
1 0.001542389588 0.01 -0.03458268534160044 0.09786310119857074 0.8394425960642158 1.146631482763298
1 0.001542389588 0.011 -0.04097404658277989 0.1041592127456304 0.824148515746744 1.145297931590998
1 0.001542389588 0.012 -0.04774673917360881 0.1099259251396486 0.8090457233004434 1.143965624874596
1 0.001542389588 0.013 -0.05486804543919228 0.1151872965142775 0.7941433686932595 1.142634766605269
1 0.001542389588 0.014 -0.06230674720423166 0.1199666873097343 0.7794495613198479 1.141305570659959
1 0.001542389588 0.015 -0.07003308170111694 0.1242867615750426 0.7649714348793214 1.139978259705315
1 0.001542389588 0.016 -0.07801869751746437 0.1281694898360785 0.7507152091679584 1.138653064135957
1 0.001542389588 0.017 -0.08623661129582882 0.1316361530838079 0.7366862485378773 1.137330221049959
1 0.001542389588 0.018 -0.0946611635061099 0.1347073486738788 0.7228891182082767 1.136009973254162
1 0.001542389588 0.019 -0.1032679760570569 0.137402996638045 0.709327636918564 1.134692568311356
1 0.001542389588 0.02 -0.11203390967299 0.1397423473924803 0.6960049273557321 1.133378257619622
1 0.001542389588 0.021 -0.1209370211591467 0.1417439907617992 0.6829234643398195 1.132067295527048
1 0.001542389588 0.022 -0.1299565229783956 0.1434258648867298 0.6700851196418171 1.13075993848635
1 0.001542389588 0.023 -0.1390727413186702 0.1448052671020505 0.6574912055663573 1.129456444242257
1 0.001542389588 0.024 -0.1482670765312072 0.1458988645321334 0.6451425154046444 1.128157071058504
1 0.001542389588 0.025 -0.1575219636131505 0.1467227056604549 0.6330393620836338 1.12686207698038
1 0.001542389588 0.026 -0.1668208329188754 0.1472922327545017 0.6211816149562813 1.125571719135638
1 0.001542389588 0.027 -0.1761480731160105 0.1476222938420613 0.6095687339768808 1.124286253070426
1 0.001542389588 0.028 -0.1854889930539704 0.1477271562536104 0.5981998027843453 1.123005932125564
1 0.001542389588 0.029 -0.194829786153263 0.1476205194330066 0.5870735592640368 1.121731006846252
1 0.001542389588 0.03 -0.2041574946019462 0.1473155286728801 0.5761884248016642 1.120461724430827
1 0.001542389588 0.031 -0.2134599747514393 0.146824788856223 0.5655425317353463 1.119198328215245
1 0.001542389588 0.032 -0.2227258636258414 0.1461603781979308 0.5551337491489792 1.117941057191821
1 0.001542389588 0.033 -0.2319445456125009 0.1453338625855201 0.5449597073776995 1.116690145567782
1 0.001542389588 0.034 -0.2411061208678706 0.1443563094318673 0.5350178208006025 1.115445822353581
1 0.001542389588 0.035 -0.2502013742211459 0.1432383018284759 0.5253053093909932 1.114208310987427
1 0.001542389588 0.036 -0.2592217446362952 0.1419899529471653 0.5158192190277487 1.112977828997012
1 0.001542389588 0.037 -0.2681592965102961 0.140620919721799 0.5065564403144751 1.111754587684807
1 0.001542389588 0.038 -0.2770066907056064 0.1391404173062619 0.4975137264929542 1.110538791856664
1 0.001542389588 0.039 -0.2857571573841354 0.137557232765408 0.4886877099986642 1.109330639571947
1 0.001542389588 0.04 -0.2944044693556141 0.1358797389075534 0.4800749180304699 1.108130321927004
1 0.001542389588 0.041 -0.3029429160322731 0.1341159081827483 0.4716717871293089 1.10693802287179
1 0.001542389588 0.042 -0.3113672789860712 0.1322733258326992 0.4634746766614171 1.105753919043545
1 0.001542389588 0.043 -0.3196728074449141 0.1303592035701374 0.4554798815193872 1.104578179640724
1 0.001542389588 0.044 -0.3278551953456003 0.1283803924854505 0.4476836438369067 1.103410966311644
1 0.001542389588 0.045 -0.3359105589229152 0.1263433959582718 0.4400821639198007 1.102252433071707
1 0.001542389588 0.046 -0.3438354149049959 0.1242543825118365 0.4326716103960938 1.101102726248367
1 0.001542389588 0.047 -0.3516266600765609 0.1221191979377451 0.4254481295831432 1.099961984436785
1 0.001542389588 0.048 -0.3592815509174562 0.1199433777624997 0.418407854191122 1.098830338490754
1 0.001542389588 0.049 -0.3667976845582788 0.1177321589765087 0.4115469113309564 1.097707911521931
1 0.001542389588 0.05 -0.3741729802585421 0.1154904916790119 0.404861429908544 1.096594818922097
1 0.001542389588 0.051 -0.3814056614787215 0.1132230505712012 0.398347547414328 1.09549116840665
1 0.001542389588 0.052 -0.3884942389895382 0.110934245869374 0.3920014161642017 1.094397060066054
1 0.001542389588 0.053 -0.395437494392371 0.1086282341869685 0.3858192090037429 1.093312586439639
1 0.001542389588 0.054 -0.4022344644318941 0.1063089290198059 0.3797971245202816 1.092237832600436
1 0.001542389588 0.055 -0.4088844259451667 0.1039800109583444 0.3739313917866938 1.091172876253529
1 0.001542389588 0.056 -0.415386881447339 0.1016449376085511 0.3682182746666586 1.090117787846336
1 0.001542389588 0.057 -0.4217415453371609 0.09930695321978129 0.3626540757083814 1.08907263068974
1 0.001542389588 0.058 -0.4279483306943531 0.09696909803032944 0.3572351396500274 1.088037461089425
1 0.001542389588 0.059 -0.4340073366720782 0.09463421730964094 0.3519578565661027 1.08701232848566
1 0.001542389588 0.06 -0.4399188364369196 0.09230497012987098 0.3468186646708803 1.085997275601692
1 0.001542389588 0.061 -0.4456832656667273 0.08998383783950661 0.3418140528078485 1.084992338598776
1 0.001542389588 0.062 -0.4513012115712897 0.08767313225998785 0.3369405626420346 1.083997547237625
1 0.001542389588 0.063 -0.4567734024178728 0.08537500361005129 0.3321947905736298 1.083012925045521
1 0.001542389588 0.064 -0.4621006975622614 0.0830914481404796 0.3275733893995255 1.082038489487468
1 0.001542389588 0.065 -0.4672840779514378 0.08082431550134371 0.3230730697360691 1.081074252141279
1 0.001542389588 0.066 -0.4723246370276891 0.07857531591790642 0.318690601184039 1.080120218878975
1 0.001542389588 0.067 -0.4772235722193374 0.07634602692154314 0.3144228133698743 1.079176390043004
1 0.001542389588 0.068 -0.4819821766683243 0.07413790006668808 0.3102665966853775 1.07824276063441
1 0.001542389588 0.06900000000000001 -0.4866018315177963 0.07195226720432793 0.3062189029390142 1.077319320494177
1 0.001542389588 0.07000000000000001 -0.4910839985316274 0.06979034658918698 0.3022767458089701 1.076406054488533
1 0.001542389588 0.07100000000000001 -0.4954302130620516 0.06765324879751916 0.2984372011127629 1.075502942696718
1 0.001542389588 0.07200000000000001 -0.4996420774620901 0.06554198229308876 0.2946974070067631 1.074609960593172
1 0.001542389588 0.073 -0.5037212547757565 0.06345745887120439 0.2910545639970578 1.073727079233653
1 0.001542389588 0.074 -0.5076694627932579 0.06140049883967547 0.287505934856279 1.072854265438349
1 0.001542389588 0.075 -0.5114884684234985 0.05937183599145809 0.2840488444291001 1.071991481973741
1 0.001542389588 0.076 -0.5151800823748991 0.05737212236863073 0.2806806793395771 1.071138687732593
1 0.001542389588 0.077 -0.5187461541280894 0.05540193283229988 0.2773988876014518 1.070295837912151
1 0.001542389588 0.078 -0.5221885672065525 0.05346176939690684 0.274200978183773 1.069462884187916
1 0.001542389588 0.079 -0.5255092346751332 0.05155206547995262 0.2710845204067788 1.068639774889868
1 0.001542389588 0.08 -0.5287100949690676 0.0496731897843168 0.2680471434409186 1.067826455166695
1 0.001542389588 0.081 -0.5317931078622113 0.04782545030749184 0.2650865354509113 1.067022867161917
1 0.001542389588 0.082 -0.5347602508221331 0.04600909771712008 0.262200443148383 1.066228950163712
1 0.001542389588 0.083 -0.5376135154251547 0.04422432909622263 0.2593866707499418 1.065444640777898
1 0.001542389588 0.08400000000000001 -0.5403549041132479 0.04247129110403777 0.2566430793310354 1.064669873076095
1 0.001542389588 0.08500000000000001 -0.5429864270956798 0.04075008315608881 0.2539675859728859 1.06390457874876
1 0.001542389588 0.08600000000000001 -0.5455100994514496 0.03906076056174075 0.2513581627252593 1.063148687259754
1 0.001542389588 0.08700000000000001 -0.5479279384384508 0.03740333720312648 0.2488128359502462 1.062402125981023
1 0.001542389588 0.08799999999999999 -0.5502419609595388 0.03577778846307417 0.2463296851349071 1.0616648203428
1 0.001542389588 0.089 -0.552454181209462 0.0341840537140333 0.2439068420898455 1.060936693964273
1 0.001542389588 0.09 -0.5545666084691074 0.03262203880540751 0.2415424899731954 1.060217668786534
1 0.001542389588 0.091 -0.5565812450858855 0.03109161850162059 0.2392348621638964 1.059507665204998
1 0.001542389588 0.092 -0.5585000845354706 0.02959263858144057 0.236982241497392 1.058806602186765
1 0.001542389588 0.093 -0.5603251097040636 0.02812491809500756 0.2347829590319329 1.058114397397185
1 0.001542389588 0.094 -0.5620582912318298 0.02668825129846738 0.2326353931793985 1.057430967311795
1 0.001542389588 0.095 -0.563701586000831 0.02528240957335425 0.2305379686892422 1.056756227328578
1 0.001542389588 0.096 -0.5652569357930575 0.02390714329441592 0.2284891555091873 1.056090091878235
1 0.001542389588 0.097 -0.5667262659383442 0.02256218345388639 0.2264874679822098 1.05543247452375
1 0.001542389588 0.098 -0.5681114842213816 0.02124724337542855 0.2245314636322464 1.054783288064075
1 0.001542389588 0.099 -0.5694144797631204 0.01996202019791454 0.2226197422863672 1.054142444627558
1 0.001542389588 0.1 -0.5706371220403914 0.01870619633546329 0.2207509450736463 1.053509855764269
1 0.001542389588 0.101 -0.5717812600593529 0.01747944088650092 0.2189237533232453 1.052885432535354
1 0.001542389588 0.102 -0.5728487214540859 0.01628141087380581 0.2171368877688028 1.052269085595471
1 0.001542389588 0.103 -0.5738413118643383 0.0151117525243948 0.2153891073949803 1.051660725275376
1 0.001542389588 0.104 -0.5747608142267397 0.01397010239119737 0.2136792085892444 1.051060261658003
1 0.001542389588 0.105 -0.5756089881958799 0.01285608844615886 0.2120060241902947 1.050467604652453
1 0.001542389588 0.106 -0.5763875697034295 0.01176933112469591 0.2103684224540369 1.0498826640644
1 0.001542389588 0.107 -0.57709827039846 0.01070944425867947 0.2087653062945933 1.049305349662783
1 0.001542389588 0.108 -0.5777427773735392 0.00967603601352501 0.20719561221574 1.048735571243602
1 0.001542389588 0.109 -0.5783227527634098 0.008668709722404976 0.2056583095155507 1.048173238690381
1 0.001542389588 0.11 -0.5788398334640781 0.007687064689612242 0.2041523994045013 1.047618262031867
1 0.001542389588 0.111 -0.5792956309750689 0.006730696948583801 0.2026769140560648 1.047070551495806
1 0.001542389588 0.112 -0.5796917310948713 0.005799199952208052 0.2012309159014879 1.046530017561657
1 0.001542389588 0.113 -0.5800296938992708 0.004892165242305143 0.1998134966580307 1.045996571008139
1 0.001542389588 0.114 -0.5803110535666695 0.004009183058137253 0.1984237765991428 1.045470122960055
1 0.001542389588 0.115 -0.5805373183139437 0.003149842913527909 0.1970609037522338 1.044950584931903
1 0.001542389588 0.116 -0.5807099704417161 0.002313734132412643 0.195724053041119 1.044437868867471
1 0.001542389588 0.117 -0.5808304662168366 0.001500446349389496 0.1944124256432792 1.043931887180446
1 0.001542389588 0.118 -0.5809002360283293 0.000709569972694411 0.1931252481185619 1.043432552788272
1 0.001542389588 0.119 -0.580920684376231 -5.930338259866898e-05 0.1918617717502773 1.042939779147336
1 0.001542389588 0.12 -0.5808931899611106 -0.0008065804921618487 0.1906212718257499 1.042453480284713
1 0.001542389588 0.121 -0.5808191058704748 -0.001532666157666245 0.1894030468714801 1.041973570825907
1 0.001542389588 0.122 -0.5806997595953109 -0.002237962853052096 0.1882064180758763 1.04149996602524
1 0.001542389588 0.123 -0.580536453306395 -0.002922870418988659 0.1870307285166664 1.041032581788425
1 0.001542389588 0.124 -0.5803304639578698 -0.003587785764360822 0.1858753425734454 1.040571334698026
1 0.001542389588 0.125 -0.5800830434819646 -0.00423310259720369 0.1847396452896191 1.040116142035419
1 0.001542389588 0.126 -0.5797954190692978 -0.004859211189485317 0.1836230416970664 1.039666921798838
1 0.001542389588 0.127 -0.5794687932787038 -0.005466498135751903 0.1825249563035705 1.039223592725302
1 0.001542389588 0.128 -0.5791043443905216 -0.006055346166041244 0.181444832413824 1.038786074304059
1 0.001542389588 0.129 -0.5787032265876406 -0.006626133949656701 0.1803821316108568 1.038354286794112
1 0.001542389588 0.13 -0.5782665702186479 -0.007179235926618966 0.1793363331951827 1.037928151238231
1 0.001542389588 0.131 -0.5777954821364323 -0.007715022169346162 0.1783069335932937 1.037507589473251
1 0.001542389588 0.132 -0.5772910458702526 -0.008233858226317725 0.1772934459066617 1.037092524145105
1 0.001542389588 0.133 -0.5767543220235958 -0.008736105022782385 0.1762953993193025 1.036682878715059
1 0.001542389588 0.134 -0.5761863485045522 -0.009222118741230361 0.1753123386436533 1.036278577470841
1 0.001542389588 0.135 -0.575588140829852 -0.009692250727544387 0.1743438238311343 1.035879545534364
1 0.001542389588 0.136 -0.5749606924953372 -0.01014684742402475 0.1733894294574848 1.035485708865923
1 0.001542389588 0.137 -0.5743049751869292 -0.01058625027654671 0.1724487443288523 1.035096994273732
1 0.001542389588 0.138 -0.5736219391992281 -0.01101079569917951 0.1715213709679539 1.034713329414567
1 0.001542389588 0.139 -0.5729125136942622 -0.01142081501133049 0.170606925218982 1.034334642799856
1 0.001542389588 0.14 -0.5721776070261061 -0.01181663439848059 0.1697050358230227 1.033960863798502
1 0.001542389588 0.141 -0.5714181071239297 -0.0121985748967323 0.1688153439726971 1.033591922636397
1 0.001542389588 0.142 -0.5706348817245517 -0.01256695234667212 0.1679375029701841 1.033227750401645
1 0.001542389588 0.143 -0.5698287787946121 -0.01292207740347095 0.1670711777837623 1.032868279040971
1 0.001542389588 0.144 -0.5690006268023371 -0.01326425551516558 0.1662160447059207 1.032513441361926
1 0.001542389588 0.145 -0.5681512350480411 -0.01359378692244928 0.1653717909868604 1.032163171031962
1 0.001542389588 0.146 -0.5672813940459738 -0.01391096667951028 0.164538114450871 1.031817402574457
1 0.001542389588 0.147 -0.5663918757658343 -0.01421608464161751 0.1637147232009245 1.031476071370594
1 0.001542389588 0.148 -0.5654834340464622 -0.01450942550661911 0.1629013352375551 1.031139113652684
1 0.001542389588 0.149 -0.5645568048695812 -0.01479126882241768 0.1620976781643437 1.03080646650341
1 0.001542389588 0.15 -0.5636127066857971 -0.01506188901393835 0.1613034888728687 1.030478067852138
1 0.001542389588 0.151 -0.5626518407856886 -0.01532155542866681 0.1605185132135412 1.030153856468392
1 0.001542389588 0.152 -0.5616748915412558 -0.01557053234800778 0.1597425057414939 1.029833771961226
1 0.001542389588 0.153 -0.560682526802971 -0.0158090790495318 0.1589752293902024 1.02951775477036
1 0.001542389588 0.154 -0.5596753981677686 -0.01603744983454592 0.1582164552187402 1.029205746163245
1 0.001542389588 0.155 -0.5586541412934394 -0.01625589407324452 0.1574659621419131 1.028897688229377
1 0.001542389588 0.156 -0.5576193762525938 -0.01646465626622154 0.1567235366487542 1.028593523872011
1 0.001542389588 0.157 -0.5565717077677867 -0.01666397607204443 0.1559889725847096 1.028293196805685
1 0.001542389588 0.158 -0.5555117255866782 -0.01685408838228897 0.1552620708729925 1.027996651545889
1 0.001542389588 0.159 -0.5544400047390595 -0.01703522336234416 0.1545426392983842 1.027703833404582
1 0.001542389588 0.16 -0.5533571058350063 -0.0172076065080093 0.1538304922767719 1.027414688483133
1 0.001542389588 0.161 -0.5522635753977447 -0.0173714587164913 0.1531254506150878 1.027129163662884
1 0.001542389588 0.162 -0.5511599460882612 -0.01752699632451307 0.1524273413251715 1.026847206601351
1 0.001542389588 0.163 -0.5500467370555113 -0.01767443119026678 0.1517359973865051 1.026568765721015
1 0.001542389588 0.164 -0.5489244541791423 -0.01781397074233701 0.1510512575617912 1.02629379020377
1 0.001542389588 0.165 -0.5477935903486144 -0.01794581804276296 0.1503729662006536 1.026022229982989
1 0.001542389588 0.166 -0.5466546257727632 -0.0180701718627648 0.1497009730354277 1.025754035733408
1 0.001542389588 0.167 -0.545508028191264 -0.01818722672716457 0.1490351330225058 1.02548915886644
1 0.001542389588 0.168 -0.5443542531984105 -0.0182971729990015 0.1483753061407785 1.025227551518513
1 0.001542389588 0.169 -0.5431937444695932 -0.01840019693280905 0.1477213572346963 1.024969166544843
1 0.001542389588 0.17 -0.5420269340199504 -0.01849648074051638 0.147073155847452 1.024713957511005
1 0.001542389588 0.171 -0.5408542424897003 -0.01858620266847925 0.1464305760476484 1.024461878682513
1 0.001542389588 0.172 -0.5396760793409819 -0.01866953704511979 0.1457934962943725 1.02421288501956
1 0.001542389588 0.173 -0.5384928431548659 -0.01874665436518137 0.1451617992663241 1.023966932165249
1 0.001542389588 0.174 -0.5373049218406681 -0.0188177213446356 0.1445353717285466 1.023723976438987
1 0.001542389588 0.175 -0.5361126928736635 -0.0188829009868342 0.1439141043909501 1.023483974827858
1 0.001542389588 0.176 -0.5349165235561819 -0.01894235265843656 0.1432978917614733 1.023246884976157
1 0.001542389588 0.177 -0.5337167711991774 -0.01899623213803963 0.1426866320315657 1.023012665179833
1 0.001542389588 0.178 -0.5325137833929381 -0.01904469169798718 0.1420802269316001 1.022781274374843
1 0.001542389588 0.179 -0.531307898199042 -0.01908788015897622 0.1414785816179144 1.022552672130405
1 0.001542389588 0.18 -0.5300994443673573 -0.01912594295465926 0.1408816045530417 1.02232681864038
1 0.001542389588 0.181 -0.5288887415735274 -0.01915902220482896 0.1402892073815383 1.022103674712978
1 0.001542389588 0.182 -0.5276761005852195 -0.01918725676346847 0.1397013048329551 1.021883201765076
1 0.001542389588 0.183 -0.5264618235075402 -0.01921078229673436 0.1391178145997003 1.021665361810898
1 0.001542389588 0.184 -0.5252462039579522 -0.01922973133593364 0.1385386572414558 1.021450117455276
1 0.001542389588 0.185 -0.5240295272632565 -0.01924423333936991 0.137963756083952 1.021237431885207
1 0.001542389588 0.186 -0.5228120706745144 -0.0192544147617214 0.1373930371141301 1.021027268859877
1 0.001542389588 0.187 -0.5215941035183396 -0.01926039910044 0.1368264288980647 1.020819592705004
1 0.001542389588 0.188 -0.5203758874183766 -0.01926230696905179 0.1362638624779504 1.020614368301948
1 0.001542389588 0.189 -0.5191576764538429 -0.01926025614762674 0.1357052712913457 1.020411561081125
1 0.001542389588 0.19 -0.517939717337495 -0.01925436164110573 0.1351505910857486 1.020211137013842
1 0.001542389588 0.191 -0.5167222496093016 -0.01924473574423448 0.1345997598302191 1.020013062602739
1 0.001542389588 0.192 -0.51550550577342 -0.01923148808561259 0.1340527176460454 1.019817304876254
1 0.001542389588 0.193 -0.5142897114973013 -0.01921472569584072 0.1335094067199923 1.019623831378263
1 0.001542389588 0.194 -0.5130750857547448 -0.01919455305494086 0.1329697712361666 1.019432610161714
1 0.001542389588 0.195 -0.5118618409860365 -0.01917107214672742 0.1324337573040313 1.019243609780827
1 0.001542389588 0.196 -0.5106501832718369 -0.01914438251897157 0.131901312884008 1.019056799282017
1 0.001542389588 0.197 -0.5094403124566582 -0.01911458132467763 0.1313723877289889 1.018872148198558
1 0.001542389588 0.198 -0.5082324223272633 -0.01908176338488517 0.1308469333113825 1.018689626540786
1 0.001542389588 0.199 -0.5070267007412477 -0.01904602123274369 0.1303249027657052 1.018509204790031
1 0.001542389588 0.2 -0.5058233297706383 -0.01900744516372826 0.1298062508280009 1.018330853891224
1 0.001542389588 0.201 -0.5046224858575259 -0.01896612329093308 0.1292909337733006 1.01815454524433
1 0.001542389588 0.202 -0.5034243399249598 -0.01892214158335447 0.1287789093663441 1.017980250699266
1 0.001542389588 0.203 -0.5022290575363326 -0.01887558392335401 0.1282701368003153 1.017807942546699
1 0.001542389588 0.204 -0.5010367990215894 -0.01882653215158989 0.127764576645725 1.017637593511367
1 0.001542389588 0.205 -0.4998477195500371 -0.01877506609127085 0.1272621908137203 1.017469176749818
1 0.001542389588 0.206 -0.4986619693916625 -0.01872126364659315 0.1267629424722322 1.017302665832037
1 0.001542389588 0.207 -0.4974796938775434 -0.01866520078355862 0.126266796040104 1.017138034748366
1 0.001542389588 0.208 -0.4963010335980131 -0.01860695160415906 0.125773717121028 1.016975257896233
1 0.001542389588 0.209 -0.4951261245333906 -0.01854658839451307 0.1252836724561467 1.016814310072326
1 0.001542389588 0.21 -0.4939550981653071 -0.01848418166564301 0.1247966298824949 1.016655166466259
1 0.001542389588 0.211 -0.4927880815726154 -0.01841980018834234 0.1243125582957637 1.016497802655505
1 0.001542389588 0.212 -0.4916251975000664 -0.01835351101739896 0.123831427619927 1.016342194602709
1 0.001542389588 0.213 -0.4904665645082416 -0.01828537954821229 0.1233532087584029 1.016188318645641
1 0.001542389588 0.214 -0.4893122970897912 -0.01821546956035509 0.1228778735543591 1.016036151489912
1 0.001542389588 0.215 -0.4881625057684751 -0.01814384325452718 0.1224053947558773 1.015885670203072
1 0.001542389588 0.216 -0.4870172971845571 -0.01807056128421742 0.1219357459847054 1.01573685220988
1 0.001542389588 0.217 -0.485876774156146 -0.01799568277787886 0.1214689017106813 1.015589675289768
1 0.001542389588 0.218 -0.4847410358121355 -0.01791926538984685 0.1210048372109567 1.015444117567537
1 0.001542389588 0.219 -0.4836101776953557 -0.01784136533959487 0.1205435285368016 1.015300157506597
1 0.001542389588 0.22 -0.482484291850506 -0.0177620374450759 0.1200849524844441 1.015157773903491
1 0.001542389588 0.221 -0.481363466900022 -0.01768133515133873 0.1196290865688809 1.015016945883498
1 0.001542389588 0.222 -0.4802477880987222 -0.01759931055070787 0.1191759090023609 1.014877652898258
1 0.001542389588 0.223 -0.4791373374514926 -0.01751601442842275 0.1187253986603985 1.014739874717172
1 0.001542389588 0.224 -0.4780321938046652 -0.01743149629788515 0.1182775350540564 1.01460359142115
1 0.001542389588 0.225 -0.4769324329239481 -0.01734580443062754 0.117832298305572 1.014468783397546
1 0.001542389588 0.226 -0.4758381275616999 -0.0172589858820728 0.1173896691264344 1.014335431336076
1 0.001542389588 0.227 -0.4747493475054989 -0.01717108650980646 0.1169496287993022 1.014203516226619
1 0.001542389588 0.228 -0.4736661596821736 -0.01708215101436464 0.1165121591497272 1.014073019351273
1 0.001542389588 0.229 -0.4725886282386292 -0.01699222297078285 0.116077242523051 1.013943922278595
1 0.001542389588 0.23 -0.4715168146107989 -0.01690134485544407 0.1156448617640621 1.013816206858914
1 0.001542389588 0.231 -0.4704507775831988 -0.01680955806918632 0.1152150001986718 1.013689855220571
1 0.001542389588 0.232 -0.469390573332006 -0.01671690295377649 0.1147876416187306 1.013564849767873
1 0.001542389588 0.233 -0.4683362555169019 -0.01662341882826903 0.1143627702585528 1.013441173173785
1 0.001542389588 0.234 -0.4672878753524657 -0.01652914401716613 0.1139403707756918 1.013318808374613
1 0.001542389588 0.235 -0.466245481669096 -0.0164341158744012 0.1135204282339922 1.013197738565695
1 0.001542389588 0.236 -0.4652091209656496 -0.016338370804004 0.1131029280882937 1.013077947197928
1 0.001542389588 0.237 -0.4641788374475784 -0.01624194427489777 0.1126878561716968 1.01295941797589
1 0.001542389588 0.238 -0.4631546731079224 -0.01614487085323552 0.1122751986761156 1.012842134851105
1 0.001542389588 0.239 -0.4621366677902926 -0.01604718422747414 0.1118649421363146 1.012726082017161
1 0.001542389588 0.24 -0.4611248592426296 -0.01594891722974414 0.1114570734158125 1.012611243905743
1 0.001542389588 0.241 -0.4601192831636651 -0.01585010185428046 0.111051579694137 1.01249760518344
1 0.001542389588 0.242 -0.4591199732366284 -0.01575076927066985 0.1106484484561547 1.012385150750013
1 0.001542389588 0.243 -0.4581269612005983 -0.01565094985255113 0.1102476674760029 1.012273865732211
1 0.001542389588 0.244 -0.4571402769060073 -0.01555067319989237 0.1098492248038632 1.012163735479282
1 0.001542389588 0.245 -0.4561599483620224 -0.01544996815798813 0.1094531087542619 1.012054745559328
1 0.001542389588 0.246 -0.4551860017775062 -0.01534886283385785 0.109059307895469 1.011946881756374
1 0.001542389588 0.247 -0.4542184615907618 -0.01524738460807069 0.1086678110405684 1.01184013006878
1 0.001542389588 0.248 -0.4532573505323357 -0.01514556016017176 0.1082786072342204 1.01173447670356
1 0.001542389588 0.249 -0.4523026896738838 -0.01504341548843522 0.1078916857417297 1.011629908072263
1 0.001542389588 0.25 -0.451354498469889 -0.01494097592671742 0.1075070360393577 1.011526410787622
1 0.001542389588 0.251 -0.4504127947937331 -0.01483826615901475 0.1071246478055227 1.011423971660875
1 0.001542389588 0.252 -0.4494775949639109 -0.01473531022999073 0.106744510913337 1.011322577700302
1 0.001542389588 0.253 -0.4485489137992647 -0.01463213156746389 0.1063666154197364 1.011222216106019
1 0.001542389588 0.254 -0.4476267646619704 -0.01452875299989115 0.1059909515564716 1.011122874266191
1 0.001542389588 0.255 -0.446711159494236 -0.01442519677129055 0.1056175097221069 1.011024539753965
1 0.001542389588 0.256 -0.445802108850036 -0.01432148455413914 0.105246280474732 1.010927200325012
1 0.001542389588 0.257 -0.4448996219181872 -0.01421763745872151 0.104877254525735 1.010830843916194
1 0.001542389588 0.258 -0.4440037065708951 -0.01411367605298861 0.1045104227309099 1.010735458640783
1 0.001542389588 0.259 -0.4431143694015379 -0.01400962037800644 0.104145776083057 1.010641032784989
1 0.001542389588 0.26 -0.4422316157569266 -0.0139054899611464 0.1037833057053942 1.010547554805153
1 0.001542389588 0.261 -0.4413554497651997 -0.01380130382749102 0.1034230028455374 1.010455013325491
1 0.001542389588 0.262 -0.4404858743561143 -0.01369708050811689 0.1030648588703133 1.010363397136881
1 0.001542389588 0.263 -0.4396228913036912 -0.01359283805760696 0.1027088652585174 1.010272695192479
1 0.001542389588 0.264 -0.4387665012594062 -0.0134885940676804 0.1023550135948591 1.010182896604534
1 0.001542389588 0.265 -0.4379167037805287 -0.01338436567883262 0.102003295564556 1.010093990641815
1 0.001542389588 0.266 -0.4370734973546252 -0.01328016959040377 0.1016537029483763 1.010005966727547
1 0.001542389588 0.267 -0.4362368794173856 -0.01317602206790135 0.1013062276183272 1.009918814438312
1 0.001542389588 0.268 -0.435406846390067 -0.01307193895842331 0.100960861531788 1.009832523500018
1 0.001542389588 0.269 -0.4345833937086364 -0.0129679357026658 0.100617596726578 1.009747083784988
1 0.001542389588 0.27 -0.4337665158486513 -0.01286402734517935 0.1002764253165387 1.009662485309598
1 0.001542389588 0.271 -0.4329562063467724 -0.01276022854324201 0.09993733948746676 1.009578718232395
1 0.001542389588 0.272 -0.4321524578164119 -0.01265655357331936 0.09960033149353803 1.009495772853088
1 0.001542389588 0.273 -0.431355261980601 -0.01255301634463121 0.09926539365258451 1.009413639608863
1 0.001542389588 0.274 -0.4305646096975667 -0.01244963040971598 0.09893251834209872 1.009332309071703
1 0.001542389588 0.275 -0.4297804909825689 -0.01234640897345431 0.09860169799564059 1.009251771946231
1 0.001542389588 0.276 -0.4290028950267779 -0.01224336490087626 0.09827292509951503 1.009172019067988
1 0.001542389588 0.277 -0.4282318102110058 -0.01214051072284853 0.09794619218981501 1.009093041402521
1 0.001542389588 0.278 -0.4274672241345471 -0.01203785864799473 0.09762149184864816 1.009014830041989
1 0.001542389588 0.279 -0.4267091236376245 -0.01193542057197804 0.0972988167009203 1.008937376202723
1 0.001542389588 0.28 -0.4259574948205461 -0.01183320808542921 0.09697815941143044 1.008860671223239
1 0.001542389588 0.281 -0.4252123230602691 -0.01173123248080525 0.09665951268217042 1.008784706562669
1 0.001542389588 0.282 -0.4244735930224429 -0.01162950475738585 0.09634286924988848 1.00870947379993
1 0.001542389588 0.283 -0.4237412886867163 -0.01152803563173622 0.09602822188310259 1.008634964630617
1 0.001542389588 0.284 -0.4230153933664297 -0.01142683554585348 0.09571556337953147 1.008561170864752
1 0.001542389588 0.285 -0.4222958897254236 -0.01132591467412272 0.09540488656376274 1.008488084424982
1 0.001542389588 0.286 -0.4215827597925683 -0.01122528292933314 0.09509618428507176 1.008415697345129
1 0.001542389588 0.287 -0.4208759849723262 -0.01112494996705857 0.09478944941542256 1.008344001769448
1 0.001542389588 0.288 -0.420175546066959 -0.01102492519483201 0.09448467484713152 1.008272989949766
1 0.001542389588 0.289 -0.4194814232938054 -0.01092521777928658 0.09418185349083559 1.008202654243426
1 0.001542389588 0.29 -0.4187935963000289 -0.01082583665225078 0.09388097827363674 1.008132987111629
1 0.001542389588 0.291 -0.4181120441753658 -0.01072679051601762 0.09358204213735388 1.008063981118118
1 0.001542389588 0.292 -0.4174367454613903 -0.01062808784717691 0.09328503803689117 1.007995628928494
1 0.001542389588 0.293 -0.4167676781710041 -0.01052973690465302 0.09298995893843792 1.0079279233076
1 0.001542389588 0.294 -0.4161048198035994 -0.01043174573595738 0.09269679781788133 1.007860857117626
1 0.001542389588 0.295 -0.4154481473580018 -0.01033412218252271 0.0924055476593463 1.007794423316598
1 0.001542389588 0.296 -0.4147976373436589 -0.01023687388431091 0.09211620145380804 1.007728614957168
1 0.001542389588 0.297 -0.4141532657887725 -0.01014000828315828 0.09182875219776891 1.007663425186004
1 0.001542389588 0.298 -0.4135150082574069 -0.01004353262981161 0.09154319289189898 1.007598847241373
1 0.001542389588 0.299 -0.4128828398628027 -0.009947453989396971 0.09125951653981575 1.007534874451416
1 0.001542389588 0.3 -0.4122567352787405 -0.009851779246081934 0.09097771614695167 1.007471500232757
1 0.001542389588 0.301 -0.4116366687493667 -0.009756515107099205 0.09069778471946632 1.007408718089397
1 0.001542389588 0.302 -0.4110226140963376 -0.009661668105659896 0.09041971526318276 1.007346521612161
1 0.001542389588 0.303 -0.4104145447338455 -0.009567244607108168 0.09014350078258843 1.007284904476482
1 0.001542389588 0.304 -0.4098124336803137 -0.009473250813699683 0.08986913427991745 1.007223860440811
1 0.001542389588 0.305 -0.4092162535683825 -0.009379692768671451 0.08959660875428875 1.007163383345345
1 0.001542389588 0.306 -0.408625976653545 -0.009286576359749887 0.08932591720086691 1.007103467111019
1 0.001542389588 0.307 -0.408041574820432 -0.009193907321681648 0.08905705261001655 1.007044105739
1 0.001542389588 0.308 -0.4074630195960169 -0.009101691241613797 0.08879000796659689 1.006985293308654
1 0.001542389588 0.309 -0.4068902821598982 -0.009009933563264934 0.08852477624929243 1.006927023976083
1 0.001542389588 0.31 -0.4063233333530815 -0.00891863959047366 0.08826135042997389 1.00686929197296
1 0.001542389588 0.311 -0.4057621436855807 -0.008827814490252321 0.08799972347306559 1.006812091605609
1 0.001542389588 0.312 -0.405206683341956 -0.008737463294979835 0.08773988833488232 1.006755417254544
1 0.001542389588 0.313 -0.404656922203319 -0.008647590911416593 0.0874818379635201 1.006699263370126
1 0.001542389588 0.314 -0.4041128298304194 -0.008558202113571814 0.08722556529753669 1.006643624477359
1 0.001542389588 0.315 -0.4035743754443829 -0.008469301534558767 0.08697106326444695 1.006588495181371
1 0.001542389588 0.316 -0.4030415281178865 -0.008380893745891524 0.08671832478683199 1.006533870122423
1 0.001542389588 0.317 -0.402514256452018 -0.008292983123058959 0.08646734276999864 1.006479744054174
1 0.001542389588 0.318 -0.4019925289198759 -0.008205573988263073 0.08621811011414943 1.006426111761523
1 0.001542389588 0.319 -0.4014763136715108 -0.008118670529111992 0.08597061970628041 1.006372968108608
1 0.001542389588 0.32 -0.4009655785453001 -0.00803227680310062 0.08572486441967128 1.006320308037176
1 0.001542389588 0.321 -0.4004602912593558 -0.007946396817480005 0.08548083712215294 1.006268126519093
1 0.001542389588 0.322 -0.3999604191184744 -0.007861034406434691 0.085238530661662 1.006216418631234
1 0.001542389588 0.323 -0.3994659293153076 -0.007776193357078457 0.0849979378803811 1.0061651794794
1 0.001542389588 0.324 -0.3989767887594856 -0.007691877337608487 0.08475905160569665 1.006114404242793
1 0.001542389588 0.325 -0.3984929640876682 -0.00760808990119818 0.08452186464989329 1.006064088172499
1 0.001542389588 0.326 -0.3980144218311973 -0.007524834556593873 0.08428636981929551 1.00601422654752
1 0.001542389588 0.327 -0.3975411281595998 -0.00744211465942226 0.08405255989876001 1.005964814744151
1 0.001542389588 0.328 -0.3970730491442689 -0.007359933523638176 0.08382042766701807 1.005915848165504
1 0.001542389588 0.329 -0.3966101506089775 -0.007278294357894791 0.08358996588711225 1.005867322282716
1 0.001542389588 0.33 -0.3961523981387816 -0.00719720026892187 0.08336116730625642 1.005819232633573
1 0.001542389588 0.331 -0.3956997572266511 -0.007116654324071506 0.08313402466544507 1.005771574781732
1 0.001542389588 0.332 -0.3952521930493596 -0.007036659454886616 0.08290853068348045 1.005724344381076
1 0.001542389588 0.333 -0.3948096706979665 -0.006957218555922118 0.08268467807289299 1.005677537110357
1 0.001542389588 0.334 -0.3943721550472987 -0.006878334428241877 0.08246245953019649 1.005631148711423
1 0.001542389588 0.335 -0.393939610763858 -0.006800009782347199 0.08224186773588148 1.005585174987952
1 0.001542389588 0.336 -0.3935120024338032 -0.006722247293740086 0.0820228953641633 1.005539611767628
1 0.001542389588 0.337 -0.3930892943676146 -0.006645049517119353 0.08180553506702506 1.005494454961858
1 0.001542389588 0.338 -0.3926714508010977 -0.006568418974254903 0.08158977949021302 1.005449700505134
1 0.001542389588 0.339 -0.3922584357817327 -0.00649235810365987 0.08137562126358266 1.005405344390512
1 0.001542389588 0.34 -0.3918502131757199 -0.006416869263126537 0.08116305300119878 1.005361382668454
1 0.001542389588 0.341 -0.3914467467793703 -0.006341954779240319 0.08095206731095836 1.005317811411708
1 0.001542389588 0.342 -0.3910480001494135 -0.006267616870777996 0.08074265677903379 1.005274626770776
1 0.001542389588 0.343 -0.3906539367777486 -0.006193857727101395 0.08053481398554022 1.005231824917596
1 0.001542389588 0.344 -0.3902645199928426 -0.006120679463174689 0.08032853149518972 1.005189402078513
1 0.001542389588 0.345 -0.3898797129660297 -0.006048084121758155 0.08012380185747622 1.005147354533205
1 0.001542389588 0.346 -0.3894994788080923 -0.005976073717686776 0.0799206176159627 1.005105678582058
1 0.001542389588 0.347 -0.3891237804225023 -0.005904650169228296 0.07971897129342913 1.005064370597717
1 0.001542389588 0.348 -0.3887525806567111 -0.00583381536827455 0.07951885540689203 1.005023426972758
1 0.001542389588 0.349 -0.3883858422170241 -0.005763571139980897 0.07932026245873842 1.00498284415033
1 0.001542389588 0.35 -0.3880235276742537 -0.005693919244662201 0.07912318493697661 1.004942618623172
1 0.001542389588 0.351 -0.3876655995470318 -0.005624861417544836 0.07892761532402276 1.004902746903281
1 0.001542389588 0.352 -0.3873120201756442 -0.005556399307003565 0.07873354608279126 1.004863225569861
1 0.001542389588 0.353 -0.3869627518522707 -0.005488534537663117 0.07854096967081592 1.004824051220653
1 0.001542389588 0.354 -0.3866177567479773 -0.005421268674030939 0.07834987853199675 1.004785220500451
1 0.001542389588 0.355 -0.3862769969178113 -0.00535460322213439 0.07816026509690183 1.004746730100193
1 0.001542389588 0.356 -0.3859404343721759 -0.005288539665362487 0.0779721217909245 1.004708576728738
1 0.001542389588 0.357 -0.3856080309692341 -0.005223079408642342 0.07778544102149908 1.004670757157503
1 0.001542389588 0.358 -0.3852797485261862 -0.005158223835418055 0.07760021519113039 1.00463326817516
1 0.001542389588 0.359 -0.3849555487572039 -0.005093974274730594 0.07741643668985519 1.004596106614193
1 0.001542389588 0.36 -0.3846353932780436 -0.005030332002630475 0.07723409789558235 1.004559269350056
1 0.001542389588 0.361 -0.3843192436666343 -0.004967298274644404 0.0770531911815231 1.004522753274897
1 0.001542389588 0.362 -0.3840070613723033 -0.004904874275076374 0.07687370890466935 1.004486555339134
1 0.001542389588 0.363 -0.3836988078098924 -0.004843061168703106 0.07669564341758563 1.004450672509266
1 0.001542389588 0.364 -0.3833944443076194 -0.004781860070827492 0.07651898706166071 1.004415101792615
1 0.001542389588 0.365 -0.3830939321112772 -0.004721272048496756 0.07634373216747599 1.004379840236551
1 0.001542389588 0.366 -0.3827972324350259 -0.004661298150057929 0.07616987106143613 1.004344884904003
1 0.001542389588 0.367 -0.3825043063859349 -0.00460193935887773 0.07599739605560998 1.004310232912227
1 0.001542389588 0.368 -0.3822151150424902 -0.004543196640481751 0.07582629945817777 1.004275881393472
1 0.001542389588 0.369 -0.3819296194115102 -0.004485070915171438 0.07565657356752757 1.004241827518058
1 0.001542389588 0.37 -0.3816477804319869 -0.004427563059073956 0.07548821067264276 1.004208068493659
1 0.001542389588 0.371 -0.3813695590169378 -0.004370673931188148 0.07532120305888221 1.004174601542465
1 0.001542389588 0.372 -0.3810949159919674 -0.00431440433091258 0.07515554299925212 1.004141423937353
1 0.001542389588 0.373 -0.3808238121595026 -0.004258755041257724 0.0749912227634342 1.004108532965194
1 0.001542389588 0.374 -0.3805562082640104 -0.004203726803671938 0.0748282346127631 1.00407592594839
1 0.001542389588 0.375 -0.3802920649955309 -0.004149320318945966 0.07466657080062647 1.004043600244217
1 0.001542389588 0.376 -0.380031343023327 -0.004095536272096531 0.07450622357735981 1.004011553223499
1 0.001542389588 0.377 -0.3797740029473442 -0.004042375293175183 0.07434718518299328 1.003979782304394
1 0.001542389588 0.378 -0.3795200053493303 -0.003989837997097097 0.07418944785481212 1.003948284918133
1 0.001542389588 0.379 -0.379269310765705 -0.003937924960370006 0.07403300382323739 1.003917058529132
1 0.001542389588 0.38 -0.3790218796908272 -0.003886636721873287 0.07387784531223297 1.003886100634392
1 0.001542389588 0.381 -0.3787776726030778 -0.003835973805878876 0.07372396454329454 1.003855408743575
1 0.001542389588 0.382 -0.3785366499282549 -0.003785936685686006 0.07357135372969449 1.00382498041058
1 0.001542389588 0.383 -0.3782987720785705 -0.003736525820535691 0.07342000508254752 1.003794813201522
1 0.001542389588 0.384 -0.3780639994326143 -0.003687741633978706 0.07326991080760545 1.003764904713548
1 0.001542389588 0.385 -0.3778322923383907 -0.003639584514546656 0.073121063105666 1.00373525257427
1 0.001542389588 0.386 -0.3776036111323831 -0.003592054837168497 0.07297345417564756 1.00370585442314
1 0.001542389588 0.387 -0.3773779161140536 -0.003545152929239356 0.07282707621033786 1.00367670794099
1 0.001542389588 0.388 -0.3771551675735736 -0.003498879105024803 0.07268192140095577 1.003647810820083
1 0.001542389588 0.389 -0.3769353257783988 -0.003453233645440698 0.0725379819348607 1.003619160781714
1 0.001542389588 0.39 -0.3767183509761098 -0.003408216798631305 0.07239524999595992 1.003590755575694
1 0.001542389588 0.391 -0.3765042034069271 -0.003363828800003792 0.0722537177668688 1.003562592962913
1 0.001542389588 0.392 -0.3762928432886016 -0.003320069840394031 0.07211337742615644 1.003534670743001
1 0.001542389588 0.393 -0.3760842308336159 -0.003276940098308426 0.07197422115140811 1.003506986726294
1 0.001542389588 0.394 -0.3758783262419559 -0.003234439720920217 0.07183624111784266 1.003479538750313
1 0.001542389588 0.395 -0.3756750897037823 -0.003192568824567702 0.07169942949871526 1.003452324679291
1 0.001542389588 0.396 -0.3754744814058024 -0.003151327513597927 0.07156377846657092 1.003425342387842
1 0.001542389588 0.397 -0.3752764615259351 -0.003110715850339754 0.07142928019196877 1.003398589786877
1 0.001542389588 0.398 -0.3750809902406178 -0.003070733885482172 0.07129592684506141 1.00337206479734
1 0.001542389588 0.399 -0.3748880277234186 -0.003031381640119186 0.07116371059510737 1.003345765365658
1 0.001542389588 0.4 -0.3746975341475602 -0.002992659106179419 0.07103262361086685 1.003319689463299
1 0.001542389588 0.401 -0.3745094696865001 -0.002954566264243264 0.07090265806096227 1.003293835071465
1 0.001542389588 0.402 -0.3743237945178379 -0.00291710305507442 0.07077380611405439 1.003268200205398
1 0.001542389588 0.403 -0.3741404688212762 -0.00288026940839146 0.07064605993896357 1.003242782889752
1 0.001542389588 0.404 -0.373959452782764 -0.002844065225817127 0.07051941170505992 1.003217581173086
1 0.001542389588 0.405 -0.373780706596895 -0.002808490381249066 0.07039385358264962 1.003192593127458
1 0.001542389588 0.406 -0.3736041904619959 -0.002773544737791446 0.07026937774246141 1.003167816834058
1 0.001542389588 0.407 -0.3734298645928191 -0.002739228120631445 0.07014597635724051 1.00314325040603
1 0.001542389588 0.408 -0.3732576892096299 -0.002705540344424431 0.07002364160044461 1.003118891965353
1 0.001542389588 0.409 -0.3730876245476148 -0.002672481197023998 0.06990236564748951 1.003094739656453
1 0.001542389588 0.41 -0.3729196308591708 -0.002640050439802144 0.06978214067612533 1.003070791645825
1 0.001542389588 0.411 -0.3727536684037642 -0.002608247823816417 0.06966295886507026 1.003047046108541
1 0.001542389588 0.412 -0.3725896974690111 -0.002577073063848088 0.06954481239698405 1.003023501249696
1 0.001542389588 0.413 -0.3724276783512992 -0.002546525864590077 0.06942769345577603 1.003000155282684
1 0.001542389588 0.414 -0.3722675713702319 -0.002516605905051551 0.06931159422868238 1.002977006441996
1 0.001542389588 0.415 -0.3721093368708235 -0.002487312838834738 0.06919650690663059 1.002954052982868
1 0.001542389588 0.416 -0.3719529352083518 -0.002458646309641422 0.0690824236820457 1.002931293168601
1 0.001542389588 0.417 -0.3717983267774868 -0.002430605926315543 0.0689693367531603 1.002908725290725
1 0.001542389588 0.418 -0.3716454719847976 -0.002403191287996169 0.06885723831997698 1.002886347648576
1 0.001542389588 0.419 -0.3714943312680349 -0.002376401969105527 0.06874612058715021 1.002864158561338
1 0.001542389588 0.42 -0.371344865098244 -0.00235023751958855 0.06863597576433854 1.002842156367708
1 0.001542389588 0.421 -0.3711970339598062 -0.002324697479847926 0.06852679606321004 1.002820339413976
1 0.001542389588 0.422 -0.3710507983873197 -0.002299781356655975 0.06841857370304345 1.002798706072998
1 0.001542389588 0.423 -0.3709061189302968 -0.00227548864741211 0.06831130090538987 1.002777254724983
1 0.001542389588 0.424 -0.370762956177112 -0.002251818825635937 0.0682049698977313 1.002755983768819
1 0.001542389588 0.425 -0.3706212707570444 -0.002228771341174773 0.06809957291381993 1.002734891621778
1 0.001542389588 0.426 -0.3704810233156769 -0.002206345634643883 0.06799510218991114 1.002713976708277
1 0.001542389588 0.427 -0.3703421745592712 -0.002184541114091411 0.06789154997160839 1.002693237477762
1 0.001542389588 0.428 -0.3702046852119213 -0.002163357178480195 0.0677889085072711 1.002672672386607
1 0.001542389588 0.429 -0.3700685160440172 -0.00214279320361854 0.06768717005242091 1.002652279908788
1 0.001542389588 0.43 -0.3699336278742261 -0.002122848542340093 0.06758632687006774 1.002632058535608
1 0.001542389588 0.431 -0.3697999815403952 -0.002103522538515315 0.0674863712261993 1.002612006765108
1 0.001542389588 0.432 -0.3696675379511999 -0.002084814504369202 0.06738729539782141 1.002592123118926
1 0.001542389588 0.433 -0.3695362580359808 -0.002066723743290804 0.06728909166516053 1.002572406125233
1 0.001542389588 0.434 -0.3694061027775941 -0.002049249536143456 0.06719175231678776 1.002552854328806
1 0.001542389588 0.435 -0.3692770332143412 -0.002032391141420778 0.06709526964993158 1.002533466290767
1 0.001542389588 0.436 -0.3691490104065001 -0.002016147808886341 0.06699963596525386 1.002514240578593
1 0.001542389588 0.437 -0.3690219954950544 -0.002000518757457526 0.06690484357603629 1.002495175782033
1 0.001542389588 0.438 -0.3688959496444124 -0.001985503197432024 0.0668108847992266 1.002476270497004
1 0.001542389588 0.439 -0.3687708340795328 -0.001971100317127143 0.06671775196125045 1.002457523335098
1 0.001542389588 0.44 -0.368646610087809 -0.001957309283015088 0.06662543739831092 1.002438932923339
1 0.001542389588 0.441 -0.3685232389813379 -0.001944129253040206 0.06653393345048075 1.002420497894758
1 0.001542389588 0.442 -0.3684006821625656 -0.001931559354993707 0.06644323247198589 1.00240221690342
1 0.001542389588 0.443 -0.368278901060057 -0.001919598708234606 0.06635332682114452 1.002384088609218
1 0.001542389588 0.444 -0.3681578571698028 -0.001908246410614312 0.06626420886683705 1.002366111686857
1 0.001542389588 0.445 -0.3680375120570619 -0.001897501538593828 0.06617587098879241 1.002348284825628
1 0.001542389588 0.446 -0.3679178273144658 -0.001887363160281531 0.06608830557102631 1.002330606720498
1 0.001542389588 0.447 -0.3677987646344326 -0.00187783031423311 0.06600150501317335 1.002313076086324
1 0.001542389588 0.448 -0.3676802857381399 -0.001868902030734452 0.06591546171936749 1.00229569164347
1 0.001542389588 0.449 -0.3675623524209261 -0.00186057731897321 0.06583016810534074 1.002278452126309
1 0.001542389588 0.45 -0.3674449265540978 -0.001852855167140173 0.06574561659869645 1.002261356283017
1 0.001542389588 0.451 -0.3673279700389516 -0.001845734555225132 0.06566179963172307 1.002244402867134
1 0.001542389588 0.452 -0.3672114448858316 -0.001839214434184448 0.06557870965372675 1.002227590651023
1 0.001542389588 0.453 -0.367095313136434 -0.001833293746845012 0.06549633911890161 1.002210918412263
1 0.001542389588 0.454 -0.3669795369132298 -0.001827971415289158 0.06541468049402803 1.002194384941689
1 0.001542389588 0.455 -0.366864078421244 -0.001823246340942046 0.06533372625873314 1.002177989043208
1 0.001542389588 0.456 -0.3667488998980627 -0.001819117417158683 0.0652534688977091 1.002161729525805
1 0.001542389588 0.457 -0.3666339636994288 -0.001815583508708251 0.06517390091399937 1.002145605216292
1 0.001542389588 0.458 -0.3665192322149883 -0.001812643472351304 0.06509501481590572 1.002129614946424
1 0.001542389588 0.459 -0.3664046679216726 -0.001810296144408232 0.06501680312525798 1.002113757560515
1 0.001542389588 0.46 -0.3662902333854521 -0.001808540340834218 0.06493925837766212 1.002098031915264
1 0.001542389588 0.461 -0.3661758912073923 -0.001807374869626699 0.06486237311415104 1.002082436872185
1 0.001542389588 0.462 -0.3660616041156924 -0.001806798510581218 0.06478613989537929 1.002066971309691
1 0.001542389588 0.463 -0.3659473348749709 -0.001806810035588169 0.06471055128761224 1.00205163411088
1 0.001542389588 0.464 -0.365833046343553 -0.001807408196358267 0.06463559987154016 1.002036424170762
1 0.001542389588 0.465 -0.3657187014752023 -0.001808591724486374 0.06456127824251437 1.002021340396089
1 0.001542389588 0.466 -0.3656042632612786 -0.001810359343705527 0.06448757900165754 1.002006381698186
1 0.001542389588 0.467 -0.3654896948291406 -0.001812709749873795 0.06441449477092306 1.001991547004407
1 0.001542389588 0.468 -0.3653749593450514 -0.001815641631032003 0.06434201817821077 1.001976835246554
1 0.001542389588 0.469 -0.3652600200753266 -0.001819153655262346 0.06427014186669884 1.001962245367731
1 0.001542389588 0.47 -0.3651448403880471 -0.00182324447074218 0.06419885849506828 1.001947776322194
1 0.001542389588 0.471 -0.3650293836913626 -0.00182791271786812 0.06412816072809933 1.001933427068534
1 0.001542389588 0.472 -0.3649136135381921 -0.001833157009437299 0.06405804125255325 1.001919196580566
1 0.001542389588 0.473 -0.3647974935228186 -0.00183897595050342 0.06398849276145685 1.001905083836329
1 0.001542389588 0.474 -0.3646809873458595 -0.001845368126346937 0.06391950796392711 1.001891087824598
1 0.001542389588 0.475 -0.3645640588159623 -0.001852332102519712 0.06385107958538473 1.00187720754474
1 0.001542389588 0.476 -0.3644466717842936 -0.001859866436860486 0.06378320035766136 1.001863442000244
1 0.001542389588 0.477 -0.364328790255479 -0.001867969659837233 0.06371586303566362 1.001849790209068
1 0.001542389588 0.478 -0.3642103782779476 -0.001876640294235491 0.06364906038086744 1.001836251193178
1 0.001542389588 0.479 -0.3640914000126897 -0.001885876843220404 0.06358278517161096 1.001822823984755
1 0.001542389588 0.48 -0.3639718197349421 -0.001895677790373022 0.06351703020329769 1.001809507626045
1 0.001542389588 0.481 -0.3638516017648895 -0.00190604161161659 0.06345178827803855 1.001796301163217
1 0.001542389588 0.482 -0.3637307105848013 -0.001916966755689487 0.06338705222206012 1.001783203656196
1 0.001542389588 0.483 -0.3636091107231714 -0.001928451663696877 0.06332281486844697 1.001770214168729
1 0.001542389588 0.484 -0.3634867668272395 -0.001940494757246543 0.06325906906788036 1.001757331774271
1 0.001542389588 0.485 -0.3633636436646652 -0.001953094438477488 0.06319580768883142 1.001744555555863
1 0.001542389588 0.486 -0.3632397060504712 -0.001966249101914898 0.06313302360676082 1.001731884600274
1 0.001542389588 0.487 -0.3631149189703371 -0.001979957115045554 0.06307070972223479 1.001719318007369
1 0.001542389588 0.488 -0.362989247458574 -0.001994216837761382 0.06300885894295243 1.001706854880651
1 0.001542389588 0.489 -0.3628626566743891 -0.002009026610552391 0.06294746419490826 1.001694494332867
1 0.001542389588 0.49 -0.3627351119035515 -0.002024384754528138 0.06288651842257632 1.001682235485889
1 0.001542389588 0.491 -0.3626065784815952 -0.00204028958321788 0.06282601457768852 1.001670077465144
1 0.001542389588 0.492 -0.362477021923243 -0.0020567393832224 0.06276594563802484 1.001658019408532
1 0.001542389588 0.493 -0.3623464077942469 -0.002073732433575921 0.06270630458875967 1.001646060457418
1 0.001542389588 0.494 -0.3622147017913779 -0.002091266993980652 0.06264708443402825 1.001634199761975
1 0.001542389588 0.495 -0.3620818697440873 -0.002109341304821631 0.062588278197102 1.001622436481075
1 0.001542389588 0.496 -0.3619478775339844 -0.002127953598927378 0.06252987890876603 1.001610769776975
1 0.001542389588 0.497 -0.3618126912303697 -0.002147102082273917 0.06247187962675121 1.001599198823822
1 0.001542389588 0.498 -0.3616762769559626 -0.00216678495328963 0.06241427341643226 1.001587722799067
1 0.001542389588 0.499 -0.3615386009706071 -0.002187000391117013 0.06235705336277886 1.001576340888562
1 0.001542389588 0.5 -0.3613996296729289 -0.002207746555621336 0.06230021257052298 1.001565052286451
1 0.001542389588 0.501 -0.3612593295160988 -0.002229021599126074 0.06224374415215409 1.001553856190107
1 0.001542389588 0.502 -0.3611176671494629 -0.002250823647146532 0.0621876412479638 1.001542751808248
1 0.001542389588 0.503 -0.3609746092781704 -0.002273150817660564 0.06213189700612542 1.001531738352742
1 0.001542389588 0.504 -0.36083012275059 -0.002296001209384089 0.06207650459501247 1.001520815043472
1 0.001542389588 0.505 -0.3606841745599644 -0.002319372901773987 0.06202145720335844 1.001509981108236
1 0.001542389588 0.506 -0.3605367317564656 -0.002343263966751613 0.06196674802788711 1.001499235777914
1 0.001542389588 0.507 -0.3603877615949146 -0.002367672449444971 0.06191237029394244 1.001488578294213
1 0.001542389588 0.508 -0.360237231388319 -0.002392596387446652 0.06185831723497742 1.001478007901849
1 0.001542389588 0.509 -0.360085108598996 -0.002418033799090593 0.06180458210522369 1.00146752385319
1 0.001542389588 0.51 -0.3599313608402267 -0.002443982683449595 0.06175115817984447 1.001457125408163
1 0.001542389588 0.511 -0.3597759557846044 -0.002470441032059326 0.06169803874221589 1.001446811829636
1 0.001542389588 0.512 -0.3596188613178457 -0.002497406809649427 0.0616452171051171 1.001436582390822
1 0.001542389588 0.513 -0.3594600453862375 -0.002524877973408581 0.06159268658965387 1.001426436367806
1 0.001542389588 0.514 -0.359299476091468 -0.002552852461250844 0.06154044053826466 1.001416373043984
1 0.001542389588 0.515 -0.3591371216922835 -0.002581328191808182 0.06148847231486713 1.001406391709973
1 0.001542389588 0.516 -0.358972950509127 -0.002610303076166487 0.06143677529180527 1.001396491659205
1 0.001542389588 0.517 -0.3588069310840471 -0.002639774998567406 0.06138534287157677 1.001386672194994
1 0.001542389588 0.518 -0.3586390320220489 -0.002669741835699047 0.06133416846521481 1.001376932623401
1 0.001542389588 0.519 -0.3584692220896394 -0.002700201444941063 0.06128324550561692 1.001367272257476
1 0.001542389588 0.52 -0.3582974702164862 -0.002731151664352584 0.06123256744768588 1.001357690417176
1 0.001542389588 0.521 -0.3581237453963426 -0.002762590324430946 0.06118212775495576 1.001348186425142
1 0.001542389588 0.522 -0.3579480168530656 -0.002794515228767409 0.06113191992183599 1.00133875961347
1 0.001542389588 0.523 -0.35777025387586 -0.002826924173380608 0.06108193745147245 1.001329409316884
1 0.001542389588 0.524 -0.3575904259215458 -0.002859814934930438 0.06103217386938691 1.00132013487679
1 0.001542389588 0.525 -0.3574085026162221 -0.002893185270701748 0.060982622723613 1.0013109356412
1 0.001542389588 0.526 -0.3572244536524676 -0.00292703293039563 0.06093327757101307 1.001301810960697
1 0.001542389588 0.527 -0.3570382489614861 -0.002961355636723598 0.06088413200002052 1.00129276019491
1 0.001542389588 0.528 -0.3568498585422276 -0.002996151104799506 0.06083517960799896 1.00128378270598
1 0.001542389588 0.529 -0.3566592525673892 -0.003031417030313116 0.06078641401518169 1.001274877862445
1 0.001542389588 0.53 -0.3564664013850844 -0.003067151089509941 0.06073782886480302 1.001266045039162
1 0.001542389588 0.531 -0.3562712754123088 -0.003103350951024089 0.0606894178091168 1.001257283613454
1 0.001542389588 0.532 -0.3560738453132336 -0.003140014256396888 0.06064117453262053 1.001248592971297
1 0.001542389588 0.533 -0.3558740818221839 -0.003177138639541578 0.06059309272892955 1.001239972501077
1 0.001542389588 0.534 -0.3556719558533862 -0.003214721714868327 0.06054516611500675 1.001231421597301
1 0.001542389588 0.535 -0.3554674385026448 -0.003252761077260612 0.06049738843129012 1.00122293966053
1 0.001542389588 0.536 -0.3552605009370584 -0.003291254313957735 0.06044975342742203 1.001214526093682
1 0.001542389588 0.537 -0.3550511145794872 -0.003330198984985346 0.06040225488594107 1.001206180307967
1 0.001542389588 0.538 -0.3548392509253632 -0.003369592642705766 0.06035488659868576 1.001197901716898
1 0.001542389588 0.539 -0.3546248816562009 -0.003409432819887101 0.06030764238130643 1.001189689739854
1 0.001542389588 0.54 -0.3544079786412826 -0.00344971702967658 0.06026051607338935 1.001181543802014
1 0.001542389588 0.541 -0.3541885138236078 -0.003490442777539949 0.06021350152390499 1.001173463330811
1 0.001542389588 0.542 -0.3539664594105644 -0.003531607541592853 0.06016659261535531 1.001165447761627
1 0.001542389588 0.543 -0.3537417876845418 -0.003573208792248149 0.06011978323971962 1.001157496532047
1 0.001542389588 0.544 -0.3535144711202238 -0.003615243980222701 0.06007306731324161 1.00114960908528
1 0.001542389588 0.545 -0.3532844823862829 -0.003657710536508102 0.06002643877655056 1.00114178487009
1 0.001542389588 0.546 -0.3530517942275443 -0.003700605884373221 0.05997989157983551 1.001134023337405
1 0.001542389588 0.547 -0.3528163796618942 -0.003743927419586974 0.05993341970743763 1.001126323945767
1 0.001542389588 0.548 -0.3525782117846621 -0.003787672530172425 0.05988701715334904 1.001118686155834
1 0.001542389588 0.549 -0.3523372638897184 -0.003831838584345812 0.05984067793626897 1.001111109433652
1 0.001542389588 0.55 -0.3520935094711772 -0.003876422930485102 0.05979439609972267 1.001103593250593
1 0.001542389588 0.551 -0.3518469221017544 -0.003921422909200978 0.05974816569696714 1.001096137080107
1 0.001542389588 0.552 -0.3515974756359483 -0.003966835833443178 0.05970198081602021 1.001088740402938
1 0.001542389588 0.553 -0.3513451440081574 -0.00401265900836954 0.05965583555472108 1.001081402701863
1 0.001542389588 0.554 -0.3510899013576028 -0.004058889719212842 0.0596097240360509 1.001074123464825
1 0.001542389588 0.555 -0.3508317220300418 -0.004105525231247619 0.05956364040824981 1.001066902184875
1 0.001542389588 0.556 -0.3505705804522968 -0.004152562801933914 0.05951757882945884 1.001059738357053
1 0.001542389588 0.5570000000000001 -0.3503064513417467 -0.004199999660900992 0.05947153349317914 1.0010526314834
1 0.001542389588 0.5580000000000001 -0.3500393094981421 -0.004247833029937877 0.05942549860290119 1.001045581067904
1 0.001542389588 0.5590000000000001 -0.3497691299323765 -0.004296060110784566 0.05937946838768603 1.001038586619508
1 0.001542389588 0.5600000000000001 -0.3494958878682106 -0.004344678085097593 0.05933343710228104 1.001031647652053
1 0.001542389588 0.5610000000000001 -0.3492195586129493 -0.004393684126669797 0.05928739901150145 1.001024763681294
1 0.001542389588 0.5620000000000001 -0.3489401177732824 -0.004443075381286991 0.05924134841611488 1.001017934229695
1 0.001542389588 0.5630000000000001 -0.3486575410407586 -0.004492848986844766 0.05919527962704427 1.001011158821594
1 0.001542389588 0.5640000000000001 -0.3483718043244298 -0.00454300206106175 0.05914918698120745 1.001004436986078
1 0.001542389588 0.5650000000000001 -0.3480828837525861 -0.004593531701444392 0.05910306484163177 1.00099776825694
1 0.001542389588 0.5660000000000001 -0.3477907555395567 -0.004644434997584948 0.05905690758157792 1.0009911521698
1 0.001542389588 0.5670000000000001 -0.3474953962079408 -0.004695709010888439 0.05901070961084635 1.000984588266725
1 0.001542389588 0.5680000000000001 -0.3471967823676995 -0.004747350794818767 0.0589644653495578 1.000978076091575
1 0.001542389588 0.5690000000000001 -0.346894890852698 -0.004799357382532747 0.05891816924424912 1.000971615192769
1 0.001542389588 0.5700000000000001 -0.3465896987224523 -0.004851725786844612 0.05887181576798747 1.000965205123242
1 0.001542389588 0.5710000000000001 -0.3462811831250279 -0.004904453012603315 0.05882539940423791 1.000958845437683
1 0.001542389588 0.5720000000000001 -0.3459693215257029 -0.004957536036288948 0.05877891467358994 1.000952535696968
1 0.001542389588 0.5730000000000001 -0.3456540914796363 -0.005010971826389381 0.05873235610711759 1.000946275463693
1 0.001542389588 0.5740000000000001 -0.3453354707723338 -0.005064757330954925 0.05868571826273091 1.000940064304833
1 0.001542389588 0.5750000000000001 -0.3450134374214052 -0.005118889477563068 0.05863899572528995 1.000933901791692
1 0.001542389588 0.5760000000000001 -0.3446879695355369 -0.005173365185775067 0.05859218309021684 1.000927787497265
1 0.001542389588 0.577 -0.3443590455496274 -0.005228181346602864 0.05854527499064203 1.000921721000481
1 0.001542389588 0.578 -0.3440266439909914 -0.005283334843015615 0.05849826607034475 1.000915701881921
1 0.001542389588 0.579 -0.3436907436237737 -0.005338822537415955 0.05845115100036001 1.00090972972637
1 0.001542389588 0.58 -0.3433513234507178 -0.005394641271605513 0.05840392447909278 1.000903804122772
1 0.001542389588 0.581 -0.3430083625681867 -0.005450787879319604 0.05835658121567449 1.000897924661687
1 0.001542389588 0.582 -0.3426618404078112 -0.005507259165567601 0.05830911595752978 1.00089209093938
1 0.001542389588 0.583 -0.3423117364961902 -0.005564051927266753 0.0582615234628967 1.000886302553697
1 0.001542389588 0.584 -0.341958030603276 -0.00562116294064231 0.05821379851769001 1.000880559106523
1 0.001542389588 0.585 -0.3416007027441538 -0.005678588961194261 0.05816593593561591 1.000874860203733
1 0.001542389588 0.586 -0.3412397330300871 -0.005736326736307839 0.05811793054127206 1.000869205452759
1 0.001542389588 0.587 -0.3408751019167182 -0.005794372984472172 0.05806977719813682 1.000863594466504
1 0.001542389588 0.588 -0.3405067899572238 -0.005852724416036974 0.05802147078066747 1.000858026859394
1 0.001542389588 0.589 -0.3401347779546967 -0.00591137772053982 0.05797300619142125 1.000852502249732
1 0.001542389588 0.59 -0.3397590469639355 -0.005970329566674675 0.05792437836117088 1.000847020259651
1 0.001542389588 0.591 -0.3393795781384903 -0.006029576614974675 0.05787558223174655 1.00084158051278
1 0.001542389588 0.592 -0.3389963529854538 -0.006089115496915871 0.05782661278445078 1.000836182638002
1 0.001542389588 0.593 -0.3386093531120338 -0.006148942835790394 0.05777746501173182 1.000830826265663
1 0.001542389588 0.594 -0.338218560381954 -0.006209055233965396 0.05772813393456433 1.000825511029828
1 0.001542389588 0.595 -0.3378239569172526 -0.006269449272853909 0.05767861460256607 1.000820236568245
1 0.001542389588 0.596 -0.3374255249413071 -0.006330121525665201 0.05762890207657972 1.000815002520096
1 0.001542389588 0.597 -0.3370232470402499 -0.006391068536402366 0.05757899145751736 1.000809808529609
1 0.001542389588 0.598 -0.3366171059029234 -0.006452286840843615 0.05752887785760503 1.000804654242414
1 0.001542389588 0.599 -0.3362070844813193 -0.006513772953738592 0.05747855641802599 1.000799539307717
1 0.001542389588 0.6 -0.3357931659923865 -0.006575523368782096 0.05742802230903853 1.000794463378259
1 0.001542389588 0.601 -0.3353753337570137 -0.006637534571426134 0.05737727071229509 1.000789426108157
1 0.001542389588 0.602 -0.3349535714681019 -0.006699803017782047 0.05732629685012095 1.000784427156374
1 0.001542389588 0.603 -0.3345278629238692 -0.006762325155699632 0.05727509595632567 1.000779466183221
1 0.001542389588 0.604 -0.3340981921923473 -0.006825097411907744 0.05722366329411158 1.000774542852441
1 0.001542389588 0.605 -0.3336645436131981 -0.006888116191991384 0.05717199415619319 1.000769656831173
1 0.001542389588 0.606 -0.3332269016326351 -0.006951377893258411 0.05712008384685031 1.000764807787876
1 0.001542389588 0.607 -0.3327852510781818 -0.007014878883558818 0.05706792771164653 1.000759995395665
1 0.001542389588 0.608 -0.332339576885296 -0.007078615522449468 0.05701552110780212 1.000755219328948
1 0.001542389588 0.609 -0.3318898642659417 -0.007142584148287041 0.05696285942237125 1.000750479265429
1 0.001542389588 0.61 -0.3314360987104109 -0.007206781078209026 0.056909938072363 1.000745774886072
1 0.001542389588 0.611 -0.33097826581817 -0.007271202621046829 0.05685675248652527 1.00074110587311
1 0.001542389588 0.612 -0.3305163515793264 -0.007335845056076796 0.05680329813550876 1.000736471913246
1 0.001542389588 0.613 -0.3300503420945488 -0.007400704654256357 0.05674957050179551 1.000731872694427
1 0.001542389588 0.614 -0.3295802237477263 -0.007465777665278591 0.05669556509814874 1.000727307907761
1 0.001542389588 0.615 -0.3291059832077967 -0.007531060317557627 0.05664127746773533 1.00072277724749
1 0.001542389588 0.616 -0.3286276072555019 -0.007596548831178751 0.05658670316563692 1.000718280409074
1 0.001542389588 0.617 -0.3281450830715836 -0.007662239396597617 0.05653183778946564 1.000713817092263
1 0.001542389588 0.618 -0.3276583979499789 -0.007728128195931766 0.05647667694884222 1.000709386998003
1 0.001542389588 0.619 -0.3271675394745773 -0.007794211389987164 0.05642121628412199 1.000704989830277
1 0.001542389588 0.62 -0.3266724955210534 -0.007860485118248548 0.0563654514665193 1.000700625296074
1 0.001542389588 0.621 -0.3261732540795223 -0.007926945511855958 0.0563093781793416 1.000696293103553
1 0.001542389588 0.622 -0.3256698035494772 -0.007993588672270497 0.05625299214906365 1.000691992964995
1 0.001542389588 0.623 -0.3251621324462451 -0.008060410692603243 0.05619628911434846 1.000687724593826
1 0.001542389588 0.624 -0.3246502295818505 -0.008127407644625316 0.05613926484505383 1.000683487706389
1 0.001542389588 0.625 -0.3241340840668488 -0.008194575578763658 0.05608191514235836 1.000679282021914
1 0.001542389588 0.626 -0.3236136851288767 -0.008261910537092295 0.05602423581971477 1.000675107260754
1 0.001542389588 0.627 -0.3230890224143381 -0.008329408531984845 0.055966222734389 1.000670963147219
1 0.001542389588 0.628 -0.3225600856881126 -0.008397065567460997 0.05590787175601765 1.000666849406716
1 0.001542389588 0.629 -0.3220268650185267 -0.008464877626192765 0.05584917878589871 1.000662765767458
1 0.001542389588 0.63 -0.3214893507791887 -0.008532840669506193 0.05579013975711947 1.000658711960424
1 0.001542389588 0.631 -0.3209475334634296 -0.008600950650374544 0.05573075061522493 1.000654687717673
1 0.001542389588 0.632 -0.3204014039927395 -0.008669203492079523 0.05567100735022836 1.000650692775063
1 0.001542389588 0.633 -0.319850953409725 -0.008737595109553752 0.05561090596469866 1.000646726869507
1 0.001542389588 0.634 -0.319296173067189 -0.008806121396396889 0.05555044249333927 1.000642789740607
1 0.001542389588 0.635 -0.3187370546299632 -0.008874778224883771 0.05548961300311794 1.000638881130623
1 0.001542389588 0.636 -0.3181735898852427 -0.008943561458945632 0.05542841357364617 1.000635000782851
1 0.001542389588 0.637 -0.3176057710577649 -0.009012466932863811 0.05536684032966778 1.000631148444235
1 0.001542389588 0.638 -0.3170335904960222 -0.009081490472584759 0.05530488940866961 1.000627323862728
1 0.001542389588 0.639 -0.3164570408654435 -0.009150627882760928 0.05524255698075255 1.000623526788866
1 0.001542389588 0.64 -0.315876115150224 -0.009219874946765738 0.05517983924876298 1.000619756975738
1 0.001542389588 0.641 -0.3152908064595575 -0.0092892274396479 0.05511673242837958 1.000616014177424
1 0.001542389588 0.642 -0.3147011083495453 -0.009358681106883052 0.05505323278108578 1.000612298151504
1 0.001542389588 0.643 -0.3141070145026758 -0.009428231685636251 0.05498933658129783 1.000608608656532
1 0.001542389588 0.644 -0.3135085189250983 -0.009497874891843359 0.05492504013653147 1.000604945453536
1 0.001542389588 0.645 -0.3129056159484465 -0.009567606420233356 0.0548603397875349 1.000601308305994
1 0.001542389588 0.646 -0.3122983000319809 -0.009637421957239782 0.05479523188807945 1.000597696978338
1 0.001542389588 0.647 -0.3116865660912043 -0.009707317159837409 0.05472971283842152 1.000594111238355
1 0.001542389588 0.648 -0.3110704091706294 -0.009777287676725409 0.05466377905194219 1.000590550854768
1 0.001542389588 0.649 -0.3104498246451291 -0.009847329135466128 0.05459742697561296 1.000587015598674
1 0.001542389588 0.65 -0.3098248082217519 -0.009917437142515117 0.05453065309013004 1.000583505243519
1 0.001542389588 0.651 -0.3091953557377904 -0.009987607296072766 0.05446345388940562 1.000580019563668
1 0.001542389588 0.652 -0.3085614634960719 -0.01005783516503468 0.05439582591452426 1.000576558336701
1 0.001542389588 0.653 -0.3079231279310432 -0.01012811631006723 0.054327765719889 1.000573121341096
1 0.001542389588 0.654 -0.3072803458141775 -0.01019844627082136 0.05425926989398897 1.000569708357612
1 0.001542389588 0.655 -0.3066331142557779 -0.01026882056597086 0.0541903350595349 1.000566319169258
1 0.001542389588 0.656 -0.3059814304989948 -0.01033923470598624 0.05412095785264803 1.000562953559925
1 0.001542389588 0.657 -0.3053252922617498 -0.01040968417222906 0.0540511349573153 1.000559611316588
1 0.001542389588 0.658 -0.304664697396178 -0.01048016443788989 0.05398086307103749 1.000556292227085
1 0.001542389588 0.659 -0.3039996440980629 -0.01055067095529593 0.05391013892590118 1.000552996081438
1 0.001542389588 0.66 -0.3033301309086274 -0.01062119915595785 0.05383895928871505 1.000549722671831
1 0.001542389588 0.661 -0.3026561565045253 -0.01069174446324714 0.05376732093989436 1.00054647179129
1 0.001542389588 0.662 -0.3019777200463507 -0.01076230227166603 0.05369522070841808 1.000543243235803
1 0.001542389588 0.663 -0.3012948208314838 -0.01083286796761649 0.05362265543697563 1.000540036802182
1 0.001542389588 0.664 -0.3006074585075225 -0.01090343691682126 0.05354962200334493 1.000536852289335
1 0.001542389588 0.665 -0.2999156330740574 -0.01097400446437961 0.05347611732052931 1.000533689498242
1 0.001542389588 0.666 -0.2992193446686719 -0.01104456594732844 0.05340213831533579 1.000530548230691
1 0.001542389588 0.667 -0.2985185939219753 -0.01111511667412096 0.05332768196383631 1.000527428291311
1 0.001542389588 0.668 -0.2978133816039111 -0.01118565194519387 0.05325274525601077 1.000524329485518
1 0.001542389588 0.669 -0.2971037088411471 -0.01125616704052219 0.05317732521743216 1.00052125162074
1 0.001542389588 0.67 -0.2963895771188298 -0.01132665721968436 0.05310141890940386 1.000518194506391
1 0.001542389588 0.671 -0.2956709880626347 -0.01139711773428654 0.05302502340723053 1.000515157952659
1 0.001542389588 0.672 -0.2949479438002503 -0.0114675438076844 0.05294813583618476 1.000512141772456
1 0.001542389588 0.673 -0.2942204466012198 -0.01153793065531447 0.05287075333564481 1.000509145779447
1 0.001542389588 0.674 -0.293488499098242 -0.01160827347240386 0.05279287308108736 1.000506169789227
1 0.001542389588 0.675 -0.2927521042889039 -0.01167856743404507 0.05271449228422481 1.000503213619295
1 0.001542389588 0.676 -0.2920112653138265 -0.01174880770746217 0.05263560817096859 1.00050027708789
1 0.001542389588 0.677 -0.2912659858245183 -0.01181898943201149 0.05255621801790072 1.000497360015861
1 0.001542389588 0.678 -0.2905162696168295 -0.01188910773924148 0.05247631911590649 1.000494462224783
1 0.001542389588 0.679 -0.289762120856112 -0.0119591577407795 0.05239590879247422 1.000491583538075
1 0.001542389588 0.68 -0.2890035440789268 -0.01202913452841655 0.05231498441183227 1.000488723780984
1 0.001542389588 0.681 -0.288240543967339 -0.01209903318619332 0.0522335433526052 1.000485882779464
1 0.001542389588 0.6820000000000001 -0.2874731257230463 -0.01216884877071655 0.05215158304478865 1.000483060361973
1 0.001542389588 0.6830000000000001 -0.286701294694538 -0.01223857633091094 0.05206910093287824 1.000480256357659
1 0.001542389588 0.6840000000000001 -0.2859250566060537 -0.01230821089610554 0.0519860944984752 1.000477470597444
1 0.001542389588 0.6850000000000001 -0.2851444175592635 -0.01237774747612868 0.0519025612604222 1.000474702913993
1 0.001542389588 0.6860000000000001 -0.2843593838037712 -0.01244718107319131 0.05181849875215444 1.000471953140657
1 0.001542389588 0.6870000000000001 -0.2835699621174137 -0.01251650666255678 0.05173390455917404 1.000469221113177
1 0.001542389588 0.6880000000000001 -0.2827761594272262 -0.01258571921194722 0.05164877628167841 1.000466506667963
1 0.001542389588 0.6890000000000001 -0.2819779830421352 -0.01265481366985272 0.05156311155746915 1.000463809643116
1 0.001542389588 0.6900000000000001 -0.2811754406546055 -0.01272378496563693 0.0514769080620866 1.000461129878415
1 0.001542389588 0.6910000000000001 -0.2803685401074221 -0.01279262802119404 0.05139016348585792 1.000458467214288
1 0.001542389588 0.6920000000000001 -0.2795572897800399 -0.01286133773201117 0.05130287557186617 1.000455821493457
1 0.001542389588 0.6930000000000001 -0.2787416982034734 -0.01292990898619035 0.05121504207808285 1.000453192559283
1 0.001542389588 0.6940000000000001 -0.2779217742966468 -0.01299833665300446 0.05112666080057653 1.000450580256748
1 0.001542389588 0.6950000000000001 -0.277097527368007 -0.01306661558301367 0.05103772957364554 1.000447984432437
1 0.001542389588 0.6960000000000001 -0.2762689668786573 -0.01313474061947218 0.05094824624656689 1.00044540493356
1 0.001542389588 0.6970000000000001 -0.2754361028346291 -0.01320270657982312 0.05085820872205278 1.000442841609523
1 0.001542389588 0.6980000000000001 -0.274598945395822 -0.01327050827429628 0.05076761491789408 1.00044029431034
1 0.001542389588 0.6990000000000001 -0.2737575051159303 -0.01333814049473546 0.05067646279046396 1.00043776288758
1 0.001542389588 0.7000000000000001 -0.2729117929440181 -0.01340559801472594 0.05058475033484808 1.000435247194349
1 0.001542389588 0.7010000000000001 -0.2720618199840883 -0.01347287560072633 0.0504924755612994 1.000432747084346
1 0.001542389588 0.7020000000000001 -0.2712075978931324 -0.0135399679940369 0.05039963653417281 1.000430262413374
1 0.001542389588 0.7030000000000001 -0.2703491384842613 -0.01360686992893242 0.05030623133308834 1.00042779303782
1 0.001542389588 0.704 -0.2694864539701202 -0.01367357612178585 0.05021225807672379 1.000425338815559
1 0.001542389588 0.705 -0.26861955696442 -0.01374008127120714 0.05011771492294177 1.000422899605933
1 0.001542389588 0.706 -0.2677484602380339 -0.01380638006887506 0.05002260004495665 1.000420475268855
1 0.001542389588 0.707 -0.2668731771226687 -0.01387246718202066 0.04992691167073585 1.000418065666252
1 0.001542389588 0.708 -0.2659937211083402 -0.01393833727105369 0.04983064804369383 1.000415670660609
1 0.001542389588 0.709 -0.2651101060901774 -0.01400398497900811 0.04973380744676613 1.000413290115831
1 0.001542389588 0.71 -0.264222346369909 -0.0140694049316925 0.04963638820253282 1.000410923897233
1 0.001542389588 0.711 -0.2633304564085838 -0.01413459174819625 0.04953838864910509 1.000408571870673
1 0.001542389588 0.712 -0.2624344512356954 -0.01419954002393058 0.04943980717997937 1.000406233903935
1 0.001542389588 0.713 -0.2615343460411694 -0.01426424434770618 0.04934064220427546 1.000403909865339
1 0.001542389588 0.714 -0.2606301564254505 -0.01432869929152673 0.04924089217108314 1.000401599624563
1 0.001542389588 0.715 -0.2597218984009387 -0.01439289941075083 0.04914055556958116 1.000399303052631
1 0.001542389588 0.716 -0.2588095881414445 -0.01445683925424671 0.04903963090465278 1.00039702002109
1 0.001542389588 0.717 -0.2578932423965805 -0.01452051334803384 0.0489381167371763 1.000394750403329
1 0.001542389588 0.718 -0.2569728780784415 -0.0145839162117689 0.04883601164382315 1.000392494073247
1 0.001542389588 0.719 -0.256048512514861 -0.01464704234891352 0.04873331424166648 1.000390250906044
1 0.001542389588 0.72 -0.2551201634507936 -0.01470988624690807 0.04863002318829523 1.000388020778205
1 0.001542389588 0.721 -0.2541878487946185 -0.01477244238694839 0.04852613715716904 1.000385803566719
1 0.001542389588 0.722 -0.2532515870376031 -0.01483470522827168 0.04842165487832632 1.000383599150332
1 0.001542389588 0.723 -0.2523113968354701 -0.01489666922400726 0.0483165750977607 1.00038140740828
1 0.001542389588 0.724 -0.2513672972646983 -0.01495832881174522 0.0482108966022796 1.000379228221043
1 0.001542389588 0.725 -0.2504193078238508 -0.01501967841372227 0.04810461821961234 1.00037706147033
1 0.001542389588 0.726 -0.249467448176848 -0.01508071244619361 0.04799773879351706 1.000374907038329
1 0.001542389588 0.727 -0.2485117385772943 -0.01514142530440752 0.04789025722488432 1.000372764808911
1 0.001542389588 0.728 -0.2475521994451376 -0.01520181137777662 0.04778217243071323 1.000370634666414
1 0.001542389588 0.729 -0.2465888516258868 -0.01526186504087453 0.04767348336920608 1.000368516496366
1 0.001542389588 0.73 -0.2456217163918785 -0.01532158065363391 0.04756418903986966 1.000366410185468
1 0.001542389588 0.731 -0.2446508151826546 -0.01538095257028639 0.04745428845838846 1.000364315620881
1 0.001542389588 0.732 -0.2436761700339248 -0.01543997512507058 0.04734378069809875 1.000362232691374
1 0.001542389588 0.733 -0.2426978031495427 -0.0154986426466792 0.04723266484858882 1.00036016128616
1 0.001542389588 0.734 -0.2417157371634987 -0.01555694944971113 0.04712094004101366 1.000358101295592
1 0.001542389588 0.735 -0.2407299951411223 -0.01561488983488159 0.04700860544818899 1.000356052611145
1 0.001542389588 0.736 -0.2397406003167042 -0.01567245809750299 0.04689566025924639 1.000354015124729
1 0.001542389588 0.737 -0.2387475765268571 -0.01572964851397132 0.04678210372145012 1.000351988729794
1 0.001542389588 0.738 -0.2377509477780426 -0.01578645535544425 0.04666793509844859 1.000349973320214
1 0.001542389588 0.739 -0.2367507385111927 -0.01584287287977594 0.04655315369579169 1.000347968790951
1 0.001542389588 0.74 -0.2357469736028431 -0.0158988953317397 0.04643775886101624 1.00034597503804
1 0.001542389588 0.741 -0.2347396781001495 -0.01595451695102191 0.04632174995810142 1.000343991957932
1 0.001542389588 0.742 -0.233728877658393 -0.01600973195953254 0.04620512640959669 1.000342019448547
1 0.001542389588 0.743 -0.2327145981043094 -0.01606453457426859 0.04608788765455537 1.000340057408213
1 0.001542389588 0.744 -0.2316968657031807 -0.01611891899975956 0.04597003317423464 1.000338105736296
1 0.001542389588 0.745 -0.2306757071598958 -0.0161728794283026 0.0458515624921716 1.000336164333185
1 0.001542389588 0.746 -0.2296511493515205 -0.01622641004744171 0.04573247514845908 1.00033423309967
1 0.001542389588 0.747 -0.2286232197686786 -0.0162795050281483 0.04561277074214969 1.000332311937941
1 0.001542389588 0.748 -0.2275919460749482 -0.01633215853682404 0.04549244888890573 1.00033040075058
1 0.001542389588 0.749 -0.2265573563762579 -0.01638436472828512 0.04537150924685994 1.000328499441159
1 0.001542389588 0.75 -0.2255194792218717 -0.01643611774600982 0.04524995151668106 1.000326607914227
1 0.001542389588 0.751 -0.2244783433346778 -0.01648741172907514 0.04512777541569241 1.000324726074716
1 0.001542389588 0.752 -0.2234339780561646 -0.01653824080125332 0.04500498072051341 1.000322853828896
1 0.001542389588 0.753 -0.2223864129021634 -0.01658859908210828 0.04488156722446374 1.000320991083409
1 0.001542389588 0.754 -0.2213356778343739 -0.01663848068054656 0.0447575347635604 1.000319137745844
1 0.001542389588 0.755 -0.2202818032612689 -0.01668787969507754 0.04463288321657204 1.000317293724725
1 0.001542389588 0.756 -0.2192248197662797 -0.0167367902201792 0.04450761247900452 1.000315458928936
1 0.001542389588 0.757 -0.2181647585560682 -0.01678520633635712 0.04438172250593777 1.000313633268644
1 0.001542389588 0.758 -0.2171016510129105 -0.01683312212028806 0.04425521326922565 1.000311816654368
1 0.001542389588 0.759 -0.2160355289681684 -0.01688053163896588 0.04412808478360281 1.000310008997532
1 0.001542389588 0.76 -0.2149664247031102 -0.01692742894997446 0.0440003371067265 1.000308210210452
1 0.001542389588 0.761 -0.2138943706751761 -0.01697380810725437 0.04387197031305644 1.00030642020579
1 0.001542389588 0.762 -0.2128193999692364 -0.01701966315217075 0.04374298453684018 1.00030463889743
1 0.001542389588 0.763 -0.2117415458469242 -0.01706498812265763 0.04361337992915447 1.000302866199593
1 0.001542389588 0.764 -0.2106608420218599 -0.01710977704798721 0.04348315668409278 1.000301102027364
1 0.001542389588 0.765 -0.2095773226603837 -0.0171540239490554 0.04335231503879355 1.000299346296679
1 0.001542389588 0.766 -0.2084910221060963 -0.01719772284352111 0.04322085524724355 1.000297598923804
1 0.001542389588 0.767 -0.2074019753337758 -0.01724086773792969 0.04308877762336143 1.000295859826173
1 0.001542389588 0.768 -0.2063102174959827 -0.01728345263581134 0.0429560824979301 1.00029412892154
1 0.001542389588 0.769 -0.2052157841998363 -0.01732547153310211 0.04282277024483339 1.000292406128484
1 0.001542389588 0.77 -0.2041187115076551 -0.01736691841844213 0.04268884128106943 1.000290691366396
1 0.001542389588 0.771 -0.2030190356599748 -0.01740778727765917 0.04255429604050967 1.000288984554984
1 0.001542389588 0.772 -0.2019167935317835 -0.01744807208699424 0.04241913501702549 1.000287285615066
1 0.001542389588 0.773 -0.2008120221767367 -0.01748776682010742 0.04228335872136579 1.000285594467769
1 0.001542389588 0.774 -0.1997047591052756 -0.01752686544417914 0.04214696770740833 1.000283911035008
1 0.001542389588 0.775 -0.1985950422851704 -0.01756536192022098 0.04200996257215695 1.00028223523947
1 0.001542389588 0.776 -0.1974829098632286 -0.01760325020687509 0.04187234392949121 1.000280567004145
1 0.001542389588 0.777 -0.1963684006234914 -0.01764052425478875 0.04173411245327623 1.000278906253085
1 0.001542389588 0.778 -0.1952515535294129 -0.0176771780124809 0.04159526883424432 1.000277252910635
1 0.001542389588 0.779 -0.1941324080030991 -0.01771320542315197 0.04145581380622365 1.000275606901889
1 0.001542389588 0.78 -0.1930110039257518 -0.0177486004250076 0.04131574814611808 1.000273968152682
1 0.001542389588 0.781 -0.1918873813582867 -0.01778335695434513 0.04117507264768506 1.000272336589138
1 0.001542389588 0.782 -0.1907615810011212 -0.01781746894112409 0.04103378816456427 1.00027071213839
1 0.001542389588 0.783 -0.1896336437346846 -0.01785093031364654 0.04089189556722668 1.000269094727855
1 0.001542389588 0.784 -0.1885036108995502 -0.0178837349961041 0.04074939576914038 1.000267484285663
1 0.001542389588 0.785 -0.1873715242967749 -0.01791587690891439 0.0406062897267317 1.000265880740651
1 0.001542389588 0.786 -0.1862374259076576 -0.01794734997106621 0.04046257841323194 1.000264284021931
1 0.001542389588 0.787 -0.1851013583547324 -0.01797814809693284 0.04031826286155538 1.000262694059579
1 0.001542389588 0.788 -0.1839633644409926 -0.01800826519971924 0.04017334412138421 1.000261110783942
1 0.001542389588 0.789 -0.1828234874306783 -0.01803769518977486 0.04002782328522821 1.000259534126045
1 0.001542389588 0.79 -0.1816817710495072 -0.01806643197494275 0.03988170148836573 1.000257964017592
1 0.001542389588 0.791 -0.1805382592038127 -0.01809446946213505 0.03973497988280301 1.000256400390544
1 0.001542389588 0.792 -0.1793929964423422 -0.01812180155543576 0.0395876596799269 1.000254843177786
1 0.001542389588 0.793 -0.1782460274945917 -0.01814842215826808 0.03943974210779922 1.00025329231246
1 0.001542389588 0.794 -0.1770973975520028 -0.01817432517250149 0.03929122843706381 1.000251747728355
1 0.001542389588 0.795 -0.1759471522680804 -0.01819950449881356 0.03914211998086585 1.000250209359906
1 0.001542389588 0.796 -0.1747953374771583 -0.01822395403746714 0.0389924180689708 1.000248677141798
1 0.001542389588 0.797 -0.1736419996565877 -0.01824766768774951 0.03884212409011168 1.000247151009594
1 0.001542389588 0.798 -0.1724871854645945 -0.0182706393488131 0.03869123944957197 1.0002456308991
1 0.001542389588 0.799 -0.1713309420216294 -0.01829286291960519 0.03853976559488989 1.000244116746746
1 0.001542389588 0.8 -0.1701733169103696 -0.01831433229924252 0.03838770401575484 1.000242608489574
1 0.001542389588 0.801 -0.1690143578943683 -0.01833504138696165 0.0382350562183361 1.000241106064864
1 0.001542389588 0.802 -0.1678541133802027 -0.01835498408294141 0.03808182376723908 1.000239609410735
1 0.001542389588 0.803 -0.1666926319552822 -0.01837415428776995 0.03792800824346107 1.000238118465541
1 0.001542389588 0.804 -0.1655299626690863 -0.01839254590322583 0.0377736112698398 1.000236633168227
1 0.001542389588 0.805 -0.164366155033046 -0.01841015283266526 0.03761863451092502 1.000235153458323
1 0.001542389588 0.806 -0.1632012587393433 -0.01842696898011721 0.03746307964757107 1.000233679275588
1 0.001542389588 0.8070000000000001 -0.1620353241225749 -0.01844298825253592 0.03730694841841035 1.000232210560581
1 0.001542389588 0.8080000000000001 -0.1608684016979512 -0.01845820455784759 0.03715024257827244 1.000230747254084
1 0.001542389588 0.8090000000000001 -0.1597005424421498 -0.01847261180661118 0.03699296392331979 1.000229289297444
1 0.001542389588 0.8100000000000001 -0.1585317977930719 -0.01848620391241851 0.03683511429089299 1.000227836632569
1 0.001542389588 0.8110000000000001 -0.1573622193690672 -0.01849897479010538 0.03667669553442455 1.000226389201581
1 0.001542389588 0.8120000000000001 -0.1561918594296528 -0.01851091835948124 0.03651770956433198 1.000224946947369
1 0.001542389588 0.8130000000000001 -0.1550207704145608 -0.01852202854190844 0.03635815830699664 1.000223509813034
1 0.001542389588 0.8140000000000001 -0.1538490052239239 -0.01853229926287146 0.03619804372952592 1.000222077742217
1 0.001542389588 0.8150000000000001 -0.1526766172179027 -0.01854172445238977 0.03603736783957042 1.000220650679093
1 0.001542389588 0.8160000000000001 -0.1515036599366205 -0.01855029804231648 0.03587613266062025 1.000219228568044
1 0.001542389588 0.8170000000000001 -0.1503301875594623 -0.01855801397159209 0.0357143402722137 1.000217811354182
1 0.001542389588 0.8180000000000001 -0.1491562544454434 -0.01856486618130938 0.03555199276957843 1.000216398982823
1 0.001542389588 0.8190000000000001 -0.1479819154124338 -0.01857084861821966 0.03538909228795571 1.0002149913998
1 0.001542389588 0.8200000000000001 -0.1468072257366539 -0.01857595523515846 0.03522564100238756 1.000213588551452
1 0.001542389588 0.8210000000000001 -0.1456322408736114 -0.01858017998740299 0.03506164110346085 1.000212190384319
1 0.001542389588 0.8220000000000001 -0.1444570169154915 -0.0185835168394972 0.03489709483672094 1.00021079684564
1 0.001542389588 0.8230000000000001 -0.1432816101333318 -0.01858595975875511 0.03473200446308451 1.000209407882845
1 0.001542389588 0.8240000000000001 -0.1421060772549862 -0.01858750271973288 0.03456637228265697 1.000208023443859
1 0.001542389588 0.8250000000000001 -0.1409304754644838 -0.01858813970466728 0.03440020063448811 1.000206643477094
1 0.001542389588 0.8260000000000001 -0.1397548621242703 -0.01858786469886337 0.03423349187283289 1.000205267931151
1 0.001542389588 0.8270000000000001 -0.1385792952301853 -0.01858667169913803 0.03406624840565288 1.000203896755299
1 0.001542389588 0.8280000000000001 -0.1374038329559445 -0.01858455470571453 0.03389847265591656 1.000202529898991
1 0.001542389588 0.8290000000000001 -0.1362285339295334 -0.01858150772768926 0.03373016708483727 1.000201167312154
1 0.001542389588 0.8300000000000001 -0.1350534572324251 -0.01857752478348308 0.03356133419159522 1.000199808945179
1 0.001542389588 0.8310000000000001 -0.1338786621234374 -0.01857259989523017 0.03339197649018857 1.000198454748638
1 0.001542389588 0.8320000000000001 -0.132704208490778 -0.01856672709888785 0.03322209654689832 1.000197104673744
1 0.001542389588 0.833 -0.1315301563993507 -0.01855990043447474 0.03305169694259887 1.000195758671884
1 0.001542389588 0.834 -0.1303565663652584 -0.0185521139525611 0.03288078029533938 1.000194416694899
1 0.001542389588 0.835 -0.1291834993548775 -0.01854336171473324 0.03270934926003039 1.000193078695075
1 0.001542389588 0.836 -0.1280110165106498 -0.0185336377869546 0.03253740650596271 1.000191744624871
1 0.001542389588 0.837 -0.126839179599662 -0.01852293625138944 0.03236495475310427 1.000190414437359
1 0.001542389588 0.838 -0.1256680505643062 -0.01851125119493702 0.03219199673555101 1.000189088085777
1 0.001542389588 0.839 -0.1244976917945655 -0.01849857671677478 0.03201853522337018 1.000187765523801
1 0.001542389588 0.84 -0.1233281661269388 -0.01848490692883574 0.03184457302224943 1.00018644670553
1 0.001542389588 0.841 -0.1221595365724991 -0.01847023594811268 0.03167011295176564 1.000185131585231
1 0.001542389588 0.842 -0.1209918667614562 -0.01845455791024397 0.03149515788037504 1.000183820117756
1 0.001542389588 0.843 -0.1198252204977188 -0.01843786695629558 0.0313197106901415 1.000182512258122
1 0.001542389588 0.844 -0.1186596620286252 -0.0184201572413865 0.03114377429775595 1.000181207961756
1 0.001542389588 0.845 -0.1174952560437135 -0.01840142293517941 0.03096735165414568 1.000179907184501
1 0.001542389588 0.846 -0.1163320674053861 -0.01838165821309827 0.0307904457235801 1.000178609882354
1 0.001542389588 0.847 -0.1151701615888901 -0.01836085727172519 0.03061305951720721 1.000177316011878
1 0.001542389588 0.848 -0.1140096042413436 -0.01833901431378158 0.03043519605920465 1.00017602552979
1 0.001542389588 0.849 -0.1128504614485625 -0.01831612355786557 0.03025685840688413 1.000174738393205
1 0.001542389588 0.85 -0.111692799733675 -0.01829217923895609 0.0300780496502591 1.000173454559634
1 0.001542389588 0.851 -0.1105366857907378 -0.01826717559851419 0.02989877289207868 1.00017217398674
1 0.001542389588 0.852 -0.1093821869195555 -0.01824110690174008 0.02971903127975628 1.000170896632724
1 0.001542389588 0.853 -0.1082293705897468 -0.01821396742070435 0.02953882797309592 1.00016962245594
1 0.001542389588 0.854 -0.1070783047043131 -0.01818575144522753 0.02935816616338641 1.000168351415124
1 0.001542389588 0.855 -0.1059290575980909 -0.01815645328339781 0.02917704907292501 1.00016708346939
1 0.001542389588 0.856 -0.1047816977746787 -0.01812606725052574 0.02899547993607586 1.000165818578
1 0.001542389588 0.857 -0.1036362943354987 -0.01809458768831167 0.02881346202942835 1.000164556700735
1 0.001542389588 0.858 -0.1024929165494967 -0.01806200894607701 0.02863099864125948 1.000163297797522
1 0.001542389588 0.859 -0.1013516341130851 -0.01802832539281665 0.02844809308951725 1.000162041828656
1 0.001542389588 0.86 -0.1002125171484296 -0.01799353141773044 0.02826474872129822 1.000160788754795
1 0.001542389588 0.861 -0.09907563594405458 -0.01795762141800074 0.02808096889503148 1.000159538536743
1 0.001542389588 0.862 -0.09794106137753449 -0.01792058981992104 0.02789675700869636 1.0001582911358
1 0.001542389588 0.863 -0.09680886449143586 -0.01788243105817656 0.02771211647118957 1.00015704651341
1 0.001542389588 0.864 -0.09567911674925987 -0.01784313958910074 0.02752705071909243 1.000155804631371
1 0.001542389588 0.865 -0.09455189003355852 -0.01780270989122083 0.0273415632161001 1.000154565451832
1 0.001542389588 0.866 -0.09342725639059528 -0.0177611364518268 0.02715565743643721 1.00015332893708
1 0.001542389588 0.867 -0.09230528844603815 -0.0177184137901133 0.02696933689095612 1.000152095049887
1 0.001542389588 0.868 -0.09118605898776906 -0.01767453643445779 0.02678260510058599 1.00015086375316
1 0.001542389588 0.869 -0.0900696412174397 -0.01762949893691294 0.02659546561177326 1.000149635010148
1 0.001542389588 0.87 -0.08895610874841285 -0.01758329587376666 0.02640792199586041 1.000148408784441
1 0.001542389588 0.871 -0.08784553535486574 -0.01753592183087045 0.02621997783384429 1.000147185039763
1 0.001542389588 0.872 -0.08673799537983953 -0.0174873714288478 0.02603163674016813 1.000145963740307
1 0.001542389588 0.873 -0.0856335633255577 -0.01743763929831699 0.02584290233843747 1.000144744850394
1 0.001542389588 0.874 -0.08453231410019908 -0.017386720095652 0.02565377827541877 1.000143528334682
1 0.001542389588 0.875 -0.08343432301566001 -0.01733460850355735 0.02546426822036526 1.000142314158156
1 0.001542389588 0.876 -0.08233966554149749 -0.01728129921512316 0.02527437585123417 1.000141102285932
1 0.001542389588 0.877 -0.08124841770467339 -0.01722678696115452 0.0250841048759771 1.00013989268358
1 0.001542389588 0.878 -0.08016065568803993 -0.01717106648328471 0.02489345901071665 1.000138685316796
1 0.001542389588 0.879 -0.07907645607192397 -0.01711413255103816 0.02470244199218235 1.000137480151603
1 0.001542389588 0.88 -0.07799589583170478 -0.01705597996242045 0.02451105757698138 1.000136277154343
1 0.001542389588 0.881 -0.07691905209700534 -0.0169966035266665 0.02431930952939621 1.000135076291482
1 0.001542389588 0.882 -0.07584600254245126 -0.016935998093747 0.02412720163996936 1.000133877529932
1 0.001542389588 0.883 -0.07477682499499991 -0.01687415852531628 0.02393473770634286 1.000132680836726
1 0.001542389588 0.884 -0.07371159766991803 -0.0168110797131118 0.02374192154400582 1.000131486179215
1 0.001542389588 0.885 -0.07265039916817084 -0.0167467565795598 0.02354875698550789 1.000130293525061
1 0.001542389588 0.886 -0.07159330824127987 -0.01668118405918197 0.02335524786996341 1.00012910284205
1 0.001542389588 0.887 -0.07054040417239935 -0.01661435713033681 0.0231613980587189 1.000127914098399
1 0.001542389588 0.888 -0.06949176639318223 -0.01654627078394465 0.02296721141906541 1.000126727262448
1 0.001542389588 0.889 -0.06844747471372364 -0.01647692004325929 0.02277269183316721 1.000125542302844
1 0.001542389588 0.89 -0.06740760931975563 -0.01640629996448983 0.02257784319721574 1.00012435918854
1 0.001542389588 0.891 -0.06637225054360167 -0.01633440561683 0.02238266941277157 1.000123177888609
1 0.001542389588 0.892 -0.06534147923485435 -0.01626123211649437 0.02218717439929471 1.00012199837255
1 0.001542389588 0.893 -0.06431537638749063 -0.01618677459316104 0.02199136208094806 1.000120820609977
1 0.001542389588 0.894 -0.06329402336334114 -0.01611102821115228 0.02179523639357188 1.00011964457081
1 0.001542389588 0.895 -0.06227750188908569 -0.01603398817007312 0.02159880128377594 1.000118470225266
1 0.001542389588 0.896 -0.06126589383374571 -0.01595564968342639 0.02140206070225564 1.000117297543684
1 0.001542389588 0.897 -0.06025928156822769 -0.01587600801500566 0.02120501861295711 1.000116126496816
1 0.001542389588 0.898 -0.05925774760341923 -0.01579505844299414 0.02100767898319815 1.000114957055533
1 0.001542389588 0.899 -0.0582613748067325 -0.01571279628259254 0.02081004578854821 1.000113789191003
1 0.001542389588 0.9 -0.05727024639889523 -0.01562921688667503 0.02061212301185669 1.000112622874689
1 0.001542389588 0.901 -0.05628444573843421 -0.01554431562295155 0.02041391463868414 1.000111458078173
1 0.001542389588 0.902 -0.05530405666932928 -0.0154580879127819 0.02021542466286672 1.000110294773446
1 0.001542389588 0.903 -0.05432916317084116 -0.01537052919286704 0.02001665708018855 1.000109132932615
1 0.001542389588 0.904 -0.05335984956666546 -0.01528163493936373 0.01981761589102237 1.000107972528081
1 0.001542389588 0.905 -0.05239620052151328 -0.01519140066855863 0.01961830509929233 1.000106813532539
1 0.001542389588 0.906 -0.05143830083305163 -0.01509982191253801 0.0194187287101652 1.000105655918797
1 0.001542389588 0.907 -0.05048623576689168 -0.0150068942604899 0.01921889073177218 1.000104499660072
1 0.001542389588 0.908 -0.04954009071892023 -0.01491261331792137 0.01901879517267329 1.000103344729695
1 0.001542389588 0.909 -0.04859995141658763 -0.01481697473230129 0.01881844604211018 1.000102191101288
1 0.001542389588 0.91 -0.04766590391527208 -0.01471997419375334 0.01861784734890134 1.000101038748766
1 0.001542389588 0.911 -0.0467380343981555 -0.01462160740919149 0.01841700310154299 1.000099887646157
1 0.001542389588 0.912 -0.04581642949774835 -0.01452187014618009 0.01821591730583917 1.000098737767893
1 0.001542389588 0.913 -0.04490117597151796 -0.01442075818960785 0.01801459396640599 1.000097589088522
1 0.001542389588 0.914 -0.04399236089482023 -0.01431826736890182 0.01781303708438366 1.000096441582882
1 0.001542389588 0.915 -0.04309007165704169 -0.01421439355874015 0.01761125065626277 1.0000952952261
1 0.001542389588 0.916 -0.04219439576990272 -0.01410913265160996 0.01740923867654789 1.000094149993418
1 0.001542389588 0.917 -0.0413054211746986 -0.01400248060429816 0.01720700513104144 1.000093005860484
1 0.001542389588 0.918 -0.04042323593204031 -0.01389443339195004 0.01700455400264114 1.000091862803057
1 0.001542389588 0.919 -0.03954792840592609 -0.01378498703689936 0.01680188926635546 1.000090720797189
1 0.001542389588 0.92 -0.03867958725965492 -0.01367413760940161 0.01659901488805951 1.000089579819222
1 0.001542389588 0.921 -0.03781830127306299 -0.01356188119856926 0.01639593482987772 1.00008843984561
1 0.001542389588 0.922 -0.03696415963463721 -0.01344821396156913 0.01619265303886221 1.000087300853218
1 0.001542389588 0.923 -0.03611725164620737 -0.01333313207499032 0.01598917345734185 1.000086162819019
1 0.001542389588 0.924 -0.03527766689763908 -0.0132166317653373 0.01578550001508242 1.000085025720282
1 0.001542389588 0.925 -0.03444549526251205 -0.01309870930978463 0.01558163662797104 1.000083889534567
1 0.001542389588 0.926 -0.03362082672481043 -0.01297936100544233 0.01537758720627705 1.00008275423955
1 0.001542389588 0.927 -0.03280375165504038 -0.01285858322133905 0.01517335563846166 1.000081619813313
1 0.001542389588 0.928 -0.03199436053073668 -0.01273637234702089 0.01496894580634109 1.000080486234055
1 0.001542389588 0.929 -0.03119274410124372 -0.01261272482475632 0.01476436157423072 1.00007935348027
1 0.001542389588 0.93 -0.03039899338315147 -0.01248763715031323 0.01455960678755737 1.000078221530744
1 0.001542389588 0.931 -0.02961319949697553 -0.01236110584050534 0.01435468528415929 1.000077090364383
1 0.001542389588 0.9320000000000001 -0.02883545392638475 -0.01223312748804378 0.0141496008729615 1.000075959960503
1 0.001542389588 0.9330000000000001 -0.02806584825541108 -0.0121036987072848 0.01394435735421828 1.000074830298537
1 0.001542389588 0.9340000000000001 -0.02730447432276893 -0.01197281616819756 0.01373895850547926 1.000073701358216
1 0.001542389588 0.9350000000000001 -0.02655142421704191 -0.01184047659716452 0.0135334080801293 1.000072573119571
1 0.001542389588 0.9360000000000001 -0.02580679012390402 -0.01170667674275744 0.01332770982188962 1.00007144556275
1 0.001542389588 0.9370000000000001 -0.02507066456753691 -0.01157141343354363 0.01312186743809229 1.00007031866832
1 0.001542389588 0.9380000000000001 -0.02434314016545777 -0.0114346835208971 0.01291588462526851 1.000069192416964
1 0.001542389588 0.9390000000000001 -0.02362430977181148 -0.01129648391478232 0.01270976505177452 1.000068066789671
1 0.001542389588 0.9400000000000001 -0.02291426647230037 -0.01115681158457888 0.01250351235625916 1.000066941767733
1 0.001542389588 0.9410000000000001 -0.02221310344251497 -0.01101566352303376 0.01229713016552831 1.000065817332562
1 0.001542389588 0.9420000000000001 -0.02152091417059237 -0.01087303680711171 0.0120906220621528 1.000064693465995
1 0.001542389588 0.9430000000000001 -0.0208377922306048 -0.01072892853778106 0.01188399161566855 1.000063570149991
1 0.001542389588 0.9440000000000001 -0.02016383141424159 -0.01058333587766867 0.01167724236170089 1.000062447366817
1 0.001542389588 0.9450000000000001 -0.01949912572547415 -0.01043625605190971 0.01147037780036061 1.00006132509905
1 0.001542389588 0.9460000000000001 -0.0188437692505817 -0.01028768631022076 0.01126340141763277 1.000060203329391
1 0.001542389588 0.9470000000000001 -0.01819785636107353 -0.01013762399088733 0.01105631664705504 1.000059082040974
1 0.001542389588 0.9480000000000001 -0.01756148150660941 -0.00998606645743194 0.01084912690679344 1.000057961217058
1 0.001542389588 0.9490000000000001 -0.0169347393344706 -0.009833011138197614 0.01064183557510595 1.000056840841218
1 0.001542389588 0.9500000000000001 -0.01631772468395213 -0.009678455527223672 0.01043444598866823 1.000055720897346
1 0.001542389588 0.9510000000000001 -0.01571053246868662 -0.009522397144382043 0.01022696146764565 1.000054601369458
1 0.001542389588 0.9520000000000001 -0.01511325785882331 -0.009364833602598224 0.01001938527118425 1.000053482242019
1 0.001542389588 0.9530000000000001 -0.01452599609448127 -0.00920576254130611 0.009811720640621122 1.000052363499618
1 0.001542389588 0.9540000000000001 -0.01394884259239035 -0.009045181668019075 0.009603970771131707 1.000051245127169
1 0.001542389588 0.9550000000000001 -0.01338189294000218 -0.00888308875923274 0.009396138809987289 1.000050127109914
1 0.001542389588 0.9560000000000001 -0.01282524279073419 -0.008719481618564989 0.009188227885465109 1.000049009433219
1 0.001542389588 0.9570000000000001 -0.01227898802436706 -0.008554358147309657 0.008980241055901858 1.000047892082912
1 0.001542389588 0.9580000000000001 -0.01174322458206251 -0.008387716274579378 0.00877218135929061 1.000046775044951
1 0.001542389588 0.9590000000000001 -0.01121804855953592 -0.008219554000925328 0.008564051780961562 1.000045658305625
1 0.001542389588 0.96 -0.01070355620087768 -0.008049869399267667 0.00835585525177405 1.00004454185156
1 0.001542389588 0.961 -0.01019984380735781 -0.007878660570977965 0.00814759468101414 1.000043425669516
1 0.001542389588 0.962 -0.009707007874972492 -0.007705925719867719 0.007939272898771277 1.000042309746722
1 0.001542389588 0.963 -0.009225144952089327 -0.007531663078917673 0.007730892712163667 1.000041194070543
1 0.001542389588 0.964 -0.008754351718494143 -0.007355870956008791 0.007522456868909208 1.000040078628686
1 0.001542389588 0.965 -0.008294724978913558 -0.00717854773488095 0.007313968055455743 1.000038963409206
1 0.001542389588 0.966 -0.007846361586041373 -0.00699969182909518 0.007105428934008262 1.000037848400293
1 0.001542389588 0.967 -0.007409358554130784 -0.006819301759560972 0.006896842078003009 1.000036733590625
1 0.001542389588 0.968 -0.006983812940363402 -0.006637376077748446 0.006688210035190077 1.000035618969017
1 0.001542389588 0.969 -0.006569821909092448 -0.006453913413594289 0.006479535286960562 1.000034504524641
1 0.001542389588 0.97 -0.006167482725057591 -0.006268912476489151 0.006270820246419708 1.000033390247024
1 0.001542389588 0.971 -0.005776892691313424 -0.006082372007055732 0.006062067299676132 1.000032276125835
1 0.001542389588 0.972 -0.005398149237731904 -0.005894290858320738 0.005853278734205653 1.000031162151248
1 0.001542389588 0.973 -0.005031349827223837 -0.005704667915304342 0.005644456809002845 1.000030048313576
1 0.001542389588 0.974 -0.004676592004480484 -0.005513502145165671 0.005435603709541909 1.000028934603504
1 0.001542389588 0.975 -0.004333973388871572 -0.005320792598219161 0.005226721545798502 1.000027821012082
1 0.001542389588 0.976 -0.00400359162797675 -0.005126538357463835 0.005017812397921611 1.000026707530509
1 0.001542389588 0.977 -0.003685544459828897 -0.004930738623506437 0.004808878237300879 1.000025594150503
1 0.001542389588 0.978 -0.003379929645150464 -0.004733392630421741 0.004599921003978152 1.000024480863931
1 0.001542389588 0.979 -0.003086844999875036 -0.004534499698202471 0.004390942557133599 1.000023367663039
1 0.001542389588 0.98 -0.002806388387719367 -0.004334059233804596 0.004181944673063163 1.000022254540457
1 0.001542389588 0.981 -0.002538657690039194 -0.004132070678362917 0.00397292909533933 1.000021141488963
1 0.001542389588 0.982 -0.002283750840610347 -0.00392853359597176 0.003763897448421749 1.000020028501879
1 0.001542389588 0.983 -0.002041765785076079 -0.003723447585709637 0.003554851322494724 1.000018915572675
1 0.001542389588 0.984 -0.00181280049650962 -0.003516812336458148 0.003345792219386884 1.000017802695218
1 0.001542389588 0.985 -0.001596952967651124 -0.003308627627975899 0.003136721550512455 1.00001668986377
1 0.001542389588 0.986 -0.001394321197829713 -0.003098893275735949 0.002927640691610013 1.000015577072748
1 0.001542389588 0.987 -0.001205003199045863 -0.002887609223669085 0.00271855088876698 1.000014464317131
1 0.001542389588 0.988 -0.001029096983859365 -0.002674775452247431 0.002509453350819247 1.000013351592054
1 0.001542389588 0.989 -0.0008667005632336583 -0.002460392035735822 0.002300349190632394 1.000012238893059
1 0.001542389588 0.99 -0.0007179119384287482 -0.002244459143293636 0.002091239423016411 1.0000111262161
1 0.001542389588 0.991 -0.0005828291057515393 -0.002026976981370862 0.001882125024111331 1.000010013557292
1 0.001542389588 0.992 -0.0004615500326701646 -0.001807945890516268 0.001673006829732082 1.000008900913329
1 0.001542389588 0.993 -0.0003541726754052089 -0.001587366249416965 0.001463885635431612 1.00000778828107
1 0.001542389588 0.994 -0.0002607949582768171 -0.001365238534643776 0.0012547621330946 1.000006675657794
1 0.001542389588 0.995 -0.0001815147652449117 -0.001141563321779878 0.001045636908836701 1.000005563041207
1 0.001542389588 0.996 -0.0001164299632695986 -0.0009163412253143099 0.0008365105070825746 1.00000445042918
1 0.001542389588 0.997 -6.563834715636333e-05 -0.000689572999613067 0.0006273833211789635 1.000003337820186
1 0.001542389588 0.998 -2.923768814518901e-05 -0.0004612594388155544 0.0004182557011824496 1.000002225212866
1 0.001542389588 0.999 -7.325693962410875e-06 -0.0002314014391325423 0.0002091278857429248 1.000001112606298
1 0.001542389588 1 5.18807680193259e-21 -1.674916663327998e-20 6.072539671904914e-20 1
ZONE T="branch=2", I=1001, DATAPACKING=POINT
2 0.003786919205 0 0 -5.05523356303003e-29 1 1.16
2 0.003786919205 0.001 -0.000416494265868163 0.01303393963919961 0.9836313054644416 1.158656829606618
2 0.003786919205 0.002 -0.001631704196822346 0.02526274895071144 0.9672883010809437 1.15731367398547
2 0.003786919205 0.003 -0.003595678414192213 0.03671699037953687 0.9509948542284062 1.155970570171183
2 0.003786919205 0.004 -0.006260379902862013 0.04742663556705209 0.9347729430112977 1.154627578094274
2 0.003786919205 0.005 -0.009579647935585736 0.05742104290162964 0.9186427607042794 1.153284779098577
2 0.003786919205 0.006 -0.01350915866367542 0.06672893825587996 0.902622815382474 1.151942274505275
2 0.003786919205 0.007 -0.01800638459610801 0.07537839869872348 0.8867300249330136 1.15060018422071
2 0.003786919205 0.008 -0.02303055311077721 0.08339683900223399 0.8709798076878452 1.149258645385022
2 0.003786919205 0.009000000000000001 -0.02854260420526144 0.09081100074433102 0.8553861688374005 1.147917811060038
2 0.003786919205 0.01 -0.03450514764042256 0.09764694383074259 0.8399617828129895 1.146577848954785
2 0.003786919205 0.011 -0.04088241962371281 0.1039300402663922 0.8247180718105852 1.145238940187478
2 0.003786919205 0.012 -0.04764023917242785 0.1096849700126903 0.8096652806160936 1.143901278083173
2 0.003786919205 0.013 -0.05474596425341944 0.1149357187907047 0.7948125479068526 1.142565067006375
2 0.003786919205 0.014 -0.06216844784990135 0.1197055776696318 0.7801679741494776 1.141230521228582
2 0.003786919205 0.015 -0.06987799405981757 0.1240171443026896 0.7657386862361963 1.139897863830625
2 0.003786919205 0.016 -0.07784631422964164 0.1278923257261648 0.7515308990525125 1.138567325639389
2 0.003786919205 0.017 -0.08604648383443379 0.1313523422776908 0.7375499737270581 1.13723914420179
2 0.003786919205 0.018 -0.09445289842954893 0.1344177334215994 0.7238004737474542 1.135913562788617
2 0.003786919205 0.019 -0.1030412314326827 0.1371083639877691 0.7102862174337818 1.134590829440304
2 0.003786919205 0.02 -0.1117883916684134 0.1394434318048796 0.6970103281987627 1.133271196044889
2 0.003786919205 0.021 -0.1206724807982536 0.1414414766472491 0.6839752825782789 1.131954917451387
2 0.003786919205 0.022 -0.1296727530525964 0.1431203890685104 0.6711829549076425 1.130642250623132
2 0.003786919205 0.023 -0.1387695734542563 0.1444974212007297 0.6586346607724243 1.129333453823877
2 0.003786919205 0.024 -0.14794437840345 0.1455891972747131 0.6463311973414539 1.1280287858436
2 0.003786919205 0.025 -0.1571796363041043 0.1464117251130141 0.6342728819057002 1.126728505259848
2 0.003786919205 0.026 -0.1664588084153198 0.1469804084775453 0.6224595885676999 1.125432869737522
2 0.003786919205 0.027 -0.1757663119390942 0.1473100589722688 0.6108907823256058 1.124142135363696
2 0.003786919205 0.028 -0.1850874820204701 0.1474149095085367 0.5995655520731408 1.122856556022833
2 0.003786919205 0.029 -0.1944085362595974 0.1473086270432239 0.5884826410865771 1.121576382805465
2 0.003786919205 0.03 -0.2037165390288226 0.14700432624023 0.5776404762110837 1.120301863455956
2 0.003786919205 0.031 -0.2129993669837095 0.1465145831399598 0.5670371952524249 1.119033241856034
2 0.003786919205 0.032 -0.2222456756825186 0.145851448830435 0.5566706727165629 1.117770757542606
2 0.003786919205 0.033 -0.2314448663840559 0.1450264637172797 0.5465385442676596 1.116514645265441
2 0.003786919205 0.034 -0.2405870545545947 0.1440506713088691 0.5366382294790553 1.115265134574629
2 0.003786919205 0.035 -0.2496630388692041 0.1429346323025358 0.5269669533472205 1.114022449444308
2 0.003786919205 0.036 -0.2586642707679476 0.1416884389199166 0.5175217665720115 1.11278680793362
2 0.003786919205 0.037 -0.2675828258422451 0.1403217285259358 0.5082995643490876 1.111558421871265
2 0.003786919205 0.038 -0.2764113749538391 0.138843698023052 0.4992971042613817 1.110337496583409
2 0.003786919205 0.039 -0.2851431571494942 0.1372631174821003 0.490511022816315 1.109124230643147
2 0.003786919205 0.04 -0.2937719530870546 0.1355883439155153 0.4819378510010087 1.107918815653347
2 0.003786919205 0.041 -0.3022920590645762 0.1338273351174138 0.4735740288500802 1.106721436062686
2 0.003786919205 0.042 -0.310698262647065 0.1319876627586509 0.4654159189206542 1.105532268998758
2 0.003786919205 0.043 -0.3189858182303748 0.1300765260110136 0.4574598189886172 1.104351484141493
2 0.003786919205 0.044 -0.3271504241571648 0.1281007644019734 0.449701973760696 1.103179243611311
2 0.003786919205 0.045 -0.335188200366267 0.1260668706754758 0.4421385858053679 1.102015701885889
2 0.003786919205 0.046 -0.3430956666454709 0.1239810035967655 0.4347658257050852 1.100861005744717
2 0.003786919205 0.047 -0.3508697222482218 0.1218490000305842 0.4275798414270247 1.099715294224354
2 0.003786919205 0.048 -0.358507625583788 0.1196763873613015 0.4205767670324514 1.098578698609013
2 0.003786919205 0.049 -0.3660069752208174 0.1174683951784174 0.4137527306915974 1.097451342429464
2 0.003786919205 0.05 -0.3733656914110602 0.1152299668791681 0.4071038620863259 1.096333341485009
2 0.003786919205 0.051 -0.3805819982045087 0.1129657711206936 0.4006262992094399 1.095224803886717
2 0.003786919205 0.052 -0.3876544065988269 0.1106802126945768 0.3943161946160261 1.094125830108647
2 0.003786919205 0.053 -0.3945816980978615 0.1083774433712651 0.3881697211392355 1.09303651306145
2 0.003786919205 0.054 -0.4013629090599084 0.1060613723495345 0.3821830771145073 1.091956938177036
2 0.003786919205 0.055 -0.4079973156802369 0.1037356764344763 0.3763524911361237 1.090887183506788
2 0.003786919205 0.056 -0.4144844196081136 0.101403809925622 0.3706742263756991 1.089827319831731
2 0.003786919205 0.057 -0.420823934181603 0.09906901421356486 0.3651445844894959 1.088777410783577
2 0.003786919205 0.058 -0.4270157712523064 0.09673432709569188 0.3597599091377177 1.087737512976
2 0.003786919205 0.059 -0.4330600286033493 0.09440259179002083 0.3545165891449075 1.086707676144386
2 0.003786919205 0.06 -0.4389569779131381 0.09207646567973396 0.3494110613174891 1.085687943294214
2 0.003786919205 0.061 -0.4447070532753068 0.0897584287611452 0.3444398129473271 1.084678350856096
2 0.003786919205 0.062 -0.4503108402399142 0.08745079181596205 0.3395993840181041 1.083678928847265
2 0.003786919205 0.063 -0.4557690653580071 0.08515570431252739 0.3348863691328788 1.082689701038731
2 0.003786919205 0.064 -0.4610825862302604 0.08287516201872092 0.3302974191893627 1.081710685126513
2 0.003786919205 0.065 -0.4662523820259185 0.08061101434853349 0.3258292428161906 1.080741892906815
2 0.003786919205 0.066 -0.4712795444018829 0.07836497151833614 0.3214786075511662 1.079783330457539
2 0.003786919205 0.067 -0.476165269007233 0.07613861125956525 0.3172423408953586 1.078834998314621
2 0.003786919205 0.068 -0.4809108472234565 0.07393338551812109 0.3131173310654339 1.077896891660348
2 0.003786919205 0.06900000000000001 -0.4855176584636297 0.0717506267116433 0.3091005276571176 1.07696900050486
2 0.003786919205 0.07000000000000001 -0.4899871628025358 0.06959155382134008 0.3051889421100483 1.07605130987161
2 0.003786919205 0.07100000000000001 -0.4943208939539175 0.06745727829531285 0.3013796479887589 1.075143799985331
2 0.003786919205 0.07200000000000001 -0.498520452691701 0.06534880960113802 0.2976697811931084 1.074246446454406
2 0.003786919205 0.073 -0.5025875005481257 0.06326706065723096 0.2940565399796132 1.073359220457191
2 0.003786919205 0.074 -0.5065237538761147 0.06121285300202343 0.2905371848882684 1.072482088925344
2 0.003786919205 0.075 -0.5103309782282267 0.05918692175561737 0.2871090385575618 1.071615014725908
2 0.003786919205 0.076 -0.5140109830432529 0.05718992037352666 0.2837694854408528 1.07075795684153
2 0.003786919205 0.077 -0.5175656166240519 0.05522242520706463 0.280515971425223 1.069910870548899
2 0.003786919205 0.078 -0.5209967614128219 0.05328493982885142 0.2773460034052035 1.069073707592758
2 0.003786919205 0.079 -0.5243063294935343 0.05137789927430542 0.274257148686179 1.068246416362384
2 0.003786919205 0.08 -0.5274962584246892 0.0495016739164967 0.2712470344906444 1.067428942056055
2 0.003786919205 0.081 -0.5305685072102767 0.04765657346827454 0.2683133471086624 1.066621226857462
2 0.003786919205 0.082 -0.5335250526580386 0.04584285035157932 0.2654538314570414 1.065823210085749
2 0.003786919205 0.083 -0.5363678857962599 0.04406070343660709 0.2626662900427513 1.0650348283688
2 0.003786919205 0.08400000000000001 -0.539099008632892 0.0423102811973608 0.2599485823222812 1.064256015791643
2 0.003786919205 0.08500000000000001 -0.5417204310587892 0.04059168488677121 0.2572986238534282 1.06348670404975
2 0.003786919205 0.08600000000000001 -0.5442341679510978 0.03890497166972425 0.2547143852621779 1.062726822603888
2 0.003786919205 0.08700000000000001 -0.5466422364839855 0.03725015729798217 0.2521938915909612 1.061976298815039
2 0.003786919205 0.08799999999999999 -0.5489466535949279 0.03562721903436047 0.2497352211144007 1.061235058094897
2 0.003786919205 0.089 -0.5511494336325258 0.03403609813836507 0.2473365045413858 1.060503024036779
2 0.003786919205 0.09 -0.5532525861511033 0.03247670235052551 0.2449959240419 1.059780118548842
2 0.003786919205 0.091 -0.5552581138909224 0.03094890832779152 0.24271171212243 1.059066261986784
2 0.003786919205 0.092 -0.5571680108404952 0.02945256374047793 0.2404821508643343 1.058361373271428
2 0.003786919205 0.093 -0.5589842605181568 0.02798748952719573 0.2383055706913832 1.057665370015585
2 0.003786919205 0.094 -0.5607088343155904 0.02655348182763171 0.2361803495023902 1.056978168636214
2 0.003786919205 0.095 -0.5623436899853936 0.02515031390030992 0.2341049116563312 1.056299684466949
2 0.003786919205 0.096 -0.563890770298314 0.02377773798904511 0.2320777268335677 1.055629831868621
2 0.003786919205 0.097 -0.5653520016911776 0.02243548694597653 0.2300973092340155 1.054968524329047
2 0.003786919205 0.098 -0.5667292931727372 0.02112327594454085 0.2281622163626182 1.054315674566985
2 0.003786919205 0.099 -0.5680245352047431 0.01984080396238052 0.2262710481519741 1.053671194625774
2 0.003786919205 0.1 -0.5692395987208408 0.0185877552406875 0.2244224459610737 1.053034995965901
2 0.003786919205 0.101 -0.570376334298937 0.017363800692749 0.2226150914726806 1.05240698955459
2 0.003786919205 0.102 -0.5714365712595403 0.01616859914351034 0.2208477058977427 1.051787085948445
2 0.003786919205 0.103 -0.5724221170421616 0.0150017986092124 0.2191190488206129 1.051175195376268
2 0.003786919205 0.104 -0.5733347564960255 0.01386303741882476 0.217427917350254 1.050571227815347
2 0.003786919205 0.105 -0.5741762513003091 0.01275194530703661 0.2157731451675662 1.049975093065651
2 0.003786919205 0.106 -0.5749483395221062 0.01166814445872103 0.2141536014897719 1.049386700820448
2 0.003786919205 0.107 -0.5756527350564222 0.0106112504419001 0.2125681903105839 1.048805960733184
2 0.003786919205 0.108 -0.5762911273509198 0.009580873145005504 0.2110158493295634 1.048232782481483
2 0.003786919205 0.109 -0.5768651810040808 0.008576617611217868 0.2094955491554495 1.047667075827794
2 0.003786919205 0.11 -0.5773765354834788 0.007598084842044065 0.2080062924224938 1.047108750677267
2 0.003786919205 0.111 -0.5778268049669285 0.006644872555630349 0.2065471128388792 1.046557717131723
2 0.003786919205 0.112 -0.5782175780376462 0.005716575877300982 0.2051170744800534 1.046013885542523
2 0.003786919205 0.113 -0.5785504176613208 0.00481278800941293 0.2037152708144209 1.045477166558297
2 0.003786919205 0.114 -0.5788268610109936 0.003933100840171634 0.2023408239717157 1.04494747117192
2 0.003786919205 0.115 -0.57904841940219 0.00307710552110957 0.2009928839385839 1.044424710764287
2 0.003786919205 0.116 -0.5792165783372016 0.002244393003037562 0.1996706276985111 1.043908797144064
2 0.003786919205 0.117 -0.579332797387373 0.001434554536924841 0.1983732585872571 1.043399642588431
2 0.003786919205 0.118 -0.5793985103479183 0.000647182137306396 0.1971000054187698 1.042897159877102
2 0.003786919205 0.119 -0.5794151252264257 -0.0001181309841624721 0.1958501218241934 1.042401262327632
2 0.003786919205 0.12 -0.5793840243317716 -0.000861790015907166 0.1946228855300137 1.041911863827303
2 0.003786919205 0.121 -0.5793065644596654 -0.00158419818128619 0.193417597590553 1.041428878860998
2 0.003786919205 0.122 -0.5791840769091031 -0.002285756384534155 0.1922335818086716 1.040952222541703
2 0.003786919205 0.123 -0.5790178677576789 -0.002966862904824877 0.1910701839603272 1.040481810633207
2 0.003786919205 0.124 -0.5788092179649371 -0.003627913097437977 0.1899267712049098 1.040017559575677
2 0.003786919205 0.125 -0.5785593835666015 -0.004269299124362576 0.1888027314447165 1.039559386507725
2 0.003786919205 0.126 -0.5782695959541333 -0.004891409718746857 0.1876974726469431 1.039107209284565
2 0.003786919205 0.127 -0.5779410619845644 -0.005494629943280551 0.1866104223290125 1.038660946500037
2 0.003786919205 0.128 -0.5775749643329017 -0.006079341002799608 0.1855410268767949 1.038220517500157
2 0.003786919205 0.129 -0.5771724616730352 -0.006645920047823172 0.184488751023817 1.037785842400727
2 0.003786919205 0.13 -0.5767346889404862 -0.007194740005768628 0.183453077287988 1.037356842101446
2 0.003786919205 0.131 -0.5762627576703558 -0.007726169442400973 0.1824335053775251 1.036933438296286
2 0.003786919205 0.132 -0.5757577561694683 -0.008240572405331716 0.18142955173788 1.036515553488617
2 0.003786919205 0.133 -0.5752207499134248 -0.008738308324530311 0.1804407489566731 1.036103110997511
2 0.003786919205 0.134 -0.5746527817768995 -0.009219731892665619 0.1794666453074316 1.035696034968951
2 0.003786919205 0.135 -0.5740548723373341 -0.009685192971132274 0.1785068042578581 1.035294250383629
2 0.003786919205 0.136 -0.5734280202448099 -0.01013503652295978 0.1775608039527689 1.034897683061207
2 0.003786919205 0.137 -0.572773202433124 -0.01056960251991569 0.1766282368182042 1.03450625966992
2 0.003786919205 0.138 -0.5720913745376295 -0.01098922590704477 0.1757087090451724 1.034119907727282
2 0.003786919205 0.139 -0.5713834711539278 -0.01139423653979445 0.1748018401925527 1.033738555606234
2 0.003786919205 0.14 -0.5706504061621674 -0.01178495914473903 0.1739072627603976 1.033362132538025
2 0.003786919205 0.141 -0.569893073109511 -0.01216171330412375 0.1730246217423897 1.032990568611779
2 0.003786919205 0.142 -0.5691123454427973 -0.01252481340978293 0.1721535742820276 1.032623794779765
2 0.003786919205 0.143 -0.5683090769299624 -0.01287456867326913 0.1712937892269931 1.032261742853857
2 0.003786919205 0.144 -0.5674841019317364 -0.0132112831042221 0.1704449467854314 1.031904345507784
2 0.003786919205 0.145 -0.5666382357318119 -0.01353525551025238 0.1696067381575399 1.031551536276247
2 0.003786919205 0.146 -0.5657722749180963 -0.0138467795178759 0.1687788651499974 1.031203249550981
2 0.003786919205 0.147 -0.5648869976242983 -0.01414614356025556 0.1679610398788842 1.030859420582679
2 0.003786919205 0.148 -0.5639831639428441 -0.01443363091882172 0.1671529843866474 1.030519985474343
2 0.003786919205 0.149 -0.5630615161985106 -0.01470951973092816 0.1663544303459385 1.030184881180563
2 0.003786919205 0.15 -0.5621227792740466 -0.01497408301700228 0.1655651187428715 1.029854045503864
2 0.003786919205 0.151 -0.5611676609806212 -0.01522758872626181 0.164784799546148 1.029527417088201
2 0.003786919205 0.152 -0.5601968522992866 -0.01547029974831513 0.164013231451451 1.029204935418369
2 0.003786919205 0.153 -0.5592110277771991 -0.01570247397560347 0.1632501815534057 1.028886540811152
2 0.003786919205 0.154 -0.5582108457954312 -0.01592436433122955 0.1624954250913802 1.028572174412422
2 0.003786919205 0.155 -0.557196948882918 -0.0161362188143613 0.1617487451781418 1.028261778191467
2 0.003786919205 0.156 -0.5561699640697136 -0.01633828056198608 0.1610099325168763 1.027955294932729
2 0.003786919205 0.157 -0.5551305031220388 -0.01653078787679548 0.160278785182056 1.027652668233343
2 0.003786919205 0.158 -0.5540791629165447 -0.01671397430246899 0.1595551083393762 1.027353842492825
2 0.003786919205 0.159 -0.5530165256970675 -0.01688806866479599 0.1588387140282898 1.027058762908603
2 0.003786919205 0.16 -0.5519431593722458 -0.01705329512857789 0.1581294209302715 1.026767375468969
2 0.003786919205 0.161 -0.550859617847595 -0.01720987326891143 0.157427054127503 1.026479626943657
2 0.003786919205 0.162 -0.549766441249935 -0.0173580181096594 0.1567314449155866 1.026195464880056
2 0.003786919205 0.163 -0.5486641562766149 -0.01749794020568675 0.1560424305650896 1.025914837592006
2 0.003786919205 0.164 -0.5475532764378591 -0.01762984569214246 0.155359854136031 1.025637694154254
2 0.003786919205 0.165 -0.5464343023352491 -0.01775393634786112 0.1546835642804991 1.025363984394533
2 0.003786919205 0.166 -0.5453077219703999 -0.01787040967140088 0.1540134150373918 1.025093658883445
2 0.003786919205 0.167 -0.5441740109561213 -0.01797945892586185 0.1533492656727691 1.024826668929783
2 0.003786919205 0.168 -0.5430336328391204 -0.01808127322380027 0.1526909804773096 1.024562966568872
2 0.003786919205 0.169 -0.5418870393259853 -0.01817603758089004 0.1520384286084409 1.024302504556341
2 0.003786919205 0.17 -0.5407346705410858 -0.01826393298218108 0.1513914839226126 1.024045236359703
2 0.003786919205 0.171 -0.5395769553109202 -0.01834513645945172 0.1507500248010941 1.023791116147924
2 0.003786919205 0.172 -0.5384143113605228 -0.01841982113926591 0.1501139340142 1.023540098786179
2 0.003786919205 0.173 -0.5372471456093042 -0.01848815632752761 0.1494830985496147 1.023292139824064
2 0.003786919205 0.174 -0.5360758543797456 -0.01855030756478352 0.1488574094783367 1.023047195489
2 0.003786919205 0.175 -0.5349008236342498 -0.01860643669273551 0.1482367618124441 1.022805222677599
2 0.003786919205 0.176 -0.5337224292351496 -0.01865670193048552 0.1476210543575476 1.022566178945191
2 0.003786919205 0.177 -0.5325410371257104 -0.01870125792358984 0.1470101895975501 1.02233002250027
2 0.003786919205 0.178 -0.5313570035995765 -0.01874025582615569 0.1464040735494133 1.02209671219284
2 0.003786919205 0.179 -0.5301706754919823 -0.01877384335584251 0.1458026156495392 1.021866207507657
2 0.003786919205 0.18 -0.5289823903957772 -0.01880216485881636 0.1452057286333772 1.021638468555611
2 0.003786919205 0.181 -0.5277924768977238 -0.01882536138323664 0.144613328410679 1.02141345606342
2 0.003786919205 0.182 -0.5266012547440474 -0.01884357072772675 0.1440253339678598 1.021191131367952
2 0.003786919205 0.183 -0.5254090350844992 -0.01885692751962191 0.14344166724535 1.020971456404876
2 0.003786919205 0.184 -0.5242161206464068 -0.01886556326832988 0.1428622530414601 1.020754393701934
2 0.003786919205 0.185 -0.5230228059305703 -0.01886960642751164 0.1422870189106465 1.020539906370481
2 0.003786919205 0.186 -0.5218293774249063 -0.01886918246473713 0.1417158950582194 1.020327958095495
2 0.003786919205 0.187 -0.5206361137549103 -0.01886441390829157 0.1411488142577479 1.02011851312992
2 0.003786919205 0.188 -0.5194432859037031 -0.01885542042071067 0.1405857117476514 1.019911536283755
2 0.003786919205 0.189 -0.5182511573695882 -0.01884231884961495 0.1400265251499841 1.019706992917465
2 0.003786919205 0.19 -0.51705998434283 -0.01882522328634606 0.1394711943845983 1.0195048489338
2 0.003786919205 0.191 -0.5158700158979659 -0.01880424513114771 0.1389196615804094 1.019305070768226
2 0.003786919205 0.192 -0.5146814941298271 -0.0187794931376017 0.1383718710056263 1.019107625383383
2 0.003786919205 0.193 -0.5134946543511436 -0.018751073480974 0.1378277689806984 1.018912480258701
2 0.003786919205 0.194 -0.5123097252345009 -0.01871908980597453 0.1372873038097998 1.018719603384033
2 0.003786919205 0.195 -0.5111269289711993 -0.01868364328140682 0.1367504257085092 1.01852896325184
2 0.003786919205 0.196 -0.5099464814437074 -0.01864483266054406 0.1362170867291392 1.018340528848091
2 0.003786919205 0.197 -0.5087685923480647 -0.01860275432276679 0.1356872407018752 1.018154269646925
2 0.003786919205 0.198 -0.5075934653707247 -0.01855750233652458 0.1351608431616003 1.017970155600835
2 0.003786919205 0.199 -0.506421298315935 -0.01850916850372053 0.1346378512901674 1.017788157134586
2 0.003786919205 0.2 -0.5052522832479757 -0.01845784241017118 0.1341182238555512 1.017608245137806
2 0.003786919205 0.201 -0.5040866066452956 -0.01840361148107353 0.1336019211490996 1.017430390956409
2 0.003786919205 0.202 -0.5029244495102227 -0.01834656101961981 0.1330889049359363 1.017254566387495
2 0.003786919205 0.203 -0.5017659875554037 -0.01828677427574387 0.1325791383861668 1.017080743667703
2 0.003786919205 0.204 -0.5006113911848786 -0.01822433243527501 0.1320725860605863 1.016908895478692
2 0.003786919205 0.205 -0.4994608258543707 -0.01815931475702209 0.1315692137990804 1.016738994920469
2 0.003786919205 0.206 -0.4983144520406568 -0.01809179855805202 0.1310689887119332 1.016571015517435
2 0.003786919205 0.207 -0.4971724253469766 -0.01802185925199231 0.1305718791355614 1.016404931213065
2 0.003786919205 0.208 -0.4960348966699853 -0.01794957041170258 0.1300778545740902 1.016240716359058
2 0.003786919205 0.209 -0.4949020123289126 -0.01787500381751038 0.1295868856518341 1.0160783457075
2 0.003786919205 0.21 -0.4937739141754365 -0.01779822949815353 0.12909894407157 1.015917794404506
2 0.003786919205 0.211 -0.4926507396882085 -0.01771931576588537 0.1286140025770806 1.015759037985144
2 0.003786919205 0.212 -0.4915326220402739 -0.01763832924108853 0.1281320349224456 1.015602052370741
2 0.003786919205 0.213 -0.4904196902471865 -0.01755533490880774 0.1276530158232235 1.015446813858811
2 0.003786919205 0.214 -0.4893120692816496 -0.01747039616237093 0.1271769209166706 1.01529329911575
2 0.003786919205 0.215 -0.4882098801710583 -0.01738357484047188 0.1267037267267692 1.015141485170916
2 0.003786919205 0.216 -0.4871132400814397 -0.01729493125903533 0.1262334106327861 1.014991349411887
2 0.003786919205 0.217 -0.4860222623774192 -0.01720452423375136 0.1257659508433841 1.014842869581921
2 0.003786919205 0.218 -0.4849370567533761 -0.01711241113086505 0.1253013263559 1.01469602377062
2 0.003786919205 0.219 -0.4838577293349862 -0.01701864790645321 0.1248395169230907 1.014550790407155
2 0.003786919205 0.22 -0.4827843827656195 -0.01692328913985884 0.1243805030238606 1.014407148254771
2 0.003786919205 0.221 -0.4817171162806956 -0.01682638806247632 0.1239242658368989 1.014265076406377
2 0.003786919205 0.222 -0.4806560257608464 -0.01672799657825841 0.1234707872188674 1.01412455428216
2 0.003786919205 0.223 -0.4796012038478638 -0.01662816530918597 0.1230200496704937 1.013985561620964
2 0.003786919205 0.224 -0.4785527400344685 -0.01652694363049962 0.1225720363088174 1.013848078474016
2 0.003786919205 0.225 -0.4775107207406808 -0.01642437970072693 0.1221267308427201 1.013712085199843
2 0.003786919205 0.226 -0.4764752293795358 -0.01632052048757737 0.121684117550846 1.013577562460178
2 0.003786919205 0.227 -0.4754463464040699 -0.01621541178650964 0.1212441812632333 1.013444491217749
2 0.003786919205 0.228 -0.4744241494096743 -0.01610909826131242 0.1208069073331391 1.013312852728316
2 0.003786919205 0.229 -0.4734087132133212 -0.01600162347560317 0.1203722816139132 1.013182628534882
2 0.003786919205 0.23 -0.472400109920945 -0.01589302991970241 0.1199402904385729 1.013053800462998
2 0.003786919205 0.231 -0.4713984089853973 -0.01578335903384451 0.1195109206013309 1.012926350616985
2 0.003786919205 0.232 -0.4704036772478557 -0.01567265122491488 0.1190841593421345 1.012800261377877
2 0.003786919205 0.233 -0.469415979028061 -0.01556094590256742 0.1186599943233043 1.01267551539609
2 0.003786919205 0.234 -0.4684353761941312 -0.01544828150730329 0.1182384136102991 1.012552095586086
2 0.003786919205 0.235 -0.4674619282219085 -0.01533469553444993 0.1178194056546922 1.012429985122048
2 0.003786919205 0.236 -0.4664956922459724 -0.01522022455489923 0.1174029592787367 1.012309167434392
2 0.003786919205 0.237 -0.4655367230960279 -0.01510490423013688 0.1169890636623555 1.012189626207874
2 0.003786919205 0.238 -0.4645850733763723 -0.01498876934430764 0.1165777083238206 1.012071345374841
2 0.003786919205 0.239 -0.4636407935273317 -0.01487185382917904 0.1161688831037858 1.011954309110321
2 0.003786919205 0.24 -0.4627039318774486 -0.01475419078547875 0.1157625781511213 1.011838501828045
2 0.003786919205 0.241 -0.4617745346882998 -0.01463581250136989 0.1153587839100329 1.011723908177236
2 0.003786919205 0.242 -0.4608526461863858 -0.01451675046590092 0.1149574911091185 1.011610513040868
2 0.003786919205 0.243 -0.459938308633047 -0.01439703539740867 0.1145586907454338 1.011498301529462
2 0.003786919205 0.244 -0.4590315623784588 -0.01427669726565944 0.1141623740712667 1.011387258976571
2 0.003786919205 0.245 -0.4581324459074577 -0.01415576531078823 0.1137685325823722 1.011277370935126
2 0.003786919205 0.246 -0.4572409958788475 -0.01403426805971531 0.1133771580072373 1.011168623174489
2 0.003786919205 0.247 -0.4563572471532684 -0.0139122333381451 0.1129882422978782 1.011061001678849
2 0.003786919205 0.248 -0.4554812328546618 -0.01378968829567306 0.1126017776167413 1.010954492641525
2 0.003786919205 0.249 -0.4546129844176728 -0.01366665942537987 0.1122177563257763 1.010849082460825
2 0.003786919205 0.25 -0.4537525316278371 -0.01354317258060357 0.1118361709766845 1.010744757736684
2 0.003786919205 0.251 -0.4528999026559947 -0.01341925298949148 0.111457014301985 1.010641505267965
2 0.003786919205 0.252 -0.4520551240825774 -0.01329492526567437 0.1110802792072773 1.010539312050986
2 0.003786919205 0.253 -0.45121822095161 -0.0131702134304167 0.1107059587605145 1.010438165274296
2 0.003786919205 0.254 -0.4503892168122863 -0.01304514092992127 0.1103340461830007 1.010338052314866
2 0.003786919205 0.255 -0.4495681337541643 -0.01291973065015049 0.1099645348413266 1.010238960735013
2 0.003786919205 0.256 -0.4487549924372503 -0.0127940049296965 0.1095974182399483 1.010140878279919
2 0.003786919205 0.257 -0.4479498121131035 -0.0126679855692515 0.1092326900146817 1.010043792876294
2 0.003786919205 0.258 -0.4471526106722592 -0.01254169385111425 0.108870343923958 1.009947692627569
2 0.003786919205 0.259 -0.4463634046806622 -0.01241515055444321 0.108510373841431 1.009852565810414
2 0.003786919205 0.26 -0.445582209410458 -0.01228837596832748 0.1081527737493266 1.009758400871907
2 0.003786919205 0.261 -0.4448090388662491 -0.01216138990314519 0.107797537732288 1.009665186427274
2 0.003786919205 0.262 -0.444043905803381 -0.01203421169894459 0.1074446599719075 1.009572911258656
2 0.003786919205 0.263 -0.4432868217695762 -0.01190686024259305 0.1070941347396357 1.009481564310708
2 0.003786919205 0.264 -0.4425377971368399 -0.01177935398119717 0.1067459563907351 1.0093911346874
2 0.003786919205 0.265 -0.4417968411283697 -0.01165171093360803 0.1064001193588113 1.009301611649427
2 0.003786919205 0.266 -0.4410639618414384 -0.01152394870042494 0.1060566181507201 1.009212984612136
2 0.003786919205 0.267 -0.4403391662631879 -0.01139608447139449 0.1057154473419721 1.009125243144405
2 0.003786919205 0.268 -0.4396224603071776 -0.01126813504046242 0.1053766015710187 1.009038376964605
2 0.003786919205 0.269 -0.4389138488413101 -0.01114011681756038 0.1050400755343309 1.008952375937665
2 0.003786919205 0.27 -0.4382133357113278 -0.01101204583871414 0.1047058639819178 1.008867230072704
2 0.003786919205 0.271 -0.4375209237607273 -0.01088393777483695 0.1043739617131235 1.008782929521125
2 0.003786919205 0.272 -0.4368366148443546 -0.01075580793824586 0.104044363572764 1.008699464575606
2 0.003786919205 0.273 -0.4361604098604956 -0.01062767129585254 0.1037170644465611 1.008616825666386
2 0.003786919205 0.274 -0.4354923087753076 -0.01049954247949776 0.1033920592571577 1.008535003358578
2 0.003786919205 0.275 -0.4348323106433192 -0.0103714357948163 0.1030693429604623 1.008453988349999
2 0.003786919205 0.276 -0.4341804136247392 -0.01024336522895132 0.1027489105421893 1.008373771469431
2 0.003786919205 0.277 -0.4335366149971184 -0.0101153444562796 0.1024307570146125 1.008294343675695
2 0.003786919205 0.278 -0.4329009111835334 -0.009987386849954096 0.1021148774129516 1.008215696054247
2 0.003786919205 0.279 -0.4322732977739595 -0.009859505490950174 0.1018012667921694 1.008137819814717
2 0.003786919205 0.28 -0.4316537695431443 -0.009731713175826414 0.1014899202240039 1.008060706288921
2 0.003786919205 0.281 -0.4310423204656325 -0.009604022423479248 0.1011808327941311 1.007984346929264
2 0.003786919205 0.282 -0.4304389437257303 -0.009476445480161111 0.1008739995994362 1.007908733307907
2 0.003786919205 0.283 -0.4298436317422752 -0.009348994329566105 0.1005694157451915 1.00783385711364
2 0.003786919205 0.284 -0.4292563761873311 -0.009221680700735828 0.1002670763425022 1.007759710149621
2 0.003786919205 0.285 -0.4286771680017674 -0.009094516074841612 0.09996697650591398 1.007686284331562
2 0.003786919205 0.286 -0.4281059974082827 -0.008967511691087494 0.09966911135109377 1.007613571686264
2 0.003786919205 0.287 -0.4275428539198861 -0.008840678551097646 0.09937347599253778 1.007541564350864
2 0.003786919205 0.288 -0.4269877263616841 -0.008714027427716882 0.09908006554140375 1.007470254569957
2 0.003786919205 0.289 -0.4264406028872387 -0.008587568871908801 0.09878887510349645 1.007399634693537
2 0.003786919205 0.29 -0.4259014709921405 -0.008461313218672502 0.0984998997773532 1.007329697175315
2 0.003786919205 0.291 -0.4253703175252891 -0.008335270592191251 0.09821313465235869 1.007260434571402
2 0.003786919205 0.292 -0.4248471286960758 -0.008209450909658574 0.09792857480681899 1.007191839539604
2 0.003786919205 0.293 -0.4243318900935715 -0.008083863888947114 0.09764621530633524 1.007123904836798
2 0.003786919205 0.294 -0.4238245867008458 -0.007958519054618054 0.09736605120223664 1.007056623317026
2 0.003786919205 0.295 -0.4233252029067937 -0.007833425743073802 0.09708807753006347 1.006989987929972
2 0.003786919205 0.296 -0.4228337225158941 -0.007708593107039722 0.09681228930804384 1.006923991719741
2 0.003786919205 0.297 -0.4223501287542642 -0.007584030118891763 0.09653868153547608 1.00685862782423
2 0.003786919205 0.298 -0.421874404286582 -0.007459745577330601 0.09626724919154828 1.006793889472713
2 0.003786919205 0.299 -0.4214065312286322 -0.007335748112608714 0.09599798723414192 1.006729769984096
2 0.003786919205 0.3 -0.4209464911576116 -0.00721204619100975 0.09573089059864524 1.006666262765514
2 0.003786919205 0.301 -0.4204942651205655 -0.007088648118741821 0.09546595419673161 1.006603361311225
2 0.003786919205 0.302 -0.4200498336394614 -0.006965562044823259 0.09520317291500149 1.006541059202029
2 0.003786919205 0.303 -0.4196131767261413 -0.006842795966884005 0.09494254161416835 1.006479350103057
2 0.003786919205 0.304 -0.4191842738933269 -0.006720357735705153 0.09468405512816887 1.006418227762161
2 0.003786919205 0.305 -0.4187631041636025 -0.006598255059106079 0.09442770826324992 1.006357686008641
2 0.003786919205 0.306 -0.4183496460767056 -0.00647649550531944 0.09417349579699842 1.006297718752217
2 0.003786919205 0.307 -0.4179438776937497 -0.006355086505486023 0.09392141247720198 1.006238319982518
2 0.003786919205 0.308 -0.4175457766104672 -0.006234035358691685 0.09367145302133496 1.006179483767033
2 0.003786919205 0.309 -0.4171553199668743 -0.006113349235903818 0.09342361211592112 1.006121204249652
2 0.003786919205 0.31 -0.4167724844551112 -0.005993035183338438 0.09317788441584761 1.006063475649481
2 0.003786919205 0.311 -0.4163972463257369 -0.005873100125379518 0.09293426454360378 1.006006292259914
2 0.003786919205 0.312 -0.4160295813912204 -0.005753550866728653 0.09269274708832644 1.005949648448162
2 0.003786919205 0.313 -0.4156694650522166 -0.005634394100584035 0.0924533266067904 1.005893538650916
2 0.003786919205 0.314 -0.4153168722700317 -0.005515636402526818 0.09221599761991423 1.005837957379103
2 0.003786919205 0.315 -0.4149717775350561 -0.005397284223539733 0.09198075460874448 1.005782899223314
2 0.003786919205 0.316 -0.4146341551312959 -0.005279343960158503 0.09174759203669323 1.005728358809068
2 0.003786919205 0.317 -0.4143039786775756 -0.00516182183606175 0.09151650430783907 1.005674330874593
2 0.003786919205 0.318 -0.4139812216097347 -0.005044724028044847 0.09128748580930099 1.005620810189153
2 0.003786919205 0.319 -0.4136658568995236 -0.004928056594566944 0.09106053088467153 1.005567791600741
2 0.003786919205 0.32 -0.4133578570645915 -0.004811825479939445 0.09083563383344254 1.005515270034424
2 0.003786919205 0.321 -0.4130571944463863 -0.004696036584434798 0.09061278893775788 1.005463240445185
2 0.003786919205 0.322 -0.4127638407723591 -0.004580695656931501 0.09039199041747793 1.005411697892251
2 0.003786919205 0.323 -0.4124777676008628 -0.004465808405222771 0.09017323247476379 1.005360637463562
2 0.003786919205 0.324 -0.412198946061214 -0.004351380433377115 0.08995650926643367 1.005310054319891
2 0.003786919205 0.325 -0.4119273468624517 -0.004237417245346285 0.08974181490360049 1.00525994369333
2 0.003786919205 0.326 -0.4116629405504639 -0.004123924306446697 0.0895291434794334 1.005210300843652
2 0.003786919205 0.327 -0.4114056971020205 -0.004010906949089461 0.08931848902295482 1.005161121127109
2 0.003786919205 0.328 -0.4111555863369762 -0.003898370469592164 0.08910984554503808 1.005112399926532
2 0.003786919205 0.329 -0.4109125776769117 -0.003786320073125384 0.08890320701012373 1.005064132692176
2 0.003786919205 0.33 -0.4106766401528327 -0.003674760876814569 0.08869856733603118 1.005016314940329
2 0.003786919205 0.331 -0.410447742644058 -0.003563697963797855 0.08849592042230392 1.00496894221291
2 0.003786919205 0.332 -0.4102258535002396 -0.003453136300203707 0.08829526010336684 1.00492201014119
2 0.003786919205 0.333 -0.4100109409248329 -0.003343080820356391 0.08809658019528295 1.004875514381061
2 0.003786919205 0.334 -0.4098029727500901 -0.003233536378239103 0.08789987446718797 1.004829450650869
2 0.003786919205 0.335 -0.4096019164438501 -0.003124507750155511 0.08770513664124385 1.004783814730142
2 0.003786919205 0.336 -0.4094077393323655 -0.003015999682412224 0.08751236042122017 1.004738602422158
2 0.003786919205 0.337 -0.4092204082470119 -0.00290801681794558 0.087321539445524 1.004693809613
2 0.003786919205 0.338 -0.409039889882429 -0.002800563771566158 0.08713266733418136 1.004649432211572
2 0.003786919205 0.339 -0.4088661505859566 -0.002693645087008816 0.08694573766028182 1.004605466184673
2 0.003786919205 0.34 -0.4086991563636447 -0.002587265239211807 0.08676074395004739 1.004561907555825
2 0.003786919205 0.341 -0.4085388730888886 -0.002481428676535035 0.08657767971136683 1.004518752370572
2 0.003786919205 0.342 -0.4083852661710003 -0.002376139755648011 0.08639653838711435 1.00447599675125
2 0.003786919205 0.343 -0.408238300890939 -0.002271402808242648 0.08621731340192107 1.004433636841364
2 0.003786919205 0.344 -0.4080979422035542 -0.002167222102863405 0.08603999813386624 1.004391668838121
2 0.003786919205 0.345 -0.4079641547429279 -0.002063601846854897 0.08586458591463958 1.00435008899136
2 0.003786919205 0.346 -0.4078369030184181 -0.001960546223906416 0.0856910700577987 1.00430889357135
2 0.003786919205 0.347 -0.4077161511026747 -0.001858059335998064 0.08551944381271297 1.004268078919629
2 0.003786919205 0.348 -0.4076018629474573 -0.001756145262821065 0.08534970041077332 1.004227641397383
2 0.003786919205 0.349 -0.4074940021972855 -0.001654808027689157 0.08518183303752101 1.004187577415652
2 0.003786919205 0.35 -0.4073925321942127 -0.001554051599199367 0.08501583483288457 1.004147883434342
2 0.003786919205 0.351 -0.4072974161626438 -0.001453879924787316 0.08485169891897594 1.004108555932332
2 0.003786919205 0.352 -0.4072086169147323 -0.001354296878690814 0.08468941835492871 1.004069591454688
2 0.003786919205 0.353 -0.4071260971484179 -0.001255306315150153 0.08452898618226409 1.00403098656473
2 0.003786919205 0.354 -0.407049819271292 -0.00115691203779653 0.08437039539760957 1.003992737872092
2 0.003786919205 0.355 -0.4069797454048862 -0.001059117801065044 0.08421363895299518 1.003954842031813
2 0.003786919205 0.356 -0.4069158375594306 -0.0009619273403525239 0.08405870978304067 1.003917295716563
2 0.003786919205 0.357 -0.4068580573548752 -0.0008653443250997869 0.0839056007609021 1.003880095660532
2 0.003786919205 0.358 -0.4068063663029633 -0.0007693724066984879 0.08375430474256951 1.003843238614876
2 0.003786919205 0.359 -0.4067607256402976 -0.0006740151908349631 0.0836048145402957 1.003806721373815
2 0.003786919205 0.36 -0.4067210963322163 -0.0005792762386896238 0.08345712292293911 1.003770540773787
2 0.003786919205 0.361 -0.4066874392384834 -0.0004851590942078798 0.08331122264242592 1.003734693667631
2 0.003786919205 0.362 -0.4066597148484414 -0.0003916672415261897 0.08316710639097193 1.00369917696541
2 0.003786919205 0.363 -0.4066378835486651 -0.0002988041483845175 0.08302476684413586 1.003663987592973
2 0.003786919205 0.364 -0.4066219054643666 -0.0002065732409762055 0.08288419663505217 1.003629122516237
2 0.003786919205 0.365 -0.406611740462921 -0.0001149779049634358 0.08274538835480966 1.003594578740413
2 0.003786919205 0.366 -0.4066073483113315 -2.402151030116341e-05 0.08260833457809809 1.003560353285976
2 0.003786919205 0.367 -0.406608688424247 6.62926276601342e-05 0.08247302782183408 1.003526443226674
2 0.003786919205 0.368 -0.4066157201185068 0.0001559612085682785 0.08233946058683415 1.003492845650958
2 0.003786919205 0.369 -0.4066284024621532 0.0002449809701002321 0.08220762533292272 1.003459557684588
2 0.003786919205 0.37 -0.4066466942776628 0.0003333486871048013 0.08207751447933777 1.003426576489929
2 0.003786919205 0.371 -0.4066705542918976 0.0004210611488472158 0.08194912042949339 1.003393899243564
2 0.003786919205 0.372 -0.4066999408959183 0.0005081151948032661 0.08182243553110559 1.003361523171713
2 0.003786919205 0.373 -0.4067348123875264 0.0005945076782676044 0.08169745211638303 1.0033294455143
2 0.003786919205 0.374 -0.4067751268272706 0.0006802354875977342 0.08157416247806298 1.003297663546026
2 0.003786919205 0.375 -0.4068208420414279 0.0007652955454925966 0.08145255886983642 1.003266174575713
2 0.003786919205 0.376 -0.4068719157650426 0.0008496847879803785 0.08133263353017627 1.003234975925444
2 0.003786919205 0.377 -0.4069283054126341 0.0009334001976023049 0.08121437864403222 1.003204064963595
2 0.003786919205 0.378 -0.4069899683096715 0.001016438769726936 0.08109778638146456 1.00317343907132
2 0.003786919205 0.379 -0.4070568615550528 0.001098797532292846 0.08098284887464585 1.00314309566222
2 0.003786919205 0.38 -0.4071289420238774 0.001180473545203905 0.0808695582182991 1.00311303218174
2 0.003786919205 0.381 -0.4072061665040788 0.001261463880780927 0.08075790649255614 1.003083246087694
2 0.003786919205 0.382 -0.4072884914772691 0.001341765654758306 0.08064788572626828 1.003053734881112
2 0.003786919205 0.383 -0.4073758733399319 0.001421375994867609 0.08053948793403237 1.003024496074956
2 0.003786919205 0.384 -0.4074682682719389 0.001500292059324181 0.08043270509418228 1.002995527212487
2 0.003786919205 0.385 -0.4075656322391486 0.00157851103632266 0.08032752914923531 1.002966825866707
2 0.003786919205 0.386 -0.4076679211240554 0.001656030125712518 0.08022395202775789 1.002938389622175
2 0.003786919205 0.387 -0.40777509051614 0.001732846568171073 0.08012196560931981 1.002910216103829
2 0.003786919205 0.388 -0.4078870959234352 0.001808957615681297 0.0800215617598808 1.002882302947759
2 0.003786919205 0.389 -0.4080038926467192 0.001884360548973054 0.07992273231078623 1.002854647818376
2 0.003786919205 0.39 -0.4081254357819674 0.001959052677104808 0.0798254690592167 1.002827248407898
2 0.003786919205 0.391 -0.408251680345374 0.00203303132015685 0.07972976378904911 1.00280010241935
2 0.003786919205 0.392 -0.4083825810726804 0.002106293836893328 0.0796356082374665 1.002773207593524
2 0.003786919205 0.393 -0.408518092621662 0.00217883759681178 0.07954299412869048 1.002746561681645
2 0.003786919205 0.394 -0.4086581694516954 0.002250659996720348 0.07945191315398493 1.002720162461436
2 0.003786919205 0.395 -0.4088027658260907 0.002321758460393755 0.07936235697210609 1.00269400773665
2 0.003786919205 0.396 -0.4089518359317767 0.002392130422106695 0.0792743172291548 1.00266809532115
2 0.003786919205 0.397 -0.4091053336871742 0.002461773353054384 0.07918778552684162 1.002642423064165
2 0.003786919205 0.398 -0.4092632129360556 0.002530684734695998 0.07910275345456294 1.002616988824693
2 0.003786919205 0.399 -0.4094254273322382 0.002598862074624315 0.07901921257041052 1.002591790486552
2 0.003786919205 0.4 -0.4095919303418186 0.002666302906285895 0.07893715440161847 1.002566825957946
2 0.003786919205 0.401 -0.4097626753577627 0.002733004773201433 0.07885657046341103 1.00254209315656
2 0.003786919205 0.402 -0.4099376155159687 0.00279896525437788 0.07877745222891074 1.002517590033218
2 0.003786919205 0.403 -0.4101167038808701 0.00286418193870573 0.07869979115956831 1.002493314547911
2 0.003786919205 0.404 -0.4102998933350533 0.002928652440256592 0.0786235786871686 1.002469264683901
2 0.003786919205 0.405 -0.4104871365814123 0.002992374398059144 0.07854880621427253 1.002445438447325
2 0.003786919205 0.406 -0.4106783862528401 0.003055345460873639 0.07847546513206959 1.002421833853209
2 0.003786919205 0.407 -0.4108735947361952 0.003117563311798203 0.07840354679190913 1.002398448947683
2 0.003786919205 0.408 -0.411072714349947 0.00317902564351152 0.07833304253410223 1.002375281785476
2 0.003786919205 0.409 -0.4112756972385562 0.003239730173116359 0.07826394367091065 1.002352330443166
2 0.003786919205 0.41 -0.4114824953745668 0.00329967464196429 0.07819624148698127 1.00232959301881
2 0.003786919205 0.411 -0.4116930606635544 0.003358856800868577 0.07812992725621817 1.002307067618815
2 0.003786919205 0.412 -0.4119073447757708 0.003417274434081917 0.07806499221490923 1.002284752378809
2 0.003786919205 0.413 -0.4121252993160692 0.003474925335202418 0.07800142758892636 1.002262645442501
2 0.003786919205 0.414 -0.4123468757229209 0.003531807321666606 0.07793922457767941 1.002240744974132
2 0.003786919205 0.415 -0.4125720252704588 0.003587918234617128 0.07787837435454127 1.002219049158141
2 0.003786919205 0.416 -0.4128006991688055 0.003643255924452361 0.07781886808275847 1.002197556186818
2 0.003786919205 0.417 -0.413032848403221 0.003697818274331991 0.07776069689013917 1.002176264279936
2 0.003786919205 0.418 -0.4132684238964935 0.003751603176585929 0.07770385189468476 1.002155171664871
2 0.003786919205 0.419 -0.4135073764124951 0.003804608546948395 0.0776483241894865 1.002134276588325
2 0.003786919205 0.42 -0.4137496565581892 0.003856832324463913 0.07759410484314083 1.002113577316005
2 0.003786919205 0.421 -0.4139952148794314 0.003908272457283521 0.07754118491471969 1.002093072121016
2 0.003786919205 0.422 -0.4142440017074937 0.003958926925837591 0.07748955542998218 1.002072759302341
2 0.003786919205 0.423 -0.4144959673140551 0.00400879371960504 0.07743920740547425 1.002052637166129
2 0.003786919205 0.424 -0.4147510618192293 0.004057870851170491 0.07739013183434484 1.002032704036732
2 0.003786919205 0.425 -0.415009235193548 0.004106156356164719 0.07734231968674975 1.002012958256421
2 0.003786919205 0.426 -0.4152704373492971 0.004153648279226743 0.07729576192390628 1.001993398174437
2 0.003786919205 0.427 -0.4155346179943347 0.00420034469696957 0.07725044947578677 1.001974022164421
2 0.003786919205 0.428 -0.4158017267797738 0.004246243694981445 0.07720637326372758 1.001954828606776
2 0.003786919205 0.429 -0.4160717132124384 0.00429134338178026 0.07716352418713844 1.001935815899078
2 0.003786919205 0.43 -0.4163445266568318 0.004335641888785431 0.07712189312389442 1.001916982455812
2 0.003786919205 0.431 -0.4166201164220517 0.004379137356372659 0.07708147094350111 1.001898326698039
2 0.003786919205 0.432 -0.4168984316228515 0.004421827956747369 0.07704224848622543 1.001879847069864
2 0.003786919205 0.433 -0.4171794213200721 0.004463711871061176 0.07700421658425795 1.001861542021771
2 0.003786919205 0.434 -0.4174630344375034 0.004504787303331596 0.07696736604928811 1.001843410020471
2 0.003786919205 0.435 -0.4177492197638489 0.004545052480442974 0.07693168767288366 1.001825449548651
2 0.003786919205 0.436 -0.4180379260352357 0.004584505638226622 0.07689717223879389 1.001807659095214
2 0.003786919205 0.437 -0.4183291018035089 0.004623145044348191 0.0768638105034717 1.001790037170847
2 0.003786919205 0.438 -0.4186226955694315 0.004660968975431549 0.07683159321583503 1.001772582292273
2 0.003786919205 0.439 -0.4189186557039497 0.004697975731007008 0.07680051110567966 1.001755292991559
2 0.003786919205 0.44 -0.4192169304501626 0.004734163633539496 0.07677055488404559 1.001738167815892
2 0.003786919205 0.441 -0.419517468001426 0.004769531014471412 0.07674171525468715 1.001721205318339
2 0.003786919205 0.442 -0.4198202163768997 0.004804076237223556 0.07671398289593875 1.00170440407259
2 0.003786919205 0.443 -0.4201251235475015 0.004837797674225563 0.07668734847912274 1.001687762658052
2 0.003786919205 0.444 -0.4204321373615953 0.004870693720952247 0.07666180265777063 1.001671279668663
2 0.003786919205 0.445 -0.4207412055469741 0.004902762795977597 0.07663733606797669 1.001654953712686
2 0.003786919205 0.446 -0.4210522757845361 0.004934003326921233 0.07661393933906346 1.00163878340396
2 0.003786919205 0.447 -0.4213652955911366 0.004964413773657556 0.07659160307674386 1.001622767375867
2 0.003786919205 0.448 -0.4216802124382502 0.004993992605157149 0.07657031788022273 1.001606904267214
2 0.003786919205 0.449 -0.4219969736821197 0.005022738313668079 0.07655007433219793 1.001591192730588
2 0.003786919205 0.45 -0.4223155265657599 0.005050649414794667 0.07653086299920084 1.001575631432169
2 0.003786919205 0.451 -0.4226358182881667 0.005077724433291076 0.07651267444148646 1.001560219043422
2 0.003786919205 0.452 -0.4229577958945535 0.005103961926569616 0.07649549919744421 1.001544954254369
2 0.003786919205 0.453 -0.4232814063876479 0.005129360461261521 0.07647932779944115 1.001529835760179
2 0.003786919205 0.454 -0.4236065966623555 0.005153918627597951 0.07646415076457372 1.001514862269108
2 0.003786919205 0.455 -0.4239333135077918 0.005177635039512813 0.07644995859499545 1.001500032502326
2 0.003786919205 0.456 -0.4242615036719685 0.005200508320228923 0.07643674178706061 1.001485345186024
2 0.003786919205 0.457 -0.4245911137595219 0.005222537126153756 0.07642449081693679 1.001470799064031
2 0.003786919205 0.458 -0.424922090335542 0.00524372012307083 0.07641319615523676 1.00145639288507
2 0.003786919205 0.459 -0.4252543798648219 0.005264056000773724 0.07640284825849251 1.00144212541031
2 0.003786919205 0.46 -0.4255879287139268 0.00528354347319241 0.07639343756947102 1.001427995413201
2 0.003786919205 0.461 -0.4259226832112815 0.005302181263718863 0.07638495452559889 1.001414001671975
2 0.003786919205 0.462 -0.426258589552529 0.005319968129576588 0.0763773895457318 1.001400142981646
2 0.003786919205 0.463 -0.42659559389676 0.005336902837555923 0.07637073304362037 1.001386418141891
2 0.003786919205 0.464 -0.4269336423104368 0.005352984178953351 0.07636497542007971 1.001372825964235
2 0.003786919205 0.465 -0.427272680769507 0.005368210969720932 0.07636010706329302 1.001359365271904
2 0.003786919205 0.466 -0.4276126552148011 0.005382582035479242 0.07635611835654493 1.001346034892675
2 0.003786919205 0.467 -0.4279535114651845 0.005396096236445641 0.07635299966610411 1.001332833670325
2 0.003786919205 0.468 -0.4282951953060297 0.005408752442628292 0.07635074135356702 1.001319760453068
2 0.003786919205 0.469 -0.4286376524379207 0.00542054954912224 0.07634933376869685 1.001306814100421
2 0.003786919205 0.47 -0.4289808284788159 0.005431486476281692 0.07634876724971587 1.001293993483057
2 0.003786919205 0.471 -0.4293246690146517 0.005441562154368861 0.076349032130373 1.001281297475993
2 0.003786919205 0.472 -0.4296691195204762 0.005450775549124927 0.07635011872889846 1.001268724969509
2 0.003786919205 0.473 -0.4300141254409801 0.005459125636338625 0.07635201735926729 1.001256274858124
2 0.003786919205 0.474 -0.4303596321441022 0.005466611417550043 0.07635471832468292 1.001243946047146
2 0.003786919205 0.475 -0.4307055849232492 0.005473231920245502 0.07635821191785905 1.001231737452537
2 0.003786919205 0.476 -0.4310519290429816 0.005478986182091458 0.07636248842744578 1.001219647994406
2 0.003786919205 0.477 -0.4313986096683454 0.005483873277231287 0.07636753812801794 1.001207676607448
2 0.003786919205 0.478 -0.4317455719372519 0.005487892290145149 0.07637335129029728 1.001195822230406
2 0.003786919205 0.479 -0.4320927609191192 0.00549104233181195 0.07637991817525785 1.001184083812336
2 0.003786919205 0.48 -0.4324401216171583 0.005493322539926627 0.07638722903439853 1.00117246031248
2 0.003786919205 0.481 -0.4327875990090004 0.005494732062668716 0.07639527411554992 1.001160950694048
2 0.003786919205 0.482 -0.4331351379844697 0.005495270085807323 0.07640404365386121 1.001149553934199
2 0.003786919205 0.483 -0.433482683409575 0.005494935805769752 0.07641352788101689 1.001138269013969
2 0.003786919205 0.484 -0.4338301800903404 0.005493728446311598 0.07642371701994352 1.001127094924259
2 0.003786919205 0.485 -0.4341775727751636 0.005491647258756217 0.07643460128507311 1.001116030665724
2 0.003786919205 0.486 -0.4345248061902304 0.005488691505248062 0.07644617088755207 1.001105075242817
2 0.003786919205 0.487 -0.4348718249859977 0.005484860486747362 0.07645841602719433 1.001094227673347
2 0.003786919205 0.488 -0.4352185737925322 0.005480153515225817 0.07647132690072538 1.00108348697884
2 0.003786919205 0.489 -0.4355649971886995 0.005474569930894246 0.07648489369707147 1.001072852190273
2 0.003786919205 0.49 -0.4359110397046024 0.005468109102463996 0.07649910659761543 1.001062322347968
2 0.003786919205 0.491 -0.4362566458516106 0.005460770409835677 0.07651395578082544 1.001051896495889
2 0.003786919205 0.492 -0.4366017600778486 0.005452553273064101 0.07652943141514672 1.001041573690805
2 0.003786919205 0.493 -0.4369463268145926 0.005443457123600261 0.07654552366630153 1.001031352993048
2 0.003786919205 0.494 -0.4372902904510023 0.005433481422125358 0.07656222269314483 1.001021233472015
2 0.003786919205 0.495 -0.4376335953366454 0.0054226256588338 0.07657951864791329 1.00101121420607
2 0.003786919205 0.496 -0.4379761858059574 0.005410889335508659 0.07659740168029006 1.001001294277069
2 0.003786919205 0.497 -0.4383180061430522 0.00539827199553617 0.076615861931211 1.000991472779157
2 0.003786919205 0.498 -0.4386590006188641 0.005384773194114413 0.07663488953924563 1.000981748809901
2 0.003786919205 0.499 -0.4389991134716223 0.005370392516741706 0.0766544746370052 1.000972121475571
2 0.003786919205 0.5 -0.4393382889094665 0.005355129579520792 0.07667460735138648 1.000962589891045
2 0.003786919205 0.501 -0.439676471129136 0.005338984010573149 0.07669527780708553 1.00095315317456
2 0.003786919205 0.502 -0.4400136042904487 0.005321955481180831 0.07671647612129931 1.000943810456153
2 0.003786919205 0.503 -0.4403496325438474 0.005304043674883728 0.07673819240920748 1.000934560869155
2 0.003786919205 0.504 -0.4406845000168308 0.005285248306669319 0.07676041678092257 1.000925403555253
2 0.003786919205 0.505 -0.4410181508166692 0.005265569123297539 0.0767831393417294 1.000916337664415
2 0.003786919205 0.506 -0.441350529043105 0.005245005884007121 0.07680635019505848 1.000907362349834
2 0.003786919205 0.507 -0.4416815787728675 0.00522355839286065 0.07683003943806821 1.000898476776052
2 0.003786919205 0.508 -0.4420112440772627 0.005201226466654114 0.07685419716624349 1.000889680110774
2 0.003786919205 0.509 -0.4423394690147874 0.005178009954853768 0.07687881347087959 1.000880971529748
2 0.003786919205 0.51 -0.4426661976339522 0.005153908739941065 0.07690387843931885 1.000872350216685
2 0.003786919205 0.511 -0.4429913739797627 0.005128922717365481 0.07692938215739115 1.000863815358398
2 0.003786919205 0.512 -0.4433149420886627 0.005103051829166376 0.07695531470586693 1.000855366152624
2 0.003786919205 0.513 -0.4436368459957777 0.005076296030620724 0.07698166616418341 1.000847001800144
2 0.003786919205 0.514 -0.4439570297339587 0.005048655310971386 0.07700842660845725 1.000838721509479
2 0.003786919205 0.515 -0.4442754373367169 0.005020129693791385 0.07703558611171984 1.00083052449682
2 0.003786919205 0.516 -0.4445920128382403 0.004990719216139157 0.0770631347458294 1.000822409981342
2 0.003786919205 0.517 -0.4449067002791802 0.004960423963528105 0.0770910625787902 1.000814377192741
2 0.003786919205 0.518 -0.4452194437031393 0.004929244035241037 0.07711935967761196 1.000806425363645
2 0.003786919205 0.519 -0.4455301871624013 0.004897179565892393 0.07714801610684968 1.000798553734139
2 0.003786919205 0.52 -0.4458388747209825 0.004864230725811053 0.07717702192883888 1.000790761551695
2 0.003786919205 0.521 -0.4461454504479265 0.004830397699355679 0.07720636720508059 1.000783048066663
2 0.003786919205 0.522 -0.4464498584343702 0.004795680721299782 0.07723604199442743 1.000775412539533
2 0.003786919205 0.523 -0.446752042778844 0.004760080040744379 0.07726603635507685 1.000767854233616
2 0.003786919205 0.524 -0.4470519475999563 0.00472359594355477 0.07729634034363918 1.000760372419416
2 0.003786919205 0.525 -0.4473495170395704 0.004686228752760907 0.07732694401537463 1.000752966374555
2 0.003786919205 0.526 -0.4476446952491024 0.00464797880599258 0.07735783742504919 1.000745635379432
2 0.003786919205 0.527 -0.4479374264183264 0.004608846493344191 0.07738901062599345 1.00073837872422
2 0.003786919205 0.528 -0.448227654749032 0.004568832219820666 0.0774204536712248 1.000731195701819
2 0.003786919205 0.529 -0.4485153244749481 0.004527936428687088 0.07745215661304868 1.00072408561206
2 0.003786919205 0.53 -0.4488003798650478 0.004486159601885572 0.0774841095032985 1.000717047761643
2 0.003786919205 0.531 -0.449082765202568 0.004443502236552294 0.07751630239365739 1.000710081459946
2 0.003786919205 0.532 -0.4493624248260291 0.004399964884422238 0.07754872533560135 1.000703186025778
2 0.003786919205 0.533 -0.4496393030907778 0.004355548112747232 0.0775813683806398 1.000696360780575
2 0.003786919205 0.534 -0.4499133443964428 0.004310252528594289 0.07761422158045836 1.000689605052465
2 0.003786919205 0.535 -0.4501844931903755 0.004264078779277784 0.07764727498716302 1.000682918176204
2 0.003786919205 0.536 -0.4504526939390918 0.004217027527922897 0.07768051865305935 1.00067629948913
2 0.003786919205 0.537 -0.4507178911820053 0.004169099494466161 0.07771394263149665 1.000669748337685
2 0.003786919205 0.538 -0.4509800294803613 0.004120295414988859 0.07774753697621152 1.000663264070847
2 0.003786919205 0.539 -0.4512390534525308 0.004070616066997108 0.07778129174202307 1.000656846044055
2 0.003786919205 0.54 -0.4514949077775904 0.00402006226986808 0.07781519698508325 1.000650493619142
2 0.003786919205 0.541 -0.4517475371588813 0.003968634859427178 0.0778492427621013 1.000644206160439
2 0.003786919205 0.542 -0.4519968863909667 0.003916334730595457 0.07788341913211165 1.000637983041065
2 0.003786919205 0.543 -0.4522429002954495 0.003863162795086279 0.07791771615489901 1.000631823636586
2 0.003786919205 0.544 -0.4524855237644185 0.003809120007697258 0.07795212389226086 1.000625727328806
2 0.003786919205 0.545 -0.4527247017641723 0.003754207366769082 0.07798663240826532 1.000619693505709
2 0.003786919205 0.546 -0.4529603792905788 0.003698425887746826 0.07802123176790583 1.000613721557686
2 0.003786919205 0.547 -0.4531925014497854 0.003641776647520113 0.07805591203982062 1.000607810883615
2 0.003786919205 0.548 -0.4534210133803938 0.003584260740436059 0.07809066329377233 1.000601960884742
2 0.003786919205 0.549 -0.453645860305385 0.003525879305629919 0.07812547560249627 1.000596170968333
2 0.003786919205 0.55 -0.4538669875359886 0.00346663352749503 0.07816033904196701 1.000590440547624
2 0.003786919205 0.551 -0.4540843404185191 0.00340652460820188 0.07819524368946475 1.000584769038177
2 0.003786919205 0.552 -0.4542978644293797 0.003345553813771363 0.07823017962727986 1.000579155863752
2 0.003786919205 0.553 -0.4545075050830555 0.003283722428362498 0.07826513693921484 1.000573600450395
2 0.003786919205 0.554 -0.4547132079928489 0.003221031782665191 0.07830010571303944 1.000568102229969
2 0.003786919205 0.555 -0.4549149188748992 0.003157483254379726 0.07833507604076774 1.000562660640103
2 0.003786919205 0.556 -0.4551125834861599 0.003093078239670671 0.07837003801611414 1.000557275120673
2 0.003786919205 0.5570000000000001 -0.4553061477342519 0.003027818201007733 0.07840498173922203 1.000551945119474
2 0.003786919205 0.5580000000000001 -0.4554955575707231 0.002961704619692512 0.07843989731214983 1.000546670086511
2 0.003786919205 0.5590000000000001 -0.4556807590609329 0.00289473902533318 0.07847477484195835 1.000541449477406
2 0.003786919205 0.5600000000000001 -0.4558616983882249 0.002826922996331879 0.07850960444099926 1.000536282753353
2 0.003786919205 0.5610000000000001 -0.4560383217827062 0.002758258130254157 0.07854437622373593 1.000531169377717
2 0.003786919205 0.5620000000000001 -0.4562105756465122 0.002688746093465829 0.07857908031253984 1.000526108821514
2 0.003786919205 0.5630000000000001 -0.4563784064317717 0.00261838857186908 0.07861370683211838 1.000521100557891
2 0.003786919205 0.5640000000000001 -0.4565417607199854 0.002547187301475095 0.07864824591326154 1.000516144065427
2 0.003786919205 0.5650000000000001 -0.4567005852263532 0.00247514406889762 0.07868268769314381 1.000511238828081
2 0.003786919205 0.5660000000000001 -0.4568548267190107 0.002402260680622477 0.07871702231148103 1.000506384331908
2 0.003786919205 0.5670000000000001 -0.457004432160277 0.0023285390144624 0.0787512399174442 1.000501580070356
2 0.003786919205 0.5680000000000001 -0.4571493485687551 0.002253980968479171 0.07878533066298059 1.000496825538932
2 0.003786919205 0.5690000000000001 -0.4572895231085532 0.002178588492666289 0.07881928470725071 1.000492120238389
2 0.003786919205 0.5700000000000001 -0.4574249030937697 0.002102363589446888 0.07885309221694511 1.000487463674677
2 0.003786919205 0.5710000000000001 -0.4575554358978354 0.00202530828183183 0.07888674336174585 1.000482855355773
2 0.003786919205 0.5720000000000001 -0.4576810691113228 0.001947424666707888 0.07892022832241166 1.000478294796792
2 0.003786919205 0.5730000000000001 -0.457801750387605 0.001868714861929154 0.0789535372829394 1.00047378151484
2 0.003786919205 0.5740000000000001 -0.4579174275422729 0.001789181039117764 0.07898666043572532 1.00046931503209
2 0.003786919205 0.5750000000000001 -0.4580280485577775 0.001708825424164341 0.07901958798189762 1.000464894875734
2 0.003786919205 0.5760000000000001 -0.4581335614825264 0.001627650264267228 0.07905231012604866 1.00046052057492
2 0.003786919205 0.577 -0.4582339146058358 0.001545657883062589 0.0790848170855501 1.000456191665693
2 0.003786919205 0.578 -0.4583290562865662 0.001462850625875077 0.07911709908149685 1.000451907686019
2 0.003786919205 0.579 -0.458418935063091 0.001379230893640506 0.07914914634462933 1.000447668178758
2 0.003786919205 0.58 -0.4585034996580958 0.001294801143406898 0.07918094911568303 1.000443472691616
2 0.003786919205 0.581 -0.4585826988670752 0.001209563854251623 0.07921249763935433 1.000439320774188
2 0.003786919205 0.582 -0.4586564817510098 0.001123521584255006 0.07924378217490896 1.000435211982729
2 0.003786919205 0.583 -0.4587247974473971 0.001036676913907271 0.07927479298584592 1.000431145875349
2 0.003786919205 0.584 -0.4587875952911245 0.0009490324811526401 0.07930552034662018 1.000427122014881
2 0.003786919205 0.585 -0.4588448248194276 0.0008605909818891234 0.07933595454301054 1.000423139968838
2 0.003786919205 0.586 -0.4588964356494312 0.0007713551347645844 0.07936608586527906 1.000419199306559
2 0.003786919205 0.587 -0.4589423776891333 0.0006813277399883914 0.0793959046201403 1.000415299603807
2 0.003786919205 0.588 -0.4589826009302501 0.0005905116208986019 0.07942540111907899 1.000411440438139
2 0.003786919205 0.589 -0.4590170555803463 0.0004989096601227865 0.07945456568591457 1.00040762139167
2 0.003786919205 0.59 -0.4590456920679511 0.0004065248000745894 0.07948338865718838 1.000403842051032
2 0.003786919205 0.591 -0.4590684609087911 0.0003133600066340976 0.079511860374475 1.000400102004617
2 0.003786919205 0.592 -0.4590853129356602 0.0002194183297848774 0.07953997119778321 1.00039640084702
2 0.003786919205 0.593 -0.4590961990724977 0.0001247028433525711 0.07956771149245673 1.000392738174564
2 0.003786919205 0.594 -0.4591010704781283 2.921668227331455e-05 0.07959507163762516 1.00038911358797
2 0.003786919205 0.595 -0.4590998785515355 -6.703695691490367e-05 0.07962204202661127 1.000385526692318
2 0.003786919205 0.596 -0.4590925747864328 -0.0001640548534978015 0.0796486130583496 1.000381977094387
2 0.003786919205 0.597 -0.4590791110205962 -0.000261833700142275 0.07967477515229422 1.000378464406937
2 0.003786919205 0.598 -0.4590594391905972 -0.0003603701649679959 0.07970051873382851 1.000374988244396
2 0.003786919205 0.599 -0.4590335114875035 -0.0004596608531849464 0.07972583424364836 1.000371548225435
2 0.003786919205 0.6 -0.4590012803623061 -0.0005597023066092346 0.0797507121381906 1.000368143972927
2 0.003786919205 0.601 -0.4589626983684814 -0.0006604910421804062 0.07977514288011257 1.000364775111384
2 0.003786919205 0.602 -0.4589177184313531 -0.000762023487740581 0.07979911695478442 1.000361441271085
2 0.003786919205 0.603 -0.4588662935829129 -0.0008642960458905898 0.07982262485413058 1.000358142083918
2 0.003786919205 0.604 -0.4588083771298236 -0.0009673050545514312 0.0798456570869934 1.00035487718586
2 0.003786919205 0.605 -0.4587439226589966 -0.001071046786489239 0.07986820417958347 1.000351646216941
2 0.003786919205 0.606 -0.4586728838678055 -0.001175517488905742 0.07989025666497174 1.000348448818767
2 0.003786919205 0.607 -0.4585952148540314 -0.001280713317473495 0.07991180510124725 1.000345284638507
2 0.003786919205 0.608 -0.4585108698302141 -0.001386630401943624 0.07993284005371001 1.000342153324876
2 0.003786919205 0.609 -0.4584198033042923 -0.001493264805653604 0.07995335210626486 1.000339054530534
2 0.003786919205 0.61 -0.4583219700853313 -0.001600612525063343 0.07997333186189416 1.00033598791204
2 0.003786919205 0.611 -0.4582173251010494 -0.001708669530395771 0.07999276993111273 1.000332953127478
2 0.003786919205 0.612 -0.4581058237088935 -0.001817431697969835 0.08001165695187407 1.000329949840286
2 0.003786919205 0.613 -0.4579874213893715 -0.001926894877519682 0.08002998357003213 1.000326977715394
2 0.003786919205 0.614 -0.4578620739396609 -0.002037054850675541 0.08004774045181619 1.000324036421528
2 0.003786919205 0.615 -0.4577297374794806 -0.002147907330512893 0.0800649182843266 1.000321125631173
2 0.003786919205 0.616 -0.4575903682556033 -0.002259448003215763 0.08008150776290135 1.000318245018281
2 0.003786919205 0.617 -0.4574439229745921 -0.002371672458756354 0.08009749961285588 1.000315394261958
2 0.003786919205 0.618 -0.4572903584745807 -0.002484576259878271 0.08011288456812898 1.000312573042746
2 0.003786919205 0.619 -0.4571296319321689 -0.002598154899581687 0.08012765338489083 1.000309781044844
2 0.003786919205 0.62 -0.4569617008684355 -0.002712403800687525 0.08014179684206232 1.000307017956066
2 0.003786919205 0.621 -0.4567865229401174 -0.002827318358491674 0.08015530572754083 1.000304283465638
2 0.003786919205 0.622 -0.4566040562945223 -0.002942893869847272 0.08016817086186039 1.000301577267747
2 0.003786919205 0.623 -0.4564142592192367 -0.003059125603757426 0.08018038307493527 1.000298899057961
2 0.003786919205 0.624 -0.4562170903626209 -0.003176008757900148 0.08019193322085426 1.000296248535367
2 0.003786919205 0.625 -0.4560125087399551 -0.003293538458209488 0.0802028121784238 1.000293625402527
2 0.003786919205 0.626 -0.4558004735109792 -0.003411709802484544 0.08021301083619994 1.000291029363364
2 0.003786919205 0.627 -0.4555809443574754 -0.003530517787937466 0.08022252011815667 1.000288460126571
2 0.003786919205 0.628 -0.4553538811104072 -0.003649957383334053 0.0802313309584394 1.000285917402169
2 0.003786919205 0.629 -0.4551192439843078 -0.003770023484598236 0.08023943431739931 1.00028340090356
2 0.003786919205 0.63 -0.4548769935835569 -0.003890710914412033 0.08024682118216042 1.000280910347493
2 0.003786919205 0.631 -0.4546270906659839 -0.004012014466739005 0.08025348255040396 1.000278445452019
2 0.003786919205 0.632 -0.4543694965435953 -0.004133928832907963 0.08025940945813335 1.000276005939776
2 0.003786919205 0.633 -0.4541041726866647 -0.004256448675232882 0.08026459295234956 1.000273591534679
2 0.003786919205 0.634 -0.4538310809723012 -0.004379568581740888 0.08026902410837881 1.000271201963891
2 0.003786919205 0.635 -0.4535501836908481 -0.004503283065792897 0.08027269403046414 1.000268836957789
2 0.003786919205 0.636 -0.4532614432952689 -0.004627586611476952 0.08027559383424815 1.000266496248005
2 0.003786919205 0.637 -0.4529648228254695 -0.004752473598304463 0.08027771467672318 1.000264179570573
2 0.003786919205 0.638 -0.4526602854888852 -0.004877938376234008 0.08027904772673987 1.000261886662755
2 0.003786919205 0.639 -0.4523477949234952 -0.005003975219570917 0.08027958418368249 1.000259617264933
2 0.003786919205 0.64 -0.4520273152043403 -0.005130578326610427 0.08027931527808443 1.000257371120574
2 0.003786919205 0.641 -0.4516988105784211 -0.005257741865852212 0.08027823225275574 1.000255147974348
2 0.003786919205 0.642 -0.4513622459130432 -0.005385459899392672 0.08027632639500687 1.000252947575153
2 0.003786919205 0.643 -0.4510175862524672 -0.005513726459270478 0.08027358900490178 1.000250769673067
2 0.003786919205 0.644 -0.4506647970956267 -0.005642535500589891 0.08027001141533467 1.000248614021158
2 0.003786919205 0.645 -0.4503038444027541 -0.005771880901188218 0.08026558499266932 1.000246480375457
2 0.003786919205 0.646 -0.4499346943155421 -0.00590175650861882 0.08026030111645761 1.000244368493148
2 0.003786919205 0.647 -0.4495573136299087 -0.006032156062329517 0.08025415121402454 1.000242278135474
2 0.003786919205 0.648 -0.449171669328307 -0.006163073271241147 0.08024712672637807 1.000240209064804
2 0.003786919205 0.649 -0.4487777288723827 -0.006294501766150722 0.08023921912974037 1.000238161046379
2 0.003786919205 0.65 -0.4483754602097003 -0.006426435099424916 0.08023041993621059 1.00023613384828
2 0.003786919205 0.651 -0.4479648314789342 -0.006558866792694908 0.0802207206720215 1.000234127239695
2 0.003786919205 0.652 -0.4475458115074213 -0.006691790257917343 0.08021011291457207 1.000232140993699
2 0.003786919205 0.653 -0.4471183693187565 -0.006825198876090772 0.08019858825590731 1.00023017488445
2 0.003786919205 0.654 -0.4466824744406074 -0.006959085948998584 0.08018613832575645 1.000228228688858
2 0.003786919205 0.655 -0.4462380969115334 -0.007093444698930229 0.08017275479221857 1.000226302186554
2 0.003786919205 0.656 -0.4457852069709888 -0.007228268317027402 0.08015842933850523 1.000224395158228
2 0.003786919205 0.657 -0.4453237755820028 -0.007363549883330227 0.08014315370250523 1.000222507388296
2 0.003786919205 0.658 -0.4448537739137147 -0.007499282446530176 0.08012691963774966 1.000220638662212
2 0.003786919205 0.659 -0.4443751736645457 -0.007635458975116491 0.08010971893800764 1.000218788768063
2 0.003786919205 0.66 -0.4438879470691011 -0.007772072357126771 0.08009154343799466 1.000216957496543
2 0.003786919205 0.661 -0.443392066572791 -0.007909115449080285 0.08007238498855003 1.000215144639361
2 0.003786919205 0.662 -0.442887505379939 -0.008046580995118078 0.08005223549881632 1.000213349991792
2 0.003786919205 0.663 -0.4423742369109492 -0.008184461707684913 0.0800310868946066 1.000211573350103
2 0.003786919205 0.664 -0.4418522351410107 -0.008322750218146494 0.08000893114460755 1.000209814513084
2 0.003786919205 0.665 -0.4413214746070745 -0.008461439076571041 0.07998576026110954 1.000208073282018
2 0.003786919205 0.666 -0.4407819300669166 -0.008600520801181875 0.0799615662735698 1.00020634945916
2 0.003786919205 0.667 -0.4402335770729446 -0.00873998779670601 0.07993634127348585 1.000204642850175
2 0.003786919205 0.668 -0.4396763914037184 -0.008879832435871727 0.07991007737008483 1.000202953261679
2 0.003786919205 0.669 -0.4391103494183463 -0.009020047009567517 0.07988276671818198 1.000201280502701
2 0.003786919205 0.67 -0.4385354280635253 -0.009160623726656152 0.07985440151893131 1.000199624384652
2 0.003786919205 0.671 -0.4379516045168929 -0.00930155476387518 0.07982497399172701 1.000197984719872
2 0.003786919205 0.672 -0.4373588567867639 -0.009442832183514259 0.07979447642184732 1.000196361323965
2 0.003786919205 0.673 -0.4367571631177664 -0.009584448015609278 0.07976290111338881 1.000194754013441
2 0.003786919205 0.674 -0.4361465023610606 -0.00972639420771728 0.07973024041882588 1.000193162607116
2 0.003786919205 0.675 -0.4355268539814334 -0.00986866262476456 0.07969648673978115 1.000191586926083
2 0.003786919205 0.676 -0.4348981976848091 -0.01001124509932028 0.07966163249721972 1.000190026792325
2 0.003786919205 0.677 -0.4342605140441086 -0.01015413334872829 0.07962567018193571 1.000188482030938
2 0.003786919205 0.678 -0.4336137838787993 -0.01029731905787315 0.07958859230465859 1.000186952467889
2 0.003786919205 0.679 -0.4329579886410471 -0.01044079382864867 0.07955039142735652 1.000185437931343
2 0.003786919205 0.68 -0.4322931104228538 -0.01058454917984144 0.07951106016402575 1.000183938251643
2 0.003786919205 0.681 -0.4316191315676208 -0.01072857659769953 0.07947059114913442 1.000182453259978
2 0.003786919205 0.6820000000000001 -0.4309360353222825 -0.01087286745264979 0.07942897709102029 1.000180982790515
2 0.003786919205 0.6830000000000001 -0.43024380519061 -0.01101741308250588 0.07938621071909957 1.000179526678245
2 0.003786919205 0.6840000000000001 -0.4295424253353806 -0.01116220474171116 0.07934228481695524 1.000178084760262
2 0.003786919205 0.6850000000000001 -0.4288318805855462 -0.01130723360125901 0.07929719222314349 1.000176656875736
2 0.003786919205 0.6860000000000001 -0.4281121560317692 -0.01145249079947549 0.07925092579784759 1.000175242864648
2 0.003786919205 0.6870000000000001 -0.4273832377049411 -0.01159796735845811 0.07920347847924944 1.000173842569814
2 0.003786919205 0.6880000000000001 -0.4266451119031197 -0.01174365426759093 0.07915484322777722 1.00017245583484
2 0.003786919205 0.6890000000000001 -0.4258977656097757 -0.01188954243264547 0.07910501306101554 1.000171082505338
2 0.003786919205 0.6900000000000001 -0.4251411865009793 -0.0120356226757393 0.07905398105452804 1.0001697224289
2 0.003786919205 0.6910000000000001 -0.4243753625248549 -0.01218188578624829 0.0790017403066838 1.000168375453886
2 0.003786919205 0.6920000000000001 -0.4236002826065488 -0.01232832243710794 0.07894828399806107 1.000167041431367
2 0.003786919205 0.6930000000000001 -0.4228159359487279 -0.01247492326849542 0.07889360533267423 1.000165720213163
2 0.003786919205 0.6940000000000001 -0.422022312465932 -0.01262167883687541 0.07883769757474032 1.000164411653004
2 0.003786919205 0.6950000000000001 -0.421219402791767 -0.01276857961499812 0.0787805540495157 1.000163115606509
2 0.003786919205 0.6960000000000001 -0.4204071978422517 -0.01291561604285403 0.07872216810626197 1.000161831930031
2 0.003786919205 0.6970000000000001 -0.4195856895472556 -0.01306277844398339 0.07866253318073325 1.000160560482502
2 0.003786919205 0.6980000000000001 -0.418754870124527 -0.01321005710918056 0.07860164273332983 1.000159301123568
2 0.003786919205 0.6990000000000001 -0.4179147325301559 -0.01335744224557422 0.07853949028775085 1.000158053714698
2 0.003786919205 0.7000000000000001 -0.4170652704657616 -0.01350492397666618 0.07847606943184381 1.000156818119156
2 0.003786919205 0.7010000000000001 -0.416206477925731 -0.01365249239323854 0.07841137377867972 1.000155594200906
2 0.003786919205 0.7020000000000001 -0.4153383499551004 -0.01380013746982156 0.07834539703216981 1.000154381826367
2 0.003786919205 0.7030000000000001 -0.4144608818971309 -0.01394784914827102 0.07827813292209855 1.000153180862641
2 0.003786919205 0.704 -0.4135740698598548 -0.01409561728697513 0.07820957524468938 1.00015199117856
2 0.003786919205 0.705 -0.4126779107232456 -0.01424343166093517 0.07813971786346449 1.000150812644668
2 0.003786919205 0.706 -0.4117724016703763 -0.01439128201253254 0.07806855466840421 1.000149645132175
2 0.003786919205 0.707 -0.4108575409716728 -0.01453915796830937 0.07799607964473085 1.000148488514624
2 0.003786919205 0.708 -0.4099333272060982 -0.01468704912226533 0.07792228680478183 1.00014734266621
2 0.003786919205 0.709 -0.4089997597437306 -0.01483494498528611 0.07784717023050987 1.000146207462774
2 0.003786919205 0.71 -0.4080568387528995 -0.01498283498526685 0.0777707240743513 1.000145082781784
2 0.003786919205 0.711 -0.4071045647153257 -0.01513070851764417 0.07769294251644816 1.00014396850134
2 0.003786919205 0.712 -0.4061429392366202 -0.01527855486264765 0.07761381983663032 1.000142864501765
2 0.003786919205 0.713 -0.405171964241193 -0.01542636326815878 0.07753335034309593 1.000141770663997
2 0.003786919205 0.714 -0.404191642470775 -0.01557412289945797 0.07745152841686341 1.00014068687054
2 0.003786919205 0.715 -0.4032019774915092 -0.01572182283939195 0.07736834851264614 1.000139613005447
2 0.003786919205 0.716 -0.4022029731931598 -0.01586945213857318 0.07728380511412078 1.000138548953368
2 0.003786919205 0.717 -0.4011946346256835 -0.01601699973326448 0.07719789280913002 1.000137494601066
2 0.003786919205 0.718 -0.4001769671680265 -0.01616445452763864 0.07711060621514647 1.00013644983589
2 0.003786919205 0.719 -0.399149977042474 -0.0163118053439434 0.07702194002568818 1.000135414546676
2 0.003786919205 0.72 -0.398113671321681 -0.01645904092271387 0.07693188901119727 1.00013438862373
2 0.003786919205 0.721 -0.397068057412074 -0.01660614997253947 0.07684044797234345 1.000133371957927
2 0.003786919205 0.722 -0.396013143916266 -0.01675312108874759 0.0767476118184611 1.000132364442148
2 0.003786919205 0.723 -0.3949489397759581 -0.01689994283489868 0.0766533754897808 1.000131365969828
2 0.003786919205 0.724 -0.3938754548019687 -0.01704660369347091 0.07655773400581499 1.000130376435817
2 0.003786919205 0.725 -0.3927926996811899 -0.01719309206611849 0.07646068246623831 1.000129395736358
2 0.003786919205 0.726 -0.3917006854443327 -0.01733939632290423 0.07636221600222018 1.000128423768235
2 0.003786919205 0.727 -0.3905994243539085 -0.0174855047219514 0.07626232985810059 1.000127460430136
2 0.003786919205 0.728 -0.3894889290215028 -0.01763140549000582 0.07616101931038328 1.000126505621274
2 0.003786919205 0.729 -0.3883692129533032 -0.01777708677374385 0.07605827971809205 1.000125559242206
2 0.003786919205 0.73 -0.3872402905569663 -0.01792253664007737 0.07595410652364973 1.000124621194807
2 0.003786919205 0.731 -0.3861021765938934 -0.01806774312474816 0.07584849520224059 1.000123691381469
2 0.003786919205 0.732 -0.384954887092444 -0.01821269415312027 0.07574144134671894 1.000122769706388
2 0.003786919205 0.733 -0.3837984384399034 -0.01835737761963742 0.07563294058336724 1.000121856074258
2 0.003786919205 0.734 -0.3826328479432962 -0.01850178133985977 0.07552298862421788 1.000120950391046
2 0.003786919205 0.735 -0.3814581338361496 -0.01864589305081636 0.07541158126792788 1.000120052563972
2 0.003786919205 0.736 -0.3802743147155168 -0.01878970045885568 0.07529871434717737 1.000119162500744
2 0.003786919205 0.737 -0.3790814104800346 -0.01893319116175363 0.07518438381679474 1.000118280110777
2 0.003786919205 0.738 -0.3778794413969619 -0.0190763527268917 0.07506858566629392 1.000117405303964
2 0.003786919205 0.739 -0.376668428678032 -0.01921917264412964 0.07495131597414917 1.000116537991399
2 0.003786919205 0.74 -0.375448394486096 -0.01936163832620625 0.07483257090866269 1.000115678085367
2 0.003786919205 0.741 -0.3742193613571461 -0.0195037371557385 0.07471234667341234 1.000114825498611
2 0.003786919205 0.742 -0.3729813531627745 -0.01964545640882314 0.07459063959856538 1.000113980145498
2 0.003786919205 0.743 -0.3717343941527144 -0.01978678333175824 0.07446744605022051 1.000113141940839
2 0.003786919205 0.744 -0.3704785095454488 -0.01992770509486059 0.07434276248661642 1.000112310800591
2 0.003786919205 0.745 -0.3692137255347201 -0.02006820879291546 0.07421658545898881 1.00011148664183
2 0.003786919205 0.746 -0.3679400686968399 -0.0202082814912153 0.07408891155508784 1.000110669382074
2 0.003786919205 0.747 -0.3666575669770462 -0.0203479101508354 0.07395973749364074 1.000109858940371
2 0.003786919205 0.748 -0.365366248708038 -0.02048708170371887 0.07382906003053559 1.000109055236197
2 0.003786919205 0.749 -0.3640661432150244 -0.020625783007549 0.07369687601693709 1.000108258190106
2 0.003786919205 0.75 -0.3627572808220835 -0.02076400084624873 0.0735631824001297 1.000107467723715
2 0.003786919205 0.751 -0.3614396922450802 -0.02090172197494827 0.07342797616513237 1.000106683759057
2 0.003786919205 0.752 -0.3601134096013645 -0.02103893304711772 0.07329125443225747 1.000105906219614
2 0.003786919205 0.753 -0.3587784654048458 -0.021175620687833 0.07315301436018644 1.000105135029272
2 0.003786919205 0.754 -0.3574348931851291 -0.02131177144981506 0.07301325320595793 1.000104370112938
2 0.003786919205 0.755 -0.35608272749371 -0.02144737181397934 0.0728719683257934 1.000103611396524
2 0.003786919205 0.756 -0.3547220032828557 -0.02158240823322077 0.07272915711484502 1.000102858806334
2 0.003786919205 0.757 -0.3533527569380281 -0.02171686706158788 0.07258481710778486 1.000102112270046
2 0.003786919205 0.758 -0.3519750252501011 -0.02185073462554551 0.07243894587883559 1.000101371715715
2 0.003786919205 0.759 -0.3505888460481997 -0.02198399718129351 0.07229154110358797 1.000100637072363
2 0.003786919205 0.76 -0.3491942582057126 -0.02211664091536688 0.07214260055980504 1.000099908269964
2 0.003786919205 0.761 -0.3477913010055292 -0.02224865198712507 0.07199212206534751 1.000099185238863
2 0.003786919205 0.762 -0.3463800151945127 -0.02238001646015413 0.07184010358171287 1.000098467910699
2 0.003786919205 0.763 -0.3449604419335233 -0.02251072037134004 0.07168654311109822 1.000097756217472
2 0.003786919205 0.764 -0.3435326234435369 -0.02264074968958078 0.07153143875999551 1.000097050092094
2 0.003786919205 0.765 -0.3420966030114597 -0.02277009031643759 0.07137478873997032 1.000096349468377
2 0.003786919205 0.766 -0.3406524243421493 -0.02289872812721453 0.07121659130381756 1.000095654280482
2 0.003786919205 0.767 -0.3392001326342032 -0.02302664890477684 0.07105684485195526 1.000094964463793
2 0.003786919205 0.768 -0.3377397735085089 -0.02315383840624703 0.07089554782661191 1.000094279954037
2 0.003786919205 0.769 -0.3362713936671853 -0.02328028232322522 0.07073269877713795 1.000093600687801
2 0.003786919205 0.77 -0.3347950408991823 -0.02340596628249181 0.07056829636075493 1.00009292660252
2 0.003786919205 0.771 -0.333310763419549 -0.02353087588556238 0.07040233927700427 1.00009225763596
2 0.003786919205 0.772 -0.3318186109657444 -0.02365499664511185 0.07023482637688412 1.000091593727045
2 0.003786919205 0.773 -0.3303186337054972 -0.0237783140491041 0.07006575655426919 1.000090934815018
2 0.003786919205 0.774 -0.3288108829080723 -0.02390081352263602 0.06989512881286775 1.000090280839934
2 0.003786919205 0.775 -0.3272954109496403 -0.02402248042869215 0.06972294226693619 1.000089631742653
2 0.003786919205 0.776 -0.3257722706402942 -0.02414330010605901 0.06954919607409363 1.000088987464343
2 0.003786919205 0.777 -0.3242415163400262 -0.02426325780854603 0.06937388954707345 1.000088347947268
2 0.003786919205 0.778 -0.3227032028467406 -0.02438233876635783 0.06919702204250047 1.000087713133988
2 0.003786919205 0.779 -0.321157386079312 -0.02450052814967871 0.06901859302941166 1.000087082967836
2 0.003786919205 0.78 -0.3196041230827099 -0.02461781106947926 0.06883860208993153 1.0000864573929
2 0.003786919205 0.781 -0.3180434713432992 -0.02473417261367382 0.06865704885053556 1.00008583635356
2 0.003786919205 0.782 -0.316475489923571 -0.02484959778932988 0.06847393309627024 1.000085219795228
2 0.003786919205 0.783 -0.3149002383312067 -0.02496407158109162 0.06828925465703004 1.000084607663599
2 0.003786919205 0.784 -0.3133177772133641 -0.0250775789166215 0.06810301347754917 1.000083999905092
2 0.003786919205 0.785 -0.3117281683615366 -0.02519010466745927 0.06791520961803273 1.000083396466843
2 0.003786919205 0.786 -0.3101314740157137 -0.02530163368330551 0.06772584318396306 1.00008279729626
2 0.003786919205 0.787 -0.3085277580168885 -0.02541215073741214 0.06753491444262349 1.000082202341724
2 0.003786919205 0.788 -0.3069170846581393 -0.02552164058186467 0.06734242370703608 1.000081611551886
2 0.003786919205 0.789 -0.3052995193895335 -0.02563008791499847 0.06714837140731998 1.000081024876079
2 0.003786919205 0.79 -0.3036751288227075 -0.02573747738231019 0.06695275809127289 1.000080442264305
2 0.003786919205 0.791 -0.3020439800244979 -0.02584379360875002 0.06675558435282682 1.000079863666833
2 0.003786919205 0.792 -0.3004061416861891 -0.02594902114748662 0.06655685095069 1.000079289034841
2 0.003786919205 0.793 -0.2987616829576352 -0.02605314453185492 0.06635655869012647 1.000078718319766
2 0.003786919205 0.794 -0.2971106741621404 -0.02615614824486473 0.06615470849556432 1.000078151473682
2 0.003786919205 0.795 -0.2954531868007424 -0.02625801672016497 0.06595130141112177 1.000077588449303
2 0.003786919205 0.796 -0.2937892928359617 -0.02635873437222654 0.06574633852783064 1.000077029199584
2 0.003786919205 0.797 -0.2921190658766927 -0.02645828554867576 0.06553982110419067 1.000076473678345
2 0.003786919205 0.798 -0.2904425799964506 -0.02655665457871383 0.06533175044599233 1.000075921839643
2 0.003786919205 0.799 -0.2887599104575481 -0.02665382574483597 0.06512212798004524 1.000075373638141
2 0.003786919205 0.8 -0.2870711337150647 -0.02674978328384853 0.0649109552546428 1.0000748290291
2 0.003786919205 0.801 -0.2853763266914014 -0.02684451141482427 0.06469823386568527 1.000074287968012
2 0.003786919205 0.802 -0.2836755679756547 -0.02693799429519888 0.06448396557891772 1.00007375041118
2 0.003786919205 0.803 -0.2819689366271358 -0.02703021606546752 0.06426815220802014 1.000073216315134
2 0.003786919205 0.804 -0.2802565129081253 -0.02712116082323313 0.06405079568931221 1.000072685636971
2 0.003786919205 0.805 -0.2785383782875124 -0.02721081262427641 0.06383189808215009 1.000072158334354
2 0.003786919205 0.806 -0.2768146147068773 -0.02729915550816516 0.06361146149409484 1.000071634365161
2 0.003786919205 0.8070000000000001 -0.2750853057931277 -0.0273861734583085 0.06338948820458191 1.000071113688035
2 0.003786919205 0.8080000000000001 -0.2733505356484988 -0.02747185044273598 0.06316598054152575 1.000070596261832
2 0.003786919205 0.8090000000000001 -0.2716103895911295 -0.02755617039059356 0.06294094095684238 1.000070082045945
2 0.003786919205 0.8100000000000001 -0.2698649541583564 -0.02763911719326662 0.06271437202677184 1.000069571000294
2 0.003786919205 0.8110000000000001 -0.2681143163650829 -0.02772067472752463 0.06248627637625229 1.000069063085005
2 0.003786919205 0.8120000000000001 -0.2663585649283973 -0.0278008268197283 0.06225665680374401 1.000068558260926
2 0.003786919205 0.8130000000000001 -0.2645977890453217 -0.02787955728249614 0.06202551615662018 1.0000680564891
2 0.003786919205 0.8140000000000001 -0.2628320791404188 -0.02795684989376693 0.06179285740733376 1.000067557731079
2 0.003786919205 0.8150000000000001 -0.2610615268687215 -0.02803268839797592 0.06155868365365797 1.00006706194891
2 0.003786919205 0.8160000000000001 -0.2592862243671891 -0.02810705652661589 0.06132299804244271 1.000066569104836
2 0.003786919205 0.8170000000000001 -0.2575062654899617 -0.02817993796679284 0.06108580389528914 1.000066079161776
2 0.003786919205 0.8180000000000001 -0.2557217445751895 -0.02825131639358437 0.06084710458302473 1.000065592082835
2 0.003786919205 0.8190000000000001 -0.2539327571988397 -0.02832117545178794 0.0606069036023242 1.000065107831595
2 0.003786919205 0.8200000000000001 -0.2521394001772456 -0.02838949875715025 0.06036520457586066 1.000064626372106
2 0.003786919205 0.8210000000000001 -0.2503417708124852 -0.02845626991422563 0.06012201117563661 1.000064147668601
2 0.003786919205 0.8220000000000001 -0.248539968136865 -0.02852147248947605 0.05987732724917788 1.000063671685947
2 0.003786919205 0.8230000000000001 -0.2467340916702247 -0.02858509003912574 0.05963115669341858 1.000063198389191
2 0.003786919205 0.8240000000000001 -0.2449242421790749 -0.02864710609371438 0.05938350353156831 1.000062727743825
2 0.003786919205 0.8250000000000001 -0.2431105216787489 -0.02870750415937987 0.05913437191316612 1.000062259715782
2 0.003786919205 0.8260000000000001 -0.2412930326735772 -0.02876626773289462 0.05888376603719628 1.000061794271168
2 0.003786919205 0.8270000000000001 -0.2394718794091336 -0.02882338027950649 0.05863169027844031 1.000061331376684
2 0.003786919205 0.8280000000000001 -0.2376471666214694 -0.02887882525609306 0.05837814906112672 1.000060870999203
2 0.003786919205 0.8290000000000001 -0.2358190003006759 -0.02893258609863964 0.05812314693581874 1.000060413106012
2 0.003786919205 0.8300000000000001 -0.2339874876926232 -0.02898464622357559 0.05786668857936248 1.000059957664819
2 0.003786919205 0.8310000000000001 -0.232152736534841 -0.02903498903986871 0.05760877871801617 1.000059504643489
2 0.003786919205 0.8320000000000001 -0.2303148563149967 -0.02908359793180423 0.05734942225356779 1.000059054010451
2 0.003786919205 0.833 -0.2284739570135768 -0.02913045627724182 0.05708862413713559 1.000058605734292
2 0.003786919205 0.834 -0.2266301498709302 -0.02917554743813858 0.05682638944583075 1.000058159783992
2 0.003786919205 0.835 -0.2247835473885771 -0.02921885476193914 0.05656272338259104 1.000057716128925
2 0.003786919205 0.836 -0.2229342625617456 -0.02926036159060782 0.05629763119957164 1.000057274738613
2 0.003786919205 0.837 -0.2210824101424886 -0.02930005124854397 0.0560311183236029 1.000056835583109
2 0.003786919205 0.838 -0.2192281053773918 -0.02933790705574367 0.05576319023055996 1.000056398632615
2 0.003786919205 0.839 -0.2173714647771184 -0.02937391232148855 0.05549385252153492 1.000055963857703
2 0.003786919205 0.84 -0.2155126061172674 -0.02940805034579003 0.05522311092254619 1.000055531229313
2 0.003786919205 0.841 -0.2136516476685554 -0.02944030442523838 0.05495097120845988 1.000055100718527
2 0.003786919205 0.842 -0.2117887094629166 -0.02947065784625372 0.05467743932732722 1.000054672296926
2 0.003786919205 0.843 -0.2099239120278805 -0.02949909389295331 0.05440252127577645 1.000054245936231
2 0.003786919205 0.844 -0.2080573771575953 -0.02952559584412796 0.05412622317440684 1.000053821608511
2 0.003786919205 0.845 -0.2061892279132216 -0.02955014697474087 0.05384855126736401 1.000053399286182
2 0.003786919205 0.846 -0.2043195878517836 -0.02957273055847162 0.05356951184708232 1.000052978941793
2 0.003786919205 0.847 -0.2024485822935327 -0.02959332986650412 0.05328911137700476 1.000052560548364
2 0.003786919205 0.848 -0.2005763370547018 -0.02961192816989868 0.05300735636848666 1.000052144079044
2 0.003786919205 0.849 -0.1987029792189484 -0.02962850873997886 0.05272425345510114 1.000051729507312
2 0.003786919205 0.85 -0.1968286371372653 -0.02964305484988551 0.05243980939206999 1.000051316806973
2 0.003786919205 0.851 -0.1949534396565664 -0.02965554977369269 0.05215403098214075 1.000050905951957
2 0.003786919205 0.852 -0.193077517386532 -0.02966597679093589 0.05186692519615281 1.000050496916638
2 0.003786919205 0.853 -0.1912010014325072 -0.02967431918328612 0.05157849905198085 1.000050089675512
2 0.003786919205 0.854 -0.189324024166268 -0.02968056023847143 0.05128875968741756 1.000049684203383
2 0.003786919205 0.855 -0.1874467192254316 -0.029684683251887 0.05099771435944891 1.000049280475367
2 0.003786919205 0.856 -0.1855692207428803 -0.02968667152215831 0.05070537037160375 1.000048878466693
2 0.003786919205 0.857 -0.1836916646112394 -0.02968650836161616 0.05041173519178905 1.00004847815301
2 0.003786919205 0.858 -0.1818141872177562 -0.02968417708706684 0.05011681633384166 1.000048079510082
2 0.003786919205 0.859 -0.1799369262132501 -0.02967966102737479 0.0498206214286285 1.000047682513967
2 0.003786919205 0.86 -0.1780600205110049 -0.02967294352512969 0.04952315822315449 1.000047287141008
2 0.003786919205 0.861 -0.1761836095181738 -0.02966400792853026 0.04922443450974831 1.000046893367665
2 0.003786919205 0.862 -0.1743078343959774 -0.02965283760801611 0.04892445824054649 1.000046501170787
2 0.003786919205 0.863 -0.1724328367984621 -0.02963941594092484 0.04862323741226452 1.000046110527335
2 0.003786919205 0.864 -0.1705587596384567 -0.02962372632286454 0.04832078013512826 1.000045721414544
2 0.003786919205 0.865 -0.168685747085928 -0.0296057521694391 0.04801709463180246 1.000045333809924
2 0.003786919205 0.866 -0.166813943802552 -0.02958547690432349 0.04771218916880264 1.000044947691087
2 0.003786919205 0.867 -0.1649434961956495 -0.0295628839822673 0.0474060721669628 1.00004456303602
2 0.003786919205 0.868 -0.163074551162792 -0.02953795686742486 0.04709875209008178 1.00004417982281
2 0.003786919205 0.869 -0.1612072568535451 -0.02951067904864959 0.04679023751127163 1.000043798029807
2 0.003786919205 0.87 -0.1593417626672692 -0.02948103404127889 0.04648053711169373 1.000043417635618
2 0.003786919205 0.871 -0.1574782184920805 -0.02944900537126873 0.04616965961461547 1.000043038618949
2 0.003786919205 0.872 -0.1556167759504773 -0.02941457660478927 0.04585761389114863 1.000042660958858
2 0.003786919205 0.873 -0.1537575871518262 -0.02937773132000894 0.04554440885347385 1.000042284634498
2 0.003786919205 0.874 -0.1519008054486318 -0.02933845312644598 0.04523005351816241 1.000041909625274
2 0.003786919205 0.875 -0.1500465854337634 -0.02929672566681498 0.04491455700470678 1.000041535910828
2 0.003786919205 0.876 -0.1481950821850739 -0.0292525325970844 0.04459792847266952 1.000041163470901
2 0.003786919205 0.877 -0.1463464525005946 -0.02920585762289206 0.04428017722193059 1.000040792285565
2 0.003786919205 0.878 -0.1445008536610095 -0.029156684464557 0.04396131259124142 1.000040422334984
2 0.003786919205 0.879 -0.1426584441791451 -0.02910499688062841 0.0436413440180463 1.000040053599557
2 0.003786919205 0.88 -0.140819383796603 -0.02905077866979595 0.04332028103679323 1.000039686059913
2 0.003786919205 0.881 -0.1389838327353487 -0.02899401364672959 0.0429981332196538 1.000039319696769
2 0.003786919205 0.882 -0.1371519529202815 -0.02893468568555068 0.04267491027046558 1.000038954491162
2 0.003786919205 0.883 -0.1353239067538743 -0.02887277867783775 0.04235062192941873 1.00003859042421
2 0.003786919205 0.884 -0.1334998578575335 -0.02880827656051813 0.04202527802887124 1.00003822747726
2 0.003786919205 0.885 -0.1316799710676183 -0.02874116331784489 0.04169888849142593 1.000037865631873
2 0.003786919205 0.886 -0.1298644116953542 -0.02867142295287252 0.04137146327473116 1.000037504869699
2 0.003786919205 0.887 -0.1280533467345092 -0.02859903953822966 0.04104301245825182 1.000037145172685
2 0.003786919205 0.888 -0.1262469436504525 -0.02852399716687496 0.04071354615494404 1.000036786522863
2 0.003786919205 0.889 -0.124445371111989 -0.02844627998448344 0.04038307456252588 1.000036428902476
2 0.003786919205 0.89 -0.1226487989867402 -0.02836587219149324 0.04005160796130555 1.000036072293976
2 0.003786919205 0.891 -0.1208573976107904 -0.02828275801006399 0.03971915666360616 1.000035716679897
2 0.003786919205 0.892 -0.1190713389791173 -0.02819692174240926 0.0393857310924437 1.000035362043059
2 0.003786919205 0.893 -0.1172907955514035 -0.02810834771404706 0.03905134170109984 1.00003500836636
2 0.003786919205 0.894 -0.1155159409728974 -0.02801702031084065 0.03871599901927624 1.000034655632901
2 0.003786919205 0.895 -0.1137469500691364 -0.02792292398111862 0.03837971365065854 1.000034303825983
2 0.003786919205 0.896 -0.1119839981267757 -0.02782604319795541 0.0380424962275422 1.000033952928985
2 0.003786919205 0.897 -0.1102272620643426 -0.02772636252533499 0.03770435748043952 1.000033602925559
2 0.003786919205 0.898 -0.1084769192572158 -0.02762386655362743 0.03736530816651672 1.000033253799433
2 0.003786919205 0.899 -0.1067331482460141 -0.02751853994145253 0.0370253591100253 1.000032905534529
2 0.003786919205 0.9 -0.1049961287306377 -0.02741036741787756 0.03668452119958631 1.000032558114962
2 0.003786919205 0.901 -0.1032660408637869 -0.0272993337398501 0.03634280534862872 1.000032211524921
2 0.003786919205 0.902 -0.1015430663995173 -0.02718542376648067 0.03600022255489033 1.000031865748854
2 0.003786919205 0.903 -0.09982738753988953 -0.02706862238646117 0.03565678383874242 1.00003152077129
2 0.003786919205 0.904 -0.09811918762933412 -0.02694891456492992 0.03531250027725658 1.000031176576937
2 0.003786919205 0.905 -0.09641865114798445 -0.02682628534575202 0.0349673830011936 1.000030833150691
2 0.003786919205 0.906 -0.09472596301944644 -0.02670071980392427 0.03462144316190086 1.00003049047752
2 0.003786919205 0.907 -0.09304130973453997 -0.02657220312828287 0.03427469197961417 1.000030148542646
2 0.003786919205 0.908 -0.09136487822221448 -0.0264407205405616 0.03392714069275102 1.000029807331361
2 0.003786919205 0.909 -0.08969685652827801 -0.02630625734744864 0.03357880058493607 1.000029466829136
2 0.003786919205 0.91 -0.08803743380799531 -0.02616879894295501 0.03322968298167897 1.000029127021623
2 0.003786919205 0.911 -0.08638679964972858 -0.0260283307555997 0.03287979922441261 1.000028787894542
2 0.003786919205 0.912 -0.08474514517114952 -0.02588483833986915 0.03252916070644495 1.000028449433861
2 0.003786919205 0.913 -0.08311266191711486 -0.025738307286593 0.03217777883435994 1.000028111625614
2 0.003786919205 0.914 -0.08148954252108635 -0.02558872328039596 0.03182566504728972 1.000027774456011
2 0.003786919205 0.915 -0.07987598069696501 -0.02543607210216088 0.03147283081326582 1.000027437911438
2 0.003786919205 0.916 -0.07827217058028559 -0.02528033957078833 0.03111928761111514 1.000027101978346
2 0.003786919205 0.917 -0.07667830779407694 -0.02512151164375859 0.03076504695285392 1.000026766643426
2 0.003786919205 0.918 -0.07509458837649736 -0.02495957431847933 0.03041012035839246 1.000026431893439
2 0.003786919205 0.919 -0.07352120942320502 -0.02479451369535116 0.03005451936630783 1.000026097715313
2 0.003786919205 0.92 -0.07195836907839734 -0.02462631598033218 0.02969825552985318 1.00002576409615
2 0.003786919205 0.921 -0.07040626589530961 -0.02445496742105149 0.02934134040746275 1.000025431023114
2 0.003786919205 0.922 -0.06886509986878622 -0.02428045441685052 0.02898378557032467 1.000025098483609
2 0.003786919205 0.923 -0.06733507139558864 -0.02410276341073138 0.0286256025916415 1.000024766465101
2 0.003786919205 0.924 -0.06581638189590441 -0.0239218809582711 0.02826680304812384 1.000024434955226
2 0.003786919205 0.925 -0.06430923380355853 -0.02373779373029567 0.02790739851564354 1.000024103941786
2 0.003786919205 0.926 -0.06281382994763848 -0.02355048844310973 0.02754740056913161 1.000023773412651
2 0.003786919205 0.927 -0.0613303745487155 -0.02335995197842335 0.02718682077401431 1.000023443355919
2 0.003786919205 0.928 -0.05985907221485983 -0.02316617126550138 0.02682567069133451 1.000023113759757
2 0.003786919205 0.929 -0.05840012854039932 -0.02296913335617958 0.02646396186915553 1.000022784612496
2 0.003786919205 0.93 -0.05695375009526672 -0.02276882542765669 0.02610170583784489 1.000022455902633
2 0.003786919205 0.931 -0.05552014382965186 -0.02256523470658448 0.02573891412018013 1.00002212761873
2 0.003786919205 0.9320000000000001 -0.05409951803067839 -0.02235834859931774 0.02537559820528395 1.000021799749579
2 0.003786919205 0.9330000000000001 -0.05269208135729243 -0.02214815456383358 0.02501176957096102 1.000021472284038
2 0.003786919205 0.9340000000000001 -0.0512980434142985 -0.02193464019112277 0.02464743966417277 1.000021145211128
2 0.003786919205 0.9350000000000001 -0.04991761474080395 -0.02171779320810917 0.02428261989593975 1.000020818520038
2 0.003786919205 0.9360000000000001 -0.04855100630860529 -0.02149760140625385 0.02391732165872429 1.000020492200032
2 0.003786919205 0.9370000000000001 -0.04719843011859679 -0.02127405273243132 0.02355155629851365 1.00002016624056
2 0.003786919205 0.9380000000000001 -0.04586009885929915 -0.02104713524173694 0.02318533512492124 1.000019840631196
2 0.003786919205 0.9390000000000001 -0.04453622596791228 -0.02081683710930412 0.02281866940525622 1.000019515361654
2 0.003786919205 0.9400000000000001 -0.04322702562281556 -0.02058314663213848 0.02245157036123022 1.000019190421784
2 0.003786919205 0.9410000000000001 -0.04193271273825543 -0.02034605223139659 0.02208404916541546 1.000018865801575
2 0.003786919205 0.9420000000000001 -0.0406535029634113 -0.02010554245556273 0.0217161169372046 1.000018541491156
2 0.003786919205 0.9430000000000001 -0.03938961266710982 -0.01986160598118024 0.02134778473974865 1.000018217480795
2 0.003786919205 0.9440000000000001 -0.03814125892740197 -0.01961423161436405 0.02097906357660946 1.000017893760899
2 0.003786919205 0.9450000000000001 -0.03690865952346939 -0.01936340829272372 0.02060996438822719 1.000017570322016
2 0.003786919205 0.9460000000000001 -0.03569203292957219 -0.01910912508776526 0.02024049804807741 1.00001724715483
2 0.003786919205 0.9470000000000001 -0.03449159831308027 -0.01885137120825926 0.01987067535820395 1.000016924250169
2 0.003786919205 0.9480000000000001 -0.03330757551895632 -0.01859013600097277 0.01950050704608261 1.000016601599003
2 0.003786919205 0.9490000000000001 -0.03214018505884475 -0.018325408952245 0.01913000376108875 1.000016279192442
2 0.003786919205 0.9500000000000001 -0.030989648102355 -0.0180571796900059 0.01875917607072285 1.000015957021736
2 0.003786919205 0.9510000000000001 -0.02985618647022921 -0.01778543798630946 0.01838803445646033 1.000015635078278
2 0.003786919205 0.9520000000000001 -0.0287400226312767 -0.01751017376090517 0.01801658930884358 1.000015313353607
2 0.003786919205 0.9530000000000001 -0.02764137968662504 -0.01723137708197274 0.01764485092428214 1.000014991839403
2 0.003786919205 0.9540000000000001 -0.02656048135830011 -0.01694903816776627 0.01727282950133859 1.000014670527493
2 0.003786919205 0.9550000000000001 -0.02549755197985495 -0.01666314738873534 0.01690053513671193 1.000014349409846
2 0.003786919205 0.9560000000000001 -0.02445281648871453 -0.0163736952701986 0.01652797782077626 1.000014028478576
2 0.003786919205 0.9570000000000001 -0.02342650042194694 -0.01608067249613079 0.01615516743222057 1.000013707725947
2 0.003786919205 0.9580000000000001 -0.02241882990028142 -0.01578406990990252 0.01578211373479881 1.000013387144368
2 0.003786919205 0.9590000000000001 -0.02143003161615699 -0.01548387851599827 0.01540882637344007 1.000013066726398
2 0.003786919205 0.96 -0.02046033282366351 -0.01518008948224707 0.01503531486999225 1.000012746464743
2 0.003786919205 0.961 -0.01950996133001717 -0.01487269414264499 0.01466158861844836 1.000012426352257
2 0.003786919205 0.962 -0.01857914549009905 -0.0145616840013708 0.01428765687912625 1.00001210638195
2 0.003786919205 0.963 -0.01766811419023774 -0.01424705073353243 0.01391352877538495 1.000011786546979
2 0.003786919205 0.964 -0.01677709683570239 -0.01392878618696398 0.01353921328956812 1.000011466840657
2 0.003786919205 0.965 -0.0159063233399201 -0.01360688238457287 0.01316471925851367 1.000011147256448
2 0.003786919205 0.966 -0.01505602411503444 -0.01328133152732038 0.01279005536847066 1.00001082778797
2 0.003786919205 0.967 -0.01422643006513581 -0.0129521259984785 0.01241523014881415 1.000010508429001
2 0.003786919205 0.968 -0.0134177725698071 -0.01261925836438446 0.01204025196874804 1.000010189173474
2 0.003786919205 0.969 -0.01263028347103527 -0.01228272137632167 0.01166512903309463 1.000009870015477
2 0.003786919205 0.97 -0.01186419506166721 -0.0119425079729898 0.0112898693775796 1.000009550949261
2 0.003786919205 0.971 -0.0111197400749996 -0.01159861128365209 0.01091448086344616 1.000009231969235
2 0.003786919205 0.972 -0.0103971516766233 -0.01125102463264628 0.01053897117070567 1.000008913069971
2 0.003786919205 0.973 -0.009696663447729046 -0.01089974154014769 0.01016334779485079 1.000008594246203
2 0.003786919205 0.974 -0.00901850937141041 -0.01054475572413814 0.009787618042507969 1.000008275492832
2 0.003786919205 0.975 -0.008362923820318273 -0.01018606110300528 0.00941178902651197 1.000007956804919
2 0.003786919205 0.976 -0.007730141545228011 -0.009823651798864611 0.009035867660228706 1.000007638177694
2 0.003786919205 0.977 -0.007120397665415511 -0.009457522142337181 0.008659860650347738 1.000007319606558
2 0.003786919205 0.978 -0.006533927651720344 -0.009087666673320456 0.008283774493633931 1.000007001087079
2 0.003786919205 0.979 -0.005970967312211694 -0.008714080143048667 0.007907615472464644 1.000006682614997
2 0.003786919205 0.98 -0.005431752778999692 -0.008336757516826613 0.007531389649712826 1.000006364186222
2 0.003786919205 0.981 -0.004916520495723508 -0.007955693977533767 0.00715510286279572 1.000006045796839
2 0.003786919205 0.982 -0.004425507206372787 -0.007570884930680427 0.006778760716021882 1.00000572744311
2 0.003786919205 0.983 -0.003958949938106034 -0.007182326005184521 0.006402368577414245 1.000005409121472
2 0.003786919205 0.984 -0.003517085986250248 -0.00679001305552552 0.006025931574159154 1.000005090828542
2 0.003786919205 0.985 -0.00310015290022596 -0.006393942164616722 0.005649454587322893 1.000004772561114
2 0.003786919205 0.986 -0.002708388469897579 -0.005994109647497696 0.005272942245649777 1.000004454316164
2 0.003786919205 0.987 -0.002342030712750496 -0.005590512056679438 0.00489639891748381 1.000004136090854
2 0.003786919205 0.988 -0.002001317856463346 -0.005183146182923504 0.004519828707701339 1.000003817882529
2 0.003786919205 0.989 -0.001686488323211609 -0.004772009057490065 0.004143235453104971 1.000003499688719
2 0.003786919205 0.99 -0.001397780714662104 -0.00435709795515122 0.003766622717004867 1.000003181507143
2 0.003786919205 0.991 -0.001135433797125274 -0.003938410398076303 0.003389993782796899 1.000002863335708
2 0.003786919205 0.992 -0.0008996864869951157 -0.003515944161474951 0.003013351645487651 1.000002545172515
2 0.003786919205 0.993 -0.0006907778330753926 -0.003089697274372955 0.002636699008780364 1.000002227015855
2 0.003786919205 0.994 -0.0005089470001576133 -0.002659668021953053 0.002260038280453372 1.000001908864216
2 0.003786919205 0.995 -0.0003544332530402288 -0.002225854948709794 0.001883371566844591 1.00000159071628
2 0.003786919205 0.996 -0.0002274759404214362 -0.001788256862530145 0.001506700666248377 1.000001272570927
2 0.003786919205 0.997 -0.0001283144785065893 -0.00134687284064113 0.001130027060082196 1.000000954427239
2 0.003786919205 0.998 -5.718833309061308e-05 -0.0009017022303743635 0.0007533519101754706 1.000000636284498
2 0.003786919205 0.999 -1.433700238156183e-05 -0.0004527446515957623 0.0003766760541792312 1.000000318142188
2 0.003786919205 1 2.21022659674169e-21 -4.145280576725105e-20 4.120187923596338e-20 1
ZONE T="branch=3", I=1001, DATAPACKING=POINT
3 0.018230452624 0 0 1.953772946097372e-29 1 1.16
3 0.018230452624 0.001 -0.0004106415507933784 0.01285121645216284 0.9839270500219534 1.158626593708706
3 0.018230452624 0.002 -0.001608882948322333 0.02491113546708743 0.9678794347897693 1.157253202310209
3 0.018230452624 0.003 -0.003545628828106968 0.03620972646575264 0.9518807026073705 1.155879863144479
3 0.018230452624 0.004 -0.006173661290425723 0.0467763872492814 0.9359525495273776 1.154506636642072
3 0.018230452624 0.005 -0.009447603035138467 0.05663992146378457 0.9201149210801242 1.153133604834172
3 0.018230452624 0.006 -0.01332387915617104 0.06582851920210049 0.9043861093480502 1.151760869909482
3 0.018230452624 0.007 -0.0177606778141992 0.07436974053557818 0.888782845571961 1.15038855281511
3 0.018230452624 0.008 -0.02271790992926417 0.08229050179984772 0.8733203885196525 1.149016791898561
3 0.018230452624 0.009000000000000001 -0.02815716809756441 0.08961706444019832 0.8580126087689919 1.147645741589208
3 0.018230452624 0.01 -0.03404168488367487 0.09637502624384908 0.8428720690856452 1.14627557111766
3 0.018230452624 0.011 -0.0403362906331597 0.1025893147929345 0.8279101010611197 1.144906463271828
3 0.018230452624 0.012 -0.04700737094406179 0.1082841829781627 0.8131368781647637 1.14353861318892
3 0.018230452624 0.013 -0.05402282389281025 0.1134832064360025 0.7985614853781169 1.142172227182589
3 0.018230452624 0.014 -0.06135201716329843 0.1182092827521828 0.7841919855265469 1.140807521605248
3 0.018230452624 0.015 -0.06896574518256259 0.1224846322963857 0.7700354824450139 1.139444721745372
3 0.018230452624 0.016 -0.07683618626756626 0.1263308006053895 0.7560981811650299 1.138084060759351
3 0.018230452624 0.017 -0.08493686048307689 0.1297686618801447 0.7423854448741257 1.136725778640818
3 0.018230452624 0.018 -0.09324258656391649 0.1328184243669943 0.7289018498130543 1.135370121219876
3 0.018230452624 0.019 -0.1017294406162348 0.1354996361618344 0.7156512366200842 1.134017339204512
3 0.018230452624 0.02 -0.1103747145644814 0.1378311923959165 0.7026367595295419 1.132667687254257
3 0.018230452624 0.021 -0.1191568744650979 0.1398313437247864 0.6898609334076067 1.131321423089303
3 0.018230452624 0.022 -0.1280555210666095 0.14151770472215 0.6773256775106506 1.129978806639808
3 0.018230452624 0.023 -0.13705134886575 0.1429072642147426 0.6650323580692045 1.128640099227868
3 0.018230452624 0.024 -0.1461261074702668 0.1440163953589002 0.6529818278236165 1.127305562789366
3 0.018230452624 0.025 -0.1552625629849929 0.1448608666846656 0.6411744638186856 1.125975459131362
3 0.018230452624 0.026 -0.1644444596023458 0.145455853992144 0.6296102034018787 1.124650049227907
3 0.018230452624 0.027 -0.1736564833558841 0.1458159518393947 0.618288577681384 1.123329592551103
3 0.018230452624 0.028 -0.1828842249286219 0.1459551864854849 0.6072087438880401 1.122014346441948
3 0.018230452624 0.029 -0.1921141445642247 0.1458870283610641 0.5963695154148247 1.120704565515958
3 0.018230452624 0.03 -0.2013335372494026 0.1456244051512859 0.5857693904092447 1.119400501106242
3 0.018230452624 0.031 -0.210530498699022 0.1451797151284842 0.5754065787556777 1.1181024007435
3 0.018230452624 0.032 -0.2196938925649931 0.1445648404051575 0.5652790273876062 1.116810507669862
3 0.018230452624 0.033 -0.2288133177837791 0.1437911608021639 0.555384444365109 1.115525060392611
3 0.018230452624 0.034 -0.2378790775966576 0.142869567250605 0.545720321280594 1.114246292267712
3 0.018230452624 0.035 -0.2468821490457586 0.1418104754999336 0.5362839544604786 1.112974431119574
3 0.018230452624 0.036 -0.255814153005912 0.1406238400814586 0.5270724649653773 1.111709698898004
3 0.018230452624 0.037 -0.2646673260108933 0.1393191675761372 0.5180828171302645 1.110452311358799
3 0.018230452624 0.038 -0.27343449180568 0.1379055306553014 0.5093118362337057 1.109202477787617
3 0.018230452624 0.039 -0.2821090346603965 0.1363915813786942 0.5007562248370016 1.107960400745447
3 0.018230452624 0.04 -0.2906848731796062 0.1347855646415885 0.4924125781664198 1.106726275847431
3 0.018230452624 0.041 -0.2991564346979121 0.1330953316967813 0.4842773985322088 1.105500291574881
3 0.018230452624 0.042 -0.3075186312436584 0.131328352950409 0.4763471086732006 1.104282629104387
3 0.018230452624 0.043 -0.3157668354330491 0.1294917312880287 0.4686180643465219 1.103073462177236
3 0.018230452624 0.044 -0.3238968578885036 0.1275922146498287 0.4610865659486026 1.101872956983587
3 0.018230452624 0.045 -0.3319049251767213 0.1256362086196058 0.4537488693734965 1.100681272075288
3 0.018230452624 0.046 -0.3397876583360597 0.1236297889664543 0.4466011961100221 1.099498558306509
3 0.018230452624 0.047 -0.34754205274393 0.1215787134764099 0.43963974256866 1.098324958785113
3 0.018230452624 0.048 -0.355165458051648 0.1194884341293084 0.4328606887653412 1.097160608859401
3 0.018230452624 0.049 -0.3626555594103368 0.1173641085571126 0.4262602063197152 1.096005636113226
3 0.018230452624 0.05 -0.3700103592057883 0.115210611427268 0.4198344658541991 1.094860160384227
3 0.018230452624 0.051 -0.3772281593731097 0.1130325456843802 0.4135796438015116 1.09372429380341
3 0.018230452624 0.052 -0.3843075447281622 0.1108342532273656 0.4074919286711823 1.092598140842757
3 0.018230452624 0.053 -0.3912473666997157 0.108619825563366 0.4015675267916015 1.091481798385305
3 0.018230452624 0.054 -0.3980467278380041 0.1063931140773237 0.3958026675674465 1.090375355806376
3 0.018230452624 0.055 -0.4047049669467103 0.1041577400391152 0.390193608276733 1.089278895068423
3 0.018230452624 0.056 -0.4112216448389267 0.1019171043298057 0.3847366384361613 1.08819249082794
3 0.018230452624 0.057 -0.4175965307009004 0.09967439688516483 0.379428083760926 1.087116210553329
3 0.018230452624 0.058 -0.4238295890364739 0.09743260586668297 0.3742643097415596 1.086050114653107
3 0.018230452624 0.059 -0.4299209671955467 0.09519452653915422 0.3692417248661 1.084994256612689
3 0.018230452624 0.06 -0.4358709834403771 0.09296276988666778 0.3643567835032868 1.083948683139903
3 0.018230452624 0.061 -0.4416801155598393 0.09073977093998968 0.359605988474852 1.082913434317285
3 0.018230452624 0.062 -0.4473489899976712 0.08852779683561923 0.3549858933333291 1.081888543760924
3 0.018230452624 0.063 -0.4528783714773978 0.08632895461088484 0.3504931043632638 1.080874038785097
3 0.018230452624 0.064 -0.4582691531238225 0.08414519871834696 0.3461242823318041 1.079869940571102
3 0.018230452624 0.065 -0.4635223470503044 0.08197833827934253 0.3418761440013643 1.07887626434012
3 0.018230452624 0.066 -0.4686390753403845 0.07983004415436958 0.3377454633862954 1.077893019532604
3 0.018230452624 0.067 -0.4736205616069576 0.077701855576652 0.333729072883627 1.076920209982509
3 0.018230452624 0.068 -0.4784681227866157 0.07559518677689031 0.3298238641051483 1.075957834103736
3 0.018230452624 0.06900000000000001 -0.4831831614848146 0.07351133317278076 0.3260267886182144 1.075005885069787
3 0.018230452624 0.07000000000000001 -0.487767158649237 0.07145147739798063 0.3223348584884965 1.07406435099754
3 0.018230452624 0.07100000000000001 -0.4922216665875844 0.0694166951474799 0.3187451466387949 1.073133215133676
3 0.018230452624 0.07200000000000001 -0.4965483024232981 0.0674079606777965 0.3152547871350314 1.072212456035555
3 0.018230452624 0.073 -0.5007487418271943 0.06542615219005055 0.3118609752832969 1.071302047756231
3 0.018230452624 0.074 -0.504824713109546 0.06347205695553308 0.3085609676306162 1.070401960026551
3 0.018230452624 0.075 -0.508777991626235 0.06154637623792893 0.3053520818525408 1.069512158436139
3 0.018230452624 0.076 -0.5126103944901563 0.05964973001161906 0.3022316965405172 1.068632604612613
3 0.018230452624 0.077 -0.5163237755719746 0.057782661490367 0.2991972508900875 1.067763256399147
3 0.018230452624 0.078 -0.5199200207951518 0.05594564142484893 0.2962462443417461 1.066904068027669
3 0.018230452624 0.079 -0.5234010436597314 0.0541390723190846 0.2933762360505845 1.066054990294745
3 0.018230452624 0.08 -0.5267687810891436 0.05236329228415328 0.2905848444549743 1.065215970725335
3 0.018230452624 0.081 -0.5300251894240798 0.05061857902088602 0.2878697464902318 1.06438695374899
3 0.018230452624 0.082 -0.5331722407866268 0.048905153174417 0.2852286772046333 1.063567880849138
3 0.018230452624 0.083 -0.5362119195208894 0.04722318205898319 0.2826594287822764 1.062758690736465
3 0.018230452624 0.08400000000000001 -0.539146218960021 0.04557278280327074 0.2801598499558972 1.061959319496899
3 0.018230452624 0.08500000000000001 -0.5419771383425435 0.04395402551689261 0.2777278452115038 1.061169700744796
3 0.018230452624 0.08600000000000001 -0.5447066799338507 0.04236693641635646 0.2753613738063565 1.060389765778011
3 0.018230452624 0.08700000000000001 -0.5473368463399962 0.04081150049630222 0.2730584491640985 1.059619443712487
3 0.018230452624 0.08799999999999999 -0.5498696379950685 0.03928766444999487 0.2708171377374459 1.058858661633275
3 0.018230452624 0.089 -0.5523070508153001 0.03779533915435056 0.2686355582531435 1.058107344725419
3 0.018230452624 0.09 -0.5546510740055369 0.03633440215462984 0.2665118807802779 1.057365416407459
3 0.018230452624 0.091 -0.5569036880567343 0.03490470010102853 0.264444325644917 1.056632798464703
3 0.018230452624 0.092 -0.5590668628114426 0.03350605084950774 0.2624311627051392 1.055909411166859
3 0.018230452624 0.093 -0.5611425557664842 0.03213824571994788 0.2604707101534725 1.055195173395738
3 0.018230452624 0.094 -0.5631327104236521 0.03080105143462331 0.2585613336820394 1.054490002757725
3 0.018230452624 0.095 -0.5650392547902412 0.02949421204205157 0.2567014454983275 1.053793815696892
3 0.018230452624 0.096 -0.5668641000548206 0.02821745078969874 0.254889503214599 1.053106527606384
3 0.018230452624 0.097 -0.5686091392403763 0.0269704717556378 0.2531240090730449 1.052428052928531
3 0.018230452624 0.098 -0.570276246132976 0.02575296156869758 0.2514035087552757 1.051758305259902
3 0.018230452624 0.099 -0.571867274172461 0.02456459090076953 0.2497265905279519 1.051097197445504
3 0.018230452624 0.1 -0.5733840554867946 0.02340501593541236 0.2480918842624464 1.050444641672164
3 0.018230452624 0.101 -0.5748284000854058 0.02227387978525007 0.2464980603506853 1.049800549559192
3 0.018230452624 0.102 -0.5762020949659269 0.02117081374269634 0.2449438289278945 1.049164832241565
3 0.018230452624 0.103 -0.5775069035159994 0.02009543856849609 0.2434279387324892 1.048537400454013
3 0.018230452624 0.104 -0.5787445648168982 0.01904736562427538 0.2419491762719967 1.047918164608052
3 0.018230452624 0.105 -0.5799167930823879 0.01802619797604916 0.2405063648829883 1.047307034867162
3 0.018230452624 0.106 -0.5810252772406319 0.01703153144832629 0.2390983637057557 1.046703921218606
3 0.018230452624 0.107 -0.582071680386289 0.01606295556912327 0.2377240669354287 1.04610873354102
3 0.018230452624 0.108 -0.583057639533536 0.01512005451625621 0.2363824027583327 1.045521381669772
3 0.018230452624 0.109 -0.5839847652307312 0.01420240796306377 0.2350723325631257 1.044941775458495
3 0.018230452624 0.11 -0.5848546413006432 0.01330959189238389 0.2337928500629313 1.04436982483804
3 0.018230452624 0.111 -0.5856688247085428 0.01244117936402574 0.2325429803474827 1.043805439871732
3 0.018230452624 0.112 -0.5864288452732556 0.01159674121706484 0.2313217791813668 1.043248530809049
3 0.018230452624 0.113 -0.5871362056752375 0.01077584674777055 0.2301283320306984 1.042699008134771
3 0.018230452624 0.114 -0.5877923813014597 0.009978064329066359 0.2289617533337857 1.042156782616908
3 0.018230452624 0.115 -0.5883988202056402 0.009202961997364353 0.227821185697182 1.041621765351616
3 0.018230452624 0.116 -0.5889569431821728 0.008450107996363676 0.2267057990343025 1.041093867804261
3 0.018230452624 0.117 -0.5894681436678703 0.007719071288601921 0.2256147899210414 1.040573001851039
3 0.018230452624 0.118 -0.5899337879300929 0.007009422025302576 0.2245473807181837 1.04005907981442
3 0.018230452624 0.119 -0.5903552150784169 0.006320731989188444 0.2235028189085004 1.039552014499443
3 0.018230452624 0.12 -0.5907337371813642 0.005652575005023421 0.2224803763713976 1.039051719226767
3 0.018230452624 0.121 -0.5910706394838012 0.005004527310811699 0.2214793486104499 1.038558107861845
3 0.018230452624 0.122 -0.5913671804459828 0.004376167920955261 0.220499054170756 1.038071094846338
3 0.018230452624 0.123 -0.5916245920539042 0.003767078936641626 0.2195388338568678 1.037590595222208
3 0.018230452624 0.124 -0.5918440799484751 0.003176845852184644 0.2185980501381811 1.037116524658293
3 0.018230452624 0.125 -0.5920268236497154 0.002605057830255184 0.2176760865021456 1.036648799473521
3 0.018230452624 0.126 -0.5921739768697657 0.002051307941466118 0.2167723467688454 1.036187336656337
3 0.018230452624 0.127 -0.5922866676479038 0.001515193413270137 0.2158862545705101 1.035732053887643
3 0.018230452624 0.128 -0.5923659987390653 0.0009963158196961998 0.215017252661125 1.035282869555685
3 0.018230452624 0.129 -0.5924130478226473 0.0004942812834142865 0.2141648023886755 1.034839702774653
3 0.018230452624 0.13 -0.5924288677967525 8.700648354273684e-06 0.2133283831238583 1.034402473399899
3 0.018230452624 0.131 -0.5924144871505407 -0.0004608103797562205 0.2125074916571441 1.033971102039537
3 0.018230452624 0.132 -0.5923709101635585 -0.0009146310715049123 0.2117016417383124 1.033545510070459
3 0.018230452624 0.133 -0.5922991173393206 -0.001353135574027676 0.2109103634717382 1.033125619645915
3 0.018230452624 0.134 -0.5922000656649705 -0.001776692787654968 0.2101332028519844 1.032711353707673
3 0.018230452624 0.135 -0.592074688947371 -0.002185666270052728 0.2093697212631368 1.032302635994881
3 0.018230452624 0.136 -0.5919238982176965 -0.002580414169089476 0.208619494952235 1.031899391049478
3 0.018230452624 0.137 -0.5917485819711066 -0.002961289126398271 0.2078821146251512 1.031501544226665
3 0.018230452624 0.138 -0.5915496066208914 -0.003328638243540353 0.2071571849203924 1.0311090216968
3 0.018230452624 0.139 -0.5913278167874124 -0.003682803017238003 0.2064443240033526 1.030721750452462
3 0.018230452624 0.14 -0.5910840356551019 -0.004024119300013596 0.20574316313042 1.030339658312327
3 0.018230452624 0.141 -0.5908190653893803 -0.004352917286449365 0.2050533461919093 1.029962673921814
3 0.018230452624 0.142 -0.5905336873987594 -0.004669521465276173 0.2043745293597574 1.029590726759187
3 0.018230452624 0.143 -0.5902286627917868 -0.004974250632802011 0.2037063806322206 1.029223747133114
3 0.018230452624 0.144 -0.5899047326793213 -0.005267417871019603 0.2030485794815227 1.028861666185777
3 0.018230452624 0.145 -0.5895626185371764 -0.005549330548998451 0.2024008164764889 1.028504415892932
3 0.018230452624 0.146 -0.5892030226210291 -0.005820290347056135 0.2017627928878974 1.028151929060959
3 0.018230452624 0.147 -0.5888266282377818 -0.006080593244199166 0.2011342203831004 1.027804139329574
3 0.018230452624 0.148 -0.5884341001927269 -0.006330529564454047 0.2005148206339962 1.027460981166192
3 0.018230452624 0.149 -0.5880260850936115 -0.006570383985684069 0.1999043250126478 1.02712238986602
3 0.018230452624 0.15 -0.5876032117080334 -0.006800435569604807 0.1993024742661876 1.026788301549258
3 0.018230452624 0.151 -0.5871660913663195 -0.007020957812000569 0.1987090181776433 1.02645865315552
3 0.018230452624 0.152 -0.5867153182326418 -0.00723221865534276 0.1981237153025497 1.026133382443977
3 0.018230452624 0.153 -0.5862514697338108 -0.00743448055707983 0.1975463326328711 1.025812427985432
3 0.018230452624 0.154 -0.5857751068569584 -0.007628000519823639 0.1969766453352721 1.025495729160162
3 0.018230452624 0.155 -0.5852867744941688 -0.00781303014073007 0.196414436472272 1.025183226153057
3 0.018230452624 0.156 -0.5847870018265776 -0.007989815678755481 0.1958594967119583 1.024874859946184
3 0.018230452624 0.157 -0.5842763025885711 -0.008158598084661111 0.1953116241018156 1.024570572317016
3 0.018230452624 0.158 -0.5837551754726283 -0.008319613083013318 0.1947706237817484 1.024270305828958
3 0.018230452624 0.159 -0.5832241044150417 -0.008473091216635311 0.1942363077599572 1.023974003827568
3 0.018230452624 0.16 -0.5826835589228169 -0.008619257908357936 0.1937084946747067 1.02368161043425
3 0.018230452624 0.161 -0.5821339944347259 -0.008758333538559114 0.1931870095468199 1.023393070537579
3 0.018230452624 0.162 -0.5815758525740675 -0.008890533486642951 0.1926716835862412 1.023108329790159
3 0.018230452624 0.163 -0.5810095615262455 -0.009016068220611006 0.1921623539478739 1.022827334598169
3 0.018230452624 0.164 -0.5804355363088989 -0.00913514335043138 0.1916588635403851 1.022550032116462
3 0.018230452624 0.165 -0.5798541790780292 -0.009247959696936831 0.1911610608234122 1.022276370241309
3 0.018230452624 0.166 -0.5792658794635834 -0.009354713374644415 0.1906687995972757 1.022006297600963
3 0.018230452624 0.167 -0.5786710148078875 -0.009455595840271541 0.1901819388381491 1.021739763551577
3 0.018230452624 0.168 -0.5780699505143113 -0.009550793985378458 0.189700342491029 1.021476718166213
3 0.018230452624 0.169 -0.577463040299653 -0.009640490194677536 0.1892238793072079 1.021217112229207
3 0.018230452624 0.17 -0.5768506264778697 -0.009724862418233978 0.1887524226722382 1.020960897228353
3 0.018230452624 0.171 -0.5762330402691318 -0.009804084255922434 0.1882858504278624 1.02070802534508
3 0.018230452624 0.172 -0.5756106020222475 -0.009878325009689985 0.1878240447320474 1.020458449449759
3 0.018230452624 0.173 -0.5749836215339855 -0.009947749776035278 0.1873668918840111 1.020212123090512
3 0.018230452624 0.174 -0.574352398282637 -0.01001251950634403 0.1869142821865298 1.019969000487156
3 0.018230452624 0.175 -0.5737172216887685 -0.01007279107961228 0.1864661098004747 1.019729036523112
3 0.018230452624 0.176 -0.5730783713976647 -0.01012871738594283 0.186022272594508 1.019492186735484
3 0.018230452624 0.177 -0.5724361174849587 -0.01018044738015365 0.1855826720266301 1.019258407310004
3 0.018230452624 0.178 -0.5717907207470476 -0.01022812617182826 0.1851472129967666 1.019027655069904
3 0.018230452624 0.179 -0.571142432915536 -0.01027189508558277 0.1847158037304981 1.018799887469663
3 0.018230452624 0.18 -0.5704914968951802 -0.01031189173234823 0.1842883556564606 1.018575062586864
3 0.018230452624 0.181 -0.5698381470203224 -0.01034825009010872 0.1838647832798797 1.018353139112388
3 0.018230452624 0.182 -0.5691826092435907 -0.01038110055713699 0.1834450040826547 1.018134076345185
3 0.018230452624 0.183 -0.5685251013984313 -0.01041057003808715 0.1830289383995544 1.017917834181406
3 0.018230452624 0.184 -0.5678658333947062 -0.01043678200272524 0.1826165093203568 1.017704373108107
3 0.018230452624 0.185 -0.5672050074345054 -0.01045985655442908 0.182207642586851 1.017493654195242
3 0.018230452624 0.186 -0.5665428182436515 -0.01047991050697495 0.1818022664867651 1.017285639086096
3 0.018230452624 0.187 -0.565879453243786 -0.01049705743620388 0.1814003117697679 1.017080289992053
3 0.018230452624 0.188 -0.5652150927884376 -0.01051140776118232 0.1810017115438191 1.016877569682093
3 0.018230452624 0.189 -0.564549910340426 -0.01052306880040421 0.1806064011930773 1.016677441476607
3 0.018230452624 0.19 -0.5638840726665728 -0.01053214483663573 0.1802143182916509 1.016479869239616
3 0.018230452624 0.191 -0.5632177400456511 -0.01053873718901126 0.1798254025149181 1.01628481736957
3 0.018230452624 0.192 -0.5625510664244922 -0.01054294426232958 0.1794395955691511 1.016092250794201
3 0.018230452624 0.193 -0.5618841996292452 -0.0105448616227206 0.1790568411050201 1.015902134960493
3 0.018230452624 0.194 -0.5612172815254972 -0.01054458205068519 0.1786770846489638 1.015714435828676
3 0.018230452624 0.195 -0.5605504481931278 -0.01054219560176281 0.1783002735312091 1.015529119864765
3 0.018230452624 0.196 -0.5598838301122593 -0.01053778967353382 0.1779263568118777 1.015346154031795
3 0.018230452624 0.197 -0.5592175523042174 -0.01053144905204164 0.1775552852222357 1.015165505784827
3 0.018230452624 0.198 -0.5585517345197707 -0.01052325598170715 0.1771870110927524 1.014987143061445
3 0.018230452624 0.199 -0.5578864913830283 -0.01051329021483919 0.1768214882959325 1.014811034276001
3 0.018230452624 0.2 -0.5572219325478077 -0.01050162906786151 0.1764586721864562 1.014637148312521
3 0.018230452624 0.201 -0.5565581628632258 -0.01048834748306438 0.1760985195398218 1.014465454516406
3 0.018230452624 0.202 -0.5558952825004739 -0.01047351807186942 0.1757409885034868 1.014295922689664
3 0.018230452624 0.203 -0.5552333871198649 -0.0104572111789522 0.1753860385372428 1.014128523081946
3 0.018230452624 0.204 -0.5545725679996572 -0.0104394949280524 0.1750336303657778 1.013963226385089
3 0.018230452624 0.205 -0.5539129121753567 -0.01042043527368441 0.1746837259290837 1.013800003726414
3 0.018230452624 0.206 -0.5532545025866086 -0.01040009605765725 0.1743362883316956 1.013638826660925
3 0.018230452624 0.207 -0.5525974181908089 -0.01037853904906064 0.1739912818022284 1.013479667166786
3 0.018230452624 0.208 -0.5519417341107762 -0.01035582400271082 0.1736486716441424 1.013322497636917
3 0.018230452624 0.209 -0.5512875217496788 -0.01033200870123113 0.173308424196544 1.013167290873852
3 0.018230452624 0.21 -0.5506348489146936 -0.0103071490023041 0.1729705067932661 1.013014020083443
3 0.018230452624 0.211 -0.5499837799468332 -0.01028129889010211 0.1726348877210418 1.012862658867569
3 0.018230452624 0.212 -0.5493343758224336 -0.01025451051198939 0.1723015361861451 1.012713181219865
3 0.018230452624 0.213 -0.5486866942832135 -0.01022683423151205 0.1719704222738997 1.012565561517886
3 0.018230452624 0.214 -0.5480407899384755 -0.0101983186668198 0.1716415169164354 1.012419774518283
3 0.018230452624 0.215 -0.5473967143745078 -0.01016901073361002 0.1713147918590751 1.012275795350923
3 0.018230452624 0.216 -0.5467545162689256 -0.01013895569169423 0.1709902196260184 1.012133599512086
3 0.018230452624 0.217 -0.5461142414810602 -0.01010819717849303 0.170667773492979 1.011993162860474
3 0.018230452624 0.218 -0.5454759331660877 -0.01007677725685977 0.1703474274540284 1.011854461609915
3 0.018230452624 0.219 -0.5448396318656409 -0.01004473644998318 0.1700291561952089 1.011717472324864
3 0.018230452624 0.22 -0.5442053756042851 -0.0100121137802347 0.1697129350670585 1.011582171914928
3 0.018230452624 0.221 -0.5435731999898653 -0.009978946811149138 0.1693987400565883 1.011448537628546
3 0.018230452624 0.222 -0.5429431382937957 -0.009945271677844945 0.1690865477649696 1.011316547049266
3 0.018230452624 0.223 -0.5423152215508368 -0.009911123130012476 0.168776335380509 1.011186178088981
3 0.018230452624 0.224 -0.5416894786392042 -0.009876534563481932 0.1684680806571817 1.011057408983735
3 0.018230452624 0.225 -0.5410659363653741 -0.00984153805522363 0.1681617618922959 1.010930218288656
3 0.018230452624 0.226 -0.5404446195518401 -0.009806164401051129 0.1678573579037286 1.010804584872085
3 0.018230452624 0.227 -0.5398255511082471 -0.009770443143135578 0.1675548480118512 1.010680487912127
3 0.018230452624 0.228 -0.5392087521182929 -0.009734402608510403 0.1672542120176176 1.010557906890382
3 0.018230452624 0.229 -0.5385942419103532 -0.009698069937516308 0.1669554301852141 1.010436821588062
3 0.018230452624 0.23 -0.5379820381317931 -0.009661471115224533 0.1666584832240159 1.010317212081296
3 0.018230452624 0.231 -0.537372156825434 -0.009624631005184981 0.1663633522702019 1.010199058735701
3 0.018230452624 0.232 -0.5367646124924218 -0.00958757337422452 0.1660700188722275 1.010082342203188
3 0.018230452624 0.233 -0.5361594181676137 -0.00955032092682633 0.1657784649731586 1.009967043416161
3 0.018230452624 0.234 -0.5355565854816726 -0.009512895330677644 0.1654886728967586 1.009853143583938
3 0.018230452624 0.235 -0.5349561247259704 -0.009475317244794298 0.165200625333015 1.009740624188401
3 0.018230452624 0.236 -0.5343580449189654 -0.009437606349638269 0.1649143053233874 1.009629466978986
3 0.018230452624 0.237 -0.5337623538616311 -0.009399781369400432 0.16462969624924 1.009519653969731
3 0.018230452624 0.238 -0.5331690582025783 -0.009361860102608525 0.1643467818176889 1.009411167433925
3 0.018230452624 0.239 -0.5325781634924968 -0.009323859445007946 0.1640655460505466 1.009303989900793
3 0.018230452624 0.24 -0.5319896742406504 -0.009285795414664793 0.1637859732728082 1.009198104151494
3 0.018230452624 0.241 -0.5314035939722627 -0.009247683178770961 0.1635080481009029 1.009093493214494
3 0.018230452624 0.242 -0.5308199252772701 -0.009209537073614504 0.1632317554335856 1.008990140362841
3 0.018230452624 0.243 -0.5302386698663158 -0.009171370631758696 0.1629570804406791 1.008888029109231
3 0.018230452624 0.244 -0.5296598286183475 -0.009133196602483885 0.1626840085543859 1.008787143202959
3 0.018230452624 0.245 -0.5290834016296163 -0.009095026974138994 0.1624125254602183 1.008687466626218
3 0.018230452624 0.246 -0.5285093882630688 -0.009056872997940146 0.1621426170877195 1.00858898358984
3 0.018230452624 0.247 -0.5279377871911254 -0.009018745205828889 0.1618742696033923 1.008491678530792
3 0.018230452624 0.248 -0.5273685964435759 -0.008980653434548519 0.1616074694018147 1.008395536107618
3 0.018230452624 0.249 -0.5268018134490723 -0.008942606843868 0.1613422030989048 1.008300541197636
3 0.018230452624 0.25 -0.526237435077458 -0.008904613936440252 0.1610784575248579 1.008206678893534
3 0.018230452624 0.251 -0.5256754576829489 -0.008866682580176226 0.1608162197164702 1.008113934498986
3 0.018230452624 0.252 -0.5251158771392597 -0.008828820020935751 0.1605554769128011 1.008022293527475
3 0.018230452624 0.253 -0.5245586888804799 -0.008791032903718956 0.1602962165482558 1.007931741698151
3 0.018230452624 0.254 -0.5240038879407048 -0.008753327293850701 0.1600384262458413 1.007842264931539
3 0.018230452624 0.255 -0.5234514689894471 -0.008715708694104851 0.159782093811893 1.007753849346496
3 0.018230452624 0.256 -0.5229014263653736 -0.008678182059863043 0.1595272072315921 1.00766648125781
3 0.018230452624 0.257 -0.5223537541080757 -0.00864075181091228 0.1592737546657484 1.007580147175018
3 0.018230452624 0.258 -0.5218084459945348 -0.008603421853188121 0.1590217244444601 1.007494833797505
3 0.018230452624 0.259 -0.5212654955716232 -0.008566195596167845 0.1587711050623027 1.007410528010996
3 0.018230452624 0.26 -0.5207248961864156 -0.00852907596802927 0.1585218851743519 1.007327216884759
3 0.018230452624 0.261 -0.5201866410154063 -0.008492065429119592 0.1582740535928902 1.007244887669395
3 0.018230452624 0.262 -0.5196507230927402 -0.008455165982553026 0.1580275992852292 1.00716352779576
3 0.018230452624 0.263 -0.5191171353402332 -0.008418379193281391 0.1577825113687549 1.007083124870447
3 0.018230452624 0.264 -0.5185858705947068 -0.008381706203419541 0.1575387791072829 1.007003666672558
3 0.018230452624 0.265 -0.5180569216337891 -0.008345147745644311 0.1572963919081262 1.00692514115112
3 0.018230452624 0.266 -0.5175302812011163 -0.008308704155148396 0.1570553393197641 1.006847536423064
3 0.018230452624 0.267 -0.5170059420313867 -0.008272375379157201 0.1568156110305133 1.006770840772243
3 0.018230452624 0.268 -0.5164838968747344 -0.00823616099361848 0.1565771968646717 1.006695042645258
3 0.018230452624 0.269 -0.5159641385195147 -0.008200060216683536 0.1563400867798035 1.006620130648491
3 0.018230452624 0.27 -0.5154466598141206 -0.008164071920535499 0.1561042708646422 1.006546093545723
3 0.018230452624 0.271 -0.5149314536886231 -0.008128194641989925 0.1558697393375311 1.00647292025628
3 0.018230452624 0.272 -0.514418513176971 -0.008092426591042451 0.1556364825457833 1.006400599854137
3 0.018230452624 0.273 -0.5139078314364286 -0.008056765665442849 0.1554044909626848 1.006329121564071
3 0.018230452624 0.274 -0.5133994017663621 -0.00802120946253599 0.1551737551855142 1.00625847475892
3 0.018230452624 0.275 -0.5128932176265412 -0.007985755289692609 0.1549442659341062 1.006188648957399
3 0.018230452624 0.276 -0.512389272655621 -0.007950400173704988 0.1547160140499045 1.006119633822391
3 0.018230452624 0.277 -0.5118875606907788 -0.007915140868469214 0.1544889904958739 1.006051419160134
3 0.018230452624 0.278 -0.5113880757828457 -0.007879973867683862 0.1542631863541691 1.005983994916671
3 0.018230452624 0.279 -0.5108908122115826 -0.007844895415236109 0.1540385928247246 1.005917351175321
3 0.018230452624 0.28 -0.5103957645008836 -0.007809901514392564 0.1538152012243338 1.005851478154673
3 0.018230452624 0.281 -0.5099029274344596 -0.007774987936125573 0.1535930029861827 1.00578636620701
3 0.018230452624 0.282 -0.5094122960731694 -0.007740150226025822 0.1533719896601986 1.005722005817573
3 0.018230452624 0.283 -0.508923865766403 -0.007705383715342367 0.1531521529112251 1.005658387601282
3 0.018230452624 0.284 -0.5084376321642819 -0.00767068353008154 0.1529334845180472 1.005595502300408
3 0.018230452624 0.285 -0.5079535912301326 -0.007636044599100731 0.1527159763728668 1.005533340782717
3 0.018230452624 0.286 -0.5074717392536895 -0.007601461661488409 0.1524996204812055 1.00547189404003
3 0.018230452624 0.287 -0.5069920728663508 -0.007566929272795044 0.1522844089625962 1.005411153187548
3 0.018230452624 0.288 -0.5065145890493067 -0.007532441814609177 0.152070334049131 1.005351109460828
3 0.018230452624 0.289 -0.5060392851430452 -0.007497993502520213 0.1518573880848126 1.005291754213628
3 0.018230452624 0.29 -0.5055661588574235 -0.007463578393244125 0.1516455635253265 1.005233078916204
3 0.018230452624 0.291 -0.5050952082826708 -0.007429190391168666 0.1514348529382225 1.005175075153983
3 0.018230452624 0.292 -0.5046264319027719 -0.007394823253982903 0.1512252490038675 1.00511773462695
3 0.018230452624 0.293 -0.5041598286007748 -0.007360470600963724 0.1510167445142611 1.005061049146848
3 0.018230452624 0.294 -0.50369539766594 -0.007326125919938224 0.1508093323726226 1.005005010635199
3 0.018230452624 0.295 -0.5032331388016963 -0.007291782573557359 0.1506030055933789 1.004949611121722
3 0.018230452624 0.296 -0.502773052134693 -0.007257433805106833 0.1503977573025486 1.004894842743123
3 0.018230452624 0.297 -0.5023151382264875 -0.007223072743608289 0.15019358073889 1.004840697742528
3 0.018230452624 0.298 -0.5018593980764163 -0.007188692410971993 0.1499904692528974 1.004787168466903
3 0.018230452624 0.299 -0.5014058331266854 -0.007154285728080264 0.1497884163065512 1.004734247365215
3 0.018230452624 0.3 -0.500954445268461 -0.007119845520313119 0.1495874154734543 1.004681926986986
3 0.018230452624 0.301 -0.5005052368491903 -0.00708536452271516 0.1493874604393582 1.004630199981164
3 0.018230452624 0.302 -0.5000582106827494 -0.007050835384634595 0.1491885450034485 1.004579059095624
3 0.018230452624 0.303 -0.4996133700502139 -0.00701625067588071 0.1489906630774541 1.004528497174762
3 0.018230452624 0.304 -0.4991707187031493 -0.006981602892036788 0.1487938086855012 1.004478507157814
3 0.018230452624 0.305 -0.4987302608680617 -0.006946884459330725 0.1485979759643442 1.004429082077504
3 0.018230452624 0.306 -0.4982920012521737 -0.006912087739238843 0.1484031591639826 1.004380215059019
3 0.018230452624 0.307 -0.497855945052172 -0.00687720503272244 0.1482093526490372 1.004331899319542
3 0.018230452624 0.308 -0.4974220979531715 -0.006842228585513161 0.1480165508979188 1.004284128166038
3 0.018230452624 0.309 -0.4969904661304339 -0.006807150592751869 0.1478247485027377 1.004236894993684
3 0.018230452624 0.31 -0.4965610562523715 -0.006771963203287126 0.1476339401695856 1.004190193284632
3 0.018230452624 0.311 -0.496133875484946 -0.006736658523788196 0.1474441207192022 1.004144016607061
3 0.018230452624 0.312 -0.4957089314991336 -0.006701228622632832 0.147255285088403 1.004098358614748
3 0.018230452624 0.313 -0.4952862324683403 -0.006665665534429543 0.1470674283292649 1.00405321304502
3 0.018230452624 0.314 -0.4948657870687491 -0.006629961264068008 0.1468805456090533 1.004008573717302
3 0.018230452624 0.315 -0.4944476044810452 -0.00659410779051911 0.1466946322105206 1.003964434531974
3 0.018230452624 0.316 -0.4940316943935832 -0.006558097070521464 0.1465096835325881 1.003920789469488
3 0.018230452624 0.317 -0.4936180670086712 -0.006521921042168604 0.1463256950917937 1.003877632589992
3 0.018230452624 0.318 -0.4932067330386641 -0.006485571628764333 0.1461426625214613 1.003834958031418
3 0.018230452624 0.319 -0.4927977037051131 -0.006449040742360512 0.1459605815716154 1.003792760008144
3 0.018230452624 0.32 -0.4923909907393585 -0.006412320287123859 0.1457794481092693 1.003751032809932
3 0.018230452624 0.321 -0.4919866063845922 -0.006375402162653167 0.1455992581190946 1.003709770801124
3 0.018230452624 0.322 -0.4915845634010479 -0.006338278267308883 0.1454200077048618 1.003668968420283
3 0.018230452624 0.323 -0.4911848750609705 -0.00630094050148631 0.1452416930885684 1.003628620178431
3 0.018230452624 0.324 -0.4907875551467181 -0.006263380770707577 0.1450643106103195 1.003588720657806
3 0.018230452624 0.325 -0.4903926179503518 -0.006225590988612919 0.1448878567285819 1.003549264510879
3 0.018230452624 0.326 -0.4900000782746997 -0.006187563079959112 0.1447123280208202 1.003510246459609
3 0.018230452624 0.327 -0.4896099514375313 -0.006149288983729765 0.144537721184908 1.00347166129512
3 0.018230452624 0.328 -0.4892222532474814 -0.006110760654997343 0.1443640330338934 1.003433503873741
3 0.018230452624 0.329 -0.488837000045744 -0.0060719700696878 0.1441912605063788 1.003395769121604
3 0.018230452624 0.33 -0.4884542087538268 -0.006032909230174029 0.144019400678494 1.003358452039899
3 0.018230452624 0.331 -0.4880738965486502 -0.005993570150852392 0.14384845068696 1.003321547662742
3 0.018230452624 0.332 -0.4876960814464188 -0.005953944892350781 0.1436784078690901 1.003285051130756
3 0.018230452624 0.333 -0.4873207816983397 -0.005914025529910211 0.143509269618727 1.003248957613961
3 0.018230452624 0.334 -0.4869480161547524 -0.005873804177535594 0.1433410334742528 1.003213262357003
3 0.018230452624 0.335 -0.4865778042616269 -0.005833272991973918 0.1431736971188207 1.003177960677752
3 0.018230452624 0.336 -0.4862101656975477 -0.005792424147287418 0.1430072582922727 1.003143047922526
3 0.018230452624 0.337 -0.4858451209624829 -0.005751249884151935 0.1428417149362292 1.003108519536975
3 0.018230452624 0.338 -0.4854826907858862 -0.005709742463422354 0.1426770650491305 1.00307437099417
3 0.018230452624 0.339 -0.4851228964818187 -0.005667894198799885 0.1425133067746507 1.003040597836794
3 0.018230452624 0.34 -0.484765759944255 -0.005625697460408299 0.1423504384018071 1.003007195675839
3 0.018230452624 0.341 -0.4844113032934569 -0.005583144640979575 0.1421884582765112 1.002974160148836
3 0.018230452624 0.342 -0.4840595494470572 -0.005540228218181602 0.1420273649470108 1.002941486985998
3 0.018230452624 0.343 -0.4837105215449877 -0.005496940694871225 0.1418671570184807 1.002909171943126
3 0.018230452624 0.344 -0.483364243293037 -0.005453274639433218 0.1417078332415538 1.002877210840976
3 0.018230452624 0.345 -0.4830207389570809 -0.005409222689011235 0.1415493925122939 1.002845599564059
3 0.018230452624 0.346 -0.4826800330213658 -0.005364777508132612 0.1413918337836756 1.002814334021652
3 0.018230452624 0.347 -0.4823421507379899 -0.00531993186281342 0.1412351562108729 1.00278341020954
3 0.018230452624 0.348 -0.4820071175726558 -0.005274678548791234 0.1410793590058966 1.002752824147394
3 0.018230452624 0.349 -0.4816749595343577 -0.005229010438810566 0.1409244415259276 1.002722571915523
3 0.018230452624 0.35 -0.4813457031686369 -0.005182920485557693 0.1407704032731468 1.002692649653755
3 0.018230452624 0.351 -0.4810193752300501 -0.005136401673434068 0.140617243806456 1.002663053525043
3 0.018230452624 0.352 -0.480696003206498 -0.005089447103365137 0.1404649628860833 1.002633779773114
3 0.018230452624 0.353 -0.4803756147894253 -0.005042049910121128 0.1403135603287913 1.002604824663998
3 0.018230452624 0.354 -0.480058238187539 -0.004994203315927311 0.1401630360956863 1.002576184520354
3 0.018230452624 0.355 -0.4797439021191777 -0.004945900633145132 0.1400133902918973 1.002547855720425
3 0.018230452624 0.356 -0.4794326355010324 -0.004897135209802284 0.1398646230788702 1.002519834664054
3 0.018230452624 0.357 -0.4791244679440861 -0.004847900524185553 0.1397167348177347 1.002492117826526
3 0.018230452624 0.358 -0.4788194292515586 -0.004798190092199267 0.1395697259256349 1.002464701703966
3 0.018230452624 0.359 -0.478517549714742 -0.004747997526767876 0.1394235969626732 1.002437582845392
3 0.018230452624 0.36 -0.4782188601045582 -0.004697316540299839 0.1392783486314348 1.002410757851754
3 0.018230452624 0.361 -0.4779233913784212 -0.004646140884495111 0.1391339816901969 1.002384223344181
3 0.018230452624 0.362 -0.4776311751448232 -0.004594464453934316 0.1389904970944893 1.002357976014291
3 0.018230452624 0.363 -0.4773422431920406 -0.004542281184288127 0.1388478958551135 1.002332012573172
3 0.018230452624 0.364 -0.477056627764331 -0.004489585117056046 0.1387061791238726 1.002306329781342
3 0.018230452624 0.365 -0.4767743615527407 -0.004436370401844053 0.1385653481929406 1.002280924447846
3 0.018230452624 0.366 -0.4764954774218475 -0.004382631230895733 0.1384254044093342 1.002255793400587
3 0.018230452624 0.367 -0.4762200088402564 -0.004328361951002396 0.1382863493140913 1.00223093353335
3 0.018230452624 0.368 -0.4759479894428484 -0.004273556953260445 0.1381481845025535 1.002206341758116
3 0.018230452624 0.369 -0.4756794532857132 -0.004218210742755046 0.1380109117085315 1.002182015033069
3 0.018230452624 0.37 -0.4754144348362633 -0.004162317940677772 0.1378745328035169 1.002157950361756
3 0.018230452624 0.371 -0.4751529687214622 -0.004105873213964252 0.1377390497127689 1.00213414476535
3 0.018230452624 0.372 -0.4748950901216934 -0.004048871394944802 0.1376044645515334 1.002110595326616
3 0.018230452624 0.373 -0.4746408343691269 -0.003991307363248484 0.1374707794881649 1.00208729914533
3 0.018230452624 0.374 -0.4743902371798797 -0.003933176120094901 0.137337996826377 1.002064253364467
3 0.018230452624 0.375 -0.4741433346434822 -0.003874472790273796 0.1372061190042967 1.002041455169415
3 0.018230452624 0.376 -0.4739001629940865 -0.003815192547218918 0.1370751485125176 1.002018901762046
3 0.018230452624 0.377 -0.4736607589653421 -0.003755330739898009 0.1369450880267821 1.001996590401821
3 0.018230452624 0.378 -0.4734251594272799 -0.003694882767379876 0.1368159402745216 1.001974518364117
3 0.018230452624 0.379 -0.47319340159429 -0.003633844157442996 0.1366877081148396 1.001952682964701
3 0.018230452624 0.38 -0.4729655230139813 -0.003572210568435174 0.1365603945374115 1.001931081559012
3 0.018230452624 0.381 -0.4727415613627678 -0.00350997771006914 0.1364340025828529 1.001909711517904
3 0.018230452624 0.382 -0.4725215547595306 -0.003447141477116121 0.1363085354712931 1.001888570266097
3 0.018230452624 0.383 -0.4723055414432679 -0.003383697817084133 0.1361839964729064 1.001867655243192
3 0.018230452624 0.384 -0.4720935599555664 -0.003319642812889315 0.1360603889852816 1.001846963926577
3 0.018230452624 0.385 -0.4718856491288895 -0.003254972684610358 0.1359377165321674 1.001826493830749
3 0.018230452624 0.386 -0.4716818479078529 -0.003189683706255194 0.1358159826865037 1.001806242484622
3 0.018230452624 0.387 -0.471482195619585 -0.003123772345875343 0.1356951911943194 1.001786207467506
3 0.018230452624 0.388 -0.4712867316942576 -0.003057235126748216 0.1355753458498234 1.001766386372632
3 0.018230452624 0.389 -0.471095495820801 -0.002990068713887091 0.1354564505698161 1.001746776828584
3 0.018230452624 0.39 -0.4709085279346529 -0.002922269915701993 0.1353385093922825 1.001727376498663
3 0.018230452624 0.391 -0.4707258680659628 -0.002853835596957803 0.1352215264024304 1.001708183059665
3 0.018230452624 0.392 -0.4705475565646738 -0.002784762824968536 0.1351055058513524 1.001689194235535
3 0.018230452624 0.393 -0.4703736338659325 -0.00271504872463232 0.1349904520362372 1.001670407763249
3 0.018230452624 0.394 -0.4702041406178667 -0.002644690568579444 0.1348763693714851 1.001651821412862
3 0.018230452624 0.395 -0.4700391176688228 -0.002573685778748673 0.134763262387151 1.001633432986919
3 0.018230452624 0.396 -0.469878605943671 -0.00250203183573445 0.1346511356583272 1.001615240300591
3 0.018230452624 0.397 -0.4697226466217363 -0.002429726430752399 0.1345399939180185 1.001597241213178
3 0.018230452624 0.398 -0.4695712809489803 -0.002356767314841562 0.1344298419430276 1.001579433596171
3 0.018230452624 0.399 -0.4694245503367209 -0.002283152392467742 0.1343206846214401 1.001561815352022
3 0.018230452624 0.4 -0.4692824963483836 -0.002208879723021822 0.1342125269509203 1.001544384413592
3 0.018230452624 0.401 -0.4691451606050204 -0.002133947426736743 0.1341053739717711 1.00152713872556
3 0.018230452624 0.402 -0.4690125849143105 -0.00205835384213892 0.1339992308734812 1.001510076273909
3 0.018230452624 0.403 -0.4688848111313129 -0.001982097369707211 0.1338941028868273 1.001493195056034
3 0.018230452624 0.404 -0.4687618812270611 -0.001905176568761418 0.1337899953474015 1.00147649309831
3 0.018230452624 0.405 -0.4686438372748539 -0.001827590158887071 0.1336869136937627 1.001459968455578
3 0.018230452624 0.406 -0.4685307213860444 -0.001749336922590862 0.1335848634044995 1.001443619193742
3 0.018230452624 0.407 -0.4684225757884198 -0.00167041586796835 0.1334838500979193 1.001427443417371
3 0.018230452624 0.408 -0.4683194427372329 -0.00159082606709193 0.1333838794308995 1.001411439241719
3 0.018230452624 0.409 -0.4682213645526606 -0.001510566756022488 0.1332849571581372 1.001395604809169
3 0.018230452624 0.41 -0.4681283836056543 -0.00142963733616321 0.1331870891301574 1.001379938288757
3 0.018230452624 0.411 -0.4680405422850083 -0.001348037273814651 0.1330902812347013 1.001364437859873
3 0.018230452624 0.412 -0.4679578830235073 -0.001265766267797874 0.1329945394890344 1.001349101738108
3 0.018230452624 0.413 -0.4678804482608637 -0.00118282408283356 0.1328998699460718 1.001333928149057
3 0.018230452624 0.414 -0.467808280449077 -0.001099210652518902 0.132806278749033 1.001318915343719
3 0.018230452624 0.415 -0.4677414220378665 -0.001014926080611329 0.1327137721293121 1.001304061598042
3 0.018230452624 0.416 -0.4676799154739729 -0.0009299705376408313 0.1326223563525038 1.001289365197675
3 0.018230452624 0.417 -0.4676238031735493 -0.0008443444332303606 0.1325320378028211 1.001274824462161
3 0.018230452624 0.418 -0.4675731275385465 -0.0007580482447243223 0.1324428228970068 1.00126043772041
3 0.018230452624 0.419 -0.4675279309290598 -0.0006710826229733624 0.1323547181340856 1.001246203325123
3 0.018230452624 0.42 -0.4674882556483679 -0.0005834483935473737 0.1322677300930982 1.001232119652361
3 0.018230452624 0.421 -0.4674541439753715 -0.0004951464505626523 0.1321818653840739 1.001218185087268
3 0.018230452624 0.422 -0.467425638081785 -0.0004061779334386781 0.1320971307240572 1.001204398046731
3 0.018230452624 0.423 -0.4674027801034301 -0.0003165440510359269 0.1320135328593084 1.001190756956409
3 0.018230452624 0.424 -0.4673856120787082 -0.0002262461900884781 0.1319310786098504 1.001177260264236
3 0.018230452624 0.425 -0.4673741759332666 -0.0001352859163444339 0.1318497748670704 1.001163906440029
3 0.018230452624 0.426 -0.4673685135464318 -4.366486576850865e-05 0.131769628549939 1.001150693962107
3 0.018230452624 0.427 -0.467368666611839 4.861507453316096e-05 0.1316906466721589 1.001137621338518
3 0.018230452624 0.428 -0.4673746767650137 0.0001415519463994578 0.131612836273144 1.001124687085527
3 0.018230452624 0.429 -0.4673865854871571 0.0002351436096992585 0.1315362044570666 1.001111889740258
3 0.018230452624 0.43 -0.4674044340894645 0.0003293877412666921 0.1314607583903295 1.001099227860331
3 0.018230452624 0.431 -0.4674282638143559 0.0004242819461567056 0.1313865052633265 1.00108670001133
3 0.018230452624 0.432 -0.4674581156382694 0.000519823572832278 0.1313134523482357 1.001074304786683
3 0.018230452624 0.433 -0.4674940304568236 0.0006160098971978014 0.1312416069392557 1.001062040787512
3 0.018230452624 0.434 -0.4675360489531583 0.0007128380093749486 0.1311709763858673 1.001049906634479
3 0.018230452624 0.435 -0.4675842115819283 0.0008103048127177047 0.131101568090178 1.001037900967441
3 0.018230452624 0.436 -0.4676385587060826 0.0009084071373514694 0.1310333894745099 1.001026022433716
3 0.018230452624 0.437 -0.4676991303406385 0.001007141551767755 0.1309664480293752 1.0010142697067
3 0.018230452624 0.438 -0.467765966396626 0.001106504550512514 0.1309007512634355 1.001002641466999
3 0.018230452624 0.439 -0.4678391065132838 0.001206492438836256 0.1308363067306969 1.000991136413518
3 0.018230452624 0.44 -0.4679185900417533 0.001307101331793848 0.1307731220277321 1.000979753263146
3 0.018230452624 0.441 -0.4680044562181003 0.0014083272698822 0.1307112047673738 1.000968490739758
3 0.018230452624 0.442 -0.4680967438469827 0.001510166027356566 0.1306505626164207 1.000957347591658
3 0.018230452624 0.443 -0.4681954916054838 0.001612613303263796 0.1305912032557746 1.000946322573903
3 0.018230452624 0.444 -0.468300737838522 0.001715664604162023 0.1305331344012968 1.000935414458692
3 0.018230452624 0.445 -0.4684125205422739 0.00181931524331099 0.1304763638009112 1.00092462203507
3 0.018230452624 0.446 -0.4685308775740695 0.001923560458211173 0.1304208992146738 1.000913944098627
3 0.018230452624 0.447 -0.46865584627497 0.002028395215977323 0.1303667484417727 1.000903379467838
3 0.018230452624 0.448 -0.4687874638344971 0.002133814407385666 0.1303139192912819 1.0008929269675
3 0.018230452624 0.449 -0.4689257670486765 0.002239812727872062 0.1302624195964169 1.000882585438475
3 0.018230452624 0.45 -0.4690707923032213 0.002346384676819329 0.1302122572115214 1.0008723537374
3 0.018230452624 0.451 -0.4692225758208685 0.002453524676786827 0.1301634399987765 1.000862230727048
3 0.018230452624 0.452 -0.4693811532219926 0.002561226876300845 0.1301159758440704 1.000852215291629
3 0.018230452624 0.453 -0.4695465599511284 0.002669485346561288 0.1300698726387962 1.000842306321277
3 0.018230452624 0.454 -0.4697188309971395 0.002778293960942256 0.1300251382872505 1.000832502721175
3 0.018230452624 0.455 -0.4698980008761927 0.002887646394383403 0.1299817807035103 1.000822803411286
3 0.018230452624 0.456 -0.4700841039170361 0.002997536244083787 0.1299398078050324 1.000813207317322
3 0.018230452624 0.457 -0.4702771737588913 0.00310795683009484 0.1298992275169871 1.000803713385076
3 0.018230452624 0.458 -0.4704772438405516 0.003218901394306354 0.1298600477655098 1.000794320565895
3 0.018230452624 0.459 -0.4706843470822387 0.00333036297868971 0.1298222764779988 1.000785027825224
3 0.018230452624 0.46 -0.4708985158684038 0.003442334424800831 0.129785921579885 1.000775834142355
3 0.018230452624 0.461 -0.4711197823713706 0.003554808495695649 0.1297509909953672 1.000766738501966
3 0.018230452624 0.462 -0.4713481779858775 0.003667777674739329 0.1297174926398171 1.000757739907551
3 0.018230452624 0.463 -0.471583733881406 0.003781234366463801 0.1296854344248795 1.000748837367808
3 0.018230452624 0.464 -0.4718264806453718 0.00389517077381119 0.1296548242514353 1.000740029904642
3 0.018230452624 0.465 -0.4720764482657851 0.004009578897756331 0.1296256700062685 1.000731316552935
3 0.018230452624 0.466 -0.4723336664936073 0.004124450660183756 0.1295979795701699 1.000722696352614
3 0.018230452624 0.467 -0.4725981642134462 0.004239777701356331 0.1295717607980407 1.000714168361239
3 0.018230452624 0.468 -0.4728699700596405 0.004355551582207368 0.1295470215362186 1.000705731641242
3 0.018230452624 0.469 -0.4731491120205092 0.004471763660860038 0.1295237696078813 1.000697385267433
3 0.018230452624 0.47 -0.4734356174209134 0.004588405092377772 0.1295020128096171 1.000689128326785
3 0.018230452624 0.471 -0.4737295133235848 0.004705466952324334 0.1294817589271182 1.000680959910992
3 0.018230452624 0.472 -0.4740308258356252 0.004822940033365786 0.129463015702629 1.000672879128278
3 0.018230452624 0.473 -0.4743395807887276 0.004940815048529714 0.1294457908648561 1.000664885091429
3 0.018230452624 0.474 -0.4746558033043011 0.005059082507295322 0.1294300921066009 1.000656976924832
3 0.018230452624 0.475 -0.4749795177759748 0.005177732715480346 0.1294159270812389 1.00064915376427
3 0.018230452624 0.476 -0.4753107483100696 0.00529675589918674 0.1294033034262131 1.000641414749955
3 0.018230452624 0.477 -0.475649517967706 0.005416142001041667 0.1293922287174926 1.000633759037586
3 0.018230452624 0.478 -0.4759958495093889 0.005535880883924777 0.1293827105124049 1.000626185787141
3 0.018230452624 0.479 -0.4763497649209224 0.005655962206943214 0.1293747563192987 1.000618694169469
3 0.018230452624 0.48 -0.4767112853959005 0.005776375425463855 0.1293683735939379 1.0006112833661
3 0.018230452624 0.481 -0.4770804318153933 0.005897109915127603 0.1293635697709918 1.000603952562716
3 0.018230452624 0.482 -0.4774572239256344 0.006018154768267611 0.1293603522051923 1.000596700959514
3 0.018230452624 0.483 -0.4778416811470338 0.006139498997573172 0.1293587282274055 1.000589527760702
3 0.018230452624 0.484 -0.4782338220608984 0.006261131412283783 0.129358705106139 1.000582432180679
3 0.018230452624 0.485 -0.4786336643919571 0.006383040618375735 0.1293602900438565 1.000575413443855
3 0.018230452624 0.486 -0.4790412255272303 0.0065052151423079 0.1293634902166494 1.000568470778534
3 0.018230452624 0.487 -0.479456521629442 0.006627643228188654 0.129368312701803 1.000561603426624
3 0.018230452624 0.488 -0.479879568510353 0.006750313040811821 0.1293747645474012 1.000554810633796
3 0.018230452624 0.489 -0.4803103810784114 0.006873212542424238 0.1293828527255077 1.000548091655276
3 0.018230452624 0.49 -0.4807489733213629 0.006996329493075734 0.1293925841284086 1.000541445755672
3 0.018230452624 0.491 -0.4811953588641619 0.007119651573739168 0.1294039656166329 1.000534872203245
3 0.018230452624 0.492 -0.4816495500184407 0.007243166184830835 0.1294170039326655 1.000528370279013
3 0.018230452624 0.493 -0.4821115587198699 0.00736686064802058 0.1294317057843528 1.000521939267522
3 0.018230452624 0.494 -0.4825813959369801 0.007490722083947661 0.1294480777896039 1.000515578462272
3 0.018230452624 0.495 -0.483059071653909 0.007614737412743285 0.1294661264725674 1.000509287165572
3 0.018230452624 0.496 -0.4835445954670984 0.007738893476147119 0.1294858583201537 1.000503064683148
3 0.018230452624 0.497 -0.4840379755713478 0.007863176838019648 0.1295072796816601 1.000496910332692
3 0.018230452624 0.498 -0.4845392197607162 0.007987573984294942 0.1295303968662175 1.000490823435207
3 0.018230452624 0.499 -0.4850483347988754 0.0081120712020401 0.1295552160788737 1.000484803320095
3 0.018230452624 0.5 -0.4855653264020511 0.008236654580159434 0.1295817434167142 1.000478849325016
3 0.018230452624 0.501 -0.4860901998741264 0.008361310130109306 0.1296099849340197 1.000472960790839
3 0.018230452624 0.502 -0.4866229590300134 0.008486023589074363 0.1296399465275971 1.00046713706966
3 0.018230452624 0.503 -0.4871636072594062 0.00861078061739794 0.1296716340484809 1.000461377516677
3 0.018230452624 0.504 -0.4877121468591557 0.008735566679400685 0.1297050532292789 1.000455681494971
3 0.018230452624 0.505 -0.4882685790164632 0.008860367044275452 0.1297402096802442 1.00045004837537
3 0.018230452624 0.506 -0.488832904481881 0.008985166904981919 0.1297771089631862 1.000444477531717
3 0.018230452624 0.507 -0.4894051224309567 0.009109951184791951 0.1298157564623321 1.000438968348385
3 0.018230452624 0.508 -0.4899852315899284 0.009234704731499224 0.1298561575104645 1.000433520212663
3 0.018230452624 0.509 -0.4905732295307465 0.009359412200432821 0.1298983173074292 1.000428132519236
3 0.018230452624 0.51 -0.4911691126545819 0.009484058055551761 0.1299422409161685 1.000422804670063
3 0.018230452624 0.511 -0.4917728769020784 0.009608626686080771 0.129987933345482 1.000417536069931
3 0.018230452624 0.512 -0.4923845165544515 0.009733102217162719 0.1300353994062773 1.000412326133513
3 0.018230452624 0.513 -0.4930040254199924 0.009857468700116232 0.1300846438522923 1.000407174278221
3 0.018230452624 0.514 -0.4936313960925026 0.009981709998099844 0.1301356712896868 1.000402079928413
3 0.018230452624 0.515 -0.4942666199351807 0.01010580978741491 0.1301884861730455 1.000397042515274
3 0.018230452624 0.516 -0.4949096878273411 0.01022975167142412 0.1302430928970652 1.000392061472648
3 0.018230452624 0.517 -0.4955605889063864 0.01035351899608107 0.13029949563809 1.000387136243664
3 0.018230452624 0.518 -0.4962193118137507 0.01047709503547236 0.1303576985095302 1.000382266274024
3 0.018230452624 0.519 -0.4968858439176596 0.01060046288060726 0.130417705462481 1.000377451015953
3 0.018230452624 0.52 -0.4975601712974634 0.0107236054409375 0.1304795202817068 1.000372689928094
3 0.018230452624 0.521 -0.4982422795258877 0.01084650555508091 0.1305431466863068 1.000367982471587
3 0.018230452624 0.522 -0.4989321523535465 0.0109691458120292 0.1306085881564685 1.000363328116298
3 0.018230452624 0.523 -0.4996297730127105 0.01109150873117985 0.1306758481036574 1.00035872633451
3 0.018230452624 0.524 -0.5003351234054573 0.01121357665474491 0.1307449297622314 1.000354176604642
3 0.018230452624 0.525 -0.501048184088521 0.01133533174949588 0.130815836185416 1.000349678411142
3 0.018230452624 0.526 -0.5017689350899861 0.01145675611379613 0.1308885703549778 1.000345231240807
3 0.018230452624 0.527 -0.502497354538269 0.01157783160531822 0.1309631349931707 1.000340834588643
3 0.018230452624 0.528 -0.5032334200218374 0.01169854001474033 0.1310395327477313 1.000336487951926
3 0.018230452624 0.529 -0.5039771077439764 0.01181886296228604 0.13111776607448 1.000332190833703
3 0.018230452624 0.53 -0.5047283925082273 0.01193878189970206 0.1311978372333005 1.000327942742697
3 0.018230452624 0.531 -0.505487248568276 0.01205827821308525 0.1312797484068242 1.000323743189838
3 0.018230452624 0.532 -0.5062536482035966 0.01217733305796945 0.1313635014975858 1.000319591693783
3 0.018230452624 0.533 -0.507027563132985 0.0122959275258322 0.1314490983278168 1.000315487775325
3 0.018230452624 0.534 -0.5078089636373299 0.01241404254529454 0.1315365405130527 1.00031143096069
3 0.018230452624 0.535 -0.5085978185457146 0.01253165888433902 0.1316258294581284 1.000307420781448
3 0.018230452624 0.536 -0.5093940961170887 0.01264875724839997 0.1317169664848514 1.000303456771249
3 0.018230452624 0.537 -0.5101977625650422 0.01276531812370693 0.1318099526144283 1.000299538471016
3 0.018230452624 0.538 -0.5110087835227408 0.01288132193572021 0.1319047887820039 1.000295665423691
3 0.018230452624 0.539 -0.5118271231352621 0.01299674895553558 0.1320014757013222 1.00029183717733
3 0.018230452624 0.54 -0.5126527440464383 0.01311157930234975 0.1321000138607503 1.000288053285026
3 0.018230452624 0.541 -0.5134856083107244 0.01322579303626634 0.1322004036598882 1.000284313301835
3 0.018230452624 0.542 -0.5143256758698599 0.0133393700108087 0.1323026451773782 1.000280616789669
3 0.018230452624 0.543 -0.5151729060665097 0.01345229002237654 0.1324067384000878 1.00027696331234
3 0.018230452624 0.544 -0.5160272567079 0.01356453272241608 0.1325126830789024 1.000273352438488
3 0.018230452624 0.545 -0.5168886840534802 0.01367607762013915 0.1326204787247905 1.000269783741504
3 0.018230452624 0.546 -0.5177571437552297 0.0137869041694828 0.1327301247542703 1.000266256796628
3 0.018230452624 0.547 -0.5186325892892527 0.01389699163172731 0.1328416202427605 1.000262771185573
3 0.018230452624 0.548 -0.51951497351514 0.01400631921504274 0.1329549641682587 1.000259326491846
3 0.018230452624 0.549 -0.5204042477128165 0.01411486599299844 0.1330701552583729 1.00025592230351
3 0.018230452624 0.55 -0.5213003615711047 0.01422261090754184 0.1331871919864432 1.000252558213118
3 0.018230452624 0.551 -0.5222032641545307 0.01432953284953548 0.133306072725751 1.000249233814966
3 0.018230452624 0.552 -0.5231129022931983 0.01443561053243768 0.1334267954886263 1.00024594870947
3 0.018230452624 0.553 -0.5240292221845858 0.01454082262098583 0.1335493581844185 1.000242702498738
3 0.018230452624 0.554 -0.5249521684057062 0.01464514765663189 0.1336737584579072 1.000239494789187
3 0.018230452624 0.555 -0.5258816839026518 0.01474856406078593 0.1337999936854954 1.000236325191478
3 0.018230452624 0.556 -0.5268177109817764 0.01485105020834254 0.1339280611380165 1.000233193317922
3 0.018230452624 0.5570000000000001 -0.5277601896615022 0.01495258431340008 0.1340579577058656 1.000230098786618
3 0.018230452624 0.5580000000000001 -0.5287090593129622 0.0150531445461084 0.1341896801710065 1.000227041217268
3 0.018230452624 0.5590000000000001 -0.5296642576497566 0.01515270896562775 0.1343232250369362 1.000224020233653
3 0.018230452624 0.5600000000000001 -0.530625720718565 0.01525125552364162 0.1344585885249653 1.000221035463569
3 0.018230452624 0.5610000000000001 -0.531593383912392 0.0153487621302735 0.1345957667454428 1.000218086536378
3 0.018230452624 0.5620000000000001 -0.5325671802882691 0.01544520655283704 0.1347347554092382 1.000215173086924
3 0.018230452624 0.5630000000000001 -0.5335470422428483 0.01554056651985897 0.1348755501134694 1.000212294751569
3 0.018230452624 0.5640000000000001 -0.5345329004822245 0.01563481966216828 0.1350181461632323 1.000209451170543
3 0.018230452624 0.5650000000000001 -0.5355246840137032 0.01572794351668196 0.1351625385679844 1.000206641987882
3 0.018230452624 0.5660000000000001 -0.5365223211786087 0.01581991558410421 0.1353087222209711 1.000203866849108
3 0.018230452624 0.5670000000000001 -0.5375257379401583 0.01591071324171296 0.1354566915974452 1.000201125404942
3 0.018230452624 0.5680000000000001 -0.5385348595897927 0.016000313833555 0.135606441053743 1.000198417307548
3 0.018230452624 0.5690000000000001 -0.5395496096997356 0.01608869462027967 0.1357579646410245 1.000195742212759
3 0.018230452624 0.5700000000000001 -0.5405699101160013 0.01617583278320024 0.1359112561017776 1.000193099780027
3 0.018230452624 0.5710000000000001 -0.5415956820080685 0.01626170547316064 0.1360663090571945 1.000190489670209
3 0.018230452624 0.5720000000000001 -0.5426268441315296 0.01634628973837364 0.1362231166925751 1.000187911549107
3 0.018230452624 0.5730000000000001 -0.5436633145606222 0.01642956259977466 0.1363816720693164 1.000185365083893
3 0.018230452624 0.5740000000000001 -0.5447050096263893 0.01651150101021951 0.13654196793095 1.000182849945227
3 0.018230452624 0.5750000000000001 -0.5457518439110154 0.01659208185882352 0.1367039966997823 1.00018036580721
3 0.018230452624 0.5760000000000001 -0.5468037313114746 0.01667128201037525 0.1368677506719319 1.000177912345283
3 0.018230452624 0.577 -0.5478605832818751 0.01674907824924871 0.1370332216904272 1.00017548923959
3 0.018230452624 0.578 -0.548922310587339 0.01682544733889477 0.1372004014696125 1.000173096171581
3 0.018230452624 0.579 -0.5499888222308212 0.01690036599102588 0.1373692813938055 1.000170732826027
3 0.018230452624 0.58 -0.5510600254488627 0.01697381087023386 0.1375398525140928 1.000168398890978
3 0.018230452624 0.581 -0.5521358267861255 0.01704575862332742 0.1377121057506967 1.00016609405576
3 0.018230452624 0.582 -0.5532161303226775 0.01711618584034362 0.1378860315543465 1.000163818014182
3 0.018230452624 0.583 -0.5543008394440401 0.0171850690971518 0.1380616202425357 1.0001615704613
3 0.018230452624 0.584 -0.5553898557599266 0.01725238493524966 0.1382388617911653 1.000159351095338
3 0.018230452624 0.585 -0.5564830791014982 0.01731810986665952 0.138417745831513 1.000157159617646
3 0.018230452624 0.586 -0.557580408603501 0.01738222039256552 0.1385982618595584 1.000154995730796
3 0.018230452624 0.587 -0.5586817409220602 0.01744469298244876 0.1387803988862734 1.00015285914164
3 0.018230452624 0.588 -0.5597869720153957 0.01750550409877896 0.1389641457850992 1.000150749558219
3 0.018230452624 0.589 -0.5608959960579306 0.01756463018804459 0.1391494910769823 1.000148666691602
3 0.018230452624 0.59 -0.5620087054391398 0.0176220476859265 0.1393364229275358 1.000146610255849
3 0.018230452624 0.591 -0.5631249918498067 0.01767773302461229 0.1395249293629107 1.000144579966185
3 0.018230452624 0.592 -0.564244744496219 0.01773166263107486 0.1397149979097202 1.000142575541931
3 0.018230452624 0.593 -0.5653678518857261 0.01778381293283061 0.1399066159530361 1.000140596703544
3 0.018230452624 0.594 -0.5664942007398693 0.01783416036082294 0.1400997705152668 1.000138643174384
3 0.018230452624 0.595 -0.567623675994909 0.01788268135487082 0.1402944482535294 1.000136714680668
3 0.018230452624 0.596 -0.5687561618885234 0.01792935235904194 0.1404906356816127 1.000134810949734
3 0.018230452624 0.597 -0.5698915401766197 0.01797414984008523 0.1406883188003205 1.000132931712843
3 0.018230452624 0.598 -0.5710296919175857 0.01801705027324289 0.1408874834652169 1.000131076702347
3 0.018230452624 0.599 -0.5721704963882858 0.01805803015759985 0.1410881151598382 1.000129245653377
3 0.018230452624 0.6 -0.5733138310863555 0.01809706602180379 0.1412901989932963 1.000127438303809
3 0.018230452624 0.601 -0.574459572813467 0.01813413440688546 0.1414937199278336 1.000125654392592
3 0.018230452624 0.602 -0.5756075959012886 0.01816921190584223 0.1416986624004443 1.000123893662441
3 0.018230452624 0.603 -0.5767577739879629 0.01820227512850362 0.1419050106995249 1.000122155857118
3 0.018230452624 0.604 -0.5779099789410079 0.01823330072995043 0.142112748732957 1.000120440723054
3 0.018230452624 0.605 -0.5790640808614629 0.01826226541650129 0.1423218600259623 1.000118748009319
3 0.018230452624 0.606 -0.5802199491596569 0.01828914591537814 0.1425323279537055 1.000117077466012
3 0.018230452624 0.607 -0.5813774507971582 0.01831391903641956 0.1427441353551256 1.000115428846852
3 0.018230452624 0.608 -0.5825364520487021 0.01833656161501699 0.1429572649175752 1.000113801906568
3 0.018230452624 0.609 -0.583696817436222 0.01835705055419483 0.143171698940356 1.000112196402453
3 0.018230452624 0.61 -0.5848584097349302 0.01837536283085745 0.1433874193328453 1.000110612094341
3 0.018230452624 0.611 -0.5860210910373359 0.0183914754517104 0.143604407851559 1.000109048743057
3 0.018230452624 0.612 -0.5871847210183363 0.01840536553805899 0.1438226457071987 1.000107506112911
3 0.018230452624 0.613 -0.5883491586755033 0.01841701024585448 0.1440421139562892 1.000105983969183
3 0.018230452624 0.614 -0.5895142612786591 0.01842638682201154 0.1442627932607938 1.000104482079627
3 0.018230452624 0.615 -0.5906798843779719 0.01843347261090817 0.1444846638865328 1.000103000214444
3 0.018230452624 0.616 -0.5918458828517864 0.01843824499598872 0.1447077059440729 1.000101538144789
3 0.018230452624 0.617 -0.5930121092023027 0.018440681508575 0.1449318989900708 1.000100095645179
3 0.018230452624 0.618 -0.5941784152668375 0.01844075972408894 0.1451572224248434 1.000098672491067
3 0.018230452624 0.619 -0.595344651187533 0.01843845733316553 0.1453836552487369 1.00009726846029
3 0.018230452624 0.62 -0.5965106654215474 0.0184337521483967 0.1456111760608556 1.000095883333048
3 0.018230452624 0.621 -0.5976763057680814 0.01842662203106085 0.1458397633031001 1.000094516890463
3 0.018230452624 0.622 -0.5988414177023805 0.01841704502484049 0.146069394856963 1.000093168916899
3 0.018230452624 0.623 -0.6000058460502937 0.01840499922732001 0.1463000484458915 1.000091839197628
3 0.018230452624 0.624 -0.6011694339828803 0.01839046287643089 0.1465317013891272 1.000090527520222
3 0.018230452624 0.625 -0.60233202302877 0.01837341435742926 0.1467643306007688 1.000089233674537
3 0.018230452624 0.626 -0.6034934540755971 0.01835383211421834 0.1469979128362311 1.000087957451318
3 0.018230452624 0.627 -0.6046535657503399 0.01833169480882791 0.1472324242857253 1.000086698644447
3 0.018230452624 0.628 -0.6058121960492187 0.01830698116732345 0.1474678409801982 1.000085457048681
3 0.018230452624 0.629 -0.6069691813621316 0.01827967008209586 0.1477041385434074 1.000084232461003
3 0.018230452624 0.63 -0.6081243564872573 0.01824974061906066 0.1479412921913369 1.000083024680602
3 0.018230452624 0.631 -0.6092775556019419 0.01821717191306528 0.1481792769803077 1.000081833507531
3 0.018230452624 0.632 -0.610428610697652 0.01818194335394099 0.1484180673984481 1.000080658744873
3 0.018230452624 0.633 -0.6115773531569902 0.01814403440600317 0.1486576377739184 1.000079500196563
3 0.018230452624 0.634 -0.6127236128130473 0.0181034247266694 0.148897962026032 1.000078357668685
3 0.018230452624 0.635 -0.6138672179663139 0.01806009417386712 0.1491390136650441 1.000077230969463
3 0.018230452624 0.636 -0.6150079963199137 0.01801402268504574 0.1493807660410972 1.000076119907953
3 0.018230452624 0.637 -0.6161457734776926 0.01796519049056237 0.1496231919350616 1.000075024296152
3 0.018230452624 0.638 -0.6172803744598774 0.01791357790600122 0.1498662639676816 1.000073943946872
3 0.018230452624 0.639 -0.6184116228025808 0.01785916546757276 0.1501099543505963 1.000072878675015
3 0.018230452624 0.64 -0.6195393405770857 0.01780193393971486 0.1503542348865215 1.000071828297552
3 0.018230452624 0.641 -0.6206633492841674 0.01774186417726194 0.1505990772181691 1.000070792632261
3 0.018230452624 0.642 -0.6217834684240773 0.0176789373668701 0.150844452419912 1.000069771499767
3 0.018230452624 0.643 -0.6228995169421331 0.01761313479143802 0.1510903314064118 1.000068764721488
3 0.018230452624 0.644 -0.62401131237375 0.01754443798270505 0.1513366846844401 1.000067772120866
3 0.018230452624 0.645 -0.6251186708661582 0.01747282872902928 0.1515834823534719 1.000066793523349
3 0.018230452624 0.646 -0.62622140802642 0.01739828892030127 0.1518306943536743 1.000065828755164
3 0.018230452624 0.647 -0.6273193375722782 0.01732080081805303 0.152078290059921 1.000064877645302
3 0.018230452624 0.648 -0.6284122726987512 0.01724034679132288 0.152326238688391 1.00006394002352
3 0.018230452624 0.649 -0.6295000252741909 0.0171569094868318 0.1525745090501321 1.000063015721536
3 0.018230452624 0.65 -0.6305824058644828 0.01707047183692039 0.1528230695520865 1.000062104573015
3 0.018230452624 0.651 -0.6316592245292451 0.01698101688683364 0.1530718884431986 1.000061206412378
3 0.018230452624 0.652 -0.6327302895627041 0.01688852809409115 0.1533209334123757 1.000060321076722
3 0.018230452624 0.653 -0.633795408772169 0.01679298903520431 0.1535701719914761 1.000059448403889
3 0.018230452624 0.654 -0.6348543887307279 0.01669438359376818 0.1538195713115997 1.000058588233623
3 0.018230452624 0.655 -0.6359070348039814 0.01659269596853787 0.1540690981045645 1.000057740407553
3 0.018230452624 0.656 -0.6369531518887919 0.01648791048275312 0.1543187189461422 1.000056904768044
3 0.018230452624 0.657 -0.6379925432535223 0.01638001191327453 0.15456839985963 1.000056081160054
3 0.018230452624 0.658 -0.6390250117190897 0.01626898516763272 0.1548181067135765 1.000055269429262
3 0.018230452624 0.659 -0.6400503589740106 0.01615481549032795 0.1550678049818269 1.000054469423195
3 0.018230452624 0.66 -0.6410683856037107 0.01603748847102457 0.1553174597454673 1.000053680991203
3 0.018230452624 0.661 -0.6420788917660971 0.01591698983563024 0.1555670359321571 1.000052903983351
3 0.018230452624 0.662 -0.6430816761406439 0.01579330580562438 0.1558164979270405 1.000052138252218
3 0.018230452624 0.663 -0.6440765370025687 0.0156664227449964 0.1560658099634952 1.000051383651083
3 0.018230452624 0.664 -0.6450632716060279 0.01553632738499613 0.1563149358879966 1.000050640035014
3 0.018230452624 0.665 -0.6460416762160328 0.01540300683242362 0.1565638391625477 1.000049907260848
3 0.018230452624 0.666 -0.647011546715039 0.01526644834222724 0.1568124830990362 1.000049185186112
3 0.018230452624 0.667 -0.6479726776704818 0.01512663970736615 0.1570608304792799 1.000048473670773
3 0.018230452624 0.668 -0.6489248632924948 0.014983568875278 0.1573088439370169 1.000047772575473
3 0.018230452624 0.669 -0.6498678968911209 0.01483722419127061 0.1575564857286923 1.000047081762589
3 0.018230452624 0.67 -0.6508015709108623 0.01468759440688301 0.1578037177363898 1.000046401096211
3 0.018230452624 0.671 -0.6517256774624112 0.01453466843381942 0.1580505016961064 1.000045730441099
3 0.018230452624 0.672 -0.6526400075183334 0.01437843576459778 0.1582967988287813 1.000045069664374
3 0.018230452624 0.673 -0.6535443517446485 0.01421888605827589 0.1585425702116893 1.000044418633813
3 0.018230452624 0.674 -0.6544385000379745 0.01405600940261914 0.1587877765562884 1.00004377721887
3 0.018230452624 0.675 -0.6553222415627284 0.01388979632250693 0.1590323782116675 1.000043145290659
3 0.018230452624 0.676 -0.6561953652020772 0.01372023751507605 0.1592763353855957 1.000042522720945
3 0.018230452624 0.677 -0.6570576588915302 0.01354732430131175 0.159519607788442 1.000041909383774
3 0.018230452624 0.678 -0.6579089103146306 0.01337104818085556 0.1597621549920765 1.00004130515383
3 0.018230452624 0.679 -0.6587489065259834 0.01319140111302475 0.1600039362159484 1.000040709907417
3 0.018230452624 0.68 -0.6595774339911175 0.01300837552523674 0.1602449103310657 1.000040123522449
3 0.018230452624 0.681 -0.6603942789507025 0.01282196402929514 0.1604850360726419 1.000039545877465
3 0.018230452624 0.6820000000000001 -0.6611992269018467 0.01263215990397869 0.1607242716988661 1.000038976853212
3 0.018230452624 0.6830000000000001 -0.6619920631481068 0.01243895661885411 0.1609625753353618 1.000038416331054
3 0.018230452624 0.6840000000000001 -0.6627725725143644 0.01224234813416023 0.1611999047706995 1.000037864193922
3 0.018230452624 0.6850000000000001 -0.6635405393893533 0.01204232890922168 0.1614362174609186 1.0000373203263
3 0.018230452624 0.6860000000000001 -0.6642957479971725 0.01183889359987373 0.1616714707325679 1.000036784613278
3 0.018230452624 0.6870000000000001 -0.6650379820360898 0.0116320375719982 0.1619056214583286 1.000036256942081
3 0.018230452624 0.6880000000000001 -0.6657670250730691 0.01142175639436989 0.1621386263850381 1.000035737200526
3 0.018230452624 0.6890000000000001 -0.6664826603564556 0.01120804615735259 0.1623704419398626 1.000035225277946
3 0.018230452624 0.6900000000000001 -0.6671846708611574 0.01099090348127177 0.1626010242353746 1.000034721065173
3 0.018230452624 0.6910000000000001 -0.6678728394615014 0.01077032519504084 0.1628303292617546 1.000034224453624
3 0.018230452624 0.6920000000000001 -0.6685469487373048 0.01054630888048139 0.1630583125813118 1.000033735336774
3 0.018230452624 0.6930000000000001 -0.6692067812031459 0.01031885233434235 0.1632849296380361 1.000033253608672
3 0.018230452624 0.6940000000000001 -0.6698521192247902 0.01008795390568602 0.1635101355756829 1.000032779164828
3 0.018230452624 0.6950000000000001 -0.6704827450670083 0.009853612504188453 0.1637338852434158 1.000032311902199
3 0.018230452624 0.6960000000000001 -0.6710984409618495 0.009615827260098702 0.1639561333759141 1.000031851718302
3 0.018230452624 0.6970000000000001 -0.6716989890916734 0.009374598099064473 0.1641768343088717 1.000031398512642
3 0.018230452624 0.6980000000000001 -0.6722841716434554 0.009129925173578489 0.1643959422680032 1.000030952185275
3 0.018230452624 0.6990000000000001 -0.6728537708348332 0.008881809218861109 0.1646134112003146 1.000030512637666
3 0.018230452624 0.7000000000000001 -0.6734075689645348 0.00863025156105532 0.1648291947803172 1.000030079772669
3 0.018230452624 0.7010000000000001 -0.6739453483701944 0.008375253758723311 0.1650432465767679 1.000029653493683
3 0.018230452624 0.7020000000000001 -0.6744668915979346 0.008116818207776983 0.1652555197912544 1.000029233706017
3 0.018230452624 0.7030000000000001 -0.6749719812720905 0.007854947542726599 0.1654659675245519 1.000028820315511
3 0.018230452624 0.704 -0.6754604002366885 0.007589645010791521 0.1656745426223676 1.000028413229359
3 0.018230452624 0.705 -0.6759319316084433 0.007320914479955697 0.1658811976821338 1.000028012356093
3 0.018230452624 0.706 -0.6763863586183231 0.007048760062280992 0.1660858852050884 1.000027617604768
3 0.018230452624 0.707 -0.6768234649771179 0.006773186748416164 0.1662885573600786 1.000027228886275
3 0.018230452624 0.708 -0.6772430345511133 0.006494199779147766 0.1664891662251408 1.000026846112014
3 0.018230452624 0.709 -0.6776448516247102 0.006211805037393054 0.16668766364902 1.000026469194687
3 0.018230452624 0.71 -0.6780287009559421 0.005926009056080974 0.1668840012585447 1.000026098048279
3 0.018230452624 0.711 -0.6783943674960933 0.005636818623639035 0.1670781305947476 1.00002573258728
3 0.018230452624 0.712 -0.6787416369605083 0.005344241447424571 0.1672700029040324 1.000025372727937
3 0.018230452624 0.713 -0.6790702953009177 0.005048285496207046 0.1674595693528343 1.000025018386991
3 0.018230452624 0.714 -0.6793801290947898 0.004748959409617276 0.167646780906221 1.000024669482427
3 0.018230452624 0.715 -0.6796709256033079 0.004446272505817461 0.1678315883358531 1.000024325933463
3 0.018230452624 0.716 -0.6799424723634692 0.004140234369599293 0.1680139423388353 1.000023987659797
3 0.018230452624 0.717 -0.680194557973162 0.003830855543946878 0.1681937933583988 1.000023654582817
3 0.018230452624 0.718 -0.680426971351068 0.003518146844212968 0.1683710917694912 1.000023326624376
3 0.018230452624 0.719 -0.6806395022581866 0.003202119784516268 0.1685457877757695 1.000023003707524
3 0.018230452624 0.72 -0.6808319413582004 0.002882786585163178 0.1687178314181448 1.000022685756489
3 0.018230452624 0.721 -0.6810040796766372 0.002560159743877315 0.1688871726750552 1.000022372695959
3 0.018230452624 0.722 -0.6811557096089657 0.002234252754565882 0.1690537613148134 1.000022064452236
3 0.018230452624 0.723 -0.6812866239592625 0.001905079394089324 0.1692175470499746 1.000021760952069
3 0.018230452624 0.724 -0.6813966165991783 0.001572654165013976 0.1693784794540291 1.000021462123351
3 0.018230452624 0.725 -0.6814854825306056 0.001236992302747291 0.1695365079705289 1.000021167895099
3 0.018230452624 0.726 -0.6815530172066631 0.0008981093305037419 0.1696915819934752 1.00002087819677
3 0.018230452624 0.727 -0.6815990177712475 0.000556021804205429 0.1698436507534712 1.000020592959362
3 0.018230452624 0.728 -0.681623281867959 0.0002107465728850064 0.1699926634387257 1.000020312114301
3 0.018230452624 0.729 -0.6816256084415763 -0.0001376987628854857 0.1701385691327437 1.000020035594101
3 0.018230452624 0.73 -0.6816057978029293 -0.0004892958441849333 0.1702813168240302 1.000019763332352
3 0.018230452624 0.731 -0.6815636508066709 -0.0008440260143492256 0.1704208554652944 1.00001949526306
3 0.018230452624 0.732 -0.6814989703303603 -0.001201869549149485 0.1705571338955283 1.000019231321702
3 0.018230452624 0.733 -0.6814115598454938 -0.00156280642157273 0.1706901009255201 1.000018971444162
3 0.018230452624 0.734 -0.6813012243663245 -0.001926815828484097 0.1708197052978287 1.000018715567361
3 0.018230452624 0.735 -0.6811677705168333 -0.002293876184182387 0.1709458956970564 1.000018463629242
3 0.018230452624 0.736 -0.6810110055604831 -0.002663965595798197 0.1710686207865875 1.000018215568147
3 0.018230452624 0.737 -0.6808307391265048 -0.003037061069910385 0.1711878291686819 1.000017971323815
3 0.018230452624 0.738 -0.6806267815352731 -0.003413139301181335 0.1713034694324025 1.000017730836372
3 0.018230452624 0.739 -0.6803989448990565 -0.003792176184966942 0.1714154901371369 1.000017494046932
3 0.018230452624 0.74 -0.6801470431909615 -0.004174146811277687 0.1715238398234293 1.000017260897578
3 0.018230452624 0.741 -0.679870891122128 -0.004559025954099196 0.1716284670259916 1.000017031330772
3 0.018230452624 0.742 -0.6795703061224334 -0.004946787255954703 0.1717293202738616 1.000016805290306
3 0.018230452624 0.743 -0.6792451064129018 -0.005337404038917931 0.171826348098685 1.000016582720334
3 0.018230452624 0.744 -0.6788951122626776 -0.005730848804118228 0.1719194990430239 1.000016363565952
3 0.018230452624 0.745 -0.6785201460598108 -0.006127093226147864 0.1720087216717312 1.000016147773172
3 0.018230452624 0.746 -0.6781200310316383 -0.006526108655344628 0.1720939645600038 1.000015935288368
3 0.018230452624 0.747 -0.6776945934866244 -0.006927865281957946 0.1721751763356004 1.000015726059171
3 0.018230452624 0.748 -0.6772436606269779 -0.007332332967912783 0.1722523056454707 1.00001552003356
3 0.018230452624 0.749 -0.6767670619658329 -0.007739480734248793 0.1723253011900527 1.0000153171604
3 0.018230452624 0.75 -0.6762646293997266 -0.008149276756014817 0.1723941117351747 1.00001511738943
3 0.018230452624 0.751 -0.675736195768234 -0.008561688876461571 0.1724586860739507 1.000014920670726
3 0.018230452624 0.752 -0.6751815973631086 -0.008976683752620009 0.1725189731129912 1.000014726955555
3 0.018230452624 0.753 -0.6746006714748257 -0.009394227706038892 0.1725749217954327 1.000014536195516
3 0.018230452624 0.754 -0.6739932579736087 -0.009814286199288794 0.172626481162386 1.00001434834304
3 0.018230452624 0.755 -0.673359199383439 -0.01023682383138499 0.1726736003653448 1.000014163351389
3 0.018230452624 0.756 -0.6726983392773542 -0.01066180486274616 0.1727162286007681 1.00001398117414
3 0.018230452624 0.757 -0.672010525059465 -0.01108919234414512 0.17275431524214 1.000013801765996
3 0.018230452624 0.758 -0.6712956052397224 -0.01151894898449122 0.172787809717527 1.000013625081973
3 0.018230452624 0.759 -0.6705534311820576 -0.01195103661762234 0.1728166615992895 1.000013451077874
3 0.018230452624 0.76 -0.66978385717975 -0.0123854161982973 0.1728408206169727 1.000013279710281
3 0.018230452624 0.761 -0.668986738683179 -0.01282204833668439 0.172860236563472 1.000013110936079
3 0.018230452624 0.762 -0.668161935359643 -0.01326089241279578 0.1728748594747069 1.000012944713211
3 0.018230452624 0.763 -0.6673093080912872 -0.01370190745923474 0.172884639459921 1.000012780999914
3 0.018230452624 0.764 -0.6664287208932218 -0.01414505161959064 0.172889526820711 1.000012619755168
3 0.018230452624 0.765 -0.6655200409900626 -0.01459028214504185 0.1728894720643734 1.000012460938686
3 0.018230452624 0.766 -0.6645831368733286 -0.01503755593704592 0.1728844257806056 1.000012304510467
3 0.018230452624 0.767 -0.6636178816433015 -0.01548682864951995 0.1728743388704563 1.000012150431503
3 0.018230452624 0.768 -0.6626241497257297 -0.01593805558432125 0.1728591623276833 1.000011998663064
3 0.018230452624 0.769 -0.661601818962361 -0.01639119114265223 0.1728388473880896 1.00001184916712
3 0.018230452624 0.77 -0.6605507706884549 -0.01684618882231448 0.1728133455432934 1.000011701906327
3 0.018230452624 0.771 -0.6594708876174562 -0.01730300176718077 0.1727826083869866 1.000011556843611
3 0.018230452624 0.772 -0.6583620574683915 -0.01776158185953314 0.1727465878947048 1.000011413942831
3 0.018230452624 0.773 -0.6572241693976952 -0.01822188062589615 0.1727052361546731 1.000011273168106
3 0.018230452624 0.774 -0.6560571162641337 -0.01868384868294885 0.1726585055483648 1.000011134484213
3 0.018230452624 0.775 -0.654860794707076 -0.01914743573547033 0.1726063487646569 1.000010997856571
3 0.018230452624 0.776 -0.6536351028565366 -0.0196125911310833 0.1725487186147451 1.000010863250852
3 0.018230452624 0.777 -0.6523799442488183 -0.02007926294530925 0.1724855683641411 1.000010730633606
3 0.018230452624 0.778 -0.6510952239705854 -0.02054739889522522 0.1724168514115704 1.000010599971623
3 0.018230452624 0.779 -0.6497808510996648 -0.02101694578146968 0.1723425215015798 1.000010471232309
3 0.018230452624 0.78 -0.6484367387838531 -0.02148784948691898 0.1722625327390403 1.000010344383676
3 0.018230452624 0.781 -0.6470628017749084 -0.02196005553510319 0.1721768393719007 1.000010219393968
3 0.018230452624 0.782 -0.645658960634323 -0.0224335081706827 0.1720853961766725 1.000010096232251
3 0.018230452624 0.783 -0.644225137587586 -0.02290815127825383 0.1719881580840873 1.000009974867818
3 0.018230452624 0.784 -0.6427612591418348 -0.0233839278221231 0.1718850804244879 1.000009855270537
3 0.018230452624 0.785 -0.6412672561649608 -0.02386077984575325 0.1717761189426322 1.000009737410841
3 0.018230452624 0.786 -0.6397430612426556 -0.02433864903216445 0.1716612295475681 1.000009621259381
3 0.018230452624 0.787 -0.6381886131753125 -0.02481747578267871 0.171540368752694 1.000009506787576
3 0.018230452624 0.788 -0.6366038525412924 -0.02529720013805701 0.1714134932470513 1.000009393967056
3 0.018230452624 0.789 -0.6349887244918568 -0.02577776121780202 0.1712805601741252 1.00000928276999
3 0.018230452624 0.79 -0.6333431788303223 -0.02625909722041134 0.1711415271469014 1.000009173169071
3 0.018230452624 0.791 -0.6316671671918096 -0.026741145983992 0.1709963519642487 1.000009065137198
3 0.018230452624 0.792 -0.6299606478313554 -0.02722384406625686 0.1708449931064603 1.000008958647985
3 0.018230452624 0.793 -0.6282235808959076 -0.02770712766503714 0.170687409251236 1.000008853675244
3 0.018230452624 0.794 -0.626455931396399 -0.0281909320589569 0.1705235595864053 1.000008750193285
3 0.018230452624 0.795 -0.6246576692866894 -0.02867519160852983 0.1703534038251798 1.000008648176913
3 0.018230452624 0.796 -0.6228287668578429 -0.02915984024557589 0.170176901931546 1.000008547601154
3 0.018230452624 0.797 -0.6209692020172768 -0.02964481087816247 0.169994014474863 1.000008448441576
3 0.018230452624 0.798 -0.6190789565565986 -0.03013003572081236 0.1698047024493834 1.000008350674099
3 0.018230452624 0.799 -0.6171580165621161 -0.03061544622823859 0.1696089273221585 1.000008254275031
3 0.018230452624 0.8 -0.6152063724619121 -0.03110097309652938 0.1694066510422715 1.000008159221061
3 0.018230452624 0.801 -0.6132240190877907 -0.03158654626197857 0.1691978360518043 1.000008065489252
3 0.018230452624 0.802 -0.6112109557676068 -0.03207209489513196 0.1689824453003788 1.000007973057045
3 0.018230452624 0.803 -0.6091671863304772 -0.03255754740977158 0.1687604422498843 1.000007881902243
3 0.018230452624 0.804 -0.6070927191394333 -0.03304283146702663 0.1685317908821947 1.00000779200301
3 0.018230452624 0.805 -0.6049875671380358 -0.03352787397710545 0.1682964557084428 1.000007703337863
3 0.018230452624 0.806 -0.6028517479125985 -0.03401260109871098 0.1680544017801747 1.000007615885667
3 0.018230452624 0.8070000000000001 -0.6006852837862972 -0.03449693823375102 0.1678055947043796 1.000007529625636
3 0.018230452624 0.8080000000000001 -0.5984882018214608 -0.0349808100368174 0.1675500006477679 1.000007444537323
3 0.018230452624 0.8090000000000001 -0.5962605338508397 -0.03546414041983569 0.1672875863443414 1.000007360600613
3 0.018230452624 0.8100000000000001 -0.5940023165235832 -0.03594685255436342 0.1670183191046627 1.000007277795719
3 0.018230452624 0.8110000000000001 -0.5917135913675521 -0.03642886887161877 0.1667421668271526 1.000007196103178
3 0.018230452624 0.8120000000000001 -0.589394404884989 -0.03691011105790237 0.1664590980135605 1.000007115503848
3 0.018230452624 0.8130000000000001 -0.5870448085517357 -0.03739050006456189 0.1661690817727464 1.000007035978902
3 0.018230452624 0.8140000000000001 -0.5846648588469427 -0.03786995611318954 0.1658720878280539 1.000006957509822
3 0.018230452624 0.8150000000000001 -0.5822546172982309 -0.03834839869850407 0.165568086526529 1.000006880078391
3 0.018230452624 0.8160000000000001 -0.5798141505438918 -0.03882574658902022 0.1652570488503092 1.000006803666693
3 0.018230452624 0.8170000000000001 -0.5773435304298887 -0.03930191782322925 0.1649389464324801 1.000006728257111
3 0.018230452624 0.8180000000000001 -0.5748428340058463 -0.03977682972003751 0.1646137515603111 1.000006653832316
3 0.018230452624 0.8190000000000001 -0.5723121435530308 -0.04025039888451872 0.1642814371823806 1.000006580375266
3 0.018230452624 0.8200000000000001 -0.5697515466285039 -0.04072254121139653 0.1639419769176905 1.000006507869199
3 0.018230452624 0.8210000000000001 -0.5671611361270076 -0.04119317188638093 0.1635953450670923 1.000006436297629
3 0.018230452624 0.8220000000000001 -0.5645410103790468 -0.04166220538315423 0.1632415166294683 1.000006365644346
3 0.018230452624 0.8230000000000001 -0.5618912731435047 -0.04212955547426988 0.1628804673043678 1.000006295893409
3 0.018230452624 0.8240000000000001 -0.5592120336337157 -0.04259513523746524 0.1625121734988299 1.000006227029139
3 0.018230452624 0.8250000000000001 -0.5565034065604206 -0.04305885705975961 0.1621366123363367 1.000006159036116
3 0.018230452624 0.8260000000000001 -0.5537655121931206 -0.04352063263948309 0.1617537616682146 1.000006091899176
3 0.018230452624 0.8270000000000001 -0.5509984764589791 -0.04398037298411384 0.1613636000900701 1.000006025603408
3 0.018230452624 0.8280000000000001 -0.5482024309319206 -0.04443798842162134 0.1609661069437726 1.000005960134151
3 0.018230452624 0.8290000000000001 -0.5453775128566168 -0.04489338860734345 0.160561262323915 1.000005895476983
3 0.018230452624 0.8300000000000001 -0.542523865190048 -0.04534648252871373 0.1601490470865439 1.000005831617724
3 0.018230452624 0.8310000000000001 -0.5396416366621027 -0.04579717850800671 0.1597294428604672 1.000005768542429
3 0.018230452624 0.8320000000000001 -0.5367309818750224 -0.04624538420107165 0.1593024320638674 1.000005706237384
3 0.018230452624 0.833 -0.5337920612888456 -0.04669100660910207 0.1588679979055732 1.000005644689106
3 0.018230452624 0.834 -0.5308250412431292 -0.04713395208607948 0.1584261243910943 1.000005583884335
3 0.018230452624 0.835 -0.5278300939969152 -0.04757412634414188 0.1579767963310603 1.000005523810031
3 0.018230452624 0.836 -0.5248073977883444 -0.04801143445706854 0.1575199993523612 1.00000546445337
3 0.018230452624 0.837 -0.5217571369343551 -0.04844578085995429 0.157055719914849 1.000005405801742
3 0.018230452624 0.838 -0.5186795018123396 -0.04887706936138522 0.1565839453118396 1.000005347842751
3 0.018230452624 0.839 -0.5155746888794233 -0.04930520315144914 0.1561046636756525 1.000005290564202
3 0.018230452624 0.84 -0.512442900710629 -0.04973008480775667 0.1556178639856844 1.000005233954105
3 0.018230452624 0.841 -0.5092843460572708 -0.05015161629968639 0.1551235360793009 1.000005178000669
3 0.018230452624 0.842 -0.5060992399465996 -0.05056969898904316 0.1546216706685286 1.000005122692299
3 0.018230452624 0.843 -0.5028878036595497 -0.0509842336426175 0.1541122593397241 1.000005068017596
3 0.018230452624 0.844 -0.499650264747394 -0.0513951204407617 0.153595294558545 1.000005013965346
3 0.018230452624 0.845 -0.4963868570679009 -0.05180225898407247 0.153070769677578 1.000004960524524
3 0.018230452624 0.846 -0.4930978208422618 -0.05220554829841693 0.1525386789468908 1.000004907684287
3 0.018230452624 0.847 -0.489783402754368 -0.05260488683661686 0.1519990175306069 1.000004855433973
3 0.018230452624 0.848 -0.4864438559245279 -0.05300017249136734 0.1514517815056748 1.000004803763098
3 0.018230452624 0.849 -0.4830794399233215 -0.05339130260437589 0.1508969678661912 1.000004752661349
3 0.018230452624 0.85 -0.4796904208055375 -0.05377817397371439 0.1503345745304953 1.000004702118588
3 0.018230452624 0.851 -0.4762770711653865 -0.05416068285964467 0.1497646003512831 1.000004652124841
3 0.018230452624 0.852 -0.4728396702350776 -0.05453872498736968 0.1491870451319422 1.000004602670301
3 0.018230452624 0.853 -0.4693785038543957 -0.05491219556028546 0.1486019096243531 1.000004553745325
3 0.018230452624 0.854 -0.4658938644815793 -0.05528098926967867 0.1480091955324778 1.000004505340428
3 0.018230452624 0.855 -0.462386051224825 -0.05564500030275438 0.1474089055188256 1.000004457446281
3 0.018230452624 0.856 -0.4588553698955294 -0.0560041223492788 0.1468010432140199 1.00000441005371
3 0.018230452624 0.857 -0.4553021331058225 -0.05635824860543748 0.1461856132327603 1.000004363153691
3 0.018230452624 0.858 -0.4517266602339053 -0.05670727178739264 0.1455626211705811 1.000004316737352
3 0.018230452624 0.859 -0.4481292774317727 -0.05705108414153348 0.1449320736066134 1.000004270795964
3 0.018230452624 0.86 -0.4445103176540722 -0.05738957745318518 0.1442939781093179 1.000004225320943
3 0.018230452624 0.861 -0.4408701207091144 -0.05772264305408514 0.1436483432453855 1.000004180303844
3 0.018230452624 0.862 -0.4372090333550048 -0.05805017182738744 0.1429951785951766 1.000004135736363
3 0.018230452624 0.863 -0.4335274092606512 -0.0583720542214963 0.1423344947483608 1.000004091610333
3 0.018230452624 0.864 -0.4298256090101575 -0.05868818026086239 0.1416663033057516 1.000004047917718
3 0.018230452624 0.865 -0.4261040001288207 -0.05899843955537732 0.1409906168841915 1.000004004650614
3 0.018230452624 0.866 -0.4223629564880077 -0.05930272134326997 0.1403074490301432 1.000003961801234
3 0.018230452624 0.867 -0.4186028613624465 -0.05960091433698583 0.139616814669435 1.000003919361961
3 0.018230452624 0.868 -0.4148241019689663 -0.0598929070316462 0.1389187293064031 1.000003877325247
3 0.018230452624 0.869 -0.4110270739871862 -0.06017858746953421 0.138213209688071 1.00000383568369
3 0.018230452624 0.87 -0.4072121815977059 -0.06045784325690066 0.1375002738106718 1.000003794430035
3 0.018230452624 0.871 -0.4033798323133291 -0.06073056183175489 0.1367799401602752 1.000003753557076
3 0.018230452624 0.872 -0.3995304455420722 -0.06099663005752282 0.1360522289720101 1.000003713057808
3 0.018230452624 0.873 -0.3956644440511338 -0.06125593464259945 0.1353171609751259 1.000003672925273
3 0.018230452624 0.874 -0.3917822592037904 -0.06150836190593329 0.1345747581631606 1.00000363315265
3 0.018230452624 0.875 -0.3878843309920914 -0.06175379779498667 0.1338250437986214 1.000003593733248
3 0.018230452624 0.876 -0.3839711027895172 -0.06199212811440396 0.1330680416413275 1.000003554660428
3 0.018230452624 0.877 -0.3800430300320758 -0.06222323818620548 0.1323037772240588 1.000003515927726
3 0.018230452624 0.878 -0.3761005715598676 -0.06244701320368377 0.1315322765796992 1.000003477528727
3 0.018230452624 0.879 -0.3721441949216415 -0.06266333803833288 0.1307535670199175 1.00000343945714
3 0.018230452624 0.88 -0.3681743764016261 -0.06287209725896929 0.1299676771377593 1.00000340170679
3 0.018230452624 0.881 -0.3641915957064046 -0.06307317531868399 0.1291746360281459 1.000003364271553
3 0.018230452624 0.882 -0.3601963447423843 -0.06326645628584619 0.1283744745721609 1.000003327145462
3 0.018230452624 0.883 -0.356189118856393 -0.06345182412807447 0.1275672241538693 1.000003290322598
3 0.018230452624 0.884 -0.3521704221944086 -0.06362916256311822 0.1267529174425781 1.000003253797151
3 0.018230452624 0.885 -0.3481407677221594 -0.06379835507914704 0.1259315883930709 1.000003217563422
3 0.018230452624 0.886 -0.3441006718598194 -0.06395928507737673 0.1251032714632834 1.000003181615753
3 0.018230452624 0.887 -0.3400506633327788 -0.06411183567818751 0.1242680028984428 1.000003145948633
3 0.018230452624 0.888 -0.3359912743340625 -0.06425588993087256 0.1234258194461341 1.000003110556594
3 0.018230452624 0.889 -0.3319230459229207 -0.06439133071109895 0.122576759136585 1.000003075434268
3 0.018230452624 0.89 -0.3278465280388264 -0.06451804074237666 0.1217208612802518 1.000003040576387
3 0.018230452624 0.891 -0.3237622740984229 -0.0646359026917273 0.1208581656883197 1.000003005977721
3 0.018230452624 0.892 -0.3196708498951573 -0.06474479905526319 0.1199887139468279 1.000002971633177
3 0.018230452624 0.893 -0.3155728247076767 -0.0648446122893768 0.11911254813962 1.000002937537695
3 0.018230452624 0.894 -0.31146877672313 -0.06493522475743761 0.1182297116204185 1.000002903686312
3 0.018230452624 0.895 -0.3073592930441878 -0.06501651875245593 0.1173402490074444 1.000002870074154
3 0.018230452624 0.896 -0.303244964263512 -0.06508837654313342 0.1164442054130783 1.000002836696384
3 0.018230452624 0.897 -0.2991263933864281 -0.0651506803433093 0.1155416276969252 1.000002803548285
3 0.018230452624 0.898 -0.2950041869108356 -0.06520331236019852 0.114632563207443 1.000002770625177
3 0.018230452624 0.899 -0.2908789602592254 -0.06524615479302154 0.1137170605388356 1.000002737922462
3 0.018230452624 0.9 -0.2867513377783417 -0.06527908985688585 0.1127951695223626 1.000002705435628
3 0.018230452624 0.901 -0.282621947985505 -0.06530199978254266 0.1118669405643262 1.000002673160201
3 0.018230452624 0.902 -0.2784914293619924 -0.065314766847959 0.1109324254408197 1.000002641091796
3 0.018230452624 0.903 -0.2743604271489863 -0.06531727338547511 0.109991676848161 1.000002609226089
3 0.018230452624 0.904 -0.2702295939983664 -0.06530940179811953 0.109044748486597 1.00000257755882
3 0.018230452624 0.905 -0.26609958996786 -0.06529103457468749 0.1080916950528807 1.000002546085794
3 0.018230452624 0.906 -0.2619710825393773 -0.06526205430549109 0.1071325722355242 1.000002514802877
3 0.018230452624 0.907 -0.2578447466844549 -0.06522234369951517 0.1061674367156981 1.000002483705998
3 0.018230452624 0.908 -0.253721264783692 -0.06517178559944196 0.1051963461483935 1.000002452791147
3 0.018230452624 0.909 -0.249601326593727 -0.06511026299711738 0.1042193591497473 1.000002422054372
3 0.018230452624 0.91 -0.2454856292374981 -0.0650376590494042 0.103236535287167 1.000002391491781
3 0.018230452624 0.911 -0.2413748772174327 -0.06495385709498504 0.1022479350718949 1.00000236109954
3 0.018230452624 0.912 -0.2372697824752127 -0.06485874067313051 0.1012536199567568 1.000002330873869
3 0.018230452624 0.913 -0.2331710643064541 -0.06475219353875825 0.1002536523151064 1.000002300811046
3 0.018230452624 0.914 -0.229079449322707 -0.06463409967844487 0.09924809542562966 1.000002270907403
3 0.018230452624 0.915 -0.2249956714365761 -0.064504343327089 0.09823701345975884 1.000002241159327
3 0.018230452624 0.916 -0.2209204718694233 -0.06436280898581727 0.09722047147123716 1.000002211563256
3 0.018230452624 0.917 -0.2168545992049333 -0.06420938144244592 0.09619853539030415 1.00000218211568
3 0.018230452624 0.918 -0.2127988092990243 -0.06404394578657641 0.09517127200027639 1.000002152813144
3 0.018230452624 0.919 -0.2087538652366958 -0.06386638742618342 0.09413874891960153 1.00000212365224
3 0.018230452624 0.92 -0.2047205373117447 -0.06367659210513341 0.09310103458628333 1.00000209462961
3 0.018230452624 0.921 -0.200699603028624 -0.06347444592225653 0.09205819824411544 1.000002065741946
3 0.018230452624 0.922 -0.196691847149257 -0.0632598353535971 0.09101030993285875 1.000002036985987
3 0.018230452624 0.923 -0.1926980615981676 -0.06303264726755878 0.08995744046231 1.000002008358522
3 0.018230452624 0.924 -0.1887190454139853 -0.06279276894211085 0.08889966139136218 1.000001979856384
3 0.018230452624 0.925 -0.1847556047234797 -0.06254008808322147 0.08783704500914863 1.000001951476455
3 0.018230452624 0.926 -0.1808085527371925 -0.06227449284517289 0.08676966431759235 1.000001923215659
3 0.018230452624 0.927 -0.1768787097889189 -0.06199587185471423 0.08569759301710075 1.000001895070967
3 0.018230452624 0.928 -0.1729669032360373 -0.06170411422628101 0.08462090547797296 1.000001867039395
3 0.018230452624 0.929 -0.1690739674054683 -0.06139910957987676 0.08353967671621401 1.000001839118001
3 0.018230452624 0.93 -0.1652007435617255 -0.06108074806049507 0.08245398237109189 1.000001811303887
3 0.018230452624 0.931 -0.1613480798959148 -0.0607489203597736 0.08136389868363111 1.000001783594197
3 0.018230452624 0.9320000000000001 -0.1575168315572599 -0.06040351774218283 0.08026950247732187 1.000001755986118
3 0.018230452624 0.9330000000000001 -0.1537078605486021 -0.06004443206035934 0.07917087112671989 1.000001728476877
3 0.018230452624 0.9340000000000001 -0.1499220356665887 -0.05967155577373554 0.07806808252975667 1.000001701063743
3 0.018230452624 0.9350000000000001 -0.1461602324634138 -0.05928478196904344 0.07696121508139302 1.000001673744026
3 0.018230452624 0.9360000000000001 -0.1424233332287434 -0.0588840043834221 0.07585034764767137 1.000001646515075
3 0.018230452624 0.9370000000000001 -0.1387122270126164 -0.05846911743280111 0.07473555954091254 1.000001619374279
3 0.018230452624 0.9380000000000001 -0.1350278095160714 -0.05804001622740185 0.07361693048537063 1.000001592319068
3 0.018230452624 0.9390000000000001 -0.1313709830253134 -0.05759659659120735 0.07249454058578104 1.000001565346909
3 0.018230452624 0.9400000000000001 -0.1277426563667849 -0.05713875508366003 0.07136847029679025 1.000001538455308
3 0.018230452624 0.9410000000000001 -0.1241437448815366 -0.05666638902436067 0.07023880039217253 1.00000151164181
3 0.018230452624 0.9420000000000001 -0.1205751704387812 -0.05617939652383257 0.06910561193397032 1.000001484903996
3 0.018230452624 0.9430000000000001 -0.1170378613215829 -0.05567767649926202 0.06796898623508248 1.000001458239487
3 0.018230452624 0.9440000000000001 -0.1135327521547196 -0.05516112869491995 0.06682900482379948 1.000001431645941
3 0.018230452624 0.9450000000000001 -0.1100607838526863 -0.05462965370518871 0.06568574940869212 1.000001405121051
3 0.018230452624 0.9460000000000001 -0.1066229035859832 -0.05408315300101529 0.06453930184259919 1.000001378662549
3 0.018230452624 0.9470000000000001 -0.1032200647845356 -0.05352152896327268 0.0633897440851586 1.000001352268202
3 0.018230452624 0.9480000000000001 -0.09985322701835714 -0.05294468489882806 0.06223715816223387 1.000001325935816
3 0.018230452624 0.9490000000000001 -0.09652335591878605 -0.05235252506204947 0.06108162612620251 1.000001299663231
3 0.018230452624 0.9500000000000001 -0.09323142311897664 -0.05174495467932015 0.05992323001600113 1.000001273448323
3 0.018230452624 0.9510000000000001 -0.08997840621151923 -0.05112187997743547 0.05876205181550186 1.000001247289006
3 0.018230452624 0.9520000000000001 -0.08676528874086831 -0.05048320821981078 0.05759817340888682 1.000001221183227
3 0.018230452624 0.9530000000000001 -0.08359306007885822 -0.04982884772298307 0.05643167653685549 1.000001195128973
3 0.018230452624 0.9540000000000001 -0.08046271533894721 -0.04915870787935754 0.05526264275246325 1.000001169124262
3 0.018230452624 0.9550000000000001 -0.07737525530869747 -0.04847269918339207 0.05409115337604813 1.000001143167151
3 0.018230452624 0.9560000000000001 -0.07433168639807999 -0.04777073326215477 0.05291728944764118 1.000001117255731
3 0.018230452624 0.9570000000000001 -0.07133302061996556 -0.04705272291466173 0.05174113167465914 1.000001091388129
3 0.018230452624 0.9580000000000001 -0.06838027546033795 -0.04631858212893356 0.05056276038488929 1.000001065562508
3 0.018230452624 0.9590000000000001 -0.06547447379676861 -0.04556822610904596 0.04938225547646566 1.000001039777066
3 0.018230452624 0.96 -0.06261664376378438 -0.0448015712888646 0.04819969637351983 1.000001014030038
3 0.018230452624 0.961 -0.05980781881999481 -0.04401853539649557 0.04701516195900916 1.000000988319694
3 0.018230452624 0.962 -0.0570490375695251 -0.04321903746148644 0.04582873052918846 1.000000962644338
3 0.018230452624 0.963 -0.05434134368493094 -0.04240299784573091 0.04464047973877498 1.000000937002314
3 0.018230452624 0.964 -0.05168578583644854 -0.04157033827764411 0.04345048654310457 1.000000911391999
3 0.018230452624 0.965 -0.04908341760428875 -0.04072098188318022 0.04225882714062157 1.000000885811807
3 0.018230452624 0.966 -0.04653529737580182 -0.03985485321304631 0.04106557691691565 1.000000860260189
3 0.018230452624 0.967 -0.0440424882763701 -0.03897187828132096 0.03987081038113581 1.000000834735633
3 0.018230452624 0.968 -0.04160605805404848 -0.03807198459089304 0.03867460110944473 1.000000809236662
3 0.018230452624 0.969 -0.03922707899757294 -0.03715510117042926 0.03747702168065474 1.000000783761837
3 0.018230452624 0.97 -0.03690662783847154 -0.03622115860780333 0.03627814361298947 1.000000758309758
3 0.018230452624 0.971 -0.03464578563931612 -0.03527008907928967 0.03507803730331095 1.000000732879061
3 0.018230452624 0.972 -0.03244563771189229 -0.03430182639146221 0.03387677195636998 1.000000707468419
3 0.018230452624 0.973 -0.03030727349352038 -0.03331630600840622 0.03267441552405663 1.000000682076544
3 0.018230452624 0.974 -0.02823178645289423 -0.03231346509176781 0.03147103463447207 1.000000656702189
3 0.018230452624 0.975 -0.02622027398120578 -0.03129324253685119 0.03026669452302888 1.000000631344142
3 0.018230452624 0.976 -0.02427383727082309 -0.03025557900401059 0.02906145896704628 1.000000606001232
3 0.018230452624 0.977 -0.0223935812196503 -0.02920041696414663 0.02785539020783516 1.000000580672328
3 0.018230452624 0.978 -0.02058061429853762 -0.02812770072788355 0.02664854888604034 1.000000555356338
3 0.018230452624 0.979 -0.01883604844392948 -0.02703737648899163 0.02544099396426838 1.000000530052211
3 0.018230452624 0.98 -0.01716099893711902 -0.02592939236340489 0.02423278265276533 1.000000504758938
3 0.018230452624 0.981 -0.01555658427262397 -0.02480369842301793 0.02302397033973421 1.000000479475549
3 0.018230452624 0.982 -0.01402392604754911 -0.02366024674509248 0.02181461050644661 1.000000454201117
3 0.018230452624 0.983 -0.01256414881943581 -0.02249899144357221 0.02060475465916417 1.000000428934758
3 0.018230452624 0.984 -0.01117837998460868 -0.02131988871615502 0.01939445224565198 1.000000403675629
3 0.018230452624 0.985 -0.009867749644598949 -0.02012289688646143 0.0181837505758891 1.000000378422931
3 0.018230452624 0.986 -0.008633390463428574 -0.01890797644041463 0.01697269474868121 1.00000035317591
3 0.018230452624 0.987 -0.007476437540692289 -0.01767509007984526 0.01576132756023596 1.000000327933855
3 0.018230452624 0.988 -0.006398028259148326 -0.01642420275607633 0.0145496894333843 1.000000302696101
3 0.018230452624 0.989 -0.005399302147569938 -0.01515528172088684 0.01333781832857046 1.000000277462026
3 0.018230452624 0.99 -0.004481400733310419 -0.01386829657201735 0.01212574966031592 1.000000252231058
3 0.018230452624 0.991 -0.003645467387656808 -0.01256321929225985 0.01091351622096483 1.000000227002667
3 0.018230452624 0.992 -0.002892647181264515 -0.01124002430749902 0.009701148083461444 1.000000201776374
3 0.018230452624 0.993 -0.00222408672075847 -0.009898688522636199 0.008488672528870377 1.000000176551747
3 0.018230452624 0.994 -0.001640933994828679 -0.00853919137662261 0.007276113952749829 1.000000151328401
3 0.018230452624 0.995 -0.001144338211861136 -0.007161514891416893 0.006063493778407208 1.000000126106002
3 0.018230452624 0.996 -0.0007354496324941962 -0.005765643713832127 0.0048508303789267 1.000000100884264
3 0.018230452624 0.997 -0.0004154194059754535 -0.004351565178170449 0.003638138975248117 1.000000075662953
3 0.018230452624 0.998 -0.0001853993950346404 -0.002919269344461312 0.00242543156330752 1.000000050441884
3 0.018230452624 0.999 -4.654200392025433e-05 -0.001468749057646693 0.001212716817073161 1.000000025220926
3 0.018230452624 1 -1.297019200483147e-21 7.992525393807939e-20 4.336955126759834e-20 1
