15.0,-0.75,1.0331339486046567,0.4898885778365413,0.5977474911676367,-0.010380116680456122,677.0
15.0,-0.7475,1.033566358657334,0.4896283542759122,0.5974832802442027,-0.010507433219185574,669.0
15.0,-0.745,1.0339928838234216,0.4893719330580897,0.597221630020854,-0.010632751168950865,669.0
15.0,-0.7425,1.034413566994697,0.48911928718542724,0.5969625316845225,-0.010756090094862756,669.0
15.0,-0.74,1.0348284509500203,0.48887038970668545,0.5967059763140907,-0.010877469426999327,669.0
15.0,-0.7375,1.0352375783542325,0.48862521371859635,0.5964519548819607,-0.010996908460853992,669.0
15.0,-0.735,1.0356409917576166,0.48838373236710914,0.5962004582549919,-0.011114426357958604,669.0
15.0,-0.7325,1.0360387335953734,0.48814591884862285,0.5959514771954496,-0.011230042146513308,669.0
15.0,-0.73,1.036430846187113,0.4879117464112043,0.5957050023619579,-0.011343774722023877,669.0
15.0,-0.7275,1.0368173717363565,0.48768118835579527,0.595461024310463,-0.011455642847944503,669.0
15.0,-0.725,1.0371983523300576,0.4874542180374029,0.595219533495201,-0.011565665156328895,669.0
15.0,-0.7225,1.037573829938141,0.4872308088662753,0.5949805202696712,-0.011673860148488228,669.0
15.0,-0.72,1.0379438464130561,0.4870109343090628,0.5947439748876152,-0.011780246195656164,669.0
15.0,-0.7175,1.0383084434893504,0.4867945678899625,0.5945098875040008,-0.011884841539661328,669.0
15.0,-0.715,1.038667662783264,0.486581683191845,0.5942782481760068,-0.011987664293608173,669.0
15.0,-0.7125,1.0390215457923433,0.4863722538573646,0.5940490468640128,-0.012088732442565099,669.0
15.0,-0.71,1.0393701338950752,0.4861662535900523,0.5938222734325914,-0.012188063844260036,669.0
15.0,-0.7075,1.0397134683505456,0.48596365615538833,0.5935979176514994,-0.012285676229785332,669.0
15.0,-0.705,1.0400515902981224,0.4857644353818563,0.5933759691966706,-0.012381587204310417,669.0
15.0,-0.7025,1.0403845407571597,0.48556856516197816,0.5931564176512092,-0.012475814247802421,669.0
15.0,-0.7,1.04071236062673,0.48537601945332726,0.5929392525063802,-0.012568374715756381,669.0
15.0,-0.6975,1.0410350906853831,0.485186772279521,0.5927244631625987,-0.012659285839933868,669.0
15.0,-0.695,1.0413527715909332,0.4850007977311917,0.5925120389304168,-0.01274856472911052,669.0
15.0,-0.6925,1.041665443880272,0.48481806996693527,0.5923019690315056,-0.012836228369832937,669.0
15.0,-0.69,1.041973147969216,0.48463856321423526,0.5920942425996332,-0.012922293627185453,669.0
15.0,-0.6875,1.0422759241523818,0.4844622517703659,0.591888848681638,-0.013006777245565504,669.0
15.0,-0.685,1.0425738126030837,0.4842891100032848,0.5916857762383205,-0.013089695849466466,668.0
15.0,-0.6825,1.0428668533733247,0.48411911235241645,0.5914850141456968,-0.01317106594428817,668.0
15.0,-0.6799999999999999,1.0431550863937005,0.4839522333295822,0.5912865511955073,-0.013250903917120829,668.0
15.0,-0.6775,1.0434385514734608,0.48378844751973116,0.591090376096454,-0.01332922603757652,668.0
15.0,-0.675,1.0437172883005503,0.4836277295817286,0.5908964774750555,-0.013406048458613682,668.0
15.0,-0.6725,1.043991336441695,0.4834700542491026,0.5907048438765701,-0.013481387217374855,668.0
15.0,-0.67,1.044260735342535,0.4833153963307587,0.5905154637659017,-0.01355525823603726,668.0
15.0,-0.6675,1.0445255243277916,0.48316373071166785,0.5903283255284958,-0.01362767732267363,668.0
15.0,-0.665,1.0447857426014828,0.4830150323535232,0.5901434174712201,-0.013698660172125704,668.0
15.0,-0.6625,1.045041429247182,0.4828692762953657,0.5899607278232294,-0.013768222366889668,668.0
15.0,-0.66,1.0452926232283188,0.4827264376541797,0.5897802447368152,-0.013836379378013526,668.0
15.0,-0.6575,1.0455393633885317,0.4825864916254553,0.5896019562882375,-0.013903146566007695,668.0
15.0,-0.655,1.0457816884520656,0.4824494134837177,0.5894258504785377,-0.013968539181768321,668.0
15.0,-0.6525,1.0460196370242223,0.4823151785830235,0.5892519152343326,-0.014032572367513999,668.0
15.0,-0.65,1.046253247591861,0.48218376235742133,0.589080138408587,-0.014095261157736277,668.0
15.0,-0.6475,1.0464825585239534,0.4820551403213784,0.5889105077813639,-0.014156620480163924,668.0
15.0,-0.645,1.0467076080721947,0.48192928807016944,0.5887430110605527,-0.014216665156742019,668.0
15.0,-0.6425,1.0469284343716685,0.48180618128022984,0.5885776358825723,-0.014275409904625202,668.0
15.0,-0.64,1.0471450754415759,0.4816857957094695,0.5884143698130476,-0.01433286933718689,668.0
15.0,-0.6375,1.0473575691860186,0.4815681071975494,0.5882532003474609,-0.01438905796504325,668.0
15.0,-0.635,1.0475659533948514,0.4814530916661169,0.5880941149117731,-0.014443990197093822,668.0
15.0,-0.6325,1.0477702657445929,0.4813407251190015,0.5879371008630164,-0.014497680341578294,668.0
15.0,-0.63,1.0479705437994087,0.4812309836423679,0.5877821454898555,-0.01455014260715038,668.0
15.0,-0.6275,1.0481668250121585,0.4811238434048278,0.5876292360131166,-0.014601391103968742,668.0
15.0,-0.625,1.0483591467255173,0.48101928065750643,0.5874783595862819,-0.014651439844806435,668.0
15.0,-0.6225,1.0485475461730902,0.4809172717341486,0.5873295032960086,-0.0147003027461571,667.0
15.0,-0.62,1.0487320604809927,0.4808177930507631,0.5871826541623142,-0.014747993629466513,667.0
15.0,-0.6174999999999999,1.048912726668729,0.4807208211060514,0.5870377991393164,-0.014794526222171062,667.0
15.0,-0.615,1.0490895816509316,0.48062633248095704,0.58689492511534,-0.014839914158969361,667.0
15.0,-0.6125,1.0492626622387933,0.4805343038385809,0.5867540189132774,-0.01488417098300812,667.0
15.0,-0.61,1.0494320051416608,0.4804447119239643,0.5866150672908484,-0.014927310147110478,667.0
15.0,-0.6074999999999999,1.0495976469687192,0.48035753356381894,0.5864780569408133,-0.01496934501502684,667.0
15.0,-0.605,1.0497596242307679,0.4802727456662039,0.5863429744911386,-0.01501028886270875,667.0
15.0,-0.6025,1.0499179733420871,0.4801903252201501,0.5862098065051156,-0.015050154879605513,667.0
15.0,-0.6,1.050072730622407,0.48011024929522594,0.5860785394814262,-0.01508895616998631,667.0
15.0,-0.5975,1.0502239322989717,0.4800324950410481,0.585949159854157,-0.015126705754286847,667.0
15.0,-0.595,1.0503716145087119,0.4799570396867329,0.585821653992759,-0.015163416570481909,667.0
15.0,-0.5925,1.0505158133005206,0.47988386054028637,0.585696008201949,-0.015199101475485597,667.0
15.0,-0.59,1.050656564637643,0.4798129349879337,0.5855722087215531,-0.015233773246578642,667.0
15.0,-0.5875,1.0507939044001797,0.4797442404933836,0.585450241726288,-0.015267444582865325,667.0
15.0,-0.585,1.0509278683877084,0.479677754597028,0.5853300933254789,-0.015300128106759722,667.0
15.0,-0.5825,1.0510584923220272,0.4796134549150741,0.5852117495627116,-0.015331836365503284,667.0
15.0,-0.58,1.0511858118500277,0.4795513191386069,0.5850951964154153,-0.01536258183271436,667.0
15.0,-0.5775,1.0513098625466957,0.4794913250325805,0.5849804197943749,-0.015392376909970962,667.0
15.0,-0.575,1.051430679918251,0.47943345043473573,0.5848674055431681,-0.015421233928428391,667.0
15.0,-0.5725,1.0515482994054255,0.4793776732544424,0.5847561394375277,-0.015449165150472068,667.0
15.0,-0.5700000000000001,1.05166275638689,0.4793239714714624,0.5846466071846219,-0.01547618277140849,667.0
15.0,-0.5675,1.051774086182828,0.4792723231346342,0.5845387944222544,-0.015502298921193518,667.0
15.0,-0.565,1.0518823240586697,0.4792227063604723,0.5844326867179762,-0.015527525666202116,667.0
15.0,-0.5625,1.0519875052289875,0.47917509933168206,0.5843282695681097,-0.015551875011038925,667.0
15.0,-0.56,1.0520896648615585,0.47912948029558605,0.5842255283966804,-0.015575358900392315,667.0
15.0,-0.5575,1.052188838081603,0.4790858275624582,0.5841244485542517,-0.015597989220933738,667.0
15.0,-0.5549999999999999,1.0522850599762035,0.47904411950376447,0.5840250153166605,-0.015619777803263733,667.0
15.0,-0.5525,1.0523783655989134,0.4790043345503048,0.5839272138836481,-0.01564073642390683,667.0
15.0,-0.55,1.0524687899745597,0.4789664511902541,0.5838310293773852,-0.0156608768073573,667.0
15.0,-0.5475,1.0525563681042482,0.47893044796709977,0.583736446840883,-0.015680210628177465,667.0
15.0,-0.5449999999999999,1.0526411349705835,0.4788963034774681,0.5836434512362885,-0.01569874951315198,667.0
15.0,-0.5425,1.0527231255431022,0.47886399636884197,0.5835520274430605,-0.015716505043498082,667.0
15.0,-0.54,1.0528023747839421,0.4788335053371578,0.5834621602560162,-0.01573348875713763,667.0
15.0,-0.5375,1.0528789176537408,0.47880480912428564,0.5833738343832507,-0.015749712151029837,667.0
15.0,-0.535,1.0529527891177877,0.47877788651538145,0.5832870344439186,-0.01576518668357008,667.0
15.0,-0.5325,1.053024024152431,0.47875271633610894,0.5832017449658724,-0.015779923777056965,667.0
15.0,-0.53,1.0530926577517503,0.47872927744972826,0.5831179503831571,-0.01579393482022935,667.0
15.0,-0.5275,1.0531587249345145,0.47870754875404103,0.5830356350333471,-0.015807231170878813,667.0
15.0,-0.525,1.0532222607514232,0.47868750917819186,0.5829547831547267,-0.015819824158538384,667.0
15.0,-0.5225,1.053283300292658,0.4786691376793155,0.582875378883301,-0.01583172508725315,667.0
15.0,-0.52,1.0533418786957474,0.47865241323902674,0.582797406249635,-0.01584294523843507,667.0
15.0,-0.5175,1.0533980311537616,0.4786373148597441,0.5827208491755104,-0.01585349587380645,667.0
15.0,-0.515,1.0534517929238527,0.47862382156084327,0.5826456914703946,-0.015863388238435576,667.0
15.0,-0.5125,1.0535031993361572,0.4786119123746286,0.5825719168277113,-0.015872633563870153,667.0
15.0,-0.51,1.0535522858030713,0.4786015663421191,0.5824995088209062,-0.015881243071371443,667.0
15.0,-0.5075000000000001,1.0535990878289205,0.47859276250863875,0.5824284508992983,-0.0158892279752547,667.0
15.0,-0.505,1.0536436410200434,0.478585479919202,0.5823587263837058,-0.015896599486341343,667.0
15.0,-0.5025,1.0536859810952988,0.47857969761368696,0.5822903184618392,-0.015903368815526963,667.0
15.0,-0.5,1.0537261438970305,0.4785753946217844,0.5822232101834479,-0.01590954717747265,667.0
15.0,-0.4975,1.0537641654025076,0.47857254995771564,0.582157384455317,-0.015915145794426617,669.0
15.0,-0.495,1.0538000817358073,0.47857114261470163,0.5820928240354712,-0.015920175900164212,669.0
15.0,-0.4925,1.053833929180321,0.4785711515591843,0.5820295115281483,-0.015924648744102536,669.0
15.0,-0.49,1.0538657441916939,0.47857255572477314,0.5819674293774293,-0.015928575595529206,669.0
15.0,-0.4875,1.0538955634113856,0.47857533400591457,0.5819065598610872,-0.015931967748003397,669.0
15.0,-0.485,1.053923423680817,0.4785794652512662,0.5818468850840086,-0.015934836523917095,669.0
15.0,-0.4825,1.0539493620561273,0.4785849282567797,0.5817883869712035,-0.015937193279224125,668.0
15.0,-0.48,1.053973415823646,0.47859170175837645,0.5817310472608367,-0.01593904940836655,668.0
15.0,-0.4775,1.0539956225159377,0.4785997644244492,0.5816748474961391,-0.01594041634935666,668.0
15.0,-0.475,1.0540160199286832,0.4786090948478409,0.5816197690176806,-0.015941305589091962,668.0
15.0,-0.4725,1.0540346461382655,0.47861967153753004,0.581565792954859,-0.01594172866886347,668.0
15.0,-0.47,1.0540515395201635,0.47863147290990515,0.5815129002170358,-0.01594169719008745,668.0
15.0,-0.46749999999999997,1.0540667387681868,0.47864447727962417,0.5814610714842235,-0.015941222820269777,668.0
15.0,-0.46499999999999997,1.0540802829145934,0.4786586628500359,0.5814102871972987,-0.015940317299214874,668.0
15.0,-0.46249999999999997,1.0540922113511382,0.4786740077031413,0.5813605275477176,-0.015938992445492628,668.0
15.0,-0.46,1.054102563851099,0.47869048978906975,0.5813117724667111,-0.015937260163176464,668.0
15.0,-0.4575,1.0541113805923374,0.47870808691504413,0.5812640016139273,-0.01593513244886826,668.0
15.0,-0.455,1.0541187021814427,0.4787267767338057,0.5812171943654968,-0.015932621399025168,668.0
15.0,-0.4525,1.0541245696790238,0.4787465367314723,0.5811713298014876,-0.015929739217604544,668.0
15.0,-0.45,1.0541290246262103,0.47876734421479344,0.5811263866927172,-0.015926498224045956,668.0
15.0,-0.4475,1.054132109072427,0.4787891762977737,0.5810823434868897,-0.015922910861607433,668.0
15.0,-0.445,1.054133865604516,0.4788120098876248,0.5810391782940163,-0.01591898970607699,668.0
15.0,-0.4425,1.05413433737728,0.47883582167001015,0.5809968688710849,-0.01591474747488042,668.0
15.0,-0.44,1.0541335681455235,0.478860588093542,0.5809553926059355,-0.015910197036606816,668.0
15.0,-0.4375,1.0541316022976872,0.4788862853534842,0.5809147265002947,-0.015905351420977903,668.0
15.0,-0.435,1.0541284848911547,0.478912889374619,0.5808748471519257,-0.015900223829284684,668.0
15.0,-0.4325,1.054124261689337,0.4789403757932249,0.5808357307358412,-0.015894827645319753,668.0
15.0,-0.43,1.054118979200632,0.4789687199381153,0.5807973529845275,-0.015889176446833585,668.0
15.0,-0.4275,1.0541126847193758,0.47899789681067906,0.5807596891671204,-0.015883284017546698,668.0
15.0,-0.425,1.054105426368896,0.4790278810638659,0.5807227140674737,-0.015877164359749205,668.0
15.0,-0.4225,1.0540972531467983,0.47905864698004985,0.5806864019610559,-0.015870831707524128,668.0
15.0,-0.42,1.0540882149726163,0.47909016844770297,0.5806507265906033,-0.015864300540631374,668.0
15.0,-0.4175,1.0540783627379715,0.47912241893680585,0.580615661140459,-0.01585758559909242,668.0
15.0,-0.415,1.0540677483593914,0.4791553714729157,0.580581178209515,-0.015850701898518834,668.0
15.0,-0.4125,1.0540564248339537,0.4791889986098087,0.5805472497826768,-0.015843664746229606,668.0
15.0,-0.41,1.0540444462979306,0.47922327240060336,0.580513847200756,-0.015836489758207558,668.0
15.0,-0.4075,1.0540318680886174,0.4792581643672725,0.5804809411286982,-0.01582919287694521,668.0
15.0,-0.40499999999999997,1.054018746809549,0.4792936454684368,0.5804485015220415,-0.015821790390237157,668.0
15.0,-0.40249999999999997,1.0540051403993187,0.47932968606532766,0.5804164975914919,-0.015814298950979536,668.0
15.0,-0.39999999999999997,1.0539911082042268,0.4793662558858042,0.5803848977655036,-0.015806735598038198,668.0
15.0,-0.3975,1.0539767110550093,0.4794033239862902,0.5803536696507289,-0.01579911777825758,668.0
15.0,-0.395,1.0539620113479085,0.47944085871149783,0.5803227799902093,-0.0157914633696807,668.0
15.0,-0.3925,1.0539470731303682,0.47947882765178723,0.5802921946191572,-0.015783790706061538,668.0
15.0,-0.39,1.0539319621916654,0.4795171975980032,0.5802618784181705,-0.015776118602753283,668.0
15.0,-0.3875,1.053916746158796,0.4795559344936162,0.5802317952637157,-0.015768466384064116,668.0
15.0,-0.385,1.0539014945979728,0.4795950033839866,0.5802019079756964,-0.015760853912176926,668.0
15.0,-0.3825,1.0538862791221153,0.47963436836254725,0.5801721782619109,-0.01575330161773977,668.0
15.0,-0.38,1.05387117350473,0.4796739925136966,0.5801425666591942,-0.015745830532237572,668.0
15.0,-0.3775,1.0538562538006315,0.4797138378521656,0.5801130324710149,-0.015738462322268432,668.0
15.0,-0.375,1.0538415984739637,0.4797538652586136,0.5800835337012895,-0.015731219325852915,668.0
15.0,-0.3725,1.0538272885340387,0.479794034411181,0.5800540269841493,-0.015724124590918473,668.0
15.0,-0.37,1.0538134076795345,0.4798343037127107,0.5800244675093823,-0.015717201916108835,668.0
15.0,-0.3675,1.053800042451647,0.4798746302133233,0.5799948089432455,-0.015710475894081675,668.0
15.0,-0.365,1.0537872823968288,0.4799149695280079,0.5799650033443219,-0.015703971957470187,668.0
15.0,-0.3625,1.0537752202398074,0.4799552757488614,0.5799350010740709,-0.01569771642769728,668.0
15.0,-0.36,1.0537639520676185,0.4799955013515811,0.579904750701691,-0.01569173656684674,668.0
15.0,-0.3575,1.0537535775254656,0.4800355970957802,0.5798741989028829,-0.015686060632811742,668.0
15.0,-0.355,1.0537442000252626,0.48007551191866327,0.579843290352075,-0.01568071793795752,668.0
15.0,-0.3525,1.053735926967807,0.4801151928215565,0.5798119676076242,-0.01567573891155662,668.0
15.0,-0.35,1.0537288699795915,0.48015458474874934,0.5797801709894798,-0.015671155166272436,668.0
15.0,-0.3475,1.0537231451653526,0.48019363045805485,0.579747838448747,-0.015666999568991924,668.0
15.0,-0.345,1.05371887337755,0.4802322703824478,0.5797149054285425,-0.01566330631633163,668.0
15.0,-0.34249999999999997,1.0537161805040562,0.48027044248208367,0.5796813047154867,-0.015660111015167386,668.0
15.0,-0.33999999999999997,1.0537151977754624,0.48030808208594306,0.5796469662811176,-0.01565745076856772,668.0
15.0,-0.33749999999999997,1.0537160620936976,0.4803451217221905,0.579611817112395,-0.015655364267596318,667.0
15.0,-0.33499999999999996,1.0537189163824527,0.48038149093688504,0.579575781030823,-0.015653891889102118,667.0
15.0,-0.3325,1.053723909964063,0.48041711609875665,0.5795387784983781,-0.015653075800789836,667.0
15.0,-0.33,1.053731198960968,0.4804519201907366,0.5795007264104522,-0.015652960073017756,667.0
15.0,-0.3275,1.053740946726692,0.48048582258579337,0.5794615378738556,-0.015653590798690116,667.0
15.0,-0.325,1.0537533243074957,0.48051873880633966,0.5794211219690681,-0.015655016221538746,667.0
15.0,-0.3225,1.0537685109373511,0.48055058026576863,0.579379383495425,-0.01565728687350998,667.0
15.0,-0.32,1.0537866945689442,0.48058125399063206,0.5793362226978619,-0.01566045572197886,667.0
15.0,-0.3175,1.0538080724436139,0.4806106623218518,0.5792915349737386,-0.015664578327569498,667.0
15.0,-0.315,1.0538328517034112,0.4806387025932026,0.5792452105581205,-0.01566971301342972,667.0
15.0,-0.3125,1.0538612500487292,0.480665266785153,0.5791971341857632,-0.015675921046876554,667.0
15.0,-0.31,1.0538934964452507,0.48069024115197645,0.5791471847278935,-0.015683266834406694,667.0
15.0,-0.3075,1.053929831884298,0.480713505819859,0.5790952348017122,-0.01569181813114948,667.0
15.0,-0.305,1.0539705102010113,0.48073493435352344,0.5790411503503634,-0.015701646265929455,667.0
15.0,-0.3025,1.054015798955166,0.48075439328867353,0.5789847901909284,-0.015712826383199936,667.0
15.0,-0.3,1.0540659803798635,0.4807717416273146,0.5789260055277801,-0.015725437703215703,667.0
15.0,-0.2975,1.0541213524037616,0.48078683029275165,0.5788646394284176,-0.01573956380191995,667.0
15.0,-0.295,1.054182229753,0.4807995015407797,0.5788005262586509,-0.015755292912140832,667.0
15.0,-0.2925,1.054248945139497,0.48080958832327764,0.5787334910737398,-0.015772718247818042,667.0
15.0,-0.29,1.054321850542835,0.4808169136000867,0.5786633489618154,-0.015791938353111816,667.0
15.0,-0.2875,1.0544013185935532,0.480821289594703,0.5785899043356055,-0.015813057478386912,667.0
15.0,-0.285,1.0544877440662808,0.48082251698893813,0.5785129501681732,-0.015836185985207536,667.0
15.0,-0.2825,1.0545815454918155,0.4808203840512931,0.5784322671680254,-0.015861440782634052,667.0
15.0,-0.27999999999999997,1.0546831668979313,0.4808146656933768,0.5783476228886137,-0.015888945797259805,667.0
15.0,-0.27749999999999997,1.0547930796894243,0.4808051224482431,0.5782587707668604,-0.015918832479586798,667.0
15.0,-0.27499999999999997,1.0549117846786338,0.48079149936406695,0.5781654490849758,-0.015951240349487552,667.0
15.0,-0.27249999999999996,1.055039814278424,0.480773524806092,0.5780673798494411,-0.01598631758364958,667.0
15.0,-0.27,1.0551777348703437,0.4807509091593066,0.5779642675806452,-0.016024221648031602,667.0
15.0,-0.2675,1.0553261493613837,0.48072334342382167,0.5778557980062938,-0.016065119978477444,667.0
15.0,-0.265,1.0554856999434201,0.4806904976944537,0.5777416366513493,-0.016109190712722387,667.0
15.0,-0.2625,1.0556570710699746,0.48065201951559733,0.5776214273169594,-0.016156623477072297,667.0
15.0,-0.26,1.055840992665381,0.4806075321020825,0.5774947904405661,-0.016207620231034784,667.0
15.0,-0.2575,1.0560382435816607,0.4805566324164373,0.5773613213292401,-0.016262396173097545,667.0
15.0,-0.255,1.0562496553184169,0.4804988890928003,0.5772205882582323,-0.016321180710680495,667.0
15.0,-0.2525,1.0564761160206544,0.4804338401977459,0.5770721304268702,-0.016384218496985074,667.0
15.0,-0.25,1.0567185747686094,0.4803609908185203,0.5769154557642732,-0.016451770537009813,667.0
15.0,-0.24749999999999994,1.0569780461722078,0.480279810469743,0.5767500385780018,-0.016524115364338895,667.0
15.0,-0.245,1.0572556152805384,0.4801897303105844,0.5765753170397695,-0.016601550289396916,667.0
15.0,-0.24249999999999994,1.0575524428134861,0.4800901401659152,0.5763906905038431,-0.016684392718628496,667.0
15.0,-0.24,1.0578697707181937,0.47998038534706744,0.5761955166558472,-0.016772981542437268,667.0
15.0,-0.23750000000000004,1.0582089280469567,0.4798597632708326,0.5759891084925409,-0.016867678587610645,667.0
15.0,-0.235,1.0585713371451848,0.4797275198793639,0.5757707311369133,-0.01696887012726011,667.0
15.0,-0.23250000000000004,1.0589585201277194,0.4795828458689673,0.5755395984978661,-0.01707696843790801,667.0
15.0,-0.22999999999999998,1.0593721056085956,0.4794248727426829,0.5752948697900557,-0.017192413389103097,667.0
15.0,-0.22750000000000004,1.0598138356327376,0.47925266871036704,0.575035645937432,-0.01731567404571021,667.0
15.0,-0.22499999999999998,1.0602855727374036,0.4790652344710879,0.5747609658939387,-0.017447250256617426,667.0
15.0,-0.22250000000000003,1.0607893070458403,0.47886149892642615,0.5744698029270751,-0.017587674195877628,667.0
15.0,-0.21999999999999997,1.0613271632648542,0.4786403148901554,0.5741610609248701,-0.01773751181308365,667.0
15.0,-0.21750000000000003,1.0619014074211637,0.47840045488022287,0.5738335708045915,-0.01789736413891134,666.0
15.0,-0.21499999999999997,1.0625144531280761,0.4781406071031566,0.5734860871231191,-0.01806786837919456,666.0
15.0,-0.21250000000000002,1.0631688671233839,0.4778593717699264,0.573117285011873,-0.018249698716455945,666.0
15.0,-0.20999999999999996,1.0638673737623996,0.4775552579145547,0.5727257575898607,-0.01844356672189653,666.0
15.0,-0.20750000000000002,1.0646128580858032,0.4772266809243918,0.5723100140370625,-0.01865022126327596,666.0
15.0,-0.20499999999999996,1.0654083670131573,0.4768719610312507,0.5718684785459829,-0.018870447775831085,666.0
15.0,-0.2025,1.0662571081409686,0.47648932305579417,0.5713994904042922,-0.01910506674493999,666.0
15.0,-0.19999999999999996,1.067162445553125,0.4760768977411837,0.5709013054971037,-0.019354931232000466,666.0
15.0,-0.1975,1.0681278919868156,0.4756327250532569,0.5703720995502783,-0.019620923260695484,666.0
15.0,-0.19499999999999995,1.0691570966460666,0.4751547598593434,0.5698099734628131,-0.019903948871772107,666.0
15.0,-0.1925,1.0702538279275755,0.47464088042082886,0.5692129610921802,-0.02020493165360777,666.0
15.0,-0.18999999999999995,1.0714219503314544,0.4740889001389979,0.5685790398557828,-0.020524804566649357,666.0
15.0,-0.1875,1.0726653948865976,0.4734965829715644,0.5679061444878227,-0.020864499906182978,666.0
15.0,-0.18499999999999994,1.0739881225412677,0.47286166287995607,0.5671921842367844,-0.02122493729377078,666.0
15.0,-0.1825,1.075394080168199,0.47218186756624514,0.5664350636974229,-0.021607009656620497,665.0
15.0,-0.17999999999999994,1.0768871491211736,0.4714549466062695,0.5656327073377919,-0.022011567248539567,664.0
15.0,-0.1775,1.0784710866608507,0.47067870387820526,0.5647830876010654,-0.02243939988603652,664.0
15.0,-0.17499999999999993,1.0801494610394087,0.46985103392411554,0.5638842562413744,-0.022891217716563966,664.0
15.0,-0.1725,1.081925581574059,0.4689699615740662,0.5629343782918318,-0.023367630994637335,664.0
15.0,-0.17000000000000004,1.0838024256214844,0.4680336838266116,0.5619317677848928,-0.023869129506246287,664.0
15.0,-0.16749999999999998,1.0857825649338,0.46704061264071356,0.5608749240681569,-0.02439606243503699,664.0
15.0,-0.16500000000000004,1.0878680943715622,0.46598941698958823,0.5597625673144108,-0.024948619586946295,663.0
15.0,-0.16249999999999998,1.0900605662981826,0.4648790622965791,0.5585936716473174,-0.025526814962197077,663.0
15.0,-0.16000000000000003,1.0923609341131926,0.4637088452590302,0.5573674942243103,-0.026130473665730708,663.0
15.0,-0.15749999999999997,1.0947695082454592,0.4624784221010854,0.5560835986691345,-0.026759223066049657,663.0
15.0,-0.15500000000000003,1.0972859274918332,0.4611878285027732,0.5547418714330894,-0.02741248894295816,663.0
15.0,-0.15249999999999997,1.0999091478631087,0.4598374898278715,0.553342529992911,-0.028089497114459745,663.0
15.0,-0.15000000000000002,1.102637450137189,0.4584282207941637,0.5518861222354727,-0.02878928072106389,662.0
15.0,-0.14749999999999996,1.1054684662082392,0.45696121434933884,0.5503735168981603,-0.029510693001922477,664.0
15.0,-0.14500000000000002,1.1083992231738904,0.4554380201716711,0.5488058854714917,-0.030252425057332173,664.0
15.0,-0.14249999999999996,1.1114262030450737,0.4538605138352518,0.5471846764797849,-0.03101302779346905,663.0
15.0,-0.14,1.114545415100374,0.45223085820247483,0.5455115834663948,-0.0317909370174763,662.0
15.0,-0.13749999999999996,1.1177524773264635,0.45055145897956517,0.5437885083054866,-0.032584500516951664,662.0
15.0,-0.135,1.1210427031185637,0.44882491656791285,0.5420175216020592,-0.033392005922159886,662.0
15.0,-0.13249999999999995,1.1244111894666056,0.44705397636145755,0.5402008219415652,-0.034211708209402135,662.0
15.0,-0.13,1.1278529031722733,0.4452414794983426,0.5383406956162431,-0.03504185584035176,661.0
15.0,-0.12749999999999995,1.1313627621685667,0.4433903158076877,0.5364394782273862,-0.03588071472353807,661.0
15.0,-0.125,1.1349357096623913,0.4415033803453827,0.5344995192695717,-0.036726589403417796,661.0
15.0,-0.12249999999999994,1.1385667795160865,0.4395835345286275,0.5325231504894924,-0.03757784110628982,661.0
15.0,-0.12,1.1422511519550167,0.4376335724998042,0.5305126585002742,-0.038432902480083304,659.0
15.0,-0.11749999999999994,1.1459841992879978,0.4356561930033639,0.5284702618556979,-0.03929028904377796,659.0
15.0,-0.11499999999999999,1.1497615218232984,0.4336539767676074,0.526398092553543,-0.04014860750408436,659.0
15.0,-0.11249999999999993,1.1535789745410368,0.43162936915214567,0.5242981817595911,-0.041006561199401444,658.0
15.0,-0.10999999999999999,1.1574326853469152,0.4295846676575933,0.5221724494135077,-0.041862952997078345,660.0
15.0,-0.10750000000000004,1.161319065889501,0.4275220137877636,0.5200226972973215,-0.04271668600300894,660.0
15.0,-0.10499999999999998,1.1652348159955672,0.42544338869920134,0.5178506051117324,-0.04356676245031938,659.0
15.0,-0.10250000000000004,1.169176922778143,0.42335061205948793,0.5156577290928197,-0.04441228112104668,659.0
15.0,-0.09999999999999998,1.1731426554248574,0.42124534355216164,0.5134455027215961,-0.0452524336291115,658.0
15.0,-0.09750000000000003,1.1771295565927165,0.41912908650295067,0.5112152391111541,-0.04608649985865202,657.0
15.0,-0.09499999999999997,1.1811354312353572,0.4170031931534802,0.5089681346967894,-0.04691384281379155,657.0
15.0,-0.09250000000000003,1.1851583335784903,0.4148688711650658,0.5067052739012303,-0.04773390309638511,657.0
15.0,-0.08999999999999997,1.1891965528526198,0.41272719099399585,0.5044276344960862,-0.04854619319146808,656.0
15.0,-0.08750000000000002,1.1932485982867165,0.4105790938370247,0.5021360934244277,-0.04935029170493312,656.0
15.0,-0.08499999999999996,1.1973131837718263,0.4084253998990506,0.49983143289142695,-0.05014583766709783,656.0
15.0,-0.08250000000000002,1.2013892125198986,0.4062668167823139,0.4975143465695906,-0.05093252498909493,654.0
15.0,-0.07999999999999996,1.2054757619687286,0.4041039478390599,0.4951854457962616,-0.0517100971358349,656.0
15.0,-0.07750000000000001,1.2095720691221226,0.40193730036632164,0.4928452656684268,-0.052478342060473714,655.0
15.0,-0.07499999999999996,1.213677516462801,0.3997672935506323,0.49049427096816395,-0.05323708742973879,655.0
15.0,-0.07250000000000001,1.2177916185313555,0.39759426609788084,0.48813286186421523,-0.053986196156755546,655.0
15.0,-0.06999999999999995,1.2219140092323202,0.3954184835026226,0.4857613793584308,-0.05472556224871061,654.0
15.0,-0.0675,1.226044429899564,0.3932401449288584,0.48338011045402374,-0.05545510696879079,654.0
15.0,-0.06499999999999995,1.2301827181322664,0.3910593896874948,0.48098929303336063,-0.0561747753062847,653.0
15.0,-0.0625,1.2343287973971064,0.3888763033053055,0.47858912044260865,-0.05688453274474564,652.0
15.0,-0.05999999999999994,1.238482667380248,0.38669092318904125,0.47617974578447675,-0.05758436231536847,652.0
15.0,-0.057499999999999996,1.2426443950625117,0.38450324389360524,0.47376128592471395,-0.05827426192032897,651.0
15.0,-0.05499999999999994,1.2468141064878369,0.3823132220072867,0.4713338252235822,-0.05895424191058259,653.0
15.0,-0.05249999999999999,1.2509919791882342,0.38012078067081595,0.46889741900122206,-0.05962432290127352,653.0
15.0,-0.05,1.255178235229333,0.37792581374781187,0.4664520967530462,-0.06028453380866502,651.0
20.0,-0.75,1.0323425417636587,0.49037123357382223,0.5981704969739512,-0.010139425138347865,720.0
20.0,-0.7475,1.0327521387321625,0.49012469066034126,0.5979194457846881,-0.01026017301874186,718.0
20.0,-0.745,1.033155530471247,0.48988212930856156,0.5976711794407434,-0.0103788435341081,718.0
20.0,-0.7425,1.0335527585179658,0.4896435228089371,0.5974256908324982,-0.010495456076752948,718.0
20.0,-0.74,1.033943864334053,0.48940884446646077,0.5971829727224531,-0.010610029911971977,718.0
20.0,-0.7375,1.0343288893056157,0.4891780676017594,0.5969430177457241,-0.010722584178606118,718.0
20.0,-0.735,1.0347078747428076,0.4889511655522124,0.596705818410513,-0.010833137889597094,718.0
20.0,-0.7325,1.0350808618794844,0.488728111673079,0.5964713670985997,-0.0109417099325413,718.0
20.0,-0.73,1.0354478918728454,0.4885088793386334,0.5962396560658573,-0.011048319070242278,718.0
20.0,-0.7275,1.0358090058030516,0.4882934419433158,0.5960106774426727,-0.011152983941261681,718.0
20.0,-0.725,1.0361642446728392,0.4880817729028526,0.5957844232349658,-0.011255723060469335,718.0
20.0,-0.7225,1.0365136494070888,0.4878738456554663,0.5955608853240847,-0.011356554819588319,718.0
20.0,-0.72,1.0368572608524032,0.4876696336630117,0.5953400554678674,-0.011455497487742038,718.0
20.0,-0.7175,1.037195119776655,0.4874691104121601,0.5951219253011555,-0.01155256921199793,718.0
20.0,-0.715,1.0375272668685187,0.4872722494155838,0.5949064863364426,-0.011647788017909977,718.0
20.0,-0.7125,1.0378537427369832,0.4870790242131499,0.5946937299645484,-0.011741171810058227,718.0
20.0,-0.71,1.0381745879108542,0.4868894083731159,0.5944836474553085,-0.011832738372589949,718.0
20.0,-0.7075,1.0384898428382274,0.48670337549334086,0.5942762299582955,-0.011922505369754657,718.0
20.0,-0.705,1.0387995478859586,0.48652089920249514,0.5940714685035537,-0.012010490346442103,718.0
20.0,-0.7025,1.0391037433391062,0.48634195316128265,0.5938693540023605,-0.01209671072871547,718.0
20.0,-0.7,1.0394024694003638,0.4861665110636662,0.5936698772480076,-0.012181183824345259,718.0
20.0,-0.6975,1.0396957661894735,0.4859945466381014,0.5934730289166048,-0.012263926823340264,718.0
20.0,-0.695,1.0399836737426238,0.48582603364877486,0.5932787995679051,-0.012344956798478158,718.0
20.0,-0.6925,1.0402662320118377,0.48566094589684666,0.593087179646148,-0.01242429070583543,718.0
20.0,-0.69,1.040543480864334,0.48549925722170256,0.5928981594809295,-0.012501945385313984,718.0
20.0,-0.6875,1.0408154600818873,0.48534094150220575,0.5927117292880869,-0.0125779375611693,718.0
20.0,-0.685,1.0410822093601637,0.48518597265795804,0.5925278791706088,-0.012652283842535103,718.0
20.0,-0.6825,1.041343768308049,0.48503432465056096,0.592346599119561,-0.012725000723949545,718.0
20.0,-0.6799999999999999,1.0416001764469591,0.4848859714848852,0.5921678790150369,-0.012796104585877958,718.0
20.0,-0.6775,1.041851473210145,0.48474088721033737,0.5919917086271212,-0.012865611695238307,718.0
20.0,-0.675,1.0420976979419732,0.48459904592213876,0.591818077616882,-0.012933538205921497,718.0
20.0,-0.6725,1.0423388898972084,0.48446042176259757,0.5916469755373713,-0.01299990015931574,718.0
20.0,-0.67,1.042575088240277,0.4843249889223891,0.5914783918346522,-0.01306471348482778,718.0
20.0,-0.6675,1.0428063320445207,0.4841927216418366,0.5913123158488399,-0.01312799400040454,718.0
20.0,-0.665,1.0430326602914455,0.4840635942121918,0.591148736815162,-0.013189757413055359,718.0
20.0,-0.6625,1.0432541118699536,0.48393758097691963,0.5909876438650361,-0.01325001931937291,718.0
20.0,-0.66,1.0434707255755764,0.48381465633297943,0.5908290260271631,-0.013308795206056018,718.0
20.0,-0.6575,1.0436825401096932,0.48369479473210863,0.5906728722286378,-0.013366100450431682,718.0
20.0,-0.655,1.043889594078746,0.48357797068210573,0.5905191712960756,-0.01342195032097775,718.0
20.0,-0.6525,1.0440919259934496,0.4834641587481105,0.5903679119567524,-0.013476359977847107,718.0
20.0,-0.65,1.0442895742679945,0.48335333355388405,0.5902190828397629,-0.013529344473391842,718.0
20.0,-0.6475,1.0444825772192474,0.4832454697830863,0.5900726724771891,-0.013580918752688909,718.0
20.0,-0.645,1.044670973065949,0.4831405421805495,0.5899286693052849,-0.013631097654067479,718.0
20.0,-0.6425,1.0448547999279085,0.48303852555354965,0.5897870616656727,-0.013679895909637196,718.0
20.0,-0.64,1.0450340958252011,0.48293939477307196,0.5896478378065519,-0.013727328145818994,718.0
20.0,-0.6375,1.0452088986773582,0.48284312477507496,0.5895109858839204,-0.013773408883876452,718.0
20.0,-0.635,1.045379246302567,0.48274969056174466,0.589376493962805,-0.013818152540451344,718.0
20.0,-0.6325,1.045545176416871,0.48265906720274476,0.5892443500185023,-0.013861573428100706,718.0
20.0,-0.63,1.0457067266333684,0.4825712298364619,0.5891145419378309,-0.013903685755835943,718.0
20.0,-0.6275,1.0458639344614211,0.48248615367124015,0.5889870575203903,-0.013944503629666066,718.0
20.0,-0.625,1.046016837305872,0.48240381398660803,0.5888618844798261,-0.013984041053144412,718.0
20.0,-0.6225,1.0461654724662635,0.4823241861344976,0.5887390104451058,-0.01402231192791802,718.0
20.0,-0.62,1.046309877136069,0.48224724554045345,0.5886184229617978,-0.014059330054281246,718.0
20.0,-0.6174999999999999,1.046450088401935,0.48217296770482954,0.5885001094933561,-0.014095109131734231,718.0
20.0,-0.615,1.0465861432429358,0.4821013282039754,0.588384057422408,-0.01412966275954572,718.0
20.0,-0.6125,1.046718078529839,0.4820323026914112,0.5882702540520472,-0.014163004437320199,718.0
20.0,-0.61,1.0468459310243894,0.48196586689898685,0.5881586866071269,-0.014195147565571439,718.0
20.0,-0.6074999999999999,1.0469697373786064,0.48190199663803124,0.5880493422355558,-0.014226105446300196,718.0
20.0,-0.605,1.0470895341341055,0.48184066780048085,0.5879422080095906,-0.01425589128358003,718.0
20.0,-0.6025,1.0472053577214258,0.48178185635999954,0.5878372709270456,-0.014284518184145278,717.0
20.0,-0.6,1.0473172444594263,0.4817255383730661,0.5877345179129243,-0.014311999158000318,717.0
20.0,-0.5975,1.0474252305546186,0.4816716899800714,0.5876339358201952,-0.014338347119008414,717.0
20.0,-0.595,1.0475293521005862,0.4816202874064157,0.5875355114313918,-0.014363574885509142,716.0
20.0,-0.5925,1.0476296450775193,0.48157130696336775,0.587439231459899,-0.014387695180965035,716.0
20.0,-0.59,1.047726145351529,0.4815247250493632,0.587345082551078,-0.014410720634550405,716.0
20.0,-0.5875,1.047818888674252,0.48148051815081816,0.5872530512836224,-0.014432663781818823,716.0
20.0,-0.585,1.0479079106823623,0.4814386628431506,0.5871631241707836,-0.014453537065345502,716.0
20.0,-0.5825,1.0479932468971436,0.48139913579173127,0.5870752876616092,-0.014473352835387466,716.0
20.0,-0.58,1.0480749327241012,0.4813619137528091,0.5869895281421666,-0.014492123350554092,716.0
20.0,-0.5775,1.0481530034526176,0.48132697357441034,0.5869058319367549,-0.014509860778489302,716.0
20.0,-0.575,1.0482274942556515,0.4812942921972068,0.5868241853090954,-0.01452657719656692,716.0
20.0,-0.5725,1.0482984401894826,0.48126384665535893,0.5867445744635092,-0.014542284592597243,716.0
20.0,-0.5700000000000001,1.0483658761935069,0.4812356140773248,0.5866669855460718,-0.014556994865548272,716.0
20.0,-0.5675,1.048429837090085,0.48120957168663936,0.5865914046457471,-0.01457071982628045,716.0
20.0,-0.565,1.0484903575844453,0.48118569680265805,0.586517817795498,-0.014583471198297011,716.0
20.0,-0.5625,1.0485474722646468,0.48116396684126667,0.5864462109733709,-0.014595260618509619,716.0
20.0,-0.56,1.0486012156016005,0.4811443593155558,0.5863765701035547,-0.014606099638020027,716.0
20.0,-0.5575,1.0486516219491588,0.48112685183645537,0.5863088810574084,-0.01461599972291993,716.0
20.0,-0.5549999999999999,1.0486987255442721,0.48111142211333097,0.5862431296544592,-0.014624972255108247,716.0
20.0,-0.5525,1.048742560507217,0.4810980479545382,0.5861793016633651,-0.014633028533128128,716.0
20.0,-0.55,1.0487831608418992,0.4810867072679353,0.5861173828028433,-0.014640179773023117,716.0
20.0,-0.5475,1.0488205604362373,0.4810773780613497,0.5860573587425602,-0.014646437109215154,716.0
20.0,-0.5449999999999999,1.048854793062627,0.4810700384429997,0.5859992151039796,-0.014651811595403868,716.0
20.0,-0.5425,1.0488858923784963,0.48106466662186664,0.5859429374611697,-0.014656314205489511,716.0
20.0,-0.54,1.0489138919269483,0.4810612409080172,0.5858885113415624,-0.01465995583451984,716.0
20.0,-0.5375,1.0489388251375014,0.4810597397128738,0.5858359222266665,-0.014662747299662281,716.0
20.0,-0.535,1.0489607253269304,0.4810601415494309,0.5857851555527283,-0.014664699341202648,716.0
20.0,-0.5325,1.048979625700212,0.4810624250324136,0.5857361967113378,-0.014665822623572173,716.0
20.0,-0.53,1.0489955593515816,0.4810665688783781,0.5856890310499794,-0.014666127736403623,716.0
20.0,-0.5275,1.0490085592657044,0.48107255190575204,0.5856436438725208,-0.014665625195617482,716.0
20.0,-0.525,1.0490186583189662,0.48108035303481006,0.5856000204396402,-0.01466432544454097,716.0
20.0,-0.5225,1.049025889280897,0.4810899512875824,0.5855581459691838,-0.014662238855061004,716.0
20.0,-0.52,1.0490302848157167,0.481101325787698,0.5855180056364567,-0.014659375728811229,716.0
20.0,-0.5175,1.0490318774840313,0.48111445576015166,0.5854795845744359,-0.014655746298397701,716.0
20.0,-0.515,1.0490306997446655,0.48112932053100005,0.5854428678739074,-0.014651360728662471,716.0
20.0,-0.5125,1.049026783956652,0.4811458995269789,0.5854078405835216,-0.014646229117988071,716.0
20.0,-0.51,1.0490201623813797,0.48116417227503916,0.5853744877097602,-0.01464036149964519,716.0
20.0,-0.5075000000000001,1.0490108671849072,0.4811841184018,0.5853427942168157,-0.014633767843184724,716.0
20.0,-0.505,1.0489989304404541,0.48120571763291237,0.5853127450263717,-0.01462645805587791,716.0
20.0,-0.5025,1.0489843841310738,0.4812289497923333,0.585284325017286,-0.0146184419842049,716.0
20.0,-0.5,1.0489672601525175,0.48125379480150415,0.585257519025168,-0.01460972941539595,716.0
20.0,-0.4975,1.0489475903163021,0.4812802326784284,0.5852323118418437,-0.014600330079027399,716.0
20.0,-0.495,1.048925406352988,0.4813082435366476,0.5852086882147065,-0.014590253648674566,716.0
20.0,-0.4925,1.048900739915676,0.48133780758410843,0.5851866328459457,-0.014579509743625107,716.0
20.0,-0.49,1.0488736225837414,0.4813689051219157,0.5851661303916451,-0.014568107930656469,716.0
20.0,-0.4875,1.048844085866806,0.48140151654296903,0.5851471654607487,-0.014556057725879017,716.0
20.0,-0.485,1.0488121612089716,0.4814356223304743,0.5851297226138832,-0.014543368596650487,716.0
20.0,-0.4825,1.0487778799933158,0.481471203056328,0.5851137863620335,-0.01453004996356325,716.0
20.0,-0.48,1.048741273546675,0.4815082393793642,0.5850993411650592,-0.014516111202510331,716.0
20.0,-0.4775,1.0487023731447205,0.48154671204346206,0.5850863714300497,-0.014501561646832656,716.0
20.0,-0.475,1.0486612100173478,0.48158660187550295,0.5850748615095019,-0.014486410589553442,716.0
20.0,-0.4725,1.0486178153543924,0.48162788978317456,0.58506479569932,-0.014470667285702659,716.0
20.0,-0.47,1.0485722203116898,0.48167055675260984,0.5850561582366216,-0.014454340954738252,716.0
20.0,-0.46749999999999997,1.048524456017499,0.48171458384585614,0.5850489332973419,-0.014437440783068113,716.0
20.0,-0.46499999999999997,1.0484745535793079,0.4817599521981638,0.5850431049936264,-0.014419975926679367,716.0
20.0,-0.46249999999999997,1.0484225440910393,0.48180664301508597,0.5850386573709985,-0.014401955513880323,716.0
20.0,-0.46,1.048368458640682,0.48185463756938063,0.5850355744052936,-0.014383388648161018,716.0
20.0,-0.4575,1.048312328318369,0.4819039171977023,0.5850338399993423,-0.014364284411180756,716.0
20.0,-0.455,1.0482541842249273,0.48195446329707353,0.5850334379793921,-0.01434465186588831,716.0
20.0,-0.4525,1.048194057480923,0.4820062573211263,0.5850343520912539,-0.01432450005978248,716.0
20.0,-0.45,1.048131979236236,0.4820592807760958,0.5850365659961543,-0.014303838028322715,716.0
20.0,-0.4475,1.048067980680188,0.482113515216558,0.5850400632662809,-0.014282674798496977,716.0
20.0,-0.445,1.0480020930522573,0.4821689422408939,0.5850448273800021,-0.014261019392556844,716.0
20.0,-0.4425,1.0479343476534138,0.4822255434864666,0.5850508417167427,-0.014238880831929328,716.0
20.0,-0.44,1.0478647758581172,0.4822833006244904,0.585058089551492,-0.014216268141318331,716.0
20.0,-0.4375,1.0477934091270047,0.48234219535458106,0.5850665540489315,-0.014193190353003192,716.0
20.0,-0.435,1.0477202790203186,0.4824022093989633,0.5850762182571521,-0.01416965651134998,716.0
20.0,-0.4325,1.0476454172121206,0.4824633244963138,0.5850870651009368,-0.014145675677548045,716.0
20.0,-0.43,1.0475688555053293,0.482525522395224,0.5850990773745895,-0.014121256934583978,716.0
20.0,-0.4275,1.0474906258476449,0.48258878484725215,0.5851122377342743,-0.014096409392470624,716.0
20.0,-0.425,1.0474107603484053,0.48265309359954356,0.5851265286898407,-0.014071142193745518,716.0
20.0,-0.4225,1.047329291296441,0.4827184303869909,0.5851419325961008,-0.014045464519256912,716.0
20.0,-0.42,1.0472462511789868,0.4827847769239027,0.5851584316435231,-0.014019385594256533,716.0
20.0,-0.4175,1.0471616727017181,0.4828521148951537,0.5851760078483107,-0.013992914694817121,716.0
20.0,-0.415,1.0470755888099887,0.48292042594677614,0.5851946430418178,-0.013966061154599398,716.0
20.0,-0.4125,1.0469880327113454,0.4829896916759617,0.5852143188592687,-0.01393883437198877,716.0
20.0,-0.41,1.0468990378994063,0.4830598936204288,0.5852350167277269,-0.013911243817628973,716.0
20.0,-0.4075,1.0468086381791923,0.48313101324711666,0.5852567178532722,-0.013883299042378254,716.0
20.0,-0.40499999999999997,1.0467168676940117,0.48320303194015773,0.5852794032073263,-0.01385500968571761,716.0
20.0,-0.40249999999999997,1.0466237609540052,0.483275930988077,0.5853030535120733,-0.013826385484643306,716.0
20.0,-0.39999999999999997,1.0465293528664608,0.4833496915701682,0.5853276492249146,-0.013797436283075424,716.0
20.0,-0.3975,1.046433678768031,0.48342429474198295,0.5853531705218855,-0.013768172041821973,716.0
20.0,-0.395,1.0463367744589804,0.48349972141987263,0.5853795972799695,-0.01373860284913552,716.0
20.0,-0.3925,1.0462386762396088,0.48357595236451373,0.5854069090582272,-0.013708738931906354,716.0
20.0,-0.39,1.0461394209490924,0.48365296816321834,0.5854350850776036,-0.013678590667560529,718.0
20.0,-0.3875,1.0460390460064735,0.48373074921165304,0.5854641041996256,-0.013648168596597463,717.0
20.0,-0.385,1.0459375894549094,0.4838092756931971,0.585493944903176,-0.013617483436062632,717.0
20.0,-0.3825,1.0458350900084727,0.48388852755793665,0.5855245852601153,-0.013586546093782279,717.0
20.0,-0.38,1.045731587102004,0.4839684844997995,0.5855560029090633,-0.013555367683490319,717.0
20.0,-0.3775,1.0456271209444532,0.4840491259321323,0.585588175027375,-0.013523959540975839,717.0
20.0,-0.375,1.0455217325757826,0.48413043096159386,0.5856210783011796,-0.013492333241275918,717.0
20.0,-0.3725,1.0454154639277522,0.4842123783602127,0.5856546888933231,-0.013460500617007442,717.0
20.0,-0.37,1.0453083578888946,0.4842949465354561,0.5856889824090518,-0.013428473777928853,717.0
20.0,-0.3675,1.0452004583740155,0.48437811349815213,0.5857239338592594,-0.013396265131829442,717.0
20.0,-0.365,1.0450918103985762,0.48446185682808673,0.5857595176211039,-0.013363887406853,717.0
20.0,-0.3625,1.0449824601583688,0.48454615363707826,0.5857957073957809,-0.013331353675374627,717.0
20.0,-0.36,1.0448724551149045,0.48463098052932235,0.5858324761632249,-0.013298677379555883,717.0
20.0,-0.3575,1.044761844087003,0.4847163135587686,0.5858697961334836,-0.013265872358720922,717.0
20.0,-0.355,1.0446506773490956,0.48480212818327684,0.58590763869449,-0.01323295287870462,717.0
20.0,-0.3525,1.0445390067368219,0.48488839921526716,0.5859459743559255,-0.013199933663342996,717.0
20.0,-0.35,1.0444268857605397,0.48497510076855954,0.5859847726888464,-0.013166829928287698,717.0
20.0,-0.3475,1.044314369727442,0.48506220620105694,0.5860240022607036,-0.013133657417349032,717.0
20.0,-0.345,1.0442015158730384,0.48514968805289993,0.5860636305653584,-0.013100432441588667,717.0
20.0,-0.34249999999999997,1.044088383502834,0.48523751797967646,0.586103623947648,-0.013067171921407566,717.0
20.0,-0.33999999999999997,1.0439750341451255,0.48532566668022953,0.586143947522019,-0.013033893431898263,717.0
20.0,-0.33749999999999997,1.0438615317159263,0.48541410381855915,0.5861845650846911,-0.013000615251758286,717.0
20.0,-0.33499999999999996,1.0437479426971443,0.4855027979392544,0.5862254390187587,-0.012967356416093995,717.0
20.0,-0.3325,1.0436343363292429,0.48559171637584103,0.586266530191579,-0.012934136773475352,717.0
20.0,-0.33,1.0435207848197567,0.4856808251513536,0.5863077978437253,-0.012900977047643583,717.0
20.0,-0.3275,1.0434073635691807,0.4857700888703692,0.5863491994687015,-0.012867898904315084,717.0
20.0,-0.325,1.0432941514159046,0.4858594706016572,0.5863906906825388,-0.012834925023572499,717.0
20.0,-0.3225,1.043181230902067,0.4859489317504981,0.5864322250822874,-0.012802079178389136,717.0
20.0,-0.32,1.0430686885623968,0.4860384319196216,0.586473754092312,-0.012769386319893042,717.0
20.0,-0.3175,1.0429566152383511,0.4861279287575928,0.5865152267971802,-0.012736872670042783,717.0
20.0,-0.315,1.0428451064201194,0.4862173777933327,0.5865565897597896,-0.012704565822468195,717.0
20.0,-0.3125,1.0427342626193568,0.48630673225531496,0.5865977868232313,-0.0126724948523091,717.0
20.0,-0.31,1.0426241897758521,0.4863959428737957,0.5866387588947055,-0.012640690435987992,717.0
20.0,-0.3075,1.0425149997017051,0.486484957664241,0.5866794437096147,-0.012609184981958585,717.0
20.0,-0.305,1.0424068105670203,0.4865737216898909,0.5867197755737313,-0.012578012773597273,717.0
20.0,-0.3025,1.042299747431614,0.48666217680114204,0.5867596850811763,-0.012547210125546675,718.0
20.0,-0.3,1.0421939428277354,0.4867502613491515,0.5867990988050451,-0.012516815554965246,718.0
20.0,-0.2975,1.0420895373995605,0.4868379098707009,0.5868379389590247,-0.012486869969359554,718.0
20.0,-0.295,1.041986680605707,0.4869250527410389,0.5868761230249234,-0.012457416872810934,718.0
20.0,-0.2925,1.0418855314920419,0.4870116157909373,0.586913563343674,-0.01242850259270931,718.0
20.0,-0.29,1.041786259542849,0.4870975198837317,0.5869501666650478,-0.012400176529334025,718.0
20.0,-0.2875,1.0416890456195143,0.4871826804475496,0.5869858336513953,-0.012372491430934598,718.0
20.0,-0.285,1.0415940829970836,0.4872670069572835,0.5870204583300086,-0.012345503697309987,718.0
20.0,-0.2825,1.0415015785104211,0.48735040236012506,0.587053927487996,-0.012319273715278372,718.0
20.0,-0.27999999999999997,1.0414117538232779,0.4874327624376269,0.5870861200027319,-0.01229386622988328,718.0
20.0,-0.27749999999999997,1.0413248468353702,0.487513975096282,0.5871169061000246,-0.01226935075569543,718.0
20.0,-0.27499999999999997,1.0412411132446666,0.48759391957747794,0.5871461465310545,-0.012245802033167559,718.0
20.0,-0.27249999999999996,1.041160828284443,0.48767246557638927,0.5871736916579133,-0.012223300535675734,718.0
20.0,-0.27,1.0410842886574176,0.4877494722578675,0.5871993804361544,-0.012201933033664314,718.0
20.0,-0.2675,1.0410118146924394,0.4878247871556549,0.5872230392811298,-0.012181793223208875,718.0
20.0,-0.265,1.0409437527528238,0.4878982449392444,0.5872444808030166,-0.01216298242734274,718.0
20.0,-0.2625,1.0408804779296454,0.4879696660303868,0.587263502393265,-0.012145610379681345,718.0
20.0,-0.26,1.040822397058106,0.48803885504856265,0.5872798846427141,-0.012129796101241288,718.0
20.0,-0.2575,1.040769952100688,0.48810559906162276,0.5872933895687433,-0.012115668882922077,718.0
20.0,-0.255,1.040723623947217,0.4881696656142028,0.5873037586255161,-0.01210336938792092,718.0
20.0,-0.2525,1.0406839366893672,0.4882308005023439,0.5873107104675633,-0.012093050890421729,718.0
20.0,-0.25,1.0406514624356527,0.48828872525792727,0.5873139384325625,-0.012084880669273388,718.0
20.0,-0.24749999999999994,1.0406268267427512,0.4883431343009526,0.5873131077041331,-0.012079041578086605,718.0
20.0,-0.245,1.040610714750215,0.488393691711259,0.5873078521096917,-0.012075733816275736,718.0
20.0,-0.24249999999999994,1.0406038781184561,0.4884400275638825,0.5872977705018139,-0.01207517692908747,718.0
20.0,-0.24,1.0406071428844825,0.488481733763757,0.587282422664043,-0.012077612068632292,718.0
20.0,-0.23750000000000004,1.0406214183663602,0.48851835930578197,0.5872613246735974,-0.01208330455238604,718.0
20.0,-0.235,1.0406477072658837,0.48854940487530246,0.5872339436439039,-0.012092546760573083,718.0
20.0,-0.23250000000000004,1.0406871171394922,0.48857431669171036,0.5871996917593001,-0.012105661419255728,718.0
20.0,-0.22999999999999998,1.0407408734299073,0.488592479484193,0.5871579195026847,-0.012123005321764472,718.0
20.0,-0.22750000000000004,1.0408103342750223,0.4886032084737074,0.5871079079644741,-0.012144973547178759,718.0
20.0,-0.22499999999999998,1.04089700733549,0.4886057402193551,0.5870488601083252,-0.012172004240640683,718.0
20.0,-0.22250000000000003,1.0410025689071183,0.4885992221709627,0.5869798908562521,-0.012204584025957277,718.0
20.0,-0.21999999999999997,1.0411288856065601,0.4885827007538374,0.5869000158439278,-0.012243254125535279,717.0
20.0,-0.21750000000000003,1.0412780389359315,0.4885551077978014,0.5868081386883846,-0.012288617265241284,717.0
20.0,-0.21499999999999997,1.0414523530390019,0.4885152451132126,0.5867030366042157,-0.012341345440708312,717.0
20.0,-0.21250000000000002,1.0416544259521163,0.48846176701517097,0.5865833442114782,-0.01240218861493312,717.0
20.0,-0.20999999999999996,1.041887164616329,0.48839316060902815,0.5864475353927638,-0.012471984401394114,717.0
20.0,-0.20750000000000002,1.0421538238399661,0.4883077236830987,0.586293903096407,-0.012551668758296337,717.0
20.0,-0.20499999999999996,1.042458049262945,0.48820354011903777,0.5861205370499227,-0.012642287671861608,717.0
20.0,-0.2025,1.0428039241493927,0.48807845284145107,0.5859252994589099,-0.012745009732015668,717.0
20.0,-0.19999999999999996,1.0431960194886507,0.4879300345057157,0.5857057989383323,-0.012861139392192194,717.0
20.0,-0.1975,1.0436394463739875,0.4877555563915485,0.5854593631766765,-0.012992130543992076,716.0
20.0,-0.19499999999999995,1.0441399088913434,0.4875519563652954,0.5851830112002232,-0.013139599809634608,716.0
20.0,-0.1925,1.044703754769928,0.4873158073119965,0.5848734265922106,-0.013305338656545537,716.0
20.0,-0.18999999999999995,1.0453380196792865,0.48704328819746046,0.5845269337043005,-0.013491323029808374,716.0
20.0,-0.1875,1.0460504594111173,0.4867301608585768,0.5841394797185334,-0.013699718714187606,715.0
20.0,-0.18499999999999994,1.0468495621484255,0.4863717567987282,0.583706626437065,-0.013932880052019057,714.0
20.0,-0.1825,1.047744530814904,0.4859629795846777,0.5832235567844999,-0.01419333902709027,714.0
20.0,-0.17999999999999994,1.0487452233721584,0.48549832976771146,0.5826851020830732,-0.014483781163658917,714.0
20.0,-0.1775,1.0498620374130978,0.48497196030526346,0.5820857969401041,-0.014807004347782224,714.0
20.0,-0.17499999999999993,1.0511057253024205,0.48437777078765243,0.5814199686778431,-0.015165856803418278,714.0
20.0,-0.1725,1.0524871284694028,0.48370954777980574,0.5806818671225188,-0.015563151351847444,714.0
20.0,-0.17000000000000004,1.0540168253825515,0.48296115559823966,0.5798658377026235,-0.01600155506458044,713.0
20.0,-0.16749999999999998,1.055704697999067,0.4821267763394932,0.5789665358002777,-0.01648345667600754,713.0
20.0,-0.16500000000000004,1.057559435916776,0.48120118993156674,0.5779791732217271,-0.017010818539088857,713.0
20.0,-0.16249999999999998,1.0595880143094696,0.4801800752515527,0.5768997793563386,-0.017585024885094624,713.0
20.0,-0.16000000000000003,1.0617951973567734,0.4790603039043873,0.5757254518373446,-0.01820674253288653,713.0
20.0,-0.15749999999999997,1.0641831282748981,0.477840191935464,0.5744545667607882,-0.018875812467689893,713.0
20.0,-0.15500000000000003,1.0667510654050887,0.47651967444075716,0.5730869191146064,-0.019591189496452648,711.0
20.0,-0.15249999999999997,1.0694953087626093,0.47510037538626443,0.5716237712011387,-0.020350941928093474,711.0
20.0,-0.15000000000000002,1.0724093348767476,0.4735855592451368,0.570067799617428,-0.021152314683710954,711.0
20.0,-0.14749999999999996,1.075484125871987,0.47197996904670264,0.5684229468121005,-0.02199184944756377,711.0
20.0,-0.14500000000000002,1.0787086499658853,0.47028957238486574,0.5666941972765236,-0.02286554702122879,710.0
20.0,-0.14249999999999996,1.082070432178615,0.4685212485181248,0.5648873075217592,-0.023769052070159825,712.0
20.0,-0.14,1.0855561494584625,0.4666824536344868,0.5630085214498272,-0.02469783981320858,711.0
20.0,-0.13749999999999996,1.089152192407443,0.4647808979879313,0.5610642991144082,-0.025647387342525522,711.0
20.0,-0.135,1.0928451518332913,0.46282426027024204,0.5590610793083012,-0.026613317665527818,710.0
20.0,-0.13249999999999995,1.096622207002665,0.46081995429227335,0.5570050875535467,-0.027591510516852668,709.0
20.0,-0.13,1.1004714092738321,0.4587749534215826,0.5549021930235649,-0.02857817916021727,708.0
20.0,-0.12749999999999995,1.1043818672690688,0.45669567080289636,0.5527578119199429,-0.029569916095014644,707.0
20.0,-0.125,1.108343847274642,0.45458788867959354,0.5505768511558476,-0.030563712680321292,707.0
20.0,-0.12249999999999994,1.11234880579915,0.45245672786877966,0.5483636845743074,-0.03155695845402964,707.0
20.0,-0.12,1.1163893713522008,0.45030664801500814,0.5461221537907844,-0.032547425756009676,706.0
20.0,-0.11749999999999994,1.1204592907752,0.44814146997002097,0.5438555865045929,-0.033533244563147095,705.0
20.0,-0.11499999999999999,1.1245533528556182,0.44596441295322814,0.5415668263054466,-0.03451287151962166,705.0
20.0,-0.11249999999999993,1.1286672991688411,0.44377814063624993,0.5392582692849359,-0.03548505620374264,704.0
20.0,-0.10999999999999999,1.1327977295154636,0.44158481171591835,0.5369319039533114,-0.036448806827540384,704.0
20.0,-0.10750000000000004,1.1369420071395617,0.43938613177608027,0.5345893519738862,-0.03740335686548873,703.0
20.0,-0.10499999999999998,1.141098167178899,0.43718340423976254,0.5322319080388546,-0.03834813356311007,702.0
20.0,-0.10250000000000004,1.1452648304791262,0.43497757899087125,0.5298605778230868,-0.03928272886951129,702.0
20.0,-0.09999999999999998,1.1494411239455817,0.43276929781950196,0.5274761134036057,-0.04020687304843037,702.0
20.0,-0.09750000000000003,1.1536266079316586,0.43055893626096053,0.5250790458517313,-0.04112041102406803,701.0
20.0,-0.09499999999999997,1.1578212107138366,0.4283466416812347,0.5226697149171001,-0.042023281390293196,701.0
20.0,-0.09250000000000003,1.1620251698074677,0.4261323676560572,0.5202482958651826,-0.042915497932053084,700.0
20.0,-0.08999999999999997,1.1662389797120292,0.4239159048047522,0.5178148236141709,-0.04379713346704427,699.0
20.0,-0.08750000000000002,1.170463345578781,0.42169690831272627,0.5153692143628766,-0.04466830579613723,698.0
20.0,-0.08499999999999996,1.1746991422604691,0.4194749224098571,0.5129112849254304,-0.045529165549313334,698.0
20.0,-0.08250000000000002,1.1789473782029112,0.41724940208174854,0.5104407699887247,-0.04637988572132998,698.0
20.0,-0.07999999999999996,1.1832091636616113,0.4150197322879925,0.5079573375054,-0.04722065270500402,696.0
20.0,-0.07750000000000001,1.1874856827630096,0.4127852449464305,0.505460602419732,-0.048051658646513964,696.0
20.0,-0.07499999999999996,1.19177816897183,0.410545233924703,0.5029501389065003,-0.04887309496460878,695.0
20.0,-0.07250000000000001,1.1960878835735633,0.4082989682563814,0.5004254912883891,-0.04968514689371572,695.0
20.0,-0.06999999999999995,1.200416096823299,0.406045703778542,0.4978861837738711,-0.05048798892708631,692.0
20.0,-0.0675,1.2047640714564678,0.4037846933640142,0.4953317291458081,-0.05128178105198008,692.0
20.0,-0.06499999999999995,1.209133048297581,0.40151519590077417,0.4927616365081395,-0.052066665683179886,694.0
20.0,-0.0625,1.213524233735705,0.3992364841519892,0.490175418189022,-0.05284276521267286,692.0
20.0,-0.05999999999999994,1.2179387888725564,0.3969478516106957,0.4875725958817455,-0.053610180105541375,692.0
20.0,-0.057499999999999996,1.2223778201724687,0.39464861845038657,0.48495270609135893,-0.054368987480346,691.0
20.0,-0.05499999999999994,1.2268423714730183,0.3923381366549278,0.4823153049496219,-0.055119240121451696,690.0
20.0,-0.05249999999999999,1.231333417232665,0.39001579440189266,0.47965997244550684,-0.055860965876746445,689.0
20.0,-0.05,1.235851856912027,0.38768101976229896,0.476986316116135,-0.056594167400488615,689.0
25.0,-0.75,1.032251668391386,0.4904264908465067,0.5982206557777571,-0.010112025838900736,819.0
25.0,-0.7475,1.0326579815350616,0.4901819131071891,0.5979715452392023,-0.010231828056882034,818.0
25.0,-0.745,1.033058010799229,0.4899413620153356,0.5977252721312121,-0.010349532111061814,818.0
25.0,-0.7425,1.033451796527241,0.489704811453568,0.5974818303318306,-0.010465157118787283,818.0
25.0,-0.74,1.033839378985416,0.48947223531573314,0.5972412135988528,-0.010578722070751029,818.0
25.0,-0.7375,1.0342207983632117,0.4892436075076277,0.5970034155700469,-0.01069024583165814,818.0
25.0,-0.735,1.0345960947733985,0.4890189019477265,0.5967684297633561,-0.010799747140896949,818.0
25.0,-0.7325,1.034965308252205,0.488798092567927,0.5965362495771281,-0.010907244613202994,818.0
25.0,-0.73,1.0353284787594788,0.4885811533142807,0.5963068682903415,-0.011012756739330054,818.0
25.0,-0.7275,1.0356856461788342,0.48836805814774026,0.5960802790628225,-0.011116301886719611,819.0
25.0,-0.725,1.036036850317735,0.4881587810448966,0.5958564749355464,-0.011217898300150339,818.0
25.0,-0.7225,1.0363821309077066,0.487953295998734,0.5956354488310638,-0.0113175641024343,818.0
25.0,-0.72,1.0367215276043578,0.48775157701938865,0.5954171935534016,-0.01141531729505177,818.0
25.0,-0.7175,1.0370550799875207,0.4875535981348989,0.5952017017886759,-0.01151117575882704,818.0
25.0,-0.715,1.0373828275613362,0.48735933339196547,0.5949889661053186,-0.011605157254589242,818.0
25.0,-0.7125,1.0377048097543298,0.48716875685671723,0.5947789789544061,-0.011697279423832375,818.0
25.0,-0.71,1.038021065919475,0.4869818426154826,0.5945717326700047,-0.011787559789373278,818.0
25.0,-0.7075,1.0383316353342449,0.4867985647755639,0.5943672194695273,-0.01187601575600859,818.0
25.0,-0.705,1.0386365572006613,0.4866188974660119,0.594165431454101,-0.01196266461117247,818.0
25.0,-0.7025,1.038935870645316,0.4864428148384127,0.593966360608955,-0.01204752352558864,818.0
25.0,-0.7,1.0392296147193871,0.48627029106767683,0.593769998803822,-0.012130609553922016,818.0
25.0,-0.6975,1.0395178283986417,0.4861013003528312,0.59357633779335,-0.01221193963542935,818.0
25.0,-0.695,1.0398005505834218,0.4859358169178206,0.5933853692175332,-0.012291530594605759,818.0
25.0,-0.6925,1.0400778200986218,0.4857738150123097,0.5931970846021545,-0.012369399141831331,818.0
25.0,-0.69,1.0403496756936423,0.4856152689124971,0.593011475359246,-0.012445561874012481,818.0
25.0,-0.6875,1.0406161560423355,0.4854601529219311,0.5928285327875631,-0.012520035275222656,818.0
25.0,-0.685,1.0408772997429343,0.48530844137233253,0.5926482480730728,-0.012592835717340193,818.0
25.0,-0.6825,1.041133145317965,0.4851601086244244,0.592470612289459,-0.012663979460682909,818.0
25.0,-0.6799999999999999,1.0413837312141434,0.48501512906876815,0.5922956163986424,-0.012733482654640074,818.0
25.0,-0.6775,1.0416290958022505,0.48487347712660944,0.5921232512513187,-0.012801361338300035,818.0
25.0,-0.675,1.0418692773770033,0.48473512725072365,0.5919535075875068,-0.012867631441078074,818.0
25.0,-0.6725,1.0421043141568955,0.48460005392627686,0.5917863760371183,-0.012932308783337187,818.0
25.0,-0.67,1.042334244284023,0.4844682316716915,0.5916218471205434,-0.012995409077006798,818.0
25.0,-0.6675,1.0425591058239012,0.4843396350395157,0.5914599112492473,-0.01305694792619986,818.0
25.0,-0.665,1.0427789367652496,0.48421423861730756,0.5913005587263899,-0.01311694082782305,818.0
25.0,-0.6625,1.0429937750197693,0.48409201702852145,0.591143779747457,-0.013175403172186032,818.0
25.0,-0.66,1.0432036584218947,0.48397294493340665,0.5909895644009114,-0.013232350243605112,818.0
25.0,-0.6575,1.0434086247285292,0.4838569970299113,0.5908379026688587,-0.013287797221004243,818.0
25.0,-0.655,1.043608711618759,0.4837441480545989,0.5906887844277325,-0.013341759178510396,818.0
25.0,-0.6525,1.0438039566935466,0.4836343727835706,0.5905421994489949,-0.01339425108604608,818.0
25.0,-0.65,1.04399439747541,0.4835276460333957,0.5903981373998534,-0.013445287809917968,818.0
25.0,-0.6475,1.044180071408071,0.4834239426620562,0.5902565878439988,-0.013494884113399178,818.0
25.0,-0.645,1.0443610158560903,0.48332323756989576,0.5901175402423579,-0.013543054657309025,818.0
25.0,-0.6425,1.0445372681044822,0.48322550570058004,0.5899809839538631,-0.01358981400058795,818.0
25.0,-0.64,1.0447088653582977,0.4831307220420692,0.5898469082362447,-0.013635176600866064,818.0
25.0,-0.6375,1.0448758447421997,0.48303886162759596,0.5897153022468353,-0.013679156815029668,818.0
25.0,-0.635,1.0450382433000067,0.4829498995366566,0.5895861550433956,-0.01372176889978106,818.0
25.0,-0.6325,1.0451960979942192,0.4828638108960107,0.5894594555849574,-0.013763027012194588,818.0
25.0,-0.63,1.0453494457055168,0.4827805708806946,0.589335192732688,-0.013802945210265923,818.0
25.0,-0.6275,1.0454983232322475,0.4827001547150375,0.589213355250765,-0.013841537453460031,818.0
25.0,-0.625,1.0456427672898736,0.4826225376736995,0.5890939318072822,-0.013878817603248949,818.0
25.0,-0.6225,1.0457828145104175,0.4825476950827073,0.5889769109751591,-0.013914799423650185,818.0
25.0,-0.62,1.045918501441865,0.48247560232051173,0.5888622812330833,-0.013949496581754988,818.0
25.0,-0.6174999999999999,1.0460498645475582,0.4824062348190501,0.5887500309664621,-0.01398292264825432,818.0
25.0,-0.615,1.0461769402055614,0.48233956806481965,0.5886401484683963,-0.014015091097959115,818.0
25.0,-0.6125,1.046299764708006,0.48227557759996226,0.5885326219406719,-0.014046015310315468,818.0
25.0,-0.61,1.0464183742604054,0.48221423902336324,0.5884274394947737,-0.014075708569912757,818.0
25.0,-0.6074999999999999,1.0465328049809612,0.482155527991754,0.5883245891529116,-0.01410418406699013,818.0
25.0,-0.605,1.0466430928998314,0.48209942022083235,0.5882240588490725,-0.014131454897934052,818.0
25.0,-0.6025,1.0467492739583875,0.48204589148638877,0.5881258364300846,-0.014157534065773449,818.0
25.0,-0.6,1.046851384008443,0.48199491762544555,0.5880299096567064,-0.014182434480668044,818.0
25.0,-0.5975,1.0469494588114638,0.4819464745374056,0.5879362662047289,-0.014206168960392446,818.0
25.0,-0.595,1.0470435340377517,0.48190053818521267,0.5878448936661009,-0.014228750230814272,818.0
25.0,-0.5925,1.047133645265605,0.4818570845965219,0.5877557795499834,-0.014250190926365983,817.0
25.0,-0.59,1.0472198279804958,0.48181608986486957,0.5876689112842509,-0.014270503590524314,817.0
25.0,-0.5875,1.0473021175741388,0.48177753015087993,0.5875842762161598,-0.014289700676256909,817.0
25.0,-0.585,1.0473805493436354,0.48174138168345043,0.5875018616138808,-0.014307794546494109,817.0
25.0,-0.5825,1.0474551584905185,0.48170762076101115,0.5874216546676064,-0.014324797474572751,816.0
25.0,-0.58,1.0475259801199186,0.48167622375255836,0.5873436424908779,-0.014340721644713419,816.0
25.0,-0.5775,1.047593049239461,0.4816471670991548,0.5872678121216861,-0.01435557915242616,816.0
25.0,-0.575,1.0476564007583933,0.4816204273149813,0.5871941505238337,-0.014369382004978684,816.0
25.0,-0.5725,1.0477160694865717,0.4815959809886256,0.5871226445881926,-0.014382142121827025,816.0
25.0,-0.5700000000000001,1.0477720901334577,0.481573804784331,0.5870532811339988,-0.014393871335049813,816.0
25.0,-0.5675,1.0478244973070956,0.48155387544325556,0.5869860469101669,-0.01440458138977735,816.0
25.0,-0.565,1.0478733255130799,0.481536169784734,0.586920928596616,-0.01441428394461933,816.0
25.0,-0.5625,1.047918609153507,0.48152066470754906,0.5868579128056128,-0.014422990572087638,816.0
25.0,-0.56,1.047960382525916,0.48150733719120586,0.5867969860831265,-0.014430712759017514,816.0
25.0,-0.5575,1.047998679822217,0.48149616429721315,0.5867381349101987,-0.014437461906985385,816.0
25.0,-0.5549999999999999,1.0480335351276089,0.4814871231703684,0.5866813457043271,-0.014443249332724398,816.0
25.0,-0.5525,1.0480649824194974,0.481480191040043,0.5866266048208549,-0.014448086268539809,816.0
25.0,-0.55,1.0480930555663872,0.4814753452214797,0.5865738985543842,-0.01445198386271833,816.0
25.0,-0.5475,1.048117788326795,0.481472563117078,0.5865232131401826,-0.014454953179942944,816.0
25.0,-0.5449999999999999,1.0481392143481307,0.48147182221769586,0.5864745347556177,-0.014457005201699657,816.0
25.0,-0.5425,1.0481573671656015,0.48147310010393934,0.5864278495215841,-0.014458150826690108,816.0
25.0,-0.54,1.0481722802010967,0.48147637444746094,0.586383143503951,-0.01445840087123969,816.0
25.0,-0.5375,1.0481839867620866,0.4814816230122496,0.5863404027150076,-0.014457766069709187,816.0
25.0,-0.535,1.0481925200405184,0.4814888236559233,0.5862996131149188,-0.014456257074905797,816.0
25.0,-0.5325,1.0481979131117223,0.48149795433101406,0.5862607606131838,-0.014453884458496848,816.0
25.0,-0.53,1.0482001989333187,0.4815089930862528,0.5862238310700991,-0.014450658711424187,816.0
25.0,-0.5275,1.0481994103441474,0.4815219180678423,0.58618881029822,-0.014446590244323822,816.0
25.0,-0.525,1.0481955800631977,0.4815367075207294,0.5861556840638286,-0.01444168938794621,816.0
25.0,-0.5225,1.0481887406885613,0.4815533397898642,0.586124438088394,-0.014435966393582734,816.0
25.0,-0.52,1.0481789246964024,0.4815717933214514,0.5860950580500356,-0.014429431433495982,816.0
25.0,-0.5175,1.048166164439947,0.48159204666419064,0.5860675295849792,-0.014422094601355762,816.0
25.0,-0.515,1.0481504921484988,0.4816140784705031,0.586041838289008,-0.01441396591268183,816.0
25.0,-0.5125,1.0481319399264817,0.4816378674977447,0.5860179697189064,-0.014405055305293315,816.0
25.0,-0.51,1.0481105397525126,0.4816633926094029,0.5859959093938937,-0.014395372639766667,816.0
25.0,-0.5075000000000001,1.0480863234785085,0.4816906327762775,0.5859756427970474,-0.014384927699901882,816.0
25.0,-0.505,1.0480593228288348,0.48171956707763863,0.5859571553767102,-0.014373730193200054,816.0
25.0,-0.5025,1.0480295693994894,0.481750174702368,0.5859404325478853,-0.014361789751350235,816.0
25.0,-0.5,1.04799709465734,0.4817824349500732,0.585925459693609,-0.014349115930729819,816.0
25.0,-0.4975,1.0479619299394047,0.4818163272321798,0.5859122221663065,-0.014335718212917117,816.0
25.0,-0.495,1.0479241064521938,0.48185183107299345,0.5859007052891211,-0.014321606005219322,816.0
25.0,-0.4925,1.047883655271105,0.4818889261107356,0.5858908943572217,-0.014306788641214844,816.0
25.0,-0.49,1.0478406073398876,0.48192759209854463,0.5858827746390771,-0.014291275381314044,816.0
25.0,-0.4875,1.047794993470174,0.4819678089054445,0.5858763313777007,-0.01427507541333763,816.0
25.0,-0.485,1.0477468443410853,0.48200955651727684,0.585871549791862,-0.01425819785311461,816.0
25.0,-0.4825,1.0476961904989197,0.48205281503759284,0.5858684150772565,-0.014240651745102565,816.0
25.0,-0.48,1.047643062356926,0.48209756468850357,0.5858669124076364,-0.014222446063030256,816.0
25.0,-0.4775,1.047587490195169,0.48214378581148576,0.5858670269358959,-0.014203589710565357,816.0
25.0,-0.475,1.0475295041604962,0.4821914588681398,0.5858687437951058,-0.014184091522008516,816.0
25.0,-0.4725,1.0474691342666094,0.48224056444089586,0.5858720480994979,-0.014163960263016218,816.0
25.0,-0.47,1.0474064103942504,0.4822910832336665,0.5858769249453885,-0.014143204631354288,816.0
25.0,-0.46749999999999997,1.0473413622915069,0.482342996072442,0.5858833594120435,-0.014121833257683432,816.0
25.0,-0.46499999999999997,1.0472740195742487,0.4823962839058235,0.5858913365624757,-0.014099854706380402,816.0
25.0,-0.46249999999999997,1.047204411726703,0.48245092780549037,0.5859008414441684,-0.014077277476396711,816.0
25.0,-0.46,1.0471325681021704,0.4825069089666017,0.5859118590897283,-0.014054110002155838,816.0
25.0,-0.4575,1.047058517923906,0.48256420870811995,0.5859243745174487,-0.014030360654494945,816.0
25.0,-0.455,1.0469822902861565,0.48262280847306177,0.5859383727317931,-0.014006037741649878,816.0
25.0,-0.4525,1.046903914155386,0.4826826898286613,0.5859538387237757,-0.013981149510291052,816.0
25.0,-0.45,1.0468234183716747,0.4827438344664519,0.5859707574712513,-0.01395570414660809,816.0
25.0,-0.4475,1.046740831650332,0.48280622420225056,0.5859891139390889,-0.013929709777451968,816.0
25.0,-0.445,1.0466561825837102,0.4828698409760476,0.5860088930792374,-0.01390317447153407,816.0
25.0,-0.4425,1.046569499643251,0.4829346668517917,0.5860300798306654,-0.01387610624068865,816.0
25.0,-0.44,1.0464808111817867,0.48300068401702206,0.5860526591192009,-0.013848513041206292,817.0
25.0,-0.4375,1.0463901454359965,0.48306787478260094,0.5860766158570908,-0.013820402775212069,817.0
25.0,-0.435,1.0462975305293358,0.4831362215818903,0.5861019349426932,-0.013791783292172448,817.0
25.0,-0.4325,1.0462029944750488,0.48320570697023074,0.5861286012597323,-0.013762662390428903,817.0
25.0,-0.43,1.0461065651795873,0.4832763136240665,0.5861565996765243,-0.01373304781884407,817.0
25.0,-0.4275,1.046008270446335,0.4833480243399663,0.5861859150449975,-0.013702947278533745,817.0
25.0,-0.425,1.0459081379796709,0.48342082203349185,0.5862165321995229,-0.013672368424695408,817.0
25.0,-0.4225,1.0458061953894071,0.4834946897378976,0.5862484359555387,-0.013641318868541735,817.0
25.0,-0.42,1.045702470195608,0.48356961060266007,0.5862816111079624,-0.013609806179343155,817.0
25.0,-0.4175,1.0455969898338275,0.48364556789181956,0.5863160424293704,-0.013577837886589079,817.0
25.0,-0.415,1.0454897816607887,0.4837225449821253,0.5863517146679326,-0.013545421482274734,817.0
25.0,-0.4125,1.0453808729605283,0.4838005253609729,0.5863886125450848,-0.013512564423321884,817.0
25.0,-0.41,1.0452702909510445,0.4838794926241184,0.586426720752925,-0.013479274134142879,817.0
25.0,-0.4075,1.0451580627914763,0.48395943047315615,0.5864660239513088,-0.013445558009357936,817.0
25.0,-0.40499999999999997,1.0450442155898505,0.48404032271274616,0.5865065067646302,-0.013411423416675384,817.0
25.0,-0.40249999999999997,1.0449287764114366,0.4841221532475709,0.5865481537782613,-0.013376877699947798,817.0
25.0,-0.39999999999999997,1.0448117722877457,0.4842049060790097,0.5865909495346332,-0.013341928182413657,817.0
25.0,-0.3975,1.0446932302262217,0.4842885653015056,0.5866348785289284,-0.013306582170140422,817.0
25.0,-0.395,1.0445731772207378,0.4843731150985283,0.5866799252042775,-0.013270846955699146,818.0
25.0,-0.3925,1.0444516402625463,0.48445853973858943,0.586726073946934,-0.013234729821979327,818.0
25.0,-0.39,1.0443286463527657,0.48454482357007617,0.5867733090801427,-0.013198238046434827,817.0
25.0,-0.3875,1.0442042225150008,0.48463195101653006,0.5868216148583074,-0.013161378905388023,817.0
25.0,-0.385,1.0440783958094606,0.4847199065710189,0.5868709754602724,-0.013124159678758148,817.0
25.0,-0.3825,1.0439511933478625,0.4848086747902088,0.5869213749820268,-0.013086587655027284,817.0
25.0,-0.38,1.043822642309548,0.48489824028790746,0.5869727974289133,-0.013048670136559418,818.0
25.0,-0.3775,1.0436927699587455,0.48498858772809805,0.5870252267067289,-0.013010414445255886,818.0
25.0,-0.375,1.043561603663191,0.4850797018173848,0.5870786466129674,-0.012971827928613282,818.0
25.0,-0.3725,1.043429170914063,0.4851715672968527,0.5871330408264288,-0.01293291796616611,818.0
25.0,-0.37,1.0432954993474453,0.48526416893325863,0.587188392896426,-0.012893691976381733,818.0
25.0,-0.3675,1.0431606167673908,0.4853574915095173,0.5872446862310094,-0.012854157424028496,818.0
25.0,-0.365,1.0430245511707168,0.48545151981442425,0.5873019040842282,-0.012814321828056223,818.0
25.0,-0.3625,1.0428873307736766,0.48554623863155194,0.5873600295423467,-0.012774192770032193,818.0
25.0,-0.36,1.0427489840406448,0.485641632727257,0.5874190455089411,-0.012733777903175161,818.0
25.0,-0.3575,1.042609539715002,0.48573768683771545,0.5874789346887734,-0.012693084962041714,818.0
25.0,-0.355,1.0424690268523755,0.48583438565491643,0.5875396795703584,-0.012652121772912965,818.0
25.0,-0.3525,1.042327474856452,0.4859317138115169,0.5876012624071029,-0.012610896264946162,818.0
25.0,-0.35,1.0421849135175723,0.48602965586446084,0.587663665196902,-0.012569416482154832,818.0
25.0,-0.3475,1.0420413730543443,0.4861281962772597,0.5877268696600648,-0.012527690596287508,818.0
25.0,-0.345,1.041896884158543,0.4862273194008091,0.58779085721542,-0.012485726920686464,818.0
25.0,-0.34249999999999997,1.0417514780435784,0.48632700945261526,0.5878556089544481,-0.012443533925211261,818.0
25.0,-0.33999999999999997,1.0416051864968578,0.4864272504942828,0.5879211056132625,-0.012401120252323867,818.0
25.0,-0.33749999999999997,1.041458041936386,0.48652802640710674,0.5879873275422507,-0.012358494734439856,818.0
25.0,-0.33499999999999996,1.0413100774719963,0.48662932086558774,0.5880542546731601,-0.012315666412663202,818.0
25.0,-0.3325,1.0411613269716398,0.4867311173086766,0.5881218664833969,-0.012272644557032508,818.0
25.0,-0.33,1.0410118251332054,0.48683339890852784,0.588190141957279,-0.012229438688421681,818.0
25.0,-0.3275,1.0408616075624,0.4869361485365205,0.5882590595439539,-0.012186058602252843,818.0
25.0,-0.325,1.0407107108572748,0.4870393487262724,0.5883285971116619,-0.012142514394198167,818.0
25.0,-0.3225,1.0405591727000378,0.48714298163335396,0.5883987318979995,-0.012098816488062032,818.0
25.0,-0.32,1.0404070319568903,0.48724702899135536,0.5884694404557753,-0.012054975666065499,818.0
25.0,-0.3175,1.040254328786677,0.4873514720639406,0.588540698594035,-0.012011003101769568,818.0
25.0,-0.315,1.0401011047592585,0.4874562915924626,0.5886124813137563,-0.011966910395909932,818.0
25.0,-0.3125,1.039947402984609,0.48756146773867,0.5886847627376742,-0.01192270961544334,818.0
25.0,-0.31,1.0397932682537578,0.48766698002197784,0.5887575160336252,-0.011878413336141834,818.0
25.0,-0.3075,1.0396387471928374,0.4877728072507086,0.588830713330727,-0.01183403468911257,818.0
25.0,-0.305,1.039483888431654,0.48787892744663297,0.5889043256276265,-0.011789587411667378,818.0
25.0,-0.3025,1.0393287427883597,0.4879853177620617,0.5889783226919605,-0.01174508590301566,818.0
25.0,-0.3,1.0391733634720282,0.4880919543886325,0.5890526729500528,-0.011700545285319006,818.0
25.0,-0.2975,1.0390178063051352,0.48819881245683644,0.5891273433657664,-0.011655981470708138,818.0
25.0,-0.295,1.0388621299682346,0.48830586592518993,0.5892022993072698,-0.011611411234946257,818.0
25.0,-0.2925,1.0387063962693959,0.48841308745782064,0.5892775044003346,-0.01156685229850726,818.0
25.0,-0.29,1.0385506704413339,0.48852044828905833,0.5893529203665786,-0.011522323415944983,818.0
25.0,-0.2875,1.0383950214695374,0.4886279180734362,0.5894285068448734,-0.011477844474542203,818.0
25.0,-0.285,1.038239522455173,0.4887354647192744,0.5895042211938766,-0.011433436603367948,818.0
25.0,-0.2825,1.038084251017063,0.48884305420376184,0.5895800182733765,-0.011389122294027556,818.0
25.0,-0.27999999999999997,1.0379292897376404,0.4889506503671485,0.5896558502018069,-0.011344925534569563,818.0
25.0,-0.27749999999999997,1.0377747266585013,0.48905821468330696,0.5897316660869089,-0.011300871958227404,818.0
25.0,-0.27499999999999997,1.0376206558319827,0.48916570600351206,0.589807411726083,-0.011256989008915025,818.0
25.0,-0.27249999999999996,1.0374671779361673,0.48927308026980804,0.5898830292724562,-0.011213306125682866,818.0
25.0,-0.27,1.0373144009618183,0.4893802901937694,0.5899584568620979,-0.011169854948671237,818.0
25.0,-0.2675,1.0371624409810718,0.4894872848958017,0.5900336281971146,-0.011126669549488788,818.0
25.0,-0.265,1.0370114230092258,0.48959400949935594,0.5901084720785411,-0.011083786689395924,818.0
25.0,-0.2625,1.0368614819727988,0.4897004046735056,0.5901829118819771,-0.011041246109214411,818.0
25.0,-0.26,1.0367127637991294,0.48980640611626325,0.590256864967793,-0.010999090855508492,818.0
25.0,-0.2575,1.0365654266453208,0.48991194396971793,0.5903302420163813,-0.01095736764833514,818.0
25.0,-0.255,1.036419642287305,0.4900169421565556,0.5904029462773571,-0.010916127296737996,818.0
25.0,-0.2525,1.0362755976933304,0.4901213176257035,0.5904748727197254,-0.010875425169208537,818.0
25.0,-0.25,1.0361334968104094,0.4902249794926576,0.5905459070677926,-0.01083532172758754,818.0
25.0,-0.24749999999999994,1.0359935625972665,0.4903278280574566,0.5906159247049447,-0.010795883134360992,818.0
25.0,-0.245,1.0358560393433787,0.49042975368011854,0.5906847894241989,-0.010757181945092018,818.0
25.0,-0.24249999999999994,1.0357211953208976,0.49053063548959586,0.5907523520006337,-0.01071929789985541,818.0
25.0,-0.24,1.0355893258249849,0.4906303398977248,0.5908184485561658,-0.010682318830118305,818.0
25.0,-0.23750000000000004,1.035460756668569,0.49072871888412767,0.590882898681609,-0.010646341700597717,818.0
25.0,-0.235,1.0353358482102686,0.49082560801129343,0.5909455032742145,-0.010611473809374083,818.0
25.0,-0.23250000000000004,1.0352150000096645,0.49092082412087196,0.5910060420407481,-0.010577834174074796,818.0
25.0,-0.22999999999999998,1.035098656222867,0.49101416265220243,0.5910642706062579,-0.01054555513745337,818.0
25.0,-0.22750000000000004,1.034987311874262,0.4911053945118206,0.5911199171566,-0.010514784232407367,818.0
25.0,-0.22499999999999998,1.0348815201682946,0.4911942624076158,0.591172678528062,-0.010485686354669663,818.0
25.0,-0.22250000000000003,1.034781901039485,0.49128047654274015,0.5912222156393587,-0.01045844630143341,818.0
25.0,-0.21999999999999997,1.034689151180969,0.49136370954146236,0.5912681481391512,-0.010433271746445379,818.0
25.0,-0.21750000000000003,1.0346040558436065,0.49144359045084285,0.5913100481150653,-0.0104103967371551,818.0
25.0,-0.21499999999999997,1.0345275027613656,0.4915196976270534,0.591347432676785,-0.01039008581797838,818.0
25.0,-0.21250000000000002,1.0344604986370058,0.4915915502717573,0.591379755184754,-0.010372638906387328,818.0
25.0,-0.20999999999999996,1.034404188718357,0.4916585983302103,0.5914063948455921,-0.010358397076295859,818.0
25.0,-0.20750000000000002,1.0343598801135807,0.4917202103962691,0.5914266443335634,-0.010347749437112355,818.0
25.0,-0.20499999999999996,1.0343290696381182,0.49177565918751354,0.5914396950219781,-0.010341141338065608,818.0
25.0,-0.2025,1.0343134771611944,0.4918241040531115,0.591444619316931,-0.010339084177148893,818.0
25.0,-0.19999999999999996,1.0343150856303451,0.4918645698546214,0.5914403494758557,-0.010342167153366603,818.0
25.0,-0.1975,1.0343361892015461,0.4918959214128113,0.5914256521634512,-0.010351071370431918,818.0
25.0,-0.19499999999999995,1.0343794511903077,0.4919168325401703,0.5913990978475094,-0.010366586779146848,818.0
25.0,-0.1925,1.0344479738786367,0.4919257484807094,0.5913590239705953,-0.010389632531568953,818.0
25.0,-0.18999999999999995,1.0345453825443367,0.4919208403638101,0.5913034906606003,-0.010421281405762981,818.0
25.0,-0.1875,1.0346759263792353,0.49189995006722154,0.5912302275862107,-0.010462789031034063,818.0
25.0,-0.18499999999999994,1.0348445991475441,0.49186052371710076,0.5911365704655217,-0.010515628673003074,818.0
25.0,-0.1825,1.0350572823519038,0.4917995320083384,0.5910193857757458,-0.010581532277680493,818.0
25.0,-0.17999999999999994,1.0353209130608445,0.49171337574449553,0.5908749825234251,-0.01066253824275602,818.0
25.0,-0.1775,1.0356436769769726,0.49159777570648805,0.5906990107380276,-0.010761045851341957,818.0
25.0,-0.17499999999999993,1.0360352241202206,0.4914476475344659,0.5904863479897239,-0.010879875266772122,818.0
25.0,-0.1725,1.036506898688697,0.4912569653046243,0.5902309782027702,-0.011022330157610798,818.0
25.0,-0.17000000000000004,1.0370719649572648,0.49101862265966384,0.5899258719935594,-0.011192257027816581,818.0
25.0,-0.16749999999999998,1.0377457960872691,0.4907243085822494,0.5895628854162149,-0.011394090781203688,818.0
25.0,-0.16500000000000004,1.038545971590555,0.4903644268478063,0.5891327047847503,-0.011632869755766623,818.0
25.0,-0.16249999999999998,1.0394922030441616,0.48992810352142757,0.588624878586021,-0.01191419586438604,818.0
25.0,-0.16000000000000003,1.040605982112338,0.48940334281197756,0.5880279905497579,-0.012244108407922805,818.0
25.0,-0.15749999999999997,1.0419098332021142,0.4887774010971402,0.5873300340167483,-0.012628837696489559,816.0
25.0,-0.15500000000000003,1.0434260771430945,0.4880374395656743,0.586519035732775,-0.013074413460826688,816.0
25.0,-0.15249999999999997,1.0451750970427665,0.48717147264798605,0.5855839345309782,-0.013586130354651055,816.0
25.0,-0.15000000000000002,1.0471732523675328,0.4861695445024964,0.5845156423082898,-0.014167920685449871,815.0
25.0,-0.14749999999999996,1.049430779156008,0.48502495479576924,0.5833081179569733,-0.014821741682540444,815.0
25.0,-0.14500000000000002,1.0519501547191168,0.48373526584932136,0.5819592138820637,-0.015547123585159252,815.0
25.0,-0.14249999999999996,1.0547253865318267,0.48230281903193717,0.5804710634077722,-0.01634101356924591,814.0
25.0,-0.14,1.057742463648517,0.48073460064344636,0.5788498875405604,-0.017197978074875882,814.0
25.0,-0.13749999999999996,1.0609808673027015,0.47904148739159713,0.5771052699564072,-0.01811072020760339,814.0
25.0,-0.135,1.0644157442693212,0.4772370755737702,0.575249095429911,-0.019070782032795167,814.0
25.0,-0.13249999999999995,1.068020235754094,0.4753363755767212,0.5732944026803409,-0.020069273078246783,812.0
25.0,-0.13,1.0717675372519755,0.47335461995501255,0.5712543623028835,-0.021097496961997603,812.0
25.0,-0.12749999999999995,1.0756324513052344,0.4713063347172938,0.5691414986470502,-0.022147408404542147,812.0
25.0,-0.125,1.0795923796841194,0.4692047190974097,0.5669671835744329,-0.023211890247965456,811.0
25.0,-0.12249999999999994,1.0836278240419097,0.46706130585141414,0.5647413696497423,-0.024284876801144526,812.0
25.0,-0.12,1.087722516678168,0.46488583950572177,0.5624725043303286,-0.025361364425394065,812.0
25.0,-0.11749999999999994,1.09186330605882,0.46268630429274826,0.5601675650437667,-0.026437349709147948,811.0
25.0,-0.11499999999999999,1.0960399000839427,0.46046904322612064,0.557832165430882,-0.0275097277959488,810.0
25.0,-0.11249999999999993,1.1002445417104179,0.4582389245621803,0.5554706967063237,-0.02857617397707699,809.0
25.0,-0.10999999999999999,1.1044716658179612,0.45599952604255417,0.5530864804719042,-0.029635023345555296,808.0
25.0,-0.10750000000000004,1.1087175664500766,0.453753318563476,0.5506819188064207,-0.03068515704351532,808.0
25.0,-0.10499999999999998,1.1129800898710935,0.4515018389470918,0.5482586340241213,-0.03172589936664755,808.0
25.0,-0.10250000000000004,1.1172583600863735,0.44924584680396873,0.5458175947054971,-0.0327569272985179,806.0
25.0,-0.09999999999999998,1.1215525382105347,0.44698546376811127,0.5433592271229786,-0.03377819247665341,806.0
25.0,-0.09750000000000003,1.1258636141599883,0.44472029529578677,0.5408835125802347,-0.034789854757824784,806.0
25.0,-0.09499999999999997,1.1301932277263953,0.4424495362279604,0.5383900718773742,-0.03579222617397956,805.0
25.0,-0.09250000000000003,1.1345435155553838,0.44017206177316226,0.535878238379987,-0.036785723962548894,804.0
25.0,-0.08999999999999997,1.1389169805311206,0.4378865056927953,0.5333471212001287,-0.037770831396041586,803.0
25.0,-0.08750000000000002,1.1433163803086446,0.4355913274155476,0.5307956599032552,-0.03874806525079129,803.0
25.0,-0.08499999999999996,1.1477446321006688,0.43328486965513346,0.5282226719963853,-0.03971794889979965,805.0
25.0,-0.08250000000000002,1.152204731230379,0.4309654079159099,0.5256268942806546,-0.040680990165157895,802.0
25.0,-0.07999999999999996,1.1566996813619341,0.4286311930671854,0.5230070189758981,-0.04163766320812789,802.0
25.0,-0.07750000000000001,1.1612324346921548,0.4262804879746079,0.520361725358958,-0.04258839386357866,801.0
25.0,-0.07499999999999996,1.165805840718373,0.4239115989953445,0.5176897075167592,-0.043533547936683424,799.0
25.0,-0.07250000000000001,1.1704226024858997,0.4215229029871014,0.5149896986813409,-0.044473422074283,798.0
25.0,-0.06999999999999995,1.1750852394680946,0.4191128703402589,0.5122604925070318,-0.04540823690157074,798.0
25.0,-0.0675,1.1797960564272483,0.41668008443014337,0.509500961559066,-0.046338132175566996,797.0
25.0,-0.06499999999999995,1.1845571177762833,0.4142232577878721,0.5067100732079528,-0.047263163756435765,796.0
25.0,-0.0625,1.189370227081411,0.41174124521560146,0.5038869030649616,-0.048183302231986254,796.0
25.0,-0.05999999999999994,1.1942369114389373,0.4092330540167393,0.5010306460547598,-0.049098433055410506,795.0
25.0,-0.057499999999999996,1.1991584105187016,0.40669785147257415,0.4981406251916697,-0.050008358070886647,793.0
25.0,-0.05499999999999994,1.20413567009454,0.4041349696776619,0.49521629811139617,-0.050912798307728005,792.0
25.0,-0.05249999999999999,1.2091693398919103,0.40154390783797733,0.4922572614097839,-0.05181139792514704,794.0
25.0,-0.05,1.2142597755598523,0.39892433214327194,0.4892632528452416,-0.05270372918332832,792.0
30.0,-0.75,1.0322424718227945,0.49043207498803865,0.5982258294615393,-0.010109266547340522,919.0
30.0,-0.7475,1.0326483754577265,0.4901877423090529,0.597976963778463,-0.010228950622296508,918.0
30.0,-0.745,1.0330479812122124,0.48994744440201776,0.5977309447082267,-0.010346532725412161,918.0
30.0,-0.7425,1.0334413290588544,0.48971115535018295,0.5974877664067936,-0.010462031880857045,918.0
30.0,-0.74,1.0338284588869073,0.489478849250666,0.5972474229160687,-0.01057546698478007,918.0
30.0,-0.7375,1.034209410502485,0.4892505002151105,0.5970099081641703,-0.010686856805993544,918.0
30.0,-0.735,1.0345842236287541,0.48902608237035783,0.5967752159656929,-0.010796219986655413,918.0
30.0,-0.7325,1.0349529379061344,0.4888055698591102,0.596543340021975,-0.010903575042955532,918.0
30.0,-0.73,1.035315592892494,0.4885889368405939,0.5963142739213786,-0.011008940365802024,918.0
30.0,-0.7275,1.035672228063358,0.48837615749121943,0.5960880111395443,-0.011112334221514046,919.0
30.0,-0.725,1.0360228828120432,0.48816720600523583,0.5958645450397356,-0.011213774752491561,918.0
30.0,-0.7225,1.0363675964499546,0.48796205659538394,0.5956438688732913,-0.011313279977940351,918.0
30.0,-0.72,1.0367064082066704,0.4877606834935618,0.5954259757795651,-0.011410867794529989,918.0
30.0,-0.7175,1.0370393572301813,0.4875630609514614,0.5952108587865561,-0.011506555977102116,918.0
30.0,-0.715,1.0373664825870588,0.4873691632412216,0.5949985108111633,-0.011600362179359324,918.0
30.0,-0.7125,1.037687823262646,0.4871789646560685,0.5947889246595256,-0.01169230393456109,918.0
30.0,-0.71,1.0380034181612248,0.48699243951096444,0.5945820930273825,-0.011782398656215004,918.0
30.0,-0.7075,1.0383133061062024,0.48680956214324106,0.5943780085004303,-0.0118706636387751,918.0
30.0,-0.705,1.0386175258402817,0.48663030691323944,0.5941766635546969,-0.0119571160583364,918.0
30.0,-0.7025,1.0389161160256253,0.48645464820494855,0.5939780505569249,-0.012041772973329456,918.0
30.0,-0.7,1.039209115244035,0.4862825604266312,0.5937821617649551,-0.012124651325220196,918.0
30.0,-0.6975,1.0394965619971075,0.4861140180114589,0.5935889893281288,-0.012205767939204887,918.0
30.0,-0.695,1.039778494706402,0.48594899541813696,0.5933985252876897,-0.012285139524909021,918.0
30.0,-0.6925,1.0400549517135886,0.48578746713153487,0.5932107615772048,-0.012362782677082506,918.0
30.0,-0.69,1.0403259712806152,0.48562940766330326,0.5930256900229797,-0.012438713876300777,918.0
30.0,-0.6875,1.0405915915898463,0.4854747915525022,0.592843302344496,-0.012512949489659505,918.0
30.0,-0.685,1.0408518507442142,0.48532359336621783,0.5926635901548484,-0.012585505771473653,918.0
30.0,-0.6825,1.0411067867673613,0.4851757877001805,0.5924865449611914,-0.012656398863975026,918.0
30.0,-0.6799999999999999,1.0413564376037783,0.4850313491793808,0.5923121581651953,-0.012725644798009793,918.0
30.0,-0.6775,1.0416008411189326,0.48489025245868694,0.5921404210635123,-0.012793259493734175,918.0
30.0,-0.675,1.0418400350993964,0.484752472223458,0.5919713248482475,-0.012859258761310936,918.0
30.0,-0.6725,1.0420740572529754,0.48461798319015287,0.591804860607436,-0.012923658301607042,918.0
30.0,-0.67,1.0423029452088182,0.48448676010694586,0.5916410193255344,-0.012986473706886605,918.0
30.0,-0.6675,1.04252673651753,0.4843587777543359,0.5914797918839159,-0.013047720461505869,918.0
30.0,-0.665,1.0427454686512785,0.4842340109457557,0.591321169061373,-0.013107413942607022,918.0
30.0,-0.6625,1.04295917900389,0.48411243452818314,0.5911651415346314,-0.013165569420809488,918.0
30.0,-0.66,1.0431679048909444,0.4839940233827479,0.5910116998788673,-0.013222202060902428,918.0
30.0,-0.6575,1.0433716835498537,0.48387875242534484,0.5908608345682396,-0.013277326922532367,918.0
30.0,-0.655,1.0435705521399465,0.48376659660723936,0.5907125359764211,-0.013330958960893854,918.0
30.0,-0.6525,1.0437645477425341,0.48365753091567903,0.5905667943771452,-0.013383113027415168,918.0
30.0,-0.65,1.043953707360965,0.4835515303745082,0.5904235999447611,-0.013433803870441755,918.0
30.0,-0.6475,1.0441380679206897,0.4834485700447731,0.590282942754788,-0.013483046135922468,918.0
30.0,-0.645,1.044317666269294,0.48334862502534076,0.5901448127844895,-0.01353085436808816,918.0
30.0,-0.6425,1.0444925391765356,0.48325167045351214,0.5900091999134489,-0.013577243010131329,918.0
30.0,-0.64,1.0446627233343722,0.4831576815056372,0.5898760939241534,-0.013622226404883642,918.0
30.0,-0.6375,1.0448282553569663,0.4830666333977383,0.5897454845025927,-0.013665818795488116,918.0
30.0,-0.635,1.0449891717806972,0.4829785013861279,0.589617361238857,-0.013708034326072531,918.0
30.0,-0.6325,1.0451455090641455,0.48289326076803585,0.5894917136277525,-0.01374888704241686,918.0
30.0,-0.63,1.045297303588074,0.48281088688223806,0.5893685310694226,-0.013788390892618772,918.0
30.0,-0.6275,1.0454445916554025,0.48273135510968296,0.5892478028699709,-0.013826559727758687,918.0
30.0,-0.625,1.045587409491147,0.48265464087413695,0.589129518242112,-0.013863407302554538,918.0
30.0,-0.6225,1.0457257932423747,0.4825807196428165,0.5890136663058104,-0.013898947276021416,918.0
30.0,-0.62,1.0458597789781205,0.482509566927039,0.5889002360889446,-0.01393319321212098,918.0
30.0,-0.6174999999999999,1.0459894026893086,0.4824411582828687,0.58878921652797,-0.013966158580411921,918.0
30.0,-0.615,1.0461147002886415,0.4823754693117778,0.5886805964686026,-0.013997856756691813,918.0
30.0,-0.6125,1.0462357076104838,0.4823124756613074,0.5885743646665049,-0.014028301023637812,918.0
30.0,-0.61,1.0463524604107286,0.4822521530257364,0.5884705097879843,-0.014057504571442364,918.0
30.0,-0.6074999999999999,1.0464649943666442,0.4821944771467582,0.5883690204107037,-0.014085480498443551,918.0
30.0,-0.605,1.0465733450767045,0.4821394238141659,0.5882698850244023,-0.014112241811750956,918.0
30.0,-0.6025,1.0466775480604005,0.4820869688665433,0.5881730920316267,-0.014137801427866702,918.0
30.0,-0.6,1.0467776387580316,0.48203708819196744,0.5880786297484776,-0.014162172173300335,918.0
30.0,-0.5975,1.0468736525304843,0.48198975772871555,0.58798648640536,-0.014185366785180491,918.0
30.0,-0.595,1.046965624658978,0.4819449534659878,0.5878966501477559,-0.014207397911857721,918.0
30.0,-0.5925,1.0470535903447935,0.48190265144463806,0.5878091090369171,-0.014228278113501141,917.0
30.0,-0.59,1.0471375847090165,0.4818628277579024,0.5877238510509984,-0.014248019862702391,917.0
30.0,-0.5875,1.0472176427921742,0.48182545855216746,0.5876408640853531,-0.014266635545044913,917.0
30.0,-0.585,1.047293799553933,0.4817905200277231,0.587560135953694,-0.014284137459694684,917.0
30.0,-0.5825,1.0473660898727315,0.48175798843954,0.5874816543888425,-0.014300537819970526,917.0
30.0,-0.58,1.047434548545376,0.48172784009810105,0.5874054070435474,-0.014315848753904653,916.0
30.0,-0.5775,1.0474992102867255,0.4817000513700229,0.5873313814914516,-0.014330082304826889,916.0
30.0,-0.575,1.047560109729114,0.4816745986791419,0.5872595652278166,-0.014343250431877931,916.0
30.0,-0.5725,1.0476172814219864,0.4816514585071617,0.5871899456705161,-0.01435536501057957,916.0
30.0,-0.5700000000000001,1.0476707598313844,0.48163060739454344,0.58712251016092,-0.014366437833364252,916.0
30.0,-0.5675,1.0477205793394353,0.48161202194136254,0.5870572459648158,-0.014376480610104925,916.0
30.0,-0.565,1.0477667742438013,0.4815956788081871,0.5869941402733541,-0.014385504968633965,916.0
30.0,-0.5625,1.0478093787571112,0.48158155471696595,0.5869331802040021,-0.01439352245525686,916.0
30.0,-0.56,1.0478484270063568,0.4815696264519379,0.5868743528015198,-0.014400544535255582,916.0
30.0,-0.5575,1.0478839530322546,0.48155987086055885,0.5868176450389552,-0.014406582593382806,916.0
30.0,-0.5549999999999999,1.0479159907885844,0.48155226485444325,0.5867630438186521,-0.014411647934349053,916.0
30.0,-0.5525,1.0479445741414946,0.48154678541032603,0.5867105359732803,-0.014415751783299848,916.0
30.0,-0.55,1.0479697368687675,0.4815434095710447,0.5866601082668851,-0.014418905286282901,916.0
30.0,-0.5475,1.0479915126590653,0.4815421144465362,0.5866117473959516,-0.014421119510708005,916.0
30.0,-0.5449999999999999,1.0480099351111287,0.4815428772148593,0.5865654399904955,-0.014422405445794909,916.0
30.0,-0.5425,1.0480250377329547,0.4815456751232307,0.586521172615166,-0.014422774003014185,916.0
30.0,-0.54,1.0480368539409297,0.4815504854890881,0.5864789317703765,-0.014422236016515695,916.0
30.0,-0.5375,1.048045417058936,0.4815572857011675,0.5864387038934492,-0.014420802243549719,916.0
30.0,-0.535,1.0480507603174178,0.48156605322060725,0.5864004753597863,-0.014418483364876057,916.0
30.0,-0.5325,1.0480529168524175,0.48157676558206985,0.5863642324840583,-0.01441528998516433,916.0
30.0,-0.53,1.0480519197045726,0.481589400394886,0.5863299615214148,-0.014411232633384051,916.0
30.0,-0.5275,1.0480478018180786,0.48160393534422247,0.586297648668719,-0.014406321763183665,916.0
30.0,-0.525,1.048040596039614,0.48162034819227145,0.5862672800658032,-0.01440056775325954,916.0
30.0,-0.5225,1.0480303351172382,0.4816386167794586,0.5862388417967423,-0.014393980907716555,916.0
30.0,-0.52,1.048017051699241,0.4816587190256793,0.5862123198911572,-0.014386571456415385,916.0
30.0,-0.5175,1.0480007783329675,0.4816806329315536,0.5861877003255338,-0.014378349555311783,916.0
30.0,-0.515,1.0479815474636007,0.4817043365797055,0.5861649690245694,-0.014369325286784479,916.0
30.0,-0.5125,1.0479593914329144,0.48172980813606264,0.5861441118625372,-0.014359508659953916,916.0
30.0,-0.51,1.0479343424779874,0.48175702585118113,0.5861251146646768,-0.01434890961098995,916.0
30.0,-0.5075000000000001,1.0479064327298866,0.48178596806159124,0.5861079632086057,-0.014337538003410037,916.0
30.0,-0.505,1.0478756942123109,0.4818166131911667,0.5860926432257548,-0.014325403628367029,916.0
30.0,-0.5025,1.0478421588402114,0.4818489397525134,0.5860791404028218,-0.01431251620492863,916.0
30.0,-0.5,1.0478058584183705,0.481882926348383,0.5860674403832518,-0.014298885380345778,916.0
30.0,-0.4975,1.0477668246399539,0.4819185516731061,0.5860575287687371,-0.01428452073031251,916.0
30.0,-0.495,1.0477250890850323,0.4819557945140469,0.586049391120738,-0.014269431759217051,916.0
30.0,-0.4925,1.047680683219072,0.4819946337530788,0.5860430129620253,-0.014253627900383505,916.0
30.0,-0.49,1.0476336383914,0.4820350483680796,0.5860383797782442,-0.014237118516305804,916.0
30.0,-0.4875,1.0475839858336402,0.48207701743444564,0.5860354770194959,-0.014219912898873243,916.0
30.0,-0.485,1.0475317566581261,0.48212052012662676,0.5860342901019407,-0.014202020269588252,916.0
30.0,-0.4825,1.0474769818562912,0.4821655357196755,0.5860348044094171,-0.014183449779778014,916.0
30.0,-0.48,1.047419692297035,0.4822120435908182,0.5860370052950825,-0.014164210510797639,916.0
30.0,-0.4775,1.0473599187250744,0.48226002322103634,0.5860408780830649,-0.014144311474229568,916.0
30.0,-0.475,1.0472976917592722,0.48230945419666965,0.5860464080701373,-0.014123761612074685,916.0
30.0,-0.4725,1.047233041890959,0.48236031621102665,0.5860535805273991,-0.014102569796941527,916.0
30.0,-0.47,1.047165999482235,0.4824125890660127,0.5860623807019775,-0.014080744832228877,916.0
30.0,-0.46749999999999997,1.047096594764269,0.48246625267376686,0.5860727938187362,-0.014058295452306451,916.0
30.0,-0.46499999999999997,1.0470248578355879,0.4825212870583098,0.5860848050819971,-0.014035230322692258,916.0
30.0,-0.46249999999999997,1.0469508186603667,0.4825776723571986,0.5860983996772682,-0.014011558040229072,916.0
30.0,-0.46,1.046874507066718,0.4826353888231896,0.5861135627729798,-0.013987287133259581,916.0
30.0,-0.4575,1.0467959527449844,0.4826944168259067,0.5861302795222278,-0.013962426061801456,916.0
30.0,-0.455,1.0467151852460448,0.4827547368535094,0.5861485350645145,-0.013936983217725428,916.0
30.0,-0.4525,1.04663223397963,0.4828163295143648,0.5861683145274937,-0.013910966924934562,916.0
30.0,-0.45,1.0465471282126795,0.48287917553867343,0.586189603028741,-0.01388438543955364,917.0
30.0,-0.4475,1.0464598970676138,0.4829432557803103,0.5862123856773812,-0.013857246950095362,917.0
30.0,-0.445,1.0463705695208503,0.4830085512182211,0.5862366475759827,-0.013829559577690323,917.0
30.0,-0.4425,1.0462791744011377,0.4830750429582486,0.5862623738221665,-0.01380133137626843,917.0
30.0,-0.44,1.0461857403880401,0.48314271223472743,0.5862895495103395,-0.013772570332778598,917.0
30.0,-0.4375,1.0460902960104403,0.4832115404121104,0.5863181597333846,-0.013743284367413908,917.0
30.0,-0.435,1.0459928696451084,0.48328150898657163,0.5863481895843229,-0.013713481333852579,917.0
30.0,-0.4325,1.0458934895153162,0.48335259958759585,0.5863796241579599,-0.013683169019511604,917.0
30.0,-0.43,1.0457921836895325,0.4834247939795368,0.5864124485524953,-0.013652355145820704,917.0
30.0,-0.4275,1.0456889800801883,0.4834980740631506,0.5864466478711011,-0.013621047368515389,917.0
30.0,-0.425,1.04558390644253,0.4835724218770953,0.586482207223462,-0.013589253277952717,917.0
30.0,-0.4225,1.0454769903735677,0.4836478195993947,0.5865191117272679,-0.013556980399452582,917.0
30.0,-0.42,1.0453682593111262,0.4837242495488602,0.5865573465096611,-0.013524236193666751,917.0
30.0,-0.4175,1.0452577405330143,0.48380169418646746,0.5865968967086229,-0.013491028056979458,917.0
30.0,-0.415,1.0451454611563173,0.4838801361166824,0.5866377474743033,-0.013457363321941439,917.0
30.0,-0.4125,1.0450314481368304,0.48395955808873087,0.5866798839702768,-0.013423249257742338,917.0
30.0,-0.41,1.0449157282686425,0.48403994299780634,0.5867232913747247,-0.013388693070724276,917.0
30.0,-0.4075,1.0447983281838853,0.4841212738862103,0.5867679548815328,-0.013353701904940408,917.0
30.0,-0.40499999999999997,1.0446792743526585,0.4842035339444194,0.5868138597012973,-0.013318282842762695,917.0
30.0,-0.40249999999999997,1.044558593083153,0.4842867065120713,0.5868609910622298,-0.013282442905543602,917.0
30.0,-0.39999999999999997,1.0444363105219858,0.48437077507886156,0.586909334210949,-0.013246189054337094,917.0
30.0,-0.3975,1.0443124526547567,0.48445572328534886,0.5869588744131581,-0.013209528190681358,917.0
30.0,-0.395,1.044187045306862,0.4845415349236518,0.5870095969541826,-0.013172467157453141,917.0
30.0,-0.3925,1.0440601141446422,0.4846281939379556,0.5870614871393752,-0.013135012739815445,919.0
30.0,-0.39,1.0439316846764448,0.48471568442530927,0.5871145302943508,-0.013097171666144422,919.0
30.0,-0.3875,1.043801782254771,0.48480399063545754,0.5871687117650843,-0.013058950609254796,918.0
30.0,-0.385,1.0436704320779318,0.4848930969713872,0.5872240169177484,-0.013020356187495901,918.0
30.0,-0.3825,1.0435376591925747,0.4849829879892563,0.5872804311384852,-0.012981394966087434,918.0
30.0,-0.38,1.043403488496406,0.4850736483982881,0.5873379398328346,-0.01294207345851517,918.0
30.0,-0.3775,1.0432679447413895,0.48516506306046675,0.5873965284249973,-0.012902398128061172,918.0
30.0,-0.375,1.0431310525373974,0.4852572169900416,0.5874561823568297,-0.012862375389463889,918.0
30.0,-0.3725,1.0429928363563439,0.48535009535282914,0.5875168870865706,-0.012822011610717124,918.0
30.0,-0.37,1.042853320536855,0.48544368346528954,0.5875786280872731,-0.012781313115023066,918.0
30.0,-0.3675,1.0427125292895094,0.4855379667933618,0.5876413908449165,-0.012740286182910955,918.0
30.0,-0.365,1.0425704867026917,0.4856329309510432,0.5877051608561795,-0.012698937054532613,918.0
30.0,-0.3625,1.042427216749119,0.48572856169868434,0.5877699236258354,-0.012657271932153664,918.0
30.0,-0.36,1.0422827432930808,0.4858248449409851,0.5878356646637509,-0.01261529698285246,918.0
30.0,-0.3575,1.0421370900984595,0.4859217667246628,0.5879023694814465,-0.012573018341446593,918.0
30.0,-0.355,1.0419902808375874,0.4860193132357692,0.5879700235881878,-0.012530442113664313,918.0
30.0,-0.3525,1.0418423391010192,0.48611747079662204,0.5880386124865645,-0.012487574379583716,918.0
30.0,-0.35,1.0416932884082803,0.4862162258623291,0.5881081216675199,-0.01244442119735895,918.0
30.0,-0.3475,1.0415431522196823,0.4863155650168614,0.5881785366047807,-0.012400988607260717,918.0
30.0,-0.345,1.041391953949296,0.4864154749686434,0.5882498427486363,-0.012357282636057128,918.0
30.0,-0.34249999999999997,1.0412397169791727,0.48651594254561636,0.5883220255190151,-0.012313309301764467,918.0
30.0,-0.33999999999999997,1.0410864646749278,0.4866169546897317,0.588395070297793,-0.012269074618800073,918.0
30.0,-0.33749999999999997,1.040932220402798,0.48671849845082343,0.5884689624202739,-0.012224584603572912,918.0
30.0,-0.33499999999999996,1.0407770075483034,0.4868205609798069,0.5885436871657639,-0.012179845280550413,918.0
30.0,-0.3325,1.0406208495366678,0.4869231295211372,0.5886192297471562,-0.012134862688847668,918.0
30.0,-0.33,1.0404637698551296,0.48702619140447223,0.5886955752994519,-0.012089642889380527,918.0
30.0,-0.3275,1.0403057920773415,0.4871297340354546,0.5887727088671023,-0.012044191972641186,918.0
30.0,-0.325,1.0401469398900345,0.4872337448855389,0.588850615390078,-0.011998516067150113,918.0
30.0,-0.3225,1.0399872371221646,0.48733821148077017,0.5889292796885389,-0.011952621348650013,918.0
30.0,-0.32,1.0398267077767718,0.4874431213894147,0.5890086864459787,-0.011906514050112458,918.0
30.0,-0.3175,1.0396653760658177,0.4875484622083304,0.5890888201906942,-0.011860200472635854,918.0
30.0,-0.315,1.0395032664482802,0.487654221547954,0.5891696652754221,-0.0118136869973218,918.0
30.0,-0.3125,1.0393404036718379,0.48776038701576374,0.5892512058549593,-0.011766980098228255,918.0
30.0,-0.31,1.039176812818495,0.4878669461980645,0.5893334258615689,-0.011720086356507103,918.0
30.0,-0.3075,1.0390125193545443,0.48797388663992186,0.589416308977953,-0.011673012475846473,918.0
30.0,-0.305,1.0388475491853213,0.4880811958230492,0.5894998386075351,-0.0116257652993548,918.0
30.0,-0.3025,1.0386819287152393,0.4881888611414317,0.5895839978417834,-0.011578351828035433,918.0
30.0,-0.3,1.038515684913675,0.48829686987444,0.589668769424255,-0.011530779241023768,918.0
30.0,-0.2975,1.03834884538732,0.48840520915715985,0.589754135711021,-0.011483054917774535,918.0
30.0,-0.295,1.0381814384597163,0.4885138659476242,0.5898400786270712,-0.011435186462415191,918.0
30.0,-0.2925,1.0380134932587606,0.4886228269905982,0.5899265796182637,-0.011387181730504441,918.0
30.0,-0.29,1.0378450398130794,0.48873207877751723,0.5900136195983178,-0.01133904885846896,918.0
30.0,-0.2875,1.0376761091582836,0.48884160750213057,0.5901011788902912,-0.01129079629602309,918.0
30.0,-0.285,1.037506733454257,0.4889513990113335,0.5901892371619025,-0.011242432841921326,918.0
30.0,-0.2825,1.0373369461147657,0.48906143875061225,0.5902777733539833,-0.011193967683433968,918.0
30.0,-0.27999999999999997,1.0371667819508805,0.4891717117034315,0.5903667656012374,-0.011145410439996424,918.0
30.0,-0.27749999999999997,1.0369962773298846,0.4892822023238116,0.5904561911443788,-0.011096771211538639,918.0
30.0,-0.27499999999999997,1.0368254703515836,0.48939289446122625,0.5905460262325908,-0.011048060632075743,918.0
30.0,-0.27249999999999996,1.0366544010442211,0.4895037712768258,0.5906362460150885,-0.01099928992922413,918.0
30.0,-0.27,1.036483111582499,0.48961481514984545,0.5907268244204043,-0.010950470990400833,918.0
30.0,-0.2675,1.0363116465305893,0.4897260075728819,0.5908177340218037,-0.010901616436578348,918.0
30.0,-0.265,1.0361400531134577,0.48983732903451965,0.5909089458870026,-0.010852739704597957,918.0
30.0,-0.2625,1.0359683815203122,0.4899487588875526,0.5910004294100819,-0.010803855139194738,918.0
30.0,-0.26,1.0357966852446086,0.49006027520076095,0.5910921521231621,-0.010754978096072601,918.0
30.0,-0.2575,1.0356250214657186,0.4901718545918776,0.591184079485026,-0.010706125057572551,918.0
30.0,-0.255,1.0354534514782172,0.49028347203898737,0.5912761746434164,-0.01065731376273086,918.0
30.0,-0.2525,1.035282041175715,0.49039510066712433,0.5913683981672018,-0.010608563353819777,918.0
30.0,-0.25,1.0351108615973126,0.49050671150630226,0.5914607077439749,-0.01055989454180734,918.0
30.0,-0.24749999999999994,1.0349399895461637,0.49061827321652274,0.5915530578378787,-0.01051132979359774,918.0
30.0,-0.245,1.0347695082912516,0.4907297517745396,0.5916453993015724,-0.010462893544402217,918.0
30.0,-0.24249999999999994,1.0345995083654977,0.4908411101161811,0.5917376789351468,-0.010414612439194174,918.0
30.0,-0.24,1.0344300884756674,0.49095230772689913,0.5918298389835229,-0.01036651560791062,918.0
30.0,-0.23750000000000004,1.0342613565424308,0.49106330017181177,0.5919218165622909,-0.01031863497992876,918.0
30.0,-0.235,1.0340934308924046,0.4911740385548126,0.5920135430000558,-0.01027100564439138,918.0
30.0,-0.23250000000000004,1.0339264416282092,0.49128446889426525,0.5921049430830687,-0.01022366626421738,918.0
30.0,-0.22999999999999998,1.0337605322077414,0.4913945314002647,0.5921959341851143,-0.010176659553184964,918.0
30.0,-0.22750000000000004,1.0335958612701588,0.4915041596353441,0.5922864252622037,-0.010130032827364141,918.0
30.0,-0.22499999999999998,1.0334326047538105,0.4916132795366756,0.5923763156874208,-0.010083838644497599,918.0
30.0,-0.22250000000000003,1.0332709583609299,0.491721808273056,0.5924654938960794,-0.010038135547798309,918.0
30.0,-0.21999999999999997,1.0331111404357658,0.491829652904049,0.592553835804914,-0.009992988934187362,918.0
30.0,-0.21750000000000003,1.0329533953375747,0.49193670880126367,0.5926412029610495,-0.009948472071410698,918.0
30.0,-0.21499999999999997,1.0327979974084105,0.4920428577824375,0.5927274403664763,-0.009904667294009968,918.0
30.0,-0.21250000000000002,1.0326452556588461,0.49214796589725446,0.5928123739112264,-0.00986166741506052,918.0
30.0,-0.20999999999999996,1.0324955193240934,0.49225188078893517,0.5928958073326008,-0.009819577399350668,918.0
30.0,-0.20750000000000002,1.0323491844802328,0.4923544285366181,0.5929775185977151,-0.009778516354793284,918.0
30.0,-0.20499999999999996,1.0322067019577044,0.49245540985921515,0.593057255581061,-0.00973861991300814,918.0
30.0,-0.2025,1.032068586850094,0.4925545955300228,0.5931347308760092,-0.009700043088150182,918.0
30.0,-0.19999999999999996,1.031935429994638,0.4926517208107249,0.5932096155370163,-0.009662963726385955,918.0
30.0,-0.1975,1.0318079119023662,0.49274647866048477,0.5932815314947757,-0.009627586688590034,918.0
30.0,-0.19499999999999995,1.0316868197479125,0.492838511406522,0.5933500423156516,-0.009594148948043425,918.0
30.0,-0.1925,1.0315730682016704,0.4929274004714074,0.593414641884192,-0.009562925836088693,918.0
30.0,-0.18999999999999995,1.0314677251137438,0.4930126536317758,0.5934747404660824,-0.009534238735792995,918.0
30.0,-0.1875,1.031372043358021,0.49309368912313917,0.5935296474490704,-0.009508464611928254,918.0
30.0,-0.18499999999999994,1.0312875005399533,0.493169815692197,0.5935785498482544,-0.009486047882034932,918.0
30.0,-0.1825,1.031215848795271,0.4932402074130462,0.5936204853827721,-0.009467515287206957,918.0
30.0,-0.17999999999999994,1.031159177600784,0.49330387170236295,0.5936543085612124,-0.009453494624484924,918.0
30.0,-0.1775,1.0311199934357247,0.4933596084589975,0.5936786477250111,-0.009444738470349061,918.0
30.0,-0.17499999999999993,1.0311013213369398,0.49340595757533534,0.5936918503589395,-0.009442154374507938,918.0
30.0,-0.1725,1.0311068349537156,0.49344113117444,0.5936919131488907,-0.009446843453579903,918.0
30.0,-0.17000000000000004,1.0311410236873366,0.4934629257718938,0.5936763922188104,-0.009460149879305532,918.0
30.0,-0.16749999999999998,1.0312094079036662,0.4934686081176083,0.5936422877079967,-0.00948372443158532,918.0
30.0,-0.16500000000000004,1.0313188158938922,0.49345476678079636,0.5935858954323296,-0.009519606021259426,918.0
30.0,-0.16249999999999998,1.0314777387438396,0.4934171198104251,0.5935026170655348,-0.009570325720765665,918.0
30.0,-0.16000000000000003,1.031696780330125,0.49335026762460965,0.593386719725882,-0.00963903798318026,918.0
30.0,-0.15749999999999997,1.0319892165939195,0.49324738103234367,0.593231037477935,-0.009729682543066392,918.0
30.0,-0.15500000000000003,1.0323716656497326,0.49309981983890466,0.5930266138881118,-0.009847176324183068,918.0
30.0,-0.15249999999999997,1.0328648383686247,0.4928966932306736,0.5927623015261247,-0.009997624576624125,918.0
30.0,-0.15000000000000002,1.033494272373211,0.49262440796126933,0.5924243692294521,-0.010188519856459128,918.0
30.0,-0.14749999999999996,1.0342908323850342,0.492266315731459,0.5919962306259909,-0.010428861067906034,918.0
30.0,-0.14500000000000002,1.035290580011629,0.49180267358515256,0.5914585011078567,-0.010729071358264078,918.0
30.0,-0.14249999999999996,1.0365334219101814,0.49121125024547485,0.5907896912575861,-0.011100538209278912,918.0
30.0,-0.14,1.0380598976989441,0.4904689622915494,0.589967869001217,-0.011554591500000619,918.0
30.0,-0.13749999999999996,1.039905858044965,0.4895547416683547,0.5889734205992257,-0.01210086263093235,917.0
30.0,-0.135,1.0420958172816874,0.48845328038946806,0.5877925057095726,-0.012745287301374243,917.0
30.0,-0.13249999999999995,1.0446370820749609,0.48715853213788674,0.5864201229418516,-0.013488406539299098,916.0
30.0,-0.13,1.0475172375226585,0.48567548801122895,0.5848614572999786,-0.014324740980979049,915.0
30.0,-0.12749999999999995,1.0507063074282221,0.48401935255777256,0.5831308324148077,-0.015243600401218173,915.0
30.0,-0.125,1.054162593089676,0.48221252725614805,0.5812487751955647,-0.01623097911080388,915.0
30.0,-0.12249999999999994,1.05783968865361,0.480280737002892,0.5792384678322746,-0.017271748477296144,914.0
30.0,-0.12,1.0616924037927966,0.4782496079682702,0.5771227404620496,-0.018351457019053195,914.0
30.0,-0.11749999999999994,1.0656805687401254,0.4761423557098346,0.5749221240437237,-0.01945744517949065,913.0
30.0,-0.11499999999999999,1.069770808332042,0.4739786081963232,0.5726539203355914,-0.02057932306370889,912.0
30.0,-0.11249999999999993,1.0739368747607305,0.47177407223325074,0.5703319933086863,-0.021709006767867026,912.0
30.0,-0.10999999999999999,1.0781591580885042,0.4695407064786178,0.5679669728812872,-0.022840510643634966,912.0
30.0,-0.10750000000000004,1.0824238285668777,0.4672871413208004,0.565566645324795,-0.023969637263902024,912.0
30.0,-0.10499999999999998,1.0867218838338817,0.46501918228340117,0.5631363952679815,-0.02509364871156388,912.0
30.0,-0.10250000000000004,1.0910482409395441,0.4627403085275621,0.5606796303363774,-0.026210960871952797,912.0
30.0,-0.09999999999999998,1.0954009319036242,0.4604521257164576,0.5581981594941176,-0.027320877193865344,910.0
30.0,-0.09750000000000003,1.0997804178125323,0.4581547593305067,0.5556925175007849,-0.028423365055324456,909.0
30.0,-0.09499999999999997,1.1041890156367156,0.4558471880994004,0.5531622379745627,-0.029518871694265224,908.0
30.0,-0.09250000000000003,1.108630423660346,0.45352752324072537,0.5506060815222305,-0.030608174362833154,908.0
30.0,-0.08999999999999997,1.1131093294499792,0.45119324122855853,0.5480222263198523,-0.03169225898595018,908.0
30.0,-0.08750000000000002,1.1176310852240814,0.44884137789535794,0.5454084280830831,-0.032772222083537896,906.0
30.0,-0.08499999999999996,1.1222014375657838,0.4464686908807065,0.5427621553877993,-0.033849191508772525,906.0
30.0,-0.08250000000000002,1.1268263007940489,0.44407179633858074,0.5400807051973249,-0.03492426240142322,905.0
30.0,-0.07999999999999996,1.1315115655965655,0.4416472846613198,0.5373613023995218,-0.03599844554239456,905.0
30.0,-0.07750000000000001,1.136262936572577,0.43919181890100534,0.5346011862078386,-0.0370726259779476,904.0
30.0,-0.07499999999999996,1.1410857940968415,0.43670221860850766,0.5317976854724442,-0.03814753035076931,903.0
30.0,-0.07250000000000001,1.1459850773827271,0.4341755309923991,0.528948284261954,-0.03922370182979241,903.0
30.0,-0.06999999999999995,1.1509651868064936,0.43160909062289826,0.5260506785218402,-0.040301481879307315,902.0
30.0,-0.0675,1.1560299044583375,0.4290005683791785,0.5231028241856511,-0.04138099835637689,901.0
30.0,-0.06499999999999995,1.1611823325182296,0.4263480099571382,0.5201029768036569,-0.04246215958232059,900.0
30.0,-0.0625,1.1664248494255698,0.4236498640176308,0.5170497225656581,-0.043544654107212644,899.0
30.0,-0.05999999999999994,1.1717590839195808,0.42090499996838315,0.5139420005279125,-0.044627955885022726,898.0
30.0,-0.057499999999999996,1.1771859069229256,0.41811271540713124,0.5107791158932596,-0.045711334518502664,898.0
30.0,-0.05499999999999994,1.1827054409270998,0.4152727334091607,0.5075607443328997,-0.046793870128153926,896.0
30.0,-0.05249999999999999,1.1883170860883636,0.4123851900830599,0.5042869275580305,-0.04787447227216804,896.0
30.0,-0.05,1.1940195617045701,0.40945061311396613,0.500958060611323,-0.04895190221156567,895.0
40.0,-0.75,1.0322415334083317,0.4904326442110557,0.5982263645857488,-0.010108985912204847,1119.0
40.0,-0.7475,1.0326473863213645,0.49018834189898963,0.597977529442222,-0.010228655321903882,1118.0
40.0,-0.745,1.0330469390578385,0.4899480757015595,0.5977315423999618,-0.010346222124926642,1118.0
40.0,-0.7425,1.0334402315016447,0.48971181975169753,0.5974883976782779,-0.010461705322220368,1118.0
40.0,-0.74,1.0338273034505228,0.4894795481976332,0.5972480893847351,-0.010575123786030744,1118.0
40.0,-0.7375,1.0342081946162214,0.4892512352035653,0.5970106115154841,-0.010686496260577496,1118.0
40.0,-0.735,1.0345829446246164,0.48902685495036263,0.5967759579556021,-0.010795841362720174,1118.0
40.0,-0.7325,1.0349515930158715,0.488806381636236,0.5965441224794186,-0.010903177582637915,1118.0
40.0,-0.73,1.035314179244557,0.4885897894774291,0.5963150987508746,-0.011008523284499444,1118.0
40.0,-0.7275,1.035670742679814,0.48837705270888854,0.5960888803238421,-0.011111896707148176,1119.0
40.0,-0.725,1.0360213226054373,0.48816814558493105,0.5958654606425373,-0.011213315964762646,1118.0
40.0,-0.7225,1.0363659582200992,0.48796304237992,0.5956448330420552,-0.011312799047566472,1118.0
40.0,-0.72,1.0367046886373994,0.48776171738893304,0.5954269907483719,-0.011410363822481485,1118.0
40.0,-0.7175,1.037037552886045,0.4875641449284121,0.5952119268790529,-0.011506028033825368,1118.0
40.0,-0.715,1.0373645899099635,0.4873702993368277,0.5949996344435842,-0.011599809303990363,1118.0
40.0,-0.7125,1.0376858385684533,0.4871801549753209,0.5947901063437826,-0.011691725134133512,1118.0
40.0,-0.71,1.0380013376362958,0.4869936862283604,0.5945833353742357,-0.011781792904858666,1118.0
40.0,-0.7075,1.0383111258039017,0.4868108675043757,0.5943793142227329,-0.011870029876908906,1118.0
40.0,-0.705,1.038615241677438,0.48663167323639545,0.5941780354707147,-0.011956453191855622,1118.0
40.0,-0.7025,1.0389137237789554,0.4864560778826819,0.5939794915937314,-0.012041079872788489,1118.0
40.0,-0.7,1.0392066105465212,0.48628405592735496,0.5937836749619084,-0.012123926825008855,1118.0
40.0,-0.6975,1.0394939403343524,0.4861155818810117,0.5935905778404178,-0.012205010836724416,1118.0
40.0,-0.695,1.0397757514129393,0.4859506302813458,0.5934001923899651,-0.012284348579742676,1118.0
40.0,-0.6925,1.040052081969184,0.4857891756937524,0.5932125106672756,-0.01236195661016943,1118.0
40.0,-0.69,1.0403229701065273,0.4856311927119346,0.5930275246255952,-0.012437851369105803,1118.0
40.0,-0.6875,1.0405884538450774,0.48547665595850237,0.5928452261151977,-0.012512049183346705,1118.0
40.0,-0.685,1.0408485711217494,0.4853255400855605,0.5926656068838954,-0.012584566266083215,1118.0
40.0,-0.6825,1.0411033597903858,0.48517781977530117,0.5924886585775665,-0.012655418717601168,1118.0
40.0,-0.6799999999999999,1.0413528576219044,0.4850334697405737,0.5923143727406742,-0.012724622525988603,1118.0
40.0,-0.6775,1.0415971023044144,0.48489246472546976,0.5921427408168142,-0.012792193567834313,1118.0
40.0,-0.675,1.0418361314433666,0.4847547795058786,0.5919737541492452,-0.012858147608938584,1118.0
40.0,-0.6725,1.0420699825616768,0.48462038889005615,0.5918074039814473,-0.012922500305015492,1118.0
40.0,-0.67,1.042298693099869,0.4844892677191731,0.5916436814576705,-0.012985267202403245,1118.0
40.0,-0.6675,1.0425223004162143,0.4843613908678612,0.5914825776234969,-0.013046463738773252,1118.0
40.0,-0.665,1.0427408417868609,0.4842367332447581,0.5913240834264117,-0.013106105243837604,1118.0
40.0,-0.6625,1.042954354405987,0.4841152697930324,0.5911681897163695,-0.013164206940064007,1118.0
40.0,-0.66,1.0431628753859317,0.48399697549091564,0.5910148872463775,-0.013220783943385129,1118.0
40.0,-0.6575,1.0433664417573458,0.4838818253522166,0.5908641666730754,-0.01327585126391391,1118.0
40.0,-0.655,1.043565090469336,0.4837697944268322,0.5907160185573235,-0.013329423806658167,1118.0
40.0,-0.6525,1.0437588583896067,0.48366085780125434,0.5905704333647991,-0.013381516372234744,1118.0
40.0,-0.65,1.0439477823046206,0.4835549905990595,0.5904274014665862,-0.013432143657589437,1118.0
40.0,-0.6475,1.0441318989197372,0.48345216798140433,0.5902869131397862,-0.013481320256711357,1118.0
40.0,-0.645,1.0443112448593765,0.4833523651475002,0.5901489585681153,-0.01352906066135485,1118.0
40.0,-0.6425,1.0444858566671706,0.48325555733508924,0.590013527842518,-0.013575379261758082,1118.0
40.0,-0.64,1.0446557708061233,0.4831617198209081,0.5898806109617785,-0.013620290347364618,1118.0
40.0,-0.6375,1.0448210236587694,0.48307082792114636,0.5897501978331373,-0.01366380810754506,1118.0
40.0,-0.635,1.0449816515273425,0.4829828569918937,0.5896222782729093,-0.013705946632320961,1118.0
40.0,-0.6325,1.04513769063394,0.48289778242958137,0.5894968420071044,-0.013746719913088968,1118.0
40.0,-0.63,1.0452891771206867,0.4828155796714187,0.5893738786720576,-0.013786141843344028,1118.0
40.0,-0.6275,1.0454361470499165,0.48273622419581347,0.5892533778150492,-0.01382422621940788,1118.0
40.0,-0.625,1.0455786364043416,0.48265969152279103,0.5891353288949368,-0.01386098674115463,1118.0
40.0,-0.6225,1.0457166810872318,0.4825859572144037,0.5890197212827873,-0.013896437012738542,1118.0
40.0,-0.62,1.0458503169225994,0.48251499687512933,0.5889065442625065,-0.01393059054332359,1118.0
40.0,-0.6174999999999999,1.0459795796553768,0.48244678615226677,0.5887957870314776,-0.01396346074781139,1118.0
40.0,-0.615,1.046104504951614,0.48238130073631613,0.588687438701191,-0.013995060947573672,1118.0
40.0,-0.6125,1.0462251283986612,0.48231851636135886,0.5885814882978861,-0.014025404371181422,1118.0
40.0,-0.61,1.0463414855053685,0.4822584088054234,0.5884779247631859,-0.01405450415513778,1118.0
40.0,-0.6074999999999999,1.0464536117022836,0.48220095389084494,0.5883767369547348,-0.014082373344610658,1118.0
40.0,-0.605,1.0465615423418533,0.4821461274846171,0.5882779136468365,-0.014109024894166136,1118.0
40.0,-0.6025,1.046665312698625,0.48209390549873754,0.5881814435310957,-0.014134471668501283,1118.0
40.0,-0.6,1.0467649579694627,0.4820442638905396,0.5880873152170519,-0.0141587264431806,1118.0
40.0,-0.5975,1.0468605132737476,0.4819971786630255,0.5879955172328242,-0.014181801905368519,1118.0
40.0,-0.595,1.0469520136536086,0.4819526258651786,0.5879060380257404,-0.014203710654568527,1118.0
40.0,-0.5925,1.0470394940741257,0.48191058159228306,0.5878188659629842,-0.014224465203355565,1118.0
40.0,-0.59,1.0471229894235516,0.4818710219862263,0.5877339893321413,-0.014244077978111884,1117.0
40.0,-0.5875,1.047202534513572,0.4818339232357854,0.5876513963421773,-0.014262561319774667,1117.0
40.0,-0.585,1.0472781640794777,0.48179926157693426,0.5875710751235628,-0.014279927484555815,1117.0
40.0,-0.5825,1.0473499127804304,0.48176701329311494,0.5874930137292489,-0.014296188644690176,1117.0
40.0,-0.58,1.0474178151996938,0.481737154715513,0.5874172001352118,-0.014311356889171277,1117.0
40.0,-0.5775,1.0474819058448408,0.4817096622233732,0.5873436222410628,-0.014325444224481258,1116.0
40.0,-0.575,1.0475422191480912,0.48168451224407904,0.5872722678707768,-0.014338462575354387,1116.0
40.0,-0.5725,1.047598789466409,0.48166168125367964,0.5872031247731715,-0.014350423785475484,1116.0
40.0,-0.5700000000000001,1.0476516510818428,0.48164114577695666,0.5871361806226335,-0.014361339618243074,1116.0
40.0,-0.5675,1.047700838201745,0.48162288238771434,0.5870714230197218,-0.014371221757498633,1116.0
40.0,-0.565,1.0477463849590234,0.4816068677090138,0.5870088394917874,-0.014380081808264174,1116.0
40.0,-0.5625,1.0477883254123868,0.48159307841340626,0.5869484174935976,-0.014387931297477034,1116.0
40.0,-0.56,1.0478266935465947,0.4815814912231601,0.5868901444079568,-0.014394781674724863,1116.0
40.0,-0.5575,1.0478615232727078,0.4815720829104826,0.5868340075463246,-0.014400644312979672,1116.0
40.0,-0.5549999999999999,1.0478928484283392,0.48156483029773656,0.586779994149432,-0.014405530509331558,1116.0
40.0,-0.5525,1.047920702777903,0.48155971025765565,0.5867280913878975,-0.014409451485719952,1116.0
40.0,-0.55,1.0479451200128653,0.4815566997135532,0.5866782863628401,-0.014412418389665067,1116.0
40.0,-0.5475,1.0479661337519877,0.48155577563953206,0.5866305661064946,-0.014414442294995857,1116.0
40.0,-0.5449999999999999,1.0479837775415815,0.4815569150606855,0.5865849175828168,-0.014415534202579662,1116.0
40.0,-0.5425,1.0479980848557438,0.4815600950533041,0.5865413276880989,-0.014415705041045964,1116.0
40.0,-0.54,1.0480090890966005,0.4815652927450752,0.5864997832515761,-0.014414965667510906,1116.0
40.0,-0.5375,1.0480168235945468,0.481572485315283,0.5864602710360325,-0.01441332686829926,1116.0
40.0,-0.535,1.0480213216084735,0.4815816499950112,0.5864227777384129,-0.014410799359662071,1116.0
40.0,-0.5325,1.0480226163259985,0.48159276406734186,0.5863872899904256,-0.01440739378849391,1116.0
40.0,-0.53,1.0480207408636881,0.4816058048675575,0.5863537943591501,-0.01440312073304612,1116.0
40.0,-0.5275,1.0480157282672675,0.48162074978334696,0.5863222773476469,-0.014397990703635791,1116.0
40.0,-0.525,1.048007611511831,0.4816375762550095,0.5862927253955617,-0.014392014143353272,1116.0
40.0,-0.5225,1.047996423502035,0.4816562617756676,0.586265124879737,-0.014385201428763686,1116.0
40.0,-0.52,1.0479821970722902,0.48167678389147806,0.5862394621148197,-0.014377562870606628,1116.0
40.0,-0.5175,1.0479649649869318,0.4816991202018553,0.5862157233538768,-0.01436910871448846,1116.0
40.0,-0.515,1.0479447599403886,0.48172324835969416,0.5861938947890059,-0.014359849141572883,1116.0
40.0,-0.5125,1.0479216145573302,0.48174914607160424,0.5861739625519552,-0.014349794269264068,1116.0
40.0,-0.51,1.0478955613928047,0.4817767910981499,0.5861559127147428,-0.01433895415188557,1116.0
40.0,-0.5075000000000001,1.0478666329323556,0.48180616125410175,0.5861397312902835,-0.014327338781352141,1116.0
40.0,-0.505,1.0478348615921238,0.4818372344086967,0.5861254042330188,-0.01431495808783588,1116.0
40.0,-0.5025,1.0478002797189343,0.48186998848590873,0.5861129174395489,-0.014301821940426361,1116.0
40.0,-0.5,1.0477629195903524,0.4819044014647353,0.5861022567492786,-0.014287940147781692,1116.0
40.0,-0.4975,1.0477228134147265,0.4819404513794955,0.5860934079450654,-0.014273322458772988,1116.0
40.0,-0.495,1.0476799933312035,0.4819781163201428,0.5860863567538739,-0.014257978563121188,1116.0
40.0,-0.4925,1.0476344914097209,0.48201737443259585,0.5860810888474423,-0.014241918092024432,1116.0
40.0,-0.49,1.0475863396509637,0.48205820391908777,0.5860775898429608,-0.014225150618775547,1116.0
40.0,-0.4875,1.0475355699863018,0.48210058303853276,0.5860758453037546,-0.014207685659371517,1116.0
40.0,-0.485,1.0474822142776927,0.48214449010691357,0.5860758407399816,-0.014189532673112055,1116.0
40.0,-0.4825,1.0474263043175447,0.48218990349769447,0.5860775616093469,-0.014170701063186067,1116.0
40.0,-0.48,1.0473678718285528,0.48223680164225435,0.5860809933178246,-0.014151200177248602,1116.0
40.0,-0.4775,1.0473069484634923,0.4822851630303482,0.5860861212204008,-0.014131039307984188,1116.0
40.0,-0.475,1.0472435658049741,0.4823349662105928,0.5860929306218289,-0.014110227693658979,1116.0
40.0,-0.4725,1.0471777553651556,0.4823861897909854,0.5861014067774054,-0.014088774518657858,1116.0
40.0,-0.47,1.0471095485854105,0.48243881243944864,0.5861115348937641,-0.01406668891400933,1116.0
40.0,-0.46749999999999997,1.0470389768359476,0.4824928128844117,0.586123300129691,-0.014043979957894288,1116.0
40.0,-0.46499999999999997,1.046966071415383,0.4825481699154223,0.58613668759696,-0.014020656676140714,1116.0
40.0,-0.46249999999999997,1.046890863550259,0.4826048623837978,0.5861516823611954,-0.013996728042701282,1116.0
40.0,-0.46,1.0468133843945069,0.48266286920331253,0.5861682694427565,-0.013972202980114697,1116.0
40.0,-0.4575,1.0467336650288572,0.482722169350925,0.5861864338176487,-0.013947090359949961,1116.0
40.0,-0.455,1.0466517364601844,0.48278274186754755,0.5862061604184664,-0.01392139900323157,1116.0
40.0,-0.4525,1.0465676296208135,0.4828445658588155,0.5862274341353894,-0.013895137680852177,1117.0
40.0,-0.45,1.046481375367656,0.48290762049612135,0.5862502398170757,-0.01386831511393695,1117.0
40.0,-0.4475,1.046393004481487,0.4829718850172584,0.586274562271862,-0.013840939974243882,1117.0
40.0,-0.445,1.0463025476659418,0.48303733872755256,0.5863003862687248,-0.01381302088448655,1117.0
40.0,-0.4425,1.0462100355465445,0.48310396100082575,0.5863276965384159,-0.013784566418663338,1117.0
40.0,-0.44,1.0461154986696397,0.48317173128045854,0.5863564777746079,-0.01375558510235777,1117.0
40.0,-0.4375,1.046018967501245,0.4832406290805068,0.5863867146350819,-0.013726085413015888,1117.0
40.0,-0.435,1.0459204724258222,0.48331063398687674,0.5864183917429571,-0.013696075780199147,1117.0
40.0,-0.4325,1.0458200437449618,0.4833817256585604,0.5864514936879649,-0.013665564585811921,1117.0
40.0,-0.43,1.0457177116759866,0.4834538838289312,0.5864860050277674,-0.013634560164304215,1117.0
40.0,-0.4275,1.0456135063504608,0.4835270883071033,0.5865219102893254,-0.013603070802847374,1117.0
40.0,-0.425,1.0455074578126096,0.4836013189793577,0.5865591939703161,-0.013571104741482544,1117.0
40.0,-0.4225,1.0453995960176434,0.48367655581063357,0.5865978405406013,-0.013538670173241812,1117.0
40.0,-0.42,1.045289950829989,0.48375277884608964,0.5866378344437491,-0.013505775244240693,1117.0
40.0,-0.4175,1.0451785520214187,0.48382996821273533,0.5866791600986095,-0.013472428053741891,1117.0
40.0,-0.415,1.045065429269082,0.48390810412113433,0.5867218019009494,-0.013438636654189203,1117.0
40.0,-0.4125,1.044950612153431,0.4839871668671834,0.5867657442251419,-0.01340440905121094,1117.0
40.0,-0.41,1.0448341301560498,0.484067136833962,0.5868109714259174,-0.01336975320359447,1117.0
40.0,-0.4075,1.0447160126573698,0.4841479944936634,0.5868574678401742,-0.013334677023227623,1117.0
40.0,-0.40499999999999997,1.0445962889342861,0.48422972040959916,0.5869052177888536,-0.01329918837501048,1117.0
40.0,-0.40249999999999997,1.0444749881576616,0.48431229523828473,0.5869542055788747,-0.013263295076734688,1117.0
40.0,-0.39999999999999997,1.0443521393897262,0.48439569973160357,0.5870044155051378,-0.013227004898931137,1117.0
40.0,-0.3975,1.044227771581375,0.48447991473904806,0.5870558318526747,-0.013190325564688766,1118.0
40.0,-0.395,1.0441019135693206,0.4845649212100539,0.5871084388984386,-0.013153264749428663,1118.0
40.0,-0.3925,1.043974594073279,0.48465070019631235,0.5871622209139344,-0.013115830080688735,1119.0
40.0,-0.39,1.0438458416926326,0.48473723285458975,0.5872171621674797,-0.013078029137760466,1119.0
40.0,-0.3875,1.0437156849037141,0.4848245004488067,0.5872732469261136,-0.013039869451492141,1119.0
40.0,-0.385,1.0435841520562958,0.48491248435300827,0.5873304594583514,-0.013001358503874738,1118.0
40.0,-0.3825,1.0434512713702722,0.485001166054028,0.5873887840365088,-0.012962503727677297,1118.0
40.0,-0.38,1.0433170709322763,0.48509052715427353,0.58744820493932,-0.012923312506060443,1118.0
40.0,-0.3775,1.0431815786920986,0.48518054937462857,0.5875087064544765,-0.012883792172135191,1118.0
40.0,-0.375,1.0430448224590612,0.4852712145574151,0.5875702728813029,-0.01284395000850582,1118.0
40.0,-0.3725,1.0429068298982989,0.4853625046694302,0.5876328885334787,-0.012803793246785305,1118.0
40.0,-0.37,1.042767628526951,0.485454401805062,0.58769653774182,-0.012763329067083117,1118.0
40.0,-0.3675,1.0426272457102783,0.4855468881894716,0.5877612048571208,-0.01272256459747118,1118.0
40.0,-0.365,1.0424857086577142,0.4856399461818444,0.5878268742530441,-0.012681506913427955,1118.0
40.0,-0.3625,1.0423430444188424,0.48573355827870873,0.5878935303290698,-0.012640163037261154,1118.0
40.0,-0.36,1.0421992798793325,0.4858277071173109,0.5879611575134832,-0.012598539937515564,1118.0
40.0,-0.3575,1.0420544417568198,0.4859223754790525,0.5880297402664113,-0.012556644528363905,1118.0
40.0,-0.355,1.041908556596757,0.4860175462929766,0.5880992630828937,-0.012514483668987305,1118.0
40.0,-0.3525,1.0417616507682388,0.4861132026393039,0.5881697104959857,-0.012472064162946436,1118.0
40.0,-0.35,1.0416137504598195,0.4862093277530083,0.5882410670798852,-0.01242939275754859,1118.0
40.0,-0.3475,1.0414648816753302,0.4863059050274321,0.5883133174530814,-0.012386476143212338,1118.0
40.0,-0.345,1.0413150702297185,0.48640291801792684,0.588386446281507,-0.01234332095283725,1118.0
40.0,-0.34249999999999997,1.0411643417449212,0.48650035044551776,0.5884604382816974,-0.012299933761180647,1118.0
40.0,-0.33999999999999997,1.0410127216457954,0.4865981862005806,0.5885352782239364,-0.012256321084248937,1118.0
40.0,-0.33749999999999997,1.040860235156116,0.486696409346527,0.5886109509353851,-0.012212489378706504,1118.0
40.0,-0.33499999999999996,1.040706907294679,0.4867950041234802,0.5886874413031784,-0.012168445041312429,1118.0
40.0,-0.3325,1.0405527628715214,0.48689395495193905,0.5887647342774721,-0.012124194408388852,1118.0
40.0,-0.33,1.0403978264842837,0.4869932464364167,0.5888428148744387,-0.012079743755328793,1118.0
40.0,-0.3275,1.0402421225147531,0.4870928633690397,0.5889216681791805,-0.01203509929615359,1118.0
40.0,-0.325,1.040085675125613,0.48719279073309346,0.5890012793485531,-0.01199026718312831,1118.0
40.0,-0.3225,1.0399285082574288,0.48729301370650674,0.5890816336138769,-0.011945253506443468,1118.0
40.0,-0.32,1.0397706456259137,0.48739351766525213,0.5891627162835162,-0.011900064293975896,1118.0
40.0,-0.3175,1.0396121107195129,0.48749428818664786,0.5892445127453007,-0.011854705511140363,1118.0
40.0,-0.315,1.0394529267973491,0.48759531105254345,0.5893270084687675,-0.011809183060844613,1118.0
40.0,-0.3125,1.0392931168875787,0.4876965722523701,0.5894101890071952,-0.011763502783561823,1118.0
40.0,-0.31,1.0391327037862084,0.4877980579860337,0.5894940399993992,-0.011717670457536022,1118.0
40.0,-0.3075,1.0389717100564393,0.48789975466662133,0.5895785471712536,-0.0116716917991404,1118.0
40.0,-0.305,1.0388101580285904,0.4880016489229066,0.5896636963369055,-0.01162557246340318,1118.0
40.0,-0.3025,1.0386480698006786,0.4881037276016147,0.5897494733996435,-0.011579318044725133,1118.0
40.0,-0.3,1.0384854672397317,0.4882059777694225,0.5898358643523675,-0.011532934077811079,1118.0
40.0,-0.2975,1.0383223719839147,0.48830838671465787,0.5899228552776236,-0.011486426038839913,1118.0
40.0,-0.295,1.038158805445571,0.4884109419486603,0.5900104323471368,-0.01143979934690286,1118.0
40.0,-0.2925,1.0379947888152734,0.4885136312067616,0.5900985818207928,-0.011393059365740156,1118.0
40.0,-0.29,1.0378303430670024,0.4886164424488449,0.5901872900449967,-0.011346211405809915,1118.0
40.0,-0.2875,1.0376654889645884,0.4887193638594214,0.5902765434503338,-0.011299260726731703,1118.0
40.0,-0.285,1.0375002470695405,0.48882238384718285,0.590366328548458,-0.011252212540141544,1118.0
40.0,-0.2825,1.0373346377504413,0.48892549104395405,0.5904566319281074,-0.011205072013012612,1118.0
40.0,-0.27999999999999997,1.037168681194068,0.489028674302984,0.59054744025015,-0.011157844271490764,1118.0
40.0,-0.27749999999999997,1.03700239741845,0.4891319226964898,0.5906387402415468,-0.011110534405308608,1118.0
40.0,-0.27499999999999997,1.036835806288069,0.48923522551237925,0.5907305186881019,-0.01106314747284023,1118.0
40.0,-0.27249999999999996,1.0366689275314749,0.48933857225003197,0.5908227624258534,-0.011015688506880738,1118.0
40.0,-0.27,1.0365017807615744,0.4894419526150483,0.5909154583309503,-0.010968162521228146,1118.0
40.0,-0.2675,1.0363343854989258,0.489545356512826,0.5910085933078251,-0.010920574518169779,1118.0
40.0,-0.265,1.0361667611983931,0.48964877404082774,0.5911021542754612,-0.010872929496980401,1118.0
40.0,-0.2625,1.0359989272795682,0.48975219547937543,0.5911961281515177,-0.01082523246355703,1118.0
40.0,-0.26,1.0358309031614277,0.48985561128078264,0.5912905018340459,-0.010777488441332878,1118.0
40.0,-0.2575,1.035662708301748,0.48995901205661874,0.5913852621804959,-0.010729702483629946,1118.0
40.0,-0.255,1.0354943622418846,0.4900623885628552,0.5914803959836676,-0.01068187968763603,1118.0
40.0,-0.2525,1.0353258846576077,0.4901657316826217,0.5915758899442078,-0.010634025210216076,1118.0
40.0,-0.25,1.0351572954167871,0.49026903240624137,0.5916717306392025,-0.010586144285801706,1118.0
40.0,-0.24749999999999994,1.0349886146448328,0.49037228180818676,0.5917679044863441,-0.010538242246634202,1118.0
40.0,-0.245,1.0348198627989496,0.49047547102051575,0.5918643977030705,-0.010490324545684987,1118.0
40.0,-0.24249999999999994,1.034651060752423,0.49057859120229247,0.5919611962599797,-0.010442396782625273,1118.0
40.0,-0.24,1.0344822298903358,0.49068163350441857,0.5920582858277244,-0.01039446473327132,1118.0
40.0,-0.23750000000000004,1.0343133922183598,0.49078458902919364,0.5921556517164456,-0.01034653438300877,1118.0
40.0,-0.235,1.0341445704865369,0.4908874487838129,0.5922532788066586,-0.010298611964778439,1118.0
40.0,-0.23250000000000004,1.033975788330264,0.4909902036268805,0.5923511514703271,-0.010250704002301408,1118.0
40.0,-0.22999999999999998,1.0338070704311115,0.4910928442068399,0.5924492534806337,-0.010202817359344054,1118.0
40.0,-0.22750000000000004,1.0336384427005332,0.49119536089103966,0.5925475679087016,-0.010154959295957805,1118.0
40.0,-0.22499999999999998,1.0334699324901009,0.4912977436839061,0.5926460770052093,-0.010107137532799832,1118.0
40.0,-0.22250000000000003,1.0333015688325422,0.4913999821324129,0.5927447620644661,-0.010059360324840795,1118.0
40.0,-0.21999999999999997,1.0331333827186644,0.49150206521669243,0.5928436032680594,-0.01001163654600966,1118.0
40.0,-0.21750000000000003,1.0329654074162289,0.4916039812232068,0.5929425795046387,-0.009963975786622437,1118.0
40.0,-0.21499999999999997,1.0327976788379967,0.49170571759738957,0.593041668161739,-0.009916388465797541,1118.0
40.0,-0.21250000000000002,1.0326302359676576,0.49180726077201553,0.5931408448847064,-0.009868885961510343,1118.0
40.0,-0.20999999999999996,1.0324631213540763,0.49190859596680536,0.5932400832968172,-0.009821480761465651,1118.0
40.0,-0.20750000000000002,1.0322963816865214,0.49200970695377744,0.5933393546734178,-0.009774186638645444,1118.0
40.0,-0.20499999999999996,1.0321300684662458,0.49211057578167045,0.5934386275613948,-0.009727018856209038,1118.0
40.0,-0.2025,1.0319642387931782,0.49221118245124434,0.5935378673333613,-0.0096799944074559,1118.0
40.0,-0.19999999999999996,1.0317989562907117,0.4923115045313886,0.5936370356635745,-0.00963313229784346,1118.0
40.0,-0.1975,1.031634292196922,0.49241151670356154,0.5937360899095768,-0.009586453877677587,1118.0
40.0,-0.19499999999999995,1.0314703266573273,0.4925111902190365,0.5938349823797436,-0.009539983236149787,1118.0
40.0,-0.1925,1.031307150262877,0.49261049224955417,0.5939336594620901,-0.00949374766999927,1118.0
40.0,-0.18999999999999995,1.0311448658879367,0.4927093851069421,0.5940320605834593,-0.009447778243439195,1118.0
40.0,-0.1875,1.0309835908972669,0.49280782530078215,0.5941301169602163,-0.00940211046029978,1118.0
40.0,-0.18499999999999994,1.030823459809546,0.4929057623946887,0.5942277500911516,-0.009356785074966904,1118.0
40.0,-0.1825,1.0306646275292093,0.4930031376106245,0.5943248699297007,-0.009311849076030396,1118.0
40.0,-0.17999999999999994,1.0305072732904037,0.4930998821158432,0.5944213726546252,-0.009267356886258064,1118.0
40.0,-0.1775,1.0303516054994482,0.493195914907252,0.5945171379344244,-0.009223371835397598,1118.0
40.0,-0.17499999999999993,1.0301978677192805,0.4932911401812906,0.5946120255488663,-0.009179967979581786,1119.0
40.0,-0.1725,1.0300463461167255,0.4933854440410543,0.5947058711871036,-0.009137232364495882,1119.0
40.0,-0.17000000000000004,1.0298973787992804,0.4934786903423653,0.594798481184541,-0.009095267861450441,1119.0
40.0,-0.16749999999999998,1.0297513676139745,0.49357071541110614,0.5948896258759742,-0.009054196749539781,1119.0
40.0,-0.16500000000000004,1.0296087931849616,0.4936613212665055,0.5949790311317479,-0.009014165278648715,1119.0
40.0,-0.16249999999999998,1.0294702342542679,0.4937502668464995,0.5950663674813188,-0.008975349534818124,1119.0
40.0,-0.16000000000000003,1.029336392801512,0.49383725653186145,0.5951512360000416,-0.008937963053400033,1119.0
40.0,-0.15749999999999997,1.0292081270135722,0.4939219249752526,0.5952331498036835,-0.008902266804533092,1119.0
40.0,-0.15500000000000003,1.0290864950477523,0.4940038168121577,0.595311509510085,-0.008868582437781216,1119.0
40.0,-0.15249999999999997,1.0289728138288512,0.4940823591876986,0.5953855703072556,-0.008837310062186314,1119.0
40.0,-0.15000000000000002,1.0288687390753866,0.494156824055808,0.5954543971830215,-0.008808952424197018,1119.0
40.0,-0.14749999999999996,1.028776375739476,0.49422627569861194,0.5955168032156325,-0.008784148240994931,1119.0
40.0,-0.14500000000000002,1.0286984326806847,0.49428949655045384,0.5955712632606092,-0.008763718832376316,1119.0
40.0,-0.14249999999999996,1.0286384426796424,0.49434488065475163,0.5956157913454717,-0.008748734367382325,1119.0
40.0,-0.14,1.0286010804746952,0.49439027803596186,0.5956477637005219,-0.008740609486098182,1119.0
40.0,-0.13749999999999996,1.0285926300292372,0.4944227634491156,0.5956636591587215,-0.008741243549501076,1119.0
40.0,-0.135,1.0286216818252374,0.4944382869926876,0.5956586724076531,-0.00875322950303638,1119.0
40.0,-0.13249999999999995,1.0287001873432937,0.4944311384138345,0.5956261301759469,-0.008780168931214867,1119.0
40.0,-0.13,1.0288450664663193,0.4943931175504671,0.5955566029913163,-0.008827150748187722,1119.0
40.0,-0.12749999999999995,1.0290806496228617,0.49431225013261726,0.5954365584071527,-0.008901475232163066,1119.0
40.0,-0.125,1.0294422888524613,0.49417084302116276,0.595246373858195,-0.009013717441205391,1119.0
40.0,-0.12249999999999994,1.029981283575858,0.49394273773861697,0.5949576319160036,-0.009179160681338271,1119.0
40.0,-0.12,1.030770231328282,0.4935901166405534,0.5945301875109846,-0.009419308531056584,1118.0
40.0,-0.11749999999999994,1.0319048656183611,0.4930618141907348,0.5939111544930671,-0.009762259921214315,1118.0
40.0,-0.11499999999999999,1.0334932639433123,0.4922980558654036,0.5930407556740607,-0.010239205359037747,1118.0
40.0,-0.11249999999999993,1.0356232782634998,0.4912472645240726,0.5918699549605639,-0.010874422058493259,1118.0
40.0,-0.10999999999999999,1.038319211967514,0.48989034965586215,0.5903838592912742,-0.011672367253807272,1117.0
40.0,-0.10750000000000004,1.0415254568835675,0.48825221965928356,0.5886105808971013,-0.01261333001042253,1117.0
40.0,-0.10499999999999998,1.0451352235590656,0.4863884455384866,0.5866059403478715,-0.013662727122276352,1116.0
40.0,-0.10250000000000004,1.0490345294033374,0.4843615171200739,0.5844300821376047,-0.014784628331433033,1115.0
40.0,-0.09999999999999998,1.0531294568656375,0.4822248051746081,0.5821330271656591,-0.01594987095571617,1115.0
40.0,-0.09750000000000003,1.0573534218456457,0.4800173660689226,0.5797507957763918,-0.017138005496055795,1114.0
40.0,-0.09499999999999997,1.0616643111391963,0.4777647564413496,0.5773068331954608,-0.018336196331963536,1114.0
40.0,-0.09250000000000003,1.0660389627584663,0.47548172505738245,0.5748148017193119,-0.01953737660014664,1113.0
40.0,-0.08999999999999997,1.070468029099178,0.47317494083471084,0.5722811651749454,-0.02073857233441004,1112.0
40.0,-0.08750000000000002,1.0749519426411158,0.47084523122013533,0.5697072066433361,-0.021939600600239976,1112.0
40.0,-0.08499999999999996,1.07949790840204,0.46848930036949155,0.5670905278074361,-0.023142107454974446,1112.0
40.0,-0.08250000000000002,1.0841176755721182,0.4661010287802339,0.5644261610737671,-0.024348862804299185,1112.0
40.0,-0.07999999999999996,1.0888258587704707,0.46367246608529283,0.5617074125417806,-0.025563237381833564,1112.0
40.0,-0.07750000000000001,1.0936386355823298,0.4611946074370715,0.558926523274555,-0.026788806107144743,1111.0
40.0,-0.07499999999999996,1.0985726995463887,0.45865801938770584,0.5560752089683196,-0.028029039413903705,1110.0
40.0,-0.07250000000000001,1.1036443893087526,0.4560533601036252,0.5531451170733254,-0.02928705767650883,1108.0
40.0,-0.06999999999999995,1.1088689467025028,0.45337182166838125,0.5501282245022302,-0.030565434078046207,1108.0
40.0,-0.0675,1.114259881395777,0.4506055084696395,0.5470171867709077,-0.031866038876772175,1108.0
40.0,-0.06499999999999995,1.1198284388181496,0.44774775480555845,0.5438056399306646,-0.033189923471178696,1106.0
40.0,-0.0625,1.1255831814693038,0.4447933769658322,0.540488449782116,-0.034537246044771645,1106.0
40.0,-0.05999999999999994,1.131529700877627,0.4417388505630859,0.5370618988994814,-0.03590724185325172,1105.0
40.0,-0.057499999999999996,1.137670477789833,0.43858240324762093,0.5335238013110509,-0.037298240409938815,1103.0
40.0,-0.05499999999999994,1.1440049016834148,0.43532401619618066,0.5298735373633388,-0.03870772918344728,1102.0
40.0,-0.05249999999999999,1.150529448648847,0.43196533429899414,0.5261120068955963,-0.04013245954582128,1101.0
40.0,-0.05,1.157238001645162,0.4285094933900335,0.5222415062258161,-0.04156858651044369,1101.0
50.0,-0.75,1.0322415262668228,0.49043264853729324,0.5982263687239479,-0.010108983784170605,1319.0
50.0,-0.7475,1.0326473786640042,0.4901883465343354,0.5979775338930808,-0.010228653044213226,1318.0
50.0,-0.745,1.0330469308510004,0.4899480806658308,0.5977315471850162,-0.01034621968812902,1318.0
50.0,-0.7425,1.0334402227097028,0.48971182506586036,0.5974884028204328,-0.010461702716323323,1318.0
50.0,-0.74,1.0338272940357383,0.4894795538838648,0.5972480949083484,-0.010575121000470544,1318.0
50.0,-0.7375,1.0342081845386333,0.48925124128531416,0.5970106174464495,-0.010686493284190877,1318.0
50.0,-0.735,1.0345829338419172,0.4890268614524171,0.5967759643214418,-0.010795838183711947,1318.0
50.0,-0.7325,1.0349515814832857,0.48880638858478936,0.5965441293093754,-0.01090317418855017,1318.0
50.0,-0.73,1.0353141669147168,0.488589796900148,0.596315106076009,-0.01100851966217945,1318.0
50.0,-0.7275,1.03567072950261,0.4883770606349938,0.5960888881771439,-0.01111189284270992,1319.0
50.0,-0.725,1.0360213085278924,0.4881681540452652,0.5958654690590263,-0.011213311843555058,1318.0
50.0,-0.7225,1.0363659431862102,0.48796305140703217,0.5956448420589023,-0.011312794654133,1318.0
50.0,-0.72,1.036704672587981,0.48776172701716297,0.5954270004050222,-0.011410359140520288,1318.0
50.0,-0.7175,1.037037535758572,0.48756415519397345,0.59521193721735,-0.011506023046149713,1318.0
50.0,-0.715,1.0373645716384046,0.48737031027789635,0.5949996455079035,-0.011599803992486519,1318.0
50.0,-0.7125,1.0376858190830858,0.4871801666321327,0.5947901181811777,-0.011691719479714103,1318.0
50.0,-0.71,1.0380013168635305,0.48699369864330255,0.5945833480345812,-0.011781786887419004,1318.0
50.0,-0.7075,1.038311103666091,0.4868108807220865,0.5943793277588802,-0.011870023475279198,1318.0
50.0,-0.705,1.0386152180926678,0.48663168730387396,0.5941780499386612,-0.011956446383748327,1318.0
50.0,-0.7025,1.0389136986608467,0.486456092849388,0.5939795070527853,-0.01204107263475004,1318.0
50.0,-0.7,1.0392065838040179,0.48628407184531885,0.5937836914748666,-0.012123919132366956,1318.0
50.0,-0.6975,1.0394939118714874,0.48611559880495353,0.5935905954737597,-0.012205002663530164,1318.0
50.0,-0.695,1.039775721128605,0.4859506482687914,0.593400211214048,-0.0122843398987142,1318.0
50.0,-0.6925,1.0400520497568986,0.48578919480514987,0.5932125307565352,-0.0123619473926354,1318.0
50.0,-0.69,1.0403229358541701,0.4856312130107878,0.5930275460587715,-0.012437841584940035,1318.0
50.0,-0.6875,1.040588417434645,0.48547667751149,0.5928452489755506,-0.012512038800909805,1318.0
50.0,-0.685,1.0408485324290748,0.48532556296267476,0.592665631259448,-0.012584555252154392,1318.0
50.0,-0.6825,1.041103318684868,0.4851778440499789,0.5924886845613481,-0.012655407037313349,1318.0
50.0,-0.6799999999999999,1.0413528139662125,0.4850334954898397,0.5923144004309826,-0.012724610142757374,1318.0
50.0,-0.6775,1.0415970559541976,0.484892492030074,0.5921427703174811,-0.012792180443289322,1318.0
50.0,-0.675,1.0418360822469426,0.48475480845044483,0.5919737855699208,-0.012858133702849111,1318.0
50.0,-0.6725,1.042069930359716,0.48462041956322843,0.5918074374378928,-0.012922485575216518,1318.0
50.0,-0.67,1.0422986377250714,0.48448930021376524,0.5916437170720634,-0.012985251604719509,1318.0
50.0,-0.6675,1.0425222416929654,0.48436142528101445,0.5914826155247547,-0.013046447226938821,1318.0
50.0,-0.665,1.0427407795308912,0.4842367696780937,0.5913241237505225,-0.013106087769417235,1318.0
50.0,-0.6625,1.0429542884240142,0.4841153083528108,0.5911682326067392,-0.013164188452370662,1318.0
50.0,-0.66,1.043162805475297,0.4839970162881955,0.5910149328541918,-0.013220764389396728,1318.0
50.0,-0.6575,1.0433663677056406,0.48388186850301423,0.5908642151576742,-0.013275830588188918,1318.0
50.0,-0.655,1.0435650120540125,0.4837698400522879,0.5907160700865961,-0.013329401951247204,1318.0
50.0,-0.6525,1.0437587753775925,0.48366090602779,0.5905704881155867,-0.013381493276595068,1318.0
50.0,-0.65,1.0439476944519126,0.48355504155854484,0.5904274596251081,-0.01343211925849438,1318.0
50.0,-0.6475,1.0441318059709983,0.4834522218113149,0.5902869749020747,-0.013481294488162298,1318.0
50.0,-0.645,1.0443111465475174,0.48335242199107975,0.590149024140473,-0.013529033454489999,1318.0
50.0,-0.6425,1.0444857527129259,0.48325561734150824,0.59001359744199,-0.013575350544761399,1318.0
50.0,-0.64,1.0446556609176247,0.48316178314541836,0.5898806848166406,-0.013620260045375244,1318.0
50.0,-0.6375,1.0448209075311101,0.4830708947252337,0.5897502761834035,-0.013663776142565837,1318.0
50.0,-0.635,1.0449815288421407,0.482982927443424,0.5896223613708543,-0.013705912923128356,1318.0
50.0,-0.6325,1.0451375610588889,0.4828978567029464,0.5894969301178115,-0.01374668437514112,1318.0
50.0,-0.63,1.045289040309123,0.482815657947664,0.5893739720739696,-0.01378610438869516,1318.0
50.0,-0.6275,1.045436002640366,0.48273630666276957,0.5892534768005532,-0.013824186756618779,1318.0
50.0,-0.625,1.0455784840200733,0.48265977837519125,0.5891354337709613,-0.013860945175207173,1318.0
50.0,-0.6225,1.0457165203358179,0.48258604865398874,0.589019832371415,-0.013896393244953629,1318.0
50.0,-0.62,1.0458501473954718,0.4825150931107423,0.5889066619016096,-0.013930544471280738,1318.0
50.0,-0.6174999999999999,1.0459794009273926,0.4824468873999339,0.5887959115753709,-0.013963412265272293,1318.0
50.0,-0.615,1.0461043165806296,0.4823814072193086,0.5886875705213003,-0.013995009944411082,1318.0
50.0,-0.6125,1.0462249299251118,0.48231862831024036,0.5885816277834389,-0.014025350733311319,1318.0
50.0,-0.61,1.0463412764518638,0.48225852645807415,0.5884780723219168,-0.014054447764458883,1318.0
50.0,-0.6074999999999999,1.046453391573216,0.4822010774924647,0.5883768930136098,-0.014082314078949816,1318.0
50.0,-0.605,1.0465613106230234,0.48214625728770294,0.5882780786527952,-0.01410896262723114,1318.0
50.0,-0.6025,1.0466650688568937,0.4820940417630309,0.5881816179518062,-0.014134406269843573,1318.0
50.0,-0.6,1.046764701452415,0.4820444068829485,0.588087499541689,-0.014158657778164807,1318.0
50.0,-0.5975,1.0468602435094014,0.48199732865750455,0.5879957119728538,-0.01418172983515631,1318.0
50.0,-0.595,1.0469517300501376,0.48195278314257994,0.5879062437157284,-0.014203635036110615,1318.0
50.0,-0.5925,1.0470391960196384,0.4819107464401563,0.5878190831614061,-0.014224385889401645,1318.0
50.0,-0.59,1.047122676285895,0.48187119469858275,0.5877342186222165,-0.014243994817230887,1317.0
50.0,-0.5875,1.0472022056401888,0.48183410411280764,0.5876516383327071,-0.014262474156393744,1317.0
50.0,-0.585,1.04727781879732,0.48179945092463117,0.5875713304497773,-0.014279836159017675,1317.0
50.0,-0.5825,1.0473495503959236,0.4817672114229213,0.5874932830536661,-0.014296092993328628,1317.0
50.0,-0.58,1.047417434998772,0.4817373619438214,0.5874174841484966,-0.014311256744410321,1317.0
50.0,-0.5775,1.0474815070930463,0.48170987887100125,0.5873439216628964,-0.014325339414955538,1316.0
50.0,-0.575,1.0475418010907616,0.48168473863565614,0.5872725834507205,-0.0143383529260582,1316.0
50.0,-0.5725,1.0475983513289435,0.4816619177169562,0.5872034572915347,-0.014350309117937997,1316.0
50.0,-0.5700000000000001,1.0476511920700688,0.48164139264202355,0.5871365308913344,-0.01436121975073524,1316.0
50.0,-0.5675,1.0477003575023867,0.4816231399861269,0.5870717918831426,-0.0143710965052734,1316.0
50.0,-0.565,1.0477458817402883,0.4816071363728128,0.5870092278276156,-0.014379950983833273,1316.0
50.0,-0.5625,1.0477877988246673,0.4815933584740325,0.5869488262136615,-0.014387794710924974,1316.0
50.0,-0.56,1.0478261427233189,0.4815817830102425,0.5868905744590308,-0.01439463913406863,1316.0
50.0,-0.5575,1.0478609473313263,0.4815723867505043,0.5868344599109212,-0.014400495624571614,1316.0
50.0,-0.5549999999999999,1.0478922464714802,0.4815651465125598,0.5867804698465603,-0.014405375478313267,1316.0
50.0,-0.5525,1.0479200738946914,0.48156003916290263,0.5867285914737951,-0.014409289916527884,1316.0
50.0,-0.55,1.0479444632804353,0.48155704161682644,0.5866788119316632,-0.01441225008659428,1316.0
50.0,-0.5475,1.0479654482372038,0.4815561308384621,0.586631118290958,-0.01441426706282734,1316.0
50.0,-0.5449999999999999,1.047983062302962,0.48155728384080465,0.5865854975547965,-0.014415351847269782,1316.0
50.0,-0.5425,1.0479973389456325,0.4815604776857203,0.5865419366591665,-0.014415515370490104,1316.0
50.0,-0.54,1.0480083115635892,0.4815656894839399,0.5865004224734695,-0.014414768492382721,1316.0
50.0,-0.5375,1.0480160134861631,0.48157289639504075,0.586460941801059,-0.014413122002969687,1316.0
50.0,-0.535,1.0480204779741717,0.4815820756274083,0.5864234813797614,-0.014410586623208451,1316.0
50.0,-0.5325,1.0480217382204557,0.48159320443818776,0.5863880278823946,-0.014407173005800035,1316.0
50.0,-0.53,1.048019827350438,0.48160626013321794,0.5863545679172726,-0.014402891736002324,1316.0
50.0,-0.5275,1.0480147784226914,0.48162122006695157,0.5863230880287041,-0.014397753332445399,1316.0
50.0,-0.525,1.048006624429537,0.48163806164235734,0.5862935746974733,-0.014391768247952283,1316.0
50.0,-0.5225,1.047995398297645,0.4816567623108093,0.5862660143413156,-0.014384946870361494,1316.0
50.0,-0.52,1.0479811328886621,0.48167729957196065,0.5862403933153822,-0.014377299523353426,1316.0
50.0,-0.5175,1.0479638609998514,0.48169965097360073,0.5862166979126893,-0.01436883646728112,1316.0
50.0,-0.515,1.0479436153647586,0.48172379411149563,0.5861949143645552,-0.014359567900004937,1316.0
50.0,-0.5125,1.047920428653881,0.48174970662921834,0.5861750288410351,-0.014349503957728488,1316.0
50.0,-0.51,1.0478943334753743,0.4817773662179556,0.5861570274513275,-0.01433865471584236,1316.0
50.0,-0.5075000000000001,1.0478653623757617,0.481806750616306,0.5861408962441804,-0.014327030189768152,1316.0
50.0,-0.505,1.0478335478406724,0.4818378376100581,0.5861266212082797,-0.014314640335808641,1316.0
50.0,-0.5025,1.047798922295594,0.4818706050319558,0.586114188272623,-0.014301495052000505,1316.0
50.0,-0.5,1.0477615181066444,0.48190503076144653,0.5861035833068838,-0.014287604178971774,1316.0
50.0,-0.4975,1.0477213675813666,0.48194109272441554,0.5860947921217573,-0.01427297750080272,1316.0
50.0,-0.495,1.04767850296954,0.4819787688929022,0.5860878004692951,-0.014257624745891836,1316.0
50.0,-0.4925,1.0476329564640083,0.4820180372848065,0.5860825940432259,-0.014241555587823442,1316.0
50.0,-0.49,1.0475847602015347,0.4820588759635748,0.5860791584792595,-0.014224779646241989,1316.0
50.0,-0.4875,1.047533946263667,0.48210126303787504,0.5860774793553792,-0.014207306487728019,1316.0
50.0,-0.485,1.0474805466776311,0.48214517666125606,0.586077542192115,-0.014189145626679658,1316.0
50.0,-0.4825,1.0474245934172353,0.48219059503179235,0.586079332452809,-0.014170306526196783,1316.0
50.0,-0.48,1.0473661184038001,0.48223749639171615,0.5860828355438567,-0.014150798598969823,1316.0
50.0,-0.4775,1.0473051535071027,0.48228585902703636,0.5860880368149425,-0.014130631208171273,1316.0
50.0,-0.475,1.0472417305463397,0.4823356612671431,0.5860949215592545,-0.014109813668351713,1316.0
50.0,-0.4725,1.0471758812911116,0.4823868814844006,0.5861034750136859,-0.014088355246339111,1316.0
50.0,-0.47,1.047107637462419,0.4824394980937296,0.5861136823590216,-0.014066265162140672,1316.0
50.0,-0.46749999999999997,1.04703703073368,0.4824934895521758,0.5861255287201116,-0.014043552589848952,1316.0
50.0,-0.46499999999999997,1.0469640927317607,0.48254883435847046,0.5861389991660272,-0.014020226658549961,1316.0
50.0,-0.46249999999999997,1.0468888550380258,0.4826055110525777,0.5861540787102032,-0.013996296453235416,1316.0
50.0,-0.46,1.0468113491893951,0.48266349821523735,0.5861707523105704,-0.013971771015715496,1316.0
50.0,-0.4575,1.0467316066794246,0.48272277446749534,0.5861890048696657,-0.013946659345535854,1316.0
50.0,-0.455,1.0466496589593908,0.48278331847022854,0.5862088212347387,-0.013920970400895655,1316.0
50.0,-0.4525,1.046565537439411,0.4828451089236206,0.5862301861978676,-0.013894713099572513,1317.0
50.0,-0.45,1.0464792734894697,0.4829081245668499,0.5862530844959232,-0.013867896319821731,1317.0
50.0,-0.4475,1.0463908984406636,0.4829723441773358,0.5862775008108002,-0.013840528901332083,1317.0
50.0,-0.445,1.0463004435862402,0.4830377465704218,0.5863034197693627,-0.01381261964612552,1317.0
50.0,-0.4425,1.0462079401827487,0.48310431059883746,0.5863308259435143,-0.013784177319485304,1317.0
50.0,-0.44,1.0461134194511765,0.48317201515220337,0.5863597038502303,-0.013755210650878629,1317.0
50.0,-0.4375,1.0460169125780803,0.48324083915654115,0.5863900379515866,-0.013725728334876751,1317.0
50.0,-0.435,1.0459184507167232,0.48331076157378366,0.5864218126547759,-0.013695739032074944,1317.0
50.0,-0.4325,1.0458180649882038,0.4833817614012925,0.5864550123121204,-0.013665251370009339,1317.0
50.0,-0.43,1.0457157864825808,0.4834538176713846,0.586489621221079,-0.013634273944070354,1317.0
50.0,-0.4275,1.0456116462599916,0.483526909450864,0.5865256236242492,-0.013602815318413843,1317.0
50.0,-0.425,1.0455056753517546,0.483601015840571,0.5865630037093711,-0.013570884026865678,1317.0
50.0,-0.4225,1.0453979047614606,0.4836761159749409,0.5866017456093264,-0.013538488573822465,1317.0
50.0,-0.42,1.0452883654660445,0.48375218902158307,0.5866418334021399,-0.013505637435144963,1317.0
50.0,-0.4175,1.0451770884168372,0.48382921418087643,0.5866832511109868,-0.013472339059044788,1317.0
50.0,-0.415,1.0450641045405857,0.48390717068559164,0.5867259827042027,-0.013438601866961273,1317.0
50.0,-0.4125,1.0449494447404561,0.4839860378005309,0.5867700120953003,-0.013404434254431802,1317.0
50.0,-0.41,1.0448331398969861,0.4840657948222077,0.5868153231430004,-0.013369844591946648,1317.0
50.0,-0.4075,1.0447152208690154,0.48414642107854505,0.5868618996512686,-0.013334841225797315,1317.0
50.0,-0.40499999999999997,1.0445957184945605,0.484227895928621,0.5869097253693727,-0.013299432478906716,1317.0
50.0,-0.40249999999999997,1.0444746635916493,0.4843101987624433,0.5869587839919556,-0.013263626651648253,1317.0
50.0,-0.39999999999999997,1.044352086959094,0.484393309000776,0.5870090591591294,-0.013227432022645407,1317.0
50.0,-0.3975,1.0442280193772249,0.48447720609499956,0.5870605344566783,-0.013190856849559939,1318.0
50.0,-0.395,1.0441024916085062,0.4845618695270441,0.5871131934158602,-0.013153909369844823,1318.0
50.0,-0.3925,1.0439755343982406,0.48464727880926406,0.5871670195140145,-0.013116597801522165,1319.0
50.0,-0.39,1.0438471784747567,0.4847334134848123,0.5872219961747699,-0.013078930343816804,1319.0
50.0,-0.3875,1.0437174545502663,0.4848202531272402,0.5872781067678677,-0.013040915177970111,1319.0
50.0,-0.385,1.0435863933209186,0.4849077773409918,0.5873353346098079,-0.013002560467834691,1318.0
50.0,-0.3825,1.0434540254670683,0.4849959657615746,0.587393662964047,-0.012963874360525145,1318.0
50.0,-0.38,1.0433203816534549,0.4850847980558604,0.5874530750414757,-0.012924864987041975,1318.0
50.0,-0.3775,1.043185492529187,0.4851742539225004,0.5875135540008039,-0.012885540462841166,1318.0
50.0,-0.375,1.0430493887276417,0.48526431309241735,0.5875750829490828,-0.012845908888378641,1318.0
50.0,-0.3725,1.0429121008662336,0.4853549553293931,0.5876376449422777,-0.01280597834961666,1318.0
50.0,-0.37,1.042773659546042,0.48544616043076005,0.5877012229859102,-0.012765756918489808,1318.0
50.0,-0.3675,1.042634095351301,0.4855379082281933,0.5877658000357763,-0.012725252653331647,1318.0
50.0,-0.365,1.0424934388487281,0.4856301785886235,0.587831358998746,-0.012684473599254165,1318.0
50.0,-0.3625,1.0423517205866988,0.4857229514152597,0.5878978827336505,-0.012643427788483964,1318.0
50.0,-0.36,1.0422089710942468,0.48581620664874126,0.5879653540522606,-0.012602123240647883,1318.0
50.0,-0.3575,1.0420652208798904,0.485909924268417,0.5880337557203612,-0.012560567963008825,1318.0
50.0,-0.355,1.0419205004302639,0.48600408429376446,0.5881030704589353,-0.012518769950645776,1318.0
50.0,-0.3525,1.0417748402085676,0.48609866678594255,0.5881732809454491,-0.01247673718658195,1318.0
50.0,-0.35,1.041628270652798,0.4861936518495035,0.58824436981526,-0.012434477641849477,1318.0
50.0,-0.3475,1.0414808221737792,0.4862890196342481,0.5883163196631412,-0.012391999275497837,1318.0
50.0,-0.345,1.0413325251529704,0.48638475033724443,0.5883891130449329,-0.012349310034537434,1318.0
50.0,-0.34249999999999997,1.041183409940039,0.486480824205015,0.5884627324793306,-0.01230641785381666,1318.0
50.0,-0.33999999999999997,1.0410335068502141,0.48657722153588484,0.5885371604498039,-0.012263330655835378,1318.0
50.0,-0.33749999999999997,1.0408828461613855,0.48667392268251275,0.5886123794066639,-0.012220056350485937,1318.0
50.0,-0.33499999999999996,1.0407314581109568,0.486770908054601,0.5886883717692808,-0.012176602834723384,1318.0
50.0,-0.3325,1.0405793728924488,0.4868681581217883,0.5887651199284493,-0.01213297799216388,1318.0
50.0,-0.33,1.0404266206518435,0.4869656534167298,0.5888426062489162,-0.012089189692609009,1318.0
50.0,-0.3275,1.0402732314836556,0.4870633745383769,0.5889208130720709,-0.012045245791491657,1318.0
50.0,-0.325,1.0401192354267523,0.4871613021554429,0.5889997227188003,-0.012001154129249044,1318.0
50.0,-0.3225,1.0399646624598853,0.4872594170100791,0.5890793174925169,-0.011956922530613541,1318.0
50.0,-0.32,1.039809542496967,0.48735769992174083,0.589159579682356,-0.011912558803829626,1318.0
50.0,-0.3175,1.0396539053820637,0.4874561317912666,0.5892404915665528,-0.011868070739788614,1318.0
50.0,-0.315,1.0394977808841208,0.4875546936051547,0.5893220354159949,-0.011823466111087207,1318.0
50.0,-0.3125,1.0393411986914267,0.4876533664400426,0.5894041934979509,-0.011778752671009383,1318.0
50.0,-0.31,1.0391841884057993,0.48775213146739765,0.5894869480799794,-0.011733938152428592,1318.0
50.0,-0.3075,1.0390267795365218,0.4878509699584026,0.5895702814340171,-0.011689030266637182,1318.0
50.0,-0.305,1.038869001494026,0.4879498632890435,0.5896541758406384,-0.011644036702102532,1318.0
50.0,-0.3025,1.038710883583332,0.488048792945394,0.5897386135934904,-0.011598965123152326,1318.0
50.0,-0.3,1.03855245499726,0.48814774052908955,0.5898235770038951,-0.011553823168593715,1318.0
50.0,-0.2975,1.038393744809422,0.4882466877629919,0.5899090484056163,-0.011508618450267875,1318.0
50.0,-0.295,1.0382347819670292,0.4883456164970226,0.589995010159775,-0.011463358551550859,1318.0
50.0,-0.2925,1.0380755952834972,0.48844450871418177,0.5900814446599241,-0.011418051025795361,1318.0
50.0,-0.29,1.0379162134309208,0.48854334653671216,0.590168334337246,-0.01137270339473375,1318.0
50.0,-0.2875,1.0377566649324006,0.48864211223242493,0.5902556616658834,-0.011327323146837784,1318.0
50.0,-0.285,1.0375969781542882,0.4887407882211497,0.5903434091683728,-0.011281917735653473,1318.0
50.0,-0.2825,1.037437181298351,0.4888393570813174,0.590431559421175,-0.011236494578112394,1318.0
50.0,-0.27999999999999997,1.037277302393917,0.4889378015566422,0.5905200950602761,-0.011191061052836623,1318.0
50.0,-0.27749999999999997,1.0371173692900442,0.48903610456288615,0.5906089987868383,-0.011145624498449384,1318.0
50.0,-0.27499999999999997,1.036957409647748,0.48913424919469256,0.5906982533728737,-0.011100192211903372,1318.0
50.0,-0.27249999999999996,1.0367974509323463,0.4892322187324636,0.5907878416669217,-0.011054771446841707,1318.0
50.0,-0.27,1.03663752040599,0.48932999664924876,0.5908777465996827,-0.011009369412013928,1318.0
50.0,-0.2675,1.0364776451204472,0.4894275666176185,0.5909679511895815,-0.010963993269764905,1318.0
50.0,-0.265,1.0363178519101957,0.4895249125165002,0.5910584385482189,-0.01091865013461557,1318.0
50.0,-0.2625,1.0361581673859315,0.4896220184379308,0.591149191885665,-0.010873347071964445,1318.0
50.0,-0.26,1.0359986179285756,0.4897188686936903,0.5912401945155356,-0.010828091096937324,1318.0
50.0,-0.2575,1.035839229683882,0.4898154478217755,0.5913314298598078,-0.010782889173414044,1318.0
50.0,-0.255,1.0356800285577614,0.4899117405926672,0.591422881453297,-0.01073774821326795,1318.0
50.0,-0.2525,1.035521040212458,0.49000773201533343,0.5915145329477292,-0.010692675075858405,1318.0
50.0,-0.25,1.0353622900637114,0.49010340734291935,0.5916063681153256,-0.010647676567816632,1318.0
50.0,-0.24749999999999994,1.0352038032790714,0.49019875207805297,0.5916983708518091,-0.010602759443176086,1318.0
50.0,-0.245,1.0350456047775556,0.4902937519776909,0.5917905251787233,-0.01055793040390395,1318.0
50.0,-0.24249999999999994,1.0348877192308281,0.4903883930574434,0.5918828152449586,-0.010513196100888468,1318.0
50.0,-0.24,1.034730171066168,0.4904826615952588,0.5919752253273357,-0.010468563135463913,1318.0
50.0,-0.23750000000000004,1.0345729844714533,0.4905765441343932,0.5920677398301164,-0.010424038061541255,1318.0
50.0,-0.235,1.0344161834024752,0.49067002748553723,0.5921603432832545,-0.010379627388441994,1318.0
50.0,-0.23250000000000004,1.0342597915929224,0.49076309872797025,0.5922530203392004,-0.010335337584536622,1318.0
50.0,-0.22999999999999998,1.0341038325674152,0.49085574520959635,0.5923457557680313,-0.010291175081806325,1318.0
50.0,-0.22750000000000004,1.0339483296580265,0.4909479545456992,0.5924385344506613,-0.010247146281459792,1318.0
50.0,-0.22499999999999998,1.0337933060248286,0.4910397146162001,0.5925313413698147,-0.010203257560771043,1318.0
50.0,-0.22250000000000003,1.033638784681011,0.4911310135612245,0.5926241615984511,-0.010159515281305357,1318.0
50.0,-0.21999999999999997,1.0334847885232994,0.491221839774686,0.592716980285218,-0.01011592579875651,1318.0
50.0,-0.21750000000000003,1.0333313403684399,0.49131218189560494,0.5928097826364912,-0.010072495474629753,1318.0
50.0,-0.21499999999999997,1.0331784629966843,0.4914020287967989,0.5929025538944569,-0.010029230690058953,1318.0
50.0,-0.21250000000000002,1.033026179203382,0.4914913695705225,0.5929952793106031,-0.009986137862094176,1318.0
50.0,-0.20999999999999996,1.0328745118599316,0.49158019351057725,0.5930879441138889,-0.009943223462846953,1318.0
50.0,-0.20750000000000002,1.0327234839856343,0.49166849009029234,0.593180533472707,-0.009900494041964141,1318.0
50.0,-0.20499999999999996,1.0325731188322147,0.49175624893570014,0.59327303244961,-0.009857956252973471,1318.0
50.0,-0.2025,1.0324234399831682,0.4918434597930611,0.593365425947563,-0.009815616884161117,1318.0
50.0,-0.19999999999999996,1.03227447147046,0.49193011248976093,0.5934576986462543,-0.009773482894757197,1318.0
50.0,-0.1975,1.0321262379116412,0.49201619688737935,0.5935498349266978,-0.0097315614573674,1318.0
50.0,-0.19499999999999995,1.0319787646710676,0.492101702825477,0.593641818781999,-0.009689860007780838,1318.0
50.0,-0.1925,1.0318320780496577,0.492186620054358,0.5937336337117187,-0.009648386303512797,1318.0
50.0,-0.18999999999999995,1.0316862055085951,0.4922709381546621,0.593825262596719,-0.009607148492737751,1318.0
50.0,-0.1875,1.0315411759335764,0.4923546464411598,0.5939166875506735,-0.009566155195633443,1318.0
50.0,-0.18499999999999994,1.0313970199476625,0.49243773384752965,0.5940078897436007,-0.009525415600602327,1318.0
50.0,-0.1825,1.0312537702827136,0.49252018878810777,0.5940988491916526,-0.009484939578423435,1318.0
50.0,-0.17999999999999994,1.0311114622217101,0.49260199899164914,0.594189544506067,-0.009444737818097008,1318.0
50.0,-0.1775,1.0309701341273112,0.4926831513008799,0.5942799525924262,-0.009404821989075622,1318.0
50.0,-0.17499999999999993,1.0308298280758634,0.49276363143001806,0.594370048289143,-0.00936520493575355,1318.0
50.0,-0.1725,1.0306905906210628,0.4928434236703697,0.5944598039312198,-0.009325900911608374,1318.0
50.0,-0.17000000000000004,1.030552473717971,0.49292251053138614,0.5945491888216745,-0.009286925862371353,1319.0
50.0,-0.16749999999999998,1.0304155358465188,0.49300087230103706,0.594638168587541,-0.009248297770172552,1319.0
50.0,-0.16500000000000004,1.0302798433849771,0.4930784865045722,0.5947267043927122,-0.009210037074067689,1319.0
50.0,-0.16249999999999998,1.0301454722985388,0.49315532723453814,0.5948147519683047,-0.009172167186816611,1319.0
50.0,-0.16000000000000003,1.0300125102284032,0.4932313643163133,0.5949022604127295,-0.009134715133953291,1319.0
50.0,-0.15749999999999997,1.0298810590937593,0.4933065622618876,0.5949891706962304,-0.009097712349405575,1319.0
50.0,-0.15500000000000003,1.0297512383561807,0.4933808789487058,0.5950754137839527,-0.00906119567321688,1319.0
50.0,-0.15249999999999997,1.0296231891475132,0.4934542639381289,0.5951609082618827,-0.009025208612605522,1319.0
50.0,-0.15000000000000002,1.0294970795343144,0.4935266563169023,0.5952455573086619,-0.00898980294947532,1319.0
50.0,-0.14749999999999996,1.029373111294248,0.49359798190039916,0.5953292447975257,-0.008955040808589415,1319.0
50.0,-0.14500000000000002,1.0292515287270214,0.4936681495719179,0.5954118302281768,-0.008920997345306382,1319.0
50.0,-0.14249999999999996,1.0291326302372343,0.49373704643763067,0.5954931420652241,-0.008887764276963044,1319.0
50.0,-0.14,1.0290167837452553,0.49380453133538244,0.595572968877136,-0.008855454578653025,1319.0
50.0,-0.13749999999999996,1.0289044474630833,0.49387042602084474,0.5956510473942362,-0.008824208809880886,1319.0
50.0,-0.135,1.0287961983116252,0.4939345030220298,0.5957270461809675,-0.008794203762513095,1319.0
50.0,-0.13249999999999995,1.028692771416089,0.49399646862759555,0.5958005429539384,-0.008765664471541878,1319.0
50.0,-0.13,1.028595115977956,0.49405593862429503,0.5958709925130703,-0.008738881193032955,1319.0
50.0,-0.12749999999999995,1.0285044758821156,0.49411240298980125,0.5959376805053685,-0.008714233877863149,1319.0
50.0,-0.125,1.0284225085633065,0.49416517334638915,0.5959996552931381,-0.008692228228252791,1320.0
50.0,-0.12249999999999994,1.0283514646297287,0.4942133027687186,0.596055625082215,-0.008673550127978559,1320.0
50.0,-0.12,1.0282944668288307,0.49425545990275593,0.5961037983047512,-0.008659150077368888,1320.0
50.0,-0.11749999999999994,1.0282559567630742,0.49428972502397883,0.5961416282851004,-0.008650378221843929,1320.0
50.0,-0.11499999999999999,1.0282424350381414,0.4943132477533362,0.5961653906805746,-0.008649207730455305,1320.0
50.0,-0.11249999999999993,1.028263734438295,0.49432164972800696,0.5961694575705239,-0.008658618336492849,1320.0
50.0,-0.10999999999999999,1.0283352992044639,0.49430793753968194,0.5961449998565908,-0.00868328141082981,1320.0
50.0,-0.10750000000000004,1.0284824282827756,0.4942604396994998,0.5960775757155852,-0.008730831620390686,1320.0
50.0,-0.10499999999999998,1.0287484076794238,0.49415875850680463,0.5959425179542114,-0.0088142942562216,1319.0
50.0,-0.10250000000000004,1.0292099788544409,0.4939658242018125,0.5956961808443552,-0.008956672774441315,1319.0
50.0,-0.09999999999999998,1.0300031943213868,0.4936139120195092,0.5952613502525451,-0.009198516723192995,1319.0
50.0,-0.09750000000000003,1.031344878118108,0.49299077161108745,0.5945151842421986,-0.009603807587088474,1318.0
50.0,-0.09499999999999997,1.0334721518365502,0.4919655667092197,0.5933231869184716,-0.010240824404337994,1318.0
50.0,-0.09250000000000003,1.0364442220436445,0.49049226368885523,0.591650080523904,-0.011122563955911866,1318.0
50.0,-0.08999999999999997,1.040066764981595,0.48866202512093393,0.5896019067600747,-0.012186220450952261,1317.0
50.0,-0.08750000000000002,1.0440823440505516,0.4866105932246985,0.5873203566633661,-0.013352088842331942,1316.0
50.0,-0.08499999999999996,1.0483129034670944,0.4844378001065315,0.5849042014448258,-0.014565921101830685,1315.0
50.0,-0.08250000000000002,1.0526662071827713,0.48219847515414604,0.5824058421175191,-0.015799902412593027,1315.0
50.0,-0.07999999999999996,1.0571061507713375,0.4799161514507806,0.5798474382846515,-0.017043126651418515,1314.0
50.0,-0.07750000000000001,1.0616297389459566,0.47759509056015054,0.57723323446309,-0.018294361635378217,1314.0
50.0,-0.07499999999999996,1.0662533503500369,0.47522789191836506,0.5745568075978144,-0.019557751081856856,1313.0
50.0,-0.07250000000000001,1.071004615066053,0.47280017532574453,0.5718053043071667,-0.020840278900742717,1312.0
50.0,-0.06999999999999995,1.075917255517735,0.4702936306044923,0.5689621192380959,-0.022150169709824617,1312.0
50.0,-0.0675,1.0810274469252066,0.46768819162529857,0.5660087904671169,-0.02349577997104881,1311.0
50.0,-0.06499999999999995,1.086370950864113,0.4649637462329018,0.5629265071523478,-0.0248847529546784,1312.0
50.0,-0.0625,1.0919806631204172,0.4621015896696484,0.5596974188465392,-0.026323332007609335,1311.0
50.0,-0.05999999999999994,1.0978844578580107,0.45908569657697074,0.5563058111378915,-0.02781580015909877,1310.0
50.0,-0.057499999999999996,1.1041033754860778,0.4559037923059077,0.5527391269022461,-0.029364061243488317,1308.0
50.0,-0.05499999999999994,1.1106503056986348,0.4525481424535183,0.5489887567543377,-0.03096740295608193,1308.0
50.0,-0.05249999999999999,1.1175293476598511,0.4490159584046298,0.5450505018551847,-0.032622483363740684,1306.0
50.0,-0.05,1.12473597470687,0.44530934391456123,0.5409246339465059,-0.03432355876634528,1306.0
60.0,-0.75,1.0322415262181859,0.49043264856673036,0.598226368752414,-0.010108983769707479,1519.0
60.0,-0.7475,1.0326473786109427,0.4901883465664256,0.5979775339242378,-0.010228653028463233,1518.0
60.0,-0.745,1.0330469307931318,0.48994808070080054,0.5977315472191067,-0.010346219670983588,1518.0
60.0,-0.7425,1.0334402226466204,0.48971182510395017,0.5974884028577166,-0.010461702697667278,1518.0
60.0,-0.74,1.03382729396701,0.4894795539253296,0.5972480949491029,-0.010575120980181917,1518.0
60.0,-0.7375,1.0342081844637772,0.4892512413304382,0.5970106174909843,-0.010686493262133669,1518.0
60.0,-0.735,1.0345829337604207,0.489026861501502,0.596775964370088,-0.010795838159741947,1518.0
60.0,-0.7325,1.0349515813946002,0.4888063886381576,0.5965441293624889,-0.010903174162513346,1518.0
60.0,-0.73,1.035314166818243,0.4885897969581514,0.5963151061339801,-0.01100851963390779,1518.0
60.0,-0.7275,1.0356707293977074,0.4883770606980077,0.5960888882403913,-0.011111892812024357,1519.0
60.0,-0.725,1.0360213084138696,0.4881681541136942,0.5958654691280041,-0.011213311810262597,1518.0
60.0,-0.7225,1.0363659430623202,0.48796305148131264,0.5956448421341031,-0.011312794618025592,1518.0
60.0,-0.72,1.0367046724534223,0.48776172709776255,0.5954270004869767,-0.011410359101375112,1518.0
60.0,-0.7175,1.0370375356124788,0.4875641552813961,0.5952119373066337,-0.011506023003726665,1518.0
60.0,-0.715,1.037364571479846,0.4873703103726834,0.5949996456051382,-0.011599803946527844,1518.0
60.0,-0.7125,1.0376858189110572,0.48718016673486714,0.5947901182870369,-0.011691719429942323,1518.0
60.0,-0.71,1.0380013166769584,0.48699369875460613,0.5945833481497884,-0.011781786833538229,1518.0
60.0,-0.7075,1.0383111034638144,0.48681088084263063,0.5943793278842208,-0.011870023416970002,1518.0
60.0,-0.705,1.0386152178734436,0.48663168743437585,0.5941780500749798,-0.011956446320669603,1518.0
60.0,-0.7025,1.0389136984233363,0.48645609299061887,0.593979507200996,-0.012041072566535057,1518.0
60.0,-0.7,1.0392065835467827,0.4862840719981057,0.5937836916359558,-0.012123919058622513,1518.0
60.0,-0.6975,1.039493911592982,0.486115598970183,0.5935905956487919,-0.012205002583834744,1518.0
60.0,-0.695,1.0397757208271727,0.48595064844741204,0.5934002114041701,-0.012284339812616948,1518.0
60.0,-0.6925,1.0400520494307615,0.4857891949981775,0.5932125309629838,-0.012361947299653455,1518.0
60.0,-0.69,1.04032293550142,0.48563121321931,0.5930275462828797,-0.012437841484556428,1518.0
60.0,-0.6875,1.0405884170532338,0.48547667773667197,0.5928452492187566,-0.012512038692570672,1518.0
60.0,-0.685,1.0408485320168106,0.48532556320576026,0.5926656315232985,-0.012584555135268473,1518.0
60.0,-0.6825,1.0411033182393985,0.48517784431229954,0.5924886848475108,-0.012655406911247552,1518.0
60.0,-0.6799999999999999,1.0413528134850216,0.48503349577281646,0.5923144007412513,-0.012724610006835953,1518.0
60.0,-0.6775,1.0415970554345877,0.4848924923352267,0.5921427706537883,-0.0127921802967894,1518.0
60.0,-0.675,1.0418360816860268,0.4847548087793953,0.5919737859343451,-0.012858133544999067,1518.0
60.0,-0.6725,1.0420699297544065,0.4846204199177072,0.59180743783267,-0.012922485405192736,1518.0
60.0,-0.67,1.0422986370720617,0.48448930059562006,0.5916437174995997,-0.012985251421642273,1518.0
60.0,-0.6675,1.0425222409887243,0.48436142569221313,0.5914826159876343,-0.013046447029870773,1518.0
60.0,-0.665,1.0427407787716414,0.484236770120735,0.5913241242515249,-0.013106087557358231,1518.0
60.0,-0.6625,1.0429542876057243,0.4841153088291281,0.5911682331488485,-0.01316418822425576,1518.0
60.0,-0.66,1.0431628045936578,0.4839970168005684,0.591014933440615,-0.013220764144090551,1518.0
60.0,-0.6575,1.0433663667560518,0.4838818690539753,0.5908642157918553,-0.013275830324482256,1518.0
60.0,-0.655,1.0435650110315644,0.48376984064453055,0.5907160707722326,-0.013329401667853052,1518.0
60.0,-0.6525,1.0437587742770533,0.48366090666417505,0.5905704888566436,-0.013381492972145324,1518.0
60.0,-0.65,1.0439476932677008,0.48355504224211304,0.5904274604258409,-0.013432118931533501,1518.0
60.0,-0.6475,1.044131804697165,0.48345222254529563,0.5902869757670478,-0.013481294137143026,1518.0
60.0,-0.645,1.0443111451777314,0.4833524227788963,0.5901490250745762,-0.013529033077770255,1518.0
60.0,-0.6425,1.0444857512404397,0.483255618186795,0.5900135984504686,-0.013575350140595853,1518.0
60.0,-0.64,1.0446556593352598,0.483161784052026,0.5898806859051128,-0.013620259611912435,1518.0
60.0,-0.6375,1.0448209058312345,0.4830708956972385,0.5897502773578845,-0.013663775677843007,1518.0
60.0,-0.635,1.0449815270166354,0.48298292848514324,0.5896223626377873,-0.01370591242506381,1518.0
60.0,-0.6325,1.0451375590991334,0.48289785781894273,0.5894969314840888,-0.013746683841531208,1518.0
60.0,-0.63,1.0452890382059556,0.4828156591427635,0.5893739735469701,-0.013786103817205157,1518.0
60.0,-0.6275,1.0454360003840668,0.48273630794206607,0.589253478388165,-0.013824186144779808,1518.0
60.0,-0.625,1.045578481600328,0.48265977974406277,0.5891354354816211,-0.013860944520407597,1518.0
60.0,-0.6225,1.045716517741693,0.48258605011810407,0.5890198342141377,-0.013896392544434734,1518.0
60.0,-0.62,1.0458501446153792,0.48251509467607623,0.5889066638860291,-0.013930543722128454,1518.0
60.0,-0.6174999999999999,1.0459793979490628,0.4824468890727739,0.5887959137117743,-0.013963411464412498,1518.0
60.0,-0.615,1.0461043133910783,0.4823814090062672,0.5886875728206703,-0.01399500908860233,1518.0
60.0,-0.6125,1.0462249265106065,0.4823186302182648,0.5885816302574958,-0.01402534981913859,1518.0
60.0,-0.61,1.0463412727978927,0.48225852849445516,0.5884780749831618,-0.014054446788327577,1518.0
60.0,-0.6074999999999999,1.0464533876644475,0.4822010796648489,0.5883768958753771,-0.014082313037077744,1518.0
60.0,-0.605,1.0465613064432815,0.482146259604096,0.5882780817292941,-0.014108961515644756,1518.0
60.0,-0.6025,1.046665064389113,0.4820940442318106,0.5881816212581807,-0.014134405084369273,1518.0
60.0,-0.6,1.0467646966786184,0.4820444095128643,0.5880875030940635,-0.014158656514426276,1518.0
60.0,-0.5975,1.0468602384106604,0.48199733145768503,0.5879957157883936,-0.014181728488567844,1518.0
60.0,-0.595,1.046951724606535,0.48195278612253817,0.5879062478127016,-0.014203633601871109,1518.0
60.0,-0.5925,1.0470391902102438,0.4819107496097868,0.5878190875592401,-0.014224384362492265,1518.0
60.0,-0.59,1.0471226700887264,0.48187119806816353,0.5877342233415662,-0.014243993192409807,1517.0
60.0,-0.5875,1.0472021990321887,0.48183410769299373,0.5876516433955198,-0.014262472428194553,1517.0
60.0,-0.585,1.0472778117543224,0.4817994547264499,0.5875713358793633,-0.014279834321746468,1517.0
60.0,-0.5825,1.0473495428926327,0.48176721545776063,0.5874932888747698,-0.014296091041063842,1517.0
60.0,-0.58,1.0474174270087329,0.48173736622341917,0.5874174903873753,-0.01431125467100161,1517.0
60.0,-0.5775,1.0474814985886327,0.481709883407423,0.587343928347393,-0.01432533721402736,1516.0
60.0,-0.575,1.0475417920431567,0.48168474344127415,0.5872725906103466,-0.01433835059101215,1516.0
60.0,-0.5725,1.0475983417081298,0.4816619228044207,0.5872034649575529,-0.014350306641958178,1516.0
60.0,-0.5700000000000001,1.0476511818448242,0.48164139802422745,0.5871365390968436,-0.01436121712679579,1516.0
60.0,-0.5675,1.0477003466402868,0.4816231456761637,0.5870718006631632,-0.014371093726148478,1516.0
60.0,-0.565,1.0477458702077107,0.4816071423839289,0.5870092372191846,-0.014379948042108551,1516.0
60.0,-0.5625,1.0477877865868177,0.4815933648195653,0.5869488362559165,-0.014387791599014913,1516.0
60.0,-0.56,1.0478261297442515,0.4815817897035556,0.5868905851933087,-0.014394635844234022,1516.0
60.0,-0.5575,1.0478609335739875,0.4815723938049061,0.5868344713808498,-0.0144004921489436,1516.0
60.0,-0.5549999999999999,1.047892231897755,0.48156515394121563,0.5867804820981559,-0.01440537180891924,1516.0
60.0,-0.5525,1.0479200584654755,0.481560046978727,0.5867286045555564,-0.014409286045325077,1516.0
60.0,-0.55,1.047944446955714,0.4815570498323659,0.5866788258946677,-0.014412246005506597,1516.0
60.0,-0.5475,1.0479654309761495,0.4815561394657608,0.5866311331889618,-0.014414262763788063,1516.0
60.0,-0.5449999999999999,1.0479830440640578,0.4815572928912501,0.5865855134443254,-0.014415347322272403,1516.0
60.0,-0.5425,1.0479973196868153,0.48156048716986943,0.5865419535996101,-0.014415510611645898,1516.0
60.0,-0.54,1.0480082912424178,0.4815656994113249,0.5865004405271732,-0.014414763491986069,1516.0
60.0,-0.5375,1.048015992060012,0.4815729067739503,0.5864609610334132,-0.014413116753572435,1516.0
60.0,-0.535,1.0480204554004613,0.48158208646464146,0.5864235018592828,-0.014410581117704671,1516.0
60.0,-0.5325,1.0480217144569153,0.48159321573877883,0.5863880496808049,-0.01440716723752188,1516.0
60.0,-0.53,1.0480198023554006,0.4816062719001318,0.5863545911095744,-0.01440288569882643,1516.0
60.0,-0.5275,1.0480147521554444,0.4816212323007399,0.5863231126932394,-0.014397747020915059,1516.0
60.0,-0.525,1.048006596850707,0.4816380743407797,0.5862936009159813,-0.014391761657412296,1516.0
60.0,-0.5225,1.0479953693696418,0.48165677546841207,0.5862660421989749,-0.014384939997109407,1516.0
60.0,-0.52,1.0479811025761732,0.4816773131796094,0.5862404229008434,-0.014377292364808565,1516.0
60.0,-0.5175,1.0479638292704083,0.4816996650179621,0.5862167293180865,-0.014368829022173223,1516.0
60.0,-0.515,1.0479435821893608,0.4817238085744669,0.5861949476855087,-0.014359560168582516,1516.0
60.0,-0.5125,1.0479203940077042,0.48174972148729506,0.5861750641766262,-0.014349495941991766,1516.0
60.0,-0.51,1.0478942973385585,0.4817773814415355,0.5861570649040521,-0.014338646419800675,1516.0
60.0,-0.5075000000000001,1.0478653247342855,0.4818067661689238,0.5861409359198845,-0.014327021619723771,1516.0
60.0,-0.505,1.0478335086873347,0.48183785344754093,0.586126663216052,-0.014314631500672447,1516.0
60.0,-0.5025,1.0477988816310948,0.48187062110149775,0.5861142327246682,-0.014301485963638456,1516.0
60.0,-0.5,1.0477614759407907,0.4819050470005919,0.5861036303183492,-0.014287594852587683,1516.0
60.0,-0.4975,1.0477213239344045,0.4819411090599422,0.5860948418105225,-0.014272967955360078,1516.0
60.0,-0.495,1.0476784578736242,0.48197878523960286,0.5860878529557157,-0.014257615004575671,1516.0
60.0,-0.4925,1.0476329099648312,0.4820180535441497,0.5860826494498215,-0.01424154567855004,1516.0
60.0,-0.49,1.0475847123601152,0.4820588920222436,0.5860792169303491,-0.014224769602216568,1516.0
60.0,-0.4875,1.0475338971583232,0.4821012787661704,0.586077540976651,-0.014207296348056314,1516.0
60.0,-0.485,1.0474804964061502,0.4821451919113522,0.5860776071101245,-0.0141891354370381,1516.0
60.0,-0.4825,1.0474245420992552,0.482190609635836,0.5860794007943984,-0.01417029633956509,1516.0
60.0,-0.48,1.0473660661834212,0.48223751015975436,0.5860829074354936,-0.014150788476431525,1516.0
60.0,-0.4775,1.0473051005557505,0.4822858717447594,0.5860881123819587,-0.01413062121978843,1516.0
60.0,-0.475,1.0472416770659019,0.4823356726934283,0.5860950009249812,-0.014109803894119375,1516.0
60.0,-0.4725,1.047175827517363,0.48238689134864343,0.5861035582984759,-0.014088345777224977,1516.0
60.0,-0.47,1.0471075836687673,0.48243950609294156,0.5861137696791459,-0.014066256101218406,1516.0
60.0,-0.46749999999999997,1.0470369772352535,0.48249349534783503,0.5861256201865166,-0.014043544053531337,1516.0
60.0,-0.46499999999999997,1.0469640398898652,0.4825488375731038,0.5861390948829452,-0.014020218777930124,1516.0
60.0,-0.46249999999999997,1.0468888032649997,0.4826055112660571,0.5861541787735939,-0.013996289375543735,1516.0
60.0,-0.46,1.0468112989538993,0.48266349496076305,0.5861708568063865,-0.013971764905903229,1516.0
60.0,-0.4575,1.046731558512188,0.48272276722725127,0.5861891138719241,-0.01394665438799159,1516.0
60.0,-0.455,1.0466496134594592,0.48278330667067926,0.5862089348033768,-0.013920966801307721,1516.0
60.0,-0.4525,1.046565495280935,0.4828450919304252,0.5862303043763673,-0.01389471108694732,1517.0
60.0,-0.45,1.0464792354290646,0.482908101679367,0.5862532073086882,-0.01386789614866861,1517.0
60.0,-0.4475,1.046390865325389,0.48297231462269086,0.5862776282602603,-0.013840530854027089,1517.0
60.0,-0.445,1.0463004163622474,0.4830377094971029,0.5863035518327789,-0.013812624035468403,1517.0
60.0,-0.4425,1.046207919904639,0.4831042650697896,0.5863309625694687,-0.013784184491461904,1517.0
60.0,-0.44,1.0461134072921248,0.4831719601373845,0.5863598449547709,-0.013755220987644284,1517.0
60.0,-0.4375,1.046016909840778,0.4832407735249047,0.5863901834139951,-0.013725742257975952,1517.0
60.0,-0.435,1.0459184588451949,0.48331068408464906,0.5864219623129373,-0.013695757005912874,1517.0
60.0,-0.4325,1.0458180855805645,0.48338167069506077,0.5864551659574544,-0.013665273905594221,1517.0
60.0,-0.43,1.0457158213047941,0.4834537122595558,0.5864897785930062,-0.013634301603044052,1517.0
60.0,-0.4275,1.0456116972606944,0.4835267877053158,0.5865257844041534,-0.013602848717388984,1517.0
60.0,-0.425,1.0455057446782274,0.4836008759820433,0.586563167514017,-0.0135709238420921,1517.0
60.0,-0.4225,1.0453979947768155,0.48367595606067837,0.5866019119836999,-0.013538535546203788,1517.0
60.0,-0.42,1.0452884787677061,0.48375200693208725,0.5866420018116613,-0.01350569237562585,1517.0
60.0,-0.4175,1.04517722785641,0.4838290076057026,0.586683420933055,-0.013472402854396777,1517.0
60.0,-0.415,1.045064273245188,0.48390693710814064,0.5867261532190233,-0.013438675485988587,1517.0
60.0,-0.4125,1.044949646135617,0.48398577448176955,0.5867701824759445,-0.01340451875462564,1517.0
60.0,-0.41,1.0448333777312018,0.4840654987832543,0.5868154924446433,-0.013369941126615367,1517.0
60.0,-0.4075,1.0447154992400691,0.48414608908205364,0.5868620667995522,-0.013334951051701103,1517.0
60.0,-0.40499999999999997,1.0445960418777098,0.4842275244588925,0.5869098891478315,-0.013299556964428026,1517.0
60.0,-0.40249999999999997,1.0444750368697913,0.48430978400419494,0.5869589430284449,-0.01326376728552779,1517.0
60.0,-0.39999999999999997,1.0443525154550293,0.48439284681648653,0.5870092119111913,-0.01322759042331927,1517.0
60.0,-0.3975,1.044228508888136,0.4844766920007561,0.5870606791957758,-0.013191034775130842,1518.0
60.0,-0.395,1.0441030484427867,0.48456129866680314,0.5871133282104078,-0.013154108728724915,1518.0
60.0,-0.3925,1.043976165414787,0.48464664592744994,0.5871671422111349,-0.013116820663781708,1519.0
60.0,-0.39,1.0438478911248847,0.48473271289715253,0.5872221043806914,-0.013079178953282485,1519.0
60.0,-0.3875,1.0437182569223693,0.48481947868975817,0.5872781978268868,-0.013041191965108181,1519.0
60.0,-0.385,1.0435872941880313,0.48490692241705236,0.5873354055817315,-0.01300286806346494,1518.0
60.0,-0.3825,1.0434550343374718,0.48499502318689486,0.5873937106000238,-0.012964215610404718,1518.0
60.0,-0.38,1.043321508824496,0.48508376010137455,0.5874530957581265,-0.012925242967368073,1518.0
60.0,-0.3775,1.0431867491444513,0.4851731122549882,0.58751354385256,-0.012885958496713161,1518.0
60.0,-0.375,1.0430507868376626,0.48526305873277925,0.5875750375986288,-0.012846370563271526,1518.0
60.0,-0.3725,1.042913653492892,0.48535357860847356,0.5876375596290028,-0.012806487535910056,1518.0
60.0,-0.37,1.0427753807508426,0.48544465094260036,0.5877010924922588,-0.012766317789105742,1518.0
60.0,-0.3675,1.0426360003076807,0.4855362547806147,0.5877656186514012,-0.012725869704525779,1518.0
60.0,-0.365,1.0424955439185979,0.485628369151011,0.587831120482342,-0.012685151672618812,1518.0
60.0,-0.3625,1.0423540434013765,0.4857209730634488,0.5878975802723693,-0.012644172094207493,1518.0
60.0,-0.36,1.0422115306399886,0.4858140455068748,0.587964980218581,-0.012602939382090598,1518.0
60.0,-0.3575,1.0420680375881757,0.4859075654476747,0.5880333024263137,-0.012561461962639653,1518.0
60.0,-0.355,1.041923596273051,0.4860015118278266,0.588102528907546,-0.012519748277403346,1518.0
60.0,-0.3525,1.0417782387986783,0.4860958635630917,0.5881726415793005,-0.012477806784704197,1518.0
60.0,-0.35,1.0416319973496255,0.486190599541238,0.58824362226204,-0.012435645961229983,1518.0
60.0,-0.3475,1.0414849041945131,0.4862856986202888,0.5883154526780605,-0.012393274303623204,1518.0
60.0,-0.345,1.0413369916894908,0.48638113962683815,0.5883881144499009,-0.012350700330051648,1518.0
60.0,-0.34249999999999997,1.0411882922816906,0.486476901354405,0.5884615890987542,-0.012307932581771893,1518.0
60.0,-0.33999999999999997,1.0410388385126086,0.48657296256185273,0.5885358580429072,-0.012264979624674523,1518.0
60.0,-0.33749999999999997,1.040888663021398,0.4866693019718921,0.5886109025962079,-0.01222185005080412,1518.0
60.0,-0.33499999999999996,1.0407377985480883,0.4867658982696552,0.5886867039665652,-0.012178552479859224,1518.0
60.0,-0.3325,1.0405862779367017,0.4868627301013596,0.5887632432544925,-0.012135095560664349,1518.0
60.0,-0.33,1.0404341341382328,0.48695977607308655,0.5888405014517104,-0.012091487972603981,1518.0
60.0,-0.3275,1.040281400213519,0.4870570147496572,0.588918459439802,-0.01204773842702627,1518.0
60.0,-0.325,1.040128109335924,0.4871544246536552,0.5889970979889553,-0.012003855668594889,1518.0
60.0,-0.3225,1.0399742947938873,0.4872519842645636,0.5890763977567749,-0.011959848476603906,1518.0
60.0,-0.32,1.0398199899932634,0.48734967201806595,0.5891563392871976,-0.01191572566623382,1518.0
60.0,-0.3175,1.0396652284594559,0.4874474663055099,0.5892369030095134,-0.011871496089750152,1518.0
60.0,-0.315,1.0395100438393303,0.4875453454735406,0.5893180692375037,-0.011827168637641048,1518.0
60.0,-0.3125,1.0393544699028694,0.4876432878239347,0.589399818168715,-0.011782752239681603,1518.0
60.0,-0.31,1.0391985405445698,0.4877412716136286,0.5894821298838748,-0.01173825586592654,1518.0
60.0,-0.3075,1.0390422897845362,0.48783927505497665,0.5895649843464702,-0.011693688527617478,1518.0
60.0,-0.305,1.0388857517692736,0.48793727631623346,0.5896483614024973,-0.011649059278005773,1518.0
60.0,-0.3025,1.038728960772134,0.4880352535222958,0.5897322407804029,-0.011604377213077216,1518.0
60.0,-0.3,1.0385719511934053,0.48813318475570694,0.589816602091229,-0.011559651472176547,1518.0
60.0,-0.2975,1.0384147575600353,0.4882310480579305,0.5899014248289708,-0.011514891238528564,1518.0
60.0,-0.295,1.038257414524927,0.48832882143093814,0.5899866883711782,-0.011470105739638064,1518.0
60.0,-0.2925,1.0380999568658205,0.4884264828390971,0.5900723719798041,-0.011425304247572834,1518.0
60.0,-0.29,1.0379424194837408,0.48852401021137665,0.5901584548023108,-0.011380496079123252,1518.0
60.0,-0.2875,1.0377848374009495,0.48862138144391104,0.5902449158730698,-0.011335690595821214,1518.0
60.0,-0.285,1.037627245758428,0.48871857440290256,0.5903317341150489,-0.011290897203826119,1518.0
60.0,-0.2825,1.0374696798128449,0.48881556692789735,0.5904188883418134,-0.01124612535366376,1518.0
60.0,-0.27999999999999997,1.0373121749329888,0.4889123368354468,0.5905063572598566,-0.01120138453981278,1518.0
60.0,-0.27749999999999997,1.0371547665956888,0.4890088619231387,0.5905941194712563,-0.011156684300145542,1518.0
60.0,-0.27499999999999997,1.0369974903811312,0.48910511997406425,0.5906821534767028,-0.011112034215195923,1518.0
60.0,-0.27249999999999996,1.0368403819676573,0.4892010887616604,0.5907704376788703,-0.011067443907279451,1518.0
60.0,-0.27,1.0366834771259432,0.4892967460550013,0.5908589503861786,-0.011022923039435745,1518.0
60.0,-0.2675,1.0365268117126283,0.4893920696244895,0.5909476698169244,-0.01097848131421392,1518.0
60.0,-0.265,1.0363704216633316,0.48948703724799736,0.591036574103814,-0.01093412847228153,1518.0
60.0,-0.2625,1.0362143429851107,0.4895816267174178,0.5911256412988793,-0.010889874290874351,1518.0
60.0,-0.26,1.0360586117483201,0.4896758158456621,0.5912148493788013,-0.010845728582073173,1518.0
60.0,-0.2575,1.0359032640779078,0.48976958247408103,0.5913041762506303,-0.01080170119091898,1518.0
60.0,-0.255,1.0357483361441788,0.4898629044802942,0.591393599757893,-0.0107578019933752,1518.0
60.0,-0.2525,1.0355938641530078,0.4899557597864474,0.5914830976870998,-0.010714040894131008,1518.0
60.0,-0.25,1.0354398843355574,0.49004812636786477,0.5915726477746298,-0.010670427824262902,1518.0
60.0,-0.24749999999999994,1.0352864329375582,0.49013998226206984,0.591662227713971,-0.010626972738769424,1518.0
60.0,-0.245,1.0351335462081255,0.49023130557819794,0.5917518151633303,-0.010583685613973432,1518.0
60.0,-0.24249999999999994,1.0349812603882644,0.4903220745067125,0.591841387753544,-0.010540576444834584,1518.0
60.0,-0.24,1.0348296116990208,0.49041226732946597,0.591930923096309,-0.010497655242160816,1518.0
60.0,-0.23750000000000004,1.034678636329458,0.49050186242999944,0.592020398792652,-0.010454932029770833,1518.0
60.0,-0.235,1.0345283704244428,0.4905908383041114,0.5921097924416417,-0.010412416841603331,1518.0
60.0,-0.23250000000000004,1.0343788500724156,0.49067917357059715,0.5921990816492612,-0.010370119718824377,1518.0
60.0,-0.22999999999999998,1.0342301112932135,0.49076684698213774,0.5922882440374012,-0.01032805070695379,1518.0
60.0,-0.22750000000000004,1.0340821900261086,0.49085383743625893,0.5923772572528955,-0.010286219853057724,1518.0
60.0,-0.22499999999999998,1.033935122118158,0.49094012398632336,0.5924660989765438,-0.010244637203038313,1518.0
60.0,-0.22250000000000003,1.0337889433130762,0.4910256858524567,0.5925547469320133,-0.010203312799081436,1518.0
60.0,-0.21999999999999997,1.033643689240809,0.4911105024323267,0.5926431788945222,-0.010162256677317747,1518.0
60.0,-0.21750000000000003,1.033499395407979,0.4911945533117143,0.5927313726992116,-0.01012147886574791,1518.0
60.0,-0.21499999999999997,1.0333560971895004,0.4912778182747328,0.5928193062490452,-0.010080989382521673,1518.0
60.0,-0.21250000000000002,1.0332138298215963,0.4913602773136077,0.5929069575221071,-0.01004079823464181,1518.0
60.0,-0.20999999999999996,1.0330726283965443,0.4914419106378753,0.592994304578116,-0.010000915417191926,1518.0
60.0,-0.20750000000000002,1.0329325278594776,0.49152269868287324,0.5930813255639745,-0.00996135091318764,1518.0
60.0,-0.20499999999999996,1.032793563007697,0.49160262211732486,0.5931679987180972,-0.009922114694189537,1518.0
60.0,-0.2025,1.032655768492884,0.49168166184987705,0.5932543023732954,-0.009883216721798468,1518.0
60.0,-0.19999999999999996,1.0325191788268238,0.4917597990343355,0.5933402149578771,-0.009844666950217195,1518.0
60.0,-0.1975,1.0323838283911795,0.491837015073398,0.5934257149946489,-0.009806475330047977,1518.0
60.0,-0.19499999999999995,1.0322497514521014,0.49191329162057357,0.5935107810973778,-0.009768651813561879,1518.0
60.0,-0.1925,1.0321169821804836,0.49198861057997223,0.5935953919642434,-0.009731206361693865,1518.0
60.0,-0.18999999999999995,1.0319855546788281,0.4920629541036142,0.5936795263677335,-0.009694148953055525,1518.0
60.0,-0.1875,1.0318555030159442,0.4921363045857708,0.5937631631402733,-0.00965748959534478,1518.0
60.0,-0.18499999999999994,1.0317268612708055,0.4922086446538553,0.5938462811548298,-0.009621238339559043,1518.0
60.0,-0.1825,1.031599663587279,0.49227995715520323,0.5939288592995032,-0.009585405297538287,1518.0
60.0,-0.17999999999999994,1.0314739442416623,0.4923502251390277,0.5940108764449837,-0.009550000663435438,1518.0
60.0,-0.1775,1.0313497377254848,0.4924194318326085,0.5940923114034596,-0.009515034739868835,1518.0
60.0,-0.17499999999999993,1.031227078846477,0.4924875606106355,0.5941731428772928,-0.00948051796964914,1518.0
60.0,-0.1725,1.0311060028512584,0.49255459495636594,0.5942533493954076,-0.009446460974174755,1518.0
60.0,-0.17000000000000004,1.0309865455741996,0.4926205184129035,0.5943329092348122,-0.009412874599862916,1518.0
60.0,-0.16749999999999998,1.0308687436178121,0.49268531452258896,0.5944118003241459,-0.009379769974263886,1518.0
60.0,-0.16500000000000004,1.0307526345715101,0.4927489667518834,0.5944900001252861,-0.009347158573957988,1518.0
60.0,-0.16249999999999998,1.0306382572771324,0.4928114583985669,0.5945674854882302,-0.009315052306813173,1519.0
60.0,-0.16000000000000003,1.030525652151882,0.4928727724771665,0.594644232472524,-0.00928346361187104,1519.0
60.0,-0.15749999999999997,1.0304148615822801,0.4929328915773935,0.5947202161286889,-0.009252405581033988,1519.0
60.0,-0.15500000000000003,1.0303059304062359,0.49299179768900275,0.5947954102278987,-0.009221892107794083,1519.0
60.0,-0.15249999999999997,1.0301989065054968,0.4930494719844607,0.5948697869283073,-0.009191938069826981,1519.0
60.0,-0.15000000000000002,1.0300938415371983,0.49310589454824977,0.594943316360779,-0.009162559554246445,1519.0
60.0,-0.14749999999999996,1.0299907918420126,0.4931610440381923,0.5950159661122761,-0.009133774136999508,1519.0
60.0,-0.14500000000000002,1.029889819578455,0.4932148972593475,0.595087700578055,-0.00910560123156449,1519.0
60.0,-0.14249999999999996,1.029790994149093,0.49326742862462697,0.5951584801443679,-0.009078062527062176,1519.0
60.0,-0.14,1.0296943940072174,0.4933186094670952,0.5952282601500841,-0.009051182542850093,1519.0
60.0,-0.13749999999999996,1.0296001089641622,0.49336840715622865,0.5952969895572002,-0.009024989336324998,1519.0
60.0,-0.135,1.0295082431625655,0.49341678395218275,0.595364609233911,-0.008999515414414435,1519.0
60.0,-0.13249999999999995,1.0294189189456475,0.49346369550584124,0.5954310497161476,-0.00897479891899299,1519.0
60.0,-0.13,1.029332281947424,0.4935090888737422,0.5954962282582179,-0.008950885185357018,1519.0
60.0,-0.12749999999999995,1.0292485078694433,0.4935528998593737,0.5955600449011736,-0.008927828815743449,1519.0
60.0,-0.125,1.029167811622505,0.49359504940467297,0.5956223771634931,-0.008905696474677281,1519.0
60.0,-0.12249999999999994,1.0290904598402622,0.49363543861952425,0.5956830727672832,-0.008884570712865998,1519.0
60.0,-0.12,1.0290167882889611,0.49367394182160146,0.595741939511812,-0.008864555283666052,1519.0
60.0,-0.11749999999999994,1.0289472265331876,0.49371039660854227,0.5957987309194924,-0.008845782670061085,1519.0
60.0,-0.11499999999999999,1.0288823336023354,0.4937445893999567,0.5958531254730357,-0.008828424960584832,1519.0
60.0,-0.11249999999999993,1.0288228507675745,0.4937762338810002,0.5959046958857342,-0.008812709930173319,1519.0
60.0,-0.10999999999999999,1.0287697817138748,0.49380493798951564,0.5959528624173351,-0.008798945447405383,1519.0
60.0,-0.10750000000000004,1.0287245180426112,0.49383015177940986,0.5959968197971498,-0.008787557646458586,1519.0
60.0,-0.10499999999999998,1.0286890426709268,0.4938510821019143,0.5960354188084221,-0.008779152727515834,1519.0
60.0,-0.10250000000000004,1.0286662730615797,0.49386654707571503,0.5960669665189864,-0.008774621120672923,1519.0
60.0,-0.09999999999999998,1.0286606685332889,0.4938747154477151,0.5960888729434489,-0.008775321543897882,1519.0
60.0,-0.09750000000000003,1.0286793668277885,0.4938726120051258,0.5960969901093952,-0.008783424912359545,1519.0
60.0,-0.09499999999999997,1.0287344577116464,0.49385511207482147,0.5960842907573747,-0.008802600960684174,1519.0
60.0,-0.09250000000000003,1.028847902843167,0.49381272321243586,0.596038011455504,-0.008839500372461376,1519.0
60.0,-0.08999999999999997,1.0290631676758273,0.49372621270789074,0.5959329049744397,-0.008907247317986696,1519.0
60.0,-0.08750000000000002,1.029475041022534,0.49355238526782513,0.5957139643658499,-0.009034348387372508,1519.0
60.0,-0.08499999999999996,1.03030478689094,0.49318639911254913,0.5952529542510138,-0.009286934312273383,1519.0
60.0,-0.08250000000000002,1.0319999699327227,0.4924038094498306,0.594290752500441,-0.009797168029327931,1518.0
60.0,-0.07999999999999996,1.034924164461671,0.4909967101450247,0.5926158304007342,-0.01066749518283596,1518.0
60.0,-0.07750000000000001,1.0387426629046583,0.489106947735241,0.5904172815119395,-0.011790421528607195,1517.0
60.0,-0.07499999999999996,1.04295385389043,0.48699280078236984,0.5879811756626598,-0.013013434245011926,1517.0
60.0,-0.07250000000000001,1.0473290549006136,0.48478405869351143,0.5854398763688403,-0.01426826392244831,1515.0
60.0,-0.06999999999999995,1.0518109860697882,0.48251886131505595,0.5828296915585431,-0.015537979414575609,1515.0
60.0,-0.0675,1.0564151428268276,0.4801932761822664,0.5801462112674955,-0.016826699434129042,1514.0
60.0,-0.06499999999999995,1.0611890810464009,0.477783689356763,0.5773667662536351,-0.018147157340086248,1514.0
60.0,-0.0625,1.0661949342945483,0.475257030454598,0.574459888049297,-0.019515350852537867,1513.0
60.0,-0.05999999999999994,1.07149991926621,0.4725764999669791,0.5713903737980712,-0.020947643387719338,1512.0
60.0,-0.057499999999999996,1.0771695130520587,0.46970567770854493,0.5681229126332348,-0.022458726617354697,1512.0
60.0,-0.05499999999999994,1.0832614902733504,0.4666120613139849,0.5646252799141457,-0.02405992494533019,1512.0
60.0,-0.05249999999999999,1.0898205165106643,0.4632702485868723,0.5608712934680797,-0.02575777688299928,1512.0
60.0,-0.05,1.0968738457764693,0.4596644845673168,0.5568432730228009,-0.027553065534425648,1510.0
70.0,-0.75,1.0322415262178766,0.49043264856691743,0.5982263687525962,-0.010108983769615625,1719.0
70.0,-0.7475,1.0326473786105994,0.490188346566633,0.5979775339244406,-0.010228653028361515,1718.0
70.0,-0.745,1.0330469307927512,0.48994808070103035,0.5977315472193324,-0.010346219670871007,1718.0
70.0,-0.7425,1.0334402226461974,0.4897118251042053,0.5974884028579684,-0.010461702697542404,1718.0
70.0,-0.74,1.0338272939665414,0.4894795539256121,0.5972480949493828,-0.010575120980043788,1718.0
70.0,-0.7375,1.0342081844632556,0.48925124133075243,0.597010617491297,-0.01068649326198017,1718.0
70.0,-0.735,1.0345829337598462,0.4890268615018477,0.5967759643704335,-0.010795838159573233,1718.0
70.0,-0.7325,1.034951581393963,0.4888063886385408,0.5965441293628736,-0.010903174162326543,1718.0
70.0,-0.73,1.0353141668175376,0.4885897969585752,0.5963151061344074,-0.01100851963370139,1718.0
70.0,-0.7275,1.0356707293969292,0.48837706069847475,0.5960888882408644,-0.011111892811797091,1719.0
70.0,-0.725,1.0360213084130072,0.4881681541142112,0.59586546912853,-0.011213311810011244,1718.0
70.0,-0.7225,1.0363659430613674,0.4879630514818833,0.5956448421346863,-0.011312794617748409,1718.0
70.0,-0.72,1.0367046724523683,0.48776172709839316,0.595427000487624,-0.011410359101069077,1718.0
70.0,-0.7175,1.0370375356113153,0.4875641552820916,0.595211937307351,-0.011506023003389397,1718.0
70.0,-0.715,1.0373645714785613,0.48737031037345047,0.594999645605933,-0.011599803946156196,1718.0
70.0,-0.7125,1.0376858189096398,0.48718016673571257,0.594790118287917,-0.011691719429533044,1718.0
70.0,-0.71,1.0380013166753947,0.48699369875553766,0.5945833481507627,-0.011781786833087617,1718.0
70.0,-0.7075,1.0383111034620867,0.48681088084365887,0.5943793278853015,-0.011870023416472978,1718.0
70.0,-0.705,1.0386152178715387,0.4866316874355081,0.5941780500761756,-0.01195644632012271,1718.0
70.0,-0.7025,1.0389136984212368,0.48645609299186543,0.5939795072023188,-0.012041072565933411,1718.0
70.0,-0.7,1.039206583544469,0.4862840719994778,0.5937836916374192,-0.012123919057960734,1718.0
70.0,-0.6975,1.0394939115904323,0.48611559897169326,0.5935905956504106,-0.012205002583106844,1718.0
70.0,-0.695,1.0397757208243654,0.4859506484490727,0.593400211405959,-0.012284339811817072,1718.0
70.0,-0.6925,1.0400520494276697,0.4857891950000041,0.5932125309649615,-0.012361947298774217,1718.0
70.0,-0.69,1.0403229354980177,0.4856312132213175,0.5930275462850645,-0.012437841483590704,1718.0
70.0,-0.6875,1.0405884170494941,0.48547667773887543,0.5928452492211674,-0.012512038691511296,1718.0
70.0,-0.685,1.0408485320126961,0.4853255632081814,0.5926656315259615,-0.01258455513410513,1718.0
70.0,-0.6825,1.0411033182348752,0.48517784431495753,0.59248868485045,-0.012655406909971061,1718.0
70.0,-0.6799999999999999,1.0413528134800498,0.48503349577573385,0.5923144007444949,-0.012724610005435625,1718.0
70.0,-0.6775,1.0415970554291254,0.48489249233842713,0.5921427706573661,-0.012792180295253981,1718.0
70.0,-0.675,1.0418360816800296,0.484754808782904,0.5919737859382894,-0.012858133543316533,1718.0
70.0,-0.6725,1.0420699297478235,0.4846204199215526,0.5918074378370172,-0.012922485403349573,1718.0
70.0,-0.67,1.0422986370648382,0.4844893005998331,0.5916437175043898,-0.012985251419623709,1718.0
70.0,-0.6675,1.0425222409807984,0.4843614256968284,0.5914826159929124,-0.013046447027660354,1718.0
70.0,-0.665,1.0427407787629501,0.48423677012578764,0.5913241242573373,-0.01310608755493918,1718.0
70.0,-0.6625,1.0429542875961952,0.4841153088346583,0.5911682331552482,-0.013164188221608922,1718.0
70.0,-0.66,1.0431628045832138,0.48399701680661916,0.5910149334476598,-0.013220764141195393,1718.0
70.0,-0.6575,1.0433663667446087,0.4838818690605931,0.5908642157996078,-0.013275830321316627,1718.0
70.0,-0.655,1.0435650110190353,0.4837698406517632,0.5907160707807587,-0.013329401664394084,1718.0
70.0,-0.6525,1.0437587742633345,0.48366090667207984,0.5905704888660214,-0.013381492968365686,1718.0
70.0,-0.65,1.0439476932526872,0.48355504225074736,0.5904274604361505,-0.013432118927405748,1718.0
70.0,-0.6475,1.0441318046807415,0.48345222255472214,0.5902869757783775,-0.013481294132637095,1718.0
70.0,-0.645,1.0443111451597675,0.48335242278918633,0.5901490250870266,-0.013529033072852026,1718.0
70.0,-0.6425,1.0444857512208017,0.48325561819802065,0.5900135984641438,-0.013575350135230736,1718.0
70.0,-0.64,1.044655659313801,0.4831617840642663,0.5898806859201278,-0.013620259606062437,1718.0
70.0,-0.6375,1.044820905807789,0.48307089571058287,0.5897502773743695,-0.01366377567146523,1718.0
70.0,-0.635,1.0449815269910327,0.4829829284996826,0.5896223626558783,-0.013705912418114443,1718.0
70.0,-0.6325,1.0451375590711862,0.4828978578347768,0.5894969315039356,-0.013746683833962204,1718.0
70.0,-0.63,1.0452890381754603,0.48281565916000013,0.589373973568737,-0.013786103808964435,1718.0
70.0,-0.6275,1.0454360003508012,0.4827363079608225,0.5892534784120325,-0.013824186135810745,1718.0
70.0,-0.625,1.0455784815640556,0.4826597797644627,0.5891354355077829,-0.013860944510650229,1718.0
70.0,-0.6225,1.045716517702158,0.48258605014028133,0.5890198342428056,-0.013896392533824208,1718.0
70.0,-0.62,1.0458501445723047,0.48251509470017384,0.5889066639174336,-0.013930543710595154,1718.0
70.0,-0.6174999999999999,1.045979397902154,0.482446889098944,0.5887959137461644,-0.013963411451882304,1718.0
70.0,-0.615,1.046104313340013,0.4823814090346749,0.5886875728583192,-0.013995009074994631,1718.0
70.0,-0.6125,1.0462249264550374,0.4823186302490867,0.588581630298701,-0.01402534980436689,1718.0
70.0,-0.61,1.0463412727374481,0.4822585285278789,0.5884780750282452,-0.014054446772299767,1718.0
70.0,-0.6074999999999999,1.0464533875987314,0.4822010797010731,0.5883768959246858,-0.01408231301969598,1718.0
70.0,-0.605,1.0465613063718637,0.48214625964333474,0.5882780817832081,-0.01410896149680334,1718.0
70.0,-0.6025,1.0466650643115367,0.482094044274289,0.5881816213171089,-0.014134405063956551,1718.0
70.0,-0.6,1.0467646965943862,0.4820444095588259,0.5880875031584553,-0.014158656492321052,1718.0
70.0,-0.5975,1.0468602383192451,0.481997331507385,0.5879957158587312,-0.014181728464642631,1718.0
70.0,-0.595,1.0469517245073752,0.48195278617624593,0.5879062478895061,-0.01420363357599069,1718.0
70.0,-0.5925,1.0470391901027352,0.4819107496677889,0.5878190876430782,-0.014224384334512131,1718.0
70.0,-0.59,1.047122669972223,0.48187119813076307,0.5877342234330524,-0.014243993162176297,1717.0
70.0,-0.5875,1.047202198906002,0.4818341077605098,0.5876516434953176,-0.014262472395545013,1717.0
70.0,-0.585,1.0472778116177222,0.4817994547992166,0.5875713359881884,-0.014279834286509462,1717.0
70.0,-0.5825,1.0473495427448358,0.48176721553613105,0.5874932889933997,-0.014296091003057058,1717.0
70.0,-0.58,1.047417426848913,0.48173736630776,0.5874174905166453,-0.014311254630034126,1717.0
70.0,-0.5775,1.0474814984159109,0.48170988349811783,0.5873439284882059,-0.014325337169897805,1716.0
70.0,-0.575,1.0475417918566001,0.481684743538723,0.5872725907636779,-0.014338350543508703,1716.0
70.0,-0.5725,1.0475983415067531,0.4816619229090375,0.5872034651244528,-0.014350306590859261,1716.0
70.0,-0.5700000000000001,1.0476511816275855,0.48164139813644,0.5871365392784442,-0.014361217071869709,1716.0
70.0,-0.5675,1.0477003464060886,0.4816231457964118,0.5870718008606834,-0.014371093667153962,1716.0
70.0,-0.565,1.047745869955396,0.48160714251266407,0.5870092374339372,-0.014379947978794255,1716.0
70.0,-0.5625,1.0477877863151763,0.4815933649572446,0.5869488364893094,-0.014387791531121906,1716.0
70.0,-0.56,1.0478261294520121,0.48158178985064315,0.5868905854468583,-0.014394635771494248,1716.0
70.0,-0.5575,1.0478609332598223,0.4815723939618678,0.5868344716561831,-0.014400492071081851,1716.0
70.0,-0.5549999999999999,1.0478922315602825,0.48156515410851364,0.5867804823970174,-0.01440537172565485,1716.0
70.0,-0.5525,1.0479200581032584,0.48156004715681766,0.5867286048798177,-0.014409285956372106,1716.0
70.0,-0.55,1.0479444465672663,0.4815570500216908,0.5866788262463328,-0.014412245910576911,1716.0
70.0,-0.5475,1.0479654305599364,0.48155613966674293,0.5866311335701773,-0.01441426266259226,1716.0
70.0,-0.5449999999999999,1.0479830436185087,0.4815572931042811,0.586585513857382,-0.014415347214524464,1716.0
70.0,-0.5425,1.0479973192103191,0.481560487395306,0.586541954046961,-0.014415510497063553,1716.0
70.0,-0.54,1.0480082907333428,0.481565699649472,0.5865004410114315,-0.01441476337029719,1716.0
70.0,-0.5375,1.048015991516711,0.48157290702505096,0.5864609615573657,-0.01441311662451822,1716.0
70.0,-0.535,1.0480204548212848,0.4815820867288619,0.5864235024258971,-0.014410580981044759,1716.0
70.0,-0.5325,1.0480217138402248,0.4815932160161917,0.5863880502932399,-0.014407167093040041,1716.0
70.0,-0.53,1.0480198016995925,0.4816062721906944,0.5863545917711827,-0.014402885546338793,1716.0
70.0,-0.5275,1.0480147514589677,0.48162123260427303,0.5863231134075789,-0.01439774686027725,1716.0
70.0,-0.525,1.0480065961120881,0.4816380746569425,0.586293601686822,-0.014391761488528594,1716.0
70.0,-0.5225,1.0479953685875154,0.4816567757966717,0.5862660430303063,-0.01438493981994383,1716.0
70.0,-0.52,1.0479811017493188,0.4816773135192075,0.5862404237968768,-0.014377292179397249,1716.0
70.0,-0.5175,1.0479638283977877,0.4816996653678773,0.5862167302832638,-0.014368828828638169,1716.0
70.0,-0.515,1.0479435812701638,0.4817238089333725,0.5861949487245064,-0.014359559967147207,1716.0
70.0,-0.5125,1.0479203930414052,0.4817497218535095,0.5861750652943551,-0.014349495732999939,1716.0
70.0,-0.51,1.047894296324974,0.48177738181296775,0.5861570661056634,-0.014338646203736495,1716.0
70.0,-0.5075000000000001,1.047865323673648,0.4818067665430109,0.5861409372107625,-0.014327021397235892,1716.0
70.0,-0.505,1.0478335075803675,0.4818378538211802,0.5861266646018173,-0.01431463127259921,1716.0
70.0,-0.5025,1.047798880479108,0.4818706214709662,0.5861142342111674,-0.014301485731038987,1716.0
70.0,-0.5,1.0477614747457842,0.48190504736145795,0.5861036319116465,-0.014287594616775645,1716.0
70.0,-0.4975,1.0477213226991824,0.48194110940696855,0.5860948435168892,-0.014272967717940814,1716.0
70.0,-0.495,1.047678456601932,0.48197878556663365,0.5860878547816091,-0.014257614767490049,1716.0
70.0,-0.4925,1.047632908661504,0.48201805384398666,0.5860826514018661,-0.014241545444122124,1716.0
70.0,-0.49,1.0475847110312484,0.48205889228650717,0.5860792190153071,-0.014224769373207725,1716.0
70.0,-0.4875,1.047533895811466,0.4821012789851438,0.586077543201387,-0.014207296127726048,1716.0
70.0,-0.485,1.0474804950505192,0.482145192073808,0.5860776094815645,-0.014189135229211778,1716.0
70.0,-0.4825,1.0474245407459797,0.482190609728842,0.586079403319477,-0.01417029614871025,1716.0
70.0,-0.48,1.0473660648458145,0.48223751016845695,0.5860829101210958,-0.014150788307742853,1716.0
70.0,-0.4775,1.0473050992496178,0.48228587165214326,0.5860881152348435,-0.014130621079282873,1716.0
70.0,-0.475,1.047241675809881,0.4823356724800489,0.5860950039517002,-0.014109803788741736,1716.0
70.0,-0.4725,1.0471758263333106,0.48238689099232684,0.5861035615052734,-0.014088345714966945,1716.0
70.0,-0.47,1.0471075825821865,0.48243950556845566,0.5861137730718419,-0.014066256091249408,1716.0
70.0,-0.46749999999999997,1.0470369762757725,0.482493494626521,0.5861256237703737,-0.014043544106345333,1716.0
70.0,-0.46499999999999997,1.0469640390917758,0.4825488366224663,0.5861390986625119,-0.014020218905509368,1716.0
70.0,-0.46249999999999997,1.046888802667849,0.4826055100493136,0.5861541827525308,-0.013996289591539068,1716.0
70.0,-0.46,1.046811298603155,0.4826634934363418,0.5861708609872591,-0.013971765225835622,1716.0
70.0,-0.4575,1.046731558459978,0.48272276534823594,0.5861891182559701,-0.01394665482947551,1716.0
70.0,-0.455,1.0466496137653933,0.4827833043841935,0.586208939390241,-0.01392096738429901,1716.0
70.0,-0.4525,1.0465654960130146,0.48284508917695473,0.5862303091638003,-0.013894711834016917,1717.0
70.0,-0.45,1.046479236664697,0.4829080983920087,0.5862532122922016,-0.013867897085306466,1717.0
70.0,-0.4475,1.0463908671525106,0.4829723107263218,0.5862776334327403,-0.013840532008978983,1717.0
70.0,-0.445,1.0463004188805656,0.48303770490746784,0.5863035571840476,-0.013812625441106539,1717.0
70.0,-0.4425,1.0462079232270125,0.4831042596924894,0.586330968085789,-0.013784186184196537,1717.0
70.0,-0.44,1.0461134115460888,0.48317195386676365,0.5863598506182884,-0.013755223008377476,1717.0
70.0,-0.4375,1.0460169151702252,0.483240766242828,0.5863901892021162,-0.013725744652600848,1717.0
70.0,-0.435,1.0459184654122433,0.48331067565914926,0.5864219681976223,-0.013695759825867418,1717.0
70.0,-0.4325,1.0458180935676102,0.4833816609788563,0.5864551719044332,-0.01366527720846845,1717.0
70.0,-0.43,1.045715830916783,0.4834537010884163,0.5864897845608948,-0.013634305453251514,1717.0
70.0,-0.4275,1.0456117087276209,0.48352677489626994,0.5865257903434713,-0.01360285318690366,1717.0
70.0,-0.425,1.0455057582578944,0.4836008613314055,0.586563173366087,-0.013570929011261584,1717.0
70.0,-0.4225,1.045398010757865,0.48367593934188935,0.586601917679422,-0.01353854150464054,1717.0
70.0,-0.42,1.045288497472965,0.48375198789333695,0.5866420072701496,-0.013505699223189895,1717.0
70.0,-0.4175,1.0451772496465561,0.48382898596733304,0.586683426060119,-0.013472410702271224,1717.0
70.0,-0.415,1.0450642985227914,0.48390691255979207,0.5867261579054801,-0.013438684457863469,1717.0
70.0,-0.4125,1.0449496753495684,0.48398574667926053,0.5867701865957494,-0.01340452898799396,1717.0
70.0,-0.41,1.0448334113815823,0.48406546734516215,0.5868154958528128,-0.013369952774196238,1717.0
70.0,-0.4075,1.0447155378834838,0.48414605358597795,0.5868620693298646,-0.013334964282997215,1717.0
70.0,-0.40499999999999997,1.044596086133133,0.48422748443737207,0.5869098906102855,-0.013299571967430139,1717.0
70.0,-0.40249999999999997,1.0444750874249764,0.4843097389402405,0.5869589432064464,-0.013263784268582766,1717.0
70.0,-0.39999999999999997,1.0443525730735248,0.4843927961387053,0.5870092105584461,-0.013227609617172049,1717.0
70.0,-0.3975,1.0442285744169568,0.4844766350780333,0.5870606760328645,-0.01319105643515541,1718.0
70.0,-0.395,1.0441031228208002,0.48456123480250096,0.5871133229210084,-0.013154133137361445,1718.0
70.0,-0.3925,1.0439762496818845,0.4846465743530816,0.5871671344378593,-0.01311684813319864,1719.0
70.0,-0.39,1.0438479864319887,0.4847326327654929,0.5872220937205072,-0.013079209828280168,1719.0
70.0,-0.3875,1.043718364542355,0.48481938906734384,0.5872781838260825,-0.01304122662628459,1719.0
70.0,-0.385,1.0435874155276434,0.48490682227601717,0.5873353877303823,-0.013002906930667616,1718.0
70.0,-0.3825,1.0434551709502975,0.4849949113961019,0.5873936883259228,-0.012964259146485878,1718.0
70.0,-0.38,1.0433216624251158,0.48508363541676286,0.5874530684201217,-0.012925291682278472,1718.0
70.0,-0.3775,1.0431869216238174,0.48517297330910597,0.5875135107332583,-0.012886012951948174,1718.0
70.0,-0.375,1.0430509802798418,0.4852629040234128,0.5875749978964057,-0.012846431376708586,1718.0
70.0,-0.3725,1.0429138701932668,0.48535340648631214,0.5876375124492573,-0.012806555387064695,1718.0
70.0,-0.37,1.0427756232358705,0.48544445959787147,0.5877010368378603,-0.012766393424834942,1718.0
70.0,-0.3675,1.0426362713563482,0.4855360422286047,0.58776555341225,-0.01272595394521696,1718.0
70.0,-0.365,1.0424958465856997,0.48562813321638443,0.5878310444239787,-0.012685245418902485,1718.0
70.0,-0.3625,1.0423543810427498,0.48572071136328543,0.5878974920235509,-0.012644276334230438,1718.0
70.0,-0.36,1.042211906939834,0.48581375543234,0.5879648782577519,-0.0126030551993872,1718.0
70.0,-0.3575,1.0420684565886622,0.4859072441441959,0.5880331850668646,-0.012561590544658295,1718.0
70.0,-0.355,1.0419240624063144,0.48600115617370954,0.588102394281792,-0.012519890924718243,1718.0
70.0,-0.3525,1.0417787569214247,0.4860954701464378,0.5881724876210586,-0.012477964920974853,1718.0
70.0,-0.35,1.041632572780506,0.48619016463506254,0.5882434466877143,-0.01243582114395376,1718.0
70.0,-0.3475,1.041485542754464,0.48628521815571285,0.5883152529661168,-0.012393468235738904,1718.0
70.0,-0.345,1.0413376997452573,0.4863806091642205,0.5883878878186085,-0.012350914872454577,1718.0
70.0,-0.34249999999999997,1.041189076792711,0.48647631605229963,0.5884613324820887,-0.01230816976679283,1718.0
70.0,-0.33999999999999997,1.041039707081517,0.4865723171436333,0.58853556806446,-0.012265241670595206,1718.0
70.0,-0.33749999999999997,1.040889623948373,0.486668590689898,0.5886105755409765,-0.01222213937747542,1718.0
70.0,-0.33499999999999996,1.0407388608892836,0.48676511486671276,0.5886863357504754,-0.012178871725489678,1718.0
70.0,-0.3325,1.040587451567011,0.4868618677695234,0.5887628293915028,-0.012135447599850671,1718.0
70.0,-0.33,1.0404354298186784,0.4869588274094185,0.5888400370183295,-0.012091875935687514,1718.0
70.0,-0.3275,1.0402828296635043,0.4870559717088951,0.588917939036865,-0.01204816572084444,1718.0
70.0,-0.325,1.0401296853106776,0.48715327849756834,0.58899651570047,-0.012004325998721307,1718.0
70.0,-0.3225,1.0399760311673616,0.48725072550783477,0.5890757471056663,-0.011960365871152784,1718.0
70.0,-0.32,1.0398219018468167,0.4873482903704949,0.5891556131877543,-0.011916294501324188,1718.0
70.0,-0.3175,1.039667332176606,0.4874459506103634,0.5892360937163517,-0.011872121116712143,1718.0
70.0,-0.315,1.0395123572069327,0.48754368364183526,0.5893171682908311,-0.011827855012065487,1718.0
70.0,-0.3125,1.0393570122190303,0.4876414667644573,0.5893988163356977,-0.011783505552404035,1718.0
70.0,-0.31,1.0392013327336371,0.48773927715849336,0.5894810170958866,-0.011739082176042831,1718.0
70.0,-0.3075,1.039045354519482,0.4878370918805241,0.5895637496320213,-0.011694594397623055,1718.0
70.0,-0.305,1.0388891136018614,0.4879348878590367,0.5896469928155927,-0.011650051811170847,1718.0
70.0,-0.3025,1.0387326462711666,0.48803264189009454,0.5897307253241284,-0.011605464093144975,1718.0
70.0,-0.3,1.0385759890914268,0.48813033063304684,0.5898149256363228,-0.011560841005491275,1718.0
70.0,-0.2975,1.0384191789088053,0.48822793060631997,0.5898995720271593,-0.01151619239868663,1718.0
70.0,-0.295,1.0382622528600238,0.4883254181833075,0.5899846425630402,-0.01147152821476507,1718.0
70.0,-0.2925,1.0381052483807045,0.4884227695883683,0.5900701150969285,-0.011426858490323046,1718.0
70.0,-0.29,1.037948203213566,0.4885199608929742,0.5901559672635407,-0.011382193359485513,1718.0
70.0,-0.2875,1.0377911554164707,0.4886169680120105,0.590242176474589,-0.011337543056832305,1718.0
70.0,-0.285,1.0376341433702674,0.48871376670026523,0.5903287199141083,-0.011292917920268921,1718.0
70.0,-0.2825,1.03747720578638,0.4888103325491447,0.5904155745338951,-0.011248328393826302,1718.0
70.0,-0.27999999999999997,1.0373203817141614,0.48890664098359654,0.5905027170490509,-0.011203785030397248,1718.0
70.0,-0.27749999999999997,1.0371637105478548,0.4890026672593502,0.5905901239337167,-0.011159298494361607,1718.0
70.0,-0.27499999999999997,1.0370072320332473,0.48909838646041653,0.5906777714169577,-0.0111148795641265,1718.0
70.0,-0.27249999999999996,1.0368509862738657,0.4891937734969454,0.5907656354788825,-0.011070539134537063,1718.0
70.0,-0.27,1.03669501373671,0.48928880310344425,0.5908536918470012,-0.01102628821915725,1718.0
70.0,-0.2675,1.0365393552574689,0.48938344983739523,0.5909419159928602,-0.010982137952403522,1718.0
70.0,-0.265,1.0363840520451546,0.48947768807830994,0.5910302831289928,-0.0109380995915136,1718.0
70.0,-0.2625,1.0362291456860893,0.4895714920272659,0.5911187682062222,-0.010894184518331249,1718.0
70.0,-0.26,1.0360746781472125,0.48966483570694597,0.5912073459113487,-0.010850404240896753,1718.0
70.0,-0.2575,1.0359206917786439,0.48975769296222055,0.591295990665256,-0.010806770394824763,1718.0
70.0,-0.255,1.0357672293153986,0.48985003746134076,0.5913846766215031,-0.010763294744439324,1718.0
70.0,-0.2525,1.035614333878285,0.4899418426977215,0.5914733776653944,-0.010719989183674259,1718.0
70.0,-0.25,1.035462048973824,0.490033081992417,0.5915620674136222,-0.010676865736692583,1718.0
70.0,-0.24749999999999994,1.0353104184932085,0.4901237284972797,0.5916507192144812,-0.010633936558228784,1718.0
70.0,-0.245,1.0351594867102263,0.4902137551988459,0.591739306148709,-0.010591213933633145,1718.0
70.0,-0.24249999999999994,1.0350092982780628,0.4903031349230065,0.5918278010310062,-0.010548710278591654,1718.0
70.0,-0.24,1.0348598982249824,0.49039184034045985,0.5919161764122496,-0.010506438138522103,1718.0
70.0,-0.23750000000000004,1.0347113319487962,0.4904798439730068,0.592004404582461,-0.010464410187618478,1718.0
70.0,-0.235,1.0345636452101303,0.49056711820067744,0.5920924575745371,-0.010422639227547499,1718.0
70.0,-0.23250000000000004,1.034416884124394,0.49065363526975814,0.5921803071688068,-0.010381138185767205,1718.0
70.0,-0.22999999999999998,1.0342710951524836,0.49073936730168766,0.5922679248984136,-0.010339920113478951,1718.0
70.0,-0.22750000000000004,1.0341263250901644,0.49082428630287206,0.5923552820555675,-0.010298998183193006,1718.0
70.0,-0.22499999999999998,1.0339826210561471,0.4909083641753976,0.592442349698671,-0.010258385685915168,1718.0
70.0,-0.22250000000000003,1.0338400304788407,0.49099157272866467,0.5925290986603498,-0.010218096027945954,1718.0
70.0,-0.21999999999999997,1.0336986010818296,0.4910738836919094,0.5926154995563713,-0.010178142727307982,1718.0
70.0,-0.21750000000000003,1.033558380868077,0.49115526872761944,0.5927015227954736,-0.010138539409800338,1718.0
70.0,-0.21499999999999997,1.0334194181029226,0.49123569944580525,0.592787138590078,-0.010099299804700663,1718.0
70.0,-0.21250000000000002,1.0332817612959433,0.4913151474190901,0.592872316967869,-0.01006043774013399,1718.0
70.0,-0.20999999999999996,1.0331454591817406,0.491393584198592,0.5929570277842188,-0.010021967138127398,1718.0
70.0,-0.20750000000000002,1.03301056069982,0.49147098133049927,0.5930412407353896,-0.009983902009398466,1718.0
70.0,-0.20499999999999996,1.0328771149736262,0.49154731037331845,0.5931249253724884,-0.009946256447897539,1718.0
70.0,-0.2025,1.0327451712889542,0.4916225429156764,0.593208051116073,-0.00990904462516703,1718.0
70.0,-0.19999999999999996,1.0326147790719247,0.491696650594575,0.5932905872713226,-0.009872280784575475,1718.0
70.0,-0.1975,1.0324859878667267,0.49176960511400636,0.5933725030436728,-0.009835979235485919,1718.0
70.0,-0.19499999999999995,1.032358847313415,0.49184137826377744,0.5934537675547785,-0.009800154347444762,1718.0
70.0,-0.1925,1.0322334071260908,0.4919119419383836,0.5935343498586274,-0.009764820544489699,1718.0
70.0,-0.18999999999999995,1.0321097170717919,0.49198126815577664,0.5936142189576473,-0.00972999229967497,1718.0
70.0,-0.1875,1.0319878269505243,0.49204932907582044,0.5936933438185736,-0.009695684129944036,1718.0
70.0,-0.18499999999999994,1.0318677865769228,0.49211609701820475,0.5937716933878195,-0.009661910591497628,1718.0
70.0,-0.1825,1.0317496457641033,0.49218154447955936,0.5938492366060468,-0.00962868627582693,1718.0
70.0,-0.17999999999999994,1.031633454310305,0.4922456441495037,0.5939259424216139,-0.009596025806595507,1718.0
70.0,-0.1775,1.0315192619891072,0.49230836892528335,0.5940017798024668,-0.009563943837607511,1718.0
70.0,-0.17499999999999993,1.0314071185440692,0.49236969192462543,0.594076717746008,-0.009532455052122439,1718.0
70.0,-0.1725,1.0312970736888012,0.4924295864963901,0.5941507252863826,-0.009501574163824085,1718.0
70.0,-0.17000000000000004,1.031189177113655,0.4924880262285196,0.5942237714985114,-0.009471315919809526,1718.0
70.0,-0.16749999999999998,1.0310834785004341,0.49254498495272087,0.5942958254980909,-0.009441695106025749,1718.0
70.0,-0.16500000000000004,1.0309800275467926,0.492600436745205,0.59436685643661,-0.009412726555669146,1718.0
70.0,-0.16249999999999998,1.0308788740023613,0.4926543559226749,0.5944368334902307,-0.009384425161172804,1718.0
70.0,-0.16000000000000003,1.0307800677189627,0.49270671703265373,0.5945057258411842,-0.009356805890509884,1718.0
70.0,-0.15749999999999997,1.030683658717937,0.49275749483697007,0.5945735026500483,-0.009329883808742757,1719.0
70.0,-0.15500000000000003,1.0305896972781678,0.492806664287028,0.5946401330163084,-0.009303674105921766,1719.0
70.0,-0.15249999999999997,1.0304982340493307,0.4928542004891631,0.5947055859259512,-0.009278192132728845,1719.0
70.0,-0.15000000000000002,1.0304093201959315,0.4929000786579521,0.5947698301810888,-0.009253453445576435,1719.0
70.0,-0.14749999999999996,1.0303230075792615,0.492944274054805,0.5948328343088471,-0.009229473863355821,1719.0
70.0,-0.14500000000000002,1.0302393489861406,0.4929867619085161,0.5948945664438496,-0.009206269538564665,1719.0
70.0,-0.14249999999999996,1.0301583984160263,0.49302751731339833,0.5949549941776805,-0.009183857046370526,1719.0
70.0,-0.14,1.030080211441192,0.4930665150995135,0.5950140843667929,-0.009162253496130044,1719.0
70.0,-0.13749999999999996,1.0300048456593323,0.49310372966769805,0.5950718028876156,-0.00914147667130817,1719.0
70.0,-0.135,1.0299323612639157,0.4931391347798785,0.5951281143241167,-0.00912154520556795,1719.0
70.0,-0.13249999999999995,1.0298628217660053,0.4931727032919445,0.5951829815681794,-0.009102478805375956,1719.0
70.0,-0.13,1.0297962949127064,0.49320440681213334,0.5952363653064359,-0.00908429853296766,1719.0
70.0,-0.12749999999999995,1.0297328538636044,0.4932342152616639,0.5952882233577184,-0.009067027168475744,1719.0
70.0,-0.125,1.0296725787093859,0.49326209630563556,0.595338509811902,-0.009050689677006543,1719.0
70.0,-0.12249999999999994,1.0296155584498412,0.49328801460950705,0.5953871739015555,-0.009035313816537103,1719.0
70.0,-0.12,1.0295618935964614,0.49331193085797664,0.5954341585096357,-0.009020930937179797,1719.0
70.0,-0.11749999999999994,1.0295116996363602,0.4933338004453877,0.595479398174494,-0.009007577044200896,1719.0
70.0,-0.11499999999999999,1.029465111702204,0.49335357170485555,0.5955228163900627,-0.008995294230139369,1719.0
70.0,-0.11249999999999993,1.0294222909595014,0.49337118347828846,0.5955643219012018,-0.008984132632226418,1719.0
70.0,-0.10999999999999999,1.0293834334851826,0.4933865617266224,0.5956038035399344,-0.00897415315139315,1719.0
70.0,-0.10750000000000004,1.0293487828358172,0.4933996147125113,0.5956411228989019,-0.00896543129852895,1719.0
70.0,-0.10499999999999998,1.02931864820802,0.49341022600917767,0.5956761037245285,-0.008958062748192594,1719.0
70.0,-0.10250000000000004,1.0292934312990052,0.4934182441095653,0.5957085162038773,-0.008952171546987613,1719.0
70.0,-0.09999999999999998,1.029273667109447,0.4934234665559081,0.5957380530645844,-0.008947922573167856,1719.0
70.0,-0.09750000000000003,1.029260087862376,0.493425614925681,0.5957642920958417,-0.008945541039338973,1719.0
70.0,-0.09499999999999997,1.0292537267853792,0.4934242939354556,0.5957866352453012,-0.008945344130704583,1719.0
70.0,-0.09250000000000003,1.0292560938762614,0.4934189216302743,0.5958042054069045,-0.00894779453644571,1719.0
70.0,-0.08999999999999997,1.0292694889478997,0.49340860391095015,0.5958156625040472,-0.008953595687908064,1719.0
70.0,-0.08750000000000002,1.029297594255046,0.49339189445519166,0.5958188551797025,-0.008963871827715117,1719.0
70.0,-0.08499999999999996,1.0293466841802272,0.49336629839088897,0.5958101095974796,-0.008980535016718541,1719.0
70.0,-0.08250000000000002,1.029428340272638,0.49332714087612645,0.5957826328097122,-0.009007107299600128,1719.0
70.0,-0.07999999999999996,1.0295663344218695,0.4932646416777199,0.5957224640599015,-0.009050799915395523,1719.0
70.0,-0.07750000000000001,1.029817037668807,0.4931550097665145,0.5955964675470942,-0.009128656665068865,1719.0
70.0,-0.07499999999999996,1.0303417778560076,0.4929276198865931,0.5953097488062398,-0.009289210558562164,1719.0
70.0,-0.07250000000000001,1.0316585473463542,0.49234230355184966,0.5945573809944019,-0.009686840722269647,1718.0
70.0,-0.06999999999999995,1.0346002970352073,0.4909685470485682,0.5928471990155656,-0.010563253055773318,1720.0
70.0,-0.0675,1.0386522822385464,0.48900405025531174,0.5904765782741717,-0.011753665551808384,1844.0
70.0,-0.06499999999999995,1.0430093381021999,0.48685576969566324,0.587918240084699,-0.013016529449443945,1718.0
70.0,-0.0625,1.0474917257354222,0.48463248669214853,0.5852829875783471,-0.014299434088205037,1715.0
70.0,-0.05999999999999994,1.0521327515951313,0.4823252237332499,0.5825586280509469,-0.015612006999310892,1715.0
70.0,-0.057499999999999996,1.057023824545937,0.4798886288165269,0.5796990476250602,-0.016979351795211095,1714.0
70.0,-0.05499999999999994,1.0622746525345779,0.47726445760088604,0.576646562600276,-0.018430097407507545,1714.0
70.0,-0.05249999999999999,1.0679965518264647,0.4743919655549367,0.5733409953596637,-0.019991355803899925,1712.0
70.0,-0.05,1.0742898354911108,0.4712155885435527,0.5697264250594554,-0.021685001144525495,1712.0
80.0,-0.75,1.032241526217875,0.49043264856691837,0.5982263687525972,-0.010108983769615169,1919.0
80.0,-0.7475,1.0326473786105974,0.4901883465666343,0.5979775339244419,-0.010228653028360901,1918.0
80.0,-0.745,1.0330469307927492,0.4899480807010316,0.5977315472193336,-0.0103462196708704,1918.0
80.0,-0.7425,1.033440222646195,0.4897118251042069,0.59748840285797,-0.010461702697541635,1918.0
80.0,-0.74,1.033827293966538,0.4894795539256141,0.5972480949493848,-0.010575120980042808,1918.0
80.0,-0.7375,1.0342081844632518,0.48925124133075465,0.5970106174912992,-0.010686493261979072,1918.0
80.0,-0.735,1.034582933759842,0.48902686150185015,0.596775964370436,-0.010795838159572042,1918.0
80.0,-0.7325,1.0349515813939587,0.4888063886385434,0.5965441293628763,-0.010903174162325262,1918.0
80.0,-0.73,1.0353141668175323,0.4885897969585783,0.5963151061344105,-0.011008519633699879,1918.0
80.0,-0.7275,1.035670729396924,0.4883770606984779,0.5960888882408676,-0.011111892811795563,1919.0
80.0,-0.725,1.0360213084130008,0.48816815411421505,0.5958654691285339,-0.011213311810009384,1918.0
80.0,-0.7225,1.0363659430613608,0.48796305148188734,0.5956448421346905,-0.011312794617746435,1918.0
80.0,-0.72,1.0367046724523608,0.4877617270983977,0.5954270004876288,-0.011410359101066858,1918.0
80.0,-0.7175,1.0370375356113064,0.48756415528209696,0.5952119373073564,-0.011506023003386821,1918.0
80.0,-0.715,1.037364571478551,0.4873703103734566,0.5949996456059394,-0.01159980394615324,1918.0
80.0,-0.7125,1.037685818909628,0.48718016673571946,0.5947901182879242,-0.011691719429529698,1918.0
80.0,-0.71,1.0380013166753825,0.486993698755545,0.5945833481507705,-0.011781786833084073,1918.0
80.0,-0.7075,1.0383111034620731,0.48681088084366686,0.5943793278853099,-0.011870023416469136,1918.0
80.0,-0.705,1.0386152178715224,0.4866316874355179,0.594178050076186,-0.011956446320118016,1918.0
80.0,-0.7025,1.0389136984212193,0.48645609299187587,0.5939795072023301,-0.01204107256592837,1918.0
80.0,-0.7,1.0392065835444488,0.48628407199948975,0.5937836916374319,-0.01212391905795497,1918.0
80.0,-0.6975,1.0394939115904098,0.48611559897170653,0.5935905956504249,-0.012205002583100448,1918.0
80.0,-0.695,1.0397757208243399,0.48595064844908786,0.5934002114059754,-0.012284339811809772,1918.0
80.0,-0.6925,1.0400520494276424,0.4857891950000202,0.5932125309649792,-0.012361947298766461,1918.0
80.0,-0.69,1.040322935497987,0.48563121322133557,0.5930275462850844,-0.012437841483582023,1918.0
80.0,-0.6875,1.0405884170494604,0.48547667773889536,0.5928452492211894,-0.012512038691501724,1918.0
80.0,-0.685,1.040848532012658,0.48532556320820386,0.5926656315259865,-0.01258455513409432,1918.0
80.0,-0.6825,1.0411033182348324,0.4851778443149826,0.5924886848504781,-0.012655406909959028,1918.0
80.0,-0.6799999999999999,1.0413528134800014,0.48503349577576227,0.5923144007445268,-0.012724610005421997,1918.0
80.0,-0.6775,1.0415970554290717,0.4848924923384586,0.5921427706574016,-0.012792180295238886,1918.0
80.0,-0.675,1.0418360816799679,0.48475480878294,0.5919737859383304,-0.012858133543299259,1918.0
80.0,-0.6725,1.042069929747755,0.4846204199215926,0.591807437837063,-0.012922485403330375,1918.0
80.0,-0.67,1.0422986370647602,0.4844893005998784,0.591643717504442,-0.012985251419601997,1918.0
80.0,-0.6675,1.0425222409807116,0.4843614256968788,0.5914826159929707,-0.013046447027636217,1918.0
80.0,-0.665,1.042740778762855,0.4842367701258427,0.5913241242574014,-0.013106087554912816,1918.0
80.0,-0.6625,1.042954287596088,0.48411530883472054,0.5911682331553212,-0.013164188221579168,1918.0
80.0,-0.66,1.0431628045830965,0.48399701680668694,0.5910149334477397,-0.013220764141162992,1918.0
80.0,-0.6575,1.0433663667444775,0.4838818690606688,0.5908642157996977,-0.013275830321280425,1918.0
80.0,-0.655,1.0435650110188859,0.48376984065184925,0.5907160707808615,-0.01332940166435295,1918.0
80.0,-0.6525,1.043758774263171,0.48366090667217365,0.5905704888661342,-0.013381492968320847,1918.0
80.0,-0.65,1.0439476932525047,0.483555042250852,0.5904274604362773,-0.01343211892735571,1918.0
80.0,-0.6475,1.0441318046805388,0.48345222255483816,0.5902869757785192,-0.013481294132581652,1918.0
80.0,-0.645,1.0443111451595424,0.4833524227893148,0.5901490250871845,-0.013529033072790637,1918.0
80.0,-0.6425,1.0444857512205494,0.48325561819816437,0.5900135984643217,-0.013575350135162069,1918.0
80.0,-0.64,1.0446556593135212,0.4831617840644254,0.5898806859203262,-0.013620259605986415,1918.0
80.0,-0.6375,1.044820905807479,0.4830708957107587,0.5897502773745904,-0.013663775671381226,1918.0
80.0,-0.635,1.0449815269906888,0.4829829284998771,0.5896223626561247,-0.013705912418021491,1918.0
80.0,-0.6325,1.0451375590708016,0.4828978578349938,0.5894969315042127,-0.013746683833858485,1918.0
80.0,-0.63,1.0452890381750366,0.4828156591602385,0.5893739735690439,-0.013786103808850475,1918.0
80.0,-0.6275,1.0454360003503291,0.4827363079610874,0.5892534784123762,-0.013824186135684053,1918.0
80.0,-0.625,1.045578481563534,0.48265977976475466,0.5891354355081649,-0.013860944510510585,1918.0
80.0,-0.6225,1.0457165177015786,0.4825860501406047,0.5890198342432325,-0.01389639253366949,1918.0
80.0,-0.62,1.045850144571665,0.4825150947005299,0.5889066639179079,-0.01393054371042472,1918.0
80.0,-0.6174999999999999,1.0459793979014442,0.4824468890993379,0.5887959137466938,-0.01396341145169365,1918.0
80.0,-0.615,1.0461043133392274,0.48238140903510934,0.5886875728589086,-0.01399500907478645,1918.0
80.0,-0.6125,1.0462249264541692,0.48231863024956534,0.5885816302993566,-0.014025349804137433,1918.0
80.0,-0.61,1.0463412727364867,0.4822585285284072,0.5884780750289761,-0.014054446772046304,1918.0
80.0,-0.6074999999999999,1.0464533875976703,0.48220107970165405,0.5883768959254975,-0.014082313019417071,1918.0
80.0,-0.605,1.0465613063706891,0.48214625964397556,0.5882780817841128,-0.014108961496495417,1918.0
80.0,-0.6025,1.046665064310239,0.48209404427499425,0.5881816213181155,-0.014134405063617366,1918.0
80.0,-0.6,1.0467646965929545,0.4820444095596009,0.5880875031595735,-0.014158656491947978,1918.0
80.0,-0.5975,1.0468602383176668,0.4819973315082359,0.5879957158599731,-0.014181728464232546,1918.0
80.0,-0.595,1.046951724505636,0.48195278617717946,0.5879062478908846,-0.01420363357554029,1918.0
80.0,-0.5925,1.0470391901008171,0.48191074966881386,0.58781908764461,-0.014224384334017008,1918.0
80.0,-0.59,1.0471226699701104,0.48187119813188684,0.5877342234347529,-0.014243993161632714,1917.0
80.0,-0.5875,1.0472021989036777,0.4818341077617403,0.587651643497204,-0.014262472394948905,1917.0
80.0,-0.585,1.0472778116151629,0.48179945480056446,0.5875713359902826,-0.014279834285855475,1917.0
80.0,-0.5825,1.0473495427420256,0.4817672155376033,0.5874932889957188,-0.014296091002341494,1917.0
80.0,-0.58,1.0474174268458252,0.48173736630936875,0.587417490519216,-0.014311254629250762,1917.0
80.0,-0.5775,1.0474814984125214,0.4817098834998735,0.5873439284910537,-0.014325337169041203,1916.0
80.0,-0.575,1.047541791852881,0.4816847435406374,0.5872725907668318,-0.014338350542572579,1916.0
80.0,-0.5725,1.047598341502676,0.48166192291112275,0.5872034651279441,-0.014350306589837207,1916.0
80.0,-0.5700000000000001,1.0476511816231207,0.4816413981387081,0.5871365392823059,-0.014361217070755232,1916.0
80.0,-0.5675,1.047700346401201,0.4816231457988769,0.5870718008649548,-0.014371093665939378,1916.0
80.0,-0.565,1.0477458699500533,0.48160714251533826,0.587009237438657,-0.014379947977472723,1916.0
80.0,-0.5625,1.047787786309336,0.48159336496014427,0.5869488364945266,-0.014387791529684328,1916.0
80.0,-0.56,1.0478261294456364,0.48158178985378153,0.5868905854526197,-0.014394635769932912,1916.0
80.0,-0.5575,1.0478609332528692,0.48157239396525925,0.5868344716625422,-0.014400492069388204,1916.0
80.0,-0.5549999999999999,1.0478922315527053,0.4815651541121739,0.586780482404035,-0.014405371723819482,1916.0
80.0,-0.5525,1.0479200580950099,0.48156004716076084,0.5867286048875574,-0.014409285954385996,1916.0
80.0,-0.55,1.0479444465582965,0.48155705002593135,0.5866788262548649,-0.014412245908430595,1916.0
80.0,-0.5475,1.047965430550195,0.4815561396712934,0.5866311335795761,-0.014414262660276756,1916.0
80.0,-0.5449999999999999,1.047983043607939,0.4815572931091552,0.5865855138677335,-0.014415347212029748,1916.0
80.0,-0.5425,1.047997319198869,0.48156048740051294,0.5865419540583517,-0.014415510494381285,1916.0
80.0,-0.54,1.048008290720953,0.48156569965502166,0.5865004410239613,-0.014414763367418074,1916.0
80.0,-0.5375,1.0480159915033247,0.481572907030949,0.5864609615711395,-0.014413116621434257,1916.0
80.0,-0.535,1.0480204548068437,0.48158208673511116,0.5864235024410298,-0.014410580977748551,1916.0
80.0,-0.5325,1.0480217138246706,0.4815932160227907,0.5863880503098565,-0.01440716708952529,1916.0
80.0,-0.53,1.0480198016828701,0.48160627219763563,0.5863545917894155,-0.014402885542601086,1916.0
80.0,-0.5275,1.0480147514410232,0.481621232611543,0.5863231134275724,-0.0143977468563139,1916.0
80.0,-0.525,1.0480065960928704,0.4816380746645201,0.5862936017087331,-0.014391761484339105,1916.0
80.0,-0.5225,1.047995368566982,0.4816567758045249,0.5862660430542994,-0.01438493981553152,1916.0
80.0,-0.52,1.047981101727433,0.48167731352729315,0.5862404238231314,-0.014377292174768913,1916.0
80.0,-0.5175,1.047963828374521,0.4816996653761392,0.586216730311973,-0.01436882882380484,1916.0
80.0,-0.515,1.047943581245503,0.4817238089417366,0.5861949487558739,-0.014359559962126296,1916.0
80.0,-0.5125,1.0479203930153518,0.4817497218618824,0.5861750653285995,-0.014349495727815418,1916.0
80.0,-0.51,1.047894296297549,0.48177738182123375,0.5861570661430162,-0.01433864619842021,1916.0
80.0,-0.5075000000000001,1.047865323644897,0.4818067665510264,0.5861409372514709,-0.014327021391829599,1916.0
80.0,-0.505,1.047833507550367,0.48183785382876904,0.5861266646461405,-0.014314631267156552,1916.0
80.0,-0.5025,1.0477988804479688,0.4818706214779162,0.5861142342593793,-0.014301485725626544,1916.0
80.0,-0.5,1.0477614747136612,0.4819050473675126,0.586103631964034,-0.014287594611476405,1916.0
80.0,-0.4975,1.0477213226662814,0.48194110941182094,0.5860948435737539,-0.014272967712856346,1916.0
80.0,-0.495,1.0476784565685198,0.48197878556991824,0.5860878548432635,-0.014257614762743794,1916.0
80.0,-0.4925,1.0476329086279208,0.48201805384526947,0.5860826514686333,-0.014241545439863293,1916.0
80.0,-0.49,1.0475847109979193,0.482058892285276,0.58607921908752,-0.014224769369614983,1916.0
80.0,-0.4875,1.047533895778917,0.4821012789807948,0.5860775432793844,-0.014207296125012986,1916.0
80.0,-0.485,1.0474804950193946,0.48214519206563283,0.5860776095656881,-0.014189135227631919,1916.0
80.0,-0.4825,1.0474245407170606,0.48219060971601096,0.5860794034100714,-0.014170296148563574,1916.0
80.0,-0.48,1.0473660648200425,0.482237510150003,0.5860829102184981,-0.014150788309382472,1916.0
80.0,-0.4775,1.0473050992281216,0.48228587162693837,0.5860881153393833,-0.014130621083124163,1916.0
80.0,-0.475,1.0472416757940053,0.4823356724467838,0.586095004063688,-0.014109803795270626,1916.0
80.0,-0.4725,1.04717582632465,0.48238689094948256,0.5861035616249968,-0.014088345724751185,1916.0
80.0,-0.47,1.0471075825826268,0.48243950551427367,0.5861137731995509,-0.014066256104950766,1916.0
80.0,-0.46749999999999997,1.0470369762875333,0.4824934945589694,0.5861256239062739,-0.014043544124732953,1916.0
80.0,-0.46499999999999997,1.0469640391174602,0.4825488365392021,0.586139098806748,-0.014020218929475163,1916.0
80.0,-0.46249999999999997,1.0468888027105046,0.4826055099476369,0.5861541829051697,-0.013996289622116272,1916.0
80.0,-0.46,1.0468112986663372,0.48266349331314806,0.5861708611482714,-0.013971765264218079,1916.0
80.0,-0.4575,1.0467315585478243,0.4827227651999588,0.5861891184252105,-0.013946654877040745,1916.0
80.0,-0.455,1.0466496138827108,0.48278330420674215,0.5862089395674164,-0.013920967442634123,1916.0
80.0,-0.4525,1.0465654961653734,0.4828450889656431,0.5862303093484428,-0.013894711904947149,1917.0
80.0,-0.45,1.0464792368585403,0.48290809814147345,0.586253212483633,-0.013867897170928766,1917.0
80.0,-0.4475,1.046390867395279,0.482972310430432,0.5862776336300292,-0.013840532111699088,1917.0
80.0,-0.445,1.046300419180836,0.4830377045592227,0.5863035573859626,-0.0138126255636808,1917.0
80.0,-0.4425,1.046207923594656,0.4831042592839032,0.5863309682907436,-0.013784186329779348,1917.0
80.0,-0.44,1.046113411992449,0.48317195338873586,0.5863598508242786,-0.01375522318057463,1917.0
80.0,-0.4375,1.0460169157083208,0.48324076568499685,0.5863901894066451,-0.013725744855530034,1917.0
80.0,-0.435,1.0459184660569945,0.48331067500972874,0.5864219683976192,-0.013695760064225472,1917.0
80.0,-0.4325,1.045818094336096,0.48338166022445,0.5864551720961566,-0.013665277487608445,1917.0
80.0,-0.43,1.04571583182853,0.4834537002138116,0.5864897847398229,-0.01363430577926801,1917.0
80.0,-0.4275,1.0456117098049267,0.4835267738842072,0.5865257905041771,-0.013602853566728735,1917.0
80.0,-0.425,1.0455057595261967,0.4836008601623142,0.5865631735020954,-0.013570929452774251,1917.0
80.0,-0.4225,1.045398012246152,0.4836759379935992,0.5866019177830464,-0.013538542016787456,1917.0
80.0,-0.42,1.0452884992142337,0.48375198634075117,0.586642007332308,-0.013505699816121403,1917.0
80.0,-0.4175,1.045177251678338,0.4838289841820599,0.5866834260701219,-0.013472411387495541,1917.0
80.0,-0.415,1.0450643008877314,0.4839069105097371,0.5867261578507927,-0.013438685248417188,1917.0
80.0,-0.4125,1.0449496780960807,0.48398574432816704,0.5867701864617196,-0.013404529898634861,1917.0
80.0,-0.41,1.04483341456458,0.48406546465210165,0.586815495622364,-0.013369953821617145,1917.0
80.0,-0.4075,1.0447155415652005,0.48414605050477694,0.5868620689831493,-0.013334965486067045,1917.0
80.0,-0.40499999999999997,1.0445960903840428,0.4842274809159734,0.5869098901242903,-0.013299573347462866,1917.0
80.0,-0.40249999999999997,1.0444750923248207,0.48430973491999163,0.5869589425545487,-0.013263785849637723,1917.0
80.0,-0.39999999999999997,1.04435257871246,0.48439279155356446,0.5870092097099135,-0.01322761142638923,1917.0
80.0,-0.3975,1.0442285808968377,0.4844766298536848,0.5870606749522886,-0.013191058503129788,1918.0
80.0,-0.395,1.0441031302566197,0.4845612288553654,0.5871133215676678,-0.013154135498562414,1918.0
80.0,-0.3925,1.0439762582033654,0.4846465675892228,0.5871671327650054,-0.013116850826433804,1919.0
80.0,-0.39,1.0438479961853766,0.48473262507939135,0.5872220916745551,-0.013079212897216646,1919.0
80.0,-0.3875,1.043718375692405,0.48481938034054045,0.5872781813457065,-0.013041230120026502,1919.0
80.0,-0.385,1.0435874282598323,0.4849068123756058,0.5873353847455023,-0.013002910904398394,1918.0
80.0,-0.3825,1.0434551854733036,0.4849949001730436,0.5873936847565587,-0.012964263662188148,1918.0
80.0,-0.38,1.0433216789735533,0.4850836227040325,0.5874530641751194,-0.01292529680952654,1918.0
80.0,-0.3775,1.0431869404613023,0.48517295891961687,0.5875135057088559,-0.012886018768796513,1918.0
80.0,-0.375,1.0430510017023826,0.4852628877477284,0.5875749919746313,-0.01284643797067333,1918.0
80.0,-0.3725,1.0429138945330336,0.4853533880901065,0.5876375054961388,-0.012806562856214388,1918.0
80.0,-0.37,1.0427756508653845,0.485444438819113,0.5877010287014232,-0.012766401879001734,1918.0
80.0,-0.3675,1.0426363026931296,0.4855360187744385,0.5877655439202804,-0.012725963507339864,1918.0
80.0,-0.365,1.0424958820974102,0.4856281067596898,0.5878310333815332,-0.012685256226512537,1918.0
80.0,-0.3625,1.0423544212529068,0.4857206815388585,0.5878974792101738,-0.01264428854110008,1918.0
80.0,-0.36,1.0422119524341271,0.48581372183268323,0.5879648634243795,-0.012603068977352439,1918.0
80.0,-0.3575,1.0420685080219456,0.4859072063148655,0.5880331679323799,-0.012561606085635123,1918.0
80.0,-0.355,1.0419241205103429,0.48600111360817855,0.5881023745291886,-0.012519908442932404,1918.0
80.0,-0.3525,1.0417788225133988,0.4860954222804344,0.5881724648931822,-0.012477984655423218,1918.0
80.0,-0.35,1.0416326467725192,0.48619011084032054,0.5882434205825288,-0.012435843361125288,1918.0
80.0,-0.3475,1.0414856261639212,0.48628515773309566,0.5883152230314543,-0.012393493232613191,1918.0
80.0,-0.345,1.0413377937063706,0.4863805413361462,0.588387853546347,-0.012350942979810037,1918.0
80.0,-0.34249999999999997,1.041189182569176,0.4864762399544065,0.5884612933016976,-0.012308201352852715,1918.0
80.0,-0.33999999999999997,1.0410398260804739,0.48657223181561515,0.5885355233358583,-0.012265277145042367,1918.0
80.0,-0.33749999999999997,1.0408897577357663,0.4866684950654431,0.5886105245466321,-0.01222217919586742,1918.0
80.0,-0.33499999999999996,1.0407390112067783,0.4867650077624428,0.5886862776866645,-0.012178916394119846,1918.0
80.0,-0.3325,1.0405876203505688,0.4868617478728688,0.5887627633586635,-0.012135497681085402,1918.0
80.0,-0.33,1.0404356192189719,0.4869586932653191,0.5888399620104107,-0.012091932053829704,1918.0
80.0,-0.3275,1.0402830420683176,0.48705582170523487,0.5889178539295838,-0.012048228568565616,1918.0
80.0,-0.325,1.040129923369491,0.48715311084921675,0.5889964192383669,-0.012004396344120065,1918.0
80.0,-0.3225,1.0399762978182736,0.487250538239204,0.5890756378878608,-0.011960444565482564,1918.0
80.0,-0.32,1.039822200346047,0.4873480812964594,0.5891554896522679,-0.011916382487460055,1918.0
80.0,-0.3175,1.039667666130765,0.4874457173154285,0.589235954122883,-0.01187221943840991,1918.0
80.0,-0.315,1.0395127306083134,0.487543423457393,0.5893170107018352,-0.011827964824087444,1918.0
80.0,-0.3125,1.0393574294841543,0.4876411767439928,0.5893986385956298,-0.011783628131575598,1918.0
80.0,-0.31,1.0392017987453182,0.48773895405057566,0.5894808168084532,-0.011739218933317426,1918.0
80.0,-0.3075,1.0390458746727465,0.4878367320993716,0.5895635241352426,-0.011694746891251903,1918.0
80.0,-0.305,1.0388896938539116,0.48793448745255086,0.589646739154549,-0.011650221761030437,1918.0
80.0,-0.3025,1.038733293195832,0.4880321965050824,0.5897304402211372,-0.011605653396350522,1918.0
80.0,-0.3,1.0385767099383447,0.4881298354774904,0.5898146054583877,-0.011561051753365107,1918.0
80.0,-0.2975,1.0384199816677555,0.4882273804084326,0.5898992127504381,-0.011516426895203258,1918.0
80.0,-0.295,1.0382631463307384,0.48832480714718535,0.5899842397341272,-0.011471788996565003,1918.0
80.0,-0.2925,1.0381062422485738,0.4884220913459809,0.5900696637906954,-0.011427148348416204,1918.0
80.0,-0.29,1.0379493081316655,0.48851920845223906,0.590155462037268,-0.011382515362766311,1918.0
80.0,-0.2875,1.0377923830943114,0.4886161337007122,0.5902416113181352,-0.011337900577521511,1918.0
80.0,-0.285,1.0376355066697198,0.4887128421055511,0.5903280881958296,-0.011293314661411452,1918.0
80.0,-0.2825,1.0374787188252814,0.4888093084522881,0.5904148689419941,-0.01124876841899238,1918.0
80.0,-0.27999999999999997,1.0373220599780186,0.4889055072897925,0.5905019295280841,-0.011204272795703291,1918.0
80.0,-0.27749999999999997,1.0371655710101968,0.48900141292220917,0.5905892456159025,-0.011159838882972145,1918.0
80.0,-0.27499999999999997,1.0370092932851065,0.4890969994008786,0.5906767925479726,-0.011115477923372911,1918.0
80.0,-0.27249999999999996,1.0368532686628986,0.4891922405163165,0.5907645453377992,-0.011071201315801154,1918.0
80.0,-0.27,1.0366975395165192,0.4892871097902261,0.5908524786600048,-0.011027020620679744,1918.0
80.0,-0.2675,1.0365421487476116,0.48938158046763003,0.5909405668403975,-0.010982947565158128,1918.0
80.0,-0.265,1.0363871398023912,0.489475625509122,0.5910287838459835,-0.010938994048304852,1918.0
80.0,-0.2625,1.036232556687393,0.48956921758330346,0.5911171032749613,-0.010895172146265869,1918.0
80.0,-0.26,1.0360784439850623,0.4896623290594269,0.5912054983467316,-0.010851494117378473,1918.0
80.0,-0.2575,1.035924846869086,0.48975493200031417,0.5912939418919679,-0.010807972407211595,1918.0
80.0,-0.255,1.035771811119401,0.48984699815558885,0.5913824063427866,-0.01076461965351448,1918.0
80.0,-0.2525,1.0356193831367693,0.48993849895530023,0.5914708637230836,-0.010721448691039753,1918.0
80.0,-0.25,1.035467609956891,0.49002940550395113,0.5915592856390529,-0.01067847255623386,1918.0
80.0,-0.24749999999999994,1.035316539263851,0.4901196885750681,0.5916476432700013,-0.010635704491734144,1918.0
80.0,-0.245,1.0351662194029039,0.4902093186063043,0.5917359073594674,-0.01059315795067403,1918.0
80.0,-0.24249999999999994,1.0350166993924061,0.4902982656952015,0.5918240482067482,-0.010550846600740085,1918.0
80.0,-0.24,1.0348680289348178,0.4903864995956574,0.5919120356588896,-0.010508784327958097,1918.0
80.0,-0.23750000000000004,1.0347202584266004,0.49047398971520806,0.5919998391032393,-0.010466985240156827,1918.0
80.0,-0.235,1.0345734389669328,0.4905607051131721,0.5920874274606172,-0.010425463670086649,1918.0
80.0,-0.23250000000000004,1.0344276223650826,0.4906466144997593,0.592174769179203,-0.01038423417814441,1918.0
80.0,-0.22999999999999998,1.0342828611462564,0.49073168623624985,0.5922618322292496,-0.010343311554653189,1918.0
80.0,-0.22750000000000004,1.0341392085558685,0.49081588833628165,0.5923485840986703,-0.010302710821677474,1918.0
80.0,-0.22499999999999998,1.0339967185619452,0.49089918846841596,0.5924349917896721,-0.01026244723429203,1918.0
80.0,-0.22250000000000003,1.0338554458556692,0.4909815539599789,0.5925210218164468,-0.010222536281302829,1918.0
80.0,-0.21999999999999997,1.0337154458497726,0.49106295180234927,0.592606640204105,-0.010182993685336695,1918.0
80.0,-0.21750000000000003,1.033576774674712,0.49114334865773607,0.5926918124889041,-0.010143835402276574,1918.0
80.0,-0.21499999999999997,1.0334394891724485,0.4912227108675428,0.5927765037198989,-0.010105077619991588,1918.0
80.0,-0.21250000000000002,1.0333036468876886,0.49130100446240504,0.5928606784621112,-0.010066736756318239,1918.0
80.0,-0.20999999999999996,1.0331693060564855,0.49137819517395476,0.5929443008013087,-0.010028829456261504,1918.0
80.0,-0.20750000000000002,1.0330365255920035,0.4914542484484239,0.5930273343505255,-0.009991372588358676,1918.0
80.0,-0.20499999999999996,1.0329053650674351,0.4915291294620866,0.5931097422583647,-0.0099543832402001,1918.0
80.0,-0.2025,1.0327758846958988,0.49160280313863636,0.5931914872192088,-0.009917878713056438,1918.0
80.0,-0.19999999999999996,1.0326481453072875,0.49167523416850517,0.5932725314853929,-0.009881876515602498,1918.0
80.0,-0.1975,1.0325222083220318,0.49174638703014056,0.593352836881393,-0.009846394356725442,1918.0
80.0,-0.19499999999999995,1.0323981357216987,0.491816226013275,0.5934323648201157,-0.009811450137394496,1918.0
80.0,-0.1925,1.0322759900165492,0.4918847152441079,0.5935110763212602,-0.00977706194162574,1918.0
80.0,-0.18999999999999995,1.0321558342100008,0.49195181871241933,0.5935889320318217,-0.009743248026527747,1918.0
80.0,-0.1875,1.032037731760184,0.49201750030049973,0.5936658922486764,-0.009710026811480702,1918.0
80.0,-0.18499999999999994,1.031921746538675,0.49208172381383475,0.5937419169432465,-0.009677416866474586,1918.0
80.0,-0.1825,1.031807942786665,0.4921444530133846,0.5938169657881415,-0.009645436899683321,1918.0
80.0,-0.17999999999999994,1.0316963850687941,0.4922056516493284,0.5938909981856978,-0.00961410574434006,1918.0
80.0,-0.1775,1.0315871382250104,0.4922652834960488,0.5939639732982575,-0.009583442345024082,1918.0
80.0,-0.17499999999999993,1.0314802673208703,0.49232331238813043,0.5940358500800009,-0.009553465743479681,1918.0
80.0,-0.1725,1.0313758375967297,0.49237970225711114,0.5941065873101261,-0.009524195064105073,1918.0
80.0,-0.17000000000000004,1.0312739144165155,0.492434417168606,0.5941761436270352,-0.009495649499314734,1918.0
80.0,-0.16749999999999998,1.0311745632166953,0.49248742135947643,0.5942444775632202,-0.009467848294963273,1918.0
80.0,-0.16500000000000004,1.0310778494563146,0.49253867927457995,0.5943115475804099,-0.009440810736091591,1918.0
80.0,-0.16249999999999998,1.0309838385690702,0.4925881556026025,0.5943773121044683,-0.009414556133288473,1918.0
80.0,-0.16000000000000003,1.0308925959185191,0.4926358153104223,0.5944417295594681,-0.009389103810000594,1918.0
80.0,-0.15749999999999997,1.0308041867578173,0.49268162367531,0.5945047584001931,-0.009364473091213146,1918.0
80.0,-0.15500000000000003,1.0307186761953913,0.4927255463143159,0.5945663571423992,-0.009340683293930459,1919.0
80.0,-0.15249999999999997,1.030636129168516,0.4927675492098854,0.5946264843892152,-0.00931775372005423,1919.0
80.0,-0.15000000000000002,1.0305566104268242,0.49280759873082863,0.5946850988539162,-0.009295703652282708,1919.0
80.0,-0.14749999999999996,1.030480184528353,0.49284566164744265,0.5947421593758241,-0.009274552353822445,1919.0
80.0,-0.14500000000000002,1.030406915851074,0.4928817051395607,0.5947976249290303,-0.009254319072820684,1919.0
80.0,-0.14249999999999996,1.0303368686237053,0.49291569679589003,0.594851454621271,-0.00923502305267881,1919.0
80.0,-0.14,1.0302701069802038,0.49294760460285053,0.5949036076805501,-0.009216683549599088,1919.0
80.0,-0.13749999999999996,1.0302066950434758,0.49297739692067544,0.5949540434263666,-0.009199319859066187,1919.0
80.0,-0.135,1.0301466970452617,0.49300504244401033,0.5950027212215755,-0.009182951353398605,1919.0
80.0,-0.13249999999999995,1.0300901774908182,0.49303051014366117,0.5950496003999467,-0.009167597533023323,1919.0
80.0,-0.13,1.0300372013796304,0.4930537691851447,0.5950946401629666,-0.009153278094922238,1919.0
80.0,-0.12749999999999995,1.0299878344964282,0.4930747888186243,0.595137799437656,-0.009140013022639696,1919.0
80.0,-0.125,1.029942143791374,0.4930935382330807,0.595179036684506,-0.009127822703645766,1919.0
80.0,-0.12249999999999994,1.029900197874419,0.49310998636531,0.5952183096410498,-0.009116728081729971,1919.0
80.0,-0.12,1.0298620676572197,0.493124101651263,0.595255574981683,-0.009106750854677348,1919.0
80.0,-0.11749999999999994,1.0298278271882286,0.4931358517026804,0.5952907878671884,-0.009097913731219836,1919.0
80.0,-0.11499999999999999,1.0297975547438263,0.4931452028855701,0.5953239013473169,-0.009090240766541689,1919.0
80.0,-0.11249999999999993,1.0297713342635681,0.4931521197676842,0.5953548655649875,-0.009083757803332522,1919.0
80.0,-0.10999999999999999,1.0297492572547426,0.4931565643883162,0.5953836266888578,-0.009078493056743292,1919.0
80.0,-0.10750000000000004,1.0297314253476484,0.49315849528265765,0.5954101254679987,-0.009074477898789797,1919.0
80.0,-0.10499999999999998,1.0297179537687602,0.4931578661608411,0.5954342952519422,-0.009071747923972273,1919.0
80.0,-0.10250000000000004,1.029708976134099,0.4931546240908759,0.5954560592398437,-0.00907034441917786,1919.0
80.0,-0.09999999999999998,1.0297046511814967,0.4931487069531287,0.5954753265950401,-0.009070316427034262,1919.0
80.0,-0.09750000000000003,1.0297051724180302,0.49314003979858395,0.595491986850596,-0.009071723701067945,1919.0
80.0,-0.09499999999999997,1.0297107822665192,0.49312852951230673,0.5955059016731774,-0.009074641036463334,1919.0
80.0,-0.09250000000000003,1.0297217933633498,0.49311405677604236,0.5955168924224643,-0.009079164786124647,1919.0
80.0,-0.08999999999999997,1.0297386216128357,0.49309646357565323,0.5955247207909016,-0.009085422967138313,1919.0
80.0,-0.08750000000000002,1.0297618393348253,0.4930755330620887,0.5955290576058121,-0.009093591499651684,1919.0
80.0,-0.08499999999999996,1.0297922643498767,0.4930509556666694,0.5955294304420388,-0.00910392140597378,1919.0
80.0,-0.08250000000000002,1.0298311169021226,0.49302226911032215,0.5955251312066896,-0.009116786682036747,1919.0
80.0,-0.07999999999999996,1.029880313254813,0.49298874542914695,0.5955150430233385,-0.009132773778296223,1919.0
80.0,-0.07750000000000001,1.0299430576851178,0.4929491612804182,0.5954972907972642,-0.009152861824501464,1919.0
80.0,-0.07499999999999996,1.0300251557799407,0.49290128295321617,0.5954684652478707,-0.009178821895492534,1919.0
80.0,-0.07250000000000001,1.0301383196287552,0.49284055217506595,0.5954216679822303,-0.009214220058139443,1919.0
80.0,-0.06999999999999995,1.0303100667093823,0.4927560745523769,0.5953406493259591,-0.00926741398468706,1919.0
80.0,-0.0675,1.0306217887349967,0.49261474685528944,0.5951772251957061,-0.00936303254507279,1919.0
80.0,-0.06499999999999995,1.0314105081885085,0.49227277120421287,0.5947312419900189,-0.009602351077584162,1919.0
80.0,-0.0625,1.0339207777324604,0.4911478580973199,0.5932593321057414,-0.010352984715175791,2059.0
80.0,-0.05999999999999994,1.0380524714325325,0.4891988995261004,0.5908124701532703,-0.01156883922828563,2520.0
80.0,-0.057499999999999996,1.0424707514693854,0.4870641895356659,0.5881902317373265,-0.012850373783636548,1994.0
80.0,-0.05499999999999994,1.0470348168219323,0.48483829264259565,0.5854880177550505,-0.014157792595743424,1915.0
80.0,-0.05249999999999999,1.05187457027353,0.48246310082847743,0.58264025944241,-0.01552833067774494,1915.0
80.0,-0.05,1.0571600846433955,0.47985095756287743,0.5795563329873339,-0.01700796523082682,1914.0
